# Collective test starting: all_gather_perf
# nThread 1 nGpus 1 minBytes 1048576 maxBytes 1048576 step: 1048576(bytes) warmup iters: 10 iters: 50 agg iters: 1 validation: 1 graph: 0
#
rccl-tests: Version develop_deprecated:40b1b17+
# Using devices
#  Rank  0 Group  0 Pid   5803 on crdnotebook-2076293935161401346-scnv1ejp8d-97304 device  0 [0000:04:00] K500SM_AI
#  Rank  1 Group  0 Pid   5804 on crdnotebook-2076293935161401346-scnv1ejp8d-97304 device  1 [0000:27:00] K500SM_AI
#  Rank  2 Group  0 Pid   5805 on crdnotebook-2076293935161401346-scnv1ejp8d-97304 device  2 [0000:43:00] K500SM_AI
#  Rank  3 Group  0 Pid   5806 on crdnotebook-2076293935161401346-scnv1ejp8d-97304 device  3 [0000:63:00] K500SM_AI

crdnotebook-2076293935161401346-scnv1ejp8d-97304:5803:5803 [0] /data/jenkins_workspace/workspace/rccl_release/build/hipify/src/init.cc:170 NCCL WARN NUMA auto balancing enabled which can lead to variability in the RCCL performance! Disable by "sudo sysctl kernel.numa_balancing=0"
crdnotebook-2076293935161401346-scnv1ejp8d-97304:5803:5803 [0] NCCL INFO Kernel version: 3.10.0-957.el7.x86_64

crdnotebook-2076293935161401346-scnv1ejp8d-97304:5803:5803 [0] /data/jenkins_workspace/workspace/rccl_release/build/hipify/src/init.cc:191 NCCL WARN Missing "iommu=pt" from kernel command line which can lead to system instablity or hang!
crdnotebook-2076293935161401346-scnv1ejp8d-97304:5803:5803 [0] NCCL INFO Disabled GDRCopy equivalent memory allocation on gfx928 due to GPU architecture
crdnotebook-2076293935161401346-scnv1ejp8d-97304:5803:5803 [0] NCCL INFO Bootstrap : Using eth0:172.20.45.76<0>
crdnotebook-2076293935161401346-scnv1ejp8d-97304:5803:5803 [0] NCCL INFO ROCr version 1.11
crdnotebook-2076293935161401346-scnv1ejp8d-97304:5803:5803 [0] NCCL INFO Dmabuf feature disabled without NCCL_DMABUF_ENABLE=1
crdnotebook-2076293935161401346-scnv1ejp8d-97304:5805:5805 [2] NCCL INFO ROCr version 1.11
crdnotebook-2076293935161401346-scnv1ejp8d-97304:5805:5805 [2] NCCL INFO Dmabuf feature disabled without NCCL_DMABUF_ENABLE=1

crdnotebook-2076293935161401346-scnv1ejp8d-97304:5805:5805 [2] /data/jenkins_workspace/workspace/rccl_release/build/hipify/src/init.cc:170 NCCL WARN NUMA auto balancing enabled which can lead to variability in the RCCL performance! Disable by "sudo sysctl kernel.numa_balancing=0"
crdnotebook-2076293935161401346-scnv1ejp8d-97304:5806:5806 [3] NCCL INFO ROCr version 1.11
crdnotebook-2076293935161401346-scnv1ejp8d-97304:5806:5806 [3] NCCL INFO Dmabuf feature disabled without NCCL_DMABUF_ENABLE=1

crdnotebook-2076293935161401346-scnv1ejp8d-97304:5806:5806 [3] /data/jenkins_workspace/workspace/rccl_release/build/hipify/src/init.cc:170 NCCL WARN NUMA auto balancing enabled which can lead to variability in the RCCL performance! Disable by "sudo sysctl kernel.numa_balancing=0"
crdnotebook-2076293935161401346-scnv1ejp8d-97304:5806:5806 [3] NCCL INFO Kernel version: 3.10.0-957.el7.x86_64
crdnotebook-2076293935161401346-scnv1ejp8d-97304:5804:5804 [1] NCCL INFO ROCr version 1.11
crdnotebook-2076293935161401346-scnv1ejp8d-97304:5804:5804 [1] NCCL INFO Dmabuf feature disabled without NCCL_DMABUF_ENABLE=1

crdnotebook-2076293935161401346-scnv1ejp8d-97304:5804:5804 [1] /data/jenkins_workspace/workspace/rccl_release/build/hipify/src/init.cc:170 NCCL WARN NUMA auto balancing enabled which can lead to variability in the RCCL performance! Disable by "sudo sysctl kernel.numa_balancing=0"
crdnotebook-2076293935161401346-scnv1ejp8d-97304:5804:5804 [1] NCCL INFO Kernel version: 3.10.0-957.el7.x86_64

crdnotebook-2076293935161401346-scnv1ejp8d-97304:5803:5803 [0] /data/jenkins_workspace/workspace/rccl_release/build/hipify/src/init.cc:170 NCCL WARN NUMA auto balancing enabled which can lead to variability in the RCCL performance! Disable by "sudo sysctl kernel.numa_balancing=0"
crdnotebook-2076293935161401346-scnv1ejp8d-97304:5803:5803 [0] NCCL INFO Kernel version: 3.10.0-957.el7.x86_64

crdnotebook-2076293935161401346-scnv1ejp8d-97304:5803:5803 [0] /data/jenkins_workspace/workspace/rccl_release/build/hipify/src/init.cc:191 NCCL WARN Missing "iommu=pt" from kernel command line which can lead to system instablity or hang!
crdnotebook-2076293935161401346-scnv1ejp8d-97304:5805:5805 [2] NCCL INFO Kernel version: 3.10.0-957.el7.x86_64

crdnotebook-2076293935161401346-scnv1ejp8d-97304:5805:5805 [2] /data/jenkins_workspace/workspace/rccl_release/build/hipify/src/init.cc:191 NCCL WARN Missing "iommu=pt" from kernel command line which can lead to system instablity or hang!
crdnotebook-2076293935161401346-scnv1ejp8d-97304:5805:5805 [2] NCCL INFO Disabled GDRCopy equivalent memory allocation on gfx928 due to GPU architecture

crdnotebook-2076293935161401346-scnv1ejp8d-97304:5806:5806 [3] /data/jenkins_workspace/workspace/rccl_release/build/hipify/src/init.cc:191 NCCL WARN Missing "iommu=pt" from kernel command line which can lead to system instablity or hang!
crdnotebook-2076293935161401346-scnv1ejp8d-97304:5806:5806 [3] NCCL INFO Disabled GDRCopy equivalent memory allocation on gfx928 due to GPU architecture

crdnotebook-2076293935161401346-scnv1ejp8d-97304:5804:5804 [1] /data/jenkins_workspace/workspace/rccl_release/build/hipify/src/init.cc:191 NCCL WARN Missing "iommu=pt" from kernel command line which can lead to system instablity or hang!
crdnotebook-2076293935161401346-scnv1ejp8d-97304:5804:5804 [1] NCCL INFO Disabled GDRCopy equivalent memory allocation on gfx928 due to GPU architecture
crdnotebook-2076293935161401346-scnv1ejp8d-97304:5803:5803 [0] NCCL INFO RCCL version : 2.22.3-HEAD:19c80f7
HIP version  : 6.3.26102-a22a51fa
ROCm version : 6.3.3.0-0-c1d64df
Hostname     : crdnotebook-2076293935161401346-scnv1ejp8d-97304
Librccl path : /opt/dtk/lib/librccl.so.1
crdnotebook-2076293935161401346-scnv1ejp8d-97304:5805:5805 [2] NCCL INFO Bootstrap : Using eth0:172.20.45.76<0>
crdnotebook-2076293935161401346-scnv1ejp8d-97304:5804:5804 [1] NCCL INFO Bootstrap : Using eth0:172.20.45.76<0>
crdnotebook-2076293935161401346-scnv1ejp8d-97304:5804:5804 [1] NCCL INFO RCCL version : 2.22.3-HEAD:19c80f7
HIP version  : 6.3.26102-a22a51fa
ROCm version : 6.3.3.0-0-c1d64df
Hostname     : crdnotebook-2076293935161401346-scnv1ejp8d-97304
Librccl path : /opt/dtk/lib/librccl.so.1
crdnotebook-2076293935161401346-scnv1ejp8d-97304:5806:5806 [3] NCCL INFO Bootstrap : Using eth0:172.20.45.76<0>
crdnotebook-2076293935161401346-scnv1ejp8d-97304:5806:5806 [3] NCCL INFO RCCL version : 2.22.3-HEAD:19c80f7
HIP version  : 6.3.26102-a22a51fa
ROCm version : 6.3.3.0-0-c1d64df
Hostname     : crdnotebook-2076293935161401346-scnv1ejp8d-97304
Librccl path : /opt/dtk/lib/librccl.so.1
crdnotebook-2076293935161401346-scnv1ejp8d-97304:5805:5805 [2] NCCL INFO RCCL version : 2.22.3-HEAD:19c80f7
HIP version  : 6.3.26102-a22a51fa
ROCm version : 6.3.3.0-0-c1d64df
Hostname     : crdnotebook-2076293935161401346-scnv1ejp8d-97304
Librccl path : /opt/dtk/lib/librccl.so.1
crdnotebook-2076293935161401346-scnv1ejp8d-97304:5803:5828 [0] NCCL INFO NET/Plugin: Could not find: librccl-net.so. Using internal network plugin.
crdnotebook-2076293935161401346-scnv1ejp8d-97304:5804:5829 [1] NCCL INFO NET/Plugin: Could not find: librccl-net.so. Using internal network plugin.
crdnotebook-2076293935161401346-scnv1ejp8d-97304:5806:5830 [3] NCCL INFO NET/Plugin: Could not find: librccl-net.so. Using internal network plugin.
crdnotebook-2076293935161401346-scnv1ejp8d-97304:5805:5831 [2] NCCL INFO NET/Plugin: Could not find: librccl-net.so. Using internal network plugin.
crdnotebook-2076293935161401346-scnv1ejp8d-97304:5806:5830 [3] NCCL INFO NET/IB : No device found.
crdnotebook-2076293935161401346-scnv1ejp8d-97304:5806:5830 [3] NCCL INFO NET/Socket : Using [0]eth0:172.20.45.76<0>
crdnotebook-2076293935161401346-scnv1ejp8d-97304:5806:5830 [3] NCCL INFO Using network Socket
crdnotebook-2076293935161401346-scnv1ejp8d-97304:5803:5828 [0] NCCL INFO NET/IB : No device found.
crdnotebook-2076293935161401346-scnv1ejp8d-97304:5803:5828 [0] NCCL INFO NET/Socket : Using [0]eth0:172.20.45.76<0>
crdnotebook-2076293935161401346-scnv1ejp8d-97304:5803:5828 [0] NCCL INFO Using network Socket
crdnotebook-2076293935161401346-scnv1ejp8d-97304:5804:5829 [1] NCCL INFO NET/IB : No device found.
crdnotebook-2076293935161401346-scnv1ejp8d-97304:5804:5829 [1] NCCL INFO NET/Socket : Using [0]eth0:172.20.45.76<0>
crdnotebook-2076293935161401346-scnv1ejp8d-97304:5804:5829 [1] NCCL INFO Using network Socket
crdnotebook-2076293935161401346-scnv1ejp8d-97304:5805:5831 [2] NCCL INFO NET/IB : No device found.
crdnotebook-2076293935161401346-scnv1ejp8d-97304:5805:5831 [2] NCCL INFO NET/Socket : Using [0]eth0:172.20.45.76<0>
crdnotebook-2076293935161401346-scnv1ejp8d-97304:5805:5831 [2] NCCL INFO Using network Socket
crdnotebook-2076293935161401346-scnv1ejp8d-97304:5806:5830 [3] NCCL INFO rocm_smi_lib: version 7.6.0.0
crdnotebook-2076293935161401346-scnv1ejp8d-97304:5803:5828 [0] NCCL INFO rocm_smi_lib: version 7.6.0.0
crdnotebook-2076293935161401346-scnv1ejp8d-97304:5804:5829 [1] NCCL INFO rocm_smi_lib: version 7.6.0.0
crdnotebook-2076293935161401346-scnv1ejp8d-97304:5805:5831 [2] NCCL INFO rocm_smi_lib: version 7.6.0.0
crdnotebook-2076293935161401346-scnv1ejp8d-97304:5805:5831 [2] NCCL INFO ncclCommInitRank comm 0x20dd4f0 rank 2 nranks 4 cudaDev 2 nvmlDev 2 busId 43000 commId 0xe5d59909e6d44464 - Init START
crdnotebook-2076293935161401346-scnv1ejp8d-97304:5805:5831 [2] NCCL INFO rank:2 get match hsa dev domain:0x0 bdf:0x4300 rank busId:0x274432
crdnotebook-2076293935161401346-scnv1ejp8d-97304:5806:5830 [3] NCCL INFO ncclCommInitRank comm 0x1881460 rank 3 nranks 4 cudaDev 3 nvmlDev 3 busId 63000 commId 0xe5d59909e6d44464 - Init START
crdnotebook-2076293935161401346-scnv1ejp8d-97304:5806:5830 [3] NCCL INFO rank:3 get match hsa dev domain:0x0 bdf:0x6300 rank busId:0x405504
crdnotebook-2076293935161401346-scnv1ejp8d-97304:5804:5829 [1] NCCL INFO ncclCommInitRank comm 0x15076d0 rank 1 nranks 4 cudaDev 1 nvmlDev 1 busId 27000 commId 0xe5d59909e6d44464 - Init START
crdnotebook-2076293935161401346-scnv1ejp8d-97304:5804:5829 [1] NCCL INFO rank:1 get match hsa dev domain:0x0 bdf:0x2700 rank busId:0x159744
crdnotebook-2076293935161401346-scnv1ejp8d-97304:5803:5828 [0] NCCL INFO ncclCommInitRank comm 0x2510fc0 rank 0 nranks 4 cudaDev 0 nvmlDev 0 busId 4000 commId 0xe5d59909e6d44464 - Init START
crdnotebook-2076293935161401346-scnv1ejp8d-97304:5803:5828 [0] NCCL INFO rank:0 get match hsa dev domain:0x0 bdf:0x400 rank busId:0x16384
crdnotebook-2076293935161401346-scnv1ejp8d-97304:5803:5828 [0] NCCL INFO Could not open /sys/module/hycu/parameters/xdp_size, XDP is disabled
crdnotebook-2076293935161401346-scnv1ejp8d-97304:5805:5831 [2] NCCL INFO Could not open /sys/module/hycu/parameters/xdp_size, XDP is disabled
crdnotebook-2076293935161401346-scnv1ejp8d-97304:5806:5830 [3] NCCL INFO Could not open /sys/module/hycu/parameters/xdp_size, XDP is disabled
crdnotebook-2076293935161401346-scnv1ejp8d-97304:5804:5829 [1] NCCL INFO Could not open /sys/module/hycu/parameters/xdp_size, XDP is disabled
crdnotebook-2076293935161401346-scnv1ejp8d-97304:5805:5831 [2] NCCL INFO gpu key:GPU_0 busIdList: | 0000:04:00.0 | 0000:02:00.0 

crdnotebook-2076293935161401346-scnv1ejp8d-97304:5804:5829 [1] NCCL INFO gpu key:GPU_0 busIdList: | 0000:04:00.0 | 0000:02:00.0 

crdnotebook-2076293935161401346-scnv1ejp8d-97304:5803:5828 [0] NCCL INFO gpu key:GPU_0 busIdList: | 0000:04:00.0 | 0000:02:00.0 

crdnotebook-2076293935161401346-scnv1ejp8d-97304:5806:5830 [3] NCCL INFO gpu key:GPU_0 busIdList: | 0000:04:00.0 | 0000:02:00.0 

crdnotebook-2076293935161401346-scnv1ejp8d-97304:5805:5831 [2] NCCL INFO gpu key:GPU_1 busIdList: | 0000:27:00.0 | 0000:25:00.0 

crdnotebook-2076293935161401346-scnv1ejp8d-97304:5804:5829 [1] NCCL INFO gpu key:GPU_1 busIdList: | 0000:27:00.0 | 0000:25:00.0 

crdnotebook-2076293935161401346-scnv1ejp8d-97304:5803:5828 [0] NCCL INFO gpu key:GPU_1 busIdList: | 0000:27:00.0 | 0000:25:00.0 

crdnotebook-2076293935161401346-scnv1ejp8d-97304:5806:5830 [3] NCCL INFO gpu key:GPU_1 busIdList: | 0000:27:00.0 | 0000:25:00.0 

crdnotebook-2076293935161401346-scnv1ejp8d-97304:5805:5831 [2] NCCL INFO gpu key:GPU_2 busIdList: | 0000:43:00.0 | 0000:41:00.0 

crdnotebook-2076293935161401346-scnv1ejp8d-97304:5804:5829 [1] NCCL INFO gpu key:GPU_2 busIdList: | 0000:43:00.0 | 0000:41:00.0 

crdnotebook-2076293935161401346-scnv1ejp8d-97304:5803:5828 [0] NCCL INFO gpu key:GPU_2 busIdList: | 0000:43:00.0 | 0000:41:00.0 

crdnotebook-2076293935161401346-scnv1ejp8d-97304:5806:5830 [3] NCCL INFO gpu key:GPU_2 busIdList: | 0000:43:00.0 | 0000:41:00.0 

crdnotebook-2076293935161401346-scnv1ejp8d-97304:5805:5831 [2] NCCL INFO gpu key:GPU_3 busIdList: | 0000:63:00.0 | 0000:61:00.0 

crdnotebook-2076293935161401346-scnv1ejp8d-97304:5805:5831 [2] NCCL INFO pcieSwitch busIdList : | 0000:02:00.0 | 0000:25:00.0 | 0000:41:00.0 | 0000:61:00.0 

crdnotebook-2076293935161401346-scnv1ejp8d-97304:5804:5829 [1] NCCL INFO gpu key:GPU_3 busIdList: | 0000:63:00.0 | 0000:61:00.0 

crdnotebook-2076293935161401346-scnv1ejp8d-97304:5804:5829 [1] NCCL INFO pcieSwitch busIdList : | 0000:02:00.0 | 0000:25:00.0 | 0000:41:00.0 | 0000:61:00.0 


crdnotebook-2076293935161401346-scnv1ejp8d-97304:5805:5831 [2] /data/jenkins_workspace/workspace/rccl_release/build/hipify/src/graph/xml.cc:1839 NCCL WARN Unable to obtain the pciPath[NULL] or name[eth0] attributes from NetProperties.

crdnotebook-2076293935161401346-scnv1ejp8d-97304:5805:5831 [2] /data/jenkins_workspace/workspace/rccl_release/build/hipify/src/graph/xml.cc:1211 NCCL WARN No IB NIC found, the generation of the basic topology has been terminated.

crdnotebook-2076293935161401346-scnv1ejp8d-97304:5804:5829 [1] /data/jenkins_workspace/workspace/rccl_release/build/hipify/src/graph/xml.cc:1839 NCCL WARN Unable to obtain the pciPath[NULL] or name[eth0] attributes from NetProperties.

crdnotebook-2076293935161401346-scnv1ejp8d-97304:5804:5829 [1] /data/jenkins_workspace/workspace/rccl_release/build/hipify/src/graph/xml.cc:1211 NCCL WARN No IB NIC found, the generation of the basic topology has been terminated.
crdnotebook-2076293935161401346-scnv1ejp8d-97304:5803:5828 [0] NCCL INFO gpu key:GPU_3 busIdList: | 0000:63:00.0 | 0000:61:00.0 

crdnotebook-2076293935161401346-scnv1ejp8d-97304:5803:5828 [0] NCCL INFO pcieSwitch busIdList : | 0000:02:00.0 | 0000:25:00.0 | 0000:41:00.0 | 0000:61:00.0 


crdnotebook-2076293935161401346-scnv1ejp8d-97304:5803:5828 [0] /data/jenkins_workspace/workspace/rccl_release/build/hipify/src/graph/xml.cc:1839 NCCL WARN Unable to obtain the pciPath[NULL] or name[eth0] attributes from NetProperties.
crdnotebook-2076293935161401346-scnv1ejp8d-97304:5806:5830 [3] NCCL INFO gpu key:GPU_3 busIdList: | 0000:63:00.0 | 0000:61:00.0 

crdnotebook-2076293935161401346-scnv1ejp8d-97304:5806:5830 [3] NCCL INFO pcieSwitch busIdList : | 0000:02:00.0 | 0000:25:00.0 | 0000:41:00.0 | 0000:61:00.0 


crdnotebook-2076293935161401346-scnv1ejp8d-97304:5806:5830 [3] /data/jenkins_workspace/workspace/rccl_release/build/hipify/src/graph/xml.cc:1839 NCCL WARN Unable to obtain the pciPath[NULL] or name[eth0] attributes from NetProperties.

crdnotebook-2076293935161401346-scnv1ejp8d-97304:5806:5830 [3] /data/jenkins_workspace/workspace/rccl_release/build/hipify/src/graph/xml.cc:1211 NCCL WARN No IB NIC found, the generation of the basic topology has been terminated.

crdnotebook-2076293935161401346-scnv1ejp8d-97304:5803:5828 [0] /data/jenkins_workspace/workspace/rccl_release/build/hipify/src/graph/xml.cc:1211 NCCL WARN No IB NIC found, the generation of the basic topology has been terminated.
crdnotebook-2076293935161401346-scnv1ejp8d-97304:5804:5829 [1] NCCL INFO Topology detection : could not read /sys/devices/pci0000:20/0000:20:03.1/0000:25:00.0/0000:26:00.0/0000:27:00.0/../max_link_speed, ignoring
crdnotebook-2076293935161401346-scnv1ejp8d-97304:5805:5831 [2] NCCL INFO Topology detection : could not read /sys/devices/pci0000:40/0000:40:01.1/0000:41:00.0/0000:42:00.0/0000:43:00.0/../max_link_speed, ignoring
crdnotebook-2076293935161401346-scnv1ejp8d-97304:5804:5829 [1] NCCL INFO Topology detection : could not read /sys/devices/pci0000:20/0000:20:03.1/0000:25:00.0/0000:26:00.0/0000:27:00.0/../max_link_width, ignoring
crdnotebook-2076293935161401346-scnv1ejp8d-97304:5805:5831 [2] NCCL INFO Topology detection : could not read /sys/devices/pci0000:40/0000:40:01.1/0000:41:00.0/0000:42:00.0/0000:43:00.0/../max_link_width, ignoring
crdnotebook-2076293935161401346-scnv1ejp8d-97304:5806:5830 [3] NCCL INFO Topology detection : could not read /sys/devices/pci0000:60/0000:60:01.1/0000:61:00.0/0000:62:00.0/0000:63:00.0/../max_link_speed, ignoring
crdnotebook-2076293935161401346-scnv1ejp8d-97304:5803:5828 [0] NCCL INFO Topology detection : could not read /sys/devices/pci0000:00/0000:00:03.1/0000:02:00.0/0000:03:00.0/0000:04:00.0/../max_link_speed, ignoring
crdnotebook-2076293935161401346-scnv1ejp8d-97304:5806:5830 [3] NCCL INFO Topology detection : could not read /sys/devices/pci0000:60/0000:60:01.1/0000:61:00.0/0000:62:00.0/0000:63:00.0/../max_link_width, ignoring
crdnotebook-2076293935161401346-scnv1ejp8d-97304:5803:5828 [0] NCCL INFO Topology detection : could not read /sys/devices/pci0000:00/0000:00:03.1/0000:02:00.0/0000:03:00.0/0000:04:00.0/../max_link_width, ignoring
crdnotebook-2076293935161401346-scnv1ejp8d-97304:5804:5829 [1] NCCL INFO Topology detection : could not read /sys/devices/pci0000:20/0000:20:03.1/0000:25:00.0/max_link_speed, ignoring
crdnotebook-2076293935161401346-scnv1ejp8d-97304:5805:5831 [2] NCCL INFO Topology detection : could not read /sys/devices/pci0000:40/0000:40:01.1/0000:41:00.0/max_link_speed, ignoring
crdnotebook-2076293935161401346-scnv1ejp8d-97304:5805:5831 [2] NCCL INFO Topology detection : could not read /sys/devices/pci0000:40/0000:40:01.1/0000:41:00.0/../max_link_speed, ignoring
crdnotebook-2076293935161401346-scnv1ejp8d-97304:5804:5829 [1] NCCL INFO Topology detection : could not read /sys/devices/pci0000:20/0000:20:03.1/0000:25:00.0/../max_link_speed, ignoring
crdnotebook-2076293935161401346-scnv1ejp8d-97304:5804:5829 [1] NCCL INFO Topology detection : could not read /sys/devices/pci0000:20/0000:20:03.1/0000:25:00.0/max_link_width, ignoring
crdnotebook-2076293935161401346-scnv1ejp8d-97304:5804:5829 [1] NCCL INFO Topology detection : could not read /sys/devices/pci0000:20/0000:20:03.1/0000:25:00.0/../max_link_width, ignoring
crdnotebook-2076293935161401346-scnv1ejp8d-97304:5805:5831 [2] NCCL INFO Topology detection : could not read /sys/devices/pci0000:40/0000:40:01.1/0000:41:00.0/max_link_width, ignoring
crdnotebook-2076293935161401346-scnv1ejp8d-97304:5805:5831 [2] NCCL INFO Topology detection : could not read /sys/devices/pci0000:40/0000:40:01.1/0000:41:00.0/../max_link_width, ignoring
crdnotebook-2076293935161401346-scnv1ejp8d-97304:5806:5830 [3] NCCL INFO Topology detection : could not read /sys/devices/pci0000:60/0000:60:01.1/0000:61:00.0/max_link_speed, ignoring
crdnotebook-2076293935161401346-scnv1ejp8d-97304:5806:5830 [3] NCCL INFO Topology detection : could not read /sys/devices/pci0000:60/0000:60:01.1/0000:61:00.0/../max_link_speed, ignoring
crdnotebook-2076293935161401346-scnv1ejp8d-97304:5806:5830 [3] NCCL INFO Topology detection : could not read /sys/devices/pci0000:60/0000:60:01.1/0000:61:00.0/max_link_width, ignoring
crdnotebook-2076293935161401346-scnv1ejp8d-97304:5803:5828 [0] NCCL INFO Topology detection : could not read /sys/devices/pci0000:00/0000:00:03.1/0000:02:00.0/max_link_speed, ignoring
crdnotebook-2076293935161401346-scnv1ejp8d-97304:5803:5828 [0] NCCL INFO Topology detection : could not read /sys/devices/pci0000:00/0000:00:03.1/0000:02:00.0/../max_link_speed, ignoring
crdnotebook-2076293935161401346-scnv1ejp8d-97304:5803:5828 [0] NCCL INFO Topology detection : could not read /sys/devices/pci0000:00/0000:00:03.1/0000:02:00.0/max_link_width, ignoring
crdnotebook-2076293935161401346-scnv1ejp8d-97304:5806:5830 [3] NCCL INFO Topology detection : could not read /sys/devices/pci0000:60/0000:60:01.1/0000:61:00.0/../max_link_width, ignoring
crdnotebook-2076293935161401346-scnv1ejp8d-97304:5803:5828 [0] NCCL INFO Topology detection : could not read /sys/devices/pci0000:00/0000:00:03.1/0000:02:00.0/../max_link_width, ignoring
crdnotebook-2076293935161401346-scnv1ejp8d-97304:5804:5829 [1] NCCL INFO rocm_smi_lib: version 7.6.0.0
crdnotebook-2076293935161401346-scnv1ejp8d-97304:5805:5831 [2] NCCL INFO rocm_smi_lib: version 7.6.0.0
crdnotebook-2076293935161401346-scnv1ejp8d-97304:5806:5830 [3] NCCL INFO rocm_smi_lib: version 7.6.0.0
crdnotebook-2076293935161401346-scnv1ejp8d-97304:5803:5828 [0] NCCL INFO rocm_smi_lib: version 7.6.0.0
crdnotebook-2076293935161401346-scnv1ejp8d-97304:5804:5829 [1] NCCL INFO KV Convert to int : could not find value of 'HygonGenuine' in dictionary, falling back to 0
crdnotebook-2076293935161401346-scnv1ejp8d-97304:5804:5829 [1] NCCL INFO KV Convert to int : could not find value of '' in dictionary, falling back to 60
crdnotebook-2076293935161401346-scnv1ejp8d-97304:5804:5829 [1] NCCL INFO KV Convert to int : could not find value of 'HygonGenuine' in dictionary, falling back to 0
crdnotebook-2076293935161401346-scnv1ejp8d-97304:5804:5829 [1] NCCL INFO KV Convert to int : could not find value of '' in dictionary, falling back to 60
crdnotebook-2076293935161401346-scnv1ejp8d-97304:5804:5829 [1] NCCL INFO KV Convert to int : could not find value of 'HygonGenuine' in dictionary, falling back to 0
crdnotebook-2076293935161401346-scnv1ejp8d-97304:5804:5829 [1] NCCL INFO KV Convert to int : could not find value of '' in dictionary, falling back to 60
crdnotebook-2076293935161401346-scnv1ejp8d-97304:5804:5829 [1] NCCL INFO KV Convert to int : could not find value of 'HygonGenuine' in dictionary, falling back to 0
crdnotebook-2076293935161401346-scnv1ejp8d-97304:5804:5829 [1] NCCL INFO KV Convert to int : could not find value of '' in dictionary, falling back to 60
crdnotebook-2076293935161401346-scnv1ejp8d-97304:5804:5829 [1] NCCL INFO === System : maxBw 12.0 totalBw 24.0 ===
crdnotebook-2076293935161401346-scnv1ejp8d-97304:5804:5829 [1] NCCL INFO CPU/0-0 (1/0/-1)
crdnotebook-2076293935161401346-scnv1ejp8d-97304:5804:5829 [1] NCCL INFO + PCI[5000.0] - NIC/0-0
crdnotebook-2076293935161401346-scnv1ejp8d-97304:5804:5829 [1] NCCL INFO + SYS[5000.0] - CPU/1
crdnotebook-2076293935161401346-scnv1ejp8d-97304:5804:5829 [1] NCCL INFO + SYS[5000.0] - CPU/2
crdnotebook-2076293935161401346-scnv1ejp8d-97304:5804:5829 [1] NCCL INFO + SYS[5000.0] - CPU/3
crdnotebook-2076293935161401346-scnv1ejp8d-97304:5804:5829 [1] NCCL INFO + PCI[12.0] - PCI/0-2000 (1d9423b700000000)
crdnotebook-2076293935161401346-scnv1ejp8d-97304:5804:5829 [1] NCCL INFO               + PCI[24.0] - GPU/0-4000 (0)
crdnotebook-2076293935161401346-scnv1ejp8d-97304:5804:5829 [1] NCCL INFO CPU/0-1 (1/0/-1)
crdnotebook-2076293935161401346-scnv1ejp8d-97304:5804:5829 [1] NCCL INFO + SYS[5000.0] - CPU/0
crdnotebook-2076293935161401346-scnv1ejp8d-97304:5804:5829 [1] NCCL INFO + SYS[5000.0] - CPU/2
crdnotebook-2076293935161401346-scnv1ejp8d-97304:5804:5829 [1] NCCL INFO + SYS[5000.0] - CPU/3
crdnotebook-2076293935161401346-scnv1ejp8d-97304:5804:5829 [1] NCCL INFO + PCI[12.0] - PCI/0-25000 (1d9423b700000000)
crdnotebook-2076293935161401346-scnv1ejp8d-97304:5804:5829 [1] NCCL INFO               + PCI[24.0] - GPU/0-27000 (1)
crdnotebook-2076293935161401346-scnv1ejp8d-97304:5804:5829 [1] NCCL INFO CPU/0-2 (1/0/-1)
crdnotebook-2076293935161401346-scnv1ejp8d-97304:5804:5829 [1] NCCL INFO + SYS[5000.0] - CPU/0
crdnotebook-2076293935161401346-scnv1ejp8d-97304:5804:5829 [1] NCCL INFO + SYS[5000.0] - CPU/1
crdnotebook-2076293935161401346-scnv1ejp8d-97304:5804:5829 [1] NCCL INFO + SYS[5000.0] - CPU/3
crdnotebook-2076293935161401346-scnv1ejp8d-97304:5804:5829 [1] NCCL INFO + PCI[12.0] - PCI/0-41000 (1d9423b700000000)
crdnotebook-2076293935161401346-scnv1ejp8d-97304:5804:5829 [1] NCCL INFO               + PCI[24.0] - GPU/0-43000 (2)
crdnotebook-2076293935161401346-scnv1ejp8d-97304:5804:5829 [1] NCCL INFO CPU/0-3 (1/0/-1)
crdnotebook-2076293935161401346-scnv1ejp8d-97304:5804:5829 [1] NCCL INFO + SYS[5000.0] - CPU/0
crdnotebook-2076293935161401346-scnv1ejp8d-97304:5804:5829 [1] NCCL INFO + SYS[5000.0] - CPU/1
crdnotebook-2076293935161401346-scnv1ejp8d-97304:5804:5829 [1] NCCL INFO + SYS[5000.0] - CPU/2
crdnotebook-2076293935161401346-scnv1ejp8d-97304:5804:5829 [1] NCCL INFO + PCI[12.0] - PCI/0-61000 (1d9423b700000000)
crdnotebook-2076293935161401346-scnv1ejp8d-97304:5804:5829 [1] NCCL INFO               + PCI[24.0] - GPU/0-63000 (3)
crdnotebook-2076293935161401346-scnv1ejp8d-97304:5804:5829 [1] NCCL INFO ==========================================
crdnotebook-2076293935161401346-scnv1ejp8d-97304:5804:5829 [1] NCCL INFO GPU/4000 :GPU/0-4000 (0/5000.0/LOC) GPU/0-27000 (5/12.0/SYS) GPU/0-43000 (5/12.0/SYS) GPU/0-63000 (5/12.0/SYS) CPU/0-0 (2/12.0/PHB) CPU/0-1 (3/12.0/SYS) CPU/0-2 (3/12.0/SYS) CPU/0-3 (3/12.0/SYS) 
crdnotebook-2076293935161401346-scnv1ejp8d-97304:5804:5829 [1] NCCL INFO GPU/27000 :GPU/0-4000 (5/12.0/SYS) GPU/0-27000 (0/5000.0/LOC) GPU/0-43000 (5/12.0/SYS) GPU/0-63000 (5/12.0/SYS) CPU/0-0 (3/12.0/SYS) CPU/0-1 (2/12.0/PHB) CPU/0-2 (3/12.0/SYS) CPU/0-3 (3/12.0/SYS) 
crdnotebook-2076293935161401346-scnv1ejp8d-97304:5804:5829 [1] NCCL INFO GPU/43000 :GPU/0-4000 (5/12.0/SYS) GPU/0-27000 (5/12.0/SYS) GPU/0-43000 (0/5000.0/LOC) GPU/0-63000 (5/12.0/SYS) CPU/0-0 (3/12.0/SYS) CPU/0-1 (3/12.0/SYS) CPU/0-2 (2/12.0/PHB) CPU/0-3 (3/12.0/SYS) 
crdnotebook-2076293935161401346-scnv1ejp8d-97304:5804:5829 [1] NCCL INFO GPU/63000 :GPU/0-4000 (5/12.0/SYS) GPU/0-27000 (5/12.0/SYS) GPU/0-43000 (5/12.0/SYS) GPU/0-63000 (0/5000.0/LOC) CPU/0-0 (3/12.0/SYS) CPU/0-1 (3/12.0/SYS) CPU/0-2 (3/12.0/SYS) CPU/0-3 (2/12.0/PHB) 
crdnotebook-2076293935161401346-scnv1ejp8d-97304:5804:5829 [1] NCCL INFO Rank:1 link topo type is only pcie
crdnotebook-2076293935161401346-scnv1ejp8d-97304:5804:5829 [1] NCCL INFO Transport init rank 1 useXdp 0 linkTopoType 3
crdnotebook-2076293935161401346-scnv1ejp8d-97304:5805:5831 [2] NCCL INFO KV Convert to int : could not find value of 'HygonGenuine' in dictionary, falling back to 0
crdnotebook-2076293935161401346-scnv1ejp8d-97304:5805:5831 [2] NCCL INFO KV Convert to int : could not find value of '' in dictionary, falling back to 60
crdnotebook-2076293935161401346-scnv1ejp8d-97304:5805:5831 [2] NCCL INFO KV Convert to int : could not find value of 'HygonGenuine' in dictionary, falling back to 0
crdnotebook-2076293935161401346-scnv1ejp8d-97304:5805:5831 [2] NCCL INFO KV Convert to int : could not find value of '' in dictionary, falling back to 60
crdnotebook-2076293935161401346-scnv1ejp8d-97304:5805:5831 [2] NCCL INFO KV Convert to int : could not find value of 'HygonGenuine' in dictionary, falling back to 0
crdnotebook-2076293935161401346-scnv1ejp8d-97304:5805:5831 [2] NCCL INFO KV Convert to int : could not find value of '' in dictionary, falling back to 60
crdnotebook-2076293935161401346-scnv1ejp8d-97304:5805:5831 [2] NCCL INFO KV Convert to int : could not find value of 'HygonGenuine' in dictionary, falling back to 0
crdnotebook-2076293935161401346-scnv1ejp8d-97304:5805:5831 [2] NCCL INFO KV Convert to int : could not find value of '' in dictionary, falling back to 60
crdnotebook-2076293935161401346-scnv1ejp8d-97304:5806:5830 [3] NCCL INFO KV Convert to int : could not find value of 'HygonGenuine' in dictionary, falling back to 0
crdnotebook-2076293935161401346-scnv1ejp8d-97304:5806:5830 [3] NCCL INFO KV Convert to int : could not find value of '' in dictionary, falling back to 60
crdnotebook-2076293935161401346-scnv1ejp8d-97304:5806:5830 [3] NCCL INFO KV Convert to int : could not find value of 'HygonGenuine' in dictionary, falling back to 0
crdnotebook-2076293935161401346-scnv1ejp8d-97304:5806:5830 [3] NCCL INFO KV Convert to int : could not find value of '' in dictionary, falling back to 60
crdnotebook-2076293935161401346-scnv1ejp8d-97304:5806:5830 [3] NCCL INFO KV Convert to int : could not find value of 'HygonGenuine' in dictionary, falling back to 0
crdnotebook-2076293935161401346-scnv1ejp8d-97304:5806:5830 [3] NCCL INFO KV Convert to int : could not find value of '' in dictionary, falling back to 60
crdnotebook-2076293935161401346-scnv1ejp8d-97304:5806:5830 [3] NCCL INFO KV Convert to int : could not find value of 'HygonGenuine' in dictionary, falling back to 0
crdnotebook-2076293935161401346-scnv1ejp8d-97304:5806:5830 [3] NCCL INFO KV Convert to int : could not find value of '' in dictionary, falling back to 60
crdnotebook-2076293935161401346-scnv1ejp8d-97304:5805:5831 [2] NCCL INFO === System : maxBw 12.0 totalBw 24.0 ===
crdnotebook-2076293935161401346-scnv1ejp8d-97304:5805:5831 [2] NCCL INFO CPU/0-0 (1/0/-1)
crdnotebook-2076293935161401346-scnv1ejp8d-97304:5805:5831 [2] NCCL INFO + PCI[5000.0] - NIC/0-0
crdnotebook-2076293935161401346-scnv1ejp8d-97304:5805:5831 [2] NCCL INFO + SYS[5000.0] - CPU/1
crdnotebook-2076293935161401346-scnv1ejp8d-97304:5805:5831 [2] NCCL INFO + SYS[5000.0] - CPU/2
crdnotebook-2076293935161401346-scnv1ejp8d-97304:5805:5831 [2] NCCL INFO + SYS[5000.0] - CPU/3
crdnotebook-2076293935161401346-scnv1ejp8d-97304:5805:5831 [2] NCCL INFO + PCI[12.0] - PCI/0-2000 (1d9423b700000000)
crdnotebook-2076293935161401346-scnv1ejp8d-97304:5805:5831 [2] NCCL INFO               + PCI[24.0] - GPU/0-4000 (0)
crdnotebook-2076293935161401346-scnv1ejp8d-97304:5805:5831 [2] NCCL INFO CPU/0-1 (1/0/-1)
crdnotebook-2076293935161401346-scnv1ejp8d-97304:5805:5831 [2] NCCL INFO + SYS[5000.0] - CPU/0
crdnotebook-2076293935161401346-scnv1ejp8d-97304:5805:5831 [2] NCCL INFO + SYS[5000.0] - CPU/2
crdnotebook-2076293935161401346-scnv1ejp8d-97304:5805:5831 [2] NCCL INFO + SYS[5000.0] - CPU/3
crdnotebook-2076293935161401346-scnv1ejp8d-97304:5805:5831 [2] NCCL INFO + PCI[12.0] - PCI/0-25000 (1d9423b700000000)
crdnotebook-2076293935161401346-scnv1ejp8d-97304:5805:5831 [2] NCCL INFO               + PCI[24.0] - GPU/0-27000 (1)
crdnotebook-2076293935161401346-scnv1ejp8d-97304:5805:5831 [2] NCCL INFO CPU/0-2 (1/0/-1)
crdnotebook-2076293935161401346-scnv1ejp8d-97304:5805:5831 [2] NCCL INFO + SYS[5000.0] - CPU/0
crdnotebook-2076293935161401346-scnv1ejp8d-97304:5805:5831 [2] NCCL INFO + SYS[5000.0] - CPU/1
crdnotebook-2076293935161401346-scnv1ejp8d-97304:5805:5831 [2] NCCL INFO + SYS[5000.0] - CPU/3
crdnotebook-2076293935161401346-scnv1ejp8d-97304:5805:5831 [2] NCCL INFO + PCI[12.0] - PCI/0-41000 (1d9423b700000000)
crdnotebook-2076293935161401346-scnv1ejp8d-97304:5805:5831 [2] NCCL INFO               + PCI[24.0] - GPU/0-43000 (2)
crdnotebook-2076293935161401346-scnv1ejp8d-97304:5805:5831 [2] NCCL INFO CPU/0-3 (1/0/-1)
crdnotebook-2076293935161401346-scnv1ejp8d-97304:5805:5831 [2] NCCL INFO + SYS[5000.0] - CPU/0
crdnotebook-2076293935161401346-scnv1ejp8d-97304:5805:5831 [2] NCCL INFO + SYS[5000.0] - CPU/1
crdnotebook-2076293935161401346-scnv1ejp8d-97304:5805:5831 [2] NCCL INFO + SYS[5000.0] - CPU/2
crdnotebook-2076293935161401346-scnv1ejp8d-97304:5805:5831 [2] NCCL INFO + PCI[12.0] - PCI/0-61000 (1d9423b700000000)
crdnotebook-2076293935161401346-scnv1ejp8d-97304:5805:5831 [2] NCCL INFO               + PCI[24.0] - GPU/0-63000 (3)
crdnotebook-2076293935161401346-scnv1ejp8d-97304:5805:5831 [2] NCCL INFO ==========================================
crdnotebook-2076293935161401346-scnv1ejp8d-97304:5805:5831 [2] NCCL INFO GPU/4000 :GPU/0-4000 (0/5000.0/LOC) GPU/0-27000 (5/12.0/SYS) GPU/0-43000 (5/12.0/SYS) GPU/0-63000 (5/12.0/SYS) CPU/0-0 (2/12.0/PHB) CPU/0-1 (3/12.0/SYS) CPU/0-2 (3/12.0/SYS) CPU/0-3 (3/12.0/SYS) 
crdnotebook-2076293935161401346-scnv1ejp8d-97304:5805:5831 [2] NCCL INFO GPU/27000 :GPU/0-4000 (5/12.0/SYS) GPU/0-27000 (0/5000.0/LOC) GPU/0-43000 (5/12.0/SYS) GPU/0-63000 (5/12.0/SYS) CPU/0-0 (3/12.0/SYS) CPU/0-1 (2/12.0/PHB) CPU/0-2 (3/12.0/SYS) CPU/0-3 (3/12.0/SYS) 
crdnotebook-2076293935161401346-scnv1ejp8d-97304:5806:5830 [3] NCCL INFO === System : maxBw 12.0 totalBw 24.0 ===
crdnotebook-2076293935161401346-scnv1ejp8d-97304:5806:5830 [3] NCCL INFO CPU/0-0 (1/0/-1)
crdnotebook-2076293935161401346-scnv1ejp8d-97304:5805:5831 [2] NCCL INFO GPU/43000 :GPU/0-4000 (5/12.0/SYS) GPU/0-27000 (5/12.0/SYS) GPU/0-43000 (0/5000.0/LOC) GPU/0-63000 (5/12.0/SYS) CPU/0-0 (3/12.0/SYS) CPU/0-1 (3/12.0/SYS) CPU/0-2 (2/12.0/PHB) CPU/0-3 (3/12.0/SYS) 
crdnotebook-2076293935161401346-scnv1ejp8d-97304:5805:5831 [2] NCCL INFO GPU/63000 :GPU/0-4000 (5/12.0/SYS) GPU/0-27000 (5/12.0/SYS) GPU/0-43000 (5/12.0/SYS) GPU/0-63000 (0/5000.0/LOC) CPU/0-0 (3/12.0/SYS) CPU/0-1 (3/12.0/SYS) CPU/0-2 (3/12.0/SYS) CPU/0-3 (2/12.0/PHB) 
crdnotebook-2076293935161401346-scnv1ejp8d-97304:5806:5830 [3] NCCL INFO + PCI[5000.0] - NIC/0-0
crdnotebook-2076293935161401346-scnv1ejp8d-97304:5806:5830 [3] NCCL INFO + SYS[5000.0] - CPU/1
crdnotebook-2076293935161401346-scnv1ejp8d-97304:5806:5830 [3] NCCL INFO + SYS[5000.0] - CPU/2
crdnotebook-2076293935161401346-scnv1ejp8d-97304:5806:5830 [3] NCCL INFO + SYS[5000.0] - CPU/3
crdnotebook-2076293935161401346-scnv1ejp8d-97304:5806:5830 [3] NCCL INFO + PCI[12.0] - PCI/0-2000 (1d9423b700000000)
crdnotebook-2076293935161401346-scnv1ejp8d-97304:5805:5831 [2] NCCL INFO Rank:2 link topo type is only pcie
crdnotebook-2076293935161401346-scnv1ejp8d-97304:5805:5831 [2] NCCL INFO Transport init rank 2 useXdp 0 linkTopoType 3
crdnotebook-2076293935161401346-scnv1ejp8d-97304:5806:5830 [3] NCCL INFO               + PCI[24.0] - GPU/0-4000 (0)
crdnotebook-2076293935161401346-scnv1ejp8d-97304:5806:5830 [3] NCCL INFO CPU/0-1 (1/0/-1)
crdnotebook-2076293935161401346-scnv1ejp8d-97304:5806:5830 [3] NCCL INFO + SYS[5000.0] - CPU/0
crdnotebook-2076293935161401346-scnv1ejp8d-97304:5806:5830 [3] NCCL INFO + SYS[5000.0] - CPU/2
crdnotebook-2076293935161401346-scnv1ejp8d-97304:5806:5830 [3] NCCL INFO + SYS[5000.0] - CPU/3
crdnotebook-2076293935161401346-scnv1ejp8d-97304:5806:5830 [3] NCCL INFO + PCI[12.0] - PCI/0-25000 (1d9423b700000000)
crdnotebook-2076293935161401346-scnv1ejp8d-97304:5806:5830 [3] NCCL INFO               + PCI[24.0] - GPU/0-27000 (1)
crdnotebook-2076293935161401346-scnv1ejp8d-97304:5806:5830 [3] NCCL INFO CPU/0-2 (1/0/-1)
crdnotebook-2076293935161401346-scnv1ejp8d-97304:5806:5830 [3] NCCL INFO + SYS[5000.0] - CPU/0
crdnotebook-2076293935161401346-scnv1ejp8d-97304:5806:5830 [3] NCCL INFO + SYS[5000.0] - CPU/1
crdnotebook-2076293935161401346-scnv1ejp8d-97304:5806:5830 [3] NCCL INFO + SYS[5000.0] - CPU/3
crdnotebook-2076293935161401346-scnv1ejp8d-97304:5806:5830 [3] NCCL INFO + PCI[12.0] - PCI/0-41000 (1d9423b700000000)
crdnotebook-2076293935161401346-scnv1ejp8d-97304:5806:5830 [3] NCCL INFO               + PCI[24.0] - GPU/0-43000 (2)
crdnotebook-2076293935161401346-scnv1ejp8d-97304:5806:5830 [3] NCCL INFO CPU/0-3 (1/0/-1)
crdnotebook-2076293935161401346-scnv1ejp8d-97304:5806:5830 [3] NCCL INFO + SYS[5000.0] - CPU/0
crdnotebook-2076293935161401346-scnv1ejp8d-97304:5806:5830 [3] NCCL INFO + SYS[5000.0] - CPU/1
crdnotebook-2076293935161401346-scnv1ejp8d-97304:5806:5830 [3] NCCL INFO + SYS[5000.0] - CPU/2
crdnotebook-2076293935161401346-scnv1ejp8d-97304:5806:5830 [3] NCCL INFO + PCI[12.0] - PCI/0-61000 (1d9423b700000000)
crdnotebook-2076293935161401346-scnv1ejp8d-97304:5806:5830 [3] NCCL INFO               + PCI[24.0] - GPU/0-63000 (3)
crdnotebook-2076293935161401346-scnv1ejp8d-97304:5806:5830 [3] NCCL INFO ==========================================
crdnotebook-2076293935161401346-scnv1ejp8d-97304:5806:5830 [3] NCCL INFO GPU/4000 :GPU/0-4000 (0/5000.0/LOC) GPU/0-27000 (5/12.0/SYS) GPU/0-43000 (5/12.0/SYS) GPU/0-63000 (5/12.0/SYS) CPU/0-0 (2/12.0/PHB) CPU/0-1 (3/12.0/SYS) CPU/0-2 (3/12.0/SYS) CPU/0-3 (3/12.0/SYS) 
crdnotebook-2076293935161401346-scnv1ejp8d-97304:5806:5830 [3] NCCL INFO GPU/27000 :GPU/0-4000 (5/12.0/SYS) GPU/0-27000 (0/5000.0/LOC) GPU/0-43000 (5/12.0/SYS) GPU/0-63000 (5/12.0/SYS) CPU/0-0 (3/12.0/SYS) CPU/0-1 (2/12.0/PHB) CPU/0-2 (3/12.0/SYS) CPU/0-3 (3/12.0/SYS) 
crdnotebook-2076293935161401346-scnv1ejp8d-97304:5806:5830 [3] NCCL INFO GPU/43000 :GPU/0-4000 (5/12.0/SYS) GPU/0-27000 (5/12.0/SYS) GPU/0-43000 (0/5000.0/LOC) GPU/0-63000 (5/12.0/SYS) CPU/0-0 (3/12.0/SYS) CPU/0-1 (3/12.0/SYS) CPU/0-2 (2/12.0/PHB) CPU/0-3 (3/12.0/SYS) 
crdnotebook-2076293935161401346-scnv1ejp8d-97304:5806:5830 [3] NCCL INFO GPU/63000 :GPU/0-4000 (5/12.0/SYS) GPU/0-27000 (5/12.0/SYS) GPU/0-43000 (5/12.0/SYS) GPU/0-63000 (0/5000.0/LOC) CPU/0-0 (3/12.0/SYS) CPU/0-1 (3/12.0/SYS) CPU/0-2 (3/12.0/SYS) CPU/0-3 (2/12.0/PHB) 
crdnotebook-2076293935161401346-scnv1ejp8d-97304:5806:5830 [3] NCCL INFO Rank:3 link topo type is only pcie
crdnotebook-2076293935161401346-scnv1ejp8d-97304:5806:5830 [3] NCCL INFO Transport init rank 3 useXdp 0 linkTopoType 3
crdnotebook-2076293935161401346-scnv1ejp8d-97304:5803:5828 [0] NCCL INFO KV Convert to int : could not find value of 'HygonGenuine' in dictionary, falling back to 0
crdnotebook-2076293935161401346-scnv1ejp8d-97304:5803:5828 [0] NCCL INFO KV Convert to int : could not find value of '' in dictionary, falling back to 60
crdnotebook-2076293935161401346-scnv1ejp8d-97304:5803:5828 [0] NCCL INFO KV Convert to int : could not find value of 'HygonGenuine' in dictionary, falling back to 0
crdnotebook-2076293935161401346-scnv1ejp8d-97304:5803:5828 [0] NCCL INFO KV Convert to int : could not find value of '' in dictionary, falling back to 60
crdnotebook-2076293935161401346-scnv1ejp8d-97304:5803:5828 [0] NCCL INFO KV Convert to int : could not find value of 'HygonGenuine' in dictionary, falling back to 0
crdnotebook-2076293935161401346-scnv1ejp8d-97304:5803:5828 [0] NCCL INFO KV Convert to int : could not find value of '' in dictionary, falling back to 60
crdnotebook-2076293935161401346-scnv1ejp8d-97304:5803:5828 [0] NCCL INFO KV Convert to int : could not find value of 'HygonGenuine' in dictionary, falling back to 0
crdnotebook-2076293935161401346-scnv1ejp8d-97304:5804:5829 [1] NCCL INFO Pattern 4, crossNic 0, nChannels 1, bw 12.000000/12.000000, type SYS/PIX, sameChannels 1
crdnotebook-2076293935161401346-scnv1ejp8d-97304:5804:5829 [1] NCCL INFO  0 : GPU/0 GPU/1 GPU/2 GPU/3
crdnotebook-2076293935161401346-scnv1ejp8d-97304:5803:5828 [0] NCCL INFO KV Convert to int : could not find value of '' in dictionary, falling back to 60
crdnotebook-2076293935161401346-scnv1ejp8d-97304:5804:5829 [1] NCCL INFO Pattern 1, crossNic 0, nChannels 1, bw 12.000000/12.000000, type SYS/PIX, sameChannels 1
crdnotebook-2076293935161401346-scnv1ejp8d-97304:5804:5829 [1] NCCL INFO  0 : GPU/0 GPU/1 GPU/2 GPU/3
crdnotebook-2076293935161401346-scnv1ejp8d-97304:5803:5828 [0] NCCL INFO === System : maxBw 12.0 totalBw 24.0 ===
crdnotebook-2076293935161401346-scnv1ejp8d-97304:5803:5828 [0] NCCL INFO CPU/0-0 (1/0/-1)
crdnotebook-2076293935161401346-scnv1ejp8d-97304:5803:5828 [0] NCCL INFO + PCI[5000.0] - NIC/0-0
crdnotebook-2076293935161401346-scnv1ejp8d-97304:5803:5828 [0] NCCL INFO + SYS[5000.0] - CPU/1
crdnotebook-2076293935161401346-scnv1ejp8d-97304:5803:5828 [0] NCCL INFO + SYS[5000.0] - CPU/2
crdnotebook-2076293935161401346-scnv1ejp8d-97304:5803:5828 [0] NCCL INFO + SYS[5000.0] - CPU/3
crdnotebook-2076293935161401346-scnv1ejp8d-97304:5803:5828 [0] NCCL INFO + PCI[12.0] - PCI/0-2000 (1d9423b700000000)
crdnotebook-2076293935161401346-scnv1ejp8d-97304:5803:5828 [0] NCCL INFO               + PCI[24.0] - GPU/0-4000 (0)
crdnotebook-2076293935161401346-scnv1ejp8d-97304:5803:5828 [0] NCCL INFO CPU/0-1 (1/0/-1)
crdnotebook-2076293935161401346-scnv1ejp8d-97304:5803:5828 [0] NCCL INFO + SYS[5000.0] - CPU/0
crdnotebook-2076293935161401346-scnv1ejp8d-97304:5803:5828 [0] NCCL INFO + SYS[5000.0] - CPU/2
crdnotebook-2076293935161401346-scnv1ejp8d-97304:5803:5828 [0] NCCL INFO + SYS[5000.0] - CPU/3
crdnotebook-2076293935161401346-scnv1ejp8d-97304:5803:5828 [0] NCCL INFO + PCI[12.0] - PCI/0-25000 (1d9423b700000000)
crdnotebook-2076293935161401346-scnv1ejp8d-97304:5803:5828 [0] NCCL INFO               + PCI[24.0] - GPU/0-27000 (1)
crdnotebook-2076293935161401346-scnv1ejp8d-97304:5803:5828 [0] NCCL INFO CPU/0-2 (1/0/-1)
crdnotebook-2076293935161401346-scnv1ejp8d-97304:5803:5828 [0] NCCL INFO + SYS[5000.0] - CPU/0
crdnotebook-2076293935161401346-scnv1ejp8d-97304:5803:5828 [0] NCCL INFO + SYS[5000.0] - CPU/1
crdnotebook-2076293935161401346-scnv1ejp8d-97304:5803:5828 [0] NCCL INFO + SYS[5000.0] - CPU/3
crdnotebook-2076293935161401346-scnv1ejp8d-97304:5803:5828 [0] NCCL INFO + PCI[12.0] - PCI/0-41000 (1d9423b700000000)
crdnotebook-2076293935161401346-scnv1ejp8d-97304:5803:5828 [0] NCCL INFO               + PCI[24.0] - GPU/0-43000 (2)
crdnotebook-2076293935161401346-scnv1ejp8d-97304:5803:5828 [0] NCCL INFO CPU/0-3 (1/0/-1)
crdnotebook-2076293935161401346-scnv1ejp8d-97304:5803:5828 [0] NCCL INFO + SYS[5000.0] - CPU/0
crdnotebook-2076293935161401346-scnv1ejp8d-97304:5803:5828 [0] NCCL INFO + SYS[5000.0] - CPU/1
crdnotebook-2076293935161401346-scnv1ejp8d-97304:5803:5828 [0] NCCL INFO + SYS[5000.0] - CPU/2
crdnotebook-2076293935161401346-scnv1ejp8d-97304:5803:5828 [0] NCCL INFO + PCI[12.0] - PCI/0-61000 (1d9423b700000000)
crdnotebook-2076293935161401346-scnv1ejp8d-97304:5803:5828 [0] NCCL INFO               + PCI[24.0] - GPU/0-63000 (3)
crdnotebook-2076293935161401346-scnv1ejp8d-97304:5803:5828 [0] NCCL INFO ==========================================
crdnotebook-2076293935161401346-scnv1ejp8d-97304:5803:5828 [0] NCCL INFO GPU/4000 :GPU/0-4000 (0/5000.0/LOC) GPU/0-27000 (5/12.0/SYS) GPU/0-43000 (5/12.0/SYS) GPU/0-63000 (5/12.0/SYS) CPU/0-0 (2/12.0/PHB) CPU/0-1 (3/12.0/SYS) CPU/0-2 (3/12.0/SYS) CPU/0-3 (3/12.0/SYS) 
crdnotebook-2076293935161401346-scnv1ejp8d-97304:5803:5828 [0] NCCL INFO GPU/27000 :GPU/0-4000 (5/12.0/SYS) GPU/0-27000 (0/5000.0/LOC) GPU/0-43000 (5/12.0/SYS) GPU/0-63000 (5/12.0/SYS) CPU/0-0 (3/12.0/SYS) CPU/0-1 (2/12.0/PHB) CPU/0-2 (3/12.0/SYS) CPU/0-3 (3/12.0/SYS) 
crdnotebook-2076293935161401346-scnv1ejp8d-97304:5803:5828 [0] NCCL INFO GPU/43000 :GPU/0-4000 (5/12.0/SYS) GPU/0-27000 (5/12.0/SYS) GPU/0-43000 (0/5000.0/LOC) GPU/0-63000 (5/12.0/SYS) CPU/0-0 (3/12.0/SYS) CPU/0-1 (3/12.0/SYS) CPU/0-2 (2/12.0/PHB) CPU/0-3 (3/12.0/SYS) 
crdnotebook-2076293935161401346-scnv1ejp8d-97304:5803:5828 [0] NCCL INFO GPU/63000 :GPU/0-4000 (5/12.0/SYS) GPU/0-27000 (5/12.0/SYS) GPU/0-43000 (5/12.0/SYS) GPU/0-63000 (0/5000.0/LOC) CPU/0-0 (3/12.0/SYS) CPU/0-1 (3/12.0/SYS) CPU/0-2 (3/12.0/SYS) CPU/0-3 (2/12.0/PHB) 
crdnotebook-2076293935161401346-scnv1ejp8d-97304:5803:5828 [0] NCCL INFO Setting affinity for GPU 0 to 01
crdnotebook-2076293935161401346-scnv1ejp8d-97304:5803:5828 [0] NCCL INFO Rank:0 link topo type is only pcie
crdnotebook-2076293935161401346-scnv1ejp8d-97304:5803:5828 [0] NCCL INFO Transport init rank 0 useXdp 0 linkTopoType 3
crdnotebook-2076293935161401346-scnv1ejp8d-97304:5805:5831 [2] NCCL INFO Pattern 4, crossNic 0, nChannels 1, bw 12.000000/12.000000, type SYS/PIX, sameChannels 1
crdnotebook-2076293935161401346-scnv1ejp8d-97304:5805:5831 [2] NCCL INFO  0 : GPU/0 GPU/1 GPU/2 GPU/3
crdnotebook-2076293935161401346-scnv1ejp8d-97304:5805:5831 [2] NCCL INFO Pattern 1, crossNic 0, nChannels 1, bw 12.000000/12.000000, type SYS/PIX, sameChannels 1
crdnotebook-2076293935161401346-scnv1ejp8d-97304:5805:5831 [2] NCCL INFO  0 : GPU/0 GPU/1 GPU/2 GPU/3
crdnotebook-2076293935161401346-scnv1ejp8d-97304:5806:5830 [3] NCCL INFO Pattern 4, crossNic 0, nChannels 1, bw 12.000000/12.000000, type SYS/PIX, sameChannels 1
crdnotebook-2076293935161401346-scnv1ejp8d-97304:5806:5830 [3] NCCL INFO  0 : GPU/0 GPU/1 GPU/2 GPU/3
crdnotebook-2076293935161401346-scnv1ejp8d-97304:5806:5830 [3] NCCL INFO Pattern 1, crossNic 0, nChannels 1, bw 12.000000/12.000000, type SYS/PIX, sameChannels 1
crdnotebook-2076293935161401346-scnv1ejp8d-97304:5806:5830 [3] NCCL INFO  0 : GPU/0 GPU/1 GPU/2 GPU/3
crdnotebook-2076293935161401346-scnv1ejp8d-97304:5803:5828 [0] NCCL INFO Pattern 4, crossNic 0, nChannels 1, bw 12.000000/12.000000, type SYS/PIX, sameChannels 1
crdnotebook-2076293935161401346-scnv1ejp8d-97304:5803:5828 [0] NCCL INFO  0 : GPU/0 GPU/1 GPU/2 GPU/3
crdnotebook-2076293935161401346-scnv1ejp8d-97304:5803:5828 [0] NCCL INFO Pattern 1, crossNic 0, nChannels 1, bw 12.000000/12.000000, type SYS/PIX, sameChannels 1
crdnotebook-2076293935161401346-scnv1ejp8d-97304:5803:5828 [0] NCCL INFO  0 : GPU/0 GPU/1 GPU/2 GPU/3
crdnotebook-2076293935161401346-scnv1ejp8d-97304:5806:5830 [3] NCCL INFO comm 0x1881460 rank 3 nRanks 4 nNodes 1 localRanks 4 localRank 3 MNNVL 0
crdnotebook-2076293935161401346-scnv1ejp8d-97304:5804:5829 [1] NCCL INFO comm 0x15076d0 rank 1 nRanks 4 nNodes 1 localRanks 4 localRank 1 MNNVL 0
crdnotebook-2076293935161401346-scnv1ejp8d-97304:5804:5829 [1] NCCL INFO Tree 0 : 0 -> 1 -> 2/-1/-1
crdnotebook-2076293935161401346-scnv1ejp8d-97304:5805:5831 [2] NCCL INFO comm 0x20dd4f0 rank 2 nRanks 4 nNodes 1 localRanks 4 localRank 2 MNNVL 0
crdnotebook-2076293935161401346-scnv1ejp8d-97304:5805:5831 [2] NCCL INFO Ring 0 : 1 -> 2 -> 3 comm 0x20dd4f0 nRanks 04 busId 43000
crdnotebook-2076293935161401346-scnv1ejp8d-97304:5803:5828 [0] NCCL INFO comm 0x2510fc0 rank 0 nRanks 4 nNodes 1 localRanks 4 localRank 0 MNNVL 0
crdnotebook-2076293935161401346-scnv1ejp8d-97304:5803:5828 [0] NCCL INFO [RINGS]      00
crdnotebook-2076293935161401346-scnv1ejp8d-97304:5803:5828 [0] NCCL INFO [RINGS]  00->03
crdnotebook-2076293935161401346-scnv1ejp8d-97304:5803:5828 [0] NCCL INFO Tree 0 : -1 -> 0 -> 1/-1/-1
crdnotebook-2076293935161401346-scnv1ejp8d-97304:5803:5828 [0] NCCL INFO Tree 1 : -1 -> 0 -> 1/-1/-1
crdnotebook-2076293935161401346-scnv1ejp8d-97304:5803:5828 [0] NCCL INFO Channel 00/04 :    0   1   2   3
crdnotebook-2076293935161401346-scnv1ejp8d-97304:5803:5828 [0] NCCL INFO Channel 01/04 :    0   1   2   3
crdnotebook-2076293935161401346-scnv1ejp8d-97304:5803:5828 [0] NCCL INFO Channel 02/04 :    0   1   2   3
crdnotebook-2076293935161401346-scnv1ejp8d-97304:5803:5828 [0] NCCL INFO Channel 03/04 :    0   1   2   3
crdnotebook-2076293935161401346-scnv1ejp8d-97304:5803:5828 [0] NCCL INFO Ring 0 : 3 -> 0 -> 1 comm 0x2510fc0 nRanks 04 busId 4000
crdnotebook-2076293935161401346-scnv1ejp8d-97304:5803:5828 [0] NCCL INFO Ring 1 : 3 -> 0 -> 1 comm 0x2510fc0 nRanks 04 busId 4000
crdnotebook-2076293935161401346-scnv1ejp8d-97304:5803:5828 [0] NCCL INFO Ring 2 : 3 -> 0 -> 1 comm 0x2510fc0 nRanks 04 busId 4000
crdnotebook-2076293935161401346-scnv1ejp8d-97304:5806:5830 [3] NCCL INFO Ring 0 : 2 -> 3 -> 0 comm 0x1881460 nRanks 04 busId 63000
crdnotebook-2076293935161401346-scnv1ejp8d-97304:5806:5830 [3] NCCL INFO Ring 1 : 2 -> 3 -> 0 comm 0x1881460 nRanks 04 busId 63000
crdnotebook-2076293935161401346-scnv1ejp8d-97304:5806:5830 [3] NCCL INFO Ring 2 : 2 -> 3 -> 0 comm 0x1881460 nRanks 04 busId 63000
crdnotebook-2076293935161401346-scnv1ejp8d-97304:5806:5830 [3] NCCL INFO Ring 3 : 2 -> 3 -> 0 comm 0x1881460 nRanks 04 busId 63000
crdnotebook-2076293935161401346-scnv1ejp8d-97304:5806:5830 [3] NCCL INFO Trees [0] -1/-1/-1->3->2 [1] -1/-1/-1->3->2 [2] -1/-1/-1->3->2 [3] -1/-1/-1->3->2 comm 0x1881460 nRanks 04 busId 63000
crdnotebook-2076293935161401346-scnv1ejp8d-97304:5806:5830 [3] NCCL INFO P2P Chunksize set to 131072
crdnotebook-2076293935161401346-scnv1ejp8d-97304:5806:5830 [3] NCCL INFO comm->autoPerPeerOn: 0, comm->p2pnChannels: 4, comm->p2pnChannelsPerPeer: 4
crdnotebook-2076293935161401346-scnv1ejp8d-97304:5804:5829 [1] NCCL INFO Tree 1 : 0 -> 1 -> 2/-1/-1
crdnotebook-2076293935161401346-scnv1ejp8d-97304:5804:5829 [1] NCCL INFO Ring 0 : 0 -> 1 -> 2 comm 0x15076d0 nRanks 04 busId 27000
crdnotebook-2076293935161401346-scnv1ejp8d-97304:5804:5829 [1] NCCL INFO Ring 1 : 0 -> 1 -> 2 comm 0x15076d0 nRanks 04 busId 27000
crdnotebook-2076293935161401346-scnv1ejp8d-97304:5804:5829 [1] NCCL INFO Ring 2 : 0 -> 1 -> 2 comm 0x15076d0 nRanks 04 busId 27000
crdnotebook-2076293935161401346-scnv1ejp8d-97304:5804:5829 [1] NCCL INFO Ring 3 : 0 -> 1 -> 2 comm 0x15076d0 nRanks 04 busId 27000
crdnotebook-2076293935161401346-scnv1ejp8d-97304:5804:5829 [1] NCCL INFO Trees [0] 2/-1/-1->1->0 [1] 2/-1/-1->1->0 [2] 2/-1/-1->1->0 [3] 2/-1/-1->1->0 comm 0x15076d0 nRanks 04 busId 27000
crdnotebook-2076293935161401346-scnv1ejp8d-97304:5804:5829 [1] NCCL INFO P2P Chunksize set to 131072
crdnotebook-2076293935161401346-scnv1ejp8d-97304:5804:5829 [1] NCCL INFO comm->autoPerPeerOn: 0, comm->p2pnChannels: 4, comm->p2pnChannelsPerPeer: 4
crdnotebook-2076293935161401346-scnv1ejp8d-97304:5805:5831 [2] NCCL INFO Ring 1 : 1 -> 2 -> 3 comm 0x20dd4f0 nRanks 04 busId 43000
crdnotebook-2076293935161401346-scnv1ejp8d-97304:5805:5831 [2] NCCL INFO Ring 2 : 1 -> 2 -> 3 comm 0x20dd4f0 nRanks 04 busId 43000
crdnotebook-2076293935161401346-scnv1ejp8d-97304:5805:5831 [2] NCCL INFO Ring 3 : 1 -> 2 -> 3 comm 0x20dd4f0 nRanks 04 busId 43000
crdnotebook-2076293935161401346-scnv1ejp8d-97304:5805:5831 [2] NCCL INFO Trees [0] 3/-1/-1->2->1 [1] 3/-1/-1->2->1 [2] 3/-1/-1->2->1 [3] 3/-1/-1->2->1 comm 0x20dd4f0 nRanks 04 busId 43000
crdnotebook-2076293935161401346-scnv1ejp8d-97304:5805:5831 [2] NCCL INFO P2P Chunksize set to 131072
crdnotebook-2076293935161401346-scnv1ejp8d-97304:5805:5831 [2] NCCL INFO comm->autoPerPeerOn: 0, comm->p2pnChannels: 4, comm->p2pnChannelsPerPeer: 4
crdnotebook-2076293935161401346-scnv1ejp8d-97304:5803:5828 [0] NCCL INFO Ring 3 : 3 -> 0 -> 1 comm 0x2510fc0 nRanks 04 busId 4000
crdnotebook-2076293935161401346-scnv1ejp8d-97304:5803:5828 [0] NCCL INFO Trees [0] 1/-1/-1->0->-1 [1] 1/-1/-1->0->-1 [2] 1/-1/-1->0->-1 [3] 1/-1/-1->0->-1 comm 0x2510fc0 nRanks 04 busId 4000
crdnotebook-2076293935161401346-scnv1ejp8d-97304:5803:5828 [0] NCCL INFO P2P Chunksize set to 131072
crdnotebook-2076293935161401346-scnv1ejp8d-97304:5803:5828 [0] NCCL INFO comm->autoPerPeerOn: 0, comm->p2pnChannels: 4, comm->p2pnChannelsPerPeer: 4
crdnotebook-2076293935161401346-scnv1ejp8d-97304:5803:5828 [0] NCCL INFO Channel 00/0 : 0[4000] -> 1[27000] via P2P/IPC comm 0x2510fc0 nRanks 04
crdnotebook-2076293935161401346-scnv1ejp8d-97304:5803:5828 [0] NCCL INFO Channel 01/0 : 0[4000] -> 1[27000] via P2P/IPC comm 0x2510fc0 nRanks 04
crdnotebook-2076293935161401346-scnv1ejp8d-97304:5803:5828 [0] NCCL INFO Channel 02/0 : 0[4000] -> 1[27000] via P2P/IPC comm 0x2510fc0 nRanks 04
crdnotebook-2076293935161401346-scnv1ejp8d-97304:5803:5828 [0] NCCL INFO Channel 03/0 : 0[4000] -> 1[27000] via P2P/IPC comm 0x2510fc0 nRanks 04
crdnotebook-2076293935161401346-scnv1ejp8d-97304:5805:5831 [2] NCCL INFO Channel 00/0 : 2[43000] -> 3[63000] via P2P/IPC comm 0x20dd4f0 nRanks 04
crdnotebook-2076293935161401346-scnv1ejp8d-97304:5805:5831 [2] NCCL INFO Channel 01/0 : 2[43000] -> 3[63000] via P2P/IPC comm 0x20dd4f0 nRanks 04
crdnotebook-2076293935161401346-scnv1ejp8d-97304:5805:5831 [2] NCCL INFO Channel 02/0 : 2[43000] -> 3[63000] via P2P/IPC comm 0x20dd4f0 nRanks 04
crdnotebook-2076293935161401346-scnv1ejp8d-97304:5805:5831 [2] NCCL INFO Channel 03/0 : 2[43000] -> 3[63000] via P2P/IPC comm 0x20dd4f0 nRanks 04
crdnotebook-2076293935161401346-scnv1ejp8d-97304:5806:5830 [3] NCCL INFO Channel 00/0 : 3[63000] -> 0[4000] via P2P/IPC comm 0x1881460 nRanks 04
crdnotebook-2076293935161401346-scnv1ejp8d-97304:5804:5829 [1] NCCL INFO Channel 00/0 : 1[27000] -> 2[43000] via P2P/IPC comm 0x15076d0 nRanks 04
crdnotebook-2076293935161401346-scnv1ejp8d-97304:5806:5830 [3] NCCL INFO Channel 01/0 : 3[63000] -> 0[4000] via P2P/IPC comm 0x1881460 nRanks 04
crdnotebook-2076293935161401346-scnv1ejp8d-97304:5806:5830 [3] NCCL INFO Channel 02/0 : 3[63000] -> 0[4000] via P2P/IPC comm 0x1881460 nRanks 04
crdnotebook-2076293935161401346-scnv1ejp8d-97304:5804:5829 [1] NCCL INFO Channel 01/0 : 1[27000] -> 2[43000] via P2P/IPC comm 0x15076d0 nRanks 04
crdnotebook-2076293935161401346-scnv1ejp8d-97304:5806:5830 [3] NCCL INFO Channel 03/0 : 3[63000] -> 0[4000] via P2P/IPC comm 0x1881460 nRanks 04
crdnotebook-2076293935161401346-scnv1ejp8d-97304:5804:5829 [1] NCCL INFO Channel 02/0 : 1[27000] -> 2[43000] via P2P/IPC comm 0x15076d0 nRanks 04
crdnotebook-2076293935161401346-scnv1ejp8d-97304:5804:5829 [1] NCCL INFO Channel 03/0 : 1[27000] -> 2[43000] via P2P/IPC comm 0x15076d0 nRanks 04
crdnotebook-2076293935161401346-scnv1ejp8d-97304:5805:5831 [2] NCCL INFO Connected all rings
crdnotebook-2076293935161401346-scnv1ejp8d-97304:5804:5829 [1] NCCL INFO Connected all rings
crdnotebook-2076293935161401346-scnv1ejp8d-97304:5806:5830 [3] NCCL INFO Connected all rings
crdnotebook-2076293935161401346-scnv1ejp8d-97304:5806:5830 [3] NCCL INFO Channel 00/0 : 3[63000] -> 2[43000] via P2P/IPC comm 0x1881460 nRanks 04
crdnotebook-2076293935161401346-scnv1ejp8d-97304:5803:5828 [0] NCCL INFO Connected all rings
crdnotebook-2076293935161401346-scnv1ejp8d-97304:5806:5830 [3] NCCL INFO Channel 01/0 : 3[63000] -> 2[43000] via P2P/IPC comm 0x1881460 nRanks 04
crdnotebook-2076293935161401346-scnv1ejp8d-97304:5805:5831 [2] NCCL INFO Channel 00/0 : 2[43000] -> 1[27000] via P2P/IPC comm 0x20dd4f0 nRanks 04
crdnotebook-2076293935161401346-scnv1ejp8d-97304:5806:5830 [3] NCCL INFO Channel 02/0 : 3[63000] -> 2[43000] via P2P/IPC comm 0x1881460 nRanks 04
crdnotebook-2076293935161401346-scnv1ejp8d-97304:5805:5831 [2] NCCL INFO Channel 01/0 : 2[43000] -> 1[27000] via P2P/IPC comm 0x20dd4f0 nRanks 04
crdnotebook-2076293935161401346-scnv1ejp8d-97304:5806:5830 [3] NCCL INFO Channel 03/0 : 3[63000] -> 2[43000] via P2P/IPC comm 0x1881460 nRanks 04
crdnotebook-2076293935161401346-scnv1ejp8d-97304:5804:5829 [1] NCCL INFO Channel 00/0 : 1[27000] -> 0[4000] via P2P/IPC comm 0x15076d0 nRanks 04
crdnotebook-2076293935161401346-scnv1ejp8d-97304:5805:5831 [2] NCCL INFO Channel 02/0 : 2[43000] -> 1[27000] via P2P/IPC comm 0x20dd4f0 nRanks 04
crdnotebook-2076293935161401346-scnv1ejp8d-97304:5804:5829 [1] NCCL INFO Channel 01/0 : 1[27000] -> 0[4000] via P2P/IPC comm 0x15076d0 nRanks 04
crdnotebook-2076293935161401346-scnv1ejp8d-97304:5805:5831 [2] NCCL INFO Channel 03/0 : 2[43000] -> 1[27000] via P2P/IPC comm 0x20dd4f0 nRanks 04
crdnotebook-2076293935161401346-scnv1ejp8d-97304:5804:5829 [1] NCCL INFO Channel 02/0 : 1[27000] -> 0[4000] via P2P/IPC comm 0x15076d0 nRanks 04
crdnotebook-2076293935161401346-scnv1ejp8d-97304:5804:5829 [1] NCCL INFO Channel 03/0 : 1[27000] -> 0[4000] via P2P/IPC comm 0x15076d0 nRanks 04
crdnotebook-2076293935161401346-scnv1ejp8d-97304:5806:5830 [3] NCCL INFO Connected all trees
crdnotebook-2076293935161401346-scnv1ejp8d-97304:5806:5830 [3] NCCL INFO threadThresholds 8/8/64 | 32/8/64 | 256 | 256
crdnotebook-2076293935161401346-scnv1ejp8d-97304:5806:5830 [3] NCCL INFO 4 coll channels, 4 collnet channels, 0 nvls channels, 4 p2p channels, 4 p2p channels per peer
crdnotebook-2076293935161401346-scnv1ejp8d-97304:5803:5828 [0] NCCL INFO Connected all trees
crdnotebook-2076293935161401346-scnv1ejp8d-97304:5803:5828 [0] NCCL INFO   Algorithm   |                            Tree                  |                            Ring                  |                   CollNetDirect                  |
crdnotebook-2076293935161401346-scnv1ejp8d-97304:5803:5828 [0] NCCL INFO   Protocol    |             LL |          LL128 |         Simple |             LL |          LL128 |         Simple |             LL |          LL128 |         Simple |
crdnotebook-2076293935161401346-scnv1ejp8d-97304:5803:5828 [0] NCCL INFO  Max NThreads |            256 |            256 |            256 |            256 |            256 |            256 |            256 |              0 |            256 |
crdnotebook-2076293935161401346-scnv1ejp8d-97304:5803:5828 [0] NCCL INFO     Broadcast |     0.0/   0.0 |     0.0/   0.0 |     0.0/   0.0 |    14.2/   3.6 |    14.2/   0.0 |    22.7/  10.0 |     0.0/   0.0 |     0.0/   0.0 |     0.0/   0.0 |
crdnotebook-2076293935161401346-scnv1ejp8d-97304:5803:5828 [0] NCCL INFO        Reduce |     0.0/   0.0 |     0.0/   0.0 |     0.0/   0.0 |    14.2/   3.6 |    14.2/   0.0 |    22.7/  10.0 |     0.0/   0.0 |     0.0/   0.0 |     0.0/   0.0 |
crdnotebook-2076293935161401346-scnv1ejp8d-97304:5803:5828 [0] NCCL INFO     AllGather |     0.0/   0.0 |     0.0/   0.0 |     0.0/   0.0 |    18.6/   4.8 |    18.6/   0.0 |    34.1/  13.3 |    14.4/   0.0 |    14.4/   0.0 |    42.6/   0.0 |
crdnotebook-2076293935161401346-scnv1ejp8d-97304:5803:5828 [0] NCCL INFO ReduceScatter |     0.0/   0.0 |     0.0/   0.0 |     0.0/   0.0 |    18.6/   4.8 |    18.6/   0.0 |    34.1/  13.3 |    14.4/   0.0 |    14.4/   0.0 |    42.6/   0.0 |
crdnotebook-2076293935161401346-scnv1ejp8d-97304:5805:5831 [2] NCCL INFO Connected all trees
crdnotebook-2076293935161401346-scnv1ejp8d-97304:5805:5831 [2] NCCL INFO threadThresholds 8/8/64 | 32/8/64 | 256 | 256
crdnotebook-2076293935161401346-scnv1ejp8d-97304:5805:5831 [2] NCCL INFO 4 coll channels, 4 collnet channels, 0 nvls channels, 4 p2p channels, 4 p2p channels per peer
crdnotebook-2076293935161401346-scnv1ejp8d-97304:5804:5829 [1] NCCL INFO Connected all trees
crdnotebook-2076293935161401346-scnv1ejp8d-97304:5803:5828 [0] NCCL INFO     AllReduce |    24.5/   0.5 |    24.5/   0.0 |    49.5/   3.0 |    25.2/   2.4 |    25.2/   0.0 |    51.2/   6.6 |    14.4/   0.0 |    14.4/   0.0 |    42.6/   0.0 |
crdnotebook-2076293935161401346-scnv1ejp8d-97304:5803:5828 [0] NCCL INFO   Algorithm   |                    CollNetChain                  |                            NVLS                  |                        NVLSTree                  |
crdnotebook-2076293935161401346-scnv1ejp8d-97304:5803:5828 [0] NCCL INFO   Protocol    |             LL |          LL128 |         Simple |             LL |          LL128 |         Simple |             LL |          LL128 |         Simple |
crdnotebook-2076293935161401346-scnv1ejp8d-97304:5804:5829 [1] NCCL INFO threadThresholds 8/8/64 | 32/8/64 | 256 | 256
crdnotebook-2076293935161401346-scnv1ejp8d-97304:5804:5829 [1] NCCL INFO 4 coll channels, 4 collnet channels, 0 nvls channels, 4 p2p channels, 4 p2p channels per peer
crdnotebook-2076293935161401346-scnv1ejp8d-97304:5803:5828 [0] NCCL INFO  Max NThreads |              0 |              0 |              0 |              0 |              0 |              0 |              0 |              0 |              0 |
crdnotebook-2076293935161401346-scnv1ejp8d-97304:5803:5828 [0] NCCL INFO     Broadcast |     0.0/   0.0 |     0.0/   0.0 |     0.0/   0.0 |     0.0/   0.0 |     0.0/   0.0 |     0.0/   0.0 |     0.0/   0.0 |     0.0/   0.0 |     0.0/   0.0 |
crdnotebook-2076293935161401346-scnv1ejp8d-97304:5803:5828 [0] NCCL INFO        Reduce |     0.0/   0.0 |     0.0/   0.0 |     0.0/   0.0 |     0.0/   0.0 |     0.0/   0.0 |     0.0/   0.0 |     0.0/   0.0 |     0.0/   0.0 |     0.0/   0.0 |
crdnotebook-2076293935161401346-scnv1ejp8d-97304:5803:5828 [0] NCCL INFO     AllGather |     0.0/   0.0 |     0.0/   0.0 |     0.0/   0.0 |     0.0/   0.0 |     0.0/   0.0 |     0.0/   0.0 |     0.0/   0.0 |     0.0/   0.0 |     0.0/   0.0 |
crdnotebook-2076293935161401346-scnv1ejp8d-97304:5803:5828 [0] NCCL INFO ReduceScatter |     0.0/   0.0 |     0.0/   0.0 |     0.0/   0.0 |     0.0/   0.0 |     0.0/   0.0 |     0.0/   0.0 |     0.0/   0.0 |     0.0/   0.0 |     0.0/   0.0 |
crdnotebook-2076293935161401346-scnv1ejp8d-97304:5803:5828 [0] NCCL INFO     AllReduce |    12.0/   0.0 |    12.0/   0.0 |    69.4/   0.0 |     0.0/   0.0 |     0.0/   0.0 |     0.0/   0.0 |     0.0/   0.0 |     0.0/   0.0 |     0.0/   0.0 |
crdnotebook-2076293935161401346-scnv1ejp8d-97304:5803:5828 [0] NCCL INFO threadThresholds 8/8/64 | 32/8/64 | 256 | 256
crdnotebook-2076293935161401346-scnv1ejp8d-97304:5803:5828 [0] NCCL INFO 4 coll channels, 4 collnet channels, 0 nvls channels, 4 p2p channels, 4 p2p channels per peer
crdnotebook-2076293935161401346-scnv1ejp8d-97304:5803:5828 [0] NCCL INFO CC Off, Multi-GPU CC Off, workFifoBytes 4194304
crdnotebook-2076293935161401346-scnv1ejp8d-97304:5804:5829 [1] NCCL INFO TUNER/Plugin: Could not find: librccl-tuner.so librccl-net.so. Using internal tuner plugin.
crdnotebook-2076293935161401346-scnv1ejp8d-97304:5804:5829 [1] NCCL INFO ncclCommInitRank comm 0x15076d0 rank 1 nranks 4 cudaDev 1 nvmlDev 1 busId 27000 commId 0xe5d59909e6d44464 localSize 512 used 73498832 bytes on core 1 - Init COMPLETE
crdnotebook-2076293935161401346-scnv1ejp8d-97304:5804:5829 [1] NCCL INFO Init timings: rank 1 nranks 4 total 0.79 (kernels 0.07, bootstrap 0.06, allgathers 0.00, topo 0.46, graphs 0.00, connections 0.19, rest 0.00)
crdnotebook-2076293935161401346-scnv1ejp8d-97304:5806:5830 [3] NCCL INFO TUNER/Plugin: Could not find: librccl-tuner.so librccl-net.so. Using internal tuner plugin.
crdnotebook-2076293935161401346-scnv1ejp8d-97304:5806:5830 [3] NCCL INFO ncclCommInitRank comm 0x1881460 rank 3 nranks 4 cudaDev 3 nvmlDev 3 busId 63000 commId 0xe5d59909e6d44464 localSize 512 used 62210256 bytes on core 3 - Init COMPLETE
crdnotebook-2076293935161401346-scnv1ejp8d-97304:5806:5830 [3] NCCL INFO Init timings: rank 3 nranks 4 total 0.79 (kernels 0.07, bootstrap 0.06, allgathers 0.00, topo 0.46, graphs 0.00, connections 0.19, rest 0.00)
crdnotebook-2076293935161401346-scnv1ejp8d-97304:5805:5831 [2] NCCL INFO TUNER/Plugin: Could not find: librccl-tuner.so librccl-net.so. Using internal tuner plugin.
crdnotebook-2076293935161401346-scnv1ejp8d-97304:5805:5831 [2] NCCL INFO ncclCommInitRank comm 0x20dd4f0 rank 2 nranks 4 cudaDev 2 nvmlDev 2 busId 43000 commId 0xe5d59909e6d44464 localSize 512 used 73498832 bytes on core 2 - Init COMPLETE
crdnotebook-2076293935161401346-scnv1ejp8d-97304:5805:5831 [2] NCCL INFO Init timings: rank 2 nranks 4 total 0.79 (kernels 0.07, bootstrap 0.06, allgathers 0.00, topo 0.46, graphs 0.00, connections 0.19, rest 0.00)
crdnotebook-2076293935161401346-scnv1ejp8d-97304:5803:5828 [0] NCCL INFO TUNER/Plugin: Could not find: librccl-tuner.so librccl-net.so. Using internal tuner plugin.
crdnotebook-2076293935161401346-scnv1ejp8d-97304:5803:5828 [0] NCCL INFO ncclCommInitRank comm 0x2510fc0 rank 0 nranks 4 cudaDev 0 nvmlDev 0 busId 4000 commId 0xe5d59909e6d44464 localSize 512 used 65110224 bytes on core 0 - Init COMPLETE
crdnotebook-2076293935161401346-scnv1ejp8d-97304:5803:5828 [0] NCCL INFO Init timings: rank 0 nranks 4 total 0.79 (kernels 0.07, bootstrap 0.06, allgathers 0.00, topo 0.46, graphs 0.00, connections 0.19, rest 0.00)
#
#                                                              out-of-place         
#       size         count      type   redop    root     time   algbw   busbw #wrong                               
#        (B)    (elements)                               (us)  (GB/s)  (GB/s)                                       
crdnotebook-2076293935161401346-scnv1ejp8d-97304:5803:5803 [0] NCCL INFO AllGather: opCount 0 sendbuff 0x7fe914200000 recvbuff 0x7fe914300000 count 65536 datatype 7 op 0 root 0 comm 0x2510fc0 [nranks=4] stream 0x2510a60 task 0 globalrank 0
crdnotebook-2076293935161401346-scnv1ejp8d-97304:5806:5806 [3] NCCL INFO AllGather: opCount 0 sendbuff 0x7fab9de00000 recvbuff 0x7fab9df00000 count 65536 datatype 7 op 0 root 0 comm 0x1881460 [nranks=4] stream 0x187e190 task 0 globalrank 3
crdnotebook-2076293935161401346-scnv1ejp8d-97304:5805:5805 [2] NCCL INFO AllGather: opCount 0 sendbuff 0x7f62a6400000 recvbuff 0x7f62a6500000 count 65536 datatype 7 op 0 root 0 comm 0x20dd4f0 [nranks=4] stream 0x20da270 task 0 globalrank 2
crdnotebook-2076293935161401346-scnv1ejp8d-97304:5803:5803 [0] NCCL INFO 1048576 Bytes -> Algo 1 proto 2 time 113.059029
crdnotebook-2076293935161401346-scnv1ejp8d-97304:5803:5803 [0] NCCL INFO Global rank 0 : opCount 0 slicesteps 2 spl 3 cpl 4 nbytes 262144 -> protocol Simple algorithm Ring nchannels 4 , nloops 1 nsteps 12 chunksize 1048576 comm 0x2510fc0 
crdnotebook-2076293935161401346-scnv1ejp8d-97304:5806:5806 [3] NCCL INFO Global rank 3 : opCount 0 slicesteps 2 spl 3 cpl 4 nbytes 262144 -> protocol Simple algorithm Ring nchannels 4 , nloops 1 nsteps 12 chunksize 1048576 comm 0x1881460 
crdnotebook-2076293935161401346-scnv1ejp8d-97304:5806:5806 [3] NCCL INFO Global rank 3 : opCount 0 slicesteps 2 spl 3 cpl 4 nbytes 262144 -> protocol Simple algorithm Ring nchannels 4 , nloops 1 nsteps 12 chunksize 1048576 comm 0x1881460 
crdnotebook-2076293935161401346-scnv1ejp8d-97304:5806:5806 [3] NCCL INFO Global rank 3 : opCount 0 slicesteps 2 spl 3 cpl 4 nbytes 262144 -> protocol Simple algorithm Ring nchannels 4 , nloops 1 nsteps 12 chunksize 1048576 comm 0x1881460 
crdnotebook-2076293935161401346-scnv1ejp8d-97304:5804:5804 [1] NCCL INFO AllGather: opCount 0 sendbuff 0x7f4a57000000 recvbuff 0x7f4a57100000 count 65536 datatype 7 op 0 root 0 comm 0x15076d0 [nranks=4] stream 0x1504430 task 0 globalrank 1
crdnotebook-2076293935161401346-scnv1ejp8d-97304:5804:5804 [1] NCCL INFO Global rank 1 : opCount 0 slicesteps 2 spl 3 cpl 4 nbytes 262144 -> protocol Simple algorithm Ring nchannels 4 , nloops 1 nsteps 12 chunksize 1048576 comm 0x15076d0 
crdnotebook-2076293935161401346-scnv1ejp8d-97304:5804:5804 [1] NCCL INFO Global rank 1 : opCount 0 slicesteps 2 spl 3 cpl 4 nbytes 262144 -> protocol Simple algorithm Ring nchannels 4 , nloops 1 nsteps 12 chunksize 1048576 comm 0x15076d0 
crdnotebook-2076293935161401346-scnv1ejp8d-97304:5804:5804 [1] NCCL INFO Global rank 1 : opCount 0 slicesteps 2 spl 3 cpl 4 nbytes 262144 -> protocol Simple algorithm Ring nchannels 4 , nloops 1 nsteps 12 chunksize 1048576 comm 0x15076d0 
crdnotebook-2076293935161401346-scnv1ejp8d-97304:5803:5803 [0] NCCL INFO Global rank 0 : opCount 0 slicesteps 2 spl 3 cpl 4 nbytes 262144 -> protocol Simple algorithm Ring nchannels 4 , nloops 1 nsteps 12 chunksize 1048576 comm 0x2510fc0 
crdnotebook-2076293935161401346-scnv1ejp8d-97304:5803:5803 [0] NCCL INFO Global rank 0 : opCount 0 slicesteps 2 spl 3 cpl 4 nbytes 262144 -> protocol Simple algorithm Ring nchannels 4 , nloops 1 nsteps 12 chunksize 1048576 comm 0x2510fc0 
crdnotebook-2076293935161401346-scnv1ejp8d-97304:5805:5805 [2] NCCL INFO Global rank 2 : opCount 0 slicesteps 2 spl 3 cpl 4 nbytes 262144 -> protocol Simple algorithm Ring nchannels 4 , nloops 1 nsteps 12 chunksize 1048576 comm 0x20dd4f0 
crdnotebook-2076293935161401346-scnv1ejp8d-97304:5805:5805 [2] NCCL INFO Global rank 2 : opCount 0 slicesteps 2 spl 3 cpl 4 nbytes 262144 -> protocol Simple algorithm Ring nchannels 4 , nloops 1 nsteps 12 chunksize 1048576 comm 0x20dd4f0 
crdnotebook-2076293935161401346-scnv1ejp8d-97304:5805:5805 [2] NCCL INFO Global rank 2 : opCount 0 slicesteps 2 spl 3 cpl 4 nbytes 262144 -> protocol Simple algorithm Ring nchannels 4 , nloops 1 nsteps 12 chunksize 1048576 comm 0x20dd4f0 
crdnotebook-2076293935161401346-scnv1ejp8d-97304:5803:5803 [0] NCCL INFO AllGather: opCount 1 sendbuff 0x7fe914200000 recvbuff 0x7fe914300000 count 65536 datatype 7 op 0 root 0 comm 0x2510fc0 [nranks=4] stream 0x2510a60 task 0 globalrank 0
crdnotebook-2076293935161401346-scnv1ejp8d-97304:5803:5803 [0] NCCL INFO 1048576 Bytes -> Algo 1 proto 2 time 113.059029
crdnotebook-2076293935161401346-scnv1ejp8d-97304:5803:5803 [0] NCCL INFO Global rank 0 : opCount 0 slicesteps 2 spl 3 cpl 4 nbytes 262144 -> protocol Simple algorithm Ring nchannels 4 , nloops 1 nsteps 12 chunksize 1048576 comm 0x2510fc0 
crdnotebook-2076293935161401346-scnv1ejp8d-97304:5803:5803 [0] NCCL INFO Global rank 0 : opCount 0 slicesteps 2 spl 3 cpl 4 nbytes 262144 -> protocol Simple algorithm Ring nchannels 4 , nloops 1 nsteps 12 chunksize 1048576 comm 0x2510fc0 
crdnotebook-2076293935161401346-scnv1ejp8d-97304:5803:5803 [0] NCCL INFO Global rank 0 : opCount 0 slicesteps 2 spl 3 cpl 4 nbytes 262144 -> protocol Simple algorithm Ring nchannels 4 , nloops 1 nsteps 12 chunksize 1048576 comm 0x2510fc0 
crdnotebook-2076293935161401346-scnv1ejp8d-97304:5803:5803 [0] NCCL INFO AllGather: opCount 2 sendbuff 0x7fe914200000 recvbuff 0x7fe914300000 count 65536 datatype 7 op 0 root 0 comm 0x2510fc0 [nranks=4] stream 0x2510a60 task 0 globalrank 0
crdnotebook-2076293935161401346-scnv1ejp8d-97304:5803:5803 [0] NCCL INFO 1048576 Bytes -> Algo 1 proto 2 time 113.059029
crdnotebook-2076293935161401346-scnv1ejp8d-97304:5803:5803 [0] NCCL INFO Global rank 0 : opCount 0 slicesteps 2 spl 3 cpl 4 nbytes 262144 -> protocol Simple algorithm Ring nchannels 4 , nloops 1 nsteps 12 chunksize 1048576 comm 0x2510fc0 
crdnotebook-2076293935161401346-scnv1ejp8d-97304:5803:5803 [0] NCCL INFO Global rank 0 : opCount 0 slicesteps 2 spl 3 cpl 4 nbytes 262144 -> protocol Simple algorithm Ring nchannels 4 , nloops 1 nsteps 12 chunksize 1048576 comm 0x2510fc0 
crdnotebook-2076293935161401346-scnv1ejp8d-97304:5803:5803 [0] NCCL INFO Global rank 0 : opCount 0 slicesteps 2 spl 3 cpl 4 nbytes 262144 -> protocol Simple algorithm Ring nchannels 4 , nloops 1 nsteps 12 chunksize 1048576 comm 0x2510fc0 
crdnotebook-2076293935161401346-scnv1ejp8d-97304:5803:5803 [0] NCCL INFO AllGather: opCount 3 sendbuff 0x7fe914200000 recvbuff 0x7fe914300000 count 65536 datatype 7 op 0 root 0 comm 0x2510fc0 [nranks=4] stream 0x2510a60 task 0 globalrank 0
crdnotebook-2076293935161401346-scnv1ejp8d-97304:5803:5803 [0] NCCL INFO 1048576 Bytes -> Algo 1 proto 2 time 113.059029
crdnotebook-2076293935161401346-scnv1ejp8d-97304:5803:5803 [0] NCCL INFO Global rank 0 : opCount 0 slicesteps 2 spl 3 cpl 4 nbytes 262144 -> protocol Simple algorithm Ring nchannels 4 , nloops 1 nsteps 12 chunksize 1048576 comm 0x2510fc0 
crdnotebook-2076293935161401346-scnv1ejp8d-97304:5803:5803 [0] NCCL INFO Global rank 0 : opCount 0 slicesteps 2 spl 3 cpl 4 nbytes 262144 -> protocol Simple algorithm Ring nchannels 4 , nloops 1 nsteps 12 chunksize 1048576 comm 0x2510fc0 
crdnotebook-2076293935161401346-scnv1ejp8d-97304:5803:5803 [0] NCCL INFO Global rank 0 : opCount 0 slicesteps 2 spl 3 cpl 4 nbytes 262144 -> protocol Simple algorithm Ring nchannels 4 , nloops 1 nsteps 12 chunksize 1048576 comm 0x2510fc0 
crdnotebook-2076293935161401346-scnv1ejp8d-97304:5803:5803 [0] NCCL INFO AllGather: opCount 4 sendbuff 0x7fe914200000 recvbuff 0x7fe914300000 count 65536 datatype 7 op 0 root 0 comm 0x2510fc0 [nranks=4] stream 0x2510a60 task 0 globalrank 0
crdnotebook-2076293935161401346-scnv1ejp8d-97304:5803:5803 [0] NCCL INFO 1048576 Bytes -> Algo 1 proto 2 time 113.059029
crdnotebook-2076293935161401346-scnv1ejp8d-97304:5803:5803 [0] NCCL INFO Global rank 0 : opCount 0 slicesteps 2 spl 3 cpl 4 nbytes 262144 -> protocol Simple algorithm Ring nchannels 4 , nloops 1 nsteps 12 chunksize 1048576 comm 0x2510fc0 
crdnotebook-2076293935161401346-scnv1ejp8d-97304:5803:5803 [0] NCCL INFO Global rank 0 : opCount 0 slicesteps 2 spl 3 cpl 4 nbytes 262144 -> protocol Simple algorithm Ring nchannels 4 , nloops 1 nsteps 12 chunksize 1048576 comm 0x2510fc0 
crdnotebook-2076293935161401346-scnv1ejp8d-97304:5803:5803 [0] NCCL INFO Global rank 0 : opCount 0 slicesteps 2 spl 3 cpl 4 nbytes 262144 -> protocol Simple algorithm Ring nchannels 4 , nloops 1 nsteps 12 chunksize 1048576 comm 0x2510fc0 
crdnotebook-2076293935161401346-scnv1ejp8d-97304:5803:5803 [0] NCCL INFO AllGather: opCount 5 sendbuff 0x7fe914200000 recvbuff 0x7fe914300000 count 65536 datatype 7 op 0 root 0 comm 0x2510fc0 [nranks=4] stream 0x2510a60 task 0 globalrank 0
crdnotebook-2076293935161401346-scnv1ejp8d-97304:5803:5803 [0] NCCL INFO 1048576 Bytes -> Algo 1 proto 2 time 113.059029
crdnotebook-2076293935161401346-scnv1ejp8d-97304:5803:5803 [0] NCCL INFO Global rank 0 : opCount 0 slicesteps 2 spl 3 cpl 4 nbytes 262144 -> protocol Simple algorithm Ring nchannels 4 , nloops 1 nsteps 12 chunksize 1048576 comm 0x2510fc0 
crdnotebook-2076293935161401346-scnv1ejp8d-97304:5803:5803 [0] NCCL INFO Global rank 0 : opCount 0 slicesteps 2 spl 3 cpl 4 nbytes 262144 -> protocol Simple algorithm Ring nchannels 4 , nloops 1 nsteps 12 chunksize 1048576 comm 0x2510fc0 
crdnotebook-2076293935161401346-scnv1ejp8d-97304:5803:5803 [0] NCCL INFO Global rank 0 : opCount 0 slicesteps 2 spl 3 cpl 4 nbytes 262144 -> protocol Simple algorithm Ring nchannels 4 , nloops 1 nsteps 12 chunksize 1048576 comm 0x2510fc0 
crdnotebook-2076293935161401346-scnv1ejp8d-97304:5803:5803 [0] NCCL INFO AllGather: opCount 6 sendbuff 0x7fe914200000 recvbuff 0x7fe914300000 count 65536 datatype 7 op 0 root 0 comm 0x2510fc0 [nranks=4] stream 0x2510a60 task 0 globalrank 0
crdnotebook-2076293935161401346-scnv1ejp8d-97304:5803:5803 [0] NCCL INFO 1048576 Bytes -> Algo 1 proto 2 time 113.059029
crdnotebook-2076293935161401346-scnv1ejp8d-97304:5803:5803 [0] NCCL INFO Global rank 0 : opCount 0 slicesteps 2 spl 3 cpl 4 nbytes 262144 -> protocol Simple algorithm Ring nchannels 4 , nloops 1 nsteps 12 chunksize 1048576 comm 0x2510fc0 
crdnotebook-2076293935161401346-scnv1ejp8d-97304:5803:5803 [0] NCCL INFO Global rank 0 : opCount 0 slicesteps 2 spl 3 cpl 4 nbytes 262144 -> protocol Simple algorithm Ring nchannels 4 , nloops 1 nsteps 12 chunksize 1048576 comm 0x2510fc0 
crdnotebook-2076293935161401346-scnv1ejp8d-97304:5803:5803 [0] NCCL INFO Global rank 0 : opCount 0 slicesteps 2 spl 3 cpl 4 nbytes 262144 -> protocol Simple algorithm Ring nchannels 4 , nloops 1 nsteps 12 chunksize 1048576 comm 0x2510fc0 
crdnotebook-2076293935161401346-scnv1ejp8d-97304:5803:5803 [0] NCCL INFO AllGather: opCount 7 sendbuff 0x7fe914200000 recvbuff 0x7fe914300000 count 65536 datatype 7 op 0 root 0 comm 0x2510fc0 [nranks=4] stream 0x2510a60 task 0 globalrank 0
crdnotebook-2076293935161401346-scnv1ejp8d-97304:5803:5803 [0] NCCL INFO 1048576 Bytes -> Algo 1 proto 2 time 113.059029
crdnotebook-2076293935161401346-scnv1ejp8d-97304:5803:5803 [0] NCCL INFO Global rank 0 : opCount 0 slicesteps 2 spl 3 cpl 4 nbytes 262144 -> protocol Simple algorithm Ring nchannels 4 , nloops 1 nsteps 12 chunksize 1048576 comm 0x2510fc0 
crdnotebook-2076293935161401346-scnv1ejp8d-97304:5803:5803 [0] NCCL INFO Global rank 0 : opCount 0 slicesteps 2 spl 3 cpl 4 nbytes 262144 -> protocol Simple algorithm Ring nchannels 4 , nloops 1 nsteps 12 chunksize 1048576 comm 0x2510fc0 
crdnotebook-2076293935161401346-scnv1ejp8d-97304:5803:5803 [0] NCCL INFO Global rank 0 : opCount 0 slicesteps 2 spl 3 cpl 4 nbytes 262144 -> protocol Simple algorithm Ring nchannels 4 , nloops 1 nsteps 12 chunksize 1048576 comm 0x2510fc0 
crdnotebook-2076293935161401346-scnv1ejp8d-97304:5803:5803 [0] NCCL INFO AllGather: opCount 8 sendbuff 0x7fe914200000 recvbuff 0x7fe914300000 count 65536 datatype 7 op 0 root 0 comm 0x2510fc0 [nranks=4] stream 0x2510a60 task 0 globalrank 0
crdnotebook-2076293935161401346-scnv1ejp8d-97304:5803:5803 [0] NCCL INFO 1048576 Bytes -> Algo 1 proto 2 time 113.059029
crdnotebook-2076293935161401346-scnv1ejp8d-97304:5803:5803 [0] NCCL INFO Global rank 0 : opCount 0 slicesteps 2 spl 3 cpl 4 nbytes 262144 -> protocol Simple algorithm Ring nchannels 4 , nloops 1 nsteps 12 chunksize 1048576 comm 0x2510fc0 
crdnotebook-2076293935161401346-scnv1ejp8d-97304:5803:5803 [0] NCCL INFO Global rank 0 : opCount 0 slicesteps 2 spl 3 cpl 4 nbytes 262144 -> protocol Simple algorithm Ring nchannels 4 , nloops 1 nsteps 12 chunksize 1048576 comm 0x2510fc0 
crdnotebook-2076293935161401346-scnv1ejp8d-97304:5803:5803 [0] NCCL INFO Global rank 0 : opCount 0 slicesteps 2 spl 3 cpl 4 nbytes 262144 -> protocol Simple algorithm Ring nchannels 4 , nloops 1 nsteps 12 chunksize 1048576 comm 0x2510fc0 
crdnotebook-2076293935161401346-scnv1ejp8d-97304:5803:5803 [0] NCCL INFO AllGather: opCount 9 sendbuff 0x7fe914200000 recvbuff 0x7fe914300000 count 65536 datatype 7 op 0 root 0 comm 0x2510fc0 [nranks=4] stream 0x2510a60 task 0 globalrank 0
crdnotebook-2076293935161401346-scnv1ejp8d-97304:5803:5803 [0] NCCL INFO 1048576 Bytes -> Algo 1 proto 2 time 113.059029
crdnotebook-2076293935161401346-scnv1ejp8d-97304:5803:5803 [0] NCCL INFO Global rank 0 : opCount 0 slicesteps 2 spl 3 cpl 4 nbytes 262144 -> protocol Simple algorithm Ring nchannels 4 , nloops 1 nsteps 12 chunksize 1048576 comm 0x2510fc0 
crdnotebook-2076293935161401346-scnv1ejp8d-97304:5803:5803 [0] NCCL INFO Global rank 0 : opCount 0 slicesteps 2 spl 3 cpl 4 nbytes 262144 -> protocol Simple algorithm Ring nchannels 4 , nloops 1 nsteps 12 chunksize 1048576 comm 0x2510fc0 
crdnotebook-2076293935161401346-scnv1ejp8d-97304:5806:5806 [3] NCCL INFO AllGather: opCount 1 sendbuff 0x7fab9de00000 recvbuff 0x7fab9df00000 count 65536 datatype 7 op 0 root 0 comm 0x1881460 [nranks=4] stream 0x187e190 task 0 globalrank 3
crdnotebook-2076293935161401346-scnv1ejp8d-97304:5806:5806 [3] NCCL INFO Global rank 3 : opCount 0 slicesteps 2 spl 3 cpl 4 nbytes 262144 -> protocol Simple algorithm Ring nchannels 4 , nloops 1 nsteps 12 chunksize 1048576 comm 0x1881460 
crdnotebook-2076293935161401346-scnv1ejp8d-97304:5806:5806 [3] NCCL INFO Global rank 3 : opCount 0 slicesteps 2 spl 3 cpl 4 nbytes 262144 -> protocol Simple algorithm Ring nchannels 4 , nloops 1 nsteps 12 chunksize 1048576 comm 0x1881460 
crdnotebook-2076293935161401346-scnv1ejp8d-97304:5803:5803 [0] NCCL INFO Global rank 0 : opCount 0 slicesteps 2 spl 3 cpl 4 nbytes 262144 -> protocol Simple algorithm Ring nchannels 4 , nloops 1 nsteps 12 chunksize 1048576 comm 0x2510fc0 
crdnotebook-2076293935161401346-scnv1ejp8d-97304:5806:5806 [3] NCCL INFO Global rank 3 : opCount 0 slicesteps 2 spl 3 cpl 4 nbytes 262144 -> protocol Simple algorithm Ring nchannels 4 , nloops 1 nsteps 12 chunksize 1048576 comm 0x1881460 
crdnotebook-2076293935161401346-scnv1ejp8d-97304:5806:5806 [3] NCCL INFO AllGather: opCount 2 sendbuff 0x7fab9de00000 recvbuff 0x7fab9df00000 count 65536 datatype 7 op 0 root 0 comm 0x1881460 [nranks=4] stream 0x187e190 task 0 globalrank 3
crdnotebook-2076293935161401346-scnv1ejp8d-97304:5806:5806 [3] NCCL INFO Global rank 3 : opCount 0 slicesteps 2 spl 3 cpl 4 nbytes 262144 -> protocol Simple algorithm Ring nchannels 4 , nloops 1 nsteps 12 chunksize 1048576 comm 0x1881460 
crdnotebook-2076293935161401346-scnv1ejp8d-97304:5806:5806 [3] NCCL INFO Global rank 3 : opCount 0 slicesteps 2 spl 3 cpl 4 nbytes 262144 -> protocol Simple algorithm Ring nchannels 4 , nloops 1 nsteps 12 chunksize 1048576 comm 0x1881460 
crdnotebook-2076293935161401346-scnv1ejp8d-97304:5806:5806 [3] NCCL INFO Global rank 3 : opCount 0 slicesteps 2 spl 3 cpl 4 nbytes 262144 -> protocol Simple algorithm Ring nchannels 4 , nloops 1 nsteps 12 chunksize 1048576 comm 0x1881460 
crdnotebook-2076293935161401346-scnv1ejp8d-97304:5806:5806 [3] NCCL INFO AllGather: opCount 3 sendbuff 0x7fab9de00000 recvbuff 0x7fab9df00000 count 65536 datatype 7 op 0 root 0 comm 0x1881460 [nranks=4] stream 0x187e190 task 0 globalrank 3
crdnotebook-2076293935161401346-scnv1ejp8d-97304:5806:5806 [3] NCCL INFO Global rank 3 : opCount 0 slicesteps 2 spl 3 cpl 4 nbytes 262144 -> protocol Simple algorithm Ring nchannels 4 , nloops 1 nsteps 12 chunksize 1048576 comm 0x1881460 
crdnotebook-2076293935161401346-scnv1ejp8d-97304:5806:5806 [3] NCCL INFO Global rank 3 : opCount 0 slicesteps 2 spl 3 cpl 4 nbytes 262144 -> protocol Simple algorithm Ring nchannels 4 , nloops 1 nsteps 12 chunksize 1048576 comm 0x1881460 
crdnotebook-2076293935161401346-scnv1ejp8d-97304:5806:5806 [3] NCCL INFO Global rank 3 : opCount 0 slicesteps 2 spl 3 cpl 4 nbytes 262144 -> protocol Simple algorithm Ring nchannels 4 , nloops 1 nsteps 12 chunksize 1048576 comm 0x1881460 
crdnotebook-2076293935161401346-scnv1ejp8d-97304:5806:5806 [3] NCCL INFO AllGather: opCount 4 sendbuff 0x7fab9de00000 recvbuff 0x7fab9df00000 count 65536 datatype 7 op 0 root 0 comm 0x1881460 [nranks=4] stream 0x187e190 task 0 globalrank 3
crdnotebook-2076293935161401346-scnv1ejp8d-97304:5804:5804 [1] NCCL INFO AllGather: opCount 1 sendbuff 0x7f4a57000000 recvbuff 0x7f4a57100000 count 65536 datatype 7 op 0 root 0 comm 0x15076d0 [nranks=4] stream 0x1504430 task 0 globalrank 1
crdnotebook-2076293935161401346-scnv1ejp8d-97304:5804:5804 [1] NCCL INFO Global rank 1 : opCount 0 slicesteps 2 spl 3 cpl 4 nbytes 262144 -> protocol Simple algorithm Ring nchannels 4 , nloops 1 nsteps 12 chunksize 1048576 comm 0x15076d0 
crdnotebook-2076293935161401346-scnv1ejp8d-97304:5804:5804 [1] NCCL INFO Global rank 1 : opCount 0 slicesteps 2 spl 3 cpl 4 nbytes 262144 -> protocol Simple algorithm Ring nchannels 4 , nloops 1 nsteps 12 chunksize 1048576 comm 0x15076d0 
crdnotebook-2076293935161401346-scnv1ejp8d-97304:5804:5804 [1] NCCL INFO Global rank 1 : opCount 0 slicesteps 2 spl 3 cpl 4 nbytes 262144 -> protocol Simple algorithm Ring nchannels 4 , nloops 1 nsteps 12 chunksize 1048576 comm 0x15076d0 
crdnotebook-2076293935161401346-scnv1ejp8d-97304:5806:5806 [3] NCCL INFO Global rank 3 : opCount 0 slicesteps 2 spl 3 cpl 4 nbytes 262144 -> protocol Simple algorithm Ring nchannels 4 , nloops 1 nsteps 12 chunksize 1048576 comm 0x1881460 
crdnotebook-2076293935161401346-scnv1ejp8d-97304:5806:5806 [3] NCCL INFO Global rank 3 : opCount 0 slicesteps 2 spl 3 cpl 4 nbytes 262144 -> protocol Simple algorithm Ring nchannels 4 , nloops 1 nsteps 12 chunksize 1048576 comm 0x1881460 
crdnotebook-2076293935161401346-scnv1ejp8d-97304:5806:5806 [3] NCCL INFO Global rank 3 : opCount 0 slicesteps 2 spl 3 cpl 4 nbytes 262144 -> protocol Simple algorithm Ring nchannels 4 , nloops 1 nsteps 12 chunksize 1048576 comm 0x1881460 
crdnotebook-2076293935161401346-scnv1ejp8d-97304:5806:5806 [3] NCCL INFO AllGather: opCount 5 sendbuff 0x7fab9de00000 recvbuff 0x7fab9df00000 count 65536 datatype 7 op 0 root 0 comm 0x1881460 [nranks=4] stream 0x187e190 task 0 globalrank 3
crdnotebook-2076293935161401346-scnv1ejp8d-97304:5804:5804 [1] NCCL INFO AllGather: opCount 2 sendbuff 0x7f4a57000000 recvbuff 0x7f4a57100000 count 65536 datatype 7 op 0 root 0 comm 0x15076d0 [nranks=4] stream 0x1504430 task 0 globalrank 1
crdnotebook-2076293935161401346-scnv1ejp8d-97304:5804:5804 [1] NCCL INFO Global rank 1 : opCount 0 slicesteps 2 spl 3 cpl 4 nbytes 262144 -> protocol Simple algorithm Ring nchannels 4 , nloops 1 nsteps 12 chunksize 1048576 comm 0x15076d0 
crdnotebook-2076293935161401346-scnv1ejp8d-97304:5804:5804 [1] NCCL INFO Global rank 1 : opCount 0 slicesteps 2 spl 3 cpl 4 nbytes 262144 -> protocol Simple algorithm Ring nchannels 4 , nloops 1 nsteps 12 chunksize 1048576 comm 0x15076d0 
crdnotebook-2076293935161401346-scnv1ejp8d-97304:5804:5804 [1] NCCL INFO Global rank 1 : opCount 0 slicesteps 2 spl 3 cpl 4 nbytes 262144 -> protocol Simple algorithm Ring nchannels 4 , nloops 1 nsteps 12 chunksize 1048576 comm 0x15076d0 
crdnotebook-2076293935161401346-scnv1ejp8d-97304:5804:5804 [1] NCCL INFO AllGather: opCount 3 sendbuff 0x7f4a57000000 recvbuff 0x7f4a57100000 count 65536 datatype 7 op 0 root 0 comm 0x15076d0 [nranks=4] stream 0x1504430 task 0 globalrank 1
crdnotebook-2076293935161401346-scnv1ejp8d-97304:5806:5806 [3] NCCL INFO Global rank 3 : opCount 0 slicesteps 2 spl 3 cpl 4 nbytes 262144 -> protocol Simple algorithm Ring nchannels 4 , nloops 1 nsteps 12 chunksize 1048576 comm 0x1881460 
crdnotebook-2076293935161401346-scnv1ejp8d-97304:5806:5806 [3] NCCL INFO Global rank 3 : opCount 0 slicesteps 2 spl 3 cpl 4 nbytes 262144 -> protocol Simple algorithm Ring nchannels 4 , nloops 1 nsteps 12 chunksize 1048576 comm 0x1881460 
crdnotebook-2076293935161401346-scnv1ejp8d-97304:5806:5806 [3] NCCL INFO Global rank 3 : opCount 0 slicesteps 2 spl 3 cpl 4 nbytes 262144 -> protocol Simple algorithm Ring nchannels 4 , nloops 1 nsteps 12 chunksize 1048576 comm 0x1881460 
crdnotebook-2076293935161401346-scnv1ejp8d-97304:5806:5806 [3] NCCL INFO AllGather: opCount 6 sendbuff 0x7fab9de00000 recvbuff 0x7fab9df00000 count 65536 datatype 7 op 0 root 0 comm 0x1881460 [nranks=4] stream 0x187e190 task 0 globalrank 3
crdnotebook-2076293935161401346-scnv1ejp8d-97304:5806:5806 [3] NCCL INFO Global rank 3 : opCount 0 slicesteps 2 spl 3 cpl 4 nbytes 262144 -> protocol Simple algorithm Ring nchannels 4 , nloops 1 nsteps 12 chunksize 1048576 comm 0x1881460 
crdnotebook-2076293935161401346-scnv1ejp8d-97304:5806:5806 [3] NCCL INFO Global rank 3 : opCount 0 slicesteps 2 spl 3 cpl 4 nbytes 262144 -> protocol Simple algorithm Ring nchannels 4 , nloops 1 nsteps 12 chunksize 1048576 comm 0x1881460 
crdnotebook-2076293935161401346-scnv1ejp8d-97304:5806:5806 [3] NCCL INFO Global rank 3 : opCount 0 slicesteps 2 spl 3 cpl 4 nbytes 262144 -> protocol Simple algorithm Ring nchannels 4 , nloops 1 nsteps 12 chunksize 1048576 comm 0x1881460 
crdnotebook-2076293935161401346-scnv1ejp8d-97304:5804:5804 [1] NCCL INFO Global rank 1 : opCount 0 slicesteps 2 spl 3 cpl 4 nbytes 262144 -> protocol Simple algorithm Ring nchannels 4 , nloops 1 nsteps 12 chunksize 1048576 comm 0x15076d0 
crdnotebook-2076293935161401346-scnv1ejp8d-97304:5804:5804 [1] NCCL INFO Global rank 1 : opCount 0 slicesteps 2 spl 3 cpl 4 nbytes 262144 -> protocol Simple algorithm Ring nchannels 4 , nloops 1 nsteps 12 chunksize 1048576 comm 0x15076d0 
crdnotebook-2076293935161401346-scnv1ejp8d-97304:5804:5804 [1] NCCL INFO Global rank 1 : opCount 0 slicesteps 2 spl 3 cpl 4 nbytes 262144 -> protocol Simple algorithm Ring nchannels 4 , nloops 1 nsteps 12 chunksize 1048576 comm 0x15076d0 
crdnotebook-2076293935161401346-scnv1ejp8d-97304:5804:5804 [1] NCCL INFO AllGather: opCount 4 sendbuff 0x7f4a57000000 recvbuff 0x7f4a57100000 count 65536 datatype 7 op 0 root 0 comm 0x15076d0 [nranks=4] stream 0x1504430 task 0 globalrank 1
crdnotebook-2076293935161401346-scnv1ejp8d-97304:5804:5804 [1] NCCL INFO Global rank 1 : opCount 0 slicesteps 2 spl 3 cpl 4 nbytes 262144 -> protocol Simple algorithm Ring nchannels 4 , nloops 1 nsteps 12 chunksize 1048576 comm 0x15076d0 
crdnotebook-2076293935161401346-scnv1ejp8d-97304:5804:5804 [1] NCCL INFO Global rank 1 : opCount 0 slicesteps 2 spl 3 cpl 4 nbytes 262144 -> protocol Simple algorithm Ring nchannels 4 , nloops 1 nsteps 12 chunksize 1048576 comm 0x15076d0 
crdnotebook-2076293935161401346-scnv1ejp8d-97304:5804:5804 [1] NCCL INFO Global rank 1 : opCount 0 slicesteps 2 spl 3 cpl 4 nbytes 262144 -> protocol Simple algorithm Ring nchannels 4 , nloops 1 nsteps 12 chunksize 1048576 comm 0x15076d0 
crdnotebook-2076293935161401346-scnv1ejp8d-97304:5806:5806 [3] NCCL INFO AllGather: opCount 7 sendbuff 0x7fab9de00000 recvbuff 0x7fab9df00000 count 65536 datatype 7 op 0 root 0 comm 0x1881460 [nranks=4] stream 0x187e190 task 0 globalrank 3
crdnotebook-2076293935161401346-scnv1ejp8d-97304:5806:5806 [3] NCCL INFO Global rank 3 : opCount 0 slicesteps 2 spl 3 cpl 4 nbytes 262144 -> protocol Simple algorithm Ring nchannels 4 , nloops 1 nsteps 12 chunksize 1048576 comm 0x1881460 
crdnotebook-2076293935161401346-scnv1ejp8d-97304:5806:5806 [3] NCCL INFO Global rank 3 : opCount 0 slicesteps 2 spl 3 cpl 4 nbytes 262144 -> protocol Simple algorithm Ring nchannels 4 , nloops 1 nsteps 12 chunksize 1048576 comm 0x1881460 
crdnotebook-2076293935161401346-scnv1ejp8d-97304:5806:5806 [3] NCCL INFO Global rank 3 : opCount 0 slicesteps 2 spl 3 cpl 4 nbytes 262144 -> protocol Simple algorithm Ring nchannels 4 , nloops 1 nsteps 12 chunksize 1048576 comm 0x1881460 
crdnotebook-2076293935161401346-scnv1ejp8d-97304:5804:5804 [1] NCCL INFO AllGather: opCount 5 sendbuff 0x7f4a57000000 recvbuff 0x7f4a57100000 count 65536 datatype 7 op 0 root 0 comm 0x15076d0 [nranks=4] stream 0x1504430 task 0 globalrank 1
crdnotebook-2076293935161401346-scnv1ejp8d-97304:5804:5804 [1] NCCL INFO Global rank 1 : opCount 0 slicesteps 2 spl 3 cpl 4 nbytes 262144 -> protocol Simple algorithm Ring nchannels 4 , nloops 1 nsteps 12 chunksize 1048576 comm 0x15076d0 
crdnotebook-2076293935161401346-scnv1ejp8d-97304:5806:5806 [3] NCCL INFO AllGather: opCount 8 sendbuff 0x7fab9de00000 recvbuff 0x7fab9df00000 count 65536 datatype 7 op 0 root 0 comm 0x1881460 [nranks=4] stream 0x187e190 task 0 globalrank 3
crdnotebook-2076293935161401346-scnv1ejp8d-97304:5806:5806 [3] NCCL INFO Global rank 3 : opCount 0 slicesteps 2 spl 3 cpl 4 nbytes 262144 -> protocol Simple algorithm Ring nchannels 4 , nloops 1 nsteps 12 chunksize 1048576 comm 0x1881460 
crdnotebook-2076293935161401346-scnv1ejp8d-97304:5806:5806 [3] NCCL INFO Global rank 3 : opCount 0 slicesteps 2 spl 3 cpl 4 nbytes 262144 -> protocol Simple algorithm Ring nchannels 4 , nloops 1 nsteps 12 chunksize 1048576 comm 0x1881460 
crdnotebook-2076293935161401346-scnv1ejp8d-97304:5804:5804 [1] NCCL INFO Global rank 1 : opCount 0 slicesteps 2 spl 3 cpl 4 nbytes 262144 -> protocol Simple algorithm Ring nchannels 4 , nloops 1 nsteps 12 chunksize 1048576 comm 0x15076d0 
crdnotebook-2076293935161401346-scnv1ejp8d-97304:5804:5804 [1] NCCL INFO Global rank 1 : opCount 0 slicesteps 2 spl 3 cpl 4 nbytes 262144 -> protocol Simple algorithm Ring nchannels 4 , nloops 1 nsteps 12 chunksize 1048576 comm 0x15076d0 
crdnotebook-2076293935161401346-scnv1ejp8d-97304:5804:5804 [1] NCCL INFO AllGather: opCount 6 sendbuff 0x7f4a57000000 recvbuff 0x7f4a57100000 count 65536 datatype 7 op 0 root 0 comm 0x15076d0 [nranks=4] stream 0x1504430 task 0 globalrank 1
crdnotebook-2076293935161401346-scnv1ejp8d-97304:5804:5804 [1] NCCL INFO Global rank 1 : opCount 0 slicesteps 2 spl 3 cpl 4 nbytes 262144 -> protocol Simple algorithm Ring nchannels 4 , nloops 1 nsteps 12 chunksize 1048576 comm 0x15076d0 
crdnotebook-2076293935161401346-scnv1ejp8d-97304:5804:5804 [1] NCCL INFO Global rank 1 : opCount 0 slicesteps 2 spl 3 cpl 4 nbytes 262144 -> protocol Simple algorithm Ring nchannels 4 , nloops 1 nsteps 12 chunksize 1048576 comm 0x15076d0 
crdnotebook-2076293935161401346-scnv1ejp8d-97304:5806:5806 [3] NCCL INFO Global rank 3 : opCount 0 slicesteps 2 spl 3 cpl 4 nbytes 262144 -> protocol Simple algorithm Ring nchannels 4 , nloops 1 nsteps 12 chunksize 1048576 comm 0x1881460 
crdnotebook-2076293935161401346-scnv1ejp8d-97304:5806:5806 [3] NCCL INFO AllGather: opCount 9 sendbuff 0x7fab9de00000 recvbuff 0x7fab9df00000 count 65536 datatype 7 op 0 root 0 comm 0x1881460 [nranks=4] stream 0x187e190 task 0 globalrank 3
crdnotebook-2076293935161401346-scnv1ejp8d-97304:5806:5806 [3] NCCL INFO Global rank 3 : opCount 0 slicesteps 2 spl 3 cpl 4 nbytes 262144 -> protocol Simple algorithm Ring nchannels 4 , nloops 1 nsteps 12 chunksize 1048576 comm 0x1881460 
crdnotebook-2076293935161401346-scnv1ejp8d-97304:5806:5806 [3] NCCL INFO Global rank 3 : opCount 0 slicesteps 2 spl 3 cpl 4 nbytes 262144 -> protocol Simple algorithm Ring nchannels 4 , nloops 1 nsteps 12 chunksize 1048576 comm 0x1881460 
crdnotebook-2076293935161401346-scnv1ejp8d-97304:5806:5806 [3] NCCL INFO Global rank 3 : opCount 0 slicesteps 2 spl 3 cpl 4 nbytes 262144 -> protocol Simple algorithm Ring nchannels 4 , nloops 1 nsteps 12 chunksize 1048576 comm 0x1881460 
crdnotebook-2076293935161401346-scnv1ejp8d-97304:5804:5804 [1] NCCL INFO Global rank 1 : opCount 0 slicesteps 2 spl 3 cpl 4 nbytes 262144 -> protocol Simple algorithm Ring nchannels 4 , nloops 1 nsteps 12 chunksize 1048576 comm 0x15076d0 
crdnotebook-2076293935161401346-scnv1ejp8d-97304:5804:5804 [1] NCCL INFO AllGather: opCount 7 sendbuff 0x7f4a57000000 recvbuff 0x7f4a57100000 count 65536 datatype 7 op 0 root 0 comm 0x15076d0 [nranks=4] stream 0x1504430 task 0 globalrank 1
crdnotebook-2076293935161401346-scnv1ejp8d-97304:5804:5804 [1] NCCL INFO Global rank 1 : opCount 0 slicesteps 2 spl 3 cpl 4 nbytes 262144 -> protocol Simple algorithm Ring nchannels 4 , nloops 1 nsteps 12 chunksize 1048576 comm 0x15076d0 
crdnotebook-2076293935161401346-scnv1ejp8d-97304:5804:5804 [1] NCCL INFO Global rank 1 : opCount 0 slicesteps 2 spl 3 cpl 4 nbytes 262144 -> protocol Simple algorithm Ring nchannels 4 , nloops 1 nsteps 12 chunksize 1048576 comm 0x15076d0 
crdnotebook-2076293935161401346-scnv1ejp8d-97304:5804:5804 [1] NCCL INFO Global rank 1 : opCount 0 slicesteps 2 spl 3 cpl 4 nbytes 262144 -> protocol Simple algorithm Ring nchannels 4 , nloops 1 nsteps 12 chunksize 1048576 comm 0x15076d0 
crdnotebook-2076293935161401346-scnv1ejp8d-97304:5804:5804 [1] NCCL INFO AllGather: opCount 8 sendbuff 0x7f4a57000000 recvbuff 0x7f4a57100000 count 65536 datatype 7 op 0 root 0 comm 0x15076d0 [nranks=4] stream 0x1504430 task 0 globalrank 1
crdnotebook-2076293935161401346-scnv1ejp8d-97304:5804:5804 [1] NCCL INFO Global rank 1 : opCount 0 slicesteps 2 spl 3 cpl 4 nbytes 262144 -> protocol Simple algorithm Ring nchannels 4 , nloops 1 nsteps 12 chunksize 1048576 comm 0x15076d0 
crdnotebook-2076293935161401346-scnv1ejp8d-97304:5804:5804 [1] NCCL INFO Global rank 1 : opCount 0 slicesteps 2 spl 3 cpl 4 nbytes 262144 -> protocol Simple algorithm Ring nchannels 4 , nloops 1 nsteps 12 chunksize 1048576 comm 0x15076d0 
crdnotebook-2076293935161401346-scnv1ejp8d-97304:5804:5804 [1] NCCL INFO Global rank 1 : opCount 0 slicesteps 2 spl 3 cpl 4 nbytes 262144 -> protocol Simple algorithm Ring nchannels 4 , nloops 1 nsteps 12 chunksize 1048576 comm 0x15076d0 
crdnotebook-2076293935161401346-scnv1ejp8d-97304:5804:5804 [1] NCCL INFO AllGather: opCount 9 sendbuff 0x7f4a57000000 recvbuff 0x7f4a57100000 count 65536 datatype 7 op 0 root 0 comm 0x15076d0 [nranks=4] stream 0x1504430 task 0 globalrank 1
crdnotebook-2076293935161401346-scnv1ejp8d-97304:5804:5804 [1] NCCL INFO Global rank 1 : opCount 0 slicesteps 2 spl 3 cpl 4 nbytes 262144 -> protocol Simple algorithm Ring nchannels 4 , nloops 1 nsteps 12 chunksize 1048576 comm 0x15076d0 
crdnotebook-2076293935161401346-scnv1ejp8d-97304:5804:5804 [1] NCCL INFO Global rank 1 : opCount 0 slicesteps 2 spl 3 cpl 4 nbytes 262144 -> protocol Simple algorithm Ring nchannels 4 , nloops 1 nsteps 12 chunksize 1048576 comm 0x15076d0 
crdnotebook-2076293935161401346-scnv1ejp8d-97304:5804:5804 [1] NCCL INFO Global rank 1 : opCount 0 slicesteps 2 spl 3 cpl 4 nbytes 262144 -> protocol Simple algorithm Ring nchannels 4 , nloops 1 nsteps 12 chunksize 1048576 comm 0x15076d0 
crdnotebook-2076293935161401346-scnv1ejp8d-97304:5805:5805 [2] NCCL INFO AllGather: opCount 1 sendbuff 0x7f62a6400000 recvbuff 0x7f62a6500000 count 65536 datatype 7 op 0 root 0 comm 0x20dd4f0 [nranks=4] stream 0x20da270 task 0 globalrank 2
crdnotebook-2076293935161401346-scnv1ejp8d-97304:5805:5805 [2] NCCL INFO Global rank 2 : opCount 0 slicesteps 2 spl 3 cpl 4 nbytes 262144 -> protocol Simple algorithm Ring nchannels 4 , nloops 1 nsteps 12 chunksize 1048576 comm 0x20dd4f0 
crdnotebook-2076293935161401346-scnv1ejp8d-97304:5805:5805 [2] NCCL INFO Global rank 2 : opCount 0 slicesteps 2 spl 3 cpl 4 nbytes 262144 -> protocol Simple algorithm Ring nchannels 4 , nloops 1 nsteps 12 chunksize 1048576 comm 0x20dd4f0 
crdnotebook-2076293935161401346-scnv1ejp8d-97304:5805:5805 [2] NCCL INFO Global rank 2 : opCount 0 slicesteps 2 spl 3 cpl 4 nbytes 262144 -> protocol Simple algorithm Ring nchannels 4 , nloops 1 nsteps 12 chunksize 1048576 comm 0x20dd4f0 
crdnotebook-2076293935161401346-scnv1ejp8d-97304:5805:5805 [2] NCCL INFO AllGather: opCount 2 sendbuff 0x7f62a6400000 recvbuff 0x7f62a6500000 count 65536 datatype 7 op 0 root 0 comm 0x20dd4f0 [nranks=4] stream 0x20da270 task 0 globalrank 2
crdnotebook-2076293935161401346-scnv1ejp8d-97304:5805:5805 [2] NCCL INFO Global rank 2 : opCount 0 slicesteps 2 spl 3 cpl 4 nbytes 262144 -> protocol Simple algorithm Ring nchannels 4 , nloops 1 nsteps 12 chunksize 1048576 comm 0x20dd4f0 
crdnotebook-2076293935161401346-scnv1ejp8d-97304:5805:5805 [2] NCCL INFO Global rank 2 : opCount 0 slicesteps 2 spl 3 cpl 4 nbytes 262144 -> protocol Simple algorithm Ring nchannels 4 , nloops 1 nsteps 12 chunksize 1048576 comm 0x20dd4f0 
crdnotebook-2076293935161401346-scnv1ejp8d-97304:5805:5805 [2] NCCL INFO Global rank 2 : opCount 0 slicesteps 2 spl 3 cpl 4 nbytes 262144 -> protocol Simple algorithm Ring nchannels 4 , nloops 1 nsteps 12 chunksize 1048576 comm 0x20dd4f0 
crdnotebook-2076293935161401346-scnv1ejp8d-97304:5805:5805 [2] NCCL INFO AllGather: opCount 3 sendbuff 0x7f62a6400000 recvbuff 0x7f62a6500000 count 65536 datatype 7 op 0 root 0 comm 0x20dd4f0 [nranks=4] stream 0x20da270 task 0 globalrank 2
crdnotebook-2076293935161401346-scnv1ejp8d-97304:5805:5805 [2] NCCL INFO Global rank 2 : opCount 0 slicesteps 2 spl 3 cpl 4 nbytes 262144 -> protocol Simple algorithm Ring nchannels 4 , nloops 1 nsteps 12 chunksize 1048576 comm 0x20dd4f0 
crdnotebook-2076293935161401346-scnv1ejp8d-97304:5805:5805 [2] NCCL INFO Global rank 2 : opCount 0 slicesteps 2 spl 3 cpl 4 nbytes 262144 -> protocol Simple algorithm Ring nchannels 4 , nloops 1 nsteps 12 chunksize 1048576 comm 0x20dd4f0 
crdnotebook-2076293935161401346-scnv1ejp8d-97304:5805:5805 [2] NCCL INFO Global rank 2 : opCount 0 slicesteps 2 spl 3 cpl 4 nbytes 262144 -> protocol Simple algorithm Ring nchannels 4 , nloops 1 nsteps 12 chunksize 1048576 comm 0x20dd4f0 
crdnotebook-2076293935161401346-scnv1ejp8d-97304:5805:5805 [2] NCCL INFO AllGather: opCount 4 sendbuff 0x7f62a6400000 recvbuff 0x7f62a6500000 count 65536 datatype 7 op 0 root 0 comm 0x20dd4f0 [nranks=4] stream 0x20da270 task 0 globalrank 2
crdnotebook-2076293935161401346-scnv1ejp8d-97304:5805:5805 [2] NCCL INFO Global rank 2 : opCount 0 slicesteps 2 spl 3 cpl 4 nbytes 262144 -> protocol Simple algorithm Ring nchannels 4 , nloops 1 nsteps 12 chunksize 1048576 comm 0x20dd4f0 
crdnotebook-2076293935161401346-scnv1ejp8d-97304:5805:5805 [2] NCCL INFO Global rank 2 : opCount 0 slicesteps 2 spl 3 cpl 4 nbytes 262144 -> protocol Simple algorithm Ring nchannels 4 , nloops 1 nsteps 12 chunksize 1048576 comm 0x20dd4f0 
crdnotebook-2076293935161401346-scnv1ejp8d-97304:5805:5805 [2] NCCL INFO Global rank 2 : opCount 0 slicesteps 2 spl 3 cpl 4 nbytes 262144 -> protocol Simple algorithm Ring nchannels 4 , nloops 1 nsteps 12 chunksize 1048576 comm 0x20dd4f0 
crdnotebook-2076293935161401346-scnv1ejp8d-97304:5805:5805 [2] NCCL INFO AllGather: opCount 5 sendbuff 0x7f62a6400000 recvbuff 0x7f62a6500000 count 65536 datatype 7 op 0 root 0 comm 0x20dd4f0 [nranks=4] stream 0x20da270 task 0 globalrank 2
crdnotebook-2076293935161401346-scnv1ejp8d-97304:5805:5805 [2] NCCL INFO Global rank 2 : opCount 0 slicesteps 2 spl 3 cpl 4 nbytes 262144 -> protocol Simple algorithm Ring nchannels 4 , nloops 1 nsteps 12 chunksize 1048576 comm 0x20dd4f0 
crdnotebook-2076293935161401346-scnv1ejp8d-97304:5805:5805 [2] NCCL INFO Global rank 2 : opCount 0 slicesteps 2 spl 3 cpl 4 nbytes 262144 -> protocol Simple algorithm Ring nchannels 4 , nloops 1 nsteps 12 chunksize 1048576 comm 0x20dd4f0 
crdnotebook-2076293935161401346-scnv1ejp8d-97304:5805:5805 [2] NCCL INFO Global rank 2 : opCount 0 slicesteps 2 spl 3 cpl 4 nbytes 262144 -> protocol Simple algorithm Ring nchannels 4 , nloops 1 nsteps 12 chunksize 1048576 comm 0x20dd4f0 
crdnotebook-2076293935161401346-scnv1ejp8d-97304:5805:5805 [2] NCCL INFO AllGather: opCount 6 sendbuff 0x7f62a6400000 recvbuff 0x7f62a6500000 count 65536 datatype 7 op 0 root 0 comm 0x20dd4f0 [nranks=4] stream 0x20da270 task 0 globalrank 2
crdnotebook-2076293935161401346-scnv1ejp8d-97304:5805:5805 [2] NCCL INFO Global rank 2 : opCount 0 slicesteps 2 spl 3 cpl 4 nbytes 262144 -> protocol Simple algorithm Ring nchannels 4 , nloops 1 nsteps 12 chunksize 1048576 comm 0x20dd4f0 
crdnotebook-2076293935161401346-scnv1ejp8d-97304:5805:5805 [2] NCCL INFO Global rank 2 : opCount 0 slicesteps 2 spl 3 cpl 4 nbytes 262144 -> protocol Simple algorithm Ring nchannels 4 , nloops 1 nsteps 12 chunksize 1048576 comm 0x20dd4f0 
crdnotebook-2076293935161401346-scnv1ejp8d-97304:5805:5805 [2] NCCL INFO Global rank 2 : opCount 0 slicesteps 2 spl 3 cpl 4 nbytes 262144 -> protocol Simple algorithm Ring nchannels 4 , nloops 1 nsteps 12 chunksize 1048576 comm 0x20dd4f0 
crdnotebook-2076293935161401346-scnv1ejp8d-97304:5805:5805 [2] NCCL INFO AllGather: opCount 7 sendbuff 0x7f62a6400000 recvbuff 0x7f62a6500000 count 65536 datatype 7 op 0 root 0 comm 0x20dd4f0 [nranks=4] stream 0x20da270 task 0 globalrank 2
crdnotebook-2076293935161401346-scnv1ejp8d-97304:5805:5805 [2] NCCL INFO Global rank 2 : opCount 0 slicesteps 2 spl 3 cpl 4 nbytes 262144 -> protocol Simple algorithm Ring nchannels 4 , nloops 1 nsteps 12 chunksize 1048576 comm 0x20dd4f0 
crdnotebook-2076293935161401346-scnv1ejp8d-97304:5805:5805 [2] NCCL INFO Global rank 2 : opCount 0 slicesteps 2 spl 3 cpl 4 nbytes 262144 -> protocol Simple algorithm Ring nchannels 4 , nloops 1 nsteps 12 chunksize 1048576 comm 0x20dd4f0 
crdnotebook-2076293935161401346-scnv1ejp8d-97304:5805:5805 [2] NCCL INFO Global rank 2 : opCount 0 slicesteps 2 spl 3 cpl 4 nbytes 262144 -> protocol Simple algorithm Ring nchannels 4 , nloops 1 nsteps 12 chunksize 1048576 comm 0x20dd4f0 
crdnotebook-2076293935161401346-scnv1ejp8d-97304:5805:5805 [2] NCCL INFO AllGather: opCount 8 sendbuff 0x7f62a6400000 recvbuff 0x7f62a6500000 count 65536 datatype 7 op 0 root 0 comm 0x20dd4f0 [nranks=4] stream 0x20da270 task 0 globalrank 2
crdnotebook-2076293935161401346-scnv1ejp8d-97304:5805:5805 [2] NCCL INFO Global rank 2 : opCount 0 slicesteps 2 spl 3 cpl 4 nbytes 262144 -> protocol Simple algorithm Ring nchannels 4 , nloops 1 nsteps 12 chunksize 1048576 comm 0x20dd4f0 
crdnotebook-2076293935161401346-scnv1ejp8d-97304:5805:5805 [2] NCCL INFO Global rank 2 : opCount 0 slicesteps 2 spl 3 cpl 4 nbytes 262144 -> protocol Simple algorithm Ring nchannels 4 , nloops 1 nsteps 12 chunksize 1048576 comm 0x20dd4f0 
crdnotebook-2076293935161401346-scnv1ejp8d-97304:5805:5805 [2] NCCL INFO Global rank 2 : opCount 0 slicesteps 2 spl 3 cpl 4 nbytes 262144 -> protocol Simple algorithm Ring nchannels 4 , nloops 1 nsteps 12 chunksize 1048576 comm 0x20dd4f0 
crdnotebook-2076293935161401346-scnv1ejp8d-97304:5805:5805 [2] NCCL INFO AllGather: opCount 9 sendbuff 0x7f62a6400000 recvbuff 0x7f62a6500000 count 65536 datatype 7 op 0 root 0 comm 0x20dd4f0 [nranks=4] stream 0x20da270 task 0 globalrank 2
crdnotebook-2076293935161401346-scnv1ejp8d-97304:5805:5805 [2] NCCL INFO Global rank 2 : opCount 0 slicesteps 2 spl 3 cpl 4 nbytes 262144 -> protocol Simple algorithm Ring nchannels 4 , nloops 1 nsteps 12 chunksize 1048576 comm 0x20dd4f0 
crdnotebook-2076293935161401346-scnv1ejp8d-97304:5805:5805 [2] NCCL INFO Global rank 2 : opCount 0 slicesteps 2 spl 3 cpl 4 nbytes 262144 -> protocol Simple algorithm Ring nchannels 4 , nloops 1 nsteps 12 chunksize 1048576 comm 0x20dd4f0 
crdnotebook-2076293935161401346-scnv1ejp8d-97304:5805:5805 [2] NCCL INFO Global rank 2 : opCount 0 slicesteps 2 spl 3 cpl 4 nbytes 262144 -> protocol Simple algorithm Ring nchannels 4 , nloops 1 nsteps 12 chunksize 1048576 comm 0x20dd4f0 
crdnotebook-2076293935161401346-scnv1ejp8d-97304:5806:5806 [3] NCCL INFO AllGather: opCount a sendbuff 0x7fab9de00000 recvbuff 0x7fab9df00000 count 65536 datatype 7 op 0 root 0 comm 0x1881460 [nranks=4] stream 0x187e190 task 0 globalrank 3
crdnotebook-2076293935161401346-scnv1ejp8d-97304:5806:5806 [3] NCCL INFO Global rank 3 : opCount 0 slicesteps 2 spl 3 cpl 4 nbytes 262144 -> protocol Simple algorithm Ring nchannels 4 , nloops 1 nsteps 12 chunksize 1048576 comm 0x1881460 
crdnotebook-2076293935161401346-scnv1ejp8d-97304:5806:5806 [3] NCCL INFO Global rank 3 : opCount 0 slicesteps 2 spl 3 cpl 4 nbytes 262144 -> protocol Simple algorithm Ring nchannels 4 , nloops 1 nsteps 12 chunksize 1048576 comm 0x1881460 
crdnotebook-2076293935161401346-scnv1ejp8d-97304:5806:5806 [3] NCCL INFO Global rank 3 : opCount 0 slicesteps 2 spl 3 cpl 4 nbytes 262144 -> protocol Simple algorithm Ring nchannels 4 , nloops 1 nsteps 12 chunksize 1048576 comm 0x1881460 
crdnotebook-2076293935161401346-scnv1ejp8d-97304:5805:5805 [2] NCCL INFO AllGather: opCount a sendbuff 0x7f62a6400000 recvbuff 0x7f62a6500000 count 65536 datatype 7 op 0 root 0 comm 0x20dd4f0 [nranks=4] stream 0x20da270 task 0 globalrank 2
crdnotebook-2076293935161401346-scnv1ejp8d-97304:5805:5805 [2] NCCL INFO Global rank 2 : opCount 0 slicesteps 2 spl 3 cpl 4 nbytes 262144 -> protocol Simple algorithm Ring nchannels 4 , nloops 1 nsteps 12 chunksize 1048576 comm 0x20dd4f0 
crdnotebook-2076293935161401346-scnv1ejp8d-97304:5805:5805 [2] NCCL INFO Global rank 2 : opCount 0 slicesteps 2 spl 3 cpl 4 nbytes 262144 -> protocol Simple algorithm Ring nchannels 4 , nloops 1 nsteps 12 chunksize 1048576 comm 0x20dd4f0 
crdnotebook-2076293935161401346-scnv1ejp8d-97304:5805:5805 [2] NCCL INFO Global rank 2 : opCount 0 slicesteps 2 spl 3 cpl 4 nbytes 262144 -> protocol Simple algorithm Ring nchannels 4 , nloops 1 nsteps 12 chunksize 1048576 comm 0x20dd4f0 
crdnotebook-2076293935161401346-scnv1ejp8d-97304:5803:5803 [0] NCCL INFO AllGather: opCount a sendbuff 0x7fe914200000 recvbuff 0x7fe914300000 count 65536 datatype 7 op 0 root 0 comm 0x2510fc0 [nranks=4] stream 0x2510a60 task 0 globalrank 0
crdnotebook-2076293935161401346-scnv1ejp8d-97304:5803:5803 [0] NCCL INFO 1048576 Bytes -> Algo 1 proto 2 time 113.059029
crdnotebook-2076293935161401346-scnv1ejp8d-97304:5803:5803 [0] NCCL INFO Global rank 0 : opCount 0 slicesteps 2 spl 3 cpl 4 nbytes 262144 -> protocol Simple algorithm Ring nchannels 4 , nloops 1 nsteps 12 chunksize 1048576 comm 0x2510fc0 
crdnotebook-2076293935161401346-scnv1ejp8d-97304:5803:5803 [0] NCCL INFO Global rank 0 : opCount 0 slicesteps 2 spl 3 cpl 4 nbytes 262144 -> protocol Simple algorithm Ring nchannels 4 , nloops 1 nsteps 12 chunksize 1048576 comm 0x2510fc0 
crdnotebook-2076293935161401346-scnv1ejp8d-97304:5803:5803 [0] NCCL INFO Global rank 0 : opCount 0 slicesteps 2 spl 3 cpl 4 nbytes 262144 -> protocol Simple algorithm Ring nchannels 4 , nloops 1 nsteps 12 chunksize 1048576 comm 0x2510fc0 
crdnotebook-2076293935161401346-scnv1ejp8d-97304:5803:5803 [0] NCCL INFO AllGather: opCount b sendbuff 0x7fe914200000 recvbuff 0x7fe914300000 count 65536 datatype 7 op 0 root 0 comm 0x2510fc0 [nranks=4] stream 0x2510a60 task 0 globalrank 0
crdnotebook-2076293935161401346-scnv1ejp8d-97304:5804:5804 [1] NCCL INFO AllGather: opCount a sendbuff 0x7f4a57000000 recvbuff 0x7f4a57100000 count 65536 datatype 7 op 0 root 0 comm 0x15076d0 [nranks=4] stream 0x1504430 task 0 globalrank 1
crdnotebook-2076293935161401346-scnv1ejp8d-97304:5804:5804 [1] NCCL INFO Global rank 1 : opCount 0 slicesteps 2 spl 3 cpl 4 nbytes 262144 -> protocol Simple algorithm Ring nchannels 4 , nloops 1 nsteps 12 chunksize 1048576 comm 0x15076d0 
crdnotebook-2076293935161401346-scnv1ejp8d-97304:5804:5804 [1] NCCL INFO Global rank 1 : opCount 0 slicesteps 2 spl 3 cpl 4 nbytes 262144 -> protocol Simple algorithm Ring nchannels 4 , nloops 1 nsteps 12 chunksize 1048576 comm 0x15076d0 
crdnotebook-2076293935161401346-scnv1ejp8d-97304:5804:5804 [1] NCCL INFO Global rank 1 : opCount 0 slicesteps 2 spl 3 cpl 4 nbytes 262144 -> protocol Simple algorithm Ring nchannels 4 , nloops 1 nsteps 12 chunksize 1048576 comm 0x15076d0 
crdnotebook-2076293935161401346-scnv1ejp8d-97304:5804:5804 [1] NCCL INFO AllGather: opCount b sendbuff 0x7f4a57000000 recvbuff 0x7f4a57100000 count 65536 datatype 7 op 0 root 0 comm 0x15076d0 [nranks=4] stream 0x1504430 task 0 globalrank 1
crdnotebook-2076293935161401346-scnv1ejp8d-97304:5804:5804 [1] NCCL INFO Global rank 1 : opCount 0 slicesteps 2 spl 3 cpl 4 nbytes 262144 -> protocol Simple algorithm Ring nchannels 4 , nloops 1 nsteps 12 chunksize 1048576 comm 0x15076d0 
crdnotebook-2076293935161401346-scnv1ejp8d-97304:5804:5804 [1] NCCL INFO Global rank 1 : opCount 0 slicesteps 2 spl 3 cpl 4 nbytes 262144 -> protocol Simple algorithm Ring nchannels 4 , nloops 1 nsteps 12 chunksize 1048576 comm 0x15076d0 
crdnotebook-2076293935161401346-scnv1ejp8d-97304:5804:5804 [1] NCCL INFO Global rank 1 : opCount 0 slicesteps 2 spl 3 cpl 4 nbytes 262144 -> protocol Simple algorithm Ring nchannels 4 , nloops 1 nsteps 12 chunksize 1048576 comm 0x15076d0 
crdnotebook-2076293935161401346-scnv1ejp8d-97304:5806:5806 [3] NCCL INFO AllGather: opCount b sendbuff 0x7fab9de00000 recvbuff 0x7fab9df00000 count 65536 datatype 7 op 0 root 0 comm 0x1881460 [nranks=4] stream 0x187e190 task 0 globalrank 3
crdnotebook-2076293935161401346-scnv1ejp8d-97304:5806:5806 [3] NCCL INFO Global rank 3 : opCount 0 slicesteps 2 spl 3 cpl 4 nbytes 262144 -> protocol Simple algorithm Ring nchannels 4 , nloops 1 nsteps 12 chunksize 1048576 comm 0x1881460 
crdnotebook-2076293935161401346-scnv1ejp8d-97304:5806:5806 [3] NCCL INFO Global rank 3 : opCount 0 slicesteps 2 spl 3 cpl 4 nbytes 262144 -> protocol Simple algorithm Ring nchannels 4 , nloops 1 nsteps 12 chunksize 1048576 comm 0x1881460 
crdnotebook-2076293935161401346-scnv1ejp8d-97304:5806:5806 [3] NCCL INFO Global rank 3 : opCount 0 slicesteps 2 spl 3 cpl 4 nbytes 262144 -> protocol Simple algorithm Ring nchannels 4 , nloops 1 nsteps 12 chunksize 1048576 comm 0x1881460 
crdnotebook-2076293935161401346-scnv1ejp8d-97304:5806:5806 [3] NCCL INFO AllGather: opCount c sendbuff 0x7fab9de00000 recvbuff 0x7fab9df00000 count 65536 datatype 7 op 0 root 0 comm 0x1881460 [nranks=4] stream 0x187e190 task 0 globalrank 3
crdnotebook-2076293935161401346-scnv1ejp8d-97304:5806:5806 [3] NCCL INFO Global rank 3 : opCount 0 slicesteps 2 spl 3 cpl 4 nbytes 262144 -> protocol Simple algorithm Ring nchannels 4 , nloops 1 nsteps 12 chunksize 1048576 comm 0x1881460 
crdnotebook-2076293935161401346-scnv1ejp8d-97304:5806:5806 [3] NCCL INFO Global rank 3 : opCount 0 slicesteps 2 spl 3 cpl 4 nbytes 262144 -> protocol Simple algorithm Ring nchannels 4 , nloops 1 nsteps 12 chunksize 1048576 comm 0x1881460 
crdnotebook-2076293935161401346-scnv1ejp8d-97304:5806:5806 [3] NCCL INFO Global rank 3 : opCount 0 slicesteps 2 spl 3 cpl 4 nbytes 262144 -> protocol Simple algorithm Ring nchannels 4 , nloops 1 nsteps 12 chunksize 1048576 comm 0x1881460 
crdnotebook-2076293935161401346-scnv1ejp8d-97304:5805:5805 [2] NCCL INFO AllGather: opCount b sendbuff 0x7f62a6400000 recvbuff 0x7f62a6500000 count 65536 datatype 7 op 0 root 0 comm 0x20dd4f0 [nranks=4] stream 0x20da270 task 0 globalrank 2
crdnotebook-2076293935161401346-scnv1ejp8d-97304:5805:5805 [2] NCCL INFO Global rank 2 : opCount 0 slicesteps 2 spl 3 cpl 4 nbytes 262144 -> protocol Simple algorithm Ring nchannels 4 , nloops 1 nsteps 12 chunksize 1048576 comm 0x20dd4f0 
crdnotebook-2076293935161401346-scnv1ejp8d-97304:5805:5805 [2] NCCL INFO Global rank 2 : opCount 0 slicesteps 2 spl 3 cpl 4 nbytes 262144 -> protocol Simple algorithm Ring nchannels 4 , nloops 1 nsteps 12 chunksize 1048576 comm 0x20dd4f0 
crdnotebook-2076293935161401346-scnv1ejp8d-97304:5805:5805 [2] NCCL INFO Global rank 2 : opCount 0 slicesteps 2 spl 3 cpl 4 nbytes 262144 -> protocol Simple algorithm Ring nchannels 4 , nloops 1 nsteps 12 chunksize 1048576 comm 0x20dd4f0 
crdnotebook-2076293935161401346-scnv1ejp8d-97304:5805:5805 [2] NCCL INFO AllGather: opCount c sendbuff 0x7f62a6400000 recvbuff 0x7f62a6500000 count 65536 datatype 7 op 0 root 0 comm 0x20dd4f0 [nranks=4] stream 0x20da270 task 0 globalrank 2
crdnotebook-2076293935161401346-scnv1ejp8d-97304:5805:5805 [2] NCCL INFO Global rank 2 : opCount 0 slicesteps 2 spl 3 cpl 4 nbytes 262144 -> protocol Simple algorithm Ring nchannels 4 , nloops 1 nsteps 12 chunksize 1048576 comm 0x20dd4f0 
crdnotebook-2076293935161401346-scnv1ejp8d-97304:5805:5805 [2] NCCL INFO Global rank 2 : opCount 0 slicesteps 2 spl 3 cpl 4 nbytes 262144 -> protocol Simple algorithm Ring nchannels 4 , nloops 1 nsteps 12 chunksize 1048576 comm 0x20dd4f0 
crdnotebook-2076293935161401346-scnv1ejp8d-97304:5805:5805 [2] NCCL INFO Global rank 2 : opCount 0 slicesteps 2 spl 3 cpl 4 nbytes 262144 -> protocol Simple algorithm Ring nchannels 4 , nloops 1 nsteps 12 chunksize 1048576 comm 0x20dd4f0 
crdnotebook-2076293935161401346-scnv1ejp8d-97304:5805:5805 [2] NCCL INFO AllGather: opCount d sendbuff 0x7f62a6400000 recvbuff 0x7f62a6500000 count 65536 datatype 7 op 0 root 0 comm 0x20dd4f0 [nranks=4] stream 0x20da270 task 0 globalrank 2
crdnotebook-2076293935161401346-scnv1ejp8d-97304:5805:5805 [2] NCCL INFO Global rank 2 : opCount 0 slicesteps 2 spl 3 cpl 4 nbytes 262144 -> protocol Simple algorithm Ring nchannels 4 , nloops 1 nsteps 12 chunksize 1048576 comm 0x20dd4f0 
crdnotebook-2076293935161401346-scnv1ejp8d-97304:5805:5805 [2] NCCL INFO Global rank 2 : opCount 0 slicesteps 2 spl 3 cpl 4 nbytes 262144 -> protocol Simple algorithm Ring nchannels 4 , nloops 1 nsteps 12 chunksize 1048576 comm 0x20dd4f0 
crdnotebook-2076293935161401346-scnv1ejp8d-97304:5803:5803 [0] NCCL INFO 1048576 Bytes -> Algo 1 proto 2 time 113.059029
crdnotebook-2076293935161401346-scnv1ejp8d-97304:5803:5803 [0] NCCL INFO Global rank 0 : opCount 0 slicesteps 2 spl 3 cpl 4 nbytes 262144 -> protocol Simple algorithm Ring nchannels 4 , nloops 1 nsteps 12 chunksize 1048576 comm 0x2510fc0 
crdnotebook-2076293935161401346-scnv1ejp8d-97304:5803:5803 [0] NCCL INFO Global rank 0 : opCount 0 slicesteps 2 spl 3 cpl 4 nbytes 262144 -> protocol Simple algorithm Ring nchannels 4 , nloops 1 nsteps 12 chunksize 1048576 comm 0x2510fc0 
crdnotebook-2076293935161401346-scnv1ejp8d-97304:5803:5803 [0] NCCL INFO Global rank 0 : opCount 0 slicesteps 2 spl 3 cpl 4 nbytes 262144 -> protocol Simple algorithm Ring nchannels 4 , nloops 1 nsteps 12 chunksize 1048576 comm 0x2510fc0 
crdnotebook-2076293935161401346-scnv1ejp8d-97304:5803:5803 [0] NCCL INFO AllGather: opCount c sendbuff 0x7fe914200000 recvbuff 0x7fe914300000 count 65536 datatype 7 op 0 root 0 comm 0x2510fc0 [nranks=4] stream 0x2510a60 task 0 globalrank 0
crdnotebook-2076293935161401346-scnv1ejp8d-97304:5803:5803 [0] NCCL INFO 1048576 Bytes -> Algo 1 proto 2 time 113.059029
crdnotebook-2076293935161401346-scnv1ejp8d-97304:5803:5803 [0] NCCL INFO Global rank 0 : opCount 0 slicesteps 2 spl 3 cpl 4 nbytes 262144 -> protocol Simple algorithm Ring nchannels 4 , nloops 1 nsteps 12 chunksize 1048576 comm 0x2510fc0 
crdnotebook-2076293935161401346-scnv1ejp8d-97304:5803:5803 [0] NCCL INFO Global rank 0 : opCount 0 slicesteps 2 spl 3 cpl 4 nbytes 262144 -> protocol Simple algorithm Ring nchannels 4 , nloops 1 nsteps 12 chunksize 1048576 comm 0x2510fc0 
crdnotebook-2076293935161401346-scnv1ejp8d-97304:5803:5803 [0] NCCL INFO Global rank 0 : opCount 0 slicesteps 2 spl 3 cpl 4 nbytes 262144 -> protocol Simple algorithm Ring nchannels 4 , nloops 1 nsteps 12 chunksize 1048576 comm 0x2510fc0 
crdnotebook-2076293935161401346-scnv1ejp8d-97304:5803:5803 [0] NCCL INFO AllGather: opCount d sendbuff 0x7fe914200000 recvbuff 0x7fe914300000 count 65536 datatype 7 op 0 root 0 comm 0x2510fc0 [nranks=4] stream 0x2510a60 task 0 globalrank 0
crdnotebook-2076293935161401346-scnv1ejp8d-97304:5803:5803 [0] NCCL INFO 1048576 Bytes -> Algo 1 proto 2 time 113.059029
crdnotebook-2076293935161401346-scnv1ejp8d-97304:5803:5803 [0] NCCL INFO Global rank 0 : opCount 0 slicesteps 2 spl 3 cpl 4 nbytes 262144 -> protocol Simple algorithm Ring nchannels 4 , nloops 1 nsteps 12 chunksize 1048576 comm 0x2510fc0 
crdnotebook-2076293935161401346-scnv1ejp8d-97304:5804:5804 [1] NCCL INFO AllGather: opCount c sendbuff 0x7f4a57000000 recvbuff 0x7f4a57100000 count 65536 datatype 7 op 0 root 0 comm 0x15076d0 [nranks=4] stream 0x1504430 task 0 globalrank 1
crdnotebook-2076293935161401346-scnv1ejp8d-97304:5804:5804 [1] NCCL INFO Global rank 1 : opCount 0 slicesteps 2 spl 3 cpl 4 nbytes 262144 -> protocol Simple algorithm Ring nchannels 4 , nloops 1 nsteps 12 chunksize 1048576 comm 0x15076d0 
crdnotebook-2076293935161401346-scnv1ejp8d-97304:5804:5804 [1] NCCL INFO Global rank 1 : opCount 0 slicesteps 2 spl 3 cpl 4 nbytes 262144 -> protocol Simple algorithm Ring nchannels 4 , nloops 1 nsteps 12 chunksize 1048576 comm 0x15076d0 
crdnotebook-2076293935161401346-scnv1ejp8d-97304:5804:5804 [1] NCCL INFO Global rank 1 : opCount 0 slicesteps 2 spl 3 cpl 4 nbytes 262144 -> protocol Simple algorithm Ring nchannels 4 , nloops 1 nsteps 12 chunksize 1048576 comm 0x15076d0 
crdnotebook-2076293935161401346-scnv1ejp8d-97304:5804:5804 [1] NCCL INFO AllGather: opCount d sendbuff 0x7f4a57000000 recvbuff 0x7f4a57100000 count 65536 datatype 7 op 0 root 0 comm 0x15076d0 [nranks=4] stream 0x1504430 task 0 globalrank 1
crdnotebook-2076293935161401346-scnv1ejp8d-97304:5804:5804 [1] NCCL INFO Global rank 1 : opCount 0 slicesteps 2 spl 3 cpl 4 nbytes 262144 -> protocol Simple algorithm Ring nchannels 4 , nloops 1 nsteps 12 chunksize 1048576 comm 0x15076d0 
crdnotebook-2076293935161401346-scnv1ejp8d-97304:5804:5804 [1] NCCL INFO Global rank 1 : opCount 0 slicesteps 2 spl 3 cpl 4 nbytes 262144 -> protocol Simple algorithm Ring nchannels 4 , nloops 1 nsteps 12 chunksize 1048576 comm 0x15076d0 
crdnotebook-2076293935161401346-scnv1ejp8d-97304:5804:5804 [1] NCCL INFO Global rank 1 : opCount 0 slicesteps 2 spl 3 cpl 4 nbytes 262144 -> protocol Simple algorithm Ring nchannels 4 , nloops 1 nsteps 12 chunksize 1048576 comm 0x15076d0 
crdnotebook-2076293935161401346-scnv1ejp8d-97304:5804:5804 [1] NCCL INFO AllGather: opCount e sendbuff 0x7f4a57000000 recvbuff 0x7f4a57100000 count 65536 datatype 7 op 0 root 0 comm 0x15076d0 [nranks=4] stream 0x1504430 task 0 globalrank 1
crdnotebook-2076293935161401346-scnv1ejp8d-97304:5804:5804 [1] NCCL INFO Global rank 1 : opCount 0 slicesteps 2 spl 3 cpl 4 nbytes 262144 -> protocol Simple algorithm Ring nchannels 4 , nloops 1 nsteps 12 chunksize 1048576 comm 0x15076d0 
crdnotebook-2076293935161401346-scnv1ejp8d-97304:5804:5804 [1] NCCL INFO Global rank 1 : opCount 0 slicesteps 2 spl 3 cpl 4 nbytes 262144 -> protocol Simple algorithm Ring nchannels 4 , nloops 1 nsteps 12 chunksize 1048576 comm 0x15076d0 
crdnotebook-2076293935161401346-scnv1ejp8d-97304:5804:5804 [1] NCCL INFO Global rank 1 : opCount 0 slicesteps 2 spl 3 cpl 4 nbytes 262144 -> protocol Simple algorithm Ring nchannels 4 , nloops 1 nsteps 12 chunksize 1048576 comm 0x15076d0 
crdnotebook-2076293935161401346-scnv1ejp8d-97304:5804:5804 [1] NCCL INFO AllGather: opCount f sendbuff 0x7f4a57140000 recvbuff 0x7f4a57100000 count 65536 datatype 7 op 0 root 0 comm 0x15076d0 [nranks=4] stream 0x1504430 task 0 globalrank 1
crdnotebook-2076293935161401346-scnv1ejp8d-97304:5804:5804 [1] NCCL INFO Global rank 1 : opCount 0 slicesteps 2 spl 3 cpl 4 nbytes 262144 -> protocol Simple algorithm Ring nchannels 4 , nloops 1 nsteps 12 chunksize 1048576 comm 0x15076d0 
crdnotebook-2076293935161401346-scnv1ejp8d-97304:5806:5806 [3] NCCL INFO AllGather: opCount d sendbuff 0x7fab9de00000 recvbuff 0x7fab9df00000 count 65536 datatype 7 op 0 root 0 comm 0x1881460 [nranks=4] stream 0x187e190 task 0 globalrank 3
crdnotebook-2076293935161401346-scnv1ejp8d-97304:5806:5806 [3] NCCL INFO Global rank 3 : opCount 0 slicesteps 2 spl 3 cpl 4 nbytes 262144 -> protocol Simple algorithm Ring nchannels 4 , nloops 1 nsteps 12 chunksize 1048576 comm 0x1881460 
crdnotebook-2076293935161401346-scnv1ejp8d-97304:5806:5806 [3] NCCL INFO Global rank 3 : opCount 0 slicesteps 2 spl 3 cpl 4 nbytes 262144 -> protocol Simple algorithm Ring nchannels 4 , nloops 1 nsteps 12 chunksize 1048576 comm 0x1881460 
crdnotebook-2076293935161401346-scnv1ejp8d-97304:5806:5806 [3] NCCL INFO Global rank 3 : opCount 0 slicesteps 2 spl 3 cpl 4 nbytes 262144 -> protocol Simple algorithm Ring nchannels 4 , nloops 1 nsteps 12 chunksize 1048576 comm 0x1881460 
crdnotebook-2076293935161401346-scnv1ejp8d-97304:5806:5806 [3] NCCL INFO AllGather: opCount e sendbuff 0x7fab9de00000 recvbuff 0x7fab9df00000 count 65536 datatype 7 op 0 root 0 comm 0x1881460 [nranks=4] stream 0x187e190 task 0 globalrank 3
crdnotebook-2076293935161401346-scnv1ejp8d-97304:5806:5806 [3] NCCL INFO Global rank 3 : opCount 0 slicesteps 2 spl 3 cpl 4 nbytes 262144 -> protocol Simple algorithm Ring nchannels 4 , nloops 1 nsteps 12 chunksize 1048576 comm 0x1881460 
crdnotebook-2076293935161401346-scnv1ejp8d-97304:5806:5806 [3] NCCL INFO Global rank 3 : opCount 0 slicesteps 2 spl 3 cpl 4 nbytes 262144 -> protocol Simple algorithm Ring nchannels 4 , nloops 1 nsteps 12 chunksize 1048576 comm 0x1881460 
crdnotebook-2076293935161401346-scnv1ejp8d-97304:5806:5806 [3] NCCL INFO Global rank 3 : opCount 0 slicesteps 2 spl 3 cpl 4 nbytes 262144 -> protocol Simple algorithm Ring nchannels 4 , nloops 1 nsteps 12 chunksize 1048576 comm 0x1881460 
crdnotebook-2076293935161401346-scnv1ejp8d-97304:5806:5806 [3] NCCL INFO AllGather: opCount f sendbuff 0x7fab9dfc0000 recvbuff 0x7fab9df00000 count 65536 datatype 7 op 0 root 0 comm 0x1881460 [nranks=4] stream 0x187e190 task 0 globalrank 3
crdnotebook-2076293935161401346-scnv1ejp8d-97304:5806:5806 [3] NCCL INFO Global rank 3 : opCount 0 slicesteps 2 spl 3 cpl 4 nbytes 262144 -> protocol Simple algorithm Ring nchannels 4 , nloops 1 nsteps 12 chunksize 1048576 comm 0x1881460 
crdnotebook-2076293935161401346-scnv1ejp8d-97304:5806:5806 [3] NCCL INFO Global rank 3 : opCount 0 slicesteps 2 spl 3 cpl 4 nbytes 262144 -> protocol Simple algorithm Ring nchannels 4 , nloops 1 nsteps 12 chunksize 1048576 comm 0x1881460 
crdnotebook-2076293935161401346-scnv1ejp8d-97304:5806:5806 [3] NCCL INFO Global rank 3 : opCount 0 slicesteps 2 spl 3 cpl 4 nbytes 262144 -> protocol Simple algorithm Ring nchannels 4 , nloops 1 nsteps 12 chunksize 1048576 comm 0x1881460 
crdnotebook-2076293935161401346-scnv1ejp8d-97304:5806:5806 [3] NCCL INFO AllGather: opCount 10 sendbuff 0x7fab9dfc0000 recvbuff 0x7fab9df00000 count 65536 datatype 7 op 0 root 0 comm 0x1881460 [nranks=4] stream 0x187e190 task 0 globalrank 3
crdnotebook-2076293935161401346-scnv1ejp8d-97304:5805:5805 [2] NCCL INFO Global rank 2 : opCount 0 slicesteps 2 spl 3 cpl 4 nbytes 262144 -> protocol Simple algorithm Ring nchannels 4 , nloops 1 nsteps 12 chunksize 1048576 comm 0x20dd4f0 
crdnotebook-2076293935161401346-scnv1ejp8d-97304:5805:5805 [2] NCCL INFO AllGather: opCount e sendbuff 0x7f62a6400000 recvbuff 0x7f62a6500000 count 65536 datatype 7 op 0 root 0 comm 0x20dd4f0 [nranks=4] stream 0x20da270 task 0 globalrank 2
crdnotebook-2076293935161401346-scnv1ejp8d-97304:5805:5805 [2] NCCL INFO Global rank 2 : opCount 0 slicesteps 2 spl 3 cpl 4 nbytes 262144 -> protocol Simple algorithm Ring nchannels 4 , nloops 1 nsteps 12 chunksize 1048576 comm 0x20dd4f0 
crdnotebook-2076293935161401346-scnv1ejp8d-97304:5805:5805 [2] NCCL INFO Global rank 2 : opCount 0 slicesteps 2 spl 3 cpl 4 nbytes 262144 -> protocol Simple algorithm Ring nchannels 4 , nloops 1 nsteps 12 chunksize 1048576 comm 0x20dd4f0 
crdnotebook-2076293935161401346-scnv1ejp8d-97304:5805:5805 [2] NCCL INFO Global rank 2 : opCount 0 slicesteps 2 spl 3 cpl 4 nbytes 262144 -> protocol Simple algorithm Ring nchannels 4 , nloops 1 nsteps 12 chunksize 1048576 comm 0x20dd4f0 
crdnotebook-2076293935161401346-scnv1ejp8d-97304:5805:5805 [2] NCCL INFO AllGather: opCount f sendbuff 0x7f62a6580000 recvbuff 0x7f62a6500000 count 65536 datatype 7 op 0 root 0 comm 0x20dd4f0 [nranks=4] stream 0x20da270 task 0 globalrank 2
crdnotebook-2076293935161401346-scnv1ejp8d-97304:5805:5805 [2] NCCL INFO Global rank 2 : opCount 0 slicesteps 2 spl 3 cpl 4 nbytes 262144 -> protocol Simple algorithm Ring nchannels 4 , nloops 1 nsteps 12 chunksize 1048576 comm 0x20dd4f0 
crdnotebook-2076293935161401346-scnv1ejp8d-97304:5805:5805 [2] NCCL INFO Global rank 2 : opCount 0 slicesteps 2 spl 3 cpl 4 nbytes 262144 -> protocol Simple algorithm Ring nchannels 4 , nloops 1 nsteps 12 chunksize 1048576 comm 0x20dd4f0 
crdnotebook-2076293935161401346-scnv1ejp8d-97304:5805:5805 [2] NCCL INFO Global rank 2 : opCount 0 slicesteps 2 spl 3 cpl 4 nbytes 262144 -> protocol Simple algorithm Ring nchannels 4 , nloops 1 nsteps 12 chunksize 1048576 comm 0x20dd4f0 
crdnotebook-2076293935161401346-scnv1ejp8d-97304:5805:5805 [2] NCCL INFO AllGather: opCount 10 sendbuff 0x7f62a6580000 recvbuff 0x7f62a6500000 count 65536 datatype 7 op 0 root 0 comm 0x20dd4f0 [nranks=4] stream 0x20da270 task 0 globalrank 2
crdnotebook-2076293935161401346-scnv1ejp8d-97304:5805:5805 [2] NCCL INFO Global rank 2 : opCount 0 slicesteps 2 spl 3 cpl 4 nbytes 262144 -> protocol Simple algorithm Ring nchannels 4 , nloops 1 nsteps 12 chunksize 1048576 comm 0x20dd4f0 
crdnotebook-2076293935161401346-scnv1ejp8d-97304:5805:5805 [2] NCCL INFO Global rank 2 : opCount 0 slicesteps 2 spl 3 cpl 4 nbytes 262144 -> protocol Simple algorithm Ring nchannels 4 , nloops 1 nsteps 12 chunksize 1048576 comm 0x20dd4f0 
crdnotebook-2076293935161401346-scnv1ejp8d-97304:5805:5805 [2] NCCL INFO Global rank 2 : opCount 0 slicesteps 2 spl 3 cpl 4 nbytes 262144 -> protocol Simple algorithm Ring nchannels 4 , nloops 1 nsteps 12 chunksize 1048576 comm 0x20dd4f0 
crdnotebook-2076293935161401346-scnv1ejp8d-97304:5803:5803 [0] NCCL INFO Global rank 0 : opCount 0 slicesteps 2 spl 3 cpl 4 nbytes 262144 -> protocol Simple algorithm Ring nchannels 4 , nloops 1 nsteps 12 chunksize 1048576 comm 0x2510fc0 
crdnotebook-2076293935161401346-scnv1ejp8d-97304:5803:5803 [0] NCCL INFO Global rank 0 : opCount 0 slicesteps 2 spl 3 cpl 4 nbytes 262144 -> protocol Simple algorithm Ring nchannels 4 , nloops 1 nsteps 12 chunksize 1048576 comm 0x2510fc0 
crdnotebook-2076293935161401346-scnv1ejp8d-97304:5803:5803 [0] NCCL INFO AllGather: opCount e sendbuff 0x7fe914200000 recvbuff 0x7fe914300000 count 65536 datatype 7 op 0 root 0 comm 0x2510fc0 [nranks=4] stream 0x2510a60 task 0 globalrank 0
crdnotebook-2076293935161401346-scnv1ejp8d-97304:5803:5803 [0] NCCL INFO 1048576 Bytes -> Algo 1 proto 2 time 113.059029
crdnotebook-2076293935161401346-scnv1ejp8d-97304:5803:5803 [0] NCCL INFO Global rank 0 : opCount 0 slicesteps 2 spl 3 cpl 4 nbytes 262144 -> protocol Simple algorithm Ring nchannels 4 , nloops 1 nsteps 12 chunksize 1048576 comm 0x2510fc0 
crdnotebook-2076293935161401346-scnv1ejp8d-97304:5803:5803 [0] NCCL INFO Global rank 0 : opCount 0 slicesteps 2 spl 3 cpl 4 nbytes 262144 -> protocol Simple algorithm Ring nchannels 4 , nloops 1 nsteps 12 chunksize 1048576 comm 0x2510fc0 
crdnotebook-2076293935161401346-scnv1ejp8d-97304:5803:5803 [0] NCCL INFO Global rank 0 : opCount 0 slicesteps 2 spl 3 cpl 4 nbytes 262144 -> protocol Simple algorithm Ring nchannels 4 , nloops 1 nsteps 12 chunksize 1048576 comm 0x2510fc0 
crdnotebook-2076293935161401346-scnv1ejp8d-97304:5803:5803 [0] NCCL INFO AllGather: opCount f sendbuff 0x7fe914300000 recvbuff 0x7fe914300000 count 65536 datatype 7 op 0 root 0 comm 0x2510fc0 [nranks=4] stream 0x2510a60 task 0 globalrank 0
crdnotebook-2076293935161401346-scnv1ejp8d-97304:5803:5803 [0] NCCL INFO 1048576 Bytes -> Algo 1 proto 2 time 113.059029
crdnotebook-2076293935161401346-scnv1ejp8d-97304:5804:5804 [1] NCCL INFO Global rank 1 : opCount 0 slicesteps 2 spl 3 cpl 4 nbytes 262144 -> protocol Simple algorithm Ring nchannels 4 , nloops 1 nsteps 12 chunksize 1048576 comm 0x15076d0 
crdnotebook-2076293935161401346-scnv1ejp8d-97304:5804:5804 [1] NCCL INFO Global rank 1 : opCount 0 slicesteps 2 spl 3 cpl 4 nbytes 262144 -> protocol Simple algorithm Ring nchannels 4 , nloops 1 nsteps 12 chunksize 1048576 comm 0x15076d0 
crdnotebook-2076293935161401346-scnv1ejp8d-97304:5804:5804 [1] NCCL INFO AllGather: opCount 10 sendbuff 0x7f4a57140000 recvbuff 0x7f4a57100000 count 65536 datatype 7 op 0 root 0 comm 0x15076d0 [nranks=4] stream 0x1504430 task 0 globalrank 1
crdnotebook-2076293935161401346-scnv1ejp8d-97304:5804:5804 [1] NCCL INFO Global rank 1 : opCount 0 slicesteps 2 spl 3 cpl 4 nbytes 262144 -> protocol Simple algorithm Ring nchannels 4 , nloops 1 nsteps 12 chunksize 1048576 comm 0x15076d0 
crdnotebook-2076293935161401346-scnv1ejp8d-97304:5804:5804 [1] NCCL INFO Global rank 1 : opCount 0 slicesteps 2 spl 3 cpl 4 nbytes 262144 -> protocol Simple algorithm Ring nchannels 4 , nloops 1 nsteps 12 chunksize 1048576 comm 0x15076d0 
crdnotebook-2076293935161401346-scnv1ejp8d-97304:5804:5804 [1] NCCL INFO Global rank 1 : opCount 0 slicesteps 2 spl 3 cpl 4 nbytes 262144 -> protocol Simple algorithm Ring nchannels 4 , nloops 1 nsteps 12 chunksize 1048576 comm 0x15076d0 
crdnotebook-2076293935161401346-scnv1ejp8d-97304:5804:5804 [1] NCCL INFO AllGather: opCount 11 sendbuff 0x7f4a57140000 recvbuff 0x7f4a57100000 count 65536 datatype 7 op 0 root 0 comm 0x15076d0 [nranks=4] stream 0x1504430 task 0 globalrank 1
crdnotebook-2076293935161401346-scnv1ejp8d-97304:5804:5804 [1] NCCL INFO Global rank 1 : opCount 0 slicesteps 2 spl 3 cpl 4 nbytes 262144 -> protocol Simple algorithm Ring nchannels 4 , nloops 1 nsteps 12 chunksize 1048576 comm 0x15076d0 
crdnotebook-2076293935161401346-scnv1ejp8d-97304:5804:5804 [1] NCCL INFO Global rank 1 : opCount 0 slicesteps 2 spl 3 cpl 4 nbytes 262144 -> protocol Simple algorithm Ring nchannels 4 , nloops 1 nsteps 12 chunksize 1048576 comm 0x15076d0 
crdnotebook-2076293935161401346-scnv1ejp8d-97304:5804:5804 [1] NCCL INFO Global rank 1 : opCount 0 slicesteps 2 spl 3 cpl 4 nbytes 262144 -> protocol Simple algorithm Ring nchannels 4 , nloops 1 nsteps 12 chunksize 1048576 comm 0x15076d0 
crdnotebook-2076293935161401346-scnv1ejp8d-97304:5806:5806 [3] NCCL INFO Global rank 3 : opCount 0 slicesteps 2 spl 3 cpl 4 nbytes 262144 -> protocol Simple algorithm Ring nchannels 4 , nloops 1 nsteps 12 chunksize 1048576 comm 0x1881460 
crdnotebook-2076293935161401346-scnv1ejp8d-97304:5806:5806 [3] NCCL INFO Global rank 3 : opCount 0 slicesteps 2 spl 3 cpl 4 nbytes 262144 -> protocol Simple algorithm Ring nchannels 4 , nloops 1 nsteps 12 chunksize 1048576 comm 0x1881460 
crdnotebook-2076293935161401346-scnv1ejp8d-97304:5806:5806 [3] NCCL INFO Global rank 3 : opCount 0 slicesteps 2 spl 3 cpl 4 nbytes 262144 -> protocol Simple algorithm Ring nchannels 4 , nloops 1 nsteps 12 chunksize 1048576 comm 0x1881460 
crdnotebook-2076293935161401346-scnv1ejp8d-97304:5806:5806 [3] NCCL INFO AllGather: opCount 11 sendbuff 0x7fab9dfc0000 recvbuff 0x7fab9df00000 count 65536 datatype 7 op 0 root 0 comm 0x1881460 [nranks=4] stream 0x187e190 task 0 globalrank 3
crdnotebook-2076293935161401346-scnv1ejp8d-97304:5806:5806 [3] NCCL INFO Global rank 3 : opCount 0 slicesteps 2 spl 3 cpl 4 nbytes 262144 -> protocol Simple algorithm Ring nchannels 4 , nloops 1 nsteps 12 chunksize 1048576 comm 0x1881460 
crdnotebook-2076293935161401346-scnv1ejp8d-97304:5806:5806 [3] NCCL INFO Global rank 3 : opCount 0 slicesteps 2 spl 3 cpl 4 nbytes 262144 -> protocol Simple algorithm Ring nchannels 4 , nloops 1 nsteps 12 chunksize 1048576 comm 0x1881460 
crdnotebook-2076293935161401346-scnv1ejp8d-97304:5806:5806 [3] NCCL INFO Global rank 3 : opCount 0 slicesteps 2 spl 3 cpl 4 nbytes 262144 -> protocol Simple algorithm Ring nchannels 4 , nloops 1 nsteps 12 chunksize 1048576 comm 0x1881460 
crdnotebook-2076293935161401346-scnv1ejp8d-97304:5806:5806 [3] NCCL INFO AllGather: opCount 12 sendbuff 0x7fab9dfc0000 recvbuff 0x7fab9df00000 count 65536 datatype 7 op 0 root 0 comm 0x1881460 [nranks=4] stream 0x187e190 task 0 globalrank 3
crdnotebook-2076293935161401346-scnv1ejp8d-97304:5806:5806 [3] NCCL INFO Global rank 3 : opCount 0 slicesteps 2 spl 3 cpl 4 nbytes 262144 -> protocol Simple algorithm Ring nchannels 4 , nloops 1 nsteps 12 chunksize 1048576 comm 0x1881460 
crdnotebook-2076293935161401346-scnv1ejp8d-97304:5806:5806 [3] NCCL INFO Global rank 3 : opCount 0 slicesteps 2 spl 3 cpl 4 nbytes 262144 -> protocol Simple algorithm Ring nchannels 4 , nloops 1 nsteps 12 chunksize 1048576 comm 0x1881460 
crdnotebook-2076293935161401346-scnv1ejp8d-97304:5805:5805 [2] NCCL INFO AllGather: opCount 11 sendbuff 0x7f62a6580000 recvbuff 0x7f62a6500000 count 65536 datatype 7 op 0 root 0 comm 0x20dd4f0 [nranks=4] stream 0x20da270 task 0 globalrank 2
crdnotebook-2076293935161401346-scnv1ejp8d-97304:5805:5805 [2] NCCL INFO Global rank 2 : opCount 0 slicesteps 2 spl 3 cpl 4 nbytes 262144 -> protocol Simple algorithm Ring nchannels 4 , nloops 1 nsteps 12 chunksize 1048576 comm 0x20dd4f0 
crdnotebook-2076293935161401346-scnv1ejp8d-97304:5805:5805 [2] NCCL INFO Global rank 2 : opCount 0 slicesteps 2 spl 3 cpl 4 nbytes 262144 -> protocol Simple algorithm Ring nchannels 4 , nloops 1 nsteps 12 chunksize 1048576 comm 0x20dd4f0 
crdnotebook-2076293935161401346-scnv1ejp8d-97304:5805:5805 [2] NCCL INFO Global rank 2 : opCount 0 slicesteps 2 spl 3 cpl 4 nbytes 262144 -> protocol Simple algorithm Ring nchannels 4 , nloops 1 nsteps 12 chunksize 1048576 comm 0x20dd4f0 
crdnotebook-2076293935161401346-scnv1ejp8d-97304:5805:5805 [2] NCCL INFO AllGather: opCount 12 sendbuff 0x7f62a6580000 recvbuff 0x7f62a6500000 count 65536 datatype 7 op 0 root 0 comm 0x20dd4f0 [nranks=4] stream 0x20da270 task 0 globalrank 2
crdnotebook-2076293935161401346-scnv1ejp8d-97304:5805:5805 [2] NCCL INFO Global rank 2 : opCount 0 slicesteps 2 spl 3 cpl 4 nbytes 262144 -> protocol Simple algorithm Ring nchannels 4 , nloops 1 nsteps 12 chunksize 1048576 comm 0x20dd4f0 
crdnotebook-2076293935161401346-scnv1ejp8d-97304:5805:5805 [2] NCCL INFO Global rank 2 : opCount 0 slicesteps 2 spl 3 cpl 4 nbytes 262144 -> protocol Simple algorithm Ring nchannels 4 , nloops 1 nsteps 12 chunksize 1048576 comm 0x20dd4f0 
crdnotebook-2076293935161401346-scnv1ejp8d-97304:5805:5805 [2] NCCL INFO Global rank 2 : opCount 0 slicesteps 2 spl 3 cpl 4 nbytes 262144 -> protocol Simple algorithm Ring nchannels 4 , nloops 1 nsteps 12 chunksize 1048576 comm 0x20dd4f0 
crdnotebook-2076293935161401346-scnv1ejp8d-97304:5805:5805 [2] NCCL INFO AllGather: opCount 13 sendbuff 0x7f62a6580000 recvbuff 0x7f62a6500000 count 65536 datatype 7 op 0 root 0 comm 0x20dd4f0 [nranks=4] stream 0x20da270 task 0 globalrank 2
crdnotebook-2076293935161401346-scnv1ejp8d-97304:5803:5803 [0] NCCL INFO Global rank 0 : opCount 0 slicesteps 2 spl 3 cpl 4 nbytes 262144 -> protocol Simple algorithm Ring nchannels 4 , nloops 1 nsteps 12 chunksize 1048576 comm 0x2510fc0 
crdnotebook-2076293935161401346-scnv1ejp8d-97304:5803:5803 [0] NCCL INFO Global rank 0 : opCount 0 slicesteps 2 spl 3 cpl 4 nbytes 262144 -> protocol Simple algorithm Ring nchannels 4 , nloops 1 nsteps 12 chunksize 1048576 comm 0x2510fc0 
crdnotebook-2076293935161401346-scnv1ejp8d-97304:5803:5803 [0] NCCL INFO Global rank 0 : opCount 0 slicesteps 2 spl 3 cpl 4 nbytes 262144 -> protocol Simple algorithm Ring nchannels 4 , nloops 1 nsteps 12 chunksize 1048576 comm 0x2510fc0 
crdnotebook-2076293935161401346-scnv1ejp8d-97304:5803:5803 [0] NCCL INFO AllGather: opCount 10 sendbuff 0x7fe914300000 recvbuff 0x7fe914300000 count 65536 datatype 7 op 0 root 0 comm 0x2510fc0 [nranks=4] stream 0x2510a60 task 0 globalrank 0
crdnotebook-2076293935161401346-scnv1ejp8d-97304:5803:5803 [0] NCCL INFO 1048576 Bytes -> Algo 1 proto 2 time 113.059029
crdnotebook-2076293935161401346-scnv1ejp8d-97304:5803:5803 [0] NCCL INFO Global rank 0 : opCount 0 slicesteps 2 spl 3 cpl 4 nbytes 262144 -> protocol Simple algorithm Ring nchannels 4 , nloops 1 nsteps 12 chunksize 1048576 comm 0x2510fc0 
crdnotebook-2076293935161401346-scnv1ejp8d-97304:5803:5803 [0] NCCL INFO Global rank 0 : opCount 0 slicesteps 2 spl 3 cpl 4 nbytes 262144 -> protocol Simple algorithm Ring nchannels 4 , nloops 1 nsteps 12 chunksize 1048576 comm 0x2510fc0 
crdnotebook-2076293935161401346-scnv1ejp8d-97304:5803:5803 [0] NCCL INFO Global rank 0 : opCount 0 slicesteps 2 spl 3 cpl 4 nbytes 262144 -> protocol Simple algorithm Ring nchannels 4 , nloops 1 nsteps 12 chunksize 1048576 comm 0x2510fc0 
crdnotebook-2076293935161401346-scnv1ejp8d-97304:5803:5803 [0] NCCL INFO AllGather: opCount 11 sendbuff 0x7fe914300000 recvbuff 0x7fe914300000 count 65536 datatype 7 op 0 root 0 comm 0x2510fc0 [nranks=4] stream 0x2510a60 task 0 globalrank 0
crdnotebook-2076293935161401346-scnv1ejp8d-97304:5803:5803 [0] NCCL INFO 1048576 Bytes -> Algo 1 proto 2 time 113.059029
crdnotebook-2076293935161401346-scnv1ejp8d-97304:5804:5804 [1] NCCL INFO AllGather: opCount 12 sendbuff 0x7f4a57140000 recvbuff 0x7f4a57100000 count 65536 datatype 7 op 0 root 0 comm 0x15076d0 [nranks=4] stream 0x1504430 task 0 globalrank 1
crdnotebook-2076293935161401346-scnv1ejp8d-97304:5804:5804 [1] NCCL INFO Global rank 1 : opCount 0 slicesteps 2 spl 3 cpl 4 nbytes 262144 -> protocol Simple algorithm Ring nchannels 4 , nloops 1 nsteps 12 chunksize 1048576 comm 0x15076d0 
crdnotebook-2076293935161401346-scnv1ejp8d-97304:5804:5804 [1] NCCL INFO Global rank 1 : opCount 0 slicesteps 2 spl 3 cpl 4 nbytes 262144 -> protocol Simple algorithm Ring nchannels 4 , nloops 1 nsteps 12 chunksize 1048576 comm 0x15076d0 
crdnotebook-2076293935161401346-scnv1ejp8d-97304:5804:5804 [1] NCCL INFO Global rank 1 : opCount 0 slicesteps 2 spl 3 cpl 4 nbytes 262144 -> protocol Simple algorithm Ring nchannels 4 , nloops 1 nsteps 12 chunksize 1048576 comm 0x15076d0 
crdnotebook-2076293935161401346-scnv1ejp8d-97304:5804:5804 [1] NCCL INFO AllGather: opCount 13 sendbuff 0x7f4a57140000 recvbuff 0x7f4a57100000 count 65536 datatype 7 op 0 root 0 comm 0x15076d0 [nranks=4] stream 0x1504430 task 0 globalrank 1
crdnotebook-2076293935161401346-scnv1ejp8d-97304:5804:5804 [1] NCCL INFO Global rank 1 : opCount 0 slicesteps 2 spl 3 cpl 4 nbytes 262144 -> protocol Simple algorithm Ring nchannels 4 , nloops 1 nsteps 12 chunksize 1048576 comm 0x15076d0 
crdnotebook-2076293935161401346-scnv1ejp8d-97304:5804:5804 [1] NCCL INFO Global rank 1 : opCount 0 slicesteps 2 spl 3 cpl 4 nbytes 262144 -> protocol Simple algorithm Ring nchannels 4 , nloops 1 nsteps 12 chunksize 1048576 comm 0x15076d0 
crdnotebook-2076293935161401346-scnv1ejp8d-97304:5804:5804 [1] NCCL INFO Global rank 1 : opCount 0 slicesteps 2 spl 3 cpl 4 nbytes 262144 -> protocol Simple algorithm Ring nchannels 4 , nloops 1 nsteps 12 chunksize 1048576 comm 0x15076d0 
crdnotebook-2076293935161401346-scnv1ejp8d-97304:5806:5806 [3] NCCL INFO Global rank 3 : opCount 0 slicesteps 2 spl 3 cpl 4 nbytes 262144 -> protocol Simple algorithm Ring nchannels 4 , nloops 1 nsteps 12 chunksize 1048576 comm 0x1881460 
crdnotebook-2076293935161401346-scnv1ejp8d-97304:5806:5806 [3] NCCL INFO AllGather: opCount 13 sendbuff 0x7fab9dfc0000 recvbuff 0x7fab9df00000 count 65536 datatype 7 op 0 root 0 comm 0x1881460 [nranks=4] stream 0x187e190 task 0 globalrank 3
crdnotebook-2076293935161401346-scnv1ejp8d-97304:5806:5806 [3] NCCL INFO Global rank 3 : opCount 0 slicesteps 2 spl 3 cpl 4 nbytes 262144 -> protocol Simple algorithm Ring nchannels 4 , nloops 1 nsteps 12 chunksize 1048576 comm 0x1881460 
crdnotebook-2076293935161401346-scnv1ejp8d-97304:5806:5806 [3] NCCL INFO Global rank 3 : opCount 0 slicesteps 2 spl 3 cpl 4 nbytes 262144 -> protocol Simple algorithm Ring nchannels 4 , nloops 1 nsteps 12 chunksize 1048576 comm 0x1881460 
crdnotebook-2076293935161401346-scnv1ejp8d-97304:5806:5806 [3] NCCL INFO Global rank 3 : opCount 0 slicesteps 2 spl 3 cpl 4 nbytes 262144 -> protocol Simple algorithm Ring nchannels 4 , nloops 1 nsteps 12 chunksize 1048576 comm 0x1881460 
crdnotebook-2076293935161401346-scnv1ejp8d-97304:5805:5805 [2] NCCL INFO Global rank 2 : opCount 0 slicesteps 2 spl 3 cpl 4 nbytes 262144 -> protocol Simple algorithm Ring nchannels 4 , nloops 1 nsteps 12 chunksize 1048576 comm 0x20dd4f0 
crdnotebook-2076293935161401346-scnv1ejp8d-97304:5805:5805 [2] NCCL INFO Global rank 2 : opCount 0 slicesteps 2 spl 3 cpl 4 nbytes 262144 -> protocol Simple algorithm Ring nchannels 4 , nloops 1 nsteps 12 chunksize 1048576 comm 0x20dd4f0 
crdnotebook-2076293935161401346-scnv1ejp8d-97304:5805:5805 [2] NCCL INFO Global rank 2 : opCount 0 slicesteps 2 spl 3 cpl 4 nbytes 262144 -> protocol Simple algorithm Ring nchannels 4 , nloops 1 nsteps 12 chunksize 1048576 comm 0x20dd4f0 
crdnotebook-2076293935161401346-scnv1ejp8d-97304:5803:5803 [0] NCCL INFO Global rank 0 : opCount 0 slicesteps 2 spl 3 cpl 4 nbytes 262144 -> protocol Simple algorithm Ring nchannels 4 , nloops 1 nsteps 12 chunksize 1048576 comm 0x2510fc0 
crdnotebook-2076293935161401346-scnv1ejp8d-97304:5803:5803 [0] NCCL INFO Global rank 0 : opCount 0 slicesteps 2 spl 3 cpl 4 nbytes 262144 -> protocol Simple algorithm Ring nchannels 4 , nloops 1 nsteps 12 chunksize 1048576 comm 0x2510fc0 
crdnotebook-2076293935161401346-scnv1ejp8d-97304:5803:5803 [0] NCCL INFO Global rank 0 : opCount 0 slicesteps 2 spl 3 cpl 4 nbytes 262144 -> protocol Simple algorithm Ring nchannels 4 , nloops 1 nsteps 12 chunksize 1048576 comm 0x2510fc0 
crdnotebook-2076293935161401346-scnv1ejp8d-97304:5803:5803 [0] NCCL INFO AllGather: opCount 12 sendbuff 0x7fe914300000 recvbuff 0x7fe914300000 count 65536 datatype 7 op 0 root 0 comm 0x2510fc0 [nranks=4] stream 0x2510a60 task 0 globalrank 0
crdnotebook-2076293935161401346-scnv1ejp8d-97304:5803:5803 [0] NCCL INFO 1048576 Bytes -> Algo 1 proto 2 time 113.059029
crdnotebook-2076293935161401346-scnv1ejp8d-97304:5803:5803 [0] NCCL INFO Global rank 0 : opCount 0 slicesteps 2 spl 3 cpl 4 nbytes 262144 -> protocol Simple algorithm Ring nchannels 4 , nloops 1 nsteps 12 chunksize 1048576 comm 0x2510fc0 
crdnotebook-2076293935161401346-scnv1ejp8d-97304:5803:5803 [0] NCCL INFO Global rank 0 : opCount 0 slicesteps 2 spl 3 cpl 4 nbytes 262144 -> protocol Simple algorithm Ring nchannels 4 , nloops 1 nsteps 12 chunksize 1048576 comm 0x2510fc0 
crdnotebook-2076293935161401346-scnv1ejp8d-97304:5803:5803 [0] NCCL INFO Global rank 0 : opCount 0 slicesteps 2 spl 3 cpl 4 nbytes 262144 -> protocol Simple algorithm Ring nchannels 4 , nloops 1 nsteps 12 chunksize 1048576 comm 0x2510fc0 
crdnotebook-2076293935161401346-scnv1ejp8d-97304:5803:5803 [0] NCCL INFO AllGather: opCount 13 sendbuff 0x7fe914300000 recvbuff 0x7fe914300000 count 65536 datatype 7 op 0 root 0 comm 0x2510fc0 [nranks=4] stream 0x2510a60 task 0 globalrank 0
crdnotebook-2076293935161401346-scnv1ejp8d-97304:5803:5803 [0] NCCL INFO 1048576 Bytes -> Algo 1 proto 2 time 113.059029
crdnotebook-2076293935161401346-scnv1ejp8d-97304:5803:5803 [0] NCCL INFO Global rank 0 : opCount 0 slicesteps 2 spl 3 cpl 4 nbytes 262144 -> protocol Simple algorithm Ring nchannels 4 , nloops 1 nsteps 12 chunksize 1048576 comm 0x2510fc0 
crdnotebook-2076293935161401346-scnv1ejp8d-97304:5803:5803 [0] NCCL INFO Global rank 0 : opCount 0 slicesteps 2 spl 3 cpl 4 nbytes 262144 -> protocol Simple algorithm Ring nchannels 4 , nloops 1 nsteps 12 chunksize 1048576 comm 0x2510fc0 
crdnotebook-2076293935161401346-scnv1ejp8d-97304:5803:5803 [0] NCCL INFO Global rank 0 : opCount 0 slicesteps 2 spl 3 cpl 4 nbytes 262144 -> protocol Simple algorithm Ring nchannels 4 , nloops 1 nsteps 12 chunksize 1048576 comm 0x2510fc0 
     1048576         65536     float    none      -1crdnotebook-2076293935161401346-scnv1ejp8d-97304:5803:5803 [0] NCCL INFO AllGather: opCount 14 sendbuff 0x7fe914200000 recvbuff 0x7fe914300000 count 65536 datatype 7 op 0 root 0 comm 0x2510fc0 [nranks=4] stream 0x2510a60 task 0 globalrank 0
crdnotebook-2076293935161401346-scnv1ejp8d-97304:5803:5803 [0] NCCL INFO 1048576 Bytes -> Algo 1 proto 2 time 113.059029
crdnotebook-2076293935161401346-scnv1ejp8d-97304:5803:5803 [0] NCCL INFO Global rank 0 : opCount 0 slicesteps 2 spl 3 cpl 4 nbytes 262144 -> protocol Simple algorithm Ring nchannels 4 , nloops 1 nsteps 12 chunksize 1048576 comm 0x2510fc0 
crdnotebook-2076293935161401346-scnv1ejp8d-97304:5803:5803 [0] NCCL INFO Global rank 0 : opCount 0 slicesteps 2 spl 3 cpl 4 nbytes 262144 -> protocol Simple algorithm Ring nchannels 4 , nloops 1 nsteps 12 chunksize 1048576 comm 0x2510fc0 
crdnotebook-2076293935161401346-scnv1ejp8d-97304:5803:5803 [0] NCCL INFO Global rank 0 : opCount 0 slicesteps 2 spl 3 cpl 4 nbytes 262144 -> protocol Simple algorithm Ring nchannels 4 , nloops 1 nsteps 12 chunksize 1048576 comm 0x2510fc0 
crdnotebook-2076293935161401346-scnv1ejp8d-97304:5804:5804 [1] NCCL INFO AllGather: opCount 14 sendbuff 0x7f4a57000000 recvbuff 0x7f4a57100000 count 65536 datatype 7 op 0 root 0 comm 0x15076d0 [nranks=4] stream 0x1504430 task 0 globalrank 1
crdnotebook-2076293935161401346-scnv1ejp8d-97304:5804:5804 [1] NCCL INFO Global rank 1 : opCount 0 slicesteps 2 spl 3 cpl 4 nbytes 262144 -> protocol Simple algorithm Ring nchannels 4 , nloops 1 nsteps 12 chunksize 1048576 comm 0x15076d0 
crdnotebook-2076293935161401346-scnv1ejp8d-97304:5804:5804 [1] NCCL INFO Global rank 1 : opCount 0 slicesteps 2 spl 3 cpl 4 nbytes 262144 -> protocol Simple algorithm Ring nchannels 4 , nloops 1 nsteps 12 chunksize 1048576 comm 0x15076d0 
crdnotebook-2076293935161401346-scnv1ejp8d-97304:5804:5804 [1] NCCL INFO Global rank 1 : opCount 0 slicesteps 2 spl 3 cpl 4 nbytes 262144 -> protocol Simple algorithm Ring nchannels 4 , nloops 1 nsteps 12 chunksize 1048576 comm 0x15076d0 
crdnotebook-2076293935161401346-scnv1ejp8d-97304:5806:5806 [3] NCCL INFO AllGather: opCount 14 sendbuff 0x7fab9de00000 recvbuff 0x7fab9df00000 count 65536 datatype 7 op 0 root 0 comm 0x1881460 [nranks=4] stream 0x187e190 task 0 globalrank 3
crdnotebook-2076293935161401346-scnv1ejp8d-97304:5806:5806 [3] NCCL INFO Global rank 3 : opCount 0 slicesteps 2 spl 3 cpl 4 nbytes 262144 -> protocol Simple algorithm Ring nchannels 4 , nloops 1 nsteps 12 chunksize 1048576 comm 0x1881460 
crdnotebook-2076293935161401346-scnv1ejp8d-97304:5806:5806 [3] NCCL INFO Global rank 3 : opCount 0 slicesteps 2 spl 3 cpl 4 nbytes 262144 -> protocol Simple algorithm Ring nchannels 4 , nloops 1 nsteps 12 chunksize 1048576 comm 0x1881460 
crdnotebook-2076293935161401346-scnv1ejp8d-97304:5806:5806 [3] NCCL INFO Global rank 3 : opCount 0 slicesteps 2 spl 3 cpl 4 nbytes 262144 -> protocol Simple algorithm Ring nchannels 4 , nloops 1 nsteps 12 chunksize 1048576 comm 0x1881460 
crdnotebook-2076293935161401346-scnv1ejp8d-97304:5805:5805 [2] NCCL INFO AllGather: opCount 14 sendbuff 0x7f62a6400000 recvbuff 0x7f62a6500000 count 65536 datatype 7 op 0 root 0 comm 0x20dd4f0 [nranks=4] stream 0x20da270 task 0 globalrank 2
crdnotebook-2076293935161401346-scnv1ejp8d-97304:5805:5805 [2] NCCL INFO Global rank 2 : opCount 0 slicesteps 2 spl 3 cpl 4 nbytes 262144 -> protocol Simple algorithm Ring nchannels 4 , nloops 1 nsteps 12 chunksize 1048576 comm 0x20dd4f0 
crdnotebook-2076293935161401346-scnv1ejp8d-97304:5805:5805 [2] NCCL INFO Global rank 2 : opCount 0 slicesteps 2 spl 3 cpl 4 nbytes 262144 -> protocol Simple algorithm Ring nchannels 4 , nloops 1 nsteps 12 chunksize 1048576 comm 0x20dd4f0 
crdnotebook-2076293935161401346-scnv1ejp8d-97304:5805:5805 [2] NCCL INFO Global rank 2 : opCount 0 slicesteps 2 spl 3 cpl 4 nbytes 262144 -> protocol Simple algorithm Ring nchannels 4 , nloops 1 nsteps 12 chunksize 1048576 comm 0x20dd4f0 
crdnotebook-2076293935161401346-scnv1ejp8d-97304:5803:5803 [0] NCCL INFO AllGather: opCount 15 sendbuff 0x7fe914200000 recvbuff 0x7fe914300000 count 65536 datatype 7 op 0 root 0 comm 0x2510fc0 [nranks=4] stream 0x2510a60 task 0 globalrank 0
crdnotebook-2076293935161401346-scnv1ejp8d-97304:5803:5803 [0] NCCL INFO 1048576 Bytes -> Algo 1 proto 2 time 113.059029
crdnotebook-2076293935161401346-scnv1ejp8d-97304:5803:5803 [0] NCCL INFO Global rank 0 : opCount 0 slicesteps 2 spl 3 cpl 4 nbytes 262144 -> protocol Simple algorithm Ring nchannels 4 , nloops 1 nsteps 12 chunksize 1048576 comm 0x2510fc0 
crdnotebook-2076293935161401346-scnv1ejp8d-97304:5805:5805 [2] NCCL INFO AllGather: opCount 15 sendbuff 0x7f62a6400000 recvbuff 0x7f62a6500000 count 65536 datatype 7 op 0 root 0 comm 0x20dd4f0 [nranks=4] stream 0x20da270 task 0 globalrank 2
crdnotebook-2076293935161401346-scnv1ejp8d-97304:5805:5805 [2] NCCL INFO Global rank 2 : opCount 0 slicesteps 2 spl 3 cpl 4 nbytes 262144 -> protocol Simple algorithm Ring nchannels 4 , nloops 1 nsteps 12 chunksize 1048576 comm 0x20dd4f0 
crdnotebook-2076293935161401346-scnv1ejp8d-97304:5805:5805 [2] NCCL INFO Global rank 2 : opCount 0 slicesteps 2 spl 3 cpl 4 nbytes 262144 -> protocol Simple algorithm Ring nchannels 4 , nloops 1 nsteps 12 chunksize 1048576 comm 0x20dd4f0 
crdnotebook-2076293935161401346-scnv1ejp8d-97304:5805:5805 [2] NCCL INFO Global rank 2 : opCount 0 slicesteps 2 spl 3 cpl 4 nbytes 262144 -> protocol Simple algorithm Ring nchannels 4 , nloops 1 nsteps 12 chunksize 1048576 comm 0x20dd4f0 
crdnotebook-2076293935161401346-scnv1ejp8d-97304:5805:5805 [2] NCCL INFO AllGather: opCount 16 sendbuff 0x7f62a6400000 recvbuff 0x7f62a6500000 count 65536 datatype 7 op 0 root 0 comm 0x20dd4f0 [nranks=4] stream 0x20da270 task 0 globalrank 2
crdnotebook-2076293935161401346-scnv1ejp8d-97304:5804:5804 [1] NCCL INFO AllGather: opCount 15 sendbuff 0x7f4a57000000 recvbuff 0x7f4a57100000 count 65536 datatype 7 op 0 root 0 comm 0x15076d0 [nranks=4] stream 0x1504430 task 0 globalrank 1
crdnotebook-2076293935161401346-scnv1ejp8d-97304:5804:5804 [1] NCCL INFO Global rank 1 : opCount 0 slicesteps 2 spl 3 cpl 4 nbytes 262144 -> protocol Simple algorithm Ring nchannels 4 , nloops 1 nsteps 12 chunksize 1048576 comm 0x15076d0 
crdnotebook-2076293935161401346-scnv1ejp8d-97304:5804:5804 [1] NCCL INFO Global rank 1 : opCount 0 slicesteps 2 spl 3 cpl 4 nbytes 262144 -> protocol Simple algorithm Ring nchannels 4 , nloops 1 nsteps 12 chunksize 1048576 comm 0x15076d0 
crdnotebook-2076293935161401346-scnv1ejp8d-97304:5804:5804 [1] NCCL INFO Global rank 1 : opCount 0 slicesteps 2 spl 3 cpl 4 nbytes 262144 -> protocol Simple algorithm Ring nchannels 4 , nloops 1 nsteps 12 chunksize 1048576 comm 0x15076d0 
crdnotebook-2076293935161401346-scnv1ejp8d-97304:5804:5804 [1] NCCL INFO AllGather: opCount 16 sendbuff 0x7f4a57000000 recvbuff 0x7f4a57100000 count 65536 datatype 7 op 0 root 0 comm 0x15076d0 [nranks=4] stream 0x1504430 task 0 globalrank 1
crdnotebook-2076293935161401346-scnv1ejp8d-97304:5804:5804 [1] NCCL INFO Global rank 1 : opCount 0 slicesteps 2 spl 3 cpl 4 nbytes 262144 -> protocol Simple algorithm Ring nchannels 4 , nloops 1 nsteps 12 chunksize 1048576 comm 0x15076d0 
crdnotebook-2076293935161401346-scnv1ejp8d-97304:5804:5804 [1] NCCL INFO Global rank 1 : opCount 0 slicesteps 2 spl 3 cpl 4 nbytes 262144 -> protocol Simple algorithm Ring nchannels 4 , nloops 1 nsteps 12 chunksize 1048576 comm 0x15076d0 
crdnotebook-2076293935161401346-scnv1ejp8d-97304:5804:5804 [1] NCCL INFO Global rank 1 : opCount 0 slicesteps 2 spl 3 cpl 4 nbytes 262144 -> protocol Simple algorithm Ring nchannels 4 , nloops 1 nsteps 12 chunksize 1048576 comm 0x15076d0 
crdnotebook-2076293935161401346-scnv1ejp8d-97304:5806:5806 [3] NCCL INFO AllGather: opCount 15 sendbuff 0x7fab9de00000 recvbuff 0x7fab9df00000 count 65536 datatype 7 op 0 root 0 comm 0x1881460 [nranks=4] stream 0x187e190 task 0 globalrank 3
crdnotebook-2076293935161401346-scnv1ejp8d-97304:5806:5806 [3] NCCL INFO Global rank 3 : opCount 0 slicesteps 2 spl 3 cpl 4 nbytes 262144 -> protocol Simple algorithm Ring nchannels 4 , nloops 1 nsteps 12 chunksize 1048576 comm 0x1881460 
crdnotebook-2076293935161401346-scnv1ejp8d-97304:5806:5806 [3] NCCL INFO Global rank 3 : opCount 0 slicesteps 2 spl 3 cpl 4 nbytes 262144 -> protocol Simple algorithm Ring nchannels 4 , nloops 1 nsteps 12 chunksize 1048576 comm 0x1881460 
crdnotebook-2076293935161401346-scnv1ejp8d-97304:5806:5806 [3] NCCL INFO Global rank 3 : opCount 0 slicesteps 2 spl 3 cpl 4 nbytes 262144 -> protocol Simple algorithm Ring nchannels 4 , nloops 1 nsteps 12 chunksize 1048576 comm 0x1881460 
crdnotebook-2076293935161401346-scnv1ejp8d-97304:5806:5806 [3] NCCL INFO AllGather: opCount 16 sendbuff 0x7fab9de00000 recvbuff 0x7fab9df00000 count 65536 datatype 7 op 0 root 0 comm 0x1881460 [nranks=4] stream 0x187e190 task 0 globalrank 3
crdnotebook-2076293935161401346-scnv1ejp8d-97304:5806:5806 [3] NCCL INFO Global rank 3 : opCount 0 slicesteps 2 spl 3 cpl 4 nbytes 262144 -> protocol Simple algorithm Ring nchannels 4 , nloops 1 nsteps 12 chunksize 1048576 comm 0x1881460 
crdnotebook-2076293935161401346-scnv1ejp8d-97304:5806:5806 [3] NCCL INFO Global rank 3 : opCount 0 slicesteps 2 spl 3 cpl 4 nbytes 262144 -> protocol Simple algorithm Ring nchannels 4 , nloops 1 nsteps 12 chunksize 1048576 comm 0x1881460 
crdnotebook-2076293935161401346-scnv1ejp8d-97304:5806:5806 [3] NCCL INFO Global rank 3 : opCount 0 slicesteps 2 spl 3 cpl 4 nbytes 262144 -> protocol Simple algorithm Ring nchannels 4 , nloops 1 nsteps 12 chunksize 1048576 comm 0x1881460 
crdnotebook-2076293935161401346-scnv1ejp8d-97304:5806:5806 [3] NCCL INFO AllGather: opCount 17 sendbuff 0x7fab9de00000 recvbuff 0x7fab9df00000 count 65536 datatype 7 op 0 root 0 comm 0x1881460 [nranks=4] stream 0x187e190 task 0 globalrank 3
crdnotebook-2076293935161401346-scnv1ejp8d-97304:5806:5806 [3] NCCL INFO Global rank 3 : opCount 0 slicesteps 2 spl 3 cpl 4 nbytes 262144 -> protocol Simple algorithm Ring nchannels 4 , nloops 1 nsteps 12 chunksize 1048576 comm 0x1881460 
crdnotebook-2076293935161401346-scnv1ejp8d-97304:5806:5806 [3] NCCL INFO Global rank 3 : opCount 0 slicesteps 2 spl 3 cpl 4 nbytes 262144 -> protocol Simple algorithm Ring nchannels 4 , nloops 1 nsteps 12 chunksize 1048576 comm 0x1881460 
crdnotebook-2076293935161401346-scnv1ejp8d-97304:5806:5806 [3] NCCL INFO Global rank 3 : opCount 0 slicesteps 2 spl 3 cpl 4 nbytes 262144 -> protocol Simple algorithm Ring nchannels 4 , nloops 1 nsteps 12 chunksize 1048576 comm 0x1881460 
crdnotebook-2076293935161401346-scnv1ejp8d-97304:5803:5803 [0] NCCL INFO Global rank 0 : opCount 0 slicesteps 2 spl 3 cpl 4 nbytes 262144 -> protocol Simple algorithm Ring nchannels 4 , nloops 1 nsteps 12 chunksize 1048576 comm 0x2510fc0 
crdnotebook-2076293935161401346-scnv1ejp8d-97304:5803:5803 [0] NCCL INFO Global rank 0 : opCount 0 slicesteps 2 spl 3 cpl 4 nbytes 262144 -> protocol Simple algorithm Ring nchannels 4 , nloops 1 nsteps 12 chunksize 1048576 comm 0x2510fc0 
crdnotebook-2076293935161401346-scnv1ejp8d-97304:5803:5803 [0] NCCL INFO AllGather: opCount 16 sendbuff 0x7fe914200000 recvbuff 0x7fe914300000 count 65536 datatype 7 op 0 root 0 comm 0x2510fc0 [nranks=4] stream 0x2510a60 task 0 globalrank 0
crdnotebook-2076293935161401346-scnv1ejp8d-97304:5803:5803 [0] NCCL INFO 1048576 Bytes -> Algo 1 proto 2 time 113.059029
crdnotebook-2076293935161401346-scnv1ejp8d-97304:5803:5803 [0] NCCL INFO Global rank 0 : opCount 0 slicesteps 2 spl 3 cpl 4 nbytes 262144 -> protocol Simple algorithm Ring nchannels 4 , nloops 1 nsteps 12 chunksize 1048576 comm 0x2510fc0 
crdnotebook-2076293935161401346-scnv1ejp8d-97304:5803:5803 [0] NCCL INFO Global rank 0 : opCount 0 slicesteps 2 spl 3 cpl 4 nbytes 262144 -> protocol Simple algorithm Ring nchannels 4 , nloops 1 nsteps 12 chunksize 1048576 comm 0x2510fc0 
crdnotebook-2076293935161401346-scnv1ejp8d-97304:5803:5803 [0] NCCL INFO Global rank 0 : opCount 0 slicesteps 2 spl 3 cpl 4 nbytes 262144 -> protocol Simple algorithm Ring nchannels 4 , nloops 1 nsteps 12 chunksize 1048576 comm 0x2510fc0 
crdnotebook-2076293935161401346-scnv1ejp8d-97304:5803:5803 [0] NCCL INFO AllGather: opCount 17 sendbuff 0x7fe914200000 recvbuff 0x7fe914300000 count 65536 datatype 7 op 0 root 0 comm 0x2510fc0 [nranks=4] stream 0x2510a60 task 0 globalrank 0
crdnotebook-2076293935161401346-scnv1ejp8d-97304:5803:5803 [0] NCCL INFO 1048576 Bytes -> Algo 1 proto 2 time 113.059029
crdnotebook-2076293935161401346-scnv1ejp8d-97304:5803:5803 [0] NCCL INFO Global rank 0 : opCount 0 slicesteps 2 spl 3 cpl 4 nbytes 262144 -> protocol Simple algorithm Ring nchannels 4 , nloops 1 nsteps 12 chunksize 1048576 comm 0x2510fc0 
crdnotebook-2076293935161401346-scnv1ejp8d-97304:5803:5803 [0] NCCL INFO Global rank 0 : opCount 0 slicesteps 2 spl 3 cpl 4 nbytes 262144 -> protocol Simple algorithm Ring nchannels 4 , nloops 1 nsteps 12 chunksize 1048576 comm 0x2510fc0 
crdnotebook-2076293935161401346-scnv1ejp8d-97304:5803:5803 [0] NCCL INFO Global rank 0 : opCount 0 slicesteps 2 spl 3 cpl 4 nbytes 262144 -> protocol Simple algorithm Ring nchannels 4 , nloops 1 nsteps 12 chunksize 1048576 comm 0x2510fc0 
crdnotebook-2076293935161401346-scnv1ejp8d-97304:5803:5803 [0] NCCL INFO AllGather: opCount 18 sendbuff 0x7fe914200000 recvbuff 0x7fe914300000 count 65536 datatype 7 op 0 root 0 comm 0x2510fc0 [nranks=4] stream 0x2510a60 task 0 globalrank 0
crdnotebook-2076293935161401346-scnv1ejp8d-97304:5805:5805 [2] NCCL INFO Global rank 2 : opCount 0 slicesteps 2 spl 3 cpl 4 nbytes 262144 -> protocol Simple algorithm Ring nchannels 4 , nloops 1 nsteps 12 chunksize 1048576 comm 0x20dd4f0 
crdnotebook-2076293935161401346-scnv1ejp8d-97304:5805:5805 [2] NCCL INFO Global rank 2 : opCount 0 slicesteps 2 spl 3 cpl 4 nbytes 262144 -> protocol Simple algorithm Ring nchannels 4 , nloops 1 nsteps 12 chunksize 1048576 comm 0x20dd4f0 
crdnotebook-2076293935161401346-scnv1ejp8d-97304:5805:5805 [2] NCCL INFO Global rank 2 : opCount 0 slicesteps 2 spl 3 cpl 4 nbytes 262144 -> protocol Simple algorithm Ring nchannels 4 , nloops 1 nsteps 12 chunksize 1048576 comm 0x20dd4f0 
crdnotebook-2076293935161401346-scnv1ejp8d-97304:5805:5805 [2] NCCL INFO AllGather: opCount 17 sendbuff 0x7f62a6400000 recvbuff 0x7f62a6500000 count 65536 datatype 7 op 0 root 0 comm 0x20dd4f0 [nranks=4] stream 0x20da270 task 0 globalrank 2
crdnotebook-2076293935161401346-scnv1ejp8d-97304:5805:5805 [2] NCCL INFO Global rank 2 : opCount 0 slicesteps 2 spl 3 cpl 4 nbytes 262144 -> protocol Simple algorithm Ring nchannels 4 , nloops 1 nsteps 12 chunksize 1048576 comm 0x20dd4f0 
crdnotebook-2076293935161401346-scnv1ejp8d-97304:5805:5805 [2] NCCL INFO Global rank 2 : opCount 0 slicesteps 2 spl 3 cpl 4 nbytes 262144 -> protocol Simple algorithm Ring nchannels 4 , nloops 1 nsteps 12 chunksize 1048576 comm 0x20dd4f0 
crdnotebook-2076293935161401346-scnv1ejp8d-97304:5805:5805 [2] NCCL INFO Global rank 2 : opCount 0 slicesteps 2 spl 3 cpl 4 nbytes 262144 -> protocol Simple algorithm Ring nchannels 4 , nloops 1 nsteps 12 chunksize 1048576 comm 0x20dd4f0 
crdnotebook-2076293935161401346-scnv1ejp8d-97304:5805:5805 [2] NCCL INFO AllGather: opCount 18 sendbuff 0x7f62a6400000 recvbuff 0x7f62a6500000 count 65536 datatype 7 op 0 root 0 comm 0x20dd4f0 [nranks=4] stream 0x20da270 task 0 globalrank 2
crdnotebook-2076293935161401346-scnv1ejp8d-97304:5805:5805 [2] NCCL INFO Global rank 2 : opCount 0 slicesteps 2 spl 3 cpl 4 nbytes 262144 -> protocol Simple algorithm Ring nchannels 4 , nloops 1 nsteps 12 chunksize 1048576 comm 0x20dd4f0 
crdnotebook-2076293935161401346-scnv1ejp8d-97304:5805:5805 [2] NCCL INFO Global rank 2 : opCount 0 slicesteps 2 spl 3 cpl 4 nbytes 262144 -> protocol Simple algorithm Ring nchannels 4 , nloops 1 nsteps 12 chunksize 1048576 comm 0x20dd4f0 
crdnotebook-2076293935161401346-scnv1ejp8d-97304:5805:5805 [2] NCCL INFO Global rank 2 : opCount 0 slicesteps 2 spl 3 cpl 4 nbytes 262144 -> protocol Simple algorithm Ring nchannels 4 , nloops 1 nsteps 12 chunksize 1048576 comm 0x20dd4f0 
crdnotebook-2076293935161401346-scnv1ejp8d-97304:5805:5805 [2] NCCL INFO AllGather: opCount 19 sendbuff 0x7f62a6400000 recvbuff 0x7f62a6500000 count 65536 datatype 7 op 0 root 0 comm 0x20dd4f0 [nranks=4] stream 0x20da270 task 0 globalrank 2
crdnotebook-2076293935161401346-scnv1ejp8d-97304:5805:5805 [2] NCCL INFO Global rank 2 : opCount 0 slicesteps 2 spl 3 cpl 4 nbytes 262144 -> protocol Simple algorithm Ring nchannels 4 , nloops 1 nsteps 12 chunksize 1048576 comm 0x20dd4f0 
crdnotebook-2076293935161401346-scnv1ejp8d-97304:5805:5805 [2] NCCL INFO Global rank 2 : opCount 0 slicesteps 2 spl 3 cpl 4 nbytes 262144 -> protocol Simple algorithm Ring nchannels 4 , nloops 1 nsteps 12 chunksize 1048576 comm 0x20dd4f0 
crdnotebook-2076293935161401346-scnv1ejp8d-97304:5805:5805 [2] NCCL INFO Global rank 2 : opCount 0 slicesteps 2 spl 3 cpl 4 nbytes 262144 -> protocol Simple algorithm Ring nchannels 4 , nloops 1 nsteps 12 chunksize 1048576 comm 0x20dd4f0 
crdnotebook-2076293935161401346-scnv1ejp8d-97304:5804:5804 [1] NCCL INFO AllGather: opCount 17 sendbuff 0x7f4a57000000 recvbuff 0x7f4a57100000 count 65536 datatype 7 op 0 root 0 comm 0x15076d0 [nranks=4] stream 0x1504430 task 0 globalrank 1
crdnotebook-2076293935161401346-scnv1ejp8d-97304:5804:5804 [1] NCCL INFO Global rank 1 : opCount 0 slicesteps 2 spl 3 cpl 4 nbytes 262144 -> protocol Simple algorithm Ring nchannels 4 , nloops 1 nsteps 12 chunksize 1048576 comm 0x15076d0 
crdnotebook-2076293935161401346-scnv1ejp8d-97304:5804:5804 [1] NCCL INFO Global rank 1 : opCount 0 slicesteps 2 spl 3 cpl 4 nbytes 262144 -> protocol Simple algorithm Ring nchannels 4 , nloops 1 nsteps 12 chunksize 1048576 comm 0x15076d0 
crdnotebook-2076293935161401346-scnv1ejp8d-97304:5804:5804 [1] NCCL INFO Global rank 1 : opCount 0 slicesteps 2 spl 3 cpl 4 nbytes 262144 -> protocol Simple algorithm Ring nchannels 4 , nloops 1 nsteps 12 chunksize 1048576 comm 0x15076d0 
crdnotebook-2076293935161401346-scnv1ejp8d-97304:5804:5804 [1] NCCL INFO AllGather: opCount 18 sendbuff 0x7f4a57000000 recvbuff 0x7f4a57100000 count 65536 datatype 7 op 0 root 0 comm 0x15076d0 [nranks=4] stream 0x1504430 task 0 globalrank 1
crdnotebook-2076293935161401346-scnv1ejp8d-97304:5804:5804 [1] NCCL INFO Global rank 1 : opCount 0 slicesteps 2 spl 3 cpl 4 nbytes 262144 -> protocol Simple algorithm Ring nchannels 4 , nloops 1 nsteps 12 chunksize 1048576 comm 0x15076d0 
crdnotebook-2076293935161401346-scnv1ejp8d-97304:5804:5804 [1] NCCL INFO Global rank 1 : opCount 0 slicesteps 2 spl 3 cpl 4 nbytes 262144 -> protocol Simple algorithm Ring nchannels 4 , nloops 1 nsteps 12 chunksize 1048576 comm 0x15076d0 
crdnotebook-2076293935161401346-scnv1ejp8d-97304:5804:5804 [1] NCCL INFO Global rank 1 : opCount 0 slicesteps 2 spl 3 cpl 4 nbytes 262144 -> protocol Simple algorithm Ring nchannels 4 , nloops 1 nsteps 12 chunksize 1048576 comm 0x15076d0 
crdnotebook-2076293935161401346-scnv1ejp8d-97304:5804:5804 [1] NCCL INFO AllGather: opCount 19 sendbuff 0x7f4a57000000 recvbuff 0x7f4a57100000 count 65536 datatype 7 op 0 root 0 comm 0x15076d0 [nranks=4] stream 0x1504430 task 0 globalrank 1
crdnotebook-2076293935161401346-scnv1ejp8d-97304:5804:5804 [1] NCCL INFO Global rank 1 : opCount 0 slicesteps 2 spl 3 cpl 4 nbytes 262144 -> protocol Simple algorithm Ring nchannels 4 , nloops 1 nsteps 12 chunksize 1048576 comm 0x15076d0 
crdnotebook-2076293935161401346-scnv1ejp8d-97304:5804:5804 [1] NCCL INFO Global rank 1 : opCount 0 slicesteps 2 spl 3 cpl 4 nbytes 262144 -> protocol Simple algorithm Ring nchannels 4 , nloops 1 nsteps 12 chunksize 1048576 comm 0x15076d0 
crdnotebook-2076293935161401346-scnv1ejp8d-97304:5804:5804 [1] NCCL INFO Global rank 1 : opCount 0 slicesteps 2 spl 3 cpl 4 nbytes 262144 -> protocol Simple algorithm Ring nchannels 4 , nloops 1 nsteps 12 chunksize 1048576 comm 0x15076d0 
crdnotebook-2076293935161401346-scnv1ejp8d-97304:5804:5804 [1] NCCL INFO AllGather: opCount 1a sendbuff 0x7f4a57000000 recvbuff 0x7f4a57100000 count 65536 datatype 7 op 0 root 0 comm 0x15076d0 [nranks=4] stream 0x1504430 task 0 globalrank 1
crdnotebook-2076293935161401346-scnv1ejp8d-97304:5804:5804 [1] NCCL INFO Global rank 1 : opCount 0 slicesteps 2 spl 3 cpl 4 nbytes 262144 -> protocol Simple algorithm Ring nchannels 4 , nloops 1 nsteps 12 chunksize 1048576 comm 0x15076d0 
crdnotebook-2076293935161401346-scnv1ejp8d-97304:5804:5804 [1] NCCL INFO Global rank 1 : opCount 0 slicesteps 2 spl 3 cpl 4 nbytes 262144 -> protocol Simple algorithm Ring nchannels 4 , nloops 1 nsteps 12 chunksize 1048576 comm 0x15076d0 
crdnotebook-2076293935161401346-scnv1ejp8d-97304:5806:5806 [3] NCCL INFO AllGather: opCount 18 sendbuff 0x7fab9de00000 recvbuff 0x7fab9df00000 count 65536 datatype 7 op 0 root 0 comm 0x1881460 [nranks=4] stream 0x187e190 task 0 globalrank 3
crdnotebook-2076293935161401346-scnv1ejp8d-97304:5806:5806 [3] NCCL INFO Global rank 3 : opCount 0 slicesteps 2 spl 3 cpl 4 nbytes 262144 -> protocol Simple algorithm Ring nchannels 4 , nloops 1 nsteps 12 chunksize 1048576 comm 0x1881460 
crdnotebook-2076293935161401346-scnv1ejp8d-97304:5806:5806 [3] NCCL INFO Global rank 3 : opCount 0 slicesteps 2 spl 3 cpl 4 nbytes 262144 -> protocol Simple algorithm Ring nchannels 4 , nloops 1 nsteps 12 chunksize 1048576 comm 0x1881460 
crdnotebook-2076293935161401346-scnv1ejp8d-97304:5806:5806 [3] NCCL INFO Global rank 3 : opCount 0 slicesteps 2 spl 3 cpl 4 nbytes 262144 -> protocol Simple algorithm Ring nchannels 4 , nloops 1 nsteps 12 chunksize 1048576 comm 0x1881460 
crdnotebook-2076293935161401346-scnv1ejp8d-97304:5806:5806 [3] NCCL INFO AllGather: opCount 19 sendbuff 0x7fab9de00000 recvbuff 0x7fab9df00000 count 65536 datatype 7 op 0 root 0 comm 0x1881460 [nranks=4] stream 0x187e190 task 0 globalrank 3
crdnotebook-2076293935161401346-scnv1ejp8d-97304:5806:5806 [3] NCCL INFO Global rank 3 : opCount 0 slicesteps 2 spl 3 cpl 4 nbytes 262144 -> protocol Simple algorithm Ring nchannels 4 , nloops 1 nsteps 12 chunksize 1048576 comm 0x1881460 
crdnotebook-2076293935161401346-scnv1ejp8d-97304:5806:5806 [3] NCCL INFO Global rank 3 : opCount 0 slicesteps 2 spl 3 cpl 4 nbytes 262144 -> protocol Simple algorithm Ring nchannels 4 , nloops 1 nsteps 12 chunksize 1048576 comm 0x1881460 
crdnotebook-2076293935161401346-scnv1ejp8d-97304:5806:5806 [3] NCCL INFO Global rank 3 : opCount 0 slicesteps 2 spl 3 cpl 4 nbytes 262144 -> protocol Simple algorithm Ring nchannels 4 , nloops 1 nsteps 12 chunksize 1048576 comm 0x1881460 
crdnotebook-2076293935161401346-scnv1ejp8d-97304:5806:5806 [3] NCCL INFO AllGather: opCount 1a sendbuff 0x7fab9de00000 recvbuff 0x7fab9df00000 count 65536 datatype 7 op 0 root 0 comm 0x1881460 [nranks=4] stream 0x187e190 task 0 globalrank 3
crdnotebook-2076293935161401346-scnv1ejp8d-97304:5806:5806 [3] NCCL INFO Global rank 3 : opCount 0 slicesteps 2 spl 3 cpl 4 nbytes 262144 -> protocol Simple algorithm Ring nchannels 4 , nloops 1 nsteps 12 chunksize 1048576 comm 0x1881460 
crdnotebook-2076293935161401346-scnv1ejp8d-97304:5806:5806 [3] NCCL INFO Global rank 3 : opCount 0 slicesteps 2 spl 3 cpl 4 nbytes 262144 -> protocol Simple algorithm Ring nchannels 4 , nloops 1 nsteps 12 chunksize 1048576 comm 0x1881460 
crdnotebook-2076293935161401346-scnv1ejp8d-97304:5806:5806 [3] NCCL INFO Global rank 3 : opCount 0 slicesteps 2 spl 3 cpl 4 nbytes 262144 -> protocol Simple algorithm Ring nchannels 4 , nloops 1 nsteps 12 chunksize 1048576 comm 0x1881460 
crdnotebook-2076293935161401346-scnv1ejp8d-97304:5806:5806 [3] NCCL INFO AllGather: opCount 1b sendbuff 0x7fab9de00000 recvbuff 0x7fab9df00000 count 65536 datatype 7 op 0 root 0 comm 0x1881460 [nranks=4] stream 0x187e190 task 0 globalrank 3
crdnotebook-2076293935161401346-scnv1ejp8d-97304:5803:5803 [0] NCCL INFO 1048576 Bytes -> Algo 1 proto 2 time 113.059029
crdnotebook-2076293935161401346-scnv1ejp8d-97304:5803:5803 [0] NCCL INFO Global rank 0 : opCount 0 slicesteps 2 spl 3 cpl 4 nbytes 262144 -> protocol Simple algorithm Ring nchannels 4 , nloops 1 nsteps 12 chunksize 1048576 comm 0x2510fc0 
crdnotebook-2076293935161401346-scnv1ejp8d-97304:5803:5803 [0] NCCL INFO Global rank 0 : opCount 0 slicesteps 2 spl 3 cpl 4 nbytes 262144 -> protocol Simple algorithm Ring nchannels 4 , nloops 1 nsteps 12 chunksize 1048576 comm 0x2510fc0 
crdnotebook-2076293935161401346-scnv1ejp8d-97304:5803:5803 [0] NCCL INFO Global rank 0 : opCount 0 slicesteps 2 spl 3 cpl 4 nbytes 262144 -> protocol Simple algorithm Ring nchannels 4 , nloops 1 nsteps 12 chunksize 1048576 comm 0x2510fc0 
crdnotebook-2076293935161401346-scnv1ejp8d-97304:5803:5803 [0] NCCL INFO AllGather: opCount 19 sendbuff 0x7fe914200000 recvbuff 0x7fe914300000 count 65536 datatype 7 op 0 root 0 comm 0x2510fc0 [nranks=4] stream 0x2510a60 task 0 globalrank 0
crdnotebook-2076293935161401346-scnv1ejp8d-97304:5803:5803 [0] NCCL INFO 1048576 Bytes -> Algo 1 proto 2 time 113.059029
crdnotebook-2076293935161401346-scnv1ejp8d-97304:5803:5803 [0] NCCL INFO Global rank 0 : opCount 0 slicesteps 2 spl 3 cpl 4 nbytes 262144 -> protocol Simple algorithm Ring nchannels 4 , nloops 1 nsteps 12 chunksize 1048576 comm 0x2510fc0 
crdnotebook-2076293935161401346-scnv1ejp8d-97304:5803:5803 [0] NCCL INFO Global rank 0 : opCount 0 slicesteps 2 spl 3 cpl 4 nbytes 262144 -> protocol Simple algorithm Ring nchannels 4 , nloops 1 nsteps 12 chunksize 1048576 comm 0x2510fc0 
crdnotebook-2076293935161401346-scnv1ejp8d-97304:5803:5803 [0] NCCL INFO Global rank 0 : opCount 0 slicesteps 2 spl 3 cpl 4 nbytes 262144 -> protocol Simple algorithm Ring nchannels 4 , nloops 1 nsteps 12 chunksize 1048576 comm 0x2510fc0 
crdnotebook-2076293935161401346-scnv1ejp8d-97304:5803:5803 [0] NCCL INFO AllGather: opCount 1a sendbuff 0x7fe914200000 recvbuff 0x7fe914300000 count 65536 datatype 7 op 0 root 0 comm 0x2510fc0 [nranks=4] stream 0x2510a60 task 0 globalrank 0
crdnotebook-2076293935161401346-scnv1ejp8d-97304:5803:5803 [0] NCCL INFO 1048576 Bytes -> Algo 1 proto 2 time 113.059029
crdnotebook-2076293935161401346-scnv1ejp8d-97304:5803:5803 [0] NCCL INFO Global rank 0 : opCount 0 slicesteps 2 spl 3 cpl 4 nbytes 262144 -> protocol Simple algorithm Ring nchannels 4 , nloops 1 nsteps 12 chunksize 1048576 comm 0x2510fc0 
crdnotebook-2076293935161401346-scnv1ejp8d-97304:5803:5803 [0] NCCL INFO Global rank 0 : opCount 0 slicesteps 2 spl 3 cpl 4 nbytes 262144 -> protocol Simple algorithm Ring nchannels 4 , nloops 1 nsteps 12 chunksize 1048576 comm 0x2510fc0 
crdnotebook-2076293935161401346-scnv1ejp8d-97304:5803:5803 [0] NCCL INFO Global rank 0 : opCount 0 slicesteps 2 spl 3 cpl 4 nbytes 262144 -> protocol Simple algorithm Ring nchannels 4 , nloops 1 nsteps 12 chunksize 1048576 comm 0x2510fc0 
crdnotebook-2076293935161401346-scnv1ejp8d-97304:5805:5805 [2] NCCL INFO AllGather: opCount 1a sendbuff 0x7f62a6400000 recvbuff 0x7f62a6500000 count 65536 datatype 7 op 0 root 0 comm 0x20dd4f0 [nranks=4] stream 0x20da270 task 0 globalrank 2
crdnotebook-2076293935161401346-scnv1ejp8d-97304:5805:5805 [2] NCCL INFO Global rank 2 : opCount 0 slicesteps 2 spl 3 cpl 4 nbytes 262144 -> protocol Simple algorithm Ring nchannels 4 , nloops 1 nsteps 12 chunksize 1048576 comm 0x20dd4f0 
crdnotebook-2076293935161401346-scnv1ejp8d-97304:5805:5805 [2] NCCL INFO Global rank 2 : opCount 0 slicesteps 2 spl 3 cpl 4 nbytes 262144 -> protocol Simple algorithm Ring nchannels 4 , nloops 1 nsteps 12 chunksize 1048576 comm 0x20dd4f0 
crdnotebook-2076293935161401346-scnv1ejp8d-97304:5805:5805 [2] NCCL INFO Global rank 2 : opCount 0 slicesteps 2 spl 3 cpl 4 nbytes 262144 -> protocol Simple algorithm Ring nchannels 4 , nloops 1 nsteps 12 chunksize 1048576 comm 0x20dd4f0 
crdnotebook-2076293935161401346-scnv1ejp8d-97304:5805:5805 [2] NCCL INFO AllGather: opCount 1b sendbuff 0x7f62a6400000 recvbuff 0x7f62a6500000 count 65536 datatype 7 op 0 root 0 comm 0x20dd4f0 [nranks=4] stream 0x20da270 task 0 globalrank 2
crdnotebook-2076293935161401346-scnv1ejp8d-97304:5805:5805 [2] NCCL INFO Global rank 2 : opCount 0 slicesteps 2 spl 3 cpl 4 nbytes 262144 -> protocol Simple algorithm Ring nchannels 4 , nloops 1 nsteps 12 chunksize 1048576 comm 0x20dd4f0 
crdnotebook-2076293935161401346-scnv1ejp8d-97304:5805:5805 [2] NCCL INFO Global rank 2 : opCount 0 slicesteps 2 spl 3 cpl 4 nbytes 262144 -> protocol Simple algorithm Ring nchannels 4 , nloops 1 nsteps 12 chunksize 1048576 comm 0x20dd4f0 
crdnotebook-2076293935161401346-scnv1ejp8d-97304:5805:5805 [2] NCCL INFO Global rank 2 : opCount 0 slicesteps 2 spl 3 cpl 4 nbytes 262144 -> protocol Simple algorithm Ring nchannels 4 , nloops 1 nsteps 12 chunksize 1048576 comm 0x20dd4f0 
crdnotebook-2076293935161401346-scnv1ejp8d-97304:5805:5805 [2] NCCL INFO AllGather: opCount 1c sendbuff 0x7f62a6400000 recvbuff 0x7f62a6500000 count 65536 datatype 7 op 0 root 0 comm 0x20dd4f0 [nranks=4] stream 0x20da270 task 0 globalrank 2
crdnotebook-2076293935161401346-scnv1ejp8d-97304:5805:5805 [2] NCCL INFO Global rank 2 : opCount 0 slicesteps 2 spl 3 cpl 4 nbytes 262144 -> protocol Simple algorithm Ring nchannels 4 , nloops 1 nsteps 12 chunksize 1048576 comm 0x20dd4f0 
crdnotebook-2076293935161401346-scnv1ejp8d-97304:5805:5805 [2] NCCL INFO Global rank 2 : opCount 0 slicesteps 2 spl 3 cpl 4 nbytes 262144 -> protocol Simple algorithm Ring nchannels 4 , nloops 1 nsteps 12 chunksize 1048576 comm 0x20dd4f0 
crdnotebook-2076293935161401346-scnv1ejp8d-97304:5805:5805 [2] NCCL INFO Global rank 2 : opCount 0 slicesteps 2 spl 3 cpl 4 nbytes 262144 -> protocol Simple algorithm Ring nchannels 4 , nloops 1 nsteps 12 chunksize 1048576 comm 0x20dd4f0 
crdnotebook-2076293935161401346-scnv1ejp8d-97304:5804:5804 [1] NCCL INFO Global rank 1 : opCount 0 slicesteps 2 spl 3 cpl 4 nbytes 262144 -> protocol Simple algorithm Ring nchannels 4 , nloops 1 nsteps 12 chunksize 1048576 comm 0x15076d0 
crdnotebook-2076293935161401346-scnv1ejp8d-97304:5804:5804 [1] NCCL INFO AllGather: opCount 1b sendbuff 0x7f4a57000000 recvbuff 0x7f4a57100000 count 65536 datatype 7 op 0 root 0 comm 0x15076d0 [nranks=4] stream 0x1504430 task 0 globalrank 1
crdnotebook-2076293935161401346-scnv1ejp8d-97304:5804:5804 [1] NCCL INFO Global rank 1 : opCount 0 slicesteps 2 spl 3 cpl 4 nbytes 262144 -> protocol Simple algorithm Ring nchannels 4 , nloops 1 nsteps 12 chunksize 1048576 comm 0x15076d0 
crdnotebook-2076293935161401346-scnv1ejp8d-97304:5804:5804 [1] NCCL INFO Global rank 1 : opCount 0 slicesteps 2 spl 3 cpl 4 nbytes 262144 -> protocol Simple algorithm Ring nchannels 4 , nloops 1 nsteps 12 chunksize 1048576 comm 0x15076d0 
crdnotebook-2076293935161401346-scnv1ejp8d-97304:5804:5804 [1] NCCL INFO Global rank 1 : opCount 0 slicesteps 2 spl 3 cpl 4 nbytes 262144 -> protocol Simple algorithm Ring nchannels 4 , nloops 1 nsteps 12 chunksize 1048576 comm 0x15076d0 
crdnotebook-2076293935161401346-scnv1ejp8d-97304:5804:5804 [1] NCCL INFO AllGather: opCount 1c sendbuff 0x7f4a57000000 recvbuff 0x7f4a57100000 count 65536 datatype 7 op 0 root 0 comm 0x15076d0 [nranks=4] stream 0x1504430 task 0 globalrank 1
crdnotebook-2076293935161401346-scnv1ejp8d-97304:5804:5804 [1] NCCL INFO Global rank 1 : opCount 0 slicesteps 2 spl 3 cpl 4 nbytes 262144 -> protocol Simple algorithm Ring nchannels 4 , nloops 1 nsteps 12 chunksize 1048576 comm 0x15076d0 
crdnotebook-2076293935161401346-scnv1ejp8d-97304:5804:5804 [1] NCCL INFO Global rank 1 : opCount 0 slicesteps 2 spl 3 cpl 4 nbytes 262144 -> protocol Simple algorithm Ring nchannels 4 , nloops 1 nsteps 12 chunksize 1048576 comm 0x15076d0 
crdnotebook-2076293935161401346-scnv1ejp8d-97304:5804:5804 [1] NCCL INFO Global rank 1 : opCount 0 slicesteps 2 spl 3 cpl 4 nbytes 262144 -> protocol Simple algorithm Ring nchannels 4 , nloops 1 nsteps 12 chunksize 1048576 comm 0x15076d0 
crdnotebook-2076293935161401346-scnv1ejp8d-97304:5804:5804 [1] NCCL INFO AllGather: opCount 1d sendbuff 0x7f4a57000000 recvbuff 0x7f4a57100000 count 65536 datatype 7 op 0 root 0 comm 0x15076d0 [nranks=4] stream 0x1504430 task 0 globalrank 1
crdnotebook-2076293935161401346-scnv1ejp8d-97304:5806:5806 [3] NCCL INFO Global rank 3 : opCount 0 slicesteps 2 spl 3 cpl 4 nbytes 262144 -> protocol Simple algorithm Ring nchannels 4 , nloops 1 nsteps 12 chunksize 1048576 comm 0x1881460 
crdnotebook-2076293935161401346-scnv1ejp8d-97304:5806:5806 [3] NCCL INFO Global rank 3 : opCount 0 slicesteps 2 spl 3 cpl 4 nbytes 262144 -> protocol Simple algorithm Ring nchannels 4 , nloops 1 nsteps 12 chunksize 1048576 comm 0x1881460 
crdnotebook-2076293935161401346-scnv1ejp8d-97304:5806:5806 [3] NCCL INFO Global rank 3 : opCount 0 slicesteps 2 spl 3 cpl 4 nbytes 262144 -> protocol Simple algorithm Ring nchannels 4 , nloops 1 nsteps 12 chunksize 1048576 comm 0x1881460 
crdnotebook-2076293935161401346-scnv1ejp8d-97304:5806:5806 [3] NCCL INFO AllGather: opCount 1c sendbuff 0x7fab9de00000 recvbuff 0x7fab9df00000 count 65536 datatype 7 op 0 root 0 comm 0x1881460 [nranks=4] stream 0x187e190 task 0 globalrank 3
crdnotebook-2076293935161401346-scnv1ejp8d-97304:5806:5806 [3] NCCL INFO Global rank 3 : opCount 0 slicesteps 2 spl 3 cpl 4 nbytes 262144 -> protocol Simple algorithm Ring nchannels 4 , nloops 1 nsteps 12 chunksize 1048576 comm 0x1881460 
crdnotebook-2076293935161401346-scnv1ejp8d-97304:5806:5806 [3] NCCL INFO Global rank 3 : opCount 0 slicesteps 2 spl 3 cpl 4 nbytes 262144 -> protocol Simple algorithm Ring nchannels 4 , nloops 1 nsteps 12 chunksize 1048576 comm 0x1881460 
crdnotebook-2076293935161401346-scnv1ejp8d-97304:5806:5806 [3] NCCL INFO Global rank 3 : opCount 0 slicesteps 2 spl 3 cpl 4 nbytes 262144 -> protocol Simple algorithm Ring nchannels 4 , nloops 1 nsteps 12 chunksize 1048576 comm 0x1881460 
crdnotebook-2076293935161401346-scnv1ejp8d-97304:5806:5806 [3] NCCL INFO AllGather: opCount 1d sendbuff 0x7fab9de00000 recvbuff 0x7fab9df00000 count 65536 datatype 7 op 0 root 0 comm 0x1881460 [nranks=4] stream 0x187e190 task 0 globalrank 3
crdnotebook-2076293935161401346-scnv1ejp8d-97304:5806:5806 [3] NCCL INFO Global rank 3 : opCount 0 slicesteps 2 spl 3 cpl 4 nbytes 262144 -> protocol Simple algorithm Ring nchannels 4 , nloops 1 nsteps 12 chunksize 1048576 comm 0x1881460 
crdnotebook-2076293935161401346-scnv1ejp8d-97304:5806:5806 [3] NCCL INFO Global rank 3 : opCount 0 slicesteps 2 spl 3 cpl 4 nbytes 262144 -> protocol Simple algorithm Ring nchannels 4 , nloops 1 nsteps 12 chunksize 1048576 comm 0x1881460 
crdnotebook-2076293935161401346-scnv1ejp8d-97304:5806:5806 [3] NCCL INFO Global rank 3 : opCount 0 slicesteps 2 spl 3 cpl 4 nbytes 262144 -> protocol Simple algorithm Ring nchannels 4 , nloops 1 nsteps 12 chunksize 1048576 comm 0x1881460 
crdnotebook-2076293935161401346-scnv1ejp8d-97304:5806:5806 [3] NCCL INFO AllGather: opCount 1e sendbuff 0x7fab9de00000 recvbuff 0x7fab9df00000 count 65536 datatype 7 op 0 root 0 comm 0x1881460 [nranks=4] stream 0x187e190 task 0 globalrank 3
crdnotebook-2076293935161401346-scnv1ejp8d-97304:5806:5806 [3] NCCL INFO Global rank 3 : opCount 0 slicesteps 2 spl 3 cpl 4 nbytes 262144 -> protocol Simple algorithm Ring nchannels 4 , nloops 1 nsteps 12 chunksize 1048576 comm 0x1881460 
crdnotebook-2076293935161401346-scnv1ejp8d-97304:5803:5803 [0] NCCL INFO AllGather: opCount 1b sendbuff 0x7fe914200000 recvbuff 0x7fe914300000 count 65536 datatype 7 op 0 root 0 comm 0x2510fc0 [nranks=4] stream 0x2510a60 task 0 globalrank 0
crdnotebook-2076293935161401346-scnv1ejp8d-97304:5803:5803 [0] NCCL INFO 1048576 Bytes -> Algo 1 proto 2 time 113.059029
crdnotebook-2076293935161401346-scnv1ejp8d-97304:5803:5803 [0] NCCL INFO Global rank 0 : opCount 0 slicesteps 2 spl 3 cpl 4 nbytes 262144 -> protocol Simple algorithm Ring nchannels 4 , nloops 1 nsteps 12 chunksize 1048576 comm 0x2510fc0 
crdnotebook-2076293935161401346-scnv1ejp8d-97304:5803:5803 [0] NCCL INFO Global rank 0 : opCount 0 slicesteps 2 spl 3 cpl 4 nbytes 262144 -> protocol Simple algorithm Ring nchannels 4 , nloops 1 nsteps 12 chunksize 1048576 comm 0x2510fc0 
crdnotebook-2076293935161401346-scnv1ejp8d-97304:5803:5803 [0] NCCL INFO Global rank 0 : opCount 0 slicesteps 2 spl 3 cpl 4 nbytes 262144 -> protocol Simple algorithm Ring nchannels 4 , nloops 1 nsteps 12 chunksize 1048576 comm 0x2510fc0 
crdnotebook-2076293935161401346-scnv1ejp8d-97304:5803:5803 [0] NCCL INFO AllGather: opCount 1c sendbuff 0x7fe914200000 recvbuff 0x7fe914300000 count 65536 datatype 7 op 0 root 0 comm 0x2510fc0 [nranks=4] stream 0x2510a60 task 0 globalrank 0
crdnotebook-2076293935161401346-scnv1ejp8d-97304:5803:5803 [0] NCCL INFO 1048576 Bytes -> Algo 1 proto 2 time 113.059029
crdnotebook-2076293935161401346-scnv1ejp8d-97304:5803:5803 [0] NCCL INFO Global rank 0 : opCount 0 slicesteps 2 spl 3 cpl 4 nbytes 262144 -> protocol Simple algorithm Ring nchannels 4 , nloops 1 nsteps 12 chunksize 1048576 comm 0x2510fc0 
crdnotebook-2076293935161401346-scnv1ejp8d-97304:5803:5803 [0] NCCL INFO Global rank 0 : opCount 0 slicesteps 2 spl 3 cpl 4 nbytes 262144 -> protocol Simple algorithm Ring nchannels 4 , nloops 1 nsteps 12 chunksize 1048576 comm 0x2510fc0 
crdnotebook-2076293935161401346-scnv1ejp8d-97304:5803:5803 [0] NCCL INFO Global rank 0 : opCount 0 slicesteps 2 spl 3 cpl 4 nbytes 262144 -> protocol Simple algorithm Ring nchannels 4 , nloops 1 nsteps 12 chunksize 1048576 comm 0x2510fc0 
crdnotebook-2076293935161401346-scnv1ejp8d-97304:5803:5803 [0] NCCL INFO AllGather: opCount 1d sendbuff 0x7fe914200000 recvbuff 0x7fe914300000 count 65536 datatype 7 op 0 root 0 comm 0x2510fc0 [nranks=4] stream 0x2510a60 task 0 globalrank 0
crdnotebook-2076293935161401346-scnv1ejp8d-97304:5803:5803 [0] NCCL INFO 1048576 Bytes -> Algo 1 proto 2 time 113.059029
crdnotebook-2076293935161401346-scnv1ejp8d-97304:5803:5803 [0] NCCL INFO Global rank 0 : opCount 0 slicesteps 2 spl 3 cpl 4 nbytes 262144 -> protocol Simple algorithm Ring nchannels 4 , nloops 1 nsteps 12 chunksize 1048576 comm 0x2510fc0 
crdnotebook-2076293935161401346-scnv1ejp8d-97304:5805:5805 [2] NCCL INFO AllGather: opCount 1d sendbuff 0x7f62a6400000 recvbuff 0x7f62a6500000 count 65536 datatype 7 op 0 root 0 comm 0x20dd4f0 [nranks=4] stream 0x20da270 task 0 globalrank 2
crdnotebook-2076293935161401346-scnv1ejp8d-97304:5805:5805 [2] NCCL INFO Global rank 2 : opCount 0 slicesteps 2 spl 3 cpl 4 nbytes 262144 -> protocol Simple algorithm Ring nchannels 4 , nloops 1 nsteps 12 chunksize 1048576 comm 0x20dd4f0 
crdnotebook-2076293935161401346-scnv1ejp8d-97304:5805:5805 [2] NCCL INFO Global rank 2 : opCount 0 slicesteps 2 spl 3 cpl 4 nbytes 262144 -> protocol Simple algorithm Ring nchannels 4 , nloops 1 nsteps 12 chunksize 1048576 comm 0x20dd4f0 
crdnotebook-2076293935161401346-scnv1ejp8d-97304:5805:5805 [2] NCCL INFO Global rank 2 : opCount 0 slicesteps 2 spl 3 cpl 4 nbytes 262144 -> protocol Simple algorithm Ring nchannels 4 , nloops 1 nsteps 12 chunksize 1048576 comm 0x20dd4f0 
crdnotebook-2076293935161401346-scnv1ejp8d-97304:5805:5805 [2] NCCL INFO AllGather: opCount 1e sendbuff 0x7f62a6400000 recvbuff 0x7f62a6500000 count 65536 datatype 7 op 0 root 0 comm 0x20dd4f0 [nranks=4] stream 0x20da270 task 0 globalrank 2
crdnotebook-2076293935161401346-scnv1ejp8d-97304:5805:5805 [2] NCCL INFO Global rank 2 : opCount 0 slicesteps 2 spl 3 cpl 4 nbytes 262144 -> protocol Simple algorithm Ring nchannels 4 , nloops 1 nsteps 12 chunksize 1048576 comm 0x20dd4f0 
crdnotebook-2076293935161401346-scnv1ejp8d-97304:5805:5805 [2] NCCL INFO Global rank 2 : opCount 0 slicesteps 2 spl 3 cpl 4 nbytes 262144 -> protocol Simple algorithm Ring nchannels 4 , nloops 1 nsteps 12 chunksize 1048576 comm 0x20dd4f0 
crdnotebook-2076293935161401346-scnv1ejp8d-97304:5805:5805 [2] NCCL INFO Global rank 2 : opCount 0 slicesteps 2 spl 3 cpl 4 nbytes 262144 -> protocol Simple algorithm Ring nchannels 4 , nloops 1 nsteps 12 chunksize 1048576 comm 0x20dd4f0 
crdnotebook-2076293935161401346-scnv1ejp8d-97304:5805:5805 [2] NCCL INFO AllGather: opCount 1f sendbuff 0x7f62a6400000 recvbuff 0x7f62a6500000 count 65536 datatype 7 op 0 root 0 comm 0x20dd4f0 [nranks=4] stream 0x20da270 task 0 globalrank 2
crdnotebook-2076293935161401346-scnv1ejp8d-97304:5805:5805 [2] NCCL INFO Global rank 2 : opCount 0 slicesteps 2 spl 3 cpl 4 nbytes 262144 -> protocol Simple algorithm Ring nchannels 4 , nloops 1 nsteps 12 chunksize 1048576 comm 0x20dd4f0 
crdnotebook-2076293935161401346-scnv1ejp8d-97304:5805:5805 [2] NCCL INFO Global rank 2 : opCount 0 slicesteps 2 spl 3 cpl 4 nbytes 262144 -> protocol Simple algorithm Ring nchannels 4 , nloops 1 nsteps 12 chunksize 1048576 comm 0x20dd4f0 
crdnotebook-2076293935161401346-scnv1ejp8d-97304:5805:5805 [2] NCCL INFO Global rank 2 : opCount 0 slicesteps 2 spl 3 cpl 4 nbytes 262144 -> protocol Simple algorithm Ring nchannels 4 , nloops 1 nsteps 12 chunksize 1048576 comm 0x20dd4f0 
crdnotebook-2076293935161401346-scnv1ejp8d-97304:5805:5805 [2] NCCL INFO AllGather: opCount 20 sendbuff 0x7f62a6400000 recvbuff 0x7f62a6500000 count 65536 datatype 7 op 0 root 0 comm 0x20dd4f0 [nranks=4] stream 0x20da270 task 0 globalrank 2
crdnotebook-2076293935161401346-scnv1ejp8d-97304:5804:5804 [1] NCCL INFO Global rank 1 : opCount 0 slicesteps 2 spl 3 cpl 4 nbytes 262144 -> protocol Simple algorithm Ring nchannels 4 , nloops 1 nsteps 12 chunksize 1048576 comm 0x15076d0 
crdnotebook-2076293935161401346-scnv1ejp8d-97304:5804:5804 [1] NCCL INFO Global rank 1 : opCount 0 slicesteps 2 spl 3 cpl 4 nbytes 262144 -> protocol Simple algorithm Ring nchannels 4 , nloops 1 nsteps 12 chunksize 1048576 comm 0x15076d0 
crdnotebook-2076293935161401346-scnv1ejp8d-97304:5804:5804 [1] NCCL INFO Global rank 1 : opCount 0 slicesteps 2 spl 3 cpl 4 nbytes 262144 -> protocol Simple algorithm Ring nchannels 4 , nloops 1 nsteps 12 chunksize 1048576 comm 0x15076d0 
crdnotebook-2076293935161401346-scnv1ejp8d-97304:5804:5804 [1] NCCL INFO AllGather: opCount 1e sendbuff 0x7f4a57000000 recvbuff 0x7f4a57100000 count 65536 datatype 7 op 0 root 0 comm 0x15076d0 [nranks=4] stream 0x1504430 task 0 globalrank 1
crdnotebook-2076293935161401346-scnv1ejp8d-97304:5804:5804 [1] NCCL INFO Global rank 1 : opCount 0 slicesteps 2 spl 3 cpl 4 nbytes 262144 -> protocol Simple algorithm Ring nchannels 4 , nloops 1 nsteps 12 chunksize 1048576 comm 0x15076d0 
crdnotebook-2076293935161401346-scnv1ejp8d-97304:5804:5804 [1] NCCL INFO Global rank 1 : opCount 0 slicesteps 2 spl 3 cpl 4 nbytes 262144 -> protocol Simple algorithm Ring nchannels 4 , nloops 1 nsteps 12 chunksize 1048576 comm 0x15076d0 
crdnotebook-2076293935161401346-scnv1ejp8d-97304:5804:5804 [1] NCCL INFO Global rank 1 : opCount 0 slicesteps 2 spl 3 cpl 4 nbytes 262144 -> protocol Simple algorithm Ring nchannels 4 , nloops 1 nsteps 12 chunksize 1048576 comm 0x15076d0 
crdnotebook-2076293935161401346-scnv1ejp8d-97304:5804:5804 [1] NCCL INFO AllGather: opCount 1f sendbuff 0x7f4a57000000 recvbuff 0x7f4a57100000 count 65536 datatype 7 op 0 root 0 comm 0x15076d0 [nranks=4] stream 0x1504430 task 0 globalrank 1
crdnotebook-2076293935161401346-scnv1ejp8d-97304:5804:5804 [1] NCCL INFO Global rank 1 : opCount 0 slicesteps 2 spl 3 cpl 4 nbytes 262144 -> protocol Simple algorithm Ring nchannels 4 , nloops 1 nsteps 12 chunksize 1048576 comm 0x15076d0 
crdnotebook-2076293935161401346-scnv1ejp8d-97304:5804:5804 [1] NCCL INFO Global rank 1 : opCount 0 slicesteps 2 spl 3 cpl 4 nbytes 262144 -> protocol Simple algorithm Ring nchannels 4 , nloops 1 nsteps 12 chunksize 1048576 comm 0x15076d0 
crdnotebook-2076293935161401346-scnv1ejp8d-97304:5804:5804 [1] NCCL INFO Global rank 1 : opCount 0 slicesteps 2 spl 3 cpl 4 nbytes 262144 -> protocol Simple algorithm Ring nchannels 4 , nloops 1 nsteps 12 chunksize 1048576 comm 0x15076d0 
crdnotebook-2076293935161401346-scnv1ejp8d-97304:5804:5804 [1] NCCL INFO AllGather: opCount 20 sendbuff 0x7f4a57000000 recvbuff 0x7f4a57100000 count 65536 datatype 7 op 0 root 0 comm 0x15076d0 [nranks=4] stream 0x1504430 task 0 globalrank 1
crdnotebook-2076293935161401346-scnv1ejp8d-97304:5804:5804 [1] NCCL INFO Global rank 1 : opCount 0 slicesteps 2 spl 3 cpl 4 nbytes 262144 -> protocol Simple algorithm Ring nchannels 4 , nloops 1 nsteps 12 chunksize 1048576 comm 0x15076d0 
crdnotebook-2076293935161401346-scnv1ejp8d-97304:5806:5806 [3] NCCL INFO Global rank 3 : opCount 0 slicesteps 2 spl 3 cpl 4 nbytes 262144 -> protocol Simple algorithm Ring nchannels 4 , nloops 1 nsteps 12 chunksize 1048576 comm 0x1881460 
crdnotebook-2076293935161401346-scnv1ejp8d-97304:5806:5806 [3] NCCL INFO Global rank 3 : opCount 0 slicesteps 2 spl 3 cpl 4 nbytes 262144 -> protocol Simple algorithm Ring nchannels 4 , nloops 1 nsteps 12 chunksize 1048576 comm 0x1881460 
crdnotebook-2076293935161401346-scnv1ejp8d-97304:5806:5806 [3] NCCL INFO AllGather: opCount 1f sendbuff 0x7fab9de00000 recvbuff 0x7fab9df00000 count 65536 datatype 7 op 0 root 0 comm 0x1881460 [nranks=4] stream 0x187e190 task 0 globalrank 3
crdnotebook-2076293935161401346-scnv1ejp8d-97304:5806:5806 [3] NCCL INFO Global rank 3 : opCount 0 slicesteps 2 spl 3 cpl 4 nbytes 262144 -> protocol Simple algorithm Ring nchannels 4 , nloops 1 nsteps 12 chunksize 1048576 comm 0x1881460 
crdnotebook-2076293935161401346-scnv1ejp8d-97304:5806:5806 [3] NCCL INFO Global rank 3 : opCount 0 slicesteps 2 spl 3 cpl 4 nbytes 262144 -> protocol Simple algorithm Ring nchannels 4 , nloops 1 nsteps 12 chunksize 1048576 comm 0x1881460 
crdnotebook-2076293935161401346-scnv1ejp8d-97304:5806:5806 [3] NCCL INFO Global rank 3 : opCount 0 slicesteps 2 spl 3 cpl 4 nbytes 262144 -> protocol Simple algorithm Ring nchannels 4 , nloops 1 nsteps 12 chunksize 1048576 comm 0x1881460 
crdnotebook-2076293935161401346-scnv1ejp8d-97304:5806:5806 [3] NCCL INFO AllGather: opCount 20 sendbuff 0x7fab9de00000 recvbuff 0x7fab9df00000 count 65536 datatype 7 op 0 root 0 comm 0x1881460 [nranks=4] stream 0x187e190 task 0 globalrank 3
crdnotebook-2076293935161401346-scnv1ejp8d-97304:5806:5806 [3] NCCL INFO Global rank 3 : opCount 0 slicesteps 2 spl 3 cpl 4 nbytes 262144 -> protocol Simple algorithm Ring nchannels 4 , nloops 1 nsteps 12 chunksize 1048576 comm 0x1881460 
crdnotebook-2076293935161401346-scnv1ejp8d-97304:5806:5806 [3] NCCL INFO Global rank 3 : opCount 0 slicesteps 2 spl 3 cpl 4 nbytes 262144 -> protocol Simple algorithm Ring nchannels 4 , nloops 1 nsteps 12 chunksize 1048576 comm 0x1881460 
crdnotebook-2076293935161401346-scnv1ejp8d-97304:5806:5806 [3] NCCL INFO Global rank 3 : opCount 0 slicesteps 2 spl 3 cpl 4 nbytes 262144 -> protocol Simple algorithm Ring nchannels 4 , nloops 1 nsteps 12 chunksize 1048576 comm 0x1881460 
crdnotebook-2076293935161401346-scnv1ejp8d-97304:5806:5806 [3] NCCL INFO AllGather: opCount 21 sendbuff 0x7fab9de00000 recvbuff 0x7fab9df00000 count 65536 datatype 7 op 0 root 0 comm 0x1881460 [nranks=4] stream 0x187e190 task 0 globalrank 3
crdnotebook-2076293935161401346-scnv1ejp8d-97304:5806:5806 [3] NCCL INFO Global rank 3 : opCount 0 slicesteps 2 spl 3 cpl 4 nbytes 262144 -> protocol Simple algorithm Ring nchannels 4 , nloops 1 nsteps 12 chunksize 1048576 comm 0x1881460 
crdnotebook-2076293935161401346-scnv1ejp8d-97304:5806:5806 [3] NCCL INFO Global rank 3 : opCount 0 slicesteps 2 spl 3 cpl 4 nbytes 262144 -> protocol Simple algorithm Ring nchannels 4 , nloops 1 nsteps 12 chunksize 1048576 comm 0x1881460 
crdnotebook-2076293935161401346-scnv1ejp8d-97304:5803:5803 [0] NCCL INFO Global rank 0 : opCount 0 slicesteps 2 spl 3 cpl 4 nbytes 262144 -> protocol Simple algorithm Ring nchannels 4 , nloops 1 nsteps 12 chunksize 1048576 comm 0x2510fc0 
crdnotebook-2076293935161401346-scnv1ejp8d-97304:5803:5803 [0] NCCL INFO Global rank 0 : opCount 0 slicesteps 2 spl 3 cpl 4 nbytes 262144 -> protocol Simple algorithm Ring nchannels 4 , nloops 1 nsteps 12 chunksize 1048576 comm 0x2510fc0 
crdnotebook-2076293935161401346-scnv1ejp8d-97304:5803:5803 [0] NCCL INFO AllGather: opCount 1e sendbuff 0x7fe914200000 recvbuff 0x7fe914300000 count 65536 datatype 7 op 0 root 0 comm 0x2510fc0 [nranks=4] stream 0x2510a60 task 0 globalrank 0
crdnotebook-2076293935161401346-scnv1ejp8d-97304:5803:5803 [0] NCCL INFO 1048576 Bytes -> Algo 1 proto 2 time 113.059029
crdnotebook-2076293935161401346-scnv1ejp8d-97304:5803:5803 [0] NCCL INFO Global rank 0 : opCount 0 slicesteps 2 spl 3 cpl 4 nbytes 262144 -> protocol Simple algorithm Ring nchannels 4 , nloops 1 nsteps 12 chunksize 1048576 comm 0x2510fc0 
crdnotebook-2076293935161401346-scnv1ejp8d-97304:5803:5803 [0] NCCL INFO Global rank 0 : opCount 0 slicesteps 2 spl 3 cpl 4 nbytes 262144 -> protocol Simple algorithm Ring nchannels 4 , nloops 1 nsteps 12 chunksize 1048576 comm 0x2510fc0 
crdnotebook-2076293935161401346-scnv1ejp8d-97304:5803:5803 [0] NCCL INFO Global rank 0 : opCount 0 slicesteps 2 spl 3 cpl 4 nbytes 262144 -> protocol Simple algorithm Ring nchannels 4 , nloops 1 nsteps 12 chunksize 1048576 comm 0x2510fc0 
crdnotebook-2076293935161401346-scnv1ejp8d-97304:5803:5803 [0] NCCL INFO AllGather: opCount 1f sendbuff 0x7fe914200000 recvbuff 0x7fe914300000 count 65536 datatype 7 op 0 root 0 comm 0x2510fc0 [nranks=4] stream 0x2510a60 task 0 globalrank 0
crdnotebook-2076293935161401346-scnv1ejp8d-97304:5803:5803 [0] NCCL INFO 1048576 Bytes -> Algo 1 proto 2 time 113.059029
crdnotebook-2076293935161401346-scnv1ejp8d-97304:5803:5803 [0] NCCL INFO Global rank 0 : opCount 0 slicesteps 2 spl 3 cpl 4 nbytes 262144 -> protocol Simple algorithm Ring nchannels 4 , nloops 1 nsteps 12 chunksize 1048576 comm 0x2510fc0 
crdnotebook-2076293935161401346-scnv1ejp8d-97304:5803:5803 [0] NCCL INFO Global rank 0 : opCount 0 slicesteps 2 spl 3 cpl 4 nbytes 262144 -> protocol Simple algorithm Ring nchannels 4 , nloops 1 nsteps 12 chunksize 1048576 comm 0x2510fc0 
crdnotebook-2076293935161401346-scnv1ejp8d-97304:5803:5803 [0] NCCL INFO Global rank 0 : opCount 0 slicesteps 2 spl 3 cpl 4 nbytes 262144 -> protocol Simple algorithm Ring nchannels 4 , nloops 1 nsteps 12 chunksize 1048576 comm 0x2510fc0 
crdnotebook-2076293935161401346-scnv1ejp8d-97304:5805:5805 [2] NCCL INFO Global rank 2 : opCount 0 slicesteps 2 spl 3 cpl 4 nbytes 262144 -> protocol Simple algorithm Ring nchannels 4 , nloops 1 nsteps 12 chunksize 1048576 comm 0x20dd4f0 
crdnotebook-2076293935161401346-scnv1ejp8d-97304:5805:5805 [2] NCCL INFO Global rank 2 : opCount 0 slicesteps 2 spl 3 cpl 4 nbytes 262144 -> protocol Simple algorithm Ring nchannels 4 , nloops 1 nsteps 12 chunksize 1048576 comm 0x20dd4f0 
crdnotebook-2076293935161401346-scnv1ejp8d-97304:5805:5805 [2] NCCL INFO Global rank 2 : opCount 0 slicesteps 2 spl 3 cpl 4 nbytes 262144 -> protocol Simple algorithm Ring nchannels 4 , nloops 1 nsteps 12 chunksize 1048576 comm 0x20dd4f0 
crdnotebook-2076293935161401346-scnv1ejp8d-97304:5805:5805 [2] NCCL INFO AllGather: opCount 21 sendbuff 0x7f62a6400000 recvbuff 0x7f62a6500000 count 65536 datatype 7 op 0 root 0 comm 0x20dd4f0 [nranks=4] stream 0x20da270 task 0 globalrank 2
crdnotebook-2076293935161401346-scnv1ejp8d-97304:5805:5805 [2] NCCL INFO Global rank 2 : opCount 0 slicesteps 2 spl 3 cpl 4 nbytes 262144 -> protocol Simple algorithm Ring nchannels 4 , nloops 1 nsteps 12 chunksize 1048576 comm 0x20dd4f0 
crdnotebook-2076293935161401346-scnv1ejp8d-97304:5805:5805 [2] NCCL INFO Global rank 2 : opCount 0 slicesteps 2 spl 3 cpl 4 nbytes 262144 -> protocol Simple algorithm Ring nchannels 4 , nloops 1 nsteps 12 chunksize 1048576 comm 0x20dd4f0 
crdnotebook-2076293935161401346-scnv1ejp8d-97304:5805:5805 [2] NCCL INFO Global rank 2 : opCount 0 slicesteps 2 spl 3 cpl 4 nbytes 262144 -> protocol Simple algorithm Ring nchannels 4 , nloops 1 nsteps 12 chunksize 1048576 comm 0x20dd4f0 
crdnotebook-2076293935161401346-scnv1ejp8d-97304:5805:5805 [2] NCCL INFO AllGather: opCount 22 sendbuff 0x7f62a6400000 recvbuff 0x7f62a6500000 count 65536 datatype 7 op 0 root 0 comm 0x20dd4f0 [nranks=4] stream 0x20da270 task 0 globalrank 2
crdnotebook-2076293935161401346-scnv1ejp8d-97304:5805:5805 [2] NCCL INFO Global rank 2 : opCount 0 slicesteps 2 spl 3 cpl 4 nbytes 262144 -> protocol Simple algorithm Ring nchannels 4 , nloops 1 nsteps 12 chunksize 1048576 comm 0x20dd4f0 
crdnotebook-2076293935161401346-scnv1ejp8d-97304:5805:5805 [2] NCCL INFO Global rank 2 : opCount 0 slicesteps 2 spl 3 cpl 4 nbytes 262144 -> protocol Simple algorithm Ring nchannels 4 , nloops 1 nsteps 12 chunksize 1048576 comm 0x20dd4f0 
crdnotebook-2076293935161401346-scnv1ejp8d-97304:5805:5805 [2] NCCL INFO Global rank 2 : opCount 0 slicesteps 2 spl 3 cpl 4 nbytes 262144 -> protocol Simple algorithm Ring nchannels 4 , nloops 1 nsteps 12 chunksize 1048576 comm 0x20dd4f0 
crdnotebook-2076293935161401346-scnv1ejp8d-97304:5805:5805 [2] NCCL INFO AllGather: opCount 23 sendbuff 0x7f62a6400000 recvbuff 0x7f62a6500000 count 65536 datatype 7 op 0 root 0 comm 0x20dd4f0 [nranks=4] stream 0x20da270 task 0 globalrank 2
crdnotebook-2076293935161401346-scnv1ejp8d-97304:5804:5804 [1] NCCL INFO Global rank 1 : opCount 0 slicesteps 2 spl 3 cpl 4 nbytes 262144 -> protocol Simple algorithm Ring nchannels 4 , nloops 1 nsteps 12 chunksize 1048576 comm 0x15076d0 
crdnotebook-2076293935161401346-scnv1ejp8d-97304:5804:5804 [1] NCCL INFO Global rank 1 : opCount 0 slicesteps 2 spl 3 cpl 4 nbytes 262144 -> protocol Simple algorithm Ring nchannels 4 , nloops 1 nsteps 12 chunksize 1048576 comm 0x15076d0 
crdnotebook-2076293935161401346-scnv1ejp8d-97304:5804:5804 [1] NCCL INFO AllGather: opCount 21 sendbuff 0x7f4a57000000 recvbuff 0x7f4a57100000 count 65536 datatype 7 op 0 root 0 comm 0x15076d0 [nranks=4] stream 0x1504430 task 0 globalrank 1
crdnotebook-2076293935161401346-scnv1ejp8d-97304:5804:5804 [1] NCCL INFO Global rank 1 : opCount 0 slicesteps 2 spl 3 cpl 4 nbytes 262144 -> protocol Simple algorithm Ring nchannels 4 , nloops 1 nsteps 12 chunksize 1048576 comm 0x15076d0 
crdnotebook-2076293935161401346-scnv1ejp8d-97304:5804:5804 [1] NCCL INFO Global rank 1 : opCount 0 slicesteps 2 spl 3 cpl 4 nbytes 262144 -> protocol Simple algorithm Ring nchannels 4 , nloops 1 nsteps 12 chunksize 1048576 comm 0x15076d0 
crdnotebook-2076293935161401346-scnv1ejp8d-97304:5804:5804 [1] NCCL INFO Global rank 1 : opCount 0 slicesteps 2 spl 3 cpl 4 nbytes 262144 -> protocol Simple algorithm Ring nchannels 4 , nloops 1 nsteps 12 chunksize 1048576 comm 0x15076d0 
crdnotebook-2076293935161401346-scnv1ejp8d-97304:5804:5804 [1] NCCL INFO AllGather: opCount 22 sendbuff 0x7f4a57000000 recvbuff 0x7f4a57100000 count 65536 datatype 7 op 0 root 0 comm 0x15076d0 [nranks=4] stream 0x1504430 task 0 globalrank 1
crdnotebook-2076293935161401346-scnv1ejp8d-97304:5804:5804 [1] NCCL INFO Global rank 1 : opCount 0 slicesteps 2 spl 3 cpl 4 nbytes 262144 -> protocol Simple algorithm Ring nchannels 4 , nloops 1 nsteps 12 chunksize 1048576 comm 0x15076d0 
crdnotebook-2076293935161401346-scnv1ejp8d-97304:5804:5804 [1] NCCL INFO Global rank 1 : opCount 0 slicesteps 2 spl 3 cpl 4 nbytes 262144 -> protocol Simple algorithm Ring nchannels 4 , nloops 1 nsteps 12 chunksize 1048576 comm 0x15076d0 
crdnotebook-2076293935161401346-scnv1ejp8d-97304:5804:5804 [1] NCCL INFO Global rank 1 : opCount 0 slicesteps 2 spl 3 cpl 4 nbytes 262144 -> protocol Simple algorithm Ring nchannels 4 , nloops 1 nsteps 12 chunksize 1048576 comm 0x15076d0 
crdnotebook-2076293935161401346-scnv1ejp8d-97304:5806:5806 [3] NCCL INFO Global rank 3 : opCount 0 slicesteps 2 spl 3 cpl 4 nbytes 262144 -> protocol Simple algorithm Ring nchannels 4 , nloops 1 nsteps 12 chunksize 1048576 comm 0x1881460 
crdnotebook-2076293935161401346-scnv1ejp8d-97304:5806:5806 [3] NCCL INFO AllGather: opCount 22 sendbuff 0x7fab9de00000 recvbuff 0x7fab9df00000 count 65536 datatype 7 op 0 root 0 comm 0x1881460 [nranks=4] stream 0x187e190 task 0 globalrank 3
crdnotebook-2076293935161401346-scnv1ejp8d-97304:5806:5806 [3] NCCL INFO Global rank 3 : opCount 0 slicesteps 2 spl 3 cpl 4 nbytes 262144 -> protocol Simple algorithm Ring nchannels 4 , nloops 1 nsteps 12 chunksize 1048576 comm 0x1881460 
crdnotebook-2076293935161401346-scnv1ejp8d-97304:5806:5806 [3] NCCL INFO Global rank 3 : opCount 0 slicesteps 2 spl 3 cpl 4 nbytes 262144 -> protocol Simple algorithm Ring nchannels 4 , nloops 1 nsteps 12 chunksize 1048576 comm 0x1881460 
crdnotebook-2076293935161401346-scnv1ejp8d-97304:5806:5806 [3] NCCL INFO Global rank 3 : opCount 0 slicesteps 2 spl 3 cpl 4 nbytes 262144 -> protocol Simple algorithm Ring nchannels 4 , nloops 1 nsteps 12 chunksize 1048576 comm 0x1881460 
crdnotebook-2076293935161401346-scnv1ejp8d-97304:5806:5806 [3] NCCL INFO AllGather: opCount 23 sendbuff 0x7fab9de00000 recvbuff 0x7fab9df00000 count 65536 datatype 7 op 0 root 0 comm 0x1881460 [nranks=4] stream 0x187e190 task 0 globalrank 3
crdnotebook-2076293935161401346-scnv1ejp8d-97304:5806:5806 [3] NCCL INFO Global rank 3 : opCount 0 slicesteps 2 spl 3 cpl 4 nbytes 262144 -> protocol Simple algorithm Ring nchannels 4 , nloops 1 nsteps 12 chunksize 1048576 comm 0x1881460 
crdnotebook-2076293935161401346-scnv1ejp8d-97304:5806:5806 [3] NCCL INFO Global rank 3 : opCount 0 slicesteps 2 spl 3 cpl 4 nbytes 262144 -> protocol Simple algorithm Ring nchannels 4 , nloops 1 nsteps 12 chunksize 1048576 comm 0x1881460 
crdnotebook-2076293935161401346-scnv1ejp8d-97304:5806:5806 [3] NCCL INFO Global rank 3 : opCount 0 slicesteps 2 spl 3 cpl 4 nbytes 262144 -> protocol Simple algorithm Ring nchannels 4 , nloops 1 nsteps 12 chunksize 1048576 comm 0x1881460 
crdnotebook-2076293935161401346-scnv1ejp8d-97304:5803:5803 [0] NCCL INFO AllGather: opCount 20 sendbuff 0x7fe914200000 recvbuff 0x7fe914300000 count 65536 datatype 7 op 0 root 0 comm 0x2510fc0 [nranks=4] stream 0x2510a60 task 0 globalrank 0
crdnotebook-2076293935161401346-scnv1ejp8d-97304:5803:5803 [0] NCCL INFO 1048576 Bytes -> Algo 1 proto 2 time 113.059029
crdnotebook-2076293935161401346-scnv1ejp8d-97304:5803:5803 [0] NCCL INFO Global rank 0 : opCount 0 slicesteps 2 spl 3 cpl 4 nbytes 262144 -> protocol Simple algorithm Ring nchannels 4 , nloops 1 nsteps 12 chunksize 1048576 comm 0x2510fc0 
crdnotebook-2076293935161401346-scnv1ejp8d-97304:5803:5803 [0] NCCL INFO Global rank 0 : opCount 0 slicesteps 2 spl 3 cpl 4 nbytes 262144 -> protocol Simple algorithm Ring nchannels 4 , nloops 1 nsteps 12 chunksize 1048576 comm 0x2510fc0 
crdnotebook-2076293935161401346-scnv1ejp8d-97304:5803:5803 [0] NCCL INFO Global rank 0 : opCount 0 slicesteps 2 spl 3 cpl 4 nbytes 262144 -> protocol Simple algorithm Ring nchannels 4 , nloops 1 nsteps 12 chunksize 1048576 comm 0x2510fc0 
crdnotebook-2076293935161401346-scnv1ejp8d-97304:5803:5803 [0] NCCL INFO AllGather: opCount 21 sendbuff 0x7fe914200000 recvbuff 0x7fe914300000 count 65536 datatype 7 op 0 root 0 comm 0x2510fc0 [nranks=4] stream 0x2510a60 task 0 globalrank 0
crdnotebook-2076293935161401346-scnv1ejp8d-97304:5805:5805 [2] NCCL INFO Global rank 2 : opCount 0 slicesteps 2 spl 3 cpl 4 nbytes 262144 -> protocol Simple algorithm Ring nchannels 4 , nloops 1 nsteps 12 chunksize 1048576 comm 0x20dd4f0 
crdnotebook-2076293935161401346-scnv1ejp8d-97304:5805:5805 [2] NCCL INFO Global rank 2 : opCount 0 slicesteps 2 spl 3 cpl 4 nbytes 262144 -> protocol Simple algorithm Ring nchannels 4 , nloops 1 nsteps 12 chunksize 1048576 comm 0x20dd4f0 
crdnotebook-2076293935161401346-scnv1ejp8d-97304:5805:5805 [2] NCCL INFO Global rank 2 : opCount 0 slicesteps 2 spl 3 cpl 4 nbytes 262144 -> protocol Simple algorithm Ring nchannels 4 , nloops 1 nsteps 12 chunksize 1048576 comm 0x20dd4f0 
crdnotebook-2076293935161401346-scnv1ejp8d-97304:5805:5805 [2] NCCL INFO AllGather: opCount 24 sendbuff 0x7f62a6400000 recvbuff 0x7f62a6500000 count 65536 datatype 7 op 0 root 0 comm 0x20dd4f0 [nranks=4] stream 0x20da270 task 0 globalrank 2
crdnotebook-2076293935161401346-scnv1ejp8d-97304:5805:5805 [2] NCCL INFO Global rank 2 : opCount 0 slicesteps 2 spl 3 cpl 4 nbytes 262144 -> protocol Simple algorithm Ring nchannels 4 , nloops 1 nsteps 12 chunksize 1048576 comm 0x20dd4f0 
crdnotebook-2076293935161401346-scnv1ejp8d-97304:5805:5805 [2] NCCL INFO Global rank 2 : opCount 0 slicesteps 2 spl 3 cpl 4 nbytes 262144 -> protocol Simple algorithm Ring nchannels 4 , nloops 1 nsteps 12 chunksize 1048576 comm 0x20dd4f0 
crdnotebook-2076293935161401346-scnv1ejp8d-97304:5804:5804 [1] NCCL INFO AllGather: opCount 23 sendbuff 0x7f4a57000000 recvbuff 0x7f4a57100000 count 65536 datatype 7 op 0 root 0 comm 0x15076d0 [nranks=4] stream 0x1504430 task 0 globalrank 1
crdnotebook-2076293935161401346-scnv1ejp8d-97304:5804:5804 [1] NCCL INFO Global rank 1 : opCount 0 slicesteps 2 spl 3 cpl 4 nbytes 262144 -> protocol Simple algorithm Ring nchannels 4 , nloops 1 nsteps 12 chunksize 1048576 comm 0x15076d0 
crdnotebook-2076293935161401346-scnv1ejp8d-97304:5804:5804 [1] NCCL INFO Global rank 1 : opCount 0 slicesteps 2 spl 3 cpl 4 nbytes 262144 -> protocol Simple algorithm Ring nchannels 4 , nloops 1 nsteps 12 chunksize 1048576 comm 0x15076d0 
crdnotebook-2076293935161401346-scnv1ejp8d-97304:5804:5804 [1] NCCL INFO Global rank 1 : opCount 0 slicesteps 2 spl 3 cpl 4 nbytes 262144 -> protocol Simple algorithm Ring nchannels 4 , nloops 1 nsteps 12 chunksize 1048576 comm 0x15076d0 
crdnotebook-2076293935161401346-scnv1ejp8d-97304:5804:5804 [1] NCCL INFO AllGather: opCount 24 sendbuff 0x7f4a57000000 recvbuff 0x7f4a57100000 count 65536 datatype 7 op 0 root 0 comm 0x15076d0 [nranks=4] stream 0x1504430 task 0 globalrank 1
crdnotebook-2076293935161401346-scnv1ejp8d-97304:5804:5804 [1] NCCL INFO Global rank 1 : opCount 0 slicesteps 2 spl 3 cpl 4 nbytes 262144 -> protocol Simple algorithm Ring nchannels 4 , nloops 1 nsteps 12 chunksize 1048576 comm 0x15076d0 
crdnotebook-2076293935161401346-scnv1ejp8d-97304:5806:5806 [3] NCCL INFO AllGather: opCount 24 sendbuff 0x7fab9de00000 recvbuff 0x7fab9df00000 count 65536 datatype 7 op 0 root 0 comm 0x1881460 [nranks=4] stream 0x187e190 task 0 globalrank 3
crdnotebook-2076293935161401346-scnv1ejp8d-97304:5806:5806 [3] NCCL INFO Global rank 3 : opCount 0 slicesteps 2 spl 3 cpl 4 nbytes 262144 -> protocol Simple algorithm Ring nchannels 4 , nloops 1 nsteps 12 chunksize 1048576 comm 0x1881460 
crdnotebook-2076293935161401346-scnv1ejp8d-97304:5806:5806 [3] NCCL INFO Global rank 3 : opCount 0 slicesteps 2 spl 3 cpl 4 nbytes 262144 -> protocol Simple algorithm Ring nchannels 4 , nloops 1 nsteps 12 chunksize 1048576 comm 0x1881460 
crdnotebook-2076293935161401346-scnv1ejp8d-97304:5806:5806 [3] NCCL INFO Global rank 3 : opCount 0 slicesteps 2 spl 3 cpl 4 nbytes 262144 -> protocol Simple algorithm Ring nchannels 4 , nloops 1 nsteps 12 chunksize 1048576 comm 0x1881460 
crdnotebook-2076293935161401346-scnv1ejp8d-97304:5806:5806 [3] NCCL INFO AllGather: opCount 25 sendbuff 0x7fab9de00000 recvbuff 0x7fab9df00000 count 65536 datatype 7 op 0 root 0 comm 0x1881460 [nranks=4] stream 0x187e190 task 0 globalrank 3
crdnotebook-2076293935161401346-scnv1ejp8d-97304:5806:5806 [3] NCCL INFO Global rank 3 : opCount 0 slicesteps 2 spl 3 cpl 4 nbytes 262144 -> protocol Simple algorithm Ring nchannels 4 , nloops 1 nsteps 12 chunksize 1048576 comm 0x1881460 
crdnotebook-2076293935161401346-scnv1ejp8d-97304:5806:5806 [3] NCCL INFO Global rank 3 : opCount 0 slicesteps 2 spl 3 cpl 4 nbytes 262144 -> protocol Simple algorithm Ring nchannels 4 , nloops 1 nsteps 12 chunksize 1048576 comm 0x1881460 
crdnotebook-2076293935161401346-scnv1ejp8d-97304:5806:5806 [3] NCCL INFO Global rank 3 : opCount 0 slicesteps 2 spl 3 cpl 4 nbytes 262144 -> protocol Simple algorithm Ring nchannels 4 , nloops 1 nsteps 12 chunksize 1048576 comm 0x1881460 
crdnotebook-2076293935161401346-scnv1ejp8d-97304:5806:5806 [3] NCCL INFO AllGather: opCount 26 sendbuff 0x7fab9de00000 recvbuff 0x7fab9df00000 count 65536 datatype 7 op 0 root 0 comm 0x1881460 [nranks=4] stream 0x187e190 task 0 globalrank 3
crdnotebook-2076293935161401346-scnv1ejp8d-97304:5803:5803 [0] NCCL INFO 1048576 Bytes -> Algo 1 proto 2 time 113.059029
crdnotebook-2076293935161401346-scnv1ejp8d-97304:5803:5803 [0] NCCL INFO Global rank 0 : opCount 0 slicesteps 2 spl 3 cpl 4 nbytes 262144 -> protocol Simple algorithm Ring nchannels 4 , nloops 1 nsteps 12 chunksize 1048576 comm 0x2510fc0 
crdnotebook-2076293935161401346-scnv1ejp8d-97304:5803:5803 [0] NCCL INFO Global rank 0 : opCount 0 slicesteps 2 spl 3 cpl 4 nbytes 262144 -> protocol Simple algorithm Ring nchannels 4 , nloops 1 nsteps 12 chunksize 1048576 comm 0x2510fc0 
crdnotebook-2076293935161401346-scnv1ejp8d-97304:5803:5803 [0] NCCL INFO Global rank 0 : opCount 0 slicesteps 2 spl 3 cpl 4 nbytes 262144 -> protocol Simple algorithm Ring nchannels 4 , nloops 1 nsteps 12 chunksize 1048576 comm 0x2510fc0 
crdnotebook-2076293935161401346-scnv1ejp8d-97304:5803:5803 [0] NCCL INFO AllGather: opCount 22 sendbuff 0x7fe914200000 recvbuff 0x7fe914300000 count 65536 datatype 7 op 0 root 0 comm 0x2510fc0 [nranks=4] stream 0x2510a60 task 0 globalrank 0
crdnotebook-2076293935161401346-scnv1ejp8d-97304:5803:5803 [0] NCCL INFO 1048576 Bytes -> Algo 1 proto 2 time 113.059029
crdnotebook-2076293935161401346-scnv1ejp8d-97304:5803:5803 [0] NCCL INFO Global rank 0 : opCount 0 slicesteps 2 spl 3 cpl 4 nbytes 262144 -> protocol Simple algorithm Ring nchannels 4 , nloops 1 nsteps 12 chunksize 1048576 comm 0x2510fc0 
crdnotebook-2076293935161401346-scnv1ejp8d-97304:5803:5803 [0] NCCL INFO Global rank 0 : opCount 0 slicesteps 2 spl 3 cpl 4 nbytes 262144 -> protocol Simple algorithm Ring nchannels 4 , nloops 1 nsteps 12 chunksize 1048576 comm 0x2510fc0 
crdnotebook-2076293935161401346-scnv1ejp8d-97304:5803:5803 [0] NCCL INFO Global rank 0 : opCount 0 slicesteps 2 spl 3 cpl 4 nbytes 262144 -> protocol Simple algorithm Ring nchannels 4 , nloops 1 nsteps 12 chunksize 1048576 comm 0x2510fc0 
crdnotebook-2076293935161401346-scnv1ejp8d-97304:5805:5805 [2] NCCL INFO Global rank 2 : opCount 0 slicesteps 2 spl 3 cpl 4 nbytes 262144 -> protocol Simple algorithm Ring nchannels 4 , nloops 1 nsteps 12 chunksize 1048576 comm 0x20dd4f0 
crdnotebook-2076293935161401346-scnv1ejp8d-97304:5805:5805 [2] NCCL INFO AllGather: opCount 25 sendbuff 0x7f62a6400000 recvbuff 0x7f62a6500000 count 65536 datatype 7 op 0 root 0 comm 0x20dd4f0 [nranks=4] stream 0x20da270 task 0 globalrank 2
crdnotebook-2076293935161401346-scnv1ejp8d-97304:5805:5805 [2] NCCL INFO Global rank 2 : opCount 0 slicesteps 2 spl 3 cpl 4 nbytes 262144 -> protocol Simple algorithm Ring nchannels 4 , nloops 1 nsteps 12 chunksize 1048576 comm 0x20dd4f0 
crdnotebook-2076293935161401346-scnv1ejp8d-97304:5805:5805 [2] NCCL INFO Global rank 2 : opCount 0 slicesteps 2 spl 3 cpl 4 nbytes 262144 -> protocol Simple algorithm Ring nchannels 4 , nloops 1 nsteps 12 chunksize 1048576 comm 0x20dd4f0 
crdnotebook-2076293935161401346-scnv1ejp8d-97304:5805:5805 [2] NCCL INFO Global rank 2 : opCount 0 slicesteps 2 spl 3 cpl 4 nbytes 262144 -> protocol Simple algorithm Ring nchannels 4 , nloops 1 nsteps 12 chunksize 1048576 comm 0x20dd4f0 
crdnotebook-2076293935161401346-scnv1ejp8d-97304:5805:5805 [2] NCCL INFO AllGather: opCount 26 sendbuff 0x7f62a6400000 recvbuff 0x7f62a6500000 count 65536 datatype 7 op 0 root 0 comm 0x20dd4f0 [nranks=4] stream 0x20da270 task 0 globalrank 2
crdnotebook-2076293935161401346-scnv1ejp8d-97304:5805:5805 [2] NCCL INFO Global rank 2 : opCount 0 slicesteps 2 spl 3 cpl 4 nbytes 262144 -> protocol Simple algorithm Ring nchannels 4 , nloops 1 nsteps 12 chunksize 1048576 comm 0x20dd4f0 
crdnotebook-2076293935161401346-scnv1ejp8d-97304:5805:5805 [2] NCCL INFO Global rank 2 : opCount 0 slicesteps 2 spl 3 cpl 4 nbytes 262144 -> protocol Simple algorithm Ring nchannels 4 , nloops 1 nsteps 12 chunksize 1048576 comm 0x20dd4f0 
crdnotebook-2076293935161401346-scnv1ejp8d-97304:5804:5804 [1] NCCL INFO Global rank 1 : opCount 0 slicesteps 2 spl 3 cpl 4 nbytes 262144 -> protocol Simple algorithm Ring nchannels 4 , nloops 1 nsteps 12 chunksize 1048576 comm 0x15076d0 
crdnotebook-2076293935161401346-scnv1ejp8d-97304:5804:5804 [1] NCCL INFO Global rank 1 : opCount 0 slicesteps 2 spl 3 cpl 4 nbytes 262144 -> protocol Simple algorithm Ring nchannels 4 , nloops 1 nsteps 12 chunksize 1048576 comm 0x15076d0 
crdnotebook-2076293935161401346-scnv1ejp8d-97304:5804:5804 [1] NCCL INFO AllGather: opCount 25 sendbuff 0x7f4a57000000 recvbuff 0x7f4a57100000 count 65536 datatype 7 op 0 root 0 comm 0x15076d0 [nranks=4] stream 0x1504430 task 0 globalrank 1
crdnotebook-2076293935161401346-scnv1ejp8d-97304:5804:5804 [1] NCCL INFO Global rank 1 : opCount 0 slicesteps 2 spl 3 cpl 4 nbytes 262144 -> protocol Simple algorithm Ring nchannels 4 , nloops 1 nsteps 12 chunksize 1048576 comm 0x15076d0 
crdnotebook-2076293935161401346-scnv1ejp8d-97304:5804:5804 [1] NCCL INFO Global rank 1 : opCount 0 slicesteps 2 spl 3 cpl 4 nbytes 262144 -> protocol Simple algorithm Ring nchannels 4 , nloops 1 nsteps 12 chunksize 1048576 comm 0x15076d0 
crdnotebook-2076293935161401346-scnv1ejp8d-97304:5804:5804 [1] NCCL INFO Global rank 1 : opCount 0 slicesteps 2 spl 3 cpl 4 nbytes 262144 -> protocol Simple algorithm Ring nchannels 4 , nloops 1 nsteps 12 chunksize 1048576 comm 0x15076d0 
crdnotebook-2076293935161401346-scnv1ejp8d-97304:5804:5804 [1] NCCL INFO AllGather: opCount 26 sendbuff 0x7f4a57000000 recvbuff 0x7f4a57100000 count 65536 datatype 7 op 0 root 0 comm 0x15076d0 [nranks=4] stream 0x1504430 task 0 globalrank 1
crdnotebook-2076293935161401346-scnv1ejp8d-97304:5806:5806 [3] NCCL INFO Global rank 3 : opCount 0 slicesteps 2 spl 3 cpl 4 nbytes 262144 -> protocol Simple algorithm Ring nchannels 4 , nloops 1 nsteps 12 chunksize 1048576 comm 0x1881460 
crdnotebook-2076293935161401346-scnv1ejp8d-97304:5806:5806 [3] NCCL INFO Global rank 3 : opCount 0 slicesteps 2 spl 3 cpl 4 nbytes 262144 -> protocol Simple algorithm Ring nchannels 4 , nloops 1 nsteps 12 chunksize 1048576 comm 0x1881460 
crdnotebook-2076293935161401346-scnv1ejp8d-97304:5806:5806 [3] NCCL INFO Global rank 3 : opCount 0 slicesteps 2 spl 3 cpl 4 nbytes 262144 -> protocol Simple algorithm Ring nchannels 4 , nloops 1 nsteps 12 chunksize 1048576 comm 0x1881460 
crdnotebook-2076293935161401346-scnv1ejp8d-97304:5806:5806 [3] NCCL INFO AllGather: opCount 27 sendbuff 0x7fab9de00000 recvbuff 0x7fab9df00000 count 65536 datatype 7 op 0 root 0 comm 0x1881460 [nranks=4] stream 0x187e190 task 0 globalrank 3
crdnotebook-2076293935161401346-scnv1ejp8d-97304:5806:5806 [3] NCCL INFO Global rank 3 : opCount 0 slicesteps 2 spl 3 cpl 4 nbytes 262144 -> protocol Simple algorithm Ring nchannels 4 , nloops 1 nsteps 12 chunksize 1048576 comm 0x1881460 
crdnotebook-2076293935161401346-scnv1ejp8d-97304:5806:5806 [3] NCCL INFO Global rank 3 : opCount 0 slicesteps 2 spl 3 cpl 4 nbytes 262144 -> protocol Simple algorithm Ring nchannels 4 , nloops 1 nsteps 12 chunksize 1048576 comm 0x1881460 
crdnotebook-2076293935161401346-scnv1ejp8d-97304:5806:5806 [3] NCCL INFO Global rank 3 : opCount 0 slicesteps 2 spl 3 cpl 4 nbytes 262144 -> protocol Simple algorithm Ring nchannels 4 , nloops 1 nsteps 12 chunksize 1048576 comm 0x1881460 
crdnotebook-2076293935161401346-scnv1ejp8d-97304:5806:5806 [3] NCCL INFO AllGather: opCount 28 sendbuff 0x7fab9de00000 recvbuff 0x7fab9df00000 count 65536 datatype 7 op 0 root 0 comm 0x1881460 [nranks=4] stream 0x187e190 task 0 globalrank 3
crdnotebook-2076293935161401346-scnv1ejp8d-97304:5806:5806 [3] NCCL INFO Global rank 3 : opCount 0 slicesteps 2 spl 3 cpl 4 nbytes 262144 -> protocol Simple algorithm Ring nchannels 4 , nloops 1 nsteps 12 chunksize 1048576 comm 0x1881460 
crdnotebook-2076293935161401346-scnv1ejp8d-97304:5806:5806 [3] NCCL INFO Global rank 3 : opCount 0 slicesteps 2 spl 3 cpl 4 nbytes 262144 -> protocol Simple algorithm Ring nchannels 4 , nloops 1 nsteps 12 chunksize 1048576 comm 0x1881460 
crdnotebook-2076293935161401346-scnv1ejp8d-97304:5806:5806 [3] NCCL INFO Global rank 3 : opCount 0 slicesteps 2 spl 3 cpl 4 nbytes 262144 -> protocol Simple algorithm Ring nchannels 4 , nloops 1 nsteps 12 chunksize 1048576 comm 0x1881460 
crdnotebook-2076293935161401346-scnv1ejp8d-97304:5803:5803 [0] NCCL INFO AllGather: opCount 23 sendbuff 0x7fe914200000 recvbuff 0x7fe914300000 count 65536 datatype 7 op 0 root 0 comm 0x2510fc0 [nranks=4] stream 0x2510a60 task 0 globalrank 0
crdnotebook-2076293935161401346-scnv1ejp8d-97304:5803:5803 [0] NCCL INFO 1048576 Bytes -> Algo 1 proto 2 time 113.059029
crdnotebook-2076293935161401346-scnv1ejp8d-97304:5803:5803 [0] NCCL INFO Global rank 0 : opCount 0 slicesteps 2 spl 3 cpl 4 nbytes 262144 -> protocol Simple algorithm Ring nchannels 4 , nloops 1 nsteps 12 chunksize 1048576 comm 0x2510fc0 
crdnotebook-2076293935161401346-scnv1ejp8d-97304:5803:5803 [0] NCCL INFO Global rank 0 : opCount 0 slicesteps 2 spl 3 cpl 4 nbytes 262144 -> protocol Simple algorithm Ring nchannels 4 , nloops 1 nsteps 12 chunksize 1048576 comm 0x2510fc0 
crdnotebook-2076293935161401346-scnv1ejp8d-97304:5803:5803 [0] NCCL INFO Global rank 0 : opCount 0 slicesteps 2 spl 3 cpl 4 nbytes 262144 -> protocol Simple algorithm Ring nchannels 4 , nloops 1 nsteps 12 chunksize 1048576 comm 0x2510fc0 
crdnotebook-2076293935161401346-scnv1ejp8d-97304:5803:5803 [0] NCCL INFO AllGather: opCount 24 sendbuff 0x7fe914200000 recvbuff 0x7fe914300000 count 65536 datatype 7 op 0 root 0 comm 0x2510fc0 [nranks=4] stream 0x2510a60 task 0 globalrank 0
crdnotebook-2076293935161401346-scnv1ejp8d-97304:5803:5803 [0] NCCL INFO 1048576 Bytes -> Algo 1 proto 2 time 113.059029
crdnotebook-2076293935161401346-scnv1ejp8d-97304:5803:5803 [0] NCCL INFO Global rank 0 : opCount 0 slicesteps 2 spl 3 cpl 4 nbytes 262144 -> protocol Simple algorithm Ring nchannels 4 , nloops 1 nsteps 12 chunksize 1048576 comm 0x2510fc0 
crdnotebook-2076293935161401346-scnv1ejp8d-97304:5803:5803 [0] NCCL INFO Global rank 0 : opCount 0 slicesteps 2 spl 3 cpl 4 nbytes 262144 -> protocol Simple algorithm Ring nchannels 4 , nloops 1 nsteps 12 chunksize 1048576 comm 0x2510fc0 
crdnotebook-2076293935161401346-scnv1ejp8d-97304:5803:5803 [0] NCCL INFO Global rank 0 : opCount 0 slicesteps 2 spl 3 cpl 4 nbytes 262144 -> protocol Simple algorithm Ring nchannels 4 , nloops 1 nsteps 12 chunksize 1048576 comm 0x2510fc0 
crdnotebook-2076293935161401346-scnv1ejp8d-97304:5803:5803 [0] NCCL INFO AllGather: opCount 25 sendbuff 0x7fe914200000 recvbuff 0x7fe914300000 count 65536 datatype 7 op 0 root 0 comm 0x2510fc0 [nranks=4] stream 0x2510a60 task 0 globalrank 0
crdnotebook-2076293935161401346-scnv1ejp8d-97304:5805:5805 [2] NCCL INFO Global rank 2 : opCount 0 slicesteps 2 spl 3 cpl 4 nbytes 262144 -> protocol Simple algorithm Ring nchannels 4 , nloops 1 nsteps 12 chunksize 1048576 comm 0x20dd4f0 
crdnotebook-2076293935161401346-scnv1ejp8d-97304:5805:5805 [2] NCCL INFO AllGather: opCount 27 sendbuff 0x7f62a6400000 recvbuff 0x7f62a6500000 count 65536 datatype 7 op 0 root 0 comm 0x20dd4f0 [nranks=4] stream 0x20da270 task 0 globalrank 2
crdnotebook-2076293935161401346-scnv1ejp8d-97304:5805:5805 [2] NCCL INFO Global rank 2 : opCount 0 slicesteps 2 spl 3 cpl 4 nbytes 262144 -> protocol Simple algorithm Ring nchannels 4 , nloops 1 nsteps 12 chunksize 1048576 comm 0x20dd4f0 
crdnotebook-2076293935161401346-scnv1ejp8d-97304:5805:5805 [2] NCCL INFO Global rank 2 : opCount 0 slicesteps 2 spl 3 cpl 4 nbytes 262144 -> protocol Simple algorithm Ring nchannels 4 , nloops 1 nsteps 12 chunksize 1048576 comm 0x20dd4f0 
crdnotebook-2076293935161401346-scnv1ejp8d-97304:5805:5805 [2] NCCL INFO Global rank 2 : opCount 0 slicesteps 2 spl 3 cpl 4 nbytes 262144 -> protocol Simple algorithm Ring nchannels 4 , nloops 1 nsteps 12 chunksize 1048576 comm 0x20dd4f0 
crdnotebook-2076293935161401346-scnv1ejp8d-97304:5805:5805 [2] NCCL INFO AllGather: opCount 28 sendbuff 0x7f62a6400000 recvbuff 0x7f62a6500000 count 65536 datatype 7 op 0 root 0 comm 0x20dd4f0 [nranks=4] stream 0x20da270 task 0 globalrank 2
crdnotebook-2076293935161401346-scnv1ejp8d-97304:5805:5805 [2] NCCL INFO Global rank 2 : opCount 0 slicesteps 2 spl 3 cpl 4 nbytes 262144 -> protocol Simple algorithm Ring nchannels 4 , nloops 1 nsteps 12 chunksize 1048576 comm 0x20dd4f0 
crdnotebook-2076293935161401346-scnv1ejp8d-97304:5805:5805 [2] NCCL INFO Global rank 2 : opCount 0 slicesteps 2 spl 3 cpl 4 nbytes 262144 -> protocol Simple algorithm Ring nchannels 4 , nloops 1 nsteps 12 chunksize 1048576 comm 0x20dd4f0 
crdnotebook-2076293935161401346-scnv1ejp8d-97304:5805:5805 [2] NCCL INFO Global rank 2 : opCount 0 slicesteps 2 spl 3 cpl 4 nbytes 262144 -> protocol Simple algorithm Ring nchannels 4 , nloops 1 nsteps 12 chunksize 1048576 comm 0x20dd4f0 
crdnotebook-2076293935161401346-scnv1ejp8d-97304:5805:5805 [2] NCCL INFO AllGather: opCount 29 sendbuff 0x7f62a6400000 recvbuff 0x7f62a6500000 count 65536 datatype 7 op 0 root 0 comm 0x20dd4f0 [nranks=4] stream 0x20da270 task 0 globalrank 2
crdnotebook-2076293935161401346-scnv1ejp8d-97304:5805:5805 [2] NCCL INFO Global rank 2 : opCount 0 slicesteps 2 spl 3 cpl 4 nbytes 262144 -> protocol Simple algorithm Ring nchannels 4 , nloops 1 nsteps 12 chunksize 1048576 comm 0x20dd4f0 
crdnotebook-2076293935161401346-scnv1ejp8d-97304:5805:5805 [2] NCCL INFO Global rank 2 : opCount 0 slicesteps 2 spl 3 cpl 4 nbytes 262144 -> protocol Simple algorithm Ring nchannels 4 , nloops 1 nsteps 12 chunksize 1048576 comm 0x20dd4f0 
crdnotebook-2076293935161401346-scnv1ejp8d-97304:5805:5805 [2] NCCL INFO Global rank 2 : opCount 0 slicesteps 2 spl 3 cpl 4 nbytes 262144 -> protocol Simple algorithm Ring nchannels 4 , nloops 1 nsteps 12 chunksize 1048576 comm 0x20dd4f0 
crdnotebook-2076293935161401346-scnv1ejp8d-97304:5804:5804 [1] NCCL INFO Global rank 1 : opCount 0 slicesteps 2 spl 3 cpl 4 nbytes 262144 -> protocol Simple algorithm Ring nchannels 4 , nloops 1 nsteps 12 chunksize 1048576 comm 0x15076d0 
crdnotebook-2076293935161401346-scnv1ejp8d-97304:5804:5804 [1] NCCL INFO Global rank 1 : opCount 0 slicesteps 2 spl 3 cpl 4 nbytes 262144 -> protocol Simple algorithm Ring nchannels 4 , nloops 1 nsteps 12 chunksize 1048576 comm 0x15076d0 
crdnotebook-2076293935161401346-scnv1ejp8d-97304:5804:5804 [1] NCCL INFO Global rank 1 : opCount 0 slicesteps 2 spl 3 cpl 4 nbytes 262144 -> protocol Simple algorithm Ring nchannels 4 , nloops 1 nsteps 12 chunksize 1048576 comm 0x15076d0 
crdnotebook-2076293935161401346-scnv1ejp8d-97304:5804:5804 [1] NCCL INFO AllGather: opCount 27 sendbuff 0x7f4a57000000 recvbuff 0x7f4a57100000 count 65536 datatype 7 op 0 root 0 comm 0x15076d0 [nranks=4] stream 0x1504430 task 0 globalrank 1
crdnotebook-2076293935161401346-scnv1ejp8d-97304:5804:5804 [1] NCCL INFO Global rank 1 : opCount 0 slicesteps 2 spl 3 cpl 4 nbytes 262144 -> protocol Simple algorithm Ring nchannels 4 , nloops 1 nsteps 12 chunksize 1048576 comm 0x15076d0 
crdnotebook-2076293935161401346-scnv1ejp8d-97304:5804:5804 [1] NCCL INFO Global rank 1 : opCount 0 slicesteps 2 spl 3 cpl 4 nbytes 262144 -> protocol Simple algorithm Ring nchannels 4 , nloops 1 nsteps 12 chunksize 1048576 comm 0x15076d0 
crdnotebook-2076293935161401346-scnv1ejp8d-97304:5804:5804 [1] NCCL INFO Global rank 1 : opCount 0 slicesteps 2 spl 3 cpl 4 nbytes 262144 -> protocol Simple algorithm Ring nchannels 4 , nloops 1 nsteps 12 chunksize 1048576 comm 0x15076d0 
crdnotebook-2076293935161401346-scnv1ejp8d-97304:5804:5804 [1] NCCL INFO AllGather: opCount 28 sendbuff 0x7f4a57000000 recvbuff 0x7f4a57100000 count 65536 datatype 7 op 0 root 0 comm 0x15076d0 [nranks=4] stream 0x1504430 task 0 globalrank 1
crdnotebook-2076293935161401346-scnv1ejp8d-97304:5804:5804 [1] NCCL INFO Global rank 1 : opCount 0 slicesteps 2 spl 3 cpl 4 nbytes 262144 -> protocol Simple algorithm Ring nchannels 4 , nloops 1 nsteps 12 chunksize 1048576 comm 0x15076d0 
crdnotebook-2076293935161401346-scnv1ejp8d-97304:5804:5804 [1] NCCL INFO Global rank 1 : opCount 0 slicesteps 2 spl 3 cpl 4 nbytes 262144 -> protocol Simple algorithm Ring nchannels 4 , nloops 1 nsteps 12 chunksize 1048576 comm 0x15076d0 
crdnotebook-2076293935161401346-scnv1ejp8d-97304:5804:5804 [1] NCCL INFO Global rank 1 : opCount 0 slicesteps 2 spl 3 cpl 4 nbytes 262144 -> protocol Simple algorithm Ring nchannels 4 , nloops 1 nsteps 12 chunksize 1048576 comm 0x15076d0 
crdnotebook-2076293935161401346-scnv1ejp8d-97304:5804:5804 [1] NCCL INFO AllGather: opCount 29 sendbuff 0x7f4a57000000 recvbuff 0x7f4a57100000 count 65536 datatype 7 op 0 root 0 comm 0x15076d0 [nranks=4] stream 0x1504430 task 0 globalrank 1
crdnotebook-2076293935161401346-scnv1ejp8d-97304:5806:5806 [3] NCCL INFO AllGather: opCount 29 sendbuff 0x7fab9de00000 recvbuff 0x7fab9df00000 count 65536 datatype 7 op 0 root 0 comm 0x1881460 [nranks=4] stream 0x187e190 task 0 globalrank 3
crdnotebook-2076293935161401346-scnv1ejp8d-97304:5806:5806 [3] NCCL INFO Global rank 3 : opCount 0 slicesteps 2 spl 3 cpl 4 nbytes 262144 -> protocol Simple algorithm Ring nchannels 4 , nloops 1 nsteps 12 chunksize 1048576 comm 0x1881460 
crdnotebook-2076293935161401346-scnv1ejp8d-97304:5806:5806 [3] NCCL INFO Global rank 3 : opCount 0 slicesteps 2 spl 3 cpl 4 nbytes 262144 -> protocol Simple algorithm Ring nchannels 4 , nloops 1 nsteps 12 chunksize 1048576 comm 0x1881460 
crdnotebook-2076293935161401346-scnv1ejp8d-97304:5806:5806 [3] NCCL INFO Global rank 3 : opCount 0 slicesteps 2 spl 3 cpl 4 nbytes 262144 -> protocol Simple algorithm Ring nchannels 4 , nloops 1 nsteps 12 chunksize 1048576 comm 0x1881460 
crdnotebook-2076293935161401346-scnv1ejp8d-97304:5806:5806 [3] NCCL INFO AllGather: opCount 2a sendbuff 0x7fab9de00000 recvbuff 0x7fab9df00000 count 65536 datatype 7 op 0 root 0 comm 0x1881460 [nranks=4] stream 0x187e190 task 0 globalrank 3
crdnotebook-2076293935161401346-scnv1ejp8d-97304:5806:5806 [3] NCCL INFO Global rank 3 : opCount 0 slicesteps 2 spl 3 cpl 4 nbytes 262144 -> protocol Simple algorithm Ring nchannels 4 , nloops 1 nsteps 12 chunksize 1048576 comm 0x1881460 
crdnotebook-2076293935161401346-scnv1ejp8d-97304:5806:5806 [3] NCCL INFO Global rank 3 : opCount 0 slicesteps 2 spl 3 cpl 4 nbytes 262144 -> protocol Simple algorithm Ring nchannels 4 , nloops 1 nsteps 12 chunksize 1048576 comm 0x1881460 
crdnotebook-2076293935161401346-scnv1ejp8d-97304:5806:5806 [3] NCCL INFO Global rank 3 : opCount 0 slicesteps 2 spl 3 cpl 4 nbytes 262144 -> protocol Simple algorithm Ring nchannels 4 , nloops 1 nsteps 12 chunksize 1048576 comm 0x1881460 
crdnotebook-2076293935161401346-scnv1ejp8d-97304:5806:5806 [3] NCCL INFO AllGather: opCount 2b sendbuff 0x7fab9de00000 recvbuff 0x7fab9df00000 count 65536 datatype 7 op 0 root 0 comm 0x1881460 [nranks=4] stream 0x187e190 task 0 globalrank 3
crdnotebook-2076293935161401346-scnv1ejp8d-97304:5806:5806 [3] NCCL INFO Global rank 3 : opCount 0 slicesteps 2 spl 3 cpl 4 nbytes 262144 -> protocol Simple algorithm Ring nchannels 4 , nloops 1 nsteps 12 chunksize 1048576 comm 0x1881460 
crdnotebook-2076293935161401346-scnv1ejp8d-97304:5806:5806 [3] NCCL INFO Global rank 3 : opCount 0 slicesteps 2 spl 3 cpl 4 nbytes 262144 -> protocol Simple algorithm Ring nchannels 4 , nloops 1 nsteps 12 chunksize 1048576 comm 0x1881460 
crdnotebook-2076293935161401346-scnv1ejp8d-97304:5806:5806 [3] NCCL INFO Global rank 3 : opCount 0 slicesteps 2 spl 3 cpl 4 nbytes 262144 -> protocol Simple algorithm Ring nchannels 4 , nloops 1 nsteps 12 chunksize 1048576 comm 0x1881460 
crdnotebook-2076293935161401346-scnv1ejp8d-97304:5806:5806 [3] NCCL INFO AllGather: opCount 2c sendbuff 0x7fab9de00000 recvbuff 0x7fab9df00000 count 65536 datatype 7 op 0 root 0 comm 0x1881460 [nranks=4] stream 0x187e190 task 0 globalrank 3
crdnotebook-2076293935161401346-scnv1ejp8d-97304:5803:5803 [0] NCCL INFO 1048576 Bytes -> Algo 1 proto 2 time 113.059029
crdnotebook-2076293935161401346-scnv1ejp8d-97304:5803:5803 [0] NCCL INFO Global rank 0 : opCount 0 slicesteps 2 spl 3 cpl 4 nbytes 262144 -> protocol Simple algorithm Ring nchannels 4 , nloops 1 nsteps 12 chunksize 1048576 comm 0x2510fc0 
crdnotebook-2076293935161401346-scnv1ejp8d-97304:5803:5803 [0] NCCL INFO Global rank 0 : opCount 0 slicesteps 2 spl 3 cpl 4 nbytes 262144 -> protocol Simple algorithm Ring nchannels 4 , nloops 1 nsteps 12 chunksize 1048576 comm 0x2510fc0 
crdnotebook-2076293935161401346-scnv1ejp8d-97304:5803:5803 [0] NCCL INFO Global rank 0 : opCount 0 slicesteps 2 spl 3 cpl 4 nbytes 262144 -> protocol Simple algorithm Ring nchannels 4 , nloops 1 nsteps 12 chunksize 1048576 comm 0x2510fc0 
crdnotebook-2076293935161401346-scnv1ejp8d-97304:5803:5803 [0] NCCL INFO AllGather: opCount 26 sendbuff 0x7fe914200000 recvbuff 0x7fe914300000 count 65536 datatype 7 op 0 root 0 comm 0x2510fc0 [nranks=4] stream 0x2510a60 task 0 globalrank 0
crdnotebook-2076293935161401346-scnv1ejp8d-97304:5803:5803 [0] NCCL INFO 1048576 Bytes -> Algo 1 proto 2 time 113.059029
crdnotebook-2076293935161401346-scnv1ejp8d-97304:5803:5803 [0] NCCL INFO Global rank 0 : opCount 0 slicesteps 2 spl 3 cpl 4 nbytes 262144 -> protocol Simple algorithm Ring nchannels 4 , nloops 1 nsteps 12 chunksize 1048576 comm 0x2510fc0 
crdnotebook-2076293935161401346-scnv1ejp8d-97304:5803:5803 [0] NCCL INFO Global rank 0 : opCount 0 slicesteps 2 spl 3 cpl 4 nbytes 262144 -> protocol Simple algorithm Ring nchannels 4 , nloops 1 nsteps 12 chunksize 1048576 comm 0x2510fc0 
crdnotebook-2076293935161401346-scnv1ejp8d-97304:5803:5803 [0] NCCL INFO Global rank 0 : opCount 0 slicesteps 2 spl 3 cpl 4 nbytes 262144 -> protocol Simple algorithm Ring nchannels 4 , nloops 1 nsteps 12 chunksize 1048576 comm 0x2510fc0 
crdnotebook-2076293935161401346-scnv1ejp8d-97304:5803:5803 [0] NCCL INFO AllGather: opCount 27 sendbuff 0x7fe914200000 recvbuff 0x7fe914300000 count 65536 datatype 7 op 0 root 0 comm 0x2510fc0 [nranks=4] stream 0x2510a60 task 0 globalrank 0
crdnotebook-2076293935161401346-scnv1ejp8d-97304:5803:5803 [0] NCCL INFO 1048576 Bytes -> Algo 1 proto 2 time 113.059029
crdnotebook-2076293935161401346-scnv1ejp8d-97304:5803:5803 [0] NCCL INFO Global rank 0 : opCount 0 slicesteps 2 spl 3 cpl 4 nbytes 262144 -> protocol Simple algorithm Ring nchannels 4 , nloops 1 nsteps 12 chunksize 1048576 comm 0x2510fc0 
crdnotebook-2076293935161401346-scnv1ejp8d-97304:5803:5803 [0] NCCL INFO Global rank 0 : opCount 0 slicesteps 2 spl 3 cpl 4 nbytes 262144 -> protocol Simple algorithm Ring nchannels 4 , nloops 1 nsteps 12 chunksize 1048576 comm 0x2510fc0 
crdnotebook-2076293935161401346-scnv1ejp8d-97304:5803:5803 [0] NCCL INFO Global rank 0 : opCount 0 slicesteps 2 spl 3 cpl 4 nbytes 262144 -> protocol Simple algorithm Ring nchannels 4 , nloops 1 nsteps 12 chunksize 1048576 comm 0x2510fc0 
crdnotebook-2076293935161401346-scnv1ejp8d-97304:5805:5805 [2] NCCL INFO AllGather: opCount 2a sendbuff 0x7f62a6400000 recvbuff 0x7f62a6500000 count 65536 datatype 7 op 0 root 0 comm 0x20dd4f0 [nranks=4] stream 0x20da270 task 0 globalrank 2
crdnotebook-2076293935161401346-scnv1ejp8d-97304:5805:5805 [2] NCCL INFO Global rank 2 : opCount 0 slicesteps 2 spl 3 cpl 4 nbytes 262144 -> protocol Simple algorithm Ring nchannels 4 , nloops 1 nsteps 12 chunksize 1048576 comm 0x20dd4f0 
crdnotebook-2076293935161401346-scnv1ejp8d-97304:5805:5805 [2] NCCL INFO Global rank 2 : opCount 0 slicesteps 2 spl 3 cpl 4 nbytes 262144 -> protocol Simple algorithm Ring nchannels 4 , nloops 1 nsteps 12 chunksize 1048576 comm 0x20dd4f0 
crdnotebook-2076293935161401346-scnv1ejp8d-97304:5805:5805 [2] NCCL INFO Global rank 2 : opCount 0 slicesteps 2 spl 3 cpl 4 nbytes 262144 -> protocol Simple algorithm Ring nchannels 4 , nloops 1 nsteps 12 chunksize 1048576 comm 0x20dd4f0 
crdnotebook-2076293935161401346-scnv1ejp8d-97304:5805:5805 [2] NCCL INFO AllGather: opCount 2b sendbuff 0x7f62a6400000 recvbuff 0x7f62a6500000 count 65536 datatype 7 op 0 root 0 comm 0x20dd4f0 [nranks=4] stream 0x20da270 task 0 globalrank 2
crdnotebook-2076293935161401346-scnv1ejp8d-97304:5805:5805 [2] NCCL INFO Global rank 2 : opCount 0 slicesteps 2 spl 3 cpl 4 nbytes 262144 -> protocol Simple algorithm Ring nchannels 4 , nloops 1 nsteps 12 chunksize 1048576 comm 0x20dd4f0 
crdnotebook-2076293935161401346-scnv1ejp8d-97304:5805:5805 [2] NCCL INFO Global rank 2 : opCount 0 slicesteps 2 spl 3 cpl 4 nbytes 262144 -> protocol Simple algorithm Ring nchannels 4 , nloops 1 nsteps 12 chunksize 1048576 comm 0x20dd4f0 
crdnotebook-2076293935161401346-scnv1ejp8d-97304:5805:5805 [2] NCCL INFO Global rank 2 : opCount 0 slicesteps 2 spl 3 cpl 4 nbytes 262144 -> protocol Simple algorithm Ring nchannels 4 , nloops 1 nsteps 12 chunksize 1048576 comm 0x20dd4f0 
crdnotebook-2076293935161401346-scnv1ejp8d-97304:5805:5805 [2] NCCL INFO AllGather: opCount 2c sendbuff 0x7f62a6400000 recvbuff 0x7f62a6500000 count 65536 datatype 7 op 0 root 0 comm 0x20dd4f0 [nranks=4] stream 0x20da270 task 0 globalrank 2
crdnotebook-2076293935161401346-scnv1ejp8d-97304:5805:5805 [2] NCCL INFO Global rank 2 : opCount 0 slicesteps 2 spl 3 cpl 4 nbytes 262144 -> protocol Simple algorithm Ring nchannels 4 , nloops 1 nsteps 12 chunksize 1048576 comm 0x20dd4f0 
crdnotebook-2076293935161401346-scnv1ejp8d-97304:5805:5805 [2] NCCL INFO Global rank 2 : opCount 0 slicesteps 2 spl 3 cpl 4 nbytes 262144 -> protocol Simple algorithm Ring nchannels 4 , nloops 1 nsteps 12 chunksize 1048576 comm 0x20dd4f0 
crdnotebook-2076293935161401346-scnv1ejp8d-97304:5805:5805 [2] NCCL INFO Global rank 2 : opCount 0 slicesteps 2 spl 3 cpl 4 nbytes 262144 -> protocol Simple algorithm Ring nchannels 4 , nloops 1 nsteps 12 chunksize 1048576 comm 0x20dd4f0 
crdnotebook-2076293935161401346-scnv1ejp8d-97304:5805:5805 [2] NCCL INFO AllGather: opCount 2d sendbuff 0x7f62a6400000 recvbuff 0x7f62a6500000 count 65536 datatype 7 op 0 root 0 comm 0x20dd4f0 [nranks=4] stream 0x20da270 task 0 globalrank 2
crdnotebook-2076293935161401346-scnv1ejp8d-97304:5805:5805 [2] NCCL INFO Global rank 2 : opCount 0 slicesteps 2 spl 3 cpl 4 nbytes 262144 -> protocol Simple algorithm Ring nchannels 4 , nloops 1 nsteps 12 chunksize 1048576 comm 0x20dd4f0 
crdnotebook-2076293935161401346-scnv1ejp8d-97304:5805:5805 [2] NCCL INFO Global rank 2 : opCount 0 slicesteps 2 spl 3 cpl 4 nbytes 262144 -> protocol Simple algorithm Ring nchannels 4 , nloops 1 nsteps 12 chunksize 1048576 comm 0x20dd4f0 
crdnotebook-2076293935161401346-scnv1ejp8d-97304:5805:5805 [2] NCCL INFO Global rank 2 : opCount 0 slicesteps 2 spl 3 cpl 4 nbytes 262144 -> protocol Simple algorithm Ring nchannels 4 , nloops 1 nsteps 12 chunksize 1048576 comm 0x20dd4f0 
crdnotebook-2076293935161401346-scnv1ejp8d-97304:5804:5804 [1] NCCL INFO Global rank 1 : opCount 0 slicesteps 2 spl 3 cpl 4 nbytes 262144 -> protocol Simple algorithm Ring nchannels 4 , nloops 1 nsteps 12 chunksize 1048576 comm 0x15076d0 
crdnotebook-2076293935161401346-scnv1ejp8d-97304:5804:5804 [1] NCCL INFO Global rank 1 : opCount 0 slicesteps 2 spl 3 cpl 4 nbytes 262144 -> protocol Simple algorithm Ring nchannels 4 , nloops 1 nsteps 12 chunksize 1048576 comm 0x15076d0 
crdnotebook-2076293935161401346-scnv1ejp8d-97304:5804:5804 [1] NCCL INFO Global rank 1 : opCount 0 slicesteps 2 spl 3 cpl 4 nbytes 262144 -> protocol Simple algorithm Ring nchannels 4 , nloops 1 nsteps 12 chunksize 1048576 comm 0x15076d0 
crdnotebook-2076293935161401346-scnv1ejp8d-97304:5804:5804 [1] NCCL INFO AllGather: opCount 2a sendbuff 0x7f4a57000000 recvbuff 0x7f4a57100000 count 65536 datatype 7 op 0 root 0 comm 0x15076d0 [nranks=4] stream 0x1504430 task 0 globalrank 1
crdnotebook-2076293935161401346-scnv1ejp8d-97304:5804:5804 [1] NCCL INFO Global rank 1 : opCount 0 slicesteps 2 spl 3 cpl 4 nbytes 262144 -> protocol Simple algorithm Ring nchannels 4 , nloops 1 nsteps 12 chunksize 1048576 comm 0x15076d0 
crdnotebook-2076293935161401346-scnv1ejp8d-97304:5804:5804 [1] NCCL INFO Global rank 1 : opCount 0 slicesteps 2 spl 3 cpl 4 nbytes 262144 -> protocol Simple algorithm Ring nchannels 4 , nloops 1 nsteps 12 chunksize 1048576 comm 0x15076d0 
crdnotebook-2076293935161401346-scnv1ejp8d-97304:5804:5804 [1] NCCL INFO Global rank 1 : opCount 0 slicesteps 2 spl 3 cpl 4 nbytes 262144 -> protocol Simple algorithm Ring nchannels 4 , nloops 1 nsteps 12 chunksize 1048576 comm 0x15076d0 
crdnotebook-2076293935161401346-scnv1ejp8d-97304:5804:5804 [1] NCCL INFO AllGather: opCount 2b sendbuff 0x7f4a57000000 recvbuff 0x7f4a57100000 count 65536 datatype 7 op 0 root 0 comm 0x15076d0 [nranks=4] stream 0x1504430 task 0 globalrank 1
crdnotebook-2076293935161401346-scnv1ejp8d-97304:5804:5804 [1] NCCL INFO Global rank 1 : opCount 0 slicesteps 2 spl 3 cpl 4 nbytes 262144 -> protocol Simple algorithm Ring nchannels 4 , nloops 1 nsteps 12 chunksize 1048576 comm 0x15076d0 
crdnotebook-2076293935161401346-scnv1ejp8d-97304:5804:5804 [1] NCCL INFO Global rank 1 : opCount 0 slicesteps 2 spl 3 cpl 4 nbytes 262144 -> protocol Simple algorithm Ring nchannels 4 , nloops 1 nsteps 12 chunksize 1048576 comm 0x15076d0 
crdnotebook-2076293935161401346-scnv1ejp8d-97304:5804:5804 [1] NCCL INFO Global rank 1 : opCount 0 slicesteps 2 spl 3 cpl 4 nbytes 262144 -> protocol Simple algorithm Ring nchannels 4 , nloops 1 nsteps 12 chunksize 1048576 comm 0x15076d0 
crdnotebook-2076293935161401346-scnv1ejp8d-97304:5804:5804 [1] NCCL INFO AllGather: opCount 2c sendbuff 0x7f4a57000000 recvbuff 0x7f4a57100000 count 65536 datatype 7 op 0 root 0 comm 0x15076d0 [nranks=4] stream 0x1504430 task 0 globalrank 1
crdnotebook-2076293935161401346-scnv1ejp8d-97304:5804:5804 [1] NCCL INFO Global rank 1 : opCount 0 slicesteps 2 spl 3 cpl 4 nbytes 262144 -> protocol Simple algorithm Ring nchannels 4 , nloops 1 nsteps 12 chunksize 1048576 comm 0x15076d0 
crdnotebook-2076293935161401346-scnv1ejp8d-97304:5804:5804 [1] NCCL INFO Global rank 1 : opCount 0 slicesteps 2 spl 3 cpl 4 nbytes 262144 -> protocol Simple algorithm Ring nchannels 4 , nloops 1 nsteps 12 chunksize 1048576 comm 0x15076d0 
crdnotebook-2076293935161401346-scnv1ejp8d-97304:5804:5804 [1] NCCL INFO Global rank 1 : opCount 0 slicesteps 2 spl 3 cpl 4 nbytes 262144 -> protocol Simple algorithm Ring nchannels 4 , nloops 1 nsteps 12 chunksize 1048576 comm 0x15076d0 
crdnotebook-2076293935161401346-scnv1ejp8d-97304:5806:5806 [3] NCCL INFO Global rank 3 : opCount 0 slicesteps 2 spl 3 cpl 4 nbytes 262144 -> protocol Simple algorithm Ring nchannels 4 , nloops 1 nsteps 12 chunksize 1048576 comm 0x1881460 
crdnotebook-2076293935161401346-scnv1ejp8d-97304:5806:5806 [3] NCCL INFO Global rank 3 : opCount 0 slicesteps 2 spl 3 cpl 4 nbytes 262144 -> protocol Simple algorithm Ring nchannels 4 , nloops 1 nsteps 12 chunksize 1048576 comm 0x1881460 
crdnotebook-2076293935161401346-scnv1ejp8d-97304:5806:5806 [3] NCCL INFO Global rank 3 : opCount 0 slicesteps 2 spl 3 cpl 4 nbytes 262144 -> protocol Simple algorithm Ring nchannels 4 , nloops 1 nsteps 12 chunksize 1048576 comm 0x1881460 
crdnotebook-2076293935161401346-scnv1ejp8d-97304:5806:5806 [3] NCCL INFO AllGather: opCount 2d sendbuff 0x7fab9de00000 recvbuff 0x7fab9df00000 count 65536 datatype 7 op 0 root 0 comm 0x1881460 [nranks=4] stream 0x187e190 task 0 globalrank 3
crdnotebook-2076293935161401346-scnv1ejp8d-97304:5806:5806 [3] NCCL INFO Global rank 3 : opCount 0 slicesteps 2 spl 3 cpl 4 nbytes 262144 -> protocol Simple algorithm Ring nchannels 4 , nloops 1 nsteps 12 chunksize 1048576 comm 0x1881460 
crdnotebook-2076293935161401346-scnv1ejp8d-97304:5806:5806 [3] NCCL INFO Global rank 3 : opCount 0 slicesteps 2 spl 3 cpl 4 nbytes 262144 -> protocol Simple algorithm Ring nchannels 4 , nloops 1 nsteps 12 chunksize 1048576 comm 0x1881460 
crdnotebook-2076293935161401346-scnv1ejp8d-97304:5806:5806 [3] NCCL INFO Global rank 3 : opCount 0 slicesteps 2 spl 3 cpl 4 nbytes 262144 -> protocol Simple algorithm Ring nchannels 4 , nloops 1 nsteps 12 chunksize 1048576 comm 0x1881460 
crdnotebook-2076293935161401346-scnv1ejp8d-97304:5806:5806 [3] NCCL INFO AllGather: opCount 2e sendbuff 0x7fab9de00000 recvbuff 0x7fab9df00000 count 65536 datatype 7 op 0 root 0 comm 0x1881460 [nranks=4] stream 0x187e190 task 0 globalrank 3
crdnotebook-2076293935161401346-scnv1ejp8d-97304:5806:5806 [3] NCCL INFO Global rank 3 : opCount 0 slicesteps 2 spl 3 cpl 4 nbytes 262144 -> protocol Simple algorithm Ring nchannels 4 , nloops 1 nsteps 12 chunksize 1048576 comm 0x1881460 
crdnotebook-2076293935161401346-scnv1ejp8d-97304:5806:5806 [3] NCCL INFO Global rank 3 : opCount 0 slicesteps 2 spl 3 cpl 4 nbytes 262144 -> protocol Simple algorithm Ring nchannels 4 , nloops 1 nsteps 12 chunksize 1048576 comm 0x1881460 
crdnotebook-2076293935161401346-scnv1ejp8d-97304:5806:5806 [3] NCCL INFO Global rank 3 : opCount 0 slicesteps 2 spl 3 cpl 4 nbytes 262144 -> protocol Simple algorithm Ring nchannels 4 , nloops 1 nsteps 12 chunksize 1048576 comm 0x1881460 
crdnotebook-2076293935161401346-scnv1ejp8d-97304:5806:5806 [3] NCCL INFO AllGather: opCount 2f sendbuff 0x7fab9de00000 recvbuff 0x7fab9df00000 count 65536 datatype 7 op 0 root 0 comm 0x1881460 [nranks=4] stream 0x187e190 task 0 globalrank 3
crdnotebook-2076293935161401346-scnv1ejp8d-97304:5806:5806 [3] NCCL INFO Global rank 3 : opCount 0 slicesteps 2 spl 3 cpl 4 nbytes 262144 -> protocol Simple algorithm Ring nchannels 4 , nloops 1 nsteps 12 chunksize 1048576 comm 0x1881460 
crdnotebook-2076293935161401346-scnv1ejp8d-97304:5806:5806 [3] NCCL INFO Global rank 3 : opCount 0 slicesteps 2 spl 3 cpl 4 nbytes 262144 -> protocol Simple algorithm Ring nchannels 4 , nloops 1 nsteps 12 chunksize 1048576 comm 0x1881460 
crdnotebook-2076293935161401346-scnv1ejp8d-97304:5803:5803 [0] NCCL INFO AllGather: opCount 28 sendbuff 0x7fe914200000 recvbuff 0x7fe914300000 count 65536 datatype 7 op 0 root 0 comm 0x2510fc0 [nranks=4] stream 0x2510a60 task 0 globalrank 0
crdnotebook-2076293935161401346-scnv1ejp8d-97304:5803:5803 [0] NCCL INFO 1048576 Bytes -> Algo 1 proto 2 time 113.059029
crdnotebook-2076293935161401346-scnv1ejp8d-97304:5803:5803 [0] NCCL INFO Global rank 0 : opCount 0 slicesteps 2 spl 3 cpl 4 nbytes 262144 -> protocol Simple algorithm Ring nchannels 4 , nloops 1 nsteps 12 chunksize 1048576 comm 0x2510fc0 
crdnotebook-2076293935161401346-scnv1ejp8d-97304:5803:5803 [0] NCCL INFO Global rank 0 : opCount 0 slicesteps 2 spl 3 cpl 4 nbytes 262144 -> protocol Simple algorithm Ring nchannels 4 , nloops 1 nsteps 12 chunksize 1048576 comm 0x2510fc0 
crdnotebook-2076293935161401346-scnv1ejp8d-97304:5803:5803 [0] NCCL INFO Global rank 0 : opCount 0 slicesteps 2 spl 3 cpl 4 nbytes 262144 -> protocol Simple algorithm Ring nchannels 4 , nloops 1 nsteps 12 chunksize 1048576 comm 0x2510fc0 
crdnotebook-2076293935161401346-scnv1ejp8d-97304:5803:5803 [0] NCCL INFO AllGather: opCount 29 sendbuff 0x7fe914200000 recvbuff 0x7fe914300000 count 65536 datatype 7 op 0 root 0 comm 0x2510fc0 [nranks=4] stream 0x2510a60 task 0 globalrank 0
crdnotebook-2076293935161401346-scnv1ejp8d-97304:5803:5803 [0] NCCL INFO 1048576 Bytes -> Algo 1 proto 2 time 113.059029
crdnotebook-2076293935161401346-scnv1ejp8d-97304:5803:5803 [0] NCCL INFO Global rank 0 : opCount 0 slicesteps 2 spl 3 cpl 4 nbytes 262144 -> protocol Simple algorithm Ring nchannels 4 , nloops 1 nsteps 12 chunksize 1048576 comm 0x2510fc0 
crdnotebook-2076293935161401346-scnv1ejp8d-97304:5803:5803 [0] NCCL INFO Global rank 0 : opCount 0 slicesteps 2 spl 3 cpl 4 nbytes 262144 -> protocol Simple algorithm Ring nchannels 4 , nloops 1 nsteps 12 chunksize 1048576 comm 0x2510fc0 
crdnotebook-2076293935161401346-scnv1ejp8d-97304:5803:5803 [0] NCCL INFO Global rank 0 : opCount 0 slicesteps 2 spl 3 cpl 4 nbytes 262144 -> protocol Simple algorithm Ring nchannels 4 , nloops 1 nsteps 12 chunksize 1048576 comm 0x2510fc0 
crdnotebook-2076293935161401346-scnv1ejp8d-97304:5803:5803 [0] NCCL INFO AllGather: opCount 2a sendbuff 0x7fe914200000 recvbuff 0x7fe914300000 count 65536 datatype 7 op 0 root 0 comm 0x2510fc0 [nranks=4] stream 0x2510a60 task 0 globalrank 0
crdnotebook-2076293935161401346-scnv1ejp8d-97304:5803:5803 [0] NCCL INFO 1048576 Bytes -> Algo 1 proto 2 time 113.059029
crdnotebook-2076293935161401346-scnv1ejp8d-97304:5805:5805 [2] NCCL INFO AllGather: opCount 2e sendbuff 0x7f62a6400000 recvbuff 0x7f62a6500000 count 65536 datatype 7 op 0 root 0 comm 0x20dd4f0 [nranks=4] stream 0x20da270 task 0 globalrank 2
crdnotebook-2076293935161401346-scnv1ejp8d-97304:5805:5805 [2] NCCL INFO Global rank 2 : opCount 0 slicesteps 2 spl 3 cpl 4 nbytes 262144 -> protocol Simple algorithm Ring nchannels 4 , nloops 1 nsteps 12 chunksize 1048576 comm 0x20dd4f0 
crdnotebook-2076293935161401346-scnv1ejp8d-97304:5805:5805 [2] NCCL INFO Global rank 2 : opCount 0 slicesteps 2 spl 3 cpl 4 nbytes 262144 -> protocol Simple algorithm Ring nchannels 4 , nloops 1 nsteps 12 chunksize 1048576 comm 0x20dd4f0 
crdnotebook-2076293935161401346-scnv1ejp8d-97304:5805:5805 [2] NCCL INFO Global rank 2 : opCount 0 slicesteps 2 spl 3 cpl 4 nbytes 262144 -> protocol Simple algorithm Ring nchannels 4 , nloops 1 nsteps 12 chunksize 1048576 comm 0x20dd4f0 
crdnotebook-2076293935161401346-scnv1ejp8d-97304:5805:5805 [2] NCCL INFO AllGather: opCount 2f sendbuff 0x7f62a6400000 recvbuff 0x7f62a6500000 count 65536 datatype 7 op 0 root 0 comm 0x20dd4f0 [nranks=4] stream 0x20da270 task 0 globalrank 2
crdnotebook-2076293935161401346-scnv1ejp8d-97304:5805:5805 [2] NCCL INFO Global rank 2 : opCount 0 slicesteps 2 spl 3 cpl 4 nbytes 262144 -> protocol Simple algorithm Ring nchannels 4 , nloops 1 nsteps 12 chunksize 1048576 comm 0x20dd4f0 
crdnotebook-2076293935161401346-scnv1ejp8d-97304:5805:5805 [2] NCCL INFO Global rank 2 : opCount 0 slicesteps 2 spl 3 cpl 4 nbytes 262144 -> protocol Simple algorithm Ring nchannels 4 , nloops 1 nsteps 12 chunksize 1048576 comm 0x20dd4f0 
crdnotebook-2076293935161401346-scnv1ejp8d-97304:5805:5805 [2] NCCL INFO Global rank 2 : opCount 0 slicesteps 2 spl 3 cpl 4 nbytes 262144 -> protocol Simple algorithm Ring nchannels 4 , nloops 1 nsteps 12 chunksize 1048576 comm 0x20dd4f0 
crdnotebook-2076293935161401346-scnv1ejp8d-97304:5805:5805 [2] NCCL INFO AllGather: opCount 30 sendbuff 0x7f62a6400000 recvbuff 0x7f62a6500000 count 65536 datatype 7 op 0 root 0 comm 0x20dd4f0 [nranks=4] stream 0x20da270 task 0 globalrank 2
crdnotebook-2076293935161401346-scnv1ejp8d-97304:5805:5805 [2] NCCL INFO Global rank 2 : opCount 0 slicesteps 2 spl 3 cpl 4 nbytes 262144 -> protocol Simple algorithm Ring nchannels 4 , nloops 1 nsteps 12 chunksize 1048576 comm 0x20dd4f0 
crdnotebook-2076293935161401346-scnv1ejp8d-97304:5804:5804 [1] NCCL INFO AllGather: opCount 2d sendbuff 0x7f4a57000000 recvbuff 0x7f4a57100000 count 65536 datatype 7 op 0 root 0 comm 0x15076d0 [nranks=4] stream 0x1504430 task 0 globalrank 1
crdnotebook-2076293935161401346-scnv1ejp8d-97304:5804:5804 [1] NCCL INFO Global rank 1 : opCount 0 slicesteps 2 spl 3 cpl 4 nbytes 262144 -> protocol Simple algorithm Ring nchannels 4 , nloops 1 nsteps 12 chunksize 1048576 comm 0x15076d0 
crdnotebook-2076293935161401346-scnv1ejp8d-97304:5804:5804 [1] NCCL INFO Global rank 1 : opCount 0 slicesteps 2 spl 3 cpl 4 nbytes 262144 -> protocol Simple algorithm Ring nchannels 4 , nloops 1 nsteps 12 chunksize 1048576 comm 0x15076d0 
crdnotebook-2076293935161401346-scnv1ejp8d-97304:5804:5804 [1] NCCL INFO Global rank 1 : opCount 0 slicesteps 2 spl 3 cpl 4 nbytes 262144 -> protocol Simple algorithm Ring nchannels 4 , nloops 1 nsteps 12 chunksize 1048576 comm 0x15076d0 
crdnotebook-2076293935161401346-scnv1ejp8d-97304:5804:5804 [1] NCCL INFO AllGather: opCount 2e sendbuff 0x7f4a57000000 recvbuff 0x7f4a57100000 count 65536 datatype 7 op 0 root 0 comm 0x15076d0 [nranks=4] stream 0x1504430 task 0 globalrank 1
crdnotebook-2076293935161401346-scnv1ejp8d-97304:5804:5804 [1] NCCL INFO Global rank 1 : opCount 0 slicesteps 2 spl 3 cpl 4 nbytes 262144 -> protocol Simple algorithm Ring nchannels 4 , nloops 1 nsteps 12 chunksize 1048576 comm 0x15076d0 
crdnotebook-2076293935161401346-scnv1ejp8d-97304:5804:5804 [1] NCCL INFO Global rank 1 : opCount 0 slicesteps 2 spl 3 cpl 4 nbytes 262144 -> protocol Simple algorithm Ring nchannels 4 , nloops 1 nsteps 12 chunksize 1048576 comm 0x15076d0 
crdnotebook-2076293935161401346-scnv1ejp8d-97304:5804:5804 [1] NCCL INFO Global rank 1 : opCount 0 slicesteps 2 spl 3 cpl 4 nbytes 262144 -> protocol Simple algorithm Ring nchannels 4 , nloops 1 nsteps 12 chunksize 1048576 comm 0x15076d0 
crdnotebook-2076293935161401346-scnv1ejp8d-97304:5804:5804 [1] NCCL INFO AllGather: opCount 2f sendbuff 0x7f4a57000000 recvbuff 0x7f4a57100000 count 65536 datatype 7 op 0 root 0 comm 0x15076d0 [nranks=4] stream 0x1504430 task 0 globalrank 1
crdnotebook-2076293935161401346-scnv1ejp8d-97304:5804:5804 [1] NCCL INFO Global rank 1 : opCount 0 slicesteps 2 spl 3 cpl 4 nbytes 262144 -> protocol Simple algorithm Ring nchannels 4 , nloops 1 nsteps 12 chunksize 1048576 comm 0x15076d0 
crdnotebook-2076293935161401346-scnv1ejp8d-97304:5804:5804 [1] NCCL INFO Global rank 1 : opCount 0 slicesteps 2 spl 3 cpl 4 nbytes 262144 -> protocol Simple algorithm Ring nchannels 4 , nloops 1 nsteps 12 chunksize 1048576 comm 0x15076d0 
crdnotebook-2076293935161401346-scnv1ejp8d-97304:5806:5806 [3] NCCL INFO Global rank 3 : opCount 0 slicesteps 2 spl 3 cpl 4 nbytes 262144 -> protocol Simple algorithm Ring nchannels 4 , nloops 1 nsteps 12 chunksize 1048576 comm 0x1881460 
crdnotebook-2076293935161401346-scnv1ejp8d-97304:5806:5806 [3] NCCL INFO AllGather: opCount 30 sendbuff 0x7fab9de00000 recvbuff 0x7fab9df00000 count 65536 datatype 7 op 0 root 0 comm 0x1881460 [nranks=4] stream 0x187e190 task 0 globalrank 3
crdnotebook-2076293935161401346-scnv1ejp8d-97304:5806:5806 [3] NCCL INFO Global rank 3 : opCount 0 slicesteps 2 spl 3 cpl 4 nbytes 262144 -> protocol Simple algorithm Ring nchannels 4 , nloops 1 nsteps 12 chunksize 1048576 comm 0x1881460 
crdnotebook-2076293935161401346-scnv1ejp8d-97304:5806:5806 [3] NCCL INFO Global rank 3 : opCount 0 slicesteps 2 spl 3 cpl 4 nbytes 262144 -> protocol Simple algorithm Ring nchannels 4 , nloops 1 nsteps 12 chunksize 1048576 comm 0x1881460 
crdnotebook-2076293935161401346-scnv1ejp8d-97304:5806:5806 [3] NCCL INFO Global rank 3 : opCount 0 slicesteps 2 spl 3 cpl 4 nbytes 262144 -> protocol Simple algorithm Ring nchannels 4 , nloops 1 nsteps 12 chunksize 1048576 comm 0x1881460 
crdnotebook-2076293935161401346-scnv1ejp8d-97304:5806:5806 [3] NCCL INFO AllGather: opCount 31 sendbuff 0x7fab9de00000 recvbuff 0x7fab9df00000 count 65536 datatype 7 op 0 root 0 comm 0x1881460 [nranks=4] stream 0x187e190 task 0 globalrank 3
crdnotebook-2076293935161401346-scnv1ejp8d-97304:5806:5806 [3] NCCL INFO Global rank 3 : opCount 0 slicesteps 2 spl 3 cpl 4 nbytes 262144 -> protocol Simple algorithm Ring nchannels 4 , nloops 1 nsteps 12 chunksize 1048576 comm 0x1881460 
crdnotebook-2076293935161401346-scnv1ejp8d-97304:5806:5806 [3] NCCL INFO Global rank 3 : opCount 0 slicesteps 2 spl 3 cpl 4 nbytes 262144 -> protocol Simple algorithm Ring nchannels 4 , nloops 1 nsteps 12 chunksize 1048576 comm 0x1881460 
crdnotebook-2076293935161401346-scnv1ejp8d-97304:5806:5806 [3] NCCL INFO Global rank 3 : opCount 0 slicesteps 2 spl 3 cpl 4 nbytes 262144 -> protocol Simple algorithm Ring nchannels 4 , nloops 1 nsteps 12 chunksize 1048576 comm 0x1881460 
crdnotebook-2076293935161401346-scnv1ejp8d-97304:5806:5806 [3] NCCL INFO AllGather: opCount 32 sendbuff 0x7fab9de00000 recvbuff 0x7fab9df00000 count 65536 datatype 7 op 0 root 0 comm 0x1881460 [nranks=4] stream 0x187e190 task 0 globalrank 3
crdnotebook-2076293935161401346-scnv1ejp8d-97304:5806:5806 [3] NCCL INFO Global rank 3 : opCount 0 slicesteps 2 spl 3 cpl 4 nbytes 262144 -> protocol Simple algorithm Ring nchannels 4 , nloops 1 nsteps 12 chunksize 1048576 comm 0x1881460 
crdnotebook-2076293935161401346-scnv1ejp8d-97304:5806:5806 [3] NCCL INFO Global rank 3 : opCount 0 slicesteps 2 spl 3 cpl 4 nbytes 262144 -> protocol Simple algorithm Ring nchannels 4 , nloops 1 nsteps 12 chunksize 1048576 comm 0x1881460 
crdnotebook-2076293935161401346-scnv1ejp8d-97304:5803:5803 [0] NCCL INFO Global rank 0 : opCount 0 slicesteps 2 spl 3 cpl 4 nbytes 262144 -> protocol Simple algorithm Ring nchannels 4 , nloops 1 nsteps 12 chunksize 1048576 comm 0x2510fc0 
crdnotebook-2076293935161401346-scnv1ejp8d-97304:5803:5803 [0] NCCL INFO Global rank 0 : opCount 0 slicesteps 2 spl 3 cpl 4 nbytes 262144 -> protocol Simple algorithm Ring nchannels 4 , nloops 1 nsteps 12 chunksize 1048576 comm 0x2510fc0 
crdnotebook-2076293935161401346-scnv1ejp8d-97304:5803:5803 [0] NCCL INFO Global rank 0 : opCount 0 slicesteps 2 spl 3 cpl 4 nbytes 262144 -> protocol Simple algorithm Ring nchannels 4 , nloops 1 nsteps 12 chunksize 1048576 comm 0x2510fc0 
crdnotebook-2076293935161401346-scnv1ejp8d-97304:5803:5803 [0] NCCL INFO AllGather: opCount 2b sendbuff 0x7fe914200000 recvbuff 0x7fe914300000 count 65536 datatype 7 op 0 root 0 comm 0x2510fc0 [nranks=4] stream 0x2510a60 task 0 globalrank 0
crdnotebook-2076293935161401346-scnv1ejp8d-97304:5803:5803 [0] NCCL INFO 1048576 Bytes -> Algo 1 proto 2 time 113.059029
crdnotebook-2076293935161401346-scnv1ejp8d-97304:5803:5803 [0] NCCL INFO Global rank 0 : opCount 0 slicesteps 2 spl 3 cpl 4 nbytes 262144 -> protocol Simple algorithm Ring nchannels 4 , nloops 1 nsteps 12 chunksize 1048576 comm 0x2510fc0 
crdnotebook-2076293935161401346-scnv1ejp8d-97304:5803:5803 [0] NCCL INFO Global rank 0 : opCount 0 slicesteps 2 spl 3 cpl 4 nbytes 262144 -> protocol Simple algorithm Ring nchannels 4 , nloops 1 nsteps 12 chunksize 1048576 comm 0x2510fc0 
crdnotebook-2076293935161401346-scnv1ejp8d-97304:5803:5803 [0] NCCL INFO Global rank 0 : opCount 0 slicesteps 2 spl 3 cpl 4 nbytes 262144 -> protocol Simple algorithm Ring nchannels 4 , nloops 1 nsteps 12 chunksize 1048576 comm 0x2510fc0 
crdnotebook-2076293935161401346-scnv1ejp8d-97304:5803:5803 [0] NCCL INFO AllGather: opCount 2c sendbuff 0x7fe914200000 recvbuff 0x7fe914300000 count 65536 datatype 7 op 0 root 0 comm 0x2510fc0 [nranks=4] stream 0x2510a60 task 0 globalrank 0
crdnotebook-2076293935161401346-scnv1ejp8d-97304:5803:5803 [0] NCCL INFO 1048576 Bytes -> Algo 1 proto 2 time 113.059029
crdnotebook-2076293935161401346-scnv1ejp8d-97304:5805:5805 [2] NCCL INFO Global rank 2 : opCount 0 slicesteps 2 spl 3 cpl 4 nbytes 262144 -> protocol Simple algorithm Ring nchannels 4 , nloops 1 nsteps 12 chunksize 1048576 comm 0x20dd4f0 
crdnotebook-2076293935161401346-scnv1ejp8d-97304:5805:5805 [2] NCCL INFO Global rank 2 : opCount 0 slicesteps 2 spl 3 cpl 4 nbytes 262144 -> protocol Simple algorithm Ring nchannels 4 , nloops 1 nsteps 12 chunksize 1048576 comm 0x20dd4f0 
crdnotebook-2076293935161401346-scnv1ejp8d-97304:5805:5805 [2] NCCL INFO AllGather: opCount 31 sendbuff 0x7f62a6400000 recvbuff 0x7f62a6500000 count 65536 datatype 7 op 0 root 0 comm 0x20dd4f0 [nranks=4] stream 0x20da270 task 0 globalrank 2
crdnotebook-2076293935161401346-scnv1ejp8d-97304:5805:5805 [2] NCCL INFO Global rank 2 : opCount 0 slicesteps 2 spl 3 cpl 4 nbytes 262144 -> protocol Simple algorithm Ring nchannels 4 , nloops 1 nsteps 12 chunksize 1048576 comm 0x20dd4f0 
crdnotebook-2076293935161401346-scnv1ejp8d-97304:5805:5805 [2] NCCL INFO Global rank 2 : opCount 0 slicesteps 2 spl 3 cpl 4 nbytes 262144 -> protocol Simple algorithm Ring nchannels 4 , nloops 1 nsteps 12 chunksize 1048576 comm 0x20dd4f0 
crdnotebook-2076293935161401346-scnv1ejp8d-97304:5805:5805 [2] NCCL INFO Global rank 2 : opCount 0 slicesteps 2 spl 3 cpl 4 nbytes 262144 -> protocol Simple algorithm Ring nchannels 4 , nloops 1 nsteps 12 chunksize 1048576 comm 0x20dd4f0 
crdnotebook-2076293935161401346-scnv1ejp8d-97304:5805:5805 [2] NCCL INFO AllGather: opCount 32 sendbuff 0x7f62a6400000 recvbuff 0x7f62a6500000 count 65536 datatype 7 op 0 root 0 comm 0x20dd4f0 [nranks=4] stream 0x20da270 task 0 globalrank 2
crdnotebook-2076293935161401346-scnv1ejp8d-97304:5805:5805 [2] NCCL INFO Global rank 2 : opCount 0 slicesteps 2 spl 3 cpl 4 nbytes 262144 -> protocol Simple algorithm Ring nchannels 4 , nloops 1 nsteps 12 chunksize 1048576 comm 0x20dd4f0 
crdnotebook-2076293935161401346-scnv1ejp8d-97304:5805:5805 [2] NCCL INFO Global rank 2 : opCount 0 slicesteps 2 spl 3 cpl 4 nbytes 262144 -> protocol Simple algorithm Ring nchannels 4 , nloops 1 nsteps 12 chunksize 1048576 comm 0x20dd4f0 
crdnotebook-2076293935161401346-scnv1ejp8d-97304:5805:5805 [2] NCCL INFO Global rank 2 : opCount 0 slicesteps 2 spl 3 cpl 4 nbytes 262144 -> protocol Simple algorithm Ring nchannels 4 , nloops 1 nsteps 12 chunksize 1048576 comm 0x20dd4f0 
crdnotebook-2076293935161401346-scnv1ejp8d-97304:5805:5805 [2] NCCL INFO AllGather: opCount 33 sendbuff 0x7f62a6400000 recvbuff 0x7f62a6500000 count 65536 datatype 7 op 0 root 0 comm 0x20dd4f0 [nranks=4] stream 0x20da270 task 0 globalrank 2
crdnotebook-2076293935161401346-scnv1ejp8d-97304:5805:5805 [2] NCCL INFO Global rank 2 : opCount 0 slicesteps 2 spl 3 cpl 4 nbytes 262144 -> protocol Simple algorithm Ring nchannels 4 , nloops 1 nsteps 12 chunksize 1048576 comm 0x20dd4f0 
crdnotebook-2076293935161401346-scnv1ejp8d-97304:5804:5804 [1] NCCL INFO Global rank 1 : opCount 0 slicesteps 2 spl 3 cpl 4 nbytes 262144 -> protocol Simple algorithm Ring nchannels 4 , nloops 1 nsteps 12 chunksize 1048576 comm 0x15076d0 
crdnotebook-2076293935161401346-scnv1ejp8d-97304:5804:5804 [1] NCCL INFO AllGather: opCount 30 sendbuff 0x7f4a57000000 recvbuff 0x7f4a57100000 count 65536 datatype 7 op 0 root 0 comm 0x15076d0 [nranks=4] stream 0x1504430 task 0 globalrank 1
crdnotebook-2076293935161401346-scnv1ejp8d-97304:5804:5804 [1] NCCL INFO Global rank 1 : opCount 0 slicesteps 2 spl 3 cpl 4 nbytes 262144 -> protocol Simple algorithm Ring nchannels 4 , nloops 1 nsteps 12 chunksize 1048576 comm 0x15076d0 
crdnotebook-2076293935161401346-scnv1ejp8d-97304:5804:5804 [1] NCCL INFO Global rank 1 : opCount 0 slicesteps 2 spl 3 cpl 4 nbytes 262144 -> protocol Simple algorithm Ring nchannels 4 , nloops 1 nsteps 12 chunksize 1048576 comm 0x15076d0 
crdnotebook-2076293935161401346-scnv1ejp8d-97304:5804:5804 [1] NCCL INFO Global rank 1 : opCount 0 slicesteps 2 spl 3 cpl 4 nbytes 262144 -> protocol Simple algorithm Ring nchannels 4 , nloops 1 nsteps 12 chunksize 1048576 comm 0x15076d0 
crdnotebook-2076293935161401346-scnv1ejp8d-97304:5804:5804 [1] NCCL INFO AllGather: opCount 31 sendbuff 0x7f4a57000000 recvbuff 0x7f4a57100000 count 65536 datatype 7 op 0 root 0 comm 0x15076d0 [nranks=4] stream 0x1504430 task 0 globalrank 1
crdnotebook-2076293935161401346-scnv1ejp8d-97304:5804:5804 [1] NCCL INFO Global rank 1 : opCount 0 slicesteps 2 spl 3 cpl 4 nbytes 262144 -> protocol Simple algorithm Ring nchannels 4 , nloops 1 nsteps 12 chunksize 1048576 comm 0x15076d0 
crdnotebook-2076293935161401346-scnv1ejp8d-97304:5804:5804 [1] NCCL INFO Global rank 1 : opCount 0 slicesteps 2 spl 3 cpl 4 nbytes 262144 -> protocol Simple algorithm Ring nchannels 4 , nloops 1 nsteps 12 chunksize 1048576 comm 0x15076d0 
crdnotebook-2076293935161401346-scnv1ejp8d-97304:5804:5804 [1] NCCL INFO Global rank 1 : opCount 0 slicesteps 2 spl 3 cpl 4 nbytes 262144 -> protocol Simple algorithm Ring nchannels 4 , nloops 1 nsteps 12 chunksize 1048576 comm 0x15076d0 
crdnotebook-2076293935161401346-scnv1ejp8d-97304:5804:5804 [1] NCCL INFO AllGather: opCount 32 sendbuff 0x7f4a57000000 recvbuff 0x7f4a57100000 count 65536 datatype 7 op 0 root 0 comm 0x15076d0 [nranks=4] stream 0x1504430 task 0 globalrank 1
crdnotebook-2076293935161401346-scnv1ejp8d-97304:5804:5804 [1] NCCL INFO Global rank 1 : opCount 0 slicesteps 2 spl 3 cpl 4 nbytes 262144 -> protocol Simple algorithm Ring nchannels 4 , nloops 1 nsteps 12 chunksize 1048576 comm 0x15076d0 
crdnotebook-2076293935161401346-scnv1ejp8d-97304:5804:5804 [1] NCCL INFO Global rank 1 : opCount 0 slicesteps 2 spl 3 cpl 4 nbytes 262144 -> protocol Simple algorithm Ring nchannels 4 , nloops 1 nsteps 12 chunksize 1048576 comm 0x15076d0 
crdnotebook-2076293935161401346-scnv1ejp8d-97304:5804:5804 [1] NCCL INFO Global rank 1 : opCount 0 slicesteps 2 spl 3 cpl 4 nbytes 262144 -> protocol Simple algorithm Ring nchannels 4 , nloops 1 nsteps 12 chunksize 1048576 comm 0x15076d0 
crdnotebook-2076293935161401346-scnv1ejp8d-97304:5806:5806 [3] NCCL INFO Global rank 3 : opCount 0 slicesteps 2 spl 3 cpl 4 nbytes 262144 -> protocol Simple algorithm Ring nchannels 4 , nloops 1 nsteps 12 chunksize 1048576 comm 0x1881460 
crdnotebook-2076293935161401346-scnv1ejp8d-97304:5806:5806 [3] NCCL INFO AllGather: opCount 33 sendbuff 0x7fab9de00000 recvbuff 0x7fab9df00000 count 65536 datatype 7 op 0 root 0 comm 0x1881460 [nranks=4] stream 0x187e190 task 0 globalrank 3
crdnotebook-2076293935161401346-scnv1ejp8d-97304:5806:5806 [3] NCCL INFO Global rank 3 : opCount 0 slicesteps 2 spl 3 cpl 4 nbytes 262144 -> protocol Simple algorithm Ring nchannels 4 , nloops 1 nsteps 12 chunksize 1048576 comm 0x1881460 
crdnotebook-2076293935161401346-scnv1ejp8d-97304:5806:5806 [3] NCCL INFO Global rank 3 : opCount 0 slicesteps 2 spl 3 cpl 4 nbytes 262144 -> protocol Simple algorithm Ring nchannels 4 , nloops 1 nsteps 12 chunksize 1048576 comm 0x1881460 
crdnotebook-2076293935161401346-scnv1ejp8d-97304:5806:5806 [3] NCCL INFO Global rank 3 : opCount 0 slicesteps 2 spl 3 cpl 4 nbytes 262144 -> protocol Simple algorithm Ring nchannels 4 , nloops 1 nsteps 12 chunksize 1048576 comm 0x1881460 
crdnotebook-2076293935161401346-scnv1ejp8d-97304:5806:5806 [3] NCCL INFO AllGather: opCount 34 sendbuff 0x7fab9de00000 recvbuff 0x7fab9df00000 count 65536 datatype 7 op 0 root 0 comm 0x1881460 [nranks=4] stream 0x187e190 task 0 globalrank 3
crdnotebook-2076293935161401346-scnv1ejp8d-97304:5806:5806 [3] NCCL INFO Global rank 3 : opCount 0 slicesteps 2 spl 3 cpl 4 nbytes 262144 -> protocol Simple algorithm Ring nchannels 4 , nloops 1 nsteps 12 chunksize 1048576 comm 0x1881460 
crdnotebook-2076293935161401346-scnv1ejp8d-97304:5806:5806 [3] NCCL INFO Global rank 3 : opCount 0 slicesteps 2 spl 3 cpl 4 nbytes 262144 -> protocol Simple algorithm Ring nchannels 4 , nloops 1 nsteps 12 chunksize 1048576 comm 0x1881460 
crdnotebook-2076293935161401346-scnv1ejp8d-97304:5806:5806 [3] NCCL INFO Global rank 3 : opCount 0 slicesteps 2 spl 3 cpl 4 nbytes 262144 -> protocol Simple algorithm Ring nchannels 4 , nloops 1 nsteps 12 chunksize 1048576 comm 0x1881460 
crdnotebook-2076293935161401346-scnv1ejp8d-97304:5806:5806 [3] NCCL INFO AllGather: opCount 35 sendbuff 0x7fab9de00000 recvbuff 0x7fab9df00000 count 65536 datatype 7 op 0 root 0 comm 0x1881460 [nranks=4] stream 0x187e190 task 0 globalrank 3
crdnotebook-2076293935161401346-scnv1ejp8d-97304:5806:5806 [3] NCCL INFO Global rank 3 : opCount 0 slicesteps 2 spl 3 cpl 4 nbytes 262144 -> protocol Simple algorithm Ring nchannels 4 , nloops 1 nsteps 12 chunksize 1048576 comm 0x1881460 
crdnotebook-2076293935161401346-scnv1ejp8d-97304:5806:5806 [3] NCCL INFO Global rank 3 : opCount 0 slicesteps 2 spl 3 cpl 4 nbytes 262144 -> protocol Simple algorithm Ring nchannels 4 , nloops 1 nsteps 12 chunksize 1048576 comm 0x1881460 
crdnotebook-2076293935161401346-scnv1ejp8d-97304:5806:5806 [3] NCCL INFO Global rank 3 : opCount 0 slicesteps 2 spl 3 cpl 4 nbytes 262144 -> protocol Simple algorithm Ring nchannels 4 , nloops 1 nsteps 12 chunksize 1048576 comm 0x1881460 
crdnotebook-2076293935161401346-scnv1ejp8d-97304:5803:5803 [0] NCCL INFO Global rank 0 : opCount 0 slicesteps 2 spl 3 cpl 4 nbytes 262144 -> protocol Simple algorithm Ring nchannels 4 , nloops 1 nsteps 12 chunksize 1048576 comm 0x2510fc0 
crdnotebook-2076293935161401346-scnv1ejp8d-97304:5803:5803 [0] NCCL INFO Global rank 0 : opCount 0 slicesteps 2 spl 3 cpl 4 nbytes 262144 -> protocol Simple algorithm Ring nchannels 4 , nloops 1 nsteps 12 chunksize 1048576 comm 0x2510fc0 
crdnotebook-2076293935161401346-scnv1ejp8d-97304:5803:5803 [0] NCCL INFO Global rank 0 : opCount 0 slicesteps 2 spl 3 cpl 4 nbytes 262144 -> protocol Simple algorithm Ring nchannels 4 , nloops 1 nsteps 12 chunksize 1048576 comm 0x2510fc0 
crdnotebook-2076293935161401346-scnv1ejp8d-97304:5803:5803 [0] NCCL INFO AllGather: opCount 2d sendbuff 0x7fe914200000 recvbuff 0x7fe914300000 count 65536 datatype 7 op 0 root 0 comm 0x2510fc0 [nranks=4] stream 0x2510a60 task 0 globalrank 0
crdnotebook-2076293935161401346-scnv1ejp8d-97304:5803:5803 [0] NCCL INFO 1048576 Bytes -> Algo 1 proto 2 time 113.059029
crdnotebook-2076293935161401346-scnv1ejp8d-97304:5803:5803 [0] NCCL INFO Global rank 0 : opCount 0 slicesteps 2 spl 3 cpl 4 nbytes 262144 -> protocol Simple algorithm Ring nchannels 4 , nloops 1 nsteps 12 chunksize 1048576 comm 0x2510fc0 
crdnotebook-2076293935161401346-scnv1ejp8d-97304:5803:5803 [0] NCCL INFO Global rank 0 : opCount 0 slicesteps 2 spl 3 cpl 4 nbytes 262144 -> protocol Simple algorithm Ring nchannels 4 , nloops 1 nsteps 12 chunksize 1048576 comm 0x2510fc0 
crdnotebook-2076293935161401346-scnv1ejp8d-97304:5803:5803 [0] NCCL INFO Global rank 0 : opCount 0 slicesteps 2 spl 3 cpl 4 nbytes 262144 -> protocol Simple algorithm Ring nchannels 4 , nloops 1 nsteps 12 chunksize 1048576 comm 0x2510fc0 
crdnotebook-2076293935161401346-scnv1ejp8d-97304:5803:5803 [0] NCCL INFO AllGather: opCount 2e sendbuff 0x7fe914200000 recvbuff 0x7fe914300000 count 65536 datatype 7 op 0 root 0 comm 0x2510fc0 [nranks=4] stream 0x2510a60 task 0 globalrank 0
crdnotebook-2076293935161401346-scnv1ejp8d-97304:5803:5803 [0] NCCL INFO 1048576 Bytes -> Algo 1 proto 2 time 113.059029
crdnotebook-2076293935161401346-scnv1ejp8d-97304:5803:5803 [0] NCCL INFO Global rank 0 : opCount 0 slicesteps 2 spl 3 cpl 4 nbytes 262144 -> protocol Simple algorithm Ring nchannels 4 , nloops 1 nsteps 12 chunksize 1048576 comm 0x2510fc0 
crdnotebook-2076293935161401346-scnv1ejp8d-97304:5803:5803 [0] NCCL INFO Global rank 0 : opCount 0 slicesteps 2 spl 3 cpl 4 nbytes 262144 -> protocol Simple algorithm Ring nchannels 4 , nloops 1 nsteps 12 chunksize 1048576 comm 0x2510fc0 
crdnotebook-2076293935161401346-scnv1ejp8d-97304:5803:5803 [0] NCCL INFO Global rank 0 : opCount 0 slicesteps 2 spl 3 cpl 4 nbytes 262144 -> protocol Simple algorithm Ring nchannels 4 , nloops 1 nsteps 12 chunksize 1048576 comm 0x2510fc0 
crdnotebook-2076293935161401346-scnv1ejp8d-97304:5805:5805 [2] NCCL INFO Global rank 2 : opCount 0 slicesteps 2 spl 3 cpl 4 nbytes 262144 -> protocol Simple algorithm Ring nchannels 4 , nloops 1 nsteps 12 chunksize 1048576 comm 0x20dd4f0 
crdnotebook-2076293935161401346-scnv1ejp8d-97304:5805:5805 [2] NCCL INFO Global rank 2 : opCount 0 slicesteps 2 spl 3 cpl 4 nbytes 262144 -> protocol Simple algorithm Ring nchannels 4 , nloops 1 nsteps 12 chunksize 1048576 comm 0x20dd4f0 
crdnotebook-2076293935161401346-scnv1ejp8d-97304:5805:5805 [2] NCCL INFO AllGather: opCount 34 sendbuff 0x7f62a6400000 recvbuff 0x7f62a6500000 count 65536 datatype 7 op 0 root 0 comm 0x20dd4f0 [nranks=4] stream 0x20da270 task 0 globalrank 2
crdnotebook-2076293935161401346-scnv1ejp8d-97304:5805:5805 [2] NCCL INFO Global rank 2 : opCount 0 slicesteps 2 spl 3 cpl 4 nbytes 262144 -> protocol Simple algorithm Ring nchannels 4 , nloops 1 nsteps 12 chunksize 1048576 comm 0x20dd4f0 
crdnotebook-2076293935161401346-scnv1ejp8d-97304:5805:5805 [2] NCCL INFO Global rank 2 : opCount 0 slicesteps 2 spl 3 cpl 4 nbytes 262144 -> protocol Simple algorithm Ring nchannels 4 , nloops 1 nsteps 12 chunksize 1048576 comm 0x20dd4f0 
crdnotebook-2076293935161401346-scnv1ejp8d-97304:5805:5805 [2] NCCL INFO Global rank 2 : opCount 0 slicesteps 2 spl 3 cpl 4 nbytes 262144 -> protocol Simple algorithm Ring nchannels 4 , nloops 1 nsteps 12 chunksize 1048576 comm 0x20dd4f0 
crdnotebook-2076293935161401346-scnv1ejp8d-97304:5805:5805 [2] NCCL INFO AllGather: opCount 35 sendbuff 0x7f62a6400000 recvbuff 0x7f62a6500000 count 65536 datatype 7 op 0 root 0 comm 0x20dd4f0 [nranks=4] stream 0x20da270 task 0 globalrank 2
crdnotebook-2076293935161401346-scnv1ejp8d-97304:5805:5805 [2] NCCL INFO Global rank 2 : opCount 0 slicesteps 2 spl 3 cpl 4 nbytes 262144 -> protocol Simple algorithm Ring nchannels 4 , nloops 1 nsteps 12 chunksize 1048576 comm 0x20dd4f0 
crdnotebook-2076293935161401346-scnv1ejp8d-97304:5805:5805 [2] NCCL INFO Global rank 2 : opCount 0 slicesteps 2 spl 3 cpl 4 nbytes 262144 -> protocol Simple algorithm Ring nchannels 4 , nloops 1 nsteps 12 chunksize 1048576 comm 0x20dd4f0 
crdnotebook-2076293935161401346-scnv1ejp8d-97304:5805:5805 [2] NCCL INFO Global rank 2 : opCount 0 slicesteps 2 spl 3 cpl 4 nbytes 262144 -> protocol Simple algorithm Ring nchannels 4 , nloops 1 nsteps 12 chunksize 1048576 comm 0x20dd4f0 
crdnotebook-2076293935161401346-scnv1ejp8d-97304:5805:5805 [2] NCCL INFO AllGather: opCount 36 sendbuff 0x7f62a6400000 recvbuff 0x7f62a6500000 count 65536 datatype 7 op 0 root 0 comm 0x20dd4f0 [nranks=4] stream 0x20da270 task 0 globalrank 2
crdnotebook-2076293935161401346-scnv1ejp8d-97304:5805:5805 [2] NCCL INFO Global rank 2 : opCount 0 slicesteps 2 spl 3 cpl 4 nbytes 262144 -> protocol Simple algorithm Ring nchannels 4 , nloops 1 nsteps 12 chunksize 1048576 comm 0x20dd4f0 
crdnotebook-2076293935161401346-scnv1ejp8d-97304:5805:5805 [2] NCCL INFO Global rank 2 : opCount 0 slicesteps 2 spl 3 cpl 4 nbytes 262144 -> protocol Simple algorithm Ring nchannels 4 , nloops 1 nsteps 12 chunksize 1048576 comm 0x20dd4f0 
crdnotebook-2076293935161401346-scnv1ejp8d-97304:5804:5804 [1] NCCL INFO AllGather: opCount 33 sendbuff 0x7f4a57000000 recvbuff 0x7f4a57100000 count 65536 datatype 7 op 0 root 0 comm 0x15076d0 [nranks=4] stream 0x1504430 task 0 globalrank 1
crdnotebook-2076293935161401346-scnv1ejp8d-97304:5804:5804 [1] NCCL INFO Global rank 1 : opCount 0 slicesteps 2 spl 3 cpl 4 nbytes 262144 -> protocol Simple algorithm Ring nchannels 4 , nloops 1 nsteps 12 chunksize 1048576 comm 0x15076d0 
crdnotebook-2076293935161401346-scnv1ejp8d-97304:5804:5804 [1] NCCL INFO Global rank 1 : opCount 0 slicesteps 2 spl 3 cpl 4 nbytes 262144 -> protocol Simple algorithm Ring nchannels 4 , nloops 1 nsteps 12 chunksize 1048576 comm 0x15076d0 
crdnotebook-2076293935161401346-scnv1ejp8d-97304:5804:5804 [1] NCCL INFO Global rank 1 : opCount 0 slicesteps 2 spl 3 cpl 4 nbytes 262144 -> protocol Simple algorithm Ring nchannels 4 , nloops 1 nsteps 12 chunksize 1048576 comm 0x15076d0 
crdnotebook-2076293935161401346-scnv1ejp8d-97304:5804:5804 [1] NCCL INFO AllGather: opCount 34 sendbuff 0x7f4a57000000 recvbuff 0x7f4a57100000 count 65536 datatype 7 op 0 root 0 comm 0x15076d0 [nranks=4] stream 0x1504430 task 0 globalrank 1
crdnotebook-2076293935161401346-scnv1ejp8d-97304:5804:5804 [1] NCCL INFO Global rank 1 : opCount 0 slicesteps 2 spl 3 cpl 4 nbytes 262144 -> protocol Simple algorithm Ring nchannels 4 , nloops 1 nsteps 12 chunksize 1048576 comm 0x15076d0 
crdnotebook-2076293935161401346-scnv1ejp8d-97304:5804:5804 [1] NCCL INFO Global rank 1 : opCount 0 slicesteps 2 spl 3 cpl 4 nbytes 262144 -> protocol Simple algorithm Ring nchannels 4 , nloops 1 nsteps 12 chunksize 1048576 comm 0x15076d0 
crdnotebook-2076293935161401346-scnv1ejp8d-97304:5804:5804 [1] NCCL INFO Global rank 1 : opCount 0 slicesteps 2 spl 3 cpl 4 nbytes 262144 -> protocol Simple algorithm Ring nchannels 4 , nloops 1 nsteps 12 chunksize 1048576 comm 0x15076d0 
crdnotebook-2076293935161401346-scnv1ejp8d-97304:5804:5804 [1] NCCL INFO AllGather: opCount 35 sendbuff 0x7f4a57000000 recvbuff 0x7f4a57100000 count 65536 datatype 7 op 0 root 0 comm 0x15076d0 [nranks=4] stream 0x1504430 task 0 globalrank 1
crdnotebook-2076293935161401346-scnv1ejp8d-97304:5806:5806 [3] NCCL INFO AllGather: opCount 36 sendbuff 0x7fab9de00000 recvbuff 0x7fab9df00000 count 65536 datatype 7 op 0 root 0 comm 0x1881460 [nranks=4] stream 0x187e190 task 0 globalrank 3
crdnotebook-2076293935161401346-scnv1ejp8d-97304:5806:5806 [3] NCCL INFO Global rank 3 : opCount 0 slicesteps 2 spl 3 cpl 4 nbytes 262144 -> protocol Simple algorithm Ring nchannels 4 , nloops 1 nsteps 12 chunksize 1048576 comm 0x1881460 
crdnotebook-2076293935161401346-scnv1ejp8d-97304:5806:5806 [3] NCCL INFO Global rank 3 : opCount 0 slicesteps 2 spl 3 cpl 4 nbytes 262144 -> protocol Simple algorithm Ring nchannels 4 , nloops 1 nsteps 12 chunksize 1048576 comm 0x1881460 
crdnotebook-2076293935161401346-scnv1ejp8d-97304:5806:5806 [3] NCCL INFO Global rank 3 : opCount 0 slicesteps 2 spl 3 cpl 4 nbytes 262144 -> protocol Simple algorithm Ring nchannels 4 , nloops 1 nsteps 12 chunksize 1048576 comm 0x1881460 
crdnotebook-2076293935161401346-scnv1ejp8d-97304:5806:5806 [3] NCCL INFO AllGather: opCount 37 sendbuff 0x7fab9de00000 recvbuff 0x7fab9df00000 count 65536 datatype 7 op 0 root 0 comm 0x1881460 [nranks=4] stream 0x187e190 task 0 globalrank 3
crdnotebook-2076293935161401346-scnv1ejp8d-97304:5806:5806 [3] NCCL INFO Global rank 3 : opCount 0 slicesteps 2 spl 3 cpl 4 nbytes 262144 -> protocol Simple algorithm Ring nchannels 4 , nloops 1 nsteps 12 chunksize 1048576 comm 0x1881460 
crdnotebook-2076293935161401346-scnv1ejp8d-97304:5806:5806 [3] NCCL INFO Global rank 3 : opCount 0 slicesteps 2 spl 3 cpl 4 nbytes 262144 -> protocol Simple algorithm Ring nchannels 4 , nloops 1 nsteps 12 chunksize 1048576 comm 0x1881460 
crdnotebook-2076293935161401346-scnv1ejp8d-97304:5806:5806 [3] NCCL INFO Global rank 3 : opCount 0 slicesteps 2 spl 3 cpl 4 nbytes 262144 -> protocol Simple algorithm Ring nchannels 4 , nloops 1 nsteps 12 chunksize 1048576 comm 0x1881460 
crdnotebook-2076293935161401346-scnv1ejp8d-97304:5806:5806 [3] NCCL INFO AllGather: opCount 38 sendbuff 0x7fab9de00000 recvbuff 0x7fab9df00000 count 65536 datatype 7 op 0 root 0 comm 0x1881460 [nranks=4] stream 0x187e190 task 0 globalrank 3
crdnotebook-2076293935161401346-scnv1ejp8d-97304:5806:5806 [3] NCCL INFO Global rank 3 : opCount 0 slicesteps 2 spl 3 cpl 4 nbytes 262144 -> protocol Simple algorithm Ring nchannels 4 , nloops 1 nsteps 12 chunksize 1048576 comm 0x1881460 
crdnotebook-2076293935161401346-scnv1ejp8d-97304:5806:5806 [3] NCCL INFO Global rank 3 : opCount 0 slicesteps 2 spl 3 cpl 4 nbytes 262144 -> protocol Simple algorithm Ring nchannels 4 , nloops 1 nsteps 12 chunksize 1048576 comm 0x1881460 
crdnotebook-2076293935161401346-scnv1ejp8d-97304:5803:5803 [0] NCCL INFO AllGather: opCount 2f sendbuff 0x7fe914200000 recvbuff 0x7fe914300000 count 65536 datatype 7 op 0 root 0 comm 0x2510fc0 [nranks=4] stream 0x2510a60 task 0 globalrank 0
crdnotebook-2076293935161401346-scnv1ejp8d-97304:5803:5803 [0] NCCL INFO 1048576 Bytes -> Algo 1 proto 2 time 113.059029
crdnotebook-2076293935161401346-scnv1ejp8d-97304:5803:5803 [0] NCCL INFO Global rank 0 : opCount 0 slicesteps 2 spl 3 cpl 4 nbytes 262144 -> protocol Simple algorithm Ring nchannels 4 , nloops 1 nsteps 12 chunksize 1048576 comm 0x2510fc0 
crdnotebook-2076293935161401346-scnv1ejp8d-97304:5803:5803 [0] NCCL INFO Global rank 0 : opCount 0 slicesteps 2 spl 3 cpl 4 nbytes 262144 -> protocol Simple algorithm Ring nchannels 4 , nloops 1 nsteps 12 chunksize 1048576 comm 0x2510fc0 
crdnotebook-2076293935161401346-scnv1ejp8d-97304:5803:5803 [0] NCCL INFO Global rank 0 : opCount 0 slicesteps 2 spl 3 cpl 4 nbytes 262144 -> protocol Simple algorithm Ring nchannels 4 , nloops 1 nsteps 12 chunksize 1048576 comm 0x2510fc0 
crdnotebook-2076293935161401346-scnv1ejp8d-97304:5803:5803 [0] NCCL INFO AllGather: opCount 30 sendbuff 0x7fe914200000 recvbuff 0x7fe914300000 count 65536 datatype 7 op 0 root 0 comm 0x2510fc0 [nranks=4] stream 0x2510a60 task 0 globalrank 0
crdnotebook-2076293935161401346-scnv1ejp8d-97304:5803:5803 [0] NCCL INFO 1048576 Bytes -> Algo 1 proto 2 time 113.059029
crdnotebook-2076293935161401346-scnv1ejp8d-97304:5803:5803 [0] NCCL INFO Global rank 0 : opCount 0 slicesteps 2 spl 3 cpl 4 nbytes 262144 -> protocol Simple algorithm Ring nchannels 4 , nloops 1 nsteps 12 chunksize 1048576 comm 0x2510fc0 
crdnotebook-2076293935161401346-scnv1ejp8d-97304:5803:5803 [0] NCCL INFO Global rank 0 : opCount 0 slicesteps 2 spl 3 cpl 4 nbytes 262144 -> protocol Simple algorithm Ring nchannels 4 , nloops 1 nsteps 12 chunksize 1048576 comm 0x2510fc0 
crdnotebook-2076293935161401346-scnv1ejp8d-97304:5803:5803 [0] NCCL INFO Global rank 0 : opCount 0 slicesteps 2 spl 3 cpl 4 nbytes 262144 -> protocol Simple algorithm Ring nchannels 4 , nloops 1 nsteps 12 chunksize 1048576 comm 0x2510fc0 
crdnotebook-2076293935161401346-scnv1ejp8d-97304:5803:5803 [0] NCCL INFO AllGather: opCount 31 sendbuff 0x7fe914200000 recvbuff 0x7fe914300000 count 65536 datatype 7 op 0 root 0 comm 0x2510fc0 [nranks=4] stream 0x2510a60 task 0 globalrank 0
crdnotebook-2076293935161401346-scnv1ejp8d-97304:5805:5805 [2] NCCL INFO Global rank 2 : opCount 0 slicesteps 2 spl 3 cpl 4 nbytes 262144 -> protocol Simple algorithm Ring nchannels 4 , nloops 1 nsteps 12 chunksize 1048576 comm 0x20dd4f0 
crdnotebook-2076293935161401346-scnv1ejp8d-97304:5805:5805 [2] NCCL INFO AllGather: opCount 37 sendbuff 0x7f62a6400000 recvbuff 0x7f62a6500000 count 65536 datatype 7 op 0 root 0 comm 0x20dd4f0 [nranks=4] stream 0x20da270 task 0 globalrank 2
crdnotebook-2076293935161401346-scnv1ejp8d-97304:5805:5805 [2] NCCL INFO Global rank 2 : opCount 0 slicesteps 2 spl 3 cpl 4 nbytes 262144 -> protocol Simple algorithm Ring nchannels 4 , nloops 1 nsteps 12 chunksize 1048576 comm 0x20dd4f0 
crdnotebook-2076293935161401346-scnv1ejp8d-97304:5805:5805 [2] NCCL INFO Global rank 2 : opCount 0 slicesteps 2 spl 3 cpl 4 nbytes 262144 -> protocol Simple algorithm Ring nchannels 4 , nloops 1 nsteps 12 chunksize 1048576 comm 0x20dd4f0 
crdnotebook-2076293935161401346-scnv1ejp8d-97304:5805:5805 [2] NCCL INFO Global rank 2 : opCount 0 slicesteps 2 spl 3 cpl 4 nbytes 262144 -> protocol Simple algorithm Ring nchannels 4 , nloops 1 nsteps 12 chunksize 1048576 comm 0x20dd4f0 
crdnotebook-2076293935161401346-scnv1ejp8d-97304:5805:5805 [2] NCCL INFO AllGather: opCount 38 sendbuff 0x7f62a6400000 recvbuff 0x7f62a6500000 count 65536 datatype 7 op 0 root 0 comm 0x20dd4f0 [nranks=4] stream 0x20da270 task 0 globalrank 2
crdnotebook-2076293935161401346-scnv1ejp8d-97304:5805:5805 [2] NCCL INFO Global rank 2 : opCount 0 slicesteps 2 spl 3 cpl 4 nbytes 262144 -> protocol Simple algorithm Ring nchannels 4 , nloops 1 nsteps 12 chunksize 1048576 comm 0x20dd4f0 
crdnotebook-2076293935161401346-scnv1ejp8d-97304:5805:5805 [2] NCCL INFO Global rank 2 : opCount 0 slicesteps 2 spl 3 cpl 4 nbytes 262144 -> protocol Simple algorithm Ring nchannels 4 , nloops 1 nsteps 12 chunksize 1048576 comm 0x20dd4f0 
crdnotebook-2076293935161401346-scnv1ejp8d-97304:5805:5805 [2] NCCL INFO Global rank 2 : opCount 0 slicesteps 2 spl 3 cpl 4 nbytes 262144 -> protocol Simple algorithm Ring nchannels 4 , nloops 1 nsteps 12 chunksize 1048576 comm 0x20dd4f0 
crdnotebook-2076293935161401346-scnv1ejp8d-97304:5805:5805 [2] NCCL INFO AllGather: opCount 39 sendbuff 0x7f62a6400000 recvbuff 0x7f62a6500000 count 65536 datatype 7 op 0 root 0 comm 0x20dd4f0 [nranks=4] stream 0x20da270 task 0 globalrank 2
crdnotebook-2076293935161401346-scnv1ejp8d-97304:5805:5805 [2] NCCL INFO Global rank 2 : opCount 0 slicesteps 2 spl 3 cpl 4 nbytes 262144 -> protocol Simple algorithm Ring nchannels 4 , nloops 1 nsteps 12 chunksize 1048576 comm 0x20dd4f0 
crdnotebook-2076293935161401346-scnv1ejp8d-97304:5805:5805 [2] NCCL INFO Global rank 2 : opCount 0 slicesteps 2 spl 3 cpl 4 nbytes 262144 -> protocol Simple algorithm Ring nchannels 4 , nloops 1 nsteps 12 chunksize 1048576 comm 0x20dd4f0 
crdnotebook-2076293935161401346-scnv1ejp8d-97304:5805:5805 [2] NCCL INFO Global rank 2 : opCount 0 slicesteps 2 spl 3 cpl 4 nbytes 262144 -> protocol Simple algorithm Ring nchannels 4 , nloops 1 nsteps 12 chunksize 1048576 comm 0x20dd4f0crdnotebook-2076293935161401346-scnv1ejp8d-97304:5804:5804 [1] NCCL INFO Global rank 1 : opCount 0 slicesteps 2 spl 3 cpl 4 nbytes 262144 -> protocol Simple algorithm Ring nchannels 4 , nloops 1 nsteps 12 chunksize 1048576 comm 0x15076d0 
crdnotebook-2076293935161401346-scnv1ejp8d-97304:5804:5804 [1] NCCL INFO Global rank 1 : opCount 0 slicesteps 2 spl 3 cpl 4 nbytes 262144 -> protocol Simple algorithm Ring nchannels 4 , nloops 1 nsteps 12 chunksize 1048576 comm 0x15076d0 
crdnotebook-2076293935161401346-scnv1ejp8d-97304:5804:5804 [1] NCCL INFO Global rank 1 : opCount 0 slicesteps 2 spl 3 cpl 4 nbytes 262144 -> protocol Simple algorithm Ring nchannels 4 , nloops 1 nsteps 12 chunksize 1048576 comm 0x15076d0 
crdnotebook-2076293935161401346-scnv1ejp8d-97304:5804:5804 [1] NCCL INFO AllGather: opCount 36 sendbuff 0x7f4a57000000 recvbuff 0x7f4a57100000 count 65536 datatype 7 op 0 root 0 comm 0x15076d0 [nranks=4] stream 0x1504430 task 0 globalrank 1
crdnotebook-2076293935161401346-scnv1ejp8d-97304:5804:5804 [1] NCCL INFO Global rank 1 : opCount 0 slicesteps 2 spl 3 cpl 4 nbytes 262144 -> protocol Simple algorithm Ring nchannels 4 , nloops 1 nsteps 12 chunksize 1048576 comm 0x15076d0 
crdnotebook-2076293935161401346-scnv1ejp8d-97304:5804:5804 [1] NCCL INFO Global rank 1 : opCount 0 slicesteps 2 spl 3 cpl 4 nbytes 262144 -> protocol Simple algorithm Ring nchannels 4 , nloops 1 nsteps 12 chunksize 1048576 comm 0x15076d0 
crdnotebook-2076293935161401346-scnv1ejp8d-97304:5804:5804 [1] NCCL INFO Global rank 1 : opCount 0 slicesteps 2 spl 3 cpl 4 nbytes 262144 -> protocol Simple algorithm Ring nchannels 4 , nloops 1 nsteps 12 chunksize 1048576 comm 0x15076d0 
crdnotebook-2076293935161401346-scnv1ejp8d-97304:5804:5804 [1] NCCL INFO AllGather: opCount 37 sendbuff 0x7f4a57000000 recvbuff 0x7f4a57100000 count 65536 datatype 7 op 0 root 0 comm 0x15076d0 [nranks=4] stream 0x1504430 task 0 globalrank 1
crdnotebook-2076293935161401346-scnv1ejp8d-97304:5804:5804 [1] NCCL INFO Global rank 1 : opCount 0 slicesteps 2 spl 3 cpl 4 nbytes 262144 -> protocol Simple algorithm Ring nchannels 4 , nloops 1 nsteps 12 chunksize 1048576 comm 0x15076d0 
crdnotebook-2076293935161401346-scnv1ejp8d-97304:5804:5804 [1] NCCL INFO Global rank 1 : opCount 0 slicesteps 2 spl 3 cpl 4 nbytes 262144 -> protocol Simple algorithm Ring nchannels 4 , nloops 1 nsteps 12 chunksize 1048576 comm 0x15076d0 
crdnotebook-2076293935161401346-scnv1ejp8d-97304:5804:5804 [1] NCCL INFO Global rank 1 : opCount 0 slicesteps 2 spl 3 cpl 4 nbytes 262144 -> protocol Simple algorithm Ring nchannels 4 , nloops 1 nsteps 12 chunksize 1048576 comm 0x15076d0 
crdnotebook-2076293935161401346-scnv1ejp8d-97304:5804:5804 [1] NCCL INFO AllGather: opCount 38 sendbuff 0x7f4a57000000 recvbuff 0x7f4a57100000 count 65536 datatype 7 op 0 root 0 comm 0x15076d0 [nranks=4] stream 0x1504430 task 0 globalrank 1
crdnotebook-2076293935161401346-scnv1ejp8d-97304:5804:5804 [1] NCCL INFO Global rank 1 : opCount 0 slicesteps 2 spl 3 cpl 4 nbytes 262144 -> protocol Simple algorithm Ring nchannels 4 , nloops 1 nsteps 12 chunksize 1048576 comm 0x15076d0 
crdnotebook-2076293935161401346-scnv1ejp8d-97304:5804:5804 [1] NCCL INFO Global rank 1 : opCount 0 slicesteps 2 spl 3 cpl 4 nbytes 262144 -> protocol Simple algorithm Ring nchannels 4 , nloops 1 nsteps 12 chunksize 1048576 comm 0x15076d0 
crdnotebook-2076293935161401346-scnv1ejp8d-97304:5806:5806 [3] NCCL INFO Global rank 3 : opCount 0 slicesteps 2 spl 3 cpl 4 nbytes 262144 -> protocol Simple algorithm Ring nchannels 4 , nloops 1 nsteps 12 chunksize 1048576 comm 0x1881460 
crdnotebook-2076293935161401346-scnv1ejp8d-97304:5806:5806 [3] NCCL INFO AllGather: opCount 39 sendbuff 0x7fab9de00000 recvbuff 0x7fab9df00000 count 65536 datatype 7 op 0 root 0 comm 0x1881460 [nranks=4] stream 0x187e190 task 0 globalrank 3
crdnotebook-2076293935161401346-scnv1ejp8d-97304:5806:5806 [3] NCCL INFO Global rank 3 : opCount 0 slicesteps 2 spl 3 cpl 4 nbytes 262144 -> protocol Simple algorithm Ring nchannels 4 , nloops 1 nsteps 12 chunksize 1048576 comm 0x1881460 
crdnotebook-2076293935161401346-scnv1ejp8d-97304:5806:5806 [3] NCCL INFO Global rank 3 : opCount 0 slicesteps 2 spl 3 cpl 4 nbytes 262144 -> protocol Simple algorithm Ring nchannels 4 , nloops 1 nsteps 12 chunksize 1048576 comm 0x1881460 
crdnotebook-2076293935161401346-scnv1ejp8d-97304:5806:5806 [3] NCCL INFO Global rank 3 : opCount 0 slicesteps 2 spl 3 cpl 4 nbytes 262144 -> protocol Simple algorithm Ring nchannels 4 , nloops 1 nsteps 12 chunksize 1048576 comm 0x1881460 
crdnotebook-2076293935161401346-scnv1ejp8d-97304:5806:5806 [3] NCCL INFO AllGather: opCount 3a sendbuff 0x7fab9de00000 recvbuff 0x7fab9df00000 count 65536 datatype 7 op 0 root 0 comm 0x1881460 [nranks=4] stream 0x187e190 task 0 globalrank 3
crdnotebook-2076293935161401346-scnv1ejp8d-97304:5806:5806 [3] NCCL INFO Global rank 3 : opCount 0 slicesteps 2 spl 3 cpl 4 nbytes 262144 -> protocol Simple algorithm Ring nchannels 4 , nloops 1 nsteps 12 chunksize 1048576 comm 0x1881460 
crdnotebook-2076293935161401346-scnv1ejp8d-97304:5806:5806 [3] NCCL INFO Global rank 3 : opCount 0 slicesteps 2 spl 3 cpl 4 nbytes 262144 -> protocol Simple algorithm Ring nchannels 4 , nloops 1 nsteps 12 chunksize 1048576 comm 0x1881460 
crdnotebook-2076293935161401346-scnv1ejp8d-97304:5806:5806 [3] NCCL INFO Global rank 3 : opCount 0 slicesteps 2 spl 3 cpl 4 nbytes 262144 -> protocol Simple algorithm Ring nchannels 4 , nloops 1 nsteps 12 chunksize 1048576 comm 0x1881460 
crdnotebook-2076293935161401346-scnv1ejp8d-97304:5806:5806 [3] NCCL INFO AllGather: opCount 3b sendbuff 0x7fab9de00000 recvbuff 0x7fab9df00000 count 65536 datatype 7 op 0 root 0 comm 0x1881460 [nranks=4] stream 0x187e190 task 0 globalrank 3
crdnotebook-2076293935161401346-scnv1ejp8d-97304:5806:5806 [3] NCCL INFO Global rank 3 : opCount 0 slicesteps 2 spl 3 cpl 4 nbytes 262144 -> protocol Simple algorithm Ring nchannels 4 , nloops 1 nsteps 12 chunksize 1048576 comm 0x1881460 
crdnotebook-2076293935161401346-scnv1ejp8d-97304:5806:5806 [3] NCCL INFO Global rank 3 : opCount 0 slicesteps 2 spl 3 cpl 4 nbytes 262144 -> protocol Simple algorithm Ring nchannels 4 , nloops 1 nsteps 12 chunksize 1048576 comm 0x1881460 
crdnotebook-2076293935161401346-scnv1ejp8d-97304:5806:5806 [3] NCCL INFO Global rank 3 : opCount 0 slicesteps 2 spl 3 cpl 4 nbytes 262144 -> protocol Simple algorithm Ring nchannels 4 , nloops 1 nsteps 12 chunksize 1048576 comm 0x1881460 
crdnotebook-2076293935161401346-scnv1ejp8d-97304:5806:5806 [3] NCCL INFO AllGather: opCount 3c sendbuff 0x7fab9de00000 recvbuff 0x7fab9df00000 count 65536 datatype 7 op 0 root 0 comm 0x1881460 [nranks=4] stream 0x187e190 task 0 globalrank 3
crdnotebook-2076293935161401346-scnv1ejp8d-97304:5806:5806 [3] NCCL INFO Global rank 3 : opCount 0 slicesteps 2 spl 3 cpl 4 nbytes 262144 -> protocol Simple algorithm Ring nchannels 4 , nloops 1 nsteps 12 chunksize 1048576 comm 0x1881460 
crdnotebook-2076293935161401346-scnv1ejp8d-97304:5806:5806 [3] NCCL INFO Global rank 3 : opCount 0 slicesteps 2 spl 3 cpl 4 nbytes 262144 -> protocol Simple algorithm Ring nchannels 4 , nloops 1 nsteps 12 chunksize 1048576 comm 0x1881460 
crdnotebook-2076293935161401346-scnv1ejp8d-97304:5803:5803 [0] NCCL INFO 1048576 Bytes -> Algo 1 proto 2 time 113.059029
crdnotebook-2076293935161401346-scnv1ejp8d-97304:5803:5803 [0] NCCL INFO Global rank 0 : opCount 0 slicesteps 2 spl 3 cpl 4 nbytes 262144 -> protocol Simple algorithm Ring nchannels 4 , nloops 1 nsteps 12 chunksize 1048576 comm 0x2510fc0 
crdnotebook-2076293935161401346-scnv1ejp8d-97304:5803:5803 [0] NCCL INFO Global rank 0 : opCount 0 slicesteps 2 spl 3 cpl 4 nbytes 262144 -> protocol Simple algorithm Ring nchannels 4 , nloops 1 nsteps 12 chunksize 1048576 comm 0x2510fc0 
crdnotebook-2076293935161401346-scnv1ejp8d-97304:5803:5803 [0] NCCL INFO Global rank 0 : opCount 0 slicesteps 2 spl 3 cpl 4 nbytes 262144 -> protocol Simple algorithm Ring nchannels 4 , nloops 1 nsteps 12 chunksize 1048576 comm 0x2510fc0 
crdnotebook-2076293935161401346-scnv1ejp8d-97304:5803:5803 [0] NCCL INFO AllGather: opCount 32 sendbuff 0x7fe914200000 recvbuff 0x7fe914300000 count 65536 datatype 7 op 0 root 0 comm 0x2510fc0 [nranks=4] stream 0x2510a60 task 0 globalrank 0
crdnotebook-2076293935161401346-scnv1ejp8d-97304:5803:5803 [0] NCCL INFO 1048576 Bytes -> Algo 1 proto 2 time 113.059029
crdnotebook-2076293935161401346-scnv1ejp8d-97304:5803:5803 [0] NCCL INFO Global rank 0 : opCount 0 slicesteps 2 spl 3 cpl 4 nbytes 262144 -> protocol Simple algorithm Ring nchannels 4 , nloops 1 nsteps 12 chunksize 1048576 comm 0x2510fc0 
crdnotebook-2076293935161401346-scnv1ejp8d-97304:5803:5803 [0] NCCL INFO Global rank 0 : opCount 0 slicesteps 2 spl 3 cpl 4 nbytes 262144 -> protocol Simple algorithm Ring nchannels 4 , nloops 1 nsteps 12 chunksize 1048576 comm 0x2510fc0 
crdnotebook-2076293935161401346-scnv1ejp8d-97304:5803:5803 [0] NCCL INFO Global rank 0 : opCount 0 slicesteps 2 spl 3 cpl 4 nbytes 262144 -> protocol Simple algorithm Ring nchannels 4 , nloops 1 nsteps 12 chunksize 1048576 comm 0x2510fc0 
crdnotebook-2076293935161401346-scnv1ejp8d-97304:5803:5803 [0] NCCL INFO AllGather: opCount 33 sendbuff 0x7fe914200000 recvbuff 0x7fe914300000 count 65536 datatype 7 op 0 root 0 comm 0x2510fc0 [nranks=4] stream 0x2510a60 task 0 globalrank 0
crdnotebook-2076293935161401346-scnv1ejp8d-97304:5803:5803 [0] NCCL INFO 1048576 Bytes -> Algo 1 proto 2 time 113.059029
crdnotebook-2076293935161401346-scnv1ejp8d-97304:5803:5803 [0] NCCL INFO Global rank 0 : opCount 0 slicesteps 2 spl 3 cpl 4 nbytes 262144 -> protocol Simple algorithm Ring nchannels 4 , nloops 1 nsteps 12 chunksize 1048576 comm 0x2510fc0 
crdnotebook-2076293935161401346-scnv1ejp8d-97304:5803:5803 [0] NCCL INFO Global rank 0 : opCount 0 slicesteps 2 spl 3 cpl 4 nbytes 262144 -> protocol Simple algorithm Ring nchannels 4 , nloops 1 nsteps 12 chunksize 1048576 comm 0x2510fc0 
crdnotebook-2076293935161401346-scnv1ejp8d-97304:5803:5803 [0] NCCL INFO Global rank 0 : opCount 0 slicesteps 2 spl 3 cpl 4 nbytes 262144 -> protocol Simple algorithm Ring nchannels 4 , nloops 1 nsteps 12 chunksize 1048576 comm 0x2510fc0 
 
crdnotebook-2076293935161401346-scnv1ejp8d-97304:5805:5805 [2] NCCL INFO AllGather: opCount 3a sendbuff 0x7f62a6400000 recvbuff 0x7f62a6500000 count 65536 datatype 7 op 0 root 0 comm 0x20dd4f0 [nranks=4] stream 0x20da270 task 0 globalrank 2
crdnotebook-2076293935161401346-scnv1ejp8d-97304:5805:5805 [2] NCCL INFO Global rank 2 : opCount 0 slicesteps 2 spl 3 cpl 4 nbytes 262144 -> protocol Simple algorithm Ring nchannels 4 , nloops 1 nsteps 12 chunksize 1048576 comm 0x20dd4f0 
crdnotebook-2076293935161401346-scnv1ejp8d-97304:5805:5805 [2] NCCL INFO Global rank 2 : opCount 0 slicesteps 2 spl 3 cpl 4 nbytes 262144 -> protocol Simple algorithm Ring nchannels 4 , nloops 1 nsteps 12 chunksize 1048576 comm 0x20dd4f0 
crdnotebook-2076293935161401346-scnv1ejp8d-97304:5805:5805 [2] NCCL INFO Global rank 2 : opCount 0 slicesteps 2 spl 3 cpl 4 nbytes 262144 -> protocol Simple algorithm Ring nchannels 4 , nloops 1 nsteps 12 chunksize 1048576 comm 0x20dd4f0 
crdnotebook-2076293935161401346-scnv1ejp8d-97304:5805:5805 [2] NCCL INFO AllGather: opCount 3b sendbuff 0x7f62a6400000 recvbuff 0x7f62a6500000 count 65536 datatype 7 op 0 root 0 comm 0x20dd4f0 [nranks=4] stream 0x20da270 task 0 globalrank 2
crdnotebook-2076293935161401346-scnv1ejp8d-97304:5805:5805 [2] NCCL INFO Global rank 2 : opCount 0 slicesteps 2 spl 3 cpl 4 nbytes 262144 -> protocol Simple algorithm Ring nchannels 4 , nloops 1 nsteps 12 chunksize 1048576 comm 0x20dd4f0 
crdnotebook-2076293935161401346-scnv1ejp8d-97304:5805:5805 [2] NCCL INFO Global rank 2 : opCount 0 slicesteps 2 spl 3 cpl 4 nbytes 262144 -> protocol Simple algorithm Ring nchannels 4 , nloops 1 nsteps 12 chunksize 1048576 comm 0x20dd4f0 
crdnotebook-2076293935161401346-scnv1ejp8d-97304:5805:5805 [2] NCCL INFO Global rank 2 : opCount 0 slicesteps 2 spl 3 cpl 4 nbytes 262144 -> protocol Simple algorithm Ring nchannels 4 , nloops 1 nsteps 12 chunksize 1048576 comm 0x20dd4f0 
crdnotebook-2076293935161401346-scnv1ejp8d-97304:5805:5805 [2] NCCL INFO AllGather: opCount 3c sendbuff 0x7f62a6400000 recvbuff 0x7f62a6500000 count 65536 datatype 7 op 0 root 0 comm 0x20dd4f0 [nranks=4] stream 0x20da270 task 0 globalrank 2
crdnotebook-2076293935161401346-scnv1ejp8d-97304:5805:5805 [2] NCCL INFO Global rank 2 : opCount 0 slicesteps 2 spl 3 cpl 4 nbytes 262144 -> protocol Simple algorithm Ring nchannels 4 , nloops 1 nsteps 12 chunksize 1048576 comm 0x20dd4f0 
crdnotebook-2076293935161401346-scnv1ejp8d-97304:5805:5805 [2] NCCL INFO Global rank 2 : opCount 0 slicesteps 2 spl 3 cpl 4 nbytes 262144 -> protocol Simple algorithm Ring nchannels 4 , nloops 1 nsteps 12 chunksize 1048576 comm 0x20dd4f0 
crdnotebook-2076293935161401346-scnv1ejp8d-97304:5805:5805 [2] NCCL INFO Global rank 2 : opCount 0 slicesteps 2 spl 3 cpl 4 nbytes 262144 -> protocol Simple algorithm Ring nchannels 4 , nloops 1 nsteps 12 chunksize 1048576 comm 0x20dd4f0 
crdnotebook-2076293935161401346-scnv1ejp8d-97304:5804:5804 [1] NCCL INFO Global rank 1 : opCount 0 slicesteps 2 spl 3 cpl 4 nbytes 262144 -> protocol Simple algorithm Ring nchannels 4 , nloops 1 nsteps 12 chunksize 1048576 comm 0x15076d0 
crdnotebook-2076293935161401346-scnv1ejp8d-97304:5804:5804 [1] NCCL INFO AllGather: opCount 39 sendbuff 0x7f4a57000000 recvbuff 0x7f4a57100000 count 65536 datatype 7 op 0 root 0 comm 0x15076d0 [nranks=4] stream 0x1504430 task 0 globalrank 1
crdnotebook-2076293935161401346-scnv1ejp8d-97304:5804:5804 [1] NCCL INFO Global rank 1 : opCount 0 slicesteps 2 spl 3 cpl 4 nbytes 262144 -> protocol Simple algorithm Ring nchannels 4 , nloops 1 nsteps 12 chunksize 1048576 comm 0x15076d0 
crdnotebook-2076293935161401346-scnv1ejp8d-97304:5804:5804 [1] NCCL INFO Global rank 1 : opCount 0 slicesteps 2 spl 3 cpl 4 nbytes 262144 -> protocol Simple algorithm Ring nchannels 4 , nloops 1 nsteps 12 chunksize 1048576 comm 0x15076d0 
crdnotebook-2076293935161401346-scnv1ejp8d-97304:5804:5804 [1] NCCL INFO Global rank 1 : opCount 0 slicesteps 2 spl 3 cpl 4 nbytes 262144 -> protocol Simple algorithm Ring nchannels 4 , nloops 1 nsteps 12 chunksize 1048576 comm 0x15076d0 
crdnotebook-2076293935161401346-scnv1ejp8d-97304:5804:5804 [1] NCCL INFO AllGather: opCount 3a sendbuff 0x7f4a57000000 recvbuff 0x7f4a57100000 count 65536 datatype 7 op 0 root 0 comm 0x15076d0 [nranks=4] stream 0x1504430 task 0 globalrank 1
crdnotebook-2076293935161401346-scnv1ejp8d-97304:5804:5804 [1] NCCL INFO Global rank 1 : opCount 0 slicesteps 2 spl 3 cpl 4 nbytes 262144 -> protocol Simple algorithm Ring nchannels 4 , nloops 1 nsteps 12 chunksize 1048576 comm 0x15076d0 
crdnotebook-2076293935161401346-scnv1ejp8d-97304:5804:5804 [1] NCCL INFO Global rank 1 : opCount 0 slicesteps 2 spl 3 cpl 4 nbytes 262144 -> protocol Simple algorithm Ring nchannels 4 , nloops 1 nsteps 12 chunksize 1048576 comm 0x15076d0 
crdnotebook-2076293935161401346-scnv1ejp8d-97304:5804:5804 [1] NCCL INFO Global rank 1 : opCount 0 slicesteps 2 spl 3 cpl 4 nbytes 262144 -> protocol Simple algorithm Ring nchannels 4 , nloops 1 nsteps 12 chunksize 1048576 comm 0x15076d0 
crdnotebook-2076293935161401346-scnv1ejp8d-97304:5806:5806 [3] NCCL INFO Global rank 3 : opCount 0 slicesteps 2 spl 3 cpl 4 nbytes 262144 -> protocol Simple algorithm Ring nchannels 4 , nloops 1 nsteps 12 chunksize 1048576 comm 0x1881460 
crdnotebook-2076293935161401346-scnv1ejp8d-97304:5806:5806 [3] NCCL INFO AllGather: opCount 3d sendbuff 0x7fab9de00000 recvbuff 0x7fab9df00000 count 65536 datatype 7 op 0 root 0 comm 0x1881460 [nranks=4] stream 0x187e190 task 0 globalrank 3
crdnotebook-2076293935161401346-scnv1ejp8d-97304:5806:5806 [3] NCCL INFO Global rank 3 : opCount 0 slicesteps 2 spl 3 cpl 4 nbytes 262144 -> protocol Simple algorithm Ring nchannels 4 , nloops 1 nsteps 12 chunksize 1048576 comm 0x1881460 
crdnotebook-2076293935161401346-scnv1ejp8d-97304:5806:5806 [3] NCCL INFO Global rank 3 : opCount 0 slicesteps 2 spl 3 cpl 4 nbytes 262144 -> protocol Simple algorithm Ring nchannels 4 , nloops 1 nsteps 12 chunksize 1048576 comm 0x1881460 
crdnotebook-2076293935161401346-scnv1ejp8d-97304:5806:5806 [3] NCCL INFO Global rank 3 : opCount 0 slicesteps 2 spl 3 cpl 4 nbytes 262144 -> protocol Simple algorithm Ring nchannels 4 , nloops 1 nsteps 12 chunksize 1048576 comm 0x1881460 
crdnotebook-2076293935161401346-scnv1ejp8d-97304:5806:5806 [3] NCCL INFO AllGather: opCount 3e sendbuff 0x7fab9de00000 recvbuff 0x7fab9df00000 count 65536 datatype 7 op 0 root 0 comm 0x1881460 [nranks=4] stream 0x187e190 task 0 globalrank 3
crdnotebook-2076293935161401346-scnv1ejp8d-97304:5806:5806 [3] NCCL INFO Global rank 3 : opCount 0 slicesteps 2 spl 3 cpl 4 nbytes 262144 -> protocol Simple algorithm Ring nchannels 4 , nloops 1 nsteps 12 chunksize 1048576 comm 0x1881460 
crdnotebook-2076293935161401346-scnv1ejp8d-97304:5806:5806 [3] NCCL INFO Global rank 3 : opCount 0 slicesteps 2 spl 3 cpl 4 nbytes 262144 -> protocol Simple algorithm Ring nchannels 4 , nloops 1 nsteps 12 chunksize 1048576 comm 0x1881460 
crdnotebook-2076293935161401346-scnv1ejp8d-97304:5806:5806 [3] NCCL INFO Global rank 3 : opCount 0 slicesteps 2 spl 3 cpl 4 nbytes 262144 -> protocol Simple algorithm Ring nchannels 4 , nloops 1 nsteps 12 chunksize 1048576 comm 0x1881460 
crdnotebook-2076293935161401346-scnv1ejp8d-97304:5803:5803 [0] NCCL INFO AllGather: opCount 34 sendbuff 0x7fe914200000 recvbuff 0x7fe914300000 count 65536 datatype 7 op 0 root 0 comm 0x2510fc0 [nranks=4] stream 0x2510a60 task 0 globalrank 0
crdnotebook-2076293935161401346-scnv1ejp8d-97304:5803:5803 [0] NCCL INFO 1048576 Bytes -> Algo 1 proto 2 time 113.059029
crdnotebook-2076293935161401346-scnv1ejp8d-97304:5803:5803 [0] NCCL INFO Global rank 0 : opCount 0 slicesteps 2 spl 3 cpl 4 nbytes 262144 -> protocol Simple algorithm Ring nchannels 4 , nloops 1 nsteps 12 chunksize 1048576 comm 0x2510fc0 
crdnotebook-2076293935161401346-scnv1ejp8d-97304:5803:5803 [0] NCCL INFO Global rank 0 : opCount 0 slicesteps 2 spl 3 cpl 4 nbytes 262144 -> protocol Simple algorithm Ring nchannels 4 , nloops 1 nsteps 12 chunksize 1048576 comm 0x2510fc0 
crdnotebook-2076293935161401346-scnv1ejp8d-97304:5803:5803 [0] NCCL INFO Global rank 0 : opCount 0 slicesteps 2 spl 3 cpl 4 nbytes 262144 -> protocol Simple algorithm Ring nchannels 4 , nloops 1 nsteps 12 chunksize 1048576 comm 0x2510fc0 
crdnotebook-2076293935161401346-scnv1ejp8d-97304:5803:5803 [0] NCCL INFO AllGather: opCount 35 sendbuff 0x7fe914200000 recvbuff 0x7fe914300000 count 65536 datatype 7 op 0 root 0 comm 0x2510fc0 [nranks=4] stream 0x2510a60 task 0 globalrank 0
crdnotebook-2076293935161401346-scnv1ejp8d-97304:5803:5803 [0] NCCL INFO 1048576 Bytes -> Algo 1 proto 2 time 113.059029
crdnotebook-2076293935161401346-scnv1ejp8d-97304:5803:5803 [0] NCCL INFO Global rank 0 : opCount 0 slicesteps 2 spl 3 cpl 4 nbytes 262144 -> protocol Simple algorithm Ring nchannels 4 , nloops 1 nsteps 12 chunksize 1048576 comm 0x2510fc0 
crdnotebook-2076293935161401346-scnv1ejp8d-97304:5803:5803 [0] NCCL INFO Global rank 0 : opCount 0 slicesteps 2 spl 3 cpl 4 nbytes 262144 -> protocol Simple algorithm Ring nchannels 4 , nloops 1 nsteps 12 chunksize 1048576 comm 0x2510fc0 
crdnotebook-2076293935161401346-scnv1ejp8d-97304:5803:5803 [0] NCCL INFO Global rank 0 : opCount 0 slicesteps 2 spl 3 cpl 4 nbytes 262144 -> protocol Simple algorithm Ring nchannels 4 , nloops 1 nsteps 12 chunksize 1048576 comm 0x2510fc0 
crdnotebook-2076293935161401346-scnv1ejp8d-97304:5805:5805 [2] NCCL INFO AllGather: opCount 3d sendbuff 0x7f62a6400000 recvbuff 0x7f62a6500000 count 65536 datatype 7 op 0 root 0 comm 0x20dd4f0 [nranks=4] stream 0x20da270 task 0 globalrank 2
crdnotebook-2076293935161401346-scnv1ejp8d-97304:5805:5805 [2] NCCL INFO Global rank 2 : opCount 0 slicesteps 2 spl 3 cpl 4 nbytes 262144 -> protocol Simple algorithm Ring nchannels 4 , nloops 1 nsteps 12 chunksize 1048576 comm 0x20dd4f0 
crdnotebook-2076293935161401346-scnv1ejp8d-97304:5805:5805 [2] NCCL INFO Global rank 2 : opCount 0 slicesteps 2 spl 3 cpl 4 nbytes 262144 -> protocol Simple algorithm Ring nchannels 4 , nloops 1 nsteps 12 chunksize 1048576 comm 0x20dd4f0 
crdnotebook-2076293935161401346-scnv1ejp8d-97304:5805:5805 [2] NCCL INFO Global rank 2 : opCount 0 slicesteps 2 spl 3 cpl 4 nbytes 262144 -> protocol Simple algorithm Ring nchannels 4 , nloops 1 nsteps 12 chunksize 1048576 comm 0x20dd4f0 
crdnotebook-2076293935161401346-scnv1ejp8d-97304:5805:5805 [2] NCCL INFO AllGather: opCount 3e sendbuff 0x7f62a6400000 recvbuff 0x7f62a6500000 count 65536 datatype 7 op 0 root 0 comm 0x20dd4f0 [nranks=4] stream 0x20da270 task 0 globalrank 2
crdnotebook-2076293935161401346-scnv1ejp8d-97304:5805:5805 [2] NCCL INFO Global rank 2 : opCount 0 slicesteps 2 spl 3 cpl 4 nbytes 262144 -> protocol Simple algorithm Ring nchannels 4 , nloops 1 nsteps 12 chunksize 1048576 comm 0x20dd4f0 
crdnotebook-2076293935161401346-scnv1ejp8d-97304:5805:5805 [2] NCCL INFO Global rank 2 : opCount 0 slicesteps 2 spl 3 cpl 4 nbytes 262144 -> protocol Simple algorithm Ring nchannels 4 , nloops 1 nsteps 12 chunksize 1048576 comm 0x20dd4f0 
crdnotebook-2076293935161401346-scnv1ejp8d-97304:5805:5805 [2] NCCL INFO Global rank 2 : opCount 0 slicesteps 2 spl 3 cpl 4 nbytes 262144 -> protocol Simple algorithm Ring nchannels 4 , nloops 1 nsteps 12 chunksize 1048576 comm 0x20dd4f0 
crdnotebook-2076293935161401346-scnv1ejp8d-97304:5804:5804 [1] NCCL INFO AllGather: opCount 3b sendbuff 0x7f4a57000000 recvbuff 0x7f4a57100000 count 65536 datatype 7 op 0 root 0 comm 0x15076d0 [nranks=4] stream 0x1504430 task 0 globalrank 1
crdnotebook-2076293935161401346-scnv1ejp8d-97304:5804:5804 [1] NCCL INFO Global rank 1 : opCount 0 slicesteps 2 spl 3 cpl 4 nbytes 262144 -> protocol Simple algorithm Ring nchannels 4 , nloops 1 nsteps 12 chunksize 1048576 comm 0x15076d0 
crdnotebook-2076293935161401346-scnv1ejp8d-97304:5804:5804 [1] NCCL INFO Global rank 1 : opCount 0 slicesteps 2 spl 3 cpl 4 nbytes 262144 -> protocol Simple algorithm Ring nchannels 4 , nloops 1 nsteps 12 chunksize 1048576 comm 0x15076d0 
crdnotebook-2076293935161401346-scnv1ejp8d-97304:5804:5804 [1] NCCL INFO Global rank 1 : opCount 0 slicesteps 2 spl 3 cpl 4 nbytes 262144 -> protocol Simple algorithm Ring nchannels 4 , nloops 1 nsteps 12 chunksize 1048576 comm 0x15076d0 
crdnotebook-2076293935161401346-scnv1ejp8d-97304:5804:5804 [1] NCCL INFO AllGather: opCount 3c sendbuff 0x7f4a57000000 recvbuff 0x7f4a57100000 count 65536 datatype 7 op 0 root 0 comm 0x15076d0 [nranks=4] stream 0x1504430 task 0 globalrank 1
crdnotebook-2076293935161401346-scnv1ejp8d-97304:5804:5804 [1] NCCL INFO Global rank 1 : opCount 0 slicesteps 2 spl 3 cpl 4 nbytes 262144 -> protocol Simple algorithm Ring nchannels 4 , nloops 1 nsteps 12 chunksize 1048576 comm 0x15076d0 
crdnotebook-2076293935161401346-scnv1ejp8d-97304:5804:5804 [1] NCCL INFO Global rank 1 : opCount 0 slicesteps 2 spl 3 cpl 4 nbytes 262144 -> protocol Simple algorithm Ring nchannels 4 , nloops 1 nsteps 12 chunksize 1048576 comm 0x15076d0 
crdnotebook-2076293935161401346-scnv1ejp8d-97304:5804:5804 [1] NCCL INFO Global rank 1 : opCount 0 slicesteps 2 spl 3 cpl 4 nbytes 262144 -> protocol Simple algorithm Ring nchannels 4 , nloops 1 nsteps 12 chunksize 1048576 comm 0x15076d0 
crdnotebook-2076293935161401346-scnv1ejp8d-97304:5804:5804 [1] NCCL INFO AllGather: opCount 3d sendbuff 0x7f4a57000000 recvbuff 0x7f4a57100000 count 65536 datatype 7 op 0 root 0 comm 0x15076d0 [nranks=4] stream 0x1504430 task 0 globalrank 1
crdnotebook-2076293935161401346-scnv1ejp8d-97304:5804:5804 [1] NCCL INFO Global rank 1 : opCount 0 slicesteps 2 spl 3 cpl 4 nbytes 262144 -> protocol Simple algorithm Ring nchannels 4 , nloops 1 nsteps 12 chunksize 1048576 comm 0x15076d0 
crdnotebook-2076293935161401346-scnv1ejp8d-97304:5804:5804 [1] NCCL INFO Global rank 1 : opCount 0 slicesteps 2 spl 3 cpl 4 nbytes 262144 -> protocol Simple algorithm Ring nchannels 4 , nloops 1 nsteps 12 chunksize 1048576 comm 0x15076d0 
crdnotebook-2076293935161401346-scnv1ejp8d-97304:5804:5804 [1] NCCL INFO Global rank 1 : opCount 0 slicesteps 2 spl 3 cpl 4 nbytes 262144 -> protocol Simple algorithm Ring nchannels 4 , nloops 1 nsteps 12 chunksize 1048576 comm 0x15076d0 
crdnotebook-2076293935161401346-scnv1ejp8d-97304:5806:5806 [3] NCCL INFO AllGather: opCount 3f sendbuff 0x7fab9de00000 recvbuff 0x7fab9df00000 count 65536 datatype 7 op 0 root 0 comm 0x1881460 [nranks=4] stream 0x187e190 task 0 globalrank 3
crdnotebook-2076293935161401346-scnv1ejp8d-97304:5806:5806 [3] NCCL INFO Global rank 3 : opCount 0 slicesteps 2 spl 3 cpl 4 nbytes 262144 -> protocol Simple algorithm Ring nchannels 4 , nloops 1 nsteps 12 chunksize 1048576 comm 0x1881460 
crdnotebook-2076293935161401346-scnv1ejp8d-97304:5806:5806 [3] NCCL INFO Global rank 3 : opCount 0 slicesteps 2 spl 3 cpl 4 nbytes 262144 -> protocol Simple algorithm Ring nchannels 4 , nloops 1 nsteps 12 chunksize 1048576 comm 0x1881460 
crdnotebook-2076293935161401346-scnv1ejp8d-97304:5806:5806 [3] NCCL INFO Global rank 3 : opCount 0 slicesteps 2 spl 3 cpl 4 nbytes 262144 -> protocol Simple algorithm Ring nchannels 4 , nloops 1 nsteps 12 chunksize 1048576 comm 0x1881460 
crdnotebook-2076293935161401346-scnv1ejp8d-97304:5806:5806 [3] NCCL INFO AllGather: opCount 40 sendbuff 0x7fab9de00000 recvbuff 0x7fab9df00000 count 65536 datatype 7 op 0 root 0 comm 0x1881460 [nranks=4] stream 0x187e190 task 0 globalrank 3
crdnotebook-2076293935161401346-scnv1ejp8d-97304:5806:5806 [3] NCCL INFO Global rank 3 : opCount 0 slicesteps 2 spl 3 cpl 4 nbytes 262144 -> protocol Simple algorithm Ring nchannels 4 , nloops 1 nsteps 12 chunksize 1048576 comm 0x1881460 
crdnotebook-2076293935161401346-scnv1ejp8d-97304:5806:5806 [3] NCCL INFO Global rank 3 : opCount 0 slicesteps 2 spl 3 cpl 4 nbytes 262144 -> protocol Simple algorithm Ring nchannels 4 , nloops 1 nsteps 12 chunksize 1048576 comm 0x1881460 
crdnotebook-2076293935161401346-scnv1ejp8d-97304:5806:5806 [3] NCCL INFO Global rank 3 : opCount 0 slicesteps 2 spl 3 cpl 4 nbytes 262144 -> protocol Simple algorithm Ring nchannels 4 , nloops 1 nsteps 12 chunksize 1048576 comm 0x1881460 
crdnotebook-2076293935161401346-scnv1ejp8d-97304:5806:5806 [3] NCCL INFO AllGather: opCount 41 sendbuff 0x7fab9de00000 recvbuff 0x7fab9df00000 count 65536 datatype 7 op 0 root 0 comm 0x1881460 [nranks=4] stream 0x187e190 task 0 globalrank 3
crdnotebook-2076293935161401346-scnv1ejp8d-97304:5806:5806 [3] NCCL INFO Global rank 3 : opCount 0 slicesteps 2 spl 3 cpl 4 nbytes 262144 -> protocol Simple algorithm Ring nchannels 4 , nloops 1 nsteps 12 chunksize 1048576 comm 0x1881460 
crdnotebook-2076293935161401346-scnv1ejp8d-97304:5806:5806 [3] NCCL INFO Global rank 3 : opCount 0 slicesteps 2 spl 3 cpl 4 nbytes 262144 -> protocol Simple algorithm Ring nchannels 4 , nloops 1 nsteps 12 chunksize 1048576 comm 0x1881460 
crdnotebook-2076293935161401346-scnv1ejp8d-97304:5806:5806 [3] NCCL INFO Global rank 3 : opCount 0 slicesteps 2 spl 3 cpl 4 nbytes 262144 -> protocol Simple algorithm Ring nchannels 4 , nloops 1 nsteps 12 chunksize 1048576 comm 0x1881460 
crdnotebook-2076293935161401346-scnv1ejp8d-97304:5803:5803 [0] NCCL INFO AllGather: opCount 36 sendbuff 0x7fe914200000 recvbuff 0x7fe914300000 count 65536 datatype 7 op 0 root 0 comm 0x2510fc0 [nranks=4] stream 0x2510a60 task 0 globalrank 0
crdnotebook-2076293935161401346-scnv1ejp8d-97304:5803:5803 [0] NCCL INFO 1048576 Bytes -> Algo 1 proto 2 time 113.059029
crdnotebook-2076293935161401346-scnv1ejp8d-97304:5803:5803 [0] NCCL INFO Global rank 0 : opCount 0 slicesteps 2 spl 3 cpl 4 nbytes 262144 -> protocol Simple algorithm Ring nchannels 4 , nloops 1 nsteps 12 chunksize 1048576 comm 0x2510fc0 
crdnotebook-2076293935161401346-scnv1ejp8d-97304:5803:5803 [0] NCCL INFO Global rank 0 : opCount 0 slicesteps 2 spl 3 cpl 4 nbytes 262144 -> protocol Simple algorithm Ring nchannels 4 , nloops 1 nsteps 12 chunksize 1048576 comm 0x2510fc0 
crdnotebook-2076293935161401346-scnv1ejp8d-97304:5803:5803 [0] NCCL INFO Global rank 0 : opCount 0 slicesteps 2 spl 3 cpl 4 nbytes 262144 -> protocol Simple algorithm Ring nchannels 4 , nloops 1 nsteps 12 chunksize 1048576 comm 0x2510fc0 
crdnotebook-2076293935161401346-scnv1ejp8d-97304:5803:5803 [0] NCCL INFO AllGather: opCount 37 sendbuff 0x7fe914200000 recvbuff 0x7fe914300000 count 65536 datatype 7 op 0 root 0 comm 0x2510fc0 [nranks=4] stream 0x2510a60 task 0 globalrank 0
crdnotebook-2076293935161401346-scnv1ejp8d-97304:5803:5803 [0] NCCL INFO 1048576 Bytes -> Algo 1 proto 2 time 113.059029
crdnotebook-2076293935161401346-scnv1ejp8d-97304:5803:5803 [0] NCCL INFO Global rank 0 : opCount 0 slicesteps 2 spl 3 cpl 4 nbytes 262144 -> protocol Simple algorithm Ring nchannels 4 , nloops 1 nsteps 12 chunksize 1048576 comm 0x2510fc0 
crdnotebook-2076293935161401346-scnv1ejp8d-97304:5803:5803 [0] NCCL INFO Global rank 0 : opCount 0 slicesteps 2 spl 3 cpl 4 nbytes 262144 -> protocol Simple algorithm Ring nchannels 4 , nloops 1 nsteps 12 chunksize 1048576 comm 0x2510fc0 
crdnotebook-2076293935161401346-scnv1ejp8d-97304:5803:5803 [0] NCCL INFO Global rank 0 : opCount 0 slicesteps 2 spl 3 cpl 4 nbytes 262144 -> protocol Simple algorithm Ring nchannels 4 , nloops 1 nsteps 12 chunksize 1048576 comm 0x2510fc0 
crdnotebook-2076293935161401346-scnv1ejp8d-97304:5805:5805 [2] NCCL INFO AllGather: opCount 3f sendbuff 0x7f62a6400000 recvbuff 0x7f62a6500000 count 65536 datatype 7 op 0 root 0 comm 0x20dd4f0 [nranks=4] stream 0x20da270 task 0 globalrank 2
crdnotebook-2076293935161401346-scnv1ejp8d-97304:5805:5805 [2] NCCL INFO Global rank 2 : opCount 0 slicesteps 2 spl 3 cpl 4 nbytes 262144 -> protocol Simple algorithm Ring nchannels 4 , nloops 1 nsteps 12 chunksize 1048576 comm 0x20dd4f0 
crdnotebook-2076293935161401346-scnv1ejp8d-97304:5805:5805 [2] NCCL INFO Global rank 2 : opCount 0 slicesteps 2 spl 3 cpl 4 nbytes 262144 -> protocol Simple algorithm Ring nchannels 4 , nloops 1 nsteps 12 chunksize 1048576 comm 0x20dd4f0 
crdnotebook-2076293935161401346-scnv1ejp8d-97304:5805:5805 [2] NCCL INFO Global rank 2 : opCount 0 slicesteps 2 spl 3 cpl 4 nbytes 262144 -> protocol Simple algorithm Ring nchannels 4 , nloops 1 nsteps 12 chunksize 1048576 comm 0x20dd4f0 
crdnotebook-2076293935161401346-scnv1ejp8d-97304:5805:5805 [2] NCCL INFO AllGather: opCount 40 sendbuff 0x7f62a6400000 recvbuff 0x7f62a6500000 count 65536 datatype 7 op 0 root 0 comm 0x20dd4f0 [nranks=4] stream 0x20da270 task 0 globalrank 2
crdnotebook-2076293935161401346-scnv1ejp8d-97304:5805:5805 [2] NCCL INFO Global rank 2 : opCount 0 slicesteps 2 spl 3 cpl 4 nbytes 262144 -> protocol Simple algorithm Ring nchannels 4 , nloops 1 nsteps 12 chunksize 1048576 comm 0x20dd4f0 
crdnotebook-2076293935161401346-scnv1ejp8d-97304:5805:5805 [2] NCCL INFO Global rank 2 : opCount 0 slicesteps 2 spl 3 cpl 4 nbytes 262144 -> protocol Simple algorithm Ring nchannels 4 , nloops 1 nsteps 12 chunksize 1048576 comm 0x20dd4f0 
crdnotebook-2076293935161401346-scnv1ejp8d-97304:5805:5805 [2] NCCL INFO Global rank 2 : opCount 0 slicesteps 2 spl 3 cpl 4 nbytes 262144 -> protocol Simple algorithm Ring nchannels 4 , nloops 1 nsteps 12 chunksize 1048576 comm 0x20dd4f0 
crdnotebook-2076293935161401346-scnv1ejp8d-97304:5805:5805 [2] NCCL INFO AllGather: opCount 41 sendbuff 0x7f62a6400000 recvbuff 0x7f62a6500000 count 65536 datatype 7 op 0 root 0 comm 0x20dd4f0 [nranks=4] stream 0x20da270 task 0 globalrank 2
crdnotebook-2076293935161401346-scnv1ejp8d-97304:5805:5805 [2] NCCL INFO Global rank 2 : opCount 0 slicesteps 2 spl 3 cpl 4 nbytes 262144 -> protocol Simple algorithm Ring nchannels 4 , nloops 1 nsteps 12 chunksize 1048576 comm 0x20dd4f0 
crdnotebook-2076293935161401346-scnv1ejp8d-97304:5804:5804 [1] NCCL INFO AllGather: opCount 3e sendbuff 0x7f4a57000000 recvbuff 0x7f4a57100000 count 65536 datatype 7 op 0 root 0 comm 0x15076d0 [nranks=4] stream 0x1504430 task 0 globalrank 1
crdnotebook-2076293935161401346-scnv1ejp8d-97304:5804:5804 [1] NCCL INFO Global rank 1 : opCount 0 slicesteps 2 spl 3 cpl 4 nbytes 262144 -> protocol Simple algorithm Ring nchannels 4 , nloops 1 nsteps 12 chunksize 1048576 comm 0x15076d0 
crdnotebook-2076293935161401346-scnv1ejp8d-97304:5804:5804 [1] NCCL INFO Global rank 1 : opCount 0 slicesteps 2 spl 3 cpl 4 nbytes 262144 -> protocol Simple algorithm Ring nchannels 4 , nloops 1 nsteps 12 chunksize 1048576 comm 0x15076d0 
crdnotebook-2076293935161401346-scnv1ejp8d-97304:5804:5804 [1] NCCL INFO Global rank 1 : opCount 0 slicesteps 2 spl 3 cpl 4 nbytes 262144 -> protocol Simple algorithm Ring nchannels 4 , nloops 1 nsteps 12 chunksize 1048576 comm 0x15076d0 
crdnotebook-2076293935161401346-scnv1ejp8d-97304:5804:5804 [1] NCCL INFO AllGather: opCount 3f sendbuff 0x7f4a57000000 recvbuff 0x7f4a57100000 count 65536 datatype 7 op 0 root 0 comm 0x15076d0 [nranks=4] stream 0x1504430 task 0 globalrank 1
crdnotebook-2076293935161401346-scnv1ejp8d-97304:5804:5804 [1] NCCL INFO Global rank 1 : opCount 0 slicesteps 2 spl 3 cpl 4 nbytes 262144 -> protocol Simple algorithm Ring nchannels 4 , nloops 1 nsteps 12 chunksize 1048576 comm 0x15076d0 
crdnotebook-2076293935161401346-scnv1ejp8d-97304:5804:5804 [1] NCCL INFO Global rank 1 : opCount 0 slicesteps 2 spl 3 cpl 4 nbytes 262144 -> protocol Simple algorithm Ring nchannels 4 , nloops 1 nsteps 12 chunksize 1048576 comm 0x15076d0 
crdnotebook-2076293935161401346-scnv1ejp8d-97304:5804:5804 [1] NCCL INFO Global rank 1 : opCount 0 slicesteps 2 spl 3 cpl 4 nbytes 262144 -> protocol Simple algorithm Ring nchannels 4 , nloops 1 nsteps 12 chunksize 1048576 comm 0x15076d0 
crdnotebook-2076293935161401346-scnv1ejp8d-97304:5806:5806 [3] NCCL INFO AllGather: opCount 42 sendbuff 0x7fab9de00000 recvbuff 0x7fab9df00000 count 65536 datatype 7 op 0 root 0 comm 0x1881460 [nranks=4] stream 0x187e190 task 0 globalrank 3
crdnotebook-2076293935161401346-scnv1ejp8d-97304:5806:5806 [3] NCCL INFO Global rank 3 : opCount 0 slicesteps 2 spl 3 cpl 4 nbytes 262144 -> protocol Simple algorithm Ring nchannels 4 , nloops 1 nsteps 12 chunksize 1048576 comm 0x1881460 
crdnotebook-2076293935161401346-scnv1ejp8d-97304:5806:5806 [3] NCCL INFO Global rank 3 : opCount 0 slicesteps 2 spl 3 cpl 4 nbytes 262144 -> protocol Simple algorithm Ring nchannels 4 , nloops 1 nsteps 12 chunksize 1048576 comm 0x1881460 
crdnotebook-2076293935161401346-scnv1ejp8d-97304:5806:5806 [3] NCCL INFO Global rank 3 : opCount 0 slicesteps 2 spl 3 cpl 4 nbytes 262144 -> protocol Simple algorithm Ring nchannels 4 , nloops 1 nsteps 12 chunksize 1048576 comm 0x1881460 
crdnotebook-2076293935161401346-scnv1ejp8d-97304:5806:5806 [3] NCCL INFO AllGather: opCount 43 sendbuff 0x7fab9de00000 recvbuff 0x7fab9df00000 count 65536 datatype 7 op 0 root 0 comm 0x1881460 [nranks=4] stream 0x187e190 task 0 globalrank 3
crdnotebook-2076293935161401346-scnv1ejp8d-97304:5806:5806 [3] NCCL INFO Global rank 3 : opCount 0 slicesteps 2 spl 3 cpl 4 nbytes 262144 -> protocol Simple algorithm Ring nchannels 4 , nloops 1 nsteps 12 chunksize 1048576 comm 0x1881460 
crdnotebook-2076293935161401346-scnv1ejp8d-97304:5806:5806 [3] NCCL INFO Global rank 3 : opCount 0 slicesteps 2 spl 3 cpl 4 nbytes 262144 -> protocol Simple algorithm Ring nchannels 4 , nloops 1 nsteps 12 chunksize 1048576 comm 0x1881460 
crdnotebook-2076293935161401346-scnv1ejp8d-97304:5803:5803 [0] NCCL INFO AllGather: opCount 38 sendbuff 0x7fe914200000 recvbuff 0x7fe914300000 count 65536 datatype 7 op 0 root 0 comm 0x2510fc0 [nranks=4] stream 0x2510a60 task 0 globalrank 0
crdnotebook-2076293935161401346-scnv1ejp8d-97304:5803:5803 [0] NCCL INFO 1048576 Bytes -> Algo 1 proto 2 time 113.059029
crdnotebook-2076293935161401346-scnv1ejp8d-97304:5803:5803 [0] NCCL INFO Global rank 0 : opCount 0 slicesteps 2 spl 3 cpl 4 nbytes 262144 -> protocol Simple algorithm Ring nchannels 4 , nloops 1 nsteps 12 chunksize 1048576 comm 0x2510fc0 
crdnotebook-2076293935161401346-scnv1ejp8d-97304:5803:5803 [0] NCCL INFO Global rank 0 : opCount 0 slicesteps 2 spl 3 cpl 4 nbytes 262144 -> protocol Simple algorithm Ring nchannels 4 , nloops 1 nsteps 12 chunksize 1048576 comm 0x2510fc0 
crdnotebook-2076293935161401346-scnv1ejp8d-97304:5803:5803 [0] NCCL INFO Global rank 0 : opCount 0 slicesteps 2 spl 3 cpl 4 nbytes 262144 -> protocol Simple algorithm Ring nchannels 4 , nloops 1 nsteps 12 chunksize 1048576 comm 0x2510fc0 
crdnotebook-2076293935161401346-scnv1ejp8d-97304:5803:5803 [0] NCCL INFO AllGather: opCount 39 sendbuff 0x7fe914200000 recvbuff 0x7fe914300000 count 65536 datatype 7 op 0 root 0 comm 0x2510fc0 [nranks=4] stream 0x2510a60 task 0 globalrank 0
crdnotebook-2076293935161401346-scnv1ejp8d-97304:5803:5803 [0] NCCL INFO 1048576 Bytes -> Algo 1 proto 2 time 113.059029
crdnotebook-2076293935161401346-scnv1ejp8d-97304:5805:5805 [2] NCCL INFO Global rank 2 : opCount 0 slicesteps 2 spl 3 cpl 4 nbytes 262144 -> protocol Simple algorithm Ring nchannels 4 , nloops 1 nsteps 12 chunksize 1048576 comm 0x20dd4f0 
crdnotebook-2076293935161401346-scnv1ejp8d-97304:5805:5805 [2] NCCL INFO Global rank 2 : opCount 0 slicesteps 2 spl 3 cpl 4 nbytes 262144 -> protocol Simple algorithm Ring nchannels 4 , nloops 1 nsteps 12 chunksize 1048576 comm 0x20dd4f0 
crdnotebook-2076293935161401346-scnv1ejp8d-97304:5805:5805 [2] NCCL INFO AllGather: opCount 42 sendbuff 0x7f62a6400000 recvbuff 0x7f62a6500000 count 65536 datatype 7 op 0 root 0 comm 0x20dd4f0 [nranks=4] stream 0x20da270 task 0 globalrank 2
crdnotebook-2076293935161401346-scnv1ejp8d-97304:5805:5805 [2] NCCL INFO Global rank 2 : opCount 0 slicesteps 2 spl 3 cpl 4 nbytes 262144 -> protocol Simple algorithm Ring nchannels 4 , nloops 1 nsteps 12 chunksize 1048576 comm 0x20dd4f0 
crdnotebook-2076293935161401346-scnv1ejp8d-97304:5805:5805 [2] NCCL INFO Global rank 2 : opCount 0 slicesteps 2 spl 3 cpl 4 nbytes 262144 -> protocol Simple algorithm Ring nchannels 4 , nloops 1 nsteps 12 chunksize 1048576 comm 0x20dd4f0 
crdnotebook-2076293935161401346-scnv1ejp8d-97304:5805:5805 [2] NCCL INFO Global rank 2 : opCount 0 slicesteps 2 spl 3 cpl 4 nbytes 262144 -> protocol Simple algorithm Ring nchannels 4 , nloops 1 nsteps 12 chunksize 1048576 comm 0x20dd4f0 
crdnotebook-2076293935161401346-scnv1ejp8d-97304:5805:5805 [2] NCCL INFO AllGather: opCount 43 sendbuff 0x7f62a6400000 recvbuff 0x7f62a6500000 count 65536 datatype 7 op 0 root 0 comm 0x20dd4f0 [nranks=4] stream 0x20da270 task 0 globalrank 2
crdnotebook-2076293935161401346-scnv1ejp8d-97304:5805:5805 [2] NCCL INFO Global rank 2 : opCount 0 slicesteps 2 spl 3 cpl 4 nbytes 262144 -> protocol Simple algorithm Ring nchannels 4 , nloops 1 nsteps 12 chunksize 1048576 comm 0x20dd4f0 
crdnotebook-2076293935161401346-scnv1ejp8d-97304:5804:5804 [1] NCCL INFO AllGather: opCount 40 sendbuff 0x7f4a57000000 recvbuff 0x7f4a57100000 count 65536 datatype 7 op 0 root 0 comm 0x15076d0 [nranks=4] stream 0x1504430 task 0 globalrank 1
crdnotebook-2076293935161401346-scnv1ejp8d-97304:5804:5804 [1] NCCL INFO Global rank 1 : opCount 0 slicesteps 2 spl 3 cpl 4 nbytes 262144 -> protocol Simple algorithm Ring nchannels 4 , nloops 1 nsteps 12 chunksize 1048576 comm 0x15076d0 
crdnotebook-2076293935161401346-scnv1ejp8d-97304:5804:5804 [1] NCCL INFO Global rank 1 : opCount 0 slicesteps 2 spl 3 cpl 4 nbytes 262144 -> protocol Simple algorithm Ring nchannels 4 , nloops 1 nsteps 12 chunksize 1048576 comm 0x15076d0 
crdnotebook-2076293935161401346-scnv1ejp8d-97304:5804:5804 [1] NCCL INFO Global rank 1 : opCount 0 slicesteps 2 spl 3 cpl 4 nbytes 262144 -> protocol Simple algorithm Ring nchannels 4 , nloops 1 nsteps 12 chunksize 1048576 comm 0x15076d0 
crdnotebook-2076293935161401346-scnv1ejp8d-97304:5804:5804 [1] NCCL INFO AllGather: opCount 41 sendbuff 0x7f4a57000000 recvbuff 0x7f4a57100000 count 65536 datatype 7 op 0 root 0 comm 0x15076d0 [nranks=4] stream 0x1504430 task 0 globalrank 1
crdnotebook-2076293935161401346-scnv1ejp8d-97304:5804:5804 [1] NCCL INFO Global rank 1 : opCount 0 slicesteps 2 spl 3 cpl 4 nbytes 262144 -> protocol Simple algorithm Ring nchannels 4 , nloops 1 nsteps 12 chunksize 1048576 comm 0x15076d0 
crdnotebook-2076293935161401346-scnv1ejp8d-97304:5804:5804 [1] NCCL INFO Global rank 1 : opCount 0 slicesteps 2 spl 3 cpl 4 nbytes 262144 -> protocol Simple algorithm Ring nchannels 4 , nloops 1 nsteps 12 chunksize 1048576 comm 0x15076d0 
crdnotebook-2076293935161401346-scnv1ejp8d-97304:5804:5804 [1] NCCL INFO Global rank 1 : opCount 0 slicesteps 2 spl 3 cpl 4 nbytes 262144 -> protocol Simple algorithm Ring nchannels 4 , nloops 1 nsteps 12 chunksize 1048576 comm 0x15076d0 
crdnotebook-2076293935161401346-scnv1ejp8d-97304:5806:5806 [3] NCCL INFO Global rank 3 : opCount 0 slicesteps 2 spl 3 cpl 4 nbytes 262144 -> protocol Simple algorithm Ring nchannels 4 , nloops 1 nsteps 12 chunksize 1048576 comm 0x1881460 
crdnotebook-2076293935161401346-scnv1ejp8d-97304:5806:5806 [3] NCCL INFO AllGather: opCount 44 sendbuff 0x7fab9de00000 recvbuff 0x7fab9df00000 count 65536 datatype 7 op 0 root 0 comm 0x1881460 [nranks=4] stream 0x187e190 task 0 globalrank 3
crdnotebook-2076293935161401346-scnv1ejp8d-97304:5806:5806 [3] NCCL INFO Global rank 3 : opCount 0 slicesteps 2 spl 3 cpl 4 nbytes 262144 -> protocol Simple algorithm Ring nchannels 4 , nloops 1 nsteps 12 chunksize 1048576 comm 0x1881460 
crdnotebook-2076293935161401346-scnv1ejp8d-97304:5806:5806 [3] NCCL INFO Global rank 3 : opCount 0 slicesteps 2 spl 3 cpl 4 nbytes 262144 -> protocol Simple algorithm Ring nchannels 4 , nloops 1 nsteps 12 chunksize 1048576 comm 0x1881460 
crdnotebook-2076293935161401346-scnv1ejp8d-97304:5806:5806 [3] NCCL INFO Global rank 3 : opCount 0 slicesteps 2 spl 3 cpl 4 nbytes 262144 -> protocol Simple algorithm Ring nchannels 4 , nloops 1 nsteps 12 chunksize 1048576 comm 0x1881460 
crdnotebook-2076293935161401346-scnv1ejp8d-97304:5806:5806 [3] NCCL INFO AllGather: opCount 45 sendbuff 0x7fab9de00000 recvbuff 0x7fab9df00000 count 65536 datatype 7 op 0 root 0 comm 0x1881460 [nranks=4] stream 0x187e190 task 0 globalrank 3
crdnotebook-2076293935161401346-scnv1ejp8d-97304:5806:5806 [3] NCCL INFO Global rank 3 : opCount 0 slicesteps 2 spl 3 cpl 4 nbytes 262144 -> protocol Simple algorithm Ring nchannels 4 , nloops 1 nsteps 12 chunksize 1048576 comm 0x1881460 
crdnotebook-2076293935161401346-scnv1ejp8d-97304:5806:5806 [3] NCCL INFO Global rank 3 : opCount 0 slicesteps 2 spl 3 cpl 4 nbytes 262144 -> protocol Simple algorithm Ring nchannels 4 , nloops 1 nsteps 12 chunksize 1048576 comm 0x1881460 
crdnotebook-2076293935161401346-scnv1ejp8d-97304:5803:5803 [0] NCCL INFO Global rank 0 : opCount 0 slicesteps 2 spl 3 cpl 4 nbytes 262144 -> protocol Simple algorithm Ring nchannels 4 , nloops 1 nsteps 12 chunksize 1048576 comm 0x2510fc0 
crdnotebook-2076293935161401346-scnv1ejp8d-97304:5803:5803 [0] NCCL INFO Global rank 0 : opCount 0 slicesteps 2 spl 3 cpl 4 nbytes 262144 -> protocol Simple algorithm Ring nchannels 4 , nloops 1 nsteps 12 chunksize 1048576 comm 0x2510fc0 
crdnotebook-2076293935161401346-scnv1ejp8d-97304:5803:5803 [0] NCCL INFO Global rank 0 : opCount 0 slicesteps 2 spl 3 cpl 4 nbytes 262144 -> protocol Simple algorithm Ring nchannels 4 , nloops 1 nsteps 12 chunksize 1048576 comm 0x2510fc0 
crdnotebook-2076293935161401346-scnv1ejp8d-97304:5803:5803 [0] NCCL INFO AllGather: opCount 3a sendbuff 0x7fe914200000 recvbuff 0x7fe914300000 count 65536 datatype 7 op 0 root 0 comm 0x2510fc0 [nranks=4] stream 0x2510a60 task 0 globalrank 0
crdnotebook-2076293935161401346-scnv1ejp8d-97304:5803:5803 [0] NCCL INFO 1048576 Bytes -> Algo 1 proto 2 time 113.059029
crdnotebook-2076293935161401346-scnv1ejp8d-97304:5803:5803 [0] NCCL INFO Global rank 0 : opCount 0 slicesteps 2 spl 3 cpl 4 nbytes 262144 -> protocol Simple algorithm Ring nchannels 4 , nloops 1 nsteps 12 chunksize 1048576 comm 0x2510fc0 
crdnotebook-2076293935161401346-scnv1ejp8d-97304:5803:5803 [0] NCCL INFO Global rank 0 : opCount 0 slicesteps 2 spl 3 cpl 4 nbytes 262144 -> protocol Simple algorithm Ring nchannels 4 , nloops 1 nsteps 12 chunksize 1048576 comm 0x2510fc0 
crdnotebook-2076293935161401346-scnv1ejp8d-97304:5805:5805 [2] NCCL INFO Global rank 2 : opCount 0 slicesteps 2 spl 3 cpl 4 nbytes 262144 -> protocol Simple algorithm Ring nchannels 4 , nloops 1 nsteps 12 chunksize 1048576 comm 0x20dd4f0 
crdnotebook-2076293935161401346-scnv1ejp8d-97304:5805:5805 [2] NCCL INFO Global rank 2 : opCount 0 slicesteps 2 spl 3 cpl 4 nbytes 262144 -> protocol Simple algorithm Ring nchannels 4 , nloops 1 nsteps 12 chunksize 1048576 comm 0x20dd4f0 
crdnotebook-2076293935161401346-scnv1ejp8d-97304:5805:5805 [2] NCCL INFO AllGather: opCount 44 sendbuff 0x7f62a6400000 recvbuff 0x7f62a6500000 count 65536 datatype 7 op 0 root 0 comm 0x20dd4f0 [nranks=4] stream 0x20da270 task 0 globalrank 2
crdnotebook-2076293935161401346-scnv1ejp8d-97304:5805:5805 [2] NCCL INFO Global rank 2 : opCount 0 slicesteps 2 spl 3 cpl 4 nbytes 262144 -> protocol Simple algorithm Ring nchannels 4 , nloops 1 nsteps 12 chunksize 1048576 comm 0x20dd4f0 
crdnotebook-2076293935161401346-scnv1ejp8d-97304:5805:5805 [2] NCCL INFO Global rank 2 : opCount 0 slicesteps 2 spl 3 cpl 4 nbytes 262144 -> protocol Simple algorithm Ring nchannels 4 , nloops 1 nsteps 12 chunksize 1048576 comm 0x20dd4f0 
crdnotebook-2076293935161401346-scnv1ejp8d-97304:5805:5805 [2] NCCL INFO Global rank 2 : opCount 0 slicesteps 2 spl 3 cpl 4 nbytes 262144 -> protocol Simple algorithm Ring nchannels 4 , nloops 1 nsteps 12 chunksize 1048576 comm 0x20dd4f0 
crdnotebook-2076293935161401346-scnv1ejp8d-97304:5805:5805 [2] NCCL INFO AllGather: opCount 45 sendbuff 0x7f62a6400000 recvbuff 0x7f62a6500000 count 65536 datatype 7 op 0 root 0 comm 0x20dd4f0 [nranks=4] stream 0x20da270 task 0 globalrank 2
crdnotebook-2076293935161401346-scnv1ejp8d-97304:5804:5804 [1] NCCL INFO AllGather: opCount 42 sendbuff 0x7f4a57000000 recvbuff 0x7f4a57100000 count 65536 datatype 7 op 0 root 0 comm 0x15076d0 [nranks=4] stream 0x1504430 task 0 globalrank 1
crdnotebook-2076293935161401346-scnv1ejp8d-97304:5804:5804 [1] NCCL INFO Global rank 1 : opCount 0 slicesteps 2 spl 3 cpl 4 nbytes 262144 -> protocol Simple algorithm Ring nchannels 4 , nloops 1 nsteps 12 chunksize 1048576 comm 0x15076d0 
crdnotebook-2076293935161401346-scnv1ejp8d-97304:5804:5804 [1] NCCL INFO Global rank 1 : opCount 0 slicesteps 2 spl 3 cpl 4 nbytes 262144 -> protocol Simple algorithm Ring nchannels 4 , nloops 1 nsteps 12 chunksize 1048576 comm 0x15076d0 
crdnotebook-2076293935161401346-scnv1ejp8d-97304:5804:5804 [1] NCCL INFO Global rank 1 : opCount 0 slicesteps 2 spl 3 cpl 4 nbytes 262144 -> protocol Simple algorithm Ring nchannels 4 , nloops 1 nsteps 12 chunksize 1048576 comm 0x15076d0 
crdnotebook-2076293935161401346-scnv1ejp8d-97304:5804:5804 [1] NCCL INFO AllGather: opCount 43 sendbuff 0x7f4a57000000 recvbuff 0x7f4a57100000 count 65536 datatype 7 op 0 root 0 comm 0x15076d0 [nranks=4] stream 0x1504430 task 0 globalrank 1
crdnotebook-2076293935161401346-scnv1ejp8d-97304:5804:5804 [1] NCCL INFO Global rank 1 : opCount 0 slicesteps 2 spl 3 cpl 4 nbytes 262144 -> protocol Simple algorithm Ring nchannels 4 , nloops 1 nsteps 12 chunksize 1048576 comm 0x15076d0 
crdnotebook-2076293935161401346-scnv1ejp8d-97304:5804:5804 [1] NCCL INFO Global rank 1 : opCount 0 slicesteps 2 spl 3 cpl 4 nbytes 262144 -> protocol Simple algorithm Ring nchannels 4 , nloops 1 nsteps 12 chunksize 1048576 comm 0x15076d0 
crdnotebook-2076293935161401346-scnv1ejp8d-97304:5804:5804 [1] NCCL INFO Global rank 1 : opCount 0 slicesteps 2 spl 3 cpl 4 nbytes 262144 -> protocol Simple algorithm Ring nchannels 4 , nloops 1 nsteps 12 chunksize 1048576 comm 0x15076d0 
crdnotebook-2076293935161401346-scnv1ejp8d-97304:5806:5806 [3] NCCL INFO Global rank 3 : opCount 0 slicesteps 2 spl 3 cpl 4 nbytes 262144 -> protocol Simple algorithm Ring nchannels 4 , nloops 1 nsteps 12 chunksize 1048576 comm 0x1881460 
crdnotebook-2076293935161401346-scnv1ejp8d-97304:5806:5806 [3] NCCL INFO AllGather: opCount 46 sendbuff 0x7fab9de00000 recvbuff 0x7fab9df00000 count 65536 datatype 7 op 0 root 0 comm 0x1881460 [nranks=4] stream 0x187e190 task 0 globalrank 3
crdnotebook-2076293935161401346-scnv1ejp8d-97304:5806:5806 [3] NCCL INFO Global rank 3 : opCount 0 slicesteps 2 spl 3 cpl 4 nbytes 262144 -> protocol Simple algorithm Ring nchannels 4 , nloops 1 nsteps 12 chunksize 1048576 comm 0x1881460 
crdnotebook-2076293935161401346-scnv1ejp8d-97304:5806:5806 [3] NCCL INFO Global rank 3 : opCount 0 slicesteps 2 spl 3 cpl 4 nbytes 262144 -> protocol Simple algorithm Ring nchannels 4 , nloops 1 nsteps 12 chunksize 1048576 comm 0x1881460 
crdnotebook-2076293935161401346-scnv1ejp8d-97304:5806:5806 [3] NCCL INFO Global rank 3 : opCount 0 slicesteps 2 spl 3 cpl 4 nbytes 262144 -> protocol Simple algorithm Ring nchannels 4 , nloops 1 nsteps 12 chunksize 1048576 comm 0x1881460 
crdnotebook-2076293935161401346-scnv1ejp8d-97304:5803:5803 [0] NCCL INFO Global rank 0 : opCount 0 slicesteps 2 spl 3 cpl 4 nbytes 262144 -> protocol Simple algorithm Ring nchannels 4 , nloops 1 nsteps 12 chunksize 1048576 comm 0x2510fc0 
crdnotebook-2076293935161401346-scnv1ejp8d-97304:5803:5803 [0] NCCL INFO AllGather: opCount 3b sendbuff 0x7fe914200000 recvbuff 0x7fe914300000 count 65536 datatype 7 op 0 root 0 comm 0x2510fc0 [nranks=4] stream 0x2510a60 task 0 globalrank 0
crdnotebook-2076293935161401346-scnv1ejp8d-97304:5803:5803 [0] NCCL INFO 1048576 Bytes -> Algo 1 proto 2 time 113.059029
crdnotebook-2076293935161401346-scnv1ejp8d-97304:5803:5803 [0] NCCL INFO Global rank 0 : opCount 0 slicesteps 2 spl 3 cpl 4 nbytes 262144 -> protocol Simple algorithm Ring nchannels 4 , nloops 1 nsteps 12 chunksize 1048576 comm 0x2510fc0 
crdnotebook-2076293935161401346-scnv1ejp8d-97304:5803:5803 [0] NCCL INFO Global rank 0 : opCount 0 slicesteps 2 spl 3 cpl 4 nbytes 262144 -> protocol Simple algorithm Ring nchannels 4 , nloops 1 nsteps 12 chunksize 1048576 comm 0x2510fc0 
crdnotebook-2076293935161401346-scnv1ejp8d-97304:5803:5803 [0] NCCL INFO Global rank 0 : opCount 0 slicesteps 2 spl 3 cpl 4 nbytes 262144 -> protocol Simple algorithm Ring nchannels 4 , nloops 1 nsteps 12 chunksize 1048576 comm 0x2510fc0 
crdnotebook-2076293935161401346-scnv1ejp8d-97304:5803:5803 [0] NCCL INFO AllGather: opCount 3c sendbuff 0x7fe914200000 recvbuff 0x7fe914300000 count 65536 datatype 7 op 0 root 0 comm 0x2510fc0 [nranks=4] stream 0x2510a60 task 0 globalrank 0
crdnotebook-2076293935161401346-scnv1ejp8d-97304:5803:5803 [0] NCCL INFO 1048576 Bytes -> Algo 1 proto 2 time 113.059029
crdnotebook-2076293935161401346-scnv1ejp8d-97304:5803:5803 [0] NCCL INFO Global rank 0 : opCount 0 slicesteps 2 spl 3 cpl 4 nbytes 262144 -> protocol Simple algorithm Ring nchannels 4 , nloops 1 nsteps 12 chunksize 1048576 comm 0x2510fc0 
crdnotebook-2076293935161401346-scnv1ejp8d-97304:5803:5803 [0] NCCL INFO Global rank 0 : opCount 0 slicesteps 2 spl 3 cpl 4 nbytes 262144 -> protocol Simple algorithm Ring nchannels 4 , nloops 1 nsteps 12 chunksize 1048576 comm 0x2510fc0 
crdnotebook-2076293935161401346-scnv1ejp8d-97304:5803:5803 [0] NCCL INFO Global rank 0 : opCount 0 slicesteps 2 spl 3 cpl 4 nbytes 262144 -> protocol Simple algorithm Ring nchannels 4 , nloops 1 nsteps 12 chunksize 1048576 comm 0x2510fc0 
crdnotebook-2076293935161401346-scnv1ejp8d-97304:5805:5805 [2] NCCL INFO Global rank 2 : opCount 0 slicesteps 2 spl 3 cpl 4 nbytes 262144 -> protocol Simple algorithm Ring nchannels 4 , nloops 1 nsteps 12 chunksize 1048576 comm 0x20dd4f0 
crdnotebook-2076293935161401346-scnv1ejp8d-97304:5805:5805 [2] NCCL INFO Global rank 2 : opCount 0 slicesteps 2 spl 3 cpl 4 nbytes 262144 -> protocol Simple algorithm Ring nchannels 4 , nloops 1 nsteps 12 chunksize 1048576 comm 0x20dd4f0 
crdnotebook-2076293935161401346-scnv1ejp8d-97304:5805:5805 [2] NCCL INFO Global rank 2 : opCount 0 slicesteps 2 spl 3 cpl 4 nbytes 262144 -> protocol Simple algorithm Ring nchannels 4 , nloops 1 nsteps 12 chunksize 1048576 comm 0x20dd4f0 
crdnotebook-2076293935161401346-scnv1ejp8d-97304:5805:5805 [2] NCCL INFO AllGather: opCount 46 sendbuff 0x7f62a6400000 recvbuff 0x7f62a6500000 count 65536 datatype 7 op 0 root 0 comm 0x20dd4f0 [nranks=4] stream 0x20da270 task 0 globalrank 2
crdnotebook-2076293935161401346-scnv1ejp8d-97304:5805:5805 [2] NCCL INFO Global rank 2 : opCount 0 slicesteps 2 spl 3 cpl 4 nbytes 262144 -> protocol Simple algorithm Ring nchannels 4 , nloops 1 nsteps 12 chunksize 1048576 comm 0x20dd4f0 
crdnotebook-2076293935161401346-scnv1ejp8d-97304:5805:5805 [2] NCCL INFO Global rank 2 : opCount 0 slicesteps 2 spl 3 cpl 4 nbytes 262144 -> protocol Simple algorithm Ring nchannels 4 , nloops 1 nsteps 12 chunksize 1048576 comm 0x20dd4f0 
crdnotebook-2076293935161401346-scnv1ejp8d-97304:5805:5805 [2] NCCL INFO Global rank 2 : opCount 0 slicesteps 2 spl 3 cpl 4 nbytes 262144 -> protocol Simple algorithm Ring nchannels 4 , nloops 1 nsteps 12 chunksize 1048576 comm 0x20dd4f0 
crdnotebook-2076293935161401346-scnv1ejp8d-97304:5804:5804 [1] NCCL INFO AllGather: opCount 44 sendbuff 0x7f4a57000000 recvbuff 0x7f4a57100000 count 65536 datatype 7 op 0 root 0 comm 0x15076d0 [nranks=4] stream 0x1504430 task 0 globalrank 1
crdnotebook-2076293935161401346-scnv1ejp8d-97304:5804:5804 [1] NCCL INFO Global rank 1 : opCount 0 slicesteps 2 spl 3 cpl 4 nbytes 262144 -> protocol Simple algorithm Ring nchannels 4 , nloops 1 nsteps 12 chunksize 1048576 comm 0x15076d0 
crdnotebook-2076293935161401346-scnv1ejp8d-97304:5804:5804 [1] NCCL INFO Global rank 1 : opCount 0 slicesteps 2 spl 3 cpl 4 nbytes 262144 -> protocol Simple algorithm Ring nchannels 4 , nloops 1 nsteps 12 chunksize 1048576 comm 0x15076d0 
crdnotebook-2076293935161401346-scnv1ejp8d-97304:5804:5804 [1] NCCL INFO Global rank 1 : opCount 0 slicesteps 2 spl 3 cpl 4 nbytes 262144 -> protocol Simple algorithm Ring nchannels 4 , nloops 1 nsteps 12 chunksize 1048576 comm 0x15076d0 
crdnotebook-2076293935161401346-scnv1ejp8d-97304:5804:5804 [1] NCCL INFO AllGather: opCount 45 sendbuff 0x7f4a57000000 recvbuff 0x7f4a57100000 count 65536 datatype 7 op 0 root 0 comm 0x15076d0 [nranks=4] stream 0x1504430 task 0 globalrank 1
crdnotebook-2076293935161401346-scnv1ejp8d-97304:5804:5804 [1] NCCL INFO Global rank 1 : opCount 0 slicesteps 2 spl 3 cpl 4 nbytes 262144 -> protocol Simple algorithm Ring nchannels 4 , nloops 1 nsteps 12 chunksize 1048576 comm 0x15076d0 
crdnotebook-2076293935161401346-scnv1ejp8d-97304:5804:5804 [1] NCCL INFO Global rank 1 : opCount 0 slicesteps 2 spl 3 cpl 4 nbytes 262144 -> protocol Simple algorithm Ring nchannels 4 , nloops 1 nsteps 12 chunksize 1048576 comm 0x15076d0 
crdnotebook-2076293935161401346-scnv1ejp8d-97304:5804:5804 [1] NCCL INFO Global rank 1 : opCount 0 slicesteps 2 spl 3 cpl 4 nbytes 262144 -> protocol Simple algorithm Ring nchannels 4 , nloops 1 nsteps 12 chunksize 1048576 comm 0x15076d0 
crdnotebook-2076293935161401346-scnv1ejp8d-97304:5803:5803 [0] NCCL INFO AllGather: opCount 3d sendbuff 0x7fe914200000 recvbuff 0x7fe914300000 count 65536 datatype 7 op 0 root 0 comm 0x2510fc0 [nranks=4] stream 0x2510a60 task 0 globalrank 0
crdnotebook-2076293935161401346-scnv1ejp8d-97304:5803:5803 [0] NCCL INFO 1048576 Bytes -> Algo 1 proto 2 time 113.059029
crdnotebook-2076293935161401346-scnv1ejp8d-97304:5803:5803 [0] NCCL INFO Global rank 0 : opCount 0 slicesteps 2 spl 3 cpl 4 nbytes 262144 -> protocol Simple algorithm Ring nchannels 4 , nloops 1 nsteps 12 chunksize 1048576 comm 0x2510fc0 
crdnotebook-2076293935161401346-scnv1ejp8d-97304:5803:5803 [0] NCCL INFO Global rank 0 : opCount 0 slicesteps 2 spl 3 cpl 4 nbytes 262144 -> protocol Simple algorithm Ring nchannels 4 , nloops 1 nsteps 12 chunksize 1048576 comm 0x2510fc0 
crdnotebook-2076293935161401346-scnv1ejp8d-97304:5803:5803 [0] NCCL INFO Global rank 0 : opCount 0 slicesteps 2 spl 3 cpl 4 nbytes 262144 -> protocol Simple algorithm Ring nchannels 4 , nloops 1 nsteps 12 chunksize 1048576 comm 0x2510fc0 
crdnotebook-2076293935161401346-scnv1ejp8d-97304:5803:5803 [0] NCCL INFO AllGather: opCount 3e sendbuff 0x7fe914200000 recvbuff 0x7fe914300000 count 65536 datatype 7 op 0 root 0 comm 0x2510fc0 [nranks=4] stream 0x2510a60 task 0 globalrank 0
crdnotebook-2076293935161401346-scnv1ejp8d-97304:5803:5803 [0] NCCL INFO 1048576 Bytes -> Algo 1 proto 2 time 113.059029
crdnotebook-2076293935161401346-scnv1ejp8d-97304:5804:5804 [1] NCCL INFO AllGather: opCount 46 sendbuff 0x7f4a57000000 recvbuff 0x7f4a57100000 count 65536 datatype 7 op 0 root 0 comm 0x15076d0 [nranks=4] stream 0x1504430 task 0 globalrank 1
crdnotebook-2076293935161401346-scnv1ejp8d-97304:5804:5804 [1] NCCL INFO Global rank 1 : opCount 0 slicesteps 2 spl 3 cpl 4 nbytes 262144 -> protocol Simple algorithm Ring nchannels 4 , nloops 1 nsteps 12 chunksize 1048576 comm 0x15076d0 
crdnotebook-2076293935161401346-scnv1ejp8d-97304:5804:5804 [1] NCCL INFO Global rank 1 : opCount 0 slicesteps 2 spl 3 cpl 4 nbytes 262144 -> protocol Simple algorithm Ring nchannels 4 , nloops 1 nsteps 12 chunksize 1048576 comm 0x15076d0 
crdnotebook-2076293935161401346-scnv1ejp8d-97304:5804:5804 [1] NCCL INFO Global rank 1 : opCount 0 slicesteps 2 spl 3 cpl 4 nbytes 262144 -> protocol Simple algorithm Ring nchannels 4 , nloops 1 nsteps 12 chunksize 1048576 comm 0x15076d0 
crdnotebook-2076293935161401346-scnv1ejp8d-97304:5803:5803 [0] NCCL INFO Global rank 0 : opCount 0 slicesteps 2 spl 3 cpl 4 nbytes 262144 -> protocol Simple algorithm Ring nchannels 4 , nloops 1 nsteps 12 chunksize 1048576 comm 0x2510fc0 
crdnotebook-2076293935161401346-scnv1ejp8d-97304:5803:5803 [0] NCCL INFO Global rank 0 : opCount 0 slicesteps 2 spl 3 cpl 4 nbytes 262144 -> protocol Simple algorithm Ring nchannels 4 , nloops 1 nsteps 12 chunksize 1048576 comm 0x2510fc0 
crdnotebook-2076293935161401346-scnv1ejp8d-97304:5803:5803 [0] NCCL INFO Global rank 0 : opCount 0 slicesteps 2 spl 3 cpl 4 nbytes 262144 -> protocol Simple algorithm Ring nchannels 4 , nloops 1 nsteps 12 chunksize 1048576 comm 0x2510fc0 
crdnotebook-2076293935161401346-scnv1ejp8d-97304:5803:5803 [0] NCCL INFO AllGather: opCount 3f sendbuff 0x7fe914200000 recvbuff 0x7fe914300000 count 65536 datatype 7 op 0 root 0 comm 0x2510fc0 [nranks=4] stream 0x2510a60 task 0 globalrank 0
crdnotebook-2076293935161401346-scnv1ejp8d-97304:5803:5803 [0] NCCL INFO 1048576 Bytes -> Algo 1 proto 2 time 113.059029
crdnotebook-2076293935161401346-scnv1ejp8d-97304:5803:5803 [0] NCCL INFO Global rank 0 : opCount 0 slicesteps 2 spl 3 cpl 4 nbytes 262144 -> protocol Simple algorithm Ring nchannels 4 , nloops 1 nsteps 12 chunksize 1048576 comm 0x2510fc0 
crdnotebook-2076293935161401346-scnv1ejp8d-97304:5803:5803 [0] NCCL INFO Global rank 0 : opCount 0 slicesteps 2 spl 3 cpl 4 nbytes 262144 -> protocol Simple algorithm Ring nchannels 4 , nloops 1 nsteps 12 chunksize 1048576 comm 0x2510fc0 
crdnotebook-2076293935161401346-scnv1ejp8d-97304:5803:5803 [0] NCCL INFO Global rank 0 : opCount 0 slicesteps 2 spl 3 cpl 4 nbytes 262144 -> protocol Simple algorithm Ring nchannels 4 , nloops 1 nsteps 12 chunksize 1048576 comm 0x2510fc0 
crdnotebook-2076293935161401346-scnv1ejp8d-97304:5803:5803 [0] NCCL INFO AllGather: opCount 40 sendbuff 0x7fe914200000 recvbuff 0x7fe914300000 count 65536 datatype 7 op 0 root 0 comm 0x2510fc0 [nranks=4] stream 0x2510a60 task 0 globalrank 0
crdnotebook-2076293935161401346-scnv1ejp8d-97304:5803:5803 [0] NCCL INFO 1048576 Bytes -> Algo 1 proto 2 time 113.059029
crdnotebook-2076293935161401346-scnv1ejp8d-97304:5803:5803 [0] NCCL INFO Global rank 0 : opCount 0 slicesteps 2 spl 3 cpl 4 nbytes 262144 -> protocol Simple algorithm Ring nchannels 4 , nloops 1 nsteps 12 chunksize 1048576 comm 0x2510fc0 
crdnotebook-2076293935161401346-scnv1ejp8d-97304:5803:5803 [0] NCCL INFO Global rank 0 : opCount 0 slicesteps 2 spl 3 cpl 4 nbytes 262144 -> protocol Simple algorithm Ring nchannels 4 , nloops 1 nsteps 12 chunksize 1048576 comm 0x2510fc0 
crdnotebook-2076293935161401346-scnv1ejp8d-97304:5803:5803 [0] NCCL INFO Global rank 0 : opCount 0 slicesteps 2 spl 3 cpl 4 nbytes 262144 -> protocol Simple algorithm Ring nchannels 4 , nloops 1 nsteps 12 chunksize 1048576 comm 0x2510fc0 
crdnotebook-2076293935161401346-scnv1ejp8d-97304:5803:5803 [0] NCCL INFO AllGather: opCount 41 sendbuff 0x7fe914200000 recvbuff 0x7fe914300000 count 65536 datatype 7 op 0 root 0 comm 0x2510fc0 [nranks=4] stream 0x2510a60 task 0 globalrank 0
crdnotebook-2076293935161401346-scnv1ejp8d-97304:5803:5803 [0] NCCL INFO 1048576 Bytes -> Algo 1 proto 2 time 113.059029
crdnotebook-2076293935161401346-scnv1ejp8d-97304:5803:5803 [0] NCCL INFO Global rank 0 : opCount 0 slicesteps 2 spl 3 cpl 4 nbytes 262144 -> protocol Simple algorithm Ring nchannels 4 , nloops 1 nsteps 12 chunksize 1048576 comm 0x2510fc0 
crdnotebook-2076293935161401346-scnv1ejp8d-97304:5803:5803 [0] NCCL INFO Global rank 0 : opCount 0 slicesteps 2 spl 3 cpl 4 nbytes 262144 -> protocol Simple algorithm Ring nchannels 4 , nloops 1 nsteps 12 chunksize 1048576 comm 0x2510fc0 
crdnotebook-2076293935161401346-scnv1ejp8d-97304:5803:5803 [0] NCCL INFO Global rank 0 : opCount 0 slicesteps 2 spl 3 cpl 4 nbytes 262144 -> protocol Simple algorithm Ring nchannels 4 , nloops 1 nsteps 12 chunksize 1048576 comm 0x2510fc0 
crdnotebook-2076293935161401346-scnv1ejp8d-97304:5803:5803 [0] NCCL INFO AllGather: opCount 42 sendbuff 0x7fe914200000 recvbuff 0x7fe914300000 count 65536 datatype 7 op 0 root 0 comm 0x2510fc0 [nranks=4] stream 0x2510a60 task 0 globalrank 0
crdnotebook-2076293935161401346-scnv1ejp8d-97304:5803:5803 [0] NCCL INFO 1048576 Bytes -> Algo 1 proto 2 time 113.059029
crdnotebook-2076293935161401346-scnv1ejp8d-97304:5803:5803 [0] NCCL INFO Global rank 0 : opCount 0 slicesteps 2 spl 3 cpl 4 nbytes 262144 -> protocol Simple algorithm Ring nchannels 4 , nloops 1 nsteps 12 chunksize 1048576 comm 0x2510fc0 
crdnotebook-2076293935161401346-scnv1ejp8d-97304:5803:5803 [0] NCCL INFO Global rank 0 : opCount 0 slicesteps 2 spl 3 cpl 4 nbytes 262144 -> protocol Simple algorithm Ring nchannels 4 , nloops 1 nsteps 12 chunksize 1048576 comm 0x2510fc0 
crdnotebook-2076293935161401346-scnv1ejp8d-97304:5803:5803 [0] NCCL INFO Global rank 0 : opCount 0 slicesteps 2 spl 3 cpl 4 nbytes 262144 -> protocol Simple algorithm Ring nchannels 4 , nloops 1 nsteps 12 chunksize 1048576 comm 0x2510fc0 
crdnotebook-2076293935161401346-scnv1ejp8d-97304:5803:5803 [0] NCCL INFO AllGather: opCount 43 sendbuff 0x7fe914200000 recvbuff 0x7fe914300000 count 65536 datatype 7 op 0 root 0 comm 0x2510fc0 [nranks=4] stream 0x2510a60 task 0 globalrank 0
crdnotebook-2076293935161401346-scnv1ejp8d-97304:5803:5803 [0] NCCL INFO 1048576 Bytes -> Algo 1 proto 2 time 113.059029
crdnotebook-2076293935161401346-scnv1ejp8d-97304:5803:5803 [0] NCCL INFO Global rank 0 : opCount 0 slicesteps 2 spl 3 cpl 4 nbytes 262144 -> protocol Simple algorithm Ring nchannels 4 , nloops 1 nsteps 12 chunksize 1048576 comm 0x2510fc0 
crdnotebook-2076293935161401346-scnv1ejp8d-97304:5803:5803 [0] NCCL INFO Global rank 0 : opCount 0 slicesteps 2 spl 3 cpl 4 nbytes 262144 -> protocol Simple algorithm Ring nchannels 4 , nloops 1 nsteps 12 chunksize 1048576 comm 0x2510fc0 
crdnotebook-2076293935161401346-scnv1ejp8d-97304:5803:5803 [0] NCCL INFO Global rank 0 : opCount 0 slicesteps 2 spl 3 cpl 4 nbytes 262144 -> protocol Simple algorithm Ring nchannels 4 , nloops 1 nsteps 12 chunksize 1048576 comm 0x2510fc0 
crdnotebook-2076293935161401346-scnv1ejp8d-97304:5803:5803 [0] NCCL INFO AllGather: opCount 44 sendbuff 0x7fe914200000 recvbuff 0x7fe914300000 count 65536 datatype 7 op 0 root 0 comm 0x2510fc0 [nranks=4] stream 0x2510a60 task 0 globalrank 0
crdnotebook-2076293935161401346-scnv1ejp8d-97304:5803:5803 [0] NCCL INFO 1048576 Bytes -> Algo 1 proto 2 time 113.059029
crdnotebook-2076293935161401346-scnv1ejp8d-97304:5803:5803 [0] NCCL INFO Global rank 0 : opCount 0 slicesteps 2 spl 3 cpl 4 nbytes 262144 -> protocol Simple algorithm Ring nchannels 4 , nloops 1 nsteps 12 chunksize 1048576 comm 0x2510fc0 
crdnotebook-2076293935161401346-scnv1ejp8d-97304:5803:5803 [0] NCCL INFO Global rank 0 : opCount 0 slicesteps 2 spl 3 cpl 4 nbytes 262144 -> protocol Simple algorithm Ring nchannels 4 , nloops 1 nsteps 12 chunksize 1048576 comm 0x2510fc0 
crdnotebook-2076293935161401346-scnv1ejp8d-97304:5803:5803 [0] NCCL INFO Global rank 0 : opCount 0 slicesteps 2 spl 3 cpl 4 nbytes 262144 -> protocol Simple algorithm Ring nchannels 4 , nloops 1 nsteps 12 chunksize 1048576 comm 0x2510fc0 
crdnotebook-2076293935161401346-scnv1ejp8d-97304:5803:5803 [0] NCCL INFO AllGather: opCount 45 sendbuff 0x7fe914200000 recvbuff 0x7fe914300000 count 65536 datatype 7 op 0 root 0 comm 0x2510fc0 [nranks=4] stream 0x2510a60 task 0 globalrank 0
crdnotebook-2076293935161401346-scnv1ejp8d-97304:5803:5803 [0] NCCL INFO 1048576 Bytes -> Algo 1 proto 2 time 113.059029
crdnotebook-2076293935161401346-scnv1ejp8d-97304:5803:5803 [0] NCCL INFO Global rank 0 : opCount 0 slicesteps 2 spl 3 cpl 4 nbytes 262144 -> protocol Simple algorithm Ring nchannels 4 , nloops 1 nsteps 12 chunksize 1048576 comm 0x2510fc0 
crdnotebook-2076293935161401346-scnv1ejp8d-97304:5803:5803 [0] NCCL INFO Global rank 0 : opCount 0 slicesteps 2 spl 3 cpl 4 nbytes 262144 -> protocol Simple algorithm Ring nchannels 4 , nloops 1 nsteps 12 chunksize 1048576 comm 0x2510fc0 
crdnotebook-2076293935161401346-scnv1ejp8d-97304:5803:5803 [0] NCCL INFO Global rank 0 : opCount 0 slicesteps 2 spl 3 cpl 4 nbytes 262144 -> protocol Simple algorithm Ring nchannels 4 , nloops 1 nsteps 12 chunksize 1048576 comm 0x2510fc0 
crdnotebook-2076293935161401346-scnv1ejp8d-97304:5803:5803 [0] NCCL INFO AllGather: opCount 46 sendbuff 0x7fe914200000 recvbuff 0x7fe914300000 count 65536 datatype 7 op 0 root 0 comm 0x2510fc0 [nranks=4] stream 0x2510a60 task 0 globalrank 0
crdnotebook-2076293935161401346-scnv1ejp8d-97304:5803:5803 [0] NCCL INFO 1048576 Bytes -> Algo 1 proto 2 time 113.059029
crdnotebook-2076293935161401346-scnv1ejp8d-97304:5803:5803 [0] NCCL INFO Global rank 0 : opCount 0 slicesteps 2 spl 3 cpl 4 nbytes 262144 -> protocol Simple algorithm Ring nchannels 4 , nloops 1 nsteps 12 chunksize 1048576 comm 0x2510fc0 
crdnotebook-2076293935161401346-scnv1ejp8d-97304:5803:5803 [0] NCCL INFO Global rank 0 : opCount 0 slicesteps 2 spl 3 cpl 4 nbytes 262144 -> protocol Simple algorithm Ring nchannels 4 , nloops 1 nsteps 12 chunksize 1048576 comm 0x2510fc0 
crdnotebook-2076293935161401346-scnv1ejp8d-97304:5803:5803 [0] NCCL INFO Global rank 0 : opCount 0 slicesteps 2 spl 3 cpl 4 nbytes 262144 -> protocol Simple algorithm Ring nchannels 4 , nloops 1 nsteps 12 chunksize 1048576 comm 0x2510fc0 
crdnotebook-2076293935161401346-scnv1ejp8d-97304:5804:5804 [1] NCCL INFO AllGather: opCount 47 sendbuff 0x7f4a57000000 recvbuff 0x7f4a57100000 count 65536 datatype 7 op 0 root 0 comm 0x15076d0 [nranks=4] stream 0x1504430 task 0 globalrank 1
crdnotebook-2076293935161401346-scnv1ejp8d-97304:5804:5804 [1] NCCL INFO Global rank 1 : opCount 0 slicesteps 2 spl 3 cpl 4 nbytes 262144 -> protocol Simple algorithm Ring nchannels 4 , nloops 1 nsteps 12 chunksize 1048576 comm 0x15076d0 
crdnotebook-2076293935161401346-scnv1ejp8d-97304:5805:5805 [2] NCCL INFO AllGather: opCount 47 sendbuff 0x7f62a6400000 recvbuff 0x7f62a6500000 count 65536 datatype 7 op 0 root 0 comm 0x20dd4f0 [nranks=4] stream 0x20da270 task 0 globalrank 2
crdnotebook-2076293935161401346-scnv1ejp8d-97304:5805:5805 [2] NCCL INFO Global rank 2 : opCount 0 slicesteps 2 spl 3 cpl 4 nbytes 262144 -> protocol Simple algorithm Ring nchannels 4 , nloops 1 nsteps 12 chunksize 1048576 comm 0x20dd4f0 
crdnotebook-2076293935161401346-scnv1ejp8d-97304:5805:5805 [2] NCCL INFO Global rank 2 : opCount 0 slicesteps 2 spl 3 cpl 4 nbytes 262144 -> protocol Simple algorithm Ring nchannels 4 , nloops 1 nsteps 12 chunksize 1048576 comm 0x20dd4f0 
crdnotebook-2076293935161401346-scnv1ejp8d-97304:5805:5805 [2] NCCL INFO Global rank 2 : opCount 0 slicesteps 2 spl 3 cpl 4 nbytes 262144 -> protocol Simple algorithm Ring nchannels 4 , nloops 1 nsteps 12 chunksize 1048576 comm 0x20dd4f0 
crdnotebook-2076293935161401346-scnv1ejp8d-97304:5806:5806 [3] NCCL INFO AllGather: opCount 47 sendbuff 0x7fab9de00000 recvbuff 0x7fab9df00000 count 65536 datatype 7 op 0 root 0 comm 0x1881460 [nranks=4] stream 0x187e190 task 0 globalrank 3
crdnotebook-2076293935161401346-scnv1ejp8d-97304:5806:5806 [3] NCCL INFO Global rank 3 : opCount 0 slicesteps 2 spl 3 cpl 4 nbytes 262144 -> protocol Simple algorithm Ring nchannels 4 , nloops 1 nsteps 12 chunksize 1048576 comm 0x1881460 
crdnotebook-2076293935161401346-scnv1ejp8d-97304:5806:5806 [3] NCCL INFO Global rank 3 : opCount 0 slicesteps 2 spl 3 cpl 4 nbytes 262144 -> protocol Simple algorithm Ring nchannels 4 , nloops 1 nsteps 12 chunksize 1048576 comm 0x1881460 
crdnotebook-2076293935161401346-scnv1ejp8d-97304:5806:5806 [3] NCCL INFO Global rank 3 : opCount 0 slicesteps 2 spl 3 cpl 4 nbytes 262144 -> protocol Simple algorithm Ring nchannels 4 , nloops 1 nsteps 12 chunksize 1048576 comm 0x1881460 
crdnotebook-2076293935161401346-scnv1ejp8d-97304:5803:5803 [0] NCCL INFO AllGather: opCount 47 sendbuff 0x7fe914200000 recvbuff 0x7fe914300000 count 65536 datatype 7 op 0 root 0 comm 0x2510fc0 [nranks=4] stream 0x2510a60 task 0 globalrank 0
crdnotebook-2076293935161401346-scnv1ejp8d-97304:5803:5803 [0] NCCL INFO 1048576 Bytes -> Algo 1 proto 2 time 113.059029
crdnotebook-2076293935161401346-scnv1ejp8d-97304:5803:5803 [0] NCCL INFO Global rank 0 : opCount 0 slicesteps 2 spl 3 cpl 4 nbytes 262144 -> protocol Simple algorithm Ring nchannels 4 , nloops 1 nsteps 12 chunksize 1048576 comm 0x2510fc0 
crdnotebook-2076293935161401346-scnv1ejp8d-97304:5803:5803 [0] NCCL INFO Global rank 0 : opCount 0 slicesteps 2 spl 3 cpl 4 nbytes 262144 -> protocol Simple algorithm Ring nchannels 4 , nloops 1 nsteps 12 chunksize 1048576 comm 0x2510fc0 
crdnotebook-2076293935161401346-scnv1ejp8d-97304:5803:5803 [0] NCCL INFO Global rank 0 : opCount 0 slicesteps 2 spl 3 cpl 4 nbytes 262144 -> protocol Simple algorithm Ring nchannels 4 , nloops 1 nsteps 12 chunksize 1048576 comm 0x2510fc0 
crdnotebook-2076293935161401346-scnv1ejp8d-97304:5804:5804 [1] NCCL INFO Global rank 1 : opCount 0 slicesteps 2 spl 3 cpl 4 nbytes 262144 -> protocol Simple algorithm Ring nchannels 4 , nloops 1 nsteps 12 chunksize 1048576 comm 0x15076d0 
crdnotebook-2076293935161401346-scnv1ejp8d-97304:5804:5804 [1] NCCL INFO Global rank 1 : opCount 0 slicesteps 2 spl 3 cpl 4 nbytes 262144 -> protocol Simple algorithm Ring nchannels 4 , nloops 1 nsteps 12 chunksize 1048576 comm 0x15076d0 
    122.9    8.53    6.40      0
crdnotebook-2076293935161401346-scnv1ejp8d-97304:5805:5805 [2] NCCL INFO comm 0x20dd4f0 rank 2 nranks 4 cudaDev 2 busId 43000 - Destroy COMPLETE
crdnotebook-2076293935161401346-scnv1ejp8d-97304:5803:5803 [0] NCCL INFO comm 0x2510fc0 rank 0 nranks 4 cudaDev 0 busId 4000 - Destroy COMPLETE
# Errors with asterisks indicate errors that have exceeded the maximum threshold.
# Out of bounds values : 0 OK
# Avg bus bandwidth    : 6.39978 
#
# Collective test concluded: all_gather_perf
crdnotebook-2076293935161401346-scnv1ejp8d-97304:5804:5804 [1] NCCL INFO comm 0x15076d0 rank 1 nranks 4 cudaDev 1 busId 27000 - Destroy COMPLETE
crdnotebook-2076293935161401346-scnv1ejp8d-97304:5806:5806 [3] NCCL INFO comm 0x1881460 rank 3 nranks 4 cudaDev 3 busId 63000 - Destroy COMPLETE

