case	collective	size	config	channels	visible_devices	exit_status	log	csv
channels_r1_allgather_1M_ring_simple_ch1	allgather	1M	ring_simple	1	0,1,2,3	0	/root/private_data/lyc/2ndpaper/results/k500sm_ai_gfx928_4gpu/20260825T102643Z/logs/channels_r1_allgather_1M_ring_simple_ch1.log	/root/private_data/lyc/2ndpaper/results/k500sm_ai_gfx928_4gpu/20260825T102643Z/csv/channels_r1_allgather_1M_ring_simple_ch1.csv
channels_r2_allgather_1M_ring_simple_ch1	allgather	1M	ring_simple	1	0,1,2,3	0	/root/private_data/lyc/2ndpaper/results/k500sm_ai_gfx928_4gpu/20260825T102643Z/logs/channels_r2_allgather_1M_ring_simple_ch1.log	/root/private_data/lyc/2ndpaper/results/k500sm_ai_gfx928_4gpu/20260825T102643Z/csv/channels_r2_allgather_1M_ring_simple_ch1.csv
channels_r3_allgather_1M_ring_simple_ch1	allgather	1M	ring_simple	1	0,1,2,3	0	/root/private_data/lyc/2ndpaper/results/k500sm_ai_gfx928_4gpu/20260825T102643Z/logs/channels_r3_allgather_1M_ring_simple_ch1.log	/root/private_data/lyc/2ndpaper/results/k500sm_ai_gfx928_4gpu/20260825T102643Z/csv/channels_r3_allgather_1M_ring_simple_ch1.csv
channels_r1_allgather_1M_ring_simple_ch2	allgather	1M	ring_simple	2	0,1,2,3	0	/root/private_data/lyc/2ndpaper/results/k500sm_ai_gfx928_4gpu/20260825T102643Z/logs/channels_r1_allgather_1M_ring_simple_ch2.log	/root/private_data/lyc/2ndpaper/results/k500sm_ai_gfx928_4gpu/20260825T102643Z/csv/channels_r1_allgather_1M_ring_simple_ch2.csv
channels_r2_allgather_1M_ring_simple_ch2	allgather	1M	ring_simple	2	0,1,2,3	0	/root/private_data/lyc/2ndpaper/results/k500sm_ai_gfx928_4gpu/20260825T102643Z/logs/channels_r2_allgather_1M_ring_simple_ch2.log	/root/private_data/lyc/2ndpaper/results/k500sm_ai_gfx928_4gpu/20260825T102643Z/csv/channels_r2_allgather_1M_ring_simple_ch2.csv
channels_r3_allgather_1M_ring_simple_ch2	allgather	1M	ring_simple	2	0,1,2,3	0	/root/private_data/lyc/2ndpaper/results/k500sm_ai_gfx928_4gpu/20260825T102643Z/logs/channels_r3_allgather_1M_ring_simple_ch2.log	/root/private_data/lyc/2ndpaper/results/k500sm_ai_gfx928_4gpu/20260825T102643Z/csv/channels_r3_allgather_1M_ring_simple_ch2.csv
channels_r1_allgather_1M_ring_simple_ch4	allgather	1M	ring_simple	4	0,1,2,3	0	/root/private_data/lyc/2ndpaper/results/k500sm_ai_gfx928_4gpu/20260825T102643Z/logs/channels_r1_allgather_1M_ring_simple_ch4.log	/root/private_data/lyc/2ndpaper/results/k500sm_ai_gfx928_4gpu/20260825T102643Z/csv/channels_r1_allgather_1M_ring_simple_ch4.csv
channels_r2_allgather_1M_ring_simple_ch4	allgather	1M	ring_simple	4	0,1,2,3	0	/root/private_data/lyc/2ndpaper/results/k500sm_ai_gfx928_4gpu/20260825T102643Z/logs/channels_r2_allgather_1M_ring_simple_ch4.log	/root/private_data/lyc/2ndpaper/results/k500sm_ai_gfx928_4gpu/20260825T102643Z/csv/channels_r2_allgather_1M_ring_simple_ch4.csv
channels_r3_allgather_1M_ring_simple_ch4	allgather	1M	ring_simple	4	0,1,2,3	0	/root/private_data/lyc/2ndpaper/results/k500sm_ai_gfx928_4gpu/20260825T102643Z/logs/channels_r3_allgather_1M_ring_simple_ch4.log	/root/private_data/lyc/2ndpaper/results/k500sm_ai_gfx928_4gpu/20260825T102643Z/csv/channels_r3_allgather_1M_ring_simple_ch4.csv
channels_r1_allgather_1M_ring_simple_ch8	allgather	1M	ring_simple	8	0,1,2,3	0	/root/private_data/lyc/2ndpaper/results/k500sm_ai_gfx928_4gpu/20260825T102643Z/logs/channels_r1_allgather_1M_ring_simple_ch8.log	/root/private_data/lyc/2ndpaper/results/k500sm_ai_gfx928_4gpu/20260825T102643Z/csv/channels_r1_allgather_1M_ring_simple_ch8.csv
channels_r2_allgather_1M_ring_simple_ch8	allgather	1M	ring_simple	8	0,1,2,3	0	/root/private_data/lyc/2ndpaper/results/k500sm_ai_gfx928_4gpu/20260825T102643Z/logs/channels_r2_allgather_1M_ring_simple_ch8.log	/root/private_data/lyc/2ndpaper/results/k500sm_ai_gfx928_4gpu/20260825T102643Z/csv/channels_r2_allgather_1M_ring_simple_ch8.csv
channels_r3_allgather_1M_ring_simple_ch8	allgather	1M	ring_simple	8	0,1,2,3	0	/root/private_data/lyc/2ndpaper/results/k500sm_ai_gfx928_4gpu/20260825T102643Z/logs/channels_r3_allgather_1M_ring_simple_ch8.log	/root/private_data/lyc/2ndpaper/results/k500sm_ai_gfx928_4gpu/20260825T102643Z/csv/channels_r3_allgather_1M_ring_simple_ch8.csv
channels_r1_allgather_1M_ring_ll_ch1	allgather	1M	ring_ll	1	0,1,2,3	0	/root/private_data/lyc/2ndpaper/results/k500sm_ai_gfx928_4gpu/20260825T102643Z/logs/channels_r1_allgather_1M_ring_ll_ch1.log	/root/private_data/lyc/2ndpaper/results/k500sm_ai_gfx928_4gpu/20260825T102643Z/csv/channels_r1_allgather_1M_ring_ll_ch1.csv
channels_r2_allgather_1M_ring_ll_ch1	allgather	1M	ring_ll	1	0,1,2,3	0	/root/private_data/lyc/2ndpaper/results/k500sm_ai_gfx928_4gpu/20260825T102643Z/logs/channels_r2_allgather_1M_ring_ll_ch1.log	/root/private_data/lyc/2ndpaper/results/k500sm_ai_gfx928_4gpu/20260825T102643Z/csv/channels_r2_allgather_1M_ring_ll_ch1.csv
channels_r3_allgather_1M_ring_ll_ch1	allgather	1M	ring_ll	1	0,1,2,3	0	/root/private_data/lyc/2ndpaper/results/k500sm_ai_gfx928_4gpu/20260825T102643Z/logs/channels_r3_allgather_1M_ring_ll_ch1.log	/root/private_data/lyc/2ndpaper/results/k500sm_ai_gfx928_4gpu/20260825T102643Z/csv/channels_r3_allgather_1M_ring_ll_ch1.csv
channels_r1_allgather_1M_ring_ll_ch2	allgather	1M	ring_ll	2	0,1,2,3	0	/root/private_data/lyc/2ndpaper/results/k500sm_ai_gfx928_4gpu/20260825T102643Z/logs/channels_r1_allgather_1M_ring_ll_ch2.log	/root/private_data/lyc/2ndpaper/results/k500sm_ai_gfx928_4gpu/20260825T102643Z/csv/channels_r1_allgather_1M_ring_ll_ch2.csv
channels_r2_allgather_1M_ring_ll_ch2	allgather	1M	ring_ll	2	0,1,2,3	0	/root/private_data/lyc/2ndpaper/results/k500sm_ai_gfx928_4gpu/20260825T102643Z/logs/channels_r2_allgather_1M_ring_ll_ch2.log	/root/private_data/lyc/2ndpaper/results/k500sm_ai_gfx928_4gpu/20260825T102643Z/csv/channels_r2_allgather_1M_ring_ll_ch2.csv
channels_r3_allgather_1M_ring_ll_ch2	allgather	1M	ring_ll	2	0,1,2,3	0	/root/private_data/lyc/2ndpaper/results/k500sm_ai_gfx928_4gpu/20260825T102643Z/logs/channels_r3_allgather_1M_ring_ll_ch2.log	/root/private_data/lyc/2ndpaper/results/k500sm_ai_gfx928_4gpu/20260825T102643Z/csv/channels_r3_allgather_1M_ring_ll_ch2.csv
channels_r1_allgather_1M_ring_ll_ch4	allgather	1M	ring_ll	4	0,1,2,3	0	/root/private_data/lyc/2ndpaper/results/k500sm_ai_gfx928_4gpu/20260825T102643Z/logs/channels_r1_allgather_1M_ring_ll_ch4.log	/root/private_data/lyc/2ndpaper/results/k500sm_ai_gfx928_4gpu/20260825T102643Z/csv/channels_r1_allgather_1M_ring_ll_ch4.csv
channels_r2_allgather_1M_ring_ll_ch4	allgather	1M	ring_ll	4	0,1,2,3	0	/root/private_data/lyc/2ndpaper/results/k500sm_ai_gfx928_4gpu/20260825T102643Z/logs/channels_r2_allgather_1M_ring_ll_ch4.log	/root/private_data/lyc/2ndpaper/results/k500sm_ai_gfx928_4gpu/20260825T102643Z/csv/channels_r2_allgather_1M_ring_ll_ch4.csv
channels_r3_allgather_1M_ring_ll_ch4	allgather	1M	ring_ll	4	0,1,2,3	0	/root/private_data/lyc/2ndpaper/results/k500sm_ai_gfx928_4gpu/20260825T102643Z/logs/channels_r3_allgather_1M_ring_ll_ch4.log	/root/private_data/lyc/2ndpaper/results/k500sm_ai_gfx928_4gpu/20260825T102643Z/csv/channels_r3_allgather_1M_ring_ll_ch4.csv
channels_r1_allgather_1M_ring_ll_ch8	allgather	1M	ring_ll	8	0,1,2,3	0	/root/private_data/lyc/2ndpaper/results/k500sm_ai_gfx928_4gpu/20260825T102643Z/logs/channels_r1_allgather_1M_ring_ll_ch8.log	/root/private_data/lyc/2ndpaper/results/k500sm_ai_gfx928_4gpu/20260825T102643Z/csv/channels_r1_allgather_1M_ring_ll_ch8.csv
channels_r2_allgather_1M_ring_ll_ch8	allgather	1M	ring_ll	8	0,1,2,3	0	/root/private_data/lyc/2ndpaper/results/k500sm_ai_gfx928_4gpu/20260825T102643Z/logs/channels_r2_allgather_1M_ring_ll_ch8.log	/root/private_data/lyc/2ndpaper/results/k500sm_ai_gfx928_4gpu/20260825T102643Z/csv/channels_r2_allgather_1M_ring_ll_ch8.csv
channels_r3_allgather_1M_ring_ll_ch8	allgather	1M	ring_ll	8	0,1,2,3	0	/root/private_data/lyc/2ndpaper/results/k500sm_ai_gfx928_4gpu/20260825T102643Z/logs/channels_r3_allgather_1M_ring_ll_ch8.log	/root/private_data/lyc/2ndpaper/results/k500sm_ai_gfx928_4gpu/20260825T102643Z/csv/channels_r3_allgather_1M_ring_ll_ch8.csv
channels_r1_allgather_1M_tree_simple_ch1	allgather	1M	tree_simple	1	0,1,2,3	0	/root/private_data/lyc/2ndpaper/results/k500sm_ai_gfx928_4gpu/20260825T102643Z/logs/channels_r1_allgather_1M_tree_simple_ch1.log	/root/private_data/lyc/2ndpaper/results/k500sm_ai_gfx928_4gpu/20260825T102643Z/csv/channels_r1_allgather_1M_tree_simple_ch1.csv
channels_r2_allgather_1M_tree_simple_ch1	allgather	1M	tree_simple	1	0,1,2,3	0	/root/private_data/lyc/2ndpaper/results/k500sm_ai_gfx928_4gpu/20260825T102643Z/logs/channels_r2_allgather_1M_tree_simple_ch1.log	/root/private_data/lyc/2ndpaper/results/k500sm_ai_gfx928_4gpu/20260825T102643Z/csv/channels_r2_allgather_1M_tree_simple_ch1.csv
channels_r3_allgather_1M_tree_simple_ch1	allgather	1M	tree_simple	1	0,1,2,3	0	/root/private_data/lyc/2ndpaper/results/k500sm_ai_gfx928_4gpu/20260825T102643Z/logs/channels_r3_allgather_1M_tree_simple_ch1.log	/root/private_data/lyc/2ndpaper/results/k500sm_ai_gfx928_4gpu/20260825T102643Z/csv/channels_r3_allgather_1M_tree_simple_ch1.csv
channels_r1_allgather_1M_tree_simple_ch2	allgather	1M	tree_simple	2	0,1,2,3	0	/root/private_data/lyc/2ndpaper/results/k500sm_ai_gfx928_4gpu/20260825T102643Z/logs/channels_r1_allgather_1M_tree_simple_ch2.log	/root/private_data/lyc/2ndpaper/results/k500sm_ai_gfx928_4gpu/20260825T102643Z/csv/channels_r1_allgather_1M_tree_simple_ch2.csv
channels_r2_allgather_1M_tree_simple_ch2	allgather	1M	tree_simple	2	0,1,2,3	0	/root/private_data/lyc/2ndpaper/results/k500sm_ai_gfx928_4gpu/20260825T102643Z/logs/channels_r2_allgather_1M_tree_simple_ch2.log	/root/private_data/lyc/2ndpaper/results/k500sm_ai_gfx928_4gpu/20260825T102643Z/csv/channels_r2_allgather_1M_tree_simple_ch2.csv
channels_r3_allgather_1M_tree_simple_ch2	allgather	1M	tree_simple	2	0,1,2,3	0	/root/private_data/lyc/2ndpaper/results/k500sm_ai_gfx928_4gpu/20260825T102643Z/logs/channels_r3_allgather_1M_tree_simple_ch2.log	/root/private_data/lyc/2ndpaper/results/k500sm_ai_gfx928_4gpu/20260825T102643Z/csv/channels_r3_allgather_1M_tree_simple_ch2.csv
channels_r1_allgather_1M_tree_simple_ch4	allgather	1M	tree_simple	4	0,1,2,3	0	/root/private_data/lyc/2ndpaper/results/k500sm_ai_gfx928_4gpu/20260825T102643Z/logs/channels_r1_allgather_1M_tree_simple_ch4.log	/root/private_data/lyc/2ndpaper/results/k500sm_ai_gfx928_4gpu/20260825T102643Z/csv/channels_r1_allgather_1M_tree_simple_ch4.csv
channels_r2_allgather_1M_tree_simple_ch4	allgather	1M	tree_simple	4	0,1,2,3	0	/root/private_data/lyc/2ndpaper/results/k500sm_ai_gfx928_4gpu/20260825T102643Z/logs/channels_r2_allgather_1M_tree_simple_ch4.log	/root/private_data/lyc/2ndpaper/results/k500sm_ai_gfx928_4gpu/20260825T102643Z/csv/channels_r2_allgather_1M_tree_simple_ch4.csv
channels_r3_allgather_1M_tree_simple_ch4	allgather	1M	tree_simple	4	0,1,2,3	0	/root/private_data/lyc/2ndpaper/results/k500sm_ai_gfx928_4gpu/20260825T102643Z/logs/channels_r3_allgather_1M_tree_simple_ch4.log	/root/private_data/lyc/2ndpaper/results/k500sm_ai_gfx928_4gpu/20260825T102643Z/csv/channels_r3_allgather_1M_tree_simple_ch4.csv
channels_r1_allgather_1M_tree_simple_ch8	allgather	1M	tree_simple	8	0,1,2,3	0	/root/private_data/lyc/2ndpaper/results/k500sm_ai_gfx928_4gpu/20260825T102643Z/logs/channels_r1_allgather_1M_tree_simple_ch8.log	/root/private_data/lyc/2ndpaper/results/k500sm_ai_gfx928_4gpu/20260825T102643Z/csv/channels_r1_allgather_1M_tree_simple_ch8.csv
channels_r2_allgather_1M_tree_simple_ch8	allgather	1M	tree_simple	8	0,1,2,3	0	/root/private_data/lyc/2ndpaper/results/k500sm_ai_gfx928_4gpu/20260825T102643Z/logs/channels_r2_allgather_1M_tree_simple_ch8.log	/root/private_data/lyc/2ndpaper/results/k500sm_ai_gfx928_4gpu/20260825T102643Z/csv/channels_r2_allgather_1M_tree_simple_ch8.csv
channels_r3_allgather_1M_tree_simple_ch8	allgather	1M	tree_simple	8	0,1,2,3	0	/root/private_data/lyc/2ndpaper/results/k500sm_ai_gfx928_4gpu/20260825T102643Z/logs/channels_r3_allgather_1M_tree_simple_ch8.log	/root/private_data/lyc/2ndpaper/results/k500sm_ai_gfx928_4gpu/20260825T102643Z/csv/channels_r3_allgather_1M_tree_simple_ch8.csv
channels_r1_allgather_1M_tree_ll_ch1	allgather	1M	tree_ll	1	0,1,2,3	0	/root/private_data/lyc/2ndpaper/results/k500sm_ai_gfx928_4gpu/20260825T102643Z/logs/channels_r1_allgather_1M_tree_ll_ch1.log	/root/private_data/lyc/2ndpaper/results/k500sm_ai_gfx928_4gpu/20260825T102643Z/csv/channels_r1_allgather_1M_tree_ll_ch1.csv
channels_r2_allgather_1M_tree_ll_ch1	allgather	1M	tree_ll	1	0,1,2,3	0	/root/private_data/lyc/2ndpaper/results/k500sm_ai_gfx928_4gpu/20260825T102643Z/logs/channels_r2_allgather_1M_tree_ll_ch1.log	/root/private_data/lyc/2ndpaper/results/k500sm_ai_gfx928_4gpu/20260825T102643Z/csv/channels_r2_allgather_1M_tree_ll_ch1.csv
channels_r3_allgather_1M_tree_ll_ch1	allgather	1M	tree_ll	1	0,1,2,3	0	/root/private_data/lyc/2ndpaper/results/k500sm_ai_gfx928_4gpu/20260825T102643Z/logs/channels_r3_allgather_1M_tree_ll_ch1.log	/root/private_data/lyc/2ndpaper/results/k500sm_ai_gfx928_4gpu/20260825T102643Z/csv/channels_r3_allgather_1M_tree_ll_ch1.csv
channels_r1_allgather_1M_tree_ll_ch2	allgather	1M	tree_ll	2	0,1,2,3	0	/root/private_data/lyc/2ndpaper/results/k500sm_ai_gfx928_4gpu/20260825T102643Z/logs/channels_r1_allgather_1M_tree_ll_ch2.log	/root/private_data/lyc/2ndpaper/results/k500sm_ai_gfx928_4gpu/20260825T102643Z/csv/channels_r1_allgather_1M_tree_ll_ch2.csv
channels_r2_allgather_1M_tree_ll_ch2	allgather	1M	tree_ll	2	0,1,2,3	0	/root/private_data/lyc/2ndpaper/results/k500sm_ai_gfx928_4gpu/20260825T102643Z/logs/channels_r2_allgather_1M_tree_ll_ch2.log	/root/private_data/lyc/2ndpaper/results/k500sm_ai_gfx928_4gpu/20260825T102643Z/csv/channels_r2_allgather_1M_tree_ll_ch2.csv
channels_r3_allgather_1M_tree_ll_ch2	allgather	1M	tree_ll	2	0,1,2,3	0	/root/private_data/lyc/2ndpaper/results/k500sm_ai_gfx928_4gpu/20260825T102643Z/logs/channels_r3_allgather_1M_tree_ll_ch2.log	/root/private_data/lyc/2ndpaper/results/k500sm_ai_gfx928_4gpu/20260825T102643Z/csv/channels_r3_allgather_1M_tree_ll_ch2.csv
channels_r1_allgather_1M_tree_ll_ch4	allgather	1M	tree_ll	4	0,1,2,3	0	/root/private_data/lyc/2ndpaper/results/k500sm_ai_gfx928_4gpu/20260825T102643Z/logs/channels_r1_allgather_1M_tree_ll_ch4.log	/root/private_data/lyc/2ndpaper/results/k500sm_ai_gfx928_4gpu/20260825T102643Z/csv/channels_r1_allgather_1M_tree_ll_ch4.csv
channels_r2_allgather_1M_tree_ll_ch4	allgather	1M	tree_ll	4	0,1,2,3	0	/root/private_data/lyc/2ndpaper/results/k500sm_ai_gfx928_4gpu/20260825T102643Z/logs/channels_r2_allgather_1M_tree_ll_ch4.log	/root/private_data/lyc/2ndpaper/results/k500sm_ai_gfx928_4gpu/20260825T102643Z/csv/channels_r2_allgather_1M_tree_ll_ch4.csv
channels_r3_allgather_1M_tree_ll_ch4	allgather	1M	tree_ll	4	0,1,2,3	0	/root/private_data/lyc/2ndpaper/results/k500sm_ai_gfx928_4gpu/20260825T102643Z/logs/channels_r3_allgather_1M_tree_ll_ch4.log	/root/private_data/lyc/2ndpaper/results/k500sm_ai_gfx928_4gpu/20260825T102643Z/csv/channels_r3_allgather_1M_tree_ll_ch4.csv
channels_r1_allgather_1M_tree_ll_ch8	allgather	1M	tree_ll	8	0,1,2,3	0	/root/private_data/lyc/2ndpaper/results/k500sm_ai_gfx928_4gpu/20260825T102643Z/logs/channels_r1_allgather_1M_tree_ll_ch8.log	/root/private_data/lyc/2ndpaper/results/k500sm_ai_gfx928_4gpu/20260825T102643Z/csv/channels_r1_allgather_1M_tree_ll_ch8.csv
channels_r2_allgather_1M_tree_ll_ch8	allgather	1M	tree_ll	8	0,1,2,3	0	/root/private_data/lyc/2ndpaper/results/k500sm_ai_gfx928_4gpu/20260825T102643Z/logs/channels_r2_allgather_1M_tree_ll_ch8.log	/root/private_data/lyc/2ndpaper/results/k500sm_ai_gfx928_4gpu/20260825T102643Z/csv/channels_r2_allgather_1M_tree_ll_ch8.csv
channels_r3_allgather_1M_tree_ll_ch8	allgather	1M	tree_ll	8	0,1,2,3	0	/root/private_data/lyc/2ndpaper/results/k500sm_ai_gfx928_4gpu/20260825T102643Z/logs/channels_r3_allgather_1M_tree_ll_ch8.log	/root/private_data/lyc/2ndpaper/results/k500sm_ai_gfx928_4gpu/20260825T102643Z/csv/channels_r3_allgather_1M_tree_ll_ch8.csv
channels_r1_allgather_8M_ring_simple_ch1	allgather	8M	ring_simple	1	0,1,2,3	0	/root/private_data/lyc/2ndpaper/results/k500sm_ai_gfx928_4gpu/20260825T102643Z/logs/channels_r1_allgather_8M_ring_simple_ch1.log	/root/private_data/lyc/2ndpaper/results/k500sm_ai_gfx928_4gpu/20260825T102643Z/csv/channels_r1_allgather_8M_ring_simple_ch1.csv
channels_r2_allgather_8M_ring_simple_ch1	allgather	8M	ring_simple	1	0,1,2,3	0	/root/private_data/lyc/2ndpaper/results/k500sm_ai_gfx928_4gpu/20260825T102643Z/logs/channels_r2_allgather_8M_ring_simple_ch1.log	/root/private_data/lyc/2ndpaper/results/k500sm_ai_gfx928_4gpu/20260825T102643Z/csv/channels_r2_allgather_8M_ring_simple_ch1.csv
channels_r3_allgather_8M_ring_simple_ch1	allgather	8M	ring_simple	1	0,1,2,3	0	/root/private_data/lyc/2ndpaper/results/k500sm_ai_gfx928_4gpu/20260825T102643Z/logs/channels_r3_allgather_8M_ring_simple_ch1.log	/root/private_data/lyc/2ndpaper/results/k500sm_ai_gfx928_4gpu/20260825T102643Z/csv/channels_r3_allgather_8M_ring_simple_ch1.csv
channels_r1_allgather_8M_ring_simple_ch2	allgather	8M	ring_simple	2	0,1,2,3	0	/root/private_data/lyc/2ndpaper/results/k500sm_ai_gfx928_4gpu/20260825T102643Z/logs/channels_r1_allgather_8M_ring_simple_ch2.log	/root/private_data/lyc/2ndpaper/results/k500sm_ai_gfx928_4gpu/20260825T102643Z/csv/channels_r1_allgather_8M_ring_simple_ch2.csv
channels_r2_allgather_8M_ring_simple_ch2	allgather	8M	ring_simple	2	0,1,2,3	0	/root/private_data/lyc/2ndpaper/results/k500sm_ai_gfx928_4gpu/20260825T102643Z/logs/channels_r2_allgather_8M_ring_simple_ch2.log	/root/private_data/lyc/2ndpaper/results/k500sm_ai_gfx928_4gpu/20260825T102643Z/csv/channels_r2_allgather_8M_ring_simple_ch2.csv
channels_r3_allgather_8M_ring_simple_ch2	allgather	8M	ring_simple	2	0,1,2,3	0	/root/private_data/lyc/2ndpaper/results/k500sm_ai_gfx928_4gpu/20260825T102643Z/logs/channels_r3_allgather_8M_ring_simple_ch2.log	/root/private_data/lyc/2ndpaper/results/k500sm_ai_gfx928_4gpu/20260825T102643Z/csv/channels_r3_allgather_8M_ring_simple_ch2.csv
channels_r1_allgather_8M_ring_simple_ch4	allgather	8M	ring_simple	4	0,1,2,3	0	/root/private_data/lyc/2ndpaper/results/k500sm_ai_gfx928_4gpu/20260825T102643Z/logs/channels_r1_allgather_8M_ring_simple_ch4.log	/root/private_data/lyc/2ndpaper/results/k500sm_ai_gfx928_4gpu/20260825T102643Z/csv/channels_r1_allgather_8M_ring_simple_ch4.csv
channels_r2_allgather_8M_ring_simple_ch4	allgather	8M	ring_simple	4	0,1,2,3	0	/root/private_data/lyc/2ndpaper/results/k500sm_ai_gfx928_4gpu/20260825T102643Z/logs/channels_r2_allgather_8M_ring_simple_ch4.log	/root/private_data/lyc/2ndpaper/results/k500sm_ai_gfx928_4gpu/20260825T102643Z/csv/channels_r2_allgather_8M_ring_simple_ch4.csv
channels_r3_allgather_8M_ring_simple_ch4	allgather	8M	ring_simple	4	0,1,2,3	0	/root/private_data/lyc/2ndpaper/results/k500sm_ai_gfx928_4gpu/20260825T102643Z/logs/channels_r3_allgather_8M_ring_simple_ch4.log	/root/private_data/lyc/2ndpaper/results/k500sm_ai_gfx928_4gpu/20260825T102643Z/csv/channels_r3_allgather_8M_ring_simple_ch4.csv
channels_r1_allgather_8M_ring_simple_ch8	allgather	8M	ring_simple	8	0,1,2,3	0	/root/private_data/lyc/2ndpaper/results/k500sm_ai_gfx928_4gpu/20260825T102643Z/logs/channels_r1_allgather_8M_ring_simple_ch8.log	/root/private_data/lyc/2ndpaper/results/k500sm_ai_gfx928_4gpu/20260825T102643Z/csv/channels_r1_allgather_8M_ring_simple_ch8.csv
channels_r2_allgather_8M_ring_simple_ch8	allgather	8M	ring_simple	8	0,1,2,3	0	/root/private_data/lyc/2ndpaper/results/k500sm_ai_gfx928_4gpu/20260825T102643Z/logs/channels_r2_allgather_8M_ring_simple_ch8.log	/root/private_data/lyc/2ndpaper/results/k500sm_ai_gfx928_4gpu/20260825T102643Z/csv/channels_r2_allgather_8M_ring_simple_ch8.csv
channels_r3_allgather_8M_ring_simple_ch8	allgather	8M	ring_simple	8	0,1,2,3	0	/root/private_data/lyc/2ndpaper/results/k500sm_ai_gfx928_4gpu/20260825T102643Z/logs/channels_r3_allgather_8M_ring_simple_ch8.log	/root/private_data/lyc/2ndpaper/results/k500sm_ai_gfx928_4gpu/20260825T102643Z/csv/channels_r3_allgather_8M_ring_simple_ch8.csv
channels_r1_allgather_8M_ring_ll_ch1	allgather	8M	ring_ll	1	0,1,2,3	0	/root/private_data/lyc/2ndpaper/results/k500sm_ai_gfx928_4gpu/20260825T102643Z/logs/channels_r1_allgather_8M_ring_ll_ch1.log	/root/private_data/lyc/2ndpaper/results/k500sm_ai_gfx928_4gpu/20260825T102643Z/csv/channels_r1_allgather_8M_ring_ll_ch1.csv
channels_r2_allgather_8M_ring_ll_ch1	allgather	8M	ring_ll	1	0,1,2,3	0	/root/private_data/lyc/2ndpaper/results/k500sm_ai_gfx928_4gpu/20260825T102643Z/logs/channels_r2_allgather_8M_ring_ll_ch1.log	/root/private_data/lyc/2ndpaper/results/k500sm_ai_gfx928_4gpu/20260825T102643Z/csv/channels_r2_allgather_8M_ring_ll_ch1.csv
channels_r3_allgather_8M_ring_ll_ch1	allgather	8M	ring_ll	1	0,1,2,3	0	/root/private_data/lyc/2ndpaper/results/k500sm_ai_gfx928_4gpu/20260825T102643Z/logs/channels_r3_allgather_8M_ring_ll_ch1.log	/root/private_data/lyc/2ndpaper/results/k500sm_ai_gfx928_4gpu/20260825T102643Z/csv/channels_r3_allgather_8M_ring_ll_ch1.csv
channels_r1_allgather_8M_ring_ll_ch2	allgather	8M	ring_ll	2	0,1,2,3	0	/root/private_data/lyc/2ndpaper/results/k500sm_ai_gfx928_4gpu/20260825T102643Z/logs/channels_r1_allgather_8M_ring_ll_ch2.log	/root/private_data/lyc/2ndpaper/results/k500sm_ai_gfx928_4gpu/20260825T102643Z/csv/channels_r1_allgather_8M_ring_ll_ch2.csv
channels_r2_allgather_8M_ring_ll_ch2	allgather	8M	ring_ll	2	0,1,2,3	0	/root/private_data/lyc/2ndpaper/results/k500sm_ai_gfx928_4gpu/20260825T102643Z/logs/channels_r2_allgather_8M_ring_ll_ch2.log	/root/private_data/lyc/2ndpaper/results/k500sm_ai_gfx928_4gpu/20260825T102643Z/csv/channels_r2_allgather_8M_ring_ll_ch2.csv
channels_r3_allgather_8M_ring_ll_ch2	allgather	8M	ring_ll	2	0,1,2,3	0	/root/private_data/lyc/2ndpaper/results/k500sm_ai_gfx928_4gpu/20260825T102643Z/logs/channels_r3_allgather_8M_ring_ll_ch2.log	/root/private_data/lyc/2ndpaper/results/k500sm_ai_gfx928_4gpu/20260825T102643Z/csv/channels_r3_allgather_8M_ring_ll_ch2.csv
channels_r1_allgather_8M_ring_ll_ch4	allgather	8M	ring_ll	4	0,1,2,3	0	/root/private_data/lyc/2ndpaper/results/k500sm_ai_gfx928_4gpu/20260825T102643Z/logs/channels_r1_allgather_8M_ring_ll_ch4.log	/root/private_data/lyc/2ndpaper/results/k500sm_ai_gfx928_4gpu/20260825T102643Z/csv/channels_r1_allgather_8M_ring_ll_ch4.csv
channels_r2_allgather_8M_ring_ll_ch4	allgather	8M	ring_ll	4	0,1,2,3	0	/root/private_data/lyc/2ndpaper/results/k500sm_ai_gfx928_4gpu/20260825T102643Z/logs/channels_r2_allgather_8M_ring_ll_ch4.log	/root/private_data/lyc/2ndpaper/results/k500sm_ai_gfx928_4gpu/20260825T102643Z/csv/channels_r2_allgather_8M_ring_ll_ch4.csv
channels_r3_allgather_8M_ring_ll_ch4	allgather	8M	ring_ll	4	0,1,2,3	0	/root/private_data/lyc/2ndpaper/results/k500sm_ai_gfx928_4gpu/20260825T102643Z/logs/channels_r3_allgather_8M_ring_ll_ch4.log	/root/private_data/lyc/2ndpaper/results/k500sm_ai_gfx928_4gpu/20260825T102643Z/csv/channels_r3_allgather_8M_ring_ll_ch4.csv
channels_r1_allgather_8M_ring_ll_ch8	allgather	8M	ring_ll	8	0,1,2,3	0	/root/private_data/lyc/2ndpaper/results/k500sm_ai_gfx928_4gpu/20260825T102643Z/logs/channels_r1_allgather_8M_ring_ll_ch8.log	/root/private_data/lyc/2ndpaper/results/k500sm_ai_gfx928_4gpu/20260825T102643Z/csv/channels_r1_allgather_8M_ring_ll_ch8.csv
channels_r2_allgather_8M_ring_ll_ch8	allgather	8M	ring_ll	8	0,1,2,3	0	/root/private_data/lyc/2ndpaper/results/k500sm_ai_gfx928_4gpu/20260825T102643Z/logs/channels_r2_allgather_8M_ring_ll_ch8.log	/root/private_data/lyc/2ndpaper/results/k500sm_ai_gfx928_4gpu/20260825T102643Z/csv/channels_r2_allgather_8M_ring_ll_ch8.csv
channels_r3_allgather_8M_ring_ll_ch8	allgather	8M	ring_ll	8	0,1,2,3	0	/root/private_data/lyc/2ndpaper/results/k500sm_ai_gfx928_4gpu/20260825T102643Z/logs/channels_r3_allgather_8M_ring_ll_ch8.log	/root/private_data/lyc/2ndpaper/results/k500sm_ai_gfx928_4gpu/20260825T102643Z/csv/channels_r3_allgather_8M_ring_ll_ch8.csv
channels_r1_allgather_8M_tree_simple_ch1	allgather	8M	tree_simple	1	0,1,2,3	0	/root/private_data/lyc/2ndpaper/results/k500sm_ai_gfx928_4gpu/20260825T102643Z/logs/channels_r1_allgather_8M_tree_simple_ch1.log	/root/private_data/lyc/2ndpaper/results/k500sm_ai_gfx928_4gpu/20260825T102643Z/csv/channels_r1_allgather_8M_tree_simple_ch1.csv
channels_r2_allgather_8M_tree_simple_ch1	allgather	8M	tree_simple	1	0,1,2,3	0	/root/private_data/lyc/2ndpaper/results/k500sm_ai_gfx928_4gpu/20260825T102643Z/logs/channels_r2_allgather_8M_tree_simple_ch1.log	/root/private_data/lyc/2ndpaper/results/k500sm_ai_gfx928_4gpu/20260825T102643Z/csv/channels_r2_allgather_8M_tree_simple_ch1.csv
channels_r3_allgather_8M_tree_simple_ch1	allgather	8M	tree_simple	1	0,1,2,3	0	/root/private_data/lyc/2ndpaper/results/k500sm_ai_gfx928_4gpu/20260825T102643Z/logs/channels_r3_allgather_8M_tree_simple_ch1.log	/root/private_data/lyc/2ndpaper/results/k500sm_ai_gfx928_4gpu/20260825T102643Z/csv/channels_r3_allgather_8M_tree_simple_ch1.csv
channels_r1_allgather_8M_tree_simple_ch2	allgather	8M	tree_simple	2	0,1,2,3	0	/root/private_data/lyc/2ndpaper/results/k500sm_ai_gfx928_4gpu/20260825T102643Z/logs/channels_r1_allgather_8M_tree_simple_ch2.log	/root/private_data/lyc/2ndpaper/results/k500sm_ai_gfx928_4gpu/20260825T102643Z/csv/channels_r1_allgather_8M_tree_simple_ch2.csv
channels_r2_allgather_8M_tree_simple_ch2	allgather	8M	tree_simple	2	0,1,2,3	0	/root/private_data/lyc/2ndpaper/results/k500sm_ai_gfx928_4gpu/20260825T102643Z/logs/channels_r2_allgather_8M_tree_simple_ch2.log	/root/private_data/lyc/2ndpaper/results/k500sm_ai_gfx928_4gpu/20260825T102643Z/csv/channels_r2_allgather_8M_tree_simple_ch2.csv
channels_r3_allgather_8M_tree_simple_ch2	allgather	8M	tree_simple	2	0,1,2,3	0	/root/private_data/lyc/2ndpaper/results/k500sm_ai_gfx928_4gpu/20260825T102643Z/logs/channels_r3_allgather_8M_tree_simple_ch2.log	/root/private_data/lyc/2ndpaper/results/k500sm_ai_gfx928_4gpu/20260825T102643Z/csv/channels_r3_allgather_8M_tree_simple_ch2.csv
channels_r1_allgather_8M_tree_simple_ch4	allgather	8M	tree_simple	4	0,1,2,3	0	/root/private_data/lyc/2ndpaper/results/k500sm_ai_gfx928_4gpu/20260825T102643Z/logs/channels_r1_allgather_8M_tree_simple_ch4.log	/root/private_data/lyc/2ndpaper/results/k500sm_ai_gfx928_4gpu/20260825T102643Z/csv/channels_r1_allgather_8M_tree_simple_ch4.csv
channels_r2_allgather_8M_tree_simple_ch4	allgather	8M	tree_simple	4	0,1,2,3	0	/root/private_data/lyc/2ndpaper/results/k500sm_ai_gfx928_4gpu/20260825T102643Z/logs/channels_r2_allgather_8M_tree_simple_ch4.log	/root/private_data/lyc/2ndpaper/results/k500sm_ai_gfx928_4gpu/20260825T102643Z/csv/channels_r2_allgather_8M_tree_simple_ch4.csv
channels_r3_allgather_8M_tree_simple_ch4	allgather	8M	tree_simple	4	0,1,2,3	0	/root/private_data/lyc/2ndpaper/results/k500sm_ai_gfx928_4gpu/20260825T102643Z/logs/channels_r3_allgather_8M_tree_simple_ch4.log	/root/private_data/lyc/2ndpaper/results/k500sm_ai_gfx928_4gpu/20260825T102643Z/csv/channels_r3_allgather_8M_tree_simple_ch4.csv
channels_r1_allgather_8M_tree_simple_ch8	allgather	8M	tree_simple	8	0,1,2,3	0	/root/private_data/lyc/2ndpaper/results/k500sm_ai_gfx928_4gpu/20260825T102643Z/logs/channels_r1_allgather_8M_tree_simple_ch8.log	/root/private_data/lyc/2ndpaper/results/k500sm_ai_gfx928_4gpu/20260825T102643Z/csv/channels_r1_allgather_8M_tree_simple_ch8.csv
channels_r2_allgather_8M_tree_simple_ch8	allgather	8M	tree_simple	8	0,1,2,3	0	/root/private_data/lyc/2ndpaper/results/k500sm_ai_gfx928_4gpu/20260825T102643Z/logs/channels_r2_allgather_8M_tree_simple_ch8.log	/root/private_data/lyc/2ndpaper/results/k500sm_ai_gfx928_4gpu/20260825T102643Z/csv/channels_r2_allgather_8M_tree_simple_ch8.csv
channels_r3_allgather_8M_tree_simple_ch8	allgather	8M	tree_simple	8	0,1,2,3	0	/root/private_data/lyc/2ndpaper/results/k500sm_ai_gfx928_4gpu/20260825T102643Z/logs/channels_r3_allgather_8M_tree_simple_ch8.log	/root/private_data/lyc/2ndpaper/results/k500sm_ai_gfx928_4gpu/20260825T102643Z/csv/channels_r3_allgather_8M_tree_simple_ch8.csv
channels_r1_allgather_8M_tree_ll_ch1	allgather	8M	tree_ll	1	0,1,2,3	0	/root/private_data/lyc/2ndpaper/results/k500sm_ai_gfx928_4gpu/20260825T102643Z/logs/channels_r1_allgather_8M_tree_ll_ch1.log	/root/private_data/lyc/2ndpaper/results/k500sm_ai_gfx928_4gpu/20260825T102643Z/csv/channels_r1_allgather_8M_tree_ll_ch1.csv
channels_r2_allgather_8M_tree_ll_ch1	allgather	8M	tree_ll	1	0,1,2,3	0	/root/private_data/lyc/2ndpaper/results/k500sm_ai_gfx928_4gpu/20260825T102643Z/logs/channels_r2_allgather_8M_tree_ll_ch1.log	/root/private_data/lyc/2ndpaper/results/k500sm_ai_gfx928_4gpu/20260825T102643Z/csv/channels_r2_allgather_8M_tree_ll_ch1.csv
channels_r3_allgather_8M_tree_ll_ch1	allgather	8M	tree_ll	1	0,1,2,3	0	/root/private_data/lyc/2ndpaper/results/k500sm_ai_gfx928_4gpu/20260825T102643Z/logs/channels_r3_allgather_8M_tree_ll_ch1.log	/root/private_data/lyc/2ndpaper/results/k500sm_ai_gfx928_4gpu/20260825T102643Z/csv/channels_r3_allgather_8M_tree_ll_ch1.csv
channels_r1_allgather_8M_tree_ll_ch2	allgather	8M	tree_ll	2	0,1,2,3	0	/root/private_data/lyc/2ndpaper/results/k500sm_ai_gfx928_4gpu/20260825T102643Z/logs/channels_r1_allgather_8M_tree_ll_ch2.log	/root/private_data/lyc/2ndpaper/results/k500sm_ai_gfx928_4gpu/20260825T102643Z/csv/channels_r1_allgather_8M_tree_ll_ch2.csv
channels_r2_allgather_8M_tree_ll_ch2	allgather	8M	tree_ll	2	0,1,2,3	0	/root/private_data/lyc/2ndpaper/results/k500sm_ai_gfx928_4gpu/20260825T102643Z/logs/channels_r2_allgather_8M_tree_ll_ch2.log	/root/private_data/lyc/2ndpaper/results/k500sm_ai_gfx928_4gpu/20260825T102643Z/csv/channels_r2_allgather_8M_tree_ll_ch2.csv
channels_r3_allgather_8M_tree_ll_ch2	allgather	8M	tree_ll	2	0,1,2,3	0	/root/private_data/lyc/2ndpaper/results/k500sm_ai_gfx928_4gpu/20260825T102643Z/logs/channels_r3_allgather_8M_tree_ll_ch2.log	/root/private_data/lyc/2ndpaper/results/k500sm_ai_gfx928_4gpu/20260825T102643Z/csv/channels_r3_allgather_8M_tree_ll_ch2.csv
channels_r1_allgather_8M_tree_ll_ch4	allgather	8M	tree_ll	4	0,1,2,3	0	/root/private_data/lyc/2ndpaper/results/k500sm_ai_gfx928_4gpu/20260825T102643Z/logs/channels_r1_allgather_8M_tree_ll_ch4.log	/root/private_data/lyc/2ndpaper/results/k500sm_ai_gfx928_4gpu/20260825T102643Z/csv/channels_r1_allgather_8M_tree_ll_ch4.csv
channels_r2_allgather_8M_tree_ll_ch4	allgather	8M	tree_ll	4	0,1,2,3	0	/root/private_data/lyc/2ndpaper/results/k500sm_ai_gfx928_4gpu/20260825T102643Z/logs/channels_r2_allgather_8M_tree_ll_ch4.log	/root/private_data/lyc/2ndpaper/results/k500sm_ai_gfx928_4gpu/20260825T102643Z/csv/channels_r2_allgather_8M_tree_ll_ch4.csv
channels_r3_allgather_8M_tree_ll_ch4	allgather	8M	tree_ll	4	0,1,2,3	0	/root/private_data/lyc/2ndpaper/results/k500sm_ai_gfx928_4gpu/20260825T102643Z/logs/channels_r3_allgather_8M_tree_ll_ch4.log	/root/private_data/lyc/2ndpaper/results/k500sm_ai_gfx928_4gpu/20260825T102643Z/csv/channels_r3_allgather_8M_tree_ll_ch4.csv
channels_r1_allgather_8M_tree_ll_ch8	allgather	8M	tree_ll	8	0,1,2,3	0	/root/private_data/lyc/2ndpaper/results/k500sm_ai_gfx928_4gpu/20260825T102643Z/logs/channels_r1_allgather_8M_tree_ll_ch8.log	/root/private_data/lyc/2ndpaper/results/k500sm_ai_gfx928_4gpu/20260825T102643Z/csv/channels_r1_allgather_8M_tree_ll_ch8.csv
channels_r2_allgather_8M_tree_ll_ch8	allgather	8M	tree_ll	8	0,1,2,3	0	/root/private_data/lyc/2ndpaper/results/k500sm_ai_gfx928_4gpu/20260825T102643Z/logs/channels_r2_allgather_8M_tree_ll_ch8.log	/root/private_data/lyc/2ndpaper/results/k500sm_ai_gfx928_4gpu/20260825T102643Z/csv/channels_r2_allgather_8M_tree_ll_ch8.csv
channels_r3_allgather_8M_tree_ll_ch8	allgather	8M	tree_ll	8	0,1,2,3	0	/root/private_data/lyc/2ndpaper/results/k500sm_ai_gfx928_4gpu/20260825T102643Z/logs/channels_r3_allgather_8M_tree_ll_ch8.log	/root/private_data/lyc/2ndpaper/results/k500sm_ai_gfx928_4gpu/20260825T102643Z/csv/channels_r3_allgather_8M_tree_ll_ch8.csv
channels_r1_allgather_64M_ring_simple_ch1	allgather	64M	ring_simple	1	0,1,2,3	0	/root/private_data/lyc/2ndpaper/results/k500sm_ai_gfx928_4gpu/20260825T102643Z/logs/channels_r1_allgather_64M_ring_simple_ch1.log	/root/private_data/lyc/2ndpaper/results/k500sm_ai_gfx928_4gpu/20260825T102643Z/csv/channels_r1_allgather_64M_ring_simple_ch1.csv
channels_r2_allgather_64M_ring_simple_ch1	allgather	64M	ring_simple	1	0,1,2,3	0	/root/private_data/lyc/2ndpaper/results/k500sm_ai_gfx928_4gpu/20260825T102643Z/logs/channels_r2_allgather_64M_ring_simple_ch1.log	/root/private_data/lyc/2ndpaper/results/k500sm_ai_gfx928_4gpu/20260825T102643Z/csv/channels_r2_allgather_64M_ring_simple_ch1.csv
channels_r3_allgather_64M_ring_simple_ch1	allgather	64M	ring_simple	1	0,1,2,3	0	/root/private_data/lyc/2ndpaper/results/k500sm_ai_gfx928_4gpu/20260825T102643Z/logs/channels_r3_allgather_64M_ring_simple_ch1.log	/root/private_data/lyc/2ndpaper/results/k500sm_ai_gfx928_4gpu/20260825T102643Z/csv/channels_r3_allgather_64M_ring_simple_ch1.csv
channels_r1_allgather_64M_ring_simple_ch2	allgather	64M	ring_simple	2	0,1,2,3	0	/root/private_data/lyc/2ndpaper/results/k500sm_ai_gfx928_4gpu/20260825T102643Z/logs/channels_r1_allgather_64M_ring_simple_ch2.log	/root/private_data/lyc/2ndpaper/results/k500sm_ai_gfx928_4gpu/20260825T102643Z/csv/channels_r1_allgather_64M_ring_simple_ch2.csv
channels_r2_allgather_64M_ring_simple_ch2	allgather	64M	ring_simple	2	0,1,2,3	0	/root/private_data/lyc/2ndpaper/results/k500sm_ai_gfx928_4gpu/20260825T102643Z/logs/channels_r2_allgather_64M_ring_simple_ch2.log	/root/private_data/lyc/2ndpaper/results/k500sm_ai_gfx928_4gpu/20260825T102643Z/csv/channels_r2_allgather_64M_ring_simple_ch2.csv
channels_r3_allgather_64M_ring_simple_ch2	allgather	64M	ring_simple	2	0,1,2,3	0	/root/private_data/lyc/2ndpaper/results/k500sm_ai_gfx928_4gpu/20260825T102643Z/logs/channels_r3_allgather_64M_ring_simple_ch2.log	/root/private_data/lyc/2ndpaper/results/k500sm_ai_gfx928_4gpu/20260825T102643Z/csv/channels_r3_allgather_64M_ring_simple_ch2.csv
channels_r1_allgather_64M_ring_simple_ch4	allgather	64M	ring_simple	4	0,1,2,3	0	/root/private_data/lyc/2ndpaper/results/k500sm_ai_gfx928_4gpu/20260825T102643Z/logs/channels_r1_allgather_64M_ring_simple_ch4.log	/root/private_data/lyc/2ndpaper/results/k500sm_ai_gfx928_4gpu/20260825T102643Z/csv/channels_r1_allgather_64M_ring_simple_ch4.csv
channels_r2_allgather_64M_ring_simple_ch4	allgather	64M	ring_simple	4	0,1,2,3	0	/root/private_data/lyc/2ndpaper/results/k500sm_ai_gfx928_4gpu/20260825T102643Z/logs/channels_r2_allgather_64M_ring_simple_ch4.log	/root/private_data/lyc/2ndpaper/results/k500sm_ai_gfx928_4gpu/20260825T102643Z/csv/channels_r2_allgather_64M_ring_simple_ch4.csv
channels_r3_allgather_64M_ring_simple_ch4	allgather	64M	ring_simple	4	0,1,2,3	0	/root/private_data/lyc/2ndpaper/results/k500sm_ai_gfx928_4gpu/20260825T102643Z/logs/channels_r3_allgather_64M_ring_simple_ch4.log	/root/private_data/lyc/2ndpaper/results/k500sm_ai_gfx928_4gpu/20260825T102643Z/csv/channels_r3_allgather_64M_ring_simple_ch4.csv
channels_r1_allgather_64M_ring_simple_ch8	allgather	64M	ring_simple	8	0,1,2,3	0	/root/private_data/lyc/2ndpaper/results/k500sm_ai_gfx928_4gpu/20260825T102643Z/logs/channels_r1_allgather_64M_ring_simple_ch8.log	/root/private_data/lyc/2ndpaper/results/k500sm_ai_gfx928_4gpu/20260825T102643Z/csv/channels_r1_allgather_64M_ring_simple_ch8.csv
channels_r2_allgather_64M_ring_simple_ch8	allgather	64M	ring_simple	8	0,1,2,3	0	/root/private_data/lyc/2ndpaper/results/k500sm_ai_gfx928_4gpu/20260825T102643Z/logs/channels_r2_allgather_64M_ring_simple_ch8.log	/root/private_data/lyc/2ndpaper/results/k500sm_ai_gfx928_4gpu/20260825T102643Z/csv/channels_r2_allgather_64M_ring_simple_ch8.csv
channels_r3_allgather_64M_ring_simple_ch8	allgather	64M	ring_simple	8	0,1,2,3	0	/root/private_data/lyc/2ndpaper/results/k500sm_ai_gfx928_4gpu/20260825T102643Z/logs/channels_r3_allgather_64M_ring_simple_ch8.log	/root/private_data/lyc/2ndpaper/results/k500sm_ai_gfx928_4gpu/20260825T102643Z/csv/channels_r3_allgather_64M_ring_simple_ch8.csv
channels_r1_allgather_64M_ring_ll_ch1	allgather	64M	ring_ll	1	0,1,2,3	0	/root/private_data/lyc/2ndpaper/results/k500sm_ai_gfx928_4gpu/20260825T102643Z/logs/channels_r1_allgather_64M_ring_ll_ch1.log	/root/private_data/lyc/2ndpaper/results/k500sm_ai_gfx928_4gpu/20260825T102643Z/csv/channels_r1_allgather_64M_ring_ll_ch1.csv
channels_r2_allgather_64M_ring_ll_ch1	allgather	64M	ring_ll	1	0,1,2,3	0	/root/private_data/lyc/2ndpaper/results/k500sm_ai_gfx928_4gpu/20260825T102643Z/logs/channels_r2_allgather_64M_ring_ll_ch1.log	/root/private_data/lyc/2ndpaper/results/k500sm_ai_gfx928_4gpu/20260825T102643Z/csv/channels_r2_allgather_64M_ring_ll_ch1.csv
channels_r3_allgather_64M_ring_ll_ch1	allgather	64M	ring_ll	1	0,1,2,3	0	/root/private_data/lyc/2ndpaper/results/k500sm_ai_gfx928_4gpu/20260825T102643Z/logs/channels_r3_allgather_64M_ring_ll_ch1.log	/root/private_data/lyc/2ndpaper/results/k500sm_ai_gfx928_4gpu/20260825T102643Z/csv/channels_r3_allgather_64M_ring_ll_ch1.csv
channels_r1_allgather_64M_ring_ll_ch2	allgather	64M	ring_ll	2	0,1,2,3	0	/root/private_data/lyc/2ndpaper/results/k500sm_ai_gfx928_4gpu/20260825T102643Z/logs/channels_r1_allgather_64M_ring_ll_ch2.log	/root/private_data/lyc/2ndpaper/results/k500sm_ai_gfx928_4gpu/20260825T102643Z/csv/channels_r1_allgather_64M_ring_ll_ch2.csv
channels_r2_allgather_64M_ring_ll_ch2	allgather	64M	ring_ll	2	0,1,2,3	0	/root/private_data/lyc/2ndpaper/results/k500sm_ai_gfx928_4gpu/20260825T102643Z/logs/channels_r2_allgather_64M_ring_ll_ch2.log	/root/private_data/lyc/2ndpaper/results/k500sm_ai_gfx928_4gpu/20260825T102643Z/csv/channels_r2_allgather_64M_ring_ll_ch2.csv
channels_r3_allgather_64M_ring_ll_ch2	allgather	64M	ring_ll	2	0,1,2,3	0	/root/private_data/lyc/2ndpaper/results/k500sm_ai_gfx928_4gpu/20260825T102643Z/logs/channels_r3_allgather_64M_ring_ll_ch2.log	/root/private_data/lyc/2ndpaper/results/k500sm_ai_gfx928_4gpu/20260825T102643Z/csv/channels_r3_allgather_64M_ring_ll_ch2.csv
channels_r1_allgather_64M_ring_ll_ch4	allgather	64M	ring_ll	4	0,1,2,3	0	/root/private_data/lyc/2ndpaper/results/k500sm_ai_gfx928_4gpu/20260825T102643Z/logs/channels_r1_allgather_64M_ring_ll_ch4.log	/root/private_data/lyc/2ndpaper/results/k500sm_ai_gfx928_4gpu/20260825T102643Z/csv/channels_r1_allgather_64M_ring_ll_ch4.csv
channels_r2_allgather_64M_ring_ll_ch4	allgather	64M	ring_ll	4	0,1,2,3	0	/root/private_data/lyc/2ndpaper/results/k500sm_ai_gfx928_4gpu/20260825T102643Z/logs/channels_r2_allgather_64M_ring_ll_ch4.log	/root/private_data/lyc/2ndpaper/results/k500sm_ai_gfx928_4gpu/20260825T102643Z/csv/channels_r2_allgather_64M_ring_ll_ch4.csv
channels_r3_allgather_64M_ring_ll_ch4	allgather	64M	ring_ll	4	0,1,2,3	0	/root/private_data/lyc/2ndpaper/results/k500sm_ai_gfx928_4gpu/20260825T102643Z/logs/channels_r3_allgather_64M_ring_ll_ch4.log	/root/private_data/lyc/2ndpaper/results/k500sm_ai_gfx928_4gpu/20260825T102643Z/csv/channels_r3_allgather_64M_ring_ll_ch4.csv
channels_r1_allgather_64M_ring_ll_ch8	allgather	64M	ring_ll	8	0,1,2,3	0	/root/private_data/lyc/2ndpaper/results/k500sm_ai_gfx928_4gpu/20260825T102643Z/logs/channels_r1_allgather_64M_ring_ll_ch8.log	/root/private_data/lyc/2ndpaper/results/k500sm_ai_gfx928_4gpu/20260825T102643Z/csv/channels_r1_allgather_64M_ring_ll_ch8.csv
channels_r2_allgather_64M_ring_ll_ch8	allgather	64M	ring_ll	8	0,1,2,3	0	/root/private_data/lyc/2ndpaper/results/k500sm_ai_gfx928_4gpu/20260825T102643Z/logs/channels_r2_allgather_64M_ring_ll_ch8.log	/root/private_data/lyc/2ndpaper/results/k500sm_ai_gfx928_4gpu/20260825T102643Z/csv/channels_r2_allgather_64M_ring_ll_ch8.csv
channels_r3_allgather_64M_ring_ll_ch8	allgather	64M	ring_ll	8	0,1,2,3	0	/root/private_data/lyc/2ndpaper/results/k500sm_ai_gfx928_4gpu/20260825T102643Z/logs/channels_r3_allgather_64M_ring_ll_ch8.log	/root/private_data/lyc/2ndpaper/results/k500sm_ai_gfx928_4gpu/20260825T102643Z/csv/channels_r3_allgather_64M_ring_ll_ch8.csv
channels_r1_allgather_64M_tree_simple_ch1	allgather	64M	tree_simple	1	0,1,2,3	0	/root/private_data/lyc/2ndpaper/results/k500sm_ai_gfx928_4gpu/20260825T102643Z/logs/channels_r1_allgather_64M_tree_simple_ch1.log	/root/private_data/lyc/2ndpaper/results/k500sm_ai_gfx928_4gpu/20260825T102643Z/csv/channels_r1_allgather_64M_tree_simple_ch1.csv
channels_r2_allgather_64M_tree_simple_ch1	allgather	64M	tree_simple	1	0,1,2,3	0	/root/private_data/lyc/2ndpaper/results/k500sm_ai_gfx928_4gpu/20260825T102643Z/logs/channels_r2_allgather_64M_tree_simple_ch1.log	/root/private_data/lyc/2ndpaper/results/k500sm_ai_gfx928_4gpu/20260825T102643Z/csv/channels_r2_allgather_64M_tree_simple_ch1.csv
channels_r3_allgather_64M_tree_simple_ch1	allgather	64M	tree_simple	1	0,1,2,3	0	/root/private_data/lyc/2ndpaper/results/k500sm_ai_gfx928_4gpu/20260825T102643Z/logs/channels_r3_allgather_64M_tree_simple_ch1.log	/root/private_data/lyc/2ndpaper/results/k500sm_ai_gfx928_4gpu/20260825T102643Z/csv/channels_r3_allgather_64M_tree_simple_ch1.csv
channels_r1_allgather_64M_tree_simple_ch2	allgather	64M	tree_simple	2	0,1,2,3	0	/root/private_data/lyc/2ndpaper/results/k500sm_ai_gfx928_4gpu/20260825T102643Z/logs/channels_r1_allgather_64M_tree_simple_ch2.log	/root/private_data/lyc/2ndpaper/results/k500sm_ai_gfx928_4gpu/20260825T102643Z/csv/channels_r1_allgather_64M_tree_simple_ch2.csv
channels_r2_allgather_64M_tree_simple_ch2	allgather	64M	tree_simple	2	0,1,2,3	0	/root/private_data/lyc/2ndpaper/results/k500sm_ai_gfx928_4gpu/20260825T102643Z/logs/channels_r2_allgather_64M_tree_simple_ch2.log	/root/private_data/lyc/2ndpaper/results/k500sm_ai_gfx928_4gpu/20260825T102643Z/csv/channels_r2_allgather_64M_tree_simple_ch2.csv
channels_r3_allgather_64M_tree_simple_ch2	allgather	64M	tree_simple	2	0,1,2,3	0	/root/private_data/lyc/2ndpaper/results/k500sm_ai_gfx928_4gpu/20260825T102643Z/logs/channels_r3_allgather_64M_tree_simple_ch2.log	/root/private_data/lyc/2ndpaper/results/k500sm_ai_gfx928_4gpu/20260825T102643Z/csv/channels_r3_allgather_64M_tree_simple_ch2.csv
channels_r1_allgather_64M_tree_simple_ch4	allgather	64M	tree_simple	4	0,1,2,3	0	/root/private_data/lyc/2ndpaper/results/k500sm_ai_gfx928_4gpu/20260825T102643Z/logs/channels_r1_allgather_64M_tree_simple_ch4.log	/root/private_data/lyc/2ndpaper/results/k500sm_ai_gfx928_4gpu/20260825T102643Z/csv/channels_r1_allgather_64M_tree_simple_ch4.csv
channels_r2_allgather_64M_tree_simple_ch4	allgather	64M	tree_simple	4	0,1,2,3	0	/root/private_data/lyc/2ndpaper/results/k500sm_ai_gfx928_4gpu/20260825T102643Z/logs/channels_r2_allgather_64M_tree_simple_ch4.log	/root/private_data/lyc/2ndpaper/results/k500sm_ai_gfx928_4gpu/20260825T102643Z/csv/channels_r2_allgather_64M_tree_simple_ch4.csv
channels_r3_allgather_64M_tree_simple_ch4	allgather	64M	tree_simple	4	0,1,2,3	0	/root/private_data/lyc/2ndpaper/results/k500sm_ai_gfx928_4gpu/20260825T102643Z/logs/channels_r3_allgather_64M_tree_simple_ch4.log	/root/private_data/lyc/2ndpaper/results/k500sm_ai_gfx928_4gpu/20260825T102643Z/csv/channels_r3_allgather_64M_tree_simple_ch4.csv
channels_r1_allgather_64M_tree_simple_ch8	allgather	64M	tree_simple	8	0,1,2,3	0	/root/private_data/lyc/2ndpaper/results/k500sm_ai_gfx928_4gpu/20260825T102643Z/logs/channels_r1_allgather_64M_tree_simple_ch8.log	/root/private_data/lyc/2ndpaper/results/k500sm_ai_gfx928_4gpu/20260825T102643Z/csv/channels_r1_allgather_64M_tree_simple_ch8.csv
channels_r2_allgather_64M_tree_simple_ch8	allgather	64M	tree_simple	8	0,1,2,3	0	/root/private_data/lyc/2ndpaper/results/k500sm_ai_gfx928_4gpu/20260825T102643Z/logs/channels_r2_allgather_64M_tree_simple_ch8.log	/root/private_data/lyc/2ndpaper/results/k500sm_ai_gfx928_4gpu/20260825T102643Z/csv/channels_r2_allgather_64M_tree_simple_ch8.csv
channels_r3_allgather_64M_tree_simple_ch8	allgather	64M	tree_simple	8	0,1,2,3	0	/root/private_data/lyc/2ndpaper/results/k500sm_ai_gfx928_4gpu/20260825T102643Z/logs/channels_r3_allgather_64M_tree_simple_ch8.log	/root/private_data/lyc/2ndpaper/results/k500sm_ai_gfx928_4gpu/20260825T102643Z/csv/channels_r3_allgather_64M_tree_simple_ch8.csv
channels_r1_allgather_64M_tree_ll_ch1	allgather	64M	tree_ll	1	0,1,2,3	0	/root/private_data/lyc/2ndpaper/results/k500sm_ai_gfx928_4gpu/20260825T102643Z/logs/channels_r1_allgather_64M_tree_ll_ch1.log	/root/private_data/lyc/2ndpaper/results/k500sm_ai_gfx928_4gpu/20260825T102643Z/csv/channels_r1_allgather_64M_tree_ll_ch1.csv
channels_r2_allgather_64M_tree_ll_ch1	allgather	64M	tree_ll	1	0,1,2,3	0	/root/private_data/lyc/2ndpaper/results/k500sm_ai_gfx928_4gpu/20260825T102643Z/logs/channels_r2_allgather_64M_tree_ll_ch1.log	/root/private_data/lyc/2ndpaper/results/k500sm_ai_gfx928_4gpu/20260825T102643Z/csv/channels_r2_allgather_64M_tree_ll_ch1.csv
channels_r3_allgather_64M_tree_ll_ch1	allgather	64M	tree_ll	1	0,1,2,3	0	/root/private_data/lyc/2ndpaper/results/k500sm_ai_gfx928_4gpu/20260825T102643Z/logs/channels_r3_allgather_64M_tree_ll_ch1.log	/root/private_data/lyc/2ndpaper/results/k500sm_ai_gfx928_4gpu/20260825T102643Z/csv/channels_r3_allgather_64M_tree_ll_ch1.csv
channels_r1_allgather_64M_tree_ll_ch2	allgather	64M	tree_ll	2	0,1,2,3	0	/root/private_data/lyc/2ndpaper/results/k500sm_ai_gfx928_4gpu/20260825T102643Z/logs/channels_r1_allgather_64M_tree_ll_ch2.log	/root/private_data/lyc/2ndpaper/results/k500sm_ai_gfx928_4gpu/20260825T102643Z/csv/channels_r1_allgather_64M_tree_ll_ch2.csv
channels_r2_allgather_64M_tree_ll_ch2	allgather	64M	tree_ll	2	0,1,2,3	0	/root/private_data/lyc/2ndpaper/results/k500sm_ai_gfx928_4gpu/20260825T102643Z/logs/channels_r2_allgather_64M_tree_ll_ch2.log	/root/private_data/lyc/2ndpaper/results/k500sm_ai_gfx928_4gpu/20260825T102643Z/csv/channels_r2_allgather_64M_tree_ll_ch2.csv
channels_r3_allgather_64M_tree_ll_ch2	allgather	64M	tree_ll	2	0,1,2,3	0	/root/private_data/lyc/2ndpaper/results/k500sm_ai_gfx928_4gpu/20260825T102643Z/logs/channels_r3_allgather_64M_tree_ll_ch2.log	/root/private_data/lyc/2ndpaper/results/k500sm_ai_gfx928_4gpu/20260825T102643Z/csv/channels_r3_allgather_64M_tree_ll_ch2.csv
channels_r1_allgather_64M_tree_ll_ch4	allgather	64M	tree_ll	4	0,1,2,3	0	/root/private_data/lyc/2ndpaper/results/k500sm_ai_gfx928_4gpu/20260825T102643Z/logs/channels_r1_allgather_64M_tree_ll_ch4.log	/root/private_data/lyc/2ndpaper/results/k500sm_ai_gfx928_4gpu/20260825T102643Z/csv/channels_r1_allgather_64M_tree_ll_ch4.csv
channels_r2_allgather_64M_tree_ll_ch4	allgather	64M	tree_ll	4	0,1,2,3	0	/root/private_data/lyc/2ndpaper/results/k500sm_ai_gfx928_4gpu/20260825T102643Z/logs/channels_r2_allgather_64M_tree_ll_ch4.log	/root/private_data/lyc/2ndpaper/results/k500sm_ai_gfx928_4gpu/20260825T102643Z/csv/channels_r2_allgather_64M_tree_ll_ch4.csv
channels_r3_allgather_64M_tree_ll_ch4	allgather	64M	tree_ll	4	0,1,2,3	0	/root/private_data/lyc/2ndpaper/results/k500sm_ai_gfx928_4gpu/20260825T102643Z/logs/channels_r3_allgather_64M_tree_ll_ch4.log	/root/private_data/lyc/2ndpaper/results/k500sm_ai_gfx928_4gpu/20260825T102643Z/csv/channels_r3_allgather_64M_tree_ll_ch4.csv
channels_r1_allgather_64M_tree_ll_ch8	allgather	64M	tree_ll	8	0,1,2,3	0	/root/private_data/lyc/2ndpaper/results/k500sm_ai_gfx928_4gpu/20260825T102643Z/logs/channels_r1_allgather_64M_tree_ll_ch8.log	/root/private_data/lyc/2ndpaper/results/k500sm_ai_gfx928_4gpu/20260825T102643Z/csv/channels_r1_allgather_64M_tree_ll_ch8.csv
channels_r2_allgather_64M_tree_ll_ch8	allgather	64M	tree_ll	8	0,1,2,3	0	/root/private_data/lyc/2ndpaper/results/k500sm_ai_gfx928_4gpu/20260825T102643Z/logs/channels_r2_allgather_64M_tree_ll_ch8.log	/root/private_data/lyc/2ndpaper/results/k500sm_ai_gfx928_4gpu/20260825T102643Z/csv/channels_r2_allgather_64M_tree_ll_ch8.csv
channels_r3_allgather_64M_tree_ll_ch8	allgather	64M	tree_ll	8	0,1,2,3	0	/root/private_data/lyc/2ndpaper/results/k500sm_ai_gfx928_4gpu/20260825T102643Z/logs/channels_r3_allgather_64M_tree_ll_ch8.log	/root/private_data/lyc/2ndpaper/results/k500sm_ai_gfx928_4gpu/20260825T102643Z/csv/channels_r3_allgather_64M_tree_ll_ch8.csv
channels_r1_allreduce_1M_ring_simple_ch1	allreduce	1M	ring_simple	1	0,1,2,3	0	/root/private_data/lyc/2ndpaper/results/k500sm_ai_gfx928_4gpu/20260825T102643Z/logs/channels_r1_allreduce_1M_ring_simple_ch1.log	/root/private_data/lyc/2ndpaper/results/k500sm_ai_gfx928_4gpu/20260825T102643Z/csv/channels_r1_allreduce_1M_ring_simple_ch1.csv
channels_r2_allreduce_1M_ring_simple_ch1	allreduce	1M	ring_simple	1	0,1,2,3	0	/root/private_data/lyc/2ndpaper/results/k500sm_ai_gfx928_4gpu/20260825T102643Z/logs/channels_r2_allreduce_1M_ring_simple_ch1.log	/root/private_data/lyc/2ndpaper/results/k500sm_ai_gfx928_4gpu/20260825T102643Z/csv/channels_r2_allreduce_1M_ring_simple_ch1.csv
channels_r3_allreduce_1M_ring_simple_ch1	allreduce	1M	ring_simple	1	0,1,2,3	0	/root/private_data/lyc/2ndpaper/results/k500sm_ai_gfx928_4gpu/20260825T102643Z/logs/channels_r3_allreduce_1M_ring_simple_ch1.log	/root/private_data/lyc/2ndpaper/results/k500sm_ai_gfx928_4gpu/20260825T102643Z/csv/channels_r3_allreduce_1M_ring_simple_ch1.csv
channels_r1_allreduce_1M_ring_simple_ch2	allreduce	1M	ring_simple	2	0,1,2,3	0	/root/private_data/lyc/2ndpaper/results/k500sm_ai_gfx928_4gpu/20260825T102643Z/logs/channels_r1_allreduce_1M_ring_simple_ch2.log	/root/private_data/lyc/2ndpaper/results/k500sm_ai_gfx928_4gpu/20260825T102643Z/csv/channels_r1_allreduce_1M_ring_simple_ch2.csv
channels_r2_allreduce_1M_ring_simple_ch2	allreduce	1M	ring_simple	2	0,1,2,3	0	/root/private_data/lyc/2ndpaper/results/k500sm_ai_gfx928_4gpu/20260825T102643Z/logs/channels_r2_allreduce_1M_ring_simple_ch2.log	/root/private_data/lyc/2ndpaper/results/k500sm_ai_gfx928_4gpu/20260825T102643Z/csv/channels_r2_allreduce_1M_ring_simple_ch2.csv
channels_r3_allreduce_1M_ring_simple_ch2	allreduce	1M	ring_simple	2	0,1,2,3	0	/root/private_data/lyc/2ndpaper/results/k500sm_ai_gfx928_4gpu/20260825T102643Z/logs/channels_r3_allreduce_1M_ring_simple_ch2.log	/root/private_data/lyc/2ndpaper/results/k500sm_ai_gfx928_4gpu/20260825T102643Z/csv/channels_r3_allreduce_1M_ring_simple_ch2.csv
channels_r1_allreduce_1M_ring_simple_ch4	allreduce	1M	ring_simple	4	0,1,2,3	0	/root/private_data/lyc/2ndpaper/results/k500sm_ai_gfx928_4gpu/20260825T102643Z/logs/channels_r1_allreduce_1M_ring_simple_ch4.log	/root/private_data/lyc/2ndpaper/results/k500sm_ai_gfx928_4gpu/20260825T102643Z/csv/channels_r1_allreduce_1M_ring_simple_ch4.csv
channels_r2_allreduce_1M_ring_simple_ch4	allreduce	1M	ring_simple	4	0,1,2,3	0	/root/private_data/lyc/2ndpaper/results/k500sm_ai_gfx928_4gpu/20260825T102643Z/logs/channels_r2_allreduce_1M_ring_simple_ch4.log	/root/private_data/lyc/2ndpaper/results/k500sm_ai_gfx928_4gpu/20260825T102643Z/csv/channels_r2_allreduce_1M_ring_simple_ch4.csv
channels_r3_allreduce_1M_ring_simple_ch4	allreduce	1M	ring_simple	4	0,1,2,3	0	/root/private_data/lyc/2ndpaper/results/k500sm_ai_gfx928_4gpu/20260825T102643Z/logs/channels_r3_allreduce_1M_ring_simple_ch4.log	/root/private_data/lyc/2ndpaper/results/k500sm_ai_gfx928_4gpu/20260825T102643Z/csv/channels_r3_allreduce_1M_ring_simple_ch4.csv
channels_r1_allreduce_1M_ring_simple_ch8	allreduce	1M	ring_simple	8	0,1,2,3	0	/root/private_data/lyc/2ndpaper/results/k500sm_ai_gfx928_4gpu/20260825T102643Z/logs/channels_r1_allreduce_1M_ring_simple_ch8.log	/root/private_data/lyc/2ndpaper/results/k500sm_ai_gfx928_4gpu/20260825T102643Z/csv/channels_r1_allreduce_1M_ring_simple_ch8.csv
channels_r2_allreduce_1M_ring_simple_ch8	allreduce	1M	ring_simple	8	0,1,2,3	0	/root/private_data/lyc/2ndpaper/results/k500sm_ai_gfx928_4gpu/20260825T102643Z/logs/channels_r2_allreduce_1M_ring_simple_ch8.log	/root/private_data/lyc/2ndpaper/results/k500sm_ai_gfx928_4gpu/20260825T102643Z/csv/channels_r2_allreduce_1M_ring_simple_ch8.csv
channels_r3_allreduce_1M_ring_simple_ch8	allreduce	1M	ring_simple	8	0,1,2,3	0	/root/private_data/lyc/2ndpaper/results/k500sm_ai_gfx928_4gpu/20260825T102643Z/logs/channels_r3_allreduce_1M_ring_simple_ch8.log	/root/private_data/lyc/2ndpaper/results/k500sm_ai_gfx928_4gpu/20260825T102643Z/csv/channels_r3_allreduce_1M_ring_simple_ch8.csv
channels_r1_allreduce_1M_ring_ll_ch1	allreduce	1M	ring_ll	1	0,1,2,3	0	/root/private_data/lyc/2ndpaper/results/k500sm_ai_gfx928_4gpu/20260825T102643Z/logs/channels_r1_allreduce_1M_ring_ll_ch1.log	/root/private_data/lyc/2ndpaper/results/k500sm_ai_gfx928_4gpu/20260825T102643Z/csv/channels_r1_allreduce_1M_ring_ll_ch1.csv
channels_r2_allreduce_1M_ring_ll_ch1	allreduce	1M	ring_ll	1	0,1,2,3	0	/root/private_data/lyc/2ndpaper/results/k500sm_ai_gfx928_4gpu/20260825T102643Z/logs/channels_r2_allreduce_1M_ring_ll_ch1.log	/root/private_data/lyc/2ndpaper/results/k500sm_ai_gfx928_4gpu/20260825T102643Z/csv/channels_r2_allreduce_1M_ring_ll_ch1.csv
channels_r3_allreduce_1M_ring_ll_ch1	allreduce	1M	ring_ll	1	0,1,2,3	0	/root/private_data/lyc/2ndpaper/results/k500sm_ai_gfx928_4gpu/20260825T102643Z/logs/channels_r3_allreduce_1M_ring_ll_ch1.log	/root/private_data/lyc/2ndpaper/results/k500sm_ai_gfx928_4gpu/20260825T102643Z/csv/channels_r3_allreduce_1M_ring_ll_ch1.csv
channels_r1_allreduce_1M_ring_ll_ch2	allreduce	1M	ring_ll	2	0,1,2,3	0	/root/private_data/lyc/2ndpaper/results/k500sm_ai_gfx928_4gpu/20260825T102643Z/logs/channels_r1_allreduce_1M_ring_ll_ch2.log	/root/private_data/lyc/2ndpaper/results/k500sm_ai_gfx928_4gpu/20260825T102643Z/csv/channels_r1_allreduce_1M_ring_ll_ch2.csv
channels_r2_allreduce_1M_ring_ll_ch2	allreduce	1M	ring_ll	2	0,1,2,3	0	/root/private_data/lyc/2ndpaper/results/k500sm_ai_gfx928_4gpu/20260825T102643Z/logs/channels_r2_allreduce_1M_ring_ll_ch2.log	/root/private_data/lyc/2ndpaper/results/k500sm_ai_gfx928_4gpu/20260825T102643Z/csv/channels_r2_allreduce_1M_ring_ll_ch2.csv
channels_r3_allreduce_1M_ring_ll_ch2	allreduce	1M	ring_ll	2	0,1,2,3	0	/root/private_data/lyc/2ndpaper/results/k500sm_ai_gfx928_4gpu/20260825T102643Z/logs/channels_r3_allreduce_1M_ring_ll_ch2.log	/root/private_data/lyc/2ndpaper/results/k500sm_ai_gfx928_4gpu/20260825T102643Z/csv/channels_r3_allreduce_1M_ring_ll_ch2.csv
channels_r1_allreduce_1M_ring_ll_ch4	allreduce	1M	ring_ll	4	0,1,2,3	0	/root/private_data/lyc/2ndpaper/results/k500sm_ai_gfx928_4gpu/20260825T102643Z/logs/channels_r1_allreduce_1M_ring_ll_ch4.log	/root/private_data/lyc/2ndpaper/results/k500sm_ai_gfx928_4gpu/20260825T102643Z/csv/channels_r1_allreduce_1M_ring_ll_ch4.csv
channels_r2_allreduce_1M_ring_ll_ch4	allreduce	1M	ring_ll	4	0,1,2,3	0	/root/private_data/lyc/2ndpaper/results/k500sm_ai_gfx928_4gpu/20260825T102643Z/logs/channels_r2_allreduce_1M_ring_ll_ch4.log	/root/private_data/lyc/2ndpaper/results/k500sm_ai_gfx928_4gpu/20260825T102643Z/csv/channels_r2_allreduce_1M_ring_ll_ch4.csv
channels_r3_allreduce_1M_ring_ll_ch4	allreduce	1M	ring_ll	4	0,1,2,3	0	/root/private_data/lyc/2ndpaper/results/k500sm_ai_gfx928_4gpu/20260825T102643Z/logs/channels_r3_allreduce_1M_ring_ll_ch4.log	/root/private_data/lyc/2ndpaper/results/k500sm_ai_gfx928_4gpu/20260825T102643Z/csv/channels_r3_allreduce_1M_ring_ll_ch4.csv
channels_r1_allreduce_1M_ring_ll_ch8	allreduce	1M	ring_ll	8	0,1,2,3	0	/root/private_data/lyc/2ndpaper/results/k500sm_ai_gfx928_4gpu/20260825T102643Z/logs/channels_r1_allreduce_1M_ring_ll_ch8.log	/root/private_data/lyc/2ndpaper/results/k500sm_ai_gfx928_4gpu/20260825T102643Z/csv/channels_r1_allreduce_1M_ring_ll_ch8.csv
channels_r2_allreduce_1M_ring_ll_ch8	allreduce	1M	ring_ll	8	0,1,2,3	0	/root/private_data/lyc/2ndpaper/results/k500sm_ai_gfx928_4gpu/20260825T102643Z/logs/channels_r2_allreduce_1M_ring_ll_ch8.log	/root/private_data/lyc/2ndpaper/results/k500sm_ai_gfx928_4gpu/20260825T102643Z/csv/channels_r2_allreduce_1M_ring_ll_ch8.csv
channels_r3_allreduce_1M_ring_ll_ch8	allreduce	1M	ring_ll	8	0,1,2,3	0	/root/private_data/lyc/2ndpaper/results/k500sm_ai_gfx928_4gpu/20260825T102643Z/logs/channels_r3_allreduce_1M_ring_ll_ch8.log	/root/private_data/lyc/2ndpaper/results/k500sm_ai_gfx928_4gpu/20260825T102643Z/csv/channels_r3_allreduce_1M_ring_ll_ch8.csv
channels_r1_allreduce_1M_tree_simple_ch1	allreduce	1M	tree_simple	1	0,1,2,3	0	/root/private_data/lyc/2ndpaper/results/k500sm_ai_gfx928_4gpu/20260825T102643Z/logs/channels_r1_allreduce_1M_tree_simple_ch1.log	/root/private_data/lyc/2ndpaper/results/k500sm_ai_gfx928_4gpu/20260825T102643Z/csv/channels_r1_allreduce_1M_tree_simple_ch1.csv
channels_r2_allreduce_1M_tree_simple_ch1	allreduce	1M	tree_simple	1	0,1,2,3	0	/root/private_data/lyc/2ndpaper/results/k500sm_ai_gfx928_4gpu/20260825T102643Z/logs/channels_r2_allreduce_1M_tree_simple_ch1.log	/root/private_data/lyc/2ndpaper/results/k500sm_ai_gfx928_4gpu/20260825T102643Z/csv/channels_r2_allreduce_1M_tree_simple_ch1.csv
channels_r3_allreduce_1M_tree_simple_ch1	allreduce	1M	tree_simple	1	0,1,2,3	0	/root/private_data/lyc/2ndpaper/results/k500sm_ai_gfx928_4gpu/20260825T102643Z/logs/channels_r3_allreduce_1M_tree_simple_ch1.log	/root/private_data/lyc/2ndpaper/results/k500sm_ai_gfx928_4gpu/20260825T102643Z/csv/channels_r3_allreduce_1M_tree_simple_ch1.csv
channels_r1_allreduce_1M_tree_simple_ch2	allreduce	1M	tree_simple	2	0,1,2,3	0	/root/private_data/lyc/2ndpaper/results/k500sm_ai_gfx928_4gpu/20260825T102643Z/logs/channels_r1_allreduce_1M_tree_simple_ch2.log	/root/private_data/lyc/2ndpaper/results/k500sm_ai_gfx928_4gpu/20260825T102643Z/csv/channels_r1_allreduce_1M_tree_simple_ch2.csv
channels_r2_allreduce_1M_tree_simple_ch2	allreduce	1M	tree_simple	2	0,1,2,3	0	/root/private_data/lyc/2ndpaper/results/k500sm_ai_gfx928_4gpu/20260825T102643Z/logs/channels_r2_allreduce_1M_tree_simple_ch2.log	/root/private_data/lyc/2ndpaper/results/k500sm_ai_gfx928_4gpu/20260825T102643Z/csv/channels_r2_allreduce_1M_tree_simple_ch2.csv
channels_r3_allreduce_1M_tree_simple_ch2	allreduce	1M	tree_simple	2	0,1,2,3	0	/root/private_data/lyc/2ndpaper/results/k500sm_ai_gfx928_4gpu/20260825T102643Z/logs/channels_r3_allreduce_1M_tree_simple_ch2.log	/root/private_data/lyc/2ndpaper/results/k500sm_ai_gfx928_4gpu/20260825T102643Z/csv/channels_r3_allreduce_1M_tree_simple_ch2.csv
channels_r1_allreduce_1M_tree_simple_ch4	allreduce	1M	tree_simple	4	0,1,2,3	0	/root/private_data/lyc/2ndpaper/results/k500sm_ai_gfx928_4gpu/20260825T102643Z/logs/channels_r1_allreduce_1M_tree_simple_ch4.log	/root/private_data/lyc/2ndpaper/results/k500sm_ai_gfx928_4gpu/20260825T102643Z/csv/channels_r1_allreduce_1M_tree_simple_ch4.csv
channels_r2_allreduce_1M_tree_simple_ch4	allreduce	1M	tree_simple	4	0,1,2,3	0	/root/private_data/lyc/2ndpaper/results/k500sm_ai_gfx928_4gpu/20260825T102643Z/logs/channels_r2_allreduce_1M_tree_simple_ch4.log	/root/private_data/lyc/2ndpaper/results/k500sm_ai_gfx928_4gpu/20260825T102643Z/csv/channels_r2_allreduce_1M_tree_simple_ch4.csv
channels_r3_allreduce_1M_tree_simple_ch4	allreduce	1M	tree_simple	4	0,1,2,3	0	/root/private_data/lyc/2ndpaper/results/k500sm_ai_gfx928_4gpu/20260825T102643Z/logs/channels_r3_allreduce_1M_tree_simple_ch4.log	/root/private_data/lyc/2ndpaper/results/k500sm_ai_gfx928_4gpu/20260825T102643Z/csv/channels_r3_allreduce_1M_tree_simple_ch4.csv
channels_r1_allreduce_1M_tree_simple_ch8	allreduce	1M	tree_simple	8	0,1,2,3	0	/root/private_data/lyc/2ndpaper/results/k500sm_ai_gfx928_4gpu/20260825T102643Z/logs/channels_r1_allreduce_1M_tree_simple_ch8.log	/root/private_data/lyc/2ndpaper/results/k500sm_ai_gfx928_4gpu/20260825T102643Z/csv/channels_r1_allreduce_1M_tree_simple_ch8.csv
channels_r2_allreduce_1M_tree_simple_ch8	allreduce	1M	tree_simple	8	0,1,2,3	0	/root/private_data/lyc/2ndpaper/results/k500sm_ai_gfx928_4gpu/20260825T102643Z/logs/channels_r2_allreduce_1M_tree_simple_ch8.log	/root/private_data/lyc/2ndpaper/results/k500sm_ai_gfx928_4gpu/20260825T102643Z/csv/channels_r2_allreduce_1M_tree_simple_ch8.csv
channels_r3_allreduce_1M_tree_simple_ch8	allreduce	1M	tree_simple	8	0,1,2,3	0	/root/private_data/lyc/2ndpaper/results/k500sm_ai_gfx928_4gpu/20260825T102643Z/logs/channels_r3_allreduce_1M_tree_simple_ch8.log	/root/private_data/lyc/2ndpaper/results/k500sm_ai_gfx928_4gpu/20260825T102643Z/csv/channels_r3_allreduce_1M_tree_simple_ch8.csv
channels_r1_allreduce_1M_tree_ll_ch1	allreduce	1M	tree_ll	1	0,1,2,3	0	/root/private_data/lyc/2ndpaper/results/k500sm_ai_gfx928_4gpu/20260825T102643Z/logs/channels_r1_allreduce_1M_tree_ll_ch1.log	/root/private_data/lyc/2ndpaper/results/k500sm_ai_gfx928_4gpu/20260825T102643Z/csv/channels_r1_allreduce_1M_tree_ll_ch1.csv
channels_r2_allreduce_1M_tree_ll_ch1	allreduce	1M	tree_ll	1	0,1,2,3	0	/root/private_data/lyc/2ndpaper/results/k500sm_ai_gfx928_4gpu/20260825T102643Z/logs/channels_r2_allreduce_1M_tree_ll_ch1.log	/root/private_data/lyc/2ndpaper/results/k500sm_ai_gfx928_4gpu/20260825T102643Z/csv/channels_r2_allreduce_1M_tree_ll_ch1.csv
channels_r3_allreduce_1M_tree_ll_ch1	allreduce	1M	tree_ll	1	0,1,2,3	0	/root/private_data/lyc/2ndpaper/results/k500sm_ai_gfx928_4gpu/20260825T102643Z/logs/channels_r3_allreduce_1M_tree_ll_ch1.log	/root/private_data/lyc/2ndpaper/results/k500sm_ai_gfx928_4gpu/20260825T102643Z/csv/channels_r3_allreduce_1M_tree_ll_ch1.csv
channels_r1_allreduce_1M_tree_ll_ch2	allreduce	1M	tree_ll	2	0,1,2,3	0	/root/private_data/lyc/2ndpaper/results/k500sm_ai_gfx928_4gpu/20260825T102643Z/logs/channels_r1_allreduce_1M_tree_ll_ch2.log	/root/private_data/lyc/2ndpaper/results/k500sm_ai_gfx928_4gpu/20260825T102643Z/csv/channels_r1_allreduce_1M_tree_ll_ch2.csv
channels_r2_allreduce_1M_tree_ll_ch2	allreduce	1M	tree_ll	2	0,1,2,3	0	/root/private_data/lyc/2ndpaper/results/k500sm_ai_gfx928_4gpu/20260825T102643Z/logs/channels_r2_allreduce_1M_tree_ll_ch2.log	/root/private_data/lyc/2ndpaper/results/k500sm_ai_gfx928_4gpu/20260825T102643Z/csv/channels_r2_allreduce_1M_tree_ll_ch2.csv
channels_r3_allreduce_1M_tree_ll_ch2	allreduce	1M	tree_ll	2	0,1,2,3	0	/root/private_data/lyc/2ndpaper/results/k500sm_ai_gfx928_4gpu/20260825T102643Z/logs/channels_r3_allreduce_1M_tree_ll_ch2.log	/root/private_data/lyc/2ndpaper/results/k500sm_ai_gfx928_4gpu/20260825T102643Z/csv/channels_r3_allreduce_1M_tree_ll_ch2.csv
channels_r1_allreduce_1M_tree_ll_ch4	allreduce	1M	tree_ll	4	0,1,2,3	0	/root/private_data/lyc/2ndpaper/results/k500sm_ai_gfx928_4gpu/20260825T102643Z/logs/channels_r1_allreduce_1M_tree_ll_ch4.log	/root/private_data/lyc/2ndpaper/results/k500sm_ai_gfx928_4gpu/20260825T102643Z/csv/channels_r1_allreduce_1M_tree_ll_ch4.csv
channels_r2_allreduce_1M_tree_ll_ch4	allreduce	1M	tree_ll	4	0,1,2,3	0	/root/private_data/lyc/2ndpaper/results/k500sm_ai_gfx928_4gpu/20260825T102643Z/logs/channels_r2_allreduce_1M_tree_ll_ch4.log	/root/private_data/lyc/2ndpaper/results/k500sm_ai_gfx928_4gpu/20260825T102643Z/csv/channels_r2_allreduce_1M_tree_ll_ch4.csv
channels_r3_allreduce_1M_tree_ll_ch4	allreduce	1M	tree_ll	4	0,1,2,3	0	/root/private_data/lyc/2ndpaper/results/k500sm_ai_gfx928_4gpu/20260825T102643Z/logs/channels_r3_allreduce_1M_tree_ll_ch4.log	/root/private_data/lyc/2ndpaper/results/k500sm_ai_gfx928_4gpu/20260825T102643Z/csv/channels_r3_allreduce_1M_tree_ll_ch4.csv
channels_r1_allreduce_1M_tree_ll_ch8	allreduce	1M	tree_ll	8	0,1,2,3	0	/root/private_data/lyc/2ndpaper/results/k500sm_ai_gfx928_4gpu/20260825T102643Z/logs/channels_r1_allreduce_1M_tree_ll_ch8.log	/root/private_data/lyc/2ndpaper/results/k500sm_ai_gfx928_4gpu/20260825T102643Z/csv/channels_r1_allreduce_1M_tree_ll_ch8.csv
channels_r2_allreduce_1M_tree_ll_ch8	allreduce	1M	tree_ll	8	0,1,2,3	0	/root/private_data/lyc/2ndpaper/results/k500sm_ai_gfx928_4gpu/20260825T102643Z/logs/channels_r2_allreduce_1M_tree_ll_ch8.log	/root/private_data/lyc/2ndpaper/results/k500sm_ai_gfx928_4gpu/20260825T102643Z/csv/channels_r2_allreduce_1M_tree_ll_ch8.csv
channels_r3_allreduce_1M_tree_ll_ch8	allreduce	1M	tree_ll	8	0,1,2,3	0	/root/private_data/lyc/2ndpaper/results/k500sm_ai_gfx928_4gpu/20260825T102643Z/logs/channels_r3_allreduce_1M_tree_ll_ch8.log	/root/private_data/lyc/2ndpaper/results/k500sm_ai_gfx928_4gpu/20260825T102643Z/csv/channels_r3_allreduce_1M_tree_ll_ch8.csv
channels_r1_allreduce_8M_ring_simple_ch1	allreduce	8M	ring_simple	1	0,1,2,3	0	/root/private_data/lyc/2ndpaper/results/k500sm_ai_gfx928_4gpu/20260825T102643Z/logs/channels_r1_allreduce_8M_ring_simple_ch1.log	/root/private_data/lyc/2ndpaper/results/k500sm_ai_gfx928_4gpu/20260825T102643Z/csv/channels_r1_allreduce_8M_ring_simple_ch1.csv
channels_r2_allreduce_8M_ring_simple_ch1	allreduce	8M	ring_simple	1	0,1,2,3	0	/root/private_data/lyc/2ndpaper/results/k500sm_ai_gfx928_4gpu/20260825T102643Z/logs/channels_r2_allreduce_8M_ring_simple_ch1.log	/root/private_data/lyc/2ndpaper/results/k500sm_ai_gfx928_4gpu/20260825T102643Z/csv/channels_r2_allreduce_8M_ring_simple_ch1.csv
channels_r3_allreduce_8M_ring_simple_ch1	allreduce	8M	ring_simple	1	0,1,2,3	0	/root/private_data/lyc/2ndpaper/results/k500sm_ai_gfx928_4gpu/20260825T102643Z/logs/channels_r3_allreduce_8M_ring_simple_ch1.log	/root/private_data/lyc/2ndpaper/results/k500sm_ai_gfx928_4gpu/20260825T102643Z/csv/channels_r3_allreduce_8M_ring_simple_ch1.csv
channels_r1_allreduce_8M_ring_simple_ch2	allreduce	8M	ring_simple	2	0,1,2,3	0	/root/private_data/lyc/2ndpaper/results/k500sm_ai_gfx928_4gpu/20260825T102643Z/logs/channels_r1_allreduce_8M_ring_simple_ch2.log	/root/private_data/lyc/2ndpaper/results/k500sm_ai_gfx928_4gpu/20260825T102643Z/csv/channels_r1_allreduce_8M_ring_simple_ch2.csv
channels_r2_allreduce_8M_ring_simple_ch2	allreduce	8M	ring_simple	2	0,1,2,3	0	/root/private_data/lyc/2ndpaper/results/k500sm_ai_gfx928_4gpu/20260825T102643Z/logs/channels_r2_allreduce_8M_ring_simple_ch2.log	/root/private_data/lyc/2ndpaper/results/k500sm_ai_gfx928_4gpu/20260825T102643Z/csv/channels_r2_allreduce_8M_ring_simple_ch2.csv
channels_r3_allreduce_8M_ring_simple_ch2	allreduce	8M	ring_simple	2	0,1,2,3	0	/root/private_data/lyc/2ndpaper/results/k500sm_ai_gfx928_4gpu/20260825T102643Z/logs/channels_r3_allreduce_8M_ring_simple_ch2.log	/root/private_data/lyc/2ndpaper/results/k500sm_ai_gfx928_4gpu/20260825T102643Z/csv/channels_r3_allreduce_8M_ring_simple_ch2.csv
channels_r1_allreduce_8M_ring_simple_ch4	allreduce	8M	ring_simple	4	0,1,2,3	0	/root/private_data/lyc/2ndpaper/results/k500sm_ai_gfx928_4gpu/20260825T102643Z/logs/channels_r1_allreduce_8M_ring_simple_ch4.log	/root/private_data/lyc/2ndpaper/results/k500sm_ai_gfx928_4gpu/20260825T102643Z/csv/channels_r1_allreduce_8M_ring_simple_ch4.csv
channels_r2_allreduce_8M_ring_simple_ch4	allreduce	8M	ring_simple	4	0,1,2,3	0	/root/private_data/lyc/2ndpaper/results/k500sm_ai_gfx928_4gpu/20260825T102643Z/logs/channels_r2_allreduce_8M_ring_simple_ch4.log	/root/private_data/lyc/2ndpaper/results/k500sm_ai_gfx928_4gpu/20260825T102643Z/csv/channels_r2_allreduce_8M_ring_simple_ch4.csv
channels_r3_allreduce_8M_ring_simple_ch4	allreduce	8M	ring_simple	4	0,1,2,3	0	/root/private_data/lyc/2ndpaper/results/k500sm_ai_gfx928_4gpu/20260825T102643Z/logs/channels_r3_allreduce_8M_ring_simple_ch4.log	/root/private_data/lyc/2ndpaper/results/k500sm_ai_gfx928_4gpu/20260825T102643Z/csv/channels_r3_allreduce_8M_ring_simple_ch4.csv
channels_r1_allreduce_8M_ring_simple_ch8	allreduce	8M	ring_simple	8	0,1,2,3	0	/root/private_data/lyc/2ndpaper/results/k500sm_ai_gfx928_4gpu/20260825T102643Z/logs/channels_r1_allreduce_8M_ring_simple_ch8.log	/root/private_data/lyc/2ndpaper/results/k500sm_ai_gfx928_4gpu/20260825T102643Z/csv/channels_r1_allreduce_8M_ring_simple_ch8.csv
channels_r2_allreduce_8M_ring_simple_ch8	allreduce	8M	ring_simple	8	0,1,2,3	0	/root/private_data/lyc/2ndpaper/results/k500sm_ai_gfx928_4gpu/20260825T102643Z/logs/channels_r2_allreduce_8M_ring_simple_ch8.log	/root/private_data/lyc/2ndpaper/results/k500sm_ai_gfx928_4gpu/20260825T102643Z/csv/channels_r2_allreduce_8M_ring_simple_ch8.csv
channels_r3_allreduce_8M_ring_simple_ch8	allreduce	8M	ring_simple	8	0,1,2,3	0	/root/private_data/lyc/2ndpaper/results/k500sm_ai_gfx928_4gpu/20260825T102643Z/logs/channels_r3_allreduce_8M_ring_simple_ch8.log	/root/private_data/lyc/2ndpaper/results/k500sm_ai_gfx928_4gpu/20260825T102643Z/csv/channels_r3_allreduce_8M_ring_simple_ch8.csv
channels_r1_allreduce_8M_ring_ll_ch1	allreduce	8M	ring_ll	1	0,1,2,3	0	/root/private_data/lyc/2ndpaper/results/k500sm_ai_gfx928_4gpu/20260825T102643Z/logs/channels_r1_allreduce_8M_ring_ll_ch1.log	/root/private_data/lyc/2ndpaper/results/k500sm_ai_gfx928_4gpu/20260825T102643Z/csv/channels_r1_allreduce_8M_ring_ll_ch1.csv
channels_r2_allreduce_8M_ring_ll_ch1	allreduce	8M	ring_ll	1	0,1,2,3	0	/root/private_data/lyc/2ndpaper/results/k500sm_ai_gfx928_4gpu/20260825T102643Z/logs/channels_r2_allreduce_8M_ring_ll_ch1.log	/root/private_data/lyc/2ndpaper/results/k500sm_ai_gfx928_4gpu/20260825T102643Z/csv/channels_r2_allreduce_8M_ring_ll_ch1.csv
channels_r3_allreduce_8M_ring_ll_ch1	allreduce	8M	ring_ll	1	0,1,2,3	0	/root/private_data/lyc/2ndpaper/results/k500sm_ai_gfx928_4gpu/20260825T102643Z/logs/channels_r3_allreduce_8M_ring_ll_ch1.log	/root/private_data/lyc/2ndpaper/results/k500sm_ai_gfx928_4gpu/20260825T102643Z/csv/channels_r3_allreduce_8M_ring_ll_ch1.csv
channels_r1_allreduce_8M_ring_ll_ch2	allreduce	8M	ring_ll	2	0,1,2,3	0	/root/private_data/lyc/2ndpaper/results/k500sm_ai_gfx928_4gpu/20260825T102643Z/logs/channels_r1_allreduce_8M_ring_ll_ch2.log	/root/private_data/lyc/2ndpaper/results/k500sm_ai_gfx928_4gpu/20260825T102643Z/csv/channels_r1_allreduce_8M_ring_ll_ch2.csv
channels_r2_allreduce_8M_ring_ll_ch2	allreduce	8M	ring_ll	2	0,1,2,3	0	/root/private_data/lyc/2ndpaper/results/k500sm_ai_gfx928_4gpu/20260825T102643Z/logs/channels_r2_allreduce_8M_ring_ll_ch2.log	/root/private_data/lyc/2ndpaper/results/k500sm_ai_gfx928_4gpu/20260825T102643Z/csv/channels_r2_allreduce_8M_ring_ll_ch2.csv
channels_r3_allreduce_8M_ring_ll_ch2	allreduce	8M	ring_ll	2	0,1,2,3	0	/root/private_data/lyc/2ndpaper/results/k500sm_ai_gfx928_4gpu/20260825T102643Z/logs/channels_r3_allreduce_8M_ring_ll_ch2.log	/root/private_data/lyc/2ndpaper/results/k500sm_ai_gfx928_4gpu/20260825T102643Z/csv/channels_r3_allreduce_8M_ring_ll_ch2.csv
channels_r1_allreduce_8M_ring_ll_ch4	allreduce	8M	ring_ll	4	0,1,2,3	0	/root/private_data/lyc/2ndpaper/results/k500sm_ai_gfx928_4gpu/20260825T102643Z/logs/channels_r1_allreduce_8M_ring_ll_ch4.log	/root/private_data/lyc/2ndpaper/results/k500sm_ai_gfx928_4gpu/20260825T102643Z/csv/channels_r1_allreduce_8M_ring_ll_ch4.csv
channels_r2_allreduce_8M_ring_ll_ch4	allreduce	8M	ring_ll	4	0,1,2,3	0	/root/private_data/lyc/2ndpaper/results/k500sm_ai_gfx928_4gpu/20260825T102643Z/logs/channels_r2_allreduce_8M_ring_ll_ch4.log	/root/private_data/lyc/2ndpaper/results/k500sm_ai_gfx928_4gpu/20260825T102643Z/csv/channels_r2_allreduce_8M_ring_ll_ch4.csv
channels_r3_allreduce_8M_ring_ll_ch4	allreduce	8M	ring_ll	4	0,1,2,3	0	/root/private_data/lyc/2ndpaper/results/k500sm_ai_gfx928_4gpu/20260825T102643Z/logs/channels_r3_allreduce_8M_ring_ll_ch4.log	/root/private_data/lyc/2ndpaper/results/k500sm_ai_gfx928_4gpu/20260825T102643Z/csv/channels_r3_allreduce_8M_ring_ll_ch4.csv
channels_r1_allreduce_8M_ring_ll_ch8	allreduce	8M	ring_ll	8	0,1,2,3	0	/root/private_data/lyc/2ndpaper/results/k500sm_ai_gfx928_4gpu/20260825T102643Z/logs/channels_r1_allreduce_8M_ring_ll_ch8.log	/root/private_data/lyc/2ndpaper/results/k500sm_ai_gfx928_4gpu/20260825T102643Z/csv/channels_r1_allreduce_8M_ring_ll_ch8.csv
channels_r2_allreduce_8M_ring_ll_ch8	allreduce	8M	ring_ll	8	0,1,2,3	0	/root/private_data/lyc/2ndpaper/results/k500sm_ai_gfx928_4gpu/20260825T102643Z/logs/channels_r2_allreduce_8M_ring_ll_ch8.log	/root/private_data/lyc/2ndpaper/results/k500sm_ai_gfx928_4gpu/20260825T102643Z/csv/channels_r2_allreduce_8M_ring_ll_ch8.csv
channels_r3_allreduce_8M_ring_ll_ch8	allreduce	8M	ring_ll	8	0,1,2,3	0	/root/private_data/lyc/2ndpaper/results/k500sm_ai_gfx928_4gpu/20260825T102643Z/logs/channels_r3_allreduce_8M_ring_ll_ch8.log	/root/private_data/lyc/2ndpaper/results/k500sm_ai_gfx928_4gpu/20260825T102643Z/csv/channels_r3_allreduce_8M_ring_ll_ch8.csv
channels_r1_allreduce_8M_tree_simple_ch1	allreduce	8M	tree_simple	1	0,1,2,3	0	/root/private_data/lyc/2ndpaper/results/k500sm_ai_gfx928_4gpu/20260825T102643Z/logs/channels_r1_allreduce_8M_tree_simple_ch1.log	/root/private_data/lyc/2ndpaper/results/k500sm_ai_gfx928_4gpu/20260825T102643Z/csv/channels_r1_allreduce_8M_tree_simple_ch1.csv
channels_r2_allreduce_8M_tree_simple_ch1	allreduce	8M	tree_simple	1	0,1,2,3	0	/root/private_data/lyc/2ndpaper/results/k500sm_ai_gfx928_4gpu/20260825T102643Z/logs/channels_r2_allreduce_8M_tree_simple_ch1.log	/root/private_data/lyc/2ndpaper/results/k500sm_ai_gfx928_4gpu/20260825T102643Z/csv/channels_r2_allreduce_8M_tree_simple_ch1.csv
channels_r3_allreduce_8M_tree_simple_ch1	allreduce	8M	tree_simple	1	0,1,2,3	0	/root/private_data/lyc/2ndpaper/results/k500sm_ai_gfx928_4gpu/20260825T102643Z/logs/channels_r3_allreduce_8M_tree_simple_ch1.log	/root/private_data/lyc/2ndpaper/results/k500sm_ai_gfx928_4gpu/20260825T102643Z/csv/channels_r3_allreduce_8M_tree_simple_ch1.csv
channels_r1_allreduce_8M_tree_simple_ch2	allreduce	8M	tree_simple	2	0,1,2,3	0	/root/private_data/lyc/2ndpaper/results/k500sm_ai_gfx928_4gpu/20260825T102643Z/logs/channels_r1_allreduce_8M_tree_simple_ch2.log	/root/private_data/lyc/2ndpaper/results/k500sm_ai_gfx928_4gpu/20260825T102643Z/csv/channels_r1_allreduce_8M_tree_simple_ch2.csv
channels_r2_allreduce_8M_tree_simple_ch2	allreduce	8M	tree_simple	2	0,1,2,3	0	/root/private_data/lyc/2ndpaper/results/k500sm_ai_gfx928_4gpu/20260825T102643Z/logs/channels_r2_allreduce_8M_tree_simple_ch2.log	/root/private_data/lyc/2ndpaper/results/k500sm_ai_gfx928_4gpu/20260825T102643Z/csv/channels_r2_allreduce_8M_tree_simple_ch2.csv
channels_r3_allreduce_8M_tree_simple_ch2	allreduce	8M	tree_simple	2	0,1,2,3	0	/root/private_data/lyc/2ndpaper/results/k500sm_ai_gfx928_4gpu/20260825T102643Z/logs/channels_r3_allreduce_8M_tree_simple_ch2.log	/root/private_data/lyc/2ndpaper/results/k500sm_ai_gfx928_4gpu/20260825T102643Z/csv/channels_r3_allreduce_8M_tree_simple_ch2.csv
channels_r1_allreduce_8M_tree_simple_ch4	allreduce	8M	tree_simple	4	0,1,2,3	0	/root/private_data/lyc/2ndpaper/results/k500sm_ai_gfx928_4gpu/20260825T102643Z/logs/channels_r1_allreduce_8M_tree_simple_ch4.log	/root/private_data/lyc/2ndpaper/results/k500sm_ai_gfx928_4gpu/20260825T102643Z/csv/channels_r1_allreduce_8M_tree_simple_ch4.csv
channels_r2_allreduce_8M_tree_simple_ch4	allreduce	8M	tree_simple	4	0,1,2,3	0	/root/private_data/lyc/2ndpaper/results/k500sm_ai_gfx928_4gpu/20260825T102643Z/logs/channels_r2_allreduce_8M_tree_simple_ch4.log	/root/private_data/lyc/2ndpaper/results/k500sm_ai_gfx928_4gpu/20260825T102643Z/csv/channels_r2_allreduce_8M_tree_simple_ch4.csv
channels_r3_allreduce_8M_tree_simple_ch4	allreduce	8M	tree_simple	4	0,1,2,3	0	/root/private_data/lyc/2ndpaper/results/k500sm_ai_gfx928_4gpu/20260825T102643Z/logs/channels_r3_allreduce_8M_tree_simple_ch4.log	/root/private_data/lyc/2ndpaper/results/k500sm_ai_gfx928_4gpu/20260825T102643Z/csv/channels_r3_allreduce_8M_tree_simple_ch4.csv
channels_r1_allreduce_8M_tree_simple_ch8	allreduce	8M	tree_simple	8	0,1,2,3	0	/root/private_data/lyc/2ndpaper/results/k500sm_ai_gfx928_4gpu/20260825T102643Z/logs/channels_r1_allreduce_8M_tree_simple_ch8.log	/root/private_data/lyc/2ndpaper/results/k500sm_ai_gfx928_4gpu/20260825T102643Z/csv/channels_r1_allreduce_8M_tree_simple_ch8.csv
channels_r2_allreduce_8M_tree_simple_ch8	allreduce	8M	tree_simple	8	0,1,2,3	0	/root/private_data/lyc/2ndpaper/results/k500sm_ai_gfx928_4gpu/20260825T102643Z/logs/channels_r2_allreduce_8M_tree_simple_ch8.log	/root/private_data/lyc/2ndpaper/results/k500sm_ai_gfx928_4gpu/20260825T102643Z/csv/channels_r2_allreduce_8M_tree_simple_ch8.csv
channels_r3_allreduce_8M_tree_simple_ch8	allreduce	8M	tree_simple	8	0,1,2,3	0	/root/private_data/lyc/2ndpaper/results/k500sm_ai_gfx928_4gpu/20260825T102643Z/logs/channels_r3_allreduce_8M_tree_simple_ch8.log	/root/private_data/lyc/2ndpaper/results/k500sm_ai_gfx928_4gpu/20260825T102643Z/csv/channels_r3_allreduce_8M_tree_simple_ch8.csv
channels_r1_allreduce_8M_tree_ll_ch1	allreduce	8M	tree_ll	1	0,1,2,3	0	/root/private_data/lyc/2ndpaper/results/k500sm_ai_gfx928_4gpu/20260825T102643Z/logs/channels_r1_allreduce_8M_tree_ll_ch1.log	/root/private_data/lyc/2ndpaper/results/k500sm_ai_gfx928_4gpu/20260825T102643Z/csv/channels_r1_allreduce_8M_tree_ll_ch1.csv
channels_r2_allreduce_8M_tree_ll_ch1	allreduce	8M	tree_ll	1	0,1,2,3	0	/root/private_data/lyc/2ndpaper/results/k500sm_ai_gfx928_4gpu/20260825T102643Z/logs/channels_r2_allreduce_8M_tree_ll_ch1.log	/root/private_data/lyc/2ndpaper/results/k500sm_ai_gfx928_4gpu/20260825T102643Z/csv/channels_r2_allreduce_8M_tree_ll_ch1.csv
channels_r3_allreduce_8M_tree_ll_ch1	allreduce	8M	tree_ll	1	0,1,2,3	0	/root/private_data/lyc/2ndpaper/results/k500sm_ai_gfx928_4gpu/20260825T102643Z/logs/channels_r3_allreduce_8M_tree_ll_ch1.log	/root/private_data/lyc/2ndpaper/results/k500sm_ai_gfx928_4gpu/20260825T102643Z/csv/channels_r3_allreduce_8M_tree_ll_ch1.csv
channels_r1_allreduce_8M_tree_ll_ch2	allreduce	8M	tree_ll	2	0,1,2,3	0	/root/private_data/lyc/2ndpaper/results/k500sm_ai_gfx928_4gpu/20260825T102643Z/logs/channels_r1_allreduce_8M_tree_ll_ch2.log	/root/private_data/lyc/2ndpaper/results/k500sm_ai_gfx928_4gpu/20260825T102643Z/csv/channels_r1_allreduce_8M_tree_ll_ch2.csv
channels_r2_allreduce_8M_tree_ll_ch2	allreduce	8M	tree_ll	2	0,1,2,3	0	/root/private_data/lyc/2ndpaper/results/k500sm_ai_gfx928_4gpu/20260825T102643Z/logs/channels_r2_allreduce_8M_tree_ll_ch2.log	/root/private_data/lyc/2ndpaper/results/k500sm_ai_gfx928_4gpu/20260825T102643Z/csv/channels_r2_allreduce_8M_tree_ll_ch2.csv
channels_r3_allreduce_8M_tree_ll_ch2	allreduce	8M	tree_ll	2	0,1,2,3	0	/root/private_data/lyc/2ndpaper/results/k500sm_ai_gfx928_4gpu/20260825T102643Z/logs/channels_r3_allreduce_8M_tree_ll_ch2.log	/root/private_data/lyc/2ndpaper/results/k500sm_ai_gfx928_4gpu/20260825T102643Z/csv/channels_r3_allreduce_8M_tree_ll_ch2.csv
channels_r1_allreduce_8M_tree_ll_ch4	allreduce	8M	tree_ll	4	0,1,2,3	0	/root/private_data/lyc/2ndpaper/results/k500sm_ai_gfx928_4gpu/20260825T102643Z/logs/channels_r1_allreduce_8M_tree_ll_ch4.log	/root/private_data/lyc/2ndpaper/results/k500sm_ai_gfx928_4gpu/20260825T102643Z/csv/channels_r1_allreduce_8M_tree_ll_ch4.csv
channels_r2_allreduce_8M_tree_ll_ch4	allreduce	8M	tree_ll	4	0,1,2,3	0	/root/private_data/lyc/2ndpaper/results/k500sm_ai_gfx928_4gpu/20260825T102643Z/logs/channels_r2_allreduce_8M_tree_ll_ch4.log	/root/private_data/lyc/2ndpaper/results/k500sm_ai_gfx928_4gpu/20260825T102643Z/csv/channels_r2_allreduce_8M_tree_ll_ch4.csv
channels_r3_allreduce_8M_tree_ll_ch4	allreduce	8M	tree_ll	4	0,1,2,3	0	/root/private_data/lyc/2ndpaper/results/k500sm_ai_gfx928_4gpu/20260825T102643Z/logs/channels_r3_allreduce_8M_tree_ll_ch4.log	/root/private_data/lyc/2ndpaper/results/k500sm_ai_gfx928_4gpu/20260825T102643Z/csv/channels_r3_allreduce_8M_tree_ll_ch4.csv
channels_r1_allreduce_8M_tree_ll_ch8	allreduce	8M	tree_ll	8	0,1,2,3	0	/root/private_data/lyc/2ndpaper/results/k500sm_ai_gfx928_4gpu/20260825T102643Z/logs/channels_r1_allreduce_8M_tree_ll_ch8.log	/root/private_data/lyc/2ndpaper/results/k500sm_ai_gfx928_4gpu/20260825T102643Z/csv/channels_r1_allreduce_8M_tree_ll_ch8.csv
channels_r2_allreduce_8M_tree_ll_ch8	allreduce	8M	tree_ll	8	0,1,2,3	0	/root/private_data/lyc/2ndpaper/results/k500sm_ai_gfx928_4gpu/20260825T102643Z/logs/channels_r2_allreduce_8M_tree_ll_ch8.log	/root/private_data/lyc/2ndpaper/results/k500sm_ai_gfx928_4gpu/20260825T102643Z/csv/channels_r2_allreduce_8M_tree_ll_ch8.csv
channels_r3_allreduce_8M_tree_ll_ch8	allreduce	8M	tree_ll	8	0,1,2,3	0	/root/private_data/lyc/2ndpaper/results/k500sm_ai_gfx928_4gpu/20260825T102643Z/logs/channels_r3_allreduce_8M_tree_ll_ch8.log	/root/private_data/lyc/2ndpaper/results/k500sm_ai_gfx928_4gpu/20260825T102643Z/csv/channels_r3_allreduce_8M_tree_ll_ch8.csv
channels_r1_allreduce_64M_ring_simple_ch1	allreduce	64M	ring_simple	1	0,1,2,3	0	/root/private_data/lyc/2ndpaper/results/k500sm_ai_gfx928_4gpu/20260825T102643Z/logs/channels_r1_allreduce_64M_ring_simple_ch1.log	/root/private_data/lyc/2ndpaper/results/k500sm_ai_gfx928_4gpu/20260825T102643Z/csv/channels_r1_allreduce_64M_ring_simple_ch1.csv
channels_r2_allreduce_64M_ring_simple_ch1	allreduce	64M	ring_simple	1	0,1,2,3	0	/root/private_data/lyc/2ndpaper/results/k500sm_ai_gfx928_4gpu/20260825T102643Z/logs/channels_r2_allreduce_64M_ring_simple_ch1.log	/root/private_data/lyc/2ndpaper/results/k500sm_ai_gfx928_4gpu/20260825T102643Z/csv/channels_r2_allreduce_64M_ring_simple_ch1.csv
channels_r3_allreduce_64M_ring_simple_ch1	allreduce	64M	ring_simple	1	0,1,2,3	0	/root/private_data/lyc/2ndpaper/results/k500sm_ai_gfx928_4gpu/20260825T102643Z/logs/channels_r3_allreduce_64M_ring_simple_ch1.log	/root/private_data/lyc/2ndpaper/results/k500sm_ai_gfx928_4gpu/20260825T102643Z/csv/channels_r3_allreduce_64M_ring_simple_ch1.csv
channels_r1_allreduce_64M_ring_simple_ch2	allreduce	64M	ring_simple	2	0,1,2,3	0	/root/private_data/lyc/2ndpaper/results/k500sm_ai_gfx928_4gpu/20260825T102643Z/logs/channels_r1_allreduce_64M_ring_simple_ch2.log	/root/private_data/lyc/2ndpaper/results/k500sm_ai_gfx928_4gpu/20260825T102643Z/csv/channels_r1_allreduce_64M_ring_simple_ch2.csv
channels_r2_allreduce_64M_ring_simple_ch2	allreduce	64M	ring_simple	2	0,1,2,3	0	/root/private_data/lyc/2ndpaper/results/k500sm_ai_gfx928_4gpu/20260825T102643Z/logs/channels_r2_allreduce_64M_ring_simple_ch2.log	/root/private_data/lyc/2ndpaper/results/k500sm_ai_gfx928_4gpu/20260825T102643Z/csv/channels_r2_allreduce_64M_ring_simple_ch2.csv
channels_r3_allreduce_64M_ring_simple_ch2	allreduce	64M	ring_simple	2	0,1,2,3	0	/root/private_data/lyc/2ndpaper/results/k500sm_ai_gfx928_4gpu/20260825T102643Z/logs/channels_r3_allreduce_64M_ring_simple_ch2.log	/root/private_data/lyc/2ndpaper/results/k500sm_ai_gfx928_4gpu/20260825T102643Z/csv/channels_r3_allreduce_64M_ring_simple_ch2.csv
channels_r1_allreduce_64M_ring_simple_ch4	allreduce	64M	ring_simple	4	0,1,2,3	0	/root/private_data/lyc/2ndpaper/results/k500sm_ai_gfx928_4gpu/20260825T102643Z/logs/channels_r1_allreduce_64M_ring_simple_ch4.log	/root/private_data/lyc/2ndpaper/results/k500sm_ai_gfx928_4gpu/20260825T102643Z/csv/channels_r1_allreduce_64M_ring_simple_ch4.csv
channels_r2_allreduce_64M_ring_simple_ch4	allreduce	64M	ring_simple	4	0,1,2,3	0	/root/private_data/lyc/2ndpaper/results/k500sm_ai_gfx928_4gpu/20260825T102643Z/logs/channels_r2_allreduce_64M_ring_simple_ch4.log	/root/private_data/lyc/2ndpaper/results/k500sm_ai_gfx928_4gpu/20260825T102643Z/csv/channels_r2_allreduce_64M_ring_simple_ch4.csv
channels_r3_allreduce_64M_ring_simple_ch4	allreduce	64M	ring_simple	4	0,1,2,3	0	/root/private_data/lyc/2ndpaper/results/k500sm_ai_gfx928_4gpu/20260825T102643Z/logs/channels_r3_allreduce_64M_ring_simple_ch4.log	/root/private_data/lyc/2ndpaper/results/k500sm_ai_gfx928_4gpu/20260825T102643Z/csv/channels_r3_allreduce_64M_ring_simple_ch4.csv
channels_r1_allreduce_64M_ring_simple_ch8	allreduce	64M	ring_simple	8	0,1,2,3	0	/root/private_data/lyc/2ndpaper/results/k500sm_ai_gfx928_4gpu/20260825T102643Z/logs/channels_r1_allreduce_64M_ring_simple_ch8.log	/root/private_data/lyc/2ndpaper/results/k500sm_ai_gfx928_4gpu/20260825T102643Z/csv/channels_r1_allreduce_64M_ring_simple_ch8.csv
channels_r2_allreduce_64M_ring_simple_ch8	allreduce	64M	ring_simple	8	0,1,2,3	0	/root/private_data/lyc/2ndpaper/results/k500sm_ai_gfx928_4gpu/20260825T102643Z/logs/channels_r2_allreduce_64M_ring_simple_ch8.log	/root/private_data/lyc/2ndpaper/results/k500sm_ai_gfx928_4gpu/20260825T102643Z/csv/channels_r2_allreduce_64M_ring_simple_ch8.csv
channels_r3_allreduce_64M_ring_simple_ch8	allreduce	64M	ring_simple	8	0,1,2,3	0	/root/private_data/lyc/2ndpaper/results/k500sm_ai_gfx928_4gpu/20260825T102643Z/logs/channels_r3_allreduce_64M_ring_simple_ch8.log	/root/private_data/lyc/2ndpaper/results/k500sm_ai_gfx928_4gpu/20260825T102643Z/csv/channels_r3_allreduce_64M_ring_simple_ch8.csv
channels_r1_allreduce_64M_ring_ll_ch1	allreduce	64M	ring_ll	1	0,1,2,3	0	/root/private_data/lyc/2ndpaper/results/k500sm_ai_gfx928_4gpu/20260825T102643Z/logs/channels_r1_allreduce_64M_ring_ll_ch1.log	/root/private_data/lyc/2ndpaper/results/k500sm_ai_gfx928_4gpu/20260825T102643Z/csv/channels_r1_allreduce_64M_ring_ll_ch1.csv
channels_r2_allreduce_64M_ring_ll_ch1	allreduce	64M	ring_ll	1	0,1,2,3	0	/root/private_data/lyc/2ndpaper/results/k500sm_ai_gfx928_4gpu/20260825T102643Z/logs/channels_r2_allreduce_64M_ring_ll_ch1.log	/root/private_data/lyc/2ndpaper/results/k500sm_ai_gfx928_4gpu/20260825T102643Z/csv/channels_r2_allreduce_64M_ring_ll_ch1.csv
channels_r3_allreduce_64M_ring_ll_ch1	allreduce	64M	ring_ll	1	0,1,2,3	0	/root/private_data/lyc/2ndpaper/results/k500sm_ai_gfx928_4gpu/20260825T102643Z/logs/channels_r3_allreduce_64M_ring_ll_ch1.log	/root/private_data/lyc/2ndpaper/results/k500sm_ai_gfx928_4gpu/20260825T102643Z/csv/channels_r3_allreduce_64M_ring_ll_ch1.csv
channels_r1_allreduce_64M_ring_ll_ch2	allreduce	64M	ring_ll	2	0,1,2,3	0	/root/private_data/lyc/2ndpaper/results/k500sm_ai_gfx928_4gpu/20260825T102643Z/logs/channels_r1_allreduce_64M_ring_ll_ch2.log	/root/private_data/lyc/2ndpaper/results/k500sm_ai_gfx928_4gpu/20260825T102643Z/csv/channels_r1_allreduce_64M_ring_ll_ch2.csv
channels_r2_allreduce_64M_ring_ll_ch2	allreduce	64M	ring_ll	2	0,1,2,3	0	/root/private_data/lyc/2ndpaper/results/k500sm_ai_gfx928_4gpu/20260825T102643Z/logs/channels_r2_allreduce_64M_ring_ll_ch2.log	/root/private_data/lyc/2ndpaper/results/k500sm_ai_gfx928_4gpu/20260825T102643Z/csv/channels_r2_allreduce_64M_ring_ll_ch2.csv
channels_r3_allreduce_64M_ring_ll_ch2	allreduce	64M	ring_ll	2	0,1,2,3	0	/root/private_data/lyc/2ndpaper/results/k500sm_ai_gfx928_4gpu/20260825T102643Z/logs/channels_r3_allreduce_64M_ring_ll_ch2.log	/root/private_data/lyc/2ndpaper/results/k500sm_ai_gfx928_4gpu/20260825T102643Z/csv/channels_r3_allreduce_64M_ring_ll_ch2.csv
channels_r1_allreduce_64M_ring_ll_ch4	allreduce	64M	ring_ll	4	0,1,2,3	0	/root/private_data/lyc/2ndpaper/results/k500sm_ai_gfx928_4gpu/20260825T102643Z/logs/channels_r1_allreduce_64M_ring_ll_ch4.log	/root/private_data/lyc/2ndpaper/results/k500sm_ai_gfx928_4gpu/20260825T102643Z/csv/channels_r1_allreduce_64M_ring_ll_ch4.csv
channels_r2_allreduce_64M_ring_ll_ch4	allreduce	64M	ring_ll	4	0,1,2,3	0	/root/private_data/lyc/2ndpaper/results/k500sm_ai_gfx928_4gpu/20260825T102643Z/logs/channels_r2_allreduce_64M_ring_ll_ch4.log	/root/private_data/lyc/2ndpaper/results/k500sm_ai_gfx928_4gpu/20260825T102643Z/csv/channels_r2_allreduce_64M_ring_ll_ch4.csv
channels_r3_allreduce_64M_ring_ll_ch4	allreduce	64M	ring_ll	4	0,1,2,3	0	/root/private_data/lyc/2ndpaper/results/k500sm_ai_gfx928_4gpu/20260825T102643Z/logs/channels_r3_allreduce_64M_ring_ll_ch4.log	/root/private_data/lyc/2ndpaper/results/k500sm_ai_gfx928_4gpu/20260825T102643Z/csv/channels_r3_allreduce_64M_ring_ll_ch4.csv
channels_r1_allreduce_64M_ring_ll_ch8	allreduce	64M	ring_ll	8	0,1,2,3	0	/root/private_data/lyc/2ndpaper/results/k500sm_ai_gfx928_4gpu/20260825T102643Z/logs/channels_r1_allreduce_64M_ring_ll_ch8.log	/root/private_data/lyc/2ndpaper/results/k500sm_ai_gfx928_4gpu/20260825T102643Z/csv/channels_r1_allreduce_64M_ring_ll_ch8.csv
channels_r2_allreduce_64M_ring_ll_ch8	allreduce	64M	ring_ll	8	0,1,2,3	0	/root/private_data/lyc/2ndpaper/results/k500sm_ai_gfx928_4gpu/20260825T102643Z/logs/channels_r2_allreduce_64M_ring_ll_ch8.log	/root/private_data/lyc/2ndpaper/results/k500sm_ai_gfx928_4gpu/20260825T102643Z/csv/channels_r2_allreduce_64M_ring_ll_ch8.csv
channels_r3_allreduce_64M_ring_ll_ch8	allreduce	64M	ring_ll	8	0,1,2,3	0	/root/private_data/lyc/2ndpaper/results/k500sm_ai_gfx928_4gpu/20260825T102643Z/logs/channels_r3_allreduce_64M_ring_ll_ch8.log	/root/private_data/lyc/2ndpaper/results/k500sm_ai_gfx928_4gpu/20260825T102643Z/csv/channels_r3_allreduce_64M_ring_ll_ch8.csv
channels_r1_allreduce_64M_tree_simple_ch1	allreduce	64M	tree_simple	1	0,1,2,3	0	/root/private_data/lyc/2ndpaper/results/k500sm_ai_gfx928_4gpu/20260825T102643Z/logs/channels_r1_allreduce_64M_tree_simple_ch1.log	/root/private_data/lyc/2ndpaper/results/k500sm_ai_gfx928_4gpu/20260825T102643Z/csv/channels_r1_allreduce_64M_tree_simple_ch1.csv
channels_r2_allreduce_64M_tree_simple_ch1	allreduce	64M	tree_simple	1	0,1,2,3	0	/root/private_data/lyc/2ndpaper/results/k500sm_ai_gfx928_4gpu/20260825T102643Z/logs/channels_r2_allreduce_64M_tree_simple_ch1.log	/root/private_data/lyc/2ndpaper/results/k500sm_ai_gfx928_4gpu/20260825T102643Z/csv/channels_r2_allreduce_64M_tree_simple_ch1.csv
channels_r3_allreduce_64M_tree_simple_ch1	allreduce	64M	tree_simple	1	0,1,2,3	0	/root/private_data/lyc/2ndpaper/results/k500sm_ai_gfx928_4gpu/20260825T102643Z/logs/channels_r3_allreduce_64M_tree_simple_ch1.log	/root/private_data/lyc/2ndpaper/results/k500sm_ai_gfx928_4gpu/20260825T102643Z/csv/channels_r3_allreduce_64M_tree_simple_ch1.csv
channels_r1_allreduce_64M_tree_simple_ch2	allreduce	64M	tree_simple	2	0,1,2,3	0	/root/private_data/lyc/2ndpaper/results/k500sm_ai_gfx928_4gpu/20260825T102643Z/logs/channels_r1_allreduce_64M_tree_simple_ch2.log	/root/private_data/lyc/2ndpaper/results/k500sm_ai_gfx928_4gpu/20260825T102643Z/csv/channels_r1_allreduce_64M_tree_simple_ch2.csv
channels_r2_allreduce_64M_tree_simple_ch2	allreduce	64M	tree_simple	2	0,1,2,3	0	/root/private_data/lyc/2ndpaper/results/k500sm_ai_gfx928_4gpu/20260825T102643Z/logs/channels_r2_allreduce_64M_tree_simple_ch2.log	/root/private_data/lyc/2ndpaper/results/k500sm_ai_gfx928_4gpu/20260825T102643Z/csv/channels_r2_allreduce_64M_tree_simple_ch2.csv
channels_r3_allreduce_64M_tree_simple_ch2	allreduce	64M	tree_simple	2	0,1,2,3	0	/root/private_data/lyc/2ndpaper/results/k500sm_ai_gfx928_4gpu/20260825T102643Z/logs/channels_r3_allreduce_64M_tree_simple_ch2.log	/root/private_data/lyc/2ndpaper/results/k500sm_ai_gfx928_4gpu/20260825T102643Z/csv/channels_r3_allreduce_64M_tree_simple_ch2.csv
channels_r1_allreduce_64M_tree_simple_ch4	allreduce	64M	tree_simple	4	0,1,2,3	0	/root/private_data/lyc/2ndpaper/results/k500sm_ai_gfx928_4gpu/20260825T102643Z/logs/channels_r1_allreduce_64M_tree_simple_ch4.log	/root/private_data/lyc/2ndpaper/results/k500sm_ai_gfx928_4gpu/20260825T102643Z/csv/channels_r1_allreduce_64M_tree_simple_ch4.csv
channels_r2_allreduce_64M_tree_simple_ch4	allreduce	64M	tree_simple	4	0,1,2,3	0	/root/private_data/lyc/2ndpaper/results/k500sm_ai_gfx928_4gpu/20260825T102643Z/logs/channels_r2_allreduce_64M_tree_simple_ch4.log	/root/private_data/lyc/2ndpaper/results/k500sm_ai_gfx928_4gpu/20260825T102643Z/csv/channels_r2_allreduce_64M_tree_simple_ch4.csv
channels_r3_allreduce_64M_tree_simple_ch4	allreduce	64M	tree_simple	4	0,1,2,3	0	/root/private_data/lyc/2ndpaper/results/k500sm_ai_gfx928_4gpu/20260825T102643Z/logs/channels_r3_allreduce_64M_tree_simple_ch4.log	/root/private_data/lyc/2ndpaper/results/k500sm_ai_gfx928_4gpu/20260825T102643Z/csv/channels_r3_allreduce_64M_tree_simple_ch4.csv
channels_r1_allreduce_64M_tree_simple_ch8	allreduce	64M	tree_simple	8	0,1,2,3	0	/root/private_data/lyc/2ndpaper/results/k500sm_ai_gfx928_4gpu/20260825T102643Z/logs/channels_r1_allreduce_64M_tree_simple_ch8.log	/root/private_data/lyc/2ndpaper/results/k500sm_ai_gfx928_4gpu/20260825T102643Z/csv/channels_r1_allreduce_64M_tree_simple_ch8.csv
channels_r2_allreduce_64M_tree_simple_ch8	allreduce	64M	tree_simple	8	0,1,2,3	0	/root/private_data/lyc/2ndpaper/results/k500sm_ai_gfx928_4gpu/20260825T102643Z/logs/channels_r2_allreduce_64M_tree_simple_ch8.log	/root/private_data/lyc/2ndpaper/results/k500sm_ai_gfx928_4gpu/20260825T102643Z/csv/channels_r2_allreduce_64M_tree_simple_ch8.csv
channels_r3_allreduce_64M_tree_simple_ch8	allreduce	64M	tree_simple	8	0,1,2,3	0	/root/private_data/lyc/2ndpaper/results/k500sm_ai_gfx928_4gpu/20260825T102643Z/logs/channels_r3_allreduce_64M_tree_simple_ch8.log	/root/private_data/lyc/2ndpaper/results/k500sm_ai_gfx928_4gpu/20260825T102643Z/csv/channels_r3_allreduce_64M_tree_simple_ch8.csv
channels_r1_allreduce_64M_tree_ll_ch1	allreduce	64M	tree_ll	1	0,1,2,3	0	/root/private_data/lyc/2ndpaper/results/k500sm_ai_gfx928_4gpu/20260825T102643Z/logs/channels_r1_allreduce_64M_tree_ll_ch1.log	/root/private_data/lyc/2ndpaper/results/k500sm_ai_gfx928_4gpu/20260825T102643Z/csv/channels_r1_allreduce_64M_tree_ll_ch1.csv
channels_r2_allreduce_64M_tree_ll_ch1	allreduce	64M	tree_ll	1	0,1,2,3	0	/root/private_data/lyc/2ndpaper/results/k500sm_ai_gfx928_4gpu/20260825T102643Z/logs/channels_r2_allreduce_64M_tree_ll_ch1.log	/root/private_data/lyc/2ndpaper/results/k500sm_ai_gfx928_4gpu/20260825T102643Z/csv/channels_r2_allreduce_64M_tree_ll_ch1.csv
channels_r3_allreduce_64M_tree_ll_ch1	allreduce	64M	tree_ll	1	0,1,2,3	0	/root/private_data/lyc/2ndpaper/results/k500sm_ai_gfx928_4gpu/20260825T102643Z/logs/channels_r3_allreduce_64M_tree_ll_ch1.log	/root/private_data/lyc/2ndpaper/results/k500sm_ai_gfx928_4gpu/20260825T102643Z/csv/channels_r3_allreduce_64M_tree_ll_ch1.csv
channels_r1_allreduce_64M_tree_ll_ch2	allreduce	64M	tree_ll	2	0,1,2,3	0	/root/private_data/lyc/2ndpaper/results/k500sm_ai_gfx928_4gpu/20260825T102643Z/logs/channels_r1_allreduce_64M_tree_ll_ch2.log	/root/private_data/lyc/2ndpaper/results/k500sm_ai_gfx928_4gpu/20260825T102643Z/csv/channels_r1_allreduce_64M_tree_ll_ch2.csv
channels_r2_allreduce_64M_tree_ll_ch2	allreduce	64M	tree_ll	2	0,1,2,3	0	/root/private_data/lyc/2ndpaper/results/k500sm_ai_gfx928_4gpu/20260825T102643Z/logs/channels_r2_allreduce_64M_tree_ll_ch2.log	/root/private_data/lyc/2ndpaper/results/k500sm_ai_gfx928_4gpu/20260825T102643Z/csv/channels_r2_allreduce_64M_tree_ll_ch2.csv
channels_r3_allreduce_64M_tree_ll_ch2	allreduce	64M	tree_ll	2	0,1,2,3	0	/root/private_data/lyc/2ndpaper/results/k500sm_ai_gfx928_4gpu/20260825T102643Z/logs/channels_r3_allreduce_64M_tree_ll_ch2.log	/root/private_data/lyc/2ndpaper/results/k500sm_ai_gfx928_4gpu/20260825T102643Z/csv/channels_r3_allreduce_64M_tree_ll_ch2.csv
channels_r1_allreduce_64M_tree_ll_ch4	allreduce	64M	tree_ll	4	0,1,2,3	0	/root/private_data/lyc/2ndpaper/results/k500sm_ai_gfx928_4gpu/20260825T102643Z/logs/channels_r1_allreduce_64M_tree_ll_ch4.log	/root/private_data/lyc/2ndpaper/results/k500sm_ai_gfx928_4gpu/20260825T102643Z/csv/channels_r1_allreduce_64M_tree_ll_ch4.csv
channels_r2_allreduce_64M_tree_ll_ch4	allreduce	64M	tree_ll	4	0,1,2,3	0	/root/private_data/lyc/2ndpaper/results/k500sm_ai_gfx928_4gpu/20260825T102643Z/logs/channels_r2_allreduce_64M_tree_ll_ch4.log	/root/private_data/lyc/2ndpaper/results/k500sm_ai_gfx928_4gpu/20260825T102643Z/csv/channels_r2_allreduce_64M_tree_ll_ch4.csv
channels_r3_allreduce_64M_tree_ll_ch4	allreduce	64M	tree_ll	4	0,1,2,3	0	/root/private_data/lyc/2ndpaper/results/k500sm_ai_gfx928_4gpu/20260825T102643Z/logs/channels_r3_allreduce_64M_tree_ll_ch4.log	/root/private_data/lyc/2ndpaper/results/k500sm_ai_gfx928_4gpu/20260825T102643Z/csv/channels_r3_allreduce_64M_tree_ll_ch4.csv
channels_r1_allreduce_64M_tree_ll_ch8	allreduce	64M	tree_ll	8	0,1,2,3	0	/root/private_data/lyc/2ndpaper/results/k500sm_ai_gfx928_4gpu/20260825T102643Z/logs/channels_r1_allreduce_64M_tree_ll_ch8.log	/root/private_data/lyc/2ndpaper/results/k500sm_ai_gfx928_4gpu/20260825T102643Z/csv/channels_r1_allreduce_64M_tree_ll_ch8.csv
channels_r2_allreduce_64M_tree_ll_ch8	allreduce	64M	tree_ll	8	0,1,2,3	0	/root/private_data/lyc/2ndpaper/results/k500sm_ai_gfx928_4gpu/20260825T102643Z/logs/channels_r2_allreduce_64M_tree_ll_ch8.log	/root/private_data/lyc/2ndpaper/results/k500sm_ai_gfx928_4gpu/20260825T102643Z/csv/channels_r2_allreduce_64M_tree_ll_ch8.csv
channels_r3_allreduce_64M_tree_ll_ch8	allreduce	64M	tree_ll	8	0,1,2,3	0	/root/private_data/lyc/2ndpaper/results/k500sm_ai_gfx928_4gpu/20260825T102643Z/logs/channels_r3_allreduce_64M_tree_ll_ch8.log	/root/private_data/lyc/2ndpaper/results/k500sm_ai_gfx928_4gpu/20260825T102643Z/csv/channels_r3_allreduce_64M_tree_ll_ch8.csv
channels_r1_reducescatter_1M_ring_simple_ch1	reducescatter	1M	ring_simple	1	0,1,2,3	0	/root/private_data/lyc/2ndpaper/results/k500sm_ai_gfx928_4gpu/20260825T102643Z/logs/channels_r1_reducescatter_1M_ring_simple_ch1.log	/root/private_data/lyc/2ndpaper/results/k500sm_ai_gfx928_4gpu/20260825T102643Z/csv/channels_r1_reducescatter_1M_ring_simple_ch1.csv
channels_r2_reducescatter_1M_ring_simple_ch1	reducescatter	1M	ring_simple	1	0,1,2,3	0	/root/private_data/lyc/2ndpaper/results/k500sm_ai_gfx928_4gpu/20260825T102643Z/logs/channels_r2_reducescatter_1M_ring_simple_ch1.log	/root/private_data/lyc/2ndpaper/results/k500sm_ai_gfx928_4gpu/20260825T102643Z/csv/channels_r2_reducescatter_1M_ring_simple_ch1.csv
channels_r3_reducescatter_1M_ring_simple_ch1	reducescatter	1M	ring_simple	1	0,1,2,3	0	/root/private_data/lyc/2ndpaper/results/k500sm_ai_gfx928_4gpu/20260825T102643Z/logs/channels_r3_reducescatter_1M_ring_simple_ch1.log	/root/private_data/lyc/2ndpaper/results/k500sm_ai_gfx928_4gpu/20260825T102643Z/csv/channels_r3_reducescatter_1M_ring_simple_ch1.csv
channels_r1_reducescatter_1M_ring_simple_ch2	reducescatter	1M	ring_simple	2	0,1,2,3	0	/root/private_data/lyc/2ndpaper/results/k500sm_ai_gfx928_4gpu/20260825T102643Z/logs/channels_r1_reducescatter_1M_ring_simple_ch2.log	/root/private_data/lyc/2ndpaper/results/k500sm_ai_gfx928_4gpu/20260825T102643Z/csv/channels_r1_reducescatter_1M_ring_simple_ch2.csv
channels_r2_reducescatter_1M_ring_simple_ch2	reducescatter	1M	ring_simple	2	0,1,2,3	0	/root/private_data/lyc/2ndpaper/results/k500sm_ai_gfx928_4gpu/20260825T102643Z/logs/channels_r2_reducescatter_1M_ring_simple_ch2.log	/root/private_data/lyc/2ndpaper/results/k500sm_ai_gfx928_4gpu/20260825T102643Z/csv/channels_r2_reducescatter_1M_ring_simple_ch2.csv
channels_r3_reducescatter_1M_ring_simple_ch2	reducescatter	1M	ring_simple	2	0,1,2,3	0	/root/private_data/lyc/2ndpaper/results/k500sm_ai_gfx928_4gpu/20260825T102643Z/logs/channels_r3_reducescatter_1M_ring_simple_ch2.log	/root/private_data/lyc/2ndpaper/results/k500sm_ai_gfx928_4gpu/20260825T102643Z/csv/channels_r3_reducescatter_1M_ring_simple_ch2.csv
channels_r1_reducescatter_1M_ring_simple_ch4	reducescatter	1M	ring_simple	4	0,1,2,3	0	/root/private_data/lyc/2ndpaper/results/k500sm_ai_gfx928_4gpu/20260825T102643Z/logs/channels_r1_reducescatter_1M_ring_simple_ch4.log	/root/private_data/lyc/2ndpaper/results/k500sm_ai_gfx928_4gpu/20260825T102643Z/csv/channels_r1_reducescatter_1M_ring_simple_ch4.csv
channels_r2_reducescatter_1M_ring_simple_ch4	reducescatter	1M	ring_simple	4	0,1,2,3	0	/root/private_data/lyc/2ndpaper/results/k500sm_ai_gfx928_4gpu/20260825T102643Z/logs/channels_r2_reducescatter_1M_ring_simple_ch4.log	/root/private_data/lyc/2ndpaper/results/k500sm_ai_gfx928_4gpu/20260825T102643Z/csv/channels_r2_reducescatter_1M_ring_simple_ch4.csv
channels_r3_reducescatter_1M_ring_simple_ch4	reducescatter	1M	ring_simple	4	0,1,2,3	0	/root/private_data/lyc/2ndpaper/results/k500sm_ai_gfx928_4gpu/20260825T102643Z/logs/channels_r3_reducescatter_1M_ring_simple_ch4.log	/root/private_data/lyc/2ndpaper/results/k500sm_ai_gfx928_4gpu/20260825T102643Z/csv/channels_r3_reducescatter_1M_ring_simple_ch4.csv
channels_r1_reducescatter_1M_ring_simple_ch8	reducescatter	1M	ring_simple	8	0,1,2,3	0	/root/private_data/lyc/2ndpaper/results/k500sm_ai_gfx928_4gpu/20260825T102643Z/logs/channels_r1_reducescatter_1M_ring_simple_ch8.log	/root/private_data/lyc/2ndpaper/results/k500sm_ai_gfx928_4gpu/20260825T102643Z/csv/channels_r1_reducescatter_1M_ring_simple_ch8.csv
channels_r2_reducescatter_1M_ring_simple_ch8	reducescatter	1M	ring_simple	8	0,1,2,3	0	/root/private_data/lyc/2ndpaper/results/k500sm_ai_gfx928_4gpu/20260825T102643Z/logs/channels_r2_reducescatter_1M_ring_simple_ch8.log	/root/private_data/lyc/2ndpaper/results/k500sm_ai_gfx928_4gpu/20260825T102643Z/csv/channels_r2_reducescatter_1M_ring_simple_ch8.csv
channels_r3_reducescatter_1M_ring_simple_ch8	reducescatter	1M	ring_simple	8	0,1,2,3	0	/root/private_data/lyc/2ndpaper/results/k500sm_ai_gfx928_4gpu/20260825T102643Z/logs/channels_r3_reducescatter_1M_ring_simple_ch8.log	/root/private_data/lyc/2ndpaper/results/k500sm_ai_gfx928_4gpu/20260825T102643Z/csv/channels_r3_reducescatter_1M_ring_simple_ch8.csv
channels_r1_reducescatter_1M_ring_ll_ch1	reducescatter	1M	ring_ll	1	0,1,2,3	0	/root/private_data/lyc/2ndpaper/results/k500sm_ai_gfx928_4gpu/20260825T102643Z/logs/channels_r1_reducescatter_1M_ring_ll_ch1.log	/root/private_data/lyc/2ndpaper/results/k500sm_ai_gfx928_4gpu/20260825T102643Z/csv/channels_r1_reducescatter_1M_ring_ll_ch1.csv
channels_r2_reducescatter_1M_ring_ll_ch1	reducescatter	1M	ring_ll	1	0,1,2,3	0	/root/private_data/lyc/2ndpaper/results/k500sm_ai_gfx928_4gpu/20260825T102643Z/logs/channels_r2_reducescatter_1M_ring_ll_ch1.log	/root/private_data/lyc/2ndpaper/results/k500sm_ai_gfx928_4gpu/20260825T102643Z/csv/channels_r2_reducescatter_1M_ring_ll_ch1.csv
channels_r3_reducescatter_1M_ring_ll_ch1	reducescatter	1M	ring_ll	1	0,1,2,3	0	/root/private_data/lyc/2ndpaper/results/k500sm_ai_gfx928_4gpu/20260825T102643Z/logs/channels_r3_reducescatter_1M_ring_ll_ch1.log	/root/private_data/lyc/2ndpaper/results/k500sm_ai_gfx928_4gpu/20260825T102643Z/csv/channels_r3_reducescatter_1M_ring_ll_ch1.csv
channels_r1_reducescatter_1M_ring_ll_ch2	reducescatter	1M	ring_ll	2	0,1,2,3	0	/root/private_data/lyc/2ndpaper/results/k500sm_ai_gfx928_4gpu/20260825T102643Z/logs/channels_r1_reducescatter_1M_ring_ll_ch2.log	/root/private_data/lyc/2ndpaper/results/k500sm_ai_gfx928_4gpu/20260825T102643Z/csv/channels_r1_reducescatter_1M_ring_ll_ch2.csv
channels_r2_reducescatter_1M_ring_ll_ch2	reducescatter	1M	ring_ll	2	0,1,2,3	0	/root/private_data/lyc/2ndpaper/results/k500sm_ai_gfx928_4gpu/20260825T102643Z/logs/channels_r2_reducescatter_1M_ring_ll_ch2.log	/root/private_data/lyc/2ndpaper/results/k500sm_ai_gfx928_4gpu/20260825T102643Z/csv/channels_r2_reducescatter_1M_ring_ll_ch2.csv
channels_r3_reducescatter_1M_ring_ll_ch2	reducescatter	1M	ring_ll	2	0,1,2,3	0	/root/private_data/lyc/2ndpaper/results/k500sm_ai_gfx928_4gpu/20260825T102643Z/logs/channels_r3_reducescatter_1M_ring_ll_ch2.log	/root/private_data/lyc/2ndpaper/results/k500sm_ai_gfx928_4gpu/20260825T102643Z/csv/channels_r3_reducescatter_1M_ring_ll_ch2.csv
channels_r1_reducescatter_1M_ring_ll_ch4	reducescatter	1M	ring_ll	4	0,1,2,3	0	/root/private_data/lyc/2ndpaper/results/k500sm_ai_gfx928_4gpu/20260825T102643Z/logs/channels_r1_reducescatter_1M_ring_ll_ch4.log	/root/private_data/lyc/2ndpaper/results/k500sm_ai_gfx928_4gpu/20260825T102643Z/csv/channels_r1_reducescatter_1M_ring_ll_ch4.csv
channels_r2_reducescatter_1M_ring_ll_ch4	reducescatter	1M	ring_ll	4	0,1,2,3	0	/root/private_data/lyc/2ndpaper/results/k500sm_ai_gfx928_4gpu/20260825T102643Z/logs/channels_r2_reducescatter_1M_ring_ll_ch4.log	/root/private_data/lyc/2ndpaper/results/k500sm_ai_gfx928_4gpu/20260825T102643Z/csv/channels_r2_reducescatter_1M_ring_ll_ch4.csv
channels_r3_reducescatter_1M_ring_ll_ch4	reducescatter	1M	ring_ll	4	0,1,2,3	0	/root/private_data/lyc/2ndpaper/results/k500sm_ai_gfx928_4gpu/20260825T102643Z/logs/channels_r3_reducescatter_1M_ring_ll_ch4.log	/root/private_data/lyc/2ndpaper/results/k500sm_ai_gfx928_4gpu/20260825T102643Z/csv/channels_r3_reducescatter_1M_ring_ll_ch4.csv
channels_r1_reducescatter_1M_ring_ll_ch8	reducescatter	1M	ring_ll	8	0,1,2,3	0	/root/private_data/lyc/2ndpaper/results/k500sm_ai_gfx928_4gpu/20260825T102643Z/logs/channels_r1_reducescatter_1M_ring_ll_ch8.log	/root/private_data/lyc/2ndpaper/results/k500sm_ai_gfx928_4gpu/20260825T102643Z/csv/channels_r1_reducescatter_1M_ring_ll_ch8.csv
channels_r2_reducescatter_1M_ring_ll_ch8	reducescatter	1M	ring_ll	8	0,1,2,3	0	/root/private_data/lyc/2ndpaper/results/k500sm_ai_gfx928_4gpu/20260825T102643Z/logs/channels_r2_reducescatter_1M_ring_ll_ch8.log	/root/private_data/lyc/2ndpaper/results/k500sm_ai_gfx928_4gpu/20260825T102643Z/csv/channels_r2_reducescatter_1M_ring_ll_ch8.csv
channels_r3_reducescatter_1M_ring_ll_ch8	reducescatter	1M	ring_ll	8	0,1,2,3	0	/root/private_data/lyc/2ndpaper/results/k500sm_ai_gfx928_4gpu/20260825T102643Z/logs/channels_r3_reducescatter_1M_ring_ll_ch8.log	/root/private_data/lyc/2ndpaper/results/k500sm_ai_gfx928_4gpu/20260825T102643Z/csv/channels_r3_reducescatter_1M_ring_ll_ch8.csv
channels_r1_reducescatter_1M_tree_simple_ch1	reducescatter	1M	tree_simple	1	0,1,2,3	0	/root/private_data/lyc/2ndpaper/results/k500sm_ai_gfx928_4gpu/20260825T102643Z/logs/channels_r1_reducescatter_1M_tree_simple_ch1.log	/root/private_data/lyc/2ndpaper/results/k500sm_ai_gfx928_4gpu/20260825T102643Z/csv/channels_r1_reducescatter_1M_tree_simple_ch1.csv
channels_r2_reducescatter_1M_tree_simple_ch1	reducescatter	1M	tree_simple	1	0,1,2,3	0	/root/private_data/lyc/2ndpaper/results/k500sm_ai_gfx928_4gpu/20260825T102643Z/logs/channels_r2_reducescatter_1M_tree_simple_ch1.log	/root/private_data/lyc/2ndpaper/results/k500sm_ai_gfx928_4gpu/20260825T102643Z/csv/channels_r2_reducescatter_1M_tree_simple_ch1.csv
channels_r3_reducescatter_1M_tree_simple_ch1	reducescatter	1M	tree_simple	1	0,1,2,3	0	/root/private_data/lyc/2ndpaper/results/k500sm_ai_gfx928_4gpu/20260825T102643Z/logs/channels_r3_reducescatter_1M_tree_simple_ch1.log	/root/private_data/lyc/2ndpaper/results/k500sm_ai_gfx928_4gpu/20260825T102643Z/csv/channels_r3_reducescatter_1M_tree_simple_ch1.csv
channels_r1_reducescatter_1M_tree_simple_ch2	reducescatter	1M	tree_simple	2	0,1,2,3	0	/root/private_data/lyc/2ndpaper/results/k500sm_ai_gfx928_4gpu/20260825T102643Z/logs/channels_r1_reducescatter_1M_tree_simple_ch2.log	/root/private_data/lyc/2ndpaper/results/k500sm_ai_gfx928_4gpu/20260825T102643Z/csv/channels_r1_reducescatter_1M_tree_simple_ch2.csv
channels_r2_reducescatter_1M_tree_simple_ch2	reducescatter	1M	tree_simple	2	0,1,2,3	0	/root/private_data/lyc/2ndpaper/results/k500sm_ai_gfx928_4gpu/20260825T102643Z/logs/channels_r2_reducescatter_1M_tree_simple_ch2.log	/root/private_data/lyc/2ndpaper/results/k500sm_ai_gfx928_4gpu/20260825T102643Z/csv/channels_r2_reducescatter_1M_tree_simple_ch2.csv
channels_r3_reducescatter_1M_tree_simple_ch2	reducescatter	1M	tree_simple	2	0,1,2,3	0	/root/private_data/lyc/2ndpaper/results/k500sm_ai_gfx928_4gpu/20260825T102643Z/logs/channels_r3_reducescatter_1M_tree_simple_ch2.log	/root/private_data/lyc/2ndpaper/results/k500sm_ai_gfx928_4gpu/20260825T102643Z/csv/channels_r3_reducescatter_1M_tree_simple_ch2.csv
channels_r1_reducescatter_1M_tree_simple_ch4	reducescatter	1M	tree_simple	4	0,1,2,3	0	/root/private_data/lyc/2ndpaper/results/k500sm_ai_gfx928_4gpu/20260825T102643Z/logs/channels_r1_reducescatter_1M_tree_simple_ch4.log	/root/private_data/lyc/2ndpaper/results/k500sm_ai_gfx928_4gpu/20260825T102643Z/csv/channels_r1_reducescatter_1M_tree_simple_ch4.csv
channels_r2_reducescatter_1M_tree_simple_ch4	reducescatter	1M	tree_simple	4	0,1,2,3	0	/root/private_data/lyc/2ndpaper/results/k500sm_ai_gfx928_4gpu/20260825T102643Z/logs/channels_r2_reducescatter_1M_tree_simple_ch4.log	/root/private_data/lyc/2ndpaper/results/k500sm_ai_gfx928_4gpu/20260825T102643Z/csv/channels_r2_reducescatter_1M_tree_simple_ch4.csv
channels_r3_reducescatter_1M_tree_simple_ch4	reducescatter	1M	tree_simple	4	0,1,2,3	0	/root/private_data/lyc/2ndpaper/results/k500sm_ai_gfx928_4gpu/20260825T102643Z/logs/channels_r3_reducescatter_1M_tree_simple_ch4.log	/root/private_data/lyc/2ndpaper/results/k500sm_ai_gfx928_4gpu/20260825T102643Z/csv/channels_r3_reducescatter_1M_tree_simple_ch4.csv
channels_r1_reducescatter_1M_tree_simple_ch8	reducescatter	1M	tree_simple	8	0,1,2,3	0	/root/private_data/lyc/2ndpaper/results/k500sm_ai_gfx928_4gpu/20260825T102643Z/logs/channels_r1_reducescatter_1M_tree_simple_ch8.log	/root/private_data/lyc/2ndpaper/results/k500sm_ai_gfx928_4gpu/20260825T102643Z/csv/channels_r1_reducescatter_1M_tree_simple_ch8.csv
channels_r2_reducescatter_1M_tree_simple_ch8	reducescatter	1M	tree_simple	8	0,1,2,3	0	/root/private_data/lyc/2ndpaper/results/k500sm_ai_gfx928_4gpu/20260825T102643Z/logs/channels_r2_reducescatter_1M_tree_simple_ch8.log	/root/private_data/lyc/2ndpaper/results/k500sm_ai_gfx928_4gpu/20260825T102643Z/csv/channels_r2_reducescatter_1M_tree_simple_ch8.csv
channels_r3_reducescatter_1M_tree_simple_ch8	reducescatter	1M	tree_simple	8	0,1,2,3	0	/root/private_data/lyc/2ndpaper/results/k500sm_ai_gfx928_4gpu/20260825T102643Z/logs/channels_r3_reducescatter_1M_tree_simple_ch8.log	/root/private_data/lyc/2ndpaper/results/k500sm_ai_gfx928_4gpu/20260825T102643Z/csv/channels_r3_reducescatter_1M_tree_simple_ch8.csv
channels_r1_reducescatter_1M_tree_ll_ch1	reducescatter	1M	tree_ll	1	0,1,2,3	0	/root/private_data/lyc/2ndpaper/results/k500sm_ai_gfx928_4gpu/20260825T102643Z/logs/channels_r1_reducescatter_1M_tree_ll_ch1.log	/root/private_data/lyc/2ndpaper/results/k500sm_ai_gfx928_4gpu/20260825T102643Z/csv/channels_r1_reducescatter_1M_tree_ll_ch1.csv
channels_r2_reducescatter_1M_tree_ll_ch1	reducescatter	1M	tree_ll	1	0,1,2,3	0	/root/private_data/lyc/2ndpaper/results/k500sm_ai_gfx928_4gpu/20260825T102643Z/logs/channels_r2_reducescatter_1M_tree_ll_ch1.log	/root/private_data/lyc/2ndpaper/results/k500sm_ai_gfx928_4gpu/20260825T102643Z/csv/channels_r2_reducescatter_1M_tree_ll_ch1.csv
channels_r3_reducescatter_1M_tree_ll_ch1	reducescatter	1M	tree_ll	1	0,1,2,3	0	/root/private_data/lyc/2ndpaper/results/k500sm_ai_gfx928_4gpu/20260825T102643Z/logs/channels_r3_reducescatter_1M_tree_ll_ch1.log	/root/private_data/lyc/2ndpaper/results/k500sm_ai_gfx928_4gpu/20260825T102643Z/csv/channels_r3_reducescatter_1M_tree_ll_ch1.csv
channels_r1_reducescatter_1M_tree_ll_ch2	reducescatter	1M	tree_ll	2	0,1,2,3	0	/root/private_data/lyc/2ndpaper/results/k500sm_ai_gfx928_4gpu/20260825T102643Z/logs/channels_r1_reducescatter_1M_tree_ll_ch2.log	/root/private_data/lyc/2ndpaper/results/k500sm_ai_gfx928_4gpu/20260825T102643Z/csv/channels_r1_reducescatter_1M_tree_ll_ch2.csv
channels_r2_reducescatter_1M_tree_ll_ch2	reducescatter	1M	tree_ll	2	0,1,2,3	0	/root/private_data/lyc/2ndpaper/results/k500sm_ai_gfx928_4gpu/20260825T102643Z/logs/channels_r2_reducescatter_1M_tree_ll_ch2.log	/root/private_data/lyc/2ndpaper/results/k500sm_ai_gfx928_4gpu/20260825T102643Z/csv/channels_r2_reducescatter_1M_tree_ll_ch2.csv
channels_r3_reducescatter_1M_tree_ll_ch2	reducescatter	1M	tree_ll	2	0,1,2,3	0	/root/private_data/lyc/2ndpaper/results/k500sm_ai_gfx928_4gpu/20260825T102643Z/logs/channels_r3_reducescatter_1M_tree_ll_ch2.log	/root/private_data/lyc/2ndpaper/results/k500sm_ai_gfx928_4gpu/20260825T102643Z/csv/channels_r3_reducescatter_1M_tree_ll_ch2.csv
channels_r1_reducescatter_1M_tree_ll_ch4	reducescatter	1M	tree_ll	4	0,1,2,3	0	/root/private_data/lyc/2ndpaper/results/k500sm_ai_gfx928_4gpu/20260825T102643Z/logs/channels_r1_reducescatter_1M_tree_ll_ch4.log	/root/private_data/lyc/2ndpaper/results/k500sm_ai_gfx928_4gpu/20260825T102643Z/csv/channels_r1_reducescatter_1M_tree_ll_ch4.csv
channels_r2_reducescatter_1M_tree_ll_ch4	reducescatter	1M	tree_ll	4	0,1,2,3	0	/root/private_data/lyc/2ndpaper/results/k500sm_ai_gfx928_4gpu/20260825T102643Z/logs/channels_r2_reducescatter_1M_tree_ll_ch4.log	/root/private_data/lyc/2ndpaper/results/k500sm_ai_gfx928_4gpu/20260825T102643Z/csv/channels_r2_reducescatter_1M_tree_ll_ch4.csv
channels_r3_reducescatter_1M_tree_ll_ch4	reducescatter	1M	tree_ll	4	0,1,2,3	0	/root/private_data/lyc/2ndpaper/results/k500sm_ai_gfx928_4gpu/20260825T102643Z/logs/channels_r3_reducescatter_1M_tree_ll_ch4.log	/root/private_data/lyc/2ndpaper/results/k500sm_ai_gfx928_4gpu/20260825T102643Z/csv/channels_r3_reducescatter_1M_tree_ll_ch4.csv
channels_r1_reducescatter_1M_tree_ll_ch8	reducescatter	1M	tree_ll	8	0,1,2,3	0	/root/private_data/lyc/2ndpaper/results/k500sm_ai_gfx928_4gpu/20260825T102643Z/logs/channels_r1_reducescatter_1M_tree_ll_ch8.log	/root/private_data/lyc/2ndpaper/results/k500sm_ai_gfx928_4gpu/20260825T102643Z/csv/channels_r1_reducescatter_1M_tree_ll_ch8.csv
channels_r2_reducescatter_1M_tree_ll_ch8	reducescatter	1M	tree_ll	8	0,1,2,3	0	/root/private_data/lyc/2ndpaper/results/k500sm_ai_gfx928_4gpu/20260825T102643Z/logs/channels_r2_reducescatter_1M_tree_ll_ch8.log	/root/private_data/lyc/2ndpaper/results/k500sm_ai_gfx928_4gpu/20260825T102643Z/csv/channels_r2_reducescatter_1M_tree_ll_ch8.csv
channels_r3_reducescatter_1M_tree_ll_ch8	reducescatter	1M	tree_ll	8	0,1,2,3	0	/root/private_data/lyc/2ndpaper/results/k500sm_ai_gfx928_4gpu/20260825T102643Z/logs/channels_r3_reducescatter_1M_tree_ll_ch8.log	/root/private_data/lyc/2ndpaper/results/k500sm_ai_gfx928_4gpu/20260825T102643Z/csv/channels_r3_reducescatter_1M_tree_ll_ch8.csv
channels_r1_reducescatter_8M_ring_simple_ch1	reducescatter	8M	ring_simple	1	0,1,2,3	0	/root/private_data/lyc/2ndpaper/results/k500sm_ai_gfx928_4gpu/20260825T102643Z/logs/channels_r1_reducescatter_8M_ring_simple_ch1.log	/root/private_data/lyc/2ndpaper/results/k500sm_ai_gfx928_4gpu/20260825T102643Z/csv/channels_r1_reducescatter_8M_ring_simple_ch1.csv
channels_r2_reducescatter_8M_ring_simple_ch1	reducescatter	8M	ring_simple	1	0,1,2,3	0	/root/private_data/lyc/2ndpaper/results/k500sm_ai_gfx928_4gpu/20260825T102643Z/logs/channels_r2_reducescatter_8M_ring_simple_ch1.log	/root/private_data/lyc/2ndpaper/results/k500sm_ai_gfx928_4gpu/20260825T102643Z/csv/channels_r2_reducescatter_8M_ring_simple_ch1.csv
channels_r3_reducescatter_8M_ring_simple_ch1	reducescatter	8M	ring_simple	1	0,1,2,3	0	/root/private_data/lyc/2ndpaper/results/k500sm_ai_gfx928_4gpu/20260825T102643Z/logs/channels_r3_reducescatter_8M_ring_simple_ch1.log	/root/private_data/lyc/2ndpaper/results/k500sm_ai_gfx928_4gpu/20260825T102643Z/csv/channels_r3_reducescatter_8M_ring_simple_ch1.csv
channels_r1_reducescatter_8M_ring_simple_ch2	reducescatter	8M	ring_simple	2	0,1,2,3	0	/root/private_data/lyc/2ndpaper/results/k500sm_ai_gfx928_4gpu/20260825T102643Z/logs/channels_r1_reducescatter_8M_ring_simple_ch2.log	/root/private_data/lyc/2ndpaper/results/k500sm_ai_gfx928_4gpu/20260825T102643Z/csv/channels_r1_reducescatter_8M_ring_simple_ch2.csv
channels_r2_reducescatter_8M_ring_simple_ch2	reducescatter	8M	ring_simple	2	0,1,2,3	0	/root/private_data/lyc/2ndpaper/results/k500sm_ai_gfx928_4gpu/20260825T102643Z/logs/channels_r2_reducescatter_8M_ring_simple_ch2.log	/root/private_data/lyc/2ndpaper/results/k500sm_ai_gfx928_4gpu/20260825T102643Z/csv/channels_r2_reducescatter_8M_ring_simple_ch2.csv
channels_r3_reducescatter_8M_ring_simple_ch2	reducescatter	8M	ring_simple	2	0,1,2,3	0	/root/private_data/lyc/2ndpaper/results/k500sm_ai_gfx928_4gpu/20260825T102643Z/logs/channels_r3_reducescatter_8M_ring_simple_ch2.log	/root/private_data/lyc/2ndpaper/results/k500sm_ai_gfx928_4gpu/20260825T102643Z/csv/channels_r3_reducescatter_8M_ring_simple_ch2.csv
channels_r1_reducescatter_8M_ring_simple_ch4	reducescatter	8M	ring_simple	4	0,1,2,3	0	/root/private_data/lyc/2ndpaper/results/k500sm_ai_gfx928_4gpu/20260825T102643Z/logs/channels_r1_reducescatter_8M_ring_simple_ch4.log	/root/private_data/lyc/2ndpaper/results/k500sm_ai_gfx928_4gpu/20260825T102643Z/csv/channels_r1_reducescatter_8M_ring_simple_ch4.csv
channels_r2_reducescatter_8M_ring_simple_ch4	reducescatter	8M	ring_simple	4	0,1,2,3	0	/root/private_data/lyc/2ndpaper/results/k500sm_ai_gfx928_4gpu/20260825T102643Z/logs/channels_r2_reducescatter_8M_ring_simple_ch4.log	/root/private_data/lyc/2ndpaper/results/k500sm_ai_gfx928_4gpu/20260825T102643Z/csv/channels_r2_reducescatter_8M_ring_simple_ch4.csv
channels_r3_reducescatter_8M_ring_simple_ch4	reducescatter	8M	ring_simple	4	0,1,2,3	0	/root/private_data/lyc/2ndpaper/results/k500sm_ai_gfx928_4gpu/20260825T102643Z/logs/channels_r3_reducescatter_8M_ring_simple_ch4.log	/root/private_data/lyc/2ndpaper/results/k500sm_ai_gfx928_4gpu/20260825T102643Z/csv/channels_r3_reducescatter_8M_ring_simple_ch4.csv
channels_r1_reducescatter_8M_ring_simple_ch8	reducescatter	8M	ring_simple	8	0,1,2,3	0	/root/private_data/lyc/2ndpaper/results/k500sm_ai_gfx928_4gpu/20260825T102643Z/logs/channels_r1_reducescatter_8M_ring_simple_ch8.log	/root/private_data/lyc/2ndpaper/results/k500sm_ai_gfx928_4gpu/20260825T102643Z/csv/channels_r1_reducescatter_8M_ring_simple_ch8.csv
channels_r2_reducescatter_8M_ring_simple_ch8	reducescatter	8M	ring_simple	8	0,1,2,3	0	/root/private_data/lyc/2ndpaper/results/k500sm_ai_gfx928_4gpu/20260825T102643Z/logs/channels_r2_reducescatter_8M_ring_simple_ch8.log	/root/private_data/lyc/2ndpaper/results/k500sm_ai_gfx928_4gpu/20260825T102643Z/csv/channels_r2_reducescatter_8M_ring_simple_ch8.csv
channels_r3_reducescatter_8M_ring_simple_ch8	reducescatter	8M	ring_simple	8	0,1,2,3	0	/root/private_data/lyc/2ndpaper/results/k500sm_ai_gfx928_4gpu/20260825T102643Z/logs/channels_r3_reducescatter_8M_ring_simple_ch8.log	/root/private_data/lyc/2ndpaper/results/k500sm_ai_gfx928_4gpu/20260825T102643Z/csv/channels_r3_reducescatter_8M_ring_simple_ch8.csv
channels_r1_reducescatter_8M_ring_ll_ch1	reducescatter	8M	ring_ll	1	0,1,2,3	0	/root/private_data/lyc/2ndpaper/results/k500sm_ai_gfx928_4gpu/20260825T102643Z/logs/channels_r1_reducescatter_8M_ring_ll_ch1.log	/root/private_data/lyc/2ndpaper/results/k500sm_ai_gfx928_4gpu/20260825T102643Z/csv/channels_r1_reducescatter_8M_ring_ll_ch1.csv
channels_r2_reducescatter_8M_ring_ll_ch1	reducescatter	8M	ring_ll	1	0,1,2,3	0	/root/private_data/lyc/2ndpaper/results/k500sm_ai_gfx928_4gpu/20260825T102643Z/logs/channels_r2_reducescatter_8M_ring_ll_ch1.log	/root/private_data/lyc/2ndpaper/results/k500sm_ai_gfx928_4gpu/20260825T102643Z/csv/channels_r2_reducescatter_8M_ring_ll_ch1.csv
channels_r3_reducescatter_8M_ring_ll_ch1	reducescatter	8M	ring_ll	1	0,1,2,3	0	/root/private_data/lyc/2ndpaper/results/k500sm_ai_gfx928_4gpu/20260825T102643Z/logs/channels_r3_reducescatter_8M_ring_ll_ch1.log	/root/private_data/lyc/2ndpaper/results/k500sm_ai_gfx928_4gpu/20260825T102643Z/csv/channels_r3_reducescatter_8M_ring_ll_ch1.csv
channels_r1_reducescatter_8M_ring_ll_ch2	reducescatter	8M	ring_ll	2	0,1,2,3	0	/root/private_data/lyc/2ndpaper/results/k500sm_ai_gfx928_4gpu/20260825T102643Z/logs/channels_r1_reducescatter_8M_ring_ll_ch2.log	/root/private_data/lyc/2ndpaper/results/k500sm_ai_gfx928_4gpu/20260825T102643Z/csv/channels_r1_reducescatter_8M_ring_ll_ch2.csv
channels_r2_reducescatter_8M_ring_ll_ch2	reducescatter	8M	ring_ll	2	0,1,2,3	0	/root/private_data/lyc/2ndpaper/results/k500sm_ai_gfx928_4gpu/20260825T102643Z/logs/channels_r2_reducescatter_8M_ring_ll_ch2.log	/root/private_data/lyc/2ndpaper/results/k500sm_ai_gfx928_4gpu/20260825T102643Z/csv/channels_r2_reducescatter_8M_ring_ll_ch2.csv
channels_r3_reducescatter_8M_ring_ll_ch2	reducescatter	8M	ring_ll	2	0,1,2,3	0	/root/private_data/lyc/2ndpaper/results/k500sm_ai_gfx928_4gpu/20260825T102643Z/logs/channels_r3_reducescatter_8M_ring_ll_ch2.log	/root/private_data/lyc/2ndpaper/results/k500sm_ai_gfx928_4gpu/20260825T102643Z/csv/channels_r3_reducescatter_8M_ring_ll_ch2.csv
channels_r1_reducescatter_8M_ring_ll_ch4	reducescatter	8M	ring_ll	4	0,1,2,3	0	/root/private_data/lyc/2ndpaper/results/k500sm_ai_gfx928_4gpu/20260825T102643Z/logs/channels_r1_reducescatter_8M_ring_ll_ch4.log	/root/private_data/lyc/2ndpaper/results/k500sm_ai_gfx928_4gpu/20260825T102643Z/csv/channels_r1_reducescatter_8M_ring_ll_ch4.csv
channels_r2_reducescatter_8M_ring_ll_ch4	reducescatter	8M	ring_ll	4	0,1,2,3	0	/root/private_data/lyc/2ndpaper/results/k500sm_ai_gfx928_4gpu/20260825T102643Z/logs/channels_r2_reducescatter_8M_ring_ll_ch4.log	/root/private_data/lyc/2ndpaper/results/k500sm_ai_gfx928_4gpu/20260825T102643Z/csv/channels_r2_reducescatter_8M_ring_ll_ch4.csv
channels_r3_reducescatter_8M_ring_ll_ch4	reducescatter	8M	ring_ll	4	0,1,2,3	0	/root/private_data/lyc/2ndpaper/results/k500sm_ai_gfx928_4gpu/20260825T102643Z/logs/channels_r3_reducescatter_8M_ring_ll_ch4.log	/root/private_data/lyc/2ndpaper/results/k500sm_ai_gfx928_4gpu/20260825T102643Z/csv/channels_r3_reducescatter_8M_ring_ll_ch4.csv
channels_r1_reducescatter_8M_ring_ll_ch8	reducescatter	8M	ring_ll	8	0,1,2,3	0	/root/private_data/lyc/2ndpaper/results/k500sm_ai_gfx928_4gpu/20260825T102643Z/logs/channels_r1_reducescatter_8M_ring_ll_ch8.log	/root/private_data/lyc/2ndpaper/results/k500sm_ai_gfx928_4gpu/20260825T102643Z/csv/channels_r1_reducescatter_8M_ring_ll_ch8.csv
channels_r2_reducescatter_8M_ring_ll_ch8	reducescatter	8M	ring_ll	8	0,1,2,3	0	/root/private_data/lyc/2ndpaper/results/k500sm_ai_gfx928_4gpu/20260825T102643Z/logs/channels_r2_reducescatter_8M_ring_ll_ch8.log	/root/private_data/lyc/2ndpaper/results/k500sm_ai_gfx928_4gpu/20260825T102643Z/csv/channels_r2_reducescatter_8M_ring_ll_ch8.csv
channels_r3_reducescatter_8M_ring_ll_ch8	reducescatter	8M	ring_ll	8	0,1,2,3	0	/root/private_data/lyc/2ndpaper/results/k500sm_ai_gfx928_4gpu/20260825T102643Z/logs/channels_r3_reducescatter_8M_ring_ll_ch8.log	/root/private_data/lyc/2ndpaper/results/k500sm_ai_gfx928_4gpu/20260825T102643Z/csv/channels_r3_reducescatter_8M_ring_ll_ch8.csv
channels_r1_reducescatter_8M_tree_simple_ch1	reducescatter	8M	tree_simple	1	0,1,2,3	0	/root/private_data/lyc/2ndpaper/results/k500sm_ai_gfx928_4gpu/20260825T102643Z/logs/channels_r1_reducescatter_8M_tree_simple_ch1.log	/root/private_data/lyc/2ndpaper/results/k500sm_ai_gfx928_4gpu/20260825T102643Z/csv/channels_r1_reducescatter_8M_tree_simple_ch1.csv
channels_r2_reducescatter_8M_tree_simple_ch1	reducescatter	8M	tree_simple	1	0,1,2,3	0	/root/private_data/lyc/2ndpaper/results/k500sm_ai_gfx928_4gpu/20260825T102643Z/logs/channels_r2_reducescatter_8M_tree_simple_ch1.log	/root/private_data/lyc/2ndpaper/results/k500sm_ai_gfx928_4gpu/20260825T102643Z/csv/channels_r2_reducescatter_8M_tree_simple_ch1.csv
channels_r3_reducescatter_8M_tree_simple_ch1	reducescatter	8M	tree_simple	1	0,1,2,3	0	/root/private_data/lyc/2ndpaper/results/k500sm_ai_gfx928_4gpu/20260825T102643Z/logs/channels_r3_reducescatter_8M_tree_simple_ch1.log	/root/private_data/lyc/2ndpaper/results/k500sm_ai_gfx928_4gpu/20260825T102643Z/csv/channels_r3_reducescatter_8M_tree_simple_ch1.csv
channels_r1_reducescatter_8M_tree_simple_ch2	reducescatter	8M	tree_simple	2	0,1,2,3	0	/root/private_data/lyc/2ndpaper/results/k500sm_ai_gfx928_4gpu/20260825T102643Z/logs/channels_r1_reducescatter_8M_tree_simple_ch2.log	/root/private_data/lyc/2ndpaper/results/k500sm_ai_gfx928_4gpu/20260825T102643Z/csv/channels_r1_reducescatter_8M_tree_simple_ch2.csv
channels_r2_reducescatter_8M_tree_simple_ch2	reducescatter	8M	tree_simple	2	0,1,2,3	0	/root/private_data/lyc/2ndpaper/results/k500sm_ai_gfx928_4gpu/20260825T102643Z/logs/channels_r2_reducescatter_8M_tree_simple_ch2.log	/root/private_data/lyc/2ndpaper/results/k500sm_ai_gfx928_4gpu/20260825T102643Z/csv/channels_r2_reducescatter_8M_tree_simple_ch2.csv
channels_r3_reducescatter_8M_tree_simple_ch2	reducescatter	8M	tree_simple	2	0,1,2,3	0	/root/private_data/lyc/2ndpaper/results/k500sm_ai_gfx928_4gpu/20260825T102643Z/logs/channels_r3_reducescatter_8M_tree_simple_ch2.log	/root/private_data/lyc/2ndpaper/results/k500sm_ai_gfx928_4gpu/20260825T102643Z/csv/channels_r3_reducescatter_8M_tree_simple_ch2.csv
channels_r1_reducescatter_8M_tree_simple_ch4	reducescatter	8M	tree_simple	4	0,1,2,3	0	/root/private_data/lyc/2ndpaper/results/k500sm_ai_gfx928_4gpu/20260825T102643Z/logs/channels_r1_reducescatter_8M_tree_simple_ch4.log	/root/private_data/lyc/2ndpaper/results/k500sm_ai_gfx928_4gpu/20260825T102643Z/csv/channels_r1_reducescatter_8M_tree_simple_ch4.csv
channels_r2_reducescatter_8M_tree_simple_ch4	reducescatter	8M	tree_simple	4	0,1,2,3	0	/root/private_data/lyc/2ndpaper/results/k500sm_ai_gfx928_4gpu/20260825T102643Z/logs/channels_r2_reducescatter_8M_tree_simple_ch4.log	/root/private_data/lyc/2ndpaper/results/k500sm_ai_gfx928_4gpu/20260825T102643Z/csv/channels_r2_reducescatter_8M_tree_simple_ch4.csv
channels_r3_reducescatter_8M_tree_simple_ch4	reducescatter	8M	tree_simple	4	0,1,2,3	0	/root/private_data/lyc/2ndpaper/results/k500sm_ai_gfx928_4gpu/20260825T102643Z/logs/channels_r3_reducescatter_8M_tree_simple_ch4.log	/root/private_data/lyc/2ndpaper/results/k500sm_ai_gfx928_4gpu/20260825T102643Z/csv/channels_r3_reducescatter_8M_tree_simple_ch4.csv
channels_r1_reducescatter_8M_tree_simple_ch8	reducescatter	8M	tree_simple	8	0,1,2,3	0	/root/private_data/lyc/2ndpaper/results/k500sm_ai_gfx928_4gpu/20260825T102643Z/logs/channels_r1_reducescatter_8M_tree_simple_ch8.log	/root/private_data/lyc/2ndpaper/results/k500sm_ai_gfx928_4gpu/20260825T102643Z/csv/channels_r1_reducescatter_8M_tree_simple_ch8.csv
channels_r2_reducescatter_8M_tree_simple_ch8	reducescatter	8M	tree_simple	8	0,1,2,3	0	/root/private_data/lyc/2ndpaper/results/k500sm_ai_gfx928_4gpu/20260825T102643Z/logs/channels_r2_reducescatter_8M_tree_simple_ch8.log	/root/private_data/lyc/2ndpaper/results/k500sm_ai_gfx928_4gpu/20260825T102643Z/csv/channels_r2_reducescatter_8M_tree_simple_ch8.csv
channels_r3_reducescatter_8M_tree_simple_ch8	reducescatter	8M	tree_simple	8	0,1,2,3	0	/root/private_data/lyc/2ndpaper/results/k500sm_ai_gfx928_4gpu/20260825T102643Z/logs/channels_r3_reducescatter_8M_tree_simple_ch8.log	/root/private_data/lyc/2ndpaper/results/k500sm_ai_gfx928_4gpu/20260825T102643Z/csv/channels_r3_reducescatter_8M_tree_simple_ch8.csv
channels_r1_reducescatter_8M_tree_ll_ch1	reducescatter	8M	tree_ll	1	0,1,2,3	0	/root/private_data/lyc/2ndpaper/results/k500sm_ai_gfx928_4gpu/20260825T102643Z/logs/channels_r1_reducescatter_8M_tree_ll_ch1.log	/root/private_data/lyc/2ndpaper/results/k500sm_ai_gfx928_4gpu/20260825T102643Z/csv/channels_r1_reducescatter_8M_tree_ll_ch1.csv
channels_r2_reducescatter_8M_tree_ll_ch1	reducescatter	8M	tree_ll	1	0,1,2,3	0	/root/private_data/lyc/2ndpaper/results/k500sm_ai_gfx928_4gpu/20260825T102643Z/logs/channels_r2_reducescatter_8M_tree_ll_ch1.log	/root/private_data/lyc/2ndpaper/results/k500sm_ai_gfx928_4gpu/20260825T102643Z/csv/channels_r2_reducescatter_8M_tree_ll_ch1.csv
channels_r3_reducescatter_8M_tree_ll_ch1	reducescatter	8M	tree_ll	1	0,1,2,3	0	/root/private_data/lyc/2ndpaper/results/k500sm_ai_gfx928_4gpu/20260825T102643Z/logs/channels_r3_reducescatter_8M_tree_ll_ch1.log	/root/private_data/lyc/2ndpaper/results/k500sm_ai_gfx928_4gpu/20260825T102643Z/csv/channels_r3_reducescatter_8M_tree_ll_ch1.csv
channels_r1_reducescatter_8M_tree_ll_ch2	reducescatter	8M	tree_ll	2	0,1,2,3	0	/root/private_data/lyc/2ndpaper/results/k500sm_ai_gfx928_4gpu/20260825T102643Z/logs/channels_r1_reducescatter_8M_tree_ll_ch2.log	/root/private_data/lyc/2ndpaper/results/k500sm_ai_gfx928_4gpu/20260825T102643Z/csv/channels_r1_reducescatter_8M_tree_ll_ch2.csv
channels_r2_reducescatter_8M_tree_ll_ch2	reducescatter	8M	tree_ll	2	0,1,2,3	0	/root/private_data/lyc/2ndpaper/results/k500sm_ai_gfx928_4gpu/20260825T102643Z/logs/channels_r2_reducescatter_8M_tree_ll_ch2.log	/root/private_data/lyc/2ndpaper/results/k500sm_ai_gfx928_4gpu/20260825T102643Z/csv/channels_r2_reducescatter_8M_tree_ll_ch2.csv
channels_r3_reducescatter_8M_tree_ll_ch2	reducescatter	8M	tree_ll	2	0,1,2,3	0	/root/private_data/lyc/2ndpaper/results/k500sm_ai_gfx928_4gpu/20260825T102643Z/logs/channels_r3_reducescatter_8M_tree_ll_ch2.log	/root/private_data/lyc/2ndpaper/results/k500sm_ai_gfx928_4gpu/20260825T102643Z/csv/channels_r3_reducescatter_8M_tree_ll_ch2.csv
channels_r1_reducescatter_8M_tree_ll_ch4	reducescatter	8M	tree_ll	4	0,1,2,3	0	/root/private_data/lyc/2ndpaper/results/k500sm_ai_gfx928_4gpu/20260825T102643Z/logs/channels_r1_reducescatter_8M_tree_ll_ch4.log	/root/private_data/lyc/2ndpaper/results/k500sm_ai_gfx928_4gpu/20260825T102643Z/csv/channels_r1_reducescatter_8M_tree_ll_ch4.csv
channels_r2_reducescatter_8M_tree_ll_ch4	reducescatter	8M	tree_ll	4	0,1,2,3	0	/root/private_data/lyc/2ndpaper/results/k500sm_ai_gfx928_4gpu/20260825T102643Z/logs/channels_r2_reducescatter_8M_tree_ll_ch4.log	/root/private_data/lyc/2ndpaper/results/k500sm_ai_gfx928_4gpu/20260825T102643Z/csv/channels_r2_reducescatter_8M_tree_ll_ch4.csv
channels_r3_reducescatter_8M_tree_ll_ch4	reducescatter	8M	tree_ll	4	0,1,2,3	0	/root/private_data/lyc/2ndpaper/results/k500sm_ai_gfx928_4gpu/20260825T102643Z/logs/channels_r3_reducescatter_8M_tree_ll_ch4.log	/root/private_data/lyc/2ndpaper/results/k500sm_ai_gfx928_4gpu/20260825T102643Z/csv/channels_r3_reducescatter_8M_tree_ll_ch4.csv
channels_r1_reducescatter_8M_tree_ll_ch8	reducescatter	8M	tree_ll	8	0,1,2,3	0	/root/private_data/lyc/2ndpaper/results/k500sm_ai_gfx928_4gpu/20260825T102643Z/logs/channels_r1_reducescatter_8M_tree_ll_ch8.log	/root/private_data/lyc/2ndpaper/results/k500sm_ai_gfx928_4gpu/20260825T102643Z/csv/channels_r1_reducescatter_8M_tree_ll_ch8.csv
channels_r2_reducescatter_8M_tree_ll_ch8	reducescatter	8M	tree_ll	8	0,1,2,3	0	/root/private_data/lyc/2ndpaper/results/k500sm_ai_gfx928_4gpu/20260825T102643Z/logs/channels_r2_reducescatter_8M_tree_ll_ch8.log	/root/private_data/lyc/2ndpaper/results/k500sm_ai_gfx928_4gpu/20260825T102643Z/csv/channels_r2_reducescatter_8M_tree_ll_ch8.csv
channels_r3_reducescatter_8M_tree_ll_ch8	reducescatter	8M	tree_ll	8	0,1,2,3	0	/root/private_data/lyc/2ndpaper/results/k500sm_ai_gfx928_4gpu/20260825T102643Z/logs/channels_r3_reducescatter_8M_tree_ll_ch8.log	/root/private_data/lyc/2ndpaper/results/k500sm_ai_gfx928_4gpu/20260825T102643Z/csv/channels_r3_reducescatter_8M_tree_ll_ch8.csv
channels_r1_reducescatter_64M_ring_simple_ch1	reducescatter	64M	ring_simple	1	0,1,2,3	0	/root/private_data/lyc/2ndpaper/results/k500sm_ai_gfx928_4gpu/20260825T102643Z/logs/channels_r1_reducescatter_64M_ring_simple_ch1.log	/root/private_data/lyc/2ndpaper/results/k500sm_ai_gfx928_4gpu/20260825T102643Z/csv/channels_r1_reducescatter_64M_ring_simple_ch1.csv
channels_r2_reducescatter_64M_ring_simple_ch1	reducescatter	64M	ring_simple	1	0,1,2,3	0	/root/private_data/lyc/2ndpaper/results/k500sm_ai_gfx928_4gpu/20260825T102643Z/logs/channels_r2_reducescatter_64M_ring_simple_ch1.log	/root/private_data/lyc/2ndpaper/results/k500sm_ai_gfx928_4gpu/20260825T102643Z/csv/channels_r2_reducescatter_64M_ring_simple_ch1.csv
channels_r3_reducescatter_64M_ring_simple_ch1	reducescatter	64M	ring_simple	1	0,1,2,3	0	/root/private_data/lyc/2ndpaper/results/k500sm_ai_gfx928_4gpu/20260825T102643Z/logs/channels_r3_reducescatter_64M_ring_simple_ch1.log	/root/private_data/lyc/2ndpaper/results/k500sm_ai_gfx928_4gpu/20260825T102643Z/csv/channels_r3_reducescatter_64M_ring_simple_ch1.csv
channels_r1_reducescatter_64M_ring_simple_ch2	reducescatter	64M	ring_simple	2	0,1,2,3	0	/root/private_data/lyc/2ndpaper/results/k500sm_ai_gfx928_4gpu/20260825T102643Z/logs/channels_r1_reducescatter_64M_ring_simple_ch2.log	/root/private_data/lyc/2ndpaper/results/k500sm_ai_gfx928_4gpu/20260825T102643Z/csv/channels_r1_reducescatter_64M_ring_simple_ch2.csv
channels_r2_reducescatter_64M_ring_simple_ch2	reducescatter	64M	ring_simple	2	0,1,2,3	0	/root/private_data/lyc/2ndpaper/results/k500sm_ai_gfx928_4gpu/20260825T102643Z/logs/channels_r2_reducescatter_64M_ring_simple_ch2.log	/root/private_data/lyc/2ndpaper/results/k500sm_ai_gfx928_4gpu/20260825T102643Z/csv/channels_r2_reducescatter_64M_ring_simple_ch2.csv
channels_r3_reducescatter_64M_ring_simple_ch2	reducescatter	64M	ring_simple	2	0,1,2,3	0	/root/private_data/lyc/2ndpaper/results/k500sm_ai_gfx928_4gpu/20260825T102643Z/logs/channels_r3_reducescatter_64M_ring_simple_ch2.log	/root/private_data/lyc/2ndpaper/results/k500sm_ai_gfx928_4gpu/20260825T102643Z/csv/channels_r3_reducescatter_64M_ring_simple_ch2.csv
channels_r1_reducescatter_64M_ring_simple_ch4	reducescatter	64M	ring_simple	4	0,1,2,3	0	/root/private_data/lyc/2ndpaper/results/k500sm_ai_gfx928_4gpu/20260825T102643Z/logs/channels_r1_reducescatter_64M_ring_simple_ch4.log	/root/private_data/lyc/2ndpaper/results/k500sm_ai_gfx928_4gpu/20260825T102643Z/csv/channels_r1_reducescatter_64M_ring_simple_ch4.csv
channels_r2_reducescatter_64M_ring_simple_ch4	reducescatter	64M	ring_simple	4	0,1,2,3	0	/root/private_data/lyc/2ndpaper/results/k500sm_ai_gfx928_4gpu/20260825T102643Z/logs/channels_r2_reducescatter_64M_ring_simple_ch4.log	/root/private_data/lyc/2ndpaper/results/k500sm_ai_gfx928_4gpu/20260825T102643Z/csv/channels_r2_reducescatter_64M_ring_simple_ch4.csv
channels_r3_reducescatter_64M_ring_simple_ch4	reducescatter	64M	ring_simple	4	0,1,2,3	0	/root/private_data/lyc/2ndpaper/results/k500sm_ai_gfx928_4gpu/20260825T102643Z/logs/channels_r3_reducescatter_64M_ring_simple_ch4.log	/root/private_data/lyc/2ndpaper/results/k500sm_ai_gfx928_4gpu/20260825T102643Z/csv/channels_r3_reducescatter_64M_ring_simple_ch4.csv
channels_r1_reducescatter_64M_ring_simple_ch8	reducescatter	64M	ring_simple	8	0,1,2,3	0	/root/private_data/lyc/2ndpaper/results/k500sm_ai_gfx928_4gpu/20260825T102643Z/logs/channels_r1_reducescatter_64M_ring_simple_ch8.log	/root/private_data/lyc/2ndpaper/results/k500sm_ai_gfx928_4gpu/20260825T102643Z/csv/channels_r1_reducescatter_64M_ring_simple_ch8.csv
channels_r2_reducescatter_64M_ring_simple_ch8	reducescatter	64M	ring_simple	8	0,1,2,3	0	/root/private_data/lyc/2ndpaper/results/k500sm_ai_gfx928_4gpu/20260825T102643Z/logs/channels_r2_reducescatter_64M_ring_simple_ch8.log	/root/private_data/lyc/2ndpaper/results/k500sm_ai_gfx928_4gpu/20260825T102643Z/csv/channels_r2_reducescatter_64M_ring_simple_ch8.csv
channels_r3_reducescatter_64M_ring_simple_ch8	reducescatter	64M	ring_simple	8	0,1,2,3	0	/root/private_data/lyc/2ndpaper/results/k500sm_ai_gfx928_4gpu/20260825T102643Z/logs/channels_r3_reducescatter_64M_ring_simple_ch8.log	/root/private_data/lyc/2ndpaper/results/k500sm_ai_gfx928_4gpu/20260825T102643Z/csv/channels_r3_reducescatter_64M_ring_simple_ch8.csv
channels_r1_reducescatter_64M_ring_ll_ch1	reducescatter	64M	ring_ll	1	0,1,2,3	0	/root/private_data/lyc/2ndpaper/results/k500sm_ai_gfx928_4gpu/20260825T102643Z/logs/channels_r1_reducescatter_64M_ring_ll_ch1.log	/root/private_data/lyc/2ndpaper/results/k500sm_ai_gfx928_4gpu/20260825T102643Z/csv/channels_r1_reducescatter_64M_ring_ll_ch1.csv
channels_r2_reducescatter_64M_ring_ll_ch1	reducescatter	64M	ring_ll	1	0,1,2,3	0	/root/private_data/lyc/2ndpaper/results/k500sm_ai_gfx928_4gpu/20260825T102643Z/logs/channels_r2_reducescatter_64M_ring_ll_ch1.log	/root/private_data/lyc/2ndpaper/results/k500sm_ai_gfx928_4gpu/20260825T102643Z/csv/channels_r2_reducescatter_64M_ring_ll_ch1.csv
channels_r3_reducescatter_64M_ring_ll_ch1	reducescatter	64M	ring_ll	1	0,1,2,3	0	/root/private_data/lyc/2ndpaper/results/k500sm_ai_gfx928_4gpu/20260825T102643Z/logs/channels_r3_reducescatter_64M_ring_ll_ch1.log	/root/private_data/lyc/2ndpaper/results/k500sm_ai_gfx928_4gpu/20260825T102643Z/csv/channels_r3_reducescatter_64M_ring_ll_ch1.csv
channels_r1_reducescatter_64M_ring_ll_ch2	reducescatter	64M	ring_ll	2	0,1,2,3	0	/root/private_data/lyc/2ndpaper/results/k500sm_ai_gfx928_4gpu/20260825T102643Z/logs/channels_r1_reducescatter_64M_ring_ll_ch2.log	/root/private_data/lyc/2ndpaper/results/k500sm_ai_gfx928_4gpu/20260825T102643Z/csv/channels_r1_reducescatter_64M_ring_ll_ch2.csv
channels_r2_reducescatter_64M_ring_ll_ch2	reducescatter	64M	ring_ll	2	0,1,2,3	0	/root/private_data/lyc/2ndpaper/results/k500sm_ai_gfx928_4gpu/20260825T102643Z/logs/channels_r2_reducescatter_64M_ring_ll_ch2.log	/root/private_data/lyc/2ndpaper/results/k500sm_ai_gfx928_4gpu/20260825T102643Z/csv/channels_r2_reducescatter_64M_ring_ll_ch2.csv
channels_r3_reducescatter_64M_ring_ll_ch2	reducescatter	64M	ring_ll	2	0,1,2,3	0	/root/private_data/lyc/2ndpaper/results/k500sm_ai_gfx928_4gpu/20260825T102643Z/logs/channels_r3_reducescatter_64M_ring_ll_ch2.log	/root/private_data/lyc/2ndpaper/results/k500sm_ai_gfx928_4gpu/20260825T102643Z/csv/channels_r3_reducescatter_64M_ring_ll_ch2.csv
channels_r1_reducescatter_64M_ring_ll_ch4	reducescatter	64M	ring_ll	4	0,1,2,3	0	/root/private_data/lyc/2ndpaper/results/k500sm_ai_gfx928_4gpu/20260825T102643Z/logs/channels_r1_reducescatter_64M_ring_ll_ch4.log	/root/private_data/lyc/2ndpaper/results/k500sm_ai_gfx928_4gpu/20260825T102643Z/csv/channels_r1_reducescatter_64M_ring_ll_ch4.csv
channels_r2_reducescatter_64M_ring_ll_ch4	reducescatter	64M	ring_ll	4	0,1,2,3	0	/root/private_data/lyc/2ndpaper/results/k500sm_ai_gfx928_4gpu/20260825T102643Z/logs/channels_r2_reducescatter_64M_ring_ll_ch4.log	/root/private_data/lyc/2ndpaper/results/k500sm_ai_gfx928_4gpu/20260825T102643Z/csv/channels_r2_reducescatter_64M_ring_ll_ch4.csv
channels_r3_reducescatter_64M_ring_ll_ch4	reducescatter	64M	ring_ll	4	0,1,2,3	0	/root/private_data/lyc/2ndpaper/results/k500sm_ai_gfx928_4gpu/20260825T102643Z/logs/channels_r3_reducescatter_64M_ring_ll_ch4.log	/root/private_data/lyc/2ndpaper/results/k500sm_ai_gfx928_4gpu/20260825T102643Z/csv/channels_r3_reducescatter_64M_ring_ll_ch4.csv
channels_r1_reducescatter_64M_ring_ll_ch8	reducescatter	64M	ring_ll	8	0,1,2,3	0	/root/private_data/lyc/2ndpaper/results/k500sm_ai_gfx928_4gpu/20260825T102643Z/logs/channels_r1_reducescatter_64M_ring_ll_ch8.log	/root/private_data/lyc/2ndpaper/results/k500sm_ai_gfx928_4gpu/20260825T102643Z/csv/channels_r1_reducescatter_64M_ring_ll_ch8.csv
channels_r2_reducescatter_64M_ring_ll_ch8	reducescatter	64M	ring_ll	8	0,1,2,3	0	/root/private_data/lyc/2ndpaper/results/k500sm_ai_gfx928_4gpu/20260825T102643Z/logs/channels_r2_reducescatter_64M_ring_ll_ch8.log	/root/private_data/lyc/2ndpaper/results/k500sm_ai_gfx928_4gpu/20260825T102643Z/csv/channels_r2_reducescatter_64M_ring_ll_ch8.csv
channels_r3_reducescatter_64M_ring_ll_ch8	reducescatter	64M	ring_ll	8	0,1,2,3	0	/root/private_data/lyc/2ndpaper/results/k500sm_ai_gfx928_4gpu/20260825T102643Z/logs/channels_r3_reducescatter_64M_ring_ll_ch8.log	/root/private_data/lyc/2ndpaper/results/k500sm_ai_gfx928_4gpu/20260825T102643Z/csv/channels_r3_reducescatter_64M_ring_ll_ch8.csv
channels_r1_reducescatter_64M_tree_simple_ch1	reducescatter	64M	tree_simple	1	0,1,2,3	0	/root/private_data/lyc/2ndpaper/results/k500sm_ai_gfx928_4gpu/20260825T102643Z/logs/channels_r1_reducescatter_64M_tree_simple_ch1.log	/root/private_data/lyc/2ndpaper/results/k500sm_ai_gfx928_4gpu/20260825T102643Z/csv/channels_r1_reducescatter_64M_tree_simple_ch1.csv
channels_r2_reducescatter_64M_tree_simple_ch1	reducescatter	64M	tree_simple	1	0,1,2,3	0	/root/private_data/lyc/2ndpaper/results/k500sm_ai_gfx928_4gpu/20260825T102643Z/logs/channels_r2_reducescatter_64M_tree_simple_ch1.log	/root/private_data/lyc/2ndpaper/results/k500sm_ai_gfx928_4gpu/20260825T102643Z/csv/channels_r2_reducescatter_64M_tree_simple_ch1.csv
channels_r3_reducescatter_64M_tree_simple_ch1	reducescatter	64M	tree_simple	1	0,1,2,3	0	/root/private_data/lyc/2ndpaper/results/k500sm_ai_gfx928_4gpu/20260825T102643Z/logs/channels_r3_reducescatter_64M_tree_simple_ch1.log	/root/private_data/lyc/2ndpaper/results/k500sm_ai_gfx928_4gpu/20260825T102643Z/csv/channels_r3_reducescatter_64M_tree_simple_ch1.csv
channels_r1_reducescatter_64M_tree_simple_ch2	reducescatter	64M	tree_simple	2	0,1,2,3	0	/root/private_data/lyc/2ndpaper/results/k500sm_ai_gfx928_4gpu/20260825T102643Z/logs/channels_r1_reducescatter_64M_tree_simple_ch2.log	/root/private_data/lyc/2ndpaper/results/k500sm_ai_gfx928_4gpu/20260825T102643Z/csv/channels_r1_reducescatter_64M_tree_simple_ch2.csv
channels_r2_reducescatter_64M_tree_simple_ch2	reducescatter	64M	tree_simple	2	0,1,2,3	0	/root/private_data/lyc/2ndpaper/results/k500sm_ai_gfx928_4gpu/20260825T102643Z/logs/channels_r2_reducescatter_64M_tree_simple_ch2.log	/root/private_data/lyc/2ndpaper/results/k500sm_ai_gfx928_4gpu/20260825T102643Z/csv/channels_r2_reducescatter_64M_tree_simple_ch2.csv
channels_r3_reducescatter_64M_tree_simple_ch2	reducescatter	64M	tree_simple	2	0,1,2,3	0	/root/private_data/lyc/2ndpaper/results/k500sm_ai_gfx928_4gpu/20260825T102643Z/logs/channels_r3_reducescatter_64M_tree_simple_ch2.log	/root/private_data/lyc/2ndpaper/results/k500sm_ai_gfx928_4gpu/20260825T102643Z/csv/channels_r3_reducescatter_64M_tree_simple_ch2.csv
channels_r1_reducescatter_64M_tree_simple_ch4	reducescatter	64M	tree_simple	4	0,1,2,3	0	/root/private_data/lyc/2ndpaper/results/k500sm_ai_gfx928_4gpu/20260825T102643Z/logs/channels_r1_reducescatter_64M_tree_simple_ch4.log	/root/private_data/lyc/2ndpaper/results/k500sm_ai_gfx928_4gpu/20260825T102643Z/csv/channels_r1_reducescatter_64M_tree_simple_ch4.csv
channels_r2_reducescatter_64M_tree_simple_ch4	reducescatter	64M	tree_simple	4	0,1,2,3	0	/root/private_data/lyc/2ndpaper/results/k500sm_ai_gfx928_4gpu/20260825T102643Z/logs/channels_r2_reducescatter_64M_tree_simple_ch4.log	/root/private_data/lyc/2ndpaper/results/k500sm_ai_gfx928_4gpu/20260825T102643Z/csv/channels_r2_reducescatter_64M_tree_simple_ch4.csv
channels_r3_reducescatter_64M_tree_simple_ch4	reducescatter	64M	tree_simple	4	0,1,2,3	0	/root/private_data/lyc/2ndpaper/results/k500sm_ai_gfx928_4gpu/20260825T102643Z/logs/channels_r3_reducescatter_64M_tree_simple_ch4.log	/root/private_data/lyc/2ndpaper/results/k500sm_ai_gfx928_4gpu/20260825T102643Z/csv/channels_r3_reducescatter_64M_tree_simple_ch4.csv
channels_r1_reducescatter_64M_tree_simple_ch8	reducescatter	64M	tree_simple	8	0,1,2,3	0	/root/private_data/lyc/2ndpaper/results/k500sm_ai_gfx928_4gpu/20260825T102643Z/logs/channels_r1_reducescatter_64M_tree_simple_ch8.log	/root/private_data/lyc/2ndpaper/results/k500sm_ai_gfx928_4gpu/20260825T102643Z/csv/channels_r1_reducescatter_64M_tree_simple_ch8.csv
channels_r2_reducescatter_64M_tree_simple_ch8	reducescatter	64M	tree_simple	8	0,1,2,3	0	/root/private_data/lyc/2ndpaper/results/k500sm_ai_gfx928_4gpu/20260825T102643Z/logs/channels_r2_reducescatter_64M_tree_simple_ch8.log	/root/private_data/lyc/2ndpaper/results/k500sm_ai_gfx928_4gpu/20260825T102643Z/csv/channels_r2_reducescatter_64M_tree_simple_ch8.csv
channels_r3_reducescatter_64M_tree_simple_ch8	reducescatter	64M	tree_simple	8	0,1,2,3	0	/root/private_data/lyc/2ndpaper/results/k500sm_ai_gfx928_4gpu/20260825T102643Z/logs/channels_r3_reducescatter_64M_tree_simple_ch8.log	/root/private_data/lyc/2ndpaper/results/k500sm_ai_gfx928_4gpu/20260825T102643Z/csv/channels_r3_reducescatter_64M_tree_simple_ch8.csv
channels_r1_reducescatter_64M_tree_ll_ch1	reducescatter	64M	tree_ll	1	0,1,2,3	0	/root/private_data/lyc/2ndpaper/results/k500sm_ai_gfx928_4gpu/20260825T102643Z/logs/channels_r1_reducescatter_64M_tree_ll_ch1.log	/root/private_data/lyc/2ndpaper/results/k500sm_ai_gfx928_4gpu/20260825T102643Z/csv/channels_r1_reducescatter_64M_tree_ll_ch1.csv
channels_r2_reducescatter_64M_tree_ll_ch1	reducescatter	64M	tree_ll	1	0,1,2,3	0	/root/private_data/lyc/2ndpaper/results/k500sm_ai_gfx928_4gpu/20260825T102643Z/logs/channels_r2_reducescatter_64M_tree_ll_ch1.log	/root/private_data/lyc/2ndpaper/results/k500sm_ai_gfx928_4gpu/20260825T102643Z/csv/channels_r2_reducescatter_64M_tree_ll_ch1.csv
channels_r3_reducescatter_64M_tree_ll_ch1	reducescatter	64M	tree_ll	1	0,1,2,3	0	/root/private_data/lyc/2ndpaper/results/k500sm_ai_gfx928_4gpu/20260825T102643Z/logs/channels_r3_reducescatter_64M_tree_ll_ch1.log	/root/private_data/lyc/2ndpaper/results/k500sm_ai_gfx928_4gpu/20260825T102643Z/csv/channels_r3_reducescatter_64M_tree_ll_ch1.csv
channels_r1_reducescatter_64M_tree_ll_ch2	reducescatter	64M	tree_ll	2	0,1,2,3	0	/root/private_data/lyc/2ndpaper/results/k500sm_ai_gfx928_4gpu/20260825T102643Z/logs/channels_r1_reducescatter_64M_tree_ll_ch2.log	/root/private_data/lyc/2ndpaper/results/k500sm_ai_gfx928_4gpu/20260825T102643Z/csv/channels_r1_reducescatter_64M_tree_ll_ch2.csv
channels_r2_reducescatter_64M_tree_ll_ch2	reducescatter	64M	tree_ll	2	0,1,2,3	0	/root/private_data/lyc/2ndpaper/results/k500sm_ai_gfx928_4gpu/20260825T102643Z/logs/channels_r2_reducescatter_64M_tree_ll_ch2.log	/root/private_data/lyc/2ndpaper/results/k500sm_ai_gfx928_4gpu/20260825T102643Z/csv/channels_r2_reducescatter_64M_tree_ll_ch2.csv
channels_r3_reducescatter_64M_tree_ll_ch2	reducescatter	64M	tree_ll	2	0,1,2,3	0	/root/private_data/lyc/2ndpaper/results/k500sm_ai_gfx928_4gpu/20260825T102643Z/logs/channels_r3_reducescatter_64M_tree_ll_ch2.log	/root/private_data/lyc/2ndpaper/results/k500sm_ai_gfx928_4gpu/20260825T102643Z/csv/channels_r3_reducescatter_64M_tree_ll_ch2.csv
channels_r1_reducescatter_64M_tree_ll_ch4	reducescatter	64M	tree_ll	4	0,1,2,3	0	/root/private_data/lyc/2ndpaper/results/k500sm_ai_gfx928_4gpu/20260825T102643Z/logs/channels_r1_reducescatter_64M_tree_ll_ch4.log	/root/private_data/lyc/2ndpaper/results/k500sm_ai_gfx928_4gpu/20260825T102643Z/csv/channels_r1_reducescatter_64M_tree_ll_ch4.csv
channels_r2_reducescatter_64M_tree_ll_ch4	reducescatter	64M	tree_ll	4	0,1,2,3	0	/root/private_data/lyc/2ndpaper/results/k500sm_ai_gfx928_4gpu/20260825T102643Z/logs/channels_r2_reducescatter_64M_tree_ll_ch4.log	/root/private_data/lyc/2ndpaper/results/k500sm_ai_gfx928_4gpu/20260825T102643Z/csv/channels_r2_reducescatter_64M_tree_ll_ch4.csv
channels_r3_reducescatter_64M_tree_ll_ch4	reducescatter	64M	tree_ll	4	0,1,2,3	0	/root/private_data/lyc/2ndpaper/results/k500sm_ai_gfx928_4gpu/20260825T102643Z/logs/channels_r3_reducescatter_64M_tree_ll_ch4.log	/root/private_data/lyc/2ndpaper/results/k500sm_ai_gfx928_4gpu/20260825T102643Z/csv/channels_r3_reducescatter_64M_tree_ll_ch4.csv
channels_r1_reducescatter_64M_tree_ll_ch8	reducescatter	64M	tree_ll	8	0,1,2,3	0	/root/private_data/lyc/2ndpaper/results/k500sm_ai_gfx928_4gpu/20260825T102643Z/logs/channels_r1_reducescatter_64M_tree_ll_ch8.log	/root/private_data/lyc/2ndpaper/results/k500sm_ai_gfx928_4gpu/20260825T102643Z/csv/channels_r1_reducescatter_64M_tree_ll_ch8.csv
channels_r2_reducescatter_64M_tree_ll_ch8	reducescatter	64M	tree_ll	8	0,1,2,3	0	/root/private_data/lyc/2ndpaper/results/k500sm_ai_gfx928_4gpu/20260825T102643Z/logs/channels_r2_reducescatter_64M_tree_ll_ch8.log	/root/private_data/lyc/2ndpaper/results/k500sm_ai_gfx928_4gpu/20260825T102643Z/csv/channels_r2_reducescatter_64M_tree_ll_ch8.csv
channels_r3_reducescatter_64M_tree_ll_ch8	reducescatter	64M	tree_ll	8	0,1,2,3	0	/root/private_data/lyc/2ndpaper/results/k500sm_ai_gfx928_4gpu/20260825T102643Z/logs/channels_r3_reducescatter_64M_tree_ll_ch8.log	/root/private_data/lyc/2ndpaper/results/k500sm_ai_gfx928_4gpu/20260825T102643Z/csv/channels_r3_reducescatter_64M_tree_ll_ch8.csv
