case_id	phase	repetition	ranks	shape_id	m_local	n	k	q	path	candidate	status	started_utc	ended_utc	case_dir
preflight_r1_P0_p2_m128_n128_k128_q1_comm_C0_DEFAULT	preflight	1	2	P0	128	128	128	1	comm	C0_DEFAULT	0	2026-08-31T09:48:22Z	2026-08-31T09:48:33Z	/root/private_data/lyc/2ndpaper/results/k500sm_ai_gfx928_4gpu/phase1_release_20260831_100100/cases/preflight_r1_P0_p2_m128_n128_k128_q1_comm_C0_DEFAULT
preflight_r1_P0_p2_m128_n128_k128_q1_gemm_C0_DEFAULT	preflight	1	2	P0	128	128	128	1	gemm	C0_DEFAULT	0	2026-08-31T09:48:33Z	2026-08-31T09:48:44Z	/root/private_data/lyc/2ndpaper/results/k500sm_ai_gfx928_4gpu/phase1_release_20260831_100100/cases/preflight_r1_P0_p2_m128_n128_k128_q1_gemm_C0_DEFAULT
preflight_r1_P0_p2_m128_n128_k128_q1_b0_C0_DEFAULT	preflight	1	2	P0	128	128	128	1	b0	C0_DEFAULT	0	2026-08-31T09:48:44Z	2026-08-31T09:48:55Z	/root/private_data/lyc/2ndpaper/results/k500sm_ai_gfx928_4gpu/phase1_release_20260831_100100/cases/preflight_r1_P0_p2_m128_n128_k128_q1_b0_C0_DEFAULT
preflight_r1_P0_p2_m128_n128_k128_q1_b1_C0_DEFAULT	preflight	1	2	P0	128	128	128	1	b1	C0_DEFAULT	0	2026-08-31T09:48:55Z	2026-08-31T09:49:06Z	/root/private_data/lyc/2ndpaper/results/k500sm_ai_gfx928_4gpu/phase1_release_20260831_100100/cases/preflight_r1_P0_p2_m128_n128_k128_q1_b1_C0_DEFAULT
preflight_r1_P0_p2_m128_n128_k128_q1_h0_C0_DEFAULT	preflight	1	2	P0	128	128	128	1	h0	C0_DEFAULT	0	2026-08-31T09:49:06Z	2026-08-31T09:49:17Z	/root/private_data/lyc/2ndpaper/results/k500sm_ai_gfx928_4gpu/phase1_release_20260831_100100/cases/preflight_r1_P0_p2_m128_n128_k128_q1_h0_C0_DEFAULT
preflight_r1_P0_p2_m128_n128_k128_q2_comm_C0_DEFAULT	preflight	1	2	P0	128	128	128	2	comm	C0_DEFAULT	0	2026-08-31T09:49:17Z	2026-08-31T09:49:28Z	/root/private_data/lyc/2ndpaper/results/k500sm_ai_gfx928_4gpu/phase1_release_20260831_100100/cases/preflight_r1_P0_p2_m128_n128_k128_q2_comm_C0_DEFAULT
preflight_r1_P0_p2_m128_n128_k128_q2_gemm_C0_DEFAULT	preflight	1	2	P0	128	128	128	2	gemm	C0_DEFAULT	0	2026-08-31T09:49:28Z	2026-08-31T09:49:38Z	/root/private_data/lyc/2ndpaper/results/k500sm_ai_gfx928_4gpu/phase1_release_20260831_100100/cases/preflight_r1_P0_p2_m128_n128_k128_q2_gemm_C0_DEFAULT
preflight_r1_P0_p2_m128_n128_k128_q2_b0_C0_DEFAULT	preflight	1	2	P0	128	128	128	2	b0	C0_DEFAULT	0	2026-08-31T09:49:38Z	2026-08-31T09:49:49Z	/root/private_data/lyc/2ndpaper/results/k500sm_ai_gfx928_4gpu/phase1_release_20260831_100100/cases/preflight_r1_P0_p2_m128_n128_k128_q2_b0_C0_DEFAULT
preflight_r1_P0_p2_m128_n128_k128_q2_b1_C0_DEFAULT	preflight	1	2	P0	128	128	128	2	b1	C0_DEFAULT	0	2026-08-31T09:49:49Z	2026-08-31T09:50:00Z	/root/private_data/lyc/2ndpaper/results/k500sm_ai_gfx928_4gpu/phase1_release_20260831_100100/cases/preflight_r1_P0_p2_m128_n128_k128_q2_b1_C0_DEFAULT
preflight_r1_P0_p2_m128_n128_k128_q2_h0_C0_DEFAULT	preflight	1	2	P0	128	128	128	2	h0	C0_DEFAULT	0	2026-08-31T09:50:00Z	2026-08-31T09:50:11Z	/root/private_data/lyc/2ndpaper/results/k500sm_ai_gfx928_4gpu/phase1_release_20260831_100100/cases/preflight_r1_P0_p2_m128_n128_k128_q2_h0_C0_DEFAULT
capability_r1_CAP_p4_m512_n256_k1024_q1_comm_C0_DEFAULT	capability	1	4	CAP	512	256	1024	1	comm	C0_DEFAULT	0	2026-08-31T09:50:11Z	2026-08-31T09:50:23Z	/root/private_data/lyc/2ndpaper/results/k500sm_ai_gfx928_4gpu/phase1_release_20260831_100100/cases/capability_r1_CAP_p4_m512_n256_k1024_q1_comm_C0_DEFAULT
capability_r1_CAP_p4_m512_n256_k1024_q1_comm_C1_RING_SIMPLE_CH4	capability	1	4	CAP	512	256	1024	1	comm	C1_RING_SIMPLE_CH4	0	2026-08-31T09:50:23Z	2026-08-31T09:50:34Z	/root/private_data/lyc/2ndpaper/results/k500sm_ai_gfx928_4gpu/phase1_release_20260831_100100/cases/capability_r1_CAP_p4_m512_n256_k1024_q1_comm_C1_RING_SIMPLE_CH4
capability_r1_CAP_p4_m512_n256_k1024_q1_comm_C2_RING_SIMPLE_CH8	capability	1	4	CAP	512	256	1024	1	comm	C2_RING_SIMPLE_CH8	0	2026-08-31T09:50:35Z	2026-08-31T09:50:47Z	/root/private_data/lyc/2ndpaper/results/k500sm_ai_gfx928_4gpu/phase1_release_20260831_100100/cases/capability_r1_CAP_p4_m512_n256_k1024_q1_comm_C2_RING_SIMPLE_CH8
discovery_comm_r1_S01_COMM_LEAN_p4_m2048_n128_k2048_q1_comm_C0_DEFAULT	discovery_comm	1	4	S01_COMM_LEAN	2048	128	2048	1	comm	C0_DEFAULT	0	2026-08-31T09:50:47Z	2026-08-31T09:50:59Z	/root/private_data/lyc/2ndpaper/results/k500sm_ai_gfx928_4gpu/phase1_release_20260831_100100/cases/discovery_comm_r1_S01_COMM_LEAN_p4_m2048_n128_k2048_q1_comm_C0_DEFAULT
discovery_comm_r1_S01_COMM_LEAN_p4_m2048_n128_k2048_q1_comm_C1_RING_SIMPLE_CH4	discovery_comm	1	4	S01_COMM_LEAN	2048	128	2048	1	comm	C1_RING_SIMPLE_CH4	0	2026-08-31T09:51:00Z	2026-08-31T09:51:12Z	/root/private_data/lyc/2ndpaper/results/k500sm_ai_gfx928_4gpu/phase1_release_20260831_100100/cases/discovery_comm_r1_S01_COMM_LEAN_p4_m2048_n128_k2048_q1_comm_C1_RING_SIMPLE_CH4
discovery_comm_r1_S01_COMM_LEAN_p4_m2048_n128_k2048_q1_comm_C2_RING_SIMPLE_CH8	discovery_comm	1	4	S01_COMM_LEAN	2048	128	2048	1	comm	C2_RING_SIMPLE_CH8	0	2026-08-31T09:51:12Z	2026-08-31T09:51:24Z	/root/private_data/lyc/2ndpaper/results/k500sm_ai_gfx928_4gpu/phase1_release_20260831_100100/cases/discovery_comm_r1_S01_COMM_LEAN_p4_m2048_n128_k2048_q1_comm_C2_RING_SIMPLE_CH8
discovery_gemm_r1_S01_COMM_LEAN_p4_m2048_n128_k2048_q1_gemm_C0_DEFAULT	discovery_gemm	1	4	S01_COMM_LEAN	2048	128	2048	1	gemm	C0_DEFAULT	0	2026-08-31T09:51:24Z	2026-08-31T09:51:36Z	/root/private_data/lyc/2ndpaper/results/k500sm_ai_gfx928_4gpu/phase1_release_20260831_100100/cases/discovery_gemm_r1_S01_COMM_LEAN_p4_m2048_n128_k2048_q1_gemm_C0_DEFAULT
discovery_comm_r1_S01_COMM_LEAN_p4_m2048_n128_k2048_q2_comm_C0_DEFAULT	discovery_comm	1	4	S01_COMM_LEAN	2048	128	2048	2	comm	C0_DEFAULT	0	2026-08-31T09:51:36Z	2026-08-31T09:51:48Z	/root/private_data/lyc/2ndpaper/results/k500sm_ai_gfx928_4gpu/phase1_release_20260831_100100/cases/discovery_comm_r1_S01_COMM_LEAN_p4_m2048_n128_k2048_q2_comm_C0_DEFAULT
discovery_comm_r1_S01_COMM_LEAN_p4_m2048_n128_k2048_q2_comm_C1_RING_SIMPLE_CH4	discovery_comm	1	4	S01_COMM_LEAN	2048	128	2048	2	comm	C1_RING_SIMPLE_CH4	0	2026-08-31T09:51:48Z	2026-08-31T09:52:00Z	/root/private_data/lyc/2ndpaper/results/k500sm_ai_gfx928_4gpu/phase1_release_20260831_100100/cases/discovery_comm_r1_S01_COMM_LEAN_p4_m2048_n128_k2048_q2_comm_C1_RING_SIMPLE_CH4
discovery_comm_r1_S01_COMM_LEAN_p4_m2048_n128_k2048_q2_comm_C2_RING_SIMPLE_CH8	discovery_comm	1	4	S01_COMM_LEAN	2048	128	2048	2	comm	C2_RING_SIMPLE_CH8	0	2026-08-31T09:52:00Z	2026-08-31T09:52:13Z	/root/private_data/lyc/2ndpaper/results/k500sm_ai_gfx928_4gpu/phase1_release_20260831_100100/cases/discovery_comm_r1_S01_COMM_LEAN_p4_m2048_n128_k2048_q2_comm_C2_RING_SIMPLE_CH8
discovery_gemm_r1_S01_COMM_LEAN_p4_m2048_n128_k2048_q2_gemm_C0_DEFAULT	discovery_gemm	1	4	S01_COMM_LEAN	2048	128	2048	2	gemm	C0_DEFAULT	0	2026-08-31T09:52:13Z	2026-08-31T09:52:25Z	/root/private_data/lyc/2ndpaper/results/k500sm_ai_gfx928_4gpu/phase1_release_20260831_100100/cases/discovery_gemm_r1_S01_COMM_LEAN_p4_m2048_n128_k2048_q2_gemm_C0_DEFAULT
discovery_comm_r1_S01_COMM_LEAN_p4_m2048_n128_k2048_q4_comm_C0_DEFAULT	discovery_comm	1	4	S01_COMM_LEAN	2048	128	2048	4	comm	C0_DEFAULT	0	2026-08-31T09:52:25Z	2026-08-31T09:52:37Z	/root/private_data/lyc/2ndpaper/results/k500sm_ai_gfx928_4gpu/phase1_release_20260831_100100/cases/discovery_comm_r1_S01_COMM_LEAN_p4_m2048_n128_k2048_q4_comm_C0_DEFAULT
discovery_comm_r1_S01_COMM_LEAN_p4_m2048_n128_k2048_q4_comm_C1_RING_SIMPLE_CH4	discovery_comm	1	4	S01_COMM_LEAN	2048	128	2048	4	comm	C1_RING_SIMPLE_CH4	0	2026-08-31T09:52:37Z	2026-08-31T09:52:49Z	/root/private_data/lyc/2ndpaper/results/k500sm_ai_gfx928_4gpu/phase1_release_20260831_100100/cases/discovery_comm_r1_S01_COMM_LEAN_p4_m2048_n128_k2048_q4_comm_C1_RING_SIMPLE_CH4
discovery_comm_r1_S01_COMM_LEAN_p4_m2048_n128_k2048_q4_comm_C2_RING_SIMPLE_CH8	discovery_comm	1	4	S01_COMM_LEAN	2048	128	2048	4	comm	C2_RING_SIMPLE_CH8	0	2026-08-31T09:52:49Z	2026-08-31T09:53:02Z	/root/private_data/lyc/2ndpaper/results/k500sm_ai_gfx928_4gpu/phase1_release_20260831_100100/cases/discovery_comm_r1_S01_COMM_LEAN_p4_m2048_n128_k2048_q4_comm_C2_RING_SIMPLE_CH8
discovery_gemm_r1_S01_COMM_LEAN_p4_m2048_n128_k2048_q4_gemm_C0_DEFAULT	discovery_gemm	1	4	S01_COMM_LEAN	2048	128	2048	4	gemm	C0_DEFAULT	0	2026-08-31T09:53:02Z	2026-08-31T09:53:14Z	/root/private_data/lyc/2ndpaper/results/k500sm_ai_gfx928_4gpu/phase1_release_20260831_100100/cases/discovery_gemm_r1_S01_COMM_LEAN_p4_m2048_n128_k2048_q4_gemm_C0_DEFAULT
discovery_comm_r1_S01_COMM_LEAN_p4_m2048_n128_k2048_q8_comm_C0_DEFAULT	discovery_comm	1	4	S01_COMM_LEAN	2048	128	2048	8	comm	C0_DEFAULT	0	2026-08-31T09:53:14Z	2026-08-31T09:53:26Z	/root/private_data/lyc/2ndpaper/results/k500sm_ai_gfx928_4gpu/phase1_release_20260831_100100/cases/discovery_comm_r1_S01_COMM_LEAN_p4_m2048_n128_k2048_q8_comm_C0_DEFAULT
discovery_comm_r1_S01_COMM_LEAN_p4_m2048_n128_k2048_q8_comm_C1_RING_SIMPLE_CH4	discovery_comm	1	4	S01_COMM_LEAN	2048	128	2048	8	comm	C1_RING_SIMPLE_CH4	0	2026-08-31T09:53:26Z	2026-08-31T09:53:38Z	/root/private_data/lyc/2ndpaper/results/k500sm_ai_gfx928_4gpu/phase1_release_20260831_100100/cases/discovery_comm_r1_S01_COMM_LEAN_p4_m2048_n128_k2048_q8_comm_C1_RING_SIMPLE_CH4
discovery_comm_r1_S01_COMM_LEAN_p4_m2048_n128_k2048_q8_comm_C2_RING_SIMPLE_CH8	discovery_comm	1	4	S01_COMM_LEAN	2048	128	2048	8	comm	C2_RING_SIMPLE_CH8	0	2026-08-31T09:53:38Z	2026-08-31T09:53:51Z	/root/private_data/lyc/2ndpaper/results/k500sm_ai_gfx928_4gpu/phase1_release_20260831_100100/cases/discovery_comm_r1_S01_COMM_LEAN_p4_m2048_n128_k2048_q8_comm_C2_RING_SIMPLE_CH8
discovery_gemm_r1_S01_COMM_LEAN_p4_m2048_n128_k2048_q8_gemm_C0_DEFAULT	discovery_gemm	1	4	S01_COMM_LEAN	2048	128	2048	8	gemm	C0_DEFAULT	0	2026-08-31T09:53:51Z	2026-08-31T09:54:03Z	/root/private_data/lyc/2ndpaper/results/k500sm_ai_gfx928_4gpu/phase1_release_20260831_100100/cases/discovery_gemm_r1_S01_COMM_LEAN_p4_m2048_n128_k2048_q8_gemm_C0_DEFAULT
discovery_b0_r1_S01_COMM_LEAN_p4_m2048_n128_k2048_q1_b0_C0_DEFAULT	discovery_b0	1	4	S01_COMM_LEAN	2048	128	2048	1	b0	C0_DEFAULT	0	2026-08-31T09:54:03Z	2026-08-31T09:54:15Z	/root/private_data/lyc/2ndpaper/results/k500sm_ai_gfx928_4gpu/phase1_release_20260831_100100/cases/discovery_b0_r1_S01_COMM_LEAN_p4_m2048_n128_k2048_q1_b0_C0_DEFAULT
discovery_overlap_r1_S01_COMM_LEAN_p4_m2048_n128_k2048_q1_b1_C0_DEFAULT	discovery_overlap	1	4	S01_COMM_LEAN	2048	128	2048	1	b1	C0_DEFAULT	0	2026-08-31T09:54:15Z	2026-08-31T09:54:27Z	/root/private_data/lyc/2ndpaper/results/k500sm_ai_gfx928_4gpu/phase1_release_20260831_100100/cases/discovery_overlap_r1_S01_COMM_LEAN_p4_m2048_n128_k2048_q1_b1_C0_DEFAULT
discovery_overlap_r1_S01_COMM_LEAN_p4_m2048_n128_k2048_q1_h0_C0_DEFAULT	discovery_overlap	1	4	S01_COMM_LEAN	2048	128	2048	1	h0	C0_DEFAULT	0	2026-08-31T09:54:27Z	2026-08-31T09:54:40Z	/root/private_data/lyc/2ndpaper/results/k500sm_ai_gfx928_4gpu/phase1_release_20260831_100100/cases/discovery_overlap_r1_S01_COMM_LEAN_p4_m2048_n128_k2048_q1_h0_C0_DEFAULT
discovery_overlap_r1_S01_COMM_LEAN_p4_m2048_n128_k2048_q1_b1_C1_RING_SIMPLE_CH4	discovery_overlap	1	4	S01_COMM_LEAN	2048	128	2048	1	b1	C1_RING_SIMPLE_CH4	0	2026-08-31T09:54:40Z	2026-08-31T09:54:52Z	/root/private_data/lyc/2ndpaper/results/k500sm_ai_gfx928_4gpu/phase1_release_20260831_100100/cases/discovery_overlap_r1_S01_COMM_LEAN_p4_m2048_n128_k2048_q1_b1_C1_RING_SIMPLE_CH4
discovery_overlap_r1_S01_COMM_LEAN_p4_m2048_n128_k2048_q1_h0_C1_RING_SIMPLE_CH4	discovery_overlap	1	4	S01_COMM_LEAN	2048	128	2048	1	h0	C1_RING_SIMPLE_CH4	0	2026-08-31T09:54:52Z	2026-08-31T09:55:04Z	/root/private_data/lyc/2ndpaper/results/k500sm_ai_gfx928_4gpu/phase1_release_20260831_100100/cases/discovery_overlap_r1_S01_COMM_LEAN_p4_m2048_n128_k2048_q1_h0_C1_RING_SIMPLE_CH4
discovery_overlap_r1_S01_COMM_LEAN_p4_m2048_n128_k2048_q1_b1_C2_RING_SIMPLE_CH8	discovery_overlap	1	4	S01_COMM_LEAN	2048	128	2048	1	b1	C2_RING_SIMPLE_CH8	0	2026-08-31T09:55:04Z	2026-08-31T09:55:17Z	/root/private_data/lyc/2ndpaper/results/k500sm_ai_gfx928_4gpu/phase1_release_20260831_100100/cases/discovery_overlap_r1_S01_COMM_LEAN_p4_m2048_n128_k2048_q1_b1_C2_RING_SIMPLE_CH8
discovery_overlap_r1_S01_COMM_LEAN_p4_m2048_n128_k2048_q1_h0_C2_RING_SIMPLE_CH8	discovery_overlap	1	4	S01_COMM_LEAN	2048	128	2048	1	h0	C2_RING_SIMPLE_CH8	0	2026-08-31T09:55:17Z	2026-08-31T09:55:30Z	/root/private_data/lyc/2ndpaper/results/k500sm_ai_gfx928_4gpu/phase1_release_20260831_100100/cases/discovery_overlap_r1_S01_COMM_LEAN_p4_m2048_n128_k2048_q1_h0_C2_RING_SIMPLE_CH8
discovery_overlap_r1_S01_COMM_LEAN_p4_m2048_n128_k2048_q2_b1_C0_DEFAULT	discovery_overlap	1	4	S01_COMM_LEAN	2048	128	2048	2	b1	C0_DEFAULT	0	2026-08-31T09:55:30Z	2026-08-31T09:55:42Z	/root/private_data/lyc/2ndpaper/results/k500sm_ai_gfx928_4gpu/phase1_release_20260831_100100/cases/discovery_overlap_r1_S01_COMM_LEAN_p4_m2048_n128_k2048_q2_b1_C0_DEFAULT
discovery_overlap_r1_S01_COMM_LEAN_p4_m2048_n128_k2048_q2_h0_C0_DEFAULT	discovery_overlap	1	4	S01_COMM_LEAN	2048	128	2048	2	h0	C0_DEFAULT	0	2026-08-31T09:55:42Z	2026-08-31T09:55:54Z	/root/private_data/lyc/2ndpaper/results/k500sm_ai_gfx928_4gpu/phase1_release_20260831_100100/cases/discovery_overlap_r1_S01_COMM_LEAN_p4_m2048_n128_k2048_q2_h0_C0_DEFAULT
discovery_overlap_r1_S01_COMM_LEAN_p4_m2048_n128_k2048_q2_b1_C1_RING_SIMPLE_CH4	discovery_overlap	1	4	S01_COMM_LEAN	2048	128	2048	2	b1	C1_RING_SIMPLE_CH4	0	2026-08-31T09:55:54Z	2026-08-31T09:56:07Z	/root/private_data/lyc/2ndpaper/results/k500sm_ai_gfx928_4gpu/phase1_release_20260831_100100/cases/discovery_overlap_r1_S01_COMM_LEAN_p4_m2048_n128_k2048_q2_b1_C1_RING_SIMPLE_CH4
discovery_overlap_r1_S01_COMM_LEAN_p4_m2048_n128_k2048_q2_h0_C1_RING_SIMPLE_CH4	discovery_overlap	1	4	S01_COMM_LEAN	2048	128	2048	2	h0	C1_RING_SIMPLE_CH4	0	2026-08-31T09:56:07Z	2026-08-31T09:56:19Z	/root/private_data/lyc/2ndpaper/results/k500sm_ai_gfx928_4gpu/phase1_release_20260831_100100/cases/discovery_overlap_r1_S01_COMM_LEAN_p4_m2048_n128_k2048_q2_h0_C1_RING_SIMPLE_CH4
discovery_overlap_r1_S01_COMM_LEAN_p4_m2048_n128_k2048_q2_b1_C2_RING_SIMPLE_CH8	discovery_overlap	1	4	S01_COMM_LEAN	2048	128	2048	2	b1	C2_RING_SIMPLE_CH8	0	2026-08-31T09:56:19Z	2026-08-31T09:56:32Z	/root/private_data/lyc/2ndpaper/results/k500sm_ai_gfx928_4gpu/phase1_release_20260831_100100/cases/discovery_overlap_r1_S01_COMM_LEAN_p4_m2048_n128_k2048_q2_b1_C2_RING_SIMPLE_CH8
discovery_overlap_r1_S01_COMM_LEAN_p4_m2048_n128_k2048_q2_h0_C2_RING_SIMPLE_CH8	discovery_overlap	1	4	S01_COMM_LEAN	2048	128	2048	2	h0	C2_RING_SIMPLE_CH8	0	2026-08-31T09:56:32Z	2026-08-31T09:56:44Z	/root/private_data/lyc/2ndpaper/results/k500sm_ai_gfx928_4gpu/phase1_release_20260831_100100/cases/discovery_overlap_r1_S01_COMM_LEAN_p4_m2048_n128_k2048_q2_h0_C2_RING_SIMPLE_CH8
discovery_overlap_r1_S01_COMM_LEAN_p4_m2048_n128_k2048_q4_b1_C0_DEFAULT	discovery_overlap	1	4	S01_COMM_LEAN	2048	128	2048	4	b1	C0_DEFAULT	0	2026-08-31T09:56:44Z	2026-08-31T09:56:57Z	/root/private_data/lyc/2ndpaper/results/k500sm_ai_gfx928_4gpu/phase1_release_20260831_100100/cases/discovery_overlap_r1_S01_COMM_LEAN_p4_m2048_n128_k2048_q4_b1_C0_DEFAULT
discovery_overlap_r1_S01_COMM_LEAN_p4_m2048_n128_k2048_q4_h0_C0_DEFAULT	discovery_overlap	1	4	S01_COMM_LEAN	2048	128	2048	4	h0	C0_DEFAULT	0	2026-08-31T09:56:57Z	2026-08-31T09:57:09Z	/root/private_data/lyc/2ndpaper/results/k500sm_ai_gfx928_4gpu/phase1_release_20260831_100100/cases/discovery_overlap_r1_S01_COMM_LEAN_p4_m2048_n128_k2048_q4_h0_C0_DEFAULT
discovery_overlap_r1_S01_COMM_LEAN_p4_m2048_n128_k2048_q4_b1_C1_RING_SIMPLE_CH4	discovery_overlap	1	4	S01_COMM_LEAN	2048	128	2048	4	b1	C1_RING_SIMPLE_CH4	0	2026-08-31T09:57:09Z	2026-08-31T09:57:21Z	/root/private_data/lyc/2ndpaper/results/k500sm_ai_gfx928_4gpu/phase1_release_20260831_100100/cases/discovery_overlap_r1_S01_COMM_LEAN_p4_m2048_n128_k2048_q4_b1_C1_RING_SIMPLE_CH4
discovery_overlap_r1_S01_COMM_LEAN_p4_m2048_n128_k2048_q4_h0_C1_RING_SIMPLE_CH4	discovery_overlap	1	4	S01_COMM_LEAN	2048	128	2048	4	h0	C1_RING_SIMPLE_CH4	0	2026-08-31T09:57:21Z	2026-08-31T09:57:33Z	/root/private_data/lyc/2ndpaper/results/k500sm_ai_gfx928_4gpu/phase1_release_20260831_100100/cases/discovery_overlap_r1_S01_COMM_LEAN_p4_m2048_n128_k2048_q4_h0_C1_RING_SIMPLE_CH4
discovery_overlap_r1_S01_COMM_LEAN_p4_m2048_n128_k2048_q4_b1_C2_RING_SIMPLE_CH8	discovery_overlap	1	4	S01_COMM_LEAN	2048	128	2048	4	b1	C2_RING_SIMPLE_CH8	0	2026-08-31T09:57:33Z	2026-08-31T09:57:46Z	/root/private_data/lyc/2ndpaper/results/k500sm_ai_gfx928_4gpu/phase1_release_20260831_100100/cases/discovery_overlap_r1_S01_COMM_LEAN_p4_m2048_n128_k2048_q4_b1_C2_RING_SIMPLE_CH8
discovery_overlap_r1_S01_COMM_LEAN_p4_m2048_n128_k2048_q4_h0_C2_RING_SIMPLE_CH8	discovery_overlap	1	4	S01_COMM_LEAN	2048	128	2048	4	h0	C2_RING_SIMPLE_CH8	0	2026-08-31T09:57:46Z	2026-08-31T09:57:59Z	/root/private_data/lyc/2ndpaper/results/k500sm_ai_gfx928_4gpu/phase1_release_20260831_100100/cases/discovery_overlap_r1_S01_COMM_LEAN_p4_m2048_n128_k2048_q4_h0_C2_RING_SIMPLE_CH8
discovery_overlap_r1_S01_COMM_LEAN_p4_m2048_n128_k2048_q8_b1_C0_DEFAULT	discovery_overlap	1	4	S01_COMM_LEAN	2048	128	2048	8	b1	C0_DEFAULT	0	2026-08-31T09:57:59Z	2026-08-31T09:58:11Z	/root/private_data/lyc/2ndpaper/results/k500sm_ai_gfx928_4gpu/phase1_release_20260831_100100/cases/discovery_overlap_r1_S01_COMM_LEAN_p4_m2048_n128_k2048_q8_b1_C0_DEFAULT
discovery_overlap_r1_S01_COMM_LEAN_p4_m2048_n128_k2048_q8_h0_C0_DEFAULT	discovery_overlap	1	4	S01_COMM_LEAN	2048	128	2048	8	h0	C0_DEFAULT	0	2026-08-31T09:58:11Z	2026-08-31T09:58:23Z	/root/private_data/lyc/2ndpaper/results/k500sm_ai_gfx928_4gpu/phase1_release_20260831_100100/cases/discovery_overlap_r1_S01_COMM_LEAN_p4_m2048_n128_k2048_q8_h0_C0_DEFAULT
discovery_overlap_r1_S01_COMM_LEAN_p4_m2048_n128_k2048_q8_b1_C1_RING_SIMPLE_CH4	discovery_overlap	1	4	S01_COMM_LEAN	2048	128	2048	8	b1	C1_RING_SIMPLE_CH4	0	2026-08-31T09:58:23Z	2026-08-31T09:58:36Z	/root/private_data/lyc/2ndpaper/results/k500sm_ai_gfx928_4gpu/phase1_release_20260831_100100/cases/discovery_overlap_r1_S01_COMM_LEAN_p4_m2048_n128_k2048_q8_b1_C1_RING_SIMPLE_CH4
discovery_overlap_r1_S01_COMM_LEAN_p4_m2048_n128_k2048_q8_h0_C1_RING_SIMPLE_CH4	discovery_overlap	1	4	S01_COMM_LEAN	2048	128	2048	8	h0	C1_RING_SIMPLE_CH4	0	2026-08-31T09:58:36Z	2026-08-31T09:58:48Z	/root/private_data/lyc/2ndpaper/results/k500sm_ai_gfx928_4gpu/phase1_release_20260831_100100/cases/discovery_overlap_r1_S01_COMM_LEAN_p4_m2048_n128_k2048_q8_h0_C1_RING_SIMPLE_CH4
discovery_overlap_r1_S01_COMM_LEAN_p4_m2048_n128_k2048_q8_b1_C2_RING_SIMPLE_CH8	discovery_overlap	1	4	S01_COMM_LEAN	2048	128	2048	8	b1	C2_RING_SIMPLE_CH8	0	2026-08-31T09:58:48Z	2026-08-31T09:59:01Z	/root/private_data/lyc/2ndpaper/results/k500sm_ai_gfx928_4gpu/phase1_release_20260831_100100/cases/discovery_overlap_r1_S01_COMM_LEAN_p4_m2048_n128_k2048_q8_b1_C2_RING_SIMPLE_CH8
discovery_overlap_r1_S01_COMM_LEAN_p4_m2048_n128_k2048_q8_h0_C2_RING_SIMPLE_CH8	discovery_overlap	1	4	S01_COMM_LEAN	2048	128	2048	8	h0	C2_RING_SIMPLE_CH8	0	2026-08-31T09:59:01Z	2026-08-31T09:59:14Z	/root/private_data/lyc/2ndpaper/results/k500sm_ai_gfx928_4gpu/phase1_release_20260831_100100/cases/discovery_overlap_r1_S01_COMM_LEAN_p4_m2048_n128_k2048_q8_h0_C2_RING_SIMPLE_CH8
discovery_b0_r2_S01_COMM_LEAN_p4_m2048_n128_k2048_q1_b0_C0_DEFAULT	discovery_b0	2	4	S01_COMM_LEAN	2048	128	2048	1	b0	C0_DEFAULT	0	2026-08-31T09:59:14Z	2026-08-31T09:59:26Z	/root/private_data/lyc/2ndpaper/results/k500sm_ai_gfx928_4gpu/phase1_release_20260831_100100/cases/discovery_b0_r2_S01_COMM_LEAN_p4_m2048_n128_k2048_q1_b0_C0_DEFAULT
discovery_overlap_r2_S01_COMM_LEAN_p4_m2048_n128_k2048_q1_b1_C0_DEFAULT	discovery_overlap	2	4	S01_COMM_LEAN	2048	128	2048	1	b1	C0_DEFAULT	0	2026-08-31T09:59:26Z	2026-08-31T09:59:38Z	/root/private_data/lyc/2ndpaper/results/k500sm_ai_gfx928_4gpu/phase1_release_20260831_100100/cases/discovery_overlap_r2_S01_COMM_LEAN_p4_m2048_n128_k2048_q1_b1_C0_DEFAULT
discovery_overlap_r2_S01_COMM_LEAN_p4_m2048_n128_k2048_q1_h0_C0_DEFAULT	discovery_overlap	2	4	S01_COMM_LEAN	2048	128	2048	1	h0	C0_DEFAULT	0	2026-08-31T09:59:38Z	2026-08-31T09:59:50Z	/root/private_data/lyc/2ndpaper/results/k500sm_ai_gfx928_4gpu/phase1_release_20260831_100100/cases/discovery_overlap_r2_S01_COMM_LEAN_p4_m2048_n128_k2048_q1_h0_C0_DEFAULT
discovery_overlap_r2_S01_COMM_LEAN_p4_m2048_n128_k2048_q1_b1_C1_RING_SIMPLE_CH4	discovery_overlap	2	4	S01_COMM_LEAN	2048	128	2048	1	b1	C1_RING_SIMPLE_CH4	0	2026-08-31T09:59:50Z	2026-08-31T10:00:02Z	/root/private_data/lyc/2ndpaper/results/k500sm_ai_gfx928_4gpu/phase1_release_20260831_100100/cases/discovery_overlap_r2_S01_COMM_LEAN_p4_m2048_n128_k2048_q1_b1_C1_RING_SIMPLE_CH4
discovery_overlap_r2_S01_COMM_LEAN_p4_m2048_n128_k2048_q1_h0_C1_RING_SIMPLE_CH4	discovery_overlap	2	4	S01_COMM_LEAN	2048	128	2048	1	h0	C1_RING_SIMPLE_CH4	0	2026-08-31T10:00:03Z	2026-08-31T10:00:15Z	/root/private_data/lyc/2ndpaper/results/k500sm_ai_gfx928_4gpu/phase1_release_20260831_100100/cases/discovery_overlap_r2_S01_COMM_LEAN_p4_m2048_n128_k2048_q1_h0_C1_RING_SIMPLE_CH4
discovery_overlap_r2_S01_COMM_LEAN_p4_m2048_n128_k2048_q1_b1_C2_RING_SIMPLE_CH8	discovery_overlap	2	4	S01_COMM_LEAN	2048	128	2048	1	b1	C2_RING_SIMPLE_CH8	0	2026-08-31T10:00:15Z	2026-08-31T10:00:27Z	/root/private_data/lyc/2ndpaper/results/k500sm_ai_gfx928_4gpu/phase1_release_20260831_100100/cases/discovery_overlap_r2_S01_COMM_LEAN_p4_m2048_n128_k2048_q1_b1_C2_RING_SIMPLE_CH8
discovery_overlap_r2_S01_COMM_LEAN_p4_m2048_n128_k2048_q1_h0_C2_RING_SIMPLE_CH8	discovery_overlap	2	4	S01_COMM_LEAN	2048	128	2048	1	h0	C2_RING_SIMPLE_CH8	0	2026-08-31T10:00:27Z	2026-08-31T10:00:40Z	/root/private_data/lyc/2ndpaper/results/k500sm_ai_gfx928_4gpu/phase1_release_20260831_100100/cases/discovery_overlap_r2_S01_COMM_LEAN_p4_m2048_n128_k2048_q1_h0_C2_RING_SIMPLE_CH8
discovery_overlap_r2_S01_COMM_LEAN_p4_m2048_n128_k2048_q2_b1_C0_DEFAULT	discovery_overlap	2	4	S01_COMM_LEAN	2048	128	2048	2	b1	C0_DEFAULT	0	2026-08-31T10:00:40Z	2026-08-31T10:00:52Z	/root/private_data/lyc/2ndpaper/results/k500sm_ai_gfx928_4gpu/phase1_release_20260831_100100/cases/discovery_overlap_r2_S01_COMM_LEAN_p4_m2048_n128_k2048_q2_b1_C0_DEFAULT
discovery_overlap_r2_S01_COMM_LEAN_p4_m2048_n128_k2048_q2_h0_C0_DEFAULT	discovery_overlap	2	4	S01_COMM_LEAN	2048	128	2048	2	h0	C0_DEFAULT	0	2026-08-31T10:00:52Z	2026-08-31T10:01:05Z	/root/private_data/lyc/2ndpaper/results/k500sm_ai_gfx928_4gpu/phase1_release_20260831_100100/cases/discovery_overlap_r2_S01_COMM_LEAN_p4_m2048_n128_k2048_q2_h0_C0_DEFAULT
discovery_overlap_r2_S01_COMM_LEAN_p4_m2048_n128_k2048_q2_b1_C1_RING_SIMPLE_CH4	discovery_overlap	2	4	S01_COMM_LEAN	2048	128	2048	2	b1	C1_RING_SIMPLE_CH4	0	2026-08-31T10:01:05Z	2026-08-31T10:01:17Z	/root/private_data/lyc/2ndpaper/results/k500sm_ai_gfx928_4gpu/phase1_release_20260831_100100/cases/discovery_overlap_r2_S01_COMM_LEAN_p4_m2048_n128_k2048_q2_b1_C1_RING_SIMPLE_CH4
discovery_overlap_r2_S01_COMM_LEAN_p4_m2048_n128_k2048_q2_h0_C1_RING_SIMPLE_CH4	discovery_overlap	2	4	S01_COMM_LEAN	2048	128	2048	2	h0	C1_RING_SIMPLE_CH4	0	2026-08-31T10:01:17Z	2026-08-31T10:01:29Z	/root/private_data/lyc/2ndpaper/results/k500sm_ai_gfx928_4gpu/phase1_release_20260831_100100/cases/discovery_overlap_r2_S01_COMM_LEAN_p4_m2048_n128_k2048_q2_h0_C1_RING_SIMPLE_CH4
discovery_overlap_r2_S01_COMM_LEAN_p4_m2048_n128_k2048_q2_b1_C2_RING_SIMPLE_CH8	discovery_overlap	2	4	S01_COMM_LEAN	2048	128	2048	2	b1	C2_RING_SIMPLE_CH8	0	2026-08-31T10:01:29Z	2026-08-31T10:01:42Z	/root/private_data/lyc/2ndpaper/results/k500sm_ai_gfx928_4gpu/phase1_release_20260831_100100/cases/discovery_overlap_r2_S01_COMM_LEAN_p4_m2048_n128_k2048_q2_b1_C2_RING_SIMPLE_CH8
discovery_overlap_r2_S01_COMM_LEAN_p4_m2048_n128_k2048_q2_h0_C2_RING_SIMPLE_CH8	discovery_overlap	2	4	S01_COMM_LEAN	2048	128	2048	2	h0	C2_RING_SIMPLE_CH8	0	2026-08-31T10:01:42Z	2026-08-31T10:01:55Z	/root/private_data/lyc/2ndpaper/results/k500sm_ai_gfx928_4gpu/phase1_release_20260831_100100/cases/discovery_overlap_r2_S01_COMM_LEAN_p4_m2048_n128_k2048_q2_h0_C2_RING_SIMPLE_CH8
discovery_overlap_r2_S01_COMM_LEAN_p4_m2048_n128_k2048_q4_b1_C0_DEFAULT	discovery_overlap	2	4	S01_COMM_LEAN	2048	128	2048	4	b1	C0_DEFAULT	0	2026-08-31T10:01:55Z	2026-08-31T10:02:07Z	/root/private_data/lyc/2ndpaper/results/k500sm_ai_gfx928_4gpu/phase1_release_20260831_100100/cases/discovery_overlap_r2_S01_COMM_LEAN_p4_m2048_n128_k2048_q4_b1_C0_DEFAULT
discovery_overlap_r2_S01_COMM_LEAN_p4_m2048_n128_k2048_q4_h0_C0_DEFAULT	discovery_overlap	2	4	S01_COMM_LEAN	2048	128	2048	4	h0	C0_DEFAULT	0	2026-08-31T10:02:07Z	2026-08-31T10:02:19Z	/root/private_data/lyc/2ndpaper/results/k500sm_ai_gfx928_4gpu/phase1_release_20260831_100100/cases/discovery_overlap_r2_S01_COMM_LEAN_p4_m2048_n128_k2048_q4_h0_C0_DEFAULT
discovery_overlap_r2_S01_COMM_LEAN_p4_m2048_n128_k2048_q4_b1_C1_RING_SIMPLE_CH4	discovery_overlap	2	4	S01_COMM_LEAN	2048	128	2048	4	b1	C1_RING_SIMPLE_CH4	0	2026-08-31T10:02:19Z	2026-08-31T10:02:31Z	/root/private_data/lyc/2ndpaper/results/k500sm_ai_gfx928_4gpu/phase1_release_20260831_100100/cases/discovery_overlap_r2_S01_COMM_LEAN_p4_m2048_n128_k2048_q4_b1_C1_RING_SIMPLE_CH4
discovery_overlap_r2_S01_COMM_LEAN_p4_m2048_n128_k2048_q4_h0_C1_RING_SIMPLE_CH4	discovery_overlap	2	4	S01_COMM_LEAN	2048	128	2048	4	h0	C1_RING_SIMPLE_CH4	0	2026-08-31T10:02:31Z	2026-08-31T10:02:44Z	/root/private_data/lyc/2ndpaper/results/k500sm_ai_gfx928_4gpu/phase1_release_20260831_100100/cases/discovery_overlap_r2_S01_COMM_LEAN_p4_m2048_n128_k2048_q4_h0_C1_RING_SIMPLE_CH4
discovery_overlap_r2_S01_COMM_LEAN_p4_m2048_n128_k2048_q4_b1_C2_RING_SIMPLE_CH8	discovery_overlap	2	4	S01_COMM_LEAN	2048	128	2048	4	b1	C2_RING_SIMPLE_CH8	0	2026-08-31T10:02:44Z	2026-08-31T10:02:56Z	/root/private_data/lyc/2ndpaper/results/k500sm_ai_gfx928_4gpu/phase1_release_20260831_100100/cases/discovery_overlap_r2_S01_COMM_LEAN_p4_m2048_n128_k2048_q4_b1_C2_RING_SIMPLE_CH8
discovery_overlap_r2_S01_COMM_LEAN_p4_m2048_n128_k2048_q4_h0_C2_RING_SIMPLE_CH8	discovery_overlap	2	4	S01_COMM_LEAN	2048	128	2048	4	h0	C2_RING_SIMPLE_CH8	0	2026-08-31T10:02:56Z	2026-08-31T10:03:09Z	/root/private_data/lyc/2ndpaper/results/k500sm_ai_gfx928_4gpu/phase1_release_20260831_100100/cases/discovery_overlap_r2_S01_COMM_LEAN_p4_m2048_n128_k2048_q4_h0_C2_RING_SIMPLE_CH8
discovery_overlap_r2_S01_COMM_LEAN_p4_m2048_n128_k2048_q8_b1_C0_DEFAULT	discovery_overlap	2	4	S01_COMM_LEAN	2048	128	2048	8	b1	C0_DEFAULT	0	2026-08-31T10:03:09Z	2026-08-31T10:03:21Z	/root/private_data/lyc/2ndpaper/results/k500sm_ai_gfx928_4gpu/phase1_release_20260831_100100/cases/discovery_overlap_r2_S01_COMM_LEAN_p4_m2048_n128_k2048_q8_b1_C0_DEFAULT
discovery_overlap_r2_S01_COMM_LEAN_p4_m2048_n128_k2048_q8_h0_C0_DEFAULT	discovery_overlap	2	4	S01_COMM_LEAN	2048	128	2048	8	h0	C0_DEFAULT	0	2026-08-31T10:03:22Z	2026-08-31T10:03:34Z	/root/private_data/lyc/2ndpaper/results/k500sm_ai_gfx928_4gpu/phase1_release_20260831_100100/cases/discovery_overlap_r2_S01_COMM_LEAN_p4_m2048_n128_k2048_q8_h0_C0_DEFAULT
discovery_overlap_r2_S01_COMM_LEAN_p4_m2048_n128_k2048_q8_b1_C1_RING_SIMPLE_CH4	discovery_overlap	2	4	S01_COMM_LEAN	2048	128	2048	8	b1	C1_RING_SIMPLE_CH4	0	2026-08-31T10:03:34Z	2026-08-31T10:03:46Z	/root/private_data/lyc/2ndpaper/results/k500sm_ai_gfx928_4gpu/phase1_release_20260831_100100/cases/discovery_overlap_r2_S01_COMM_LEAN_p4_m2048_n128_k2048_q8_b1_C1_RING_SIMPLE_CH4
discovery_overlap_r2_S01_COMM_LEAN_p4_m2048_n128_k2048_q8_h0_C1_RING_SIMPLE_CH4	discovery_overlap	2	4	S01_COMM_LEAN	2048	128	2048	8	h0	C1_RING_SIMPLE_CH4	0	2026-08-31T10:03:46Z	2026-08-31T10:03:58Z	/root/private_data/lyc/2ndpaper/results/k500sm_ai_gfx928_4gpu/phase1_release_20260831_100100/cases/discovery_overlap_r2_S01_COMM_LEAN_p4_m2048_n128_k2048_q8_h0_C1_RING_SIMPLE_CH4
discovery_overlap_r2_S01_COMM_LEAN_p4_m2048_n128_k2048_q8_b1_C2_RING_SIMPLE_CH8	discovery_overlap	2	4	S01_COMM_LEAN	2048	128	2048	8	b1	C2_RING_SIMPLE_CH8	0	2026-08-31T10:03:58Z	2026-08-31T10:04:11Z	/root/private_data/lyc/2ndpaper/results/k500sm_ai_gfx928_4gpu/phase1_release_20260831_100100/cases/discovery_overlap_r2_S01_COMM_LEAN_p4_m2048_n128_k2048_q8_b1_C2_RING_SIMPLE_CH8
discovery_overlap_r2_S01_COMM_LEAN_p4_m2048_n128_k2048_q8_h0_C2_RING_SIMPLE_CH8	discovery_overlap	2	4	S01_COMM_LEAN	2048	128	2048	8	h0	C2_RING_SIMPLE_CH8	0	2026-08-31T10:04:11Z	2026-08-31T10:04:24Z	/root/private_data/lyc/2ndpaper/results/k500sm_ai_gfx928_4gpu/phase1_release_20260831_100100/cases/discovery_overlap_r2_S01_COMM_LEAN_p4_m2048_n128_k2048_q8_h0_C2_RING_SIMPLE_CH8
discovery_b0_r3_S01_COMM_LEAN_p4_m2048_n128_k2048_q1_b0_C0_DEFAULT	discovery_b0	3	4	S01_COMM_LEAN	2048	128	2048	1	b0	C0_DEFAULT	0	2026-08-31T10:04:24Z	2026-08-31T10:04:37Z	/root/private_data/lyc/2ndpaper/results/k500sm_ai_gfx928_4gpu/phase1_release_20260831_100100/cases/discovery_b0_r3_S01_COMM_LEAN_p4_m2048_n128_k2048_q1_b0_C0_DEFAULT
discovery_overlap_r3_S01_COMM_LEAN_p4_m2048_n128_k2048_q1_b1_C0_DEFAULT	discovery_overlap	3	4	S01_COMM_LEAN	2048	128	2048	1	b1	C0_DEFAULT	0	2026-08-31T10:04:37Z	2026-08-31T10:04:49Z	/root/private_data/lyc/2ndpaper/results/k500sm_ai_gfx928_4gpu/phase1_release_20260831_100100/cases/discovery_overlap_r3_S01_COMM_LEAN_p4_m2048_n128_k2048_q1_b1_C0_DEFAULT
discovery_overlap_r3_S01_COMM_LEAN_p4_m2048_n128_k2048_q1_h0_C0_DEFAULT	discovery_overlap	3	4	S01_COMM_LEAN	2048	128	2048	1	h0	C0_DEFAULT	0	2026-08-31T10:04:49Z	2026-08-31T10:05:01Z	/root/private_data/lyc/2ndpaper/results/k500sm_ai_gfx928_4gpu/phase1_release_20260831_100100/cases/discovery_overlap_r3_S01_COMM_LEAN_p4_m2048_n128_k2048_q1_h0_C0_DEFAULT
discovery_overlap_r3_S01_COMM_LEAN_p4_m2048_n128_k2048_q1_b1_C1_RING_SIMPLE_CH4	discovery_overlap	3	4	S01_COMM_LEAN	2048	128	2048	1	b1	C1_RING_SIMPLE_CH4	0	2026-08-31T10:05:01Z	2026-08-31T10:05:13Z	/root/private_data/lyc/2ndpaper/results/k500sm_ai_gfx928_4gpu/phase1_release_20260831_100100/cases/discovery_overlap_r3_S01_COMM_LEAN_p4_m2048_n128_k2048_q1_b1_C1_RING_SIMPLE_CH4
discovery_overlap_r3_S01_COMM_LEAN_p4_m2048_n128_k2048_q1_h0_C1_RING_SIMPLE_CH4	discovery_overlap	3	4	S01_COMM_LEAN	2048	128	2048	1	h0	C1_RING_SIMPLE_CH4	0	2026-08-31T10:05:13Z	2026-08-31T10:05:25Z	/root/private_data/lyc/2ndpaper/results/k500sm_ai_gfx928_4gpu/phase1_release_20260831_100100/cases/discovery_overlap_r3_S01_COMM_LEAN_p4_m2048_n128_k2048_q1_h0_C1_RING_SIMPLE_CH4
discovery_overlap_r3_S01_COMM_LEAN_p4_m2048_n128_k2048_q1_b1_C2_RING_SIMPLE_CH8	discovery_overlap	3	4	S01_COMM_LEAN	2048	128	2048	1	b1	C2_RING_SIMPLE_CH8	0	2026-08-31T10:05:25Z	2026-08-31T10:05:38Z	/root/private_data/lyc/2ndpaper/results/k500sm_ai_gfx928_4gpu/phase1_release_20260831_100100/cases/discovery_overlap_r3_S01_COMM_LEAN_p4_m2048_n128_k2048_q1_b1_C2_RING_SIMPLE_CH8
discovery_overlap_r3_S01_COMM_LEAN_p4_m2048_n128_k2048_q1_h0_C2_RING_SIMPLE_CH8	discovery_overlap	3	4	S01_COMM_LEAN	2048	128	2048	1	h0	C2_RING_SIMPLE_CH8	0	2026-08-31T10:05:38Z	2026-08-31T10:05:51Z	/root/private_data/lyc/2ndpaper/results/k500sm_ai_gfx928_4gpu/phase1_release_20260831_100100/cases/discovery_overlap_r3_S01_COMM_LEAN_p4_m2048_n128_k2048_q1_h0_C2_RING_SIMPLE_CH8
discovery_overlap_r3_S01_COMM_LEAN_p4_m2048_n128_k2048_q2_b1_C0_DEFAULT	discovery_overlap	3	4	S01_COMM_LEAN	2048	128	2048	2	b1	C0_DEFAULT	0	2026-08-31T10:05:51Z	2026-08-31T10:06:03Z	/root/private_data/lyc/2ndpaper/results/k500sm_ai_gfx928_4gpu/phase1_release_20260831_100100/cases/discovery_overlap_r3_S01_COMM_LEAN_p4_m2048_n128_k2048_q2_b1_C0_DEFAULT
discovery_overlap_r3_S01_COMM_LEAN_p4_m2048_n128_k2048_q2_h0_C0_DEFAULT	discovery_overlap	3	4	S01_COMM_LEAN	2048	128	2048	2	h0	C0_DEFAULT	0	2026-08-31T10:06:03Z	2026-08-31T10:06:15Z	/root/private_data/lyc/2ndpaper/results/k500sm_ai_gfx928_4gpu/phase1_release_20260831_100100/cases/discovery_overlap_r3_S01_COMM_LEAN_p4_m2048_n128_k2048_q2_h0_C0_DEFAULT
discovery_overlap_r3_S01_COMM_LEAN_p4_m2048_n128_k2048_q2_b1_C1_RING_SIMPLE_CH4	discovery_overlap	3	4	S01_COMM_LEAN	2048	128	2048	2	b1	C1_RING_SIMPLE_CH4	0	2026-08-31T10:06:15Z	2026-08-31T10:06:27Z	/root/private_data/lyc/2ndpaper/results/k500sm_ai_gfx928_4gpu/phase1_release_20260831_100100/cases/discovery_overlap_r3_S01_COMM_LEAN_p4_m2048_n128_k2048_q2_b1_C1_RING_SIMPLE_CH4
discovery_overlap_r3_S01_COMM_LEAN_p4_m2048_n128_k2048_q2_h0_C1_RING_SIMPLE_CH4	discovery_overlap	3	4	S01_COMM_LEAN	2048	128	2048	2	h0	C1_RING_SIMPLE_CH4	0	2026-08-31T10:06:27Z	2026-08-31T10:06:40Z	/root/private_data/lyc/2ndpaper/results/k500sm_ai_gfx928_4gpu/phase1_release_20260831_100100/cases/discovery_overlap_r3_S01_COMM_LEAN_p4_m2048_n128_k2048_q2_h0_C1_RING_SIMPLE_CH4
discovery_overlap_r3_S01_COMM_LEAN_p4_m2048_n128_k2048_q2_b1_C2_RING_SIMPLE_CH8	discovery_overlap	3	4	S01_COMM_LEAN	2048	128	2048	2	b1	C2_RING_SIMPLE_CH8	0	2026-08-31T10:06:40Z	2026-08-31T10:06:53Z	/root/private_data/lyc/2ndpaper/results/k500sm_ai_gfx928_4gpu/phase1_release_20260831_100100/cases/discovery_overlap_r3_S01_COMM_LEAN_p4_m2048_n128_k2048_q2_b1_C2_RING_SIMPLE_CH8
discovery_overlap_r3_S01_COMM_LEAN_p4_m2048_n128_k2048_q2_h0_C2_RING_SIMPLE_CH8	discovery_overlap	3	4	S01_COMM_LEAN	2048	128	2048	2	h0	C2_RING_SIMPLE_CH8	0	2026-08-31T10:06:53Z	2026-08-31T10:07:05Z	/root/private_data/lyc/2ndpaper/results/k500sm_ai_gfx928_4gpu/phase1_release_20260831_100100/cases/discovery_overlap_r3_S01_COMM_LEAN_p4_m2048_n128_k2048_q2_h0_C2_RING_SIMPLE_CH8
discovery_overlap_r3_S01_COMM_LEAN_p4_m2048_n128_k2048_q4_b1_C0_DEFAULT	discovery_overlap	3	4	S01_COMM_LEAN	2048	128	2048	4	b1	C0_DEFAULT	0	2026-08-31T10:07:05Z	2026-08-31T10:07:18Z	/root/private_data/lyc/2ndpaper/results/k500sm_ai_gfx928_4gpu/phase1_release_20260831_100100/cases/discovery_overlap_r3_S01_COMM_LEAN_p4_m2048_n128_k2048_q4_b1_C0_DEFAULT
discovery_overlap_r3_S01_COMM_LEAN_p4_m2048_n128_k2048_q4_h0_C0_DEFAULT	discovery_overlap	3	4	S01_COMM_LEAN	2048	128	2048	4	h0	C0_DEFAULT	0	2026-08-31T10:07:18Z	2026-08-31T10:07:30Z	/root/private_data/lyc/2ndpaper/results/k500sm_ai_gfx928_4gpu/phase1_release_20260831_100100/cases/discovery_overlap_r3_S01_COMM_LEAN_p4_m2048_n128_k2048_q4_h0_C0_DEFAULT
discovery_overlap_r3_S01_COMM_LEAN_p4_m2048_n128_k2048_q4_b1_C1_RING_SIMPLE_CH4	discovery_overlap	3	4	S01_COMM_LEAN	2048	128	2048	4	b1	C1_RING_SIMPLE_CH4	0	2026-08-31T10:07:30Z	2026-08-31T10:07:42Z	/root/private_data/lyc/2ndpaper/results/k500sm_ai_gfx928_4gpu/phase1_release_20260831_100100/cases/discovery_overlap_r3_S01_COMM_LEAN_p4_m2048_n128_k2048_q4_b1_C1_RING_SIMPLE_CH4
discovery_overlap_r3_S01_COMM_LEAN_p4_m2048_n128_k2048_q4_h0_C1_RING_SIMPLE_CH4	discovery_overlap	3	4	S01_COMM_LEAN	2048	128	2048	4	h0	C1_RING_SIMPLE_CH4	0	2026-08-31T10:07:42Z	2026-08-31T10:07:54Z	/root/private_data/lyc/2ndpaper/results/k500sm_ai_gfx928_4gpu/phase1_release_20260831_100100/cases/discovery_overlap_r3_S01_COMM_LEAN_p4_m2048_n128_k2048_q4_h0_C1_RING_SIMPLE_CH4
discovery_overlap_r3_S01_COMM_LEAN_p4_m2048_n128_k2048_q4_b1_C2_RING_SIMPLE_CH8	discovery_overlap	3	4	S01_COMM_LEAN	2048	128	2048	4	b1	C2_RING_SIMPLE_CH8	0	2026-08-31T10:07:54Z	2026-08-31T10:08:07Z	/root/private_data/lyc/2ndpaper/results/k500sm_ai_gfx928_4gpu/phase1_release_20260831_100100/cases/discovery_overlap_r3_S01_COMM_LEAN_p4_m2048_n128_k2048_q4_b1_C2_RING_SIMPLE_CH8
discovery_overlap_r3_S01_COMM_LEAN_p4_m2048_n128_k2048_q4_h0_C2_RING_SIMPLE_CH8	discovery_overlap	3	4	S01_COMM_LEAN	2048	128	2048	4	h0	C2_RING_SIMPLE_CH8	0	2026-08-31T10:08:07Z	2026-08-31T10:08:20Z	/root/private_data/lyc/2ndpaper/results/k500sm_ai_gfx928_4gpu/phase1_release_20260831_100100/cases/discovery_overlap_r3_S01_COMM_LEAN_p4_m2048_n128_k2048_q4_h0_C2_RING_SIMPLE_CH8
discovery_overlap_r3_S01_COMM_LEAN_p4_m2048_n128_k2048_q8_b1_C0_DEFAULT	discovery_overlap	3	4	S01_COMM_LEAN	2048	128	2048	8	b1	C0_DEFAULT	0	2026-08-31T10:08:20Z	2026-08-31T10:08:32Z	/root/private_data/lyc/2ndpaper/results/k500sm_ai_gfx928_4gpu/phase1_release_20260831_100100/cases/discovery_overlap_r3_S01_COMM_LEAN_p4_m2048_n128_k2048_q8_b1_C0_DEFAULT
discovery_overlap_r3_S01_COMM_LEAN_p4_m2048_n128_k2048_q8_h0_C0_DEFAULT	discovery_overlap	3	4	S01_COMM_LEAN	2048	128	2048	8	h0	C0_DEFAULT	0	2026-08-31T10:08:32Z	2026-08-31T10:08:45Z	/root/private_data/lyc/2ndpaper/results/k500sm_ai_gfx928_4gpu/phase1_release_20260831_100100/cases/discovery_overlap_r3_S01_COMM_LEAN_p4_m2048_n128_k2048_q8_h0_C0_DEFAULT
discovery_overlap_r3_S01_COMM_LEAN_p4_m2048_n128_k2048_q8_b1_C1_RING_SIMPLE_CH4	discovery_overlap	3	4	S01_COMM_LEAN	2048	128	2048	8	b1	C1_RING_SIMPLE_CH4	0	2026-08-31T10:08:45Z	2026-08-31T10:08:57Z	/root/private_data/lyc/2ndpaper/results/k500sm_ai_gfx928_4gpu/phase1_release_20260831_100100/cases/discovery_overlap_r3_S01_COMM_LEAN_p4_m2048_n128_k2048_q8_b1_C1_RING_SIMPLE_CH4
discovery_overlap_r3_S01_COMM_LEAN_p4_m2048_n128_k2048_q8_h0_C1_RING_SIMPLE_CH4	discovery_overlap	3	4	S01_COMM_LEAN	2048	128	2048	8	h0	C1_RING_SIMPLE_CH4	0	2026-08-31T10:08:57Z	2026-08-31T10:09:09Z	/root/private_data/lyc/2ndpaper/results/k500sm_ai_gfx928_4gpu/phase1_release_20260831_100100/cases/discovery_overlap_r3_S01_COMM_LEAN_p4_m2048_n128_k2048_q8_h0_C1_RING_SIMPLE_CH4
discovery_overlap_r3_S01_COMM_LEAN_p4_m2048_n128_k2048_q8_b1_C2_RING_SIMPLE_CH8	discovery_overlap	3	4	S01_COMM_LEAN	2048	128	2048	8	b1	C2_RING_SIMPLE_CH8	0	2026-08-31T10:09:09Z	2026-08-31T10:09:22Z	/root/private_data/lyc/2ndpaper/results/k500sm_ai_gfx928_4gpu/phase1_release_20260831_100100/cases/discovery_overlap_r3_S01_COMM_LEAN_p4_m2048_n128_k2048_q8_b1_C2_RING_SIMPLE_CH8
discovery_overlap_r3_S01_COMM_LEAN_p4_m2048_n128_k2048_q8_h0_C2_RING_SIMPLE_CH8	discovery_overlap	3	4	S01_COMM_LEAN	2048	128	2048	8	h0	C2_RING_SIMPLE_CH8	0	2026-08-31T10:09:22Z	2026-08-31T10:09:35Z	/root/private_data/lyc/2ndpaper/results/k500sm_ai_gfx928_4gpu/phase1_release_20260831_100100/cases/discovery_overlap_r3_S01_COMM_LEAN_p4_m2048_n128_k2048_q8_h0_C2_RING_SIMPLE_CH8
discovery_comm_r1_S02_BALANCE_p4_m2048_n512_k2048_q1_comm_C0_DEFAULT	discovery_comm	1	4	S02_BALANCE	2048	512	2048	1	comm	C0_DEFAULT	0	2026-08-31T10:09:35Z	2026-08-31T10:09:47Z	/root/private_data/lyc/2ndpaper/results/k500sm_ai_gfx928_4gpu/phase1_release_20260831_100100/cases/discovery_comm_r1_S02_BALANCE_p4_m2048_n512_k2048_q1_comm_C0_DEFAULT
discovery_comm_r1_S02_BALANCE_p4_m2048_n512_k2048_q1_comm_C1_RING_SIMPLE_CH4	discovery_comm	1	4	S02_BALANCE	2048	512	2048	1	comm	C1_RING_SIMPLE_CH4	0	2026-08-31T10:09:47Z	2026-08-31T10:09:59Z	/root/private_data/lyc/2ndpaper/results/k500sm_ai_gfx928_4gpu/phase1_release_20260831_100100/cases/discovery_comm_r1_S02_BALANCE_p4_m2048_n512_k2048_q1_comm_C1_RING_SIMPLE_CH4
discovery_comm_r1_S02_BALANCE_p4_m2048_n512_k2048_q1_comm_C2_RING_SIMPLE_CH8	discovery_comm	1	4	S02_BALANCE	2048	512	2048	1	comm	C2_RING_SIMPLE_CH8	0	2026-08-31T10:09:59Z	2026-08-31T10:10:12Z	/root/private_data/lyc/2ndpaper/results/k500sm_ai_gfx928_4gpu/phase1_release_20260831_100100/cases/discovery_comm_r1_S02_BALANCE_p4_m2048_n512_k2048_q1_comm_C2_RING_SIMPLE_CH8
discovery_gemm_r1_S02_BALANCE_p4_m2048_n512_k2048_q1_gemm_C0_DEFAULT	discovery_gemm	1	4	S02_BALANCE	2048	512	2048	1	gemm	C0_DEFAULT	0	2026-08-31T10:10:12Z	2026-08-31T10:10:24Z	/root/private_data/lyc/2ndpaper/results/k500sm_ai_gfx928_4gpu/phase1_release_20260831_100100/cases/discovery_gemm_r1_S02_BALANCE_p4_m2048_n512_k2048_q1_gemm_C0_DEFAULT
discovery_comm_r1_S02_BALANCE_p4_m2048_n512_k2048_q2_comm_C0_DEFAULT	discovery_comm	1	4	S02_BALANCE	2048	512	2048	2	comm	C0_DEFAULT	0	2026-08-31T10:10:24Z	2026-08-31T10:10:36Z	/root/private_data/lyc/2ndpaper/results/k500sm_ai_gfx928_4gpu/phase1_release_20260831_100100/cases/discovery_comm_r1_S02_BALANCE_p4_m2048_n512_k2048_q2_comm_C0_DEFAULT
discovery_comm_r1_S02_BALANCE_p4_m2048_n512_k2048_q2_comm_C1_RING_SIMPLE_CH4	discovery_comm	1	4	S02_BALANCE	2048	512	2048	2	comm	C1_RING_SIMPLE_CH4	0	2026-08-31T10:10:36Z	2026-08-31T10:10:49Z	/root/private_data/lyc/2ndpaper/results/k500sm_ai_gfx928_4gpu/phase1_release_20260831_100100/cases/discovery_comm_r1_S02_BALANCE_p4_m2048_n512_k2048_q2_comm_C1_RING_SIMPLE_CH4
discovery_comm_r1_S02_BALANCE_p4_m2048_n512_k2048_q2_comm_C2_RING_SIMPLE_CH8	discovery_comm	1	4	S02_BALANCE	2048	512	2048	2	comm	C2_RING_SIMPLE_CH8	0	2026-08-31T10:10:49Z	2026-08-31T10:11:01Z	/root/private_data/lyc/2ndpaper/results/k500sm_ai_gfx928_4gpu/phase1_release_20260831_100100/cases/discovery_comm_r1_S02_BALANCE_p4_m2048_n512_k2048_q2_comm_C2_RING_SIMPLE_CH8
discovery_gemm_r1_S02_BALANCE_p4_m2048_n512_k2048_q2_gemm_C0_DEFAULT	discovery_gemm	1	4	S02_BALANCE	2048	512	2048	2	gemm	C0_DEFAULT	0	2026-08-31T10:11:01Z	2026-08-31T10:11:13Z	/root/private_data/lyc/2ndpaper/results/k500sm_ai_gfx928_4gpu/phase1_release_20260831_100100/cases/discovery_gemm_r1_S02_BALANCE_p4_m2048_n512_k2048_q2_gemm_C0_DEFAULT
discovery_comm_r1_S02_BALANCE_p4_m2048_n512_k2048_q4_comm_C0_DEFAULT	discovery_comm	1	4	S02_BALANCE	2048	512	2048	4	comm	C0_DEFAULT	0	2026-08-31T10:11:13Z	2026-08-31T10:11:25Z	/root/private_data/lyc/2ndpaper/results/k500sm_ai_gfx928_4gpu/phase1_release_20260831_100100/cases/discovery_comm_r1_S02_BALANCE_p4_m2048_n512_k2048_q4_comm_C0_DEFAULT
discovery_comm_r1_S02_BALANCE_p4_m2048_n512_k2048_q4_comm_C1_RING_SIMPLE_CH4	discovery_comm	1	4	S02_BALANCE	2048	512	2048	4	comm	C1_RING_SIMPLE_CH4	0	2026-08-31T10:11:25Z	2026-08-31T10:11:38Z	/root/private_data/lyc/2ndpaper/results/k500sm_ai_gfx928_4gpu/phase1_release_20260831_100100/cases/discovery_comm_r1_S02_BALANCE_p4_m2048_n512_k2048_q4_comm_C1_RING_SIMPLE_CH4
discovery_comm_r1_S02_BALANCE_p4_m2048_n512_k2048_q4_comm_C2_RING_SIMPLE_CH8	discovery_comm	1	4	S02_BALANCE	2048	512	2048	4	comm	C2_RING_SIMPLE_CH8	0	2026-08-31T10:11:38Z	2026-08-31T10:11:50Z	/root/private_data/lyc/2ndpaper/results/k500sm_ai_gfx928_4gpu/phase1_release_20260831_100100/cases/discovery_comm_r1_S02_BALANCE_p4_m2048_n512_k2048_q4_comm_C2_RING_SIMPLE_CH8
discovery_gemm_r1_S02_BALANCE_p4_m2048_n512_k2048_q4_gemm_C0_DEFAULT	discovery_gemm	1	4	S02_BALANCE	2048	512	2048	4	gemm	C0_DEFAULT	0	2026-08-31T10:11:50Z	2026-08-31T10:12:02Z	/root/private_data/lyc/2ndpaper/results/k500sm_ai_gfx928_4gpu/phase1_release_20260831_100100/cases/discovery_gemm_r1_S02_BALANCE_p4_m2048_n512_k2048_q4_gemm_C0_DEFAULT
discovery_comm_r1_S02_BALANCE_p4_m2048_n512_k2048_q8_comm_C0_DEFAULT	discovery_comm	1	4	S02_BALANCE	2048	512	2048	8	comm	C0_DEFAULT	0	2026-08-31T10:12:02Z	2026-08-31T10:12:15Z	/root/private_data/lyc/2ndpaper/results/k500sm_ai_gfx928_4gpu/phase1_release_20260831_100100/cases/discovery_comm_r1_S02_BALANCE_p4_m2048_n512_k2048_q8_comm_C0_DEFAULT
discovery_comm_r1_S02_BALANCE_p4_m2048_n512_k2048_q8_comm_C1_RING_SIMPLE_CH4	discovery_comm	1	4	S02_BALANCE	2048	512	2048	8	comm	C1_RING_SIMPLE_CH4	0	2026-08-31T10:12:15Z	2026-08-31T10:12:27Z	/root/private_data/lyc/2ndpaper/results/k500sm_ai_gfx928_4gpu/phase1_release_20260831_100100/cases/discovery_comm_r1_S02_BALANCE_p4_m2048_n512_k2048_q8_comm_C1_RING_SIMPLE_CH4
discovery_comm_r1_S02_BALANCE_p4_m2048_n512_k2048_q8_comm_C2_RING_SIMPLE_CH8	discovery_comm	1	4	S02_BALANCE	2048	512	2048	8	comm	C2_RING_SIMPLE_CH8	0	2026-08-31T10:12:27Z	2026-08-31T10:12:40Z	/root/private_data/lyc/2ndpaper/results/k500sm_ai_gfx928_4gpu/phase1_release_20260831_100100/cases/discovery_comm_r1_S02_BALANCE_p4_m2048_n512_k2048_q8_comm_C2_RING_SIMPLE_CH8
discovery_gemm_r1_S02_BALANCE_p4_m2048_n512_k2048_q8_gemm_C0_DEFAULT	discovery_gemm	1	4	S02_BALANCE	2048	512	2048	8	gemm	C0_DEFAULT	0	2026-08-31T10:12:40Z	2026-08-31T10:12:51Z	/root/private_data/lyc/2ndpaper/results/k500sm_ai_gfx928_4gpu/phase1_release_20260831_100100/cases/discovery_gemm_r1_S02_BALANCE_p4_m2048_n512_k2048_q8_gemm_C0_DEFAULT
discovery_b0_r1_S02_BALANCE_p4_m2048_n512_k2048_q1_b0_C0_DEFAULT	discovery_b0	1	4	S02_BALANCE	2048	512	2048	1	b0	C0_DEFAULT	0	2026-08-31T10:12:51Z	2026-08-31T10:13:04Z	/root/private_data/lyc/2ndpaper/results/k500sm_ai_gfx928_4gpu/phase1_release_20260831_100100/cases/discovery_b0_r1_S02_BALANCE_p4_m2048_n512_k2048_q1_b0_C0_DEFAULT
discovery_overlap_r1_S02_BALANCE_p4_m2048_n512_k2048_q1_b1_C0_DEFAULT	discovery_overlap	1	4	S02_BALANCE	2048	512	2048	1	b1	C0_DEFAULT	0	2026-08-31T10:13:04Z	2026-08-31T10:13:16Z	/root/private_data/lyc/2ndpaper/results/k500sm_ai_gfx928_4gpu/phase1_release_20260831_100100/cases/discovery_overlap_r1_S02_BALANCE_p4_m2048_n512_k2048_q1_b1_C0_DEFAULT
discovery_overlap_r1_S02_BALANCE_p4_m2048_n512_k2048_q1_h0_C0_DEFAULT	discovery_overlap	1	4	S02_BALANCE	2048	512	2048	1	h0	C0_DEFAULT	0	2026-08-31T10:13:16Z	2026-08-31T10:13:28Z	/root/private_data/lyc/2ndpaper/results/k500sm_ai_gfx928_4gpu/phase1_release_20260831_100100/cases/discovery_overlap_r1_S02_BALANCE_p4_m2048_n512_k2048_q1_h0_C0_DEFAULT
discovery_overlap_r1_S02_BALANCE_p4_m2048_n512_k2048_q1_b1_C1_RING_SIMPLE_CH4	discovery_overlap	1	4	S02_BALANCE	2048	512	2048	1	b1	C1_RING_SIMPLE_CH4	0	2026-08-31T10:13:28Z	2026-08-31T10:13:41Z	/root/private_data/lyc/2ndpaper/results/k500sm_ai_gfx928_4gpu/phase1_release_20260831_100100/cases/discovery_overlap_r1_S02_BALANCE_p4_m2048_n512_k2048_q1_b1_C1_RING_SIMPLE_CH4
discovery_overlap_r1_S02_BALANCE_p4_m2048_n512_k2048_q1_h0_C1_RING_SIMPLE_CH4	discovery_overlap	1	4	S02_BALANCE	2048	512	2048	1	h0	C1_RING_SIMPLE_CH4	0	2026-08-31T10:13:41Z	2026-08-31T10:13:53Z	/root/private_data/lyc/2ndpaper/results/k500sm_ai_gfx928_4gpu/phase1_release_20260831_100100/cases/discovery_overlap_r1_S02_BALANCE_p4_m2048_n512_k2048_q1_h0_C1_RING_SIMPLE_CH4
discovery_overlap_r1_S02_BALANCE_p4_m2048_n512_k2048_q1_b1_C2_RING_SIMPLE_CH8	discovery_overlap	1	4	S02_BALANCE	2048	512	2048	1	b1	C2_RING_SIMPLE_CH8	0	2026-08-31T10:13:53Z	2026-08-31T10:14:06Z	/root/private_data/lyc/2ndpaper/results/k500sm_ai_gfx928_4gpu/phase1_release_20260831_100100/cases/discovery_overlap_r1_S02_BALANCE_p4_m2048_n512_k2048_q1_b1_C2_RING_SIMPLE_CH8
discovery_overlap_r1_S02_BALANCE_p4_m2048_n512_k2048_q1_h0_C2_RING_SIMPLE_CH8	discovery_overlap	1	4	S02_BALANCE	2048	512	2048	1	h0	C2_RING_SIMPLE_CH8	0	2026-08-31T10:14:06Z	2026-08-31T10:14:19Z	/root/private_data/lyc/2ndpaper/results/k500sm_ai_gfx928_4gpu/phase1_release_20260831_100100/cases/discovery_overlap_r1_S02_BALANCE_p4_m2048_n512_k2048_q1_h0_C2_RING_SIMPLE_CH8
discovery_overlap_r1_S02_BALANCE_p4_m2048_n512_k2048_q2_b1_C0_DEFAULT	discovery_overlap	1	4	S02_BALANCE	2048	512	2048	2	b1	C0_DEFAULT	0	2026-08-31T10:14:19Z	2026-08-31T10:14:31Z	/root/private_data/lyc/2ndpaper/results/k500sm_ai_gfx928_4gpu/phase1_release_20260831_100100/cases/discovery_overlap_r1_S02_BALANCE_p4_m2048_n512_k2048_q2_b1_C0_DEFAULT
discovery_overlap_r1_S02_BALANCE_p4_m2048_n512_k2048_q2_h0_C0_DEFAULT	discovery_overlap	1	4	S02_BALANCE	2048	512	2048	2	h0	C0_DEFAULT	0	2026-08-31T10:14:31Z	2026-08-31T10:14:43Z	/root/private_data/lyc/2ndpaper/results/k500sm_ai_gfx928_4gpu/phase1_release_20260831_100100/cases/discovery_overlap_r1_S02_BALANCE_p4_m2048_n512_k2048_q2_h0_C0_DEFAULT
discovery_overlap_r1_S02_BALANCE_p4_m2048_n512_k2048_q2_b1_C1_RING_SIMPLE_CH4	discovery_overlap	1	4	S02_BALANCE	2048	512	2048	2	b1	C1_RING_SIMPLE_CH4	0	2026-08-31T10:14:43Z	2026-08-31T10:14:55Z	/root/private_data/lyc/2ndpaper/results/k500sm_ai_gfx928_4gpu/phase1_release_20260831_100100/cases/discovery_overlap_r1_S02_BALANCE_p4_m2048_n512_k2048_q2_b1_C1_RING_SIMPLE_CH4
discovery_overlap_r1_S02_BALANCE_p4_m2048_n512_k2048_q2_h0_C1_RING_SIMPLE_CH4	discovery_overlap	1	4	S02_BALANCE	2048	512	2048	2	h0	C1_RING_SIMPLE_CH4	0	2026-08-31T10:14:55Z	2026-08-31T10:15:07Z	/root/private_data/lyc/2ndpaper/results/k500sm_ai_gfx928_4gpu/phase1_release_20260831_100100/cases/discovery_overlap_r1_S02_BALANCE_p4_m2048_n512_k2048_q2_h0_C1_RING_SIMPLE_CH4
discovery_overlap_r1_S02_BALANCE_p4_m2048_n512_k2048_q2_b1_C2_RING_SIMPLE_CH8	discovery_overlap	1	4	S02_BALANCE	2048	512	2048	2	b1	C2_RING_SIMPLE_CH8	0	2026-08-31T10:15:07Z	2026-08-31T10:15:20Z	/root/private_data/lyc/2ndpaper/results/k500sm_ai_gfx928_4gpu/phase1_release_20260831_100100/cases/discovery_overlap_r1_S02_BALANCE_p4_m2048_n512_k2048_q2_b1_C2_RING_SIMPLE_CH8
discovery_overlap_r1_S02_BALANCE_p4_m2048_n512_k2048_q2_h0_C2_RING_SIMPLE_CH8	discovery_overlap	1	4	S02_BALANCE	2048	512	2048	2	h0	C2_RING_SIMPLE_CH8	0	2026-08-31T10:15:20Z	2026-08-31T10:15:33Z	/root/private_data/lyc/2ndpaper/results/k500sm_ai_gfx928_4gpu/phase1_release_20260831_100100/cases/discovery_overlap_r1_S02_BALANCE_p4_m2048_n512_k2048_q2_h0_C2_RING_SIMPLE_CH8
discovery_overlap_r1_S02_BALANCE_p4_m2048_n512_k2048_q4_b1_C0_DEFAULT	discovery_overlap	1	4	S02_BALANCE	2048	512	2048	4	b1	C0_DEFAULT	0	2026-08-31T10:15:33Z	2026-08-31T10:15:46Z	/root/private_data/lyc/2ndpaper/results/k500sm_ai_gfx928_4gpu/phase1_release_20260831_100100/cases/discovery_overlap_r1_S02_BALANCE_p4_m2048_n512_k2048_q4_b1_C0_DEFAULT
discovery_overlap_r1_S02_BALANCE_p4_m2048_n512_k2048_q4_h0_C0_DEFAULT	discovery_overlap	1	4	S02_BALANCE	2048	512	2048	4	h0	C0_DEFAULT	0	2026-08-31T10:15:46Z	2026-08-31T10:15:58Z	/root/private_data/lyc/2ndpaper/results/k500sm_ai_gfx928_4gpu/phase1_release_20260831_100100/cases/discovery_overlap_r1_S02_BALANCE_p4_m2048_n512_k2048_q4_h0_C0_DEFAULT
discovery_overlap_r1_S02_BALANCE_p4_m2048_n512_k2048_q4_b1_C1_RING_SIMPLE_CH4	discovery_overlap	1	4	S02_BALANCE	2048	512	2048	4	b1	C1_RING_SIMPLE_CH4	0	2026-08-31T10:15:58Z	2026-08-31T10:16:10Z	/root/private_data/lyc/2ndpaper/results/k500sm_ai_gfx928_4gpu/phase1_release_20260831_100100/cases/discovery_overlap_r1_S02_BALANCE_p4_m2048_n512_k2048_q4_b1_C1_RING_SIMPLE_CH4
discovery_overlap_r1_S02_BALANCE_p4_m2048_n512_k2048_q4_h0_C1_RING_SIMPLE_CH4	discovery_overlap	1	4	S02_BALANCE	2048	512	2048	4	h0	C1_RING_SIMPLE_CH4	0	2026-08-31T10:16:10Z	2026-08-31T10:16:22Z	/root/private_data/lyc/2ndpaper/results/k500sm_ai_gfx928_4gpu/phase1_release_20260831_100100/cases/discovery_overlap_r1_S02_BALANCE_p4_m2048_n512_k2048_q4_h0_C1_RING_SIMPLE_CH4
discovery_overlap_r1_S02_BALANCE_p4_m2048_n512_k2048_q4_b1_C2_RING_SIMPLE_CH8	discovery_overlap	1	4	S02_BALANCE	2048	512	2048	4	b1	C2_RING_SIMPLE_CH8	0	2026-08-31T10:16:23Z	2026-08-31T10:16:35Z	/root/private_data/lyc/2ndpaper/results/k500sm_ai_gfx928_4gpu/phase1_release_20260831_100100/cases/discovery_overlap_r1_S02_BALANCE_p4_m2048_n512_k2048_q4_b1_C2_RING_SIMPLE_CH8
discovery_overlap_r1_S02_BALANCE_p4_m2048_n512_k2048_q4_h0_C2_RING_SIMPLE_CH8	discovery_overlap	1	4	S02_BALANCE	2048	512	2048	4	h0	C2_RING_SIMPLE_CH8	0	2026-08-31T10:16:35Z	2026-08-31T10:16:48Z	/root/private_data/lyc/2ndpaper/results/k500sm_ai_gfx928_4gpu/phase1_release_20260831_100100/cases/discovery_overlap_r1_S02_BALANCE_p4_m2048_n512_k2048_q4_h0_C2_RING_SIMPLE_CH8
discovery_overlap_r1_S02_BALANCE_p4_m2048_n512_k2048_q8_b1_C0_DEFAULT	discovery_overlap	1	4	S02_BALANCE	2048	512	2048	8	b1	C0_DEFAULT	0	2026-08-31T10:16:48Z	2026-08-31T10:17:00Z	/root/private_data/lyc/2ndpaper/results/k500sm_ai_gfx928_4gpu/phase1_release_20260831_100100/cases/discovery_overlap_r1_S02_BALANCE_p4_m2048_n512_k2048_q8_b1_C0_DEFAULT
discovery_overlap_r1_S02_BALANCE_p4_m2048_n512_k2048_q8_h0_C0_DEFAULT	discovery_overlap	1	4	S02_BALANCE	2048	512	2048	8	h0	C0_DEFAULT	0	2026-08-31T10:17:01Z	2026-08-31T10:17:13Z	/root/private_data/lyc/2ndpaper/results/k500sm_ai_gfx928_4gpu/phase1_release_20260831_100100/cases/discovery_overlap_r1_S02_BALANCE_p4_m2048_n512_k2048_q8_h0_C0_DEFAULT
discovery_overlap_r1_S02_BALANCE_p4_m2048_n512_k2048_q8_b1_C1_RING_SIMPLE_CH4	discovery_overlap	1	4	S02_BALANCE	2048	512	2048	8	b1	C1_RING_SIMPLE_CH4	0	2026-08-31T10:17:13Z	2026-08-31T10:17:25Z	/root/private_data/lyc/2ndpaper/results/k500sm_ai_gfx928_4gpu/phase1_release_20260831_100100/cases/discovery_overlap_r1_S02_BALANCE_p4_m2048_n512_k2048_q8_b1_C1_RING_SIMPLE_CH4
discovery_overlap_r1_S02_BALANCE_p4_m2048_n512_k2048_q8_h0_C1_RING_SIMPLE_CH4	discovery_overlap	1	4	S02_BALANCE	2048	512	2048	8	h0	C1_RING_SIMPLE_CH4	0	2026-08-31T10:17:25Z	2026-08-31T10:17:37Z	/root/private_data/lyc/2ndpaper/results/k500sm_ai_gfx928_4gpu/phase1_release_20260831_100100/cases/discovery_overlap_r1_S02_BALANCE_p4_m2048_n512_k2048_q8_h0_C1_RING_SIMPLE_CH4
discovery_overlap_r1_S02_BALANCE_p4_m2048_n512_k2048_q8_b1_C2_RING_SIMPLE_CH8	discovery_overlap	1	4	S02_BALANCE	2048	512	2048	8	b1	C2_RING_SIMPLE_CH8	0	2026-08-31T10:17:37Z	2026-08-31T10:17:50Z	/root/private_data/lyc/2ndpaper/results/k500sm_ai_gfx928_4gpu/phase1_release_20260831_100100/cases/discovery_overlap_r1_S02_BALANCE_p4_m2048_n512_k2048_q8_b1_C2_RING_SIMPLE_CH8
discovery_overlap_r1_S02_BALANCE_p4_m2048_n512_k2048_q8_h0_C2_RING_SIMPLE_CH8	discovery_overlap	1	4	S02_BALANCE	2048	512	2048	8	h0	C2_RING_SIMPLE_CH8	0	2026-08-31T10:17:50Z	2026-08-31T10:18:03Z	/root/private_data/lyc/2ndpaper/results/k500sm_ai_gfx928_4gpu/phase1_release_20260831_100100/cases/discovery_overlap_r1_S02_BALANCE_p4_m2048_n512_k2048_q8_h0_C2_RING_SIMPLE_CH8
discovery_b0_r2_S02_BALANCE_p4_m2048_n512_k2048_q1_b0_C0_DEFAULT	discovery_b0	2	4	S02_BALANCE	2048	512	2048	1	b0	C0_DEFAULT	0	2026-08-31T10:18:03Z	2026-08-31T10:18:15Z	/root/private_data/lyc/2ndpaper/results/k500sm_ai_gfx928_4gpu/phase1_release_20260831_100100/cases/discovery_b0_r2_S02_BALANCE_p4_m2048_n512_k2048_q1_b0_C0_DEFAULT
discovery_overlap_r2_S02_BALANCE_p4_m2048_n512_k2048_q1_b1_C0_DEFAULT	discovery_overlap	2	4	S02_BALANCE	2048	512	2048	1	b1	C0_DEFAULT	0	2026-08-31T10:18:15Z	2026-08-31T10:18:27Z	/root/private_data/lyc/2ndpaper/results/k500sm_ai_gfx928_4gpu/phase1_release_20260831_100100/cases/discovery_overlap_r2_S02_BALANCE_p4_m2048_n512_k2048_q1_b1_C0_DEFAULT
discovery_overlap_r2_S02_BALANCE_p4_m2048_n512_k2048_q1_h0_C0_DEFAULT	discovery_overlap	2	4	S02_BALANCE	2048	512	2048	1	h0	C0_DEFAULT	0	2026-08-31T10:18:27Z	2026-08-31T10:18:40Z	/root/private_data/lyc/2ndpaper/results/k500sm_ai_gfx928_4gpu/phase1_release_20260831_100100/cases/discovery_overlap_r2_S02_BALANCE_p4_m2048_n512_k2048_q1_h0_C0_DEFAULT
discovery_overlap_r2_S02_BALANCE_p4_m2048_n512_k2048_q1_b1_C1_RING_SIMPLE_CH4	discovery_overlap	2	4	S02_BALANCE	2048	512	2048	1	b1	C1_RING_SIMPLE_CH4	0	2026-08-31T10:18:40Z	2026-08-31T10:18:52Z	/root/private_data/lyc/2ndpaper/results/k500sm_ai_gfx928_4gpu/phase1_release_20260831_100100/cases/discovery_overlap_r2_S02_BALANCE_p4_m2048_n512_k2048_q1_b1_C1_RING_SIMPLE_CH4
discovery_overlap_r2_S02_BALANCE_p4_m2048_n512_k2048_q1_h0_C1_RING_SIMPLE_CH4	discovery_overlap	2	4	S02_BALANCE	2048	512	2048	1	h0	C1_RING_SIMPLE_CH4	0	2026-08-31T10:18:52Z	2026-08-31T10:19:04Z	/root/private_data/lyc/2ndpaper/results/k500sm_ai_gfx928_4gpu/phase1_release_20260831_100100/cases/discovery_overlap_r2_S02_BALANCE_p4_m2048_n512_k2048_q1_h0_C1_RING_SIMPLE_CH4
discovery_overlap_r2_S02_BALANCE_p4_m2048_n512_k2048_q1_b1_C2_RING_SIMPLE_CH8	discovery_overlap	2	4	S02_BALANCE	2048	512	2048	1	b1	C2_RING_SIMPLE_CH8	0	2026-08-31T10:19:04Z	2026-08-31T10:19:17Z	/root/private_data/lyc/2ndpaper/results/k500sm_ai_gfx928_4gpu/phase1_release_20260831_100100/cases/discovery_overlap_r2_S02_BALANCE_p4_m2048_n512_k2048_q1_b1_C2_RING_SIMPLE_CH8
discovery_overlap_r2_S02_BALANCE_p4_m2048_n512_k2048_q1_h0_C2_RING_SIMPLE_CH8	discovery_overlap	2	4	S02_BALANCE	2048	512	2048	1	h0	C2_RING_SIMPLE_CH8	0	2026-08-31T10:19:17Z	2026-08-31T10:19:30Z	/root/private_data/lyc/2ndpaper/results/k500sm_ai_gfx928_4gpu/phase1_release_20260831_100100/cases/discovery_overlap_r2_S02_BALANCE_p4_m2048_n512_k2048_q1_h0_C2_RING_SIMPLE_CH8
discovery_overlap_r2_S02_BALANCE_p4_m2048_n512_k2048_q2_b1_C0_DEFAULT	discovery_overlap	2	4	S02_BALANCE	2048	512	2048	2	b1	C0_DEFAULT	0	2026-08-31T10:19:30Z	2026-08-31T10:19:42Z	/root/private_data/lyc/2ndpaper/results/k500sm_ai_gfx928_4gpu/phase1_release_20260831_100100/cases/discovery_overlap_r2_S02_BALANCE_p4_m2048_n512_k2048_q2_b1_C0_DEFAULT
discovery_overlap_r2_S02_BALANCE_p4_m2048_n512_k2048_q2_h0_C0_DEFAULT	discovery_overlap	2	4	S02_BALANCE	2048	512	2048	2	h0	C0_DEFAULT	0	2026-08-31T10:19:42Z	2026-08-31T10:19:54Z	/root/private_data/lyc/2ndpaper/results/k500sm_ai_gfx928_4gpu/phase1_release_20260831_100100/cases/discovery_overlap_r2_S02_BALANCE_p4_m2048_n512_k2048_q2_h0_C0_DEFAULT
discovery_overlap_r2_S02_BALANCE_p4_m2048_n512_k2048_q2_b1_C1_RING_SIMPLE_CH4	discovery_overlap	2	4	S02_BALANCE	2048	512	2048	2	b1	C1_RING_SIMPLE_CH4	0	2026-08-31T10:19:54Z	2026-08-31T10:20:07Z	/root/private_data/lyc/2ndpaper/results/k500sm_ai_gfx928_4gpu/phase1_release_20260831_100100/cases/discovery_overlap_r2_S02_BALANCE_p4_m2048_n512_k2048_q2_b1_C1_RING_SIMPLE_CH4
discovery_overlap_r2_S02_BALANCE_p4_m2048_n512_k2048_q2_h0_C1_RING_SIMPLE_CH4	discovery_overlap	2	4	S02_BALANCE	2048	512	2048	2	h0	C1_RING_SIMPLE_CH4	0	2026-08-31T10:20:07Z	2026-08-31T10:20:19Z	/root/private_data/lyc/2ndpaper/results/k500sm_ai_gfx928_4gpu/phase1_release_20260831_100100/cases/discovery_overlap_r2_S02_BALANCE_p4_m2048_n512_k2048_q2_h0_C1_RING_SIMPLE_CH4
discovery_overlap_r2_S02_BALANCE_p4_m2048_n512_k2048_q2_b1_C2_RING_SIMPLE_CH8	discovery_overlap	2	4	S02_BALANCE	2048	512	2048	2	b1	C2_RING_SIMPLE_CH8	0	2026-08-31T10:20:19Z	2026-08-31T10:20:32Z	/root/private_data/lyc/2ndpaper/results/k500sm_ai_gfx928_4gpu/phase1_release_20260831_100100/cases/discovery_overlap_r2_S02_BALANCE_p4_m2048_n512_k2048_q2_b1_C2_RING_SIMPLE_CH8
discovery_overlap_r2_S02_BALANCE_p4_m2048_n512_k2048_q2_h0_C2_RING_SIMPLE_CH8	discovery_overlap	2	4	S02_BALANCE	2048	512	2048	2	h0	C2_RING_SIMPLE_CH8	0	2026-08-31T10:20:32Z	2026-08-31T10:20:45Z	/root/private_data/lyc/2ndpaper/results/k500sm_ai_gfx928_4gpu/phase1_release_20260831_100100/cases/discovery_overlap_r2_S02_BALANCE_p4_m2048_n512_k2048_q2_h0_C2_RING_SIMPLE_CH8
discovery_overlap_r2_S02_BALANCE_p4_m2048_n512_k2048_q4_b1_C0_DEFAULT	discovery_overlap	2	4	S02_BALANCE	2048	512	2048	4	b1	C0_DEFAULT	0	2026-08-31T10:20:45Z	2026-08-31T10:20:57Z	/root/private_data/lyc/2ndpaper/results/k500sm_ai_gfx928_4gpu/phase1_release_20260831_100100/cases/discovery_overlap_r2_S02_BALANCE_p4_m2048_n512_k2048_q4_b1_C0_DEFAULT
discovery_overlap_r2_S02_BALANCE_p4_m2048_n512_k2048_q4_h0_C0_DEFAULT	discovery_overlap	2	4	S02_BALANCE	2048	512	2048	4	h0	C0_DEFAULT	0	2026-08-31T10:20:57Z	2026-08-31T10:21:09Z	/root/private_data/lyc/2ndpaper/results/k500sm_ai_gfx928_4gpu/phase1_release_20260831_100100/cases/discovery_overlap_r2_S02_BALANCE_p4_m2048_n512_k2048_q4_h0_C0_DEFAULT
discovery_overlap_r2_S02_BALANCE_p4_m2048_n512_k2048_q4_b1_C1_RING_SIMPLE_CH4	discovery_overlap	2	4	S02_BALANCE	2048	512	2048	4	b1	C1_RING_SIMPLE_CH4	0	2026-08-31T10:21:09Z	2026-08-31T10:21:22Z	/root/private_data/lyc/2ndpaper/results/k500sm_ai_gfx928_4gpu/phase1_release_20260831_100100/cases/discovery_overlap_r2_S02_BALANCE_p4_m2048_n512_k2048_q4_b1_C1_RING_SIMPLE_CH4
discovery_overlap_r2_S02_BALANCE_p4_m2048_n512_k2048_q4_h0_C1_RING_SIMPLE_CH4	discovery_overlap	2	4	S02_BALANCE	2048	512	2048	4	h0	C1_RING_SIMPLE_CH4	0	2026-08-31T10:21:22Z	2026-08-31T10:21:34Z	/root/private_data/lyc/2ndpaper/results/k500sm_ai_gfx928_4gpu/phase1_release_20260831_100100/cases/discovery_overlap_r2_S02_BALANCE_p4_m2048_n512_k2048_q4_h0_C1_RING_SIMPLE_CH4
discovery_overlap_r2_S02_BALANCE_p4_m2048_n512_k2048_q4_b1_C2_RING_SIMPLE_CH8	discovery_overlap	2	4	S02_BALANCE	2048	512	2048	4	b1	C2_RING_SIMPLE_CH8	0	2026-08-31T10:21:34Z	2026-08-31T10:21:47Z	/root/private_data/lyc/2ndpaper/results/k500sm_ai_gfx928_4gpu/phase1_release_20260831_100100/cases/discovery_overlap_r2_S02_BALANCE_p4_m2048_n512_k2048_q4_b1_C2_RING_SIMPLE_CH8
discovery_overlap_r2_S02_BALANCE_p4_m2048_n512_k2048_q4_h0_C2_RING_SIMPLE_CH8	discovery_overlap	2	4	S02_BALANCE	2048	512	2048	4	h0	C2_RING_SIMPLE_CH8	0	2026-08-31T10:21:47Z	2026-08-31T10:22:00Z	/root/private_data/lyc/2ndpaper/results/k500sm_ai_gfx928_4gpu/phase1_release_20260831_100100/cases/discovery_overlap_r2_S02_BALANCE_p4_m2048_n512_k2048_q4_h0_C2_RING_SIMPLE_CH8
discovery_overlap_r2_S02_BALANCE_p4_m2048_n512_k2048_q8_b1_C0_DEFAULT	discovery_overlap	2	4	S02_BALANCE	2048	512	2048	8	b1	C0_DEFAULT	0	2026-08-31T10:22:00Z	2026-08-31T10:22:12Z	/root/private_data/lyc/2ndpaper/results/k500sm_ai_gfx928_4gpu/phase1_release_20260831_100100/cases/discovery_overlap_r2_S02_BALANCE_p4_m2048_n512_k2048_q8_b1_C0_DEFAULT
discovery_overlap_r2_S02_BALANCE_p4_m2048_n512_k2048_q8_h0_C0_DEFAULT	discovery_overlap	2	4	S02_BALANCE	2048	512	2048	8	h0	C0_DEFAULT	0	2026-08-31T10:22:12Z	2026-08-31T10:22:24Z	/root/private_data/lyc/2ndpaper/results/k500sm_ai_gfx928_4gpu/phase1_release_20260831_100100/cases/discovery_overlap_r2_S02_BALANCE_p4_m2048_n512_k2048_q8_h0_C0_DEFAULT
discovery_overlap_r2_S02_BALANCE_p4_m2048_n512_k2048_q8_b1_C1_RING_SIMPLE_CH4	discovery_overlap	2	4	S02_BALANCE	2048	512	2048	8	b1	C1_RING_SIMPLE_CH4	0	2026-08-31T10:22:24Z	2026-08-31T10:22:36Z	/root/private_data/lyc/2ndpaper/results/k500sm_ai_gfx928_4gpu/phase1_release_20260831_100100/cases/discovery_overlap_r2_S02_BALANCE_p4_m2048_n512_k2048_q8_b1_C1_RING_SIMPLE_CH4
discovery_overlap_r2_S02_BALANCE_p4_m2048_n512_k2048_q8_h0_C1_RING_SIMPLE_CH4	discovery_overlap	2	4	S02_BALANCE	2048	512	2048	8	h0	C1_RING_SIMPLE_CH4	0	2026-08-31T10:22:37Z	2026-08-31T10:22:49Z	/root/private_data/lyc/2ndpaper/results/k500sm_ai_gfx928_4gpu/phase1_release_20260831_100100/cases/discovery_overlap_r2_S02_BALANCE_p4_m2048_n512_k2048_q8_h0_C1_RING_SIMPLE_CH4
discovery_overlap_r2_S02_BALANCE_p4_m2048_n512_k2048_q8_b1_C2_RING_SIMPLE_CH8	discovery_overlap	2	4	S02_BALANCE	2048	512	2048	8	b1	C2_RING_SIMPLE_CH8	0	2026-08-31T10:22:49Z	2026-08-31T10:23:02Z	/root/private_data/lyc/2ndpaper/results/k500sm_ai_gfx928_4gpu/phase1_release_20260831_100100/cases/discovery_overlap_r2_S02_BALANCE_p4_m2048_n512_k2048_q8_b1_C2_RING_SIMPLE_CH8
discovery_overlap_r2_S02_BALANCE_p4_m2048_n512_k2048_q8_h0_C2_RING_SIMPLE_CH8	discovery_overlap	2	4	S02_BALANCE	2048	512	2048	8	h0	C2_RING_SIMPLE_CH8	0	2026-08-31T10:23:02Z	2026-08-31T10:23:15Z	/root/private_data/lyc/2ndpaper/results/k500sm_ai_gfx928_4gpu/phase1_release_20260831_100100/cases/discovery_overlap_r2_S02_BALANCE_p4_m2048_n512_k2048_q8_h0_C2_RING_SIMPLE_CH8
discovery_b0_r3_S02_BALANCE_p4_m2048_n512_k2048_q1_b0_C0_DEFAULT	discovery_b0	3	4	S02_BALANCE	2048	512	2048	1	b0	C0_DEFAULT	0	2026-08-31T10:23:15Z	2026-08-31T10:23:27Z	/root/private_data/lyc/2ndpaper/results/k500sm_ai_gfx928_4gpu/phase1_release_20260831_100100/cases/discovery_b0_r3_S02_BALANCE_p4_m2048_n512_k2048_q1_b0_C0_DEFAULT
discovery_overlap_r3_S02_BALANCE_p4_m2048_n512_k2048_q1_b1_C0_DEFAULT	discovery_overlap	3	4	S02_BALANCE	2048	512	2048	1	b1	C0_DEFAULT	0	2026-08-31T10:23:27Z	2026-08-31T10:23:39Z	/root/private_data/lyc/2ndpaper/results/k500sm_ai_gfx928_4gpu/phase1_release_20260831_100100/cases/discovery_overlap_r3_S02_BALANCE_p4_m2048_n512_k2048_q1_b1_C0_DEFAULT
discovery_overlap_r3_S02_BALANCE_p4_m2048_n512_k2048_q1_h0_C0_DEFAULT	discovery_overlap	3	4	S02_BALANCE	2048	512	2048	1	h0	C0_DEFAULT	0	2026-08-31T10:23:39Z	2026-08-31T10:23:52Z	/root/private_data/lyc/2ndpaper/results/k500sm_ai_gfx928_4gpu/phase1_release_20260831_100100/cases/discovery_overlap_r3_S02_BALANCE_p4_m2048_n512_k2048_q1_h0_C0_DEFAULT
discovery_overlap_r3_S02_BALANCE_p4_m2048_n512_k2048_q1_b1_C1_RING_SIMPLE_CH4	discovery_overlap	3	4	S02_BALANCE	2048	512	2048	1	b1	C1_RING_SIMPLE_CH4	0	2026-08-31T10:23:52Z	2026-08-31T10:24:04Z	/root/private_data/lyc/2ndpaper/results/k500sm_ai_gfx928_4gpu/phase1_release_20260831_100100/cases/discovery_overlap_r3_S02_BALANCE_p4_m2048_n512_k2048_q1_b1_C1_RING_SIMPLE_CH4
discovery_overlap_r3_S02_BALANCE_p4_m2048_n512_k2048_q1_h0_C1_RING_SIMPLE_CH4	discovery_overlap	3	4	S02_BALANCE	2048	512	2048	1	h0	C1_RING_SIMPLE_CH4	0	2026-08-31T10:24:04Z	2026-08-31T10:24:16Z	/root/private_data/lyc/2ndpaper/results/k500sm_ai_gfx928_4gpu/phase1_release_20260831_100100/cases/discovery_overlap_r3_S02_BALANCE_p4_m2048_n512_k2048_q1_h0_C1_RING_SIMPLE_CH4
discovery_overlap_r3_S02_BALANCE_p4_m2048_n512_k2048_q1_b1_C2_RING_SIMPLE_CH8	discovery_overlap	3	4	S02_BALANCE	2048	512	2048	1	b1	C2_RING_SIMPLE_CH8	0	2026-08-31T10:24:16Z	2026-08-31T10:24:29Z	/root/private_data/lyc/2ndpaper/results/k500sm_ai_gfx928_4gpu/phase1_release_20260831_100100/cases/discovery_overlap_r3_S02_BALANCE_p4_m2048_n512_k2048_q1_b1_C2_RING_SIMPLE_CH8
discovery_overlap_r3_S02_BALANCE_p4_m2048_n512_k2048_q1_h0_C2_RING_SIMPLE_CH8	discovery_overlap	3	4	S02_BALANCE	2048	512	2048	1	h0	C2_RING_SIMPLE_CH8	0	2026-08-31T10:24:29Z	2026-08-31T10:24:42Z	/root/private_data/lyc/2ndpaper/results/k500sm_ai_gfx928_4gpu/phase1_release_20260831_100100/cases/discovery_overlap_r3_S02_BALANCE_p4_m2048_n512_k2048_q1_h0_C2_RING_SIMPLE_CH8
discovery_overlap_r3_S02_BALANCE_p4_m2048_n512_k2048_q2_b1_C0_DEFAULT	discovery_overlap	3	4	S02_BALANCE	2048	512	2048	2	b1	C0_DEFAULT	0	2026-08-31T10:24:42Z	2026-08-31T10:24:54Z	/root/private_data/lyc/2ndpaper/results/k500sm_ai_gfx928_4gpu/phase1_release_20260831_100100/cases/discovery_overlap_r3_S02_BALANCE_p4_m2048_n512_k2048_q2_b1_C0_DEFAULT
discovery_overlap_r3_S02_BALANCE_p4_m2048_n512_k2048_q2_h0_C0_DEFAULT	discovery_overlap	3	4	S02_BALANCE	2048	512	2048	2	h0	C0_DEFAULT	0	2026-08-31T10:24:55Z	2026-08-31T10:25:07Z	/root/private_data/lyc/2ndpaper/results/k500sm_ai_gfx928_4gpu/phase1_release_20260831_100100/cases/discovery_overlap_r3_S02_BALANCE_p4_m2048_n512_k2048_q2_h0_C0_DEFAULT
discovery_overlap_r3_S02_BALANCE_p4_m2048_n512_k2048_q2_b1_C1_RING_SIMPLE_CH4	discovery_overlap	3	4	S02_BALANCE	2048	512	2048	2	b1	C1_RING_SIMPLE_CH4	0	2026-08-31T10:25:07Z	2026-08-31T10:25:19Z	/root/private_data/lyc/2ndpaper/results/k500sm_ai_gfx928_4gpu/phase1_release_20260831_100100/cases/discovery_overlap_r3_S02_BALANCE_p4_m2048_n512_k2048_q2_b1_C1_RING_SIMPLE_CH4
discovery_overlap_r3_S02_BALANCE_p4_m2048_n512_k2048_q2_h0_C1_RING_SIMPLE_CH4	discovery_overlap	3	4	S02_BALANCE	2048	512	2048	2	h0	C1_RING_SIMPLE_CH4	0	2026-08-31T10:25:19Z	2026-08-31T10:25:31Z	/root/private_data/lyc/2ndpaper/results/k500sm_ai_gfx928_4gpu/phase1_release_20260831_100100/cases/discovery_overlap_r3_S02_BALANCE_p4_m2048_n512_k2048_q2_h0_C1_RING_SIMPLE_CH4
discovery_overlap_r3_S02_BALANCE_p4_m2048_n512_k2048_q2_b1_C2_RING_SIMPLE_CH8	discovery_overlap	3	4	S02_BALANCE	2048	512	2048	2	b1	C2_RING_SIMPLE_CH8	0	2026-08-31T10:25:31Z	2026-08-31T10:25:44Z	/root/private_data/lyc/2ndpaper/results/k500sm_ai_gfx928_4gpu/phase1_release_20260831_100100/cases/discovery_overlap_r3_S02_BALANCE_p4_m2048_n512_k2048_q2_b1_C2_RING_SIMPLE_CH8
discovery_overlap_r3_S02_BALANCE_p4_m2048_n512_k2048_q2_h0_C2_RING_SIMPLE_CH8	discovery_overlap	3	4	S02_BALANCE	2048	512	2048	2	h0	C2_RING_SIMPLE_CH8	0	2026-08-31T10:25:44Z	2026-08-31T10:25:57Z	/root/private_data/lyc/2ndpaper/results/k500sm_ai_gfx928_4gpu/phase1_release_20260831_100100/cases/discovery_overlap_r3_S02_BALANCE_p4_m2048_n512_k2048_q2_h0_C2_RING_SIMPLE_CH8
discovery_overlap_r3_S02_BALANCE_p4_m2048_n512_k2048_q4_b1_C0_DEFAULT	discovery_overlap	3	4	S02_BALANCE	2048	512	2048	4	b1	C0_DEFAULT	0	2026-08-31T10:25:57Z	2026-08-31T10:26:09Z	/root/private_data/lyc/2ndpaper/results/k500sm_ai_gfx928_4gpu/phase1_release_20260831_100100/cases/discovery_overlap_r3_S02_BALANCE_p4_m2048_n512_k2048_q4_b1_C0_DEFAULT
discovery_overlap_r3_S02_BALANCE_p4_m2048_n512_k2048_q4_h0_C0_DEFAULT	discovery_overlap	3	4	S02_BALANCE	2048	512	2048	4	h0	C0_DEFAULT	0	2026-08-31T10:26:09Z	2026-08-31T10:26:21Z	/root/private_data/lyc/2ndpaper/results/k500sm_ai_gfx928_4gpu/phase1_release_20260831_100100/cases/discovery_overlap_r3_S02_BALANCE_p4_m2048_n512_k2048_q4_h0_C0_DEFAULT
discovery_overlap_r3_S02_BALANCE_p4_m2048_n512_k2048_q4_b1_C1_RING_SIMPLE_CH4	discovery_overlap	3	4	S02_BALANCE	2048	512	2048	4	b1	C1_RING_SIMPLE_CH4	0	2026-08-31T10:26:21Z	2026-08-31T10:26:33Z	/root/private_data/lyc/2ndpaper/results/k500sm_ai_gfx928_4gpu/phase1_release_20260831_100100/cases/discovery_overlap_r3_S02_BALANCE_p4_m2048_n512_k2048_q4_b1_C1_RING_SIMPLE_CH4
discovery_overlap_r3_S02_BALANCE_p4_m2048_n512_k2048_q4_h0_C1_RING_SIMPLE_CH4	discovery_overlap	3	4	S02_BALANCE	2048	512	2048	4	h0	C1_RING_SIMPLE_CH4	0	2026-08-31T10:26:33Z	2026-08-31T10:26:46Z	/root/private_data/lyc/2ndpaper/results/k500sm_ai_gfx928_4gpu/phase1_release_20260831_100100/cases/discovery_overlap_r3_S02_BALANCE_p4_m2048_n512_k2048_q4_h0_C1_RING_SIMPLE_CH4
discovery_overlap_r3_S02_BALANCE_p4_m2048_n512_k2048_q4_b1_C2_RING_SIMPLE_CH8	discovery_overlap	3	4	S02_BALANCE	2048	512	2048	4	b1	C2_RING_SIMPLE_CH8	0	2026-08-31T10:26:46Z	2026-08-31T10:26:59Z	/root/private_data/lyc/2ndpaper/results/k500sm_ai_gfx928_4gpu/phase1_release_20260831_100100/cases/discovery_overlap_r3_S02_BALANCE_p4_m2048_n512_k2048_q4_b1_C2_RING_SIMPLE_CH8
discovery_overlap_r3_S02_BALANCE_p4_m2048_n512_k2048_q4_h0_C2_RING_SIMPLE_CH8	discovery_overlap	3	4	S02_BALANCE	2048	512	2048	4	h0	C2_RING_SIMPLE_CH8	0	2026-08-31T10:26:59Z	2026-08-31T10:27:12Z	/root/private_data/lyc/2ndpaper/results/k500sm_ai_gfx928_4gpu/phase1_release_20260831_100100/cases/discovery_overlap_r3_S02_BALANCE_p4_m2048_n512_k2048_q4_h0_C2_RING_SIMPLE_CH8
discovery_overlap_r3_S02_BALANCE_p4_m2048_n512_k2048_q8_b1_C0_DEFAULT	discovery_overlap	3	4	S02_BALANCE	2048	512	2048	8	b1	C0_DEFAULT	0	2026-08-31T10:27:12Z	2026-08-31T10:27:24Z	/root/private_data/lyc/2ndpaper/results/k500sm_ai_gfx928_4gpu/phase1_release_20260831_100100/cases/discovery_overlap_r3_S02_BALANCE_p4_m2048_n512_k2048_q8_b1_C0_DEFAULT
discovery_overlap_r3_S02_BALANCE_p4_m2048_n512_k2048_q8_h0_C0_DEFAULT	discovery_overlap	3	4	S02_BALANCE	2048	512	2048	8	h0	C0_DEFAULT	0	2026-08-31T10:27:24Z	2026-08-31T10:27:36Z	/root/private_data/lyc/2ndpaper/results/k500sm_ai_gfx928_4gpu/phase1_release_20260831_100100/cases/discovery_overlap_r3_S02_BALANCE_p4_m2048_n512_k2048_q8_h0_C0_DEFAULT
discovery_overlap_r3_S02_BALANCE_p4_m2048_n512_k2048_q8_b1_C1_RING_SIMPLE_CH4	discovery_overlap	3	4	S02_BALANCE	2048	512	2048	8	b1	C1_RING_SIMPLE_CH4	0	2026-08-31T10:27:36Z	2026-08-31T10:27:48Z	/root/private_data/lyc/2ndpaper/results/k500sm_ai_gfx928_4gpu/phase1_release_20260831_100100/cases/discovery_overlap_r3_S02_BALANCE_p4_m2048_n512_k2048_q8_b1_C1_RING_SIMPLE_CH4
discovery_overlap_r3_S02_BALANCE_p4_m2048_n512_k2048_q8_h0_C1_RING_SIMPLE_CH4	discovery_overlap	3	4	S02_BALANCE	2048	512	2048	8	h0	C1_RING_SIMPLE_CH4	0	2026-08-31T10:27:48Z	2026-08-31T10:28:01Z	/root/private_data/lyc/2ndpaper/results/k500sm_ai_gfx928_4gpu/phase1_release_20260831_100100/cases/discovery_overlap_r3_S02_BALANCE_p4_m2048_n512_k2048_q8_h0_C1_RING_SIMPLE_CH4
discovery_overlap_r3_S02_BALANCE_p4_m2048_n512_k2048_q8_b1_C2_RING_SIMPLE_CH8	discovery_overlap	3	4	S02_BALANCE	2048	512	2048	8	b1	C2_RING_SIMPLE_CH8	0	2026-08-31T10:28:01Z	2026-08-31T10:28:14Z	/root/private_data/lyc/2ndpaper/results/k500sm_ai_gfx928_4gpu/phase1_release_20260831_100100/cases/discovery_overlap_r3_S02_BALANCE_p4_m2048_n512_k2048_q8_b1_C2_RING_SIMPLE_CH8
discovery_overlap_r3_S02_BALANCE_p4_m2048_n512_k2048_q8_h0_C2_RING_SIMPLE_CH8	discovery_overlap	3	4	S02_BALANCE	2048	512	2048	8	h0	C2_RING_SIMPLE_CH8	0	2026-08-31T10:28:14Z	2026-08-31T10:28:26Z	/root/private_data/lyc/2ndpaper/results/k500sm_ai_gfx928_4gpu/phase1_release_20260831_100100/cases/discovery_overlap_r3_S02_BALANCE_p4_m2048_n512_k2048_q8_h0_C2_RING_SIMPLE_CH8
discovery_comm_r1_S03_COMPUTE_LEAN_p4_m2048_n2048_k2048_q1_comm_C0_DEFAULT	discovery_comm	1	4	S03_COMPUTE_LEAN	2048	2048	2048	1	comm	C0_DEFAULT	0	2026-08-31T10:28:26Z	2026-08-31T10:28:39Z	/root/private_data/lyc/2ndpaper/results/k500sm_ai_gfx928_4gpu/phase1_release_20260831_100100/cases/discovery_comm_r1_S03_COMPUTE_LEAN_p4_m2048_n2048_k2048_q1_comm_C0_DEFAULT
discovery_comm_r1_S03_COMPUTE_LEAN_p4_m2048_n2048_k2048_q1_comm_C1_RING_SIMPLE_CH4	discovery_comm	1	4	S03_COMPUTE_LEAN	2048	2048	2048	1	comm	C1_RING_SIMPLE_CH4	0	2026-08-31T10:28:39Z	2026-08-31T10:28:51Z	/root/private_data/lyc/2ndpaper/results/k500sm_ai_gfx928_4gpu/phase1_release_20260831_100100/cases/discovery_comm_r1_S03_COMPUTE_LEAN_p4_m2048_n2048_k2048_q1_comm_C1_RING_SIMPLE_CH4
discovery_comm_r1_S03_COMPUTE_LEAN_p4_m2048_n2048_k2048_q1_comm_C2_RING_SIMPLE_CH8	discovery_comm	1	4	S03_COMPUTE_LEAN	2048	2048	2048	1	comm	C2_RING_SIMPLE_CH8	0	2026-08-31T10:28:51Z	2026-08-31T10:29:04Z	/root/private_data/lyc/2ndpaper/results/k500sm_ai_gfx928_4gpu/phase1_release_20260831_100100/cases/discovery_comm_r1_S03_COMPUTE_LEAN_p4_m2048_n2048_k2048_q1_comm_C2_RING_SIMPLE_CH8
discovery_gemm_r1_S03_COMPUTE_LEAN_p4_m2048_n2048_k2048_q1_gemm_C0_DEFAULT	discovery_gemm	1	4	S03_COMPUTE_LEAN	2048	2048	2048	1	gemm	C0_DEFAULT	0	2026-08-31T10:29:04Z	2026-08-31T10:29:16Z	/root/private_data/lyc/2ndpaper/results/k500sm_ai_gfx928_4gpu/phase1_release_20260831_100100/cases/discovery_gemm_r1_S03_COMPUTE_LEAN_p4_m2048_n2048_k2048_q1_gemm_C0_DEFAULT
discovery_comm_r1_S03_COMPUTE_LEAN_p4_m2048_n2048_k2048_q2_comm_C0_DEFAULT	discovery_comm	1	4	S03_COMPUTE_LEAN	2048	2048	2048	2	comm	C0_DEFAULT	0	2026-08-31T10:29:16Z	2026-08-31T10:29:28Z	/root/private_data/lyc/2ndpaper/results/k500sm_ai_gfx928_4gpu/phase1_release_20260831_100100/cases/discovery_comm_r1_S03_COMPUTE_LEAN_p4_m2048_n2048_k2048_q2_comm_C0_DEFAULT
discovery_comm_r1_S03_COMPUTE_LEAN_p4_m2048_n2048_k2048_q2_comm_C1_RING_SIMPLE_CH4	discovery_comm	1	4	S03_COMPUTE_LEAN	2048	2048	2048	2	comm	C1_RING_SIMPLE_CH4	0	2026-08-31T10:29:28Z	2026-08-31T10:29:40Z	/root/private_data/lyc/2ndpaper/results/k500sm_ai_gfx928_4gpu/phase1_release_20260831_100100/cases/discovery_comm_r1_S03_COMPUTE_LEAN_p4_m2048_n2048_k2048_q2_comm_C1_RING_SIMPLE_CH4
discovery_comm_r1_S03_COMPUTE_LEAN_p4_m2048_n2048_k2048_q2_comm_C2_RING_SIMPLE_CH8	discovery_comm	1	4	S03_COMPUTE_LEAN	2048	2048	2048	2	comm	C2_RING_SIMPLE_CH8	0	2026-08-31T10:29:40Z	2026-08-31T10:29:53Z	/root/private_data/lyc/2ndpaper/results/k500sm_ai_gfx928_4gpu/phase1_release_20260831_100100/cases/discovery_comm_r1_S03_COMPUTE_LEAN_p4_m2048_n2048_k2048_q2_comm_C2_RING_SIMPLE_CH8
discovery_gemm_r1_S03_COMPUTE_LEAN_p4_m2048_n2048_k2048_q2_gemm_C0_DEFAULT	discovery_gemm	1	4	S03_COMPUTE_LEAN	2048	2048	2048	2	gemm	C0_DEFAULT	0	2026-08-31T10:29:53Z	2026-08-31T10:30:05Z	/root/private_data/lyc/2ndpaper/results/k500sm_ai_gfx928_4gpu/phase1_release_20260831_100100/cases/discovery_gemm_r1_S03_COMPUTE_LEAN_p4_m2048_n2048_k2048_q2_gemm_C0_DEFAULT
discovery_comm_r1_S03_COMPUTE_LEAN_p4_m2048_n2048_k2048_q4_comm_C0_DEFAULT	discovery_comm	1	4	S03_COMPUTE_LEAN	2048	2048	2048	4	comm	C0_DEFAULT	0	2026-08-31T10:30:05Z	2026-08-31T10:30:17Z	/root/private_data/lyc/2ndpaper/results/k500sm_ai_gfx928_4gpu/phase1_release_20260831_100100/cases/discovery_comm_r1_S03_COMPUTE_LEAN_p4_m2048_n2048_k2048_q4_comm_C0_DEFAULT
discovery_comm_r1_S03_COMPUTE_LEAN_p4_m2048_n2048_k2048_q4_comm_C1_RING_SIMPLE_CH4	discovery_comm	1	4	S03_COMPUTE_LEAN	2048	2048	2048	4	comm	C1_RING_SIMPLE_CH4	0	2026-08-31T10:30:17Z	2026-08-31T10:30:29Z	/root/private_data/lyc/2ndpaper/results/k500sm_ai_gfx928_4gpu/phase1_release_20260831_100100/cases/discovery_comm_r1_S03_COMPUTE_LEAN_p4_m2048_n2048_k2048_q4_comm_C1_RING_SIMPLE_CH4
discovery_comm_r1_S03_COMPUTE_LEAN_p4_m2048_n2048_k2048_q4_comm_C2_RING_SIMPLE_CH8	discovery_comm	1	4	S03_COMPUTE_LEAN	2048	2048	2048	4	comm	C2_RING_SIMPLE_CH8	0	2026-08-31T10:30:29Z	2026-08-31T10:30:42Z	/root/private_data/lyc/2ndpaper/results/k500sm_ai_gfx928_4gpu/phase1_release_20260831_100100/cases/discovery_comm_r1_S03_COMPUTE_LEAN_p4_m2048_n2048_k2048_q4_comm_C2_RING_SIMPLE_CH8
discovery_gemm_r1_S03_COMPUTE_LEAN_p4_m2048_n2048_k2048_q4_gemm_C0_DEFAULT	discovery_gemm	1	4	S03_COMPUTE_LEAN	2048	2048	2048	4	gemm	C0_DEFAULT	0	2026-08-31T10:30:42Z	2026-08-31T10:30:54Z	/root/private_data/lyc/2ndpaper/results/k500sm_ai_gfx928_4gpu/phase1_release_20260831_100100/cases/discovery_gemm_r1_S03_COMPUTE_LEAN_p4_m2048_n2048_k2048_q4_gemm_C0_DEFAULT
discovery_comm_r1_S03_COMPUTE_LEAN_p4_m2048_n2048_k2048_q8_comm_C0_DEFAULT	discovery_comm	1	4	S03_COMPUTE_LEAN	2048	2048	2048	8	comm	C0_DEFAULT	0	2026-08-31T10:30:54Z	2026-08-31T10:31:06Z	/root/private_data/lyc/2ndpaper/results/k500sm_ai_gfx928_4gpu/phase1_release_20260831_100100/cases/discovery_comm_r1_S03_COMPUTE_LEAN_p4_m2048_n2048_k2048_q8_comm_C0_DEFAULT
discovery_comm_r1_S03_COMPUTE_LEAN_p4_m2048_n2048_k2048_q8_comm_C1_RING_SIMPLE_CH4	discovery_comm	1	4	S03_COMPUTE_LEAN	2048	2048	2048	8	comm	C1_RING_SIMPLE_CH4	0	2026-08-31T10:31:06Z	2026-08-31T10:31:18Z	/root/private_data/lyc/2ndpaper/results/k500sm_ai_gfx928_4gpu/phase1_release_20260831_100100/cases/discovery_comm_r1_S03_COMPUTE_LEAN_p4_m2048_n2048_k2048_q8_comm_C1_RING_SIMPLE_CH4
discovery_comm_r1_S03_COMPUTE_LEAN_p4_m2048_n2048_k2048_q8_comm_C2_RING_SIMPLE_CH8	discovery_comm	1	4	S03_COMPUTE_LEAN	2048	2048	2048	8	comm	C2_RING_SIMPLE_CH8	0	2026-08-31T10:31:18Z	2026-08-31T10:31:31Z	/root/private_data/lyc/2ndpaper/results/k500sm_ai_gfx928_4gpu/phase1_release_20260831_100100/cases/discovery_comm_r1_S03_COMPUTE_LEAN_p4_m2048_n2048_k2048_q8_comm_C2_RING_SIMPLE_CH8
discovery_gemm_r1_S03_COMPUTE_LEAN_p4_m2048_n2048_k2048_q8_gemm_C0_DEFAULT	discovery_gemm	1	4	S03_COMPUTE_LEAN	2048	2048	2048	8	gemm	C0_DEFAULT	0	2026-08-31T10:31:31Z	2026-08-31T10:31:43Z	/root/private_data/lyc/2ndpaper/results/k500sm_ai_gfx928_4gpu/phase1_release_20260831_100100/cases/discovery_gemm_r1_S03_COMPUTE_LEAN_p4_m2048_n2048_k2048_q8_gemm_C0_DEFAULT
discovery_b0_r1_S03_COMPUTE_LEAN_p4_m2048_n2048_k2048_q1_b0_C0_DEFAULT	discovery_b0	1	4	S03_COMPUTE_LEAN	2048	2048	2048	1	b0	C0_DEFAULT	0	2026-08-31T10:31:44Z	2026-08-31T10:31:56Z	/root/private_data/lyc/2ndpaper/results/k500sm_ai_gfx928_4gpu/phase1_release_20260831_100100/cases/discovery_b0_r1_S03_COMPUTE_LEAN_p4_m2048_n2048_k2048_q1_b0_C0_DEFAULT
discovery_overlap_r1_S03_COMPUTE_LEAN_p4_m2048_n2048_k2048_q1_b1_C0_DEFAULT	discovery_overlap	1	4	S03_COMPUTE_LEAN	2048	2048	2048	1	b1	C0_DEFAULT	0	2026-08-31T10:31:56Z	2026-08-31T10:32:08Z	/root/private_data/lyc/2ndpaper/results/k500sm_ai_gfx928_4gpu/phase1_release_20260831_100100/cases/discovery_overlap_r1_S03_COMPUTE_LEAN_p4_m2048_n2048_k2048_q1_b1_C0_DEFAULT
discovery_overlap_r1_S03_COMPUTE_LEAN_p4_m2048_n2048_k2048_q1_h0_C0_DEFAULT	discovery_overlap	1	4	S03_COMPUTE_LEAN	2048	2048	2048	1	h0	C0_DEFAULT	0	2026-08-31T10:32:08Z	2026-08-31T10:32:20Z	/root/private_data/lyc/2ndpaper/results/k500sm_ai_gfx928_4gpu/phase1_release_20260831_100100/cases/discovery_overlap_r1_S03_COMPUTE_LEAN_p4_m2048_n2048_k2048_q1_h0_C0_DEFAULT
discovery_overlap_r1_S03_COMPUTE_LEAN_p4_m2048_n2048_k2048_q1_b1_C1_RING_SIMPLE_CH4	discovery_overlap	1	4	S03_COMPUTE_LEAN	2048	2048	2048	1	b1	C1_RING_SIMPLE_CH4	0	2026-08-31T10:32:20Z	2026-08-31T10:32:33Z	/root/private_data/lyc/2ndpaper/results/k500sm_ai_gfx928_4gpu/phase1_release_20260831_100100/cases/discovery_overlap_r1_S03_COMPUTE_LEAN_p4_m2048_n2048_k2048_q1_b1_C1_RING_SIMPLE_CH4
discovery_overlap_r1_S03_COMPUTE_LEAN_p4_m2048_n2048_k2048_q1_h0_C1_RING_SIMPLE_CH4	discovery_overlap	1	4	S03_COMPUTE_LEAN	2048	2048	2048	1	h0	C1_RING_SIMPLE_CH4	0	2026-08-31T10:32:33Z	2026-08-31T10:32:45Z	/root/private_data/lyc/2ndpaper/results/k500sm_ai_gfx928_4gpu/phase1_release_20260831_100100/cases/discovery_overlap_r1_S03_COMPUTE_LEAN_p4_m2048_n2048_k2048_q1_h0_C1_RING_SIMPLE_CH4
discovery_overlap_r1_S03_COMPUTE_LEAN_p4_m2048_n2048_k2048_q1_b1_C2_RING_SIMPLE_CH8	discovery_overlap	1	4	S03_COMPUTE_LEAN	2048	2048	2048	1	b1	C2_RING_SIMPLE_CH8	0	2026-08-31T10:32:45Z	2026-08-31T10:32:59Z	/root/private_data/lyc/2ndpaper/results/k500sm_ai_gfx928_4gpu/phase1_release_20260831_100100/cases/discovery_overlap_r1_S03_COMPUTE_LEAN_p4_m2048_n2048_k2048_q1_b1_C2_RING_SIMPLE_CH8
discovery_overlap_r1_S03_COMPUTE_LEAN_p4_m2048_n2048_k2048_q1_h0_C2_RING_SIMPLE_CH8	discovery_overlap	1	4	S03_COMPUTE_LEAN	2048	2048	2048	1	h0	C2_RING_SIMPLE_CH8	0	2026-08-31T10:32:59Z	2026-08-31T10:33:12Z	/root/private_data/lyc/2ndpaper/results/k500sm_ai_gfx928_4gpu/phase1_release_20260831_100100/cases/discovery_overlap_r1_S03_COMPUTE_LEAN_p4_m2048_n2048_k2048_q1_h0_C2_RING_SIMPLE_CH8
discovery_overlap_r1_S03_COMPUTE_LEAN_p4_m2048_n2048_k2048_q2_b1_C0_DEFAULT	discovery_overlap	1	4	S03_COMPUTE_LEAN	2048	2048	2048	2	b1	C0_DEFAULT	0	2026-08-31T10:33:12Z	2026-08-31T10:33:24Z	/root/private_data/lyc/2ndpaper/results/k500sm_ai_gfx928_4gpu/phase1_release_20260831_100100/cases/discovery_overlap_r1_S03_COMPUTE_LEAN_p4_m2048_n2048_k2048_q2_b1_C0_DEFAULT
discovery_overlap_r1_S03_COMPUTE_LEAN_p4_m2048_n2048_k2048_q2_h0_C0_DEFAULT	discovery_overlap	1	4	S03_COMPUTE_LEAN	2048	2048	2048	2	h0	C0_DEFAULT	0	2026-08-31T10:33:24Z	2026-08-31T10:33:36Z	/root/private_data/lyc/2ndpaper/results/k500sm_ai_gfx928_4gpu/phase1_release_20260831_100100/cases/discovery_overlap_r1_S03_COMPUTE_LEAN_p4_m2048_n2048_k2048_q2_h0_C0_DEFAULT
discovery_overlap_r1_S03_COMPUTE_LEAN_p4_m2048_n2048_k2048_q2_b1_C1_RING_SIMPLE_CH4	discovery_overlap	1	4	S03_COMPUTE_LEAN	2048	2048	2048	2	b1	C1_RING_SIMPLE_CH4	0	2026-08-31T10:33:37Z	2026-08-31T10:33:49Z	/root/private_data/lyc/2ndpaper/results/k500sm_ai_gfx928_4gpu/phase1_release_20260831_100100/cases/discovery_overlap_r1_S03_COMPUTE_LEAN_p4_m2048_n2048_k2048_q2_b1_C1_RING_SIMPLE_CH4
discovery_overlap_r1_S03_COMPUTE_LEAN_p4_m2048_n2048_k2048_q2_h0_C1_RING_SIMPLE_CH4	discovery_overlap	1	4	S03_COMPUTE_LEAN	2048	2048	2048	2	h0	C1_RING_SIMPLE_CH4	0	2026-08-31T10:33:49Z	2026-08-31T10:34:01Z	/root/private_data/lyc/2ndpaper/results/k500sm_ai_gfx928_4gpu/phase1_release_20260831_100100/cases/discovery_overlap_r1_S03_COMPUTE_LEAN_p4_m2048_n2048_k2048_q2_h0_C1_RING_SIMPLE_CH4
discovery_overlap_r1_S03_COMPUTE_LEAN_p4_m2048_n2048_k2048_q2_b1_C2_RING_SIMPLE_CH8	discovery_overlap	1	4	S03_COMPUTE_LEAN	2048	2048	2048	2	b1	C2_RING_SIMPLE_CH8	0	2026-08-31T10:34:01Z	2026-08-31T10:34:14Z	/root/private_data/lyc/2ndpaper/results/k500sm_ai_gfx928_4gpu/phase1_release_20260831_100100/cases/discovery_overlap_r1_S03_COMPUTE_LEAN_p4_m2048_n2048_k2048_q2_b1_C2_RING_SIMPLE_CH8
discovery_overlap_r1_S03_COMPUTE_LEAN_p4_m2048_n2048_k2048_q2_h0_C2_RING_SIMPLE_CH8	discovery_overlap	1	4	S03_COMPUTE_LEAN	2048	2048	2048	2	h0	C2_RING_SIMPLE_CH8	0	2026-08-31T10:34:14Z	2026-08-31T10:34:27Z	/root/private_data/lyc/2ndpaper/results/k500sm_ai_gfx928_4gpu/phase1_release_20260831_100100/cases/discovery_overlap_r1_S03_COMPUTE_LEAN_p4_m2048_n2048_k2048_q2_h0_C2_RING_SIMPLE_CH8
discovery_overlap_r1_S03_COMPUTE_LEAN_p4_m2048_n2048_k2048_q4_b1_C0_DEFAULT	discovery_overlap	1	4	S03_COMPUTE_LEAN	2048	2048	2048	4	b1	C0_DEFAULT	0	2026-08-31T10:34:27Z	2026-08-31T10:34:40Z	/root/private_data/lyc/2ndpaper/results/k500sm_ai_gfx928_4gpu/phase1_release_20260831_100100/cases/discovery_overlap_r1_S03_COMPUTE_LEAN_p4_m2048_n2048_k2048_q4_b1_C0_DEFAULT
discovery_overlap_r1_S03_COMPUTE_LEAN_p4_m2048_n2048_k2048_q4_h0_C0_DEFAULT	discovery_overlap	1	4	S03_COMPUTE_LEAN	2048	2048	2048	4	h0	C0_DEFAULT	0	2026-08-31T10:34:40Z	2026-08-31T10:34:52Z	/root/private_data/lyc/2ndpaper/results/k500sm_ai_gfx928_4gpu/phase1_release_20260831_100100/cases/discovery_overlap_r1_S03_COMPUTE_LEAN_p4_m2048_n2048_k2048_q4_h0_C0_DEFAULT
discovery_overlap_r1_S03_COMPUTE_LEAN_p4_m2048_n2048_k2048_q4_b1_C1_RING_SIMPLE_CH4	discovery_overlap	1	4	S03_COMPUTE_LEAN	2048	2048	2048	4	b1	C1_RING_SIMPLE_CH4	0	2026-08-31T10:34:52Z	2026-08-31T10:35:04Z	/root/private_data/lyc/2ndpaper/results/k500sm_ai_gfx928_4gpu/phase1_release_20260831_100100/cases/discovery_overlap_r1_S03_COMPUTE_LEAN_p4_m2048_n2048_k2048_q4_b1_C1_RING_SIMPLE_CH4
discovery_overlap_r1_S03_COMPUTE_LEAN_p4_m2048_n2048_k2048_q4_h0_C1_RING_SIMPLE_CH4	discovery_overlap	1	4	S03_COMPUTE_LEAN	2048	2048	2048	4	h0	C1_RING_SIMPLE_CH4	0	2026-08-31T10:35:05Z	2026-08-31T10:35:17Z	/root/private_data/lyc/2ndpaper/results/k500sm_ai_gfx928_4gpu/phase1_release_20260831_100100/cases/discovery_overlap_r1_S03_COMPUTE_LEAN_p4_m2048_n2048_k2048_q4_h0_C1_RING_SIMPLE_CH4
discovery_overlap_r1_S03_COMPUTE_LEAN_p4_m2048_n2048_k2048_q4_b1_C2_RING_SIMPLE_CH8	discovery_overlap	1	4	S03_COMPUTE_LEAN	2048	2048	2048	4	b1	C2_RING_SIMPLE_CH8	0	2026-08-31T10:35:17Z	2026-08-31T10:35:30Z	/root/private_data/lyc/2ndpaper/results/k500sm_ai_gfx928_4gpu/phase1_release_20260831_100100/cases/discovery_overlap_r1_S03_COMPUTE_LEAN_p4_m2048_n2048_k2048_q4_b1_C2_RING_SIMPLE_CH8
discovery_overlap_r1_S03_COMPUTE_LEAN_p4_m2048_n2048_k2048_q4_h0_C2_RING_SIMPLE_CH8	discovery_overlap	1	4	S03_COMPUTE_LEAN	2048	2048	2048	4	h0	C2_RING_SIMPLE_CH8	0	2026-08-31T10:35:30Z	2026-08-31T10:35:43Z	/root/private_data/lyc/2ndpaper/results/k500sm_ai_gfx928_4gpu/phase1_release_20260831_100100/cases/discovery_overlap_r1_S03_COMPUTE_LEAN_p4_m2048_n2048_k2048_q4_h0_C2_RING_SIMPLE_CH8
discovery_overlap_r1_S03_COMPUTE_LEAN_p4_m2048_n2048_k2048_q8_b1_C0_DEFAULT	discovery_overlap	1	4	S03_COMPUTE_LEAN	2048	2048	2048	8	b1	C0_DEFAULT	0	2026-08-31T10:35:43Z	2026-08-31T10:35:55Z	/root/private_data/lyc/2ndpaper/results/k500sm_ai_gfx928_4gpu/phase1_release_20260831_100100/cases/discovery_overlap_r1_S03_COMPUTE_LEAN_p4_m2048_n2048_k2048_q8_b1_C0_DEFAULT
discovery_overlap_r1_S03_COMPUTE_LEAN_p4_m2048_n2048_k2048_q8_h0_C0_DEFAULT	discovery_overlap	1	4	S03_COMPUTE_LEAN	2048	2048	2048	8	h0	C0_DEFAULT	0	2026-08-31T10:35:55Z	2026-08-31T10:36:08Z	/root/private_data/lyc/2ndpaper/results/k500sm_ai_gfx928_4gpu/phase1_release_20260831_100100/cases/discovery_overlap_r1_S03_COMPUTE_LEAN_p4_m2048_n2048_k2048_q8_h0_C0_DEFAULT
discovery_overlap_r1_S03_COMPUTE_LEAN_p4_m2048_n2048_k2048_q8_b1_C1_RING_SIMPLE_CH4	discovery_overlap	1	4	S03_COMPUTE_LEAN	2048	2048	2048	8	b1	C1_RING_SIMPLE_CH4	0	2026-08-31T10:36:08Z	2026-08-31T10:36:21Z	/root/private_data/lyc/2ndpaper/results/k500sm_ai_gfx928_4gpu/phase1_release_20260831_100100/cases/discovery_overlap_r1_S03_COMPUTE_LEAN_p4_m2048_n2048_k2048_q8_b1_C1_RING_SIMPLE_CH4
discovery_overlap_r1_S03_COMPUTE_LEAN_p4_m2048_n2048_k2048_q8_h0_C1_RING_SIMPLE_CH4	discovery_overlap	1	4	S03_COMPUTE_LEAN	2048	2048	2048	8	h0	C1_RING_SIMPLE_CH4	0	2026-08-31T10:36:21Z	2026-08-31T10:36:33Z	/root/private_data/lyc/2ndpaper/results/k500sm_ai_gfx928_4gpu/phase1_release_20260831_100100/cases/discovery_overlap_r1_S03_COMPUTE_LEAN_p4_m2048_n2048_k2048_q8_h0_C1_RING_SIMPLE_CH4
discovery_overlap_r1_S03_COMPUTE_LEAN_p4_m2048_n2048_k2048_q8_b1_C2_RING_SIMPLE_CH8	discovery_overlap	1	4	S03_COMPUTE_LEAN	2048	2048	2048	8	b1	C2_RING_SIMPLE_CH8	0	2026-08-31T10:36:33Z	2026-08-31T10:36:46Z	/root/private_data/lyc/2ndpaper/results/k500sm_ai_gfx928_4gpu/phase1_release_20260831_100100/cases/discovery_overlap_r1_S03_COMPUTE_LEAN_p4_m2048_n2048_k2048_q8_b1_C2_RING_SIMPLE_CH8
discovery_overlap_r1_S03_COMPUTE_LEAN_p4_m2048_n2048_k2048_q8_h0_C2_RING_SIMPLE_CH8	discovery_overlap	1	4	S03_COMPUTE_LEAN	2048	2048	2048	8	h0	C2_RING_SIMPLE_CH8	0	2026-08-31T10:36:46Z	2026-08-31T10:36:59Z	/root/private_data/lyc/2ndpaper/results/k500sm_ai_gfx928_4gpu/phase1_release_20260831_100100/cases/discovery_overlap_r1_S03_COMPUTE_LEAN_p4_m2048_n2048_k2048_q8_h0_C2_RING_SIMPLE_CH8
discovery_b0_r2_S03_COMPUTE_LEAN_p4_m2048_n2048_k2048_q1_b0_C0_DEFAULT	discovery_b0	2	4	S03_COMPUTE_LEAN	2048	2048	2048	1	b0	C0_DEFAULT	0	2026-08-31T10:36:59Z	2026-08-31T10:37:11Z	/root/private_data/lyc/2ndpaper/results/k500sm_ai_gfx928_4gpu/phase1_release_20260831_100100/cases/discovery_b0_r2_S03_COMPUTE_LEAN_p4_m2048_n2048_k2048_q1_b0_C0_DEFAULT
discovery_overlap_r2_S03_COMPUTE_LEAN_p4_m2048_n2048_k2048_q1_b1_C0_DEFAULT	discovery_overlap	2	4	S03_COMPUTE_LEAN	2048	2048	2048	1	b1	C0_DEFAULT	0	2026-08-31T10:37:12Z	2026-08-31T10:37:24Z	/root/private_data/lyc/2ndpaper/results/k500sm_ai_gfx928_4gpu/phase1_release_20260831_100100/cases/discovery_overlap_r2_S03_COMPUTE_LEAN_p4_m2048_n2048_k2048_q1_b1_C0_DEFAULT
discovery_overlap_r2_S03_COMPUTE_LEAN_p4_m2048_n2048_k2048_q1_h0_C0_DEFAULT	discovery_overlap	2	4	S03_COMPUTE_LEAN	2048	2048	2048	1	h0	C0_DEFAULT	0	2026-08-31T10:37:24Z	2026-08-31T10:37:36Z	/root/private_data/lyc/2ndpaper/results/k500sm_ai_gfx928_4gpu/phase1_release_20260831_100100/cases/discovery_overlap_r2_S03_COMPUTE_LEAN_p4_m2048_n2048_k2048_q1_h0_C0_DEFAULT
discovery_overlap_r2_S03_COMPUTE_LEAN_p4_m2048_n2048_k2048_q1_b1_C1_RING_SIMPLE_CH4	discovery_overlap	2	4	S03_COMPUTE_LEAN	2048	2048	2048	1	b1	C1_RING_SIMPLE_CH4	0	2026-08-31T10:37:36Z	2026-08-31T10:37:49Z	/root/private_data/lyc/2ndpaper/results/k500sm_ai_gfx928_4gpu/phase1_release_20260831_100100/cases/discovery_overlap_r2_S03_COMPUTE_LEAN_p4_m2048_n2048_k2048_q1_b1_C1_RING_SIMPLE_CH4
discovery_overlap_r2_S03_COMPUTE_LEAN_p4_m2048_n2048_k2048_q1_h0_C1_RING_SIMPLE_CH4	discovery_overlap	2	4	S03_COMPUTE_LEAN	2048	2048	2048	1	h0	C1_RING_SIMPLE_CH4	0	2026-08-31T10:37:49Z	2026-08-31T10:38:01Z	/root/private_data/lyc/2ndpaper/results/k500sm_ai_gfx928_4gpu/phase1_release_20260831_100100/cases/discovery_overlap_r2_S03_COMPUTE_LEAN_p4_m2048_n2048_k2048_q1_h0_C1_RING_SIMPLE_CH4
discovery_overlap_r2_S03_COMPUTE_LEAN_p4_m2048_n2048_k2048_q1_b1_C2_RING_SIMPLE_CH8	discovery_overlap	2	4	S03_COMPUTE_LEAN	2048	2048	2048	1	b1	C2_RING_SIMPLE_CH8	0	2026-08-31T10:38:01Z	2026-08-31T10:38:14Z	/root/private_data/lyc/2ndpaper/results/k500sm_ai_gfx928_4gpu/phase1_release_20260831_100100/cases/discovery_overlap_r2_S03_COMPUTE_LEAN_p4_m2048_n2048_k2048_q1_b1_C2_RING_SIMPLE_CH8
discovery_overlap_r2_S03_COMPUTE_LEAN_p4_m2048_n2048_k2048_q1_h0_C2_RING_SIMPLE_CH8	discovery_overlap	2	4	S03_COMPUTE_LEAN	2048	2048	2048	1	h0	C2_RING_SIMPLE_CH8	0	2026-08-31T10:38:14Z	2026-08-31T10:38:27Z	/root/private_data/lyc/2ndpaper/results/k500sm_ai_gfx928_4gpu/phase1_release_20260831_100100/cases/discovery_overlap_r2_S03_COMPUTE_LEAN_p4_m2048_n2048_k2048_q1_h0_C2_RING_SIMPLE_CH8
discovery_overlap_r2_S03_COMPUTE_LEAN_p4_m2048_n2048_k2048_q2_b1_C0_DEFAULT	discovery_overlap	2	4	S03_COMPUTE_LEAN	2048	2048	2048	2	b1	C0_DEFAULT	0	2026-08-31T10:38:27Z	2026-08-31T10:38:39Z	/root/private_data/lyc/2ndpaper/results/k500sm_ai_gfx928_4gpu/phase1_release_20260831_100100/cases/discovery_overlap_r2_S03_COMPUTE_LEAN_p4_m2048_n2048_k2048_q2_b1_C0_DEFAULT
discovery_overlap_r2_S03_COMPUTE_LEAN_p4_m2048_n2048_k2048_q2_h0_C0_DEFAULT	discovery_overlap	2	4	S03_COMPUTE_LEAN	2048	2048	2048	2	h0	C0_DEFAULT	0	2026-08-31T10:38:39Z	2026-08-31T10:38:52Z	/root/private_data/lyc/2ndpaper/results/k500sm_ai_gfx928_4gpu/phase1_release_20260831_100100/cases/discovery_overlap_r2_S03_COMPUTE_LEAN_p4_m2048_n2048_k2048_q2_h0_C0_DEFAULT
discovery_overlap_r2_S03_COMPUTE_LEAN_p4_m2048_n2048_k2048_q2_b1_C1_RING_SIMPLE_CH4	discovery_overlap	2	4	S03_COMPUTE_LEAN	2048	2048	2048	2	b1	C1_RING_SIMPLE_CH4	0	2026-08-31T10:38:52Z	2026-08-31T10:39:04Z	/root/private_data/lyc/2ndpaper/results/k500sm_ai_gfx928_4gpu/phase1_release_20260831_100100/cases/discovery_overlap_r2_S03_COMPUTE_LEAN_p4_m2048_n2048_k2048_q2_b1_C1_RING_SIMPLE_CH4
discovery_overlap_r2_S03_COMPUTE_LEAN_p4_m2048_n2048_k2048_q2_h0_C1_RING_SIMPLE_CH4	discovery_overlap	2	4	S03_COMPUTE_LEAN	2048	2048	2048	2	h0	C1_RING_SIMPLE_CH4	0	2026-08-31T10:39:04Z	2026-08-31T10:39:16Z	/root/private_data/lyc/2ndpaper/results/k500sm_ai_gfx928_4gpu/phase1_release_20260831_100100/cases/discovery_overlap_r2_S03_COMPUTE_LEAN_p4_m2048_n2048_k2048_q2_h0_C1_RING_SIMPLE_CH4
discovery_overlap_r2_S03_COMPUTE_LEAN_p4_m2048_n2048_k2048_q2_b1_C2_RING_SIMPLE_CH8	discovery_overlap	2	4	S03_COMPUTE_LEAN	2048	2048	2048	2	b1	C2_RING_SIMPLE_CH8	0	2026-08-31T10:39:16Z	2026-08-31T10:39:29Z	/root/private_data/lyc/2ndpaper/results/k500sm_ai_gfx928_4gpu/phase1_release_20260831_100100/cases/discovery_overlap_r2_S03_COMPUTE_LEAN_p4_m2048_n2048_k2048_q2_b1_C2_RING_SIMPLE_CH8
discovery_overlap_r2_S03_COMPUTE_LEAN_p4_m2048_n2048_k2048_q2_h0_C2_RING_SIMPLE_CH8	discovery_overlap	2	4	S03_COMPUTE_LEAN	2048	2048	2048	2	h0	C2_RING_SIMPLE_CH8	0	2026-08-31T10:39:29Z	2026-08-31T10:39:42Z	/root/private_data/lyc/2ndpaper/results/k500sm_ai_gfx928_4gpu/phase1_release_20260831_100100/cases/discovery_overlap_r2_S03_COMPUTE_LEAN_p4_m2048_n2048_k2048_q2_h0_C2_RING_SIMPLE_CH8
discovery_overlap_r2_S03_COMPUTE_LEAN_p4_m2048_n2048_k2048_q4_b1_C0_DEFAULT	discovery_overlap	2	4	S03_COMPUTE_LEAN	2048	2048	2048	4	b1	C0_DEFAULT	0	2026-08-31T10:39:42Z	2026-08-31T10:39:55Z	/root/private_data/lyc/2ndpaper/results/k500sm_ai_gfx928_4gpu/phase1_release_20260831_100100/cases/discovery_overlap_r2_S03_COMPUTE_LEAN_p4_m2048_n2048_k2048_q4_b1_C0_DEFAULT
discovery_overlap_r2_S03_COMPUTE_LEAN_p4_m2048_n2048_k2048_q4_h0_C0_DEFAULT	discovery_overlap	2	4	S03_COMPUTE_LEAN	2048	2048	2048	4	h0	C0_DEFAULT	0	2026-08-31T10:39:55Z	2026-08-31T10:40:07Z	/root/private_data/lyc/2ndpaper/results/k500sm_ai_gfx928_4gpu/phase1_release_20260831_100100/cases/discovery_overlap_r2_S03_COMPUTE_LEAN_p4_m2048_n2048_k2048_q4_h0_C0_DEFAULT
discovery_overlap_r2_S03_COMPUTE_LEAN_p4_m2048_n2048_k2048_q4_b1_C1_RING_SIMPLE_CH4	discovery_overlap	2	4	S03_COMPUTE_LEAN	2048	2048	2048	4	b1	C1_RING_SIMPLE_CH4	0	2026-08-31T10:40:07Z	2026-08-31T10:40:20Z	/root/private_data/lyc/2ndpaper/results/k500sm_ai_gfx928_4gpu/phase1_release_20260831_100100/cases/discovery_overlap_r2_S03_COMPUTE_LEAN_p4_m2048_n2048_k2048_q4_b1_C1_RING_SIMPLE_CH4
discovery_overlap_r2_S03_COMPUTE_LEAN_p4_m2048_n2048_k2048_q4_h0_C1_RING_SIMPLE_CH4	discovery_overlap	2	4	S03_COMPUTE_LEAN	2048	2048	2048	4	h0	C1_RING_SIMPLE_CH4	0	2026-08-31T10:40:20Z	2026-08-31T10:40:32Z	/root/private_data/lyc/2ndpaper/results/k500sm_ai_gfx928_4gpu/phase1_release_20260831_100100/cases/discovery_overlap_r2_S03_COMPUTE_LEAN_p4_m2048_n2048_k2048_q4_h0_C1_RING_SIMPLE_CH4
discovery_overlap_r2_S03_COMPUTE_LEAN_p4_m2048_n2048_k2048_q4_b1_C2_RING_SIMPLE_CH8	discovery_overlap	2	4	S03_COMPUTE_LEAN	2048	2048	2048	4	b1	C2_RING_SIMPLE_CH8	0	2026-08-31T10:40:32Z	2026-08-31T10:40:45Z	/root/private_data/lyc/2ndpaper/results/k500sm_ai_gfx928_4gpu/phase1_release_20260831_100100/cases/discovery_overlap_r2_S03_COMPUTE_LEAN_p4_m2048_n2048_k2048_q4_b1_C2_RING_SIMPLE_CH8
discovery_overlap_r2_S03_COMPUTE_LEAN_p4_m2048_n2048_k2048_q4_h0_C2_RING_SIMPLE_CH8	discovery_overlap	2	4	S03_COMPUTE_LEAN	2048	2048	2048	4	h0	C2_RING_SIMPLE_CH8	0	2026-08-31T10:40:45Z	2026-08-31T10:40:58Z	/root/private_data/lyc/2ndpaper/results/k500sm_ai_gfx928_4gpu/phase1_release_20260831_100100/cases/discovery_overlap_r2_S03_COMPUTE_LEAN_p4_m2048_n2048_k2048_q4_h0_C2_RING_SIMPLE_CH8
discovery_overlap_r2_S03_COMPUTE_LEAN_p4_m2048_n2048_k2048_q8_b1_C0_DEFAULT	discovery_overlap	2	4	S03_COMPUTE_LEAN	2048	2048	2048	8	b1	C0_DEFAULT	0	2026-08-31T10:40:58Z	2026-08-31T10:41:10Z	/root/private_data/lyc/2ndpaper/results/k500sm_ai_gfx928_4gpu/phase1_release_20260831_100100/cases/discovery_overlap_r2_S03_COMPUTE_LEAN_p4_m2048_n2048_k2048_q8_b1_C0_DEFAULT
discovery_overlap_r2_S03_COMPUTE_LEAN_p4_m2048_n2048_k2048_q8_h0_C0_DEFAULT	discovery_overlap	2	4	S03_COMPUTE_LEAN	2048	2048	2048	8	h0	C0_DEFAULT	0	2026-08-31T10:41:10Z	2026-08-31T10:41:23Z	/root/private_data/lyc/2ndpaper/results/k500sm_ai_gfx928_4gpu/phase1_release_20260831_100100/cases/discovery_overlap_r2_S03_COMPUTE_LEAN_p4_m2048_n2048_k2048_q8_h0_C0_DEFAULT
discovery_overlap_r2_S03_COMPUTE_LEAN_p4_m2048_n2048_k2048_q8_b1_C1_RING_SIMPLE_CH4	discovery_overlap	2	4	S03_COMPUTE_LEAN	2048	2048	2048	8	b1	C1_RING_SIMPLE_CH4	0	2026-08-31T10:41:23Z	2026-08-31T10:41:35Z	/root/private_data/lyc/2ndpaper/results/k500sm_ai_gfx928_4gpu/phase1_release_20260831_100100/cases/discovery_overlap_r2_S03_COMPUTE_LEAN_p4_m2048_n2048_k2048_q8_b1_C1_RING_SIMPLE_CH4
discovery_overlap_r2_S03_COMPUTE_LEAN_p4_m2048_n2048_k2048_q8_h0_C1_RING_SIMPLE_CH4	discovery_overlap	2	4	S03_COMPUTE_LEAN	2048	2048	2048	8	h0	C1_RING_SIMPLE_CH4	0	2026-08-31T10:41:35Z	2026-08-31T10:41:47Z	/root/private_data/lyc/2ndpaper/results/k500sm_ai_gfx928_4gpu/phase1_release_20260831_100100/cases/discovery_overlap_r2_S03_COMPUTE_LEAN_p4_m2048_n2048_k2048_q8_h0_C1_RING_SIMPLE_CH4
discovery_overlap_r2_S03_COMPUTE_LEAN_p4_m2048_n2048_k2048_q8_b1_C2_RING_SIMPLE_CH8	discovery_overlap	2	4	S03_COMPUTE_LEAN	2048	2048	2048	8	b1	C2_RING_SIMPLE_CH8	0	2026-08-31T10:41:47Z	2026-08-31T10:42:01Z	/root/private_data/lyc/2ndpaper/results/k500sm_ai_gfx928_4gpu/phase1_release_20260831_100100/cases/discovery_overlap_r2_S03_COMPUTE_LEAN_p4_m2048_n2048_k2048_q8_b1_C2_RING_SIMPLE_CH8
discovery_overlap_r2_S03_COMPUTE_LEAN_p4_m2048_n2048_k2048_q8_h0_C2_RING_SIMPLE_CH8	discovery_overlap	2	4	S03_COMPUTE_LEAN	2048	2048	2048	8	h0	C2_RING_SIMPLE_CH8	0	2026-08-31T10:42:01Z	2026-08-31T10:42:13Z	/root/private_data/lyc/2ndpaper/results/k500sm_ai_gfx928_4gpu/phase1_release_20260831_100100/cases/discovery_overlap_r2_S03_COMPUTE_LEAN_p4_m2048_n2048_k2048_q8_h0_C2_RING_SIMPLE_CH8
discovery_b0_r3_S03_COMPUTE_LEAN_p4_m2048_n2048_k2048_q1_b0_C0_DEFAULT	discovery_b0	3	4	S03_COMPUTE_LEAN	2048	2048	2048	1	b0	C0_DEFAULT	0	2026-08-31T10:42:14Z	2026-08-31T10:42:26Z	/root/private_data/lyc/2ndpaper/results/k500sm_ai_gfx928_4gpu/phase1_release_20260831_100100/cases/discovery_b0_r3_S03_COMPUTE_LEAN_p4_m2048_n2048_k2048_q1_b0_C0_DEFAULT
discovery_overlap_r3_S03_COMPUTE_LEAN_p4_m2048_n2048_k2048_q1_b1_C0_DEFAULT	discovery_overlap	3	4	S03_COMPUTE_LEAN	2048	2048	2048	1	b1	C0_DEFAULT	0	2026-08-31T10:42:26Z	2026-08-31T10:42:38Z	/root/private_data/lyc/2ndpaper/results/k500sm_ai_gfx928_4gpu/phase1_release_20260831_100100/cases/discovery_overlap_r3_S03_COMPUTE_LEAN_p4_m2048_n2048_k2048_q1_b1_C0_DEFAULT
discovery_overlap_r3_S03_COMPUTE_LEAN_p4_m2048_n2048_k2048_q1_h0_C0_DEFAULT	discovery_overlap	3	4	S03_COMPUTE_LEAN	2048	2048	2048	1	h0	C0_DEFAULT	0	2026-08-31T10:42:38Z	2026-08-31T10:42:51Z	/root/private_data/lyc/2ndpaper/results/k500sm_ai_gfx928_4gpu/phase1_release_20260831_100100/cases/discovery_overlap_r3_S03_COMPUTE_LEAN_p4_m2048_n2048_k2048_q1_h0_C0_DEFAULT
discovery_overlap_r3_S03_COMPUTE_LEAN_p4_m2048_n2048_k2048_q1_b1_C1_RING_SIMPLE_CH4	discovery_overlap	3	4	S03_COMPUTE_LEAN	2048	2048	2048	1	b1	C1_RING_SIMPLE_CH4	0	2026-08-31T10:42:51Z	2026-08-31T10:43:03Z	/root/private_data/lyc/2ndpaper/results/k500sm_ai_gfx928_4gpu/phase1_release_20260831_100100/cases/discovery_overlap_r3_S03_COMPUTE_LEAN_p4_m2048_n2048_k2048_q1_b1_C1_RING_SIMPLE_CH4
discovery_overlap_r3_S03_COMPUTE_LEAN_p4_m2048_n2048_k2048_q1_h0_C1_RING_SIMPLE_CH4	discovery_overlap	3	4	S03_COMPUTE_LEAN	2048	2048	2048	1	h0	C1_RING_SIMPLE_CH4	0	2026-08-31T10:43:03Z	2026-08-31T10:43:16Z	/root/private_data/lyc/2ndpaper/results/k500sm_ai_gfx928_4gpu/phase1_release_20260831_100100/cases/discovery_overlap_r3_S03_COMPUTE_LEAN_p4_m2048_n2048_k2048_q1_h0_C1_RING_SIMPLE_CH4
discovery_overlap_r3_S03_COMPUTE_LEAN_p4_m2048_n2048_k2048_q1_b1_C2_RING_SIMPLE_CH8	discovery_overlap	3	4	S03_COMPUTE_LEAN	2048	2048	2048	1	b1	C2_RING_SIMPLE_CH8	0	2026-08-31T10:43:16Z	2026-08-31T10:43:29Z	/root/private_data/lyc/2ndpaper/results/k500sm_ai_gfx928_4gpu/phase1_release_20260831_100100/cases/discovery_overlap_r3_S03_COMPUTE_LEAN_p4_m2048_n2048_k2048_q1_b1_C2_RING_SIMPLE_CH8
discovery_overlap_r3_S03_COMPUTE_LEAN_p4_m2048_n2048_k2048_q1_h0_C2_RING_SIMPLE_CH8	discovery_overlap	3	4	S03_COMPUTE_LEAN	2048	2048	2048	1	h0	C2_RING_SIMPLE_CH8	0	2026-08-31T10:43:29Z	2026-08-31T10:43:42Z	/root/private_data/lyc/2ndpaper/results/k500sm_ai_gfx928_4gpu/phase1_release_20260831_100100/cases/discovery_overlap_r3_S03_COMPUTE_LEAN_p4_m2048_n2048_k2048_q1_h0_C2_RING_SIMPLE_CH8
discovery_overlap_r3_S03_COMPUTE_LEAN_p4_m2048_n2048_k2048_q2_b1_C0_DEFAULT	discovery_overlap	3	4	S03_COMPUTE_LEAN	2048	2048	2048	2	b1	C0_DEFAULT	0	2026-08-31T10:43:42Z	2026-08-31T10:43:54Z	/root/private_data/lyc/2ndpaper/results/k500sm_ai_gfx928_4gpu/phase1_release_20260831_100100/cases/discovery_overlap_r3_S03_COMPUTE_LEAN_p4_m2048_n2048_k2048_q2_b1_C0_DEFAULT
discovery_overlap_r3_S03_COMPUTE_LEAN_p4_m2048_n2048_k2048_q2_h0_C0_DEFAULT	discovery_overlap	3	4	S03_COMPUTE_LEAN	2048	2048	2048	2	h0	C0_DEFAULT	0	2026-08-31T10:43:54Z	2026-08-31T10:44:06Z	/root/private_data/lyc/2ndpaper/results/k500sm_ai_gfx928_4gpu/phase1_release_20260831_100100/cases/discovery_overlap_r3_S03_COMPUTE_LEAN_p4_m2048_n2048_k2048_q2_h0_C0_DEFAULT
discovery_overlap_r3_S03_COMPUTE_LEAN_p4_m2048_n2048_k2048_q2_b1_C1_RING_SIMPLE_CH4	discovery_overlap	3	4	S03_COMPUTE_LEAN	2048	2048	2048	2	b1	C1_RING_SIMPLE_CH4	0	2026-08-31T10:44:06Z	2026-08-31T10:44:19Z	/root/private_data/lyc/2ndpaper/results/k500sm_ai_gfx928_4gpu/phase1_release_20260831_100100/cases/discovery_overlap_r3_S03_COMPUTE_LEAN_p4_m2048_n2048_k2048_q2_b1_C1_RING_SIMPLE_CH4
discovery_overlap_r3_S03_COMPUTE_LEAN_p4_m2048_n2048_k2048_q2_h0_C1_RING_SIMPLE_CH4	discovery_overlap	3	4	S03_COMPUTE_LEAN	2048	2048	2048	2	h0	C1_RING_SIMPLE_CH4	0	2026-08-31T10:44:19Z	2026-08-31T10:44:31Z	/root/private_data/lyc/2ndpaper/results/k500sm_ai_gfx928_4gpu/phase1_release_20260831_100100/cases/discovery_overlap_r3_S03_COMPUTE_LEAN_p4_m2048_n2048_k2048_q2_h0_C1_RING_SIMPLE_CH4
discovery_overlap_r3_S03_COMPUTE_LEAN_p4_m2048_n2048_k2048_q2_b1_C2_RING_SIMPLE_CH8	discovery_overlap	3	4	S03_COMPUTE_LEAN	2048	2048	2048	2	b1	C2_RING_SIMPLE_CH8	0	2026-08-31T10:44:31Z	2026-08-31T10:44:44Z	/root/private_data/lyc/2ndpaper/results/k500sm_ai_gfx928_4gpu/phase1_release_20260831_100100/cases/discovery_overlap_r3_S03_COMPUTE_LEAN_p4_m2048_n2048_k2048_q2_b1_C2_RING_SIMPLE_CH8
discovery_overlap_r3_S03_COMPUTE_LEAN_p4_m2048_n2048_k2048_q2_h0_C2_RING_SIMPLE_CH8	discovery_overlap	3	4	S03_COMPUTE_LEAN	2048	2048	2048	2	h0	C2_RING_SIMPLE_CH8	0	2026-08-31T10:44:44Z	2026-08-31T10:44:57Z	/root/private_data/lyc/2ndpaper/results/k500sm_ai_gfx928_4gpu/phase1_release_20260831_100100/cases/discovery_overlap_r3_S03_COMPUTE_LEAN_p4_m2048_n2048_k2048_q2_h0_C2_RING_SIMPLE_CH8
discovery_overlap_r3_S03_COMPUTE_LEAN_p4_m2048_n2048_k2048_q4_b1_C0_DEFAULT	discovery_overlap	3	4	S03_COMPUTE_LEAN	2048	2048	2048	4	b1	C0_DEFAULT	0	2026-08-31T10:44:57Z	2026-08-31T10:45:10Z	/root/private_data/lyc/2ndpaper/results/k500sm_ai_gfx928_4gpu/phase1_release_20260831_100100/cases/discovery_overlap_r3_S03_COMPUTE_LEAN_p4_m2048_n2048_k2048_q4_b1_C0_DEFAULT
discovery_overlap_r3_S03_COMPUTE_LEAN_p4_m2048_n2048_k2048_q4_h0_C0_DEFAULT	discovery_overlap	3	4	S03_COMPUTE_LEAN	2048	2048	2048	4	h0	C0_DEFAULT	0	2026-08-31T10:45:10Z	2026-08-31T10:45:22Z	/root/private_data/lyc/2ndpaper/results/k500sm_ai_gfx928_4gpu/phase1_release_20260831_100100/cases/discovery_overlap_r3_S03_COMPUTE_LEAN_p4_m2048_n2048_k2048_q4_h0_C0_DEFAULT
discovery_overlap_r3_S03_COMPUTE_LEAN_p4_m2048_n2048_k2048_q4_b1_C1_RING_SIMPLE_CH4	discovery_overlap	3	4	S03_COMPUTE_LEAN	2048	2048	2048	4	b1	C1_RING_SIMPLE_CH4	0	2026-08-31T10:45:22Z	2026-08-31T10:45:34Z	/root/private_data/lyc/2ndpaper/results/k500sm_ai_gfx928_4gpu/phase1_release_20260831_100100/cases/discovery_overlap_r3_S03_COMPUTE_LEAN_p4_m2048_n2048_k2048_q4_b1_C1_RING_SIMPLE_CH4
discovery_overlap_r3_S03_COMPUTE_LEAN_p4_m2048_n2048_k2048_q4_h0_C1_RING_SIMPLE_CH4	discovery_overlap	3	4	S03_COMPUTE_LEAN	2048	2048	2048	4	h0	C1_RING_SIMPLE_CH4	0	2026-08-31T10:45:34Z	2026-08-31T10:45:46Z	/root/private_data/lyc/2ndpaper/results/k500sm_ai_gfx928_4gpu/phase1_release_20260831_100100/cases/discovery_overlap_r3_S03_COMPUTE_LEAN_p4_m2048_n2048_k2048_q4_h0_C1_RING_SIMPLE_CH4
discovery_overlap_r3_S03_COMPUTE_LEAN_p4_m2048_n2048_k2048_q4_b1_C2_RING_SIMPLE_CH8	discovery_overlap	3	4	S03_COMPUTE_LEAN	2048	2048	2048	4	b1	C2_RING_SIMPLE_CH8	0	2026-08-31T10:45:47Z	2026-08-31T10:46:00Z	/root/private_data/lyc/2ndpaper/results/k500sm_ai_gfx928_4gpu/phase1_release_20260831_100100/cases/discovery_overlap_r3_S03_COMPUTE_LEAN_p4_m2048_n2048_k2048_q4_b1_C2_RING_SIMPLE_CH8
discovery_overlap_r3_S03_COMPUTE_LEAN_p4_m2048_n2048_k2048_q4_h0_C2_RING_SIMPLE_CH8	discovery_overlap	3	4	S03_COMPUTE_LEAN	2048	2048	2048	4	h0	C2_RING_SIMPLE_CH8	0	2026-08-31T10:46:00Z	2026-08-31T10:46:13Z	/root/private_data/lyc/2ndpaper/results/k500sm_ai_gfx928_4gpu/phase1_release_20260831_100100/cases/discovery_overlap_r3_S03_COMPUTE_LEAN_p4_m2048_n2048_k2048_q4_h0_C2_RING_SIMPLE_CH8
discovery_overlap_r3_S03_COMPUTE_LEAN_p4_m2048_n2048_k2048_q8_b1_C0_DEFAULT	discovery_overlap	3	4	S03_COMPUTE_LEAN	2048	2048	2048	8	b1	C0_DEFAULT	0	2026-08-31T10:46:13Z	2026-08-31T10:46:25Z	/root/private_data/lyc/2ndpaper/results/k500sm_ai_gfx928_4gpu/phase1_release_20260831_100100/cases/discovery_overlap_r3_S03_COMPUTE_LEAN_p4_m2048_n2048_k2048_q8_b1_C0_DEFAULT
discovery_overlap_r3_S03_COMPUTE_LEAN_p4_m2048_n2048_k2048_q8_h0_C0_DEFAULT	discovery_overlap	3	4	S03_COMPUTE_LEAN	2048	2048	2048	8	h0	C0_DEFAULT	0	2026-08-31T10:46:25Z	2026-08-31T10:46:38Z	/root/private_data/lyc/2ndpaper/results/k500sm_ai_gfx928_4gpu/phase1_release_20260831_100100/cases/discovery_overlap_r3_S03_COMPUTE_LEAN_p4_m2048_n2048_k2048_q8_h0_C0_DEFAULT
discovery_overlap_r3_S03_COMPUTE_LEAN_p4_m2048_n2048_k2048_q8_b1_C1_RING_SIMPLE_CH4	discovery_overlap	3	4	S03_COMPUTE_LEAN	2048	2048	2048	8	b1	C1_RING_SIMPLE_CH4	0	2026-08-31T10:46:38Z	2026-08-31T10:46:50Z	/root/private_data/lyc/2ndpaper/results/k500sm_ai_gfx928_4gpu/phase1_release_20260831_100100/cases/discovery_overlap_r3_S03_COMPUTE_LEAN_p4_m2048_n2048_k2048_q8_b1_C1_RING_SIMPLE_CH4
discovery_overlap_r3_S03_COMPUTE_LEAN_p4_m2048_n2048_k2048_q8_h0_C1_RING_SIMPLE_CH4	discovery_overlap	3	4	S03_COMPUTE_LEAN	2048	2048	2048	8	h0	C1_RING_SIMPLE_CH4	0	2026-08-31T10:46:50Z	2026-08-31T10:47:03Z	/root/private_data/lyc/2ndpaper/results/k500sm_ai_gfx928_4gpu/phase1_release_20260831_100100/cases/discovery_overlap_r3_S03_COMPUTE_LEAN_p4_m2048_n2048_k2048_q8_h0_C1_RING_SIMPLE_CH4
discovery_overlap_r3_S03_COMPUTE_LEAN_p4_m2048_n2048_k2048_q8_b1_C2_RING_SIMPLE_CH8	discovery_overlap	3	4	S03_COMPUTE_LEAN	2048	2048	2048	8	b1	C2_RING_SIMPLE_CH8	0	2026-08-31T10:47:03Z	2026-08-31T10:47:16Z	/root/private_data/lyc/2ndpaper/results/k500sm_ai_gfx928_4gpu/phase1_release_20260831_100100/cases/discovery_overlap_r3_S03_COMPUTE_LEAN_p4_m2048_n2048_k2048_q8_b1_C2_RING_SIMPLE_CH8
discovery_overlap_r3_S03_COMPUTE_LEAN_p4_m2048_n2048_k2048_q8_h0_C2_RING_SIMPLE_CH8	discovery_overlap	3	4	S03_COMPUTE_LEAN	2048	2048	2048	8	h0	C2_RING_SIMPLE_CH8	0	2026-08-31T10:47:16Z	2026-08-31T10:47:29Z	/root/private_data/lyc/2ndpaper/results/k500sm_ai_gfx928_4gpu/phase1_release_20260831_100100/cases/discovery_overlap_r3_S03_COMPUTE_LEAN_p4_m2048_n2048_k2048_q8_h0_C2_RING_SIMPLE_CH8
