case_id,phase,repetition,ranks,shape_id,m_local,n,k,q,path,candidate,status,sample_count,pass_count,raw_global_csv,e2e_p05,e2e_p50,e2e_p95,e2e_mean,e2e_std,e2e_cv,done_p05,done_p50,done_p95,release_first_p50,release_last_p50,gemm_interval_p50,release_window_ratio_p50,release_span_ratio_p50
capability_r1_CAP_p4_m512_n256_k1024_q1_comm_C0_DEFAULT,capability,1,4,CAP,512,256,1024,1,comm,C0_DEFAULT,0,10,10,/root/private_data/lyc/2ndpaper/results/k500sm_ai_gfx928_4gpu/phase1_release_20260831_100100/cases/capability_r1_CAP_p4_m512_n256_k1024_q1_comm_C0_DEFAULT/raw_global_samples.csv,566.111550,572.135000,585.191000,574.071100,6.944022,1.209610,560.583550,566.615000,579.823450,561.255000,561.255000,0.000000,0.960406,0.000000
capability_r1_CAP_p4_m512_n256_k1024_q1_comm_C1_RING_SIMPLE_CH4,capability,1,4,CAP,512,256,1024,1,comm,C1_RING_SIMPLE_CH4,0,10,10,/root/private_data/lyc/2ndpaper/results/k500sm_ai_gfx928_4gpu/phase1_release_20260831_100100/cases/capability_r1_CAP_p4_m512_n256_k1024_q1_comm_C1_RING_SIMPLE_CH4/raw_global_samples.csv,570.208000,574.207500,586.479000,576.495400,6.113771,1.060506,564.696000,568.768000,580.879450,563.248500,563.248500,0.000000,0.958746,0.000000
capability_r1_CAP_p4_m512_n256_k1024_q1_comm_C2_RING_SIMPLE_CH8,capability,1,4,CAP,512,256,1024,1,comm,C2_RING_SIMPLE_CH8,0,10,10,/root/private_data/lyc/2ndpaper/results/k500sm_ai_gfx928_4gpu/phase1_release_20260831_100100/cases/capability_r1_CAP_p4_m512_n256_k1024_q1_comm_C2_RING_SIMPLE_CH8/raw_global_samples.csv,562.736550,570.447500,579.799000,570.367900,5.994641,1.051013,557.136550,565.088000,574.359450,559.728000,559.728000,0.000000,0.960237,0.000000
discovery_b0_r1_S01_COMM_LEAN_p4_m2048_n128_k2048_q1_b0_C0_DEFAULT,discovery_b0,1,4,S01_COMM_LEAN,2048,128,2048,1,b0,C0_DEFAULT,0,50,50,/root/private_data/lyc/2ndpaper/results/k500sm_ai_gfx928_4gpu/phase1_release_20260831_100100/cases/discovery_b0_r1_S01_COMM_LEAN_p4_m2048_n128_k2048_q1_b0_C0_DEFAULT/raw_global_samples.csv,4300.738400,4332.876000,4355.387550,4330.525540,17.569013,0.405702,3986.335900,4009.855000,4034.597000,4003.695000,4003.695000,302.864000,0.148278,0.000000
discovery_b0_r1_S02_BALANCE_p4_m2048_n512_k2048_q1_b0_C0_DEFAULT,discovery_b0,1,4,S02_BALANCE,2048,512,2048,1,b0,C0_DEFAULT,0,50,50,/root/private_data/lyc/2ndpaper/results/k500sm_ai_gfx928_4gpu/phase1_release_20260831_100100/cases/discovery_b0_r1_S02_BALANCE_p4_m2048_n512_k2048_q1_b0_C0_DEFAULT/raw_global_samples.csv,4792.019000,4828.289000,4867.566900,4833.543860,38.182099,0.789940,3992.320000,4023.374500,4053.988000,4017.455000,4017.455000,793.235000,0.151153,0.000000
discovery_b0_r1_S03_COMPUTE_LEAN_p4_m2048_n2048_k2048_q1_b0_C0_DEFAULT,discovery_b0,1,4,S03_COMPUTE_LEAN,2048,2048,2048,1,b0,C0_DEFAULT,0,50,50,/root/private_data/lyc/2ndpaper/results/k500sm_ai_gfx928_4gpu/phase1_release_20260831_100100/cases/discovery_b0_r1_S03_COMPUTE_LEAN_p4_m2048_n2048_k2048_q1_b0_C0_DEFAULT/raw_global_samples.csv,6110.639050,6136.941000,6185.212450,6186.957580,340.000797,5.495444,3985.384000,4007.854500,4054.868000,4001.935500,4001.935500,2122.604500,0.151582,0.000000
discovery_b0_r2_S01_COMM_LEAN_p4_m2048_n128_k2048_q1_b0_C0_DEFAULT,discovery_b0,2,4,S01_COMM_LEAN,2048,128,2048,1,b0,C0_DEFAULT,0,50,50,/root/private_data/lyc/2ndpaper/results/k500sm_ai_gfx928_4gpu/phase1_release_20260831_100100/cases/discovery_b0_r2_S01_COMM_LEAN_p4_m2048_n128_k2048_q1_b0_C0_DEFAULT/raw_global_samples.csv,4304.669450,4327.040000,4368.449550,4374.687340,315.209934,7.205313,3990.378350,4014.581000,4045.554100,4008.418500,4008.418500,302.934500,0.150538,0.000000
discovery_b0_r2_S02_BALANCE_p4_m2048_n512_k2048_q1_b0_C0_DEFAULT,discovery_b0,2,4,S02_BALANCE,2048,512,2048,1,b0,C0_DEFAULT,0,50,50,/root/private_data/lyc/2ndpaper/results/k500sm_ai_gfx928_4gpu/phase1_release_20260831_100100/cases/discovery_b0_r2_S02_BALANCE_p4_m2048_n512_k2048_q1_b0_C0_DEFAULT/raw_global_samples.csv,4796.238950,4817.398000,4856.303550,4871.055660,362.154047,7.434816,3991.444700,4012.045000,4041.096100,4005.963000,4005.963000,792.388500,0.148170,0.000000
discovery_b0_r2_S03_COMPUTE_LEAN_p4_m2048_n2048_k2048_q1_b0_C0_DEFAULT,discovery_b0,2,4,S03_COMPUTE_LEAN,2048,2048,2048,1,b0,C0_DEFAULT,0,50,50,/root/private_data/lyc/2ndpaper/results/k500sm_ai_gfx928_4gpu/phase1_release_20260831_100100/cases/discovery_b0_r2_S03_COMPUTE_LEAN_p4_m2048_n2048_k2048_q1_b0_C0_DEFAULT/raw_global_samples.csv,6106.827000,6136.140500,6171.356550,6137.217020,20.418695,0.332703,3982.755400,4011.055000,4045.988450,4005.455000,4005.455000,2118.682500,0.152130,0.000000
discovery_b0_r3_S01_COMM_LEAN_p4_m2048_n128_k2048_q1_b0_C0_DEFAULT,discovery_b0,3,4,S01_COMM_LEAN,2048,128,2048,1,b0,C0_DEFAULT,0,50,50,/root/private_data/lyc/2ndpaper/results/k500sm_ai_gfx928_4gpu/phase1_release_20260831_100100/cases/discovery_b0_r3_S01_COMM_LEAN_p4_m2048_n128_k2048_q1_b0_C0_DEFAULT/raw_global_samples.csv,4301.534000,4327.437500,4373.458450,4416.597560,427.956804,9.689740,3982.000000,4009.935000,4055.444450,4004.095000,4004.095000,302.863000,0.148452,0.000000
discovery_b0_r3_S02_BALANCE_p4_m2048_n512_k2048_q1_b0_C0_DEFAULT,discovery_b0,3,4,S02_BALANCE,2048,512,2048,1,b0,C0_DEFAULT,0,50,50,/root/private_data/lyc/2ndpaper/results/k500sm_ai_gfx928_4gpu/phase1_release_20260831_100100/cases/discovery_b0_r3_S02_BALANCE_p4_m2048_n512_k2048_q1_b0_C0_DEFAULT/raw_global_samples.csv,4797.818550,4815.089500,4874.813450,4866.306100,301.827567,6.202396,3997.258600,4009.535000,4049.620000,4003.854500,4003.854500,792.755500,0.151572,0.000000
discovery_b0_r3_S03_COMPUTE_LEAN_p4_m2048_n2048_k2048_q1_b0_C0_DEFAULT,discovery_b0,3,4,S03_COMPUTE_LEAN,2048,2048,2048,1,b0,C0_DEFAULT,0,50,50,/root/private_data/lyc/2ndpaper/results/k500sm_ai_gfx928_4gpu/phase1_release_20260831_100100/cases/discovery_b0_r3_S03_COMPUTE_LEAN_p4_m2048_n2048_k2048_q1_b0_C0_DEFAULT/raw_global_samples.csv,6122.195550,6143.894500,6195.771450,6189.884780,301.366467,4.868693,3989.432000,4019.134000,4068.947000,4013.054500,4013.054500,2122.522500,0.155032,0.000000
discovery_comm_r1_S01_COMM_LEAN_p4_m2048_n128_k2048_q1_comm_C0_DEFAULT,discovery_comm,1,4,S01_COMM_LEAN,2048,128,2048,1,comm,C0_DEFAULT,0,50,50,/root/private_data/lyc/2ndpaper/results/k500sm_ai_gfx928_4gpu/phase1_release_20260831_100100/cases/discovery_comm_r1_S01_COMM_LEAN_p4_m2048_n128_k2048_q1_comm_C0_DEFAULT/raw_global_samples.csv,3888.573550,3911.060500,3924.539000,3954.195520,324.043345,8.194925,3882.973550,3905.540500,3919.099450,3899.941500,3899.941500,0.000000,0.143043,0.000000
discovery_comm_r1_S01_COMM_LEAN_p4_m2048_n128_k2048_q1_comm_C1_RING_SIMPLE_CH4,discovery_comm,1,4,S01_COMM_LEAN,2048,128,2048,1,comm,C1_RING_SIMPLE_CH4,0,50,50,/root/private_data/lyc/2ndpaper/results/k500sm_ai_gfx928_4gpu/phase1_release_20260831_100100/cases/discovery_comm_r1_S01_COMM_LEAN_p4_m2048_n128_k2048_q1_comm_C1_RING_SIMPLE_CH4/raw_global_samples.csv,3887.382000,3911.380500,3934.331450,3910.738600,14.866196,0.380138,3881.782000,3905.940500,3928.820000,3900.421500,3900.421500,0.000000,0.139654,0.000000
discovery_comm_r1_S01_COMM_LEAN_p4_m2048_n128_k2048_q1_comm_C2_RING_SIMPLE_CH8,discovery_comm,1,4,S01_COMM_LEAN,2048,128,2048,1,comm,C2_RING_SIMPLE_CH8,0,50,50,/root/private_data/lyc/2ndpaper/results/k500sm_ai_gfx928_4gpu/phase1_release_20260831_100100/cases/discovery_comm_r1_S01_COMM_LEAN_p4_m2048_n128_k2048_q1_comm_C2_RING_SIMPLE_CH8/raw_global_samples.csv,3824.931700,3836.104500,3857.063450,3837.852380,9.928092,0.258689,3819.492700,3830.505000,3851.391450,3825.065500,3825.065500,0.000000,0.142248,0.000000
discovery_comm_r1_S01_COMM_LEAN_p4_m2048_n128_k2048_q2_comm_C0_DEFAULT,discovery_comm,1,4,S01_COMM_LEAN,2048,128,2048,2,comm,C0_DEFAULT,0,50,50,/root/private_data/lyc/2ndpaper/results/k500sm_ai_gfx928_4gpu/phase1_release_20260831_100100/cases/discovery_comm_r1_S01_COMM_LEAN_p4_m2048_n128_k2048_q2_comm_C0_DEFAULT/raw_global_samples.csv,3954.698000,3961.297000,3970.529000,3961.704320,5.024678,0.126831,3949.186000,3955.697500,3965.017000,1977.809000,3950.337500,0.000000,49.995964,49.857408
discovery_comm_r1_S01_COMM_LEAN_p4_m2048_n128_k2048_q2_comm_C1_RING_SIMPLE_CH4,discovery_comm,1,4,S01_COMM_LEAN,2048,128,2048,2,comm,C1_RING_SIMPLE_CH4,0,50,50,/root/private_data/lyc/2ndpaper/results/k500sm_ai_gfx928_4gpu/phase1_release_20260831_100100/cases/discovery_comm_r1_S01_COMM_LEAN_p4_m2048_n128_k2048_q2_comm_C1_RING_SIMPLE_CH4/raw_global_samples.csv,3948.938000,3957.777500,3966.345000,3957.921920,5.433529,0.137282,3943.482450,3952.258500,3960.745450,1974.929000,3946.739000,0.000000,50.030344,49.892708
discovery_comm_r1_S01_COMM_LEAN_p4_m2048_n128_k2048_q2_comm_C2_RING_SIMPLE_CH8,discovery_comm,1,4,S01_COMM_LEAN,2048,128,2048,2,comm,C2_RING_SIMPLE_CH8,0,50,50,/root/private_data/lyc/2ndpaper/results/k500sm_ai_gfx928_4gpu/phase1_release_20260831_100100/cases/discovery_comm_r1_S01_COMM_LEAN_p4_m2048_n128_k2048_q2_comm_C2_RING_SIMPLE_CH8/raw_global_samples.csv,3883.341550,3896.821500,3955.285750,3989.485060,438.550356,10.992656,3877.830000,3891.302000,3949.686750,1945.010500,3885.862500,0.000000,50.012359,49.870280
discovery_comm_r1_S01_COMM_LEAN_p4_m2048_n128_k2048_q4_comm_C0_DEFAULT,discovery_comm,1,4,S01_COMM_LEAN,2048,128,2048,4,comm,C0_DEFAULT,0,50,50,/root/private_data/lyc/2ndpaper/results/k500sm_ai_gfx928_4gpu/phase1_release_20260831_100100/cases/discovery_comm_r1_S01_COMM_LEAN_p4_m2048_n128_k2048_q4_comm_C0_DEFAULT/raw_global_samples.csv,4026.406000,4030.333500,4041.557000,4031.537180,5.154499,0.127854,4020.950550,4024.974500,4036.045550,1007.783000,4019.534500,0.000000,74.961229,74.824486
discovery_comm_r1_S01_COMM_LEAN_p4_m2048_n128_k2048_q4_comm_C1_RING_SIMPLE_CH4,discovery_comm,1,4,S01_COMM_LEAN,2048,128,2048,4,comm,C1_RING_SIMPLE_CH4,0,50,50,/root/private_data/lyc/2ndpaper/results/k500sm_ai_gfx928_4gpu/phase1_release_20260831_100100/cases/discovery_comm_r1_S01_COMM_LEAN_p4_m2048_n128_k2048_q4_comm_C1_RING_SIMPLE_CH4/raw_global_samples.csv,4026.653450,4031.853500,4053.244000,4034.589180,7.797375,0.193263,4021.197550,4026.333500,4047.804450,1008.423000,4020.893500,0.000000,74.942826,74.807125
discovery_comm_r1_S01_COMM_LEAN_p4_m2048_n128_k2048_q4_comm_C2_RING_SIMPLE_CH8,discovery_comm,1,4,S01_COMM_LEAN,2048,128,2048,4,comm,C2_RING_SIMPLE_CH8,0,50,50,/root/private_data/lyc/2ndpaper/results/k500sm_ai_gfx928_4gpu/phase1_release_20260831_100100/cases/discovery_comm_r1_S01_COMM_LEAN_p4_m2048_n128_k2048_q4_comm_C2_RING_SIMPLE_CH8/raw_global_samples.csv,3973.332000,3979.025500,4005.298650,3989.419460,52.720779,1.321515,3967.731000,3973.584500,3999.770100,995.940000,3968.063500,0.000000,74.935000,74.796436
discovery_comm_r1_S01_COMM_LEAN_p4_m2048_n128_k2048_q8_comm_C0_DEFAULT,discovery_comm,1,4,S01_COMM_LEAN,2048,128,2048,8,comm,C0_DEFAULT,0,50,50,/root/private_data/lyc/2ndpaper/results/k500sm_ai_gfx928_4gpu/phase1_release_20260831_100100/cases/discovery_comm_r1_S01_COMM_LEAN_p4_m2048_n128_k2048_q8_comm_C0_DEFAULT/raw_global_samples.csv,4190.060900,4196.324500,4205.652000,4240.376740,312.067010,7.359417,4184.621450,4190.645000,4200.212000,526.770500,4185.125000,0.000000,87.424829,87.296338
discovery_comm_r1_S01_COMM_LEAN_p4_m2048_n128_k2048_q8_comm_C1_RING_SIMPLE_CH4,discovery_comm,1,4,S01_COMM_LEAN,2048,128,2048,8,comm,C1_RING_SIMPLE_CH4,0,50,50,/root/private_data/lyc/2ndpaper/results/k500sm_ai_gfx928_4gpu/phase1_release_20260831_100100/cases/discovery_comm_r1_S01_COMM_LEAN_p4_m2048_n128_k2048_q8_comm_C1_RING_SIMPLE_CH4/raw_global_samples.csv,4197.116000,4206.084000,4220.043450,4206.701280,6.851173,0.162863,4191.660000,4200.644500,4214.443450,537.809500,4195.044500,0.000000,87.197938,87.068047
discovery_comm_r1_S01_COMM_LEAN_p4_m2048_n128_k2048_q8_comm_C2_RING_SIMPLE_CH8,discovery_comm,1,4,S01_COMM_LEAN,2048,128,2048,8,comm,C2_RING_SIMPLE_CH8,0,50,50,/root/private_data/lyc/2ndpaper/results/k500sm_ai_gfx928_4gpu/phase1_release_20260831_100100/cases/discovery_comm_r1_S01_COMM_LEAN_p4_m2048_n128_k2048_q8_comm_C2_RING_SIMPLE_CH8/raw_global_samples.csv,4157.119450,4164.170000,4178.270000,4165.190740,6.046144,0.145159,4151.751450,4158.650500,4172.670000,531.730500,4153.050500,0.000000,87.220508,87.086917
discovery_comm_r1_S02_BALANCE_p4_m2048_n512_k2048_q1_comm_C0_DEFAULT,discovery_comm,1,4,S02_BALANCE,2048,512,2048,1,comm,C0_DEFAULT,0,50,50,/root/private_data/lyc/2ndpaper/results/k500sm_ai_gfx928_4gpu/phase1_release_20260831_100100/cases/discovery_comm_r1_S02_BALANCE_p4_m2048_n512_k2048_q1_comm_C0_DEFAULT/raw_global_samples.csv,3900.232750,3911.140500,3957.908600,3919.647100,37.645859,0.960440,3894.793300,3905.620500,3952.469150,3900.101000,3900.101000,0.000000,0.140572,0.000000
discovery_comm_r1_S02_BALANCE_p4_m2048_n512_k2048_q1_comm_C1_RING_SIMPLE_CH4,discovery_comm,1,4,S02_BALANCE,2048,512,2048,1,comm,C1_RING_SIMPLE_CH4,0,50,50,/root/private_data/lyc/2ndpaper/results/k500sm_ai_gfx928_4gpu/phase1_release_20260831_100100/cases/discovery_comm_r1_S02_BALANCE_p4_m2048_n512_k2048_q1_comm_C1_RING_SIMPLE_CH4/raw_global_samples.csv,3895.632400,3912.664500,3931.971000,3958.649340,333.226587,8.417684,3890.105400,3907.144500,3926.531000,3901.544500,3901.544500,0.000000,0.139549,0.000000
discovery_comm_r1_S02_BALANCE_p4_m2048_n512_k2048_q1_comm_C2_RING_SIMPLE_CH8,discovery_comm,1,4,S02_BALANCE,2048,512,2048,1,comm,C2_RING_SIMPLE_CH8,0,50,50,/root/private_data/lyc/2ndpaper/results/k500sm_ai_gfx928_4gpu/phase1_release_20260831_100100/cases/discovery_comm_r1_S02_BALANCE_p4_m2048_n512_k2048_q1_comm_C2_RING_SIMPLE_CH8/raw_global_samples.csv,3824.873550,3835.785000,3850.642850,3836.582700,8.647636,0.225399,3819.361550,3830.265000,3845.131300,3824.665000,3824.665000,0.000000,0.142353,0.000000
discovery_comm_r1_S02_BALANCE_p4_m2048_n512_k2048_q2_comm_C0_DEFAULT,discovery_comm,1,4,S02_BALANCE,2048,512,2048,2,comm,C0_DEFAULT,0,50,50,/root/private_data/lyc/2ndpaper/results/k500sm_ai_gfx928_4gpu/phase1_release_20260831_100100/cases/discovery_comm_r1_S02_BALANCE_p4_m2048_n512_k2048_q2_comm_C0_DEFAULT/raw_global_samples.csv,3955.033550,3962.337500,3975.616450,3963.470740,6.118766,0.154379,3949.753550,3956.897500,3970.264450,1979.009500,3951.378000,0.000000,49.976776,49.837484
discovery_comm_r1_S02_BALANCE_p4_m2048_n512_k2048_q2_comm_C1_RING_SIMPLE_CH4,discovery_comm,1,4,S02_BALANCE,2048,512,2048,2,comm,C1_RING_SIMPLE_CH4,0,50,50,/root/private_data/lyc/2ndpaper/results/k500sm_ai_gfx928_4gpu/phase1_release_20260831_100100/cases/discovery_comm_r1_S02_BALANCE_p4_m2048_n512_k2048_q2_comm_C1_RING_SIMPLE_CH4/raw_global_samples.csv,3954.414300,3965.377500,4027.094350,3973.378200,27.019886,0.680023,3949.046300,3959.858000,4021.510900,1981.168500,3954.178000,0.000000,50.002989,49.859701
discovery_comm_r1_S02_BALANCE_p4_m2048_n512_k2048_q2_comm_C2_RING_SIMPLE_CH8,discovery_comm,1,4,S02_BALANCE,2048,512,2048,2,comm,C2_RING_SIMPLE_CH8,0,50,50,/root/private_data/lyc/2ndpaper/results/k500sm_ai_gfx928_4gpu/phase1_release_20260831_100100/cases/discovery_comm_r1_S02_BALANCE_p4_m2048_n512_k2048_q2_comm_C2_RING_SIMPLE_CH8/raw_global_samples.csv,3885.453550,3889.544500,3904.940450,3977.028200,426.538880,10.725066,3879.942000,3883.945500,3899.341450,1943.891000,3878.662000,0.000000,49.961863,49.817879
discovery_comm_r1_S02_BALANCE_p4_m2048_n512_k2048_q4_comm_C0_DEFAULT,discovery_comm,1,4,S02_BALANCE,2048,512,2048,4,comm,C0_DEFAULT,0,50,50,/root/private_data/lyc/2ndpaper/results/k500sm_ai_gfx928_4gpu/phase1_release_20260831_100100/cases/discovery_comm_r1_S02_BALANCE_p4_m2048_n512_k2048_q4_comm_C0_DEFAULT/raw_global_samples.csv,4030.640700,4035.053500,4049.981000,4037.012840,7.688253,0.190444,4025.128700,4029.454000,4044.469450,1012.263000,4024.014000,0.000000,74.888364,74.753834
discovery_comm_r1_S02_BALANCE_p4_m2048_n512_k2048_q4_comm_C1_RING_SIMPLE_CH4,discovery_comm,1,4,S02_BALANCE,2048,512,2048,4,comm,C1_RING_SIMPLE_CH4,0,50,50,/root/private_data/lyc/2ndpaper/results/k500sm_ai_gfx928_4gpu/phase1_release_20260831_100100/cases/discovery_comm_r1_S02_BALANCE_p4_m2048_n512_k2048_q4_comm_C1_RING_SIMPLE_CH4/raw_global_samples.csv,4028.557000,4034.333000,4050.743600,4037.467060,16.479987,0.408176,4023.118000,4028.733500,4045.375600,1011.943500,4023.213500,0.000000,74.882822,74.747710
discovery_comm_r1_S02_BALANCE_p4_m2048_n512_k2048_q4_comm_C2_RING_SIMPLE_CH8,discovery_comm,1,4,S02_BALANCE,2048,512,2048,4,comm,C2_RING_SIMPLE_CH8,0,50,50,/root/private_data/lyc/2ndpaper/results/k500sm_ai_gfx928_4gpu/phase1_release_20260831_100100/cases/discovery_comm_r1_S02_BALANCE_p4_m2048_n512_k2048_q4_comm_C2_RING_SIMPLE_CH8/raw_global_samples.csv,3979.438000,3984.167500,3996.949550,4032.515640,336.566875,8.346325,3973.995450,3978.645500,3991.435100,1000.284000,3973.123000,0.000000,74.860627,74.724302
discovery_comm_r1_S02_BALANCE_p4_m2048_n512_k2048_q8_comm_C0_DEFAULT,discovery_comm,1,4,S02_BALANCE,2048,512,2048,8,comm,C0_DEFAULT,0,50,50,/root/private_data/lyc/2ndpaper/results/k500sm_ai_gfx928_4gpu/phase1_release_20260831_100100/cases/discovery_comm_r1_S02_BALANCE_p4_m2048_n512_k2048_q8_comm_C0_DEFAULT/raw_global_samples.csv,4196.604000,4202.004000,4220.587000,4204.702360,10.376883,0.246792,4191.092000,4196.484500,4215.059450,531.250000,4190.964500,0.000000,87.339627,87.209886
discovery_comm_r1_S02_BALANCE_p4_m2048_n512_k2048_q8_comm_C1_RING_SIMPLE_CH4,discovery_comm,1,4,S02_BALANCE,2048,512,2048,8,comm,C1_RING_SIMPLE_CH4,0,50,50,/root/private_data/lyc/2ndpaper/results/k500sm_ai_gfx928_4gpu/phase1_release_20260831_100100/cases/discovery_comm_r1_S02_BALANCE_p4_m2048_n512_k2048_q8_comm_C1_RING_SIMPLE_CH4/raw_global_samples.csv,4199.181100,4203.365000,4217.035000,4206.151560,12.840618,0.305282,4193.581550,4197.764500,4211.667550,533.090000,4192.165000,0.000000,87.300532,87.170880
discovery_comm_r1_S02_BALANCE_p4_m2048_n512_k2048_q8_comm_C2_RING_SIMPLE_CH8,discovery_comm,1,4,S02_BALANCE,2048,512,2048,8,comm,C2_RING_SIMPLE_CH8,0,50,50,/root/private_data/lyc/2ndpaper/results/k500sm_ai_gfx928_4gpu/phase1_release_20260831_100100/cases/discovery_comm_r1_S02_BALANCE_p4_m2048_n512_k2048_q8_comm_C2_RING_SIMPLE_CH8/raw_global_samples.csv,4163.129600,4170.806000,4283.103900,4188.066280,41.488111,0.990627,4157.518000,4165.286000,4277.664450,528.290000,4159.766500,0.000000,87.334832,87.202029
discovery_comm_r1_S03_COMPUTE_LEAN_p4_m2048_n2048_k2048_q1_comm_C0_DEFAULT,discovery_comm,1,4,S03_COMPUTE_LEAN,2048,2048,2048,1,comm,C0_DEFAULT,0,50,50,/root/private_data/lyc/2ndpaper/results/k500sm_ai_gfx928_4gpu/phase1_release_20260831_100100/cases/discovery_comm_r1_S03_COMPUTE_LEAN_p4_m2048_n2048_k2048_q1_comm_C0_DEFAULT/raw_global_samples.csv,3893.360700,3918.264000,3936.382300,3915.855000,13.052177,0.333316,3887.833150,3912.664000,3930.942850,3907.144500,3907.144500,0.000000,0.139395,0.000000
discovery_comm_r1_S03_COMPUTE_LEAN_p4_m2048_n2048_k2048_q1_comm_C1_RING_SIMPLE_CH4,discovery_comm,1,4,S03_COMPUTE_LEAN,2048,2048,2048,1,comm,C1_RING_SIMPLE_CH4,0,50,50,/root/private_data/lyc/2ndpaper/results/k500sm_ai_gfx928_4gpu/phase1_release_20260831_100100/cases/discovery_comm_r1_S03_COMPUTE_LEAN_p4_m2048_n2048_k2048_q1_comm_C1_RING_SIMPLE_CH4/raw_global_samples.csv,3894.686000,3916.500000,3939.787000,3915.755440,15.297357,0.390662,3889.158000,3910.980500,3934.347000,3905.380500,3905.380500,0.000000,0.139681,0.000000
discovery_comm_r1_S03_COMPUTE_LEAN_p4_m2048_n2048_k2048_q1_comm_C2_RING_SIMPLE_CH8,discovery_comm,1,4,S03_COMPUTE_LEAN,2048,2048,2048,1,comm,C2_RING_SIMPLE_CH8,0,50,50,/root/private_data/lyc/2ndpaper/results/k500sm_ai_gfx928_4gpu/phase1_release_20260831_100100/cases/discovery_comm_r1_S03_COMPUTE_LEAN_p4_m2048_n2048_k2048_q1_comm_C2_RING_SIMPLE_CH8/raw_global_samples.csv,3836.393000,3847.624000,3873.391000,3904.565120,341.683597,8.750875,3830.937000,3842.027500,3867.791000,3836.584500,3836.584500,0.000000,0.143415,0.000000
discovery_comm_r1_S03_COMPUTE_LEAN_p4_m2048_n2048_k2048_q2_comm_C0_DEFAULT,discovery_comm,1,4,S03_COMPUTE_LEAN,2048,2048,2048,2,comm,C0_DEFAULT,0,50,50,/root/private_data/lyc/2ndpaper/results/k500sm_ai_gfx928_4gpu/phase1_release_20260831_100100/cases/discovery_comm_r1_S03_COMPUTE_LEAN_p4_m2048_n2048_k2048_q2_comm_C0_DEFAULT/raw_global_samples.csv,3960.156600,3968.016500,3980.944550,4013.029300,310.220322,7.730328,3954.644600,3962.497500,3975.344550,1983.730500,3957.058000,0.000000,49.935407,49.798127
discovery_comm_r1_S03_COMPUTE_LEAN_p4_m2048_n2048_k2048_q2_comm_C1_RING_SIMPLE_CH4,discovery_comm,1,4,S03_COMPUTE_LEAN,2048,2048,2048,2,comm,C1_RING_SIMPLE_CH4,0,50,50,/root/private_data/lyc/2ndpaper/results/k500sm_ai_gfx928_4gpu/phase1_release_20260831_100100/cases/discovery_comm_r1_S03_COMPUTE_LEAN_p4_m2048_n2048_k2048_q2_comm_C1_RING_SIMPLE_CH4/raw_global_samples.csv,3961.753550,3966.657000,3989.927450,4054.540500,426.694462,10.523867,3956.154000,3961.137000,3984.415900,1983.488500,3955.697500,0.000000,49.937445,49.796964
discovery_comm_r1_S03_COMPUTE_LEAN_p4_m2048_n2048_k2048_q2_comm_C2_RING_SIMPLE_CH8,discovery_comm,1,4,S03_COMPUTE_LEAN,2048,2048,2048,2,comm,C2_RING_SIMPLE_CH8,0,50,50,/root/private_data/lyc/2ndpaper/results/k500sm_ai_gfx928_4gpu/phase1_release_20260831_100100/cases/discovery_comm_r1_S03_COMPUTE_LEAN_p4_m2048_n2048_k2048_q2_comm_C2_RING_SIMPLE_CH8/raw_global_samples.csv,3889.513300,3894.420500,3902.533100,3945.756740,360.767717,9.143182,3884.001850,3888.901000,3897.109550,1947.571000,3883.221500,0.000000,49.917642,49.774648
discovery_comm_r1_S03_COMPUTE_LEAN_p4_m2048_n2048_k2048_q4_comm_C0_DEFAULT,discovery_comm,1,4,S03_COMPUTE_LEAN,2048,2048,2048,4,comm,C0_DEFAULT,0,50,50,/root/private_data/lyc/2ndpaper/results/k500sm_ai_gfx928_4gpu/phase1_release_20260831_100100/cases/discovery_comm_r1_S03_COMPUTE_LEAN_p4_m2048_n2048_k2048_q4_comm_C0_DEFAULT/raw_global_samples.csv,4035.030000,4041.133500,4059.460000,4087.101820,311.150495,7.612986,4029.662000,4035.694000,4053.860450,1016.103000,4030.174500,0.000000,74.828533,74.694108
discovery_comm_r1_S03_COMPUTE_LEAN_p4_m2048_n2048_k2048_q4_comm_C1_RING_SIMPLE_CH4,discovery_comm,1,4,S03_COMPUTE_LEAN,2048,2048,2048,4,comm,C1_RING_SIMPLE_CH4,0,50,50,/root/private_data/lyc/2ndpaper/results/k500sm_ai_gfx928_4gpu/phase1_release_20260831_100100/cases/discovery_comm_r1_S03_COMPUTE_LEAN_p4_m2048_n2048_k2048_q4_comm_C1_RING_SIMPLE_CH4/raw_global_samples.csv,4035.937900,4039.620000,4062.588350,4129.554720,434.040507,10.510589,4030.410200,4034.098500,4057.074350,1015.627500,4028.657000,0.000000,74.829104,74.690426
discovery_comm_r1_S03_COMPUTE_LEAN_p4_m2048_n2048_k2048_q4_comm_C2_RING_SIMPLE_CH8,discovery_comm,1,4,S03_COMPUTE_LEAN,2048,2048,2048,4,comm,C2_RING_SIMPLE_CH8,0,50,50,/root/private_data/lyc/2ndpaper/results/k500sm_ai_gfx928_4gpu/phase1_release_20260831_100100/cases/discovery_comm_r1_S03_COMPUTE_LEAN_p4_m2048_n2048_k2048_q4_comm_C2_RING_SIMPLE_CH8/raw_global_samples.csv,3984.703450,3989.930000,3997.613550,3990.903600,4.660441,0.116777,3979.348900,3984.648000,3991.939000,1004.206500,3979.205000,0.000000,74.798061,74.659396
discovery_comm_r1_S03_COMPUTE_LEAN_p4_m2048_n2048_k2048_q8_comm_C0_DEFAULT,discovery_comm,1,4,S03_COMPUTE_LEAN,2048,2048,2048,8,comm,C0_DEFAULT,0,50,50,/root/private_data/lyc/2ndpaper/results/k500sm_ai_gfx928_4gpu/phase1_release_20260831_100100/cases/discovery_comm_r1_S03_COMPUTE_LEAN_p4_m2048_n2048_k2048_q8_comm_C0_DEFAULT/raw_global_samples.csv,4207.358600,4212.883000,4229.147000,4261.729220,336.711854,7.900827,4201.915900,4207.444000,4223.475450,537.650000,4201.924000,0.000000,87.222590,87.093026
discovery_comm_r1_S03_COMPUTE_LEAN_p4_m2048_n2048_k2048_q8_comm_C1_RING_SIMPLE_CH4,discovery_comm,1,4,S03_COMPUTE_LEAN,2048,2048,2048,8,comm,C1_RING_SIMPLE_CH4,0,50,50,/root/private_data/lyc/2ndpaper/results/k500sm_ai_gfx928_4gpu/phase1_release_20260831_100100/cases/discovery_comm_r1_S03_COMPUTE_LEAN_p4_m2048_n2048_k2048_q8_comm_C1_RING_SIMPLE_CH4/raw_global_samples.csv,4205.028550,4214.963500,4285.174450,4270.231640,321.597710,7.531154,4199.516550,4209.444000,4279.663450,536.290000,4203.764000,0.000000,87.260405,87.127170
discovery_comm_r1_S03_COMPUTE_LEAN_p4_m2048_n2048_k2048_q8_comm_C2_RING_SIMPLE_CH8,discovery_comm,1,4,S03_COMPUTE_LEAN,2048,2048,2048,8,comm,C2_RING_SIMPLE_CH8,0,50,50,/root/private_data/lyc/2ndpaper/results/k500sm_ai_gfx928_4gpu/phase1_release_20260831_100100/cases/discovery_comm_r1_S03_COMPUTE_LEAN_p4_m2048_n2048_k2048_q8_comm_C2_RING_SIMPLE_CH8/raw_global_samples.csv,4168.319000,4172.806000,4189.181450,4174.225480,6.372557,0.152664,4162.807000,4167.285500,4183.669450,531.490000,4161.686500,0.000000,87.246576,87.112828
discovery_gemm_r1_S01_COMM_LEAN_p4_m2048_n128_k2048_q1_gemm_C0_DEFAULT,discovery_gemm,1,4,S01_COMM_LEAN,2048,128,2048,1,gemm,C0_DEFAULT,0,50,50,/root/private_data/lyc/2ndpaper/results/k500sm_ai_gfx928_4gpu/phase1_release_20260831_100100/cases/discovery_gemm_r1_S01_COMM_LEAN_p4_m2048_n128_k2048_q1_gemm_C0_DEFAULT/raw_global_samples.csv,341.245000,349.100500,397.042000,353.925840,15.710704,4.438982,335.645550,343.660500,391.514550,0.000000,0.000000,335.581500,100.000000,0.000000
discovery_gemm_r1_S01_COMM_LEAN_p4_m2048_n128_k2048_q2_gemm_C0_DEFAULT,discovery_gemm,1,4,S01_COMM_LEAN,2048,128,2048,2,gemm,C0_DEFAULT,0,50,50,/root/private_data/lyc/2ndpaper/results/k500sm_ai_gfx928_4gpu/phase1_release_20260831_100100/cases/discovery_gemm_r1_S01_COMM_LEAN_p4_m2048_n128_k2048_q2_gemm_C0_DEFAULT/raw_global_samples.csv,319.006000,323.022000,329.045000,323.680980,3.466374,1.070923,313.566550,317.502000,323.517550,0.000000,0.000000,309.263000,100.000000,0.000000
discovery_gemm_r1_S01_COMM_LEAN_p4_m2048_n128_k2048_q4_gemm_C0_DEFAULT,discovery_gemm,1,4,S01_COMM_LEAN,2048,128,2048,4,gemm,C0_DEFAULT,0,50,50,/root/private_data/lyc/2ndpaper/results/k500sm_ai_gfx928_4gpu/phase1_release_20260831_100100/cases/discovery_gemm_r1_S01_COMM_LEAN_p4_m2048_n128_k2048_q4_gemm_C0_DEFAULT/raw_global_samples.csv,586.600450,594.363000,601.997000,594.545320,4.665682,0.784748,580.999000,588.841000,596.555000,0.000000,0.000000,580.598000,100.000000,0.000000
discovery_gemm_r1_S01_COMM_LEAN_p4_m2048_n128_k2048_q8_gemm_C0_DEFAULT,discovery_gemm,1,4,S01_COMM_LEAN,2048,128,2048,8,gemm,C0_DEFAULT,0,50,50,/root/private_data/lyc/2ndpaper/results/k500sm_ai_gfx928_4gpu/phase1_release_20260831_100100/cases/discovery_gemm_r1_S01_COMM_LEAN_p4_m2048_n128_k2048_q8_gemm_C0_DEFAULT/raw_global_samples.csv,704.976000,713.720000,717.807450,711.940880,5.637827,0.791895,699.393000,708.200000,712.208000,0.000000,0.000000,699.721000,100.000000,0.000000
discovery_gemm_r1_S02_BALANCE_p4_m2048_n512_k2048_q1_gemm_C0_DEFAULT,discovery_gemm,1,4,S02_BALANCE,2048,512,2048,1,gemm,C0_DEFAULT,0,50,50,/root/private_data/lyc/2ndpaper/results/k500sm_ai_gfx928_4gpu/phase1_release_20260831_100100/cases/discovery_gemm_r1_S02_BALANCE_p4_m2048_n512_k2048_q1_gemm_C0_DEFAULT/raw_global_samples.csv,885.464000,908.510500,946.514450,909.978260,21.840161,2.400075,879.864450,902.910500,940.915000,0.000000,0.000000,873.232500,100.000000,0.000000
discovery_gemm_r1_S02_BALANCE_p4_m2048_n512_k2048_q2_gemm_C0_DEFAULT,discovery_gemm,1,4,S02_BALANCE,2048,512,2048,2,gemm,C0_DEFAULT,0,50,50,/root/private_data/lyc/2ndpaper/results/k500sm_ai_gfx928_4gpu/phase1_release_20260831_100100/cases/discovery_gemm_r1_S02_BALANCE_p4_m2048_n512_k2048_q2_gemm_C0_DEFAULT/raw_global_samples.csv,767.516450,771.156000,785.691900,772.839940,5.741296,0.742883,761.916450,765.637000,780.107900,0.000000,0.000000,736.838500,100.000000,0.000000
discovery_gemm_r1_S02_BALANCE_p4_m2048_n512_k2048_q4_gemm_C0_DEFAULT,discovery_gemm,1,4,S02_BALANCE,2048,512,2048,4,gemm,C0_DEFAULT,0,50,50,/root/private_data/lyc/2ndpaper/results/k500sm_ai_gfx928_4gpu/phase1_release_20260831_100100/cases/discovery_gemm_r1_S02_BALANCE_p4_m2048_n512_k2048_q4_gemm_C0_DEFAULT/raw_global_samples.csv,802.299000,804.867000,831.882550,811.798200,37.612493,4.633232,796.859000,799.267000,826.442550,0.000000,0.000000,770.067500,100.000000,0.000000
discovery_gemm_r1_S02_BALANCE_p4_m2048_n512_k2048_q8_gemm_C0_DEFAULT,discovery_gemm,1,4,S02_BALANCE,2048,512,2048,8,gemm,C0_DEFAULT,0,50,50,/root/private_data/lyc/2ndpaper/results/k500sm_ai_gfx928_4gpu/phase1_release_20260831_100100/cases/discovery_gemm_r1_S02_BALANCE_p4_m2048_n512_k2048_q8_gemm_C0_DEFAULT/raw_global_samples.csv,1640.716000,1649.909000,1752.069550,1716.573500,317.681401,18.506717,1635.189650,1644.309000,1746.614000,0.000000,0.000000,1616.069000,100.000000,0.000000
discovery_gemm_r1_S03_COMPUTE_LEAN_p4_m2048_n2048_k2048_q1_gemm_C0_DEFAULT,discovery_gemm,1,4,S03_COMPUTE_LEAN,2048,2048,2048,1,gemm,C0_DEFAULT,0,50,50,/root/private_data/lyc/2ndpaper/results/k500sm_ai_gfx928_4gpu/phase1_release_20260831_100100/cases/discovery_gemm_r1_S03_COMPUTE_LEAN_p4_m2048_n2048_k2048_q1_gemm_C0_DEFAULT/raw_global_samples.csv,2518.115100,2654.253000,2670.286550,2636.690060,46.928841,1.779839,2512.443100,2648.333000,2664.223000,0.000000,0.000000,2513.701500,100.000000,0.000000
discovery_gemm_r1_S03_COMPUTE_LEAN_p4_m2048_n2048_k2048_q2_gemm_C0_DEFAULT,discovery_gemm,1,4,S03_COMPUTE_LEAN,2048,2048,2048,2,gemm,C0_DEFAULT,0,50,50,/root/private_data/lyc/2ndpaper/results/k500sm_ai_gfx928_4gpu/phase1_release_20260831_100100/cases/discovery_gemm_r1_S03_COMPUTE_LEAN_p4_m2048_n2048_k2048_q2_gemm_C0_DEFAULT/raw_global_samples.csv,2448.696300,2632.414500,2660.415000,2632.299660,311.774163,11.844174,2443.096300,2626.415000,2654.423550,0.000000,0.000000,2496.582000,100.000000,0.000000
discovery_gemm_r1_S03_COMPUTE_LEAN_p4_m2048_n2048_k2048_q4_gemm_C0_DEFAULT,discovery_gemm,1,4,S03_COMPUTE_LEAN,2048,2048,2048,4,gemm,C0_DEFAULT,0,50,50,/root/private_data/lyc/2ndpaper/results/k500sm_ai_gfx928_4gpu/phase1_release_20260831_100100/cases/discovery_gemm_r1_S03_COMPUTE_LEAN_p4_m2048_n2048_k2048_q4_gemm_C0_DEFAULT/raw_global_samples.csv,2692.436100,2829.751500,2848.437700,2805.993340,54.226159,1.932512,2686.850650,2823.423500,2842.427700,0.000000,0.000000,2695.231000,100.000000,0.000000
discovery_gemm_r1_S03_COMPUTE_LEAN_p4_m2048_n2048_k2048_q8_gemm_C0_DEFAULT,discovery_gemm,1,4,S03_COMPUTE_LEAN,2048,2048,2048,8,gemm,C0_DEFAULT,0,50,50,/root/private_data/lyc/2ndpaper/results/k500sm_ai_gfx928_4gpu/phase1_release_20260831_100100/cases/discovery_gemm_r1_S03_COMPUTE_LEAN_p4_m2048_n2048_k2048_q8_gemm_C0_DEFAULT/raw_global_samples.csv,3500.878850,3559.240500,3586.437000,3554.018680,25.755535,0.724688,3495.350850,3553.641000,3580.749450,0.000000,0.000000,3435.967500,100.000000,0.000000
discovery_overlap_r1_S01_COMM_LEAN_p4_m2048_n128_k2048_q1_b1_C0_DEFAULT,discovery_overlap,1,4,S01_COMM_LEAN,2048,128,2048,1,b1,C0_DEFAULT,0,50,50,/root/private_data/lyc/2ndpaper/results/k500sm_ai_gfx928_4gpu/phase1_release_20260831_100100/cases/discovery_overlap_r1_S01_COMM_LEAN_p4_m2048_n128_k2048_q1_b1_C0_DEFAULT/raw_global_samples.csv,4317.221000,4343.356000,4382.609550,4391.644700,331.885238,7.557197,3991.071450,4012.894500,4045.924450,4006.734500,4006.734500,321.742000,0.155819,0.000000
discovery_overlap_r1_S01_COMM_LEAN_p4_m2048_n128_k2048_q1_b1_C1_RING_SIMPLE_CH4,discovery_overlap,1,4,S01_COMM_LEAN,2048,128,2048,1,b1,C1_RING_SIMPLE_CH4,0,50,50,/root/private_data/lyc/2ndpaper/results/k500sm_ai_gfx928_4gpu/phase1_release_20260831_100100/cases/discovery_overlap_r1_S01_COMM_LEAN_p4_m2048_n128_k2048_q1_b1_C1_RING_SIMPLE_CH4/raw_global_samples.csv,4306.558000,4341.116000,4393.345000,4344.956740,27.416976,0.631007,3976.024550,4012.894000,4048.868450,4006.574500,4006.574500,321.022000,0.154676,0.000000
discovery_overlap_r1_S01_COMM_LEAN_p4_m2048_n128_k2048_q1_b1_C2_RING_SIMPLE_CH8,discovery_overlap,1,4,S01_COMM_LEAN,2048,128,2048,1,b1,C2_RING_SIMPLE_CH8,0,50,50,/root/private_data/lyc/2ndpaper/results/k500sm_ai_gfx928_4gpu/phase1_release_20260831_100100/cases/discovery_overlap_r1_S01_COMM_LEAN_p4_m2048_n128_k2048_q1_b1_C2_RING_SIMPLE_CH8/raw_global_samples.csv,4250.800900,4274.879000,4336.573450,4361.902280,433.628586,9.941272,3924.379550,3946.899000,3990.120450,3940.898500,3940.898500,321.502000,0.157532,0.000000
discovery_overlap_r1_S01_COMM_LEAN_p4_m2048_n128_k2048_q1_h0_C0_DEFAULT,discovery_overlap,1,4,S01_COMM_LEAN,2048,128,2048,1,h0,C0_DEFAULT,0,50,50,/root/private_data/lyc/2ndpaper/results/k500sm_ai_gfx928_4gpu/phase1_release_20260831_100100/cases/discovery_overlap_r1_S01_COMM_LEAN_p4_m2048_n128_k2048_q1_h0_C0_DEFAULT/raw_global_samples.csv,4317.996450,4349.195500,4400.012500,4400.550020,329.826685,7.495124,3990.395850,4024.814000,4068.051450,4018.414500,4018.414500,321.422000,0.154323,0.000000
discovery_overlap_r1_S01_COMM_LEAN_p4_m2048_n128_k2048_q1_h0_C1_RING_SIMPLE_CH4,discovery_overlap,1,4,S01_COMM_LEAN,2048,128,2048,1,h0,C1_RING_SIMPLE_CH4,0,50,50,/root/private_data/lyc/2ndpaper/results/k500sm_ai_gfx928_4gpu/phase1_release_20260831_100100/cases/discovery_overlap_r1_S01_COMM_LEAN_p4_m2048_n128_k2048_q1_h0_C1_RING_SIMPLE_CH4/raw_global_samples.csv,4320.437000,4340.800500,4382.305550,4390.870540,317.077512,7.221290,3983.987850,4011.375000,4054.540550,4004.975000,4004.975000,322.462000,0.154489,0.000000
discovery_overlap_r1_S01_COMM_LEAN_p4_m2048_n128_k2048_q1_h0_C2_RING_SIMPLE_CH8,discovery_overlap,1,4,S01_COMM_LEAN,2048,128,2048,1,h0,C2_RING_SIMPLE_CH8,0,50,50,/root/private_data/lyc/2ndpaper/results/k500sm_ai_gfx928_4gpu/phase1_release_20260831_100100/cases/discovery_overlap_r1_S01_COMM_LEAN_p4_m2048_n128_k2048_q1_h0_C2_RING_SIMPLE_CH8/raw_global_samples.csv,4250.041000,4276.719000,4303.221550,4324.611280,345.634474,7.992267,3924.979550,3949.698000,3979.760000,3943.458000,3943.458000,320.942000,0.157280,0.000000
discovery_overlap_r1_S01_COMM_LEAN_p4_m2048_n128_k2048_q2_b1_C0_DEFAULT,discovery_overlap,1,4,S01_COMM_LEAN,2048,128,2048,2,b1,C0_DEFAULT,0,50,50,/root/private_data/lyc/2ndpaper/results/k500sm_ai_gfx928_4gpu/phase1_release_20260831_100100/cases/discovery_overlap_r1_S01_COMM_LEAN_p4_m2048_n128_k2048_q2_b1_C0_DEFAULT/raw_global_samples.csv,4357.875000,4375.514000,4395.688550,4420.145200,318.385583,7.203057,4210.371000,4226.962000,4248.113100,2036.365500,4220.802500,2327.149000,51.799262,51.651770
discovery_overlap_r1_S01_COMM_LEAN_p4_m2048_n128_k2048_q2_b1_C1_RING_SIMPLE_CH4,discovery_overlap,1,4,S01_COMM_LEAN,2048,128,2048,2,b1,C1_RING_SIMPLE_CH4,0,50,50,/root/private_data/lyc/2ndpaper/results/k500sm_ai_gfx928_4gpu/phase1_release_20260831_100100/cases/discovery_overlap_r1_S01_COMM_LEAN_p4_m2048_n128_k2048_q2_b1_C1_RING_SIMPLE_CH4/raw_global_samples.csv,4355.113700,4375.460000,4402.019000,4385.589240,74.229289,1.692573,4206.694250,4227.118000,4252.983000,2037.606000,4220.887000,2325.549500,51.796313,51.645214
discovery_overlap_r1_S01_COMM_LEAN_p4_m2048_n128_k2048_q2_b1_C2_RING_SIMPLE_CH8,discovery_overlap,1,4,S01_COMM_LEAN,2048,128,2048,2,b1,C2_RING_SIMPLE_CH8,0,50,50,/root/private_data/lyc/2ndpaper/results/k500sm_ai_gfx928_4gpu/phase1_release_20260831_100100/cases/discovery_overlap_r1_S01_COMM_LEAN_p4_m2048_n128_k2048_q2_b1_C2_RING_SIMPLE_CH8/raw_global_samples.csv,4284.483950,4301.527000,4320.980750,4304.814180,21.839061,0.507317,4135.906950,4154.067000,4172.710300,1998.100000,4147.586000,2290.551500,51.859033,51.704601
discovery_overlap_r1_S01_COMM_LEAN_p4_m2048_n128_k2048_q2_h0_C0_DEFAULT,discovery_overlap,1,4,S01_COMM_LEAN,2048,128,2048,2,h0,C0_DEFAULT,0,50,50,/root/private_data/lyc/2ndpaper/results/k500sm_ai_gfx928_4gpu/phase1_release_20260831_100100/cases/discovery_overlap_r1_S01_COMM_LEAN_p4_m2048_n128_k2048_q2_h0_C0_DEFAULT/raw_global_samples.csv,4196.637100,4213.283500,4228.161550,4264.579760,367.424898,8.615735,4048.692450,4064.492500,4080.481550,2038.125500,4058.013000,2162.199000,49.871925,49.726104
discovery_overlap_r1_S01_COMM_LEAN_p4_m2048_n128_k2048_q2_h0_C1_RING_SIMPLE_CH4,discovery_overlap,1,4,S01_COMM_LEAN,2048,128,2048,2,h0,C1_RING_SIMPLE_CH4,0,50,50,/root/private_data/lyc/2ndpaper/results/k500sm_ai_gfx928_4gpu/phase1_release_20260831_100100/cases/discovery_overlap_r1_S01_COMM_LEAN_p4_m2048_n128_k2048_q2_h0_C1_RING_SIMPLE_CH4/raw_global_samples.csv,4198.414100,4213.229000,4228.644100,4212.511880,9.273484,0.220141,4050.924550,4064.683000,4080.650100,2036.903500,4058.200500,2159.758000,49.878065,49.725220
discovery_overlap_r1_S01_COMM_LEAN_p4_m2048_n128_k2048_q2_h0_C2_RING_SIMPLE_CH8,discovery_overlap,1,4,S01_COMM_LEAN,2048,128,2048,2,h0,C2_RING_SIMPLE_CH8,0,50,50,/root/private_data/lyc/2ndpaper/results/k500sm_ai_gfx928_4gpu/phase1_release_20260831_100100/cases/discovery_overlap_r1_S01_COMM_LEAN_p4_m2048_n128_k2048_q2_h0_C2_RING_SIMPLE_CH8/raw_global_samples.csv,4105.441100,4116.649000,4139.136000,4161.123400,306.864323,7.374555,3958.075000,3968.497500,3990.576450,2001.967500,3962.418500,2100.123000,49.555536,49.399305
discovery_overlap_r1_S01_COMM_LEAN_p4_m2048_n128_k2048_q4_b1_C0_DEFAULT,discovery_overlap,1,4,S01_COMM_LEAN,2048,128,2048,4,b1,C0_DEFAULT,0,50,50,/root/private_data/lyc/2ndpaper/results/k500sm_ai_gfx928_4gpu/phase1_release_20260831_100100/cases/discovery_overlap_r1_S01_COMM_LEAN_p4_m2048_n128_k2048_q4_b1_C0_DEFAULT/raw_global_samples.csv,4727.151000,4740.773500,4767.932450,4785.904080,311.271805,6.503929,4584.350550,4596.622000,4621.788450,1051.220000,4590.382000,3684.193000,77.147737,77.010194
discovery_overlap_r1_S01_COMM_LEAN_p4_m2048_n128_k2048_q4_b1_C1_RING_SIMPLE_CH4,discovery_overlap,1,4,S01_COMM_LEAN,2048,128,2048,4,b1,C1_RING_SIMPLE_CH4,0,50,50,/root/private_data/lyc/2ndpaper/results/k500sm_ai_gfx928_4gpu/phase1_release_20260831_100100/cases/discovery_overlap_r1_S01_COMM_LEAN_p4_m2048_n128_k2048_q4_b1_C1_RING_SIMPLE_CH4/raw_global_samples.csv,4728.534000,4737.253500,4753.581000,4826.295280,440.418550,9.125396,4582.518450,4591.822000,4607.262000,1043.381000,4585.503000,3685.873000,77.262908,77.121348
discovery_overlap_r1_S01_COMM_LEAN_p4_m2048_n128_k2048_q4_b1_C2_RING_SIMPLE_CH8,discovery_overlap,1,4,S01_COMM_LEAN,2048,128,2048,4,b1,C2_RING_SIMPLE_CH8,0,50,50,/root/private_data/lyc/2ndpaper/results/k500sm_ai_gfx928_4gpu/phase1_release_20260831_100100/cases/discovery_overlap_r1_S01_COMM_LEAN_p4_m2048_n128_k2048_q4_b1_C2_RING_SIMPLE_CH8/raw_global_samples.csv,4673.025000,4685.256500,4790.546800,4741.868080,334.401102,7.052096,4527.105450,4538.705000,4643.530800,1031.462000,4532.385000,3643.555500,77.294660,77.154271
discovery_overlap_r1_S01_COMM_LEAN_p4_m2048_n128_k2048_q4_h0_C0_DEFAULT,discovery_overlap,1,4,S01_COMM_LEAN,2048,128,2048,4,h0,C0_DEFAULT,0,50,50,/root/private_data/lyc/2ndpaper/results/k500sm_ai_gfx928_4gpu/phase1_release_20260831_100100/cases/discovery_overlap_r1_S01_COMM_LEAN_p4_m2048_n128_k2048_q4_h0_C0_DEFAULT/raw_global_samples.csv,4306.959450,4317.757000,4349.588000,4406.514900,436.497078,9.905721,4162.951000,4171.286500,4204.716000,1042.262000,4164.887000,3262.057500,75.052778,74.910229
discovery_overlap_r1_S01_COMM_LEAN_p4_m2048_n128_k2048_q4_h0_C1_RING_SIMPLE_CH4,discovery_overlap,1,4,S01_COMM_LEAN,2048,128,2048,4,h0,C1_RING_SIMPLE_CH4,0,50,50,/root/private_data/lyc/2ndpaper/results/k500sm_ai_gfx928_4gpu/phase1_release_20260831_100100/cases/discovery_overlap_r1_S01_COMM_LEAN_p4_m2048_n128_k2048_q4_h0_C1_RING_SIMPLE_CH4/raw_global_samples.csv,4312.630000,4325.037500,4330.917450,4366.628840,310.180047,7.103421,4166.350550,4178.965000,4185.093550,1041.622000,4172.645500,3267.977000,75.084987,74.931985
discovery_overlap_r1_S01_COMM_LEAN_p4_m2048_n128_k2048_q4_h0_C2_RING_SIMPLE_CH8,discovery_overlap,1,4,S01_COMM_LEAN,2048,128,2048,4,h0,C2_RING_SIMPLE_CH8,0,50,50,/root/private_data/lyc/2ndpaper/results/k500sm_ai_gfx928_4gpu/phase1_release_20260831_100100/cases/discovery_overlap_r1_S01_COMM_LEAN_p4_m2048_n128_k2048_q4_h0_C2_RING_SIMPLE_CH8/raw_global_samples.csv,4211.980550,4219.764000,4235.578550,4221.328680,7.383856,0.174918,4066.636450,4073.531500,4087.707450,1030.502500,4067.131500,3180.382000,74.704485,74.544955
discovery_overlap_r1_S01_COMM_LEAN_p4_m2048_n128_k2048_q8_b1_C0_DEFAULT,discovery_overlap,1,4,S01_COMM_LEAN,2048,128,2048,8,b1,C0_DEFAULT,0,50,50,/root/private_data/lyc/2ndpaper/results/k500sm_ai_gfx928_4gpu/phase1_release_20260831_100100/cases/discovery_overlap_r1_S01_COMM_LEAN_p4_m2048_n128_k2048_q8_b1_C0_DEFAULT/raw_global_samples.csv,5067.447500,5078.675000,5092.366950,5122.256540,310.956016,6.070684,4978.476950,4989.800000,5001.671450,554.049500,4983.480000,4513.906000,88.915071,88.781995
discovery_overlap_r1_S01_COMM_LEAN_p4_m2048_n128_k2048_q8_b1_C1_RING_SIMPLE_CH4,discovery_overlap,1,4,S01_COMM_LEAN,2048,128,2048,8,b1,C1_RING_SIMPLE_CH4,0,50,50,/root/private_data/lyc/2ndpaper/results/k500sm_ai_gfx928_4gpu/phase1_release_20260831_100100/cases/discovery_overlap_r1_S01_COMM_LEAN_p4_m2048_n128_k2048_q8_b1_C1_RING_SIMPLE_CH4/raw_global_samples.csv,5072.731000,5081.554500,5092.566400,5081.865140,6.104748,0.120128,4983.688000,4992.519500,5002.923400,558.048500,4986.120000,4516.306500,88.820289,88.688783
discovery_overlap_r1_S01_COMM_LEAN_p4_m2048_n128_k2048_q8_b1_C2_RING_SIMPLE_CH8,discovery_overlap,1,4,S01_COMM_LEAN,2048,128,2048,8,b1,C2_RING_SIMPLE_CH8,0,50,50,/root/private_data/lyc/2ndpaper/results/k500sm_ai_gfx928_4gpu/phase1_release_20260831_100100/cases/discovery_overlap_r1_S01_COMM_LEAN_p4_m2048_n128_k2048_q8_b1_C2_RING_SIMPLE_CH8/raw_global_samples.csv,5031.045000,5045.157000,5144.990700,5130.915260,402.033434,7.835511,4942.034000,4956.522000,5056.555700,560.848500,4950.122000,4488.311500,88.685231,88.551759
discovery_overlap_r1_S01_COMM_LEAN_p4_m2048_n128_k2048_q8_h0_C0_DEFAULT,discovery_overlap,1,4,S01_COMM_LEAN,2048,128,2048,8,h0,C0_DEFAULT,0,50,50,/root/private_data/lyc/2ndpaper/results/k500sm_ai_gfx928_4gpu/phase1_release_20260831_100100/cases/discovery_overlap_r1_S01_COMM_LEAN_p4_m2048_n128_k2048_q8_h0_C0_DEFAULT/raw_global_samples.csv,4490.155550,4499.987500,4517.218450,4549.213680,342.383061,7.526203,4401.026000,4410.792500,4428.351450,559.408500,4404.233000,3934.179500,87.316555,87.164276
discovery_overlap_r1_S01_COMM_LEAN_p4_m2048_n128_k2048_q8_h0_C1_RING_SIMPLE_CH4,discovery_overlap,1,4,S01_COMM_LEAN,2048,128,2048,8,h0,C1_RING_SIMPLE_CH4,0,50,50,/root/private_data/lyc/2ndpaper/results/k500sm_ai_gfx928_4gpu/phase1_release_20260831_100100/cases/discovery_overlap_r1_S01_COMM_LEAN_p4_m2048_n128_k2048_q8_h0_C1_RING_SIMPLE_CH4/raw_global_samples.csv,4481.229100,4495.268000,4508.259000,4493.940100,8.430335,0.187593,4393.113450,4406.633000,4419.128000,550.769500,4400.153000,3932.099000,87.513389,87.364377
discovery_overlap_r1_S01_COMM_LEAN_p4_m2048_n128_k2048_q8_h0_C2_RING_SIMPLE_CH8,discovery_overlap,1,4,S01_COMM_LEAN,2048,128,2048,8,h0,C2_RING_SIMPLE_CH8,0,50,50,/root/private_data/lyc/2ndpaper/results/k500sm_ai_gfx928_4gpu/phase1_release_20260831_100100/cases/discovery_overlap_r1_S01_COMM_LEAN_p4_m2048_n128_k2048_q8_h0_C2_RING_SIMPLE_CH8/raw_global_samples.csv,4410.167100,4418.522000,4430.744550,4419.604660,6.574061,0.148748,4321.127650,4330.030000,4341.674000,549.804500,4323.230000,3860.552000,87.300309,87.144668
discovery_overlap_r1_S02_BALANCE_p4_m2048_n512_k2048_q1_b1_C0_DEFAULT,discovery_overlap,1,4,S02_BALANCE,2048,512,2048,1,b1,C0_DEFAULT,0,50,50,/root/private_data/lyc/2ndpaper/results/k500sm_ai_gfx928_4gpu/phase1_release_20260831_100100/cases/discovery_overlap_r1_S02_BALANCE_p4_m2048_n512_k2048_q1_b1_C0_DEFAULT/raw_global_samples.csv,4845.264000,4875.005500,4933.718850,4884.608900,56.478040,1.156245,3983.632550,4013.534500,4043.125000,4007.535000,4007.535000,855.551500,0.155778,0.000000
discovery_overlap_r1_S02_BALANCE_p4_m2048_n512_k2048_q1_b1_C1_RING_SIMPLE_CH4,discovery_overlap,1,4,S02_BALANCE,2048,512,2048,1,b1,C1_RING_SIMPLE_CH4,0,50,50,/root/private_data/lyc/2ndpaper/results/k500sm_ai_gfx928_4gpu/phase1_release_20260831_100100/cases/discovery_overlap_r1_S02_BALANCE_p4_m2048_n512_k2048_q1_b1_C1_RING_SIMPLE_CH4/raw_global_samples.csv,4853.432000,4884.765000,5025.093600,4978.838480,443.002570,8.897709,3995.192000,4020.254500,4092.529550,4014.174500,4014.174500,854.751500,0.154492,0.000000
discovery_overlap_r1_S02_BALANCE_p4_m2048_n512_k2048_q1_b1_C2_RING_SIMPLE_CH8,discovery_overlap,1,4,S02_BALANCE,2048,512,2048,1,b1,C2_RING_SIMPLE_CH8,0,50,50,/root/private_data/lyc/2ndpaper/results/k500sm_ai_gfx928_4gpu/phase1_release_20260831_100100/cases/discovery_overlap_r1_S02_BALANCE_p4_m2048_n512_k2048_q1_b1_C2_RING_SIMPLE_CH8/raw_global_samples.csv,4780.051450,4814.610000,4864.726000,4815.240260,26.403008,0.548322,3923.172000,3953.858000,3987.648350,3947.938000,3947.938000,854.672500,0.157696,0.000000
discovery_overlap_r1_S02_BALANCE_p4_m2048_n512_k2048_q1_h0_C0_DEFAULT,discovery_overlap,1,4,S02_BALANCE,2048,512,2048,1,h0,C0_DEFAULT,0,50,50,/root/private_data/lyc/2ndpaper/results/k500sm_ai_gfx928_4gpu/phase1_release_20260831_100100/cases/discovery_overlap_r1_S02_BALANCE_p4_m2048_n512_k2048_q1_h0_C0_DEFAULT/raw_global_samples.csv,5078.055950,5136.680000,5189.624500,5179.358220,312.286785,6.029449,4211.462600,4270.247500,4316.037000,4264.008000,4264.008000,856.033500,0.150630,0.000000
discovery_overlap_r1_S02_BALANCE_p4_m2048_n512_k2048_q1_h0_C1_RING_SIMPLE_CH4,discovery_overlap,1,4,S02_BALANCE,2048,512,2048,1,h0,C1_RING_SIMPLE_CH4,0,50,50,/root/private_data/lyc/2ndpaper/results/k500sm_ai_gfx928_4gpu/phase1_release_20260831_100100/cases/discovery_overlap_r1_S02_BALANCE_p4_m2048_n512_k2048_q1_h0_C1_RING_SIMPLE_CH4/raw_global_samples.csv,4849.635250,4881.167000,4917.003550,4968.905320,441.045049,8.876101,3987.026700,4015.215000,4057.332000,4008.975000,4008.975000,855.151500,0.156437,0.000000
discovery_overlap_r1_S02_BALANCE_p4_m2048_n512_k2048_q1_h0_C2_RING_SIMPLE_CH8,discovery_overlap,1,4,S02_BALANCE,2048,512,2048,1,h0,C2_RING_SIMPLE_CH8,0,50,50,/root/private_data/lyc/2ndpaper/results/k500sm_ai_gfx928_4gpu/phase1_release_20260831_100100/cases/discovery_overlap_r1_S02_BALANCE_p4_m2048_n512_k2048_q1_h0_C2_RING_SIMPLE_CH8/raw_global_samples.csv,4788.660000,4810.210000,4857.167100,4815.022620,21.164837,0.439558,3929.603450,3949.058500,3972.697000,3942.899000,3942.899000,855.232000,0.158048,0.000000
discovery_overlap_r1_S02_BALANCE_p4_m2048_n512_k2048_q2_b1_C0_DEFAULT,discovery_overlap,1,4,S02_BALANCE,2048,512,2048,2,b1,C0_DEFAULT,0,50,50,/root/private_data/lyc/2ndpaper/results/k500sm_ai_gfx928_4gpu/phase1_release_20260831_100100/cases/discovery_overlap_r1_S02_BALANCE_p4_m2048_n512_k2048_q2_b1_C0_DEFAULT/raw_global_samples.csv,4812.873550,4829.249000,4884.601500,4835.744460,28.344733,0.586150,4439.318000,4455.350000,4511.526050,2035.486000,4449.430000,2779.686500,54.272446,54.124803
discovery_overlap_r1_S02_BALANCE_p4_m2048_n512_k2048_q2_b1_C1_RING_SIMPLE_CH4,discovery_overlap,1,4,S02_BALANCE,2048,512,2048,2,b1,C1_RING_SIMPLE_CH4,0,50,50,/root/private_data/lyc/2ndpaper/results/k500sm_ai_gfx928_4gpu/phase1_release_20260831_100100/cases/discovery_overlap_r1_S02_BALANCE_p4_m2048_n512_k2048_q2_b1_C1_RING_SIMPLE_CH4/raw_global_samples.csv,4814.946800,4827.802500,4848.579450,4830.746260,12.767995,0.264307,4441.779000,4453.737000,4473.209550,2036.792500,4447.814500,2778.284000,54.297817,54.151811
discovery_overlap_r1_S02_BALANCE_p4_m2048_n512_k2048_q2_b1_C2_RING_SIMPLE_CH8,discovery_overlap,1,4,S02_BALANCE,2048,512,2048,2,b1,C2_RING_SIMPLE_CH8,0,50,50,/root/private_data/lyc/2ndpaper/results/k500sm_ai_gfx928_4gpu/phase1_release_20260831_100100/cases/discovery_overlap_r1_S02_BALANCE_p4_m2048_n512_k2048_q2_b1_C2_RING_SIMPLE_CH8/raw_global_samples.csv,4743.744450,4755.272000,4781.489300,4842.486980,426.451893,8.806464,4369.091050,4382.340000,4408.111750,2001.626500,4376.099000,2741.241500,54.324359,54.177958
discovery_overlap_r1_S02_BALANCE_p4_m2048_n512_k2048_q2_h0_C0_DEFAULT,discovery_overlap,1,4,S02_BALANCE,2048,512,2048,2,h0,C0_DEFAULT,0,50,50,/root/private_data/lyc/2ndpaper/results/k500sm_ai_gfx928_4gpu/phase1_release_20260831_100100/cases/discovery_overlap_r1_S02_BALANCE_p4_m2048_n512_k2048_q2_h0_C0_DEFAULT/raw_global_samples.csv,4420.040000,4435.271000,4447.710000,4434.649980,9.726588,0.219332,4045.589000,4062.252000,4073.619000,2035.725000,4055.932500,2383.708000,49.861024,49.711223
discovery_overlap_r1_S02_BALANCE_p4_m2048_n512_k2048_q2_h0_C1_RING_SIMPLE_CH4,discovery_overlap,1,4,S02_BALANCE,2048,512,2048,2,h0,C1_RING_SIMPLE_CH4,0,50,50,/root/private_data/lyc/2ndpaper/results/k500sm_ai_gfx928_4gpu/phase1_release_20260831_100100/cases/discovery_overlap_r1_S02_BALANCE_p4_m2048_n512_k2048_q2_h0_C1_RING_SIMPLE_CH4/raw_global_samples.csv,4422.034450,4435.807000,4450.734100,4479.455940,310.925558,6.941146,4048.180450,4062.601000,4076.328450,2036.423500,4056.438500,2384.258000,49.846380,49.688821
discovery_overlap_r1_S02_BALANCE_p4_m2048_n512_k2048_q2_h0_C2_RING_SIMPLE_CH8,discovery_overlap,1,4,S02_BALANCE,2048,512,2048,2,h0,C2_RING_SIMPLE_CH8,0,50,50,/root/private_data/lyc/2ndpaper/results/k500sm_ai_gfx928_4gpu/phase1_release_20260831_100100/cases/discovery_overlap_r1_S02_BALANCE_p4_m2048_n512_k2048_q2_h0_C2_RING_SIMPLE_CH8/raw_global_samples.csv,4329.269000,4341.436500,4351.148000,4341.647900,8.553492,0.197010,3956.969550,3968.261500,3976.873000,2000.607500,3962.101500,2325.392000,49.575376,49.412922
discovery_overlap_r1_S02_BALANCE_p4_m2048_n512_k2048_q4_b1_C0_DEFAULT,discovery_overlap,1,4,S02_BALANCE,2048,512,2048,4,b1,C0_DEFAULT,0,50,50,/root/private_data/lyc/2ndpaper/results/k500sm_ai_gfx928_4gpu/phase1_release_20260831_100100/cases/discovery_overlap_r1_S02_BALANCE_p4_m2048_n512_k2048_q4_b1_C0_DEFAULT/raw_global_samples.csv,4939.455000,4952.199000,4963.477450,4951.750520,7.312757,0.147680,4742.258450,4754.769500,4766.608450,1039.381500,4748.530000,3896.659000,78.130781,77.996666
discovery_overlap_r1_S02_BALANCE_p4_m2048_n512_k2048_q4_b1_C1_RING_SIMPLE_CH4,discovery_overlap,1,4,S02_BALANCE,2048,512,2048,4,b1,C1_RING_SIMPLE_CH4,0,50,50,/root/private_data/lyc/2ndpaper/results/k500sm_ai_gfx928_4gpu/phase1_release_20260831_100100/cases/discovery_overlap_r1_S02_BALANCE_p4_m2048_n512_k2048_q4_b1_C1_RING_SIMPLE_CH4/raw_global_samples.csv,4942.066550,4951.801000,4963.745000,4999.043580,328.308127,6.567419,4744.989550,4754.772500,4766.812000,1048.101000,4748.693000,3896.021000,77.961092,77.828116
discovery_overlap_r1_S02_BALANCE_p4_m2048_n512_k2048_q4_b1_C2_RING_SIMPLE_CH8,discovery_overlap,1,4,S02_BALANCE,2048,512,2048,4,b1,C2_RING_SIMPLE_CH8,0,50,50,/root/private_data/lyc/2ndpaper/results/k500sm_ai_gfx928_4gpu/phase1_release_20260831_100100/cases/discovery_overlap_r1_S02_BALANCE_p4_m2048_n512_k2048_q4_b1_C2_RING_SIMPLE_CH8/raw_global_samples.csv,4889.925450,4901.564500,6070.170650,5040.232180,556.244867,11.036096,4691.897000,4704.215500,4731.814450,1028.742000,4697.896000,3858.743500,78.134914,77.995599
discovery_overlap_r1_S02_BALANCE_p4_m2048_n512_k2048_q4_h0_C0_DEFAULT,discovery_overlap,1,4,S02_BALANCE,2048,512,2048,4,h0,C0_DEFAULT,0,50,50,/root/private_data/lyc/2ndpaper/results/k500sm_ai_gfx928_4gpu/phase1_release_20260831_100100/cases/discovery_overlap_r1_S02_BALANCE_p4_m2048_n512_k2048_q4_h0_C0_DEFAULT/raw_global_samples.csv,4291.599000,4295.838000,4312.926000,4341.404140,308.617934,7.108712,4094.298000,4098.808500,4115.145000,1043.541500,4092.248500,3238.699000,74.554142,74.389255
discovery_overlap_r1_S02_BALANCE_p4_m2048_n512_k2048_q4_h0_C1_RING_SIMPLE_CH4,discovery_overlap,1,4,S02_BALANCE,2048,512,2048,4,h0,C1_RING_SIMPLE_CH4,0,50,50,/root/private_data/lyc/2ndpaper/results/k500sm_ai_gfx928_4gpu/phase1_release_20260831_100100/cases/discovery_overlap_r1_S02_BALANCE_p4_m2048_n512_k2048_q4_h0_C1_RING_SIMPLE_CH4/raw_global_samples.csv,4288.775000,4295.038500,4308.549450,4341.241060,315.080553,7.257845,4091.450000,4097.610000,4111.320450,1044.661500,4091.210000,3237.578000,74.520133,74.363279
discovery_overlap_r1_S02_BALANCE_p4_m2048_n512_k2048_q4_h0_C2_RING_SIMPLE_CH8,discovery_overlap,1,4,S02_BALANCE,2048,512,2048,4,h0,C2_RING_SIMPLE_CH8,0,50,50,/root/private_data/lyc/2ndpaper/results/k500sm_ai_gfx928_4gpu/phase1_release_20260831_100100/cases/discovery_overlap_r1_S02_BALANCE_p4_m2048_n512_k2048_q4_h0_C2_RING_SIMPLE_CH8/raw_global_samples.csv,4331.116450,4338.236000,4348.491450,4338.934180,7.152522,0.164845,4069.283450,4073.051000,4085.014400,1029.622000,4067.371000,3295.014000,74.709655,74.570830
discovery_overlap_r1_S02_BALANCE_p4_m2048_n512_k2048_q8_b1_C0_DEFAULT,discovery_overlap,1,4,S02_BALANCE,2048,512,2048,8,b1,C0_DEFAULT,0,50,50,/root/private_data/lyc/2ndpaper/results/k500sm_ai_gfx928_4gpu/phase1_release_20260831_100100/cases/discovery_overlap_r1_S02_BALANCE_p4_m2048_n512_k2048_q8_b1_C0_DEFAULT/raw_global_samples.csv,5998.063550,6017.661000,6126.029500,6081.726860,360.486247,5.927367,5792.275000,5811.353000,5902.105400,549.809500,5805.033500,5454.013500,90.535873,90.425118
discovery_overlap_r1_S02_BALANCE_p4_m2048_n512_k2048_q8_b1_C1_RING_SIMPLE_CH4,discovery_overlap,1,4,S02_BALANCE,2048,512,2048,8,b1,C1_RING_SIMPLE_CH4,0,50,50,/root/private_data/lyc/2ndpaper/results/k500sm_ai_gfx928_4gpu/phase1_release_20260831_100100/cases/discovery_overlap_r1_S02_BALANCE_p4_m2048_n512_k2048_q8_b1_C1_RING_SIMPLE_CH4/raw_global_samples.csv,5992.567550,6011.742000,6091.780450,6028.583500,36.340308,0.602800,5786.995000,5806.073000,5877.619500,551.889000,5799.514000,5445.374000,90.505525,90.395525
discovery_overlap_r1_S02_BALANCE_p4_m2048_n512_k2048_q8_b1_C2_RING_SIMPLE_CH8,discovery_overlap,1,4,S02_BALANCE,2048,512,2048,8,b1,C2_RING_SIMPLE_CH8,0,50,50,/root/private_data/lyc/2ndpaper/results/k500sm_ai_gfx928_4gpu/phase1_release_20260831_100100/cases/discovery_overlap_r1_S02_BALANCE_p4_m2048_n512_k2048_q8_b1_C2_RING_SIMPLE_CH8/raw_global_samples.csv,5960.593450,5981.344500,6057.411900,5992.764960,31.658556,0.528280,5753.813000,5774.716000,5835.927450,545.570000,5768.236500,5419.935500,90.562685,90.448892
discovery_overlap_r1_S02_BALANCE_p4_m2048_n512_k2048_q8_h0_C0_DEFAULT,discovery_overlap,1,4,S02_BALANCE,2048,512,2048,8,h0,C0_DEFAULT,0,50,50,/root/private_data/lyc/2ndpaper/results/k500sm_ai_gfx928_4gpu/phase1_release_20260831_100100/cases/discovery_overlap_r1_S02_BALANCE_p4_m2048_n512_k2048_q8_h0_C0_DEFAULT/raw_global_samples.csv,4539.817000,4550.944000,4615.933450,4605.186200,328.692883,7.137450,4334.141100,4344.161500,4402.744900,550.769000,4337.601500,3987.940500,87.333499,87.184281
discovery_overlap_r1_S02_BALANCE_p4_m2048_n512_k2048_q8_h0_C1_RING_SIMPLE_CH4,discovery_overlap,1,4,S02_BALANCE,2048,512,2048,8,h0,C1_RING_SIMPLE_CH4,0,50,50,/root/private_data/lyc/2ndpaper/results/k500sm_ai_gfx928_4gpu/phase1_release_20260831_100100/cases/discovery_overlap_r1_S02_BALANCE_p4_m2048_n512_k2048_q8_h0_C1_RING_SIMPLE_CH4/raw_global_samples.csv,4551.641000,4568.705000,4853.952900,4612.721880,100.231909,2.172945,4345.344150,4362.236500,4648.220900,557.569000,4355.517000,4000.660000,87.221737,87.069856
discovery_overlap_r1_S02_BALANCE_p4_m2048_n512_k2048_q8_h0_C2_RING_SIMPLE_CH8,discovery_overlap,1,4,S02_BALANCE,2048,512,2048,8,h0,C2_RING_SIMPLE_CH8,0,50,50,/root/private_data/lyc/2ndpaper/results/k500sm_ai_gfx928_4gpu/phase1_release_20260831_100100/cases/discovery_overlap_r1_S02_BALANCE_p4_m2048_n512_k2048_q8_h0_C2_RING_SIMPLE_CH8/raw_global_samples.csv,4535.231950,4568.565500,4623.678100,4632.922160,364.563946,7.868985,4318.772450,4335.269000,4368.785550,544.299500,4326.947000,4011.300500,87.453753,87.268826
discovery_overlap_r1_S03_COMPUTE_LEAN_p4_m2048_n2048_k2048_q1_b1_C0_DEFAULT,discovery_overlap,1,4,S03_COMPUTE_LEAN,2048,2048,2048,1,b1,C0_DEFAULT,0,50,50,/root/private_data/lyc/2ndpaper/results/k500sm_ai_gfx928_4gpu/phase1_release_20260831_100100/cases/discovery_overlap_r1_S03_COMPUTE_LEAN_p4_m2048_n2048_k2048_q1_b1_C0_DEFAULT/raw_global_samples.csv,6353.927950,6374.288000,6412.479550,6421.265340,302.937350,4.717720,3986.139150,4013.615000,4050.604550,4007.295000,4007.295000,2365.948500,0.158093,0.000000
discovery_overlap_r1_S03_COMPUTE_LEAN_p4_m2048_n2048_k2048_q1_b1_C1_RING_SIMPLE_CH4,discovery_overlap,1,4,S03_COMPUTE_LEAN,2048,2048,2048,1,b1,C1_RING_SIMPLE_CH4,0,50,50,/root/private_data/lyc/2ndpaper/results/k500sm_ai_gfx928_4gpu/phase1_release_20260831_100100/cases/discovery_overlap_r1_S03_COMPUTE_LEAN_p4_m2048_n2048_k2048_q1_b1_C1_RING_SIMPLE_CH4/raw_global_samples.csv,6349.940000,6378.362500,6406.544000,6417.750600,283.873757,4.423259,3989.711000,4015.534500,4049.188450,4009.454000,4009.454000,2366.027000,0.157937,0.000000
discovery_overlap_r1_S03_COMPUTE_LEAN_p4_m2048_n2048_k2048_q1_b1_C2_RING_SIMPLE_CH8,discovery_overlap,1,4,S03_COMPUTE_LEAN,2048,2048,2048,1,b1,C2_RING_SIMPLE_CH8,0,50,50,/root/private_data/lyc/2ndpaper/results/k500sm_ai_gfx928_4gpu/phase1_release_20260831_100100/cases/discovery_overlap_r1_S03_COMPUTE_LEAN_p4_m2048_n2048_k2048_q1_b1_C2_RING_SIMPLE_CH8/raw_global_samples.csv,6292.662450,6314.286000,6362.936950,6317.402260,23.797863,0.376703,3925.302850,3955.218000,3987.648550,3948.818500,3948.818500,2367.789500,0.162744,0.000000
discovery_overlap_r1_S03_COMPUTE_LEAN_p4_m2048_n2048_k2048_q1_h0_C0_DEFAULT,discovery_overlap,1,4,S03_COMPUTE_LEAN,2048,2048,2048,1,h0,C0_DEFAULT,0,50,50,/root/private_data/lyc/2ndpaper/results/k500sm_ai_gfx928_4gpu/phase1_release_20260831_100100/cases/discovery_overlap_r1_S03_COMPUTE_LEAN_p4_m2048_n2048_k2048_q1_h0_C0_DEFAULT/raw_global_samples.csv,6348.235550,6376.520500,6409.044950,6422.445560,319.035374,4.967506,3984.580300,4011.374000,4037.972450,4005.054500,4005.054500,2367.629000,0.157732,0.000000
discovery_overlap_r1_S03_COMPUTE_LEAN_p4_m2048_n2048_k2048_q1_h0_C1_RING_SIMPLE_CH4,discovery_overlap,1,4,S03_COMPUTE_LEAN,2048,2048,2048,1,h0,C1_RING_SIMPLE_CH4,0,50,50,/root/private_data/lyc/2ndpaper/results/k500sm_ai_gfx928_4gpu/phase1_release_20260831_100100/cases/discovery_overlap_r1_S03_COMPUTE_LEAN_p4_m2048_n2048_k2048_q1_h0_C1_RING_SIMPLE_CH4/raw_global_samples.csv,6350.532000,6381.087500,6411.054050,6382.911420,20.574039,0.322330,3988.648550,4015.775000,4044.661000,4009.455000,4009.455000,2367.549000,0.155937,0.000000
discovery_overlap_r1_S03_COMPUTE_LEAN_p4_m2048_n2048_k2048_q1_h0_C2_RING_SIMPLE_CH8,discovery_overlap,1,4,S03_COMPUTE_LEAN,2048,2048,2048,1,h0,C2_RING_SIMPLE_CH8,0,50,50,/root/private_data/lyc/2ndpaper/results/k500sm_ai_gfx928_4gpu/phase1_release_20260831_100100/cases/discovery_overlap_r1_S03_COMPUTE_LEAN_p4_m2048_n2048_k2048_q1_h0_C2_RING_SIMPLE_CH8/raw_global_samples.csv,6281.350000,6312.446500,6336.778900,6310.812020,17.637557,0.279482,3916.652900,3949.698000,3973.465000,3943.138500,3943.138500,2367.391000,0.161665,0.000000
discovery_overlap_r1_S03_COMPUTE_LEAN_p4_m2048_n2048_k2048_q2_b1_C0_DEFAULT,discovery_overlap,1,4,S03_COMPUTE_LEAN,2048,2048,2048,2,b1,C0_DEFAULT,0,50,50,/root/private_data/lyc/2ndpaper/results/k500sm_ai_gfx928_4gpu/phase1_release_20260831_100100/cases/discovery_overlap_r1_S03_COMPUTE_LEAN_p4_m2048_n2048_k2048_q2_b1_C0_DEFAULT/raw_global_samples.csv,6391.241000,6420.679500,6458.693000,6461.061080,290.411701,4.494799,5221.898000,5249.624500,5275.559000,2036.845000,5243.624500,4370.078500,61.183889,61.064623
discovery_overlap_r1_S03_COMPUTE_LEAN_p4_m2048_n2048_k2048_q2_b1_C1_RING_SIMPLE_CH4,discovery_overlap,1,4,S03_COMPUTE_LEAN,2048,2048,2048,2,b1,C1_RING_SIMPLE_CH4,0,50,50,/root/private_data/lyc/2ndpaper/results/k500sm_ai_gfx928_4gpu/phase1_release_20260831_100100/cases/discovery_overlap_r1_S03_COMPUTE_LEAN_p4_m2048_n2048_k2048_q2_b1_C1_RING_SIMPLE_CH4/raw_global_samples.csv,6401.205550,6422.460000,6510.781550,6474.742640,323.782061,5.000694,5235.686900,5255.498500,5346.568200,2040.777500,5249.175500,4371.496000,61.150089,61.029777
discovery_overlap_r1_S03_COMPUTE_LEAN_p4_m2048_n2048_k2048_q2_b1_C2_RING_SIMPLE_CH8,discovery_overlap,1,4,S03_COMPUTE_LEAN,2048,2048,2048,2,b1,C2_RING_SIMPLE_CH8,0,50,50,/root/private_data/lyc/2ndpaper/results/k500sm_ai_gfx928_4gpu/phase1_release_20260831_100100/cases/discovery_overlap_r1_S03_COMPUTE_LEAN_p4_m2048_n2048_k2048_q2_b1_C2_RING_SIMPLE_CH8/raw_global_samples.csv,6317.676550,6337.883500,6363.890000,6385.346880,332.082168,5.200691,5155.605550,5169.309000,5194.756450,1998.127500,5162.589500,4328.080500,61.322456,61.196368
discovery_overlap_r1_S03_COMPUTE_LEAN_p4_m2048_n2048_k2048_q2_h0_C0_DEFAULT,discovery_overlap,1,4,S03_COMPUTE_LEAN,2048,2048,2048,2,h0,C0_DEFAULT,0,50,50,/root/private_data/lyc/2ndpaper/results/k500sm_ai_gfx928_4gpu/phase1_release_20260831_100100/cases/discovery_overlap_r1_S03_COMPUTE_LEAN_p4_m2048_n2048_k2048_q2_h0_C0_DEFAULT/raw_global_samples.csv,5317.983150,5342.648000,5366.248000,5391.295500,343.430562,6.370093,4145.089200,4163.209000,4188.107450,2036.545000,4156.887500,3298.430000,51.072935,50.919119
discovery_overlap_r1_S03_COMPUTE_LEAN_p4_m2048_n2048_k2048_q2_h0_C1_RING_SIMPLE_CH4,discovery_overlap,1,4,S03_COMPUTE_LEAN,2048,2048,2048,2,h0,C1_RING_SIMPLE_CH4,0,50,50,/root/private_data/lyc/2ndpaper/results/k500sm_ai_gfx928_4gpu/phase1_release_20260831_100100/cases/discovery_overlap_r1_S03_COMPUTE_LEAN_p4_m2048_n2048_k2048_q2_h0_C1_RING_SIMPLE_CH4/raw_global_samples.csv,5317.197450,5339.385500,5366.802350,5386.965880,327.698981,6.083183,4149.807550,4166.166000,4193.804450,2040.685500,4159.606500,3292.298000,51.073542,50.919543
discovery_overlap_r1_S03_COMPUTE_LEAN_p4_m2048_n2048_k2048_q2_h0_C2_RING_SIMPLE_CH8,discovery_overlap,1,4,S03_COMPUTE_LEAN,2048,2048,2048,2,h0,C2_RING_SIMPLE_CH8,0,50,50,/root/private_data/lyc/2ndpaper/results/k500sm_ai_gfx928_4gpu/phase1_release_20260831_100100/cases/discovery_overlap_r1_S03_COMPUTE_LEAN_p4_m2048_n2048_k2048_q2_h0_C2_RING_SIMPLE_CH8/raw_global_samples.csv,5124.975550,5143.870500,5176.545500,5223.752460,396.914670,7.598267,3957.777450,3968.337000,3988.271450,1998.528000,3961.777500,3134.067000,49.631197,49.474674
discovery_overlap_r1_S03_COMPUTE_LEAN_p4_m2048_n2048_k2048_q4_b1_C0_DEFAULT,discovery_overlap,1,4,S03_COMPUTE_LEAN,2048,2048,2048,4,b1,C0_DEFAULT,0,50,50,/root/private_data/lyc/2ndpaper/results/k500sm_ai_gfx928_4gpu/phase1_release_20260831_100100/cases/discovery_overlap_r1_S03_COMPUTE_LEAN_p4_m2048_n2048_k2048_q4_b1_C0_DEFAULT/raw_global_samples.csv,6702.414550,6710.822500,6729.253450,6763.725980,353.034191,5.219522,6064.996100,6073.179500,6090.921450,1042.502000,6067.019500,5654.963000,82.829488,82.725494
discovery_overlap_r1_S03_COMPUTE_LEAN_p4_m2048_n2048_k2048_q4_b1_C1_RING_SIMPLE_CH4,discovery_overlap,1,4,S03_COMPUTE_LEAN,2048,2048,2048,4,b1,C1_RING_SIMPLE_CH4,0,50,50,/root/private_data/lyc/2ndpaper/results/k500sm_ai_gfx928_4gpu/phase1_release_20260831_100100/cases/discovery_overlap_r1_S03_COMPUTE_LEAN_p4_m2048_n2048_k2048_q4_b1_C1_RING_SIMPLE_CH4/raw_global_samples.csv,6717.519450,6735.062000,6869.094050,6786.217540,302.668240,4.460043,6078.843450,6097.577000,6227.809950,1057.060500,6091.338000,5670.241500,82.655283,82.550648
discovery_overlap_r1_S03_COMPUTE_LEAN_p4_m2048_n2048_k2048_q4_b1_C2_RING_SIMPLE_CH8,discovery_overlap,1,4,S03_COMPUTE_LEAN,2048,2048,2048,4,b1,C2_RING_SIMPLE_CH8,0,50,50,/root/private_data/lyc/2ndpaper/results/k500sm_ai_gfx928_4gpu/phase1_release_20260831_100100/cases/discovery_overlap_r1_S03_COMPUTE_LEAN_p4_m2048_n2048_k2048_q4_b1_C2_RING_SIMPLE_CH8/raw_global_samples.csv,6651.857550,6662.426000,6708.695450,6735.084040,357.927984,5.314380,6013.493900,6024.782000,6060.811450,1031.062000,6018.222000,5617.525000,82.901962,82.794561
discovery_overlap_r1_S03_COMPUTE_LEAN_p4_m2048_n2048_k2048_q4_h0_C0_DEFAULT,discovery_overlap,1,4,S03_COMPUTE_LEAN,2048,2048,2048,4,h0,C0_DEFAULT,0,50,50,/root/private_data/lyc/2ndpaper/results/k500sm_ai_gfx928_4gpu/phase1_release_20260831_100100/cases/discovery_overlap_r1_S03_COMPUTE_LEAN_p4_m2048_n2048_k2048_q4_h0_C0_DEFAULT/raw_global_samples.csv,4845.369000,4853.407000,4871.727000,4855.621980,8.481650,0.174677,4136.320000,4142.967000,4160.366450,1043.701500,4136.328000,3796.427000,74.814032,74.657156
discovery_overlap_r1_S03_COMPUTE_LEAN_p4_m2048_n2048_k2048_q4_h0_C1_RING_SIMPLE_CH4,discovery_overlap,1,4,S03_COMPUTE_LEAN,2048,2048,2048,4,h0,C1_RING_SIMPLE_CH4,0,50,50,/root/private_data/lyc/2ndpaper/results/k500sm_ai_gfx928_4gpu/phase1_release_20260831_100100/cases/discovery_overlap_r1_S03_COMPUTE_LEAN_p4_m2048_n2048_k2048_q4_h0_C1_RING_SIMPLE_CH4/raw_global_samples.csv,4845.831450,4854.367000,4874.054450,4905.868520,353.697331,7.209678,4134.808000,4143.207000,4162.270100,1046.021500,4136.328000,3794.987000,74.747779,74.600616
discovery_overlap_r1_S03_COMPUTE_LEAN_p4_m2048_n2048_k2048_q4_h0_C2_RING_SIMPLE_CH8,discovery_overlap,1,4,S03_COMPUTE_LEAN,2048,2048,2048,4,h0,C2_RING_SIMPLE_CH8,0,50,50,/root/private_data/lyc/2ndpaper/results/k500sm_ai_gfx928_4gpu/phase1_release_20260831_100100/cases/discovery_overlap_r1_S03_COMPUTE_LEAN_p4_m2048_n2048_k2048_q4_h0_C2_RING_SIMPLE_CH8/raw_global_samples.csv,4833.880550,4842.288000,4867.910350,4890.471160,326.993967,6.686349,4052.756550,4058.651500,4086.577900,1028.982000,4053.052500,3800.347000,74.663860,74.527687
discovery_overlap_r1_S03_COMPUTE_LEAN_p4_m2048_n2048_k2048_q8_b1_C0_DEFAULT,discovery_overlap,1,4,S03_COMPUTE_LEAN,2048,2048,2048,8,b1,C0_DEFAULT,0,50,50,/root/private_data/lyc/2ndpaper/results/k500sm_ai_gfx928_4gpu/phase1_release_20260831_100100/cases/discovery_overlap_r1_S03_COMPUTE_LEAN_p4_m2048_n2048_k2048_q8_b1_C0_DEFAULT/raw_global_samples.csv,7785.874550,7796.842000,7831.088450,7801.312140,16.316919,0.209156,7362.290000,7371.585500,7405.928450,562.208000,7365.346000,7223.121500,92.381769,92.297081
discovery_overlap_r1_S03_COMPUTE_LEAN_p4_m2048_n2048_k2048_q8_b1_C1_RING_SIMPLE_CH4,discovery_overlap,1,4,S03_COMPUTE_LEAN,2048,2048,2048,8,b1,C1_RING_SIMPLE_CH4,0,50,50,/root/private_data/lyc/2ndpaper/results/k500sm_ai_gfx928_4gpu/phase1_release_20260831_100100/cases/discovery_overlap_r1_S03_COMPUTE_LEAN_p4_m2048_n2048_k2048_q8_b1_C1_RING_SIMPLE_CH4/raw_global_samples.csv,7781.931000,7799.482000,7854.631450,7891.524780,453.544054,5.747230,7356.674450,7372.866500,7429.454900,563.008500,7366.546500,7227.914500,92.367589,92.280892
discovery_overlap_r1_S03_COMPUTE_LEAN_p4_m2048_n2048_k2048_q8_b1_C2_RING_SIMPLE_CH8,discovery_overlap,1,4,S03_COMPUTE_LEAN,2048,2048,2048,8,b1,C2_RING_SIMPLE_CH8,0,50,50,/root/private_data/lyc/2ndpaper/results/k500sm_ai_gfx928_4gpu/phase1_release_20260831_100100/cases/discovery_overlap_r1_S03_COMPUTE_LEAN_p4_m2048_n2048_k2048_q8_b1_C2_RING_SIMPLE_CH8/raw_global_samples.csv,7742.186000,7752.915500,7768.687300,7756.111940,17.858170,0.230246,7315.473150,7325.635000,7342.135350,554.206500,7319.313000,7188.030500,92.433850,92.347879
discovery_overlap_r1_S03_COMPUTE_LEAN_p4_m2048_n2048_k2048_q8_h0_C0_DEFAULT,discovery_overlap,1,4,S03_COMPUTE_LEAN,2048,2048,2048,8,h0,C0_DEFAULT,0,50,50,/root/private_data/lyc/2ndpaper/results/k500sm_ai_gfx928_4gpu/phase1_release_20260831_100100/cases/discovery_overlap_r1_S03_COMPUTE_LEAN_p4_m2048_n2048_k2048_q8_h0_C0_DEFAULT/raw_global_samples.csv,5165.269450,5183.389000,5307.283300,5274.651840,427.484536,8.104507,4494.876000,4503.267500,4636.640200,575.807500,4497.268000,4604.622000,87.225435,87.094218
discovery_overlap_r1_S03_COMPUTE_LEAN_p4_m2048_n2048_k2048_q8_h0_C1_RING_SIMPLE_CH4,discovery_overlap,1,4,S03_COMPUTE_LEAN,2048,2048,2048,8,h0,C1_RING_SIMPLE_CH4,0,50,50,/root/private_data/lyc/2ndpaper/results/k500sm_ai_gfx928_4gpu/phase1_release_20260831_100100/cases/discovery_overlap_r1_S03_COMPUTE_LEAN_p4_m2048_n2048_k2048_q8_h0_C1_RING_SIMPLE_CH4/raw_global_samples.csv,5158.582450,5174.434500,5192.396550,5221.560800,339.072654,6.493703,4485.588900,4495.749000,4508.490900,570.688000,4489.749000,4598.862000,87.310051,87.178803
discovery_overlap_r1_S03_COMPUTE_LEAN_p4_m2048_n2048_k2048_q8_h0_C2_RING_SIMPLE_CH8,discovery_overlap,1,4,S03_COMPUTE_LEAN,2048,2048,2048,8,h0,C2_RING_SIMPLE_CH8,0,50,50,/root/private_data/lyc/2ndpaper/results/k500sm_ai_gfx928_4gpu/phase1_release_20260831_100100/cases/discovery_overlap_r1_S03_COMPUTE_LEAN_p4_m2048_n2048_k2048_q8_h0_C2_RING_SIMPLE_CH8/raw_global_samples.csv,5523.758500,5539.774500,5552.945000,5583.569820,316.796632,5.673729,4374.458450,4386.633500,4401.441550,562.768500,4380.713500,4970.443000,87.173755,87.036352
discovery_overlap_r2_S01_COMM_LEAN_p4_m2048_n128_k2048_q1_b1_C0_DEFAULT,discovery_overlap,2,4,S01_COMM_LEAN,2048,128,2048,1,b1,C0_DEFAULT,0,50,50,/root/private_data/lyc/2ndpaper/results/k500sm_ai_gfx928_4gpu/phase1_release_20260831_100100/cases/discovery_overlap_r2_S01_COMM_LEAN_p4_m2048_n128_k2048_q1_b1_C0_DEFAULT/raw_global_samples.csv,4308.215500,4342.143500,4365.455450,4340.692440,20.069942,0.462367,3981.475850,4012.237500,4040.915450,4006.157500,4006.157500,320.787000,0.155376,0.000000
discovery_overlap_r2_S01_COMM_LEAN_p4_m2048_n128_k2048_q1_b1_C1_RING_SIMPLE_CH4,discovery_overlap,2,4,S01_COMM_LEAN,2048,128,2048,1,b1,C1_RING_SIMPLE_CH4,0,50,50,/root/private_data/lyc/2ndpaper/results/k500sm_ai_gfx928_4gpu/phase1_release_20260831_100100/cases/discovery_overlap_r2_S01_COMM_LEAN_p4_m2048_n128_k2048_q1_b1_C1_RING_SIMPLE_CH4/raw_global_samples.csv,4323.573550,4354.955500,4402.504450,4407.487780,351.131929,7.966714,3994.000000,4028.254500,4069.891450,4021.694000,4021.694000,321.181500,0.156347,0.000000
discovery_overlap_r2_S01_COMM_LEAN_p4_m2048_n128_k2048_q1_b1_C2_RING_SIMPLE_CH8,discovery_overlap,2,4,S01_COMM_LEAN,2048,128,2048,1,b1,C2_RING_SIMPLE_CH8,0,50,50,/root/private_data/lyc/2ndpaper/results/k500sm_ai_gfx928_4gpu/phase1_release_20260831_100100/cases/discovery_overlap_r2_S01_COMM_LEAN_p4_m2048_n128_k2048_q1_b1_C2_RING_SIMPLE_CH8/raw_global_samples.csv,4260.192000,4279.679500,4326.335600,4284.344960,23.462430,0.547632,3931.850550,3952.258000,3975.448450,3945.858500,3945.858500,321.582500,0.158132,0.000000
discovery_overlap_r2_S01_COMM_LEAN_p4_m2048_n128_k2048_q1_h0_C0_DEFAULT,discovery_overlap,2,4,S01_COMM_LEAN,2048,128,2048,1,h0,C0_DEFAULT,0,50,50,/root/private_data/lyc/2ndpaper/results/k500sm_ai_gfx928_4gpu/phase1_release_20260831_100100/cases/discovery_overlap_r2_S01_COMM_LEAN_p4_m2048_n128_k2048_q1_h0_C0_DEFAULT/raw_global_samples.csv,4316.061550,4345.115500,4384.661400,4393.718380,347.426392,7.907343,3989.183000,4017.134000,4052.124450,4010.814500,4010.814500,321.262000,0.153625,0.000000
discovery_overlap_r2_S01_COMM_LEAN_p4_m2048_n128_k2048_q1_h0_C1_RING_SIMPLE_CH4,discovery_overlap,2,4,S01_COMM_LEAN,2048,128,2048,1,h0,C1_RING_SIMPLE_CH4,0,50,50,/root/private_data/lyc/2ndpaper/results/k500sm_ai_gfx928_4gpu/phase1_release_20260831_100100/cases/discovery_overlap_r2_S01_COMM_LEAN_p4_m2048_n128_k2048_q1_h0_C1_RING_SIMPLE_CH4/raw_global_samples.csv,4316.838000,4347.994500,4387.842450,4347.942240,22.718732,0.522517,3989.160000,4018.573500,4047.629000,4012.574000,4012.574000,321.262500,0.154363,0.000000
discovery_overlap_r2_S01_COMM_LEAN_p4_m2048_n128_k2048_q1_h0_C2_RING_SIMPLE_CH8,discovery_overlap,2,4,S01_COMM_LEAN,2048,128,2048,1,h0,C2_RING_SIMPLE_CH8,0,50,50,/root/private_data/lyc/2ndpaper/results/k500sm_ai_gfx928_4gpu/phase1_release_20260831_100100/cases/discovery_overlap_r2_S01_COMM_LEAN_p4_m2048_n128_k2048_q1_h0_C2_RING_SIMPLE_CH8/raw_global_samples.csv,4250.797300,4275.440000,4319.661450,4283.196280,43.211015,1.008850,3925.635450,3945.699000,3985.744000,3939.459000,3939.459000,321.662500,0.154580,0.000000
discovery_overlap_r2_S01_COMM_LEAN_p4_m2048_n128_k2048_q2_b1_C0_DEFAULT,discovery_overlap,2,4,S01_COMM_LEAN,2048,128,2048,2,b1,C0_DEFAULT,0,50,50,/root/private_data/lyc/2ndpaper/results/k500sm_ai_gfx928_4gpu/phase1_release_20260831_100100/cases/discovery_overlap_r2_S01_COMM_LEAN_p4_m2048_n128_k2048_q2_b1_C0_DEFAULT/raw_global_samples.csv,4357.563550,4372.474000,4417.823450,4376.864160,17.666999,0.403645,4209.755550,4224.482500,4270.759450,2036.765500,4218.482500,2322.912000,51.787343,51.646878
discovery_overlap_r2_S01_COMM_LEAN_p4_m2048_n128_k2048_q2_b1_C1_RING_SIMPLE_CH4,discovery_overlap,2,4,S01_COMM_LEAN,2048,128,2048,2,b1,C1_RING_SIMPLE_CH4,0,50,50,/root/private_data/lyc/2ndpaper/results/k500sm_ai_gfx928_4gpu/phase1_release_20260831_100100/cases/discovery_overlap_r2_S01_COMM_LEAN_p4_m2048_n128_k2048_q2_b1_C1_RING_SIMPLE_CH4/raw_global_samples.csv,4350.004100,4371.114500,4386.506000,4369.405520,11.340834,0.259551,4200.532000,4223.123000,4237.642000,2033.405500,4216.883000,2322.749000,51.850094,51.698282
discovery_overlap_r2_S01_COMM_LEAN_p4_m2048_n128_k2048_q2_b1_C2_RING_SIMPLE_CH8,discovery_overlap,2,4,S01_COMM_LEAN,2048,128,2048,2,b1,C2_RING_SIMPLE_CH8,0,50,50,/root/private_data/lyc/2ndpaper/results/k500sm_ai_gfx928_4gpu/phase1_release_20260831_100100/cases/discovery_overlap_r2_S01_COMM_LEAN_p4_m2048_n128_k2048_q2_b1_C2_RING_SIMPLE_CH8/raw_global_samples.csv,4283.287000,4296.798500,4320.965550,4341.465080,304.026517,7.002855,4134.000100,4148.166000,4173.294000,1998.927500,4142.007000,2287.391500,51.808774,51.666296
discovery_overlap_r2_S01_COMM_LEAN_p4_m2048_n128_k2048_q2_h0_C0_DEFAULT,discovery_overlap,2,4,S01_COMM_LEAN,2048,128,2048,2,h0,C0_DEFAULT,0,50,50,/root/private_data/lyc/2ndpaper/results/k500sm_ai_gfx928_4gpu/phase1_release_20260831_100100/cases/discovery_overlap_r2_S01_COMM_LEAN_p4_m2048_n128_k2048_q2_h0_C0_DEFAULT/raw_global_samples.csv,4195.149000,4208.563500,4228.811000,4210.301400,11.193579,0.265862,4045.965000,4059.292000,4079.179450,2036.366000,4053.452500,2160.201000,49.853053,49.703148
discovery_overlap_r2_S01_COMM_LEAN_p4_m2048_n128_k2048_q2_h0_C1_RING_SIMPLE_CH4,discovery_overlap,2,4,S01_COMM_LEAN,2048,128,2048,2,h0,C1_RING_SIMPLE_CH4,0,50,50,/root/private_data/lyc/2ndpaper/results/k500sm_ai_gfx928_4gpu/phase1_release_20260831_100100/cases/discovery_overlap_r2_S01_COMM_LEAN_p4_m2048_n128_k2048_q2_h0_C1_RING_SIMPLE_CH4/raw_global_samples.csv,4189.574000,4209.604000,4222.043000,4207.684020,10.169878,0.241698,4042.510000,4060.572000,4072.995450,2034.526000,4054.413000,2159.239000,49.862116,49.709950
discovery_overlap_r2_S01_COMM_LEAN_p4_m2048_n128_k2048_q2_h0_C2_RING_SIMPLE_CH8,discovery_overlap,2,4,S01_COMM_LEAN,2048,128,2048,2,h0,C2_RING_SIMPLE_CH8,0,50,50,/root/private_data/lyc/2ndpaper/results/k500sm_ai_gfx928_4gpu/phase1_release_20260831_100100/cases/discovery_overlap_r2_S01_COMM_LEAN_p4_m2048_n128_k2048_q2_h0_C2_RING_SIMPLE_CH8/raw_global_samples.csv,4102.730000,4115.929000,4349.556000,4178.342060,322.531119,7.719117,3954.482450,3967.617500,4201.756000,2001.248000,3961.377500,2100.602500,49.568918,49.415845
discovery_overlap_r2_S01_COMM_LEAN_p4_m2048_n128_k2048_q4_b1_C0_DEFAULT,discovery_overlap,2,4,S01_COMM_LEAN,2048,128,2048,4,b1,C0_DEFAULT,0,50,50,/root/private_data/lyc/2ndpaper/results/k500sm_ai_gfx928_4gpu/phase1_release_20260831_100100/cases/discovery_overlap_r2_S01_COMM_LEAN_p4_m2048_n128_k2048_q4_b1_C0_DEFAULT/raw_global_samples.csv,4727.671000,4737.254000,4749.269000,4737.957640,7.267090,0.153380,4583.262450,4592.942000,4604.333000,1043.381500,4586.622000,3683.553500,77.305270,77.167689
discovery_overlap_r2_S01_COMM_LEAN_p4_m2048_n128_k2048_q4_b1_C1_RING_SIMPLE_CH4,discovery_overlap,2,4,S01_COMM_LEAN,2048,128,2048,4,b1,C1_RING_SIMPLE_CH4,0,50,50,/root/private_data/lyc/2ndpaper/results/k500sm_ai_gfx928_4gpu/phase1_release_20260831_100100/cases/discovery_overlap_r2_S01_COMM_LEAN_p4_m2048_n128_k2048_q4_b1_C1_RING_SIMPLE_CH4/raw_global_samples.csv,4728.809450,4743.063500,4754.332000,4792.788180,360.103727,7.513450,4583.922000,4597.478500,4607.675450,1046.144000,4591.076000,3688.436000,77.238017,77.098816
discovery_overlap_r2_S01_COMM_LEAN_p4_m2048_n128_k2048_q4_b1_C2_RING_SIMPLE_CH8,discovery_overlap,2,4,S01_COMM_LEAN,2048,128,2048,4,b1,C2_RING_SIMPLE_CH8,0,50,50,/root/private_data/lyc/2ndpaper/results/k500sm_ai_gfx928_4gpu/phase1_release_20260831_100100/cases/discovery_overlap_r2_S01_COMM_LEAN_p4_m2048_n128_k2048_q4_b1_C2_RING_SIMPLE_CH8/raw_global_samples.csv,4669.641450,4684.537000,4699.671450,4731.167720,331.866548,7.014474,4523.961550,4539.825000,4554.919450,1029.623000,4533.505000,3643.075000,77.324025,77.184727
discovery_overlap_r2_S01_COMM_LEAN_p4_m2048_n128_k2048_q4_h0_C0_DEFAULT,discovery_overlap,2,4,S01_COMM_LEAN,2048,128,2048,4,h0,C0_DEFAULT,0,50,50,/root/private_data/lyc/2ndpaper/results/k500sm_ai_gfx928_4gpu/phase1_release_20260831_100100/cases/discovery_overlap_r2_S01_COMM_LEAN_p4_m2048_n128_k2048_q4_h0_C0_DEFAULT/raw_global_samples.csv,4300.047050,4313.578500,4323.007950,4312.962400,7.259698,0.168323,4155.376200,4167.577000,4177.366500,1041.530000,4161.480500,3258.827000,75.019644,74.869432
discovery_overlap_r2_S01_COMM_LEAN_p4_m2048_n128_k2048_q4_h0_C1_RING_SIMPLE_CH4,discovery_overlap,2,4,S01_COMM_LEAN,2048,128,2048,4,h0,C1_RING_SIMPLE_CH4,0,50,50,/root/private_data/lyc/2ndpaper/results/k500sm_ai_gfx928_4gpu/phase1_release_20260831_100100/cases/discovery_overlap_r2_S01_COMM_LEAN_p4_m2048_n128_k2048_q4_h0_C1_RING_SIMPLE_CH4/raw_global_samples.csv,4307.079250,4315.114000,4343.350950,4365.902040,340.501236,7.799104,4159.717800,4169.769500,4199.022950,1045.263500,4163.367500,3260.887500,74.946280,74.788964
discovery_overlap_r2_S01_COMM_LEAN_p4_m2048_n128_k2048_q4_h0_C2_RING_SIMPLE_CH8,discovery_overlap,2,4,S01_COMM_LEAN,2048,128,2048,4,h0,C2_RING_SIMPLE_CH8,0,50,50,/root/private_data/lyc/2ndpaper/results/k500sm_ai_gfx928_4gpu/phase1_release_20260831_100100/cases/discovery_overlap_r2_S01_COMM_LEAN_p4_m2048_n128_k2048_q4_h0_C2_RING_SIMPLE_CH8/raw_global_samples.csv,4217.667550,4224.324500,4250.010550,4227.977840,11.133614,0.263332,4072.411450,4078.251000,4103.747000,1036.742000,4071.931500,3182.225500,74.578150,74.428841
discovery_overlap_r2_S01_COMM_LEAN_p4_m2048_n128_k2048_q8_b1_C0_DEFAULT,discovery_overlap,2,4,S01_COMM_LEAN,2048,128,2048,8,b1,C0_DEFAULT,0,50,50,/root/private_data/lyc/2ndpaper/results/k500sm_ai_gfx928_4gpu/phase1_release_20260831_100100/cases/discovery_overlap_r2_S01_COMM_LEAN_p4_m2048_n128_k2048_q8_b1_C0_DEFAULT/raw_global_samples.csv,5062.651550,5072.595000,5089.210000,5156.148860,415.316768,8.054786,4974.016450,4983.080000,5000.647000,554.528500,4976.600500,4511.187000,88.864680,88.736343
discovery_overlap_r2_S01_COMM_LEAN_p4_m2048_n128_k2048_q8_b1_C1_RING_SIMPLE_CH4,discovery_overlap,2,4,S01_COMM_LEAN,2048,128,2048,8,b1,C1_RING_SIMPLE_CH4,0,50,50,/root/private_data/lyc/2ndpaper/results/k500sm_ai_gfx928_4gpu/phase1_release_20260831_100100/cases/discovery_overlap_r2_S01_COMM_LEAN_p4_m2048_n128_k2048_q8_b1_C1_RING_SIMPLE_CH4/raw_global_samples.csv,5061.195550,5070.594000,5079.938550,5144.028060,367.020451,7.134884,4972.256550,4981.480000,4989.799000,556.448500,4975.080000,4511.026000,88.833882,88.702008
discovery_overlap_r2_S01_COMM_LEAN_p4_m2048_n128_k2048_q8_b1_C2_RING_SIMPLE_CH8,discovery_overlap,2,4,S01_COMM_LEAN,2048,128,2048,8,b1,C2_RING_SIMPLE_CH8,0,50,50,/root/private_data/lyc/2ndpaper/results/k500sm_ai_gfx928_4gpu/phase1_release_20260831_100100/cases/discovery_overlap_r2_S01_COMM_LEAN_p4_m2048_n128_k2048_q8_b1_C2_RING_SIMPLE_CH8/raw_global_samples.csv,5029.325100,5038.596500,5050.132550,5080.863040,302.455702,5.952841,4941.082550,4949.961000,4961.281550,552.289000,4943.561500,4478.628000,88.839667,88.708702
discovery_overlap_r2_S01_COMM_LEAN_p4_m2048_n128_k2048_q8_h0_C0_DEFAULT,discovery_overlap,2,4,S01_COMM_LEAN,2048,128,2048,8,h0,C0_DEFAULT,0,50,50,/root/private_data/lyc/2ndpaper/results/k500sm_ai_gfx928_4gpu/phase1_release_20260831_100100/cases/discovery_overlap_r2_S01_COMM_LEAN_p4_m2048_n128_k2048_q8_h0_C0_DEFAULT/raw_global_samples.csv,4489.261000,4500.307500,4568.739600,4594.008180,442.479972,9.631676,4401.177550,4411.673000,4480.184150,553.728500,4405.033500,3936.980000,87.464749,87.318375
discovery_overlap_r2_S01_COMM_LEAN_p4_m2048_n128_k2048_q8_h0_C1_RING_SIMPLE_CH4,discovery_overlap,2,4,S01_COMM_LEAN,2048,128,2048,8,h0,C1_RING_SIMPLE_CH4,0,50,50,/root/private_data/lyc/2ndpaper/results/k500sm_ai_gfx928_4gpu/phase1_release_20260831_100100/cases/discovery_overlap_r2_S01_COMM_LEAN_p4_m2048_n128_k2048_q8_h0_C1_RING_SIMPLE_CH4/raw_global_samples.csv,4492.060450,4505.106500,4557.376450,4594.082120,434.240083,9.452162,4403.457450,4416.072000,4469.221450,551.968500,4409.512500,3942.579500,87.510660,87.363891
discovery_overlap_r2_S01_COMM_LEAN_p4_m2048_n128_k2048_q8_h0_C2_RING_SIMPLE_CH8,discovery_overlap,2,4,S01_COMM_LEAN,2048,128,2048,8,h0,C2_RING_SIMPLE_CH8,0,50,50,/root/private_data/lyc/2ndpaper/results/k500sm_ai_gfx928_4gpu/phase1_release_20260831_100100/cases/discovery_overlap_r2_S01_COMM_LEAN_p4_m2048_n128_k2048_q8_h0_C2_RING_SIMPLE_CH8/raw_global_samples.csv,4414.313000,4425.032000,4451.543000,4487.435120,328.981766,7.331176,4327.509450,4336.157000,4362.348000,560.928500,4329.517500,3868.026500,87.071342,86.914375
discovery_overlap_r2_S02_BALANCE_p4_m2048_n512_k2048_q1_b1_C0_DEFAULT,discovery_overlap,2,4,S02_BALANCE,2048,512,2048,1,b1,C0_DEFAULT,0,50,50,/root/private_data/lyc/2ndpaper/results/k500sm_ai_gfx928_4gpu/phase1_release_20260831_100100/cases/discovery_overlap_r2_S02_BALANCE_p4_m2048_n512_k2048_q1_b1_C0_DEFAULT/raw_global_samples.csv,4847.644850,4877.010000,4915.532000,4918.607900,308.954531,6.281341,3986.904450,4010.818000,4046.772450,4004.578500,4004.578500,855.152000,0.155322,0.000000
discovery_overlap_r2_S02_BALANCE_p4_m2048_n512_k2048_q1_b1_C1_RING_SIMPLE_CH4,discovery_overlap,2,4,S02_BALANCE,2048,512,2048,1,b1,C1_RING_SIMPLE_CH4,0,50,50,/root/private_data/lyc/2ndpaper/results/k500sm_ai_gfx928_4gpu/phase1_release_20260831_100100/cases/discovery_overlap_r2_S02_BALANCE_p4_m2048_n512_k2048_q1_b1_C1_RING_SIMPLE_CH4/raw_global_samples.csv,4844.854900,4876.286000,4946.546000,4973.474680,458.805562,9.225051,3985.288100,4013.774500,4076.075000,4007.455000,4007.455000,855.312500,0.155492,0.000000
discovery_overlap_r2_S02_BALANCE_p4_m2048_n512_k2048_q1_b1_C2_RING_SIMPLE_CH8,discovery_overlap,2,4,S02_BALANCE,2048,512,2048,1,b1,C2_RING_SIMPLE_CH8,0,50,50,/root/private_data/lyc/2ndpaper/results/k500sm_ai_gfx928_4gpu/phase1_release_20260831_100100/cases/discovery_overlap_r2_S02_BALANCE_p4_m2048_n512_k2048_q1_b1_C2_RING_SIMPLE_CH8/raw_global_samples.csv,4786.539450,4812.449000,4858.211150,4816.388680,22.820406,0.473807,3927.715550,3950.818500,3970.656550,3944.259000,3944.259000,854.192000,0.161548,0.000000
discovery_overlap_r2_S02_BALANCE_p4_m2048_n512_k2048_q1_h0_C0_DEFAULT,discovery_overlap,2,4,S02_BALANCE,2048,512,2048,1,h0,C0_DEFAULT,0,50,50,/root/private_data/lyc/2ndpaper/results/k500sm_ai_gfx928_4gpu/phase1_release_20260831_100100/cases/discovery_overlap_r2_S02_BALANCE_p4_m2048_n512_k2048_q1_h0_C0_DEFAULT/raw_global_samples.csv,4838.405400,4876.045500,4927.331000,4958.189480,412.863790,8.326906,3979.355850,4013.614500,4055.556000,4007.215000,4007.215000,854.912000,0.157643,0.000000
discovery_overlap_r2_S02_BALANCE_p4_m2048_n512_k2048_q1_h0_C1_RING_SIMPLE_CH4,discovery_overlap,2,4,S02_BALANCE,2048,512,2048,1,h0,C1_RING_SIMPLE_CH4,0,50,50,/root/private_data/lyc/2ndpaper/results/k500sm_ai_gfx928_4gpu/phase1_release_20260831_100100/cases/discovery_overlap_r2_S02_BALANCE_p4_m2048_n512_k2048_q1_h0_C1_RING_SIMPLE_CH4/raw_global_samples.csv,4846.312000,4880.849500,4934.554900,4971.846140,456.742185,9.186571,3984.136000,4013.454000,4055.179900,4006.894500,4006.894500,854.593000,0.158822,0.000000
discovery_overlap_r2_S02_BALANCE_p4_m2048_n512_k2048_q1_h0_C2_RING_SIMPLE_CH8,discovery_overlap,2,4,S02_BALANCE,2048,512,2048,1,h0,C2_RING_SIMPLE_CH8,0,50,50,/root/private_data/lyc/2ndpaper/results/k500sm_ai_gfx928_4gpu/phase1_release_20260831_100100/cases/discovery_overlap_r2_S02_BALANCE_p4_m2048_n512_k2048_q1_h0_C2_RING_SIMPLE_CH8/raw_global_samples.csv,4785.650900,4805.490500,4839.288550,4809.797140,16.988159,0.353199,3924.099900,3945.538500,3974.592550,3938.978500,3938.978500,855.712000,0.158720,0.000000
discovery_overlap_r2_S02_BALANCE_p4_m2048_n512_k2048_q2_b1_C0_DEFAULT,discovery_overlap,2,4,S02_BALANCE,2048,512,2048,2,b1,C0_DEFAULT,0,50,50,/root/private_data/lyc/2ndpaper/results/k500sm_ai_gfx928_4gpu/phase1_release_20260831_100100/cases/discovery_overlap_r2_S02_BALANCE_p4_m2048_n512_k2048_q2_b1_C0_DEFAULT/raw_global_samples.csv,4814.689550,4830.768500,4842.376000,4828.551160,9.948968,0.206045,4441.511000,4457.670000,4470.269000,2034.365500,4451.350000,2780.244000,54.314070,54.170480
discovery_overlap_r2_S02_BALANCE_p4_m2048_n512_k2048_q2_b1_C1_RING_SIMPLE_CH4,discovery_overlap,2,4,S02_BALANCE,2048,512,2048,2,b1,C1_RING_SIMPLE_CH4,0,50,50,/root/private_data/lyc/2ndpaper/results/k500sm_ai_gfx928_4gpu/phase1_release_20260831_100100/cases/discovery_overlap_r2_S02_BALANCE_p4_m2048_n512_k2048_q2_b1_C1_RING_SIMPLE_CH4/raw_global_samples.csv,4811.465450,4824.369000,4870.534900,4831.431040,25.029301,0.518051,4436.943000,4451.670000,4495.763900,2034.526000,4445.191000,2778.004000,54.323437,54.175137
discovery_overlap_r2_S02_BALANCE_p4_m2048_n512_k2048_q2_b1_C2_RING_SIMPLE_CH8,discovery_overlap,2,4,S02_BALANCE,2048,512,2048,2,b1,C2_RING_SIMPLE_CH8,0,50,50,/root/private_data/lyc/2ndpaper/results/k500sm_ai_gfx928_4gpu/phase1_release_20260831_100100/cases/discovery_overlap_r2_S02_BALANCE_p4_m2048_n512_k2048_q2_b1_C2_RING_SIMPLE_CH8/raw_global_samples.csv,4743.557450,4757.093000,4784.035000,4805.928240,335.306741,6.976940,4369.306450,4384.154000,4407.864450,2000.767000,4377.674000,2742.405500,54.353028,54.212398
discovery_overlap_r2_S02_BALANCE_p4_m2048_n512_k2048_q2_h0_C0_DEFAULT,discovery_overlap,2,4,S02_BALANCE,2048,512,2048,2,h0,C0_DEFAULT,0,50,50,/root/private_data/lyc/2ndpaper/results/k500sm_ai_gfx928_4gpu/phase1_release_20260831_100100/cases/discovery_overlap_r2_S02_BALANCE_p4_m2048_n512_k2048_q2_h0_C0_DEFAULT/raw_global_samples.csv,4419.839000,4432.950000,4441.414000,4431.814680,6.993666,0.157806,4045.436450,4058.972000,4066.491000,2033.005500,4052.812500,2385.145500,49.897442,49.743624
discovery_overlap_r2_S02_BALANCE_p4_m2048_n512_k2048_q2_h0_C1_RING_SIMPLE_CH4,discovery_overlap,2,4,S02_BALANCE,2048,512,2048,2,h0,C1_RING_SIMPLE_CH4,0,50,50,/root/private_data/lyc/2ndpaper/results/k500sm_ai_gfx928_4gpu/phase1_release_20260831_100100/cases/discovery_overlap_r2_S02_BALANCE_p4_m2048_n512_k2048_q2_h0_C1_RING_SIMPLE_CH4/raw_global_samples.csv,4415.351550,4430.152000,4450.822450,4431.706120,9.913741,0.223700,4041.564450,4056.332000,4076.507450,2032.685500,4049.693000,2383.946000,49.872005,49.719359
discovery_overlap_r2_S02_BALANCE_p4_m2048_n512_k2048_q2_h0_C2_RING_SIMPLE_CH8,discovery_overlap,2,4,S02_BALANCE,2048,512,2048,2,h0,C2_RING_SIMPLE_CH8,0,50,50,/root/private_data/lyc/2ndpaper/results/k500sm_ai_gfx928_4gpu/phase1_release_20260831_100100/cases/discovery_overlap_r2_S02_BALANCE_p4_m2048_n512_k2048_q2_h0_C2_RING_SIMPLE_CH8/raw_global_samples.csv,4330.821550,4342.157000,4359.908550,4386.026240,299.466541,6.827742,3958.090000,3968.897500,3985.593550,1999.328000,3962.658000,2327.549500,49.602726,49.451378
discovery_overlap_r2_S02_BALANCE_p4_m2048_n512_k2048_q4_b1_C0_DEFAULT,discovery_overlap,2,4,S02_BALANCE,2048,512,2048,4,b1,C0_DEFAULT,0,50,50,/root/private_data/lyc/2ndpaper/results/k500sm_ai_gfx928_4gpu/phase1_release_20260831_100100/cases/discovery_overlap_r2_S02_BALANCE_p4_m2048_n512_k2048_q4_b1_C0_DEFAULT/raw_global_samples.csv,4945.714450,4953.721500,4969.352450,4954.191840,7.654455,0.154505,4748.357450,4756.292000,4771.787450,1049.221000,4750.212000,3896.581000,77.953558,77.825302
discovery_overlap_r2_S02_BALANCE_p4_m2048_n512_k2048_q4_b1_C1_RING_SIMPLE_CH4,discovery_overlap,2,4,S02_BALANCE,2048,512,2048,4,b1,C1_RING_SIMPLE_CH4,0,50,50,/root/private_data/lyc/2ndpaper/results/k500sm_ai_gfx928_4gpu/phase1_release_20260831_100100/cases/discovery_overlap_r2_S02_BALANCE_p4_m2048_n512_k2048_q4_b1_C1_RING_SIMPLE_CH4/raw_global_samples.csv,4943.069650,4952.943500,4966.268650,4953.452360,7.220769,0.145772,4745.753250,4755.425500,4769.163650,1047.888000,4749.020500,3893.698500,77.952830,77.822294
discovery_overlap_r2_S02_BALANCE_p4_m2048_n512_k2048_q4_b1_C2_RING_SIMPLE_CH8,discovery_overlap,2,4,S02_BALANCE,2048,512,2048,4,b1,C2_RING_SIMPLE_CH8,0,50,50,/root/private_data/lyc/2ndpaper/results/k500sm_ai_gfx928_4gpu/phase1_release_20260831_100100/cases/discovery_overlap_r2_S02_BALANCE_p4_m2048_n512_k2048_q4_b1_C2_RING_SIMPLE_CH8/raw_global_samples.csv,4889.844450,4899.644500,4916.451550,4905.685740,33.453055,0.681924,4692.223550,4701.655500,4719.375000,1029.622000,4695.336000,3858.423000,78.111321,77.974380
discovery_overlap_r2_S02_BALANCE_p4_m2048_n512_k2048_q4_h0_C0_DEFAULT,discovery_overlap,2,4,S02_BALANCE,2048,512,2048,4,h0,C0_DEFAULT,0,50,50,/root/private_data/lyc/2ndpaper/results/k500sm_ai_gfx928_4gpu/phase1_release_20260831_100100/cases/discovery_overlap_r2_S02_BALANCE_p4_m2048_n512_k2048_q4_h0_C0_DEFAULT/raw_global_samples.csv,4290.942800,4298.868500,4319.956650,4300.983220,11.407789,0.265237,4093.660450,4101.189500,4122.911650,1043.764500,4094.627000,3241.819500,74.544849,74.382585
discovery_overlap_r2_S02_BALANCE_p4_m2048_n512_k2048_q4_h0_C1_RING_SIMPLE_CH4,discovery_overlap,2,4,S02_BALANCE,2048,512,2048,4,h0,C1_RING_SIMPLE_CH4,0,50,50,/root/private_data/lyc/2ndpaper/results/k500sm_ai_gfx928_4gpu/phase1_release_20260831_100100/cases/discovery_overlap_r2_S02_BALANCE_p4_m2048_n512_k2048_q4_h0_C1_RING_SIMPLE_CH4/raw_global_samples.csv,4289.719100,4295.678000,4309.653550,4298.024120,10.079449,0.234514,4092.961000,4098.010000,4112.513100,1044.581000,4091.609000,3238.139500,74.505673,74.347555
discovery_overlap_r2_S02_BALANCE_p4_m2048_n512_k2048_q4_h0_C2_RING_SIMPLE_CH8,discovery_overlap,2,4,S02_BALANCE,2048,512,2048,4,h0,C2_RING_SIMPLE_CH8,0,50,50,/root/private_data/lyc/2ndpaper/results/k500sm_ai_gfx928_4gpu/phase1_release_20260831_100100/cases/discovery_overlap_r2_S02_BALANCE_p4_m2048_n512_k2048_q4_h0_C2_RING_SIMPLE_CH8/raw_global_samples.csv,4328.948550,4339.196500,4373.227000,4383.511040,304.021992,6.935582,4066.403100,4074.731500,4109.833450,1028.262000,4068.972000,3294.295500,74.753026,74.612622
discovery_overlap_r2_S02_BALANCE_p4_m2048_n512_k2048_q8_b1_C0_DEFAULT,discovery_overlap,2,4,S02_BALANCE,2048,512,2048,8,b1,C0_DEFAULT,0,50,50,/root/private_data/lyc/2ndpaper/results/k500sm_ai_gfx928_4gpu/phase1_release_20260831_100100/cases/discovery_overlap_r2_S02_BALANCE_p4_m2048_n512_k2048_q8_b1_C0_DEFAULT/raw_global_samples.csv,5989.855000,6030.226000,6107.487900,6032.454840,41.307539,0.684755,5784.922550,5806.393500,5900.739900,549.730000,5799.914000,5466.093000,90.537343,90.431735
discovery_overlap_r2_S02_BALANCE_p4_m2048_n512_k2048_q8_b1_C1_RING_SIMPLE_CH4,discovery_overlap,2,4,S02_BALANCE,2048,512,2048,8,b1,C1_RING_SIMPLE_CH4,0,50,50,/root/private_data/lyc/2ndpaper/results/k500sm_ai_gfx928_4gpu/phase1_release_20260831_100100/cases/discovery_overlap_r2_S02_BALANCE_p4_m2048_n512_k2048_q8_b1_C1_RING_SIMPLE_CH4/raw_global_samples.csv,5992.895450,6021.506500,6105.141850,6075.212420,308.039592,5.070433,5787.595000,5816.713000,5899.481400,551.569000,5810.633500,5458.338000,90.538867,90.425757
discovery_overlap_r2_S02_BALANCE_p4_m2048_n512_k2048_q8_b1_C2_RING_SIMPLE_CH8,discovery_overlap,2,4,S02_BALANCE,2048,512,2048,8,b1,C2_RING_SIMPLE_CH8,0,50,50,/root/private_data/lyc/2ndpaper/results/k500sm_ai_gfx928_4gpu/phase1_release_20260831_100100/cases/discovery_overlap_r2_S02_BALANCE_p4_m2048_n512_k2048_q8_b1_C2_RING_SIMPLE_CH8/raw_global_samples.csv,5955.105000,5992.623000,6067.108000,6039.556020,307.309729,5.088283,5749.556550,5782.800000,5861.222550,546.209000,5776.320500,5436.254000,90.547592,90.440119
discovery_overlap_r2_S02_BALANCE_p4_m2048_n512_k2048_q8_h0_C0_DEFAULT,discovery_overlap,2,4,S02_BALANCE,2048,512,2048,8,h0,C0_DEFAULT,0,50,50,/root/private_data/lyc/2ndpaper/results/k500sm_ai_gfx928_4gpu/phase1_release_20260831_100100/cases/discovery_overlap_r2_S02_BALANCE_p4_m2048_n512_k2048_q8_h0_C0_DEFAULT/raw_global_samples.csv,4542.689550,4551.264500,4581.666200,4596.128840,304.908056,6.634019,4336.544300,4344.640000,4357.619900,547.650000,4337.920500,3989.540000,87.393763,87.235222
discovery_overlap_r2_S02_BALANCE_p4_m2048_n512_k2048_q8_h0_C1_RING_SIMPLE_CH4,discovery_overlap,2,4,S02_BALANCE,2048,512,2048,8,h0,C1_RING_SIMPLE_CH4,0,50,50,/root/private_data/lyc/2ndpaper/results/k500sm_ai_gfx928_4gpu/phase1_release_20260831_100100/cases/discovery_overlap_r2_S02_BALANCE_p4_m2048_n512_k2048_q8_h0_C1_RING_SIMPLE_CH4/raw_global_samples.csv,4549.137550,4559.264500,4599.230350,4563.536320,14.791198,0.324117,4344.364550,4352.797000,4369.364000,562.448500,4346.397000,3995.136500,87.082113,86.929727
discovery_overlap_r2_S02_BALANCE_p4_m2048_n512_k2048_q8_h0_C2_RING_SIMPLE_CH8,discovery_overlap,2,4,S02_BALANCE,2048,512,2048,8,h0,C2_RING_SIMPLE_CH8,0,50,50,/root/private_data/lyc/2ndpaper/results/k500sm_ai_gfx928_4gpu/phase1_release_20260831_100100/cases/discovery_overlap_r2_S02_BALANCE_p4_m2048_n512_k2048_q8_h0_C2_RING_SIMPLE_CH8/raw_global_samples.csv,4537.245850,4570.707500,4714.515400,4619.503000,295.184816,6.389969,4325.217150,4339.117500,4458.526500,552.129000,4331.519500,4004.739500,87.269947,87.110772
discovery_overlap_r2_S03_COMPUTE_LEAN_p4_m2048_n2048_k2048_q1_b1_C0_DEFAULT,discovery_overlap,2,4,S03_COMPUTE_LEAN,2048,2048,2048,1,b1,C0_DEFAULT,0,50,50,/root/private_data/lyc/2ndpaper/results/k500sm_ai_gfx928_4gpu/phase1_release_20260831_100100/cases/discovery_overlap_r2_S03_COMPUTE_LEAN_p4_m2048_n2048_k2048_q1_b1_C0_DEFAULT/raw_global_samples.csv,6344.916550,6383.720500,6405.359450,6426.464540,332.622159,5.175819,3990.559000,4020.654000,4050.293000,4014.334500,4014.334500,2365.309500,0.158582,0.000000
discovery_overlap_r2_S03_COMPUTE_LEAN_p4_m2048_n2048_k2048_q1_b1_C1_RING_SIMPLE_CH4,discovery_overlap,2,4,S03_COMPUTE_LEAN,2048,2048,2048,1,b1,C1_RING_SIMPLE_CH4,0,50,50,/root/private_data/lyc/2ndpaper/results/k500sm_ai_gfx928_4gpu/phase1_release_20260831_100100/cases/discovery_overlap_r2_S03_COMPUTE_LEAN_p4_m2048_n2048_k2048_q1_b1_C1_RING_SIMPLE_CH4/raw_global_samples.csv,6367.135600,6385.401000,6481.115900,6441.535700,325.862576,5.058772,3998.248000,4024.334000,4091.898000,4017.934500,4017.934500,2365.151000,0.155692,0.000000
discovery_overlap_r2_S03_COMPUTE_LEAN_p4_m2048_n2048_k2048_q1_b1_C2_RING_SIMPLE_CH8,discovery_overlap,2,4,S03_COMPUTE_LEAN,2048,2048,2048,1,b1,C2_RING_SIMPLE_CH8,0,50,50,/root/private_data/lyc/2ndpaper/results/k500sm_ai_gfx928_4gpu/phase1_release_20260831_100100/cases/discovery_overlap_r2_S03_COMPUTE_LEAN_p4_m2048_n2048_k2048_q1_b1_C2_RING_SIMPLE_CH8/raw_global_samples.csv,6285.959550,6311.885000,6366.855950,6363.903780,346.914061,5.451278,3922.820000,3949.138000,4002.566900,3942.738000,3942.738000,2369.947000,0.162411,0.000000
discovery_overlap_r2_S03_COMPUTE_LEAN_p4_m2048_n2048_k2048_q1_h0_C0_DEFAULT,discovery_overlap,2,4,S03_COMPUTE_LEAN,2048,2048,2048,1,h0,C0_DEFAULT,0,50,50,/root/private_data/lyc/2ndpaper/results/k500sm_ai_gfx928_4gpu/phase1_release_20260831_100100/cases/discovery_overlap_r2_S03_COMPUTE_LEAN_p4_m2048_n2048_k2048_q1_h0_C0_DEFAULT/raw_global_samples.csv,6344.376950,6373.328000,6415.484950,6425.523980,344.176151,5.356390,3984.059150,4012.655000,4061.132000,4006.175000,4006.175000,2366.667500,0.156366,0.000000
discovery_overlap_r2_S03_COMPUTE_LEAN_p4_m2048_n2048_k2048_q1_h0_C1_RING_SIMPLE_CH4,discovery_overlap,2,4,S03_COMPUTE_LEAN,2048,2048,2048,1,h0,C1_RING_SIMPLE_CH4,0,50,50,/root/private_data/lyc/2ndpaper/results/k500sm_ai_gfx928_4gpu/phase1_release_20260831_100100/cases/discovery_overlap_r2_S03_COMPUTE_LEAN_p4_m2048_n2048_k2048_q1_h0_C1_RING_SIMPLE_CH4/raw_global_samples.csv,6348.827000,6384.687000,6423.863000,6388.216760,39.792923,0.622911,3974.924300,4018.174000,4064.172000,4011.854500,4011.854500,2368.269000,0.157565,0.000000
discovery_overlap_r2_S03_COMPUTE_LEAN_p4_m2048_n2048_k2048_q1_h0_C2_RING_SIMPLE_CH8,discovery_overlap,2,4,S03_COMPUTE_LEAN,2048,2048,2048,1,h0,C2_RING_SIMPLE_CH8,0,50,50,/root/private_data/lyc/2ndpaper/results/k500sm_ai_gfx928_4gpu/phase1_release_20260831_100100/cases/discovery_overlap_r2_S03_COMPUTE_LEAN_p4_m2048_n2048_k2048_q1_h0_C2_RING_SIMPLE_CH8/raw_global_samples.csv,6284.636600,6310.286000,6337.064400,6309.699760,17.024854,0.269820,3929.355550,3950.258500,3974.384450,3943.699000,3943.699000,2367.229000,0.162363,0.000000
discovery_overlap_r2_S03_COMPUTE_LEAN_p4_m2048_n2048_k2048_q2_b1_C0_DEFAULT,discovery_overlap,2,4,S03_COMPUTE_LEAN,2048,2048,2048,2,b1,C0_DEFAULT,0,50,50,/root/private_data/lyc/2ndpaper/results/k500sm_ai_gfx928_4gpu/phase1_release_20260831_100100/cases/discovery_overlap_r2_S03_COMPUTE_LEAN_p4_m2048_n2048_k2048_q2_b1_C0_DEFAULT/raw_global_samples.csv,6391.856000,6413.399500,6431.990900,6412.830220,12.528850,0.195372,5228.290000,5245.945500,5264.817000,2035.725500,5239.865500,4363.202500,61.193480,61.074870
discovery_overlap_r2_S03_COMPUTE_LEAN_p4_m2048_n2048_k2048_q2_b1_C1_RING_SIMPLE_CH4,discovery_overlap,2,4,S03_COMPUTE_LEAN,2048,2048,2048,2,b1,C1_RING_SIMPLE_CH4,0,50,50,/root/private_data/lyc/2ndpaper/results/k500sm_ai_gfx928_4gpu/phase1_release_20260831_100100/cases/discovery_overlap_r2_S03_COMPUTE_LEAN_p4_m2048_n2048_k2048_q2_b1_C1_RING_SIMPLE_CH4/raw_global_samples.csv,6400.464550,6423.559000,6454.445450,6468.218800,315.973254,4.885012,5235.673450,5255.544500,5281.223450,2044.285000,5249.304500,4366.078500,61.096647,60.977662
discovery_overlap_r2_S03_COMPUTE_LEAN_p4_m2048_n2048_k2048_q2_b1_C2_RING_SIMPLE_CH8,discovery_overlap,2,4,S03_COMPUTE_LEAN,2048,2048,2048,2,b1,C2_RING_SIMPLE_CH8,0,50,50,/root/private_data/lyc/2ndpaper/results/k500sm_ai_gfx928_4gpu/phase1_release_20260831_100100/cases/discovery_overlap_r2_S03_COMPUTE_LEAN_p4_m2048_n2048_k2048_q2_b1_C2_RING_SIMPLE_CH8/raw_global_samples.csv,6320.341000,6338.443500,6367.698000,6398.187920,356.054528,5.564928,5156.127100,5174.109500,5195.316000,1999.728000,5168.110000,4327.597000,61.323677,61.199653
discovery_overlap_r2_S03_COMPUTE_LEAN_p4_m2048_n2048_k2048_q2_h0_C0_DEFAULT,discovery_overlap,2,4,S03_COMPUTE_LEAN,2048,2048,2048,2,h0,C0_DEFAULT,0,50,50,/root/private_data/lyc/2ndpaper/results/k500sm_ai_gfx928_4gpu/phase1_release_20260831_100100/cases/discovery_overlap_r2_S03_COMPUTE_LEAN_p4_m2048_n2048_k2048_q2_h0_C0_DEFAULT/raw_global_samples.csv,5319.642050,5341.861000,5375.121900,5344.533120,20.202483,0.378003,4149.852250,4167.126500,4189.973000,2037.966500,4160.967000,3297.178500,51.073746,50.936696
discovery_overlap_r2_S03_COMPUTE_LEAN_p4_m2048_n2048_k2048_q2_h0_C1_RING_SIMPLE_CH4,discovery_overlap,2,4,S03_COMPUTE_LEAN,2048,2048,2048,2,h0,C1_RING_SIMPLE_CH4,0,50,50,/root/private_data/lyc/2ndpaper/results/k500sm_ai_gfx928_4gpu/phase1_release_20260831_100100/cases/discovery_overlap_r2_S03_COMPUTE_LEAN_p4_m2048_n2048_k2048_q2_h0_C1_RING_SIMPLE_CH4/raw_global_samples.csv,5314.099400,5344.182000,5378.614950,5343.558040,17.907648,0.335126,4147.415550,4163.927500,4195.072150,2035.165500,4157.367500,3297.095500,51.091633,50.931687
discovery_overlap_r2_S03_COMPUTE_LEAN_p4_m2048_n2048_k2048_q2_h0_C2_RING_SIMPLE_CH8,discovery_overlap,2,4,S03_COMPUTE_LEAN,2048,2048,2048,2,h0,C2_RING_SIMPLE_CH8,0,50,50,/root/private_data/lyc/2ndpaper/results/k500sm_ai_gfx928_4gpu/phase1_release_20260831_100100/cases/discovery_overlap_r2_S03_COMPUTE_LEAN_p4_m2048_n2048_k2048_q2_h0_C2_RING_SIMPLE_CH8/raw_global_samples.csv,5128.392000,5142.686000,5181.198750,5146.937580,17.810955,0.346050,3956.468550,3967.865500,3995.513850,2001.364000,3961.305500,3136.376000,49.586633,49.423568
discovery_overlap_r2_S03_COMPUTE_LEAN_p4_m2048_n2048_k2048_q4_b1_C0_DEFAULT,discovery_overlap,2,4,S03_COMPUTE_LEAN,2048,2048,2048,4,b1,C0_DEFAULT,0,50,50,/root/private_data/lyc/2ndpaper/results/k500sm_ai_gfx928_4gpu/phase1_release_20260831_100100/cases/discovery_overlap_r2_S03_COMPUTE_LEAN_p4_m2048_n2048_k2048_q4_b1_C0_DEFAULT/raw_global_samples.csv,6712.882450,6723.142000,6959.927750,6782.826640,308.338719,4.545874,6074.398450,6084.618000,6321.701200,1056.228000,6078.295500,5660.991500,82.642468,82.540197
discovery_overlap_r2_S03_COMPUTE_LEAN_p4_m2048_n2048_k2048_q4_b1_C1_RING_SIMPLE_CH4,discovery_overlap,2,4,S03_COMPUTE_LEAN,2048,2048,2048,4,b1,C1_RING_SIMPLE_CH4,0,50,50,/root/private_data/lyc/2ndpaper/results/k500sm_ai_gfx928_4gpu/phase1_release_20260831_100100/cases/discovery_overlap_r2_S03_COMPUTE_LEAN_p4_m2048_n2048_k2048_q4_b1_C1_RING_SIMPLE_CH4/raw_global_samples.csv,6708.257000,6721.332000,6733.540850,6769.240700,340.551008,5.030860,6070.629450,6083.643000,6095.341100,1045.124500,6077.176500,5661.079500,82.826813,82.722957
discovery_overlap_r2_S03_COMPUTE_LEAN_p4_m2048_n2048_k2048_q4_b1_C2_RING_SIMPLE_CH8,discovery_overlap,2,4,S03_COMPUTE_LEAN,2048,2048,2048,4,b1,C2_RING_SIMPLE_CH8,0,50,50,/root/private_data/lyc/2ndpaper/results/k500sm_ai_gfx928_4gpu/phase1_release_20260831_100100/cases/discovery_overlap_r2_S03_COMPUTE_LEAN_p4_m2048_n2048_k2048_q4_b1_C2_RING_SIMPLE_CH8/raw_global_samples.csv,6651.145900,6658.426500,6670.521450,6659.603560,7.226188,0.108508,6012.607550,6021.101000,6031.677450,1037.222000,6014.941000,5612.325000,82.772011,82.670262
discovery_overlap_r2_S03_COMPUTE_LEAN_p4_m2048_n2048_k2048_q4_h0_C0_DEFAULT,discovery_overlap,2,4,S03_COMPUTE_LEAN,2048,2048,2048,4,h0,C0_DEFAULT,0,50,50,/root/private_data/lyc/2ndpaper/results/k500sm_ai_gfx928_4gpu/phase1_release_20260831_100100/cases/discovery_overlap_r2_S03_COMPUTE_LEAN_p4_m2048_n2048_k2048_q4_h0_C0_DEFAULT/raw_global_samples.csv,4848.758450,4858.715000,4877.963550,4902.668400,309.845329,6.319932,4135.690550,4144.318500,4162.126000,1046.064000,4138.556000,3798.965500,74.754943,74.613652
discovery_overlap_r2_S03_COMPUTE_LEAN_p4_m2048_n2048_k2048_q4_h0_C1_RING_SIMPLE_CH4,discovery_overlap,2,4,S03_COMPUTE_LEAN,2048,2048,2048,4,h0,C1_RING_SIMPLE_CH4,0,50,50,/root/private_data/lyc/2ndpaper/results/k500sm_ai_gfx928_4gpu/phase1_release_20260831_100100/cases/discovery_overlap_r2_S03_COMPUTE_LEAN_p4_m2048_n2048_k2048_q4_h0_C1_RING_SIMPLE_CH4/raw_global_samples.csv,4839.397850,4851.887500,4889.726000,4898.887620,318.470503,6.500874,4127.360550,4139.767500,4168.814000,1045.780500,4132.648000,3794.031000,74.762321,74.601941
discovery_overlap_r2_S03_COMPUTE_LEAN_p4_m2048_n2048_k2048_q4_h0_C2_RING_SIMPLE_CH8,discovery_overlap,2,4,S03_COMPUTE_LEAN,2048,2048,2048,4,h0,C2_RING_SIMPLE_CH8,0,50,50,/root/private_data/lyc/2ndpaper/results/k500sm_ai_gfx928_4gpu/phase1_release_20260831_100100/cases/discovery_overlap_r2_S03_COMPUTE_LEAN_p4_m2048_n2048_k2048_q4_h0_C2_RING_SIMPLE_CH8/raw_global_samples.csv,4833.880450,4841.973000,4855.126900,4888.865260,327.699444,6.702976,4052.028100,4058.252500,4072.762000,1029.702500,4052.813000,3798.433500,74.614931,74.477036
discovery_overlap_r2_S03_COMPUTE_LEAN_p4_m2048_n2048_k2048_q8_b1_C0_DEFAULT,discovery_overlap,2,4,S03_COMPUTE_LEAN,2048,2048,2048,8,b1,C0_DEFAULT,0,50,50,/root/private_data/lyc/2ndpaper/results/k500sm_ai_gfx928_4gpu/phase1_release_20260831_100100/cases/discovery_overlap_r2_S03_COMPUTE_LEAN_p4_m2048_n2048_k2048_q8_b1_C0_DEFAULT/raw_global_samples.csv,7778.587550,7789.961500,7810.401450,7835.342100,315.216226,4.023005,7354.043000,7362.707000,7383.961450,561.729000,7356.786500,7217.434000,92.369480,92.282614
discovery_overlap_r2_S03_COMPUTE_LEAN_p4_m2048_n2048_k2048_q8_b1_C1_RING_SIMPLE_CH4,discovery_overlap,2,4,S03_COMPUTE_LEAN,2048,2048,2048,8,b1,C1_RING_SIMPLE_CH4,0,50,50,/root/private_data/lyc/2ndpaper/results/k500sm_ai_gfx928_4gpu/phase1_release_20260831_100100/cases/discovery_overlap_r2_S03_COMPUTE_LEAN_p4_m2048_n2048_k2048_q8_b1_C1_RING_SIMPLE_CH4/raw_global_samples.csv,7781.466000,7790.202000,7818.592100,7835.677520,306.707430,3.914243,7356.689650,7363.825500,7392.448100,559.647500,7357.426000,7221.673500,92.403126,92.317960
discovery_overlap_r2_S03_COMPUTE_LEAN_p4_m2048_n2048_k2048_q8_b1_C2_RING_SIMPLE_CH8,discovery_overlap,2,4,S03_COMPUTE_LEAN,2048,2048,2048,8,b1,C2_RING_SIMPLE_CH8,0,50,50,/root/private_data/lyc/2ndpaper/results/k500sm_ai_gfx928_4gpu/phase1_release_20260831_100100/cases/discovery_overlap_r2_S03_COMPUTE_LEAN_p4_m2048_n2048_k2048_q8_b1_C2_RING_SIMPLE_CH8/raw_global_samples.csv,7743.772550,7752.444500,7781.938900,7799.862800,320.279243,4.106216,7316.980550,7325.109000,7343.364000,559.008000,7318.789000,7190.315500,92.366930,92.278462
discovery_overlap_r2_S03_COMPUTE_LEAN_p4_m2048_n2048_k2048_q8_h0_C0_DEFAULT,discovery_overlap,2,4,S03_COMPUTE_LEAN,2048,2048,2048,8,h0,C0_DEFAULT,0,50,50,/root/private_data/lyc/2ndpaper/results/k500sm_ai_gfx928_4gpu/phase1_release_20260831_100100/cases/discovery_overlap_r2_S03_COMPUTE_LEAN_p4_m2048_n2048_k2048_q8_h0_C0_DEFAULT/raw_global_samples.csv,5156.742550,5167.550500,5189.645000,5172.264560,22.419926,0.433464,4481.640150,4489.667500,4520.898450,560.928000,4483.748500,4597.906500,87.512373,87.376814
discovery_overlap_r2_S03_COMPUTE_LEAN_p4_m2048_n2048_k2048_q8_h0_C1_RING_SIMPLE_CH4,discovery_overlap,2,4,S03_COMPUTE_LEAN,2048,2048,2048,8,h0,C1_RING_SIMPLE_CH4,0,50,50,/root/private_data/lyc/2ndpaper/results/k500sm_ai_gfx928_4gpu/phase1_release_20260831_100100/cases/discovery_overlap_r2_S03_COMPUTE_LEAN_p4_m2048_n2048_k2048_q8_h0_C1_RING_SIMPLE_CH4/raw_global_samples.csv,5154.200000,5170.510000,5187.397900,5170.203380,9.746749,0.188518,4480.892450,4489.748500,4506.091100,564.928000,4483.908000,4599.741000,87.414710,87.283935
discovery_overlap_r2_S03_COMPUTE_LEAN_p4_m2048_n2048_k2048_q8_h0_C2_RING_SIMPLE_CH8,discovery_overlap,2,4,S03_COMPUTE_LEAN,2048,2048,2048,8,h0,C2_RING_SIMPLE_CH8,0,50,50,/root/private_data/lyc/2ndpaper/results/k500sm_ai_gfx928_4gpu/phase1_release_20260831_100100/cases/discovery_overlap_r2_S03_COMPUTE_LEAN_p4_m2048_n2048_k2048_q8_h0_C2_RING_SIMPLE_CH8/raw_global_samples.csv,5522.135050,5536.330000,5553.657000,5580.699400,311.122782,5.574978,4372.701050,4382.234000,4400.184900,561.088500,4376.154000,4969.725500,87.188055,87.056801
discovery_overlap_r3_S01_COMM_LEAN_p4_m2048_n128_k2048_q1_b1_C0_DEFAULT,discovery_overlap,3,4,S01_COMM_LEAN,2048,128,2048,1,b1,C0_DEFAULT,0,50,50,/root/private_data/lyc/2ndpaper/results/k500sm_ai_gfx928_4gpu/phase1_release_20260831_100100/cases/discovery_overlap_r3_S01_COMM_LEAN_p4_m2048_n128_k2048_q1_b1_C0_DEFAULT/raw_global_samples.csv,4311.853450,4346.396000,4436.999350,4398.204500,328.485632,7.468630,3985.176450,4017.694000,4106.169800,4011.774000,4011.774000,320.782000,0.151636,0.000000
discovery_overlap_r3_S01_COMM_LEAN_p4_m2048_n128_k2048_q1_b1_C1_RING_SIMPLE_CH4,discovery_overlap,3,4,S01_COMM_LEAN,2048,128,2048,1,b1,C1_RING_SIMPLE_CH4,0,50,50,/root/private_data/lyc/2ndpaper/results/k500sm_ai_gfx928_4gpu/phase1_release_20260831_100100/cases/discovery_overlap_r3_S01_COMM_LEAN_p4_m2048_n128_k2048_q1_b1_C1_RING_SIMPLE_CH4/raw_global_samples.csv,4304.561950,4337.040000,4364.895400,4338.032320,21.656222,0.499218,3975.420250,4005.614500,4041.805000,3999.295000,3999.295000,320.622000,0.155837,0.000000
discovery_overlap_r3_S01_COMM_LEAN_p4_m2048_n128_k2048_q1_b1_C2_RING_SIMPLE_CH8,discovery_overlap,3,4,S01_COMM_LEAN,2048,128,2048,1,b1,C2_RING_SIMPLE_CH8,0,50,50,/root/private_data/lyc/2ndpaper/results/k500sm_ai_gfx928_4gpu/phase1_release_20260831_100100/cases/discovery_overlap_r3_S01_COMM_LEAN_p4_m2048_n128_k2048_q1_b1_C2_RING_SIMPLE_CH8/raw_global_samples.csv,4255.351900,4280.298000,4338.580550,4331.521260,343.294462,7.925494,3929.526900,3951.352500,3977.380000,3945.030000,3945.030000,321.983500,0.156828,0.000000
discovery_overlap_r3_S01_COMM_LEAN_p4_m2048_n128_k2048_q1_h0_C0_DEFAULT,discovery_overlap,3,4,S01_COMM_LEAN,2048,128,2048,1,h0,C0_DEFAULT,0,50,50,/root/private_data/lyc/2ndpaper/results/k500sm_ai_gfx928_4gpu/phase1_release_20260831_100100/cases/discovery_overlap_r3_S01_COMM_LEAN_p4_m2048_n128_k2048_q1_h0_C0_DEFAULT/raw_global_samples.csv,4318.097150,4347.196500,4411.512450,4354.709680,37.484371,0.860778,3983.819700,4017.455000,4076.027450,4010.895500,4010.895500,322.062000,0.157629,0.000000
discovery_overlap_r3_S01_COMM_LEAN_p4_m2048_n128_k2048_q1_h0_C1_RING_SIMPLE_CH4,discovery_overlap,3,4,S01_COMM_LEAN,2048,128,2048,1,h0,C1_RING_SIMPLE_CH4,0,50,50,/root/private_data/lyc/2ndpaper/results/k500sm_ai_gfx928_4gpu/phase1_release_20260831_100100/cases/discovery_overlap_r3_S01_COMM_LEAN_p4_m2048_n128_k2048_q1_h0_C1_RING_SIMPLE_CH4/raw_global_samples.csv,4318.677000,4348.442000,4378.043450,4348.659160,18.664447,0.429200,3994.735350,4020.110500,4042.649050,4013.711000,4013.711000,321.510500,0.155986,0.000000
discovery_overlap_r3_S01_COMM_LEAN_p4_m2048_n128_k2048_q1_h0_C2_RING_SIMPLE_CH8,discovery_overlap,3,4,S01_COMM_LEAN,2048,128,2048,1,h0,C2_RING_SIMPLE_CH8,0,50,50,/root/private_data/lyc/2ndpaper/results/k500sm_ai_gfx928_4gpu/phase1_release_20260831_100100/cases/discovery_overlap_r3_S01_COMM_LEAN_p4_m2048_n128_k2048_q1_h0_C2_RING_SIMPLE_CH8/raw_global_samples.csv,4263.024450,4288.239500,4368.979000,4298.763880,33.709555,0.784169,3938.251000,3960.898500,4033.525450,3954.818000,3954.818000,321.262500,0.155968,0.000000
discovery_overlap_r3_S01_COMM_LEAN_p4_m2048_n128_k2048_q2_b1_C0_DEFAULT,discovery_overlap,3,4,S01_COMM_LEAN,2048,128,2048,2,b1,C0_DEFAULT,0,50,50,/root/private_data/lyc/2ndpaper/results/k500sm_ai_gfx928_4gpu/phase1_release_20260831_100100/cases/discovery_overlap_r3_S01_COMM_LEAN_p4_m2048_n128_k2048_q2_b1_C0_DEFAULT/raw_global_samples.csv,4368.626450,4385.593500,4407.880450,4395.154620,52.184535,1.187320,4221.331000,4237.122000,4257.664450,2041.165000,4230.802000,2330.191000,51.805299,51.652573
discovery_overlap_r3_S01_COMM_LEAN_p4_m2048_n128_k2048_q2_b1_C1_RING_SIMPLE_CH4,discovery_overlap,3,4,S01_COMM_LEAN,2048,128,2048,2,b1,C1_RING_SIMPLE_CH4,0,50,50,/root/private_data/lyc/2ndpaper/results/k500sm_ai_gfx928_4gpu/phase1_release_20260831_100100/cases/discovery_overlap_r3_S01_COMM_LEAN_p4_m2048_n128_k2048_q2_b1_C1_RING_SIMPLE_CH4/raw_global_samples.csv,4356.115000,4374.154000,4400.080450,4373.856500,13.697856,0.313176,4208.387550,4225.922500,4243.825550,2032.765000,4219.923000,2326.429000,51.839507,51.691965
discovery_overlap_r3_S01_COMM_LEAN_p4_m2048_n128_k2048_q2_b1_C2_RING_SIMPLE_CH8,discovery_overlap,3,4,S01_COMM_LEAN,2048,128,2048,2,b1,C2_RING_SIMPLE_CH8,0,50,50,/root/private_data/lyc/2ndpaper/results/k500sm_ai_gfx928_4gpu/phase1_release_20260831_100100/cases/discovery_overlap_r3_S01_COMM_LEAN_p4_m2048_n128_k2048_q2_b1_C2_RING_SIMPLE_CH8/raw_global_samples.csv,4281.503000,4295.679000,4317.229550,4297.108860,10.153547,0.236288,4133.807550,4147.926000,4170.341550,1997.808000,4141.927000,2286.272000,51.826665,51.677188
discovery_overlap_r3_S01_COMM_LEAN_p4_m2048_n128_k2048_q2_h0_C0_DEFAULT,discovery_overlap,3,4,S01_COMM_LEAN,2048,128,2048,2,h0,C0_DEFAULT,0,50,50,/root/private_data/lyc/2ndpaper/results/k500sm_ai_gfx928_4gpu/phase1_release_20260831_100100/cases/discovery_overlap_r3_S01_COMM_LEAN_p4_m2048_n128_k2048_q2_h0_C0_DEFAULT/raw_global_samples.csv,4197.908550,4209.684000,4223.914550,4212.518760,17.868511,0.424176,4050.293000,4061.692500,4075.427000,2035.886000,4055.373000,2160.359000,49.874891,49.723433
discovery_overlap_r3_S01_COMM_LEAN_p4_m2048_n128_k2048_q2_h0_C1_RING_SIMPLE_CH4,discovery_overlap,3,4,S01_COMM_LEAN,2048,128,2048,2,h0,C1_RING_SIMPLE_CH4,0,50,50,/root/private_data/lyc/2ndpaper/results/k500sm_ai_gfx928_4gpu/phase1_release_20260831_100100/cases/discovery_overlap_r3_S01_COMM_LEAN_p4_m2048_n128_k2048_q2_h0_C1_RING_SIMPLE_CH4/raw_global_samples.csv,4195.004450,4210.722500,4248.737550,4264.688460,361.472354,8.475938,4046.789000,4062.571500,4100.833550,2037.406000,4056.251500,2163.238500,49.868303,49.717910
discovery_overlap_r3_S01_COMM_LEAN_p4_m2048_n128_k2048_q2_h0_C2_RING_SIMPLE_CH8,discovery_overlap,3,4,S01_COMM_LEAN,2048,128,2048,2,h0,C2_RING_SIMPLE_CH8,0,50,50,/root/private_data/lyc/2ndpaper/results/k500sm_ai_gfx928_4gpu/phase1_release_20260831_100100/cases/discovery_overlap_r3_S01_COMM_LEAN_p4_m2048_n128_k2048_q2_h0_C2_RING_SIMPLE_CH8/raw_global_samples.csv,4103.841450,4111.609500,4138.857500,4115.906720,15.264222,0.370859,3956.633450,3963.857500,3984.072550,1999.088000,3957.778000,2100.042000,49.589224,49.435819
discovery_overlap_r3_S01_COMM_LEAN_p4_m2048_n128_k2048_q4_b1_C0_DEFAULT,discovery_overlap,3,4,S01_COMM_LEAN,2048,128,2048,4,b1,C0_DEFAULT,0,50,50,/root/private_data/lyc/2ndpaper/results/k500sm_ai_gfx928_4gpu/phase1_release_20260831_100100/cases/discovery_overlap_r3_S01_COMM_LEAN_p4_m2048_n128_k2048_q4_b1_C0_DEFAULT/raw_global_samples.csv,4733.038000,4744.453500,4765.556450,4790.099280,307.073413,6.410586,4587.534000,4598.381500,4621.332550,1041.462500,4592.062000,3690.352500,77.369989,77.223983
discovery_overlap_r3_S01_COMM_LEAN_p4_m2048_n128_k2048_q4_b1_C1_RING_SIMPLE_CH4,discovery_overlap,3,4,S01_COMM_LEAN,2048,128,2048,4,b1,C1_RING_SIMPLE_CH4,0,50,50,/root/private_data/lyc/2ndpaper/results/k500sm_ai_gfx928_4gpu/phase1_release_20260831_100100/cases/discovery_overlap_r3_S01_COMM_LEAN_p4_m2048_n128_k2048_q4_b1_C1_RING_SIMPLE_CH4/raw_global_samples.csv,4725.710550,4738.374000,4759.892000,4825.965880,436.038022,9.035249,4580.367000,4591.741500,4611.692450,1040.741000,4585.421500,3684.832500,77.335437,77.199227
discovery_overlap_r3_S01_COMM_LEAN_p4_m2048_n128_k2048_q4_b1_C2_RING_SIMPLE_CH8,discovery_overlap,3,4,S01_COMM_LEAN,2048,128,2048,4,b1,C2_RING_SIMPLE_CH8,0,50,50,/root/private_data/lyc/2ndpaper/results/k500sm_ai_gfx928_4gpu/phase1_release_20260831_100100/cases/discovery_overlap_r3_S01_COMM_LEAN_p4_m2048_n128_k2048_q4_b1_C2_RING_SIMPLE_CH8/raw_global_samples.csv,4668.544550,4688.776500,4709.303450,4689.141520,13.397486,0.285713,4522.961550,4542.869000,4563.447450,1030.822000,4536.469500,3645.315000,77.331527,77.189608
discovery_overlap_r3_S01_COMM_LEAN_p4_m2048_n128_k2048_q4_h0_C0_DEFAULT,discovery_overlap,3,4,S01_COMM_LEAN,2048,128,2048,4,h0,C0_DEFAULT,0,50,50,/root/private_data/lyc/2ndpaper/results/k500sm_ai_gfx928_4gpu/phase1_release_20260831_100100/cases/discovery_overlap_r3_S01_COMM_LEAN_p4_m2048_n128_k2048_q4_h0_C0_DEFAULT/raw_global_samples.csv,4300.298950,4307.279000,4316.894000,4350.492380,301.409869,6.928178,4154.079450,4162.327000,4170.750000,1039.781000,4156.087000,3255.098000,75.037930,74.886255
discovery_overlap_r3_S01_COMM_LEAN_p4_m2048_n128_k2048_q4_h0_C1_RING_SIMPLE_CH4,discovery_overlap,3,4,S01_COMM_LEAN,2048,128,2048,4,h0,C1_RING_SIMPLE_CH4,0,50,50,/root/private_data/lyc/2ndpaper/results/k500sm_ai_gfx928_4gpu/phase1_release_20260831_100100/cases/discovery_overlap_r3_S01_COMM_LEAN_p4_m2048_n128_k2048_q4_h0_C1_RING_SIMPLE_CH4/raw_global_samples.csv,4312.469450,4324.316500,4340.715900,4411.150680,431.559417,9.783375,4171.310000,4179.845000,4201.299550,1052.101000,4173.685000,3267.976000,74.813601,74.662178
discovery_overlap_r3_S01_COMM_LEAN_p4_m2048_n128_k2048_q4_h0_C2_RING_SIMPLE_CH8,discovery_overlap,3,4,S01_COMM_LEAN,2048,128,2048,4,h0,C2_RING_SIMPLE_CH8,0,50,50,/root/private_data/lyc/2ndpaper/results/k500sm_ai_gfx928_4gpu/phase1_release_20260831_100100/cases/discovery_overlap_r3_S01_COMM_LEAN_p4_m2048_n128_k2048_q4_h0_C2_RING_SIMPLE_CH8/raw_global_samples.csv,4216.139450,4223.204000,4235.579000,4228.761900,45.336791,1.072106,4070.811900,4076.812000,4088.979000,1036.262000,4070.652000,3180.942000,74.581796,74.429351
discovery_overlap_r3_S01_COMM_LEAN_p4_m2048_n128_k2048_q8_b1_C0_DEFAULT,discovery_overlap,3,4,S01_COMM_LEAN,2048,128,2048,8,b1,C0_DEFAULT,0,50,50,/root/private_data/lyc/2ndpaper/results/k500sm_ai_gfx928_4gpu/phase1_release_20260831_100100/cases/discovery_overlap_r3_S01_COMM_LEAN_p4_m2048_n128_k2048_q8_b1_C0_DEFAULT/raw_global_samples.csv,5063.503300,5073.722000,5082.723300,5073.819740,5.871209,0.115716,4974.257300,4985.251000,4993.605300,554.307500,4978.771500,4513.248500,88.874106,88.747364
discovery_overlap_r3_S01_COMM_LEAN_p4_m2048_n128_k2048_q8_b1_C1_RING_SIMPLE_CH4,discovery_overlap,3,4,S01_COMM_LEAN,2048,128,2048,8,b1,C1_RING_SIMPLE_CH4,0,50,50,/root/private_data/lyc/2ndpaper/results/k500sm_ai_gfx928_4gpu/phase1_release_20260831_100100/cases/discovery_overlap_r3_S01_COMM_LEAN_p4_m2048_n128_k2048_q8_b1_C1_RING_SIMPLE_CH4/raw_global_samples.csv,5065.911600,5075.844500,5132.817800,5082.465780,31.174104,0.613366,4977.286100,4986.535000,5043.443800,550.504500,4980.372500,4515.818000,88.976006,88.847149
discovery_overlap_r3_S01_COMM_LEAN_p4_m2048_n128_k2048_q8_b1_C2_RING_SIMPLE_CH8,discovery_overlap,3,4,S01_COMM_LEAN,2048,128,2048,8,b1,C2_RING_SIMPLE_CH8,0,50,50,/root/private_data/lyc/2ndpaper/results/k500sm_ai_gfx928_4gpu/phase1_release_20260831_100100/cases/discovery_overlap_r3_S01_COMM_LEAN_p4_m2048_n128_k2048_q8_b1_C2_RING_SIMPLE_CH8/raw_global_samples.csv,5031.229000,5038.596000,5055.948450,5085.890480,326.203403,6.413890,4941.938550,4949.641500,4966.657450,551.729000,4943.002000,4482.787500,88.850587,88.721115
discovery_overlap_r3_S01_COMM_LEAN_p4_m2048_n128_k2048_q8_h0_C0_DEFAULT,discovery_overlap,3,4,S01_COMM_LEAN,2048,128,2048,8,h0,C0_DEFAULT,0,50,50,/root/private_data/lyc/2ndpaper/results/k500sm_ai_gfx928_4gpu/phase1_release_20260831_100100/cases/discovery_overlap_r3_S01_COMM_LEAN_p4_m2048_n128_k2048_q8_h0_C0_DEFAULT/raw_global_samples.csv,4489.904000,4497.354500,4512.346200,4499.493940,10.244833,0.227689,4400.496550,4408.675500,4423.378650,558.728000,4402.112500,3935.506000,87.332525,87.184088
discovery_overlap_r3_S01_COMM_LEAN_p4_m2048_n128_k2048_q8_h0_C1_RING_SIMPLE_CH4,discovery_overlap,3,4,S01_COMM_LEAN,2048,128,2048,8,h0,C1_RING_SIMPLE_CH4,0,50,50,/root/private_data/lyc/2ndpaper/results/k500sm_ai_gfx928_4gpu/phase1_release_20260831_100100/cases/discovery_overlap_r3_S01_COMM_LEAN_p4_m2048_n128_k2048_q8_h0_C1_RING_SIMPLE_CH4/raw_global_samples.csv,4485.759750,4501.031000,4571.087250,4590.784220,426.729085,9.295342,4395.988750,4410.955500,4445.777250,555.169000,4404.553000,3937.225000,87.432197,87.292065
discovery_overlap_r3_S01_COMM_LEAN_p4_m2048_n128_k2048_q8_h0_C2_RING_SIMPLE_CH8,discovery_overlap,3,4,S01_COMM_LEAN,2048,128,2048,8,h0,C2_RING_SIMPLE_CH8,0,50,50,/root/private_data/lyc/2ndpaper/results/k500sm_ai_gfx928_4gpu/phase1_release_20260831_100100/cases/discovery_overlap_r3_S01_COMM_LEAN_p4_m2048_n128_k2048_q8_h0_C2_RING_SIMPLE_CH8/raw_global_samples.csv,4407.404850,4415.676000,4427.122700,4416.511340,6.757920,0.153015,4318.782000,4326.721000,4335.527700,547.570000,4320.005000,3858.024000,87.343520,87.187317
discovery_overlap_r3_S02_BALANCE_p4_m2048_n512_k2048_q1_b1_C0_DEFAULT,discovery_overlap,3,4,S02_BALANCE,2048,512,2048,1,b1,C0_DEFAULT,0,50,50,/root/private_data/lyc/2ndpaper/results/k500sm_ai_gfx928_4gpu/phase1_release_20260831_100100/cases/discovery_overlap_r3_S02_BALANCE_p4_m2048_n512_k2048_q1_b1_C0_DEFAULT/raw_global_samples.csv,4848.319450,4879.246000,4922.810550,4929.582360,346.000416,7.018859,3986.809000,4014.255000,4052.308450,4008.095000,4008.095000,855.631500,0.155868,0.000000
discovery_overlap_r3_S02_BALANCE_p4_m2048_n512_k2048_q1_b1_C1_RING_SIMPLE_CH4,discovery_overlap,3,4,S02_BALANCE,2048,512,2048,1,b1,C1_RING_SIMPLE_CH4,0,50,50,/root/private_data/lyc/2ndpaper/results/k500sm_ai_gfx928_4gpu/phase1_release_20260831_100100/cases/discovery_overlap_r3_S02_BALANCE_p4_m2048_n512_k2048_q1_b1_C1_RING_SIMPLE_CH4/raw_global_samples.csv,5087.006600,5150.595000,5200.712050,5145.047720,36.190157,0.703398,4227.459000,4290.239000,4333.932000,4284.000000,4284.000000,855.313000,0.148516,0.000000
discovery_overlap_r3_S02_BALANCE_p4_m2048_n512_k2048_q1_b1_C2_RING_SIMPLE_CH8,discovery_overlap,3,4,S02_BALANCE,2048,512,2048,1,b1,C2_RING_SIMPLE_CH8,0,50,50,/root/private_data/lyc/2ndpaper/results/k500sm_ai_gfx928_4gpu/phase1_release_20260831_100100/cases/discovery_overlap_r3_S02_BALANCE_p4_m2048_n512_k2048_q1_b1_C2_RING_SIMPLE_CH8/raw_global_samples.csv,4793.462450,4813.895000,4862.548300,4860.793060,315.988355,6.500757,3934.520900,3951.352000,3977.068000,3945.269500,3945.269500,855.340000,0.157962,0.000000
discovery_overlap_r3_S02_BALANCE_p4_m2048_n512_k2048_q1_h0_C0_DEFAULT,discovery_overlap,3,4,S02_BALANCE,2048,512,2048,1,h0,C0_DEFAULT,0,50,50,/root/private_data/lyc/2ndpaper/results/k500sm_ai_gfx928_4gpu/phase1_release_20260831_100100/cases/discovery_overlap_r3_S02_BALANCE_p4_m2048_n512_k2048_q1_h0_C0_DEFAULT/raw_global_samples.csv,4846.844400,4873.326000,4935.451000,4928.760260,335.855148,6.814191,3985.763150,4010.014500,4058.347450,4003.694500,4003.694500,853.473500,0.156456,0.000000
discovery_overlap_r3_S02_BALANCE_p4_m2048_n512_k2048_q1_h0_C1_RING_SIMPLE_CH4,discovery_overlap,3,4,S02_BALANCE,2048,512,2048,1,h0,C1_RING_SIMPLE_CH4,0,50,50,/root/private_data/lyc/2ndpaper/results/k500sm_ai_gfx928_4gpu/phase1_release_20260831_100100/cases/discovery_overlap_r3_S02_BALANCE_p4_m2048_n512_k2048_q1_h0_C1_RING_SIMPLE_CH4/raw_global_samples.csv,4850.486750,4877.806500,4928.205550,4880.568300,26.094244,0.534656,3989.294100,4009.551000,4043.176900,4003.229000,4003.229000,855.771000,0.158592,0.000000
discovery_overlap_r3_S02_BALANCE_p4_m2048_n512_k2048_q1_h0_C2_RING_SIMPLE_CH8,discovery_overlap,3,4,S02_BALANCE,2048,512,2048,1,h0,C2_RING_SIMPLE_CH8,0,50,50,/root/private_data/lyc/2ndpaper/results/k500sm_ai_gfx928_4gpu/phase1_release_20260831_100100/cases/discovery_overlap_r3_S02_BALANCE_p4_m2048_n512_k2048_q1_h0_C2_RING_SIMPLE_CH8/raw_global_samples.csv,4792.941000,4815.719500,4952.331300,4876.365760,325.365590,6.672297,3933.385350,3950.789500,4086.337750,3944.469000,3944.469000,855.730000,0.157303,0.000000
discovery_overlap_r3_S02_BALANCE_p4_m2048_n512_k2048_q2_b1_C0_DEFAULT,discovery_overlap,3,4,S02_BALANCE,2048,512,2048,2,b1,C0_DEFAULT,0,50,50,/root/private_data/lyc/2ndpaper/results/k500sm_ai_gfx928_4gpu/phase1_release_20260831_100100/cases/discovery_overlap_r3_S02_BALANCE_p4_m2048_n512_k2048_q2_b1_C0_DEFAULT/raw_global_samples.csv,4807.810000,4825.488500,4842.552000,4874.625260,349.527639,7.170349,4434.071000,4451.430000,4470.077000,2035.485500,4445.190500,2776.328500,54.281559,54.139476
discovery_overlap_r3_S02_BALANCE_p4_m2048_n512_k2048_q2_b1_C1_RING_SIMPLE_CH4,discovery_overlap,3,4,S02_BALANCE,2048,512,2048,2,b1,C1_RING_SIMPLE_CH4,0,50,50,/root/private_data/lyc/2ndpaper/results/k500sm_ai_gfx928_4gpu/phase1_release_20260831_100100/cases/discovery_overlap_r3_S02_BALANCE_p4_m2048_n512_k2048_q2_b1_C1_RING_SIMPLE_CH4/raw_global_samples.csv,4808.176900,4820.449000,4837.544450,4861.512260,295.703159,6.082534,4433.158450,4446.230000,4464.068550,2031.966000,4440.150500,2774.084500,54.274865,54.139841
discovery_overlap_r3_S02_BALANCE_p4_m2048_n512_k2048_q2_b1_C2_RING_SIMPLE_CH8,discovery_overlap,3,4,S02_BALANCE,2048,512,2048,2,b1,C2_RING_SIMPLE_CH8,0,50,50,/root/private_data/lyc/2ndpaper/results/k500sm_ai_gfx928_4gpu/phase1_release_20260831_100100/cases/discovery_overlap_r3_S02_BALANCE_p4_m2048_n512_k2048_q2_b1_C2_RING_SIMPLE_CH8/raw_global_samples.csv,4738.150100,4755.893000,4767.957000,4754.216420,9.776246,0.205633,4364.171550,4381.273500,4394.577450,1998.447500,4375.114000,2741.206500,54.372583,54.227050
discovery_overlap_r3_S02_BALANCE_p4_m2048_n512_k2048_q2_h0_C0_DEFAULT,discovery_overlap,3,4,S02_BALANCE,2048,512,2048,2,h0,C0_DEFAULT,0,50,50,/root/private_data/lyc/2ndpaper/results/k500sm_ai_gfx928_4gpu/phase1_release_20260831_100100/cases/discovery_overlap_r3_S02_BALANCE_p4_m2048_n512_k2048_q2_h0_C0_DEFAULT/raw_global_samples.csv,4420.528450,4436.232000,4453.405900,4482.766680,328.372385,7.325217,4047.117450,4062.572500,4079.538450,2037.245500,4056.412500,2384.507000,49.845620,49.698101
discovery_overlap_r3_S02_BALANCE_p4_m2048_n512_k2048_q2_h0_C1_RING_SIMPLE_CH4,discovery_overlap,3,4,S02_BALANCE,2048,512,2048,2,h0,C1_RING_SIMPLE_CH4,0,50,50,/root/private_data/lyc/2ndpaper/results/k500sm_ai_gfx928_4gpu/phase1_release_20260831_100100/cases/discovery_overlap_r3_S02_BALANCE_p4_m2048_n512_k2048_q2_h0_C1_RING_SIMPLE_CH4/raw_global_samples.csv,4415.991550,4430.551500,4443.551450,4473.307340,301.708757,6.744646,4044.453550,4058.252000,4069.387450,2032.686500,4052.252000,2386.186500,49.908194,49.756487
discovery_overlap_r3_S02_BALANCE_p4_m2048_n512_k2048_q2_h0_C2_RING_SIMPLE_CH8,discovery_overlap,3,4,S02_BALANCE,2048,512,2048,2,h0,C2_RING_SIMPLE_CH8,0,50,50,/root/private_data/lyc/2ndpaper/results/k500sm_ai_gfx928_4gpu/phase1_release_20260831_100100/cases/discovery_overlap_r3_S02_BALANCE_p4_m2048_n512_k2048_q2_h0_C2_RING_SIMPLE_CH8/raw_global_samples.csv,4334.445000,4349.515500,4396.498450,4356.315660,25.602054,0.587700,3959.554000,3974.418000,4021.871450,2005.327500,3967.858000,2330.030500,49.562489,49.403581
discovery_overlap_r3_S02_BALANCE_p4_m2048_n512_k2048_q4_b1_C0_DEFAULT,discovery_overlap,3,4,S02_BALANCE,2048,512,2048,4,b1,C0_DEFAULT,0,50,50,/root/private_data/lyc/2ndpaper/results/k500sm_ai_gfx928_4gpu/phase1_release_20260831_100100/cases/discovery_overlap_r3_S02_BALANCE_p4_m2048_n512_k2048_q4_b1_C0_DEFAULT/raw_global_samples.csv,4944.234000,4953.401500,4963.593450,5004.173240,359.488136,7.183767,4746.365000,4755.492500,4766.132000,1041.781000,4749.173000,3897.221000,78.104977,77.970428
discovery_overlap_r3_S02_BALANCE_p4_m2048_n512_k2048_q4_b1_C1_RING_SIMPLE_CH4,discovery_overlap,3,4,S02_BALANCE,2048,512,2048,4,b1,C1_RING_SIMPLE_CH4,0,50,50,/root/private_data/lyc/2ndpaper/results/k500sm_ai_gfx928_4gpu/phase1_release_20260831_100100/cases/discovery_overlap_r3_S02_BALANCE_p4_m2048_n512_k2048_q4_b1_C1_RING_SIMPLE_CH4/raw_global_samples.csv,4942.506000,4954.762000,5016.566350,5004.755660,323.369545,6.461245,4745.605000,4757.093000,4818.417350,1042.261500,4750.693000,3899.380500,78.115306,77.977621
discovery_overlap_r3_S02_BALANCE_p4_m2048_n512_k2048_q4_b1_C2_RING_SIMPLE_CH8,discovery_overlap,3,4,S02_BALANCE,2048,512,2048,4,b1,C2_RING_SIMPLE_CH8,0,50,50,/root/private_data/lyc/2ndpaper/results/k500sm_ai_gfx928_4gpu/phase1_release_20260831_100100/cases/discovery_overlap_r3_S02_BALANCE_p4_m2048_n512_k2048_q4_b1_C2_RING_SIMPLE_CH8/raw_global_samples.csv,4889.677550,4901.724500,5020.254350,4956.326680,314.604516,6.347534,4692.448000,4704.295000,4822.921350,1032.902000,4697.896000,3857.546500,78.057295,77.921124
discovery_overlap_r3_S02_BALANCE_p4_m2048_n512_k2048_q4_h0_C0_DEFAULT,discovery_overlap,3,4,S02_BALANCE,2048,512,2048,4,h0,C0_DEFAULT,0,50,50,/root/private_data/lyc/2ndpaper/results/k500sm_ai_gfx928_4gpu/phase1_release_20260831_100100/cases/discovery_overlap_r3_S02_BALANCE_p4_m2048_n512_k2048_q4_h0_C0_DEFAULT/raw_global_samples.csv,4282.942550,4291.520000,4303.137600,4292.813180,6.625167,0.154332,4086.401450,4094.811000,4104.445400,1040.181500,4088.090500,3238.699000,74.596442,74.439675
discovery_overlap_r3_S02_BALANCE_p4_m2048_n512_k2048_q4_h0_C1_RING_SIMPLE_CH4,discovery_overlap,3,4,S02_BALANCE,2048,512,2048,4,h0,C1_RING_SIMPLE_CH4,0,50,50,/root/private_data/lyc/2ndpaper/results/k500sm_ai_gfx928_4gpu/phase1_release_20260831_100100/cases/discovery_overlap_r3_S02_BALANCE_p4_m2048_n512_k2048_q4_h0_C1_RING_SIMPLE_CH4/raw_global_samples.csv,4287.975550,4302.318000,4635.283350,4351.698260,117.223655,2.693745,4089.802550,4104.889500,4437.878350,1046.422000,4098.569500,3241.177500,74.502069,74.342683
discovery_overlap_r3_S02_BALANCE_p4_m2048_n512_k2048_q4_h0_C2_RING_SIMPLE_CH8,discovery_overlap,3,4,S02_BALANCE,2048,512,2048,4,h0,C2_RING_SIMPLE_CH8,0,50,50,/root/private_data/lyc/2ndpaper/results/k500sm_ai_gfx928_4gpu/phase1_release_20260831_100100/cases/discovery_overlap_r3_S02_BALANCE_p4_m2048_n512_k2048_q4_h0_C2_RING_SIMPLE_CH8/raw_global_samples.csv,4332.204550,4341.516500,4364.331550,4386.013140,306.723371,6.993216,4069.571000,4076.571500,4092.145550,1033.221500,4070.971500,3295.494500,74.678087,74.540886
discovery_overlap_r3_S02_BALANCE_p4_m2048_n512_k2048_q8_b1_C0_DEFAULT,discovery_overlap,3,4,S02_BALANCE,2048,512,2048,8,b1,C0_DEFAULT,0,50,50,/root/private_data/lyc/2ndpaper/results/k500sm_ai_gfx928_4gpu/phase1_release_20260831_100100/cases/discovery_overlap_r3_S02_BALANCE_p4_m2048_n512_k2048_q8_b1_C0_DEFAULT/raw_global_samples.csv,5993.798500,6004.557000,6103.099000,6106.744380,439.178559,7.191697,5787.631050,5798.566000,5896.858550,549.392500,5792.164000,5444.529500,90.539694,90.426457
discovery_overlap_r3_S02_BALANCE_p4_m2048_n512_k2048_q8_b1_C1_RING_SIMPLE_CH4,discovery_overlap,3,4,S02_BALANCE,2048,512,2048,8,b1,C1_RING_SIMPLE_CH4,0,50,50,/root/private_data/lyc/2ndpaper/results/k500sm_ai_gfx928_4gpu/phase1_release_20260831_100100/cases/discovery_overlap_r3_S02_BALANCE_p4_m2048_n512_k2048_q8_b1_C1_RING_SIMPLE_CH4/raw_global_samples.csv,5994.143000,6024.392000,6106.735050,6111.245200,412.555890,6.750766,5788.538000,5814.873500,5901.338500,549.090500,5808.718500,5465.143000,90.557176,90.447290
discovery_overlap_r3_S02_BALANCE_p4_m2048_n512_k2048_q8_b1_C2_RING_SIMPLE_CH8,discovery_overlap,3,4,S02_BALANCE,2048,512,2048,8,b1,C2_RING_SIMPLE_CH8,0,50,50,/root/private_data/lyc/2ndpaper/results/k500sm_ai_gfx928_4gpu/phase1_release_20260831_100100/cases/discovery_overlap_r3_S02_BALANCE_p4_m2048_n512_k2048_q8_b1_C2_RING_SIMPLE_CH8/raw_global_samples.csv,5953.650000,5997.583500,6459.917300,6068.165700,306.710888,5.054425,5747.597000,5788.794500,6254.033300,545.889500,5782.555500,5434.734500,90.564928,90.455964
discovery_overlap_r3_S02_BALANCE_p4_m2048_n512_k2048_q8_h0_C0_DEFAULT,discovery_overlap,3,4,S02_BALANCE,2048,512,2048,8,h0,C0_DEFAULT,0,50,50,/root/private_data/lyc/2ndpaper/results/k500sm_ai_gfx928_4gpu/phase1_release_20260831_100100/cases/discovery_overlap_r3_S02_BALANCE_p4_m2048_n512_k2048_q8_h0_C0_DEFAULT/raw_global_samples.csv,4549.737000,4559.184500,4601.966000,4607.268760,317.834451,6.898544,4343.757000,4352.876500,4366.547000,559.008500,4345.917000,3996.423000,87.165515,87.012003
discovery_overlap_r3_S02_BALANCE_p4_m2048_n512_k2048_q8_h0_C1_RING_SIMPLE_CH4,discovery_overlap,3,4,S02_BALANCE,2048,512,2048,8,h0,C1_RING_SIMPLE_CH4,0,50,50,/root/private_data/lyc/2ndpaper/results/k500sm_ai_gfx928_4gpu/phase1_release_20260831_100100/cases/discovery_overlap_r3_S02_BALANCE_p4_m2048_n512_k2048_q8_h0_C1_RING_SIMPLE_CH4/raw_global_samples.csv,4546.768550,4561.505000,4639.252350,4651.378900,417.954967,8.985614,4340.612550,4353.516500,4434.775350,550.449500,4347.116500,3995.377000,87.356852,87.203759
discovery_overlap_r3_S02_BALANCE_p4_m2048_n512_k2048_q8_h0_C2_RING_SIMPLE_CH8,discovery_overlap,3,4,S02_BALANCE,2048,512,2048,8,h0,C2_RING_SIMPLE_CH8,0,50,50,/root/private_data/lyc/2ndpaper/results/k500sm_ai_gfx928_4gpu/phase1_release_20260831_100100/cases/discovery_overlap_r3_S02_BALANCE_p4_m2048_n512_k2048_q8_h0_C2_RING_SIMPLE_CH8/raw_global_samples.csv,4527.874550,4570.383500,4622.436900,4611.326860,314.585902,6.822026,4314.637000,4327.361000,4365.147450,544.770000,4320.001000,4007.695000,87.413487,87.216660
discovery_overlap_r3_S03_COMPUTE_LEAN_p4_m2048_n2048_k2048_q1_b1_C0_DEFAULT,discovery_overlap,3,4,S03_COMPUTE_LEAN,2048,2048,2048,1,b1,C0_DEFAULT,0,50,50,/root/private_data/lyc/2ndpaper/results/k500sm_ai_gfx928_4gpu/phase1_release_20260831_100100/cases/discovery_overlap_r3_S03_COMPUTE_LEAN_p4_m2048_n2048_k2048_q1_b1_C0_DEFAULT/raw_global_samples.csv,6348.996100,6381.087500,6413.007000,6424.893480,320.573198,4.989549,3981.787850,4013.934000,4052.044000,4007.774500,4007.774500,2367.391000,0.156078,0.000000
discovery_overlap_r3_S03_COMPUTE_LEAN_p4_m2048_n2048_k2048_q1_b1_C1_RING_SIMPLE_CH4,discovery_overlap,3,4,S03_COMPUTE_LEAN,2048,2048,2048,1,b1,C1_RING_SIMPLE_CH4,0,50,50,/root/private_data/lyc/2ndpaper/results/k500sm_ai_gfx928_4gpu/phase1_release_20260831_100100/cases/discovery_overlap_r3_S03_COMPUTE_LEAN_p4_m2048_n2048_k2048_q1_b1_C1_RING_SIMPLE_CH4/raw_global_samples.csv,6355.358050,6388.090500,6420.523200,6388.667680,24.222172,0.379143,3998.446250,4026.080000,4070.775850,4019.756500,4019.756500,2362.081000,0.154863,0.000000
discovery_overlap_r3_S03_COMPUTE_LEAN_p4_m2048_n2048_k2048_q1_b1_C2_RING_SIMPLE_CH8,discovery_overlap,3,4,S03_COMPUTE_LEAN,2048,2048,2048,1,b1,C2_RING_SIMPLE_CH8,0,50,50,/root/private_data/lyc/2ndpaper/results/k500sm_ai_gfx928_4gpu/phase1_release_20260831_100100/cases/discovery_overlap_r3_S03_COMPUTE_LEAN_p4_m2048_n2048_k2048_q1_b1_C2_RING_SIMPLE_CH8/raw_global_samples.csv,6293.214000,6327.484500,6445.374800,6382.727540,334.905476,5.247059,3935.563100,3962.898000,4023.406550,3956.498000,3956.498000,2366.188500,0.157652,0.000000
discovery_overlap_r3_S03_COMPUTE_LEAN_p4_m2048_n2048_k2048_q1_h0_C0_DEFAULT,discovery_overlap,3,4,S03_COMPUTE_LEAN,2048,2048,2048,1,h0,C0_DEFAULT,0,50,50,/root/private_data/lyc/2ndpaper/results/k500sm_ai_gfx928_4gpu/phase1_release_20260831_100100/cases/discovery_overlap_r3_S03_COMPUTE_LEAN_p4_m2048_n2048_k2048_q1_h0_C0_DEFAULT/raw_global_samples.csv,6356.322250,6389.736500,6442.354300,6391.142940,28.969508,0.453276,3991.619050,4021.086500,4078.039550,4014.605500,4014.605500,2369.453000,0.158534,0.000000
discovery_overlap_r3_S03_COMPUTE_LEAN_p4_m2048_n2048_k2048_q1_h0_C1_RING_SIMPLE_CH4,discovery_overlap,3,4,S03_COMPUTE_LEAN,2048,2048,2048,1,h0,C1_RING_SIMPLE_CH4,0,50,50,/root/private_data/lyc/2ndpaper/results/k500sm_ai_gfx928_4gpu/phase1_release_20260831_100100/cases/discovery_overlap_r3_S03_COMPUTE_LEAN_p4_m2048_n2048_k2048_q1_h0_C1_RING_SIMPLE_CH4/raw_global_samples.csv,6353.952500,6380.847500,6573.912000,6492.259560,424.158921,6.533302,3986.250600,4015.935000,4223.786550,4009.775000,4009.775000,2365.067000,0.156390,0.000000
discovery_overlap_r3_S03_COMPUTE_LEAN_p4_m2048_n2048_k2048_q1_h0_C2_RING_SIMPLE_CH8,discovery_overlap,3,4,S03_COMPUTE_LEAN,2048,2048,2048,1,h0,C2_RING_SIMPLE_CH8,0,50,50,/root/private_data/lyc/2ndpaper/results/k500sm_ai_gfx928_4gpu/phase1_release_20260831_100100/cases/discovery_overlap_r3_S03_COMPUTE_LEAN_p4_m2048_n2048_k2048_q1_h0_C2_RING_SIMPLE_CH8/raw_global_samples.csv,6287.165500,6474.516500,6585.833850,6471.619400,317.164410,4.900851,3930.555000,4104.650500,4229.301600,4098.250500,4098.250500,2364.431000,0.155337,0.000000
discovery_overlap_r3_S03_COMPUTE_LEAN_p4_m2048_n2048_k2048_q2_b1_C0_DEFAULT,discovery_overlap,3,4,S03_COMPUTE_LEAN,2048,2048,2048,2,b1,C0_DEFAULT,0,50,50,/root/private_data/lyc/2ndpaper/results/k500sm_ai_gfx928_4gpu/phase1_release_20260831_100100/cases/discovery_overlap_r3_S03_COMPUTE_LEAN_p4_m2048_n2048_k2048_q2_b1_C0_DEFAULT/raw_global_samples.csv,6395.030950,6414.120000,6442.941000,6504.102320,437.912963,6.732873,5232.458550,5251.145500,5274.432550,2042.605500,5245.065500,4364.395000,61.121409,61.002432
discovery_overlap_r3_S03_COMPUTE_LEAN_p4_m2048_n2048_k2048_q2_b1_C1_RING_SIMPLE_CH4,discovery_overlap,3,4,S03_COMPUTE_LEAN,2048,2048,2048,2,b1,C1_RING_SIMPLE_CH4,0,50,50,/root/private_data/lyc/2ndpaper/results/k500sm_ai_gfx928_4gpu/phase1_release_20260831_100100/cases/discovery_overlap_r3_S03_COMPUTE_LEAN_p4_m2048_n2048_k2048_q2_b1_C1_RING_SIMPLE_CH4/raw_global_samples.csv,6393.504550,6417.799000,6456.629100,6467.912000,330.109587,5.103805,5228.122000,5253.465000,5290.174450,2041.885500,5246.985500,4366.078500,61.121617,61.003304
discovery_overlap_r3_S03_COMPUTE_LEAN_p4_m2048_n2048_k2048_q2_b1_C2_RING_SIMPLE_CH8,discovery_overlap,3,4,S03_COMPUTE_LEAN,2048,2048,2048,2,b1,C2_RING_SIMPLE_CH8,0,50,50,/root/private_data/lyc/2ndpaper/results/k500sm_ai_gfx928_4gpu/phase1_release_20260831_100100/cases/discovery_overlap_r3_S03_COMPUTE_LEAN_p4_m2048_n2048_k2048_q2_b1_C2_RING_SIMPLE_CH8/raw_global_samples.csv,6321.772550,6340.523500,6367.874550,6344.482220,20.312261,0.320156,5156.870350,5177.708000,5194.756550,2002.368000,5171.628500,4328.877000,61.339033,61.216539
discovery_overlap_r3_S03_COMPUTE_LEAN_p4_m2048_n2048_k2048_q2_h0_C0_DEFAULT,discovery_overlap,3,4,S03_COMPUTE_LEAN,2048,2048,2048,2,h0,C0_DEFAULT,0,50,50,/root/private_data/lyc/2ndpaper/results/k500sm_ai_gfx928_4gpu/phase1_release_20260831_100100/cases/discovery_overlap_r3_S03_COMPUTE_LEAN_p4_m2048_n2048_k2048_q2_h0_C0_DEFAULT/raw_global_samples.csv,5319.777050,5337.624500,5360.226900,5416.507460,396.668674,7.323329,4149.438000,4162.966500,4186.164550,2035.566000,4156.167000,3293.097000,51.050533,50.898966
discovery_overlap_r3_S03_COMPUTE_LEAN_p4_m2048_n2048_k2048_q2_h0_C1_RING_SIMPLE_CH4,discovery_overlap,3,4,S03_COMPUTE_LEAN,2048,2048,2048,2,h0,C1_RING_SIMPLE_CH4,0,50,50,/root/private_data/lyc/2ndpaper/results/k500sm_ai_gfx928_4gpu/phase1_release_20260831_100100/cases/discovery_overlap_r3_S03_COMPUTE_LEAN_p4_m2048_n2048_k2048_q2_h0_C1_RING_SIMPLE_CH4/raw_global_samples.csv,5323.670450,5340.581000,5379.219450,5392.117740,352.456043,6.536505,4148.487650,4168.006500,4204.748450,2037.645500,4161.526000,3294.457500,51.105912,50.954735
discovery_overlap_r3_S03_COMPUTE_LEAN_p4_m2048_n2048_k2048_q2_h0_C2_RING_SIMPLE_CH8,discovery_overlap,3,4,S03_COMPUTE_LEAN,2048,2048,2048,2,h0,C2_RING_SIMPLE_CH8,0,50,50,/root/private_data/lyc/2ndpaper/results/k500sm_ai_gfx928_4gpu/phase1_release_20260831_100100/cases/discovery_overlap_r3_S03_COMPUTE_LEAN_p4_m2048_n2048_k2048_q2_h0_C2_RING_SIMPLE_CH8/raw_global_samples.csv,5132.726900,5151.710500,5685.456650,5250.099140,386.977983,7.370870,3962.521650,3976.256500,4320.437350,2006.287500,3969.856500,3141.584000,49.552925,49.406227
discovery_overlap_r3_S03_COMPUTE_LEAN_p4_m2048_n2048_k2048_q4_b1_C0_DEFAULT,discovery_overlap,3,4,S03_COMPUTE_LEAN,2048,2048,2048,4,b1,C0_DEFAULT,0,50,50,/root/private_data/lyc/2ndpaper/results/k500sm_ai_gfx928_4gpu/phase1_release_20260831_100100/cases/discovery_overlap_r3_S03_COMPUTE_LEAN_p4_m2048_n2048_k2048_q4_b1_C0_DEFAULT/raw_global_samples.csv,6706.311000,6716.182500,6728.981450,6716.515360,7.031140,0.104684,6068.834450,6077.978500,6089.666000,1053.221000,6071.499000,5655.202000,82.672957,82.567750
discovery_overlap_r3_S03_COMPUTE_LEAN_p4_m2048_n2048_k2048_q4_b1_C1_RING_SIMPLE_CH4,discovery_overlap,3,4,S03_COMPUTE_LEAN,2048,2048,2048,4,b1,C1_RING_SIMPLE_CH4,0,50,50,/root/private_data/lyc/2ndpaper/results/k500sm_ai_gfx928_4gpu/phase1_release_20260831_100100/cases/discovery_overlap_r3_S03_COMPUTE_LEAN_p4_m2048_n2048_k2048_q4_b1_C1_RING_SIMPLE_CH4/raw_global_samples.csv,6704.903000,6712.103000,6731.701550,6714.960620,12.475623,0.185788,6066.842550,6074.380000,6090.625900,1044.741000,6067.981000,5652.803000,82.799760,82.695512
discovery_overlap_r3_S03_COMPUTE_LEAN_p4_m2048_n2048_k2048_q4_b1_C2_RING_SIMPLE_CH8,discovery_overlap,3,4,S03_COMPUTE_LEAN,2048,2048,2048,4,b1,C2_RING_SIMPLE_CH8,0,50,50,/root/private_data/lyc/2ndpaper/results/k500sm_ai_gfx928_4gpu/phase1_release_20260831_100100/cases/discovery_overlap_r3_S03_COMPUTE_LEAN_p4_m2048_n2048_k2048_q4_b1_C2_RING_SIMPLE_CH8/raw_global_samples.csv,6656.498600,6663.993000,6689.933750,6708.075580,298.899230,4.455812,6018.798150,6025.422500,6051.656450,1041.071000,6018.782500,5616.820000,82.726018,82.619962
discovery_overlap_r3_S03_COMPUTE_LEAN_p4_m2048_n2048_k2048_q4_h0_C0_DEFAULT,discovery_overlap,3,4,S03_COMPUTE_LEAN,2048,2048,2048,4,h0,C0_DEFAULT,0,50,50,/root/private_data/lyc/2ndpaper/results/k500sm_ai_gfx928_4gpu/phase1_release_20260831_100100/cases/discovery_overlap_r3_S03_COMPUTE_LEAN_p4_m2048_n2048_k2048_q4_h0_C0_DEFAULT/raw_global_samples.csv,4838.291600,4847.571000,4856.525550,4847.852880,6.719713,0.138612,4126.631900,4135.206500,4146.021000,1041.941000,4129.367000,3792.506000,74.792192,74.634192
discovery_overlap_r3_S03_COMPUTE_LEAN_p4_m2048_n2048_k2048_q4_h0_C1_RING_SIMPLE_CH4,discovery_overlap,3,4,S03_COMPUTE_LEAN,2048,2048,2048,4,h0,C1_RING_SIMPLE_CH4,0,50,50,/root/private_data/lyc/2ndpaper/results/k500sm_ai_gfx928_4gpu/phase1_release_20260831_100100/cases/discovery_overlap_r3_S03_COMPUTE_LEAN_p4_m2048_n2048_k2048_q4_h0_C1_RING_SIMPLE_CH4/raw_global_samples.csv,4842.832000,4852.047500,4879.262550,4856.456700,18.989864,0.391023,4131.679550,4139.287500,4164.174550,1045.381500,4133.367500,3795.069500,74.764121,74.622398
discovery_overlap_r3_S03_COMPUTE_LEAN_p4_m2048_n2048_k2048_q4_h0_C2_RING_SIMPLE_CH8,discovery_overlap,3,4,S03_COMPUTE_LEAN,2048,2048,2048,4,h0,C2_RING_SIMPLE_CH8,0,50,50,/root/private_data/lyc/2ndpaper/results/k500sm_ai_gfx928_4gpu/phase1_release_20260831_100100/cases/discovery_overlap_r3_S03_COMPUTE_LEAN_p4_m2048_n2048_k2048_q4_h0_C2_RING_SIMPLE_CH8/raw_global_samples.csv,4836.554000,4844.389000,4863.421450,4871.303560,173.633034,3.564406,4057.359450,4062.202000,4079.441750,1030.697500,4056.679500,3800.006000,74.621541,74.485532
discovery_overlap_r3_S03_COMPUTE_LEAN_p4_m2048_n2048_k2048_q8_b1_C0_DEFAULT,discovery_overlap,3,4,S03_COMPUTE_LEAN,2048,2048,2048,8,b1,C0_DEFAULT,0,50,50,/root/private_data/lyc/2ndpaper/results/k500sm_ai_gfx928_4gpu/phase1_release_20260831_100100/cases/discovery_overlap_r3_S03_COMPUTE_LEAN_p4_m2048_n2048_k2048_q8_b1_C0_DEFAULT/raw_global_samples.csv,7781.516850,7792.991000,7812.405750,7838.786220,323.948069,4.132630,7356.281000,7365.897500,7384.594300,562.722000,7359.846000,7221.708000,92.363089,92.276526
discovery_overlap_r3_S03_COMPUTE_LEAN_p4_m2048_n2048_k2048_q8_b1_C1_RING_SIMPLE_CH4,discovery_overlap,3,4,S03_COMPUTE_LEAN,2048,2048,2048,8,b1,C1_RING_SIMPLE_CH4,0,50,50,/root/private_data/lyc/2ndpaper/results/k500sm_ai_gfx928_4gpu/phase1_release_20260831_100100/cases/discovery_overlap_r3_S03_COMPUTE_LEAN_p4_m2048_n2048_k2048_q8_b1_C1_RING_SIMPLE_CH4/raw_global_samples.csv,7781.491550,7792.682500,7807.546100,7879.615260,428.551531,5.438737,7356.410450,7367.507000,7381.465900,562.689000,7361.267000,7223.114500,92.365742,92.279698
discovery_overlap_r3_S03_COMPUTE_LEAN_p4_m2048_n2048_k2048_q8_b1_C2_RING_SIMPLE_CH8,discovery_overlap,3,4,S03_COMPUTE_LEAN,2048,2048,2048,8,b1,C2_RING_SIMPLE_CH8,0,50,50,/root/private_data/lyc/2ndpaper/results/k500sm_ai_gfx928_4gpu/phase1_release_20260831_100100/cases/discovery_overlap_r3_S03_COMPUTE_LEAN_p4_m2048_n2048_k2048_q8_b1_C2_RING_SIMPLE_CH8/raw_global_samples.csv,7743.548450,7753.483500,7773.371450,7761.451840,48.519816,0.625138,7315.341000,7326.787500,7347.707100,557.408500,7320.388500,7188.956500,92.393336,92.304931
discovery_overlap_r3_S03_COMPUTE_LEAN_p4_m2048_n2048_k2048_q8_h0_C0_DEFAULT,discovery_overlap,3,4,S03_COMPUTE_LEAN,2048,2048,2048,8,h0,C0_DEFAULT,0,50,50,/root/private_data/lyc/2ndpaper/results/k500sm_ai_gfx928_4gpu/phase1_release_20260831_100100/cases/discovery_overlap_r3_S03_COMPUTE_LEAN_p4_m2048_n2048_k2048_q8_h0_C0_DEFAULT/raw_global_samples.csv,5152.903900,5162.274500,5188.333450,5167.049100,16.733267,0.323846,4476.605100,4486.629000,4506.779550,563.168500,4480.632500,4593.983500,87.453420,87.318896
discovery_overlap_r3_S03_COMPUTE_LEAN_p4_m2048_n2048_k2048_q8_h0_C1_RING_SIMPLE_CH4,discovery_overlap,3,4,S03_COMPUTE_LEAN,2048,2048,2048,8,h0,C1_RING_SIMPLE_CH4,0,50,50,/root/private_data/lyc/2ndpaper/results/k500sm_ai_gfx928_4gpu/phase1_release_20260831_100100/cases/discovery_overlap_r3_S03_COMPUTE_LEAN_p4_m2048_n2048_k2048_q8_h0_C1_RING_SIMPLE_CH4/raw_global_samples.csv,5164.826500,5179.070000,5264.609050,5273.686380,461.497139,8.750940,4488.533000,4503.267000,4596.459000,568.928000,4497.347500,4605.185500,87.351328,87.219788
discovery_overlap_r3_S03_COMPUTE_LEAN_p4_m2048_n2048_k2048_q8_h0_C2_RING_SIMPLE_CH8,discovery_overlap,3,4,S03_COMPUTE_LEAN,2048,2048,2048,8,h0,C2_RING_SIMPLE_CH8,0,50,50,/root/private_data/lyc/2ndpaper/results/k500sm_ai_gfx928_4gpu/phase1_release_20260831_100100/cases/discovery_overlap_r3_S03_COMPUTE_LEAN_p4_m2048_n2048_k2048_q8_h0_C2_RING_SIMPLE_CH8/raw_global_samples.csv,5530.985000,5545.931000,5573.384000,5633.723240,431.205214,7.654001,4382.306900,4392.475000,4415.193000,566.528500,4386.555500,4974.601500,87.104766,86.970945
preflight_r1_P0_p2_m128_n128_k128_q1_b0_C0_DEFAULT,preflight,1,2,P0,128,128,128,1,b0,C0_DEFAULT,0,5,5,/root/private_data/lyc/2ndpaper/results/k500sm_ai_gfx928_4gpu/phase1_release_20260831_100100/cases/preflight_r1_P0_p2_m128_n128_k128_q1_b0_C0_DEFAULT/raw_global_samples.csv,141.432000,146.232000,163.991000,148.919600,11.086690,7.444749,86.331200,97.594000,110.234000,91.835000,91.835000,39.678000,6.679423,0.000000
preflight_r1_P0_p2_m128_n128_k128_q1_b1_C0_DEFAULT,preflight,1,2,P0,128,128,128,1,b1,C0_DEFAULT,0,5,5,/root/private_data/lyc/2ndpaper/results/k500sm_ai_gfx928_4gpu/phase1_release_20260831_100100/cases/preflight_r1_P0_p2_m128_n128_k128_q1_b1_C0_DEFAULT/raw_global_samples.csv,138.424000,147.512000,168.375000,151.223600,13.993039,9.253211,131.801000,143.352000,168.087000,82.236000,82.236000,44.638000,41.231758,0.000000
preflight_r1_P0_p2_m128_n128_k128_q1_comm_C0_DEFAULT,preflight,1,2,P0,128,128,128,1,comm,C0_DEFAULT,0,5,5,/root/private_data/lyc/2ndpaper/results/k500sm_ai_gfx928_4gpu/phase1_release_20260831_100100/cases/preflight_r1_P0_p2_m128_n128_k128_q1_comm_C0_DEFAULT/raw_global_samples.csv,82.907800,89.275000,114.394200,94.299000,14.760458,15.652826,77.467800,83.996000,108.826200,78.556000,78.556000,0.000000,6.476499,0.000000
preflight_r1_P0_p2_m128_n128_k128_q1_gemm_C0_DEFAULT,preflight,1,2,P0,128,128,128,1,gemm,C0_DEFAULT,0,5,5,/root/private_data/lyc/2ndpaper/results/k500sm_ai_gfx928_4gpu/phase1_release_20260831_100100/cases/preflight_r1_P0_p2_m128_n128_k128_q1_gemm_C0_DEFAULT/raw_global_samples.csv,53.501000,57.437000,63.292000,58.204600,4.821299,8.283365,48.030000,51.837000,57.724000,0.000000,0.000000,47.358000,100.000000,0.000000
preflight_r1_P0_p2_m128_n128_k128_q1_h0_C0_DEFAULT,preflight,1,2,P0,128,128,128,1,h0,C0_DEFAULT,0,5,5,/root/private_data/lyc/2ndpaper/results/k500sm_ai_gfx928_4gpu/phase1_release_20260831_100100/cases/preflight_r1_P0_p2_m128_n128_k128_q1_h0_C0_DEFAULT/raw_global_samples.csv,142.136000,150.231000,162.391000,151.319400,9.360143,6.185686,136.696000,149.111000,162.550200,83.356000,83.356000,47.037000,43.242846,0.000000
preflight_r1_P0_p2_m128_n128_k128_q2_b0_C0_DEFAULT,preflight,1,2,P0,128,128,128,2,b0,C0_DEFAULT,0,5,5,/root/private_data/lyc/2ndpaper/results/k500sm_ai_gfx928_4gpu/phase1_release_20260831_100100/cases/preflight_r1_P0_p2_m128_n128_k128_q2_b0_C0_DEFAULT/raw_global_samples.csv,120.153000,129.433000,150.712000,133.944600,14.367617,10.726537,83.451800,87.195000,105.018200,80.795000,80.795000,26.239000,6.950142,0.000000
preflight_r1_P0_p2_m128_n128_k128_q2_b1_C0_DEFAULT,preflight,1,2,P0,128,128,128,2,b1,C0_DEFAULT,0,5,5,/root/private_data/lyc/2ndpaper/results/k500sm_ai_gfx928_4gpu/phase1_release_20260831_100100/cases/preflight_r1_P0_p2_m128_n128_k128_q2_b1_C0_DEFAULT/raw_global_samples.csv,278.331200,284.606000,332.147200,298.692400,26.027414,8.713785,272.824600,283.486000,325.936000,80.516000,225.380000,187.604000,70.991811,52.934884
preflight_r1_P0_p2_m128_n128_k128_q2_comm_C0_DEFAULT,preflight,1,2,P0,128,128,128,2,comm,C0_DEFAULT,0,5,5,/root/private_data/lyc/2ndpaper/results/k500sm_ai_gfx928_4gpu/phase1_release_20260831_100100/cases/preflight_r1_P0_p2_m128_n128_k128_q2_comm_C0_DEFAULT/raw_global_samples.csv,123.385000,127.352000,135.768200,128.728600,5.674189,4.407869,117.977000,121.913000,130.169000,77.275000,116.473000,0.000000,36.614635,32.152437
preflight_r1_P0_p2_m128_n128_k128_q2_gemm_C0_DEFAULT,preflight,1,2,P0,128,128,128,2,gemm,C0_DEFAULT,0,5,5,/root/private_data/lyc/2ndpaper/results/k500sm_ai_gfx928_4gpu/phase1_release_20260831_100100/cases/preflight_r1_P0_p2_m128_n128_k128_q2_gemm_C0_DEFAULT/raw_global_samples.csv,81.691000,84.315000,92.507000,86.427000,4.861473,5.624947,76.123000,78.876000,87.195200,0.000000,0.000000,74.556000,100.000000,0.000000
preflight_r1_P0_p2_m128_n128_k128_q2_h0_C0_DEFAULT,preflight,1,2,P0,128,128,128,2,h0,C0_DEFAULT,0,5,5,/root/private_data/lyc/2ndpaper/results/k500sm_ai_gfx928_4gpu/phase1_release_20260831_100100/cases/preflight_r1_P0_p2_m128_n128_k128_q2_h0_C0_DEFAULT/raw_global_samples.csv,240.970800,263.957000,275.130000,258.866800,15.246455,5.889691,243.435600,248.751000,274.842400,78.595000,203.771000,151.267000,68.404147,50.321808
