case_id,path,candidate,N,q,rep,slice_index,t_release_med_us,t_gemm_start_med_us,t_gemm_end_med_us,t_gemm_duration_med_us
case001_comm_C0_DEFAULT_N512_q2_rep1,COMM_ONLY,C0_DEFAULT,512,2,1,0,2006.8,0.0,0.0,0.0
case001_comm_C0_DEFAULT_N512_q2_rep1,COMM_ONLY,C0_DEFAULT,512,2,1,1,4002.7,0.0,0.0,0.0
case002_comm_C0_DEFAULT_N512_q2_rep2,COMM_ONLY,C0_DEFAULT,512,2,2,0,2008.3,0.0,0.0,0.0
case002_comm_C0_DEFAULT_N512_q2_rep2,COMM_ONLY,C0_DEFAULT,512,2,2,1,4005.8,0.0,0.0,0.0
case003_comm_C0_DEFAULT_N512_q2_rep3,COMM_ONLY,C0_DEFAULT,512,2,3,0,2004.3,0.0,0.0,0.0
case003_comm_C0_DEFAULT_N512_q2_rep3,COMM_ONLY,C0_DEFAULT,512,2,3,1,4000.0,0.0,0.0,0.0
case004_comm_C0_DEFAULT_N512_q2_rep4,COMM_ONLY,C0_DEFAULT,512,2,4,0,2002.5,0.0,0.0,0.0
case004_comm_C0_DEFAULT_N512_q2_rep4,COMM_ONLY,C0_DEFAULT,512,2,4,1,3998.0,0.0,0.0,0.0
case005_comm_C0_DEFAULT_N512_q2_rep5,COMM_ONLY,C0_DEFAULT,512,2,5,0,2006.9,0.0,0.0,0.0
case005_comm_C0_DEFAULT_N512_q2_rep5,COMM_ONLY,C0_DEFAULT,512,2,5,1,4002.3,0.0,0.0,0.0
case006_comm_C2_RING_SIMPLE_CH8_N512_q2_rep1,COMM_ONLY,C2_RING_SIMPLE_CH8,512,2,1,0,1949.7,0.0,0.0,0.0
case006_comm_C2_RING_SIMPLE_CH8_N512_q2_rep1,COMM_ONLY,C2_RING_SIMPLE_CH8,512,2,1,1,3888.7,0.0,0.0,0.0
case007_comm_C2_RING_SIMPLE_CH8_N512_q2_rep2,COMM_ONLY,C2_RING_SIMPLE_CH8,512,2,2,0,1947.5,0.0,0.0,0.0
case007_comm_C2_RING_SIMPLE_CH8_N512_q2_rep2,COMM_ONLY,C2_RING_SIMPLE_CH8,512,2,2,1,3886.7,0.0,0.0,0.0
case008_comm_C2_RING_SIMPLE_CH8_N512_q2_rep3,COMM_ONLY,C2_RING_SIMPLE_CH8,512,2,3,0,1948.2,0.0,0.0,0.0
case008_comm_C2_RING_SIMPLE_CH8_N512_q2_rep3,COMM_ONLY,C2_RING_SIMPLE_CH8,512,2,3,1,3886.7,0.0,0.0,0.0
case009_comm_C2_RING_SIMPLE_CH8_N512_q2_rep4,COMM_ONLY,C2_RING_SIMPLE_CH8,512,2,4,0,1948.8,0.0,0.0,0.0
case009_comm_C2_RING_SIMPLE_CH8_N512_q2_rep4,COMM_ONLY,C2_RING_SIMPLE_CH8,512,2,4,1,3887.1,0.0,0.0,0.0
case010_comm_C2_RING_SIMPLE_CH8_N512_q2_rep5,COMM_ONLY,C2_RING_SIMPLE_CH8,512,2,5,0,1950.8,0.0,0.0,0.0
case010_comm_C2_RING_SIMPLE_CH8_N512_q2_rep5,COMM_ONLY,C2_RING_SIMPLE_CH8,512,2,5,1,3890.4,0.0,0.0,0.0
case011_gemm_C0_DEFAULT_N512_q2_rep1,GEMM_ONLY,C0_DEFAULT,512,2,1,0,0.0,25.3,577.2,554.4
case011_gemm_C0_DEFAULT_N512_q2_rep1,GEMM_ONLY,C0_DEFAULT,512,2,1,1,0.0,582.8,1132.7,554.5
case012_gemm_C0_DEFAULT_N512_q2_rep2,GEMM_ONLY,C0_DEFAULT,512,2,2,0,0.0,25.3,580.4,557.5
case012_gemm_C0_DEFAULT_N512_q2_rep2,GEMM_ONLY,C0_DEFAULT,512,2,2,1,0.0,585.9,1133.0,553.2
case013_gemm_C0_DEFAULT_N512_q2_rep3,GEMM_ONLY,C0_DEFAULT,512,2,3,0,0.0,23.0,579.4,556.2
case013_gemm_C0_DEFAULT_N512_q2_rep3,GEMM_ONLY,C0_DEFAULT,512,2,3,1,0.0,584.8,1131.3,551.1
case014_gemm_C0_DEFAULT_N512_q2_rep4,GEMM_ONLY,C0_DEFAULT,512,2,4,0,0.0,217.6,980.7,761.8
case014_gemm_C0_DEFAULT_N512_q2_rep4,GEMM_ONLY,C0_DEFAULT,512,2,4,1,0.0,987.6,1529.7,552.8
case015_gemm_C0_DEFAULT_N512_q2_rep5,GEMM_ONLY,C0_DEFAULT,512,2,5,0,0.0,25.3,581.2,558.8
case015_gemm_C0_DEFAULT_N512_q2_rep5,GEMM_ONLY,C0_DEFAULT,512,2,5,1,0.0,586.8,1133.5,549.9
case016_r0_C0_DEFAULT_N512_q2_rep1,R0_FULL_SERIAL,C0_DEFAULT,512,2,1,0,4054.9,4070.9,5095.5,1027.1
case017_r0_C0_DEFAULT_N512_q2_rep2,R0_FULL_SERIAL,C0_DEFAULT,512,2,2,0,4049.7,4066.8,5088.8,1025.9
case018_r0_C0_DEFAULT_N512_q2_rep3,R0_FULL_SERIAL,C0_DEFAULT,512,2,3,0,4051.6,4067.7,5091.2,1027.0
case019_r0_C0_DEFAULT_N512_q2_rep4,R0_FULL_SERIAL,C0_DEFAULT,512,2,4,0,4056.9,4072.9,5096.4,1026.5
case020_r0_C0_DEFAULT_N512_q2_rep5,R0_FULL_SERIAL,C0_DEFAULT,512,2,5,0,4053.9,4069.7,5094.9,1027.7
case021_rs_C0_DEFAULT_N512_q2_rep1,RS_SLICE_SERIAL,C0_DEFAULT,512,2,1,0,2064.2,2074.4,2620.0,554.0
case021_rs_C0_DEFAULT_N512_q2_rep1,RS_SLICE_SERIAL,C0_DEFAULT,512,2,1,1,4670.6,4680.6,5225.6,556.4
case022_rs_C0_DEFAULT_N512_q2_rep2,RS_SLICE_SERIAL,C0_DEFAULT,512,2,2,0,2063.9,2073.9,2621.5,549.3
case022_rs_C0_DEFAULT_N512_q2_rep2,RS_SLICE_SERIAL,C0_DEFAULT,512,2,2,1,4673.8,4683.9,5227.3,549.6
case023_rs_C0_DEFAULT_N512_q2_rep3,RS_SLICE_SERIAL,C0_DEFAULT,512,2,3,0,2063.6,2073.6,2619.9,556.9
case023_rs_C0_DEFAULT_N512_q2_rep3,RS_SLICE_SERIAL,C0_DEFAULT,512,2,3,1,4673.0,4683.2,5229.5,551.8
case024_rs_C0_DEFAULT_N512_q2_rep4,RS_SLICE_SERIAL,C0_DEFAULT,512,2,4,0,2061.6,2072.1,2619.4,555.8
case024_rs_C0_DEFAULT_N512_q2_rep4,RS_SLICE_SERIAL,C0_DEFAULT,512,2,4,1,4670.7,4681.0,5221.6,548.7
case025_rs_C0_DEFAULT_N512_q2_rep5,RS_SLICE_SERIAL,C0_DEFAULT,512,2,5,0,2059.2,2069.3,2615.3,550.7
case025_rs_C0_DEFAULT_N512_q2_rep5,RS_SLICE_SERIAL,C0_DEFAULT,512,2,5,1,4666.9,4677.1,5223.5,552.4
case026_r1_C0_DEFAULT_N512_q2_rep1,R1_EVENT_OVERLAP,C0_DEFAULT,512,2,1,0,2061.8,2072.8,2824.9,755.6
case026_r1_C0_DEFAULT_N512_q2_rep1,R1_EVENT_OVERLAP,C0_DEFAULT,512,2,1,1,4224.2,4234.2,4778.4,554.0
case027_r1_C0_DEFAULT_N512_q2_rep2,R1_EVENT_OVERLAP,C0_DEFAULT,512,2,2,0,2062.2,2072.9,2828.2,762.0
case027_r1_C0_DEFAULT_N512_q2_rep2,R1_EVENT_OVERLAP,C0_DEFAULT,512,2,2,1,4223.8,4234.1,4775.7,550.0
case028_r1_C0_DEFAULT_N512_q2_rep3,R1_EVENT_OVERLAP,C0_DEFAULT,512,2,3,0,2062.8,2073.9,2834.1,765.2
case028_r1_C0_DEFAULT_N512_q2_rep3,R1_EVENT_OVERLAP,C0_DEFAULT,512,2,3,1,4225.7,4235.8,4778.3,551.2
case029_r1_C0_DEFAULT_N512_q2_rep4,R1_EVENT_OVERLAP,C0_DEFAULT,512,2,4,0,2061.1,2071.7,2826.5,757.6
case029_r1_C0_DEFAULT_N512_q2_rep4,R1_EVENT_OVERLAP,C0_DEFAULT,512,2,4,1,4220.3,4230.4,4774.9,550.0
case030_r1_C0_DEFAULT_N512_q2_rep5,R1_EVENT_OVERLAP,C0_DEFAULT,512,2,5,0,2060.5,2071.3,2824.7,759.0
case030_r1_C0_DEFAULT_N512_q2_rep5,R1_EVENT_OVERLAP,C0_DEFAULT,512,2,5,1,4223.9,4234.1,4779.0,549.2
case031_r1_C2_RING_SIMPLE_CH8_N512_q2_rep1,R1_EVENT_OVERLAP,C2_RING_SIMPLE_CH8,512,2,1,0,2002.4,2013.2,3363.7,1355.2
case031_r1_C2_RING_SIMPLE_CH8_N512_q2_rep1,R1_EVENT_OVERLAP,C2_RING_SIMPLE_CH8,512,2,1,1,3973.7,3983.8,4528.9,554.1
case032_r1_C2_RING_SIMPLE_CH8_N512_q2_rep2,R1_EVENT_OVERLAP,C2_RING_SIMPLE_CH8,512,2,2,0,2004.2,2015.1,3366.4,1356.0
case032_r1_C2_RING_SIMPLE_CH8_N512_q2_rep2,R1_EVENT_OVERLAP,C2_RING_SIMPLE_CH8,512,2,2,1,3973.1,3983.2,4528.5,549.5
case033_r1_C2_RING_SIMPLE_CH8_N512_q2_rep3,R1_EVENT_OVERLAP,C2_RING_SIMPLE_CH8,512,2,3,0,2005.8,2017.2,3369.4,1356.8
case033_r1_C2_RING_SIMPLE_CH8_N512_q2_rep3,R1_EVENT_OVERLAP,C2_RING_SIMPLE_CH8,512,2,3,1,3976.2,3986.3,4533.1,549.7
case034_r1_C2_RING_SIMPLE_CH8_N512_q2_rep4,R1_EVENT_OVERLAP,C2_RING_SIMPLE_CH8,512,2,4,0,2004.0,2014.8,3368.8,1356.7
case034_r1_C2_RING_SIMPLE_CH8_N512_q2_rep4,R1_EVENT_OVERLAP,C2_RING_SIMPLE_CH8,512,2,4,1,3976.1,3986.1,4531.5,550.0
case035_r1_C2_RING_SIMPLE_CH8_N512_q2_rep5,R1_EVENT_OVERLAP,C2_RING_SIMPLE_CH8,512,2,5,0,2004.3,2015.1,3366.4,1356.5
case035_r1_C2_RING_SIMPLE_CH8_N512_q2_rep5,R1_EVENT_OVERLAP,C2_RING_SIMPLE_CH8,512,2,5,1,3975.6,3985.6,4531.2,551.8
case036_fc_C0_DEFAULT_N512_q2_rep1,FC_FCOLLECT_ONLY,C0_DEFAULT,512,2,1,0,11541.3,0.0,0.0,0.0
case037_fc_C0_DEFAULT_N512_q2_rep2,FC_FCOLLECT_ONLY,C0_DEFAULT,512,2,2,0,11511.3,0.0,0.0,0.0
case038_fc_C0_DEFAULT_N512_q2_rep3,FC_FCOLLECT_ONLY,C0_DEFAULT,512,2,3,0,11537.1,0.0,0.0,0.0
case039_fc_C0_DEFAULT_N512_q2_rep4,FC_FCOLLECT_ONLY,C0_DEFAULT,512,2,4,0,11535.1,0.0,0.0,0.0
case040_fc_C0_DEFAULT_N512_q2_rep5,FC_FCOLLECT_ONLY,C0_DEFAULT,512,2,5,0,11507.8,0.0,0.0,0.0
case041_dc_C0_DEFAULT_N512_q2_rep1,DC_PUSHSIG_ONLY,C0_DEFAULT,512,2,1,0,5442.9,0.0,0.0,0.0
case041_dc_C0_DEFAULT_N512_q2_rep1,DC_PUSHSIG_ONLY,C0_DEFAULT,512,2,1,1,7446.1,0.0,0.0,0.0
case042_dc_C0_DEFAULT_N512_q2_rep2,DC_PUSHSIG_ONLY,C0_DEFAULT,512,2,2,0,5433.6,0.0,0.0,0.0
case042_dc_C0_DEFAULT_N512_q2_rep2,DC_PUSHSIG_ONLY,C0_DEFAULT,512,2,2,1,7444.4,0.0,0.0,0.0
case043_dc_C0_DEFAULT_N512_q2_rep3,DC_PUSHSIG_ONLY,C0_DEFAULT,512,2,3,0,5448.6,0.0,0.0,0.0
case043_dc_C0_DEFAULT_N512_q2_rep3,DC_PUSHSIG_ONLY,C0_DEFAULT,512,2,3,1,7451.6,0.0,0.0,0.0
case044_dc_C0_DEFAULT_N512_q2_rep4,DC_PUSHSIG_ONLY,C0_DEFAULT,512,2,4,0,5444.4,0.0,0.0,0.0
case044_dc_C0_DEFAULT_N512_q2_rep4,DC_PUSHSIG_ONLY,C0_DEFAULT,512,2,4,1,7449.3,0.0,0.0,0.0
case045_dc_C0_DEFAULT_N512_q2_rep5,DC_PUSHSIG_ONLY,C0_DEFAULT,512,2,5,0,5453.4,0.0,0.0,0.0
case045_dc_C0_DEFAULT_N512_q2_rep5,DC_PUSHSIG_ONLY,C0_DEFAULT,512,2,5,1,7453.8,0.0,0.0,0.0
case046_d0_C0_DEFAULT_N512_q2_rep1,D0_FCOLLECT_SERIAL,C0_DEFAULT,512,2,1,0,11549.0,11565.4,12595.2,1027.0
case047_d0_C0_DEFAULT_N512_q2_rep2,D0_FCOLLECT_SERIAL,C0_DEFAULT,512,2,2,0,11519.9,11535.8,12563.9,1026.8
case048_d0_C0_DEFAULT_N512_q2_rep3,D0_FCOLLECT_SERIAL,C0_DEFAULT,512,2,3,0,11519.8,11536.6,12566.7,1026.7
case049_d0_C0_DEFAULT_N512_q2_rep4,D0_FCOLLECT_SERIAL,C0_DEFAULT,512,2,4,0,11520.5,11536.4,12564.1,1026.5
case050_d0_C0_DEFAULT_N512_q2_rep5,D0_FCOLLECT_SERIAL,C0_DEFAULT,512,2,5,0,11550.0,11566.3,12592.7,1026.3
case051_ds_C0_DEFAULT_N512_q2_rep1,DS_PUSHSIG_SERIAL,C0_DEFAULT,512,2,1,0,7470.4,7475.9,8047.8,585.9
case051_ds_C0_DEFAULT_N512_q2_rep1,DS_PUSHSIG_SERIAL,C0_DEFAULT,512,2,1,1,8127.0,8132.7,8693.5,575.4
case052_ds_C0_DEFAULT_N512_q2_rep2,DS_PUSHSIG_SERIAL,C0_DEFAULT,512,2,2,0,7468.7,7474.1,8048.7,586.8
case052_ds_C0_DEFAULT_N512_q2_rep2,DS_PUSHSIG_SERIAL,C0_DEFAULT,512,2,2,1,8127.5,8133.6,8695.2,575.8
case053_ds_C0_DEFAULT_N512_q2_rep3,DS_PUSHSIG_SERIAL,C0_DEFAULT,512,2,3,0,7466.5,7472.0,8039.6,578.6
case053_ds_C0_DEFAULT_N512_q2_rep3,DS_PUSHSIG_SERIAL,C0_DEFAULT,512,2,3,1,8114.5,8120.1,8675.9,571.5
case054_ds_C0_DEFAULT_N512_q2_rep4,DS_PUSHSIG_SERIAL,C0_DEFAULT,512,2,4,0,7468.5,7474.0,8039.4,578.0
case054_ds_C0_DEFAULT_N512_q2_rep4,DS_PUSHSIG_SERIAL,C0_DEFAULT,512,2,4,1,8117.7,8123.2,8681.7,572.0
case055_ds_C0_DEFAULT_N512_q2_rep5,DS_PUSHSIG_SERIAL,C0_DEFAULT,512,2,5,0,7469.3,7474.9,8046.1,580.7
case055_ds_C0_DEFAULT_N512_q2_rep5,DS_PUSHSIG_SERIAL,C0_DEFAULT,512,2,5,1,8126.9,8132.8,8691.8,571.7
case056_d1_C0_DEFAULT_N512_q2_rep1,D1_PUSHSIG_OVERLAP,C0_DEFAULT,512,2,1,0,7469.4,7474.9,8045.1,585.2
case056_d1_C0_DEFAULT_N512_q2_rep1,D1_PUSHSIG_OVERLAP,C0_DEFAULT,512,2,1,1,8127.3,8132.9,8691.9,572.1
case057_d1_C0_DEFAULT_N512_q2_rep2,D1_PUSHSIG_OVERLAP,C0_DEFAULT,512,2,2,0,7469.6,7475.1,8053.6,588.2
case057_d1_C0_DEFAULT_N512_q2_rep2,D1_PUSHSIG_OVERLAP,C0_DEFAULT,512,2,2,1,8129.3,8134.9,8697.2,571.6
case058_d1_C0_DEFAULT_N512_q2_rep3,D1_PUSHSIG_OVERLAP,C0_DEFAULT,512,2,3,0,7466.5,7472.0,8037.3,586.0
case058_d1_C0_DEFAULT_N512_q2_rep3,D1_PUSHSIG_OVERLAP,C0_DEFAULT,512,2,3,1,8114.0,8120.0,8680.6,574.4
case059_d1_C0_DEFAULT_N512_q2_rep4,D1_PUSHSIG_OVERLAP,C0_DEFAULT,512,2,4,0,7466.1,7471.7,8043.4,581.0
case059_d1_C0_DEFAULT_N512_q2_rep4,D1_PUSHSIG_OVERLAP,C0_DEFAULT,512,2,4,1,8120.9,8126.4,8685.2,574.1
case060_d1_C0_DEFAULT_N512_q2_rep5,D1_PUSHSIG_OVERLAP,C0_DEFAULT,512,2,5,0,7467.2,7472.6,8043.5,583.7
case060_d1_C0_DEFAULT_N512_q2_rep5,D1_PUSHSIG_OVERLAP,C0_DEFAULT,512,2,5,1,8134.8,8140.4,8695.8,574.3
case061_comm_C0_DEFAULT_N512_q4_rep1,COMM_ONLY,C0_DEFAULT,512,4,1,0,1025.1,0.0,0.0,0.0
case061_comm_C0_DEFAULT_N512_q4_rep1,COMM_ONLY,C0_DEFAULT,512,4,1,1,2038.7,0.0,0.0,0.0
case061_comm_C0_DEFAULT_N512_q4_rep1,COMM_ONLY,C0_DEFAULT,512,4,1,2,3052.7,0.0,0.0,0.0
case061_comm_C0_DEFAULT_N512_q4_rep1,COMM_ONLY,C0_DEFAULT,512,4,1,3,4066.5,0.0,0.0,0.0
case062_comm_C0_DEFAULT_N512_q4_rep2,COMM_ONLY,C0_DEFAULT,512,4,2,0,1025.1,0.0,0.0,0.0
case062_comm_C0_DEFAULT_N512_q4_rep2,COMM_ONLY,C0_DEFAULT,512,4,2,1,2039.9,0.0,0.0,0.0
case062_comm_C0_DEFAULT_N512_q4_rep2,COMM_ONLY,C0_DEFAULT,512,4,2,2,3054.4,0.0,0.0,0.0
case062_comm_C0_DEFAULT_N512_q4_rep2,COMM_ONLY,C0_DEFAULT,512,4,2,3,4069.4,0.0,0.0,0.0
case063_comm_C0_DEFAULT_N512_q4_rep3,COMM_ONLY,C0_DEFAULT,512,4,3,0,1025.5,0.0,0.0,0.0
case063_comm_C0_DEFAULT_N512_q4_rep3,COMM_ONLY,C0_DEFAULT,512,4,3,1,2040.3,0.0,0.0,0.0
case063_comm_C0_DEFAULT_N512_q4_rep3,COMM_ONLY,C0_DEFAULT,512,4,3,2,3054.2,0.0,0.0,0.0
case063_comm_C0_DEFAULT_N512_q4_rep3,COMM_ONLY,C0_DEFAULT,512,4,3,3,4068.1,0.0,0.0,0.0
case064_comm_C0_DEFAULT_N512_q4_rep4,COMM_ONLY,C0_DEFAULT,512,4,4,0,1025.4,0.0,0.0,0.0
case064_comm_C0_DEFAULT_N512_q4_rep4,COMM_ONLY,C0_DEFAULT,512,4,4,1,2039.9,0.0,0.0,0.0
case064_comm_C0_DEFAULT_N512_q4_rep4,COMM_ONLY,C0_DEFAULT,512,4,4,2,3052.9,0.0,0.0,0.0
case064_comm_C0_DEFAULT_N512_q4_rep4,COMM_ONLY,C0_DEFAULT,512,4,4,3,4067.3,0.0,0.0,0.0
case065_comm_C0_DEFAULT_N512_q4_rep5,COMM_ONLY,C0_DEFAULT,512,4,5,0,1021.9,0.0,0.0,0.0
case065_comm_C0_DEFAULT_N512_q4_rep5,COMM_ONLY,C0_DEFAULT,512,4,5,1,2036.8,0.0,0.0,0.0
case065_comm_C0_DEFAULT_N512_q4_rep5,COMM_ONLY,C0_DEFAULT,512,4,5,2,3050.5,0.0,0.0,0.0
case065_comm_C0_DEFAULT_N512_q4_rep5,COMM_ONLY,C0_DEFAULT,512,4,5,3,4063.2,0.0,0.0,0.0
case066_comm_C2_RING_SIMPLE_CH8_N512_q4_rep1,COMM_ONLY,C2_RING_SIMPLE_CH8,512,4,1,0,1009.7,0.0,0.0,0.0
case066_comm_C2_RING_SIMPLE_CH8_N512_q4_rep1,COMM_ONLY,C2_RING_SIMPLE_CH8,512,4,1,1,2002.5,0.0,0.0,0.0
case066_comm_C2_RING_SIMPLE_CH8_N512_q4_rep1,COMM_ONLY,C2_RING_SIMPLE_CH8,512,4,1,2,2995.8,0.0,0.0,0.0
case066_comm_C2_RING_SIMPLE_CH8_N512_q4_rep1,COMM_ONLY,C2_RING_SIMPLE_CH8,512,4,1,3,3987.4,0.0,0.0,0.0
case067_comm_C2_RING_SIMPLE_CH8_N512_q4_rep2,COMM_ONLY,C2_RING_SIMPLE_CH8,512,4,2,0,1001.3,0.0,0.0,0.0
case067_comm_C2_RING_SIMPLE_CH8_N512_q4_rep2,COMM_ONLY,C2_RING_SIMPLE_CH8,512,4,2,1,1992.5,0.0,0.0,0.0
case067_comm_C2_RING_SIMPLE_CH8_N512_q4_rep2,COMM_ONLY,C2_RING_SIMPLE_CH8,512,4,2,2,2983.1,0.0,0.0,0.0
case067_comm_C2_RING_SIMPLE_CH8_N512_q4_rep2,COMM_ONLY,C2_RING_SIMPLE_CH8,512,4,2,3,3974.3,0.0,0.0,0.0
case068_comm_C2_RING_SIMPLE_CH8_N512_q4_rep3,COMM_ONLY,C2_RING_SIMPLE_CH8,512,4,3,0,1008.3,0.0,0.0,0.0
case068_comm_C2_RING_SIMPLE_CH8_N512_q4_rep3,COMM_ONLY,C2_RING_SIMPLE_CH8,512,4,3,1,1998.7,0.0,0.0,0.0
case068_comm_C2_RING_SIMPLE_CH8_N512_q4_rep3,COMM_ONLY,C2_RING_SIMPLE_CH8,512,4,3,2,2988.9,0.0,0.0,0.0
case068_comm_C2_RING_SIMPLE_CH8_N512_q4_rep3,COMM_ONLY,C2_RING_SIMPLE_CH8,512,4,3,3,3980.1,0.0,0.0,0.0
case069_comm_C2_RING_SIMPLE_CH8_N512_q4_rep4,COMM_ONLY,C2_RING_SIMPLE_CH8,512,4,4,0,1004.5,0.0,0.0,0.0
case069_comm_C2_RING_SIMPLE_CH8_N512_q4_rep4,COMM_ONLY,C2_RING_SIMPLE_CH8,512,4,4,1,1995.7,0.0,0.0,0.0
case069_comm_C2_RING_SIMPLE_CH8_N512_q4_rep4,COMM_ONLY,C2_RING_SIMPLE_CH8,512,4,4,2,2986.0,0.0,0.0,0.0
case069_comm_C2_RING_SIMPLE_CH8_N512_q4_rep4,COMM_ONLY,C2_RING_SIMPLE_CH8,512,4,4,3,3976.7,0.0,0.0,0.0
case070_comm_C2_RING_SIMPLE_CH8_N512_q4_rep5,COMM_ONLY,C2_RING_SIMPLE_CH8,512,4,5,0,1005.2,0.0,0.0,0.0
case070_comm_C2_RING_SIMPLE_CH8_N512_q4_rep5,COMM_ONLY,C2_RING_SIMPLE_CH8,512,4,5,1,1996.6,0.0,0.0,0.0
case070_comm_C2_RING_SIMPLE_CH8_N512_q4_rep5,COMM_ONLY,C2_RING_SIMPLE_CH8,512,4,5,2,2988.8,0.0,0.0,0.0
case070_comm_C2_RING_SIMPLE_CH8_N512_q4_rep5,COMM_ONLY,C2_RING_SIMPLE_CH8,512,4,5,3,3980.9,0.0,0.0,0.0
case071_gemm_C0_DEFAULT_N512_q4_rep1,GEMM_ONLY,C0_DEFAULT,512,4,1,0,0.0,23.7,305.4,283.1
case071_gemm_C0_DEFAULT_N512_q4_rep1,GEMM_ONLY,C0_DEFAULT,512,4,1,1,0.0,311.0,593.0,285.0
case071_gemm_C0_DEFAULT_N512_q4_rep1,GEMM_ONLY,C0_DEFAULT,512,4,1,2,0.0,598.5,866.5,280.5
case071_gemm_C0_DEFAULT_N512_q4_rep1,GEMM_ONLY,C0_DEFAULT,512,4,1,3,0.0,872.1,1149.9,285.7
case072_gemm_C0_DEFAULT_N512_q4_rep2,GEMM_ONLY,C0_DEFAULT,512,4,2,0,0.0,25.3,314.2,290.5
case072_gemm_C0_DEFAULT_N512_q4_rep2,GEMM_ONLY,C0_DEFAULT,512,4,2,1,0.0,319.8,606.2,295.5
case072_gemm_C0_DEFAULT_N512_q4_rep2,GEMM_ONLY,C0_DEFAULT,512,4,2,2,0.0,611.7,890.6,287.7
case072_gemm_C0_DEFAULT_N512_q4_rep2,GEMM_ONLY,C0_DEFAULT,512,4,2,3,0.0,896.1,1180.7,294.4
case073_gemm_C0_DEFAULT_N512_q4_rep3,GEMM_ONLY,C0_DEFAULT,512,4,3,0,0.0,23.0,310.9,290.3
case073_gemm_C0_DEFAULT_N512_q4_rep3,GEMM_ONLY,C0_DEFAULT,512,4,3,1,0.0,316.3,599.7,290.5
case073_gemm_C0_DEFAULT_N512_q4_rep3,GEMM_ONLY,C0_DEFAULT,512,4,3,2,0.0,605.3,880.5,285.9
case073_gemm_C0_DEFAULT_N512_q4_rep3,GEMM_ONLY,C0_DEFAULT,512,4,3,3,0.0,886.0,1164.8,288.8
case074_gemm_C0_DEFAULT_N512_q4_rep4,GEMM_ONLY,C0_DEFAULT,512,4,4,0,0.0,23.2,307.0,284.8
case074_gemm_C0_DEFAULT_N512_q4_rep4,GEMM_ONLY,C0_DEFAULT,512,4,4,1,0.0,312.6,592.8,290.5
case074_gemm_C0_DEFAULT_N512_q4_rep4,GEMM_ONLY,C0_DEFAULT,512,4,4,2,0.0,598.3,873.6,280.8
case074_gemm_C0_DEFAULT_N512_q4_rep4,GEMM_ONLY,C0_DEFAULT,512,4,4,3,0.0,879.1,1154.1,284.9
case075_gemm_C0_DEFAULT_N512_q4_rep5,GEMM_ONLY,C0_DEFAULT,512,4,5,0,0.0,24.5,303.7,281.0
case075_gemm_C0_DEFAULT_N512_q4_rep5,GEMM_ONLY,C0_DEFAULT,512,4,5,1,0.0,309.3,586.4,286.0
case075_gemm_C0_DEFAULT_N512_q4_rep5,GEMM_ONLY,C0_DEFAULT,512,4,5,2,0.0,591.8,857.0,281.3
case075_gemm_C0_DEFAULT_N512_q4_rep5,GEMM_ONLY,C0_DEFAULT,512,4,5,3,0.0,862.5,1140.3,283.2
case076_r0_C0_DEFAULT_N512_q4_rep1,R0_FULL_SERIAL,C0_DEFAULT,512,4,1,0,4054.7,4070.9,5094.6,1026.2
case077_r0_C0_DEFAULT_N512_q4_rep2,R0_FULL_SERIAL,C0_DEFAULT,512,4,2,0,4052.8,4069.0,5095.3,1026.7
case078_r0_C0_DEFAULT_N512_q4_rep3,R0_FULL_SERIAL,C0_DEFAULT,512,4,3,0,4052.8,4069.1,5094.0,1026.2
case079_r0_C0_DEFAULT_N512_q4_rep4,R0_FULL_SERIAL,C0_DEFAULT,512,4,4,0,4052.7,4068.6,5095.2,1027.0
case080_r0_C0_DEFAULT_N512_q4_rep5,R0_FULL_SERIAL,C0_DEFAULT,512,4,5,0,4051.6,4067.8,5089.3,1025.8
case081_rs_C0_DEFAULT_N512_q4_rep1,RS_SLICE_SERIAL,C0_DEFAULT,512,4,1,0,1060.0,1070.0,1351.0,285.3
case081_rs_C0_DEFAULT_N512_q4_rep1,RS_SLICE_SERIAL,C0_DEFAULT,512,4,1,1,2393.1,2403.8,2679.1,285.9
case081_rs_C0_DEFAULT_N512_q4_rep1,RS_SLICE_SERIAL,C0_DEFAULT,512,4,1,2,3720.8,3730.7,4005.9,285.2
case081_rs_C0_DEFAULT_N512_q4_rep1,RS_SLICE_SERIAL,C0_DEFAULT,512,4,1,3,5046.4,5056.4,5336.1,290.6
case082_rs_C0_DEFAULT_N512_q4_rep2,RS_SLICE_SERIAL,C0_DEFAULT,512,4,2,0,1064.1,1073.9,1345.3,280.5
case082_rs_C0_DEFAULT_N512_q4_rep2,RS_SLICE_SERIAL,C0_DEFAULT,512,4,2,1,2392.8,2403.2,2678.7,284.9
case082_rs_C0_DEFAULT_N512_q4_rep2,RS_SLICE_SERIAL,C0_DEFAULT,512,4,2,2,3725.2,3735.6,4012.3,288.3
case082_rs_C0_DEFAULT_N512_q4_rep2,RS_SLICE_SERIAL,C0_DEFAULT,512,4,2,3,5066.1,5076.4,5349.7,283.7
case083_rs_C0_DEFAULT_N512_q4_rep3,RS_SLICE_SERIAL,C0_DEFAULT,512,4,3,0,1060.8,1071.0,1348.8,280.6
case083_rs_C0_DEFAULT_N512_q4_rep3,RS_SLICE_SERIAL,C0_DEFAULT,512,4,3,1,2391.9,2401.9,2683.8,286.3
case083_rs_C0_DEFAULT_N512_q4_rep3,RS_SLICE_SERIAL,C0_DEFAULT,512,4,3,2,3729.6,3739.6,4008.3,283.6
case083_rs_C0_DEFAULT_N512_q4_rep3,RS_SLICE_SERIAL,C0_DEFAULT,512,4,3,3,5052.3,5062.6,5331.6,285.2
case084_rs_C0_DEFAULT_N512_q4_rep4,RS_SLICE_SERIAL,C0_DEFAULT,512,4,4,0,1058.2,1068.3,1338.7,279.9
case084_rs_C0_DEFAULT_N512_q4_rep4,RS_SLICE_SERIAL,C0_DEFAULT,512,4,4,1,2376.9,2387.3,2658.8,282.5
case084_rs_C0_DEFAULT_N512_q4_rep4,RS_SLICE_SERIAL,C0_DEFAULT,512,4,4,2,3701.0,3711.0,3975.1,278.3
case084_rs_C0_DEFAULT_N512_q4_rep4,RS_SLICE_SERIAL,C0_DEFAULT,512,4,4,3,5016.7,5026.7,5292.9,283.3
case085_rs_C0_DEFAULT_N512_q4_rep5,RS_SLICE_SERIAL,C0_DEFAULT,512,4,5,0,1059.5,1069.2,1349.9,282.9
case085_rs_C0_DEFAULT_N512_q4_rep5,RS_SLICE_SERIAL,C0_DEFAULT,512,4,5,1,2393.9,2404.4,2681.7,286.9
case085_rs_C0_DEFAULT_N512_q4_rep5,RS_SLICE_SERIAL,C0_DEFAULT,512,4,5,2,3724.8,3734.9,4010.2,284.9
case085_rs_C0_DEFAULT_N512_q4_rep5,RS_SLICE_SERIAL,C0_DEFAULT,512,4,5,3,5055.2,5065.2,5342.3,285.2
case086_r1_C0_DEFAULT_N512_q4_rep1,R1_EVENT_OVERLAP,C0_DEFAULT,512,4,1,0,1061.3,1072.3,2044.0,976.4
case086_r1_C0_DEFAULT_N512_q4_rep1,R1_EVENT_OVERLAP,C0_DEFAULT,512,4,1,1,2129.1,2139.9,3108.9,974.3
case086_r1_C0_DEFAULT_N512_q4_rep1,R1_EVENT_OVERLAP,C0_DEFAULT,512,4,1,2,3199.7,3210.5,4176.0,973.1
case086_r1_C0_DEFAULT_N512_q4_rep1,R1_EVENT_OVERLAP,C0_DEFAULT,512,4,1,3,4269.6,4279.8,4547.8,282.0
case087_r1_C0_DEFAULT_N512_q4_rep2,R1_EVENT_OVERLAP,C0_DEFAULT,512,4,2,0,1056.0,1067.1,2033.7,969.5
case087_r1_C0_DEFAULT_N512_q4_rep2,R1_EVENT_OVERLAP,C0_DEFAULT,512,4,2,1,2129.4,2140.2,3103.6,971.8
case087_r1_C0_DEFAULT_N512_q4_rep2,R1_EVENT_OVERLAP,C0_DEFAULT,512,4,2,2,3199.3,3210.1,4178.1,972.3
case087_r1_C0_DEFAULT_N512_q4_rep2,R1_EVENT_OVERLAP,C0_DEFAULT,512,4,2,3,4272.1,4282.4,4561.9,288.5
case088_r1_C0_DEFAULT_N512_q4_rep3,R1_EVENT_OVERLAP,C0_DEFAULT,512,4,3,0,1059.5,1070.8,2036.6,971.1
case088_r1_C0_DEFAULT_N512_q4_rep3,R1_EVENT_OVERLAP,C0_DEFAULT,512,4,3,1,2130.2,2140.8,3110.3,973.3
case088_r1_C0_DEFAULT_N512_q4_rep3,R1_EVENT_OVERLAP,C0_DEFAULT,512,4,3,2,3199.2,3209.8,4176.3,973.6
case088_r1_C0_DEFAULT_N512_q4_rep3,R1_EVENT_OVERLAP,C0_DEFAULT,512,4,3,3,4267.8,4278.0,4558.7,285.7
case089_r1_C0_DEFAULT_N512_q4_rep4,R1_EVENT_OVERLAP,C0_DEFAULT,512,4,4,0,1057.1,1068.0,2040.6,975.8
case089_r1_C0_DEFAULT_N512_q4_rep4,R1_EVENT_OVERLAP,C0_DEFAULT,512,4,4,1,2125.8,2136.3,3105.8,973.1
case089_r1_C0_DEFAULT_N512_q4_rep4,R1_EVENT_OVERLAP,C0_DEFAULT,512,4,4,2,3194.8,3205.4,4168.5,970.7
case089_r1_C0_DEFAULT_N512_q4_rep4,R1_EVENT_OVERLAP,C0_DEFAULT,512,4,4,3,4262.5,4272.8,4543.3,282.4
case090_r1_C0_DEFAULT_N512_q4_rep5,R1_EVENT_OVERLAP,C0_DEFAULT,512,4,5,0,1058.7,1069.5,2042.6,975.5
case090_r1_C0_DEFAULT_N512_q4_rep5,R1_EVENT_OVERLAP,C0_DEFAULT,512,4,5,1,2126.3,2137.1,3105.7,973.1
case090_r1_C0_DEFAULT_N512_q4_rep5,R1_EVENT_OVERLAP,C0_DEFAULT,512,4,5,2,3196.0,3207.0,4173.7,973.5
case090_r1_C0_DEFAULT_N512_q4_rep5,R1_EVENT_OVERLAP,C0_DEFAULT,512,4,5,3,4264.6,4274.6,4539.1,280.3
case091_r1_C2_RING_SIMPLE_CH8_N512_q4_rep1,R1_EVENT_OVERLAP,C2_RING_SIMPLE_CH8,512,4,1,0,1034.4,1045.3,2158.8,1117.5
case091_r1_C2_RING_SIMPLE_CH8_N512_q4_rep1,R1_EVENT_OVERLAP,C2_RING_SIMPLE_CH8,512,4,1,1,2049.0,2196.8,3201.2,1015.9
case091_r1_C2_RING_SIMPLE_CH8_N512_q4_rep1,R1_EVENT_OVERLAP,C2_RING_SIMPLE_CH8,512,4,1,2,3079.3,3240.1,4173.5,943.4
case091_r1_C2_RING_SIMPLE_CH8_N512_q4_rep1,R1_EVENT_OVERLAP,C2_RING_SIMPLE_CH8,512,4,1,3,4108.4,4184.7,4468.6,284.5
case092_r1_C2_RING_SIMPLE_CH8_N512_q4_rep2,R1_EVENT_OVERLAP,C2_RING_SIMPLE_CH8,512,4,2,0,1036.0,1046.7,2159.5,1117.5
case092_r1_C2_RING_SIMPLE_CH8_N512_q4_rep2,R1_EVENT_OVERLAP,C2_RING_SIMPLE_CH8,512,4,2,1,2049.7,2198.8,3202.4,1016.4
case092_r1_C2_RING_SIMPLE_CH8_N512_q4_rep2,R1_EVENT_OVERLAP,C2_RING_SIMPLE_CH8,512,4,2,2,3078.9,3239.7,4174.3,945.2
case092_r1_C2_RING_SIMPLE_CH8_N512_q4_rep2,R1_EVENT_OVERLAP,C2_RING_SIMPLE_CH8,512,4,2,3,4109.5,4185.5,4466.7,284.0
case093_r1_C2_RING_SIMPLE_CH8_N512_q4_rep3,R1_EVENT_OVERLAP,C2_RING_SIMPLE_CH8,512,4,3,0,1035.6,1046.7,2161.8,1117.2
case093_r1_C2_RING_SIMPLE_CH8_N512_q4_rep3,R1_EVENT_OVERLAP,C2_RING_SIMPLE_CH8,512,4,3,1,2050.2,2198.4,3201.5,1014.2
case093_r1_C2_RING_SIMPLE_CH8_N512_q4_rep3,R1_EVENT_OVERLAP,C2_RING_SIMPLE_CH8,512,4,3,2,3079.8,3240.9,4175.2,942.3
case093_r1_C2_RING_SIMPLE_CH8_N512_q4_rep3,R1_EVENT_OVERLAP,C2_RING_SIMPLE_CH8,512,4,3,3,4110.0,4186.4,4473.8,288.4
case094_r1_C2_RING_SIMPLE_CH8_N512_q4_rep4,R1_EVENT_OVERLAP,C2_RING_SIMPLE_CH8,512,4,4,0,1040.2,1051.1,2162.1,1116.0
case094_r1_C2_RING_SIMPLE_CH8_N512_q4_rep4,R1_EVENT_OVERLAP,C2_RING_SIMPLE_CH8,512,4,4,1,2055.1,2200.6,3206.7,1016.6
case094_r1_C2_RING_SIMPLE_CH8_N512_q4_rep4,R1_EVENT_OVERLAP,C2_RING_SIMPLE_CH8,512,4,4,2,3084.7,3244.3,4180.3,944.9
case094_r1_C2_RING_SIMPLE_CH8_N512_q4_rep4,R1_EVENT_OVERLAP,C2_RING_SIMPLE_CH8,512,4,4,3,4114.6,4191.5,4472.4,283.3
case095_r1_C2_RING_SIMPLE_CH8_N512_q4_rep5,R1_EVENT_OVERLAP,C2_RING_SIMPLE_CH8,512,4,5,0,1034.5,1045.5,2159.8,1118.3
case095_r1_C2_RING_SIMPLE_CH8_N512_q4_rep5,R1_EVENT_OVERLAP,C2_RING_SIMPLE_CH8,512,4,5,1,2049.2,2199.2,3203.7,1014.7
case095_r1_C2_RING_SIMPLE_CH8_N512_q4_rep5,R1_EVENT_OVERLAP,C2_RING_SIMPLE_CH8,512,4,5,2,3080.4,3242.6,4177.2,944.3
case095_r1_C2_RING_SIMPLE_CH8_N512_q4_rep5,R1_EVENT_OVERLAP,C2_RING_SIMPLE_CH8,512,4,5,3,4112.2,4188.4,4471.0,285.9
case096_fc_C0_DEFAULT_N512_q4_rep1,FC_FCOLLECT_ONLY,C0_DEFAULT,512,4,1,0,11523.8,0.0,0.0,0.0
case097_fc_C0_DEFAULT_N512_q4_rep2,FC_FCOLLECT_ONLY,C0_DEFAULT,512,4,2,0,11525.4,0.0,0.0,0.0
case098_fc_C0_DEFAULT_N512_q4_rep3,FC_FCOLLECT_ONLY,C0_DEFAULT,512,4,3,0,11517.5,0.0,0.0,0.0
case099_fc_C0_DEFAULT_N512_q4_rep4,FC_FCOLLECT_ONLY,C0_DEFAULT,512,4,4,0,11535.7,0.0,0.0,0.0
case100_fc_C0_DEFAULT_N512_q4_rep5,FC_FCOLLECT_ONLY,C0_DEFAULT,512,4,5,0,11541.1,0.0,0.0,0.0
case101_dc_C0_DEFAULT_N512_q4_rep1,DC_PUSHSIG_ONLY,C0_DEFAULT,512,4,1,0,2671.1,0.0,0.0,0.0
case101_dc_C0_DEFAULT_N512_q4_rep1,DC_PUSHSIG_ONLY,C0_DEFAULT,512,4,1,1,3758.7,0.0,0.0,0.0
case101_dc_C0_DEFAULT_N512_q4_rep1,DC_PUSHSIG_ONLY,C0_DEFAULT,512,4,1,2,6499.1,0.0,0.0,0.0
case101_dc_C0_DEFAULT_N512_q4_rep1,DC_PUSHSIG_ONLY,C0_DEFAULT,512,4,1,3,7572.4,0.0,0.0,0.0
case102_dc_C0_DEFAULT_N512_q4_rep2,DC_PUSHSIG_ONLY,C0_DEFAULT,512,4,2,0,2659.4,0.0,0.0,0.0
case102_dc_C0_DEFAULT_N512_q4_rep2,DC_PUSHSIG_ONLY,C0_DEFAULT,512,4,2,1,3755.3,0.0,0.0,0.0
case102_dc_C0_DEFAULT_N512_q4_rep2,DC_PUSHSIG_ONLY,C0_DEFAULT,512,4,2,2,6458.6,0.0,0.0,0.0
case102_dc_C0_DEFAULT_N512_q4_rep2,DC_PUSHSIG_ONLY,C0_DEFAULT,512,4,2,3,7535.6,0.0,0.0,0.0
case103_dc_C0_DEFAULT_N512_q4_rep3,DC_PUSHSIG_ONLY,C0_DEFAULT,512,4,3,0,2660.1,0.0,0.0,0.0
case103_dc_C0_DEFAULT_N512_q4_rep3,DC_PUSHSIG_ONLY,C0_DEFAULT,512,4,3,1,3758.5,0.0,0.0,0.0
case103_dc_C0_DEFAULT_N512_q4_rep3,DC_PUSHSIG_ONLY,C0_DEFAULT,512,4,3,2,6445.3,0.0,0.0,0.0
case103_dc_C0_DEFAULT_N512_q4_rep3,DC_PUSHSIG_ONLY,C0_DEFAULT,512,4,3,3,7523.2,0.0,0.0,0.0
case104_dc_C0_DEFAULT_N512_q4_rep4,DC_PUSHSIG_ONLY,C0_DEFAULT,512,4,4,0,2672.5,0.0,0.0,0.0
case104_dc_C0_DEFAULT_N512_q4_rep4,DC_PUSHSIG_ONLY,C0_DEFAULT,512,4,4,1,3758.9,0.0,0.0,0.0
case104_dc_C0_DEFAULT_N512_q4_rep4,DC_PUSHSIG_ONLY,C0_DEFAULT,512,4,4,2,6525.4,0.0,0.0,0.0
case104_dc_C0_DEFAULT_N512_q4_rep4,DC_PUSHSIG_ONLY,C0_DEFAULT,512,4,4,3,7604.8,0.0,0.0,0.0
case105_dc_C0_DEFAULT_N512_q4_rep5,DC_PUSHSIG_ONLY,C0_DEFAULT,512,4,5,0,2679.7,0.0,0.0,0.0
case105_dc_C0_DEFAULT_N512_q4_rep5,DC_PUSHSIG_ONLY,C0_DEFAULT,512,4,5,1,3759.7,0.0,0.0,0.0
case105_dc_C0_DEFAULT_N512_q4_rep5,DC_PUSHSIG_ONLY,C0_DEFAULT,512,4,5,2,6542.0,0.0,0.0,0.0
case105_dc_C0_DEFAULT_N512_q4_rep5,DC_PUSHSIG_ONLY,C0_DEFAULT,512,4,5,3,7614.2,0.0,0.0,0.0
case106_d0_C0_DEFAULT_N512_q4_rep1,D0_FCOLLECT_SERIAL,C0_DEFAULT,512,4,1,0,11520.3,11536.2,12561.2,1026.1
case107_d0_C0_DEFAULT_N512_q4_rep2,D0_FCOLLECT_SERIAL,C0_DEFAULT,512,4,2,0,11511.0,11526.9,12552.0,1026.6
case108_d0_C0_DEFAULT_N512_q4_rep3,D0_FCOLLECT_SERIAL,C0_DEFAULT,512,4,3,0,11529.8,11545.6,12566.7,1027.3
case109_d0_C0_DEFAULT_N512_q4_rep4,D0_FCOLLECT_SERIAL,C0_DEFAULT,512,4,4,0,11536.6,11552.7,12589.5,1027.1
case110_d0_C0_DEFAULT_N512_q4_rep5,D0_FCOLLECT_SERIAL,C0_DEFAULT,512,4,5,0,11511.5,11527.8,12552.2,1026.7
case111_ds_C0_DEFAULT_N512_q4_rep1,DS_PUSHSIG_SERIAL,C0_DEFAULT,512,4,1,0,7560.4,7566.0,7854.8,308.0
case111_ds_C0_DEFAULT_N512_q4_rep1,DS_PUSHSIG_SERIAL,C0_DEFAULT,512,4,1,1,7908.0,7913.6,8197.7,308.7
case111_ds_C0_DEFAULT_N512_q4_rep1,DS_PUSHSIG_SERIAL,C0_DEFAULT,512,4,1,2,8254.7,8260.3,8543.5,305.3
case111_ds_C0_DEFAULT_N512_q4_rep1,DS_PUSHSIG_SERIAL,C0_DEFAULT,512,4,1,3,8596.6,8602.2,8886.8,303.1
case112_ds_C0_DEFAULT_N512_q4_rep2,DS_PUSHSIG_SERIAL,C0_DEFAULT,512,4,2,0,7548.7,7554.2,7841.8,304.1
case112_ds_C0_DEFAULT_N512_q4_rep2,DS_PUSHSIG_SERIAL,C0_DEFAULT,512,4,2,1,7895.6,7901.1,8176.8,302.9
case112_ds_C0_DEFAULT_N512_q4_rep2,DS_PUSHSIG_SERIAL,C0_DEFAULT,512,4,2,2,8235.1,8240.8,8519.1,306.6
case112_ds_C0_DEFAULT_N512_q4_rep2,DS_PUSHSIG_SERIAL,C0_DEFAULT,512,4,2,3,8576.0,8581.5,8864.5,303.0
case113_ds_C0_DEFAULT_N512_q4_rep3,DS_PUSHSIG_SERIAL,C0_DEFAULT,512,4,3,0,7581.7,7587.3,7888.1,311.2
case113_ds_C0_DEFAULT_N512_q4_rep3,DS_PUSHSIG_SERIAL,C0_DEFAULT,512,4,3,1,7949.3,7954.9,8235.0,308.0
case113_ds_C0_DEFAULT_N512_q4_rep3,DS_PUSHSIG_SERIAL,C0_DEFAULT,512,4,3,2,8292.7,8298.1,8592.9,307.2
case113_ds_C0_DEFAULT_N512_q4_rep3,DS_PUSHSIG_SERIAL,C0_DEFAULT,512,4,3,3,8648.4,8653.8,8943.0,303.0
case114_ds_C0_DEFAULT_N512_q4_rep4,DS_PUSHSIG_SERIAL,C0_DEFAULT,512,4,4,0,7548.1,7553.7,7847.1,305.7
case114_ds_C0_DEFAULT_N512_q4_rep4,DS_PUSHSIG_SERIAL,C0_DEFAULT,512,4,4,1,7903.6,7909.1,8184.9,309.0
case114_ds_C0_DEFAULT_N512_q4_rep4,DS_PUSHSIG_SERIAL,C0_DEFAULT,512,4,4,2,8238.1,8243.7,8524.5,306.9
case114_ds_C0_DEFAULT_N512_q4_rep4,DS_PUSHSIG_SERIAL,C0_DEFAULT,512,4,4,3,8578.6,8584.0,8866.5,301.7
case115_ds_C0_DEFAULT_N512_q4_rep5,DS_PUSHSIG_SERIAL,C0_DEFAULT,512,4,5,0,7550.1,7555.7,7860.1,322.9
case115_ds_C0_DEFAULT_N512_q4_rep5,DS_PUSHSIG_SERIAL,C0_DEFAULT,512,4,5,1,7914.1,7919.6,8191.0,308.6
case115_ds_C0_DEFAULT_N512_q4_rep5,DS_PUSHSIG_SERIAL,C0_DEFAULT,512,4,5,2,8242.0,8247.6,8545.0,309.3
case115_ds_C0_DEFAULT_N512_q4_rep5,DS_PUSHSIG_SERIAL,C0_DEFAULT,512,4,5,3,8608.1,8613.6,8896.9,312.0
case116_d1_C0_DEFAULT_N512_q4_rep1,D1_PUSHSIG_OVERLAP,C0_DEFAULT,512,4,1,0,7543.2,7548.7,7832.9,315.1
case116_d1_C0_DEFAULT_N512_q4_rep1,D1_PUSHSIG_OVERLAP,C0_DEFAULT,512,4,1,1,7882.1,7887.7,8183.2,302.8
case116_d1_C0_DEFAULT_N512_q4_rep1,D1_PUSHSIG_OVERLAP,C0_DEFAULT,512,4,1,2,8232.5,8238.0,8519.8,297.5
case116_d1_C0_DEFAULT_N512_q4_rep1,D1_PUSHSIG_OVERLAP,C0_DEFAULT,512,4,1,3,8575.1,8580.5,8859.0,301.3
case117_d1_C0_DEFAULT_N512_q4_rep2,D1_PUSHSIG_OVERLAP,C0_DEFAULT,512,4,2,0,7564.9,7570.3,7880.4,323.7
case117_d1_C0_DEFAULT_N512_q4_rep2,D1_PUSHSIG_OVERLAP,C0_DEFAULT,512,4,2,1,7935.5,7941.1,8230.6,312.0
case117_d1_C0_DEFAULT_N512_q4_rep2,D1_PUSHSIG_OVERLAP,C0_DEFAULT,512,4,2,2,8281.3,8286.8,8586.6,307.7
case117_d1_C0_DEFAULT_N512_q4_rep2,D1_PUSHSIG_OVERLAP,C0_DEFAULT,512,4,2,3,8641.5,8647.0,8940.0,310.2
case118_d1_C0_DEFAULT_N512_q4_rep3,D1_PUSHSIG_OVERLAP,C0_DEFAULT,512,4,3,0,7570.3,7575.7,7876.0,304.8
case118_d1_C0_DEFAULT_N512_q4_rep3,D1_PUSHSIG_OVERLAP,C0_DEFAULT,512,4,3,1,7927.8,7933.5,8222.8,303.1
case118_d1_C0_DEFAULT_N512_q4_rep3,D1_PUSHSIG_OVERLAP,C0_DEFAULT,512,4,3,2,8279.9,8285.5,8555.9,301.2
case118_d1_C0_DEFAULT_N512_q4_rep3,D1_PUSHSIG_OVERLAP,C0_DEFAULT,512,4,3,3,8610.7,8616.0,8903.4,299.5
case119_d1_C0_DEFAULT_N512_q4_rep4,D1_PUSHSIG_OVERLAP,C0_DEFAULT,512,4,4,0,7547.7,7553.3,7844.7,312.2
case119_d1_C0_DEFAULT_N512_q4_rep4,D1_PUSHSIG_OVERLAP,C0_DEFAULT,512,4,4,1,7899.1,7904.7,8209.1,307.2
case119_d1_C0_DEFAULT_N512_q4_rep4,D1_PUSHSIG_OVERLAP,C0_DEFAULT,512,4,4,2,8263.2,8268.8,8562.0,303.6
case119_d1_C0_DEFAULT_N512_q4_rep4,D1_PUSHSIG_OVERLAP,C0_DEFAULT,512,4,4,3,8613.2,8618.8,8905.0,303.7
case120_d1_C0_DEFAULT_N512_q4_rep5,D1_PUSHSIG_OVERLAP,C0_DEFAULT,512,4,5,0,7543.7,7549.2,7860.0,317.6
case120_d1_C0_DEFAULT_N512_q4_rep5,D1_PUSHSIG_OVERLAP,C0_DEFAULT,512,4,5,1,7915.8,7921.2,8210.6,310.6
case120_d1_C0_DEFAULT_N512_q4_rep5,D1_PUSHSIG_OVERLAP,C0_DEFAULT,512,4,5,2,8267.3,8272.7,8578.8,311.7
case120_d1_C0_DEFAULT_N512_q4_rep5,D1_PUSHSIG_OVERLAP,C0_DEFAULT,512,4,5,3,8632.2,8637.7,8919.2,309.1
case121_comm_C0_DEFAULT_N512_q8_rep1,COMM_ONLY,C0_DEFAULT,512,8,1,0,539.4,0.0,0.0,0.0
case121_comm_C0_DEFAULT_N512_q8_rep1,COMM_ONLY,C0_DEFAULT,512,8,1,1,1065.5,0.0,0.0,0.0
case121_comm_C0_DEFAULT_N512_q8_rep1,COMM_ONLY,C0_DEFAULT,512,8,1,2,1592.1,0.0,0.0,0.0
case121_comm_C0_DEFAULT_N512_q8_rep1,COMM_ONLY,C0_DEFAULT,512,8,1,3,2118.5,0.0,0.0,0.0
case121_comm_C0_DEFAULT_N512_q8_rep1,COMM_ONLY,C0_DEFAULT,512,8,1,4,2645.1,0.0,0.0,0.0
case121_comm_C0_DEFAULT_N512_q8_rep1,COMM_ONLY,C0_DEFAULT,512,8,1,5,3171.3,0.0,0.0,0.0
case121_comm_C0_DEFAULT_N512_q8_rep1,COMM_ONLY,C0_DEFAULT,512,8,1,6,3697.4,0.0,0.0,0.0
case121_comm_C0_DEFAULT_N512_q8_rep1,COMM_ONLY,C0_DEFAULT,512,8,1,7,4223.8,0.0,0.0,0.0
case122_comm_C0_DEFAULT_N512_q8_rep2,COMM_ONLY,C0_DEFAULT,512,8,2,0,537.7,0.0,0.0,0.0
case122_comm_C0_DEFAULT_N512_q8_rep2,COMM_ONLY,C0_DEFAULT,512,8,2,1,1063.9,0.0,0.0,0.0
case122_comm_C0_DEFAULT_N512_q8_rep2,COMM_ONLY,C0_DEFAULT,512,8,2,2,1590.3,0.0,0.0,0.0
case122_comm_C0_DEFAULT_N512_q8_rep2,COMM_ONLY,C0_DEFAULT,512,8,2,3,2116.5,0.0,0.0,0.0
case122_comm_C0_DEFAULT_N512_q8_rep2,COMM_ONLY,C0_DEFAULT,512,8,2,4,2642.6,0.0,0.0,0.0
case122_comm_C0_DEFAULT_N512_q8_rep2,COMM_ONLY,C0_DEFAULT,512,8,2,5,3168.6,0.0,0.0,0.0
case122_comm_C0_DEFAULT_N512_q8_rep2,COMM_ONLY,C0_DEFAULT,512,8,2,6,3694.5,0.0,0.0,0.0
case122_comm_C0_DEFAULT_N512_q8_rep2,COMM_ONLY,C0_DEFAULT,512,8,2,7,4221.0,0.0,0.0,0.0
case123_comm_C0_DEFAULT_N512_q8_rep3,COMM_ONLY,C0_DEFAULT,512,8,3,0,537.7,0.0,0.0,0.0
case123_comm_C0_DEFAULT_N512_q8_rep3,COMM_ONLY,C0_DEFAULT,512,8,3,1,1064.0,0.0,0.0,0.0
case123_comm_C0_DEFAULT_N512_q8_rep3,COMM_ONLY,C0_DEFAULT,512,8,3,2,1590.3,0.0,0.0,0.0
case123_comm_C0_DEFAULT_N512_q8_rep3,COMM_ONLY,C0_DEFAULT,512,8,3,3,2116.3,0.0,0.0,0.0
case123_comm_C0_DEFAULT_N512_q8_rep3,COMM_ONLY,C0_DEFAULT,512,8,3,4,2642.6,0.0,0.0,0.0
case123_comm_C0_DEFAULT_N512_q8_rep3,COMM_ONLY,C0_DEFAULT,512,8,3,5,3168.1,0.0,0.0,0.0
case123_comm_C0_DEFAULT_N512_q8_rep3,COMM_ONLY,C0_DEFAULT,512,8,3,6,3694.4,0.0,0.0,0.0
case123_comm_C0_DEFAULT_N512_q8_rep3,COMM_ONLY,C0_DEFAULT,512,8,3,7,4220.6,0.0,0.0,0.0
case124_comm_C0_DEFAULT_N512_q8_rep4,COMM_ONLY,C0_DEFAULT,512,8,4,0,539.7,0.0,0.0,0.0
case124_comm_C0_DEFAULT_N512_q8_rep4,COMM_ONLY,C0_DEFAULT,512,8,4,1,1065.9,0.0,0.0,0.0
case124_comm_C0_DEFAULT_N512_q8_rep4,COMM_ONLY,C0_DEFAULT,512,8,4,2,1591.8,0.0,0.0,0.0
case124_comm_C0_DEFAULT_N512_q8_rep4,COMM_ONLY,C0_DEFAULT,512,8,4,3,2117.6,0.0,0.0,0.0
case124_comm_C0_DEFAULT_N512_q8_rep4,COMM_ONLY,C0_DEFAULT,512,8,4,4,2644.3,0.0,0.0,0.0
case124_comm_C0_DEFAULT_N512_q8_rep4,COMM_ONLY,C0_DEFAULT,512,8,4,5,3169.9,0.0,0.0,0.0
case124_comm_C0_DEFAULT_N512_q8_rep4,COMM_ONLY,C0_DEFAULT,512,8,4,6,3696.0,0.0,0.0,0.0
case124_comm_C0_DEFAULT_N512_q8_rep4,COMM_ONLY,C0_DEFAULT,512,8,4,7,4222.0,0.0,0.0,0.0
case125_comm_C0_DEFAULT_N512_q8_rep5,COMM_ONLY,C0_DEFAULT,512,8,5,0,538.0,0.0,0.0,0.0
case125_comm_C0_DEFAULT_N512_q8_rep5,COMM_ONLY,C0_DEFAULT,512,8,5,1,1064.4,0.0,0.0,0.0
case125_comm_C0_DEFAULT_N512_q8_rep5,COMM_ONLY,C0_DEFAULT,512,8,5,2,1590.6,0.0,0.0,0.0
case125_comm_C0_DEFAULT_N512_q8_rep5,COMM_ONLY,C0_DEFAULT,512,8,5,3,2117.1,0.0,0.0,0.0
case125_comm_C0_DEFAULT_N512_q8_rep5,COMM_ONLY,C0_DEFAULT,512,8,5,4,2642.7,0.0,0.0,0.0
case125_comm_C0_DEFAULT_N512_q8_rep5,COMM_ONLY,C0_DEFAULT,512,8,5,5,3168.7,0.0,0.0,0.0
case125_comm_C0_DEFAULT_N512_q8_rep5,COMM_ONLY,C0_DEFAULT,512,8,5,6,3694.9,0.0,0.0,0.0
case125_comm_C0_DEFAULT_N512_q8_rep5,COMM_ONLY,C0_DEFAULT,512,8,5,7,4220.6,0.0,0.0,0.0
case126_comm_C2_RING_SIMPLE_CH8_N512_q8_rep1,COMM_ONLY,C2_RING_SIMPLE_CH8,512,8,1,0,529.1,0.0,0.0,0.0
case126_comm_C2_RING_SIMPLE_CH8_N512_q8_rep1,COMM_ONLY,C2_RING_SIMPLE_CH8,512,8,1,1,1046.5,0.0,0.0,0.0
case126_comm_C2_RING_SIMPLE_CH8_N512_q8_rep1,COMM_ONLY,C2_RING_SIMPLE_CH8,512,8,1,2,1564.1,0.0,0.0,0.0
case126_comm_C2_RING_SIMPLE_CH8_N512_q8_rep1,COMM_ONLY,C2_RING_SIMPLE_CH8,512,8,1,3,2081.6,0.0,0.0,0.0
case126_comm_C2_RING_SIMPLE_CH8_N512_q8_rep1,COMM_ONLY,C2_RING_SIMPLE_CH8,512,8,1,4,2599.1,0.0,0.0,0.0
case126_comm_C2_RING_SIMPLE_CH8_N512_q8_rep1,COMM_ONLY,C2_RING_SIMPLE_CH8,512,8,1,5,3116.8,0.0,0.0,0.0
case126_comm_C2_RING_SIMPLE_CH8_N512_q8_rep1,COMM_ONLY,C2_RING_SIMPLE_CH8,512,8,1,6,3634.4,0.0,0.0,0.0
case126_comm_C2_RING_SIMPLE_CH8_N512_q8_rep1,COMM_ONLY,C2_RING_SIMPLE_CH8,512,8,1,7,4151.9,0.0,0.0,0.0
case127_comm_C2_RING_SIMPLE_CH8_N512_q8_rep2,COMM_ONLY,C2_RING_SIMPLE_CH8,512,8,2,0,529.7,0.0,0.0,0.0
case127_comm_C2_RING_SIMPLE_CH8_N512_q8_rep2,COMM_ONLY,C2_RING_SIMPLE_CH8,512,8,2,1,1047.5,0.0,0.0,0.0
case127_comm_C2_RING_SIMPLE_CH8_N512_q8_rep2,COMM_ONLY,C2_RING_SIMPLE_CH8,512,8,2,2,1565.0,0.0,0.0,0.0
case127_comm_C2_RING_SIMPLE_CH8_N512_q8_rep2,COMM_ONLY,C2_RING_SIMPLE_CH8,512,8,2,3,2081.9,0.0,0.0,0.0
case127_comm_C2_RING_SIMPLE_CH8_N512_q8_rep2,COMM_ONLY,C2_RING_SIMPLE_CH8,512,8,2,4,2599.5,0.0,0.0,0.0
case127_comm_C2_RING_SIMPLE_CH8_N512_q8_rep2,COMM_ONLY,C2_RING_SIMPLE_CH8,512,8,2,5,3116.8,0.0,0.0,0.0
case127_comm_C2_RING_SIMPLE_CH8_N512_q8_rep2,COMM_ONLY,C2_RING_SIMPLE_CH8,512,8,2,6,3634.1,0.0,0.0,0.0
case127_comm_C2_RING_SIMPLE_CH8_N512_q8_rep2,COMM_ONLY,C2_RING_SIMPLE_CH8,512,8,2,7,4151.2,0.0,0.0,0.0
case128_comm_C2_RING_SIMPLE_CH8_N512_q8_rep3,COMM_ONLY,C2_RING_SIMPLE_CH8,512,8,3,0,529.5,0.0,0.0,0.0
case128_comm_C2_RING_SIMPLE_CH8_N512_q8_rep3,COMM_ONLY,C2_RING_SIMPLE_CH8,512,8,3,1,1046.8,0.0,0.0,0.0
case128_comm_C2_RING_SIMPLE_CH8_N512_q8_rep3,COMM_ONLY,C2_RING_SIMPLE_CH8,512,8,3,2,1563.9,0.0,0.0,0.0
case128_comm_C2_RING_SIMPLE_CH8_N512_q8_rep3,COMM_ONLY,C2_RING_SIMPLE_CH8,512,8,3,3,2081.0,0.0,0.0,0.0
case128_comm_C2_RING_SIMPLE_CH8_N512_q8_rep3,COMM_ONLY,C2_RING_SIMPLE_CH8,512,8,3,4,2598.3,0.0,0.0,0.0
case128_comm_C2_RING_SIMPLE_CH8_N512_q8_rep3,COMM_ONLY,C2_RING_SIMPLE_CH8,512,8,3,5,3115.5,0.0,0.0,0.0
case128_comm_C2_RING_SIMPLE_CH8_N512_q8_rep3,COMM_ONLY,C2_RING_SIMPLE_CH8,512,8,3,6,3633.1,0.0,0.0,0.0
case128_comm_C2_RING_SIMPLE_CH8_N512_q8_rep3,COMM_ONLY,C2_RING_SIMPLE_CH8,512,8,3,7,4149.8,0.0,0.0,0.0
case129_comm_C2_RING_SIMPLE_CH8_N512_q8_rep4,COMM_ONLY,C2_RING_SIMPLE_CH8,512,8,4,0,530.7,0.0,0.0,0.0
case129_comm_C2_RING_SIMPLE_CH8_N512_q8_rep4,COMM_ONLY,C2_RING_SIMPLE_CH8,512,8,4,1,1048.3,0.0,0.0,0.0
case129_comm_C2_RING_SIMPLE_CH8_N512_q8_rep4,COMM_ONLY,C2_RING_SIMPLE_CH8,512,8,4,2,1565.8,0.0,0.0,0.0
case129_comm_C2_RING_SIMPLE_CH8_N512_q8_rep4,COMM_ONLY,C2_RING_SIMPLE_CH8,512,8,4,3,2083.1,0.0,0.0,0.0
case129_comm_C2_RING_SIMPLE_CH8_N512_q8_rep4,COMM_ONLY,C2_RING_SIMPLE_CH8,512,8,4,4,2600.8,0.0,0.0,0.0
case129_comm_C2_RING_SIMPLE_CH8_N512_q8_rep4,COMM_ONLY,C2_RING_SIMPLE_CH8,512,8,4,5,3118.1,0.0,0.0,0.0
case129_comm_C2_RING_SIMPLE_CH8_N512_q8_rep4,COMM_ONLY,C2_RING_SIMPLE_CH8,512,8,4,6,3635.2,0.0,0.0,0.0
case129_comm_C2_RING_SIMPLE_CH8_N512_q8_rep4,COMM_ONLY,C2_RING_SIMPLE_CH8,512,8,4,7,4152.5,0.0,0.0,0.0
case130_comm_C2_RING_SIMPLE_CH8_N512_q8_rep5,COMM_ONLY,C2_RING_SIMPLE_CH8,512,8,5,0,529.3,0.0,0.0,0.0
case130_comm_C2_RING_SIMPLE_CH8_N512_q8_rep5,COMM_ONLY,C2_RING_SIMPLE_CH8,512,8,5,1,1047.3,0.0,0.0,0.0
case130_comm_C2_RING_SIMPLE_CH8_N512_q8_rep5,COMM_ONLY,C2_RING_SIMPLE_CH8,512,8,5,2,1565.1,0.0,0.0,0.0
case130_comm_C2_RING_SIMPLE_CH8_N512_q8_rep5,COMM_ONLY,C2_RING_SIMPLE_CH8,512,8,5,3,2083.1,0.0,0.0,0.0
case130_comm_C2_RING_SIMPLE_CH8_N512_q8_rep5,COMM_ONLY,C2_RING_SIMPLE_CH8,512,8,5,4,2600.6,0.0,0.0,0.0
case130_comm_C2_RING_SIMPLE_CH8_N512_q8_rep5,COMM_ONLY,C2_RING_SIMPLE_CH8,512,8,5,5,3119.3,0.0,0.0,0.0
case130_comm_C2_RING_SIMPLE_CH8_N512_q8_rep5,COMM_ONLY,C2_RING_SIMPLE_CH8,512,8,5,6,3636.3,0.0,0.0,0.0
case130_comm_C2_RING_SIMPLE_CH8_N512_q8_rep5,COMM_ONLY,C2_RING_SIMPLE_CH8,512,8,5,7,4153.7,0.0,0.0,0.0
case131_gemm_C0_DEFAULT_N512_q8_rep1,GEMM_ONLY,C0_DEFAULT,512,8,1,0,0.0,24.6,241.7,218.9
case131_gemm_C0_DEFAULT_N512_q8_rep1,GEMM_ONLY,C0_DEFAULT,512,8,1,1,0.0,247.3,466.1,219.2
case131_gemm_C0_DEFAULT_N512_q8_rep1,GEMM_ONLY,C0_DEFAULT,512,8,1,2,0.0,471.5,690.3,219.1
case131_gemm_C0_DEFAULT_N512_q8_rep1,GEMM_ONLY,C0_DEFAULT,512,8,1,3,0.0,695.9,915.4,220.0
case131_gemm_C0_DEFAULT_N512_q8_rep1,GEMM_ONLY,C0_DEFAULT,512,8,1,4,0.0,921.0,1139.0,218.7
case131_gemm_C0_DEFAULT_N512_q8_rep1,GEMM_ONLY,C0_DEFAULT,512,8,1,5,0.0,1144.6,1362.8,218.7
case131_gemm_C0_DEFAULT_N512_q8_rep1,GEMM_ONLY,C0_DEFAULT,512,8,1,6,0.0,1368.3,1587.0,218.9
case131_gemm_C0_DEFAULT_N512_q8_rep1,GEMM_ONLY,C0_DEFAULT,512,8,1,7,0.0,1592.6,1812.1,219.8
case132_gemm_C0_DEFAULT_N512_q8_rep2,GEMM_ONLY,C0_DEFAULT,512,8,2,0,0.0,24.3,243.5,219.5
case132_gemm_C0_DEFAULT_N512_q8_rep2,GEMM_ONLY,C0_DEFAULT,512,8,2,1,0.0,249.0,468.0,219.5
case132_gemm_C0_DEFAULT_N512_q8_rep2,GEMM_ONLY,C0_DEFAULT,512,8,2,2,0.0,473.6,694.2,220.0
case132_gemm_C0_DEFAULT_N512_q8_rep2,GEMM_ONLY,C0_DEFAULT,512,8,2,3,0.0,699.6,920.1,220.3
case132_gemm_C0_DEFAULT_N512_q8_rep2,GEMM_ONLY,C0_DEFAULT,512,8,2,4,0.0,925.6,1144.7,219.0
case132_gemm_C0_DEFAULT_N512_q8_rep2,GEMM_ONLY,C0_DEFAULT,512,8,2,5,0.0,1150.2,1370.1,218.7
case132_gemm_C0_DEFAULT_N512_q8_rep2,GEMM_ONLY,C0_DEFAULT,512,8,2,6,0.0,1375.6,1595.6,219.7
case132_gemm_C0_DEFAULT_N512_q8_rep2,GEMM_ONLY,C0_DEFAULT,512,8,2,7,0.0,1601.0,1820.3,220.2
case133_gemm_C0_DEFAULT_N512_q8_rep3,GEMM_ONLY,C0_DEFAULT,512,8,3,0,0.0,24.3,242.5,218.9
case133_gemm_C0_DEFAULT_N512_q8_rep3,GEMM_ONLY,C0_DEFAULT,512,8,3,1,0.0,248.1,466.9,218.9
case133_gemm_C0_DEFAULT_N512_q8_rep3,GEMM_ONLY,C0_DEFAULT,512,8,3,2,0.0,472.5,691.2,219.2
case133_gemm_C0_DEFAULT_N512_q8_rep3,GEMM_ONLY,C0_DEFAULT,512,8,3,3,0.0,696.8,916.3,219.8
case133_gemm_C0_DEFAULT_N512_q8_rep3,GEMM_ONLY,C0_DEFAULT,512,8,3,4,0.0,921.8,1139.8,218.4
case133_gemm_C0_DEFAULT_N512_q8_rep3,GEMM_ONLY,C0_DEFAULT,512,8,3,5,0.0,1145.4,1363.4,218.7
case133_gemm_C0_DEFAULT_N512_q8_rep3,GEMM_ONLY,C0_DEFAULT,512,8,3,6,0.0,1369.0,1587.9,219.3
case133_gemm_C0_DEFAULT_N512_q8_rep3,GEMM_ONLY,C0_DEFAULT,512,8,3,7,0.0,1593.4,1813.0,219.6
case134_gemm_C0_DEFAULT_N512_q8_rep4,GEMM_ONLY,C0_DEFAULT,512,8,4,0,0.0,23.5,242.1,219.2
case134_gemm_C0_DEFAULT_N512_q8_rep4,GEMM_ONLY,C0_DEFAULT,512,8,4,1,0.0,247.7,466.5,218.9
case134_gemm_C0_DEFAULT_N512_q8_rep4,GEMM_ONLY,C0_DEFAULT,512,8,4,2,0.0,472.0,690.7,219.2
case134_gemm_C0_DEFAULT_N512_q8_rep4,GEMM_ONLY,C0_DEFAULT,512,8,4,3,0.0,696.3,915.6,219.8
case134_gemm_C0_DEFAULT_N512_q8_rep4,GEMM_ONLY,C0_DEFAULT,512,8,4,4,0.0,921.1,1139.5,218.4
case134_gemm_C0_DEFAULT_N512_q8_rep4,GEMM_ONLY,C0_DEFAULT,512,8,4,5,0.0,1145.0,1363.2,218.4
case134_gemm_C0_DEFAULT_N512_q8_rep4,GEMM_ONLY,C0_DEFAULT,512,8,4,6,0.0,1368.6,1587.4,219.0
case134_gemm_C0_DEFAULT_N512_q8_rep4,GEMM_ONLY,C0_DEFAULT,512,8,4,7,0.0,1593.0,1812.4,219.7
case135_gemm_C0_DEFAULT_N512_q8_rep5,GEMM_ONLY,C0_DEFAULT,512,8,5,0,0.0,26.3,242.5,218.7
case135_gemm_C0_DEFAULT_N512_q8_rep5,GEMM_ONLY,C0_DEFAULT,512,8,5,1,0.0,248.1,466.6,218.7
case135_gemm_C0_DEFAULT_N512_q8_rep5,GEMM_ONLY,C0_DEFAULT,512,8,5,2,0.0,472.1,690.8,219.0
case135_gemm_C0_DEFAULT_N512_q8_rep5,GEMM_ONLY,C0_DEFAULT,512,8,5,3,0.0,696.3,915.5,219.8
case135_gemm_C0_DEFAULT_N512_q8_rep5,GEMM_ONLY,C0_DEFAULT,512,8,5,4,0.0,921.1,1139.1,218.5
case135_gemm_C0_DEFAULT_N512_q8_rep5,GEMM_ONLY,C0_DEFAULT,512,8,5,5,0.0,1144.7,1362.9,218.5
case135_gemm_C0_DEFAULT_N512_q8_rep5,GEMM_ONLY,C0_DEFAULT,512,8,5,6,0.0,1368.4,1587.1,219.0
case135_gemm_C0_DEFAULT_N512_q8_rep5,GEMM_ONLY,C0_DEFAULT,512,8,5,7,0.0,1592.6,1811.8,219.7
case136_r0_C0_DEFAULT_N512_q8_rep1,R0_FULL_SERIAL,C0_DEFAULT,512,8,1,0,4049.7,4065.9,5089.7,1026.8
case137_r0_C0_DEFAULT_N512_q8_rep2,R0_FULL_SERIAL,C0_DEFAULT,512,8,2,0,4053.1,4069.3,5092.5,1027.2
case138_r0_C0_DEFAULT_N512_q8_rep3,R0_FULL_SERIAL,C0_DEFAULT,512,8,3,0,4059.1,4074.8,5098.5,1026.6
case139_r0_C0_DEFAULT_N512_q8_rep4,R0_FULL_SERIAL,C0_DEFAULT,512,8,4,0,4051.8,4068.2,5091.5,1026.2
case140_r0_C0_DEFAULT_N512_q8_rep5,R0_FULL_SERIAL,C0_DEFAULT,512,8,5,0,4053.9,4070.3,5094.4,1026.2
case141_rs_C0_DEFAULT_N512_q8_rep1,RS_SLICE_SERIAL,C0_DEFAULT,512,8,1,0,563.2,573.6,788.7,219.5
case141_rs_C0_DEFAULT_N512_q8_rep1,RS_SLICE_SERIAL,C0_DEFAULT,512,8,1,1,1335.0,1345.4,1562.5,219.3
case141_rs_C0_DEFAULT_N512_q8_rep1,RS_SLICE_SERIAL,C0_DEFAULT,512,8,1,2,2108.0,2118.4,2336.8,219.5
case141_rs_C0_DEFAULT_N512_q8_rep1,RS_SLICE_SERIAL,C0_DEFAULT,512,8,1,3,2881.4,2892.0,3112.3,220.0
case141_rs_C0_DEFAULT_N512_q8_rep1,RS_SLICE_SERIAL,C0_DEFAULT,512,8,1,4,3657.3,3667.6,3886.1,219.2
case141_rs_C0_DEFAULT_N512_q8_rep1,RS_SLICE_SERIAL,C0_DEFAULT,512,8,1,5,4431.3,4441.7,4659.3,219.0
case141_rs_C0_DEFAULT_N512_q8_rep1,RS_SLICE_SERIAL,C0_DEFAULT,512,8,1,6,5204.3,5214.7,5433.9,219.7
case141_rs_C0_DEFAULT_N512_q8_rep1,RS_SLICE_SERIAL,C0_DEFAULT,512,8,1,7,5979.7,5989.9,6209.4,220.0
case142_rs_C0_DEFAULT_N512_q8_rep2,RS_SLICE_SERIAL,C0_DEFAULT,512,8,2,0,563.7,573.6,787.6,219.7
case142_rs_C0_DEFAULT_N512_q8_rep2,RS_SLICE_SERIAL,C0_DEFAULT,512,8,2,1,1331.1,1341.4,1558.0,219.4
case142_rs_C0_DEFAULT_N512_q8_rep2,RS_SLICE_SERIAL,C0_DEFAULT,512,8,2,2,2102.0,2112.4,2331.2,220.0
case142_rs_C0_DEFAULT_N512_q8_rep2,RS_SLICE_SERIAL,C0_DEFAULT,512,8,2,3,2877.3,2887.7,3107.3,220.3
case142_rs_C0_DEFAULT_N512_q8_rep2,RS_SLICE_SERIAL,C0_DEFAULT,512,8,2,4,3651.0,3661.4,3880.6,219.3
case142_rs_C0_DEFAULT_N512_q8_rep2,RS_SLICE_SERIAL,C0_DEFAULT,512,8,2,5,4425.3,4435.8,4655.5,219.3
case142_rs_C0_DEFAULT_N512_q8_rep2,RS_SLICE_SERIAL,C0_DEFAULT,512,8,2,6,5201.0,5211.1,5430.3,219.8
case142_rs_C0_DEFAULT_N512_q8_rep2,RS_SLICE_SERIAL,C0_DEFAULT,512,8,2,7,5974.6,5984.9,6204.9,219.8
case143_rs_C0_DEFAULT_N512_q8_rep3,RS_SLICE_SERIAL,C0_DEFAULT,512,8,3,0,569.0,579.3,792.6,219.3
case143_rs_C0_DEFAULT_N512_q8_rep3,RS_SLICE_SERIAL,C0_DEFAULT,512,8,3,1,1337.1,1347.3,1562.3,219.2
case143_rs_C0_DEFAULT_N512_q8_rep3,RS_SLICE_SERIAL,C0_DEFAULT,512,8,3,2,2106.0,2116.5,2334.6,219.7
case143_rs_C0_DEFAULT_N512_q8_rep3,RS_SLICE_SERIAL,C0_DEFAULT,512,8,3,3,2879.1,2889.4,3110.0,220.1
case143_rs_C0_DEFAULT_N512_q8_rep3,RS_SLICE_SERIAL,C0_DEFAULT,512,8,3,4,3653.1,3663.4,3882.4,218.9
case143_rs_C0_DEFAULT_N512_q8_rep3,RS_SLICE_SERIAL,C0_DEFAULT,512,8,3,5,4427.7,4438.3,4657.0,219.0
case143_rs_C0_DEFAULT_N512_q8_rep3,RS_SLICE_SERIAL,C0_DEFAULT,512,8,3,6,5201.0,5211.5,5430.7,219.5
case143_rs_C0_DEFAULT_N512_q8_rep3,RS_SLICE_SERIAL,C0_DEFAULT,512,8,3,7,5977.3,5987.4,6206.4,219.8
case144_rs_C0_DEFAULT_N512_q8_rep4,RS_SLICE_SERIAL,C0_DEFAULT,512,8,4,0,563.8,574.0,787.6,219.7
case144_rs_C0_DEFAULT_N512_q8_rep4,RS_SLICE_SERIAL,C0_DEFAULT,512,8,4,1,1331.0,1340.8,1558.7,219.5
case144_rs_C0_DEFAULT_N512_q8_rep4,RS_SLICE_SERIAL,C0_DEFAULT,512,8,4,2,2103.2,2113.6,2331.9,220.2
case144_rs_C0_DEFAULT_N512_q8_rep4,RS_SLICE_SERIAL,C0_DEFAULT,512,8,4,3,2876.0,2886.3,3106.4,220.8
case144_rs_C0_DEFAULT_N512_q8_rep4,RS_SLICE_SERIAL,C0_DEFAULT,512,8,4,4,3650.9,3661.4,3880.5,219.5
case144_rs_C0_DEFAULT_N512_q8_rep4,RS_SLICE_SERIAL,C0_DEFAULT,512,8,4,5,4425.3,4435.6,4654.5,219.4
case144_rs_C0_DEFAULT_N512_q8_rep4,RS_SLICE_SERIAL,C0_DEFAULT,512,8,4,6,5199.3,5209.8,5429.9,220.0
case144_rs_C0_DEFAULT_N512_q8_rep4,RS_SLICE_SERIAL,C0_DEFAULT,512,8,4,7,5974.9,5984.9,6205.1,220.3
case145_rs_C0_DEFAULT_N512_q8_rep5,RS_SLICE_SERIAL,C0_DEFAULT,512,8,5,0,569.6,579.9,794.0,219.5
case145_rs_C0_DEFAULT_N512_q8_rep5,RS_SLICE_SERIAL,C0_DEFAULT,512,8,5,1,1338.2,1348.4,1562.4,219.3
case145_rs_C0_DEFAULT_N512_q8_rep5,RS_SLICE_SERIAL,C0_DEFAULT,512,8,5,2,2106.9,2117.3,2334.6,219.8
case145_rs_C0_DEFAULT_N512_q8_rep5,RS_SLICE_SERIAL,C0_DEFAULT,512,8,5,3,2879.4,2889.7,3108.9,220.4
case145_rs_C0_DEFAULT_N512_q8_rep5,RS_SLICE_SERIAL,C0_DEFAULT,512,8,5,4,3654.2,3664.3,3883.1,219.2
case145_rs_C0_DEFAULT_N512_q8_rep5,RS_SLICE_SERIAL,C0_DEFAULT,512,8,5,5,4427.7,4438.1,4658.0,219.3
case145_rs_C0_DEFAULT_N512_q8_rep5,RS_SLICE_SERIAL,C0_DEFAULT,512,8,5,6,5203.7,5214.1,5433.9,219.8
case145_rs_C0_DEFAULT_N512_q8_rep5,RS_SLICE_SERIAL,C0_DEFAULT,512,8,5,7,5979.7,5990.0,6208.9,219.9
case146_r1_C0_DEFAULT_N512_q8_rep1,R1_EVENT_OVERLAP,C0_DEFAULT,512,8,1,0,558.5,569.2,1017.9,452.2
case146_r1_C0_DEFAULT_N512_q8_rep1,R1_EVENT_OVERLAP,C0_DEFAULT,512,8,1,1,1113.0,1123.4,1574.9,452.3
case146_r1_C0_DEFAULT_N512_q8_rep1,R1_EVENT_OVERLAP,C0_DEFAULT,512,8,1,2,1667.5,1678.0,2123.7,449.4
case146_r1_C0_DEFAULT_N512_q8_rep1,R1_EVENT_OVERLAP,C0_DEFAULT,512,8,1,3,2225.0,2235.4,2684.6,451.2
case146_r1_C0_DEFAULT_N512_q8_rep1,R1_EVENT_OVERLAP,C0_DEFAULT,512,8,1,4,2781.3,2791.8,3241.1,453.2
case146_r1_C0_DEFAULT_N512_q8_rep1,R1_EVENT_OVERLAP,C0_DEFAULT,512,8,1,5,3339.1,3349.7,3797.3,450.8
case146_r1_C0_DEFAULT_N512_q8_rep1,R1_EVENT_OVERLAP,C0_DEFAULT,512,8,1,6,3894.8,3905.1,4347.0,446.4
case146_r1_C0_DEFAULT_N512_q8_rep1,R1_EVENT_OVERLAP,C0_DEFAULT,512,8,1,7,4450.9,4461.3,4680.8,219.7
case147_r1_C0_DEFAULT_N512_q8_rep2,R1_EVENT_OVERLAP,C0_DEFAULT,512,8,2,0,558.1,569.5,1019.9,453.3
case147_r1_C0_DEFAULT_N512_q8_rep2,R1_EVENT_OVERLAP,C0_DEFAULT,512,8,2,1,1113.5,1123.9,1571.5,450.0
case147_r1_C0_DEFAULT_N512_q8_rep2,R1_EVENT_OVERLAP,C0_DEFAULT,512,8,2,2,1669.9,1680.4,2130.1,453.2
case147_r1_C0_DEFAULT_N512_q8_rep2,R1_EVENT_OVERLAP,C0_DEFAULT,512,8,2,3,2227.6,2238.0,2685.0,451.8
case147_r1_C0_DEFAULT_N512_q8_rep2,R1_EVENT_OVERLAP,C0_DEFAULT,512,8,2,4,2785.3,2795.9,3245.9,454.7
case147_r1_C0_DEFAULT_N512_q8_rep2,R1_EVENT_OVERLAP,C0_DEFAULT,512,8,2,5,3344.3,3354.6,3801.4,450.1
case147_r1_C0_DEFAULT_N512_q8_rep2,R1_EVENT_OVERLAP,C0_DEFAULT,512,8,2,6,3900.1,3911.1,4357.3,451.7
case147_r1_C0_DEFAULT_N512_q8_rep2,R1_EVENT_OVERLAP,C0_DEFAULT,512,8,2,7,4457.6,4467.8,4686.8,219.8
case148_r1_C0_DEFAULT_N512_q8_rep3,R1_EVENT_OVERLAP,C0_DEFAULT,512,8,3,0,560.9,572.2,1023.6,454.6
case148_r1_C0_DEFAULT_N512_q8_rep3,R1_EVENT_OVERLAP,C0_DEFAULT,512,8,3,1,1113.9,1124.6,1578.6,451.6
case148_r1_C0_DEFAULT_N512_q8_rep3,R1_EVENT_OVERLAP,C0_DEFAULT,512,8,3,2,1670.4,1681.0,2135.9,456.1
case148_r1_C0_DEFAULT_N512_q8_rep3,R1_EVENT_OVERLAP,C0_DEFAULT,512,8,3,3,2227.8,2238.6,2687.8,450.5
case148_r1_C0_DEFAULT_N512_q8_rep3,R1_EVENT_OVERLAP,C0_DEFAULT,512,8,3,4,2785.4,2796.6,3244.6,450.2
case148_r1_C0_DEFAULT_N512_q8_rep3,R1_EVENT_OVERLAP,C0_DEFAULT,512,8,3,5,3345.0,3355.9,3803.6,451.6
case148_r1_C0_DEFAULT_N512_q8_rep3,R1_EVENT_OVERLAP,C0_DEFAULT,512,8,3,6,3900.7,3911.3,4363.5,450.9
case148_r1_C0_DEFAULT_N512_q8_rep3,R1_EVENT_OVERLAP,C0_DEFAULT,512,8,3,7,4457.4,4467.9,4687.4,219.7
case149_r1_C0_DEFAULT_N512_q8_rep4,R1_EVENT_OVERLAP,C0_DEFAULT,512,8,4,0,557.5,568.5,1016.2,451.5
case149_r1_C0_DEFAULT_N512_q8_rep4,R1_EVENT_OVERLAP,C0_DEFAULT,512,8,4,1,1110.9,1121.5,1571.7,452.0
case149_r1_C0_DEFAULT_N512_q8_rep4,R1_EVENT_OVERLAP,C0_DEFAULT,512,8,4,2,1665.3,1676.0,2122.9,450.0
case149_r1_C0_DEFAULT_N512_q8_rep4,R1_EVENT_OVERLAP,C0_DEFAULT,512,8,4,3,2222.7,2233.5,2681.4,450.9
case149_r1_C0_DEFAULT_N512_q8_rep4,R1_EVENT_OVERLAP,C0_DEFAULT,512,8,4,4,2779.5,2790.2,3234.3,449.8
case149_r1_C0_DEFAULT_N512_q8_rep4,R1_EVENT_OVERLAP,C0_DEFAULT,512,8,4,5,3336.5,3347.2,3796.4,452.3
case149_r1_C0_DEFAULT_N512_q8_rep4,R1_EVENT_OVERLAP,C0_DEFAULT,512,8,4,6,3891.2,3902.1,4349.2,454.3
case149_r1_C0_DEFAULT_N512_q8_rep4,R1_EVENT_OVERLAP,C0_DEFAULT,512,8,4,7,4447.8,4458.2,4677.4,220.0
case150_r1_C0_DEFAULT_N512_q8_rep5,R1_EVENT_OVERLAP,C0_DEFAULT,512,8,5,0,559.6,570.9,1020.5,453.3
case150_r1_C0_DEFAULT_N512_q8_rep5,R1_EVENT_OVERLAP,C0_DEFAULT,512,8,5,1,1115.3,1125.7,1575.1,451.5
case150_r1_C0_DEFAULT_N512_q8_rep5,R1_EVENT_OVERLAP,C0_DEFAULT,512,8,5,2,1671.7,1682.5,2133.6,453.7
case150_r1_C0_DEFAULT_N512_q8_rep5,R1_EVENT_OVERLAP,C0_DEFAULT,512,8,5,3,2228.5,2239.3,2689.9,451.7
case150_r1_C0_DEFAULT_N512_q8_rep5,R1_EVENT_OVERLAP,C0_DEFAULT,512,8,5,4,2787.4,2798.2,3248.8,453.9
case150_r1_C0_DEFAULT_N512_q8_rep5,R1_EVENT_OVERLAP,C0_DEFAULT,512,8,5,5,3344.5,3355.5,3805.6,451.2
case150_r1_C0_DEFAULT_N512_q8_rep5,R1_EVENT_OVERLAP,C0_DEFAULT,512,8,5,6,3901.9,3912.7,4360.8,452.1
case150_r1_C0_DEFAULT_N512_q8_rep5,R1_EVENT_OVERLAP,C0_DEFAULT,512,8,5,7,4459.7,4470.2,4689.6,219.7
case151_r1_C2_RING_SIMPLE_CH8_N512_q8_rep1,R1_EVENT_OVERLAP,C2_RING_SIMPLE_CH8,512,8,1,0,549.6,561.2,1109.9,549.3
case151_r1_C2_RING_SIMPLE_CH8_N512_q8_rep1,R1_EVENT_OVERLAP,C2_RING_SIMPLE_CH8,512,8,1,1,1095.7,1129.7,1673.3,548.9
case151_r1_C2_RING_SIMPLE_CH8_N512_q8_rep1,R1_EVENT_OVERLAP,C2_RING_SIMPLE_CH8,512,8,1,2,1647.0,1708.9,2228.5,546.2
case151_r1_C2_RING_SIMPLE_CH8_N512_q8_rep1,R1_EVENT_OVERLAP,C2_RING_SIMPLE_CH8,512,8,1,3,2200.5,2261.6,2787.4,543.4
case151_r1_C2_RING_SIMPLE_CH8_N512_q8_rep1,R1_EVENT_OVERLAP,C2_RING_SIMPLE_CH8,512,8,1,4,2756.0,2822.5,3350.9,546.4
case151_r1_C2_RING_SIMPLE_CH8_N512_q8_rep1,R1_EVENT_OVERLAP,C2_RING_SIMPLE_CH8,512,8,1,5,3310.4,3386.9,3902.8,544.1
case151_r1_C2_RING_SIMPLE_CH8_N512_q8_rep1,R1_EVENT_OVERLAP,C2_RING_SIMPLE_CH8,512,8,1,6,3866.3,3940.8,4446.0,543.5
case151_r1_C2_RING_SIMPLE_CH8_N512_q8_rep1,R1_EVENT_OVERLAP,C2_RING_SIMPLE_CH8,512,8,1,7,4421.4,4457.4,4675.3,219.5
case152_r1_C2_RING_SIMPLE_CH8_N512_q8_rep2,R1_EVENT_OVERLAP,C2_RING_SIMPLE_CH8,512,8,2,0,551.3,562.4,1115.4,551.5
case152_r1_C2_RING_SIMPLE_CH8_N512_q8_rep2,R1_EVENT_OVERLAP,C2_RING_SIMPLE_CH8,512,8,2,1,1096.8,1138.8,1674.5,546.4
case152_r1_C2_RING_SIMPLE_CH8_N512_q8_rep2,R1_EVENT_OVERLAP,C2_RING_SIMPLE_CH8,512,8,2,2,1648.6,1707.3,2229.9,546.5
case152_r1_C2_RING_SIMPLE_CH8_N512_q8_rep2,R1_EVENT_OVERLAP,C2_RING_SIMPLE_CH8,512,8,2,3,2202.3,2264.4,2801.7,545.2
case152_r1_C2_RING_SIMPLE_CH8_N512_q8_rep2,R1_EVENT_OVERLAP,C2_RING_SIMPLE_CH8,512,8,2,4,2755.8,2837.6,3348.1,545.2
case152_r1_C2_RING_SIMPLE_CH8_N512_q8_rep2,R1_EVENT_OVERLAP,C2_RING_SIMPLE_CH8,512,8,2,5,3312.2,3386.1,3905.1,544.5
case152_r1_C2_RING_SIMPLE_CH8_N512_q8_rep2,R1_EVENT_OVERLAP,C2_RING_SIMPLE_CH8,512,8,2,6,3866.6,3934.7,4445.4,543.0
case152_r1_C2_RING_SIMPLE_CH8_N512_q8_rep2,R1_EVENT_OVERLAP,C2_RING_SIMPLE_CH8,512,8,2,7,4421.4,4456.9,4675.3,220.1
case153_r1_C2_RING_SIMPLE_CH8_N512_q8_rep3,R1_EVENT_OVERLAP,C2_RING_SIMPLE_CH8,512,8,3,0,550.7,562.1,1110.3,549.8
case153_r1_C2_RING_SIMPLE_CH8_N512_q8_rep3,R1_EVENT_OVERLAP,C2_RING_SIMPLE_CH8,512,8,3,1,1095.0,1129.1,1677.3,547.5
case153_r1_C2_RING_SIMPLE_CH8_N512_q8_rep3,R1_EVENT_OVERLAP,C2_RING_SIMPLE_CH8,512,8,3,2,1646.1,1712.8,2233.6,547.5
case153_r1_C2_RING_SIMPLE_CH8_N512_q8_rep3,R1_EVENT_OVERLAP,C2_RING_SIMPLE_CH8,512,8,3,3,2201.3,2268.6,2792.5,545.6
case153_r1_C2_RING_SIMPLE_CH8_N512_q8_rep3,R1_EVENT_OVERLAP,C2_RING_SIMPLE_CH8,512,8,3,4,2756.6,2824.6,3340.7,545.4
case153_r1_C2_RING_SIMPLE_CH8_N512_q8_rep3,R1_EVENT_OVERLAP,C2_RING_SIMPLE_CH8,512,8,3,5,3312.6,3374.2,3899.9,546.0
case153_r1_C2_RING_SIMPLE_CH8_N512_q8_rep3,R1_EVENT_OVERLAP,C2_RING_SIMPLE_CH8,512,8,3,6,3867.6,3933.1,4448.6,544.2
case153_r1_C2_RING_SIMPLE_CH8_N512_q8_rep3,R1_EVENT_OVERLAP,C2_RING_SIMPLE_CH8,512,8,3,7,4422.9,4460.2,4679.1,220.0
case154_r1_C2_RING_SIMPLE_CH8_N512_q8_rep4,R1_EVENT_OVERLAP,C2_RING_SIMPLE_CH8,512,8,4,0,555.3,567.1,1109.8,549.7
case154_r1_C2_RING_SIMPLE_CH8_N512_q8_rep4,R1_EVENT_OVERLAP,C2_RING_SIMPLE_CH8,512,8,4,1,1099.0,1128.2,1692.7,548.4
case154_r1_C2_RING_SIMPLE_CH8_N512_q8_rep4,R1_EVENT_OVERLAP,C2_RING_SIMPLE_CH8,512,8,4,2,1647.9,1726.6,2241.9,545.2
case154_r1_C2_RING_SIMPLE_CH8_N512_q8_rep4,R1_EVENT_OVERLAP,C2_RING_SIMPLE_CH8,512,8,4,3,2200.2,2278.1,2791.4,545.3
case154_r1_C2_RING_SIMPLE_CH8_N512_q8_rep4,R1_EVENT_OVERLAP,C2_RING_SIMPLE_CH8,512,8,4,4,2754.8,2828.3,3353.4,544.6
case154_r1_C2_RING_SIMPLE_CH8_N512_q8_rep4,R1_EVENT_OVERLAP,C2_RING_SIMPLE_CH8,512,8,4,5,3311.0,3386.6,3915.5,545.1
case154_r1_C2_RING_SIMPLE_CH8_N512_q8_rep4,R1_EVENT_OVERLAP,C2_RING_SIMPLE_CH8,512,8,4,6,3866.9,3950.8,4446.8,542.8
case154_r1_C2_RING_SIMPLE_CH8_N512_q8_rep4,R1_EVENT_OVERLAP,C2_RING_SIMPLE_CH8,512,8,4,7,4421.6,4458.1,4676.5,219.7
case155_r1_C2_RING_SIMPLE_CH8_N512_q8_rep5,R1_EVENT_OVERLAP,C2_RING_SIMPLE_CH8,512,8,5,0,554.8,566.4,1110.8,550.8
case155_r1_C2_RING_SIMPLE_CH8_N512_q8_rep5,R1_EVENT_OVERLAP,C2_RING_SIMPLE_CH8,512,8,5,1,1099.6,1130.7,1672.8,546.5
case155_r1_C2_RING_SIMPLE_CH8_N512_q8_rep5,R1_EVENT_OVERLAP,C2_RING_SIMPLE_CH8,512,8,5,2,1649.4,1697.4,2235.4,546.7
case155_r1_C2_RING_SIMPLE_CH8_N512_q8_rep5,R1_EVENT_OVERLAP,C2_RING_SIMPLE_CH8,512,8,5,3,2202.6,2263.5,2788.3,546.2
case155_r1_C2_RING_SIMPLE_CH8_N512_q8_rep5,R1_EVENT_OVERLAP,C2_RING_SIMPLE_CH8,512,8,5,4,2758.2,2820.3,3343.4,545.8
case155_r1_C2_RING_SIMPLE_CH8_N512_q8_rep5,R1_EVENT_OVERLAP,C2_RING_SIMPLE_CH8,512,8,5,5,3313.0,3369.8,3893.8,543.7
case155_r1_C2_RING_SIMPLE_CH8_N512_q8_rep5,R1_EVENT_OVERLAP,C2_RING_SIMPLE_CH8,512,8,5,6,3869.9,3922.4,4447.5,544.6
case155_r1_C2_RING_SIMPLE_CH8_N512_q8_rep5,R1_EVENT_OVERLAP,C2_RING_SIMPLE_CH8,512,8,5,7,4426.2,4458.7,4679.0,219.7
case156_fc_C0_DEFAULT_N512_q8_rep1,FC_FCOLLECT_ONLY,C0_DEFAULT,512,8,1,0,11541.9,0.0,0.0,0.0
case157_fc_C0_DEFAULT_N512_q8_rep2,FC_FCOLLECT_ONLY,C0_DEFAULT,512,8,2,0,11540.7,0.0,0.0,0.0
case158_fc_C0_DEFAULT_N512_q8_rep3,FC_FCOLLECT_ONLY,C0_DEFAULT,512,8,3,0,11513.2,0.0,0.0,0.0
case159_fc_C0_DEFAULT_N512_q8_rep4,FC_FCOLLECT_ONLY,C0_DEFAULT,512,8,4,0,11518.2,0.0,0.0,0.0
case160_fc_C0_DEFAULT_N512_q8_rep5,FC_FCOLLECT_ONLY,C0_DEFAULT,512,8,5,0,11516.2,0.0,0.0,0.0
case161_dc_C0_DEFAULT_N512_q8_rep1,DC_PUSHSIG_ONLY,C0_DEFAULT,512,8,1,0,1373.4,0.0,0.0,0.0
case161_dc_C0_DEFAULT_N512_q8_rep1,DC_PUSHSIG_ONLY,C0_DEFAULT,512,8,1,1,1968.0,0.0,0.0,0.0
case161_dc_C0_DEFAULT_N512_q8_rep1,DC_PUSHSIG_ONLY,C0_DEFAULT,512,8,1,2,3365.4,0.0,0.0,0.0
case161_dc_C0_DEFAULT_N512_q8_rep1,DC_PUSHSIG_ONLY,C0_DEFAULT,512,8,1,3,4016.9,0.0,0.0,0.0
case161_dc_C0_DEFAULT_N512_q8_rep1,DC_PUSHSIG_ONLY,C0_DEFAULT,512,8,1,4,5350.8,0.0,0.0,0.0
case161_dc_C0_DEFAULT_N512_q8_rep1,DC_PUSHSIG_ONLY,C0_DEFAULT,512,8,1,5,6318.4,0.0,0.0,0.0
case161_dc_C0_DEFAULT_N512_q8_rep1,DC_PUSHSIG_ONLY,C0_DEFAULT,512,8,1,6,9227.2,0.0,0.0,0.0
case161_dc_C0_DEFAULT_N512_q8_rep1,DC_PUSHSIG_ONLY,C0_DEFAULT,512,8,1,7,11382.0,0.0,0.0,0.0
case162_dc_C0_DEFAULT_N512_q8_rep2,DC_PUSHSIG_ONLY,C0_DEFAULT,512,8,2,0,1366.1,0.0,0.0,0.0
case162_dc_C0_DEFAULT_N512_q8_rep2,DC_PUSHSIG_ONLY,C0_DEFAULT,512,8,2,1,1962.4,0.0,0.0,0.0
case162_dc_C0_DEFAULT_N512_q8_rep2,DC_PUSHSIG_ONLY,C0_DEFAULT,512,8,2,2,3371.9,0.0,0.0,0.0
case162_dc_C0_DEFAULT_N512_q8_rep2,DC_PUSHSIG_ONLY,C0_DEFAULT,512,8,2,3,4063.7,0.0,0.0,0.0
case162_dc_C0_DEFAULT_N512_q8_rep2,DC_PUSHSIG_ONLY,C0_DEFAULT,512,8,2,4,5365.5,0.0,0.0,0.0
case162_dc_C0_DEFAULT_N512_q8_rep2,DC_PUSHSIG_ONLY,C0_DEFAULT,512,8,2,5,7798.1,0.0,0.0,0.0
case162_dc_C0_DEFAULT_N512_q8_rep2,DC_PUSHSIG_ONLY,C0_DEFAULT,512,8,2,6,8972.2,0.0,0.0,0.0
case162_dc_C0_DEFAULT_N512_q8_rep2,DC_PUSHSIG_ONLY,C0_DEFAULT,512,8,2,7,10656.0,0.0,0.0,0.0
case163_dc_C0_DEFAULT_N512_q8_rep3,DC_PUSHSIG_ONLY,C0_DEFAULT,512,8,3,0,1363.0,0.0,0.0,0.0
case163_dc_C0_DEFAULT_N512_q8_rep3,DC_PUSHSIG_ONLY,C0_DEFAULT,512,8,3,1,2103.7,0.0,0.0,0.0
case163_dc_C0_DEFAULT_N512_q8_rep3,DC_PUSHSIG_ONLY,C0_DEFAULT,512,8,3,2,3509.9,0.0,0.0,0.0
case163_dc_C0_DEFAULT_N512_q8_rep3,DC_PUSHSIG_ONLY,C0_DEFAULT,512,8,3,3,6434.4,0.0,0.0,0.0
case163_dc_C0_DEFAULT_N512_q8_rep3,DC_PUSHSIG_ONLY,C0_DEFAULT,512,8,3,4,7541.4,0.0,0.0,0.0
case163_dc_C0_DEFAULT_N512_q8_rep3,DC_PUSHSIG_ONLY,C0_DEFAULT,512,8,3,5,8500.6,0.0,0.0,0.0
case163_dc_C0_DEFAULT_N512_q8_rep3,DC_PUSHSIG_ONLY,C0_DEFAULT,512,8,3,6,9222.7,0.0,0.0,0.0
case163_dc_C0_DEFAULT_N512_q8_rep3,DC_PUSHSIG_ONLY,C0_DEFAULT,512,8,3,7,10249.5,0.0,0.0,0.0
case164_dc_C0_DEFAULT_N512_q8_rep4,DC_PUSHSIG_ONLY,C0_DEFAULT,512,8,4,0,1370.6,0.0,0.0,0.0
case164_dc_C0_DEFAULT_N512_q8_rep4,DC_PUSHSIG_ONLY,C0_DEFAULT,512,8,4,1,1965.5,0.0,0.0,0.0
case164_dc_C0_DEFAULT_N512_q8_rep4,DC_PUSHSIG_ONLY,C0_DEFAULT,512,8,4,2,3356.1,0.0,0.0,0.0
case164_dc_C0_DEFAULT_N512_q8_rep4,DC_PUSHSIG_ONLY,C0_DEFAULT,512,8,4,3,4229.2,0.0,0.0,0.0
case164_dc_C0_DEFAULT_N512_q8_rep4,DC_PUSHSIG_ONLY,C0_DEFAULT,512,8,4,4,5367.4,0.0,0.0,0.0
case164_dc_C0_DEFAULT_N512_q8_rep4,DC_PUSHSIG_ONLY,C0_DEFAULT,512,8,4,5,7822.8,0.0,0.0,0.0
case164_dc_C0_DEFAULT_N512_q8_rep4,DC_PUSHSIG_ONLY,C0_DEFAULT,512,8,4,6,9215.2,0.0,0.0,0.0
case164_dc_C0_DEFAULT_N512_q8_rep4,DC_PUSHSIG_ONLY,C0_DEFAULT,512,8,4,7,11099.5,0.0,0.0,0.0
case165_dc_C0_DEFAULT_N512_q8_rep5,DC_PUSHSIG_ONLY,C0_DEFAULT,512,8,5,0,1367.9,0.0,0.0,0.0
case165_dc_C0_DEFAULT_N512_q8_rep5,DC_PUSHSIG_ONLY,C0_DEFAULT,512,8,5,1,1967.7,0.0,0.0,0.0
case165_dc_C0_DEFAULT_N512_q8_rep5,DC_PUSHSIG_ONLY,C0_DEFAULT,512,8,5,2,3382.1,0.0,0.0,0.0
case165_dc_C0_DEFAULT_N512_q8_rep5,DC_PUSHSIG_ONLY,C0_DEFAULT,512,8,5,3,4351.9,0.0,0.0,0.0
case165_dc_C0_DEFAULT_N512_q8_rep5,DC_PUSHSIG_ONLY,C0_DEFAULT,512,8,5,4,6904.3,0.0,0.0,0.0
case165_dc_C0_DEFAULT_N512_q8_rep5,DC_PUSHSIG_ONLY,C0_DEFAULT,512,8,5,5,8652.4,0.0,0.0,0.0
case165_dc_C0_DEFAULT_N512_q8_rep5,DC_PUSHSIG_ONLY,C0_DEFAULT,512,8,5,6,10033.1,0.0,0.0,0.0
case165_dc_C0_DEFAULT_N512_q8_rep5,DC_PUSHSIG_ONLY,C0_DEFAULT,512,8,5,7,12004.5,0.0,0.0,0.0
case166_d0_C0_DEFAULT_N512_q8_rep1,D0_FCOLLECT_SERIAL,C0_DEFAULT,512,8,1,0,11513.5,11529.7,12557.6,1026.7
case167_d0_C0_DEFAULT_N512_q8_rep2,D0_FCOLLECT_SERIAL,C0_DEFAULT,512,8,2,0,11502.7,11518.6,12549.1,1026.7
case168_d0_C0_DEFAULT_N512_q8_rep3,D0_FCOLLECT_SERIAL,C0_DEFAULT,512,8,3,0,11540.6,11557.1,12585.4,1026.5
case169_d0_C0_DEFAULT_N512_q8_rep4,D0_FCOLLECT_SERIAL,C0_DEFAULT,512,8,4,0,11509.2,11524.6,12543.7,1026.8
case170_d0_C0_DEFAULT_N512_q8_rep5,D0_FCOLLECT_SERIAL,C0_DEFAULT,512,8,5,0,11520.4,11536.4,12573.3,1027.5
case171_ds_C0_DEFAULT_N512_q8_rep1,DS_PUSHSIG_SERIAL,C0_DEFAULT,512,8,1,0,14802.4,14807.9,15056.1,253.5
case171_ds_C0_DEFAULT_N512_q8_rep1,DS_PUSHSIG_SERIAL,C0_DEFAULT,512,8,1,1,15337.5,15343.1,15577.4,241.0
case171_ds_C0_DEFAULT_N512_q8_rep1,DS_PUSHSIG_SERIAL,C0_DEFAULT,512,8,1,2,15845.4,15850.9,16084.4,242.2
case171_ds_C0_DEFAULT_N512_q8_rep1,DS_PUSHSIG_SERIAL,C0_DEFAULT,512,8,1,3,16289.3,16294.9,16529.2,241.4
case171_ds_C0_DEFAULT_N512_q8_rep1,DS_PUSHSIG_SERIAL,C0_DEFAULT,512,8,1,4,16690.0,16695.5,16929.7,239.6
case171_ds_C0_DEFAULT_N512_q8_rep1,DS_PUSHSIG_SERIAL,C0_DEFAULT,512,8,1,5,17023.1,17029.2,17258.3,238.4
case171_ds_C0_DEFAULT_N512_q8_rep1,DS_PUSHSIG_SERIAL,C0_DEFAULT,512,8,1,6,17417.4,17422.9,17658.0,239.5
case171_ds_C0_DEFAULT_N512_q8_rep1,DS_PUSHSIG_SERIAL,C0_DEFAULT,512,8,1,7,17749.2,17754.6,17990.3,238.1
case172_ds_C0_DEFAULT_N512_q8_rep2,DS_PUSHSIG_SERIAL,C0_DEFAULT,512,8,2,0,14819.2,14824.7,15128.7,257.1
case172_ds_C0_DEFAULT_N512_q8_rep2,DS_PUSHSIG_SERIAL,C0_DEFAULT,512,8,2,1,15181.1,15186.8,15429.1,247.7
case172_ds_C0_DEFAULT_N512_q8_rep2,DS_PUSHSIG_SERIAL,C0_DEFAULT,512,8,2,2,15570.4,15576.0,15812.9,246.5
case172_ds_C0_DEFAULT_N512_q8_rep2,DS_PUSHSIG_SERIAL,C0_DEFAULT,512,8,2,3,15878.8,15884.3,16121.3,243.4
case172_ds_C0_DEFAULT_N512_q8_rep2,DS_PUSHSIG_SERIAL,C0_DEFAULT,512,8,2,4,16275.5,16281.0,16516.1,241.7
case172_ds_C0_DEFAULT_N512_q8_rep2,DS_PUSHSIG_SERIAL,C0_DEFAULT,512,8,2,5,16879.5,16885.1,17120.3,240.0
case172_ds_C0_DEFAULT_N512_q8_rep2,DS_PUSHSIG_SERIAL,C0_DEFAULT,512,8,2,6,17213.0,17218.4,17453.8,239.0
case172_ds_C0_DEFAULT_N512_q8_rep2,DS_PUSHSIG_SERIAL,C0_DEFAULT,512,8,2,7,17512.3,17517.9,17754.1,241.6
case173_ds_C0_DEFAULT_N512_q8_rep3,DS_PUSHSIG_SERIAL,C0_DEFAULT,512,8,3,0,15319.9,15325.5,15631.5,258.5
case173_ds_C0_DEFAULT_N512_q8_rep3,DS_PUSHSIG_SERIAL,C0_DEFAULT,512,8,3,1,15714.5,15719.9,15956.9,242.1
case173_ds_C0_DEFAULT_N512_q8_rep3,DS_PUSHSIG_SERIAL,C0_DEFAULT,512,8,3,2,16020.5,16026.1,16260.6,242.6
case173_ds_C0_DEFAULT_N512_q8_rep3,DS_PUSHSIG_SERIAL,C0_DEFAULT,512,8,3,3,16385.8,16391.3,16620.6,242.0
case173_ds_C0_DEFAULT_N512_q8_rep3,DS_PUSHSIG_SERIAL,C0_DEFAULT,512,8,3,4,16721.6,16727.4,16954.7,240.5
case173_ds_C0_DEFAULT_N512_q8_rep3,DS_PUSHSIG_SERIAL,C0_DEFAULT,512,8,3,5,17045.5,17050.9,17281.0,239.3
case173_ds_C0_DEFAULT_N512_q8_rep3,DS_PUSHSIG_SERIAL,C0_DEFAULT,512,8,3,6,17463.8,17469.6,17805.5,239.6
case173_ds_C0_DEFAULT_N512_q8_rep3,DS_PUSHSIG_SERIAL,C0_DEFAULT,512,8,3,7,17930.9,17936.5,18178.5,241.9
case174_ds_C0_DEFAULT_N512_q8_rep4,DS_PUSHSIG_SERIAL,C0_DEFAULT,512,8,4,0,14921.6,14927.2,15173.9,255.1
case174_ds_C0_DEFAULT_N512_q8_rep4,DS_PUSHSIG_SERIAL,C0_DEFAULT,512,8,4,1,15280.4,15286.0,15529.4,240.9
case174_ds_C0_DEFAULT_N512_q8_rep4,DS_PUSHSIG_SERIAL,C0_DEFAULT,512,8,4,2,15981.6,15987.2,16224.8,241.3
case174_ds_C0_DEFAULT_N512_q8_rep4,DS_PUSHSIG_SERIAL,C0_DEFAULT,512,8,4,3,16290.9,16296.5,16532.1,240.8
case174_ds_C0_DEFAULT_N512_q8_rep4,DS_PUSHSIG_SERIAL,C0_DEFAULT,512,8,4,4,16692.0,16697.6,16945.8,240.1
case174_ds_C0_DEFAULT_N512_q8_rep4,DS_PUSHSIG_SERIAL,C0_DEFAULT,512,8,4,5,17193.8,17199.4,17441.6,240.8
case174_ds_C0_DEFAULT_N512_q8_rep4,DS_PUSHSIG_SERIAL,C0_DEFAULT,512,8,4,6,17634.9,17640.9,17876.8,241.1
case174_ds_C0_DEFAULT_N512_q8_rep4,DS_PUSHSIG_SERIAL,C0_DEFAULT,512,8,4,7,17967.6,17976.0,18208.4,241.7
case175_ds_C0_DEFAULT_N512_q8_rep5,DS_PUSHSIG_SERIAL,C0_DEFAULT,512,8,5,0,14820.7,14826.2,15071.6,259.5
case175_ds_C0_DEFAULT_N512_q8_rep5,DS_PUSHSIG_SERIAL,C0_DEFAULT,512,8,5,1,15208.8,15214.7,15475.5,243.8
case175_ds_C0_DEFAULT_N512_q8_rep5,DS_PUSHSIG_SERIAL,C0_DEFAULT,512,8,5,2,15538.5,15543.8,15785.8,243.7
case175_ds_C0_DEFAULT_N512_q8_rep5,DS_PUSHSIG_SERIAL,C0_DEFAULT,512,8,5,3,16116.0,16122.4,16359.8,243.8
case175_ds_C0_DEFAULT_N512_q8_rep5,DS_PUSHSIG_SERIAL,C0_DEFAULT,512,8,5,4,16432.1,16437.9,16671.7,240.9
case175_ds_C0_DEFAULT_N512_q8_rep5,DS_PUSHSIG_SERIAL,C0_DEFAULT,512,8,5,5,16737.1,16742.6,16973.2,240.7
case175_ds_C0_DEFAULT_N512_q8_rep5,DS_PUSHSIG_SERIAL,C0_DEFAULT,512,8,5,6,17066.0,17071.7,17306.9,241.6
case175_ds_C0_DEFAULT_N512_q8_rep5,DS_PUSHSIG_SERIAL,C0_DEFAULT,512,8,5,7,17460.4,17465.9,17705.9,242.9
case176_d1_C0_DEFAULT_N512_q8_rep1,D1_PUSHSIG_OVERLAP,C0_DEFAULT,512,8,1,0,14443.0,14448.6,14738.5,258.4
case176_d1_C0_DEFAULT_N512_q8_rep1,D1_PUSHSIG_OVERLAP,C0_DEFAULT,512,8,1,1,15037.1,15042.7,15276.8,242.4
case176_d1_C0_DEFAULT_N512_q8_rep1,D1_PUSHSIG_OVERLAP,C0_DEFAULT,512,8,1,2,15550.2,15555.9,15788.4,239.7
case176_d1_C0_DEFAULT_N512_q8_rep1,D1_PUSHSIG_OVERLAP,C0_DEFAULT,512,8,1,3,15932.6,15938.2,16180.7,241.6
case176_d1_C0_DEFAULT_N512_q8_rep1,D1_PUSHSIG_OVERLAP,C0_DEFAULT,512,8,1,4,16357.5,16363.8,16696.1,241.3
case176_d1_C0_DEFAULT_N512_q8_rep1,D1_PUSHSIG_OVERLAP,C0_DEFAULT,512,8,1,5,16752.8,16848.6,17097.0,238.1
case176_d1_C0_DEFAULT_N512_q8_rep1,D1_PUSHSIG_OVERLAP,C0_DEFAULT,512,8,1,6,17317.8,17323.4,17560.3,237.6
case176_d1_C0_DEFAULT_N512_q8_rep1,D1_PUSHSIG_OVERLAP,C0_DEFAULT,512,8,1,7,17817.7,17824.0,18057.6,239.6
case177_d1_C0_DEFAULT_N512_q8_rep2,D1_PUSHSIG_OVERLAP,C0_DEFAULT,512,8,2,0,14807.3,14812.8,15065.7,255.7
case177_d1_C0_DEFAULT_N512_q8_rep2,D1_PUSHSIG_OVERLAP,C0_DEFAULT,512,8,2,1,15241.3,15247.0,15489.9,243.7
case177_d1_C0_DEFAULT_N512_q8_rep2,D1_PUSHSIG_OVERLAP,C0_DEFAULT,512,8,2,2,15627.5,15633.1,15876.0,242.1
case177_d1_C0_DEFAULT_N512_q8_rep2,D1_PUSHSIG_OVERLAP,C0_DEFAULT,512,8,2,3,16053.6,16059.2,16297.7,242.8
case177_d1_C0_DEFAULT_N512_q8_rep2,D1_PUSHSIG_OVERLAP,C0_DEFAULT,512,8,2,4,16519.4,16525.0,16758.8,240.7
case177_d1_C0_DEFAULT_N512_q8_rep2,D1_PUSHSIG_OVERLAP,C0_DEFAULT,512,8,2,5,16939.7,16945.1,17180.8,240.6
case177_d1_C0_DEFAULT_N512_q8_rep2,D1_PUSHSIG_OVERLAP,C0_DEFAULT,512,8,2,6,17286.1,17291.5,17526.9,240.1
case177_d1_C0_DEFAULT_N512_q8_rep2,D1_PUSHSIG_OVERLAP,C0_DEFAULT,512,8,2,7,17634.9,17640.5,17876.8,240.7
case178_d1_C0_DEFAULT_N512_q8_rep3,D1_PUSHSIG_OVERLAP,C0_DEFAULT,512,8,3,0,14748.1,14753.5,15014.2,258.0
case178_d1_C0_DEFAULT_N512_q8_rep3,D1_PUSHSIG_OVERLAP,C0_DEFAULT,512,8,3,1,15180.8,15186.3,15418.5,245.1
case178_d1_C0_DEFAULT_N512_q8_rep3,D1_PUSHSIG_OVERLAP,C0_DEFAULT,512,8,3,2,15524.0,15529.5,15769.9,241.5
case178_d1_C0_DEFAULT_N512_q8_rep3,D1_PUSHSIG_OVERLAP,C0_DEFAULT,512,8,3,3,15830.7,15836.3,16077.5,242.6
case178_d1_C0_DEFAULT_N512_q8_rep3,D1_PUSHSIG_OVERLAP,C0_DEFAULT,512,8,3,4,16202.8,16208.2,16444.3,241.3
case178_d1_C0_DEFAULT_N512_q8_rep3,D1_PUSHSIG_OVERLAP,C0_DEFAULT,512,8,3,5,16605.6,16611.2,16862.2,237.4
case178_d1_C0_DEFAULT_N512_q8_rep3,D1_PUSHSIG_OVERLAP,C0_DEFAULT,512,8,3,6,16939.4,16945.1,17177.0,237.9
case178_d1_C0_DEFAULT_N512_q8_rep3,D1_PUSHSIG_OVERLAP,C0_DEFAULT,512,8,3,7,17396.6,17402.2,17636.5,237.3
case179_d1_C0_DEFAULT_N512_q8_rep4,D1_PUSHSIG_OVERLAP,C0_DEFAULT,512,8,4,0,14553.4,14558.9,14811.4,255.5
case179_d1_C0_DEFAULT_N512_q8_rep4,D1_PUSHSIG_OVERLAP,C0_DEFAULT,512,8,4,1,15375.5,15380.9,15613.6,243.4
case179_d1_C0_DEFAULT_N512_q8_rep4,D1_PUSHSIG_OVERLAP,C0_DEFAULT,512,8,4,2,15779.7,15785.2,16033.2,242.0
case179_d1_C0_DEFAULT_N512_q8_rep4,D1_PUSHSIG_OVERLAP,C0_DEFAULT,512,8,4,3,16085.4,16091.0,16320.8,242.9
case179_d1_C0_DEFAULT_N512_q8_rep4,D1_PUSHSIG_OVERLAP,C0_DEFAULT,512,8,4,4,16729.5,16735.1,16965.9,240.7
case179_d1_C0_DEFAULT_N512_q8_rep4,D1_PUSHSIG_OVERLAP,C0_DEFAULT,512,8,4,5,17294.4,17299.9,17534.8,240.1
case179_d1_C0_DEFAULT_N512_q8_rep4,D1_PUSHSIG_OVERLAP,C0_DEFAULT,512,8,4,6,17606.5,17612.0,17841.7,241.1
case179_d1_C0_DEFAULT_N512_q8_rep4,D1_PUSHSIG_OVERLAP,C0_DEFAULT,512,8,4,7,17914.2,17919.8,18150.0,241.7
case180_d1_C0_DEFAULT_N512_q8_rep5,D1_PUSHSIG_OVERLAP,C0_DEFAULT,512,8,5,0,14701.6,14707.1,14961.2,257.1
case180_d1_C0_DEFAULT_N512_q8_rep5,D1_PUSHSIG_OVERLAP,C0_DEFAULT,512,8,5,1,15095.8,15101.4,15347.4,244.0
case180_d1_C0_DEFAULT_N512_q8_rep5,D1_PUSHSIG_OVERLAP,C0_DEFAULT,512,8,5,2,15475.1,15480.6,15711.6,243.8
case180_d1_C0_DEFAULT_N512_q8_rep5,D1_PUSHSIG_OVERLAP,C0_DEFAULT,512,8,5,3,15969.4,15974.9,16198.9,243.9
case180_d1_C0_DEFAULT_N512_q8_rep5,D1_PUSHSIG_OVERLAP,C0_DEFAULT,512,8,5,4,16251.9,16350.3,16583.1,241.7
case180_d1_C0_DEFAULT_N512_q8_rep5,D1_PUSHSIG_OVERLAP,C0_DEFAULT,512,8,5,5,16936.8,16942.3,17181.6,239.7
case180_d1_C0_DEFAULT_N512_q8_rep5,D1_PUSHSIG_OVERLAP,C0_DEFAULT,512,8,5,6,17560.5,17566.1,17795.3,238.8
case180_d1_C0_DEFAULT_N512_q8_rep5,D1_PUSHSIG_OVERLAP,C0_DEFAULT,512,8,5,7,17922.8,17928.2,18165.3,241.0
case181_comm_C0_DEFAULT_N2048_q2_rep1,COMM_ONLY,C0_DEFAULT,2048,2,1,0,2017.1,0.0,0.0,0.0
case181_comm_C0_DEFAULT_N2048_q2_rep1,COMM_ONLY,C0_DEFAULT,2048,2,1,1,4014.8,0.0,0.0,0.0
case182_comm_C0_DEFAULT_N2048_q2_rep2,COMM_ONLY,C0_DEFAULT,2048,2,2,0,2016.2,0.0,0.0,0.0
case182_comm_C0_DEFAULT_N2048_q2_rep2,COMM_ONLY,C0_DEFAULT,2048,2,2,1,4013.0,0.0,0.0,0.0
case183_comm_C0_DEFAULT_N2048_q2_rep3,COMM_ONLY,C0_DEFAULT,2048,2,3,0,2014.7,0.0,0.0,0.0
case183_comm_C0_DEFAULT_N2048_q2_rep3,COMM_ONLY,C0_DEFAULT,2048,2,3,1,4012.7,0.0,0.0,0.0
case184_comm_C0_DEFAULT_N2048_q2_rep4,COMM_ONLY,C0_DEFAULT,2048,2,4,0,2017.6,0.0,0.0,0.0
case184_comm_C0_DEFAULT_N2048_q2_rep4,COMM_ONLY,C0_DEFAULT,2048,2,4,1,4016.8,0.0,0.0,0.0
case185_comm_C0_DEFAULT_N2048_q2_rep5,COMM_ONLY,C0_DEFAULT,2048,2,5,0,2015.9,0.0,0.0,0.0
case185_comm_C0_DEFAULT_N2048_q2_rep5,COMM_ONLY,C0_DEFAULT,2048,2,5,1,4013.1,0.0,0.0,0.0
case186_comm_C2_RING_SIMPLE_CH8_N2048_q2_rep1,COMM_ONLY,C2_RING_SIMPLE_CH8,2048,2,1,0,1953.7,0.0,0.0,0.0
case186_comm_C2_RING_SIMPLE_CH8_N2048_q2_rep1,COMM_ONLY,C2_RING_SIMPLE_CH8,2048,2,1,1,3892.3,0.0,0.0,0.0
case187_comm_C2_RING_SIMPLE_CH8_N2048_q2_rep2,COMM_ONLY,C2_RING_SIMPLE_CH8,2048,2,2,0,1953.7,0.0,0.0,0.0
case187_comm_C2_RING_SIMPLE_CH8_N2048_q2_rep2,COMM_ONLY,C2_RING_SIMPLE_CH8,2048,2,2,1,3893.2,0.0,0.0,0.0
case188_comm_C2_RING_SIMPLE_CH8_N2048_q2_rep3,COMM_ONLY,C2_RING_SIMPLE_CH8,2048,2,3,0,1955.2,0.0,0.0,0.0
case188_comm_C2_RING_SIMPLE_CH8_N2048_q2_rep3,COMM_ONLY,C2_RING_SIMPLE_CH8,2048,2,3,1,3896.3,0.0,0.0,0.0
case189_comm_C2_RING_SIMPLE_CH8_N2048_q2_rep4,COMM_ONLY,C2_RING_SIMPLE_CH8,2048,2,4,0,1955.3,0.0,0.0,0.0
case189_comm_C2_RING_SIMPLE_CH8_N2048_q2_rep4,COMM_ONLY,C2_RING_SIMPLE_CH8,2048,2,4,1,3894.7,0.0,0.0,0.0
case190_comm_C2_RING_SIMPLE_CH8_N2048_q2_rep5,COMM_ONLY,C2_RING_SIMPLE_CH8,2048,2,5,0,1952.7,0.0,0.0,0.0
case190_comm_C2_RING_SIMPLE_CH8_N2048_q2_rep5,COMM_ONLY,C2_RING_SIMPLE_CH8,2048,2,5,1,3891.0,0.0,0.0,0.0
case191_gemm_C0_DEFAULT_N2048_q2_rep1,GEMM_ONLY,C0_DEFAULT,2048,2,1,0,0.0,130.3,1599.7,1471.2
case191_gemm_C0_DEFAULT_N2048_q2_rep1,GEMM_ONLY,C0_DEFAULT,2048,2,1,1,0.0,1605.7,3094.2,1490.6
case192_gemm_C0_DEFAULT_N2048_q2_rep2,GEMM_ONLY,C0_DEFAULT,2048,2,2,0,0.0,129.6,1597.0,1469.2
case192_gemm_C0_DEFAULT_N2048_q2_rep2,GEMM_ONLY,C0_DEFAULT,2048,2,2,1,0.0,1603.0,3088.3,1488.3
case193_gemm_C0_DEFAULT_N2048_q2_rep3,GEMM_ONLY,C0_DEFAULT,2048,2,3,0,0.0,130.4,1597.6,1470.1
case193_gemm_C0_DEFAULT_N2048_q2_rep3,GEMM_ONLY,C0_DEFAULT,2048,2,3,1,0.0,1603.5,3090.0,1487.4
case194_gemm_C0_DEFAULT_N2048_q2_rep4,GEMM_ONLY,C0_DEFAULT,2048,2,4,0,0.0,130.0,1599.6,1471.1
case194_gemm_C0_DEFAULT_N2048_q2_rep4,GEMM_ONLY,C0_DEFAULT,2048,2,4,1,0.0,1605.5,3091.0,1490.1
case195_gemm_C0_DEFAULT_N2048_q2_rep5,GEMM_ONLY,C0_DEFAULT,2048,2,5,0,0.0,129.9,1599.2,1470.9
case195_gemm_C0_DEFAULT_N2048_q2_rep5,GEMM_ONLY,C0_DEFAULT,2048,2,5,1,0.0,1605.0,3090.1,1490.1
case196_r0_C0_DEFAULT_N2048_q2_rep1,R0_FULL_SERIAL,C0_DEFAULT,2048,2,1,0,4067.7,4083.6,6850.1,2780.8
case197_r0_C0_DEFAULT_N2048_q2_rep2,R0_FULL_SERIAL,C0_DEFAULT,2048,2,2,0,4059.3,4075.3,6842.5,2781.3
case198_r0_C0_DEFAULT_N2048_q2_rep3,R0_FULL_SERIAL,C0_DEFAULT,2048,2,3,0,4055.1,4071.1,6832.1,2775.2
case199_r0_C0_DEFAULT_N2048_q2_rep4,R0_FULL_SERIAL,C0_DEFAULT,2048,2,4,0,4057.5,4073.9,6839.4,2782.2
case200_r0_C0_DEFAULT_N2048_q2_rep5,R0_FULL_SERIAL,C0_DEFAULT,2048,2,5,0,4063.2,4079.4,6849.9,2780.6
case201_rs_C0_DEFAULT_N2048_q2_rep1,RS_SLICE_SERIAL,C0_DEFAULT,2048,2,1,0,2067.1,2077.5,3499.5,1426.0
case201_rs_C0_DEFAULT_N2048_q2_rep1,RS_SLICE_SERIAL,C0_DEFAULT,2048,2,1,1,5550.0,5559.9,6981.4,1428.4
case202_rs_C0_DEFAULT_N2048_q2_rep2,RS_SLICE_SERIAL,C0_DEFAULT,2048,2,2,0,2068.4,2079.0,3499.9,1426.2
case202_rs_C0_DEFAULT_N2048_q2_rep2,RS_SLICE_SERIAL,C0_DEFAULT,2048,2,2,1,5552.9,5563.0,6984.2,1427.1
case203_rs_C0_DEFAULT_N2048_q2_rep3,RS_SLICE_SERIAL,C0_DEFAULT,2048,2,3,0,2064.4,2074.6,3496.3,1426.8
case203_rs_C0_DEFAULT_N2048_q2_rep3,RS_SLICE_SERIAL,C0_DEFAULT,2048,2,3,1,5548.6,5558.7,6980.4,1428.7
case204_rs_C0_DEFAULT_N2048_q2_rep4,RS_SLICE_SERIAL,C0_DEFAULT,2048,2,4,0,2070.5,2081.1,3501.6,1426.9
case204_rs_C0_DEFAULT_N2048_q2_rep4,RS_SLICE_SERIAL,C0_DEFAULT,2048,2,4,1,5554.2,5564.1,6985.1,1428.6
case205_rs_C0_DEFAULT_N2048_q2_rep5,RS_SLICE_SERIAL,C0_DEFAULT,2048,2,5,0,2067.5,2077.6,3499.4,1427.6
case205_rs_C0_DEFAULT_N2048_q2_rep5,RS_SLICE_SERIAL,C0_DEFAULT,2048,2,5,1,5554.6,5564.8,6985.2,1426.8
case206_r1_C0_DEFAULT_N2048_q2_rep1,R1_EVENT_OVERLAP,C0_DEFAULT,2048,2,1,0,2066.0,2076.7,4239.3,2173.1
case206_r1_C0_DEFAULT_N2048_q2_rep1,R1_EVENT_OVERLAP,C0_DEFAULT,2048,2,1,1,4652.7,4662.6,6088.3,1433.0
case207_r1_C0_DEFAULT_N2048_q2_rep2,R1_EVENT_OVERLAP,C0_DEFAULT,2048,2,2,0,2066.8,2077.5,4235.5,2170.9
case207_r1_C0_DEFAULT_N2048_q2_rep2,R1_EVENT_OVERLAP,C0_DEFAULT,2048,2,2,1,4643.3,4653.5,6080.8,1434.7
case208_r1_C0_DEFAULT_N2048_q2_rep3,R1_EVENT_OVERLAP,C0_DEFAULT,2048,2,3,0,2067.6,2078.1,4244.9,2172.7
case208_r1_C0_DEFAULT_N2048_q2_rep3,R1_EVENT_OVERLAP,C0_DEFAULT,2048,2,3,1,4650.9,4661.6,6088.2,1432.5
case209_r1_C0_DEFAULT_N2048_q2_rep4,R1_EVENT_OVERLAP,C0_DEFAULT,2048,2,4,0,2065.4,2075.8,4243.2,2169.3
case209_r1_C0_DEFAULT_N2048_q2_rep4,R1_EVENT_OVERLAP,C0_DEFAULT,2048,2,4,1,4643.9,4654.1,6074.7,1433.8
case210_r1_C0_DEFAULT_N2048_q2_rep5,R1_EVENT_OVERLAP,C0_DEFAULT,2048,2,5,0,2068.6,2078.8,4243.0,2174.0
case210_r1_C0_DEFAULT_N2048_q2_rep5,R1_EVENT_OVERLAP,C0_DEFAULT,2048,2,5,1,4647.9,4658.1,6081.2,1432.6
case211_r1_C2_RING_SIMPLE_CH8_N2048_q2_rep1,R1_EVENT_OVERLAP,C2_RING_SIMPLE_CH8,2048,2,1,0,2005.0,2015.4,4298.2,2290.3
case211_r1_C2_RING_SIMPLE_CH8_N2048_q2_rep1,R1_EVENT_OVERLAP,C2_RING_SIMPLE_CH8,2048,2,1,1,4001.9,4309.8,5734.9,1435.8
case212_r1_C2_RING_SIMPLE_CH8_N2048_q2_rep2,R1_EVENT_OVERLAP,C2_RING_SIMPLE_CH8,2048,2,2,0,2008.2,2018.8,4296.6,2286.2
case212_r1_C2_RING_SIMPLE_CH8_N2048_q2_rep2,R1_EVENT_OVERLAP,C2_RING_SIMPLE_CH8,2048,2,2,1,4005.1,4307.9,5737.2,1435.0
case213_r1_C2_RING_SIMPLE_CH8_N2048_q2_rep3,R1_EVENT_OVERLAP,C2_RING_SIMPLE_CH8,2048,2,3,0,2010.3,2021.0,4305.0,2293.3
case213_r1_C2_RING_SIMPLE_CH8_N2048_q2_rep3,R1_EVENT_OVERLAP,C2_RING_SIMPLE_CH8,2048,2,3,1,4010.1,4316.3,5743.0,1435.4
case214_r1_C2_RING_SIMPLE_CH8_N2048_q2_rep4,R1_EVENT_OVERLAP,C2_RING_SIMPLE_CH8,2048,2,4,0,2006.2,2016.8,4295.9,2288.4
case214_r1_C2_RING_SIMPLE_CH8_N2048_q2_rep4,R1_EVENT_OVERLAP,C2_RING_SIMPLE_CH8,2048,2,4,1,4003.1,4308.1,5737.4,1435.3
case215_r1_C2_RING_SIMPLE_CH8_N2048_q2_rep5,R1_EVENT_OVERLAP,C2_RING_SIMPLE_CH8,2048,2,5,0,2004.6,2015.0,4294.3,2286.5
case215_r1_C2_RING_SIMPLE_CH8_N2048_q2_rep5,R1_EVENT_OVERLAP,C2_RING_SIMPLE_CH8,2048,2,5,1,4001.1,4305.6,5731.0,1434.2
case216_fc_C0_DEFAULT_N2048_q2_rep1,FC_FCOLLECT_ONLY,C0_DEFAULT,2048,2,1,0,11550.3,0.0,0.0,0.0
case217_fc_C0_DEFAULT_N2048_q2_rep2,FC_FCOLLECT_ONLY,C0_DEFAULT,2048,2,2,0,11563.5,0.0,0.0,0.0
case218_fc_C0_DEFAULT_N2048_q2_rep3,FC_FCOLLECT_ONLY,C0_DEFAULT,2048,2,3,0,11559.3,0.0,0.0,0.0
case219_fc_C0_DEFAULT_N2048_q2_rep4,FC_FCOLLECT_ONLY,C0_DEFAULT,2048,2,4,0,11578.4,0.0,0.0,0.0
case220_fc_C0_DEFAULT_N2048_q2_rep5,FC_FCOLLECT_ONLY,C0_DEFAULT,2048,2,5,0,11562.2,0.0,0.0,0.0
case221_dc_C0_DEFAULT_N2048_q2_rep1,DC_PUSHSIG_ONLY,C0_DEFAULT,2048,2,1,0,5469.5,0.0,0.0,0.0
case221_dc_C0_DEFAULT_N2048_q2_rep1,DC_PUSHSIG_ONLY,C0_DEFAULT,2048,2,1,1,7476.8,0.0,0.0,0.0
case222_dc_C0_DEFAULT_N2048_q2_rep2,DC_PUSHSIG_ONLY,C0_DEFAULT,2048,2,2,0,5455.8,0.0,0.0,0.0
case222_dc_C0_DEFAULT_N2048_q2_rep2,DC_PUSHSIG_ONLY,C0_DEFAULT,2048,2,2,1,7466.5,0.0,0.0,0.0
case223_dc_C0_DEFAULT_N2048_q2_rep3,DC_PUSHSIG_ONLY,C0_DEFAULT,2048,2,3,0,5460.1,0.0,0.0,0.0
case223_dc_C0_DEFAULT_N2048_q2_rep3,DC_PUSHSIG_ONLY,C0_DEFAULT,2048,2,3,1,7468.4,0.0,0.0,0.0
case224_dc_C0_DEFAULT_N2048_q2_rep4,DC_PUSHSIG_ONLY,C0_DEFAULT,2048,2,4,0,5467.9,0.0,0.0,0.0
case224_dc_C0_DEFAULT_N2048_q2_rep4,DC_PUSHSIG_ONLY,C0_DEFAULT,2048,2,4,1,7472.5,0.0,0.0,0.0
case225_dc_C0_DEFAULT_N2048_q2_rep5,DC_PUSHSIG_ONLY,C0_DEFAULT,2048,2,5,0,5460.9,0.0,0.0,0.0
case225_dc_C0_DEFAULT_N2048_q2_rep5,DC_PUSHSIG_ONLY,C0_DEFAULT,2048,2,5,1,7470.4,0.0,0.0,0.0
case226_d0_C0_DEFAULT_N2048_q2_rep1,D0_FCOLLECT_SERIAL,C0_DEFAULT,2048,2,1,0,11549.4,11565.4,14326.7,2767.8
case227_d0_C0_DEFAULT_N2048_q2_rep2,D0_FCOLLECT_SERIAL,C0_DEFAULT,2048,2,2,0,11550.3,11566.3,14336.0,2770.8
case228_d0_C0_DEFAULT_N2048_q2_rep3,D0_FCOLLECT_SERIAL,C0_DEFAULT,2048,2,3,0,11546.6,11562.9,14334.5,2767.8
case229_d0_C0_DEFAULT_N2048_q2_rep4,D0_FCOLLECT_SERIAL,C0_DEFAULT,2048,2,4,0,11539.6,11556.0,14325.8,2768.8
case230_d0_C0_DEFAULT_N2048_q2_rep5,D0_FCOLLECT_SERIAL,C0_DEFAULT,2048,2,5,0,11568.5,11584.4,14349.9,2770.2
case231_ds_C0_DEFAULT_N2048_q2_rep1,DS_PUSHSIG_SERIAL,C0_DEFAULT,2048,2,1,0,7504.9,7510.5,8953.3,1453.4
case231_ds_C0_DEFAULT_N2048_q2_rep1,DS_PUSHSIG_SERIAL,C0_DEFAULT,2048,2,1,1,9039.7,9045.3,10480.1,1449.1
case232_ds_C0_DEFAULT_N2048_q2_rep2,DS_PUSHSIG_SERIAL,C0_DEFAULT,2048,2,2,0,7502.5,7508.0,8948.4,1450.6
case232_ds_C0_DEFAULT_N2048_q2_rep2,DS_PUSHSIG_SERIAL,C0_DEFAULT,2048,2,2,1,9030.9,9036.6,10472.4,1451.0
case233_ds_C0_DEFAULT_N2048_q2_rep3,DS_PUSHSIG_SERIAL,C0_DEFAULT,2048,2,3,0,7498.8,7504.3,8953.7,1458.6
case233_ds_C0_DEFAULT_N2048_q2_rep3,DS_PUSHSIG_SERIAL,C0_DEFAULT,2048,2,3,1,9036.4,9042.0,10475.5,1446.6
case234_ds_C0_DEFAULT_N2048_q2_rep4,DS_PUSHSIG_SERIAL,C0_DEFAULT,2048,2,4,0,7497.4,7503.0,8947.4,1453.4
case234_ds_C0_DEFAULT_N2048_q2_rep4,DS_PUSHSIG_SERIAL,C0_DEFAULT,2048,2,4,1,9028.4,9033.9,10470.5,1445.8
case235_ds_C0_DEFAULT_N2048_q2_rep5,DS_PUSHSIG_SERIAL,C0_DEFAULT,2048,2,5,0,7496.1,7501.5,8945.3,1456.2
case235_ds_C0_DEFAULT_N2048_q2_rep5,DS_PUSHSIG_SERIAL,C0_DEFAULT,2048,2,5,1,9033.3,9038.9,10474.6,1448.4
case236_d1_C0_DEFAULT_N2048_q2_rep1,D1_PUSHSIG_OVERLAP,C0_DEFAULT,2048,2,1,0,7495.5,7501.0,8946.0,1451.7
case236_d1_C0_DEFAULT_N2048_q2_rep1,D1_PUSHSIG_OVERLAP,C0_DEFAULT,2048,2,1,1,9031.4,9037.0,10472.5,1447.0
case237_d1_C0_DEFAULT_N2048_q2_rep2,D1_PUSHSIG_OVERLAP,C0_DEFAULT,2048,2,2,0,7504.0,7509.5,8943.7,1450.2
case237_d1_C0_DEFAULT_N2048_q2_rep2,D1_PUSHSIG_OVERLAP,C0_DEFAULT,2048,2,2,1,9017.4,9023.0,10455.4,1447.7
case238_d1_C0_DEFAULT_N2048_q2_rep3,D1_PUSHSIG_OVERLAP,C0_DEFAULT,2048,2,3,0,7503.7,7509.3,8955.3,1452.9
case238_d1_C0_DEFAULT_N2048_q2_rep3,D1_PUSHSIG_OVERLAP,C0_DEFAULT,2048,2,3,1,9035.3,9040.9,10484.8,1452.8
case239_d1_C0_DEFAULT_N2048_q2_rep4,D1_PUSHSIG_OVERLAP,C0_DEFAULT,2048,2,4,0,7500.9,7506.4,8948.1,1457.6
case239_d1_C0_DEFAULT_N2048_q2_rep4,D1_PUSHSIG_OVERLAP,C0_DEFAULT,2048,2,4,1,9034.1,9040.5,10484.5,1448.3
case240_d1_C0_DEFAULT_N2048_q2_rep5,D1_PUSHSIG_OVERLAP,C0_DEFAULT,2048,2,5,0,7498.8,7504.2,8947.5,1453.2
case240_d1_C0_DEFAULT_N2048_q2_rep5,D1_PUSHSIG_OVERLAP,C0_DEFAULT,2048,2,5,1,9031.3,9036.9,10476.0,1450.5
case241_comm_C0_DEFAULT_N2048_q4_rep1,COMM_ONLY,C0_DEFAULT,2048,4,1,0,1029.1,0.0,0.0,0.0
case241_comm_C0_DEFAULT_N2048_q4_rep1,COMM_ONLY,C0_DEFAULT,2048,4,1,1,2043.4,0.0,0.0,0.0
case241_comm_C0_DEFAULT_N2048_q4_rep1,COMM_ONLY,C0_DEFAULT,2048,4,1,2,3058.5,0.0,0.0,0.0
case241_comm_C0_DEFAULT_N2048_q4_rep1,COMM_ONLY,C0_DEFAULT,2048,4,1,3,4072.3,0.0,0.0,0.0
case242_comm_C0_DEFAULT_N2048_q4_rep2,COMM_ONLY,C0_DEFAULT,2048,4,2,0,1029.8,0.0,0.0,0.0
case242_comm_C0_DEFAULT_N2048_q4_rep2,COMM_ONLY,C0_DEFAULT,2048,4,2,1,2043.9,0.0,0.0,0.0
case242_comm_C0_DEFAULT_N2048_q4_rep2,COMM_ONLY,C0_DEFAULT,2048,4,2,2,3058.9,0.0,0.0,0.0
case242_comm_C0_DEFAULT_N2048_q4_rep2,COMM_ONLY,C0_DEFAULT,2048,4,2,3,4073.3,0.0,0.0,0.0
case243_comm_C0_DEFAULT_N2048_q4_rep3,COMM_ONLY,C0_DEFAULT,2048,4,3,0,1032.1,0.0,0.0,0.0
case243_comm_C0_DEFAULT_N2048_q4_rep3,COMM_ONLY,C0_DEFAULT,2048,4,3,1,2049.0,0.0,0.0,0.0
case243_comm_C0_DEFAULT_N2048_q4_rep3,COMM_ONLY,C0_DEFAULT,2048,4,3,2,3064.8,0.0,0.0,0.0
case243_comm_C0_DEFAULT_N2048_q4_rep3,COMM_ONLY,C0_DEFAULT,2048,4,3,3,4080.8,0.0,0.0,0.0
case244_comm_C0_DEFAULT_N2048_q4_rep4,COMM_ONLY,C0_DEFAULT,2048,4,4,0,1029.0,0.0,0.0,0.0
case244_comm_C0_DEFAULT_N2048_q4_rep4,COMM_ONLY,C0_DEFAULT,2048,4,4,1,2044.1,0.0,0.0,0.0
case244_comm_C0_DEFAULT_N2048_q4_rep4,COMM_ONLY,C0_DEFAULT,2048,4,4,2,3058.4,0.0,0.0,0.0
case244_comm_C0_DEFAULT_N2048_q4_rep4,COMM_ONLY,C0_DEFAULT,2048,4,4,3,4074.0,0.0,0.0,0.0
case245_comm_C0_DEFAULT_N2048_q4_rep5,COMM_ONLY,C0_DEFAULT,2048,4,5,0,1030.6,0.0,0.0,0.0
case245_comm_C0_DEFAULT_N2048_q4_rep5,COMM_ONLY,C0_DEFAULT,2048,4,5,1,2045.2,0.0,0.0,0.0
case245_comm_C0_DEFAULT_N2048_q4_rep5,COMM_ONLY,C0_DEFAULT,2048,4,5,2,3060.5,0.0,0.0,0.0
case245_comm_C0_DEFAULT_N2048_q4_rep5,COMM_ONLY,C0_DEFAULT,2048,4,5,3,4075.1,0.0,0.0,0.0
case246_comm_C2_RING_SIMPLE_CH8_N2048_q4_rep1,COMM_ONLY,C2_RING_SIMPLE_CH8,2048,4,1,0,1007.0,0.0,0.0,0.0
case246_comm_C2_RING_SIMPLE_CH8_N2048_q4_rep1,COMM_ONLY,C2_RING_SIMPLE_CH8,2048,4,1,1,2000.4,0.0,0.0,0.0
case246_comm_C2_RING_SIMPLE_CH8_N2048_q4_rep1,COMM_ONLY,C2_RING_SIMPLE_CH8,2048,4,1,2,2993.1,0.0,0.0,0.0
case246_comm_C2_RING_SIMPLE_CH8_N2048_q4_rep1,COMM_ONLY,C2_RING_SIMPLE_CH8,2048,4,1,3,3987.1,0.0,0.0,0.0
case247_comm_C2_RING_SIMPLE_CH8_N2048_q4_rep2,COMM_ONLY,C2_RING_SIMPLE_CH8,2048,4,2,0,1011.6,0.0,0.0,0.0
case247_comm_C2_RING_SIMPLE_CH8_N2048_q4_rep2,COMM_ONLY,C2_RING_SIMPLE_CH8,2048,4,2,1,2005.3,0.0,0.0,0.0
case247_comm_C2_RING_SIMPLE_CH8_N2048_q4_rep2,COMM_ONLY,C2_RING_SIMPLE_CH8,2048,4,2,2,2996.9,0.0,0.0,0.0
case247_comm_C2_RING_SIMPLE_CH8_N2048_q4_rep2,COMM_ONLY,C2_RING_SIMPLE_CH8,2048,4,2,3,3990.0,0.0,0.0,0.0
case248_comm_C2_RING_SIMPLE_CH8_N2048_q4_rep3,COMM_ONLY,C2_RING_SIMPLE_CH8,2048,4,3,0,1016.3,0.0,0.0,0.0
case248_comm_C2_RING_SIMPLE_CH8_N2048_q4_rep3,COMM_ONLY,C2_RING_SIMPLE_CH8,2048,4,3,1,2010.0,0.0,0.0,0.0
case248_comm_C2_RING_SIMPLE_CH8_N2048_q4_rep3,COMM_ONLY,C2_RING_SIMPLE_CH8,2048,4,3,2,3004.8,0.0,0.0,0.0
case248_comm_C2_RING_SIMPLE_CH8_N2048_q4_rep3,COMM_ONLY,C2_RING_SIMPLE_CH8,2048,4,3,3,4003.0,0.0,0.0,0.0
case249_comm_C2_RING_SIMPLE_CH8_N2048_q4_rep4,COMM_ONLY,C2_RING_SIMPLE_CH8,2048,4,4,0,1008.3,0.0,0.0,0.0
case249_comm_C2_RING_SIMPLE_CH8_N2048_q4_rep4,COMM_ONLY,C2_RING_SIMPLE_CH8,2048,4,4,1,1999.8,0.0,0.0,0.0
case249_comm_C2_RING_SIMPLE_CH8_N2048_q4_rep4,COMM_ONLY,C2_RING_SIMPLE_CH8,2048,4,4,2,2990.9,0.0,0.0,0.0
case249_comm_C2_RING_SIMPLE_CH8_N2048_q4_rep4,COMM_ONLY,C2_RING_SIMPLE_CH8,2048,4,4,3,3982.1,0.0,0.0,0.0
case250_comm_C2_RING_SIMPLE_CH8_N2048_q4_rep5,COMM_ONLY,C2_RING_SIMPLE_CH8,2048,4,5,0,1010.2,0.0,0.0,0.0
case250_comm_C2_RING_SIMPLE_CH8_N2048_q4_rep5,COMM_ONLY,C2_RING_SIMPLE_CH8,2048,4,5,1,2002.6,0.0,0.0,0.0
case250_comm_C2_RING_SIMPLE_CH8_N2048_q4_rep5,COMM_ONLY,C2_RING_SIMPLE_CH8,2048,4,5,2,2994.2,0.0,0.0,0.0
case250_comm_C2_RING_SIMPLE_CH8_N2048_q4_rep5,COMM_ONLY,C2_RING_SIMPLE_CH8,2048,4,5,3,3987.5,0.0,0.0,0.0
case251_gemm_C0_DEFAULT_N2048_q4_rep1,GEMM_ONLY,C0_DEFAULT,2048,4,1,0,0.0,125.8,883.6,768.3
case251_gemm_C0_DEFAULT_N2048_q4_rep1,GEMM_ONLY,C0_DEFAULT,2048,4,1,1,0.0,889.0,1648.9,755.7
case251_gemm_C0_DEFAULT_N2048_q4_rep1,GEMM_ONLY,C0_DEFAULT,2048,4,1,2,0.0,1654.4,2433.2,773.1
case251_gemm_C0_DEFAULT_N2048_q4_rep1,GEMM_ONLY,C0_DEFAULT,2048,4,1,3,0.0,2439.1,3209.0,789.1
case252_gemm_C0_DEFAULT_N2048_q4_rep2,GEMM_ONLY,C0_DEFAULT,2048,4,2,0,0.0,126.6,887.0,765.6
case252_gemm_C0_DEFAULT_N2048_q4_rep2,GEMM_ONLY,C0_DEFAULT,2048,4,2,1,0.0,893.2,1662.9,756.8
case252_gemm_C0_DEFAULT_N2048_q4_rep2,GEMM_ONLY,C0_DEFAULT,2048,4,2,2,0.0,1668.4,2434.8,775.7
case252_gemm_C0_DEFAULT_N2048_q4_rep2,GEMM_ONLY,C0_DEFAULT,2048,4,2,3,0.0,2440.6,3210.9,784.0
case253_gemm_C0_DEFAULT_N2048_q4_rep3,GEMM_ONLY,C0_DEFAULT,2048,4,3,0,0.0,124.4,888.8,773.3
case253_gemm_C0_DEFAULT_N2048_q4_rep3,GEMM_ONLY,C0_DEFAULT,2048,4,3,1,0.0,894.2,1663.7,763.2
case253_gemm_C0_DEFAULT_N2048_q4_rep3,GEMM_ONLY,C0_DEFAULT,2048,4,3,2,0.0,1669.7,2438.7,793.8
case253_gemm_C0_DEFAULT_N2048_q4_rep3,GEMM_ONLY,C0_DEFAULT,2048,4,3,3,0.0,2444.6,3221.2,799.8
case254_gemm_C0_DEFAULT_N2048_q4_rep4,GEMM_ONLY,C0_DEFAULT,2048,4,4,0,0.0,125.3,886.4,768.0
case254_gemm_C0_DEFAULT_N2048_q4_rep4,GEMM_ONLY,C0_DEFAULT,2048,4,4,1,0.0,891.9,1651.6,763.3
case254_gemm_C0_DEFAULT_N2048_q4_rep4,GEMM_ONLY,C0_DEFAULT,2048,4,4,2,0.0,1657.7,2429.1,765.6
case254_gemm_C0_DEFAULT_N2048_q4_rep4,GEMM_ONLY,C0_DEFAULT,2048,4,4,3,0.0,2435.1,3215.4,793.3
case255_gemm_C0_DEFAULT_N2048_q4_rep5,GEMM_ONLY,C0_DEFAULT,2048,4,5,0,0.0,124.7,910.2,789.0
case255_gemm_C0_DEFAULT_N2048_q4_rep5,GEMM_ONLY,C0_DEFAULT,2048,4,5,1,0.0,915.8,1673.9,779.5
case255_gemm_C0_DEFAULT_N2048_q4_rep5,GEMM_ONLY,C0_DEFAULT,2048,4,5,2,0.0,1680.3,2443.1,786.9
case255_gemm_C0_DEFAULT_N2048_q4_rep5,GEMM_ONLY,C0_DEFAULT,2048,4,5,3,0.0,2448.9,3225.2,781.1
case256_r0_C0_DEFAULT_N2048_q4_rep1,R0_FULL_SERIAL,C0_DEFAULT,2048,4,1,0,4057.8,4073.9,6839.6,2780.7
case257_r0_C0_DEFAULT_N2048_q4_rep2,R0_FULL_SERIAL,C0_DEFAULT,2048,4,2,0,4055.3,4071.5,6838.7,2780.9
case258_r0_C0_DEFAULT_N2048_q4_rep3,R0_FULL_SERIAL,C0_DEFAULT,2048,4,3,0,4056.7,4073.1,6840.3,2779.1
case259_r0_C0_DEFAULT_N2048_q4_rep4,R0_FULL_SERIAL,C0_DEFAULT,2048,4,4,0,4060.3,4076.3,6844.7,2780.0
case260_r0_C0_DEFAULT_N2048_q4_rep5,R0_FULL_SERIAL,C0_DEFAULT,2048,4,5,0,4060.7,4076.7,6843.4,2777.6
case261_rs_C0_DEFAULT_N2048_q4_rep1,RS_SLICE_SERIAL,C0_DEFAULT,2048,4,1,0,1065.3,1075.5,1824.7,758.4
case261_rs_C0_DEFAULT_N2048_q4_rep1,RS_SLICE_SERIAL,C0_DEFAULT,2048,4,1,1,2869.0,2879.3,3616.0,760.0
case261_rs_C0_DEFAULT_N2048_q4_rep1,RS_SLICE_SERIAL,C0_DEFAULT,2048,4,1,2,4658.6,4668.5,5400.5,758.4
case261_rs_C0_DEFAULT_N2048_q4_rep1,RS_SLICE_SERIAL,C0_DEFAULT,2048,4,1,3,6444.0,6454.1,7189.3,756.4
case262_rs_C0_DEFAULT_N2048_q4_rep2,RS_SLICE_SERIAL,C0_DEFAULT,2048,4,2,0,1067.7,1077.6,1814.1,735.9
case262_rs_C0_DEFAULT_N2048_q4_rep2,RS_SLICE_SERIAL,C0_DEFAULT,2048,4,2,1,2852.7,2863.0,3606.2,757.4
case262_rs_C0_DEFAULT_N2048_q4_rep2,RS_SLICE_SERIAL,C0_DEFAULT,2048,4,2,2,4647.3,4657.6,5397.5,761.0
case262_rs_C0_DEFAULT_N2048_q4_rep2,RS_SLICE_SERIAL,C0_DEFAULT,2048,4,2,3,6437.6,6447.7,7179.2,753.6
case263_rs_C0_DEFAULT_N2048_q4_rep3,RS_SLICE_SERIAL,C0_DEFAULT,2048,4,3,0,1067.5,1077.5,1826.9,759.6
case263_rs_C0_DEFAULT_N2048_q4_rep3,RS_SLICE_SERIAL,C0_DEFAULT,2048,4,3,1,2870.9,2881.0,3610.5,746.0
case263_rs_C0_DEFAULT_N2048_q4_rep3,RS_SLICE_SERIAL,C0_DEFAULT,2048,4,3,2,4654.9,4664.9,5396.1,736.1
case263_rs_C0_DEFAULT_N2048_q4_rep3,RS_SLICE_SERIAL,C0_DEFAULT,2048,4,3,3,6441.1,6450.7,7185.0,758.0
case264_rs_C0_DEFAULT_N2048_q4_rep4,RS_SLICE_SERIAL,C0_DEFAULT,2048,4,4,0,1069.1,1079.1,1820.1,750.9
case264_rs_C0_DEFAULT_N2048_q4_rep4,RS_SLICE_SERIAL,C0_DEFAULT,2048,4,4,1,2859.0,2868.9,3614.9,762.3
case264_rs_C0_DEFAULT_N2048_q4_rep4,RS_SLICE_SERIAL,C0_DEFAULT,2048,4,4,2,4658.5,4668.9,5399.9,736.1
case264_rs_C0_DEFAULT_N2048_q4_rep4,RS_SLICE_SERIAL,C0_DEFAULT,2048,4,4,3,6443.6,6453.7,7186.4,754.1
case265_rs_C0_DEFAULT_N2048_q4_rep5,RS_SLICE_SERIAL,C0_DEFAULT,2048,4,5,0,1063.0,1073.2,1813.3,752.1
case265_rs_C0_DEFAULT_N2048_q4_rep5,RS_SLICE_SERIAL,C0_DEFAULT,2048,4,5,1,2854.9,2865.0,3606.0,755.6
case265_rs_C0_DEFAULT_N2048_q4_rep5,RS_SLICE_SERIAL,C0_DEFAULT,2048,4,5,2,4649.2,4659.3,5390.9,756.0
case265_rs_C0_DEFAULT_N2048_q4_rep5,RS_SLICE_SERIAL,C0_DEFAULT,2048,4,5,3,6436.4,6446.4,7181.3,757.3
case266_r1_C0_DEFAULT_N2048_q4_rep1,R1_EVENT_OVERLAP,C0_DEFAULT,2048,4,1,0,1062.0,1072.5,2190.4,1123.5
case266_r1_C0_DEFAULT_N2048_q4_rep1,R1_EVENT_OVERLAP,C0_DEFAULT,2048,4,1,1,2122.9,2215.3,3286.0,1096.0
case266_r1_C0_DEFAULT_N2048_q4_rep1,R1_EVENT_OVERLAP,C0_DEFAULT,2048,4,1,2,3196.5,3312.1,4347.0,1040.3
case266_r1_C0_DEFAULT_N2048_q4_rep1,R1_EVENT_OVERLAP,C0_DEFAULT,2048,4,1,3,4268.0,4358.2,5108.8,749.8
case267_r1_C0_DEFAULT_N2048_q4_rep2,R1_EVENT_OVERLAP,C0_DEFAULT,2048,4,2,0,1064.2,1074.5,2191.2,1124.3
case267_r1_C0_DEFAULT_N2048_q4_rep2,R1_EVENT_OVERLAP,C0_DEFAULT,2048,4,2,1,2126.8,2218.1,3288.9,1100.9
case267_r1_C0_DEFAULT_N2048_q4_rep2,R1_EVENT_OVERLAP,C0_DEFAULT,2048,4,2,2,3201.5,3316.2,4350.8,1042.0
case267_r1_C0_DEFAULT_N2048_q4_rep2,R1_EVENT_OVERLAP,C0_DEFAULT,2048,4,2,3,4274.7,4362.1,5119.9,769.4
case268_r1_C0_DEFAULT_N2048_q4_rep3,R1_EVENT_OVERLAP,C0_DEFAULT,2048,4,3,0,1068.4,1078.6,2193.0,1122.7
case268_r1_C0_DEFAULT_N2048_q4_rep3,R1_EVENT_OVERLAP,C0_DEFAULT,2048,4,3,1,2128.1,2219.9,3290.1,1103.9
case268_r1_C0_DEFAULT_N2048_q4_rep3,R1_EVENT_OVERLAP,C0_DEFAULT,2048,4,3,2,3202.7,3317.4,4354.5,1041.3
case268_r1_C0_DEFAULT_N2048_q4_rep3,R1_EVENT_OVERLAP,C0_DEFAULT,2048,4,3,3,4274.0,4366.1,5116.5,760.7
case269_r1_C0_DEFAULT_N2048_q4_rep4,R1_EVENT_OVERLAP,C0_DEFAULT,2048,4,4,0,1060.7,1071.1,2189.6,1123.2
case269_r1_C0_DEFAULT_N2048_q4_rep4,R1_EVENT_OVERLAP,C0_DEFAULT,2048,4,4,1,2125.3,2216.0,3287.2,1101.5
case269_r1_C0_DEFAULT_N2048_q4_rep4,R1_EVENT_OVERLAP,C0_DEFAULT,2048,4,4,2,3198.5,3314.2,4349.7,1040.9
case269_r1_C0_DEFAULT_N2048_q4_rep4,R1_EVENT_OVERLAP,C0_DEFAULT,2048,4,4,3,4272.9,4360.9,5117.0,765.6
case270_r1_C0_DEFAULT_N2048_q4_rep5,R1_EVENT_OVERLAP,C0_DEFAULT,2048,4,5,0,1065.7,1075.9,2191.6,1122.9
case270_r1_C0_DEFAULT_N2048_q4_rep5,R1_EVENT_OVERLAP,C0_DEFAULT,2048,4,5,1,2125.6,2218.2,3289.6,1099.6
case270_r1_C0_DEFAULT_N2048_q4_rep5,R1_EVENT_OVERLAP,C0_DEFAULT,2048,4,5,2,3199.3,3316.6,4353.3,1042.0
case270_r1_C0_DEFAULT_N2048_q4_rep5,R1_EVENT_OVERLAP,C0_DEFAULT,2048,4,5,3,4273.8,4364.6,5114.3,765.8
case271_r1_C2_RING_SIMPLE_CH8_N2048_q4_rep1,R1_EVENT_OVERLAP,C2_RING_SIMPLE_CH8,2048,4,1,0,1040.3,1050.5,2229.1,1181.9
case271_r1_C2_RING_SIMPLE_CH8_N2048_q4_rep1,R1_EVENT_OVERLAP,C2_RING_SIMPLE_CH8,2048,4,1,1,2050.8,2265.3,3268.9,1012.7
case271_r1_C2_RING_SIMPLE_CH8_N2048_q4_rep1,R1_EVENT_OVERLAP,C2_RING_SIMPLE_CH8,2048,4,1,2,3079.8,3305.6,4258.8,959.6
case271_r1_C2_RING_SIMPLE_CH8_N2048_q4_rep1,R1_EVENT_OVERLAP,C2_RING_SIMPLE_CH8,2048,4,1,3,4110.0,4270.7,5032.3,760.3
case272_r1_C2_RING_SIMPLE_CH8_N2048_q4_rep2,R1_EVENT_OVERLAP,C2_RING_SIMPLE_CH8,2048,4,2,0,1042.6,1052.7,2230.2,1181.5
case272_r1_C2_RING_SIMPLE_CH8_N2048_q4_rep2,R1_EVENT_OVERLAP,C2_RING_SIMPLE_CH8,2048,4,2,1,2052.0,2267.8,3270.3,1014.0
case272_r1_C2_RING_SIMPLE_CH8_N2048_q4_rep2,R1_EVENT_OVERLAP,C2_RING_SIMPLE_CH8,2048,4,2,2,3080.2,3308.9,4260.0,960.5
case272_r1_C2_RING_SIMPLE_CH8_N2048_q4_rep2,R1_EVENT_OVERLAP,C2_RING_SIMPLE_CH8,2048,4,2,3,4111.1,4271.8,5029.1,758.9
case273_r1_C2_RING_SIMPLE_CH8_N2048_q4_rep3,R1_EVENT_OVERLAP,C2_RING_SIMPLE_CH8,2048,4,3,0,1037.9,1048.0,2225.2,1180.7
case273_r1_C2_RING_SIMPLE_CH8_N2048_q4_rep3,R1_EVENT_OVERLAP,C2_RING_SIMPLE_CH8,2048,4,3,1,2046.8,2260.3,3266.5,1014.4
case273_r1_C2_RING_SIMPLE_CH8_N2048_q4_rep3,R1_EVENT_OVERLAP,C2_RING_SIMPLE_CH8,2048,4,3,2,3076.8,3304.0,4257.6,960.9
case273_r1_C2_RING_SIMPLE_CH8_N2048_q4_rep3,R1_EVENT_OVERLAP,C2_RING_SIMPLE_CH8,2048,4,3,3,4107.8,4269.0,5028.5,762.0
case274_r1_C2_RING_SIMPLE_CH8_N2048_q4_rep4,R1_EVENT_OVERLAP,C2_RING_SIMPLE_CH8,2048,4,4,0,1042.0,1052.3,2228.7,1182.6
case274_r1_C2_RING_SIMPLE_CH8_N2048_q4_rep4,R1_EVENT_OVERLAP,C2_RING_SIMPLE_CH8,2048,4,4,1,2050.7,2265.3,3266.3,1011.9
case274_r1_C2_RING_SIMPLE_CH8_N2048_q4_rep4,R1_EVENT_OVERLAP,C2_RING_SIMPLE_CH8,2048,4,4,2,3077.9,3305.9,4259.1,960.8
case274_r1_C2_RING_SIMPLE_CH8_N2048_q4_rep4,R1_EVENT_OVERLAP,C2_RING_SIMPLE_CH8,2048,4,4,3,4108.0,4270.7,5030.0,759.0
case275_r1_C2_RING_SIMPLE_CH8_N2048_q4_rep5,R1_EVENT_OVERLAP,C2_RING_SIMPLE_CH8,2048,4,5,0,1040.3,1050.4,2227.4,1181.8
case275_r1_C2_RING_SIMPLE_CH8_N2048_q4_rep5,R1_EVENT_OVERLAP,C2_RING_SIMPLE_CH8,2048,4,5,1,2049.8,2264.8,3264.9,1012.4
case275_r1_C2_RING_SIMPLE_CH8_N2048_q4_rep5,R1_EVENT_OVERLAP,C2_RING_SIMPLE_CH8,2048,4,5,2,3076.9,3303.4,4257.8,961.1
case275_r1_C2_RING_SIMPLE_CH8_N2048_q4_rep5,R1_EVENT_OVERLAP,C2_RING_SIMPLE_CH8,2048,4,5,3,4108.2,4269.2,5034.6,766.2
case276_fc_C0_DEFAULT_N2048_q4_rep1,FC_FCOLLECT_ONLY,C0_DEFAULT,2048,4,1,0,11572.1,0.0,0.0,0.0
case277_fc_C0_DEFAULT_N2048_q4_rep2,FC_FCOLLECT_ONLY,C0_DEFAULT,2048,4,2,0,11557.1,0.0,0.0,0.0
case278_fc_C0_DEFAULT_N2048_q4_rep3,FC_FCOLLECT_ONLY,C0_DEFAULT,2048,4,3,0,11542.6,0.0,0.0,0.0
case279_fc_C0_DEFAULT_N2048_q4_rep4,FC_FCOLLECT_ONLY,C0_DEFAULT,2048,4,4,0,11560.9,0.0,0.0,0.0
case280_fc_C0_DEFAULT_N2048_q4_rep5,FC_FCOLLECT_ONLY,C0_DEFAULT,2048,4,5,0,11570.3,0.0,0.0,0.0
case281_dc_C0_DEFAULT_N2048_q4_rep1,DC_PUSHSIG_ONLY,C0_DEFAULT,2048,4,1,0,2664.2,0.0,0.0,0.0
case281_dc_C0_DEFAULT_N2048_q4_rep1,DC_PUSHSIG_ONLY,C0_DEFAULT,2048,4,1,1,3763.3,0.0,0.0,0.0
case281_dc_C0_DEFAULT_N2048_q4_rep1,DC_PUSHSIG_ONLY,C0_DEFAULT,2048,4,1,2,6511.3,0.0,0.0,0.0
case281_dc_C0_DEFAULT_N2048_q4_rep1,DC_PUSHSIG_ONLY,C0_DEFAULT,2048,4,1,3,7593.3,0.0,0.0,0.0
case282_dc_C0_DEFAULT_N2048_q4_rep2,DC_PUSHSIG_ONLY,C0_DEFAULT,2048,4,2,0,2672.8,0.0,0.0,0.0
case282_dc_C0_DEFAULT_N2048_q4_rep2,DC_PUSHSIG_ONLY,C0_DEFAULT,2048,4,2,1,3759.0,0.0,0.0,0.0
case282_dc_C0_DEFAULT_N2048_q4_rep2,DC_PUSHSIG_ONLY,C0_DEFAULT,2048,4,2,2,6483.6,0.0,0.0,0.0
case282_dc_C0_DEFAULT_N2048_q4_rep2,DC_PUSHSIG_ONLY,C0_DEFAULT,2048,4,2,3,7569.4,0.0,0.0,0.0
case283_dc_C0_DEFAULT_N2048_q4_rep3,DC_PUSHSIG_ONLY,C0_DEFAULT,2048,4,3,0,2671.1,0.0,0.0,0.0
case283_dc_C0_DEFAULT_N2048_q4_rep3,DC_PUSHSIG_ONLY,C0_DEFAULT,2048,4,3,1,3763.1,0.0,0.0,0.0
case283_dc_C0_DEFAULT_N2048_q4_rep3,DC_PUSHSIG_ONLY,C0_DEFAULT,2048,4,3,2,6536.8,0.0,0.0,0.0
case283_dc_C0_DEFAULT_N2048_q4_rep3,DC_PUSHSIG_ONLY,C0_DEFAULT,2048,4,3,3,7616.8,0.0,0.0,0.0
case284_dc_C0_DEFAULT_N2048_q4_rep4,DC_PUSHSIG_ONLY,C0_DEFAULT,2048,4,4,0,2660.5,0.0,0.0,0.0
case284_dc_C0_DEFAULT_N2048_q4_rep4,DC_PUSHSIG_ONLY,C0_DEFAULT,2048,4,4,1,3760.0,0.0,0.0,0.0
case284_dc_C0_DEFAULT_N2048_q4_rep4,DC_PUSHSIG_ONLY,C0_DEFAULT,2048,4,4,2,6484.4,0.0,0.0,0.0
case284_dc_C0_DEFAULT_N2048_q4_rep4,DC_PUSHSIG_ONLY,C0_DEFAULT,2048,4,4,3,7557.9,0.0,0.0,0.0
case285_dc_C0_DEFAULT_N2048_q4_rep5,DC_PUSHSIG_ONLY,C0_DEFAULT,2048,4,5,0,2676.1,0.0,0.0,0.0
case285_dc_C0_DEFAULT_N2048_q4_rep5,DC_PUSHSIG_ONLY,C0_DEFAULT,2048,4,5,1,3765.9,0.0,0.0,0.0
case285_dc_C0_DEFAULT_N2048_q4_rep5,DC_PUSHSIG_ONLY,C0_DEFAULT,2048,4,5,2,6506.3,0.0,0.0,0.0
case285_dc_C0_DEFAULT_N2048_q4_rep5,DC_PUSHSIG_ONLY,C0_DEFAULT,2048,4,5,3,7580.9,0.0,0.0,0.0
case286_d0_C0_DEFAULT_N2048_q4_rep1,D0_FCOLLECT_SERIAL,C0_DEFAULT,2048,4,1,0,11535.3,11551.2,14318.8,2769.3
case287_d0_C0_DEFAULT_N2048_q4_rep2,D0_FCOLLECT_SERIAL,C0_DEFAULT,2048,4,2,0,11552.3,11568.1,14332.9,2768.6
case288_d0_C0_DEFAULT_N2048_q4_rep3,D0_FCOLLECT_SERIAL,C0_DEFAULT,2048,4,3,0,11540.2,11556.2,14330.9,2767.0
case289_d0_C0_DEFAULT_N2048_q4_rep4,D0_FCOLLECT_SERIAL,C0_DEFAULT,2048,4,4,0,11547.0,11563.4,14332.9,2767.5
case290_d0_C0_DEFAULT_N2048_q4_rep5,D0_FCOLLECT_SERIAL,C0_DEFAULT,2048,4,5,0,11537.8,11554.3,14323.8,2769.3
case291_ds_C0_DEFAULT_N2048_q4_rep1,DS_PUSHSIG_SERIAL,C0_DEFAULT,2048,4,1,0,7526.3,7531.7,8296.5,789.4
case291_ds_C0_DEFAULT_N2048_q4_rep1,DS_PUSHSIG_SERIAL,C0_DEFAULT,2048,4,1,1,8379.2,8384.7,9141.6,771.8
case291_ds_C0_DEFAULT_N2048_q4_rep1,DS_PUSHSIG_SERIAL,C0_DEFAULT,2048,4,1,2,9219.6,9225.2,9982.3,778.7
case291_ds_C0_DEFAULT_N2048_q4_rep1,DS_PUSHSIG_SERIAL,C0_DEFAULT,2048,4,1,3,10076.6,10082.3,10831.4,777.8
case292_ds_C0_DEFAULT_N2048_q4_rep2,DS_PUSHSIG_SERIAL,C0_DEFAULT,2048,4,2,0,7533.7,7539.1,8297.1,784.3
case292_ds_C0_DEFAULT_N2048_q4_rep2,DS_PUSHSIG_SERIAL,C0_DEFAULT,2048,4,2,1,8374.0,8379.6,9138.4,774.8
case292_ds_C0_DEFAULT_N2048_q4_rep2,DS_PUSHSIG_SERIAL,C0_DEFAULT,2048,4,2,2,9213.0,9218.6,9967.1,767.8
case292_ds_C0_DEFAULT_N2048_q4_rep2,DS_PUSHSIG_SERIAL,C0_DEFAULT,2048,4,2,3,10051.0,10056.5,10808.7,765.9
case293_ds_C0_DEFAULT_N2048_q4_rep3,DS_PUSHSIG_SERIAL,C0_DEFAULT,2048,4,3,0,7577.8,7583.3,8345.9,786.6
case293_ds_C0_DEFAULT_N2048_q4_rep3,DS_PUSHSIG_SERIAL,C0_DEFAULT,2048,4,3,1,8423.2,8428.8,9181.6,772.7
case293_ds_C0_DEFAULT_N2048_q4_rep3,DS_PUSHSIG_SERIAL,C0_DEFAULT,2048,4,3,2,9258.9,9264.5,10024.3,773.5
case293_ds_C0_DEFAULT_N2048_q4_rep3,DS_PUSHSIG_SERIAL,C0_DEFAULT,2048,4,3,3,10099.7,10105.3,10863.8,777.4
case294_ds_C0_DEFAULT_N2048_q4_rep4,DS_PUSHSIG_SERIAL,C0_DEFAULT,2048,4,4,0,7543.7,7549.2,8308.4,791.4
case294_ds_C0_DEFAULT_N2048_q4_rep4,DS_PUSHSIG_SERIAL,C0_DEFAULT,2048,4,4,1,8390.7,8396.3,9147.4,777.6
case294_ds_C0_DEFAULT_N2048_q4_rep4,DS_PUSHSIG_SERIAL,C0_DEFAULT,2048,4,4,2,9236.5,9242.1,9994.2,774.4
case294_ds_C0_DEFAULT_N2048_q4_rep4,DS_PUSHSIG_SERIAL,C0_DEFAULT,2048,4,4,3,10077.2,10082.6,10837.8,777.0
case295_ds_C0_DEFAULT_N2048_q4_rep5,DS_PUSHSIG_SERIAL,C0_DEFAULT,2048,4,5,0,7525.9,7531.4,8285.4,773.0
case295_ds_C0_DEFAULT_N2048_q4_rep5,DS_PUSHSIG_SERIAL,C0_DEFAULT,2048,4,5,1,8362.2,8367.8,9123.4,770.4
case295_ds_C0_DEFAULT_N2048_q4_rep5,DS_PUSHSIG_SERIAL,C0_DEFAULT,2048,4,5,2,9199.7,9205.2,9956.9,763.9
case295_ds_C0_DEFAULT_N2048_q4_rep5,DS_PUSHSIG_SERIAL,C0_DEFAULT,2048,4,5,3,10035.0,10040.6,10794.2,768.7
case296_d1_C0_DEFAULT_N2048_q4_rep1,D1_PUSHSIG_OVERLAP,C0_DEFAULT,2048,4,1,0,7578.5,7584.1,8348.7,791.5
case296_d1_C0_DEFAULT_N2048_q4_rep1,D1_PUSHSIG_OVERLAP,C0_DEFAULT,2048,4,1,1,8431.8,8437.3,9180.5,780.5
case296_d1_C0_DEFAULT_N2048_q4_rep1,D1_PUSHSIG_OVERLAP,C0_DEFAULT,2048,4,1,2,9273.0,9278.7,10017.5,771.6
case296_d1_C0_DEFAULT_N2048_q4_rep1,D1_PUSHSIG_OVERLAP,C0_DEFAULT,2048,4,1,3,10106.5,10112.0,10853.2,771.2
case297_d1_C0_DEFAULT_N2048_q4_rep2,D1_PUSHSIG_OVERLAP,C0_DEFAULT,2048,4,2,0,7539.2,7544.8,8313.7,778.7
case297_d1_C0_DEFAULT_N2048_q4_rep2,D1_PUSHSIG_OVERLAP,C0_DEFAULT,2048,4,2,1,8399.3,8404.7,9151.7,770.9
case297_d1_C0_DEFAULT_N2048_q4_rep2,D1_PUSHSIG_OVERLAP,C0_DEFAULT,2048,4,2,2,9235.3,9240.8,9994.8,773.8
case297_d1_C0_DEFAULT_N2048_q4_rep2,D1_PUSHSIG_OVERLAP,C0_DEFAULT,2048,4,2,3,10074.5,10080.0,10836.3,776.0
case298_d1_C0_DEFAULT_N2048_q4_rep3,D1_PUSHSIG_OVERLAP,C0_DEFAULT,2048,4,3,0,7554.9,7560.5,8324.8,791.2
case298_d1_C0_DEFAULT_N2048_q4_rep3,D1_PUSHSIG_OVERLAP,C0_DEFAULT,2048,4,3,1,8400.9,8406.4,9169.3,777.0
case298_d1_C0_DEFAULT_N2048_q4_rep3,D1_PUSHSIG_OVERLAP,C0_DEFAULT,2048,4,3,2,9246.2,9251.8,9994.6,768.5
case298_d1_C0_DEFAULT_N2048_q4_rep3,D1_PUSHSIG_OVERLAP,C0_DEFAULT,2048,4,3,3,10089.4,10095.0,10845.9,777.2
case299_d1_C0_DEFAULT_N2048_q4_rep4,D1_PUSHSIG_OVERLAP,C0_DEFAULT,2048,4,4,0,7545.8,7551.3,8313.6,779.4
case299_d1_C0_DEFAULT_N2048_q4_rep4,D1_PUSHSIG_OVERLAP,C0_DEFAULT,2048,4,4,1,8395.1,8400.6,9150.9,775.3
case299_d1_C0_DEFAULT_N2048_q4_rep4,D1_PUSHSIG_OVERLAP,C0_DEFAULT,2048,4,4,2,9237.2,9242.9,9993.7,774.3
case299_d1_C0_DEFAULT_N2048_q4_rep4,D1_PUSHSIG_OVERLAP,C0_DEFAULT,2048,4,4,3,10075.0,10080.5,10834.8,766.7
case300_d1_C0_DEFAULT_N2048_q4_rep5,D1_PUSHSIG_OVERLAP,C0_DEFAULT,2048,4,5,0,7578.8,7584.4,8342.7,783.8
case300_d1_C0_DEFAULT_N2048_q4_rep5,D1_PUSHSIG_OVERLAP,C0_DEFAULT,2048,4,5,1,8429.2,8434.7,9176.5,778.4
case300_d1_C0_DEFAULT_N2048_q4_rep5,D1_PUSHSIG_OVERLAP,C0_DEFAULT,2048,4,5,2,9261.8,9267.4,10016.6,771.2
case300_d1_C0_DEFAULT_N2048_q4_rep5,D1_PUSHSIG_OVERLAP,C0_DEFAULT,2048,4,5,3,10095.4,10100.7,10854.5,772.8
case301_comm_C0_DEFAULT_N2048_q8_rep1,COMM_ONLY,C0_DEFAULT,2048,8,1,0,541.7,0.0,0.0,0.0
case301_comm_C0_DEFAULT_N2048_q8_rep1,COMM_ONLY,C0_DEFAULT,2048,8,1,1,1068.6,0.0,0.0,0.0
case301_comm_C0_DEFAULT_N2048_q8_rep1,COMM_ONLY,C0_DEFAULT,2048,8,1,2,1595.3,0.0,0.0,0.0
case301_comm_C0_DEFAULT_N2048_q8_rep1,COMM_ONLY,C0_DEFAULT,2048,8,1,3,2121.3,0.0,0.0,0.0
case301_comm_C0_DEFAULT_N2048_q8_rep1,COMM_ONLY,C0_DEFAULT,2048,8,1,4,2647.5,0.0,0.0,0.0
case301_comm_C0_DEFAULT_N2048_q8_rep1,COMM_ONLY,C0_DEFAULT,2048,8,1,5,3173.7,0.0,0.0,0.0
case301_comm_C0_DEFAULT_N2048_q8_rep1,COMM_ONLY,C0_DEFAULT,2048,8,1,6,3700.4,0.0,0.0,0.0
case301_comm_C0_DEFAULT_N2048_q8_rep1,COMM_ONLY,C0_DEFAULT,2048,8,1,7,4227.0,0.0,0.0,0.0
case302_comm_C0_DEFAULT_N2048_q8_rep2,COMM_ONLY,C0_DEFAULT,2048,8,2,0,543.5,0.0,0.0,0.0
case302_comm_C0_DEFAULT_N2048_q8_rep2,COMM_ONLY,C0_DEFAULT,2048,8,2,1,1070.0,0.0,0.0,0.0
case302_comm_C0_DEFAULT_N2048_q8_rep2,COMM_ONLY,C0_DEFAULT,2048,8,2,2,1596.6,0.0,0.0,0.0
case302_comm_C0_DEFAULT_N2048_q8_rep2,COMM_ONLY,C0_DEFAULT,2048,8,2,3,2124.0,0.0,0.0,0.0
case302_comm_C0_DEFAULT_N2048_q8_rep2,COMM_ONLY,C0_DEFAULT,2048,8,2,4,2650.7,0.0,0.0,0.0
case302_comm_C0_DEFAULT_N2048_q8_rep2,COMM_ONLY,C0_DEFAULT,2048,8,2,5,3177.0,0.0,0.0,0.0
case302_comm_C0_DEFAULT_N2048_q8_rep2,COMM_ONLY,C0_DEFAULT,2048,8,2,6,3703.6,0.0,0.0,0.0
case302_comm_C0_DEFAULT_N2048_q8_rep2,COMM_ONLY,C0_DEFAULT,2048,8,2,7,4230.0,0.0,0.0,0.0
case303_comm_C0_DEFAULT_N2048_q8_rep3,COMM_ONLY,C0_DEFAULT,2048,8,3,0,542.8,0.0,0.0,0.0
case303_comm_C0_DEFAULT_N2048_q8_rep3,COMM_ONLY,C0_DEFAULT,2048,8,3,1,1069.8,0.0,0.0,0.0
case303_comm_C0_DEFAULT_N2048_q8_rep3,COMM_ONLY,C0_DEFAULT,2048,8,3,2,1596.2,0.0,0.0,0.0
case303_comm_C0_DEFAULT_N2048_q8_rep3,COMM_ONLY,C0_DEFAULT,2048,8,3,3,2123.2,0.0,0.0,0.0
case303_comm_C0_DEFAULT_N2048_q8_rep3,COMM_ONLY,C0_DEFAULT,2048,8,3,4,2650.7,0.0,0.0,0.0
case303_comm_C0_DEFAULT_N2048_q8_rep3,COMM_ONLY,C0_DEFAULT,2048,8,3,5,3177.3,0.0,0.0,0.0
case303_comm_C0_DEFAULT_N2048_q8_rep3,COMM_ONLY,C0_DEFAULT,2048,8,3,6,3703.6,0.0,0.0,0.0
case303_comm_C0_DEFAULT_N2048_q8_rep3,COMM_ONLY,C0_DEFAULT,2048,8,3,7,4230.6,0.0,0.0,0.0
case304_comm_C0_DEFAULT_N2048_q8_rep4,COMM_ONLY,C0_DEFAULT,2048,8,4,0,542.4,0.0,0.0,0.0
case304_comm_C0_DEFAULT_N2048_q8_rep4,COMM_ONLY,C0_DEFAULT,2048,8,4,1,1069.4,0.0,0.0,0.0
case304_comm_C0_DEFAULT_N2048_q8_rep4,COMM_ONLY,C0_DEFAULT,2048,8,4,2,1596.0,0.0,0.0,0.0
case304_comm_C0_DEFAULT_N2048_q8_rep4,COMM_ONLY,C0_DEFAULT,2048,8,4,3,2122.7,0.0,0.0,0.0
case304_comm_C0_DEFAULT_N2048_q8_rep4,COMM_ONLY,C0_DEFAULT,2048,8,4,4,2648.7,0.0,0.0,0.0
case304_comm_C0_DEFAULT_N2048_q8_rep4,COMM_ONLY,C0_DEFAULT,2048,8,4,5,3175.1,0.0,0.0,0.0
case304_comm_C0_DEFAULT_N2048_q8_rep4,COMM_ONLY,C0_DEFAULT,2048,8,4,6,3701.3,0.0,0.0,0.0
case304_comm_C0_DEFAULT_N2048_q8_rep4,COMM_ONLY,C0_DEFAULT,2048,8,4,7,4228.1,0.0,0.0,0.0
case305_comm_C0_DEFAULT_N2048_q8_rep5,COMM_ONLY,C0_DEFAULT,2048,8,5,0,541.9,0.0,0.0,0.0
case305_comm_C0_DEFAULT_N2048_q8_rep5,COMM_ONLY,C0_DEFAULT,2048,8,5,1,1068.6,0.0,0.0,0.0
case305_comm_C0_DEFAULT_N2048_q8_rep5,COMM_ONLY,C0_DEFAULT,2048,8,5,2,1595.0,0.0,0.0,0.0
case305_comm_C0_DEFAULT_N2048_q8_rep5,COMM_ONLY,C0_DEFAULT,2048,8,5,3,2121.4,0.0,0.0,0.0
case305_comm_C0_DEFAULT_N2048_q8_rep5,COMM_ONLY,C0_DEFAULT,2048,8,5,4,2647.5,0.0,0.0,0.0
case305_comm_C0_DEFAULT_N2048_q8_rep5,COMM_ONLY,C0_DEFAULT,2048,8,5,5,3173.9,0.0,0.0,0.0
case305_comm_C0_DEFAULT_N2048_q8_rep5,COMM_ONLY,C0_DEFAULT,2048,8,5,6,3700.4,0.0,0.0,0.0
case305_comm_C0_DEFAULT_N2048_q8_rep5,COMM_ONLY,C0_DEFAULT,2048,8,5,7,4226.5,0.0,0.0,0.0
case306_comm_C2_RING_SIMPLE_CH8_N2048_q8_rep1,COMM_ONLY,C2_RING_SIMPLE_CH8,2048,8,1,0,535.4,0.0,0.0,0.0
case306_comm_C2_RING_SIMPLE_CH8_N2048_q8_rep1,COMM_ONLY,C2_RING_SIMPLE_CH8,2048,8,1,1,1053.5,0.0,0.0,0.0
case306_comm_C2_RING_SIMPLE_CH8_N2048_q8_rep1,COMM_ONLY,C2_RING_SIMPLE_CH8,2048,8,1,2,1571.6,0.0,0.0,0.0
case306_comm_C2_RING_SIMPLE_CH8_N2048_q8_rep1,COMM_ONLY,C2_RING_SIMPLE_CH8,2048,8,1,3,2089.7,0.0,0.0,0.0
case306_comm_C2_RING_SIMPLE_CH8_N2048_q8_rep1,COMM_ONLY,C2_RING_SIMPLE_CH8,2048,8,1,4,2608.1,0.0,0.0,0.0
case306_comm_C2_RING_SIMPLE_CH8_N2048_q8_rep1,COMM_ONLY,C2_RING_SIMPLE_CH8,2048,8,1,5,3126.3,0.0,0.0,0.0
case306_comm_C2_RING_SIMPLE_CH8_N2048_q8_rep1,COMM_ONLY,C2_RING_SIMPLE_CH8,2048,8,1,6,3644.0,0.0,0.0,0.0
case306_comm_C2_RING_SIMPLE_CH8_N2048_q8_rep1,COMM_ONLY,C2_RING_SIMPLE_CH8,2048,8,1,7,4162.2,0.0,0.0,0.0
case307_comm_C2_RING_SIMPLE_CH8_N2048_q8_rep2,COMM_ONLY,C2_RING_SIMPLE_CH8,2048,8,2,0,534.9,0.0,0.0,0.0
case307_comm_C2_RING_SIMPLE_CH8_N2048_q8_rep2,COMM_ONLY,C2_RING_SIMPLE_CH8,2048,8,2,1,1055.5,0.0,0.0,0.0
case307_comm_C2_RING_SIMPLE_CH8_N2048_q8_rep2,COMM_ONLY,C2_RING_SIMPLE_CH8,2048,8,2,2,1575.0,0.0,0.0,0.0
case307_comm_C2_RING_SIMPLE_CH8_N2048_q8_rep2,COMM_ONLY,C2_RING_SIMPLE_CH8,2048,8,2,3,2098.4,0.0,0.0,0.0
case307_comm_C2_RING_SIMPLE_CH8_N2048_q8_rep2,COMM_ONLY,C2_RING_SIMPLE_CH8,2048,8,2,4,2617.5,0.0,0.0,0.0
case307_comm_C2_RING_SIMPLE_CH8_N2048_q8_rep2,COMM_ONLY,C2_RING_SIMPLE_CH8,2048,8,2,5,3138.5,0.0,0.0,0.0
case307_comm_C2_RING_SIMPLE_CH8_N2048_q8_rep2,COMM_ONLY,C2_RING_SIMPLE_CH8,2048,8,2,6,3658.1,0.0,0.0,0.0
case307_comm_C2_RING_SIMPLE_CH8_N2048_q8_rep2,COMM_ONLY,C2_RING_SIMPLE_CH8,2048,8,2,7,4175.8,0.0,0.0,0.0
case308_comm_C2_RING_SIMPLE_CH8_N2048_q8_rep3,COMM_ONLY,C2_RING_SIMPLE_CH8,2048,8,3,0,532.9,0.0,0.0,0.0
case308_comm_C2_RING_SIMPLE_CH8_N2048_q8_rep3,COMM_ONLY,C2_RING_SIMPLE_CH8,2048,8,3,1,1050.3,0.0,0.0,0.0
case308_comm_C2_RING_SIMPLE_CH8_N2048_q8_rep3,COMM_ONLY,C2_RING_SIMPLE_CH8,2048,8,3,2,1567.8,0.0,0.0,0.0
case308_comm_C2_RING_SIMPLE_CH8_N2048_q8_rep3,COMM_ONLY,C2_RING_SIMPLE_CH8,2048,8,3,3,2085.5,0.0,0.0,0.0
case308_comm_C2_RING_SIMPLE_CH8_N2048_q8_rep3,COMM_ONLY,C2_RING_SIMPLE_CH8,2048,8,3,4,2603.1,0.0,0.0,0.0
case308_comm_C2_RING_SIMPLE_CH8_N2048_q8_rep3,COMM_ONLY,C2_RING_SIMPLE_CH8,2048,8,3,5,3120.5,0.0,0.0,0.0
case308_comm_C2_RING_SIMPLE_CH8_N2048_q8_rep3,COMM_ONLY,C2_RING_SIMPLE_CH8,2048,8,3,6,3637.7,0.0,0.0,0.0
case308_comm_C2_RING_SIMPLE_CH8_N2048_q8_rep3,COMM_ONLY,C2_RING_SIMPLE_CH8,2048,8,3,7,4155.4,0.0,0.0,0.0
case309_comm_C2_RING_SIMPLE_CH8_N2048_q8_rep4,COMM_ONLY,C2_RING_SIMPLE_CH8,2048,8,4,0,534.0,0.0,0.0,0.0
case309_comm_C2_RING_SIMPLE_CH8_N2048_q8_rep4,COMM_ONLY,C2_RING_SIMPLE_CH8,2048,8,4,1,1052.0,0.0,0.0,0.0
case309_comm_C2_RING_SIMPLE_CH8_N2048_q8_rep4,COMM_ONLY,C2_RING_SIMPLE_CH8,2048,8,4,2,1570.0,0.0,0.0,0.0
case309_comm_C2_RING_SIMPLE_CH8_N2048_q8_rep4,COMM_ONLY,C2_RING_SIMPLE_CH8,2048,8,4,3,2087.4,0.0,0.0,0.0
case309_comm_C2_RING_SIMPLE_CH8_N2048_q8_rep4,COMM_ONLY,C2_RING_SIMPLE_CH8,2048,8,4,4,2605.4,0.0,0.0,0.0
case309_comm_C2_RING_SIMPLE_CH8_N2048_q8_rep4,COMM_ONLY,C2_RING_SIMPLE_CH8,2048,8,4,5,3122.8,0.0,0.0,0.0
case309_comm_C2_RING_SIMPLE_CH8_N2048_q8_rep4,COMM_ONLY,C2_RING_SIMPLE_CH8,2048,8,4,6,3640.7,0.0,0.0,0.0
case309_comm_C2_RING_SIMPLE_CH8_N2048_q8_rep4,COMM_ONLY,C2_RING_SIMPLE_CH8,2048,8,4,7,4158.1,0.0,0.0,0.0
case310_comm_C2_RING_SIMPLE_CH8_N2048_q8_rep5,COMM_ONLY,C2_RING_SIMPLE_CH8,2048,8,5,0,534.2,0.0,0.0,0.0
case310_comm_C2_RING_SIMPLE_CH8_N2048_q8_rep5,COMM_ONLY,C2_RING_SIMPLE_CH8,2048,8,5,1,1052.2,0.0,0.0,0.0
case310_comm_C2_RING_SIMPLE_CH8_N2048_q8_rep5,COMM_ONLY,C2_RING_SIMPLE_CH8,2048,8,5,2,1569.5,0.0,0.0,0.0
case310_comm_C2_RING_SIMPLE_CH8_N2048_q8_rep5,COMM_ONLY,C2_RING_SIMPLE_CH8,2048,8,5,3,2087.2,0.0,0.0,0.0
case310_comm_C2_RING_SIMPLE_CH8_N2048_q8_rep5,COMM_ONLY,C2_RING_SIMPLE_CH8,2048,8,5,4,2604.8,0.0,0.0,0.0
case310_comm_C2_RING_SIMPLE_CH8_N2048_q8_rep5,COMM_ONLY,C2_RING_SIMPLE_CH8,2048,8,5,5,3122.5,0.0,0.0,0.0
case310_comm_C2_RING_SIMPLE_CH8_N2048_q8_rep5,COMM_ONLY,C2_RING_SIMPLE_CH8,2048,8,5,6,3640.0,0.0,0.0,0.0
case310_comm_C2_RING_SIMPLE_CH8_N2048_q8_rep5,COMM_ONLY,C2_RING_SIMPLE_CH8,2048,8,5,7,4157.4,0.0,0.0,0.0
case311_gemm_C0_DEFAULT_N2048_q8_rep1,GEMM_ONLY,C0_DEFAULT,2048,8,1,0,0.0,117.0,568.2,452.1
case311_gemm_C0_DEFAULT_N2048_q8_rep1,GEMM_ONLY,C0_DEFAULT,2048,8,1,1,0.0,573.7,1017.2,447.9
case311_gemm_C0_DEFAULT_N2048_q8_rep1,GEMM_ONLY,C0_DEFAULT,2048,8,1,2,0.0,1022.6,1463.3,445.1
case311_gemm_C0_DEFAULT_N2048_q8_rep1,GEMM_ONLY,C0_DEFAULT,2048,8,1,3,0.0,1468.8,1912.6,446.7
case311_gemm_C0_DEFAULT_N2048_q8_rep1,GEMM_ONLY,C0_DEFAULT,2048,8,1,4,0.0,1918.3,2369.9,452.8
case311_gemm_C0_DEFAULT_N2048_q8_rep1,GEMM_ONLY,C0_DEFAULT,2048,8,1,5,0.0,2375.5,2830.5,456.9
case311_gemm_C0_DEFAULT_N2048_q8_rep1,GEMM_ONLY,C0_DEFAULT,2048,8,1,6,0.0,2836.2,3294.5,463.5
case311_gemm_C0_DEFAULT_N2048_q8_rep1,GEMM_ONLY,C0_DEFAULT,2048,8,1,7,0.0,3300.1,3764.0,464.4
case312_gemm_C0_DEFAULT_N2048_q8_rep2,GEMM_ONLY,C0_DEFAULT,2048,8,2,0,0.0,117.4,568.1,452.0
case312_gemm_C0_DEFAULT_N2048_q8_rep2,GEMM_ONLY,C0_DEFAULT,2048,8,2,1,0.0,573.6,1015.4,444.8
case312_gemm_C0_DEFAULT_N2048_q8_rep2,GEMM_ONLY,C0_DEFAULT,2048,8,2,2,0.0,1021.1,1461.4,445.1
case312_gemm_C0_DEFAULT_N2048_q8_rep2,GEMM_ONLY,C0_DEFAULT,2048,8,2,3,0.0,1467.0,1913.3,447.6
case312_gemm_C0_DEFAULT_N2048_q8_rep2,GEMM_ONLY,C0_DEFAULT,2048,8,2,4,0.0,1918.9,2367.6,452.8
case312_gemm_C0_DEFAULT_N2048_q8_rep2,GEMM_ONLY,C0_DEFAULT,2048,8,2,5,0.0,2373.2,2829.5,456.2
case312_gemm_C0_DEFAULT_N2048_q8_rep2,GEMM_ONLY,C0_DEFAULT,2048,8,2,6,0.0,2835.1,3294.5,461.1
case312_gemm_C0_DEFAULT_N2048_q8_rep2,GEMM_ONLY,C0_DEFAULT,2048,8,2,7,0.0,3300.1,3763.6,465.1
case313_gemm_C0_DEFAULT_N2048_q8_rep3,GEMM_ONLY,C0_DEFAULT,2048,8,3,0,0.0,117.6,569.5,452.3
case313_gemm_C0_DEFAULT_N2048_q8_rep3,GEMM_ONLY,C0_DEFAULT,2048,8,3,1,0.0,574.9,1014.9,445.3
case313_gemm_C0_DEFAULT_N2048_q8_rep3,GEMM_ONLY,C0_DEFAULT,2048,8,3,2,0.0,1020.5,1463.1,444.4
case313_gemm_C0_DEFAULT_N2048_q8_rep3,GEMM_ONLY,C0_DEFAULT,2048,8,3,3,0.0,1468.6,1913.4,446.9
case313_gemm_C0_DEFAULT_N2048_q8_rep3,GEMM_ONLY,C0_DEFAULT,2048,8,3,4,0.0,1919.0,2368.5,452.2
case313_gemm_C0_DEFAULT_N2048_q8_rep3,GEMM_ONLY,C0_DEFAULT,2048,8,3,5,0.0,2374.2,2829.8,457.4
case313_gemm_C0_DEFAULT_N2048_q8_rep3,GEMM_ONLY,C0_DEFAULT,2048,8,3,6,0.0,2835.5,3293.5,461.8
case313_gemm_C0_DEFAULT_N2048_q8_rep3,GEMM_ONLY,C0_DEFAULT,2048,8,3,7,0.0,3299.1,3762.8,466.7
case314_gemm_C0_DEFAULT_N2048_q8_rep4,GEMM_ONLY,C0_DEFAULT,2048,8,4,0,0.0,119.2,571.0,452.1
case314_gemm_C0_DEFAULT_N2048_q8_rep4,GEMM_ONLY,C0_DEFAULT,2048,8,4,1,0.0,576.6,1017.4,447.7
case314_gemm_C0_DEFAULT_N2048_q8_rep4,GEMM_ONLY,C0_DEFAULT,2048,8,4,2,0.0,1023.0,1463.4,445.6
case314_gemm_C0_DEFAULT_N2048_q8_rep4,GEMM_ONLY,C0_DEFAULT,2048,8,4,3,0.0,1469.2,1915.7,449.3
case314_gemm_C0_DEFAULT_N2048_q8_rep4,GEMM_ONLY,C0_DEFAULT,2048,8,4,4,0.0,1921.2,2371.5,453.1
case314_gemm_C0_DEFAULT_N2048_q8_rep4,GEMM_ONLY,C0_DEFAULT,2048,8,4,5,0.0,2377.3,2833.3,458.2
case314_gemm_C0_DEFAULT_N2048_q8_rep4,GEMM_ONLY,C0_DEFAULT,2048,8,4,6,0.0,2839.0,3297.4,462.5
case314_gemm_C0_DEFAULT_N2048_q8_rep4,GEMM_ONLY,C0_DEFAULT,2048,8,4,7,0.0,3303.2,3769.1,466.9
case315_gemm_C0_DEFAULT_N2048_q8_rep5,GEMM_ONLY,C0_DEFAULT,2048,8,5,0,0.0,117.0,569.1,451.7
case315_gemm_C0_DEFAULT_N2048_q8_rep5,GEMM_ONLY,C0_DEFAULT,2048,8,5,1,0.0,574.5,1014.0,446.7
case315_gemm_C0_DEFAULT_N2048_q8_rep5,GEMM_ONLY,C0_DEFAULT,2048,8,5,2,0.0,1019.6,1460.6,445.8
case315_gemm_C0_DEFAULT_N2048_q8_rep5,GEMM_ONLY,C0_DEFAULT,2048,8,5,3,0.0,1466.2,1912.0,448.4
case315_gemm_C0_DEFAULT_N2048_q8_rep5,GEMM_ONLY,C0_DEFAULT,2048,8,5,4,0.0,1917.6,2365.3,452.8
case315_gemm_C0_DEFAULT_N2048_q8_rep5,GEMM_ONLY,C0_DEFAULT,2048,8,5,5,0.0,2370.9,2827.7,457.8
case315_gemm_C0_DEFAULT_N2048_q8_rep5,GEMM_ONLY,C0_DEFAULT,2048,8,5,6,0.0,2833.2,3292.5,461.7
case315_gemm_C0_DEFAULT_N2048_q8_rep5,GEMM_ONLY,C0_DEFAULT,2048,8,5,7,0.0,3298.3,3761.0,466.3
case316_r0_C0_DEFAULT_N2048_q8_rep1,R0_FULL_SERIAL,C0_DEFAULT,2048,8,1,0,4055.4,4071.6,6838.4,2780.9
case317_r0_C0_DEFAULT_N2048_q8_rep2,R0_FULL_SERIAL,C0_DEFAULT,2048,8,2,0,4055.6,4071.7,6840.8,2780.4
case318_r0_C0_DEFAULT_N2048_q8_rep3,R0_FULL_SERIAL,C0_DEFAULT,2048,8,3,0,4059.0,4075.2,6842.0,2778.8
case319_r0_C0_DEFAULT_N2048_q8_rep4,R0_FULL_SERIAL,C0_DEFAULT,2048,8,4,0,4058.3,4073.8,6843.5,2779.2
case320_r0_C0_DEFAULT_N2048_q8_rep5,R0_FULL_SERIAL,C0_DEFAULT,2048,8,5,0,4058.2,4074.3,6840.2,2779.6
case321_rs_C0_DEFAULT_N2048_q8_rep1,RS_SLICE_SERIAL,C0_DEFAULT,2048,8,1,0,572.3,582.4,1016.9,438.6
case321_rs_C0_DEFAULT_N2048_q8_rep1,RS_SLICE_SERIAL,C0_DEFAULT,2048,8,1,1,1562.4,1572.6,2007.5,438.1
case321_rs_C0_DEFAULT_N2048_q8_rep1,RS_SLICE_SERIAL,C0_DEFAULT,2048,8,1,2,2553.1,2563.5,2999.4,438.4
case321_rs_C0_DEFAULT_N2048_q8_rep1,RS_SLICE_SERIAL,C0_DEFAULT,2048,8,1,3,3545.5,3555.6,3992.2,437.7
case321_rs_C0_DEFAULT_N2048_q8_rep1,RS_SLICE_SERIAL,C0_DEFAULT,2048,8,1,4,4537.2,4547.5,4983.6,438.5
case321_rs_C0_DEFAULT_N2048_q8_rep1,RS_SLICE_SERIAL,C0_DEFAULT,2048,8,1,5,5528.9,5538.9,5975.5,437.7
case321_rs_C0_DEFAULT_N2048_q8_rep1,RS_SLICE_SERIAL,C0_DEFAULT,2048,8,1,6,6521.3,6532.4,6968.2,438.4
case321_rs_C0_DEFAULT_N2048_q8_rep1,RS_SLICE_SERIAL,C0_DEFAULT,2048,8,1,7,7515.0,7525.0,7959.7,437.4
case322_rs_C0_DEFAULT_N2048_q8_rep2,RS_SLICE_SERIAL,C0_DEFAULT,2048,8,2,0,568.7,579.2,1015.6,437.9
case322_rs_C0_DEFAULT_N2048_q8_rep2,RS_SLICE_SERIAL,C0_DEFAULT,2048,8,2,1,1561.0,1571.4,2007.2,438.7
case322_rs_C0_DEFAULT_N2048_q8_rep2,RS_SLICE_SERIAL,C0_DEFAULT,2048,8,2,2,2553.5,2563.5,3000.8,438.4
case322_rs_C0_DEFAULT_N2048_q8_rep2,RS_SLICE_SERIAL,C0_DEFAULT,2048,8,2,3,3547.6,3557.9,3994.6,437.6
case322_rs_C0_DEFAULT_N2048_q8_rep2,RS_SLICE_SERIAL,C0_DEFAULT,2048,8,2,4,4540.9,4551.1,4987.6,438.9
case322_rs_C0_DEFAULT_N2048_q8_rep2,RS_SLICE_SERIAL,C0_DEFAULT,2048,8,2,5,5533.4,5543.7,5979.6,437.7
case322_rs_C0_DEFAULT_N2048_q8_rep2,RS_SLICE_SERIAL,C0_DEFAULT,2048,8,2,6,6525.6,6535.7,6972.4,438.5
case322_rs_C0_DEFAULT_N2048_q8_rep2,RS_SLICE_SERIAL,C0_DEFAULT,2048,8,2,7,7518.8,7528.9,7963.2,437.4
case323_rs_C0_DEFAULT_N2048_q8_rep3,RS_SLICE_SERIAL,C0_DEFAULT,2048,8,3,0,569.9,580.4,1016.1,438.9
case323_rs_C0_DEFAULT_N2048_q8_rep3,RS_SLICE_SERIAL,C0_DEFAULT,2048,8,3,1,1561.2,1571.4,2006.4,437.4
case323_rs_C0_DEFAULT_N2048_q8_rep3,RS_SLICE_SERIAL,C0_DEFAULT,2048,8,3,2,2551.8,2561.5,2997.0,438.2
case323_rs_C0_DEFAULT_N2048_q8_rep3,RS_SLICE_SERIAL,C0_DEFAULT,2048,8,3,3,3543.2,3553.6,3989.5,437.9
case323_rs_C0_DEFAULT_N2048_q8_rep3,RS_SLICE_SERIAL,C0_DEFAULT,2048,8,3,4,4534.2,4544.2,4981.7,438.2
case323_rs_C0_DEFAULT_N2048_q8_rep3,RS_SLICE_SERIAL,C0_DEFAULT,2048,8,3,5,5527.1,5537.4,5972.5,438.1
case323_rs_C0_DEFAULT_N2048_q8_rep3,RS_SLICE_SERIAL,C0_DEFAULT,2048,8,3,6,6518.0,6528.5,6965.4,438.4
case323_rs_C0_DEFAULT_N2048_q8_rep3,RS_SLICE_SERIAL,C0_DEFAULT,2048,8,3,7,7511.6,7521.7,7956.5,436.9
case324_rs_C0_DEFAULT_N2048_q8_rep4,RS_SLICE_SERIAL,C0_DEFAULT,2048,8,4,0,573.6,584.4,1018.7,437.7
case324_rs_C0_DEFAULT_N2048_q8_rep4,RS_SLICE_SERIAL,C0_DEFAULT,2048,8,4,1,1563.2,1573.5,2007.3,437.9
case324_rs_C0_DEFAULT_N2048_q8_rep4,RS_SLICE_SERIAL,C0_DEFAULT,2048,8,4,2,2552.2,2562.7,2997.1,437.8
case324_rs_C0_DEFAULT_N2048_q8_rep4,RS_SLICE_SERIAL,C0_DEFAULT,2048,8,4,3,3542.2,3552.4,3987.8,437.3
case324_rs_C0_DEFAULT_N2048_q8_rep4,RS_SLICE_SERIAL,C0_DEFAULT,2048,8,4,4,4534.0,4544.5,4979.9,437.7
case324_rs_C0_DEFAULT_N2048_q8_rep4,RS_SLICE_SERIAL,C0_DEFAULT,2048,8,4,5,5525.0,5535.5,5969.8,437.8
case324_rs_C0_DEFAULT_N2048_q8_rep4,RS_SLICE_SERIAL,C0_DEFAULT,2048,8,4,6,6515.4,6526.0,6962.7,438.1
case324_rs_C0_DEFAULT_N2048_q8_rep4,RS_SLICE_SERIAL,C0_DEFAULT,2048,8,4,7,7508.9,7519.1,7953.9,437.4
case325_rs_C0_DEFAULT_N2048_q8_rep5,RS_SLICE_SERIAL,C0_DEFAULT,2048,8,5,0,580.8,591.2,1024.9,438.1
case325_rs_C0_DEFAULT_N2048_q8_rep5,RS_SLICE_SERIAL,C0_DEFAULT,2048,8,5,1,1569.2,1579.6,2013.9,437.7
case325_rs_C0_DEFAULT_N2048_q8_rep5,RS_SLICE_SERIAL,C0_DEFAULT,2048,8,5,2,2558.6,2569.0,3005.0,438.5
case325_rs_C0_DEFAULT_N2048_q8_rep5,RS_SLICE_SERIAL,C0_DEFAULT,2048,8,5,3,3549.4,3559.6,3993.5,437.9
case325_rs_C0_DEFAULT_N2048_q8_rep5,RS_SLICE_SERIAL,C0_DEFAULT,2048,8,5,4,4539.5,4550.1,4983.9,437.7
case325_rs_C0_DEFAULT_N2048_q8_rep5,RS_SLICE_SERIAL,C0_DEFAULT,2048,8,5,5,5530.4,5540.7,5976.8,438.1
case325_rs_C0_DEFAULT_N2048_q8_rep5,RS_SLICE_SERIAL,C0_DEFAULT,2048,8,5,6,6522.7,6533.0,6969.6,437.7
case325_rs_C0_DEFAULT_N2048_q8_rep5,RS_SLICE_SERIAL,C0_DEFAULT,2048,8,5,7,7515.8,7525.8,7961.3,436.9
case326_r1_C0_DEFAULT_N2048_q8_rep1,R1_EVENT_OVERLAP,C0_DEFAULT,2048,8,1,0,576.6,587.2,1287.9,709.2
case326_r1_C0_DEFAULT_N2048_q8_rep1,R1_EVENT_OVERLAP,C0_DEFAULT,2048,8,1,1,1132.2,1313.0,1944.1,642.6
case326_r1_C0_DEFAULT_N2048_q8_rep1,R1_EVENT_OVERLAP,C0_DEFAULT,2048,8,1,2,1715.7,1969.6,2565.9,609.4
case326_r1_C0_DEFAULT_N2048_q8_rep1,R1_EVENT_OVERLAP,C0_DEFAULT,2048,8,1,3,2296.9,2591.5,3176.5,591.9
case326_r1_C0_DEFAULT_N2048_q8_rep1,R1_EVENT_OVERLAP,C0_DEFAULT,2048,8,1,4,2888.5,3201.6,3778.6,586.4
case326_r1_C0_DEFAULT_N2048_q8_rep1,R1_EVENT_OVERLAP,C0_DEFAULT,2048,8,1,5,3482.8,3805.0,4378.3,581.3
case326_r1_C0_DEFAULT_N2048_q8_rep1,R1_EVENT_OVERLAP,C0_DEFAULT,2048,8,1,6,4077.2,4404.5,4941.8,550.4
case326_r1_C0_DEFAULT_N2048_q8_rep1,R1_EVENT_OVERLAP,C0_DEFAULT,2048,8,1,7,4672.9,4952.9,5391.1,439.7
case327_r1_C0_DEFAULT_N2048_q8_rep2,R1_EVENT_OVERLAP,C0_DEFAULT,2048,8,2,0,574.6,585.2,1285.8,708.3
case327_r1_C0_DEFAULT_N2048_q8_rep2,R1_EVENT_OVERLAP,C0_DEFAULT,2048,8,2,1,1129.7,1312.0,1946.9,642.8
case327_r1_C0_DEFAULT_N2048_q8_rep2,R1_EVENT_OVERLAP,C0_DEFAULT,2048,8,2,2,1714.1,1972.8,2567.5,609.6
case327_r1_C0_DEFAULT_N2048_q8_rep2,R1_EVENT_OVERLAP,C0_DEFAULT,2048,8,2,3,2297.6,2593.8,3179.7,593.4
case327_r1_C0_DEFAULT_N2048_q8_rep2,R1_EVENT_OVERLAP,C0_DEFAULT,2048,8,2,4,2888.0,3205.1,3781.2,584.5
case327_r1_C0_DEFAULT_N2048_q8_rep2,R1_EVENT_OVERLAP,C0_DEFAULT,2048,8,2,5,3486.4,3807.4,4384.6,582.1
case327_r1_C0_DEFAULT_N2048_q8_rep2,R1_EVENT_OVERLAP,C0_DEFAULT,2048,8,2,6,4082.7,4410.5,4949.0,552.5
case327_r1_C0_DEFAULT_N2048_q8_rep2,R1_EVENT_OVERLAP,C0_DEFAULT,2048,8,2,7,4680.0,4960.4,5396.6,438.0
case328_r1_C0_DEFAULT_N2048_q8_rep3,R1_EVENT_OVERLAP,C0_DEFAULT,2048,8,3,0,576.4,587.0,1290.1,709.2
case328_r1_C0_DEFAULT_N2048_q8_rep3,R1_EVENT_OVERLAP,C0_DEFAULT,2048,8,3,1,1130.6,1314.9,1947.4,642.7
case328_r1_C0_DEFAULT_N2048_q8_rep3,R1_EVENT_OVERLAP,C0_DEFAULT,2048,8,3,2,1716.1,1972.4,2568.2,609.0
case328_r1_C0_DEFAULT_N2048_q8_rep3,R1_EVENT_OVERLAP,C0_DEFAULT,2048,8,3,3,2297.3,2595.0,3177.3,592.4
case328_r1_C0_DEFAULT_N2048_q8_rep3,R1_EVENT_OVERLAP,C0_DEFAULT,2048,8,3,4,2889.8,3203.3,3781.4,585.8
case328_r1_C0_DEFAULT_N2048_q8_rep3,R1_EVENT_OVERLAP,C0_DEFAULT,2048,8,3,5,3485.4,3808.1,4379.9,579.6
case328_r1_C0_DEFAULT_N2048_q8_rep3,R1_EVENT_OVERLAP,C0_DEFAULT,2048,8,3,6,4081.1,4406.5,4947.3,553.2
case328_r1_C0_DEFAULT_N2048_q8_rep3,R1_EVENT_OVERLAP,C0_DEFAULT,2048,8,3,7,4676.1,4958.8,5397.0,441.8
case329_r1_C0_DEFAULT_N2048_q8_rep4,R1_EVENT_OVERLAP,C0_DEFAULT,2048,8,4,0,576.6,587.0,1289.2,710.3
case329_r1_C0_DEFAULT_N2048_q8_rep4,R1_EVENT_OVERLAP,C0_DEFAULT,2048,8,4,1,1132.5,1315.2,1945.0,641.6
case329_r1_C0_DEFAULT_N2048_q8_rep4,R1_EVENT_OVERLAP,C0_DEFAULT,2048,8,4,2,1717.4,1971.1,2569.0,613.0
case329_r1_C0_DEFAULT_N2048_q8_rep4,R1_EVENT_OVERLAP,C0_DEFAULT,2048,8,4,3,2297.6,2594.9,3175.0,592.6
case329_r1_C0_DEFAULT_N2048_q8_rep4,R1_EVENT_OVERLAP,C0_DEFAULT,2048,8,4,4,2888.4,3201.6,3782.4,585.6
case329_r1_C0_DEFAULT_N2048_q8_rep4,R1_EVENT_OVERLAP,C0_DEFAULT,2048,8,4,5,3484.2,3809.4,4378.4,579.8
case329_r1_C0_DEFAULT_N2048_q8_rep4,R1_EVENT_OVERLAP,C0_DEFAULT,2048,8,4,6,4080.4,4405.0,4944.9,553.7
case329_r1_C0_DEFAULT_N2048_q8_rep4,R1_EVENT_OVERLAP,C0_DEFAULT,2048,8,4,7,4674.0,4956.1,5394.7,438.9
case330_r1_C0_DEFAULT_N2048_q8_rep5,R1_EVENT_OVERLAP,C0_DEFAULT,2048,8,5,0,577.2,587.7,1288.4,707.9
case330_r1_C0_DEFAULT_N2048_q8_rep5,R1_EVENT_OVERLAP,C0_DEFAULT,2048,8,5,1,1133.8,1313.9,1944.8,640.4
case330_r1_C0_DEFAULT_N2048_q8_rep5,R1_EVENT_OVERLAP,C0_DEFAULT,2048,8,5,2,1718.3,1970.0,2570.0,613.6
case330_r1_C0_DEFAULT_N2048_q8_rep5,R1_EVENT_OVERLAP,C0_DEFAULT,2048,8,5,3,2299.9,2597.0,3176.4,592.9
case330_r1_C0_DEFAULT_N2048_q8_rep5,R1_EVENT_OVERLAP,C0_DEFAULT,2048,8,5,4,2889.8,3201.3,3779.0,583.8
case330_r1_C0_DEFAULT_N2048_q8_rep5,R1_EVENT_OVERLAP,C0_DEFAULT,2048,8,5,5,3484.8,3805.4,4380.1,581.4
case330_r1_C0_DEFAULT_N2048_q8_rep5,R1_EVENT_OVERLAP,C0_DEFAULT,2048,8,5,6,4079.5,4407.0,4946.2,551.3
case330_r1_C0_DEFAULT_N2048_q8_rep5,R1_EVENT_OVERLAP,C0_DEFAULT,2048,8,5,7,4676.2,4957.6,5394.4,438.8
case331_r1_C2_RING_SIMPLE_CH8_N2048_q8_rep1,R1_EVENT_OVERLAP,C2_RING_SIMPLE_CH8,2048,8,1,0,565.9,576.2,1361.7,789.2
case331_r1_C2_RING_SIMPLE_CH8_N2048_q8_rep1,R1_EVENT_OVERLAP,C2_RING_SIMPLE_CH8,2048,8,1,1,1101.0,1400.9,2028.4,637.8
case331_r1_C2_RING_SIMPLE_CH8_N2048_q8_rep1,R1_EVENT_OVERLAP,C2_RING_SIMPLE_CH8,2048,8,1,2,1658.1,2066.0,2776.1,715.6
case331_r1_C2_RING_SIMPLE_CH8_N2048_q8_rep1,R1_EVENT_OVERLAP,C2_RING_SIMPLE_CH8,2048,8,1,3,2231.6,2787.7,3558.6,750.5
case331_r1_C2_RING_SIMPLE_CH8_N2048_q8_rep1,R1_EVENT_OVERLAP,C2_RING_SIMPLE_CH8,2048,8,1,4,2787.8,3593.3,4247.8,702.7
case331_r1_C2_RING_SIMPLE_CH8_N2048_q8_rep1,R1_EVENT_OVERLAP,C2_RING_SIMPLE_CH8,2048,8,1,5,3341.6,4283.6,4797.5,554.8
case331_r1_C2_RING_SIMPLE_CH8_N2048_q8_rep1,R1_EVENT_OVERLAP,C2_RING_SIMPLE_CH8,2048,8,1,6,3904.9,4808.8,5244.8,437.5
case331_r1_C2_RING_SIMPLE_CH8_N2048_q8_rep1,R1_EVENT_OVERLAP,C2_RING_SIMPLE_CH8,2048,8,1,7,4473.7,5256.1,5692.1,438.8
case332_r1_C2_RING_SIMPLE_CH8_N2048_q8_rep2,R1_EVENT_OVERLAP,C2_RING_SIMPLE_CH8,2048,8,2,0,563.8,574.4,1359.3,789.5
case332_r1_C2_RING_SIMPLE_CH8_N2048_q8_rep2,R1_EVENT_OVERLAP,C2_RING_SIMPLE_CH8,2048,8,2,1,1098.7,1397.9,2024.4,638.0
case332_r1_C2_RING_SIMPLE_CH8_N2048_q8_rep2,R1_EVENT_OVERLAP,C2_RING_SIMPLE_CH8,2048,8,2,2,1657.5,2064.4,2775.5,714.4
case332_r1_C2_RING_SIMPLE_CH8_N2048_q8_rep2,R1_EVENT_OVERLAP,C2_RING_SIMPLE_CH8,2048,8,2,3,2230.0,2787.7,3559.2,771.5
case332_r1_C2_RING_SIMPLE_CH8_N2048_q8_rep2,R1_EVENT_OVERLAP,C2_RING_SIMPLE_CH8,2048,8,2,4,2785.4,3593.3,4242.3,701.4
case332_r1_C2_RING_SIMPLE_CH8_N2048_q8_rep2,R1_EVENT_OVERLAP,C2_RING_SIMPLE_CH8,2048,8,2,5,3338.4,4281.0,4791.7,553.4
case332_r1_C2_RING_SIMPLE_CH8_N2048_q8_rep2,R1_EVENT_OVERLAP,C2_RING_SIMPLE_CH8,2048,8,2,6,3905.2,4803.0,5238.3,438.1
case332_r1_C2_RING_SIMPLE_CH8_N2048_q8_rep2,R1_EVENT_OVERLAP,C2_RING_SIMPLE_CH8,2048,8,2,7,4469.3,5249.6,5687.0,440.3
case333_r1_C2_RING_SIMPLE_CH8_N2048_q8_rep3,R1_EVENT_OVERLAP,C2_RING_SIMPLE_CH8,2048,8,3,0,558.0,568.2,1355.1,789.6
case333_r1_C2_RING_SIMPLE_CH8_N2048_q8_rep3,R1_EVENT_OVERLAP,C2_RING_SIMPLE_CH8,2048,8,3,1,1092.9,1393.1,2019.9,636.1
case333_r1_C2_RING_SIMPLE_CH8_N2048_q8_rep3,R1_EVENT_OVERLAP,C2_RING_SIMPLE_CH8,2048,8,3,2,1651.5,2058.0,2769.8,712.2
case333_r1_C2_RING_SIMPLE_CH8_N2048_q8_rep3,R1_EVENT_OVERLAP,C2_RING_SIMPLE_CH8,2048,8,3,3,2224.4,2781.8,3522.4,743.5
case333_r1_C2_RING_SIMPLE_CH8_N2048_q8_rep3,R1_EVENT_OVERLAP,C2_RING_SIMPLE_CH8,2048,8,3,4,2782.2,3558.8,4241.6,701.4
case333_r1_C2_RING_SIMPLE_CH8_N2048_q8_rep3,R1_EVENT_OVERLAP,C2_RING_SIMPLE_CH8,2048,8,3,5,3337.2,4277.4,4790.1,555.6
case333_r1_C2_RING_SIMPLE_CH8_N2048_q8_rep3,R1_EVENT_OVERLAP,C2_RING_SIMPLE_CH8,2048,8,3,6,3901.1,4801.4,5236.6,437.3
case333_r1_C2_RING_SIMPLE_CH8_N2048_q8_rep3,R1_EVENT_OVERLAP,C2_RING_SIMPLE_CH8,2048,8,3,7,4468.5,5247.9,5682.7,439.0
case334_r1_C2_RING_SIMPLE_CH8_N2048_q8_rep4,R1_EVENT_OVERLAP,C2_RING_SIMPLE_CH8,2048,8,4,0,566.0,576.4,1361.5,789.2
case334_r1_C2_RING_SIMPLE_CH8_N2048_q8_rep4,R1_EVENT_OVERLAP,C2_RING_SIMPLE_CH8,2048,8,4,1,1100.0,1399.3,2024.8,637.5
case334_r1_C2_RING_SIMPLE_CH8_N2048_q8_rep4,R1_EVENT_OVERLAP,C2_RING_SIMPLE_CH8,2048,8,4,2,1658.2,2063.5,2773.2,711.2
case334_r1_C2_RING_SIMPLE_CH8_N2048_q8_rep4,R1_EVENT_OVERLAP,C2_RING_SIMPLE_CH8,2048,8,4,3,2231.3,2784.6,3528.0,745.2
case334_r1_C2_RING_SIMPLE_CH8_N2048_q8_rep4,R1_EVENT_OVERLAP,C2_RING_SIMPLE_CH8,2048,8,4,4,2785.7,3565.2,4240.1,699.1
case334_r1_C2_RING_SIMPLE_CH8_N2048_q8_rep4,R1_EVENT_OVERLAP,C2_RING_SIMPLE_CH8,2048,8,4,5,3339.7,4278.1,4796.0,550.9
case334_r1_C2_RING_SIMPLE_CH8_N2048_q8_rep4,R1_EVENT_OVERLAP,C2_RING_SIMPLE_CH8,2048,8,4,6,3907.0,4807.3,5243.2,437.6
case334_r1_C2_RING_SIMPLE_CH8_N2048_q8_rep4,R1_EVENT_OVERLAP,C2_RING_SIMPLE_CH8,2048,8,4,7,4474.1,5254.6,5691.3,438.3
case335_r1_C2_RING_SIMPLE_CH8_N2048_q8_rep5,R1_EVENT_OVERLAP,C2_RING_SIMPLE_CH8,2048,8,5,0,567.6,578.2,1364.4,790.9
case335_r1_C2_RING_SIMPLE_CH8_N2048_q8_rep5,R1_EVENT_OVERLAP,C2_RING_SIMPLE_CH8,2048,8,5,1,1102.6,1402.7,2030.2,636.8
case335_r1_C2_RING_SIMPLE_CH8_N2048_q8_rep5,R1_EVENT_OVERLAP,C2_RING_SIMPLE_CH8,2048,8,5,2,1662.5,2068.0,2776.0,712.4
case335_r1_C2_RING_SIMPLE_CH8_N2048_q8_rep5,R1_EVENT_OVERLAP,C2_RING_SIMPLE_CH8,2048,8,5,3,2236.4,2787.6,3525.7,741.8
case335_r1_C2_RING_SIMPLE_CH8_N2048_q8_rep5,R1_EVENT_OVERLAP,C2_RING_SIMPLE_CH8,2048,8,5,4,2790.3,3561.2,4242.8,699.2
case335_r1_C2_RING_SIMPLE_CH8_N2048_q8_rep5,R1_EVENT_OVERLAP,C2_RING_SIMPLE_CH8,2048,8,5,5,3344.6,4279.7,4796.7,555.9
case335_r1_C2_RING_SIMPLE_CH8_N2048_q8_rep5,R1_EVENT_OVERLAP,C2_RING_SIMPLE_CH8,2048,8,5,6,3910.5,4807.9,5245.1,437.7
case335_r1_C2_RING_SIMPLE_CH8_N2048_q8_rep5,R1_EVENT_OVERLAP,C2_RING_SIMPLE_CH8,2048,8,5,7,4476.3,5256.6,5693.4,439.5
case336_fc_C0_DEFAULT_N2048_q8_rep1,FC_FCOLLECT_ONLY,C0_DEFAULT,2048,8,1,0,11541.4,0.0,0.0,0.0
case337_fc_C0_DEFAULT_N2048_q8_rep2,FC_FCOLLECT_ONLY,C0_DEFAULT,2048,8,2,0,11560.9,0.0,0.0,0.0
case338_fc_C0_DEFAULT_N2048_q8_rep3,FC_FCOLLECT_ONLY,C0_DEFAULT,2048,8,3,0,11567.8,0.0,0.0,0.0
case339_fc_C0_DEFAULT_N2048_q8_rep4,FC_FCOLLECT_ONLY,C0_DEFAULT,2048,8,4,0,11554.7,0.0,0.0,0.0
case340_fc_C0_DEFAULT_N2048_q8_rep5,FC_FCOLLECT_ONLY,C0_DEFAULT,2048,8,5,0,11541.2,0.0,0.0,0.0
case341_dc_C0_DEFAULT_N2048_q8_rep1,DC_PUSHSIG_ONLY,C0_DEFAULT,2048,8,1,0,1371.8,0.0,0.0,0.0
case341_dc_C0_DEFAULT_N2048_q8_rep1,DC_PUSHSIG_ONLY,C0_DEFAULT,2048,8,1,1,1984.9,0.0,0.0,0.0
case341_dc_C0_DEFAULT_N2048_q8_rep1,DC_PUSHSIG_ONLY,C0_DEFAULT,2048,8,1,2,3378.1,0.0,0.0,0.0
case341_dc_C0_DEFAULT_N2048_q8_rep1,DC_PUSHSIG_ONLY,C0_DEFAULT,2048,8,1,3,4004.5,0.0,0.0,0.0
case341_dc_C0_DEFAULT_N2048_q8_rep1,DC_PUSHSIG_ONLY,C0_DEFAULT,2048,8,1,4,5370.7,0.0,0.0,0.0
case341_dc_C0_DEFAULT_N2048_q8_rep1,DC_PUSHSIG_ONLY,C0_DEFAULT,2048,8,1,5,8117.8,0.0,0.0,0.0
case341_dc_C0_DEFAULT_N2048_q8_rep1,DC_PUSHSIG_ONLY,C0_DEFAULT,2048,8,1,6,9328.6,0.0,0.0,0.0
case341_dc_C0_DEFAULT_N2048_q8_rep1,DC_PUSHSIG_ONLY,C0_DEFAULT,2048,8,1,7,10896.2,0.0,0.0,0.0
case342_dc_C0_DEFAULT_N2048_q8_rep2,DC_PUSHSIG_ONLY,C0_DEFAULT,2048,8,2,0,1372.2,0.0,0.0,0.0
case342_dc_C0_DEFAULT_N2048_q8_rep2,DC_PUSHSIG_ONLY,C0_DEFAULT,2048,8,2,1,1981.5,0.0,0.0,0.0
case342_dc_C0_DEFAULT_N2048_q8_rep2,DC_PUSHSIG_ONLY,C0_DEFAULT,2048,8,2,2,3378.8,0.0,0.0,0.0
case342_dc_C0_DEFAULT_N2048_q8_rep2,DC_PUSHSIG_ONLY,C0_DEFAULT,2048,8,2,3,5029.0,0.0,0.0,0.0
case342_dc_C0_DEFAULT_N2048_q8_rep2,DC_PUSHSIG_ONLY,C0_DEFAULT,2048,8,2,4,7351.6,0.0,0.0,0.0
case342_dc_C0_DEFAULT_N2048_q8_rep2,DC_PUSHSIG_ONLY,C0_DEFAULT,2048,8,2,5,8504.7,0.0,0.0,0.0
case342_dc_C0_DEFAULT_N2048_q8_rep2,DC_PUSHSIG_ONLY,C0_DEFAULT,2048,8,2,6,9200.0,0.0,0.0,0.0
case342_dc_C0_DEFAULT_N2048_q8_rep2,DC_PUSHSIG_ONLY,C0_DEFAULT,2048,8,2,7,10603.6,0.0,0.0,0.0
case343_dc_C0_DEFAULT_N2048_q8_rep3,DC_PUSHSIG_ONLY,C0_DEFAULT,2048,8,3,0,1364.4,0.0,0.0,0.0
case343_dc_C0_DEFAULT_N2048_q8_rep3,DC_PUSHSIG_ONLY,C0_DEFAULT,2048,8,3,1,1971.9,0.0,0.0,0.0
case343_dc_C0_DEFAULT_N2048_q8_rep3,DC_PUSHSIG_ONLY,C0_DEFAULT,2048,8,3,2,3340.2,0.0,0.0,0.0
case343_dc_C0_DEFAULT_N2048_q8_rep3,DC_PUSHSIG_ONLY,C0_DEFAULT,2048,8,3,3,4993.8,0.0,0.0,0.0
case343_dc_C0_DEFAULT_N2048_q8_rep3,DC_PUSHSIG_ONLY,C0_DEFAULT,2048,8,3,4,6570.5,0.0,0.0,0.0
case343_dc_C0_DEFAULT_N2048_q8_rep3,DC_PUSHSIG_ONLY,C0_DEFAULT,2048,8,3,5,8331.5,0.0,0.0,0.0
case343_dc_C0_DEFAULT_N2048_q8_rep3,DC_PUSHSIG_ONLY,C0_DEFAULT,2048,8,3,6,9571.9,0.0,0.0,0.0
case343_dc_C0_DEFAULT_N2048_q8_rep3,DC_PUSHSIG_ONLY,C0_DEFAULT,2048,8,3,7,10999.5,0.0,0.0,0.0
case344_dc_C0_DEFAULT_N2048_q8_rep4,DC_PUSHSIG_ONLY,C0_DEFAULT,2048,8,4,0,1373.7,0.0,0.0,0.0
case344_dc_C0_DEFAULT_N2048_q8_rep4,DC_PUSHSIG_ONLY,C0_DEFAULT,2048,8,4,1,2004.5,0.0,0.0,0.0
case344_dc_C0_DEFAULT_N2048_q8_rep4,DC_PUSHSIG_ONLY,C0_DEFAULT,2048,8,4,2,3385.1,0.0,0.0,0.0
case344_dc_C0_DEFAULT_N2048_q8_rep4,DC_PUSHSIG_ONLY,C0_DEFAULT,2048,8,4,3,4680.1,0.0,0.0,0.0
case344_dc_C0_DEFAULT_N2048_q8_rep4,DC_PUSHSIG_ONLY,C0_DEFAULT,2048,8,4,4,7293.8,0.0,0.0,0.0
case344_dc_C0_DEFAULT_N2048_q8_rep4,DC_PUSHSIG_ONLY,C0_DEFAULT,2048,8,4,5,8405.7,0.0,0.0,0.0
case344_dc_C0_DEFAULT_N2048_q8_rep4,DC_PUSHSIG_ONLY,C0_DEFAULT,2048,8,4,6,9195.2,0.0,0.0,0.0
case344_dc_C0_DEFAULT_N2048_q8_rep4,DC_PUSHSIG_ONLY,C0_DEFAULT,2048,8,4,7,10203.7,0.0,0.0,0.0
case345_dc_C0_DEFAULT_N2048_q8_rep5,DC_PUSHSIG_ONLY,C0_DEFAULT,2048,8,5,0,1370.3,0.0,0.0,0.0
case345_dc_C0_DEFAULT_N2048_q8_rep5,DC_PUSHSIG_ONLY,C0_DEFAULT,2048,8,5,1,1972.0,0.0,0.0,0.0
case345_dc_C0_DEFAULT_N2048_q8_rep5,DC_PUSHSIG_ONLY,C0_DEFAULT,2048,8,5,2,3297.0,0.0,0.0,0.0
case345_dc_C0_DEFAULT_N2048_q8_rep5,DC_PUSHSIG_ONLY,C0_DEFAULT,2048,8,5,3,4094.0,0.0,0.0,0.0
case345_dc_C0_DEFAULT_N2048_q8_rep5,DC_PUSHSIG_ONLY,C0_DEFAULT,2048,8,5,4,5349.9,0.0,0.0,0.0
case345_dc_C0_DEFAULT_N2048_q8_rep5,DC_PUSHSIG_ONLY,C0_DEFAULT,2048,8,5,5,7847.8,0.0,0.0,0.0
case345_dc_C0_DEFAULT_N2048_q8_rep5,DC_PUSHSIG_ONLY,C0_DEFAULT,2048,8,5,6,8608.8,0.0,0.0,0.0
case345_dc_C0_DEFAULT_N2048_q8_rep5,DC_PUSHSIG_ONLY,C0_DEFAULT,2048,8,5,7,10476.3,0.0,0.0,0.0
case346_d0_C0_DEFAULT_N2048_q8_rep1,D0_FCOLLECT_SERIAL,C0_DEFAULT,2048,8,1,0,11545.5,11561.7,14331.9,2768.4
case347_d0_C0_DEFAULT_N2048_q8_rep2,D0_FCOLLECT_SERIAL,C0_DEFAULT,2048,8,2,0,11538.2,11554.2,14324.4,2769.6
case348_d0_C0_DEFAULT_N2048_q8_rep3,D0_FCOLLECT_SERIAL,C0_DEFAULT,2048,8,3,0,11551.4,11567.1,14339.9,2766.7
case349_d0_C0_DEFAULT_N2048_q8_rep4,D0_FCOLLECT_SERIAL,C0_DEFAULT,2048,8,4,0,11543.1,11559.7,14324.1,2766.4
case350_d0_C0_DEFAULT_N2048_q8_rep5,D0_FCOLLECT_SERIAL,C0_DEFAULT,2048,8,5,0,11544.3,11560.5,14331.3,2772.7
case351_ds_C0_DEFAULT_N2048_q8_rep1,DS_PUSHSIG_SERIAL,C0_DEFAULT,2048,8,1,0,14748.2,14753.7,15212.9,472.8
case351_ds_C0_DEFAULT_N2048_q8_rep1,DS_PUSHSIG_SERIAL,C0_DEFAULT,2048,8,1,1,16019.0,16024.6,16470.0,467.3
case351_ds_C0_DEFAULT_N2048_q8_rep1,DS_PUSHSIG_SERIAL,C0_DEFAULT,2048,8,1,2,16748.0,16753.5,17213.8,465.3
case351_ds_C0_DEFAULT_N2048_q8_rep1,DS_PUSHSIG_SERIAL,C0_DEFAULT,2048,8,1,3,17892.4,17898.0,18344.5,463.6
case351_ds_C0_DEFAULT_N2048_q8_rep1,DS_PUSHSIG_SERIAL,C0_DEFAULT,2048,8,1,4,18586.7,18592.4,19060.7,462.4
case351_ds_C0_DEFAULT_N2048_q8_rep1,DS_PUSHSIG_SERIAL,C0_DEFAULT,2048,8,1,5,19523.7,19529.6,19976.9,462.9
case351_ds_C0_DEFAULT_N2048_q8_rep1,DS_PUSHSIG_SERIAL,C0_DEFAULT,2048,8,1,6,20280.0,20285.5,20734.5,462.2
case351_ds_C0_DEFAULT_N2048_q8_rep1,DS_PUSHSIG_SERIAL,C0_DEFAULT,2048,8,1,7,20809.6,20815.2,21261.5,462.2
case352_ds_C0_DEFAULT_N2048_q8_rep2,DS_PUSHSIG_SERIAL,C0_DEFAULT,2048,8,2,0,14679.1,14684.5,15168.4,472.2
case352_ds_C0_DEFAULT_N2048_q8_rep2,DS_PUSHSIG_SERIAL,C0_DEFAULT,2048,8,2,1,15852.9,15858.5,16307.6,467.0
case352_ds_C0_DEFAULT_N2048_q8_rep2,DS_PUSHSIG_SERIAL,C0_DEFAULT,2048,8,2,2,16496.3,16501.8,16956.8,462.9
case352_ds_C0_DEFAULT_N2048_q8_rep2,DS_PUSHSIG_SERIAL,C0_DEFAULT,2048,8,2,3,17068.2,17073.7,17533.9,461.9
case352_ds_C0_DEFAULT_N2048_q8_rep2,DS_PUSHSIG_SERIAL,C0_DEFAULT,2048,8,2,4,17666.6,17672.2,18133.5,462.3
case352_ds_C0_DEFAULT_N2048_q8_rep2,DS_PUSHSIG_SERIAL,C0_DEFAULT,2048,8,2,5,18244.8,18250.7,18713.3,462.1
case352_ds_C0_DEFAULT_N2048_q8_rep2,DS_PUSHSIG_SERIAL,C0_DEFAULT,2048,8,2,6,18969.8,18975.5,19421.4,462.9
case352_ds_C0_DEFAULT_N2048_q8_rep2,DS_PUSHSIG_SERIAL,C0_DEFAULT,2048,8,2,7,19700.2,19705.6,20162.4,461.6
case353_ds_C0_DEFAULT_N2048_q8_rep3,DS_PUSHSIG_SERIAL,C0_DEFAULT,2048,8,3,0,14675.0,14680.5,15145.4,473.7
case353_ds_C0_DEFAULT_N2048_q8_rep3,DS_PUSHSIG_SERIAL,C0_DEFAULT,2048,8,3,1,15675.7,15681.4,16129.4,465.0
case353_ds_C0_DEFAULT_N2048_q8_rep3,DS_PUSHSIG_SERIAL,C0_DEFAULT,2048,8,3,2,16421.8,16427.3,16885.2,464.2
case353_ds_C0_DEFAULT_N2048_q8_rep3,DS_PUSHSIG_SERIAL,C0_DEFAULT,2048,8,3,3,17120.3,17125.9,17570.9,461.5
case353_ds_C0_DEFAULT_N2048_q8_rep3,DS_PUSHSIG_SERIAL,C0_DEFAULT,2048,8,3,4,17655.2,17660.8,18113.0,464.6
case353_ds_C0_DEFAULT_N2048_q8_rep3,DS_PUSHSIG_SERIAL,C0_DEFAULT,2048,8,3,5,18217.9,18223.5,18687.4,463.2
case353_ds_C0_DEFAULT_N2048_q8_rep3,DS_PUSHSIG_SERIAL,C0_DEFAULT,2048,8,3,6,19076.5,19082.0,19534.7,463.5
case353_ds_C0_DEFAULT_N2048_q8_rep3,DS_PUSHSIG_SERIAL,C0_DEFAULT,2048,8,3,7,20292.8,20298.9,20753.6,461.2
case354_ds_C0_DEFAULT_N2048_q8_rep4,DS_PUSHSIG_SERIAL,C0_DEFAULT,2048,8,4,0,14322.7,14328.3,14786.7,475.3
case354_ds_C0_DEFAULT_N2048_q8_rep4,DS_PUSHSIG_SERIAL,C0_DEFAULT,2048,8,4,1,15354.9,15360.7,15811.5,469.1
case354_ds_C0_DEFAULT_N2048_q8_rep4,DS_PUSHSIG_SERIAL,C0_DEFAULT,2048,8,4,2,16113.4,16118.9,16570.0,465.8
case354_ds_C0_DEFAULT_N2048_q8_rep4,DS_PUSHSIG_SERIAL,C0_DEFAULT,2048,8,4,3,16653.2,16658.8,17103.1,466.7
case354_ds_C0_DEFAULT_N2048_q8_rep4,DS_PUSHSIG_SERIAL,C0_DEFAULT,2048,8,4,4,17476.6,17482.3,17935.3,464.6
case354_ds_C0_DEFAULT_N2048_q8_rep4,DS_PUSHSIG_SERIAL,C0_DEFAULT,2048,8,4,5,18196.7,18202.3,18662.9,462.5
case354_ds_C0_DEFAULT_N2048_q8_rep4,DS_PUSHSIG_SERIAL,C0_DEFAULT,2048,8,4,6,18899.1,18905.4,19351.2,461.9
case354_ds_C0_DEFAULT_N2048_q8_rep4,DS_PUSHSIG_SERIAL,C0_DEFAULT,2048,8,4,7,19624.1,19630.5,20078.9,462.3
case355_ds_C0_DEFAULT_N2048_q8_rep5,DS_PUSHSIG_SERIAL,C0_DEFAULT,2048,8,5,0,14851.5,14856.9,15322.6,473.3
case355_ds_C0_DEFAULT_N2048_q8_rep5,DS_PUSHSIG_SERIAL,C0_DEFAULT,2048,8,5,1,15882.2,15887.8,16343.3,464.9
case355_ds_C0_DEFAULT_N2048_q8_rep5,DS_PUSHSIG_SERIAL,C0_DEFAULT,2048,8,5,2,16775.2,16780.8,17237.0,464.2
case355_ds_C0_DEFAULT_N2048_q8_rep5,DS_PUSHSIG_SERIAL,C0_DEFAULT,2048,8,5,3,17396.2,17401.8,17847.7,462.4
case355_ds_C0_DEFAULT_N2048_q8_rep5,DS_PUSHSIG_SERIAL,C0_DEFAULT,2048,8,5,4,17968.2,17973.8,18416.8,463.2
case355_ds_C0_DEFAULT_N2048_q8_rep5,DS_PUSHSIG_SERIAL,C0_DEFAULT,2048,8,5,5,18487.1,18492.6,18939.0,463.4
case355_ds_C0_DEFAULT_N2048_q8_rep5,DS_PUSHSIG_SERIAL,C0_DEFAULT,2048,8,5,6,19029.5,19035.0,19480.5,462.5
case355_ds_C0_DEFAULT_N2048_q8_rep5,DS_PUSHSIG_SERIAL,C0_DEFAULT,2048,8,5,7,19583.0,19588.7,20034.3,461.6
case356_d1_C0_DEFAULT_N2048_q8_rep1,D1_PUSHSIG_OVERLAP,C0_DEFAULT,2048,8,1,0,14555.4,14561.1,15039.1,474.9
case356_d1_C0_DEFAULT_N2048_q8_rep1,D1_PUSHSIG_OVERLAP,C0_DEFAULT,2048,8,1,1,15576.8,15582.4,16036.9,464.8
case356_d1_C0_DEFAULT_N2048_q8_rep1,D1_PUSHSIG_OVERLAP,C0_DEFAULT,2048,8,1,2,16456.1,16461.7,16909.3,463.7
case356_d1_C0_DEFAULT_N2048_q8_rep1,D1_PUSHSIG_OVERLAP,C0_DEFAULT,2048,8,1,3,17054.7,17060.5,17517.8,464.9
case356_d1_C0_DEFAULT_N2048_q8_rep1,D1_PUSHSIG_OVERLAP,C0_DEFAULT,2048,8,1,4,17669.7,17675.3,18134.4,464.5
case356_d1_C0_DEFAULT_N2048_q8_rep1,D1_PUSHSIG_OVERLAP,C0_DEFAULT,2048,8,1,5,18208.8,18214.4,18662.1,463.9
case356_d1_C0_DEFAULT_N2048_q8_rep1,D1_PUSHSIG_OVERLAP,C0_DEFAULT,2048,8,1,6,18788.8,18794.9,19248.0,463.4
case356_d1_C0_DEFAULT_N2048_q8_rep1,D1_PUSHSIG_OVERLAP,C0_DEFAULT,2048,8,1,7,19623.9,19629.7,20086.2,461.7
case357_d1_C0_DEFAULT_N2048_q8_rep2,D1_PUSHSIG_OVERLAP,C0_DEFAULT,2048,8,2,0,14551.7,14557.2,15018.0,473.6
case357_d1_C0_DEFAULT_N2048_q8_rep2,D1_PUSHSIG_OVERLAP,C0_DEFAULT,2048,8,2,1,15488.5,15494.1,15951.9,467.8
case357_d1_C0_DEFAULT_N2048_q8_rep2,D1_PUSHSIG_OVERLAP,C0_DEFAULT,2048,8,2,2,16500.6,16506.1,16961.5,465.6
case357_d1_C0_DEFAULT_N2048_q8_rep2,D1_PUSHSIG_OVERLAP,C0_DEFAULT,2048,8,2,3,17037.3,17042.8,17502.0,465.6
case357_d1_C0_DEFAULT_N2048_q8_rep2,D1_PUSHSIG_OVERLAP,C0_DEFAULT,2048,8,2,4,17675.7,17681.2,18141.5,464.8
case357_d1_C0_DEFAULT_N2048_q8_rep2,D1_PUSHSIG_OVERLAP,C0_DEFAULT,2048,8,2,5,18521.5,18527.1,18973.9,463.0
case357_d1_C0_DEFAULT_N2048_q8_rep2,D1_PUSHSIG_OVERLAP,C0_DEFAULT,2048,8,2,6,19264.1,19269.9,19725.8,465.1
case357_d1_C0_DEFAULT_N2048_q8_rep2,D1_PUSHSIG_OVERLAP,C0_DEFAULT,2048,8,2,7,19868.4,19874.3,20327.0,461.8
case358_d1_C0_DEFAULT_N2048_q8_rep3,D1_PUSHSIG_OVERLAP,C0_DEFAULT,2048,8,3,0,14765.0,14771.3,15247.2,476.1
case358_d1_C0_DEFAULT_N2048_q8_rep3,D1_PUSHSIG_OVERLAP,C0_DEFAULT,2048,8,3,1,15550.5,15556.1,16006.8,465.1
case358_d1_C0_DEFAULT_N2048_q8_rep3,D1_PUSHSIG_OVERLAP,C0_DEFAULT,2048,8,3,2,16096.5,16104.0,16552.6,464.0
case358_d1_C0_DEFAULT_N2048_q8_rep3,D1_PUSHSIG_OVERLAP,C0_DEFAULT,2048,8,3,3,16630.7,16636.3,17081.8,462.9
case358_d1_C0_DEFAULT_N2048_q8_rep3,D1_PUSHSIG_OVERLAP,C0_DEFAULT,2048,8,3,4,17259.6,17265.3,17732.7,463.6
case358_d1_C0_DEFAULT_N2048_q8_rep3,D1_PUSHSIG_OVERLAP,C0_DEFAULT,2048,8,3,5,17929.6,17935.2,18396.8,461.9
case358_d1_C0_DEFAULT_N2048_q8_rep3,D1_PUSHSIG_OVERLAP,C0_DEFAULT,2048,8,3,6,18492.7,18498.4,18951.8,461.7
case358_d1_C0_DEFAULT_N2048_q8_rep3,D1_PUSHSIG_OVERLAP,C0_DEFAULT,2048,8,3,7,19082.7,19088.1,19542.8,461.0
case359_d1_C0_DEFAULT_N2048_q8_rep4,D1_PUSHSIG_OVERLAP,C0_DEFAULT,2048,8,4,0,14790.8,14796.3,15260.9,477.6
case359_d1_C0_DEFAULT_N2048_q8_rep4,D1_PUSHSIG_OVERLAP,C0_DEFAULT,2048,8,4,1,15496.7,15502.3,15967.0,470.5
case359_d1_C0_DEFAULT_N2048_q8_rep4,D1_PUSHSIG_OVERLAP,C0_DEFAULT,2048,8,4,2,16207.7,16213.2,16814.3,468.7
case359_d1_C0_DEFAULT_N2048_q8_rep4,D1_PUSHSIG_OVERLAP,C0_DEFAULT,2048,8,4,3,16892.9,16898.5,17362.9,467.2
case359_d1_C0_DEFAULT_N2048_q8_rep4,D1_PUSHSIG_OVERLAP,C0_DEFAULT,2048,8,4,4,17581.5,17586.9,18040.3,463.3
case359_d1_C0_DEFAULT_N2048_q8_rep4,D1_PUSHSIG_OVERLAP,C0_DEFAULT,2048,8,4,5,18210.1,18215.8,18665.1,462.3
case359_d1_C0_DEFAULT_N2048_q8_rep4,D1_PUSHSIG_OVERLAP,C0_DEFAULT,2048,8,4,6,18871.7,18877.3,19339.5,463.1
case359_d1_C0_DEFAULT_N2048_q8_rep4,D1_PUSHSIG_OVERLAP,C0_DEFAULT,2048,8,4,7,19452.9,19458.5,19904.4,461.9
case360_d1_C0_DEFAULT_N2048_q8_rep5,D1_PUSHSIG_OVERLAP,C0_DEFAULT,2048,8,5,0,14697.5,14703.0,15160.5,475.6
case360_d1_C0_DEFAULT_N2048_q8_rep5,D1_PUSHSIG_OVERLAP,C0_DEFAULT,2048,8,5,1,15495.0,15500.6,15947.9,468.7
case360_d1_C0_DEFAULT_N2048_q8_rep5,D1_PUSHSIG_OVERLAP,C0_DEFAULT,2048,8,5,2,16279.3,16284.9,16739.0,462.1
case360_d1_C0_DEFAULT_N2048_q8_rep5,D1_PUSHSIG_OVERLAP,C0_DEFAULT,2048,8,5,3,16918.3,16923.9,17382.2,462.8
case360_d1_C0_DEFAULT_N2048_q8_rep5,D1_PUSHSIG_OVERLAP,C0_DEFAULT,2048,8,5,4,17468.7,17474.1,17935.0,463.1
case360_d1_C0_DEFAULT_N2048_q8_rep5,D1_PUSHSIG_OVERLAP,C0_DEFAULT,2048,8,5,5,18112.9,18118.7,18583.3,463.3
case360_d1_C0_DEFAULT_N2048_q8_rep5,D1_PUSHSIG_OVERLAP,C0_DEFAULT,2048,8,5,6,18711.7,18717.7,19177.4,462.8
case360_d1_C0_DEFAULT_N2048_q8_rep5,D1_PUSHSIG_OVERLAP,C0_DEFAULT,2048,8,5,7,19567.9,19573.8,20021.0,462.5
case361_comm_C0_DEFAULT_N4096_q2_rep1,COMM_ONLY,C0_DEFAULT,4096,2,1,0,2024.2,0.0,0.0,0.0
case361_comm_C0_DEFAULT_N4096_q2_rep1,COMM_ONLY,C0_DEFAULT,4096,2,1,1,4021.5,0.0,0.0,0.0
case362_comm_C0_DEFAULT_N4096_q2_rep2,COMM_ONLY,C0_DEFAULT,4096,2,2,0,2024.3,0.0,0.0,0.0
case362_comm_C0_DEFAULT_N4096_q2_rep2,COMM_ONLY,C0_DEFAULT,4096,2,2,1,4020.2,0.0,0.0,0.0
case363_comm_C0_DEFAULT_N4096_q2_rep3,COMM_ONLY,C0_DEFAULT,4096,2,3,0,2022.9,0.0,0.0,0.0
case363_comm_C0_DEFAULT_N4096_q2_rep3,COMM_ONLY,C0_DEFAULT,4096,2,3,1,4018.3,0.0,0.0,0.0
case364_comm_C0_DEFAULT_N4096_q2_rep4,COMM_ONLY,C0_DEFAULT,4096,2,4,0,2023.6,0.0,0.0,0.0
case364_comm_C0_DEFAULT_N4096_q2_rep4,COMM_ONLY,C0_DEFAULT,4096,2,4,1,4022.3,0.0,0.0,0.0
case365_comm_C0_DEFAULT_N4096_q2_rep5,COMM_ONLY,C0_DEFAULT,4096,2,5,0,2025.4,0.0,0.0,0.0
case365_comm_C0_DEFAULT_N4096_q2_rep5,COMM_ONLY,C0_DEFAULT,4096,2,5,1,4022.5,0.0,0.0,0.0
case366_comm_C2_RING_SIMPLE_CH8_N4096_q2_rep1,COMM_ONLY,C2_RING_SIMPLE_CH8,4096,2,1,0,1953.8,0.0,0.0,0.0
case366_comm_C2_RING_SIMPLE_CH8_N4096_q2_rep1,COMM_ONLY,C2_RING_SIMPLE_CH8,4096,2,1,1,3892.5,0.0,0.0,0.0
case367_comm_C2_RING_SIMPLE_CH8_N4096_q2_rep2,COMM_ONLY,C2_RING_SIMPLE_CH8,4096,2,2,0,1954.4,0.0,0.0,0.0
case367_comm_C2_RING_SIMPLE_CH8_N4096_q2_rep2,COMM_ONLY,C2_RING_SIMPLE_CH8,4096,2,2,1,3894.1,0.0,0.0,0.0
case368_comm_C2_RING_SIMPLE_CH8_N4096_q2_rep3,COMM_ONLY,C2_RING_SIMPLE_CH8,4096,2,3,0,1954.4,0.0,0.0,0.0
case368_comm_C2_RING_SIMPLE_CH8_N4096_q2_rep3,COMM_ONLY,C2_RING_SIMPLE_CH8,4096,2,3,1,3894.7,0.0,0.0,0.0
case369_comm_C2_RING_SIMPLE_CH8_N4096_q2_rep4,COMM_ONLY,C2_RING_SIMPLE_CH8,4096,2,4,0,1955.5,0.0,0.0,0.0
case369_comm_C2_RING_SIMPLE_CH8_N4096_q2_rep4,COMM_ONLY,C2_RING_SIMPLE_CH8,4096,2,4,1,3895.1,0.0,0.0,0.0
case370_comm_C2_RING_SIMPLE_CH8_N4096_q2_rep5,COMM_ONLY,C2_RING_SIMPLE_CH8,4096,2,5,0,1955.0,0.0,0.0,0.0
case370_comm_C2_RING_SIMPLE_CH8_N4096_q2_rep5,COMM_ONLY,C2_RING_SIMPLE_CH8,4096,2,5,1,3894.9,0.0,0.0,0.0
case371_gemm_C0_DEFAULT_N4096_q2_rep1,GEMM_ONLY,C0_DEFAULT,4096,2,1,0,0.0,253.0,3549.7,3304.9
case371_gemm_C0_DEFAULT_N4096_q2_rep1,GEMM_ONLY,C0_DEFAULT,4096,2,1,1,0.0,3555.6,6250.6,2755.9
case372_gemm_C0_DEFAULT_N4096_q2_rep2,GEMM_ONLY,C0_DEFAULT,4096,2,2,0,0.0,253.7,3547.2,3293.2
case372_gemm_C0_DEFAULT_N4096_q2_rep2,GEMM_ONLY,C0_DEFAULT,4096,2,2,1,0.0,3553.1,6255.4,2761.9
case373_gemm_C0_DEFAULT_N4096_q2_rep3,GEMM_ONLY,C0_DEFAULT,4096,2,3,0,0.0,251.8,3574.8,3332.1
case373_gemm_C0_DEFAULT_N4096_q2_rep3,GEMM_ONLY,C0_DEFAULT,4096,2,3,1,0.0,3580.5,6272.2,2754.5
case374_gemm_C0_DEFAULT_N4096_q2_rep4,GEMM_ONLY,C0_DEFAULT,4096,2,4,0,0.0,250.7,3524.0,3285.7
case374_gemm_C0_DEFAULT_N4096_q2_rep4,GEMM_ONLY,C0_DEFAULT,4096,2,4,1,0.0,3529.9,6237.2,2765.5
case375_gemm_C0_DEFAULT_N4096_q2_rep5,GEMM_ONLY,C0_DEFAULT,4096,2,5,0,0.0,251.8,3556.7,3318.3
case375_gemm_C0_DEFAULT_N4096_q2_rep5,GEMM_ONLY,C0_DEFAULT,4096,2,5,1,0.0,3562.5,6251.6,2764.8
case376_r0_C0_DEFAULT_N4096_q2_rep1,R0_FULL_SERIAL,C0_DEFAULT,4096,2,1,0,4063.5,4079.8,10825.6,6761.6
case377_r0_C0_DEFAULT_N4096_q2_rep2,R0_FULL_SERIAL,C0_DEFAULT,4096,2,2,0,4068.2,4084.6,10845.0,6770.2
case378_r0_C0_DEFAULT_N4096_q2_rep3,R0_FULL_SERIAL,C0_DEFAULT,4096,2,3,0,4062.5,4078.4,10823.3,6765.9
case379_r0_C0_DEFAULT_N4096_q2_rep4,R0_FULL_SERIAL,C0_DEFAULT,4096,2,4,0,4062.5,4079.0,10822.2,6767.4
case380_r0_C0_DEFAULT_N4096_q2_rep5,R0_FULL_SERIAL,C0_DEFAULT,4096,2,5,0,4064.9,4081.5,10823.5,6762.9
case381_rs_C0_DEFAULT_N4096_q2_rep1,RS_SLICE_SERIAL,C0_DEFAULT,4096,2,1,0,2072.3,2082.6,5496.0,3425.6
case381_rs_C0_DEFAULT_N4096_q2_rep1,RS_SLICE_SERIAL,C0_DEFAULT,4096,2,1,1,7546.6,7556.5,10953.1,3440.2
case382_rs_C0_DEFAULT_N4096_q2_rep2,RS_SLICE_SERIAL,C0_DEFAULT,4096,2,2,0,2073.9,2084.2,5494.5,3419.3
case382_rs_C0_DEFAULT_N4096_q2_rep2,RS_SLICE_SERIAL,C0_DEFAULT,4096,2,2,1,7540.2,7550.5,10931.6,3428.8
case383_rs_C0_DEFAULT_N4096_q2_rep3,RS_SLICE_SERIAL,C0_DEFAULT,4096,2,3,0,2077.1,2087.1,5519.9,3436.0
case383_rs_C0_DEFAULT_N4096_q2_rep3,RS_SLICE_SERIAL,C0_DEFAULT,4096,2,3,1,7569.3,7579.7,10985.5,3432.8
case384_rs_C0_DEFAULT_N4096_q2_rep4,RS_SLICE_SERIAL,C0_DEFAULT,4096,2,4,0,2071.6,2082.4,5521.9,3444.1
case384_rs_C0_DEFAULT_N4096_q2_rep4,RS_SLICE_SERIAL,C0_DEFAULT,4096,2,4,1,7560.1,7570.1,10977.1,3434.8
case385_rs_C0_DEFAULT_N4096_q2_rep5,RS_SLICE_SERIAL,C0_DEFAULT,4096,2,5,0,2072.4,2082.6,5499.9,3424.0
case385_rs_C0_DEFAULT_N4096_q2_rep5,RS_SLICE_SERIAL,C0_DEFAULT,4096,2,5,1,7547.1,7557.9,10942.6,3430.3
case386_r1_C0_DEFAULT_N4096_q2_rep1,R1_EVENT_OVERLAP,C0_DEFAULT,4096,2,1,0,2071.8,2082.4,5807.9,3739.6
case386_r1_C0_DEFAULT_N4096_q2_rep1,R1_EVENT_OVERLAP,C0_DEFAULT,4096,2,1,1,5120.5,5819.5,8759.2,3068.3
case387_r1_C0_DEFAULT_N4096_q2_rep2,R1_EVENT_OVERLAP,C0_DEFAULT,4096,2,2,0,2073.8,2084.5,5819.6,3740.8
case387_r1_C0_DEFAULT_N4096_q2_rep2,R1_EVENT_OVERLAP,C0_DEFAULT,4096,2,2,1,5129.1,5831.1,8804.2,3082.3
case388_r1_C0_DEFAULT_N4096_q2_rep3,R1_EVENT_OVERLAP,C0_DEFAULT,4096,2,3,0,2079.2,2089.7,5796.1,3718.0
case388_r1_C0_DEFAULT_N4096_q2_rep3,R1_EVENT_OVERLAP,C0_DEFAULT,4096,2,3,1,5120.7,5807.6,8793.0,3052.1
case389_r1_C0_DEFAULT_N4096_q2_rep4,R1_EVENT_OVERLAP,C0_DEFAULT,4096,2,4,0,2071.0,2081.6,5814.7,3756.6
case389_r1_C0_DEFAULT_N4096_q2_rep4,R1_EVENT_OVERLAP,C0_DEFAULT,4096,2,4,1,5124.9,5826.6,8760.8,3021.3
case390_r1_C0_DEFAULT_N4096_q2_rep5,R1_EVENT_OVERLAP,C0_DEFAULT,4096,2,5,0,2071.3,2082.0,5796.9,3728.5
case390_r1_C0_DEFAULT_N4096_q2_rep5,R1_EVENT_OVERLAP,C0_DEFAULT,4096,2,5,1,5114.1,5808.5,8832.7,3061.4
case391_r1_C2_RING_SIMPLE_CH8_N4096_q2_rep1,R1_EVENT_OVERLAP,C2_RING_SIMPLE_CH8,4096,2,1,0,2006.4,2017.0,5559.9,3559.0
case391_r1_C2_RING_SIMPLE_CH8_N4096_q2_rep1,R1_EVENT_OVERLAP,C2_RING_SIMPLE_CH8,4096,2,1,1,4286.7,5572.1,8432.2,3028.1
case392_r1_C2_RING_SIMPLE_CH8_N4096_q2_rep2,R1_EVENT_OVERLAP,C2_RING_SIMPLE_CH8,4096,2,2,0,2006.8,2017.5,5583.0,3585.9
case392_r1_C2_RING_SIMPLE_CH8_N4096_q2_rep2,R1_EVENT_OVERLAP,C2_RING_SIMPLE_CH8,4096,2,2,1,4290.6,5595.0,8507.6,3069.7
case393_r1_C2_RING_SIMPLE_CH8_N4096_q2_rep3,R1_EVENT_OVERLAP,C2_RING_SIMPLE_CH8,4096,2,3,0,2004.4,2014.9,5576.9,3578.2
case393_r1_C2_RING_SIMPLE_CH8_N4096_q2_rep3,R1_EVENT_OVERLAP,C2_RING_SIMPLE_CH8,4096,2,3,1,4284.1,5588.5,8424.4,2991.8
case394_r1_C2_RING_SIMPLE_CH8_N4096_q2_rep4,R1_EVENT_OVERLAP,C2_RING_SIMPLE_CH8,4096,2,4,0,2003.4,2013.8,5577.4,3578.5
case394_r1_C2_RING_SIMPLE_CH8_N4096_q2_rep4,R1_EVENT_OVERLAP,C2_RING_SIMPLE_CH8,4096,2,4,1,4286.2,5589.1,8488.7,3064.5
case395_r1_C2_RING_SIMPLE_CH8_N4096_q2_rep5,R1_EVENT_OVERLAP,C2_RING_SIMPLE_CH8,4096,2,5,0,2007.4,2017.8,5561.0,3564.6
case395_r1_C2_RING_SIMPLE_CH8_N4096_q2_rep5,R1_EVENT_OVERLAP,C2_RING_SIMPLE_CH8,4096,2,5,1,4285.6,5572.7,8396.6,2982.2
case396_fc_C0_DEFAULT_N4096_q2_rep1,FC_FCOLLECT_ONLY,C0_DEFAULT,4096,2,1,0,11590.7,0.0,0.0,0.0
case397_fc_C0_DEFAULT_N4096_q2_rep2,FC_FCOLLECT_ONLY,C0_DEFAULT,4096,2,2,0,11599.4,0.0,0.0,0.0
case398_fc_C0_DEFAULT_N4096_q2_rep3,FC_FCOLLECT_ONLY,C0_DEFAULT,4096,2,3,0,11580.2,0.0,0.0,0.0
case399_fc_C0_DEFAULT_N4096_q2_rep4,FC_FCOLLECT_ONLY,C0_DEFAULT,4096,2,4,0,11603.6,0.0,0.0,0.0
case400_fc_C0_DEFAULT_N4096_q2_rep5,FC_FCOLLECT_ONLY,C0_DEFAULT,4096,2,5,0,11595.4,0.0,0.0,0.0
case401_dc_C0_DEFAULT_N4096_q2_rep1,DC_PUSHSIG_ONLY,C0_DEFAULT,4096,2,1,0,5478.6,0.0,0.0,0.0
case401_dc_C0_DEFAULT_N4096_q2_rep1,DC_PUSHSIG_ONLY,C0_DEFAULT,4096,2,1,1,7488.0,0.0,0.0,0.0
case402_dc_C0_DEFAULT_N4096_q2_rep2,DC_PUSHSIG_ONLY,C0_DEFAULT,4096,2,2,0,5462.2,0.0,0.0,0.0
case402_dc_C0_DEFAULT_N4096_q2_rep2,DC_PUSHSIG_ONLY,C0_DEFAULT,4096,2,2,1,7479.6,0.0,0.0,0.0
case403_dc_C0_DEFAULT_N4096_q2_rep3,DC_PUSHSIG_ONLY,C0_DEFAULT,4096,2,3,0,5467.8,0.0,0.0,0.0
case403_dc_C0_DEFAULT_N4096_q2_rep3,DC_PUSHSIG_ONLY,C0_DEFAULT,4096,2,3,1,7476.1,0.0,0.0,0.0
case404_dc_C0_DEFAULT_N4096_q2_rep4,DC_PUSHSIG_ONLY,C0_DEFAULT,4096,2,4,0,5463.0,0.0,0.0,0.0
case404_dc_C0_DEFAULT_N4096_q2_rep4,DC_PUSHSIG_ONLY,C0_DEFAULT,4096,2,4,1,7472.3,0.0,0.0,0.0
case405_dc_C0_DEFAULT_N4096_q2_rep5,DC_PUSHSIG_ONLY,C0_DEFAULT,4096,2,5,0,5479.1,0.0,0.0,0.0
case405_dc_C0_DEFAULT_N4096_q2_rep5,DC_PUSHSIG_ONLY,C0_DEFAULT,4096,2,5,1,7484.1,0.0,0.0,0.0
case406_d0_C0_DEFAULT_N4096_q2_rep1,D0_FCOLLECT_SERIAL,C0_DEFAULT,4096,2,1,0,11598.6,11614.9,18342.8,6746.0
case407_d0_C0_DEFAULT_N4096_q2_rep2,D0_FCOLLECT_SERIAL,C0_DEFAULT,4096,2,2,0,11569.7,11585.8,18338.7,6744.7
case408_d0_C0_DEFAULT_N4096_q2_rep3,D0_FCOLLECT_SERIAL,C0_DEFAULT,4096,2,3,0,11589.9,11605.9,18340.7,6761.5
case409_d0_C0_DEFAULT_N4096_q2_rep4,D0_FCOLLECT_SERIAL,C0_DEFAULT,4096,2,4,0,11573.3,11589.9,18344.2,6739.9
case410_d0_C0_DEFAULT_N4096_q2_rep5,D0_FCOLLECT_SERIAL,C0_DEFAULT,4096,2,5,0,11597.1,11613.2,18334.0,6739.4
case411_ds_C0_DEFAULT_N4096_q2_rep1,DS_PUSHSIG_SERIAL,C0_DEFAULT,4096,2,1,0,7507.2,7513.0,10928.3,3441.1
case411_ds_C0_DEFAULT_N4096_q2_rep1,DS_PUSHSIG_SERIAL,C0_DEFAULT,4096,2,1,1,11004.8,11010.3,14347.7,3425.7
case412_ds_C0_DEFAULT_N4096_q2_rep2,DS_PUSHSIG_SERIAL,C0_DEFAULT,4096,2,2,0,7505.1,7510.6,10906.5,3430.1
case412_ds_C0_DEFAULT_N4096_q2_rep2,DS_PUSHSIG_SERIAL,C0_DEFAULT,4096,2,2,1,10991.0,10996.7,14351.3,3431.8
case413_ds_C0_DEFAULT_N4096_q2_rep3,DS_PUSHSIG_SERIAL,C0_DEFAULT,4096,2,3,0,7505.0,7510.6,10898.4,3426.1
case413_ds_C0_DEFAULT_N4096_q2_rep3,DS_PUSHSIG_SERIAL,C0_DEFAULT,4096,2,3,1,10988.4,10993.9,14364.4,3422.2
case414_ds_C0_DEFAULT_N4096_q2_rep4,DS_PUSHSIG_SERIAL,C0_DEFAULT,4096,2,4,0,7502.1,7507.9,10909.6,3433.5
case414_ds_C0_DEFAULT_N4096_q2_rep4,DS_PUSHSIG_SERIAL,C0_DEFAULT,4096,2,4,1,11000.8,11006.6,14370.1,3423.4
case415_ds_C0_DEFAULT_N4096_q2_rep5,DS_PUSHSIG_SERIAL,C0_DEFAULT,4096,2,5,0,7503.9,7509.4,10922.4,3440.0
case415_ds_C0_DEFAULT_N4096_q2_rep5,DS_PUSHSIG_SERIAL,C0_DEFAULT,4096,2,5,1,11005.6,11011.1,14361.1,3418.9
case416_d1_C0_DEFAULT_N4096_q2_rep1,D1_PUSHSIG_OVERLAP,C0_DEFAULT,4096,2,1,0,7502.0,7507.6,10908.8,3432.2
case416_d1_C0_DEFAULT_N4096_q2_rep1,D1_PUSHSIG_OVERLAP,C0_DEFAULT,4096,2,1,1,10995.4,11001.1,14356.6,3418.5
case417_d1_C0_DEFAULT_N4096_q2_rep2,D1_PUSHSIG_OVERLAP,C0_DEFAULT,4096,2,2,0,7508.9,7514.5,10926.4,3437.8
case417_d1_C0_DEFAULT_N4096_q2_rep2,D1_PUSHSIG_OVERLAP,C0_DEFAULT,4096,2,2,1,11007.6,11013.1,14362.8,3429.6
case418_d1_C0_DEFAULT_N4096_q2_rep3,D1_PUSHSIG_OVERLAP,C0_DEFAULT,4096,2,3,0,7507.6,7513.1,10915.6,3435.6
case418_d1_C0_DEFAULT_N4096_q2_rep3,D1_PUSHSIG_OVERLAP,C0_DEFAULT,4096,2,3,1,10992.9,10998.5,14336.5,3422.7
case419_d1_C0_DEFAULT_N4096_q2_rep4,D1_PUSHSIG_OVERLAP,C0_DEFAULT,4096,2,4,0,7499.7,7505.3,10895.9,3432.9
case419_d1_C0_DEFAULT_N4096_q2_rep4,D1_PUSHSIG_OVERLAP,C0_DEFAULT,4096,2,4,1,10976.1,10981.8,14339.7,3422.9
case420_d1_C0_DEFAULT_N4096_q2_rep5,D1_PUSHSIG_OVERLAP,C0_DEFAULT,4096,2,5,0,7505.2,7510.6,10909.6,3428.0
case420_d1_C0_DEFAULT_N4096_q2_rep5,D1_PUSHSIG_OVERLAP,C0_DEFAULT,4096,2,5,1,10993.0,10998.7,14335.8,3421.4
case421_comm_C0_DEFAULT_N4096_q4_rep1,COMM_ONLY,C0_DEFAULT,4096,4,1,0,1033.2,0.0,0.0,0.0
case421_comm_C0_DEFAULT_N4096_q4_rep1,COMM_ONLY,C0_DEFAULT,4096,4,1,1,2048.0,0.0,0.0,0.0
case421_comm_C0_DEFAULT_N4096_q4_rep1,COMM_ONLY,C0_DEFAULT,4096,4,1,2,3063.0,0.0,0.0,0.0
case421_comm_C0_DEFAULT_N4096_q4_rep1,COMM_ONLY,C0_DEFAULT,4096,4,1,3,4077.1,0.0,0.0,0.0
case422_comm_C0_DEFAULT_N4096_q4_rep2,COMM_ONLY,C0_DEFAULT,4096,4,2,0,1034.4,0.0,0.0,0.0
case422_comm_C0_DEFAULT_N4096_q4_rep2,COMM_ONLY,C0_DEFAULT,4096,4,2,1,2050.4,0.0,0.0,0.0
case422_comm_C0_DEFAULT_N4096_q4_rep2,COMM_ONLY,C0_DEFAULT,4096,4,2,2,3065.5,0.0,0.0,0.0
case422_comm_C0_DEFAULT_N4096_q4_rep2,COMM_ONLY,C0_DEFAULT,4096,4,2,3,4079.2,0.0,0.0,0.0
case423_comm_C0_DEFAULT_N4096_q4_rep3,COMM_ONLY,C0_DEFAULT,4096,4,3,0,1033.1,0.0,0.0,0.0
case423_comm_C0_DEFAULT_N4096_q4_rep3,COMM_ONLY,C0_DEFAULT,4096,4,3,1,2047.2,0.0,0.0,0.0
case423_comm_C0_DEFAULT_N4096_q4_rep3,COMM_ONLY,C0_DEFAULT,4096,4,3,2,3061.1,0.0,0.0,0.0
case423_comm_C0_DEFAULT_N4096_q4_rep3,COMM_ONLY,C0_DEFAULT,4096,4,3,3,4075.5,0.0,0.0,0.0
case424_comm_C0_DEFAULT_N4096_q4_rep4,COMM_ONLY,C0_DEFAULT,4096,4,4,0,1032.7,0.0,0.0,0.0
case424_comm_C0_DEFAULT_N4096_q4_rep4,COMM_ONLY,C0_DEFAULT,4096,4,4,1,2047.2,0.0,0.0,0.0
case424_comm_C0_DEFAULT_N4096_q4_rep4,COMM_ONLY,C0_DEFAULT,4096,4,4,2,3062.0,0.0,0.0,0.0
case424_comm_C0_DEFAULT_N4096_q4_rep4,COMM_ONLY,C0_DEFAULT,4096,4,4,3,4076.1,0.0,0.0,0.0
case425_comm_C0_DEFAULT_N4096_q4_rep5,COMM_ONLY,C0_DEFAULT,4096,4,5,0,1033.7,0.0,0.0,0.0
case425_comm_C0_DEFAULT_N4096_q4_rep5,COMM_ONLY,C0_DEFAULT,4096,4,5,1,2048.7,0.0,0.0,0.0
case425_comm_C0_DEFAULT_N4096_q4_rep5,COMM_ONLY,C0_DEFAULT,4096,4,5,2,3063.2,0.0,0.0,0.0
case425_comm_C0_DEFAULT_N4096_q4_rep5,COMM_ONLY,C0_DEFAULT,4096,4,5,3,4079.0,0.0,0.0,0.0
case426_comm_C2_RING_SIMPLE_CH8_N4096_q4_rep1,COMM_ONLY,C2_RING_SIMPLE_CH8,4096,4,1,0,1010.1,0.0,0.0,0.0
case426_comm_C2_RING_SIMPLE_CH8_N4096_q4_rep1,COMM_ONLY,C2_RING_SIMPLE_CH8,4096,4,1,1,2003.9,0.0,0.0,0.0
case426_comm_C2_RING_SIMPLE_CH8_N4096_q4_rep1,COMM_ONLY,C2_RING_SIMPLE_CH8,4096,4,1,2,2997.6,0.0,0.0,0.0
case426_comm_C2_RING_SIMPLE_CH8_N4096_q4_rep1,COMM_ONLY,C2_RING_SIMPLE_CH8,4096,4,1,3,3990.1,0.0,0.0,0.0
case427_comm_C2_RING_SIMPLE_CH8_N4096_q4_rep2,COMM_ONLY,C2_RING_SIMPLE_CH8,4096,4,2,0,1011.5,0.0,0.0,0.0
case427_comm_C2_RING_SIMPLE_CH8_N4096_q4_rep2,COMM_ONLY,C2_RING_SIMPLE_CH8,4096,4,2,1,2005.5,0.0,0.0,0.0
case427_comm_C2_RING_SIMPLE_CH8_N4096_q4_rep2,COMM_ONLY,C2_RING_SIMPLE_CH8,4096,4,2,2,2998.2,0.0,0.0,0.0
case427_comm_C2_RING_SIMPLE_CH8_N4096_q4_rep2,COMM_ONLY,C2_RING_SIMPLE_CH8,4096,4,2,3,3991.0,0.0,0.0,0.0
case428_comm_C2_RING_SIMPLE_CH8_N4096_q4_rep3,COMM_ONLY,C2_RING_SIMPLE_CH8,4096,4,3,0,1009.2,0.0,0.0,0.0
case428_comm_C2_RING_SIMPLE_CH8_N4096_q4_rep3,COMM_ONLY,C2_RING_SIMPLE_CH8,4096,4,3,1,2003.2,0.0,0.0,0.0
case428_comm_C2_RING_SIMPLE_CH8_N4096_q4_rep3,COMM_ONLY,C2_RING_SIMPLE_CH8,4096,4,3,2,2995.4,0.0,0.0,0.0
case428_comm_C2_RING_SIMPLE_CH8_N4096_q4_rep3,COMM_ONLY,C2_RING_SIMPLE_CH8,4096,4,3,3,3988.7,0.0,0.0,0.0
case429_comm_C2_RING_SIMPLE_CH8_N4096_q4_rep4,COMM_ONLY,C2_RING_SIMPLE_CH8,4096,4,4,0,1017.5,0.0,0.0,0.0
case429_comm_C2_RING_SIMPLE_CH8_N4096_q4_rep4,COMM_ONLY,C2_RING_SIMPLE_CH8,4096,4,4,1,2011.1,0.0,0.0,0.0
case429_comm_C2_RING_SIMPLE_CH8_N4096_q4_rep4,COMM_ONLY,C2_RING_SIMPLE_CH8,4096,4,4,2,3003.7,0.0,0.0,0.0
case429_comm_C2_RING_SIMPLE_CH8_N4096_q4_rep4,COMM_ONLY,C2_RING_SIMPLE_CH8,4096,4,4,3,3997.3,0.0,0.0,0.0
case430_comm_C2_RING_SIMPLE_CH8_N4096_q4_rep5,COMM_ONLY,C2_RING_SIMPLE_CH8,4096,4,5,0,1007.0,0.0,0.0,0.0
case430_comm_C2_RING_SIMPLE_CH8_N4096_q4_rep5,COMM_ONLY,C2_RING_SIMPLE_CH8,4096,4,5,1,1998.8,0.0,0.0,0.0
case430_comm_C2_RING_SIMPLE_CH8_N4096_q4_rep5,COMM_ONLY,C2_RING_SIMPLE_CH8,4096,4,5,2,2990.6,0.0,0.0,0.0
case430_comm_C2_RING_SIMPLE_CH8_N4096_q4_rep5,COMM_ONLY,C2_RING_SIMPLE_CH8,4096,4,5,3,3982.0,0.0,0.0,0.0
case431_gemm_C0_DEFAULT_N4096_q4_rep1,GEMM_ONLY,C0_DEFAULT,4096,4,1,0,0.0,260.1,1667.5,1410.9
case431_gemm_C0_DEFAULT_N4096_q4_rep1,GEMM_ONLY,C0_DEFAULT,4096,4,1,1,0.0,1673.2,3107.0,1437.8
case431_gemm_C0_DEFAULT_N4096_q4_rep1,GEMM_ONLY,C0_DEFAULT,4096,4,1,2,0.0,3113.1,4587.1,1478.5
case431_gemm_C0_DEFAULT_N4096_q4_rep1,GEMM_ONLY,C0_DEFAULT,4096,4,1,3,0.0,4593.4,6094.8,1508.3
case432_gemm_C0_DEFAULT_N4096_q4_rep2,GEMM_ONLY,C0_DEFAULT,4096,4,2,0,0.0,258.2,1667.7,1411.8
case432_gemm_C0_DEFAULT_N4096_q4_rep2,GEMM_ONLY,C0_DEFAULT,4096,4,2,1,0.0,1673.5,3107.0,1438.3
case432_gemm_C0_DEFAULT_N4096_q4_rep2,GEMM_ONLY,C0_DEFAULT,4096,4,2,2,0.0,3113.0,4585.0,1477.2
case432_gemm_C0_DEFAULT_N4096_q4_rep2,GEMM_ONLY,C0_DEFAULT,4096,4,2,3,0.0,4591.0,6094.3,1511.8
case433_gemm_C0_DEFAULT_N4096_q4_rep3,GEMM_ONLY,C0_DEFAULT,4096,4,3,0,0.0,257.9,1669.5,1411.0
case433_gemm_C0_DEFAULT_N4096_q4_rep3,GEMM_ONLY,C0_DEFAULT,4096,4,3,1,0.0,1675.4,3108.7,1438.5
case433_gemm_C0_DEFAULT_N4096_q4_rep3,GEMM_ONLY,C0_DEFAULT,4096,4,3,2,0.0,3114.7,4587.1,1476.7
case433_gemm_C0_DEFAULT_N4096_q4_rep3,GEMM_ONLY,C0_DEFAULT,4096,4,3,3,0.0,4593.2,6092.4,1508.0
case434_gemm_C0_DEFAULT_N4096_q4_rep4,GEMM_ONLY,C0_DEFAULT,4096,4,4,0,0.0,258.8,1668.5,1412.3
case434_gemm_C0_DEFAULT_N4096_q4_rep4,GEMM_ONLY,C0_DEFAULT,4096,4,4,1,0.0,1674.3,3108.9,1436.6
case434_gemm_C0_DEFAULT_N4096_q4_rep4,GEMM_ONLY,C0_DEFAULT,4096,4,4,2,0.0,3114.8,4585.7,1477.8
case434_gemm_C0_DEFAULT_N4096_q4_rep4,GEMM_ONLY,C0_DEFAULT,4096,4,4,3,0.0,4592.0,6098.3,1511.8
case435_gemm_C0_DEFAULT_N4096_q4_rep5,GEMM_ONLY,C0_DEFAULT,4096,4,5,0,0.0,258.8,1664.1,1408.2
case435_gemm_C0_DEFAULT_N4096_q4_rep5,GEMM_ONLY,C0_DEFAULT,4096,4,5,1,0.0,1669.7,3103.0,1435.4
case435_gemm_C0_DEFAULT_N4096_q4_rep5,GEMM_ONLY,C0_DEFAULT,4096,4,5,2,0.0,3108.9,4576.2,1474.4
case435_gemm_C0_DEFAULT_N4096_q4_rep5,GEMM_ONLY,C0_DEFAULT,4096,4,5,3,0.0,4583.3,6083.6,1504.7
case436_r0_C0_DEFAULT_N4096_q4_rep1,R0_FULL_SERIAL,C0_DEFAULT,4096,4,1,0,4064.7,4080.4,10826.0,6760.5
case437_r0_C0_DEFAULT_N4096_q4_rep2,R0_FULL_SERIAL,C0_DEFAULT,4096,4,2,0,4070.8,4087.4,10845.5,6764.1
case438_r0_C0_DEFAULT_N4096_q4_rep3,R0_FULL_SERIAL,C0_DEFAULT,4096,4,3,0,4073.5,4090.0,10849.4,6750.8
case439_r0_C0_DEFAULT_N4096_q4_rep4,R0_FULL_SERIAL,C0_DEFAULT,4096,4,4,0,4060.9,4076.9,10830.6,6763.8
case440_r0_C0_DEFAULT_N4096_q4_rep5,R0_FULL_SERIAL,C0_DEFAULT,4096,4,5,0,4066.0,4081.9,10804.0,6751.0
case441_rs_C0_DEFAULT_N4096_q4_rep1,RS_SLICE_SERIAL,C0_DEFAULT,4096,4,1,0,1067.9,1077.9,2451.7,1381.3
case441_rs_C0_DEFAULT_N4096_q4_rep1,RS_SLICE_SERIAL,C0_DEFAULT,4096,4,1,1,3501.9,3512.0,4890.0,1391.1
case441_rs_C0_DEFAULT_N4096_q4_rep1,RS_SLICE_SERIAL,C0_DEFAULT,4096,4,1,2,5935.3,5945.6,7326.9,1391.0
case441_rs_C0_DEFAULT_N4096_q4_rep1,RS_SLICE_SERIAL,C0_DEFAULT,4096,4,1,3,8375.9,8385.9,9766.7,1389.9
case442_rs_C0_DEFAULT_N4096_q4_rep2,RS_SLICE_SERIAL,C0_DEFAULT,4096,4,2,0,1064.7,1074.7,2449.1,1379.8
case442_rs_C0_DEFAULT_N4096_q4_rep2,RS_SLICE_SERIAL,C0_DEFAULT,4096,4,2,1,3496.6,3507.1,4886.5,1388.3
case442_rs_C0_DEFAULT_N4096_q4_rep2,RS_SLICE_SERIAL,C0_DEFAULT,4096,4,2,2,5932.9,5943.0,7323.5,1389.5
case442_rs_C0_DEFAULT_N4096_q4_rep2,RS_SLICE_SERIAL,C0_DEFAULT,4096,4,2,3,8370.5,8380.9,9766.5,1390.2
case443_rs_C0_DEFAULT_N4096_q4_rep3,RS_SLICE_SERIAL,C0_DEFAULT,4096,4,3,0,1065.7,1075.7,2451.3,1380.2
case443_rs_C0_DEFAULT_N4096_q4_rep3,RS_SLICE_SERIAL,C0_DEFAULT,4096,4,3,1,3496.2,3506.6,4888.0,1389.4
case443_rs_C0_DEFAULT_N4096_q4_rep3,RS_SLICE_SERIAL,C0_DEFAULT,4096,4,3,2,5934.9,5945.1,7325.8,1389.2
case443_rs_C0_DEFAULT_N4096_q4_rep3,RS_SLICE_SERIAL,C0_DEFAULT,4096,4,3,3,8370.4,8380.3,9761.7,1390.6
case444_rs_C0_DEFAULT_N4096_q4_rep4,RS_SLICE_SERIAL,C0_DEFAULT,4096,4,4,0,1069.7,1079.6,2453.7,1380.8
case444_rs_C0_DEFAULT_N4096_q4_rep4,RS_SLICE_SERIAL,C0_DEFAULT,4096,4,4,1,3500.4,3510.4,4890.2,1388.3
case444_rs_C0_DEFAULT_N4096_q4_rep4,RS_SLICE_SERIAL,C0_DEFAULT,4096,4,4,2,5934.9,5945.4,7327.6,1390.2
case444_rs_C0_DEFAULT_N4096_q4_rep4,RS_SLICE_SERIAL,C0_DEFAULT,4096,4,4,3,8375.2,8385.4,9767.7,1391.6
case445_rs_C0_DEFAULT_N4096_q4_rep5,RS_SLICE_SERIAL,C0_DEFAULT,4096,4,5,0,1067.9,1077.9,2453.5,1380.2
case445_rs_C0_DEFAULT_N4096_q4_rep5,RS_SLICE_SERIAL,C0_DEFAULT,4096,4,5,1,3500.8,3511.9,4888.4,1388.2
case445_rs_C0_DEFAULT_N4096_q4_rep5,RS_SLICE_SERIAL,C0_DEFAULT,4096,4,5,2,5934.5,5944.7,7324.3,1389.0
case445_rs_C0_DEFAULT_N4096_q4_rep5,RS_SLICE_SERIAL,C0_DEFAULT,4096,4,5,3,8372.7,8383.5,9765.1,1391.0
case446_r1_C0_DEFAULT_N4096_q4_rep1,R1_EVENT_OVERLAP,C0_DEFAULT,4096,4,1,0,1065.9,1076.3,3439.1,2366.8
case446_r1_C0_DEFAULT_N4096_q4_rep1,R1_EVENT_OVERLAP,C0_DEFAULT,4096,4,1,1,2450.4,3453.2,5408.1,2074.8
case446_r1_C0_DEFAULT_N4096_q4_rep1,R1_EVENT_OVERLAP,C0_DEFAULT,4096,4,1,2,3773.5,5419.5,6818.3,1429.0
case446_r1_C0_DEFAULT_N4096_q4_rep1,R1_EVENT_OVERLAP,C0_DEFAULT,4096,4,1,3,5094.3,6832.2,8258.4,1461.9
case447_r1_C0_DEFAULT_N4096_q4_rep2,R1_EVENT_OVERLAP,C0_DEFAULT,4096,4,2,0,1066.1,1076.5,3481.3,2417.5
case447_r1_C0_DEFAULT_N4096_q4_rep2,R1_EVENT_OVERLAP,C0_DEFAULT,4096,4,2,1,2447.9,3492.8,5442.5,2074.0
case447_r1_C0_DEFAULT_N4096_q4_rep2,R1_EVENT_OVERLAP,C0_DEFAULT,4096,4,2,2,3774.1,5455.4,6861.5,1429.5
case447_r1_C0_DEFAULT_N4096_q4_rep2,R1_EVENT_OVERLAP,C0_DEFAULT,4096,4,2,3,5099.4,6873.1,8315.1,1460.2
case448_r1_C0_DEFAULT_N4096_q4_rep3,R1_EVENT_OVERLAP,C0_DEFAULT,4096,4,3,0,1061.9,1071.6,3458.0,2392.3
case448_r1_C0_DEFAULT_N4096_q4_rep3,R1_EVENT_OVERLAP,C0_DEFAULT,4096,4,3,1,2447.5,3471.2,5429.2,2079.2
case448_r1_C0_DEFAULT_N4096_q4_rep3,R1_EVENT_OVERLAP,C0_DEFAULT,4096,4,3,2,3771.6,5440.9,6836.6,1429.0
case448_r1_C0_DEFAULT_N4096_q4_rep3,R1_EVENT_OVERLAP,C0_DEFAULT,4096,4,3,3,5067.4,6849.6,8266.9,1459.8
case449_r1_C0_DEFAULT_N4096_q4_rep4,R1_EVENT_OVERLAP,C0_DEFAULT,4096,4,4,0,1064.6,1074.8,3444.2,2374.2
case449_r1_C0_DEFAULT_N4096_q4_rep4,R1_EVENT_OVERLAP,C0_DEFAULT,4096,4,4,1,2447.1,3458.7,5420.5,2072.1
case449_r1_C0_DEFAULT_N4096_q4_rep4,R1_EVENT_OVERLAP,C0_DEFAULT,4096,4,4,2,3772.7,5432.0,6835.5,1430.0
case449_r1_C0_DEFAULT_N4096_q4_rep4,R1_EVENT_OVERLAP,C0_DEFAULT,4096,4,4,3,5087.7,6848.5,8293.5,1461.0
case450_r1_C0_DEFAULT_N4096_q4_rep5,R1_EVENT_OVERLAP,C0_DEFAULT,4096,4,5,0,1060.5,1071.1,3428.4,2364.8
case450_r1_C0_DEFAULT_N4096_q4_rep5,R1_EVENT_OVERLAP,C0_DEFAULT,4096,4,5,1,2446.0,3444.1,5403.5,2075.1
case450_r1_C0_DEFAULT_N4096_q4_rep5,R1_EVENT_OVERLAP,C0_DEFAULT,4096,4,5,2,3768.8,5415.1,6811.3,1427.0
case450_r1_C0_DEFAULT_N4096_q4_rep5,R1_EVENT_OVERLAP,C0_DEFAULT,4096,4,5,3,5082.4,6824.5,8256.9,1459.4
case451_r1_C2_RING_SIMPLE_CH8_N4096_q4_rep1,R1_EVENT_OVERLAP,C2_RING_SIMPLE_CH8,4096,4,1,0,1036.8,1047.0,3467.3,2429.8
case451_r1_C2_RING_SIMPLE_CH8_N4096_q4_rep1,R1_EVENT_OVERLAP,C2_RING_SIMPLE_CH8,4096,4,1,1,2183.7,3506.2,5361.8,1870.5
case451_r1_C2_RING_SIMPLE_CH8_N4096_q4_rep1,R1_EVENT_OVERLAP,C2_RING_SIMPLE_CH8,4096,4,1,2,3210.4,5373.5,6790.3,1420.8
case451_r1_C2_RING_SIMPLE_CH8_N4096_q4_rep1,R1_EVENT_OVERLAP,C2_RING_SIMPLE_CH8,4096,4,1,3,4338.4,6802.2,8258.1,1461.5
case452_r1_C2_RING_SIMPLE_CH8_N4096_q4_rep2,R1_EVENT_OVERLAP,C2_RING_SIMPLE_CH8,4096,4,2,0,1036.5,1046.8,3470.0,2430.8
case452_r1_C2_RING_SIMPLE_CH8_N4096_q4_rep2,R1_EVENT_OVERLAP,C2_RING_SIMPLE_CH8,4096,4,2,1,2185.2,3508.4,5359.2,1871.0
case452_r1_C2_RING_SIMPLE_CH8_N4096_q4_rep2,R1_EVENT_OVERLAP,C2_RING_SIMPLE_CH8,4096,4,2,2,3209.5,5370.9,6787.7,1420.0
case452_r1_C2_RING_SIMPLE_CH8_N4096_q4_rep2,R1_EVENT_OVERLAP,C2_RING_SIMPLE_CH8,4096,4,2,3,4337.8,6799.9,8256.3,1460.6
case453_r1_C2_RING_SIMPLE_CH8_N4096_q4_rep3,R1_EVENT_OVERLAP,C2_RING_SIMPLE_CH8,4096,4,3,0,1041.4,1051.8,3477.0,2429.6
case453_r1_C2_RING_SIMPLE_CH8_N4096_q4_rep3,R1_EVENT_OVERLAP,C2_RING_SIMPLE_CH8,4096,4,3,1,2188.4,3514.4,5363.2,1868.1
case453_r1_C2_RING_SIMPLE_CH8_N4096_q4_rep3,R1_EVENT_OVERLAP,C2_RING_SIMPLE_CH8,4096,4,3,2,3214.3,5374.7,6788.6,1422.4
case453_r1_C2_RING_SIMPLE_CH8_N4096_q4_rep3,R1_EVENT_OVERLAP,C2_RING_SIMPLE_CH8,4096,4,3,3,4340.3,6800.3,8256.6,1458.4
case454_r1_C2_RING_SIMPLE_CH8_N4096_q4_rep4,R1_EVENT_OVERLAP,C2_RING_SIMPLE_CH8,4096,4,4,0,1038.3,1048.3,3468.0,2428.4
case454_r1_C2_RING_SIMPLE_CH8_N4096_q4_rep4,R1_EVENT_OVERLAP,C2_RING_SIMPLE_CH8,4096,4,4,1,2185.2,3508.0,5358.9,1870.1
case454_r1_C2_RING_SIMPLE_CH8_N4096_q4_rep4,R1_EVENT_OVERLAP,C2_RING_SIMPLE_CH8,4096,4,4,2,3210.0,5370.4,6784.4,1418.0
case454_r1_C2_RING_SIMPLE_CH8_N4096_q4_rep4,R1_EVENT_OVERLAP,C2_RING_SIMPLE_CH8,4096,4,4,3,4338.1,6796.4,8252.1,1462.2
case455_r1_C2_RING_SIMPLE_CH8_N4096_q4_rep5,R1_EVENT_OVERLAP,C2_RING_SIMPLE_CH8,4096,4,5,0,1037.2,1047.6,3473.6,2431.1
case455_r1_C2_RING_SIMPLE_CH8_N4096_q4_rep5,R1_EVENT_OVERLAP,C2_RING_SIMPLE_CH8,4096,4,5,1,2186.3,3511.0,5360.0,1869.9
case455_r1_C2_RING_SIMPLE_CH8_N4096_q4_rep5,R1_EVENT_OVERLAP,C2_RING_SIMPLE_CH8,4096,4,5,2,3210.5,5372.3,6788.7,1420.7
case455_r1_C2_RING_SIMPLE_CH8_N4096_q4_rep5,R1_EVENT_OVERLAP,C2_RING_SIMPLE_CH8,4096,4,5,3,4338.2,6800.7,8255.7,1460.2
case456_fc_C0_DEFAULT_N4096_q4_rep1,FC_FCOLLECT_ONLY,C0_DEFAULT,4096,4,1,0,11605.7,0.0,0.0,0.0
case457_fc_C0_DEFAULT_N4096_q4_rep2,FC_FCOLLECT_ONLY,C0_DEFAULT,4096,4,2,0,11587.0,0.0,0.0,0.0
case458_fc_C0_DEFAULT_N4096_q4_rep3,FC_FCOLLECT_ONLY,C0_DEFAULT,4096,4,3,0,11592.0,0.0,0.0,0.0
case459_fc_C0_DEFAULT_N4096_q4_rep4,FC_FCOLLECT_ONLY,C0_DEFAULT,4096,4,4,0,11597.8,0.0,0.0,0.0
case460_fc_C0_DEFAULT_N4096_q4_rep5,FC_FCOLLECT_ONLY,C0_DEFAULT,4096,4,5,0,11595.0,0.0,0.0,0.0
case461_dc_C0_DEFAULT_N4096_q4_rep1,DC_PUSHSIG_ONLY,C0_DEFAULT,4096,4,1,0,2665.0,0.0,0.0,0.0
case461_dc_C0_DEFAULT_N4096_q4_rep1,DC_PUSHSIG_ONLY,C0_DEFAULT,4096,4,1,1,3767.0,0.0,0.0,0.0
case461_dc_C0_DEFAULT_N4096_q4_rep1,DC_PUSHSIG_ONLY,C0_DEFAULT,4096,4,1,2,6472.2,0.0,0.0,0.0
case461_dc_C0_DEFAULT_N4096_q4_rep1,DC_PUSHSIG_ONLY,C0_DEFAULT,4096,4,1,3,7551.2,0.0,0.0,0.0
case462_dc_C0_DEFAULT_N4096_q4_rep2,DC_PUSHSIG_ONLY,C0_DEFAULT,4096,4,2,0,2670.3,0.0,0.0,0.0
case462_dc_C0_DEFAULT_N4096_q4_rep2,DC_PUSHSIG_ONLY,C0_DEFAULT,4096,4,2,1,3768.1,0.0,0.0,0.0
case462_dc_C0_DEFAULT_N4096_q4_rep2,DC_PUSHSIG_ONLY,C0_DEFAULT,4096,4,2,2,6508.1,0.0,0.0,0.0
case462_dc_C0_DEFAULT_N4096_q4_rep2,DC_PUSHSIG_ONLY,C0_DEFAULT,4096,4,2,3,7583.6,0.0,0.0,0.0
case463_dc_C0_DEFAULT_N4096_q4_rep3,DC_PUSHSIG_ONLY,C0_DEFAULT,4096,4,3,0,2675.7,0.0,0.0,0.0
case463_dc_C0_DEFAULT_N4096_q4_rep3,DC_PUSHSIG_ONLY,C0_DEFAULT,4096,4,3,1,3767.6,0.0,0.0,0.0
case463_dc_C0_DEFAULT_N4096_q4_rep3,DC_PUSHSIG_ONLY,C0_DEFAULT,4096,4,3,2,6481.6,0.0,0.0,0.0
case463_dc_C0_DEFAULT_N4096_q4_rep3,DC_PUSHSIG_ONLY,C0_DEFAULT,4096,4,3,3,7553.9,0.0,0.0,0.0
case464_dc_C0_DEFAULT_N4096_q4_rep4,DC_PUSHSIG_ONLY,C0_DEFAULT,4096,4,4,0,2656.1,0.0,0.0,0.0
case464_dc_C0_DEFAULT_N4096_q4_rep4,DC_PUSHSIG_ONLY,C0_DEFAULT,4096,4,4,1,3760.5,0.0,0.0,0.0
case464_dc_C0_DEFAULT_N4096_q4_rep4,DC_PUSHSIG_ONLY,C0_DEFAULT,4096,4,4,2,6396.6,0.0,0.0,0.0
case464_dc_C0_DEFAULT_N4096_q4_rep4,DC_PUSHSIG_ONLY,C0_DEFAULT,4096,4,4,3,7488.1,0.0,0.0,0.0
case465_dc_C0_DEFAULT_N4096_q4_rep5,DC_PUSHSIG_ONLY,C0_DEFAULT,4096,4,5,0,2677.5,0.0,0.0,0.0
case465_dc_C0_DEFAULT_N4096_q4_rep5,DC_PUSHSIG_ONLY,C0_DEFAULT,4096,4,5,1,3766.4,0.0,0.0,0.0
case465_dc_C0_DEFAULT_N4096_q4_rep5,DC_PUSHSIG_ONLY,C0_DEFAULT,4096,4,5,2,6532.4,0.0,0.0,0.0
case465_dc_C0_DEFAULT_N4096_q4_rep5,DC_PUSHSIG_ONLY,C0_DEFAULT,4096,4,5,3,7612.3,0.0,0.0,0.0
case466_d0_C0_DEFAULT_N4096_q4_rep1,D0_FCOLLECT_SERIAL,C0_DEFAULT,4096,4,1,0,11584.7,11600.8,18353.8,6745.5
case467_d0_C0_DEFAULT_N4096_q4_rep2,D0_FCOLLECT_SERIAL,C0_DEFAULT,4096,4,2,0,11563.9,11580.7,18338.8,6737.7
case468_d0_C0_DEFAULT_N4096_q4_rep3,D0_FCOLLECT_SERIAL,C0_DEFAULT,4096,4,3,0,11585.0,11601.0,18368.9,6755.4
case469_d0_C0_DEFAULT_N4096_q4_rep4,D0_FCOLLECT_SERIAL,C0_DEFAULT,4096,4,4,0,11543.4,11559.6,18327.4,6770.4
case470_d0_C0_DEFAULT_N4096_q4_rep5,D0_FCOLLECT_SERIAL,C0_DEFAULT,4096,4,5,0,11589.8,11606.0,18352.1,6754.7
case471_ds_C0_DEFAULT_N4096_q4_rep1,DS_PUSHSIG_SERIAL,C0_DEFAULT,4096,4,1,0,7546.5,7552.1,8946.5,1404.4
case471_ds_C0_DEFAULT_N4096_q4_rep1,DS_PUSHSIG_SERIAL,C0_DEFAULT,4096,4,1,1,9026.4,9032.0,10414.8,1400.6
case471_ds_C0_DEFAULT_N4096_q4_rep1,DS_PUSHSIG_SERIAL,C0_DEFAULT,4096,4,1,2,10502.3,10507.7,11888.0,1402.1
case471_ds_C0_DEFAULT_N4096_q4_rep1,DS_PUSHSIG_SERIAL,C0_DEFAULT,4096,4,1,3,11974.6,11980.2,13370.9,1400.6
case472_ds_C0_DEFAULT_N4096_q4_rep2,DS_PUSHSIG_SERIAL,C0_DEFAULT,4096,4,2,0,7541.0,7546.6,8942.6,1407.1
case472_ds_C0_DEFAULT_N4096_q4_rep2,DS_PUSHSIG_SERIAL,C0_DEFAULT,4096,4,2,1,9023.4,9028.9,10419.0,1401.4
case472_ds_C0_DEFAULT_N4096_q4_rep2,DS_PUSHSIG_SERIAL,C0_DEFAULT,4096,4,2,2,10504.1,10509.7,11902.3,1405.8
case472_ds_C0_DEFAULT_N4096_q4_rep2,DS_PUSHSIG_SERIAL,C0_DEFAULT,4096,4,2,3,11983.2,11988.8,13383.0,1405.0
case473_ds_C0_DEFAULT_N4096_q4_rep3,DS_PUSHSIG_SERIAL,C0_DEFAULT,4096,4,3,0,7531.4,7536.9,8934.1,1409.4
case473_ds_C0_DEFAULT_N4096_q4_rep3,DS_PUSHSIG_SERIAL,C0_DEFAULT,4096,4,3,1,9014.8,9020.4,10416.3,1403.1
case473_ds_C0_DEFAULT_N4096_q4_rep3,DS_PUSHSIG_SERIAL,C0_DEFAULT,4096,4,3,2,10500.2,10505.8,11890.3,1401.7
case473_ds_C0_DEFAULT_N4096_q4_rep3,DS_PUSHSIG_SERIAL,C0_DEFAULT,4096,4,3,3,11975.1,11980.6,13378.7,1407.0
case474_ds_C0_DEFAULT_N4096_q4_rep4,DS_PUSHSIG_SERIAL,C0_DEFAULT,4096,4,4,0,7533.6,7539.0,8920.7,1404.2
case474_ds_C0_DEFAULT_N4096_q4_rep4,DS_PUSHSIG_SERIAL,C0_DEFAULT,4096,4,4,1,8996.9,9002.5,10382.8,1397.1
case474_ds_C0_DEFAULT_N4096_q4_rep4,DS_PUSHSIG_SERIAL,C0_DEFAULT,4096,4,4,2,10464.5,10470.0,11849.0,1399.6
case474_ds_C0_DEFAULT_N4096_q4_rep4,DS_PUSHSIG_SERIAL,C0_DEFAULT,4096,4,4,3,11930.7,11940.9,13324.3,1399.8
case475_ds_C0_DEFAULT_N4096_q4_rep5,DS_PUSHSIG_SERIAL,C0_DEFAULT,4096,4,5,0,7572.8,7578.3,8974.8,1404.2
case475_ds_C0_DEFAULT_N4096_q4_rep5,DS_PUSHSIG_SERIAL,C0_DEFAULT,4096,4,5,1,9062.9,9068.6,10451.9,1401.4
case475_ds_C0_DEFAULT_N4096_q4_rep5,DS_PUSHSIG_SERIAL,C0_DEFAULT,4096,4,5,2,10541.5,10546.9,11927.8,1398.7
case475_ds_C0_DEFAULT_N4096_q4_rep5,DS_PUSHSIG_SERIAL,C0_DEFAULT,4096,4,5,3,12011.8,12017.3,13399.0,1402.8
case476_d1_C0_DEFAULT_N4096_q4_rep1,D1_PUSHSIG_OVERLAP,C0_DEFAULT,4096,4,1,0,7549.3,7554.9,8951.4,1406.6
case476_d1_C0_DEFAULT_N4096_q4_rep1,D1_PUSHSIG_OVERLAP,C0_DEFAULT,4096,4,1,1,9040.5,9045.8,10440.8,1405.1
case476_d1_C0_DEFAULT_N4096_q4_rep1,D1_PUSHSIG_OVERLAP,C0_DEFAULT,4096,4,1,2,10518.1,10523.7,11913.9,1404.7
case476_d1_C0_DEFAULT_N4096_q4_rep1,D1_PUSHSIG_OVERLAP,C0_DEFAULT,4096,4,1,3,11992.9,11998.5,13389.6,1405.4
case477_d1_C0_DEFAULT_N4096_q4_rep2,D1_PUSHSIG_OVERLAP,C0_DEFAULT,4096,4,2,0,7533.1,7538.6,8936.8,1403.8
case477_d1_C0_DEFAULT_N4096_q4_rep2,D1_PUSHSIG_OVERLAP,C0_DEFAULT,4096,4,2,1,9021.8,9027.4,10416.2,1402.1
case477_d1_C0_DEFAULT_N4096_q4_rep2,D1_PUSHSIG_OVERLAP,C0_DEFAULT,4096,4,2,2,10496.3,10501.8,11887.7,1399.8
case477_d1_C0_DEFAULT_N4096_q4_rep2,D1_PUSHSIG_OVERLAP,C0_DEFAULT,4096,4,2,3,11973.3,11978.9,13360.2,1403.4
case478_d1_C0_DEFAULT_N4096_q4_rep3,D1_PUSHSIG_OVERLAP,C0_DEFAULT,4096,4,3,0,7538.8,7544.5,8938.2,1403.8
case478_d1_C0_DEFAULT_N4096_q4_rep3,D1_PUSHSIG_OVERLAP,C0_DEFAULT,4096,4,3,1,9016.5,9021.8,10407.2,1396.6
case478_d1_C0_DEFAULT_N4096_q4_rep3,D1_PUSHSIG_OVERLAP,C0_DEFAULT,4096,4,3,2,10482.0,10487.6,11878.1,1400.6
case478_d1_C0_DEFAULT_N4096_q4_rep3,D1_PUSHSIG_OVERLAP,C0_DEFAULT,4096,4,3,3,11965.4,11971.0,13352.3,1400.9
case479_d1_C0_DEFAULT_N4096_q4_rep4,D1_PUSHSIG_OVERLAP,C0_DEFAULT,4096,4,4,0,7530.4,7535.9,8924.8,1403.6
case479_d1_C0_DEFAULT_N4096_q4_rep4,D1_PUSHSIG_OVERLAP,C0_DEFAULT,4096,4,4,1,9014.5,9020.1,10397.2,1398.6
case479_d1_C0_DEFAULT_N4096_q4_rep4,D1_PUSHSIG_OVERLAP,C0_DEFAULT,4096,4,4,2,10480.7,10486.2,11885.4,1402.6
case479_d1_C0_DEFAULT_N4096_q4_rep4,D1_PUSHSIG_OVERLAP,C0_DEFAULT,4096,4,4,3,11970.5,11976.1,13368.1,1401.9
case480_d1_C0_DEFAULT_N4096_q4_rep5,D1_PUSHSIG_OVERLAP,C0_DEFAULT,4096,4,5,0,7540.6,7546.1,8950.9,1405.9
case480_d1_C0_DEFAULT_N4096_q4_rep5,D1_PUSHSIG_OVERLAP,C0_DEFAULT,4096,4,5,1,9030.1,9035.7,10433.1,1397.8
case480_d1_C0_DEFAULT_N4096_q4_rep5,D1_PUSHSIG_OVERLAP,C0_DEFAULT,4096,4,5,2,10515.2,10520.8,11907.0,1405.9
case480_d1_C0_DEFAULT_N4096_q4_rep5,D1_PUSHSIG_OVERLAP,C0_DEFAULT,4096,4,5,3,11982.2,11987.7,13385.4,1406.5
case481_comm_C0_DEFAULT_N4096_q8_rep1,COMM_ONLY,C0_DEFAULT,4096,8,1,0,547.3,0.0,0.0,0.0
case481_comm_C0_DEFAULT_N4096_q8_rep1,COMM_ONLY,C0_DEFAULT,4096,8,1,1,1074.3,0.0,0.0,0.0
case481_comm_C0_DEFAULT_N4096_q8_rep1,COMM_ONLY,C0_DEFAULT,4096,8,1,2,1600.6,0.0,0.0,0.0
case481_comm_C0_DEFAULT_N4096_q8_rep1,COMM_ONLY,C0_DEFAULT,4096,8,1,3,2127.2,0.0,0.0,0.0
case481_comm_C0_DEFAULT_N4096_q8_rep1,COMM_ONLY,C0_DEFAULT,4096,8,1,4,2653.0,0.0,0.0,0.0
case481_comm_C0_DEFAULT_N4096_q8_rep1,COMM_ONLY,C0_DEFAULT,4096,8,1,5,3179.8,0.0,0.0,0.0
case481_comm_C0_DEFAULT_N4096_q8_rep1,COMM_ONLY,C0_DEFAULT,4096,8,1,6,3706.0,0.0,0.0,0.0
case481_comm_C0_DEFAULT_N4096_q8_rep1,COMM_ONLY,C0_DEFAULT,4096,8,1,7,4232.5,0.0,0.0,0.0
case482_comm_C0_DEFAULT_N4096_q8_rep2,COMM_ONLY,C0_DEFAULT,4096,8,2,0,547.6,0.0,0.0,0.0
case482_comm_C0_DEFAULT_N4096_q8_rep2,COMM_ONLY,C0_DEFAULT,4096,8,2,1,1074.5,0.0,0.0,0.0
case482_comm_C0_DEFAULT_N4096_q8_rep2,COMM_ONLY,C0_DEFAULT,4096,8,2,2,1600.2,0.0,0.0,0.0
case482_comm_C0_DEFAULT_N4096_q8_rep2,COMM_ONLY,C0_DEFAULT,4096,8,2,3,2126.7,0.0,0.0,0.0
case482_comm_C0_DEFAULT_N4096_q8_rep2,COMM_ONLY,C0_DEFAULT,4096,8,2,4,2652.9,0.0,0.0,0.0
case482_comm_C0_DEFAULT_N4096_q8_rep2,COMM_ONLY,C0_DEFAULT,4096,8,2,5,3178.7,0.0,0.0,0.0
case482_comm_C0_DEFAULT_N4096_q8_rep2,COMM_ONLY,C0_DEFAULT,4096,8,2,6,3705.0,0.0,0.0,0.0
case482_comm_C0_DEFAULT_N4096_q8_rep2,COMM_ONLY,C0_DEFAULT,4096,8,2,7,4231.0,0.0,0.0,0.0
case483_comm_C0_DEFAULT_N4096_q8_rep3,COMM_ONLY,C0_DEFAULT,4096,8,3,0,548.6,0.0,0.0,0.0
case483_comm_C0_DEFAULT_N4096_q8_rep3,COMM_ONLY,C0_DEFAULT,4096,8,3,1,1075.1,0.0,0.0,0.0
case483_comm_C0_DEFAULT_N4096_q8_rep3,COMM_ONLY,C0_DEFAULT,4096,8,3,2,1603.0,0.0,0.0,0.0
case483_comm_C0_DEFAULT_N4096_q8_rep3,COMM_ONLY,C0_DEFAULT,4096,8,3,3,2129.9,0.0,0.0,0.0
case483_comm_C0_DEFAULT_N4096_q8_rep3,COMM_ONLY,C0_DEFAULT,4096,8,3,4,2656.3,0.0,0.0,0.0
case483_comm_C0_DEFAULT_N4096_q8_rep3,COMM_ONLY,C0_DEFAULT,4096,8,3,5,3182.5,0.0,0.0,0.0
case483_comm_C0_DEFAULT_N4096_q8_rep3,COMM_ONLY,C0_DEFAULT,4096,8,3,6,3709.6,0.0,0.0,0.0
case483_comm_C0_DEFAULT_N4096_q8_rep3,COMM_ONLY,C0_DEFAULT,4096,8,3,7,4235.5,0.0,0.0,0.0
case484_comm_C0_DEFAULT_N4096_q8_rep4,COMM_ONLY,C0_DEFAULT,4096,8,4,0,548.0,0.0,0.0,0.0
case484_comm_C0_DEFAULT_N4096_q8_rep4,COMM_ONLY,C0_DEFAULT,4096,8,4,1,1075.0,0.0,0.0,0.0
case484_comm_C0_DEFAULT_N4096_q8_rep4,COMM_ONLY,C0_DEFAULT,4096,8,4,2,1601.3,0.0,0.0,0.0
case484_comm_C0_DEFAULT_N4096_q8_rep4,COMM_ONLY,C0_DEFAULT,4096,8,4,3,2127.9,0.0,0.0,0.0
case484_comm_C0_DEFAULT_N4096_q8_rep4,COMM_ONLY,C0_DEFAULT,4096,8,4,4,2654.1,0.0,0.0,0.0
case484_comm_C0_DEFAULT_N4096_q8_rep4,COMM_ONLY,C0_DEFAULT,4096,8,4,5,3180.7,0.0,0.0,0.0
case484_comm_C0_DEFAULT_N4096_q8_rep4,COMM_ONLY,C0_DEFAULT,4096,8,4,6,3706.4,0.0,0.0,0.0
case484_comm_C0_DEFAULT_N4096_q8_rep4,COMM_ONLY,C0_DEFAULT,4096,8,4,7,4232.9,0.0,0.0,0.0
case485_comm_C0_DEFAULT_N4096_q8_rep5,COMM_ONLY,C0_DEFAULT,4096,8,5,0,548.4,0.0,0.0,0.0
case485_comm_C0_DEFAULT_N4096_q8_rep5,COMM_ONLY,C0_DEFAULT,4096,8,5,1,1075.3,0.0,0.0,0.0
case485_comm_C0_DEFAULT_N4096_q8_rep5,COMM_ONLY,C0_DEFAULT,4096,8,5,2,1601.9,0.0,0.0,0.0
case485_comm_C0_DEFAULT_N4096_q8_rep5,COMM_ONLY,C0_DEFAULT,4096,8,5,3,2128.3,0.0,0.0,0.0
case485_comm_C0_DEFAULT_N4096_q8_rep5,COMM_ONLY,C0_DEFAULT,4096,8,5,4,2654.2,0.0,0.0,0.0
case485_comm_C0_DEFAULT_N4096_q8_rep5,COMM_ONLY,C0_DEFAULT,4096,8,5,5,3181.0,0.0,0.0,0.0
case485_comm_C0_DEFAULT_N4096_q8_rep5,COMM_ONLY,C0_DEFAULT,4096,8,5,6,3708.2,0.0,0.0,0.0
case485_comm_C0_DEFAULT_N4096_q8_rep5,COMM_ONLY,C0_DEFAULT,4096,8,5,7,4234.1,0.0,0.0,0.0
case486_comm_C2_RING_SIMPLE_CH8_N4096_q8_rep1,COMM_ONLY,C2_RING_SIMPLE_CH8,4096,8,1,0,536.2,0.0,0.0,0.0
case486_comm_C2_RING_SIMPLE_CH8_N4096_q8_rep1,COMM_ONLY,C2_RING_SIMPLE_CH8,4096,8,1,1,1054.0,0.0,0.0,0.0
case486_comm_C2_RING_SIMPLE_CH8_N4096_q8_rep1,COMM_ONLY,C2_RING_SIMPLE_CH8,4096,8,1,2,1571.2,0.0,0.0,0.0
case486_comm_C2_RING_SIMPLE_CH8_N4096_q8_rep1,COMM_ONLY,C2_RING_SIMPLE_CH8,4096,8,1,3,2088.9,0.0,0.0,0.0
case486_comm_C2_RING_SIMPLE_CH8_N4096_q8_rep1,COMM_ONLY,C2_RING_SIMPLE_CH8,4096,8,1,4,2606.6,0.0,0.0,0.0
case486_comm_C2_RING_SIMPLE_CH8_N4096_q8_rep1,COMM_ONLY,C2_RING_SIMPLE_CH8,4096,8,1,5,3124.8,0.0,0.0,0.0
case486_comm_C2_RING_SIMPLE_CH8_N4096_q8_rep1,COMM_ONLY,C2_RING_SIMPLE_CH8,4096,8,1,6,3642.4,0.0,0.0,0.0
case486_comm_C2_RING_SIMPLE_CH8_N4096_q8_rep1,COMM_ONLY,C2_RING_SIMPLE_CH8,4096,8,1,7,4159.9,0.0,0.0,0.0
case487_comm_C2_RING_SIMPLE_CH8_N4096_q8_rep2,COMM_ONLY,C2_RING_SIMPLE_CH8,4096,8,2,0,536.9,0.0,0.0,0.0
case487_comm_C2_RING_SIMPLE_CH8_N4096_q8_rep2,COMM_ONLY,C2_RING_SIMPLE_CH8,4096,8,2,1,1054.7,0.0,0.0,0.0
case487_comm_C2_RING_SIMPLE_CH8_N4096_q8_rep2,COMM_ONLY,C2_RING_SIMPLE_CH8,4096,8,2,2,1573.2,0.0,0.0,0.0
case487_comm_C2_RING_SIMPLE_CH8_N4096_q8_rep2,COMM_ONLY,C2_RING_SIMPLE_CH8,4096,8,2,3,2091.9,0.0,0.0,0.0
case487_comm_C2_RING_SIMPLE_CH8_N4096_q8_rep2,COMM_ONLY,C2_RING_SIMPLE_CH8,4096,8,2,4,2609.3,0.0,0.0,0.0
case487_comm_C2_RING_SIMPLE_CH8_N4096_q8_rep2,COMM_ONLY,C2_RING_SIMPLE_CH8,4096,8,2,5,3128.0,0.0,0.0,0.0
case487_comm_C2_RING_SIMPLE_CH8_N4096_q8_rep2,COMM_ONLY,C2_RING_SIMPLE_CH8,4096,8,2,6,3645.0,0.0,0.0,0.0
case487_comm_C2_RING_SIMPLE_CH8_N4096_q8_rep2,COMM_ONLY,C2_RING_SIMPLE_CH8,4096,8,2,7,4162.7,0.0,0.0,0.0
case488_comm_C2_RING_SIMPLE_CH8_N4096_q8_rep3,COMM_ONLY,C2_RING_SIMPLE_CH8,4096,8,3,0,535.3,0.0,0.0,0.0
case488_comm_C2_RING_SIMPLE_CH8_N4096_q8_rep3,COMM_ONLY,C2_RING_SIMPLE_CH8,4096,8,3,1,1053.3,0.0,0.0,0.0
case488_comm_C2_RING_SIMPLE_CH8_N4096_q8_rep3,COMM_ONLY,C2_RING_SIMPLE_CH8,4096,8,3,2,1571.1,0.0,0.0,0.0
case488_comm_C2_RING_SIMPLE_CH8_N4096_q8_rep3,COMM_ONLY,C2_RING_SIMPLE_CH8,4096,8,3,3,2089.0,0.0,0.0,0.0
case488_comm_C2_RING_SIMPLE_CH8_N4096_q8_rep3,COMM_ONLY,C2_RING_SIMPLE_CH8,4096,8,3,4,2607.1,0.0,0.0,0.0
case488_comm_C2_RING_SIMPLE_CH8_N4096_q8_rep3,COMM_ONLY,C2_RING_SIMPLE_CH8,4096,8,3,5,3124.8,0.0,0.0,0.0
case488_comm_C2_RING_SIMPLE_CH8_N4096_q8_rep3,COMM_ONLY,C2_RING_SIMPLE_CH8,4096,8,3,6,3642.3,0.0,0.0,0.0
case488_comm_C2_RING_SIMPLE_CH8_N4096_q8_rep3,COMM_ONLY,C2_RING_SIMPLE_CH8,4096,8,3,7,4159.9,0.0,0.0,0.0
case489_comm_C2_RING_SIMPLE_CH8_N4096_q8_rep4,COMM_ONLY,C2_RING_SIMPLE_CH8,4096,8,4,0,536.3,0.0,0.0,0.0
case489_comm_C2_RING_SIMPLE_CH8_N4096_q8_rep4,COMM_ONLY,C2_RING_SIMPLE_CH8,4096,8,4,1,1053.8,0.0,0.0,0.0
case489_comm_C2_RING_SIMPLE_CH8_N4096_q8_rep4,COMM_ONLY,C2_RING_SIMPLE_CH8,4096,8,4,2,1571.4,0.0,0.0,0.0
case489_comm_C2_RING_SIMPLE_CH8_N4096_q8_rep4,COMM_ONLY,C2_RING_SIMPLE_CH8,4096,8,4,3,2089.1,0.0,0.0,0.0
case489_comm_C2_RING_SIMPLE_CH8_N4096_q8_rep4,COMM_ONLY,C2_RING_SIMPLE_CH8,4096,8,4,4,2606.6,0.0,0.0,0.0
case489_comm_C2_RING_SIMPLE_CH8_N4096_q8_rep4,COMM_ONLY,C2_RING_SIMPLE_CH8,4096,8,4,5,3124.5,0.0,0.0,0.0
case489_comm_C2_RING_SIMPLE_CH8_N4096_q8_rep4,COMM_ONLY,C2_RING_SIMPLE_CH8,4096,8,4,6,3641.7,0.0,0.0,0.0
case489_comm_C2_RING_SIMPLE_CH8_N4096_q8_rep4,COMM_ONLY,C2_RING_SIMPLE_CH8,4096,8,4,7,4159.4,0.0,0.0,0.0
case490_comm_C2_RING_SIMPLE_CH8_N4096_q8_rep5,COMM_ONLY,C2_RING_SIMPLE_CH8,4096,8,5,0,535.6,0.0,0.0,0.0
case490_comm_C2_RING_SIMPLE_CH8_N4096_q8_rep5,COMM_ONLY,C2_RING_SIMPLE_CH8,4096,8,5,1,1053.3,0.0,0.0,0.0
case490_comm_C2_RING_SIMPLE_CH8_N4096_q8_rep5,COMM_ONLY,C2_RING_SIMPLE_CH8,4096,8,5,2,1571.1,0.0,0.0,0.0
case490_comm_C2_RING_SIMPLE_CH8_N4096_q8_rep5,COMM_ONLY,C2_RING_SIMPLE_CH8,4096,8,5,3,2088.8,0.0,0.0,0.0
case490_comm_C2_RING_SIMPLE_CH8_N4096_q8_rep5,COMM_ONLY,C2_RING_SIMPLE_CH8,4096,8,5,4,2606.0,0.0,0.0,0.0
case490_comm_C2_RING_SIMPLE_CH8_N4096_q8_rep5,COMM_ONLY,C2_RING_SIMPLE_CH8,4096,8,5,5,3123.1,0.0,0.0,0.0
case490_comm_C2_RING_SIMPLE_CH8_N4096_q8_rep5,COMM_ONLY,C2_RING_SIMPLE_CH8,4096,8,5,6,3640.6,0.0,0.0,0.0
case490_comm_C2_RING_SIMPLE_CH8_N4096_q8_rep5,COMM_ONLY,C2_RING_SIMPLE_CH8,4096,8,5,7,4157.8,0.0,0.0,0.0
case491_gemm_C0_DEFAULT_N4096_q8_rep1,GEMM_ONLY,C0_DEFAULT,4096,8,1,0,0.0,249.8,1076.6,831.2
case491_gemm_C0_DEFAULT_N4096_q8_rep1,GEMM_ONLY,C0_DEFAULT,4096,8,1,1,0.0,1082.2,1905.7,831.6
case491_gemm_C0_DEFAULT_N4096_q8_rep1,GEMM_ONLY,C0_DEFAULT,4096,8,1,2,0.0,1912.1,2750.8,845.8
case491_gemm_C0_DEFAULT_N4096_q8_rep1,GEMM_ONLY,C0_DEFAULT,4096,8,1,3,0.0,2756.5,3604.9,856.4
case491_gemm_C0_DEFAULT_N4096_q8_rep1,GEMM_ONLY,C0_DEFAULT,4096,8,1,4,0.0,3610.8,4463.8,868.1
case491_gemm_C0_DEFAULT_N4096_q8_rep1,GEMM_ONLY,C0_DEFAULT,4096,8,1,5,0.0,4469.6,5340.3,878.4
case491_gemm_C0_DEFAULT_N4096_q8_rep1,GEMM_ONLY,C0_DEFAULT,4096,8,1,6,0.0,5346.1,6229.7,890.0
case491_gemm_C0_DEFAULT_N4096_q8_rep1,GEMM_ONLY,C0_DEFAULT,4096,8,1,7,0.0,6235.8,7128.6,902.7
case492_gemm_C0_DEFAULT_N4096_q8_rep2,GEMM_ONLY,C0_DEFAULT,4096,8,2,0,0.0,248.5,1071.6,826.6
case492_gemm_C0_DEFAULT_N4096_q8_rep2,GEMM_ONLY,C0_DEFAULT,4096,8,2,1,0.0,1077.4,1905.4,831.3
case492_gemm_C0_DEFAULT_N4096_q8_rep2,GEMM_ONLY,C0_DEFAULT,4096,8,2,2,0.0,1911.2,2748.6,845.4
case492_gemm_C0_DEFAULT_N4096_q8_rep2,GEMM_ONLY,C0_DEFAULT,4096,8,2,3,0.0,2754.3,3607.2,857.6
case492_gemm_C0_DEFAULT_N4096_q8_rep2,GEMM_ONLY,C0_DEFAULT,4096,8,2,4,0.0,3612.9,4471.9,869.2
case492_gemm_C0_DEFAULT_N4096_q8_rep2,GEMM_ONLY,C0_DEFAULT,4096,8,2,5,0.0,4478.4,5345.5,881.7
case492_gemm_C0_DEFAULT_N4096_q8_rep2,GEMM_ONLY,C0_DEFAULT,4096,8,2,6,0.0,5351.4,6231.1,890.3
case492_gemm_C0_DEFAULT_N4096_q8_rep2,GEMM_ONLY,C0_DEFAULT,4096,8,2,7,0.0,6237.2,7115.2,898.6
case493_gemm_C0_DEFAULT_N4096_q8_rep3,GEMM_ONLY,C0_DEFAULT,4096,8,3,0,0.0,248.5,1074.0,830.5
case493_gemm_C0_DEFAULT_N4096_q8_rep3,GEMM_ONLY,C0_DEFAULT,4096,8,3,1,0.0,1079.6,1906.9,832.7
case493_gemm_C0_DEFAULT_N4096_q8_rep3,GEMM_ONLY,C0_DEFAULT,4096,8,3,2,0.0,1912.5,2751.8,844.7
case493_gemm_C0_DEFAULT_N4096_q8_rep3,GEMM_ONLY,C0_DEFAULT,4096,8,3,3,0.0,2757.5,3612.4,861.2
case493_gemm_C0_DEFAULT_N4096_q8_rep3,GEMM_ONLY,C0_DEFAULT,4096,8,3,4,0.0,3618.4,4475.1,871.2
case493_gemm_C0_DEFAULT_N4096_q8_rep3,GEMM_ONLY,C0_DEFAULT,4096,8,3,5,0.0,4481.2,5352.7,880.1
case493_gemm_C0_DEFAULT_N4096_q8_rep3,GEMM_ONLY,C0_DEFAULT,4096,8,3,6,0.0,5359.4,6237.0,890.2
case493_gemm_C0_DEFAULT_N4096_q8_rep3,GEMM_ONLY,C0_DEFAULT,4096,8,3,7,0.0,6243.3,7129.1,901.6
case494_gemm_C0_DEFAULT_N4096_q8_rep4,GEMM_ONLY,C0_DEFAULT,4096,8,4,0,0.0,249.1,1072.3,826.4
case494_gemm_C0_DEFAULT_N4096_q8_rep4,GEMM_ONLY,C0_DEFAULT,4096,8,4,1,0.0,1077.9,1901.3,831.0
case494_gemm_C0_DEFAULT_N4096_q8_rep4,GEMM_ONLY,C0_DEFAULT,4096,8,4,2,0.0,1906.9,2746.0,845.2
case494_gemm_C0_DEFAULT_N4096_q8_rep4,GEMM_ONLY,C0_DEFAULT,4096,8,4,3,0.0,2752.0,3600.0,858.1
case494_gemm_C0_DEFAULT_N4096_q8_rep4,GEMM_ONLY,C0_DEFAULT,4096,8,4,4,0.0,3605.8,4465.8,870.3
case494_gemm_C0_DEFAULT_N4096_q8_rep4,GEMM_ONLY,C0_DEFAULT,4096,8,4,5,0.0,4471.7,5343.9,879.7
case494_gemm_C0_DEFAULT_N4096_q8_rep4,GEMM_ONLY,C0_DEFAULT,4096,8,4,6,0.0,5350.3,6230.9,888.7
case494_gemm_C0_DEFAULT_N4096_q8_rep4,GEMM_ONLY,C0_DEFAULT,4096,8,4,7,0.0,6236.9,7124.2,900.0
case495_gemm_C0_DEFAULT_N4096_q8_rep5,GEMM_ONLY,C0_DEFAULT,4096,8,5,0,0.0,245.6,1070.3,828.0
case495_gemm_C0_DEFAULT_N4096_q8_rep5,GEMM_ONLY,C0_DEFAULT,4096,8,5,1,0.0,1075.9,1905.5,831.2
case495_gemm_C0_DEFAULT_N4096_q8_rep5,GEMM_ONLY,C0_DEFAULT,4096,8,5,2,0.0,1911.2,2753.1,845.6
case495_gemm_C0_DEFAULT_N4096_q8_rep5,GEMM_ONLY,C0_DEFAULT,4096,8,5,3,0.0,2759.0,3605.3,857.9
case495_gemm_C0_DEFAULT_N4096_q8_rep5,GEMM_ONLY,C0_DEFAULT,4096,8,5,4,0.0,3611.2,4465.6,868.0
case495_gemm_C0_DEFAULT_N4096_q8_rep5,GEMM_ONLY,C0_DEFAULT,4096,8,5,5,0.0,4471.6,5345.2,881.2
case495_gemm_C0_DEFAULT_N4096_q8_rep5,GEMM_ONLY,C0_DEFAULT,4096,8,5,6,0.0,5351.4,6227.9,890.2
case495_gemm_C0_DEFAULT_N4096_q8_rep5,GEMM_ONLY,C0_DEFAULT,4096,8,5,7,0.0,6234.1,7114.7,898.3
case496_r0_C0_DEFAULT_N4096_q8_rep1,R0_FULL_SERIAL,C0_DEFAULT,4096,8,1,0,4069.2,4085.5,10840.3,6777.5
case497_r0_C0_DEFAULT_N4096_q8_rep2,R0_FULL_SERIAL,C0_DEFAULT,4096,8,2,0,4063.2,4079.6,10820.0,6761.4
case498_r0_C0_DEFAULT_N4096_q8_rep3,R0_FULL_SERIAL,C0_DEFAULT,4096,8,3,0,4060.6,4077.0,10821.2,6763.1
case499_r0_C0_DEFAULT_N4096_q8_rep4,R0_FULL_SERIAL,C0_DEFAULT,4096,8,4,0,4061.6,4077.8,10840.7,6771.6
case500_r0_C0_DEFAULT_N4096_q8_rep5,R0_FULL_SERIAL,C0_DEFAULT,4096,8,5,0,4059.4,4075.4,10804.0,6752.5
case501_rs_C0_DEFAULT_N4096_q8_rep1,RS_SLICE_SERIAL,C0_DEFAULT,4096,8,1,0,580.1,590.8,1403.9,819.5
case501_rs_C0_DEFAULT_N4096_q8_rep1,RS_SLICE_SERIAL,C0_DEFAULT,4096,8,1,1,1950.0,1960.8,2777.0,822.0
case501_rs_C0_DEFAULT_N4096_q8_rep1,RS_SLICE_SERIAL,C0_DEFAULT,4096,8,1,2,3322.1,3332.5,4149.1,821.2
case501_rs_C0_DEFAULT_N4096_q8_rep1,RS_SLICE_SERIAL,C0_DEFAULT,4096,8,1,3,4693.1,4703.3,5522.5,822.4
case501_rs_C0_DEFAULT_N4096_q8_rep1,RS_SLICE_SERIAL,C0_DEFAULT,4096,8,1,4,6068.3,6078.3,6897.2,824.0
case501_rs_C0_DEFAULT_N4096_q8_rep1,RS_SLICE_SERIAL,C0_DEFAULT,4096,8,1,5,7440.8,7451.3,8267.5,824.4
case501_rs_C0_DEFAULT_N4096_q8_rep1,RS_SLICE_SERIAL,C0_DEFAULT,4096,8,1,6,8814.3,8825.1,9641.2,821.7
case501_rs_C0_DEFAULT_N4096_q8_rep1,RS_SLICE_SERIAL,C0_DEFAULT,4096,8,1,7,10186.2,10196.1,11017.1,823.6
case502_rs_C0_DEFAULT_N4096_q8_rep2,RS_SLICE_SERIAL,C0_DEFAULT,4096,8,2,0,582.4,592.6,1404.1,817.1
case502_rs_C0_DEFAULT_N4096_q8_rep2,RS_SLICE_SERIAL,C0_DEFAULT,4096,8,2,1,1949.2,1959.4,2776.8,821.7
case502_rs_C0_DEFAULT_N4096_q8_rep2,RS_SLICE_SERIAL,C0_DEFAULT,4096,8,2,2,3320.2,3330.5,4149.2,823.9
case502_rs_C0_DEFAULT_N4096_q8_rep2,RS_SLICE_SERIAL,C0_DEFAULT,4096,8,2,3,4693.7,4704.3,5521.9,823.1
case502_rs_C0_DEFAULT_N4096_q8_rep2,RS_SLICE_SERIAL,C0_DEFAULT,4096,8,2,4,6065.7,6076.5,6895.0,825.2
case502_rs_C0_DEFAULT_N4096_q8_rep2,RS_SLICE_SERIAL,C0_DEFAULT,4096,8,2,5,7437.9,7448.8,8267.8,824.0
case502_rs_C0_DEFAULT_N4096_q8_rep2,RS_SLICE_SERIAL,C0_DEFAULT,4096,8,2,6,8810.1,8821.3,9638.4,825.8
case502_rs_C0_DEFAULT_N4096_q8_rep2,RS_SLICE_SERIAL,C0_DEFAULT,4096,8,2,7,10181.2,10191.3,11011.1,823.5
case503_rs_C0_DEFAULT_N4096_q8_rep3,RS_SLICE_SERIAL,C0_DEFAULT,4096,8,3,0,568.1,578.4,1394.6,817.8
case503_rs_C0_DEFAULT_N4096_q8_rep3,RS_SLICE_SERIAL,C0_DEFAULT,4096,8,3,1,1940.1,1950.5,2768.2,821.9
case503_rs_C0_DEFAULT_N4096_q8_rep3,RS_SLICE_SERIAL,C0_DEFAULT,4096,8,3,2,3312.6,3322.8,4141.5,822.8
case503_rs_C0_DEFAULT_N4096_q8_rep3,RS_SLICE_SERIAL,C0_DEFAULT,4096,8,3,3,4686.6,4697.0,5512.6,823.3
case503_rs_C0_DEFAULT_N4096_q8_rep3,RS_SLICE_SERIAL,C0_DEFAULT,4096,8,3,4,6055.0,6065.5,6887.7,824.1
case503_rs_C0_DEFAULT_N4096_q8_rep3,RS_SLICE_SERIAL,C0_DEFAULT,4096,8,3,5,7429.9,7440.2,8259.9,825.2
case503_rs_C0_DEFAULT_N4096_q8_rep3,RS_SLICE_SERIAL,C0_DEFAULT,4096,8,3,6,8802.6,8813.3,9632.6,824.0
case503_rs_C0_DEFAULT_N4096_q8_rep3,RS_SLICE_SERIAL,C0_DEFAULT,4096,8,3,7,10176.9,10186.9,11006.9,825.6
case504_rs_C0_DEFAULT_N4096_q8_rep4,RS_SLICE_SERIAL,C0_DEFAULT,4096,8,4,0,581.5,591.8,1404.6,818.0
case504_rs_C0_DEFAULT_N4096_q8_rep4,RS_SLICE_SERIAL,C0_DEFAULT,4096,8,4,1,1948.7,1958.9,2775.6,823.6
case504_rs_C0_DEFAULT_N4096_q8_rep4,RS_SLICE_SERIAL,C0_DEFAULT,4096,8,4,2,3320.1,3330.3,4149.3,822.4
case504_rs_C0_DEFAULT_N4096_q8_rep4,RS_SLICE_SERIAL,C0_DEFAULT,4096,8,4,3,4693.5,4703.7,5523.1,825.0
case504_rs_C0_DEFAULT_N4096_q8_rep4,RS_SLICE_SERIAL,C0_DEFAULT,4096,8,4,4,6067.2,6077.9,6895.6,823.3
case504_rs_C0_DEFAULT_N4096_q8_rep4,RS_SLICE_SERIAL,C0_DEFAULT,4096,8,4,5,7440.6,7451.5,8273.7,825.3
case504_rs_C0_DEFAULT_N4096_q8_rep4,RS_SLICE_SERIAL,C0_DEFAULT,4096,8,4,6,8814.9,8824.9,9643.7,825.4
case504_rs_C0_DEFAULT_N4096_q8_rep4,RS_SLICE_SERIAL,C0_DEFAULT,4096,8,4,7,10187.8,10197.7,11017.3,825.0
case505_rs_C0_DEFAULT_N4096_q8_rep5,RS_SLICE_SERIAL,C0_DEFAULT,4096,8,5,0,571.2,581.7,1395.1,817.6
case505_rs_C0_DEFAULT_N4096_q8_rep5,RS_SLICE_SERIAL,C0_DEFAULT,4096,8,5,1,1940.0,1950.5,2769.8,824.4
case505_rs_C0_DEFAULT_N4096_q8_rep5,RS_SLICE_SERIAL,C0_DEFAULT,4096,8,5,2,3315.0,3325.4,4142.1,823.9
case505_rs_C0_DEFAULT_N4096_q8_rep5,RS_SLICE_SERIAL,C0_DEFAULT,4096,8,5,3,4686.4,4696.8,5513.5,823.9
case505_rs_C0_DEFAULT_N4096_q8_rep5,RS_SLICE_SERIAL,C0_DEFAULT,4096,8,5,4,6058.3,6068.7,6886.7,823.9
case505_rs_C0_DEFAULT_N4096_q8_rep5,RS_SLICE_SERIAL,C0_DEFAULT,4096,8,5,5,7430.9,7441.1,8257.6,825.3
case505_rs_C0_DEFAULT_N4096_q8_rep5,RS_SLICE_SERIAL,C0_DEFAULT,4096,8,5,6,8801.5,8812.2,9633.1,825.0
case505_rs_C0_DEFAULT_N4096_q8_rep5,RS_SLICE_SERIAL,C0_DEFAULT,4096,8,5,7,10177.8,10188.1,11003.5,826.4
case506_r1_C0_DEFAULT_N4096_q8_rep1,R1_EVENT_OVERLAP,C0_DEFAULT,4096,8,1,0,581.3,592.0,1937.3,1351.3
case506_r1_C0_DEFAULT_N4096_q8_rep1,R1_EVENT_OVERLAP,C0_DEFAULT,4096,8,1,1,1228.0,1964.0,3147.7,1195.8
case506_r1_C0_DEFAULT_N4096_q8_rep1,R1_EVENT_OVERLAP,C0_DEFAULT,4096,8,1,2,1841.3,3174.9,4363.4,1197.1
case506_r1_C0_DEFAULT_N4096_q8_rep1,R1_EVENT_OVERLAP,C0_DEFAULT,4096,8,1,3,2518.7,4379.4,5353.9,1199.9
case506_r1_C0_DEFAULT_N4096_q8_rep1,R1_EVENT_OVERLAP,C0_DEFAULT,4096,8,1,4,3174.0,5365.5,6198.6,907.7
case506_r1_C0_DEFAULT_N4096_q8_rep1,R1_EVENT_OVERLAP,C0_DEFAULT,4096,8,1,5,3876.0,6210.2,7039.1,861.2
case506_r1_C0_DEFAULT_N4096_q8_rep1,R1_EVENT_OVERLAP,C0_DEFAULT,4096,8,1,6,4546.9,7050.7,7898.8,870.6
case506_r1_C0_DEFAULT_N4096_q8_rep1,R1_EVENT_OVERLAP,C0_DEFAULT,4096,8,1,7,5228.8,7910.8,8760.9,878.7
case507_r1_C0_DEFAULT_N4096_q8_rep2,R1_EVENT_OVERLAP,C0_DEFAULT,4096,8,2,0,570.6,580.6,1924.6,1351.1
case507_r1_C0_DEFAULT_N4096_q8_rep2,R1_EVENT_OVERLAP,C0_DEFAULT,4096,8,2,1,1216.9,1951.7,3145.3,1207.1
case507_r1_C0_DEFAULT_N4096_q8_rep2,R1_EVENT_OVERLAP,C0_DEFAULT,4096,8,2,2,1848.1,3171.4,4288.6,1220.5
case507_r1_C0_DEFAULT_N4096_q8_rep2,R1_EVENT_OVERLAP,C0_DEFAULT,4096,8,2,3,2528.9,4315.0,5333.5,1158.0
case507_r1_C0_DEFAULT_N4096_q8_rep2,R1_EVENT_OVERLAP,C0_DEFAULT,4096,8,2,4,3179.6,5345.1,6177.3,931.0
case507_r1_C0_DEFAULT_N4096_q8_rep2,R1_EVENT_OVERLAP,C0_DEFAULT,4096,8,2,5,3872.7,6188.9,7020.6,859.3
case507_r1_C0_DEFAULT_N4096_q8_rep2,R1_EVENT_OVERLAP,C0_DEFAULT,4096,8,2,6,4556.5,7032.3,7864.6,870.5
case507_r1_C0_DEFAULT_N4096_q8_rep2,R1_EVENT_OVERLAP,C0_DEFAULT,4096,8,2,7,5228.1,7876.2,8738.8,881.6
case508_r1_C0_DEFAULT_N4096_q8_rep3,R1_EVENT_OVERLAP,C0_DEFAULT,4096,8,3,0,572.0,582.8,1928.6,1352.4
case508_r1_C0_DEFAULT_N4096_q8_rep3,R1_EVENT_OVERLAP,C0_DEFAULT,4096,8,3,1,1220.7,1954.7,3150.9,1207.2
case508_r1_C0_DEFAULT_N4096_q8_rep3,R1_EVENT_OVERLAP,C0_DEFAULT,4096,8,3,2,1793.8,3178.8,4392.2,1227.6
case508_r1_C0_DEFAULT_N4096_q8_rep3,R1_EVENT_OVERLAP,C0_DEFAULT,4096,8,3,3,2464.5,4406.5,5375.3,1155.9
case508_r1_C0_DEFAULT_N4096_q8_rep3,R1_EVENT_OVERLAP,C0_DEFAULT,4096,8,3,4,3128.3,5386.6,6214.0,902.9
case508_r1_C0_DEFAULT_N4096_q8_rep3,R1_EVENT_OVERLAP,C0_DEFAULT,4096,8,3,5,3872.9,6225.7,7061.4,860.5
case508_r1_C0_DEFAULT_N4096_q8_rep3,R1_EVENT_OVERLAP,C0_DEFAULT,4096,8,3,6,4535.0,7073.0,7914.9,871.0
case508_r1_C0_DEFAULT_N4096_q8_rep3,R1_EVENT_OVERLAP,C0_DEFAULT,4096,8,3,7,5226.3,7927.2,8788.2,882.1
case509_r1_C0_DEFAULT_N4096_q8_rep4,R1_EVENT_OVERLAP,C0_DEFAULT,4096,8,4,0,570.9,581.2,1927.6,1352.7
case509_r1_C0_DEFAULT_N4096_q8_rep4,R1_EVENT_OVERLAP,C0_DEFAULT,4096,8,4,1,1218.0,1953.5,3147.8,1204.8
case509_r1_C0_DEFAULT_N4096_q8_rep4,R1_EVENT_OVERLAP,C0_DEFAULT,4096,8,4,2,1844.7,3173.5,4364.0,1210.7
case509_r1_C0_DEFAULT_N4096_q8_rep4,R1_EVENT_OVERLAP,C0_DEFAULT,4096,8,4,3,2508.6,4384.9,5344.9,1137.7
case509_r1_C0_DEFAULT_N4096_q8_rep4,R1_EVENT_OVERLAP,C0_DEFAULT,4096,8,4,4,3165.7,5356.2,6181.9,907.9
case509_r1_C0_DEFAULT_N4096_q8_rep4,R1_EVENT_OVERLAP,C0_DEFAULT,4096,8,4,5,3872.6,6193.2,7042.7,861.2
case509_r1_C0_DEFAULT_N4096_q8_rep4,R1_EVENT_OVERLAP,C0_DEFAULT,4096,8,4,6,4531.7,7054.6,7906.3,872.0
case509_r1_C0_DEFAULT_N4096_q8_rep4,R1_EVENT_OVERLAP,C0_DEFAULT,4096,8,4,7,5231.1,7918.1,8766.8,884.9
case510_r1_C0_DEFAULT_N4096_q8_rep5,R1_EVENT_OVERLAP,C0_DEFAULT,4096,8,5,0,572.6,583.1,1929.1,1352.3
case510_r1_C0_DEFAULT_N4096_q8_rep5,R1_EVENT_OVERLAP,C0_DEFAULT,4096,8,5,1,1219.3,1955.6,3154.5,1210.9
case510_r1_C0_DEFAULT_N4096_q8_rep5,R1_EVENT_OVERLAP,C0_DEFAULT,4096,8,5,2,1846.7,3181.7,4345.5,1219.9
case510_r1_C0_DEFAULT_N4096_q8_rep5,R1_EVENT_OVERLAP,C0_DEFAULT,4096,8,5,3,2517.8,4367.8,5346.4,1128.8
case510_r1_C0_DEFAULT_N4096_q8_rep5,R1_EVENT_OVERLAP,C0_DEFAULT,4096,8,5,4,3170.8,5357.9,6180.3,911.0
case510_r1_C0_DEFAULT_N4096_q8_rep5,R1_EVENT_OVERLAP,C0_DEFAULT,4096,8,5,5,3880.0,6192.0,7036.4,861.7
case510_r1_C0_DEFAULT_N4096_q8_rep5,R1_EVENT_OVERLAP,C0_DEFAULT,4096,8,5,6,4552.2,7048.0,7894.1,872.9
case510_r1_C0_DEFAULT_N4096_q8_rep5,R1_EVENT_OVERLAP,C0_DEFAULT,4096,8,5,7,5238.9,7905.9,8775.1,883.1
case511_r1_C2_RING_SIMPLE_CH8_N4096_q8_rep1,R1_EVENT_OVERLAP,C2_RING_SIMPLE_CH8,4096,8,1,0,566.0,576.8,1658.9,1084.4
case511_r1_C2_RING_SIMPLE_CH8_N4096_q8_rep1,R1_EVENT_OVERLAP,C2_RING_SIMPLE_CH8,4096,8,1,1,1137.1,1671.3,3013.0,1348.2
case511_r1_C2_RING_SIMPLE_CH8_N4096_q8_rep1,R1_EVENT_OVERLAP,C2_RING_SIMPLE_CH8,4096,8,1,2,1700.7,3037.1,4131.1,1136.3
case511_r1_C2_RING_SIMPLE_CH8_N4096_q8_rep1,R1_EVENT_OVERLAP,C2_RING_SIMPLE_CH8,4096,8,1,3,2457.9,4158.1,5153.2,1034.4
case511_r1_C2_RING_SIMPLE_CH8_N4096_q8_rep1,R1_EVENT_OVERLAP,C2_RING_SIMPLE_CH8,4096,8,1,4,3043.9,5164.6,6011.1,856.3
case511_r1_C2_RING_SIMPLE_CH8_N4096_q8_rep1,R1_EVENT_OVERLAP,C2_RING_SIMPLE_CH8,4096,8,1,5,3677.6,6022.9,6865.5,863.3
case511_r1_C2_RING_SIMPLE_CH8_N4096_q8_rep1,R1_EVENT_OVERLAP,C2_RING_SIMPLE_CH8,4096,8,1,6,4282.3,6877.5,7729.6,874.8
case511_r1_C2_RING_SIMPLE_CH8_N4096_q8_rep1,R1_EVENT_OVERLAP,C2_RING_SIMPLE_CH8,4096,8,1,7,4933.0,7741.6,8616.1,888.1
case512_r1_C2_RING_SIMPLE_CH8_N4096_q8_rep2,R1_EVENT_OVERLAP,C2_RING_SIMPLE_CH8,4096,8,2,0,557.2,567.6,1645.3,1082.0
case512_r1_C2_RING_SIMPLE_CH8_N4096_q8_rep2,R1_EVENT_OVERLAP,C2_RING_SIMPLE_CH8,4096,8,2,1,1130.1,1657.3,3021.9,1369.2
case512_r1_C2_RING_SIMPLE_CH8_N4096_q8_rep2,R1_EVENT_OVERLAP,C2_RING_SIMPLE_CH8,4096,8,2,2,1701.8,3059.3,4129.5,1098.5
case512_r1_C2_RING_SIMPLE_CH8_N4096_q8_rep2,R1_EVENT_OVERLAP,C2_RING_SIMPLE_CH8,4096,8,2,3,2398.6,4153.5,5138.4,1014.6
case512_r1_C2_RING_SIMPLE_CH8_N4096_q8_rep2,R1_EVENT_OVERLAP,C2_RING_SIMPLE_CH8,4096,8,2,4,2959.8,5149.8,5992.6,853.6
case512_r1_C2_RING_SIMPLE_CH8_N4096_q8_rep2,R1_EVENT_OVERLAP,C2_RING_SIMPLE_CH8,4096,8,2,5,3564.3,6004.5,6856.8,863.2
case512_r1_C2_RING_SIMPLE_CH8_N4096_q8_rep2,R1_EVENT_OVERLAP,C2_RING_SIMPLE_CH8,4096,8,2,6,4150.6,6868.8,7725.2,874.3
case512_r1_C2_RING_SIMPLE_CH8_N4096_q8_rep2,R1_EVENT_OVERLAP,C2_RING_SIMPLE_CH8,4096,8,2,7,4923.6,7737.5,8611.4,884.8
case513_r1_C2_RING_SIMPLE_CH8_N4096_q8_rep3,R1_EVENT_OVERLAP,C2_RING_SIMPLE_CH8,4096,8,3,0,570.7,581.1,1663.6,1083.9
case513_r1_C2_RING_SIMPLE_CH8_N4096_q8_rep3,R1_EVENT_OVERLAP,C2_RING_SIMPLE_CH8,4096,8,3,1,1141.1,1676.0,3022.4,1365.8
case513_r1_C2_RING_SIMPLE_CH8_N4096_q8_rep3,R1_EVENT_OVERLAP,C2_RING_SIMPLE_CH8,4096,8,3,2,1708.9,3061.2,4134.7,1073.1
case513_r1_C2_RING_SIMPLE_CH8_N4096_q8_rep3,R1_EVENT_OVERLAP,C2_RING_SIMPLE_CH8,4096,8,3,3,2418.7,4159.8,5146.0,1009.8
case513_r1_C2_RING_SIMPLE_CH8_N4096_q8_rep3,R1_EVENT_OVERLAP,C2_RING_SIMPLE_CH8,4096,8,3,4,2974.8,5157.6,5997.2,853.6
case513_r1_C2_RING_SIMPLE_CH8_N4096_q8_rep3,R1_EVENT_OVERLAP,C2_RING_SIMPLE_CH8,4096,8,3,5,3579.4,6008.9,6862.1,863.4
case513_r1_C2_RING_SIMPLE_CH8_N4096_q8_rep3,R1_EVENT_OVERLAP,C2_RING_SIMPLE_CH8,4096,8,3,6,4160.7,6874.1,7730.3,872.9
case513_r1_C2_RING_SIMPLE_CH8_N4096_q8_rep3,R1_EVENT_OVERLAP,C2_RING_SIMPLE_CH8,4096,8,3,7,4924.1,7742.5,8616.9,885.9
case514_r1_C2_RING_SIMPLE_CH8_N4096_q8_rep4,R1_EVENT_OVERLAP,C2_RING_SIMPLE_CH8,4096,8,4,0,564.8,575.1,1656.0,1083.7
case514_r1_C2_RING_SIMPLE_CH8_N4096_q8_rep4,R1_EVENT_OVERLAP,C2_RING_SIMPLE_CH8,4096,8,4,1,1135.8,1668.4,3020.9,1361.3
case514_r1_C2_RING_SIMPLE_CH8_N4096_q8_rep4,R1_EVENT_OVERLAP,C2_RING_SIMPLE_CH8,4096,8,4,2,1702.8,3055.7,4134.8,1114.7
case514_r1_C2_RING_SIMPLE_CH8_N4096_q8_rep4,R1_EVENT_OVERLAP,C2_RING_SIMPLE_CH8,4096,8,4,3,2421.9,4154.9,5149.2,1031.8
case514_r1_C2_RING_SIMPLE_CH8_N4096_q8_rep4,R1_EVENT_OVERLAP,C2_RING_SIMPLE_CH8,4096,8,4,4,2983.8,5160.7,6004.0,853.6
case514_r1_C2_RING_SIMPLE_CH8_N4096_q8_rep4,R1_EVENT_OVERLAP,C2_RING_SIMPLE_CH8,4096,8,4,5,3665.6,6017.0,6859.5,861.5
case514_r1_C2_RING_SIMPLE_CH8_N4096_q8_rep4,R1_EVENT_OVERLAP,C2_RING_SIMPLE_CH8,4096,8,4,6,4268.4,6871.4,7741.3,873.4
case514_r1_C2_RING_SIMPLE_CH8_N4096_q8_rep4,R1_EVENT_OVERLAP,C2_RING_SIMPLE_CH8,4096,8,4,7,4916.3,7754.8,8608.1,886.5
case515_r1_C2_RING_SIMPLE_CH8_N4096_q8_rep5,R1_EVENT_OVERLAP,C2_RING_SIMPLE_CH8,4096,8,5,0,559.2,569.3,1648.1,1082.2
case515_r1_C2_RING_SIMPLE_CH8_N4096_q8_rep5,R1_EVENT_OVERLAP,C2_RING_SIMPLE_CH8,4096,8,5,1,1129.5,1660.0,3024.6,1372.9
case515_r1_C2_RING_SIMPLE_CH8_N4096_q8_rep5,R1_EVENT_OVERLAP,C2_RING_SIMPLE_CH8,4096,8,5,2,1698.4,3061.9,4133.3,1082.1
case515_r1_C2_RING_SIMPLE_CH8_N4096_q8_rep5,R1_EVENT_OVERLAP,C2_RING_SIMPLE_CH8,4096,8,5,3,2399.2,4160.5,5135.4,1003.9
case515_r1_C2_RING_SIMPLE_CH8_N4096_q8_rep5,R1_EVENT_OVERLAP,C2_RING_SIMPLE_CH8,4096,8,5,4,2955.4,5146.8,5969.6,850.0
case515_r1_C2_RING_SIMPLE_CH8_N4096_q8_rep5,R1_EVENT_OVERLAP,C2_RING_SIMPLE_CH8,4096,8,5,5,3553.5,5981.1,6832.5,861.2
case515_r1_C2_RING_SIMPLE_CH8_N4096_q8_rep5,R1_EVENT_OVERLAP,C2_RING_SIMPLE_CH8,4096,8,5,6,4143.3,6845.1,7708.0,875.0
case515_r1_C2_RING_SIMPLE_CH8_N4096_q8_rep5,R1_EVENT_OVERLAP,C2_RING_SIMPLE_CH8,4096,8,5,7,4916.0,7720.0,8591.8,884.4
case516_fc_C0_DEFAULT_N4096_q8_rep1,FC_FCOLLECT_ONLY,C0_DEFAULT,4096,8,1,0,11610.2,0.0,0.0,0.0
case517_fc_C0_DEFAULT_N4096_q8_rep2,FC_FCOLLECT_ONLY,C0_DEFAULT,4096,8,2,0,11590.0,0.0,0.0,0.0
case518_fc_C0_DEFAULT_N4096_q8_rep3,FC_FCOLLECT_ONLY,C0_DEFAULT,4096,8,3,0,11599.3,0.0,0.0,0.0
case519_fc_C0_DEFAULT_N4096_q8_rep4,FC_FCOLLECT_ONLY,C0_DEFAULT,4096,8,4,0,11574.4,0.0,0.0,0.0
case520_fc_C0_DEFAULT_N4096_q8_rep5,FC_FCOLLECT_ONLY,C0_DEFAULT,4096,8,5,0,11621.3,0.0,0.0,0.0
case521_dc_C0_DEFAULT_N4096_q8_rep1,DC_PUSHSIG_ONLY,C0_DEFAULT,4096,8,1,0,1361.4,0.0,0.0,0.0
case521_dc_C0_DEFAULT_N4096_q8_rep1,DC_PUSHSIG_ONLY,C0_DEFAULT,4096,8,1,1,2102.9,0.0,0.0,0.0
case521_dc_C0_DEFAULT_N4096_q8_rep1,DC_PUSHSIG_ONLY,C0_DEFAULT,4096,8,1,2,3970.5,0.0,0.0,0.0
case521_dc_C0_DEFAULT_N4096_q8_rep1,DC_PUSHSIG_ONLY,C0_DEFAULT,4096,8,1,3,6653.1,0.0,0.0,0.0
case521_dc_C0_DEFAULT_N4096_q8_rep1,DC_PUSHSIG_ONLY,C0_DEFAULT,4096,8,1,4,7909.5,0.0,0.0,0.0
case521_dc_C0_DEFAULT_N4096_q8_rep1,DC_PUSHSIG_ONLY,C0_DEFAULT,4096,8,1,5,8645.5,0.0,0.0,0.0
case521_dc_C0_DEFAULT_N4096_q8_rep1,DC_PUSHSIG_ONLY,C0_DEFAULT,4096,8,1,6,9343.1,0.0,0.0,0.0
case521_dc_C0_DEFAULT_N4096_q8_rep1,DC_PUSHSIG_ONLY,C0_DEFAULT,4096,8,1,7,11100.6,0.0,0.0,0.0
case522_dc_C0_DEFAULT_N4096_q8_rep2,DC_PUSHSIG_ONLY,C0_DEFAULT,4096,8,2,0,1361.0,0.0,0.0,0.0
case522_dc_C0_DEFAULT_N4096_q8_rep2,DC_PUSHSIG_ONLY,C0_DEFAULT,4096,8,2,1,2066.5,0.0,0.0,0.0
case522_dc_C0_DEFAULT_N4096_q8_rep2,DC_PUSHSIG_ONLY,C0_DEFAULT,4096,8,2,2,3445.3,0.0,0.0,0.0
case522_dc_C0_DEFAULT_N4096_q8_rep2,DC_PUSHSIG_ONLY,C0_DEFAULT,4096,8,2,3,4284.6,0.0,0.0,0.0
case522_dc_C0_DEFAULT_N4096_q8_rep2,DC_PUSHSIG_ONLY,C0_DEFAULT,4096,8,2,4,6286.2,0.0,0.0,0.0
case522_dc_C0_DEFAULT_N4096_q8_rep2,DC_PUSHSIG_ONLY,C0_DEFAULT,4096,8,2,5,8280.3,0.0,0.0,0.0
case522_dc_C0_DEFAULT_N4096_q8_rep2,DC_PUSHSIG_ONLY,C0_DEFAULT,4096,8,2,6,9198.6,0.0,0.0,0.0
case522_dc_C0_DEFAULT_N4096_q8_rep2,DC_PUSHSIG_ONLY,C0_DEFAULT,4096,8,2,7,11042.7,0.0,0.0,0.0
case523_dc_C0_DEFAULT_N4096_q8_rep3,DC_PUSHSIG_ONLY,C0_DEFAULT,4096,8,3,0,1359.3,0.0,0.0,0.0
case523_dc_C0_DEFAULT_N4096_q8_rep3,DC_PUSHSIG_ONLY,C0_DEFAULT,4096,8,3,1,1964.3,0.0,0.0,0.0
case523_dc_C0_DEFAULT_N4096_q8_rep3,DC_PUSHSIG_ONLY,C0_DEFAULT,4096,8,3,2,3259.8,0.0,0.0,0.0
case523_dc_C0_DEFAULT_N4096_q8_rep3,DC_PUSHSIG_ONLY,C0_DEFAULT,4096,8,3,3,4009.6,0.0,0.0,0.0
case523_dc_C0_DEFAULT_N4096_q8_rep3,DC_PUSHSIG_ONLY,C0_DEFAULT,4096,8,3,4,5288.0,0.0,0.0,0.0
case523_dc_C0_DEFAULT_N4096_q8_rep3,DC_PUSHSIG_ONLY,C0_DEFAULT,4096,8,3,5,6039.4,0.0,0.0,0.0
case523_dc_C0_DEFAULT_N4096_q8_rep3,DC_PUSHSIG_ONLY,C0_DEFAULT,4096,8,3,6,9359.4,0.0,0.0,0.0
case523_dc_C0_DEFAULT_N4096_q8_rep3,DC_PUSHSIG_ONLY,C0_DEFAULT,4096,8,3,7,11881.4,0.0,0.0,0.0
case524_dc_C0_DEFAULT_N4096_q8_rep4,DC_PUSHSIG_ONLY,C0_DEFAULT,4096,8,4,0,1358.0,0.0,0.0,0.0
case524_dc_C0_DEFAULT_N4096_q8_rep4,DC_PUSHSIG_ONLY,C0_DEFAULT,4096,8,4,1,1966.0,0.0,0.0,0.0
case524_dc_C0_DEFAULT_N4096_q8_rep4,DC_PUSHSIG_ONLY,C0_DEFAULT,4096,8,4,2,3295.0,0.0,0.0,0.0
case524_dc_C0_DEFAULT_N4096_q8_rep4,DC_PUSHSIG_ONLY,C0_DEFAULT,4096,8,4,3,4441.4,0.0,0.0,0.0
case524_dc_C0_DEFAULT_N4096_q8_rep4,DC_PUSHSIG_ONLY,C0_DEFAULT,4096,8,4,4,6352.4,0.0,0.0,0.0
case524_dc_C0_DEFAULT_N4096_q8_rep4,DC_PUSHSIG_ONLY,C0_DEFAULT,4096,8,4,5,8038.3,0.0,0.0,0.0
case524_dc_C0_DEFAULT_N4096_q8_rep4,DC_PUSHSIG_ONLY,C0_DEFAULT,4096,8,4,6,9377.3,0.0,0.0,0.0
case524_dc_C0_DEFAULT_N4096_q8_rep4,DC_PUSHSIG_ONLY,C0_DEFAULT,4096,8,4,7,10924.2,0.0,0.0,0.0
case525_dc_C0_DEFAULT_N4096_q8_rep5,DC_PUSHSIG_ONLY,C0_DEFAULT,4096,8,5,0,1359.9,0.0,0.0,0.0
case525_dc_C0_DEFAULT_N4096_q8_rep5,DC_PUSHSIG_ONLY,C0_DEFAULT,4096,8,5,1,1969.4,0.0,0.0,0.0
case525_dc_C0_DEFAULT_N4096_q8_rep5,DC_PUSHSIG_ONLY,C0_DEFAULT,4096,8,5,2,3304.3,0.0,0.0,0.0
case525_dc_C0_DEFAULT_N4096_q8_rep5,DC_PUSHSIG_ONLY,C0_DEFAULT,4096,8,5,3,4422.6,0.0,0.0,0.0
case525_dc_C0_DEFAULT_N4096_q8_rep5,DC_PUSHSIG_ONLY,C0_DEFAULT,4096,8,5,4,5476.9,0.0,0.0,0.0
case525_dc_C0_DEFAULT_N4096_q8_rep5,DC_PUSHSIG_ONLY,C0_DEFAULT,4096,8,5,5,7604.5,0.0,0.0,0.0
case525_dc_C0_DEFAULT_N4096_q8_rep5,DC_PUSHSIG_ONLY,C0_DEFAULT,4096,8,5,6,9424.2,0.0,0.0,0.0
case525_dc_C0_DEFAULT_N4096_q8_rep5,DC_PUSHSIG_ONLY,C0_DEFAULT,4096,8,5,7,11707.1,0.0,0.0,0.0
case526_d0_C0_DEFAULT_N4096_q8_rep1,D0_FCOLLECT_SERIAL,C0_DEFAULT,4096,8,1,0,11575.9,11592.0,18354.9,6756.7
case527_d0_C0_DEFAULT_N4096_q8_rep2,D0_FCOLLECT_SERIAL,C0_DEFAULT,4096,8,2,0,11585.3,11601.4,18363.1,6747.3
case528_d0_C0_DEFAULT_N4096_q8_rep3,D0_FCOLLECT_SERIAL,C0_DEFAULT,4096,8,3,0,11575.0,11591.8,18357.9,6757.1
case529_d0_C0_DEFAULT_N4096_q8_rep4,D0_FCOLLECT_SERIAL,C0_DEFAULT,4096,8,4,0,11580.7,11597.0,18332.2,6739.7
case530_d0_C0_DEFAULT_N4096_q8_rep5,D0_FCOLLECT_SERIAL,C0_DEFAULT,4096,8,5,0,11575.4,11591.4,18347.5,6752.2
case531_ds_C0_DEFAULT_N4096_q8_rep1,DS_PUSHSIG_SERIAL,C0_DEFAULT,4096,8,1,0,13990.1,13995.6,14842.4,856.9
case531_ds_C0_DEFAULT_N4096_q8_rep1,DS_PUSHSIG_SERIAL,C0_DEFAULT,4096,8,1,1,15293.5,15299.0,16135.0,849.2
case531_ds_C0_DEFAULT_N4096_q8_rep1,DS_PUSHSIG_SERIAL,C0_DEFAULT,4096,8,1,2,16218.8,16224.4,17061.3,845.6
case531_ds_C0_DEFAULT_N4096_q8_rep1,DS_PUSHSIG_SERIAL,C0_DEFAULT,4096,8,1,3,17144.0,17149.7,17982.7,848.4
case531_ds_C0_DEFAULT_N4096_q8_rep1,DS_PUSHSIG_SERIAL,C0_DEFAULT,4096,8,1,4,18064.7,18070.2,18914.0,845.6
case531_ds_C0_DEFAULT_N4096_q8_rep1,DS_PUSHSIG_SERIAL,C0_DEFAULT,4096,8,1,5,19005.9,19011.3,19843.9,841.9
case531_ds_C0_DEFAULT_N4096_q8_rep1,DS_PUSHSIG_SERIAL,C0_DEFAULT,4096,8,1,6,19932.9,19938.3,20778.0,840.9
case531_ds_C0_DEFAULT_N4096_q8_rep1,DS_PUSHSIG_SERIAL,C0_DEFAULT,4096,8,1,7,20854.0,20859.6,21692.5,841.5
case532_ds_C0_DEFAULT_N4096_q8_rep2,DS_PUSHSIG_SERIAL,C0_DEFAULT,4096,8,2,0,13604.8,13610.4,14465.0,857.1
case532_ds_C0_DEFAULT_N4096_q8_rep2,DS_PUSHSIG_SERIAL,C0_DEFAULT,4096,8,2,1,15350.8,15356.3,16198.0,850.7
case532_ds_C0_DEFAULT_N4096_q8_rep2,DS_PUSHSIG_SERIAL,C0_DEFAULT,4096,8,2,2,16329.7,16335.2,17167.5,849.0
case532_ds_C0_DEFAULT_N4096_q8_rep2,DS_PUSHSIG_SERIAL,C0_DEFAULT,4096,8,2,3,17250.3,17255.8,18087.7,847.1
case532_ds_C0_DEFAULT_N4096_q8_rep2,DS_PUSHSIG_SERIAL,C0_DEFAULT,4096,8,2,4,18163.5,18169.0,18996.1,847.9
case532_ds_C0_DEFAULT_N4096_q8_rep2,DS_PUSHSIG_SERIAL,C0_DEFAULT,4096,8,2,5,19071.3,19076.8,19893.6,842.3
case532_ds_C0_DEFAULT_N4096_q8_rep2,DS_PUSHSIG_SERIAL,C0_DEFAULT,4096,8,2,6,19973.0,19978.6,20802.2,842.2
case532_ds_C0_DEFAULT_N4096_q8_rep2,DS_PUSHSIG_SERIAL,C0_DEFAULT,4096,8,2,7,20878.8,20884.4,21714.2,842.4
case533_ds_C0_DEFAULT_N4096_q8_rep3,DS_PUSHSIG_SERIAL,C0_DEFAULT,4096,8,3,0,13368.4,13373.9,14215.9,859.5
case533_ds_C0_DEFAULT_N4096_q8_rep3,DS_PUSHSIG_SERIAL,C0_DEFAULT,4096,8,3,1,14905.4,14911.6,15750.2,851.6
case533_ds_C0_DEFAULT_N4096_q8_rep3,DS_PUSHSIG_SERIAL,C0_DEFAULT,4096,8,3,2,15827.5,15832.9,16664.5,848.5
case533_ds_C0_DEFAULT_N4096_q8_rep3,DS_PUSHSIG_SERIAL,C0_DEFAULT,4096,8,3,3,16753.0,16759.0,17593.3,852.5
case533_ds_C0_DEFAULT_N4096_q8_rep3,DS_PUSHSIG_SERIAL,C0_DEFAULT,4096,8,3,4,17675.6,17681.2,18516.9,846.5
case533_ds_C0_DEFAULT_N4096_q8_rep3,DS_PUSHSIG_SERIAL,C0_DEFAULT,4096,8,3,5,18600.5,18606.3,19442.6,843.9
case533_ds_C0_DEFAULT_N4096_q8_rep3,DS_PUSHSIG_SERIAL,C0_DEFAULT,4096,8,3,6,19535.3,19540.8,20369.3,843.3
case533_ds_C0_DEFAULT_N4096_q8_rep3,DS_PUSHSIG_SERIAL,C0_DEFAULT,4096,8,3,7,20457.1,20462.7,21305.9,844.6
case534_ds_C0_DEFAULT_N4096_q8_rep4,DS_PUSHSIG_SERIAL,C0_DEFAULT,4096,8,4,0,13786.0,13791.6,14713.9,853.9
case534_ds_C0_DEFAULT_N4096_q8_rep4,DS_PUSHSIG_SERIAL,C0_DEFAULT,4096,8,4,1,15090.2,15095.6,15932.3,849.2
case534_ds_C0_DEFAULT_N4096_q8_rep4,DS_PUSHSIG_SERIAL,C0_DEFAULT,4096,8,4,2,16021.9,16027.4,16872.9,846.6
case534_ds_C0_DEFAULT_N4096_q8_rep4,DS_PUSHSIG_SERIAL,C0_DEFAULT,4096,8,4,3,16956.2,16961.7,17792.1,849.4
case534_ds_C0_DEFAULT_N4096_q8_rep4,DS_PUSHSIG_SERIAL,C0_DEFAULT,4096,8,4,4,17886.8,17892.5,18708.5,844.7
case534_ds_C0_DEFAULT_N4096_q8_rep4,DS_PUSHSIG_SERIAL,C0_DEFAULT,4096,8,4,5,18784.8,18790.7,19633.7,843.5
case534_ds_C0_DEFAULT_N4096_q8_rep4,DS_PUSHSIG_SERIAL,C0_DEFAULT,4096,8,4,6,19820.5,19827.0,20662.2,842.3
case534_ds_C0_DEFAULT_N4096_q8_rep4,DS_PUSHSIG_SERIAL,C0_DEFAULT,4096,8,4,7,20827.1,20832.5,21665.9,843.4
case535_ds_C0_DEFAULT_N4096_q8_rep5,DS_PUSHSIG_SERIAL,C0_DEFAULT,4096,8,5,0,13174.2,13179.8,14020.5,857.3
case535_ds_C0_DEFAULT_N4096_q8_rep5,DS_PUSHSIG_SERIAL,C0_DEFAULT,4096,8,5,1,14685.3,14690.9,15527.0,849.8
case535_ds_C0_DEFAULT_N4096_q8_rep5,DS_PUSHSIG_SERIAL,C0_DEFAULT,4096,8,5,2,15608.6,15614.2,16431.6,846.0
case535_ds_C0_DEFAULT_N4096_q8_rep5,DS_PUSHSIG_SERIAL,C0_DEFAULT,4096,8,5,3,16512.7,16518.3,17329.9,845.8
case535_ds_C0_DEFAULT_N4096_q8_rep5,DS_PUSHSIG_SERIAL,C0_DEFAULT,4096,8,5,4,17410.8,17416.3,18253.7,843.2
case535_ds_C0_DEFAULT_N4096_q8_rep5,DS_PUSHSIG_SERIAL,C0_DEFAULT,4096,8,5,5,18332.1,18337.6,19169.8,843.3
case535_ds_C0_DEFAULT_N4096_q8_rep5,DS_PUSHSIG_SERIAL,C0_DEFAULT,4096,8,5,6,19246.0,19251.5,20083.3,840.7
case535_ds_C0_DEFAULT_N4096_q8_rep5,DS_PUSHSIG_SERIAL,C0_DEFAULT,4096,8,5,7,20274.6,20280.1,21113.1,842.0
case536_d1_C0_DEFAULT_N4096_q8_rep1,D1_PUSHSIG_OVERLAP,C0_DEFAULT,4096,8,1,0,14231.0,14236.6,15125.9,857.7
case536_d1_C0_DEFAULT_N4096_q8_rep1,D1_PUSHSIG_OVERLAP,C0_DEFAULT,4096,8,1,1,15496.5,15502.2,16342.6,851.2
case536_d1_C0_DEFAULT_N4096_q8_rep1,D1_PUSHSIG_OVERLAP,C0_DEFAULT,4096,8,1,2,16434.3,16439.9,17268.1,848.6
case536_d1_C0_DEFAULT_N4096_q8_rep1,D1_PUSHSIG_OVERLAP,C0_DEFAULT,4096,8,1,3,17347.2,17353.0,18172.3,849.6
case536_d1_C0_DEFAULT_N4096_q8_rep1,D1_PUSHSIG_OVERLAP,C0_DEFAULT,4096,8,1,4,18250.3,18255.9,19074.1,846.4
case536_d1_C0_DEFAULT_N4096_q8_rep1,D1_PUSHSIG_OVERLAP,C0_DEFAULT,4096,8,1,5,19155.1,19160.6,19989.9,843.9
case536_d1_C0_DEFAULT_N4096_q8_rep1,D1_PUSHSIG_OVERLAP,C0_DEFAULT,4096,8,1,6,20069.7,20075.6,20910.0,841.2
case536_d1_C0_DEFAULT_N4096_q8_rep1,D1_PUSHSIG_OVERLAP,C0_DEFAULT,4096,8,1,7,21012.2,21017.9,21853.7,842.4
case537_d1_C0_DEFAULT_N4096_q8_rep2,D1_PUSHSIG_OVERLAP,C0_DEFAULT,4096,8,2,0,13739.5,13745.1,14594.4,856.1
case537_d1_C0_DEFAULT_N4096_q8_rep2,D1_PUSHSIG_OVERLAP,C0_DEFAULT,4096,8,2,1,15085.7,15091.3,15924.4,848.8
case537_d1_C0_DEFAULT_N4096_q8_rep2,D1_PUSHSIG_OVERLAP,C0_DEFAULT,4096,8,2,2,16017.9,16023.5,16863.0,845.2
case537_d1_C0_DEFAULT_N4096_q8_rep2,D1_PUSHSIG_OVERLAP,C0_DEFAULT,4096,8,2,3,16941.2,16946.7,17774.0,848.8
case537_d1_C0_DEFAULT_N4096_q8_rep2,D1_PUSHSIG_OVERLAP,C0_DEFAULT,4096,8,2,4,17860.2,17865.8,18681.5,845.2
case537_d1_C0_DEFAULT_N4096_q8_rep2,D1_PUSHSIG_OVERLAP,C0_DEFAULT,4096,8,2,5,18768.2,18773.6,19607.9,841.6
case537_d1_C0_DEFAULT_N4096_q8_rep2,D1_PUSHSIG_OVERLAP,C0_DEFAULT,4096,8,2,6,19691.4,19698.0,20527.3,841.7
case537_d1_C0_DEFAULT_N4096_q8_rep2,D1_PUSHSIG_OVERLAP,C0_DEFAULT,4096,8,2,7,20605.5,20610.9,21435.9,840.7
case538_d1_C0_DEFAULT_N4096_q8_rep3,D1_PUSHSIG_OVERLAP,C0_DEFAULT,4096,8,3,0,13637.6,13643.3,14474.6,853.5
case538_d1_C0_DEFAULT_N4096_q8_rep3,D1_PUSHSIG_OVERLAP,C0_DEFAULT,4096,8,3,1,15587.7,15593.2,16429.6,844.6
case538_d1_C0_DEFAULT_N4096_q8_rep3,D1_PUSHSIG_OVERLAP,C0_DEFAULT,4096,8,3,2,16505.6,16511.1,17348.7,844.7
case538_d1_C0_DEFAULT_N4096_q8_rep3,D1_PUSHSIG_OVERLAP,C0_DEFAULT,4096,8,3,3,17425.6,17431.1,18269.9,844.8
case538_d1_C0_DEFAULT_N4096_q8_rep3,D1_PUSHSIG_OVERLAP,C0_DEFAULT,4096,8,3,4,18351.8,18357.4,19192.8,840.6
case538_d1_C0_DEFAULT_N4096_q8_rep3,D1_PUSHSIG_OVERLAP,C0_DEFAULT,4096,8,3,5,19272.4,19277.7,20113.8,838.6
case538_d1_C0_DEFAULT_N4096_q8_rep3,D1_PUSHSIG_OVERLAP,C0_DEFAULT,4096,8,3,6,20252.7,20258.3,21088.9,836.8
case538_d1_C0_DEFAULT_N4096_q8_rep3,D1_PUSHSIG_OVERLAP,C0_DEFAULT,4096,8,3,7,21183.7,21189.0,22014.6,837.7
case539_d1_C0_DEFAULT_N4096_q8_rep4,D1_PUSHSIG_OVERLAP,C0_DEFAULT,4096,8,4,0,13547.9,13553.5,14407.4,857.9
case539_d1_C0_DEFAULT_N4096_q8_rep4,D1_PUSHSIG_OVERLAP,C0_DEFAULT,4096,8,4,1,15153.1,15158.6,15983.2,847.9
case539_d1_C0_DEFAULT_N4096_q8_rep4,D1_PUSHSIG_OVERLAP,C0_DEFAULT,4096,8,4,2,16065.9,16071.5,16899.5,850.3
case539_d1_C0_DEFAULT_N4096_q8_rep4,D1_PUSHSIG_OVERLAP,C0_DEFAULT,4096,8,4,3,16975.5,16981.1,17814.4,847.4
case539_d1_C0_DEFAULT_N4096_q8_rep4,D1_PUSHSIG_OVERLAP,C0_DEFAULT,4096,8,4,4,17890.6,17896.1,18712.1,844.6
case539_d1_C0_DEFAULT_N4096_q8_rep4,D1_PUSHSIG_OVERLAP,C0_DEFAULT,4096,8,4,5,18787.4,18793.2,19618.8,840.8
case539_d1_C0_DEFAULT_N4096_q8_rep4,D1_PUSHSIG_OVERLAP,C0_DEFAULT,4096,8,4,6,19696.4,19702.0,20534.0,842.1
case539_d1_C0_DEFAULT_N4096_q8_rep4,D1_PUSHSIG_OVERLAP,C0_DEFAULT,4096,8,4,7,20755.7,20761.3,21575.8,841.5
case540_d1_C0_DEFAULT_N4096_q8_rep5,D1_PUSHSIG_OVERLAP,C0_DEFAULT,4096,8,5,0,13864.5,13870.1,14705.3,856.8
case540_d1_C0_DEFAULT_N4096_q8_rep5,D1_PUSHSIG_OVERLAP,C0_DEFAULT,4096,8,5,1,15031.4,15036.9,15854.7,845.4
case540_d1_C0_DEFAULT_N4096_q8_rep5,D1_PUSHSIG_OVERLAP,C0_DEFAULT,4096,8,5,2,15931.7,15937.3,16760.0,845.2
case540_d1_C0_DEFAULT_N4096_q8_rep5,D1_PUSHSIG_OVERLAP,C0_DEFAULT,4096,8,5,3,16925.7,16931.4,17741.6,847.3
case540_d1_C0_DEFAULT_N4096_q8_rep5,D1_PUSHSIG_OVERLAP,C0_DEFAULT,4096,8,5,4,17820.5,17826.1,18645.1,844.4
case540_d1_C0_DEFAULT_N4096_q8_rep5,D1_PUSHSIG_OVERLAP,C0_DEFAULT,4096,8,5,5,18717.3,18722.7,19537.0,843.8
case540_d1_C0_DEFAULT_N4096_q8_rep5,D1_PUSHSIG_OVERLAP,C0_DEFAULT,4096,8,5,6,19610.3,19616.0,20451.7,841.6
case540_d1_C0_DEFAULT_N4096_q8_rep5,D1_PUSHSIG_OVERLAP,C0_DEFAULT,4096,8,5,7,20537.8,20543.3,21367.5,839.6
case541_comm_C0_DEFAULT_N2048_q16_rep1,COMM_ONLY,C0_DEFAULT,2048,16,1,0,311.3,0.0,0.0,0.0
case541_comm_C0_DEFAULT_N2048_q16_rep1,COMM_ONLY,C0_DEFAULT,2048,16,1,1,594.4,0.0,0.0,0.0
case541_comm_C0_DEFAULT_N2048_q16_rep1,COMM_ONLY,C0_DEFAULT,2048,16,1,2,876.2,0.0,0.0,0.0
case541_comm_C0_DEFAULT_N2048_q16_rep1,COMM_ONLY,C0_DEFAULT,2048,16,1,3,1158.8,0.0,0.0,0.0
case541_comm_C0_DEFAULT_N2048_q16_rep1,COMM_ONLY,C0_DEFAULT,2048,16,1,4,1440.5,0.0,0.0,0.0
case541_comm_C0_DEFAULT_N2048_q16_rep1,COMM_ONLY,C0_DEFAULT,2048,16,1,5,1723.5,0.0,0.0,0.0
case541_comm_C0_DEFAULT_N2048_q16_rep1,COMM_ONLY,C0_DEFAULT,2048,16,1,6,2005.8,0.0,0.0,0.0
case541_comm_C0_DEFAULT_N2048_q16_rep1,COMM_ONLY,C0_DEFAULT,2048,16,1,7,2288.3,0.0,0.0,0.0
case541_comm_C0_DEFAULT_N2048_q16_rep1,COMM_ONLY,C0_DEFAULT,2048,16,1,8,2571.1,0.0,0.0,0.0
case541_comm_C0_DEFAULT_N2048_q16_rep1,COMM_ONLY,C0_DEFAULT,2048,16,1,9,2853.3,0.0,0.0,0.0
case541_comm_C0_DEFAULT_N2048_q16_rep1,COMM_ONLY,C0_DEFAULT,2048,16,1,10,3135.5,0.0,0.0,0.0
case541_comm_C0_DEFAULT_N2048_q16_rep1,COMM_ONLY,C0_DEFAULT,2048,16,1,11,3417.5,0.0,0.0,0.0
case541_comm_C0_DEFAULT_N2048_q16_rep1,COMM_ONLY,C0_DEFAULT,2048,16,1,12,3700.5,0.0,0.0,0.0
case541_comm_C0_DEFAULT_N2048_q16_rep1,COMM_ONLY,C0_DEFAULT,2048,16,1,13,3982.2,0.0,0.0,0.0
case541_comm_C0_DEFAULT_N2048_q16_rep1,COMM_ONLY,C0_DEFAULT,2048,16,1,14,4264.5,0.0,0.0,0.0
case541_comm_C0_DEFAULT_N2048_q16_rep1,COMM_ONLY,C0_DEFAULT,2048,16,1,15,4547.1,0.0,0.0,0.0
case542_comm_C0_DEFAULT_N2048_q16_rep2,COMM_ONLY,C0_DEFAULT,2048,16,2,0,301.9,0.0,0.0,0.0
case542_comm_C0_DEFAULT_N2048_q16_rep2,COMM_ONLY,C0_DEFAULT,2048,16,2,1,584.8,0.0,0.0,0.0
case542_comm_C0_DEFAULT_N2048_q16_rep2,COMM_ONLY,C0_DEFAULT,2048,16,2,2,867.7,0.0,0.0,0.0
case542_comm_C0_DEFAULT_N2048_q16_rep2,COMM_ONLY,C0_DEFAULT,2048,16,2,3,1150.1,0.0,0.0,0.0
case542_comm_C0_DEFAULT_N2048_q16_rep2,COMM_ONLY,C0_DEFAULT,2048,16,2,4,1432.6,0.0,0.0,0.0
case542_comm_C0_DEFAULT_N2048_q16_rep2,COMM_ONLY,C0_DEFAULT,2048,16,2,5,1715.9,0.0,0.0,0.0
case542_comm_C0_DEFAULT_N2048_q16_rep2,COMM_ONLY,C0_DEFAULT,2048,16,2,6,1998.9,0.0,0.0,0.0
case542_comm_C0_DEFAULT_N2048_q16_rep2,COMM_ONLY,C0_DEFAULT,2048,16,2,7,2282.0,0.0,0.0,0.0
case542_comm_C0_DEFAULT_N2048_q16_rep2,COMM_ONLY,C0_DEFAULT,2048,16,2,8,2564.1,0.0,0.0,0.0
case542_comm_C0_DEFAULT_N2048_q16_rep2,COMM_ONLY,C0_DEFAULT,2048,16,2,9,2846.8,0.0,0.0,0.0
case542_comm_C0_DEFAULT_N2048_q16_rep2,COMM_ONLY,C0_DEFAULT,2048,16,2,10,3129.5,0.0,0.0,0.0
case542_comm_C0_DEFAULT_N2048_q16_rep2,COMM_ONLY,C0_DEFAULT,2048,16,2,11,3412.8,0.0,0.0,0.0
case542_comm_C0_DEFAULT_N2048_q16_rep2,COMM_ONLY,C0_DEFAULT,2048,16,2,12,3695.2,0.0,0.0,0.0
case542_comm_C0_DEFAULT_N2048_q16_rep2,COMM_ONLY,C0_DEFAULT,2048,16,2,13,3977.9,0.0,0.0,0.0
case542_comm_C0_DEFAULT_N2048_q16_rep2,COMM_ONLY,C0_DEFAULT,2048,16,2,14,4260.1,0.0,0.0,0.0
case542_comm_C0_DEFAULT_N2048_q16_rep2,COMM_ONLY,C0_DEFAULT,2048,16,2,15,4542.6,0.0,0.0,0.0
case543_comm_C0_DEFAULT_N2048_q16_rep3,COMM_ONLY,C0_DEFAULT,2048,16,3,0,310.5,0.0,0.0,0.0
case543_comm_C0_DEFAULT_N2048_q16_rep3,COMM_ONLY,C0_DEFAULT,2048,16,3,1,592.8,0.0,0.0,0.0
case543_comm_C0_DEFAULT_N2048_q16_rep3,COMM_ONLY,C0_DEFAULT,2048,16,3,2,873.8,0.0,0.0,0.0
case543_comm_C0_DEFAULT_N2048_q16_rep3,COMM_ONLY,C0_DEFAULT,2048,16,3,3,1155.5,0.0,0.0,0.0
case543_comm_C0_DEFAULT_N2048_q16_rep3,COMM_ONLY,C0_DEFAULT,2048,16,3,4,1437.8,0.0,0.0,0.0
case543_comm_C0_DEFAULT_N2048_q16_rep3,COMM_ONLY,C0_DEFAULT,2048,16,3,5,1720.9,0.0,0.0,0.0
case543_comm_C0_DEFAULT_N2048_q16_rep3,COMM_ONLY,C0_DEFAULT,2048,16,3,6,2003.0,0.0,0.0,0.0
case543_comm_C0_DEFAULT_N2048_q16_rep3,COMM_ONLY,C0_DEFAULT,2048,16,3,7,2285.8,0.0,0.0,0.0
case543_comm_C0_DEFAULT_N2048_q16_rep3,COMM_ONLY,C0_DEFAULT,2048,16,3,8,2568.3,0.0,0.0,0.0
case543_comm_C0_DEFAULT_N2048_q16_rep3,COMM_ONLY,C0_DEFAULT,2048,16,3,9,2850.8,0.0,0.0,0.0
case543_comm_C0_DEFAULT_N2048_q16_rep3,COMM_ONLY,C0_DEFAULT,2048,16,3,10,3134.1,0.0,0.0,0.0
case543_comm_C0_DEFAULT_N2048_q16_rep3,COMM_ONLY,C0_DEFAULT,2048,16,3,11,3416.8,0.0,0.0,0.0
case543_comm_C0_DEFAULT_N2048_q16_rep3,COMM_ONLY,C0_DEFAULT,2048,16,3,12,3700.4,0.0,0.0,0.0
case543_comm_C0_DEFAULT_N2048_q16_rep3,COMM_ONLY,C0_DEFAULT,2048,16,3,13,3983.0,0.0,0.0,0.0
case543_comm_C0_DEFAULT_N2048_q16_rep3,COMM_ONLY,C0_DEFAULT,2048,16,3,14,4266.2,0.0,0.0,0.0
case543_comm_C0_DEFAULT_N2048_q16_rep3,COMM_ONLY,C0_DEFAULT,2048,16,3,15,4548.9,0.0,0.0,0.0
case544_comm_C0_DEFAULT_N2048_q16_rep4,COMM_ONLY,C0_DEFAULT,2048,16,4,0,301.3,0.0,0.0,0.0
case544_comm_C0_DEFAULT_N2048_q16_rep4,COMM_ONLY,C0_DEFAULT,2048,16,4,1,584.4,0.0,0.0,0.0
case544_comm_C0_DEFAULT_N2048_q16_rep4,COMM_ONLY,C0_DEFAULT,2048,16,4,2,867.7,0.0,0.0,0.0
case544_comm_C0_DEFAULT_N2048_q16_rep4,COMM_ONLY,C0_DEFAULT,2048,16,4,3,1150.6,0.0,0.0,0.0
case544_comm_C0_DEFAULT_N2048_q16_rep4,COMM_ONLY,C0_DEFAULT,2048,16,4,4,1433.7,0.0,0.0,0.0
case544_comm_C0_DEFAULT_N2048_q16_rep4,COMM_ONLY,C0_DEFAULT,2048,16,4,5,1716.2,0.0,0.0,0.0
case544_comm_C0_DEFAULT_N2048_q16_rep4,COMM_ONLY,C0_DEFAULT,2048,16,4,6,1999.0,0.0,0.0,0.0
case544_comm_C0_DEFAULT_N2048_q16_rep4,COMM_ONLY,C0_DEFAULT,2048,16,4,7,2282.3,0.0,0.0,0.0
case544_comm_C0_DEFAULT_N2048_q16_rep4,COMM_ONLY,C0_DEFAULT,2048,16,4,8,2565.3,0.0,0.0,0.0
case544_comm_C0_DEFAULT_N2048_q16_rep4,COMM_ONLY,C0_DEFAULT,2048,16,4,9,2848.1,0.0,0.0,0.0
case544_comm_C0_DEFAULT_N2048_q16_rep4,COMM_ONLY,C0_DEFAULT,2048,16,4,10,3131.4,0.0,0.0,0.0
case544_comm_C0_DEFAULT_N2048_q16_rep4,COMM_ONLY,C0_DEFAULT,2048,16,4,11,3413.7,0.0,0.0,0.0
case544_comm_C0_DEFAULT_N2048_q16_rep4,COMM_ONLY,C0_DEFAULT,2048,16,4,12,3697.2,0.0,0.0,0.0
case544_comm_C0_DEFAULT_N2048_q16_rep4,COMM_ONLY,C0_DEFAULT,2048,16,4,13,3979.8,0.0,0.0,0.0
case544_comm_C0_DEFAULT_N2048_q16_rep4,COMM_ONLY,C0_DEFAULT,2048,16,4,14,4263.2,0.0,0.0,0.0
case544_comm_C0_DEFAULT_N2048_q16_rep4,COMM_ONLY,C0_DEFAULT,2048,16,4,15,4545.3,0.0,0.0,0.0
case545_comm_C0_DEFAULT_N2048_q16_rep5,COMM_ONLY,C0_DEFAULT,2048,16,5,0,302.1,0.0,0.0,0.0
case545_comm_C0_DEFAULT_N2048_q16_rep5,COMM_ONLY,C0_DEFAULT,2048,16,5,1,585.1,0.0,0.0,0.0
case545_comm_C0_DEFAULT_N2048_q16_rep5,COMM_ONLY,C0_DEFAULT,2048,16,5,2,868.1,0.0,0.0,0.0
case545_comm_C0_DEFAULT_N2048_q16_rep5,COMM_ONLY,C0_DEFAULT,2048,16,5,3,1151.2,0.0,0.0,0.0
case545_comm_C0_DEFAULT_N2048_q16_rep5,COMM_ONLY,C0_DEFAULT,2048,16,5,4,1434.0,0.0,0.0,0.0
case545_comm_C0_DEFAULT_N2048_q16_rep5,COMM_ONLY,C0_DEFAULT,2048,16,5,5,1717.2,0.0,0.0,0.0
case545_comm_C0_DEFAULT_N2048_q16_rep5,COMM_ONLY,C0_DEFAULT,2048,16,5,6,2000.3,0.0,0.0,0.0
case545_comm_C0_DEFAULT_N2048_q16_rep5,COMM_ONLY,C0_DEFAULT,2048,16,5,7,2283.2,0.0,0.0,0.0
case545_comm_C0_DEFAULT_N2048_q16_rep5,COMM_ONLY,C0_DEFAULT,2048,16,5,8,2565.9,0.0,0.0,0.0
case545_comm_C0_DEFAULT_N2048_q16_rep5,COMM_ONLY,C0_DEFAULT,2048,16,5,9,2848.6,0.0,0.0,0.0
case545_comm_C0_DEFAULT_N2048_q16_rep5,COMM_ONLY,C0_DEFAULT,2048,16,5,10,3132.0,0.0,0.0,0.0
case545_comm_C0_DEFAULT_N2048_q16_rep5,COMM_ONLY,C0_DEFAULT,2048,16,5,11,3414.5,0.0,0.0,0.0
case545_comm_C0_DEFAULT_N2048_q16_rep5,COMM_ONLY,C0_DEFAULT,2048,16,5,12,3697.5,0.0,0.0,0.0
case545_comm_C0_DEFAULT_N2048_q16_rep5,COMM_ONLY,C0_DEFAULT,2048,16,5,13,3980.3,0.0,0.0,0.0
case545_comm_C0_DEFAULT_N2048_q16_rep5,COMM_ONLY,C0_DEFAULT,2048,16,5,14,4263.1,0.0,0.0,0.0
case545_comm_C0_DEFAULT_N2048_q16_rep5,COMM_ONLY,C0_DEFAULT,2048,16,5,15,4546.5,0.0,0.0,0.0
case546_comm_C2_RING_SIMPLE_CH8_N2048_q16_rep1,COMM_ONLY,C2_RING_SIMPLE_CH8,2048,16,1,0,300.9,0.0,0.0,0.0
case546_comm_C2_RING_SIMPLE_CH8_N2048_q16_rep1,COMM_ONLY,C2_RING_SIMPLE_CH8,2048,16,1,1,582.5,0.0,0.0,0.0
case546_comm_C2_RING_SIMPLE_CH8_N2048_q16_rep1,COMM_ONLY,C2_RING_SIMPLE_CH8,2048,16,1,2,862.9,0.0,0.0,0.0
case546_comm_C2_RING_SIMPLE_CH8_N2048_q16_rep1,COMM_ONLY,C2_RING_SIMPLE_CH8,2048,16,1,3,1143.4,0.0,0.0,0.0
case546_comm_C2_RING_SIMPLE_CH8_N2048_q16_rep1,COMM_ONLY,C2_RING_SIMPLE_CH8,2048,16,1,4,1423.7,0.0,0.0,0.0
case546_comm_C2_RING_SIMPLE_CH8_N2048_q16_rep1,COMM_ONLY,C2_RING_SIMPLE_CH8,2048,16,1,5,1704.1,0.0,0.0,0.0
case546_comm_C2_RING_SIMPLE_CH8_N2048_q16_rep1,COMM_ONLY,C2_RING_SIMPLE_CH8,2048,16,1,6,1985.2,0.0,0.0,0.0
case546_comm_C2_RING_SIMPLE_CH8_N2048_q16_rep1,COMM_ONLY,C2_RING_SIMPLE_CH8,2048,16,1,7,2265.8,0.0,0.0,0.0
case546_comm_C2_RING_SIMPLE_CH8_N2048_q16_rep1,COMM_ONLY,C2_RING_SIMPLE_CH8,2048,16,1,8,2546.7,0.0,0.0,0.0
case546_comm_C2_RING_SIMPLE_CH8_N2048_q16_rep1,COMM_ONLY,C2_RING_SIMPLE_CH8,2048,16,1,9,2826.7,0.0,0.0,0.0
case546_comm_C2_RING_SIMPLE_CH8_N2048_q16_rep1,COMM_ONLY,C2_RING_SIMPLE_CH8,2048,16,1,10,3107.2,0.0,0.0,0.0
case546_comm_C2_RING_SIMPLE_CH8_N2048_q16_rep1,COMM_ONLY,C2_RING_SIMPLE_CH8,2048,16,1,11,3388.3,0.0,0.0,0.0
case546_comm_C2_RING_SIMPLE_CH8_N2048_q16_rep1,COMM_ONLY,C2_RING_SIMPLE_CH8,2048,16,1,12,3669.2,0.0,0.0,0.0
case546_comm_C2_RING_SIMPLE_CH8_N2048_q16_rep1,COMM_ONLY,C2_RING_SIMPLE_CH8,2048,16,1,13,3949.4,0.0,0.0,0.0
case546_comm_C2_RING_SIMPLE_CH8_N2048_q16_rep1,COMM_ONLY,C2_RING_SIMPLE_CH8,2048,16,1,14,4229.5,0.0,0.0,0.0
case546_comm_C2_RING_SIMPLE_CH8_N2048_q16_rep1,COMM_ONLY,C2_RING_SIMPLE_CH8,2048,16,1,15,4510.3,0.0,0.0,0.0
case547_comm_C2_RING_SIMPLE_CH8_N2048_q16_rep2,COMM_ONLY,C2_RING_SIMPLE_CH8,2048,16,2,0,298.7,0.0,0.0,0.0
case547_comm_C2_RING_SIMPLE_CH8_N2048_q16_rep2,COMM_ONLY,C2_RING_SIMPLE_CH8,2048,16,2,1,580.4,0.0,0.0,0.0
case547_comm_C2_RING_SIMPLE_CH8_N2048_q16_rep2,COMM_ONLY,C2_RING_SIMPLE_CH8,2048,16,2,2,861.7,0.0,0.0,0.0
case547_comm_C2_RING_SIMPLE_CH8_N2048_q16_rep2,COMM_ONLY,C2_RING_SIMPLE_CH8,2048,16,2,3,1142.7,0.0,0.0,0.0
case547_comm_C2_RING_SIMPLE_CH8_N2048_q16_rep2,COMM_ONLY,C2_RING_SIMPLE_CH8,2048,16,2,4,1423.4,0.0,0.0,0.0
case547_comm_C2_RING_SIMPLE_CH8_N2048_q16_rep2,COMM_ONLY,C2_RING_SIMPLE_CH8,2048,16,2,5,1704.5,0.0,0.0,0.0
case547_comm_C2_RING_SIMPLE_CH8_N2048_q16_rep2,COMM_ONLY,C2_RING_SIMPLE_CH8,2048,16,2,6,1985.1,0.0,0.0,0.0
case547_comm_C2_RING_SIMPLE_CH8_N2048_q16_rep2,COMM_ONLY,C2_RING_SIMPLE_CH8,2048,16,2,7,2266.4,0.0,0.0,0.0
case547_comm_C2_RING_SIMPLE_CH8_N2048_q16_rep2,COMM_ONLY,C2_RING_SIMPLE_CH8,2048,16,2,8,2546.6,0.0,0.0,0.0
case547_comm_C2_RING_SIMPLE_CH8_N2048_q16_rep2,COMM_ONLY,C2_RING_SIMPLE_CH8,2048,16,2,9,2826.9,0.0,0.0,0.0
case547_comm_C2_RING_SIMPLE_CH8_N2048_q16_rep2,COMM_ONLY,C2_RING_SIMPLE_CH8,2048,16,2,10,3107.4,0.0,0.0,0.0
case547_comm_C2_RING_SIMPLE_CH8_N2048_q16_rep2,COMM_ONLY,C2_RING_SIMPLE_CH8,2048,16,2,11,3387.6,0.0,0.0,0.0
case547_comm_C2_RING_SIMPLE_CH8_N2048_q16_rep2,COMM_ONLY,C2_RING_SIMPLE_CH8,2048,16,2,12,3668.9,0.0,0.0,0.0
case547_comm_C2_RING_SIMPLE_CH8_N2048_q16_rep2,COMM_ONLY,C2_RING_SIMPLE_CH8,2048,16,2,13,3949.1,0.0,0.0,0.0
case547_comm_C2_RING_SIMPLE_CH8_N2048_q16_rep2,COMM_ONLY,C2_RING_SIMPLE_CH8,2048,16,2,14,4229.7,0.0,0.0,0.0
case547_comm_C2_RING_SIMPLE_CH8_N2048_q16_rep2,COMM_ONLY,C2_RING_SIMPLE_CH8,2048,16,2,15,4509.5,0.0,0.0,0.0
case548_comm_C2_RING_SIMPLE_CH8_N2048_q16_rep3,COMM_ONLY,C2_RING_SIMPLE_CH8,2048,16,3,0,310.4,0.0,0.0,0.0
case548_comm_C2_RING_SIMPLE_CH8_N2048_q16_rep3,COMM_ONLY,C2_RING_SIMPLE_CH8,2048,16,3,1,591.2,0.0,0.0,0.0
case548_comm_C2_RING_SIMPLE_CH8_N2048_q16_rep3,COMM_ONLY,C2_RING_SIMPLE_CH8,2048,16,3,2,871.7,0.0,0.0,0.0
case548_comm_C2_RING_SIMPLE_CH8_N2048_q16_rep3,COMM_ONLY,C2_RING_SIMPLE_CH8,2048,16,3,3,1153.3,0.0,0.0,0.0
case548_comm_C2_RING_SIMPLE_CH8_N2048_q16_rep3,COMM_ONLY,C2_RING_SIMPLE_CH8,2048,16,3,4,1434.3,0.0,0.0,0.0
case548_comm_C2_RING_SIMPLE_CH8_N2048_q16_rep3,COMM_ONLY,C2_RING_SIMPLE_CH8,2048,16,3,5,1715.1,0.0,0.0,0.0
case548_comm_C2_RING_SIMPLE_CH8_N2048_q16_rep3,COMM_ONLY,C2_RING_SIMPLE_CH8,2048,16,3,6,1996.0,0.0,0.0,0.0
case548_comm_C2_RING_SIMPLE_CH8_N2048_q16_rep3,COMM_ONLY,C2_RING_SIMPLE_CH8,2048,16,3,7,2276.9,0.0,0.0,0.0
case548_comm_C2_RING_SIMPLE_CH8_N2048_q16_rep3,COMM_ONLY,C2_RING_SIMPLE_CH8,2048,16,3,8,2557.9,0.0,0.0,0.0
case548_comm_C2_RING_SIMPLE_CH8_N2048_q16_rep3,COMM_ONLY,C2_RING_SIMPLE_CH8,2048,16,3,9,2838.7,0.0,0.0,0.0
case548_comm_C2_RING_SIMPLE_CH8_N2048_q16_rep3,COMM_ONLY,C2_RING_SIMPLE_CH8,2048,16,3,10,3119.7,0.0,0.0,0.0
case548_comm_C2_RING_SIMPLE_CH8_N2048_q16_rep3,COMM_ONLY,C2_RING_SIMPLE_CH8,2048,16,3,11,3400.2,0.0,0.0,0.0
case548_comm_C2_RING_SIMPLE_CH8_N2048_q16_rep3,COMM_ONLY,C2_RING_SIMPLE_CH8,2048,16,3,12,3680.6,0.0,0.0,0.0
case548_comm_C2_RING_SIMPLE_CH8_N2048_q16_rep3,COMM_ONLY,C2_RING_SIMPLE_CH8,2048,16,3,13,3961.1,0.0,0.0,0.0
case548_comm_C2_RING_SIMPLE_CH8_N2048_q16_rep3,COMM_ONLY,C2_RING_SIMPLE_CH8,2048,16,3,14,4242.8,0.0,0.0,0.0
case548_comm_C2_RING_SIMPLE_CH8_N2048_q16_rep3,COMM_ONLY,C2_RING_SIMPLE_CH8,2048,16,3,15,4522.6,0.0,0.0,0.0
case549_comm_C2_RING_SIMPLE_CH8_N2048_q16_rep4,COMM_ONLY,C2_RING_SIMPLE_CH8,2048,16,4,0,313.9,0.0,0.0,0.0
case549_comm_C2_RING_SIMPLE_CH8_N2048_q16_rep4,COMM_ONLY,C2_RING_SIMPLE_CH8,2048,16,4,1,594.0,0.0,0.0,0.0
case549_comm_C2_RING_SIMPLE_CH8_N2048_q16_rep4,COMM_ONLY,C2_RING_SIMPLE_CH8,2048,16,4,2,874.8,0.0,0.0,0.0
case549_comm_C2_RING_SIMPLE_CH8_N2048_q16_rep4,COMM_ONLY,C2_RING_SIMPLE_CH8,2048,16,4,3,1155.3,0.0,0.0,0.0
case549_comm_C2_RING_SIMPLE_CH8_N2048_q16_rep4,COMM_ONLY,C2_RING_SIMPLE_CH8,2048,16,4,4,1435.1,0.0,0.0,0.0
case549_comm_C2_RING_SIMPLE_CH8_N2048_q16_rep4,COMM_ONLY,C2_RING_SIMPLE_CH8,2048,16,4,5,1715.7,0.0,0.0,0.0
case549_comm_C2_RING_SIMPLE_CH8_N2048_q16_rep4,COMM_ONLY,C2_RING_SIMPLE_CH8,2048,16,4,6,1996.0,0.0,0.0,0.0
case549_comm_C2_RING_SIMPLE_CH8_N2048_q16_rep4,COMM_ONLY,C2_RING_SIMPLE_CH8,2048,16,4,7,2276.9,0.0,0.0,0.0
case549_comm_C2_RING_SIMPLE_CH8_N2048_q16_rep4,COMM_ONLY,C2_RING_SIMPLE_CH8,2048,16,4,8,2557.0,0.0,0.0,0.0
case549_comm_C2_RING_SIMPLE_CH8_N2048_q16_rep4,COMM_ONLY,C2_RING_SIMPLE_CH8,2048,16,4,9,2838.0,0.0,0.0,0.0
case549_comm_C2_RING_SIMPLE_CH8_N2048_q16_rep4,COMM_ONLY,C2_RING_SIMPLE_CH8,2048,16,4,10,3118.1,0.0,0.0,0.0
case549_comm_C2_RING_SIMPLE_CH8_N2048_q16_rep4,COMM_ONLY,C2_RING_SIMPLE_CH8,2048,16,4,11,3398.7,0.0,0.0,0.0
case549_comm_C2_RING_SIMPLE_CH8_N2048_q16_rep4,COMM_ONLY,C2_RING_SIMPLE_CH8,2048,16,4,12,3679.5,0.0,0.0,0.0
case549_comm_C2_RING_SIMPLE_CH8_N2048_q16_rep4,COMM_ONLY,C2_RING_SIMPLE_CH8,2048,16,4,13,3959.9,0.0,0.0,0.0
case549_comm_C2_RING_SIMPLE_CH8_N2048_q16_rep4,COMM_ONLY,C2_RING_SIMPLE_CH8,2048,16,4,14,4240.6,0.0,0.0,0.0
case549_comm_C2_RING_SIMPLE_CH8_N2048_q16_rep4,COMM_ONLY,C2_RING_SIMPLE_CH8,2048,16,4,15,4521.2,0.0,0.0,0.0
case550_comm_C2_RING_SIMPLE_CH8_N2048_q16_rep5,COMM_ONLY,C2_RING_SIMPLE_CH8,2048,16,5,0,307.7,0.0,0.0,0.0
case550_comm_C2_RING_SIMPLE_CH8_N2048_q16_rep5,COMM_ONLY,C2_RING_SIMPLE_CH8,2048,16,5,1,587.8,0.0,0.0,0.0
case550_comm_C2_RING_SIMPLE_CH8_N2048_q16_rep5,COMM_ONLY,C2_RING_SIMPLE_CH8,2048,16,5,2,867.7,0.0,0.0,0.0
case550_comm_C2_RING_SIMPLE_CH8_N2048_q16_rep5,COMM_ONLY,C2_RING_SIMPLE_CH8,2048,16,5,3,1148.1,0.0,0.0,0.0
case550_comm_C2_RING_SIMPLE_CH8_N2048_q16_rep5,COMM_ONLY,C2_RING_SIMPLE_CH8,2048,16,5,4,1428.0,0.0,0.0,0.0
case550_comm_C2_RING_SIMPLE_CH8_N2048_q16_rep5,COMM_ONLY,C2_RING_SIMPLE_CH8,2048,16,5,5,1709.0,0.0,0.0,0.0
case550_comm_C2_RING_SIMPLE_CH8_N2048_q16_rep5,COMM_ONLY,C2_RING_SIMPLE_CH8,2048,16,5,6,1989.1,0.0,0.0,0.0
case550_comm_C2_RING_SIMPLE_CH8_N2048_q16_rep5,COMM_ONLY,C2_RING_SIMPLE_CH8,2048,16,5,7,2269.9,0.0,0.0,0.0
case550_comm_C2_RING_SIMPLE_CH8_N2048_q16_rep5,COMM_ONLY,C2_RING_SIMPLE_CH8,2048,16,5,8,2550.7,0.0,0.0,0.0
case550_comm_C2_RING_SIMPLE_CH8_N2048_q16_rep5,COMM_ONLY,C2_RING_SIMPLE_CH8,2048,16,5,9,2831.0,0.0,0.0,0.0
case550_comm_C2_RING_SIMPLE_CH8_N2048_q16_rep5,COMM_ONLY,C2_RING_SIMPLE_CH8,2048,16,5,10,3111.3,0.0,0.0,0.0
case550_comm_C2_RING_SIMPLE_CH8_N2048_q16_rep5,COMM_ONLY,C2_RING_SIMPLE_CH8,2048,16,5,11,3391.6,0.0,0.0,0.0
case550_comm_C2_RING_SIMPLE_CH8_N2048_q16_rep5,COMM_ONLY,C2_RING_SIMPLE_CH8,2048,16,5,12,3672.5,0.0,0.0,0.0
case550_comm_C2_RING_SIMPLE_CH8_N2048_q16_rep5,COMM_ONLY,C2_RING_SIMPLE_CH8,2048,16,5,13,3953.4,0.0,0.0,0.0
case550_comm_C2_RING_SIMPLE_CH8_N2048_q16_rep5,COMM_ONLY,C2_RING_SIMPLE_CH8,2048,16,5,14,4233.6,0.0,0.0,0.0
case550_comm_C2_RING_SIMPLE_CH8_N2048_q16_rep5,COMM_ONLY,C2_RING_SIMPLE_CH8,2048,16,5,15,4513.5,0.0,0.0,0.0
case551_gemm_C0_DEFAULT_N2048_q16_rep1,GEMM_ONLY,C0_DEFAULT,2048,16,1,0,0.0,123.4,342.4,220.9
case551_gemm_C0_DEFAULT_N2048_q16_rep1,GEMM_ONLY,C0_DEFAULT,2048,16,1,1,0.0,348.6,565.2,219.7
case551_gemm_C0_DEFAULT_N2048_q16_rep1,GEMM_ONLY,C0_DEFAULT,2048,16,1,2,0.0,570.9,786.9,218.5
case551_gemm_C0_DEFAULT_N2048_q16_rep1,GEMM_ONLY,C0_DEFAULT,2048,16,1,3,0.0,792.5,1006.7,217.2
case551_gemm_C0_DEFAULT_N2048_q16_rep1,GEMM_ONLY,C0_DEFAULT,2048,16,1,4,0.0,1012.5,1228.3,217.7
case551_gemm_C0_DEFAULT_N2048_q16_rep1,GEMM_ONLY,C0_DEFAULT,2048,16,1,5,0.0,1233.9,1446.7,219.0
case551_gemm_C0_DEFAULT_N2048_q16_rep1,GEMM_ONLY,C0_DEFAULT,2048,16,1,6,0.0,1452.5,1668.4,218.9
case551_gemm_C0_DEFAULT_N2048_q16_rep1,GEMM_ONLY,C0_DEFAULT,2048,16,1,7,0.0,1674.1,1890.8,220.0
case551_gemm_C0_DEFAULT_N2048_q16_rep1,GEMM_ONLY,C0_DEFAULT,2048,16,1,8,0.0,1896.7,2113.8,220.3
case551_gemm_C0_DEFAULT_N2048_q16_rep1,GEMM_ONLY,C0_DEFAULT,2048,16,1,9,0.0,2119.5,2336.1,221.1
case551_gemm_C0_DEFAULT_N2048_q16_rep1,GEMM_ONLY,C0_DEFAULT,2048,16,1,10,0.0,2342.0,2563.0,222.4
case551_gemm_C0_DEFAULT_N2048_q16_rep1,GEMM_ONLY,C0_DEFAULT,2048,16,1,11,0.0,2568.7,2789.1,222.5
case551_gemm_C0_DEFAULT_N2048_q16_rep1,GEMM_ONLY,C0_DEFAULT,2048,16,1,12,0.0,2795.0,3017.9,223.8
case551_gemm_C0_DEFAULT_N2048_q16_rep1,GEMM_ONLY,C0_DEFAULT,2048,16,1,13,0.0,3024.0,3244.9,224.0
case551_gemm_C0_DEFAULT_N2048_q16_rep1,GEMM_ONLY,C0_DEFAULT,2048,16,1,14,0.0,3250.9,3474.3,226.1
case551_gemm_C0_DEFAULT_N2048_q16_rep1,GEMM_ONLY,C0_DEFAULT,2048,16,1,15,0.0,3480.0,3704.7,225.3
case552_gemm_C0_DEFAULT_N2048_q16_rep2,GEMM_ONLY,C0_DEFAULT,2048,16,2,0,0.0,121.6,341.4,220.6
case552_gemm_C0_DEFAULT_N2048_q16_rep2,GEMM_ONLY,C0_DEFAULT,2048,16,2,1,0.0,347.2,563.9,219.8
case552_gemm_C0_DEFAULT_N2048_q16_rep2,GEMM_ONLY,C0_DEFAULT,2048,16,2,2,0.0,569.6,784.4,217.3
case552_gemm_C0_DEFAULT_N2048_q16_rep2,GEMM_ONLY,C0_DEFAULT,2048,16,2,3,0.0,789.9,1004.7,217.2
case552_gemm_C0_DEFAULT_N2048_q16_rep2,GEMM_ONLY,C0_DEFAULT,2048,16,2,4,0.0,1011.0,1224.8,217.3
case552_gemm_C0_DEFAULT_N2048_q16_rep2,GEMM_ONLY,C0_DEFAULT,2048,16,2,5,0.0,1230.7,1444.7,218.3
case552_gemm_C0_DEFAULT_N2048_q16_rep2,GEMM_ONLY,C0_DEFAULT,2048,16,2,6,0.0,1450.4,1664.8,218.2
case552_gemm_C0_DEFAULT_N2048_q16_rep2,GEMM_ONLY,C0_DEFAULT,2048,16,2,7,0.0,1670.5,1886.1,218.9
case552_gemm_C0_DEFAULT_N2048_q16_rep2,GEMM_ONLY,C0_DEFAULT,2048,16,2,8,0.0,1891.8,2110.4,220.0
case552_gemm_C0_DEFAULT_N2048_q16_rep2,GEMM_ONLY,C0_DEFAULT,2048,16,2,9,0.0,2116.0,2334.2,221.3
case552_gemm_C0_DEFAULT_N2048_q16_rep2,GEMM_ONLY,C0_DEFAULT,2048,16,2,10,0.0,2339.9,2559.2,221.9
case552_gemm_C0_DEFAULT_N2048_q16_rep2,GEMM_ONLY,C0_DEFAULT,2048,16,2,11,0.0,2564.9,2784.4,221.9
case552_gemm_C0_DEFAULT_N2048_q16_rep2,GEMM_ONLY,C0_DEFAULT,2048,16,2,12,0.0,2790.2,3010.8,223.7
case552_gemm_C0_DEFAULT_N2048_q16_rep2,GEMM_ONLY,C0_DEFAULT,2048,16,2,13,0.0,3016.7,3241.1,223.6
case552_gemm_C0_DEFAULT_N2048_q16_rep2,GEMM_ONLY,C0_DEFAULT,2048,16,2,14,0.0,3247.0,3469.6,224.9
case552_gemm_C0_DEFAULT_N2048_q16_rep2,GEMM_ONLY,C0_DEFAULT,2048,16,2,15,0.0,3475.7,3699.2,226.1
case553_gemm_C0_DEFAULT_N2048_q16_rep3,GEMM_ONLY,C0_DEFAULT,2048,16,3,0,0.0,120.5,340.4,220.5
case553_gemm_C0_DEFAULT_N2048_q16_rep3,GEMM_ONLY,C0_DEFAULT,2048,16,3,1,0.0,346.1,562.7,219.0
case553_gemm_C0_DEFAULT_N2048_q16_rep3,GEMM_ONLY,C0_DEFAULT,2048,16,3,2,0.0,568.4,781.6,216.9
case553_gemm_C0_DEFAULT_N2048_q16_rep3,GEMM_ONLY,C0_DEFAULT,2048,16,3,3,0.0,787.2,1001.5,216.5
case553_gemm_C0_DEFAULT_N2048_q16_rep3,GEMM_ONLY,C0_DEFAULT,2048,16,3,4,0.0,1007.1,1221.2,217.8
case553_gemm_C0_DEFAULT_N2048_q16_rep3,GEMM_ONLY,C0_DEFAULT,2048,16,3,5,0.0,1226.7,1441.4,217.5
case553_gemm_C0_DEFAULT_N2048_q16_rep3,GEMM_ONLY,C0_DEFAULT,2048,16,3,6,0.0,1447.0,1662.6,218.2
case553_gemm_C0_DEFAULT_N2048_q16_rep3,GEMM_ONLY,C0_DEFAULT,2048,16,3,7,0.0,1668.2,1884.0,219.2
case553_gemm_C0_DEFAULT_N2048_q16_rep3,GEMM_ONLY,C0_DEFAULT,2048,16,3,8,0.0,1889.7,2108.5,219.1
case553_gemm_C0_DEFAULT_N2048_q16_rep3,GEMM_ONLY,C0_DEFAULT,2048,16,3,9,0.0,2114.2,2331.6,220.5
case553_gemm_C0_DEFAULT_N2048_q16_rep3,GEMM_ONLY,C0_DEFAULT,2048,16,3,10,0.0,2337.4,2556.7,221.7
case553_gemm_C0_DEFAULT_N2048_q16_rep3,GEMM_ONLY,C0_DEFAULT,2048,16,3,11,0.0,2562.5,2780.4,221.8
case553_gemm_C0_DEFAULT_N2048_q16_rep3,GEMM_ONLY,C0_DEFAULT,2048,16,3,12,0.0,2786.2,3007.9,221.8
case553_gemm_C0_DEFAULT_N2048_q16_rep3,GEMM_ONLY,C0_DEFAULT,2048,16,3,13,0.0,3014.4,3235.3,222.8
case553_gemm_C0_DEFAULT_N2048_q16_rep3,GEMM_ONLY,C0_DEFAULT,2048,16,3,14,0.0,3241.2,3464.7,224.6
case553_gemm_C0_DEFAULT_N2048_q16_rep3,GEMM_ONLY,C0_DEFAULT,2048,16,3,15,0.0,3470.4,3695.1,224.7
case554_gemm_C0_DEFAULT_N2048_q16_rep4,GEMM_ONLY,C0_DEFAULT,2048,16,4,0,0.0,122.2,341.8,221.1
case554_gemm_C0_DEFAULT_N2048_q16_rep4,GEMM_ONLY,C0_DEFAULT,2048,16,4,1,0.0,347.7,564.2,219.5
case554_gemm_C0_DEFAULT_N2048_q16_rep4,GEMM_ONLY,C0_DEFAULT,2048,16,4,2,0.0,569.7,785.1,218.9
case554_gemm_C0_DEFAULT_N2048_q16_rep4,GEMM_ONLY,C0_DEFAULT,2048,16,4,3,0.0,790.8,1005.2,218.0
case554_gemm_C0_DEFAULT_N2048_q16_rep4,GEMM_ONLY,C0_DEFAULT,2048,16,4,4,0.0,1010.9,1224.3,217.8
case554_gemm_C0_DEFAULT_N2048_q16_rep4,GEMM_ONLY,C0_DEFAULT,2048,16,4,5,0.0,1230.0,1445.2,218.9
case554_gemm_C0_DEFAULT_N2048_q16_rep4,GEMM_ONLY,C0_DEFAULT,2048,16,4,6,0.0,1450.8,1666.9,218.8
case554_gemm_C0_DEFAULT_N2048_q16_rep4,GEMM_ONLY,C0_DEFAULT,2048,16,4,7,0.0,1672.5,1887.3,219.7
case554_gemm_C0_DEFAULT_N2048_q16_rep4,GEMM_ONLY,C0_DEFAULT,2048,16,4,8,0.0,1892.9,2111.7,220.5
case554_gemm_C0_DEFAULT_N2048_q16_rep4,GEMM_ONLY,C0_DEFAULT,2048,16,4,9,0.0,2117.6,2336.6,220.6
case554_gemm_C0_DEFAULT_N2048_q16_rep4,GEMM_ONLY,C0_DEFAULT,2048,16,4,10,0.0,2342.4,2562.0,222.5
case554_gemm_C0_DEFAULT_N2048_q16_rep4,GEMM_ONLY,C0_DEFAULT,2048,16,4,11,0.0,2568.4,2788.1,224.0
case554_gemm_C0_DEFAULT_N2048_q16_rep4,GEMM_ONLY,C0_DEFAULT,2048,16,4,12,0.0,2793.8,3014.3,222.5
case554_gemm_C0_DEFAULT_N2048_q16_rep4,GEMM_ONLY,C0_DEFAULT,2048,16,4,13,0.0,3020.5,3243.0,223.9
case554_gemm_C0_DEFAULT_N2048_q16_rep4,GEMM_ONLY,C0_DEFAULT,2048,16,4,14,0.0,3249.2,3473.2,226.1
case554_gemm_C0_DEFAULT_N2048_q16_rep4,GEMM_ONLY,C0_DEFAULT,2048,16,4,15,0.0,3478.9,3702.9,227.2
case555_gemm_C0_DEFAULT_N2048_q16_rep5,GEMM_ONLY,C0_DEFAULT,2048,16,5,0,0.0,121.8,341.6,220.1
case555_gemm_C0_DEFAULT_N2048_q16_rep5,GEMM_ONLY,C0_DEFAULT,2048,16,5,1,0.0,347.2,563.9,219.8
case555_gemm_C0_DEFAULT_N2048_q16_rep5,GEMM_ONLY,C0_DEFAULT,2048,16,5,2,0.0,569.6,784.7,219.4
case555_gemm_C0_DEFAULT_N2048_q16_rep5,GEMM_ONLY,C0_DEFAULT,2048,16,5,3,0.0,790.2,1003.1,217.3
case555_gemm_C0_DEFAULT_N2048_q16_rep5,GEMM_ONLY,C0_DEFAULT,2048,16,5,4,0.0,1008.6,1224.3,218.4
case555_gemm_C0_DEFAULT_N2048_q16_rep5,GEMM_ONLY,C0_DEFAULT,2048,16,5,5,0.0,1229.8,1443.0,218.2
case555_gemm_C0_DEFAULT_N2048_q16_rep5,GEMM_ONLY,C0_DEFAULT,2048,16,5,6,0.0,1448.6,1663.3,219.2
case555_gemm_C0_DEFAULT_N2048_q16_rep5,GEMM_ONLY,C0_DEFAULT,2048,16,5,7,0.0,1669.3,1885.3,220.2
case555_gemm_C0_DEFAULT_N2048_q16_rep5,GEMM_ONLY,C0_DEFAULT,2048,16,5,8,0.0,1891.0,2109.2,220.5
case555_gemm_C0_DEFAULT_N2048_q16_rep5,GEMM_ONLY,C0_DEFAULT,2048,16,5,9,0.0,2114.8,2331.5,220.5
case555_gemm_C0_DEFAULT_N2048_q16_rep5,GEMM_ONLY,C0_DEFAULT,2048,16,5,10,0.0,2337.1,2556.0,222.7
case555_gemm_C0_DEFAULT_N2048_q16_rep5,GEMM_ONLY,C0_DEFAULT,2048,16,5,11,0.0,2561.9,2782.8,223.4
case555_gemm_C0_DEFAULT_N2048_q16_rep5,GEMM_ONLY,C0_DEFAULT,2048,16,5,12,0.0,2788.5,3009.5,223.3
case555_gemm_C0_DEFAULT_N2048_q16_rep5,GEMM_ONLY,C0_DEFAULT,2048,16,5,13,0.0,3015.5,3236.5,224.6
case555_gemm_C0_DEFAULT_N2048_q16_rep5,GEMM_ONLY,C0_DEFAULT,2048,16,5,14,0.0,3242.3,3465.2,225.9
case555_gemm_C0_DEFAULT_N2048_q16_rep5,GEMM_ONLY,C0_DEFAULT,2048,16,5,15,0.0,3471.1,3694.7,226.7
case556_rs_C0_DEFAULT_N2048_q16_rep1,RS_SLICE_SERIAL,C0_DEFAULT,2048,16,1,0,334.4,344.9,557.9,215.9
case556_rs_C0_DEFAULT_N2048_q16_rep1,RS_SLICE_SERIAL,C0_DEFAULT,2048,16,1,1,856.1,866.5,1078.1,213.6
case556_rs_C0_DEFAULT_N2048_q16_rep1,RS_SLICE_SERIAL,C0_DEFAULT,2048,16,1,2,1377.3,1387.6,1598.2,212.0
case556_rs_C0_DEFAULT_N2048_q16_rep1,RS_SLICE_SERIAL,C0_DEFAULT,2048,16,1,3,1893.0,1903.6,2115.7,213.9
case556_rs_C0_DEFAULT_N2048_q16_rep1,RS_SLICE_SERIAL,C0_DEFAULT,2048,16,1,4,2410.7,2421.1,2633.7,216.8
case556_rs_C0_DEFAULT_N2048_q16_rep1,RS_SLICE_SERIAL,C0_DEFAULT,2048,16,1,5,2929.7,2939.8,3151.1,212.5
case556_rs_C0_DEFAULT_N2048_q16_rep1,RS_SLICE_SERIAL,C0_DEFAULT,2048,16,1,6,3446.8,3456.9,3667.3,212.3
case556_rs_C0_DEFAULT_N2048_q16_rep1,RS_SLICE_SERIAL,C0_DEFAULT,2048,16,1,7,3963.6,3974.3,4185.8,214.1
case556_rs_C0_DEFAULT_N2048_q16_rep1,RS_SLICE_SERIAL,C0_DEFAULT,2048,16,1,8,4482.1,4492.5,4705.0,215.4
case556_rs_C0_DEFAULT_N2048_q16_rep1,RS_SLICE_SERIAL,C0_DEFAULT,2048,16,1,9,5001.4,5012.0,5224.4,213.0
case556_rs_C0_DEFAULT_N2048_q16_rep1,RS_SLICE_SERIAL,C0_DEFAULT,2048,16,1,10,5520.2,5530.7,5741.6,212.1
case556_rs_C0_DEFAULT_N2048_q16_rep1,RS_SLICE_SERIAL,C0_DEFAULT,2048,16,1,11,6038.5,6048.9,6260.2,213.9
case556_rs_C0_DEFAULT_N2048_q16_rep1,RS_SLICE_SERIAL,C0_DEFAULT,2048,16,1,12,6556.4,6566.8,6779.9,216.0
case556_rs_C0_DEFAULT_N2048_q16_rep1,RS_SLICE_SERIAL,C0_DEFAULT,2048,16,1,13,7075.8,7086.4,7298.5,212.7
case556_rs_C0_DEFAULT_N2048_q16_rep1,RS_SLICE_SERIAL,C0_DEFAULT,2048,16,1,14,7596.1,7606.3,7817.8,211.8
case556_rs_C0_DEFAULT_N2048_q16_rep1,RS_SLICE_SERIAL,C0_DEFAULT,2048,16,1,15,8114.2,8124.3,8335.5,214.2
case557_rs_C0_DEFAULT_N2048_q16_rep2,RS_SLICE_SERIAL,C0_DEFAULT,2048,16,2,0,335.7,346.1,558.5,214.1
case557_rs_C0_DEFAULT_N2048_q16_rep2,RS_SLICE_SERIAL,C0_DEFAULT,2048,16,2,1,854.5,865.0,1077.6,214.7
case557_rs_C0_DEFAULT_N2048_q16_rep2,RS_SLICE_SERIAL,C0_DEFAULT,2048,16,2,2,1374.0,1384.4,1596.7,215.1
case557_rs_C0_DEFAULT_N2048_q16_rep2,RS_SLICE_SERIAL,C0_DEFAULT,2048,16,2,3,1891.9,1902.4,2114.0,212.8
case557_rs_C0_DEFAULT_N2048_q16_rep2,RS_SLICE_SERIAL,C0_DEFAULT,2048,16,2,4,2410.1,2420.6,2634.6,215.6
case557_rs_C0_DEFAULT_N2048_q16_rep2,RS_SLICE_SERIAL,C0_DEFAULT,2048,16,2,5,2929.2,2940.0,3151.6,213.5
case557_rs_C0_DEFAULT_N2048_q16_rep2,RS_SLICE_SERIAL,C0_DEFAULT,2048,16,2,6,3447.2,3457.5,3669.5,214.1
case557_rs_C0_DEFAULT_N2048_q16_rep2,RS_SLICE_SERIAL,C0_DEFAULT,2048,16,2,7,3965.7,3976.2,4187.1,212.3
case557_rs_C0_DEFAULT_N2048_q16_rep2,RS_SLICE_SERIAL,C0_DEFAULT,2048,16,2,8,4483.1,4493.1,4705.8,214.7
case557_rs_C0_DEFAULT_N2048_q16_rep2,RS_SLICE_SERIAL,C0_DEFAULT,2048,16,2,9,5002.5,5012.9,5225.2,215.0
case557_rs_C0_DEFAULT_N2048_q16_rep2,RS_SLICE_SERIAL,C0_DEFAULT,2048,16,2,10,5521.5,5532.0,5742.4,214.1
case557_rs_C0_DEFAULT_N2048_q16_rep2,RS_SLICE_SERIAL,C0_DEFAULT,2048,16,2,11,6039.2,6049.4,6261.1,212.7
case557_rs_C0_DEFAULT_N2048_q16_rep2,RS_SLICE_SERIAL,C0_DEFAULT,2048,16,2,12,6556.8,6567.3,6778.7,214.0
case557_rs_C0_DEFAULT_N2048_q16_rep2,RS_SLICE_SERIAL,C0_DEFAULT,2048,16,2,13,7073.8,7084.0,7296.4,213.8
case557_rs_C0_DEFAULT_N2048_q16_rep2,RS_SLICE_SERIAL,C0_DEFAULT,2048,16,2,14,7593.1,7603.6,7816.5,214.1
case557_rs_C0_DEFAULT_N2048_q16_rep2,RS_SLICE_SERIAL,C0_DEFAULT,2048,16,2,15,8111.8,8122.2,8333.6,212.0
case558_rs_C0_DEFAULT_N2048_q16_rep3,RS_SLICE_SERIAL,C0_DEFAULT,2048,16,3,0,336.9,347.2,558.3,214.8
case558_rs_C0_DEFAULT_N2048_q16_rep3,RS_SLICE_SERIAL,C0_DEFAULT,2048,16,3,1,856.1,866.5,1078.6,214.6
case558_rs_C0_DEFAULT_N2048_q16_rep3,RS_SLICE_SERIAL,C0_DEFAULT,2048,16,3,2,1375.3,1385.8,1595.8,216.2
case558_rs_C0_DEFAULT_N2048_q16_rep3,RS_SLICE_SERIAL,C0_DEFAULT,2048,16,3,3,1892.0,1902.6,2112.1,212.5
case558_rs_C0_DEFAULT_N2048_q16_rep3,RS_SLICE_SERIAL,C0_DEFAULT,2048,16,3,4,2408.2,2418.3,2632.2,216.1
case558_rs_C0_DEFAULT_N2048_q16_rep3,RS_SLICE_SERIAL,C0_DEFAULT,2048,16,3,5,2927.6,2938.1,3150.0,213.0
case558_rs_C0_DEFAULT_N2048_q16_rep3,RS_SLICE_SERIAL,C0_DEFAULT,2048,16,3,6,3445.6,3455.9,3669.1,214.9
case558_rs_C0_DEFAULT_N2048_q16_rep3,RS_SLICE_SERIAL,C0_DEFAULT,2048,16,3,7,3964.6,3975.0,4185.3,212.5
case558_rs_C0_DEFAULT_N2048_q16_rep3,RS_SLICE_SERIAL,C0_DEFAULT,2048,16,3,8,4480.4,4490.5,4702.7,215.3
case558_rs_C0_DEFAULT_N2048_q16_rep3,RS_SLICE_SERIAL,C0_DEFAULT,2048,16,3,9,4998.6,5008.8,5221.8,214.0
case558_rs_C0_DEFAULT_N2048_q16_rep3,RS_SLICE_SERIAL,C0_DEFAULT,2048,16,3,10,5517.5,5527.8,5740.4,214.3
case558_rs_C0_DEFAULT_N2048_q16_rep3,RS_SLICE_SERIAL,C0_DEFAULT,2048,16,3,11,6036.1,6046.6,6258.3,212.4
case558_rs_C0_DEFAULT_N2048_q16_rep3,RS_SLICE_SERIAL,C0_DEFAULT,2048,16,3,12,6554.9,6565.1,6777.5,215.0
case558_rs_C0_DEFAULT_N2048_q16_rep3,RS_SLICE_SERIAL,C0_DEFAULT,2048,16,3,13,7073.1,7083.5,7295.1,214.2
case558_rs_C0_DEFAULT_N2048_q16_rep3,RS_SLICE_SERIAL,C0_DEFAULT,2048,16,3,14,7590.8,7601.2,7815.2,214.5
case558_rs_C0_DEFAULT_N2048_q16_rep3,RS_SLICE_SERIAL,C0_DEFAULT,2048,16,3,15,8109.9,8120.0,8332.9,212.9
case559_rs_C0_DEFAULT_N2048_q16_rep4,RS_SLICE_SERIAL,C0_DEFAULT,2048,16,4,0,334.2,344.6,557.4,217.2
case559_rs_C0_DEFAULT_N2048_q16_rep4,RS_SLICE_SERIAL,C0_DEFAULT,2048,16,4,1,853.6,864.0,1075.5,213.7
case559_rs_C0_DEFAULT_N2048_q16_rep4,RS_SLICE_SERIAL,C0_DEFAULT,2048,16,4,2,1372.0,1382.5,1594.2,213.7
case559_rs_C0_DEFAULT_N2048_q16_rep4,RS_SLICE_SERIAL,C0_DEFAULT,2048,16,4,3,1889.1,1899.4,2111.2,214.2
case559_rs_C0_DEFAULT_N2048_q16_rep4,RS_SLICE_SERIAL,C0_DEFAULT,2048,16,4,4,2406.8,2417.0,2629.7,213.4
case559_rs_C0_DEFAULT_N2048_q16_rep4,RS_SLICE_SERIAL,C0_DEFAULT,2048,16,4,5,2925.0,2935.4,3146.7,212.6
case559_rs_C0_DEFAULT_N2048_q16_rep4,RS_SLICE_SERIAL,C0_DEFAULT,2048,16,4,6,3443.3,3453.9,3665.2,213.7
case559_rs_C0_DEFAULT_N2048_q16_rep4,RS_SLICE_SERIAL,C0_DEFAULT,2048,16,4,7,3961.7,3972.3,4185.0,214.7
case559_rs_C0_DEFAULT_N2048_q16_rep4,RS_SLICE_SERIAL,C0_DEFAULT,2048,16,4,8,4480.9,4491.2,4702.5,214.3
case559_rs_C0_DEFAULT_N2048_q16_rep4,RS_SLICE_SERIAL,C0_DEFAULT,2048,16,4,9,4998.8,5009.6,5219.8,212.3
case559_rs_C0_DEFAULT_N2048_q16_rep4,RS_SLICE_SERIAL,C0_DEFAULT,2048,16,4,10,5515.4,5525.9,5737.5,213.7
case559_rs_C0_DEFAULT_N2048_q16_rep4,RS_SLICE_SERIAL,C0_DEFAULT,2048,16,4,11,6034.3,6044.7,6257.6,214.9
case559_rs_C0_DEFAULT_N2048_q16_rep4,RS_SLICE_SERIAL,C0_DEFAULT,2048,16,4,12,6554.0,6564.0,6777.0,213.2
case559_rs_C0_DEFAULT_N2048_q16_rep4,RS_SLICE_SERIAL,C0_DEFAULT,2048,16,4,13,7072.6,7083.0,7294.1,212.6
case559_rs_C0_DEFAULT_N2048_q16_rep4,RS_SLICE_SERIAL,C0_DEFAULT,2048,16,4,14,7591.4,7601.7,7813.2,213.0
case559_rs_C0_DEFAULT_N2048_q16_rep4,RS_SLICE_SERIAL,C0_DEFAULT,2048,16,4,15,8109.9,8120.0,8330.3,213.7
case560_rs_C0_DEFAULT_N2048_q16_rep5,RS_SLICE_SERIAL,C0_DEFAULT,2048,16,5,0,334.0,344.4,555.9,214.6
case560_rs_C0_DEFAULT_N2048_q16_rep5,RS_SLICE_SERIAL,C0_DEFAULT,2048,16,5,1,851.8,862.7,1074.4,213.7
case560_rs_C0_DEFAULT_N2048_q16_rep5,RS_SLICE_SERIAL,C0_DEFAULT,2048,16,5,2,1370.2,1380.6,1591.4,212.5
case560_rs_C0_DEFAULT_N2048_q16_rep5,RS_SLICE_SERIAL,C0_DEFAULT,2048,16,5,3,1886.0,1896.1,2109.2,215.0
case560_rs_C0_DEFAULT_N2048_q16_rep5,RS_SLICE_SERIAL,C0_DEFAULT,2048,16,5,4,2404.4,2414.4,2626.4,213.3
case560_rs_C0_DEFAULT_N2048_q16_rep5,RS_SLICE_SERIAL,C0_DEFAULT,2048,16,5,5,2921.5,2931.8,3144.9,213.8
case560_rs_C0_DEFAULT_N2048_q16_rep5,RS_SLICE_SERIAL,C0_DEFAULT,2048,16,5,6,3440.2,3450.2,3661.9,213.1
case560_rs_C0_DEFAULT_N2048_q16_rep5,RS_SLICE_SERIAL,C0_DEFAULT,2048,16,5,7,3957.1,3967.5,4179.7,214.1
case560_rs_C0_DEFAULT_N2048_q16_rep5,RS_SLICE_SERIAL,C0_DEFAULT,2048,16,5,8,4474.7,4485.4,4698.8,215.3
case560_rs_C0_DEFAULT_N2048_q16_rep5,RS_SLICE_SERIAL,C0_DEFAULT,2048,16,5,9,4994.0,5004.5,5216.8,213.6
case560_rs_C0_DEFAULT_N2048_q16_rep5,RS_SLICE_SERIAL,C0_DEFAULT,2048,16,5,10,5513.4,5524.1,5734.6,212.5
case560_rs_C0_DEFAULT_N2048_q16_rep5,RS_SLICE_SERIAL,C0_DEFAULT,2048,16,5,11,6030.2,6040.7,6252.8,214.7
case560_rs_C0_DEFAULT_N2048_q16_rep5,RS_SLICE_SERIAL,C0_DEFAULT,2048,16,5,12,6548.1,6558.8,6771.1,215.4
case560_rs_C0_DEFAULT_N2048_q16_rep5,RS_SLICE_SERIAL,C0_DEFAULT,2048,16,5,13,7067.3,7077.5,7290.1,212.8
case560_rs_C0_DEFAULT_N2048_q16_rep5,RS_SLICE_SERIAL,C0_DEFAULT,2048,16,5,14,7585.1,7595.1,7805.6,213.2
case560_rs_C0_DEFAULT_N2048_q16_rep5,RS_SLICE_SERIAL,C0_DEFAULT,2048,16,5,15,8101.2,8111.1,8324.6,213.6
case561_r1_C0_DEFAULT_N2048_q16_rep1,R1_EVENT_OVERLAP,C0_DEFAULT,2048,16,1,0,330.2,340.8,747.6,409.1
case561_r1_C0_DEFAULT_N2048_q16_rep1,R1_EVENT_OVERLAP,C0_DEFAULT,2048,16,1,1,641.7,770.8,1117.5,352.5
case561_r1_C0_DEFAULT_N2048_q16_rep1,R1_EVENT_OVERLAP,C0_DEFAULT,2048,16,1,2,976.9,1143.9,1466.6,333.6
case561_r1_C0_DEFAULT_N2048_q16_rep1,R1_EVENT_OVERLAP,C0_DEFAULT,2048,16,1,3,1311.7,1494.1,1813.3,324.2
case561_r1_C0_DEFAULT_N2048_q16_rep1,R1_EVENT_OVERLAP,C0_DEFAULT,2048,16,1,4,1653.2,1841.3,2158.8,322.8
case561_r1_C0_DEFAULT_N2048_q16_rep1,R1_EVENT_OVERLAP,C0_DEFAULT,2048,16,1,5,1996.0,2185.6,2504.7,321.9
case561_r1_C0_DEFAULT_N2048_q16_rep1,R1_EVENT_OVERLAP,C0_DEFAULT,2048,16,1,6,2339.8,2532.5,2850.8,324.1
case561_r1_C0_DEFAULT_N2048_q16_rep1,R1_EVENT_OVERLAP,C0_DEFAULT,2048,16,1,7,2685.6,2877.4,3196.6,322.9
case561_r1_C0_DEFAULT_N2048_q16_rep1,R1_EVENT_OVERLAP,C0_DEFAULT,2048,16,1,8,3031.0,3223.3,3545.3,323.8
case561_r1_C0_DEFAULT_N2048_q16_rep1,R1_EVENT_OVERLAP,C0_DEFAULT,2048,16,1,9,3376.9,3572.8,3893.9,323.6
case561_r1_C0_DEFAULT_N2048_q16_rep1,R1_EVENT_OVERLAP,C0_DEFAULT,2048,16,1,10,3723.9,3920.0,4240.8,325.4
case561_r1_C0_DEFAULT_N2048_q16_rep1,R1_EVENT_OVERLAP,C0_DEFAULT,2048,16,1,11,4069.5,4268.6,4591.2,326.3
case561_r1_C0_DEFAULT_N2048_q16_rep1,R1_EVENT_OVERLAP,C0_DEFAULT,2048,16,1,12,4415.6,4617.7,4939.6,326.4
case561_r1_C0_DEFAULT_N2048_q16_rep1,R1_EVENT_OVERLAP,C0_DEFAULT,2048,16,1,13,4765.3,4967.4,5292.3,326.2
case561_r1_C0_DEFAULT_N2048_q16_rep1,R1_EVENT_OVERLAP,C0_DEFAULT,2048,16,1,14,5112.8,5318.6,5602.5,306.0
case561_r1_C0_DEFAULT_N2048_q16_rep1,R1_EVENT_OVERLAP,C0_DEFAULT,2048,16,1,15,5458.2,5613.8,5824.5,215.3
case562_r1_C0_DEFAULT_N2048_q16_rep2,R1_EVENT_OVERLAP,C0_DEFAULT,2048,16,2,0,331.0,341.9,747.8,409.2
case562_r1_C0_DEFAULT_N2048_q16_rep2,R1_EVENT_OVERLAP,C0_DEFAULT,2048,16,2,1,642.8,770.7,1117.5,352.9
case562_r1_C0_DEFAULT_N2048_q16_rep2,R1_EVENT_OVERLAP,C0_DEFAULT,2048,16,2,2,978.9,1143.9,1469.4,335.7
case562_r1_C0_DEFAULT_N2048_q16_rep2,R1_EVENT_OVERLAP,C0_DEFAULT,2048,16,2,3,1312.8,1496.0,1818.1,325.5
case562_r1_C0_DEFAULT_N2048_q16_rep2,R1_EVENT_OVERLAP,C0_DEFAULT,2048,16,2,4,1654.5,1844.3,2165.7,323.2
case562_r1_C0_DEFAULT_N2048_q16_rep2,R1_EVENT_OVERLAP,C0_DEFAULT,2048,16,2,5,1998.9,2192.2,2511.6,322.5
case562_r1_C0_DEFAULT_N2048_q16_rep2,R1_EVENT_OVERLAP,C0_DEFAULT,2048,16,2,6,2344.8,2537.9,2857.7,323.4
case562_r1_C0_DEFAULT_N2048_q16_rep2,R1_EVENT_OVERLAP,C0_DEFAULT,2048,16,2,7,2690.5,2885.3,3206.1,324.1
case562_r1_C0_DEFAULT_N2048_q16_rep2,R1_EVENT_OVERLAP,C0_DEFAULT,2048,16,2,8,3034.8,3233.4,3554.9,325.5
case562_r1_C0_DEFAULT_N2048_q16_rep2,R1_EVENT_OVERLAP,C0_DEFAULT,2048,16,2,9,3381.7,3583.5,3906.7,324.9
case562_r1_C0_DEFAULT_N2048_q16_rep2,R1_EVENT_OVERLAP,C0_DEFAULT,2048,16,2,10,3727.9,3934.3,4257.9,325.9
case562_r1_C0_DEFAULT_N2048_q16_rep2,R1_EVENT_OVERLAP,C0_DEFAULT,2048,16,2,11,4078.1,4284.0,4610.8,327.9
case562_r1_C0_DEFAULT_N2048_q16_rep2,R1_EVENT_OVERLAP,C0_DEFAULT,2048,16,2,12,4426.9,4636.5,4956.6,326.9
case562_r1_C0_DEFAULT_N2048_q16_rep2,R1_EVENT_OVERLAP,C0_DEFAULT,2048,16,2,13,4774.7,4982.6,5307.1,327.3
case562_r1_C0_DEFAULT_N2048_q16_rep2,R1_EVENT_OVERLAP,C0_DEFAULT,2048,16,2,14,5124.9,5332.3,5612.8,308.4
case562_r1_C0_DEFAULT_N2048_q16_rep2,R1_EVENT_OVERLAP,C0_DEFAULT,2048,16,2,15,5472.3,5624.4,5838.5,213.8
case563_r1_C0_DEFAULT_N2048_q16_rep3,R1_EVENT_OVERLAP,C0_DEFAULT,2048,16,3,0,332.0,342.4,748.1,409.1
case563_r1_C0_DEFAULT_N2048_q16_rep3,R1_EVENT_OVERLAP,C0_DEFAULT,2048,16,3,1,643.8,771.5,1118.3,354.3
case563_r1_C0_DEFAULT_N2048_q16_rep3,R1_EVENT_OVERLAP,C0_DEFAULT,2048,16,3,2,978.2,1143.6,1466.8,336.9
case563_r1_C0_DEFAULT_N2048_q16_rep3,R1_EVENT_OVERLAP,C0_DEFAULT,2048,16,3,3,1315.4,1493.8,1814.7,325.0
case563_r1_C0_DEFAULT_N2048_q16_rep3,R1_EVENT_OVERLAP,C0_DEFAULT,2048,16,3,4,1654.4,1842.4,2159.8,322.4
case563_r1_C0_DEFAULT_N2048_q16_rep3,R1_EVENT_OVERLAP,C0_DEFAULT,2048,16,3,5,1998.8,2186.8,2506.0,322.5
case563_r1_C0_DEFAULT_N2048_q16_rep3,R1_EVENT_OVERLAP,C0_DEFAULT,2048,16,3,6,2342.6,2534.1,2855.0,324.7
case563_r1_C0_DEFAULT_N2048_q16_rep3,R1_EVENT_OVERLAP,C0_DEFAULT,2048,16,3,7,2687.8,2882.2,3201.6,325.3
case563_r1_C0_DEFAULT_N2048_q16_rep3,R1_EVENT_OVERLAP,C0_DEFAULT,2048,16,3,8,3031.7,3229.7,3549.6,323.7
case563_r1_C0_DEFAULT_N2048_q16_rep3,R1_EVENT_OVERLAP,C0_DEFAULT,2048,16,3,9,3378.9,3576.3,3899.8,326.7
case563_r1_C0_DEFAULT_N2048_q16_rep3,R1_EVENT_OVERLAP,C0_DEFAULT,2048,16,3,10,3724.9,3925.8,4249.6,326.5
case563_r1_C0_DEFAULT_N2048_q16_rep3,R1_EVENT_OVERLAP,C0_DEFAULT,2048,16,3,11,4071.4,4277.4,4596.3,327.0
case563_r1_C0_DEFAULT_N2048_q16_rep3,R1_EVENT_OVERLAP,C0_DEFAULT,2048,16,3,12,4418.3,4624.2,4945.7,326.9
case563_r1_C0_DEFAULT_N2048_q16_rep3,R1_EVENT_OVERLAP,C0_DEFAULT,2048,16,3,13,4766.5,4970.7,5294.3,327.6
case563_r1_C0_DEFAULT_N2048_q16_rep3,R1_EVENT_OVERLAP,C0_DEFAULT,2048,16,3,14,5113.9,5320.9,5601.5,304.2
case563_r1_C0_DEFAULT_N2048_q16_rep3,R1_EVENT_OVERLAP,C0_DEFAULT,2048,16,3,15,5460.6,5612.8,5826.6,215.8
case564_r1_C0_DEFAULT_N2048_q16_rep4,R1_EVENT_OVERLAP,C0_DEFAULT,2048,16,4,0,329.8,340.5,742.8,407.9
case564_r1_C0_DEFAULT_N2048_q16_rep4,R1_EVENT_OVERLAP,C0_DEFAULT,2048,16,4,1,641.2,765.2,1113.1,352.6
case564_r1_C0_DEFAULT_N2048_q16_rep4,R1_EVENT_OVERLAP,C0_DEFAULT,2048,16,4,2,975.3,1138.2,1462.6,335.7
case564_r1_C0_DEFAULT_N2048_q16_rep4,R1_EVENT_OVERLAP,C0_DEFAULT,2048,16,4,3,1307.2,1488.9,1807.7,324.1
case564_r1_C0_DEFAULT_N2048_q16_rep4,R1_EVENT_OVERLAP,C0_DEFAULT,2048,16,4,4,1648.2,1834.5,2152.0,322.1
case564_r1_C0_DEFAULT_N2048_q16_rep4,R1_EVENT_OVERLAP,C0_DEFAULT,2048,16,4,5,1989.8,2178.3,2495.6,322.1
case564_r1_C0_DEFAULT_N2048_q16_rep4,R1_EVENT_OVERLAP,C0_DEFAULT,2048,16,4,6,2333.6,2521.5,2841.6,321.8
case564_r1_C0_DEFAULT_N2048_q16_rep4,R1_EVENT_OVERLAP,C0_DEFAULT,2048,16,4,7,2677.6,2868.2,3187.8,322.5
case564_r1_C0_DEFAULT_N2048_q16_rep4,R1_EVENT_OVERLAP,C0_DEFAULT,2048,16,4,8,3021.8,3214.1,3534.5,322.9
case564_r1_C0_DEFAULT_N2048_q16_rep4,R1_EVENT_OVERLAP,C0_DEFAULT,2048,16,4,9,3366.8,3562.0,3885.6,324.9
case564_r1_C0_DEFAULT_N2048_q16_rep4,R1_EVENT_OVERLAP,C0_DEFAULT,2048,16,4,10,3711.9,3911.9,4232.3,324.9
case564_r1_C0_DEFAULT_N2048_q16_rep4,R1_EVENT_OVERLAP,C0_DEFAULT,2048,16,4,11,4058.9,4257.5,4580.6,326.3
case564_r1_C0_DEFAULT_N2048_q16_rep4,R1_EVENT_OVERLAP,C0_DEFAULT,2048,16,4,12,4403.9,4606.5,4931.7,327.3
case564_r1_C0_DEFAULT_N2048_q16_rep4,R1_EVENT_OVERLAP,C0_DEFAULT,2048,16,4,13,4753.3,4958.0,5281.6,326.1
case564_r1_C0_DEFAULT_N2048_q16_rep4,R1_EVENT_OVERLAP,C0_DEFAULT,2048,16,4,14,5099.4,5307.0,5589.9,301.9
case564_r1_C0_DEFAULT_N2048_q16_rep4,R1_EVENT_OVERLAP,C0_DEFAULT,2048,16,4,15,5445.0,5601.2,5813.4,214.9
case565_r1_C0_DEFAULT_N2048_q16_rep5,R1_EVENT_OVERLAP,C0_DEFAULT,2048,16,5,0,336.7,348.0,753.9,410.2
case565_r1_C0_DEFAULT_N2048_q16_rep5,R1_EVENT_OVERLAP,C0_DEFAULT,2048,16,5,1,652.6,777.5,1127.2,354.5
case565_r1_C0_DEFAULT_N2048_q16_rep5,R1_EVENT_OVERLAP,C0_DEFAULT,2048,16,5,2,989.1,1154.2,1480.5,340.2
case565_r1_C0_DEFAULT_N2048_q16_rep5,R1_EVENT_OVERLAP,C0_DEFAULT,2048,16,5,3,1324.4,1507.8,1825.3,325.3
case565_r1_C0_DEFAULT_N2048_q16_rep5,R1_EVENT_OVERLAP,C0_DEFAULT,2048,16,5,4,1663.9,1852.2,2168.4,322.6
case565_r1_C0_DEFAULT_N2048_q16_rep5,R1_EVENT_OVERLAP,C0_DEFAULT,2048,16,5,5,2006.7,2196.5,2512.5,321.7
case565_r1_C0_DEFAULT_N2048_q16_rep5,R1_EVENT_OVERLAP,C0_DEFAULT,2048,16,5,6,2350.0,2539.8,2857.6,323.0
case565_r1_C0_DEFAULT_N2048_q16_rep5,R1_EVENT_OVERLAP,C0_DEFAULT,2048,16,5,7,2694.3,2884.9,3204.5,323.5
case565_r1_C0_DEFAULT_N2048_q16_rep5,R1_EVENT_OVERLAP,C0_DEFAULT,2048,16,5,8,3038.6,3231.3,3550.2,322.4
case565_r1_C0_DEFAULT_N2048_q16_rep5,R1_EVENT_OVERLAP,C0_DEFAULT,2048,16,5,9,3384.5,3576.8,3894.7,323.2
case565_r1_C0_DEFAULT_N2048_q16_rep5,R1_EVENT_OVERLAP,C0_DEFAULT,2048,16,5,10,3729.2,3921.5,4241.2,324.0
case565_r1_C0_DEFAULT_N2048_q16_rep5,R1_EVENT_OVERLAP,C0_DEFAULT,2048,16,5,11,4074.7,4269.9,4592.9,324.8
case565_r1_C0_DEFAULT_N2048_q16_rep5,R1_EVENT_OVERLAP,C0_DEFAULT,2048,16,5,12,4420.7,4619.8,4940.6,324.4
case565_r1_C0_DEFAULT_N2048_q16_rep5,R1_EVENT_OVERLAP,C0_DEFAULT,2048,16,5,13,4767.2,4967.6,5289.9,326.9
case565_r1_C0_DEFAULT_N2048_q16_rep5,R1_EVENT_OVERLAP,C0_DEFAULT,2048,16,5,14,5114.4,5316.6,5602.2,300.8
case565_r1_C0_DEFAULT_N2048_q16_rep5,R1_EVENT_OVERLAP,C0_DEFAULT,2048,16,5,15,5460.7,5613.4,5824.9,214.5
case566_r1_C2_RING_SIMPLE_CH8_N2048_q16_rep1,R1_EVENT_OVERLAP,C2_RING_SIMPLE_CH8,2048,16,1,0,325.9,336.3,736.8,403.9
case566_r1_C2_RING_SIMPLE_CH8_N2048_q16_rep1,R1_EVENT_OVERLAP,C2_RING_SIMPLE_CH8,2048,16,1,1,623.9,775.2,1137.9,365.5
case566_r1_C2_RING_SIMPLE_CH8_N2048_q16_rep1,R1_EVENT_OVERLAP,C2_RING_SIMPLE_CH8,2048,16,1,2,946.3,1174.8,1580.2,405.6
case566_r1_C2_RING_SIMPLE_CH8_N2048_q16_rep1,R1_EVENT_OVERLAP,C2_RING_SIMPLE_CH8,2048,16,1,3,1276.5,1591.9,1995.9,411.5
case566_r1_C2_RING_SIMPLE_CH8_N2048_q16_rep1,R1_EVENT_OVERLAP,C2_RING_SIMPLE_CH8,2048,16,1,4,1590.3,2033.0,2392.7,383.0
case566_r1_C2_RING_SIMPLE_CH8_N2048_q16_rep1,R1_EVENT_OVERLAP,C2_RING_SIMPLE_CH8,2048,16,1,5,1897.8,2428.2,2829.0,400.5
case566_r1_C2_RING_SIMPLE_CH8_N2048_q16_rep1,R1_EVENT_OVERLAP,C2_RING_SIMPLE_CH8,2048,16,1,6,2219.2,2842.7,3242.0,413.5
case566_r1_C2_RING_SIMPLE_CH8_N2048_q16_rep1,R1_EVENT_OVERLAP,C2_RING_SIMPLE_CH8,2048,16,1,7,2542.9,3280.2,3654.9,401.8
case566_r1_C2_RING_SIMPLE_CH8_N2048_q16_rep1,R1_EVENT_OVERLAP,C2_RING_SIMPLE_CH8,2048,16,1,8,2861.4,3692.5,4087.7,399.3
case566_r1_C2_RING_SIMPLE_CH8_N2048_q16_rep1,R1_EVENT_OVERLAP,C2_RING_SIMPLE_CH8,2048,16,1,9,3172.9,4107.7,4513.9,412.2
case566_r1_C2_RING_SIMPLE_CH8_N2048_q16_rep1,R1_EVENT_OVERLAP,C2_RING_SIMPLE_CH8,2048,16,1,10,3491.0,4551.4,4924.2,402.9
case566_r1_C2_RING_SIMPLE_CH8_N2048_q16_rep1,R1_EVENT_OVERLAP,C2_RING_SIMPLE_CH8,2048,16,1,11,3812.3,4960.8,5242.9,299.3
case566_r1_C2_RING_SIMPLE_CH8_N2048_q16_rep1,R1_EVENT_OVERLAP,C2_RING_SIMPLE_CH8,2048,16,1,12,4133.8,5254.3,5465.9,213.4
case566_r1_C2_RING_SIMPLE_CH8_N2048_q16_rep1,R1_EVENT_OVERLAP,C2_RING_SIMPLE_CH8,2048,16,1,13,4444.6,5477.1,5688.9,212.9
case566_r1_C2_RING_SIMPLE_CH8_N2048_q16_rep1,R1_EVENT_OVERLAP,C2_RING_SIMPLE_CH8,2048,16,1,14,4763.9,5700.2,5911.4,215.1
case566_r1_C2_RING_SIMPLE_CH8_N2048_q16_rep1,R1_EVENT_OVERLAP,C2_RING_SIMPLE_CH8,2048,16,1,15,5084.9,5922.7,6138.1,217.0
case567_r1_C2_RING_SIMPLE_CH8_N2048_q16_rep2,R1_EVENT_OVERLAP,C2_RING_SIMPLE_CH8,2048,16,2,0,323.7,333.9,738.1,408.1
case567_r1_C2_RING_SIMPLE_CH8_N2048_q16_rep2,R1_EVENT_OVERLAP,C2_RING_SIMPLE_CH8,2048,16,2,1,621.2,774.0,1133.7,364.5
case567_r1_C2_RING_SIMPLE_CH8_N2048_q16_rep2,R1_EVENT_OVERLAP,C2_RING_SIMPLE_CH8,2048,16,2,2,941.1,1172.7,1571.4,405.6
case567_r1_C2_RING_SIMPLE_CH8_N2048_q16_rep2,R1_EVENT_OVERLAP,C2_RING_SIMPLE_CH8,2048,16,2,3,1271.2,1583.0,1989.7,412.0
case567_r1_C2_RING_SIMPLE_CH8_N2048_q16_rep2,R1_EVENT_OVERLAP,C2_RING_SIMPLE_CH8,2048,16,2,4,1583.8,2026.8,2387.7,377.3
case567_r1_C2_RING_SIMPLE_CH8_N2048_q16_rep2,R1_EVENT_OVERLAP,C2_RING_SIMPLE_CH8,2048,16,2,5,1894.6,2424.6,2823.0,401.7
case567_r1_C2_RING_SIMPLE_CH8_N2048_q16_rep2,R1_EVENT_OVERLAP,C2_RING_SIMPLE_CH8,2048,16,2,6,2215.7,2839.1,3243.1,414.6
case567_r1_C2_RING_SIMPLE_CH8_N2048_q16_rep2,R1_EVENT_OVERLAP,C2_RING_SIMPLE_CH8,2048,16,2,7,2538.7,3280.1,3650.7,397.7
case567_r1_C2_RING_SIMPLE_CH8_N2048_q16_rep2,R1_EVENT_OVERLAP,C2_RING_SIMPLE_CH8,2048,16,2,8,2857.1,3686.9,4086.5,398.8
case567_r1_C2_RING_SIMPLE_CH8_N2048_q16_rep2,R1_EVENT_OVERLAP,C2_RING_SIMPLE_CH8,2048,16,2,9,3167.0,4106.1,4511.3,414.6
case567_r1_C2_RING_SIMPLE_CH8_N2048_q16_rep2,R1_EVENT_OVERLAP,C2_RING_SIMPLE_CH8,2048,16,2,10,3486.9,4547.1,4918.4,404.7
case567_r1_C2_RING_SIMPLE_CH8_N2048_q16_rep2,R1_EVENT_OVERLAP,C2_RING_SIMPLE_CH8,2048,16,2,11,3807.8,4957.6,5239.5,295.2
case567_r1_C2_RING_SIMPLE_CH8_N2048_q16_rep2,R1_EVENT_OVERLAP,C2_RING_SIMPLE_CH8,2048,16,2,12,4128.6,5250.7,5463.7,213.5
case567_r1_C2_RING_SIMPLE_CH8_N2048_q16_rep2,R1_EVENT_OVERLAP,C2_RING_SIMPLE_CH8,2048,16,2,13,4442.0,5474.9,5685.0,212.1
case567_r1_C2_RING_SIMPLE_CH8_N2048_q16_rep2,R1_EVENT_OVERLAP,C2_RING_SIMPLE_CH8,2048,16,2,14,4759.7,5696.5,5907.5,216.4
case567_r1_C2_RING_SIMPLE_CH8_N2048_q16_rep2,R1_EVENT_OVERLAP,C2_RING_SIMPLE_CH8,2048,16,2,15,5080.4,5918.7,6131.2,216.6
case568_r1_C2_RING_SIMPLE_CH8_N2048_q16_rep3,R1_EVENT_OVERLAP,C2_RING_SIMPLE_CH8,2048,16,3,0,327.5,338.3,744.1,414.0
case568_r1_C2_RING_SIMPLE_CH8_N2048_q16_rep3,R1_EVENT_OVERLAP,C2_RING_SIMPLE_CH8,2048,16,3,1,625.2,781.9,1146.5,366.9
case568_r1_C2_RING_SIMPLE_CH8_N2048_q16_rep3,R1_EVENT_OVERLAP,C2_RING_SIMPLE_CH8,2048,16,3,2,947.9,1184.3,1589.8,408.2
case568_r1_C2_RING_SIMPLE_CH8_N2048_q16_rep3,R1_EVENT_OVERLAP,C2_RING_SIMPLE_CH8,2048,16,3,3,1278.8,1602.1,2007.5,411.2
case568_r1_C2_RING_SIMPLE_CH8_N2048_q16_rep3,R1_EVENT_OVERLAP,C2_RING_SIMPLE_CH8,2048,16,3,4,1594.2,2045.6,2410.8,387.8
case568_r1_C2_RING_SIMPLE_CH8_N2048_q16_rep3,R1_EVENT_OVERLAP,C2_RING_SIMPLE_CH8,2048,16,3,5,1902.0,2450.3,2854.6,406.6
case568_r1_C2_RING_SIMPLE_CH8_N2048_q16_rep3,R1_EVENT_OVERLAP,C2_RING_SIMPLE_CH8,2048,16,3,6,2223.4,2866.5,3273.1,414.1
case568_r1_C2_RING_SIMPLE_CH8_N2048_q16_rep3,R1_EVENT_OVERLAP,C2_RING_SIMPLE_CH8,2048,16,3,7,2548.7,3311.3,3675.7,406.0
case568_r1_C2_RING_SIMPLE_CH8_N2048_q16_rep3,R1_EVENT_OVERLAP,C2_RING_SIMPLE_CH8,2048,16,3,8,2869.2,3714.8,4115.6,401.3
case568_r1_C2_RING_SIMPLE_CH8_N2048_q16_rep3,R1_EVENT_OVERLAP,C2_RING_SIMPLE_CH8,2048,16,3,9,3180.2,4128.0,4538.4,413.5
case568_r1_C2_RING_SIMPLE_CH8_N2048_q16_rep3,R1_EVENT_OVERLAP,C2_RING_SIMPLE_CH8,2048,16,3,10,3497.6,4576.3,4941.4,403.3
case568_r1_C2_RING_SIMPLE_CH8_N2048_q16_rep3,R1_EVENT_OVERLAP,C2_RING_SIMPLE_CH8,2048,16,3,11,3818.7,4983.0,5253.6,322.1
case568_r1_C2_RING_SIMPLE_CH8_N2048_q16_rep3,R1_EVENT_OVERLAP,C2_RING_SIMPLE_CH8,2048,16,3,12,4140.7,5265.0,5477.7,212.5
case568_r1_C2_RING_SIMPLE_CH8_N2048_q16_rep3,R1_EVENT_OVERLAP,C2_RING_SIMPLE_CH8,2048,16,3,13,4453.8,5488.9,5699.8,212.0
case568_r1_C2_RING_SIMPLE_CH8_N2048_q16_rep3,R1_EVENT_OVERLAP,C2_RING_SIMPLE_CH8,2048,16,3,14,4772.6,5711.1,5923.3,216.1
case568_r1_C2_RING_SIMPLE_CH8_N2048_q16_rep3,R1_EVENT_OVERLAP,C2_RING_SIMPLE_CH8,2048,16,3,15,5093.0,5934.6,6147.6,216.0
case569_r1_C2_RING_SIMPLE_CH8_N2048_q16_rep4,R1_EVENT_OVERLAP,C2_RING_SIMPLE_CH8,2048,16,4,0,330.8,341.2,742.2,408.0
case569_r1_C2_RING_SIMPLE_CH8_N2048_q16_rep4,R1_EVENT_OVERLAP,C2_RING_SIMPLE_CH8,2048,16,4,1,629.5,779.2,1138.6,364.3
case569_r1_C2_RING_SIMPLE_CH8_N2048_q16_rep4,R1_EVENT_OVERLAP,C2_RING_SIMPLE_CH8,2048,16,4,2,950.5,1177.1,1578.2,404.1
case569_r1_C2_RING_SIMPLE_CH8_N2048_q16_rep4,R1_EVENT_OVERLAP,C2_RING_SIMPLE_CH8,2048,16,4,3,1279.3,1590.1,1993.8,412.0
case569_r1_C2_RING_SIMPLE_CH8_N2048_q16_rep4,R1_EVENT_OVERLAP,C2_RING_SIMPLE_CH8,2048,16,4,4,1594.7,2030.8,2393.3,376.6
case569_r1_C2_RING_SIMPLE_CH8_N2048_q16_rep4,R1_EVENT_OVERLAP,C2_RING_SIMPLE_CH8,2048,16,4,5,1905.3,2432.2,2831.2,401.1
case569_r1_C2_RING_SIMPLE_CH8_N2048_q16_rep4,R1_EVENT_OVERLAP,C2_RING_SIMPLE_CH8,2048,16,4,6,2226.4,2848.6,3249.4,413.1
case569_r1_C2_RING_SIMPLE_CH8_N2048_q16_rep4,R1_EVENT_OVERLAP,C2_RING_SIMPLE_CH8,2048,16,4,7,2549.4,3287.4,3658.8,401.1
case569_r1_C2_RING_SIMPLE_CH8_N2048_q16_rep4,R1_EVENT_OVERLAP,C2_RING_SIMPLE_CH8,2048,16,4,8,2869.4,3697.3,4095.0,396.7
case569_r1_C2_RING_SIMPLE_CH8_N2048_q16_rep4,R1_EVENT_OVERLAP,C2_RING_SIMPLE_CH8,2048,16,4,9,3181.2,4114.8,4518.1,414.0
case569_r1_C2_RING_SIMPLE_CH8_N2048_q16_rep4,R1_EVENT_OVERLAP,C2_RING_SIMPLE_CH8,2048,16,4,10,3499.3,4555.0,4931.1,402.3
case569_r1_C2_RING_SIMPLE_CH8_N2048_q16_rep4,R1_EVENT_OVERLAP,C2_RING_SIMPLE_CH8,2048,16,4,11,3821.0,4967.9,5249.8,302.5
case569_r1_C2_RING_SIMPLE_CH8_N2048_q16_rep4,R1_EVENT_OVERLAP,C2_RING_SIMPLE_CH8,2048,16,4,12,4140.0,5261.2,5473.6,213.8
case569_r1_C2_RING_SIMPLE_CH8_N2048_q16_rep4,R1_EVENT_OVERLAP,C2_RING_SIMPLE_CH8,2048,16,4,13,4452.9,5485.1,5698.6,212.9
case569_r1_C2_RING_SIMPLE_CH8_N2048_q16_rep4,R1_EVENT_OVERLAP,C2_RING_SIMPLE_CH8,2048,16,4,14,4773.3,5710.1,5922.7,215.9
case569_r1_C2_RING_SIMPLE_CH8_N2048_q16_rep4,R1_EVENT_OVERLAP,C2_RING_SIMPLE_CH8,2048,16,4,15,5093.7,5933.9,6146.6,215.7
case570_r1_C2_RING_SIMPLE_CH8_N2048_q16_rep5,R1_EVENT_OVERLAP,C2_RING_SIMPLE_CH8,2048,16,5,0,324.2,334.6,736.4,406.9
case570_r1_C2_RING_SIMPLE_CH8_N2048_q16_rep5,R1_EVENT_OVERLAP,C2_RING_SIMPLE_CH8,2048,16,5,1,621.1,775.2,1132.7,364.7
case570_r1_C2_RING_SIMPLE_CH8_N2048_q16_rep5,R1_EVENT_OVERLAP,C2_RING_SIMPLE_CH8,2048,16,5,2,943.1,1169.6,1576.8,407.7
case570_r1_C2_RING_SIMPLE_CH8_N2048_q16_rep5,R1_EVENT_OVERLAP,C2_RING_SIMPLE_CH8,2048,16,5,3,1272.6,1589.5,1996.8,411.3
case570_r1_C2_RING_SIMPLE_CH8_N2048_q16_rep5,R1_EVENT_OVERLAP,C2_RING_SIMPLE_CH8,2048,16,5,4,1587.3,2031.5,2393.3,388.5
case570_r1_C2_RING_SIMPLE_CH8_N2048_q16_rep5,R1_EVENT_OVERLAP,C2_RING_SIMPLE_CH8,2048,16,5,5,1894.9,2430.0,2837.4,404.0
case570_r1_C2_RING_SIMPLE_CH8_N2048_q16_rep5,R1_EVENT_OVERLAP,C2_RING_SIMPLE_CH8,2048,16,5,6,2215.2,2850.1,3253.3,414.2
case570_r1_C2_RING_SIMPLE_CH8_N2048_q16_rep5,R1_EVENT_OVERLAP,C2_RING_SIMPLE_CH8,2048,16,5,7,2538.8,3289.8,3660.9,402.0
case570_r1_C2_RING_SIMPLE_CH8_N2048_q16_rep5,R1_EVENT_OVERLAP,C2_RING_SIMPLE_CH8,2048,16,5,8,2861.0,3696.7,4093.4,401.8
case570_r1_C2_RING_SIMPLE_CH8_N2048_q16_rep5,R1_EVENT_OVERLAP,C2_RING_SIMPLE_CH8,2048,16,5,9,3172.9,4115.1,4523.3,411.0
case570_r1_C2_RING_SIMPLE_CH8_N2048_q16_rep5,R1_EVENT_OVERLAP,C2_RING_SIMPLE_CH8,2048,16,5,10,3489.4,4559.6,4934.6,404.9
case570_r1_C2_RING_SIMPLE_CH8_N2048_q16_rep5,R1_EVENT_OVERLAP,C2_RING_SIMPLE_CH8,2048,16,5,11,3810.3,4970.0,5243.9,322.6
case570_r1_C2_RING_SIMPLE_CH8_N2048_q16_rep5,R1_EVENT_OVERLAP,C2_RING_SIMPLE_CH8,2048,16,5,12,4132.8,5255.2,5465.3,212.8
case570_r1_C2_RING_SIMPLE_CH8_N2048_q16_rep5,R1_EVENT_OVERLAP,C2_RING_SIMPLE_CH8,2048,16,5,13,4445.3,5476.5,5686.5,212.5
case570_r1_C2_RING_SIMPLE_CH8_N2048_q16_rep5,R1_EVENT_OVERLAP,C2_RING_SIMPLE_CH8,2048,16,5,14,4760.7,5697.8,5911.4,215.3
case570_r1_C2_RING_SIMPLE_CH8_N2048_q16_rep5,R1_EVENT_OVERLAP,C2_RING_SIMPLE_CH8,2048,16,5,15,5083.2,5923.1,6135.3,216.5
case571_dc_C0_DEFAULT_N2048_q16_rep1,DC_PUSHSIG_ONLY,C0_DEFAULT,2048,16,1,0,661.7,0.0,0.0,0.0
case571_dc_C0_DEFAULT_N2048_q16_rep1,DC_PUSHSIG_ONLY,C0_DEFAULT,2048,16,1,1,1296.2,0.0,0.0,0.0
case571_dc_C0_DEFAULT_N2048_q16_rep1,DC_PUSHSIG_ONLY,C0_DEFAULT,2048,16,1,2,4106.8,0.0,0.0,0.0
case571_dc_C0_DEFAULT_N2048_q16_rep1,DC_PUSHSIG_ONLY,C0_DEFAULT,2048,16,1,3,6025.7,0.0,0.0,0.0
case571_dc_C0_DEFAULT_N2048_q16_rep1,DC_PUSHSIG_ONLY,C0_DEFAULT,2048,16,1,4,6609.9,0.0,0.0,0.0
case571_dc_C0_DEFAULT_N2048_q16_rep1,DC_PUSHSIG_ONLY,C0_DEFAULT,2048,16,1,5,8628.6,0.0,0.0,0.0
case571_dc_C0_DEFAULT_N2048_q16_rep1,DC_PUSHSIG_ONLY,C0_DEFAULT,2048,16,1,6,9048.9,0.0,0.0,0.0
case571_dc_C0_DEFAULT_N2048_q16_rep1,DC_PUSHSIG_ONLY,C0_DEFAULT,2048,16,1,7,9466.3,0.0,0.0,0.0
case571_dc_C0_DEFAULT_N2048_q16_rep1,DC_PUSHSIG_ONLY,C0_DEFAULT,2048,16,1,8,10083.0,0.0,0.0,0.0
case571_dc_C0_DEFAULT_N2048_q16_rep1,DC_PUSHSIG_ONLY,C0_DEFAULT,2048,16,1,9,10566.7,0.0,0.0,0.0
case571_dc_C0_DEFAULT_N2048_q16_rep1,DC_PUSHSIG_ONLY,C0_DEFAULT,2048,16,1,10,10927.1,0.0,0.0,0.0
case571_dc_C0_DEFAULT_N2048_q16_rep1,DC_PUSHSIG_ONLY,C0_DEFAULT,2048,16,1,11,11761.2,0.0,0.0,0.0
case571_dc_C0_DEFAULT_N2048_q16_rep1,DC_PUSHSIG_ONLY,C0_DEFAULT,2048,16,1,12,13297.5,0.0,0.0,0.0
case571_dc_C0_DEFAULT_N2048_q16_rep1,DC_PUSHSIG_ONLY,C0_DEFAULT,2048,16,1,13,13891.5,0.0,0.0,0.0
case571_dc_C0_DEFAULT_N2048_q16_rep1,DC_PUSHSIG_ONLY,C0_DEFAULT,2048,16,1,14,14619.1,0.0,0.0,0.0
case571_dc_C0_DEFAULT_N2048_q16_rep1,DC_PUSHSIG_ONLY,C0_DEFAULT,2048,16,1,15,15534.0,0.0,0.0,0.0
case572_dc_C0_DEFAULT_N2048_q16_rep2,DC_PUSHSIG_ONLY,C0_DEFAULT,2048,16,2,0,4852.5,0.0,0.0,0.0
case572_dc_C0_DEFAULT_N2048_q16_rep2,DC_PUSHSIG_ONLY,C0_DEFAULT,2048,16,2,1,6252.0,0.0,0.0,0.0
case572_dc_C0_DEFAULT_N2048_q16_rep2,DC_PUSHSIG_ONLY,C0_DEFAULT,2048,16,2,2,7422.6,0.0,0.0,0.0
case572_dc_C0_DEFAULT_N2048_q16_rep2,DC_PUSHSIG_ONLY,C0_DEFAULT,2048,16,2,3,7848.2,0.0,0.0,0.0
case572_dc_C0_DEFAULT_N2048_q16_rep2,DC_PUSHSIG_ONLY,C0_DEFAULT,2048,16,2,4,8507.0,0.0,0.0,0.0
case572_dc_C0_DEFAULT_N2048_q16_rep2,DC_PUSHSIG_ONLY,C0_DEFAULT,2048,16,2,5,9648.1,0.0,0.0,0.0
case572_dc_C0_DEFAULT_N2048_q16_rep2,DC_PUSHSIG_ONLY,C0_DEFAULT,2048,16,2,6,10117.6,0.0,0.0,0.0
case572_dc_C0_DEFAULT_N2048_q16_rep2,DC_PUSHSIG_ONLY,C0_DEFAULT,2048,16,2,7,11052.3,0.0,0.0,0.0
case572_dc_C0_DEFAULT_N2048_q16_rep2,DC_PUSHSIG_ONLY,C0_DEFAULT,2048,16,2,8,11477.7,0.0,0.0,0.0
case572_dc_C0_DEFAULT_N2048_q16_rep2,DC_PUSHSIG_ONLY,C0_DEFAULT,2048,16,2,9,11890.0,0.0,0.0,0.0
case572_dc_C0_DEFAULT_N2048_q16_rep2,DC_PUSHSIG_ONLY,C0_DEFAULT,2048,16,2,10,12212.5,0.0,0.0,0.0
case572_dc_C0_DEFAULT_N2048_q16_rep2,DC_PUSHSIG_ONLY,C0_DEFAULT,2048,16,2,11,12593.9,0.0,0.0,0.0
case572_dc_C0_DEFAULT_N2048_q16_rep2,DC_PUSHSIG_ONLY,C0_DEFAULT,2048,16,2,12,13435.4,0.0,0.0,0.0
case572_dc_C0_DEFAULT_N2048_q16_rep2,DC_PUSHSIG_ONLY,C0_DEFAULT,2048,16,2,13,13973.5,0.0,0.0,0.0
case572_dc_C0_DEFAULT_N2048_q16_rep2,DC_PUSHSIG_ONLY,C0_DEFAULT,2048,16,2,14,14470.3,0.0,0.0,0.0
case572_dc_C0_DEFAULT_N2048_q16_rep2,DC_PUSHSIG_ONLY,C0_DEFAULT,2048,16,2,15,15029.5,0.0,0.0,0.0
case573_dc_C0_DEFAULT_N2048_q16_rep3,DC_PUSHSIG_ONLY,C0_DEFAULT,2048,16,3,0,3811.4,0.0,0.0,0.0
case573_dc_C0_DEFAULT_N2048_q16_rep3,DC_PUSHSIG_ONLY,C0_DEFAULT,2048,16,3,1,4902.5,0.0,0.0,0.0
case573_dc_C0_DEFAULT_N2048_q16_rep3,DC_PUSHSIG_ONLY,C0_DEFAULT,2048,16,3,2,6161.3,0.0,0.0,0.0
case573_dc_C0_DEFAULT_N2048_q16_rep3,DC_PUSHSIG_ONLY,C0_DEFAULT,2048,16,3,3,7009.4,0.0,0.0,0.0
case573_dc_C0_DEFAULT_N2048_q16_rep3,DC_PUSHSIG_ONLY,C0_DEFAULT,2048,16,3,4,7511.1,0.0,0.0,0.0
case573_dc_C0_DEFAULT_N2048_q16_rep3,DC_PUSHSIG_ONLY,C0_DEFAULT,2048,16,3,5,8202.5,0.0,0.0,0.0
case573_dc_C0_DEFAULT_N2048_q16_rep3,DC_PUSHSIG_ONLY,C0_DEFAULT,2048,16,3,6,8817.7,0.0,0.0,0.0
case573_dc_C0_DEFAULT_N2048_q16_rep3,DC_PUSHSIG_ONLY,C0_DEFAULT,2048,16,3,7,10332.0,0.0,0.0,0.0
case573_dc_C0_DEFAULT_N2048_q16_rep3,DC_PUSHSIG_ONLY,C0_DEFAULT,2048,16,3,8,11032.1,0.0,0.0,0.0
case573_dc_C0_DEFAULT_N2048_q16_rep3,DC_PUSHSIG_ONLY,C0_DEFAULT,2048,16,3,9,11594.8,0.0,0.0,0.0
case573_dc_C0_DEFAULT_N2048_q16_rep3,DC_PUSHSIG_ONLY,C0_DEFAULT,2048,16,3,10,12493.8,0.0,0.0,0.0
case573_dc_C0_DEFAULT_N2048_q16_rep3,DC_PUSHSIG_ONLY,C0_DEFAULT,2048,16,3,11,13150.5,0.0,0.0,0.0
case573_dc_C0_DEFAULT_N2048_q16_rep3,DC_PUSHSIG_ONLY,C0_DEFAULT,2048,16,3,12,13778.4,0.0,0.0,0.0
case573_dc_C0_DEFAULT_N2048_q16_rep3,DC_PUSHSIG_ONLY,C0_DEFAULT,2048,16,3,13,14178.3,0.0,0.0,0.0
case573_dc_C0_DEFAULT_N2048_q16_rep3,DC_PUSHSIG_ONLY,C0_DEFAULT,2048,16,3,14,14637.7,0.0,0.0,0.0
case573_dc_C0_DEFAULT_N2048_q16_rep3,DC_PUSHSIG_ONLY,C0_DEFAULT,2048,16,3,15,15000.4,0.0,0.0,0.0
case574_dc_C0_DEFAULT_N2048_q16_rep4,DC_PUSHSIG_ONLY,C0_DEFAULT,2048,16,4,0,9075.7,0.0,0.0,0.0
case574_dc_C0_DEFAULT_N2048_q16_rep4,DC_PUSHSIG_ONLY,C0_DEFAULT,2048,16,4,1,9447.1,0.0,0.0,0.0
case574_dc_C0_DEFAULT_N2048_q16_rep4,DC_PUSHSIG_ONLY,C0_DEFAULT,2048,16,4,2,9843.6,0.0,0.0,0.0
case574_dc_C0_DEFAULT_N2048_q16_rep4,DC_PUSHSIG_ONLY,C0_DEFAULT,2048,16,4,3,10241.9,0.0,0.0,0.0
case574_dc_C0_DEFAULT_N2048_q16_rep4,DC_PUSHSIG_ONLY,C0_DEFAULT,2048,16,4,4,10633.9,0.0,0.0,0.0
case574_dc_C0_DEFAULT_N2048_q16_rep4,DC_PUSHSIG_ONLY,C0_DEFAULT,2048,16,4,5,11006.0,0.0,0.0,0.0
case574_dc_C0_DEFAULT_N2048_q16_rep4,DC_PUSHSIG_ONLY,C0_DEFAULT,2048,16,4,6,11364.7,0.0,0.0,0.0
case574_dc_C0_DEFAULT_N2048_q16_rep4,DC_PUSHSIG_ONLY,C0_DEFAULT,2048,16,4,7,11795.7,0.0,0.0,0.0
case574_dc_C0_DEFAULT_N2048_q16_rep4,DC_PUSHSIG_ONLY,C0_DEFAULT,2048,16,4,8,12194.0,0.0,0.0,0.0
case574_dc_C0_DEFAULT_N2048_q16_rep4,DC_PUSHSIG_ONLY,C0_DEFAULT,2048,16,4,9,12587.9,0.0,0.0,0.0
case574_dc_C0_DEFAULT_N2048_q16_rep4,DC_PUSHSIG_ONLY,C0_DEFAULT,2048,16,4,10,12980.7,0.0,0.0,0.0
case574_dc_C0_DEFAULT_N2048_q16_rep4,DC_PUSHSIG_ONLY,C0_DEFAULT,2048,16,4,11,13371.7,0.0,0.0,0.0
case574_dc_C0_DEFAULT_N2048_q16_rep4,DC_PUSHSIG_ONLY,C0_DEFAULT,2048,16,4,12,13769.0,0.0,0.0,0.0
case574_dc_C0_DEFAULT_N2048_q16_rep4,DC_PUSHSIG_ONLY,C0_DEFAULT,2048,16,4,13,14189.9,0.0,0.0,0.0
case574_dc_C0_DEFAULT_N2048_q16_rep4,DC_PUSHSIG_ONLY,C0_DEFAULT,2048,16,4,14,14514.8,0.0,0.0,0.0
case574_dc_C0_DEFAULT_N2048_q16_rep4,DC_PUSHSIG_ONLY,C0_DEFAULT,2048,16,4,15,15101.6,0.0,0.0,0.0
case575_dc_C0_DEFAULT_N2048_q16_rep5,DC_PUSHSIG_ONLY,C0_DEFAULT,2048,16,5,0,670.3,0.0,0.0,0.0
case575_dc_C0_DEFAULT_N2048_q16_rep5,DC_PUSHSIG_ONLY,C0_DEFAULT,2048,16,5,1,1281.6,0.0,0.0,0.0
case575_dc_C0_DEFAULT_N2048_q16_rep5,DC_PUSHSIG_ONLY,C0_DEFAULT,2048,16,5,2,5328.9,0.0,0.0,0.0
case575_dc_C0_DEFAULT_N2048_q16_rep5,DC_PUSHSIG_ONLY,C0_DEFAULT,2048,16,5,3,5967.3,0.0,0.0,0.0
case575_dc_C0_DEFAULT_N2048_q16_rep5,DC_PUSHSIG_ONLY,C0_DEFAULT,2048,16,5,4,6536.8,0.0,0.0,0.0
case575_dc_C0_DEFAULT_N2048_q16_rep5,DC_PUSHSIG_ONLY,C0_DEFAULT,2048,16,5,5,7183.0,0.0,0.0,0.0
case575_dc_C0_DEFAULT_N2048_q16_rep5,DC_PUSHSIG_ONLY,C0_DEFAULT,2048,16,5,6,8239.1,0.0,0.0,0.0
case575_dc_C0_DEFAULT_N2048_q16_rep5,DC_PUSHSIG_ONLY,C0_DEFAULT,2048,16,5,7,9359.1,0.0,0.0,0.0
case575_dc_C0_DEFAULT_N2048_q16_rep5,DC_PUSHSIG_ONLY,C0_DEFAULT,2048,16,5,8,9695.9,0.0,0.0,0.0
case575_dc_C0_DEFAULT_N2048_q16_rep5,DC_PUSHSIG_ONLY,C0_DEFAULT,2048,16,5,9,10449.4,0.0,0.0,0.0
case575_dc_C0_DEFAULT_N2048_q16_rep5,DC_PUSHSIG_ONLY,C0_DEFAULT,2048,16,5,10,11333.7,0.0,0.0,0.0
case575_dc_C0_DEFAULT_N2048_q16_rep5,DC_PUSHSIG_ONLY,C0_DEFAULT,2048,16,5,11,12254.6,0.0,0.0,0.0
case575_dc_C0_DEFAULT_N2048_q16_rep5,DC_PUSHSIG_ONLY,C0_DEFAULT,2048,16,5,12,12935.3,0.0,0.0,0.0
case575_dc_C0_DEFAULT_N2048_q16_rep5,DC_PUSHSIG_ONLY,C0_DEFAULT,2048,16,5,13,13498.4,0.0,0.0,0.0
case575_dc_C0_DEFAULT_N2048_q16_rep5,DC_PUSHSIG_ONLY,C0_DEFAULT,2048,16,5,14,13906.0,0.0,0.0,0.0
case575_dc_C0_DEFAULT_N2048_q16_rep5,DC_PUSHSIG_ONLY,C0_DEFAULT,2048,16,5,15,14735.1,0.0,0.0,0.0
case576_ds_C0_DEFAULT_N2048_q16_rep1,DS_PUSHSIG_SERIAL,C0_DEFAULT,2048,16,1,0,15703.1,15708.5,15955.1,253.6
case576_ds_C0_DEFAULT_N2048_q16_rep1,DS_PUSHSIG_SERIAL,C0_DEFAULT,2048,16,1,1,16264.1,16269.6,16506.9,245.9
case576_ds_C0_DEFAULT_N2048_q16_rep1,DS_PUSHSIG_SERIAL,C0_DEFAULT,2048,16,1,2,16701.5,16706.9,16949.8,242.7
case576_ds_C0_DEFAULT_N2048_q16_rep1,DS_PUSHSIG_SERIAL,C0_DEFAULT,2048,16,1,3,17073.4,17078.7,17389.5,244.2
case576_ds_C0_DEFAULT_N2048_q16_rep1,DS_PUSHSIG_SERIAL,C0_DEFAULT,2048,16,1,4,17717.3,17722.6,18033.9,245.7
case576_ds_C0_DEFAULT_N2048_q16_rep1,DS_PUSHSIG_SERIAL,C0_DEFAULT,2048,16,1,5,18153.6,18159.4,18381.5,239.8
case576_ds_C0_DEFAULT_N2048_q16_rep1,DS_PUSHSIG_SERIAL,C0_DEFAULT,2048,16,1,6,18432.1,18438.0,18660.3,239.6
case576_ds_C0_DEFAULT_N2048_q16_rep1,DS_PUSHSIG_SERIAL,C0_DEFAULT,2048,16,1,7,18775.5,18781.0,19009.6,240.9
case576_ds_C0_DEFAULT_N2048_q16_rep1,DS_PUSHSIG_SERIAL,C0_DEFAULT,2048,16,1,8,19061.0,19066.8,19289.5,237.6
case576_ds_C0_DEFAULT_N2048_q16_rep1,DS_PUSHSIG_SERIAL,C0_DEFAULT,2048,16,1,9,19468.7,19478.0,19814.9,237.7
case576_ds_C0_DEFAULT_N2048_q16_rep1,DS_PUSHSIG_SERIAL,C0_DEFAULT,2048,16,1,10,19982.9,19988.4,20217.8,240.1
case576_ds_C0_DEFAULT_N2048_q16_rep1,DS_PUSHSIG_SERIAL,C0_DEFAULT,2048,16,1,11,20271.0,20276.8,20552.4,236.5
case576_ds_C0_DEFAULT_N2048_q16_rep1,DS_PUSHSIG_SERIAL,C0_DEFAULT,2048,16,1,12,20627.7,20633.3,20884.6,237.0
case576_ds_C0_DEFAULT_N2048_q16_rep1,DS_PUSHSIG_SERIAL,C0_DEFAULT,2048,16,1,13,20951.2,20957.0,21226.3,236.1
case576_ds_C0_DEFAULT_N2048_q16_rep1,DS_PUSHSIG_SERIAL,C0_DEFAULT,2048,16,1,14,21354.1,21359.6,21591.7,236.6
case576_ds_C0_DEFAULT_N2048_q16_rep1,DS_PUSHSIG_SERIAL,C0_DEFAULT,2048,16,1,15,21812.2,21817.8,22046.4,236.0
case577_ds_C0_DEFAULT_N2048_q16_rep2,DS_PUSHSIG_SERIAL,C0_DEFAULT,2048,16,2,0,15829.4,15834.8,16233.4,258.5
case577_ds_C0_DEFAULT_N2048_q16_rep2,DS_PUSHSIG_SERIAL,C0_DEFAULT,2048,16,2,1,16569.9,16575.3,16807.0,241.3
case577_ds_C0_DEFAULT_N2048_q16_rep2,DS_PUSHSIG_SERIAL,C0_DEFAULT,2048,16,2,2,16884.1,16889.5,17131.0,240.5
case577_ds_C0_DEFAULT_N2048_q16_rep2,DS_PUSHSIG_SERIAL,C0_DEFAULT,2048,16,2,3,17243.8,17292.8,17529.5,239.0
case577_ds_C0_DEFAULT_N2048_q16_rep2,DS_PUSHSIG_SERIAL,C0_DEFAULT,2048,16,2,4,17656.0,17661.5,17896.2,239.2
case577_ds_C0_DEFAULT_N2048_q16_rep2,DS_PUSHSIG_SERIAL,C0_DEFAULT,2048,16,2,5,17950.9,17957.2,18186.4,238.5
case577_ds_C0_DEFAULT_N2048_q16_rep2,DS_PUSHSIG_SERIAL,C0_DEFAULT,2048,16,2,6,18245.0,18250.6,18472.1,237.9
case577_ds_C0_DEFAULT_N2048_q16_rep2,DS_PUSHSIG_SERIAL,C0_DEFAULT,2048,16,2,7,18535.1,18540.7,18772.2,238.1
case577_ds_C0_DEFAULT_N2048_q16_rep2,DS_PUSHSIG_SERIAL,C0_DEFAULT,2048,16,2,8,18855.9,18861.3,19093.7,238.0
case577_ds_C0_DEFAULT_N2048_q16_rep2,DS_PUSHSIG_SERIAL,C0_DEFAULT,2048,16,2,9,19280.5,19286.0,19505.6,236.3
case577_ds_C0_DEFAULT_N2048_q16_rep2,DS_PUSHSIG_SERIAL,C0_DEFAULT,2048,16,2,10,19557.0,19562.7,19781.6,237.1
case577_ds_C0_DEFAULT_N2048_q16_rep2,DS_PUSHSIG_SERIAL,C0_DEFAULT,2048,16,2,11,19842.6,19848.0,20075.8,237.0
case577_ds_C0_DEFAULT_N2048_q16_rep2,DS_PUSHSIG_SERIAL,C0_DEFAULT,2048,16,2,12,20199.3,20204.7,20446.9,235.3
case577_ds_C0_DEFAULT_N2048_q16_rep2,DS_PUSHSIG_SERIAL,C0_DEFAULT,2048,16,2,13,20557.2,20562.6,20793.5,235.0
case577_ds_C0_DEFAULT_N2048_q16_rep2,DS_PUSHSIG_SERIAL,C0_DEFAULT,2048,16,2,14,20908.3,20914.0,21194.1,236.4
case577_ds_C0_DEFAULT_N2048_q16_rep2,DS_PUSHSIG_SERIAL,C0_DEFAULT,2048,16,2,15,21500.6,21506.2,21733.7,235.3
case578_ds_C0_DEFAULT_N2048_q16_rep3,DS_PUSHSIG_SERIAL,C0_DEFAULT,2048,16,3,0,14497.4,14502.9,14744.4,259.7
case578_ds_C0_DEFAULT_N2048_q16_rep3,DS_PUSHSIG_SERIAL,C0_DEFAULT,2048,16,3,1,16822.7,16828.2,17293.8,249.7
case578_ds_C0_DEFAULT_N2048_q16_rep3,DS_PUSHSIG_SERIAL,C0_DEFAULT,2048,16,3,2,17456.4,17461.9,17840.9,244.8
case578_ds_C0_DEFAULT_N2048_q16_rep3,DS_PUSHSIG_SERIAL,C0_DEFAULT,2048,16,3,3,18454.3,18459.9,18687.0,242.5
case578_ds_C0_DEFAULT_N2048_q16_rep3,DS_PUSHSIG_SERIAL,C0_DEFAULT,2048,16,3,4,18751.9,18757.5,18977.7,243.1
case578_ds_C0_DEFAULT_N2048_q16_rep3,DS_PUSHSIG_SERIAL,C0_DEFAULT,2048,16,3,5,19042.9,19048.4,19268.5,240.9
case578_ds_C0_DEFAULT_N2048_q16_rep3,DS_PUSHSIG_SERIAL,C0_DEFAULT,2048,16,3,6,19717.0,19722.6,19948.2,240.5
case578_ds_C0_DEFAULT_N2048_q16_rep3,DS_PUSHSIG_SERIAL,C0_DEFAULT,2048,16,3,7,20009.8,20015.3,20258.9,241.2
case578_ds_C0_DEFAULT_N2048_q16_rep3,DS_PUSHSIG_SERIAL,C0_DEFAULT,2048,16,3,8,20320.7,20525.6,20755.6,239.9
case578_ds_C0_DEFAULT_N2048_q16_rep3,DS_PUSHSIG_SERIAL,C0_DEFAULT,2048,16,3,9,20815.1,20820.7,21058.5,239.7
case578_ds_C0_DEFAULT_N2048_q16_rep3,DS_PUSHSIG_SERIAL,C0_DEFAULT,2048,16,3,10,21401.3,21406.9,21633.8,239.3
case578_ds_C0_DEFAULT_N2048_q16_rep3,DS_PUSHSIG_SERIAL,C0_DEFAULT,2048,16,3,11,21686.6,21692.1,22232.5,237.5
case578_ds_C0_DEFAULT_N2048_q16_rep3,DS_PUSHSIG_SERIAL,C0_DEFAULT,2048,16,3,12,22508.9,22515.1,22754.4,236.8
case578_ds_C0_DEFAULT_N2048_q16_rep3,DS_PUSHSIG_SERIAL,C0_DEFAULT,2048,16,3,13,22852.8,22858.2,23091.2,236.0
case578_ds_C0_DEFAULT_N2048_q16_rep3,DS_PUSHSIG_SERIAL,C0_DEFAULT,2048,16,3,14,23150.5,23156.0,23384.7,236.1
case578_ds_C0_DEFAULT_N2048_q16_rep3,DS_PUSHSIG_SERIAL,C0_DEFAULT,2048,16,3,15,23446.6,23452.3,23685.8,235.2
case579_ds_C0_DEFAULT_N2048_q16_rep4,DS_PUSHSIG_SERIAL,C0_DEFAULT,2048,16,4,0,16010.9,16016.3,16259.8,257.7
case579_ds_C0_DEFAULT_N2048_q16_rep4,DS_PUSHSIG_SERIAL,C0_DEFAULT,2048,16,4,1,16362.8,16368.3,16603.6,248.0
case579_ds_C0_DEFAULT_N2048_q16_rep4,DS_PUSHSIG_SERIAL,C0_DEFAULT,2048,16,4,2,16672.0,16677.4,16911.4,240.2
case579_ds_C0_DEFAULT_N2048_q16_rep4,DS_PUSHSIG_SERIAL,C0_DEFAULT,2048,16,4,3,17041.8,17047.2,17309.3,242.4
case579_ds_C0_DEFAULT_N2048_q16_rep4,DS_PUSHSIG_SERIAL,C0_DEFAULT,2048,16,4,4,17482.6,17488.0,17872.3,238.7
case579_ds_C0_DEFAULT_N2048_q16_rep4,DS_PUSHSIG_SERIAL,C0_DEFAULT,2048,16,4,5,17963.1,17968.7,18208.8,241.5
case579_ds_C0_DEFAULT_N2048_q16_rep4,DS_PUSHSIG_SERIAL,C0_DEFAULT,2048,16,4,6,18398.3,18403.8,18627.1,238.9
case579_ds_C0_DEFAULT_N2048_q16_rep4,DS_PUSHSIG_SERIAL,C0_DEFAULT,2048,16,4,7,18773.9,18779.3,19050.1,240.2
case579_ds_C0_DEFAULT_N2048_q16_rep4,DS_PUSHSIG_SERIAL,C0_DEFAULT,2048,16,4,8,19133.1,19369.5,19903.8,237.4
case579_ds_C0_DEFAULT_N2048_q16_rep4,DS_PUSHSIG_SERIAL,C0_DEFAULT,2048,16,4,9,20316.7,20322.6,20546.6,236.6
case579_ds_C0_DEFAULT_N2048_q16_rep4,DS_PUSHSIG_SERIAL,C0_DEFAULT,2048,16,4,10,20829.9,20835.7,21166.0,238.2
case579_ds_C0_DEFAULT_N2048_q16_rep4,DS_PUSHSIG_SERIAL,C0_DEFAULT,2048,16,4,11,21358.7,21364.2,21824.4,236.1
case579_ds_C0_DEFAULT_N2048_q16_rep4,DS_PUSHSIG_SERIAL,C0_DEFAULT,2048,16,4,12,22070.1,22075.7,22445.2,235.8
case579_ds_C0_DEFAULT_N2048_q16_rep4,DS_PUSHSIG_SERIAL,C0_DEFAULT,2048,16,4,13,22799.4,22804.9,23034.4,237.5
case579_ds_C0_DEFAULT_N2048_q16_rep4,DS_PUSHSIG_SERIAL,C0_DEFAULT,2048,16,4,14,23094.8,23100.2,23334.4,236.3
case579_ds_C0_DEFAULT_N2048_q16_rep4,DS_PUSHSIG_SERIAL,C0_DEFAULT,2048,16,4,15,23487.6,23493.0,23774.0,236.1
case580_ds_C0_DEFAULT_N2048_q16_rep5,DS_PUSHSIG_SERIAL,C0_DEFAULT,2048,16,5,0,14180.6,14186.0,15353.1,259.4
case580_ds_C0_DEFAULT_N2048_q16_rep5,DS_PUSHSIG_SERIAL,C0_DEFAULT,2048,16,5,1,16056.1,16061.6,16292.2,250.6
case580_ds_C0_DEFAULT_N2048_q16_rep5,DS_PUSHSIG_SERIAL,C0_DEFAULT,2048,16,5,2,16358.1,16363.6,16682.3,249.9
case580_ds_C0_DEFAULT_N2048_q16_rep5,DS_PUSHSIG_SERIAL,C0_DEFAULT,2048,16,5,3,16984.6,17009.3,17243.9,247.4
case580_ds_C0_DEFAULT_N2048_q16_rep5,DS_PUSHSIG_SERIAL,C0_DEFAULT,2048,16,5,4,17398.3,17403.9,17635.9,244.0
case580_ds_C0_DEFAULT_N2048_q16_rep5,DS_PUSHSIG_SERIAL,C0_DEFAULT,2048,16,5,5,17829.8,17835.4,18056.4,247.1
case580_ds_C0_DEFAULT_N2048_q16_rep5,DS_PUSHSIG_SERIAL,C0_DEFAULT,2048,16,5,6,18271.9,18277.4,18508.1,242.0
case580_ds_C0_DEFAULT_N2048_q16_rep5,DS_PUSHSIG_SERIAL,C0_DEFAULT,2048,16,5,7,18685.3,18691.7,18921.2,241.5
case580_ds_C0_DEFAULT_N2048_q16_rep5,DS_PUSHSIG_SERIAL,C0_DEFAULT,2048,16,5,8,19079.1,19084.6,19317.5,240.2
case580_ds_C0_DEFAULT_N2048_q16_rep5,DS_PUSHSIG_SERIAL,C0_DEFAULT,2048,16,5,9,19449.5,19455.2,19722.5,240.0
case580_ds_C0_DEFAULT_N2048_q16_rep5,DS_PUSHSIG_SERIAL,C0_DEFAULT,2048,16,5,10,19844.9,19850.4,20085.4,237.5
case580_ds_C0_DEFAULT_N2048_q16_rep5,DS_PUSHSIG_SERIAL,C0_DEFAULT,2048,16,5,11,20268.2,20273.9,20498.0,238.6
case580_ds_C0_DEFAULT_N2048_q16_rep5,DS_PUSHSIG_SERIAL,C0_DEFAULT,2048,16,5,12,20625.9,20631.4,20852.1,235.6
case580_ds_C0_DEFAULT_N2048_q16_rep5,DS_PUSHSIG_SERIAL,C0_DEFAULT,2048,16,5,13,21173.2,21178.8,21411.3,236.9
case580_ds_C0_DEFAULT_N2048_q16_rep5,DS_PUSHSIG_SERIAL,C0_DEFAULT,2048,16,5,14,21608.2,21613.8,21849.0,235.0
case580_ds_C0_DEFAULT_N2048_q16_rep5,DS_PUSHSIG_SERIAL,C0_DEFAULT,2048,16,5,15,22332.2,22337.7,22563.0,236.0
case581_d1_C0_DEFAULT_N2048_q16_rep1,D1_PUSHSIG_OVERLAP,C0_DEFAULT,2048,16,1,0,15657.7,15748.0,15988.7,253.2
case581_d1_C0_DEFAULT_N2048_q16_rep1,D1_PUSHSIG_OVERLAP,C0_DEFAULT,2048,16,1,1,16607.5,16613.0,16851.6,247.1
case581_d1_C0_DEFAULT_N2048_q16_rep1,D1_PUSHSIG_OVERLAP,C0_DEFAULT,2048,16,1,2,17257.6,17263.1,17490.6,239.5
case581_d1_C0_DEFAULT_N2048_q16_rep1,D1_PUSHSIG_OVERLAP,C0_DEFAULT,2048,16,1,3,17718.9,17725.5,17956.7,240.7
case581_d1_C0_DEFAULT_N2048_q16_rep1,D1_PUSHSIG_OVERLAP,C0_DEFAULT,2048,16,1,4,18268.8,18277.0,18510.4,240.5
case581_d1_C0_DEFAULT_N2048_q16_rep1,D1_PUSHSIG_OVERLAP,C0_DEFAULT,2048,16,1,5,18743.9,18750.2,18982.9,237.5
case581_d1_C0_DEFAULT_N2048_q16_rep1,D1_PUSHSIG_OVERLAP,C0_DEFAULT,2048,16,1,6,19299.3,19304.9,19522.9,237.3
case581_d1_C0_DEFAULT_N2048_q16_rep1,D1_PUSHSIG_OVERLAP,C0_DEFAULT,2048,16,1,7,19580.0,19585.5,19804.3,241.3
case581_d1_C0_DEFAULT_N2048_q16_rep1,D1_PUSHSIG_OVERLAP,C0_DEFAULT,2048,16,1,8,19861.9,19867.6,20088.2,238.3
case581_d1_C0_DEFAULT_N2048_q16_rep1,D1_PUSHSIG_OVERLAP,C0_DEFAULT,2048,16,1,9,20496.6,20502.3,20724.2,238.2
case581_d1_C0_DEFAULT_N2048_q16_rep1,D1_PUSHSIG_OVERLAP,C0_DEFAULT,2048,16,1,10,20774.7,20780.3,21008.7,236.9
case581_d1_C0_DEFAULT_N2048_q16_rep1,D1_PUSHSIG_OVERLAP,C0_DEFAULT,2048,16,1,11,21263.4,21269.0,21504.8,237.5
case581_d1_C0_DEFAULT_N2048_q16_rep1,D1_PUSHSIG_OVERLAP,C0_DEFAULT,2048,16,1,12,21635.3,21641.0,21872.0,235.5
case581_d1_C0_DEFAULT_N2048_q16_rep1,D1_PUSHSIG_OVERLAP,C0_DEFAULT,2048,16,1,13,22084.6,22090.0,22313.4,236.2
case581_d1_C0_DEFAULT_N2048_q16_rep1,D1_PUSHSIG_OVERLAP,C0_DEFAULT,2048,16,1,14,22377.4,22382.9,22616.2,235.5
case581_d1_C0_DEFAULT_N2048_q16_rep1,D1_PUSHSIG_OVERLAP,C0_DEFAULT,2048,16,1,15,22998.4,23004.0,23235.3,234.8
case582_d1_C0_DEFAULT_N2048_q16_rep2,D1_PUSHSIG_OVERLAP,C0_DEFAULT,2048,16,2,0,15432.2,15437.6,15726.0,254.7
case582_d1_C0_DEFAULT_N2048_q16_rep2,D1_PUSHSIG_OVERLAP,C0_DEFAULT,2048,16,2,1,15894.6,15980.1,16205.6,248.2
case582_d1_C0_DEFAULT_N2048_q16_rep2,D1_PUSHSIG_OVERLAP,C0_DEFAULT,2048,16,2,2,16271.6,16277.1,16511.3,247.5
case582_d1_C0_DEFAULT_N2048_q16_rep2,D1_PUSHSIG_OVERLAP,C0_DEFAULT,2048,16,2,3,16789.9,16795.3,17023.5,248.9
case582_d1_C0_DEFAULT_N2048_q16_rep2,D1_PUSHSIG_OVERLAP,C0_DEFAULT,2048,16,2,4,17137.9,17143.5,17388.9,248.9
case582_d1_C0_DEFAULT_N2048_q16_rep2,D1_PUSHSIG_OVERLAP,C0_DEFAULT,2048,16,2,5,17460.2,17466.0,17783.7,245.1
case582_d1_C0_DEFAULT_N2048_q16_rep2,D1_PUSHSIG_OVERLAP,C0_DEFAULT,2048,16,2,6,17898.1,17903.5,18136.9,243.0
case582_d1_C0_DEFAULT_N2048_q16_rep2,D1_PUSHSIG_OVERLAP,C0_DEFAULT,2048,16,2,7,18428.3,18434.0,18663.9,243.7
case582_d1_C0_DEFAULT_N2048_q16_rep2,D1_PUSHSIG_OVERLAP,C0_DEFAULT,2048,16,2,8,18817.4,18823.0,19048.3,241.0
case582_d1_C0_DEFAULT_N2048_q16_rep2,D1_PUSHSIG_OVERLAP,C0_DEFAULT,2048,16,2,9,19169.0,19174.4,19603.6,240.3
case582_d1_C0_DEFAULT_N2048_q16_rep2,D1_PUSHSIG_OVERLAP,C0_DEFAULT,2048,16,2,10,19765.4,19771.0,20011.8,239.7
case582_d1_C0_DEFAULT_N2048_q16_rep2,D1_PUSHSIG_OVERLAP,C0_DEFAULT,2048,16,2,11,20109.3,20115.3,20351.6,239.3
case582_d1_C0_DEFAULT_N2048_q16_rep2,D1_PUSHSIG_OVERLAP,C0_DEFAULT,2048,16,2,12,20446.5,20452.0,20715.3,236.2
case582_d1_C0_DEFAULT_N2048_q16_rep2,D1_PUSHSIG_OVERLAP,C0_DEFAULT,2048,16,2,13,20773.3,20778.8,21078.9,237.8
case582_d1_C0_DEFAULT_N2048_q16_rep2,D1_PUSHSIG_OVERLAP,C0_DEFAULT,2048,16,2,14,21149.8,21155.3,21393.4,236.5
case582_d1_C0_DEFAULT_N2048_q16_rep2,D1_PUSHSIG_OVERLAP,C0_DEFAULT,2048,16,2,15,21691.9,21697.2,22288.8,235.4
case583_d1_C0_DEFAULT_N2048_q16_rep3,D1_PUSHSIG_OVERLAP,C0_DEFAULT,2048,16,3,0,15527.2,15532.7,15770.1,255.7
case583_d1_C0_DEFAULT_N2048_q16_rep3,D1_PUSHSIG_OVERLAP,C0_DEFAULT,2048,16,3,1,17227.0,17263.4,17484.9,246.3
case583_d1_C0_DEFAULT_N2048_q16_rep3,D1_PUSHSIG_OVERLAP,C0_DEFAULT,2048,16,3,2,17650.7,17656.2,17902.1,241.4
case583_d1_C0_DEFAULT_N2048_q16_rep3,D1_PUSHSIG_OVERLAP,C0_DEFAULT,2048,16,3,3,17977.6,17984.0,18217.5,244.1
case583_d1_C0_DEFAULT_N2048_q16_rep3,D1_PUSHSIG_OVERLAP,C0_DEFAULT,2048,16,3,4,18322.0,18327.7,18560.3,239.2
case583_d1_C0_DEFAULT_N2048_q16_rep3,D1_PUSHSIG_OVERLAP,C0_DEFAULT,2048,16,3,5,18651.0,18656.5,18902.7,236.4
case583_d1_C0_DEFAULT_N2048_q16_rep3,D1_PUSHSIG_OVERLAP,C0_DEFAULT,2048,16,3,6,19806.7,19812.5,20034.2,238.6
case583_d1_C0_DEFAULT_N2048_q16_rep3,D1_PUSHSIG_OVERLAP,C0_DEFAULT,2048,16,3,7,20286.1,20291.7,20520.2,239.5
case583_d1_C0_DEFAULT_N2048_q16_rep3,D1_PUSHSIG_OVERLAP,C0_DEFAULT,2048,16,3,8,20570.9,20576.7,20818.2,238.5
case583_d1_C0_DEFAULT_N2048_q16_rep3,D1_PUSHSIG_OVERLAP,C0_DEFAULT,2048,16,3,9,20873.2,20880.0,21249.7,237.5
case583_d1_C0_DEFAULT_N2048_q16_rep3,D1_PUSHSIG_OVERLAP,C0_DEFAULT,2048,16,3,10,21358.6,21364.3,21733.6,236.8
case583_d1_C0_DEFAULT_N2048_q16_rep3,D1_PUSHSIG_OVERLAP,C0_DEFAULT,2048,16,3,11,21945.9,21951.5,22445.1,234.6
case583_d1_C0_DEFAULT_N2048_q16_rep3,D1_PUSHSIG_OVERLAP,C0_DEFAULT,2048,16,3,12,22505.9,22511.5,22828.0,234.0
case583_d1_C0_DEFAULT_N2048_q16_rep3,D1_PUSHSIG_OVERLAP,C0_DEFAULT,2048,16,3,13,23034.3,23039.8,23256.4,234.3
case583_d1_C0_DEFAULT_N2048_q16_rep3,D1_PUSHSIG_OVERLAP,C0_DEFAULT,2048,16,3,14,23304.1,23316.1,23533.3,234.5
case583_d1_C0_DEFAULT_N2048_q16_rep3,D1_PUSHSIG_OVERLAP,C0_DEFAULT,2048,16,3,15,23581.6,23587.2,23806.7,233.6
case584_d1_C0_DEFAULT_N2048_q16_rep4,D1_PUSHSIG_OVERLAP,C0_DEFAULT,2048,16,4,0,15579.5,15585.1,15822.0,256.8
case584_d1_C0_DEFAULT_N2048_q16_rep4,D1_PUSHSIG_OVERLAP,C0_DEFAULT,2048,16,4,1,16133.3,16138.7,16364.4,247.8
case584_d1_C0_DEFAULT_N2048_q16_rep4,D1_PUSHSIG_OVERLAP,C0_DEFAULT,2048,16,4,2,16458.7,16464.2,16702.3,243.0
case584_d1_C0_DEFAULT_N2048_q16_rep4,D1_PUSHSIG_OVERLAP,C0_DEFAULT,2048,16,4,3,16768.7,16774.3,17013.0,247.8
case584_d1_C0_DEFAULT_N2048_q16_rep4,D1_PUSHSIG_OVERLAP,C0_DEFAULT,2048,16,4,4,17107.5,17113.1,17332.4,245.5
case584_d1_C0_DEFAULT_N2048_q16_rep4,D1_PUSHSIG_OVERLAP,C0_DEFAULT,2048,16,4,5,17404.9,17410.4,17672.6,244.1
case584_d1_C0_DEFAULT_N2048_q16_rep4,D1_PUSHSIG_OVERLAP,C0_DEFAULT,2048,16,4,6,17824.3,17830.5,18060.4,241.3
case584_d1_C0_DEFAULT_N2048_q16_rep4,D1_PUSHSIG_OVERLAP,C0_DEFAULT,2048,16,4,7,18246.9,18285.1,18524.2,243.8
case584_d1_C0_DEFAULT_N2048_q16_rep4,D1_PUSHSIG_OVERLAP,C0_DEFAULT,2048,16,4,8,18873.9,18989.0,19218.8,241.0
case584_d1_C0_DEFAULT_N2048_q16_rep4,D1_PUSHSIG_OVERLAP,C0_DEFAULT,2048,16,4,9,19670.7,19676.3,19896.1,239.8
case584_d1_C0_DEFAULT_N2048_q16_rep4,D1_PUSHSIG_OVERLAP,C0_DEFAULT,2048,16,4,10,20050.0,20055.8,20279.1,237.7
case584_d1_C0_DEFAULT_N2048_q16_rep4,D1_PUSHSIG_OVERLAP,C0_DEFAULT,2048,16,4,11,20391.4,20397.0,20628.0,237.2
case584_d1_C0_DEFAULT_N2048_q16_rep4,D1_PUSHSIG_OVERLAP,C0_DEFAULT,2048,16,4,12,20691.7,20697.6,20925.9,236.2
case584_d1_C0_DEFAULT_N2048_q16_rep4,D1_PUSHSIG_OVERLAP,C0_DEFAULT,2048,16,4,13,20991.8,20997.4,21263.1,236.3
case584_d1_C0_DEFAULT_N2048_q16_rep4,D1_PUSHSIG_OVERLAP,C0_DEFAULT,2048,16,4,14,21330.2,21335.6,21569.8,236.1
case584_d1_C0_DEFAULT_N2048_q16_rep4,D1_PUSHSIG_OVERLAP,C0_DEFAULT,2048,16,4,15,21834.6,21898.4,22234.4,236.0
case585_d1_C0_DEFAULT_N2048_q16_rep5,D1_PUSHSIG_OVERLAP,C0_DEFAULT,2048,16,5,0,15937.7,15943.2,16192.4,258.3
case585_d1_C0_DEFAULT_N2048_q16_rep5,D1_PUSHSIG_OVERLAP,C0_DEFAULT,2048,16,5,1,16580.1,16585.5,16809.7,244.9
case585_d1_C0_DEFAULT_N2048_q16_rep5,D1_PUSHSIG_OVERLAP,C0_DEFAULT,2048,16,5,2,16887.9,16893.5,17125.4,243.6
case585_d1_C0_DEFAULT_N2048_q16_rep5,D1_PUSHSIG_OVERLAP,C0_DEFAULT,2048,16,5,3,17181.9,17187.4,17415.0,244.3
case585_d1_C0_DEFAULT_N2048_q16_rep5,D1_PUSHSIG_OVERLAP,C0_DEFAULT,2048,16,5,4,17525.1,17530.5,17756.8,244.2
case585_d1_C0_DEFAULT_N2048_q16_rep5,D1_PUSHSIG_OVERLAP,C0_DEFAULT,2048,16,5,5,17847.8,17853.5,18075.0,241.8
case585_d1_C0_DEFAULT_N2048_q16_rep5,D1_PUSHSIG_OVERLAP,C0_DEFAULT,2048,16,5,6,18194.4,18200.0,18427.5,240.3
case585_d1_C0_DEFAULT_N2048_q16_rep5,D1_PUSHSIG_OVERLAP,C0_DEFAULT,2048,16,5,7,18589.5,18731.4,18958.5,241.3
case585_d1_C0_DEFAULT_N2048_q16_rep5,D1_PUSHSIG_OVERLAP,C0_DEFAULT,2048,16,5,8,19235.3,19241.6,19473.5,238.1
case585_d1_C0_DEFAULT_N2048_q16_rep5,D1_PUSHSIG_OVERLAP,C0_DEFAULT,2048,16,5,9,19629.5,19635.0,19876.6,236.8
case585_d1_C0_DEFAULT_N2048_q16_rep5,D1_PUSHSIG_OVERLAP,C0_DEFAULT,2048,16,5,10,19937.5,19944.1,20171.9,235.7
case585_d1_C0_DEFAULT_N2048_q16_rep5,D1_PUSHSIG_OVERLAP,C0_DEFAULT,2048,16,5,11,20299.3,20304.9,20538.4,234.8
case585_d1_C0_DEFAULT_N2048_q16_rep5,D1_PUSHSIG_OVERLAP,C0_DEFAULT,2048,16,5,12,20687.2,20692.8,20930.7,234.4
case585_d1_C0_DEFAULT_N2048_q16_rep5,D1_PUSHSIG_OVERLAP,C0_DEFAULT,2048,16,5,13,20991.2,20996.9,21224.0,234.5
case585_d1_C0_DEFAULT_N2048_q16_rep5,D1_PUSHSIG_OVERLAP,C0_DEFAULT,2048,16,5,14,21299.8,21305.3,21529.3,234.5
case585_d1_C0_DEFAULT_N2048_q16_rep5,D1_PUSHSIG_OVERLAP,C0_DEFAULT,2048,16,5,15,21684.2,21689.8,21930.5,234.7
