case_id,path,family,candidate,M_local,N,K,q,rep,iterations,iteration_failures,status,t_release_first_max_us_p50,t_release_first_max_us_p05,t_release_first_max_us_p95,t_release_last_max_us_p50,t_release_last_max_us_p05,t_release_last_max_us_p95,t_done_max_us_p50,t_done_max_us_p05,t_done_max_us_p95,gemm_first_start_max_us_p50,gemm_first_start_max_us_p05,gemm_first_start_max_us_p95,gemm_last_end_max_us_p50,gemm_last_end_max_us_p05,gemm_last_end_max_us_p95,gemm_interval_max_us_p50,gemm_interval_max_us_p05,gemm_interval_max_us_p95,e2e_max_us_p50,e2e_max_us_p05,e2e_max_us_p95
case001_comm_C0_DEFAULT_N512_q2_rep1,COMM_ONLY,RCCL,C0_DEFAULT,2048,512,2048,2,1,80,0,PASS,2006.767,1998.448,2019.247,4002.735,3994.497,4021.855,4008.334,4000.095,4027.454,0.000,0.000,0.000,0.000,0.000,0.000,0.000,0.000,0.000,4013.774,4005.536,4033.214
case002_comm_C0_DEFAULT_N512_q2_rep2,COMM_ONLY,RCCL,C0_DEFAULT,2048,512,2048,2,2,80,0,PASS,2008.287,2002.607,2014.607,4005.775,3998.656,4016.575,4011.294,4004.255,4022.015,0.000,0.000,0.000,0.000,0.000,0.000,0.000,0.000,0.000,4016.814,4009.695,4027.614
case003_comm_C0_DEFAULT_N512_q2_rep3,COMM_ONLY,RCCL,C0_DEFAULT,2048,512,2048,2,3,80,0,PASS,2004.287,1998.448,2047.725,4000.016,3994.016,4073.531,4005.535,3999.456,4078.971,0.000,0.000,0.000,0.000,0.000,0.000,0.000,0.000,0.000,4011.295,4004.895,4084.410
case004_comm_C0_DEFAULT_N512_q2_rep4,COMM_ONLY,RCCL,C0_DEFAULT,2048,512,2048,2,4,80,0,PASS,2002.530,1996.048,2009.646,3998.019,3991.616,4007.135,4003.618,3997.056,4013.055,0.000,0.000,0.000,0.000,0.000,0.000,0.000,0.000,0.000,4009.215,4002.656,4018.494
case005_comm_C0_DEFAULT_N512_q2_rep5,COMM_ONLY,RCCL,C0_DEFAULT,2048,512,2048,2,5,80,0,PASS,2006.930,1999.407,2014.607,4002.335,3993.855,4013.215,4007.855,3999.295,4018.655,0.000,0.000,0.000,0.000,0.000,0.000,0.000,0.000,0.000,4013.375,4004.735,4024.094
case006_comm_C2_RING_SIMPLE_CH8_N512_q2_rep1,COMM_ONLY,RCCL,C2_RING_SIMPLE_CH8,2048,512,2048,2,1,80,0,PASS,1949.731,1941.491,1958.450,3888.741,3880.742,3907.620,3894.261,3886.341,3913.219,0.000,0.000,0.000,0.000,0.000,0.000,0.000,0.000,0.000,3899.700,3892.101,3918.659
case007_comm_C2_RING_SIMPLE_CH8_N512_q2_rep2,COMM_ONLY,RCCL,C2_RING_SIMPLE_CH8,2048,512,2048,2,2,80,0,PASS,1947.485,1942.363,1957.731,3886.733,3880.720,3900.734,3892.174,3886.320,3906.174,0.000,0.000,0.000,0.000,0.000,0.000,0.000,0.000,0.000,3897.691,3891.921,3911.615
case008_comm_C2_RING_SIMPLE_CH8_N512_q2_rep3,COMM_ONLY,RCCL,C2_RING_SIMPLE_CH8,2048,512,2048,2,3,80,0,PASS,1948.188,1941.624,1962.274,3886.692,3879.416,3911.741,3892.213,3885.016,3917.181,0.000,0.000,0.000,0.000,0.000,0.000,0.000,0.000,0.000,3897.899,3890.457,3922.942
case009_comm_C2_RING_SIMPLE_CH8_N512_q2_rep4,COMM_ONLY,RCCL,C2_RING_SIMPLE_CH8,2048,512,2048,2,4,80,0,PASS,1948.850,1942.130,1962.290,3887.061,3880.101,3903.780,3892.501,3885.702,3909.220,0.000,0.000,0.000,0.000,0.000,0.000,0.000,0.000,0.000,3897.941,3891.142,3914.660
case010_comm_C2_RING_SIMPLE_CH8_N512_q2_rep5,COMM_ONLY,RCCL,C2_RING_SIMPLE_CH8,2048,512,2048,2,5,80,0,PASS,1950.771,1943.091,1969.169,3890.422,3882.341,3910.180,3895.941,3888.101,3915.620,0.000,0.000,0.000,0.000,0.000,0.000,0.000,0.000,0.000,3901.381,3893.540,3920.899
case011_gemm_C0_DEFAULT_N512_q2_rep1,GEMM_ONLY,RCCL,C0_DEFAULT,2048,512,2048,2,1,80,0,PASS,0.000,0.000,0.000,0.000,0.000,0.000,1138.257,1120.257,1158.497,25.279,23.519,28.639,1132.737,1114.817,1153.057,1108.978,1092.099,1131.458,1143.857,1126.017,1164.096
case012_gemm_C0_DEFAULT_N512_q2_rep2,GEMM_ONLY,RCCL,C0_DEFAULT,2048,512,2048,2,2,80,0,PASS,0.000,0.000,0.000,0.000,0.000,0.000,1138.577,1118.497,1156.897,25.279,22.718,28.638,1132.976,1113.058,1151.458,1109.937,1090.499,1127.616,1144.177,1124.097,1162.337
case013_gemm_C0_DEFAULT_N512_q2_rep3,GEMM_ONLY,RCCL,C0_DEFAULT,2048,512,2048,2,3,80,0,PASS,0.000,0.000,0.000,0.000,0.000,0.000,1136.816,1119.617,9084.611,23.039,21.119,26.879,1131.296,1114.018,9079.171,1108.818,1091.619,9056.613,1142.336,1125.056,9090.050
case014_gemm_C0_DEFAULT_N512_q2_rep4,GEMM_ONLY,RCCL,C0_DEFAULT,2048,512,2048,2,4,80,0,PASS,0.000,0.000,0.000,0.000,0.000,0.000,1535.196,1129.217,2237.474,217.588,23.039,225.107,1529.677,1123.777,2232.035,1310.488,1099.780,2210.436,1755.024,1134.656,2243.074
case015_gemm_C0_DEFAULT_N512_q2_rep5,GEMM_ONLY,RCCL,C0_DEFAULT,2048,512,2048,2,5,80,0,PASS,0.000,0.000,0.000,0.000,0.000,0.000,1139.137,1118.978,7466.461,25.278,22.718,28.319,1133.538,1113.378,7461.021,1109.619,1090.179,7439.263,1144.577,1124.417,7472.061
case016_r0_C0_DEFAULT_N512_q2_rep1,R0_FULL_SERIAL,RCCL,C0_DEFAULT,2048,512,2048,2,1,80,0,PASS,4054.892,4020.741,4101.849,4054.892,4020.741,4101.849,4060.891,4027.141,4108.249,4070.891,4037.540,4118.488,5095.474,5063.556,5157.959,1027.062,1020.743,1070.662,5101.073,5069.156,5163.399
case017_r0_C0_DEFAULT_N512_q2_rep2,R0_FULL_SERIAL,RCCL,C0_DEFAULT,2048,512,2048,2,2,80,0,PASS,4049.692,4023.620,4144.887,4049.692,4023.620,4144.887,4056.412,4029.860,4151.286,4066.811,4039.940,4161.526,5088.758,5064.196,5168.349,1025.942,1020.422,1073.060,5094.278,5069.635,5173.949
case018_r0_C0_DEFAULT_N512_q2_rep3,R0_FULL_SERIAL,RCCL,C0_DEFAULT,2048,512,2048,2,3,80,0,PASS,4051.612,4026.655,4081.850,4051.612,4026.655,4081.850,4057.612,4032.414,4087.770,4067.691,4042.494,4097.849,5091.234,5061.805,5124.512,1026.983,1020.903,1071.140,5096.753,5067.245,5130.112
case019_r0_C0_DEFAULT_N512_q2_rep4,R0_FULL_SERIAL,RCCL,C0_DEFAULT,2048,512,2048,2,4,80,0,PASS,4056.892,4020.901,4088.410,4056.892,4020.901,4088.410,4062.972,4026.981,4094.330,4072.891,4037.060,4104.730,5096.354,5059.876,5150.431,1026.503,1019.303,1076.580,5101.713,5065.316,5156.030
case020_r0_C0_DEFAULT_N512_q2_rep5,R0_FULL_SERIAL,RCCL,C0_DEFAULT,2048,512,2048,2,5,80,0,PASS,4053.924,4023.750,4080.730,4053.924,4023.750,4080.730,4059.766,4029.514,4086.812,4069.689,4039.597,4097.215,5094.871,5058.777,5131.278,1027.745,1020.143,1075.678,5100.313,5064.376,5136.720
case021_rs_C0_DEFAULT_N512_q2_rep1,RS_SLICE_SERIAL,RCCL,C0_DEFAULT,2048,512,2048,2,1,80,0,PASS,2064.195,2055.631,2075.480,4670.552,4658.387,4702.726,4676.954,4664.789,4708.809,2074.360,2065.235,2091.328,5225.602,5204.069,5270.177,3161.082,3141.874,3183.172,5230.965,5209.511,5275.780
case022_rs_C0_DEFAULT_N512_q2_rep2,RS_SLICE_SERIAL,RCCL,C0_DEFAULT,2048,512,2048,2,2,80,0,PASS,2063.890,2055.090,2087.097,4673.765,4651.188,4707.994,4680.242,4657.589,4714.555,2073.891,2065.491,2096.538,5227.328,5205.480,5272.532,3156.957,3135.848,3182.243,5232.929,5210.921,5277.973
case023_rs_C0_DEFAULT_N512_q2_rep3,RS_SLICE_SERIAL,RCCL,C0_DEFAULT,2048,512,2048,2,3,80,0,PASS,2063.644,2052.845,2095.562,4673.017,4653.978,4709.335,4679.577,4660.058,4715.574,2073.644,2063.084,2105.961,5229.466,5200.828,5266.744,3163.345,3140.150,3192.939,5234.905,5206.267,5272.183
case024_rs_C0_DEFAULT_N512_q2_rep4,RS_SLICE_SERIAL,RCCL,C0_DEFAULT,2048,512,2048,2,4,80,0,PASS,2061.644,2054.445,2076.203,4670.697,4652.539,4695.576,4677.417,4658.459,4701.976,2072.124,2064.364,2086.763,5221.628,5203.548,5254.104,3157.186,3139.664,3180.940,5227.067,5209.148,5259.544
case025_rs_C0_DEFAULT_N512_q2_rep5,RS_SLICE_SERIAL,RCCL,C0_DEFAULT,2048,512,2048,2,5,80,0,PASS,2059.164,2051.404,2066.923,4666.938,4643.259,4691.736,4673.498,4649.659,4698.296,2069.324,2061.804,2077.324,5223.466,5193.469,5254.425,3157.503,3135.184,3181.747,5228.986,5199.068,5259.705
case026_r1_C0_DEFAULT_N512_q2_rep1,R1_EVENT_OVERLAP,RCCL,C0_DEFAULT,2048,512,2048,2,1,80,0,PASS,2061.804,2054.925,2069.644,4224.163,4205.364,4246.961,4230.642,4211.763,4253.201,2072.843,2065.004,2081.163,4778.371,4758.932,4799.891,2711.048,2693.289,2729.451,4783.971,4764.372,4805.330
case027_r1_C0_DEFAULT_N512_q2_rep2,R1_EVENT_OVERLAP,RCCL,C0_DEFAULT,2048,512,2048,2,2,80,0,PASS,2062.204,2053.325,2144.199,4223.763,4207.284,4341.037,4230.403,4213.843,4347.596,2072.923,2064.364,2155.239,4775.732,4755.893,4898.126,2710.009,2690.248,2752.165,4781.172,4761.493,4903.725
case028_r1_C0_DEFAULT_N512_q2_rep3,R1_EVENT_OVERLAP,RCCL,C0_DEFAULT,2048,512,2048,2,3,80,0,PASS,2062.845,2054.125,2077.003,4225.683,4207.123,4256.721,4232.163,4213.523,4262.640,2073.884,2064.524,2087.723,4778.292,4757.013,4832.851,2710.090,2694.089,2766.724,4783.811,4762.613,4838.290
case029_r1_C0_DEFAULT_N512_q2_rep4,R1_EVENT_OVERLAP,RCCL,C0_DEFAULT,2048,512,2048,2,4,80,0,PASS,2061.084,2052.364,2069.644,4220.323,4201.845,4245.042,4226.723,4208.404,4251.441,2071.724,2062.923,2081.003,4774.856,4752.694,4807.090,2708.091,2690.569,2732.006,4780.376,4758.453,4812.530
case030_r1_C0_DEFAULT_N512_q2_rep5,R1_EVENT_OVERLAP,RCCL,C0_DEFAULT,2048,512,2048,2,5,80,0,PASS,2060.524,2053.485,2079.244,4223.923,4206.964,4254.481,4230.322,4213.043,4261.040,2071.324,2064.044,2089.643,4779.011,4754.781,4812.370,2710.328,2693.929,2733.606,4784.531,4760.381,4817.970
case031_r1_C2_RING_SIMPLE_CH8_N512_q2_rep1,R1_EVENT_OVERLAP,RCCL,C2_RING_SIMPLE_CH8,2048,512,2048,2,1,80,0,PASS,2002.367,1995.568,2014.771,3973.697,3963.618,3983.776,3980.096,3970.178,3990.176,2013.247,2005.967,2024.846,4528.945,4513.506,4550.463,2519.541,2508.659,2539.218,4534.466,4519.266,4556.063
case032_r1_C2_RING_SIMPLE_CH8_N512_q2_rep2,R1_EVENT_OVERLAP,RCCL,C2_RING_SIMPLE_CH8,2048,512,2048,2,2,80,0,PASS,2004.168,1996.257,2017.532,3973.070,3963.101,3997.785,3979.550,3969.500,4004.345,2015.059,2006.817,2027.771,4528.506,4512.356,4565.606,2517.680,2508.880,2562.159,4534.021,4517.636,4571.206
case033_r1_C2_RING_SIMPLE_CH8_N512_q2_rep3,R1_EVENT_OVERLAP,RCCL,C2_RING_SIMPLE_CH8,2048,512,2048,2,3,80,0,PASS,2005.787,1999.550,2033.792,3976.207,3966.921,4084.868,3982.613,3973.482,4091.268,2017.227,2010.266,2045.473,4533.058,4518.333,4680.119,2520.797,2506.635,2642.169,4538.578,4523.774,4685.720
case034_r1_C2_RING_SIMPLE_CH8_N512_q2_rep4,R1_EVENT_OVERLAP,RCCL,C2_RING_SIMPLE_CH8,2048,512,2048,2,4,80,0,PASS,2003.967,1997.329,2024.046,3976.096,3964.257,4019.294,3982.416,3970.177,4025.694,2014.766,2007.887,2034.446,4531.506,4511.427,4581.024,2522.021,2506.419,2545.617,4537.026,4517.026,4586.463
case035_r1_C2_RING_SIMPLE_CH8_N512_q2_rep5,R1_EVENT_OVERLAP,RCCL,C2_RING_SIMPLE_CH8,2048,512,2048,2,5,80,0,PASS,2004.287,1997.328,2059.403,3975.617,3965.377,4071.770,3981.936,3971.457,4078.330,2015.087,2008.047,2070.923,4531.186,4514.466,4632.379,2522.581,2508.184,2561.456,4536.626,4519.906,4637.818
case036_fc_C0_DEFAULT_N512_q2_rep1,FC_FCOLLECT_ONLY,DUSHMEM,C0_DEFAULT,2048,512,2048,2,1,80,0,PASS,11541.273,11351.841,11777.420,11541.273,11351.841,11777.420,11531.273,11341.761,11767.021,0.000,0.000,0.000,0.000,0.000,0.000,0.000,0.000,0.000,11546.873,11357.440,11783.020
case037_fc_C0_DEFAULT_N512_q2_rep2,FC_FCOLLECT_ONLY,DUSHMEM,C0_DEFAULT,2048,512,2048,2,2,80,0,PASS,11511.272,11391.361,11774.880,11511.272,11391.361,11774.880,11501.113,11380.480,11764.000,0.000,0.000,0.000,0.000,0.000,0.000,0.000,0.000,0.000,11516.792,11396.960,11780.319
case038_fc_C0_DEFAULT_N512_q2_rep3,FC_FCOLLECT_ONLY,DUSHMEM,C0_DEFAULT,2048,512,2048,2,3,80,0,PASS,11537.122,11368.643,11706.701,11537.122,11368.643,11706.701,11526.723,11358.560,11696.462,0.000,0.000,0.000,0.000,0.000,0.000,0.000,0.000,0.000,11542.803,11374.083,11712.301
case039_fc_C0_DEFAULT_N512_q2_rep4,FC_FCOLLECT_ONLY,DUSHMEM,C0_DEFAULT,2048,512,2048,2,4,80,0,PASS,11535.121,11384.161,11735.500,11535.121,11384.161,11735.500,11525.201,11373.602,11725.102,0.000,0.000,0.000,0.000,0.000,0.000,0.000,0.000,0.000,11540.721,11389.761,11741.260
case040_fc_C0_DEFAULT_N512_q2_rep5,FC_FCOLLECT_ONLY,DUSHMEM,C0_DEFAULT,2048,512,2048,2,5,80,0,PASS,11507.754,11348.803,11700.943,11507.754,11348.803,11700.943,11497.754,11338.884,11690.704,0.000,0.000,0.000,0.000,0.000,0.000,0.000,0.000,0.000,11513.433,11354.401,11706.703
case041_dc_C0_DEFAULT_N512_q2_rep1,DC_PUSHSIG_ONLY,DUSHMEM,C0_DEFAULT,2048,512,2048,2,1,80,0,PASS,5442.904,5403.226,5473.462,7446.148,7414.156,7473.193,7456.228,7423.756,7483.273,0.000,0.000,0.000,0.000,0.000,0.000,0.000,0.000,0.000,7456.222,7423.585,7483.113
case042_dc_C0_DEFAULT_N512_q2_rep2,DC_PUSHSIG_ONLY,DUSHMEM,C0_DEFAULT,2048,512,2048,2,2,80,0,PASS,5433.624,5370.428,5451.863,7444.382,7414.944,7460.701,7453.901,7425.183,7471.742,0.000,0.000,0.000,0.000,0.000,0.000,0.000,0.000,0.000,7453.262,7423.105,7470.462
case043_dc_C0_DEFAULT_N512_q2_rep3,DC_PUSHSIG_ONLY,DUSHMEM,C0_DEFAULT,2048,512,2048,2,3,80,0,PASS,5448.584,5400.346,7733.659,7451.581,7422.625,10816.053,7461.101,7433.184,10826.931,0.000,0.000,0.000,0.000,0.000,0.000,0.000,0.000,0.000,7459.980,7432.064,10827.892
case044_dc_C0_DEFAULT_N512_q2_rep4,DC_PUSHSIG_ONLY,DUSHMEM,C0_DEFAULT,2048,512,2048,2,4,80,0,PASS,5444.423,5386.588,5469.304,7449.342,7406.956,7638.784,7459.987,7419.276,7649.344,0.000,0.000,0.000,0.000,0.000,0.000,0.000,0.000,0.000,7458.948,7418.156,7650.624
case045_dc_C0_DEFAULT_N512_q2_rep5,DC_PUSHSIG_ONLY,DUSHMEM,C0_DEFAULT,2048,512,2048,2,5,80,0,PASS,5453.377,5375.672,5477.635,7453.823,7385.715,7471.986,7462.863,7394.839,7479.017,0.000,0.000,0.000,0.000,0.000,0.000,0.000,0.000,0.000,7461.977,7391.637,7478.069
case046_d0_C0_DEFAULT_N512_q2_rep1,D0_FCOLLECT_SERIAL,DUSHMEM,C0_DEFAULT,2048,512,2048,2,1,80,0,PASS,11549.044,11371.126,11804.755,11549.044,11371.126,11804.755,11555.215,11377.208,11810.357,11565.381,11387.453,11820.121,12595.197,12413.188,12886.518,1027.016,1019.972,1071.676,12600.719,12418.789,12891.960
case047_d0_C0_DEFAULT_N512_q2_rep2,D0_FCOLLECT_SERIAL,DUSHMEM,C0_DEFAULT,2048,512,2048,2,2,80,0,PASS,11519.926,11349.146,11673.242,11519.926,11349.146,11673.242,11525.847,11355.549,11679.805,11535.772,11365.634,11690.050,12563.925,12414.436,12809.333,1026.762,1019.969,1074.702,12569.287,12420.037,12814.775
case048_d0_C0_DEFAULT_N512_q2_rep3,D0_FCOLLECT_SERIAL,DUSHMEM,C0_DEFAULT,2048,512,2048,2,3,80,0,PASS,11519.842,11372.162,11765.600,11519.842,11372.162,11765.600,11526.482,11378.082,11771.679,11536.561,11388.001,11781.759,12566.654,12415.462,12837.517,1026.744,1021.064,1072.260,12572.093,12421.062,12842.797
case049_d0_C0_DEFAULT_N512_q2_rep4,D0_FCOLLECT_SERIAL,DUSHMEM,C0_DEFAULT,2048,512,2048,2,4,80,0,PASS,11520.494,11376.319,11760.461,11520.494,11376.319,11760.461,11526.333,11382.082,11766.381,11536.403,11392.001,11776.460,12564.105,12434.344,12833.997,1026.503,1020.902,1070.982,12569.785,12439.783,12839.597
case050_d0_C0_DEFAULT_N512_q2_rep5,D0_FCOLLECT_SERIAL,DUSHMEM,C0_DEFAULT,2048,512,2048,2,5,80,0,PASS,11550.002,11328.005,11728.139,11550.002,11328.005,11728.139,11556.161,11334.086,11734.699,11566.321,11344.165,11744.458,12592.742,12370.827,12765.042,1026.263,1020.902,1074.500,12598.181,12376.268,12770.482
case051_ds_C0_DEFAULT_N512_q2_rep1,DS_PUSHSIG_SERIAL,DUSHMEM,C0_DEFAULT,2048,512,2048,2,1,80,0,PASS,7470.381,7457.022,7554.629,8126.984,8107.065,8206.435,8760.876,8734.230,8867.519,7475.900,7462.621,7560.069,8693.528,8666.232,8800.641,1242.889,1215.134,1273.849,8761.996,8735.350,8868.478
case052_ds_C0_DEFAULT_N512_q2_rep2,DS_PUSHSIG_SERIAL,DUSHMEM,C0_DEFAULT,2048,512,2048,2,2,80,0,PASS,7468.700,7446.461,7489.673,8127.470,8108.667,8184.194,8762.955,8734.709,8830.879,7474.147,7451.901,7495.112,8695.198,8668.328,8764.163,1245.370,1224.571,1298.647,8764.076,8735.685,8831.999
case053_ds_C0_DEFAULT_N512_q2_rep3,DS_PUSHSIG_SERIAL,DUSHMEM,C0_DEFAULT,2048,512,2048,2,3,80,0,PASS,7466.467,7446.622,7545.030,8114.504,8088.186,8208.515,8741.676,8713.271,8848.318,7471.986,7452.221,7550.629,8675.921,8651.034,8786.562,1228.890,1202.015,1269.368,8742.477,8714.391,8844.479
case054_ds_C0_DEFAULT_N512_q2_rep4,DS_PUSHSIG_SERIAL,DUSHMEM,C0_DEFAULT,2048,512,2048,2,4,80,0,PASS,7468.540,7449.021,7551.909,8117.711,8090.744,8224.513,8753.516,8716.471,8886.221,7473.980,7454.621,7557.189,8681.672,8649.597,8801.441,1237.291,1215.931,1280.728,8753.748,8717.751,8884.941
case055_ds_C0_DEFAULT_N512_q2_rep5,DS_PUSHSIG_SERIAL,DUSHMEM,C0_DEFAULT,2048,512,2048,2,5,80,0,PASS,7469.341,7454.302,8643.033,8126.918,8091.066,9314.676,8759.188,8718.887,9971.278,7474.940,7459.741,8648.473,8691.760,8655.514,9899.441,1238.571,1217.691,2028.370,8760.396,8720.166,9972.237
case056_d1_C0_DEFAULT_N512_q2_rep1,D1_PUSHSIG_OVERLAP,DUSHMEM,C0_DEFAULT,2048,512,2048,2,1,80,0,PASS,7469.421,7448.701,8813.281,8127.310,8093.146,9464.765,8758.148,8726.390,10333.819,7474.940,7454.141,8818.880,8691.912,8656.953,10024.415,1243.530,1218.492,1287.766,8760.788,8727.351,10335.739
case057_d1_C0_DEFAULT_N512_q2_rep2,D1_PUSHSIG_OVERLAP,DUSHMEM,C0_DEFAULT,2048,512,2048,2,2,80,0,PASS,7469.584,7452.149,8366.149,8129.336,8093.621,9000.960,8761.892,8727.001,9632.398,7475.104,7457.590,8371.590,8697.227,8661.394,9566.311,1242.874,1220.000,1299.042,8763.334,8727.961,9633.359
case058_d1_C0_DEFAULT_N512_q2_rep3,D1_PUSHSIG_OVERLAP,DUSHMEM,C0_DEFAULT,2048,512,2048,2,3,80,0,PASS,7466.461,7437.183,7502.778,8113.951,8077.146,8235.377,8747.276,8701.752,8902.699,7471.980,7442.622,7508.378,8680.552,8634.555,8806.385,1245.050,1221.691,1278.007,8749.604,8700.472,8907.179
case059_d1_C0_DEFAULT_N512_q2_rep4,D1_PUSHSIG_OVERLAP,DUSHMEM,C0_DEFAULT,2048,512,2048,2,4,80,0,PASS,7466.060,7451.421,9562.359,8120.904,8094.279,10872.850,8754.236,8721.590,11508.974,7471.660,7456.861,9567.799,8685.208,8651.675,11442.578,1239.931,1215.292,3242.544,8755.756,8722.710,11510.094
case060_d1_C0_DEFAULT_N512_q2_rep5,D1_PUSHSIG_OVERLAP,DUSHMEM,C0_DEFAULT,2048,512,2048,2,5,80,0,PASS,7467.188,7450.301,7594.466,8134.757,8108.346,8234.433,8765.188,8733.269,8878.718,7472.627,7455.901,7600.066,8695.751,8666.553,8795.360,1243.211,1224.731,1290.168,8765.668,8734.390,8881.437
case061_comm_C0_DEFAULT_N512_q4_rep1,COMM_ONLY,RCCL,C0_DEFAULT,2048,512,2048,4,1,80,0,PASS,1025.142,1020.903,1035.462,4066.493,4061.532,4095.450,4072.092,4067.131,4101.049,0.000,0.000,0.000,0.000,0.000,0.000,0.000,0.000,0.000,4077.611,4072.571,4106.489
case062_comm_C0_DEFAULT_N512_q4_rep2,COMM_ONLY,RCCL,C0_DEFAULT,2048,512,2048,4,2,80,0,PASS,1025.143,1019.303,1035.462,4069.372,4062.812,4088.410,4074.971,4068.411,4093.850,0.000,0.000,0.000,0.000,0.000,0.000,0.000,0.000,0.000,4080.411,4074.011,4099.130
case063_comm_C0_DEFAULT_N512_q4_rep3,COMM_ONLY,RCCL,C0_DEFAULT,2048,512,2048,4,3,80,0,PASS,1025.463,1016.903,1039.142,4068.091,4059.612,4087.290,4073.531,4065.212,4092.730,0.000,0.000,0.000,0.000,0.000,0.000,0.000,0.000,0.000,4079.131,4070.811,4098.330
case064_comm_C0_DEFAULT_N512_q4_rep4,COMM_ONLY,RCCL,C0_DEFAULT,2048,512,2048,4,4,80,0,PASS,1025.383,1019.942,1036.102,4067.295,4061.539,4108.889,4072.895,4067.299,4114.488,0.000,0.000,0.000,0.000,0.000,0.000,0.000,0.000,0.000,4078.571,4072.899,4119.928
case065_comm_C0_DEFAULT_N512_q4_rep5,COMM_ONLY,RCCL,C0_DEFAULT,2048,512,2048,4,5,80,0,PASS,1021.942,1016.265,1029.862,4063.212,4057.371,4076.092,4068.811,4062.971,4081.851,0.000,0.000,0.000,0.000,0.000,0.000,0.000,0.000,0.000,4074.332,4068.411,4087.131
case066_comm_C2_RING_SIMPLE_CH8_N512_q4_rep1,COMM_ONLY,RCCL,C2_RING_SIMPLE_CH8,2048,512,2048,4,1,80,0,PASS,1009.704,1001.704,1080.419,3987.380,3973.376,4285.360,3992.820,3978.976,4290.960,0.000,0.000,0.000,0.000,0.000,0.000,0.000,0.000,0.000,3998.340,3984.576,4296.399
case067_comm_C2_RING_SIMPLE_CH8_N512_q4_rep2,COMM_ONLY,RCCL,C2_RING_SIMPLE_CH8,2048,512,2048,4,2,80,0,PASS,1001.303,994.504,1011.623,3974.257,3967.457,3987.616,3979.856,3972.736,3993.056,0.000,0.000,0.000,0.000,0.000,0.000,0.000,0.000,0.000,3985.456,3978.336,3998.495
case068_comm_C2_RING_SIMPLE_CH8_N512_q4_rep3,COMM_ONLY,RCCL,C2_RING_SIMPLE_CH8,2048,512,2048,4,3,80,0,PASS,1008.264,994.666,1018.663,3980.097,3966.978,4005.056,3985.617,3972.418,4010.655,0.000,0.000,0.000,0.000,0.000,0.000,0.000,0.000,0.000,3991.296,3978.017,4016.095
case069_comm_C2_RING_SIMPLE_CH8_N512_q4_rep4,COMM_ONLY,RCCL,C2_RING_SIMPLE_CH8,2048,512,2048,4,4,80,0,PASS,1004.513,993.877,1014.830,3976.691,3965.111,3991.172,3982.291,3970.551,3996.771,0.000,0.000,0.000,0.000,0.000,0.000,0.000,0.000,0.000,3987.730,3975.991,4002.371
case070_comm_C2_RING_SIMPLE_CH8_N512_q4_rep5,COMM_ONLY,RCCL,C2_RING_SIMPLE_CH8,2048,512,2048,4,5,80,0,PASS,1005.166,996.282,1012.929,3980.886,3970.088,3994.411,3986.409,3975.851,4000.014,0.000,0.000,0.000,0.000,0.000,0.000,0.000,0.000,0.000,3991.851,3981.453,4005.616
case071_gemm_C0_DEFAULT_N512_q4_rep1,GEMM_ONLY,RCCL,C0_DEFAULT,2048,512,2048,4,1,80,0,PASS,0.000,0.000,0.000,0.000,0.000,0.000,1155.401,1097.724,10201.750,23.679,21.920,26.559,1149.881,1092.124,10196.149,1129.562,1068.607,10172.471,1160.762,1103.324,10207.189
case072_gemm_C0_DEFAULT_N512_q4_rep2,GEMM_ONLY,RCCL,C0_DEFAULT,2048,512,2048,4,2,80,0,PASS,0.000,0.000,0.000,0.000,0.000,0.000,1186.254,1152.255,1225.051,25.279,23.678,27.038,1180.734,1146.656,1219.452,1158.335,1123.777,1196.253,1191.853,1157.855,1230.651
case073_gemm_C0_DEFAULT_N512_q4_rep3,GEMM_ONLY,RCCL,C0_DEFAULT,2048,512,2048,4,3,80,0,PASS,0.000,0.000,0.000,0.000,0.000,0.000,1170.736,1139.617,11658.387,23.038,21.439,26.719,1164.816,1134.017,11652.787,1145.377,1112.259,11631.668,1176.255,1145.057,11663.986
case074_gemm_C0_DEFAULT_N512_q4_rep4,GEMM_ONLY,RCCL,C0_DEFAULT,2048,512,2048,4,4,80,0,PASS,0.000,0.000,0.000,0.000,0.000,0.000,1159.535,1101.378,1333.846,23.199,21.919,26.239,1154.095,1095.939,1328.246,1132.097,1071.780,1302.647,1164.974,1106.818,1339.445
case075_gemm_C0_DEFAULT_N512_q4_rep5,GEMM_ONLY,RCCL,C0_DEFAULT,2048,512,2048,4,5,80,0,PASS,0.000,0.000,0.000,0.000,0.000,0.000,1145.775,1099.618,1363.764,24.479,22.399,28.798,1140.336,1094.179,1358.324,1118.098,1070.821,1196.093,1151.295,1105.218,1369.204
case076_r0_C0_DEFAULT_N512_q4_rep1,R0_FULL_SERIAL,RCCL,C0_DEFAULT,2048,512,2048,4,1,80,0,PASS,4054.733,4030.974,4135.289,4054.733,4030.974,4135.289,4060.652,4037.214,4141.369,4070.891,4047.613,4151.928,5094.594,5067.874,5196.190,1026.183,1021.062,1072.740,5100.033,5073.474,5201.790
case077_r0_C0_DEFAULT_N512_q4_rep2,R0_FULL_SERIAL,RCCL,C0_DEFAULT,2048,512,2048,4,2,80,0,PASS,4052.812,4024.094,4088.410,4052.812,4024.094,4088.410,4058.812,4030.334,4094.650,4068.971,4040.573,4104.889,5095.314,5059.075,5129.632,1026.662,1022.025,1070.980,5100.914,5064.515,5135.072
case078_r0_C0_DEFAULT_N512_q4_rep3,R0_FULL_SERIAL,RCCL,C0_DEFAULT,2048,512,2048,4,3,80,0,PASS,4052.812,4029.693,4084.251,4052.812,4029.693,4084.251,4058.892,4035.773,4090.490,4069.131,4045.853,4100.890,5094.033,5070.115,5127.233,1026.183,1019.944,1070.980,5099.713,5075.555,5132.512
case079_r0_C0_DEFAULT_N512_q4_rep4,R0_FULL_SERIAL,RCCL,C0_DEFAULT,2048,512,2048,4,4,80,0,PASS,4052.733,4019.614,4101.690,4052.733,4019.614,4101.690,4058.652,4025.374,4107.930,4068.572,4035.613,4118.009,5095.154,5058.276,5148.191,1026.982,1021.223,1074.339,5100.674,5064.035,5153.631
case080_r0_C0_DEFAULT_N512_q4_rep5,R0_FULL_SERIAL,RCCL,C0_DEFAULT,2048,512,2048,4,5,80,0,PASS,4051.612,4030.981,4077.851,4051.612,4030.981,4077.851,4057.612,4037.214,4084.410,4067.772,4047.293,4094.170,5089.314,5069.635,5123.712,1025.783,1019.143,1073.219,5094.914,5075.235,5129.151
case081_rs_C0_DEFAULT_N512_q4_rep1,RS_SLICE_SERIAL,RCCL,C0_DEFAULT,2048,512,2048,4,1,80,0,PASS,1060.021,1051.621,1073.379,5046.361,5008.207,5104.193,5052.761,5015.087,5110.593,1070.020,1062.340,1083.299,5336.101,5298.743,5384.497,4274.801,4233.843,4314.805,5341.619,5304.343,5389.777
case082_rs_C0_DEFAULT_N512_q4_rep2,RS_SLICE_SERIAL,RCCL,C0_DEFAULT,2048,512,2048,4,2,80,0,PASS,1064.070,1054.148,1079.109,5066.126,5005.216,5153.923,5072.687,5011.298,5160.485,1073.912,1063.913,1089.671,5349.717,5271.387,5436.551,4283.013,4208.436,4347.804,5355.157,5276.668,5441.992
case083_rs_C0_DEFAULT_N512_q4_rep3,RS_SLICE_SERIAL,RCCL,C0_DEFAULT,2048,512,2048,4,3,80,0,PASS,1060.790,1051.987,1076.637,5052.321,4996.616,5113.627,5059.044,5003.179,5120.030,1070.955,1062.072,1086.562,5331.565,5275.300,5418.084,4264.056,4206.994,4345.607,5337.087,5281.062,5423.686
case084_rs_C0_DEFAULT_N512_q4_rep4,RS_SLICE_SERIAL,RCCL,C0_DEFAULT,2048,512,2048,4,4,80,0,PASS,1058.193,1051.153,1073.392,5016.660,4978.987,5056.095,5023.060,4985.707,5062.186,1068.272,1061.233,1082.832,5292.890,5252.097,5335.133,4236.454,4190.382,4277.739,5298.329,5257.696,5340.893
case085_rs_C0_DEFAULT_N512_q4_rep5,RS_SLICE_SERIAL,RCCL,C0_DEFAULT,2048,512,2048,4,5,80,0,PASS,1059.539,1052.741,1065.700,5055.156,5006.917,5096.354,5061.636,5012.999,5102.754,1069.220,1062.821,1075.780,5342.340,5289.142,5399.858,4274.400,4225.842,4333.836,5347.780,5294.582,5405.457
case086_r1_C0_DEFAULT_N512_q4_rep1,R1_EVENT_OVERLAP,RCCL,C0_DEFAULT,2048,512,2048,4,1,80,0,PASS,1061.301,1054.021,1075.782,4269.600,4252.241,4305.038,4276.159,4258.808,4311.278,1072.260,1064.420,1086.981,4547.824,4517.987,4583.742,3482.764,3453.246,3510.682,4553.264,4523.426,4589.182
case087_r1_C0_DEFAULT_N512_q4_rep2,R1_EVENT_OVERLAP,RCCL,C0_DEFAULT,2048,512,2048,4,2,80,0,PASS,1056.021,1051.621,1066.661,4272.080,4255.282,4300.400,4278.640,4261.361,4307.279,1067.060,1062.980,1077.700,4561.904,4539.105,4597.343,3498.604,3475.485,3532.281,4567.343,4544.705,4602.783
case088_r1_C0_DEFAULT_N512_q4_rep3,R1_EVENT_OVERLAP,RCCL,C0_DEFAULT,2048,512,2048,4,3,80,0,PASS,1059.540,1052.261,1072.580,4267.840,4253.360,4292.397,4274.319,4259.600,4298.957,1070.820,1063.300,1083.779,4558.703,4531.913,4587.422,3494.764,3469.884,3523.963,4564.303,4537.513,4593.021
case089_r1_C0_DEFAULT_N512_q4_rep4,R1_EVENT_OVERLAP,RCCL,C0_DEFAULT,2048,512,2048,4,4,80,0,PASS,1057.140,1051.780,1065.540,4262.480,4247.440,4294.798,4269.120,4253.680,4301.678,1068.019,1062.980,1076.739,4543.268,4513.827,4571.751,3485.971,3457.092,3504.608,4548.788,4519.267,4577.191
case090_r1_C0_DEFAULT_N512_q4_rep5,R1_EVENT_OVERLAP,RCCL,C0_DEFAULT,2048,512,2048,4,5,80,0,PASS,1058.740,1053.220,1078.020,4264.564,4253.041,4308.718,4270.803,4259.927,4315.597,1069.540,1063.940,1088.579,4539.104,4513.667,4588.223,3477.088,3448.608,3503.483,4544.704,4519.267,4593.662
case091_r1_C2_RING_SIMPLE_CH8_N512_q4_rep1,R1_EVENT_OVERLAP,RCCL,C2_RING_SIMPLE_CH8,2048,512,2048,4,1,80,0,PASS,1034.422,1028.902,1043.141,4108.410,4102.970,4130.649,4114.249,4108.570,4136.249,1045.301,1039.622,1053.381,4468.630,4447.110,4496.867,3427.967,3405.729,3450.847,4474.069,4452.550,4502.307
case092_r1_C2_RING_SIMPLE_CH8_N512_q4_rep2,R1_EVENT_OVERLAP,RCCL,C2_RING_SIMPLE_CH8,2048,512,2048,4,2,80,0,PASS,1036.022,1028.582,1068.100,4109.529,4100.090,4180.406,4115.209,4105.849,4186.166,1046.661,1039.142,1078.979,4466.709,4451.111,4542.146,3425.729,3406.848,3472.286,4472.229,4456.711,4547.745
case093_r1_C2_RING_SIMPLE_CH8_N512_q4_rep3,R1_EVENT_OVERLAP,RCCL,C2_RING_SIMPLE_CH8,2048,512,2048,4,3,80,0,PASS,1035.622,1029.542,1051.461,4110.009,4102.649,4126.648,4115.689,4108.089,4132.568,1046.662,1040.101,1061.701,4473.830,4453.670,4496.068,3429.808,3415.488,3456.126,4479.189,4459.270,4501.667
case094_r1_C2_RING_SIMPLE_CH8_N512_q4_rep4,R1_EVENT_OVERLAP,RCCL,C2_RING_SIMPLE_CH8,2048,512,2048,4,4,80,0,PASS,1040.182,1030.662,1054.660,4114.649,4107.610,4150.968,4120.248,4113.369,4156.567,1051.061,1041.542,1065.060,4472.389,4457.350,4510.628,3430.127,3409.889,3460.932,4477.909,4462.790,4516.227
case095_r1_C2_RING_SIMPLE_CH8_N512_q4_rep5,R1_EVENT_OVERLAP,RCCL,C2_RING_SIMPLE_CH8,2048,512,2048,4,5,80,0,PASS,1034.458,1028.616,1048.785,4112.224,4103.587,4199.302,4118.066,4109.190,4205.065,1045.504,1039.342,1059.351,4471.027,4453.337,4539.454,3429.041,3408.872,3482.825,4476.549,4458.779,4544.897
case096_fc_C0_DEFAULT_N512_q4_rep1,FC_FCOLLECT_ONLY,DUSHMEM,C0_DEFAULT,2048,512,2048,4,1,80,0,PASS,11523.752,11363.922,11771.720,11523.752,11363.922,11771.720,11513.188,11353.357,11761.315,0.000,0.000,0.000,0.000,0.000,0.000,0.000,0.000,0.000,11529.355,11369.364,11777.323
case097_fc_C0_DEFAULT_N512_q4_rep2,FC_FCOLLECT_ONLY,DUSHMEM,C0_DEFAULT,2048,512,2048,4,2,80,0,PASS,11525.353,11396.799,11659.345,11525.353,11396.799,11659.345,11515.192,11386.879,11649.106,0.000,0.000,0.000,0.000,0.000,0.000,0.000,0.000,0.000,11530.791,11402.079,11664.944
case098_fc_C0_DEFAULT_N512_q4_rep3,FC_FCOLLECT_ONLY,DUSHMEM,C0_DEFAULT,2048,512,2048,4,3,80,0,PASS,11517.523,11380.341,11689.422,11517.523,11380.341,11689.422,11506.804,11370.102,11679.342,0.000,0.000,0.000,0.000,0.000,0.000,0.000,0.000,0.000,11523.283,11385.781,11694.861
case099_fc_C0_DEFAULT_N512_q4_rep4,FC_FCOLLECT_ONLY,DUSHMEM,C0_DEFAULT,2048,512,2048,4,4,80,0,PASS,11535.692,11428.338,11766.218,11535.692,11428.338,11766.218,11525.212,11417.458,11755.818,0.000,0.000,0.000,0.000,0.000,0.000,0.000,0.000,0.000,11541.291,11433.938,11771.818
case100_fc_C0_DEFAULT_N512_q4_rep5,FC_FCOLLECT_ONLY,DUSHMEM,C0_DEFAULT,2048,512,2048,4,5,80,0,PASS,11541.113,11411.842,11820.938,11541.113,11411.842,11820.938,11531.113,11401.281,11810.697,0.000,0.000,0.000,0.000,0.000,0.000,0.000,0.000,0.000,11546.713,11417.440,11826.377
case101_dc_C0_DEFAULT_N512_q4_rep1,DC_PUSHSIG_ONLY,DUSHMEM,C0_DEFAULT,2048,512,2048,4,1,80,0,PASS,2671.134,2639.376,2691.853,7572.388,7487.593,7658.143,7582.307,7497.513,7668.062,0.000,0.000,0.000,0.000,0.000,0.000,0.000,0.000,0.000,7583.187,7496.393,7666.942
case102_dc_C0_DEFAULT_N512_q4_rep2,DC_PUSHSIG_ONLY,DUSHMEM,C0_DEFAULT,2048,512,2048,4,2,80,0,PASS,2659.375,2629.937,2687.693,7535.590,7441.024,7684.542,7544.390,7450.783,7694.622,0.000,0.000,0.000,0.000,0.000,0.000,0.000,0.000,0.000,7543.190,7449.981,7695.742
case103_dc_C0_DEFAULT_N512_q4_rep3,DC_PUSHSIG_ONLY,DUSHMEM,C0_DEFAULT,2048,512,2048,4,3,80,0,PASS,2660.096,2623.377,2776.969,7523.190,7421.675,9120.448,7530.069,7431.422,9131.008,0.000,0.000,0.000,0.000,0.000,0.000,0.000,0.000,0.000,7530.230,7430.303,9132.288
case104_dc_C0_DEFAULT_N512_q4_rep4,DC_PUSHSIG_ONLY,DUSHMEM,C0_DEFAULT,2048,512,2048,4,4,80,0,PASS,2672.493,2649.613,2694.891,7604.780,7496.066,7665.336,7614.539,7506.625,7674.936,0.000,0.000,0.000,0.000,0.000,0.000,0.000,0.000,0.000,7614.619,7505.506,7673.816
case105_dc_C0_DEFAULT_N512_q4_rep5,DC_PUSHSIG_ONLY,DUSHMEM,C0_DEFAULT,2048,512,2048,4,5,80,0,PASS,2679.694,2636.977,2708.973,7614.226,7450.794,7663.743,7624.385,7461.034,7674.142,0.000,0.000,0.000,0.000,0.000,0.000,0.000,0.000,0.000,7624.465,7462.154,7672.862
case106_d0_C0_DEFAULT_N512_q4_rep1,D0_FCOLLECT_SERIAL,DUSHMEM,C0_DEFAULT,2048,512,2048,4,1,80,0,PASS,11520.312,11337.930,11726.722,11520.312,11337.930,11726.722,11526.312,11343.862,11732.962,11536.232,11354.103,11743.041,12561.218,12417.543,12768.885,1026.102,1019.784,1070.499,12566.737,12422.982,12774.483
case107_d0_C0_DEFAULT_N512_q4_rep2,D0_FCOLLECT_SERIAL,DUSHMEM,C0_DEFAULT,2048,512,2048,4,2,80,0,PASS,11510.963,11356.345,11687.967,11510.963,11356.345,11687.967,11517.044,11362.126,11693.739,11526.885,11372.349,11703.661,12552.025,12397.010,12751.076,1026.560,1018.879,1062.569,12557.524,12402.450,12756.518
case108_d0_C0_DEFAULT_N512_q4_rep3,D0_FCOLLECT_SERIAL,DUSHMEM,C0_DEFAULT,2048,512,2048,4,3,80,0,PASS,11529.843,11351.382,11729.121,11529.843,11351.382,11729.121,11535.763,11357.622,11735.521,11545.602,11367.541,11745.921,12566.665,12391.302,12810.800,1027.302,1019.782,1074.179,12572.105,12396.902,12816.240
case109_d0_C0_DEFAULT_N512_q4_rep4,D0_FCOLLECT_SERIAL,DUSHMEM,C0_DEFAULT,2048,512,2048,4,4,80,0,PASS,11536.642,11329.763,11661.585,11536.642,11329.763,11661.585,11542.642,11335.682,11667.664,11552.722,11345.602,11677.904,12589.532,12371.464,12712.247,1027.063,1021.223,1077.381,12595.212,12377.062,12717.847
case110_d0_C0_DEFAULT_N512_q4_rep5,D0_FCOLLECT_SERIAL,DUSHMEM,C0_DEFAULT,2048,512,2048,4,5,80,0,PASS,11511.524,11346.884,11735.021,11511.524,11346.884,11735.021,11517.683,11352.965,11741.102,11527.764,11363.043,11751.181,12552.197,12384.263,12779.762,1026.662,1019.783,1073.060,12557.717,12389.703,12785.361
case111_ds_C0_DEFAULT_N512_q4_rep1,DS_PUSHSIG_SERIAL,DUSHMEM,C0_DEFAULT,2048,512,2048,4,1,80,0,PASS,7560.389,7454.621,12521.056,8596.644,8517.296,13658.750,8937.826,8860.622,13983.371,7565.988,7460.220,12526.334,8886.781,8813.904,13924.495,1388.722,1341.045,3531.322,8937.667,8860.622,13983.211
case112_ds_C0_DEFAULT_N512_q4_rep2,DS_PUSHSIG_SERIAL,DUSHMEM,C0_DEFAULT,2048,512,2048,4,2,80,0,PASS,7548.709,7472.700,9694.656,8576.005,8515.042,10778.273,8916.548,8850.077,11134.095,7554.228,7478.300,9700.256,8864.462,8801.427,11087.857,1378.802,1312.726,3086.547,8914.458,8849.918,11134.095
case113_ds_C0_DEFAULT_N512_q4_rep3,DS_PUSHSIG_SERIAL,DUSHMEM,C0_DEFAULT,2048,512,2048,4,3,80,0,PASS,7581.747,7433.342,12903.593,8648.402,8492.002,13928.813,8989.591,8792.306,14460.945,7587.267,7438.782,12909.033,8943.033,8742.708,14218.398,1394.162,1342.167,3634.043,8989.430,8792.146,14461.904
case114_ds_C0_DEFAULT_N512_q4_rep4,DS_PUSHSIG_SERIAL,DUSHMEM,C0_DEFAULT,2048,512,2048,4,4,80,0,PASS,7548.149,7435.902,12717.045,8578.645,8436.967,14246.237,8929.017,8796.785,14970.865,7553.669,7441.502,12722.644,8866.468,8748.948,14553.100,1432.080,1363.123,4518.306,8929.178,8796.785,14971.984
case115_ds_C0_DEFAULT_N512_q4_rep5,DS_PUSHSIG_SERIAL,DUSHMEM,C0_DEFAULT,2048,512,2048,4,5,80,0,PASS,7550.068,7452.221,12971.292,8608.076,8493.442,13928.039,8953.824,8839.839,14261.622,7555.748,7457.661,12976.893,8896.860,8794.241,14217.624,1434.479,1367.603,4585.342,8953.664,8836.958,14261.462
case116_d1_C0_DEFAULT_N512_q4_rep1,D1_PUSHSIG_OVERLAP,DUSHMEM,C0_DEFAULT,2048,512,2048,4,1,80,0,PASS,7543.189,7424.223,11507.992,8575.054,8438.407,12567.933,8905.347,8790.242,12898.634,7548.709,7429.823,11513.592,8859.030,8744.004,12839.758,1377.363,1326.005,5399.858,8904.940,8789.268,12898.474
case117_d1_C0_DEFAULT_N512_q4_rep2,D1_PUSHSIG_OVERLAP,DUSHMEM,C0_DEFAULT,2048,512,2048,4,2,80,0,PASS,7564.862,7465.341,11331.843,8641.451,8516.481,12403.782,8988.471,8874.383,12752.562,7570.301,7470.620,11337.442,8939.986,8813.905,12693.206,1412.240,1357.844,5242.426,8988.311,8874.223,12752.402
case118_d1_C0_DEFAULT_N512_q4_rep3,D1_PUSHSIG_OVERLAP,DUSHMEM,C0_DEFAULT,2048,512,2048,4,3,80,0,PASS,7570.308,7415.744,10393.019,8610.653,8476.979,11513.276,8952.873,8795.840,11869.735,7575.748,7421.183,10398.459,8903.427,8749.443,11809.900,1376.244,1304.248,3441.248,8952.713,8795.680,11869.576
case119_d1_C0_DEFAULT_N512_q4_rep4,D1_PUSHSIG_OVERLAP,DUSHMEM,C0_DEFAULT,2048,512,2048,4,4,80,0,PASS,7547.736,7462.817,13624.628,8613.216,8488.064,14670.152,8952.827,8830.168,15009.911,7553.257,7468.418,13630.229,8904.962,8782.354,14941.736,1391.447,1349.265,3649.494,8952.747,8830.168,15010.071
case120_d1_C0_DEFAULT_N512_q4_rep5,D1_PUSHSIG_OVERLAP,DUSHMEM,C0_DEFAULT,2048,512,2048,4,5,80,0,PASS,7543.679,7467.472,11103.645,8632.164,8535.801,12258.716,8971.659,8874.176,12621.277,7549.202,7473.075,11109.247,8919.164,8823.754,12558.049,1432.875,1366.528,3730.135,8972.059,8874.335,12621.438
case121_comm_C0_DEFAULT_N512_q8_rep1,COMM_ONLY,RCCL,C0_DEFAULT,2048,512,2048,8,1,80,0,PASS,539.358,536.636,555.362,4223.800,4219.788,4249.106,4229.245,4225.230,4254.708,0.000,0.000,0.000,0.000,0.000,0.000,0.000,0.000,0.000,4234.848,4230.672,4260.150
case122_comm_C0_DEFAULT_N512_q8_rep2,COMM_ONLY,RCCL,C0_DEFAULT,2048,512,2048,8,2,80,0,PASS,537.729,536.289,545.890,4221.042,4217.204,4231.921,4226.486,4222.644,4237.361,0.000,0.000,0.000,0.000,0.000,0.000,0.000,0.000,0.000,4232.002,4228.083,4242.800
case123_comm_C0_DEFAULT_N512_q8_rep3,COMM_ONLY,RCCL,C0_DEFAULT,2048,512,2048,8,3,80,0,PASS,537.729,535.970,550.050,4220.643,4215.284,4277.840,4226.162,4220.883,4283.439,0.000,0.000,0.000,0.000,0.000,0.000,0.000,0.000,0.000,4231.682,4226.483,4289.039
case124_comm_C0_DEFAULT_N512_q8_rep4,COMM_ONLY,RCCL,C0_DEFAULT,2048,512,2048,8,4,80,0,PASS,539.729,537.410,551.009,4222.004,4217.044,4251.922,4227.443,4222.324,4257.361,0.000,0.000,0.000,0.000,0.000,0.000,0.000,0.000,0.000,4232.882,4227.923,4262.961
case125_comm_C0_DEFAULT_N512_q8_rep5,COMM_ONLY,RCCL,C0_DEFAULT,2048,512,2048,8,5,80,0,PASS,537.970,536.450,552.769,4220.646,4216.243,4237.043,4226.163,4221.843,4242.802,0.000,0.000,0.000,0.000,0.000,0.000,0.000,0.000,0.000,4231.762,4227.282,4248.243
case126_comm_C2_RING_SIMPLE_CH8_N512_q8_rep1,COMM_ONLY,RCCL,C2_RING_SIMPLE_CH8,2048,512,2048,8,1,80,0,PASS,529.090,527.650,537.569,4151.926,4147.128,4164.086,4157.367,4152.727,4169.526,0.000,0.000,0.000,0.000,0.000,0.000,0.000,0.000,0.000,4162.966,4158.167,4175.125
case127_comm_C2_RING_SIMPLE_CH8_N512_q8_rep2,COMM_ONLY,RCCL,C2_RING_SIMPLE_CH8,2048,512,2048,8,2,80,0,PASS,529.730,528.450,539.010,4151.207,4148.087,4178.166,4156.727,4153.527,4183.606,0.000,0.000,0.000,0.000,0.000,0.000,0.000,0.000,0.000,4162.247,4159.126,4189.046
case128_comm_C2_RING_SIMPLE_CH8_N512_q8_rep3,COMM_ONLY,RCCL,C2_RING_SIMPLE_CH8,2048,512,2048,8,3,80,0,PASS,529.490,527.971,532.130,4149.770,4146.968,4159.127,4155.288,4152.726,4164.726,0.000,0.000,0.000,0.000,0.000,0.000,0.000,0.000,0.000,4160.967,4158.166,4170.326
case129_comm_C2_RING_SIMPLE_CH8_N512_q8_rep4,COMM_ONLY,RCCL,C2_RING_SIMPLE_CH8,2048,512,2048,8,4,80,0,PASS,530.690,528.771,537.410,4152.488,4148.887,4184.724,4158.006,4154.486,4190.164,0.000,0.000,0.000,0.000,0.000,0.000,0.000,0.000,0.000,4163.526,4159.926,4195.604
case130_comm_C2_RING_SIMPLE_CH8_N512_q8_rep5,COMM_ONLY,RCCL,C2_RING_SIMPLE_CH8,2048,512,2048,8,5,80,0,PASS,529.250,527.651,535.969,4153.687,4148.247,4174.165,4159.287,4153.847,4179.605,0.000,0.000,0.000,0.000,0.000,0.000,0.000,0.000,0.000,4164.727,4159.446,4185.203
case131_gemm_C0_DEFAULT_N512_q8_rep1,GEMM_ONLY,RCCL,C0_DEFAULT,2048,512,2048,8,1,80,0,PASS,0.000,0.000,0.000,0.000,0.000,0.000,1817.501,1813.186,1873.175,24.559,22.398,27.039,1812.061,1807.746,1867.575,1789.509,1785.667,1843.260,1823.026,1818.625,1878.774
case132_gemm_C0_DEFAULT_N512_q8_rep2,GEMM_ONLY,RCCL,C0_DEFAULT,2048,512,2048,8,2,80,0,PASS,0.000,0.000,0.000,0.000,0.000,0.000,1825.828,1816.550,3982.410,24.321,23.201,29.441,1820.308,1810.950,3976.970,1796.227,1787.270,3948.810,1831.428,1821.990,3988.010
case133_gemm_C0_DEFAULT_N512_q8_rep3,GEMM_ONLY,RCCL,C0_DEFAULT,2048,512,2048,8,3,80,0,PASS,0.000,0.000,0.000,0.000,0.000,0.000,1818.457,1813.658,1928.052,24.319,23.199,28.479,1813.017,1807.899,1922.612,1789.260,1784.540,1899.253,1823.896,1819.258,1933.492
case134_gemm_C0_DEFAULT_N512_q8_rep4,GEMM_ONLY,RCCL,C0_DEFAULT,2048,512,2048,8,4,80,0,PASS,0.000,0.000,0.000,0.000,0.000,0.000,1817.899,1812.858,8402.249,23.519,22.079,26.718,1812.378,1807.258,8396.649,1789.339,1784.860,8373.771,1823.498,1818.298,8407.688
case135_gemm_C0_DEFAULT_N512_q8_rep5,GEMM_ONLY,RCCL,C0_DEFAULT,2048,512,2048,8,5,80,0,PASS,0.000,0.000,0.000,0.000,0.000,0.000,1817.418,1812.702,1875.095,26.319,23.518,28.318,1811.818,1807.258,1869.495,1788.779,1784.380,1844.056,1823.017,1818.301,1880.695
case136_r0_C0_DEFAULT_N512_q8_rep1,R0_FULL_SERIAL,RCCL,C0_DEFAULT,2048,512,2048,8,1,80,0,PASS,4049.693,4025.055,4081.211,4049.693,4025.055,4081.211,4055.613,4030.974,4087.291,4065.851,4040.894,4097.530,5089.715,5061.796,5122.111,1026.822,1021.224,1064.582,5095.234,5067.236,5127.871
case137_r0_C0_DEFAULT_N512_q8_rep2,R0_FULL_SERIAL,RCCL,C0_DEFAULT,2048,512,2048,8,2,80,0,PASS,4053.052,4016.575,4086.010,4053.052,4016.575,4086.010,4059.212,4022.495,4092.090,4069.292,4032.254,4101.849,5092.514,5064.515,5129.312,1027.222,1019.783,1073.060,5098.033,5070.115,5134.911
case138_r0_C0_DEFAULT_N512_q8_rep3,R0_FULL_SERIAL,RCCL,C0_DEFAULT,2048,512,2048,8,3,80,0,PASS,4059.052,4027.134,4121.848,4059.052,4027.134,4121.848,4064.892,4033.053,4128.088,4074.811,4043.293,4138.327,5098.513,5064.677,5158.750,1026.582,1020.103,1070.980,5104.112,5070.596,5164.189
case139_r0_C0_DEFAULT_N512_q8_rep4,R0_FULL_SERIAL,RCCL,C0_DEFAULT,2048,512,2048,8,4,80,0,PASS,4051.772,4023.613,4083.291,4051.772,4023.613,4083.291,4057.851,4029.214,4089.370,4068.171,4039.453,4099.290,5091.474,5062.596,5125.632,1026.182,1020.423,1069.700,5096.914,5068.036,5131.072
case140_r0_C0_DEFAULT_N512_q8_rep5,R0_FULL_SERIAL,RCCL,C0_DEFAULT,2048,512,2048,8,5,80,0,PASS,4053.932,4022.174,4092.890,4053.932,4022.174,4092.890,4060.252,4028.254,4098.810,4070.331,4038.173,4108.889,5094.434,5064.677,5146.271,1026.182,1019.943,1070.980,5100.033,5070.276,5151.870
case141_rs_C0_DEFAULT_N512_q8_rep1,RS_SLICE_SERIAL,RCCL,C0_DEFAULT,2048,512,2048,8,1,80,0,PASS,563.248,554.209,577.888,5979.744,5964.145,6055.179,5986.224,5970.385,6061.259,573.567,564.448,587.967,6209.411,6192.292,6284.126,5641.523,5629.284,5709.119,6215.011,6197.891,6289.566
case142_rs_C0_DEFAULT_N512_q8_rep2,RS_SLICE_SERIAL,RCCL,C0_DEFAULT,2048,512,2048,8,2,80,0,PASS,563.728,557.409,587.007,5974.624,5959.996,6109.737,5981.184,5966.704,6116.137,573.648,567.648,597.887,6204.851,6189.411,6340.775,5642.003,5629.763,5747.836,6210.291,6194.851,6346.214
case143_rs_C0_DEFAULT_N512_q8_rep3,RS_SLICE_SERIAL,RCCL,C0_DEFAULT,2048,512,2048,8,3,80,0,PASS,569.007,558.209,587.327,5977.345,5966.224,6037.420,5983.744,5972.785,6043.819,579.327,569.248,597.726,6206.371,6193.572,6272.928,5641.683,5630.564,5706.240,6211.891,6199.172,6278.368
case144_rs_C0_DEFAULT_N512_q8_rep4,RS_SLICE_SERIAL,RCCL,C0_DEFAULT,2048,512,2048,8,4,80,0,PASS,563.827,553.665,575.270,5974.892,5966.185,6037.864,5981.298,5972.746,6044.105,573.992,564.226,585.991,6205.056,6195.946,6268.434,5643.007,5632.880,5705.344,6210.657,6201.593,6274.035
case145_rs_C0_DEFAULT_N512_q8_rep5,RS_SLICE_SERIAL,RCCL,C0_DEFAULT,2048,512,2048,8,5,80,0,PASS,569.613,565.371,583.779,5979.693,5966.966,6043.960,5986.336,5973.211,6050.523,579.938,576.255,595.304,6208.914,6196.507,6272.541,5642.743,5632.099,5710.211,6214.356,6201.950,6277.984
case146_r1_C0_DEFAULT_N512_q8_rep1,R1_EVENT_OVERLAP,RCCL,C0_DEFAULT,2048,512,2048,8,1,80,0,PASS,558.463,554.383,573.427,4450.891,4440.808,4468.823,4457.611,4447.365,4474.904,569.184,565.265,583.349,4680.791,4668.867,4733.038,4118.815,4108.405,4167.465,4686.311,4674.469,4738.639
case147_r1_C0_DEFAULT_N512_q8_rep2,R1_EVENT_OVERLAP,RCCL,C0_DEFAULT,2048,512,2048,8,2,80,0,PASS,558.129,554.209,567.009,4457.590,4446.159,4470.789,4464.149,4452.719,4477.668,569.488,565.408,578.368,4686.778,4674.307,4704.856,4120.336,4111.609,4138.169,4692.221,4679.747,4710.295
case148_r1_C0_DEFAULT_N512_q8_rep3,R1_EVENT_OVERLAP,RCCL,C0_DEFAULT,2048,512,2048,8,3,80,0,PASS,560.929,552.929,575.648,4457.358,4447.751,4514.308,4464.237,4454.630,4520.868,572.208,564.289,587.328,4687.425,4676.218,4742.455,4123.372,4112.417,4167.926,4692.945,4681.657,4748.055
case149_r1_C0_DEFAULT_N512_q8_rep4,R1_EVENT_OVERLAP,RCCL,C0_DEFAULT,2048,512,2048,8,4,80,0,PASS,557.488,551.329,571.328,4447.831,4439.112,4471.269,4454.470,4445.831,4477.989,568.528,562.208,582.367,4677.418,4669.498,4724.056,4114.569,4106.170,4162.327,4682.938,4674.938,4729.496
case150_r1_C0_DEFAULT_N512_q8_rep5,R1_EVENT_OVERLAP,RCCL,C0_DEFAULT,2048,512,2048,8,5,80,0,PASS,559.569,553.410,568.608,4459.749,4447.751,4527.587,4466.630,4454.316,4534.307,570.928,563.810,579.648,4689.582,4675.745,4757.974,4124.488,4112.569,4186.645,4695.097,4681.185,4763.414
case151_r1_C2_RING_SIMPLE_CH8_N512_q8_rep1,R1_EVENT_OVERLAP,RCCL,C2_RING_SIMPLE_CH8,2048,512,2048,8,1,80,0,PASS,549.649,545.090,561.729,4421.353,4401.840,4439.112,4431.515,4413.352,4448.391,561.169,555.809,572.128,4675.265,4653.339,4731.263,4117.610,4099.769,4170.973,4680.784,4658.779,4736.855
case152_r1_C2_RING_SIMPLE_CH8_N512_q8_rep2,R1_EVENT_OVERLAP,RCCL,C2_RING_SIMPLE_CH8,2048,512,2048,8,2,80,0,PASS,551.330,547.489,560.289,4421.352,4403.753,4442.631,4430.635,4414.161,4456.231,562.448,557.889,571.969,4675.258,4653.978,4725.183,4115.291,4096.250,4166.653,4680.698,4659.418,4730.623
case153_r1_C2_RING_SIMPLE_CH8_N512_q8_rep3,R1_EVENT_OVERLAP,RCCL,C2_RING_SIMPLE_CH8,2048,512,2048,8,3,80,0,PASS,550.689,545.729,565.568,4422.872,4407.272,4448.710,4434.632,4416.240,4457.031,562.129,556.609,576.287,4679.102,4661.501,4721.344,4122.090,4103.450,4167.926,4684.782,4667.101,4726.783
case154_r1_C2_RING_SIMPLE_CH8_N512_q8_rep4,R1_EVENT_OVERLAP,RCCL,C2_RING_SIMPLE_CH8,2048,512,2048,8,4,80,0,PASS,555.329,546.050,566.848,4421.596,4405.514,4444.872,4430.231,4413.993,4456.871,567.088,557.089,577.247,4676.458,4651.259,4719.103,4118.248,4097.530,4151.288,4681.898,4656.698,4724.543
case155_r1_C2_RING_SIMPLE_CH8_N512_q8_rep5,R1_EVENT_OVERLAP,RCCL,C2_RING_SIMPLE_CH8,2048,512,2048,8,5,80,0,PASS,554.768,545.089,570.528,4426.232,4407.913,4446.950,4435.991,4416.873,4457.190,566.448,555.809,581.408,4679.017,4652.539,4720.375,4118.493,4096.730,4164.574,4684.457,4657.819,4725.815
case156_fc_C0_DEFAULT_N512_q8_rep1,FC_FCOLLECT_ONLY,DUSHMEM,C0_DEFAULT,2048,512,2048,8,1,80,0,PASS,11541.913,11383.200,11705.123,11541.913,11383.200,11705.123,11531.604,11372.962,11695.044,0.000,0.000,0.000,0.000,0.000,0.000,0.000,0.000,0.000,11547.513,11388.961,11710.562
case157_fc_C0_DEFAULT_N512_q8_rep2,FC_FCOLLECT_ONLY,DUSHMEM,C0_DEFAULT,2048,512,2048,8,2,80,0,PASS,11540.684,11385.012,11664.992,11540.684,11385.012,11664.992,11530.520,11374.929,11655.068,0.000,0.000,0.000,0.000,0.000,0.000,0.000,0.000,0.000,11546.287,11390.615,11670.743
case158_fc_C0_DEFAULT_N512_q8_rep3,FC_FCOLLECT_ONLY,DUSHMEM,C0_DEFAULT,2048,512,2048,8,3,80,0,PASS,11513.217,11367.510,11717.753,11513.217,11367.510,11717.753,11503.057,11357.109,11707.192,0.000,0.000,0.000,0.000,0.000,0.000,0.000,0.000,0.000,11518.737,11373.109,11723.354
case159_fc_C0_DEFAULT_N512_q8_rep4,FC_FCOLLECT_ONLY,DUSHMEM,C0_DEFAULT,2048,512,2048,8,4,80,0,PASS,11518.243,11406.400,11789.098,11518.243,11406.400,11789.098,11507.924,11396.002,11778.378,0.000,0.000,0.000,0.000,0.000,0.000,0.000,0.000,0.000,11523.842,11412.001,11794.537
case160_fc_C0_DEFAULT_N512_q8_rep5,FC_FCOLLECT_ONLY,DUSHMEM,C0_DEFAULT,2048,512,2048,8,5,80,0,PASS,11516.154,11367.843,11681.582,11516.154,11367.843,11681.582,11505.755,11357.442,11671.662,0.000,0.000,0.000,0.000,0.000,0.000,0.000,0.000,0.000,11521.753,11373.283,11687.022
case161_dc_C0_DEFAULT_N512_q8_rep1,DC_PUSHSIG_ONLY,DUSHMEM,C0_DEFAULT,2048,512,2048,8,1,80,0,PASS,1373.446,1190.175,7162.158,11381.999,7604.706,16192.367,11391.199,7614.626,16202.288,0.000,0.000,0.000,0.000,0.000,0.000,0.000,0.000,0.000,11394.079,7613.506,16201.168
case162_dc_C0_DEFAULT_N512_q8_rep2,DC_PUSHSIG_ONLY,DUSHMEM,C0_DEFAULT,2048,512,2048,8,2,80,0,PASS,1366.086,1196.415,8036.829,10656.041,7336.561,16628.668,10665.561,7346.320,16644.986,0.000,0.000,0.000,0.000,0.000,0.000,0.000,0.000,0.000,10665.561,7347.440,16646.107
case163_dc_C0_DEFAULT_N512_q8_rep3,DC_PUSHSIG_ONLY,DUSHMEM,C0_DEFAULT,2048,512,2048,8,3,80,0,PASS,1362.965,1178.015,10027.275,10249.503,7473.340,16432.359,10258.943,7481.820,16443.076,0.000,0.000,0.000,0.000,0.000,0.000,0.000,0.000,0.000,10263.422,7483.099,16441.797
case164_dc_C0_DEFAULT_N512_q8_rep4,DC_PUSHSIG_ONLY,DUSHMEM,C0_DEFAULT,2048,512,2048,8,4,80,0,PASS,1370.646,1216.254,5847.512,11099.536,7468.700,16299.402,11108.655,7477.980,16309.322,0.000,0.000,0.000,0.000,0.000,0.000,0.000,0.000,0.000,11121.135,7479.260,16308.043
case165_dc_C0_DEFAULT_N512_q8_rep5,DC_PUSHSIG_ONLY,DUSHMEM,C0_DEFAULT,2048,512,2048,8,5,80,0,PASS,1367.925,1190.175,6145.416,12004.525,7533.990,17961.709,12013.644,7543.589,17970.508,0.000,0.000,0.000,0.000,0.000,0.000,0.000,0.000,0.000,12016.845,7544.709,17976.107
case166_d0_C0_DEFAULT_N512_q8_rep1,D0_FCOLLECT_SERIAL,DUSHMEM,C0_DEFAULT,2048,512,2048,8,1,80,0,PASS,11513.523,11343.043,11709.264,11513.523,11343.043,11709.264,11519.604,11349.123,11715.345,11529.682,11359.202,11725.423,12557.613,12381.703,12746.804,1026.663,1019.142,1070.340,12563.292,12387.303,12752.083
case167_d0_C0_DEFAULT_N512_q8_rep2,D0_FCOLLECT_SERIAL,DUSHMEM,C0_DEFAULT,2048,512,2048,8,2,80,0,PASS,11502.713,11321.922,11742.561,11502.713,11321.922,11742.561,11508.553,11327.682,11748.960,11518.561,11337.441,11759.359,12549.055,12399.483,12780.081,1026.662,1022.343,1075.460,12554.574,12405.084,12785.680
case168_d0_C0_DEFAULT_N512_q8_rep3,D0_FCOLLECT_SERIAL,DUSHMEM,C0_DEFAULT,2048,512,2048,8,3,80,0,PASS,11540.633,11370.400,11676.462,11540.633,11370.400,11676.462,11546.953,11376.640,11682.563,11557.120,11386.559,11692.644,12585.373,12409.541,12724.406,1026.503,1020.265,1070.342,12590.812,12414.980,12730.006
case169_d0_C0_DEFAULT_N512_q8_rep4,D0_FCOLLECT_SERIAL,DUSHMEM,C0_DEFAULT,2048,512,2048,8,4,80,0,PASS,11509.218,11346.755,11742.264,11509.218,11346.755,11742.264,11514.900,11352.518,11748.506,11524.584,11362.440,11758.590,12543.703,12389.335,12788.224,1026.829,1019.864,1037.638,12549.225,12394.616,12793.664
case170_d0_C0_DEFAULT_N512_q8_rep5,D0_FCOLLECT_SERIAL,DUSHMEM,C0_DEFAULT,2048,512,2048,8,5,80,0,PASS,11520.351,11354.281,11744.837,11520.351,11354.281,11744.837,11526.431,11360.361,11750.917,11536.351,11370.280,11761.156,12573.266,12407.342,12805.402,1027.546,1021.066,1073.704,12578.866,12412.622,12810.844
case171_ds_C0_DEFAULT_N512_q8_rep1,DS_PUSHSIG_SERIAL,DUSHMEM,C0_DEFAULT,2048,512,2048,8,1,80,0,PASS,14802.369,11021.459,22761.918,17749.162,14864.473,26896.295,18276.751,15150.695,27178.682,14807.889,11026.899,22767.359,17990.269,15100.938,27127.004,9206.603,3748.109,14354.716,18276.671,15150.856,27178.842
case172_ds_C0_DEFAULT_N512_q8_rep2,DS_PUSHSIG_SERIAL,DUSHMEM,C0_DEFAULT,2048,512,2048,8,2,80,0,PASS,14819.247,8679.848,22845.592,17512.294,13567.397,25516.002,17849.012,14058.732,25824.623,14824.685,8685.447,22851.033,17754.123,13805.624,25760.787,8818.624,2495.859,12762.325,17849.652,14059.692,25827.346
case173_ds_C0_DEFAULT_N512_q8_rep3,DS_PUSHSIG_SERIAL,DUSHMEM,C0_DEFAULT,2048,512,2048,8,3,80,0,PASS,15319.939,8776.803,22471.377,17930.926,13756.691,25662.719,18241.692,14053.476,25972.781,15325.538,8782.243,22485.771,18178.515,14004.998,25899.986,8915.108,2525.459,13189.176,18244.573,14053.476,25973.582
case174_ds_C0_DEFAULT_N512_q8_rep4,DS_PUSHSIG_SERIAL,DUSHMEM,C0_DEFAULT,2048,512,2048,8,4,80,0,PASS,14921.641,10370.955,20460.447,17967.631,13405.031,22661.287,18469.200,14012.838,23011.984,14927.241,10376.715,20465.887,18208.420,13961.160,22900.316,8336.651,4014.334,13763.065,18469.760,14012.678,23015.344
case175_ds_C0_DEFAULT_N512_q8_rep5,DS_PUSHSIG_SERIAL,DUSHMEM,C0_DEFAULT,2048,512,2048,8,5,80,0,PASS,14820.700,9553.240,20595.166,17460.379,14737.092,23116.305,17888.194,15052.461,26565.549,14826.220,9558.679,20600.766,17705.885,14985.558,23353.730,8208.659,3934.340,14536.621,17888.274,15052.621,26568.107
case176_d1_C0_DEFAULT_N512_q8_rep1,D1_PUSHSIG_OVERLAP,DUSHMEM,C0_DEFAULT,2048,512,2048,8,1,80,0,PASS,14442.960,11180.812,19689.809,17817.733,13691.575,22638.562,18186.258,14606.218,23283.973,14448.560,11186.412,19695.408,18057.561,14062.090,22883.512,8599.116,3901.861,12636.091,18187.379,14606.058,23284.133
case177_d1_C0_DEFAULT_N512_q8_rep2,D1_PUSHSIG_OVERLAP,DUSHMEM,C0_DEFAULT,2048,512,2048,8,2,80,0,PASS,14807.327,10088.555,21506.150,17634.944,14541.904,25956.188,18263.230,15031.479,26607.785,14812.847,10094.153,21511.594,17876.770,14785.246,26204.332,7786.610,4016.095,14239.360,18263.788,15031.319,26610.662
case178_d1_C0_DEFAULT_N512_q8_rep3,D1_PUSHSIG_OVERLAP,DUSHMEM,C0_DEFAULT,2048,512,2048,8,3,80,0,PASS,14748.077,11036.979,19200.877,17396.557,14836.285,22961.908,18179.616,15243.811,23255.973,14753.517,11042.579,19206.316,17636.464,15075.473,23187.336,8066.987,4197.365,13368.687,18179.615,15243.651,23261.412
case179_d1_C0_DEFAULT_N512_q8_rep4,D1_PUSHSIG_OVERLAP,DUSHMEM,C0_DEFAULT,2048,512,2048,8,4,80,0,PASS,14553.421,11431.199,19928.355,17914.208,14722.079,22020.240,18558.237,15097.577,22319.104,14558.860,11436.799,19933.797,18149.955,14959.826,22268.707,7963.233,4060.732,13275.091,18558.717,15097.737,22318.945
case180_d1_C0_DEFAULT_N512_q8_rep5,D1_PUSHSIG_OVERLAP,DUSHMEM,C0_DEFAULT,2048,512,2048,8,5,80,0,PASS,14701.599,10059.952,19294.045,17922.787,14213.040,22266.496,18371.453,14916.129,23302.211,14707.119,10065.552,19299.645,18165.272,14461.524,22501.539,8568.829,4024.449,14062.512,18371.772,14916.289,23304.932
case181_comm_C0_DEFAULT_N2048_q2_rep1,COMM_ONLY,RCCL,C0_DEFAULT,2048,2048,2048,2,1,80,0,PASS,2017.055,2011.612,2038.504,4014.820,4008.498,4030.908,4020.423,4013.940,4036.190,0.000,0.000,0.000,0.000,0.000,0.000,0.000,0.000,0.000,4025.865,4019.383,4041.632
case182_comm_C0_DEFAULT_N2048_q2_rep2,COMM_ONLY,RCCL,C0_DEFAULT,2048,2048,2048,2,2,80,0,PASS,2016.209,2011.168,2027.971,4012.977,4006.478,4026.961,4018.579,4012.099,4032.562,0.000,0.000,0.000,0.000,0.000,0.000,0.000,0.000,0.000,4024.173,4017.701,4038.003
case183_comm_C0_DEFAULT_N2048_q2_rep3,COMM_ONLY,RCCL,C0_DEFAULT,2048,2048,2048,2,3,80,0,PASS,2014.687,2010.771,2024.370,4012.655,4006.016,4022.974,4018.175,4011.614,4028.574,0.000,0.000,0.000,0.000,0.000,0.000,0.000,0.000,0.000,4023.935,4017.214,4034.014
case184_comm_C0_DEFAULT_N2048_q2_rep4,COMM_ONLY,RCCL,C0_DEFAULT,2048,2048,2048,2,4,80,0,PASS,2017.649,2011.090,2043.885,4016.814,4007.615,4069.372,4022.253,4013.054,4074.812,0.000,0.000,0.000,0.000,0.000,0.000,0.000,0.000,0.000,4027.773,4018.495,4080.411
case185_comm_C0_DEFAULT_N2048_q2_rep5,COMM_ONLY,RCCL,C0_DEFAULT,2048,2048,2048,2,5,80,0,PASS,2015.887,2009.967,2039.884,4013.055,4003.942,4039.134,4018.574,4009.542,4044.733,0.000,0.000,0.000,0.000,0.000,0.000,0.000,0.000,0.000,4024.174,4015.142,4050.333
case186_comm_C2_RING_SIMPLE_CH8_N2048_q2_rep1,COMM_ONLY,RCCL,C2_RING_SIMPLE_CH8,2048,2048,2048,2,1,80,0,PASS,1953.650,1950.610,1972.369,3892.262,3887.461,3917.220,3897.861,3892.901,3922.659,0.000,0.000,0.000,0.000,0.000,0.000,0.000,0.000,0.000,3903.381,3898.342,3928.099
case187_comm_C2_RING_SIMPLE_CH8_N2048_q2_rep2,COMM_ONLY,RCCL,C2_RING_SIMPLE_CH8,2048,2048,2048,2,2,80,0,PASS,1953.651,1950.771,1965.970,3893.222,3889.542,3906.340,3898.821,3894.981,3911.780,0.000,0.000,0.000,0.000,0.000,0.000,0.000,0.000,0.000,3904.341,3900.420,3917.220
case188_comm_C2_RING_SIMPLE_CH8_N2048_q2_rep3,COMM_ONLY,RCCL,C2_RING_SIMPLE_CH8,2048,2048,2048,2,3,80,0,PASS,1955.250,1951.890,1979.889,3896.262,3891.942,3919.460,3901.861,3897.541,3925.060,0.000,0.000,0.000,0.000,0.000,0.000,0.000,0.000,0.000,3907.301,3903.140,3930.340
case189_comm_C2_RING_SIMPLE_CH8_N2048_q2_rep4,COMM_ONLY,RCCL,C2_RING_SIMPLE_CH8,2048,2048,2048,2,4,80,0,PASS,1955.331,1951.251,1971.409,3894.741,3889.861,3915.940,3900.261,3895.461,3921.220,0.000,0.000,0.000,0.000,0.000,0.000,0.000,0.000,0.000,3905.780,3900.901,3927.139
case190_comm_C2_RING_SIMPLE_CH8_N2048_q2_rep5,COMM_ONLY,RCCL,C2_RING_SIMPLE_CH8,2048,2048,2048,2,5,80,0,PASS,1952.690,1950.450,1971.249,3890.982,3887.622,3908.580,3896.501,3893.062,3914.020,0.000,0.000,0.000,0.000,0.000,0.000,0.000,0.000,0.000,3902.101,3898.661,3919.459
case191_gemm_C0_DEFAULT_N2048_q2_rep1,GEMM_ONLY,RCCL,C0_DEFAULT,2048,2048,2048,2,1,80,0,PASS,0.000,0.000,0.000,0.000,0.000,0.000,3100.386,3004.631,3113.430,130.312,115.353,138.712,3094.229,2998.871,3107.351,2965.433,2886.078,2976.318,3106.389,3010.391,3119.510
case192_gemm_C0_DEFAULT_N2048_q2_rep2,GEMM_ONLY,RCCL,C0_DEFAULT,2048,2048,2048,2,2,80,0,PASS,0.000,0.000,0.000,0.000,0.000,0.000,3094.392,2975.833,3112.311,129.593,114.554,138.392,3088.309,2970.233,3106.231,2961.199,2857.760,2971.354,3100.391,2981.432,3118.391
case193_gemm_C0_DEFAULT_N2048_q2_rep3,GEMM_ONLY,RCCL,C0_DEFAULT,2048,2048,2048,2,3,80,0,PASS,0.000,0.000,0.000,0.000,0.000,0.000,3096.020,2969.569,3111.702,130.361,112.356,138.124,3090.016,2963.968,3105.461,2963.341,2850.978,2974.384,3102.105,2975.171,3117.784
case194_gemm_C0_DEFAULT_N2048_q2_rep4,GEMM_ONLY,RCCL,C0_DEFAULT,2048,2048,2048,2,4,80,0,PASS,0.000,0.000,0.000,0.000,0.000,0.000,3097.216,2966.754,3109.865,129.978,113.650,139.102,3090.974,2961.312,3103.782,2963.720,2849.584,2975.245,3103.300,2972.357,3115.947
case195_gemm_C0_DEFAULT_N2048_q2_rep5,GEMM_ONLY,RCCL,C0_DEFAULT,2048,2048,2048,2,5,80,0,PASS,0.000,0.000,0.000,0.000,0.000,0.000,3096.135,2996.289,3108.943,129.932,113.452,138.574,3090.055,2990.529,3103.022,2962.209,2879.159,2972.601,3102.216,3001.890,3115.024
case196_r0_C0_DEFAULT_N2048_q2_rep1,R0_FULL_SERIAL,RCCL,C0_DEFAULT,2048,2048,2048,2,1,80,0,PASS,4067.691,4032.093,4137.368,4067.691,4032.093,4137.368,4073.532,4038.173,4142.967,4083.610,4048.252,4152.407,6850.096,6815.777,6914.972,2780.806,2765.284,2796.162,6855.696,6821.377,6920.732
case197_r0_C0_DEFAULT_N2048_q2_rep2,R0_FULL_SERIAL,RCCL,C0_DEFAULT,2048,2048,2048,2,2,80,0,PASS,4059.292,4035.613,4096.409,4059.292,4035.613,4096.409,4065.611,4041.372,4102.809,4075.291,4051.132,4112.569,6842.495,6819.458,6886.653,2781.285,2764.170,2792.964,6848.095,6825.058,6892.253
case198_r0_C0_DEFAULT_N2048_q2_rep3,R0_FULL_SERIAL,RCCL,C0_DEFAULT,2048,2048,2048,2,3,80,0,PASS,4055.052,4028.093,4106.808,4055.052,4028.093,4106.808,4061.132,4033.694,4113.368,4071.131,4043.774,4123.447,6832.096,6803.470,6904.252,2775.204,2764.329,2800.803,6837.535,6809.069,6909.692
case199_r0_C0_DEFAULT_N2048_q2_rep4,R0_FULL_SERIAL,RCCL,C0_DEFAULT,2048,2048,2048,2,4,80,0,PASS,4057.533,4026.494,4113.689,4057.533,4026.494,4113.689,4063.771,4032.574,4120.248,4073.851,4042.653,4130.008,6839.376,6810.659,6906.811,2782.244,2763.524,2803.048,6845.137,6816.416,6912.251
case200_r0_C0_DEFAULT_N2048_q2_rep5,R0_FULL_SERIAL,RCCL,C0_DEFAULT,2048,2048,2048,2,5,80,0,PASS,4063.215,4034.814,4103.289,4063.215,4034.814,4103.289,4069.294,4041.053,4109.689,4079.373,4050.973,4120.088,6849.856,6816.096,6890.172,2780.564,2764.328,2806.407,6855.376,6821.535,6895.772
case201_rs_C0_DEFAULT_N2048_q2_rep1,RS_SLICE_SERIAL,RCCL,C0_DEFAULT,2048,2048,2048,2,1,80,0,PASS,2067.083,2059.564,2084.203,5550.008,5536.810,5573.767,5556.248,5543.370,5580.486,2077.483,2070.124,2095.082,6981.448,6967.928,7005.687,4909.644,4897.646,4929.963,6987.048,6973.368,7011.286
case202_rs_C0_DEFAULT_N2048_q2_rep2,RS_SLICE_SERIAL,RCCL,C0_DEFAULT,2048,2048,2048,2,2,80,0,PASS,2068.444,2057.324,2080.683,5552.889,5536.009,5569.607,5559.368,5542.569,5576.327,2079.003,2067.564,2090.283,6984.167,6966.488,7013.686,4908.684,4897.005,4937.651,6989.694,6971.928,7019.286
case203_rs_C0_DEFAULT_N2048_q2_rep3,RS_SLICE_SERIAL,RCCL,C0_DEFAULT,2048,2048,2048,2,3,80,0,PASS,2064.364,2056.524,2079.564,5548.649,5536.168,5572.328,5555.127,5542.248,5578.728,2074.604,2066.764,2090.123,6980.408,6964.568,7012.565,4908.769,4895.405,4922.604,6986.008,6970.008,7018.164
case204_rs_C0_DEFAULT_N2048_q2_rep4,RS_SLICE_SERIAL,RCCL,C0_DEFAULT,2048,2048,2048,2,4,80,0,PASS,2070.524,2062.284,2091.402,5554.247,5539.689,5585.446,5560.407,5546.248,5592.166,2081.083,2072.364,2101.802,6985.129,6971.768,7052.885,4909.164,4898.134,4963.560,6990.727,6977.208,7058.485
case205_rs_C0_DEFAULT_N2048_q2_rep5,RS_SLICE_SERIAL,RCCL,C0_DEFAULT,2048,2048,2048,2,5,80,0,PASS,2067.557,2060.024,2100.197,5554.607,5539.405,5623.763,5561.082,5545.164,5630.003,2077.637,2070.297,2110.596,6985.202,6968.309,7087.856,4911.539,4900.292,4988.463,6990.722,6973.748,7093.456
case206_r1_C0_DEFAULT_N2048_q2_rep1,R1_EVENT_OVERLAP,RCCL,C0_DEFAULT,2048,2048,2048,2,1,80,0,PASS,2065.964,2061.004,2086.923,4652.699,4625.182,4689.816,4659.019,4631.101,4695.736,2076.683,2071.243,2097.002,6088.303,6057.260,6120.137,4014.975,3994.824,4047.140,6093.984,6062.699,6125.736
case207_r1_C0_DEFAULT_N2048_q2_rep2,R1_EVENT_OVERLAP,RCCL,C0_DEFAULT,2048,2048,2048,2,2,80,0,PASS,2066.844,2059.244,2075.564,4643.263,4619.901,4672.537,4649.743,4626.460,4678.937,2077.483,2069.644,2086.603,6080.779,6061.100,6112.298,4009.778,3991.457,4037.533,6086.378,6066.540,6117.898
case208_r1_C0_DEFAULT_N2048_q2_rep3,R1_EVENT_OVERLAP,RCCL,C0_DEFAULT,2048,2048,2048,2,3,80,0,PASS,2067.644,2058.124,2090.282,4650.939,4620.548,4687.577,4657.899,4626.948,4693.977,2078.123,2068.204,2100.522,6088.219,6055.339,6124.297,4008.574,3988.896,4041.373,6093.898,6060.779,6129.736
case209_r1_C0_DEFAULT_N2048_q2_rep4,R1_EVENT_OVERLAP,RCCL,C0_DEFAULT,2048,2048,2048,2,4,80,0,PASS,2065.403,2056.044,2078.924,4643.899,4620.861,4684.696,4650.303,4626.941,4690.936,2075.802,2066.283,2088.683,6074.699,6051.820,6117.576,4005.939,3986.337,4041.693,6080.298,6057.420,6123.176
case210_r1_C0_DEFAULT_N2048_q2_rep5,R1_EVENT_OVERLAP,RCCL,C0_DEFAULT,2048,2048,2048,2,5,80,0,PASS,2068.604,2057.645,2098.762,4647.898,4625.501,4694.297,4654.458,4631.901,4700.697,2078.764,2068.204,2109.001,6081.178,6055.501,6126.377,4011.374,3988.736,4032.894,6086.778,6061.101,6131.976
case211_r1_C2_RING_SIMPLE_CH8_N2048_q2_rep1,R1_EVENT_OVERLAP,RCCL,C2_RING_SIMPLE_CH8,2048,2048,2048,2,1,80,0,PASS,2005.007,1998.288,2023.405,4001.934,3991.935,4029.693,4007.614,3997.695,4035.293,2015.407,2008.367,2033.805,5734.883,5709.760,5773.286,3730.591,3703.952,3750.516,5740.403,5715.360,5779.046
case212_r1_C2_RING_SIMPLE_CH8_N2048_q2_rep2,R1_EVENT_OVERLAP,RCCL,C2_RING_SIMPLE_CH8,2048,2048,2048,2,2,80,0,PASS,2008.207,2000.687,2022.126,4005.054,3994.336,4016.093,4010.734,4000.096,4021.853,2018.767,2010.927,2032.526,5737.198,5711.360,5759.355,3728.914,3707.318,3751.796,5742.637,5716.800,5764.796
case213_r1_C2_RING_SIMPLE_CH8_N2048_q2_rep3,R1_EVENT_OVERLAP,RCCL,C2_RING_SIMPLE_CH8,2048,2048,2048,2,3,80,0,PASS,2010.286,1999.248,2103.402,4010.094,3994.016,4152.247,4015.534,3999.616,4158.006,2021.006,2009.007,2114.121,5742.963,5718.077,5840.952,3730.434,3711.158,3796.907,5748.563,5723.517,5846.552
case214_r1_C2_RING_SIMPLE_CH8_N2048_q2_rep4,R1_EVENT_OVERLAP,RCCL,C2_RING_SIMPLE_CH8,2048,2048,2048,2,4,80,0,PASS,2006.207,2000.047,2024.046,4003.055,3995.455,4028.254,4008.734,4001.055,4033.853,2016.766,2010.127,2034.286,5737.358,5715.198,5756.638,3729.634,3703.632,3753.550,5743.038,5720.638,5762.397
case215_r1_C2_RING_SIMPLE_CH8_N2048_q2_rep5,R1_EVENT_OVERLAP,RCCL,C2_RING_SIMPLE_CH8,2048,2048,2048,2,5,80,0,PASS,2004.607,1997.167,2021.007,4001.135,3991.134,4033.053,4006.735,3996.736,4038.492,2015.006,2007.407,2031.566,5731.038,5712.960,5768.636,3727.150,3703.152,3758.510,5736.557,5718.879,5774.075
case216_fc_C0_DEFAULT_N2048_q2_rep1,FC_FCOLLECT_ONLY,DUSHMEM,C0_DEFAULT,2048,2048,2048,2,1,80,0,PASS,11550.312,11400.001,11711.340,11550.312,11400.001,11711.340,11539.833,11389.282,11701.421,0.000,0.000,0.000,0.000,0.000,0.000,0.000,0.000,0.000,11556.071,11405.761,11716.779
case217_fc_C0_DEFAULT_N2048_q2_rep2,FC_FCOLLECT_ONLY,DUSHMEM,C0_DEFAULT,2048,2048,2048,2,2,80,0,PASS,11563.510,11410.880,11757.260,11563.510,11410.880,11757.260,11553.512,11400.640,11747.020,0.000,0.000,0.000,0.000,0.000,0.000,0.000,0.000,0.000,11569.190,11416.479,11763.019
case218_fc_C0_DEFAULT_N2048_q2_rep3,FC_FCOLLECT_ONLY,DUSHMEM,C0_DEFAULT,2048,2048,2048,2,3,80,0,PASS,11559.331,11432.103,11841.710,11559.331,11432.103,11841.710,11548.926,11421.856,11831.118,0.000,0.000,0.000,0.000,0.000,0.000,0.000,0.000,0.000,11564.933,11437.544,11847.152
case219_fc_C0_DEFAULT_N2048_q2_rep4,FC_FCOLLECT_ONLY,DUSHMEM,C0_DEFAULT,2048,2048,2048,2,4,80,0,PASS,11578.417,11389.392,11790.190,11578.417,11389.392,11790.190,11568.093,11379.146,11779.786,0.000,0.000,0.000,0.000,0.000,0.000,0.000,0.000,0.000,11584.100,11394.995,11795.793
case220_fc_C0_DEFAULT_N2048_q2_rep5,FC_FCOLLECT_ONLY,DUSHMEM,C0_DEFAULT,2048,2048,2048,2,5,80,0,PASS,11562.172,11396.269,11827.500,11562.172,11396.269,11827.500,11551.851,11385.707,11817.578,0.000,0.000,0.000,0.000,0.000,0.000,0.000,0.000,0.000,11567.693,11401.870,11833.102
case221_dc_C0_DEFAULT_N2048_q2_rep1,DC_PUSHSIG_ONLY,DUSHMEM,C0_DEFAULT,2048,2048,2048,2,1,80,0,PASS,5469.463,5396.827,5561.938,7476.793,7429.184,9286.199,7487.106,7441.184,9298.520,0.000,0.000,0.000,0.000,0.000,0.000,0.000,0.000,0.000,7485.986,7440.863,9297.239
case222_dc_C0_DEFAULT_N2048_q2_rep2,DC_PUSHSIG_ONLY,DUSHMEM,C0_DEFAULT,2048,2048,2048,2,2,80,0,PASS,5455.783,5335.549,5511.540,7466.462,7401.826,7517.990,7477.422,7412.545,7528.377,0.000,0.000,0.000,0.000,0.000,0.000,0.000,0.000,0.000,7477.347,7411.425,7529.350
case223_dc_C0_DEFAULT_N2048_q2_rep3,DC_PUSHSIG_ONLY,DUSHMEM,C0_DEFAULT,2048,2048,2048,2,3,80,0,PASS,5460.103,5354.908,5508.500,7468.381,7417.343,7551.109,7477.500,7426.783,7559.749,0.000,0.000,0.000,0.000,0.000,0.000,0.000,0.000,0.000,7476.301,7423.423,7558.789
case224_dc_C0_DEFAULT_N2048_q2_rep4,DC_PUSHSIG_ONLY,DUSHMEM,C0_DEFAULT,2048,2048,2048,2,4,80,0,PASS,5467.942,5361.148,5519.060,7472.461,7396.866,7522.310,7484.220,7409.025,7534.950,0.000,0.000,0.000,0.000,0.000,0.000,0.000,0.000,0.000,7484.780,7407.905,7533.670
case225_dc_C0_DEFAULT_N2048_q2_rep5,DC_PUSHSIG_ONLY,DUSHMEM,C0_DEFAULT,2048,2048,2048,2,5,80,0,PASS,5460.903,5396.826,5502.581,7470.387,7435.262,7574.148,7479.101,7444.222,7583.108,0.000,0.000,0.000,0.000,0.000,0.000,0.000,0.000,0.000,7479.587,7443.102,7581.988
case226_d0_C0_DEFAULT_N2048_q2_rep1,D0_FCOLLECT_SERIAL,DUSHMEM,C0_DEFAULT,2048,2048,2048,2,1,80,0,PASS,11549.442,11398.899,11751.339,11549.442,11398.899,11751.339,11555.430,11404.818,11757.578,11565.430,11415.059,11766.858,14326.713,14173.468,14528.009,2767.764,2755.205,2785.444,14332.153,14179.067,14533.608
case227_d0_C0_DEFAULT_N2048_q2_rep2,D0_FCOLLECT_SERIAL,DUSHMEM,C0_DEFAULT,2048,2048,2048,2,2,80,0,PASS,11550.309,11412.958,11739.979,11550.309,11412.958,11739.979,11556.308,11418.558,11745.899,11566.309,11428.317,11755.978,14335.994,14185.628,14594.701,2770.807,2754.565,2781.444,14341.514,14191.227,14600.301
case228_d0_C0_DEFAULT_N2048_q2_rep3,D0_FCOLLECT_SERIAL,DUSHMEM,C0_DEFAULT,2048,2048,2048,2,3,80,0,PASS,11546.552,11367.363,11764.457,11546.552,11367.363,11764.457,11552.631,11373.603,11771.337,11562.871,11383.843,11780.937,14334.487,14136.168,14602.378,2767.767,2753.609,2789.443,14340.006,14141.608,14607.817
case229_d0_C0_DEFAULT_N2048_q2_rep4,D0_FCOLLECT_SERIAL,DUSHMEM,C0_DEFAULT,2048,2048,2048,2,4,80,0,PASS,11539.590,11340.642,11779.018,11539.590,11340.642,11779.018,11545.989,11346.402,11785.737,11555.989,11356.321,11795.497,14325.755,14125.125,14549.265,2768.805,2750.725,2782.888,14331.515,14130.725,14554.705
case230_d0_C0_DEFAULT_N2048_q2_rep5,D0_FCOLLECT_SERIAL,DUSHMEM,C0_DEFAULT,2048,2048,2048,2,5,80,0,PASS,11569.947,11429.295,11837.485,11568.482,11429.295,11837.485,11574.836,11436.015,11843.568,11584.404,11446.256,11853.805,14349.948,14201.934,14635.247,2770.240,2751.373,2791.828,14355.468,14207.374,14640.848
case231_ds_C0_DEFAULT_N2048_q2_rep1,DS_PUSHSIG_SERIAL,DUSHMEM,C0_DEFAULT,2048,2048,2048,2,1,80,0,PASS,7504.939,7465.500,7703.900,9039.748,8993.256,9314.214,10558.608,10505.649,10919.886,7510.458,7471.740,7709.340,10480.141,10435.734,10780.374,3002.471,2984.312,3075.992,10559.728,10506.771,10921.006
case232_ds_C0_DEFAULT_N2048_q2_rep2,DS_PUSHSIG_SERIAL,DUSHMEM,C0_DEFAULT,2048,2048,2048,2,2,80,0,PASS,7502.466,7469.501,8704.647,9030.941,8983.977,10888.030,10540.547,10500.370,12388.905,7507.986,7474.941,8710.086,10472.391,10424.695,12322.190,2992.151,2977.913,3396.129,10542.218,10502.930,12390.026
case233_ds_C0_DEFAULT_N2048_q2_rep3,DS_PUSHSIG_SERIAL,DUSHMEM,C0_DEFAULT,2048,2048,2048,2,3,80,0,PASS,7498.779,7466.941,7672.863,9036.372,9002.855,9213.099,10543.328,10508.528,11427.538,7504.306,7472.380,7678.463,10475.501,10442.453,11337.623,2991.517,2974.238,3077.747,10544.768,10510.449,11427.698
case234_ds_C0_DEFAULT_N2048_q2_rep4,DS_PUSHSIG_SERIAL,DUSHMEM,C0_DEFAULT,2048,2048,2048,2,4,80,0,PASS,7497.432,7461.821,7545.189,9028.372,8986.696,9119.327,10536.847,10490.290,10632.520,7502.951,7467.261,7550.789,10470.461,10424.374,10552.688,2984.233,2971.831,3010.391,10538.288,10491.410,10637.160
case235_ds_C0_DEFAULT_N2048_q2_rep5,DS_PUSHSIG_SERIAL,DUSHMEM,C0_DEFAULT,2048,2048,2048,2,5,80,0,PASS,7496.066,7439.742,7534.310,9033.253,8976.297,9082.529,10550.846,10505.010,10601.966,7501.505,7445.182,7539.910,10474.612,10430.293,10525.008,3003.834,2983.672,3032.950,10553.969,10503.890,10608.685
case236_d1_C0_DEFAULT_N2048_q2_rep1,D1_PUSHSIG_OVERLAP,DUSHMEM,C0_DEFAULT,2048,2048,2048,2,1,80,0,PASS,7495.498,7461.181,7872.052,9031.427,8998.056,10113.353,10543.088,10504.850,12214.195,7501.019,7466.620,7877.652,10472.532,10435.893,12147.479,2992.235,2974.393,3107.031,10544.288,10505.969,12215.314
case237_d1_C0_DEFAULT_N2048_q2_rep2,D1_PUSHSIG_OVERLAP,DUSHMEM,C0_DEFAULT,2048,2048,2048,2,2,80,0,PASS,7503.985,7467.740,8138.263,9017.422,8980.295,9650.657,10523.739,10482.610,11165.772,7509.505,7473.340,8143.702,10455.423,10416.854,11092.337,2991.032,2976.632,3046.228,10524.210,10483.731,11167.053
case238_d1_C0_DEFAULT_N2048_q2_rep3,D1_PUSHSIG_OVERLAP,DUSHMEM,C0_DEFAULT,2048,2048,2048,2,3,80,0,PASS,7503.744,7473.661,7605.505,9035.340,8997.734,10778.452,10554.216,10504.529,12687.150,7509.265,7479.260,7611.265,10484.780,10437.973,12211.014,2989.997,2975.353,3057.588,10555.335,10505.648,12688.269
case239_d1_C0_DEFAULT_N2048_q2_rep4,D1_PUSHSIG_OVERLAP,DUSHMEM,C0_DEFAULT,2048,2048,2048,2,4,80,0,PASS,7500.859,7458.300,7579.747,9034.132,8986.056,9106.864,10553.257,10491.411,10642.941,7506.378,7463.740,7585.187,10484.469,10423.414,10575.905,2998.151,2983.512,3042.229,10555.728,10492.371,10644.062
case240_d1_C0_DEFAULT_N2048_q2_rep5,D1_PUSHSIG_OVERLAP,DUSHMEM,C0_DEFAULT,2048,2048,2048,2,5,80,0,PASS,7498.779,7462.941,8793.107,9031.341,8987.015,10314.462,10542.697,10494.150,12078.521,7504.218,7468.381,8798.547,10475.980,10426.935,11747.182,2991.435,2979.513,3113.585,10543.817,10495.109,12079.802
case241_comm_C0_DEFAULT_N2048_q4_rep1,COMM_ONLY,RCCL,C0_DEFAULT,2048,2048,2048,4,1,80,0,PASS,1029.062,1026.664,1051.781,4072.331,4068.091,4099.931,4077.771,4073.372,4105.690,0.000,0.000,0.000,0.000,0.000,0.000,0.000,0.000,0.000,4083.370,4078.971,4111.130
case242_comm_C0_DEFAULT_N2048_q4_rep2,COMM_ONLY,RCCL,C0_DEFAULT,2048,2048,2048,4,2,80,0,PASS,1029.687,1026.969,1046.650,4073.302,4066.589,4111.406,4078.903,4072.031,4117.007,0.000,0.000,0.000,0.000,0.000,0.000,0.000,0.000,0.000,4084.345,4077.632,4122.608
case243_comm_C0_DEFAULT_N2048_q4_rep3,COMM_ONLY,RCCL,C0_DEFAULT,2048,2048,2048,4,3,80,0,PASS,1032.138,1028.458,1056.148,4080.770,4072.366,4108.383,4086.292,4077.809,4113.825,0.000,0.000,0.000,0.000,0.000,0.000,0.000,0.000,0.000,4091.655,4083.411,4119.428
case244_comm_C0_DEFAULT_N2048_q4_rep4,COMM_ONLY,RCCL,C0_DEFAULT,2048,2048,2048,4,4,80,0,PASS,1028.950,1026.553,1049.446,4073.962,4069.575,4143.817,4079.477,4075.164,4149.418,0.000,0.000,0.000,0.000,0.000,0.000,0.000,0.000,0.000,4084.998,4080.605,4154.860
case245_comm_C0_DEFAULT_N2048_q4_rep5,COMM_ONLY,RCCL,C0_DEFAULT,2048,2048,2048,4,5,80,0,PASS,1030.582,1027.942,1049.702,4075.052,4070.339,4127.929,4080.490,4075.779,4133.529,0.000,0.000,0.000,0.000,0.000,0.000,0.000,0.000,0.000,4086.011,4081.379,4139.128
case246_comm_C2_RING_SIMPLE_CH8_N2048_q4_rep1,COMM_ONLY,RCCL,C2_RING_SIMPLE_CH8,2048,2048,2048,4,1,80,0,PASS,1006.985,1004.266,1029.222,3987.057,3978.336,4007.135,3992.736,3983.616,4012.734,0.000,0.000,0.000,0.000,0.000,0.000,0.000,0.000,0.000,3998.095,3989.216,4018.174
case247_comm_C2_RING_SIMPLE_CH8_N2048_q4_rep2,COMM_ONLY,RCCL,C2_RING_SIMPLE_CH8,2048,2048,2048,4,2,80,0,PASS,1011.623,1006.024,1033.062,3990.016,3981.377,4022.335,3995.456,3986.976,4027.775,0.000,0.000,0.000,0.000,0.000,0.000,0.000,0.000,0.000,4000.975,3992.416,4033.375
case248_comm_C2_RING_SIMPLE_CH8_N2048_q4_rep3,COMM_ONLY,RCCL,C2_RING_SIMPLE_CH8,2048,2048,2048,4,3,80,0,PASS,1016.343,1006.664,1102.338,4002.975,3979.936,4318.319,4008.575,3985.376,4323.759,0.000,0.000,0.000,0.000,0.000,0.000,0.000,0.000,0.000,4014.815,3990.816,4329.198
case249_comm_C2_RING_SIMPLE_CH8_N2048_q4_rep4,COMM_ONLY,RCCL,C2_RING_SIMPLE_CH8,2048,2048,2048,4,4,80,0,PASS,1008.343,1004.103,1020.263,3982.097,3977.056,3998.337,3987.776,3982.655,4003.937,0.000,0.000,0.000,0.000,0.000,0.000,0.000,0.000,0.000,3993.376,3988.094,4009.376
case250_comm_C2_RING_SIMPLE_CH8_N2048_q4_rep5,COMM_ONLY,RCCL,C2_RING_SIMPLE_CH8,2048,2048,2048,4,5,80,0,PASS,1010.183,1004.903,1021.862,3987.536,3978.337,4011.774,3993.056,3983.936,4017.374,0.000,0.000,0.000,0.000,0.000,0.000,0.000,0.000,0.000,3998.575,3989.375,4022.814
case251_gemm_C0_DEFAULT_N2048_q4_rep1,GEMM_ONLY,RCCL,C0_DEFAULT,2048,2048,2048,4,1,80,0,PASS,0.000,0.000,0.000,0.000,0.000,0.000,3214.865,3145.749,3299.821,125.753,114.874,133.593,3209.026,3139.670,3293.901,3083.512,3023.996,3165.263,3220.705,3151.669,3305.900
case252_gemm_C0_DEFAULT_N2048_q4_rep2,GEMM_ONLY,RCCL,C0_DEFAULT,2048,2048,2048,4,2,80,0,PASS,0.000,0.000,0.000,0.000,0.000,0.000,3216.943,3096.951,3293.100,126.633,114.234,135.513,3210.943,3090.232,3285.901,3088.070,2978.078,3155.508,3222.863,3102.871,3300.620
case253_gemm_C0_DEFAULT_N2048_q4_rep3,GEMM_ONLY,RCCL,C0_DEFAULT,2048,2048,2048,4,3,80,0,PASS,0.000,0.000,0.000,0.000,0.000,0.000,3227.659,3133.110,3308.459,124.393,116.314,132.472,3221.179,3127.510,3302.539,3099.106,3015.196,3181.581,3233.581,3138.870,3314.379
case254_gemm_C0_DEFAULT_N2048_q4_rep4,GEMM_ONLY,RCCL,C0_DEFAULT,2048,2048,2048,4,4,80,0,PASS,0.000,0.000,0.000,0.000,0.000,0.000,3221.345,3119.505,3296.135,125.273,112.794,133.433,3215.425,3113.905,3290.055,3092.229,2999.672,3167.982,3227.184,3124.945,3302.055
case255_gemm_C0_DEFAULT_N2048_q4_rep5,GEMM_ONLY,RCCL,C0_DEFAULT,2048,2048,2048,4,5,80,0,PASS,0.000,0.000,0.000,0.000,0.000,0.000,3231.033,3110.825,3295.863,124.695,115.251,133.339,3225.191,3103.782,3290.100,3103.620,2989.486,3167.485,3236.956,3118.028,3301.786
case256_r0_C0_DEFAULT_N2048_q4_rep1,R0_FULL_SERIAL,RCCL,C0_DEFAULT,2048,2048,2048,4,1,80,0,PASS,4057.786,4023.540,4093.798,4057.786,4023.540,4093.798,4063.948,4029.620,4100.198,4073.869,4039.541,4110.439,6839.600,6806.898,6888.152,2780.690,2767.980,2800.772,6845.039,6812.659,6893.592
case257_r0_C0_DEFAULT_N2048_q4_rep2,R0_FULL_SERIAL,RCCL,C0_DEFAULT,2048,2048,2048,4,2,80,0,PASS,4055.292,4033.054,4095.129,4055.292,4033.054,4095.129,4061.452,4039.133,4100.889,4071.531,4049.213,4111.449,6838.657,6812.909,6868.413,2780.889,2764.965,2800.647,6844.097,6818.509,6873.694
case258_r0_C0_DEFAULT_N2048_q4_rep3,R0_FULL_SERIAL,RCCL,C0_DEFAULT,2048,2048,2048,4,3,80,0,PASS,4056.731,4035.293,4086.490,4056.731,4035.293,4086.490,4062.730,4041.692,4092.570,4073.050,4051.771,4102.650,6840.336,6812.097,6872.092,2779.127,2760.805,2799.042,6845.935,6817.697,6877.692
case259_r0_C0_DEFAULT_N2048_q4_rep4,R0_FULL_SERIAL,RCCL,C0_DEFAULT,2048,2048,2048,4,4,80,0,PASS,4060.332,4030.334,4118.649,4060.332,4030.334,4118.649,4066.412,4036.573,4124.568,4076.331,4046.493,4134.488,6844.667,6811.298,6901.692,2780.003,2767.364,2798.883,6850.341,6816.897,6907.292
case260_r0_C0_DEFAULT_N2048_q4_rep5,R0_FULL_SERIAL,RCCL,C0_DEFAULT,2048,2048,2048,4,5,80,0,PASS,4060.731,4029.701,4094.490,4060.731,4029.701,4094.490,4066.651,4035.620,4100.569,4076.731,4045.700,4110.969,6843.375,6808.589,6882.494,2777.606,2764.324,2802.242,6848.815,6814.189,6888.093
case261_rs_C0_DEFAULT_N2048_q4_rep1,RS_SLICE_SERIAL,RCCL,C0_DEFAULT,2048,2048,2048,4,1,80,0,PASS,1065.300,1058.180,1083.459,6444.038,6399.651,6516.754,6450.438,6406.051,6523.314,1075.539,1068.420,1093.698,7189.277,7138.319,7255.913,6121.347,6072.938,6187.493,7194.716,7143.759,7261.353
case262_rs_C0_DEFAULT_N2048_q4_rep2,RS_SLICE_SERIAL,RCCL,C0_DEFAULT,2048,2048,2048,4,2,80,0,PASS,1067.700,1059.459,1083.299,6437.559,6390.692,6492.274,6444.039,6397.092,6498.514,1077.620,1069.699,1093.219,7179.209,7141.998,7257.511,6112.697,6071.509,6179.013,7184.729,7147.437,7262.791
case263_rs_C0_DEFAULT_N2048_q4_rep3,RS_SLICE_SERIAL,RCCL,C0_DEFAULT,2048,2048,2048,4,3,80,0,PASS,1067.540,1061.700,1089.379,6441.077,6398.041,6527.153,6447.003,6404.600,6533.872,1077.539,1071.940,1099.938,7185.037,7140.238,7262.792,6121.187,6067.820,6172.933,7190.557,7145.518,7268.391
case264_rs_C0_DEFAULT_N2048_q4_rep4,RS_SLICE_SERIAL,RCCL,C0_DEFAULT,2048,2048,2048,4,4,80,0,PASS,1069.140,1065.220,1093.700,6443.639,6401.400,6550.033,6450.038,6407.641,6556.433,1079.059,1074.980,1103.939,7186.396,7141.200,7314.788,6117.742,6076.299,6211.662,7191.996,7146.800,7320.228
case265_rs_C0_DEFAULT_N2048_q4_rep5,RS_SLICE_SERIAL,RCCL,C0_DEFAULT,2048,2048,2048,4,5,80,0,PASS,1062.980,1054.981,1078.339,6436.438,6391.482,6484.756,6442.678,6397.881,6491.315,1073.220,1065.380,1088.259,7181.283,7129.200,7226.794,6115.908,6064.299,6163.174,7186.802,7134.639,7232.394
case266_r1_C0_DEFAULT_N2048_q4_rep1,R1_EVENT_OVERLAP,RCCL,C0_DEFAULT,2048,2048,2048,4,1,80,0,PASS,1062.020,1053.221,1079.139,4268.001,4249.202,4303.918,4284.399,4262.319,4319.757,1072.499,1063.140,1089.699,5108.837,5077.324,5141.001,4041.133,4015.455,4081.691,5114.437,5083.084,5146.440
case267_r1_C0_DEFAULT_N2048_q4_rep2,R1_EVENT_OVERLAP,RCCL,C0_DEFAULT,2048,2048,2048,4,2,80,0,PASS,1064.174,1055.131,1089.699,4274.715,4255.112,4319.908,4291.285,4270.163,4337.032,1074.499,1064.896,1099.941,5119.878,5082.994,5169.892,4051.924,4017.757,4112.356,5125.399,5088.755,5175.653
case268_r1_C0_DEFAULT_N2048_q4_rep3,R1_EVENT_OVERLAP,RCCL,C0_DEFAULT,2048,2048,2048,4,3,80,0,PASS,1068.372,1061.652,1085.011,4274.042,4258.143,4304.687,4291.963,4273.493,4319.719,1078.613,1071.413,1095.411,5116.486,5078.638,5160.080,4051.171,4014.762,4084.990,5122.167,5084.239,5165.680
case269_r1_C0_DEFAULT_N2048_q4_rep4,R1_EVENT_OVERLAP,RCCL,C0_DEFAULT,2048,2048,2048,4,4,80,0,PASS,1060.740,1052.261,1077.539,4272.883,4249.361,4302.958,4290.403,4265.521,4316.398,1071.059,1062.661,1088.099,5116.993,5079.724,5151.230,4049.615,4015.935,4087.451,5122.913,5085.324,5156.670
case270_r1_C0_DEFAULT_N2048_q4_rep5,R1_EVENT_OVERLAP,RCCL,C0_DEFAULT,2048,2048,2048,4,5,80,0,PASS,1065.700,1055.621,1082.179,4273.760,4253.842,4304.719,4290.079,4270.328,4324.878,1075.860,1065.860,1092.258,5114.273,5079.875,5170.270,4043.534,4016.735,4098.971,5119.872,5085.315,5175.869
case271_r1_C2_RING_SIMPLE_CH8_N2048_q4_rep1,R1_EVENT_OVERLAP,RCCL,C2_RING_SIMPLE_CH8,2048,2048,2048,4,1,80,0,PASS,1040.341,1031.143,1057.701,4110.010,4101.209,4132.408,4116.168,4107.450,4138.328,1050.501,1041.223,1068.099,5032.278,5001.959,5071.084,3983.060,3961.059,4029.861,5037.878,5007.559,5076.684
case272_r1_C2_RING_SIMPLE_CH8_N2048_q4_rep2,R1_EVENT_OVERLAP,RCCL,C2_RING_SIMPLE_CH8,2048,2048,2048,4,2,80,0,PASS,1042.582,1033.862,1056.421,4111.050,4101.689,4132.729,4117.609,4107.290,4140.248,1052.661,1043.941,1066.980,5029.077,4993.161,5079.877,3981.617,3956.099,4038.013,5034.998,4998.760,5085.477
case273_r1_C2_RING_SIMPLE_CH8_N2048_q4_rep3,R1_EVENT_OVERLAP,RCCL,C2_RING_SIMPLE_CH8,2048,2048,2048,4,3,80,0,PASS,1037.862,1031.462,1056.580,4107.850,4099.930,4127.128,4113.689,4106.650,4132.727,1048.021,1041.702,1066.820,5028.517,4994.289,5068.836,3983.376,3958.185,4020.742,5034.037,5000.049,5074.596
case274_r1_C2_RING_SIMPLE_CH8_N2048_q4_rep4,R1_EVENT_OVERLAP,RCCL,C2_RING_SIMPLE_CH8,2048,2048,2048,4,4,80,0,PASS,1042.021,1034.342,1055.141,4108.009,4101.691,4134.489,4113.929,4107.290,4140.249,1052.261,1044.901,1065.540,5029.958,4993.161,5061.637,3983.937,3950.665,4022.662,5035.478,4998.768,5067.237
case275_r1_C2_RING_SIMPLE_CH8_N2048_q4_rep5,R1_EVENT_OVERLAP,RCCL,C2_RING_SIMPLE_CH8,2048,2048,2048,4,5,80,0,PASS,1040.262,1031.462,1058.181,4108.169,4101.210,4134.008,4114.329,4106.969,4139.775,1050.421,1042.181,1068.260,5034.602,4992.360,5081.476,3988.179,3951.139,4021.214,5040.282,4998.439,5087.075
case276_fc_C0_DEFAULT_N2048_q4_rep1,FC_FCOLLECT_ONLY,DUSHMEM,C0_DEFAULT,2048,2048,2048,4,1,80,0,PASS,11572.072,11455.839,11827.196,11572.072,11455.839,11827.196,11561.752,11445.759,11816.637,0.000,0.000,0.000,0.000,0.000,0.000,0.000,0.000,0.000,11577.670,11461.438,11832.956
case277_fc_C0_DEFAULT_N2048_q4_rep2,FC_FCOLLECT_ONLY,DUSHMEM,C0_DEFAULT,2048,2048,2048,4,2,80,0,PASS,11557.111,11437.117,11746.219,11557.111,11437.117,11746.219,11546.791,11426.558,11736.140,0.000,0.000,0.000,0.000,0.000,0.000,0.000,0.000,0.000,11562.872,11442.877,11751.658
case278_fc_C0_DEFAULT_N2048_q4_rep3,FC_FCOLLECT_ONLY,DUSHMEM,C0_DEFAULT,2048,2048,2048,4,3,80,0,PASS,11542.552,11398.580,11759.660,11542.552,11398.580,11759.660,11532.711,11388.180,11749.100,0.000,0.000,0.000,0.000,0.000,0.000,0.000,0.000,0.000,11548.230,11404.179,11765.099
case279_fc_C0_DEFAULT_N2048_q4_rep4,FC_FCOLLECT_ONLY,DUSHMEM,C0_DEFAULT,2048,2048,2048,4,4,80,0,PASS,11560.934,11432.772,11739.207,11560.934,11432.772,11739.207,11550.933,11422.852,11728.166,0.000,0.000,0.000,0.000,0.000,0.000,0.000,0.000,0.000,11566.454,11438.213,11744.808
case280_fc_C0_DEFAULT_N2048_q4_rep5,FC_FCOLLECT_ONLY,DUSHMEM,C0_DEFAULT,2048,2048,2048,4,5,80,0,PASS,11570.343,11428.910,11726.323,11570.343,11428.910,11726.323,11559.779,11418.186,11716.075,0.000,0.000,0.000,0.000,0.000,0.000,0.000,0.000,0.000,11575.865,11434.512,11731.766
case281_dc_C0_DEFAULT_N2048_q4_rep1,DC_PUSHSIG_ONLY,DUSHMEM,C0_DEFAULT,2048,2048,2048,4,1,80,0,PASS,2664.185,2583.136,2695.633,7593.267,7399.428,7677.431,7603.110,7409.350,7687.834,0.000,0.000,0.000,0.000,0.000,0.000,0.000,0.000,0.000,7604.390,7410.471,7690.554
case282_dc_C0_DEFAULT_N2048_q4_rep2,DC_PUSHSIG_ONLY,DUSHMEM,C0_DEFAULT,2048,2048,2048,4,2,80,0,PASS,2672.815,2567.380,2700.493,7569.428,7323.109,7685.502,7579.508,7333.828,7696.061,0.000,0.000,0.000,0.000,0.000,0.000,0.000,0.000,0.000,7578.308,7334.788,7697.181
case283_dc_C0_DEFAULT_N2048_q4_rep3,DC_PUSHSIG_ONLY,DUSHMEM,C0_DEFAULT,2048,2048,2048,4,3,80,0,PASS,2671.055,2634.096,2697.454,7616.786,7443.115,7668.543,7626.626,7452.875,7678.463,0.000,0.000,0.000,0.000,0.000,0.000,0.000,0.000,0.000,7625.825,7453.995,7677.343
case284_dc_C0_DEFAULT_N2048_q4_rep4,DC_PUSHSIG_ONLY,DUSHMEM,C0_DEFAULT,2048,2048,2048,4,4,80,0,PASS,2660.495,2576.339,2693.133,7557.908,7406.626,9671.140,7567.827,7416.385,9681.539,0.000,0.000,0.000,0.000,0.000,0.000,0.000,0.000,0.000,7566.787,7415.265,9682.819
case285_dc_C0_DEFAULT_N2048_q4_rep5,DC_PUSHSIG_ONLY,DUSHMEM,C0_DEFAULT,2048,2048,2048,4,5,80,0,PASS,2676.094,2614.258,2700.813,7580.948,7410.304,7672.382,7588.307,7420.383,7681.981,0.000,0.000,0.000,0.000,0.000,0.000,0.000,0.000,0.000,7590.307,7416.863,7683.261
case286_d0_C0_DEFAULT_N2048_q4_rep1,D0_FCOLLECT_SERIAL,DUSHMEM,C0_DEFAULT,2048,2048,2048,4,1,80,0,PASS,11535.271,11340.962,11781.738,11535.271,11340.962,11781.738,11541.110,11346.881,11788.297,11551.189,11356.960,11798.856,14318.798,14126.728,14560.460,2769.287,2755.846,2791.847,14324.477,14132.166,14565.899
case287_d0_C0_DEFAULT_N2048_q4_rep2,D0_FCOLLECT_SERIAL,DUSHMEM,C0_DEFAULT,2048,2048,2048,4,2,80,0,PASS,11552.311,11387.840,11768.298,11552.311,11387.840,11768.298,11558.230,11394.080,11773.899,11568.149,11404.318,11784.298,14332.890,14172.486,14553.104,2768.645,2755.690,2782.563,14338.409,14177.926,14558.542
case288_d0_C0_DEFAULT_N2048_q4_rep3,D0_FCOLLECT_SERIAL,DUSHMEM,C0_DEFAULT,2048,2048,2048,4,3,80,0,PASS,11540.152,11361.602,11724.623,11540.152,11361.602,11724.623,11546.073,11368.160,11730.703,11556.233,11378.080,11740.783,14330.874,14141.284,14529.580,2766.967,2754.245,2784.004,14336.394,14146.884,14534.859
case289_d0_C0_DEFAULT_N2048_q4_rep4,D0_FCOLLECT_SERIAL,DUSHMEM,C0_DEFAULT,2048,2048,2048,4,4,80,0,PASS,11547.042,11437.617,11801.417,11547.042,11437.617,11801.417,11553.202,11443.857,11807.817,11563.441,11453.936,11818.217,14332.888,14227.682,14588.938,2767.527,2752.964,2784.329,14338.328,14233.281,14594.218
case290_d0_C0_DEFAULT_N2048_q4_rep5,D0_FCOLLECT_SERIAL,DUSHMEM,C0_DEFAULT,2048,2048,2048,4,5,80,0,PASS,11537.753,11364.803,11786.060,11537.753,11364.803,11786.060,11543.992,11370.882,11792.139,11554.311,11380.961,11802.378,14323.756,14152.191,14557.900,2769.289,2756.646,2785.768,14329.355,14157.950,14563.340
case291_ds_C0_DEFAULT_N2048_q4_rep1,DS_PUSHSIG_SERIAL,DUSHMEM,C0_DEFAULT,2048,2048,2048,4,1,80,0,PASS,7526.287,7426.122,7676.922,10076.582,9938.574,10238.082,10908.253,10753.957,11099.188,7531.727,7431.562,7682.363,10831.364,10684.677,10981.614,3344.458,3294.448,3396.020,10909.292,10755.077,11101.107
case292_ds_C0_DEFAULT_N2048_q4_rep2,DS_PUSHSIG_SERIAL,DUSHMEM,C0_DEFAULT,2048,2048,2048,4,2,80,0,PASS,7533.675,7435.298,9152.059,10051.028,9929.205,11634.120,10878.586,10747.026,12470.811,7539.118,7440.741,9157.662,10808.715,10681.077,12405.021,3331.158,3291.220,3414.954,10879.547,10748.308,12471.772
case293_ds_C0_DEFAULT_N2048_q4_rep3,DS_PUSHSIG_SERIAL,DUSHMEM,C0_DEFAULT,2048,2048,2048,4,3,80,0,PASS,7577.786,7475.844,7658.707,10099.700,10003.545,10191.872,10929.986,10825.252,11035.980,7583.306,7481.445,7664.307,10863.756,10752.904,10965.091,3332.106,3282.471,3405.718,10932.380,10827.812,11036.939
case294_ds_C0_DEFAULT_N2048_q4_rep4,DS_PUSHSIG_SERIAL,DUSHMEM,C0_DEFAULT,2048,2048,2048,4,4,80,0,PASS,7543.669,7413.663,8092.840,10077.203,9930.979,12079.963,10912.038,10756.855,12878.479,7549.189,7419.103,8098.601,10837.801,10689.339,12805.362,3338.052,3289.894,3482.685,10913.648,10758.135,12880.237
case295_ds_C0_DEFAULT_N2048_q4_rep5,DS_PUSHSIG_SERIAL,DUSHMEM,C0_DEFAULT,2048,2048,2048,4,5,80,0,PASS,7525.910,7429.502,9232.762,10035.044,9899.781,13576.197,10862.119,10707.878,14380.793,7531.350,7435.101,9238.360,10794.193,10640.700,14316.637,3311.973,3262.857,5936.946,10863.319,10708.839,14382.073
case296_d1_C0_DEFAULT_N2048_q4_rep1,D1_PUSHSIG_OVERLAP,DUSHMEM,C0_DEFAULT,2048,2048,2048,4,1,80,0,PASS,7578.468,7382.944,7672.863,10106.490,9927.441,10451.574,10928.196,10730.438,11254.729,7584.068,7388.384,7678.462,10853.170,10663.241,11188.813,3345.894,3290.374,3450.685,10929.564,10731.557,11255.688
case297_d1_C0_DEFAULT_N2048_q4_rep2,D1_PUSHSIG_OVERLAP,DUSHMEM,C0_DEFAULT,2048,2048,2048,4,2,80,0,PASS,7539.189,7469.341,7659.743,10074.492,9987.296,10189.205,10905.006,10800.833,11045.479,7544.788,7474.940,7665.183,10836.290,10734.616,10977.962,3332.296,3279.975,3398.208,10906.286,10804.033,11046.600
case298_d1_C0_DEFAULT_N2048_q4_rep3,D1_PUSHSIG_OVERLAP,DUSHMEM,C0_DEFAULT,2048,2048,2048,4,3,80,0,PASS,7554.949,7376.866,9250.058,10089.433,9907.444,12163.316,10913.788,10724.038,12986.311,7560.469,7382.306,9255.657,10845.870,10656.202,12918.794,3347.412,3295.494,3889.389,10914.907,10725.318,12987.431
case299_d1_C0_DEFAULT_N2048_q4_rep4,D1_PUSHSIG_OVERLAP,DUSHMEM,C0_DEFAULT,2048,2048,2048,4,4,80,0,PASS,7545.830,7375.758,7796.375,10074.963,9908.901,10980.825,10903.068,10725.016,12947.753,7551.269,7381.358,7801.975,10834.751,10660.059,12878.638,3321.493,3269.737,4338.955,10904.267,10726.136,12948.873
case300_d1_C0_DEFAULT_N2048_q4_rep5,D1_PUSHSIG_OVERLAP,DUSHMEM,C0_DEFAULT,2048,2048,2048,4,5,80,0,PASS,7578.781,7452.221,7656.703,10095.371,9941.379,10838.590,10923.715,10780.995,11650.705,7584.381,7457.821,7662.143,10854.529,10712.698,11583.028,3321.253,3271.016,3421.248,10924.046,10782.115,11651.825
case301_comm_C0_DEFAULT_N2048_q8_rep1,COMM_ONLY,RCCL,C0_DEFAULT,2048,2048,2048,8,1,80,0,PASS,541.730,540.130,549.569,4226.963,4221.843,4262.321,4232.406,4227.123,4267.760,0.000,0.000,0.000,0.000,0.000,0.000,0.000,0.000,0.000,4237.930,4232.723,4273.520
case302_comm_C0_DEFAULT_N2048_q8_rep2,COMM_ONLY,RCCL,C0_DEFAULT,2048,2048,2048,8,2,80,0,PASS,543.489,540.930,567.968,4230.003,4222.804,4261.201,4235.602,4228.403,4266.640,0.000,0.000,0.000,0.000,0.000,0.000,0.000,0.000,0.000,4241.121,4234.003,4272.080
case303_comm_C0_DEFAULT_N2048_q8_rep3,COMM_ONLY,RCCL,C0_DEFAULT,2048,2048,2048,8,3,80,0,PASS,542.769,540.450,586.367,4230.562,4221.051,4577.984,4236.082,4226.491,4583.904,0.000,0.000,0.000,0.000,0.000,0.000,0.000,0.000,0.000,4241.761,4232.250,4589.343
case304_comm_C0_DEFAULT_N2048_q8_rep4,COMM_ONLY,RCCL,C0_DEFAULT,2048,2048,2048,8,4,80,0,PASS,542.416,540.257,555.619,4228.102,4223.788,4264.130,4233.552,4229.389,4269.571,0.000,0.000,0.000,0.000,0.000,0.000,0.000,0.000,0.000,4239.158,4235.136,4275.012
case305_comm_C0_DEFAULT_N2048_q8_rep5,COMM_ONLY,RCCL,C0_DEFAULT,2048,2048,2048,8,5,80,0,PASS,541.889,540.609,551.329,4226.481,4222.004,4251.440,4232.083,4227.923,4257.040,0.000,0.000,0.000,0.000,0.000,0.000,0.000,0.000,0.000,4237.602,4233.363,4262.480
case306_comm_C2_RING_SIMPLE_CH8_N2048_q8_rep1,COMM_ONLY,RCCL,C2_RING_SIMPLE_CH8,2048,2048,2048,8,1,80,0,PASS,535.410,532.930,559.809,4162.166,4155.287,4191.604,4167.686,4160.726,4197.044,0.000,0.000,0.000,0.000,0.000,0.000,0.000,0.000,0.000,4173.285,4166.486,4202.484
case307_comm_C2_RING_SIMPLE_CH8_N2048_q8_rep2,COMM_ONLY,RCCL,C2_RING_SIMPLE_CH8,2048,2048,2048,8,2,80,0,PASS,534.850,531.810,587.487,4175.766,4154.487,4664.860,4181.285,4159.934,4670.459,0.000,0.000,0.000,0.000,0.000,0.000,0.000,0.000,0.000,4186.805,4165.534,4676.059
case308_comm_C2_RING_SIMPLE_CH8_N2048_q8_rep3,COMM_ONLY,RCCL,C2_RING_SIMPLE_CH8,2048,2048,2048,8,3,80,0,PASS,532.930,531.490,554.209,4155.447,4150.967,4177.206,4160.887,4156.567,4182.646,0.000,0.000,0.000,0.000,0.000,0.000,0.000,0.000,0.000,4166.407,4162.007,4188.245
case309_comm_C2_RING_SIMPLE_CH8_N2048_q8_rep4,COMM_ONLY,RCCL,C2_RING_SIMPLE_CH8,2048,2048,2048,8,4,80,0,PASS,534.050,531.170,551.329,4158.087,4153.366,4182.805,4163.527,4158.966,4188.405,0.000,0.000,0.000,0.000,0.000,0.000,0.000,0.000,0.000,4169.206,4164.406,4194.005
case310_comm_C2_RING_SIMPLE_CH8_N2048_q8_rep5,COMM_ONLY,RCCL,C2_RING_SIMPLE_CH8,2048,2048,2048,8,5,80,0,PASS,534.211,531.810,549.570,4157.367,4154.646,4180.085,4162.806,4160.094,4185.684,0.000,0.000,0.000,0.000,0.000,0.000,0.000,0.000,0.000,4168.326,4165.846,4191.124
case311_gemm_C0_DEFAULT_N2048_q8_rep1,GEMM_ONLY,RCCL,C0_DEFAULT,2048,2048,2048,8,1,80,0,PASS,0.000,0.000,0.000,0.000,0.000,0.000,3769.791,3666.674,3792.273,116.954,111.674,126.873,3763.955,3661.074,3786.674,3647.481,3549.400,3668.114,3775.552,3672.273,3798.193
case312_gemm_C0_DEFAULT_N2048_q8_rep2,GEMM_ONLY,RCCL,C0_DEFAULT,2048,2048,2048,8,2,80,0,PASS,0.000,0.000,0.000,0.000,0.000,0.000,3769.392,3655.481,3791.954,117.353,111.034,126.393,3763.552,3649.881,3786.194,3645.718,3539.647,3670.680,3775.072,3661.241,3797.553
case313_gemm_C0_DEFAULT_N2048_q8_rep3,GEMM_ONLY,RCCL,C0_DEFAULT,2048,2048,2048,8,3,80,0,PASS,0.000,0.000,0.000,0.000,0.000,0.000,3768.512,3645.082,3792.268,117.593,111.194,127.194,3762.756,3639.642,3786.668,3644.916,3528.763,3670.675,3774.191,3650.522,3798.027
case314_gemm_C0_DEFAULT_N2048_q8_rep4,GEMM_ONLY,RCCL,C0_DEFAULT,2048,2048,2048,8,4,80,0,PASS,0.000,0.000,0.000,0.000,0.000,0.000,3774.832,3649.881,3794.994,119.193,113.274,129.433,3769.072,3644.441,3789.234,3650.119,3531.808,3672.594,3780.591,3655.321,3800.753
case315_gemm_C0_DEFAULT_N2048_q8_rep5,GEMM_ONLY,RCCL,C0_DEFAULT,2048,2048,2048,8,5,80,0,PASS,0.000,0.000,0.000,0.000,0.000,0.000,3766.672,3650.195,3791.154,117.034,111.673,126.553,3760.995,3644.755,3785.554,3644.999,3535.167,3668.601,3772.432,3655.641,3796.913
case316_r0_C0_DEFAULT_N2048_q8_rep1,R0_FULL_SERIAL,RCCL,C0_DEFAULT,2048,2048,2048,8,1,80,0,PASS,4055.409,4023.006,4101.862,4055.409,4023.006,4101.862,4061.490,4029.247,4107.943,4071.633,4039.780,4118.185,6838.361,6810.137,6898.790,2780.874,2763.105,2805.206,6843.882,6815.578,6904.391
case317_r0_C0_DEFAULT_N2048_q8_rep2,R0_FULL_SERIAL,RCCL,C0_DEFAULT,2048,2048,2048,8,2,80,0,PASS,4055.559,4026.746,4101.179,4055.559,4026.746,4101.179,4061.642,4033.309,4107.582,4071.726,4043.713,4117.986,6840.801,6803.990,6898.581,2780.358,2764.426,2806.045,6846.403,6809.592,6904.183
case318_r0_C0_DEFAULT_N2048_q8_rep3,R0_FULL_SERIAL,RCCL,C0_DEFAULT,2048,2048,2048,8,3,80,0,PASS,4059.042,4032.194,4089.950,4059.042,4032.194,4089.950,4065.204,4037.956,4096.032,4075.199,4048.039,4106.115,6841.996,6812.890,6880.975,2778.802,2763.901,2796.916,6847.438,6818.332,6886.417
case319_r0_C0_DEFAULT_N2048_q8_rep4,R0_FULL_SERIAL,RCCL,C0_DEFAULT,2048,2048,2048,8,4,80,0,PASS,4058.251,4030.493,4096.090,4058.251,4030.493,4096.090,4064.012,4036.413,4102.650,4073.771,4046.652,4112.889,6843.454,6817.218,6878.815,2779.204,2765.285,2802.403,6849.055,6822.817,6884.255
case320_r0_C0_DEFAULT_N2048_q8_rep5,R0_FULL_SERIAL,RCCL,C0_DEFAULT,2048,2048,2048,8,5,80,0,PASS,4058.172,4034.333,4090.650,4058.172,4034.333,4090.650,4064.252,4040.413,4096.890,4074.332,4050.652,4107.449,6840.183,6817.709,6875.454,2779.606,2763.524,2800.163,6845.862,6823.297,6880.894
case321_rs_C0_DEFAULT_N2048_q8_rep1,RS_SLICE_SERIAL,RCCL,C0_DEFAULT,2048,2048,2048,8,1,80,0,PASS,572.288,567.648,592.607,7515.018,7498.139,7555.750,7521.337,7504.699,7562.149,582.367,577.888,603.646,7959.713,7944.354,7998.285,7387.111,7372.705,7425.676,7965.154,7949.953,8003.885
case322_rs_C0_DEFAULT_N2048_q8_rep2,RS_SLICE_SERIAL,RCCL,C0_DEFAULT,2048,2048,2048,8,2,80,0,PASS,568.688,563.168,598.526,7518.778,7503.899,7577.014,7525.177,7510.458,7582.774,579.168,573.568,608.125,7963.234,7948.354,8023.229,7389.105,7373.186,7441.343,7968.912,7953.794,8028.669
case323_rs_C0_DEFAULT_N2048_q8_rep3,RS_SLICE_SERIAL,RCCL,C0_DEFAULT,2048,2048,2048,8,3,80,0,PASS,569.888,565.409,587.487,7511.579,7495.098,7567.255,7517.978,7501.498,7573.974,580.447,575.807,597.886,7956.516,7941.955,8012.190,7384.066,7370.626,7430.145,7962.037,7947.395,8017.629
case324_rs_C0_DEFAULT_N2048_q8_rep4,RS_SLICE_SERIAL,RCCL,C0_DEFAULT,2048,2048,2048,8,4,80,0,PASS,573.568,565.248,587.007,7508.858,7496.699,7539.896,7515.417,7502.939,7545.976,584.367,575.168,597.087,7953.874,7939.554,7985.311,7382.306,7369.508,7405.677,7959.393,7945.153,7990.751
case325_rs_C0_DEFAULT_N2048_q8_rep5,RS_SLICE_SERIAL,RCCL,C0_DEFAULT,2048,2048,2048,8,5,80,0,PASS,580.848,570.688,588.607,7515.819,7501.659,7600.535,7522.137,7508.219,7607.254,591.166,581.247,599.326,7961.314,7946.274,8044.990,7391.105,7376.227,7464.702,7966.834,7951.714,8050.429
case326_r1_C0_DEFAULT_N2048_q8_rep1,R1_EVENT_OVERLAP,RCCL,C0_DEFAULT,2048,2048,2048,8,1,80,0,PASS,576.608,571.808,591.647,4672.939,4660.059,4715.096,4678.858,4665.979,4720.855,587.167,582.047,602.206,5391.138,5373.138,5433.776,4819.094,4803.740,4861.017,5396.578,5378.578,5439.375
case327_r1_C0_DEFAULT_N2048_q8_rep2,R1_EVENT_OVERLAP,RCCL,C0_DEFAULT,2048,2048,2048,8,2,80,0,PASS,574.608,570.048,605.726,4679.977,4662.146,4756.214,4685.897,4668.066,4762.134,585.247,580.448,617.086,5396.582,5376.508,5471.223,4822.854,4806.450,4885.975,5401.942,5382.107,5476.663
case328_r1_C0_DEFAULT_N2048_q8_rep3,R1_EVENT_OVERLAP,RCCL,C0_DEFAULT,2048,2048,2048,8,3,80,0,PASS,576.447,572.448,593.087,4676.138,4666.458,4696.218,4682.218,4672.378,4702.298,587.007,583.167,603.486,5396.983,5380.978,5420.978,4822.289,4809.810,4843.736,5402.422,5386.577,5426.417
case329_r1_C0_DEFAULT_N2048_q8_rep4,R1_EVENT_OVERLAP,RCCL,C0_DEFAULT,2048,2048,2048,8,4,80,0,PASS,576.552,572.711,595.597,4674.042,4662.181,4767.482,4679.882,4668.255,4773.403,587.035,583.112,605.998,5394.682,5375.552,5458.130,4821.980,4806.679,4888.298,5400.203,5381.153,5463.730
case330_r1_C0_DEFAULT_N2048_q8_rep5,R1_EVENT_OVERLAP,RCCL,C0_DEFAULT,2048,2048,2048,8,5,80,0,PASS,577.167,571.008,593.087,4676.217,4664.218,4702.297,4682.217,4670.458,4708.056,587.727,581.247,603.646,5394.417,5377.619,5434.424,4821.810,4807.099,4841.170,5399.857,5383.218,5439.864
case331_r1_C2_RING_SIMPLE_CH8_N2048_q8_rep1,R1_EVENT_OVERLAP,RCCL,C2_RING_SIMPLE_CH8,2048,2048,2048,8,1,80,0,PASS,565.888,560.769,582.047,4473.749,4458.311,4523.428,4479.748,4464.550,4529.668,576.208,571.329,592.767,5692.081,5673.762,5736.480,5124.512,5105.954,5159.559,5697.521,5679.681,5742.080
case332_r1_C2_RING_SIMPLE_CH8_N2048_q8_rep2,R1_EVENT_OVERLAP,RCCL,C2_RING_SIMPLE_CH8,2048,2048,2048,8,2,80,0,PASS,563.808,560.449,576.607,4469.270,4457.670,4505.827,4475.110,4463.749,4511.747,574.448,571.008,587.007,5687.041,5667.681,5724.160,5123.154,5106.114,5151.392,5692.640,5673.121,5729.759
case333_r1_C2_RING_SIMPLE_CH8_N2048_q8_rep3,R1_EVENT_OVERLAP,RCCL,C2_RING_SIMPLE_CH8,2048,2048,2048,8,3,80,0,PASS,558.048,553.890,576.128,4468.470,4455.750,4552.065,4474.469,4461.670,4557.984,568.208,564.609,586.207,5682.726,5666.883,5750.398,5121.396,5104.994,5174.429,5688.326,5672.322,5755.837
case334_r1_C2_RING_SIMPLE_CH8_N2048_q8_rep4,R1_EVENT_OVERLAP,RCCL,C2_RING_SIMPLE_CH8,2048,2048,2048,8,4,80,0,PASS,565.968,555.809,583.487,4474.074,4456.710,4501.028,4480.233,4462.469,4507.267,576.448,565.728,594.046,5691.285,5669.922,5727.359,5124.913,5106.275,5158.591,5696.881,5675.362,5733.599
case335_r1_C2_RING_SIMPLE_CH8_N2048_q8_rep5,R1_EVENT_OVERLAP,RCCL,C2_RING_SIMPLE_CH8,2048,2048,2048,8,5,80,0,PASS,567.568,563.008,579.487,4476.309,4464.711,4502.948,4482.389,4470.471,4508.868,578.207,573.408,589.886,5693.440,5678.721,5730.088,5127.151,5114.114,5151.711,5698.799,5684.001,5735.527
case336_fc_C0_DEFAULT_N2048_q8_rep1,FC_FCOLLECT_ONLY,DUSHMEM,C0_DEFAULT,2048,2048,2048,8,1,80,0,PASS,11541.353,11401.759,11696.305,11541.353,11401.759,11696.305,11531.272,11391.999,11686.062,0.000,0.000,0.000,0.000,0.000,0.000,0.000,0.000,0.000,11547.031,11407.198,11702.062
case337_fc_C0_DEFAULT_N2048_q8_rep2,FC_FCOLLECT_ONLY,DUSHMEM,C0_DEFAULT,2048,2048,2048,8,2,80,0,PASS,11560.871,11446.879,11723.024,11560.871,11446.879,11723.024,11550.871,11436.318,11712.304,0.000,0.000,0.000,0.000,0.000,0.000,0.000,0.000,0.000,11566.241,11452.317,11728.623
case338_fc_C0_DEFAULT_N2048_q8_rep3,FC_FCOLLECT_ONLY,DUSHMEM,C0_DEFAULT,2048,2048,2048,8,3,80,0,PASS,11567.832,11435.038,11714.543,11567.832,11435.038,11714.543,11557.673,11424.799,11704.141,0.000,0.000,0.000,0.000,0.000,0.000,0.000,0.000,0.000,11573.511,11440.798,11720.144
case339_fc_C0_DEFAULT_N2048_q8_rep4,FC_FCOLLECT_ONLY,DUSHMEM,C0_DEFAULT,2048,2048,2048,8,4,80,0,PASS,11554.710,11397.921,11847.974,11554.710,11397.921,11847.974,11544.950,11387.842,11837.735,0.000,0.000,0.000,0.000,0.000,0.000,0.000,0.000,0.000,11560.229,11403.681,11853.734
case340_fc_C0_DEFAULT_N2048_q8_rep5,FC_FCOLLECT_ONLY,DUSHMEM,C0_DEFAULT,2048,2048,2048,8,5,80,0,PASS,11541.202,11391.700,11710.864,11541.202,11391.700,11710.864,11530.483,11381.461,11700.464,0.000,0.000,0.000,0.000,0.000,0.000,0.000,0.000,0.000,11546.723,11397.300,11716.623
case341_dc_C0_DEFAULT_N2048_q8_rep1,DC_PUSHSIG_ONLY,DUSHMEM,C0_DEFAULT,2048,2048,2048,8,1,80,0,PASS,1371.773,1188.655,2041.009,10896.217,7620.453,16083.490,10905.421,7641.582,16092.613,0.000,0.000,0.000,0.000,0.000,0.000,0.000,0.000,0.000,10907.662,7648.305,16096.936
case342_dc_C0_DEFAULT_N2048_q8_rep2,DC_PUSHSIG_ONLY,DUSHMEM,C0_DEFAULT,2048,2048,2048,8,2,80,0,PASS,1372.211,1192.689,1868.509,10603.587,7720.879,15361.854,10370.520,7729.843,15371.299,0.000,0.000,0.000,0.000,0.000,0.000,0.000,0.000,0.000,10613.992,7734.645,15372.579
case343_dc_C0_DEFAULT_N2048_q8_rep3,DC_PUSHSIG_ONLY,DUSHMEM,C0_DEFAULT,2048,2048,2048,8,3,80,0,PASS,1364.351,1196.578,8077.949,10999.535,7377.259,15652.561,11008.416,7386.700,15661.682,0.000,0.000,0.000,0.000,0.000,0.000,0.000,0.000,0.000,11012.656,7387.820,15662.961
case344_dc_C0_DEFAULT_N2048_q8_rep4,DC_PUSHSIG_ONLY,DUSHMEM,C0_DEFAULT,2048,2048,2048,8,4,80,0,PASS,1373.685,1183.616,6454.039,10203.746,7736.685,15742.155,10213.426,7746.765,15751.435,0.000,0.000,0.000,0.000,0.000,0.000,0.000,0.000,0.000,10216.225,7745.645,15753.354
case345_dc_C0_DEFAULT_N2048_q8_rep5,DC_PUSHSIG_ONLY,DUSHMEM,C0_DEFAULT,2048,2048,2048,8,5,80,0,PASS,1370.325,1184.415,3419.649,10476.299,7234.167,16230.125,10485.739,7243.446,16239.564,0.000,0.000,0.000,0.000,0.000,0.000,0.000,0.000,0.000,10488.779,7242.166,16243.725
case346_d0_C0_DEFAULT_N2048_q8_rep1,D0_FCOLLECT_SERIAL,DUSHMEM,C0_DEFAULT,2048,2048,2048,8,1,80,0,PASS,11545.521,11411.040,11694.724,11545.521,11411.040,11694.724,11551.601,11417.139,11700.964,11561.691,11427.538,11711.043,14331.927,14187.549,14539.209,2768.407,2752.331,2790.243,14337.526,14193.147,14544.649
case347_d0_C0_DEFAULT_N2048_q8_rep2,D0_FCOLLECT_SERIAL,DUSHMEM,C0_DEFAULT,2048,2048,2048,8,2,80,0,PASS,11538.151,11416.478,11736.943,11538.151,11416.478,11736.943,11544.391,11422.717,11743.344,11554.231,11432.796,11753.422,14324.406,14193.763,14521.103,2769.607,2755.690,2793.762,14330.006,14199.362,14526.702
case348_d0_C0_DEFAULT_N2048_q8_rep3,D0_FCOLLECT_SERIAL,DUSHMEM,C0_DEFAULT,2048,2048,2048,8,3,80,0,PASS,11551.432,11407.379,11782.697,11551.432,11407.379,11782.697,11557.192,11414.099,11788.777,11567.130,11424.338,11798.856,14339.927,14177.921,14574.247,2766.726,2754.565,2791.684,14345.527,14183.361,14579.687
case349_d0_C0_DEFAULT_N2048_q8_rep4,D0_FCOLLECT_SERIAL,DUSHMEM,C0_DEFAULT,2048,2048,2048,8,4,80,0,PASS,11543.113,11371.702,11702.725,11543.113,11371.702,11702.725,11549.352,11377.761,11708.804,11559.672,11387.841,11719.203,14324.076,14167.042,14481.909,2766.405,2753.925,2789.123,14329.595,14172.481,14487.349
case350_d0_C0_DEFAULT_N2048_q8_rep5,D0_FCOLLECT_SERIAL,DUSHMEM,C0_DEFAULT,2048,2048,2048,8,5,80,0,PASS,11544.252,11435.520,11689.443,11544.252,11435.520,11689.443,11550.252,11441.918,11695.204,11560.482,11451.998,11705.264,14331.273,14213.786,14468.305,2772.726,2756.330,2797.927,14336.712,14219.226,14473.745
case351_ds_C0_DEFAULT_N2048_q8_rep1,DS_PUSHSIG_SERIAL,DUSHMEM,C0_DEFAULT,2048,2048,2048,8,1,80,0,PASS,14748.159,10514.129,19154.479,20809.567,17735.195,28359.256,21916.469,18573.357,28873.629,14753.677,10519.568,19160.238,21261.545,18187.170,28808.352,10906.826,5399.377,18858.779,21918.709,18576.236,28876.188
case352_ds_C0_DEFAULT_N2048_q8_rep2,DS_PUSHSIG_SERIAL,DUSHMEM,C0_DEFAULT,2048,2048,2048,8,2,80,0,PASS,14679.055,11481.613,18661.225,19700.234,17444.969,26955.666,20347.852,18047.305,27557.541,14684.496,11487.212,18666.664,20162.372,17908.785,27427.004,9911.737,6019.033,17410.686,20350.572,18049.863,27560.100
case353_ds_C0_DEFAULT_N2048_q8_rep3,DS_PUSHSIG_SERIAL,DUSHMEM,C0_DEFAULT,2048,2048,2048,8,3,80,0,PASS,14674.985,11904.147,20331.656,20292.832,17559.467,27161.748,21239.201,18108.703,27933.488,14680.507,11909.590,20337.100,20753.595,18022.393,27617.625,10008.499,5493.488,16887.965,21241.920,18111.424,27936.209
case354_ds_C0_DEFAULT_N2048_q8_rep4,DS_PUSHSIG_SERIAL,DUSHMEM,C0_DEFAULT,2048,2048,2048,8,4,80,0,PASS,14322.740,9472.589,20107.191,19624.050,17207.832,27400.535,20252.098,17887.156,28533.439,14328.260,9478.188,20112.633,20078.908,17675.004,27870.910,10722.927,5760.315,16650.588,20256.018,17891.154,28536.000
case355_ds_C0_DEFAULT_N2048_q8_rep5,DS_PUSHSIG_SERIAL,DUSHMEM,C0_DEFAULT,2048,2048,2048,8,5,80,0,PASS,14851.484,10689.960,17947.307,19582.996,16716.186,27055.277,20100.487,17862.039,27602.605,14856.925,10695.720,17952.908,20034.251,17169.598,27520.691,9630.818,5043.717,15620.084,20102.888,17863.961,27608.203
case356_d1_C0_DEFAULT_N2048_q8_rep1,D1_PUSHSIG_OVERLAP,DUSHMEM,C0_DEFAULT,2048,2048,2048,8,1,80,0,PASS,14555.436,11411.219,21337.180,19623.857,16934.758,27736.816,20227.825,17561.732,28272.307,14561.117,11416.818,21342.621,20086.232,17386.895,28200.311,10114.547,5024.679,17700.109,20230.144,17564.453,28273.105
case357_d1_C0_DEFAULT_N2048_q8_rep2,D1_PUSHSIG_OVERLAP,DUSHMEM,C0_DEFAULT,2048,2048,2048,8,2,80,0,PASS,14551.674,10432.054,20113.268,19868.418,16108.214,25925.424,20930.422,16636.824,27322.463,14557.193,10437.494,20118.867,20326.954,16569.627,26383.959,10786.513,4759.574,15306.822,20933.942,16639.543,27327.900
case358_d1_C0_DEFAULT_N2048_q8_rep3,D1_PUSHSIG_OVERLAP,DUSHMEM,C0_DEFAULT,2048,2048,2048,8,3,80,0,PASS,14765.024,11023.701,18386.488,19082.690,16874.730,26133.252,19859.046,17400.781,26652.902,14771.263,11029.300,18391.928,19542.823,17327.348,26586.826,10344.379,4801.811,15826.949,19862.646,17401.742,26655.463
case359_d1_C0_DEFAULT_N2048_q8_rep4,D1_PUSHSIG_OVERLAP,DUSHMEM,C0_DEFAULT,2048,2048,2048,8,4,80,0,PASS,14790.768,11997.084,20544.924,19452.906,17484.459,27583.092,20089.528,18009.229,29075.480,14796.287,12003.004,20550.363,19904.401,17936.111,28036.504,9867.453,4747.413,15204.773,20092.088,18013.869,29078.041
case360_d1_C0_DEFAULT_N2048_q8_rep5,D1_PUSHSIG_OVERLAP,DUSHMEM,C0_DEFAULT,2048,2048,2048,8,5,80,0,PASS,14697.494,11180.493,19367.877,19567.941,16339.722,25514.248,20500.486,17718.209,28020.715,14703.013,11185.934,19373.477,20020.957,16792.016,25967.340,10240.304,4650.778,15218.022,20502.886,17724.928,28023.436
case361_comm_C0_DEFAULT_N4096_q2_rep1,COMM_ONLY,RCCL,C0_DEFAULT,2048,4096,2048,2,1,80,0,PASS,2024.207,2017.647,2106.602,4021.454,4012.254,4191.285,4027.054,4017.693,4196.564,0.000,0.000,0.000,0.000,0.000,0.000,0.000,0.000,0.000,4032.493,4023.133,4202.164
case362_comm_C0_DEFAULT_N4096_q2_rep2,COMM_ONLY,RCCL,C0_DEFAULT,2048,4096,2048,2,2,80,0,PASS,2024.287,2017.970,2029.969,4020.175,4013.215,4030.021,4025.774,4018.655,4035.621,0.000,0.000,0.000,0.000,0.000,0.000,0.000,0.000,0.000,4031.133,4024.255,4041.220
case363_comm_C0_DEFAULT_N4096_q2_rep3,COMM_ONLY,RCCL,C0_DEFAULT,2048,4096,2048,2,3,80,0,PASS,2022.927,2015.087,2032.206,4018.254,4010.654,4029.534,4023.854,4016.094,4035.294,0.000,0.000,0.000,0.000,0.000,0.000,0.000,0.000,0.000,4029.374,4021.694,4040.733
case364_comm_C0_DEFAULT_N4096_q2_rep4,COMM_ONLY,RCCL,C0_DEFAULT,2048,4096,2048,2,4,80,0,PASS,2023.642,2016.118,2047.155,4022.313,4013.834,4047.421,4027.913,4019.275,4053.182,0.000,0.000,0.000,0.000,0.000,0.000,0.000,0.000,0.000,4033.591,4024.716,4058.623
case365_comm_C0_DEFAULT_N4096_q2_rep5,COMM_ONLY,RCCL,C0_DEFAULT,2048,4096,2048,2,5,80,0,PASS,2025.591,2016.554,2044.728,4022.541,4012.614,4041.590,4028.062,4018.055,4047.191,0.000,0.000,0.000,0.000,0.000,0.000,0.000,0.000,0.000,4033.503,4023.656,4052.472
case366_comm_C2_RING_SIMPLE_CH8_N4096_q2_rep1,COMM_ONLY,RCCL,C2_RING_SIMPLE_CH8,2048,4096,2048,2,1,80,0,PASS,1953.810,1950.131,1961.969,3892.501,3888.261,3906.342,3897.941,3893.700,3911.941,0.000,0.000,0.000,0.000,0.000,0.000,0.000,0.000,0.000,3903.381,3899.140,3917.541
case367_comm_C2_RING_SIMPLE_CH8_N4096_q2_rep2,COMM_ONLY,RCCL,C2_RING_SIMPLE_CH8,2048,4096,2048,2,2,80,0,PASS,1954.370,1951.251,1965.169,3894.101,3890.182,3906.981,3899.542,3895.462,3912.580,0.000,0.000,0.000,0.000,0.000,0.000,0.000,0.000,0.000,3904.981,3900.901,3917.860
case368_comm_C2_RING_SIMPLE_CH8_N4096_q2_rep3,COMM_ONLY,RCCL,C2_RING_SIMPLE_CH8,2048,4096,2048,2,3,80,0,PASS,1954.370,1951.570,1997.327,3894.661,3890.661,3947.298,3900.101,3896.100,3952.898,0.000,0.000,0.000,0.000,0.000,0.000,0.000,0.000,0.000,3905.624,3901.701,3958.338
case369_comm_C2_RING_SIMPLE_CH8_N4096_q2_rep4,COMM_ONLY,RCCL,C2_RING_SIMPLE_CH8,2048,4096,2048,2,4,80,0,PASS,1955.490,1952.210,1980.369,3895.061,3890.182,3919.300,3900.581,3895.622,3924.740,0.000,0.000,0.000,0.000,0.000,0.000,0.000,0.000,0.000,3906.101,3901.221,3930.179
case370_comm_C2_RING_SIMPLE_CH8_N4096_q2_rep5,COMM_ONLY,RCCL,C2_RING_SIMPLE_CH8,2048,4096,2048,2,5,80,0,PASS,1955.012,1950.451,1991.248,3894.901,3888.102,3938.659,3900.421,3893.702,3944.258,0.000,0.000,0.000,0.000,0.000,0.000,0.000,0.000,0.000,3905.860,3899.302,3949.858
case371_gemm_C0_DEFAULT_N4096_q2_rep1,GEMM_ONLY,RCCL,C0_DEFAULT,2048,4096,2048,2,1,80,0,PASS,0.000,0.000,0.000,0.000,0.000,0.000,6257.493,5988.303,6934.651,253.026,233.587,262.225,6250.613,5982.224,6929.211,5999.907,5743.687,6700.104,6263.887,5994.383,6940.090
case372_gemm_C0_DEFAULT_N4096_q2_rep2,GEMM_ONLY,RCCL,C0_DEFAULT,2048,4096,2048,2,2,80,0,PASS,0.000,0.000,0.000,0.000,0.000,0.000,6261.654,6030.863,6966.489,253.746,233.588,263.506,6255.414,6024.623,6960.889,6003.908,5773.277,6730.662,6267.814,6037.102,6972.089
case373_gemm_C0_DEFAULT_N4096_q2_rep3,GEMM_ONLY,RCCL,C0_DEFAULT,2048,4096,2048,2,3,80,0,PASS,0.000,0.000,0.000,0.000,0.000,0.000,6278.373,6049.111,6750.662,251.825,234.707,261.106,6272.213,6042.871,6744.902,6027.901,5798.085,6515.795,6284.532,6055.351,6756.582
case374_gemm_C0_DEFAULT_N4096_q2_rep4,GEMM_ONLY,RCCL,C0_DEFAULT,2048,4096,2048,2,4,80,0,PASS,0.000,0.000,0.000,0.000,0.000,0.000,6243.494,5973.264,6907.132,250.706,234.867,258.386,6237.175,5967.025,6901.212,5991.745,5730.078,6672.745,6249.734,5979.344,6913.211
case375_gemm_C0_DEFAULT_N4096_q2_rep5,GEMM_ONLY,RCCL,C0_DEFAULT,2048,4096,2048,2,5,80,0,PASS,0.000,0.000,0.000,0.000,0.000,0.000,6257.653,5949.756,6837.055,251.826,233.907,261.586,6251.574,5943.356,6831.296,6016.627,5692.010,6601.549,6263.733,5956.156,6842.815
case376_r0_C0_DEFAULT_N4096_q2_rep1,R0_FULL_SERIAL,RCCL,C0_DEFAULT,2048,4096,2048,2,1,80,0,PASS,4063.002,4031.342,4115.928,4063.538,4031.342,4115.928,4069.697,4037.582,4121.848,4079.776,4047.661,4131.767,10825.552,10689.640,10927.472,6761.575,6645.867,6843.509,10831.233,10695.240,10933.392
case377_r0_C0_DEFAULT_N4096_q2_rep2,R0_FULL_SERIAL,RCCL,C0_DEFAULT,2048,4096,2048,2,2,80,0,PASS,4068.204,4035.230,4119.915,4068.204,4035.230,4119.915,4074.448,4041.313,4126.150,4084.612,4051.557,4136.074,10844.980,10731.162,10953.979,6770.209,6674.801,6862.244,10850.742,10736.764,10960.542
case378_r0_C0_DEFAULT_N4096_q2_rep3,R0_FULL_SERIAL,RCCL,C0_DEFAULT,2048,4096,2048,2,3,80,0,PASS,4062.502,4027.161,4097.355,4062.502,4027.441,4097.888,4068.423,4033.043,4103.516,4078.427,4042.966,4113.760,10823.265,10691.283,10918.128,6765.867,6635.190,6835.554,10829.186,10696.974,10923.569
case379_r0_C0_DEFAULT_N4096_q2_rep4,R0_FULL_SERIAL,RCCL,C0_DEFAULT,2048,4096,2048,2,4,80,0,PASS,4062.492,4034.974,4092.890,4062.492,4034.974,4092.890,4068.731,4040.894,4099.130,4078.971,4051.133,4109.049,10822.193,10683.078,10920.366,6767.380,6632.267,6853.856,10827.872,10688.678,10926.126
case380_r0_C0_DEFAULT_N4096_q2_rep5,R0_FULL_SERIAL,RCCL,C0_DEFAULT,2048,4096,2048,2,5,80,0,PASS,4064.892,4034.180,4121.529,4064.892,4034.180,4121.529,4071.212,4040.260,4127.769,4081.531,4050.179,4138.168,10823.472,10681.322,10942.269,6762.900,6615.161,6848.255,10829.233,10686.921,10947.867
case381_rs_C0_DEFAULT_N4096_q2_rep1,RS_SLICE_SERIAL,RCCL,C0_DEFAULT,2048,4096,2048,2,1,80,0,PASS,2072.284,2060.204,2099.082,7546.616,7467.420,7610.451,7552.936,7473.499,7616.371,2082.603,2070.448,2109.322,10953.066,10810.750,11082.099,8884.149,8737.747,9009.735,10958.746,10816.350,11087.699
case382_rs_C0_DEFAULT_N4096_q2_rep2,RS_SLICE_SERIAL,RCCL,C0_DEFAULT,2048,4096,2048,2,2,80,0,PASS,2073.883,2061.804,2098.762,7540.224,7390.946,7612.866,7546.702,7397.026,7618.786,2084.203,2071.883,2109.161,10931.637,10737.637,11069.318,8859.822,8667.370,9004.471,10937.396,10743.396,11075.238
case383_rs_C0_DEFAULT_N4096_q2_rep3,RS_SLICE_SERIAL,RCCL,C0_DEFAULT,2048,4096,2048,2,3,80,0,PASS,2077.084,2065.644,2127.080,7569.256,7456.874,7913.316,7575.976,7463.434,7920.196,2087.083,2076.043,2137.320,10985.543,10825.472,11376.643,8902.780,8749.268,9073.093,10991.062,10830.752,11382.402
case384_rs_C0_DEFAULT_N4096_q2_rep4,RS_SLICE_SERIAL,RCCL,C0_DEFAULT,2048,4096,2048,2,4,80,0,PASS,2071.564,2061.963,2097.642,7560.063,7416.704,7617.173,7566.462,7422.624,7623.573,2082.443,2071.882,2108.361,10977.144,10826.591,11069.300,8900.316,8745.748,9004.616,10983.224,10832.031,11075.059
case385_rs_C0_DEFAULT_N4096_q2_rep5,RS_SLICE_SERIAL,RCCL,C0_DEFAULT,2048,4096,2048,2,5,80,0,PASS,2072.443,2062.924,2093.963,7547.096,7393.998,7615.571,7553.495,7400.398,7621.491,2082.603,2073.163,2103.722,10942.584,10690.440,11057.619,8879.340,8633.609,8977.912,10948.183,10696.200,11063.219
case386_r1_C0_DEFAULT_N4096_q2_rep1,R1_EVENT_OVERLAP,RCCL,C0_DEFAULT,2048,4096,2048,2,1,80,0,PASS,2071.803,2059.565,2095.722,5120.517,5049.646,5177.158,5127.637,5057.485,5185.158,2082.363,2070.124,2106.122,8759.194,8536.976,9092.450,6696.182,6468.757,7014.179,8765.114,8543.056,9098.209
case387_r1_C0_DEFAULT_N4096_q2_rep2,R1_EVENT_OVERLAP,RCCL,C0_DEFAULT,2048,4096,2048,2,2,80,0,PASS,2073.803,2064.364,2119.081,5129.082,5006.759,5210.916,5138.282,5013.159,5219.076,2084.523,2074.123,2129.801,8804.226,8457.939,9131.981,6726.268,6397.891,7015.765,8810.145,8463.858,9137.422
case388_r1_C0_DEFAULT_N4096_q2_rep3,R1_EVENT_OVERLAP,RCCL,C0_DEFAULT,2048,4096,2048,2,3,80,0,PASS,2079.242,2065.004,2100.202,5120.673,5045.316,5215.387,5128.752,5052.196,5224.187,2089.722,2075.244,2110.122,8793.026,8520.815,9294.520,6723.543,6453.728,7154.639,8798.786,8527.056,9299.958
case389_r1_C0_DEFAULT_N4096_q2_rep4,R1_EVENT_OVERLAP,RCCL,C0_DEFAULT,2048,4096,2048,2,4,80,0,PASS,2070.961,2064.163,2093.757,5124.931,5057.518,5185.591,5132.582,5065.201,5193.594,2081.605,2074.407,2101.267,8760.837,8457.528,9098.580,6686.678,6397.367,7035.303,8766.840,8463.609,9104.503
case390_r1_C0_DEFAULT_N4096_q2_rep5,R1_EVENT_OVERLAP,RCCL,C0_DEFAULT,2048,4096,2048,2,5,80,0,PASS,2071.323,2059.564,2094.762,5114.113,5047.557,5181.318,5120.993,5054.756,5189.477,2081.963,2069.964,2105.642,8832.704,8510.722,9174.524,6756.740,6438.838,7061.363,8838.623,8516.642,9180.443
case391_r1_C2_RING_SIMPLE_CH8_N4096_q2_rep1,R1_EVENT_OVERLAP,RCCL,C2_RING_SIMPLE_CH8,2048,4096,2048,2,1,80,0,PASS,2006.448,1997.968,2036.686,4286.724,4262.648,4329.836,4294.646,4270.488,4337.996,2017.006,2008.207,2046.765,8432.166,8135.717,8878.221,6421.239,6141.426,6828.256,8438.165,8141.957,8883.980
case392_r1_C2_RING_SIMPLE_CH8_N4096_q2_rep2,R1_EVENT_OVERLAP,RCCL,C2_RING_SIMPLE_CH8,2048,4096,2048,2,2,80,0,PASS,2006.847,1998.608,2037.326,4290.646,4267.929,4317.198,4299.043,4275.607,4324.877,2017.486,2009.006,2047.406,8507.603,8239.217,8896.780,6489.476,6225.250,6874.814,8513.442,8245.138,8902.380
case393_r1_C2_RING_SIMPLE_CH8_N4096_q2_rep3,R1_EVENT_OVERLAP,RCCL,C2_RING_SIMPLE_CH8,2048,4096,2048,2,3,80,0,PASS,2004.447,1997.487,2031.725,4284.083,4265.361,4310.478,4292.082,4273.041,4318.797,2014.926,2007.728,2041.645,8424.414,8194.113,8789.586,6412.360,6201.583,6785.059,8430.414,8200.193,8795.187
case394_r1_C2_RING_SIMPLE_CH8_N4096_q2_rep4,R1_EVENT_OVERLAP,RCCL,C2_RING_SIMPLE_CH8,2048,4096,2048,2,4,80,0,PASS,2003.407,1995.888,2039.085,4286.244,4261.841,4347.276,4294.006,4269.200,4354.956,2013.807,2005.967,2049.805,8488.731,8228.512,8953.112,6488.688,6229.410,6966.181,8494.651,8234.752,8958.554
case395_r1_C2_RING_SIMPLE_CH8_N4096_q2_rep5,R1_EVENT_OVERLAP,RCCL,C2_RING_SIMPLE_CH8,2048,4096,2048,2,5,80,0,PASS,2007.407,1996.048,2036.204,4285.604,4260.888,4307.758,4293.363,4269.848,4316.238,2017.807,2006.127,2046.124,8396.584,8211.220,8907.036,6402.452,6210.372,6908.905,8402.664,8217.301,8912.476
case396_fc_C0_DEFAULT_N4096_q2_rep1,FC_FCOLLECT_ONLY,DUSHMEM,C0_DEFAULT,2048,4096,2048,2,1,80,0,PASS,11590.709,11434.077,11759.841,11590.709,11434.077,11759.841,11580.550,11424.157,11749.441,0.000,0.000,0.000,0.000,0.000,0.000,0.000,0.000,0.000,11596.228,11439.516,11765.602
case397_fc_C0_DEFAULT_N4096_q2_rep2,FC_FCOLLECT_ONLY,DUSHMEM,C0_DEFAULT,2048,4096,2048,2,2,80,0,PASS,11599.427,11412.479,11789.580,11599.427,11412.479,11789.580,11589.507,11402.079,11779.340,0.000,0.000,0.000,0.000,0.000,0.000,0.000,0.000,0.000,11604.947,11418.238,11795.020
case398_fc_C0_DEFAULT_N4096_q2_rep3,FC_FCOLLECT_ONLY,DUSHMEM,C0_DEFAULT,2048,4096,2048,2,3,80,0,PASS,11580.159,11397.139,11839.515,11580.159,11397.139,11839.515,11569.749,11386.580,11828.956,0.000,0.000,0.000,0.000,0.000,0.000,0.000,0.000,0.000,11585.828,11402.738,11845.114
case399_fc_C0_DEFAULT_N4096_q2_rep4,FC_FCOLLECT_ONLY,DUSHMEM,C0_DEFAULT,2048,4096,2048,2,4,80,0,PASS,11603.609,11396.800,11842.376,11603.609,11396.800,11842.376,11593.288,11386.401,11832.137,0.000,0.000,0.000,0.000,0.000,0.000,0.000,0.000,0.000,11609.128,11402.400,11847.996
case400_fc_C0_DEFAULT_N4096_q2_rep5,FC_FCOLLECT_ONLY,DUSHMEM,C0_DEFAULT,2048,4096,2048,2,5,80,0,PASS,11595.418,11441.227,11839.655,11595.418,11441.227,11839.655,11585.339,11431.146,11829.256,0.000,0.000,0.000,0.000,0.000,0.000,0.000,0.000,0.000,11601.098,11446.987,11845.255
case401_dc_C0_DEFAULT_N4096_q2_rep1,DC_PUSHSIG_ONLY,DUSHMEM,C0_DEFAULT,2048,4096,2048,2,1,80,0,PASS,5478.600,5377.595,5537.186,7488.042,7434.178,7536.957,7499.486,7445.703,7548.642,0.000,0.000,0.000,0.000,0.000,0.000,0.000,0.000,0.000,7498.927,7444.423,7547.361
case402_dc_C0_DEFAULT_N4096_q2_rep2,DC_PUSHSIG_ONLY,DUSHMEM,C0_DEFAULT,2048,4096,2048,2,2,80,0,PASS,5462.200,5378.123,5506.007,7479.595,7420.523,7509.016,7489.512,7431.566,7520.059,0.000,0.000,0.000,0.000,0.000,0.000,0.000,0.000,0.000,7489.925,7432.686,7521.179
case403_dc_C0_DEFAULT_N4096_q2_rep3,DC_PUSHSIG_ONLY,DUSHMEM,C0_DEFAULT,2048,4096,2048,2,3,80,0,PASS,5467.783,5350.589,5510.901,7476.147,7429.345,9439.633,7487.026,7441.184,9450.032,0.000,0.000,0.000,0.000,0.000,0.000,0.000,0.000,0.000,7486.788,7440.064,9448.752
case404_dc_C0_DEFAULT_N4096_q2_rep4,DC_PUSHSIG_ONLY,DUSHMEM,C0_DEFAULT,2048,4096,2048,2,4,80,0,PASS,5462.983,5338.429,6881.546,7472.301,7393.347,9204.124,7483.101,7404.386,9214.364,0.000,0.000,0.000,0.000,0.000,0.000,0.000,0.000,0.000,7483.739,7409.504,9213.084
case405_dc_C0_DEFAULT_N4096_q2_rep5,DC_PUSHSIG_ONLY,DUSHMEM,C0_DEFAULT,2048,4096,2048,2,5,80,0,PASS,5479.062,5405.626,5531.059,7484.067,7433.182,7547.590,7495.266,7443.742,7557.989,0.000,0.000,0.000,0.000,0.000,0.000,0.000,0.000,0.000,7494.626,7444.862,7559.109
case406_d0_C0_DEFAULT_N4096_q2_rep1,D0_FCOLLECT_SERIAL,DUSHMEM,C0_DEFAULT,2048,4096,2048,2,1,80,0,PASS,11598.628,11472.655,11828.620,11598.628,11472.655,11828.620,11604.708,11479.214,11834.699,11614.869,11489.454,11844.779,18342.810,18181.701,18657.520,6745.953,6633.719,6827.789,18348.329,18187.299,18663.121
case407_d0_C0_DEFAULT_N4096_q2_rep2,D0_FCOLLECT_SERIAL,DUSHMEM,C0_DEFAULT,2048,4096,2048,2,2,80,0,PASS,11569.668,11406.236,11763.816,11569.668,11406.236,11763.816,11575.680,11412.157,11770.057,11585.758,11422.078,11780.456,18338.744,18152.932,18580.076,6744.667,6661.065,6861.373,18344.183,18158.531,18585.516
case408_d0_C0_DEFAULT_N4096_q2_rep3,D0_FCOLLECT_SERIAL,DUSHMEM,C0_DEFAULT,2048,4096,2048,2,3,80,0,PASS,11589.917,11407.361,11829.737,11589.917,11407.361,11829.737,11595.998,11413.439,11836.293,11605.917,11423.521,11845.892,18340.730,18156.453,18645.348,6761.546,6655.945,6824.415,18346.330,18161.893,18650.947
case409_d0_C0_DEFAULT_N4096_q2_rep4,D0_FCOLLECT_SERIAL,DUSHMEM,C0_DEFAULT,2048,4096,2048,2,4,80,0,PASS,11573.349,11435.680,11842.215,11573.349,11435.680,11842.215,11579.599,11442.078,11848.135,11589.919,11452.318,11858.215,18344.185,18154.018,18613.191,6739.947,6618.668,6848.095,18349.625,18159.299,18618.631
case410_d0_C0_DEFAULT_N4096_q2_rep5,D0_FCOLLECT_SERIAL,DUSHMEM,C0_DEFAULT,2048,4096,2048,2,5,80,0,PASS,11597.109,11407.841,11803.816,11597.109,11407.841,11803.816,11603.190,11413.921,11809.737,11613.190,11424.979,11819.496,18334.025,18133.064,18626.951,6739.382,6628.907,6837.215,18339.545,18138.664,18632.551
case411_ds_C0_DEFAULT_N4096_q2_rep1,DS_PUSHSIG_SERIAL,DUSHMEM,C0_DEFAULT,2048,4096,2048,2,1,80,0,PASS,7507.185,7474.940,10020.717,11004.822,10862.110,13530.783,14429.282,14226.081,17219.994,7512.951,7480.700,10026.157,14347.673,14120.649,16852.363,6877.299,6649.547,7038.496,14430.482,14227.360,17221.273
case412_ds_C0_DEFAULT_N4096_q2_rep2,DS_PUSHSIG_SERIAL,DUSHMEM,C0_DEFAULT,2048,4096,2048,2,2,80,0,PASS,7505.073,7480.020,7554.436,10991.032,10882.621,11111.171,14419.137,14213.741,14660.384,7510.593,7485.460,7559.876,14351.251,14144.342,14546.461,6870.654,6674.041,7033.129,14420.577,14215.662,14663.265
case413_ds_C0_DEFAULT_N4096_q2_rep3,DS_PUSHSIG_SERIAL,DUSHMEM,C0_DEFAULT,2048,4096,2048,2,3,80,0,PASS,7505.038,7462.839,7553.223,10988.434,10857.163,11112.444,14435.621,14173.931,14616.801,7510.560,7468.281,7558.665,14364.365,14106.548,14524.541,6887.154,6669.460,7009.860,14436.741,14175.051,14617.921
case414_ds_C0_DEFAULT_N4096_q2_rep4,DS_PUSHSIG_SERIAL,DUSHMEM,C0_DEFAULT,2048,4096,2048,2,4,80,0,PASS,7502.139,7466.301,7550.950,11000.752,10878.446,11078.276,14441.682,14172.668,14832.154,7507.899,7471.741,7556.389,14370.086,14093.928,14524.810,6890.819,6689.704,7013.207,14442.643,14173.788,14833.273
case415_ds_C0_DEFAULT_N4096_q2_rep5,DS_PUSHSIG_SERIAL,DUSHMEM,C0_DEFAULT,2048,4096,2048,2,5,80,0,PASS,7503.899,7464.221,7622.145,11005.621,10869.310,12972.871,14436.468,14223.203,16388.199,7509.418,7469.981,7627.745,14361.112,14157.446,16160.212,6906.658,6708.594,7071.122,14437.667,14224.482,16390.117
case416_d1_C0_DEFAULT_N4096_q2_rep1,D1_PUSHSIG_OVERLAP,DUSHMEM,C0_DEFAULT,2048,4096,2048,2,1,80,0,PASS,7501.979,7440.863,7534.310,10995.383,10852.352,11256.668,14434.309,14157.766,16030.647,7507.578,7446.142,7539.910,14356.634,14090.729,15964.091,6898.653,6648.265,7027.924,14436.229,14158.725,16031.608
case417_d1_C0_DEFAULT_N4096_q2_rep2,D1_PUSHSIG_OVERLAP,DUSHMEM,C0_DEFAULT,2048,4096,2048,2,2,80,0,PASS,7508.858,7466.781,7868.519,11007.552,10872.509,12853.998,14435.029,14224.185,16429.635,7514.458,7472.221,7874.119,14362.806,14154.589,16350.920,6877.933,6725.062,7009.686,14436.148,14226.104,16434.115
case418_d1_C0_DEFAULT_N4096_q2_rep3,D1_PUSHSIG_OVERLAP,DUSHMEM,C0_DEFAULT,2048,4096,2048,2,3,80,0,PASS,7507.577,7464.861,10537.170,10992.912,10772.675,14147.046,14409.832,14172.027,17224.633,7513.097,7470.460,10545.008,14336.486,14106.271,17136.799,6874.335,6658.184,6999.606,14411.431,14173.148,17226.711
case419_d1_C0_DEFAULT_N4096_q2_rep4,D1_PUSHSIG_OVERLAP,DUSHMEM,C0_DEFAULT,2048,4096,2048,2,4,80,0,PASS,7499.659,7458.141,7555.109,10976.104,10879.709,11078.897,14413.591,14216.003,14612.621,7505.339,7463.741,7560.549,14339.673,14148.326,14516.786,6888.813,6705.555,7015.287,14413.909,14217.122,14615.021
case420_d1_C0_DEFAULT_N4096_q2_rep5,D1_PUSHSIG_OVERLAP,DUSHMEM,C0_DEFAULT,2048,4096,2048,2,5,80,0,PASS,7505.178,7426.463,7764.537,10992.993,10833.954,13281.813,14414.644,14211.521,16621.148,7510.618,7432.063,7770.137,14335.780,14131.205,16554.592,6860.815,6709.383,8820.624,14415.764,14212.479,16623.070
case421_comm_C0_DEFAULT_N4096_q4_rep1,COMM_ONLY,RCCL,C0_DEFAULT,2048,4096,2048,4,1,80,0,PASS,1033.222,1029.863,1044.741,4077.051,4072.250,4095.770,4082.571,4077.530,4101.369,0.000,0.000,0.000,0.000,0.000,0.000,0.000,0.000,0.000,4088.090,4083.131,4106.809
case422_comm_C0_DEFAULT_N4096_q4_rep2,COMM_ONLY,RCCL,C0_DEFAULT,2048,4096,2048,4,2,80,0,PASS,1034.423,1030.662,1051.941,4079.215,4073.211,4104.410,4084.811,4078.651,4109.850,0.000,0.000,0.000,0.000,0.000,0.000,0.000,0.000,0.000,4090.410,4084.250,4115.449
case423_comm_C0_DEFAULT_N4096_q4_rep3,COMM_ONLY,RCCL,C0_DEFAULT,2048,4096,2048,4,3,80,0,PASS,1033.062,1029.062,1053.061,4075.530,4070.330,4100.251,4081.050,4075.930,4105.848,0.000,0.000,0.000,0.000,0.000,0.000,0.000,0.000,0.000,4086.490,4081.371,4111.290
case424_comm_C0_DEFAULT_N4096_q4_rep4,COMM_ONLY,RCCL,C0_DEFAULT,2048,4096,2048,4,4,80,0,PASS,1032.652,1030.252,1045.452,4076.114,4071.095,4088.998,4081.646,4076.687,4094.438,0.000,0.000,0.000,0.000,0.000,0.000,0.000,0.000,0.000,4087.229,4082.144,4100.038
case425_comm_C0_DEFAULT_N4096_q4_rep5,COMM_ONLY,RCCL,C0_DEFAULT,2048,4096,2048,4,5,80,0,PASS,1033.659,1029.897,1055.348,4079.014,4072.847,4102.940,4084.611,4078.450,4108.223,0.000,0.000,0.000,0.000,0.000,0.000,0.000,0.000,0.000,4090.054,4084.052,4113.825
case426_comm_C2_RING_SIMPLE_CH8_N4096_q4_rep1,COMM_ONLY,RCCL,C2_RING_SIMPLE_CH8,2048,4096,2048,4,1,80,0,PASS,1010.132,1004.614,1023.813,3990.054,3978.778,4014.611,3995.651,3984.378,4020.211,0.000,0.000,0.000,0.000,0.000,0.000,0.000,0.000,0.000,4001.091,3989.978,4025.651
case427_comm_C2_RING_SIMPLE_CH8_N4096_q4_rep2,COMM_ONLY,RCCL,C2_RING_SIMPLE_CH8,2048,4096,2048,4,2,80,0,PASS,1011.543,1005.863,1030.343,3990.980,3979.136,4077.378,3996.579,3984.736,4082.818,0.000,0.000,0.000,0.000,0.000,0.000,0.000,0.000,0.000,4002.019,3990.336,4088.578
case428_comm_C2_RING_SIMPLE_CH8_N4096_q4_rep3,COMM_ONLY,RCCL,C2_RING_SIMPLE_CH8,2048,4096,2048,4,3,80,0,PASS,1009.224,1005.064,1044.581,3988.735,3979.136,4208.404,3994.176,3984.576,4214.004,0.000,0.000,0.000,0.000,0.000,0.000,0.000,0.000,0.000,3999.695,3990.175,4219.443
case429_comm_C2_RING_SIMPLE_CH8_N4096_q4_rep4,COMM_ONLY,RCCL,C2_RING_SIMPLE_CH8,2048,4096,2048,4,4,80,0,PASS,1017.463,1006.183,1043.941,3997.296,3983.456,4080.730,4002.896,3988.896,4086.490,0.000,0.000,0.000,0.000,0.000,0.000,0.000,0.000,0.000,4008.336,3994.335,4092.089
case430_comm_C2_RING_SIMPLE_CH8_N4096_q4_rep5,COMM_ONLY,RCCL,C2_RING_SIMPLE_CH8,2048,4096,2048,4,5,80,0,PASS,1006.984,1004.264,1022.663,3982.017,3976.904,3998.816,3987.540,3982.503,4004.255,0.000,0.000,0.000,0.000,0.000,0.000,0.000,0.000,0.000,3993.216,3988.103,4009.695
case431_gemm_C0_DEFAULT_N4096_q4_rep1,GEMM_ONLY,RCCL,C0_DEFAULT,2048,4096,2048,4,1,80,0,PASS,0.000,0.000,0.000,0.000,0.000,0.000,6101.108,5965.276,6135.177,260.146,238.707,267.185,6094.789,5958.876,6128.937,5840.402,5726.888,5872.311,6107.588,5971.675,6141.576
case432_gemm_C0_DEFAULT_N4096_q4_rep2,GEMM_ONLY,RCCL,C0_DEFAULT,2048,4096,2048,4,2,80,0,PASS,0.000,0.000,0.000,0.000,0.000,0.000,6100.783,6014.232,6140.465,258.226,242.386,266.865,6094.304,6007.993,6134.225,5837.843,5767.526,5878.879,6107.103,6020.472,6146.865
case433_gemm_C0_DEFAULT_N4096_q4_rep3,GEMM_ONLY,RCCL,C0_DEFAULT,2048,4096,2048,4,3,80,0,PASS,0.000,0.000,0.000,0.000,0.000,0.000,6098.782,6016.461,6133.746,257.906,237.907,267.985,6092.383,6010.222,6127.346,5835.762,5766.396,5869.911,6105.182,6022.701,6140.146
case434_gemm_C0_DEFAULT_N4096_q4_rep4,GEMM_ONLY,RCCL,C0_DEFAULT,2048,4096,2048,4,4,80,0,PASS,0.000,0.000,0.000,0.000,0.000,0.000,6104.783,5972.786,6134.536,258.786,238.387,267.986,6098.303,5966.546,6128.296,5841.038,5737.439,5873.751,6111.343,5979.025,6140.936
case435_gemm_C0_DEFAULT_N4096_q4_rep5,GEMM_ONLY,RCCL,C0_DEFAULT,2048,4096,2048,4,5,80,0,PASS,0.000,0.000,0.000,0.000,0.000,0.000,6089.903,5898.878,6128.777,258.786,231.827,267.185,6083.583,5892.798,6122.377,5827.843,5662.411,5867.351,6096.222,5905.117,6135.176
case436_r0_C0_DEFAULT_N4096_q4_rep1,R0_FULL_SERIAL,RCCL,C0_DEFAULT,2048,4096,2048,4,1,80,0,PASS,4064.651,4034.501,4100.569,4064.651,4034.501,4100.569,4070.412,4040.580,4106.649,4080.411,4050.820,4116.728,10826.041,10742.456,10909.627,6760.506,6665.078,6852.256,10831.962,10748.375,10915.227
case437_r0_C0_DEFAULT_N4096_q4_rep2,R0_FULL_SERIAL,RCCL,C0_DEFAULT,2048,4096,2048,4,2,80,0,PASS,4070.767,4038.910,4145.201,4070.767,4038.910,4145.201,4077.171,4044.832,4151.123,4087.414,4054.915,4161.206,10845.465,10689.808,10979.686,6764.071,6641.779,6865.704,10851.068,10695.891,10985.288
case438_r0_C0_DEFAULT_N4096_q4_rep3,R0_FULL_SERIAL,RCCL,C0_DEFAULT,2048,4096,2048,4,3,80,0,PASS,4075.160,4045.870,4141.068,4073.512,4045.870,4141.068,4079.755,4052.270,4147.471,4090.032,4062.037,4158.761,10849.435,10728.193,10963.378,6750.788,6645.316,6848.593,10855.118,10733.956,10969.140
case439_r0_C0_DEFAULT_N4096_q4_rep4,R0_FULL_SERIAL,RCCL,C0_DEFAULT,2048,4096,2048,4,4,80,0,PASS,4060.891,4025.214,4099.769,4060.891,4025.214,4099.769,4066.811,4031.293,4105.848,4076.891,4041.213,4115.768,10830.602,10690.441,10947.225,6763.786,6648.427,6859.454,10836.361,10696.201,10952.665
case440_r0_C0_DEFAULT_N4096_q4_rep5,R0_FULL_SERIAL,RCCL,C0_DEFAULT,2048,4096,2048,4,5,80,0,PASS,4066.011,4033.381,4113.049,4066.011,4033.381,4113.049,4071.770,4039.620,4119.449,4081.851,4049.860,4129.528,10803.953,10710.279,10978.424,6750.980,6645.706,6883.614,10809.633,10716.038,10984.344
case441_rs_C0_DEFAULT_N4096_q4_rep1,RS_SLICE_SERIAL,RCCL,C0_DEFAULT,2048,4096,2048,4,1,80,0,PASS,1067.861,1062.660,1098.498,8375.850,8352.649,8443.846,8382.249,8358.890,8450.246,1077.940,1072.740,1108.898,9766.651,9744.413,9831.769,8698.792,8678.407,8756.151,9772.252,9749.854,9837.208
case442_rs_C0_DEFAULT_N4096_q4_rep2,RS_SLICE_SERIAL,RCCL,C0_DEFAULT,2048,4096,2048,4,2,80,0,PASS,1064.740,1054.341,1085.059,8370.491,8338.893,8409.446,8377.129,8345.453,8416.007,1074.740,1065.860,1095.458,9766.501,9725.695,9820.568,8695.840,8656.153,8749.268,9772.181,9731.137,9826.486
case443_rs_C0_DEFAULT_N4096_q4_rep3,RS_SLICE_SERIAL,RCCL,C0_DEFAULT,2048,4096,2048,4,3,80,0,PASS,1065.700,1058.661,1086.019,8370.410,8337.451,8412.170,8376.649,8343.529,8418.729,1075.699,1068.900,1095.939,9761.693,9717.853,9806.011,8692.633,8649.272,8742.390,9767.292,9724.733,9812.091
case444_rs_C0_DEFAULT_N4096_q4_rep4,RS_SLICE_SERIAL,RCCL,C0_DEFAULT,2048,4096,2048,4,4,80,0,PASS,1069.700,1062.819,1093.378,8375.217,8349.930,8415.048,8381.690,8356.169,8421.608,1079.619,1072.418,1103.138,9767.700,9742.335,9823.129,8695.601,8673.274,8730.870,9773.380,9748.095,9828.889
case445_rs_C0_DEFAULT_N4096_q4_rep5,RS_SLICE_SERIAL,RCCL,C0_DEFAULT,2048,4096,2048,4,5,80,0,PASS,1067.860,1060.420,1086.499,8372.730,8348.013,8424.646,8379.289,8354.413,8430.886,1077.860,1070.979,1096.258,9765.051,9738.971,9811.607,8695.673,8651.674,8745.430,9770.730,9744.411,9817.206
case446_r1_C0_DEFAULT_N4096_q4_rep1,R1_EVENT_OVERLAP,RCCL,C0_DEFAULT,2048,4096,2048,4,1,80,0,PASS,1065.940,1054.820,1089.058,5094.278,5010.118,5224.826,5100.678,5022.918,5232.185,1076.260,1064.580,1099.617,8258.424,8001.312,8439.365,7189.836,6928.090,7362.959,8264.423,8007.391,8445.285
case447_r1_C0_DEFAULT_N4096_q4_rep2,R1_EVENT_OVERLAP,RCCL,C0_DEFAULT,2048,4096,2048,4,2,80,0,PASS,1066.100,1055.780,1086.659,5099.398,5020.357,5216.676,5107.638,5029.958,5224.196,1076.499,1067.779,1096.579,8315.141,7977.951,8444.166,7248.793,6903.612,7379.278,8320.980,7983.711,8451.686
case448_r1_C0_DEFAULT_N4096_q4_rep3,R1_EVENT_OVERLAP,RCCL,C0_DEFAULT,2048,4096,2048,4,3,80,0,PASS,1061.861,1051.141,1080.420,5067.405,4990.759,5223.227,5073.719,5005.959,5230.587,1071.619,1061.381,1091.139,8266.904,7981.792,8458.086,7206.567,6913.864,7399.585,8272.903,7987.711,8464.165
case449_r1_C0_DEFAULT_N4096_q4_rep4,R1_EVENT_OVERLAP,RCCL,C0_DEFAULT,2048,4096,2048,4,4,80,0,PASS,1064.579,1054.667,1085.058,5087.664,5007.163,5226.548,5093.345,5022.985,5233.910,1074.818,1064.910,1096.580,8293.500,7982.376,8444.556,7225.010,6921.588,7386.225,8299.502,7988.298,8450.476
case450_r1_C0_DEFAULT_N4096_q4_rep5,R1_EVENT_OVERLAP,RCCL,C0_DEFAULT,2048,4096,2048,4,5,80,0,PASS,1060.500,1053.701,1080.580,5082.435,4993.969,5199.709,5088.914,5009.958,5205.469,1071.140,1063.780,1091.139,8256.904,7976.366,8449.125,7190.717,6916.571,7374.798,8263.544,7982.446,8455.206
case451_r1_C2_RING_SIMPLE_CH8_N4096_q4_rep1,R1_EVENT_OVERLAP,RCCL,C2_RING_SIMPLE_CH8,2048,4096,2048,4,1,80,0,PASS,1036.822,1027.462,1074.660,4338.397,4325.678,4393.354,4345.837,4333.037,4400.714,1046.981,1038.022,1085.059,8258.097,8217.779,8309.788,7220.002,7174.170,7253.033,8264.257,8223.858,8315.867
case452_r1_C2_RING_SIMPLE_CH8_N4096_q4_rep2,R1_EVENT_OVERLAP,RCCL,C2_RING_SIMPLE_CH8,2048,4096,2048,4,2,80,0,PASS,1036.501,1027.461,1055.621,4337.837,4324.716,4381.362,4345.276,4331.916,4388.881,1046.821,1037.702,1066.020,8256.344,8227.699,8354.252,7216.727,7182.650,7295.443,8262.423,8234.100,8360.172
case453_r1_C2_RING_SIMPLE_CH8_N4096_q4_rep3,R1_EVENT_OVERLAP,RCCL,C2_RING_SIMPLE_CH8,2048,4096,2048,4,3,80,0,PASS,1041.381,1030.822,1062.821,4340.316,4327.437,4388.081,4348.236,4334.957,4395.761,1051.781,1041.062,1072.900,8256.586,8178.260,8303.535,7215.927,7145.691,7251.927,8262.825,8183.860,8309.454
case454_r1_C2_RING_SIMPLE_CH8_N4096_q4_rep4,R1_EVENT_OVERLAP,RCCL,C2_RING_SIMPLE_CH8,2048,4096,2048,4,4,80,0,PASS,1038.262,1028.743,1058.821,4338.081,4326.956,4393.033,4345.596,4334.316,4400.073,1048.341,1039.142,1069.220,8252.104,8193.474,8283.056,7215.042,7162.810,7245.194,8258.344,8199.714,8289.135
case455_r1_C2_RING_SIMPLE_CH8_N4096_q4_rep5,R1_EVENT_OVERLAP,RCCL,C2_RING_SIMPLE_CH8,2048,4096,2048,4,5,80,0,PASS,1037.222,1028.902,1060.420,4338.240,4326.644,4366.956,4345.675,4334.324,4374.635,1047.621,1039.300,1070.500,8255.710,8218.897,8294.415,7215.922,7181.676,7239.114,8261.944,8225.313,8300.335
case456_fc_C0_DEFAULT_N4096_q4_rep1,FC_FCOLLECT_ONLY,DUSHMEM,C0_DEFAULT,2048,4096,2048,4,1,80,0,PASS,11605.748,11421.279,11815.655,11605.748,11421.279,11815.655,11595.508,11411.039,11805.097,0.000,0.000,0.000,0.000,0.000,0.000,0.000,0.000,0.000,11611.347,11426.879,11821.256
case457_fc_C0_DEFAULT_N4096_q4_rep2,FC_FCOLLECT_ONLY,DUSHMEM,C0_DEFAULT,2048,4096,2048,4,2,80,0,PASS,11587.039,11442.557,11799.179,11587.039,11442.557,11799.179,11576.810,11432.798,11788.940,0.000,0.000,0.000,0.000,0.000,0.000,0.000,0.000,0.000,11592.639,11447.996,11804.619
case458_fc_C0_DEFAULT_N4096_q4_rep3,FC_FCOLLECT_ONLY,DUSHMEM,C0_DEFAULT,2048,4096,2048,4,3,80,0,PASS,11591.989,11442.397,11876.933,11591.989,11442.397,11876.933,11581.829,11432.158,11866.694,0.000,0.000,0.000,0.000,0.000,0.000,0.000,0.000,0.000,11597.668,11447.997,11882.373
case459_fc_C0_DEFAULT_N4096_q4_rep4,FC_FCOLLECT_ONLY,DUSHMEM,C0_DEFAULT,2048,4096,2048,4,4,80,0,PASS,11597.769,11461.457,11836.156,11597.769,11461.457,11836.156,11587.450,11450.897,11826.077,0.000,0.000,0.000,0.000,0.000,0.000,0.000,0.000,0.000,11603.689,11467.057,11841.596
case460_fc_C0_DEFAULT_N4096_q4_rep5,FC_FCOLLECT_ONLY,DUSHMEM,C0_DEFAULT,2048,4096,2048,4,5,80,0,PASS,11595.030,11477.437,11845.896,11595.030,11477.437,11845.896,11584.710,11466.717,11835.817,0.000,0.000,0.000,0.000,0.000,0.000,0.000,0.000,0.000,11600.629,11482.876,11851.656
case461_dc_C0_DEFAULT_N4096_q4_rep1,DC_PUSHSIG_ONLY,DUSHMEM,C0_DEFAULT,2048,4096,2048,4,1,80,0,PASS,2664.981,2574.944,2704.268,7551.193,7329.323,8414.367,7564.077,7339.086,8424.771,0.000,0.000,0.000,0.000,0.000,0.000,0.000,0.000,0.000,7562.957,7337.966,8423.489
case462_dc_C0_DEFAULT_N4096_q4_rep2,DC_PUSHSIG_ONLY,DUSHMEM,C0_DEFAULT,2048,4096,2048,4,2,80,0,PASS,2670.309,2568.504,2699.123,7583.618,7390.959,7732.244,7593.142,7400.403,7742.328,0.000,0.000,0.000,0.000,0.000,0.000,0.000,0.000,0.000,7592.502,7401.524,7743.289
case463_dc_C0_DEFAULT_N4096_q4_rep3,DC_PUSHSIG_ONLY,DUSHMEM,C0_DEFAULT,2048,4096,2048,4,3,80,0,PASS,2675.732,2627.715,2700.690,7553.936,7391.842,7662.485,7561.938,7400.324,7673.528,0.000,0.000,0.000,0.000,0.000,0.000,0.000,0.000,0.000,7561.938,7399.204,7672.247
case464_dc_C0_DEFAULT_N4096_q4_rep4,DC_PUSHSIG_ONLY,DUSHMEM,C0_DEFAULT,2048,4096,2048,4,4,80,0,PASS,2656.096,2558.901,2737.771,7488.146,7316.241,7678.782,7497.419,7325.041,7687.422,0.000,0.000,0.000,0.000,0.000,0.000,0.000,0.000,0.000,7496.945,7323.921,7686.141
case465_dc_C0_DEFAULT_N4096_q4_rep5,DC_PUSHSIG_ONLY,DUSHMEM,C0_DEFAULT,2048,4096,2048,4,5,80,0,PASS,2677.534,2628.977,2737.772,7612.306,7478.473,10775.557,7620.625,7486.473,10784.356,0.000,0.000,0.000,0.000,0.000,0.000,0.000,0.000,0.000,7619.506,7485.513,10783.235
case466_d0_C0_DEFAULT_N4096_q4_rep1,D0_FCOLLECT_SERIAL,DUSHMEM,C0_DEFAULT,2048,4096,2048,4,1,80,0,PASS,11584.730,11436.339,11805.415,11584.730,11436.339,11805.415,11590.809,11442.258,11811.495,11600.808,11452.337,11821.734,18353.800,18152.424,18688.871,6745.547,6636.107,6857.854,18359.399,18157.863,18694.311
case467_d0_C0_DEFAULT_N4096_q4_rep2,D0_FCOLLECT_SERIAL,DUSHMEM,C0_DEFAULT,2048,4096,2048,4,2,80,0,PASS,11563.910,11398.879,11780.319,11563.910,11398.879,11780.319,11570.391,11405.279,11786.720,11580.709,11415.518,11797.278,18338.826,18125.414,18614.475,6737.707,6623.787,6836.416,18344.266,18130.852,18619.916
case468_d0_C0_DEFAULT_N4096_q4_rep3,D0_FCOLLECT_SERIAL,DUSHMEM,C0_DEFAULT,2048,4096,2048,4,3,80,0,PASS,11584.970,11486.256,11777.899,11584.970,11486.256,11777.899,11591.051,11492.335,11784.140,11601.050,11502.896,11794.059,18368.890,18188.289,18586.000,6755.379,6639.306,6842.336,18374.411,18193.727,18591.600
case469_d0_C0_DEFAULT_N4096_q4_rep4,D0_FCOLLECT_SERIAL,DUSHMEM,C0_DEFAULT,2048,4096,2048,4,4,80,0,PASS,11543.430,11378.741,11772.299,11543.430,11378.741,11772.299,11549.513,11384.821,11778.858,11559.591,11394.900,11788.938,18327.448,18100.424,18549.871,6770.420,6630.188,6852.256,18332.889,18106.023,18555.311
case470_d0_C0_DEFAULT_N4096_q4_rep5,D0_FCOLLECT_SERIAL,DUSHMEM,C0_DEFAULT,2048,4096,2048,4,5,80,0,PASS,11589.761,11445.435,11883.331,11589.761,11445.435,11883.331,11595.920,11451.194,11888.933,11605.999,11461.116,11899.012,18352.103,18119.301,18656.236,6754.742,6610.188,6854.175,18357.463,18124.740,18661.676
case471_ds_C0_DEFAULT_N4096_q4_rep1,DS_PUSHSIG_SERIAL,DUSHMEM,C0_DEFAULT,2048,4096,2048,4,1,80,0,PASS,7546.470,7456.554,7641.824,11974.617,11875.974,12316.610,13442.925,13324.689,13777.811,7552.069,7461.994,7647.424,13370.861,13257.974,13711.733,5874.630,5841.751,5943.185,13444.125,13325.811,13777.649
case472_ds_C0_DEFAULT_N4096_q4_rep2,DS_PUSHSIG_SERIAL,DUSHMEM,C0_DEFAULT,2048,4096,2048,4,2,80,0,PASS,7541.023,7403.584,7653.343,11983.187,11836.475,12123.660,13453.256,13308.554,13597.979,7546.622,7409.023,7658.943,13382.951,13237.815,13530.623,5873.350,5836.792,5950.226,13455.028,13309.514,13602.435
case473_ds_C0_DEFAULT_N4096_q4_rep3,DS_PUSHSIG_SERIAL,DUSHMEM,C0_DEFAULT,2048,4096,2048,4,3,80,0,PASS,7531.361,7346.716,9215.175,11975.053,11736.854,13695.549,13455.528,13222.361,15289.280,7536.881,7352.156,9220.616,13378.731,13154.995,15080.802,5879.800,5844.835,6038.478,13455.720,13223.643,15290.399
case474_ds_C0_DEFAULT_N4096_q4_rep4,DS_PUSHSIG_SERIAL,DUSHMEM,C0_DEFAULT,2048,4096,2048,4,4,80,0,PASS,7533.590,7384.865,7655.584,11930.692,11787.818,12053.424,13400.689,13250.616,13517.802,7539.030,7390.465,7661.184,13324.303,13187.898,13450.445,5864.390,5840.791,5919.028,13402.129,13250.456,13522.921
case475_ds_C0_DEFAULT_N4096_q4_rep5,DS_PUSHSIG_SERIAL,DUSHMEM,C0_DEFAULT,2048,4096,2048,4,5,80,0,PASS,7572.788,7435.582,7697.661,12011.827,11874.532,13620.539,13468.868,13330.291,15074.859,7578.308,7441.342,7703.100,13398.951,13259.575,15008.303,5865.590,5831.192,5921.907,13470.307,13331.251,15075.980
case476_d1_C0_DEFAULT_N4096_q4_rep1,D1_PUSHSIG_OVERLAP,DUSHMEM,C0_DEFAULT,2048,4096,2048,4,1,80,0,PASS,7549.269,7300.083,10308.399,11992.867,11716.004,14741.277,13468.053,13191.443,17720.607,7554.869,7305.523,10313.999,13389.579,13124.727,16185.360,5895.749,5851.030,5966.226,13470.773,13193.522,17722.529
case477_d1_C0_DEFAULT_N4096_q4_rep2,D1_PUSHSIG_OVERLAP,DUSHMEM,C0_DEFAULT,2048,4096,2048,4,2,80,0,PASS,7533.103,7442.302,9183.501,11973.269,11869.594,14082.409,13431.805,13326.154,15569.848,7538.551,7447.742,9189.101,13360.233,13256.535,15463.292,5861.270,5834.071,5925.907,13431.497,13327.251,15570.968
case478_d1_C0_DEFAULT_N4096_q4_rep3,D1_PUSHSIG_OVERLAP,DUSHMEM,C0_DEFAULT,2048,4096,2048,4,3,80,0,PASS,7538.789,7446.142,7659.263,11965.409,11856.933,12126.839,13426.308,13328.715,13582.140,7544.549,7451.582,7664.703,13352.312,13258.318,13509.023,5871.751,5836.950,5912.629,13426.788,13329.994,13583.260
case479_d1_C0_DEFAULT_N4096_q4_rep4,D1_PUSHSIG_OVERLAP,DUSHMEM,C0_DEFAULT,2048,4096,2048,4,4,80,0,PASS,7530.384,7392.864,7656.704,11970.539,11818.855,12149.739,13452.617,13267.894,13734.933,7535.904,7398.464,7662.303,13368.050,13202.938,13598.140,5884.629,5851.032,5950.236,13452.697,13268.854,13735.894
case480_d1_C0_DEFAULT_N4096_q4_rep5,D1_PUSHSIG_OVERLAP,DUSHMEM,C0_DEFAULT,2048,4096,2048,4,5,80,0,PASS,7540.630,7429.983,9368.435,11982.218,11829.415,15046.996,13458.696,13304.396,16492.834,7546.069,7435.583,9373.875,13385.431,13237.681,16426.119,5884.874,5845.431,8097.625,13459.816,13305.518,16493.955
case481_comm_C0_DEFAULT_N4096_q8_rep1,COMM_ONLY,RCCL,C0_DEFAULT,2048,4096,2048,8,1,80,0,PASS,547.329,544.930,557.089,4232.482,4228.083,4247.931,4238.002,4233.523,4253.370,0.000,0.000,0.000,0.000,0.000,0.000,0.000,0.000,0.000,4243.441,4239.122,4258.970
case482_comm_C0_DEFAULT_N4096_q8_rep2,COMM_ONLY,RCCL,C0_DEFAULT,2048,4096,2048,8,2,80,0,PASS,547.649,545.889,551.488,4230.962,4226.643,4242.162,4236.402,4232.083,4247.602,0.000,0.000,0.000,0.000,0.000,0.000,0.000,0.000,0.000,4241.842,4237.683,4253.042
case483_comm_C0_DEFAULT_N4096_q8_rep3,COMM_ONLY,RCCL,C0_DEFAULT,2048,4096,2048,8,3,80,0,PASS,548.609,545.729,577.407,4235.522,4230.002,4278.160,4241.042,4235.442,4283.600,0.000,0.000,0.000,0.000,0.000,0.000,0.000,0.000,0.000,4246.481,4241.041,4289.359
case484_comm_C0_DEFAULT_N4096_q8_rep4,COMM_ONLY,RCCL,C0_DEFAULT,2048,4096,2048,8,4,80,0,PASS,548.049,546.050,560.608,4232.882,4228.401,4267.120,4238.481,4233.841,4272.560,0.000,0.000,0.000,0.000,0.000,0.000,0.000,0.000,0.000,4243.922,4239.441,4278.160
case485_comm_C0_DEFAULT_N4096_q8_rep5,COMM_ONLY,RCCL,C0_DEFAULT,2048,4096,2048,8,5,80,0,PASS,548.353,545.473,595.889,4234.135,4229.494,4642.435,4239.737,4235.095,4648.037,0.000,0.000,0.000,0.000,0.000,0.000,0.000,0.000,0.000,4245.179,4240.537,4653.479
case486_comm_C2_RING_SIMPLE_CH8_N4096_q8_rep1,COMM_ONLY,RCCL,C2_RING_SIMPLE_CH8,2048,4096,2048,8,1,80,0,PASS,536.238,533.997,565.211,4159.926,4155.291,4195.622,4165.528,4160.893,4201.225,0.000,0.000,0.000,0.000,0.000,0.000,0.000,0.000,0.000,4171.050,4166.336,4206.827
case487_comm_C2_RING_SIMPLE_CH8_N4096_q8_rep2,COMM_ONLY,RCCL,C2_RING_SIMPLE_CH8,2048,4096,2048,8,2,80,0,PASS,536.885,534.006,562.491,4162.748,4155.386,4197.949,4168.427,4160.827,4203.550,0.000,0.000,0.000,0.000,0.000,0.000,0.000,0.000,0.000,4173.871,4166.428,4209.151
case488_comm_C2_RING_SIMPLE_CH8_N4096_q8_rep3,COMM_ONLY,RCCL,C2_RING_SIMPLE_CH8,2048,4096,2048,8,3,80,0,PASS,535.331,533.730,549.890,4159.927,4155.448,4220.083,4165.526,4161.046,4225.523,0.000,0.000,0.000,0.000,0.000,0.000,0.000,0.000,0.000,4171.126,4166.647,4230.963
case489_comm_C2_RING_SIMPLE_CH8_N4096_q8_rep4,COMM_ONLY,RCCL,C2_RING_SIMPLE_CH8,2048,4096,2048,8,4,80,0,PASS,536.290,533.890,549.569,4159.447,4155.126,4173.533,4164.967,4160.726,4178.973,0.000,0.000,0.000,0.000,0.000,0.000,0.000,0.000,0.000,4170.330,4166.325,4184.572
case490_comm_C2_RING_SIMPLE_CH8_N4096_q8_rep5,COMM_ONLY,RCCL,C2_RING_SIMPLE_CH8,2048,4096,2048,8,5,80,0,PASS,535.570,533.570,560.769,4157.767,4154.486,4238.162,4163.207,4159.926,4243.601,0.000,0.000,0.000,0.000,0.000,0.000,0.000,0.000,0.000,4168.807,4165.525,4249.041
case491_gemm_C0_DEFAULT_N4096_q8_rep1,GEMM_ONLY,RCCL,C0_DEFAULT,2048,4096,2048,8,1,80,0,PASS,0.000,0.000,0.000,0.000,0.000,0.000,7134.646,6808.109,7196.728,249.826,230.547,256.466,7128.566,6802.670,7190.649,6881.706,6574.043,6938.011,7140.806,6813.709,7202.968
case492_gemm_C0_DEFAULT_N4096_q8_rep2,GEMM_ONLY,RCCL,C0_DEFAULT,2048,4096,2048,8,2,80,0,PASS,0.000,0.000,0.000,0.000,0.000,0.000,7121.366,6913.864,7204.888,248.547,231.667,259.985,7115.207,6907.944,7198.648,6864.419,6678.196,6938.663,7127.525,6919.784,7211.287
case493_gemm_C0_DEFAULT_N4096_q8_rep3,GEMM_ONLY,RCCL,C0_DEFAULT,2048,4096,2048,8,3,80,0,PASS,0.000,0.000,0.000,0.000,0.000,0.000,7135.131,7023.926,7188.877,248.466,236.147,257.746,7129.051,7017.687,7182.797,6886.979,6778.020,6936.091,7141.291,7030.006,7194.956
case494_gemm_C0_DEFAULT_N4096_q8_rep4,GEMM_ONLY,RCCL,C0_DEFAULT,2048,4096,2048,8,4,80,0,PASS,0.000,0.000,0.000,0.000,0.000,0.000,7130.480,6796.099,7199.928,249.106,231.667,258.386,7124.241,6790.660,7193.848,6878.820,6562.833,6945.383,7136.720,6801.539,7206.328
case495_gemm_C0_DEFAULT_N4096_q8_rep5,GEMM_ONLY,RCCL,C0_DEFAULT,2048,4096,2048,8,5,80,0,PASS,0.000,0.000,0.000,0.000,0.000,0.000,7120.967,6832.897,7211.287,245.586,228.787,256.466,7114.727,6826.977,7205.047,6874.900,6598.190,6948.731,7127.126,6838.816,7217.527
case496_r0_C0_DEFAULT_N4096_q8_rep1,R0_FULL_SERIAL,RCCL,C0_DEFAULT,2048,4096,2048,8,1,80,0,PASS,4069.211,4030.334,4242.003,4069.211,4030.334,4242.003,4075.371,4036.414,4247.922,4085.530,4046.333,4257.842,10840.350,10711.561,10985.004,6777.465,6631.627,6843.456,10845.949,10717.479,10990.762
case497_r0_C0_DEFAULT_N4096_q8_rep2,R0_FULL_SERIAL,RCCL,C0_DEFAULT,2048,4096,2048,8,2,80,0,PASS,4063.225,4035.703,4101.462,4063.225,4035.703,4101.462,4069.238,4041.784,4107.864,4079.632,4052.027,4118.107,10820.017,10704.709,10942.771,6761.423,6655.114,6862.738,10825.619,10710.632,10948.213
case498_r0_C0_DEFAULT_N4096_q8_rep3,R0_FULL_SERIAL,RCCL,C0_DEFAULT,2048,4096,2048,8,3,80,0,PASS,4060.576,4031.133,4096.890,4060.576,4031.133,4096.890,4066.735,4037.693,4103.449,4076.975,4047.453,4113.529,10821.233,10684.678,10931.864,6763.059,6647.638,6876.573,10827.154,10690.438,10938.743
case499_r0_C0_DEFAULT_N4096_q8_rep4,R0_FULL_SERIAL,RCCL,C0_DEFAULT,2048,4096,2048,8,4,80,0,PASS,4061.612,4028.734,4102.009,4061.612,4028.734,4102.009,4067.691,4034.661,4108.409,4077.771,4044.893,4118.648,10840.681,10708.517,10963.083,6771.619,6659.947,6869.215,10846.201,10714.277,10968.824
case500_r0_C0_DEFAULT_N4096_q8_rep5,R0_FULL_SERIAL,RCCL,C0_DEFAULT,2048,4096,2048,8,5,80,0,PASS,4059.372,4034.333,4097.210,4059.372,4034.494,4097.210,4065.371,4040.733,4103.610,4075.371,4050.973,4114.009,10804.035,10703.258,10926.746,6752.507,6630.520,6844.095,10809.724,10709.018,10932.506
case501_rs_C0_DEFAULT_N4096_q8_rep1,RS_SLICE_SERIAL,RCCL,C0_DEFAULT,2048,4096,2048,8,1,80,0,PASS,580.128,569.888,605.406,10186.226,10158.947,10462.294,10192.308,10164.707,10468.854,590.766,579.968,616.286,11017.141,10980.841,11284.487,10438.857,10400.379,10692.839,11022.662,10986.281,11290.088
case502_rs_C0_DEFAULT_N4096_q8_rep2,RS_SLICE_SERIAL,RCCL,C0_DEFAULT,2048,4096,2048,8,2,80,0,PASS,582.447,575.008,607.646,10181.196,10152.071,10287.102,10187.596,10158.471,10293.822,592.606,585.087,618.845,11011.073,10977.623,11107.076,10430.785,10399.435,10502.469,11016.591,10983.222,11112.516
case503_rs_C0_DEFAULT_N4096_q8_rep3,RS_SLICE_SERIAL,RCCL,C0_DEFAULT,2048,4096,2048,8,3,80,0,PASS,568.128,564.608,587.327,10176.869,10150.630,10211.268,10183.349,10157.030,10217.667,578.368,574.848,597.726,11006.903,10974.104,11049.783,10429.506,10395.277,10481.016,11012.423,10979.703,11055.224
case504_rs_C0_DEFAULT_N4096_q8_rep4,RS_SLICE_SERIAL,RCCL,C0_DEFAULT,2048,4096,2048,8,4,80,0,PASS,581.487,576.608,596.446,10187.828,10154.312,10240.385,10193.988,10161.030,10246.624,591.807,587.007,607.325,11017.313,10981.304,11073.299,10438.935,10406.616,10481.831,11022.983,10986.904,11078.738
case505_rs_C0_DEFAULT_N4096_q8_rep5,RS_SLICE_SERIAL,RCCL,C0_DEFAULT,2048,4096,2048,8,5,80,0,PASS,571.247,564.768,587.647,10177.838,10154.313,10215.925,10184.308,10160.712,10222.483,581.727,574.847,597.727,11003.542,10979.866,11052.021,10427.977,10407.097,10463.111,11009.462,10985.306,11057.620
case506_r1_C0_DEFAULT_N4096_q8_rep1,R1_EVENT_OVERLAP,RCCL,C0_DEFAULT,2048,4096,2048,8,1,80,0,PASS,581.326,572.287,597.727,5228.827,5084.034,5347.700,5235.466,5091.714,5354.740,592.046,582.686,607.966,8760.876,8542.401,9003.975,8177.788,7960.514,8410.729,8766.875,8548.001,9009.896
case507_r1_C0_DEFAULT_N4096_q8_rep2,R1_EVENT_OVERLAP,RCCL,C0_DEFAULT,2048,4096,2048,8,2,80,0,PASS,570.608,559.168,588.927,5228.111,5079.235,5334.901,5236.511,5084.835,5341.620,580.606,569.728,598.847,8738.788,8534.734,8945.896,8155.704,7973.167,8366.729,8744.788,8540.334,8951.976
case508_r1_C0_DEFAULT_N4096_q8_rep3,R1_EVENT_OVERLAP,RCCL,C0_DEFAULT,2048,4096,2048,8,3,80,0,PASS,571.968,565.409,599.646,5226.266,5122.440,5315.862,5233.307,5128.360,5321.782,582.767,576.928,610.845,8788.152,8550.895,8953.100,8212.905,7971.246,8377.784,8794.073,8556.976,8959.979
case509_r1_C0_DEFAULT_N4096_q8_rep4,R1_EVENT_OVERLAP,RCCL,C0_DEFAULT,2048,4096,2048,8,4,80,0,PASS,570.871,566.554,593.279,5231.140,4912.341,5352.289,5239.237,4919.543,5359.170,581.193,576.796,604.162,8766.817,8590.944,8965.424,8185.626,8011.749,8387.991,8772.738,8596.865,8971.186
case510_r1_C0_DEFAULT_N4096_q8_rep5,R1_EVENT_OVERLAP,RCCL,C0_DEFAULT,2048,4096,2048,8,5,80,0,PASS,572.574,567.932,599.467,5238.889,5102.423,5318.519,5248.969,5108.185,5329.884,583.138,578.177,609.871,8775.099,8544.912,8966.695,8194.681,7976.660,8383.237,8781.023,8550.834,8972.458
case511_r1_C2_RING_SIMPLE_CH8_N4096_q8_rep1,R1_EVENT_OVERLAP,RCCL,C2_RING_SIMPLE_CH8,2048,4096,2048,8,1,80,0,PASS,565.968,561.249,581.728,4933.006,4639.911,5170.113,4938.926,4647.110,5177.473,576.767,571.328,592.287,8616.091,8461.609,8828.790,8049.082,7875.723,8246.582,8622.250,8467.529,8836.149
case512_r1_C2_RING_SIMPLE_CH8_N4096_q8_rep2,R1_EVENT_OVERLAP,RCCL,C2_RING_SIMPLE_CH8,2048,4096,2048,8,2,80,0,PASS,557.168,552.929,589.408,4923.644,4648.220,5206.588,4930.123,4655.100,5213.628,567.648,563.168,600.447,8611.444,8426.901,8852.464,8041.069,7853.798,8297.148,8617.604,8433.142,8858.703
case513_r1_C2_RING_SIMPLE_CH8_N4096_q8_rep3,R1_EVENT_OVERLAP,RCCL,C2_RING_SIMPLE_CH8,2048,4096,2048,8,3,80,0,PASS,570.688,558.049,595.486,4924.128,4628.700,5204.827,4930.048,4635.579,5212.187,581.088,568.288,605.886,8616.885,8407.542,8882.860,8040.189,7826.934,8309.292,8622.884,8413.462,8888.620
case514_r1_C2_RING_SIMPLE_CH8_N4096_q8_rep4,R1_EVENT_OVERLAP,RCCL,C2_RING_SIMPLE_CH8,2048,4096,2048,8,4,80,0,PASS,564.769,558.689,584.767,4916.289,4628.220,5187.077,4922.688,4635.099,5195.556,575.088,569.088,595.166,8608.085,8417.622,8820.159,8045.322,7858.452,8259.391,8614.004,8424.502,8826.238
case515_r1_C2_RING_SIMPLE_CH8_N4096_q8_rep5,R1_EVENT_OVERLAP,RCCL,C2_RING_SIMPLE_CH8,2048,4096,2048,8,5,80,0,PASS,559.168,552.129,578.847,4915.968,4635.587,5129.481,4921.728,4642.627,5137.801,569.328,562.688,588.927,8591.845,8416.487,8815.521,8033.316,7815.243,8257.471,8597.764,8422.248,8821.439
case516_fc_C0_DEFAULT_N4096_q8_rep1,FC_FCOLLECT_ONLY,DUSHMEM,C0_DEFAULT,2048,4096,2048,8,1,80,0,PASS,11610.157,11462.876,11787.498,11610.157,11462.876,11787.498,11600.146,11452.476,11776.938,0.000,0.000,0.000,0.000,0.000,0.000,0.000,0.000,0.000,11615.746,11468.635,11792.938
case517_fc_C0_DEFAULT_N4096_q8_rep2,FC_FCOLLECT_ONLY,DUSHMEM,C0_DEFAULT,2048,4096,2048,8,2,80,0,PASS,11589.998,11449.921,11735.681,11589.998,11449.921,11735.681,11579.600,11439.361,11725.763,0.000,0.000,0.000,0.000,0.000,0.000,0.000,0.000,0.000,11595.519,11455.361,11741.280
case518_fc_C0_DEFAULT_N4096_q8_rep3,FC_FCOLLECT_ONLY,DUSHMEM,C0_DEFAULT,2048,4096,2048,8,3,80,0,PASS,11599.289,11491.854,11879.514,11599.289,11491.854,11879.514,11589.051,11481.776,11868.954,0.000,0.000,0.000,0.000,0.000,0.000,0.000,0.000,0.000,11604.889,11497.595,11885.273
case519_fc_C0_DEFAULT_N4096_q8_rep4,FC_FCOLLECT_ONLY,DUSHMEM,C0_DEFAULT,2048,4096,2048,8,4,80,0,PASS,11574.392,11448.319,11729.423,11574.392,11448.319,11729.423,11564.153,11438.080,11719.020,0.000,0.000,0.000,0.000,0.000,0.000,0.000,0.000,0.000,11580.072,11453.916,11735.022
case520_fc_C0_DEFAULT_N4096_q8_rep5,FC_FCOLLECT_ONLY,DUSHMEM,C0_DEFAULT,2048,4096,2048,8,5,80,0,PASS,11621.263,11421.755,11809.253,11621.263,11421.755,11809.253,11610.544,11411.194,11798.533,0.000,0.000,0.000,0.000,0.000,0.000,0.000,0.000,0.000,11626.784,11427.194,11814.852
case521_dc_C0_DEFAULT_N4096_q8_rep1,DC_PUSHSIG_ONLY,DUSHMEM,C0_DEFAULT,2048,4096,2048,8,1,80,0,PASS,1361.383,1184.850,11038.192,11100.581,7338.743,16316.076,11109.863,7347.225,16326.318,0.000,0.000,0.000,0.000,0.000,0.000,0.000,0.000,0.000,11114.985,7348.506,16325.039
case522_dc_C0_DEFAULT_N4096_q8_rep2,DC_PUSHSIG_ONLY,DUSHMEM,C0_DEFAULT,2048,4096,2048,8,2,80,0,PASS,1361.008,1185.126,8353.552,11042.749,7373.287,16267.794,11051.231,7382.890,16277.718,0.000,0.000,0.000,0.000,0.000,0.000,0.000,0.000,0.000,11050.031,7384.010,16281.557
case523_dc_C0_DEFAULT_N4096_q8_rep3,DC_PUSHSIG_ONLY,DUSHMEM,C0_DEFAULT,2048,4096,2048,8,3,80,0,PASS,1359.286,1179.936,3178.542,11881.411,7184.876,15738.156,11890.931,7194.955,15747.915,0.000,0.000,0.000,0.000,0.000,0.000,0.000,0.000,0.000,11889.731,7196.875,15746.795
case524_dc_C0_DEFAULT_N4096_q8_rep4,DC_PUSHSIG_ONLY,DUSHMEM,C0_DEFAULT,2048,4096,2048,8,4,80,0,PASS,1358.006,1201.693,4870.287,10924.185,7545.029,15836.098,10932.905,7554.469,15746.316,0.000,0.000,0.000,0.000,0.000,0.000,0.000,0.000,0.000,10946.584,7555.749,15841.697
case525_dc_C0_DEFAULT_N4096_q8_rep5,DC_PUSHSIG_ONLY,DUSHMEM,C0_DEFAULT,2048,4096,2048,8,5,80,0,PASS,1359.926,1182.656,4362.155,11707.101,7381.038,17419.500,11716.300,7390.478,16185.169,0.000,0.000,0.000,0.000,0.000,0.000,0.000,0.000,0.000,11717.659,7392.398,17428.299
case526_d0_C0_DEFAULT_N4096_q8_rep1,D0_FCOLLECT_SERIAL,DUSHMEM,C0_DEFAULT,2048,4096,2048,8,1,80,0,PASS,11575.919,11407.539,13663.098,11575.919,11407.539,13663.098,11581.850,11413.779,13669.177,11591.998,11424.178,13679.416,18354.905,18123.014,20484.611,6756.740,6640.428,6840.576,18360.267,18128.455,20490.051
case527_d0_C0_DEFAULT_N4096_q8_rep2,D0_FCOLLECT_SERIAL,DUSHMEM,C0_DEFAULT,2048,4096,2048,8,2,80,0,PASS,11585.280,11438.238,11814.697,11585.280,11438.238,11814.697,11591.279,11444.955,11821.257,11601.439,11454.875,11831.336,18363.143,18196.576,20006.234,6747.307,6644.108,6845.854,18368.583,18202.178,20011.836
case528_d0_C0_DEFAULT_N4096_q8_rep3,D0_FCOLLECT_SERIAL,DUSHMEM,C0_DEFAULT,2048,4096,2048,8,3,80,0,PASS,11574.961,11459.677,11855.815,11574.961,11459.677,11855.815,11581.440,11466.237,11861.575,11591.839,11476.476,11871.674,18357.944,18158.660,18644.072,6757.060,6610.028,6837.375,18363.383,18164.100,18649.672
case529_d0_C0_DEFAULT_N4096_q8_rep4,D0_FCOLLECT_SERIAL,DUSHMEM,C0_DEFAULT,2048,4096,2048,8,4,80,0,PASS,11580.709,11452.475,11752.479,11580.709,11452.475,11752.479,11586.709,11458.416,11758.399,11597.028,11468.655,11768.301,18332.202,18194.500,18553.199,6739.708,6577.870,6832.417,18337.722,18200.100,18558.639
case530_d0_C0_DEFAULT_N4096_q8_rep5,D0_FCOLLECT_SERIAL,DUSHMEM,C0_DEFAULT,2048,4096,2048,8,5,80,0,PASS,11575.359,11425.299,11752.961,11575.359,11425.299,11752.961,11581.359,11432.019,11758.880,11591.438,11442.098,11768.480,18347.530,18145.865,18597.996,6752.181,6627.468,6831.297,18352.969,18151.305,18603.596
case531_ds_C0_DEFAULT_N4096_q8_rep1,DS_PUSHSIG_SERIAL,DUSHMEM,C0_DEFAULT,2048,4096,2048,8,1,80,0,PASS,13990.093,8965.896,16301.802,20854.030,16743.539,23174.219,21820.552,17673.885,24515.422,13995.613,8971.657,16307.081,21692.539,17606.850,23985.533,10328.059,7361.985,15340.443,21824.311,17676.926,24516.541
case532_ds_C0_DEFAULT_N4096_q8_rep2,DS_PUSHSIG_SERIAL,DUSHMEM,C0_DEFAULT,2048,4096,2048,8,2,80,0,PASS,13604.769,7530.456,17572.934,20878.844,16249.647,24312.867,21848.247,17187.992,25327.088,13610.368,7535.736,17578.375,21714.190,17104.316,25153.143,10586.447,7417.023,15931.316,21849.688,17194.229,25331.088
case533_ds_C0_DEFAULT_N4096_q8_rep3,DS_PUSHSIG_SERIAL,DUSHMEM,C0_DEFAULT,2048,4096,2048,8,3,80,0,PASS,13368.410,7340.696,16111.786,20457.091,16296.509,22644.283,21378.859,17189.064,23548.844,13373.932,7346.138,16117.228,21305.950,17120.873,23479.695,10233.349,7405.845,14573.503,21382.622,17190.984,23551.406
case534_ds_C0_DEFAULT_N4096_q8_rep4,DS_PUSHSIG_SERIAL,DUSHMEM,C0_DEFAULT,2048,4096,2048,8,4,80,0,PASS,13785.960,7805.058,16945.658,20827.086,16033.273,23611.174,21741.097,16936.330,24627.346,13791.560,7811.458,16951.258,21665.895,16868.008,24419.027,10249.779,7367.132,14851.318,21745.418,16938.891,24629.426
case535_ds_C0_DEFAULT_N4096_q8_rep5,DS_PUSHSIG_SERIAL,DUSHMEM,C0_DEFAULT,2048,4096,2048,8,5,80,0,PASS,13174.231,7176.731,16117.684,20274.618,13982.896,22681.607,21192.486,14873.727,23601.557,13179.831,7182.331,16123.281,21113.130,14803.011,23519.641,9203.084,7380.224,14378.100,21198.085,14880.446,23606.355
case536_d1_C0_DEFAULT_N4096_q8_rep1,D1_PUSHSIG_OVERLAP,DUSHMEM,C0_DEFAULT,2048,4096,2048,8,1,80,0,PASS,14231.040,8979.976,16460.518,21012.201,16152.210,26293.721,22057.420,17053.604,27271.105,14236.561,8985.575,16466.117,21853.675,16986.088,27195.748,10861.959,7433.022,15337.886,22059.660,17064.645,27272.064
case537_d1_C0_DEFAULT_N4096_q8_rep2,D1_PUSHSIG_OVERLAP,DUSHMEM,C0_DEFAULT,2048,4096,2048,8,2,80,0,PASS,13739.467,7790.442,18227.773,20605.501,15374.175,24762.127,21563.429,16295.883,25674.076,13745.147,7796.041,18233.373,21435.853,16223.247,25599.199,10303.582,7398.946,15009.423,21565.268,16297.003,25675.035
case538_d1_C0_DEFAULT_N4096_q8_rep3,D1_PUSHSIG_OVERLAP,DUSHMEM,C0_DEFAULT,2048,4096,2048,8,3,80,0,PASS,13637.633,7505.817,17889.551,21183.689,15053.712,24818.605,22082.518,15965.182,25706.396,13643.314,7511.417,17894.832,22014.602,15894.145,25641.279,10890.115,7344.705,15962.141,22083.718,15965.021,25708.316
case539_d1_C0_DEFAULT_N4096_q8_rep4,D1_PUSHSIG_OVERLAP,DUSHMEM,C0_DEFAULT,2048,4096,2048,8,4,80,0,PASS,13547.878,9349.393,17524.775,20755.653,16547.871,29363.631,21922.927,17486.408,30253.020,13553.477,9354.993,17530.375,21575.768,17385.584,30186.625,10423.815,7374.305,15926.943,21928.687,17489.449,30255.738
case540_d1_C0_DEFAULT_N4096_q8_rep5,D1_PUSHSIG_OVERLAP,DUSHMEM,C0_DEFAULT,2048,4096,2048,8,5,80,0,PASS,13864.501,8048.988,17739.639,20537.824,16990.564,24293.031,21495.291,17911.793,25826.865,13870.100,8054.588,17745.238,21367.538,17837.875,25118.744,10016.717,7380.224,15002.036,21497.293,17912.592,25827.666
case541_comm_C0_DEFAULT_N2048_q16_rep1,COMM_ONLY,RCCL,C0_DEFAULT,2048,2048,2048,16,1,80,0,PASS,311.262,300.943,315.182,4547.105,4536.866,4560.065,4552.705,4542.465,4565.664,0.000,0.000,0.000,0.000,0.000,0.000,0.000,0.000,0.000,4558.224,4548.065,4571.424
case542_comm_C0_DEFAULT_N2048_q16_rep2,COMM_ONLY,RCCL,C0_DEFAULT,2048,2048,2048,16,2,80,0,PASS,301.903,299.984,310.863,4542.626,4536.545,4556.065,4548.149,4542.145,4561.824,0.000,0.000,0.000,0.000,0.000,0.000,0.000,0.000,0.000,4553.665,4547.585,4567.424
case543_comm_C0_DEFAULT_N2048_q16_rep3,COMM_ONLY,RCCL,C0_DEFAULT,2048,2048,2048,16,3,80,0,PASS,310.462,300.624,315.822,4548.869,4536.866,4571.103,4554.389,4542.466,4576.703,0.000,0.000,0.000,0.000,0.000,0.000,0.000,0.000,0.000,4559.908,4548.225,4582.143
case544_comm_C0_DEFAULT_N2048_q16_rep4,COMM_ONLY,RCCL,C0_DEFAULT,2048,2048,2048,16,4,80,0,PASS,301.329,299.729,315.091,4545.300,4538.326,4594.998,4550.820,4543.935,4600.599,0.000,0.000,0.000,0.000,0.000,0.000,0.000,0.000,0.000,4556.341,4549.376,4606.200
case545_comm_C0_DEFAULT_N2048_q16_rep5,COMM_ONLY,RCCL,C0_DEFAULT,2048,2048,2048,16,5,80,0,PASS,302.142,300.222,312.544,4546.532,4539.340,4564.623,4552.205,4544.781,4570.224,0.000,0.000,0.000,0.000,0.000,0.000,0.000,0.000,0.000,4557.806,4550.223,4575.665
case546_comm_C2_RING_SIMPLE_CH8_N2048_q16_rep1,COMM_ONLY,RCCL,C2_RING_SIMPLE_CH8,2048,2048,2048,16,1,80,0,PASS,300.863,296.783,320.782,4510.306,4503.427,4550.305,4515.747,4508.867,4555.745,0.000,0.000,0.000,0.000,0.000,0.000,0.000,0.000,0.000,4521.346,4514.307,4561.344
case547_comm_C2_RING_SIMPLE_CH8_N2048_q16_rep2,COMM_ONLY,RCCL,C2_RING_SIMPLE_CH8,2048,2048,2048,16,2,80,0,PASS,298.703,297.104,308.303,4509.506,4504.066,4519.427,4514.947,4509.666,4524.867,0.000,0.000,0.000,0.000,0.000,0.000,0.000,0.000,0.000,4520.466,4515.265,4530.627
case548_comm_C2_RING_SIMPLE_CH8_N2048_q16_rep3,COMM_ONLY,RCCL,C2_RING_SIMPLE_CH8,2048,2048,2048,16,3,80,0,PASS,310.383,298.383,315.183,4522.627,4506.786,4547.265,4528.147,4512.386,4552.705,0.000,0.000,0.000,0.000,0.000,0.000,0.000,0.000,0.000,4533.746,4517.986,4558.464
case549_comm_C2_RING_SIMPLE_CH8_N2048_q16_rep4,COMM_ONLY,RCCL,C2_RING_SIMPLE_CH8,2048,2048,2048,16,4,80,0,PASS,313.903,302.223,324.302,4521.186,4507.747,4536.394,4526.786,4513.187,4542.153,0.000,0.000,0.000,0.000,0.000,0.000,0.000,0.000,0.000,4532.386,4518.787,4547.593
case550_comm_C2_RING_SIMPLE_CH8_N2048_q16_rep5,COMM_ONLY,RCCL,C2_RING_SIMPLE_CH8,2048,2048,2048,16,5,80,0,PASS,307.743,298.063,319.342,4513.514,4506.307,4528.546,4519.034,4511.754,4533.985,0.000,0.000,0.000,0.000,0.000,0.000,0.000,0.000,0.000,4524.630,4517.354,4539.585
case551_gemm_C0_DEFAULT_N2048_q16_rep1,GEMM_ONLY,RCCL,C0_DEFAULT,2048,2048,2048,16,1,80,0,PASS,0.000,0.000,0.000,0.000,0.000,0.000,3710.512,3627.476,3725.717,123.353,112.634,131.513,3704.672,3621.877,3719.957,3583.164,3510.364,3597.084,3716.592,3632.916,3731.636
case552_gemm_C0_DEFAULT_N2048_q16_rep2,GEMM_ONLY,RCCL,C0_DEFAULT,2048,2048,2048,16,2,80,0,PASS,0.000,0.000,0.000,0.000,0.000,0.000,3705.396,3592.918,3734.837,121.593,111.994,128.953,3699.155,3587.319,3728.757,3579.642,3471.325,3607.004,3711.315,3598.358,3740.756
case553_gemm_C0_DEFAULT_N2048_q16_rep3,GEMM_ONLY,RCCL,C0_DEFAULT,2048,2048,2048,16,3,80,0,PASS,0.000,0.000,0.000,0.000,0.000,0.000,3700.995,3592.439,11786.860,120.474,110.874,128.953,3695.075,3586.999,11781.420,3576.443,3476.125,11672.306,3706.836,3598.039,11792.620
case554_gemm_C0_DEFAULT_N2048_q16_rep4,GEMM_ONLY,RCCL,C0_DEFAULT,2048,2048,2048,16,4,80,0,PASS,0.000,0.000,0.000,0.000,0.000,0.000,3708.675,3593.399,3726.517,122.233,111.673,129.912,3702.916,3587.959,3720.758,3581.965,3478.525,3599.804,3714.435,3598.998,3732.437
case555_gemm_C0_DEFAULT_N2048_q16_rep5,GEMM_ONLY,RCCL,C0_DEFAULT,2048,2048,2048,16,5,80,0,PASS,0.000,0.000,0.000,0.000,0.000,0.000,3700.433,3598.844,3718.678,121.753,111.994,130.232,3694.673,3593.244,3712.918,3576.439,3483.010,3595.164,3706.678,3604.283,3724.438
case556_rs_C0_DEFAULT_N2048_q16_rep1,RS_SLICE_SERIAL,RCCL,C0_DEFAULT,2048,2048,2048,16,1,80,0,PASS,334.382,330.862,348.141,8114.184,8091.067,8148.022,8120.504,8097.625,8154.422,344.941,341.101,358.380,8335.452,8314.253,8372.010,8001.324,7977.152,8037.308,8341.051,8320.012,8377.610
case557_rs_C0_DEFAULT_N2048_q16_rep2,RS_SLICE_SERIAL,RCCL,C0_DEFAULT,2048,2048,2048,16,2,80,0,PASS,335.669,330.707,366.403,8111.838,8088.709,8210.682,8118.481,8095.272,8217.245,346.073,340.791,377.127,8333.616,8310.247,8427.578,8001.150,7980.514,8043.408,8339.139,8315.690,8433.181
case558_rs_C0_DEFAULT_N2048_q16_rep3,RS_SLICE_SERIAL,RCCL,C0_DEFAULT,2048,2048,2048,16,3,80,0,PASS,336.897,331.780,359.786,8109.903,8090.568,8202.350,8116.284,8097.065,8208.593,347.224,342.019,370.029,8332.934,8312.104,8421.293,8005.771,7983.273,8068.726,8338.615,8317.545,8426.896
case559_rs_C0_DEFAULT_N2048_q16_rep4,RS_SLICE_SERIAL,RCCL,C0_DEFAULT,2048,2048,2048,16,4,80,0,PASS,334.221,331.182,342.541,8109.871,8092.666,8224.819,8116.351,8099.066,8231.378,344.620,342.061,352.620,8330.338,8311.854,8445.287,7996.991,7976.192,8110.745,8335.939,8317.612,8450.728
case560_rs_C0_DEFAULT_N2048_q16_rep5,RS_SLICE_SERIAL,RCCL,C0_DEFAULT,2048,2048,2048,16,5,80,0,PASS,333.981,330.701,351.660,8101.225,8084.506,8139.543,8107.545,8091.065,8146.423,344.380,340.941,361.579,8324.572,8305.771,8356.492,7990.125,7972.686,8018.429,8330.092,8311.053,8362.092
case561_r1_C0_DEFAULT_N2048_q16_rep1,R1_EVENT_OVERLAP,RCCL,C0_DEFAULT,2048,2048,2048,16,1,80,0,PASS,330.221,324.941,336.621,5458.174,5432.656,5492.174,5464.334,5438.736,5498.573,340.781,335.181,347.500,5824.479,5790.076,5862.391,5489.052,5460.014,5529.610,5830.078,5795.675,5867.991
case562_r1_C0_DEFAULT_N2048_q16_rep2,R1_EVENT_OVERLAP,RCCL,C0_DEFAULT,2048,2048,2048,16,2,80,0,PASS,331.022,321.582,335.981,5472.334,5425.458,5504.651,5478.334,5431.857,5510.571,341.901,332.301,347.021,5838.472,5789.126,5879.030,5495.453,5460.974,5544.648,5843.913,5794.886,5884.630
case563_r1_C0_DEFAULT_N2048_q16_rep3,R1_EVENT_OVERLAP,RCCL,C0_DEFAULT,2048,2048,2048,16,3,80,0,PASS,331.981,327.662,361.100,5460.580,5423.536,5948.149,5467.619,5429.935,5954.228,342.381,338.381,371.659,5826.553,5783.676,6301.089,5489.537,5453.135,5903.511,5832.073,5789.116,6306.689
case564_r1_C0_DEFAULT_N2048_q16_rep4,R1_EVENT_OVERLAP,RCCL,C0_DEFAULT,2048,2048,2048,16,4,80,0,PASS,329.821,308.943,337.421,5444.975,5411.857,5472.652,5451.135,5417.937,5479.052,340.541,319.342,348.300,5813.435,5775.517,5844.154,5482.733,5446.575,5507.213,5818.876,5781.277,5849.754
case565_r1_C0_DEFAULT_N2048_q16_rep5,R1_EVENT_OVERLAP,RCCL,C0_DEFAULT,2048,2048,2048,16,5,80,0,PASS,336.701,316.462,348.941,5460.735,5438.094,5498.891,5466.894,5444.335,5504.970,347.980,326.861,360.140,5824.874,5796.636,5877.111,5485.692,5467.694,5531.690,5830.553,5802.394,5882.550
case566_r1_C2_RING_SIMPLE_CH8_N2048_q16_rep1,R1_EVENT_OVERLAP,RCCL,C2_RING_SIMPLE_CH8,2048,2048,2048,16,1,80,0,PASS,325.902,311.823,336.461,5084.914,5064.204,5111.073,5091.394,5070.764,5117.313,336.301,322.702,346.861,6138.138,6111.989,6177.895,5812.078,5788.325,5844.154,6143.738,6117.589,6183.335
case567_r1_C2_RING_SIMPLE_CH8_N2048_q16_rep2,R1_EVENT_OVERLAP,RCCL,C2_RING_SIMPLE_CH8,2048,2048,2048,16,2,80,0,PASS,323.742,310.223,332.461,5080.356,5060.037,5114.753,5086.760,5066.436,5120.993,333.901,320.942,342.381,6131.182,6106.217,6191.184,5809.599,5788.476,5875.832,6136.702,6111.817,6196.624
case568_r1_C2_RING_SIMPLE_CH8_N2048_q16_rep3,R1_EVENT_OVERLAP,RCCL,C2_RING_SIMPLE_CH8,2048,2048,2048,16,3,80,0,PASS,327.502,314.863,335.661,5092.999,5067.075,5135.232,5099.399,5073.315,5141.312,338.301,325.582,346.061,6147.575,6114.378,6188.935,5819.278,5788.477,5849.914,6153.176,6119.817,6194.694
case569_r1_C2_RING_SIMPLE_CH8_N2048_q16_rep4,R1_EVENT_OVERLAP,RCCL,C2_RING_SIMPLE_CH8,2048,2048,2048,16,4,80,0,PASS,330.823,326.181,338.025,5093.744,5068.936,5124.640,5100.066,5075.489,5130.882,341.226,336.745,348.589,6146.563,6119.698,6192.797,5816.384,5792.190,5852.724,6152.084,6125.299,6198.239
case570_r1_C2_RING_SIMPLE_CH8_N2048_q16_rep5,R1_EVENT_OVERLAP,RCCL,C2_RING_SIMPLE_CH8,2048,2048,2048,16,5,80,0,PASS,324.222,306.224,332.941,5083.159,5054.917,5163.071,5089.639,5061.317,5169.470,334.621,316.943,342.860,6135.341,6108.457,6200.933,5809.119,5793.435,5873.911,6140.860,6113.897,6206.373
case571_dc_C0_DEFAULT_N2048_q16_rep1,DC_PUSHSIG_ONLY,DUSHMEM,C0_DEFAULT,2048,2048,2048,16,1,80,0,PASS,661.724,638.205,9967.617,15534.006,7695.888,18234.176,15543.366,7706.287,18244.574,0.000,0.000,0.000,0.000,0.000,0.000,0.000,0.000,0.000,15546.245,7705.167,18243.293
case572_dc_C0_DEFAULT_N2048_q16_rep2,DC_PUSHSIG_ONLY,DUSHMEM,C0_DEFAULT,2048,2048,2048,16,2,80,0,PASS,4852.528,634.206,11785.438,15029.475,8000.992,19853.318,15036.995,8010.751,19398.465,0.000,0.000,0.000,0.000,0.000,0.000,0.000,0.000,0.000,15106.765,8238.897,19858.760
case573_dc_C0_DEFAULT_N2048_q16_rep3,DC_PUSHSIG_ONLY,DUSHMEM,C0_DEFAULT,2048,2048,2048,16,3,80,0,PASS,3811.389,642.205,10013.534,15000.436,7493.178,17757.082,14924.936,7513.177,17568.932,0.000,0.000,0.000,0.000,0.000,0.000,0.000,0.000,0.000,15013.557,7514.297,17768.119
case574_dc_C0_DEFAULT_N2048_q16_rep4,DC_PUSHSIG_ONLY,DUSHMEM,C0_DEFAULT,2048,2048,2048,16,4,80,0,PASS,9075.650,656.924,11016.662,15101.631,8800.146,20598.520,14486.800,7630.306,19282.436,0.000,0.000,0.000,0.000,0.000,0.000,0.000,0.000,0.000,15109.871,8810.545,20614.520
case575_dc_C0_DEFAULT_N2048_q16_rep5,DC_PUSHSIG_ONLY,DUSHMEM,C0_DEFAULT,2048,2048,2048,16,5,80,0,PASS,670.284,639.164,10353.338,14735.093,7590.134,21035.455,14475.760,7599.574,19454.424,0.000,0.000,0.000,0.000,0.000,0.000,0.000,0.000,0.000,14742.533,7600.694,21044.096
case576_ds_C0_DEFAULT_N2048_q16_rep1,DS_PUSHSIG_SERIAL,DUSHMEM,C0_DEFAULT,2048,2048,2048,16,1,80,0,PASS,15703.051,9125.888,17989.100,21812.216,19331.557,30625.955,22520.915,19618.260,30990.152,15708.491,9131.487,17994.381,22046.443,19564.344,30864.342,14165.363,5482.253,18183.330,22520.755,19621.299,30990.312
case577_ds_C0_DEFAULT_N2048_q16_rep2,DS_PUSHSIG_SERIAL,DUSHMEM,C0_DEFAULT,2048,2048,2048,16,2,80,0,PASS,15829.352,8864.944,18901.338,21500.569,19361.346,29486.980,22039.564,19916.320,29789.842,15834.791,8870.383,18906.779,21733.677,19591.412,29723.924,13734.052,6579.790,18081.381,22040.043,19916.160,29790.961
case578_ds_C0_DEFAULT_N2048_q16_rep3,DS_PUSHSIG_SERIAL,DUSHMEM,C0_DEFAULT,2048,2048,2048,16,3,80,0,PASS,14497.427,9409.567,20070.389,23446.603,18620.553,25922.588,23788.980,19066.773,29266.355,14502.947,9415.008,20075.828,23685.786,18847.420,26150.098,14637.123,5293.622,17001.283,23790.899,19066.611,29275.316
case579_ds_C0_DEFAULT_N2048_q16_rep4,DS_PUSHSIG_SERIAL,DUSHMEM,C0_DEFAULT,2048,2048,2048,16,4,80,0,PASS,16010.872,9055.187,19295.561,23487.580,19359.875,29386.400,23865.159,20424.451,29659.504,16016.312,9060.946,19312.838,23773.986,20303.344,29612.148,15175.385,8693.767,18539.473,23865.798,20424.291,29659.664
case580_ds_C0_DEFAULT_N2048_q16_rep5,DS_PUSHSIG_SERIAL,DUSHMEM,C0_DEFAULT,2048,2048,2048,16,5,80,0,PASS,14180.562,8667.304,17367.230,22332.200,18341.072,27426.770,22802.885,18704.398,27702.500,14186.003,8672.905,17372.832,22563.040,18571.186,27653.369,14871.740,7042.217,17426.584,22802.725,18704.398,27702.340
case581_d1_C0_DEFAULT_N2048_q16_rep1,D1_PUSHSIG_OVERLAP,DUSHMEM,C0_DEFAULT,2048,2048,2048,16,1,80,0,PASS,15657.744,9516.701,19065.576,22998.440,18602.043,29025.512,23513.870,18888.252,29321.482,15748.024,9522.145,19126.758,23235.266,18839.748,29263.697,14827.934,7356.224,18101.473,23514.430,18888.090,29321.643
case582_d1_C0_DEFAULT_N2048_q16_rep2,D1_PUSHSIG_OVERLAP,DUSHMEM,C0_DEFAULT,2048,2048,2048,16,2,80,0,PASS,15432.247,8720.204,18939.340,21691.922,19410.320,28210.023,22887.243,19682.646,29085.863,15437.607,8725.805,18949.100,22288.751,19637.045,28458.512,14683.825,7581.108,18085.629,23121.950,19682.486,29086.984
case583_d1_C0_DEFAULT_N2048_q16_rep3,D1_PUSHSIG_OVERLAP,DUSHMEM,C0_DEFAULT,2048,2048,2048,16,3,80,0,PASS,15527.205,9947.921,18579.115,23581.637,19808.482,28948.775,23923.480,20137.107,29226.521,15532.725,9953.360,18584.715,23806.744,20057.910,29178.043,14112.580,9801.370,18565.355,23923.480,20139.828,29226.361
case584_d1_C0_DEFAULT_N2048_q16_rep4,D1_PUSHSIG_OVERLAP,DUSHMEM,C0_DEFAULT,2048,2048,2048,16,4,80,0,PASS,15579.537,8719.670,18441.201,21834.612,19974.400,28858.590,22303.626,20470.848,29131.537,15585.058,8725.430,18446.801,22234.429,20376.811,29086.096,14757.171,7648.531,18047.785,22304.266,20471.008,29131.377
case585_d1_C0_DEFAULT_N2048_q16_rep5,D1_PUSHSIG_OVERLAP,DUSHMEM,C0_DEFAULT,2048,2048,2048,16,5,80,0,PASS,15937.742,9124.449,19831.881,21684.242,19237.316,25247.703,22088.137,20054.396,25520.488,15943.182,9130.048,19837.320,21930.468,19477.625,25472.652,14043.369,6969.366,17678.207,22369.942,20054.557,25520.328
