case_id,path,candidate,N,q,rep,slice_index,t_release_med_us,t_gemm_start_med_us,t_gemm_end_med_us,t_gemm_duration_med_us
case001_ds_C0_DEFAULT_N512_q2_rep1,DS_PUSHSIG_SERIAL,C0_DEFAULT,512,2,1,0,4336.9,4342.5,4926.6,592.6
case001_ds_C0_DEFAULT_N512_q2_rep1,DS_PUSHSIG_SERIAL,C0_DEFAULT,512,2,1,1,8161.8,8167.2,8723.7,560.8
case002_ds_C0_DEFAULT_N512_q2_rep2,DS_PUSHSIG_SERIAL,C0_DEFAULT,512,2,2,0,4336.3,4341.8,4917.5,586.9
case002_ds_C0_DEFAULT_N512_q2_rep2,DS_PUSHSIG_SERIAL,C0_DEFAULT,512,2,2,1,8185.9,8192.0,8756.0,566.2
case003_ds_C0_DEFAULT_N512_q2_rep3,DS_PUSHSIG_SERIAL,C0_DEFAULT,512,2,3,0,4330.6,4336.0,4920.9,593.2
case003_ds_C0_DEFAULT_N512_q2_rep3,DS_PUSHSIG_SERIAL,C0_DEFAULT,512,2,3,1,8174.8,8180.4,8745.2,567.0
case004_ds_C0_DEFAULT_N512_q2_rep4,DS_PUSHSIG_SERIAL,C0_DEFAULT,512,2,4,0,4331.8,4337.3,4911.3,585.4
case004_ds_C0_DEFAULT_N512_q2_rep4,DS_PUSHSIG_SERIAL,C0_DEFAULT,512,2,4,1,8182.8,8188.4,8763.0,573.1
case005_ds_C0_DEFAULT_N512_q2_rep5,DS_PUSHSIG_SERIAL,C0_DEFAULT,512,2,5,0,4337.5,4343.1,4919.5,586.3
case005_ds_C0_DEFAULT_N512_q2_rep5,DS_PUSHSIG_SERIAL,C0_DEFAULT,512,2,5,1,8187.7,8194.3,8754.0,566.9
case006_d1_C0_DEFAULT_N512_q2_rep1,D1_PUSHSIG_OVERLAP,C0_DEFAULT,512,2,1,0,4332.6,4338.2,4932.3,596.7
case006_d1_C0_DEFAULT_N512_q2_rep1,D1_PUSHSIG_OVERLAP,C0_DEFAULT,512,2,1,1,8161.2,8166.7,8728.1,564.8
case007_d1_C0_DEFAULT_N512_q2_rep2,D1_PUSHSIG_OVERLAP,C0_DEFAULT,512,2,2,0,4333.4,4338.9,4923.0,591.5
case007_d1_C0_DEFAULT_N512_q2_rep2,D1_PUSHSIG_OVERLAP,C0_DEFAULT,512,2,2,1,8160.0,8165.5,8728.9,558.3
case008_d1_C0_DEFAULT_N512_q2_rep3,D1_PUSHSIG_OVERLAP,C0_DEFAULT,512,2,3,0,4340.5,4346.3,4947.8,600.1
case008_d1_C0_DEFAULT_N512_q2_rep3,D1_PUSHSIG_OVERLAP,C0_DEFAULT,512,2,3,1,8162.9,8168.5,8730.8,563.2
case009_d1_C0_DEFAULT_N512_q2_rep4,D1_PUSHSIG_OVERLAP,C0_DEFAULT,512,2,4,0,4337.8,4343.3,4913.5,586.3
case009_d1_C0_DEFAULT_N512_q2_rep4,D1_PUSHSIG_OVERLAP,C0_DEFAULT,512,2,4,1,8186.6,8192.2,8752.2,563.5
case010_d1_C0_DEFAULT_N512_q2_rep5,D1_PUSHSIG_OVERLAP,C0_DEFAULT,512,2,5,0,4334.7,4340.3,4917.1,589.1
case010_d1_C0_DEFAULT_N512_q2_rep5,D1_PUSHSIG_OVERLAP,C0_DEFAULT,512,2,5,1,8174.8,8180.4,8741.7,566.9
case011_d1w_C0_DEFAULT_N512_q2_rep1,D1W_WAITSTREAM_OVERLAP,C0_DEFAULT,512,2,1,0,4331.5,4353.5,4935.0,588.5
case011_d1w_C0_DEFAULT_N512_q2_rep1,D1W_WAITSTREAM_OVERLAP,C0_DEFAULT,512,2,1,1,8165.0,8184.2,8744.0,559.3
case012_d1w_C0_DEFAULT_N512_q2_rep2,D1W_WAITSTREAM_OVERLAP,C0_DEFAULT,512,2,2,0,4326.5,4346.8,4916.4,585.9
case012_d1w_C0_DEFAULT_N512_q2_rep2,D1W_WAITSTREAM_OVERLAP,C0_DEFAULT,512,2,2,1,8178.8,8199.1,8756.2,562.3
case013_d1w_C0_DEFAULT_N512_q2_rep3,D1W_WAITSTREAM_OVERLAP,C0_DEFAULT,512,2,3,0,4324.2,4343.3,4911.2,585.0
case013_d1w_C0_DEFAULT_N512_q2_rep3,D1W_WAITSTREAM_OVERLAP,C0_DEFAULT,512,2,3,1,8198.8,8218.5,8773.7,558.7
case014_d1w_C0_DEFAULT_N512_q2_rep4,D1W_WAITSTREAM_OVERLAP,C0_DEFAULT,512,2,4,0,4333.5,4352.9,4914.2,584.3
case014_d1w_C0_DEFAULT_N512_q2_rep4,D1W_WAITSTREAM_OVERLAP,C0_DEFAULT,512,2,4,1,8200.2,8219.3,8774.9,559.4
case015_d1w_C0_DEFAULT_N512_q2_rep5,D1W_WAITSTREAM_OVERLAP,C0_DEFAULT,512,2,5,0,4323.3,4344.6,4931.9,592.7
case015_d1w_C0_DEFAULT_N512_q2_rep5,D1W_WAITSTREAM_OVERLAP,C0_DEFAULT,512,2,5,1,8182.4,8204.4,8756.3,557.1
case016_ds_C0_DEFAULT_N512_q4_rep1,DS_PUSHSIG_SERIAL,C0_DEFAULT,512,4,1,0,2162.2,2167.6,2473.7,326.0
case016_ds_C0_DEFAULT_N512_q4_rep1,DS_PUSHSIG_SERIAL,C0_DEFAULT,512,4,1,1,4419.6,4425.1,4720.9,324.6
case016_ds_C0_DEFAULT_N512_q4_rep1,DS_PUSHSIG_SERIAL,C0_DEFAULT,512,4,1,2,6628.4,6633.9,6951.1,325.1
case016_ds_C0_DEFAULT_N512_q4_rep1,DS_PUSHSIG_SERIAL,C0_DEFAULT,512,4,1,3,8679.8,8685.4,8953.1,284.3
case017_ds_C0_DEFAULT_N512_q4_rep2,DS_PUSHSIG_SERIAL,C0_DEFAULT,512,4,2,0,2161.5,2167.1,2487.2,341.1
case017_ds_C0_DEFAULT_N512_q4_rep2,DS_PUSHSIG_SERIAL,C0_DEFAULT,512,4,2,1,4457.7,4463.3,4780.1,320.2
case017_ds_C0_DEFAULT_N512_q4_rep2,DS_PUSHSIG_SERIAL,C0_DEFAULT,512,4,2,2,6740.8,6746.2,7053.1,324.5
case017_ds_C0_DEFAULT_N512_q4_rep2,DS_PUSHSIG_SERIAL,C0_DEFAULT,512,4,2,3,8802.6,8808.1,9110.2,292.0
case018_ds_C0_DEFAULT_N512_q4_rep3,DS_PUSHSIG_SERIAL,C0_DEFAULT,512,4,3,0,2157.5,2163.1,2468.1,336.1
case018_ds_C0_DEFAULT_N512_q4_rep3,DS_PUSHSIG_SERIAL,C0_DEFAULT,512,4,3,1,4442.1,4447.5,4763.1,331.3
case018_ds_C0_DEFAULT_N512_q4_rep3,DS_PUSHSIG_SERIAL,C0_DEFAULT,512,4,3,2,6719.9,6725.6,7048.4,333.9
case018_ds_C0_DEFAULT_N512_q4_rep3,DS_PUSHSIG_SERIAL,C0_DEFAULT,512,4,3,3,8779.1,8784.7,9063.1,284.3
case019_ds_C0_DEFAULT_N512_q4_rep4,DS_PUSHSIG_SERIAL,C0_DEFAULT,512,4,4,0,2160.8,2166.3,2471.5,330.6
case019_ds_C0_DEFAULT_N512_q4_rep4,DS_PUSHSIG_SERIAL,C0_DEFAULT,512,4,4,1,4448.6,4454.2,4779.1,330.2
case019_ds_C0_DEFAULT_N512_q4_rep4,DS_PUSHSIG_SERIAL,C0_DEFAULT,512,4,4,2,6786.6,6791.9,7117.9,320.8
case019_ds_C0_DEFAULT_N512_q4_rep4,DS_PUSHSIG_SERIAL,C0_DEFAULT,512,4,4,3,8889.5,8894.9,9186.9,284.5
case020_ds_C0_DEFAULT_N512_q4_rep5,DS_PUSHSIG_SERIAL,C0_DEFAULT,512,4,5,0,2152.5,2158.0,2459.8,331.4
case020_ds_C0_DEFAULT_N512_q4_rep5,DS_PUSHSIG_SERIAL,C0_DEFAULT,512,4,5,1,4440.6,4446.2,4745.3,321.3
case020_ds_C0_DEFAULT_N512_q4_rep5,DS_PUSHSIG_SERIAL,C0_DEFAULT,512,4,5,2,6685.2,6690.6,6989.0,328.1
case020_ds_C0_DEFAULT_N512_q4_rep5,DS_PUSHSIG_SERIAL,C0_DEFAULT,512,4,5,3,8721.3,8726.8,9012.7,293.8
case021_d1_C0_DEFAULT_N512_q4_rep1,D1_PUSHSIG_OVERLAP,C0_DEFAULT,512,4,1,0,2157.2,2162.9,2475.7,331.6
case021_d1_C0_DEFAULT_N512_q4_rep1,D1_PUSHSIG_OVERLAP,C0_DEFAULT,512,4,1,1,4442.5,4448.0,4746.0,323.1
case021_d1_C0_DEFAULT_N512_q4_rep1,D1_PUSHSIG_OVERLAP,C0_DEFAULT,512,4,1,2,6674.1,6679.9,6991.9,323.4
case021_d1_C0_DEFAULT_N512_q4_rep1,D1_PUSHSIG_OVERLAP,C0_DEFAULT,512,4,1,3,8729.2,8734.6,9048.2,301.3
case022_d1_C0_DEFAULT_N512_q4_rep2,D1_PUSHSIG_OVERLAP,C0_DEFAULT,512,4,2,0,2172.6,2178.1,2501.0,336.9
case022_d1_C0_DEFAULT_N512_q4_rep2,D1_PUSHSIG_OVERLAP,C0_DEFAULT,512,4,2,1,4512.9,4518.5,4875.2,324.7
case022_d1_C0_DEFAULT_N512_q4_rep2,D1_PUSHSIG_OVERLAP,C0_DEFAULT,512,4,2,2,6793.1,6798.5,7153.7,327.9
case022_d1_C0_DEFAULT_N512_q4_rep2,D1_PUSHSIG_OVERLAP,C0_DEFAULT,512,4,2,3,8972.6,8978.1,9258.3,295.4
case023_d1_C0_DEFAULT_N512_q4_rep3,D1_PUSHSIG_OVERLAP,C0_DEFAULT,512,4,3,0,2158.8,2164.3,2476.6,332.3
case023_d1_C0_DEFAULT_N512_q4_rep3,D1_PUSHSIG_OVERLAP,C0_DEFAULT,512,4,3,1,4454.6,4460.2,4767.8,320.6
case023_d1_C0_DEFAULT_N512_q4_rep3,D1_PUSHSIG_OVERLAP,C0_DEFAULT,512,4,3,2,6756.9,6762.4,7061.3,319.7
case023_d1_C0_DEFAULT_N512_q4_rep3,D1_PUSHSIG_OVERLAP,C0_DEFAULT,512,4,3,3,8796.4,8801.9,9092.1,294.7
case024_d1_C0_DEFAULT_N512_q4_rep4,D1_PUSHSIG_OVERLAP,C0_DEFAULT,512,4,4,0,2144.9,2150.5,2446.3,333.2
case024_d1_C0_DEFAULT_N512_q4_rep4,D1_PUSHSIG_OVERLAP,C0_DEFAULT,512,4,4,1,4321.4,4326.9,4626.2,325.5
case024_d1_C0_DEFAULT_N512_q4_rep4,D1_PUSHSIG_OVERLAP,C0_DEFAULT,512,4,4,2,6512.4,6518.2,6843.8,326.7
case024_d1_C0_DEFAULT_N512_q4_rep4,D1_PUSHSIG_OVERLAP,C0_DEFAULT,512,4,4,3,8541.8,8547.4,8821.3,283.7
case025_d1_C0_DEFAULT_N512_q4_rep5,D1_PUSHSIG_OVERLAP,C0_DEFAULT,512,4,5,0,2164.0,2169.6,2470.7,328.5
case025_d1_C0_DEFAULT_N512_q4_rep5,D1_PUSHSIG_OVERLAP,C0_DEFAULT,512,4,5,1,4421.1,4426.6,4728.2,328.2
case025_d1_C0_DEFAULT_N512_q4_rep5,D1_PUSHSIG_OVERLAP,C0_DEFAULT,512,4,5,2,6662.3,6667.8,6968.8,325.9
case025_d1_C0_DEFAULT_N512_q4_rep5,D1_PUSHSIG_OVERLAP,C0_DEFAULT,512,4,5,3,8668.3,8673.9,8945.7,284.3
case026_d1w_C0_DEFAULT_N512_q4_rep1,D1W_WAITSTREAM_OVERLAP,C0_DEFAULT,512,4,1,0,2159.2,2179.2,2475.1,331.3
case026_d1w_C0_DEFAULT_N512_q4_rep1,D1W_WAITSTREAM_OVERLAP,C0_DEFAULT,512,4,1,1,4414.7,4433.6,4707.3,320.4
case026_d1w_C0_DEFAULT_N512_q4_rep1,D1W_WAITSTREAM_OVERLAP,C0_DEFAULT,512,4,1,2,6661.4,6681.2,6975.1,319.2
case026_d1w_C0_DEFAULT_N512_q4_rep1,D1W_WAITSTREAM_OVERLAP,C0_DEFAULT,512,4,1,3,8719.6,8740.2,9000.9,289.7
case027_d1w_C0_DEFAULT_N512_q4_rep2,D1W_WAITSTREAM_OVERLAP,C0_DEFAULT,512,4,2,0,2131.0,2149.5,2448.6,343.7
case027_d1w_C0_DEFAULT_N512_q4_rep2,D1W_WAITSTREAM_OVERLAP,C0_DEFAULT,512,4,2,1,4411.0,4429.7,4710.4,321.8
case027_d1w_C0_DEFAULT_N512_q4_rep2,D1W_WAITSTREAM_OVERLAP,C0_DEFAULT,512,4,2,2,6549.6,6568.4,6877.3,318.6
case027_d1w_C0_DEFAULT_N512_q4_rep2,D1W_WAITSTREAM_OVERLAP,C0_DEFAULT,512,4,2,3,8933.6,8955.7,9272.3,289.4
case028_d1w_C0_DEFAULT_N512_q4_rep3,D1W_WAITSTREAM_OVERLAP,C0_DEFAULT,512,4,3,0,2151.7,2172.0,2477.5,336.7
case028_d1w_C0_DEFAULT_N512_q4_rep3,D1W_WAITSTREAM_OVERLAP,C0_DEFAULT,512,4,3,1,4471.5,4491.0,4801.7,321.5
case028_d1w_C0_DEFAULT_N512_q4_rep3,D1W_WAITSTREAM_OVERLAP,C0_DEFAULT,512,4,3,2,6761.2,6780.8,7094.8,319.5
case028_d1w_C0_DEFAULT_N512_q4_rep3,D1W_WAITSTREAM_OVERLAP,C0_DEFAULT,512,4,3,3,8808.7,8828.7,9124.6,292.1
case029_d1w_C0_DEFAULT_N512_q4_rep4,D1W_WAITSTREAM_OVERLAP,C0_DEFAULT,512,4,4,0,2151.4,2173.5,2473.9,335.3
case029_d1w_C0_DEFAULT_N512_q4_rep4,D1W_WAITSTREAM_OVERLAP,C0_DEFAULT,512,4,4,1,4440.7,4468.6,4765.2,324.4
case029_d1w_C0_DEFAULT_N512_q4_rep4,D1W_WAITSTREAM_OVERLAP,C0_DEFAULT,512,4,4,2,6744.9,6769.8,7076.7,322.5
case029_d1w_C0_DEFAULT_N512_q4_rep4,D1W_WAITSTREAM_OVERLAP,C0_DEFAULT,512,4,4,3,8812.7,8831.7,9104.1,277.3
case030_d1w_C0_DEFAULT_N512_q4_rep5,D1W_WAITSTREAM_OVERLAP,C0_DEFAULT,512,4,5,0,2153.2,2172.1,2463.5,344.0
case030_d1w_C0_DEFAULT_N512_q4_rep5,D1W_WAITSTREAM_OVERLAP,C0_DEFAULT,512,4,5,1,4367.2,4386.3,4666.7,325.2
case030_d1w_C0_DEFAULT_N512_q4_rep5,D1W_WAITSTREAM_OVERLAP,C0_DEFAULT,512,4,5,2,6687.8,6706.4,7003.1,320.5
case030_d1w_C0_DEFAULT_N512_q4_rep5,D1W_WAITSTREAM_OVERLAP,C0_DEFAULT,512,4,5,3,8725.0,8744.1,9006.5,272.9
case031_ds_C0_DEFAULT_N512_q8_rep1,DS_PUSHSIG_SERIAL,C0_DEFAULT,512,8,1,0,1070.6,1076.6,1342.0,264.9
case031_ds_C0_DEFAULT_N512_q8_rep1,DS_PUSHSIG_SERIAL,C0_DEFAULT,512,8,1,1,2279.4,2285.1,2532.3,248.1
case031_ds_C0_DEFAULT_N512_q8_rep1,DS_PUSHSIG_SERIAL,C0_DEFAULT,512,8,1,2,3497.9,3503.6,3754.8,249.5
case031_ds_C0_DEFAULT_N512_q8_rep1,DS_PUSHSIG_SERIAL,C0_DEFAULT,512,8,1,3,9192.9,9198.8,9467.5,248.6
case031_ds_C0_DEFAULT_N512_q8_rep1,DS_PUSHSIG_SERIAL,C0_DEFAULT,512,8,1,4,12279.1,12284.7,12543.9,248.1
case031_ds_C0_DEFAULT_N512_q8_rep1,DS_PUSHSIG_SERIAL,C0_DEFAULT,512,8,1,5,14161.1,14166.7,14409.3,246.0
case031_ds_C0_DEFAULT_N512_q8_rep1,DS_PUSHSIG_SERIAL,C0_DEFAULT,512,8,1,6,16097.5,16103.1,16341.7,246.6
case031_ds_C0_DEFAULT_N512_q8_rep1,DS_PUSHSIG_SERIAL,C0_DEFAULT,512,8,1,7,17301.8,17307.3,17551.2,244.6
case032_ds_C0_DEFAULT_N512_q8_rep2,DS_PUSHSIG_SERIAL,C0_DEFAULT,512,8,2,0,1070.3,1075.9,1337.8,261.1
case032_ds_C0_DEFAULT_N512_q8_rep2,DS_PUSHSIG_SERIAL,C0_DEFAULT,512,8,2,1,2279.8,2285.6,2540.3,251.1
case032_ds_C0_DEFAULT_N512_q8_rep2,DS_PUSHSIG_SERIAL,C0_DEFAULT,512,8,2,2,3475.2,3480.9,3733.0,252.8
case032_ds_C0_DEFAULT_N512_q8_rep2,DS_PUSHSIG_SERIAL,C0_DEFAULT,512,8,2,3,7072.1,7077.9,7333.7,251.3
case032_ds_C0_DEFAULT_N512_q8_rep2,DS_PUSHSIG_SERIAL,C0_DEFAULT,512,8,2,4,9878.3,9884.2,10144.9,251.3
case032_ds_C0_DEFAULT_N512_q8_rep2,DS_PUSHSIG_SERIAL,C0_DEFAULT,512,8,2,5,13328.3,13334.0,13572.9,249.0
case032_ds_C0_DEFAULT_N512_q8_rep2,DS_PUSHSIG_SERIAL,C0_DEFAULT,512,8,2,6,15779.0,15784.8,16034.7,249.8
case032_ds_C0_DEFAULT_N512_q8_rep2,DS_PUSHSIG_SERIAL,C0_DEFAULT,512,8,2,7,17234.2,17239.7,17476.6,243.8
case033_ds_C0_DEFAULT_N512_q8_rep3,DS_PUSHSIG_SERIAL,C0_DEFAULT,512,8,3,0,1070.2,1075.8,1335.2,258.6
case033_ds_C0_DEFAULT_N512_q8_rep3,DS_PUSHSIG_SERIAL,C0_DEFAULT,512,8,3,1,2279.0,2284.4,2532.8,250.1
case033_ds_C0_DEFAULT_N512_q8_rep3,DS_PUSHSIG_SERIAL,C0_DEFAULT,512,8,3,2,3476.4,3482.1,3731.2,249.8
case033_ds_C0_DEFAULT_N512_q8_rep3,DS_PUSHSIG_SERIAL,C0_DEFAULT,512,8,3,3,6260.2,6265.8,6516.8,249.9
case033_ds_C0_DEFAULT_N512_q8_rep3,DS_PUSHSIG_SERIAL,C0_DEFAULT,512,8,3,4,8428.3,8434.1,8677.2,248.4
case033_ds_C0_DEFAULT_N512_q8_rep3,DS_PUSHSIG_SERIAL,C0_DEFAULT,512,8,3,5,13167.0,13173.3,13411.9,247.5
case033_ds_C0_DEFAULT_N512_q8_rep3,DS_PUSHSIG_SERIAL,C0_DEFAULT,512,8,3,6,16033.2,16039.2,16284.0,246.0
case033_ds_C0_DEFAULT_N512_q8_rep3,DS_PUSHSIG_SERIAL,C0_DEFAULT,512,8,3,7,17419.7,17425.0,17668.5,244.1
case034_ds_C0_DEFAULT_N512_q8_rep4,DS_PUSHSIG_SERIAL,C0_DEFAULT,512,8,4,0,1070.7,1076.9,1336.4,260.3
case034_ds_C0_DEFAULT_N512_q8_rep4,DS_PUSHSIG_SERIAL,C0_DEFAULT,512,8,4,1,2279.4,2285.0,2534.6,251.8
case034_ds_C0_DEFAULT_N512_q8_rep4,DS_PUSHSIG_SERIAL,C0_DEFAULT,512,8,4,2,3477.4,3482.9,3741.9,252.2
case034_ds_C0_DEFAULT_N512_q8_rep4,DS_PUSHSIG_SERIAL,C0_DEFAULT,512,8,4,3,6127.4,6133.4,6761.6,251.7
case034_ds_C0_DEFAULT_N512_q8_rep4,DS_PUSHSIG_SERIAL,C0_DEFAULT,512,8,4,4,9539.5,9545.1,9800.1,251.6
case034_ds_C0_DEFAULT_N512_q8_rep4,DS_PUSHSIG_SERIAL,C0_DEFAULT,512,8,4,5,12838.7,12844.1,13096.9,250.1
case034_ds_C0_DEFAULT_N512_q8_rep4,DS_PUSHSIG_SERIAL,C0_DEFAULT,512,8,4,6,15724.8,15730.9,15963.0,251.4
case034_ds_C0_DEFAULT_N512_q8_rep4,DS_PUSHSIG_SERIAL,C0_DEFAULT,512,8,4,7,17460.7,17466.3,17707.9,245.0
case035_ds_C0_DEFAULT_N512_q8_rep5,DS_PUSHSIG_SERIAL,C0_DEFAULT,512,8,5,0,1071.8,1077.4,1335.0,260.0
case035_ds_C0_DEFAULT_N512_q8_rep5,DS_PUSHSIG_SERIAL,C0_DEFAULT,512,8,5,1,2278.7,2284.3,2536.7,252.7
case035_ds_C0_DEFAULT_N512_q8_rep5,DS_PUSHSIG_SERIAL,C0_DEFAULT,512,8,5,2,4369.1,4374.7,4622.7,251.6
case035_ds_C0_DEFAULT_N512_q8_rep5,DS_PUSHSIG_SERIAL,C0_DEFAULT,512,8,5,3,9090.0,9096.5,9348.8,251.9
case035_ds_C0_DEFAULT_N512_q8_rep5,DS_PUSHSIG_SERIAL,C0_DEFAULT,512,8,5,4,11932.0,11938.3,12182.0,250.8
case035_ds_C0_DEFAULT_N512_q8_rep5,DS_PUSHSIG_SERIAL,C0_DEFAULT,512,8,5,5,13940.9,13948.1,14202.1,249.3
case035_ds_C0_DEFAULT_N512_q8_rep5,DS_PUSHSIG_SERIAL,C0_DEFAULT,512,8,5,6,16008.9,16015.3,16264.8,250.4
case035_ds_C0_DEFAULT_N512_q8_rep5,DS_PUSHSIG_SERIAL,C0_DEFAULT,512,8,5,7,17502.9,17508.4,17752.4,244.0
case036_d1_C0_DEFAULT_N512_q8_rep1,D1_PUSHSIG_OVERLAP,C0_DEFAULT,512,8,1,0,1070.3,1075.7,1339.0,260.1
case036_d1_C0_DEFAULT_N512_q8_rep1,D1_PUSHSIG_OVERLAP,C0_DEFAULT,512,8,1,1,2280.4,2286.0,2544.0,254.2
case036_d1_C0_DEFAULT_N512_q8_rep1,D1_PUSHSIG_OVERLAP,C0_DEFAULT,512,8,1,2,7714.9,7720.6,7966.9,252.5
case036_d1_C0_DEFAULT_N512_q8_rep1,D1_PUSHSIG_OVERLAP,C0_DEFAULT,512,8,1,3,9292.6,9298.3,9547.0,249.4
case036_d1_C0_DEFAULT_N512_q8_rep1,D1_PUSHSIG_OVERLAP,C0_DEFAULT,512,8,1,4,11160.4,11166.3,11417.6,251.0
case036_d1_C0_DEFAULT_N512_q8_rep1,D1_PUSHSIG_OVERLAP,C0_DEFAULT,512,8,1,5,13257.6,13263.6,13527.5,249.8
case036_d1_C0_DEFAULT_N512_q8_rep1,D1_PUSHSIG_OVERLAP,C0_DEFAULT,512,8,1,6,15630.3,15636.0,15892.8,250.5
case036_d1_C0_DEFAULT_N512_q8_rep1,D1_PUSHSIG_OVERLAP,C0_DEFAULT,512,8,1,7,17192.6,17198.1,17441.7,244.1
case037_d1_C0_DEFAULT_N512_q8_rep2,D1_PUSHSIG_OVERLAP,C0_DEFAULT,512,8,2,0,1072.0,1077.5,1339.6,261.3
case037_d1_C0_DEFAULT_N512_q8_rep2,D1_PUSHSIG_OVERLAP,C0_DEFAULT,512,8,2,1,2282.3,2287.7,2543.6,247.8
case037_d1_C0_DEFAULT_N512_q8_rep2,D1_PUSHSIG_OVERLAP,C0_DEFAULT,512,8,2,2,3979.7,3985.3,4231.7,248.1
case037_d1_C0_DEFAULT_N512_q8_rep2,D1_PUSHSIG_OVERLAP,C0_DEFAULT,512,8,2,3,8241.8,8247.5,8497.2,245.8
case037_d1_C0_DEFAULT_N512_q8_rep2,D1_PUSHSIG_OVERLAP,C0_DEFAULT,512,8,2,4,11509.0,11514.7,11754.6,246.4
case037_d1_C0_DEFAULT_N512_q8_rep2,D1_PUSHSIG_OVERLAP,C0_DEFAULT,512,8,2,5,13679.3,13684.8,13926.2,245.9
case037_d1_C0_DEFAULT_N512_q8_rep2,D1_PUSHSIG_OVERLAP,C0_DEFAULT,512,8,2,6,15936.5,15942.3,16186.9,246.3
case037_d1_C0_DEFAULT_N512_q8_rep2,D1_PUSHSIG_OVERLAP,C0_DEFAULT,512,8,2,7,17383.6,17389.2,17644.3,244.1
case038_d1_C0_DEFAULT_N512_q8_rep3,D1_PUSHSIG_OVERLAP,C0_DEFAULT,512,8,3,0,1070.7,1076.2,1337.5,259.5
case038_d1_C0_DEFAULT_N512_q8_rep3,D1_PUSHSIG_OVERLAP,C0_DEFAULT,512,8,3,1,2278.2,2284.1,2533.6,247.7
case038_d1_C0_DEFAULT_N512_q8_rep3,D1_PUSHSIG_OVERLAP,C0_DEFAULT,512,8,3,2,4245.7,4251.3,4498.9,248.0
case038_d1_C0_DEFAULT_N512_q8_rep3,D1_PUSHSIG_OVERLAP,C0_DEFAULT,512,8,3,3,8250.6,8256.7,8515.7,247.3
case038_d1_C0_DEFAULT_N512_q8_rep3,D1_PUSHSIG_OVERLAP,C0_DEFAULT,512,8,3,4,13093.3,13098.9,13356.3,247.3
case038_d1_C0_DEFAULT_N512_q8_rep3,D1_PUSHSIG_OVERLAP,C0_DEFAULT,512,8,3,5,14823.1,14828.6,15122.6,248.7
case038_d1_C0_DEFAULT_N512_q8_rep3,D1_PUSHSIG_OVERLAP,C0_DEFAULT,512,8,3,6,16057.7,16063.6,16309.6,247.5
case038_d1_C0_DEFAULT_N512_q8_rep3,D1_PUSHSIG_OVERLAP,C0_DEFAULT,512,8,3,7,17322.2,17327.6,17565.0,243.8
case039_d1_C0_DEFAULT_N512_q8_rep4,D1_PUSHSIG_OVERLAP,C0_DEFAULT,512,8,4,0,1073.8,1079.6,1339.9,261.3
case039_d1_C0_DEFAULT_N512_q8_rep4,D1_PUSHSIG_OVERLAP,C0_DEFAULT,512,8,4,1,2275.2,2280.7,2532.5,252.7
case039_d1_C0_DEFAULT_N512_q8_rep4,D1_PUSHSIG_OVERLAP,C0_DEFAULT,512,8,4,2,3483.6,3489.5,3737.4,251.8
case039_d1_C0_DEFAULT_N512_q8_rep4,D1_PUSHSIG_OVERLAP,C0_DEFAULT,512,8,4,3,6622.2,6628.0,6875.4,251.8
case039_d1_C0_DEFAULT_N512_q8_rep4,D1_PUSHSIG_OVERLAP,C0_DEFAULT,512,8,4,4,10276.1,10281.7,10530.2,250.7
case039_d1_C0_DEFAULT_N512_q8_rep4,D1_PUSHSIG_OVERLAP,C0_DEFAULT,512,8,4,5,14088.3,14093.9,14334.1,248.8
case039_d1_C0_DEFAULT_N512_q8_rep4,D1_PUSHSIG_OVERLAP,C0_DEFAULT,512,8,4,6,15648.5,15654.7,15904.4,249.8
case039_d1_C0_DEFAULT_N512_q8_rep4,D1_PUSHSIG_OVERLAP,C0_DEFAULT,512,8,4,7,16911.2,16916.7,17165.5,244.1
case040_d1_C0_DEFAULT_N512_q8_rep5,D1_PUSHSIG_OVERLAP,C0_DEFAULT,512,8,5,0,1070.9,1076.5,1345.6,260.9
case040_d1_C0_DEFAULT_N512_q8_rep5,D1_PUSHSIG_OVERLAP,C0_DEFAULT,512,8,5,1,2282.6,2288.0,2535.9,246.4
case040_d1_C0_DEFAULT_N512_q8_rep5,D1_PUSHSIG_OVERLAP,C0_DEFAULT,512,8,5,2,3490.5,3496.0,3746.9,247.8
case040_d1_C0_DEFAULT_N512_q8_rep5,D1_PUSHSIG_OVERLAP,C0_DEFAULT,512,8,5,3,8781.8,8787.3,9034.0,246.9
case040_d1_C0_DEFAULT_N512_q8_rep5,D1_PUSHSIG_OVERLAP,C0_DEFAULT,512,8,5,4,11822.1,11827.7,12068.1,247.7
case040_d1_C0_DEFAULT_N512_q8_rep5,D1_PUSHSIG_OVERLAP,C0_DEFAULT,512,8,5,5,13683.2,13688.8,13933.9,245.9
case040_d1_C0_DEFAULT_N512_q8_rep5,D1_PUSHSIG_OVERLAP,C0_DEFAULT,512,8,5,6,15043.8,15049.6,15304.2,247.0
case040_d1_C0_DEFAULT_N512_q8_rep5,D1_PUSHSIG_OVERLAP,C0_DEFAULT,512,8,5,7,16786.5,16791.9,17038.6,243.7
case041_d1w_C0_DEFAULT_N512_q8_rep1,D1W_WAITSTREAM_OVERLAP,C0_DEFAULT,512,8,1,0,1070.9,1096.2,1343.0,247.4
case041_d1w_C0_DEFAULT_N512_q8_rep1,D1W_WAITSTREAM_OVERLAP,C0_DEFAULT,512,8,1,1,2275.3,2296.7,2536.6,238.1
case041_d1w_C0_DEFAULT_N512_q8_rep1,D1W_WAITSTREAM_OVERLAP,C0_DEFAULT,512,8,1,2,3476.2,3498.4,3747.6,241.7
case041_d1w_C0_DEFAULT_N512_q8_rep1,D1W_WAITSTREAM_OVERLAP,C0_DEFAULT,512,8,1,3,6680.5,6965.1,7192.2,238.5
case041_d1w_C0_DEFAULT_N512_q8_rep1,D1W_WAITSTREAM_OVERLAP,C0_DEFAULT,512,8,1,4,10800.2,10822.8,11070.6,240.7
case041_d1w_C0_DEFAULT_N512_q8_rep1,D1W_WAITSTREAM_OVERLAP,C0_DEFAULT,512,8,1,5,13618.4,13637.6,13885.0,238.2
case041_d1w_C0_DEFAULT_N512_q8_rep1,D1W_WAITSTREAM_OVERLAP,C0_DEFAULT,512,8,1,6,16159.7,16179.7,16421.8,240.5
case041_d1w_C0_DEFAULT_N512_q8_rep1,D1W_WAITSTREAM_OVERLAP,C0_DEFAULT,512,8,1,7,17473.3,17495.7,17727.6,231.3
case042_d1w_C0_DEFAULT_N512_q8_rep2,D1W_WAITSTREAM_OVERLAP,C0_DEFAULT,512,8,2,0,1070.6,1092.4,1345.8,248.4
case042_d1w_C0_DEFAULT_N512_q8_rep2,D1W_WAITSTREAM_OVERLAP,C0_DEFAULT,512,8,2,1,2280.9,2304.3,2544.0,239.1
case042_d1w_C0_DEFAULT_N512_q8_rep2,D1W_WAITSTREAM_OVERLAP,C0_DEFAULT,512,8,2,2,3497.0,3522.9,3765.6,238.9
case042_d1w_C0_DEFAULT_N512_q8_rep2,D1W_WAITSTREAM_OVERLAP,C0_DEFAULT,512,8,2,3,10105.0,10127.3,10367.0,237.9
case042_d1w_C0_DEFAULT_N512_q8_rep2,D1W_WAITSTREAM_OVERLAP,C0_DEFAULT,512,8,2,4,12137.2,12163.5,12397.4,238.8
case042_d1w_C0_DEFAULT_N512_q8_rep2,D1W_WAITSTREAM_OVERLAP,C0_DEFAULT,512,8,2,5,14673.0,14693.1,14926.1,240.0
case042_d1w_C0_DEFAULT_N512_q8_rep2,D1W_WAITSTREAM_OVERLAP,C0_DEFAULT,512,8,2,6,16165.6,16184.4,16443.3,240.6
case042_d1w_C0_DEFAULT_N512_q8_rep2,D1W_WAITSTREAM_OVERLAP,C0_DEFAULT,512,8,2,7,17394.0,17415.6,17647.8,234.2
case043_d1w_C0_DEFAULT_N512_q8_rep3,D1W_WAITSTREAM_OVERLAP,C0_DEFAULT,512,8,3,0,1071.7,1093.9,1347.4,252.5
case043_d1w_C0_DEFAULT_N512_q8_rep3,D1W_WAITSTREAM_OVERLAP,C0_DEFAULT,512,8,3,1,2287.8,2309.6,2549.5,235.4
case043_d1w_C0_DEFAULT_N512_q8_rep3,D1W_WAITSTREAM_OVERLAP,C0_DEFAULT,512,8,3,2,3540.8,3561.2,4176.6,238.9
case043_d1w_C0_DEFAULT_N512_q8_rep3,D1W_WAITSTREAM_OVERLAP,C0_DEFAULT,512,8,3,3,8857.4,8881.3,9126.8,238.9
case043_d1w_C0_DEFAULT_N512_q8_rep3,D1W_WAITSTREAM_OVERLAP,C0_DEFAULT,512,8,3,4,11766.1,11796.3,12073.0,240.9
case043_d1w_C0_DEFAULT_N512_q8_rep3,D1W_WAITSTREAM_OVERLAP,C0_DEFAULT,512,8,3,5,14500.0,14520.2,14930.4,240.1
case043_d1w_C0_DEFAULT_N512_q8_rep3,D1W_WAITSTREAM_OVERLAP,C0_DEFAULT,512,8,3,6,16066.8,16090.6,16337.8,243.4
case043_d1w_C0_DEFAULT_N512_q8_rep3,D1W_WAITSTREAM_OVERLAP,C0_DEFAULT,512,8,3,7,17500.0,17521.0,17759.4,234.2
case044_d1w_C0_DEFAULT_N512_q8_rep4,D1W_WAITSTREAM_OVERLAP,C0_DEFAULT,512,8,4,0,1071.7,1095.5,1349.1,251.9
case044_d1w_C0_DEFAULT_N512_q8_rep4,D1W_WAITSTREAM_OVERLAP,C0_DEFAULT,512,8,4,1,2286.6,2311.1,2558.0,242.6
case044_d1w_C0_DEFAULT_N512_q8_rep4,D1W_WAITSTREAM_OVERLAP,C0_DEFAULT,512,8,4,2,3508.8,3529.5,3776.3,243.7
case044_d1w_C0_DEFAULT_N512_q8_rep4,D1W_WAITSTREAM_OVERLAP,C0_DEFAULT,512,8,4,3,7238.9,7263.9,7501.3,242.9
case044_d1w_C0_DEFAULT_N512_q8_rep4,D1W_WAITSTREAM_OVERLAP,C0_DEFAULT,512,8,4,4,10374.5,10408.3,10650.7,245.1
case044_d1w_C0_DEFAULT_N512_q8_rep4,D1W_WAITSTREAM_OVERLAP,C0_DEFAULT,512,8,4,5,13131.4,13160.4,13406.2,241.6
case044_d1w_C0_DEFAULT_N512_q8_rep4,D1W_WAITSTREAM_OVERLAP,C0_DEFAULT,512,8,4,6,16197.2,16216.5,16453.6,246.1
case044_d1w_C0_DEFAULT_N512_q8_rep4,D1W_WAITSTREAM_OVERLAP,C0_DEFAULT,512,8,4,7,17760.5,17785.9,18025.3,230.9
case045_d1w_C0_DEFAULT_N512_q8_rep5,D1W_WAITSTREAM_OVERLAP,C0_DEFAULT,512,8,5,0,1071.1,1092.1,1337.8,246.8
case045_d1w_C0_DEFAULT_N512_q8_rep5,D1W_WAITSTREAM_OVERLAP,C0_DEFAULT,512,8,5,1,2262.7,2284.8,2521.6,232.7
case045_d1w_C0_DEFAULT_N512_q8_rep5,D1W_WAITSTREAM_OVERLAP,C0_DEFAULT,512,8,5,2,3454.5,3477.1,3712.8,233.6
case045_d1w_C0_DEFAULT_N512_q8_rep5,D1W_WAITSTREAM_OVERLAP,C0_DEFAULT,512,8,5,3,6273.3,6299.0,6540.3,234.2
case045_d1w_C0_DEFAULT_N512_q8_rep5,D1W_WAITSTREAM_OVERLAP,C0_DEFAULT,512,8,5,4,10188.0,10208.6,10439.4,235.4
case045_d1w_C0_DEFAULT_N512_q8_rep5,D1W_WAITSTREAM_OVERLAP,C0_DEFAULT,512,8,5,5,14502.7,14526.7,14770.7,237.9
case045_d1w_C0_DEFAULT_N512_q8_rep5,D1W_WAITSTREAM_OVERLAP,C0_DEFAULT,512,8,5,6,16137.8,16156.5,16399.0,239.8
case045_d1w_C0_DEFAULT_N512_q8_rep5,D1W_WAITSTREAM_OVERLAP,C0_DEFAULT,512,8,5,7,17379.0,17398.5,17626.3,235.0
case046_ds_C0_DEFAULT_N2048_q2_rep1,DS_PUSHSIG_SERIAL,C0_DEFAULT,2048,2,1,0,3917.6,3923.0,5420.7,1503.4
case046_ds_C0_DEFAULT_N2048_q2_rep1,DS_PUSHSIG_SERIAL,C0_DEFAULT,2048,2,1,1,8681.9,8687.4,10128.3,1438.8
case047_ds_C0_DEFAULT_N2048_q2_rep2,DS_PUSHSIG_SERIAL,C0_DEFAULT,2048,2,2,0,3919.2,3924.7,5420.4,1507.6
case047_ds_C0_DEFAULT_N2048_q2_rep2,DS_PUSHSIG_SERIAL,C0_DEFAULT,2048,2,2,1,8683.2,8688.7,10126.2,1433.0
case048_ds_C0_DEFAULT_N2048_q2_rep3,DS_PUSHSIG_SERIAL,C0_DEFAULT,2048,2,3,0,3917.4,3923.9,5431.7,1513.7
case048_ds_C0_DEFAULT_N2048_q2_rep3,DS_PUSHSIG_SERIAL,C0_DEFAULT,2048,2,3,1,8707.4,8712.8,10149.8,1440.1
case049_ds_C0_DEFAULT_N2048_q2_rep4,DS_PUSHSIG_SERIAL,C0_DEFAULT,2048,2,4,0,3919.2,3925.4,5430.3,1509.4
case049_ds_C0_DEFAULT_N2048_q2_rep4,DS_PUSHSIG_SERIAL,C0_DEFAULT,2048,2,4,1,8713.3,8718.8,10154.3,1437.7
case050_ds_C0_DEFAULT_N2048_q2_rep5,DS_PUSHSIG_SERIAL,C0_DEFAULT,2048,2,5,0,3920.1,3925.9,5424.3,1503.2
case050_ds_C0_DEFAULT_N2048_q2_rep5,DS_PUSHSIG_SERIAL,C0_DEFAULT,2048,2,5,1,8703.2,8708.7,10148.9,1442.0
case051_d1_C0_DEFAULT_N2048_q2_rep1,D1_PUSHSIG_OVERLAP,C0_DEFAULT,2048,2,1,0,3917.6,3923.3,5433.1,1514.2
case051_d1_C0_DEFAULT_N2048_q2_rep1,D1_PUSHSIG_OVERLAP,C0_DEFAULT,2048,2,1,1,8704.5,8709.9,10143.5,1437.0
case052_d1_C0_DEFAULT_N2048_q2_rep2,D1_PUSHSIG_OVERLAP,C0_DEFAULT,2048,2,2,0,3919.0,3925.0,5433.5,1511.9
case052_d1_C0_DEFAULT_N2048_q2_rep2,D1_PUSHSIG_OVERLAP,C0_DEFAULT,2048,2,2,1,8704.3,8709.8,10144.6,1439.9
case053_d1_C0_DEFAULT_N2048_q2_rep3,D1_PUSHSIG_OVERLAP,C0_DEFAULT,2048,2,3,0,3917.9,3923.5,5425.3,1507.8
case053_d1_C0_DEFAULT_N2048_q2_rep3,D1_PUSHSIG_OVERLAP,C0_DEFAULT,2048,2,3,1,8697.3,8702.8,10138.3,1437.1
case054_d1_C0_DEFAULT_N2048_q2_rep4,D1_PUSHSIG_OVERLAP,C0_DEFAULT,2048,2,4,0,3918.3,3924.0,5420.0,1505.4
case054_d1_C0_DEFAULT_N2048_q2_rep4,D1_PUSHSIG_OVERLAP,C0_DEFAULT,2048,2,4,1,8698.2,8703.6,10141.3,1442.4
case055_d1_C0_DEFAULT_N2048_q2_rep5,D1_PUSHSIG_OVERLAP,C0_DEFAULT,2048,2,5,0,3916.5,3922.1,5409.5,1494.1
case055_d1_C0_DEFAULT_N2048_q2_rep5,D1_PUSHSIG_OVERLAP,C0_DEFAULT,2048,2,5,1,8682.7,8688.2,10117.8,1431.4
case056_d1w_C0_DEFAULT_N2048_q2_rep1,D1W_WAITSTREAM_OVERLAP,C0_DEFAULT,2048,2,1,0,3921.9,3945.4,5445.5,1504.2
case056_d1w_C0_DEFAULT_N2048_q2_rep1,D1W_WAITSTREAM_OVERLAP,C0_DEFAULT,2048,2,1,1,8681.4,8701.0,10130.0,1428.6
case057_d1w_C0_DEFAULT_N2048_q2_rep2,D1W_WAITSTREAM_OVERLAP,C0_DEFAULT,2048,2,2,0,3917.0,3937.1,5413.3,1482.9
case057_d1w_C0_DEFAULT_N2048_q2_rep2,D1W_WAITSTREAM_OVERLAP,C0_DEFAULT,2048,2,2,1,8701.3,8721.3,10146.2,1427.0
case058_d1w_C0_DEFAULT_N2048_q2_rep3,D1W_WAITSTREAM_OVERLAP,C0_DEFAULT,2048,2,3,0,3921.5,3941.8,5424.3,1488.3
case058_d1w_C0_DEFAULT_N2048_q2_rep3,D1W_WAITSTREAM_OVERLAP,C0_DEFAULT,2048,2,3,1,8686.5,8706.5,10142.7,1432.1
case059_d1w_C0_DEFAULT_N2048_q2_rep4,D1W_WAITSTREAM_OVERLAP,C0_DEFAULT,2048,2,4,0,3920.7,3941.6,5420.3,1489.2
case059_d1w_C0_DEFAULT_N2048_q2_rep4,D1W_WAITSTREAM_OVERLAP,C0_DEFAULT,2048,2,4,1,8722.2,8741.4,10172.9,1431.4
case060_d1w_C0_DEFAULT_N2048_q2_rep5,D1W_WAITSTREAM_OVERLAP,C0_DEFAULT,2048,2,5,0,3917.1,3937.9,5416.5,1488.7
case060_d1w_C0_DEFAULT_N2048_q2_rep5,D1W_WAITSTREAM_OVERLAP,C0_DEFAULT,2048,2,5,1,8698.7,8718.7,10147.7,1431.0
case061_ds_C0_DEFAULT_N2048_q4_rep1,DS_PUSHSIG_SERIAL,C0_DEFAULT,2048,4,1,0,2032.2,2038.0,2827.5,797.9
case061_ds_C0_DEFAULT_N2048_q4_rep1,DS_PUSHSIG_SERIAL,C0_DEFAULT,2048,4,1,1,4553.7,4559.3,5324.7,773.5
case061_ds_C0_DEFAULT_N2048_q4_rep1,DS_PUSHSIG_SERIAL,C0_DEFAULT,2048,4,1,2,7041.4,7047.0,7812.0,767.8
case061_ds_C0_DEFAULT_N2048_q4_rep1,DS_PUSHSIG_SERIAL,C0_DEFAULT,2048,4,1,3,9537.9,9543.5,10280.0,760.1
case062_ds_C0_DEFAULT_N2048_q4_rep2,DS_PUSHSIG_SERIAL,C0_DEFAULT,2048,4,2,0,2037.4,2043.0,2814.2,789.2
case062_ds_C0_DEFAULT_N2048_q4_rep2,DS_PUSHSIG_SERIAL,C0_DEFAULT,2048,4,2,1,4550.5,4556.2,5334.0,783.4
case062_ds_C0_DEFAULT_N2048_q4_rep2,DS_PUSHSIG_SERIAL,C0_DEFAULT,2048,4,2,2,7034.8,7040.3,7806.4,777.8
case062_ds_C0_DEFAULT_N2048_q4_rep2,DS_PUSHSIG_SERIAL,C0_DEFAULT,2048,4,2,3,9478.9,9484.5,10228.5,758.9
case063_ds_C0_DEFAULT_N2048_q4_rep3,DS_PUSHSIG_SERIAL,C0_DEFAULT,2048,4,3,0,2032.8,2038.4,2815.7,796.4
case063_ds_C0_DEFAULT_N2048_q4_rep3,DS_PUSHSIG_SERIAL,C0_DEFAULT,2048,4,3,1,4527.4,4532.9,5303.1,773.2
case063_ds_C0_DEFAULT_N2048_q4_rep3,DS_PUSHSIG_SERIAL,C0_DEFAULT,2048,4,3,2,6973.0,6978.6,7748.3,773.0
case063_ds_C0_DEFAULT_N2048_q4_rep3,DS_PUSHSIG_SERIAL,C0_DEFAULT,2048,4,3,3,9396.7,9402.1,10166.6,758.4
case064_ds_C0_DEFAULT_N2048_q4_rep4,DS_PUSHSIG_SERIAL,C0_DEFAULT,2048,4,4,0,2034.3,2039.9,2817.9,795.3
case064_ds_C0_DEFAULT_N2048_q4_rep4,DS_PUSHSIG_SERIAL,C0_DEFAULT,2048,4,4,1,4535.5,4541.1,5301.7,775.6
case064_ds_C0_DEFAULT_N2048_q4_rep4,DS_PUSHSIG_SERIAL,C0_DEFAULT,2048,4,4,2,6990.4,6995.9,7771.6,774.3
case064_ds_C0_DEFAULT_N2048_q4_rep4,DS_PUSHSIG_SERIAL,C0_DEFAULT,2048,4,4,3,9412.4,9417.9,10164.3,762.4
case065_ds_C0_DEFAULT_N2048_q4_rep5,DS_PUSHSIG_SERIAL,C0_DEFAULT,2048,4,5,0,2033.0,2038.6,2826.1,794.2
case065_ds_C0_DEFAULT_N2048_q4_rep5,DS_PUSHSIG_SERIAL,C0_DEFAULT,2048,4,5,1,4548.5,4554.0,5329.0,776.8
case065_ds_C0_DEFAULT_N2048_q4_rep5,DS_PUSHSIG_SERIAL,C0_DEFAULT,2048,4,5,2,7036.2,7041.8,7810.6,775.0
case065_ds_C0_DEFAULT_N2048_q4_rep5,DS_PUSHSIG_SERIAL,C0_DEFAULT,2048,4,5,3,9502.0,9507.5,10256.0,762.5
case066_d1_C0_DEFAULT_N2048_q4_rep1,D1_PUSHSIG_OVERLAP,C0_DEFAULT,2048,4,1,0,2034.2,2039.7,2819.8,792.4
case066_d1_C0_DEFAULT_N2048_q4_rep1,D1_PUSHSIG_OVERLAP,C0_DEFAULT,2048,4,1,1,4545.9,4551.4,5318.0,778.4
case066_d1_C0_DEFAULT_N2048_q4_rep1,D1_PUSHSIG_OVERLAP,C0_DEFAULT,2048,4,1,2,7024.1,7029.6,7804.8,778.9
case066_d1_C0_DEFAULT_N2048_q4_rep1,D1_PUSHSIG_OVERLAP,C0_DEFAULT,2048,4,1,3,9487.4,9493.0,10235.6,758.5
case067_d1_C0_DEFAULT_N2048_q4_rep2,D1_PUSHSIG_OVERLAP,C0_DEFAULT,2048,4,2,0,2030.0,2035.4,2815.8,793.7
case067_d1_C0_DEFAULT_N2048_q4_rep2,D1_PUSHSIG_OVERLAP,C0_DEFAULT,2048,4,2,1,4532.1,4537.6,5308.2,781.9
case067_d1_C0_DEFAULT_N2048_q4_rep2,D1_PUSHSIG_OVERLAP,C0_DEFAULT,2048,4,2,2,7004.7,7010.3,7773.6,780.3
case067_d1_C0_DEFAULT_N2048_q4_rep2,D1_PUSHSIG_OVERLAP,C0_DEFAULT,2048,4,2,3,9482.7,9488.3,10233.6,756.0
case068_d1_C0_DEFAULT_N2048_q4_rep3,D1_PUSHSIG_OVERLAP,C0_DEFAULT,2048,4,3,0,2034.6,2040.3,2836.1,802.9
case068_d1_C0_DEFAULT_N2048_q4_rep3,D1_PUSHSIG_OVERLAP,C0_DEFAULT,2048,4,3,1,4540.2,4545.7,5324.6,774.7
case068_d1_C0_DEFAULT_N2048_q4_rep3,D1_PUSHSIG_OVERLAP,C0_DEFAULT,2048,4,3,2,6994.8,7000.3,7788.6,786.0
case068_d1_C0_DEFAULT_N2048_q4_rep3,D1_PUSHSIG_OVERLAP,C0_DEFAULT,2048,4,3,3,9425.2,9430.7,10194.5,764.8
case069_d1_C0_DEFAULT_N2048_q4_rep4,D1_PUSHSIG_OVERLAP,C0_DEFAULT,2048,4,4,0,2032.4,2037.9,2812.4,789.3
case069_d1_C0_DEFAULT_N2048_q4_rep4,D1_PUSHSIG_OVERLAP,C0_DEFAULT,2048,4,4,1,4544.5,4549.9,5313.4,773.9
case069_d1_C0_DEFAULT_N2048_q4_rep4,D1_PUSHSIG_OVERLAP,C0_DEFAULT,2048,4,4,2,7013.2,7018.8,7779.9,769.4
case069_d1_C0_DEFAULT_N2048_q4_rep4,D1_PUSHSIG_OVERLAP,C0_DEFAULT,2048,4,4,3,9466.6,9472.2,10217.3,762.4
case070_d1_C0_DEFAULT_N2048_q4_rep5,D1_PUSHSIG_OVERLAP,C0_DEFAULT,2048,4,5,0,2034.9,2040.3,2818.1,792.8
case070_d1_C0_DEFAULT_N2048_q4_rep5,D1_PUSHSIG_OVERLAP,C0_DEFAULT,2048,4,5,1,4539.4,4544.9,5314.4,774.5
case070_d1_C0_DEFAULT_N2048_q4_rep5,D1_PUSHSIG_OVERLAP,C0_DEFAULT,2048,4,5,2,7023.8,7029.4,7800.1,772.3
case070_d1_C0_DEFAULT_N2048_q4_rep5,D1_PUSHSIG_OVERLAP,C0_DEFAULT,2048,4,5,3,9496.7,9502.2,10239.5,759.0
case071_d1w_C0_DEFAULT_N2048_q4_rep1,D1W_WAITSTREAM_OVERLAP,C0_DEFAULT,2048,4,1,0,2034.3,2053.2,2812.8,783.7
case071_d1w_C0_DEFAULT_N2048_q4_rep1,D1W_WAITSTREAM_OVERLAP,C0_DEFAULT,2048,4,1,1,4541.9,4561.0,5318.6,770.2
case071_d1w_C0_DEFAULT_N2048_q4_rep1,D1W_WAITSTREAM_OVERLAP,C0_DEFAULT,2048,4,1,2,7025.7,7045.1,7792.4,771.5
case071_d1w_C0_DEFAULT_N2048_q4_rep1,D1W_WAITSTREAM_OVERLAP,C0_DEFAULT,2048,4,1,3,9474.9,9493.3,10238.7,761.9
case072_d1w_C0_DEFAULT_N2048_q4_rep2,D1W_WAITSTREAM_OVERLAP,C0_DEFAULT,2048,4,2,0,2036.1,2058.8,2852.7,792.2
case072_d1w_C0_DEFAULT_N2048_q4_rep2,D1W_WAITSTREAM_OVERLAP,C0_DEFAULT,2048,4,2,1,4578.3,4601.0,5377.4,772.8
case072_d1w_C0_DEFAULT_N2048_q4_rep2,D1W_WAITSTREAM_OVERLAP,C0_DEFAULT,2048,4,2,2,7067.8,7089.4,7871.1,774.8
case072_d1w_C0_DEFAULT_N2048_q4_rep2,D1W_WAITSTREAM_OVERLAP,C0_DEFAULT,2048,4,2,3,9521.6,9541.7,10277.7,762.0
case073_d1w_C0_DEFAULT_N2048_q4_rep3,D1W_WAITSTREAM_OVERLAP,C0_DEFAULT,2048,4,3,0,2034.0,2054.9,2832.9,789.5
case073_d1w_C0_DEFAULT_N2048_q4_rep3,D1W_WAITSTREAM_OVERLAP,C0_DEFAULT,2048,4,3,1,4559.7,4581.4,5350.8,774.0
case073_d1w_C0_DEFAULT_N2048_q4_rep3,D1W_WAITSTREAM_OVERLAP,C0_DEFAULT,2048,4,3,2,7040.0,7060.6,7822.7,770.9
case073_d1w_C0_DEFAULT_N2048_q4_rep3,D1W_WAITSTREAM_OVERLAP,C0_DEFAULT,2048,4,3,3,9507.6,9531.2,10268.0,761.2
case074_d1w_C0_DEFAULT_N2048_q4_rep4,D1W_WAITSTREAM_OVERLAP,C0_DEFAULT,2048,4,4,0,2034.1,2054.8,2829.9,786.6
case074_d1w_C0_DEFAULT_N2048_q4_rep4,D1W_WAITSTREAM_OVERLAP,C0_DEFAULT,2048,4,4,1,4563.7,4583.7,5349.1,771.1
case074_d1w_C0_DEFAULT_N2048_q4_rep4,D1W_WAITSTREAM_OVERLAP,C0_DEFAULT,2048,4,4,2,7052.6,7072.3,7841.9,774.4
case074_d1w_C0_DEFAULT_N2048_q4_rep4,D1W_WAITSTREAM_OVERLAP,C0_DEFAULT,2048,4,4,3,9507.0,9525.5,10270.6,756.6
case075_d1w_C0_DEFAULT_N2048_q4_rep5,D1W_WAITSTREAM_OVERLAP,C0_DEFAULT,2048,4,5,0,2033.0,2053.4,2813.9,780.1
case075_d1w_C0_DEFAULT_N2048_q4_rep5,D1W_WAITSTREAM_OVERLAP,C0_DEFAULT,2048,4,5,1,4553.3,4573.2,5340.8,770.3
case075_d1w_C0_DEFAULT_N2048_q4_rep5,D1W_WAITSTREAM_OVERLAP,C0_DEFAULT,2048,4,5,2,7035.7,7055.1,7814.3,766.0
case075_d1w_C0_DEFAULT_N2048_q4_rep5,D1W_WAITSTREAM_OVERLAP,C0_DEFAULT,2048,4,5,3,9503.5,9523.5,10256.3,758.6
case076_ds_C0_DEFAULT_N2048_q8_rep1,DS_PUSHSIG_SERIAL,C0_DEFAULT,2048,8,1,0,1080.2,1085.9,1569.3,485.2
case076_ds_C0_DEFAULT_N2048_q8_rep1,DS_PUSHSIG_SERIAL,C0_DEFAULT,2048,8,1,1,2523.5,2529.1,2994.2,467.7
case076_ds_C0_DEFAULT_N2048_q8_rep1,DS_PUSHSIG_SERIAL,C0_DEFAULT,2048,8,1,2,3951.4,3957.0,4426.9,467.7
case076_ds_C0_DEFAULT_N2048_q8_rep1,DS_PUSHSIG_SERIAL,C0_DEFAULT,2048,8,1,3,5374.6,5380.0,5844.6,466.5
case076_ds_C0_DEFAULT_N2048_q8_rep1,DS_PUSHSIG_SERIAL,C0_DEFAULT,2048,8,1,4,8208.2,8213.8,8695.1,468.9
case076_ds_C0_DEFAULT_N2048_q8_rep1,DS_PUSHSIG_SERIAL,C0_DEFAULT,2048,8,1,5,12730.1,12735.5,13211.4,462.2
case076_ds_C0_DEFAULT_N2048_q8_rep1,DS_PUSHSIG_SERIAL,C0_DEFAULT,2048,8,1,6,15992.6,15998.2,16456.1,464.9
case076_ds_C0_DEFAULT_N2048_q8_rep1,DS_PUSHSIG_SERIAL,C0_DEFAULT,2048,8,1,7,17871.2,17876.8,18330.4,456.4
case077_ds_C0_DEFAULT_N2048_q8_rep2,DS_PUSHSIG_SERIAL,C0_DEFAULT,2048,8,2,0,1079.5,1085.1,1561.5,482.7
case077_ds_C0_DEFAULT_N2048_q8_rep2,DS_PUSHSIG_SERIAL,C0_DEFAULT,2048,8,2,1,2510.8,2516.3,2972.9,461.3
case077_ds_C0_DEFAULT_N2048_q8_rep2,DS_PUSHSIG_SERIAL,C0_DEFAULT,2048,8,2,2,3920.7,3926.2,4391.8,460.4
case077_ds_C0_DEFAULT_N2048_q8_rep2,DS_PUSHSIG_SERIAL,C0_DEFAULT,2048,8,2,3,5324.0,5329.6,5785.1,456.9
case077_ds_C0_DEFAULT_N2048_q8_rep2,DS_PUSHSIG_SERIAL,C0_DEFAULT,2048,8,2,4,6769.8,6775.4,7238.1,459.9
case077_ds_C0_DEFAULT_N2048_q8_rep2,DS_PUSHSIG_SERIAL,C0_DEFAULT,2048,8,2,5,12677.8,12683.3,13133.0,458.0
case077_ds_C0_DEFAULT_N2048_q8_rep2,DS_PUSHSIG_SERIAL,C0_DEFAULT,2048,8,2,6,16504.4,16510.0,16973.0,460.1
case077_ds_C0_DEFAULT_N2048_q8_rep2,DS_PUSHSIG_SERIAL,C0_DEFAULT,2048,8,2,7,17846.9,17852.7,18306.6,455.1
case078_ds_C0_DEFAULT_N2048_q8_rep3,DS_PUSHSIG_SERIAL,C0_DEFAULT,2048,8,3,0,1080.5,1086.0,1568.5,483.7
case078_ds_C0_DEFAULT_N2048_q8_rep3,DS_PUSHSIG_SERIAL,C0_DEFAULT,2048,8,3,1,2523.0,2528.4,2988.6,458.6
case078_ds_C0_DEFAULT_N2048_q8_rep3,DS_PUSHSIG_SERIAL,C0_DEFAULT,2048,8,3,2,3948.2,3953.7,4425.8,467.7
case078_ds_C0_DEFAULT_N2048_q8_rep3,DS_PUSHSIG_SERIAL,C0_DEFAULT,2048,8,3,3,5393.1,5398.6,5858.8,458.6
case078_ds_C0_DEFAULT_N2048_q8_rep3,DS_PUSHSIG_SERIAL,C0_DEFAULT,2048,8,3,4,8853.5,8859.2,9318.5,464.9
case078_ds_C0_DEFAULT_N2048_q8_rep3,DS_PUSHSIG_SERIAL,C0_DEFAULT,2048,8,3,5,12254.2,12259.6,12723.8,458.1
case078_ds_C0_DEFAULT_N2048_q8_rep3,DS_PUSHSIG_SERIAL,C0_DEFAULT,2048,8,3,6,15852.0,15857.5,16333.7,468.1
case078_ds_C0_DEFAULT_N2048_q8_rep3,DS_PUSHSIG_SERIAL,C0_DEFAULT,2048,8,3,7,17507.3,17512.7,17967.3,451.7
case079_ds_C0_DEFAULT_N2048_q8_rep4,DS_PUSHSIG_SERIAL,C0_DEFAULT,2048,8,4,0,1080.1,1085.6,1562.2,483.9
case079_ds_C0_DEFAULT_N2048_q8_rep4,DS_PUSHSIG_SERIAL,C0_DEFAULT,2048,8,4,1,2513.8,2519.2,2983.4,464.3
case079_ds_C0_DEFAULT_N2048_q8_rep4,DS_PUSHSIG_SERIAL,C0_DEFAULT,2048,8,4,2,3938.7,3944.2,4409.4,465.3
case079_ds_C0_DEFAULT_N2048_q8_rep4,DS_PUSHSIG_SERIAL,C0_DEFAULT,2048,8,4,3,5357.5,5363.1,5824.4,462.1
case079_ds_C0_DEFAULT_N2048_q8_rep4,DS_PUSHSIG_SERIAL,C0_DEFAULT,2048,8,4,4,6814.2,6819.8,7283.9,463.4
case079_ds_C0_DEFAULT_N2048_q8_rep4,DS_PUSHSIG_SERIAL,C0_DEFAULT,2048,8,4,5,13431.1,13436.7,13901.5,463.3
case079_ds_C0_DEFAULT_N2048_q8_rep4,DS_PUSHSIG_SERIAL,C0_DEFAULT,2048,8,4,6,15621.5,15627.0,16079.3,462.7
case079_ds_C0_DEFAULT_N2048_q8_rep4,DS_PUSHSIG_SERIAL,C0_DEFAULT,2048,8,4,7,17336.3,17341.9,17788.2,456.4
case080_ds_C0_DEFAULT_N2048_q8_rep5,DS_PUSHSIG_SERIAL,C0_DEFAULT,2048,8,5,0,1080.5,1086.0,1565.1,481.3
case080_ds_C0_DEFAULT_N2048_q8_rep5,DS_PUSHSIG_SERIAL,C0_DEFAULT,2048,8,5,1,2526.0,2531.5,2997.8,476.1
case080_ds_C0_DEFAULT_N2048_q8_rep5,DS_PUSHSIG_SERIAL,C0_DEFAULT,2048,8,5,2,3950.2,3955.7,4419.1,466.1
case080_ds_C0_DEFAULT_N2048_q8_rep5,DS_PUSHSIG_SERIAL,C0_DEFAULT,2048,8,5,3,5405.8,5411.4,5889.8,468.3
case080_ds_C0_DEFAULT_N2048_q8_rep5,DS_PUSHSIG_SERIAL,C0_DEFAULT,2048,8,5,4,8893.4,8898.9,9374.7,465.2
case080_ds_C0_DEFAULT_N2048_q8_rep5,DS_PUSHSIG_SERIAL,C0_DEFAULT,2048,8,5,5,13840.5,13846.0,14296.3,466.6
case080_ds_C0_DEFAULT_N2048_q8_rep5,DS_PUSHSIG_SERIAL,C0_DEFAULT,2048,8,5,6,16376.0,16381.4,16835.2,462.5
case080_ds_C0_DEFAULT_N2048_q8_rep5,DS_PUSHSIG_SERIAL,C0_DEFAULT,2048,8,5,7,17912.3,17917.8,18390.1,460.2
case081_d1_C0_DEFAULT_N2048_q8_rep1,D1_PUSHSIG_OVERLAP,C0_DEFAULT,2048,8,1,0,1081.2,1086.8,1558.2,479.1
case081_d1_C0_DEFAULT_N2048_q8_rep1,D1_PUSHSIG_OVERLAP,C0_DEFAULT,2048,8,1,1,2524.7,2530.0,2996.6,469.2
case081_d1_C0_DEFAULT_N2048_q8_rep1,D1_PUSHSIG_OVERLAP,C0_DEFAULT,2048,8,1,2,3952.5,3957.9,4425.9,467.5
case081_d1_C0_DEFAULT_N2048_q8_rep1,D1_PUSHSIG_OVERLAP,C0_DEFAULT,2048,8,1,3,5419.7,5425.3,5887.8,467.4
case081_d1_C0_DEFAULT_N2048_q8_rep1,D1_PUSHSIG_OVERLAP,C0_DEFAULT,2048,8,1,4,8930.0,8935.6,9406.4,466.0
case081_d1_C0_DEFAULT_N2048_q8_rep1,D1_PUSHSIG_OVERLAP,C0_DEFAULT,2048,8,1,5,12693.1,12698.4,13159.6,467.2
case081_d1_C0_DEFAULT_N2048_q8_rep1,D1_PUSHSIG_OVERLAP,C0_DEFAULT,2048,8,1,6,15413.9,15419.4,15877.3,464.1
case081_d1_C0_DEFAULT_N2048_q8_rep1,D1_PUSHSIG_OVERLAP,C0_DEFAULT,2048,8,1,7,17624.7,17630.3,18085.5,460.0
case082_d1_C0_DEFAULT_N2048_q8_rep2,D1_PUSHSIG_OVERLAP,C0_DEFAULT,2048,8,2,0,1081.4,1087.0,1572.3,488.4
case082_d1_C0_DEFAULT_N2048_q8_rep2,D1_PUSHSIG_OVERLAP,C0_DEFAULT,2048,8,2,1,2520.1,2525.6,2984.0,458.9
case082_d1_C0_DEFAULT_N2048_q8_rep2,D1_PUSHSIG_OVERLAP,C0_DEFAULT,2048,8,2,2,3946.1,3951.8,4422.8,470.5
case082_d1_C0_DEFAULT_N2048_q8_rep2,D1_PUSHSIG_OVERLAP,C0_DEFAULT,2048,8,2,3,6573.7,6579.3,7034.5,461.1
case082_d1_C0_DEFAULT_N2048_q8_rep2,D1_PUSHSIG_OVERLAP,C0_DEFAULT,2048,8,2,4,8603.0,8608.7,9076.7,470.3
case082_d1_C0_DEFAULT_N2048_q8_rep2,D1_PUSHSIG_OVERLAP,C0_DEFAULT,2048,8,2,5,12530.3,12535.7,12996.1,461.6
case082_d1_C0_DEFAULT_N2048_q8_rep2,D1_PUSHSIG_OVERLAP,C0_DEFAULT,2048,8,2,6,15911.4,15916.9,16382.0,469.7
case082_d1_C0_DEFAULT_N2048_q8_rep2,D1_PUSHSIG_OVERLAP,C0_DEFAULT,2048,8,2,7,17443.6,17449.2,17912.9,457.7
case083_d1_C0_DEFAULT_N2048_q8_rep3,D1_PUSHSIG_OVERLAP,C0_DEFAULT,2048,8,3,0,1079.6,1085.2,1560.3,476.1
case083_d1_C0_DEFAULT_N2048_q8_rep3,D1_PUSHSIG_OVERLAP,C0_DEFAULT,2048,8,3,1,2517.3,2522.7,2987.7,466.9
case083_d1_C0_DEFAULT_N2048_q8_rep3,D1_PUSHSIG_OVERLAP,C0_DEFAULT,2048,8,3,2,3944.9,3950.5,4408.3,466.1
case083_d1_C0_DEFAULT_N2048_q8_rep3,D1_PUSHSIG_OVERLAP,C0_DEFAULT,2048,8,3,3,5377.9,5383.5,5850.5,467.4
case083_d1_C0_DEFAULT_N2048_q8_rep3,D1_PUSHSIG_OVERLAP,C0_DEFAULT,2048,8,3,4,7991.7,7997.4,8459.2,464.0
case083_d1_C0_DEFAULT_N2048_q8_rep3,D1_PUSHSIG_OVERLAP,C0_DEFAULT,2048,8,3,5,12726.2,12731.7,13199.0,463.3
case083_d1_C0_DEFAULT_N2048_q8_rep3,D1_PUSHSIG_OVERLAP,C0_DEFAULT,2048,8,3,6,15487.4,15499.5,15951.6,463.7
case083_d1_C0_DEFAULT_N2048_q8_rep3,D1_PUSHSIG_OVERLAP,C0_DEFAULT,2048,8,3,7,18092.3,18097.7,18550.3,457.6
case084_d1_C0_DEFAULT_N2048_q8_rep4,D1_PUSHSIG_OVERLAP,C0_DEFAULT,2048,8,4,0,1079.5,1085.1,1564.1,482.1
case084_d1_C0_DEFAULT_N2048_q8_rep4,D1_PUSHSIG_OVERLAP,C0_DEFAULT,2048,8,4,1,2516.2,2521.7,2988.0,461.9
case084_d1_C0_DEFAULT_N2048_q8_rep4,D1_PUSHSIG_OVERLAP,C0_DEFAULT,2048,8,4,2,3943.3,3948.9,4418.3,472.7
case084_d1_C0_DEFAULT_N2048_q8_rep4,D1_PUSHSIG_OVERLAP,C0_DEFAULT,2048,8,4,3,5372.3,5377.7,5841.9,458.9
case084_d1_C0_DEFAULT_N2048_q8_rep4,D1_PUSHSIG_OVERLAP,C0_DEFAULT,2048,8,4,4,8059.5,8065.1,8569.2,467.3
case084_d1_C0_DEFAULT_N2048_q8_rep4,D1_PUSHSIG_OVERLAP,C0_DEFAULT,2048,8,4,5,11551.1,11556.7,12006.5,457.6
case084_d1_C0_DEFAULT_N2048_q8_rep4,D1_PUSHSIG_OVERLAP,C0_DEFAULT,2048,8,4,6,16570.2,16575.9,17037.3,465.4
case084_d1_C0_DEFAULT_N2048_q8_rep4,D1_PUSHSIG_OVERLAP,C0_DEFAULT,2048,8,4,7,18087.4,18094.5,18562.3,455.4
case085_d1_C0_DEFAULT_N2048_q8_rep5,D1_PUSHSIG_OVERLAP,C0_DEFAULT,2048,8,5,0,1079.5,1085.1,1563.0,482.6
case085_d1_C0_DEFAULT_N2048_q8_rep5,D1_PUSHSIG_OVERLAP,C0_DEFAULT,2048,8,5,1,2513.9,2519.5,2987.6,465.1
case085_d1_C0_DEFAULT_N2048_q8_rep5,D1_PUSHSIG_OVERLAP,C0_DEFAULT,2048,8,5,2,3943.8,3949.5,4420.5,468.6
case085_d1_C0_DEFAULT_N2048_q8_rep5,D1_PUSHSIG_OVERLAP,C0_DEFAULT,2048,8,5,3,5377.3,5382.8,5847.1,461.9
case085_d1_C0_DEFAULT_N2048_q8_rep5,D1_PUSHSIG_OVERLAP,C0_DEFAULT,2048,8,5,4,8105.6,8111.2,8634.5,468.0
case085_d1_C0_DEFAULT_N2048_q8_rep5,D1_PUSHSIG_OVERLAP,C0_DEFAULT,2048,8,5,5,12849.2,12854.8,13315.2,463.9
case085_d1_C0_DEFAULT_N2048_q8_rep5,D1_PUSHSIG_OVERLAP,C0_DEFAULT,2048,8,5,6,15407.2,15412.7,15950.8,464.3
case085_d1_C0_DEFAULT_N2048_q8_rep5,D1_PUSHSIG_OVERLAP,C0_DEFAULT,2048,8,5,7,17345.7,17351.3,17804.1,458.8
case086_d1w_C0_DEFAULT_N2048_q8_rep1,D1W_WAITSTREAM_OVERLAP,C0_DEFAULT,2048,8,1,0,1080.3,1102.6,1569.7,469.3
case086_d1w_C0_DEFAULT_N2048_q8_rep1,D1W_WAITSTREAM_OVERLAP,C0_DEFAULT,2048,8,1,1,2524.0,2544.7,3003.5,457.8
case086_d1w_C0_DEFAULT_N2048_q8_rep1,D1W_WAITSTREAM_OVERLAP,C0_DEFAULT,2048,8,1,2,3962.8,3986.5,4454.5,455.9
case086_d1w_C0_DEFAULT_N2048_q8_rep1,D1W_WAITSTREAM_OVERLAP,C0_DEFAULT,2048,8,1,3,7069.5,7089.7,7540.1,456.7
case086_d1w_C0_DEFAULT_N2048_q8_rep1,D1W_WAITSTREAM_OVERLAP,C0_DEFAULT,2048,8,1,4,10485.9,10505.7,10952.5,456.9
case086_d1w_C0_DEFAULT_N2048_q8_rep1,D1W_WAITSTREAM_OVERLAP,C0_DEFAULT,2048,8,1,5,13411.9,13434.9,13896.7,454.9
case086_d1w_C0_DEFAULT_N2048_q8_rep1,D1W_WAITSTREAM_OVERLAP,C0_DEFAULT,2048,8,1,6,16141.8,16165.8,16639.3,455.8
case086_d1w_C0_DEFAULT_N2048_q8_rep1,D1W_WAITSTREAM_OVERLAP,C0_DEFAULT,2048,8,1,7,18127.2,18146.9,18590.0,447.5
case087_d1w_C0_DEFAULT_N2048_q8_rep2,D1W_WAITSTREAM_OVERLAP,C0_DEFAULT,2048,8,2,0,1079.0,1100.7,1566.7,471.6
case087_d1w_C0_DEFAULT_N2048_q8_rep2,D1W_WAITSTREAM_OVERLAP,C0_DEFAULT,2048,8,2,1,2516.7,2538.2,2991.4,455.3
case087_d1w_C0_DEFAULT_N2048_q8_rep2,D1W_WAITSTREAM_OVERLAP,C0_DEFAULT,2048,8,2,2,3952.5,3975.5,4428.6,454.1
case087_d1w_C0_DEFAULT_N2048_q8_rep2,D1W_WAITSTREAM_OVERLAP,C0_DEFAULT,2048,8,2,3,5393.9,5415.2,5871.3,453.5
case087_d1w_C0_DEFAULT_N2048_q8_rep2,D1W_WAITSTREAM_OVERLAP,C0_DEFAULT,2048,8,2,4,8230.5,8250.4,8701.2,454.5
case087_d1w_C0_DEFAULT_N2048_q8_rep2,D1W_WAITSTREAM_OVERLAP,C0_DEFAULT,2048,8,2,5,12391.2,12411.2,12855.8,452.6
case087_d1w_C0_DEFAULT_N2048_q8_rep2,D1W_WAITSTREAM_OVERLAP,C0_DEFAULT,2048,8,2,6,15240.3,15265.3,15732.4,454.4
case087_d1w_C0_DEFAULT_N2048_q8_rep2,D1W_WAITSTREAM_OVERLAP,C0_DEFAULT,2048,8,2,7,17802.5,17821.6,18263.2,445.3
case088_d1w_C0_DEFAULT_N2048_q8_rep3,D1W_WAITSTREAM_OVERLAP,C0_DEFAULT,2048,8,3,0,1079.6,1101.2,1565.3,466.8
case088_d1w_C0_DEFAULT_N2048_q8_rep3,D1W_WAITSTREAM_OVERLAP,C0_DEFAULT,2048,8,3,1,2520.6,2542.5,2995.0,455.9
case088_d1w_C0_DEFAULT_N2048_q8_rep3,D1W_WAITSTREAM_OVERLAP,C0_DEFAULT,2048,8,3,2,3959.5,3982.1,4434.4,453.6
case088_d1w_C0_DEFAULT_N2048_q8_rep3,D1W_WAITSTREAM_OVERLAP,C0_DEFAULT,2048,8,3,3,5395.1,5418.0,5864.1,454.6
case088_d1w_C0_DEFAULT_N2048_q8_rep3,D1W_WAITSTREAM_OVERLAP,C0_DEFAULT,2048,8,3,4,6845.9,6865.3,7324.5,455.4
case088_d1w_C0_DEFAULT_N2048_q8_rep3,D1W_WAITSTREAM_OVERLAP,C0_DEFAULT,2048,8,3,5,11297.7,11317.9,11763.9,454.0
case088_d1w_C0_DEFAULT_N2048_q8_rep3,D1W_WAITSTREAM_OVERLAP,C0_DEFAULT,2048,8,3,6,15521.8,15543.0,16004.0,455.3
case088_d1w_C0_DEFAULT_N2048_q8_rep3,D1W_WAITSTREAM_OVERLAP,C0_DEFAULT,2048,8,3,7,17409.8,17429.3,17875.4,446.2
case089_d1w_C0_DEFAULT_N2048_q8_rep4,D1W_WAITSTREAM_OVERLAP,C0_DEFAULT,2048,8,4,0,1078.8,1099.5,1558.6,467.8
case089_d1w_C0_DEFAULT_N2048_q8_rep4,D1W_WAITSTREAM_OVERLAP,C0_DEFAULT,2048,8,4,1,2515.9,2535.9,2987.4,454.7
case089_d1w_C0_DEFAULT_N2048_q8_rep4,D1W_WAITSTREAM_OVERLAP,C0_DEFAULT,2048,8,4,2,3937.5,3958.9,4411.8,452.1
case089_d1w_C0_DEFAULT_N2048_q8_rep4,D1W_WAITSTREAM_OVERLAP,C0_DEFAULT,2048,8,4,3,5391.1,5413.2,5866.4,453.3
case089_d1w_C0_DEFAULT_N2048_q8_rep4,D1W_WAITSTREAM_OVERLAP,C0_DEFAULT,2048,8,4,4,10182.1,10201.0,10643.9,453.5
case089_d1w_C0_DEFAULT_N2048_q8_rep4,D1W_WAITSTREAM_OVERLAP,C0_DEFAULT,2048,8,4,5,12743.5,12765.0,13226.5,451.3
case089_d1w_C0_DEFAULT_N2048_q8_rep4,D1W_WAITSTREAM_OVERLAP,C0_DEFAULT,2048,8,4,6,15111.8,15133.4,15601.4,454.7
case089_d1w_C0_DEFAULT_N2048_q8_rep4,D1W_WAITSTREAM_OVERLAP,C0_DEFAULT,2048,8,4,7,16928.9,16947.1,17398.1,444.6
case090_d1w_C0_DEFAULT_N2048_q8_rep5,D1W_WAITSTREAM_OVERLAP,C0_DEFAULT,2048,8,5,0,1079.8,1101.5,1568.4,468.1
case090_d1w_C0_DEFAULT_N2048_q8_rep5,D1W_WAITSTREAM_OVERLAP,C0_DEFAULT,2048,8,5,1,2522.9,2545.9,2999.5,458.1
case090_d1w_C0_DEFAULT_N2048_q8_rep5,D1W_WAITSTREAM_OVERLAP,C0_DEFAULT,2048,8,5,2,3957.4,3978.4,4428.6,454.4
case090_d1w_C0_DEFAULT_N2048_q8_rep5,D1W_WAITSTREAM_OVERLAP,C0_DEFAULT,2048,8,5,3,5408.9,5434.4,5900.2,456.2
case090_d1w_C0_DEFAULT_N2048_q8_rep5,D1W_WAITSTREAM_OVERLAP,C0_DEFAULT,2048,8,5,4,9901.0,9922.2,10376.0,454.8
case090_d1w_C0_DEFAULT_N2048_q8_rep5,D1W_WAITSTREAM_OVERLAP,C0_DEFAULT,2048,8,5,5,12445.0,12465.2,12910.5,455.9
case090_d1w_C0_DEFAULT_N2048_q8_rep5,D1W_WAITSTREAM_OVERLAP,C0_DEFAULT,2048,8,5,6,15120.8,15139.6,15597.6,455.5
case090_d1w_C0_DEFAULT_N2048_q8_rep5,D1W_WAITSTREAM_OVERLAP,C0_DEFAULT,2048,8,5,7,17171.1,17195.9,17644.7,446.9
case091_ds_C0_DEFAULT_N4096_q2_rep1,DS_PUSHSIG_SERIAL,C0_DEFAULT,4096,2,1,0,3917.1,3922.9,7357.5,3463.3
case091_ds_C0_DEFAULT_N4096_q2_rep1,DS_PUSHSIG_SERIAL,C0_DEFAULT,4096,2,1,1,10437.1,10442.5,13793.7,3402.8
case092_ds_C0_DEFAULT_N4096_q2_rep2,DS_PUSHSIG_SERIAL,C0_DEFAULT,4096,2,2,0,3921.1,3926.5,7346.6,3461.6
case092_ds_C0_DEFAULT_N4096_q2_rep2,DS_PUSHSIG_SERIAL,C0_DEFAULT,4096,2,2,1,10488.2,10493.7,13810.0,3412.9
case093_ds_C0_DEFAULT_N4096_q2_rep3,DS_PUSHSIG_SERIAL,C0_DEFAULT,4096,2,3,0,3920.8,3926.4,7352.1,3462.4
case093_ds_C0_DEFAULT_N4096_q2_rep3,DS_PUSHSIG_SERIAL,C0_DEFAULT,4096,2,3,1,10495.5,10501.2,13872.5,3407.2
case094_ds_C0_DEFAULT_N4096_q2_rep4,DS_PUSHSIG_SERIAL,C0_DEFAULT,4096,2,4,0,3920.6,3926.2,7337.6,3446.3
case094_ds_C0_DEFAULT_N4096_q2_rep4,DS_PUSHSIG_SERIAL,C0_DEFAULT,4096,2,4,1,10446.0,10451.6,13810.7,3416.3
case095_ds_C0_DEFAULT_N4096_q2_rep5,DS_PUSHSIG_SERIAL,C0_DEFAULT,4096,2,5,0,3916.2,3921.6,7356.2,3455.2
case095_ds_C0_DEFAULT_N4096_q2_rep5,DS_PUSHSIG_SERIAL,C0_DEFAULT,4096,2,5,1,10452.9,10458.5,13837.5,3415.0
case096_d1_C0_DEFAULT_N4096_q2_rep1,D1_PUSHSIG_OVERLAP,C0_DEFAULT,4096,2,1,0,3923.8,3929.6,7324.0,3449.2
case096_d1_C0_DEFAULT_N4096_q2_rep1,D1_PUSHSIG_OVERLAP,C0_DEFAULT,4096,2,1,1,10509.8,10515.3,13877.4,3407.4
case097_d1_C0_DEFAULT_N4096_q2_rep2,D1_PUSHSIG_OVERLAP,C0_DEFAULT,4096,2,2,0,3915.6,3921.1,7328.0,3448.9
case097_d1_C0_DEFAULT_N4096_q2_rep2,D1_PUSHSIG_OVERLAP,C0_DEFAULT,4096,2,2,1,10511.2,10516.7,13875.1,3418.2
case098_d1_C0_DEFAULT_N4096_q2_rep3,D1_PUSHSIG_OVERLAP,C0_DEFAULT,4096,2,3,0,3918.3,3923.8,7342.9,3466.0
case098_d1_C0_DEFAULT_N4096_q2_rep3,D1_PUSHSIG_OVERLAP,C0_DEFAULT,4096,2,3,1,10474.0,10479.4,13802.1,3409.0
case099_d1_C0_DEFAULT_N4096_q2_rep4,D1_PUSHSIG_OVERLAP,C0_DEFAULT,4096,2,4,0,3919.5,3925.1,7341.8,3465.1
case099_d1_C0_DEFAULT_N4096_q2_rep4,D1_PUSHSIG_OVERLAP,C0_DEFAULT,4096,2,4,1,10490.1,10495.6,13820.8,3402.6
case100_d1_C0_DEFAULT_N4096_q2_rep5,D1_PUSHSIG_OVERLAP,C0_DEFAULT,4096,2,5,0,3917.9,3923.4,7353.0,3462.9
case100_d1_C0_DEFAULT_N4096_q2_rep5,D1_PUSHSIG_OVERLAP,C0_DEFAULT,4096,2,5,1,10503.7,10509.3,13851.8,3414.8
case101_d1w_C0_DEFAULT_N4096_q2_rep1,D1W_WAITSTREAM_OVERLAP,C0_DEFAULT,4096,2,1,0,3920.4,3940.3,7342.4,3455.0
case101_d1w_C0_DEFAULT_N4096_q2_rep1,D1W_WAITSTREAM_OVERLAP,C0_DEFAULT,4096,2,1,1,10491.0,10515.4,13868.0,3412.2
case102_d1w_C0_DEFAULT_N4096_q2_rep2,D1W_WAITSTREAM_OVERLAP,C0_DEFAULT,4096,2,2,0,3920.6,3940.4,7350.6,3455.6
case102_d1w_C0_DEFAULT_N4096_q2_rep2,D1W_WAITSTREAM_OVERLAP,C0_DEFAULT,4096,2,2,1,10473.1,10494.5,13839.6,3407.9
case103_d1w_C0_DEFAULT_N4096_q2_rep3,D1W_WAITSTREAM_OVERLAP,C0_DEFAULT,4096,2,3,0,3918.4,3938.9,7323.1,3437.7
case103_d1w_C0_DEFAULT_N4096_q2_rep3,D1W_WAITSTREAM_OVERLAP,C0_DEFAULT,4096,2,3,1,10523.6,10543.3,13899.5,3405.3
case104_d1w_C0_DEFAULT_N4096_q2_rep4,D1W_WAITSTREAM_OVERLAP,C0_DEFAULT,4096,2,4,0,3918.9,3939.0,7340.0,3462.9
case104_d1w_C0_DEFAULT_N4096_q2_rep4,D1W_WAITSTREAM_OVERLAP,C0_DEFAULT,4096,2,4,1,10526.9,10546.4,13897.7,3412.9
case105_d1w_C0_DEFAULT_N4096_q2_rep5,D1W_WAITSTREAM_OVERLAP,C0_DEFAULT,4096,2,5,0,3919.6,3939.7,7358.2,3452.4
case105_d1w_C0_DEFAULT_N4096_q2_rep5,D1W_WAITSTREAM_OVERLAP,C0_DEFAULT,4096,2,5,1,10522.8,10542.8,13883.4,3422.2
case106_ds_C0_DEFAULT_N4096_q4_rep1,DS_PUSHSIG_SERIAL,C0_DEFAULT,4096,4,1,0,2033.9,2039.5,3449.5,1416.1
case106_ds_C0_DEFAULT_N4096_q4_rep1,DS_PUSHSIG_SERIAL,C0_DEFAULT,4096,4,1,1,5192.7,5198.3,6594.6,1398.9
case106_ds_C0_DEFAULT_N4096_q4_rep1,DS_PUSHSIG_SERIAL,C0_DEFAULT,4096,4,1,2,8326.6,8332.3,9728.5,1398.5
case106_ds_C0_DEFAULT_N4096_q4_rep1,DS_PUSHSIG_SERIAL,C0_DEFAULT,4096,4,1,3,11447.5,11453.0,12837.2,1383.8
case107_ds_C0_DEFAULT_N4096_q4_rep2,DS_PUSHSIG_SERIAL,C0_DEFAULT,4096,4,2,0,2034.6,2040.3,3450.0,1413.7
case107_ds_C0_DEFAULT_N4096_q4_rep2,DS_PUSHSIG_SERIAL,C0_DEFAULT,4096,4,2,1,5189.6,5195.1,6594.4,1402.3
case107_ds_C0_DEFAULT_N4096_q4_rep2,DS_PUSHSIG_SERIAL,C0_DEFAULT,4096,4,2,2,8327.4,8332.9,9727.2,1397.8
case107_ds_C0_DEFAULT_N4096_q4_rep2,DS_PUSHSIG_SERIAL,C0_DEFAULT,4096,4,2,3,11440.6,11446.1,12822.9,1384.7
case108_ds_C0_DEFAULT_N4096_q4_rep3,DS_PUSHSIG_SERIAL,C0_DEFAULT,4096,4,3,0,2034.8,2040.5,3449.3,1418.6
case108_ds_C0_DEFAULT_N4096_q4_rep3,DS_PUSHSIG_SERIAL,C0_DEFAULT,4096,4,3,1,5190.5,5196.1,6593.1,1399.0
case108_ds_C0_DEFAULT_N4096_q4_rep3,DS_PUSHSIG_SERIAL,C0_DEFAULT,4096,4,3,2,8326.7,8332.1,9725.7,1395.2
case108_ds_C0_DEFAULT_N4096_q4_rep3,DS_PUSHSIG_SERIAL,C0_DEFAULT,4096,4,3,3,11443.0,11448.6,12831.9,1384.9
case109_ds_C0_DEFAULT_N4096_q4_rep4,DS_PUSHSIG_SERIAL,C0_DEFAULT,4096,4,4,0,2031.5,2037.0,3446.8,1422.1
case109_ds_C0_DEFAULT_N4096_q4_rep4,DS_PUSHSIG_SERIAL,C0_DEFAULT,4096,4,4,1,5175.6,5181.1,6580.4,1398.2
case109_ds_C0_DEFAULT_N4096_q4_rep4,DS_PUSHSIG_SERIAL,C0_DEFAULT,4096,4,4,2,8262.8,8268.3,9669.1,1399.2
case109_ds_C0_DEFAULT_N4096_q4_rep4,DS_PUSHSIG_SERIAL,C0_DEFAULT,4096,4,4,3,11328.2,11333.7,12711.7,1381.0
case110_ds_C0_DEFAULT_N4096_q4_rep5,DS_PUSHSIG_SERIAL,C0_DEFAULT,4096,4,5,0,2033.1,2038.7,3445.1,1419.3
case110_ds_C0_DEFAULT_N4096_q4_rep5,DS_PUSHSIG_SERIAL,C0_DEFAULT,4096,4,5,1,5187.2,5192.7,6586.4,1396.8
case110_ds_C0_DEFAULT_N4096_q4_rep5,DS_PUSHSIG_SERIAL,C0_DEFAULT,4096,4,5,2,8317.8,8323.2,9720.9,1397.5
case110_ds_C0_DEFAULT_N4096_q4_rep5,DS_PUSHSIG_SERIAL,C0_DEFAULT,4096,4,5,3,11447.8,11453.3,12836.4,1383.7
case111_d1_C0_DEFAULT_N4096_q4_rep1,D1_PUSHSIG_OVERLAP,C0_DEFAULT,4096,4,1,0,2036.3,2041.8,3453.7,1418.6
case111_d1_C0_DEFAULT_N4096_q4_rep1,D1_PUSHSIG_OVERLAP,C0_DEFAULT,4096,4,1,1,5192.3,5197.9,6598.7,1401.8
case111_d1_C0_DEFAULT_N4096_q4_rep1,D1_PUSHSIG_OVERLAP,C0_DEFAULT,4096,4,1,2,8325.9,8331.5,9731.1,1399.9
case111_d1_C0_DEFAULT_N4096_q4_rep1,D1_PUSHSIG_OVERLAP,C0_DEFAULT,4096,4,1,3,11447.9,11453.6,12839.4,1386.1
case112_d1_C0_DEFAULT_N4096_q4_rep2,D1_PUSHSIG_OVERLAP,C0_DEFAULT,4096,4,2,0,2032.9,2038.4,3447.7,1422.6
case112_d1_C0_DEFAULT_N4096_q4_rep2,D1_PUSHSIG_OVERLAP,C0_DEFAULT,4096,4,2,1,5166.7,5172.2,6570.8,1397.7
case112_d1_C0_DEFAULT_N4096_q4_rep2,D1_PUSHSIG_OVERLAP,C0_DEFAULT,4096,4,2,2,8257.1,8262.7,9665.5,1397.5
case112_d1_C0_DEFAULT_N4096_q4_rep2,D1_PUSHSIG_OVERLAP,C0_DEFAULT,4096,4,2,3,11331.4,11337.1,12718.0,1383.2
case113_d1_C0_DEFAULT_N4096_q4_rep3,D1_PUSHSIG_OVERLAP,C0_DEFAULT,4096,4,3,0,2034.0,2039.5,3452.4,1421.0
case113_d1_C0_DEFAULT_N4096_q4_rep3,D1_PUSHSIG_OVERLAP,C0_DEFAULT,4096,4,3,1,5189.6,5195.2,6597.8,1401.1
case113_d1_C0_DEFAULT_N4096_q4_rep3,D1_PUSHSIG_OVERLAP,C0_DEFAULT,4096,4,3,2,8313.1,8318.7,9716.2,1399.2
case113_d1_C0_DEFAULT_N4096_q4_rep3,D1_PUSHSIG_OVERLAP,C0_DEFAULT,4096,4,3,3,11411.6,11417.0,12807.6,1385.7
case114_d1_C0_DEFAULT_N4096_q4_rep4,D1_PUSHSIG_OVERLAP,C0_DEFAULT,4096,4,4,0,2033.9,2039.4,3447.7,1417.1
case114_d1_C0_DEFAULT_N4096_q4_rep4,D1_PUSHSIG_OVERLAP,C0_DEFAULT,4096,4,4,1,5186.5,5192.1,6590.3,1401.7
case114_d1_C0_DEFAULT_N4096_q4_rep4,D1_PUSHSIG_OVERLAP,C0_DEFAULT,4096,4,4,2,8319.9,8325.5,9721.2,1395.8
case114_d1_C0_DEFAULT_N4096_q4_rep4,D1_PUSHSIG_OVERLAP,C0_DEFAULT,4096,4,4,3,11452.3,11457.9,12832.0,1386.2
case115_d1_C0_DEFAULT_N4096_q4_rep5,D1_PUSHSIG_OVERLAP,C0_DEFAULT,4096,4,5,0,2034.8,2040.3,3450.4,1421.1
case115_d1_C0_DEFAULT_N4096_q4_rep5,D1_PUSHSIG_OVERLAP,C0_DEFAULT,4096,4,5,1,5189.9,5195.4,6591.4,1398.5
case115_d1_C0_DEFAULT_N4096_q4_rep5,D1_PUSHSIG_OVERLAP,C0_DEFAULT,4096,4,5,2,8321.2,8326.7,9723.9,1398.6
case115_d1_C0_DEFAULT_N4096_q4_rep5,D1_PUSHSIG_OVERLAP,C0_DEFAULT,4096,4,5,3,11434.7,11440.3,12824.2,1383.8
case116_d1w_C0_DEFAULT_N4096_q4_rep1,D1W_WAITSTREAM_OVERLAP,C0_DEFAULT,4096,4,1,0,2033.3,2053.6,3451.2,1406.9
case116_d1w_C0_DEFAULT_N4096_q4_rep1,D1W_WAITSTREAM_OVERLAP,C0_DEFAULT,4096,4,1,1,5193.3,5213.1,6605.7,1395.8
case116_d1w_C0_DEFAULT_N4096_q4_rep1,D1W_WAITSTREAM_OVERLAP,C0_DEFAULT,4096,4,1,2,8334.7,8355.6,9751.2,1394.7
case116_d1w_C0_DEFAULT_N4096_q4_rep1,D1W_WAITSTREAM_OVERLAP,C0_DEFAULT,4096,4,1,3,11470.8,11490.7,12874.1,1381.1
case117_d1w_C0_DEFAULT_N4096_q4_rep2,D1W_WAITSTREAM_OVERLAP,C0_DEFAULT,4096,4,2,0,2033.7,2053.3,3446.4,1407.8
case117_d1w_C0_DEFAULT_N4096_q4_rep2,D1W_WAITSTREAM_OVERLAP,C0_DEFAULT,4096,4,2,1,5193.3,5214.0,6603.1,1391.5
case117_d1w_C0_DEFAULT_N4096_q4_rep2,D1W_WAITSTREAM_OVERLAP,C0_DEFAULT,4096,4,2,2,8337.1,8356.4,9745.1,1391.8
case117_d1w_C0_DEFAULT_N4096_q4_rep2,D1W_WAITSTREAM_OVERLAP,C0_DEFAULT,4096,4,2,3,11477.6,11497.6,12869.9,1378.2
case118_d1w_C0_DEFAULT_N4096_q4_rep3,D1W_WAITSTREAM_OVERLAP,C0_DEFAULT,4096,4,3,0,2030.8,2050.6,3440.5,1399.4
case118_d1w_C0_DEFAULT_N4096_q4_rep3,D1W_WAITSTREAM_OVERLAP,C0_DEFAULT,4096,4,3,1,5182.1,5203.0,6588.5,1392.4
case118_d1w_C0_DEFAULT_N4096_q4_rep3,D1W_WAITSTREAM_OVERLAP,C0_DEFAULT,4096,4,3,2,8323.1,8343.3,9734.2,1392.1
case118_d1w_C0_DEFAULT_N4096_q4_rep3,D1W_WAITSTREAM_OVERLAP,C0_DEFAULT,4096,4,3,3,11458.9,11477.2,12858.6,1377.9
case119_d1w_C0_DEFAULT_N4096_q4_rep4,D1W_WAITSTREAM_OVERLAP,C0_DEFAULT,4096,4,4,0,2034.0,2053.8,3450.7,1406.6
case119_d1w_C0_DEFAULT_N4096_q4_rep4,D1W_WAITSTREAM_OVERLAP,C0_DEFAULT,4096,4,4,1,5198.6,5218.5,6609.8,1392.9
case119_d1w_C0_DEFAULT_N4096_q4_rep4,D1W_WAITSTREAM_OVERLAP,C0_DEFAULT,4096,4,4,2,8347.5,8367.1,9759.0,1393.4
case119_d1w_C0_DEFAULT_N4096_q4_rep4,D1W_WAITSTREAM_OVERLAP,C0_DEFAULT,4096,4,4,3,11485.7,11505.4,12880.0,1379.0
case120_d1w_C0_DEFAULT_N4096_q4_rep5,D1W_WAITSTREAM_OVERLAP,C0_DEFAULT,4096,4,5,0,2030.9,2050.5,3441.3,1407.4
case120_d1w_C0_DEFAULT_N4096_q4_rep5,D1W_WAITSTREAM_OVERLAP,C0_DEFAULT,4096,4,5,1,5183.3,5202.6,6590.2,1393.0
case120_d1w_C0_DEFAULT_N4096_q4_rep5,D1W_WAITSTREAM_OVERLAP,C0_DEFAULT,4096,4,5,2,8325.0,8343.5,9730.5,1392.6
case120_d1w_C0_DEFAULT_N4096_q4_rep5,D1W_WAITSTREAM_OVERLAP,C0_DEFAULT,4096,4,5,3,11469.5,11489.4,12868.8,1380.6
case121_ds_C0_DEFAULT_N4096_q8_rep1,DS_PUSHSIG_SERIAL,C0_DEFAULT,4096,8,1,0,1078.7,1084.3,1926.3,849.6
case121_ds_C0_DEFAULT_N4096_q8_rep1,DS_PUSHSIG_SERIAL,C0_DEFAULT,4096,8,1,1,2870.8,2876.4,3706.0,831.1
case121_ds_C0_DEFAULT_N4096_q8_rep1,DS_PUSHSIG_SERIAL,C0_DEFAULT,4096,8,1,2,4626.1,4631.7,5465.7,837.5
case121_ds_C0_DEFAULT_N4096_q8_rep1,DS_PUSHSIG_SERIAL,C0_DEFAULT,4096,8,1,3,6365.4,6370.9,7194.6,829.4
case121_ds_C0_DEFAULT_N4096_q8_rep1,DS_PUSHSIG_SERIAL,C0_DEFAULT,4096,8,1,4,8114.8,8120.3,8961.7,836.2
case121_ds_C0_DEFAULT_N4096_q8_rep1,DS_PUSHSIG_SERIAL,C0_DEFAULT,4096,8,1,5,9860.2,9865.7,10688.5,827.8
case121_ds_C0_DEFAULT_N4096_q8_rep1,DS_PUSHSIG_SERIAL,C0_DEFAULT,4096,8,1,6,11642.6,11648.1,12487.2,839.7
case121_ds_C0_DEFAULT_N4096_q8_rep1,DS_PUSHSIG_SERIAL,C0_DEFAULT,4096,8,1,7,13524.5,13529.9,14357.4,827.2
case122_ds_C0_DEFAULT_N4096_q8_rep2,DS_PUSHSIG_SERIAL,C0_DEFAULT,4096,8,2,0,1079.6,1085.0,1927.9,851.3
case122_ds_C0_DEFAULT_N4096_q8_rep2,DS_PUSHSIG_SERIAL,C0_DEFAULT,4096,8,2,1,2885.0,2890.5,3723.6,835.6
case122_ds_C0_DEFAULT_N4096_q8_rep2,DS_PUSHSIG_SERIAL,C0_DEFAULT,4096,8,2,2,4663.7,4669.3,5502.6,835.4
case122_ds_C0_DEFAULT_N4096_q8_rep2,DS_PUSHSIG_SERIAL,C0_DEFAULT,4096,8,2,3,6452.0,6457.6,7288.1,834.0
case122_ds_C0_DEFAULT_N4096_q8_rep2,DS_PUSHSIG_SERIAL,C0_DEFAULT,4096,8,2,4,8230.8,8236.4,9068.1,834.3
case122_ds_C0_DEFAULT_N4096_q8_rep2,DS_PUSHSIG_SERIAL,C0_DEFAULT,4096,8,2,5,10011.6,10017.0,10841.0,836.4
case122_ds_C0_DEFAULT_N4096_q8_rep2,DS_PUSHSIG_SERIAL,C0_DEFAULT,4096,8,2,6,11808.7,11814.2,12648.7,830.3
case122_ds_C0_DEFAULT_N4096_q8_rep2,DS_PUSHSIG_SERIAL,C0_DEFAULT,4096,8,2,7,13596.2,13601.7,14439.4,836.4
case123_ds_C0_DEFAULT_N4096_q8_rep3,DS_PUSHSIG_SERIAL,C0_DEFAULT,4096,8,3,0,1077.2,1082.9,1925.3,852.7
case123_ds_C0_DEFAULT_N4096_q8_rep3,DS_PUSHSIG_SERIAL,C0_DEFAULT,4096,8,3,1,2856.5,2862.1,3702.6,835.2
case123_ds_C0_DEFAULT_N4096_q8_rep3,DS_PUSHSIG_SERIAL,C0_DEFAULT,4096,8,3,2,4581.1,4586.7,5429.4,833.2
case123_ds_C0_DEFAULT_N4096_q8_rep3,DS_PUSHSIG_SERIAL,C0_DEFAULT,4096,8,3,3,6289.7,6302.1,7133.1,830.3
case123_ds_C0_DEFAULT_N4096_q8_rep3,DS_PUSHSIG_SERIAL,C0_DEFAULT,4096,8,3,4,8005.0,8010.5,8843.0,835.5
case123_ds_C0_DEFAULT_N4096_q8_rep3,DS_PUSHSIG_SERIAL,C0_DEFAULT,4096,8,3,5,9764.4,9770.0,10595.8,831.8
case123_ds_C0_DEFAULT_N4096_q8_rep3,DS_PUSHSIG_SERIAL,C0_DEFAULT,4096,8,3,6,11515.8,11521.4,12345.6,832.6
case123_ds_C0_DEFAULT_N4096_q8_rep3,DS_PUSHSIG_SERIAL,C0_DEFAULT,4096,8,3,7,13270.3,13275.8,14116.9,835.5
case124_ds_C0_DEFAULT_N4096_q8_rep4,DS_PUSHSIG_SERIAL,C0_DEFAULT,4096,8,4,0,1080.3,1086.0,1932.1,851.1
case124_ds_C0_DEFAULT_N4096_q8_rep4,DS_PUSHSIG_SERIAL,C0_DEFAULT,4096,8,4,1,2887.9,2893.4,3726.8,836.0
case124_ds_C0_DEFAULT_N4096_q8_rep4,DS_PUSHSIG_SERIAL,C0_DEFAULT,4096,8,4,2,4667.7,4673.4,5509.7,839.3
case124_ds_C0_DEFAULT_N4096_q8_rep4,DS_PUSHSIG_SERIAL,C0_DEFAULT,4096,8,4,3,6438.7,6444.2,7277.6,833.2
case124_ds_C0_DEFAULT_N4096_q8_rep4,DS_PUSHSIG_SERIAL,C0_DEFAULT,4096,8,4,4,8209.6,8215.1,9042.9,836.0
case124_ds_C0_DEFAULT_N4096_q8_rep4,DS_PUSHSIG_SERIAL,C0_DEFAULT,4096,8,4,5,9977.4,9982.8,10810.9,831.2
case124_ds_C0_DEFAULT_N4096_q8_rep4,DS_PUSHSIG_SERIAL,C0_DEFAULT,4096,8,4,6,11744.5,11750.0,12578.0,837.5
case124_ds_C0_DEFAULT_N4096_q8_rep4,DS_PUSHSIG_SERIAL,C0_DEFAULT,4096,8,4,7,13533.7,13539.2,14382.5,837.4
case125_ds_C0_DEFAULT_N4096_q8_rep5,DS_PUSHSIG_SERIAL,C0_DEFAULT,4096,8,5,0,1078.0,1083.5,1926.8,848.4
case125_ds_C0_DEFAULT_N4096_q8_rep5,DS_PUSHSIG_SERIAL,C0_DEFAULT,4096,8,5,1,2853.7,2859.2,3690.0,830.8
case125_ds_C0_DEFAULT_N4096_q8_rep5,DS_PUSHSIG_SERIAL,C0_DEFAULT,4096,8,5,2,4577.7,4583.2,5425.5,841.5
case125_ds_C0_DEFAULT_N4096_q8_rep5,DS_PUSHSIG_SERIAL,C0_DEFAULT,4096,8,5,3,6267.4,6272.9,7099.5,828.2
case125_ds_C0_DEFAULT_N4096_q8_rep5,DS_PUSHSIG_SERIAL,C0_DEFAULT,4096,8,5,4,7982.3,7987.8,8830.1,839.2
case125_ds_C0_DEFAULT_N4096_q8_rep5,DS_PUSHSIG_SERIAL,C0_DEFAULT,4096,8,5,5,9743.5,9749.1,10574.5,827.6
case125_ds_C0_DEFAULT_N4096_q8_rep5,DS_PUSHSIG_SERIAL,C0_DEFAULT,4096,8,5,6,11484.2,11489.7,12356.8,838.0
case125_ds_C0_DEFAULT_N4096_q8_rep5,DS_PUSHSIG_SERIAL,C0_DEFAULT,4096,8,5,7,13413.1,13418.6,14241.6,828.4
case126_d1_C0_DEFAULT_N4096_q8_rep1,D1_PUSHSIG_OVERLAP,C0_DEFAULT,4096,8,1,0,1080.3,1085.7,1929.7,851.3
case126_d1_C0_DEFAULT_N4096_q8_rep1,D1_PUSHSIG_OVERLAP,C0_DEFAULT,4096,8,1,1,2891.3,2896.9,3732.3,836.7
case126_d1_C0_DEFAULT_N4096_q8_rep1,D1_PUSHSIG_OVERLAP,C0_DEFAULT,4096,8,1,2,4672.1,4679.4,5515.1,838.1
case126_d1_C0_DEFAULT_N4096_q8_rep1,D1_PUSHSIG_OVERLAP,C0_DEFAULT,4096,8,1,3,6448.3,6453.8,7282.2,835.2
case126_d1_C0_DEFAULT_N4096_q8_rep1,D1_PUSHSIG_OVERLAP,C0_DEFAULT,4096,8,1,4,8222.4,8228.0,9059.9,837.3
case126_d1_C0_DEFAULT_N4096_q8_rep1,D1_PUSHSIG_OVERLAP,C0_DEFAULT,4096,8,1,5,10001.8,10007.3,10848.9,838.0
case126_d1_C0_DEFAULT_N4096_q8_rep1,D1_PUSHSIG_OVERLAP,C0_DEFAULT,4096,8,1,6,11798.9,11804.5,12639.4,837.8
case126_d1_C0_DEFAULT_N4096_q8_rep1,D1_PUSHSIG_OVERLAP,C0_DEFAULT,4096,8,1,7,13648.8,13654.4,14487.3,836.8
case127_d1_C0_DEFAULT_N4096_q8_rep2,D1_PUSHSIG_OVERLAP,C0_DEFAULT,4096,8,2,0,1080.3,1085.9,1932.8,854.0
case127_d1_C0_DEFAULT_N4096_q8_rep2,D1_PUSHSIG_OVERLAP,C0_DEFAULT,4096,8,2,1,2886.7,2892.2,3722.5,832.5
case127_d1_C0_DEFAULT_N4096_q8_rep2,D1_PUSHSIG_OVERLAP,C0_DEFAULT,4096,8,2,2,4660.1,4665.6,5504.4,842.4
case127_d1_C0_DEFAULT_N4096_q8_rep2,D1_PUSHSIG_OVERLAP,C0_DEFAULT,4096,8,2,3,6426.2,6431.8,7267.5,835.3
case127_d1_C0_DEFAULT_N4096_q8_rep2,D1_PUSHSIG_OVERLAP,C0_DEFAULT,4096,8,2,4,8220.7,8226.3,9062.1,839.1
case127_d1_C0_DEFAULT_N4096_q8_rep2,D1_PUSHSIG_OVERLAP,C0_DEFAULT,4096,8,2,5,10002.8,10008.3,10829.7,831.6
case127_d1_C0_DEFAULT_N4096_q8_rep2,D1_PUSHSIG_OVERLAP,C0_DEFAULT,4096,8,2,6,11794.8,11800.3,12629.9,835.3
case127_d1_C0_DEFAULT_N4096_q8_rep2,D1_PUSHSIG_OVERLAP,C0_DEFAULT,4096,8,2,7,13599.4,13605.0,14445.3,832.8
case128_d1_C0_DEFAULT_N4096_q8_rep3,D1_PUSHSIG_OVERLAP,C0_DEFAULT,4096,8,3,0,1080.4,1085.9,1932.4,851.2
case128_d1_C0_DEFAULT_N4096_q8_rep3,D1_PUSHSIG_OVERLAP,C0_DEFAULT,4096,8,3,1,2885.3,2890.9,3721.8,829.4
case128_d1_C0_DEFAULT_N4096_q8_rep3,D1_PUSHSIG_OVERLAP,C0_DEFAULT,4096,8,3,2,4653.6,4659.2,5496.1,838.5
case128_d1_C0_DEFAULT_N4096_q8_rep3,D1_PUSHSIG_OVERLAP,C0_DEFAULT,4096,8,3,3,6426.2,6431.9,7262.7,829.3
case128_d1_C0_DEFAULT_N4096_q8_rep3,D1_PUSHSIG_OVERLAP,C0_DEFAULT,4096,8,3,4,8193.0,8198.5,9043.6,836.0
case128_d1_C0_DEFAULT_N4096_q8_rep3,D1_PUSHSIG_OVERLAP,C0_DEFAULT,4096,8,3,5,9959.8,9965.3,10792.6,829.3
case128_d1_C0_DEFAULT_N4096_q8_rep3,D1_PUSHSIG_OVERLAP,C0_DEFAULT,4096,8,3,6,11733.9,11739.4,12562.7,838.8
case128_d1_C0_DEFAULT_N4096_q8_rep3,D1_PUSHSIG_OVERLAP,C0_DEFAULT,4096,8,3,7,13531.9,13537.4,14386.6,829.1
case129_d1_C0_DEFAULT_N4096_q8_rep4,D1_PUSHSIG_OVERLAP,C0_DEFAULT,4096,8,4,0,1078.7,1084.5,1924.5,850.1
case129_d1_C0_DEFAULT_N4096_q8_rep4,D1_PUSHSIG_OVERLAP,C0_DEFAULT,4096,8,4,1,2873.2,2878.6,3718.3,839.6
case129_d1_C0_DEFAULT_N4096_q8_rep4,D1_PUSHSIG_OVERLAP,C0_DEFAULT,4096,8,4,2,4623.7,4629.1,5458.0,829.4
case129_d1_C0_DEFAULT_N4096_q8_rep4,D1_PUSHSIG_OVERLAP,C0_DEFAULT,4096,8,4,3,6347.7,6353.3,7196.9,844.8
case129_d1_C0_DEFAULT_N4096_q8_rep4,D1_PUSHSIG_OVERLAP,C0_DEFAULT,4096,8,4,4,8051.5,8057.1,8880.7,830.5
case129_d1_C0_DEFAULT_N4096_q8_rep4,D1_PUSHSIG_OVERLAP,C0_DEFAULT,4096,8,4,5,9790.8,9796.1,10640.7,837.2
case129_d1_C0_DEFAULT_N4096_q8_rep4,D1_PUSHSIG_OVERLAP,C0_DEFAULT,4096,8,4,6,11526.4,11531.9,12370.4,831.3
case129_d1_C0_DEFAULT_N4096_q8_rep4,D1_PUSHSIG_OVERLAP,C0_DEFAULT,4096,8,4,7,13268.6,13274.2,14111.2,840.3
case130_d1_C0_DEFAULT_N4096_q8_rep5,D1_PUSHSIG_OVERLAP,C0_DEFAULT,4096,8,5,0,1081.0,1086.5,1933.3,853.3
case130_d1_C0_DEFAULT_N4096_q8_rep5,D1_PUSHSIG_OVERLAP,C0_DEFAULT,4096,8,5,1,2894.9,2900.4,3728.6,831.9
case130_d1_C0_DEFAULT_N4096_q8_rep5,D1_PUSHSIG_OVERLAP,C0_DEFAULT,4096,8,5,2,4673.1,4678.7,5512.7,841.2
case130_d1_C0_DEFAULT_N4096_q8_rep5,D1_PUSHSIG_OVERLAP,C0_DEFAULT,4096,8,5,3,6452.5,6458.1,7286.4,829.5
case130_d1_C0_DEFAULT_N4096_q8_rep5,D1_PUSHSIG_OVERLAP,C0_DEFAULT,4096,8,5,4,8216.9,8222.5,9064.4,840.0
case130_d1_C0_DEFAULT_N4096_q8_rep5,D1_PUSHSIG_OVERLAP,C0_DEFAULT,4096,8,5,5,9997.6,10003.2,10839.4,830.5
case130_d1_C0_DEFAULT_N4096_q8_rep5,D1_PUSHSIG_OVERLAP,C0_DEFAULT,4096,8,5,6,11782.4,11787.9,12629.4,838.6
case130_d1_C0_DEFAULT_N4096_q8_rep5,D1_PUSHSIG_OVERLAP,C0_DEFAULT,4096,8,5,7,13564.4,13570.0,14398.7,830.9
case131_d1w_C0_DEFAULT_N4096_q8_rep1,D1W_WAITSTREAM_OVERLAP,C0_DEFAULT,4096,8,1,0,1080.3,1102.5,1938.0,842.3
case131_d1w_C0_DEFAULT_N4096_q8_rep1,D1W_WAITSTREAM_OVERLAP,C0_DEFAULT,4096,8,1,1,2885.0,2905.9,3728.0,825.9
case131_d1w_C0_DEFAULT_N4096_q8_rep1,D1W_WAITSTREAM_OVERLAP,C0_DEFAULT,4096,8,1,2,4674.0,4696.5,5522.3,826.6
case131_d1w_C0_DEFAULT_N4096_q8_rep1,D1W_WAITSTREAM_OVERLAP,C0_DEFAULT,4096,8,1,3,6448.1,6468.1,7292.1,825.6
case131_d1w_C0_DEFAULT_N4096_q8_rep1,D1W_WAITSTREAM_OVERLAP,C0_DEFAULT,4096,8,1,4,8226.6,8246.8,9069.3,826.0
case131_d1w_C0_DEFAULT_N4096_q8_rep1,D1W_WAITSTREAM_OVERLAP,C0_DEFAULT,4096,8,1,5,10031.5,10051.5,10874.4,826.3
case131_d1w_C0_DEFAULT_N4096_q8_rep1,D1W_WAITSTREAM_OVERLAP,C0_DEFAULT,4096,8,1,6,11828.6,11848.2,12682.1,827.3
case131_d1w_C0_DEFAULT_N4096_q8_rep1,D1W_WAITSTREAM_OVERLAP,C0_DEFAULT,4096,8,1,7,13658.5,13676.8,14492.3,825.6
case132_d1w_C0_DEFAULT_N4096_q8_rep2,D1W_WAITSTREAM_OVERLAP,C0_DEFAULT,4096,8,2,0,1080.1,1102.2,1932.3,839.2
case132_d1w_C0_DEFAULT_N4096_q8_rep2,D1W_WAITSTREAM_OVERLAP,C0_DEFAULT,4096,8,2,1,2886.7,2906.5,3728.5,824.6
case132_d1w_C0_DEFAULT_N4096_q8_rep2,D1W_WAITSTREAM_OVERLAP,C0_DEFAULT,4096,8,2,2,4673.3,4693.8,5515.8,824.0
case132_d1w_C0_DEFAULT_N4096_q8_rep2,D1W_WAITSTREAM_OVERLAP,C0_DEFAULT,4096,8,2,3,6453.5,6474.6,7300.1,825.2
case132_d1w_C0_DEFAULT_N4096_q8_rep2,D1W_WAITSTREAM_OVERLAP,C0_DEFAULT,4096,8,2,4,8259.7,8280.4,9098.5,823.2
case132_d1w_C0_DEFAULT_N4096_q8_rep2,D1W_WAITSTREAM_OVERLAP,C0_DEFAULT,4096,8,2,5,10038.7,10059.5,10883.6,823.0
case132_d1w_C0_DEFAULT_N4096_q8_rep2,D1W_WAITSTREAM_OVERLAP,C0_DEFAULT,4096,8,2,6,11844.1,11863.8,12680.3,824.9
case132_d1w_C0_DEFAULT_N4096_q8_rep2,D1W_WAITSTREAM_OVERLAP,C0_DEFAULT,4096,8,2,7,13633.1,13653.4,14472.1,822.9
case133_d1w_C0_DEFAULT_N4096_q8_rep3,D1W_WAITSTREAM_OVERLAP,C0_DEFAULT,4096,8,3,0,1079.4,1101.8,1938.3,841.4
case133_d1w_C0_DEFAULT_N4096_q8_rep3,D1W_WAITSTREAM_OVERLAP,C0_DEFAULT,4096,8,3,1,2882.6,2905.6,3726.9,826.8
case133_d1w_C0_DEFAULT_N4096_q8_rep3,D1W_WAITSTREAM_OVERLAP,C0_DEFAULT,4096,8,3,2,4667.0,4688.1,5512.7,826.5
case133_d1w_C0_DEFAULT_N4096_q8_rep3,D1W_WAITSTREAM_OVERLAP,C0_DEFAULT,4096,8,3,3,6434.7,6461.2,7279.6,826.5
case133_d1w_C0_DEFAULT_N4096_q8_rep3,D1W_WAITSTREAM_OVERLAP,C0_DEFAULT,4096,8,3,4,8212.1,8233.6,9061.2,827.6
case133_d1w_C0_DEFAULT_N4096_q8_rep3,D1W_WAITSTREAM_OVERLAP,C0_DEFAULT,4096,8,3,5,9993.5,10013.7,10833.2,825.6
case133_d1w_C0_DEFAULT_N4096_q8_rep3,D1W_WAITSTREAM_OVERLAP,C0_DEFAULT,4096,8,3,6,11788.2,11807.5,12633.1,826.4
case133_d1w_C0_DEFAULT_N4096_q8_rep3,D1W_WAITSTREAM_OVERLAP,C0_DEFAULT,4096,8,3,7,13554.5,13592.5,14430.6,824.7
case134_d1w_C0_DEFAULT_N4096_q8_rep4,D1W_WAITSTREAM_OVERLAP,C0_DEFAULT,4096,8,4,0,1078.8,1100.0,1935.6,842.5
case134_d1w_C0_DEFAULT_N4096_q8_rep4,D1W_WAITSTREAM_OVERLAP,C0_DEFAULT,4096,8,4,1,2879.8,2899.7,3719.6,824.6
case134_d1w_C0_DEFAULT_N4096_q8_rep4,D1W_WAITSTREAM_OVERLAP,C0_DEFAULT,4096,8,4,2,4661.2,4682.1,5499.2,824.4
case134_d1w_C0_DEFAULT_N4096_q8_rep4,D1W_WAITSTREAM_OVERLAP,C0_DEFAULT,4096,8,4,3,6416.1,6437.1,7257.7,822.3
case134_d1w_C0_DEFAULT_N4096_q8_rep4,D1W_WAITSTREAM_OVERLAP,C0_DEFAULT,4096,8,4,4,8162.7,8181.9,9004.5,824.8
case134_d1w_C0_DEFAULT_N4096_q8_rep4,D1W_WAITSTREAM_OVERLAP,C0_DEFAULT,4096,8,4,5,9944.4,9964.8,10784.1,824.0
case134_d1w_C0_DEFAULT_N4096_q8_rep4,D1W_WAITSTREAM_OVERLAP,C0_DEFAULT,4096,8,4,6,11701.3,11721.4,12540.1,823.3
case134_d1w_C0_DEFAULT_N4096_q8_rep4,D1W_WAITSTREAM_OVERLAP,C0_DEFAULT,4096,8,4,7,13471.6,13490.6,14331.5,822.9
case135_d1w_C0_DEFAULT_N4096_q8_rep5,D1W_WAITSTREAM_OVERLAP,C0_DEFAULT,4096,8,5,0,1080.5,1101.6,1934.1,841.8
case135_d1w_C0_DEFAULT_N4096_q8_rep5,D1W_WAITSTREAM_OVERLAP,C0_DEFAULT,4096,8,5,1,2880.1,2900.5,3723.6,825.1
case135_d1w_C0_DEFAULT_N4096_q8_rep5,D1W_WAITSTREAM_OVERLAP,C0_DEFAULT,4096,8,5,2,4658.7,4678.5,5500.5,823.2
case135_d1w_C0_DEFAULT_N4096_q8_rep5,D1W_WAITSTREAM_OVERLAP,C0_DEFAULT,4096,8,5,3,6432.4,6452.7,7267.4,823.5
case135_d1w_C0_DEFAULT_N4096_q8_rep5,D1W_WAITSTREAM_OVERLAP,C0_DEFAULT,4096,8,5,4,8221.3,8242.5,9066.9,824.4
case135_d1w_C0_DEFAULT_N4096_q8_rep5,D1W_WAITSTREAM_OVERLAP,C0_DEFAULT,4096,8,5,5,10039.3,10058.5,10875.7,823.7
case135_d1w_C0_DEFAULT_N4096_q8_rep5,D1W_WAITSTREAM_OVERLAP,C0_DEFAULT,4096,8,5,6,11812.8,11833.7,12666.7,824.5
case135_d1w_C0_DEFAULT_N4096_q8_rep5,D1W_WAITSTREAM_OVERLAP,C0_DEFAULT,4096,8,5,7,13645.2,13666.3,14488.2,823.6
case136_ds_C0_DEFAULT_N2048_q16_rep1,DS_PUSHSIG_SERIAL,C0_DEFAULT,2048,16,1,0,601.2,606.8,849.7,245.0
case136_ds_C0_DEFAULT_N2048_q16_rep1,DS_PUSHSIG_SERIAL,C0_DEFAULT,2048,16,1,1,1391.7,1397.0,1639.1,237.4
case136_ds_C0_DEFAULT_N2048_q16_rep1,DS_PUSHSIG_SERIAL,C0_DEFAULT,2048,16,1,2,2144.7,2150.2,2384.7,234.1
case136_ds_C0_DEFAULT_N2048_q16_rep1,DS_PUSHSIG_SERIAL,C0_DEFAULT,2048,16,1,3,4662.1,4667.8,4892.4,235.8
case136_ds_C0_DEFAULT_N2048_q16_rep1,DS_PUSHSIG_SERIAL,C0_DEFAULT,2048,16,1,4,6921.9,6927.4,7159.3,237.0
case136_ds_C0_DEFAULT_N2048_q16_rep1,DS_PUSHSIG_SERIAL,C0_DEFAULT,2048,16,1,5,8414.3,8419.9,8653.6,235.3
case136_ds_C0_DEFAULT_N2048_q16_rep1,DS_PUSHSIG_SERIAL,C0_DEFAULT,2048,16,1,6,10745.6,10751.1,10990.5,236.5
case136_ds_C0_DEFAULT_N2048_q16_rep1,DS_PUSHSIG_SERIAL,C0_DEFAULT,2048,16,1,7,12173.1,12180.8,12582.1,237.3
case136_ds_C0_DEFAULT_N2048_q16_rep1,DS_PUSHSIG_SERIAL,C0_DEFAULT,2048,16,1,8,14460.4,14465.7,14713.5,235.0
case136_ds_C0_DEFAULT_N2048_q16_rep1,DS_PUSHSIG_SERIAL,C0_DEFAULT,2048,16,1,9,15621.2,15626.6,15866.9,234.6
case136_ds_C0_DEFAULT_N2048_q16_rep1,DS_PUSHSIG_SERIAL,C0_DEFAULT,2048,16,1,10,16700.3,16705.5,16948.0,234.7
case136_ds_C0_DEFAULT_N2048_q16_rep1,DS_PUSHSIG_SERIAL,C0_DEFAULT,2048,16,1,11,17900.5,17906.2,18153.9,234.9
case136_ds_C0_DEFAULT_N2048_q16_rep1,DS_PUSHSIG_SERIAL,C0_DEFAULT,2048,16,1,12,18689.8,18695.4,18925.8,237.0
case136_ds_C0_DEFAULT_N2048_q16_rep1,DS_PUSHSIG_SERIAL,C0_DEFAULT,2048,16,1,13,19846.8,19852.3,20089.6,237.1
case136_ds_C0_DEFAULT_N2048_q16_rep1,DS_PUSHSIG_SERIAL,C0_DEFAULT,2048,16,1,14,21118.0,21124.2,21365.7,236.0
case136_ds_C0_DEFAULT_N2048_q16_rep1,DS_PUSHSIG_SERIAL,C0_DEFAULT,2048,16,1,15,23042.4,23048.1,23272.0,233.1
case137_ds_C0_DEFAULT_N2048_q16_rep2,DS_PUSHSIG_SERIAL,C0_DEFAULT,2048,16,2,0,603.2,608.7,860.3,246.6
case137_ds_C0_DEFAULT_N2048_q16_rep2,DS_PUSHSIG_SERIAL,C0_DEFAULT,2048,16,2,1,1398.4,1403.8,1655.0,247.3
case137_ds_C0_DEFAULT_N2048_q16_rep2,DS_PUSHSIG_SERIAL,C0_DEFAULT,2048,16,2,2,2148.8,2154.4,2392.1,238.2
case137_ds_C0_DEFAULT_N2048_q16_rep2,DS_PUSHSIG_SERIAL,C0_DEFAULT,2048,16,2,3,4431.7,4438.7,4818.8,244.5
case137_ds_C0_DEFAULT_N2048_q16_rep2,DS_PUSHSIG_SERIAL,C0_DEFAULT,2048,16,2,4,7547.5,7552.9,7804.8,246.4
case137_ds_C0_DEFAULT_N2048_q16_rep2,DS_PUSHSIG_SERIAL,C0_DEFAULT,2048,16,2,5,8945.3,8950.9,9199.6,240.9
case137_ds_C0_DEFAULT_N2048_q16_rep2,DS_PUSHSIG_SERIAL,C0_DEFAULT,2048,16,2,6,9768.8,9774.5,10038.4,237.3
case137_ds_C0_DEFAULT_N2048_q16_rep2,DS_PUSHSIG_SERIAL,C0_DEFAULT,2048,16,2,7,10897.8,10903.5,11129.9,241.6
case137_ds_C0_DEFAULT_N2048_q16_rep2,DS_PUSHSIG_SERIAL,C0_DEFAULT,2048,16,2,8,11904.0,11909.6,12145.9,240.2
case137_ds_C0_DEFAULT_N2048_q16_rep2,DS_PUSHSIG_SERIAL,C0_DEFAULT,2048,16,2,9,13664.5,13670.0,13908.8,240.1
case137_ds_C0_DEFAULT_N2048_q16_rep2,DS_PUSHSIG_SERIAL,C0_DEFAULT,2048,16,2,10,15198.8,15204.3,15540.4,241.1
case137_ds_C0_DEFAULT_N2048_q16_rep2,DS_PUSHSIG_SERIAL,C0_DEFAULT,2048,16,2,11,16937.5,16943.1,17172.8,241.2
case137_ds_C0_DEFAULT_N2048_q16_rep2,DS_PUSHSIG_SERIAL,C0_DEFAULT,2048,16,2,12,18306.1,18311.6,18555.4,238.8
case137_ds_C0_DEFAULT_N2048_q16_rep2,DS_PUSHSIG_SERIAL,C0_DEFAULT,2048,16,2,13,19902.8,19908.3,20144.6,241.7
case137_ds_C0_DEFAULT_N2048_q16_rep2,DS_PUSHSIG_SERIAL,C0_DEFAULT,2048,16,2,14,21655.3,21660.7,21912.7,244.1
case137_ds_C0_DEFAULT_N2048_q16_rep2,DS_PUSHSIG_SERIAL,C0_DEFAULT,2048,16,2,15,23730.2,23735.6,23961.9,234.9
case138_ds_C0_DEFAULT_N2048_q16_rep3,DS_PUSHSIG_SERIAL,C0_DEFAULT,2048,16,3,0,605.5,611.4,866.6,245.5
case138_ds_C0_DEFAULT_N2048_q16_rep3,DS_PUSHSIG_SERIAL,C0_DEFAULT,2048,16,3,1,1386.6,1393.2,1648.5,251.7
case138_ds_C0_DEFAULT_N2048_q16_rep3,DS_PUSHSIG_SERIAL,C0_DEFAULT,2048,16,3,2,2146.1,2151.6,2398.3,240.2
case138_ds_C0_DEFAULT_N2048_q16_rep3,DS_PUSHSIG_SERIAL,C0_DEFAULT,2048,16,3,3,5403.7,5409.2,5689.1,242.3
case138_ds_C0_DEFAULT_N2048_q16_rep3,DS_PUSHSIG_SERIAL,C0_DEFAULT,2048,16,3,4,6987.3,6992.6,7234.4,248.7
case138_ds_C0_DEFAULT_N2048_q16_rep3,DS_PUSHSIG_SERIAL,C0_DEFAULT,2048,16,3,5,7684.1,7689.4,8115.3,241.0
case138_ds_C0_DEFAULT_N2048_q16_rep3,DS_PUSHSIG_SERIAL,C0_DEFAULT,2048,16,3,6,9023.2,9033.9,9275.2,246.1
case138_ds_C0_DEFAULT_N2048_q16_rep3,DS_PUSHSIG_SERIAL,C0_DEFAULT,2048,16,3,7,9773.3,9778.8,10017.7,246.0
case138_ds_C0_DEFAULT_N2048_q16_rep3,DS_PUSHSIG_SERIAL,C0_DEFAULT,2048,16,3,8,10770.0,10775.6,11644.8,243.6
case138_ds_C0_DEFAULT_N2048_q16_rep3,DS_PUSHSIG_SERIAL,C0_DEFAULT,2048,16,3,9,13604.0,13609.4,13860.3,244.1
case138_ds_C0_DEFAULT_N2048_q16_rep3,DS_PUSHSIG_SERIAL,C0_DEFAULT,2048,16,3,10,16032.4,16041.0,16301.2,245.4
case138_ds_C0_DEFAULT_N2048_q16_rep3,DS_PUSHSIG_SERIAL,C0_DEFAULT,2048,16,3,11,17621.4,17627.0,17875.3,247.8
case138_ds_C0_DEFAULT_N2048_q16_rep3,DS_PUSHSIG_SERIAL,C0_DEFAULT,2048,16,3,12,18460.9,18466.3,18691.5,246.8
case138_ds_C0_DEFAULT_N2048_q16_rep3,DS_PUSHSIG_SERIAL,C0_DEFAULT,2048,16,3,13,19656.0,19661.5,19902.1,245.7
case138_ds_C0_DEFAULT_N2048_q16_rep3,DS_PUSHSIG_SERIAL,C0_DEFAULT,2048,16,3,14,20613.6,20619.1,20862.5,247.8
case138_ds_C0_DEFAULT_N2048_q16_rep3,DS_PUSHSIG_SERIAL,C0_DEFAULT,2048,16,3,15,22998.1,23003.5,23664.7,234.6
case139_ds_C0_DEFAULT_N2048_q16_rep4,DS_PUSHSIG_SERIAL,C0_DEFAULT,2048,16,4,0,600.2,605.8,858.3,244.3
case139_ds_C0_DEFAULT_N2048_q16_rep4,DS_PUSHSIG_SERIAL,C0_DEFAULT,2048,16,4,1,1384.2,1389.7,1659.2,245.8
case139_ds_C0_DEFAULT_N2048_q16_rep4,DS_PUSHSIG_SERIAL,C0_DEFAULT,2048,16,4,2,2204.5,2210.1,2447.8,237.7
case139_ds_C0_DEFAULT_N2048_q16_rep4,DS_PUSHSIG_SERIAL,C0_DEFAULT,2048,16,4,3,6824.0,6829.6,7080.5,238.3
case139_ds_C0_DEFAULT_N2048_q16_rep4,DS_PUSHSIG_SERIAL,C0_DEFAULT,2048,16,4,4,7589.9,7595.4,7829.2,242.8
case139_ds_C0_DEFAULT_N2048_q16_rep4,DS_PUSHSIG_SERIAL,C0_DEFAULT,2048,16,4,5,8672.2,8677.8,8922.2,239.9
case139_ds_C0_DEFAULT_N2048_q16_rep4,DS_PUSHSIG_SERIAL,C0_DEFAULT,2048,16,4,6,9564.2,9569.8,9801.0,239.1
case139_ds_C0_DEFAULT_N2048_q16_rep4,DS_PUSHSIG_SERIAL,C0_DEFAULT,2048,16,4,7,10304.9,10310.4,10556.1,243.8
case139_ds_C0_DEFAULT_N2048_q16_rep4,DS_PUSHSIG_SERIAL,C0_DEFAULT,2048,16,4,8,11041.2,11046.7,11286.5,237.0
case139_ds_C0_DEFAULT_N2048_q16_rep4,DS_PUSHSIG_SERIAL,C0_DEFAULT,2048,16,4,9,12459.6,12465.1,12710.0,242.9
case139_ds_C0_DEFAULT_N2048_q16_rep4,DS_PUSHSIG_SERIAL,C0_DEFAULT,2048,16,4,10,15347.4,15352.8,15578.4,244.0
case139_ds_C0_DEFAULT_N2048_q16_rep4,DS_PUSHSIG_SERIAL,C0_DEFAULT,2048,16,4,11,16713.1,16718.8,16958.1,238.0
case139_ds_C0_DEFAULT_N2048_q16_rep4,DS_PUSHSIG_SERIAL,C0_DEFAULT,2048,16,4,12,17958.9,17964.6,18205.3,237.6
case139_ds_C0_DEFAULT_N2048_q16_rep4,DS_PUSHSIG_SERIAL,C0_DEFAULT,2048,16,4,13,18866.6,18872.1,19113.0,236.9
case139_ds_C0_DEFAULT_N2048_q16_rep4,DS_PUSHSIG_SERIAL,C0_DEFAULT,2048,16,4,14,20122.7,20128.1,20359.9,238.3
case139_ds_C0_DEFAULT_N2048_q16_rep4,DS_PUSHSIG_SERIAL,C0_DEFAULT,2048,16,4,15,22216.4,22222.0,22455.4,231.2
case140_ds_C0_DEFAULT_N2048_q16_rep5,DS_PUSHSIG_SERIAL,C0_DEFAULT,2048,16,5,0,601.7,607.2,854.2,244.9
case140_ds_C0_DEFAULT_N2048_q16_rep5,DS_PUSHSIG_SERIAL,C0_DEFAULT,2048,16,5,1,1397.7,1403.3,1650.7,241.9
case140_ds_C0_DEFAULT_N2048_q16_rep5,DS_PUSHSIG_SERIAL,C0_DEFAULT,2048,16,5,2,2180.5,2186.2,2418.0,233.2
case140_ds_C0_DEFAULT_N2048_q16_rep5,DS_PUSHSIG_SERIAL,C0_DEFAULT,2048,16,5,3,6538.8,6544.3,6941.3,240.4
case140_ds_C0_DEFAULT_N2048_q16_rep5,DS_PUSHSIG_SERIAL,C0_DEFAULT,2048,16,5,4,7449.9,7455.3,7693.3,236.2
case140_ds_C0_DEFAULT_N2048_q16_rep5,DS_PUSHSIG_SERIAL,C0_DEFAULT,2048,16,5,5,8364.7,8370.3,8621.7,236.8
case140_ds_C0_DEFAULT_N2048_q16_rep5,DS_PUSHSIG_SERIAL,C0_DEFAULT,2048,16,5,6,9174.5,9179.9,9438.9,234.5
case140_ds_C0_DEFAULT_N2048_q16_rep5,DS_PUSHSIG_SERIAL,C0_DEFAULT,2048,16,5,7,10639.6,10645.0,10893.6,237.1
case140_ds_C0_DEFAULT_N2048_q16_rep5,DS_PUSHSIG_SERIAL,C0_DEFAULT,2048,16,5,8,11877.6,11883.2,12109.1,234.9
case140_ds_C0_DEFAULT_N2048_q16_rep5,DS_PUSHSIG_SERIAL,C0_DEFAULT,2048,16,5,9,13001.1,13006.5,13236.7,239.6
case140_ds_C0_DEFAULT_N2048_q16_rep5,DS_PUSHSIG_SERIAL,C0_DEFAULT,2048,16,5,10,14951.4,14956.9,15202.4,236.5
case140_ds_C0_DEFAULT_N2048_q16_rep5,DS_PUSHSIG_SERIAL,C0_DEFAULT,2048,16,5,11,17307.0,17312.4,17570.3,236.3
case140_ds_C0_DEFAULT_N2048_q16_rep5,DS_PUSHSIG_SERIAL,C0_DEFAULT,2048,16,5,12,18176.2,18181.7,18466.9,235.2
case140_ds_C0_DEFAULT_N2048_q16_rep5,DS_PUSHSIG_SERIAL,C0_DEFAULT,2048,16,5,13,19032.9,19038.4,19272.7,242.8
case140_ds_C0_DEFAULT_N2048_q16_rep5,DS_PUSHSIG_SERIAL,C0_DEFAULT,2048,16,5,14,21046.3,21051.9,21282.9,233.9
case140_ds_C0_DEFAULT_N2048_q16_rep5,DS_PUSHSIG_SERIAL,C0_DEFAULT,2048,16,5,15,24257.2,24262.7,24501.2,235.0
case141_d1_C0_DEFAULT_N2048_q16_rep1,D1_PUSHSIG_OVERLAP,C0_DEFAULT,2048,16,1,0,790.4,796.0,1240.4,247.7
case141_d1_C0_DEFAULT_N2048_q16_rep1,D1_PUSHSIG_OVERLAP,C0_DEFAULT,2048,16,1,1,1866.6,1872.1,2098.4,241.6
case141_d1_C0_DEFAULT_N2048_q16_rep1,D1_PUSHSIG_OVERLAP,C0_DEFAULT,2048,16,1,2,5235.8,5241.3,5473.2,236.8
case141_d1_C0_DEFAULT_N2048_q16_rep1,D1_PUSHSIG_OVERLAP,C0_DEFAULT,2048,16,1,3,7148.9,7154.4,7381.5,238.3
case141_d1_C0_DEFAULT_N2048_q16_rep1,D1_PUSHSIG_OVERLAP,C0_DEFAULT,2048,16,1,4,8492.0,8497.5,8739.0,236.0
case141_d1_C0_DEFAULT_N2048_q16_rep1,D1_PUSHSIG_OVERLAP,C0_DEFAULT,2048,16,1,5,10233.5,10239.0,10738.9,235.5
case141_d1_C0_DEFAULT_N2048_q16_rep1,D1_PUSHSIG_OVERLAP,C0_DEFAULT,2048,16,1,6,11264.2,11269.7,11492.3,233.6
case141_d1_C0_DEFAULT_N2048_q16_rep1,D1_PUSHSIG_OVERLAP,C0_DEFAULT,2048,16,1,7,12779.3,12784.9,13021.3,237.4
case141_d1_C0_DEFAULT_N2048_q16_rep1,D1_PUSHSIG_OVERLAP,C0_DEFAULT,2048,16,1,8,13687.1,13692.6,13915.4,236.2
case141_d1_C0_DEFAULT_N2048_q16_rep1,D1_PUSHSIG_OVERLAP,C0_DEFAULT,2048,16,1,9,14681.3,14686.9,14905.9,237.2
case141_d1_C0_DEFAULT_N2048_q16_rep1,D1_PUSHSIG_OVERLAP,C0_DEFAULT,2048,16,1,10,16389.7,16395.2,16621.3,234.1
case141_d1_C0_DEFAULT_N2048_q16_rep1,D1_PUSHSIG_OVERLAP,C0_DEFAULT,2048,16,1,11,17371.2,17376.8,17622.9,236.0
case141_d1_C0_DEFAULT_N2048_q16_rep1,D1_PUSHSIG_OVERLAP,C0_DEFAULT,2048,16,1,12,18350.5,18355.8,18595.2,236.7
case141_d1_C0_DEFAULT_N2048_q16_rep1,D1_PUSHSIG_OVERLAP,C0_DEFAULT,2048,16,1,13,19678.7,19684.2,19939.8,237.0
case141_d1_C0_DEFAULT_N2048_q16_rep1,D1_PUSHSIG_OVERLAP,C0_DEFAULT,2048,16,1,14,20790.1,20795.6,21182.2,233.5
case141_d1_C0_DEFAULT_N2048_q16_rep1,D1_PUSHSIG_OVERLAP,C0_DEFAULT,2048,16,1,15,22897.1,22902.7,23137.5,234.6
case142_d1_C0_DEFAULT_N2048_q16_rep2,D1_PUSHSIG_OVERLAP,C0_DEFAULT,2048,16,2,0,2456.3,2461.9,2710.3,250.4
case142_d1_C0_DEFAULT_N2048_q16_rep2,D1_PUSHSIG_OVERLAP,C0_DEFAULT,2048,16,2,1,3485.7,3491.2,3728.0,241.2
case142_d1_C0_DEFAULT_N2048_q16_rep2,D1_PUSHSIG_OVERLAP,C0_DEFAULT,2048,16,2,2,4611.3,4618.2,4863.0,239.3
case142_d1_C0_DEFAULT_N2048_q16_rep2,D1_PUSHSIG_OVERLAP,C0_DEFAULT,2048,16,2,3,6658.4,6663.9,6910.1,234.2
case142_d1_C0_DEFAULT_N2048_q16_rep2,D1_PUSHSIG_OVERLAP,C0_DEFAULT,2048,16,2,4,7354.5,7360.0,7598.7,247.9
case142_d1_C0_DEFAULT_N2048_q16_rep2,D1_PUSHSIG_OVERLAP,C0_DEFAULT,2048,16,2,5,8225.8,8231.3,8468.2,233.7
case142_d1_C0_DEFAULT_N2048_q16_rep2,D1_PUSHSIG_OVERLAP,C0_DEFAULT,2048,16,2,6,9217.0,9222.4,9451.2,244.1
case142_d1_C0_DEFAULT_N2048_q16_rep2,D1_PUSHSIG_OVERLAP,C0_DEFAULT,2048,16,2,7,10704.2,10709.7,11227.4,234.6
case142_d1_C0_DEFAULT_N2048_q16_rep2,D1_PUSHSIG_OVERLAP,C0_DEFAULT,2048,16,2,8,12498.7,12504.2,12738.0,244.4
case142_d1_C0_DEFAULT_N2048_q16_rep2,D1_PUSHSIG_OVERLAP,C0_DEFAULT,2048,16,2,9,14517.9,14523.4,14753.7,236.1
case142_d1_C0_DEFAULT_N2048_q16_rep2,D1_PUSHSIG_OVERLAP,C0_DEFAULT,2048,16,2,10,15570.3,15575.8,15912.0,244.8
case142_d1_C0_DEFAULT_N2048_q16_rep2,D1_PUSHSIG_OVERLAP,C0_DEFAULT,2048,16,2,11,17330.1,17335.5,17602.4,236.9
case142_d1_C0_DEFAULT_N2048_q16_rep2,D1_PUSHSIG_OVERLAP,C0_DEFAULT,2048,16,2,12,18570.7,18576.1,18813.9,243.6
case142_d1_C0_DEFAULT_N2048_q16_rep2,D1_PUSHSIG_OVERLAP,C0_DEFAULT,2048,16,2,13,19409.6,19415.2,19644.0,236.5
case142_d1_C0_DEFAULT_N2048_q16_rep2,D1_PUSHSIG_OVERLAP,C0_DEFAULT,2048,16,2,14,20255.7,20261.2,20500.5,241.1
case142_d1_C0_DEFAULT_N2048_q16_rep2,D1_PUSHSIG_OVERLAP,C0_DEFAULT,2048,16,2,15,21679.7,21685.2,21915.9,228.1
case143_d1_C0_DEFAULT_N2048_q16_rep3,D1_PUSHSIG_OVERLAP,C0_DEFAULT,2048,16,3,0,606.4,611.9,866.6,251.3
case143_d1_C0_DEFAULT_N2048_q16_rep3,D1_PUSHSIG_OVERLAP,C0_DEFAULT,2048,16,3,1,1395.8,1406.1,1665.7,253.1
case143_d1_C0_DEFAULT_N2048_q16_rep3,D1_PUSHSIG_OVERLAP,C0_DEFAULT,2048,16,3,2,2166.9,2172.4,2410.6,244.7
case143_d1_C0_DEFAULT_N2048_q16_rep3,D1_PUSHSIG_OVERLAP,C0_DEFAULT,2048,16,3,3,5553.3,5558.6,5819.2,248.2
case143_d1_C0_DEFAULT_N2048_q16_rep3,D1_PUSHSIG_OVERLAP,C0_DEFAULT,2048,16,3,4,7319.7,7325.1,7585.7,249.5
case143_d1_C0_DEFAULT_N2048_q16_rep3,D1_PUSHSIG_OVERLAP,C0_DEFAULT,2048,16,3,5,8162.3,8167.8,8433.3,247.3
case143_d1_C0_DEFAULT_N2048_q16_rep3,D1_PUSHSIG_OVERLAP,C0_DEFAULT,2048,16,3,6,10354.5,10360.0,10842.3,242.5
case143_d1_C0_DEFAULT_N2048_q16_rep3,D1_PUSHSIG_OVERLAP,C0_DEFAULT,2048,16,3,7,12557.4,12562.9,12800.8,246.8
case143_d1_C0_DEFAULT_N2048_q16_rep3,D1_PUSHSIG_OVERLAP,C0_DEFAULT,2048,16,3,8,13553.1,13558.4,13800.1,243.8
case143_d1_C0_DEFAULT_N2048_q16_rep3,D1_PUSHSIG_OVERLAP,C0_DEFAULT,2048,16,3,9,14986.4,14991.8,15237.8,242.9
case143_d1_C0_DEFAULT_N2048_q16_rep3,D1_PUSHSIG_OVERLAP,C0_DEFAULT,2048,16,3,10,16726.6,16732.0,17004.0,247.8
case143_d1_C0_DEFAULT_N2048_q16_rep3,D1_PUSHSIG_OVERLAP,C0_DEFAULT,2048,16,3,11,17914.2,17919.6,18181.3,247.3
case143_d1_C0_DEFAULT_N2048_q16_rep3,D1_PUSHSIG_OVERLAP,C0_DEFAULT,2048,16,3,12,18840.5,18845.9,19091.0,246.4
case143_d1_C0_DEFAULT_N2048_q16_rep3,D1_PUSHSIG_OVERLAP,C0_DEFAULT,2048,16,3,13,19775.1,19780.5,20025.8,249.7
case143_d1_C0_DEFAULT_N2048_q16_rep3,D1_PUSHSIG_OVERLAP,C0_DEFAULT,2048,16,3,14,21151.0,21156.5,21402.9,240.5
case143_d1_C0_DEFAULT_N2048_q16_rep3,D1_PUSHSIG_OVERLAP,C0_DEFAULT,2048,16,3,15,22838.4,22844.8,23084.1,235.0
case144_d1_C0_DEFAULT_N2048_q16_rep4,D1_PUSHSIG_OVERLAP,C0_DEFAULT,2048,16,4,0,603.9,609.4,857.6,249.1
case144_d1_C0_DEFAULT_N2048_q16_rep4,D1_PUSHSIG_OVERLAP,C0_DEFAULT,2048,16,4,1,1393.6,1399.2,1651.7,251.2
case144_d1_C0_DEFAULT_N2048_q16_rep4,D1_PUSHSIG_OVERLAP,C0_DEFAULT,2048,16,4,2,2147.2,2152.8,2389.3,237.7
case144_d1_C0_DEFAULT_N2048_q16_rep4,D1_PUSHSIG_OVERLAP,C0_DEFAULT,2048,16,4,3,2933.7,2939.3,3173.6,240.5
case144_d1_C0_DEFAULT_N2048_q16_rep4,D1_PUSHSIG_OVERLAP,C0_DEFAULT,2048,16,4,4,3700.8,3706.3,3945.1,242.6
case144_d1_C0_DEFAULT_N2048_q16_rep4,D1_PUSHSIG_OVERLAP,C0_DEFAULT,2048,16,4,5,4904.8,4910.4,5543.0,238.9
case144_d1_C0_DEFAULT_N2048_q16_rep4,D1_PUSHSIG_OVERLAP,C0_DEFAULT,2048,16,4,6,7856.3,7861.9,8097.1,238.1
case144_d1_C0_DEFAULT_N2048_q16_rep4,D1_PUSHSIG_OVERLAP,C0_DEFAULT,2048,16,4,7,10287.0,10292.7,10628.1,241.3
case144_d1_C0_DEFAULT_N2048_q16_rep4,D1_PUSHSIG_OVERLAP,C0_DEFAULT,2048,16,4,8,12983.3,12988.8,13225.7,243.1
case144_d1_C0_DEFAULT_N2048_q16_rep4,D1_PUSHSIG_OVERLAP,C0_DEFAULT,2048,16,4,9,14734.5,14740.1,14961.6,240.5
case144_d1_C0_DEFAULT_N2048_q16_rep4,D1_PUSHSIG_OVERLAP,C0_DEFAULT,2048,16,4,10,16216.0,16221.6,16577.0,240.9
case144_d1_C0_DEFAULT_N2048_q16_rep4,D1_PUSHSIG_OVERLAP,C0_DEFAULT,2048,16,4,11,17404.3,17409.9,17642.1,240.1
case144_d1_C0_DEFAULT_N2048_q16_rep4,D1_PUSHSIG_OVERLAP,C0_DEFAULT,2048,16,4,12,18908.2,18918.9,19165.6,241.3
case144_d1_C0_DEFAULT_N2048_q16_rep4,D1_PUSHSIG_OVERLAP,C0_DEFAULT,2048,16,4,13,19785.6,19791.1,20042.1,241.6
case144_d1_C0_DEFAULT_N2048_q16_rep4,D1_PUSHSIG_OVERLAP,C0_DEFAULT,2048,16,4,14,20562.8,20568.4,20875.3,238.7
case144_d1_C0_DEFAULT_N2048_q16_rep4,D1_PUSHSIG_OVERLAP,C0_DEFAULT,2048,16,4,15,21823.5,21829.0,22065.4,233.8
case145_d1_C0_DEFAULT_N2048_q16_rep5,D1_PUSHSIG_OVERLAP,C0_DEFAULT,2048,16,5,0,656.6,663.5,932.7,248.9
case145_d1_C0_DEFAULT_N2048_q16_rep5,D1_PUSHSIG_OVERLAP,C0_DEFAULT,2048,16,5,1,1458.5,1465.0,1722.1,251.3
case145_d1_C0_DEFAULT_N2048_q16_rep5,D1_PUSHSIG_OVERLAP,C0_DEFAULT,2048,16,5,2,2242.4,2248.3,2492.6,243.3
case145_d1_C0_DEFAULT_N2048_q16_rep5,D1_PUSHSIG_OVERLAP,C0_DEFAULT,2048,16,5,3,6204.5,6210.5,6450.2,245.5
case145_d1_C0_DEFAULT_N2048_q16_rep5,D1_PUSHSIG_OVERLAP,C0_DEFAULT,2048,16,5,4,7924.8,7930.4,8178.3,247.0
case145_d1_C0_DEFAULT_N2048_q16_rep5,D1_PUSHSIG_OVERLAP,C0_DEFAULT,2048,16,5,5,8594.9,8600.5,8826.9,239.3
case145_d1_C0_DEFAULT_N2048_q16_rep5,D1_PUSHSIG_OVERLAP,C0_DEFAULT,2048,16,5,6,10181.1,10186.8,10434.2,244.6
case145_d1_C0_DEFAULT_N2048_q16_rep5,D1_PUSHSIG_OVERLAP,C0_DEFAULT,2048,16,5,7,12644.9,12650.3,12894.1,245.2
case145_d1_C0_DEFAULT_N2048_q16_rep5,D1_PUSHSIG_OVERLAP,C0_DEFAULT,2048,16,5,8,13803.2,13808.7,14046.2,245.3
case145_d1_C0_DEFAULT_N2048_q16_rep5,D1_PUSHSIG_OVERLAP,C0_DEFAULT,2048,16,5,9,14952.3,14957.8,15197.1,239.7
case145_d1_C0_DEFAULT_N2048_q16_rep5,D1_PUSHSIG_OVERLAP,C0_DEFAULT,2048,16,5,10,16299.3,16304.8,16538.9,243.5
case145_d1_C0_DEFAULT_N2048_q16_rep5,D1_PUSHSIG_OVERLAP,C0_DEFAULT,2048,16,5,11,17268.9,17274.4,17510.6,244.9
case145_d1_C0_DEFAULT_N2048_q16_rep5,D1_PUSHSIG_OVERLAP,C0_DEFAULT,2048,16,5,12,18387.4,18392.7,18631.2,242.5
case145_d1_C0_DEFAULT_N2048_q16_rep5,D1_PUSHSIG_OVERLAP,C0_DEFAULT,2048,16,5,13,19552.3,19557.8,19782.2,244.9
case145_d1_C0_DEFAULT_N2048_q16_rep5,D1_PUSHSIG_OVERLAP,C0_DEFAULT,2048,16,5,14,20624.8,20630.2,20920.2,244.5
case145_d1_C0_DEFAULT_N2048_q16_rep5,D1_PUSHSIG_OVERLAP,C0_DEFAULT,2048,16,5,15,22250.8,22256.5,22552.0,235.5
case146_d1w_C0_DEFAULT_N2048_q16_rep1,D1W_WAITSTREAM_OVERLAP,C0_DEFAULT,2048,16,1,0,604.3,628.9,864.3,241.5
case146_d1w_C0_DEFAULT_N2048_q16_rep1,D1W_WAITSTREAM_OVERLAP,C0_DEFAULT,2048,16,1,1,1404.8,1425.6,1669.3,239.3
case146_d1w_C0_DEFAULT_N2048_q16_rep1,D1W_WAITSTREAM_OVERLAP,C0_DEFAULT,2048,16,1,2,2172.2,2193.0,2421.5,231.3
case146_d1w_C0_DEFAULT_N2048_q16_rep1,D1W_WAITSTREAM_OVERLAP,C0_DEFAULT,2048,16,1,3,5805.0,5819.8,6051.7,237.5
case146_d1w_C0_DEFAULT_N2048_q16_rep1,D1W_WAITSTREAM_OVERLAP,C0_DEFAULT,2048,16,1,4,7374.1,7393.6,7641.1,233.0
case146_d1w_C0_DEFAULT_N2048_q16_rep1,D1W_WAITSTREAM_OVERLAP,C0_DEFAULT,2048,16,1,5,8295.6,8317.4,8546.9,232.2
case146_d1w_C0_DEFAULT_N2048_q16_rep1,D1W_WAITSTREAM_OVERLAP,C0_DEFAULT,2048,16,1,6,9305.4,9328.6,9565.9,234.9
case146_d1w_C0_DEFAULT_N2048_q16_rep1,D1W_WAITSTREAM_OVERLAP,C0_DEFAULT,2048,16,1,7,10746.9,11158.8,11386.2,233.0
case146_d1w_C0_DEFAULT_N2048_q16_rep1,D1W_WAITSTREAM_OVERLAP,C0_DEFAULT,2048,16,1,8,12247.2,12390.3,12622.7,231.5
case146_d1w_C0_DEFAULT_N2048_q16_rep1,D1W_WAITSTREAM_OVERLAP,C0_DEFAULT,2048,16,1,9,13197.7,13217.0,13772.4,232.7
case146_d1w_C0_DEFAULT_N2048_q16_rep1,D1W_WAITSTREAM_OVERLAP,C0_DEFAULT,2048,16,1,10,16682.7,16701.4,16936.4,232.9
case146_d1w_C0_DEFAULT_N2048_q16_rep1,D1W_WAITSTREAM_OVERLAP,C0_DEFAULT,2048,16,1,11,18074.6,18090.3,18309.3,232.8
case146_d1w_C0_DEFAULT_N2048_q16_rep1,D1W_WAITSTREAM_OVERLAP,C0_DEFAULT,2048,16,1,12,19124.0,19144.5,19371.1,231.9
case146_d1w_C0_DEFAULT_N2048_q16_rep1,D1W_WAITSTREAM_OVERLAP,C0_DEFAULT,2048,16,1,13,19993.6,20013.0,20251.0,234.0
case146_d1w_C0_DEFAULT_N2048_q16_rep1,D1W_WAITSTREAM_OVERLAP,C0_DEFAULT,2048,16,1,14,21178.7,21197.4,21438.8,234.7
case146_d1w_C0_DEFAULT_N2048_q16_rep1,D1W_WAITSTREAM_OVERLAP,C0_DEFAULT,2048,16,1,15,24253.9,24272.7,24499.8,224.1
case147_d1w_C0_DEFAULT_N2048_q16_rep2,D1W_WAITSTREAM_OVERLAP,C0_DEFAULT,2048,16,2,0,632.4,663.8,911.3,239.7
case147_d1w_C0_DEFAULT_N2048_q16_rep2,D1W_WAITSTREAM_OVERLAP,C0_DEFAULT,2048,16,2,1,1441.2,1461.8,1709.0,237.2
case147_d1w_C0_DEFAULT_N2048_q16_rep2,D1W_WAITSTREAM_OVERLAP,C0_DEFAULT,2048,16,2,2,2205.6,2226.8,2466.8,232.2
case147_d1w_C0_DEFAULT_N2048_q16_rep2,D1W_WAITSTREAM_OVERLAP,C0_DEFAULT,2048,16,2,3,6641.5,6664.0,6919.4,233.0
case147_d1w_C0_DEFAULT_N2048_q16_rep2,D1W_WAITSTREAM_OVERLAP,C0_DEFAULT,2048,16,2,4,7405.8,7432.6,7687.4,234.7
case147_d1w_C0_DEFAULT_N2048_q16_rep2,D1W_WAITSTREAM_OVERLAP,C0_DEFAULT,2048,16,2,5,9651.9,9671.3,9915.2,227.8
case147_d1w_C0_DEFAULT_N2048_q16_rep2,D1W_WAITSTREAM_OVERLAP,C0_DEFAULT,2048,16,2,6,10569.7,10590.5,10821.2,231.9
case147_d1w_C0_DEFAULT_N2048_q16_rep2,D1W_WAITSTREAM_OVERLAP,C0_DEFAULT,2048,16,2,7,11706.5,11726.7,12191.6,231.3
case147_d1w_C0_DEFAULT_N2048_q16_rep2,D1W_WAITSTREAM_OVERLAP,C0_DEFAULT,2048,16,2,8,13524.5,14081.4,14326.7,232.7
case147_d1w_C0_DEFAULT_N2048_q16_rep2,D1W_WAITSTREAM_OVERLAP,C0_DEFAULT,2048,16,2,9,14881.2,14903.8,15209.3,229.3
case147_d1w_C0_DEFAULT_N2048_q16_rep2,D1W_WAITSTREAM_OVERLAP,C0_DEFAULT,2048,16,2,10,16917.6,16937.3,17162.4,232.0
case147_d1w_C0_DEFAULT_N2048_q16_rep2,D1W_WAITSTREAM_OVERLAP,C0_DEFAULT,2048,16,2,11,17970.1,18035.2,18263.1,231.5
case147_d1w_C0_DEFAULT_N2048_q16_rep2,D1W_WAITSTREAM_OVERLAP,C0_DEFAULT,2048,16,2,12,19209.2,19232.0,19459.6,232.4
case147_d1w_C0_DEFAULT_N2048_q16_rep2,D1W_WAITSTREAM_OVERLAP,C0_DEFAULT,2048,16,2,13,20043.7,20064.6,20304.5,232.2
case147_d1w_C0_DEFAULT_N2048_q16_rep2,D1W_WAITSTREAM_OVERLAP,C0_DEFAULT,2048,16,2,14,21527.1,21545.8,21768.6,231.1
case147_d1w_C0_DEFAULT_N2048_q16_rep2,D1W_WAITSTREAM_OVERLAP,C0_DEFAULT,2048,16,2,15,23593.9,23614.9,23832.7,225.3
case148_d1w_C0_DEFAULT_N2048_q16_rep3,D1W_WAITSTREAM_OVERLAP,C0_DEFAULT,2048,16,3,0,610.6,649.4,878.4,240.7
case148_d1w_C0_DEFAULT_N2048_q16_rep3,D1W_WAITSTREAM_OVERLAP,C0_DEFAULT,2048,16,3,1,1415.7,1436.1,1689.6,235.9
case148_d1w_C0_DEFAULT_N2048_q16_rep3,D1W_WAITSTREAM_OVERLAP,C0_DEFAULT,2048,16,3,2,2174.0,2202.7,2439.0,231.4
case148_d1w_C0_DEFAULT_N2048_q16_rep3,D1W_WAITSTREAM_OVERLAP,C0_DEFAULT,2048,16,3,3,5433.1,5455.7,5713.2,231.6
case148_d1w_C0_DEFAULT_N2048_q16_rep3,D1W_WAITSTREAM_OVERLAP,C0_DEFAULT,2048,16,3,4,7417.1,7440.5,7676.0,234.4
case148_d1w_C0_DEFAULT_N2048_q16_rep3,D1W_WAITSTREAM_OVERLAP,C0_DEFAULT,2048,16,3,5,9089.5,9110.1,9343.2,231.5
case148_d1w_C0_DEFAULT_N2048_q16_rep3,D1W_WAITSTREAM_OVERLAP,C0_DEFAULT,2048,16,3,6,9792.8,10105.4,10341.5,230.3
case148_d1w_C0_DEFAULT_N2048_q16_rep3,D1W_WAITSTREAM_OVERLAP,C0_DEFAULT,2048,16,3,7,11336.8,11355.7,11595.7,229.6
case148_d1w_C0_DEFAULT_N2048_q16_rep3,D1W_WAITSTREAM_OVERLAP,C0_DEFAULT,2048,16,3,8,13152.5,13173.4,13414.6,232.4
case148_d1w_C0_DEFAULT_N2048_q16_rep3,D1W_WAITSTREAM_OVERLAP,C0_DEFAULT,2048,16,3,9,14488.9,14509.2,14741.3,231.8
case148_d1w_C0_DEFAULT_N2048_q16_rep3,D1W_WAITSTREAM_OVERLAP,C0_DEFAULT,2048,16,3,10,15821.0,15842.1,16082.9,230.9
case148_d1w_C0_DEFAULT_N2048_q16_rep3,D1W_WAITSTREAM_OVERLAP,C0_DEFAULT,2048,16,3,11,17593.0,17612.5,17847.5,230.6
case148_d1w_C0_DEFAULT_N2048_q16_rep3,D1W_WAITSTREAM_OVERLAP,C0_DEFAULT,2048,16,3,12,18900.1,18967.2,19200.1,234.5
case148_d1w_C0_DEFAULT_N2048_q16_rep3,D1W_WAITSTREAM_OVERLAP,C0_DEFAULT,2048,16,3,13,19656.2,19675.5,19916.7,232.4
case148_d1w_C0_DEFAULT_N2048_q16_rep3,D1W_WAITSTREAM_OVERLAP,C0_DEFAULT,2048,16,3,14,20618.5,20638.7,20868.2,231.8
case148_d1w_C0_DEFAULT_N2048_q16_rep3,D1W_WAITSTREAM_OVERLAP,C0_DEFAULT,2048,16,3,15,21470.8,21509.7,21746.0,221.7
case149_d1w_C0_DEFAULT_N2048_q16_rep4,D1W_WAITSTREAM_OVERLAP,C0_DEFAULT,2048,16,4,0,632.0,651.4,882.4,241.4
case149_d1w_C0_DEFAULT_N2048_q16_rep4,D1W_WAITSTREAM_OVERLAP,C0_DEFAULT,2048,16,4,1,1430.3,1453.0,1688.8,238.8
case149_d1w_C0_DEFAULT_N2048_q16_rep4,D1W_WAITSTREAM_OVERLAP,C0_DEFAULT,2048,16,4,2,2207.6,2228.4,2453.9,232.4
case149_d1w_C0_DEFAULT_N2048_q16_rep4,D1W_WAITSTREAM_OVERLAP,C0_DEFAULT,2048,16,4,3,5519.3,5539.8,5774.2,233.7
case149_d1w_C0_DEFAULT_N2048_q16_rep4,D1W_WAITSTREAM_OVERLAP,C0_DEFAULT,2048,16,4,4,6275.3,6295.7,6533.2,234.2
case149_d1w_C0_DEFAULT_N2048_q16_rep4,D1W_WAITSTREAM_OVERLAP,C0_DEFAULT,2048,16,4,5,8396.8,8417.7,8652.7,230.9
case149_d1w_C0_DEFAULT_N2048_q16_rep4,D1W_WAITSTREAM_OVERLAP,C0_DEFAULT,2048,16,4,6,9255.0,9275.0,9510.5,232.9
case149_d1w_C0_DEFAULT_N2048_q16_rep4,D1W_WAITSTREAM_OVERLAP,C0_DEFAULT,2048,16,4,7,9958.6,9978.8,10212.5,229.9
case149_d1w_C0_DEFAULT_N2048_q16_rep4,D1W_WAITSTREAM_OVERLAP,C0_DEFAULT,2048,16,4,8,11431.7,11453.2,11694.3,234.5
case149_d1w_C0_DEFAULT_N2048_q16_rep4,D1W_WAITSTREAM_OVERLAP,C0_DEFAULT,2048,16,4,9,13169.0,13191.9,13432.7,230.1
case149_d1w_C0_DEFAULT_N2048_q16_rep4,D1W_WAITSTREAM_OVERLAP,C0_DEFAULT,2048,16,4,10,14935.7,14955.5,15181.6,233.7
case149_d1w_C0_DEFAULT_N2048_q16_rep4,D1W_WAITSTREAM_OVERLAP,C0_DEFAULT,2048,16,4,11,16159.7,16340.0,16578.9,230.8
case149_d1w_C0_DEFAULT_N2048_q16_rep4,D1W_WAITSTREAM_OVERLAP,C0_DEFAULT,2048,16,4,12,17786.2,17804.8,18047.6,235.9
case149_d1w_C0_DEFAULT_N2048_q16_rep4,D1W_WAITSTREAM_OVERLAP,C0_DEFAULT,2048,16,4,13,19680.8,19702.6,19948.7,231.3
case149_d1w_C0_DEFAULT_N2048_q16_rep4,D1W_WAITSTREAM_OVERLAP,C0_DEFAULT,2048,16,4,14,20839.3,20859.6,21094.8,236.3
case149_d1w_C0_DEFAULT_N2048_q16_rep4,D1W_WAITSTREAM_OVERLAP,C0_DEFAULT,2048,16,4,15,23167.9,23178.1,23496.8,223.7
case150_d1w_C0_DEFAULT_N2048_q16_rep5,D1W_WAITSTREAM_OVERLAP,C0_DEFAULT,2048,16,5,0,605.8,634.1,872.5,235.5
case150_d1w_C0_DEFAULT_N2048_q16_rep5,D1W_WAITSTREAM_OVERLAP,C0_DEFAULT,2048,16,5,1,1400.3,1419.9,1658.6,237.1
case150_d1w_C0_DEFAULT_N2048_q16_rep5,D1W_WAITSTREAM_OVERLAP,C0_DEFAULT,2048,16,5,2,2151.6,2174.5,2399.5,228.5
case150_d1w_C0_DEFAULT_N2048_q16_rep5,D1W_WAITSTREAM_OVERLAP,C0_DEFAULT,2048,16,5,3,6500.7,6515.9,6743.2,233.4
case150_d1w_C0_DEFAULT_N2048_q16_rep5,D1W_WAITSTREAM_OVERLAP,C0_DEFAULT,2048,16,5,4,7656.4,7671.5,7887.4,230.8
case150_d1w_C0_DEFAULT_N2048_q16_rep5,D1W_WAITSTREAM_OVERLAP,C0_DEFAULT,2048,16,5,5,9425.3,9444.3,9691.9,231.5
case150_d1w_C0_DEFAULT_N2048_q16_rep5,D1W_WAITSTREAM_OVERLAP,C0_DEFAULT,2048,16,5,6,11780.9,11795.7,12018.5,230.1
case150_d1w_C0_DEFAULT_N2048_q16_rep5,D1W_WAITSTREAM_OVERLAP,C0_DEFAULT,2048,16,5,7,12461.8,12482.0,12944.1,233.9
case150_d1w_C0_DEFAULT_N2048_q16_rep5,D1W_WAITSTREAM_OVERLAP,C0_DEFAULT,2048,16,5,8,13528.0,13547.5,13770.2,230.3
case150_d1w_C0_DEFAULT_N2048_q16_rep5,D1W_WAITSTREAM_OVERLAP,C0_DEFAULT,2048,16,5,9,15457.0,15476.8,15710.0,230.1
case150_d1w_C0_DEFAULT_N2048_q16_rep5,D1W_WAITSTREAM_OVERLAP,C0_DEFAULT,2048,16,5,10,16217.0,16237.0,16469.1,228.6
case150_d1w_C0_DEFAULT_N2048_q16_rep5,D1W_WAITSTREAM_OVERLAP,C0_DEFAULT,2048,16,5,11,17169.0,17187.5,17435.6,231.8
case150_d1w_C0_DEFAULT_N2048_q16_rep5,D1W_WAITSTREAM_OVERLAP,C0_DEFAULT,2048,16,5,12,18085.7,18105.1,18331.7,229.1
case150_d1w_C0_DEFAULT_N2048_q16_rep5,D1W_WAITSTREAM_OVERLAP,C0_DEFAULT,2048,16,5,13,18919.0,18938.2,19169.4,234.1
case150_d1w_C0_DEFAULT_N2048_q16_rep5,D1W_WAITSTREAM_OVERLAP,C0_DEFAULT,2048,16,5,14,20317.0,20335.5,20575.2,228.2
case150_d1w_C0_DEFAULT_N2048_q16_rep5,D1W_WAITSTREAM_OVERLAP,C0_DEFAULT,2048,16,5,15,22187.2,22207.2,22431.2,223.5
case006_dc_C0_DEFAULT_N512_q2_rep1,DC_PUSHSIG_ONLY,C0_DEFAULT,512,2,1,0,5448.4,0.0,0.0,0.0
case006_dc_C0_DEFAULT_N512_q2_rep1,DC_PUSHSIG_ONLY,C0_DEFAULT,512,2,1,1,7451.0,0.0,0.0,0.0
case007_dc_C0_DEFAULT_N512_q2_rep2,DC_PUSHSIG_ONLY,C0_DEFAULT,512,2,2,0,5442.9,0.0,0.0,0.0
case007_dc_C0_DEFAULT_N512_q2_rep2,DC_PUSHSIG_ONLY,C0_DEFAULT,512,2,2,1,7443.0,0.0,0.0,0.0
case008_dc_C0_DEFAULT_N512_q2_rep3,DC_PUSHSIG_ONLY,C0_DEFAULT,512,2,3,0,5441.6,0.0,0.0,0.0
case008_dc_C0_DEFAULT_N512_q2_rep3,DC_PUSHSIG_ONLY,C0_DEFAULT,512,2,3,1,7450.1,0.0,0.0,0.0
case009_dc_C0_DEFAULT_N512_q2_rep4,DC_PUSHSIG_ONLY,C0_DEFAULT,512,2,4,0,5447.4,0.0,0.0,0.0
case009_dc_C0_DEFAULT_N512_q2_rep4,DC_PUSHSIG_ONLY,C0_DEFAULT,512,2,4,1,7451.6,0.0,0.0,0.0
case010_dc_C0_DEFAULT_N512_q2_rep5,DC_PUSHSIG_ONLY,C0_DEFAULT,512,2,5,0,5444.8,0.0,0.0,0.0
case010_dc_C0_DEFAULT_N512_q2_rep5,DC_PUSHSIG_ONLY,C0_DEFAULT,512,2,5,1,7451.1,0.0,0.0,0.0
case016_dc_C0_DEFAULT_N512_q4_rep1,DC_PUSHSIG_ONLY,C0_DEFAULT,512,4,1,0,2661.9,0.0,0.0,0.0
case016_dc_C0_DEFAULT_N512_q4_rep1,DC_PUSHSIG_ONLY,C0_DEFAULT,512,4,1,1,3757.9,0.0,0.0,0.0
case016_dc_C0_DEFAULT_N512_q4_rep1,DC_PUSHSIG_ONLY,C0_DEFAULT,512,4,1,2,6448.0,0.0,0.0,0.0
case016_dc_C0_DEFAULT_N512_q4_rep1,DC_PUSHSIG_ONLY,C0_DEFAULT,512,4,1,3,7522.2,0.0,0.0,0.0
case017_dc_C0_DEFAULT_N512_q4_rep2,DC_PUSHSIG_ONLY,C0_DEFAULT,512,4,2,0,2669.5,0.0,0.0,0.0
case017_dc_C0_DEFAULT_N512_q4_rep2,DC_PUSHSIG_ONLY,C0_DEFAULT,512,4,2,1,3760.1,0.0,0.0,0.0
case017_dc_C0_DEFAULT_N512_q4_rep2,DC_PUSHSIG_ONLY,C0_DEFAULT,512,4,2,2,6493.0,0.0,0.0,0.0
case017_dc_C0_DEFAULT_N512_q4_rep2,DC_PUSHSIG_ONLY,C0_DEFAULT,512,4,2,3,7565.1,0.0,0.0,0.0
case018_dc_C0_DEFAULT_N512_q4_rep3,DC_PUSHSIG_ONLY,C0_DEFAULT,512,4,3,0,2666.5,0.0,0.0,0.0
case018_dc_C0_DEFAULT_N512_q4_rep3,DC_PUSHSIG_ONLY,C0_DEFAULT,512,4,3,1,3755.8,0.0,0.0,0.0
case018_dc_C0_DEFAULT_N512_q4_rep3,DC_PUSHSIG_ONLY,C0_DEFAULT,512,4,3,2,6498.4,0.0,0.0,0.0
case018_dc_C0_DEFAULT_N512_q4_rep3,DC_PUSHSIG_ONLY,C0_DEFAULT,512,4,3,3,7572.6,0.0,0.0,0.0
case019_dc_C0_DEFAULT_N512_q4_rep4,DC_PUSHSIG_ONLY,C0_DEFAULT,512,4,4,0,2664.8,0.0,0.0,0.0
case019_dc_C0_DEFAULT_N512_q4_rep4,DC_PUSHSIG_ONLY,C0_DEFAULT,512,4,4,1,3758.4,0.0,0.0,0.0
case019_dc_C0_DEFAULT_N512_q4_rep4,DC_PUSHSIG_ONLY,C0_DEFAULT,512,4,4,2,6499.9,0.0,0.0,0.0
case019_dc_C0_DEFAULT_N512_q4_rep4,DC_PUSHSIG_ONLY,C0_DEFAULT,512,4,4,3,7579.8,0.0,0.0,0.0
case020_dc_C0_DEFAULT_N512_q4_rep5,DC_PUSHSIG_ONLY,C0_DEFAULT,512,4,5,0,2672.8,0.0,0.0,0.0
case020_dc_C0_DEFAULT_N512_q4_rep5,DC_PUSHSIG_ONLY,C0_DEFAULT,512,4,5,1,3762.9,0.0,0.0,0.0
case020_dc_C0_DEFAULT_N512_q4_rep5,DC_PUSHSIG_ONLY,C0_DEFAULT,512,4,5,2,6528.4,0.0,0.0,0.0
case020_dc_C0_DEFAULT_N512_q4_rep5,DC_PUSHSIG_ONLY,C0_DEFAULT,512,4,5,3,7606.8,0.0,0.0,0.0
case026_dc_C0_DEFAULT_N512_q8_rep1,DC_PUSHSIG_ONLY,C0_DEFAULT,512,8,1,0,1369.0,0.0,0.0,0.0
case026_dc_C0_DEFAULT_N512_q8_rep1,DC_PUSHSIG_ONLY,C0_DEFAULT,512,8,1,1,1960.5,0.0,0.0,0.0
case026_dc_C0_DEFAULT_N512_q8_rep1,DC_PUSHSIG_ONLY,C0_DEFAULT,512,8,1,2,3350.9,0.0,0.0,0.0
case026_dc_C0_DEFAULT_N512_q8_rep1,DC_PUSHSIG_ONLY,C0_DEFAULT,512,8,1,3,3949.2,0.0,0.0,0.0
case026_dc_C0_DEFAULT_N512_q8_rep1,DC_PUSHSIG_ONLY,C0_DEFAULT,512,8,1,4,5343.5,0.0,0.0,0.0
case026_dc_C0_DEFAULT_N512_q8_rep1,DC_PUSHSIG_ONLY,C0_DEFAULT,512,8,1,5,6892.0,0.0,0.0,0.0
case026_dc_C0_DEFAULT_N512_q8_rep1,DC_PUSHSIG_ONLY,C0_DEFAULT,512,8,1,6,9270.3,0.0,0.0,0.0
case026_dc_C0_DEFAULT_N512_q8_rep1,DC_PUSHSIG_ONLY,C0_DEFAULT,512,8,1,7,11756.2,0.0,0.0,0.0
case027_dc_C0_DEFAULT_N512_q8_rep2,DC_PUSHSIG_ONLY,C0_DEFAULT,512,8,2,0,1364.5,0.0,0.0,0.0
case027_dc_C0_DEFAULT_N512_q8_rep2,DC_PUSHSIG_ONLY,C0_DEFAULT,512,8,2,1,2127.4,0.0,0.0,0.0
case027_dc_C0_DEFAULT_N512_q8_rep2,DC_PUSHSIG_ONLY,C0_DEFAULT,512,8,2,2,3793.2,0.0,0.0,0.0
case027_dc_C0_DEFAULT_N512_q8_rep2,DC_PUSHSIG_ONLY,C0_DEFAULT,512,8,2,3,6943.7,0.0,0.0,0.0
case027_dc_C0_DEFAULT_N512_q8_rep2,DC_PUSHSIG_ONLY,C0_DEFAULT,512,8,2,4,7840.7,0.0,0.0,0.0
case027_dc_C0_DEFAULT_N512_q8_rep2,DC_PUSHSIG_ONLY,C0_DEFAULT,512,8,2,5,8533.4,0.0,0.0,0.0
case027_dc_C0_DEFAULT_N512_q8_rep2,DC_PUSHSIG_ONLY,C0_DEFAULT,512,8,2,6,9208.0,0.0,0.0,0.0
case027_dc_C0_DEFAULT_N512_q8_rep2,DC_PUSHSIG_ONLY,C0_DEFAULT,512,8,2,7,10300.9,0.0,0.0,0.0
case028_dc_C0_DEFAULT_N512_q8_rep3,DC_PUSHSIG_ONLY,C0_DEFAULT,512,8,3,0,1365.0,0.0,0.0,0.0
case028_dc_C0_DEFAULT_N512_q8_rep3,DC_PUSHSIG_ONLY,C0_DEFAULT,512,8,3,1,1966.7,0.0,0.0,0.0
case028_dc_C0_DEFAULT_N512_q8_rep3,DC_PUSHSIG_ONLY,C0_DEFAULT,512,8,3,2,3312.4,0.0,0.0,0.0
case028_dc_C0_DEFAULT_N512_q8_rep3,DC_PUSHSIG_ONLY,C0_DEFAULT,512,8,3,3,4133.5,0.0,0.0,0.0
case028_dc_C0_DEFAULT_N512_q8_rep3,DC_PUSHSIG_ONLY,C0_DEFAULT,512,8,3,4,5322.1,0.0,0.0,0.0
case028_dc_C0_DEFAULT_N512_q8_rep3,DC_PUSHSIG_ONLY,C0_DEFAULT,512,8,3,5,6403.8,0.0,0.0,0.0
case028_dc_C0_DEFAULT_N512_q8_rep3,DC_PUSHSIG_ONLY,C0_DEFAULT,512,8,3,6,8368.3,0.0,0.0,0.0
case028_dc_C0_DEFAULT_N512_q8_rep3,DC_PUSHSIG_ONLY,C0_DEFAULT,512,8,3,7,10989.2,0.0,0.0,0.0
case029_dc_C0_DEFAULT_N512_q8_rep4,DC_PUSHSIG_ONLY,C0_DEFAULT,512,8,4,0,1368.2,0.0,0.0,0.0
case029_dc_C0_DEFAULT_N512_q8_rep4,DC_PUSHSIG_ONLY,C0_DEFAULT,512,8,4,1,1961.3,0.0,0.0,0.0
case029_dc_C0_DEFAULT_N512_q8_rep4,DC_PUSHSIG_ONLY,C0_DEFAULT,512,8,4,2,3358.6,0.0,0.0,0.0
case029_dc_C0_DEFAULT_N512_q8_rep4,DC_PUSHSIG_ONLY,C0_DEFAULT,512,8,4,3,3979.9,0.0,0.0,0.0
case029_dc_C0_DEFAULT_N512_q8_rep4,DC_PUSHSIG_ONLY,C0_DEFAULT,512,8,4,4,5350.8,0.0,0.0,0.0
case029_dc_C0_DEFAULT_N512_q8_rep4,DC_PUSHSIG_ONLY,C0_DEFAULT,512,8,4,5,7811.9,0.0,0.0,0.0
case029_dc_C0_DEFAULT_N512_q8_rep4,DC_PUSHSIG_ONLY,C0_DEFAULT,512,8,4,6,9005.1,0.0,0.0,0.0
case029_dc_C0_DEFAULT_N512_q8_rep4,DC_PUSHSIG_ONLY,C0_DEFAULT,512,8,4,7,11560.7,0.0,0.0,0.0
case030_dc_C0_DEFAULT_N512_q8_rep5,DC_PUSHSIG_ONLY,C0_DEFAULT,512,8,5,0,1375.2,0.0,0.0,0.0
case030_dc_C0_DEFAULT_N512_q8_rep5,DC_PUSHSIG_ONLY,C0_DEFAULT,512,8,5,1,1967.3,0.0,0.0,0.0
case030_dc_C0_DEFAULT_N512_q8_rep5,DC_PUSHSIG_ONLY,C0_DEFAULT,512,8,5,2,3351.5,0.0,0.0,0.0
case030_dc_C0_DEFAULT_N512_q8_rep5,DC_PUSHSIG_ONLY,C0_DEFAULT,512,8,5,3,4034.8,0.0,0.0,0.0
case030_dc_C0_DEFAULT_N512_q8_rep5,DC_PUSHSIG_ONLY,C0_DEFAULT,512,8,5,4,5351.9,0.0,0.0,0.0
case030_dc_C0_DEFAULT_N512_q8_rep5,DC_PUSHSIG_ONLY,C0_DEFAULT,512,8,5,5,6359.7,0.0,0.0,0.0
case030_dc_C0_DEFAULT_N512_q8_rep5,DC_PUSHSIG_ONLY,C0_DEFAULT,512,8,5,6,8341.7,0.0,0.0,0.0
case030_dc_C0_DEFAULT_N512_q8_rep5,DC_PUSHSIG_ONLY,C0_DEFAULT,512,8,5,7,10637.4,0.0,0.0,0.0
case036_dc_C0_DEFAULT_N2048_q2_rep1,DC_PUSHSIG_ONLY,C0_DEFAULT,2048,2,1,0,5469.1,0.0,0.0,0.0
case036_dc_C0_DEFAULT_N2048_q2_rep1,DC_PUSHSIG_ONLY,C0_DEFAULT,2048,2,1,1,7477.3,0.0,0.0,0.0
case037_dc_C0_DEFAULT_N2048_q2_rep2,DC_PUSHSIG_ONLY,C0_DEFAULT,2048,2,2,0,5467.4,0.0,0.0,0.0
case037_dc_C0_DEFAULT_N2048_q2_rep2,DC_PUSHSIG_ONLY,C0_DEFAULT,2048,2,2,1,7474.6,0.0,0.0,0.0
case038_dc_C0_DEFAULT_N2048_q2_rep3,DC_PUSHSIG_ONLY,C0_DEFAULT,2048,2,3,0,5471.6,0.0,0.0,0.0
case038_dc_C0_DEFAULT_N2048_q2_rep3,DC_PUSHSIG_ONLY,C0_DEFAULT,2048,2,3,1,7478.0,0.0,0.0,0.0
case039_dc_C0_DEFAULT_N2048_q2_rep4,DC_PUSHSIG_ONLY,C0_DEFAULT,2048,2,4,0,5473.3,0.0,0.0,0.0
case039_dc_C0_DEFAULT_N2048_q2_rep4,DC_PUSHSIG_ONLY,C0_DEFAULT,2048,2,4,1,7476.7,0.0,0.0,0.0
case040_dc_C0_DEFAULT_N2048_q2_rep5,DC_PUSHSIG_ONLY,C0_DEFAULT,2048,2,5,0,5459.1,0.0,0.0,0.0
case040_dc_C0_DEFAULT_N2048_q2_rep5,DC_PUSHSIG_ONLY,C0_DEFAULT,2048,2,5,1,7471.0,0.0,0.0,0.0
case046_dc_C0_DEFAULT_N2048_q4_rep1,DC_PUSHSIG_ONLY,C0_DEFAULT,2048,4,1,0,2672.3,0.0,0.0,0.0
case046_dc_C0_DEFAULT_N2048_q4_rep1,DC_PUSHSIG_ONLY,C0_DEFAULT,2048,4,1,1,3767.1,0.0,0.0,0.0
case046_dc_C0_DEFAULT_N2048_q4_rep1,DC_PUSHSIG_ONLY,C0_DEFAULT,2048,4,1,2,6487.1,0.0,0.0,0.0
case046_dc_C0_DEFAULT_N2048_q4_rep1,DC_PUSHSIG_ONLY,C0_DEFAULT,2048,4,1,3,7572.2,0.0,0.0,0.0
case047_dc_C0_DEFAULT_N2048_q4_rep2,DC_PUSHSIG_ONLY,C0_DEFAULT,2048,4,2,0,2673.5,0.0,0.0,0.0
case047_dc_C0_DEFAULT_N2048_q4_rep2,DC_PUSHSIG_ONLY,C0_DEFAULT,2048,4,2,1,3766.3,0.0,0.0,0.0
case047_dc_C0_DEFAULT_N2048_q4_rep2,DC_PUSHSIG_ONLY,C0_DEFAULT,2048,4,2,2,6491.2,0.0,0.0,0.0
case047_dc_C0_DEFAULT_N2048_q4_rep2,DC_PUSHSIG_ONLY,C0_DEFAULT,2048,4,2,3,7566.1,0.0,0.0,0.0
case048_dc_C0_DEFAULT_N2048_q4_rep3,DC_PUSHSIG_ONLY,C0_DEFAULT,2048,4,3,0,2676.9,0.0,0.0,0.0
case048_dc_C0_DEFAULT_N2048_q4_rep3,DC_PUSHSIG_ONLY,C0_DEFAULT,2048,4,3,1,3766.4,0.0,0.0,0.0
case048_dc_C0_DEFAULT_N2048_q4_rep3,DC_PUSHSIG_ONLY,C0_DEFAULT,2048,4,3,2,6515.2,0.0,0.0,0.0
case048_dc_C0_DEFAULT_N2048_q4_rep3,DC_PUSHSIG_ONLY,C0_DEFAULT,2048,4,3,3,7596.7,0.0,0.0,0.0
case049_dc_C0_DEFAULT_N2048_q4_rep4,DC_PUSHSIG_ONLY,C0_DEFAULT,2048,4,4,0,2671.6,0.0,0.0,0.0
case049_dc_C0_DEFAULT_N2048_q4_rep4,DC_PUSHSIG_ONLY,C0_DEFAULT,2048,4,4,1,3763.4,0.0,0.0,0.0
case049_dc_C0_DEFAULT_N2048_q4_rep4,DC_PUSHSIG_ONLY,C0_DEFAULT,2048,4,4,2,6499.3,0.0,0.0,0.0
case049_dc_C0_DEFAULT_N2048_q4_rep4,DC_PUSHSIG_ONLY,C0_DEFAULT,2048,4,4,3,7573.0,0.0,0.0,0.0
case050_dc_C0_DEFAULT_N2048_q4_rep5,DC_PUSHSIG_ONLY,C0_DEFAULT,2048,4,5,0,2666.9,0.0,0.0,0.0
case050_dc_C0_DEFAULT_N2048_q4_rep5,DC_PUSHSIG_ONLY,C0_DEFAULT,2048,4,5,1,3766.2,0.0,0.0,0.0
case050_dc_C0_DEFAULT_N2048_q4_rep5,DC_PUSHSIG_ONLY,C0_DEFAULT,2048,4,5,2,6488.3,0.0,0.0,0.0
case050_dc_C0_DEFAULT_N2048_q4_rep5,DC_PUSHSIG_ONLY,C0_DEFAULT,2048,4,5,3,7565.6,0.0,0.0,0.0
case056_dc_C0_DEFAULT_N2048_q8_rep1,DC_PUSHSIG_ONLY,C0_DEFAULT,2048,8,1,0,1372.2,0.0,0.0,0.0
case056_dc_C0_DEFAULT_N2048_q8_rep1,DC_PUSHSIG_ONLY,C0_DEFAULT,2048,8,1,1,1975.2,0.0,0.0,0.0
case056_dc_C0_DEFAULT_N2048_q8_rep1,DC_PUSHSIG_ONLY,C0_DEFAULT,2048,8,1,2,3378.6,0.0,0.0,0.0
case056_dc_C0_DEFAULT_N2048_q8_rep1,DC_PUSHSIG_ONLY,C0_DEFAULT,2048,8,1,3,5069.5,0.0,0.0,0.0
case056_dc_C0_DEFAULT_N2048_q8_rep1,DC_PUSHSIG_ONLY,C0_DEFAULT,2048,8,1,4,6165.7,0.0,0.0,0.0
case056_dc_C0_DEFAULT_N2048_q8_rep1,DC_PUSHSIG_ONLY,C0_DEFAULT,2048,8,1,5,8807.2,0.0,0.0,0.0
case056_dc_C0_DEFAULT_N2048_q8_rep1,DC_PUSHSIG_ONLY,C0_DEFAULT,2048,8,1,6,9392.3,0.0,0.0,0.0
case056_dc_C0_DEFAULT_N2048_q8_rep1,DC_PUSHSIG_ONLY,C0_DEFAULT,2048,8,1,7,10528.3,0.0,0.0,0.0
case057_dc_C0_DEFAULT_N2048_q8_rep2,DC_PUSHSIG_ONLY,C0_DEFAULT,2048,8,2,0,1368.8,0.0,0.0,0.0
case057_dc_C0_DEFAULT_N2048_q8_rep2,DC_PUSHSIG_ONLY,C0_DEFAULT,2048,8,2,1,1965.7,0.0,0.0,0.0
case057_dc_C0_DEFAULT_N2048_q8_rep2,DC_PUSHSIG_ONLY,C0_DEFAULT,2048,8,2,2,3401.7,0.0,0.0,0.0
case057_dc_C0_DEFAULT_N2048_q8_rep2,DC_PUSHSIG_ONLY,C0_DEFAULT,2048,8,2,3,4240.5,0.0,0.0,0.0
case057_dc_C0_DEFAULT_N2048_q8_rep2,DC_PUSHSIG_ONLY,C0_DEFAULT,2048,8,2,4,5398.8,0.0,0.0,0.0
case057_dc_C0_DEFAULT_N2048_q8_rep2,DC_PUSHSIG_ONLY,C0_DEFAULT,2048,8,2,5,6423.9,0.0,0.0,0.0
case057_dc_C0_DEFAULT_N2048_q8_rep2,DC_PUSHSIG_ONLY,C0_DEFAULT,2048,8,2,6,8127.5,0.0,0.0,0.0
case057_dc_C0_DEFAULT_N2048_q8_rep2,DC_PUSHSIG_ONLY,C0_DEFAULT,2048,8,2,7,11123.0,0.0,0.0,0.0
case058_dc_C0_DEFAULT_N2048_q8_rep3,DC_PUSHSIG_ONLY,C0_DEFAULT,2048,8,3,0,1371.3,0.0,0.0,0.0
case058_dc_C0_DEFAULT_N2048_q8_rep3,DC_PUSHSIG_ONLY,C0_DEFAULT,2048,8,3,1,2065.6,0.0,0.0,0.0
case058_dc_C0_DEFAULT_N2048_q8_rep3,DC_PUSHSIG_ONLY,C0_DEFAULT,2048,8,3,2,3409.9,0.0,0.0,0.0
case058_dc_C0_DEFAULT_N2048_q8_rep3,DC_PUSHSIG_ONLY,C0_DEFAULT,2048,8,3,3,5892.4,0.0,0.0,0.0
case058_dc_C0_DEFAULT_N2048_q8_rep3,DC_PUSHSIG_ONLY,C0_DEFAULT,2048,8,3,4,6798.1,0.0,0.0,0.0
case058_dc_C0_DEFAULT_N2048_q8_rep3,DC_PUSHSIG_ONLY,C0_DEFAULT,2048,8,3,5,8347.7,0.0,0.0,0.0
case058_dc_C0_DEFAULT_N2048_q8_rep3,DC_PUSHSIG_ONLY,C0_DEFAULT,2048,8,3,6,9396.4,0.0,0.0,0.0
case058_dc_C0_DEFAULT_N2048_q8_rep3,DC_PUSHSIG_ONLY,C0_DEFAULT,2048,8,3,7,11379.7,0.0,0.0,0.0
case059_dc_C0_DEFAULT_N2048_q8_rep4,DC_PUSHSIG_ONLY,C0_DEFAULT,2048,8,4,0,1360.4,0.0,0.0,0.0
case059_dc_C0_DEFAULT_N2048_q8_rep4,DC_PUSHSIG_ONLY,C0_DEFAULT,2048,8,4,1,1965.6,0.0,0.0,0.0
case059_dc_C0_DEFAULT_N2048_q8_rep4,DC_PUSHSIG_ONLY,C0_DEFAULT,2048,8,4,2,3310.9,0.0,0.0,0.0
case059_dc_C0_DEFAULT_N2048_q8_rep4,DC_PUSHSIG_ONLY,C0_DEFAULT,2048,8,4,3,4192.1,0.0,0.0,0.0
case059_dc_C0_DEFAULT_N2048_q8_rep4,DC_PUSHSIG_ONLY,C0_DEFAULT,2048,8,4,4,6045.0,0.0,0.0,0.0
case059_dc_C0_DEFAULT_N2048_q8_rep4,DC_PUSHSIG_ONLY,C0_DEFAULT,2048,8,4,5,8121.3,0.0,0.0,0.0
case059_dc_C0_DEFAULT_N2048_q8_rep4,DC_PUSHSIG_ONLY,C0_DEFAULT,2048,8,4,6,9247.6,0.0,0.0,0.0
case059_dc_C0_DEFAULT_N2048_q8_rep4,DC_PUSHSIG_ONLY,C0_DEFAULT,2048,8,4,7,10698.0,0.0,0.0,0.0
case060_dc_C0_DEFAULT_N2048_q8_rep5,DC_PUSHSIG_ONLY,C0_DEFAULT,2048,8,5,0,1379.2,0.0,0.0,0.0
case060_dc_C0_DEFAULT_N2048_q8_rep5,DC_PUSHSIG_ONLY,C0_DEFAULT,2048,8,5,1,1973.3,0.0,0.0,0.0
case060_dc_C0_DEFAULT_N2048_q8_rep5,DC_PUSHSIG_ONLY,C0_DEFAULT,2048,8,5,2,3372.1,0.0,0.0,0.0
case060_dc_C0_DEFAULT_N2048_q8_rep5,DC_PUSHSIG_ONLY,C0_DEFAULT,2048,8,5,3,4566.0,0.0,0.0,0.0
case060_dc_C0_DEFAULT_N2048_q8_rep5,DC_PUSHSIG_ONLY,C0_DEFAULT,2048,8,5,4,5538.2,0.0,0.0,0.0
case060_dc_C0_DEFAULT_N2048_q8_rep5,DC_PUSHSIG_ONLY,C0_DEFAULT,2048,8,5,5,7610.4,0.0,0.0,0.0
case060_dc_C0_DEFAULT_N2048_q8_rep5,DC_PUSHSIG_ONLY,C0_DEFAULT,2048,8,5,6,8775.3,0.0,0.0,0.0
case060_dc_C0_DEFAULT_N2048_q8_rep5,DC_PUSHSIG_ONLY,C0_DEFAULT,2048,8,5,7,11114.4,0.0,0.0,0.0
case066_dc_C0_DEFAULT_N4096_q2_rep1,DC_PUSHSIG_ONLY,C0_DEFAULT,4096,2,1,0,5466.4,0.0,0.0,0.0
case066_dc_C0_DEFAULT_N4096_q2_rep1,DC_PUSHSIG_ONLY,C0_DEFAULT,4096,2,1,1,7482.5,0.0,0.0,0.0
case067_dc_C0_DEFAULT_N4096_q2_rep2,DC_PUSHSIG_ONLY,C0_DEFAULT,4096,2,2,0,5463.4,0.0,0.0,0.0
case067_dc_C0_DEFAULT_N4096_q2_rep2,DC_PUSHSIG_ONLY,C0_DEFAULT,4096,2,2,1,7472.4,0.0,0.0,0.0
case068_dc_C0_DEFAULT_N4096_q2_rep3,DC_PUSHSIG_ONLY,C0_DEFAULT,4096,2,3,0,5460.3,0.0,0.0,0.0
case068_dc_C0_DEFAULT_N4096_q2_rep3,DC_PUSHSIG_ONLY,C0_DEFAULT,4096,2,3,1,7475.4,0.0,0.0,0.0
case069_dc_C0_DEFAULT_N4096_q2_rep4,DC_PUSHSIG_ONLY,C0_DEFAULT,4096,2,4,0,5453.2,0.0,0.0,0.0
case069_dc_C0_DEFAULT_N4096_q2_rep4,DC_PUSHSIG_ONLY,C0_DEFAULT,4096,2,4,1,7470.5,0.0,0.0,0.0
case070_dc_C0_DEFAULT_N4096_q2_rep5,DC_PUSHSIG_ONLY,C0_DEFAULT,4096,2,5,0,5449.1,0.0,0.0,0.0
case070_dc_C0_DEFAULT_N4096_q2_rep5,DC_PUSHSIG_ONLY,C0_DEFAULT,4096,2,5,1,7464.9,0.0,0.0,0.0
case076_dc_C0_DEFAULT_N4096_q4_rep1,DC_PUSHSIG_ONLY,C0_DEFAULT,4096,4,1,0,2667.4,0.0,0.0,0.0
case076_dc_C0_DEFAULT_N4096_q4_rep1,DC_PUSHSIG_ONLY,C0_DEFAULT,4096,4,1,1,3762.8,0.0,0.0,0.0
case076_dc_C0_DEFAULT_N4096_q4_rep1,DC_PUSHSIG_ONLY,C0_DEFAULT,4096,4,1,2,6503.2,0.0,0.0,0.0
case076_dc_C0_DEFAULT_N4096_q4_rep1,DC_PUSHSIG_ONLY,C0_DEFAULT,4096,4,1,3,7576.4,0.0,0.0,0.0
case077_dc_C0_DEFAULT_N4096_q4_rep2,DC_PUSHSIG_ONLY,C0_DEFAULT,4096,4,2,0,2663.0,0.0,0.0,0.0
case077_dc_C0_DEFAULT_N4096_q4_rep2,DC_PUSHSIG_ONLY,C0_DEFAULT,4096,4,2,1,3759.5,0.0,0.0,0.0
case077_dc_C0_DEFAULT_N4096_q4_rep2,DC_PUSHSIG_ONLY,C0_DEFAULT,4096,4,2,2,6474.4,0.0,0.0,0.0
case077_dc_C0_DEFAULT_N4096_q4_rep2,DC_PUSHSIG_ONLY,C0_DEFAULT,4096,4,2,3,7549.4,0.0,0.0,0.0
case078_dc_C0_DEFAULT_N4096_q4_rep3,DC_PUSHSIG_ONLY,C0_DEFAULT,4096,4,3,0,2662.7,0.0,0.0,0.0
case078_dc_C0_DEFAULT_N4096_q4_rep3,DC_PUSHSIG_ONLY,C0_DEFAULT,4096,4,3,1,3764.5,0.0,0.0,0.0
case078_dc_C0_DEFAULT_N4096_q4_rep3,DC_PUSHSIG_ONLY,C0_DEFAULT,4096,4,3,2,6475.4,0.0,0.0,0.0
case078_dc_C0_DEFAULT_N4096_q4_rep3,DC_PUSHSIG_ONLY,C0_DEFAULT,4096,4,3,3,7548.2,0.0,0.0,0.0
case079_dc_C0_DEFAULT_N4096_q4_rep4,DC_PUSHSIG_ONLY,C0_DEFAULT,4096,4,4,0,2665.9,0.0,0.0,0.0
case079_dc_C0_DEFAULT_N4096_q4_rep4,DC_PUSHSIG_ONLY,C0_DEFAULT,4096,4,4,1,3760.1,0.0,0.0,0.0
case079_dc_C0_DEFAULT_N4096_q4_rep4,DC_PUSHSIG_ONLY,C0_DEFAULT,4096,4,4,2,6468.8,0.0,0.0,0.0
case079_dc_C0_DEFAULT_N4096_q4_rep4,DC_PUSHSIG_ONLY,C0_DEFAULT,4096,4,4,3,7543.7,0.0,0.0,0.0
case080_dc_C0_DEFAULT_N4096_q4_rep5,DC_PUSHSIG_ONLY,C0_DEFAULT,4096,4,5,0,2661.5,0.0,0.0,0.0
case080_dc_C0_DEFAULT_N4096_q4_rep5,DC_PUSHSIG_ONLY,C0_DEFAULT,4096,4,5,1,3760.3,0.0,0.0,0.0
case080_dc_C0_DEFAULT_N4096_q4_rep5,DC_PUSHSIG_ONLY,C0_DEFAULT,4096,4,5,2,6397.3,0.0,0.0,0.0
case080_dc_C0_DEFAULT_N4096_q4_rep5,DC_PUSHSIG_ONLY,C0_DEFAULT,4096,4,5,3,7478.4,0.0,0.0,0.0
case086_dc_C0_DEFAULT_N4096_q8_rep1,DC_PUSHSIG_ONLY,C0_DEFAULT,4096,8,1,0,1351.9,0.0,0.0,0.0
case086_dc_C0_DEFAULT_N4096_q8_rep1,DC_PUSHSIG_ONLY,C0_DEFAULT,4096,8,1,1,1965.4,0.0,0.0,0.0
case086_dc_C0_DEFAULT_N4096_q8_rep1,DC_PUSHSIG_ONLY,C0_DEFAULT,4096,8,1,2,3247.3,0.0,0.0,0.0
case086_dc_C0_DEFAULT_N4096_q8_rep1,DC_PUSHSIG_ONLY,C0_DEFAULT,4096,8,1,3,4229.2,0.0,0.0,0.0
case086_dc_C0_DEFAULT_N4096_q8_rep1,DC_PUSHSIG_ONLY,C0_DEFAULT,4096,8,1,4,5263.8,0.0,0.0,0.0
case086_dc_C0_DEFAULT_N4096_q8_rep1,DC_PUSHSIG_ONLY,C0_DEFAULT,4096,8,1,5,6538.4,0.0,0.0,0.0
case086_dc_C0_DEFAULT_N4096_q8_rep1,DC_PUSHSIG_ONLY,C0_DEFAULT,4096,8,1,6,9921.6,0.0,0.0,0.0
case086_dc_C0_DEFAULT_N4096_q8_rep1,DC_PUSHSIG_ONLY,C0_DEFAULT,4096,8,1,7,11550.4,0.0,0.0,0.0
case087_dc_C0_DEFAULT_N4096_q8_rep2,DC_PUSHSIG_ONLY,C0_DEFAULT,4096,8,2,0,1366.9,0.0,0.0,0.0
case087_dc_C0_DEFAULT_N4096_q8_rep2,DC_PUSHSIG_ONLY,C0_DEFAULT,4096,8,2,1,1967.7,0.0,0.0,0.0
case087_dc_C0_DEFAULT_N4096_q8_rep2,DC_PUSHSIG_ONLY,C0_DEFAULT,4096,8,2,2,3290.4,0.0,0.0,0.0
case087_dc_C0_DEFAULT_N4096_q8_rep2,DC_PUSHSIG_ONLY,C0_DEFAULT,4096,8,2,3,4066.5,0.0,0.0,0.0
case087_dc_C0_DEFAULT_N4096_q8_rep2,DC_PUSHSIG_ONLY,C0_DEFAULT,4096,8,2,4,5308.7,0.0,0.0,0.0
case087_dc_C0_DEFAULT_N4096_q8_rep2,DC_PUSHSIG_ONLY,C0_DEFAULT,4096,8,2,5,6317.3,0.0,0.0,0.0
case087_dc_C0_DEFAULT_N4096_q8_rep2,DC_PUSHSIG_ONLY,C0_DEFAULT,4096,8,2,6,9582.8,0.0,0.0,0.0
case087_dc_C0_DEFAULT_N4096_q8_rep2,DC_PUSHSIG_ONLY,C0_DEFAULT,4096,8,2,7,11357.1,0.0,0.0,0.0
case088_dc_C0_DEFAULT_N4096_q8_rep3,DC_PUSHSIG_ONLY,C0_DEFAULT,4096,8,3,0,1351.4,0.0,0.0,0.0
case088_dc_C0_DEFAULT_N4096_q8_rep3,DC_PUSHSIG_ONLY,C0_DEFAULT,4096,8,3,1,2011.2,0.0,0.0,0.0
case088_dc_C0_DEFAULT_N4096_q8_rep3,DC_PUSHSIG_ONLY,C0_DEFAULT,4096,8,3,2,3431.5,0.0,0.0,0.0
case088_dc_C0_DEFAULT_N4096_q8_rep3,DC_PUSHSIG_ONLY,C0_DEFAULT,4096,8,3,3,5733.4,0.0,0.0,0.0
case088_dc_C0_DEFAULT_N4096_q8_rep3,DC_PUSHSIG_ONLY,C0_DEFAULT,4096,8,3,4,7132.7,0.0,0.0,0.0
case088_dc_C0_DEFAULT_N4096_q8_rep3,DC_PUSHSIG_ONLY,C0_DEFAULT,4096,8,3,5,8223.1,0.0,0.0,0.0
case088_dc_C0_DEFAULT_N4096_q8_rep3,DC_PUSHSIG_ONLY,C0_DEFAULT,4096,8,3,6,9503.5,0.0,0.0,0.0
case088_dc_C0_DEFAULT_N4096_q8_rep3,DC_PUSHSIG_ONLY,C0_DEFAULT,4096,8,3,7,11347.4,0.0,0.0,0.0
case089_dc_C0_DEFAULT_N4096_q8_rep4,DC_PUSHSIG_ONLY,C0_DEFAULT,4096,8,4,0,1354.6,0.0,0.0,0.0
case089_dc_C0_DEFAULT_N4096_q8_rep4,DC_PUSHSIG_ONLY,C0_DEFAULT,4096,8,4,1,1965.7,0.0,0.0,0.0
case089_dc_C0_DEFAULT_N4096_q8_rep4,DC_PUSHSIG_ONLY,C0_DEFAULT,4096,8,4,2,3316.8,0.0,0.0,0.0
case089_dc_C0_DEFAULT_N4096_q8_rep4,DC_PUSHSIG_ONLY,C0_DEFAULT,4096,8,4,3,4243.9,0.0,0.0,0.0
case089_dc_C0_DEFAULT_N4096_q8_rep4,DC_PUSHSIG_ONLY,C0_DEFAULT,4096,8,4,4,5436.0,0.0,0.0,0.0
case089_dc_C0_DEFAULT_N4096_q8_rep4,DC_PUSHSIG_ONLY,C0_DEFAULT,4096,8,4,5,8317.3,0.0,0.0,0.0
case089_dc_C0_DEFAULT_N4096_q8_rep4,DC_PUSHSIG_ONLY,C0_DEFAULT,4096,8,4,6,9214.3,0.0,0.0,0.0
case089_dc_C0_DEFAULT_N4096_q8_rep4,DC_PUSHSIG_ONLY,C0_DEFAULT,4096,8,4,7,11892.5,0.0,0.0,0.0
case090_dc_C0_DEFAULT_N4096_q8_rep5,DC_PUSHSIG_ONLY,C0_DEFAULT,4096,8,5,0,1355.2,0.0,0.0,0.0
case090_dc_C0_DEFAULT_N4096_q8_rep5,DC_PUSHSIG_ONLY,C0_DEFAULT,4096,8,5,1,1968.3,0.0,0.0,0.0
case090_dc_C0_DEFAULT_N4096_q8_rep5,DC_PUSHSIG_ONLY,C0_DEFAULT,4096,8,5,2,3373.2,0.0,0.0,0.0
case090_dc_C0_DEFAULT_N4096_q8_rep5,DC_PUSHSIG_ONLY,C0_DEFAULT,4096,8,5,3,6586.8,0.0,0.0,0.0
case090_dc_C0_DEFAULT_N4096_q8_rep5,DC_PUSHSIG_ONLY,C0_DEFAULT,4096,8,5,4,8018.7,0.0,0.0,0.0
case090_dc_C0_DEFAULT_N4096_q8_rep5,DC_PUSHSIG_ONLY,C0_DEFAULT,4096,8,5,5,8782.2,0.0,0.0,0.0
case090_dc_C0_DEFAULT_N4096_q8_rep5,DC_PUSHSIG_ONLY,C0_DEFAULT,4096,8,5,6,9711.1,0.0,0.0,0.0
case090_dc_C0_DEFAULT_N4096_q8_rep5,DC_PUSHSIG_ONLY,C0_DEFAULT,4096,8,5,7,10645.8,0.0,0.0,0.0
case096_dc_C0_DEFAULT_N2048_q16_rep1,DC_PUSHSIG_ONLY,C0_DEFAULT,2048,16,1,0,657.3,0.0,0.0,0.0
case096_dc_C0_DEFAULT_N2048_q16_rep1,DC_PUSHSIG_ONLY,C0_DEFAULT,2048,16,1,1,1262.5,0.0,0.0,0.0
case096_dc_C0_DEFAULT_N2048_q16_rep1,DC_PUSHSIG_ONLY,C0_DEFAULT,2048,16,1,2,4919.3,0.0,0.0,0.0
case096_dc_C0_DEFAULT_N2048_q16_rep1,DC_PUSHSIG_ONLY,C0_DEFAULT,2048,16,1,3,5288.6,0.0,0.0,0.0
case096_dc_C0_DEFAULT_N2048_q16_rep1,DC_PUSHSIG_ONLY,C0_DEFAULT,2048,16,1,4,6132.3,0.0,0.0,0.0
case096_dc_C0_DEFAULT_N2048_q16_rep1,DC_PUSHSIG_ONLY,C0_DEFAULT,2048,16,1,5,6543.3,0.0,0.0,0.0
case096_dc_C0_DEFAULT_N2048_q16_rep1,DC_PUSHSIG_ONLY,C0_DEFAULT,2048,16,1,6,7671.3,0.0,0.0,0.0
case096_dc_C0_DEFAULT_N2048_q16_rep1,DC_PUSHSIG_ONLY,C0_DEFAULT,2048,16,1,7,8385.3,0.0,0.0,0.0
case096_dc_C0_DEFAULT_N2048_q16_rep1,DC_PUSHSIG_ONLY,C0_DEFAULT,2048,16,1,8,9323.3,0.0,0.0,0.0
case096_dc_C0_DEFAULT_N2048_q16_rep1,DC_PUSHSIG_ONLY,C0_DEFAULT,2048,16,1,9,10092.4,0.0,0.0,0.0
case096_dc_C0_DEFAULT_N2048_q16_rep1,DC_PUSHSIG_ONLY,C0_DEFAULT,2048,16,1,10,10916.1,0.0,0.0,0.0
case096_dc_C0_DEFAULT_N2048_q16_rep1,DC_PUSHSIG_ONLY,C0_DEFAULT,2048,16,1,11,11704.6,0.0,0.0,0.0
case096_dc_C0_DEFAULT_N2048_q16_rep1,DC_PUSHSIG_ONLY,C0_DEFAULT,2048,16,1,12,12775.3,0.0,0.0,0.0
case096_dc_C0_DEFAULT_N2048_q16_rep1,DC_PUSHSIG_ONLY,C0_DEFAULT,2048,16,1,13,14066.3,0.0,0.0,0.0
case096_dc_C0_DEFAULT_N2048_q16_rep1,DC_PUSHSIG_ONLY,C0_DEFAULT,2048,16,1,14,15105.9,0.0,0.0,0.0
case096_dc_C0_DEFAULT_N2048_q16_rep1,DC_PUSHSIG_ONLY,C0_DEFAULT,2048,16,1,15,15509.2,0.0,0.0,0.0
case097_dc_C0_DEFAULT_N2048_q16_rep2,DC_PUSHSIG_ONLY,C0_DEFAULT,2048,16,2,0,4849.2,0.0,0.0,0.0
case097_dc_C0_DEFAULT_N2048_q16_rep2,DC_PUSHSIG_ONLY,C0_DEFAULT,2048,16,2,1,6177.6,0.0,0.0,0.0
case097_dc_C0_DEFAULT_N2048_q16_rep2,DC_PUSHSIG_ONLY,C0_DEFAULT,2048,16,2,2,7607.1,0.0,0.0,0.0
case097_dc_C0_DEFAULT_N2048_q16_rep2,DC_PUSHSIG_ONLY,C0_DEFAULT,2048,16,2,3,8279.7,0.0,0.0,0.0
case097_dc_C0_DEFAULT_N2048_q16_rep2,DC_PUSHSIG_ONLY,C0_DEFAULT,2048,16,2,4,8605.3,0.0,0.0,0.0
case097_dc_C0_DEFAULT_N2048_q16_rep2,DC_PUSHSIG_ONLY,C0_DEFAULT,2048,16,2,5,9045.1,0.0,0.0,0.0
case097_dc_C0_DEFAULT_N2048_q16_rep2,DC_PUSHSIG_ONLY,C0_DEFAULT,2048,16,2,6,9498.8,0.0,0.0,0.0
case097_dc_C0_DEFAULT_N2048_q16_rep2,DC_PUSHSIG_ONLY,C0_DEFAULT,2048,16,2,7,9964.0,0.0,0.0,0.0
case097_dc_C0_DEFAULT_N2048_q16_rep2,DC_PUSHSIG_ONLY,C0_DEFAULT,2048,16,2,8,10543.9,0.0,0.0,0.0
case097_dc_C0_DEFAULT_N2048_q16_rep2,DC_PUSHSIG_ONLY,C0_DEFAULT,2048,16,2,9,11202.3,0.0,0.0,0.0
case097_dc_C0_DEFAULT_N2048_q16_rep2,DC_PUSHSIG_ONLY,C0_DEFAULT,2048,16,2,10,11528.6,0.0,0.0,0.0
case097_dc_C0_DEFAULT_N2048_q16_rep2,DC_PUSHSIG_ONLY,C0_DEFAULT,2048,16,2,11,12511.8,0.0,0.0,0.0
case097_dc_C0_DEFAULT_N2048_q16_rep2,DC_PUSHSIG_ONLY,C0_DEFAULT,2048,16,2,12,13792.8,0.0,0.0,0.0
case097_dc_C0_DEFAULT_N2048_q16_rep2,DC_PUSHSIG_ONLY,C0_DEFAULT,2048,16,2,13,14198.3,0.0,0.0,0.0
case097_dc_C0_DEFAULT_N2048_q16_rep2,DC_PUSHSIG_ONLY,C0_DEFAULT,2048,16,2,14,14540.7,0.0,0.0,0.0
case097_dc_C0_DEFAULT_N2048_q16_rep2,DC_PUSHSIG_ONLY,C0_DEFAULT,2048,16,2,15,14899.6,0.0,0.0,0.0
case098_dc_C0_DEFAULT_N2048_q16_rep3,DC_PUSHSIG_ONLY,C0_DEFAULT,2048,16,3,0,842.7,0.0,0.0,0.0
case098_dc_C0_DEFAULT_N2048_q16_rep3,DC_PUSHSIG_ONLY,C0_DEFAULT,2048,16,3,1,1878.0,0.0,0.0,0.0
case098_dc_C0_DEFAULT_N2048_q16_rep3,DC_PUSHSIG_ONLY,C0_DEFAULT,2048,16,3,2,4332.0,0.0,0.0,0.0
case098_dc_C0_DEFAULT_N2048_q16_rep3,DC_PUSHSIG_ONLY,C0_DEFAULT,2048,16,3,3,5294.0,0.0,0.0,0.0
case098_dc_C0_DEFAULT_N2048_q16_rep3,DC_PUSHSIG_ONLY,C0_DEFAULT,2048,16,3,4,6676.0,0.0,0.0,0.0
case098_dc_C0_DEFAULT_N2048_q16_rep3,DC_PUSHSIG_ONLY,C0_DEFAULT,2048,16,3,5,7106.6,0.0,0.0,0.0
case098_dc_C0_DEFAULT_N2048_q16_rep3,DC_PUSHSIG_ONLY,C0_DEFAULT,2048,16,3,6,7626.1,0.0,0.0,0.0
case098_dc_C0_DEFAULT_N2048_q16_rep3,DC_PUSHSIG_ONLY,C0_DEFAULT,2048,16,3,7,8315.2,0.0,0.0,0.0
case098_dc_C0_DEFAULT_N2048_q16_rep3,DC_PUSHSIG_ONLY,C0_DEFAULT,2048,16,3,8,9224.5,0.0,0.0,0.0
case098_dc_C0_DEFAULT_N2048_q16_rep3,DC_PUSHSIG_ONLY,C0_DEFAULT,2048,16,3,9,10201.1,0.0,0.0,0.0
case098_dc_C0_DEFAULT_N2048_q16_rep3,DC_PUSHSIG_ONLY,C0_DEFAULT,2048,16,3,10,10884.3,0.0,0.0,0.0
case098_dc_C0_DEFAULT_N2048_q16_rep3,DC_PUSHSIG_ONLY,C0_DEFAULT,2048,16,3,11,12256.9,0.0,0.0,0.0
case098_dc_C0_DEFAULT_N2048_q16_rep3,DC_PUSHSIG_ONLY,C0_DEFAULT,2048,16,3,12,13780.1,0.0,0.0,0.0
case098_dc_C0_DEFAULT_N2048_q16_rep3,DC_PUSHSIG_ONLY,C0_DEFAULT,2048,16,3,13,14206.4,0.0,0.0,0.0
case098_dc_C0_DEFAULT_N2048_q16_rep3,DC_PUSHSIG_ONLY,C0_DEFAULT,2048,16,3,14,14540.4,0.0,0.0,0.0
case098_dc_C0_DEFAULT_N2048_q16_rep3,DC_PUSHSIG_ONLY,C0_DEFAULT,2048,16,3,15,15174.0,0.0,0.0,0.0
case099_dc_C0_DEFAULT_N2048_q16_rep4,DC_PUSHSIG_ONLY,C0_DEFAULT,2048,16,4,0,3672.8,0.0,0.0,0.0
case099_dc_C0_DEFAULT_N2048_q16_rep4,DC_PUSHSIG_ONLY,C0_DEFAULT,2048,16,4,1,5036.4,0.0,0.0,0.0
case099_dc_C0_DEFAULT_N2048_q16_rep4,DC_PUSHSIG_ONLY,C0_DEFAULT,2048,16,4,2,6536.4,0.0,0.0,0.0
case099_dc_C0_DEFAULT_N2048_q16_rep4,DC_PUSHSIG_ONLY,C0_DEFAULT,2048,16,4,3,7063.7,0.0,0.0,0.0
case099_dc_C0_DEFAULT_N2048_q16_rep4,DC_PUSHSIG_ONLY,C0_DEFAULT,2048,16,4,4,7595.3,0.0,0.0,0.0
case099_dc_C0_DEFAULT_N2048_q16_rep4,DC_PUSHSIG_ONLY,C0_DEFAULT,2048,16,4,5,8173.0,0.0,0.0,0.0
case099_dc_C0_DEFAULT_N2048_q16_rep4,DC_PUSHSIG_ONLY,C0_DEFAULT,2048,16,4,6,8696.2,0.0,0.0,0.0
case099_dc_C0_DEFAULT_N2048_q16_rep4,DC_PUSHSIG_ONLY,C0_DEFAULT,2048,16,4,7,9268.1,0.0,0.0,0.0
case099_dc_C0_DEFAULT_N2048_q16_rep4,DC_PUSHSIG_ONLY,C0_DEFAULT,2048,16,4,8,9757.1,0.0,0.0,0.0
case099_dc_C0_DEFAULT_N2048_q16_rep4,DC_PUSHSIG_ONLY,C0_DEFAULT,2048,16,4,9,11150.2,0.0,0.0,0.0
case099_dc_C0_DEFAULT_N2048_q16_rep4,DC_PUSHSIG_ONLY,C0_DEFAULT,2048,16,4,10,11478.7,0.0,0.0,0.0
case099_dc_C0_DEFAULT_N2048_q16_rep4,DC_PUSHSIG_ONLY,C0_DEFAULT,2048,16,4,11,12229.3,0.0,0.0,0.0
case099_dc_C0_DEFAULT_N2048_q16_rep4,DC_PUSHSIG_ONLY,C0_DEFAULT,2048,16,4,12,13238.2,0.0,0.0,0.0
case099_dc_C0_DEFAULT_N2048_q16_rep4,DC_PUSHSIG_ONLY,C0_DEFAULT,2048,16,4,13,13617.8,0.0,0.0,0.0
case099_dc_C0_DEFAULT_N2048_q16_rep4,DC_PUSHSIG_ONLY,C0_DEFAULT,2048,16,4,14,14434.6,0.0,0.0,0.0
case099_dc_C0_DEFAULT_N2048_q16_rep4,DC_PUSHSIG_ONLY,C0_DEFAULT,2048,16,4,15,14914.8,0.0,0.0,0.0
case100_dc_C0_DEFAULT_N2048_q16_rep5,DC_PUSHSIG_ONLY,C0_DEFAULT,2048,16,5,0,2624.6,0.0,0.0,0.0
case100_dc_C0_DEFAULT_N2048_q16_rep5,DC_PUSHSIG_ONLY,C0_DEFAULT,2048,16,5,1,4454.2,0.0,0.0,0.0
case100_dc_C0_DEFAULT_N2048_q16_rep5,DC_PUSHSIG_ONLY,C0_DEFAULT,2048,16,5,2,5672.6,0.0,0.0,0.0
case100_dc_C0_DEFAULT_N2048_q16_rep5,DC_PUSHSIG_ONLY,C0_DEFAULT,2048,16,5,3,6428.8,0.0,0.0,0.0
case100_dc_C0_DEFAULT_N2048_q16_rep5,DC_PUSHSIG_ONLY,C0_DEFAULT,2048,16,5,4,7510.8,0.0,0.0,0.0
case100_dc_C0_DEFAULT_N2048_q16_rep5,DC_PUSHSIG_ONLY,C0_DEFAULT,2048,16,5,5,8835.3,0.0,0.0,0.0
case100_dc_C0_DEFAULT_N2048_q16_rep5,DC_PUSHSIG_ONLY,C0_DEFAULT,2048,16,5,6,10177.1,0.0,0.0,0.0
case100_dc_C0_DEFAULT_N2048_q16_rep5,DC_PUSHSIG_ONLY,C0_DEFAULT,2048,16,5,7,11065.5,0.0,0.0,0.0
case100_dc_C0_DEFAULT_N2048_q16_rep5,DC_PUSHSIG_ONLY,C0_DEFAULT,2048,16,5,8,11696.6,0.0,0.0,0.0
case100_dc_C0_DEFAULT_N2048_q16_rep5,DC_PUSHSIG_ONLY,C0_DEFAULT,2048,16,5,9,12308.9,0.0,0.0,0.0
case100_dc_C0_DEFAULT_N2048_q16_rep5,DC_PUSHSIG_ONLY,C0_DEFAULT,2048,16,5,10,12758.0,0.0,0.0,0.0
case100_dc_C0_DEFAULT_N2048_q16_rep5,DC_PUSHSIG_ONLY,C0_DEFAULT,2048,16,5,11,13370.0,0.0,0.0,0.0
case100_dc_C0_DEFAULT_N2048_q16_rep5,DC_PUSHSIG_ONLY,C0_DEFAULT,2048,16,5,12,14086.3,0.0,0.0,0.0
case100_dc_C0_DEFAULT_N2048_q16_rep5,DC_PUSHSIG_ONLY,C0_DEFAULT,2048,16,5,13,14464.6,0.0,0.0,0.0
case100_dc_C0_DEFAULT_N2048_q16_rep5,DC_PUSHSIG_ONLY,C0_DEFAULT,2048,16,5,14,14899.6,0.0,0.0,0.0
case100_dc_C0_DEFAULT_N2048_q16_rep5,DC_PUSHSIG_ONLY,C0_DEFAULT,2048,16,5,15,15375.0,0.0,0.0,0.0
