WARNING: Logging before InitGoogleLogging() is written to STDERR
I1008 16:34:32.093397   203 ProcessGroupNCCL.cpp:1007] [PG ID 0 PG GUID 0 Rank 13] ProcessGroupNCCL initialization options: size: 16, global rank: 13, TIMEOUT(ms): 600000, USE_HIGH_PRIORITY_STREAM: 0, SPLIT_FROM: 0, SPLIT_COLOR: -2, PG Name: 0
I1008 16:34:32.093430   203 ProcessGroupNCCL.cpp:1016] [PG ID 0 PG GUID 0 Rank 13] ProcessGroupNCCL environments: NCCL version: 2.22.3, TORCH_NCCL_ASYNC_ERROR_HANDLING: 1, TORCH_NCCL_DUMP_ON_TIMEOUT: 1, TORCH_NCCL_PROPAGATE_ERROR: 0, TORCH_NCCL_WAIT_TIMEOUT_DUMP_MILSEC: 60000, TORCH_NCCL_DESYNC_DEBUG: 0, TORCH_NCCL_ENABLE_TIMING: 0, TORCH_NCCL_BLOCKING_WAIT: 0, TORCH_DISTRIBUTED_DEBUG: OFF, TORCH_NCCL_USE_TENSOR_REGISTER_ALLOCATOR_HOOK: 0, TORCH_NCCL_ENABLE_MONITORING: 1, TORCH_NCCL_HEARTBEAT_TIMEOUT_SEC: 480, TORCH_NCCL_TRACE_BUFFER_SIZE: 2000, TORCH_NCCL_COORD_CHECK_MILSEC: 1000, TORCH_NCCL_NAN_CHECK: 0, TORCH_NCCL_CUDA_EVENT_CACHE: 1, TORCH_NCCL_LOG_CPP_STACK_ON_UNCLEAN_SHUTDOWN: 1
WARNING: Logging before InitGoogleLogging() is written to STDERR
I1008 16:34:32.109535   205 ProcessGroupNCCL.cpp:1007] [PG ID 0 PG GUID 0 Rank 15] ProcessGroupNCCL initialization options: size: 16, global rank: 15, TIMEOUT(ms): 600000, USE_HIGH_PRIORITY_STREAM: 0, SPLIT_FROM: 0, SPLIT_COLOR: -2, PG Name: 0
I1008 16:34:32.109566   205 ProcessGroupNCCL.cpp:1016] [PG ID 0 PG GUID 0 Rank 15] ProcessGroupNCCL environments: NCCL version: 2.22.3, TORCH_NCCL_ASYNC_ERROR_HANDLING: 1, TORCH_NCCL_DUMP_ON_TIMEOUT: 1, TORCH_NCCL_PROPAGATE_ERROR: 0, TORCH_NCCL_WAIT_TIMEOUT_DUMP_MILSEC: 60000, TORCH_NCCL_DESYNC_DEBUG: 0, TORCH_NCCL_ENABLE_TIMING: 0, TORCH_NCCL_BLOCKING_WAIT: 0, TORCH_DISTRIBUTED_DEBUG: OFF, TORCH_NCCL_USE_TENSOR_REGISTER_ALLOCATOR_HOOK: 0, TORCH_NCCL_ENABLE_MONITORING: 1, TORCH_NCCL_HEARTBEAT_TIMEOUT_SEC: 480, TORCH_NCCL_TRACE_BUFFER_SIZE: 2000, TORCH_NCCL_COORD_CHECK_MILSEC: 1000, TORCH_NCCL_NAN_CHECK: 0, TORCH_NCCL_CUDA_EVENT_CACHE: 1, TORCH_NCCL_LOG_CPP_STACK_ON_UNCLEAN_SHUTDOWN: 1
I1008 16:34:32.239459   203 ProcessGroupNCCL.cpp:1107] [PG ID 0 PG GUID 0(default_pg) Rank 13] Using non-blocking mode: 0
WARNING: Logging before InitGoogleLogging() is written to STDERR
I1008 16:34:32.248795   199 ProcessGroupNCCL.cpp:1007] [PG ID 0 PG GUID 0 Rank 9] ProcessGroupNCCL initialization options: size: 16, global rank: 9, TIMEOUT(ms): 600000, USE_HIGH_PRIORITY_STREAM: 0, SPLIT_FROM: 0, SPLIT_COLOR: -2, PG Name: 0
I1008 16:34:32.248842   199 ProcessGroupNCCL.cpp:1016] [PG ID 0 PG GUID 0 Rank 9] ProcessGroupNCCL environments: NCCL version: 2.22.3, TORCH_NCCL_ASYNC_ERROR_HANDLING: 1, TORCH_NCCL_DUMP_ON_TIMEOUT: 1, TORCH_NCCL_PROPAGATE_ERROR: 0, TORCH_NCCL_WAIT_TIMEOUT_DUMP_MILSEC: 60000, TORCH_NCCL_DESYNC_DEBUG: 0, TORCH_NCCL_ENABLE_TIMING: 0, TORCH_NCCL_BLOCKING_WAIT: 0, TORCH_DISTRIBUTED_DEBUG: OFF, TORCH_NCCL_USE_TENSOR_REGISTER_ALLOCATOR_HOOK: 0, TORCH_NCCL_ENABLE_MONITORING: 1, TORCH_NCCL_HEARTBEAT_TIMEOUT_SEC: 480, TORCH_NCCL_TRACE_BUFFER_SIZE: 2000, TORCH_NCCL_COORD_CHECK_MILSEC: 1000, TORCH_NCCL_NAN_CHECK: 0, TORCH_NCCL_CUDA_EVENT_CACHE: 1, TORCH_NCCL_LOG_CPP_STACK_ON_UNCLEAN_SHUTDOWN: 1
I1008 16:34:32.251562   205 ProcessGroupNCCL.cpp:1107] [PG ID 0 PG GUID 0(default_pg) Rank 15] Using non-blocking mode: 0
WARNING: Logging before InitGoogleLogging() is written to STDERR
I1008 16:34:32.263962   200 ProcessGroupNCCL.cpp:1007] [PG ID 0 PG GUID 0 Rank 10] ProcessGroupNCCL initialization options: size: 16, global rank: 10, TIMEOUT(ms): 600000, USE_HIGH_PRIORITY_STREAM: 0, SPLIT_FROM: 0, SPLIT_COLOR: -2, PG Name: 0
I1008 16:34:32.264025   200 ProcessGroupNCCL.cpp:1016] [PG ID 0 PG GUID 0 Rank 10] ProcessGroupNCCL environments: NCCL version: 2.22.3, TORCH_NCCL_ASYNC_ERROR_HANDLING: 1, TORCH_NCCL_DUMP_ON_TIMEOUT: 1, TORCH_NCCL_PROPAGATE_ERROR: 0, TORCH_NCCL_WAIT_TIMEOUT_DUMP_MILSEC: 60000, TORCH_NCCL_DESYNC_DEBUG: 0, TORCH_NCCL_ENABLE_TIMING: 0, TORCH_NCCL_BLOCKING_WAIT: 0, TORCH_DISTRIBUTED_DEBUG: OFF, TORCH_NCCL_USE_TENSOR_REGISTER_ALLOCATOR_HOOK: 0, TORCH_NCCL_ENABLE_MONITORING: 1, TORCH_NCCL_HEARTBEAT_TIMEOUT_SEC: 480, TORCH_NCCL_TRACE_BUFFER_SIZE: 2000, TORCH_NCCL_COORD_CHECK_MILSEC: 1000, TORCH_NCCL_NAN_CHECK: 0, TORCH_NCCL_CUDA_EVENT_CACHE: 1, TORCH_NCCL_LOG_CPP_STACK_ON_UNCLEAN_SHUTDOWN: 1
WARNING: Logging before InitGoogleLogging() is written to STDERR
I1008 16:34:32.277720   201 ProcessGroupNCCL.cpp:1007] [PG ID 0 PG GUID 0 Rank 11] ProcessGroupNCCL initialization options: size: 16, global rank: 11, TIMEOUT(ms): 600000, USE_HIGH_PRIORITY_STREAM: 0, SPLIT_FROM: 0, SPLIT_COLOR: -2, PG Name: 0
I1008 16:34:32.277761   201 ProcessGroupNCCL.cpp:1016] [PG ID 0 PG GUID 0 Rank 11] ProcessGroupNCCL environments: NCCL version: 2.22.3, TORCH_NCCL_ASYNC_ERROR_HANDLING: 1, TORCH_NCCL_DUMP_ON_TIMEOUT: 1, TORCH_NCCL_PROPAGATE_ERROR: 0, TORCH_NCCL_WAIT_TIMEOUT_DUMP_MILSEC: 60000, TORCH_NCCL_DESYNC_DEBUG: 0, TORCH_NCCL_ENABLE_TIMING: 0, TORCH_NCCL_BLOCKING_WAIT: 0, TORCH_DISTRIBUTED_DEBUG: OFF, TORCH_NCCL_USE_TENSOR_REGISTER_ALLOCATOR_HOOK: 0, TORCH_NCCL_ENABLE_MONITORING: 1, TORCH_NCCL_HEARTBEAT_TIMEOUT_SEC: 480, TORCH_NCCL_TRACE_BUFFER_SIZE: 2000, TORCH_NCCL_COORD_CHECK_MILSEC: 1000, TORCH_NCCL_NAN_CHECK: 0, TORCH_NCCL_CUDA_EVENT_CACHE: 1, TORCH_NCCL_LOG_CPP_STACK_ON_UNCLEAN_SHUTDOWN: 1
WARNING: Logging before InitGoogleLogging() is written to STDERR
I1008 16:34:32.280486   198 ProcessGroupNCCL.cpp:1007] [PG ID 0 PG GUID 0 Rank 8] ProcessGroupNCCL initialization options: size: 16, global rank: 8, TIMEOUT(ms): 600000, USE_HIGH_PRIORITY_STREAM: 0, SPLIT_FROM: 0, SPLIT_COLOR: -2, PG Name: 0
I1008 16:34:32.280526   198 ProcessGroupNCCL.cpp:1016] [PG ID 0 PG GUID 0 Rank 8] ProcessGroupNCCL environments: NCCL version: 2.22.3, TORCH_NCCL_ASYNC_ERROR_HANDLING: 1, TORCH_NCCL_DUMP_ON_TIMEOUT: 1, TORCH_NCCL_PROPAGATE_ERROR: 0, TORCH_NCCL_WAIT_TIMEOUT_DUMP_MILSEC: 60000, TORCH_NCCL_DESYNC_DEBUG: 0, TORCH_NCCL_ENABLE_TIMING: 0, TORCH_NCCL_BLOCKING_WAIT: 0, TORCH_DISTRIBUTED_DEBUG: OFF, TORCH_NCCL_USE_TENSOR_REGISTER_ALLOCATOR_HOOK: 0, TORCH_NCCL_ENABLE_MONITORING: 1, TORCH_NCCL_HEARTBEAT_TIMEOUT_SEC: 480, TORCH_NCCL_TRACE_BUFFER_SIZE: 2000, TORCH_NCCL_COORD_CHECK_MILSEC: 1000, TORCH_NCCL_NAN_CHECK: 0, TORCH_NCCL_CUDA_EVENT_CACHE: 1, TORCH_NCCL_LOG_CPP_STACK_ON_UNCLEAN_SHUTDOWN: 1
WARNING: Logging before InitGoogleLogging() is written to STDERR
I1008 16:34:32.281745   204 ProcessGroupNCCL.cpp:1007] [PG ID 0 PG GUID 0 Rank 14] ProcessGroupNCCL initialization options: size: 16, global rank: 14, TIMEOUT(ms): 600000, USE_HIGH_PRIORITY_STREAM: 0, SPLIT_FROM: 0, SPLIT_COLOR: -2, PG Name: 0
I1008 16:34:32.281778   204 ProcessGroupNCCL.cpp:1016] [PG ID 0 PG GUID 0 Rank 14] ProcessGroupNCCL environments: NCCL version: 2.22.3, TORCH_NCCL_ASYNC_ERROR_HANDLING: 1, TORCH_NCCL_DUMP_ON_TIMEOUT: 1, TORCH_NCCL_PROPAGATE_ERROR: 0, TORCH_NCCL_WAIT_TIMEOUT_DUMP_MILSEC: 60000, TORCH_NCCL_DESYNC_DEBUG: 0, TORCH_NCCL_ENABLE_TIMING: 0, TORCH_NCCL_BLOCKING_WAIT: 0, TORCH_DISTRIBUTED_DEBUG: OFF, TORCH_NCCL_USE_TENSOR_REGISTER_ALLOCATOR_HOOK: 0, TORCH_NCCL_ENABLE_MONITORING: 1, TORCH_NCCL_HEARTBEAT_TIMEOUT_SEC: 480, TORCH_NCCL_TRACE_BUFFER_SIZE: 2000, TORCH_NCCL_COORD_CHECK_MILSEC: 1000, TORCH_NCCL_NAN_CHECK: 0, TORCH_NCCL_CUDA_EVENT_CACHE: 1, TORCH_NCCL_LOG_CPP_STACK_ON_UNCLEAN_SHUTDOWN: 1
WARNING: Logging before InitGoogleLogging() is written to STDERR
I1008 16:34:32.285976   202 ProcessGroupNCCL.cpp:1007] [PG ID 0 PG GUID 0 Rank 12] ProcessGroupNCCL initialization options: size: 16, global rank: 12, TIMEOUT(ms): 600000, USE_HIGH_PRIORITY_STREAM: 0, SPLIT_FROM: 0, SPLIT_COLOR: -2, PG Name: 0
I1008 16:34:32.286005   202 ProcessGroupNCCL.cpp:1016] [PG ID 0 PG GUID 0 Rank 12] ProcessGroupNCCL environments: NCCL version: 2.22.3, TORCH_NCCL_ASYNC_ERROR_HANDLING: 1, TORCH_NCCL_DUMP_ON_TIMEOUT: 1, TORCH_NCCL_PROPAGATE_ERROR: 0, TORCH_NCCL_WAIT_TIMEOUT_DUMP_MILSEC: 60000, TORCH_NCCL_DESYNC_DEBUG: 0, TORCH_NCCL_ENABLE_TIMING: 0, TORCH_NCCL_BLOCKING_WAIT: 0, TORCH_DISTRIBUTED_DEBUG: OFF, TORCH_NCCL_USE_TENSOR_REGISTER_ALLOCATOR_HOOK: 0, TORCH_NCCL_ENABLE_MONITORING: 1, TORCH_NCCL_HEARTBEAT_TIMEOUT_SEC: 480, TORCH_NCCL_TRACE_BUFFER_SIZE: 2000, TORCH_NCCL_COORD_CHECK_MILSEC: 1000, TORCH_NCCL_NAN_CHECK: 0, TORCH_NCCL_CUDA_EVENT_CACHE: 1, TORCH_NCCL_LOG_CPP_STACK_ON_UNCLEAN_SHUTDOWN: 1
I1008 16:34:32.462766   203 ProcessGroupNCCL.cpp:2857] [PG ID 0 PG GUID 0(default_pg) Rank 13] ProcessGroupNCCL broadcast unique ID through store took 223.272 ms
I1008 16:34:32.462802   203 NCCLUtils.cpp:75] Rank 13: creating NCCL communicator with mode: blocking
I1008 16:34:32.462872   205 ProcessGroupNCCL.cpp:2857] [PG ID 0 PG GUID 0(default_pg) Rank 15] ProcessGroupNCCL broadcast unique ID through store took 211.277 ms
I1008 16:34:32.462944   205 NCCLUtils.cpp:75] Rank 15: creating NCCL communicator with mode: blocking
vcjob-2108113716403535873-abc12335-78022-worker-1:203:203 [5] NCCL INFO ROCr version 1.11
vcjob-2108113716403535873-abc12335-78022-worker-1:203:203 [5] NCCL INFO Dmabuf feature disabled without NCCL_DMABUF_ENABLE=1

vcjob-2108113716403535873-abc12335-78022-worker-1:203:203 [5] /data/jenkins_workspace/workspace/rccl_release/build/hipify/src/init.cc:170 NCCL WARN NUMA auto balancing enabled which can lead to variability in the RCCL performance! Disable by "sudo sysctl kernel.numa_balancing=0"
vcjob-2108113716403535873-abc12335-78022-worker-1:205:205 [7] NCCL INFO ROCr version 1.11
vcjob-2108113716403535873-abc12335-78022-worker-1:203:203 [5] NCCL INFO Kernel version: 5.15.0-25-generic
vcjob-2108113716403535873-abc12335-78022-worker-1:205:205 [7] NCCL INFO Dmabuf feature disabled without NCCL_DMABUF_ENABLE=1

vcjob-2108113716403535873-abc12335-78022-worker-1:205:205 [7] /data/jenkins_workspace/workspace/rccl_release/build/hipify/src/init.cc:170 NCCL WARN NUMA auto balancing enabled which can lead to variability in the RCCL performance! Disable by "sudo sysctl kernel.numa_balancing=0"

vcjob-2108113716403535873-abc12335-78022-worker-1:203:203 [5] /data/jenkins_workspace/workspace/rccl_release/build/hipify/src/init.cc:191 NCCL WARN Missing "iommu=pt" from kernel command line which can lead to system instablity or hang!
vcjob-2108113716403535873-abc12335-78022-worker-1:205:205 [7] NCCL INFO Kernel version: 5.15.0-25-generic
vcjob-2108113716403535873-abc12335-78022-worker-1:203:203 [5] NCCL INFO Disabled GDRCopy equivalent memory allocation on gfx936 due to GPU architecture

vcjob-2108113716403535873-abc12335-78022-worker-1:205:205 [7] /data/jenkins_workspace/workspace/rccl_release/build/hipify/src/init.cc:191 NCCL WARN Missing "iommu=pt" from kernel command line which can lead to system instablity or hang!
vcjob-2108113716403535873-abc12335-78022-worker-1:203:203 [5] NCCL INFO NCCL_SOCKET_IFNAME set by environment to eth
vcjob-2108113716403535873-abc12335-78022-worker-1:205:205 [7] NCCL INFO Disabled GDRCopy equivalent memory allocation on gfx936 due to GPU architecture
vcjob-2108113716403535873-abc12335-78022-worker-1:205:205 [7] NCCL INFO NCCL_SOCKET_IFNAME set by environment to eth
vcjob-2108113716403535873-abc12335-78022-worker-1:203:203 [5] NCCL INFO Bootstrap : Using eth0:172.31.137.213<0>
vcjob-2108113716403535873-abc12335-78022-worker-1:205:205 [7] NCCL INFO Bootstrap : Using eth0:172.31.137.213<0>
vcjob-2108113716403535873-abc12335-78022-worker-1:203:203 [5] NCCL INFO RCCL version : 2.22.3-HEAD:19c80f7
HIP version  : 6.3.26102-a22a51fa
ROCm version : 6.3.3.0-0-c1d64df
Hostname     : vcjob-2108113716403535873-abc12335-78022-worker-1
Librccl path : /opt/dtk/lib/librccl.so.1
vcjob-2108113716403535873-abc12335-78022-worker-1:205:205 [7] NCCL INFO RCCL version : 2.22.3-HEAD:19c80f7
HIP version  : 6.3.26102-a22a51fa
ROCm version : 6.3.3.0-0-c1d64df
Hostname     : vcjob-2108113716403535873-abc12335-78022-worker-1
Librccl path : /opt/dtk/lib/librccl.so.1
vcjob-2108113716403535873-abc12335-78022-worker-1:205:205 [7] NCCL INFO Comm config Blocking set to 1
vcjob-2108113716403535873-abc12335-78022-worker-1:203:203 [5] NCCL INFO Comm config Blocking set to 1
I1008 16:34:32.467027   199 ProcessGroupNCCL.cpp:1107] [PG ID 0 PG GUID 0(default_pg) Rank 9] Using non-blocking mode: 0
I1008 16:34:32.467435   199 ProcessGroupNCCL.cpp:2857] [PG ID 0 PG GUID 0(default_pg) Rank 9] ProcessGroupNCCL broadcast unique ID through store took 0.373026 ms
I1008 16:34:32.467473   199 NCCLUtils.cpp:75] Rank 9: creating NCCL communicator with mode: blocking
vcjob-2108113716403535873-abc12335-78022-worker-1:199:199 [1] NCCL INFO ROCr version 1.11
vcjob-2108113716403535873-abc12335-78022-worker-1:199:199 [1] NCCL INFO Dmabuf feature disabled without NCCL_DMABUF_ENABLE=1

vcjob-2108113716403535873-abc12335-78022-worker-1:199:199 [1] /data/jenkins_workspace/workspace/rccl_release/build/hipify/src/init.cc:170 NCCL WARN NUMA auto balancing enabled which can lead to variability in the RCCL performance! Disable by "sudo sysctl kernel.numa_balancing=0"
vcjob-2108113716403535873-abc12335-78022-worker-1:199:199 [1] NCCL INFO Kernel version: 5.15.0-25-generic

vcjob-2108113716403535873-abc12335-78022-worker-1:199:199 [1] /data/jenkins_workspace/workspace/rccl_release/build/hipify/src/init.cc:191 NCCL WARN Missing "iommu=pt" from kernel command line which can lead to system instablity or hang!
vcjob-2108113716403535873-abc12335-78022-worker-1:199:199 [1] NCCL INFO Disabled GDRCopy equivalent memory allocation on gfx936 due to GPU architecture
vcjob-2108113716403535873-abc12335-78022-worker-1:199:199 [1] NCCL INFO NCCL_SOCKET_IFNAME set by environment to eth
vcjob-2108113716403535873-abc12335-78022-worker-1:199:199 [1] NCCL INFO Bootstrap : Using eth0:172.31.137.213<0>
vcjob-2108113716403535873-abc12335-78022-worker-1:199:199 [1] NCCL INFO RCCL version : 2.22.3-HEAD:19c80f7
HIP version  : 6.3.26102-a22a51fa
ROCm version : 6.3.3.0-0-c1d64df
Hostname     : vcjob-2108113716403535873-abc12335-78022-worker-1
Librccl path : /opt/dtk/lib/librccl.so.1
vcjob-2108113716403535873-abc12335-78022-worker-1:199:199 [1] NCCL INFO Comm config Blocking set to 1
vcjob-2108113716403535873-abc12335-78022-worker-1:203:298 [5] NCCL INFO NET/Plugin: Plugin name set by env to librccl-net-shca.so
vcjob-2108113716403535873-abc12335-78022-worker-1:203:298 [5] NCCL INFO NET/Plugin: Failed to find ncclCollNetPlugin_v8 symbol.
vcjob-2108113716403535873-abc12335-78022-worker-1:203:298 [5] NCCL INFO NET/Plugin: Failed to find ncclCollNetPlugin symbol (>= v5). ncclCollNetPlugin symbols v4 and lower are not supported.
vcjob-2108113716403535873-abc12335-78022-worker-1:199:299 [1] NCCL INFO NET/Plugin: Plugin name set by env to librccl-net-shca.so
vcjob-2108113716403535873-abc12335-78022-worker-1:205:297 [7] NCCL INFO NET/Plugin: Plugin name set by env to librccl-net-shca.so
vcjob-2108113716403535873-abc12335-78022-worker-1:199:299 [1] NCCL INFO NET/Plugin: Failed to find ncclCollNetPlugin_v8 symbol.
vcjob-2108113716403535873-abc12335-78022-worker-1:205:297 [7] NCCL INFO NET/Plugin: Failed to find ncclCollNetPlugin_v8 symbol.
vcjob-2108113716403535873-abc12335-78022-worker-1:203:298 [5] NCCL INFO Plugin Path : /root/private_data/second_hygon/phase5-e2e-discovery/../rdma-shca/topo_lib/lib/librccl-net-shca.so
vcjob-2108113716403535873-abc12335-78022-worker-1:199:299 [1] NCCL INFO NET/Plugin: Failed to find ncclCollNetPlugin symbol (>= v5). ncclCollNetPlugin symbols v4 and lower are not supported.
vcjob-2108113716403535873-abc12335-78022-worker-1:203:298 [5] NCCL INFO P2P plugin v8 IBext_v8
vcjob-2108113716403535873-abc12335-78022-worker-1:205:297 [7] NCCL INFO NET/Plugin: Failed to find ncclCollNetPlugin symbol (>= v5). ncclCollNetPlugin symbols v4 and lower are not supported.
vcjob-2108113716403535873-abc12335-78022-worker-1:199:299 [1] NCCL INFO Plugin Path : /root/private_data/second_hygon/phase5-e2e-discovery/../rdma-shca/topo_lib/lib/librccl-net-shca.so
vcjob-2108113716403535873-abc12335-78022-worker-1:205:297 [7] NCCL INFO Plugin Path : /root/private_data/second_hygon/phase5-e2e-discovery/../rdma-shca/topo_lib/lib/librccl-net-shca.so
vcjob-2108113716403535873-abc12335-78022-worker-1:205:297 [7] NCCL INFO P2P plugin v8 IBext_v8
vcjob-2108113716403535873-abc12335-78022-worker-1:199:299 [1] NCCL INFO P2P plugin v8 IBext_v8
vcjob-2108113716403535873-abc12335-78022-worker-1:203:298 [5] NCCL INFO NCCL_SOCKET_IFNAME set by environment to eth
vcjob-2108113716403535873-abc12335-78022-worker-1:199:299 [1] NCCL INFO NCCL_SOCKET_IFNAME set by environment to eth
vcjob-2108113716403535873-abc12335-78022-worker-1:205:297 [7] NCCL INFO NCCL_SOCKET_IFNAME set by environment to eth
open fd: No such file or directory
open fd: No such file or directory
open lockfd: No such file or directory
open fd: No such file or directory
open lockfd: No such file or directory
open lockfd: No such file or directory
open fd: No such file or directory
open fd: No such file or directory
open lockfd: No such file or directory
open lockfd: No such file or directory
open fd: No such file or directory
open lockfd: No such file or directory
open fd: No such file or directory
open lockfd: No such file or directory
open fd: No such file or directory
open lockfd: No such file or directory
open fd: No such file or directory
open lockfd: No such file or directory
open fd: No such file or directory
open lockfd: No such file or directory
open fd: No such file or directory
open lockfd: No such file or directory
open fd: No such file or directory
open lockfd: No such file or directory
vcjob-2108113716403535873-abc12335-78022-worker-1:199:299 [1] NCCL INFO NET/IB : Using [0]shca_0:1/IB [1]shca_1:1/IB [2]shca_2:1/IB [3]shca_3:1/IB ; OOB eth0:172.31.137.213<0>
vcjob-2108113716403535873-abc12335-78022-worker-1:203:298 [5] NCCL INFO NET/IB : Using [0]shca_0:1/IB [1]shca_1:1/IB [2]shca_2:1/IB [3]shca_3:1/IB ; OOB eth0:172.31.137.213<0>
vcjob-2108113716403535873-abc12335-78022-worker-1:205:297 [7] NCCL INFO NET/IB : Using [0]shca_0:1/IB [1]shca_1:1/IB [2]shca_2:1/IB [3]shca_3:1/IB ; OOB eth0:172.31.137.213<0>
vcjob-2108113716403535873-abc12335-78022-worker-1:199:299 [1] NCCL INFO Using network IBext_v8
vcjob-2108113716403535873-abc12335-78022-worker-1:203:298 [5] NCCL INFO Using network IBext_v8
vcjob-2108113716403535873-abc12335-78022-worker-1:205:297 [7] NCCL INFO Using network IBext_v8
I1008 16:34:32.564462   200 ProcessGroupNCCL.cpp:1107] [PG ID 0 PG GUID 0(default_pg) Rank 10] Using non-blocking mode: 0
I1008 16:34:32.564936   200 ProcessGroupNCCL.cpp:2857] [PG ID 0 PG GUID 0(default_pg) Rank 10] ProcessGroupNCCL broadcast unique ID through store took 0.440177 ms
I1008 16:34:32.564976   200 NCCLUtils.cpp:75] Rank 10: creating NCCL communicator with mode: blocking
vcjob-2108113716403535873-abc12335-78022-worker-1:200:200 [2] NCCL INFO ROCr version 1.11
vcjob-2108113716403535873-abc12335-78022-worker-1:200:200 [2] NCCL INFO Dmabuf feature disabled without NCCL_DMABUF_ENABLE=1

vcjob-2108113716403535873-abc12335-78022-worker-1:200:200 [2] /data/jenkins_workspace/workspace/rccl_release/build/hipify/src/init.cc:170 NCCL WARN NUMA auto balancing enabled which can lead to variability in the RCCL performance! Disable by "sudo sysctl kernel.numa_balancing=0"
vcjob-2108113716403535873-abc12335-78022-worker-1:200:200 [2] NCCL INFO Kernel version: 5.15.0-25-generic

vcjob-2108113716403535873-abc12335-78022-worker-1:200:200 [2] /data/jenkins_workspace/workspace/rccl_release/build/hipify/src/init.cc:191 NCCL WARN Missing "iommu=pt" from kernel command line which can lead to system instablity or hang!
vcjob-2108113716403535873-abc12335-78022-worker-1:200:200 [2] NCCL INFO Disabled GDRCopy equivalent memory allocation on gfx936 due to GPU architecture
vcjob-2108113716403535873-abc12335-78022-worker-1:200:200 [2] NCCL INFO NCCL_SOCKET_IFNAME set by environment to eth
vcjob-2108113716403535873-abc12335-78022-worker-1:200:200 [2] NCCL INFO Bootstrap : Using eth0:172.31.137.213<0>
vcjob-2108113716403535873-abc12335-78022-worker-1:200:200 [2] NCCL INFO RCCL version : 2.22.3-HEAD:19c80f7
HIP version  : 6.3.26102-a22a51fa
ROCm version : 6.3.3.0-0-c1d64df
Hostname     : vcjob-2108113716403535873-abc12335-78022-worker-1
Librccl path : /opt/dtk/lib/librccl.so.1
vcjob-2108113716403535873-abc12335-78022-worker-1:200:200 [2] NCCL INFO Comm config Blocking set to 1
I1008 16:34:32.567040   201 ProcessGroupNCCL.cpp:1107] [PG ID 0 PG GUID 0(default_pg) Rank 11] Using non-blocking mode: 0
I1008 16:34:32.567533   201 ProcessGroupNCCL.cpp:2857] [PG ID 0 PG GUID 0(default_pg) Rank 11] ProcessGroupNCCL broadcast unique ID through store took 0.468737 ms
I1008 16:34:32.567569   201 NCCLUtils.cpp:75] Rank 11: creating NCCL communicator with mode: blocking
vcjob-2108113716403535873-abc12335-78022-worker-1:201:201 [3] NCCL INFO ROCr version 1.11
vcjob-2108113716403535873-abc12335-78022-worker-1:201:201 [3] NCCL INFO Dmabuf feature disabled without NCCL_DMABUF_ENABLE=1

vcjob-2108113716403535873-abc12335-78022-worker-1:201:201 [3] /data/jenkins_workspace/workspace/rccl_release/build/hipify/src/init.cc:170 NCCL WARN NUMA auto balancing enabled which can lead to variability in the RCCL performance! Disable by "sudo sysctl kernel.numa_balancing=0"
vcjob-2108113716403535873-abc12335-78022-worker-1:201:201 [3] NCCL INFO Kernel version: 5.15.0-25-generic

vcjob-2108113716403535873-abc12335-78022-worker-1:201:201 [3] /data/jenkins_workspace/workspace/rccl_release/build/hipify/src/init.cc:191 NCCL WARN Missing "iommu=pt" from kernel command line which can lead to system instablity or hang!
vcjob-2108113716403535873-abc12335-78022-worker-1:201:201 [3] NCCL INFO Disabled GDRCopy equivalent memory allocation on gfx936 due to GPU architecture
vcjob-2108113716403535873-abc12335-78022-worker-1:201:201 [3] NCCL INFO NCCL_SOCKET_IFNAME set by environment to eth
vcjob-2108113716403535873-abc12335-78022-worker-1:201:201 [3] NCCL INFO Bootstrap : Using eth0:172.31.137.213<0>
vcjob-2108113716403535873-abc12335-78022-worker-1:201:201 [3] NCCL INFO RCCL version : 2.22.3-HEAD:19c80f7
HIP version  : 6.3.26102-a22a51fa
ROCm version : 6.3.3.0-0-c1d64df
Hostname     : vcjob-2108113716403535873-abc12335-78022-worker-1
Librccl path : /opt/dtk/lib/librccl.so.1
vcjob-2108113716403535873-abc12335-78022-worker-1:201:201 [3] NCCL INFO Comm config Blocking set to 1
I1008 16:34:32.574409   198 ProcessGroupNCCL.cpp:1107] [PG ID 0 PG GUID 0(default_pg) Rank 8] Using non-blocking mode: 0
I1008 16:34:32.574980   198 ProcessGroupNCCL.cpp:2857] [PG ID 0 PG GUID 0(default_pg) Rank 8] ProcessGroupNCCL broadcast unique ID through store took 0.548319 ms
I1008 16:34:32.575021   198 NCCLUtils.cpp:75] Rank 8: creating NCCL communicator with mode: blocking
vcjob-2108113716403535873-abc12335-78022-worker-1:198:198 [0] NCCL INFO ROCr version 1.11
vcjob-2108113716403535873-abc12335-78022-worker-1:198:198 [0] NCCL INFO Dmabuf feature disabled without NCCL_DMABUF_ENABLE=1

vcjob-2108113716403535873-abc12335-78022-worker-1:198:198 [0] /data/jenkins_workspace/workspace/rccl_release/build/hipify/src/init.cc:170 NCCL WARN NUMA auto balancing enabled which can lead to variability in the RCCL performance! Disable by "sudo sysctl kernel.numa_balancing=0"
vcjob-2108113716403535873-abc12335-78022-worker-1:198:198 [0] NCCL INFO Kernel version: 5.15.0-25-generic

vcjob-2108113716403535873-abc12335-78022-worker-1:198:198 [0] /data/jenkins_workspace/workspace/rccl_release/build/hipify/src/init.cc:191 NCCL WARN Missing "iommu=pt" from kernel command line which can lead to system instablity or hang!
vcjob-2108113716403535873-abc12335-78022-worker-1:198:198 [0] NCCL INFO Disabled GDRCopy equivalent memory allocation on gfx936 due to GPU architecture
vcjob-2108113716403535873-abc12335-78022-worker-1:198:198 [0] NCCL INFO NCCL_SOCKET_IFNAME set by environment to eth
vcjob-2108113716403535873-abc12335-78022-worker-1:198:198 [0] NCCL INFO Bootstrap : Using eth0:172.31.137.213<0>
vcjob-2108113716403535873-abc12335-78022-worker-1:198:198 [0] NCCL INFO RCCL version : 2.22.3-HEAD:19c80f7
HIP version  : 6.3.26102-a22a51fa
ROCm version : 6.3.3.0-0-c1d64df
Hostname     : vcjob-2108113716403535873-abc12335-78022-worker-1
Librccl path : /opt/dtk/lib/librccl.so.1
vcjob-2108113716403535873-abc12335-78022-worker-1:198:198 [0] NCCL INFO Comm config Blocking set to 1
I1008 16:34:32.578550   204 ProcessGroupNCCL.cpp:1107] [PG ID 0 PG GUID 0(default_pg) Rank 14] Using non-blocking mode: 0
I1008 16:34:32.578970   204 ProcessGroupNCCL.cpp:2857] [PG ID 0 PG GUID 0(default_pg) Rank 14] ProcessGroupNCCL broadcast unique ID through store took 0.386117 ms
I1008 16:34:32.579007   204 NCCLUtils.cpp:75] Rank 14: creating NCCL communicator with mode: blocking
vcjob-2108113716403535873-abc12335-78022-worker-1:204:204 [6] NCCL INFO ROCr version 1.11
vcjob-2108113716403535873-abc12335-78022-worker-1:204:204 [6] NCCL INFO Dmabuf feature disabled without NCCL_DMABUF_ENABLE=1

vcjob-2108113716403535873-abc12335-78022-worker-1:204:204 [6] /data/jenkins_workspace/workspace/rccl_release/build/hipify/src/init.cc:170 NCCL WARN NUMA auto balancing enabled which can lead to variability in the RCCL performance! Disable by "sudo sysctl kernel.numa_balancing=0"
vcjob-2108113716403535873-abc12335-78022-worker-1:204:204 [6] NCCL INFO Kernel version: 5.15.0-25-generic

vcjob-2108113716403535873-abc12335-78022-worker-1:204:204 [6] /data/jenkins_workspace/workspace/rccl_release/build/hipify/src/init.cc:191 NCCL WARN Missing "iommu=pt" from kernel command line which can lead to system instablity or hang!
vcjob-2108113716403535873-abc12335-78022-worker-1:204:204 [6] NCCL INFO Disabled GDRCopy equivalent memory allocation on gfx936 due to GPU architecture
vcjob-2108113716403535873-abc12335-78022-worker-1:204:204 [6] NCCL INFO NCCL_SOCKET_IFNAME set by environment to eth
vcjob-2108113716403535873-abc12335-78022-worker-1:204:204 [6] NCCL INFO Bootstrap : Using eth0:172.31.137.213<0>
vcjob-2108113716403535873-abc12335-78022-worker-1:204:204 [6] NCCL INFO RCCL version : 2.22.3-HEAD:19c80f7
HIP version  : 6.3.26102-a22a51fa
ROCm version : 6.3.3.0-0-c1d64df
Hostname     : vcjob-2108113716403535873-abc12335-78022-worker-1
Librccl path : /opt/dtk/lib/librccl.so.1
vcjob-2108113716403535873-abc12335-78022-worker-1:204:204 [6] NCCL INFO Comm config Blocking set to 1
I1008 16:34:32.581620   202 ProcessGroupNCCL.cpp:1107] [PG ID 0 PG GUID 0(default_pg) Rank 12] Using non-blocking mode: 0
vcjob-2108113716403535873-abc12335-78022-worker-1:201:318 [3] NCCL INFO NET/Plugin: Plugin name set by env to librccl-net-shca.so
vcjob-2108113716403535873-abc12335-78022-worker-1:201:318 [3] NCCL INFO NET/Plugin: Failed to find ncclCollNetPlugin_v8 symbol.
vcjob-2108113716403535873-abc12335-78022-worker-1:201:318 [3] NCCL INFO NET/Plugin: Failed to find ncclCollNetPlugin symbol (>= v5). ncclCollNetPlugin symbols v4 and lower are not supported.
vcjob-2108113716403535873-abc12335-78022-worker-1:201:318 [3] NCCL INFO Plugin Path : /root/private_data/second_hygon/phase5-e2e-discovery/../rdma-shca/topo_lib/lib/librccl-net-shca.so
vcjob-2108113716403535873-abc12335-78022-worker-1:201:318 [3] NCCL INFO P2P plugin v8 IBext_v8
vcjob-2108113716403535873-abc12335-78022-worker-1:201:318 [3] NCCL INFO NCCL_SOCKET_IFNAME set by environment to eth
open fd: No such file or directory
open lockfd: No such file or directory
open fd: No such file or directory
open lockfd: No such file or directory
open fd: No such file or directory
open lockfd: No such file or directory
open fd: No such file or directory
open lockfd: No such file or directory
vcjob-2108113716403535873-abc12335-78022-worker-1:201:318 [3] NCCL INFO NET/IB : Using [0]shca_0:1/IB [1]shca_1:1/IB [2]shca_2:1/IB [3]shca_3:1/IB ; OOB eth0:172.31.137.213<0>
vcjob-2108113716403535873-abc12335-78022-worker-1:201:318 [3] NCCL INFO Using network IBext_v8
vcjob-2108113716403535873-abc12335-78022-worker-1:205:297 [7] NCCL INFO rocm_smi_lib: version 7.6.0.0
vcjob-2108113716403535873-abc12335-78022-worker-1:200:317 [2] NCCL INFO NET/Plugin: Plugin name set by env to librccl-net-shca.so
vcjob-2108113716403535873-abc12335-78022-worker-1:200:317 [2] NCCL INFO NET/Plugin: Failed to find ncclCollNetPlugin_v8 symbol.
vcjob-2108113716403535873-abc12335-78022-worker-1:200:317 [2] NCCL INFO NET/Plugin: Failed to find ncclCollNetPlugin symbol (>= v5). ncclCollNetPlugin symbols v4 and lower are not supported.
vcjob-2108113716403535873-abc12335-78022-worker-1:200:317 [2] NCCL INFO Plugin Path : /root/private_data/second_hygon/phase5-e2e-discovery/../rdma-shca/topo_lib/lib/librccl-net-shca.so
vcjob-2108113716403535873-abc12335-78022-worker-1:200:317 [2] NCCL INFO P2P plugin v8 IBext_v8
vcjob-2108113716403535873-abc12335-78022-worker-1:200:317 [2] NCCL INFO NCCL_SOCKET_IFNAME set by environment to eth
open fd: No such file or directory
open lockfd: No such file or directory
open fd: No such file or directory
open lockfd: No such file or directory
open fd: No such file or directory
open lockfd: No such file or directory
open fd: No such file or directory
open lockfd: No such file or directory
vcjob-2108113716403535873-abc12335-78022-worker-1:199:299 [1] NCCL INFO rocm_smi_lib: version 7.6.0.0
vcjob-2108113716403535873-abc12335-78022-worker-1:200:317 [2] NCCL INFO NET/IB : Using [0]shca_0:1/IB [1]shca_1:1/IB [2]shca_2:1/IB [3]shca_3:1/IB ; OOB eth0:172.31.137.213<0>
vcjob-2108113716403535873-abc12335-78022-worker-1:200:317 [2] NCCL INFO Using network IBext_v8
vcjob-2108113716403535873-abc12335-78022-worker-1:203:298 [5] NCCL INFO rocm_smi_lib: version 7.6.0.0
vcjob-2108113716403535873-abc12335-78022-worker-1:204:320 [6] NCCL INFO NET/Plugin: Plugin name set by env to librccl-net-shca.so
vcjob-2108113716403535873-abc12335-78022-worker-1:204:320 [6] NCCL INFO NET/Plugin: Failed to find ncclCollNetPlugin_v8 symbol.
vcjob-2108113716403535873-abc12335-78022-worker-1:204:320 [6] NCCL INFO NET/Plugin: Failed to find ncclCollNetPlugin symbol (>= v5). ncclCollNetPlugin symbols v4 and lower are not supported.
vcjob-2108113716403535873-abc12335-78022-worker-1:204:320 [6] NCCL INFO Plugin Path : /root/private_data/second_hygon/phase5-e2e-discovery/../rdma-shca/topo_lib/lib/librccl-net-shca.so
vcjob-2108113716403535873-abc12335-78022-worker-1:198:319 [0] NCCL INFO NET/Plugin: Plugin name set by env to librccl-net-shca.so
vcjob-2108113716403535873-abc12335-78022-worker-1:204:320 [6] NCCL INFO P2P plugin v8 IBext_v8
vcjob-2108113716403535873-abc12335-78022-worker-1:198:319 [0] NCCL INFO NET/Plugin: Failed to find ncclCollNetPlugin_v8 symbol.
vcjob-2108113716403535873-abc12335-78022-worker-1:198:319 [0] NCCL INFO NET/Plugin: Failed to find ncclCollNetPlugin symbol (>= v5). ncclCollNetPlugin symbols v4 and lower are not supported.
vcjob-2108113716403535873-abc12335-78022-worker-1:198:319 [0] NCCL INFO Plugin Path : /root/private_data/second_hygon/phase5-e2e-discovery/../rdma-shca/topo_lib/lib/librccl-net-shca.so
vcjob-2108113716403535873-abc12335-78022-worker-1:198:319 [0] NCCL INFO P2P plugin v8 IBext_v8
vcjob-2108113716403535873-abc12335-78022-worker-1:204:320 [6] NCCL INFO NCCL_SOCKET_IFNAME set by environment to eth
vcjob-2108113716403535873-abc12335-78022-worker-1:198:319 [0] NCCL INFO NCCL_SOCKET_IFNAME set by environment to eth
open fd: No such file or directory
open lockfd: No such file or directory
open fd: No such file or directory
open lockfd: No such file or directory
open fd: No such file or directory
open lockfd: No such file or directory
open fd: No such file or directory
open lockfd: No such file or directory
open fd: No such file or directory
open lockfd: No such file or directory
I1008 16:34:32.661309   202 ProcessGroupNCCL.cpp:2857] [PG ID 0 PG GUID 0(default_pg) Rank 12] ProcessGroupNCCL broadcast unique ID through store took 79.6321 ms
I1008 16:34:32.661403   202 NCCLUtils.cpp:75] Rank 12: creating NCCL communicator with mode: blocking
vcjob-2108113716403535873-abc12335-78022-worker-1:202:202 [4] NCCL INFO ROCr version 1.11
vcjob-2108113716403535873-abc12335-78022-worker-1:202:202 [4] NCCL INFO Dmabuf feature disabled without NCCL_DMABUF_ENABLE=1
open fd: No such file or directory

vcjob-2108113716403535873-abc12335-78022-worker-1:202:202 [4] /data/jenkins_workspace/workspace/rccl_release/build/hipify/src/init.cc:170 NCCL WARN NUMA auto balancing enabled which can lead to variability in the RCCL performance! Disable by "sudo sysctl kernel.numa_balancing=0"
open lockfd: No such file or directory
vcjob-2108113716403535873-abc12335-78022-worker-1:202:202 [4] NCCL INFO Kernel version: 5.15.0-25-generic

vcjob-2108113716403535873-abc12335-78022-worker-1:202:202 [4] /data/jenkins_workspace/workspace/rccl_release/build/hipify/src/init.cc:191 NCCL WARN Missing "iommu=pt" from kernel command line which can lead to system instablity or hang!
vcjob-2108113716403535873-abc12335-78022-worker-1:202:202 [4] NCCL INFO Disabled GDRCopy equivalent memory allocation on gfx936 due to GPU architecture
vcjob-2108113716403535873-abc12335-78022-worker-1:202:202 [4] NCCL INFO NCCL_SOCKET_IFNAME set by environment to eth
open fd: No such file or directory
open lockfd: No such file or directory
vcjob-2108113716403535873-abc12335-78022-worker-1:202:202 [4] NCCL INFO Bootstrap : Using eth0:172.31.137.213<0>
vcjob-2108113716403535873-abc12335-78022-worker-1:202:202 [4] NCCL INFO RCCL version : 2.22.3-HEAD:19c80f7
HIP version  : 6.3.26102-a22a51fa
ROCm version : 6.3.3.0-0-c1d64df
Hostname     : vcjob-2108113716403535873-abc12335-78022-worker-1
Librccl path : /opt/dtk/lib/librccl.so.1
open fd: No such file or directory
open lockfd: No such file or directory
vcjob-2108113716403535873-abc12335-78022-worker-1:204:320 [6] NCCL INFO NET/IB : Using [0]shca_0:1/IB [1]shca_1:1/IB [2]shca_2:1/IB [3]shca_3:1/IB ; OOB eth0:172.31.137.213<0>
vcjob-2108113716403535873-abc12335-78022-worker-1:202:202 [4] NCCL INFO Comm config Blocking set to 1
vcjob-2108113716403535873-abc12335-78022-worker-1:204:320 [6] NCCL INFO Using network IBext_v8
vcjob-2108113716403535873-abc12335-78022-worker-1:198:319 [0] NCCL INFO NET/IB : Using [0]shca_0:1/IB [1]shca_1:1/IB [2]shca_2:1/IB [3]shca_3:1/IB ; OOB eth0:172.31.137.213<0>
vcjob-2108113716403535873-abc12335-78022-worker-1:198:319 [0] NCCL INFO Using network IBext_v8
vcjob-2108113716403535873-abc12335-78022-worker-1:201:318 [3] NCCL INFO rocm_smi_lib: version 7.6.0.0
vcjob-2108113716403535873-abc12335-78022-worker-1:202:336 [4] NCCL INFO NET/Plugin: Plugin name set by env to librccl-net-shca.so
vcjob-2108113716403535873-abc12335-78022-worker-1:202:336 [4] NCCL INFO NET/Plugin: Failed to find ncclCollNetPlugin_v8 symbol.
vcjob-2108113716403535873-abc12335-78022-worker-1:202:336 [4] NCCL INFO NET/Plugin: Failed to find ncclCollNetPlugin symbol (>= v5). ncclCollNetPlugin symbols v4 and lower are not supported.
vcjob-2108113716403535873-abc12335-78022-worker-1:202:336 [4] NCCL INFO Plugin Path : /root/private_data/second_hygon/phase5-e2e-discovery/../rdma-shca/topo_lib/lib/librccl-net-shca.so
vcjob-2108113716403535873-abc12335-78022-worker-1:202:336 [4] NCCL INFO P2P plugin v8 IBext_v8
vcjob-2108113716403535873-abc12335-78022-worker-1:202:336 [4] NCCL INFO NCCL_SOCKET_IFNAME set by environment to eth
open fd: No such file or directory
open lockfd: No such file or directory
open fd: No such file or directory
open lockfd: No such file or directory
open fd: No such file or directory
open lockfd: No such file or directory
open fd: No such file or directory
open lockfd: No such file or directory
vcjob-2108113716403535873-abc12335-78022-worker-1:202:336 [4] NCCL INFO NET/IB : Using [0]shca_0:1/IB [1]shca_1:1/IB [2]shca_2:1/IB [3]shca_3:1/IB ; OOB eth0:172.31.137.213<0>
vcjob-2108113716403535873-abc12335-78022-worker-1:202:336 [4] NCCL INFO Using network IBext_v8
vcjob-2108113716403535873-abc12335-78022-worker-1:200:317 [2] NCCL INFO rocm_smi_lib: version 7.6.0.0
vcjob-2108113716403535873-abc12335-78022-worker-1:198:319 [0] NCCL INFO rocm_smi_lib: version 7.6.0.0
vcjob-2108113716403535873-abc12335-78022-worker-1:204:320 [6] NCCL INFO rocm_smi_lib: version 7.6.0.0
vcjob-2108113716403535873-abc12335-78022-worker-1:202:336 [4] NCCL INFO rocm_smi_lib: version 7.6.0.0
vcjob-2108113716403535873-abc12335-78022-worker-1:204:320 [6] NCCL INFO ncclCommInitRank comm 0x5589afdc2f40 rank 14 nranks 16 cudaDev 6 nvmlDev 6 busId d5000 commId 0x9e69094759eafa66 - Init START
vcjob-2108113716403535873-abc12335-78022-worker-1:202:336 [4] NCCL INFO ncclCommInitRank comm 0x55baddd07ef0 rank 12 nranks 16 cudaDev 4 nvmlDev 4 busId 85000 commId 0x9e69094759eafa66 - Init START
vcjob-2108113716403535873-abc12335-78022-worker-1:199:299 [1] NCCL INFO ncclCommInitRank comm 0x559816c5af00 rank 9 nranks 16 cudaDev 1 nvmlDev 1 busId 36000 commId 0x9e69094759eafa66 - Init START
vcjob-2108113716403535873-abc12335-78022-worker-1:202:336 [4] NCCL INFO rank:12 get match hsa dev domain:0x0 bdf:0x8500 rank busId:0x544768
vcjob-2108113716403535873-abc12335-78022-worker-1:203:298 [5] NCCL INFO ncclCommInitRank comm 0x558b9127bf30 rank 13 nranks 16 cudaDev 5 nvmlDev 5 busId b5000 commId 0x9e69094759eafa66 - Init START
vcjob-2108113716403535873-abc12335-78022-worker-1:201:318 [3] NCCL INFO ncclCommInitRank comm 0x555e3dbb9f50 rank 11 nranks 16 cudaDev 3 nvmlDev 3 busId 77000 commId 0x9e69094759eafa66 - Init START
vcjob-2108113716403535873-abc12335-78022-worker-1:201:318 [3] NCCL INFO rank:11 get match hsa dev domain:0x0 bdf:0x7700 rank busId:0x487424
vcjob-2108113716403535873-abc12335-78022-worker-1:201:318 [3] NCCL INFO XDP Switch is off with xdp_size : 0
vcjob-2108113716403535873-abc12335-78022-worker-1:204:320 [6] NCCL INFO rank:14 get match hsa dev domain:0x0 bdf:0xd500 rank busId:0x872448
vcjob-2108113716403535873-abc12335-78022-worker-1:204:320 [6] NCCL INFO XDP Switch is off with xdp_size : 0
vcjob-2108113716403535873-abc12335-78022-worker-1:200:317 [2] NCCL INFO ncclCommInitRank comm 0x55c31d1a2f90 rank 10 nranks 16 cudaDev 2 nvmlDev 2 busId 55000 commId 0x9e69094759eafa66 - Init START
vcjob-2108113716403535873-abc12335-78022-worker-1:200:317 [2] NCCL INFO rank:10 get match hsa dev domain:0x0 bdf:0x5500 rank busId:0x348160
vcjob-2108113716403535873-abc12335-78022-worker-1:200:317 [2] NCCL INFO XDP Switch is off with xdp_size : 0
vcjob-2108113716403535873-abc12335-78022-worker-1:202:336 [4] NCCL INFO XDP Switch is off with xdp_size : 0
vcjob-2108113716403535873-abc12335-78022-worker-1:205:297 [7] NCCL INFO ncclCommInitRank comm 0x556bc0712e40 rank 15 nranks 16 cudaDev 7 nvmlDev 7 busId f5000 commId 0x9e69094759eafa66 - Init START
vcjob-2108113716403535873-abc12335-78022-worker-1:198:319 [0] NCCL INFO ncclCommInitRank comm 0x564ab41f4f90 rank 8 nranks 16 cudaDev 0 nvmlDev 0 busId 9000 commId 0x9e69094759eafa66 - Init START
vcjob-2108113716403535873-abc12335-78022-worker-1:198:319 [0] NCCL INFO rank:8 get match hsa dev domain:0x0 bdf:0x900 rank busId:0x36864
vcjob-2108113716403535873-abc12335-78022-worker-1:199:299 [1] NCCL INFO rank:9 get match hsa dev domain:0x0 bdf:0x3600 rank busId:0x221184
vcjob-2108113716403535873-abc12335-78022-worker-1:205:297 [7] NCCL INFO rank:15 get match hsa dev domain:0x0 bdf:0xf500 rank busId:0x1003520
vcjob-2108113716403535873-abc12335-78022-worker-1:198:319 [0] NCCL INFO XDP Switch is off with xdp_size : 0
vcjob-2108113716403535873-abc12335-78022-worker-1:199:299 [1] NCCL INFO XDP Switch is off with xdp_size : 0
vcjob-2108113716403535873-abc12335-78022-worker-1:205:297 [7] NCCL INFO XDP Switch is off with xdp_size : 0
vcjob-2108113716403535873-abc12335-78022-worker-1:203:298 [5] NCCL INFO rank:13 get match hsa dev domain:0x0 bdf:0xb500 rank busId:0x741376
vcjob-2108113716403535873-abc12335-78022-worker-1:203:298 [5] NCCL INFO XDP Switch is off with xdp_size : 0
vcjob-2108113716403535873-abc12335-78022-worker-1:204:320 [6] NCCL INFO NCCL_TOPO_FILE set by environment to /root/private_data/second_hygon/phase5-e2e-discovery/../rdma-shca/topo_lib/built-in-508-topo-input-tj-default.xml
vcjob-2108113716403535873-abc12335-78022-worker-1:205:297 [7] NCCL INFO NCCL_TOPO_FILE set by environment to /root/private_data/second_hygon/phase5-e2e-discovery/../rdma-shca/topo_lib/built-in-508-topo-input-tj-default.xml
vcjob-2108113716403535873-abc12335-78022-worker-1:202:336 [4] NCCL INFO NCCL_TOPO_FILE set by environment to /root/private_data/second_hygon/phase5-e2e-discovery/../rdma-shca/topo_lib/built-in-508-topo-input-tj-default.xml
vcjob-2108113716403535873-abc12335-78022-worker-1:203:298 [5] NCCL INFO NCCL_TOPO_FILE set by environment to /root/private_data/second_hygon/phase5-e2e-discovery/../rdma-shca/topo_lib/built-in-508-topo-input-tj-default.xml
vcjob-2108113716403535873-abc12335-78022-worker-1:201:318 [3] NCCL INFO NCCL_TOPO_FILE set by environment to /root/private_data/second_hygon/phase5-e2e-discovery/../rdma-shca/topo_lib/built-in-508-topo-input-tj-default.xml
vcjob-2108113716403535873-abc12335-78022-worker-1:200:317 [2] NCCL INFO NCCL_TOPO_FILE set by environment to /root/private_data/second_hygon/phase5-e2e-discovery/../rdma-shca/topo_lib/built-in-508-topo-input-tj-default.xml
vcjob-2108113716403535873-abc12335-78022-worker-1:198:319 [0] NCCL INFO NCCL_TOPO_FILE set by environment to /root/private_data/second_hygon/phase5-e2e-discovery/../rdma-shca/topo_lib/built-in-508-topo-input-tj-default.xml
vcjob-2108113716403535873-abc12335-78022-worker-1:199:299 [1] NCCL INFO NCCL_TOPO_FILE set by environment to /root/private_data/second_hygon/phase5-e2e-discovery/../rdma-shca/topo_lib/built-in-508-topo-input-tj-default.xml
vcjob-2108113716403535873-abc12335-78022-worker-1:202:336 [4] NCCL INFO rocm_smi_lib: version 7.6.0.0
vcjob-2108113716403535873-abc12335-78022-worker-1:198:319 [0] NCCL INFO rocm_smi_lib: version 7.6.0.0
vcjob-2108113716403535873-abc12335-78022-worker-1:203:298 [5] NCCL INFO rocm_smi_lib: version 7.6.0.0
vcjob-2108113716403535873-abc12335-78022-worker-1:205:297 [7] NCCL INFO rocm_smi_lib: version 7.6.0.0
vcjob-2108113716403535873-abc12335-78022-worker-1:204:320 [6] NCCL INFO rocm_smi_lib: version 7.6.0.0
vcjob-2108113716403535873-abc12335-78022-worker-1:200:317 [2] NCCL INFO rocm_smi_lib: version 7.6.0.0
vcjob-2108113716403535873-abc12335-78022-worker-1:201:318 [3] NCCL INFO rocm_smi_lib: version 7.6.0.0
vcjob-2108113716403535873-abc12335-78022-worker-1:199:299 [1] NCCL INFO rocm_smi_lib: version 7.6.0.0
vcjob-2108113716403535873-abc12335-78022-worker-1:203:298 [5] NCCL INFO Setting affinity for GPU 5 to ffff0000,00000000,00000000
vcjob-2108113716403535873-abc12335-78022-worker-1:203:298 [5] NCCL INFO Rank:13 Get link topo from rocmDev:0 linkNum:8 link:0 linkState:1 remote type:1 bdf:0x9b00 topoType:2
vcjob-2108113716403535873-abc12335-78022-worker-1:203:298 [5] NCCL INFO Transport init rank 13 useXdp 0 linkTopoType 2
vcjob-2108113716403535873-abc12335-78022-worker-1:202:336 [4] NCCL INFO Setting affinity for GPU 4 to ffff,00000000,00000000
vcjob-2108113716403535873-abc12335-78022-worker-1:202:336 [4] NCCL INFO Rank:12 Get link topo from rocmDev:0 linkNum:8 link:0 linkState:1 remote type:1 bdf:0x9b00 topoType:2
vcjob-2108113716403535873-abc12335-78022-worker-1:202:336 [4] NCCL INFO Transport init rank 12 useXdp 0 linkTopoType 2
vcjob-2108113716403535873-abc12335-78022-worker-1:204:320 [6] NCCL INFO Setting affinity for GPU 6 to ffff,00000000,00000000
vcjob-2108113716403535873-abc12335-78022-worker-1:204:320 [6] NCCL INFO Rank:14 Get link topo from rocmDev:0 linkNum:8 link:0 linkState:1 remote type:1 bdf:0x9b00 topoType:2
vcjob-2108113716403535873-abc12335-78022-worker-1:204:320 [6] NCCL INFO Transport init rank 14 useXdp 0 linkTopoType 2
vcjob-2108113716403535873-abc12335-78022-worker-1:201:318 [3] NCCL INFO Setting affinity for GPU 3 to ffff0000
vcjob-2108113716403535873-abc12335-78022-worker-1:201:318 [3] NCCL INFO Rank:11 Get link topo from rocmDev:0 linkNum:8 link:0 linkState:1 remote type:1 bdf:0x9b00 topoType:2
vcjob-2108113716403535873-abc12335-78022-worker-1:201:318 [3] NCCL INFO Transport init rank 11 useXdp 0 linkTopoType 2
vcjob-2108113716403535873-abc12335-78022-worker-1:205:297 [7] NCCL INFO Setting affinity for GPU 7 to ffff0000,00000000,00000000
vcjob-2108113716403535873-abc12335-78022-worker-1:205:297 [7] NCCL INFO Rank:15 Get link topo from rocmDev:0 linkNum:8 link:0 linkState:1 remote type:1 bdf:0x9b00 topoType:2
vcjob-2108113716403535873-abc12335-78022-worker-1:205:297 [7] NCCL INFO Transport init rank 15 useXdp 0 linkTopoType 2
vcjob-2108113716403535873-abc12335-78022-worker-1:199:299 [1] NCCL INFO Setting affinity for GPU 1 to ffff0000
vcjob-2108113716403535873-abc12335-78022-worker-1:199:299 [1] NCCL INFO Rank:9 Get link topo from rocmDev:0 linkNum:8 link:0 linkState:1 remote type:1 bdf:0x9b00 topoType:2
vcjob-2108113716403535873-abc12335-78022-worker-1:199:299 [1] NCCL INFO Transport init rank 9 useXdp 0 linkTopoType 2
vcjob-2108113716403535873-abc12335-78022-worker-1:198:319 [0] NCCL INFO Setting affinity for GPU 0 to ffff
vcjob-2108113716403535873-abc12335-78022-worker-1:198:319 [0] NCCL INFO Rank:8 Get link topo from rocmDev:0 linkNum:8 link:0 linkState:1 remote type:1 bdf:0x9b00 topoType:2
vcjob-2108113716403535873-abc12335-78022-worker-1:198:319 [0] NCCL INFO Transport init rank 8 useXdp 0 linkTopoType 2
vcjob-2108113716403535873-abc12335-78022-worker-1:200:317 [2] NCCL INFO Setting affinity for GPU 2 to ffff
vcjob-2108113716403535873-abc12335-78022-worker-1:200:317 [2] NCCL INFO Rank:10 Get link topo from rocmDev:0 linkNum:8 link:0 linkState:1 remote type:1 bdf:0x9b00 topoType:2
vcjob-2108113716403535873-abc12335-78022-worker-1:200:317 [2] NCCL INFO Transport init rank 10 useXdp 0 linkTopoType 2
vcjob-2108113716403535873-abc12335-78022-worker-1:204:320 [6] NCCL INFO comm 0x5589afdc2f40 rank 14 nRanks 16 nNodes 2 localRanks 8 localRank 6 MNNVL 0
vcjob-2108113716403535873-abc12335-78022-worker-1:205:297 [7] NCCL INFO comm 0x556bc0712e40 rank 15 nRanks 16 nNodes 2 localRanks 8 localRank 7 MNNVL 0
vcjob-2108113716403535873-abc12335-78022-worker-1:203:298 [5] NCCL INFO comm 0x558b9127bf30 rank 13 nRanks 16 nNodes 2 localRanks 8 localRank 5 MNNVL 0
vcjob-2108113716403535873-abc12335-78022-worker-1:202:336 [4] NCCL INFO comm 0x55baddd07ef0 rank 12 nRanks 16 nNodes 2 localRanks 8 localRank 4 MNNVL 0
vcjob-2108113716403535873-abc12335-78022-worker-1:200:317 [2] NCCL INFO comm 0x55c31d1a2f90 rank 10 nRanks 16 nNodes 2 localRanks 8 localRank 2 MNNVL 0
vcjob-2108113716403535873-abc12335-78022-worker-1:205:297 [7] NCCL INFO Trees [0] -1/-1/-1->15->13 [1] 8/-1/-1->15->13 [2] 8/-1/-1->15->13 [3] 8/-1/-1->15->13 [4] -1/-1/-1->15->13 [5] 8/-1/-1->15->13 [6] 8/-1/-1->15->13 [7] 8/-1/-1->15->13 [8] -1/-1/-1->15->13 [9] 8/-1/-1->15->13 [10] 8/-1/-1->15->13 [11] 8/-1/-1->15->13 [12] -1/-1/-1->15->13 [13] 8/-1/-1->15->13 [14] 8/-1/-1->15->13 [15] 8/-1/-1->15->13 [16] -1/-1/-1->15->13 [17] 8/-1/-1->15->13 [18] 8/-1/-1->15->13 [19] 8/-1/-1->15->13 [20] -1/-1/-1->15->13 [21] 8/-1/-1->15->13 [22] 8/-1/-1->15->13 [23] 8/-1/-1->15->13 [24] -1/-1/-1->15->13 [25] 8/-1/-1->15->13 [26] 8/-1/-1->15->13 [27] 8/-1/-1->15->13 [28] -1/-1/-1->15->13 [29] 8/-1/-1->15->13 [30] 8/-1/-1->15->13 [31] 8/-1/-1->15->13 comm 0x556bc0712e40 nRanks 16 busId f5000
vcjob-2108113716403535873-abc12335-78022-worker-1:205:297 [7] NCCL INFO P2P Chunksize set to 131072
vcjob-2108113716403535873-abc12335-78022-worker-1:199:299 [1] NCCL INFO comm 0x559816c5af00 rank 9 nRanks 16 nNodes 2 localRanks 8 localRank 1 MNNVL 0
vcjob-2108113716403535873-abc12335-78022-worker-1:198:319 [0] NCCL INFO comm 0x564ab41f4f90 rank 8 nRanks 16 nNodes 2 localRanks 8 localRank 0 MNNVL 0
vcjob-2108113716403535873-abc12335-78022-worker-1:205:297 [7] NCCL INFO comm->autoPerPeerOn: 1, comm->p2pnChannels: 32, comm->p2pnChannelsPerPeer: 2
vcjob-2108113716403535873-abc12335-78022-worker-1:201:318 [3] NCCL INFO comm 0x555e3dbb9f50 rank 11 nRanks 16 nNodes 2 localRanks 8 localRank 3 MNNVL 0
vcjob-2108113716403535873-abc12335-78022-worker-1:204:320 [6] NCCL INFO Trees [0] 13/-1/-1->14->12 [1] 13/-1/-1->14->12 [2] 13/-1/-1->14->12 [3] -1/-1/-1->14->12 [4] 13/-1/-1->14->12 [5] 13/-1/-1->14->12 [6] 13/-1/-1->14->12 [7] -1/-1/-1->14->12 [8] 13/-1/-1->14->12 [9] 13/-1/-1->14->12 [10] 13/-1/-1->14->12 [11] -1/-1/-1->14->12 [12] 13/-1/-1->14->12 [13] 13/-1/-1->14->12 [14] 13/-1/-1->14->12 [15] -1/-1/-1->14->12 [16] 13/-1/-1->14->12 [17] 13/-1/-1->14->12 [18] 13/-1/-1->14->12 [19] -1/-1/-1->14->12 [20] 13/-1/-1->14->12 [21] 13/-1/-1->14->12 [22] 13/-1/-1->14->12 [23] -1/-1/-1->14->12 [24] 13/-1/-1->14->12 [25] 13/-1/-1->14->12 [26] 13/-1/-1->14->12 [27] -1/-1/-1->14->12 [28] 13/-1/-1->14->12 [29] 13/-1/-1->14->12 [30] 13/-1/-1->14->12 [31] -1/-1/-1->14->12 comm 0x5589afdc2f40 nRanks 16 busId d5000
vcjob-2108113716403535873-abc12335-78022-worker-1:204:320 [6] NCCL INFO P2P Chunksize set to 131072
vcjob-2108113716403535873-abc12335-78022-worker-1:203:298 [5] NCCL INFO Trees [0] 15/-1/-1->13->14 [1] 15/-1/-1->13->14 [2] 15/-1/-1->13->14 [3] 15/-1/-1->13->5 [4] 15/-1/-1->13->14 [5] 15/-1/-1->13->14 [6] 15/-1/-1->13->14 [7] 15/5/-1->13->-1 [8] 15/-1/-1->13->14 [9] 15/-1/-1->13->14 [10] 15/-1/-1->13->14 [11] 15/-1/-1->13->5 [12] 15/-1/-1->13->14 [13] 15/-1/-1->13->14 [14] 15/-1/-1->13->14 [15] 15/5/-1->13->-1 [16] 15/-1/-1->13->14 [17] 15/-1/-1->13->14 [18] 15/-1/-1->13->14 [19] 15/-1/-1->13->5 [20] 15/-1/-1->13->14 [21] 15/-1/-1->13->14 [22] 15/-1/-1->13->14 [23] 15/5/-1->13->-1 [24] 15/-1/-1->13->14 [25] 15/-1/-1->13->14 [26] 15/-1/-1->13->14 [27] 15/-1/-1->13->5 [28] 15/-1/-1->13->14 [29] 15/-1/-1->13->14 [30] 15/-1/-1->13->14 [31] 15/5/-1->13->-1 comm 0x558b9127bf30 nRanks 16 busId b5000
vcjob-2108113716403535873-abc12335-78022-worker-1:202:336 [4] NCCL INFO Trees [0] 14/-1/-1->12->11 [1] 14/-1/-1->12->11 [2] 14/-1/-1->12->4 [3] 14/-1/-1->12->11 [4] 14/-1/-1->12->11 [5] 14/-1/-1->12->11 [6] 14/4/-1->12->-1 [7] 14/-1/-1->12->11 [8] 14/-1/-1->12->11 [9] 14/-1/-1->12->11 [10] 14/-1/-1->12->4 [11] 14/-1/-1->12->11 [12] 14/-1/-1->12->11 [13] 14/-1/-1->12->11 [14] 14/4/-1->12->-1 [15] 14/-1/-1->12->11 [16] 14/-1/-1->12->11 [17] 14/-1/-1->12->11 [18] 14/-1/-1->12->4 [19] 14/-1/-1->12->11 [20] 14/-1/-1->12->11 [21] 14/-1/-1->12->11 [22] 14/4/-1->12->-1 [23] 14/-1/-1->12->11 [24] 14/-1/-1->12->11 [25] 14/-1/-1->12->11 [26] 14/-1/-1->12->4 [27] 14/-1/-1->12->11 [28] 14/-1/-1->12->11 [29] 14/-1/-1->12->11 [30] 14/4/-1->12->-1 [31] 14/-1/-1->12->11 comm 0x55baddd07ef0 nRanks 16 busId 85000
vcjob-2108113716403535873-abc12335-78022-worker-1:200:317 [2] NCCL INFO Trees [0] 9/-1/-1->10->8 [1] -1/-1/-1->10->8 [2] 9/-1/-1->10->8 [3] 9/-1/-1->10->8 [4] 9/-1/-1->10->8 [5] -1/-1/-1->10->8 [6] 9/-1/-1->10->8 [7] 9/-1/-1->10->8 [8] 9/-1/-1->10->8 [9] -1/-1/-1->10->8 [10] 9/-1/-1->10->8 [11] 9/-1/-1->10->8 [12] 9/-1/-1->10->8 [13] -1/-1/-1->10->8 [14] 9/-1/-1->10->8 [15] 9/-1/-1->10->8 [16] 9/-1/-1->10->8 [17] -1/-1/-1->10->8 [18] 9/-1/-1->10->8 [19] 9/-1/-1->10->8 [20] 9/-1/-1->10->8 [21] -1/-1/-1->10->8 [22] 9/-1/-1->10->8 [23] 9/-1/-1->10->8 [24] 9/-1/-1->10->8 [25] -1/-1/-1->10->8 [26] 9/-1/-1->10->8 [27] 9/-1/-1->10->8 [28] 9/-1/-1->10->8 [29] -1/-1/-1->10->8 [30] 9/-1/-1->10->8 [31] 9/-1/-1->10->8 comm 0x55c31d1a2f90 nRanks 16 busId 55000
vcjob-2108113716403535873-abc12335-78022-worker-1:199:299 [1] NCCL INFO Trees [0] 11/-1/-1->9->10 [1] 11/-1/-1->9->1 [2] 11/-1/-1->9->10 [3] 11/-1/-1->9->10 [4] 11/-1/-1->9->10 [5] 11/1/-1->9->-1 [6] 11/-1/-1->9->10 [7] 11/-1/-1->9->10 [8] 11/-1/-1->9->10 [9] 11/-1/-1->9->1 [10] 11/-1/-1->9->10 [11] 11/-1/-1->9->10 [12] 11/-1/-1->9->10 [13] 11/1/-1->9->-1 [14] 11/-1/-1->9->10 [15] 11/-1/-1->9->10 [16] 11/-1/-1->9->10 [17] 11/-1/-1->9->1 [18] 11/-1/-1->9->10 [19] 11/-1/-1->9->10 [20] 11/-1/-1->9->10 [21] 11/1/-1->9->-1 [22] 11/-1/-1->9->10 [23] 11/-1/-1->9->10 [24] 11/-1/-1->9->10 [25] 11/-1/-1->9->1 [26] 11/-1/-1->9->10 [27] 11/-1/-1->9->10 [28] 11/-1/-1->9->10 [29] 11/1/-1->9->-1 [30] 11/-1/-1->9->10 [31] 11/-1/-1->9->10 comm 0x559816c5af00 nRanks 16 busId 36000
vcjob-2108113716403535873-abc12335-78022-worker-1:200:317 [2] NCCL INFO P2P Chunksize set to 131072
vcjob-2108113716403535873-abc12335-78022-worker-1:202:336 [4] NCCL INFO P2P Chunksize set to 131072
vcjob-2108113716403535873-abc12335-78022-worker-1:198:319 [0] NCCL INFO Trees [0] 10/-1/-1->8->0 [1] 10/-1/-1->8->15 [2] 10/-1/-1->8->15 [3] 10/-1/-1->8->15 [4] 10/0/-1->8->-1 [5] 10/-1/-1->8->15 [6] 10/-1/-1->8->15 [7] 10/-1/-1->8->15 [8] 10/-1/-1->8->0 [9] 10/-1/-1->8->15 [10] 10/-1/-1->8->15 [11] 10/-1/-1->8->15 [12] 10/0/-1->8->-1 [13] 10/-1/-1->8->15 [14] 10/-1/-1->8->15 [15] 10/-1/-1->8->15 [16] 10/-1/-1->8->0 [17] 10/-1/-1->8->15 [18] 10/-1/-1->8->15 [19] 10/-1/-1->8->15 [20] 10/0/-1->8->-1 [21] 10/-1/-1->8->15 [22] 10/-1/-1->8->15 [23] 10/-1/-1->8->15 [24] 10/-1/-1->8->0 [25] 10/-1/-1->8->15 [26] 10/-1/-1->8->15 [27] 10/-1/-1->8->15 [28] 10/0/-1->8->-1 [29] 10/-1/-1->8->15 [30] 10/-1/-1->8->15 [31] 10/-1/-1->8->15 comm 0x564ab41f4f90 nRanks 16 busId 9000
vcjob-2108113716403535873-abc12335-78022-worker-1:203:298 [5] NCCL INFO P2P Chunksize set to 131072
vcjob-2108113716403535873-abc12335-78022-worker-1:199:299 [1] NCCL INFO P2P Chunksize set to 131072
vcjob-2108113716403535873-abc12335-78022-worker-1:204:320 [6] NCCL INFO comm->autoPerPeerOn: 1, comm->p2pnChannels: 32, comm->p2pnChannelsPerPeer: 2
vcjob-2108113716403535873-abc12335-78022-worker-1:198:319 [0] NCCL INFO P2P Chunksize set to 131072
vcjob-2108113716403535873-abc12335-78022-worker-1:199:299 [1] NCCL INFO comm->autoPerPeerOn: 1, comm->p2pnChannels: 32, comm->p2pnChannelsPerPeer: 2
vcjob-2108113716403535873-abc12335-78022-worker-1:200:317 [2] NCCL INFO comm->autoPerPeerOn: 1, comm->p2pnChannels: 32, comm->p2pnChannelsPerPeer: 2
vcjob-2108113716403535873-abc12335-78022-worker-1:202:336 [4] NCCL INFO comm->autoPerPeerOn: 1, comm->p2pnChannels: 32, comm->p2pnChannelsPerPeer: 2
vcjob-2108113716403535873-abc12335-78022-worker-1:198:319 [0] NCCL INFO comm->autoPerPeerOn: 1, comm->p2pnChannels: 32, comm->p2pnChannelsPerPeer: 2
vcjob-2108113716403535873-abc12335-78022-worker-1:203:298 [5] NCCL INFO comm->autoPerPeerOn: 1, comm->p2pnChannels: 32, comm->p2pnChannelsPerPeer: 2
vcjob-2108113716403535873-abc12335-78022-worker-1:201:318 [3] NCCL INFO Trees [0] 12/-1/-1->11->9 [1] 12/-1/-1->11->9 [2] -1/-1/-1->11->9 [3] 12/-1/-1->11->9 [4] 12/-1/-1->11->9 [5] 12/-1/-1->11->9 [6] -1/-1/-1->11->9 [7] 12/-1/-1->11->9 [8] 12/-1/-1->11->9 [9] 12/-1/-1->11->9 [10] -1/-1/-1->11->9 [11] 12/-1/-1->11->9 [12] 12/-1/-1->11->9 [13] 12/-1/-1->11->9 [14] -1/-1/-1->11->9 [15] 12/-1/-1->11->9 [16] 12/-1/-1->11->9 [17] 12/-1/-1->11->9 [18] -1/-1/-1->11->9 [19] 12/-1/-1->11->9 [20] 12/-1/-1->11->9 [21] 12/-1/-1->11->9 [22] -1/-1/-1->11->9 [23] 12/-1/-1->11->9 [24] 12/-1/-1->11->9 [25] 12/-1/-1->11->9 [26] -1/-1/-1->11->9 [27] 12/-1/-1->11->9 [28] 12/-1/-1->11->9 [29] 12/-1/-1->11->9 [30] -1/-1/-1->11->9 [31] 12/-1/-1->11->9 comm 0x555e3dbb9f50 nRanks 16 busId 77000
vcjob-2108113716403535873-abc12335-78022-worker-1:201:318 [3] NCCL INFO P2P Chunksize set to 131072
vcjob-2108113716403535873-abc12335-78022-worker-1:201:318 [3] NCCL INFO comm->autoPerPeerOn: 1, comm->p2pnChannels: 32, comm->p2pnChannelsPerPeer: 2
vcjob-2108113716403535873-abc12335-78022-worker-1:199:299 [1] NCCL INFO Channel 00/0 : 9[36000] -> 10[55000] via P2P/IPC comm 0x559816c5af00 nRanks 16
vcjob-2108113716403535873-abc12335-78022-worker-1:203:298 [5] NCCL INFO Channel 00/0 : 13[b5000] -> 14[d5000] via P2P/IPC comm 0x558b9127bf30 nRanks 16
vcjob-2108113716403535873-abc12335-78022-worker-1:198:319 [0] NCCL INFO Channel 00/0 : 2[55000] -> 8[9000] [receive] via NET/IBext_v8/0/GDRDMA comm 0x564ab41f4f90 nRanks 16
vcjob-2108113716403535873-abc12335-78022-worker-1:198:319 [0] NCCL INFO Channel 04/0 : 2[55000] -> 8[9000] [receive] via NET/IBext_v8/0/GDRDMA comm 0x564ab41f4f90 nRanks 16
vcjob-2108113716403535873-abc12335-78022-worker-1:198:319 [0] NCCL INFO Channel 08/0 : 2[55000] -> 8[9000] [receive] via NET/IBext_v8/0/GDRDMA comm 0x564ab41f4f90 nRanks 16
vcjob-2108113716403535873-abc12335-78022-worker-1:198:319 [0] NCCL INFO Channel 12/0 : 2[55000] -> 8[9000] [receive] via NET/IBext_v8/0/GDRDMA comm 0x564ab41f4f90 nRanks 16
vcjob-2108113716403535873-abc12335-78022-worker-1:198:319 [0] NCCL INFO Channel 16/0 : 2[55000] -> 8[9000] [receive] via NET/IBext_v8/0/GDRDMA comm 0x564ab41f4f90 nRanks 16
vcjob-2108113716403535873-abc12335-78022-worker-1:198:319 [0] NCCL INFO Channel 20/0 : 2[55000] -> 8[9000] [receive] via NET/IBext_v8/0/GDRDMA comm 0x564ab41f4f90 nRanks 16
vcjob-2108113716403535873-abc12335-78022-worker-1:198:319 [0] NCCL INFO Channel 24/0 : 2[55000] -> 8[9000] [receive] via NET/IBext_v8/0/GDRDMA comm 0x564ab41f4f90 nRanks 16
vcjob-2108113716403535873-abc12335-78022-worker-1:198:319 [0] NCCL INFO Channel 28/0 : 2[55000] -> 8[9000] [receive] via NET/IBext_v8/0/GDRDMA comm 0x564ab41f4f90 nRanks 16
vcjob-2108113716403535873-abc12335-78022-worker-1:201:318 [3] NCCL INFO Channel 01/0 : 11[77000] -> 1[36000] [send] via NET/IBext_v8/1/GDRDMA comm 0x555e3dbb9f50 nRanks 16
vcjob-2108113716403535873-abc12335-78022-worker-1:201:318 [3] NCCL INFO Channel 05/0 : 11[77000] -> 1[36000] [send] via NET/IBext_v8/1/GDRDMA comm 0x555e3dbb9f50 nRanks 16
vcjob-2108113716403535873-abc12335-78022-worker-1:201:318 [3] NCCL INFO Channel 09/0 : 11[77000] -> 1[36000] [send] via NET/IBext_v8/1/GDRDMA comm 0x555e3dbb9f50 nRanks 16
vcjob-2108113716403535873-abc12335-78022-worker-1:201:318 [3] NCCL INFO Channel 13/0 : 11[77000] -> 1[36000] [send] via NET/IBext_v8/1/GDRDMA comm 0x555e3dbb9f50 nRanks 16
vcjob-2108113716403535873-abc12335-78022-worker-1:201:318 [3] NCCL INFO Channel 17/0 : 11[77000] -> 1[36000] [send] via NET/IBext_v8/1/GDRDMA comm 0x555e3dbb9f50 nRanks 16
vcjob-2108113716403535873-abc12335-78022-worker-1:201:318 [3] NCCL INFO Channel 21/0 : 11[77000] -> 1[36000] [send] via NET/IBext_v8/1/GDRDMA comm 0x555e3dbb9f50 nRanks 16
vcjob-2108113716403535873-abc12335-78022-worker-1:202:336 [4] NCCL INFO Channel 02/0 : 6[d5000] -> 12[85000] [receive] via NET/IBext_v8/2/GDRDMA comm 0x55baddd07ef0 nRanks 16
vcjob-2108113716403535873-abc12335-78022-worker-1:201:318 [3] NCCL INFO Channel 25/0 : 11[77000] -> 1[36000] [send] via NET/IBext_v8/1/GDRDMA comm 0x555e3dbb9f50 nRanks 16
vcjob-2108113716403535873-abc12335-78022-worker-1:202:336 [4] NCCL INFO Channel 06/0 : 6[d5000] -> 12[85000] [receive] via NET/IBext_v8/2/GDRDMA comm 0x55baddd07ef0 nRanks 16
vcjob-2108113716403535873-abc12335-78022-worker-1:201:318 [3] NCCL INFO Channel 29/0 : 11[77000] -> 1[36000] [send] via NET/IBext_v8/1/GDRDMA comm 0x555e3dbb9f50 nRanks 16
vcjob-2108113716403535873-abc12335-78022-worker-1:202:336 [4] NCCL INFO Channel 10/0 : 6[d5000] -> 12[85000] [receive] via NET/IBext_v8/2/GDRDMA comm 0x55baddd07ef0 nRanks 16
vcjob-2108113716403535873-abc12335-78022-worker-1:202:336 [4] NCCL INFO Channel 14/0 : 6[d5000] -> 12[85000] [receive] via NET/IBext_v8/2/GDRDMA comm 0x55baddd07ef0 nRanks 16
vcjob-2108113716403535873-abc12335-78022-worker-1:202:336 [4] NCCL INFO Channel 18/0 : 6[d5000] -> 12[85000] [receive] via NET/IBext_v8/2/GDRDMA comm 0x55baddd07ef0 nRanks 16
vcjob-2108113716403535873-abc12335-78022-worker-1:202:336 [4] NCCL INFO Channel 22/0 : 6[d5000] -> 12[85000] [receive] via NET/IBext_v8/2/GDRDMA comm 0x55baddd07ef0 nRanks 16
vcjob-2108113716403535873-abc12335-78022-worker-1:202:336 [4] NCCL INFO Channel 26/0 : 6[d5000] -> 12[85000] [receive] via NET/IBext_v8/2/GDRDMA comm 0x55baddd07ef0 nRanks 16
vcjob-2108113716403535873-abc12335-78022-worker-1:202:336 [4] NCCL INFO Channel 30/0 : 6[d5000] -> 12[85000] [receive] via NET/IBext_v8/2/GDRDMA comm 0x55baddd07ef0 nRanks 16
vcjob-2108113716403535873-abc12335-78022-worker-1:205:297 [7] NCCL INFO Channel 03/0 : 15[f5000] -> 5[b5000] [send] via NET/IBext_v8/3/GDRDMA comm 0x556bc0712e40 nRanks 16
vcjob-2108113716403535873-abc12335-78022-worker-1:205:297 [7] NCCL INFO Channel 07/0 : 15[f5000] -> 5[b5000] [send] via NET/IBext_v8/3/GDRDMA comm 0x556bc0712e40 nRanks 16
vcjob-2108113716403535873-abc12335-78022-worker-1:205:297 [7] NCCL INFO Channel 11/0 : 15[f5000] -> 5[b5000] [send] via NET/IBext_v8/3/GDRDMA comm 0x556bc0712e40 nRanks 16
vcjob-2108113716403535873-abc12335-78022-worker-1:205:297 [7] NCCL INFO Channel 15/0 : 15[f5000] -> 5[b5000] [send] via NET/IBext_v8/3/GDRDMA comm 0x556bc0712e40 nRanks 16
vcjob-2108113716403535873-abc12335-78022-worker-1:205:297 [7] NCCL INFO Channel 19/0 : 15[f5000] -> 5[b5000] [send] via NET/IBext_v8/3/GDRDMA comm 0x556bc0712e40 nRanks 16
vcjob-2108113716403535873-abc12335-78022-worker-1:205:297 [7] NCCL INFO Channel 23/0 : 15[f5000] -> 5[b5000] [send] via NET/IBext_v8/3/GDRDMA comm 0x556bc0712e40 nRanks 16
vcjob-2108113716403535873-abc12335-78022-worker-1:205:297 [7] NCCL INFO Channel 27/0 : 15[f5000] -> 5[b5000] [send] via NET/IBext_v8/3/GDRDMA comm 0x556bc0712e40 nRanks 16
vcjob-2108113716403535873-abc12335-78022-worker-1:205:297 [7] NCCL INFO Channel 31/0 : 15[f5000] -> 5[b5000] [send] via NET/IBext_v8/3/GDRDMA comm 0x556bc0712e40 nRanks 16
vcjob-2108113716403535873-abc12335-78022-worker-1:199:299 [1] NCCL INFO Channel 01/0 : 9[36000] -> 10[55000] via P2P/IPC comm 0x559816c5af00 nRanks 16
vcjob-2108113716403535873-abc12335-78022-worker-1:203:298 [5] NCCL INFO Channel 01/0 : 13[b5000] -> 14[d5000] via P2P/IPC comm 0x558b9127bf30 nRanks 16
vcjob-2108113716403535873-abc12335-78022-worker-1:199:299 [1] NCCL INFO Channel 02/0 : 9[36000] -> 10[55000] via P2P/IPC comm 0x559816c5af00 nRanks 16
vcjob-2108113716403535873-abc12335-78022-worker-1:203:298 [5] NCCL INFO Channel 02/0 : 13[b5000] -> 14[d5000] via P2P/IPC comm 0x558b9127bf30 nRanks 16
vcjob-2108113716403535873-abc12335-78022-worker-1:199:299 [1] NCCL INFO Channel 03/0 : 9[36000] -> 10[55000] via P2P/IPC comm 0x559816c5af00 nRanks 16
vcjob-2108113716403535873-abc12335-78022-worker-1:203:298 [5] NCCL INFO Channel 03/0 : 13[b5000] -> 14[d5000] via P2P/IPC comm 0x558b9127bf30 nRanks 16
vcjob-2108113716403535873-abc12335-78022-worker-1:199:299 [1] NCCL INFO Channel 04/0 : 9[36000] -> 10[55000] via P2P/IPC comm 0x559816c5af00 nRanks 16
vcjob-2108113716403535873-abc12335-78022-worker-1:203:298 [5] NCCL INFO Channel 04/0 : 13[b5000] -> 14[d5000] via P2P/IPC comm 0x558b9127bf30 nRanks 16
vcjob-2108113716403535873-abc12335-78022-worker-1:199:299 [1] NCCL INFO Channel 05/0 : 9[36000] -> 10[55000] via P2P/IPC comm 0x559816c5af00 nRanks 16
vcjob-2108113716403535873-abc12335-78022-worker-1:203:298 [5] NCCL INFO Channel 05/0 : 13[b5000] -> 14[d5000] via P2P/IPC comm 0x558b9127bf30 nRanks 16
vcjob-2108113716403535873-abc12335-78022-worker-1:203:298 [5] NCCL INFO Channel 06/0 : 13[b5000] -> 14[d5000] via P2P/IPC comm 0x558b9127bf30 nRanks 16
vcjob-2108113716403535873-abc12335-78022-worker-1:199:299 [1] NCCL INFO Channel 06/0 : 9[36000] -> 10[55000] via P2P/IPC comm 0x559816c5af00 nRanks 16
vcjob-2108113716403535873-abc12335-78022-worker-1:203:298 [5] NCCL INFO Channel 07/0 : 13[b5000] -> 14[d5000] via P2P/IPC comm 0x558b9127bf30 nRanks 16
vcjob-2108113716403535873-abc12335-78022-worker-1:199:299 [1] NCCL INFO Channel 07/0 : 9[36000] -> 10[55000] via P2P/IPC comm 0x559816c5af00 nRanks 16
vcjob-2108113716403535873-abc12335-78022-worker-1:203:298 [5] NCCL INFO Channel 08/0 : 13[b5000] -> 14[d5000] via P2P/IPC comm 0x558b9127bf30 nRanks 16
vcjob-2108113716403535873-abc12335-78022-worker-1:199:299 [1] NCCL INFO Channel 08/0 : 9[36000] -> 10[55000] via P2P/IPC comm 0x559816c5af00 nRanks 16
vcjob-2108113716403535873-abc12335-78022-worker-1:203:298 [5] NCCL INFO Channel 09/0 : 13[b5000] -> 14[d5000] via P2P/IPC comm 0x558b9127bf30 nRanks 16
vcjob-2108113716403535873-abc12335-78022-worker-1:199:299 [1] NCCL INFO Channel 09/0 : 9[36000] -> 10[55000] via P2P/IPC comm 0x559816c5af00 nRanks 16
vcjob-2108113716403535873-abc12335-78022-worker-1:203:298 [5] NCCL INFO Channel 10/0 : 13[b5000] -> 14[d5000] via P2P/IPC comm 0x558b9127bf30 nRanks 16
vcjob-2108113716403535873-abc12335-78022-worker-1:199:299 [1] NCCL INFO Channel 10/0 : 9[36000] -> 10[55000] via P2P/IPC comm 0x559816c5af00 nRanks 16
vcjob-2108113716403535873-abc12335-78022-worker-1:203:298 [5] NCCL INFO Channel 11/0 : 13[b5000] -> 14[d5000] via P2P/IPC comm 0x558b9127bf30 nRanks 16
vcjob-2108113716403535873-abc12335-78022-worker-1:199:299 [1] NCCL INFO Channel 11/0 : 9[36000] -> 10[55000] via P2P/IPC comm 0x559816c5af00 nRanks 16
vcjob-2108113716403535873-abc12335-78022-worker-1:203:298 [5] NCCL INFO Channel 12/0 : 13[b5000] -> 14[d5000] via P2P/IPC comm 0x558b9127bf30 nRanks 16
vcjob-2108113716403535873-abc12335-78022-worker-1:199:299 [1] NCCL INFO Channel 12/0 : 9[36000] -> 10[55000] via P2P/IPC comm 0x559816c5af00 nRanks 16
vcjob-2108113716403535873-abc12335-78022-worker-1:203:298 [5] NCCL INFO Channel 13/0 : 13[b5000] -> 14[d5000] via P2P/IPC comm 0x558b9127bf30 nRanks 16
vcjob-2108113716403535873-abc12335-78022-worker-1:199:299 [1] NCCL INFO Channel 13/0 : 9[36000] -> 10[55000] via P2P/IPC comm 0x559816c5af00 nRanks 16
vcjob-2108113716403535873-abc12335-78022-worker-1:203:298 [5] NCCL INFO Channel 14/0 : 13[b5000] -> 14[d5000] via P2P/IPC comm 0x558b9127bf30 nRanks 16
vcjob-2108113716403535873-abc12335-78022-worker-1:199:299 [1] NCCL INFO Channel 14/0 : 9[36000] -> 10[55000] via P2P/IPC comm 0x559816c5af00 nRanks 16
vcjob-2108113716403535873-abc12335-78022-worker-1:203:298 [5] NCCL INFO Channel 15/0 : 13[b5000] -> 14[d5000] via P2P/IPC comm 0x558b9127bf30 nRanks 16
vcjob-2108113716403535873-abc12335-78022-worker-1:203:298 [5] NCCL INFO Channel 16/0 : 13[b5000] -> 14[d5000] via P2P/IPC comm 0x558b9127bf30 nRanks 16
vcjob-2108113716403535873-abc12335-78022-worker-1:199:299 [1] NCCL INFO Channel 15/0 : 9[36000] -> 10[55000] via P2P/IPC comm 0x559816c5af00 nRanks 16
vcjob-2108113716403535873-abc12335-78022-worker-1:203:298 [5] NCCL INFO Channel 17/0 : 13[b5000] -> 14[d5000] via P2P/IPC comm 0x558b9127bf30 nRanks 16
vcjob-2108113716403535873-abc12335-78022-worker-1:199:299 [1] NCCL INFO Channel 16/0 : 9[36000] -> 10[55000] via P2P/IPC comm 0x559816c5af00 nRanks 16
vcjob-2108113716403535873-abc12335-78022-worker-1:203:298 [5] NCCL INFO Channel 18/0 : 13[b5000] -> 14[d5000] via P2P/IPC comm 0x558b9127bf30 nRanks 16
vcjob-2108113716403535873-abc12335-78022-worker-1:199:299 [1] NCCL INFO Channel 17/0 : 9[36000] -> 10[55000] via P2P/IPC comm 0x559816c5af00 nRanks 16
vcjob-2108113716403535873-abc12335-78022-worker-1:203:298 [5] NCCL INFO Channel 19/0 : 13[b5000] -> 14[d5000] via P2P/IPC comm 0x558b9127bf30 nRanks 16
vcjob-2108113716403535873-abc12335-78022-worker-1:199:299 [1] NCCL INFO Channel 18/0 : 9[36000] -> 10[55000] via P2P/IPC comm 0x559816c5af00 nRanks 16
vcjob-2108113716403535873-abc12335-78022-worker-1:203:298 [5] NCCL INFO Channel 20/0 : 13[b5000] -> 14[d5000] via P2P/IPC comm 0x558b9127bf30 nRanks 16
vcjob-2108113716403535873-abc12335-78022-worker-1:199:299 [1] NCCL INFO Channel 19/0 : 9[36000] -> 10[55000] via P2P/IPC comm 0x559816c5af00 nRanks 16
vcjob-2108113716403535873-abc12335-78022-worker-1:203:298 [5] NCCL INFO Channel 21/0 : 13[b5000] -> 14[d5000] via P2P/IPC comm 0x558b9127bf30 nRanks 16
vcjob-2108113716403535873-abc12335-78022-worker-1:199:299 [1] NCCL INFO Channel 20/0 : 9[36000] -> 10[55000] via P2P/IPC comm 0x559816c5af00 nRanks 16
vcjob-2108113716403535873-abc12335-78022-worker-1:203:298 [5] NCCL INFO Channel 22/0 : 13[b5000] -> 14[d5000] via P2P/IPC comm 0x558b9127bf30 nRanks 16
vcjob-2108113716403535873-abc12335-78022-worker-1:199:299 [1] NCCL INFO Channel 21/0 : 9[36000] -> 10[55000] via P2P/IPC comm 0x559816c5af00 nRanks 16
vcjob-2108113716403535873-abc12335-78022-worker-1:203:298 [5] NCCL INFO Channel 23/0 : 13[b5000] -> 14[d5000] via P2P/IPC comm 0x558b9127bf30 nRanks 16
vcjob-2108113716403535873-abc12335-78022-worker-1:199:299 [1] NCCL INFO Channel 22/0 : 9[36000] -> 10[55000] via P2P/IPC comm 0x559816c5af00 nRanks 16
vcjob-2108113716403535873-abc12335-78022-worker-1:203:298 [5] NCCL INFO Channel 24/0 : 13[b5000] -> 14[d5000] via P2P/IPC comm 0x558b9127bf30 nRanks 16
vcjob-2108113716403535873-abc12335-78022-worker-1:199:299 [1] NCCL INFO Channel 23/0 : 9[36000] -> 10[55000] via P2P/IPC comm 0x559816c5af00 nRanks 16
vcjob-2108113716403535873-abc12335-78022-worker-1:203:298 [5] NCCL INFO Channel 25/0 : 13[b5000] -> 14[d5000] via P2P/IPC comm 0x558b9127bf30 nRanks 16
vcjob-2108113716403535873-abc12335-78022-worker-1:199:299 [1] NCCL INFO Channel 24/0 : 9[36000] -> 10[55000] via P2P/IPC comm 0x559816c5af00 nRanks 16
vcjob-2108113716403535873-abc12335-78022-worker-1:203:298 [5] NCCL INFO Channel 26/0 : 13[b5000] -> 14[d5000] via P2P/IPC comm 0x558b9127bf30 nRanks 16
vcjob-2108113716403535873-abc12335-78022-worker-1:203:298 [5] NCCL INFO Channel 27/0 : 13[b5000] -> 14[d5000] via P2P/IPC comm 0x558b9127bf30 nRanks 16
vcjob-2108113716403535873-abc12335-78022-worker-1:199:299 [1] NCCL INFO Channel 25/0 : 9[36000] -> 10[55000] via P2P/IPC comm 0x559816c5af00 nRanks 16
vcjob-2108113716403535873-abc12335-78022-worker-1:203:298 [5] NCCL INFO Channel 28/0 : 13[b5000] -> 14[d5000] via P2P/IPC comm 0x558b9127bf30 nRanks 16
vcjob-2108113716403535873-abc12335-78022-worker-1:199:299 [1] NCCL INFO Channel 26/0 : 9[36000] -> 10[55000] via P2P/IPC comm 0x559816c5af00 nRanks 16
vcjob-2108113716403535873-abc12335-78022-worker-1:203:298 [5] NCCL INFO Channel 29/0 : 13[b5000] -> 14[d5000] via P2P/IPC comm 0x558b9127bf30 nRanks 16
vcjob-2108113716403535873-abc12335-78022-worker-1:199:299 [1] NCCL INFO Channel 27/0 : 9[36000] -> 10[55000] via P2P/IPC comm 0x559816c5af00 nRanks 16
vcjob-2108113716403535873-abc12335-78022-worker-1:203:298 [5] NCCL INFO Channel 30/0 : 13[b5000] -> 14[d5000] via P2P/IPC comm 0x558b9127bf30 nRanks 16
vcjob-2108113716403535873-abc12335-78022-worker-1:199:299 [1] NCCL INFO Channel 28/0 : 9[36000] -> 10[55000] via P2P/IPC comm 0x559816c5af00 nRanks 16
vcjob-2108113716403535873-abc12335-78022-worker-1:203:298 [5] NCCL INFO Channel 31/0 : 13[b5000] -> 14[d5000] via P2P/IPC comm 0x558b9127bf30 nRanks 16
vcjob-2108113716403535873-abc12335-78022-worker-1:199:299 [1] NCCL INFO Channel 29/0 : 9[36000] -> 10[55000] via P2P/IPC comm 0x559816c5af00 nRanks 16
vcjob-2108113716403535873-abc12335-78022-worker-1:199:299 [1] NCCL INFO Channel 30/0 : 9[36000] -> 10[55000] via P2P/IPC comm 0x559816c5af00 nRanks 16
vcjob-2108113716403535873-abc12335-78022-worker-1:199:299 [1] NCCL INFO Channel 31/0 : 9[36000] -> 10[55000] via P2P/IPC comm 0x559816c5af00 nRanks 16
vcjob-2108113716403535873-abc12335-78022-worker-1:204:320 [6] NCCL INFO Channel 02/0 : 14[d5000] -> 4[85000] [send] via NET/IBext_v8/2/GDRDMA comm 0x5589afdc2f40 nRanks 16
vcjob-2108113716403535873-abc12335-78022-worker-1:203:298 [5] NCCL INFO Channel 03/0 : 7[f5000] -> 13[b5000] [receive] via NET/IBext_v8/3/GDRDMA comm 0x558b9127bf30 nRanks 16
vcjob-2108113716403535873-abc12335-78022-worker-1:204:320 [6] NCCL INFO Channel 06/0 : 14[d5000] -> 4[85000] [send] via NET/IBext_v8/2/GDRDMA comm 0x5589afdc2f40 nRanks 16
vcjob-2108113716403535873-abc12335-78022-worker-1:204:320 [6] NCCL INFO Channel 10/0 : 14[d5000] -> 4[85000] [send] via NET/IBext_v8/2/GDRDMA comm 0x5589afdc2f40 nRanks 16
vcjob-2108113716403535873-abc12335-78022-worker-1:203:298 [5] NCCL INFO Channel 07/0 : 7[f5000] -> 13[b5000] [receive] via NET/IBext_v8/3/GDRDMA comm 0x558b9127bf30 nRanks 16
vcjob-2108113716403535873-abc12335-78022-worker-1:204:320 [6] NCCL INFO Channel 14/0 : 14[d5000] -> 4[85000] [send] via NET/IBext_v8/2/GDRDMA comm 0x5589afdc2f40 nRanks 16
vcjob-2108113716403535873-abc12335-78022-worker-1:203:298 [5] NCCL INFO Channel 11/0 : 7[f5000] -> 13[b5000] [receive] via NET/IBext_v8/3/GDRDMA comm 0x558b9127bf30 nRanks 16
vcjob-2108113716403535873-abc12335-78022-worker-1:204:320 [6] NCCL INFO Channel 18/0 : 14[d5000] -> 4[85000] [send] via NET/IBext_v8/2/GDRDMA comm 0x5589afdc2f40 nRanks 16
vcjob-2108113716403535873-abc12335-78022-worker-1:203:298 [5] NCCL INFO Channel 15/0 : 7[f5000] -> 13[b5000] [receive] via NET/IBext_v8/3/GDRDMA comm 0x558b9127bf30 nRanks 16
vcjob-2108113716403535873-abc12335-78022-worker-1:204:320 [6] NCCL INFO Channel 22/0 : 14[d5000] -> 4[85000] [send] via NET/IBext_v8/2/GDRDMA comm 0x5589afdc2f40 nRanks 16
vcjob-2108113716403535873-abc12335-78022-worker-1:203:298 [5] NCCL INFO Channel 19/0 : 7[f5000] -> 13[b5000] [receive] via NET/IBext_v8/3/GDRDMA comm 0x558b9127bf30 nRanks 16
vcjob-2108113716403535873-abc12335-78022-worker-1:204:320 [6] NCCL INFO Channel 26/0 : 14[d5000] -> 4[85000] [send] via NET/IBext_v8/2/GDRDMA comm 0x5589afdc2f40 nRanks 16
vcjob-2108113716403535873-abc12335-78022-worker-1:204:320 [6] NCCL INFO Channel 30/0 : 14[d5000] -> 4[85000] [send] via NET/IBext_v8/2/GDRDMA comm 0x5589afdc2f40 nRanks 16
vcjob-2108113716403535873-abc12335-78022-worker-1:203:298 [5] NCCL INFO Channel 23/0 : 7[f5000] -> 13[b5000] [receive] via NET/IBext_v8/3/GDRDMA comm 0x558b9127bf30 nRanks 16
vcjob-2108113716403535873-abc12335-78022-worker-1:203:298 [5] NCCL INFO Channel 27/0 : 7[f5000] -> 13[b5000] [receive] via NET/IBext_v8/3/GDRDMA comm 0x558b9127bf30 nRanks 16
vcjob-2108113716403535873-abc12335-78022-worker-1:203:298 [5] NCCL INFO Channel 31/0 : 7[f5000] -> 13[b5000] [receive] via NET/IBext_v8/3/GDRDMA comm 0x558b9127bf30 nRanks 16
vcjob-2108113716403535873-abc12335-78022-worker-1:204:320 [6] NCCL INFO Channel 00/0 : 14[d5000] -> 12[85000] via P2P/IPC comm 0x5589afdc2f40 nRanks 16
vcjob-2108113716403535873-abc12335-78022-worker-1:199:299 [1] NCCL INFO Channel 01/0 : 3[77000] -> 9[36000] [receive] via NET/IBext_v8/1/GDRDMA comm 0x559816c5af00 nRanks 16
vcjob-2108113716403535873-abc12335-78022-worker-1:199:299 [1] NCCL INFO Channel 05/0 : 3[77000] -> 9[36000] [receive] via NET/IBext_v8/1/GDRDMA comm 0x559816c5af00 nRanks 16
vcjob-2108113716403535873-abc12335-78022-worker-1:199:299 [1] NCCL INFO Channel 09/0 : 3[77000] -> 9[36000] [receive] via NET/IBext_v8/1/GDRDMA comm 0x559816c5af00 nRanks 16
vcjob-2108113716403535873-abc12335-78022-worker-1:199:299 [1] NCCL INFO Channel 13/0 : 3[77000] -> 9[36000] [receive] via NET/IBext_v8/1/GDRDMA comm 0x559816c5af00 nRanks 16
vcjob-2108113716403535873-abc12335-78022-worker-1:199:299 [1] NCCL INFO Channel 17/0 : 3[77000] -> 9[36000] [receive] via NET/IBext_v8/1/GDRDMA comm 0x559816c5af00 nRanks 16
vcjob-2108113716403535873-abc12335-78022-worker-1:204:320 [6] NCCL INFO Channel 01/0 : 14[d5000] -> 12[85000] via P2P/IPC comm 0x5589afdc2f40 nRanks 16
vcjob-2108113716403535873-abc12335-78022-worker-1:199:299 [1] NCCL INFO Channel 21/0 : 3[77000] -> 9[36000] [receive] via NET/IBext_v8/1/GDRDMA comm 0x559816c5af00 nRanks 16
vcjob-2108113716403535873-abc12335-78022-worker-1:199:299 [1] NCCL INFO Channel 25/0 : 3[77000] -> 9[36000] [receive] via NET/IBext_v8/1/GDRDMA comm 0x559816c5af00 nRanks 16
vcjob-2108113716403535873-abc12335-78022-worker-1:199:299 [1] NCCL INFO Channel 29/0 : 3[77000] -> 9[36000] [receive] via NET/IBext_v8/1/GDRDMA comm 0x559816c5af00 nRanks 16
vcjob-2108113716403535873-abc12335-78022-worker-1:200:317 [2] NCCL INFO Channel 00/0 : 10[55000] -> 0[9000] [send] via NET/IBext_v8/0/GDRDMA comm 0x55c31d1a2f90 nRanks 16
vcjob-2108113716403535873-abc12335-78022-worker-1:200:317 [2] NCCL INFO Channel 04/0 : 10[55000] -> 0[9000] [send] via NET/IBext_v8/0/GDRDMA comm 0x55c31d1a2f90 nRanks 16
vcjob-2108113716403535873-abc12335-78022-worker-1:200:317 [2] NCCL INFO Channel 08/0 : 10[55000] -> 0[9000] [send] via NET/IBext_v8/0/GDRDMA comm 0x55c31d1a2f90 nRanks 16
vcjob-2108113716403535873-abc12335-78022-worker-1:200:317 [2] NCCL INFO Channel 12/0 : 10[55000] -> 0[9000] [send] via NET/IBext_v8/0/GDRDMA comm 0x55c31d1a2f90 nRanks 16
vcjob-2108113716403535873-abc12335-78022-worker-1:200:317 [2] NCCL INFO Channel 16/0 : 10[55000] -> 0[9000] [send] via NET/IBext_v8/0/GDRDMA comm 0x55c31d1a2f90 nRanks 16
vcjob-2108113716403535873-abc12335-78022-worker-1:200:317 [2] NCCL INFO Channel 20/0 : 10[55000] -> 0[9000] [send] via NET/IBext_v8/0/GDRDMA comm 0x55c31d1a2f90 nRanks 16
vcjob-2108113716403535873-abc12335-78022-worker-1:204:320 [6] NCCL INFO Channel 03/0 : 14[d5000] -> 12[85000] via P2P/IPC comm 0x5589afdc2f40 nRanks 16
vcjob-2108113716403535873-abc12335-78022-worker-1:200:317 [2] NCCL INFO Channel 24/0 : 10[55000] -> 0[9000] [send] via NET/IBext_v8/0/GDRDMA comm 0x55c31d1a2f90 nRanks 16
vcjob-2108113716403535873-abc12335-78022-worker-1:200:317 [2] NCCL INFO Channel 28/0 : 10[55000] -> 0[9000] [send] via NET/IBext_v8/0/GDRDMA comm 0x55c31d1a2f90 nRanks 16
vcjob-2108113716403535873-abc12335-78022-worker-1:200:317 [2] NCCL INFO Channel 01/0 : 10[55000] -> 8[9000] via P2P/IPC comm 0x55c31d1a2f90 nRanks 16
vcjob-2108113716403535873-abc12335-78022-worker-1:204:320 [6] NCCL INFO Channel 04/0 : 14[d5000] -> 12[85000] via P2P/IPC comm 0x5589afdc2f40 nRanks 16
vcjob-2108113716403535873-abc12335-78022-worker-1:204:320 [6] NCCL INFO Channel 05/0 : 14[d5000] -> 12[85000] via P2P/IPC comm 0x5589afdc2f40 nRanks 16
vcjob-2108113716403535873-abc12335-78022-worker-1:200:317 [2] NCCL INFO Channel 02/0 : 10[55000] -> 8[9000] via P2P/IPC comm 0x55c31d1a2f90 nRanks 16
vcjob-2108113716403535873-abc12335-78022-worker-1:204:320 [6] NCCL INFO Channel 07/0 : 14[d5000] -> 12[85000] via P2P/IPC comm 0x5589afdc2f40 nRanks 16
vcjob-2108113716403535873-abc12335-78022-worker-1:200:317 [2] NCCL INFO Channel 03/0 : 10[55000] -> 8[9000] via P2P/IPC comm 0x55c31d1a2f90 nRanks 16
vcjob-2108113716403535873-abc12335-78022-worker-1:198:319 [0] NCCL INFO Channel 00/0 : 8[9000] -> 15[f5000] via P2P/IPC comm 0x564ab41f4f90 nRanks 16
vcjob-2108113716403535873-abc12335-78022-worker-1:204:320 [6] NCCL INFO Channel 08/0 : 14[d5000] -> 12[85000] via P2P/IPC comm 0x5589afdc2f40 nRanks 16
vcjob-2108113716403535873-abc12335-78022-worker-1:200:317 [2] NCCL INFO Channel 05/0 : 10[55000] -> 8[9000] via P2P/IPC comm 0x55c31d1a2f90 nRanks 16
vcjob-2108113716403535873-abc12335-78022-worker-1:204:320 [6] NCCL INFO Channel 09/0 : 14[d5000] -> 12[85000] via P2P/IPC comm 0x5589afdc2f40 nRanks 16
vcjob-2108113716403535873-abc12335-78022-worker-1:200:317 [2] NCCL INFO Channel 06/0 : 10[55000] -> 8[9000] via P2P/IPC comm 0x55c31d1a2f90 nRanks 16
vcjob-2108113716403535873-abc12335-78022-worker-1:204:320 [6] NCCL INFO Channel 11/0 : 14[d5000] -> 12[85000] via P2P/IPC comm 0x5589afdc2f40 nRanks 16
vcjob-2108113716403535873-abc12335-78022-worker-1:200:317 [2] NCCL INFO Channel 07/0 : 10[55000] -> 8[9000] via P2P/IPC comm 0x55c31d1a2f90 nRanks 16
vcjob-2108113716403535873-abc12335-78022-worker-1:204:320 [6] NCCL INFO Channel 12/0 : 14[d5000] -> 12[85000] via P2P/IPC comm 0x5589afdc2f40 nRanks 16
vcjob-2108113716403535873-abc12335-78022-worker-1:200:317 [2] NCCL INFO Channel 09/0 : 10[55000] -> 8[9000] via P2P/IPC comm 0x55c31d1a2f90 nRanks 16
vcjob-2108113716403535873-abc12335-78022-worker-1:204:320 [6] NCCL INFO Channel 13/0 : 14[d5000] -> 12[85000] via P2P/IPC comm 0x5589afdc2f40 nRanks 16
vcjob-2108113716403535873-abc12335-78022-worker-1:200:317 [2] NCCL INFO Channel 10/0 : 10[55000] -> 8[9000] via P2P/IPC comm 0x55c31d1a2f90 nRanks 16
vcjob-2108113716403535873-abc12335-78022-worker-1:204:320 [6] NCCL INFO Channel 15/0 : 14[d5000] -> 12[85000] via P2P/IPC comm 0x5589afdc2f40 nRanks 16
vcjob-2108113716403535873-abc12335-78022-worker-1:201:318 [3] NCCL INFO Channel 00/0 : 11[77000] -> 9[36000] via P2P/IPC comm 0x555e3dbb9f50 nRanks 16
vcjob-2108113716403535873-abc12335-78022-worker-1:204:320 [6] NCCL INFO Channel 16/0 : 14[d5000] -> 12[85000] via P2P/IPC comm 0x5589afdc2f40 nRanks 16
vcjob-2108113716403535873-abc12335-78022-worker-1:200:317 [2] NCCL INFO Channel 11/0 : 10[55000] -> 8[9000] via P2P/IPC comm 0x55c31d1a2f90 nRanks 16
vcjob-2108113716403535873-abc12335-78022-worker-1:204:320 [6] NCCL INFO Channel 17/0 : 14[d5000] -> 12[85000] via P2P/IPC comm 0x5589afdc2f40 nRanks 16
vcjob-2108113716403535873-abc12335-78022-worker-1:200:317 [2] NCCL INFO Channel 13/0 : 10[55000] -> 8[9000] via P2P/IPC comm 0x55c31d1a2f90 nRanks 16
vcjob-2108113716403535873-abc12335-78022-worker-1:200:317 [2] NCCL INFO Channel 14/0 : 10[55000] -> 8[9000] via P2P/IPC comm 0x55c31d1a2f90 nRanks 16
vcjob-2108113716403535873-abc12335-78022-worker-1:204:320 [6] NCCL INFO Channel 19/0 : 14[d5000] -> 12[85000] via P2P/IPC comm 0x5589afdc2f40 nRanks 16
vcjob-2108113716403535873-abc12335-78022-worker-1:200:317 [2] NCCL INFO Channel 15/0 : 10[55000] -> 8[9000] via P2P/IPC comm 0x55c31d1a2f90 nRanks 16
vcjob-2108113716403535873-abc12335-78022-worker-1:204:320 [6] NCCL INFO Channel 20/0 : 14[d5000] -> 12[85000] via P2P/IPC comm 0x5589afdc2f40 nRanks 16
vcjob-2108113716403535873-abc12335-78022-worker-1:204:320 [6] NCCL INFO Channel 21/0 : 14[d5000] -> 12[85000] via P2P/IPC comm 0x5589afdc2f40 nRanks 16
vcjob-2108113716403535873-abc12335-78022-worker-1:200:317 [2] NCCL INFO Channel 17/0 : 10[55000] -> 8[9000] via P2P/IPC comm 0x55c31d1a2f90 nRanks 16
vcjob-2108113716403535873-abc12335-78022-worker-1:204:320 [6] NCCL INFO Channel 23/0 : 14[d5000] -> 12[85000] via P2P/IPC comm 0x5589afdc2f40 nRanks 16
vcjob-2108113716403535873-abc12335-78022-worker-1:200:317 [2] NCCL INFO Channel 18/0 : 10[55000] -> 8[9000] via P2P/IPC comm 0x55c31d1a2f90 nRanks 16
vcjob-2108113716403535873-abc12335-78022-worker-1:204:320 [6] NCCL INFO Channel 24/0 : 14[d5000] -> 12[85000] via P2P/IPC comm 0x5589afdc2f40 nRanks 16
vcjob-2108113716403535873-abc12335-78022-worker-1:200:317 [2] NCCL INFO Channel 19/0 : 10[55000] -> 8[9000] via P2P/IPC comm 0x55c31d1a2f90 nRanks 16
vcjob-2108113716403535873-abc12335-78022-worker-1:204:320 [6] NCCL INFO Channel 25/0 : 14[d5000] -> 12[85000] via P2P/IPC comm 0x5589afdc2f40 nRanks 16
vcjob-2108113716403535873-abc12335-78022-worker-1:200:317 [2] NCCL INFO Channel 21/0 : 10[55000] -> 8[9000] via P2P/IPC comm 0x55c31d1a2f90 nRanks 16
vcjob-2108113716403535873-abc12335-78022-worker-1:204:320 [6] NCCL INFO Channel 27/0 : 14[d5000] -> 12[85000] via P2P/IPC comm 0x5589afdc2f40 nRanks 16
vcjob-2108113716403535873-abc12335-78022-worker-1:200:317 [2] NCCL INFO Channel 22/0 : 10[55000] -> 8[9000] via P2P/IPC comm 0x55c31d1a2f90 nRanks 16
vcjob-2108113716403535873-abc12335-78022-worker-1:204:320 [6] NCCL INFO Channel 28/0 : 14[d5000] -> 12[85000] via P2P/IPC comm 0x5589afdc2f40 nRanks 16
vcjob-2108113716403535873-abc12335-78022-worker-1:204:320 [6] NCCL INFO Channel 29/0 : 14[d5000] -> 12[85000] via P2P/IPC comm 0x5589afdc2f40 nRanks 16
vcjob-2108113716403535873-abc12335-78022-worker-1:200:317 [2] NCCL INFO Channel 23/0 : 10[55000] -> 8[9000] via P2P/IPC comm 0x55c31d1a2f90 nRanks 16
vcjob-2108113716403535873-abc12335-78022-worker-1:204:320 [6] NCCL INFO Channel 31/0 : 14[d5000] -> 12[85000] via P2P/IPC comm 0x5589afdc2f40 nRanks 16
vcjob-2108113716403535873-abc12335-78022-worker-1:200:317 [2] NCCL INFO Channel 25/0 : 10[55000] -> 8[9000] via P2P/IPC comm 0x55c31d1a2f90 nRanks 16
vcjob-2108113716403535873-abc12335-78022-worker-1:200:317 [2] NCCL INFO Channel 26/0 : 10[55000] -> 8[9000] via P2P/IPC comm 0x55c31d1a2f90 nRanks 16
vcjob-2108113716403535873-abc12335-78022-worker-1:200:317 [2] NCCL INFO Channel 27/0 : 10[55000] -> 8[9000] via P2P/IPC comm 0x55c31d1a2f90 nRanks 16
vcjob-2108113716403535873-abc12335-78022-worker-1:200:317 [2] NCCL INFO Channel 29/0 : 10[55000] -> 8[9000] via P2P/IPC comm 0x55c31d1a2f90 nRanks 16
vcjob-2108113716403535873-abc12335-78022-worker-1:200:317 [2] NCCL INFO Channel 30/0 : 10[55000] -> 8[9000] via P2P/IPC comm 0x55c31d1a2f90 nRanks 16
vcjob-2108113716403535873-abc12335-78022-worker-1:198:319 [0] NCCL INFO Channel 01/0 : 8[9000] -> 15[f5000] via P2P/IPC comm 0x564ab41f4f90 nRanks 16
vcjob-2108113716403535873-abc12335-78022-worker-1:200:317 [2] NCCL INFO Channel 31/0 : 10[55000] -> 8[9000] via P2P/IPC comm 0x55c31d1a2f90 nRanks 16
vcjob-2108113716403535873-abc12335-78022-worker-1:198:319 [0] NCCL INFO Channel 02/0 : 8[9000] -> 15[f5000] via P2P/IPC comm 0x564ab41f4f90 nRanks 16
vcjob-2108113716403535873-abc12335-78022-worker-1:198:319 [0] NCCL INFO Channel 03/0 : 8[9000] -> 15[f5000] via P2P/IPC comm 0x564ab41f4f90 nRanks 16
vcjob-2108113716403535873-abc12335-78022-worker-1:198:319 [0] NCCL INFO Channel 04/0 : 8[9000] -> 15[f5000] via P2P/IPC comm 0x564ab41f4f90 nRanks 16
vcjob-2108113716403535873-abc12335-78022-worker-1:198:319 [0] NCCL INFO Channel 05/0 : 8[9000] -> 15[f5000] via P2P/IPC comm 0x564ab41f4f90 nRanks 16
vcjob-2108113716403535873-abc12335-78022-worker-1:201:318 [3] NCCL INFO Channel 02/0 : 11[77000] -> 9[36000] via P2P/IPC comm 0x555e3dbb9f50 nRanks 16
vcjob-2108113716403535873-abc12335-78022-worker-1:198:319 [0] NCCL INFO Channel 06/0 : 8[9000] -> 15[f5000] via P2P/IPC comm 0x564ab41f4f90 nRanks 16
vcjob-2108113716403535873-abc12335-78022-worker-1:201:318 [3] NCCL INFO Channel 03/0 : 11[77000] -> 9[36000] via P2P/IPC comm 0x555e3dbb9f50 nRanks 16
vcjob-2108113716403535873-abc12335-78022-worker-1:198:319 [0] NCCL INFO Channel 07/0 : 8[9000] -> 15[f5000] via P2P/IPC comm 0x564ab41f4f90 nRanks 16
vcjob-2108113716403535873-abc12335-78022-worker-1:201:318 [3] NCCL INFO Channel 04/0 : 11[77000] -> 9[36000] via P2P/IPC comm 0x555e3dbb9f50 nRanks 16
vcjob-2108113716403535873-abc12335-78022-worker-1:201:318 [3] NCCL INFO Channel 06/0 : 11[77000] -> 9[36000] via P2P/IPC comm 0x555e3dbb9f50 nRanks 16
vcjob-2108113716403535873-abc12335-78022-worker-1:201:318 [3] NCCL INFO Channel 07/0 : 11[77000] -> 9[36000] via P2P/IPC comm 0x555e3dbb9f50 nRanks 16
vcjob-2108113716403535873-abc12335-78022-worker-1:198:319 [0] NCCL INFO Channel 08/0 : 8[9000] -> 15[f5000] via P2P/IPC comm 0x564ab41f4f90 nRanks 16
vcjob-2108113716403535873-abc12335-78022-worker-1:201:318 [3] NCCL INFO Channel 08/0 : 11[77000] -> 9[36000] via P2P/IPC comm 0x555e3dbb9f50 nRanks 16
vcjob-2108113716403535873-abc12335-78022-worker-1:198:319 [0] NCCL INFO Channel 09/0 : 8[9000] -> 15[f5000] via P2P/IPC comm 0x564ab41f4f90 nRanks 16
vcjob-2108113716403535873-abc12335-78022-worker-1:201:318 [3] NCCL INFO Channel 10/0 : 11[77000] -> 9[36000] via P2P/IPC comm 0x555e3dbb9f50 nRanks 16
vcjob-2108113716403535873-abc12335-78022-worker-1:198:319 [0] NCCL INFO Channel 10/0 : 8[9000] -> 15[f5000] via P2P/IPC comm 0x564ab41f4f90 nRanks 16
vcjob-2108113716403535873-abc12335-78022-worker-1:201:318 [3] NCCL INFO Channel 11/0 : 11[77000] -> 9[36000] via P2P/IPC comm 0x555e3dbb9f50 nRanks 16
vcjob-2108113716403535873-abc12335-78022-worker-1:198:319 [0] NCCL INFO Channel 11/0 : 8[9000] -> 15[f5000] via P2P/IPC comm 0x564ab41f4f90 nRanks 16
vcjob-2108113716403535873-abc12335-78022-worker-1:201:318 [3] NCCL INFO Channel 12/0 : 11[77000] -> 9[36000] via P2P/IPC comm 0x555e3dbb9f50 nRanks 16
vcjob-2108113716403535873-abc12335-78022-worker-1:198:319 [0] NCCL INFO Channel 12/0 : 8[9000] -> 15[f5000] via P2P/IPC comm 0x564ab41f4f90 nRanks 16
vcjob-2108113716403535873-abc12335-78022-worker-1:201:318 [3] NCCL INFO Channel 14/0 : 11[77000] -> 9[36000] via P2P/IPC comm 0x555e3dbb9f50 nRanks 16
vcjob-2108113716403535873-abc12335-78022-worker-1:198:319 [0] NCCL INFO Channel 13/0 : 8[9000] -> 15[f5000] via P2P/IPC comm 0x564ab41f4f90 nRanks 16
vcjob-2108113716403535873-abc12335-78022-worker-1:201:318 [3] NCCL INFO Channel 15/0 : 11[77000] -> 9[36000] via P2P/IPC comm 0x555e3dbb9f50 nRanks 16
vcjob-2108113716403535873-abc12335-78022-worker-1:198:319 [0] NCCL INFO Channel 14/0 : 8[9000] -> 15[f5000] via P2P/IPC comm 0x564ab41f4f90 nRanks 16
vcjob-2108113716403535873-abc12335-78022-worker-1:201:318 [3] NCCL INFO Channel 16/0 : 11[77000] -> 9[36000] via P2P/IPC comm 0x555e3dbb9f50 nRanks 16
vcjob-2108113716403535873-abc12335-78022-worker-1:201:318 [3] NCCL INFO Channel 18/0 : 11[77000] -> 9[36000] via P2P/IPC comm 0x555e3dbb9f50 nRanks 16
vcjob-2108113716403535873-abc12335-78022-worker-1:198:319 [0] NCCL INFO Channel 15/0 : 8[9000] -> 15[f5000] via P2P/IPC comm 0x564ab41f4f90 nRanks 16
vcjob-2108113716403535873-abc12335-78022-worker-1:201:318 [3] NCCL INFO Channel 19/0 : 11[77000] -> 9[36000] via P2P/IPC comm 0x555e3dbb9f50 nRanks 16
vcjob-2108113716403535873-abc12335-78022-worker-1:198:319 [0] NCCL INFO Channel 16/0 : 8[9000] -> 15[f5000] via P2P/IPC comm 0x564ab41f4f90 nRanks 16
vcjob-2108113716403535873-abc12335-78022-worker-1:201:318 [3] NCCL INFO Channel 20/0 : 11[77000] -> 9[36000] via P2P/IPC comm 0x555e3dbb9f50 nRanks 16
vcjob-2108113716403535873-abc12335-78022-worker-1:198:319 [0] NCCL INFO Channel 17/0 : 8[9000] -> 15[f5000] via P2P/IPC comm 0x564ab41f4f90 nRanks 16
vcjob-2108113716403535873-abc12335-78022-worker-1:201:318 [3] NCCL INFO Channel 22/0 : 11[77000] -> 9[36000] via P2P/IPC comm 0x555e3dbb9f50 nRanks 16
vcjob-2108113716403535873-abc12335-78022-worker-1:198:319 [0] NCCL INFO Channel 18/0 : 8[9000] -> 15[f5000] via P2P/IPC comm 0x564ab41f4f90 nRanks 16
vcjob-2108113716403535873-abc12335-78022-worker-1:201:318 [3] NCCL INFO Channel 23/0 : 11[77000] -> 9[36000] via P2P/IPC comm 0x555e3dbb9f50 nRanks 16
vcjob-2108113716403535873-abc12335-78022-worker-1:198:319 [0] NCCL INFO Channel 19/0 : 8[9000] -> 15[f5000] via P2P/IPC comm 0x564ab41f4f90 nRanks 16
vcjob-2108113716403535873-abc12335-78022-worker-1:201:318 [3] NCCL INFO Channel 24/0 : 11[77000] -> 9[36000] via P2P/IPC comm 0x555e3dbb9f50 nRanks 16
vcjob-2108113716403535873-abc12335-78022-worker-1:198:319 [0] NCCL INFO Channel 20/0 : 8[9000] -> 15[f5000] via P2P/IPC comm 0x564ab41f4f90 nRanks 16
vcjob-2108113716403535873-abc12335-78022-worker-1:201:318 [3] NCCL INFO Channel 26/0 : 11[77000] -> 9[36000] via P2P/IPC comm 0x555e3dbb9f50 nRanks 16
vcjob-2108113716403535873-abc12335-78022-worker-1:198:319 [0] NCCL INFO Channel 21/0 : 8[9000] -> 15[f5000] via P2P/IPC comm 0x564ab41f4f90 nRanks 16
vcjob-2108113716403535873-abc12335-78022-worker-1:201:318 [3] NCCL INFO Channel 27/0 : 11[77000] -> 9[36000] via P2P/IPC comm 0x555e3dbb9f50 nRanks 16
vcjob-2108113716403535873-abc12335-78022-worker-1:198:319 [0] NCCL INFO Channel 22/0 : 8[9000] -> 15[f5000] via P2P/IPC comm 0x564ab41f4f90 nRanks 16
vcjob-2108113716403535873-abc12335-78022-worker-1:201:318 [3] NCCL INFO Channel 28/0 : 11[77000] -> 9[36000] via P2P/IPC comm 0x555e3dbb9f50 nRanks 16
vcjob-2108113716403535873-abc12335-78022-worker-1:198:319 [0] NCCL INFO Channel 23/0 : 8[9000] -> 15[f5000] via P2P/IPC comm 0x564ab41f4f90 nRanks 16
vcjob-2108113716403535873-abc12335-78022-worker-1:201:318 [3] NCCL INFO Channel 30/0 : 11[77000] -> 9[36000] via P2P/IPC comm 0x555e3dbb9f50 nRanks 16
vcjob-2108113716403535873-abc12335-78022-worker-1:198:319 [0] NCCL INFO Channel 24/0 : 8[9000] -> 15[f5000] via P2P/IPC comm 0x564ab41f4f90 nRanks 16
vcjob-2108113716403535873-abc12335-78022-worker-1:201:318 [3] NCCL INFO Channel 31/0 : 11[77000] -> 9[36000] via P2P/IPC comm 0x555e3dbb9f50 nRanks 16
vcjob-2108113716403535873-abc12335-78022-worker-1:198:319 [0] NCCL INFO Channel 25/0 : 8[9000] -> 15[f5000] via P2P/IPC comm 0x564ab41f4f90 nRanks 16
vcjob-2108113716403535873-abc12335-78022-worker-1:198:319 [0] NCCL INFO Channel 26/0 : 8[9000] -> 15[f5000] via P2P/IPC comm 0x564ab41f4f90 nRanks 16
vcjob-2108113716403535873-abc12335-78022-worker-1:198:319 [0] NCCL INFO Channel 27/0 : 8[9000] -> 15[f5000] via P2P/IPC comm 0x564ab41f4f90 nRanks 16
vcjob-2108113716403535873-abc12335-78022-worker-1:202:336 [4] NCCL INFO Channel 00/0 : 12[85000] -> 11[77000] via P2P/IPC comm 0x55baddd07ef0 nRanks 16
vcjob-2108113716403535873-abc12335-78022-worker-1:198:319 [0] NCCL INFO Channel 28/0 : 8[9000] -> 15[f5000] via P2P/IPC comm 0x564ab41f4f90 nRanks 16
vcjob-2108113716403535873-abc12335-78022-worker-1:202:336 [4] NCCL INFO Channel 01/0 : 12[85000] -> 11[77000] via P2P/IPC comm 0x55baddd07ef0 nRanks 16
vcjob-2108113716403535873-abc12335-78022-worker-1:198:319 [0] NCCL INFO Channel 29/0 : 8[9000] -> 15[f5000] via P2P/IPC comm 0x564ab41f4f90 nRanks 16
vcjob-2108113716403535873-abc12335-78022-worker-1:202:336 [4] NCCL INFO Channel 02/0 : 12[85000] -> 11[77000] via P2P/IPC comm 0x55baddd07ef0 nRanks 16
vcjob-2108113716403535873-abc12335-78022-worker-1:198:319 [0] NCCL INFO Channel 30/0 : 8[9000] -> 15[f5000] via P2P/IPC comm 0x564ab41f4f90 nRanks 16
vcjob-2108113716403535873-abc12335-78022-worker-1:202:336 [4] NCCL INFO Channel 03/0 : 12[85000] -> 11[77000] via P2P/IPC comm 0x55baddd07ef0 nRanks 16
vcjob-2108113716403535873-abc12335-78022-worker-1:198:319 [0] NCCL INFO Channel 31/0 : 8[9000] -> 15[f5000] via P2P/IPC comm 0x564ab41f4f90 nRanks 16
vcjob-2108113716403535873-abc12335-78022-worker-1:202:336 [4] NCCL INFO Channel 04/0 : 12[85000] -> 11[77000] via P2P/IPC comm 0x55baddd07ef0 nRanks 16
vcjob-2108113716403535873-abc12335-78022-worker-1:202:336 [4] NCCL INFO Channel 05/0 : 12[85000] -> 11[77000] via P2P/IPC comm 0x55baddd07ef0 nRanks 16
vcjob-2108113716403535873-abc12335-78022-worker-1:202:336 [4] NCCL INFO Channel 06/0 : 12[85000] -> 11[77000] via P2P/IPC comm 0x55baddd07ef0 nRanks 16
vcjob-2108113716403535873-abc12335-78022-worker-1:202:336 [4] NCCL INFO Channel 07/0 : 12[85000] -> 11[77000] via P2P/IPC comm 0x55baddd07ef0 nRanks 16
vcjob-2108113716403535873-abc12335-78022-worker-1:205:297 [7] NCCL INFO Channel 00/0 : 15[f5000] -> 13[b5000] via P2P/IPC comm 0x556bc0712e40 nRanks 16
vcjob-2108113716403535873-abc12335-78022-worker-1:202:336 [4] NCCL INFO Channel 08/0 : 12[85000] -> 11[77000] via P2P/IPC comm 0x55baddd07ef0 nRanks 16
vcjob-2108113716403535873-abc12335-78022-worker-1:205:297 [7] NCCL INFO Channel 01/0 : 15[f5000] -> 13[b5000] via P2P/IPC comm 0x556bc0712e40 nRanks 16
vcjob-2108113716403535873-abc12335-78022-worker-1:202:336 [4] NCCL INFO Channel 09/0 : 12[85000] -> 11[77000] via P2P/IPC comm 0x55baddd07ef0 nRanks 16
vcjob-2108113716403535873-abc12335-78022-worker-1:204:345 [6] NCCL INFO NCCL_IB_QPS_PER_CONNECTION set by environment to 8.
vcjob-2108113716403535873-abc12335-78022-worker-1:205:297 [7] NCCL INFO Channel 02/0 : 15[f5000] -> 13[b5000] via P2P/IPC comm 0x556bc0712e40 nRanks 16
vcjob-2108113716403535873-abc12335-78022-worker-1:202:336 [4] NCCL INFO Channel 10/0 : 12[85000] -> 11[77000] via P2P/IPC comm 0x55baddd07ef0 nRanks 16
vcjob-2108113716403535873-abc12335-78022-worker-1:205:297 [7] NCCL INFO Channel 04/0 : 15[f5000] -> 13[b5000] via P2P/IPC comm 0x556bc0712e40 nRanks 16
vcjob-2108113716403535873-abc12335-78022-worker-1:202:336 [4] NCCL INFO Channel 11/0 : 12[85000] -> 11[77000] via P2P/IPC comm 0x55baddd07ef0 nRanks 16
vcjob-2108113716403535873-abc12335-78022-worker-1:205:297 [7] NCCL INFO Channel 05/0 : 15[f5000] -> 13[b5000] via P2P/IPC comm 0x556bc0712e40 nRanks 16
vcjob-2108113716403535873-abc12335-78022-worker-1:202:336 [4] NCCL INFO Channel 12/0 : 12[85000] -> 11[77000] via P2P/IPC comm 0x55baddd07ef0 nRanks 16
vcjob-2108113716403535873-abc12335-78022-worker-1:205:297 [7] NCCL INFO Channel 06/0 : 15[f5000] -> 13[b5000] via P2P/IPC comm 0x556bc0712e40 nRanks 16
vcjob-2108113716403535873-abc12335-78022-worker-1:202:336 [4] NCCL INFO Channel 13/0 : 12[85000] -> 11[77000] via P2P/IPC comm 0x55baddd07ef0 nRanks 16
vcjob-2108113716403535873-abc12335-78022-worker-1:205:297 [7] NCCL INFO Channel 08/0 : 15[f5000] -> 13[b5000] via P2P/IPC comm 0x556bc0712e40 nRanks 16
vcjob-2108113716403535873-abc12335-78022-worker-1:202:336 [4] NCCL INFO Channel 14/0 : 12[85000] -> 11[77000] via P2P/IPC comm 0x55baddd07ef0 nRanks 16
vcjob-2108113716403535873-abc12335-78022-worker-1:205:297 [7] NCCL INFO Channel 09/0 : 15[f5000] -> 13[b5000] via P2P/IPC comm 0x556bc0712e40 nRanks 16
vcjob-2108113716403535873-abc12335-78022-worker-1:202:336 [4] NCCL INFO Channel 15/0 : 12[85000] -> 11[77000] via P2P/IPC comm 0x55baddd07ef0 nRanks 16
vcjob-2108113716403535873-abc12335-78022-worker-1:205:297 [7] NCCL INFO Channel 10/0 : 15[f5000] -> 13[b5000] via P2P/IPC comm 0x556bc0712e40 nRanks 16
vcjob-2108113716403535873-abc12335-78022-worker-1:202:336 [4] NCCL INFO Channel 16/0 : 12[85000] -> 11[77000] via P2P/IPC comm 0x55baddd07ef0 nRanks 16
vcjob-2108113716403535873-abc12335-78022-worker-1:205:297 [7] NCCL INFO Channel 12/0 : 15[f5000] -> 13[b5000] via P2P/IPC comm 0x556bc0712e40 nRanks 16
vcjob-2108113716403535873-abc12335-78022-worker-1:202:336 [4] NCCL INFO Channel 17/0 : 12[85000] -> 11[77000] via P2P/IPC comm 0x55baddd07ef0 nRanks 16
vcjob-2108113716403535873-abc12335-78022-worker-1:205:297 [7] NCCL INFO Channel 13/0 : 15[f5000] -> 13[b5000] via P2P/IPC comm 0x556bc0712e40 nRanks 16
vcjob-2108113716403535873-abc12335-78022-worker-1:202:336 [4] NCCL INFO Channel 18/0 : 12[85000] -> 11[77000] via P2P/IPC comm 0x55baddd07ef0 nRanks 16
vcjob-2108113716403535873-abc12335-78022-worker-1:205:297 [7] NCCL INFO Channel 14/0 : 15[f5000] -> 13[b5000] via P2P/IPC comm 0x556bc0712e40 nRanks 16
vcjob-2108113716403535873-abc12335-78022-worker-1:202:336 [4] NCCL INFO Channel 19/0 : 12[85000] -> 11[77000] via P2P/IPC comm 0x55baddd07ef0 nRanks 16
vcjob-2108113716403535873-abc12335-78022-worker-1:205:297 [7] NCCL INFO Channel 16/0 : 15[f5000] -> 13[b5000] via P2P/IPC comm 0x556bc0712e40 nRanks 16
vcjob-2108113716403535873-abc12335-78022-worker-1:202:336 [4] NCCL INFO Channel 20/0 : 12[85000] -> 11[77000] via P2P/IPC comm 0x55baddd07ef0 nRanks 16
vcjob-2108113716403535873-abc12335-78022-worker-1:205:297 [7] NCCL INFO Channel 17/0 : 15[f5000] -> 13[b5000] via P2P/IPC comm 0x556bc0712e40 nRanks 16
vcjob-2108113716403535873-abc12335-78022-worker-1:202:336 [4] NCCL INFO Channel 21/0 : 12[85000] -> 11[77000] via P2P/IPC comm 0x55baddd07ef0 nRanks 16
vcjob-2108113716403535873-abc12335-78022-worker-1:205:297 [7] NCCL INFO Channel 18/0 : 15[f5000] -> 13[b5000] via P2P/IPC comm 0x556bc0712e40 nRanks 16
vcjob-2108113716403535873-abc12335-78022-worker-1:202:336 [4] NCCL INFO Channel 22/0 : 12[85000] -> 11[77000] via P2P/IPC comm 0x55baddd07ef0 nRanks 16
vcjob-2108113716403535873-abc12335-78022-worker-1:205:297 [7] NCCL INFO Channel 20/0 : 15[f5000] -> 13[b5000] via P2P/IPC comm 0x556bc0712e40 nRanks 16
vcjob-2108113716403535873-abc12335-78022-worker-1:202:336 [4] NCCL INFO Channel 23/0 : 12[85000] -> 11[77000] via P2P/IPC comm 0x55baddd07ef0 nRanks 16
vcjob-2108113716403535873-abc12335-78022-worker-1:205:297 [7] NCCL INFO Channel 21/0 : 15[f5000] -> 13[b5000] via P2P/IPC comm 0x556bc0712e40 nRanks 16
vcjob-2108113716403535873-abc12335-78022-worker-1:202:336 [4] NCCL INFO Channel 24/0 : 12[85000] -> 11[77000] via P2P/IPC comm 0x55baddd07ef0 nRanks 16
vcjob-2108113716403535873-abc12335-78022-worker-1:205:297 [7] NCCL INFO Channel 22/0 : 15[f5000] -> 13[b5000] via P2P/IPC comm 0x556bc0712e40 nRanks 16
vcjob-2108113716403535873-abc12335-78022-worker-1:202:336 [4] NCCL INFO Channel 25/0 : 12[85000] -> 11[77000] via P2P/IPC comm 0x55baddd07ef0 nRanks 16
vcjob-2108113716403535873-abc12335-78022-worker-1:205:297 [7] NCCL INFO Channel 24/0 : 15[f5000] -> 13[b5000] via P2P/IPC comm 0x556bc0712e40 nRanks 16
vcjob-2108113716403535873-abc12335-78022-worker-1:202:336 [4] NCCL INFO Channel 26/0 : 12[85000] -> 11[77000] via P2P/IPC comm 0x55baddd07ef0 nRanks 16
vcjob-2108113716403535873-abc12335-78022-worker-1:205:297 [7] NCCL INFO Channel 25/0 : 15[f5000] -> 13[b5000] via P2P/IPC comm 0x556bc0712e40 nRanks 16
vcjob-2108113716403535873-abc12335-78022-worker-1:202:336 [4] NCCL INFO Channel 27/0 : 12[85000] -> 11[77000] via P2P/IPC comm 0x55baddd07ef0 nRanks 16
vcjob-2108113716403535873-abc12335-78022-worker-1:205:297 [7] NCCL INFO Channel 26/0 : 15[f5000] -> 13[b5000] via P2P/IPC comm 0x556bc0712e40 nRanks 16
vcjob-2108113716403535873-abc12335-78022-worker-1:202:336 [4] NCCL INFO Channel 28/0 : 12[85000] -> 11[77000] via P2P/IPC comm 0x55baddd07ef0 nRanks 16
vcjob-2108113716403535873-abc12335-78022-worker-1:205:297 [7] NCCL INFO Channel 28/0 : 15[f5000] -> 13[b5000] via P2P/IPC comm 0x556bc0712e40 nRanks 16
vcjob-2108113716403535873-abc12335-78022-worker-1:199:343 [1] NCCL INFO NCCL_IB_QPS_PER_CONNECTION set by environment to 8.
vcjob-2108113716403535873-abc12335-78022-worker-1:202:336 [4] NCCL INFO Channel 29/0 : 12[85000] -> 11[77000] via P2P/IPC comm 0x55baddd07ef0 nRanks 16
vcjob-2108113716403535873-abc12335-78022-worker-1:205:297 [7] NCCL INFO Channel 29/0 : 15[f5000] -> 13[b5000] via P2P/IPC comm 0x556bc0712e40 nRanks 16
vcjob-2108113716403535873-abc12335-78022-worker-1:199:343 [1] NCCL INFO NCCL_IB_TIMEOUT set by environment to 22.
vcjob-2108113716403535873-abc12335-78022-worker-1:202:336 [4] NCCL INFO Channel 30/0 : 12[85000] -> 11[77000] via P2P/IPC comm 0x55baddd07ef0 nRanks 16
vcjob-2108113716403535873-abc12335-78022-worker-1:205:297 [7] NCCL INFO Channel 30/0 : 15[f5000] -> 13[b5000] via P2P/IPC comm 0x556bc0712e40 nRanks 16
vcjob-2108113716403535873-abc12335-78022-worker-1:202:336 [4] NCCL INFO Channel 31/0 : 12[85000] -> 11[77000] via P2P/IPC comm 0x55baddd07ef0 nRanks 16
vcjob-2108113716403535873-abc12335-78022-worker-1:205:342 [7] NCCL INFO NCCL_IB_QPS_PER_CONNECTION set by environment to 8.
vcjob-2108113716403535873-abc12335-78022-worker-1:202:352 [4] NCCL INFO NCCL_IB_QPS_PER_CONNECTION set by environment to 8.
vcjob-2108113716403535873-abc12335-78022-worker-1:201:356 [3] NCCL INFO NCCL_IB_QPS_PER_CONNECTION set by environment to 8.
vcjob-2108113716403535873-abc12335-78022-worker-1:204:345 [6] NCCL INFO NCCL_IB_TIMEOUT set by environment to 22.
vcjob-2108113716403535873-abc12335-78022-worker-1:202:352 [4] NCCL INFO NCCL_IB_TIMEOUT set by environment to 22.
vcjob-2108113716403535873-abc12335-78022-worker-1:198:344 [0] NCCL INFO NCCL_IB_QPS_PER_CONNECTION set by environment to 8.
vcjob-2108113716403535873-abc12335-78022-worker-1:198:344 [0] NCCL INFO NCCL_IB_TIMEOUT set by environment to 22.
vcjob-2108113716403535873-abc12335-78022-worker-1:200:347 [2] NCCL INFO NCCL_IB_QPS_PER_CONNECTION set by environment to 8.
vcjob-2108113716403535873-abc12335-78022-worker-1:201:356 [3] NCCL INFO NCCL_IB_TIMEOUT set by environment to 22.
vcjob-2108113716403535873-abc12335-78022-worker-1:205:342 [7] NCCL INFO NCCL_IB_TIMEOUT set by environment to 22.
vcjob-2108113716403535873-abc12335-78022-worker-1:203:348 [5] NCCL INFO NCCL_IB_QPS_PER_CONNECTION set by environment to 8.
vcjob-2108113716403535873-abc12335-78022-worker-1:203:348 [5] NCCL INFO NCCL_IB_TIMEOUT set by environment to 22.
vcjob-2108113716403535873-abc12335-78022-worker-1:200:347 [2] NCCL INFO NCCL_IB_TIMEOUT set by environment to 22.
vcjob-2108113716403535873-abc12335-78022-worker-1:204:320 [6] NCCL INFO Connected all rings
vcjob-2108113716403535873-abc12335-78022-worker-1:199:299 [1] NCCL INFO Connected all rings
vcjob-2108113716403535873-abc12335-78022-worker-1:199:299 [1] NCCL INFO Channel 00/0 : 9[36000] -> 11[77000] via P2P/IPC comm 0x559816c5af00 nRanks 16
vcjob-2108113716403535873-abc12335-78022-worker-1:203:298 [5] NCCL INFO Connected all rings
vcjob-2108113716403535873-abc12335-78022-worker-1:198:319 [0] NCCL INFO Connected all rings
vcjob-2108113716403535873-abc12335-78022-worker-1:205:297 [7] NCCL INFO Connected all rings
vcjob-2108113716403535873-abc12335-78022-worker-1:200:317 [2] NCCL INFO Connected all rings
vcjob-2108113716403535873-abc12335-78022-worker-1:202:336 [4] NCCL INFO Connected all rings
vcjob-2108113716403535873-abc12335-78022-worker-1:201:318 [3] NCCL INFO Connected all rings
vcjob-2108113716403535873-abc12335-78022-worker-1:203:298 [5] NCCL INFO Channel 00/0 : 13[b5000] -> 15[f5000] via P2P/IPC comm 0x558b9127bf30 nRanks 16
vcjob-2108113716403535873-abc12335-78022-worker-1:198:319 [0] NCCL INFO Channel 00/0 : 8[9000] -> 10[55000] via P2P/IPC comm 0x564ab41f4f90 nRanks 16
vcjob-2108113716403535873-abc12335-78022-worker-1:201:318 [3] NCCL INFO Channel 00/0 : 11[77000] -> 12[85000] via P2P/IPC comm 0x555e3dbb9f50 nRanks 16
vcjob-2108113716403535873-abc12335-78022-worker-1:203:298 [5] NCCL INFO Channel 01/0 : 13[b5000] -> 15[f5000] via P2P/IPC comm 0x558b9127bf30 nRanks 16
vcjob-2108113716403535873-abc12335-78022-worker-1:201:318 [3] NCCL INFO Channel 01/0 : 11[77000] -> 12[85000] via P2P/IPC comm 0x555e3dbb9f50 nRanks 16
vcjob-2108113716403535873-abc12335-78022-worker-1:198:319 [0] NCCL INFO Channel 01/0 : 8[9000] -> 10[55000] via P2P/IPC comm 0x564ab41f4f90 nRanks 16
vcjob-2108113716403535873-abc12335-78022-worker-1:199:299 [1] NCCL INFO Channel 01/0 : 9[36000] -> 11[77000] via P2P/IPC comm 0x559816c5af00 nRanks 16
vcjob-2108113716403535873-abc12335-78022-worker-1:203:298 [5] NCCL INFO Channel 02/0 : 13[b5000] -> 15[f5000] via P2P/IPC comm 0x558b9127bf30 nRanks 16
vcjob-2108113716403535873-abc12335-78022-worker-1:201:318 [3] NCCL INFO Channel 03/0 : 11[77000] -> 12[85000] via P2P/IPC comm 0x555e3dbb9f50 nRanks 16
vcjob-2108113716403535873-abc12335-78022-worker-1:198:319 [0] NCCL INFO Channel 02/0 : 8[9000] -> 10[55000] via P2P/IPC comm 0x564ab41f4f90 nRanks 16
vcjob-2108113716403535873-abc12335-78022-worker-1:199:299 [1] NCCL INFO Channel 02/0 : 9[36000] -> 11[77000] via P2P/IPC comm 0x559816c5af00 nRanks 16
vcjob-2108113716403535873-abc12335-78022-worker-1:203:298 [5] NCCL INFO Channel 03/0 : 13[b5000] -> 15[f5000] via P2P/IPC comm 0x558b9127bf30 nRanks 16
vcjob-2108113716403535873-abc12335-78022-worker-1:201:318 [3] NCCL INFO Channel 04/0 : 11[77000] -> 12[85000] via P2P/IPC comm 0x555e3dbb9f50 nRanks 16
vcjob-2108113716403535873-abc12335-78022-worker-1:198:319 [0] NCCL INFO Channel 03/0 : 8[9000] -> 10[55000] via P2P/IPC comm 0x564ab41f4f90 nRanks 16
vcjob-2108113716403535873-abc12335-78022-worker-1:199:299 [1] NCCL INFO Channel 03/0 : 9[36000] -> 11[77000] via P2P/IPC comm 0x559816c5af00 nRanks 16
vcjob-2108113716403535873-abc12335-78022-worker-1:203:298 [5] NCCL INFO Channel 04/0 : 13[b5000] -> 15[f5000] via P2P/IPC comm 0x558b9127bf30 nRanks 16
vcjob-2108113716403535873-abc12335-78022-worker-1:201:318 [3] NCCL INFO Channel 05/0 : 11[77000] -> 12[85000] via P2P/IPC comm 0x555e3dbb9f50 nRanks 16
vcjob-2108113716403535873-abc12335-78022-worker-1:198:319 [0] NCCL INFO Channel 04/0 : 8[9000] -> 10[55000] via P2P/IPC comm 0x564ab41f4f90 nRanks 16
vcjob-2108113716403535873-abc12335-78022-worker-1:199:299 [1] NCCL INFO Channel 04/0 : 9[36000] -> 11[77000] via P2P/IPC comm 0x559816c5af00 nRanks 16
vcjob-2108113716403535873-abc12335-78022-worker-1:203:298 [5] NCCL INFO Channel 05/0 : 13[b5000] -> 15[f5000] via P2P/IPC comm 0x558b9127bf30 nRanks 16
vcjob-2108113716403535873-abc12335-78022-worker-1:201:318 [3] NCCL INFO Channel 07/0 : 11[77000] -> 12[85000] via P2P/IPC comm 0x555e3dbb9f50 nRanks 16
vcjob-2108113716403535873-abc12335-78022-worker-1:198:319 [0] NCCL INFO Channel 05/0 : 8[9000] -> 10[55000] via P2P/IPC comm 0x564ab41f4f90 nRanks 16
vcjob-2108113716403535873-abc12335-78022-worker-1:199:299 [1] NCCL INFO Channel 05/0 : 9[36000] -> 11[77000] via P2P/IPC comm 0x559816c5af00 nRanks 16
vcjob-2108113716403535873-abc12335-78022-worker-1:203:298 [5] NCCL INFO Channel 06/0 : 13[b5000] -> 15[f5000] via P2P/IPC comm 0x558b9127bf30 nRanks 16
vcjob-2108113716403535873-abc12335-78022-worker-1:201:318 [3] NCCL INFO Channel 08/0 : 11[77000] -> 12[85000] via P2P/IPC comm 0x555e3dbb9f50 nRanks 16
vcjob-2108113716403535873-abc12335-78022-worker-1:198:319 [0] NCCL INFO Channel 06/0 : 8[9000] -> 10[55000] via P2P/IPC comm 0x564ab41f4f90 nRanks 16
vcjob-2108113716403535873-abc12335-78022-worker-1:199:299 [1] NCCL INFO Channel 06/0 : 9[36000] -> 11[77000] via P2P/IPC comm 0x559816c5af00 nRanks 16
vcjob-2108113716403535873-abc12335-78022-worker-1:203:298 [5] NCCL INFO Channel 07/0 : 13[b5000] -> 15[f5000] via P2P/IPC comm 0x558b9127bf30 nRanks 16
vcjob-2108113716403535873-abc12335-78022-worker-1:201:318 [3] NCCL INFO Channel 09/0 : 11[77000] -> 12[85000] via P2P/IPC comm 0x555e3dbb9f50 nRanks 16
vcjob-2108113716403535873-abc12335-78022-worker-1:198:319 [0] NCCL INFO Channel 07/0 : 8[9000] -> 10[55000] via P2P/IPC comm 0x564ab41f4f90 nRanks 16
vcjob-2108113716403535873-abc12335-78022-worker-1:199:299 [1] NCCL INFO Channel 07/0 : 9[36000] -> 11[77000] via P2P/IPC comm 0x559816c5af00 nRanks 16
vcjob-2108113716403535873-abc12335-78022-worker-1:203:298 [5] NCCL INFO Channel 08/0 : 13[b5000] -> 15[f5000] via P2P/IPC comm 0x558b9127bf30 nRanks 16
vcjob-2108113716403535873-abc12335-78022-worker-1:201:318 [3] NCCL INFO Channel 11/0 : 11[77000] -> 12[85000] via P2P/IPC comm 0x555e3dbb9f50 nRanks 16
vcjob-2108113716403535873-abc12335-78022-worker-1:198:319 [0] NCCL INFO Channel 08/0 : 8[9000] -> 10[55000] via P2P/IPC comm 0x564ab41f4f90 nRanks 16
vcjob-2108113716403535873-abc12335-78022-worker-1:199:299 [1] NCCL INFO Channel 08/0 : 9[36000] -> 11[77000] via P2P/IPC comm 0x559816c5af00 nRanks 16
vcjob-2108113716403535873-abc12335-78022-worker-1:203:298 [5] NCCL INFO Channel 09/0 : 13[b5000] -> 15[f5000] via P2P/IPC comm 0x558b9127bf30 nRanks 16
vcjob-2108113716403535873-abc12335-78022-worker-1:201:318 [3] NCCL INFO Channel 12/0 : 11[77000] -> 12[85000] via P2P/IPC comm 0x555e3dbb9f50 nRanks 16
vcjob-2108113716403535873-abc12335-78022-worker-1:198:319 [0] NCCL INFO Channel 09/0 : 8[9000] -> 10[55000] via P2P/IPC comm 0x564ab41f4f90 nRanks 16
vcjob-2108113716403535873-abc12335-78022-worker-1:199:299 [1] NCCL INFO Channel 09/0 : 9[36000] -> 11[77000] via P2P/IPC comm 0x559816c5af00 nRanks 16
vcjob-2108113716403535873-abc12335-78022-worker-1:201:318 [3] NCCL INFO Channel 13/0 : 11[77000] -> 12[85000] via P2P/IPC comm 0x555e3dbb9f50 nRanks 16
vcjob-2108113716403535873-abc12335-78022-worker-1:203:298 [5] NCCL INFO Channel 10/0 : 13[b5000] -> 15[f5000] via P2P/IPC comm 0x558b9127bf30 nRanks 16
vcjob-2108113716403535873-abc12335-78022-worker-1:198:319 [0] NCCL INFO Channel 10/0 : 8[9000] -> 10[55000] via P2P/IPC comm 0x564ab41f4f90 nRanks 16
vcjob-2108113716403535873-abc12335-78022-worker-1:199:299 [1] NCCL INFO Channel 10/0 : 9[36000] -> 11[77000] via P2P/IPC comm 0x559816c5af00 nRanks 16
vcjob-2108113716403535873-abc12335-78022-worker-1:201:318 [3] NCCL INFO Channel 15/0 : 11[77000] -> 12[85000] via P2P/IPC comm 0x555e3dbb9f50 nRanks 16
vcjob-2108113716403535873-abc12335-78022-worker-1:203:298 [5] NCCL INFO Channel 11/0 : 13[b5000] -> 15[f5000] via P2P/IPC comm 0x558b9127bf30 nRanks 16
vcjob-2108113716403535873-abc12335-78022-worker-1:198:319 [0] NCCL INFO Channel 11/0 : 8[9000] -> 10[55000] via P2P/IPC comm 0x564ab41f4f90 nRanks 16
vcjob-2108113716403535873-abc12335-78022-worker-1:201:318 [3] NCCL INFO Channel 16/0 : 11[77000] -> 12[85000] via P2P/IPC comm 0x555e3dbb9f50 nRanks 16
vcjob-2108113716403535873-abc12335-78022-worker-1:199:299 [1] NCCL INFO Channel 11/0 : 9[36000] -> 11[77000] via P2P/IPC comm 0x559816c5af00 nRanks 16
vcjob-2108113716403535873-abc12335-78022-worker-1:203:298 [5] NCCL INFO Channel 12/0 : 13[b5000] -> 15[f5000] via P2P/IPC comm 0x558b9127bf30 nRanks 16
vcjob-2108113716403535873-abc12335-78022-worker-1:198:319 [0] NCCL INFO Channel 12/0 : 8[9000] -> 10[55000] via P2P/IPC comm 0x564ab41f4f90 nRanks 16
vcjob-2108113716403535873-abc12335-78022-worker-1:201:318 [3] NCCL INFO Channel 17/0 : 11[77000] -> 12[85000] via P2P/IPC comm 0x555e3dbb9f50 nRanks 16
vcjob-2108113716403535873-abc12335-78022-worker-1:199:299 [1] NCCL INFO Channel 12/0 : 9[36000] -> 11[77000] via P2P/IPC comm 0x559816c5af00 nRanks 16
vcjob-2108113716403535873-abc12335-78022-worker-1:203:298 [5] NCCL INFO Channel 13/0 : 13[b5000] -> 15[f5000] via P2P/IPC comm 0x558b9127bf30 nRanks 16
vcjob-2108113716403535873-abc12335-78022-worker-1:198:319 [0] NCCL INFO Channel 13/0 : 8[9000] -> 10[55000] via P2P/IPC comm 0x564ab41f4f90 nRanks 16
vcjob-2108113716403535873-abc12335-78022-worker-1:201:318 [3] NCCL INFO Channel 19/0 : 11[77000] -> 12[85000] via P2P/IPC comm 0x555e3dbb9f50 nRanks 16
vcjob-2108113716403535873-abc12335-78022-worker-1:199:299 [1] NCCL INFO Channel 13/0 : 9[36000] -> 11[77000] via P2P/IPC comm 0x559816c5af00 nRanks 16
vcjob-2108113716403535873-abc12335-78022-worker-1:203:298 [5] NCCL INFO Channel 14/0 : 13[b5000] -> 15[f5000] via P2P/IPC comm 0x558b9127bf30 nRanks 16
vcjob-2108113716403535873-abc12335-78022-worker-1:198:319 [0] NCCL INFO Channel 14/0 : 8[9000] -> 10[55000] via P2P/IPC comm 0x564ab41f4f90 nRanks 16
vcjob-2108113716403535873-abc12335-78022-worker-1:201:318 [3] NCCL INFO Channel 20/0 : 11[77000] -> 12[85000] via P2P/IPC comm 0x555e3dbb9f50 nRanks 16
vcjob-2108113716403535873-abc12335-78022-worker-1:199:299 [1] NCCL INFO Channel 14/0 : 9[36000] -> 11[77000] via P2P/IPC comm 0x559816c5af00 nRanks 16
vcjob-2108113716403535873-abc12335-78022-worker-1:203:298 [5] NCCL INFO Channel 15/0 : 13[b5000] -> 15[f5000] via P2P/IPC comm 0x558b9127bf30 nRanks 16
vcjob-2108113716403535873-abc12335-78022-worker-1:201:318 [3] NCCL INFO Channel 21/0 : 11[77000] -> 12[85000] via P2P/IPC comm 0x555e3dbb9f50 nRanks 16
vcjob-2108113716403535873-abc12335-78022-worker-1:198:319 [0] NCCL INFO Channel 15/0 : 8[9000] -> 10[55000] via P2P/IPC comm 0x564ab41f4f90 nRanks 16
vcjob-2108113716403535873-abc12335-78022-worker-1:199:299 [1] NCCL INFO Channel 15/0 : 9[36000] -> 11[77000] via P2P/IPC comm 0x559816c5af00 nRanks 16
vcjob-2108113716403535873-abc12335-78022-worker-1:203:298 [5] NCCL INFO Channel 16/0 : 13[b5000] -> 15[f5000] via P2P/IPC comm 0x558b9127bf30 nRanks 16
vcjob-2108113716403535873-abc12335-78022-worker-1:201:318 [3] NCCL INFO Channel 23/0 : 11[77000] -> 12[85000] via P2P/IPC comm 0x555e3dbb9f50 nRanks 16
vcjob-2108113716403535873-abc12335-78022-worker-1:198:319 [0] NCCL INFO Channel 16/0 : 8[9000] -> 10[55000] via P2P/IPC comm 0x564ab41f4f90 nRanks 16
vcjob-2108113716403535873-abc12335-78022-worker-1:203:298 [5] NCCL INFO Channel 17/0 : 13[b5000] -> 15[f5000] via P2P/IPC comm 0x558b9127bf30 nRanks 16
vcjob-2108113716403535873-abc12335-78022-worker-1:199:299 [1] NCCL INFO Channel 16/0 : 9[36000] -> 11[77000] via P2P/IPC comm 0x559816c5af00 nRanks 16
vcjob-2108113716403535873-abc12335-78022-worker-1:201:318 [3] NCCL INFO Channel 24/0 : 11[77000] -> 12[85000] via P2P/IPC comm 0x555e3dbb9f50 nRanks 16
vcjob-2108113716403535873-abc12335-78022-worker-1:198:319 [0] NCCL INFO Channel 17/0 : 8[9000] -> 10[55000] via P2P/IPC comm 0x564ab41f4f90 nRanks 16
vcjob-2108113716403535873-abc12335-78022-worker-1:203:298 [5] NCCL INFO Channel 18/0 : 13[b5000] -> 15[f5000] via P2P/IPC comm 0x558b9127bf30 nRanks 16
vcjob-2108113716403535873-abc12335-78022-worker-1:199:299 [1] NCCL INFO Channel 17/0 : 9[36000] -> 11[77000] via P2P/IPC comm 0x559816c5af00 nRanks 16
vcjob-2108113716403535873-abc12335-78022-worker-1:201:318 [3] NCCL INFO Channel 25/0 : 11[77000] -> 12[85000] via P2P/IPC comm 0x555e3dbb9f50 nRanks 16
vcjob-2108113716403535873-abc12335-78022-worker-1:198:319 [0] NCCL INFO Channel 18/0 : 8[9000] -> 10[55000] via P2P/IPC comm 0x564ab41f4f90 nRanks 16
vcjob-2108113716403535873-abc12335-78022-worker-1:203:298 [5] NCCL INFO Channel 19/0 : 13[b5000] -> 15[f5000] via P2P/IPC comm 0x558b9127bf30 nRanks 16
vcjob-2108113716403535873-abc12335-78022-worker-1:199:299 [1] NCCL INFO Channel 18/0 : 9[36000] -> 11[77000] via P2P/IPC comm 0x559816c5af00 nRanks 16
vcjob-2108113716403535873-abc12335-78022-worker-1:201:318 [3] NCCL INFO Channel 27/0 : 11[77000] -> 12[85000] via P2P/IPC comm 0x555e3dbb9f50 nRanks 16
vcjob-2108113716403535873-abc12335-78022-worker-1:198:319 [0] NCCL INFO Channel 19/0 : 8[9000] -> 10[55000] via P2P/IPC comm 0x564ab41f4f90 nRanks 16
vcjob-2108113716403535873-abc12335-78022-worker-1:203:298 [5] NCCL INFO Channel 20/0 : 13[b5000] -> 15[f5000] via P2P/IPC comm 0x558b9127bf30 nRanks 16
vcjob-2108113716403535873-abc12335-78022-worker-1:199:299 [1] NCCL INFO Channel 19/0 : 9[36000] -> 11[77000] via P2P/IPC comm 0x559816c5af00 nRanks 16
vcjob-2108113716403535873-abc12335-78022-worker-1:201:318 [3] NCCL INFO Channel 28/0 : 11[77000] -> 12[85000] via P2P/IPC comm 0x555e3dbb9f50 nRanks 16
vcjob-2108113716403535873-abc12335-78022-worker-1:198:319 [0] NCCL INFO Channel 20/0 : 8[9000] -> 10[55000] via P2P/IPC comm 0x564ab41f4f90 nRanks 16
vcjob-2108113716403535873-abc12335-78022-worker-1:203:298 [5] NCCL INFO Channel 21/0 : 13[b5000] -> 15[f5000] via P2P/IPC comm 0x558b9127bf30 nRanks 16
vcjob-2108113716403535873-abc12335-78022-worker-1:201:318 [3] NCCL INFO Channel 29/0 : 11[77000] -> 12[85000] via P2P/IPC comm 0x555e3dbb9f50 nRanks 16
vcjob-2108113716403535873-abc12335-78022-worker-1:199:299 [1] NCCL INFO Channel 20/0 : 9[36000] -> 11[77000] via P2P/IPC comm 0x559816c5af00 nRanks 16
vcjob-2108113716403535873-abc12335-78022-worker-1:198:319 [0] NCCL INFO Channel 21/0 : 8[9000] -> 10[55000] via P2P/IPC comm 0x564ab41f4f90 nRanks 16
vcjob-2108113716403535873-abc12335-78022-worker-1:203:298 [5] NCCL INFO Channel 22/0 : 13[b5000] -> 15[f5000] via P2P/IPC comm 0x558b9127bf30 nRanks 16
vcjob-2108113716403535873-abc12335-78022-worker-1:201:318 [3] NCCL INFO Channel 31/0 : 11[77000] -> 12[85000] via P2P/IPC comm 0x555e3dbb9f50 nRanks 16
vcjob-2108113716403535873-abc12335-78022-worker-1:199:299 [1] NCCL INFO Channel 21/0 : 9[36000] -> 11[77000] via P2P/IPC comm 0x559816c5af00 nRanks 16
vcjob-2108113716403535873-abc12335-78022-worker-1:198:319 [0] NCCL INFO Channel 22/0 : 8[9000] -> 10[55000] via P2P/IPC comm 0x564ab41f4f90 nRanks 16
vcjob-2108113716403535873-abc12335-78022-worker-1:203:298 [5] NCCL INFO Channel 23/0 : 13[b5000] -> 15[f5000] via P2P/IPC comm 0x558b9127bf30 nRanks 16
vcjob-2108113716403535873-abc12335-78022-worker-1:199:299 [1] NCCL INFO Channel 22/0 : 9[36000] -> 11[77000] via P2P/IPC comm 0x559816c5af00 nRanks 16
vcjob-2108113716403535873-abc12335-78022-worker-1:202:336 [4] NCCL INFO Channel 00/0 : 12[85000] -> 14[d5000] via P2P/IPC comm 0x55baddd07ef0 nRanks 16
vcjob-2108113716403535873-abc12335-78022-worker-1:198:319 [0] NCCL INFO Channel 23/0 : 8[9000] -> 10[55000] via P2P/IPC comm 0x564ab41f4f90 nRanks 16
vcjob-2108113716403535873-abc12335-78022-worker-1:203:298 [5] NCCL INFO Channel 24/0 : 13[b5000] -> 15[f5000] via P2P/IPC comm 0x558b9127bf30 nRanks 16
vcjob-2108113716403535873-abc12335-78022-worker-1:202:336 [4] NCCL INFO Channel 01/0 : 12[85000] -> 14[d5000] via P2P/IPC comm 0x55baddd07ef0 nRanks 16
vcjob-2108113716403535873-abc12335-78022-worker-1:199:299 [1] NCCL INFO Channel 23/0 : 9[36000] -> 11[77000] via P2P/IPC comm 0x559816c5af00 nRanks 16
vcjob-2108113716403535873-abc12335-78022-worker-1:198:319 [0] NCCL INFO Channel 24/0 : 8[9000] -> 10[55000] via P2P/IPC comm 0x564ab41f4f90 nRanks 16
vcjob-2108113716403535873-abc12335-78022-worker-1:203:298 [5] NCCL INFO Channel 25/0 : 13[b5000] -> 15[f5000] via P2P/IPC comm 0x558b9127bf30 nRanks 16
vcjob-2108113716403535873-abc12335-78022-worker-1:202:336 [4] NCCL INFO Channel 02/0 : 12[85000] -> 14[d5000] via P2P/IPC comm 0x55baddd07ef0 nRanks 16
vcjob-2108113716403535873-abc12335-78022-worker-1:199:299 [1] NCCL INFO Channel 24/0 : 9[36000] -> 11[77000] via P2P/IPC comm 0x559816c5af00 nRanks 16
vcjob-2108113716403535873-abc12335-78022-worker-1:198:319 [0] NCCL INFO Channel 25/0 : 8[9000] -> 10[55000] via P2P/IPC comm 0x564ab41f4f90 nRanks 16
vcjob-2108113716403535873-abc12335-78022-worker-1:203:298 [5] NCCL INFO Channel 26/0 : 13[b5000] -> 15[f5000] via P2P/IPC comm 0x558b9127bf30 nRanks 16
vcjob-2108113716403535873-abc12335-78022-worker-1:202:336 [4] NCCL INFO Channel 03/0 : 12[85000] -> 14[d5000] via P2P/IPC comm 0x55baddd07ef0 nRanks 16
vcjob-2108113716403535873-abc12335-78022-worker-1:199:299 [1] NCCL INFO Channel 25/0 : 9[36000] -> 11[77000] via P2P/IPC comm 0x559816c5af00 nRanks 16
vcjob-2108113716403535873-abc12335-78022-worker-1:198:319 [0] NCCL INFO Channel 26/0 : 8[9000] -> 10[55000] via P2P/IPC comm 0x564ab41f4f90 nRanks 16
vcjob-2108113716403535873-abc12335-78022-worker-1:202:336 [4] NCCL INFO Channel 04/0 : 12[85000] -> 14[d5000] via P2P/IPC comm 0x55baddd07ef0 nRanks 16
vcjob-2108113716403535873-abc12335-78022-worker-1:203:298 [5] NCCL INFO Channel 27/0 : 13[b5000] -> 15[f5000] via P2P/IPC comm 0x558b9127bf30 nRanks 16
vcjob-2108113716403535873-abc12335-78022-worker-1:199:299 [1] NCCL INFO Channel 26/0 : 9[36000] -> 11[77000] via P2P/IPC comm 0x559816c5af00 nRanks 16
vcjob-2108113716403535873-abc12335-78022-worker-1:198:319 [0] NCCL INFO Channel 27/0 : 8[9000] -> 10[55000] via P2P/IPC comm 0x564ab41f4f90 nRanks 16
vcjob-2108113716403535873-abc12335-78022-worker-1:202:336 [4] NCCL INFO Channel 05/0 : 12[85000] -> 14[d5000] via P2P/IPC comm 0x55baddd07ef0 nRanks 16
vcjob-2108113716403535873-abc12335-78022-worker-1:203:298 [5] NCCL INFO Channel 28/0 : 13[b5000] -> 15[f5000] via P2P/IPC comm 0x558b9127bf30 nRanks 16
vcjob-2108113716403535873-abc12335-78022-worker-1:199:299 [1] NCCL INFO Channel 27/0 : 9[36000] -> 11[77000] via P2P/IPC comm 0x559816c5af00 nRanks 16
vcjob-2108113716403535873-abc12335-78022-worker-1:202:336 [4] NCCL INFO Channel 06/0 : 12[85000] -> 14[d5000] via P2P/IPC comm 0x55baddd07ef0 nRanks 16
vcjob-2108113716403535873-abc12335-78022-worker-1:198:319 [0] NCCL INFO Channel 28/0 : 8[9000] -> 10[55000] via P2P/IPC comm 0x564ab41f4f90 nRanks 16
vcjob-2108113716403535873-abc12335-78022-worker-1:203:298 [5] NCCL INFO Channel 29/0 : 13[b5000] -> 15[f5000] via P2P/IPC comm 0x558b9127bf30 nRanks 16
vcjob-2108113716403535873-abc12335-78022-worker-1:199:299 [1] NCCL INFO Channel 28/0 : 9[36000] -> 11[77000] via P2P/IPC comm 0x559816c5af00 nRanks 16
vcjob-2108113716403535873-abc12335-78022-worker-1:202:336 [4] NCCL INFO Channel 07/0 : 12[85000] -> 14[d5000] via P2P/IPC comm 0x55baddd07ef0 nRanks 16
vcjob-2108113716403535873-abc12335-78022-worker-1:198:319 [0] NCCL INFO Channel 29/0 : 8[9000] -> 10[55000] via P2P/IPC comm 0x564ab41f4f90 nRanks 16
vcjob-2108113716403535873-abc12335-78022-worker-1:203:298 [5] NCCL INFO Channel 30/0 : 13[b5000] -> 15[f5000] via P2P/IPC comm 0x558b9127bf30 nRanks 16
vcjob-2108113716403535873-abc12335-78022-worker-1:199:299 [1] NCCL INFO Channel 29/0 : 9[36000] -> 11[77000] via P2P/IPC comm 0x559816c5af00 nRanks 16
vcjob-2108113716403535873-abc12335-78022-worker-1:202:336 [4] NCCL INFO Channel 08/0 : 12[85000] -> 14[d5000] via P2P/IPC comm 0x55baddd07ef0 nRanks 16
vcjob-2108113716403535873-abc12335-78022-worker-1:198:319 [0] NCCL INFO Channel 30/0 : 8[9000] -> 10[55000] via P2P/IPC comm 0x564ab41f4f90 nRanks 16
vcjob-2108113716403535873-abc12335-78022-worker-1:203:298 [5] NCCL INFO Channel 31/0 : 13[b5000] -> 15[f5000] via P2P/IPC comm 0x558b9127bf30 nRanks 16
vcjob-2108113716403535873-abc12335-78022-worker-1:202:336 [4] NCCL INFO Channel 09/0 : 12[85000] -> 14[d5000] via P2P/IPC comm 0x55baddd07ef0 nRanks 16
vcjob-2108113716403535873-abc12335-78022-worker-1:199:299 [1] NCCL INFO Channel 30/0 : 9[36000] -> 11[77000] via P2P/IPC comm 0x559816c5af00 nRanks 16
vcjob-2108113716403535873-abc12335-78022-worker-1:198:319 [0] NCCL INFO Channel 31/0 : 8[9000] -> 10[55000] via P2P/IPC comm 0x564ab41f4f90 nRanks 16
vcjob-2108113716403535873-abc12335-78022-worker-1:202:336 [4] NCCL INFO Channel 10/0 : 12[85000] -> 14[d5000] via P2P/IPC comm 0x55baddd07ef0 nRanks 16
vcjob-2108113716403535873-abc12335-78022-worker-1:205:297 [7] NCCL INFO Channel 01/0 : 15[f5000] -> 8[9000] via P2P/IPC comm 0x556bc0712e40 nRanks 16
vcjob-2108113716403535873-abc12335-78022-worker-1:203:298 [5] NCCL INFO Channel 03/0 : 5[b5000] -> 13[b5000] [receive] via NET/IBext_v8/3/GDRDMA comm 0x558b9127bf30 nRanks 16
vcjob-2108113716403535873-abc12335-78022-worker-1:199:299 [1] NCCL INFO Channel 31/0 : 9[36000] -> 11[77000] via P2P/IPC comm 0x559816c5af00 nRanks 16
vcjob-2108113716403535873-abc12335-78022-worker-1:203:298 [5] NCCL INFO Channel 07/0 : 5[b5000] -> 13[b5000] [receive] via NET/IBext_v8/3/GDRDMA comm 0x558b9127bf30 nRanks 16
vcjob-2108113716403535873-abc12335-78022-worker-1:203:298 [5] NCCL INFO Channel 11/0 : 5[b5000] -> 13[b5000] [receive] via NET/IBext_v8/3/GDRDMA comm 0x558b9127bf30 nRanks 16
vcjob-2108113716403535873-abc12335-78022-worker-1:203:298 [5] NCCL INFO Channel 15/0 : 5[b5000] -> 13[b5000] [receive] via NET/IBext_v8/3/GDRDMA comm 0x558b9127bf30 nRanks 16
vcjob-2108113716403535873-abc12335-78022-worker-1:203:298 [5] NCCL INFO Channel 19/0 : 5[b5000] -> 13[b5000] [receive] via NET/IBext_v8/3/GDRDMA comm 0x558b9127bf30 nRanks 16
vcjob-2108113716403535873-abc12335-78022-worker-1:203:298 [5] NCCL INFO Channel 23/0 : 5[b5000] -> 13[b5000] [receive] via NET/IBext_v8/3/GDRDMA comm 0x558b9127bf30 nRanks 16
vcjob-2108113716403535873-abc12335-78022-worker-1:202:336 [4] NCCL INFO Channel 11/0 : 12[85000] -> 14[d5000] via P2P/IPC comm 0x55baddd07ef0 nRanks 16
vcjob-2108113716403535873-abc12335-78022-worker-1:205:297 [7] NCCL INFO Channel 02/0 : 15[f5000] -> 8[9000] via P2P/IPC comm 0x556bc0712e40 nRanks 16
vcjob-2108113716403535873-abc12335-78022-worker-1:200:317 [2] NCCL INFO Channel 00/0 : 10[55000] -> 8[9000] via P2P/IPC comm 0x55c31d1a2f90 nRanks 16
vcjob-2108113716403535873-abc12335-78022-worker-1:198:319 [0] NCCL INFO Channel 00/0 : 0[9000] -> 8[9000] [receive] via NET/IBext_v8/0/GDRDMA comm 0x564ab41f4f90 nRanks 16
vcjob-2108113716403535873-abc12335-78022-worker-1:198:319 [0] NCCL INFO Channel 04/0 : 0[9000] -> 8[9000] [receive] via NET/IBext_v8/0/GDRDMA comm 0x564ab41f4f90 nRanks 16
vcjob-2108113716403535873-abc12335-78022-worker-1:198:319 [0] NCCL INFO Channel 08/0 : 0[9000] -> 8[9000] [receive] via NET/IBext_v8/0/GDRDMA comm 0x564ab41f4f90 nRanks 16
vcjob-2108113716403535873-abc12335-78022-worker-1:202:336 [4] NCCL INFO Channel 12/0 : 12[85000] -> 14[d5000] via P2P/IPC comm 0x55baddd07ef0 nRanks 16
vcjob-2108113716403535873-abc12335-78022-worker-1:198:319 [0] NCCL INFO Channel 12/0 : 0[9000] -> 8[9000] [receive] via NET/IBext_v8/0/GDRDMA comm 0x564ab41f4f90 nRanks 16
vcjob-2108113716403535873-abc12335-78022-worker-1:198:319 [0] NCCL INFO Channel 16/0 : 0[9000] -> 8[9000] [receive] via NET/IBext_v8/0/GDRDMA comm 0x564ab41f4f90 nRanks 16
vcjob-2108113716403535873-abc12335-78022-worker-1:205:297 [7] NCCL INFO Channel 03/0 : 15[f5000] -> 8[9000] via P2P/IPC comm 0x556bc0712e40 nRanks 16
vcjob-2108113716403535873-abc12335-78022-worker-1:198:319 [0] NCCL INFO Channel 20/0 : 0[9000] -> 8[9000] [receive] via NET/IBext_v8/0/GDRDMA comm 0x564ab41f4f90 nRanks 16
vcjob-2108113716403535873-abc12335-78022-worker-1:200:317 [2] NCCL INFO Channel 04/0 : 10[55000] -> 8[9000] via P2P/IPC comm 0x55c31d1a2f90 nRanks 16
vcjob-2108113716403535873-abc12335-78022-worker-1:202:336 [4] NCCL INFO Channel 13/0 : 12[85000] -> 14[d5000] via P2P/IPC comm 0x55baddd07ef0 nRanks 16
vcjob-2108113716403535873-abc12335-78022-worker-1:205:297 [7] NCCL INFO Channel 05/0 : 15[f5000] -> 8[9000] via P2P/IPC comm 0x556bc0712e40 nRanks 16
vcjob-2108113716403535873-abc12335-78022-worker-1:200:317 [2] NCCL INFO Channel 08/0 : 10[55000] -> 8[9000] via P2P/IPC comm 0x55c31d1a2f90 nRanks 16
vcjob-2108113716403535873-abc12335-78022-worker-1:202:336 [4] NCCL INFO Channel 14/0 : 12[85000] -> 14[d5000] via P2P/IPC comm 0x55baddd07ef0 nRanks 16
vcjob-2108113716403535873-abc12335-78022-worker-1:205:297 [7] NCCL INFO Channel 06/0 : 15[f5000] -> 8[9000] via P2P/IPC comm 0x556bc0712e40 nRanks 16
vcjob-2108113716403535873-abc12335-78022-worker-1:202:336 [4] NCCL INFO Channel 15/0 : 12[85000] -> 14[d5000] via P2P/IPC comm 0x55baddd07ef0 nRanks 16
vcjob-2108113716403535873-abc12335-78022-worker-1:200:317 [2] NCCL INFO Channel 12/0 : 10[55000] -> 8[9000] via P2P/IPC comm 0x55c31d1a2f90 nRanks 16
vcjob-2108113716403535873-abc12335-78022-worker-1:205:297 [7] NCCL INFO Channel 07/0 : 15[f5000] -> 8[9000] via P2P/IPC comm 0x556bc0712e40 nRanks 16
vcjob-2108113716403535873-abc12335-78022-worker-1:202:336 [4] NCCL INFO Channel 16/0 : 12[85000] -> 14[d5000] via P2P/IPC comm 0x55baddd07ef0 nRanks 16
vcjob-2108113716403535873-abc12335-78022-worker-1:200:317 [2] NCCL INFO Channel 16/0 : 10[55000] -> 8[9000] via P2P/IPC comm 0x55c31d1a2f90 nRanks 16
vcjob-2108113716403535873-abc12335-78022-worker-1:205:297 [7] NCCL INFO Channel 09/0 : 15[f5000] -> 8[9000] via P2P/IPC comm 0x556bc0712e40 nRanks 16
vcjob-2108113716403535873-abc12335-78022-worker-1:202:336 [4] NCCL INFO Channel 17/0 : 12[85000] -> 14[d5000] via P2P/IPC comm 0x55baddd07ef0 nRanks 16
vcjob-2108113716403535873-abc12335-78022-worker-1:200:317 [2] NCCL INFO Channel 20/0 : 10[55000] -> 8[9000] via P2P/IPC comm 0x55c31d1a2f90 nRanks 16
vcjob-2108113716403535873-abc12335-78022-worker-1:205:297 [7] NCCL INFO Channel 10/0 : 15[f5000] -> 8[9000] via P2P/IPC comm 0x556bc0712e40 nRanks 16
vcjob-2108113716403535873-abc12335-78022-worker-1:202:336 [4] NCCL INFO Channel 18/0 : 12[85000] -> 14[d5000] via P2P/IPC comm 0x55baddd07ef0 nRanks 16
vcjob-2108113716403535873-abc12335-78022-worker-1:205:297 [7] NCCL INFO Channel 11/0 : 15[f5000] -> 8[9000] via P2P/IPC comm 0x556bc0712e40 nRanks 16
vcjob-2108113716403535873-abc12335-78022-worker-1:200:317 [2] NCCL INFO Channel 24/0 : 10[55000] -> 8[9000] via P2P/IPC comm 0x55c31d1a2f90 nRanks 16
vcjob-2108113716403535873-abc12335-78022-worker-1:202:336 [4] NCCL INFO Channel 19/0 : 12[85000] -> 14[d5000] via P2P/IPC comm 0x55baddd07ef0 nRanks 16
vcjob-2108113716403535873-abc12335-78022-worker-1:205:297 [7] NCCL INFO Channel 13/0 : 15[f5000] -> 8[9000] via P2P/IPC comm 0x556bc0712e40 nRanks 16
vcjob-2108113716403535873-abc12335-78022-worker-1:200:317 [2] NCCL INFO Channel 28/0 : 10[55000] -> 8[9000] via P2P/IPC comm 0x55c31d1a2f90 nRanks 16
vcjob-2108113716403535873-abc12335-78022-worker-1:202:336 [4] NCCL INFO Channel 20/0 : 12[85000] -> 14[d5000] via P2P/IPC comm 0x55baddd07ef0 nRanks 16
vcjob-2108113716403535873-abc12335-78022-worker-1:205:297 [7] NCCL INFO Channel 14/0 : 15[f5000] -> 8[9000] via P2P/IPC comm 0x556bc0712e40 nRanks 16
vcjob-2108113716403535873-abc12335-78022-worker-1:202:336 [4] NCCL INFO Channel 21/0 : 12[85000] -> 14[d5000] via P2P/IPC comm 0x55baddd07ef0 nRanks 16
vcjob-2108113716403535873-abc12335-78022-worker-1:205:297 [7] NCCL INFO Channel 15/0 : 15[f5000] -> 8[9000] via P2P/IPC comm 0x556bc0712e40 nRanks 16
vcjob-2108113716403535873-abc12335-78022-worker-1:202:336 [4] NCCL INFO Channel 22/0 : 12[85000] -> 14[d5000] via P2P/IPC comm 0x55baddd07ef0 nRanks 16
vcjob-2108113716403535873-abc12335-78022-worker-1:205:297 [7] NCCL INFO Channel 17/0 : 15[f5000] -> 8[9000] via P2P/IPC comm 0x556bc0712e40 nRanks 16
vcjob-2108113716403535873-abc12335-78022-worker-1:202:336 [4] NCCL INFO Channel 23/0 : 12[85000] -> 14[d5000] via P2P/IPC comm 0x55baddd07ef0 nRanks 16
vcjob-2108113716403535873-abc12335-78022-worker-1:202:336 [4] NCCL INFO Channel 24/0 : 12[85000] -> 14[d5000] via P2P/IPC comm 0x55baddd07ef0 nRanks 16
vcjob-2108113716403535873-abc12335-78022-worker-1:205:297 [7] NCCL INFO Channel 18/0 : 15[f5000] -> 8[9000] via P2P/IPC comm 0x556bc0712e40 nRanks 16
vcjob-2108113716403535873-abc12335-78022-worker-1:202:336 [4] NCCL INFO Channel 25/0 : 12[85000] -> 14[d5000] via P2P/IPC comm 0x55baddd07ef0 nRanks 16
vcjob-2108113716403535873-abc12335-78022-worker-1:205:297 [7] NCCL INFO Channel 19/0 : 15[f5000] -> 8[9000] via P2P/IPC comm 0x556bc0712e40 nRanks 16
vcjob-2108113716403535873-abc12335-78022-worker-1:202:336 [4] NCCL INFO Channel 26/0 : 12[85000] -> 14[d5000] via P2P/IPC comm 0x55baddd07ef0 nRanks 16
vcjob-2108113716403535873-abc12335-78022-worker-1:205:297 [7] NCCL INFO Channel 21/0 : 15[f5000] -> 8[9000] via P2P/IPC comm 0x556bc0712e40 nRanks 16
vcjob-2108113716403535873-abc12335-78022-worker-1:202:336 [4] NCCL INFO Channel 27/0 : 12[85000] -> 14[d5000] via P2P/IPC comm 0x55baddd07ef0 nRanks 16
vcjob-2108113716403535873-abc12335-78022-worker-1:205:297 [7] NCCL INFO Channel 22/0 : 15[f5000] -> 8[9000] via P2P/IPC comm 0x556bc0712e40 nRanks 16
vcjob-2108113716403535873-abc12335-78022-worker-1:202:336 [4] NCCL INFO Channel 28/0 : 12[85000] -> 14[d5000] via P2P/IPC comm 0x55baddd07ef0 nRanks 16
vcjob-2108113716403535873-abc12335-78022-worker-1:205:297 [7] NCCL INFO Channel 23/0 : 15[f5000] -> 8[9000] via P2P/IPC comm 0x556bc0712e40 nRanks 16
vcjob-2108113716403535873-abc12335-78022-worker-1:202:336 [4] NCCL INFO Channel 29/0 : 12[85000] -> 14[d5000] via P2P/IPC comm 0x55baddd07ef0 nRanks 16
vcjob-2108113716403535873-abc12335-78022-worker-1:205:297 [7] NCCL INFO Channel 25/0 : 15[f5000] -> 8[9000] via P2P/IPC comm 0x556bc0712e40 nRanks 16
vcjob-2108113716403535873-abc12335-78022-worker-1:202:336 [4] NCCL INFO Channel 30/0 : 12[85000] -> 14[d5000] via P2P/IPC comm 0x55baddd07ef0 nRanks 16
vcjob-2108113716403535873-abc12335-78022-worker-1:205:297 [7] NCCL INFO Channel 26/0 : 15[f5000] -> 8[9000] via P2P/IPC comm 0x556bc0712e40 nRanks 16
vcjob-2108113716403535873-abc12335-78022-worker-1:202:336 [4] NCCL INFO Channel 31/0 : 12[85000] -> 14[d5000] via P2P/IPC comm 0x55baddd07ef0 nRanks 16
vcjob-2108113716403535873-abc12335-78022-worker-1:205:297 [7] NCCL INFO Channel 27/0 : 15[f5000] -> 8[9000] via P2P/IPC comm 0x556bc0712e40 nRanks 16
vcjob-2108113716403535873-abc12335-78022-worker-1:204:320 [6] NCCL INFO Channel 02/0 : 14[d5000] -> 12[85000] via P2P/IPC comm 0x5589afdc2f40 nRanks 16
vcjob-2108113716403535873-abc12335-78022-worker-1:202:336 [4] NCCL INFO Channel 02/0 : 4[85000] -> 12[85000] [receive] via NET/IBext_v8/2/GDRDMA comm 0x55baddd07ef0 nRanks 16
vcjob-2108113716403535873-abc12335-78022-worker-1:205:297 [7] NCCL INFO Channel 29/0 : 15[f5000] -> 8[9000] via P2P/IPC comm 0x556bc0712e40 nRanks 16
vcjob-2108113716403535873-abc12335-78022-worker-1:202:336 [4] NCCL INFO Channel 06/0 : 4[85000] -> 12[85000] [receive] via NET/IBext_v8/2/GDRDMA comm 0x55baddd07ef0 nRanks 16
vcjob-2108113716403535873-abc12335-78022-worker-1:202:336 [4] NCCL INFO Channel 10/0 : 4[85000] -> 12[85000] [receive] via NET/IBext_v8/2/GDRDMA comm 0x55baddd07ef0 nRanks 16
vcjob-2108113716403535873-abc12335-78022-worker-1:202:336 [4] NCCL INFO Channel 14/0 : 4[85000] -> 12[85000] [receive] via NET/IBext_v8/2/GDRDMA comm 0x55baddd07ef0 nRanks 16
vcjob-2108113716403535873-abc12335-78022-worker-1:202:336 [4] NCCL INFO Channel 18/0 : 4[85000] -> 12[85000] [receive] via NET/IBext_v8/2/GDRDMA comm 0x55baddd07ef0 nRanks 16
vcjob-2108113716403535873-abc12335-78022-worker-1:202:336 [4] NCCL INFO Channel 22/0 : 4[85000] -> 12[85000] [receive] via NET/IBext_v8/2/GDRDMA comm 0x55baddd07ef0 nRanks 16
vcjob-2108113716403535873-abc12335-78022-worker-1:205:297 [7] NCCL INFO Channel 30/0 : 15[f5000] -> 8[9000] via P2P/IPC comm 0x556bc0712e40 nRanks 16
vcjob-2108113716403535873-abc12335-78022-worker-1:204:320 [6] NCCL INFO Channel 06/0 : 14[d5000] -> 12[85000] via P2P/IPC comm 0x5589afdc2f40 nRanks 16
vcjob-2108113716403535873-abc12335-78022-worker-1:201:318 [3] NCCL INFO Channel 01/0 : 11[77000] -> 9[36000] via P2P/IPC comm 0x555e3dbb9f50 nRanks 16
vcjob-2108113716403535873-abc12335-78022-worker-1:199:299 [1] NCCL INFO Channel 01/0 : 1[36000] -> 9[36000] [receive] via NET/IBext_v8/1/GDRDMA comm 0x559816c5af00 nRanks 16
vcjob-2108113716403535873-abc12335-78022-worker-1:205:297 [7] NCCL INFO Channel 31/0 : 15[f5000] -> 8[9000] via P2P/IPC comm 0x556bc0712e40 nRanks 16
vcjob-2108113716403535873-abc12335-78022-worker-1:204:320 [6] NCCL INFO Channel 10/0 : 14[d5000] -> 12[85000] via P2P/IPC comm 0x5589afdc2f40 nRanks 16
vcjob-2108113716403535873-abc12335-78022-worker-1:199:299 [1] NCCL INFO Channel 05/0 : 1[36000] -> 9[36000] [receive] via NET/IBext_v8/1/GDRDMA comm 0x559816c5af00 nRanks 16
vcjob-2108113716403535873-abc12335-78022-worker-1:199:299 [1] NCCL INFO Channel 09/0 : 1[36000] -> 9[36000] [receive] via NET/IBext_v8/1/GDRDMA comm 0x559816c5af00 nRanks 16
vcjob-2108113716403535873-abc12335-78022-worker-1:199:299 [1] NCCL INFO Channel 13/0 : 1[36000] -> 9[36000] [receive] via NET/IBext_v8/1/GDRDMA comm 0x559816c5af00 nRanks 16
vcjob-2108113716403535873-abc12335-78022-worker-1:199:299 [1] NCCL INFO Channel 17/0 : 1[36000] -> 9[36000] [receive] via NET/IBext_v8/1/GDRDMA comm 0x559816c5af00 nRanks 16
vcjob-2108113716403535873-abc12335-78022-worker-1:199:299 [1] NCCL INFO Channel 21/0 : 1[36000] -> 9[36000] [receive] via NET/IBext_v8/1/GDRDMA comm 0x559816c5af00 nRanks 16
vcjob-2108113716403535873-abc12335-78022-worker-1:201:318 [3] NCCL INFO Channel 05/0 : 11[77000] -> 9[36000] via P2P/IPC comm 0x555e3dbb9f50 nRanks 16
vcjob-2108113716403535873-abc12335-78022-worker-1:204:320 [6] NCCL INFO Channel 14/0 : 14[d5000] -> 12[85000] via P2P/IPC comm 0x5589afdc2f40 nRanks 16
vcjob-2108113716403535873-abc12335-78022-worker-1:201:318 [3] NCCL INFO Channel 09/0 : 11[77000] -> 9[36000] via P2P/IPC comm 0x555e3dbb9f50 nRanks 16
vcjob-2108113716403535873-abc12335-78022-worker-1:204:320 [6] NCCL INFO Channel 18/0 : 14[d5000] -> 12[85000] via P2P/IPC comm 0x5589afdc2f40 nRanks 16
vcjob-2108113716403535873-abc12335-78022-worker-1:201:318 [3] NCCL INFO Channel 13/0 : 11[77000] -> 9[36000] via P2P/IPC comm 0x555e3dbb9f50 nRanks 16
vcjob-2108113716403535873-abc12335-78022-worker-1:204:320 [6] NCCL INFO Channel 22/0 : 14[d5000] -> 12[85000] via P2P/IPC comm 0x5589afdc2f40 nRanks 16
vcjob-2108113716403535873-abc12335-78022-worker-1:201:318 [3] NCCL INFO Channel 17/0 : 11[77000] -> 9[36000] via P2P/IPC comm 0x555e3dbb9f50 nRanks 16
vcjob-2108113716403535873-abc12335-78022-worker-1:204:320 [6] NCCL INFO Channel 26/0 : 14[d5000] -> 12[85000] via P2P/IPC comm 0x5589afdc2f40 nRanks 16
vcjob-2108113716403535873-abc12335-78022-worker-1:201:318 [3] NCCL INFO Channel 21/0 : 11[77000] -> 9[36000] via P2P/IPC comm 0x555e3dbb9f50 nRanks 16
vcjob-2108113716403535873-abc12335-78022-worker-1:204:320 [6] NCCL INFO Channel 30/0 : 14[d5000] -> 12[85000] via P2P/IPC comm 0x5589afdc2f40 nRanks 16
vcjob-2108113716403535873-abc12335-78022-worker-1:201:318 [3] NCCL INFO Channel 25/0 : 11[77000] -> 9[36000] via P2P/IPC comm 0x555e3dbb9f50 nRanks 16
vcjob-2108113716403535873-abc12335-78022-worker-1:201:318 [3] NCCL INFO Channel 29/0 : 11[77000] -> 9[36000] via P2P/IPC comm 0x555e3dbb9f50 nRanks 16
vcjob-2108113716403535873-abc12335-78022-worker-1:198:319 [0] NCCL INFO Channel 24/0 : 0[9000] -> 8[9000] [receive] via NET/IBext_v8/0/GDRDMA comm 0x564ab41f4f90 nRanks 16
vcjob-2108113716403535873-abc12335-78022-worker-1:202:336 [4] NCCL INFO Channel 26/0 : 4[85000] -> 12[85000] [receive] via NET/IBext_v8/2/GDRDMA comm 0x55baddd07ef0 nRanks 16
vcjob-2108113716403535873-abc12335-78022-worker-1:202:336 [4] NCCL INFO Channel 30/0 : 4[85000] -> 12[85000] [receive] via NET/IBext_v8/2/GDRDMA comm 0x55baddd07ef0 nRanks 16
vcjob-2108113716403535873-abc12335-78022-worker-1:198:319 [0] NCCL INFO Channel 28/0 : 0[9000] -> 8[9000] [receive] via NET/IBext_v8/0/GDRDMA comm 0x564ab41f4f90 nRanks 16
vcjob-2108113716403535873-abc12335-78022-worker-1:198:319 [0] NCCL INFO Channel 00/0 : 8[9000] -> 0[9000] [send] via NET/IBext_v8/0/GDRDMA comm 0x564ab41f4f90 nRanks 16
vcjob-2108113716403535873-abc12335-78022-worker-1:202:336 [4] NCCL INFO Channel 02/0 : 12[85000] -> 4[85000] [send] via NET/IBext_v8/2/GDRDMA comm 0x55baddd07ef0 nRanks 16
vcjob-2108113716403535873-abc12335-78022-worker-1:202:336 [4] NCCL INFO Channel 06/0 : 12[85000] -> 4[85000] [send] via NET/IBext_v8/2/GDRDMA comm 0x55baddd07ef0 nRanks 16
vcjob-2108113716403535873-abc12335-78022-worker-1:198:319 [0] NCCL INFO Channel 04/0 : 8[9000] -> 0[9000] [send] via NET/IBext_v8/0/GDRDMA comm 0x564ab41f4f90 nRanks 16
vcjob-2108113716403535873-abc12335-78022-worker-1:202:336 [4] NCCL INFO Channel 10/0 : 12[85000] -> 4[85000] [send] via NET/IBext_v8/2/GDRDMA comm 0x55baddd07ef0 nRanks 16
vcjob-2108113716403535873-abc12335-78022-worker-1:198:319 [0] NCCL INFO Channel 08/0 : 8[9000] -> 0[9000] [send] via NET/IBext_v8/0/GDRDMA comm 0x564ab41f4f90 nRanks 16
vcjob-2108113716403535873-abc12335-78022-worker-1:202:336 [4] NCCL INFO Channel 14/0 : 12[85000] -> 4[85000] [send] via NET/IBext_v8/2/GDRDMA comm 0x55baddd07ef0 nRanks 16
vcjob-2108113716403535873-abc12335-78022-worker-1:198:319 [0] NCCL INFO Channel 12/0 : 8[9000] -> 0[9000] [send] via NET/IBext_v8/0/GDRDMA comm 0x564ab41f4f90 nRanks 16
vcjob-2108113716403535873-abc12335-78022-worker-1:202:336 [4] NCCL INFO Channel 18/0 : 12[85000] -> 4[85000] [send] via NET/IBext_v8/2/GDRDMA comm 0x55baddd07ef0 nRanks 16
vcjob-2108113716403535873-abc12335-78022-worker-1:198:319 [0] NCCL INFO Channel 16/0 : 8[9000] -> 0[9000] [send] via NET/IBext_v8/0/GDRDMA comm 0x564ab41f4f90 nRanks 16
vcjob-2108113716403535873-abc12335-78022-worker-1:202:336 [4] NCCL INFO Channel 22/0 : 12[85000] -> 4[85000] [send] via NET/IBext_v8/2/GDRDMA comm 0x55baddd07ef0 nRanks 16
vcjob-2108113716403535873-abc12335-78022-worker-1:203:298 [5] NCCL INFO Channel 27/0 : 5[b5000] -> 13[b5000] [receive] via NET/IBext_v8/3/GDRDMA comm 0x558b9127bf30 nRanks 16
vcjob-2108113716403535873-abc12335-78022-worker-1:198:319 [0] NCCL INFO Channel 20/0 : 8[9000] -> 0[9000] [send] via NET/IBext_v8/0/GDRDMA comm 0x564ab41f4f90 nRanks 16
vcjob-2108113716403535873-abc12335-78022-worker-1:202:336 [4] NCCL INFO Channel 26/0 : 12[85000] -> 4[85000] [send] via NET/IBext_v8/2/GDRDMA comm 0x55baddd07ef0 nRanks 16
vcjob-2108113716403535873-abc12335-78022-worker-1:198:319 [0] NCCL INFO Channel 24/0 : 8[9000] -> 0[9000] [send] via NET/IBext_v8/0/GDRDMA comm 0x564ab41f4f90 nRanks 16
vcjob-2108113716403535873-abc12335-78022-worker-1:203:298 [5] NCCL INFO Channel 31/0 : 5[b5000] -> 13[b5000] [receive] via NET/IBext_v8/3/GDRDMA comm 0x558b9127bf30 nRanks 16
vcjob-2108113716403535873-abc12335-78022-worker-1:202:336 [4] NCCL INFO Channel 30/0 : 12[85000] -> 4[85000] [send] via NET/IBext_v8/2/GDRDMA comm 0x55baddd07ef0 nRanks 16
vcjob-2108113716403535873-abc12335-78022-worker-1:198:319 [0] NCCL INFO Channel 28/0 : 8[9000] -> 0[9000] [send] via NET/IBext_v8/0/GDRDMA comm 0x564ab41f4f90 nRanks 16
vcjob-2108113716403535873-abc12335-78022-worker-1:203:298 [5] NCCL INFO Channel 03/0 : 13[b5000] -> 5[b5000] [send] via NET/IBext_v8/3/GDRDMA comm 0x558b9127bf30 nRanks 16
vcjob-2108113716403535873-abc12335-78022-worker-1:203:298 [5] NCCL INFO Channel 07/0 : 13[b5000] -> 5[b5000] [send] via NET/IBext_v8/3/GDRDMA comm 0x558b9127bf30 nRanks 16
vcjob-2108113716403535873-abc12335-78022-worker-1:203:298 [5] NCCL INFO Channel 11/0 : 13[b5000] -> 5[b5000] [send] via NET/IBext_v8/3/GDRDMA comm 0x558b9127bf30 nRanks 16
vcjob-2108113716403535873-abc12335-78022-worker-1:203:298 [5] NCCL INFO Channel 15/0 : 13[b5000] -> 5[b5000] [send] via NET/IBext_v8/3/GDRDMA comm 0x558b9127bf30 nRanks 16
vcjob-2108113716403535873-abc12335-78022-worker-1:203:298 [5] NCCL INFO Channel 19/0 : 13[b5000] -> 5[b5000] [send] via NET/IBext_v8/3/GDRDMA comm 0x558b9127bf30 nRanks 16
vcjob-2108113716403535873-abc12335-78022-worker-1:203:298 [5] NCCL INFO Channel 23/0 : 13[b5000] -> 5[b5000] [send] via NET/IBext_v8/3/GDRDMA comm 0x558b9127bf30 nRanks 16
vcjob-2108113716403535873-abc12335-78022-worker-1:203:298 [5] NCCL INFO Channel 27/0 : 13[b5000] -> 5[b5000] [send] via NET/IBext_v8/3/GDRDMA comm 0x558b9127bf30 nRanks 16
vcjob-2108113716403535873-abc12335-78022-worker-1:203:298 [5] NCCL INFO Channel 31/0 : 13[b5000] -> 5[b5000] [send] via NET/IBext_v8/3/GDRDMA comm 0x558b9127bf30 nRanks 16
vcjob-2108113716403535873-abc12335-78022-worker-1:199:299 [1] NCCL INFO Channel 25/0 : 1[36000] -> 9[36000] [receive] via NET/IBext_v8/1/GDRDMA comm 0x559816c5af00 nRanks 16
vcjob-2108113716403535873-abc12335-78022-worker-1:199:299 [1] NCCL INFO Channel 29/0 : 1[36000] -> 9[36000] [receive] via NET/IBext_v8/1/GDRDMA comm 0x559816c5af00 nRanks 16
vcjob-2108113716403535873-abc12335-78022-worker-1:199:299 [1] NCCL INFO Channel 01/0 : 9[36000] -> 1[36000] [send] via NET/IBext_v8/1/GDRDMA comm 0x559816c5af00 nRanks 16
vcjob-2108113716403535873-abc12335-78022-worker-1:199:299 [1] NCCL INFO Channel 05/0 : 9[36000] -> 1[36000] [send] via NET/IBext_v8/1/GDRDMA comm 0x559816c5af00 nRanks 16
vcjob-2108113716403535873-abc12335-78022-worker-1:199:299 [1] NCCL INFO Channel 09/0 : 9[36000] -> 1[36000] [send] via NET/IBext_v8/1/GDRDMA comm 0x559816c5af00 nRanks 16
vcjob-2108113716403535873-abc12335-78022-worker-1:199:299 [1] NCCL INFO Channel 13/0 : 9[36000] -> 1[36000] [send] via NET/IBext_v8/1/GDRDMA comm 0x559816c5af00 nRanks 16
vcjob-2108113716403535873-abc12335-78022-worker-1:199:299 [1] NCCL INFO Channel 17/0 : 9[36000] -> 1[36000] [send] via NET/IBext_v8/1/GDRDMA comm 0x559816c5af00 nRanks 16
vcjob-2108113716403535873-abc12335-78022-worker-1:199:299 [1] NCCL INFO Channel 21/0 : 9[36000] -> 1[36000] [send] via NET/IBext_v8/1/GDRDMA comm 0x559816c5af00 nRanks 16
vcjob-2108113716403535873-abc12335-78022-worker-1:199:299 [1] NCCL INFO Channel 25/0 : 9[36000] -> 1[36000] [send] via NET/IBext_v8/1/GDRDMA comm 0x559816c5af00 nRanks 16
vcjob-2108113716403535873-abc12335-78022-worker-1:199:299 [1] NCCL INFO Channel 29/0 : 9[36000] -> 1[36000] [send] via NET/IBext_v8/1/GDRDMA comm 0x559816c5af00 nRanks 16
vcjob-2108113716403535873-abc12335-78022-worker-1:204:320 [6] NCCL INFO Channel 00/0 : 14[d5000] -> 13[b5000] via P2P/IPC comm 0x5589afdc2f40 nRanks 16
vcjob-2108113716403535873-abc12335-78022-worker-1:204:320 [6] NCCL INFO Channel 01/0 : 14[d5000] -> 13[b5000] via P2P/IPC comm 0x5589afdc2f40 nRanks 16
vcjob-2108113716403535873-abc12335-78022-worker-1:204:320 [6] NCCL INFO Channel 02/0 : 14[d5000] -> 13[b5000] via P2P/IPC comm 0x5589afdc2f40 nRanks 16
vcjob-2108113716403535873-abc12335-78022-worker-1:204:320 [6] NCCL INFO Channel 04/0 : 14[d5000] -> 13[b5000] via P2P/IPC comm 0x5589afdc2f40 nRanks 16
vcjob-2108113716403535873-abc12335-78022-worker-1:204:320 [6] NCCL INFO Channel 05/0 : 14[d5000] -> 13[b5000] via P2P/IPC comm 0x5589afdc2f40 nRanks 16
vcjob-2108113716403535873-abc12335-78022-worker-1:204:320 [6] NCCL INFO Channel 06/0 : 14[d5000] -> 13[b5000] via P2P/IPC comm 0x5589afdc2f40 nRanks 16
vcjob-2108113716403535873-abc12335-78022-worker-1:204:320 [6] NCCL INFO Channel 08/0 : 14[d5000] -> 13[b5000] via P2P/IPC comm 0x5589afdc2f40 nRanks 16
vcjob-2108113716403535873-abc12335-78022-worker-1:204:320 [6] NCCL INFO Channel 09/0 : 14[d5000] -> 13[b5000] via P2P/IPC comm 0x5589afdc2f40 nRanks 16
vcjob-2108113716403535873-abc12335-78022-worker-1:204:320 [6] NCCL INFO Channel 10/0 : 14[d5000] -> 13[b5000] via P2P/IPC comm 0x5589afdc2f40 nRanks 16
vcjob-2108113716403535873-abc12335-78022-worker-1:204:320 [6] NCCL INFO Channel 12/0 : 14[d5000] -> 13[b5000] via P2P/IPC comm 0x5589afdc2f40 nRanks 16
vcjob-2108113716403535873-abc12335-78022-worker-1:204:320 [6] NCCL INFO Channel 13/0 : 14[d5000] -> 13[b5000] via P2P/IPC comm 0x5589afdc2f40 nRanks 16
vcjob-2108113716403535873-abc12335-78022-worker-1:204:320 [6] NCCL INFO Channel 14/0 : 14[d5000] -> 13[b5000] via P2P/IPC comm 0x5589afdc2f40 nRanks 16
vcjob-2108113716403535873-abc12335-78022-worker-1:204:320 [6] NCCL INFO Channel 16/0 : 14[d5000] -> 13[b5000] via P2P/IPC comm 0x5589afdc2f40 nRanks 16
vcjob-2108113716403535873-abc12335-78022-worker-1:204:320 [6] NCCL INFO Channel 17/0 : 14[d5000] -> 13[b5000] via P2P/IPC comm 0x5589afdc2f40 nRanks 16
vcjob-2108113716403535873-abc12335-78022-worker-1:204:320 [6] NCCL INFO Channel 18/0 : 14[d5000] -> 13[b5000] via P2P/IPC comm 0x5589afdc2f40 nRanks 16
vcjob-2108113716403535873-abc12335-78022-worker-1:204:320 [6] NCCL INFO Channel 20/0 : 14[d5000] -> 13[b5000] via P2P/IPC comm 0x5589afdc2f40 nRanks 16
vcjob-2108113716403535873-abc12335-78022-worker-1:204:320 [6] NCCL INFO Channel 21/0 : 14[d5000] -> 13[b5000] via P2P/IPC comm 0x5589afdc2f40 nRanks 16
vcjob-2108113716403535873-abc12335-78022-worker-1:204:320 [6] NCCL INFO Channel 22/0 : 14[d5000] -> 13[b5000] via P2P/IPC comm 0x5589afdc2f40 nRanks 16
vcjob-2108113716403535873-abc12335-78022-worker-1:204:320 [6] NCCL INFO Channel 24/0 : 14[d5000] -> 13[b5000] via P2P/IPC comm 0x5589afdc2f40 nRanks 16
vcjob-2108113716403535873-abc12335-78022-worker-1:205:297 [7] NCCL INFO Channel 03/0 : 15[f5000] -> 13[b5000] via P2P/IPC comm 0x556bc0712e40 nRanks 16
vcjob-2108113716403535873-abc12335-78022-worker-1:204:320 [6] NCCL INFO Channel 25/0 : 14[d5000] -> 13[b5000] via P2P/IPC comm 0x5589afdc2f40 nRanks 16
vcjob-2108113716403535873-abc12335-78022-worker-1:205:297 [7] NCCL INFO Channel 07/0 : 15[f5000] -> 13[b5000] via P2P/IPC comm 0x556bc0712e40 nRanks 16
vcjob-2108113716403535873-abc12335-78022-worker-1:204:320 [6] NCCL INFO Channel 26/0 : 14[d5000] -> 13[b5000] via P2P/IPC comm 0x5589afdc2f40 nRanks 16
vcjob-2108113716403535873-abc12335-78022-worker-1:205:297 [7] NCCL INFO Channel 11/0 : 15[f5000] -> 13[b5000] via P2P/IPC comm 0x556bc0712e40 nRanks 16
vcjob-2108113716403535873-abc12335-78022-worker-1:204:320 [6] NCCL INFO Channel 28/0 : 14[d5000] -> 13[b5000] via P2P/IPC comm 0x5589afdc2f40 nRanks 16
vcjob-2108113716403535873-abc12335-78022-worker-1:204:320 [6] NCCL INFO Channel 29/0 : 14[d5000] -> 13[b5000] via P2P/IPC comm 0x5589afdc2f40 nRanks 16
vcjob-2108113716403535873-abc12335-78022-worker-1:205:297 [7] NCCL INFO Channel 15/0 : 15[f5000] -> 13[b5000] via P2P/IPC comm 0x556bc0712e40 nRanks 16
vcjob-2108113716403535873-abc12335-78022-worker-1:204:320 [6] NCCL INFO Channel 30/0 : 14[d5000] -> 13[b5000] via P2P/IPC comm 0x5589afdc2f40 nRanks 16
vcjob-2108113716403535873-abc12335-78022-worker-1:205:297 [7] NCCL INFO Channel 19/0 : 15[f5000] -> 13[b5000] via P2P/IPC comm 0x556bc0712e40 nRanks 16
vcjob-2108113716403535873-abc12335-78022-worker-1:205:297 [7] NCCL INFO Channel 23/0 : 15[f5000] -> 13[b5000] via P2P/IPC comm 0x556bc0712e40 nRanks 16
vcjob-2108113716403535873-abc12335-78022-worker-1:205:297 [7] NCCL INFO Channel 27/0 : 15[f5000] -> 13[b5000] via P2P/IPC comm 0x556bc0712e40 nRanks 16
vcjob-2108113716403535873-abc12335-78022-worker-1:205:297 [7] NCCL INFO Channel 31/0 : 15[f5000] -> 13[b5000] via P2P/IPC comm 0x556bc0712e40 nRanks 16
vcjob-2108113716403535873-abc12335-78022-worker-1:200:317 [2] NCCL INFO Channel 00/0 : 10[55000] -> 9[36000] via P2P/IPC comm 0x55c31d1a2f90 nRanks 16
vcjob-2108113716403535873-abc12335-78022-worker-1:200:317 [2] NCCL INFO Channel 02/0 : 10[55000] -> 9[36000] via P2P/IPC comm 0x55c31d1a2f90 nRanks 16
vcjob-2108113716403535873-abc12335-78022-worker-1:200:317 [2] NCCL INFO Channel 03/0 : 10[55000] -> 9[36000] via P2P/IPC comm 0x55c31d1a2f90 nRanks 16
vcjob-2108113716403535873-abc12335-78022-worker-1:200:317 [2] NCCL INFO Channel 04/0 : 10[55000] -> 9[36000] via P2P/IPC comm 0x55c31d1a2f90 nRanks 16
vcjob-2108113716403535873-abc12335-78022-worker-1:200:317 [2] NCCL INFO Channel 06/0 : 10[55000] -> 9[36000] via P2P/IPC comm 0x55c31d1a2f90 nRanks 16
vcjob-2108113716403535873-abc12335-78022-worker-1:200:317 [2] NCCL INFO Channel 07/0 : 10[55000] -> 9[36000] via P2P/IPC comm 0x55c31d1a2f90 nRanks 16
vcjob-2108113716403535873-abc12335-78022-worker-1:200:317 [2] NCCL INFO Channel 08/0 : 10[55000] -> 9[36000] via P2P/IPC comm 0x55c31d1a2f90 nRanks 16
vcjob-2108113716403535873-abc12335-78022-worker-1:200:317 [2] NCCL INFO Channel 10/0 : 10[55000] -> 9[36000] via P2P/IPC comm 0x55c31d1a2f90 nRanks 16
vcjob-2108113716403535873-abc12335-78022-worker-1:200:317 [2] NCCL INFO Channel 11/0 : 10[55000] -> 9[36000] via P2P/IPC comm 0x55c31d1a2f90 nRanks 16
vcjob-2108113716403535873-abc12335-78022-worker-1:200:317 [2] NCCL INFO Channel 12/0 : 10[55000] -> 9[36000] via P2P/IPC comm 0x55c31d1a2f90 nRanks 16
vcjob-2108113716403535873-abc12335-78022-worker-1:200:317 [2] NCCL INFO Channel 14/0 : 10[55000] -> 9[36000] via P2P/IPC comm 0x55c31d1a2f90 nRanks 16
vcjob-2108113716403535873-abc12335-78022-worker-1:200:317 [2] NCCL INFO Channel 15/0 : 10[55000] -> 9[36000] via P2P/IPC comm 0x55c31d1a2f90 nRanks 16
vcjob-2108113716403535873-abc12335-78022-worker-1:200:317 [2] NCCL INFO Channel 16/0 : 10[55000] -> 9[36000] via P2P/IPC comm 0x55c31d1a2f90 nRanks 16
vcjob-2108113716403535873-abc12335-78022-worker-1:200:317 [2] NCCL INFO Channel 18/0 : 10[55000] -> 9[36000] via P2P/IPC comm 0x55c31d1a2f90 nRanks 16
vcjob-2108113716403535873-abc12335-78022-worker-1:200:317 [2] NCCL INFO Channel 19/0 : 10[55000] -> 9[36000] via P2P/IPC comm 0x55c31d1a2f90 nRanks 16
vcjob-2108113716403535873-abc12335-78022-worker-1:200:317 [2] NCCL INFO Channel 20/0 : 10[55000] -> 9[36000] via P2P/IPC comm 0x55c31d1a2f90 nRanks 16
vcjob-2108113716403535873-abc12335-78022-worker-1:200:317 [2] NCCL INFO Channel 22/0 : 10[55000] -> 9[36000] via P2P/IPC comm 0x55c31d1a2f90 nRanks 16
vcjob-2108113716403535873-abc12335-78022-worker-1:200:317 [2] NCCL INFO Channel 23/0 : 10[55000] -> 9[36000] via P2P/IPC comm 0x55c31d1a2f90 nRanks 16
vcjob-2108113716403535873-abc12335-78022-worker-1:200:317 [2] NCCL INFO Channel 24/0 : 10[55000] -> 9[36000] via P2P/IPC comm 0x55c31d1a2f90 nRanks 16
vcjob-2108113716403535873-abc12335-78022-worker-1:200:317 [2] NCCL INFO Channel 26/0 : 10[55000] -> 9[36000] via P2P/IPC comm 0x55c31d1a2f90 nRanks 16
vcjob-2108113716403535873-abc12335-78022-worker-1:200:317 [2] NCCL INFO Channel 27/0 : 10[55000] -> 9[36000] via P2P/IPC comm 0x55c31d1a2f90 nRanks 16
vcjob-2108113716403535873-abc12335-78022-worker-1:200:317 [2] NCCL INFO Channel 28/0 : 10[55000] -> 9[36000] via P2P/IPC comm 0x55c31d1a2f90 nRanks 16
vcjob-2108113716403535873-abc12335-78022-worker-1:200:317 [2] NCCL INFO Channel 30/0 : 10[55000] -> 9[36000] via P2P/IPC comm 0x55c31d1a2f90 nRanks 16
vcjob-2108113716403535873-abc12335-78022-worker-1:200:317 [2] NCCL INFO Channel 31/0 : 10[55000] -> 9[36000] via P2P/IPC comm 0x55c31d1a2f90 nRanks 16
vcjob-2108113716403535873-abc12335-78022-worker-1:202:336 [4] NCCL INFO Connected all trees
vcjob-2108113716403535873-abc12335-78022-worker-1:202:336 [4] NCCL INFO threadThresholds 8/8/64 | 128/8/64 | 256 | 256
vcjob-2108113716403535873-abc12335-78022-worker-1:202:336 [4] NCCL INFO 32 coll channels, 32 collnet channels, 0 nvls channels, 32 p2p channels, 2 p2p channels per peer
vcjob-2108113716403535873-abc12335-78022-worker-1:201:318 [3] NCCL INFO Connected all trees
vcjob-2108113716403535873-abc12335-78022-worker-1:201:318 [3] NCCL INFO threadThresholds 8/8/64 | 128/8/64 | 256 | 256
vcjob-2108113716403535873-abc12335-78022-worker-1:201:318 [3] NCCL INFO 32 coll channels, 32 collnet channels, 0 nvls channels, 32 p2p channels, 2 p2p channels per peer
vcjob-2108113716403535873-abc12335-78022-worker-1:198:319 [0] NCCL INFO Connected all trees
vcjob-2108113716403535873-abc12335-78022-worker-1:205:297 [7] NCCL INFO Connected all trees
vcjob-2108113716403535873-abc12335-78022-worker-1:203:298 [5] NCCL INFO Connected all trees
vcjob-2108113716403535873-abc12335-78022-worker-1:198:319 [0] NCCL INFO threadThresholds 8/8/64 | 128/8/64 | 256 | 256
vcjob-2108113716403535873-abc12335-78022-worker-1:198:319 [0] NCCL INFO 32 coll channels, 32 collnet channels, 0 nvls channels, 32 p2p channels, 2 p2p channels per peer
vcjob-2108113716403535873-abc12335-78022-worker-1:203:298 [5] NCCL INFO threadThresholds 8/8/64 | 128/8/64 | 256 | 256
vcjob-2108113716403535873-abc12335-78022-worker-1:203:298 [5] NCCL INFO 32 coll channels, 32 collnet channels, 0 nvls channels, 32 p2p channels, 2 p2p channels per peer
vcjob-2108113716403535873-abc12335-78022-worker-1:205:297 [7] NCCL INFO threadThresholds 8/8/64 | 128/8/64 | 256 | 256
vcjob-2108113716403535873-abc12335-78022-worker-1:205:297 [7] NCCL INFO 32 coll channels, 32 collnet channels, 0 nvls channels, 32 p2p channels, 2 p2p channels per peer
vcjob-2108113716403535873-abc12335-78022-worker-1:200:317 [2] NCCL INFO Connected all trees
vcjob-2108113716403535873-abc12335-78022-worker-1:200:317 [2] NCCL INFO threadThresholds 8/8/64 | 128/8/64 | 256 | 256
vcjob-2108113716403535873-abc12335-78022-worker-1:204:320 [6] NCCL INFO Connected all trees
vcjob-2108113716403535873-abc12335-78022-worker-1:200:317 [2] NCCL INFO 32 coll channels, 32 collnet channels, 0 nvls channels, 32 p2p channels, 2 p2p channels per peer
vcjob-2108113716403535873-abc12335-78022-worker-1:199:299 [1] NCCL INFO Connected all trees
vcjob-2108113716403535873-abc12335-78022-worker-1:204:320 [6] NCCL INFO threadThresholds 8/8/64 | 128/8/64 | 256 | 256
vcjob-2108113716403535873-abc12335-78022-worker-1:204:320 [6] NCCL INFO 32 coll channels, 32 collnet channels, 0 nvls channels, 32 p2p channels, 2 p2p channels per peer
vcjob-2108113716403535873-abc12335-78022-worker-1:199:299 [1] NCCL INFO threadThresholds 8/8/64 | 128/8/64 | 256 | 256
vcjob-2108113716403535873-abc12335-78022-worker-1:199:299 [1] NCCL INFO 32 coll channels, 32 collnet channels, 0 nvls channels, 32 p2p channels, 2 p2p channels per peer
vcjob-2108113716403535873-abc12335-78022-worker-1:204:320 [6] NCCL INFO TUNER/Plugin: Plugin name set by env to librccl-net-shca.so
vcjob-2108113716403535873-abc12335-78022-worker-1:203:298 [5] NCCL INFO TUNER/Plugin: Plugin name set by env to librccl-net-shca.so
vcjob-2108113716403535873-abc12335-78022-worker-1:203:298 [5] NCCL INFO TUNER/Plugin: Failed to find ncclTunerPlugin_v3 symbol.
vcjob-2108113716403535873-abc12335-78022-worker-1:203:298 [5] NCCL INFO TUNER/Plugin: Failed to find ncclTunerPlugin_v2 symbol, using internal tuner instead.
vcjob-2108113716403535873-abc12335-78022-worker-1:203:298 [5] NCCL INFO ncclCommInitRank comm 0x558b9127bf30 rank 13 nranks 16 cudaDev 5 nvmlDev 5 busId b5000 commId 0x9e69094759eafa66 localSize 480 used 333726064 bytes on core 91 - Init COMPLETE
vcjob-2108113716403535873-abc12335-78022-worker-1:198:319 [0] NCCL INFO TUNER/Plugin: Plugin name set by env to librccl-net-shca.so
vcjob-2108113716403535873-abc12335-78022-worker-1:204:320 [6] NCCL INFO TUNER/Plugin: Failed to find ncclTunerPlugin_v3 symbol.
vcjob-2108113716403535873-abc12335-78022-worker-1:201:318 [3] NCCL INFO TUNER/Plugin: Plugin name set by env to librccl-net-shca.so
vcjob-2108113716403535873-abc12335-78022-worker-1:204:320 [6] NCCL INFO TUNER/Plugin: Failed to find ncclTunerPlugin_v2 symbol, using internal tuner instead.
vcjob-2108113716403535873-abc12335-78022-worker-1:202:336 [4] NCCL INFO TUNER/Plugin: Plugin name set by env to librccl-net-shca.so
vcjob-2108113716403535873-abc12335-78022-worker-1:198:319 [0] NCCL INFO TUNER/Plugin: Failed to find ncclTunerPlugin_v3 symbol.
vcjob-2108113716403535873-abc12335-78022-worker-1:201:318 [3] NCCL INFO TUNER/Plugin: Failed to find ncclTunerPlugin_v3 symbol.
vcjob-2108113716403535873-abc12335-78022-worker-1:204:320 [6] NCCL INFO ncclCommInitRank comm 0x5589afdc2f40 rank 14 nranks 16 cudaDev 6 nvmlDev 6 busId d5000 commId 0x9e69094759eafa66 localSize 480 used 286048624 bytes on core 74 - Init COMPLETE
vcjob-2108113716403535873-abc12335-78022-worker-1:198:319 [0] NCCL INFO TUNER/Plugin: Failed to find ncclTunerPlugin_v2 symbol, using internal tuner instead.
vcjob-2108113716403535873-abc12335-78022-worker-1:202:336 [4] NCCL INFO TUNER/Plugin: Failed to find ncclTunerPlugin_v3 symbol.
vcjob-2108113716403535873-abc12335-78022-worker-1:201:318 [3] NCCL INFO TUNER/Plugin: Failed to find ncclTunerPlugin_v2 symbol, using internal tuner instead.
vcjob-2108113716403535873-abc12335-78022-worker-1:199:299 [1] NCCL INFO TUNER/Plugin: Plugin name set by env to librccl-net-shca.so
vcjob-2108113716403535873-abc12335-78022-worker-1:203:298 [5] NCCL INFO Init timings: rank 13 nranks 16 total 2.41 (kernels 0.05, bootstrap 0.34, allgathers 0.15, topo 0.81, graphs 0.01, connections 1.06, rest 0.01)
vcjob-2108113716403535873-abc12335-78022-worker-1:202:336 [4] NCCL INFO TUNER/Plugin: Failed to find ncclTunerPlugin_v2 symbol, using internal tuner instead.
vcjob-2108113716403535873-abc12335-78022-worker-1:198:319 [0] NCCL INFO ncclCommInitRank comm 0x564ab41f4f90 rank 8 nranks 16 cudaDev 0 nvmlDev 0 busId 9000 commId 0x9e69094759eafa66 localSize 480 used 333726064 bytes on core 4 - Init COMPLETE
vcjob-2108113716403535873-abc12335-78022-worker-1:201:318 [3] NCCL INFO ncclCommInitRank comm 0x555e3dbb9f50 rank 11 nranks 16 cudaDev 3 nvmlDev 3 busId 77000 commId 0x9e69094759eafa66 localSize 480 used 286048624 bytes on core 23 - Init COMPLETE
vcjob-2108113716403535873-abc12335-78022-worker-1:199:299 [1] NCCL INFO TUNER/Plugin: Failed to find ncclTunerPlugin_v3 symbol.
vcjob-2108113716403535873-abc12335-78022-worker-1:202:336 [4] NCCL INFO ncclCommInitRank comm 0x55baddd07ef0 rank 12 nranks 16 cudaDev 4 nvmlDev 4 busId 85000 commId 0x9e69094759eafa66 localSize 480 used 333726064 bytes on core 67 - Init COMPLETE
vcjob-2108113716403535873-abc12335-78022-worker-1:199:299 [1] NCCL INFO TUNER/Plugin: Failed to find ncclTunerPlugin_v2 symbol, using internal tuner instead.
vcjob-2108113716403535873-abc12335-78022-worker-1:204:320 [6] NCCL INFO Init timings: rank 14 nranks 16 total 2.30 (kernels 0.05, bootstrap 0.22, allgathers 0.13, topo 0.82, graphs 0.01, connections 1.06, rest 0.01)
vcjob-2108113716403535873-abc12335-78022-worker-1:198:319 [0] NCCL INFO Init timings: rank 8 nranks 16 total 2.30 (kernels 0.05, bootstrap 0.22, allgathers 0.11, topo 0.84, graphs 0.01, connections 1.06, rest 0.01)
vcjob-2108113716403535873-abc12335-78022-worker-1:205:297 [7] NCCL INFO TUNER/Plugin: Plugin name set by env to librccl-net-shca.so
vcjob-2108113716403535873-abc12335-78022-worker-1:199:299 [1] NCCL INFO ncclCommInitRank comm 0x559816c5af00 rank 9 nranks 16 cudaDev 1 nvmlDev 1 busId 36000 commId 0x9e69094759eafa66 localSize 480 used 333726064 bytes on core 16 - Init COMPLETE
vcjob-2108113716403535873-abc12335-78022-worker-1:205:297 [7] NCCL INFO TUNER/Plugin: Failed to find ncclTunerPlugin_v3 symbol.
vcjob-2108113716403535873-abc12335-78022-worker-1:201:318 [3] NCCL INFO Init timings: rank 11 nranks 16 total 2.31 (kernels 0.05, bootstrap 0.23, allgathers 0.13, topo 0.83, graphs 0.01, connections 0.47, rest 0.59)
vcjob-2108113716403535873-abc12335-78022-worker-1:199:299 [1] NCCL INFO Init timings: rank 9 nranks 16 total 2.41 (kernels 0.05, bootstrap 0.34, allgathers 0.12, topo 0.84, graphs 0.01, connections 1.06, rest 0.01)
vcjob-2108113716403535873-abc12335-78022-worker-1:202:336 [4] NCCL INFO Init timings: rank 12 nranks 16 total 2.21 (kernels 0.04, bootstrap 0.15, allgathers 0.14, topo 0.81, graphs 0.01, connections 0.42, rest 0.64)
vcjob-2108113716403535873-abc12335-78022-worker-1:205:297 [7] NCCL INFO TUNER/Plugin: Failed to find ncclTunerPlugin_v2 symbol, using internal tuner instead.
vcjob-2108113716403535873-abc12335-78022-worker-1:205:297 [7] NCCL INFO ncclCommInitRank comm 0x556bc0712e40 rank 15 nranks 16 cudaDev 7 nvmlDev 7 busId f5000 commId 0x9e69094759eafa66 localSize 480 used 286048624 bytes on core 86 - Init COMPLETE
vcjob-2108113716403535873-abc12335-78022-worker-1:200:317 [2] NCCL INFO TUNER/Plugin: Plugin name set by env to librccl-net-shca.so
vcjob-2108113716403535873-abc12335-78022-worker-1:200:317 [2] NCCL INFO TUNER/Plugin: Failed to find ncclTunerPlugin_v3 symbol.
vcjob-2108113716403535873-abc12335-78022-worker-1:205:297 [7] NCCL INFO Init timings: rank 15 nranks 16 total 2.41 (kernels 0.05, bootstrap 0.34, allgathers 0.12, topo 0.83, graphs 0.01, connections 1.06, rest 0.01)
vcjob-2108113716403535873-abc12335-78022-worker-1:200:317 [2] NCCL INFO TUNER/Plugin: Failed to find ncclTunerPlugin_v2 symbol, using internal tuner instead.
vcjob-2108113716403535873-abc12335-78022-worker-1:200:317 [2] NCCL INFO ncclCommInitRank comm 0x55c31d1a2f90 rank 10 nranks 16 cudaDev 2 nvmlDev 2 busId 55000 commId 0x9e69094759eafa66 localSize 480 used 286048624 bytes on core 11 - Init COMPLETE
vcjob-2108113716403535873-abc12335-78022-worker-1:200:317 [2] NCCL INFO Init timings: rank 10 nranks 16 total 2.31 (kernels 0.05, bootstrap 0.23, allgathers 0.11, topo 0.85, graphs 0.01, connections 1.06, rest 0.00)
I1008 16:34:34.877791   204 ProcessGroupNCCL.cpp:2890] [PG ID 0 PG GUID 0(default_pg) Rank 14] NCCL_DEBUG: INFO
I1008 16:34:34.877792   198 ProcessGroupNCCL.cpp:2890] [PG ID 0 PG GUID 0(default_pg) Rank 8] NCCL_DEBUG: INFO
I1008 16:34:34.877805   199 ProcessGroupNCCL.cpp:2890] [PG ID 0 PG GUID 0(default_pg) Rank 9] NCCL_DEBUG: INFO
I1008 16:34:34.877921   202 ProcessGroupNCCL.cpp:2890] [PG ID 0 PG GUID 0(default_pg) Rank 12] NCCL_DEBUG: INFO
I1008 16:34:34.877951   203 ProcessGroupNCCL.cpp:2890] [PG ID 0 PG GUID 0(default_pg) Rank 13] NCCL_DEBUG: INFO
I1008 16:34:34.877998   200 ProcessGroupNCCL.cpp:2890] [PG ID 0 PG GUID 0(default_pg) Rank 10] NCCL_DEBUG: INFO
I1008 16:34:34.878005   205 ProcessGroupNCCL.cpp:2890] [PG ID 0 PG GUID 0(default_pg) Rank 15] NCCL_DEBUG: INFO
I1008 16:34:34.878051   201 ProcessGroupNCCL.cpp:2890] [PG ID 0 PG GUID 0(default_pg) Rank 11] NCCL_DEBUG: INFO
vcjob-2108113716403535873-abc12335-78022-worker-1:198:358 [0] NCCL INFO recvProxyProgress: issued GDR flush
vcjob-2108113716403535873-abc12335-78022-worker-1:203:363 [5] NCCL INFO recvProxyProgress: issued GDR flush
vcjob-2108113716403535873-abc12335-78022-worker-1:202:360 [4] NCCL INFO recvProxyProgress: issued GDR flush
vcjob-2108113716403535873-abc12335-78022-worker-1:199:364 [1] NCCL INFO recvProxyProgress: issued GDR flush
/usr/local/lib/python3.11/site-packages/torch/distributed/distributed_c10d.py:4631: UserWarning: No device id is provided via `init_process_group` or `barrier `. Using the current device set by the user. 
  warnings.warn(  # warn only once
/usr/local/lib/python3.11/site-packages/torch/distributed/distributed_c10d.py:4631: UserWarning: No device id is provided via `init_process_group` or `barrier `. Using the current device set by the user. 
  warnings.warn(  # warn only once
/usr/local/lib/python3.11/site-packages/torch/distributed/distributed_c10d.py:4631: UserWarning: No device id is provided via `init_process_group` or `barrier `. Using the current device set by the user. 
  warnings.warn(  # warn only once
/usr/local/lib/python3.11/site-packages/torch/distributed/distributed_c10d.py:4631: UserWarning: No device id is provided via `init_process_group` or `barrier `. Using the current device set by the user. 
  warnings.warn(  # warn only once
/usr/local/lib/python3.11/site-packages/torch/distributed/distributed_c10d.py:4631: UserWarning: No device id is provided via `init_process_group` or `barrier `. Using the current device set by the user. 
  warnings.warn(  # warn only once
/usr/local/lib/python3.11/site-packages/torch/distributed/distributed_c10d.py:4631: UserWarning: No device id is provided via `init_process_group` or `barrier `. Using the current device set by the user. 
  warnings.warn(  # warn only once
/usr/local/lib/python3.11/site-packages/torch/distributed/distributed_c10d.py:4631: UserWarning: No device id is provided via `init_process_group` or `barrier `. Using the current device set by the user. 
  warnings.warn(  # warn only once
/usr/local/lib/python3.11/site-packages/torch/distributed/distributed_c10d.py:4631: UserWarning: No device id is provided via `init_process_group` or `barrier `. Using the current device set by the user. 
  warnings.warn(  # warn only once
I1008 16:34:42.436139   198 ProcessGroupNCCL.cpp:2857] [PG ID 0 PG GUID 0(default_pg) Rank 8] ProcessGroupNCCL broadcast unique ID through store took 3111 ms
I1008 16:34:42.436228   198 NCCLUtils.cpp:75] Rank 1: creating NCCL communicator with mode: blocking

vcjob-2108113716403535873-abc12335-78022-worker-1:198:198 [0] /data/jenkins_workspace/workspace/rccl_release/build/hipify/src/init.cc:170 NCCL WARN NUMA auto balancing enabled which can lead to variability in the RCCL performance! Disable by "sudo sysctl kernel.numa_balancing=0"
vcjob-2108113716403535873-abc12335-78022-worker-1:198:198 [0] NCCL INFO Kernel version: 5.15.0-25-generic

vcjob-2108113716403535873-abc12335-78022-worker-1:198:198 [0] /data/jenkins_workspace/workspace/rccl_release/build/hipify/src/init.cc:191 NCCL WARN Missing "iommu=pt" from kernel command line which can lead to system instablity or hang!
vcjob-2108113716403535873-abc12335-78022-worker-1:198:198 [0] NCCL INFO Comm config Blocking set to 1
vcjob-2108113716403535873-abc12335-78022-worker-1:198:6662 [0] NCCL INFO Using network IBext_v8
vcjob-2108113716403535873-abc12335-78022-worker-1:198:6662 [0] NCCL INFO rocm_smi_lib: version 7.6.0.0
vcjob-2108113716403535873-abc12335-78022-worker-1:198:6662 [0] NCCL INFO ncclCommInitRank comm 0x564ad7d37df0 rank 1 nranks 2 cudaDev 0 nvmlDev 0 busId 9000 commId 0x55800e56aaf5914a - Init START
vcjob-2108113716403535873-abc12335-78022-worker-1:198:6662 [0] NCCL INFO rank:1 get match hsa dev domain:0x0 bdf:0x900 rank busId:0x36864
vcjob-2108113716403535873-abc12335-78022-worker-1:198:6662 [0] NCCL INFO XDP Switch is off with xdp_size : 0
vcjob-2108113716403535873-abc12335-78022-worker-1:198:6662 [0] NCCL INFO NCCL_TOPO_FILE set by environment to /root/private_data/second_hygon/phase5-e2e-discovery/../rdma-shca/topo_lib/built-in-508-topo-input-tj-default.xml
vcjob-2108113716403535873-abc12335-78022-worker-1:198:6662 [0] NCCL INFO rocm_smi_lib: version 7.6.0.0
vcjob-2108113716403535873-abc12335-78022-worker-1:198:6662 [0] NCCL INFO Setting affinity for GPU 0 to ffff
vcjob-2108113716403535873-abc12335-78022-worker-1:198:6662 [0] NCCL INFO Rank:1 Get link topo from rocmDev:0 linkNum:8 link:0 linkState:1 remote type:1 bdf:0x9b00 topoType:2
vcjob-2108113716403535873-abc12335-78022-worker-1:198:6662 [0] NCCL INFO Transport init rank 1 useXdp 0 linkTopoType 2
vcjob-2108113716403535873-abc12335-78022-worker-1:198:6662 [0] NCCL INFO comm 0x564ad7d37df0 rank 1 nRanks 2 nNodes 2 localRanks 1 localRank 0 MNNVL 0
vcjob-2108113716403535873-abc12335-78022-worker-1:198:6662 [0] NCCL INFO Trees [0] -1/-1/-1->1->0 [1] -1/-1/-1->1->0 [2] 0/-1/-1->1->-1 [3] 0/-1/-1->1->-1 [4] -1/-1/-1->1->0 [5] -1/-1/-1->1->0 [6] 0/-1/-1->1->-1 [7] 0/-1/-1->1->-1 [8] -1/-1/-1->1->0 [9] -1/-1/-1->1->0 [10] 0/-1/-1->1->-1 [11] 0/-1/-1->1->-1 [12] -1/-1/-1->1->0 [13] -1/-1/-1->1->0 [14] 0/-1/-1->1->-1 [15] 0/-1/-1->1->-1 [16] -1/-1/-1->1->0 [17] -1/-1/-1->1->0 [18] 0/-1/-1->1->-1 [19] 0/-1/-1->1->-1 [20] -1/-1/-1->1->0 [21] -1/-1/-1->1->0 [22] 0/-1/-1->1->-1 [23] 0/-1/-1->1->-1 [24] -1/-1/-1->1->0 [25] -1/-1/-1->1->0 [26] 0/-1/-1->1->-1 [27] 0/-1/-1->1->-1 [28] -1/-1/-1->1->0 [29] -1/-1/-1->1->0 [30] 0/-1/-1->1->-1 [31] 0/-1/-1->1->-1 comm 0x564ad7d37df0 nRanks 02 busId 9000
vcjob-2108113716403535873-abc12335-78022-worker-1:198:6662 [0] NCCL INFO P2P Chunksize set to 131072
vcjob-2108113716403535873-abc12335-78022-worker-1:198:6662 [0] NCCL INFO comm->autoPerPeerOn: 1, comm->p2pnChannels: 32, comm->p2pnChannelsPerPeer: 32
vcjob-2108113716403535873-abc12335-78022-worker-1:198:6662 [0] NCCL INFO Channel 00/0 : 0[9000] -> 1[9000] [receive] via NET/IBext_v8/0/GDRDMA comm 0x564ad7d37df0 nRanks 02
vcjob-2108113716403535873-abc12335-78022-worker-1:198:6662 [0] NCCL INFO Channel 01/0 : 0[9000] -> 1[9000] [receive] via NET/IBext_v8/0/GDRDMA comm 0x564ad7d37df0 nRanks 02
vcjob-2108113716403535873-abc12335-78022-worker-1:198:6662 [0] NCCL INFO Channel 02/0 : 0[9000] -> 1[9000] [receive] via NET/IBext_v8/0/GDRDMA comm 0x564ad7d37df0 nRanks 02
vcjob-2108113716403535873-abc12335-78022-worker-1:198:6662 [0] NCCL INFO Channel 03/0 : 0[9000] -> 1[9000] [receive] via NET/IBext_v8/0/GDRDMA comm 0x564ad7d37df0 nRanks 02
vcjob-2108113716403535873-abc12335-78022-worker-1:198:6662 [0] NCCL INFO Channel 04/0 : 0[9000] -> 1[9000] [receive] via NET/IBext_v8/0/GDRDMA comm 0x564ad7d37df0 nRanks 02
vcjob-2108113716403535873-abc12335-78022-worker-1:198:6662 [0] NCCL INFO Channel 05/0 : 0[9000] -> 1[9000] [receive] via NET/IBext_v8/0/GDRDMA comm 0x564ad7d37df0 nRanks 02
vcjob-2108113716403535873-abc12335-78022-worker-1:198:6662 [0] NCCL INFO Channel 06/0 : 0[9000] -> 1[9000] [receive] via NET/IBext_v8/0/GDRDMA comm 0x564ad7d37df0 nRanks 02
vcjob-2108113716403535873-abc12335-78022-worker-1:198:6662 [0] NCCL INFO Channel 07/0 : 0[9000] -> 1[9000] [receive] via NET/IBext_v8/0/GDRDMA comm 0x564ad7d37df0 nRanks 02
vcjob-2108113716403535873-abc12335-78022-worker-1:198:6662 [0] NCCL INFO Channel 08/0 : 0[9000] -> 1[9000] [receive] via NET/IBext_v8/0/GDRDMA comm 0x564ad7d37df0 nRanks 02
vcjob-2108113716403535873-abc12335-78022-worker-1:198:6662 [0] NCCL INFO Channel 09/0 : 0[9000] -> 1[9000] [receive] via NET/IBext_v8/0/GDRDMA comm 0x564ad7d37df0 nRanks 02
vcjob-2108113716403535873-abc12335-78022-worker-1:198:6662 [0] NCCL INFO Channel 10/0 : 0[9000] -> 1[9000] [receive] via NET/IBext_v8/0/GDRDMA comm 0x564ad7d37df0 nRanks 02
vcjob-2108113716403535873-abc12335-78022-worker-1:198:6662 [0] NCCL INFO Channel 11/0 : 0[9000] -> 1[9000] [receive] via NET/IBext_v8/0/GDRDMA comm 0x564ad7d37df0 nRanks 02
vcjob-2108113716403535873-abc12335-78022-worker-1:198:6662 [0] NCCL INFO Channel 12/0 : 0[9000] -> 1[9000] [receive] via NET/IBext_v8/0/GDRDMA comm 0x564ad7d37df0 nRanks 02
vcjob-2108113716403535873-abc12335-78022-worker-1:198:6662 [0] NCCL INFO Channel 13/0 : 0[9000] -> 1[9000] [receive] via NET/IBext_v8/0/GDRDMA comm 0x564ad7d37df0 nRanks 02
vcjob-2108113716403535873-abc12335-78022-worker-1:198:6662 [0] NCCL INFO Channel 14/0 : 0[9000] -> 1[9000] [receive] via NET/IBext_v8/0/GDRDMA comm 0x564ad7d37df0 nRanks 02
vcjob-2108113716403535873-abc12335-78022-worker-1:198:6662 [0] NCCL INFO Channel 15/0 : 0[9000] -> 1[9000] [receive] via NET/IBext_v8/0/GDRDMA comm 0x564ad7d37df0 nRanks 02
vcjob-2108113716403535873-abc12335-78022-worker-1:198:6662 [0] NCCL INFO Channel 16/0 : 0[9000] -> 1[9000] [receive] via NET/IBext_v8/0/GDRDMA comm 0x564ad7d37df0 nRanks 02
vcjob-2108113716403535873-abc12335-78022-worker-1:198:6662 [0] NCCL INFO Channel 17/0 : 0[9000] -> 1[9000] [receive] via NET/IBext_v8/0/GDRDMA comm 0x564ad7d37df0 nRanks 02
vcjob-2108113716403535873-abc12335-78022-worker-1:198:6662 [0] NCCL INFO Channel 18/0 : 0[9000] -> 1[9000] [receive] via NET/IBext_v8/0/GDRDMA comm 0x564ad7d37df0 nRanks 02
vcjob-2108113716403535873-abc12335-78022-worker-1:198:6662 [0] NCCL INFO Channel 19/0 : 0[9000] -> 1[9000] [receive] via NET/IBext_v8/0/GDRDMA comm 0x564ad7d37df0 nRanks 02
vcjob-2108113716403535873-abc12335-78022-worker-1:198:6662 [0] NCCL INFO Channel 20/0 : 0[9000] -> 1[9000] [receive] via NET/IBext_v8/0/GDRDMA comm 0x564ad7d37df0 nRanks 02
vcjob-2108113716403535873-abc12335-78022-worker-1:198:6662 [0] NCCL INFO Channel 21/0 : 0[9000] -> 1[9000] [receive] via NET/IBext_v8/0/GDRDMA comm 0x564ad7d37df0 nRanks 02
vcjob-2108113716403535873-abc12335-78022-worker-1:198:6662 [0] NCCL INFO Channel 22/0 : 0[9000] -> 1[9000] [receive] via NET/IBext_v8/0/GDRDMA comm 0x564ad7d37df0 nRanks 02
vcjob-2108113716403535873-abc12335-78022-worker-1:198:6662 [0] NCCL INFO Channel 23/0 : 0[9000] -> 1[9000] [receive] via NET/IBext_v8/0/GDRDMA comm 0x564ad7d37df0 nRanks 02
vcjob-2108113716403535873-abc12335-78022-worker-1:198:6662 [0] NCCL INFO Channel 24/0 : 0[9000] -> 1[9000] [receive] via NET/IBext_v8/0/GDRDMA comm 0x564ad7d37df0 nRanks 02
vcjob-2108113716403535873-abc12335-78022-worker-1:198:6662 [0] NCCL INFO Channel 25/0 : 0[9000] -> 1[9000] [receive] via NET/IBext_v8/0/GDRDMA comm 0x564ad7d37df0 nRanks 02
vcjob-2108113716403535873-abc12335-78022-worker-1:198:6662 [0] NCCL INFO Channel 26/0 : 0[9000] -> 1[9000] [receive] via NET/IBext_v8/0/GDRDMA comm 0x564ad7d37df0 nRanks 02
vcjob-2108113716403535873-abc12335-78022-worker-1:198:6662 [0] NCCL INFO Channel 27/0 : 0[9000] -> 1[9000] [receive] via NET/IBext_v8/0/GDRDMA comm 0x564ad7d37df0 nRanks 02
vcjob-2108113716403535873-abc12335-78022-worker-1:198:6662 [0] NCCL INFO Channel 28/0 : 0[9000] -> 1[9000] [receive] via NET/IBext_v8/0/GDRDMA comm 0x564ad7d37df0 nRanks 02
vcjob-2108113716403535873-abc12335-78022-worker-1:198:6662 [0] NCCL INFO Channel 29/0 : 0[9000] -> 1[9000] [receive] via NET/IBext_v8/0/GDRDMA comm 0x564ad7d37df0 nRanks 02
vcjob-2108113716403535873-abc12335-78022-worker-1:198:6662 [0] NCCL INFO Channel 30/0 : 0[9000] -> 1[9000] [receive] via NET/IBext_v8/0/GDRDMA comm 0x564ad7d37df0 nRanks 02
vcjob-2108113716403535873-abc12335-78022-worker-1:198:6662 [0] NCCL INFO Channel 31/0 : 0[9000] -> 1[9000] [receive] via NET/IBext_v8/0/GDRDMA comm 0x564ad7d37df0 nRanks 02
vcjob-2108113716403535873-abc12335-78022-worker-1:198:6662 [0] NCCL INFO Channel 00/0 : 1[9000] -> 0[9000] [send] via NET/IBext_v8/0/GDRDMA comm 0x564ad7d37df0 nRanks 02
vcjob-2108113716403535873-abc12335-78022-worker-1:198:6662 [0] NCCL INFO Channel 01/0 : 1[9000] -> 0[9000] [send] via NET/IBext_v8/0/GDRDMA comm 0x564ad7d37df0 nRanks 02
vcjob-2108113716403535873-abc12335-78022-worker-1:198:6662 [0] NCCL INFO Channel 02/0 : 1[9000] -> 0[9000] [send] via NET/IBext_v8/0/GDRDMA comm 0x564ad7d37df0 nRanks 02
vcjob-2108113716403535873-abc12335-78022-worker-1:198:6662 [0] NCCL INFO Channel 03/0 : 1[9000] -> 0[9000] [send] via NET/IBext_v8/0/GDRDMA comm 0x564ad7d37df0 nRanks 02
vcjob-2108113716403535873-abc12335-78022-worker-1:198:6662 [0] NCCL INFO Channel 04/0 : 1[9000] -> 0[9000] [send] via NET/IBext_v8/0/GDRDMA comm 0x564ad7d37df0 nRanks 02
vcjob-2108113716403535873-abc12335-78022-worker-1:198:6662 [0] NCCL INFO Channel 05/0 : 1[9000] -> 0[9000] [send] via NET/IBext_v8/0/GDRDMA comm 0x564ad7d37df0 nRanks 02
vcjob-2108113716403535873-abc12335-78022-worker-1:198:6662 [0] NCCL INFO Channel 06/0 : 1[9000] -> 0[9000] [send] via NET/IBext_v8/0/GDRDMA comm 0x564ad7d37df0 nRanks 02
vcjob-2108113716403535873-abc12335-78022-worker-1:198:6662 [0] NCCL INFO Channel 07/0 : 1[9000] -> 0[9000] [send] via NET/IBext_v8/0/GDRDMA comm 0x564ad7d37df0 nRanks 02
vcjob-2108113716403535873-abc12335-78022-worker-1:198:6662 [0] NCCL INFO Channel 08/0 : 1[9000] -> 0[9000] [send] via NET/IBext_v8/0/GDRDMA comm 0x564ad7d37df0 nRanks 02
vcjob-2108113716403535873-abc12335-78022-worker-1:198:6662 [0] NCCL INFO Channel 09/0 : 1[9000] -> 0[9000] [send] via NET/IBext_v8/0/GDRDMA comm 0x564ad7d37df0 nRanks 02
vcjob-2108113716403535873-abc12335-78022-worker-1:198:6662 [0] NCCL INFO Channel 10/0 : 1[9000] -> 0[9000] [send] via NET/IBext_v8/0/GDRDMA comm 0x564ad7d37df0 nRanks 02
vcjob-2108113716403535873-abc12335-78022-worker-1:198:6662 [0] NCCL INFO Channel 11/0 : 1[9000] -> 0[9000] [send] via NET/IBext_v8/0/GDRDMA comm 0x564ad7d37df0 nRanks 02
vcjob-2108113716403535873-abc12335-78022-worker-1:198:6662 [0] NCCL INFO Channel 12/0 : 1[9000] -> 0[9000] [send] via NET/IBext_v8/0/GDRDMA comm 0x564ad7d37df0 nRanks 02
vcjob-2108113716403535873-abc12335-78022-worker-1:198:6662 [0] NCCL INFO Channel 13/0 : 1[9000] -> 0[9000] [send] via NET/IBext_v8/0/GDRDMA comm 0x564ad7d37df0 nRanks 02
vcjob-2108113716403535873-abc12335-78022-worker-1:198:6662 [0] NCCL INFO Channel 14/0 : 1[9000] -> 0[9000] [send] via NET/IBext_v8/0/GDRDMA comm 0x564ad7d37df0 nRanks 02
vcjob-2108113716403535873-abc12335-78022-worker-1:198:6662 [0] NCCL INFO Channel 15/0 : 1[9000] -> 0[9000] [send] via NET/IBext_v8/0/GDRDMA comm 0x564ad7d37df0 nRanks 02
vcjob-2108113716403535873-abc12335-78022-worker-1:198:6662 [0] NCCL INFO Channel 16/0 : 1[9000] -> 0[9000] [send] via NET/IBext_v8/0/GDRDMA comm 0x564ad7d37df0 nRanks 02
vcjob-2108113716403535873-abc12335-78022-worker-1:198:6662 [0] NCCL INFO Channel 17/0 : 1[9000] -> 0[9000] [send] via NET/IBext_v8/0/GDRDMA comm 0x564ad7d37df0 nRanks 02
vcjob-2108113716403535873-abc12335-78022-worker-1:198:6662 [0] NCCL INFO Channel 18/0 : 1[9000] -> 0[9000] [send] via NET/IBext_v8/0/GDRDMA comm 0x564ad7d37df0 nRanks 02
vcjob-2108113716403535873-abc12335-78022-worker-1:198:6662 [0] NCCL INFO Channel 19/0 : 1[9000] -> 0[9000] [send] via NET/IBext_v8/0/GDRDMA comm 0x564ad7d37df0 nRanks 02
vcjob-2108113716403535873-abc12335-78022-worker-1:198:6662 [0] NCCL INFO Channel 20/0 : 1[9000] -> 0[9000] [send] via NET/IBext_v8/0/GDRDMA comm 0x564ad7d37df0 nRanks 02
vcjob-2108113716403535873-abc12335-78022-worker-1:198:6662 [0] NCCL INFO Channel 21/0 : 1[9000] -> 0[9000] [send] via NET/IBext_v8/0/GDRDMA comm 0x564ad7d37df0 nRanks 02
vcjob-2108113716403535873-abc12335-78022-worker-1:198:6662 [0] NCCL INFO Channel 22/0 : 1[9000] -> 0[9000] [send] via NET/IBext_v8/0/GDRDMA comm 0x564ad7d37df0 nRanks 02
vcjob-2108113716403535873-abc12335-78022-worker-1:198:6662 [0] NCCL INFO Channel 23/0 : 1[9000] -> 0[9000] [send] via NET/IBext_v8/0/GDRDMA comm 0x564ad7d37df0 nRanks 02
vcjob-2108113716403535873-abc12335-78022-worker-1:198:6662 [0] NCCL INFO Channel 24/0 : 1[9000] -> 0[9000] [send] via NET/IBext_v8/0/GDRDMA comm 0x564ad7d37df0 nRanks 02
vcjob-2108113716403535873-abc12335-78022-worker-1:198:6662 [0] NCCL INFO Channel 25/0 : 1[9000] -> 0[9000] [send] via NET/IBext_v8/0/GDRDMA comm 0x564ad7d37df0 nRanks 02
vcjob-2108113716403535873-abc12335-78022-worker-1:198:6662 [0] NCCL INFO Channel 26/0 : 1[9000] -> 0[9000] [send] via NET/IBext_v8/0/GDRDMA comm 0x564ad7d37df0 nRanks 02
vcjob-2108113716403535873-abc12335-78022-worker-1:198:6662 [0] NCCL INFO Channel 27/0 : 1[9000] -> 0[9000] [send] via NET/IBext_v8/0/GDRDMA comm 0x564ad7d37df0 nRanks 02
vcjob-2108113716403535873-abc12335-78022-worker-1:198:6662 [0] NCCL INFO Channel 28/0 : 1[9000] -> 0[9000] [send] via NET/IBext_v8/0/GDRDMA comm 0x564ad7d37df0 nRanks 02
vcjob-2108113716403535873-abc12335-78022-worker-1:198:6662 [0] NCCL INFO Channel 29/0 : 1[9000] -> 0[9000] [send] via NET/IBext_v8/0/GDRDMA comm 0x564ad7d37df0 nRanks 02
vcjob-2108113716403535873-abc12335-78022-worker-1:198:6662 [0] NCCL INFO Channel 30/0 : 1[9000] -> 0[9000] [send] via NET/IBext_v8/0/GDRDMA comm 0x564ad7d37df0 nRanks 02
vcjob-2108113716403535873-abc12335-78022-worker-1:198:6662 [0] NCCL INFO Channel 31/0 : 1[9000] -> 0[9000] [send] via NET/IBext_v8/0/GDRDMA comm 0x564ad7d37df0 nRanks 02
vcjob-2108113716403535873-abc12335-78022-worker-1:198:6662 [0] NCCL INFO Connected all rings
vcjob-2108113716403535873-abc12335-78022-worker-1:198:6662 [0] NCCL INFO Connected all trees
vcjob-2108113716403535873-abc12335-78022-worker-1:198:6662 [0] NCCL INFO threadThresholds 8/8/64 | 16/8/64 | 256 | 256
vcjob-2108113716403535873-abc12335-78022-worker-1:198:6662 [0] NCCL INFO 32 coll channels, 32 collnet channels, 0 nvls channels, 32 p2p channels, 32 p2p channels per peer
vcjob-2108113716403535873-abc12335-78022-worker-1:198:6662 [0] NCCL INFO ncclCommInitRank comm 0x564ad7d37df0 rank 1 nranks 2 cudaDev 0 nvmlDev 0 busId 9000 commId 0x55800e56aaf5914a localSize 480 used 539886304 bytes on core 0 - Init COMPLETE
vcjob-2108113716403535873-abc12335-78022-worker-1:198:6662 [0] NCCL INFO Init timings: rank 1 nranks 2 total 0.68 (kernels 0.00, bootstrap 0.08, allgathers 0.02, topo 0.10, graphs 0.00, connections 0.48, rest 0.00)
I1008 16:34:43.121102   198 ProcessGroupNCCL.cpp:2890] [PG ID 0 PG GUID 0(default_pg) Rank 8] NCCL_DEBUG: INFO
vcjob-2108113716403535873-abc12335-78022-worker-1:198:6666 [0] NCCL INFO Channel 01/1 : 1[9000] -> 0[9000] [send] via NET/IBext_v8/0/GDRDMA/Shared comm 0x564ad7d37df0 nRanks 02
vcjob-2108113716403535873-abc12335-78022-worker-1:198:6666 [0] NCCL INFO Channel 03/1 : 1[9000] -> 0[9000] [send] via NET/IBext_v8/0/GDRDMA/Shared comm 0x564ad7d37df0 nRanks 02
vcjob-2108113716403535873-abc12335-78022-worker-1:198:6666 [0] NCCL INFO Channel 05/1 : 1[9000] -> 0[9000] [send] via NET/IBext_v8/0/GDRDMA/Shared comm 0x564ad7d37df0 nRanks 02
vcjob-2108113716403535873-abc12335-78022-worker-1:198:6666 [0] NCCL INFO Channel 07/1 : 1[9000] -> 0[9000] [send] via NET/IBext_v8/0/GDRDMA/Shared comm 0x564ad7d37df0 nRanks 02
vcjob-2108113716403535873-abc12335-78022-worker-1:198:6666 [0] NCCL INFO Channel 09/1 : 1[9000] -> 0[9000] [send] via NET/IBext_v8/0/GDRDMA/Shared comm 0x564ad7d37df0 nRanks 02
vcjob-2108113716403535873-abc12335-78022-worker-1:198:6666 [0] NCCL INFO Channel 11/1 : 1[9000] -> 0[9000] [send] via NET/IBext_v8/0/GDRDMA/Shared comm 0x564ad7d37df0 nRanks 02
vcjob-2108113716403535873-abc12335-78022-worker-1:198:6666 [0] NCCL INFO Channel 13/1 : 1[9000] -> 0[9000] [send] via NET/IBext_v8/0/GDRDMA/Shared comm 0x564ad7d37df0 nRanks 02
vcjob-2108113716403535873-abc12335-78022-worker-1:198:6666 [0] NCCL INFO Channel 15/1 : 1[9000] -> 0[9000] [send] via NET/IBext_v8/0/GDRDMA/Shared comm 0x564ad7d37df0 nRanks 02
vcjob-2108113716403535873-abc12335-78022-worker-1:198:6666 [0] NCCL INFO Channel 17/1 : 1[9000] -> 0[9000] [send] via NET/IBext_v8/0/GDRDMA/Shared comm 0x564ad7d37df0 nRanks 02
vcjob-2108113716403535873-abc12335-78022-worker-1:198:6666 [0] NCCL INFO Channel 19/1 : 1[9000] -> 0[9000] [send] via NET/IBext_v8/0/GDRDMA/Shared comm 0x564ad7d37df0 nRanks 02
vcjob-2108113716403535873-abc12335-78022-worker-1:198:6666 [0] NCCL INFO Channel 21/1 : 1[9000] -> 0[9000] [send] via NET/IBext_v8/0/GDRDMA/Shared comm 0x564ad7d37df0 nRanks 02
vcjob-2108113716403535873-abc12335-78022-worker-1:198:6666 [0] NCCL INFO Channel 23/1 : 1[9000] -> 0[9000] [send] via NET/IBext_v8/0/GDRDMA/Shared comm 0x564ad7d37df0 nRanks 02
vcjob-2108113716403535873-abc12335-78022-worker-1:198:6666 [0] NCCL INFO Channel 25/1 : 1[9000] -> 0[9000] [send] via NET/IBext_v8/0/GDRDMA/Shared comm 0x564ad7d37df0 nRanks 02
vcjob-2108113716403535873-abc12335-78022-worker-1:198:6666 [0] NCCL INFO Channel 27/1 : 1[9000] -> 0[9000] [send] via NET/IBext_v8/0/GDRDMA/Shared comm 0x564ad7d37df0 nRanks 02
vcjob-2108113716403535873-abc12335-78022-worker-1:198:6666 [0] NCCL INFO Channel 29/1 : 1[9000] -> 0[9000] [send] via NET/IBext_v8/0/GDRDMA/Shared comm 0x564ad7d37df0 nRanks 02
vcjob-2108113716403535873-abc12335-78022-worker-1:198:6666 [0] NCCL INFO Channel 31/1 : 1[9000] -> 0[9000] [send] via NET/IBext_v8/0/GDRDMA/Shared comm 0x564ad7d37df0 nRanks 02

vcjob-2108113716403535873-abc12335-78022-worker-1:198:6663 [0] socket.c:729 NCCL WARN ncclSocketInit: connecting to address  with family 0 is neither AF_INET(2) nor AF_INET6(10)
vcjob-2108113716403535873-abc12335-78022-worker-1:198:6663 [0] NCCL INFO ib_plugin.c:875 -> 3
vcjob-2108113716403535873-abc12335-78022-worker-1:198:6663 [0] NCCL INFO /data/jenkins_workspace/workspace/rccl_release/build/hipify/src/transport/net_tmp.cc:775 -> error code 3

vcjob-2108113716403535873-abc12335-78022-worker-1:198:6663 [0] socket.c:729 NCCL WARN ncclSocketInit: connecting to address  with family 0 is neither AF_INET(2) nor AF_INET6(10)
vcjob-2108113716403535873-abc12335-78022-worker-1:198:6663 [0] NCCL INFO ib_plugin.c:875 -> 3
vcjob-2108113716403535873-abc12335-78022-worker-1:198:6663 [0] NCCL INFO /data/jenkins_workspace/workspace/rccl_release/build/hipify/src/transport/net_tmp.cc:775 -> error code 3

vcjob-2108113716403535873-abc12335-78022-worker-1:198:6663 [0] socket.c:729 NCCL WARN ncclSocketInit: connecting to address  with family 0 is neither AF_INET(2) nor AF_INET6(10)
vcjob-2108113716403535873-abc12335-78022-worker-1:198:6663 [0] NCCL INFO ib_plugin.c:875 -> 3
vcjob-2108113716403535873-abc12335-78022-worker-1:198:6663 [0] NCCL INFO /data/jenkins_workspace/workspace/rccl_release/build/hipify/src/transport/net_tmp.cc:775 -> error code 3

vcjob-2108113716403535873-abc12335-78022-worker-1:198:6663 [0] socket.c:729 NCCL WARN ncclSocketInit: connecting to address  with family 0 is neither AF_INET(2) nor AF_INET6(10)
vcjob-2108113716403535873-abc12335-78022-worker-1:198:6663 [0] NCCL INFO ib_plugin.c:875 -> 3
vcjob-2108113716403535873-abc12335-78022-worker-1:198:6663 [0] NCCL INFO /data/jenkins_workspace/workspace/rccl_release/build/hipify/src/transport/net_tmp.cc:775 -> error code 3

vcjob-2108113716403535873-abc12335-78022-worker-1:198:6663 [0] socket.c:729 NCCL WARN ncclSocketInit: connecting to address  with family 0 is neither AF_INET(2) nor AF_INET6(10)
vcjob-2108113716403535873-abc12335-78022-worker-1:198:6663 [0] NCCL INFO ib_plugin.c:875 -> 3
vcjob-2108113716403535873-abc12335-78022-worker-1:198:6663 [0] NCCL INFO /data/jenkins_workspace/workspace/rccl_release/build/hipify/src/transport/net_tmp.cc:775 -> error code 3

vcjob-2108113716403535873-abc12335-78022-worker-1:198:6663 [0] socket.c:729 NCCL WARN ncclSocketInit: connecting to address  with family 0 is neither AF_INET(2) nor AF_INET6(10)
vcjob-2108113716403535873-abc12335-78022-worker-1:198:6663 [0] NCCL INFO ib_plugin.c:875 -> 3
vcjob-2108113716403535873-abc12335-78022-worker-1:198:6663 [0] NCCL INFO /data/jenkins_workspace/workspace/rccl_release/build/hipify/src/transport/net_tmp.cc:775 -> error code 3

vcjob-2108113716403535873-abc12335-78022-worker-1:198:6663 [0] socket.c:729 NCCL WARN ncclSocketInit: connecting to address  with family 0 is neither AF_INET(2) nor AF_INET6(10)
vcjob-2108113716403535873-abc12335-78022-worker-1:198:6663 [0] NCCL INFO ib_plugin.c:875 -> 3
vcjob-2108113716403535873-abc12335-78022-worker-1:198:6663 [0] NCCL INFO /data/jenkins_workspace/workspace/rccl_release/build/hipify/src/transport/net_tmp.cc:775 -> error code 3

vcjob-2108113716403535873-abc12335-78022-worker-1:198:6663 [0] socket.c:729 NCCL WARN ncclSocketInit: connecting to address  with family 0 is neither AF_INET(2) nor AF_INET6(10)
vcjob-2108113716403535873-abc12335-78022-worker-1:198:6663 [0] NCCL INFO ib_plugin.c:875 -> 3
vcjob-2108113716403535873-abc12335-78022-worker-1:198:6663 [0] NCCL INFO /data/jenkins_workspace/workspace/rccl_release/build/hipify/src/transport/net_tmp.cc:775 -> error code 3

vcjob-2108113716403535873-abc12335-78022-worker-1:198:6663 [0] socket.c:729 NCCL WARN ncclSocketInit: connecting to address  with family 0 is neither AF_INET(2) nor AF_INET6(10)
vcjob-2108113716403535873-abc12335-78022-worker-1:198:6663 [0] NCCL INFO ib_plugin.c:875 -> 3
vcjob-2108113716403535873-abc12335-78022-worker-1:198:6663 [0] NCCL INFO /data/jenkins_workspace/workspace/rccl_release/build/hipify/src/transport/net_tmp.cc:775 -> error code 3

vcjob-2108113716403535873-abc12335-78022-worker-1:198:6663 [0] socket.c:729 NCCL WARN ncclSocketInit: connecting to address  with family 0 is neither AF_INET(2) nor AF_INET6(10)
vcjob-2108113716403535873-abc12335-78022-worker-1:198:6663 [0] NCCL INFO ib_plugin.c:875 -> 3
vcjob-2108113716403535873-abc12335-78022-worker-1:198:6663 [0] NCCL INFO /data/jenkins_workspace/workspace/rccl_release/build/hipify/src/transport/net_tmp.cc:775 -> error code 3

vcjob-2108113716403535873-abc12335-78022-worker-1:198:6663 [0] socket.c:729 NCCL WARN ncclSocketInit: connecting to address  with family 0 is neither AF_INET(2) nor AF_INET6(10)
vcjob-2108113716403535873-abc12335-78022-worker-1:198:6663 [0] NCCL INFO ib_plugin.c:875 -> 3
vcjob-2108113716403535873-abc12335-78022-worker-1:198:6663 [0] NCCL INFO /data/jenkins_workspace/workspace/rccl_release/build/hipify/src/transport/net_tmp.cc:775 -> error code 3

vcjob-2108113716403535873-abc12335-78022-worker-1:198:6663 [0] socket.c:729 NCCL WARN ncclSocketInit: connecting to address  with family 0 is neither AF_INET(2) nor AF_INET6(10)
vcjob-2108113716403535873-abc12335-78022-worker-1:198:6663 [0] NCCL INFO ib_plugin.c:875 -> 3
vcjob-2108113716403535873-abc12335-78022-worker-1:198:6663 [0] NCCL INFO /data/jenkins_workspace/workspace/rccl_release/build/hipify/src/transport/net_tmp.cc:775 -> error code 3

vcjob-2108113716403535873-abc12335-78022-worker-1:198:6663 [0] socket.c:729 NCCL WARN ncclSocketInit: connecting to address  with family 0 is neither AF_INET(2) nor AF_INET6(10)
vcjob-2108113716403535873-abc12335-78022-worker-1:198:6663 [0] NCCL INFO ib_plugin.c:875 -> 3
vcjob-2108113716403535873-abc12335-78022-worker-1:198:6663 [0] NCCL INFO /data/jenkins_workspace/workspace/rccl_release/build/hipify/src/transport/net_tmp.cc:775 -> error code 3
vcjob-2108113716403535873-abc12335-78022-worker-1:198:6666 [0] NCCL INFO /data/jenkins_workspace/workspace/rccl_release/build/hipify/src/transport.cc:205 -> error code 3

vcjob-2108113716403535873-abc12335-78022-worker-1:198:6663 [0] socket.c:729 NCCL WARN ncclSocketInit: connecting to address  with family 0 is neither AF_INET(2) nor AF_INET6(10)
vcjob-2108113716403535873-abc12335-78022-worker-1:198:6663 [0] NCCL INFO ib_plugin.c:875 -> 3
vcjob-2108113716403535873-abc12335-78022-worker-1:198:6663 [0] NCCL INFO /data/jenkins_workspace/workspace/rccl_release/build/hipify/src/transport/net_tmp.cc:775 -> error code 3

vcjob-2108113716403535873-abc12335-78022-worker-1:198:6663 [0] socket.c:729 NCCL WARN ncclSocketInit: connecting to address  with family 0 is neither AF_INET(2) nor AF_INET6(10)
vcjob-2108113716403535873-abc12335-78022-worker-1:198:6666 [0] NCCL INFO /data/jenkins_workspace/workspace/rccl_release/build/hipify/src/group.cc:141 -> error code 3
vcjob-2108113716403535873-abc12335-78022-worker-1:198:6663 [0] NCCL INFO ib_plugin.c:875 -> 3
vcjob-2108113716403535873-abc12335-78022-worker-1:198:6666 [0] NCCL INFO /data/jenkins_workspace/workspace/rccl_release/build/hipify/src/group.cc:75 -> 3 [Async thread]
vcjob-2108113716403535873-abc12335-78022-worker-1:198:6663 [0] NCCL INFO /data/jenkins_workspace/workspace/rccl_release/build/hipify/src/transport/net_tmp.cc:775 -> error code 3

vcjob-2108113716403535873-abc12335-78022-worker-1:198:6663 [0] socket.c:729 NCCL WARN ncclSocketInit: connecting to address  with family 0 is neither AF_INET(2) nor AF_INET6(10)
vcjob-2108113716403535873-abc12335-78022-worker-1:198:6663 [0] NCCL INFO ib_plugin.c:875 -> 3
vcjob-2108113716403535873-abc12335-78022-worker-1:198:6663 [0] NCCL INFO /data/jenkins_workspace/workspace/rccl_release/build/hipify/src/transport/net_tmp.cc:775 -> error code 3
vcjob-2108113716403535873-abc12335-78022-worker-1:198:6663 [0] NCCL INFO /data/jenkins_workspace/workspace/rccl_release/build/hipify/src/misc/socket.cc:52 -> error code 3
vcjob-2108113716403535873-abc12335-78022-worker-1:198:6663 [0] NCCL INFO /data/jenkins_workspace/workspace/rccl_release/build/hipify/src/misc/socket.cc:63 -> error code 3
vcjob-2108113716403535873-abc12335-78022-worker-1:198:6663 [0] NCCL INFO /data/jenkins_workspace/workspace/rccl_release/build/hipify/src/misc/socket.cc:792 -> error code 3
vcjob-2108113716403535873-abc12335-78022-worker-1:198:6663 [0] NCCL INFO /data/jenkins_workspace/workspace/rccl_release/build/hipify/src/proxy.cc:1370 -> error code 3
vcjob-2108113716403535873-abc12335-78022-worker-1:198:198 [0] NCCL INFO /data/jenkins_workspace/workspace/rccl_release/build/hipify/src/group.cc:439 -> error code 3
vcjob-2108113716403535873-abc12335-78022-worker-1:198:198 [0] NCCL INFO /data/jenkins_workspace/workspace/rccl_release/build/hipify/src/group.cc:569 -> error code 3
vcjob-2108113716403535873-abc12335-78022-worker-1:198:198 [0] NCCL INFO /data/jenkins_workspace/workspace/rccl_release/build/hipify/src/group.cc:114 -> error code 3
vcjob-2108113716403535873-abc12335-78022-worker-1:198:6663 [0] NCCL INFO /data/jenkins_workspace/workspace/rccl_release/build/hipify/src/proxy.cc:1407 -> error code 3

vcjob-2108113716403535873-abc12335-78022-worker-1:198:6663 [0] /data/jenkins_workspace/workspace/rccl_release/build/hipify/src/proxy.cc:1551 NCCL WARN [Proxy Service 1] Failed to execute operation Connect from rank 1, retcode 3
[rank8]: Traceback (most recent call last):
[rank8]:   File "/root/private_data/second_hygon/phase5-e2e-discovery/measure_e2e_bottleneck.py", line 411, in <module>
[rank8]:     main()
[rank8]:   File "/root/private_data/second_hygon/phase5-e2e-discovery/measure_e2e_bottleneck.py", line 364, in main
[rank8]:     r = q2_naive_overlap(A_local, B, M, N, K, rank, world, args.reps)
[rank8]:         ^^^^^^^^^^^^^^^^^^^^^^^^^^^^^^^^^^^^^^^^^^^^^^^^^^^^^^^^^^^^^
[rank8]:   File "/root/private_data/second_hygon/phase5-e2e-discovery/measure_e2e_bottleneck.py", line 159, in q2_naive_overlap
[rank8]:     send_reqs.append(dist.isend(A_local, dst=peer))
[rank8]:                      ^^^^^^^^^^^^^^^^^^^^^^^^^^^^^
[rank8]:   File "/usr/local/lib/python3.11/site-packages/torch/distributed/distributed_c10d.py", line 2359, in isend
[rank8]:     return group.send([tensor], group_dst, tag)
[rank8]:            ^^^^^^^^^^^^^^^^^^^^^^^^^^^^^^^^^^^^
[rank8]: torch.distributed.DistBackendError: NCCL error in: /home/pytorch/torch/csrc/distributed/c10d/ProcessGroupNCCL.cpp:3853, internal error - please report this issue to the NCCL developers, NCCL version 2.22.3
[rank8]: ncclInternalError: Internal check failed.
[rank8]: Last error:
[rank8]: ncclSocketInit: connecting to address  with family 0 is neither AF_INET(2) nor AF_INET6(10)
vcjob-2108113716403535873-abc12335-78022-worker-1:198:6663 [0] NCCL INFO /data/jenkins_workspace/workspace/rccl_release/build/hipify/src/transport/net_tmp.cc:618 -> error code 3
vcjob-2108113716403535873-abc12335-78022-worker-1:198:6663 [0] NCCL INFO /data/jenkins_workspace/workspace/rccl_release/build/hipify/src/transport/net_tmp.cc:1115 -> error code 3
vcjob-2108113716403535873-abc12335-78022-worker-1:198:6663 [0] NCCL INFO /data/jenkins_workspace/workspace/rccl_release/build/hipify/src/proxy.cc:954 -> error code 3
vcjob-2108113716403535873-abc12335-78022-worker-1:198:6663 [0] NCCL INFO /data/jenkins_workspace/workspace/rccl_release/build/hipify/src/proxy.cc:970 -> error code 3
I1008 16:34:43.362263   198 ProcessGroupNCCL.cpp:1499] [PG ID 0 PG GUID 0(default_pg) Rank 8] ProcessGroupNCCL destructor entered.
W1008 16:34:43.362319   198 ProcessGroupNCCL.cpp:1508] Warning: WARNING: destroy_process_group() was not called before program exit, which can leak resources. For more info, please see https://pytorch.org/docs/stable/distributed.html#shutdown (function operator())
I1008 16:34:43.362339   198 ProcessGroupNCCL.cpp:1421] [PG ID 0 PG GUID 0(default_pg) Rank 8] Launching ProcessGroupNCCL abort asynchrounously.
I1008 16:34:43.362586  6667 NCCLUtils.cpp:292] Aborting ncclComm_ 0x564ad7d37df0 with reason: No abort reason provided.
vcjob-2108113716403535873-abc12335-78022-worker-1:198:6667 [0] NCCL INFO /data/jenkins_workspace/workspace/rccl_release/build/hipify/src/misc/socket.cc:52 -> error code 3
vcjob-2108113716403535873-abc12335-78022-worker-1:198:6667 [0] NCCL INFO /data/jenkins_workspace/workspace/rccl_release/build/hipify/src/misc/socket.cc:63 -> error code 3
vcjob-2108113716403535873-abc12335-78022-worker-1:198:6667 [0] NCCL INFO /data/jenkins_workspace/workspace/rccl_release/build/hipify/src/misc/socket.cc:792 -> error code 3
vcjob-2108113716403535873-abc12335-78022-worker-1:198:6667 [0] NCCL INFO comm 0x564ad7d37df0 rank 1 nranks 2 cudaDev 0 busId 9000 - Abort COMPLETE
I1008 16:34:43.366261  6667 NCCLUtils.cpp:292] Aborting ncclComm_ 0x564ab41f4f90 with reason: No abort reason provided.
vcjob-2108113716403535873-abc12335-78022-worker-1:198:6667 [0] NCCL INFO /data/jenkins_workspace/workspace/rccl_release/build/hipify/src/misc/socket.cc:52 -> error code 3
vcjob-2108113716403535873-abc12335-78022-worker-1:198:6667 [0] NCCL INFO /data/jenkins_workspace/workspace/rccl_release/build/hipify/src/misc/socket.cc:558 -> error code 3
vcjob-2108113716403535873-abc12335-78022-worker-1:198:6667 [0] NCCL INFO /data/jenkins_workspace/workspace/rccl_release/build/hipify/src/misc/socket.cc:581 -> error code 3
vcjob-2108113716403535873-abc12335-78022-worker-1:198:6667 [0] NCCL INFO /data/jenkins_workspace/workspace/rccl_release/build/hipify/src/misc/socket.cc:627 -> error code 3
vcjob-2108113716403535873-abc12335-78022-worker-1:198:344 [0] NCCL INFO /data/jenkins_workspace/workspace/rccl_release/build/hipify/src/misc/socket.cc:52 -> error code 3
vcjob-2108113716403535873-abc12335-78022-worker-1:198:344 [0] NCCL INFO /data/jenkins_workspace/workspace/rccl_release/build/hipify/src/misc/socket.cc:769 -> error code 3
vcjob-2108113716403535873-abc12335-78022-worker-1:198:344 [0] NCCL INFO /data/jenkins_workspace/workspace/rccl_release/build/hipify/src/misc/socket.cc:436 -> error code 3
vcjob-2108113716403535873-abc12335-78022-worker-1:198:344 [0] NCCL INFO /data/jenkins_workspace/workspace/rccl_release/build/hipify/src/misc/socket.cc:572 -> error code 3
vcjob-2108113716403535873-abc12335-78022-worker-1:198:344 [0] NCCL INFO /data/jenkins_workspace/workspace/rccl_release/build/hipify/src/misc/socket.cc:674 -> error code 3

vcjob-2108113716403535873-abc12335-78022-worker-1:198:344 [0] /data/jenkins_workspace/workspace/rccl_release/build/hipify/src/proxy.cc:1488 NCCL WARN [Service thread] Accept failed Resource temporarily unavailable
vcjob-2108113716403535873-abc12335-78022-worker-1:198:6667 [0] NCCL INFO /data/jenkins_workspace/workspace/rccl_release/build/hipify/src/misc/socket.cc:52 -> error code 3
vcjob-2108113716403535873-abc12335-78022-worker-1:198:6667 [0] NCCL INFO /data/jenkins_workspace/workspace/rccl_release/build/hipify/src/misc/socket.cc:63 -> error code 3
vcjob-2108113716403535873-abc12335-78022-worker-1:198:6667 [0] NCCL INFO /data/jenkins_workspace/workspace/rccl_release/build/hipify/src/misc/socket.cc:792 -> error code 3
vcjob-2108113716403535873-abc12335-78022-worker-1:198:344 [0] NCCL INFO /data/jenkins_workspace/workspace/rccl_release/build/hipify/src/misc/socket.cc:843 -> error code 3

vcjob-2108113716403535873-abc12335-78022-worker-1:198:344 [0] /data/jenkins_workspace/workspace/rccl_release/build/hipify/src/proxy.cc:1527 NCCL WARN [Service thread] Could not receive type from localRank 0, res=3, closed=0

vcjob-2108113716403535873-abc12335-78022-worker-1:198:344 [0] /data/jenkins_workspace/workspace/rccl_release/build/hipify/src/proxy.cc:1551 NCCL WARN [Proxy Service 8] Failed to execute operation Close from rank 8, retcode 3
vcjob-2108113716403535873-abc12335-78022-worker-1:198:6667 [0] NCCL INFO comm 0x564ab41f4f90 rank 8 nranks 16 cudaDev 0 busId 9000 - Abort COMPLETE
I1008 16:34:43.416944   198 ProcessGroupNCCL.cpp:1429] [PG ID 0 PG GUID 0(default_pg) Rank 8] ProcessGroupNCCL aborts successfully.
I1008 16:34:43.417009   198 ProcessGroupNCCL.cpp:1545] [PG ID 0 PG GUID 0(default_pg) Rank 8] ProcessGroupNCCL watchdog thread joined.
I1008 16:34:43.417065   198 ProcessGroupNCCL.cpp:1549] [PG ID 0 PG GUID 0(default_pg) Rank 8] ProcessGroupNCCL heart beat monitor thread joined.
W1008 16:34:46.651000 190 lib/python3.11/site-packages/torch/distributed/elastic/multiprocessing/api.py:900] Sending process 199 closing signal SIGTERM
W1008 16:34:46.652000 190 lib/python3.11/site-packages/torch/distributed/elastic/multiprocessing/api.py:900] Sending process 200 closing signal SIGTERM
W1008 16:34:46.653000 190 lib/python3.11/site-packages/torch/distributed/elastic/multiprocessing/api.py:900] Sending process 201 closing signal SIGTERM
W1008 16:34:46.654000 190 lib/python3.11/site-packages/torch/distributed/elastic/multiprocessing/api.py:900] Sending process 202 closing signal SIGTERM
W1008 16:34:46.654000 190 lib/python3.11/site-packages/torch/distributed/elastic/multiprocessing/api.py:900] Sending process 203 closing signal SIGTERM
W1008 16:34:46.655000 190 lib/python3.11/site-packages/torch/distributed/elastic/multiprocessing/api.py:900] Sending process 204 closing signal SIGTERM
W1008 16:34:46.656000 190 lib/python3.11/site-packages/torch/distributed/elastic/multiprocessing/api.py:900] Sending process 205 closing signal SIGTERM
E1008 16:34:47.072000 190 lib/python3.11/site-packages/torch/distributed/elastic/multiprocessing/api.py:874] failed (exitcode: 1) local_rank: 0 (pid: 198) of binary: /usr/local/bin/python3.11
Traceback (most recent call last):
  File "/usr/local/bin/torchrun", line 6, in <module>
    sys.exit(main())
             ^^^^^^
  File "/usr/local/lib/python3.11/site-packages/torch/distributed/elastic/multiprocessing/errors/__init__.py", line 355, in wrapper
    return f(*args, **kwargs)
           ^^^^^^^^^^^^^^^^^^
  File "/usr/local/lib/python3.11/site-packages/torch/distributed/run.py", line 892, in main
    run(args)
  File "/usr/local/lib/python3.11/site-packages/torch/distributed/run.py", line 883, in run
    elastic_launch(
  File "/usr/local/lib/python3.11/site-packages/torch/distributed/launcher/api.py", line 139, in __call__
    return launch_agent(self._config, self._entrypoint, list(args))
           ^^^^^^^^^^^^^^^^^^^^^^^^^^^^^^^^^^^^^^^^^^^^^^^^^^^^^^^^
  File "/usr/local/lib/python3.11/site-packages/torch/distributed/launcher/api.py", line 270, in launch_agent
    raise ChildFailedError(
torch.distributed.elastic.multiprocessing.errors.ChildFailedError: 
============================================================
/root/private_data/second_hygon/phase5-e2e-discovery/measure_e2e_bottleneck.py FAILED
------------------------------------------------------------
Failures:
  <NO_OTHER_FAILURES>
------------------------------------------------------------
Root Cause (first observed failure):
[0]:
  time      : 2026-10-08_16:34:46
  host      : vcjob-2108113716403535873-abc12335-78022-worker-1.vcjob-2108113716403535873-abc12335-78022.abc12335.svc.cluster.local
  rank      : 8 (local_rank: 0)
  exitcode  : 1 (pid: 198)
  error_file: <N/A>
  traceback : To enable traceback see: https://pytorch.org/docs/stable/elastic/errors.html
============================================================
