case_id,path,family,candidate,M_local,N,K,q,rep,iterations,iteration_failures,status,t_release_first_max_us_p50,t_release_first_max_us_p05,t_release_first_max_us_p95,t_release_last_max_us_p50,t_release_last_max_us_p05,t_release_last_max_us_p95,t_done_max_us_p50,t_done_max_us_p05,t_done_max_us_p95,gemm_first_start_max_us_p50,gemm_first_start_max_us_p05,gemm_first_start_max_us_p95,gemm_last_end_max_us_p50,gemm_last_end_max_us_p05,gemm_last_end_max_us_p95,gemm_interval_max_us_p50,gemm_interval_max_us_p05,gemm_interval_max_us_p95,e2e_max_us_p50,e2e_max_us_p05,e2e_max_us_p95
case001_comm_C0_DEFAULT_N512_q2_rep1,COMM_ONLY,RCCL,C0_DEFAULT,2048,512,2048,2,1,80,0,PASS,270.080,267.040,3317.117,529.440,524.959,3580.797,535.761,530.719,3587.197,0.000,0.000,0.000,0.000,0.000,0.000,0.000,0.000,0.000,542.080,536.319,3593.437
case002_comm_C0_DEFAULT_N512_q2_rep2,COMM_ONLY,RCCL,C0_DEFAULT,2048,512,2048,2,2,80,0,PASS,273.121,268.000,288.159,533.120,526.240,544.159,539.521,532.160,549.919,0.000,0.000,0.000,0.000,0.000,0.000,0.000,0.000,0.000,545.120,537.760,555.679
case003_comm_C0_DEFAULT_N512_q2_rep3,COMM_ONLY,RCCL,C0_DEFAULT,2048,512,2048,2,3,80,0,PASS,270.560,267.840,277.280,528.799,525.440,538.239,534.480,531.200,543.999,0.000,0.000,0.000,0.000,0.000,0.000,0.000,0.000,0.000,540.080,536.640,549.919
case004_comm_C0_DEFAULT_N512_q2_rep4,COMM_ONLY,RCCL,C0_DEFAULT,2048,512,2048,2,4,80,0,PASS,268.320,267.039,274.560,526.800,524.799,538.079,532.640,530.559,544.159,0.000,0.000,0.000,0.000,0.000,0.000,0.000,0.000,0.000,538.240,536.159,550.079
case005_comm_C0_DEFAULT_N512_q2_rep5,COMM_ONLY,RCCL,C0_DEFAULT,2048,512,2048,2,5,80,0,PASS,272.320,268.320,276.640,532.320,528.000,539.680,538.080,533.600,545.440,0.000,0.000,0.000,0.000,0.000,0.000,0.000,0.000,0.000,543.600,539.200,551.839
case006_gemm_C0_DEFAULT_N512_q2_rep1,GEMM_ONLY,RCCL,C0_DEFAULT,2048,512,2048,2,1,80,0,PASS,0.000,0.000,0.000,0.000,0.000,0.000,777.279,769.600,787.999,25.760,24.480,26.560,771.279,763.840,782.239,746.719,739.040,756.319,783.119,775.200,793.599
case007_gemm_C0_DEFAULT_N512_q2_rep2,GEMM_ONLY,RCCL,C0_DEFAULT,2048,512,2048,2,2,80,0,PASS,0.000,0.000,0.000,0.000,0.000,0.000,780.240,773.439,795.200,25.760,24.800,27.040,774.321,767.679,788.640,750.239,742.240,762.240,786.639,779.041,801.440
case008_gemm_C0_DEFAULT_N512_q2_rep3,GEMM_ONLY,RCCL,C0_DEFAULT,2048,512,2048,2,3,80,0,PASS,0.000,0.000,0.000,0.000,0.000,0.000,777.679,771.520,785.280,25.760,24.320,27.038,771.759,765.760,778.878,748.320,742.079,755.360,783.360,777.120,791.520
case009_gemm_C0_DEFAULT_N512_q2_rep4,GEMM_ONLY,RCCL,C0_DEFAULT,2048,512,2048,2,4,80,0,PASS,0.000,0.000,0.000,0.000,0.000,0.000,777.600,768.319,788.960,24.560,23.200,25.439,771.519,762.559,782.400,747.760,740.159,762.399,783.439,773.759,795.360
case010_gemm_C0_DEFAULT_N512_q2_rep5,GEMM_ONLY,RCCL,C0_DEFAULT,2048,512,2048,2,5,80,0,PASS,0.000,0.000,0.000,0.000,0.000,0.000,778.881,770.400,795.680,25.279,23.360,26.718,772.639,764.800,789.120,749.120,741.759,763.200,784.880,776.160,802.080
case011_r0_C0_DEFAULT_N512_q2_rep1,R0_FULL_SERIAL,RCCL,C0_DEFAULT,2048,512,2048,2,1,80,0,PASS,514.399,508.960,523.521,514.399,508.960,523.521,521.279,515.839,530.081,533.280,527.841,541.761,1198.960,1182.080,1213.441,671.279,656.479,682.560,1204.560,1187.520,1219.041
case012_r0_C0_DEFAULT_N512_q2_rep2,R0_FULL_SERIAL,RCCL,C0_DEFAULT,2048,512,2048,2,2,80,0,PASS,516.480,511.040,526.080,516.480,511.040,526.080,523.200,518.080,533.120,535.199,529.920,547.839,1204.000,1187.681,1227.681,671.680,657.920,682.560,1209.680,1193.281,1233.281
case013_r0_C0_DEFAULT_N512_q2_rep3,R0_FULL_SERIAL,RCCL,C0_DEFAULT,2048,512,2048,2,3,80,0,PASS,513.919,509.600,519.840,513.919,509.600,519.840,520.800,516.160,526.720,532.560,528.000,539.040,1195.519,1179.039,1211.520,666.321,655.199,682.240,1201.040,1184.799,1217.120
case014_r0_C0_DEFAULT_N512_q2_rep4,R0_FULL_SERIAL,RCCL,C0_DEFAULT,2048,512,2048,2,4,80,0,PASS,514.561,509.280,522.879,514.561,509.280,522.879,521.439,516.159,529.600,533.120,527.840,541.760,1204.159,1188.639,1216.480,675.920,664.000,684.000,1209.760,1194.239,1222.080
case015_r0_C0_DEFAULT_N512_q2_rep5,R0_FULL_SERIAL,RCCL,C0_DEFAULT,2048,512,2048,2,5,80,0,PASS,512.240,507.039,520.960,512.240,507.039,520.960,519.040,513.761,529.119,530.880,525.601,541.759,1200.720,1187.680,1213.439,673.200,663.199,682.080,1206.319,1193.280,1218.880
case016_rs_C0_DEFAULT_N512_q2_rep1,RS_SLICE_SERIAL,RCCL,C0_DEFAULT,2048,512,2048,2,1,80,0,PASS,269.280,268.160,275.360,918.639,912.961,933.439,924.719,918.881,939.519,281.839,280.480,292.800,1299.278,1293.440,1316.799,1018.320,1013.761,1029.601,1304.879,1299.040,1322.399
case017_rs_C0_DEFAULT_N512_q2_rep2,RS_SLICE_SERIAL,RCCL,C0_DEFAULT,2048,512,2048,2,2,80,0,PASS,269.760,268.320,315.839,921.361,912.640,961.439,927.361,918.720,967.519,282.400,280.640,328.319,1303.840,1294.719,1336.319,1023.280,1014.559,1030.721,1309.440,1300.319,1341.919
case018_rs_C0_DEFAULT_N512_q2_rep3,RS_SLICE_SERIAL,RCCL,C0_DEFAULT,2048,512,2048,2,3,80,0,PASS,272.959,269.600,289.598,923.520,917.599,946.241,929.600,923.680,952.161,285.760,282.400,303.840,1306.160,1295.680,1319.038,1021.680,1015.679,1029.921,1311.760,1301.439,1324.638
case019_rs_C0_DEFAULT_N512_q2_rep4,RS_SLICE_SERIAL,RCCL,C0_DEFAULT,2048,512,2048,2,4,80,0,PASS,272.720,270.400,339.200,928.400,918.880,982.240,934.321,924.960,988.320,285.759,283.680,352.000,1309.840,1298.560,1364.639,1025.361,1016.480,1037.601,1315.440,1304.160,1370.239
case020_rs_C0_DEFAULT_N512_q2_rep5,RS_SLICE_SERIAL,RCCL,C0_DEFAULT,2048,512,2048,2,5,80,0,PASS,269.839,268.480,276.800,922.959,914.720,933.600,928.959,920.960,939.679,282.480,280.960,290.560,1303.760,1294.560,1314.081,1022.561,1014.559,1031.679,1309.360,1300.160,1319.681
case021_r1_C0_DEFAULT_N512_q2_rep1,R1_EVENT_OVERLAP,RCCL,C0_DEFAULT,2048,512,2048,2,1,80,0,PASS,272.800,271.040,285.599,737.120,723.519,758.878,743.760,729.919,765.278,285.760,284.000,298.559,1242.799,1229.441,1274.879,957.679,947.201,983.679,1248.319,1234.881,1280.479
case022_r1_C0_DEFAULT_N512_q2_rep2,R1_EVENT_OVERLAP,RCCL,C0_DEFAULT,2048,512,2048,2,2,80,0,PASS,273.120,270.400,280.320,739.360,728.800,758.080,745.919,735.360,10081.752,286.320,283.360,295.998,1248.320,1233.599,10557.271,963.280,948.320,986.881,1253.999,1239.199,10562.872
case023_r1_C0_DEFAULT_N512_q2_rep3,R1_EVENT_OVERLAP,RCCL,C0_DEFAULT,2048,512,2048,2,3,80,0,PASS,270.640,269.440,279.680,734.160,717.121,748.320,740.801,723.681,754.720,283.520,282.400,295.040,1245.439,1229.919,1263.681,963.041,948.161,978.241,1251.039,1235.519,1269.121
case024_r1_C0_DEFAULT_N512_q2_rep4,R1_EVENT_OVERLAP,RCCL,C0_DEFAULT,2048,512,2048,2,4,80,0,PASS,272.000,270.079,275.839,733.361,719.199,743.839,740.161,726.079,750.719,285.280,283.040,290.078,1245.440,1229.919,1265.921,961.360,946.559,981.440,1251.040,1235.359,1271.521
case025_r1_C0_DEFAULT_N512_q2_rep5,R1_EVENT_OVERLAP,RCCL,C0_DEFAULT,2048,512,2048,2,5,80,0,PASS,273.440,270.240,277.121,735.361,722.561,752.960,742.081,729.281,759.840,286.720,283.200,290.720,1251.121,1231.519,1271.681,965.041,948.639,979.520,1256.800,1237.119,1277.121
case026_fc_C0_DEFAULT_N512_q2_rep1,FC_FCOLLECT_ONLY,DUSHMEM,C0_DEFAULT,2048,512,2048,2,1,80,0,PASS,3338.802,3284.002,3379.842,3338.802,3284.002,3379.842,3327.602,3272.802,3368.642,0.000,0.000,0.000,0.000,0.000,0.000,0.000,0.000,0.000,3344.402,3289.602,3385.442
case027_fc_C0_DEFAULT_N512_q2_rep2,FC_FCOLLECT_ONLY,DUSHMEM,C0_DEFAULT,2048,512,2048,2,2,80,0,PASS,3334.079,3292.321,3371.998,3334.079,3292.321,3371.998,3322.720,3281.281,3360.802,0.000,0.000,0.000,0.000,0.000,0.000,0.000,0.000,0.000,3339.840,3298.081,3377.758
case028_fc_C0_DEFAULT_N512_q2_rep3,FC_FCOLLECT_ONLY,DUSHMEM,C0_DEFAULT,2048,512,2048,2,3,80,0,PASS,3334.480,3284.317,3378.401,3334.480,3284.317,3378.401,3323.199,3273.277,3367.041,0.000,0.000,0.000,0.000,0.000,0.000,0.000,0.000,0.000,3340.159,3289.917,3384.001
case029_fc_C0_DEFAULT_N512_q2_rep4,FC_FCOLLECT_ONLY,DUSHMEM,C0_DEFAULT,2048,512,2048,2,4,80,0,PASS,3334.637,3286.397,3372.158,3334.637,3286.397,3372.158,3323.118,3274.717,3360.638,0.000,0.000,0.000,0.000,0.000,0.000,0.000,0.000,0.000,3340.398,3291.997,3377.758
case030_fc_C0_DEFAULT_N512_q2_rep5,FC_FCOLLECT_ONLY,DUSHMEM,C0_DEFAULT,2048,512,2048,2,5,80,0,PASS,3332.482,3287.518,3374.722,3332.482,3287.518,3374.722,3321.122,3276.638,3363.522,0.000,0.000,0.000,0.000,0.000,0.000,0.000,0.000,0.000,3338.082,3293.278,3380.482
case031_dc_C0_DEFAULT_N512_q2_rep1,DC_PUSHSIG_ONLY,DUSHMEM,C0_DEFAULT,2048,512,2048,2,1,80,0,PASS,522.240,504.960,7984.474,972.561,944.961,11006.391,981.761,952.639,11013.751,0.000,0.000,0.000,0.000,0.000,0.000,0.000,0.000,0.000,987.441,957.441,11015.671
case032_dc_C0_DEFAULT_N512_q2_rep2,DC_PUSHSIG_ONLY,DUSHMEM,C0_DEFAULT,2048,512,2048,2,2,80,0,PASS,501.120,487.039,8864.807,912.159,883.519,10843.688,917.599,829.281,10848.967,0.000,0.000,0.000,0.000,0.000,0.000,0.000,0.000,0.000,926.399,899.200,10850.888
case033_dc_C0_DEFAULT_N512_q2_rep3,DC_PUSHSIG_ONLY,DUSHMEM,C0_DEFAULT,2048,512,2048,2,3,80,0,PASS,519.120,496.479,10467.204,944.399,917.919,10811.525,950.480,922.239,10819.845,0.000,0.000,0.000,0.000,0.000,0.000,0.000,0.000,0.000,952.799,925.599,10826.244
case034_dc_C0_DEFAULT_N512_q2_rep4,DC_PUSHSIG_ONLY,DUSHMEM,C0_DEFAULT,2048,512,2048,2,4,80,0,PASS,511.120,501.599,9531.044,959.920,941.440,10918.725,965.920,900.960,10927.685,0.000,0.000,0.000,0.000,0.000,0.000,0.000,0.000,0.000,972.801,952.801,10931.205
case035_dc_C0_DEFAULT_N512_q2_rep5,DC_PUSHSIG_ONLY,DUSHMEM,C0_DEFAULT,2048,512,2048,2,5,80,0,PASS,514.399,495.039,10399.686,930.559,889.600,10957.446,938.159,898.880,10964.806,0.000,0.000,0.000,0.000,0.000,0.000,0.000,0.000,0.000,944.639,902.880,10967.526
case036_d0_C0_DEFAULT_N512_q2_rep1,D0_FCOLLECT_SERIAL,DUSHMEM,C0_DEFAULT,2048,512,2048,2,1,80,0,PASS,3320.001,3278.242,3363.842,3320.001,3278.242,3363.842,3325.919,3284.802,3370.562,3338.319,3296.797,3382.242,4011.602,3966.077,4053.437,672.080,662.560,684.159,4017.202,3971.677,4059.197
case037_d0_C0_DEFAULT_N512_q2_rep2,D0_FCOLLECT_SERIAL,DUSHMEM,C0_DEFAULT,2048,512,2048,2,2,80,0,PASS,3321.601,3273.762,3364.001,3321.601,3273.762,3364.001,3327.841,3280.322,3370.561,3339.919,3292.318,3382.562,4013.517,3964.477,4054.722,676.721,667.679,686.081,4019.117,3970.077,4060.322
case038_d0_C0_DEFAULT_N512_q2_rep3,D0_FCOLLECT_SERIAL,DUSHMEM,C0_DEFAULT,2048,512,2048,2,3,80,0,PASS,3323.037,3274.237,3362.237,3323.037,3274.237,3362.237,3329.437,3279.997,3368.317,3341.357,3291.997,3380.477,4006.236,3955.676,4051.523,670.479,652.480,684.480,4011.756,3961.276,4057.123
case039_d0_C0_DEFAULT_N512_q2_rep4,D0_FCOLLECT_SERIAL,DUSHMEM,C0_DEFAULT,2048,512,2048,2,4,80,0,PASS,3317.520,3277.122,3368.002,3317.520,3277.122,3368.002,3324.322,3283.202,3374.557,3336.162,3295.522,3386.402,3998.239,3953.436,4047.362,659.840,650.560,674.720,4003.759,3959.036,4053.122
case040_d0_C0_DEFAULT_N512_q2_rep5,D0_FCOLLECT_SERIAL,DUSHMEM,C0_DEFAULT,2048,512,2048,2,5,80,0,PASS,3316.322,3267.522,3363.038,3316.322,3267.522,3363.038,3322.482,3273.282,3370.238,3334.802,3285.762,3382.078,3992.002,3937.282,4039.202,660.159,649.761,675.520,3997.602,3942.882,4044.802
case041_ds_C0_DEFAULT_N512_q2_rep1,DS_PUSHSIG_SERIAL,DUSHMEM,C0_DEFAULT,2048,512,2048,2,1,80,0,PASS,526.719,512.000,860.320,1432.639,1394.719,10884.006,1885.278,1840.159,12205.429,532.399,517.760,866.080,1810.958,1776.481,11261.446,1277.680,1225.441,10515.351,1886.720,1841.599,12207.349
case042_ds_C0_DEFAULT_N512_q2_rep2,DS_PUSHSIG_SERIAL,DUSHMEM,C0_DEFAULT,2048,512,2048,2,2,80,0,PASS,536.559,513.760,603.838,1414.798,1367.521,10458.565,1880.240,1824.639,11900.487,543.200,519.360,610.238,1795.278,1746.400,10827.206,1261.039,1215.679,10283.046,1881.998,1826.719,11902.406
case043_ds_C0_DEFAULT_N512_q2_rep3,DS_PUSHSIG_SERIAL,DUSHMEM,C0_DEFAULT,2048,512,2048,2,3,80,0,PASS,518.800,502.879,560.800,1403.119,1343.359,10480.647,1868.319,1811.519,11794.247,524.720,508.640,566.720,1790.159,1737.919,10853.927,1268.239,1223.519,10180.151,1870.639,1814.239,11795.687
case044_ds_C0_DEFAULT_N512_q2_rep4,DS_PUSHSIG_SERIAL,DUSHMEM,C0_DEFAULT,2048,512,2048,2,4,80,0,PASS,511.600,503.200,5539.203,1403.840,1336.319,11820.805,1981.841,1794.399,16219.528,518.159,509.440,5546.083,1780.800,1722.399,12205.604,1264.159,1207.678,10890.726,1983.841,1800.318,16217.607
case045_ds_C0_DEFAULT_N512_q2_rep5,DS_PUSHSIG_SERIAL,DUSHMEM,C0_DEFAULT,2048,512,2048,2,5,80,0,PASS,527.120,510.719,919.200,1427.199,1391.361,11159.045,1903.999,1839.041,14084.486,533.280,517.599,926.080,1809.041,1772.320,11527.988,1282.160,1249.599,10899.031,1906.479,1839.998,14090.726
case046_d1_C0_DEFAULT_N512_q2_rep1,D1_PUSHSIG_OVERLAP,DUSHMEM,C0_DEFAULT,2048,512,2048,2,1,80,0,PASS,529.279,511.359,558.080,1421.041,1387.841,11163.991,1889.678,1836.961,12618.709,535.039,517.119,563.680,1813.041,1770.721,11536.631,1279.520,1244.801,10436.164,1891.359,1839.201,12623.829
case047_d1_C0_DEFAULT_N512_q2_rep2,D1_PUSHSIG_OVERLAP,DUSHMEM,C0_DEFAULT,2048,512,2048,2,2,80,0,PASS,512.720,506.719,599.518,1415.759,1377.761,15037.426,1896.639,1829.121,16083.346,518.400,512.319,605.758,1809.761,1761.281,15405.746,1287.921,1245.440,10464.152,1898.479,1829.441,16081.905
case048_d1_C0_DEFAULT_N512_q2_rep3,D1_PUSHSIG_OVERLAP,DUSHMEM,C0_DEFAULT,2048,512,2048,2,3,80,0,PASS,515.679,505.920,573.440,1421.120,1385.921,10705.127,1877.919,1836.482,12345.431,521.360,511.680,579.040,1803.999,1770.881,11091.848,1280.160,1253.761,10444.472,1878.560,1839.041,12343.990
case049_d1_C0_DEFAULT_N512_q2_rep4,D1_PUSHSIG_OVERLAP,DUSHMEM,C0_DEFAULT,2048,512,2048,2,4,80,0,PASS,522.880,511.039,2241.121,1416.798,1385.279,11304.311,1872.800,1832.959,11877.605,528.560,516.639,2248.161,1794.958,1761.757,11678.711,1266.400,1234.399,10786.870,1871.600,1834.399,11875.685
case050_d1_C0_DEFAULT_N512_q2_rep5,D1_PUSHSIG_OVERLAP,DUSHMEM,C0_DEFAULT,2048,512,2048,2,5,80,0,PASS,517.439,510.559,7339.524,1425.438,1394.721,11136.470,2736.162,1850.718,11935.849,523.199,516.319,7346.404,1813.520,1780.318,11503.189,1290.240,1255.041,10416.952,2740.801,1854.721,11941.928
case051_d1w_C0_DEFAULT_N512_q2_rep1,D1W_WAITSTREAM_OVERLAP,DUSHMEM,C0_DEFAULT,2048,512,2048,2,1,80,0,PASS,526.560,512.800,2994.241,1438.159,1403.199,10892.646,1911.918,1874.079,11570.712,555.919,542.400,3040.641,1834.318,1804.639,11297.927,1282.800,1261.759,9708.964,1912.400,1872.799,11572.792
case052_d1w_C0_DEFAULT_N512_q2_rep2,D1W_WAITSTREAM_OVERLAP,DUSHMEM,C0_DEFAULT,2048,512,2048,2,2,80,0,PASS,517.280,511.999,5739.843,1443.359,1412.639,11301.606,2903.682,1880.481,15604.329,547.360,541.920,5789.923,1841.118,1810.239,11702.887,1298.081,1267.841,10831.204,2905.681,1882.558,15606.249
case053_d1w_C0_DEFAULT_N512_q2_rep3,D1W_WAITSTREAM_OVERLAP,DUSHMEM,C0_DEFAULT,2048,512,2048,2,3,80,0,PASS,512.639,508.000,593.120,1401.600,1360.159,11310.072,1896.719,1843.999,14938.568,543.359,537.919,639.681,1806.080,1766.881,11718.393,1278.481,1249.441,10883.189,1901.839,1844.001,14936.648
case054_d1w_C0_DEFAULT_N512_q2_rep4,D1W_WAITSTREAM_OVERLAP,DUSHMEM,C0_DEFAULT,2048,512,2048,2,4,80,0,PASS,521.840,510.880,540.160,1406.079,1373.279,10574.887,1889.119,1844.478,11605.431,551.519,540.480,569.760,1810.320,1773.281,10994.405,1259.760,1239.040,10452.486,1889.678,1845.758,11607.511
case055_d1w_C0_DEFAULT_N512_q2_rep5,D1W_WAITSTREAM_OVERLAP,DUSHMEM,C0_DEFAULT,2048,512,2048,2,5,80,0,PASS,534.240,513.279,3745.437,1432.719,1379.041,11257.910,1910.558,1846.079,12035.350,563.919,542.879,3793.277,1835.838,1777.599,11653.430,1280.959,1231.679,10596.949,1912.638,1848.159,12039.830
case056_comm_C0_DEFAULT_N512_q4_rep1,COMM_ONLY,RCCL,C0_DEFAULT,2048,512,2048,4,1,80,0,PASS,161.200,158.881,166.560,613.200,607.840,625.600,619.041,613.600,632.000,0.000,0.000,0.000,0.000,0.000,0.000,0.000,0.000,0.000,624.640,619.200,638.240
case057_comm_C0_DEFAULT_N512_q4_rep2,COMM_ONLY,RCCL,C0_DEFAULT,2048,512,2048,4,2,80,0,PASS,162.959,160.800,172.480,614.480,609.601,637.439,620.321,615.521,644.799,0.000,0.000,0.000,0.000,0.000,0.000,0.000,0.000,0.000,626.081,621.279,651.519
case058_comm_C0_DEFAULT_N512_q4_rep3,COMM_ONLY,RCCL,C0_DEFAULT,2048,512,2048,4,3,80,0,PASS,161.040,158.880,165.120,611.201,606.721,616.321,617.120,612.481,622.081,0.000,0.000,0.000,0.000,0.000,0.000,0.000,0.000,0.000,622.720,618.241,627.841
case059_comm_C0_DEFAULT_N512_q4_rep4,COMM_ONLY,RCCL,C0_DEFAULT,2048,512,2048,4,4,80,0,PASS,162.560,160.161,169.120,614.560,608.960,636.001,620.400,615.200,642.081,0.000,0.000,0.000,0.000,0.000,0.000,0.000,0.000,0.000,626.081,620.961,648.001
case060_comm_C0_DEFAULT_N512_q4_rep5,COMM_ONLY,RCCL,C0_DEFAULT,2048,512,2048,4,5,80,0,PASS,162.640,160.159,4147.842,613.920,609.600,4598.402,620.000,615.680,4604.642,0.000,0.000,0.000,0.000,0.000,0.000,0.000,0.000,0.000,625.600,621.280,4610.562
case061_gemm_C0_DEFAULT_N512_q4_rep1,GEMM_ONLY,RCCL,C0_DEFAULT,2048,512,2048,4,1,80,0,PASS,0.000,0.000,0.000,0.000,0.000,0.000,588.798,586.238,600.479,21.920,21.120,23.521,582.399,579.998,593.279,561.040,559.040,571.199,594.399,591.838,606.719
case062_gemm_C0_DEFAULT_N512_q4_rep2,GEMM_ONLY,RCCL,C0_DEFAULT,2048,512,2048,4,2,80,0,PASS,0.000,0.000,0.000,0.000,0.000,0.000,590.560,588.159,650.399,24.800,24.000,26.558,584.800,582.398,644.319,560.239,557.759,617.599,596.320,593.759,656.319
case063_gemm_C0_DEFAULT_N512_q4_rep3,GEMM_ONLY,RCCL,C0_DEFAULT,2048,512,2048,4,3,80,0,PASS,0.000,0.000,0.000,0.000,0.000,0.000,590.320,587.999,650.879,24.959,24.318,27.358,584.560,582.239,644.798,559.520,557.599,615.999,595.999,593.599,656.799
case064_gemm_C0_DEFAULT_N512_q4_rep4,GEMM_ONLY,RCCL,C0_DEFAULT,2048,512,2048,4,4,80,0,PASS,0.000,0.000,0.000,0.000,0.000,0.000,590.159,587.680,639.519,25.120,24.160,26.560,584.399,581.760,633.439,559.919,558.080,606.559,595.760,593.280,645.439
case065_gemm_C0_DEFAULT_N512_q4_rep5,GEMM_ONLY,RCCL,C0_DEFAULT,2048,512,2048,4,5,80,0,PASS,0.000,0.000,0.000,0.000,0.000,0.000,589.599,586.400,599.680,24.960,24.000,26.240,583.279,580.160,592.640,561.280,558.720,569.920,595.200,592.160,606.080
case066_r0_C0_DEFAULT_N512_q4_rep1,R0_FULL_SERIAL,RCCL,C0_DEFAULT,2048,512,2048,4,1,80,0,PASS,513.200,506.880,3462.402,513.200,506.880,3462.402,520.000,513.921,3469.122,532.000,525.760,3480.642,1204.560,1190.399,4154.563,676.160,666.080,684.800,1210.160,1195.999,4160.163
case067_r0_C0_DEFAULT_N512_q4_rep2,R0_FULL_SERIAL,RCCL,C0_DEFAULT,2048,512,2048,4,2,80,0,PASS,517.440,511.520,3261.757,517.440,511.520,3261.757,524.480,518.400,3267.997,536.239,530.239,3279.517,1206.399,1193.119,3955.197,674.479,664.641,685.600,1211.999,1198.719,3960.797
case068_r0_C0_DEFAULT_N512_q4_rep3,R0_FULL_SERIAL,RCCL,C0_DEFAULT,2048,512,2048,4,3,80,0,PASS,514.800,509.439,528.480,514.800,509.439,528.480,522.080,516.159,536.960,534.080,527.840,551.840,1204.079,1188.160,1233.599,674.960,662.561,687.360,1209.599,1193.919,1239.199
case069_r0_C0_DEFAULT_N512_q4_rep4,R0_FULL_SERIAL,RCCL,C0_DEFAULT,2048,512,2048,4,4,80,0,PASS,514.160,508.799,522.880,514.160,508.799,522.880,520.880,515.039,529.760,532.801,527.040,541.600,1199.280,1188.002,1221.280,671.920,663.519,682.559,1204.719,1193.602,1226.880
case070_r0_C0_DEFAULT_N512_q4_rep5,R0_FULL_SERIAL,RCCL,C0_DEFAULT,2048,512,2048,4,5,80,0,PASS,515.120,509.600,523.519,515.120,509.600,523.519,522.320,516.480,530.719,534.559,528.160,542.719,1196.881,1184.640,1214.880,667.841,654.400,679.840,1202.401,1190.240,1220.640
case071_rs_C0_DEFAULT_N512_q4_rep1,RS_SLICE_SERIAL,RCCL,C0_DEFAULT,2048,512,2048,4,1,80,0,PASS,163.840,161.120,8373.913,1077.760,1072.001,9945.125,1084.159,1078.399,9951.205,176.480,173.920,8386.553,1226.319,1220.799,10091.525,1049.840,1045.920,1055.039,1232.399,1226.879,10097.285
case072_rs_C0_DEFAULT_N512_q4_rep2,RS_SLICE_SERIAL,RCCL,C0_DEFAULT,2048,512,2048,4,2,80,0,PASS,163.360,160.480,8653.752,1078.560,1071.519,9566.871,1084.720,1077.600,9572.791,175.760,173.440,8665.752,1226.320,1219.520,9712.631,1051.280,1046.079,1057.120,1232.079,1225.119,9718.231
case073_rs_C0_DEFAULT_N512_q4_rep3,RS_SLICE_SERIAL,RCCL,C0_DEFAULT,2048,512,2048,4,3,80,0,PASS,162.080,160.160,165.600,1074.560,1070.721,1081.280,1080.560,1076.959,1087.360,174.720,172.480,178.560,1222.320,1218.081,1228.960,1049.040,1044.800,1054.560,1227.841,1223.839,1234.560
case074_rs_C0_DEFAULT_N512_q4_rep4,RS_SLICE_SERIAL,RCCL,C0_DEFAULT,2048,512,2048,4,4,80,0,PASS,165.040,162.240,2750.081,1080.720,1076.160,7653.443,1087.119,1082.560,7659.843,177.760,174.880,2762.401,1229.280,1223.999,7800.803,1052.879,1047.839,1058.240,1235.360,1230.079,7806.883
case075_rs_C0_DEFAULT_N512_q4_rep5,RS_SLICE_SERIAL,RCCL,C0_DEFAULT,2048,512,2048,4,5,80,0,PASS,165.199,162.398,7207.675,1082.399,1077.280,8131.354,1088.800,1083.679,8137.754,178.240,175.200,7220.635,1230.799,1225.920,8279.994,1053.199,1049.280,1062.560,1237.039,1232.159,8286.234
case076_r1_C0_DEFAULT_N512_q4_rep1,R1_EVENT_OVERLAP,RCCL,C0_DEFAULT,2048,512,2048,4,1,80,0,PASS,165.440,162.720,8864.645,778.081,767.041,9508.006,784.320,773.441,9514.404,178.160,175.360,8877.285,990.641,977.921,9721.605,810.561,800.799,819.681,996.241,983.521,9727.045
case077_r1_C0_DEFAULT_N512_q4_rep2,R1_EVENT_OVERLAP,RCCL,C0_DEFAULT,2048,512,2048,4,2,80,0,PASS,167.840,164.960,8413.432,777.919,764.161,9023.032,784.320,771.041,9029.912,180.560,176.798,8425.912,989.120,976.641,9230.872,808.560,797.121,823.839,995.039,982.561,9236.792
case078_r1_C0_DEFAULT_N512_q4_rep3,R1_EVENT_OVERLAP,RCCL,C0_DEFAULT,2048,512,2048,4,3,80,0,PASS,164.960,162.400,8880.152,772.479,761.920,9472.634,778.880,768.000,9478.713,177.920,175.040,8891.833,983.120,971.840,9686.393,806.720,797.439,817.441,988.958,977.440,9691.993
case079_r1_C0_DEFAULT_N512_q4_rep4,R1_EVENT_OVERLAP,RCCL,C0_DEFAULT,2048,512,2048,4,4,80,0,PASS,162.800,159.840,5735.675,770.560,760.961,6337.915,776.560,767.041,6343.995,175.520,172.640,5748.475,980.720,973.439,6553.915,806.639,798.720,817.440,986.320,979.039,6559.515
case080_r1_C0_DEFAULT_N512_q4_rep5,R1_EVENT_OVERLAP,RCCL,C0_DEFAULT,2048,512,2048,4,5,80,0,PASS,167.120,163.360,5926.716,767.120,757.761,7826.071,773.520,763.841,7832.151,179.600,175.840,7239.523,980.081,968.159,8033.123,801.680,791.359,814.241,986.001,973.919,8039.043
case081_fc_C0_DEFAULT_N512_q4_rep1,FC_FCOLLECT_ONLY,DUSHMEM,C0_DEFAULT,2048,512,2048,4,1,80,0,PASS,3337.441,3284.161,3377.761,3337.441,3284.161,3377.761,3326.242,3272.801,3366.721,0.000,0.000,0.000,0.000,0.000,0.000,0.000,0.000,0.000,3343.042,3289.761,3383.361
case082_fc_C0_DEFAULT_N512_q4_rep2,FC_FCOLLECT_ONLY,DUSHMEM,C0_DEFAULT,2048,512,2048,4,2,80,0,PASS,3333.282,3279.362,3375.997,3333.282,3279.362,3375.997,3322.082,3268.162,3364.637,0.000,0.000,0.000,0.000,0.000,0.000,0.000,0.000,0.000,3338.882,3285.122,3381.757
case083_fc_C0_DEFAULT_N512_q4_rep3,FC_FCOLLECT_ONLY,DUSHMEM,C0_DEFAULT,2048,512,2048,4,3,80,0,PASS,3334.640,3287.682,3372.961,3334.640,3287.682,3372.961,3323.520,3276.636,3361.921,0.000,0.000,0.000,0.000,0.000,0.000,0.000,0.000,0.000,3340.317,3293.282,3378.561
case084_fc_C0_DEFAULT_N512_q4_rep4,FC_FCOLLECT_ONLY,DUSHMEM,C0_DEFAULT,2048,512,2048,4,4,80,0,PASS,3335.119,3289.117,3375.357,3335.119,3289.117,3375.357,3323.919,3277.922,3364.477,0.000,0.000,0.000,0.000,0.000,0.000,0.000,0.000,0.000,3340.800,3294.877,3381.117
case085_fc_C0_DEFAULT_N512_q4_rep5,FC_FCOLLECT_ONLY,DUSHMEM,C0_DEFAULT,2048,512,2048,4,5,80,0,PASS,3334.162,3278.881,3377.758,3334.162,3278.881,3377.758,3322.881,3267.837,3366.238,0.000,0.000,0.000,0.000,0.000,0.000,0.000,0.000,0.000,3339.841,3284.637,3383.358
case086_dc_C0_DEFAULT_N512_q4_rep1,DC_PUSHSIG_ONLY,DUSHMEM,C0_DEFAULT,2048,512,2048,4,1,80,0,PASS,335.840,329.440,7007.204,1177.999,1161.119,11174.247,1185.599,1168.799,11179.847,0.000,0.000,0.000,0.000,0.000,0.000,0.000,0.000,0.000,1191.200,1175.519,11181.768
case087_dc_C0_DEFAULT_N512_q4_rep2,DC_PUSHSIG_ONLY,DUSHMEM,C0_DEFAULT,2048,512,2048,4,2,80,0,PASS,340.960,335.840,7722.723,1253.121,1210.720,11226.868,1257.441,1211.521,11234.229,0.000,0.000,0.000,0.000,0.000,0.000,0.000,0.000,0.000,1267.041,1223.681,11236.949
case088_dc_C0_DEFAULT_N512_q4_rep3,DC_PUSHSIG_ONLY,DUSHMEM,C0_DEFAULT,2048,512,2048,4,3,80,0,PASS,340.560,334.880,10315.191,1210.879,1148.479,11207.366,1217.039,1154.719,11214.727,0.000,0.000,0.000,0.000,0.000,0.000,0.000,0.000,0.000,1219.039,1159.999,11213.445
case089_dc_C0_DEFAULT_N512_q4_rep4,DC_PUSHSIG_ONLY,DUSHMEM,C0_DEFAULT,2048,512,2048,4,4,80,0,PASS,338.000,329.120,8780.806,1179.759,1159.359,11182.563,1187.359,1163.359,11187.523,0.000,0.000,0.000,0.000,0.000,0.000,0.000,0.000,0.000,1195.679,1174.079,11189.443
case090_dc_C0_DEFAULT_N512_q4_rep5,DC_PUSHSIG_ONLY,DUSHMEM,C0_DEFAULT,2048,512,2048,4,5,80,0,PASS,337.120,330.560,7155.674,1174.879,1161.280,11188.166,1182.079,1166.399,11193.446,0.000,0.000,0.000,0.000,0.000,0.000,0.000,0.000,0.000,1187.519,1172.320,11194.886
case091_d0_C0_DEFAULT_N512_q4_rep1,D0_FCOLLECT_SERIAL,DUSHMEM,C0_DEFAULT,2048,512,2048,4,1,80,0,PASS,3320.162,3267.837,3358.077,3320.162,3267.837,3358.077,3326.880,3273.437,3363.682,3339.360,3285.597,3376.162,4012.802,3953.437,4051.043,675.920,660.320,684.321,4018.403,3958.877,4056.643
case092_d0_C0_DEFAULT_N512_q4_rep2,D0_FCOLLECT_SERIAL,DUSHMEM,C0_DEFAULT,2048,512,2048,4,2,80,0,PASS,3322.642,3274.562,3363.841,3322.642,3274.562,3363.841,3329.282,3280.962,3369.441,3341.522,3292.637,3381.761,4005.917,3947.363,4044.962,667.279,651.838,679.040,4011.356,3952.963,4050.562
case093_d0_C0_DEFAULT_N512_q4_rep3,D0_FCOLLECT_SERIAL,DUSHMEM,C0_DEFAULT,2048,512,2048,4,3,80,0,PASS,3316.879,3273.442,3358.237,3316.879,3273.442,3358.237,3323.199,3280.642,3364.317,3335.599,3292.162,3376.797,4008.401,3964.317,4054.722,673.840,663.039,685.759,4014.082,3969.917,4060.162
case094_d0_C0_DEFAULT_N512_q4_rep4,D0_FCOLLECT_SERIAL,DUSHMEM,C0_DEFAULT,2048,512,2048,4,4,80,0,PASS,3321.998,3269.118,3364.478,3321.998,3269.118,3364.478,3328.078,3275.038,3371.997,3340.558,3287.518,3384.477,4009.677,3955.197,4054.562,672.159,655.359,682.400,4015.277,3960.798,4060.002
case095_d0_C0_DEFAULT_N512_q4_rep5,D0_FCOLLECT_SERIAL,DUSHMEM,C0_DEFAULT,2048,512,2048,4,5,80,0,PASS,3320.561,3275.202,3363.363,3320.561,3275.202,3363.363,3326.642,3280.962,3369.123,3338.721,3293.442,3381.283,4002.476,3954.082,4046.397,665.200,654.879,677.278,4008.077,3959.522,4051.837
case096_ds_C0_DEFAULT_N512_q4_rep1,DS_PUSHSIG_SERIAL,DUSHMEM,C0_DEFAULT,2048,512,2048,4,1,80,0,PASS,351.759,345.599,9831.192,1776.878,1751.038,12010.247,1968.558,1942.557,12226.566,357.440,351.359,9838.072,1921.518,1895.518,12153.448,1564.479,1537.919,11565.768,1970.238,1943.518,12225.285
case097_ds_C0_DEFAULT_N512_q4_rep2,DS_PUSHSIG_SERIAL,DUSHMEM,C0_DEFAULT,2048,512,2048,4,2,80,0,PASS,349.599,337.440,10293.111,1844.480,1756.001,15482.708,2041.521,1954.081,15758.067,355.200,343.360,10300.151,1992.001,1904.161,15665.107,1635.601,1558.241,11566.405,2043.841,1956.161,15760.147
case098_ds_C0_DEFAULT_N512_q4_rep3,DS_PUSHSIG_SERIAL,DUSHMEM,C0_DEFAULT,2048,512,2048,4,3,80,0,PASS,349.040,343.200,8412.793,1769.598,1744.639,14572.968,1965.278,1934.559,14756.008,354.720,348.800,8419.673,1915.678,1890.399,14712.808,1560.879,1539.839,11639.205,1965.278,1936.639,14754.568
case099_ds_C0_DEFAULT_N512_q4_rep4,DS_PUSHSIG_SERIAL,DUSHMEM,C0_DEFAULT,2048,512,2048,4,4,80,0,PASS,349.280,344.639,10300.806,1779.678,1740.479,13661.429,1973.838,1929.278,13868.647,355.040,350.399,10307.846,1923.918,1885.278,13803.668,1562.560,1531.839,11697.286,1975.998,1931.358,13865.928
case100_ds_C0_DEFAULT_N512_q4_rep5,DS_PUSHSIG_SERIAL,DUSHMEM,C0_DEFAULT,2048,512,2048,4,5,80,0,PASS,347.440,340.480,10418.552,1752.719,1731.039,12065.749,1943.759,1920.159,12291.352,353.120,346.080,10424.950,1897.919,1875.679,12204.949,1547.039,1525.278,11628.483,1945.119,1922.239,12289.271
case101_d1_C0_DEFAULT_N512_q4_rep1,D1_PUSHSIG_OVERLAP,DUSHMEM,C0_DEFAULT,2048,512,2048,4,1,80,0,PASS,349.919,342.880,10064.311,1830.401,1754.240,11844.327,2025.361,1950.241,12130.889,355.679,348.480,10071.030,1978.081,1903.681,11991.047,1625.201,1551.681,11491.046,2027.601,1952.961,12133.129
case102_d1_C0_DEFAULT_N512_q4_rep2,D1_PUSHSIG_OVERLAP,DUSHMEM,C0_DEFAULT,2048,512,2048,4,2,80,0,PASS,350.639,343.680,10247.192,1809.039,1759.039,11893.601,2012.239,1955.198,12080.960,356.399,349.280,10254.072,1953.599,1904.159,12034.880,1593.278,1543.841,11659.031,2014.319,1957.278,12080.951
case103_d1_C0_DEFAULT_N512_q4_rep3,D1_PUSHSIG_OVERLAP,DUSHMEM,C0_DEFAULT,2048,512,2048,4,3,80,0,PASS,351.200,344.479,10152.485,1882.159,1742.239,12026.084,2074.000,1935.359,14057.270,356.800,350.080,10159.364,2031.120,1889.599,14010.390,1662.318,1540.478,11656.310,2075.918,1937.439,14059.349
case104_d1_C0_DEFAULT_N512_q4_rep4,D1_PUSHSIG_OVERLAP,DUSHMEM,C0_DEFAULT,2048,512,2048,4,4,80,0,PASS,354.000,346.880,9987.686,1895.838,1813.278,14380.147,2093.761,2014.718,14950.065,360.480,352.800,9994.565,2044.240,1963.678,14900.626,1685.360,1607.519,11996.150,2097.601,2017.118,14952.146
case105_d1_C0_DEFAULT_N512_q4_rep5,D1_PUSHSIG_OVERLAP,DUSHMEM,C0_DEFAULT,2048,512,2048,4,5,80,0,PASS,356.799,351.040,10245.272,1849.518,1802.239,11928.791,2049.678,2000.799,12201.605,362.800,356.960,10252.153,1999.758,1951.519,12077.271,1636.000,1591.199,11671.046,2051.918,2003.679,12204.325
case106_d1w_C0_DEFAULT_N512_q4_rep1,D1W_WAITSTREAM_OVERLAP,DUSHMEM,C0_DEFAULT,2048,512,2048,4,1,80,0,PASS,350.720,341.758,10241.125,1910.881,1846.881,14433.909,2126.722,2063.041,14792.629,380.800,371.518,10288.965,2074.322,2010.081,14598.868,1698.800,1638.721,11342.869,2132.722,2067.841,14794.069
case107_d1w_C0_DEFAULT_N512_q4_rep2,D1W_WAITSTREAM_OVERLAP,DUSHMEM,C0_DEFAULT,2048,512,2048,4,2,80,0,PASS,354.320,345.440,8575.204,1934.801,1866.881,15992.490,2152.081,2078.561,16225.290,384.159,375.040,8626.084,2102.398,2030.082,16172.147,1716.239,1660.961,11693.431,2154.881,2080.961,16231.529
case108_d1w_C0_DEFAULT_N512_q4_rep3,D1W_WAITSTREAM_OVERLAP,DUSHMEM,C0_DEFAULT,2048,512,2048,4,3,80,0,PASS,350.959,346.880,10172.645,1905.678,1839.678,11978.407,2121.600,2048.958,13687.671,380.960,376.480,10204.965,2074.720,2003.838,12161.927,1710.959,1639.678,11662.871,2123.200,2051.038,13689.751
case109_d1w_C0_DEFAULT_N512_q4_rep4,D1W_WAITSTREAM_OVERLAP,DUSHMEM,C0_DEFAULT,2048,512,2048,4,4,80,0,PASS,352.480,346.240,10223.686,1855.678,1813.278,14092.167,2072.238,2025.118,14299.528,382.319,375.840,10274.245,2023.038,1976.958,14253.928,1647.439,1598.719,11106.229,2071.199,2024.477,14301.448
case110_d1w_C0_DEFAULT_N512_q4_rep5,D1W_WAITSTREAM_OVERLAP,DUSHMEM,C0_DEFAULT,2048,512,2048,4,5,80,0,PASS,357.120,349.920,10247.688,1891.921,1846.877,13495.029,2127.841,2065.917,15063.029,386.800,380.158,10295.687,2073.522,2011.677,13657.429,1693.761,1629.759,12045.126,2133.681,2072.317,15065.429
case111_comm_C0_DEFAULT_N512_q8_rep1,COMM_ONLY,RCCL,C0_DEFAULT,2048,512,2048,8,1,80,0,PASS,108.960,107.040,113.600,786.880,780.000,804.959,792.560,785.920,810.879,0.000,0.000,0.000,0.000,0.000,0.000,0.000,0.000,0.000,798.240,791.520,816.959
case112_comm_C0_DEFAULT_N512_q8_rep2,COMM_ONLY,RCCL,C0_DEFAULT,2048,512,2048,8,2,80,0,PASS,107.520,105.920,114.080,792.961,788.961,807.840,798.721,794.881,813.600,0.000,0.000,0.000,0.000,0.000,0.000,0.000,0.000,0.000,804.320,800.481,819.200
case113_comm_C0_DEFAULT_N512_q8_rep3,COMM_ONLY,RCCL,C0_DEFAULT,2048,512,2048,8,3,80,0,PASS,110.080,108.000,3941.122,794.879,785.601,5903.516,800.639,791.681,5910.396,0.000,0.000,0.000,0.000,0.000,0.000,0.000,0.000,0.000,806.240,797.281,5916.796
case114_comm_C0_DEFAULT_N512_q8_rep4,COMM_ONLY,RCCL,C0_DEFAULT,2048,512,2048,8,4,80,0,PASS,107.919,106.240,111.680,791.679,780.160,798.399,797.439,785.920,804.159,0.000,0.000,0.000,0.000,0.000,0.000,0.000,0.000,0.000,803.120,791.360,809.600
case115_comm_C0_DEFAULT_N512_q8_rep5,COMM_ONLY,RCCL,C0_DEFAULT,2048,512,2048,8,5,80,0,PASS,108.800,106.240,113.120,787.840,779.841,804.959,793.600,785.601,810.879,0.000,0.000,0.000,0.000,0.000,0.000,0.000,0.000,0.000,799.200,791.201,818.401
case116_gemm_C0_DEFAULT_N512_q8_rep1,GEMM_ONLY,RCCL,C0_DEFAULT,2048,512,2048,8,1,80,0,PASS,0.000,0.000,0.000,0.000,0.000,0.000,799.119,791.999,820.479,24.800,23.840,25.920,793.119,786.079,813.919,768.799,763.039,788.319,804.719,797.599,826.719
case117_gemm_C0_DEFAULT_N512_q8_rep2,GEMM_ONLY,RCCL,C0_DEFAULT,2048,512,2048,8,2,80,0,PASS,0.000,0.000,0.000,0.000,0.000,0.000,801.279,792.319,10703.350,24.480,22.558,25.440,795.519,786.559,10697.430,770.959,762.559,10673.112,806.959,797.919,10708.950
case118_gemm_C0_DEFAULT_N512_q8_rep3,GEMM_ONLY,RCCL,C0_DEFAULT,2048,512,2048,8,3,80,0,PASS,0.000,0.000,0.000,0.000,0.000,0.000,801.600,791.519,837.121,24.640,23.678,26.240,795.199,785.279,831.041,773.439,763.840,802.881,807.360,797.119,843.041
case119_gemm_C0_DEFAULT_N512_q8_rep4,GEMM_ONLY,RCCL,C0_DEFAULT,2048,512,2048,8,4,80,0,PASS,0.000,0.000,0.000,0.000,0.000,0.000,801.040,793.919,818.718,24.320,23.360,25.600,794.800,787.679,812.318,772.399,765.279,789.280,806.720,799.679,824.318
case120_gemm_C0_DEFAULT_N512_q8_rep5,GEMM_ONLY,RCCL,C0_DEFAULT,2048,512,2048,8,5,80,0,PASS,0.000,0.000,0.000,0.000,0.000,0.000,797.599,790.560,10213.592,24.320,23.520,25.280,791.599,784.800,10207.672,768.720,763.519,10184.792,803.199,796.319,10219.352
case121_r0_C0_DEFAULT_N512_q8_rep1,R0_FULL_SERIAL,RCCL,C0_DEFAULT,2048,512,2048,8,1,80,0,PASS,513.120,507.200,522.238,513.120,507.200,522.238,520.399,514.239,529.441,532.159,526.719,543.040,1191.919,1181.279,1218.398,665.040,654.560,676.801,1197.519,1186.719,1224.160
case122_r0_C0_DEFAULT_N512_q8_rep2,R0_FULL_SERIAL,RCCL,C0_DEFAULT,2048,512,2048,8,2,80,0,PASS,519.520,513.280,526.560,519.520,513.280,526.560,526.321,520.480,532.800,538.080,532.800,544.800,1204.320,1189.441,1219.519,672.720,661.759,682.239,1209.999,1194.881,1225.119
case123_r0_C0_DEFAULT_N512_q8_rep3,R0_FULL_SERIAL,RCCL,C0_DEFAULT,2048,512,2048,8,3,80,0,PASS,515.519,510.400,524.640,515.519,510.400,524.640,522.560,517.439,531.679,534.400,528.959,546.879,1198.320,1186.241,1213.921,667.439,654.400,680.159,1203.919,1191.841,1219.361
case124_r0_C0_DEFAULT_N512_q8_rep4,R0_FULL_SERIAL,RCCL,C0_DEFAULT,2048,512,2048,8,4,80,0,PASS,517.280,510.880,527.039,517.280,510.880,527.039,524.239,517.760,534.239,536.000,529.919,546.880,1196.559,1182.881,1215.519,665.040,656.160,677.920,1202.079,1188.481,1220.959
case125_r0_C0_DEFAULT_N512_q8_rep5,R0_FULL_SERIAL,RCCL,C0_DEFAULT,2048,512,2048,8,5,80,0,PASS,513.519,507.839,521.600,513.519,507.839,521.600,520.640,514.239,528.960,532.560,526.239,541.600,1201.839,1189.439,1214.719,674.480,661.120,683.360,1207.439,1194.879,1220.319
case126_rs_C0_DEFAULT_N512_q8_rep1,RS_SLICE_SERIAL,RCCL,C0_DEFAULT,2048,512,2048,8,1,80,0,PASS,115.680,113.440,480.320,1563.039,1555.198,10782.550,1569.278,1561.278,10788.630,128.720,126.240,493.120,1666.478,1658.559,10882.229,1540.639,1532.799,6555.675,1672.078,1664.159,10887.990
case127_rs_C0_DEFAULT_N512_q8_rep2,RS_SLICE_SERIAL,RCCL,C0_DEFAULT,2048,512,2048,8,2,80,0,PASS,116.080,113.120,7546.233,1570.160,1562.081,10170.070,1576.081,1568.479,10176.471,128.799,125.920,7558.873,1673.439,1665.119,10273.431,1544.000,1534.239,4084.316,1679.519,1671.199,10279.512
case128_rs_C0_DEFAULT_N512_q8_rep3,RS_SLICE_SERIAL,RCCL,C0_DEFAULT,2048,512,2048,8,3,80,0,PASS,111.840,110.079,116.800,1554.880,1546.879,1583.519,1561.119,1552.959,1589.919,124.400,122.560,130.080,1658.399,1650.398,1686.399,1534.240,1526.719,1546.399,1663.999,1655.998,1691.999
case129_rs_C0_DEFAULT_N512_q8_rep4,RS_SLICE_SERIAL,RCCL,C0_DEFAULT,2048,512,2048,8,4,80,0,PASS,112.880,109.920,9058.390,1555.438,1548.641,11237.591,1561.760,1554.879,11243.831,125.681,122.560,9070.870,1659.120,1650.719,11340.951,1536.239,1528.959,1556.958,1664.880,1656.479,11346.551
case130_rs_C0_DEFAULT_N512_q8_rep5,RS_SLICE_SERIAL,RCCL,C0_DEFAULT,2048,512,2048,8,5,80,0,PASS,115.920,113.120,8456.964,1568.001,1560.800,9903.525,1574.321,1567.199,9909.444,128.960,125.280,8469.284,1671.679,1663.679,10004.805,1542.720,1536.479,1571.201,1677.679,1669.759,10010.564
case131_r1_C0_DEFAULT_N512_q8_rep1,R1_EVENT_OVERLAP,RCCL,C0_DEFAULT,2048,512,2048,8,1,80,0,PASS,113.120,110.720,6367.675,990.559,977.441,9325.750,996.320,983.201,9331.990,125.679,123.360,6380.795,1277.920,1261.758,9588.469,1151.600,1136.958,7219.676,1283.680,1267.358,9594.229
case132_r1_C0_DEFAULT_N512_q8_rep2,R1_EVENT_OVERLAP,RCCL,C0_DEFAULT,2048,512,2048,8,2,80,0,PASS,115.040,112.480,9577.606,995.999,982.561,10692.312,1001.840,988.801,10698.551,127.840,125.120,9590.086,1286.159,1270.079,10974.551,1153.678,1142.079,1181.599,1292.239,1276.159,10980.631
case133_r1_C0_DEFAULT_N512_q8_rep3,R1_EVENT_OVERLAP,RCCL,C0_DEFAULT,2048,512,2048,8,3,80,0,PASS,113.680,110.719,8980.477,995.040,977.600,10832.007,1001.120,983.360,10838.086,126.480,123.200,8992.316,1274.639,1259.839,11039.686,1147.759,1134.559,10188.473,1280.318,1265.599,11045.125
case134_r1_C0_DEFAULT_N512_q8_rep4,R1_EVENT_OVERLAP,RCCL,C0_DEFAULT,2048,512,2048,8,4,80,0,PASS,113.520,111.200,9189.444,990.961,978.881,10070.246,996.881,984.961,10076.006,126.240,124.000,9200.805,1283.919,1265.600,10354.724,1157.279,1140.799,1184.639,1290.079,1271.839,10360.484
case135_r1_C0_DEFAULT_N512_q8_rep5,R1_EVENT_OVERLAP,RCCL,C0_DEFAULT,2048,512,2048,8,5,80,0,PASS,109.920,108.000,8363.353,983.120,974.240,10190.070,989.919,979.840,10238.563,122.560,120.800,8375.993,1268.320,1256.159,10484.644,1145.439,1134.401,1165.760,1273.920,1261.759,10490.244
case136_fc_C0_DEFAULT_N512_q8_rep1,FC_FCOLLECT_ONLY,DUSHMEM,C0_DEFAULT,2048,512,2048,8,1,80,0,PASS,3335.441,3290.081,3375.362,3335.441,3290.081,3375.362,3324.241,3278.881,3364.162,0.000,0.000,0.000,0.000,0.000,0.000,0.000,0.000,0.000,3341.201,3295.521,3380.962
case137_fc_C0_DEFAULT_N512_q8_rep2,FC_FCOLLECT_ONLY,DUSHMEM,C0_DEFAULT,2048,512,2048,8,2,80,0,PASS,3334.957,3290.558,3374.557,3334.957,3290.558,3374.557,3323.437,3279.038,3363.037,0.000,0.000,0.000,0.000,0.000,0.000,0.000,0.000,0.000,3340.557,3296.318,3380.317
case138_fc_C0_DEFAULT_N512_q8_rep3,FC_FCOLLECT_ONLY,DUSHMEM,C0_DEFAULT,2048,512,2048,8,3,80,0,PASS,3332.478,3283.518,3377.917,3332.478,3283.518,3377.917,3320.718,3271.838,3366.237,0.000,0.000,0.000,0.000,0.000,0.000,0.000,0.000,0.000,3338.158,3289.118,3383.677
case139_fc_C0_DEFAULT_N512_q8_rep4,FC_FCOLLECT_ONLY,DUSHMEM,C0_DEFAULT,2048,512,2048,8,4,80,0,PASS,3332.482,3285.602,3379.842,3332.482,3285.602,3379.842,3321.362,3274.402,3368.642,0.000,0.000,0.000,0.000,0.000,0.000,0.000,0.000,0.000,3338.162,3291.201,3385.442
case140_fc_C0_DEFAULT_N512_q8_rep5,FC_FCOLLECT_ONLY,DUSHMEM,C0_DEFAULT,2048,512,2048,8,5,80,0,PASS,3333.362,3284.162,3372.802,3333.362,3284.162,3372.802,3322.082,3272.962,3361.442,0.000,0.000,0.000,0.000,0.000,0.000,0.000,0.000,0.000,3339.122,3289.762,3378.402
case141_dc_C0_DEFAULT_N512_q8_rep1,DC_PUSHSIG_ONLY,DUSHMEM,C0_DEFAULT,2048,512,2048,8,1,80,0,PASS,261.120,253.280,10160.326,1920.561,1873.441,11983.045,1923.281,1876.161,11984.647,0.000,0.000,0.000,0.000,0.000,0.000,0.000,0.000,0.000,1934.401,1885.601,11994.085
case142_dc_C0_DEFAULT_N512_q8_rep2,DC_PUSHSIG_ONLY,DUSHMEM,C0_DEFAULT,2048,512,2048,8,2,80,0,PASS,261.039,256.320,287.839,1908.878,1862.399,11992.788,1915.198,1867.679,11999.668,0.000,0.000,0.000,0.000,0.000,0.000,0.000,0.000,0.000,1919.599,1869.759,12003.031
case143_dc_C0_DEFAULT_N512_q8_rep3,DC_PUSHSIG_ONLY,DUSHMEM,C0_DEFAULT,2048,512,2048,8,3,80,0,PASS,262.000,255.040,10313.112,1879.278,1840.959,11947.191,1879.278,1845.439,11952.791,0.000,0.000,0.000,0.000,0.000,0.000,0.000,0.000,0.000,1888.078,1847.999,11956.791
case144_dc_C0_DEFAULT_N512_q8_rep4,DC_PUSHSIG_ONLY,DUSHMEM,C0_DEFAULT,2048,512,2048,8,4,80,0,PASS,262.639,254.400,9401.114,1948.639,1916.959,12033.285,1953.919,1923.679,11990.087,0.000,0.000,0.000,0.000,0.000,0.000,0.000,0.000,0.000,1963.198,1930.719,12044.469
case145_dc_C0_DEFAULT_N512_q8_rep5,DC_PUSHSIG_ONLY,DUSHMEM,C0_DEFAULT,2048,512,2048,8,5,80,0,PASS,261.920,256.640,8006.074,1952.320,1865.439,11986.391,1958.318,1870.879,11992.951,0.000,0.000,0.000,0.000,0.000,0.000,0.000,0.000,0.000,1966.958,1874.399,11996.312
case146_d0_C0_DEFAULT_N512_q8_rep1,D0_FCOLLECT_SERIAL,DUSHMEM,C0_DEFAULT,2048,512,2048,8,1,80,0,PASS,3322.801,3272.477,3359.202,3322.801,3272.477,3359.202,3329.841,3278.397,3365.122,3341.682,3290.877,3377.442,4009.600,3948.157,4046.242,670.480,654.080,680.960,4015.200,3953.757,4051.842
case147_d0_C0_DEFAULT_N512_q8_rep2,D0_FCOLLECT_SERIAL,DUSHMEM,C0_DEFAULT,2048,512,2048,8,2,80,0,PASS,3318.722,3274.082,3362.082,3318.722,3274.082,3362.082,3325.601,3280.002,3368.157,3337.521,3292.162,3380.477,4008.399,3962.717,4055.516,673.920,662.880,682.401,4013.919,3968.317,4061.116
case148_d0_C0_DEFAULT_N512_q8_rep3,D0_FCOLLECT_SERIAL,DUSHMEM,C0_DEFAULT,2048,512,2048,8,3,80,0,PASS,3322.957,3278.877,3362.237,3322.957,3278.877,3362.237,3329.038,3285.277,3368.798,3341.597,3296.637,3381.277,4007.439,3969.122,4049.276,669.600,656.961,680.641,4013.039,3974.722,4055.036
case149_d0_C0_DEFAULT_N512_q8_rep4,D0_FCOLLECT_SERIAL,DUSHMEM,C0_DEFAULT,2048,512,2048,8,4,80,0,PASS,3319.682,3278.078,3365.601,3319.682,3278.078,3365.601,3326.399,3284.797,3372.001,3338.158,3296.957,3383.521,4008.642,3958.883,4053.282,668.080,653.120,683.039,4014.162,3964.483,4058.882
case150_d0_C0_DEFAULT_N512_q8_rep5,D0_FCOLLECT_SERIAL,DUSHMEM,C0_DEFAULT,2048,512,2048,8,5,80,0,PASS,3325.758,3275.998,3362.717,3325.758,3275.998,3362.717,3331.758,3281.918,3368.957,3344.318,3294.398,3380.638,4007.516,3959.197,4048.636,668.639,656.159,682.720,4012.957,3964.797,4054.236
case151_ds_C0_DEFAULT_N512_q8_rep1,DS_PUSHSIG_SERIAL,DUSHMEM,C0_DEFAULT,2048,512,2048,8,1,80,0,PASS,279.120,273.920,8904.326,3196.559,3038.876,16860.008,3442.798,3196.156,17019.527,285.199,279.680,8911.206,3301.359,3145.758,16964.328,2974.400,2857.758,15037.929,3447.200,3205.756,17027.369
case152_ds_C0_DEFAULT_N512_q8_rep2,DS_PUSHSIG_SERIAL,DUSHMEM,C0_DEFAULT,2048,512,2048,8,2,80,0,PASS,274.560,267.680,8387.204,3145.998,3026.077,16129.587,3413.037,3183.197,16388.490,280.320,273.440,8393.924,3327.677,3133.277,16234.387,2951.760,2857.598,14223.208,3419.277,3189.277,16395.051
case153_ds_C0_DEFAULT_N512_q8_rep3,DS_PUSHSIG_SERIAL,DUSHMEM,C0_DEFAULT,2048,512,2048,8,3,80,0,PASS,271.599,266.880,8634.073,3064.797,2921.118,17533.748,3251.757,3069.438,17680.949,277.359,272.640,8640.953,3166.637,3023.678,17636.148,2790.399,2749.758,13816.310,3253.838,3071.518,17683.027
case154_ds_C0_DEFAULT_N512_q8_rep4,DS_PUSHSIG_SERIAL,DUSHMEM,C0_DEFAULT,2048,512,2048,8,4,80,0,PASS,278.560,270.718,10074.728,3043.200,2972.001,15735.825,5099.038,3127.681,15887.666,284.240,276.478,10082.247,3231.760,3079.361,15838.066,2864.560,2803.202,12814.707,5102.878,3132.001,15890.386
case155_ds_C0_DEFAULT_N512_q8_rep5,DS_PUSHSIG_SERIAL,DUSHMEM,C0_DEFAULT,2048,512,2048,8,5,80,0,PASS,275.439,269.120,10260.966,3053.519,2964.481,15985.129,3211.520,3118.081,16674.891,281.039,274.720,10267.846,3157.759,3070.562,16089.289,2860.242,2793.921,12950.070,3215.521,3121.761,16678.410
case156_d1_C0_DEFAULT_N512_q8_rep1,D1_PUSHSIG_OVERLAP,DUSHMEM,C0_DEFAULT,2048,512,2048,8,1,80,0,PASS,259.840,254.880,9997.111,3210.880,3048.958,16134.228,3431.037,3223.998,16291.828,265.680,260.800,10002.870,3381.838,3164.318,16241.108,3024.797,2899.838,15121.268,3472.956,3231.677,16295.348
case157_d1_C0_DEFAULT_N512_q8_rep2,D1_PUSHSIG_OVERLAP,DUSHMEM,C0_DEFAULT,2048,512,2048,8,2,80,0,PASS,268.640,262.560,10299.045,3059.601,2998.721,17662.410,3222.881,3152.482,17820.010,274.400,268.160,10304.645,3171.202,3103.521,17766.410,2896.162,2832.482,16837.447,3230.881,3159.362,17826.730
case158_d1_C0_DEFAULT_N512_q8_rep3,D1_PUSHSIG_OVERLAP,DUSHMEM,C0_DEFAULT,2048,512,2048,8,3,80,0,PASS,268.079,262.080,8246.725,3070.957,2988.158,14266.868,3289.597,3140.478,14423.509,273.839,268.000,8253.764,3240.236,3093.118,14373.430,2900.957,2818.558,13196.147,3292.717,3143.198,14427.669
case159_d1_C0_DEFAULT_N512_q8_rep4,D1_PUSHSIG_OVERLAP,DUSHMEM,C0_DEFAULT,2048,512,2048,8,4,80,0,PASS,271.679,262.880,10268.486,3005.517,2909.599,16850.867,3164.318,3058.558,17001.105,279.119,268.640,10275.206,3107.837,3012.798,16956.945,2787.838,2735.838,11063.990,3166.798,3059.838,17003.186
case160_d1_C0_DEFAULT_N512_q8_rep5,D1_PUSHSIG_OVERLAP,DUSHMEM,C0_DEFAULT,2048,512,2048,8,5,80,0,PASS,274.640,268.480,10101.924,3011.442,2970.402,17648.969,3169.762,3125.281,17819.531,280.400,274.240,10109.604,3120.882,3077.601,17752.648,2840.481,2801.761,14276.968,3173.122,3128.321,17827.529
case161_d1w_C0_DEFAULT_N512_q8_rep1,D1W_WAITSTREAM_OVERLAP,DUSHMEM,C0_DEFAULT,2048,512,2048,8,1,80,0,PASS,267.680,256.960,7080.474,9103.918,3102.242,16041.126,9281.359,3266.402,16244.489,297.360,287.360,7112.474,9232.559,3219.522,16157.767,3091.199,2909.761,13942.888,9283.839,3269.122,16246.568
case162_d1w_C0_DEFAULT_N512_q8_rep2,D1W_WAITSTREAM_OVERLAP,DUSHMEM,C0_DEFAULT,2048,512,2048,8,2,80,0,PASS,270.160,264.480,10292.005,3164.239,3031.198,15533.589,3331.999,3196.958,15734.248,299.920,294.720,10324.646,3284.320,3151.678,15667.208,2943.680,2854.882,14988.167,3334.800,3199.038,15736.328
case163_d1w_C0_DEFAULT_N512_q8_rep3,D1W_WAITSTREAM_OVERLAP,DUSHMEM,C0_DEFAULT,2048,512,2048,8,3,80,0,PASS,278.960,268.160,9997.284,3255.680,3057.598,15492.649,5169.602,3223.358,15656.948,308.640,297.760,10047.513,3424.077,3177.598,15610.868,3014.480,2874.077,13216.470,5174.403,3225.278,15659.188
case164_d1w_C0_DEFAULT_N512_q8_rep4,D1W_WAITSTREAM_OVERLAP,DUSHMEM,C0_DEFAULT,2048,512,2048,8,4,80,0,PASS,274.800,268.640,10152.791,3215.677,3048.317,17263.209,3411.917,3214.878,17428.809,304.400,298.400,10203.351,3346.237,3166.877,17381.768,2989.759,2865.278,12989.928,3414.077,3216.958,17430.729
case165_d1w_C0_DEFAULT_N512_q8_rep5,D1W_WAITSTREAM_OVERLAP,DUSHMEM,C0_DEFAULT,2048,512,2048,8,5,80,0,PASS,263.040,258.080,9898.392,3255.920,3165.758,21511.824,3427.438,3343.038,21693.104,293.120,287.200,9949.592,3377.440,3287.038,21631.824,3084.082,2997.918,16726.707,3436.077,3350.558,21698.863
case166_comm_C0_DEFAULT_N2048_q2_rep1,COMM_ONLY,RCCL,C0_DEFAULT,2048,2048,2048,2,1,80,0,PASS,313.920,310.400,319.200,572.800,568.480,578.721,578.560,574.240,585.441,0.000,0.000,0.000,0.000,0.000,0.000,0.000,0.000,0.000,584.160,579.840,591.841
case167_comm_C0_DEFAULT_N2048_q2_rep2,COMM_ONLY,RCCL,C0_DEFAULT,2048,2048,2048,2,2,80,0,PASS,313.760,308.800,324.320,574.560,568.800,589.280,580.560,574.560,596.160,0.000,0.000,0.000,0.000,0.000,0.000,0.000,0.000,0.000,586.641,580.160,602.880
case168_comm_C0_DEFAULT_N2048_q2_rep3,COMM_ONLY,RCCL,C0_DEFAULT,2048,2048,2048,2,3,80,0,PASS,312.240,309.280,319.680,572.159,567.840,584.160,578.080,573.600,590.880,0.000,0.000,0.000,0.000,0.000,0.000,0.000,0.000,0.000,584.000,579.201,597.600
case169_comm_C0_DEFAULT_N2048_q2_rep4,COMM_ONLY,RCCL,C0_DEFAULT,2048,2048,2048,2,4,80,0,PASS,314.240,310.560,320.480,573.601,569.441,579.200,579.520,575.200,585.600,0.000,0.000,0.000,0.000,0.000,0.000,0.000,0.000,0.000,585.520,580.959,592.000
case170_comm_C0_DEFAULT_N2048_q2_rep5,COMM_ONLY,RCCL,C0_DEFAULT,2048,2048,2048,2,5,80,0,PASS,315.520,311.680,320.160,575.520,571.199,579.520,582.001,576.800,585.920,0.000,0.000,0.000,0.000,0.000,0.000,0.000,0.000,0.000,588.160,582.719,592.320
case171_gemm_C0_DEFAULT_N2048_q2_rep1,GEMM_ONLY,RCCL,C0_DEFAULT,2048,2048,2048,2,1,80,0,PASS,0.000,0.000,0.000,0.000,0.000,0.000,1798.880,1793.761,1803.358,107.680,107.040,109.120,1792.400,1788.001,1796.798,1686.721,1682.401,1691.521,1805.200,1799.361,1809.598
case172_gemm_C0_DEFAULT_N2048_q2_rep2,GEMM_ONLY,RCCL,C0_DEFAULT,2048,2048,2048,2,2,80,0,PASS,0.000,0.000,0.000,0.000,0.000,0.000,1797.200,1793.600,1803.841,107.200,106.400,108.481,1791.361,1787.840,1798.081,1684.800,1681.439,1690.721,1803.120,1799.200,1810.081
case173_gemm_C0_DEFAULT_N2048_q2_rep3,GEMM_ONLY,RCCL,C0_DEFAULT,2048,2048,2048,2,3,80,0,PASS,0.000,0.000,0.000,0.000,0.000,0.000,1798.960,1794.399,1803.998,108.800,107.680,109.600,1792.558,1787.998,1797.598,1685.039,1681.439,1690.079,1805.279,1800.959,1810.079
case174_gemm_C0_DEFAULT_N2048_q2_rep4,GEMM_ONLY,RCCL,C0_DEFAULT,2048,2048,2048,2,4,80,0,PASS,0.000,0.000,0.000,0.000,0.000,0.000,1794.399,1792.159,1799.839,107.680,105.760,108.320,1787.839,1785.758,1793.279,1683.119,1680.639,1687.839,1800.640,1798.559,1806.079
case175_gemm_C0_DEFAULT_N2048_q2_rep5,GEMM_ONLY,RCCL,C0_DEFAULT,2048,2048,2048,2,5,80,0,PASS,0.000,0.000,0.000,0.000,0.000,0.000,1795.359,1792.162,1800.799,107.360,105.280,109.120,1788.959,1785.758,1794.399,1683.999,1680.959,1688.799,1801.599,1798.558,1807.039
case176_r0_C0_DEFAULT_N2048_q2_rep1,R0_FULL_SERIAL,RCCL,C0_DEFAULT,2048,2048,2048,2,1,80,0,PASS,531.201,527.199,538.560,531.201,527.199,538.560,538.320,533.920,545.120,550.479,545.600,557.120,1892.639,1886.081,1901.761,1344.639,1340.639,1350.399,1898.318,1891.681,1907.361
case177_r0_C0_DEFAULT_N2048_q2_rep2,R0_FULL_SERIAL,RCCL,C0_DEFAULT,2048,2048,2048,2,2,80,0,PASS,531.920,527.679,537.920,531.920,527.679,537.920,538.800,534.239,546.078,550.800,546.239,558.720,1893.041,1885.599,1904.801,1343.760,1339.519,1351.998,1898.720,1891.359,1910.401
case178_r0_C0_DEFAULT_N2048_q2_rep3,R0_FULL_SERIAL,RCCL,C0_DEFAULT,2048,2048,2048,2,3,80,0,PASS,531.199,526.720,536.960,531.199,526.720,536.960,537.920,533.601,544.320,549.919,545.599,557.280,1893.122,1886.878,1903.518,1345.040,1340.801,1350.399,1898.800,1892.478,1908.958
case179_r0_C0_DEFAULT_N2048_q2_rep4,R0_FULL_SERIAL,RCCL,C0_DEFAULT,2048,2048,2048,2,4,80,0,PASS,530.240,526.080,537.120,530.240,526.080,537.120,537.120,532.641,544.160,549.120,544.481,556.480,1891.841,1886.558,1901.278,1345.200,1341.279,1354.879,1897.361,1892.158,1907.359
case180_r0_C0_DEFAULT_N2048_q2_rep5,R0_FULL_SERIAL,RCCL,C0_DEFAULT,2048,2048,2048,2,5,80,0,PASS,531.520,526.720,538.080,531.520,526.720,538.080,538.480,533.759,545.760,550.080,545.600,557.920,1892.400,1886.398,1903.359,1344.799,1339.838,1350.559,1898.000,1891.998,1909.119
case181_rs_C0_DEFAULT_N2048_q2_rep1,RS_SLICE_SERIAL,RCCL,C0_DEFAULT,2048,2048,2048,2,1,80,0,PASS,313.920,309.120,317.759,1429.759,1425.121,1438.718,1435.680,1431.041,1444.798,326.880,321.920,331.520,2279.918,2274.238,2289.758,1957.918,1953.598,1965.278,2285.519,2279.838,2295.518
case182_rs_C0_DEFAULT_N2048_q2_rep2,RS_SLICE_SERIAL,RCCL,C0_DEFAULT,2048,2048,2048,2,2,80,0,PASS,311.759,308.640,316.480,1428.399,1422.878,1433.759,1434.479,1428.798,1439.839,324.400,321.439,328.640,2277.919,2273.281,2285.758,1957.039,1953.438,1962.719,2283.599,2278.881,2291.358
case183_rs_C0_DEFAULT_N2048_q2_rep3,RS_SLICE_SERIAL,RCCL,C0_DEFAULT,2048,2048,2048,2,3,80,0,PASS,313.840,310.399,317.600,1428.240,1424.159,1435.520,1434.640,1430.239,1441.600,326.721,323.199,331.680,2277.520,2272.161,2284.158,1955.521,1951.039,1959.999,2283.198,2277.761,2289.758
case184_rs_C0_DEFAULT_N2048_q2_rep4,RS_SLICE_SERIAL,RCCL,C0_DEFAULT,2048,2048,2048,2,4,80,0,PASS,313.280,310.241,318.240,1429.679,1424.641,1436.799,1435.680,1430.721,1442.879,326.000,322.401,332.481,2277.999,2272.801,2286.082,1957.121,1951.518,1962.881,2283.678,2278.401,2291.522
case185_rs_C0_DEFAULT_N2048_q2_rep5,RS_SLICE_SERIAL,RCCL,C0_DEFAULT,2048,2048,2048,2,5,80,0,PASS,314.880,310.078,318.880,1432.080,1426.561,1440.961,1438.001,1432.481,1446.881,328.000,322.878,332.320,2281.758,2275.517,2290.877,1957.997,1953.757,1965.917,2287.356,2281.122,2296.637
case186_r1_C0_DEFAULT_N2048_q2_rep1,R1_EVENT_OVERLAP,RCCL,C0_DEFAULT,2048,2048,2048,2,1,80,0,PASS,314.481,311.520,319.040,772.239,763.199,783.999,779.200,769.919,790.720,327.200,324.320,332.800,2233.039,2215.839,2290.078,1906.079,1889.601,1964.001,2238.718,2221.599,2295.838
case187_r1_C0_DEFAULT_N2048_q2_rep2,R1_EVENT_OVERLAP,RCCL,C0_DEFAULT,2048,2048,2048,2,2,80,0,PASS,314.240,311.520,318.560,772.000,762.080,781.918,778.561,768.640,788.798,327.200,323.520,332.800,2231.920,2211.518,2277.118,1906.479,1890.079,1951.202,2237.520,2217.118,2282.718
case188_r1_C0_DEFAULT_N2048_q2_rep3,R1_EVENT_OVERLAP,RCCL,C0_DEFAULT,2048,2048,2048,2,3,80,0,PASS,315.760,309.920,321.760,771.840,763.040,784.000,778.480,769.920,790.720,328.640,322.880,335.680,2233.678,2211.042,2284.962,1906.879,1887.358,1958.561,2239.440,2216.638,2291.202
case189_r1_C0_DEFAULT_N2048_q2_rep4,R1_EVENT_OVERLAP,RCCL,C0_DEFAULT,2048,2048,2048,2,4,80,0,PASS,314.880,312.480,320.160,774.159,762.880,783.521,780.640,769.440,789.921,328.000,325.600,333.281,2235.118,2215.361,2286.239,1907.921,1889.601,1956.481,2240.638,2220.801,2291.999
case190_r1_C0_DEFAULT_N2048_q2_rep5,R1_EVENT_OVERLAP,RCCL,C0_DEFAULT,2048,2048,2048,2,5,80,0,PASS,315.280,310.560,320.320,771.440,762.879,783.199,778.399,769.921,789.919,328.960,323.359,333.920,2237.198,2219.042,2292.481,1909.359,1892.802,1959.681,2242.958,2224.642,2298.081
case191_fc_C0_DEFAULT_N2048_q2_rep1,FC_FCOLLECT_ONLY,DUSHMEM,C0_DEFAULT,2048,2048,2048,2,1,80,0,PASS,3349.122,3305.602,3391.681,3349.122,3305.602,3391.681,3338.002,3294.082,3380.481,0.000,0.000,0.000,0.000,0.000,0.000,0.000,0.000,0.000,3354.802,3311.202,3397.281
case192_fc_C0_DEFAULT_N2048_q2_rep2,FC_FCOLLECT_ONLY,DUSHMEM,C0_DEFAULT,2048,2048,2048,2,2,80,0,PASS,3346.957,3303.522,3388.157,3346.957,3303.522,3388.157,3335.757,3292.322,3377.117,0.000,0.000,0.000,0.000,0.000,0.000,0.000,0.000,0.000,3352.637,3309.282,3393.757
case193_fc_C0_DEFAULT_N2048_q2_rep3,FC_FCOLLECT_ONLY,DUSHMEM,C0_DEFAULT,2048,2048,2048,2,3,80,0,PASS,3346.317,3299.837,3386.558,3346.317,3299.837,3386.558,3335.437,3288.797,3375.358,0.000,0.000,0.000,0.000,0.000,0.000,0.000,0.000,0.000,3351.997,3305.437,3392.318
case194_fc_C0_DEFAULT_N2048_q2_rep4,FC_FCOLLECT_ONLY,DUSHMEM,C0_DEFAULT,2048,2048,2048,2,4,80,0,PASS,3344.079,3299.198,3387.357,3344.079,3299.198,3387.357,3333.037,3287.682,3376.317,0.000,0.000,0.000,0.000,0.000,0.000,0.000,0.000,0.000,3349.840,3304.958,3392.957
case195_fc_C0_DEFAULT_N2048_q2_rep5,FC_FCOLLECT_ONLY,DUSHMEM,C0_DEFAULT,2048,2048,2048,2,5,80,0,PASS,3343.119,3296.161,3390.557,3343.119,3296.161,3390.557,3331.999,3285.117,3379.522,0.000,0.000,0.000,0.000,0.000,0.000,0.000,0.000,0.000,3348.719,3301.761,3396.157
case196_dc_C0_DEFAULT_N2048_q2_rep1,DC_PUSHSIG_ONLY,DUSHMEM,C0_DEFAULT,2048,2048,2048,2,1,80,0,PASS,512.239,492.160,10407.192,925.999,892.959,10894.086,933.599,900.000,10902.566,0.000,0.000,0.000,0.000,0.000,0.000,0.000,0.000,0.000,938.959,905.119,10907.046
case197_dc_C0_DEFAULT_N2048_q2_rep2,DC_PUSHSIG_ONLY,DUSHMEM,C0_DEFAULT,2048,2048,2048,2,2,80,0,PASS,524.399,501.440,10437.126,947.360,901.280,10840.165,954.079,908.319,10848.005,0.000,0.000,0.000,0.000,0.000,0.000,0.000,0.000,0.000,958.879,915.680,10852.165
case198_dc_C0_DEFAULT_N2048_q2_rep3,DC_PUSHSIG_ONLY,DUSHMEM,C0_DEFAULT,2048,2048,2048,2,3,80,0,PASS,524.640,501.440,10298.551,934.320,900.479,10897.753,941.040,902.399,10846.245,0.000,0.000,0.000,0.000,0.000,0.000,0.000,0.000,0.000,948.959,914.079,10904.153
case199_dc_C0_DEFAULT_N2048_q2_rep4,DC_PUSHSIG_ONLY,DUSHMEM,C0_DEFAULT,2048,2048,2048,2,4,80,0,PASS,535.279,522.880,7688.954,978.720,966.399,10932.327,983.439,968.800,10940.327,0.000,0.000,0.000,0.000,0.000,0.000,0.000,0.000,0.000,985.519,972.479,10941.607
case200_dc_C0_DEFAULT_N2048_q2_rep5,DC_PUSHSIG_ONLY,DUSHMEM,C0_DEFAULT,2048,2048,2048,2,5,80,0,PASS,528.639,503.999,10295.673,967.919,922.880,10896.165,970.640,876.319,10902.565,0.000,0.000,0.000,0.000,0.000,0.000,0.000,0.000,0.000,975.199,930.720,10904.645
case201_d0_C0_DEFAULT_N2048_q2_rep1,D0_FCOLLECT_SERIAL,DUSHMEM,C0_DEFAULT,2048,2048,2048,2,1,80,0,PASS,3328.322,3284.961,3376.642,3328.322,3284.961,3376.642,3334.642,3290.561,3383.681,3347.042,3302.881,3395.841,4689.439,4644.642,4740.477,1345.758,1340.161,1352.001,4695.039,4650.242,4746.077
case202_d0_C0_DEFAULT_N2048_q2_rep2,D0_FCOLLECT_SERIAL,DUSHMEM,C0_DEFAULT,2048,2048,2048,2,2,80,0,PASS,3328.242,3283.838,3374.082,3328.242,3283.838,3374.082,3333.922,3290.882,3381.117,3346.322,3303.042,3393.277,4690.882,4646.077,4736.802,1344.879,1339.680,1350.881,4696.483,4651.677,4742.243
case203_d0_C0_DEFAULT_N2048_q2_rep3,D0_FCOLLECT_SERIAL,DUSHMEM,C0_DEFAULT,2048,2048,2048,2,3,80,0,PASS,3329.199,3283.358,3376.157,3329.199,3283.358,3376.157,3335.360,3290.402,3381.917,3347.119,3302.722,3394.397,4697.839,4651.676,4743.682,1350.079,1343.999,1358.559,4703.519,4657.276,4749.282
case204_d0_C0_DEFAULT_N2048_q2_rep4,D0_FCOLLECT_SERIAL,DUSHMEM,C0_DEFAULT,2048,2048,2048,2,4,80,0,PASS,3334.082,3281.122,3375.523,3334.082,3281.122,3375.523,3339.842,3287.362,3381.283,3352.242,3299.362,3393.603,4698.959,4646.562,4749.283,1348.321,1342.558,1358.881,4704.559,4652.322,4754.883
case205_d0_C0_DEFAULT_N2048_q2_rep5,D0_FCOLLECT_SERIAL,DUSHMEM,C0_DEFAULT,2048,2048,2048,2,5,80,0,PASS,3326.642,3288.002,3372.961,3326.642,3288.002,3372.961,3333.122,3294.241,3380.001,3344.722,3306.082,3391.521,4691.923,4653.922,4740.316,1351.919,1346.241,1360.959,4697.602,4659.522,4745.916
case206_ds_C0_DEFAULT_N2048_q2_rep1,DS_PUSHSIG_SERIAL,DUSHMEM,C0_DEFAULT,2048,2048,2048,2,1,80,0,PASS,540.639,529.599,569.600,1890.239,1867.999,1939.357,2809.198,2787.036,2878.401,546.240,535.200,575.360,2738.878,2717.116,2797.919,2193.679,2177.598,2226.882,2809.438,2788.478,2880.961
case207_ds_C0_DEFAULT_N2048_q2_rep2,DS_PUSHSIG_SERIAL,DUSHMEM,C0_DEFAULT,2048,2048,2048,2,2,80,0,PASS,534.240,516.639,551.359,1869.838,1832.319,1918.399,2792.398,2758.558,2835.678,539.840,522.239,556.959,2720.238,2685.758,2765.918,2181.198,2153.118,2209.761,2791.678,2760.958,2837.118
case208_ds_C0_DEFAULT_N2048_q2_rep3,DS_PUSHSIG_SERIAL,DUSHMEM,C0_DEFAULT,2048,2048,2048,2,3,80,0,PASS,535.199,519.839,590.080,1889.118,1853.439,1967.839,2821.358,2783.518,2918.078,541.360,525.758,596.480,2748.478,2712.318,2843.518,2207.678,2177.918,2246.558,2826.558,2789.438,2923.198
case209_ds_C0_DEFAULT_N2048_q2_rep4,DS_PUSHSIG_SERIAL,DUSHMEM,C0_DEFAULT,2048,2048,2048,2,4,80,0,PASS,540.959,526.559,571.519,1905.121,1886.881,1978.078,2829.602,2809.761,2899.998,546.800,532.159,578.561,2759.921,2742.722,2825.277,2217.602,2200.642,2250.398,2835.282,2814.402,2905.922
case210_ds_C0_DEFAULT_N2048_q2_rep5,DS_PUSHSIG_SERIAL,DUSHMEM,C0_DEFAULT,2048,2048,2048,2,5,80,0,PASS,523.439,507.999,547.840,1831.039,1807.839,1872.799,2764.078,2732.478,2868.158,529.120,513.759,554.240,2685.518,2659.838,2726.238,2156.798,2143.038,2191.838,2769.118,2738.238,2874.078
case211_d1_C0_DEFAULT_N2048_q2_rep1,D1_PUSHSIG_OVERLAP,DUSHMEM,C0_DEFAULT,2048,2048,2048,2,1,80,0,PASS,541.839,523.839,563.360,1902.398,1863.999,1945.759,2836.238,2797.278,2890.718,547.679,529.919,569.120,2761.918,2721.438,2806.238,2214.878,2182.719,2247.678,2840.958,2800.318,2897.278
case212_d1_C0_DEFAULT_N2048_q2_rep2,D1_PUSHSIG_OVERLAP,DUSHMEM,C0_DEFAULT,2048,2048,2048,2,2,80,0,PASS,523.839,513.599,541.280,1879.120,1849.121,2054.722,2800.481,2774.401,2964.002,529.599,519.359,546.880,2732.400,2702.722,2899.522,2205.201,2177.122,2293.762,2803.678,2778.558,2962.082
case213_d1_C0_DEFAULT_N2048_q2_rep3,D1_PUSHSIG_OVERLAP,DUSHMEM,C0_DEFAULT,2048,2048,2048,2,3,80,0,PASS,530.640,506.880,552.960,1874.158,1831.198,1914.399,2788.557,2744.958,2845.598,536.399,512.800,558.720,2721.998,2678.878,2772.318,2180.800,2128.638,2221.279,2790.317,2743.038,2844.318
case214_d1_C0_DEFAULT_N2048_q2_rep4,D1_PUSHSIG_OVERLAP,DUSHMEM,C0_DEFAULT,2048,2048,2048,2,4,80,0,PASS,543.600,534.240,565.919,1877.358,1839.839,1916.639,2797.118,2761.758,2882.082,549.280,539.840,571.519,2726.878,2691.678,2765.918,2177.439,2138.879,2228.959,2797.678,2763.198,2880.322
case215_d1_C0_DEFAULT_N2048_q2_rep5,D1_PUSHSIG_OVERLAP,DUSHMEM,C0_DEFAULT,2048,2048,2048,2,5,80,0,PASS,538.320,520.960,593.120,1885.919,1859.998,2033.919,2801.678,2774.558,3033.762,544.079,526.560,598.880,2732.638,2707.678,2881.918,2188.958,2169.441,2363.521,2802.637,2776.478,3035.682
case216_d1w_C0_DEFAULT_N2048_q2_rep1,D1W_WAITSTREAM_OVERLAP,DUSHMEM,C0_DEFAULT,2048,2048,2048,2,1,80,0,PASS,538.479,526.720,560.160,1925.359,1910.558,1987.682,2866.640,2851.842,2928.802,568.480,556.800,589.440,2793.282,2779.362,2856.322,2228.640,2216.961,2259.518,2868.482,2852.638,2933.922
case217_d1w_C0_DEFAULT_N2048_q2_rep2,D1W_WAITSTREAM_OVERLAP,DUSHMEM,C0_DEFAULT,2048,2048,2048,2,2,80,0,PASS,542.159,531.840,558.880,1907.359,1876.798,1938.721,2845.598,2814.558,2883.522,571.920,561.440,588.480,2773.038,2745.438,2810.082,2201.359,2187.198,2263.039,2845.997,2815.998,2880.002
case218_d1w_C0_DEFAULT_N2048_q2_rep3,D1W_WAITSTREAM_OVERLAP,DUSHMEM,C0_DEFAULT,2048,2048,2048,2,3,80,0,PASS,547.280,525.919,563.520,1912.958,1885.758,2005.921,2847.758,2818.557,2953.598,577.120,555.519,623.359,2779.678,2753.117,2869.922,2203.998,2184.641,2306.881,2846.158,2816.637,2951.518
case219_d1w_C0_DEFAULT_N2048_q2_rep4,D1W_WAITSTREAM_OVERLAP,DUSHMEM,C0_DEFAULT,2048,2048,2048,2,4,80,0,PASS,535.439,521.919,559.520,1907.839,1886.559,1931.199,2841.598,2819.838,2877.438,565.119,551.839,589.280,2773.278,2753.438,2799.518,2208.078,2196.318,2275.361,2839.838,2818.398,2878.878
case220_d1w_C0_DEFAULT_N2048_q2_rep5,D1W_WAITSTREAM_OVERLAP,DUSHMEM,C0_DEFAULT,2048,2048,2048,2,5,80,0,PASS,523.519,512.320,543.199,1881.039,1847.359,1994.559,2824.957,2788.958,2935.518,552.959,543.040,573.119,2749.038,2714.398,2860.638,2195.040,2181.601,2284.959,2829.918,2794.078,2941.598
case221_comm_C0_DEFAULT_N2048_q4_rep1,COMM_ONLY,RCCL,C0_DEFAULT,2048,2048,2048,4,1,80,0,PASS,198.240,195.040,201.119,645.840,641.440,653.120,651.600,647.200,658.720,0.000,0.000,0.000,0.000,0.000,0.000,0.000,0.000,0.000,657.279,652.959,664.480
case222_comm_C0_DEFAULT_N2048_q4_rep2,COMM_ONLY,RCCL,C0_DEFAULT,2048,2048,2048,4,2,80,0,PASS,197.200,192.480,201.440,644.320,638.401,651.521,650.160,644.161,657.281,0.000,0.000,0.000,0.000,0.000,0.000,0.000,0.000,0.000,655.760,649.920,662.881
case223_comm_C0_DEFAULT_N2048_q4_rep3,COMM_ONLY,RCCL,C0_DEFAULT,2048,2048,2048,4,3,80,0,PASS,199.440,195.520,202.559,648.081,643.201,655.201,653.841,648.961,660.801,0.000,0.000,0.000,0.000,0.000,0.000,0.000,0.000,0.000,659.680,654.561,666.401
case224_comm_C0_DEFAULT_N2048_q4_rep4,COMM_ONLY,RCCL,C0_DEFAULT,2048,2048,2048,4,4,80,0,PASS,197.680,193.920,201.120,647.200,642.081,652.640,653.120,648.160,658.560,0.000,0.000,0.000,0.000,0.000,0.000,0.000,0.000,0.000,658.720,653.920,664.320
case225_comm_C0_DEFAULT_N2048_q4_rep5,COMM_ONLY,RCCL,C0_DEFAULT,2048,2048,2048,4,5,80,0,PASS,197.120,194.720,200.000,650.240,645.279,654.721,656.080,651.519,661.280,0.000,0.000,0.000,0.000,0.000,0.000,0.000,0.000,0.000,661.600,657.440,667.520
case226_gemm_C0_DEFAULT_N2048_q4_rep1,GEMM_ONLY,RCCL,C0_DEFAULT,2048,2048,2048,4,1,80,0,PASS,0.000,0.000,0.000,0.000,0.000,0.000,2959.039,2937.602,2981.442,108.800,107.680,109.440,2952.718,2931.198,2975.042,2846.798,2824.478,2867.042,2965.120,2943.842,2987.682
case227_gemm_C0_DEFAULT_N2048_q4_rep2,GEMM_ONLY,RCCL,C0_DEFAULT,2048,2048,2048,4,2,80,0,PASS,0.000,0.000,0.000,0.000,0.000,0.000,2956.398,2934.718,2975.042,105.040,104.320,105.760,2949.840,2928.479,2968.642,2845.119,2824.478,2864.002,2962.399,2940.958,2981.122
case228_gemm_C0_DEFAULT_N2048_q4_rep3,GEMM_ONLY,RCCL,C0_DEFAULT,2048,2048,2048,4,3,80,0,PASS,0.000,0.000,0.000,0.000,0.000,0.000,2958.561,2936.802,2984.158,108.320,107.360,109.120,2952.561,2931.042,2977.598,2845.919,2824.482,2869.918,2964.880,2942.402,2990.558
case229_gemm_C0_DEFAULT_N2048_q4_rep4,GEMM_ONLY,RCCL,C0_DEFAULT,2048,2048,2048,4,4,80,0,PASS,0.000,0.000,0.000,0.000,0.000,0.000,2960.162,2933.278,2985.918,108.800,107.840,109.280,2953.762,2927.518,2979.358,2847.442,2822.878,2870.402,2966.482,2938.882,2992.158
case230_gemm_C0_DEFAULT_N2048_q4_rep5,GEMM_ONLY,RCCL,C0_DEFAULT,2048,2048,2048,4,5,80,0,PASS,0.000,0.000,0.000,0.000,0.000,0.000,2958.958,2942.238,2986.082,107.840,107.040,108.960,2952.561,2935.518,2979.682,2846.322,2828.962,2872.481,2964.878,2948.478,2992.322
case231_r0_C0_DEFAULT_N2048_q4_rep1,R0_FULL_SERIAL,RCCL,C0_DEFAULT,2048,2048,2048,4,1,80,0,PASS,531.680,527.200,538.400,531.680,527.200,538.400,538.239,533.920,546.080,550.399,546.079,558.240,1893.121,1887.358,1903.361,1344.160,1340.639,1352.959,1898.721,1892.959,1908.961
case232_r0_C0_DEFAULT_N2048_q4_rep2,R0_FULL_SERIAL,RCCL,C0_DEFAULT,2048,2048,2048,4,2,80,0,PASS,530.560,525.920,536.960,530.560,525.920,536.960,537.199,533.279,545.279,549.120,545.440,557.920,1892.638,1885.761,1904.478,1344.799,1340.321,1354.559,1898.158,1891.361,1910.878
case233_r0_C0_DEFAULT_N2048_q4_rep3,R0_FULL_SERIAL,RCCL,C0_DEFAULT,2048,2048,2048,4,3,80,0,PASS,531.120,526.240,538.560,531.120,526.240,538.560,538.241,533.119,546.079,550.240,544.960,558.878,1893.120,1886.081,1903.200,1345.199,1339.041,1351.839,1898.801,1891.681,1909.440
case234_r0_C0_DEFAULT_N2048_q4_rep4,R0_FULL_SERIAL,RCCL,C0_DEFAULT,2048,2048,2048,4,4,80,0,PASS,531.201,526.240,537.760,531.201,526.240,537.760,538.160,533.440,545.280,549.760,544.960,557.921,1892.320,1885.599,1900.639,1344.160,1340.481,1351.361,1897.919,1891.199,1906.239
case235_r0_C0_DEFAULT_N2048_q4_rep5,R0_FULL_SERIAL,RCCL,C0_DEFAULT,2048,2048,2048,4,5,80,0,PASS,531.840,526.561,538.720,531.840,526.561,538.720,538.721,533.441,547.040,550.560,545.280,559.679,1892.718,1887.519,1903.039,1343.839,1339.521,1351.679,1898.159,1893.278,1909.439
case236_rs_C0_DEFAULT_N2048_q4_rep1,RS_SLICE_SERIAL,RCCL,C0_DEFAULT,2048,2048,2048,4,1,80,0,PASS,200.880,195.680,204.799,2829.761,2809.601,2844.477,2835.999,2816.001,2850.877,213.440,208.480,218.560,3547.120,3530.717,3564.803,3336.720,3323.522,3357.282,3552.720,3536.322,3570.563
case237_rs_C0_DEFAULT_N2048_q4_rep2,RS_SLICE_SERIAL,RCCL,C0_DEFAULT,2048,2048,2048,4,2,80,0,PASS,201.040,198.399,204.640,2827.201,2812.958,2846.401,2833.281,2819.198,2852.482,213.520,210.720,217.440,3547.201,3530.878,3565.282,3336.959,3321.442,3354.237,3552.801,3536.482,3570.882
case238_rs_C0_DEFAULT_N2048_q4_rep3,RS_SLICE_SERIAL,RCCL,C0_DEFAULT,2048,2048,2048,4,3,80,0,PASS,201.040,198.240,203.520,2831.280,2812.641,2848.799,2837.601,2818.561,2857.919,213.600,210.881,217.119,3550.320,3531.517,3571.358,3339.599,3321.277,3358.558,3555.919,3537.117,3577.118
case239_rs_C0_DEFAULT_N2048_q4_rep4,RS_SLICE_SERIAL,RCCL,C0_DEFAULT,2048,2048,2048,4,4,80,0,PASS,200.160,195.200,203.200,2824.158,2808.962,2845.758,2830.318,2814.882,2851.838,212.560,207.520,216.000,3543.999,3522.399,3566.076,3335.200,3314.879,3358.562,3549.601,3527.999,3571.676
case240_rs_C0_DEFAULT_N2048_q4_rep5,RS_SLICE_SERIAL,RCCL,C0_DEFAULT,2048,2048,2048,4,5,80,0,PASS,200.880,198.080,205.280,2826.399,2814.718,2842.561,2832.561,2820.798,2848.961,213.600,210.720,218.880,3547.037,3530.077,3564.002,3336.880,3317.437,3353.442,3552.557,3535.677,3569.757
case241_r1_C0_DEFAULT_N2048_q4_rep1,R1_EVENT_OVERLAP,RCCL,C0_DEFAULT,2048,2048,2048,4,1,80,0,PASS,201.440,198.400,204.800,1112.159,1093.440,1146.239,1125.280,1107.680,1159.519,214.720,211.519,218.720,3299.597,3269.602,3329.597,3087.360,3059.042,3114.558,3305.278,3275.202,3335.357
case242_r1_C0_DEFAULT_N2048_q4_rep2,R1_EVENT_OVERLAP,RCCL,C0_DEFAULT,2048,2048,2048,4,2,80,0,PASS,201.760,197.120,204.960,1113.439,1088.961,1142.240,1128.799,1105.599,1154.878,214.640,210.240,218.720,3294.959,3268.638,3336.317,3081.439,3058.721,3114.881,3300.638,3274.398,3342.077
case243_r1_C0_DEFAULT_N2048_q4_rep3,R1_EVENT_OVERLAP,RCCL,C0_DEFAULT,2048,2048,2048,4,3,80,0,PASS,200.240,196.320,205.120,1109.921,1086.079,1135.041,1125.759,1099.199,1148.959,213.280,209.120,218.240,3292.720,3268.958,3322.878,3082.319,3057.598,3108.482,3298.642,3274.558,3329.278
case244_r1_C0_DEFAULT_N2048_q4_rep4,R1_EVENT_OVERLAP,RCCL,C0_DEFAULT,2048,2048,2048,4,4,80,0,PASS,201.280,196.320,204.960,1108.480,1091.039,1134.080,1122.478,1106.079,1148.160,214.080,209.281,218.240,3286.962,3263.202,3321.281,3078.318,3049.917,3108.321,3292.561,3268.802,3326.881
case245_r1_C0_DEFAULT_N2048_q4_rep5,R1_EVENT_OVERLAP,RCCL,C0_DEFAULT,2048,2048,2048,4,5,80,0,PASS,200.480,194.560,203.040,1105.680,1090.241,1136.639,1120.800,1105.121,1149.919,213.360,207.680,216.480,3298.718,3270.077,3328.642,3087.997,3059.361,3116.478,3304.479,3276.477,3334.242
case246_fc_C0_DEFAULT_N2048_q4_rep1,FC_FCOLLECT_ONLY,DUSHMEM,C0_DEFAULT,2048,2048,2048,4,1,80,0,PASS,3337.922,3293.441,3387.362,3337.922,3293.441,3387.362,3326.799,3282.241,3376.321,0.000,0.000,0.000,0.000,0.000,0.000,0.000,0.000,0.000,3343.599,3299.041,3392.962
case247_fc_C0_DEFAULT_N2048_q4_rep2,FC_FCOLLECT_ONLY,DUSHMEM,C0_DEFAULT,2048,2048,2048,4,2,80,0,PASS,3344.961,3290.402,3385.282,3344.961,3290.402,3385.282,3333.762,3279.202,3374.082,0.000,0.000,0.000,0.000,0.000,0.000,0.000,0.000,0.000,3350.641,3296.002,3390.882
case248_fc_C0_DEFAULT_N2048_q4_rep3,FC_FCOLLECT_ONLY,DUSHMEM,C0_DEFAULT,2048,2048,2048,4,3,80,0,PASS,3347.520,3294.242,3385.918,3347.520,3294.242,3385.918,3336.240,3283.042,3374.558,0.000,0.000,0.000,0.000,0.000,0.000,0.000,0.000,0.000,3353.200,3300.002,3391.678
case249_fc_C0_DEFAULT_N2048_q4_rep4,FC_FCOLLECT_ONLY,DUSHMEM,C0_DEFAULT,2048,2048,2048,4,4,80,0,PASS,3343.360,3298.717,3383.682,3343.360,3298.717,3383.682,3332.079,3287.837,3372.642,0.000,0.000,0.000,0.000,0.000,0.000,0.000,0.000,0.000,3349.039,3304.477,3389.442
case250_fc_C0_DEFAULT_N2048_q4_rep5,FC_FCOLLECT_ONLY,DUSHMEM,C0_DEFAULT,2048,2048,2048,4,5,80,0,PASS,3341.121,3297.121,3387.841,3341.121,3297.121,3387.841,3329.921,3285.921,3376.641,0.000,0.000,0.000,0.000,0.000,0.000,0.000,0.000,0.000,3346.881,3302.721,3393.441
case251_dc_C0_DEFAULT_N2048_q4_rep1,DC_PUSHSIG_ONLY,DUSHMEM,C0_DEFAULT,2048,2048,2048,4,1,80,0,PASS,346.560,336.000,10074.549,1258.240,1212.801,11269.286,1261.041,1217.280,11262.711,0.000,0.000,0.000,0.000,0.000,0.000,0.000,0.000,0.000,1269.679,1223.841,11279.525
case252_dc_C0_DEFAULT_N2048_q4_rep2,DC_PUSHSIG_ONLY,DUSHMEM,C0_DEFAULT,2048,2048,2048,4,2,80,0,PASS,345.280,340.000,441.439,1276.720,1256.481,11380.166,1281.440,1261.280,11386.566,0.000,0.000,0.000,0.000,0.000,0.000,0.000,0.000,0.000,1283.760,1263.678,11387.846
case253_dc_C0_DEFAULT_N2048_q4_rep3,DC_PUSHSIG_ONLY,DUSHMEM,C0_DEFAULT,2048,2048,2048,4,3,80,0,PASS,343.600,332.800,4516.003,1191.999,1166.239,11254.072,1197.839,1170.079,11252.632,0.000,0.000,0.000,0.000,0.000,0.000,0.000,0.000,0.000,1200.559,1174.719,11262.071
case254_dc_C0_DEFAULT_N2048_q4_rep4,DC_PUSHSIG_ONLY,DUSHMEM,C0_DEFAULT,2048,2048,2048,4,4,80,0,PASS,341.760,331.679,7480.163,1264.321,1180.320,11241.271,1261.521,1169.920,11248.646,0.000,0.000,0.000,0.000,0.000,0.000,0.000,0.000,0.000,1276.640,1194.240,11253.446
case255_dc_C0_DEFAULT_N2048_q4_rep5,DC_PUSHSIG_ONLY,DUSHMEM,C0_DEFAULT,2048,2048,2048,4,5,80,0,PASS,343.839,336.320,605.441,1225.759,1182.080,11213.766,1230.719,1182.719,11220.166,0.000,0.000,0.000,0.000,0.000,0.000,0.000,0.000,0.000,1233.438,1189.760,11221.606
case256_d0_C0_DEFAULT_N2048_q4_rep1,D0_FCOLLECT_SERIAL,DUSHMEM,C0_DEFAULT,2048,2048,2048,4,1,80,0,PASS,3334.002,3282.402,3375.202,3334.002,3282.402,3375.202,3341.200,3288.962,3382.562,3353.680,3300.482,3395.042,4706.002,4648.962,4745.603,1350.401,1344.961,1360.641,4711.522,4654.562,4751.203
case257_d0_C0_DEFAULT_N2048_q4_rep2,D0_FCOLLECT_SERIAL,DUSHMEM,C0_DEFAULT,2048,2048,2048,4,2,80,0,PASS,3325.122,3285.122,3376.801,3325.122,3285.122,3376.801,3331.521,3290.882,3382.561,3343.841,3303.357,3394.881,4695.917,4652.636,4741.762,1348.719,1343.519,1356.320,4701.596,4658.236,4748.162
case258_d0_C0_DEFAULT_N2048_q4_rep3,D0_FCOLLECT_SERIAL,DUSHMEM,C0_DEFAULT,2048,2048,2048,4,3,80,0,PASS,3333.278,3283.837,3376.957,3333.278,3283.837,3376.957,3339.438,3290.077,3384.317,3351.998,3302.077,3395.997,4698.639,4645.115,4743.196,1350.240,1343.521,1356.641,4704.239,4650.715,4748.796
case259_d0_C0_DEFAULT_N2048_q4_rep4,D0_FCOLLECT_SERIAL,DUSHMEM,C0_DEFAULT,2048,2048,2048,4,4,80,0,PASS,3333.440,3280.642,3370.717,3333.440,3280.642,3370.717,3339.920,3287.997,3376.317,3351.440,3299.677,3388.317,4697.443,4650.883,4741.915,1348.639,1343.199,1358.881,4702.962,4656.483,4747.515
case260_d0_C0_DEFAULT_N2048_q4_rep5,D0_FCOLLECT_SERIAL,DUSHMEM,C0_DEFAULT,2048,2048,2048,4,5,80,0,PASS,3324.559,3281.437,3375.997,3324.559,3281.437,3375.997,3330.957,3287.357,3382.561,3343.358,3299.517,3394.717,4690.722,4644.483,4739.356,1347.361,1342.400,1357.121,4696.242,4650.083,4744.956
case261_ds_C0_DEFAULT_N2048_q4_rep1,DS_PUSHSIG_SERIAL,DUSHMEM,C0_DEFAULT,2048,2048,2048,4,1,80,0,PASS,354.880,345.120,385.601,3623.357,3561.282,10810.086,4419.676,4345.282,12375.687,360.480,350.720,391.361,4338.083,4269.122,11528.326,3985.039,3925.117,11178.232,4419.919,4350.403,12381.447
case262_ds_C0_DEFAULT_N2048_q4_rep2,DS_PUSHSIG_SERIAL,DUSHMEM,C0_DEFAULT,2048,2048,2048,4,2,80,0,PASS,355.360,332.480,439.680,3583.358,3542.078,10084.950,4368.717,4322.877,10847.525,361.040,342.558,446.080,4296.716,4254.397,10782.405,3943.357,3901.762,10502.869,4370.477,4323.517,10849.749
case263_ds_C0_DEFAULT_N2048_q4_rep3,DS_PUSHSIG_SERIAL,DUSHMEM,C0_DEFAULT,2048,2048,2048,4,3,80,0,PASS,357.440,352.000,371.360,3605.677,3561.278,9944.006,4400.797,4345.276,12840.789,363.440,357.760,381.440,4325.836,4270.718,10663.673,3961.757,3909.757,4220.317,4403.517,4347.676,12842.869
case264_ds_C0_DEFAULT_N2048_q4_rep4,DS_PUSHSIG_SERIAL,DUSHMEM,C0_DEFAULT,2048,2048,2048,4,4,80,0,PASS,355.679,349.600,376.000,3537.037,3495.677,3735.517,4318.077,4267.837,6444.475,361.360,355.200,381.760,4249.277,4202.237,4449.123,3891.756,3849.597,4012.002,4316.157,4266.557,6442.555
case265_ds_C0_DEFAULT_N2048_q4_rep5,DS_PUSHSIG_SERIAL,DUSHMEM,C0_DEFAULT,2048,2048,2048,4,5,80,0,PASS,352.799,346.720,366.560,3604.002,3547.042,11116.646,4390.479,4327.677,12927.207,358.480,352.480,372.320,4321.760,4261.917,11849.448,3968.562,3905.922,11408.808,4392.159,4329.757,12929.607
case266_d1_C0_DEFAULT_N2048_q4_rep1,D1_PUSHSIG_OVERLAP,DUSHMEM,C0_DEFAULT,2048,2048,2048,4,1,80,0,PASS,354.880,349.280,368.640,3557.119,3508.637,3667.681,4332.157,4286.237,4531.041,360.560,354.880,374.400,4263.119,4218.557,4384.642,3908.079,3858.242,3990.077,4330.157,4284.957,4533.121
case267_d1_C0_DEFAULT_N2048_q4_rep2,D1_PUSHSIG_OVERLAP,DUSHMEM,C0_DEFAULT,2048,2048,2048,4,2,80,0,PASS,345.600,337.919,459.518,3556.877,3517.278,7616.482,4354.158,4297.756,8987.033,351.519,343.679,466.238,4277.438,4225.277,8323.843,3925.517,3873.437,8016.643,4356.718,4300.796,8989.593
case268_d1_C0_DEFAULT_N2048_q4_rep3,D1_PUSHSIG_OVERLAP,DUSHMEM,C0_DEFAULT,2048,2048,2048,4,3,80,0,PASS,343.520,339.520,439.040,3543.838,3518.878,7526.243,4337.676,4299.197,10680.471,349.200,345.439,445.280,4266.876,4227.522,8245.113,3917.437,3880.157,4077.917,4340.556,4301.757,10679.030
case269_d1_C0_DEFAULT_N2048_q4_rep4,D1_PUSHSIG_OVERLAP,DUSHMEM,C0_DEFAULT,2048,2048,2048,4,4,80,0,PASS,352.559,346.880,373.279,3553.918,3510.878,3694.402,4337.599,4284.797,5523.515,358.160,352.640,378.879,4267.197,4215.997,4408.322,3910.717,3864.477,4007.037,4337.677,4286.877,5525.435
case270_d1_C0_DEFAULT_N2048_q4_rep5,D1_PUSHSIG_OVERLAP,DUSHMEM,C0_DEFAULT,2048,2048,2048,4,5,80,0,PASS,360.960,355.200,390.561,3613.438,3550.877,11016.792,4409.120,4332.643,12243.848,366.640,360.960,396.321,4330.802,4262.877,11744.472,3964.240,3900.797,11299.365,4410.637,4335.043,12245.768
case271_d1w_C0_DEFAULT_N2048_q4_rep1,D1W_WAITSTREAM_OVERLAP,DUSHMEM,C0_DEFAULT,2048,2048,2048,4,1,80,0,PASS,357.359,350.720,434.080,3665.999,3608.957,10577.926,4478.076,4407.837,11521.112,386.959,380.799,467.200,4404.722,4325.596,11315.366,4028.640,3947.197,8883.831,4479.520,4410.077,11522.552
case272_d1w_C0_DEFAULT_N2048_q4_rep2,D1W_WAITSTREAM_OVERLAP,DUSHMEM,C0_DEFAULT,2048,2048,2048,4,2,80,0,PASS,346.639,339.360,361.278,3653.200,3604.477,7594.074,4458.717,4408.797,10965.927,377.200,369.440,391.998,4385.840,4332.317,8323.834,4023.600,3960.318,7734.556,4463.919,4412.957,10971.847
case273_d1w_C0_DEFAULT_N2048_q4_rep3,D1W_WAITSTREAM_OVERLAP,DUSHMEM,C0_DEFAULT,2048,2048,2048,4,3,80,0,PASS,355.760,349.280,466.400,3624.720,3574.238,4204.323,4433.280,4370.243,9536.325,385.519,379.040,501.440,4364.483,4304.637,5252.956,3986.722,3919.522,4865.277,4433.600,4371.677,9537.605
case274_d1w_C0_DEFAULT_N2048_q4_rep4,D1W_WAITSTREAM_OVERLAP,DUSHMEM,C0_DEFAULT,2048,2048,2048,4,4,80,0,PASS,357.360,351.360,378.718,3641.119,3584.797,3989.761,4446.159,4379.196,11516.167,387.279,381.759,408.318,4375.357,4311.196,4721.602,3990.717,3934.722,4391.842,4447.037,4377.116,11514.247
case275_d1w_C0_DEFAULT_N2048_q4_rep5,D1W_WAITSTREAM_OVERLAP,DUSHMEM,C0_DEFAULT,2048,2048,2048,4,5,80,0,PASS,358.480,352.800,431.360,3648.400,3579.197,4727.842,4452.316,4382.082,12221.607,388.000,382.400,464.640,4382.083,4306.077,5489.123,3998.959,3925.118,5028.956,4451.677,4380.642,12223.527
case276_comm_C0_DEFAULT_N2048_q8_rep1,COMM_ONLY,RCCL,C0_DEFAULT,2048,2048,2048,8,1,80,0,PASS,135.360,132.800,138.560,820.160,814.560,836.638,826.400,820.479,843.198,0.000,0.000,0.000,0.000,0.000,0.000,0.000,0.000,0.000,832.160,826.079,849.438
case277_comm_C0_DEFAULT_N2048_q8_rep2,COMM_ONLY,RCCL,C0_DEFAULT,2048,2048,2048,8,2,80,0,PASS,134.079,132.160,137.280,816.320,808.479,825.279,822.400,814.241,831.039,0.000,0.000,0.000,0.000,0.000,0.000,0.000,0.000,0.000,827.920,819.841,836.639
case278_comm_C0_DEFAULT_N2048_q8_rep3,COMM_ONLY,RCCL,C0_DEFAULT,2048,2048,2048,8,3,80,0,PASS,134.240,132.800,136.480,816.640,810.880,824.640,822.400,816.799,830.400,0.000,0.000,0.000,0.000,0.000,0.000,0.000,0.000,0.000,828.000,822.399,836.000
case279_comm_C0_DEFAULT_N2048_q8_rep4,COMM_ONLY,RCCL,C0_DEFAULT,2048,2048,2048,8,4,80,0,PASS,134.880,133.120,139.039,817.679,810.559,826.239,823.600,816.480,831.999,0.000,0.000,0.000,0.000,0.000,0.000,0.000,0.000,0.000,829.280,822.080,837.759
case280_comm_C0_DEFAULT_N2048_q8_rep5,COMM_ONLY,RCCL,C0_DEFAULT,2048,2048,2048,8,5,80,0,PASS,135.360,132.960,138.560,819.280,812.319,825.601,825.040,818.399,831.841,0.000,0.000,0.000,0.000,0.000,0.000,0.000,0.000,0.000,830.719,824.000,837.441
case281_gemm_C0_DEFAULT_N2048_q8_rep1,GEMM_ONLY,RCCL,C0_DEFAULT,2048,2048,2048,8,1,80,0,PASS,0.000,0.000,0.000,0.000,0.000,0.000,2997.358,2977.278,3018.879,107.360,106.080,108.800,2991.597,2971.358,3012.319,2887.597,2868.638,2908.479,3003.276,2982.878,3025.119
case282_gemm_C0_DEFAULT_N2048_q8_rep2,GEMM_ONLY,RCCL,C0_DEFAULT,2048,2048,2048,8,2,80,0,PASS,0.000,0.000,0.000,0.000,0.000,0.000,2987.520,2967.362,3007.838,106.880,105.600,108.480,2981.360,2961.442,3001.918,2876.400,2856.957,2895.361,2993.278,2972.962,3013.438
case283_gemm_C0_DEFAULT_N2048_q8_rep3,GEMM_ONLY,RCCL,C0_DEFAULT,2048,2048,2048,8,3,80,0,PASS,0.000,0.000,0.000,0.000,0.000,0.000,3004.481,2988.642,3032.321,106.321,103.680,107.680,2998.721,2983.042,3025.921,2893.199,2879.361,2919.522,3010.162,2994.242,3038.721
case284_gemm_C0_DEFAULT_N2048_q8_rep4,GEMM_ONLY,RCCL,C0_DEFAULT,2048,2048,2048,8,4,80,0,PASS,0.000,0.000,0.000,0.000,0.000,0.000,3011.998,2993.442,3033.438,104.160,103.040,105.920,3006.078,2987.842,3027.038,2902.800,2884.162,2924.481,3017.998,2999.042,3039.678
case285_gemm_C0_DEFAULT_N2048_q8_rep5,GEMM_ONLY,RCCL,C0_DEFAULT,2048,2048,2048,8,5,80,0,PASS,0.000,0.000,0.000,0.000,0.000,0.000,2992.478,2975.356,3016.638,104.240,103.040,105.120,2986.718,2969.436,3010.078,2882.958,2866.398,2906.718,2998.158,2980.956,3023.038
case286_r0_C0_DEFAULT_N2048_q8_rep1,R0_FULL_SERIAL,RCCL,C0_DEFAULT,2048,2048,2048,8,1,80,0,PASS,531.919,527.840,539.361,531.919,527.840,539.361,538.719,534.560,546.081,550.799,546.400,558.080,1893.120,1886.718,1903.678,1344.318,1340.159,1352.638,1898.720,1892.478,1909.278
case287_r0_C0_DEFAULT_N2048_q8_rep2,R0_FULL_SERIAL,RCCL,C0_DEFAULT,2048,2048,2048,8,2,80,0,PASS,530.880,526.241,537.121,530.880,526.241,537.121,537.760,532.960,545.601,549.920,544.800,559.680,1894.561,1884.801,1903.841,1345.360,1341.119,1351.041,1900.241,1890.401,1909.919
case288_r0_C0_DEFAULT_N2048_q8_rep3,R0_FULL_SERIAL,RCCL,C0_DEFAULT,2048,2048,2048,8,3,80,0,PASS,532.000,527.039,539.679,532.000,527.039,539.679,539.200,534.079,546.558,551.199,546.239,559.680,1893.520,1887.682,1906.241,1344.641,1339.199,1351.841,1899.120,1893.282,1911.841
case289_r0_C0_DEFAULT_N2048_q8_rep4,R0_FULL_SERIAL,RCCL,C0_DEFAULT,2048,2048,2048,8,4,80,0,PASS,532.160,527.519,540.000,532.160,527.519,540.000,539.041,534.240,548.479,550.721,546.240,563.039,1894.320,1886.241,1904.961,1344.560,1339.839,1352.639,1899.840,1892.001,1911.361
case290_r0_C0_DEFAULT_N2048_q8_rep5,R0_FULL_SERIAL,RCCL,C0_DEFAULT,2048,2048,2048,8,5,80,0,PASS,531.680,527.520,540.480,531.680,527.520,540.480,538.559,534.401,547.520,550.480,546.400,559.360,1893.199,1886.241,1904.801,1344.720,1339.839,1351.999,1898.880,1891.841,1910.241
case291_rs_C0_DEFAULT_N2048_q8_rep1,RS_SLICE_SERIAL,RCCL,C0_DEFAULT,2048,2048,2048,8,1,80,0,PASS,137.041,134.880,139.520,3413.436,3397.442,3429.757,3419.436,3403.362,3435.677,149.520,147.680,152.320,3779.037,3763.677,3794.237,3630.722,3614.557,3646.877,3784.637,3769.117,3799.997
case292_rs_C0_DEFAULT_N2048_q8_rep2,RS_SLICE_SERIAL,RCCL,C0_DEFAULT,2048,2048,2048,8,2,80,0,PASS,137.600,135.840,140.320,3425.517,3411.677,3440.317,3431.677,3417.757,3446.397,150.400,148.640,154.239,3787.921,3773.757,3801.117,3638.960,3625.597,3653.597,3793.520,3779.357,3806.717
case293_rs_C0_DEFAULT_N2048_q8_rep3,RS_SLICE_SERIAL,RCCL,C0_DEFAULT,2048,2048,2048,8,3,80,0,PASS,139.120,135.200,143.041,3407.841,3397.762,3423.042,3414.001,3403.842,3429.282,151.760,148.160,155.520,3771.997,3759.678,3786.238,3621.600,3609.117,3636.478,3777.677,3765.278,3791.998
case294_rs_C0_DEFAULT_N2048_q8_rep4,RS_SLICE_SERIAL,RCCL,C0_DEFAULT,2048,2048,2048,8,4,80,0,PASS,137.280,135.680,139.840,3431.119,3413.762,3450.237,3437.280,3419.842,3456.317,149.760,148.160,152.160,3797.760,3780.957,3817.602,3649.840,3629.597,3672.162,3803.360,3786.717,3823.042
case295_rs_C0_DEFAULT_N2048_q8_rep5,RS_SLICE_SERIAL,RCCL,C0_DEFAULT,2048,2048,2048,8,5,80,0,PASS,139.119,136.639,141.760,3418.880,3402.717,3438.238,3425.039,3408.797,3444.318,152.080,149.600,155.360,3782.079,3760.642,3800.797,3632.398,3611.517,3651.197,3787.757,3766.242,3806.557
case296_r1_C0_DEFAULT_N2048_q8_rep1,R1_EVENT_OVERLAP,RCCL,C0_DEFAULT,2048,2048,2048,8,1,80,0,PASS,138.560,136.320,141.440,1540.161,1504.001,1586.559,1549.439,1511.198,1593.439,151.360,149.280,154.560,3411.282,3359.357,3443.201,3260.400,3206.077,3292.482,3417.202,3364.957,3448.801
case297_r1_C0_DEFAULT_N2048_q8_rep2,R1_EVENT_OVERLAP,RCCL,C0_DEFAULT,2048,2048,2048,8,2,80,0,PASS,138.000,136.160,142.720,1543.119,1491.201,1590.401,1549.759,1497.601,1600.318,150.880,148.801,155.520,3398.402,3337.916,3439.682,3248.799,3192.477,3290.717,3404.082,3343.516,3445.442
case298_r1_C0_DEFAULT_N2048_q8_rep3,R1_EVENT_OVERLAP,RCCL,C0_DEFAULT,2048,2048,2048,8,3,80,0,PASS,137.599,135.359,140.159,1543.119,1484.159,1592.319,1551.040,1491.039,1599.679,150.400,148.960,154.720,3411.918,3345.598,3475.997,3261.278,3195.838,3323.198,3417.517,3351.198,3481.597
case299_r1_C0_DEFAULT_N2048_q8_rep4,R1_EVENT_OVERLAP,RCCL,C0_DEFAULT,2048,2048,2048,8,4,80,0,PASS,137.920,136.320,141.760,1543.441,1488.798,1587.837,1552.399,1495.521,1598.721,150.960,148.960,156.320,3402.560,3338.882,3455.677,3252.640,3192.002,3311.357,3408.159,3344.482,3461.277
case300_r1_C0_DEFAULT_N2048_q8_rep5,R1_EVENT_OVERLAP,RCCL,C0_DEFAULT,2048,2048,2048,8,5,80,0,PASS,137.680,135.679,140.800,1536.641,1480.959,1578.881,1545.920,1487.679,1585.921,150.400,148.480,153.600,3414.877,3342.882,3461.761,3267.441,3196.641,3314.721,3420.637,3348.642,3467.361
case301_fc_C0_DEFAULT_N2048_q8_rep1,FC_FCOLLECT_ONLY,DUSHMEM,C0_DEFAULT,2048,2048,2048,8,1,80,0,PASS,3343.042,3295.842,3387.522,3343.042,3295.842,3387.522,3331.919,3284.642,3376.322,0.000,0.000,0.000,0.000,0.000,0.000,0.000,0.000,0.000,3348.641,3301.442,3393.282
case302_fc_C0_DEFAULT_N2048_q8_rep2,FC_FCOLLECT_ONLY,DUSHMEM,C0_DEFAULT,2048,2048,2048,8,2,80,0,PASS,3340.802,3299.201,3383.841,3340.802,3299.201,3383.841,3329.682,3288.001,3372.641,0.000,0.000,0.000,0.000,0.000,0.000,0.000,0.000,0.000,3346.482,3304.961,3389.441
case303_fc_C0_DEFAULT_N2048_q8_rep3,FC_FCOLLECT_ONLY,DUSHMEM,C0_DEFAULT,2048,2048,2048,8,3,80,0,PASS,3344.720,3294.722,3392.321,3344.720,3294.722,3392.321,3333.442,3283.522,3381.121,0.000,0.000,0.000,0.000,0.000,0.000,0.000,0.000,0.000,3350.399,3300.482,3397.921
case304_fc_C0_DEFAULT_N2048_q8_rep4,FC_FCOLLECT_ONLY,DUSHMEM,C0_DEFAULT,2048,2048,2048,8,4,80,0,PASS,3346.001,3298.722,3392.797,3346.001,3298.722,3392.797,3334.801,3287.682,3381.277,0.000,0.000,0.000,0.000,0.000,0.000,0.000,0.000,0.000,3351.601,3304.322,3398.557
case305_fc_C0_DEFAULT_N2048_q8_rep5,FC_FCOLLECT_ONLY,DUSHMEM,C0_DEFAULT,2048,2048,2048,8,5,80,0,PASS,3345.280,3295.677,3383.361,3345.280,3295.677,3383.361,3334.079,3284.797,3372.321,0.000,0.000,0.000,0.000,0.000,0.000,0.000,0.000,0.000,3350.959,3301.277,3388.961
case306_dc_C0_DEFAULT_N2048_q8_rep1,DC_PUSHSIG_ONLY,DUSHMEM,C0_DEFAULT,2048,2048,2048,8,1,80,0,PASS,270.640,263.520,8000.793,1961.601,1899.199,12008.006,1968.081,1904.639,12015.206,0.000,0.000,0.000,0.000,0.000,0.000,0.000,0.000,0.000,1973.841,1911.361,12020.166
case307_dc_C0_DEFAULT_N2048_q8_rep2,DC_PUSHSIG_ONLY,DUSHMEM,C0_DEFAULT,2048,2048,2048,8,2,80,0,PASS,266.959,262.399,431.518,1876.238,1852.958,11940.791,1882.238,1859.359,11946.070,0.000,0.000,0.000,0.000,0.000,0.000,0.000,0.000,0.000,1885.039,1861.918,11948.150
case308_dc_C0_DEFAULT_N2048_q8_rep3,DC_PUSHSIG_ONLY,DUSHMEM,C0_DEFAULT,2048,2048,2048,8,3,80,0,PASS,265.840,256.800,388.321,1933.521,1891.841,11991.527,1940.641,1897.282,11998.248,0.000,0.000,0.000,0.000,0.000,0.000,0.000,0.000,0.000,1947.282,1904.642,12001.288
case309_dc_C0_DEFAULT_N2048_q8_rep4,DC_PUSHSIG_ONLY,DUSHMEM,C0_DEFAULT,2048,2048,2048,8,4,80,0,PASS,270.960,264.000,10315.033,2005.279,1941.758,12041.111,2012.959,1949.118,12047.831,0.000,0.000,0.000,0.000,0.000,0.000,0.000,0.000,0.000,2020.319,1955.519,12051.351
case310_dc_C0_DEFAULT_N2048_q8_rep5,DC_PUSHSIG_ONLY,DUSHMEM,C0_DEFAULT,2048,2048,2048,8,5,80,0,PASS,267.440,260.960,285.760,1910.879,1860.799,11977.911,1917.359,1866.398,11983.671,0.000,0.000,0.000,0.000,0.000,0.000,0.000,0.000,0.000,1919.439,1868.479,11985.591
case311_d0_C0_DEFAULT_N2048_q8_rep1,D0_FCOLLECT_SERIAL,DUSHMEM,C0_DEFAULT,2048,2048,2048,8,1,80,0,PASS,3336.399,3287.682,3376.642,3336.399,3287.682,3376.642,3343.039,3294.882,3382.558,3355.439,3307.202,3394.882,4695.919,4650.242,4737.277,1345.119,1340.000,1353.279,4701.520,4655.842,4742.877
case312_d0_C0_DEFAULT_N2048_q8_rep2,D0_FCOLLECT_SERIAL,DUSHMEM,C0_DEFAULT,2048,2048,2048,8,2,80,0,PASS,3332.957,3288.797,3377.758,3332.957,3288.797,3377.758,3339.277,3294.877,3383.838,3351.677,3307.357,3396.318,4692.637,4647.523,4738.876,1343.521,1340.160,1349.439,4698.236,4653.123,4744.476
case313_d0_C0_DEFAULT_N2048_q8_rep3,D0_FCOLLECT_SERIAL,DUSHMEM,C0_DEFAULT,2048,2048,2048,8,3,80,0,PASS,3333.998,3291.198,3375.837,3333.998,3291.198,3375.837,3340.078,3298.078,3381.917,3352.478,3309.758,3394.397,4698.636,4652.796,4739.516,1347.999,1342.879,1354.399,4704.157,4658.396,4745.276
case314_d0_C0_DEFAULT_N2048_q8_rep4,D0_FCOLLECT_SERIAL,DUSHMEM,C0_DEFAULT,2048,2048,2048,8,4,80,0,PASS,3333.122,3282.717,3374.077,3333.122,3282.717,3374.077,3338.881,3289.277,3381.757,3351.282,3301.277,3394.237,4696.155,4646.876,4737.921,1345.279,1340.799,1351.840,4701.756,4652.476,4743.521
case315_d0_C0_DEFAULT_N2048_q8_rep5,D0_FCOLLECT_SERIAL,DUSHMEM,C0_DEFAULT,2048,2048,2048,8,5,80,0,PASS,3331.281,3283.202,3370.561,3331.281,3283.202,3370.561,3337.681,3290.562,3377.761,3349.922,3302.882,3389.921,4696.802,4645.283,4735.836,1346.881,1341.921,1355.841,4702.243,4650.883,4741.596
case316_ds_C0_DEFAULT_N2048_q8_rep1,DS_PUSHSIG_SERIAL,DUSHMEM,C0_DEFAULT,2048,2048,2048,8,1,80,0,PASS,277.760,272.000,400.320,9561.513,4959.996,17613.906,10514.471,5397.116,19105.105,283.360,277.600,406.720,9925.592,5333.276,17984.785,9585.274,5056.003,14799.187,10518.712,5399.196,19108.785
case317_ds_C0_DEFAULT_N2048_q8_rep2,DS_PUSHSIG_SERIAL,DUSHMEM,C0_DEFAULT,2048,2048,2048,8,2,80,0,PASS,274.880,271.200,392.640,10262.318,4996.163,18950.412,11295.189,5442.563,19933.932,280.480,276.800,399.040,10634.478,5372.643,19334.252,10375.038,5094.563,15079.686,11297.910,5451.523,19936.971
case318_ds_C0_DEFAULT_N2048_q8_rep3,DS_PUSHSIG_SERIAL,DUSHMEM,C0_DEFAULT,2048,2048,2048,8,3,80,0,PASS,276.960,273.600,399.520,9300.319,4962.397,19097.107,10873.599,5393.756,19820.943,282.720,279.200,405.760,9664.077,5324.956,19451.666,9395.679,5036.483,17459.988,10875.758,5395.836,19823.025
case319_ds_C0_DEFAULT_N2048_q8_rep4,DS_PUSHSIG_SERIAL,DUSHMEM,C0_DEFAULT,2048,2048,2048,8,4,80,0,PASS,274.560,269.440,399.359,9706.793,5067.995,19365.268,10839.912,5523.356,19811.344,280.800,275.520,405.759,10099.112,5448.956,19743.824,9820.713,5170.396,15880.147,10846.551,5531.996,19815.504
case320_ds_C0_DEFAULT_N2048_q8_rep5,DS_PUSHSIG_SERIAL,DUSHMEM,C0_DEFAULT,2048,2048,2048,8,5,80,0,PASS,279.360,273.280,294.880,9946.878,4946.556,18931.051,11083.597,5395.196,19396.332,285.040,279.040,300.320,10437.278,5310.876,19295.371,10166.799,5030.076,19021.131,11085.517,5397.276,19398.412
case321_d1_C0_DEFAULT_N2048_q8_rep1,D1_PUSHSIG_OVERLAP,DUSHMEM,C0_DEFAULT,2048,2048,2048,8,1,80,0,PASS,279.040,271.360,393.280,10213.191,5083.517,15213.756,11150.152,5539.196,16884.170,285.280,278.080,399.680,10805.591,5464.316,15588.956,10541.832,5178.557,15238.549,11157.271,5545.436,16893.449
case322_d1_C0_DEFAULT_N2048_q8_rep2,D1_PUSHSIG_OVERLAP,DUSHMEM,C0_DEFAULT,2048,2048,2048,8,2,80,0,PASS,279.439,272.320,367.360,9852.005,5008.956,16963.027,10705.513,5452.156,17401.748,285.120,277.920,372.800,10220.646,5385.596,17336.307,9945.926,5097.596,16057.447,10708.153,5456.154,17403.988
case323_d1_C0_DEFAULT_N2048_q8_rep3,D1_PUSHSIG_OVERLAP,DUSHMEM,C0_DEFAULT,2048,2048,2048,8,3,80,0,PASS,268.960,266.400,391.360,8669.593,5025.436,20021.584,11268.077,5466.235,20453.424,274.880,272.319,397.600,9033.913,5392.636,20380.943,8761.673,5115.356,20104.783,11273.757,5470.396,20461.904
case324_d1_C0_DEFAULT_N2048_q8_rep4,D1_PUSHSIG_OVERLAP,DUSHMEM,C0_DEFAULT,2048,2048,2048,8,4,80,0,PASS,275.999,273.280,395.520,9588.319,4918.717,17630.729,11416.639,5358.876,18643.688,281.680,279.040,401.760,9954.959,5283.834,17992.330,9677.199,5004.316,17728.168,11418.639,5360.796,18645.609
case325_d1_C0_DEFAULT_N2048_q8_rep5,D1_PUSHSIG_OVERLAP,DUSHMEM,C0_DEFAULT,2048,2048,2048,8,5,80,0,PASS,285.840,271.199,1287.680,9093.593,5069.117,16958.227,11189.677,5522.716,22044.967,291.520,276.959,1294.560,9468.153,5445.276,17343.348,9014.792,5159.196,16632.145,11194.640,5530.716,22047.688
case326_d1w_C0_DEFAULT_N2048_q8_rep1,D1W_WAITSTREAM_OVERLAP,DUSHMEM,C0_DEFAULT,2048,2048,2048,8,1,80,0,PASS,281.600,273.120,346.560,10059.206,5212.956,16301.746,11233.278,5677.923,19261.586,310.960,302.080,376.000,10448.726,5602.564,16683.664,10154.165,5307.195,15462.569,11238.949,5680.795,19268.305
case327_d1w_C0_DEFAULT_N2048_q8_rep2,D1W_WAITSTREAM_OVERLAP,DUSHMEM,C0_DEFAULT,2048,2048,2048,8,2,80,0,PASS,273.440,270.880,395.840,10093.999,5090.722,22327.211,12603.192,5544.956,22800.652,303.360,300.800,429.440,10489.839,5477.276,22735.691,10188.805,5175.523,21363.373,12605.673,5547.036,22803.852
case328_d1w_C0_DEFAULT_N2048_q8_rep3,D1W_WAITSTREAM_OVERLAP,DUSHMEM,C0_DEFAULT,2048,2048,2048,8,3,80,0,PASS,269.600,265.120,399.680,9262.799,5154.716,17910.705,12535.999,5620.155,19926.088,299.120,294.400,444.800,9652.965,5539.843,18292.330,9032.000,5245.763,18011.369,12539.758,5628.955,19928.008
case329_d1w_C0_DEFAULT_N2048_q8_rep4,D1W_WAITSTREAM_OVERLAP,DUSHMEM,C0_DEFAULT,2048,2048,2048,8,4,80,0,PASS,274.880,268.480,450.720,9481.044,5060.795,17346.707,11167.030,5538.236,17793.264,305.279,298.399,483.840,9880.086,5459.995,17728.145,9436.793,5161.116,17426.867,11169.031,5540.476,17795.344
case330_d1w_C0_DEFAULT_N2048_q8_rep5,D1W_WAITSTREAM_OVERLAP,DUSHMEM,C0_DEFAULT,2048,2048,2048,8,5,80,0,PASS,278.880,269.120,419.520,9310.233,5237.923,18505.428,11652.070,5696.164,18958.547,307.760,298.080,467.360,9708.799,5627.676,18881.107,9415.198,5329.283,16232.310,11658.630,5700.956,18966.068
case331_comm_C0_DEFAULT_N4096_q2_rep1,COMM_ONLY,RCCL,C0_DEFAULT,2048,4096,2048,2,1,80,0,PASS,349.360,343.200,354.880,610.320,603.040,615.360,616.480,609.279,621.600,0.000,0.000,0.000,0.000,0.000,0.000,0.000,0.000,0.000,622.400,615.519,628.000
case332_comm_C0_DEFAULT_N4096_q2_rep2,COMM_ONLY,RCCL,C0_DEFAULT,2048,4096,2048,2,2,80,0,PASS,352.720,344.479,366.080,612.320,603.200,626.560,618.399,609.600,633.120,0.000,0.000,0.000,0.000,0.000,0.000,0.000,0.000,0.000,624.080,615.360,639.360
case333_comm_C0_DEFAULT_N4096_q2_rep3,COMM_ONLY,RCCL,C0_DEFAULT,2048,4096,2048,2,3,80,0,PASS,353.920,347.679,362.560,613.360,605.759,621.439,619.840,612.319,627.839,0.000,0.000,0.000,0.000,0.000,0.000,0.000,0.000,0.000,626.159,618.560,634.239
case334_comm_C0_DEFAULT_N4096_q2_rep4,COMM_ONLY,RCCL,C0_DEFAULT,2048,4096,2048,2,4,80,0,PASS,350.959,344.320,367.200,609.679,603.200,623.680,615.599,608.800,630.400,0.000,0.000,0.000,0.000,0.000,0.000,0.000,0.000,0.000,621.280,614.560,636.960
case335_comm_C0_DEFAULT_N4096_q2_rep5,COMM_ONLY,RCCL,C0_DEFAULT,2048,4096,2048,2,5,80,0,PASS,351.760,345.280,364.160,610.239,602.880,622.720,616.159,608.640,629.120,0.000,0.000,0.000,0.000,0.000,0.000,0.000,0.000,0.000,622.560,614.400,635.360
case336_gemm_C0_DEFAULT_N4096_q2_rep1,GEMM_ONLY,RCCL,C0_DEFAULT,2048,4096,2048,2,1,80,0,PASS,0.000,0.000,0.000,0.000,0.000,0.000,3952.800,3865.278,4061.756,217.760,216.960,218.560,3946.640,3858.718,4055.516,3729.760,3640.638,3840.316,3958.640,3871.678,4068.156
case337_gemm_C0_DEFAULT_N4096_q2_rep2,GEMM_ONLY,RCCL,C0_DEFAULT,2048,4096,2048,2,2,80,0,PASS,0.000,0.000,0.000,0.000,0.000,0.000,3984.319,3909.763,4083.523,217.440,216.960,218.400,3978.159,3903.203,4077.123,3761.360,3686.082,3859.203,3990.399,3916.003,4090.083
case338_gemm_C0_DEFAULT_N4096_q2_rep3,GEMM_ONLY,RCCL,C0_DEFAULT,2048,4096,2048,2,3,80,0,PASS,0.000,0.000,0.000,0.000,0.000,0.000,3931.682,3840.637,4011.197,217.280,216.320,218.399,3926.002,3834.077,4004.637,3710.720,3619.517,3789.917,3937.600,3847.037,4017.597
case339_gemm_C0_DEFAULT_N4096_q2_rep4,GEMM_ONLY,RCCL,C0_DEFAULT,2048,4096,2048,2,4,80,0,PASS,0.000,0.000,0.000,0.000,0.000,0.000,3899.919,3803.837,4022.243,217.279,216.480,217.760,3893.839,3797.277,4015.683,3677.039,3580.638,3798.242,3905.919,3810.237,4028.483
case340_gemm_C0_DEFAULT_N4096_q2_rep5,GEMM_ONLY,RCCL,C0_DEFAULT,2048,4096,2048,2,5,80,0,PASS,0.000,0.000,0.000,0.000,0.000,0.000,3881.519,3810.396,3980.001,214.720,213.920,215.680,3875.039,3803.836,3974.241,3660.796,3589.917,3759.521,3887.999,3816.796,3985.601
case341_r0_C0_DEFAULT_N4096_q2_rep1,R0_FULL_SERIAL,RCCL,C0_DEFAULT,2048,4096,2048,2,1,80,0,PASS,560.320,554.401,572.639,560.320,554.401,572.639,567.199,561.441,579.199,579.919,573.121,590.719,4396.323,4335.202,4448.161,3825.280,3759.522,3863.202,4401.923,4340.802,4453.761
case342_r0_C0_DEFAULT_N4096_q2_rep2,R0_FULL_SERIAL,RCCL,C0_DEFAULT,2048,4096,2048,2,2,80,0,PASS,559.519,551.680,569.760,559.519,551.680,569.760,566.560,558.399,576.321,578.640,570.559,590.559,4243.279,4206.076,4319.837,3671.921,3629.762,3727.036,4248.799,4211.676,4325.437
case343_r0_C0_DEFAULT_N4096_q2_rep3,R0_FULL_SERIAL,RCCL,C0_DEFAULT,2048,4096,2048,2,3,80,0,PASS,560.560,554.240,567.519,560.560,554.240,567.519,567.840,560.480,574.721,581.040,573.119,588.959,4320.962,4226.723,4411.842,3749.919,3654.078,3832.002,4326.483,4232.323,4417.442
case344_r0_C0_DEFAULT_N4096_q2_rep4,R0_FULL_SERIAL,RCCL,C0_DEFAULT,2048,4096,2048,2,4,80,0,PASS,560.400,554.400,568.161,560.400,554.400,568.161,567.280,560.800,575.040,580.240,572.800,588.160,4361.362,4281.602,4425.602,3787.042,3704.802,3852.322,4366.962,4287.202,4432.002
case345_r0_C0_DEFAULT_N4096_q2_rep5,R0_FULL_SERIAL,RCCL,C0_DEFAULT,2048,4096,2048,2,5,80,0,PASS,560.961,555.520,568.800,560.961,555.520,568.800,568.400,563.040,576.640,581.040,574.720,591.839,4257.602,4211.523,4297.437,3681.360,3638.558,3714.557,4263.122,4217.123,4303.037
case346_rs_C0_DEFAULT_N4096_q2_rep1,RS_SLICE_SERIAL,RCCL,C0_DEFAULT,2048,4096,2048,2,1,80,0,PASS,352.559,346.399,358.080,2466.558,2399.841,2541.918,2472.398,2405.921,2547.838,366.000,358.879,371.519,4307.679,4217.917,4417.116,3946.077,3847.357,4052.316,4313.279,4223.356,4422.876
case347_rs_C0_DEFAULT_N4096_q2_rep2,RS_SLICE_SERIAL,RCCL,C0_DEFAULT,2048,4096,2048,2,2,80,0,PASS,354.160,347.840,360.481,2466.881,2407.358,2541.281,2472.961,2413.438,2547.201,366.960,360.159,373.760,4320.479,4222.722,4425.763,3958.400,3863.516,4061.763,4326.079,4228.322,4431.363
case348_rs_C0_DEFAULT_N4096_q2_rep3,RS_SLICE_SERIAL,RCCL,C0_DEFAULT,2048,4096,2048,2,3,80,0,PASS,353.120,347.518,364.801,2424.720,2364.161,2478.401,2430.798,2370.241,2484.321,366.240,360.318,379.040,4238.637,4132.162,4295.837,3879.443,3778.241,3935.677,4244.317,4137.762,4301.437
case349_rs_C0_DEFAULT_N4096_q2_rep4,RS_SLICE_SERIAL,RCCL,C0_DEFAULT,2048,4096,2048,2,4,80,0,PASS,353.200,346.080,362.240,2452.641,2399.518,2517.442,2458.641,2405.598,2523.522,365.840,358.560,374.560,4279.679,4200.642,4348.323,3914.722,3846.396,3985.596,4285.279,4206.242,4353.923
case350_rs_C0_DEFAULT_N4096_q2_rep5,RS_SLICE_SERIAL,RCCL,C0_DEFAULT,2048,4096,2048,2,5,80,0,PASS,350.639,345.920,358.240,2434.880,2395.358,2495.681,2440.880,2401.438,2501.601,363.919,358.560,370.719,4245.359,4173.276,4319.522,3890.399,3820.797,3961.122,4250.959,4178.876,4325.122
case351_r1_C0_DEFAULT_N4096_q2_rep1,R1_EVENT_OVERLAP,RCCL,C0_DEFAULT,2048,4096,2048,2,1,80,0,PASS,356.959,351.840,366.080,818.800,807.199,829.759,825.679,814.559,837.279,371.280,364.480,380.320,4345.680,4267.683,4421.116,3976.562,3905.918,4048.956,4351.280,4273.283,4427.516
case352_r1_C0_DEFAULT_N4096_q2_rep2,R1_EVENT_OVERLAP,RCCL,C0_DEFAULT,2048,4096,2048,2,2,80,0,PASS,354.960,347.680,366.561,817.760,801.918,829.920,824.320,808.318,836.639,368.480,361.600,381.281,4357.841,4292.322,4440.162,3998.483,3922.083,4081.917,4364.240,4298.562,4445.762
case353_r1_C0_DEFAULT_N4096_q2_rep3,R1_EVENT_OVERLAP,RCCL,C0_DEFAULT,2048,4096,2048,2,3,80,0,PASS,356.800,347.200,364.160,815.120,803.359,833.759,822.399,810.719,840.479,370.160,360.000,379.040,4378.240,4309.122,4450.556,4013.437,3950.398,4086.717,4384.160,4314.722,4456.956
case354_r1_C0_DEFAULT_N4096_q2_rep4,R1_EVENT_OVERLAP,RCCL,C0_DEFAULT,2048,4096,2048,2,4,80,0,PASS,356.800,350.240,365.918,819.520,807.679,833.120,826.639,814.079,840.159,371.359,363.680,380.638,4377.840,4316.801,4447.997,4011.677,3947.037,4079.517,4383.840,4322.401,4454.237
case355_r1_C0_DEFAULT_N4096_q2_rep5,R1_EVENT_OVERLAP,RCCL,C0_DEFAULT,2048,4096,2048,2,5,80,0,PASS,356.321,346.560,365.920,818.480,805.441,828.319,825.840,812.001,835.680,370.161,360.960,380.640,4359.919,4299.043,4448.642,3995.600,3928.637,4076.322,4365.759,4304.643,4454.242
case356_fc_C0_DEFAULT_N4096_q2_rep1,FC_FCOLLECT_ONLY,DUSHMEM,C0_DEFAULT,2048,4096,2048,2,1,80,0,PASS,3357.120,3319.198,3402.557,3357.120,3319.198,3402.557,3345.760,3307.838,3391.037,0.000,0.000,0.000,0.000,0.000,0.000,0.000,0.000,0.000,3362.880,3324.958,3408.317
case357_fc_C0_DEFAULT_N4096_q2_rep2,FC_FCOLLECT_ONLY,DUSHMEM,C0_DEFAULT,2048,4096,2048,2,2,80,0,PASS,3356.322,3315.042,3400.642,3356.322,3315.042,3400.642,3344.962,3303.522,3389.282,0.000,0.000,0.000,0.000,0.000,0.000,0.000,0.000,0.000,3361.842,3320.802,3406.242
case358_fc_C0_DEFAULT_N4096_q2_rep3,FC_FCOLLECT_ONLY,DUSHMEM,C0_DEFAULT,2048,4096,2048,2,3,80,0,PASS,3356.080,3309.437,3397.598,3356.080,3309.437,3397.598,3344.800,3297.917,3386.078,0.000,0.000,0.000,0.000,0.000,0.000,0.000,0.000,0.000,3361.760,3315.037,3403.358
case359_fc_C0_DEFAULT_N4096_q2_rep4,FC_FCOLLECT_ONLY,DUSHMEM,C0_DEFAULT,2048,4096,2048,2,4,80,0,PASS,3356.077,3318.082,3403.522,3356.077,3318.082,3403.522,3344.877,3306.882,3392.636,0.000,0.000,0.000,0.000,0.000,0.000,0.000,0.000,0.000,3361.838,3323.682,3409.122
case360_fc_C0_DEFAULT_N4096_q2_rep5,FC_FCOLLECT_ONLY,DUSHMEM,C0_DEFAULT,2048,4096,2048,2,5,80,0,PASS,3353.279,3312.322,3402.877,3353.279,3312.322,3402.877,3342.319,3301.122,3391.517,0.000,0.000,0.000,0.000,0.000,0.000,0.000,0.000,0.000,3358.959,3317.922,3408.637
case361_dc_C0_DEFAULT_N4096_q2_rep1,DC_PUSHSIG_ONLY,DUSHMEM,C0_DEFAULT,2048,4096,2048,2,1,80,0,PASS,532.160,508.799,10400.966,966.879,920.960,10864.007,973.119,927.680,10870.247,0.000,0.000,0.000,0.000,0.000,0.000,0.000,0.000,0.000,975.039,929.600,10872.167
case362_dc_C0_DEFAULT_N4096_q2_rep2,DC_PUSHSIG_ONLY,DUSHMEM,C0_DEFAULT,2048,4096,2048,2,2,80,0,PASS,539.840,514.560,10487.846,987.439,954.399,10984.646,996.719,959.839,10994.087,0.000,0.000,0.000,0.000,0.000,0.000,0.000,0.000,0.000,1001.759,968.319,10999.848
case363_dc_C0_DEFAULT_N4096_q2_rep3,DC_PUSHSIG_ONLY,DUSHMEM,C0_DEFAULT,2048,4096,2048,2,3,80,0,PASS,519.680,502.879,10435.993,939.679,914.239,10877.606,949.760,923.519,10947.354,0.000,0.000,0.000,0.000,0.000,0.000,0.000,0.000,0.000,955.760,928.319,10949.434
case364_dc_C0_DEFAULT_N4096_q2_rep4,DC_PUSHSIG_ONLY,DUSHMEM,C0_DEFAULT,2048,4096,2048,2,4,80,0,PASS,536.880,514.079,10419.034,988.719,953.759,10921.112,997.999,961.919,10930.393,0.000,0.000,0.000,0.000,0.000,0.000,0.000,0.000,0.000,1003.679,968.639,10933.752
case365_dc_C0_DEFAULT_N4096_q2_rep5,DC_PUSHSIG_ONLY,DUSHMEM,C0_DEFAULT,2048,4096,2048,2,5,80,0,PASS,528.559,507.039,10437.443,953.919,930.719,10766.885,959.599,936.159,10772.324,0.000,0.000,0.000,0.000,0.000,0.000,0.000,0.000,0.000,961.999,938.399,10774.245
case366_d0_C0_DEFAULT_N4096_q2_rep1,D0_FCOLLECT_SERIAL,DUSHMEM,C0_DEFAULT,2048,4096,2048,2,1,80,0,PASS,3352.561,3305.117,3394.081,3352.561,3305.117,3394.081,3358.802,3311.517,3399.841,3370.882,3323.682,3412.161,7174.243,7087.835,7251.193,3807.841,3725.117,3863.837,7179.919,7093.595,7256.793
case367_d0_C0_DEFAULT_N4096_q2_rep2,D0_FCOLLECT_SERIAL,DUSHMEM,C0_DEFAULT,2048,4096,2048,2,2,80,0,PASS,3344.717,3307.997,3394.238,3344.717,3307.997,3394.238,3350.717,3313.437,3400.158,3363.037,3325.437,3412.638,7184.240,7096.163,7252.323,3817.517,3757.121,3866.722,7189.761,7101.763,7257.923
case368_d0_C0_DEFAULT_N4096_q2_rep3,D0_FCOLLECT_SERIAL,DUSHMEM,C0_DEFAULT,2048,4096,2048,2,3,80,0,PASS,3347.282,3299.837,3394.557,3347.282,3299.837,3394.557,3354.079,3305.437,3400.317,3366.160,3317.437,3412.211,7194.399,7115.204,7270.555,3832.402,3783.202,3875.682,7200.165,7120.804,7276.315
case369_d0_C0_DEFAULT_N4096_q2_rep4,D0_FCOLLECT_SERIAL,DUSHMEM,C0_DEFAULT,2048,4096,2048,2,4,80,0,PASS,3351.439,3306.241,3390.082,3351.439,3306.241,3390.082,3358.079,3313.601,3395.842,3370.479,3325.761,3408.002,7190.474,7117.275,7255.354,3830.957,3761.761,3882.237,7195.994,7122.875,7260.954
case370_d0_C0_DEFAULT_N4096_q2_rep5,D0_FCOLLECT_SERIAL,DUSHMEM,C0_DEFAULT,2048,4096,2048,2,5,80,0,PASS,3345.918,3302.397,3396.157,3345.918,3302.397,3396.157,3353.117,3308.478,3402.397,3365.520,3320.957,3414.077,7174.964,7083.035,7246.234,3817.917,3732.323,3856.803,7180.564,7088.795,7251.834
case371_ds_C0_DEFAULT_N4096_q2_rep1,DS_PUSHSIG_SERIAL,DUSHMEM,C0_DEFAULT,2048,4096,2048,2,1,80,0,PASS,526.960,508.959,583.040,2816.082,2743.041,2921.758,4724.876,4606.557,4837.442,532.800,514.879,589.280,4653.440,4534.397,4768.482,4149.996,4049.123,4271.357,4727.436,4612.637,4838.722
case372_ds_C0_DEFAULT_N4096_q2_rep2,DS_PUSHSIG_SERIAL,DUSHMEM,C0_DEFAULT,2048,4096,2048,2,2,80,0,PASS,540.959,515.519,592.960,2857.917,2789.441,2921.117,4785.279,4666.883,4900.316,546.719,522.559,599.360,4716.880,4602.403,4823.196,4203.599,4090.556,4314.082,4786.318,4668.483,4898.236
case373_ds_C0_DEFAULT_N4096_q2_rep3,DS_PUSHSIG_SERIAL,DUSHMEM,C0_DEFAULT,2048,4096,2048,2,3,80,0,PASS,548.159,533.119,599.040,2838.640,2769.121,2997.918,4742.479,4631.843,4892.957,553.760,538.719,604.800,4672.083,4558.717,4818.396,4157.440,4028.802,4264.962,4744.079,4632.477,4894.397
case374_ds_C0_DEFAULT_N4096_q2_rep4,DS_PUSHSIG_SERIAL,DUSHMEM,C0_DEFAULT,2048,4096,2048,2,4,80,0,PASS,530.240,512.640,592.000,2880.880,2809.278,3015.997,4852.799,4759.043,5003.036,537.119,518.720,598.560,4779.119,4683.843,4926.236,4252.880,4166.882,4382.082,4855.916,4761.282,5007.356
case375_ds_C0_DEFAULT_N4096_q2_rep5,DS_PUSHSIG_SERIAL,DUSHMEM,C0_DEFAULT,2048,4096,2048,2,5,80,0,PASS,542.399,523.360,586.080,2844.322,2757.758,2909.438,4730.243,4629.595,4865.276,548.159,529.120,591.840,4657.679,4561.115,4782.882,4162.559,4063.522,4267.996,4732.083,4628.155,4863.836
case376_d1_C0_DEFAULT_N4096_q2_rep1,D1_PUSHSIG_OVERLAP,DUSHMEM,C0_DEFAULT,2048,4096,2048,2,1,80,0,PASS,528.800,516.320,567.840,2853.119,2768.802,2964.318,4782.079,4657.602,4925.116,534.400,521.920,573.600,4708.716,4591.682,4848.956,4198.156,4102.562,4313.916,4783.036,4661.603,4923.196
case377_d1_C0_DEFAULT_N4096_q2_rep2,D1_PUSHSIG_OVERLAP,DUSHMEM,C0_DEFAULT,2048,4096,2048,2,2,80,0,PASS,528.399,508.799,605.761,2864.320,2778.398,3026.722,4794.639,4681.116,5064.156,534.639,514.719,612.161,4719.679,4597.762,4933.117,4211.122,4122.882,4391.837,4796.316,4684.156,5070.236
case378_d1_C0_DEFAULT_N4096_q2_rep3,D1_PUSHSIG_OVERLAP,DUSHMEM,C0_DEFAULT,2048,4096,2048,2,3,80,0,PASS,542.479,524.639,595.681,2828.880,2762.082,2953.922,4760.483,4677.442,4865.283,548.159,530.399,602.081,4687.919,4608.322,4801.123,4157.922,4077.917,4272.002,4760.643,4675.522,4866.563
case379_d1_C0_DEFAULT_N4096_q2_rep4,D1_PUSHSIG_OVERLAP,DUSHMEM,C0_DEFAULT,2048,4096,2048,2,4,80,0,PASS,538.399,520.480,601.598,2838.399,2752.001,2951.361,4751.836,4645.922,4903.522,545.200,526.720,608.798,4675.516,4576.482,4829.277,4175.600,4055.038,4286.237,4755.117,4652.162,4909.762
case380_d1_C0_DEFAULT_N4096_q2_rep5,D1_PUSHSIG_OVERLAP,DUSHMEM,C0_DEFAULT,2048,4096,2048,2,5,80,0,PASS,546.000,531.360,599.359,2872.238,2819.201,2972.798,4826.642,4714.722,4947.843,551.760,537.120,605.759,4752.639,4637.916,4870.883,4216.399,4133.757,4340.956,4830.163,4719.842,4950.243
case381_d1w_C0_DEFAULT_N4096_q2_rep1,D1W_WAITSTREAM_OVERLAP,DUSHMEM,C0_DEFAULT,2048,4096,2048,2,1,80,0,PASS,541.919,520.320,598.559,2852.800,2780.958,2922.717,4774.720,4670.403,4881.923,571.839,549.920,631.519,4704.240,4603.523,4811.683,4167.762,4058.402,4305.442,4774.396,4669.123,4883.203
case382_d1w_C0_DEFAULT_N4096_q2_rep2,D1W_WAITSTREAM_OVERLAP,DUSHMEM,C0_DEFAULT,2048,4096,2048,2,2,80,0,PASS,531.679,511.679,600.158,2878.399,2812.158,2965.277,4851.117,4760.962,5010.557,561.759,540.958,635.359,4772.163,4684.322,4930.557,4234.079,4145.277,4325.917,4855.279,4761.442,5015.677
case383_d1w_C0_DEFAULT_N4096_q2_rep3,D1W_WAITSTREAM_OVERLAP,DUSHMEM,C0_DEFAULT,2048,4096,2048,2,3,80,0,PASS,539.600,523.520,567.199,2864.882,2796.638,2965.117,4811.763,4738.237,4908.163,569.760,553.280,596.959,4738.722,4661.916,4835.196,4239.521,4112.642,4359.522,4817.363,4741.276,4912.483
case384_d1w_C0_DEFAULT_N4096_q2_rep4,D1W_WAITSTREAM_OVERLAP,DUSHMEM,C0_DEFAULT,2048,4096,2048,2,4,80,0,PASS,529.920,509.440,595.680,2877.278,2811.038,2981.918,4846.476,4758.723,4976.476,560.320,539.680,632.320,4767.119,4685.923,4890.396,4231.916,4148.002,4353.277,4851.836,4763.675,4981.596
case385_d1w_C0_DEFAULT_N4096_q2_rep5,D1W_WAITSTREAM_OVERLAP,DUSHMEM,C0_DEFAULT,2048,4096,2048,2,5,80,0,PASS,530.159,513.439,588.319,2840.800,2757.442,2934.722,4769.756,4631.676,4877.436,560.880,542.720,630.080,4695.919,4561.762,4800.003,4167.922,4063.036,4252.162,4774.719,4636.956,4882.556
case386_comm_C0_DEFAULT_N4096_q4_rep1,COMM_ONLY,RCCL,C0_DEFAULT,2048,4096,2048,4,1,80,0,PASS,234.240,229.280,240.320,682.240,676.640,708.159,688.000,682.400,715.039,0.000,0.000,0.000,0.000,0.000,0.000,0.000,0.000,0.000,693.679,688.000,721.599
case387_comm_C0_DEFAULT_N4096_q4_rep2,COMM_ONLY,RCCL,C0_DEFAULT,2048,4096,2048,4,2,80,0,PASS,235.200,231.040,240.960,685.361,680.801,694.240,691.040,686.401,700.000,0.000,0.000,0.000,0.000,0.000,0.000,0.000,0.000,0.000,696.720,692.001,705.600
case388_comm_C0_DEFAULT_N4096_q4_rep3,COMM_ONLY,RCCL,C0_DEFAULT,2048,4096,2048,4,3,80,0,PASS,234.080,228.640,238.560,682.160,675.999,690.080,687.920,681.759,696.160,0.000,0.000,0.000,0.000,0.000,0.000,0.000,0.000,0.000,693.441,687.519,702.400
case389_comm_C0_DEFAULT_N4096_q4_rep4,COMM_ONLY,RCCL,C0_DEFAULT,2048,4096,2048,4,4,80,0,PASS,235.119,232.160,238.720,684.239,679.040,693.120,689.919,684.640,698.720,0.000,0.000,0.000,0.000,0.000,0.000,0.000,0.000,0.000,695.519,690.240,704.480
case390_comm_C0_DEFAULT_N4096_q4_rep5,COMM_ONLY,RCCL,C0_DEFAULT,2048,4096,2048,4,5,80,0,PASS,235.360,231.840,240.480,683.040,678.081,689.119,688.880,683.999,695.361,0.000,0.000,0.000,0.000,0.000,0.000,0.000,0.000,0.000,694.480,689.759,701.121
case391_gemm_C0_DEFAULT_N4096_q4_rep1,GEMM_ONLY,RCCL,C0_DEFAULT,2048,4096,2048,4,1,80,0,PASS,0.000,0.000,0.000,0.000,0.000,0.000,3745.759,3703.843,3793.442,217.600,217.119,218.240,3739.679,3697.283,3787.042,3523.682,3479.843,3569.762,3751.842,3710.083,3800.002
case392_gemm_C0_DEFAULT_N4096_q4_rep2,GEMM_ONLY,RCCL,C0_DEFAULT,2048,4096,2048,4,2,80,0,PASS,0.000,0.000,0.000,0.000,0.000,0.000,3747.198,3699.518,3821.597,217.920,217.120,218.561,3740.638,3693.118,3815.037,3528.400,3481.598,3601.917,3753.598,3705.918,3827.837
case393_gemm_C0_DEFAULT_N4096_q4_rep3,GEMM_ONLY,RCCL,C0_DEFAULT,2048,4096,2048,4,3,80,0,PASS,0.000,0.000,0.000,0.000,0.000,0.000,3708.401,3670.397,3757.602,215.839,214.880,217.280,3702.322,3664.162,3751.842,3488.721,3449.603,3537.762,3714.001,3676.637,3763.202
case394_gemm_C0_DEFAULT_N4096_q4_rep4,GEMM_ONLY,RCCL,C0_DEFAULT,2048,4096,2048,4,4,80,0,PASS,0.000,0.000,0.000,0.000,0.000,0.000,3692.160,3661.437,3738.559,217.920,216.800,218.720,3685.680,3654.877,3732.162,3467.841,3439.042,3515.202,3698.320,3667.677,3744.799
case395_gemm_C0_DEFAULT_N4096_q4_rep5,GEMM_ONLY,RCCL,C0_DEFAULT,2048,4096,2048,4,5,80,0,PASS,0.000,0.000,0.000,0.000,0.000,0.000,3686.639,3664.478,3728.957,217.440,216.160,218.560,3680.481,3658.718,3723.197,3464.398,3444.642,3507.517,3692.559,3670.397,3734.397
case396_r0_C0_DEFAULT_N4096_q4_rep1,R0_FULL_SERIAL,RCCL,C0_DEFAULT,2048,4096,2048,4,1,80,0,PASS,560.320,553.440,568.799,560.320,553.440,568.799,567.679,560.319,577.599,580.400,572.000,591.041,4384.800,4321.117,4437.756,3812.238,3738.237,3864.317,4390.559,4326.877,4444.156
case397_r0_C0_DEFAULT_N4096_q4_rep2,R0_FULL_SERIAL,RCCL,C0_DEFAULT,2048,4096,2048,4,2,80,0,PASS,560.720,554.079,569.760,560.720,554.079,569.760,567.759,560.801,576.481,579.920,572.961,591.521,4386.162,4250.882,4441.122,3809.362,3681.122,3862.076,4392.162,4256.482,4446.722
case398_r0_C0_DEFAULT_N4096_q4_rep3,R0_FULL_SERIAL,RCCL,C0_DEFAULT,2048,4096,2048,4,3,80,0,PASS,559.919,552.799,569.920,559.919,552.799,569.920,567.440,559.839,577.120,579.601,572.000,588.960,4388.559,4278.556,4438.723,3818.402,3701.597,3862.242,4394.159,4284.156,4444.323
case399_r0_C0_DEFAULT_N4096_q4_rep4,R0_FULL_SERIAL,RCCL,C0_DEFAULT,2048,4096,2048,4,4,80,0,PASS,560.561,553.920,569.600,560.561,553.920,569.600,567.760,560.320,576.800,580.320,572.480,589.280,4366.556,4252.316,4423.676,3796.716,3672.477,3853.595,4372.155,4257.916,4430.076
case400_r0_C0_DEFAULT_N4096_q4_rep5,R0_FULL_SERIAL,RCCL,C0_DEFAULT,2048,4096,2048,4,5,80,0,PASS,562.001,553.121,567.841,562.001,553.121,567.841,568.959,559.360,575.679,581.840,571.360,589.600,4388.077,4331.362,4445.123,3815.042,3745.762,3861.122,4393.679,4336.962,4450.723
case401_rs_C0_DEFAULT_N4096_q4_rep1,RS_SLICE_SERIAL,RCCL,C0_DEFAULT,2048,4096,2048,4,1,80,0,PASS,236.480,233.120,239.680,3334.398,3297.438,3381.117,3340.477,3303.678,3387.197,249.120,245.440,253.120,4207.037,4163.676,4272.796,3958.397,3916.477,4023.517,4212.637,4169.436,4278.396
case402_rs_C0_DEFAULT_N4096_q4_rep2,RS_SLICE_SERIAL,RCCL,C0_DEFAULT,2048,4096,2048,4,2,80,0,PASS,236.159,231.201,239.200,3337.837,3307.677,3383.037,3343.837,3313.597,3388.957,248.800,243.359,251.680,4209.516,4181.756,4262.396,3963.516,3932.156,4012.956,4215.116,4187.356,4267.996
case403_rs_C0_DEFAULT_N4096_q4_rep3,RS_SLICE_SERIAL,RCCL,C0_DEFAULT,2048,4096,2048,4,3,80,0,PASS,235.200,231.840,239.680,3337.361,3304.477,3375.681,3343.602,3310.557,3382.081,247.840,245.120,254.238,4214.721,4169.282,4254.562,3967.041,3923.041,4010.882,4220.321,4174.882,4260.162
case404_rs_C0_DEFAULT_N4096_q4_rep4,RS_SLICE_SERIAL,RCCL,C0_DEFAULT,2048,4096,2048,4,4,80,0,PASS,236.320,231.520,239.520,3332.957,3300.316,3380.317,3339.198,3306.236,3386.557,248.880,244.320,252.799,4217.917,4173.437,4274.876,3974.077,3926.883,4029.117,4223.517,4179.037,4280.476
case405_rs_C0_DEFAULT_N4096_q4_rep5,RS_SLICE_SERIAL,RCCL,C0_DEFAULT,2048,4096,2048,4,5,80,0,PASS,236.560,232.319,241.120,3298.077,3285.761,3311.518,3304.477,3292.001,3317.758,249.520,245.439,254.560,4159.277,4148.957,4176.957,3913.039,3900.957,3927.362,4164.877,4154.557,4182.557
case406_r1_C0_DEFAULT_N4096_q4_rep1,R1_EVENT_OVERLAP,RCCL,C0_DEFAULT,2048,4096,2048,4,1,80,0,PASS,237.520,233.600,243.040,1056.479,1044.960,1070.399,1063.520,1051.680,1077.439,251.760,246.880,258.081,4071.920,4043.522,4110.241,3823.757,3798.237,3858.077,4078.000,4048.963,4116.641
case407_r1_C0_DEFAULT_N4096_q4_rep2,R1_EVENT_OVERLAP,RCCL,C0_DEFAULT,2048,4096,2048,4,2,80,0,PASS,237.919,233.600,244.000,1054.880,1043.200,1069.439,1061.759,1050.720,1076.319,251.680,247.520,258.238,4093.363,4057.763,4155.682,3846.880,3808.801,3905.762,4099.522,4063.522,4161.282
case408_r1_C0_DEFAULT_N4096_q4_rep3,R1_EVENT_OVERLAP,RCCL,C0_DEFAULT,2048,4096,2048,4,3,80,0,PASS,237.760,232.480,243.200,1056.080,1038.879,1071.038,1063.039,1045.919,1077.920,251.519,246.240,258.080,4064.477,4036.961,4107.683,3817.039,3792.003,3855.357,4070.320,4043.042,4113.923
case409_r1_C0_DEFAULT_N4096_q4_rep4,R1_EVENT_OVERLAP,RCCL,C0_DEFAULT,2048,4096,2048,4,4,80,0,PASS,237.759,234.080,243.520,1057.599,1046.240,1073.921,1064.880,1052.960,1081.119,252.320,246.560,258.560,4121.280,4088.801,4166.877,3871.837,3833.602,3915.677,4127.280,4094.401,4173.277
case410_r1_C0_DEFAULT_N4096_q4_rep5,R1_EVENT_OVERLAP,RCCL,C0_DEFAULT,2048,4096,2048,4,5,80,0,PASS,237.840,233.760,243.680,1056.240,1044.319,1071.041,1063.520,1050.879,1078.561,252.800,248.320,259.200,4112.959,4075.362,4180.483,3861.682,3821.598,3926.403,4118.879,4081.602,4186.723
case411_fc_C0_DEFAULT_N4096_q4_rep1,FC_FCOLLECT_ONLY,DUSHMEM,C0_DEFAULT,2048,4096,2048,4,1,80,0,PASS,3354.800,3310.717,3398.561,3354.800,3310.717,3398.561,3343.441,3299.517,3387.521,0.000,0.000,0.000,0.000,0.000,0.000,0.000,0.000,0.000,3360.560,3316.317,3404.321
case412_fc_C0_DEFAULT_N4096_q4_rep2,FC_FCOLLECT_ONLY,DUSHMEM,C0_DEFAULT,2048,4096,2048,4,2,80,0,PASS,3359.841,3315.841,3400.476,3359.841,3315.841,3400.476,3348.639,3304.641,3389.276,0.000,0.000,0.000,0.000,0.000,0.000,0.000,0.000,0.000,3365.441,3321.441,3406.076
case413_fc_C0_DEFAULT_N4096_q4_rep3,FC_FCOLLECT_ONLY,DUSHMEM,C0_DEFAULT,2048,4096,2048,4,3,80,0,PASS,3360.397,3316.317,3405.597,3360.397,3316.317,3405.597,3349.117,3305.277,3394.077,0.000,0.000,0.000,0.000,0.000,0.000,0.000,0.000,0.000,3366.077,3321.917,3411.357
case414_fc_C0_DEFAULT_N4096_q4_rep4,FC_FCOLLECT_ONLY,DUSHMEM,C0_DEFAULT,2048,4096,2048,4,4,80,0,PASS,3361.118,3312.797,3405.118,3361.118,3312.797,3405.118,3349.678,3301.757,3393.758,0.000,0.000,0.000,0.000,0.000,0.000,0.000,0.000,0.000,3366.878,3318.397,3410.718
case415_fc_C0_DEFAULT_N4096_q4_rep5,FC_FCOLLECT_ONLY,DUSHMEM,C0_DEFAULT,2048,4096,2048,4,5,80,0,PASS,3356.561,3310.557,3398.722,3356.561,3310.557,3398.722,3345.361,3299.517,3387.362,0.000,0.000,0.000,0.000,0.000,0.000,0.000,0.000,0.000,3362.242,3316.157,3404.322
case416_dc_C0_DEFAULT_N4096_q4_rep1,DC_PUSHSIG_ONLY,DUSHMEM,C0_DEFAULT,2048,4096,2048,4,1,80,0,PASS,347.440,340.320,9510.872,1229.519,1175.679,11231.046,1234.719,1172.799,11236.486,0.000,0.000,0.000,0.000,0.000,0.000,0.000,0.000,0.000,1237.359,1183.839,11238.406
case417_dc_C0_DEFAULT_N4096_q4_rep2,DC_PUSHSIG_ONLY,DUSHMEM,C0_DEFAULT,2048,4096,2048,4,2,80,0,PASS,346.240,333.599,10340.634,1204.879,1166.399,11227.672,1209.439,1172.319,11236.151,0.000,0.000,0.000,0.000,0.000,0.000,0.000,0.000,0.000,1214.559,1178.399,11239.032
case418_dc_C0_DEFAULT_N4096_q4_rep3,DC_PUSHSIG_ONLY,DUSHMEM,C0_DEFAULT,2048,4096,2048,4,3,80,0,PASS,352.000,346.560,10338.086,1265.679,1198.719,11214.871,1266.319,1201.119,11220.472,0.000,0.000,0.000,0.000,0.000,0.000,0.000,0.000,0.000,1272.799,1205.759,11222.552
case419_dc_C0_DEFAULT_N4096_q4_rep4,DC_PUSHSIG_ONLY,DUSHMEM,C0_DEFAULT,2048,4096,2048,4,4,80,0,PASS,344.160,335.359,10258.074,1185.838,1162.559,11187.847,1188.239,1152.000,11194.247,0.000,0.000,0.000,0.000,0.000,0.000,0.000,0.000,0.000,1199.039,1175.359,11196.167
case420_dc_C0_DEFAULT_N4096_q4_rep5,DC_PUSHSIG_ONLY,DUSHMEM,C0_DEFAULT,2048,4096,2048,4,5,80,0,PASS,349.280,341.920,10311.832,1237.919,1175.199,11122.229,1242.639,1178.399,11124.165,0.000,0.000,0.000,0.000,0.000,0.000,0.000,0.000,0.000,1246.720,1183.519,11129.750
case421_d0_C0_DEFAULT_N4096_q4_rep1,D0_FCOLLECT_SERIAL,DUSHMEM,C0_DEFAULT,2048,4096,2048,4,1,80,0,PASS,3346.639,3306.402,3392.001,3346.639,3306.402,3392.001,3353.119,3313.122,3397.761,3365.519,3325.282,3409.921,7177.033,7099.674,7251.354,3815.516,3747.037,3853.437,7182.553,7105.274,7257.114
case422_d0_C0_DEFAULT_N4096_q4_rep2,D0_FCOLLECT_SERIAL,DUSHMEM,C0_DEFAULT,2048,4096,2048,4,2,80,0,PASS,3350.081,3302.237,3395.677,3350.081,3302.237,3395.677,3355.681,3308.157,3401.597,3367.921,3320.637,3414.237,7178.722,7093.283,7251.513,3815.357,3752.157,3874.401,7184.323,7098.883,7257.113
case423_d0_C0_DEFAULT_N4096_q4_rep3,D0_FCOLLECT_SERIAL,DUSHMEM,C0_DEFAULT,2048,4096,2048,4,3,80,0,PASS,3352.237,3298.878,3389.278,3352.237,3298.878,3389.278,3358.397,3304.958,3395.678,3370.877,3317.598,3408.158,7162.955,7066.075,7240.163,3804.642,3694.882,3861.277,7168.555,7071.835,7245.763
case424_d0_C0_DEFAULT_N4096_q4_rep4,D0_FCOLLECT_SERIAL,DUSHMEM,C0_DEFAULT,2048,4096,2048,4,4,80,0,PASS,3346.797,3299.836,3388.802,3346.797,3299.836,3388.802,3352.717,3306.081,3395.361,3364.397,3318.561,3407.042,7194.794,7122.073,7266.405,3834.876,3786.877,3878.241,7200.474,7127.513,7272.005
case425_d0_C0_DEFAULT_N4096_q4_rep5,D0_FCOLLECT_SERIAL,DUSHMEM,C0_DEFAULT,2048,4096,2048,4,5,80,0,PASS,3349.602,3304.002,3388.638,3349.602,3304.002,3388.638,3355.519,3309.762,3395.041,3368.079,3322.082,3407.358,7175.674,7092.795,7233.603,3812.242,3744.316,3857.122,7181.274,7098.555,7239.203
case426_ds_C0_DEFAULT_N4096_q4_rep1,DS_PUSHSIG_SERIAL,DUSHMEM,C0_DEFAULT,2048,4096,2048,4,1,80,0,PASS,347.600,343.040,476.321,4057.278,4005.115,4733.276,5003.600,4938.715,6386.396,353.360,348.800,482.721,4928.716,4869.762,5645.755,4591.602,4527.842,4917.916,5006.717,4941.595,6389.596
case427_ds_C0_DEFAULT_N4096_q4_rep2,DS_PUSHSIG_SERIAL,DUSHMEM,C0_DEFAULT,2048,4096,2048,4,2,80,0,PASS,365.200,360.799,453.120,4091.517,4039.357,4172.957,5034.716,4983.997,5112.162,370.960,366.399,459.520,4960.960,4909.756,5041.762,4596.240,4539.837,4659.203,5038.880,4987.676,5115.362
case428_ds_C0_DEFAULT_N4096_q4_rep3,DS_PUSHSIG_SERIAL,DUSHMEM,C0_DEFAULT,2048,4096,2048,4,3,80,0,PASS,349.839,344.160,430.719,4031.357,3988.637,4120.157,4979.756,4928.476,5063.357,355.760,349.920,437.279,4902.477,4851.836,4990.876,4548.397,4498.397,4638.721,4984.556,4931.356,5068.477
case429_ds_C0_DEFAULT_N4096_q4_rep4,DS_PUSHSIG_SERIAL,DUSHMEM,C0_DEFAULT,2048,4096,2048,4,4,80,0,PASS,352.640,346.720,456.160,4080.159,4017.277,4566.716,5035.363,4971.356,5874.235,358.400,352.480,462.560,4957.440,4895.196,5435.196,4601.119,4540.797,4935.996,5037.682,4973.596,5876.475
case430_ds_C0_DEFAULT_N4096_q4_rep5,DS_PUSHSIG_SERIAL,DUSHMEM,C0_DEFAULT,2048,4096,2048,4,5,80,0,PASS,366.559,357.599,454.240,4087.999,4015.042,4189.597,5033.683,4946.883,5144.963,372.320,363.359,459.840,4961.039,4875.683,5052.476,4593.039,4512.642,4688.477,5035.596,4949.923,5149.283
case431_d1_C0_DEFAULT_N4096_q4_rep1,D1_PUSHSIG_OVERLAP,DUSHMEM,C0_DEFAULT,2048,4096,2048,4,1,80,0,PASS,367.200,360.160,455.520,4118.316,4059.195,4209.436,5059.838,5000.316,5163.036,372.880,365.920,461.760,4990.398,4929.116,5095.036,4637.762,4566.082,4740.956,5062.399,5001.756,5165.116
case432_d1_C0_DEFAULT_N4096_q4_rep2,D1_PUSHSIG_OVERLAP,DUSHMEM,C0_DEFAULT,2048,4096,2048,4,2,80,0,PASS,363.199,354.880,450.079,4096.399,4034.237,4228.162,5045.035,4969.443,5187.682,368.959,360.640,456.479,4969.759,4902.716,5095.836,4603.600,4540.642,4719.362,5048.956,4971.843,5190.562
case433_d1_C0_DEFAULT_N4096_q4_rep3,D1_PUSHSIG_OVERLAP,DUSHMEM,C0_DEFAULT,2048,4096,2048,4,3,80,0,PASS,355.200,350.880,427.200,4038.716,3985.117,4161.117,4999.116,4940.156,5119.676,360.800,356.640,432.800,4928.717,4869.277,5030.557,4566.477,4511.516,4681.757,4998.396,4940.797,5122.716
case434_d1_C0_DEFAULT_N4096_q4_rep4,D1_PUSHSIG_OVERLAP,DUSHMEM,C0_DEFAULT,2048,4096,2048,4,4,80,0,PASS,362.319,357.120,451.839,4069.359,4023.837,4205.276,5017.122,4957.923,5142.723,367.919,362.720,458.239,4948.079,4889.756,5074.083,4583.119,4521.603,4695.517,5015.443,4959.203,5144.003
case435_d1_C0_DEFAULT_N4096_q4_rep5,D1_PUSHSIG_OVERLAP,DUSHMEM,C0_DEFAULT,2048,4096,2048,4,5,80,0,PASS,357.519,351.200,424.640,4107.197,4036.957,4206.236,5070.399,4982.396,5167.675,363.279,356.960,430.400,4998.636,4914.077,5094.563,4634.239,4551.037,4735.523,5072.879,4985.916,5171.523
case436_d1w_C0_DEFAULT_N4096_q4_rep1,D1W_WAITSTREAM_OVERLAP,DUSHMEM,C0_DEFAULT,2048,4096,2048,4,1,80,0,PASS,352.399,347.039,436.638,4136.399,4085.922,4328.482,5107.362,5043.843,5322.722,382.240,376.960,471.680,5036.403,4970.397,5251.202,4651.523,4589.917,4868.642,5109.442,5046.556,5324.642
case437_d1w_C0_DEFAULT_N4096_q4_rep2,D1W_WAITSTREAM_OVERLAP,DUSHMEM,C0_DEFAULT,2048,4096,2048,4,2,80,0,PASS,361.120,354.720,376.959,4158.319,4111.523,6124.323,5143.275,5080.482,7226.714,390.639,384.320,406.559,5069.996,5007.843,7041.763,4682.079,4628.962,6699.683,5142.876,5082.083,7224.634
case438_d1w_C0_DEFAULT_N4096_q4_rep3,D1W_WAITSTREAM_OVERLAP,DUSHMEM,C0_DEFAULT,2048,4096,2048,4,3,80,0,PASS,362.480,357.441,445.760,4175.997,4126.558,4350.237,5163.440,5092.956,5368.157,392.400,387.200,478.240,5086.079,5019.683,5290.237,4700.080,4619.677,4828.803,5169.435,5098.076,5373.437
case439_d1w_C0_DEFAULT_N4096_q4_rep4,D1W_WAITSTREAM_OVERLAP,DUSHMEM,C0_DEFAULT,2048,4096,2048,4,4,80,0,PASS,360.400,354.720,421.440,4160.397,4092.163,4244.476,5140.956,5070.723,5220.483,389.920,384.480,451.200,5070.636,5003.043,5147.043,4683.039,4614.236,4758.397,5139.840,5072.003,5218.563
case440_d1w_C0_DEFAULT_N4096_q4_rep5,D1W_WAITSTREAM_OVERLAP,DUSHMEM,C0_DEFAULT,2048,4096,2048,4,5,80,0,PASS,360.799,354.240,421.440,4164.240,4110.397,4275.996,5150.396,5065.123,5251.836,390.720,383.680,456.480,5077.360,4996.796,5181.276,4691.520,4618.082,4788.797,5152.719,5071.683,5253.916
case441_comm_C0_DEFAULT_N4096_q8_rep1,COMM_ONLY,RCCL,C0_DEFAULT,2048,4096,2048,8,1,80,0,PASS,146.080,143.200,151.680,847.520,840.801,855.680,853.361,846.561,861.600,0.000,0.000,0.000,0.000,0.000,0.000,0.000,0.000,0.000,859.041,852.161,867.200
case442_comm_C0_DEFAULT_N4096_q8_rep2,COMM_ONLY,RCCL,C0_DEFAULT,2048,4096,2048,8,2,80,0,PASS,145.359,142.560,153.600,846.240,841.279,872.801,852.159,847.039,879.041,0.000,0.000,0.000,0.000,0.000,0.000,0.000,0.000,0.000,857.760,852.639,884.961
case443_comm_C0_DEFAULT_N4096_q8_rep3,COMM_ONLY,RCCL,C0_DEFAULT,2048,4096,2048,8,3,80,0,PASS,145.281,143.200,4652.955,848.400,842.400,5365.434,854.321,848.160,5371.994,0.000,0.000,0.000,0.000,0.000,0.000,0.000,0.000,0.000,859.841,853.920,5378.394
case444_comm_C0_DEFAULT_N4096_q8_rep4,COMM_ONLY,RCCL,C0_DEFAULT,2048,4096,2048,8,4,80,0,PASS,145.280,142.400,150.398,849.600,842.561,883.201,855.360,848.321,889.921,0.000,0.000,0.000,0.000,0.000,0.000,0.000,0.000,0.000,860.801,853.921,896.481
case445_comm_C0_DEFAULT_N4096_q8_rep5,COMM_ONLY,RCCL,C0_DEFAULT,2048,4096,2048,8,5,80,0,PASS,146.560,143.360,151.200,844.560,837.599,856.959,850.320,843.359,862.719,0.000,0.000,0.000,0.000,0.000,0.000,0.000,0.000,0.000,855.919,848.959,868.479
case446_gemm_C0_DEFAULT_N4096_q8_rep1,GEMM_ONLY,RCCL,C0_DEFAULT,2048,4096,2048,8,1,80,0,PASS,0.000,0.000,0.000,0.000,0.000,0.000,5803.356,5776.636,5843.675,217.519,215.840,218.240,5796.876,5770.076,5837.275,5581.524,5555.996,5620.317,5809.756,5782.876,5850.075
case447_gemm_C0_DEFAULT_N4096_q8_rep2,GEMM_ONLY,RCCL,C0_DEFAULT,2048,4096,2048,8,2,80,0,PASS,0.000,0.000,0.000,0.000,0.000,0.000,5800.479,5772.644,5835.684,217.120,215.680,218.400,5793.996,5766.402,5829.284,5578.003,5553.602,5612.644,5806.800,5779.044,5842.084
case448_gemm_C0_DEFAULT_N4096_q8_rep3,GEMM_ONLY,RCCL,C0_DEFAULT,2048,4096,2048,8,3,80,0,PASS,0.000,0.000,0.000,0.000,0.000,0.000,5807.360,5778.395,5840.316,217.920,216.801,218.400,5800.880,5771.995,5833.756,5586.004,5554.875,5618.237,5813.523,5784.475,5846.556
case449_gemm_C0_DEFAULT_N4096_q8_rep4,GEMM_ONLY,RCCL,C0_DEFAULT,2048,4096,2048,8,4,80,0,PASS,0.000,0.000,0.000,0.000,0.000,0.000,5805.680,5772.955,5834.555,217.280,216.480,217.920,5799.200,5766.555,5827.995,5584.163,5549.275,5611.195,5811.677,5779.355,5840.795
case450_gemm_C0_DEFAULT_N4096_q8_rep5,GEMM_ONLY,RCCL,C0_DEFAULT,2048,4096,2048,8,5,80,0,PASS,0.000,0.000,0.000,0.000,0.000,0.000,5808.396,5773.596,5834.715,217.280,216.800,218.400,5801.916,5767.036,5828.155,5584.876,5549.916,5611.197,5814.636,5779.996,5840.955
case451_r0_C0_DEFAULT_N4096_q8_rep1,R0_FULL_SERIAL,RCCL,C0_DEFAULT,2048,4096,2048,8,1,80,0,PASS,561.440,554.400,571.200,561.440,554.400,571.200,569.280,561.440,579.040,582.240,573.280,592.001,4355.037,4245.283,4428.317,3773.757,3672.638,3857.436,4360.957,4250.883,4434.077
case452_r0_C0_DEFAULT_N4096_q8_rep2,R0_FULL_SERIAL,RCCL,C0_DEFAULT,2048,4096,2048,8,2,80,0,PASS,562.720,554.879,569.280,562.720,554.879,569.280,569.521,560.959,576.480,581.839,572.800,589.919,4360.083,4270.236,4425.922,3787.122,3695.197,3855.202,4365.602,4275.835,4431.362
case453_r0_C0_DEFAULT_N4096_q8_rep3,R0_FULL_SERIAL,RCCL,C0_DEFAULT,2048,4096,2048,8,3,80,0,PASS,561.440,553.919,570.720,561.440,553.919,570.720,569.280,561.440,577.600,582.080,572.960,591.519,4357.602,4234.716,4437.282,3779.682,3654.396,3856.802,4363.202,4240.476,4442.722
case454_r0_C0_DEFAULT_N4096_q8_rep4,R0_FULL_SERIAL,RCCL,C0_DEFAULT,2048,4096,2048,8,4,80,0,PASS,560.880,554.240,570.079,560.880,554.240,570.079,568.480,562.079,577.599,581.279,573.759,591.520,4258.400,4213.117,4348.636,3682.961,3641.758,3777.918,4264.000,4218.717,4354.236
case455_r0_C0_DEFAULT_N4096_q8_rep5,R0_FULL_SERIAL,RCCL,C0_DEFAULT,2048,4096,2048,8,5,80,0,PASS,561.040,555.200,570.240,561.040,555.200,570.240,568.080,562.400,577.921,580.160,574.079,592.159,4247.039,4209.121,4308.156,3672.077,3639.037,3729.917,4252.639,4214.721,4313.756
case456_rs_C0_DEFAULT_N4096_q8_rep1,RS_SLICE_SERIAL,RCCL,C0_DEFAULT,2048,4096,2048,8,1,80,0,PASS,150.240,147.200,154.400,5877.595,5855.684,5906.563,5883.835,5861.764,5912.483,224.160,223.680,226.720,6584.083,6561.764,6614.875,6360.879,6338.084,6393.124,6589.683,6567.204,6620.475
case457_rs_C0_DEFAULT_N4096_q8_rep2,RS_SLICE_SERIAL,RCCL,C0_DEFAULT,2048,4096,2048,8,2,80,0,PASS,154.960,150.720,160.640,5880.235,5857.756,5903.996,5886.399,5864.316,5910.396,223.360,222.720,224.959,6587.354,6559.522,6610.564,6364.879,6337.442,6387.676,6592.953,6565.122,6616.164
case458_rs_C0_DEFAULT_N4096_q8_rep3,RS_SLICE_SERIAL,RCCL,C0_DEFAULT,2048,4096,2048,8,3,80,0,PASS,149.600,146.080,153.600,5873.435,5854.082,5900.315,5879.515,5860.162,5906.555,224.640,223.839,227.200,6578.959,6558.715,6604.324,6355.760,6334.714,6382.564,6584.559,6564.315,6609.924
case459_rs_C0_DEFAULT_N4096_q8_rep4,RS_SLICE_SERIAL,RCCL,C0_DEFAULT,2048,4096,2048,8,4,80,0,PASS,153.120,149.119,162.400,5878.959,5856.644,5905.283,5884.960,5863.044,5911.203,224.480,223.839,227.519,6583.355,6558.714,6613.114,6359.275,6336.485,6389.434,6588.958,6564.314,6618.554
case460_rs_C0_DEFAULT_N4096_q8_rep5,RS_SLICE_SERIAL,RCCL,C0_DEFAULT,2048,4096,2048,8,5,80,0,PASS,149.200,145.920,152.960,5875.918,5855.363,5902.874,5881.918,5861.443,5908.794,224.560,224.000,227.360,6582.803,6563.515,6610.083,6358.963,6339.355,6386.563,6588.323,6569.115,6615.683
case461_r1_C0_DEFAULT_N4096_q8_rep1,R1_EVENT_OVERLAP,RCCL,C0_DEFAULT,2048,4096,2048,8,1,80,0,PASS,154.320,150.880,157.920,1766.639,1660.637,1857.918,1781.119,1667.197,1867.357,228.480,226.880,232.320,6055.758,6019.355,6099.355,5829.599,5790.875,5874.715,6061.359,6024.955,6104.955
case462_r1_C0_DEFAULT_N4096_q8_rep2,R1_EVENT_OVERLAP,RCCL,C0_DEFAULT,2048,4096,2048,8,2,80,0,PASS,150.319,146.880,153.920,1757.760,1630.401,1881.279,1765.037,1637.121,1888.159,229.679,227.840,232.959,6058.876,6024.642,6095.195,5831.684,5795.355,5868.475,6064.476,6030.242,6100.955
case463_r1_C0_DEFAULT_N4096_q8_rep3,R1_EVENT_OVERLAP,RCCL,C0_DEFAULT,2048,4096,2048,8,3,80,0,PASS,152.638,149.120,156.640,1767.681,1622.081,1875.201,1781.599,1629.121,1882.241,228.480,226.240,231.680,6059.520,6020.323,6106.873,5834.319,5793.442,5870.884,6065.119,6025.923,6112.473
case464_r1_C0_DEFAULT_N4096_q8_rep4,R1_EVENT_OVERLAP,RCCL,C0_DEFAULT,2048,4096,2048,8,4,80,0,PASS,154.959,151.520,160.000,1756.559,1635.679,1881.118,1762.320,1642.719,1887.358,227.279,226.080,231.200,6058.635,6019.995,6098.554,5832.959,5794.715,5871.676,6064.315,6026.074,6104.314
case465_r1_C0_DEFAULT_N4096_q8_rep5,R1_EVENT_OVERLAP,RCCL,C0_DEFAULT,2048,4096,2048,8,5,80,0,PASS,150.560,147.360,158.880,1762.321,1679.199,1871.841,1771.041,1685.919,1878.401,229.920,228.000,232.640,6058.795,6013.595,6097.275,5832.236,5785.276,5871.836,6064.795,6019.195,6103.035
case466_fc_C0_DEFAULT_N4096_q8_rep1,FC_FCOLLECT_ONLY,DUSHMEM,C0_DEFAULT,2048,4096,2048,8,1,80,0,PASS,3356.002,3311.202,3403.522,3356.002,3311.202,3403.522,3344.961,3300.002,3392.322,0.000,0.000,0.000,0.000,0.000,0.000,0.000,0.000,0.000,3361.681,3316.962,3409.122
case467_fc_C0_DEFAULT_N4096_q8_rep2,FC_FCOLLECT_ONLY,DUSHMEM,C0_DEFAULT,2048,4096,2048,8,2,80,0,PASS,3364.082,3318.402,3406.397,3364.082,3318.402,3406.397,3352.882,3307.362,3395.197,0.000,0.000,0.000,0.000,0.000,0.000,0.000,0.000,0.000,3369.762,3324.002,3411.837
case468_fc_C0_DEFAULT_N4096_q8_rep3,FC_FCOLLECT_ONLY,DUSHMEM,C0_DEFAULT,2048,4096,2048,8,3,80,0,PASS,3359.842,3322.721,3400.321,3359.842,3322.721,3400.321,3348.642,3311.681,3388.961,0.000,0.000,0.000,0.000,0.000,0.000,0.000,0.000,0.000,3365.522,3328.321,3405.921
case469_fc_C0_DEFAULT_N4096_q8_rep4,FC_FCOLLECT_ONLY,DUSHMEM,C0_DEFAULT,2048,4096,2048,8,4,80,0,PASS,3363.038,3313.438,3405.277,3363.038,3313.438,3405.277,3351.518,3302.398,3393.918,0.000,0.000,0.000,0.000,0.000,0.000,0.000,0.000,0.000,3368.718,3319.198,3410.877
case470_fc_C0_DEFAULT_N4096_q8_rep5,FC_FCOLLECT_ONLY,DUSHMEM,C0_DEFAULT,2048,4096,2048,8,5,80,0,PASS,3358.962,3311.042,3400.641,3358.962,3311.042,3400.641,3347.762,3299.997,3389.441,0.000,0.000,0.000,0.000,0.000,0.000,0.000,0.000,0.000,3364.642,3316.802,3406.401
case471_dc_C0_DEFAULT_N4096_q8_rep1,DC_PUSHSIG_ONLY,DUSHMEM,C0_DEFAULT,2048,4096,2048,8,1,80,0,PASS,272.080,262.240,738.720,1957.358,1931.198,12047.510,1964.958,1937.919,12055.672,0.000,0.000,0.000,0.000,0.000,0.000,0.000,0.000,0.000,1972.319,1946.559,12058.872
case472_dc_C0_DEFAULT_N4096_q8_rep2,DC_PUSHSIG_ONLY,DUSHMEM,C0_DEFAULT,2048,4096,2048,8,2,80,0,PASS,275.040,271.840,373.119,1931.041,1897.761,11978.088,1938.561,1904.961,11985.928,0.000,0.000,0.000,0.000,0.000,0.000,0.000,0.000,0.000,1946.082,1910.561,11989.288
case473_dc_C0_DEFAULT_N4096_q8_rep3,DC_PUSHSIG_ONLY,DUSHMEM,C0_DEFAULT,2048,4096,2048,8,3,80,0,PASS,270.880,259.520,10266.566,1962.879,1930.399,12030.871,1969.439,1936.638,12038.711,0.000,0.000,0.000,0.000,0.000,0.000,0.000,0.000,0.000,1979.039,1943.998,12047.191
case474_dc_C0_DEFAULT_N4096_q8_rep4,DC_PUSHSIG_ONLY,DUSHMEM,C0_DEFAULT,2048,4096,2048,8,4,80,0,PASS,271.360,265.440,417.600,1902.958,1857.118,12072.312,1908.398,1863.198,12078.070,0.000,0.000,0.000,0.000,0.000,0.000,0.000,0.000,0.000,1910.398,1865.278,12080.150
case475_dc_C0_DEFAULT_N4096_q8_rep5,DC_PUSHSIG_ONLY,DUSHMEM,C0_DEFAULT,2048,4096,2048,8,5,80,0,PASS,269.680,261.120,396.640,1960.399,1936.799,12022.870,1966.479,1943.517,12029.750,0.000,0.000,0.000,0.000,0.000,0.000,0.000,0.000,0.000,1974.159,1949.757,12031.830
case476_d0_C0_DEFAULT_N4096_q8_rep1,D0_FCOLLECT_SERIAL,DUSHMEM,C0_DEFAULT,2048,4096,2048,8,1,80,0,PASS,3343.922,3299.521,3392.322,3343.922,3299.521,3392.322,3350.562,3305.281,3398.882,3362.242,3317.601,3410.402,7189.443,7110.084,7254.395,3830.719,3762.236,3871.037,7195.043,7115.844,7259.995
case477_d0_C0_DEFAULT_N4096_q8_rep2,D0_FCOLLECT_SERIAL,DUSHMEM,C0_DEFAULT,2048,4096,2048,8,2,80,0,PASS,3341.999,3300.797,3388.962,3341.999,3300.797,3388.962,3348.480,3307.361,3395.677,3360.878,3320.321,3407.357,7165.838,7082.715,7227.524,3810.157,3744.157,3844.962,7171.359,7088.315,7233.124
case478_d0_C0_DEFAULT_N4096_q8_rep3,D0_FCOLLECT_SERIAL,DUSHMEM,C0_DEFAULT,2048,4096,2048,8,3,80,0,PASS,3346.401,3302.881,3387.522,3346.401,3302.881,3387.522,3352.161,3309.601,3393.922,3364.481,3321.121,3406.082,7183.597,7118.563,7238.712,3822.959,3767.042,3861.922,7189.118,7124.163,7244.312
case479_d0_C0_DEFAULT_N4096_q8_rep4,D0_FCOLLECT_SERIAL,DUSHMEM,C0_DEFAULT,2048,4096,2048,8,4,80,0,PASS,3350.162,3301.921,3391.362,3350.162,3301.921,3391.362,3355.922,3308.001,3397.122,3368.162,3320.321,3409.602,7186.483,7105.923,7261.123,3822.959,3759.357,3877.437,7192.083,7111.523,7266.723
case480_d0_C0_DEFAULT_N4096_q8_rep5,D0_FCOLLECT_SERIAL,DUSHMEM,C0_DEFAULT,2048,4096,2048,8,5,80,0,PASS,3347.121,3294.717,3397.281,3347.121,3294.717,3397.281,3353.361,3300.957,3403.681,3365.361,3312.482,3415.201,7188.163,7108.314,7243.835,3818.642,3765.602,3865.921,7193.603,7113.754,7249.595
case481_ds_C0_DEFAULT_N4096_q8_rep1,DS_PUSHSIG_SERIAL,DUSHMEM,C0_DEFAULT,2048,4096,2048,8,1,80,0,PASS,285.200,281.600,346.240,7457.675,7399.034,7578.084,8244.394,8179.834,8443.513,291.120,287.520,353.120,8171.834,8105.914,8271.525,7879.515,7811.034,7994.085,8252.234,8185.753,8445.913
case482_ds_C0_DEFAULT_N4096_q8_rep2,DS_PUSHSIG_SERIAL,DUSHMEM,C0_DEFAULT,2048,4096,2048,8,2,80,0,PASS,285.440,280.000,395.999,7367.754,7316.635,9947.992,8147.352,8079.673,10725.911,291.200,285.600,402.399,8078.084,8011.033,10660.472,7789.519,7719.354,10388.471,8149.352,8081.753,10728.151
case483_ds_C0_DEFAULT_N4096_q8_rep3,DS_PUSHSIG_SERIAL,DUSHMEM,C0_DEFAULT,2048,4096,2048,8,3,80,0,PASS,281.600,271.200,387.039,7475.434,7395.994,7704.154,8258.954,8171.356,8488.953,287.519,277.119,393.439,8184.954,8099.354,8409.274,7893.673,7816.325,8122.234,8265.994,8179.516,8499.994
case484_ds_C0_DEFAULT_N4096_q8_rep4,DS_PUSHSIG_SERIAL,DUSHMEM,C0_DEFAULT,2048,4096,2048,8,4,80,0,PASS,286.560,280.960,344.960,7363.193,7319.994,7695.514,8137.914,8088.954,8483.354,292.240,286.560,350.720,8070.553,8017.594,8393.753,7781.114,7727.034,8107.193,8141.672,8091.034,8486.233
case485_ds_C0_DEFAULT_N4096_q8_rep5,DS_PUSHSIG_SERIAL,DUSHMEM,C0_DEFAULT,2048,4096,2048,8,5,80,0,PASS,288.399,281.760,393.439,7509.674,7419.834,7646.714,8290.714,8200.793,8436.312,294.318,287.520,399.839,8220.714,8130.873,8351.673,7927.834,7838.553,8035.834,8298.234,8209.113,8446.072
case486_d1_C0_DEFAULT_N4096_q8_rep1,D1_PUSHSIG_OVERLAP,DUSHMEM,C0_DEFAULT,2048,4096,2048,8,1,80,0,PASS,280.720,275.040,382.240,7440.075,7389.915,7588.634,8228.553,8172.794,8372.634,286.720,281.280,388.640,8152.314,8100.633,8296.154,7871.515,7814.234,8009.275,8233.754,8178.714,8380.794
case487_d1_C0_DEFAULT_N4096_q8_rep2,D1_PUSHSIG_OVERLAP,DUSHMEM,C0_DEFAULT,2048,4096,2048,8,2,80,0,PASS,281.760,276.638,347.040,7427.754,7387.834,7574.554,8210.074,8168.313,8365.753,287.680,282.398,352.800,8136.074,8091.034,8293.112,7846.958,7800.794,8003.354,8216.793,8171.674,8372.153
case488_d1_C0_DEFAULT_N4096_q8_rep3,D1_PUSHSIG_OVERLAP,DUSHMEM,C0_DEFAULT,2048,4096,2048,8,3,80,0,PASS,277.760,273.919,360.160,7414.875,7361.755,7531.833,8198.795,8141.114,8311.992,283.840,279.679,365.920,8122.554,8068.474,8236.312,7840.635,7781.594,7939.044,8206.154,8149.114,8318.393
case489_d1_C0_DEFAULT_N4096_q8_rep4,D1_PUSHSIG_OVERLAP,DUSHMEM,C0_DEFAULT,2048,4096,2048,8,4,80,0,PASS,281.360,270.560,356.800,7450.235,7387.525,7633.275,8235.433,8168.155,8404.474,287.840,276.320,362.560,8156.159,8095.355,8329.434,7871.434,7821.595,8001.913,8241.593,8171.355,8407.354
case490_d1_C0_DEFAULT_N4096_q8_rep5,D1_PUSHSIG_OVERLAP,DUSHMEM,C0_DEFAULT,2048,4096,2048,8,5,80,0,PASS,286.000,281.600,385.921,7414.079,7343.675,8385.753,8198.645,8127.205,9161.286,291.600,287.360,392.321,8122.804,8058.885,9092.166,7833.284,7760.324,8585.593,8204.324,8132.485,9169.926
case491_d1w_C0_DEFAULT_N4096_q8_rep1,D1W_WAITSTREAM_OVERLAP,DUSHMEM,C0_DEFAULT,2048,4096,2048,8,1,80,0,PASS,282.639,279.200,375.841,7475.195,7409.114,7605.274,8267.835,8197.593,8396.153,312.320,309.120,405.121,8195.994,8127.673,8321.124,7888.154,7816.793,8023.684,8270.794,8200.473,8401.272
case492_d1w_C0_DEFAULT_N4096_q8_rep2,D1W_WAITSTREAM_OVERLAP,DUSHMEM,C0_DEFAULT,2048,4096,2048,8,2,80,0,PASS,276.880,272.320,382.560,7547.285,7410.235,7728.963,8340.953,8193.924,8513.435,306.960,301.920,417.920,8268.719,8129.444,8444.643,7970.326,7817.124,8146.083,8348.800,8196.004,8521.594
case493_d1w_C0_DEFAULT_N4096_q8_rep3,D1W_WAITSTREAM_OVERLAP,DUSHMEM,C0_DEFAULT,2048,4096,2048,8,3,80,0,PASS,288.400,283.680,392.800,7513.039,7447.994,9094.553,8316.004,8224.793,9893.926,318.320,313.280,425.760,8237.285,8154.073,9824.325,7910.079,7847.204,9512.165,8323.678,8230.885,9903.526
case494_d1w_C0_DEFAULT_N4096_q8_rep4,D1W_WAITSTREAM_OVERLAP,DUSHMEM,C0_DEFAULT,2048,4096,2048,8,4,80,0,PASS,278.639,272.479,405.760,7563.284,7506.244,7967.844,8355.998,8297.273,8780.485,308.159,301.600,456.481,8280.965,8221.274,8706.726,7976.554,7922.565,8389.444,8360.714,8303.846,8788.164
case495_d1w_C0_DEFAULT_N4096_q8_rep5,D1W_WAITSTREAM_OVERLAP,DUSHMEM,C0_DEFAULT,2048,4096,2048,8,5,80,0,PASS,288.800,284.320,398.560,7612.004,7544.964,7943.673,8403.445,8338.074,8744.474,318.480,313.920,431.360,8334.399,8265.766,8666.233,8017.919,7944.793,8333.272,8410.484,8346.074,8751.833
case496_comm_C2_RING_SIMPLE_CH8_N512_q2_rep1,COMM_ONLY,RCCL,C2_RING_SIMPLE_CH8,2048,512,2048,2,1,80,0,PASS,324.800,322.400,341.280,639.039,635.841,668.800,644.960,641.601,675.680,0.000,0.000,0.000,0.000,0.000,0.000,0.000,0.000,0.000,650.561,647.201,682.400
case497_comm_C2_RING_SIMPLE_CH8_N512_q2_rep2,COMM_ONLY,RCCL,C2_RING_SIMPLE_CH8,2048,512,2048,2,2,80,0,PASS,324.960,322.720,328.800,639.440,635.839,646.080,645.280,641.600,652.480,0.000,0.000,0.000,0.000,0.000,0.000,0.000,0.000,0.000,650.880,647.200,658.720
case498_comm_C2_RING_SIMPLE_CH8_N512_q2_rep3,COMM_ONLY,RCCL,C2_RING_SIMPLE_CH8,2048,512,2048,2,3,80,0,PASS,326.400,324.640,330.720,641.521,638.560,647.840,647.841,644.640,654.240,0.000,0.000,0.000,0.000,0.000,0.000,0.000,0.000,0.000,654.000,650.400,660.640
case499_comm_C2_RING_SIMPLE_CH8_N512_q2_rep4,COMM_ONLY,RCCL,C2_RING_SIMPLE_CH8,2048,512,2048,2,4,80,0,PASS,326.320,323.520,331.041,640.320,637.280,648.000,646.321,643.040,654.400,0.000,0.000,0.000,0.000,0.000,0.000,0.000,0.000,0.000,652.080,648.640,660.800
case500_comm_C2_RING_SIMPLE_CH8_N512_q2_rep5,COMM_ONLY,RCCL,C2_RING_SIMPLE_CH8,2048,512,2048,2,5,80,0,PASS,326.880,323.841,340.000,642.000,638.080,655.839,648.400,644.640,662.239,0.000,0.000,0.000,0.000,0.000,0.000,0.000,0.000,0.000,654.800,650.880,668.639
case501_r1_C2_RING_SIMPLE_CH8_N512_q2_rep1,R1_EVENT_OVERLAP,RCCL,C2_RING_SIMPLE_CH8,2048,512,2048,2,1,80,0,PASS,326.320,324.480,334.560,885.279,877.120,900.641,891.519,883.041,906.721,339.040,336.800,348.960,1265.280,1257.599,1282.399,928.480,919.359,939.840,1270.959,1263.359,1287.999
case502_r1_C2_RING_SIMPLE_CH8_N512_q2_rep2,R1_EVENT_OVERLAP,RCCL,C2_RING_SIMPLE_CH8,2048,512,2048,2,2,80,0,PASS,327.520,325.280,338.880,881.680,873.120,899.679,887.680,879.200,905.599,340.160,337.440,351.680,1261.760,1252.160,1282.399,923.680,914.880,940.001,1267.280,1257.760,1287.999
case503_r1_C2_RING_SIMPLE_CH8_N512_q2_rep3,R1_EVENT_OVERLAP,RCCL,C2_RING_SIMPLE_CH8,2048,512,2048,2,3,80,0,PASS,326.240,324.640,329.120,882.080,876.480,899.200,888.160,882.720,905.280,338.720,337.119,341.600,1264.641,1255.361,1280.159,928.400,918.561,943.360,1270.320,1260.961,1285.919
case504_r1_C2_RING_SIMPLE_CH8_N512_q2_rep4,R1_EVENT_OVERLAP,RCCL,C2_RING_SIMPLE_CH8,2048,512,2048,2,4,80,0,PASS,326.480,324.640,330.400,882.241,872.640,898.559,888.401,879.200,905.119,338.800,336.961,342.880,1263.199,1253.279,1281.599,925.520,915.520,939.519,1268.800,1258.879,1287.199
case505_r1_C2_RING_SIMPLE_CH8_N512_q2_rep5,R1_EVENT_OVERLAP,RCCL,C2_RING_SIMPLE_CH8,2048,512,2048,2,5,80,0,PASS,326.320,324.480,330.720,883.439,874.561,900.161,889.519,880.641,906.241,338.800,336.800,343.520,1263.919,1255.840,1279.041,926.639,918.401,941.919,1269.599,1261.440,1284.641
case506_comm_C2_RING_SIMPLE_CH8_N512_q4_rep1,COMM_ONLY,RCCL,C2_RING_SIMPLE_CH8,2048,512,2048,4,1,80,0,PASS,189.680,187.840,194.880,728.959,725.919,737.599,734.800,731.519,744.159,0.000,0.000,0.000,0.000,0.000,0.000,0.000,0.000,0.000,740.400,737.279,750.559
case507_comm_C2_RING_SIMPLE_CH8_N512_q4_rep2,COMM_ONLY,RCCL,C2_RING_SIMPLE_CH8,2048,512,2048,4,2,80,0,PASS,193.280,188.640,215.840,738.320,728.960,757.119,744.800,734.720,763.999,0.000,0.000,0.000,0.000,0.000,0.000,0.000,0.000,0.000,751.040,740.321,770.399
case508_comm_C2_RING_SIMPLE_CH8_N512_q4_rep3,COMM_ONLY,RCCL,C2_RING_SIMPLE_CH8,2048,512,2048,4,3,80,0,PASS,188.640,187.040,191.680,727.200,723.041,734.881,733.040,728.801,740.641,0.000,0.000,0.000,0.000,0.000,0.000,0.000,0.000,0.000,738.640,734.401,746.720
case509_comm_C2_RING_SIMPLE_CH8_N512_q4_rep4,COMM_ONLY,RCCL,C2_RING_SIMPLE_CH8,2048,512,2048,4,4,80,0,PASS,190.640,188.479,195.040,730.720,726.081,740.640,736.801,732.001,747.520,0.000,0.000,0.000,0.000,0.000,0.000,0.000,0.000,0.000,742.480,737.761,753.760
case510_comm_C2_RING_SIMPLE_CH8_N512_q4_rep5,COMM_ONLY,RCCL,C2_RING_SIMPLE_CH8,2048,512,2048,4,5,80,0,PASS,189.600,187.680,192.800,730.001,727.361,734.080,735.761,733.281,740.320,0.000,0.000,0.000,0.000,0.000,0.000,0.000,0.000,0.000,741.441,738.881,745.920
case511_r1_C2_RING_SIMPLE_CH8_N512_q4_rep1,R1_EVENT_OVERLAP,RCCL,C2_RING_SIMPLE_CH8,2048,512,2048,4,1,80,0,PASS,190.800,189.440,9724.471,929.920,922.561,10450.071,935.841,928.801,10456.151,203.360,202.080,9736.311,1076.960,1069.441,10598.551,874.240,866.239,882.241,1082.640,1075.041,10604.311
case512_r1_C2_RING_SIMPLE_CH8_N512_q4_rep2,R1_EVENT_OVERLAP,RCCL,C2_RING_SIMPLE_CH8,2048,512,2048,4,2,80,0,PASS,193.760,191.519,9517.433,934.080,925.119,10376.789,940.080,931.359,10382.869,206.400,204.480,9529.912,1081.200,1073.599,10522.869,875.120,867.519,885.920,1086.801,1079.679,10528.629
case513_r1_C2_RING_SIMPLE_CH8_N512_q4_rep3,R1_EVENT_OVERLAP,RCCL,C2_RING_SIMPLE_CH8,2048,512,2048,4,3,80,0,PASS,193.280,191.361,9515.031,935.041,926.560,10605.592,941.600,932.800,10611.673,205.600,203.680,9527.511,1082.240,1072.960,10754.552,877.520,868.319,891.999,1087.840,1078.880,10760.312
case514_r1_C2_RING_SIMPLE_CH8_N512_q4_rep4,R1_EVENT_OVERLAP,RCCL,C2_RING_SIMPLE_CH8,2048,512,2048,4,4,80,0,PASS,191.600,189.440,8388.005,931.601,923.040,9114.084,937.920,928.960,9120.004,204.480,202.240,8400.965,1078.720,1069.441,9260.644,873.919,867.360,890.239,1084.320,1075.041,9266.244
case515_r1_C2_RING_SIMPLE_CH8_N512_q4_rep5,R1_EVENT_OVERLAP,RCCL,C2_RING_SIMPLE_CH8,2048,512,2048,4,5,80,0,PASS,193.440,191.360,8775.512,929.361,922.721,9503.031,935.761,929.121,9509.432,205.920,204.000,8787.832,1076.160,1069.921,9651.511,872.000,864.960,883.999,1082.081,1076.001,9657.111
case516_comm_C2_RING_SIMPLE_CH8_N512_q8_rep1,COMM_ONLY,RCCL,C2_RING_SIMPLE_CH8,2048,512,2048,8,1,80,0,PASS,120.320,119.200,126.400,905.601,902.880,912.641,911.361,908.640,918.401,0.000,0.000,0.000,0.000,0.000,0.000,0.000,0.000,0.000,917.041,914.240,924.001
case517_comm_C2_RING_SIMPLE_CH8_N512_q8_rep2,COMM_ONLY,RCCL,C2_RING_SIMPLE_CH8,2048,512,2048,8,2,80,0,PASS,120.000,119.040,121.920,904.880,901.920,914.401,910.640,907.680,920.161,0.000,0.000,0.000,0.000,0.000,0.000,0.000,0.000,0.000,916.240,913.280,925.761
case518_comm_C2_RING_SIMPLE_CH8_N512_q8_rep3,COMM_ONLY,RCCL,C2_RING_SIMPLE_CH8,2048,512,2048,8,3,80,0,PASS,122.080,120.480,128.800,909.520,905.919,920.159,915.439,911.679,925.919,0.000,0.000,0.000,0.000,0.000,0.000,0.000,0.000,0.000,921.120,917.279,931.519
case519_comm_C2_RING_SIMPLE_CH8_N512_q8_rep4,COMM_ONLY,RCCL,C2_RING_SIMPLE_CH8,2048,512,2048,8,4,80,0,PASS,123.520,122.081,128.800,910.321,907.361,917.760,916.401,913.439,923.520,0.000,0.000,0.000,0.000,0.000,0.000,0.000,0.000,0.000,922.160,919.039,929.120
case520_comm_C2_RING_SIMPLE_CH8_N512_q8_rep5,COMM_ONLY,RCCL,C2_RING_SIMPLE_CH8,2048,512,2048,8,5,80,0,PASS,123.280,121.760,128.960,909.439,906.079,929.761,915.280,911.999,936.641,0.000,0.000,0.000,0.000,0.000,0.000,0.000,0.000,0.000,920.959,917.600,942.881
case521_r1_C2_RING_SIMPLE_CH8_N512_q8_rep1,R1_EVENT_OVERLAP,RCCL,C2_RING_SIMPLE_CH8,2048,512,2048,8,1,80,0,PASS,123.520,122.081,7185.764,1155.041,1148.480,9109.591,1161.279,1154.399,9115.511,136.240,134.880,7198.564,1314.079,1304.958,9261.271,1178.720,1170.720,1187.199,1319.758,1310.561,9266.871
case522_r1_C2_RING_SIMPLE_CH8_N512_q8_rep2,R1_EVENT_OVERLAP,RCCL,C2_RING_SIMPLE_CH8,2048,512,2048,8,2,80,0,PASS,125.040,123.200,9490.392,1177.840,1170.401,10621.285,1184.720,1176.641,10628.484,137.520,135.840,9503.031,1332.639,1324.159,10774.085,1195.360,1188.639,1207.040,1338.319,1329.919,10779.685
case523_r1_C2_RING_SIMPLE_CH8_N512_q8_rep3,R1_EVENT_OVERLAP,RCCL,C2_RING_SIMPLE_CH8,2048,512,2048,8,3,80,0,PASS,128.080,125.920,9056.485,1166.719,1156.479,10501.927,1173.360,1162.558,10508.166,140.800,138.720,9068.005,1325.519,1313.759,10659.206,1187.519,1175.199,1346.560,1331.120,1319.359,10665.286
case524_r1_C2_RING_SIMPLE_CH8_N512_q8_rep4,R1_EVENT_OVERLAP,RCCL,C2_RING_SIMPLE_CH8,2048,512,2048,8,4,80,0,PASS,123.200,121.920,9514.230,1154.639,1147.041,10542.229,1160.800,1153.121,10547.990,135.839,134.560,9526.712,1312.000,1305.279,10699.192,1177.039,1169.920,1189.121,1317.680,1311.039,10704.792
case525_r1_C2_RING_SIMPLE_CH8_N512_q8_rep5,R1_EVENT_OVERLAP,RCCL,C2_RING_SIMPLE_CH8,2048,512,2048,8,5,80,0,PASS,123.760,122.720,6473.123,1166.879,1156.960,7511.844,1173.198,1163.040,7518.404,136.480,135.360,6486.083,1326.079,1314.879,7663.524,1189.279,1179.360,1201.760,1331.679,1320.639,7669.124
case526_comm_C2_RING_SIMPLE_CH8_N2048_q2_rep1,COMM_ONLY,RCCL,C2_RING_SIMPLE_CH8,2048,2048,2048,2,1,80,0,PASS,358.720,356.320,361.760,675.120,671.681,679.521,681.600,677.919,685.921,0.000,0.000,0.000,0.000,0.000,0.000,0.000,0.000,0.000,687.680,683.679,692.161
case527_comm_C2_RING_SIMPLE_CH8_N2048_q2_rep2,COMM_ONLY,RCCL,C2_RING_SIMPLE_CH8,2048,2048,2048,2,2,80,0,PASS,357.601,354.720,362.081,672.560,668.161,678.721,678.800,673.921,685.121,0.000,0.000,0.000,0.000,0.000,0.000,0.000,0.000,0.000,685.120,679.521,691.521
case528_comm_C2_RING_SIMPLE_CH8_N2048_q2_rep3,COMM_ONLY,RCCL,C2_RING_SIMPLE_CH8,2048,2048,2048,2,3,80,0,PASS,356.880,353.920,369.440,671.040,667.200,693.921,676.801,672.960,699.681,0.000,0.000,0.000,0.000,0.000,0.000,0.000,0.000,0.000,682.721,678.560,705.441
case529_comm_C2_RING_SIMPLE_CH8_N2048_q2_rep4,COMM_ONLY,RCCL,C2_RING_SIMPLE_CH8,2048,2048,2048,2,4,80,0,PASS,359.120,356.640,362.400,675.040,672.320,679.041,681.521,678.879,685.441,0.000,0.000,0.000,0.000,0.000,0.000,0.000,0.000,0.000,687.840,685.279,691.681
case530_comm_C2_RING_SIMPLE_CH8_N2048_q2_rep5,COMM_ONLY,RCCL,C2_RING_SIMPLE_CH8,2048,2048,2048,2,5,80,0,PASS,358.161,356.480,361.280,674.401,671.360,678.720,680.801,677.601,684.641,0.000,0.000,0.000,0.000,0.000,0.000,0.000,0.000,0.000,687.120,683.841,691.041
case531_r1_C2_RING_SIMPLE_CH8_N2048_q2_rep1,R1_EVENT_OVERLAP,RCCL,C2_RING_SIMPLE_CH8,2048,2048,2048,2,1,80,0,PASS,357.280,355.519,362.081,1052.001,1038.879,1072.801,1058.640,1045.919,1079.521,369.761,368.000,375.040,2241.440,2227.521,2279.998,1872.479,1858.081,1908.802,2247.518,2233.121,2285.598
case532_r1_C2_RING_SIMPLE_CH8_N2048_q2_rep2,R1_EVENT_OVERLAP,RCCL,C2_RING_SIMPLE_CH8,2048,2048,2048,2,2,80,0,PASS,357.681,355.680,362.720,1052.399,1037.439,1069.920,1059.360,1044.159,1076.960,370.240,368.000,375.360,2241.441,2225.761,2262.241,1873.280,1857.121,1892.481,2247.041,2231.361,2267.841
case533_r1_C2_RING_SIMPLE_CH8_N2048_q2_rep3,R1_EVENT_OVERLAP,RCCL,C2_RING_SIMPLE_CH8,2048,2048,2048,2,3,80,0,PASS,358.720,356.640,362.561,1053.360,1040.319,1069.280,1060.400,1047.359,1076.480,371.520,368.960,376.160,2244.001,2227.681,2268.481,1874.320,1855.841,1897.919,2249.600,2233.281,2274.241
case534_r1_C2_RING_SIMPLE_CH8_N2048_q2_rep4,R1_EVENT_OVERLAP,RCCL,C2_RING_SIMPLE_CH8,2048,2048,2048,2,4,80,0,PASS,358.720,356.320,363.041,1049.841,1038.561,1068.800,1056.640,1045.121,1075.360,370.880,368.160,376.320,2239.920,2230.718,2260.001,1872.000,1862.078,1891.679,2245.761,2236.318,2266.241
case535_r1_C2_RING_SIMPLE_CH8_N2048_q2_rep5,R1_EVENT_OVERLAP,RCCL,C2_RING_SIMPLE_CH8,2048,2048,2048,2,5,80,0,PASS,358.240,356.000,362.080,1048.081,1035.839,1066.561,1055.360,1042.721,1073.441,371.040,368.640,376.480,2239.761,2223.998,2256.797,1869.441,1855.521,1885.438,2245.282,2229.598,2262.398
case536_comm_C2_RING_SIMPLE_CH8_N2048_q4_rep1,COMM_ONLY,RCCL,C2_RING_SIMPLE_CH8,2048,2048,2048,4,1,80,0,PASS,214.240,211.200,219.200,757.119,752.480,780.479,763.120,758.240,786.559,0.000,0.000,0.000,0.000,0.000,0.000,0.000,0.000,0.000,768.719,763.840,792.479
case537_comm_C2_RING_SIMPLE_CH8_N2048_q4_rep2,COMM_ONLY,RCCL,C2_RING_SIMPLE_CH8,2048,2048,2048,4,2,80,0,PASS,214.000,211.520,220.000,755.440,750.880,769.121,761.440,756.960,776.001,0.000,0.000,0.000,0.000,0.000,0.000,0.000,0.000,0.000,767.040,762.401,782.241
case538_comm_C2_RING_SIMPLE_CH8_N2048_q4_rep3,COMM_ONLY,RCCL,C2_RING_SIMPLE_CH8,2048,2048,2048,4,3,80,0,PASS,214.080,211.359,220.800,757.601,750.721,791.839,764.000,756.641,798.719,0.000,0.000,0.000,0.000,0.000,0.000,0.000,0.000,0.000,770.241,762.241,805.439
case539_comm_C2_RING_SIMPLE_CH8_N2048_q4_rep4,COMM_ONLY,RCCL,C2_RING_SIMPLE_CH8,2048,2048,2048,4,4,80,0,PASS,213.040,211.680,223.679,756.000,752.321,768.641,761.760,758.081,774.401,0.000,0.000,0.000,0.000,0.000,0.000,0.000,0.000,0.000,767.361,763.681,780.320
case540_comm_C2_RING_SIMPLE_CH8_N2048_q4_rep5,COMM_ONLY,RCCL,C2_RING_SIMPLE_CH8,2048,2048,2048,4,5,80,0,PASS,213.920,211.680,222.080,755.600,750.240,767.521,761.360,756.000,774.081,0.000,0.000,0.000,0.000,0.000,0.000,0.000,0.000,0.000,766.960,761.600,780.321
case541_r1_C2_RING_SIMPLE_CH8_N2048_q4_rep1,R1_EVENT_OVERLAP,RCCL,C2_RING_SIMPLE_CH8,2048,2048,2048,4,1,80,0,PASS,214.320,212.319,216.480,1348.240,1269.760,1379.840,1355.280,1276.960,1386.880,227.040,224.960,231.040,3266.640,3242.243,3299.997,3041.440,3016.802,3070.881,3272.239,3247.843,3305.597
case542_r1_C2_RING_SIMPLE_CH8_N2048_q4_rep2,R1_EVENT_OVERLAP,RCCL,C2_RING_SIMPLE_CH8,2048,2048,2048,4,2,80,0,PASS,214.560,212.640,217.760,1347.280,1270.719,1386.559,1354.240,1277.599,1393.599,227.280,225.440,232.160,3270.077,3235.838,3300.477,3044.877,3011.361,3074.877,3275.680,3241.438,3306.077
case543_r1_C2_RING_SIMPLE_CH8_N2048_q4_rep3,R1_EVENT_OVERLAP,RCCL,C2_RING_SIMPLE_CH8,2048,2048,2048,4,3,80,0,PASS,214.400,212.640,217.440,1349.280,1268.479,1394.561,1356.240,1275.359,1401.601,226.959,225.120,231.520,3277.439,3243.362,3309.442,3050.560,3019.522,3080.482,3282.879,3248.962,3315.042
case544_r1_C2_RING_SIMPLE_CH8_N2048_q4_rep4,R1_EVENT_OVERLAP,RCCL,C2_RING_SIMPLE_CH8,2048,2048,2048,4,4,80,0,PASS,214.400,212.640,218.720,1341.920,1278.879,1402.720,1348.720,1285.599,1410.080,227.440,225.280,232.320,3269.122,3245.122,3316.002,3042.719,3018.882,3086.078,3274.722,3250.722,3321.602
case545_r1_C2_RING_SIMPLE_CH8_N2048_q4_rep5,R1_EVENT_OVERLAP,RCCL,C2_RING_SIMPLE_CH8,2048,2048,2048,4,5,80,0,PASS,215.041,213.440,218.080,1343.279,1282.081,1396.160,1350.159,1289.440,1403.360,227.040,225.280,232.961,3275.119,3239.518,3305.277,3049.600,3014.241,3079.201,3280.799,3245.278,3310.877
case546_comm_C2_RING_SIMPLE_CH8_N2048_q8_rep1,COMM_ONLY,RCCL,C2_RING_SIMPLE_CH8,2048,2048,2048,8,1,80,0,PASS,142.400,140.960,146.400,931.119,928.319,949.600,936.960,934.079,956.000,0.000,0.000,0.000,0.000,0.000,0.000,0.000,0.000,0.000,942.639,939.679,962.400
case547_comm_C2_RING_SIMPLE_CH8_N2048_q8_rep2,COMM_ONLY,RCCL,C2_RING_SIMPLE_CH8,2048,2048,2048,8,2,80,0,PASS,142.880,141.440,148.320,932.239,928.961,989.760,938.240,935.359,997.120,0.000,0.000,0.000,0.000,0.000,0.000,0.000,0.000,0.000,943.920,940.959,1005.440
case548_comm_C2_RING_SIMPLE_CH8_N2048_q8_rep3,COMM_ONLY,RCCL,C2_RING_SIMPLE_CH8,2048,2048,2048,8,3,80,0,PASS,141.440,140.000,152.160,931.361,928.160,944.480,936.961,933.920,950.240,0.000,0.000,0.000,0.000,0.000,0.000,0.000,0.000,0.000,942.561,939.520,955.841
case549_comm_C2_RING_SIMPLE_CH8_N2048_q8_rep4,COMM_ONLY,RCCL,C2_RING_SIMPLE_CH8,2048,2048,2048,8,4,80,0,PASS,141.840,140.640,145.760,931.359,927.839,950.399,937.199,933.599,956.639,0.000,0.000,0.000,0.000,0.000,0.000,0.000,0.000,0.000,942.719,939.200,962.879
case550_comm_C2_RING_SIMPLE_CH8_N2048_q8_rep5,COMM_ONLY,RCCL,C2_RING_SIMPLE_CH8,2048,2048,2048,8,5,80,0,PASS,141.520,140.320,144.800,929.200,926.241,941.280,934.961,932.001,947.040,0.000,0.000,0.000,0.000,0.000,0.000,0.000,0.000,0.000,940.481,937.441,952.640
case551_r1_C2_RING_SIMPLE_CH8_N2048_q8_rep1,R1_EVENT_OVERLAP,RCCL,C2_RING_SIMPLE_CH8,2048,2048,2048,8,1,80,0,PASS,145.120,143.840,147.360,1725.761,1690.399,1766.721,1732.801,1697.439,1774.401,158.240,156.640,162.239,3435.682,3408.958,3463.838,3279.199,3251.196,3306.562,3441.282,3414.558,3469.598
case552_r1_C2_RING_SIMPLE_CH8_N2048_q8_rep2,R1_EVENT_OVERLAP,RCCL,C2_RING_SIMPLE_CH8,2048,2048,2048,8,2,80,0,PASS,145.440,143.680,148.960,1726.960,1686.719,1760.481,1734.241,1694.399,1768.321,158.160,156.640,162.880,3439.042,3414.561,3460.962,3282.002,3257.601,3301.922,3444.642,3420.161,3466.562
case553_r1_C2_RING_SIMPLE_CH8_N2048_q8_rep3,R1_EVENT_OVERLAP,RCCL,C2_RING_SIMPLE_CH8,2048,2048,2048,8,3,80,0,PASS,146.400,144.478,148.960,1735.361,1693.441,1763.201,1742.561,1700.801,1770.241,159.200,157.118,162.400,3439.037,3413.282,3457.762,3280.719,3255.041,3300.958,3444.720,3418.882,3463.362
case554_r1_C2_RING_SIMPLE_CH8_N2048_q8_rep4,R1_EVENT_OVERLAP,RCCL,C2_RING_SIMPLE_CH8,2048,2048,2048,8,4,80,0,PASS,145.120,144.000,150.080,1724.959,1686.401,1760.801,1732.159,1693.761,1768.481,158.080,156.320,164.000,3445.760,3420.801,3480.957,3287.919,3265.918,3323.358,3451.440,3426.401,3486.557
case555_r1_C2_RING_SIMPLE_CH8_N2048_q8_rep5,R1_EVENT_OVERLAP,RCCL,C2_RING_SIMPLE_CH8,2048,2048,2048,8,5,80,0,PASS,144.960,143.520,149.278,1722.559,1675.839,1775.361,1729.758,1683.039,1782.401,157.919,156.640,162.240,3442.157,3414.241,3475.357,3284.077,3258.081,3312.802,3447.757,3419.837,3480.957
case556_comm_C2_RING_SIMPLE_CH8_N4096_q2_rep1,COMM_ONLY,RCCL,C2_RING_SIMPLE_CH8,2048,4096,2048,2,1,80,0,PASS,394.080,389.600,398.081,708.000,704.001,714.400,713.680,709.761,720.160,0.000,0.000,0.000,0.000,0.000,0.000,0.000,0.000,0.000,719.360,715.360,725.760
case557_comm_C2_RING_SIMPLE_CH8_N4096_q2_rep2,COMM_ONLY,RCCL,C2_RING_SIMPLE_CH8,2048,4096,2048,2,2,80,0,PASS,396.160,391.840,400.320,711.920,706.080,716.161,718.399,712.480,722.561,0.000,0.000,0.000,0.000,0.000,0.000,0.000,0.000,0.000,724.639,718.081,728.961
case558_comm_C2_RING_SIMPLE_CH8_N4096_q2_rep3,COMM_ONLY,RCCL,C2_RING_SIMPLE_CH8,2048,4096,2048,2,3,80,0,PASS,396.320,391.519,400.800,710.721,705.439,716.480,717.120,711.199,722.880,0.000,0.000,0.000,0.000,0.000,0.000,0.000,0.000,0.000,723.440,716.799,729.280
case559_comm_C2_RING_SIMPLE_CH8_N4096_q2_rep4,COMM_ONLY,RCCL,C2_RING_SIMPLE_CH8,2048,4096,2048,2,4,80,0,PASS,396.240,392.640,400.160,712.001,708.160,718.241,718.400,714.401,724.641,0.000,0.000,0.000,0.000,0.000,0.000,0.000,0.000,0.000,724.640,720.320,730.561
case560_comm_C2_RING_SIMPLE_CH8_N4096_q2_rep5,COMM_ONLY,RCCL,C2_RING_SIMPLE_CH8,2048,4096,2048,2,5,80,0,PASS,394.161,389.280,401.600,708.561,703.841,731.361,714.321,709.601,738.081,0.000,0.000,0.000,0.000,0.000,0.000,0.000,0.000,0.000,720.160,715.201,744.641
case561_r1_C2_RING_SIMPLE_CH8_N4096_q2_rep1,R1_EVENT_OVERLAP,RCCL,C2_RING_SIMPLE_CH8,2048,4096,2048,2,1,80,0,PASS,399.361,395.200,403.361,1102.481,1085.601,1122.561,1109.920,1093.281,1129.761,413.840,409.120,418.080,4292.324,4233.923,4352.797,3880.720,3827.203,3936.003,4298.564,4240.323,4359.197
case562_r1_C2_RING_SIMPLE_CH8_N4096_q2_rep2,R1_EVENT_OVERLAP,RCCL,C2_RING_SIMPLE_CH8,2048,4096,2048,2,2,80,0,PASS,397.600,393.280,405.280,1106.479,1089.759,1128.161,1113.280,1096.799,1135.521,411.280,406.880,419.840,4289.843,4222.242,4378.563,3880.400,3812.962,3956.957,4295.843,4227.842,4384.963
case563_r1_C2_RING_SIMPLE_CH8_N4096_q2_rep3,R1_EVENT_OVERLAP,RCCL,C2_RING_SIMPLE_CH8,2048,4096,2048,2,3,80,0,PASS,398.240,394.080,403.200,1105.919,1089.281,1120.641,1112.880,1096.161,1127.521,412.081,407.680,417.440,4295.120,4227.683,4354.242,3887.919,3827.197,3947.682,4301.360,4233.283,4360.482
case564_r1_C2_RING_SIMPLE_CH8_N4096_q2_rep4,R1_EVENT_OVERLAP,RCCL,C2_RING_SIMPLE_CH8,2048,4096,2048,2,4,80,0,PASS,399.040,394.560,406.080,1107.200,1085.281,1132.321,1114.240,1092.961,1140.161,413.120,407.840,420.480,4303.759,4224.323,4387.364,3893.360,3816.803,3972.803,4309.279,4230.723,4393.604
case565_r1_C2_RING_SIMPLE_CH8_N4096_q2_rep5,R1_EVENT_OVERLAP,RCCL,C2_RING_SIMPLE_CH8,2048,4096,2048,2,5,80,0,PASS,398.240,392.960,402.240,1101.680,1085.280,1122.561,1109.119,1092.959,1130.240,412.080,405.120,416.320,4314.399,4252.321,4373.282,3904.482,3850.881,3966.877,4320.399,4257.921,4379.522
case566_comm_C2_RING_SIMPLE_CH8_N4096_q4_rep1,COMM_ONLY,RCCL,C2_RING_SIMPLE_CH8,2048,4096,2048,4,1,80,0,PASS,247.919,244.960,252.800,789.441,783.681,796.320,795.521,789.600,802.560,0.000,0.000,0.000,0.000,0.000,0.000,0.000,0.000,0.000,801.440,795.200,808.800
case567_comm_C2_RING_SIMPLE_CH8_N4096_q4_rep2,COMM_ONLY,RCCL,C2_RING_SIMPLE_CH8,2048,4096,2048,4,2,80,0,PASS,248.239,244.480,308.960,790.160,782.720,856.160,796.561,788.480,861.920,0.000,0.000,0.000,0.000,0.000,0.000,0.000,0.000,0.000,802.561,794.240,867.520
case568_comm_C2_RING_SIMPLE_CH8_N4096_q4_rep3,COMM_ONLY,RCCL,C2_RING_SIMPLE_CH8,2048,4096,2048,4,3,80,0,PASS,248.640,243.520,253.600,792.561,784.641,800.480,799.119,790.880,806.880,0.000,0.000,0.000,0.000,0.000,0.000,0.000,0.000,0.000,805.361,796.480,813.280
case569_comm_C2_RING_SIMPLE_CH8_N4096_q4_rep4,COMM_ONLY,RCCL,C2_RING_SIMPLE_CH8,2048,4096,2048,4,4,80,0,PASS,248.880,245.760,253.600,790.080,784.481,802.560,796.160,790.561,809.280,0.000,0.000,0.000,0.000,0.000,0.000,0.000,0.000,0.000,801.760,796.161,815.680
case570_comm_C2_RING_SIMPLE_CH8_N4096_q4_rep5,COMM_ONLY,RCCL,C2_RING_SIMPLE_CH8,2048,4096,2048,4,5,80,0,PASS,250.480,247.200,253.280,790.080,784.001,797.121,796.160,790.241,803.681,0.000,0.000,0.000,0.000,0.000,0.000,0.000,0.000,0.000,801.840,796.000,809.600
case571_r1_C2_RING_SIMPLE_CH8_N4096_q4_rep1,R1_EVENT_OVERLAP,RCCL,C2_RING_SIMPLE_CH8,2048,4096,2048,4,1,80,0,PASS,251.440,247.840,255.680,1377.039,1365.439,1390.081,1392.479,1382.719,1406.399,264.719,260.800,270.720,4043.197,4018.077,4090.716,3780.236,3752.957,3821.917,4048.876,4023.837,4096.316
case572_r1_C2_RING_SIMPLE_CH8_N4096_q4_rep2,R1_EVENT_OVERLAP,RCCL,C2_RING_SIMPLE_CH8,2048,4096,2048,4,2,80,0,PASS,252.000,248.160,256.959,1381.119,1361.921,1396.479,1398.238,1376.479,1415.199,264.880,261.440,272.959,4036.155,4004.962,4070.875,3773.360,3743.996,3804.796,4041.755,4010.562,4077.275
case573_r1_C2_RING_SIMPLE_CH8_N4096_q4_rep3,R1_EVENT_OVERLAP,RCCL,C2_RING_SIMPLE_CH8,2048,4096,2048,4,3,80,0,PASS,253.280,249.760,256.960,1383.519,1368.161,1400.001,1400.001,1382.561,1417.599,268.000,263.040,273.120,4084.082,4043.681,4147.043,3818.322,3778.882,3877.442,4089.761,4049.281,4153.443
case574_r1_C2_RING_SIMPLE_CH8_N4096_q4_rep4,R1_EVENT_OVERLAP,RCCL,C2_RING_SIMPLE_CH8,2048,4096,2048,4,4,80,0,PASS,252.080,249.120,256.800,1376.160,1363.200,1392.801,1390.960,1378.240,1409.120,264.880,261.120,272.800,4059.843,4026.077,4116.962,3795.922,3763.037,3853.762,4065.683,4031.677,4122.562
case575_r1_C2_RING_SIMPLE_CH8_N4096_q4_rep5,R1_EVENT_OVERLAP,RCCL,C2_RING_SIMPLE_CH8,2048,4096,2048,4,5,80,0,PASS,252.240,249.600,255.040,1379.120,1367.679,1395.521,1395.040,1384.000,1411.359,266.159,262.400,270.400,4046.162,4015.682,4096.163,3781.762,3756.957,3831.202,4052.002,4021.436,4101.763
case576_comm_C2_RING_SIMPLE_CH8_N4096_q8_rep1,COMM_ONLY,RCCL,C2_RING_SIMPLE_CH8,2048,4096,2048,8,1,80,0,PASS,155.520,153.120,161.440,956.960,952.640,982.241,962.721,958.400,988.641,0.000,0.000,0.000,0.000,0.000,0.000,0.000,0.000,0.000,968.321,964.000,995.041
case577_comm_C2_RING_SIMPLE_CH8_N4096_q8_rep2,COMM_ONLY,RCCL,C2_RING_SIMPLE_CH8,2048,4096,2048,8,2,80,0,PASS,156.320,154.240,161.440,956.561,953.280,962.561,962.321,959.040,968.321,0.000,0.000,0.000,0.000,0.000,0.000,0.000,0.000,0.000,967.921,964.640,973.921
case578_comm_C2_RING_SIMPLE_CH8_N4096_q8_rep3,COMM_ONLY,RCCL,C2_RING_SIMPLE_CH8,2048,4096,2048,8,3,80,0,PASS,154.639,152.640,158.400,954.721,951.521,962.720,960.561,957.281,968.480,0.000,0.000,0.000,0.000,0.000,0.000,0.000,0.000,0.000,966.161,962.881,973.920
case579_comm_C2_RING_SIMPLE_CH8_N4096_q8_rep4,COMM_ONLY,RCCL,C2_RING_SIMPLE_CH8,2048,4096,2048,8,4,80,0,PASS,156.320,153.600,5132.314,955.841,951.680,5949.754,961.601,957.440,5956.163,0.000,0.000,0.000,0.000,0.000,0.000,0.000,0.000,0.000,967.201,962.880,5962.554
case580_comm_C2_RING_SIMPLE_CH8_N4096_q8_rep5,COMM_ONLY,RCCL,C2_RING_SIMPLE_CH8,2048,4096,2048,8,5,80,0,PASS,157.520,154.880,162.240,958.400,954.720,965.759,964.400,960.800,971.519,0.000,0.000,0.000,0.000,0.000,0.000,0.000,0.000,0.000,970.160,966.400,976.959
case581_r1_C2_RING_SIMPLE_CH8_N4096_q8_rep1,R1_EVENT_OVERLAP,RCCL,C2_RING_SIMPLE_CH8,2048,4096,2048,8,1,80,0,PASS,163.760,161.760,167.520,1904.401,1800.479,2159.199,1911.281,1816.962,2166.399,224.800,224.158,227.680,6044.399,6005.436,6094.883,5819.760,5781.764,5877.922,6049.999,6011.196,6100.483
case582_r1_C2_RING_SIMPLE_CH8_N4096_q8_rep2,R1_EVENT_OVERLAP,RCCL,C2_RING_SIMPLE_CH8,2048,4096,2048,8,2,80,0,PASS,159.840,156.960,166.239,1915.760,1809.438,1993.118,1922.400,1823.198,2000.798,226.080,224.800,228.481,6044.642,6000.636,6096.796,5820.559,5777.756,5873.276,6050.243,6006.396,6102.396
case583_r1_C2_RING_SIMPLE_CH8_N4096_q8_rep3,R1_EVENT_OVERLAP,RCCL,C2_RING_SIMPLE_CH8,2048,4096,2048,8,3,80,0,PASS,159.599,157.280,164.481,1898.321,1802.240,2172.478,1904.801,1811.841,2179.678,226.240,225.600,228.960,6045.603,6010.233,6090.083,5819.360,5785.602,5864.475,6051.123,6015.833,6095.683
case584_r1_C2_RING_SIMPLE_CH8_N4096_q8_rep4,R1_EVENT_OVERLAP,RCCL,C2_RING_SIMPLE_CH8,2048,4096,2048,8,4,80,0,PASS,160.480,158.560,163.200,1913.198,1799.201,2013.119,1919.678,1813.281,2020.322,226.080,225.120,228.481,6044.315,6013.924,6104.484,5818.716,5788.004,5878.884,6049.999,6019.684,6110.084
case585_r1_C2_RING_SIMPLE_CH8_N4096_q8_rep5,R1_EVENT_OVERLAP,RCCL,C2_RING_SIMPLE_CH8,2048,4096,2048,8,5,80,0,PASS,164.880,160.001,169.599,1914.238,1802.878,1980.321,1921.119,1816.958,1987.841,224.960,222.241,226.720,6033.999,5989.436,6074.563,5812.643,5766.235,5851.843,6039.599,5994.876,6080.003
case586_comm_C0_DEFAULT_N2048_q16_rep1,COMM_ONLY,RCCL,C0_DEFAULT,2048,2048,2048,16,1,80,0,PASS,89.520,87.680,94.719,1087.760,1082.719,1096.319,1093.519,1088.479,1102.079,0.000,0.000,0.000,0.000,0.000,0.000,0.000,0.000,0.000,1099.120,1094.079,1107.679
case587_comm_C0_DEFAULT_N2048_q16_rep2,COMM_ONLY,RCCL,C0_DEFAULT,2048,2048,2048,16,2,80,0,PASS,95.120,92.160,103.360,1094.081,1089.601,2439.201,1100.240,1095.681,2445.441,0.000,0.000,0.000,0.000,0.000,0.000,0.000,0.000,0.000,1106.000,1101.601,2450.881
case588_comm_C0_DEFAULT_N2048_q16_rep3,COMM_ONLY,RCCL,C0_DEFAULT,2048,2048,2048,16,3,80,0,PASS,95.919,93.280,945.758,1094.559,1088.159,2018.077,1100.399,1093.919,2024.317,0.000,0.000,0.000,0.000,0.000,0.000,0.000,0.000,0.000,1106.079,1099.519,2030.237
case589_comm_C0_DEFAULT_N2048_q16_rep4,COMM_ONLY,RCCL,C0_DEFAULT,2048,2048,2048,16,4,80,0,PASS,96.560,93.760,134.400,1095.440,1090.560,1130.880,1101.280,1096.320,1136.640,0.000,0.000,0.000,0.000,0.000,0.000,0.000,0.000,0.000,1106.880,1101.920,1142.240
case590_comm_C0_DEFAULT_N2048_q16_rep5,COMM_ONLY,RCCL,C0_DEFAULT,2048,2048,2048,16,5,80,0,PASS,90.240,88.640,95.519,1087.920,1083.840,1132.158,1093.680,1089.600,1138.238,0.000,0.000,0.000,0.000,0.000,0.000,0.000,0.000,0.000,1099.281,1095.200,1144.158
case591_gemm_C0_DEFAULT_N2048_q16_rep1,GEMM_ONLY,RCCL,C0_DEFAULT,2048,2048,2048,16,1,80,0,PASS,0.000,0.000,0.000,0.000,0.000,0.000,2386.238,2382.398,2389.439,106.400,105.600,106.880,2379.838,2375.998,2383.039,2276.399,2272.638,2279.519,2391.998,2388.158,2395.359
case592_gemm_C0_DEFAULT_N2048_q16_rep2,GEMM_ONLY,RCCL,C0_DEFAULT,2048,2048,2048,16,2,80,0,PASS,0.000,0.000,0.000,0.000,0.000,0.000,2379.359,2374.399,2384.799,106.400,105.440,107.680,2373.599,2368.479,2379.039,2267.519,2262.719,2273.119,2385.038,2379.999,2390.399
case593_gemm_C0_DEFAULT_N2048_q16_rep3,GEMM_ONLY,RCCL,C0_DEFAULT,2048,2048,2048,16,3,80,0,PASS,0.000,0.000,0.000,0.000,0.000,0.000,2384.639,2378.237,2390.878,107.041,106.080,107.840,2378.319,2371.837,2384.478,2275.198,2268.797,2279.839,2390.559,2384.157,2396.798
case594_gemm_C0_DEFAULT_N2048_q16_rep4,GEMM_ONLY,RCCL,C0_DEFAULT,2048,2048,2048,16,4,80,0,PASS,0.000,0.000,0.000,0.000,0.000,0.000,2383.678,2378.877,2389.278,106.880,105.760,108.320,2377.598,2372.957,2383.038,2271.998,2265.598,2279.838,2389.279,2384.318,2395.038
case595_gemm_C0_DEFAULT_N2048_q16_rep5,GEMM_ONLY,RCCL,C0_DEFAULT,2048,2048,2048,16,5,80,0,PASS,0.000,0.000,0.000,0.000,0.000,0.000,2382.957,2379.038,2386.558,106.400,105.600,107.520,2376.558,2372.638,2380.158,2273.118,2270.079,2276.959,2388.718,2384.798,2392.158
case596_rs_C0_DEFAULT_N2048_q16_rep1,RS_SLICE_SERIAL,RCCL,C0_DEFAULT,2048,2048,2048,16,1,80,0,PASS,104.080,96.160,112.160,3442.882,3423.202,3463.842,3448.882,3429.122,3469.922,116.480,112.960,124.320,3589.842,3572.318,3612.157,3477.040,3458.877,3493.438,3595.442,3577.918,3618.397
case597_rs_C0_DEFAULT_N2048_q16_rep2,RS_SLICE_SERIAL,RCCL,C0_DEFAULT,2048,2048,2048,16,2,80,0,PASS,102.080,95.680,107.040,3446.400,3434.561,3458.882,3452.562,3440.641,3464.962,115.201,113.600,119.840,3594.557,3583.361,3607.518,3481.597,3470.558,3493.757,3600.559,3588.961,3613.438
case598_rs_C0_DEFAULT_N2048_q16_rep3,RS_SLICE_SERIAL,RCCL,C0_DEFAULT,2048,2048,2048,16,3,80,0,PASS,106.400,103.360,111.680,3441.519,3435.357,3450.717,3447.760,3441.282,3456.797,119.199,115.520,124.640,3590.077,3583.838,3599.997,3472.237,3466.882,3481.277,3595.837,3589.598,3605.597
case599_rs_C0_DEFAULT_N2048_q16_rep4,RS_SLICE_SERIAL,RCCL,C0_DEFAULT,2048,2048,2048,16,4,80,0,PASS,103.200,95.680,110.400,3440.480,3429.277,3459.357,3446.717,3435.357,3465.437,115.840,112.960,123.040,3590.078,3579.037,3607.837,3475.838,3466.717,3486.397,3595.678,3584.637,3613.437
case600_rs_C0_DEFAULT_N2048_q16_rep5,RS_SLICE_SERIAL,RCCL,C0_DEFAULT,2048,2048,2048,16,5,80,0,PASS,106.160,95.520,111.040,3446.559,3434.397,3459.036,3452.640,3440.637,3465.276,118.800,113.280,124.480,3595.597,3583.517,3608.956,3479.997,3469.118,3489.756,3601.197,3589.117,3614.556
case601_r1_C0_DEFAULT_N2048_q16_rep1,R1_EVENT_OVERLAP,RCCL,C0_DEFAULT,2048,2048,2048,16,1,80,0,PASS,100.880,98.240,105.600,1409.039,1388.159,1431.679,1422.399,1402.879,1448.959,115.200,113.920,119.840,2611.998,2593.918,2649.278,2497.919,2479.201,2533.758,2617.598,2599.678,2655.038
case602_r1_C0_DEFAULT_N2048_q16_rep2,R1_EVENT_OVERLAP,RCCL,C0_DEFAULT,2048,2048,2048,16,2,80,0,PASS,100.640,93.920,105.760,1414.238,1387.199,1458.399,1429.119,1401.280,1472.479,115.680,114.720,120.320,2619.518,2591.518,2678.078,2504.078,2477.601,2558.878,2625.198,2597.118,2683.678
case603_r1_C0_DEFAULT_N2048_q16_rep3,R1_EVENT_OVERLAP,RCCL,C0_DEFAULT,2048,2048,2048,16,3,80,0,PASS,100.959,97.599,104.000,1437.279,1423.199,1480.159,1447.039,1429.119,1495.199,114.560,113.280,117.600,2620.399,2598.719,2663.357,2507.118,2485.278,2549.438,2626.239,2604.477,2668.957
case604_r1_C0_DEFAULT_N2048_q16_rep4,R1_EVENT_OVERLAP,RCCL,C0_DEFAULT,2048,2048,2048,16,4,80,0,PASS,95.200,92.960,98.720,1416.639,1399.681,1435.519,1429.360,1413.441,1452.319,115.200,114.240,118.240,2620.559,2590.402,2649.598,2506.479,2476.959,2534.878,2626.159,2596.002,2655.198
case605_r1_C0_DEFAULT_N2048_q16_rep5,R1_EVENT_OVERLAP,RCCL,C0_DEFAULT,2048,2048,2048,16,5,80,0,PASS,95.679,93.600,99.678,1411.599,1389.121,1438.719,1427.840,1403.200,1453.759,115.200,114.400,117.440,2621.838,2592.638,2652.319,2507.038,2477.598,2537.599,2627.599,2598.238,2657.919
case606_dc_C0_DEFAULT_N2048_q16_rep1,DC_PUSHSIG_ONLY,DUSHMEM,C0_DEFAULT,2048,2048,2048,16,1,80,0,PASS,233.600,214.560,8294.404,3285.518,3184.477,13365.269,3280.477,3189.597,13430.069,0.000,0.000,0.000,0.000,0.000,0.000,0.000,0.000,0.000,3297.998,3197.917,13435.350
case607_dc_C0_DEFAULT_N2048_q16_rep2,DC_PUSHSIG_ONLY,DUSHMEM,C0_DEFAULT,2048,2048,2048,16,2,80,0,PASS,231.600,215.360,10260.152,3224.722,3148.482,13325.447,3216.160,3095.682,13308.487,0.000,0.000,0.000,0.000,0.000,0.000,0.000,0.000,0.000,3238.162,3160.802,13335.847
case608_dc_C0_DEFAULT_N2048_q16_rep3,DC_PUSHSIG_ONLY,DUSHMEM,C0_DEFAULT,2048,2048,2048,16,3,80,0,PASS,230.880,220.960,9779.363,3247.999,3129.278,13327.349,3245.122,3132.482,13332.469,0.000,0.000,0.000,0.000,0.000,0.000,0.000,0.000,0.000,3259.360,3139.682,13336.008
case609_dc_C0_DEFAULT_N2048_q16_rep4,DC_PUSHSIG_ONLY,DUSHMEM,C0_DEFAULT,2048,2048,2048,16,4,80,0,PASS,228.000,209.120,300.160,3224.158,3152.481,13483.848,3227.598,3160.481,13392.639,0.000,0.000,0.000,0.000,0.000,0.000,0.000,0.000,0.000,3236.958,3164.801,13489.447
case610_dc_C0_DEFAULT_N2048_q16_rep5,DC_PUSHSIG_ONLY,DUSHMEM,C0_DEFAULT,2048,2048,2048,16,5,80,0,PASS,231.520,221.920,10287.846,3217.601,3143.521,13287.188,3218.562,3135.682,13296.149,0.000,0.000,0.000,0.000,0.000,0.000,0.000,0.000,0.000,3230.721,3156.161,13318.889
case611_ds_C0_DEFAULT_N2048_q16_rep1,DS_PUSHSIG_SERIAL,DUSHMEM,C0_DEFAULT,2048,2048,2048,16,1,80,0,PASS,233.680,227.039,10203.044,14409.748,6208.795,25751.820,15386.548,6412.635,25951.980,239.440,233.120,10209.764,15045.038,6361.434,25902.861,6316.236,6123.515,22984.652,15390.078,6415.195,25954.861
case612_ds_C0_DEFAULT_N2048_q16_rep2,DS_PUSHSIG_SERIAL,DUSHMEM,C0_DEFAULT,2048,2048,2048,16,2,80,0,PASS,239.600,232.160,10100.152,15403.518,6047.356,22784.656,16169.907,6241.115,24517.420,245.280,237.920,10107.032,15549.278,6193.596,22928.018,9803.833,5951.516,21556.496,16172.227,6243.995,24520.301
case613_ds_C0_DEFAULT_N2048_q16_rep3,DS_PUSHSIG_SERIAL,DUSHMEM,C0_DEFAULT,2048,2048,2048,16,3,80,0,PASS,243.520,236.318,10060.966,15004.088,6098.083,25339.854,15202.409,6297.283,25634.096,249.120,241.918,10067.847,15151.528,6245.603,25487.533,11144.166,6005.602,25251.055,15211.209,6305.123,25643.375
case614_ds_C0_DEFAULT_N2048_q16_rep4,DS_PUSHSIG_SERIAL,DUSHMEM,C0_DEFAULT,2048,2048,2048,16,4,80,0,PASS,235.440,228.800,9470.072,15282.486,6173.603,20843.373,15866.250,6388.802,21050.412,241.440,234.560,9476.952,15619.847,6342.242,21001.131,13453.286,6096.003,20477.133,15872.569,6393.122,21060.014
case615_ds_C0_DEFAULT_N2048_q16_rep5,DS_PUSHSIG_SERIAL,DUSHMEM,C0_DEFAULT,2048,2048,2048,16,5,80,0,PASS,233.440,227.840,10105.753,15829.199,5961.755,20502.570,16040.308,6149.754,20690.572,239.120,233.440,10112.633,15971.838,6105.914,20648.650,6020.158,5861.596,19397.426,16042.309,6151.514,20692.492
case616_d1_C0_DEFAULT_N2048_q16_rep1,D1_PUSHSIG_OVERLAP,DUSHMEM,C0_DEFAULT,2048,2048,2048,16,1,80,0,PASS,241.919,231.359,10192.951,14344.949,6226.395,25640.016,14648.629,6434.235,25886.221,247.760,237.119,10199.515,14575.988,6383.035,25835.500,12661.190,6137.116,25302.252,14653.109,6441.115,25889.740
case617_d1_C0_DEFAULT_N2048_q16_rep2,D1_PUSHSIG_OVERLAP,DUSHMEM,C0_DEFAULT,2048,2048,2048,16,2,80,0,PASS,238.320,233.600,10117.271,13985.108,6200.955,20598.541,15782.799,6407.195,20783.502,244.560,239.360,10138.566,14131.349,6357.435,20738.383,6220.395,6114.716,20227.023,15786.559,6410.875,20785.422
case618_d1_C0_DEFAULT_N2048_q16_rep3,D1_PUSHSIG_OVERLAP,DUSHMEM,C0_DEFAULT,2048,2048,2048,16,3,80,0,PASS,237.279,232.480,10200.324,15425.747,6011.195,20812.463,16113.680,6201.755,22401.133,242.959,238.080,10207.204,15571.188,6157.275,20957.584,11817.356,5912.796,16191.988,16115.440,6203.995,22403.051
case619_d1_C0_DEFAULT_N2048_q16_rep4,D1_PUSHSIG_OVERLAP,DUSHMEM,C0_DEFAULT,2048,2048,2048,16,4,80,0,PASS,230.160,225.920,9950.566,14820.869,6153.915,20674.543,15126.237,6355.195,20878.383,236.000,231.680,9957.286,14971.749,6305.595,20829.744,12982.870,6071.195,20016.969,15129.118,6362.075,20886.543
case620_d1_C0_DEFAULT_N2048_q16_rep5,D1_PUSHSIG_OVERLAP,DUSHMEM,C0_DEFAULT,2048,2048,2048,16,5,80,0,PASS,241.680,233.280,9816.165,13715.598,5999.675,18731.213,14604.007,6185.916,18919.691,247.280,239.040,9822.885,13858.878,6141.756,18875.531,11336.951,5893.756,18188.146,14605.767,6186.235,18921.771
case621_d1w_C0_DEFAULT_N2048_q16_rep1,D1W_WAITSTREAM_OVERLAP,DUSHMEM,C0_DEFAULT,2048,2048,2048,16,1,80,0,PASS,241.440,231.519,10140.312,13380.720,6463.835,21702.092,16435.908,6686.563,22273.584,270.880,259.999,10190.550,14685.668,6628.315,21880.336,6575.680,6367.684,21025.451,16441.268,6688.483,22280.945
case622_d1w_C0_DEFAULT_N2048_q16_rep2,D1W_WAITSTREAM_OVERLAP,DUSHMEM,C0_DEFAULT,2048,2048,2048,16,2,80,0,PASS,233.119,226.719,10262.726,16107.049,6486.564,20571.344,16360.650,6695.515,20791.184,262.639,255.200,10292.966,16277.288,6650.244,20736.943,7293.123,6386.404,17547.027,16362.649,6702.875,20798.705
case623_d1w_C0_DEFAULT_N2048_q16_rep3,D1W_WAITSTREAM_OVERLAP,DUSHMEM,C0_DEFAULT,2048,2048,2048,16,3,80,0,PASS,239.200,235.040,9883.833,15597.519,6264.954,18230.410,16302.556,6476.794,18574.387,268.960,264.640,9934.393,15760.878,6429.114,18414.252,9374.551,6164.314,16908.811,16304.556,6478.074,18577.268
case624_d1w_C0_DEFAULT_N2048_q16_rep4,D1W_WAITSTREAM_OVERLAP,DUSHMEM,C0_DEFAULT,2048,2048,2048,16,4,80,0,PASS,237.199,232.801,10164.312,10947.359,6420.164,20689.131,13141.209,6636.955,21347.984,266.960,262.880,10215.030,11271.919,6586.395,20852.330,6593.195,6326.236,20522.570,13149.209,6644.324,21350.062
case625_d1w_C0_DEFAULT_N2048_q16_rep5,D1W_WAITSTREAM_OVERLAP,DUSHMEM,C0_DEFAULT,2048,2048,2048,16,5,80,0,PASS,235.680,231.520,10076.166,13522.789,6255.035,19453.260,14625.437,6465.434,22435.691,265.600,261.920,10126.727,13687.829,6419.354,19624.971,6408.399,6153.754,18316.307,14627.035,6467.354,22437.613
case626_comm_C0_DEFAULT_N4096_q16_rep1,COMM_ONLY,RCCL,C0_DEFAULT,2048,4096,2048,16,1,80,0,PASS,98.800,95.040,107.360,1118.480,1111.520,1160.481,1124.160,1117.280,1166.241,0.000,0.000,0.000,0.000,0.000,0.000,0.000,0.000,0.000,1129.760,1122.880,1171.841
case627_comm_C0_DEFAULT_N4096_q16_rep2,COMM_ONLY,RCCL,C0_DEFAULT,2048,4096,2048,16,2,80,0,PASS,89.920,88.320,93.280,1107.600,1104.001,1116.961,1113.361,1109.761,1122.721,0.000,0.000,0.000,0.000,0.000,0.000,0.000,0.000,0.000,1118.881,1115.361,1128.321
case628_comm_C0_DEFAULT_N4096_q16_rep3,COMM_ONLY,RCCL,C0_DEFAULT,2048,4096,2048,16,3,80,0,PASS,94.400,90.880,100.160,1113.119,1108.319,5142.723,1118.959,1114.079,5148.803,0.000,0.000,0.000,0.000,0.000,0.000,0.000,0.000,0.000,1124.639,1119.679,5154.403
case629_comm_C0_DEFAULT_N4096_q16_rep4,COMM_ONLY,RCCL,C0_DEFAULT,2048,4096,2048,16,4,80,0,PASS,89.840,88.160,93.120,1109.119,1105.279,1116.319,1114.880,1111.199,1122.079,0.000,0.000,0.000,0.000,0.000,0.000,0.000,0.000,0.000,1120.639,1116.799,1127.679
case630_comm_C0_DEFAULT_N4096_q16_rep5,COMM_ONLY,RCCL,C0_DEFAULT,2048,4096,2048,16,5,80,0,PASS,90.800,88.160,3412.316,1108.880,1104.640,4448.962,1114.639,1110.400,4454.562,0.000,0.000,0.000,0.000,0.000,0.000,0.000,0.000,0.000,1120.239,1116.000,4460.322
case631_comm_C2_RING_SIMPLE_CH8_N4096_q16_rep1,COMM_ONLY,RCCL,C2_RING_SIMPLE_CH8,2048,4096,2048,16,1,80,0,PASS,102.400,101.280,115.680,1292.240,1287.520,1385.120,1297.920,1293.280,1391.200,0.000,0.000,0.000,0.000,0.000,0.000,0.000,0.000,0.000,1303.601,1298.880,1397.120
case632_comm_C2_RING_SIMPLE_CH8_N4096_q16_rep2,COMM_ONLY,RCCL,C2_RING_SIMPLE_CH8,2048,4096,2048,16,2,80,0,PASS,104.800,102.560,111.200,1293.680,1289.761,1307.359,1299.439,1295.680,1313.119,0.000,0.000,0.000,0.000,0.000,0.000,0.000,0.000,0.000,1305.119,1301.280,1318.879
case633_comm_C2_RING_SIMPLE_CH8_N4096_q16_rep3,COMM_ONLY,RCCL,C2_RING_SIMPLE_CH8,2048,4096,2048,16,3,80,0,PASS,110.560,107.360,113.760,1299.041,1295.201,1305.920,1304.801,1300.961,1311.680,0.000,0.000,0.000,0.000,0.000,0.000,0.000,0.000,0.000,1310.401,1306.561,1317.440
case634_comm_C2_RING_SIMPLE_CH8_N4096_q16_rep4,COMM_ONLY,RCCL,C2_RING_SIMPLE_CH8,2048,4096,2048,16,4,80,0,PASS,107.680,104.800,112.960,1297.919,1293.758,1322.401,1303.600,1299.518,1328.961,0.000,0.000,0.000,0.000,0.000,0.000,0.000,0.000,0.000,1309.280,1305.118,1335.041
case635_comm_C2_RING_SIMPLE_CH8_N4096_q16_rep5,COMM_ONLY,RCCL,C2_RING_SIMPLE_CH8,2048,4096,2048,16,5,80,0,PASS,110.720,108.160,127.040,1301.921,1298.080,1320.001,1307.680,1303.680,1325.761,0.000,0.000,0.000,0.000,0.000,0.000,0.000,0.000,0.000,1313.280,1309.280,1331.361
case636_r1_C0_DEFAULT_N4096_q16_rep1,R1_EVENT_OVERLAP,RCCL,C0_DEFAULT,2048,4096,2048,16,1,80,0,PASS,110.080,103.360,116.800,2234.800,2183.198,2316.641,2241.439,2189.758,2328.161,228.480,227.200,231.679,6331.838,6298.075,6370.075,6104.475,6070.396,6143.675,6337.439,6303.675,6375.675
case637_r1_C0_DEFAULT_N4096_q16_rep2,R1_EVENT_OVERLAP,RCCL,C0_DEFAULT,2048,4096,2048,16,2,80,0,PASS,107.840,102.079,113.440,2222.560,2177.121,2319.518,2229.440,2183.998,2325.918,228.000,226.240,231.040,6323.759,6291.355,6368.482,6100.639,6066.875,6141.435,6329.359,6296.955,6374.082
case638_r1_C0_DEFAULT_N4096_q16_rep3,R1_EVENT_OVERLAP,RCCL,C0_DEFAULT,2048,4096,2048,16,3,80,0,PASS,110.720,105.120,114.400,2226.320,2174.561,2314.881,2232.960,2181.121,2326.241,228.160,226.400,232.160,6334.395,6303.515,6375.834,6107.914,6078.875,6146.235,6339.915,6309.115,6381.434
case639_r1_C0_DEFAULT_N4096_q16_rep4,R1_EVENT_OVERLAP,RCCL,C0_DEFAULT,2048,4096,2048,16,4,80,0,PASS,109.280,100.800,113.280,2219.198,2182.398,2312.641,2225.677,2189.118,2326.401,228.480,226.880,232.159,6334.476,6304.635,6382.715,6107.196,6077.764,6154.715,6340.156,6310.235,6388.315
case640_r1_C0_DEFAULT_N4096_q16_rep5,R1_EVENT_OVERLAP,RCCL,C0_DEFAULT,2048,4096,2048,16,5,80,0,PASS,109.920,98.880,115.840,2224.159,2186.401,2314.081,2230.640,2193.281,2325.118,228.640,227.361,231.520,6330.314,6304.641,6374.394,6101.995,6075.361,6147.355,6335.914,6310.401,6380.794
case641_r1_C2_RING_SIMPLE_CH8_N4096_q16_rep1,R1_EVENT_OVERLAP,RCCL,C2_RING_SIMPLE_CH8,2048,4096,2048,16,1,80,0,PASS,121.200,113.120,127.680,2645.919,2454.402,2919.358,2655.600,2462.082,2926.238,225.760,224.000,227.840,6339.995,6276.475,6393.283,6115.040,6053.596,6169.595,6345.675,6282.075,6398.883
case642_r1_C2_RING_SIMPLE_CH8_N4096_q16_rep2,R1_EVENT_OVERLAP,RCCL,C2_RING_SIMPLE_CH8,2048,4096,2048,16,2,80,0,PASS,111.520,109.760,119.200,2644.162,2434.238,2941.437,2653.762,2441.118,2947.517,226.560,225.280,228.800,6339.756,6287.523,6406.395,6113.355,6061.603,6179.835,6345.435,6292.963,6412.155
case643_r1_C2_RING_SIMPLE_CH8_N4096_q16_rep3,R1_EVENT_OVERLAP,RCCL,C2_RING_SIMPLE_CH8,2048,4096,2048,16,3,80,0,PASS,115.360,110.560,122.720,2641.282,2360.961,2946.722,2647.042,2367.521,2952.802,226.161,224.960,228.640,6360.556,6305.595,6420.155,6135.916,6083.516,6192.796,6366.156,6311.355,6425.915
case644_r1_C2_RING_SIMPLE_CH8_N4096_q16_rep4,R1_EVENT_OVERLAP,RCCL,C2_RING_SIMPLE_CH8,2048,4096,2048,16,4,80,0,PASS,113.200,109.440,127.520,2661.919,2441.761,2931.041,2672.078,2448.641,2936.961,226.880,224.960,229.280,6328.959,6280.475,6382.395,6103.440,6056.795,6155.355,6334.639,6285.915,6388.155
case645_r1_C2_RING_SIMPLE_CH8_N4096_q16_rep5,R1_EVENT_OVERLAP,RCCL,C2_RING_SIMPLE_CH8,2048,4096,2048,16,5,80,0,PASS,112.320,109.920,118.560,2655.998,2563.360,2942.721,2666.320,2569.600,2949.281,226.880,226.081,229.599,6340.799,6297.115,6419.035,6113.996,6070.875,6192.795,6346.319,6302.875,6424.635
