case_id,path,family,candidate,M_local,N,K,q,rep,iterations,iteration_failures,status,t_release_first_max_us_p50,t_release_first_max_us_p05,t_release_first_max_us_p95,t_release_last_max_us_p50,t_release_last_max_us_p05,t_release_last_max_us_p95,t_done_max_us_p50,t_done_max_us_p05,t_done_max_us_p95,gemm_first_start_max_us_p50,gemm_first_start_max_us_p05,gemm_first_start_max_us_p95,gemm_last_end_max_us_p50,gemm_last_end_max_us_p05,gemm_last_end_max_us_p95,gemm_interval_max_us_p50,gemm_interval_max_us_p05,gemm_interval_max_us_p95,e2e_max_us_p50,e2e_max_us_p05,e2e_max_us_p95
case001_comm_C0_DEFAULT_N512_q2_rep1,COMM_ONLY,RCCL,C0_DEFAULT,2048,512,2048,2,1,80,0,PASS,566.800,562.880,574.880,1105.360,1101.600,1116.480,1111.679,1107.520,1122.880,0.000,0.000,0.000,0.000,0.000,0.000,0.000,0.000,0.000,1118.079,1113.599,1129.120
case002_comm_C0_DEFAULT_N512_q2_rep2,COMM_ONLY,RCCL,C0_DEFAULT,2048,512,2048,2,2,80,0,PASS,564.639,560.320,3618.078,1103.200,1097.759,4157.598,1109.280,1104.319,4164.158,0.000,0.000,0.000,0.000,0.000,0.000,0.000,0.000,0.000,1115.519,1110.240,4170.398
case003_comm_C0_DEFAULT_N512_q2_rep3,COMM_ONLY,RCCL,C0_DEFAULT,2048,512,2048,2,3,80,0,PASS,566.959,562.080,570.719,1106.160,1100.479,1112.480,1112.639,1106.881,1119.040,0.000,0.000,0.000,0.000,0.000,0.000,0.000,0.000,0.000,1118.880,1113.281,1125.440
case004_comm_C0_DEFAULT_N512_q2_rep4,COMM_ONLY,RCCL,C0_DEFAULT,2048,512,2048,2,4,80,0,PASS,565.760,562.399,570.880,1104.400,1100.479,1111.520,1110.720,1106.400,1118.080,0.000,0.000,0.000,0.000,0.000,0.000,0.000,0.000,0.000,1116.959,1112.000,1124.480
case005_comm_C0_DEFAULT_N512_q2_rep5,COMM_ONLY,RCCL,C0_DEFAULT,2048,512,2048,2,5,80,0,PASS,566.080,562.240,571.040,1104.720,1100.480,1110.080,1111.120,1107.040,1116.480,0.000,0.000,0.000,0.000,0.000,0.000,0.000,0.000,0.000,1117.279,1113.439,1123.039
case006_gemm_C0_DEFAULT_N512_q2_rep1,GEMM_ONLY,RCCL,C0_DEFAULT,2048,512,2048,2,1,80,0,PASS,0.000,0.000,0.000,0.000,0.000,0.000,1552.399,1538.559,2561.917,51.999,51.038,52.640,1545.839,1531.999,1580.959,1495.920,1482.559,1529.279,1558.880,1544.959,5700.801
case007_gemm_C0_DEFAULT_N512_q2_rep2,GEMM_ONLY,RCCL,C0_DEFAULT,2048,512,2048,2,2,80,0,PASS,0.000,0.000,0.000,0.000,0.000,0.000,1554.159,1539.359,1604.158,53.120,52.480,54.238,1547.759,1532.959,1598.398,1497.199,1481.120,1527.839,1560.560,1545.919,1609.758
case008_gemm_C0_DEFAULT_N512_q2_rep3,GEMM_ONLY,RCCL,C0_DEFAULT,2048,512,2048,2,3,80,0,PASS,0.000,0.000,0.000,0.000,0.000,0.000,1553.360,1536.000,1566.879,52.320,51.040,53.118,1546.880,1530.238,1559.680,1496.560,1479.360,1508.160,1559.680,1542.400,1573.119
case009_gemm_C0_DEFAULT_N512_q2_rep4,GEMM_ONLY,RCCL,C0_DEFAULT,2048,512,2048,2,4,80,0,PASS,0.000,0.000,0.000,0.000,0.000,0.000,1554.880,1542.720,1565.600,52.478,51.040,53.440,1548.399,1536.160,1558.720,1498.320,1486.560,1509.600,1561.280,1549.120,1572.160
case010_gemm_C0_DEFAULT_N512_q2_rep5,GEMM_ONLY,RCCL,C0_DEFAULT,2048,512,2048,2,5,80,0,PASS,0.000,0.000,0.000,0.000,0.000,0.000,1554.639,1537.920,1571.840,52.799,51.518,54.080,1548.159,1531.360,1565.759,1498.000,1481.280,1512.800,1561.040,1544.480,1578.240
case011_r0_C0_DEFAULT_N512_q2_rep1,R0_FULL_SERIAL,RCCL,C0_DEFAULT,2048,512,2048,2,1,80,0,PASS,1074.079,1069.760,1080.320,1074.079,1069.760,1080.320,1080.720,1076.480,1087.040,1093.120,1089.119,1099.680,1853.519,1848.800,1861.279,763.360,760.800,767.679,1859.199,1854.560,1867.039
case012_r0_C0_DEFAULT_N512_q2_rep2,R0_FULL_SERIAL,RCCL,C0_DEFAULT,2048,512,2048,2,2,80,0,PASS,1073.760,1069.279,1081.600,1073.760,1069.279,1081.600,1080.320,1076.000,1088.160,1092.880,1088.159,1099.680,1851.758,1847.999,1862.560,763.120,760.800,766.720,1857.439,1853.599,1868.160
case013_r0_C0_DEFAULT_N512_q2_rep3,R0_FULL_SERIAL,RCCL,C0_DEFAULT,2048,512,2048,2,3,80,0,PASS,1073.200,1069.600,1086.720,1073.200,1069.600,1086.720,1079.920,1076.320,1093.280,1092.479,1088.960,1106.240,1852.800,1849.279,1865.919,763.600,760.800,766.880,1858.399,1854.880,1871.519
case014_r0_C0_DEFAULT_N512_q2_rep4,R0_FULL_SERIAL,RCCL,C0_DEFAULT,2048,512,2048,2,4,80,0,PASS,1074.400,1069.600,1083.359,1074.400,1069.600,1083.359,1081.360,1076.480,1089.599,1093.439,1089.120,1102.399,1852.719,1847.359,1863.039,764.000,759.999,766.720,1858.318,1852.959,1868.639
case015_r0_C0_DEFAULT_N512_q2_rep5,R0_FULL_SERIAL,RCCL,C0_DEFAULT,2048,512,2048,2,5,80,0,PASS,1073.599,1070.079,1083.520,1073.599,1070.079,1083.520,1080.400,1076.480,1089.920,1092.880,1089.120,1102.560,1853.679,1848.480,1860.640,763.360,760.478,766.560,1859.360,1854.239,1866.400
case016_rs_C0_DEFAULT_N512_q2_rep1,RS_SLICE_SERIAL,RCCL,C0_DEFAULT,2048,512,2048,2,1,80,0,PASS,566.160,560.959,583.680,1865.199,1853.439,1881.440,1871.440,1859.519,1887.680,579.040,574.719,595.840,2614.958,2605.278,2654.240,2041.360,2033.599,2062.080,2620.639,2610.878,2659.840
case017_rs_C0_DEFAULT_N512_q2_rep2,RS_SLICE_SERIAL,RCCL,C0_DEFAULT,2048,512,2048,2,2,80,0,PASS,561.919,557.920,572.319,1863.599,1853.279,1879.040,1869.759,1859.359,1885.120,575.200,570.719,585.440,2617.998,2603.198,2641.919,2045.599,2030.720,2063.839,2623.678,2608.798,2647.519
case018_rs_C0_DEFAULT_N512_q2_rep3,RS_SLICE_SERIAL,RCCL,C0_DEFAULT,2048,512,2048,2,3,80,0,PASS,565.840,561.279,573.439,1866.240,1856.000,1881.760,1872.479,1861.920,1888.000,578.639,573.919,590.559,2622.798,2608.640,2640.958,2049.758,2036.800,2066.718,2628.479,2614.240,2646.718
case019_rs_C0_DEFAULT_N512_q2_rep4,RS_SLICE_SERIAL,RCCL,C0_DEFAULT,2048,512,2048,2,4,80,0,PASS,561.680,558.240,567.360,1864.320,1854.560,1876.959,1870.399,1860.800,1883.199,574.480,571.040,582.080,2620.399,2604.959,2641.119,2049.840,2035.519,2072.479,2626.159,2610.559,2646.879
case020_rs_C0_DEFAULT_N512_q2_rep5,RS_SLICE_SERIAL,RCCL,C0_DEFAULT,2048,512,2048,2,5,80,0,PASS,562.800,559.839,566.880,1863.840,1853.280,1878.400,1870.079,1859.200,1884.480,575.439,572.799,580.320,2618.798,2604.159,2630.718,2046.639,2034.240,2057.919,2624.559,2609.918,2636.478
case021_r1_C0_DEFAULT_N512_q2_rep1,R1_EVENT_OVERLAP,RCCL,C0_DEFAULT,2048,512,2048,2,1,80,0,PASS,561.440,558.880,567.520,1437.999,1422.079,1454.879,1445.199,1429.119,1463.039,574.240,571.680,581.120,2375.599,2356.960,2406.719,1803.359,1784.640,1822.400,2381.279,2362.560,2412.319
case022_r1_C0_DEFAULT_N512_q2_rep2,R1_EVENT_OVERLAP,RCCL,C0_DEFAULT,2048,512,2048,2,2,80,0,PASS,563.520,559.840,568.160,1439.839,1428.480,1456.480,1446.959,1435.999,1463.680,576.400,572.160,580.639,2372.719,2355.519,2400.160,1799.998,1782.560,1821.438,2378.479,2361.119,2405.920
case023_r1_C0_DEFAULT_N512_q2_rep3,R1_EVENT_OVERLAP,RCCL,C0_DEFAULT,2048,512,2048,2,3,80,0,PASS,563.439,560.319,569.599,1440.239,1427.680,1461.759,1447.439,1435.040,1468.479,576.480,572.800,582.560,2377.599,2355.679,2404.159,1805.360,1781.279,1821.920,2383.359,2361.279,2409.759
case024_r1_C0_DEFAULT_N512_q2_rep4,R1_EVENT_OVERLAP,RCCL,C0_DEFAULT,2048,512,2048,2,4,80,0,PASS,562.880,559.840,570.400,1442.800,1431.999,1474.880,1449.918,1439.039,1482.080,575.840,572.479,585.600,2373.279,2355.680,2406.720,1800.479,1781.120,1819.519,2378.959,2361.280,2412.320
case025_r1_C0_DEFAULT_N512_q2_rep5,R1_EVENT_OVERLAP,RCCL,C0_DEFAULT,2048,512,2048,2,5,80,0,PASS,563.280,560.159,572.160,1441.759,1424.319,1461.920,1449.039,1431.359,1469.280,575.840,572.480,585.120,2375.120,2354.718,2402.239,1801.760,1784.479,1826.560,2380.720,2360.478,2407.839
case026_fc_C0_DEFAULT_N512_q2_rep1,FC_FCOLLECT_ONLY,DUSHMEM,C0_DEFAULT,2048,512,2048,2,1,80,0,PASS,7072.958,6974.559,7163.679,7072.958,6974.559,7163.679,7061.118,6963.199,7152.479,0.000,0.000,0.000,0.000,0.000,0.000,0.000,0.000,0.000,7078.718,6980.315,7169.279
case027_fc_C0_DEFAULT_N512_q2_rep2,FC_FCOLLECT_ONLY,DUSHMEM,C0_DEFAULT,2048,512,2048,2,2,80,0,PASS,7081.997,6961.121,7165.120,7081.997,6961.121,7165.120,7070.238,6949.441,7153.280,0.000,0.000,0.000,0.000,0.000,0.000,0.000,0.000,0.000,7087.917,6966.881,7170.720
case028_fc_C0_DEFAULT_N512_q2_rep3,FC_FCOLLECT_ONLY,DUSHMEM,C0_DEFAULT,2048,512,2048,2,3,80,0,PASS,7117.035,6967.838,7168.798,7117.035,6967.838,7168.798,7105.195,6956.958,7156.798,0.000,0.000,0.000,0.000,0.000,0.000,0.000,0.000,0.000,7122.795,6973.438,7174.718
case029_fc_C0_DEFAULT_N512_q2_rep4,FC_FCOLLECT_ONLY,DUSHMEM,C0_DEFAULT,2048,512,2048,2,4,80,0,PASS,7085.919,6959.679,7169.915,7085.919,6959.679,7169.915,7074.719,6948.639,7158.395,0.000,0.000,0.000,0.000,0.000,0.000,0.000,0.000,0.000,7091.599,6965.279,7175.515
case030_fc_C0_DEFAULT_N512_q2_rep5,FC_FCOLLECT_ONLY,DUSHMEM,C0_DEFAULT,2048,512,2048,2,5,80,0,PASS,7064.720,6983.036,7164.476,7064.720,6983.036,7164.476,7053.360,6971.196,7152.636,0.000,0.000,0.000,0.000,0.000,0.000,0.000,0.000,0.000,7070.399,6988.796,7170.236
case031_dc_C0_DEFAULT_N512_q2_rep1,DC_PUSHSIG_ONLY,DUSHMEM,C0_DEFAULT,2048,512,2048,2,1,80,0,PASS,2711.519,2259.679,10812.961,5559.680,3418.719,12011.679,5046.958,3241.279,12021.279,0.000,0.000,0.000,0.000,0.000,0.000,0.000,0.000,0.000,5575.360,3437.119,12023.359
case032_dc_C0_DEFAULT_N512_q2_rep2,DC_PUSHSIG_ONLY,DUSHMEM,C0_DEFAULT,2048,512,2048,2,2,80,0,PASS,2793.039,2331.838,12469.761,3781.918,3427.359,13266.081,3769.999,3417.120,12643.515,0.000,0.000,0.000,0.000,0.000,0.000,0.000,0.000,0.000,3797.678,3443.359,13283.681
case033_dc_C0_DEFAULT_N512_q2_rep3,DC_PUSHSIG_ONLY,DUSHMEM,C0_DEFAULT,2048,512,2048,2,3,80,0,PASS,2566.798,2132.479,12135.837,3801.439,3136.158,13488.156,3789.039,3063.040,12273.758,0.000,0.000,0.000,0.000,0.000,0.000,0.000,0.000,0.000,3816.640,3152.318,13503.677
case034_dc_C0_DEFAULT_N512_q2_rep4,DC_PUSHSIG_ONLY,DUSHMEM,C0_DEFAULT,2048,512,2048,2,4,80,0,PASS,2645.198,2330.398,12801.432,3895.838,3456.959,13595.512,3889.838,3443.358,12831.041,0.000,0.000,0.000,0.000,0.000,0.000,0.000,0.000,0.000,3911.118,3474.399,13610.231
case035_dc_C0_DEFAULT_N512_q2_rep5,DC_PUSHSIG_ONLY,DUSHMEM,C0_DEFAULT,2048,512,2048,2,5,80,0,PASS,2669.759,2324.800,11330.552,3960.240,3485.599,12274.230,3874.159,3449.438,11834.233,0.000,0.000,0.000,0.000,0.000,0.000,0.000,0.000,0.000,3971.440,3496.159,12284.471
case036_d0_C0_DEFAULT_N512_q2_rep1,D0_FCOLLECT_SERIAL,DUSHMEM,C0_DEFAULT,2048,512,2048,2,1,80,0,PASS,7061.516,6963.356,7156.795,7061.516,6963.356,7156.795,7067.596,6969.756,7163.355,7079.835,6982.554,7175.675,7842.877,7743.035,7937.755,763.040,760.800,766.719,7848.557,7748.635,7943.515
case037_d0_C0_DEFAULT_N512_q2_rep2,D0_FCOLLECT_SERIAL,DUSHMEM,C0_DEFAULT,2048,512,2048,2,2,80,0,PASS,7064.234,6966.395,7157.759,7064.234,6966.395,7157.759,7070.394,6973.120,7163.675,7082.477,6985.275,7176.315,7842.797,7745.594,7936.161,763.360,760.799,767.680,7848.475,7751.354,7941.761
case038_d0_C0_DEFAULT_N512_q2_rep3,D0_FCOLLECT_SERIAL,DUSHMEM,C0_DEFAULT,2048,512,2048,2,3,80,0,PASS,7067.917,6958.075,7154.715,7067.917,6958.075,7154.715,7074.317,6964.155,7160.955,7086.397,6976.955,7173.595,7845.119,7736.638,7933.279,763.439,760.639,767.838,7850.719,7742.078,7938.879
case039_d0_C0_DEFAULT_N512_q2_rep4,D0_FCOLLECT_SERIAL,DUSHMEM,C0_DEFAULT,2048,512,2048,2,4,80,0,PASS,7066.557,6961.434,7157.919,7066.557,6961.434,7157.919,7072.717,6968.154,7163.679,7085.116,6980.796,7175.999,7850.874,7741.914,7937.436,763.680,760.480,767.839,7856.475,7747.514,7943.036
case040_d0_C0_DEFAULT_N512_q2_rep5,D0_FCOLLECT_SERIAL,DUSHMEM,C0_DEFAULT,2048,512,2048,2,5,80,0,PASS,7047.917,6958.075,7149.120,7047.917,6958.075,7149.120,7055.035,6964.475,7155.680,7067.195,6977.115,7168.320,7833.519,7735.038,7932.160,763.040,760.000,766.720,7839.199,7740.798,7937.760
case041_ds_C0_DEFAULT_N512_q2_rep1,DS_PUSHSIG_SERIAL,DUSHMEM,C0_DEFAULT,2048,512,2048,2,1,80,0,PASS,2231.919,2023.678,12900.152,4295.200,4032.320,17966.709,5262.877,4900.481,18827.988,2237.839,2029.438,12907.032,5041.918,4779.041,18707.188,3195.360,2531.838,10352.958,5266.797,4905.440,18830.068
case042_ds_C0_DEFAULT_N512_q2_rep2,DS_PUSHSIG_SERIAL,DUSHMEM,C0_DEFAULT,2048,512,2048,2,2,80,0,PASS,2187.679,2032.479,10987.672,4221.039,3992.799,17051.520,5243.597,4895.518,17905.279,2193.359,2038.239,10993.271,4985.919,4749.438,17776.801,3176.639,2574.559,11005.439,5249.119,4901.758,17911.520
case043_ds_C0_DEFAULT_N512_q2_rep3,DS_PUSHSIG_SERIAL,DUSHMEM,C0_DEFAULT,2048,512,2048,2,3,80,0,PASS,2178.399,2063.040,15687.359,4157.758,3996.319,21859.359,5083.438,4859.039,22740.801,2184.159,2068.960,15694.399,4922.558,4732.159,22621.600,3152.239,2710.877,11626.717,5093.918,4867.359,22742.080
case044_ds_C0_DEFAULT_N512_q2_rep4,DS_PUSHSIG_SERIAL,DUSHMEM,C0_DEFAULT,2048,512,2048,2,4,80,0,PASS,2410.960,2189.118,11012.953,4352.239,4150.239,12905.757,5995.838,5004.477,14175.997,2417.440,2194.878,11018.713,5097.757,4884.477,13638.236,3314.719,2507.838,10647.997,5999.838,5002.397,14178.237
case045_ds_C0_DEFAULT_N512_q2_rep5,DS_PUSHSIG_SERIAL,DUSHMEM,C0_DEFAULT,2048,512,2048,2,5,80,0,PASS,2367.120,1977.439,11103.513,4347.439,4058.560,15267.679,5320.237,4927.040,16116.157,2372.880,1983.359,11109.273,5106.238,4800.479,15994.238,3331.119,2607.199,11229.758,5325.598,4931.520,16120.478
case046_d1_C0_DEFAULT_N512_q2_rep1,D1_PUSHSIG_OVERLAP,DUSHMEM,C0_DEFAULT,2048,512,2048,2,1,80,0,PASS,2112.559,1968.799,13123.514,4139.919,3828.478,16630.230,5113.917,4698.557,17508.311,2118.239,1974.559,13130.554,4884.157,4569.598,17384.631,3045.519,2526.398,11295.357,5118.238,4703.997,17512.791
case047_d1_C0_DEFAULT_N512_q2_rep2,D1_PUSHSIG_OVERLAP,DUSHMEM,C0_DEFAULT,2048,512,2048,2,2,80,0,PASS,2109.119,2021.438,11476.639,4122.238,3998.718,22147.680,5152.798,4899.678,23049.113,2114.958,2027.198,11482.238,4873.518,4747.357,22894.080,3089.919,2614.878,11009.598,5159.438,4905.118,23055.834
case048_d1_C0_DEFAULT_N512_q2_rep3,D1_PUSHSIG_OVERLAP,DUSHMEM,C0_DEFAULT,2048,512,2048,2,3,80,0,PASS,2348.559,2098.239,10743.354,4262.479,4000.639,18692.316,5633.279,4937.279,20368.623,2354.320,2104.159,10749.114,5015.038,4758.719,19389.916,3252.320,2531.998,10880.319,5638.398,4935.359,20375.344
case049_d1_C0_DEFAULT_N512_q2_rep4,D1_PUSHSIG_OVERLAP,DUSHMEM,C0_DEFAULT,2048,512,2048,2,4,80,0,PASS,2255.599,2115.359,9674.559,4313.838,4035.837,15539.362,5327.038,4899.677,16387.521,2261.359,2121.279,9680.158,5072.318,4775.197,16264.643,3260.319,2820.320,11205.438,5333.198,4905.917,16395.043
case050_d1_C0_DEFAULT_N512_q2_rep5,D1_PUSHSIG_OVERLAP,DUSHMEM,C0_DEFAULT,2048,512,2048,2,5,80,0,PASS,2171.597,2072.160,12800.312,4294.557,4016.959,19472.801,5860.236,4905.758,20346.082,2177.358,2077.920,12806.071,5059.597,4769.277,20221.441,3157.038,2591.679,10869.595,5866.157,4911.998,20352.482
case051_d1w_C0_DEFAULT_N512_q2_rep1,D1W_WAITSTREAM_OVERLAP,DUSHMEM,C0_DEFAULT,2048,512,2048,2,1,80,0,PASS,2031.840,1983.519,10625.278,4109.359,3895.199,18722.227,5151.357,4798.399,19606.869,2060.800,2011.999,10669.118,4881.998,4667.679,19463.027,3075.039,2696.159,11303.678,5156.877,4804.799,19612.309
case052_d1w_C0_DEFAULT_N512_q2_rep2,D1W_WAITSTREAM_OVERLAP,DUSHMEM,C0_DEFAULT,2048,512,2048,2,2,80,0,PASS,2044.079,1986.717,10445.752,4102.558,3917.440,20035.197,5026.798,4812.959,20938.875,2072.798,2018.879,10477.275,4861.519,4675.518,20809.117,3096.800,2997.119,11076.152,5033.199,4819.359,20945.115
case053_d1w_C0_DEFAULT_N512_q2_rep3,D1W_WAITSTREAM_OVERLAP,DUSHMEM,C0_DEFAULT,2048,512,2048,2,3,80,0,PASS,2222.640,2078.877,11356.797,4302.719,4047.838,21166.545,5264.396,4979.839,22058.230,2257.680,2107.357,11402.237,5076.718,4817.918,21936.793,3247.039,2700.477,12892.478,5270.076,4985.439,22063.672
case054_d1w_C0_DEFAULT_N512_q2_rep4,D1W_WAITSTREAM_OVERLAP,DUSHMEM,C0_DEFAULT,2048,512,2048,2,4,80,0,PASS,2066.319,1979.198,9916.320,4131.517,3888.157,14115.670,5057.917,4775.037,15238.236,2096.479,2009.758,9946.240,4904.317,4651.517,14903.189,3060.719,2674.878,11050.713,5061.358,4780.477,15242.716
case055_d1w_C0_DEFAULT_N512_q2_rep5,D1W_WAITSTREAM_OVERLAP,DUSHMEM,C0_DEFAULT,2048,512,2048,2,5,80,0,PASS,2173.198,1962.879,15147.681,4274.077,3991.199,18073.109,6072.078,4904.639,19440.480,2203.678,2006.558,15198.560,5044.158,4762.079,18820.787,3133.119,2636.638,10983.838,6077.517,4912.159,19448.002
case056_comm_C0_DEFAULT_N512_q4_rep1,COMM_ONLY,RCCL,C0_DEFAULT,2048,512,2048,4,1,80,0,PASS,322.400,316.960,329.760,1208.639,1201.120,1219.360,1215.199,1207.679,1225.760,0.000,0.000,0.000,0.000,0.000,0.000,0.000,0.000,0.000,1221.599,1213.919,1231.360
case057_comm_C0_DEFAULT_N512_q4_rep2,COMM_ONLY,RCCL,C0_DEFAULT,2048,512,2048,4,2,80,0,PASS,325.280,320.000,330.240,1213.199,1205.279,1220.479,1219.760,1211.839,1227.039,0.000,0.000,0.000,0.000,0.000,0.000,0.000,0.000,0.000,1226.159,1218.239,1233.439
case058_comm_C0_DEFAULT_N512_q4_rep3,COMM_ONLY,RCCL,C0_DEFAULT,2048,512,2048,4,3,80,0,PASS,322.960,318.559,328.160,1209.360,1202.880,1217.920,1215.759,1209.440,1224.321,0.000,0.000,0.000,0.000,0.000,0.000,0.000,0.000,0.000,1222.159,1215.840,1230.721
case059_comm_C0_DEFAULT_N512_q4_rep4,COMM_ONLY,RCCL,C0_DEFAULT,2048,512,2048,4,4,80,0,PASS,322.800,317.280,329.440,1208.079,1201.920,1219.039,1214.320,1208.320,1225.439,0.000,0.000,0.000,0.000,0.000,0.000,0.000,0.000,0.000,1220.800,1214.880,1231.679
case060_comm_C0_DEFAULT_N512_q4_rep5,COMM_ONLY,RCCL,C0_DEFAULT,2048,512,2048,4,5,80,0,PASS,320.880,316.000,4417.283,1206.081,1197.281,5306.883,1212.640,1203.040,5313.443,0.000,0.000,0.000,0.000,0.000,0.000,0.000,0.000,0.000,1219.039,1208.640,5319.843
case061_gemm_C0_DEFAULT_N512_q4_rep1,GEMM_ONLY,RCCL,C0_DEFAULT,2048,512,2048,4,1,80,0,PASS,0.000,0.000,0.000,0.000,0.000,0.000,1581.120,1571.039,1600.960,50.240,49.120,51.360,1574.640,1564.479,1594.400,1525.120,1515.841,1547.360,1587.520,1577.120,1613.600
case062_gemm_C0_DEFAULT_N512_q4_rep2,GEMM_ONLY,RCCL,C0_DEFAULT,2048,512,2048,4,2,80,0,PASS,0.000,0.000,0.000,0.000,0.000,0.000,1588.960,1577.759,10570.081,52.800,51.840,53.760,1582.321,1571.199,10564.320,1531.600,1521.921,1554.880,1595.361,1583.999,10575.681
case063_gemm_C0_DEFAULT_N512_q4_rep3,GEMM_ONLY,RCCL,C0_DEFAULT,2048,512,2048,4,3,80,0,PASS,0.000,0.000,0.000,0.000,0.000,0.000,1584.562,1572.803,9589.455,51.440,50.240,52.800,1578.242,1566.402,9582.575,1528.322,1517.122,9527.375,1591.202,1579.361,10211.853
case064_gemm_C0_DEFAULT_N512_q4_rep4,GEMM_ONLY,RCCL,C0_DEFAULT,2048,512,2048,4,4,80,0,PASS,0.000,0.000,0.000,0.000,0.000,0.000,1579.603,1570.244,1592.323,52.800,52.161,53.440,1573.043,1564.644,1585.603,1522.803,1514.403,1536.484,1586.083,1576.482,1599.844
case065_gemm_C0_DEFAULT_N512_q4_rep5,GEMM_ONLY,RCCL,C0_DEFAULT,2048,512,2048,4,5,80,0,PASS,0.000,0.000,0.000,0.000,0.000,0.000,1590.961,1576.480,3401.762,52.800,51.680,53.600,1584.400,1570.720,3396.002,1533.120,1519.840,3344.482,1597.361,1582.559,3407.522
case066_r0_C0_DEFAULT_N512_q4_rep1,R0_FULL_SERIAL,RCCL,C0_DEFAULT,2048,512,2048,4,1,80,0,PASS,1074.240,1069.439,1080.160,1074.240,1069.439,1080.160,1081.280,1076.160,1087.999,1093.440,1088.479,1099.680,1853.040,1846.880,1863.680,762.959,760.160,767.360,1858.720,1852.480,1869.440
case067_r0_C0_DEFAULT_N512_q4_rep2,R0_FULL_SERIAL,RCCL,C0_DEFAULT,2048,512,2048,4,2,80,0,PASS,1073.919,1069.920,1081.120,1073.919,1069.920,1081.120,1080.720,1077.120,1088.000,1093.120,1089.279,1101.279,1852.959,1848.160,1862.080,763.440,760.320,766.720,1858.639,1853.920,1867.680
case068_r0_C0_DEFAULT_N512_q4_rep3,R0_FULL_SERIAL,RCCL,C0_DEFAULT,2048,512,2048,4,3,80,0,PASS,1074.160,1069.280,8725.758,1074.160,1069.280,8725.758,1080.880,1075.999,8731.998,1093.200,1088.320,8743.357,1853.439,1846.720,9508.800,763.280,759.680,766.240,1859.119,1852.320,9514.399
case069_r0_C0_DEFAULT_N512_q4_rep4,R0_FULL_SERIAL,RCCL,C0_DEFAULT,2048,512,2048,4,4,80,0,PASS,1073.600,1070.079,1084.160,1073.600,1070.079,1084.160,1080.560,1076.640,1090.400,1092.800,1089.280,1103.040,1853.361,1847.839,1864.640,763.761,760.960,767.520,1858.961,1853.280,1870.240
case070_r0_C0_DEFAULT_N512_q4_rep5,R0_FULL_SERIAL,RCCL,C0_DEFAULT,2048,512,2048,4,5,80,0,PASS,1074.720,1069.600,7583.198,1074.720,1069.600,7583.198,1081.520,1076.640,7590.718,1094.080,1089.120,7602.558,1854.481,1848.160,8362.238,763.040,760.640,767.360,1860.081,1853.920,8367.838
case071_rs_C0_DEFAULT_N512_q4_rep1,RS_SLICE_SERIAL,RCCL,C0_DEFAULT,2048,512,2048,4,1,80,0,PASS,321.760,317.760,330.080,2392.640,2380.000,2416.160,2398.881,2386.400,2422.400,334.880,330.720,347.520,2781.200,2769.761,2804.639,2451.760,2441.279,2465.279,2786.880,2775.521,2810.239
case072_rs_C0_DEFAULT_N512_q4_rep2,RS_SLICE_SERIAL,RCCL,C0_DEFAULT,2048,512,2048,4,2,80,0,PASS,322.400,318.560,329.760,2394.880,2381.919,2411.839,2401.039,2388.159,2417.919,335.360,331.360,348.160,2781.119,2769.758,2801.280,2451.840,2440.159,2466.721,2786.800,2775.358,2806.880
case073_rs_C0_DEFAULT_N512_q4_rep3,RS_SLICE_SERIAL,RCCL,C0_DEFAULT,2048,512,2048,4,3,80,0,PASS,321.519,317.440,327.520,2387.599,2376.318,2412.640,2393.679,2382.398,2418.720,334.560,330.720,340.798,2772.240,2763.198,2796.320,2443.680,2433.759,2467.520,2777.999,2768.798,2801.920
case074_rs_C0_DEFAULT_N512_q4_rep4,RS_SLICE_SERIAL,RCCL,C0_DEFAULT,2048,512,2048,4,4,80,0,PASS,324.480,321.280,328.799,2393.998,2384.157,2411.356,2400.317,2390.397,2417.596,337.519,334.240,342.080,2781.436,2769.437,2799.037,2449.356,2437.437,2463.038,2787.117,2775.197,2804.797
case075_rs_C0_DEFAULT_N512_q4_rep5,RS_SLICE_SERIAL,RCCL,C0_DEFAULT,2048,512,2048,4,5,80,0,PASS,321.600,317.600,325.760,2387.520,2377.760,2406.240,2393.760,2384.160,2412.480,334.639,330.400,338.720,2774.239,2760.800,2790.238,2444.079,2431.840,2459.998,2779.840,2766.560,2795.840
case076_r1_C0_DEFAULT_N512_q4_rep1,R1_EVENT_OVERLAP,RCCL,C0_DEFAULT,2048,512,2048,4,1,80,0,PASS,324.880,319.520,328.800,1772.959,1724.958,1837.440,1779.679,1732.478,1844.160,338.320,332.800,343.360,2353.599,2335.518,2391.199,2019.120,2003.199,2057.599,2359.359,2341.118,2396.959
case077_r1_C0_DEFAULT_N512_q4_rep2,R1_EVENT_OVERLAP,RCCL,C0_DEFAULT,2048,512,2048,4,2,80,0,PASS,323.120,319.040,328.480,1760.239,1723.519,1838.719,1767.519,1731.359,1845.599,336.719,331.840,342.079,2351.519,2333.918,2390.558,2018.639,2003.040,2042.720,2357.200,2339.519,2396.318
case078_r1_C0_DEFAULT_N512_q4_rep3,R1_EVENT_OVERLAP,RCCL,C0_DEFAULT,2048,512,2048,4,3,80,0,PASS,324.080,319.680,332.160,1800.559,1720.160,1855.198,1807.119,1727.680,1862.398,337.360,332.960,348.480,2355.999,2337.118,2384.000,2022.799,2005.279,2049.120,2361.840,2342.719,2389.760
case079_r1_C0_DEFAULT_N512_q4_rep4,R1_EVENT_OVERLAP,RCCL,C0_DEFAULT,2048,512,2048,4,4,80,0,PASS,324.160,319.040,330.880,1776.080,1721.919,1846.400,1782.960,1729.119,1853.280,337.280,332.000,344.960,2353.199,2336.958,2394.719,2020.079,2003.039,2045.599,2359.039,2342.558,2400.479
case080_r1_C0_DEFAULT_N512_q4_rep5,R1_EVENT_OVERLAP,RCCL,C0_DEFAULT,2048,512,2048,4,5,80,0,PASS,321.920,317.920,329.440,1765.678,1722.079,1847.840,1772.478,1729.440,1854.720,335.360,331.200,344.640,2355.919,2331.839,2443.200,2022.879,2007.519,2070.720,2361.600,2337.439,2448.800
case081_fc_C0_DEFAULT_N512_q4_rep1,FC_FCOLLECT_ONLY,DUSHMEM,C0_DEFAULT,2048,512,2048,4,1,80,0,PASS,7077.520,6975.680,7162.720,7077.520,6975.680,7162.720,7066.560,6964.640,7151.520,0.000,0.000,0.000,0.000,0.000,0.000,0.000,0.000,0.000,7083.120,6981.280,7168.480
case082_fc_C0_DEFAULT_N512_q4_rep2,FC_FCOLLECT_ONLY,DUSHMEM,C0_DEFAULT,2048,512,2048,4,2,80,0,PASS,7072.877,6969.596,7169.119,7072.877,6969.596,7169.119,7061.597,6958.397,7158.239,0.000,0.000,0.000,0.000,0.000,0.000,0.000,0.000,0.000,7078.557,6975.356,7174.719
case083_fc_C0_DEFAULT_N512_q4_rep3,FC_FCOLLECT_ONLY,DUSHMEM,C0_DEFAULT,2048,512,2048,4,3,80,0,PASS,7081.195,6970.878,7168.155,7081.195,6970.878,7168.155,7069.915,6959.998,7156.955,0.000,0.000,0.000,0.000,0.000,0.000,0.000,0.000,0.000,7086.795,6976.478,7173.915
case084_fc_C0_DEFAULT_N512_q4_rep4,FC_FCOLLECT_ONLY,DUSHMEM,C0_DEFAULT,2048,512,2048,4,4,80,0,PASS,7077.038,6972.319,7169.118,7077.038,6972.319,7169.118,7065.357,6960.796,7158.078,0.000,0.000,0.000,0.000,0.000,0.000,0.000,0.000,0.000,7082.718,6978.079,7174.878
case085_fc_C0_DEFAULT_N512_q4_rep5,FC_FCOLLECT_ONLY,DUSHMEM,C0_DEFAULT,2048,512,2048,4,5,80,0,PASS,7073.516,6977.759,7173.601,7073.516,6977.759,7173.601,7061.997,6966.399,7161.761,0.000,0.000,0.000,0.000,0.000,0.000,0.000,0.000,0.000,7079.276,6983.359,7179.361
case086_dc_C0_DEFAULT_N512_q4_rep1,DC_PUSHSIG_ONLY,DUSHMEM,C0_DEFAULT,2048,512,2048,4,1,80,0,PASS,4351.199,1124.960,17454.402,6516.799,3249.119,19956.309,5272.797,2703.520,13238.392,0.000,0.000,0.000,0.000,0.000,0.000,0.000,0.000,0.000,6525.519,3259.999,19962.068
case087_dc_C0_DEFAULT_N512_q4_rep2,DC_PUSHSIG_ONLY,DUSHMEM,C0_DEFAULT,2048,512,2048,4,2,80,0,PASS,4894.800,1108.960,12535.833,7307.998,3238.559,14362.712,5186.880,3044.478,13016.793,0.000,0.000,0.000,0.000,0.000,0.000,0.000,0.000,0.000,7315.838,3255.039,14368.312
case088_dc_C0_DEFAULT_N512_q4_rep3,DC_PUSHSIG_ONLY,DUSHMEM,C0_DEFAULT,2048,512,2048,4,3,80,0,PASS,4571.198,1063.520,19108.148,6574.797,3237.759,20864.787,4086.560,2776.477,13290.711,0.000,0.000,0.000,0.000,0.000,0.000,0.000,0.000,0.000,6587.596,3253.279,20870.387
case089_dc_C0_DEFAULT_N512_q4_rep4,DC_PUSHSIG_ONLY,DUSHMEM,C0_DEFAULT,2048,512,2048,4,4,80,0,PASS,4555.760,1124.640,20334.080,6474.479,3311.839,22174.867,6089.837,3264.159,12822.080,0.000,0.000,0.000,0.000,0.000,0.000,0.000,0.000,0.000,6484.719,3321.279,22180.467
case090_dc_C0_DEFAULT_N512_q4_rep5,DC_PUSHSIG_ONLY,DUSHMEM,C0_DEFAULT,2048,512,2048,4,5,80,0,PASS,4247.198,1100.160,14220.156,6380.159,3295.518,20760.156,5645.837,3188.800,12779.194,0.000,0.000,0.000,0.000,0.000,0.000,0.000,0.000,0.000,6393.680,3310.558,20765.756
case091_d0_C0_DEFAULT_N512_q4_rep1,D0_FCOLLECT_SERIAL,DUSHMEM,C0_DEFAULT,2048,512,2048,4,1,80,0,PASS,7071.360,6952.318,7147.839,7071.360,6952.318,7147.839,7077.520,6958.718,7154.239,7090.400,6971.678,7166.076,7853.599,7736.801,7928.000,763.360,760.960,767.520,7859.199,7742.561,7933.600
case092_d0_C0_DEFAULT_N512_q4_rep2,D0_FCOLLECT_SERIAL,DUSHMEM,C0_DEFAULT,2048,512,2048,4,2,80,0,PASS,7071.118,6961.280,7156.639,7071.118,6961.280,7156.639,7077.119,6967.200,7162.399,7089.278,6979.520,7174.559,7853.274,7740.954,7934.720,763.439,760.480,766.720,7858.877,7746.714,7940.320
case093_d0_C0_DEFAULT_N512_q4_rep3,D0_FCOLLECT_SERIAL,DUSHMEM,C0_DEFAULT,2048,512,2048,4,3,80,0,PASS,7071.438,6959.680,7152.960,7071.438,6959.680,7152.960,7077.680,6965.920,7159.360,7089.680,6978.880,7172.320,7850.478,7743.038,7934.398,763.840,761.280,767.040,7856.078,7748.638,7939.998
case094_d0_C0_DEFAULT_N512_q4_rep4,D0_FCOLLECT_SERIAL,DUSHMEM,C0_DEFAULT,2048,512,2048,4,4,80,0,PASS,7068.718,6957.437,7155.198,7068.718,6957.437,7155.198,7075.038,6964.637,7161.276,7086.958,6976.957,7173.916,7848.320,7735.039,7932.636,763.199,761.119,767.680,7854.081,7740.479,7938.236
case095_d0_C0_DEFAULT_N512_q4_rep5,D0_FCOLLECT_SERIAL,DUSHMEM,C0_DEFAULT,2048,512,2048,4,5,80,0,PASS,7069.678,6955.519,7153.280,7069.678,6955.519,7153.280,7076.639,6961.919,7159.360,7088.959,6974.878,7171.679,7849.916,7736.160,7932.638,763.360,760.480,766.239,7855.596,7741.920,7938.078
case096_ds_C0_DEFAULT_N512_q4_rep1,DS_PUSHSIG_SERIAL,DUSHMEM,C0_DEFAULT,2048,512,2048,4,1,80,0,PASS,1177.840,1090.880,10697.113,10757.518,4766.399,22764.633,12649.114,5273.439,23493.744,1183.519,1096.640,10703.674,11141.518,5158.559,23154.715,6942.800,3954.718,16832.957,12653.914,5275.679,23495.824
case097_ds_C0_DEFAULT_N512_q4_rep2,DS_PUSHSIG_SERIAL,DUSHMEM,C0_DEFAULT,2048,512,2048,4,2,80,0,PASS,1168.240,1098.239,13682.721,9750.076,4700.957,26819.182,12217.034,5220.798,27339.500,1174.159,1103.999,13689.761,10137.276,5100.477,27220.143,7202.396,3911.519,13781.756,12221.434,5225.277,27343.980
case098_ds_C0_DEFAULT_N512_q4_rep3,DS_PUSHSIG_SERIAL,DUSHMEM,C0_DEFAULT,2048,512,2048,4,3,80,0,PASS,1158.159,1054.560,9611.834,9894.476,4812.477,21357.264,12177.117,5317.277,22345.275,1164.080,1060.320,9617.754,10280.316,5205.277,21742.385,7829.115,4109.759,13843.510,12179.357,5321.597,22347.516
case099_ds_C0_DEFAULT_N512_q4_rep4,DS_PUSHSIG_SERIAL,DUSHMEM,C0_DEFAULT,2048,512,2048,4,4,80,0,PASS,1145.039,1088.959,11010.882,10069.438,4712.638,20818.561,13178.319,5281.437,21323.201,1154.719,1102.720,11166.233,10453.358,5103.517,21206.080,6843.117,3952.479,16427.996,13182.717,5290.717,21328.320
case100_ds_C0_DEFAULT_N512_q4_rep5,DS_PUSHSIG_SERIAL,DUSHMEM,C0_DEFAULT,2048,512,2048,4,5,80,0,PASS,1095.039,1044.800,10651.038,9289.279,4622.399,22986.715,11576.796,5227.199,23463.516,1100.799,1050.560,10656.638,9676.798,5025.279,23356.637,8521.516,3948.479,14046.710,11585.676,5235.519,23465.438
case101_d1_C0_DEFAULT_N512_q4_rep1,D1_PUSHSIG_OVERLAP,DUSHMEM,C0_DEFAULT,2048,512,2048,4,1,80,0,PASS,1142.159,1047.519,10878.237,9848.719,4872.479,23705.594,13037.354,5401.118,24220.793,1147.919,1053.279,10884.158,10240.717,5268.159,24098.553,7902.158,4064.320,16273.268,13044.714,5407.038,24232.152
case102_d1_C0_DEFAULT_N512_q4_rep2,D1_PUSHSIG_OVERLAP,DUSHMEM,C0_DEFAULT,2048,512,2048,4,2,80,0,PASS,1177.759,1133.760,16098.070,9806.875,4919.838,28433.264,12233.516,5450.718,28932.943,1183.759,1139.520,16104.950,11231.917,5313.118,28808.945,9123.114,4160.479,14740.958,12241.117,5458.398,28941.105
case103_d1_C0_DEFAULT_N512_q4_rep3,D1_PUSHSIG_OVERLAP,DUSHMEM,C0_DEFAULT,2048,512,2048,4,3,80,0,PASS,1160.320,1072.640,10443.361,9649.679,4832.797,24764.305,11515.515,5332.959,25287.186,1166.080,1078.400,10449.121,10038.159,5217.919,25172.627,7768.640,4026.719,15453.911,11517.275,5334.399,25289.428
case104_d1_C0_DEFAULT_N512_q4_rep4,D1_PUSHSIG_OVERLAP,DUSHMEM,C0_DEFAULT,2048,512,2048,4,4,80,0,PASS,1198.560,1113.919,10838.080,9793.597,4800.799,18242.076,12697.594,5350.239,18752.477,1205.280,1119.839,10844.320,10184.077,5189.119,18635.516,7743.358,4023.520,13664.959,12704.155,5358.559,18755.355
case105_d1_C0_DEFAULT_N512_q4_rep5,D1_PUSHSIG_OVERLAP,DUSHMEM,C0_DEFAULT,2048,512,2048,4,5,80,0,PASS,1155.039,1062.080,12751.833,9884.717,4788.639,20206.557,11777.115,5396.960,21122.068,1160.719,1067.840,12757.593,10641.519,5177.599,20593.756,8025.675,3986.078,13788.312,11779.275,5401.599,21123.348
case106_d1w_C0_DEFAULT_N512_q4_rep1,D1W_WAITSTREAM_OVERLAP,DUSHMEM,C0_DEFAULT,2048,512,2048,4,1,80,0,PASS,1174.160,1119.840,10494.874,10239.595,4973.916,24510.223,12649.835,5531.199,25031.344,1206.320,1148.480,10545.914,10642.796,5390.238,24913.744,9474.556,4240.637,14110.391,12657.034,5537.919,25040.145
case107_d1w_C0_DEFAULT_N512_q4_rep2,D1W_WAITSTREAM_OVERLAP,DUSHMEM,C0_DEFAULT,2048,512,2048,4,2,80,0,PASS,1158.639,1094.719,17309.117,10407.680,4901.279,28548.463,13702.156,5479.359,29077.105,1188.879,1124.639,17360.154,10816.879,5301.439,28949.904,7820.879,4141.120,15372.149,13708.796,5487.679,29084.783
case108_d1w_C0_DEFAULT_N512_q4_rep3,D1W_WAITSTREAM_OVERLAP,DUSHMEM,C0_DEFAULT,2048,512,2048,4,3,80,0,PASS,1150.959,1085.759,9524.155,10084.475,4870.076,22935.668,12680.397,5404.159,23470.389,1182.239,1116.480,9554.396,10485.115,5276.639,23360.469,7727.917,4127.997,14122.238,12684.797,5406.559,23471.668
case109_d1w_C0_DEFAULT_N512_q4_rep4,D1W_WAITSTREAM_OVERLAP,DUSHMEM,C0_DEFAULT,2048,512,2048,4,4,80,0,PASS,1124.879,1076.319,11040.156,9756.236,4885.596,24163.512,13051.198,5435.359,24696.633,1153.679,1104.959,11085.432,10196.396,5286.396,24569.271,8886.159,4175.839,20345.598,13057.998,5442.879,24704.953
case110_d1w_C0_DEFAULT_N512_q4_rep5,D1W_WAITSTREAM_OVERLAP,DUSHMEM,C0_DEFAULT,2048,512,2048,4,5,80,0,PASS,1166.400,1098.879,8447.996,9856.078,5037.438,17124.797,12277.193,5575.677,20398.389,1198.079,1136.960,8479.195,10264.075,5438.237,17524.475,8606.638,4263.361,14143.991,12279.673,5581.597,20400.627
case111_comm_C0_DEFAULT_N512_q8_rep1,COMM_ONLY,RCCL,C0_DEFAULT,2048,512,2048,8,1,80,0,PASS,198.160,194.400,3882.079,1439.919,1424.159,5118.559,1445.999,1430.079,5124.159,0.000,0.000,0.000,0.000,0.000,0.000,0.000,0.000,0.000,1452.080,1435.839,5129.759
case112_comm_C0_DEFAULT_N512_q8_rep2,COMM_ONLY,RCCL,C0_DEFAULT,2048,512,2048,8,2,80,0,PASS,199.120,193.920,204.640,1435.200,1422.560,1451.359,1441.040,1428.479,1457.119,0.000,0.000,0.000,0.000,0.000,0.000,0.000,0.000,0.000,1447.120,1433.919,1462.879
case113_comm_C0_DEFAULT_N512_q8_rep3,COMM_ONLY,RCCL,C0_DEFAULT,2048,512,2048,8,3,80,0,PASS,197.440,194.240,203.520,1432.399,1421.279,1448.479,1438.159,1427.039,1454.399,0.000,0.000,0.000,0.000,0.000,0.000,0.000,0.000,0.000,1443.999,1432.639,1459.999
case114_comm_C0_DEFAULT_N512_q8_rep4,COMM_ONLY,RCCL,C0_DEFAULT,2048,512,2048,8,4,80,0,PASS,198.080,194.080,201.600,1439.439,1419.360,1449.120,1446.159,1425.920,1455.680,0.000,0.000,0.000,0.000,0.000,0.000,0.000,0.000,0.000,1452.318,1432.640,1462.240
case115_comm_C0_DEFAULT_N512_q8_rep5,COMM_ONLY,RCCL,C0_DEFAULT,2048,512,2048,8,5,80,0,PASS,198.000,194.080,202.400,1432.480,1419.999,1446.559,1438.720,1425.919,1452.959,0.000,0.000,0.000,0.000,0.000,0.000,0.000,0.000,0.000,1444.480,1431.839,1459.199
case116_gemm_C0_DEFAULT_N512_q8_rep1,GEMM_ONLY,RCCL,C0_DEFAULT,2048,512,2048,8,1,80,0,PASS,0.000,0.000,0.000,0.000,0.000,0.000,1223.279,1214.400,2729.918,50.959,49.600,52.480,1216.879,1208.160,2723.518,1168.640,1160.320,2676.318,1229.040,1220.320,2735.518
case117_gemm_C0_DEFAULT_N512_q8_rep2,GEMM_ONLY,RCCL,C0_DEFAULT,2048,512,2048,8,2,80,0,PASS,0.000,0.000,0.000,0.000,0.000,0.000,1220.480,1216.800,4894.560,52.640,51.518,53.600,1214.080,1210.400,1233.278,1164.800,1161.440,1184.480,1226.240,1222.560,4900.640
case118_gemm_C0_DEFAULT_N512_q8_rep3,GEMM_ONLY,RCCL,C0_DEFAULT,2048,512,2048,8,3,80,0,PASS,0.000,0.000,0.000,0.000,0.000,0.000,1223.760,1215.198,5166.879,51.838,50.878,52.640,1217.440,1208.958,5160.479,1168.320,1160.160,5111.839,1229.679,1220.958,5172.799
case119_gemm_C0_DEFAULT_N512_q8_rep4,GEMM_ONLY,RCCL,C0_DEFAULT,2048,512,2048,8,4,80,0,PASS,0.000,0.000,0.000,0.000,0.000,0.000,1224.479,1214.718,10722.718,51.839,50.720,52.800,1218.318,1208.798,10716.798,1168.079,1158.720,10665.278,1230.238,1220.638,10728.479
case120_gemm_C0_DEFAULT_N512_q8_rep5,GEMM_ONLY,RCCL,C0_DEFAULT,2048,512,2048,8,5,80,0,PASS,0.000,0.000,0.000,0.000,0.000,0.000,1225.519,1212.798,11211.198,52.000,50.720,52.960,1219.198,1206.558,11205.118,1170.800,1158.720,11154.558,1232.079,1218.558,11216.798
case121_r0_C0_DEFAULT_N512_q8_rep1,R0_FULL_SERIAL,RCCL,C0_DEFAULT,2048,512,2048,8,1,80,0,PASS,1073.840,1070.080,1079.360,1073.840,1070.080,1079.360,1081.039,1077.280,1086.880,1093.280,1089.280,1099.200,1852.960,1848.318,1862.878,762.960,760.160,766.239,1858.560,1853.918,1868.478
case122_r0_C0_DEFAULT_N512_q8_rep2,R0_FULL_SERIAL,RCCL,C0_DEFAULT,2048,512,2048,8,2,80,0,PASS,1073.599,1068.640,1078.720,1073.599,1068.640,1078.720,1080.080,1075.839,1085.760,1092.639,1088.639,1098.880,1851.680,1847.040,1860.480,762.880,760.319,767.200,1857.439,1852.799,1866.240
case123_r0_C0_DEFAULT_N512_q8_rep3,R0_FULL_SERIAL,RCCL,C0_DEFAULT,2048,512,2048,8,3,80,0,PASS,1073.200,1069.119,1081.920,1073.200,1069.119,1081.920,1080.318,1076.159,1091.040,1092.479,1088.639,1106.719,1853.200,1848.479,1868.799,763.440,760.320,767.360,1858.800,1854.239,1874.559
case124_r0_C0_DEFAULT_N512_q8_rep4,R0_FULL_SERIAL,RCCL,C0_DEFAULT,2048,512,2048,8,4,80,0,PASS,1074.240,1069.599,1083.520,1074.240,1069.599,1083.520,1081.119,1076.320,1090.080,1093.360,1089.119,1104.160,1853.519,1848.960,1864.320,763.360,760.480,766.880,1859.198,1854.720,1870.080
case125_r0_C0_DEFAULT_N512_q8_rep5,R0_FULL_SERIAL,RCCL,C0_DEFAULT,2048,512,2048,8,5,80,0,PASS,1073.840,1070.720,1081.600,1073.840,1070.720,1081.600,1080.880,1077.440,1088.480,1093.280,1089.919,1100.799,1853.120,1847.839,1862.399,763.600,760.160,767.200,1858.720,1853.439,1867.999
case126_rs_C0_DEFAULT_N512_q8_rep1,RS_SLICE_SERIAL,RCCL,C0_DEFAULT,2048,512,2048,8,1,80,0,PASS,200.640,196.480,206.400,2545.039,2534.878,2560.800,2551.439,2541.118,2567.200,213.200,209.600,219.680,2697.199,2687.200,2713.280,2487.280,2479.039,2501.440,2703.039,2692.958,2719.040
case127_rs_C0_DEFAULT_N512_q8_rep2,RS_SLICE_SERIAL,RCCL,C0_DEFAULT,2048,512,2048,8,2,80,0,PASS,199.760,196.960,205.440,2544.399,2536.321,2559.680,2550.720,2542.719,2566.080,213.280,210.080,219.360,2697.279,2688.001,2711.679,2488.320,2480.640,2498.719,2703.519,2694.239,2717.439
case128_rs_C0_DEFAULT_N512_q8_rep3,RS_SLICE_SERIAL,RCCL,C0_DEFAULT,2048,512,2048,8,3,80,0,PASS,201.120,197.760,210.720,2544.960,2537.120,2564.959,2551.280,2543.840,2571.359,214.480,210.719,224.320,2696.719,2688.320,2717.919,2487.039,2477.919,2497.760,2702.879,2694.400,2724.159
case129_rs_C0_DEFAULT_N512_q8_rep4,RS_SLICE_SERIAL,RCCL,C0_DEFAULT,2048,512,2048,8,4,80,0,PASS,200.160,196.158,206.560,2549.439,2537.600,2566.559,2555.757,2543.840,2572.799,213.520,208.960,220.640,2702.637,2690.080,2719.359,2492.399,2483.039,2503.999,2708.477,2696.320,2725.119
case130_rs_C0_DEFAULT_N512_q8_rep5,RS_SLICE_SERIAL,RCCL,C0_DEFAULT,2048,512,2048,8,5,80,0,PASS,199.360,196.480,204.800,2544.159,2535.839,2559.359,2550.480,2542.239,2565.759,212.320,209.280,217.920,2696.960,2687.839,2712.161,2488.319,2480.959,2500.959,2703.040,2693.919,2717.761
case131_r1_C0_DEFAULT_N512_q8_rep1,R1_EVENT_OVERLAP,RCCL,C0_DEFAULT,2048,512,2048,8,1,80,0,PASS,199.600,196.320,203.039,1946.080,1925.761,1980.959,1963.280,1939.360,2004.000,212.320,209.440,216.000,2128.479,2099.841,2163.679,1919.120,1889.761,1950.079,2134.480,2105.921,2169.279
case132_r1_C0_DEFAULT_N512_q8_rep2,R1_EVENT_OVERLAP,RCCL,C0_DEFAULT,2048,512,2048,8,2,80,0,PASS,199.680,195.680,206.240,1948.240,1912.800,1982.880,1966.639,1934.400,2006.720,212.640,208.320,219.200,2133.999,2098.719,2169.760,1922.079,1887.839,1963.359,2140.079,2104.799,2176.000
case133_r1_C0_DEFAULT_N512_q8_rep3,R1_EVENT_OVERLAP,RCCL,C0_DEFAULT,2048,512,2048,8,3,80,0,PASS,198.802,195.522,204.802,1937.854,1908.974,1972.174,1956.255,1922.893,1995.215,211.522,208.321,217.282,2124.336,2096.816,2166.096,1916.735,1890.095,1954.574,2130.417,2102.896,2171.856
case134_r1_C0_DEFAULT_N512_q8_rep4,R1_EVENT_OVERLAP,RCCL,C0_DEFAULT,2048,512,2048,8,4,80,0,PASS,200.401,196.641,207.520,1945.365,1912.966,1987.845,1963.604,1931.686,2012.966,213.280,209.120,220.160,2131.526,2098.405,2173.286,1920.965,1891.686,1957.606,2137.686,2104.165,2179.527
case135_r1_C0_DEFAULT_N512_q8_rep5,R1_EVENT_OVERLAP,RCCL,C0_DEFAULT,2048,512,2048,8,5,80,0,PASS,199.040,195.840,204.000,1948.399,1918.399,1983.998,1967.039,1937.280,2003.837,211.839,208.160,216.160,2133.120,2106.559,2171.839,1922.960,1898.240,1961.759,2139.040,2112.480,2177.599
case136_fc_C0_DEFAULT_N512_q8_rep1,FC_FCOLLECT_ONLY,DUSHMEM,C0_DEFAULT,2048,512,2048,8,1,80,0,PASS,7076.247,6967.687,7178.087,7076.247,6967.687,7178.087,7065.127,6956.167,7167.047,0.000,0.000,0.000,0.000,0.000,0.000,0.000,0.000,0.000,7081.926,6973.287,7183.847
case137_fc_C0_DEFAULT_N512_q8_rep2,FC_FCOLLECT_ONLY,DUSHMEM,C0_DEFAULT,2048,512,2048,8,2,80,0,PASS,7070.647,6977.284,7161.127,7070.647,6977.284,7161.127,7059.207,6965.604,7148.967,0.000,0.000,0.000,0.000,0.000,0.000,0.000,0.000,0.000,7076.487,6983.044,7166.887
case138_fc_C0_DEFAULT_N512_q8_rep3,FC_FCOLLECT_ONLY,DUSHMEM,C0_DEFAULT,2048,512,2048,8,3,80,0,PASS,7081.208,6980.008,7167.209,7081.208,6980.008,7167.209,7069.688,6968.808,7155.369,0.000,0.000,0.000,0.000,0.000,0.000,0.000,0.000,0.000,7086.888,6985.609,7172.969
case139_fc_C0_DEFAULT_N512_q8_rep4,FC_FCOLLECT_ONLY,DUSHMEM,C0_DEFAULT,2048,512,2048,8,4,80,0,PASS,7068.321,6975.361,7171.681,7068.321,6975.361,7171.681,7056.801,6963.841,7160.161,0.000,0.000,0.000,0.000,0.000,0.000,0.000,0.000,0.000,7073.921,6981.121,7177.281
case140_fc_C0_DEFAULT_N512_q8_rep5,FC_FCOLLECT_ONLY,DUSHMEM,C0_DEFAULT,2048,512,2048,8,5,80,0,PASS,7073.041,6964.481,7163.042,7073.041,6964.481,7163.042,7061.521,6953.120,7151.362,0.000,0.000,0.000,0.000,0.000,0.000,0.000,0.000,0.000,7078.641,6970.241,7168.642
case141_dc_C0_DEFAULT_N512_q8_rep1,DC_PUSHSIG_ONLY,DUSHMEM,C0_DEFAULT,2048,512,2048,8,1,80,0,PASS,762.320,716.001,12182.718,14502.246,4633.919,18363.844,14387.602,4608.159,14898.077,0.000,0.000,0.000,0.000,0.000,0.000,0.000,0.000,0.000,14518.004,4647.359,18370.084
case142_dc_C0_DEFAULT_N512_q8_rep2,DC_PUSHSIG_ONLY,DUSHMEM,C0_DEFAULT,2048,512,2048,8,2,80,0,PASS,752.640,730.560,10782.563,13987.041,4653.602,15168.804,12346.084,4644.000,14928.324,0.000,0.000,0.000,0.000,0.000,0.000,0.000,0.000,0.000,14001.922,4668.322,15182.084
case143_dc_C0_DEFAULT_N512_q8_rep3,DC_PUSHSIG_ONLY,DUSHMEM,C0_DEFAULT,2048,512,2048,8,3,80,0,PASS,740.400,705.599,16564.477,14403.362,4682.400,20322.234,14060.325,4658.402,14920.804,0.000,0.000,0.000,0.000,0.000,0.000,0.000,0.000,0.000,14414.402,4695.361,20327.996
case144_dc_C0_DEFAULT_N512_q8_rep4,DC_PUSHSIG_ONLY,DUSHMEM,C0_DEFAULT,2048,512,2048,8,4,80,0,PASS,810.080,709.120,18189.752,14332.882,4645.599,23046.869,13925.999,4601.600,14803.833,0.000,0.000,0.000,0.000,0.000,0.000,0.000,0.000,0.000,14345.922,4658.719,23052.629
case145_dc_C0_DEFAULT_N512_q8_rep5,DC_PUSHSIG_ONLY,DUSHMEM,C0_DEFAULT,2048,512,2048,8,5,80,0,PASS,746.720,693.760,14497.438,14238.637,4634.559,21461.916,13968.788,4606.399,14734.558,0.000,0.000,0.000,0.000,0.000,0.000,0.000,0.000,0.000,14256.398,4645.919,21467.676
case146_d0_C0_DEFAULT_N512_q8_rep1,D0_FCOLLECT_SERIAL,DUSHMEM,C0_DEFAULT,2048,512,2048,8,1,80,0,PASS,7070.079,6963.518,7157.115,7070.079,6963.518,7157.115,7076.479,6969.278,7163.195,7089.038,6981.599,7175.675,7851.515,7743.836,7937.119,763.200,760.320,767.840,7857.115,7749.436,7942.719
case147_d0_C0_DEFAULT_N512_q8_rep2,D0_FCOLLECT_SERIAL,DUSHMEM,C0_DEFAULT,2048,512,2048,8,2,80,0,PASS,7061.495,6961.735,7143.495,7061.495,6961.735,7143.495,7067.095,6967.335,7150.055,7079.414,6979.655,7161.575,7841.571,7740.451,7923.972,763.597,760.957,767.037,7848.371,7746.051,7929.572
case148_d0_C0_DEFAULT_N512_q8_rep3,D0_FCOLLECT_SERIAL,DUSHMEM,C0_DEFAULT,2048,512,2048,8,3,80,0,PASS,7068.397,6957.119,7147.676,7068.397,6957.119,7147.676,7074.077,6962.879,7154.076,7086.316,6975.836,7166.719,7847.755,7737.759,7927.200,763.520,760.960,768.160,7853.435,7743.199,7932.800
case149_d0_C0_DEFAULT_N512_q8_rep4,D0_FCOLLECT_SERIAL,DUSHMEM,C0_DEFAULT,2048,512,2048,8,4,80,0,PASS,7063.915,6949.439,7151.195,7063.915,6949.439,7151.195,7070.475,6955.359,7157.921,7082.957,6968.159,7169.919,7843.119,7727.678,7930.401,763.200,760.640,765.920,7848.799,7733.278,7936.161
case150_d0_C0_DEFAULT_N512_q8_rep5,D0_FCOLLECT_SERIAL,DUSHMEM,C0_DEFAULT,2048,512,2048,8,5,80,0,PASS,7058.155,6969.433,7148.633,7058.155,6969.433,7148.633,7064.635,6976.793,7154.713,7076.795,6989.273,7167.513,7836.637,7752.313,7929.276,763.039,759.839,768.319,7842.238,7757.913,7934.876
case151_ds_C0_DEFAULT_N512_q8_rep1,DS_PUSHSIG_SERIAL,DUSHMEM,C0_DEFAULT,2048,512,2048,8,1,80,0,PASS,758.080,734.080,11124.947,16467.833,6477.436,25531.508,16793.433,6736.316,25781.908,763.840,741.120,11131.828,16651.112,6638.876,25689.748,14704.788,5874.716,21284.150,16799.432,6741.916,25790.869
case152_ds_C0_DEFAULT_N512_q8_rep2,DS_PUSHSIG_SERIAL,DUSHMEM,C0_DEFAULT,2048,512,2048,8,2,80,0,PASS,751.439,731.679,15963.829,16519.755,6468.798,26453.264,16802.794,6715.838,26707.824,757.359,738.239,15970.869,16713.753,6624.639,26614.223,15057.354,5862.559,20387.514,16816.236,6719.198,26711.184
case153_ds_C0_DEFAULT_N512_q8_rep3,DS_PUSHSIG_SERIAL,DUSHMEM,C0_DEFAULT,2048,512,2048,8,3,80,0,PASS,754.640,707.680,12609.440,16487.996,6390.236,27680.795,16763.916,6644.956,28680.303,760.399,713.440,12617.281,16673.117,6550.076,27831.035,15188.392,5808.797,20473.436,16765.672,6651.354,28686.545
case154_ds_C0_DEFAULT_N512_q8_rep4,DS_PUSHSIG_SERIAL,DUSHMEM,C0_DEFAULT,2048,512,2048,8,4,80,0,PASS,750.399,733.600,10861.438,16307.669,6544.957,25760.471,16675.270,6794.557,26009.752,756.239,739.360,10868.478,16522.629,6699.997,25913.592,14801.756,5956.479,24765.260,16684.391,6801.117,26015.191
case155_ds_C0_DEFAULT_N512_q8_rep5,DS_PUSHSIG_SERIAL,DUSHMEM,C0_DEFAULT,2048,512,2048,8,5,80,0,PASS,756.799,725.599,10698.238,16236.799,6381.598,25969.113,16515.196,6619.359,26207.512,762.559,731.359,10704.158,16424.156,6531.198,26120.633,14912.392,5755.039,25343.996,16513.436,6621.597,26211.512
case156_d1_C0_DEFAULT_N512_q8_rep1,D1_PUSHSIG_OVERLAP,DUSHMEM,C0_DEFAULT,2048,512,2048,8,1,80,0,PASS,751.920,725.599,10754.554,16347.436,6452.318,24890.713,16603.196,6712.639,25151.031,757.680,731.519,10760.314,16510.317,6618.559,25053.592,13323.434,5856.475,21758.240,16607.436,6716.958,25156.471
case157_d1_C0_DEFAULT_N512_q8_rep2,D1_PUSHSIG_OVERLAP,DUSHMEM,C0_DEFAULT,2048,512,2048,8,2,80,0,PASS,767.600,741.119,14123.039,15766.153,6404.955,28476.631,16457.113,6657.115,28715.352,773.439,747.039,14129.919,16002.717,6559.835,28626.232,13767.350,5800.797,20923.355,16460.952,6663.035,28716.791
case158_d1_C0_DEFAULT_N512_q8_rep3,D1_PUSHSIG_OVERLAP,DUSHMEM,C0_DEFAULT,2048,512,2048,8,3,80,0,PASS,747.600,728.640,18599.510,16582.878,6482.878,29268.803,16884.877,6764.958,29502.723,754.479,734.719,18606.391,16743.595,6655.679,29413.922,13950.157,5911.519,21607.680,16890.076,6770.558,29505.441
case159_d1_C0_DEFAULT_N512_q8_rep4,D1_PUSHSIG_OVERLAP,DUSHMEM,C0_DEFAULT,2048,512,2048,8,4,80,0,PASS,763.280,723.200,20363.203,16324.955,6440.958,26174.066,16693.522,6698.876,26411.986,769.120,729.440,20370.084,16536.632,6604.476,26321.133,15388.798,5860.639,23760.635,16695.762,6705.116,26415.666
case160_d1_C0_DEFAULT_N512_q8_rep5,D1_PUSHSIG_OVERLAP,DUSHMEM,C0_DEFAULT,2048,512,2048,8,5,80,0,PASS,779.360,734.400,19680.643,16301.039,6466.880,25849.436,16668.957,6725.117,26491.363,785.280,740.160,19687.525,16451.198,6629.119,25995.836,14119.277,5857.760,19806.400,16672.958,6731.837,26493.924
case161_d1w_C0_DEFAULT_N512_q8_rep1,D1W_WAITSTREAM_OVERLAP,DUSHMEM,C0_DEFAULT,2048,512,2048,8,1,80,0,PASS,734.079,717.440,12971.194,16470.800,6565.279,27806.547,16876.635,6851.677,28070.389,763.519,746.080,13003.515,16641.760,6735.677,27974.869,13943.435,5991.197,24027.680,16883.837,6860.317,28077.107
case162_d1w_C0_DEFAULT_N512_q8_rep2,D1W_WAITSTREAM_OVERLAP,DUSHMEM,C0_DEFAULT,2048,512,2048,8,2,80,0,PASS,760.160,721.120,20237.916,16286.392,6571.199,26943.982,16572.874,6837.599,27221.584,790.640,749.920,20270.555,16470.954,6740.959,27132.145,14757.598,5971.999,23055.520,16577.515,6844.639,27223.664
case163_d1w_C0_DEFAULT_N512_q8_rep3,D1W_WAITSTREAM_OVERLAP,DUSHMEM,C0_DEFAULT,2048,512,2048,8,3,80,0,PASS,751.199,736.160,10873.276,16443.274,6563.999,26372.154,16816.717,6837.116,30695.340,782.399,766.080,12343.353,16621.833,6737.279,26739.824,15693.271,5963.839,20965.748,16824.397,6841.279,30702.061
case164_d1w_C0_DEFAULT_N512_q8_rep4,D1W_WAITSTREAM_OVERLAP,DUSHMEM,C0_DEFAULT,2048,512,2048,8,4,80,0,PASS,755.200,728.000,12120.158,16318.074,6648.476,26602.074,16909.116,6961.919,26874.074,789.279,763.200,12152.798,16495.193,6831.519,26771.516,14134.233,6053.919,21567.664,16916.796,6968.799,26880.635
case165_d1w_C0_DEFAULT_N512_q8_rep5,D1W_WAITSTREAM_OVERLAP,DUSHMEM,C0_DEFAULT,2048,512,2048,8,5,80,0,PASS,760.559,726.719,16604.156,16580.236,6482.719,26010.398,16851.752,6743.838,26285.600,791.680,760.480,16639.998,16749.036,6651.359,26192.959,14956.634,5862.559,19621.428,16858.310,6748.318,26292.957
case166_comm_C0_DEFAULT_N2048_q2_rep1,COMM_ONLY,RCCL,C0_DEFAULT,2048,2048,2048,2,1,80,0,PASS,634.800,627.520,652.320,1172.480,1165.600,1188.000,1179.039,1172.000,1194.560,0.000,0.000,0.000,0.000,0.000,0.000,0.000,0.000,0.000,1185.439,1177.600,1200.800
case167_comm_C0_DEFAULT_N2048_q2_rep2,COMM_ONLY,RCCL,C0_DEFAULT,2048,2048,2048,2,2,80,0,PASS,635.840,628.320,649.440,1171.919,1165.440,1184.800,1178.479,1172.000,1191.360,0.000,0.000,0.000,0.000,0.000,0.000,0.000,0.000,0.000,1184.639,1178.080,1197.920
case168_comm_C0_DEFAULT_N2048_q2_rep3,COMM_ONLY,RCCL,C0_DEFAULT,2048,2048,2048,2,3,80,0,PASS,636.880,628.640,10550.072,1174.000,1166.400,11110.552,1180.480,1172.319,11117.112,0.000,0.000,0.000,0.000,0.000,0.000,0.000,0.000,0.000,1186.800,1178.400,11123.352
case169_comm_C0_DEFAULT_N2048_q2_rep4,COMM_ONLY,RCCL,C0_DEFAULT,2048,2048,2048,2,4,80,0,PASS,633.120,625.120,641.440,1170.239,1163.839,1178.399,1176.639,1170.399,1184.959,0.000,0.000,0.000,0.000,0.000,0.000,0.000,0.000,0.000,1182.879,1176.480,1191.199
case170_comm_C0_DEFAULT_N2048_q2_rep5,COMM_ONLY,RCCL,C0_DEFAULT,2048,2048,2048,2,5,80,0,PASS,634.160,629.120,650.879,1172.480,1166.240,1188.319,1178.561,1172.800,1194.719,0.000,0.000,0.000,0.000,0.000,0.000,0.000,0.000,0.000,1184.639,1179.200,1201.119
case171_gemm_C0_DEFAULT_N2048_q2_rep1,GEMM_ONLY,RCCL,C0_DEFAULT,2048,2048,2048,2,1,80,0,PASS,0.000,0.000,0.000,0.000,0.000,0.000,3378.800,3372.958,3392.801,216.960,216.160,217.760,3372.240,3366.398,3386.081,3156.158,3150.398,3169.761,3385.279,3379.518,3399.201
case172_gemm_C0_DEFAULT_N2048_q2_rep2,GEMM_ONLY,RCCL,C0_DEFAULT,2048,2048,2048,2,2,80,0,PASS,0.000,0.000,0.000,0.000,0.000,0.000,3381.919,3373.758,3400.319,217.440,216.800,218.240,3375.358,3367.360,3394.399,3159.280,3151.520,3178.399,3388.239,3380.000,3406.240
case173_gemm_C0_DEFAULT_N2048_q2_rep3,GEMM_ONLY,RCCL,C0_DEFAULT,2048,2048,2048,2,3,80,0,PASS,0.000,0.000,0.000,0.000,0.000,0.000,3380.800,3373.280,3392.479,217.440,216.640,218.081,3374.160,3366.720,3385.919,3158.239,3150.558,3169.279,3387.200,3379.680,3398.879
case174_gemm_C0_DEFAULT_N2048_q2_rep4,GEMM_ONLY,RCCL,C0_DEFAULT,2048,2048,2048,2,4,80,0,PASS,0.000,0.000,0.000,0.000,0.000,0.000,3382.477,3374.238,3394.400,217.440,216.800,218.080,3375.998,3367.838,3387.840,3159.120,3151.681,3171.519,3388.717,3380.798,3400.800
case175_gemm_C0_DEFAULT_N2048_q2_rep5,GEMM_ONLY,RCCL,C0_DEFAULT,2048,2048,2048,2,5,80,0,PASS,0.000,0.000,0.000,0.000,0.000,0.000,3377.999,3371.359,3389.438,215.840,214.878,216.960,3371.678,3365.278,3382.878,3157.439,3151.039,3168.158,3384.319,3376.960,3395.998
case176_r0_C0_DEFAULT_N2048_q2_rep1,R0_FULL_SERIAL,RCCL,C0_DEFAULT,2048,2048,2048,2,1,80,0,PASS,1117.919,1112.160,1125.438,1117.919,1112.160,1125.438,1124.559,1119.040,1132.640,1137.199,1130.880,1145.119,4111.838,4010.560,4245.597,2983.040,2884.480,3097.758,4117.358,4016.160,4251.197
case177_r0_C0_DEFAULT_N2048_q2_rep2,R0_FULL_SERIAL,RCCL,C0_DEFAULT,2048,2048,2048,2,2,80,0,PASS,1119.680,1114.238,1128.000,1119.680,1114.238,1128.000,1126.798,1121.440,1134.400,1138.800,1133.600,1145.920,4115.919,4019.997,4250.237,2982.319,2885.758,3121.118,4121.519,4025.597,4255.837
case178_r0_C0_DEFAULT_N2048_q2_rep3,R0_FULL_SERIAL,RCCL,C0_DEFAULT,2048,2048,2048,2,3,80,0,PASS,1120.079,1114.240,1128.000,1120.079,1114.240,1128.000,1127.360,1120.640,1136.000,1139.679,1133.120,1151.359,4118.799,3982.877,4202.399,2990.880,2858.239,3072.480,4124.639,3988.637,4208.319
case179_r0_C0_DEFAULT_N2048_q2_rep4,R0_FULL_SERIAL,RCCL,C0_DEFAULT,2048,2048,2048,2,4,80,0,PASS,1119.439,1113.599,1126.080,1119.439,1113.599,1126.080,1126.159,1120.960,1133.280,1138.720,1133.599,1146.240,4099.840,4026.880,4242.720,2972.878,2891.198,3118.400,4105.520,4032.480,4248.798
case180_r0_C0_DEFAULT_N2048_q2_rep5,R0_FULL_SERIAL,RCCL,C0_DEFAULT,2048,2048,2048,2,5,80,0,PASS,1119.599,1113.280,1126.239,1119.599,1113.280,1126.239,1126.479,1120.319,1134.080,1138.639,1132.480,1146.400,4108.239,4002.239,4209.596,2982.480,2868.479,3084.637,4113.919,4007.839,4215.036
case181_rs_C0_DEFAULT_N2048_q2_rep1,RS_SLICE_SERIAL,RCCL,C0_DEFAULT,2048,2048,2048,2,1,80,0,PASS,635.120,628.800,642.400,2763.358,2755.039,2775.359,2769.519,2761.278,2781.599,648.000,641.280,655.520,4347.360,4335.679,4360.319,3704.559,3698.080,3719.200,4352.959,4341.439,4366.079
case182_rs_C0_DEFAULT_N2048_q2_rep2,RS_SLICE_SERIAL,RCCL,C0_DEFAULT,2048,2048,2048,2,2,80,0,PASS,634.880,628.960,644.800,2762.640,2753.120,2773.439,2768.720,2759.199,2779.679,647.520,641.280,658.240,4346.158,4335.359,4358.078,3703.439,3696.158,3712.157,4351.838,4341.119,4363.838
case183_rs_C0_DEFAULT_N2048_q2_rep3,RS_SLICE_SERIAL,RCCL,C0_DEFAULT,2048,2048,2048,2,3,80,0,PASS,633.439,629.760,644.318,2761.680,2754.080,2773.440,2767.840,2760.160,2779.680,646.160,642.560,657.760,4346.319,4335.197,4359.520,3705.519,3697.438,3716.479,4352.079,4340.797,4365.120
case184_rs_C0_DEFAULT_N2048_q2_rep4,RS_SLICE_SERIAL,RCCL,C0_DEFAULT,2048,2048,2048,2,4,80,0,PASS,634.160,627.840,644.640,2759.280,2751.359,2779.841,2765.439,2757.439,2786.081,646.800,640.160,657.600,4341.920,4331.360,4360.798,3702.958,3696.638,3712.960,4347.600,4336.960,4366.398
case185_rs_C0_DEFAULT_N2048_q2_rep5,RS_SLICE_SERIAL,RCCL,C0_DEFAULT,2048,2048,2048,2,5,80,0,PASS,633.120,628.159,645.440,2760.559,2751.679,2772.318,2766.799,2758.240,2778.398,645.840,640.480,658.560,4342.960,4331.677,4354.237,3701.920,3694.560,3712.800,4348.560,4337.437,4359.997
case186_r1_C0_DEFAULT_N2048_q2_rep1,R1_EVENT_OVERLAP,RCCL,C0_DEFAULT,2048,2048,2048,2,1,80,0,PASS,634.800,629.599,643.520,1512.399,1499.200,1538.080,1519.279,1506.400,1545.440,647.840,642.080,656.159,4379.279,4356.320,4404.958,3737.519,3716.800,3764.479,4384.959,4361.920,4410.558
case187_r1_C0_DEFAULT_N2048_q2_rep2,R1_EVENT_OVERLAP,RCCL,C0_DEFAULT,2048,2048,2048,2,2,80,0,PASS,634.720,628.800,640.640,1510.959,1497.920,1523.039,1517.919,1504.800,1530.399,647.920,641.120,653.920,4376.478,4357.759,4405.600,3735.919,3714.557,3761.598,4382.477,4363.200,4412.000
case188_r1_C0_DEFAULT_N2048_q2_rep3,R1_EVENT_OVERLAP,RCCL,C0_DEFAULT,2048,2048,2048,2,3,80,0,PASS,634.400,626.239,644.640,1510.800,1498.079,1531.040,1517.520,1505.118,1538.080,647.439,639.999,659.200,4376.798,4363.520,4408.477,3736.239,3720.638,3768.641,4382.480,4369.280,4414.237
case189_r1_C0_DEFAULT_N2048_q2_rep4,R1_EVENT_OVERLAP,RCCL,C0_DEFAULT,2048,2048,2048,2,4,80,0,PASS,634.960,627.840,640.320,1511.199,1498.880,1530.079,1517.840,1505.599,1537.119,647.840,640.800,655.200,4380.558,4362.559,4399.997,3739.359,3720.480,3758.079,4386.318,4368.319,4405.757
case190_r1_C0_DEFAULT_N2048_q2_rep5,R1_EVENT_OVERLAP,RCCL,C0_DEFAULT,2048,2048,2048,2,5,80,0,PASS,635.360,629.920,650.560,1512.400,1502.079,1529.279,1519.680,1508.799,1536.159,647.840,642.080,664.800,4378.640,4360.158,4404.799,3738.159,3716.158,3763.040,4384.319,4365.918,4410.559
case191_fc_C0_DEFAULT_N2048_q2_rep1,FC_FCOLLECT_ONLY,DUSHMEM,C0_DEFAULT,2048,2048,2048,2,1,80,0,PASS,7131.280,7010.079,7189.760,7131.280,7010.079,7189.760,7119.761,6999.199,7178.080,0.000,0.000,0.000,0.000,0.000,0.000,0.000,0.000,0.000,7137.041,7015.679,7195.520
case192_fc_C0_DEFAULT_N2048_q2_rep2,FC_FCOLLECT_ONLY,DUSHMEM,C0_DEFAULT,2048,2048,2048,2,2,80,0,PASS,7102.077,7008.159,7189.918,7102.077,7008.159,7189.918,7090.558,6996.959,7178.878,0.000,0.000,0.000,0.000,0.000,0.000,0.000,0.000,0.000,7107.679,7013.759,7195.518
case193_fc_C0_DEFAULT_N2048_q2_rep3,FC_FCOLLECT_ONLY,DUSHMEM,C0_DEFAULT,2048,2048,2048,2,3,80,0,PASS,7108.796,7003.355,7196.476,7108.796,7003.355,7196.476,7097.195,6991.515,7185.274,0.000,0.000,0.000,0.000,0.000,0.000,0.000,0.000,0.000,7114.476,7008.955,7202.235
case194_fc_C0_DEFAULT_N2048_q2_rep4,FC_FCOLLECT_ONLY,DUSHMEM,C0_DEFAULT,2048,2048,2048,2,4,80,0,PASS,7099.680,6999.359,7183.518,7099.680,6999.359,7183.518,7088.239,6988.319,7172.478,0.000,0.000,0.000,0.000,0.000,0.000,0.000,0.000,0.000,7105.360,7004.959,7189.278
case195_fc_C0_DEFAULT_N2048_q2_rep5,FC_FCOLLECT_ONLY,DUSHMEM,C0_DEFAULT,2048,2048,2048,2,5,80,0,PASS,7097.834,7002.398,7185.280,7097.834,7002.398,7185.280,7086.317,6990.399,7173.279,0.000,0.000,0.000,0.000,0.000,0.000,0.000,0.000,0.000,7103.516,7008.158,7191.040
case196_dc_C0_DEFAULT_N2048_q2_rep1,DC_PUSHSIG_ONLY,DUSHMEM,C0_DEFAULT,2048,2048,2048,2,1,80,0,PASS,2739.999,2335.359,13197.110,4098.560,3470.239,13995.829,3853.519,3371.679,13666.392,0.000,0.000,0.000,0.000,0.000,0.000,0.000,0.000,0.000,4115.600,3485.599,14004.310
case197_dc_C0_DEFAULT_N2048_q2_rep2,DC_PUSHSIG_ONLY,DUSHMEM,C0_DEFAULT,2048,2048,2048,2,2,80,0,PASS,2754.880,2318.399,11769.440,4830.159,3339.360,12659.838,4838.880,3349.920,12667.518,0.000,0.000,0.000,0.000,0.000,0.000,0.000,0.000,0.000,4842.559,3352.000,12668.958
case198_dc_C0_DEFAULT_N2048_q2_rep3,DC_PUSHSIG_ONLY,DUSHMEM,C0_DEFAULT,2048,2048,2048,2,3,80,0,PASS,2834.399,2282.719,12789.921,5635.599,3395.999,13780.161,4107.919,3223.198,13158.882,0.000,0.000,0.000,0.000,0.000,0.000,0.000,0.000,0.000,5645.758,3413.119,13790.881
case199_dc_C0_DEFAULT_N2048_q2_rep4,DC_PUSHSIG_ONLY,DUSHMEM,C0_DEFAULT,2048,2048,2048,2,4,80,0,PASS,2565.202,2206.562,10342.576,4012.966,3240.644,11485.135,4022.485,3250.084,11494.574,0.000,0.000,0.000,0.000,0.000,0.000,0.000,0.000,0.000,4027.766,3254.724,11499.375
case200_dc_C0_DEFAULT_N2048_q2_rep5,DC_PUSHSIG_ONLY,DUSHMEM,C0_DEFAULT,2048,2048,2048,2,5,80,0,PASS,2782.409,2271.207,10987.236,3979.213,3242.249,12135.238,3843.292,3162.089,12144.839,0.000,0.000,0.000,0.000,0.000,0.000,0.000,0.000,0.000,3993.613,3252.650,12153.479
case201_d0_C0_DEFAULT_N2048_q2_rep1,D0_FCOLLECT_SERIAL,DUSHMEM,C0_DEFAULT,2048,2048,2048,2,1,80,0,PASS,7082.658,6988.982,7173.943,7082.658,6988.982,7173.943,7088.979,6995.542,7180.343,7101.060,7007.222,7192.500,10119.791,9952.347,10271.547,3028.649,2886.567,3133.768,10125.391,9957.947,10277.147
case202_d0_C0_DEFAULT_N2048_q2_rep2,D0_FCOLLECT_SERIAL,DUSHMEM,C0_DEFAULT,2048,2048,2048,2,2,80,0,PASS,7086.413,6981.292,7177.933,7086.413,6981.292,7177.933,7093.293,6987.852,7184.013,7105.853,7000.169,7196.333,10103.457,10012.818,10246.420,3019.845,2906.723,3119.364,10109.138,10018.418,10252.180
case203_d0_C0_DEFAULT_N2048_q2_rep3,D0_FCOLLECT_SERIAL,DUSHMEM,C0_DEFAULT,2048,2048,2048,2,3,80,0,PASS,7088.729,6977.928,7175.688,7088.729,6977.928,7175.688,7095.289,6984.168,7182.408,7107.049,6995.848,7195.048,10108.807,9969.286,10259.214,2997.684,2888.164,3125.122,10114.407,9975.046,10264.813
case204_d0_C0_DEFAULT_N2048_q2_rep4,D0_FCOLLECT_SERIAL,DUSHMEM,C0_DEFAULT,2048,2048,2048,2,4,80,0,PASS,7090.087,6980.969,7177.129,7090.087,6980.969,7177.129,7096.568,6987.529,7182.889,7108.568,6999.049,7195.049,10127.533,10000.814,10295.213,3034.003,2922.081,3166.562,10133.131,10006.734,10300.653
case205_d0_C0_DEFAULT_N2048_q2_rep5,D0_FCOLLECT_SERIAL,DUSHMEM,C0_DEFAULT,2048,2048,2048,2,5,80,0,PASS,7085.288,6985.929,7178.724,7085.288,6985.929,7178.724,7091.208,6992.325,7184.484,7103.524,7004.009,7196.804,10099.365,9970.087,10231.851,2999.364,2905.284,3092.484,10104.966,9975.688,10237.291
case206_ds_C0_DEFAULT_N2048_q2_rep1,DS_PUSHSIG_SERIAL,DUSHMEM,C0_DEFAULT,2048,2048,2048,2,1,80,0,PASS,2228.883,2060.963,2333.923,5032.726,4857.923,5236.166,6748.485,6572.485,6943.525,2234.803,2066.723,2339.683,6620.165,6444.645,6818.085,4866.726,4665.605,4980.166,6754.405,6577.285,6949.765
case207_ds_C0_DEFAULT_N2048_q2_rep2,DS_PUSHSIG_SERIAL,DUSHMEM,C0_DEFAULT,2048,2048,2048,2,2,80,0,PASS,2177.282,2020.163,2336.163,5020.963,4804.006,5208.164,6735.047,6551.528,6917.445,2183.042,2026.723,2342.083,6604.886,6402.728,6789.285,4851.845,4684.485,4987.684,6741.766,6557.768,6922.885
case208_ds_C0_DEFAULT_N2048_q2_rep3,DS_PUSHSIG_SERIAL,DUSHMEM,C0_DEFAULT,2048,2048,2048,2,3,80,0,PASS,2199.920,2098.880,2336.960,4993.199,4879.198,5183.199,6700.557,6591.997,6884.960,2205.680,2105.280,2342.720,6576.397,6464.317,6765.120,4841.280,4662.240,4980.160,6705.517,6595.998,6887.197
case209_ds_C0_DEFAULT_N2048_q2_rep4,DS_PUSHSIG_SERIAL,DUSHMEM,C0_DEFAULT,2048,2048,2048,2,4,80,0,PASS,2157.999,2026.079,2259.999,5019.119,4821.598,5294.399,6736.318,6539.517,7016.799,2163.760,2031.839,2265.759,6606.959,6410.397,6893.439,4819.840,4635.838,4931.040,6742.238,6544.957,7032.319
case210_ds_C0_DEFAULT_N2048_q2_rep5,DS_PUSHSIG_SERIAL,DUSHMEM,C0_DEFAULT,2048,2048,2048,2,5,80,0,PASS,2050.479,1893.920,2165.920,4819.039,4665.120,5112.960,6534.559,6392.640,6855.040,2056.240,1899.840,2171.680,6409.360,6265.120,6727.520,4703.200,4435.040,4867.360,6540.639,6397.280,6860.480
case211_d1_C0_DEFAULT_N2048_q2_rep1,D1_PUSHSIG_OVERLAP,DUSHMEM,C0_DEFAULT,2048,2048,2048,2,1,80,0,PASS,2310.479,2108.799,2414.720,5126.398,4865.920,5382.720,6835.359,6583.357,7100.640,2316.319,2114.719,2420.480,6711.599,6457.757,6970.240,4978.720,4625.120,5062.398,6842.078,6589.597,7106.240
case212_d1_C0_DEFAULT_N2048_q2_rep2,D1_PUSHSIG_OVERLAP,DUSHMEM,C0_DEFAULT,2048,2048,2048,2,2,80,0,PASS,2241.359,2060.961,2393.439,5113.680,4889.118,5415.679,6827.598,6587.677,7116.319,2247.119,2066.721,2399.199,6699.599,6469.117,6996.799,4921.120,4724.480,5062.240,6832.238,6590.717,7117.917
case213_d1_C0_DEFAULT_N2048_q2_rep3,D1_PUSHSIG_OVERLAP,DUSHMEM,C0_DEFAULT,2048,2048,2048,2,3,80,0,PASS,2147.439,2050.719,2245.759,5042.081,4831.038,5315.037,6748.398,6534.237,7021.275,2153.198,2056.479,2251.519,6625.681,6410.237,6896.477,4805.280,4678.559,4962.879,6753.358,6540.317,7025.755
case214_d1_C0_DEFAULT_N2048_q2_rep4,D1_PUSHSIG_OVERLAP,DUSHMEM,C0_DEFAULT,2048,2048,2048,2,4,80,0,PASS,2215.439,2101.119,2288.320,5054.639,4905.280,5307.518,6757.359,6612.479,7011.037,2221.039,2106.879,2294.080,6640.959,6498.559,6896.157,4882.078,4696.640,4953.600,6758.719,6614.719,7012.157
case215_d1_C0_DEFAULT_N2048_q2_rep5,D1_PUSHSIG_OVERLAP,DUSHMEM,C0_DEFAULT,2048,2048,2048,2,5,80,0,PASS,2108.479,2002.239,2348.159,4875.916,4705.278,5222.078,6591.917,6422.877,6927.517,2114.319,2008.159,2353.919,6464.476,6294.557,6801.757,4727.520,4636.160,5019.840,6598.157,6429.437,6933.597
case216_d1w_C0_DEFAULT_N2048_q2_rep1,D1W_WAITSTREAM_OVERLAP,DUSHMEM,C0_DEFAULT,2048,2048,2048,2,1,80,0,PASS,2182.319,2076.799,2341.759,5096.399,4923.198,5344.317,6825.918,6649.118,7160.321,2210.959,2107.839,2370.399,6701.758,6527.038,6954.397,4875.039,4647.040,5039.678,6832.158,6655.998,7166.401
case217_d1w_C0_DEFAULT_N2048_q2_rep2,D1W_WAITSTREAM_OVERLAP,DUSHMEM,C0_DEFAULT,2048,2048,2048,2,2,80,0,PASS,2191.840,2046.560,2360.800,5043.760,4808.960,5267.677,6768.399,6532.000,6989.917,2224.720,2076.640,2390.880,6643.039,6409.919,6869.439,4860.240,4689.920,5042.080,6771.279,6534.240,6992.797
case218_d1w_C0_DEFAULT_N2048_q2_rep3,D1W_WAITSTREAM_OVERLAP,DUSHMEM,C0_DEFAULT,2048,2048,2048,2,3,80,0,PASS,2179.519,2053.279,2363.040,5053.119,4863.199,5397.600,6789.917,6590.556,7133.440,2208.239,2083.999,2392.000,6656.557,6464.476,7001.600,4858.400,4683.201,5050.560,6795.437,6596.476,7138.880
case219_d1w_C0_DEFAULT_N2048_q2_rep4,D1W_WAITSTREAM_OVERLAP,DUSHMEM,C0_DEFAULT,2048,2048,2048,2,4,80,0,PASS,2212.560,2037.279,2351.040,4986.480,4808.799,5354.079,6722.959,6543.039,7090.079,2241.840,2067.039,2389.438,6588.879,6409.438,6958.719,4909.599,4731.359,5109.279,6728.479,6548.958,7096.319
case220_d1w_C0_DEFAULT_N2048_q2_rep5,D1W_WAITSTREAM_OVERLAP,DUSHMEM,C0_DEFAULT,2048,2048,2048,2,5,80,0,PASS,2203.919,2056.479,2334.879,5099.280,4881.600,5377.437,6835.918,6616.639,7118.397,2233.439,2084.959,2363.519,6705.520,6488.960,6983.841,4918.639,4560.478,5101.440,6842.158,6622.399,7124.157
case221_comm_C0_DEFAULT_N2048_q4_rep1,COMM_ONLY,RCCL,C0_DEFAULT,2048,2048,2048,4,1,80,0,PASS,380.240,374.240,384.640,1270.560,1258.239,1278.719,1276.960,1264.481,1285.279,0.000,0.000,0.000,0.000,0.000,0.000,0.000,0.000,0.000,1283.200,1270.399,1291.519
case222_comm_C0_DEFAULT_N2048_q4_rep2,COMM_ONLY,RCCL,C0_DEFAULT,2048,2048,2048,4,2,80,0,PASS,374.000,369.280,380.160,1258.401,1249.761,1272.640,1264.480,1255.681,1279.200,0.000,0.000,0.000,0.000,0.000,0.000,0.000,0.000,0.000,1270.320,1261.281,1285.600
case223_comm_C0_DEFAULT_N2048_q4_rep3,COMM_ONLY,RCCL,C0_DEFAULT,2048,2048,2048,4,3,80,0,PASS,378.320,372.160,384.960,1265.439,1255.359,1271.360,1271.920,1261.280,1278.080,0.000,0.000,0.000,0.000,0.000,0.000,0.000,0.000,0.000,1277.680,1266.880,1284.480
case224_comm_C0_DEFAULT_N2048_q4_rep4,COMM_ONLY,RCCL,C0_DEFAULT,2048,2048,2048,4,4,80,0,PASS,377.920,372.480,382.880,1263.280,1256.480,1273.120,1269.840,1263.040,1279.680,0.000,0.000,0.000,0.000,0.000,0.000,0.000,0.000,0.000,1276.320,1269.280,1285.920
case225_comm_C0_DEFAULT_N2048_q4_rep5,COMM_ONLY,RCCL,C0_DEFAULT,2048,2048,2048,4,5,80,0,PASS,376.320,371.840,384.640,1261.679,1251.520,1273.759,1268.079,1257.600,1279.681,0.000,0.000,0.000,0.000,0.000,0.000,0.000,0.000,0.000,1274.080,1263.360,1286.081
case226_gemm_C0_DEFAULT_N2048_q4_rep1,GEMM_ONLY,RCCL,C0_DEFAULT,2048,2048,2048,4,1,80,0,PASS,0.000,0.000,0.000,0.000,0.000,0.000,3607.200,3596.480,3612.320,217.600,215.838,218.720,3600.560,3590.400,3605.600,3383.761,3376.160,3388.640,3613.680,3602.238,3618.720
case227_gemm_C0_DEFAULT_N2048_q4_rep2,GEMM_ONLY,RCCL,C0_DEFAULT,2048,2048,2048,4,2,80,0,PASS,0.000,0.000,0.000,0.000,0.000,0.000,3612.001,3607.519,3620.001,214.400,213.920,215.680,3605.440,3600.959,3613.281,3391.360,3387.358,3399.521,3618.401,3613.919,3626.401
case228_gemm_C0_DEFAULT_N2048_q4_rep3,GEMM_ONLY,RCCL,C0_DEFAULT,2048,2048,2048,4,3,80,0,PASS,0.000,0.000,0.000,0.000,0.000,0.000,3618.080,3610.721,3625.921,216.000,214.880,217.440,3611.440,3604.161,3619.361,3398.000,3391.681,3405.760,3624.480,3616.961,3632.321
case229_gemm_C0_DEFAULT_N2048_q4_rep4,GEMM_ONLY,RCCL,C0_DEFAULT,2048,2048,2048,4,4,80,0,PASS,0.000,0.000,0.000,0.000,0.000,0.000,3609.281,3603.360,3615.681,216.800,214.880,217.440,3602.801,3596.960,3609.121,3387.279,3382.241,3393.280,3615.681,3609.758,3622.081
case230_gemm_C0_DEFAULT_N2048_q4_rep5,GEMM_ONLY,RCCL,C0_DEFAULT,2048,2048,2048,4,5,80,0,PASS,0.000,0.000,0.000,0.000,0.000,0.000,3616.238,3611.198,3627.198,217.440,216.640,218.080,3609.758,3604.638,3620.798,3395.519,3390.558,3406.398,3622.639,3617.600,3633.438
case231_r0_C0_DEFAULT_N2048_q4_rep1,R0_FULL_SERIAL,RCCL,C0_DEFAULT,2048,2048,2048,4,1,80,0,PASS,1119.439,1113.920,1127.360,1119.439,1113.920,1127.360,1126.000,1120.960,1134.880,1138.880,1133.440,1147.680,4098.560,3997.757,4250.560,2969.440,2866.880,3111.360,4104.240,4003.357,4256.160
case232_r0_C0_DEFAULT_N2048_q4_rep2,R0_FULL_SERIAL,RCCL,C0_DEFAULT,2048,2048,2048,4,2,80,0,PASS,1119.600,1113.120,1129.278,1119.600,1113.120,1129.278,1126.480,1120.000,1137.120,1139.280,1132.160,1151.041,4119.040,4021.758,4245.118,2983.601,2884.799,3105.919,4124.800,4027.358,4250.878
case233_r0_C0_DEFAULT_N2048_q4_rep3,R0_FULL_SERIAL,RCCL,C0_DEFAULT,2048,2048,2048,4,3,80,0,PASS,1119.039,1114.240,1129.120,1119.039,1114.240,1129.120,1126.239,1121.439,1138.720,1138.560,1133.760,1154.560,4120.399,4016.160,4269.278,2988.479,2884.160,3088.640,4125.999,4021.920,4274.878
case234_r0_C0_DEFAULT_N2048_q4_rep4,R0_FULL_SERIAL,RCCL,C0_DEFAULT,2048,2048,2048,4,4,80,0,PASS,1119.360,1114.880,1127.840,1119.360,1114.880,1127.840,1126.159,1121.760,1136.160,1138.639,1133.920,1149.920,4101.838,3998.561,4252.796,2970.719,2870.880,3118.559,4107.519,4004.321,4258.396
case235_r0_C0_DEFAULT_N2048_q4_rep5,R0_FULL_SERIAL,RCCL,C0_DEFAULT,2048,2048,2048,4,5,80,0,PASS,1118.880,1113.440,1128.800,1118.880,1113.440,1128.800,1125.999,1120.320,1135.841,1138.399,1132.640,1149.599,4122.239,4016.800,4203.997,2995.360,2892.160,3069.118,4127.999,4022.400,4209.757
case236_rs_C0_DEFAULT_N2048_q4_rep1,RS_SLICE_SERIAL,RCCL,C0_DEFAULT,2048,2048,2048,4,1,80,0,PASS,379.200,374.080,384.640,3836.239,3828.319,3847.200,3842.479,3834.719,3853.600,392.800,387.520,398.240,4687.360,4681.116,4699.519,4302.640,4295.518,4310.238,4693.040,4686.716,4705.279
case237_rs_C0_DEFAULT_N2048_q4_rep2,RS_SLICE_SERIAL,RCCL,C0_DEFAULT,2048,2048,2048,4,2,80,0,PASS,378.800,374.079,385.920,3843.279,3834.720,3853.600,3849.519,3840.960,3859.999,392.320,386.240,401.920,4698.479,4689.919,4709.759,4311.599,4304.639,4319.680,4704.239,4695.679,4715.519
case238_rs_C0_DEFAULT_N2048_q4_rep3,RS_SLICE_SERIAL,RCCL,C0_DEFAULT,2048,2048,2048,4,3,80,0,PASS,381.840,374.880,387.200,3845.199,3835.039,3864.640,3851.439,3841.279,3870.880,395.839,387.680,403.199,4698.800,4688.001,4717.439,4308.479,4300.799,4318.238,4704.560,4693.761,4723.199
case239_rs_C0_DEFAULT_N2048_q4_rep4,RS_SLICE_SERIAL,RCCL,C0_DEFAULT,2048,2048,2048,4,4,80,0,PASS,382.880,377.600,389.280,3844.801,3835.359,3859.998,3851.041,3841.599,3867.039,396.400,390.560,404.960,4697.119,4686.717,4711.360,4305.918,4299.040,4315.680,4702.878,4692.317,4716.960
case240_rs_C0_DEFAULT_N2048_q4_rep5,RS_SLICE_SERIAL,RCCL,C0_DEFAULT,2048,2048,2048,4,5,80,0,PASS,380.400,375.680,386.080,3837.438,3828.640,3852.479,3843.598,3835.040,3858.719,393.600,388.480,402.080,4688.878,4680.480,4704.799,4302.000,4295.519,4313.758,4694.718,4686.240,4710.559
case241_r1_C0_DEFAULT_N2048_q4_rep1,R1_EVENT_OVERLAP,RCCL,C0_DEFAULT,2048,2048,2048,4,1,80,0,PASS,379.600,373.120,384.480,1756.959,1737.280,1780.960,1763.999,1744.000,1787.680,393.600,386.400,399.360,4296.399,4271.197,4328.640,3907.439,3886.721,3934.240,4302.320,4276.957,4334.400
case242_r1_C0_DEFAULT_N2048_q4_rep2,R1_EVENT_OVERLAP,RCCL,C0_DEFAULT,2048,2048,2048,4,2,80,0,PASS,381.360,376.480,387.040,1755.600,1737.919,1786.239,1762.399,1744.799,1793.439,395.120,389.760,400.480,4295.280,4272.159,4322.076,3903.998,3883.840,3924.480,4301.041,4277.759,4327.676
case243_r1_C0_DEFAULT_N2048_q4_rep3,R1_EVENT_OVERLAP,RCCL,C0_DEFAULT,2048,2048,2048,4,3,80,0,PASS,380.400,375.840,385.440,1751.999,1731.680,1777.440,1759.039,1739.040,1784.160,393.600,389.439,401.600,4295.360,4268.477,4317.599,3905.358,3879.520,3926.400,4301.439,4274.237,4323.199
case244_r1_C0_DEFAULT_N2048_q4_rep4,R1_EVENT_OVERLAP,RCCL,C0_DEFAULT,2048,2048,2048,4,4,80,0,PASS,382.159,376.480,387.680,1754.399,1735.839,1778.879,1761.199,1742.559,1785.438,395.520,389.600,401.600,4297.919,4274.079,4326.719,3906.479,3882.560,3931.359,4303.519,4279.679,4332.479
case245_r1_C0_DEFAULT_N2048_q4_rep5,R1_EVENT_OVERLAP,RCCL,C0_DEFAULT,2048,2048,2048,4,5,80,0,PASS,380.320,374.080,386.880,1754.719,1734.240,1782.080,1761.679,1740.800,1788.480,393.360,387.520,402.880,4294.479,4274.877,4319.838,3906.239,3882.399,3935.520,4300.239,4280.477,4325.918
case246_fc_C0_DEFAULT_N2048_q4_rep1,FC_FCOLLECT_ONLY,DUSHMEM,C0_DEFAULT,2048,2048,2048,4,1,80,0,PASS,7098.636,6992.156,7187.835,7098.636,6992.156,7187.835,7086.876,6980.316,7176.155,0.000,0.000,0.000,0.000,0.000,0.000,0.000,0.000,0.000,7104.396,6997.756,7193.595
case247_fc_C0_DEFAULT_N2048_q4_rep2,FC_FCOLLECT_ONLY,DUSHMEM,C0_DEFAULT,2048,2048,2048,4,2,80,0,PASS,7109.116,7002.880,7193.600,7109.116,7002.880,7193.600,7097.436,6991.520,7182.560,0.000,0.000,0.000,0.000,0.000,0.000,0.000,0.000,0.000,7114.956,7008.480,7199.200
case248_fc_C0_DEFAULT_N2048_q4_rep3,FC_FCOLLECT_ONLY,DUSHMEM,C0_DEFAULT,2048,2048,2048,4,3,80,0,PASS,7099.200,7000.159,7189.119,7099.200,7000.159,7189.119,7087.280,6988.159,7176.959,0.000,0.000,0.000,0.000,0.000,0.000,0.000,0.000,0.000,7104.880,7005.919,7194.879
case249_fc_C0_DEFAULT_N2048_q4_rep4,FC_FCOLLECT_ONLY,DUSHMEM,C0_DEFAULT,2048,2048,2048,4,4,80,0,PASS,7103.120,6995.840,7191.675,7103.120,6995.840,7191.675,7091.760,6984.640,7180.319,0.000,0.000,0.000,0.000,0.000,0.000,0.000,0.000,0.000,7108.800,7001.600,7197.276
case250_fc_C0_DEFAULT_N2048_q4_rep5,FC_FCOLLECT_ONLY,DUSHMEM,C0_DEFAULT,2048,2048,2048,4,5,80,0,PASS,7112.235,7004.320,7189.435,7112.235,7004.320,7189.435,7101.035,6992.320,7178.235,0.000,0.000,0.000,0.000,0.000,0.000,0.000,0.000,0.000,7117.835,7010.080,7195.200
case251_dc_C0_DEFAULT_N2048_q4_rep1,DC_PUSHSIG_ONLY,DUSHMEM,C0_DEFAULT,2048,2048,2048,4,1,80,0,PASS,4435.840,1122.719,12114.398,6366.158,3250.879,14044.157,5441.919,3258.559,13446.071,0.000,0.000,0.000,0.000,0.000,0.000,0.000,0.000,0.000,6381.758,3263.679,14056.477
case252_dc_C0_DEFAULT_N2048_q4_rep2,DC_PUSHSIG_ONLY,DUSHMEM,C0_DEFAULT,2048,2048,2048,4,2,80,0,PASS,5052.636,1137.280,16660.951,7799.195,3239.359,18483.670,6651.677,3093.921,12932.952,0.000,0.000,0.000,0.000,0.000,0.000,0.000,0.000,0.000,7811.916,3248.319,18489.430
case253_dc_C0_DEFAULT_N2048_q4_rep3,DC_PUSHSIG_ONLY,DUSHMEM,C0_DEFAULT,2048,2048,2048,4,3,80,0,PASS,4404.477,1185.280,13552.480,6367.517,3347.838,15471.511,4973.357,2735.519,12842.713,0.000,0.000,0.000,0.000,0.000,0.000,0.000,0.000,0.000,6383.278,3358.718,15484.312
case254_dc_C0_DEFAULT_N2048_q4_rep4,DC_PUSHSIG_ONLY,DUSHMEM,C0_DEFAULT,2048,2048,2048,4,4,80,0,PASS,4420.960,1056.319,12563.352,6585.358,3222.558,21573.441,4022.000,3011.199,12862.559,0.000,0.000,0.000,0.000,0.000,0.000,0.000,0.000,0.000,6597.358,3234.558,21579.041
case255_dc_C0_DEFAULT_N2048_q4_rep5,DC_PUSHSIG_ONLY,DUSHMEM,C0_DEFAULT,2048,2048,2048,4,5,80,0,PASS,5001.839,1066.560,14300.477,7451.918,3202.079,17372.795,5129.436,3135.039,13203.518,0.000,0.000,0.000,0.000,0.000,0.000,0.000,0.000,0.000,7460.959,3211.519,17378.715
case256_d0_C0_DEFAULT_N2048_q4_rep1,D0_FCOLLECT_SERIAL,DUSHMEM,C0_DEFAULT,2048,2048,2048,4,1,80,0,PASS,7088.398,6986.719,7177.435,7088.398,6986.719,7177.435,7094.077,6992.639,7183.195,7106.397,7004.799,7195.515,10136.396,9984.634,10269.434,3031.280,2922.238,3143.681,10142.396,9990.393,10275.194
case257_d0_C0_DEFAULT_N2048_q4_rep2,D0_FCOLLECT_SERIAL,DUSHMEM,C0_DEFAULT,2048,2048,2048,4,2,80,0,PASS,7082.157,6988.155,7171.675,7082.157,6988.155,7171.675,7088.796,6994.875,7177.919,7101.275,7007.355,7190.235,10106.158,9962.233,10245.761,3013.760,2913.119,3123.360,10111.758,9967.834,10251.521
case258_d0_C0_DEFAULT_N2048_q4_rep3,D0_FCOLLECT_SERIAL,DUSHMEM,C0_DEFAULT,2048,2048,2048,4,3,80,0,PASS,7090.637,6990.236,7179.035,7090.637,6990.236,7179.035,7097.439,6996.316,7185.440,7110.238,7009.116,7197.595,10132.237,9966.877,10318.392,3020.479,2933.438,3175.037,10137.918,9972.477,10324.152
case259_d0_C0_DEFAULT_N2048_q4_rep4,D0_FCOLLECT_SERIAL,DUSHMEM,C0_DEFAULT,2048,2048,2048,4,4,80,0,PASS,7095.278,6981.438,7170.878,7095.278,6981.438,7170.878,7101.517,6987.198,7176.956,7112.956,6999.678,7189.596,10115.517,9945.434,10329.920,3019.358,2915.360,3149.921,10121.278,9951.193,10335.680
case260_d0_C0_DEFAULT_N2048_q4_rep5,D0_FCOLLECT_SERIAL,DUSHMEM,C0_DEFAULT,2048,2048,2048,4,5,80,0,PASS,7081.759,6986.879,7170.719,7081.759,6986.879,7170.719,7087.999,6993.439,7177.759,7099.837,7004.959,7190.239,10085.198,9962.559,10260.793,2999.679,2888.960,3101.438,10090.798,9968.159,10266.393
case261_ds_C0_DEFAULT_N2048_q4_rep1,DS_PUSHSIG_SERIAL,DUSHMEM,C0_DEFAULT,2048,2048,2048,4,1,80,0,PASS,1189.760,1078.719,3183.840,6332.160,6115.520,14478.716,7340.880,7090.398,15454.396,1195.760,1084.479,3189.600,7184.400,6965.280,15338.557,6034.318,5807.679,13766.231,7342.960,7092.798,15456.796
case262_ds_C0_DEFAULT_N2048_q4_rep2,DS_PUSHSIG_SERIAL,DUSHMEM,C0_DEFAULT,2048,2048,2048,4,2,80,0,PASS,1226.720,1121.599,7076.476,6323.757,6148.476,15359.830,7341.995,7131.356,16336.788,1234.719,1127.519,7082.396,7185.115,7013.116,16214.390,6020.557,5791.196,14371.355,7352.155,7140.636,16342.069
case263_ds_C0_DEFAULT_N2048_q4_rep3,DS_PUSHSIG_SERIAL,DUSHMEM,C0_DEFAULT,2048,2048,2048,4,3,80,0,PASS,1154.640,1071.199,8986.074,6328.879,6112.640,15669.756,7366.479,7092.960,16921.436,1160.559,1077.759,8991.834,7196.878,6973.920,16538.074,6039.278,5812.797,10069.119,7378.238,7100.480,16928.955
case264_ds_C0_DEFAULT_N2048_q4_rep4,DS_PUSHSIG_SERIAL,DUSHMEM,C0_DEFAULT,2048,2048,2048,4,4,80,0,PASS,1173.039,1110.240,3859.198,6140.879,6087.839,15140.958,7134.158,7068.799,16117.598,1179.039,1116.320,3864.798,7002.799,6947.198,15997.437,5862.160,5792.319,12639.199,7139.758,7073.597,16123.037
case265_ds_C0_DEFAULT_N2048_q4_rep5,DS_PUSHSIG_SERIAL,DUSHMEM,C0_DEFAULT,2048,2048,2048,4,5,80,0,PASS,1200.080,1107.680,7281.438,6398.957,6161.276,14215.189,7424.958,7145.755,16997.588,1205.840,1113.440,7287.358,7259.356,7018.396,15068.469,6029.998,5848.800,10963.193,7429.278,7154.075,17000.467
case266_d1_C0_DEFAULT_N2048_q4_rep1,D1_PUSHSIG_OVERLAP,DUSHMEM,C0_DEFAULT,2048,2048,2048,4,1,80,0,PASS,1146.480,1077.119,7525.595,6229.438,6063.678,15652.316,7246.958,7060.797,16649.916,1152.240,1082.719,7531.195,7094.478,6932.158,16523.035,5980.398,5789.599,11458.558,7253.358,7068.159,16655.836
case267_d1_C0_DEFAULT_N2048_q4_rep2,D1_PUSHSIG_OVERLAP,DUSHMEM,C0_DEFAULT,2048,2048,2048,4,2,80,0,PASS,1221.439,1148.319,10186.401,6428.559,6213.598,16026.716,7435.918,7202.239,17014.076,1227.279,1154.719,10192.961,7297.756,7076.957,16889.916,6076.398,5884.479,12894.077,7440.398,7210.719,17019.516
case268_d1_C0_DEFAULT_N2048_q4_rep3,D1_PUSHSIG_OVERLAP,DUSHMEM,C0_DEFAULT,2048,2048,2048,4,3,80,0,PASS,1168.559,1091.840,1246.240,6264.000,6061.439,15291.198,7257.597,7044.798,16285.757,1175.040,1098.080,1252.320,7125.360,6923.359,16165.758,5965.918,5783.356,14771.199,7264.318,7050.558,16291.199
case269_d1_C0_DEFAULT_N2048_q4_rep4,D1_PUSHSIG_OVERLAP,DUSHMEM,C0_DEFAULT,2048,2048,2048,4,4,80,0,PASS,1132.560,1056.159,9164.155,6211.519,6019.039,15293.110,7244.318,6998.399,17020.951,1138.879,1062.719,9169.755,7065.998,6875.998,16172.470,5952.478,5743.999,8674.399,7246.478,7000.639,17024.469
case270_d1_C0_DEFAULT_N2048_q4_rep5,D1_PUSHSIG_OVERLAP,DUSHMEM,C0_DEFAULT,2048,2048,2048,4,5,80,0,PASS,1159.680,1088.479,9805.120,6375.358,6143.999,15836.790,7439.039,7143.199,17025.592,1165.840,1094.239,9810.721,7230.157,7000.639,16695.352,6065.279,5855.999,14180.478,7444.398,7146.399,17035.191
case271_d1w_C0_DEFAULT_N2048_q4_rep1,D1W_WAITSTREAM_OVERLAP,DUSHMEM,C0_DEFAULT,2048,2048,2048,4,1,80,0,PASS,1182.479,1138.720,4601.918,6414.879,6192.797,15475.191,7440.158,7211.676,16465.592,1211.999,1170.080,4652.958,7288.238,7065.916,16346.552,6096.318,5902.239,13150.398,7445.599,7218.076,16472.631
case272_d1w_C0_DEFAULT_N2048_q4_rep2,D1W_WAITSTREAM_OVERLAP,DUSHMEM,C0_DEFAULT,2048,2048,2048,4,2,80,0,PASS,1212.240,1131.040,9351.198,6415.919,6233.919,18779.668,7547.039,7253.597,19781.908,1241.040,1163.840,9399.038,7289.678,7105.278,19652.789,6124.077,5939.198,12981.911,7555.999,7261.117,19791.188
case273_d1w_C0_DEFAULT_N2048_q4_rep3,D1W_WAITSTREAM_OVERLAP,DUSHMEM,C0_DEFAULT,2048,2048,2048,4,3,80,0,PASS,1159.439,1075.840,7274.402,6428.319,6224.799,14601.751,7445.278,7249.599,15611.670,1195.679,1114.399,7304.322,7305.676,7100.959,15491.671,6138.399,5932.960,11020.320,7451.358,7258.879,15616.950
case274_d1w_C0_DEFAULT_N2048_q4_rep4,D1W_WAITSTREAM_OVERLAP,DUSHMEM,C0_DEFAULT,2048,2048,2048,4,4,80,0,PASS,1163.919,1106.560,1266.240,6261.758,6138.398,15511.197,7289.279,7132.795,16526.238,1194.079,1136.160,1309.278,7139.757,7005.275,16396.637,5990.319,5851.197,13522.079,7293.519,7138.239,16533.117
case275_d1w_C0_DEFAULT_N2048_q4_rep5,D1W_WAITSTREAM_OVERLAP,DUSHMEM,C0_DEFAULT,2048,2048,2048,4,5,80,0,PASS,1176.719,1087.520,1799.199,6366.798,6178.399,15134.717,7420.559,7196.798,16308.317,1208.399,1116.160,1831.839,7240.398,7051.999,16023.996,6095.039,5904.639,12849.271,7427.519,7203.038,16317.437
case276_comm_C0_DEFAULT_N2048_q8_rep1,COMM_ONLY,RCCL,C0_DEFAULT,2048,2048,2048,8,1,80,0,PASS,248.000,244.640,252.960,1489.439,1481.120,1503.999,1495.600,1486.720,1510.400,0.000,0.000,0.000,0.000,0.000,0.000,0.000,0.000,0.000,1501.680,1492.320,1516.640
case277_comm_C0_DEFAULT_N2048_q8_rep2,COMM_ONLY,RCCL,C0_DEFAULT,2048,2048,2048,8,2,80,0,PASS,246.400,243.840,258.400,1483.439,1472.799,1509.439,1489.440,1478.719,1515.999,0.000,0.000,0.000,0.000,0.000,0.000,0.000,0.000,0.000,1495.358,1484.479,1522.559
case278_comm_C0_DEFAULT_N2048_q8_rep3,COMM_ONLY,RCCL,C0_DEFAULT,2048,2048,2048,8,3,80,0,PASS,247.440,244.960,253.120,1482.960,1474.720,1502.240,1489.280,1480.480,1509.280,0.000,0.000,0.000,0.000,0.000,0.000,0.000,0.000,0.000,1494.880,1486.080,1515.680
case279_comm_C0_DEFAULT_N2048_q8_rep4,COMM_ONLY,RCCL,C0_DEFAULT,2048,2048,2048,8,4,80,0,PASS,248.959,245.760,253.760,1496.479,1484.320,1508.160,1503.040,1491.199,1514.400,0.000,0.000,0.000,0.000,0.000,0.000,0.000,0.000,0.000,1509.440,1497.440,1520.160
case280_comm_C0_DEFAULT_N2048_q8_rep5,COMM_ONLY,RCCL,C0_DEFAULT,2048,2048,2048,8,5,80,0,PASS,248.560,245.440,252.640,1490.560,1476.640,1504.320,1497.280,1482.720,1511.360,0.000,0.000,0.000,0.000,0.000,0.000,0.000,0.000,0.000,1503.600,1488.480,1517.600
case281_gemm_C0_DEFAULT_N2048_q8_rep1,GEMM_ONLY,RCCL,C0_DEFAULT,2048,2048,2048,8,1,80,0,PASS,0.000,0.000,0.000,0.000,0.000,0.000,5981.439,5952.635,6021.758,216.640,215.520,217.440,5974.959,5946.715,6015.198,5759.601,5731.040,5798.400,5987.440,5958.395,6028.158
case282_gemm_C0_DEFAULT_N2048_q8_rep2,GEMM_ONLY,RCCL,C0_DEFAULT,2048,2048,2048,8,2,80,0,PASS,0.000,0.000,0.000,0.000,0.000,0.000,5986.877,5958.717,6015.041,216.800,216.319,217.600,5980.316,5952.157,6008.481,5764.959,5737.437,5791.201,5993.276,5965.277,6021.281
case283_gemm_C0_DEFAULT_N2048_q8_rep3,GEMM_ONLY,RCCL,C0_DEFAULT,2048,2048,2048,8,3,80,0,PASS,0.000,0.000,0.000,0.000,0.000,0.000,5986.959,5952.801,6017.437,215.200,213.120,216.800,5980.479,5946.239,6010.877,5767.039,5735.359,5796.800,5993.360,5959.201,6023.837
case284_gemm_C0_DEFAULT_N2048_q8_rep4,GEMM_ONLY,RCCL,C0_DEFAULT,2048,2048,2048,8,4,80,0,PASS,0.000,0.000,0.000,0.000,0.000,0.000,5986.719,5955.359,6013.281,216.960,215.840,217.760,5980.079,5948.799,6006.721,5763.520,5733.436,5790.877,5993.119,5961.919,6019.681
case285_gemm_C0_DEFAULT_N2048_q8_rep5,GEMM_ONLY,RCCL,C0_DEFAULT,2048,2048,2048,8,5,80,0,PASS,0.000,0.000,0.000,0.000,0.000,0.000,5986.239,5955.842,6014.879,216.959,215.680,217.598,5979.679,5949.122,6008.319,5766.479,5734.721,5794.560,5992.639,5962.242,6021.439
case286_r0_C0_DEFAULT_N2048_q8_rep1,R0_FULL_SERIAL,RCCL,C0_DEFAULT,2048,2048,2048,8,1,80,0,PASS,1119.920,1113.760,1125.759,1119.920,1113.760,1125.759,1126.959,1120.160,1132.480,1139.439,1132.160,1146.560,4127.279,4034.718,4223.838,2995.519,2907.359,3092.798,4132.959,4040.478,4229.438
case287_r0_C0_DEFAULT_N2048_q8_rep2,R0_FULL_SERIAL,RCCL,C0_DEFAULT,2048,2048,2048,8,2,80,0,PASS,1120.720,1113.760,1127.040,1120.720,1113.760,1127.040,1127.600,1121.600,1133.760,1140.000,1134.080,1146.560,4123.998,4017.278,4253.759,2995.760,2879.840,3122.560,4129.519,4023.038,4259.519
case288_r0_C0_DEFAULT_N2048_q8_rep3,R0_FULL_SERIAL,RCCL,C0_DEFAULT,2048,2048,2048,8,3,80,0,PASS,1120.159,1114.400,1127.520,1120.159,1114.400,1127.520,1126.879,1120.640,1134.240,1139.519,1133.279,1148.000,4103.198,4001.598,4271.360,2975.919,2874.718,3128.800,4108.798,4007.038,4277.120
case289_r0_C0_DEFAULT_N2048_q8_rep4,R0_FULL_SERIAL,RCCL,C0_DEFAULT,2048,2048,2048,8,4,80,0,PASS,1119.600,1113.760,1129.600,1119.600,1113.760,1129.600,1126.240,1120.960,1136.800,1139.520,1133.600,1149.279,4116.959,4013.278,4215.198,2988.399,2886.401,3079.839,4122.639,4019.038,4220.798
case290_r0_C0_DEFAULT_N2048_q8_rep5,R0_FULL_SERIAL,RCCL,C0_DEFAULT,2048,2048,2048,8,5,80,0,PASS,1120.480,1114.399,1128.479,1120.480,1114.399,1128.479,1127.041,1121.439,1134.719,1139.840,1133.440,1148.799,4122.479,4022.077,4270.080,2995.041,2889.438,3133.280,4128.159,4027.677,4275.680
case291_rs_C0_DEFAULT_N2048_q8_rep1,RS_SLICE_SERIAL,RCCL,C0_DEFAULT,2048,2048,2048,8,1,80,0,PASS,253.040,249.440,261.760,6628.876,6607.198,6653.276,6635.115,6613.598,6659.676,265.920,262.240,275.840,7358.159,7338.878,7387.036,7098.080,7075.678,7122.235,7363.919,7344.636,7392.636
case292_rs_C0_DEFAULT_N2048_q8_rep2,RS_SLICE_SERIAL,RCCL,C0_DEFAULT,2048,2048,2048,8,2,80,0,PASS,251.360,248.800,255.840,6626.716,6605.599,6653.756,6632.956,6611.839,6660.156,264.399,261.918,272.640,7353.680,7325.761,7385.435,7092.559,7068.321,7122.876,7359.440,7331.361,7391.195
case293_rs_C0_DEFAULT_N2048_q8_rep3,RS_SLICE_SERIAL,RCCL,C0_DEFAULT,2048,2048,2048,8,3,80,0,PASS,251.520,248.158,256.320,6624.476,6602.715,6661.758,6630.796,6608.955,6667.998,265.119,261.438,269.440,7353.674,7329.918,7391.036,7092.241,7068.959,7119.679,7359.354,7335.678,7396.796
case294_rs_C0_DEFAULT_N2048_q8_rep4,RS_SLICE_SERIAL,RCCL,C0_DEFAULT,2048,2048,2048,8,4,80,0,PASS,251.520,247.360,259.521,6638.636,6615.679,6661.279,6644.876,6622.079,6667.679,264.320,260.160,272.960,7367.519,7341.275,7394.398,7109.038,7080.961,7128.321,7373.199,7346.875,7400.158
case295_rs_C0_DEFAULT_N2048_q8_rep5,RS_SLICE_SERIAL,RCCL,C0_DEFAULT,2048,2048,2048,8,5,80,0,PASS,251.680,248.000,256.160,6624.476,6598.398,6647.836,6630.876,6604.478,6654.398,264.800,261.279,271.680,7352.636,7323.998,7384.318,7092.076,7063.200,7122.238,7358.235,7329.598,7390.078
case296_r1_C0_DEFAULT_N2048_q8_rep1,R1_EVENT_OVERLAP,RCCL,C0_DEFAULT,2048,2048,2048,8,1,80,0,PASS,251.039,247.999,255.519,3039.999,2945.600,3604.320,3047.439,2962.558,3611.360,264.719,260.640,269.760,6612.800,6540.319,6693.919,6348.159,6278.879,6431.839,6618.480,6545.919,6699.519
case297_r1_C0_DEFAULT_N2048_q8_rep2,R1_EVENT_OVERLAP,RCCL,C0_DEFAULT,2048,2048,2048,8,2,80,0,PASS,250.239,247.680,255.840,3113.677,2944.000,3645.438,3121.358,2954.237,3668.158,263.840,260.959,270.240,6617.596,6549.280,6708.319,6353.839,6290.721,6433.756,6623.276,6554.880,6714.079
case298_r1_C0_DEFAULT_N2048_q8_rep3,R1_EVENT_OVERLAP,RCCL,C0_DEFAULT,2048,2048,2048,8,3,80,0,PASS,249.280,245.760,255.840,3014.477,2954.398,3675.039,3024.398,2961.440,3698.079,262.480,258.720,269.440,6594.796,6513.440,6677.916,6334.318,6263.360,6399.840,6600.396,6519.040,6683.516
case299_r1_C0_DEFAULT_N2048_q8_rep4,R1_EVENT_OVERLAP,RCCL,C0_DEFAULT,2048,2048,2048,8,4,80,0,PASS,250.799,247.840,257.118,3018.319,2955.039,3583.998,3033.918,2961.759,3592.478,264.080,260.640,271.840,6605.596,6536.000,6696.479,6347.119,6278.076,6430.559,6611.276,6541.600,6702.239
case300_r1_C0_DEFAULT_N2048_q8_rep5,R1_EVENT_OVERLAP,RCCL,C0_DEFAULT,2048,2048,2048,8,5,80,0,PASS,250.799,247.840,255.520,3032.799,2953.598,3591.838,3040.319,2960.638,3611.518,263.999,260.800,270.400,6615.517,6516.635,6703.515,6353.837,6256.955,6439.675,6621.597,6522.235,6709.115
case301_fc_C0_DEFAULT_N2048_q8_rep1,FC_FCOLLECT_ONLY,DUSHMEM,C0_DEFAULT,2048,2048,2048,8,1,80,0,PASS,7089.275,7005.436,7187.995,7089.275,7005.436,7187.995,7077.755,6993.756,7176.315,0.000,0.000,0.000,0.000,0.000,0.000,0.000,0.000,0.000,7094.875,7011.196,7193.755
case302_fc_C0_DEFAULT_N2048_q8_rep2,FC_FCOLLECT_ONLY,DUSHMEM,C0_DEFAULT,2048,2048,2048,8,2,80,0,PASS,7093.039,6999.358,7187.679,7093.039,6999.358,7187.679,7081.599,6987.358,7176.479,0.000,0.000,0.000,0.000,0.000,0.000,0.000,0.000,0.000,7098.798,7005.118,7193.279
case303_fc_C0_DEFAULT_N2048_q8_rep3,FC_FCOLLECT_ONLY,DUSHMEM,C0_DEFAULT,2048,2048,2048,8,3,80,0,PASS,7101.760,6988.958,7196.641,7101.760,6988.958,7196.641,7090.479,6978.078,7184.961,0.000,0.000,0.000,0.000,0.000,0.000,0.000,0.000,0.000,7107.360,6994.558,7202.561
case304_fc_C0_DEFAULT_N2048_q8_rep4,FC_FCOLLECT_ONLY,DUSHMEM,C0_DEFAULT,2048,2048,2048,8,4,80,0,PASS,7101.679,6995.359,7193.919,7101.679,6995.359,7193.919,7090.639,6983.999,7182.559,0.000,0.000,0.000,0.000,0.000,0.000,0.000,0.000,0.000,7107.359,7000.959,7199.519
case305_fc_C0_DEFAULT_N2048_q8_rep5,FC_FCOLLECT_ONLY,DUSHMEM,C0_DEFAULT,2048,2048,2048,8,5,80,0,PASS,7097.919,6991.519,7190.079,7097.919,6991.519,7190.079,7086.959,6980.479,7179.039,0.000,0.000,0.000,0.000,0.000,0.000,0.000,0.000,0.000,7103.679,6997.119,7195.679
case306_dc_C0_DEFAULT_N2048_q8_rep1,DC_PUSHSIG_ONLY,DUSHMEM,C0_DEFAULT,2048,2048,2048,8,1,80,0,PASS,824.800,718.880,16411.836,14495.921,4607.999,22050.875,9527.358,4427.838,14804.002,0.000,0.000,0.000,0.000,0.000,0.000,0.000,0.000,0.000,14508.160,4619.199,22056.635
case307_dc_C0_DEFAULT_N2048_q8_rep2,DC_PUSHSIG_ONLY,DUSHMEM,C0_DEFAULT,2048,2048,2048,8,2,80,0,PASS,753.600,696.000,18546.867,14437.593,4652.319,23019.346,5524.235,4625.759,14813.270,0.000,0.000,0.000,0.000,0.000,0.000,0.000,0.000,0.000,14454.314,4667.839,23024.945
case308_dc_C0_DEFAULT_N2048_q8_rep3,DC_PUSHSIG_ONLY,DUSHMEM,C0_DEFAULT,2048,2048,2048,8,3,80,0,PASS,754.720,710.879,17603.676,14235.275,4646.719,21452.641,6823.597,4594.400,15065.431,0.000,0.000,0.000,0.000,0.000,0.000,0.000,0.000,0.000,14248.075,4654.879,21458.400
case309_dc_C0_DEFAULT_N2048_q8_rep4,DC_PUSHSIG_ONLY,DUSHMEM,C0_DEFAULT,2048,2048,2048,8,4,80,0,PASS,750.481,698.879,18141.428,14563.761,4662.719,22054.709,9643.998,4550.399,14806.237,0.000,0.000,0.000,0.000,0.000,0.000,0.000,0.000,0.000,14574.880,4677.279,22210.389
case310_dc_C0_DEFAULT_N2048_q8_rep5,DC_PUSHSIG_ONLY,DUSHMEM,C0_DEFAULT,2048,2048,2048,8,5,80,0,PASS,815.360,723.840,14924.801,14477.593,4641.437,21106.869,14287.037,4623.518,14863.510,0.000,0.000,0.000,0.000,0.000,0.000,0.000,0.000,0.000,14490.154,4656.157,21112.629
case311_d0_C0_DEFAULT_N2048_q8_rep1,D0_FCOLLECT_SERIAL,DUSHMEM,C0_DEFAULT,2048,2048,2048,8,1,80,0,PASS,7091.998,6986.396,7177.596,7091.998,6986.396,7177.596,7098.398,6992.319,7184.319,7111.278,7004.639,7196.799,10134.476,9980.959,10311.040,3032.718,2913.598,3167.038,10140.396,9986.559,10316.640
case312_d0_C0_DEFAULT_N2048_q8_rep2,D0_FCOLLECT_SERIAL,DUSHMEM,C0_DEFAULT,2048,2048,2048,8,2,80,0,PASS,7083.437,6973.596,7185.280,7083.437,6973.596,7185.280,7089.917,6981.596,7191.355,7102.317,6994.396,7203.680,10128.881,9956.313,10367.354,3017.039,2936.480,3218.399,10134.560,9961.913,10373.113
case313_d0_C0_DEFAULT_N2048_q8_rep3,D0_FCOLLECT_SERIAL,DUSHMEM,C0_DEFAULT,2048,2048,2048,8,3,80,0,PASS,7085.519,6982.559,7172.799,7085.519,6982.559,7172.799,7091.439,6988.319,7179.999,7103.599,7000.479,7192.319,10100.316,9956.639,10280.478,3013.278,2866.077,3119.680,10105.916,9962.238,10286.078
case314_d0_C0_DEFAULT_N2048_q8_rep4,D0_FCOLLECT_SERIAL,DUSHMEM,C0_DEFAULT,2048,2048,2048,8,4,80,0,PASS,7084.398,6974.721,7176.801,7084.398,6974.721,7176.801,7091.198,6981.280,7183.201,7103.678,6993.761,7196.001,10137.119,9986.081,10302.879,3033.521,2922.718,3139.840,10142.719,9991.842,10308.479
case315_d0_C0_DEFAULT_N2048_q8_rep5,D0_FCOLLECT_SERIAL,DUSHMEM,C0_DEFAULT,2048,2048,2048,8,5,80,0,PASS,7073.755,6988.960,7176.481,7073.755,6988.960,7176.481,7079.915,6994.715,7183.199,7092.078,7007.035,7195.519,10109.836,9947.519,10284.000,3012.399,2886.880,3158.556,10115.356,9953.118,10289.760
case316_ds_C0_DEFAULT_N2048_q8_rep1,DS_PUSHSIG_SERIAL,DUSHMEM,C0_DEFAULT,2048,2048,2048,8,1,80,0,PASS,765.040,736.960,899.680,12975.037,10685.594,21029.756,16960.155,11547.998,27055.352,771.360,742.720,905.440,14437.436,11421.279,21767.197,13680.236,10656.799,20620.154,16967.357,11550.719,27060.951
case317_ds_C0_DEFAULT_N2048_q8_rep2,DS_PUSHSIG_SERIAL,DUSHMEM,C0_DEFAULT,2048,2048,2048,8,2,80,0,PASS,771.600,749.600,10665.597,11039.837,10699.196,29307.342,17730.877,11547.677,32278.877,777.680,755.360,10672.637,12052.157,11426.077,30019.182,11278.397,10651.677,22605.266,17739.117,11553.438,32281.918
case318_ds_C0_DEFAULT_N2048_q8_rep3,DS_PUSHSIG_SERIAL,DUSHMEM,C0_DEFAULT,2048,2048,2048,8,3,80,0,PASS,756.800,743.840,6905.114,11791.837,10635.195,26008.312,18151.040,11493.916,27767.824,762.800,750.240,6912.154,13426.956,11367.677,26756.311,12669.356,10615.361,22592.641,18155.440,11499.996,27766.385
case319_ds_C0_DEFAULT_N2048_q8_rep4,DS_PUSHSIG_SERIAL,DUSHMEM,C0_DEFAULT,2048,2048,2048,8,4,80,0,PASS,783.760,756.000,943.039,12145.594,10683.673,24507.672,15533.993,11549.277,25381.111,789.760,761.600,949.440,12864.075,11423.036,25259.191,12114.953,10637.598,24451.352,15540.153,11555.357,25386.553
case320_ds_C0_DEFAULT_N2048_q8_rep5,DS_PUSHSIG_SERIAL,DUSHMEM,C0_DEFAULT,2048,2048,2048,8,5,80,0,PASS,766.960,745.280,919.680,11103.197,10560.317,21643.355,14156.479,11396.476,22470.074,772.640,751.040,926.240,11819.835,11281.597,22356.475,11076.396,10507.680,21539.996,14158.159,11397.916,22470.225
case321_d1_C0_DEFAULT_N2048_q8_rep1,D1_PUSHSIG_OVERLAP,DUSHMEM,C0_DEFAULT,2048,2048,2048,8,1,80,0,PASS,769.920,745.760,928.960,11024.634,10606.233,22453.754,13986.075,11448.473,23307.672,776.320,751.520,935.520,11753.593,11327.993,23174.873,11067.751,10559.513,20465.432,13992.316,11456.474,23309.752
case322_d1_C0_DEFAULT_N2048_q8_rep2,D1_PUSHSIG_OVERLAP,DUSHMEM,C0_DEFAULT,2048,2048,2048,8,2,80,0,PASS,737.360,721.600,11919.680,10801.838,10645.599,29893.578,18153.838,11491.518,30716.615,743.680,727.360,11925.761,12688.474,11365.758,30601.576,11935.914,10631.358,20965.596,18158.238,11498.397,30723.336
case323_d1_C0_DEFAULT_N2048_q8_rep3,D1_PUSHSIG_OVERLAP,DUSHMEM,C0_DEFAULT,2048,2048,2048,8,3,80,0,PASS,762.320,741.759,915.360,11537.676,10572.473,20390.547,14503.351,11430.714,22279.033,768.160,748.159,921.120,12786.958,11310.394,21132.465,12013.757,10548.634,20323.988,14507.911,11436.794,22281.115
case324_d1_C0_DEFAULT_N2048_q8_rep4,D1_PUSHSIG_OVERLAP,DUSHMEM,C0_DEFAULT,2048,2048,2048,8,4,80,0,PASS,758.799,737.599,2635.679,12170.477,10578.553,25818.385,15688.077,11425.913,26677.584,765.279,744.000,2641.279,12889.356,11307.993,26554.865,12123.676,10558.714,20645.104,15688.157,11430.394,26683.824
case325_d1_C0_DEFAULT_N2048_q8_rep5,D1_PUSHSIG_OVERLAP,DUSHMEM,C0_DEFAULT,2048,2048,2048,8,5,80,0,PASS,748.000,730.240,907.199,12837.433,10657.438,23191.195,16018.552,11534.076,24189.264,754.560,735.840,912.959,13576.473,11392.316,23922.074,12132.555,10642.077,21786.074,16022.552,11539.997,24194.865
case326_d1w_C0_DEFAULT_N2048_q8_rep1,D1W_WAITSTREAM_OVERLAP,DUSHMEM,C0_DEFAULT,2048,2048,2048,8,1,80,0,PASS,767.919,745.280,10614.558,12408.317,10833.595,29010.863,18735.994,11723.833,29862.064,796.959,773.920,10655.197,13158.632,11575.038,29737.104,12387.352,10804.634,24239.500,18743.033,11733.113,29871.344
case327_d1w_C0_DEFAULT_N2048_q8_rep2,D1W_WAITSTREAM_OVERLAP,DUSHMEM,C0_DEFAULT,2048,2048,2048,8,2,80,0,PASS,754.080,742.240,904.320,11436.395,10804.638,24473.426,17415.994,11675.037,25989.113,783.199,771.200,980.800,12188.237,11550.558,25199.504,11385.512,10769.597,23172.160,17421.672,11683.837,25997.273
case328_d1w_C0_DEFAULT_N2048_q8_rep3,D1W_WAITSTREAM_OVERLAP,DUSHMEM,C0_DEFAULT,2048,2048,2048,8,3,80,0,PASS,776.480,752.000,7973.118,13241.914,10824.953,28691.982,16976.714,11725.277,31535.021,805.840,780.800,8005.758,13981.274,11560.313,29453.422,12449.275,10756.153,21694.557,16983.833,11731.996,31543.340
case329_d1w_C0_DEFAULT_N2048_q8_rep4,D1W_WAITSTREAM_OVERLAP,DUSHMEM,C0_DEFAULT,2048,2048,2048,8,4,80,0,PASS,750.639,729.440,17081.746,12958.554,10802.558,30775.820,19356.081,11679.678,31644.141,779.519,758.719,17114.066,13704.874,11540.316,31519.500,12933.835,10765.116,21132.305,19366.080,11686.558,31654.859
case330_d1w_C0_DEFAULT_N2048_q8_rep5,D1W_WAITSTREAM_OVERLAP,DUSHMEM,C0_DEFAULT,2048,2048,2048,8,5,80,0,PASS,771.519,749.120,838.559,11849.037,10719.518,20462.396,14375.278,11583.517,22641.584,801.999,779.040,991.680,12876.793,11464.797,21234.717,12138.554,10669.917,20338.867,14380.158,11586.558,22642.863
case331_comm_C0_DEFAULT_N4096_q2_rep1,COMM_ONLY,RCCL,C0_DEFAULT,2048,4096,2048,2,1,80,0,PASS,673.919,664.960,6005.115,1210.639,1203.520,6548.475,1216.959,1209.760,6554.875,0.000,0.000,0.000,0.000,0.000,0.000,0.000,0.000,0.000,1223.200,1216.000,6561.275
case332_comm_C0_DEFAULT_N4096_q2_rep2,COMM_ONLY,RCCL,C0_DEFAULT,2048,4096,2048,2,2,80,0,PASS,672.799,664.000,696.000,1209.999,1203.360,1233.440,1216.320,1208.960,1239.840,0.000,0.000,0.000,0.000,0.000,0.000,0.000,0.000,0.000,1222.719,1215.200,1246.080
case333_comm_C0_DEFAULT_N4096_q2_rep3,COMM_ONLY,RCCL,C0_DEFAULT,2048,4096,2048,2,3,80,0,PASS,673.679,665.120,686.240,1211.599,1203.839,1222.240,1218.079,1210.399,1228.800,0.000,0.000,0.000,0.000,0.000,0.000,0.000,0.000,0.000,1224.399,1216.639,1235.200
case334_comm_C0_DEFAULT_N4096_q2_rep4,COMM_ONLY,RCCL,C0_DEFAULT,2048,4096,2048,2,4,80,0,PASS,673.519,665.440,692.960,1208.960,1202.080,1229.920,1215.119,1207.840,1236.480,0.000,0.000,0.000,0.000,0.000,0.000,0.000,0.000,0.000,1221.039,1213.600,1242.720
case335_comm_C0_DEFAULT_N4096_q2_rep5,COMM_ONLY,RCCL,C0_DEFAULT,2048,4096,2048,2,5,80,0,PASS,674.320,666.720,691.200,1212.399,1203.840,1227.680,1218.959,1210.240,1234.080,0.000,0.000,0.000,0.000,0.000,0.000,0.000,0.000,0.000,1225.280,1216.640,1240.480
case336_gemm_C0_DEFAULT_N4096_q2_rep1,GEMM_ONLY,RCCL,C0_DEFAULT,2048,4096,2048,2,1,80,0,PASS,0.000,0.000,0.000,0.000,0.000,0.000,8713.998,8580.639,8899.354,435.439,434.559,436.958,8707.438,8574.239,8892.795,8273.998,8140.475,8458.716,8720.397,8587.039,8905.755
case337_gemm_C0_DEFAULT_N4096_q2_rep2,GEMM_ONLY,RCCL,C0_DEFAULT,2048,4096,2048,2,2,80,0,PASS,0.000,0.000,0.000,0.000,0.000,0.000,8736.716,8608.159,8880.961,435.680,434.400,436.800,8730.556,8601.599,8874.401,8295.280,8166.399,8438.562,8742.796,8614.560,8887.360
case338_gemm_C0_DEFAULT_N4096_q2_rep3,GEMM_ONLY,RCCL,C0_DEFAULT,2048,4096,2048,2,3,80,0,PASS,0.000,0.000,0.000,0.000,0.000,0.000,8713.279,8547.199,8831.834,436.640,436.000,437.440,8706.719,8541.439,8825.274,8272.239,8107.034,8389.116,8719.599,8552.799,8838.234
case339_gemm_C0_DEFAULT_N4096_q2_rep4,GEMM_ONLY,RCCL,C0_DEFAULT,2048,4096,2048,2,4,80,0,PASS,0.000,0.000,0.000,0.000,0.000,0.000,8655.517,8550.080,8830.234,435.520,434.878,436.640,8649.117,8543.520,8823.675,8216.959,8110.240,8391.835,8661.917,8556.320,8836.795
case340_gemm_C0_DEFAULT_N4096_q2_rep5,GEMM_ONLY,RCCL,C0_DEFAULT,2048,4096,2048,2,5,80,0,PASS,0.000,0.000,0.000,0.000,0.000,0.000,8684.318,8550.879,8824.315,436.160,435.680,437.280,8677.760,8545.119,8817.915,8243.199,8113.119,8385.275,8690.639,8556.479,8830.715
case341_r0_C0_DEFAULT_N4096_q2_rep1,R0_FULL_SERIAL,RCCL,C0_DEFAULT,2048,4096,2048,2,1,80,0,PASS,1162.560,1148.960,1194.560,1162.560,1148.960,1194.560,1169.359,1156.159,1201.760,1182.959,1167.999,1216.640,9113.998,9044.634,9220.798,7937.757,7887.038,8051.360,9119.838,9050.073,9226.558
case342_r0_C0_DEFAULT_N4096_q2_rep2,R0_FULL_SERIAL,RCCL,C0_DEFAULT,2048,4096,2048,2,2,80,0,PASS,1168.160,1148.000,1188.799,1168.160,1148.000,1188.799,1174.959,1155.520,1195.360,1187.840,1168.480,1208.159,9110.558,9051.520,9206.238,7935.595,7882.240,8042.555,9116.558,9057.119,9211.839
case343_r0_C0_DEFAULT_N4096_q2_rep3,R0_FULL_SERIAL,RCCL,C0_DEFAULT,2048,4096,2048,2,3,80,0,PASS,1168.560,1151.520,1187.040,1168.560,1151.520,1187.040,1175.440,1158.560,1194.879,1188.559,1171.200,1209.440,9151.116,9054.238,9242.396,7985.035,7889.435,8066.874,9157.035,9059.838,9247.995
case344_r0_C0_DEFAULT_N4096_q2_rep4,R0_FULL_SERIAL,RCCL,C0_DEFAULT,2048,4096,2048,2,4,80,0,PASS,1167.840,1146.240,1188.800,1167.840,1146.240,1188.800,1175.199,1152.480,1195.840,1188.159,1166.879,1210.720,9213.039,9139.038,9281.753,8047.440,7972.154,8105.599,9218.719,9144.798,9287.513
case345_r0_C0_DEFAULT_N4096_q2_rep5,R0_FULL_SERIAL,RCCL,C0_DEFAULT,2048,4096,2048,2,5,80,0,PASS,1169.440,1150.400,1193.280,1169.440,1150.400,1193.280,1176.480,1158.078,1200.959,1189.119,1170.398,1212.479,9186.553,9086.078,9261.278,8014.315,7919.679,8083.999,9192.553,9091.678,9266.878
case346_rs_C0_DEFAULT_N4096_q2_rep1,RS_SLICE_SERIAL,RCCL,C0_DEFAULT,2048,4096,2048,2,1,80,0,PASS,674.400,666.560,687.040,5352.797,5268.639,5477.277,5358.878,5274.879,5483.677,688.239,679.840,700.319,9465.517,9338.879,9644.793,8791.035,8665.119,8970.396,9471.196,9344.319,9650.393
case347_rs_C0_DEFAULT_N4096_q2_rep2,RS_SLICE_SERIAL,RCCL,C0_DEFAULT,2048,4096,2048,2,2,80,0,PASS,673.680,667.040,689.119,5328.796,5261.917,5448.477,5334.956,5268.157,5454.397,687.519,681.119,701.760,9395.594,9317.278,9555.032,8718.076,8633.761,8877.919,9401.274,9323.038,9560.632
case348_rs_C0_DEFAULT_N4096_q2_rep3,RS_SLICE_SERIAL,RCCL,C0_DEFAULT,2048,4096,2048,2,3,80,0,PASS,676.160,667.520,692.320,5347.756,5258.399,5476.795,5353.756,5264.639,5482.875,688.959,680.320,705.280,9476.879,9346.878,9637.432,8801.037,8671.995,8942.715,9482.559,9352.799,9643.032
case349_rs_C0_DEFAULT_N4096_q2_rep4,RS_SLICE_SERIAL,RCCL,C0_DEFAULT,2048,4096,2048,2,4,80,0,PASS,675.280,665.439,695.360,5331.599,5245.758,5486.240,5337.758,5251.678,5492.320,688.399,677.759,708.000,9426.956,9321.755,9630.553,8746.320,8646.715,8947.198,9432.555,9327.354,9636.152
case350_rs_C0_DEFAULT_N4096_q2_rep5,RS_SLICE_SERIAL,RCCL,C0_DEFAULT,2048,4096,2048,2,5,80,0,PASS,673.280,663.040,683.839,5319.838,5248.479,5463.196,5325.838,5254.399,5469.276,687.279,676.640,696.479,9423.113,9310.395,9617.272,8743.117,8637.595,8943.352,9428.713,9316.153,9623.031
case351_r1_C0_DEFAULT_N4096_q2_rep1,R1_EVENT_OVERLAP,RCCL,C0_DEFAULT,2048,4096,2048,2,1,80,0,PASS,678.559,670.240,689.760,1592.960,1573.760,1621.440,1600.319,1581.120,1629.440,692.320,684.160,704.800,9434.399,9300.639,9565.919,8746.716,8621.918,8877.919,9440.479,9306.398,9572.159
case352_r1_C0_DEFAULT_N4096_q2_rep2,R1_EVENT_OVERLAP,RCCL,C0_DEFAULT,2048,4096,2048,2,2,80,0,PASS,680.399,669.440,695.680,1596.720,1577.920,1614.720,1604.320,1584.480,1622.240,694.880,683.840,710.560,9396.557,9308.801,9520.315,8717.916,8626.562,8834.876,9402.876,9315.361,9526.715
case353_r1_C0_DEFAULT_N4096_q2_rep3,R1_EVENT_OVERLAP,RCCL,C0_DEFAULT,2048,4096,2048,2,3,80,0,PASS,677.600,668.160,690.879,1592.079,1574.720,1626.560,1599.599,1582.400,1634.080,691.840,682.239,703.520,9442.716,9312.640,9552.634,8759.600,8633.600,8873.118,9449.118,9318.079,9558.555
case354_r1_C0_DEFAULT_N4096_q2_rep4,R1_EVENT_OVERLAP,RCCL,C0_DEFAULT,2048,4096,2048,2,4,80,0,PASS,677.120,667.840,692.960,1596.639,1575.519,1616.799,1604.239,1583.199,1624.958,691.439,681.440,706.720,9418.957,9303.521,9557.598,8739.519,8630.073,8873.438,9425.356,9309.921,9563.998
case355_r1_C0_DEFAULT_N4096_q2_rep5,R1_EVENT_OVERLAP,RCCL,C0_DEFAULT,2048,4096,2048,2,5,80,0,PASS,678.320,670.080,691.200,1593.920,1575.359,1619.679,1600.799,1582.879,1627.359,692.799,684.320,705.919,9412.080,9286.722,9567.679,8734.077,8613.121,8864.315,9418.399,9292.321,9573.438
case356_fc_C0_DEFAULT_N4096_q2_rep1,FC_FCOLLECT_ONLY,DUSHMEM,C0_DEFAULT,2048,4096,2048,2,1,80,0,PASS,7142.878,7034.720,7222.079,7142.878,7034.720,7222.079,7131.517,7023.680,7211.039,0.000,0.000,0.000,0.000,0.000,0.000,0.000,0.000,0.000,7148.637,7040.320,7227.679
case357_fc_C0_DEFAULT_N4096_q2_rep2,FC_FCOLLECT_ONLY,DUSHMEM,C0_DEFAULT,2048,4096,2048,2,2,80,0,PASS,7125.836,7022.075,7216.959,7125.836,7022.075,7216.959,7114.397,7011.035,7205.759,0.000,0.000,0.000,0.000,0.000,0.000,0.000,0.000,0.000,7131.596,7027.675,7222.719
case358_fc_C0_DEFAULT_N4096_q2_rep3,FC_FCOLLECT_ONLY,DUSHMEM,C0_DEFAULT,2048,4096,2048,2,3,80,0,PASS,7123.917,7031.199,7222.718,7123.917,7031.199,7222.718,7112.157,7019.359,7211.838,0.000,0.000,0.000,0.000,0.000,0.000,0.000,0.000,0.000,7129.677,7036.959,7228.318
case359_fc_C0_DEFAULT_N4096_q2_rep4,FC_FCOLLECT_ONLY,DUSHMEM,C0_DEFAULT,2048,4096,2048,2,4,80,0,PASS,7128.479,7029.440,7219.199,7128.479,7029.440,7219.199,7117.280,7018.240,7207.999,0.000,0.000,0.000,0.000,0.000,0.000,0.000,0.000,0.000,7134.079,7035.200,7224.959
case360_fc_C0_DEFAULT_N4096_q2_rep5,FC_FCOLLECT_ONLY,DUSHMEM,C0_DEFAULT,2048,4096,2048,2,5,80,0,PASS,7125.435,7021.756,7215.355,7125.435,7021.756,7215.355,7114.235,7010.236,7204.155,0.000,0.000,0.000,0.000,0.000,0.000,0.000,0.000,0.000,7131.195,7027.516,7220.955
case361_dc_C0_DEFAULT_N4096_q2_rep1,DC_PUSHSIG_ONLY,DUSHMEM,C0_DEFAULT,2048,4096,2048,2,1,80,0,PASS,2789.520,2235.678,13001.600,4338.479,3292.640,13765.438,4113.600,3198.718,11846.078,0.000,0.000,0.000,0.000,0.000,0.000,0.000,0.000,0.000,4353.918,3306.240,16295.188
case362_dc_C0_DEFAULT_N4096_q2_rep2,DC_PUSHSIG_ONLY,DUSHMEM,C0_DEFAULT,2048,4096,2048,2,2,80,0,PASS,2839.040,2192.799,11013.595,5184.560,3290.398,12533.916,5193.840,3300.958,11897.918,0.000,0.000,0.000,0.000,0.000,0.000,0.000,0.000,0.000,5205.440,3304.478,12551.996
case363_dc_C0_DEFAULT_N4096_q2_rep3,DC_PUSHSIG_ONLY,DUSHMEM,C0_DEFAULT,2048,4096,2048,2,3,80,0,PASS,2976.159,2348.000,10874.233,4143.439,3567.998,12089.597,4125.757,3479.358,11889.597,0.000,0.000,0.000,0.000,0.000,0.000,0.000,0.000,0.000,4156.639,3580.318,12104.957
case364_dc_C0_DEFAULT_N4096_q2_rep4,DC_PUSHSIG_ONLY,DUSHMEM,C0_DEFAULT,2048,4096,2048,2,4,80,0,PASS,2773.358,2395.200,12539.997,4126.880,3467.519,13619.037,4135.520,3476.319,12078.878,0.000,0.000,0.000,0.000,0.000,0.000,0.000,0.000,0.000,4138.719,3478.399,13629.277
case365_dc_C0_DEFAULT_N4096_q2_rep5,DC_PUSHSIG_ONLY,DUSHMEM,C0_DEFAULT,2048,4096,2048,2,5,80,0,PASS,2791.678,2408.320,12177.431,3943.919,3479.521,12973.438,3920.078,3474.720,12419.356,0.000,0.000,0.000,0.000,0.000,0.000,0.000,0.000,0.000,3958.799,3493.121,12988.478
case366_d0_C0_DEFAULT_N4096_q2_rep1,D0_FCOLLECT_SERIAL,DUSHMEM,C0_DEFAULT,2048,4096,2048,2,1,80,0,PASS,7120.396,7012.315,7215.355,7120.396,7012.315,7215.355,7126.879,7018.715,7221.918,7139.519,7031.355,7234.878,15184.800,15066.240,15315.203,8055.679,7995.355,8114.562,15190.559,15071.840,15320.803
case367_d0_C0_DEFAULT_N4096_q2_rep2,D0_FCOLLECT_SERIAL,DUSHMEM,C0_DEFAULT,2048,4096,2048,2,2,80,0,PASS,7122.639,7023.836,7207.518,7122.639,7023.836,7207.518,7129.596,7029.759,7213.438,7141.516,7042.239,7226.238,15161.677,15040.638,15289.428,8026.475,7974.394,8090.877,15167.437,15046.238,15294.868
case368_d0_C0_DEFAULT_N4096_q2_rep3,D0_FCOLLECT_SERIAL,DUSHMEM,C0_DEFAULT,2048,4096,2048,2,3,80,0,PASS,7111.674,7020.319,7198.715,7111.674,7020.319,7198.715,7117.914,7027.358,7204.795,7130.554,7039.358,7217.595,15142.237,15035.829,15257.436,8021.997,7936.314,8080.958,15147.917,15041.431,15263.036
case369_d0_C0_DEFAULT_N4096_q2_rep4,D0_FCOLLECT_SERIAL,DUSHMEM,C0_DEFAULT,2048,4096,2048,2,4,80,0,PASS,7110.877,7016.480,7203.200,7110.877,7016.480,7203.200,7116.957,7023.199,7209.440,7128.877,7035.520,7222.240,15159.674,15042.069,15277.428,8026.793,7960.315,8096.960,15165.274,15047.669,15282.868
case370_d0_C0_DEFAULT_N4096_q2_rep5,D0_FCOLLECT_SERIAL,DUSHMEM,C0_DEFAULT,2048,4096,2048,2,5,80,0,PASS,7122.560,7019.039,7200.961,7122.560,7019.039,7200.961,7129.119,7024.479,7207.521,7141.759,7036.799,7220.321,15171.038,15027.351,15265.432,8027.034,7952.799,8106.399,15177.038,15033.109,15271.031
case371_ds_C0_DEFAULT_N4096_q2_rep1,DS_PUSHSIG_SERIAL,DUSHMEM,C0_DEFAULT,2048,4096,2048,2,1,80,0,PASS,2162.720,2012.000,2344.319,7420.236,7208.475,7736.955,11638.555,11389.920,11972.793,2168.399,2017.759,2350.079,11514.792,11269.120,11832.476,9714.477,9404.157,9932.638,11644.476,11395.840,11979.513
case372_ds_C0_DEFAULT_N4096_q2_rep2,DS_PUSHSIG_SERIAL,DUSHMEM,C0_DEFAULT,2048,4096,2048,2,2,80,0,PASS,2113.680,1962.398,2229.920,7317.676,7115.518,7559.195,11555.033,11360.153,11839.833,2119.440,1968.158,2235.680,11427.433,11237.913,11697.921,9644.558,9466.239,9855.197,11561.193,11365.119,11845.753
case373_ds_C0_DEFAULT_N4096_q2_rep3,DS_PUSHSIG_SERIAL,DUSHMEM,C0_DEFAULT,2048,4096,2048,2,3,80,0,PASS,2134.800,1997.757,2252.479,7350.239,7134.238,7680.956,11556.318,11334.712,12021.432,2140.560,2003.517,2258.239,11427.915,11203.033,11894.231,9665.438,9490.714,9928.959,11561.998,11339.992,12026.713
case374_ds_C0_DEFAULT_N4096_q2_rep4,DS_PUSHSIG_SERIAL,DUSHMEM,C0_DEFAULT,2048,4096,2048,2,4,80,0,PASS,2010.718,1869.279,2238.718,7293.358,7047.355,7653.438,11518.238,11230.876,12725.117,2016.478,1875.199,2244.478,11391.037,11107.513,11841.277,9620.879,9416.318,9857.118,11523.676,11236.472,12730.558
case375_ds_C0_DEFAULT_N4096_q2_rep5,DS_PUSHSIG_SERIAL,DUSHMEM,C0_DEFAULT,2048,4096,2048,2,5,80,0,PASS,2249.119,2135.039,2375.999,7492.877,7273.761,7793.434,11742.633,11476.153,12043.354,2254.879,2140.799,2381.759,11617.115,11346.073,11914.713,9813.998,9569.600,10152.639,11748.233,11476.637,12048.633
case376_d1_C0_DEFAULT_N4096_q2_rep1,D1_PUSHSIG_OVERLAP,DUSHMEM,C0_DEFAULT,2048,4096,2048,2,1,80,0,PASS,2148.560,1996.479,2232.959,7369.275,7150.875,7685.756,11561.992,11331.513,11962.873,2154.640,2002.239,2238.719,11424.397,11197.114,11836.474,9702.319,9395.838,9921.916,11567.352,11337.272,11968.313
case377_d1_C0_DEFAULT_N4096_q2_rep2,D1_PUSHSIG_OVERLAP,DUSHMEM,C0_DEFAULT,2048,4096,2048,2,2,80,0,PASS,2139.360,1925.920,2279.839,7379.358,7058.718,7680.160,11657.356,11292.473,12056.953,2145.520,1931.680,2285.599,11511.273,11172.793,11934.232,9690.878,9418.879,9931.198,11659.837,11299.353,12054.873
case378_d1_C0_DEFAULT_N4096_q2_rep3,D1_PUSHSIG_OVERLAP,DUSHMEM,C0_DEFAULT,2048,4096,2048,2,3,80,0,PASS,2242.878,1972.160,2367.038,7454.317,7195.197,7872.000,11675.197,11435.357,12193.911,2248.559,1977.920,2372.798,11549.998,11307.517,12069.752,9802.959,9533.118,10177.597,11679.753,11439.838,12199.192
case379_d1_C0_DEFAULT_N4096_q2_rep4,D1_PUSHSIG_OVERLAP,DUSHMEM,C0_DEFAULT,2048,4096,2048,2,4,80,0,PASS,2194.318,2051.840,2360.320,7434.157,7181.915,7735.355,11647.915,11393.273,12093.756,2199.918,2057.600,2366.080,11524.555,11256.633,11924.951,9727.599,9484.635,9991.518,11652.475,11395.193,12098.236
case380_d1_C0_DEFAULT_N4096_q2_rep5,D1_PUSHSIG_OVERLAP,DUSHMEM,C0_DEFAULT,2048,4096,2048,2,5,80,0,PASS,2265.759,2133.120,2402.879,7505.037,7282.878,7818.080,11797.278,11523.194,12197.271,2271.519,2138.880,2409.278,11674.956,11400.634,12060.153,9841.198,9501.757,10068.798,11799.198,11524.475,12199.352
case381_d1w_C0_DEFAULT_N4096_q2_rep1,D1W_WAITSTREAM_OVERLAP,DUSHMEM,C0_DEFAULT,2048,4096,2048,2,1,80,0,PASS,2226.559,2077.759,2340.479,7443.757,7266.235,7786.716,11733.195,11517.913,12064.800,2257.278,2107.679,2371.039,11609.754,11390.561,11944.319,9795.038,9587.038,10000.160,11736.555,11521.753,12062.880
case382_d1w_C0_DEFAULT_N4096_q2_rep2,D1W_WAITSTREAM_OVERLAP,DUSHMEM,C0_DEFAULT,2048,4096,2048,2,2,80,0,PASS,2187.840,2009.919,2375.359,7487.676,7216.320,7817.437,11787.596,11459.519,12147.353,2220.079,2059.199,2405.437,11654.558,11328.798,12023.192,9804.878,9545.915,10099.679,11793.756,11465.918,12150.392
case383_d1w_C0_DEFAULT_N4096_q2_rep3,D1W_WAITSTREAM_OVERLAP,DUSHMEM,C0_DEFAULT,2048,4096,2048,2,3,80,0,PASS,2181.999,2033.120,2408.477,7509.438,7193.914,7812.795,11789.119,11436.952,12217.437,2215.840,2067.199,2437.759,11667.594,11308.313,12052.793,9808.398,9543.197,10112.639,11791.522,11442.713,12221.277
case384_d1w_C0_DEFAULT_N4096_q2_rep4,D1W_WAITSTREAM_OVERLAP,DUSHMEM,C0_DEFAULT,2048,4096,2048,2,4,80,0,PASS,2143.760,1996.640,2247.199,7397.998,7138.879,7653.760,11661.117,11413.753,11955.833,2180.879,2026.719,2286.560,11533.999,11282.394,11827.193,9758.557,9558.560,9971.198,11664.557,11419.193,11961.593
case385_d1w_C0_DEFAULT_N4096_q2_rep5,D1W_WAITSTREAM_OVERLAP,DUSHMEM,C0_DEFAULT,2048,4096,2048,2,5,80,0,PASS,2160.959,2005.599,2272.318,7399.516,7203.679,7885.276,11720.632,11423.360,19103.996,2193.360,2046.879,2302.238,11568.794,11296.800,11974.553,9745.038,9516.319,9991.358,11727.112,11428.641,19110.076
case386_comm_C0_DEFAULT_N4096_q4_rep1,COMM_ONLY,RCCL,C0_DEFAULT,2048,4096,2048,4,1,80,0,PASS,422.000,412.800,431.040,1312.959,1305.279,1319.839,1319.440,1311.839,1326.399,0.000,0.000,0.000,0.000,0.000,0.000,0.000,0.000,0.000,1325.840,1318.239,1332.639
case387_comm_C0_DEFAULT_N4096_q4_rep2,COMM_ONLY,RCCL,C0_DEFAULT,2048,4096,2048,4,2,80,0,PASS,420.000,412.000,428.800,1311.039,1304.160,1321.599,1317.360,1309.760,1327.359,0.000,0.000,0.000,0.000,0.000,0.000,0.000,0.000,0.000,1323.521,1315.360,1332.959
case388_comm_C0_DEFAULT_N4096_q4_rep3,COMM_ONLY,RCCL,C0_DEFAULT,2048,4096,2048,4,3,80,0,PASS,417.280,410.880,9435.034,1310.400,1304.000,10335.834,1317.040,1310.080,10342.233,0.000,0.000,0.000,0.000,0.000,0.000,0.000,0.000,0.000,1323.519,1316.160,10348.634
case389_comm_C0_DEFAULT_N4096_q4_rep4,COMM_ONLY,RCCL,C0_DEFAULT,2048,4096,2048,4,4,80,0,PASS,422.880,416.160,436.480,1312.960,1305.121,1325.280,1319.520,1311.520,1331.840,0.000,0.000,0.000,0.000,0.000,0.000,0.000,0.000,0.000,1326.000,1317.761,1338.400
case390_comm_C0_DEFAULT_N4096_q4_rep5,COMM_ONLY,RCCL,C0_DEFAULT,2048,4096,2048,4,5,80,0,PASS,418.800,410.560,432.640,1310.399,1301.599,1324.640,1316.879,1307.359,1331.040,0.000,0.000,0.000,0.000,0.000,0.000,0.000,0.000,0.000,1323.119,1313.119,1337.280
case391_gemm_C0_DEFAULT_N4096_q4_rep1,GEMM_ONLY,RCCL,C0_DEFAULT,2048,4096,2048,4,1,80,0,PASS,0.000,0.000,0.000,0.000,0.000,0.000,7738.479,7614.559,7916.957,436.158,435.520,436.800,7731.919,7608.159,7910.397,7297.119,7172.635,7475.199,7744.959,7620.799,7923.357
case392_gemm_C0_DEFAULT_N4096_q4_rep2,GEMM_ONLY,RCCL,C0_DEFAULT,2048,4096,2048,4,2,80,0,PASS,0.000,0.000,0.000,0.000,0.000,0.000,7687.521,7578.881,7827.361,436.159,435.200,436.959,7681.041,7572.321,7820.801,7247.278,7139.521,7386.721,7693.921,7585.441,7833.601
case393_gemm_C0_DEFAULT_N4096_q4_rep3,GEMM_ONLY,RCCL,C0_DEFAULT,2048,4096,2048,4,3,80,0,PASS,0.000,0.000,0.000,0.000,0.000,0.000,7821.999,7666.719,8026.721,435.999,434.880,436.800,7815.360,7660.959,8020.001,7383.600,7227.839,7588.321,7828.399,7672.319,8032.961
case394_gemm_C0_DEFAULT_N4096_q4_rep4,GEMM_ONLY,RCCL,C0_DEFAULT,2048,4096,2048,4,4,80,0,PASS,0.000,0.000,0.000,0.000,0.000,0.000,7713.040,7566.399,7927.518,435.839,435.200,436.800,7706.880,7559.679,7920.798,7274.718,7126.879,7487.838,7719.120,7572.799,7933.918
case395_gemm_C0_DEFAULT_N4096_q4_rep5,GEMM_ONLY,RCCL,C0_DEFAULT,2048,4096,2048,4,5,80,0,PASS,0.000,0.000,0.000,0.000,0.000,0.000,7747.836,7566.080,7996.480,435.360,433.760,436.000,7741.676,7560.320,7989.920,7309.921,7130.560,7554.240,7753.836,7571.680,8003.041
case396_r0_C0_DEFAULT_N4096_q4_rep1,R0_FULL_SERIAL,RCCL,C0_DEFAULT,2048,4096,2048,4,1,80,0,PASS,1168.720,1146.559,1188.160,1168.720,1146.559,1188.160,1175.999,1154.240,1195.040,1189.280,1168.000,1208.000,9181.917,9079.835,9243.834,8012.477,7921.115,8086.721,9187.599,9085.435,9249.435
case397_r0_C0_DEFAULT_N4096_q4_rep2,R0_FULL_SERIAL,RCCL,C0_DEFAULT,2048,4096,2048,4,2,80,0,PASS,1167.198,1147.519,1185.760,1167.198,1147.546,1185.760,1174.318,1155.039,1194.240,1187.278,1167.359,1209.440,9175.517,9110.081,9262.874,8016.477,7945.754,8096.960,9181.916,9116.001,9269.273
case398_r0_C0_DEFAULT_N4096_q4_rep3,R0_FULL_SERIAL,RCCL,C0_DEFAULT,2048,4096,2048,4,3,80,0,PASS,1168.719,1149.920,1187.360,1168.719,1149.920,1187.360,1175.760,1156.640,1193.760,1188.799,1169.760,1208.640,9141.038,9047.357,9253.599,7974.799,7887.198,8084.000,9146.799,9053.118,9259.358
case399_r0_C0_DEFAULT_N4096_q4_rep4,R0_FULL_SERIAL,RCCL,C0_DEFAULT,2048,4096,2048,4,4,80,0,PASS,1172.559,1152.159,1191.680,1172.559,1152.159,1191.680,1179.039,1159.039,1199.359,1192.159,1171.360,1211.839,9147.516,9066.398,9251.680,7971.757,7893.279,8081.594,9152.956,9071.999,9257.279
case400_r0_C0_DEFAULT_N4096_q4_rep5,R0_FULL_SERIAL,RCCL,C0_DEFAULT,2048,4096,2048,4,5,80,0,PASS,1171.760,1151.520,1192.800,1171.760,1151.520,1192.800,1178.960,1158.560,1199.520,1192.560,1171.359,1211.680,9171.756,9082.400,9253.761,8007.680,7919.680,8075.840,9177.356,9088.159,9259.520
case401_rs_C0_DEFAULT_N4096_q4_rep1,RS_SLICE_SERIAL,RCCL,C0_DEFAULT,2048,4096,2048,4,1,80,0,PASS,425.440,416.960,437.280,6839.516,6658.875,7033.115,6845.516,6664.955,7039.195,445.120,443.200,451.040,8647.198,8447.998,8891.673,8201.119,8005.114,8449.434,8652.798,8453.438,8897.273
case402_rs_C0_DEFAULT_N4096_q4_rep2,RS_SLICE_SERIAL,RCCL,C0_DEFAULT,2048,4096,2048,4,2,80,0,PASS,427.840,419.358,438.720,6788.878,6642.396,6954.714,6794.878,6648.476,6960.794,445.760,443.678,452.159,8587.834,8432.794,8761.599,8144.236,7989.594,8317.439,8593.593,8438.394,8767.198
case403_rs_C0_DEFAULT_N4096_q4_rep3,RS_SLICE_SERIAL,RCCL,C0_DEFAULT,2048,4096,2048,4,3,80,0,PASS,427.120,419.680,436.320,6870.715,6715.200,7022.881,6876.795,6721.440,7028.961,445.440,444.000,450.560,8703.840,8527.677,8881.919,8259.999,8084.479,8439.358,8709.439,8533.437,8887.519
case404_rs_C0_DEFAULT_N4096_q4_rep4,RS_SLICE_SERIAL,RCCL,C0_DEFAULT,2048,4096,2048,4,4,80,0,PASS,425.040,418.719,433.920,6826.798,6685.755,6972.320,6832.878,6691.835,6978.400,445.440,444.000,448.318,8668.399,8459.038,8861.758,8226.640,8018.718,8417.440,8674.000,8464.638,8867.358
case405_rs_C0_DEFAULT_N4096_q4_rep5,RS_SLICE_SERIAL,RCCL,C0_DEFAULT,2048,4096,2048,4,5,80,0,PASS,426.959,419.360,435.840,6889.275,6717.275,7062.238,6895.355,6723.839,7068.478,444.240,442.720,449.120,8734.315,8549.918,8942.721,8292.634,8104.154,8490.553,8739.915,8555.679,8948.479
case406_r1_C0_DEFAULT_N4096_q4_rep1,R1_EVENT_OVERLAP,RCCL,C0_DEFAULT,2048,4096,2048,4,1,80,0,PASS,430.560,423.999,439.520,2114.320,2085.279,2243.200,2122.400,2093.599,2251.040,450.480,447.839,456.160,8414.799,8303.673,8644.001,7967.120,7860.794,8192.158,8421.199,8309.272,8650.401
case407_r1_C0_DEFAULT_N4096_q4_rep2,R1_EVENT_OVERLAP,RCCL,C0_DEFAULT,2048,4096,2048,4,2,80,0,PASS,429.919,421.279,439.360,2117.919,2086.240,2248.159,2125.999,2093.440,2255.839,449.440,446.720,454.720,8443.037,8327.514,8649.274,7996.639,7880.634,8197.276,8449.037,8333.754,8655.675
case408_r1_C0_DEFAULT_N4096_q4_rep3,R1_EVENT_OVERLAP,RCCL,C0_DEFAULT,2048,4096,2048,4,3,80,0,PASS,426.400,419.040,439.199,2116.880,2082.079,2255.520,2125.039,2090.559,2263.040,450.960,447.840,455.680,8370.716,8267.200,8522.714,7921.196,7816.475,8062.240,8377.115,8273.600,8528.953
case409_r1_C0_DEFAULT_N4096_q4_rep4,R1_EVENT_OVERLAP,RCCL,C0_DEFAULT,2048,4096,2048,4,4,80,0,PASS,427.680,418.880,438.880,2115.279,2084.798,2245.439,2124.319,2091.998,2253.119,450.720,447.518,455.679,8406.798,8251.839,8590.400,7960.640,7808.160,8091.520,8412.798,8258.074,8596.001
case410_r1_C0_DEFAULT_N4096_q4_rep5,R1_EVENT_OVERLAP,RCCL,C0_DEFAULT,2048,4096,2048,4,5,80,0,PASS,425.119,417.599,435.359,2119.199,2073.600,2275.358,2127.119,2082.080,2282.078,451.040,447.679,455.040,8387.279,8245.438,8601.120,7944.641,7795.200,8132.317,8393.280,8251.838,8607.521
case411_fc_C0_DEFAULT_N4096_q4_rep1,FC_FCOLLECT_ONLY,DUSHMEM,C0_DEFAULT,2048,4096,2048,4,1,80,0,PASS,7133.039,7023.194,7220.159,7133.039,7023.194,7220.159,7121.919,7011.999,7208.959,0.000,0.000,0.000,0.000,0.000,0.000,0.000,0.000,0.000,7138.719,7028.954,7225.760
case412_fc_C0_DEFAULT_N4096_q4_rep2,FC_FCOLLECT_ONLY,DUSHMEM,C0_DEFAULT,2048,4096,2048,4,2,80,0,PASS,7137.760,7029.759,7215.518,7137.760,7029.759,7215.518,7126.559,7018.559,7204.478,0.000,0.000,0.000,0.000,0.000,0.000,0.000,0.000,0.000,7143.520,7035.359,7221.118
case413_fc_C0_DEFAULT_N4096_q4_rep3,FC_FCOLLECT_ONLY,DUSHMEM,C0_DEFAULT,2048,4096,2048,4,3,80,0,PASS,7118.399,7027.200,7216.158,7118.399,7027.200,7216.158,7107.279,7015.840,7204.475,0.000,0.000,0.000,0.000,0.000,0.000,0.000,0.000,0.000,7124.079,7032.800,7221.918
case414_fc_C0_DEFAULT_N4096_q4_rep4,FC_FCOLLECT_ONLY,DUSHMEM,C0_DEFAULT,2048,4096,2048,4,4,80,0,PASS,7127.520,7026.239,7212.801,7127.520,7026.239,7212.801,7115.600,7014.879,7201.121,0.000,0.000,0.000,0.000,0.000,0.000,0.000,0.000,0.000,7133.280,7032.000,7218.561
case415_fc_C0_DEFAULT_N4096_q4_rep5,FC_FCOLLECT_ONLY,DUSHMEM,C0_DEFAULT,2048,4096,2048,4,5,80,0,PASS,7129.119,7035.839,7218.078,7129.119,7035.839,7218.078,7117.998,7023.679,7207.038,0.000,0.000,0.000,0.000,0.000,0.000,0.000,0.000,0.000,7134.798,7041.759,7223.678
case416_dc_C0_DEFAULT_N4096_q4_rep1,DC_PUSHSIG_ONLY,DUSHMEM,C0_DEFAULT,2048,4096,2048,4,1,80,0,PASS,4589.200,1210.880,14509.591,7340.239,3347.518,16398.391,4618.557,3146.558,12921.591,0.000,0.000,0.000,0.000,0.000,0.000,0.000,0.000,0.000,7350.239,3363.198,16403.990
case417_dc_C0_DEFAULT_N4096_q4_rep2,DC_PUSHSIG_ONLY,DUSHMEM,C0_DEFAULT,2048,4096,2048,4,2,80,0,PASS,4865.200,1076.640,11876.318,7259.918,3311.038,16582.719,6259.677,2907.200,13636.797,0.000,0.000,0.000,0.000,0.000,0.000,0.000,0.000,0.000,7272.318,3327.038,16599.996
case418_dc_C0_DEFAULT_N4096_q4_rep3,DC_PUSHSIG_ONLY,DUSHMEM,C0_DEFAULT,2048,4096,2048,4,3,80,0,PASS,4718.319,1117.279,15851.670,7969.119,3207.999,17718.068,6264.717,3094.879,12937.276,0.000,0.000,0.000,0.000,0.000,0.000,0.000,0.000,0.000,7981.280,3219.519,17723.830
case419_dc_C0_DEFAULT_N4096_q4_rep4,DC_PUSHSIG_ONLY,DUSHMEM,C0_DEFAULT,2048,4096,2048,4,4,80,0,PASS,4477.277,1163.680,13561.438,6426.075,3220.319,19626.867,5885.599,3100.319,12982.231,0.000,0.000,0.000,0.000,0.000,0.000,0.000,0.000,0.000,6436.716,3236.159,19632.467
case420_dc_C0_DEFAULT_N4096_q4_rep5,DC_PUSHSIG_ONLY,DUSHMEM,C0_DEFAULT,2048,4096,2048,4,5,80,0,PASS,4188.239,1131.840,14869.911,6263.680,3239.839,16756.797,4696.639,3200.799,13539.038,0.000,0.000,0.000,0.000,0.000,0.000,0.000,0.000,0.000,6274.399,3251.199,16768.637
case421_d0_C0_DEFAULT_N4096_q4_rep1,D0_FCOLLECT_SERIAL,DUSHMEM,C0_DEFAULT,2048,4096,2048,4,1,80,0,PASS,7116.478,7017.435,7205.600,7116.478,7017.435,7205.600,7122.718,7023.835,7211.840,7135.518,7035.835,7224.800,15170.394,15051.039,15295.509,8032.959,7973.438,8095.998,15176.154,15056.639,15301.108
case422_d0_C0_DEFAULT_N4096_q4_rep2,D0_FCOLLECT_SERIAL,DUSHMEM,C0_DEFAULT,2048,4096,2048,4,2,80,0,PASS,7122.238,7005.116,7203.518,7122.238,7005.116,7203.518,7128.558,7012.476,7210.078,7140.238,7024.317,7222.238,15198.638,15025.757,15287.198,8047.837,7978.400,8104.001,15204.318,15031.196,15292.798
case423_d0_C0_DEFAULT_N4096_q4_rep3,D0_FCOLLECT_SERIAL,DUSHMEM,C0_DEFAULT,2048,4096,2048,4,3,80,0,PASS,7115.033,7011.996,7205.116,7115.033,7011.996,7205.116,7121.354,7018.394,7212.476,7133.354,7030.876,7224.316,15183.353,15029.111,15287.521,8041.917,7973.435,8096.473,15188.872,15034.711,15293.121
case424_d0_C0_DEFAULT_N4096_q4_rep4,D0_FCOLLECT_SERIAL,DUSHMEM,C0_DEFAULT,2048,4096,2048,4,4,80,0,PASS,7111.278,7015.201,7198.875,7111.278,7015.201,7198.875,7117.278,7021.601,7205.115,7130.000,7034.241,7217.755,15174.799,15037.596,15274.239,8035.518,7961.594,8090.556,15180.479,15043.355,15279.841
case425_d0_C0_DEFAULT_N4096_q4_rep5,D0_FCOLLECT_SERIAL,DUSHMEM,C0_DEFAULT,2048,4096,2048,4,5,80,0,PASS,7110.077,7003.040,7204.958,7110.077,7003.040,7204.958,7115.597,7009.920,7210.558,7127.837,7021.600,7223.038,15142.715,15006.078,15277.908,8019.199,7951.514,8086.398,15148.794,15011.678,15283.508
case426_ds_C0_DEFAULT_N4096_q4_rep1,DS_PUSHSIG_SERIAL,DUSHMEM,C0_DEFAULT,2048,4096,2048,4,1,80,0,PASS,1200.079,1116.478,1299.520,9035.597,8824.156,10592.473,10952.073,10714.553,12457.756,1206.399,1122.238,1305.920,10828.875,10595.833,12342.076,9707.359,9468.957,11019.035,10958.393,10721.913,12460.156
case427_ds_C0_DEFAULT_N4096_q4_rep2,DS_PUSHSIG_SERIAL,DUSHMEM,C0_DEFAULT,2048,4096,2048,4,2,80,0,PASS,1219.600,1126.720,1279.200,9140.876,8966.878,9384.958,11105.596,10882.078,11413.281,1225.840,1132.480,1285.600,10977.118,10761.438,11227.517,9785.035,9592.318,10043.997,11111.036,10888.798,11422.401
case428_ds_C0_DEFAULT_N4096_q4_rep3,DS_PUSHSIG_SERIAL,DUSHMEM,C0_DEFAULT,2048,4096,2048,4,3,80,0,PASS,1199.842,1112.483,1259.202,9124.898,8940.496,9548.661,11078.260,10847.700,11568.663,1205.923,1119.203,1264.962,10951.702,10705.459,11363.705,9821.219,9575.217,10114.745,11085.379,10863.062,11574.423
case429_ds_C0_DEFAULT_N4096_q4_rep4,DS_PUSHSIG_SERIAL,DUSHMEM,C0_DEFAULT,2048,4096,2048,4,4,80,0,PASS,1153.843,1098.402,1232.482,9061.618,8860.181,10616.182,11040.424,10784.021,12450.424,1160.003,1104.642,1238.402,10921.140,10662.740,12332.824,9809.700,9631.379,10059.699,11046.104,10791.541,12458.104
case430_ds_C0_DEFAULT_N4096_q4_rep5,DS_PUSHSIG_SERIAL,DUSHMEM,C0_DEFAULT,2048,4096,2048,4,5,80,0,PASS,1104.813,1041.290,1210.733,9023.381,8828.100,9387.458,10958.032,10711.324,11361.719,1111.373,1047.530,1216.493,10824.275,10590.043,11238.838,9763.387,9596.752,10156.279,10964.667,10718.846,11370.519
case431_d1_C0_DEFAULT_N4096_q4_rep1,D1_PUSHSIG_OVERLAP,DUSHMEM,C0_DEFAULT,2048,4096,2048,4,1,80,0,PASS,1147.489,1059.566,1252.695,9075.835,8877.185,9408.891,11036.001,10831.676,11349.776,1153.329,1065.327,1258.616,10910.637,10715.504,11232.649,9812.031,9628.578,10103.001,11044.162,10834.716,11358.096
case432_d1_C0_DEFAULT_N4096_q4_rep2,D1_PUSHSIG_OVERLAP,DUSHMEM,C0_DEFAULT,2048,4096,2048,4,2,80,0,PASS,1201.892,1128.529,1260.055,9072.476,8889.348,9338.323,10999.678,10799.832,11318.896,1208.293,1134.769,1266.456,10864.472,10673.747,11144.166,9743.301,9555.773,9963.479,11009.997,10806.394,11330.735
case433_d1_C0_DEFAULT_N4096_q4_rep3,D1_PUSHSIG_OVERLAP,DUSHMEM,C0_DEFAULT,2048,4096,2048,4,3,80,0,PASS,1164.269,1069.147,1264.511,9067.982,8883.102,9341.029,11003.710,10795.146,11384.284,1170.349,1074.907,1270.111,10873.945,10669.704,11215.313,9772.642,9560.404,10067.285,11011.307,10801.547,11392.604
case434_d1_C0_DEFAULT_N4096_q4_rep4,D1_PUSHSIG_OVERLAP,DUSHMEM,C0_DEFAULT,2048,4096,2048,4,4,80,0,PASS,1175.529,1064.328,1261.609,9079.669,8902.146,9427.269,11056.400,10808.397,11363.765,1181.449,1070.568,1267.369,10932.800,10694.479,11245.204,9817.912,9602.792,10106.314,11062.157,10816.400,11369.525
case435_d1_C0_DEFAULT_N4096_q4_rep5,D1_PUSHSIG_OVERLAP,DUSHMEM,C0_DEFAULT,2048,4096,2048,4,5,80,0,PASS,1107.768,1011.368,1210.569,8997.827,8826.786,9300.705,10950.560,10762.477,11292.084,1113.528,1017.128,1216.489,10817.041,10634.636,11108.398,9752.233,9532.072,10086.636,10955.280,10765.837,11293.363
case436_d1w_C0_DEFAULT_N4096_q4_rep1,D1W_WAITSTREAM_OVERLAP,DUSHMEM,C0_DEFAULT,2048,4096,2048,4,1,80,0,PASS,1159.526,1074.885,1260.645,9095.885,8944.205,9363.089,11058.936,10849.331,11309.180,1188.646,1114.245,1290.566,10935.257,10733.011,11181.658,9818.611,9630.764,10077.327,11064.698,10853.655,11315.419
case437_d1w_C0_DEFAULT_N4096_q4_rep2,D1W_WAITSTREAM_OVERLAP,DUSHMEM,C0_DEFAULT,2048,4096,2048,4,2,80,0,PASS,1172.886,1098.885,1248.486,9107.959,8922.440,9536.520,11079.489,10862.606,11470.288,1204.966,1129.446,1277.126,10949.249,10740.046,11338.446,9811.328,9648.686,10196.688,11085.649,10870.766,11475.889
case438_d1w_C0_DEFAULT_N4096_q4_rep3,D1W_WAITSTREAM_OVERLAP,DUSHMEM,C0_DEFAULT,2048,4096,2048,4,3,80,0,PASS,1180.645,1082.245,1374.566,9209.244,9013.962,10357.490,11163.887,10955.247,12398.933,1209.285,1110.885,1402.886,11029.650,10827.406,12188.220,9924.444,9722.126,10597.970,11172.128,10963.406,12405.812
case439_d1w_C0_DEFAULT_N4096_q4_rep4,D1W_WAITSTREAM_OVERLAP,DUSHMEM,C0_DEFAULT,2048,4096,2048,4,4,80,0,PASS,1152.885,1067.524,1230.245,9147.235,8928.354,9433.798,11160.121,10900.205,11389.483,1181.685,1113.445,1259.685,11026.762,10772.363,11262.602,9903.394,9644.191,10143.554,11166.360,10909.165,11397.804
case440_d1w_C0_DEFAULT_N4096_q4_rep5,D1W_WAITSTREAM_OVERLAP,DUSHMEM,C0_DEFAULT,2048,4096,2048,4,5,80,0,PASS,1196.564,1084.804,1267.204,9159.953,9006.594,9457.951,11129.719,10990.438,11390.918,1226.804,1113.924,1296.004,11001.880,10861.641,11266.439,9866.277,9716.032,10093.154,11138.121,10997.161,11397.639
case441_comm_C0_DEFAULT_N4096_q8_rep1,COMM_ONLY,RCCL,C0_DEFAULT,2048,4096,2048,8,1,80,0,PASS,259.681,255.361,267.521,1554.244,1542.723,1564.484,1560.644,1548.644,1571.044,0.000,0.000,0.000,0.000,0.000,0.000,0.000,0.000,0.000,1567.044,1554.725,1577.444
case442_comm_C0_DEFAULT_N4096_q8_rep2,COMM_ONLY,RCCL,C0_DEFAULT,2048,4096,2048,8,2,80,0,PASS,261.920,256.000,269.761,1554.162,1543.682,1568.801,1561.041,1549.601,1575.841,0.000,0.000,0.000,0.000,0.000,0.000,0.000,0.000,0.000,1566.961,1555.361,1582.241
case443_comm_C0_DEFAULT_N4096_q8_rep3,COMM_ONLY,RCCL,C0_DEFAULT,2048,4096,2048,8,3,80,0,PASS,261.760,256.800,266.240,1556.961,1548.320,1566.562,1563.680,1554.880,1573.122,0.000,0.000,0.000,0.000,0.000,0.000,0.000,0.000,0.000,1569.921,1561.280,1579.682
case444_comm_C0_DEFAULT_N4096_q8_rep4,COMM_ONLY,RCCL,C0_DEFAULT,2048,4096,2048,8,4,80,0,PASS,260.480,255.200,268.800,1549.761,1540.001,1562.241,1555.681,1545.761,1568.801,0.000,0.000,0.000,0.000,0.000,0.000,0.000,0.000,0.000,1561.441,1551.361,1575.202
case445_comm_C0_DEFAULT_N4096_q8_rep5,COMM_ONLY,RCCL,C0_DEFAULT,2048,4096,2048,8,5,80,0,PASS,259.680,254.880,270.080,1554.240,1539.201,1567.681,1560.720,1544.961,1573.601,0.000,0.000,0.000,0.000,0.000,0.000,0.000,0.000,0.000,1567.120,1550.561,1579.041
case446_gemm_C0_DEFAULT_N4096_q8_rep1,GEMM_ONLY,RCCL,C0_DEFAULT,2048,4096,2048,8,1,80,0,PASS,0.000,0.000,0.000,0.000,0.000,0.000,7393.843,7348.961,7469.605,435.840,434.881,436.640,7387.363,7342.401,7463.845,6954.720,6909.281,7030.405,7400.163,7355.361,7475.205
case447_gemm_C0_DEFAULT_N4096_q8_rep2,GEMM_ONLY,RCCL,C0_DEFAULT,2048,4096,2048,8,2,80,0,PASS,0.000,0.000,0.000,0.000,0.000,0.000,7406.640,7358.726,7501.446,436.320,435.520,436.960,7400.080,7352.166,7494.726,6965.683,6919.203,7054.884,7413.040,7365.126,7507.846
case448_gemm_C0_DEFAULT_N4096_q8_rep3,GEMM_ONLY,RCCL,C0_DEFAULT,2048,4096,2048,8,3,80,0,PASS,0.000,0.000,0.000,0.000,0.000,0.000,7440.083,7372.160,7548.963,435.440,434.080,436.160,7433.443,7366.240,7542.403,7000.563,6931.365,7107.843,7446.483,7377.760,7555.363
case449_gemm_C0_DEFAULT_N4096_q8_rep4,GEMM_ONLY,RCCL,C0_DEFAULT,2048,4096,2048,8,4,80,0,PASS,0.000,0.000,0.000,0.000,0.000,0.000,7355.124,7318.718,7416.800,435.680,435.040,436.800,7348.564,7312.318,7410.240,6916.243,6879.840,6975.200,7361.604,7324.958,7423.200
case450_gemm_C0_DEFAULT_N4096_q8_rep5,GEMM_ONLY,RCCL,C0_DEFAULT,2048,4096,2048,8,5,80,0,PASS,0.000,0.000,0.000,0.000,0.000,0.000,7368.158,7328.962,7440.958,436.000,434.720,436.478,7361.757,7322.402,7434.558,6926.803,6890.082,6998.718,7374.557,7335.362,7447.199
case451_r0_C0_DEFAULT_N4096_q8_rep1,R0_FULL_SERIAL,RCCL,C0_DEFAULT,2048,4096,2048,8,1,80,0,PASS,1169.360,1148.640,1183.038,1169.360,1148.640,1183.038,1176.961,1155.360,1190.880,1189.441,1167.840,1204.161,9095.764,9030.724,9182.243,7929.523,7868.963,8016.002,9101.763,9036.323,9187.844
case452_r0_C0_DEFAULT_N4096_q8_rep2,R0_FULL_SERIAL,RCCL,C0_DEFAULT,2048,4096,2048,8,2,80,0,PASS,1173.441,1151.361,1192.800,1173.441,1151.361,1192.800,1180.320,1158.398,1200.480,1193.440,1171.681,1213.600,9128.484,9067.204,9235.203,7953.123,7887.204,8052.002,9134.004,9072.964,9240.803
case453_r0_C0_DEFAULT_N4096_q8_rep3,R0_FULL_SERIAL,RCCL,C0_DEFAULT,2048,4096,2048,8,3,80,0,PASS,1163.840,1149.120,1185.600,1163.840,1149.120,1185.600,1172.000,1155.681,1194.560,1185.120,1168.320,1208.160,9160.881,9065.765,9245.276,7996.399,7895.042,8072.638,9166.561,9071.364,9251.036
case454_r0_C0_DEFAULT_N4096_q8_rep4,R0_FULL_SERIAL,RCCL,C0_DEFAULT,2048,4096,2048,8,4,80,0,PASS,1166.480,1148.320,1182.560,1166.480,1148.320,1182.560,1173.520,1155.040,1189.598,1186.801,1167.840,1202.238,9143.604,9052.962,9219.522,7979.763,7880.961,8057.443,9149.523,9058.562,9225.122
case455_r0_C0_DEFAULT_N4096_q8_rep5,R0_FULL_SERIAL,RCCL,C0_DEFAULT,2048,4096,2048,8,5,80,0,PASS,1164.240,1146.720,1183.360,1164.240,1146.720,1183.360,1171.520,1153.599,1190.080,1185.840,1166.560,1203.200,9167.121,9057.440,9256.958,8004.723,7901.603,8081.123,9172.800,9063.841,9263.358
case456_rs_C0_DEFAULT_N4096_q8_rep1,RS_SLICE_SERIAL,RCCL,C0_DEFAULT,2048,4096,2048,8,1,80,0,PASS,268.799,263.040,280.639,7776.077,7729.440,7845.917,7782.318,7735.840,7852.157,441.920,441.280,444.640,8637.037,8596.162,8718.716,8197.439,8157.278,8279.195,8642.637,8601.922,8724.156
case457_rs_C0_DEFAULT_N4096_q8_rep2,RS_SLICE_SERIAL,RCCL,C0_DEFAULT,2048,4096,2048,8,2,80,0,PASS,268.400,263.680,277.600,7744.800,7729.438,7795.362,7751.120,7735.838,7801.442,442.880,442.080,445.600,8608.237,8588.958,8648.636,8165.839,8149.598,8207.037,8613.837,8594.558,8654.236
case458_rs_C0_DEFAULT_N4096_q8_rep3,RS_SLICE_SERIAL,RCCL,C0_DEFAULT,2048,4096,2048,8,3,80,0,PASS,267.520,260.960,273.920,7743.202,7727.517,7776.801,7749.681,7733.757,7783.041,442.400,441.760,445.280,8603.681,8586.077,8634.721,8163.841,8146.403,8196.641,8609.440,8591.677,8640.320
case459_rs_C0_DEFAULT_N4096_q8_rep4,RS_SLICE_SERIAL,RCCL,C0_DEFAULT,2048,4096,2048,8,4,80,0,PASS,266.640,263.040,274.238,7800.957,7749.436,7886.877,7807.117,7755.356,7892.797,442.880,442.240,446.239,8662.717,8609.275,8759.997,8219.837,8167.357,8316.160,8668.317,8614.876,8765.598
case460_rs_C0_DEFAULT_N4096_q8_rep5,RS_SLICE_SERIAL,RCCL,C0_DEFAULT,2048,4096,2048,8,5,80,0,PASS,271.519,264.800,276.638,7868.001,7811.360,7937.282,7874.319,7817.760,7943.522,442.639,441.760,445.600,8749.841,8683.361,8815.680,8311.040,8244.642,8377.440,8755.441,8688.961,8821.439
case461_r1_C0_DEFAULT_N4096_q8_rep1,R1_EVENT_OVERLAP,RCCL,C0_DEFAULT,2048,4096,2048,8,1,80,0,PASS,267.920,262.081,277.281,2762.880,2617.919,2808.319,2769.760,2624.639,2815.359,446.880,444.480,449.120,8370.242,8304.482,8449.920,7928.082,7861.122,8008.321,8375.922,8310.082,8455.680
case462_r1_C0_DEFAULT_N4096_q8_rep2,R1_EVENT_OVERLAP,RCCL,C0_DEFAULT,2048,4096,2048,8,2,80,0,PASS,268.560,262.400,275.360,2769.120,2642.561,2800.320,2776.801,2649.761,2815.040,448.480,446.080,450.080,8387.200,8315.043,8482.402,7941.280,7868.803,8037.281,8393.599,8321.603,8488.963
case463_r1_C0_DEFAULT_N4096_q8_rep3,R1_EVENT_OVERLAP,RCCL,C0_DEFAULT,2048,4096,2048,8,3,80,0,PASS,267.760,262.719,273.280,2769.921,2727.839,2841.120,2777.041,2736.001,2847.200,447.520,444.960,449.280,8315.761,8271.042,8370.237,7873.441,7827.837,7926.883,8322.001,8276.802,8376.320
case464_r1_C0_DEFAULT_N4096_q8_rep4,R1_EVENT_OVERLAP,RCCL,C0_DEFAULT,2048,4096,2048,8,4,80,0,PASS,264.400,260.160,274.560,2771.280,2610.559,2820.641,2778.800,2617.439,2827.841,448.320,445.278,449.600,8377.919,8307.520,8435.519,7932.878,7863.680,7987.197,8383.599,8313.760,8441.118
case465_r1_C0_DEFAULT_N4096_q8_rep5,R1_EVENT_OVERLAP,RCCL,C0_DEFAULT,2048,4096,2048,8,5,80,0,PASS,268.160,264.320,279.680,2766.800,2644.478,2859.200,2774.160,2651.998,2865.280,448.240,445.119,449.921,8362.479,8292.798,8456.803,7918.639,7848.323,8001.758,8368.558,8298.559,8462.402
case466_fc_C0_DEFAULT_N4096_q8_rep1,FC_FCOLLECT_ONLY,DUSHMEM,C0_DEFAULT,2048,4096,2048,8,1,80,0,PASS,7127.361,7036.160,7216.641,7127.361,7036.160,7216.641,7116.240,7024.960,7205.601,0.000,0.000,0.000,0.000,0.000,0.000,0.000,0.000,0.000,7132.961,7041.760,7222.241
case467_fc_C0_DEFAULT_N4096_q8_rep2,FC_FCOLLECT_ONLY,DUSHMEM,C0_DEFAULT,2048,4096,2048,8,2,80,0,PASS,7126.078,7030.876,7221.761,7126.078,7030.876,7221.761,7114.799,7019.676,7210.721,0.000,0.000,0.000,0.000,0.000,0.000,0.000,0.000,0.000,7131.678,7036.636,7227.516
case468_fc_C0_DEFAULT_N4096_q8_rep3,FC_FCOLLECT_ONLY,DUSHMEM,C0_DEFAULT,2048,4096,2048,8,3,80,0,PASS,7133.759,7032.320,7218.881,7133.759,7032.320,7218.881,7122.480,7021.280,7207.841,0.000,0.000,0.000,0.000,0.000,0.000,0.000,0.000,0.000,7139.439,7038.080,7224.641
case469_fc_C0_DEFAULT_N4096_q8_rep4,FC_FCOLLECT_ONLY,DUSHMEM,C0_DEFAULT,2048,4096,2048,8,4,80,0,PASS,7129.918,7035.360,7220.001,7129.918,7035.360,7220.001,7118.398,7024.000,7208.481,0.000,0.000,0.000,0.000,0.000,0.000,0.000,0.000,0.000,7135.678,7040.960,7225.601
case470_fc_C0_DEFAULT_N4096_q8_rep5,FC_FCOLLECT_ONLY,DUSHMEM,C0_DEFAULT,2048,4096,2048,8,5,80,0,PASS,7133.520,7027.039,7214.560,7133.520,7027.039,7214.560,7122.400,7015.840,7203.520,0.000,0.000,0.000,0.000,0.000,0.000,0.000,0.000,0.000,7139.200,7032.799,7220.160
case471_dc_C0_DEFAULT_N4096_q8_rep1,DC_PUSHSIG_ONLY,DUSHMEM,C0_DEFAULT,2048,4096,2048,8,1,80,0,PASS,761.760,721.119,19781.912,12191.118,4637.602,24877.760,6292.962,4635.200,14825.440,0.000,0.000,0.000,0.000,0.000,0.000,0.000,0.000,0.000,12199.198,4650.242,24883.199
case472_dc_C0_DEFAULT_N4096_q8_rep2,DC_PUSHSIG_ONLY,DUSHMEM,C0_DEFAULT,2048,4096,2048,8,2,80,0,PASS,781.120,738.560,13314.075,13834.640,4660.960,23386.562,9203.839,4654.242,14876.479,0.000,0.000,0.000,0.000,0.000,0.000,0.000,0.000,0.000,13843.359,4670.882,23392.162
case473_dc_C0_DEFAULT_N4096_q8_rep3,DC_PUSHSIG_ONLY,DUSHMEM,C0_DEFAULT,2048,4096,2048,8,3,80,0,PASS,762.719,718.240,12960.314,14523.594,4638.400,20651.359,10158.720,4464.480,14859.197,0.000,0.000,0.000,0.000,0.000,0.000,0.000,0.000,0.000,14534.714,4647.520,20656.959
case474_dc_C0_DEFAULT_N4096_q8_rep4,DC_PUSHSIG_ONLY,DUSHMEM,C0_DEFAULT,2048,4096,2048,8,4,80,0,PASS,730.160,706.880,16720.953,14539.523,4642.399,23111.189,11589.123,4648.000,14981.438,0.000,0.000,0.000,0.000,0.000,0.000,0.000,0.000,0.000,14551.043,4656.160,23123.348
case475_dc_C0_DEFAULT_N4096_q8_rep5,DC_PUSHSIG_ONLY,DUSHMEM,C0_DEFAULT,2048,4096,2048,8,5,80,0,PASS,728.640,708.960,12618.398,14333.754,4666.399,16013.918,13864.799,4517.920,14746.402,0.000,0.000,0.000,0.000,0.000,0.000,0.000,0.000,0.000,14342.633,4680.959,16019.518
case476_d0_C0_DEFAULT_N4096_q8_rep1,D0_FCOLLECT_SERIAL,DUSHMEM,C0_DEFAULT,2048,4096,2048,8,1,80,0,PASS,7121.601,7010.396,7210.241,7121.601,7010.396,7210.241,7127.520,7017.596,7216.956,7139.676,7029.916,7229.281,15174.956,15044.318,15318.231,8047.439,7982.402,8105.601,15180.476,15049.918,15323.832
case477_d0_C0_DEFAULT_N4096_q8_rep2,D0_FCOLLECT_SERIAL,DUSHMEM,C0_DEFAULT,2048,4096,2048,8,2,80,0,PASS,7113.840,7020.000,7204.960,7113.840,7020.000,7204.960,7120.640,7025.600,7211.359,7132.480,7037.921,7223.040,15178.957,15049.278,15304.158,8047.678,7989.595,8107.999,15184.558,15054.878,15309.758
case478_d0_C0_DEFAULT_N4096_q8_rep3,D0_FCOLLECT_SERIAL,DUSHMEM,C0_DEFAULT,2048,4096,2048,8,3,80,0,PASS,7121.200,7024.478,7207.679,7121.200,7024.478,7207.679,7127.681,7031.038,7213.759,7140.001,7043.198,7225.920,15144.796,15035.837,15289.111,8027.995,7953.435,8115.354,15150.476,15041.598,15294.711
case479_d0_C0_DEFAULT_N4096_q8_rep4,D0_FCOLLECT_SERIAL,DUSHMEM,C0_DEFAULT,2048,4096,2048,8,4,80,0,PASS,7119.520,7015.039,7210.240,7119.520,7015.039,7210.240,7126.640,7021.759,7216.640,7138.557,7033.596,7229.439,15179.753,15073.597,15279.681,8048.401,7982.715,8115.520,15185.354,15079.197,15285.280
case480_d0_C0_DEFAULT_N4096_q8_rep5,D0_FCOLLECT_SERIAL,DUSHMEM,C0_DEFAULT,2048,4096,2048,8,5,80,0,PASS,7117.601,7021.438,7204.158,7117.601,7021.438,7204.158,7124.320,7027.515,7209.918,7136.321,7040.475,7222.238,15165.836,15059.362,15301.122,8040.158,7965.601,8108.959,15171.435,15065.122,15306.882
case481_ds_C0_DEFAULT_N4096_q8_rep1,DS_PUSHSIG_SERIAL,DUSHMEM,C0_DEFAULT,2048,4096,2048,8,1,80,0,PASS,812.000,767.040,905.440,11732.717,11619.837,13782.237,12723.997,12609.759,14762.236,817.760,772.800,911.680,12607.198,12496.479,14651.197,11814.794,11707.994,13894.240,12726.156,12611.838,14763.677
case482_ds_C0_DEFAULT_N4096_q8_rep2,DS_PUSHSIG_SERIAL,DUSHMEM,C0_DEFAULT,2048,4096,2048,8,2,80,0,PASS,763.519,735.520,908.000,11715.039,11619.198,11919.682,12705.999,12608.473,12920.637,769.279,741.120,914.560,12589.600,12496.793,12806.237,11842.156,11749.121,12041.757,12710.242,12610.713,12921.122
case483_ds_C0_DEFAULT_N4096_q8_rep3,DS_PUSHSIG_SERIAL,DUSHMEM,C0_DEFAULT,2048,4096,2048,8,3,80,0,PASS,758.880,740.640,900.800,11723.354,11592.478,12342.561,12729.673,12584.796,13346.082,764.880,746.718,907.360,12599.751,12471.836,13232.962,11844.641,11713.761,12467.842,12732.070,12587.196,13349.122
case484_ds_C0_DEFAULT_N4096_q8_rep4,DS_PUSHSIG_SERIAL,DUSHMEM,C0_DEFAULT,2048,4096,2048,8,4,80,0,PASS,769.439,753.439,898.880,11728.557,11673.438,12497.758,12728.158,12668.316,13567.037,776.080,760.159,906.080,12607.598,12549.917,13376.797,11828.479,11777.118,12620.797,12736.478,12677.917,13577.278
case485_ds_C0_DEFAULT_N4096_q8_rep5,DS_PUSHSIG_SERIAL,DUSHMEM,C0_DEFAULT,2048,4096,2048,8,5,80,0,PASS,787.840,768.479,902.080,11810.558,11716.479,12161.599,12806.955,12716.958,13237.277,793.760,774.239,908.480,12686.796,12594.238,13118.077,11900.072,11804.153,12291.193,12812.876,12729.118,13242.717
case486_d1_C0_DEFAULT_N4096_q8_rep1,D1_PUSHSIG_OVERLAP,DUSHMEM,C0_DEFAULT,2048,4096,2048,8,1,80,0,PASS,783.119,745.120,884.800,11703.515,11565.278,12837.916,12711.999,12560.479,14048.630,789.520,751.040,890.560,12596.878,12434.878,13699.035,11817.998,11679.191,12993.911,12715.760,12562.719,14054.070
case487_d1_C0_DEFAULT_N4096_q8_rep2,D1_PUSHSIG_OVERLAP,DUSHMEM,C0_DEFAULT,2048,4096,2048,8,2,80,0,PASS,757.600,737.600,873.760,11704.632,11600.794,11971.034,12698.393,12600.475,12963.514,763.360,743.200,880.320,12575.356,12481.593,12842.879,11804.632,11719.034,12056.312,12702.792,12606.232,12967.197
case488_d1_C0_DEFAULT_N4096_q8_rep3,D1_PUSHSIG_OVERLAP,DUSHMEM,C0_DEFAULT,2048,4096,2048,8,3,80,0,PASS,755.759,733.759,912.159,11764.637,11649.122,12393.602,12778.317,12632.793,13393.282,761.918,739.519,919.199,12656.796,12514.553,13270.562,11891.833,11776.001,12534.882,12782.317,12637.914,13401.762
case489_d1_C0_DEFAULT_N4096_q8_rep4,D1_PUSHSIG_OVERLAP,DUSHMEM,C0_DEFAULT,2048,4096,2048,8,4,80,0,PASS,747.360,731.840,893.120,11739.597,11675.518,11935.676,12733.918,12668.157,13055.191,754.080,737.440,900.480,12613.597,12545.118,12810.394,11861.917,11797.118,12053.116,12739.437,12673.918,13061.751
case490_d1_C0_DEFAULT_N4096_q8_rep5,D1_PUSHSIG_OVERLAP,DUSHMEM,C0_DEFAULT,2048,4096,2048,8,5,80,0,PASS,759.840,745.600,903.359,11770.397,11676.638,13216.479,12782.077,12678.078,14216.317,766.800,751.360,910.239,12652.076,12558.238,14093.917,11891.595,11787.678,13322.717,12787.756,12683.998,14222.717
case491_d1w_C0_DEFAULT_N4096_q8_rep1,D1W_WAITSTREAM_OVERLAP,DUSHMEM,C0_DEFAULT,2048,4096,2048,8,1,80,0,PASS,777.840,756.320,943.680,11841.677,11741.598,12883.357,12848.157,12736.317,13871.518,808.240,787.199,977.440,12729.200,12623.352,13759.837,11948.397,11823.034,12984.793,12852.317,12738.558,13873.758
case492_d1w_C0_DEFAULT_N4096_q8_rep2,D1W_WAITSTREAM_OVERLAP,DUSHMEM,C0_DEFAULT,2048,4096,2048,8,2,80,0,PASS,768.240,740.319,938.238,11932.396,11793.759,13831.357,12951.674,12800.793,14857.912,797.040,769.119,971.038,12827.434,12677.758,14725.912,12042.077,11880.312,13974.392,12958.155,12807.993,14864.792
case493_d1w_C0_DEFAULT_N4096_q8_rep3,D1W_WAITSTREAM_OVERLAP,DUSHMEM,C0_DEFAULT,2048,4096,2048,8,3,80,0,PASS,777.839,751.998,919.200,11790.072,11684.317,13088.317,12809.837,12687.035,14097.758,808.479,782.080,969.280,12691.434,12572.477,13984.477,11892.312,11769.758,13185.278,12811.997,12690.718,14099.996
case494_d1w_C0_DEFAULT_N4096_q8_rep4,D1W_WAITSTREAM_OVERLAP,DUSHMEM,C0_DEFAULT,2048,4096,2048,8,4,80,0,PASS,796.240,756.479,920.319,12118.957,11915.837,12584.478,13146.155,12945.112,13654.713,831.680,789.119,948.959,13016.795,12828.793,13518.077,12204.633,11998.719,12699.037,13151.676,12947.192,13656.634
case495_d1w_C0_DEFAULT_N4096_q8_rep5,D1W_WAITSTREAM_OVERLAP,DUSHMEM,C0_DEFAULT,2048,4096,2048,8,5,80,0,PASS,768.880,744.479,895.360,11953.435,11813.756,12858.391,12978.953,12827.032,13922.077,798.480,772.960,924.000,12845.032,12701.433,13795.997,12055.517,11914.552,12992.950,12986.714,12833.111,13929.277
case496_comm_C2_RING_SIMPLE_CH8_N512_q2_rep1,COMM_ONLY,RCCL,C2_RING_SIMPLE_CH8,2048,512,2048,2,1,80,0,PASS,682.400,679.840,3363.998,1340.800,1336.639,4028.638,1347.280,1342.880,4034.238,0.000,0.000,0.000,0.000,0.000,0.000,0.000,0.000,0.000,1353.680,1349.280,4039.838
case497_comm_C2_RING_SIMPLE_CH8_N512_q2_rep2,COMM_ONLY,RCCL,C2_RING_SIMPLE_CH8,2048,512,2048,2,2,80,0,PASS,681.760,679.040,686.720,1340.880,1337.120,1344.960,1347.360,1343.680,1351.520,0.000,0.000,0.000,0.000,0.000,0.000,0.000,0.000,0.000,1353.760,1349.921,1357.920
case498_comm_C2_RING_SIMPLE_CH8_N512_q2_rep3,COMM_ONLY,RCCL,C2_RING_SIMPLE_CH8,2048,512,2048,2,3,80,0,PASS,682.080,679.200,685.280,1340.480,1336.640,1344.480,1347.120,1343.041,1350.880,0.000,0.000,0.000,0.000,0.000,0.000,0.000,0.000,0.000,1353.440,1349.281,1357.280
case499_comm_C2_RING_SIMPLE_CH8_N512_q2_rep4,COMM_ONLY,RCCL,C2_RING_SIMPLE_CH8,2048,512,2048,2,4,80,0,PASS,680.960,678.560,686.240,1340.320,1335.360,1344.480,1346.480,1341.920,1350.880,0.000,0.000,0.000,0.000,0.000,0.000,0.000,0.000,0.000,1352.640,1347.999,1357.280
case500_comm_C2_RING_SIMPLE_CH8_N512_q2_rep5,COMM_ONLY,RCCL,C2_RING_SIMPLE_CH8,2048,512,2048,2,5,80,0,PASS,682.080,679.680,686.400,1340.320,1336.959,1349.760,1346.720,1343.199,1356.160,0.000,0.000,0.000,0.000,0.000,0.000,0.000,0.000,0.000,1353.040,1349.439,1362.560
case501_r1_C2_RING_SIMPLE_CH8_N512_q2_rep1,R1_EVENT_OVERLAP,RCCL,C2_RING_SIMPLE_CH8,2048,512,2048,2,1,80,0,PASS,681.440,678.400,686.080,1795.679,1784.320,1810.080,1802.159,1790.400,1816.480,694.240,690.720,697.920,2546.960,2530.880,2563.680,1856.720,1839.360,1875.520,2552.560,2536.480,2569.280
case502_r1_C2_RING_SIMPLE_CH8_N512_q2_rep2,R1_EVENT_OVERLAP,RCCL,C2_RING_SIMPLE_CH8,2048,512,2048,2,2,80,0,PASS,681.200,678.399,685.280,1796.720,1777.919,1821.599,1802.800,1784.319,1827.839,693.919,690.560,697.920,2547.519,2524.798,2570.079,1856.959,1835.839,1877.919,2553.198,2531.198,2575.679
case503_r1_C2_RING_SIMPLE_CH8_N512_q2_rep3,R1_EVENT_OVERLAP,RCCL,C2_RING_SIMPLE_CH8,2048,512,2048,2,3,80,0,PASS,681.120,678.720,684.160,1798.079,1785.919,1818.240,1804.320,1792.159,1824.480,693.520,690.880,696.960,2551.439,2532.320,2573.598,1860.720,1844.480,1879.198,2557.039,2538.080,2579.358
case504_r1_C2_RING_SIMPLE_CH8_N512_q2_rep4,R1_EVENT_OVERLAP,RCCL,C2_RING_SIMPLE_CH8,2048,512,2048,2,4,80,0,PASS,680.799,678.400,688.320,1795.840,1781.919,1822.079,1802.240,1787.999,1828.960,693.440,691.359,700.160,2547.998,2532.158,2578.239,1857.918,1842.079,1879.999,2553.599,2537.918,2583.999
case505_r1_C2_RING_SIMPLE_CH8_N512_q2_rep5,R1_EVENT_OVERLAP,RCCL,C2_RING_SIMPLE_CH8,2048,512,2048,2,5,80,0,PASS,681.040,678.400,684.160,1798.320,1783.839,1817.600,1804.479,1790.239,1824.160,693.439,691.200,696.960,2546.798,2532.798,2568.320,1856.160,1843.838,1876.319,2552.479,2538.238,2574.080
case506_comm_C2_RING_SIMPLE_CH8_N512_q4_rep1,COMM_ONLY,RCCL,C2_RING_SIMPLE_CH8,2048,512,2048,4,1,80,0,PASS,383.680,381.920,386.240,1476.160,1472.160,1483.520,1482.719,1478.720,1489.920,0.000,0.000,0.000,0.000,0.000,0.000,0.000,0.000,0.000,1488.960,1485.120,1496.160
case507_comm_C2_RING_SIMPLE_CH8_N512_q4_rep2,COMM_ONLY,RCCL,C2_RING_SIMPLE_CH8,2048,512,2048,4,2,80,0,PASS,383.520,381.600,10240.956,1475.360,1471.840,11329.916,1481.999,1477.760,11335.676,0.000,0.000,0.000,0.000,0.000,0.000,0.000,0.000,0.000,1488.320,1483.680,11341.116
case508_comm_C2_RING_SIMPLE_CH8_N512_q4_rep3,COMM_ONLY,RCCL,C2_RING_SIMPLE_CH8,2048,512,2048,4,3,80,0,PASS,383.520,382.079,387.519,1477.680,1474.561,1483.040,1484.240,1481.120,1489.440,0.000,0.000,0.000,0.000,0.000,0.000,0.000,0.000,0.000,1490.720,1487.520,1496.000
case509_comm_C2_RING_SIMPLE_CH8_N512_q4_rep4,COMM_ONLY,RCCL,C2_RING_SIMPLE_CH8,2048,512,2048,4,4,80,0,PASS,383.360,382.080,391.520,1478.481,1474.561,1485.440,1484.880,1481.120,1492.000,0.000,0.000,0.000,0.000,0.000,0.000,0.000,0.000,0.000,1491.280,1487.520,1498.560
case510_comm_C2_RING_SIMPLE_CH8_N512_q4_rep5,COMM_ONLY,RCCL,C2_RING_SIMPLE_CH8,2048,512,2048,4,5,80,0,PASS,382.160,379.200,387.840,1472.880,1467.680,1483.199,1479.200,1473.440,1489.919,0.000,0.000,0.000,0.000,0.000,0.000,0.000,0.000,0.000,1485.360,1479.680,1496.159
case511_r1_C2_RING_SIMPLE_CH8_N512_q4_rep1,R1_EVENT_OVERLAP,RCCL,C2_RING_SIMPLE_CH8,2048,512,2048,4,1,80,0,PASS,383.680,381.760,387.520,2167.440,2157.440,2184.800,2173.760,2164.160,2191.200,396.720,394.720,401.280,2551.359,2539.838,2571.038,2156.399,2146.080,2174.879,2556.880,2545.438,2576.798
case512_r1_C2_RING_SIMPLE_CH8_N512_q4_rep2,R1_EVENT_OVERLAP,RCCL,C2_RING_SIMPLE_CH8,2048,512,2048,4,2,80,0,PASS,384.560,382.560,388.160,2181.921,2168.798,2197.279,2188.160,2175.039,2203.359,397.200,394.880,401.600,2565.838,2552.480,2580.638,2169.760,2157.438,2187.198,2571.439,2558.080,2586.238
case513_r1_C2_RING_SIMPLE_CH8_N512_q4_rep3,R1_EVENT_OVERLAP,RCCL,C2_RING_SIMPLE_CH8,2048,512,2048,4,3,80,0,PASS,384.480,382.400,392.960,2176.640,2160.639,2195.680,2183.041,2167.039,2202.080,397.360,395.200,405.920,2562.959,2545.920,2581.280,2166.559,2152.800,2185.440,2568.639,2551.680,2587.680
case514_r1_C2_RING_SIMPLE_CH8_N512_q4_rep4,R1_EVENT_OVERLAP,RCCL,C2_RING_SIMPLE_CH8,2048,512,2048,4,4,80,0,PASS,384.240,382.080,388.319,2177.999,2166.079,2192.639,2184.319,2172.319,2199.039,397.280,395.200,401.600,2561.119,2547.199,2576.319,2166.799,2152.959,2181.119,2566.800,2552.959,2582.079
case515_r1_C2_RING_SIMPLE_CH8_N512_q4_rep5,R1_EVENT_OVERLAP,RCCL,C2_RING_SIMPLE_CH8,2048,512,2048,4,5,80,0,PASS,383.040,381.120,387.200,2169.680,2155.199,2188.319,2176.159,2161.439,2194.719,396.399,394.080,400.480,2553.199,2538.401,2571.361,2158.399,2144.480,2176.480,2558.959,2544.001,2576.961
case516_comm_C2_RING_SIMPLE_CH8_N512_q8_rep1,COMM_ONLY,RCCL,C2_RING_SIMPLE_CH8,2048,512,2048,8,1,80,0,PASS,233.760,231.520,240.480,1759.439,1755.839,1765.920,1765.999,1762.399,1771.681,0.000,0.000,0.000,0.000,0.000,0.000,0.000,0.000,0.000,1772.320,1768.320,1778.241
case517_comm_C2_RING_SIMPLE_CH8_N512_q8_rep2,COMM_ONLY,RCCL,C2_RING_SIMPLE_CH8,2048,512,2048,8,2,80,0,PASS,233.440,230.879,241.760,1755.360,1741.119,1766.079,1761.760,1747.199,1771.998,0.000,0.000,0.000,0.000,0.000,0.000,0.000,0.000,0.000,1768.000,1752.799,1778.558
case518_comm_C2_RING_SIMPLE_CH8_N512_q8_rep3,COMM_ONLY,RCCL,C2_RING_SIMPLE_CH8,2048,512,2048,8,3,80,0,PASS,235.039,233.440,237.920,1760.720,1756.799,1765.919,1767.280,1763.359,1772.479,0.000,0.000,0.000,0.000,0.000,0.000,0.000,0.000,0.000,1773.599,1769.600,1778.719
case519_comm_C2_RING_SIMPLE_CH8_N512_q8_rep4,COMM_ONLY,RCCL,C2_RING_SIMPLE_CH8,2048,512,2048,8,4,80,0,PASS,234.080,232.480,243.200,1761.360,1756.159,1769.919,1767.920,1762.719,1776.319,0.000,0.000,0.000,0.000,0.000,0.000,0.000,0.000,0.000,1774.320,1769.119,1782.719
case520_comm_C2_RING_SIMPLE_CH8_N512_q8_rep5,COMM_ONLY,RCCL,C2_RING_SIMPLE_CH8,2048,512,2048,8,5,80,0,PASS,234.400,232.160,239.840,1763.999,1751.999,1771.039,1770.479,1757.919,1777.599,0.000,0.000,0.000,0.000,0.000,0.000,0.000,0.000,0.000,1776.799,1763.519,1783.999
case521_r1_C2_RING_SIMPLE_CH8_N512_q8_rep1,R1_EVENT_OVERLAP,RCCL,C2_RING_SIMPLE_CH8,2048,512,2048,8,1,80,0,PASS,236.000,234.080,238.880,2184.399,2176.159,2194.879,2190.718,2182.559,2201.279,249.120,246.880,251.840,2336.159,2327.998,2346.399,2088.159,2080.798,2097.919,2342.399,2334.078,2352.639
case522_r1_C2_RING_SIMPLE_CH8_N512_q8_rep2,R1_EVENT_OVERLAP,RCCL,C2_RING_SIMPLE_CH8,2048,512,2048,8,2,80,0,PASS,235.840,234.079,240.320,2199.439,2190.719,2207.359,2205.759,2197.119,2213.759,248.640,246.720,252.960,2352.000,2343.039,2360.639,2105.200,2095.680,2112.479,2358.399,2349.279,2366.879
case523_r1_C2_RING_SIMPLE_CH8_N512_q8_rep3,R1_EVENT_OVERLAP,RCCL,C2_RING_SIMPLE_CH8,2048,512,2048,8,3,80,0,PASS,235.840,234.560,242.560,2173.199,2164.639,2189.439,2179.600,2171.039,2195.839,248.800,247.200,254.880,2325.520,2315.840,2340.799,2077.680,2069.279,2088.640,2331.760,2322.080,2346.879
case524_r1_C2_RING_SIMPLE_CH8_N512_q8_rep4,R1_EVENT_OVERLAP,RCCL,C2_RING_SIMPLE_CH8,2048,512,2048,8,4,80,0,PASS,234.160,232.640,241.760,2174.959,2165.759,2196.639,2181.278,2172.159,2202.879,247.040,244.960,261.760,2326.240,2317.119,2346.559,2082.079,2073.759,2093.440,2332.079,2323.359,2352.159
case525_r1_C2_RING_SIMPLE_CH8_N512_q8_rep5,R1_EVENT_OVERLAP,RCCL,C2_RING_SIMPLE_CH8,2048,512,2048,8,5,80,0,PASS,233.759,232.640,236.320,2167.600,2157.599,2179.040,2173.920,2163.999,2185.440,246.400,245.280,250.400,2319.360,2309.919,2330.880,2074.959,2064.800,2084.959,2325.280,2315.679,2336.800
case526_comm_C2_RING_SIMPLE_CH8_N2048_q2_rep1,COMM_ONLY,RCCL,C2_RING_SIMPLE_CH8,2048,2048,2048,2,1,80,0,PASS,740.320,736.639,745.919,1398.800,1393.760,1406.079,1405.280,1400.320,1412.639,0.000,0.000,0.000,0.000,0.000,0.000,0.000,0.000,0.000,1411.840,1406.561,1419.039
case527_comm_C2_RING_SIMPLE_CH8_N2048_q2_rep2,COMM_ONLY,RCCL,C2_RING_SIMPLE_CH8,2048,2048,2048,2,2,80,0,PASS,739.920,736.959,744.320,1398.880,1395.040,1403.680,1405.360,1401.760,1410.240,0.000,0.000,0.000,0.000,0.000,0.000,0.000,0.000,0.000,1411.601,1408.000,1416.640
case528_comm_C2_RING_SIMPLE_CH8_N2048_q2_rep3,COMM_ONLY,RCCL,C2_RING_SIMPLE_CH8,2048,2048,2048,2,3,80,0,PASS,740.799,737.120,745.760,1399.840,1394.880,1407.201,1406.320,1401.280,1413.601,0.000,0.000,0.000,0.000,0.000,0.000,0.000,0.000,0.000,1412.720,1407.680,1420.161
case529_comm_C2_RING_SIMPLE_CH8_N2048_q2_rep4,COMM_ONLY,RCCL,C2_RING_SIMPLE_CH8,2048,2048,2048,2,4,80,0,PASS,740.320,737.600,744.640,1399.040,1394.241,1406.080,1405.600,1400.801,1412.800,0.000,0.000,0.000,0.000,0.000,0.000,0.000,0.000,0.000,1412.000,1407.201,1419.040
case530_comm_C2_RING_SIMPLE_CH8_N2048_q2_rep5,COMM_ONLY,RCCL,C2_RING_SIMPLE_CH8,2048,2048,2048,2,5,80,0,PASS,740.400,736.960,747.040,1398.640,1394.400,1409.440,1405.200,1400.960,1415.840,0.000,0.000,0.000,0.000,0.000,0.000,0.000,0.000,0.000,1411.680,1407.360,1422.080
case531_r1_C2_RING_SIMPLE_CH8_N2048_q2_rep1,R1_EVENT_OVERLAP,RCCL,C2_RING_SIMPLE_CH8,2048,2048,2048,2,1,80,0,PASS,739.520,736.800,752.960,2114.240,2097.441,2145.601,2121.040,2104.481,2152.321,752.399,749.280,765.760,4276.479,4259.361,4317.277,3526.400,3509.119,3569.121,4282.159,4265.121,4322.877
case532_r1_C2_RING_SIMPLE_CH8_N2048_q2_rep2,R1_EVENT_OVERLAP,RCCL,C2_RING_SIMPLE_CH8,2048,2048,2048,2,2,80,0,PASS,740.240,736.320,745.760,2114.720,2097.920,2137.600,2121.919,2104.800,2144.640,752.958,748.000,758.239,4277.359,4256.639,4296.639,3527.599,3506.560,3548.959,4283.359,4263.037,4302.399
case533_r1_C2_RING_SIMPLE_CH8_N2048_q2_rep3,R1_EVENT_OVERLAP,RCCL,C2_RING_SIMPLE_CH8,2048,2048,2048,2,3,80,0,PASS,740.400,737.279,744.319,2114.798,2096.159,2153.599,2121.759,2102.880,2160.639,753.200,749.920,758.080,4278.319,4260.958,4307.519,3528.559,3511.037,3557.599,4284.079,4266.559,4313.279
case534_r1_C2_RING_SIMPLE_CH8_N2048_q2_rep4,R1_EVENT_OVERLAP,RCCL,C2_RING_SIMPLE_CH8,2048,2048,2048,2,4,80,0,PASS,740.560,736.800,745.920,2113.120,2094.399,2134.400,2119.921,2101.279,2141.440,753.440,749.440,758.880,4277.358,4261.919,4299.039,3528.799,3510.718,3550.718,4283.118,4267.520,4304.959
case535_r1_C2_RING_SIMPLE_CH8_N2048_q2_rep5,R1_EVENT_OVERLAP,RCCL,C2_RING_SIMPLE_CH8,2048,2048,2048,2,5,80,0,PASS,740.320,736.480,744.960,2112.959,2097.439,2144.959,2119.758,2104.319,2152.479,753.120,748.959,757.920,4276.637,4262.719,4298.560,3526.798,3513.440,3551.360,4282.479,4268.479,4304.160
case536_comm_C2_RING_SIMPLE_CH8_N2048_q4_rep1,COMM_ONLY,RCCL,C2_RING_SIMPLE_CH8,2048,2048,2048,4,1,80,0,PASS,434.559,429.600,441.280,1528.000,1524.159,1535.040,1534.400,1530.719,1541.600,0.000,0.000,0.000,0.000,0.000,0.000,0.000,0.000,0.000,1540.720,1537.119,1548.000
case537_comm_C2_RING_SIMPLE_CH8_N2048_q4_rep2,COMM_ONLY,RCCL,C2_RING_SIMPLE_CH8,2048,2048,2048,4,2,80,0,PASS,435.200,431.520,439.840,1530.559,1524.480,1537.439,1537.039,1531.040,1543.999,0.000,0.000,0.000,0.000,0.000,0.000,0.000,0.000,0.000,1543.360,1537.599,1550.239
case538_comm_C2_RING_SIMPLE_CH8_N2048_q4_rep3,COMM_ONLY,RCCL,C2_RING_SIMPLE_CH8,2048,2048,2048,4,3,80,0,PASS,434.240,430.720,437.280,1527.600,1522.880,1536.800,1534.080,1528.959,1543.360,0.000,0.000,0.000,0.000,0.000,0.000,0.000,0.000,0.000,1540.560,1535.201,1549.760
case539_comm_C2_RING_SIMPLE_CH8_N2048_q4_rep4,COMM_ONLY,RCCL,C2_RING_SIMPLE_CH8,2048,2048,2048,4,4,80,0,PASS,435.521,432.161,440.001,1529.122,1524.323,1536.642,1535.523,1531.042,1543.042,0.000,0.000,0.000,0.000,0.000,0.000,0.000,0.000,0.000,1541.923,1537.282,1549.442
case540_comm_C2_RING_SIMPLE_CH8_N2048_q4_rep5,COMM_ONLY,RCCL,C2_RING_SIMPLE_CH8,2048,2048,2048,4,5,80,0,PASS,434.640,431.201,439.200,1528.483,1523.044,1536.803,1535.043,1529.604,1543.523,0.000,0.000,0.000,0.000,0.000,0.000,0.000,0.000,0.000,1541.443,1536.004,1549.923
case541_r1_C2_RING_SIMPLE_CH8_N2048_q4_rep1,R1_EVENT_OVERLAP,RCCL,C2_RING_SIMPLE_CH8,2048,2048,2048,4,1,80,0,PASS,435.281,432.960,440.160,2487.524,2430.725,2517.443,2508.323,2452.644,2542.085,449.361,445.760,456.481,4286.328,4255.048,4321.445,3840.167,3811.526,3870.726,4292.568,4260.808,4327.045
case542_r1_C2_RING_SIMPLE_CH8_N2048_q4_rep2,R1_EVENT_OVERLAP,RCCL,C2_RING_SIMPLE_CH8,2048,2048,2048,4,2,80,0,PASS,435.841,433.441,441.281,2484.245,2438.565,2533.604,2504.325,2462.725,2556.164,449.201,446.881,457.281,4290.490,4259.689,4339.208,3844.888,3816.006,3887.527,4296.170,4265.289,4346.408
case543_r1_C2_RING_SIMPLE_CH8_N2048_q4_rep3,R1_EVENT_OVERLAP,RCCL,C2_RING_SIMPLE_CH8,2048,2048,2048,4,3,80,0,PASS,435.522,431.362,439.041,2484.244,2422.247,2538.247,2506.488,2445.286,2560.807,449.121,444.482,455.202,4288.414,4247.690,4332.973,3841.772,3800.172,3891.212,4294.494,4253.290,4338.573
case544_r1_C2_RING_SIMPLE_CH8_N2048_q4_rep4,R1_EVENT_OVERLAP,RCCL,C2_RING_SIMPLE_CH8,2048,2048,2048,4,4,80,0,PASS,434.161,431.201,439.362,2472.167,2424.166,2520.007,2491.609,2444.167,2542.727,447.441,444.961,455.041,4277.291,4244.492,4318.574,3832.332,3801.931,3873.933,4283.132,4250.252,4325.134
case545_r1_C2_RING_SIMPLE_CH8_N2048_q4_rep5,R1_EVENT_OVERLAP,RCCL,C2_RING_SIMPLE_CH8,2048,2048,2048,4,5,80,0,PASS,435.601,433.282,440.642,2492.727,2428.007,2534.247,2512.246,2452.807,2551.848,449.281,446.402,454.881,4285.613,4250.733,4328.491,3841.372,3810.091,3880.171,4291.293,4256.333,4334.571
case546_comm_C2_RING_SIMPLE_CH8_N2048_q8_rep1,COMM_ONLY,RCCL,C2_RING_SIMPLE_CH8,2048,2048,2048,8,1,80,0,PASS,275.841,272.961,280.321,1803.369,1799.208,1809.928,1809.848,1805.767,1816.488,0.000,0.000,0.000,0.000,0.000,0.000,0.000,0.000,0.000,1816.088,1812.007,1822.888
case547_comm_C2_RING_SIMPLE_CH8_N2048_q8_rep2,COMM_ONLY,RCCL,C2_RING_SIMPLE_CH8,2048,2048,2048,8,2,80,0,PASS,277.281,274.881,280.481,1804.329,1800.969,1811.047,1810.809,1807.529,1817.607,0.000,0.000,0.000,0.000,0.000,0.000,0.000,0.000,0.000,1817.289,1813.929,1824.007
case548_comm_C2_RING_SIMPLE_CH8_N2048_q8_rep3,COMM_ONLY,RCCL,C2_RING_SIMPLE_CH8,2048,2048,2048,8,3,80,0,PASS,273.921,270.721,277.442,1794.409,1784.488,1807.369,1800.809,1790.248,1813.769,0.000,0.000,0.000,0.000,0.000,0.000,0.000,0.000,0.000,1807.209,1795.848,1820.169
case549_comm_C2_RING_SIMPLE_CH8_N2048_q8_rep4,COMM_ONLY,RCCL,C2_RING_SIMPLE_CH8,2048,2048,2048,8,4,80,0,PASS,276.161,273.122,279.361,1802.968,1788.328,1810.248,1809.528,1794.248,1816.808,0.000,0.000,0.000,0.000,0.000,0.000,0.000,0.000,0.000,1815.848,1799.848,1823.208
case550_comm_C2_RING_SIMPLE_CH8_N2048_q8_rep5,COMM_ONLY,RCCL,C2_RING_SIMPLE_CH8,2048,2048,2048,8,5,80,0,PASS,275.041,272.801,5063.224,1802.568,1799.207,6593.471,1809.128,1805.767,6600.031,0.000,0.000,0.000,0.000,0.000,0.000,0.000,0.000,0.000,1815.687,1812.167,6606.591
case551_r1_C2_RING_SIMPLE_CH8_N2048_q8_rep1,R1_EVENT_OVERLAP,RCCL,C2_RING_SIMPLE_CH8,2048,2048,2048,8,1,80,0,PASS,275.361,272.961,283.201,3315.135,3249.774,3658.734,3322.414,3256.974,3678.574,288.801,285.121,296.161,6628.506,6556.185,6670.909,6341.707,6272.664,6377.948,6634.106,6561.625,6676.509
case552_r1_C2_RING_SIMPLE_CH8_N2048_q8_rep2,R1_EVENT_OVERLAP,RCCL,C2_RING_SIMPLE_CH8,2048,2048,2048,8,2,80,0,PASS,278.481,276.321,286.561,3491.136,3247.854,3707.696,3498.096,3255.534,3715.376,291.761,289.121,302.881,6613.549,6540.191,6673.469,6326.508,6247.230,6364.510,6619.309,6545.951,6679.389
case553_r1_C2_RING_SIMPLE_CH8_N2048_q8_rep3,R1_EVENT_OVERLAP,RCCL,C2_RING_SIMPLE_CH8,2048,2048,2048,8,3,80,0,PASS,277.361,274.562,281.921,3294.972,3244.651,3676.975,3301.852,3251.531,3706.094,291.041,287.841,296.002,6614.186,6564.987,6663.224,6327.226,6277.627,6376.503,6619.867,6570.747,6668.824
case554_r1_C2_RING_SIMPLE_CH8_N2048_q8_rep4,R1_EVENT_OVERLAP,RCCL,C2_RING_SIMPLE_CH8,2048,2048,2048,8,4,80,0,PASS,276.801,274.081,282.401,3365.129,3242.088,3691.851,3372.249,3249.288,3716.491,290.321,286.721,296.481,6610.978,6561.459,6667.861,6322.817,6277.778,6373.618,6616.978,6568.019,6673.461
case555_r1_C2_RING_SIMPLE_CH8_N2048_q8_rep5,R1_EVENT_OVERLAP,RCCL,C2_RING_SIMPLE_CH8,2048,2048,2048,8,5,80,0,PASS,276.800,273.921,287.680,3511.930,3244.970,3712.969,3518.570,3251.530,3720.489,289.921,286.881,300.480,6613.780,6540.978,6675.859,6325.616,6256.497,6373.615,6619.541,6546.738,6681.619
case556_comm_C2_RING_SIMPLE_CH8_N4096_q2_rep1,COMM_ONLY,RCCL,C2_RING_SIMPLE_CH8,2048,4096,2048,2,1,80,0,PASS,794.883,788.642,801.602,1452.564,1444.645,1461.764,1458.964,1450.565,1468.324,0.000,0.000,0.000,0.000,0.000,0.000,0.000,0.000,0.000,1464.885,1456.484,1474.564
case557_comm_C2_RING_SIMPLE_CH8_N4096_q2_rep2,COMM_ONLY,RCCL,C2_RING_SIMPLE_CH8,2048,4096,2048,2,2,80,0,PASS,798.082,791.042,808.002,1457.122,1448.804,1466.403,1463.682,1455.362,1472.803,0.000,0.000,0.000,0.000,0.000,0.000,0.000,0.000,0.000,1470.082,1461.762,1479.203
case558_comm_C2_RING_SIMPLE_CH8_N4096_q2_rep3,COMM_ONLY,RCCL,C2_RING_SIMPLE_CH8,2048,4096,2048,2,3,80,0,PASS,796.081,790.721,806.401,1456.002,1448.643,1465.921,1462.402,1455.203,1472.321,0.000,0.000,0.000,0.000,0.000,0.000,0.000,0.000,0.000,1468.722,1461.763,1478.721
case559_comm_C2_RING_SIMPLE_CH8_N4096_q2_rep4,COMM_ONLY,RCCL,C2_RING_SIMPLE_CH8,2048,4096,2048,2,4,80,0,PASS,796.641,790.401,807.681,1456.081,1448.482,1468.802,1462.561,1455.042,1475.362,0.000,0.000,0.000,0.000,0.000,0.000,0.000,0.000,0.000,1468.881,1461.282,1481.602
case560_comm_C2_RING_SIMPLE_CH8_N4096_q2_rep5,COMM_ONLY,RCCL,C2_RING_SIMPLE_CH8,2048,4096,2048,2,5,80,0,PASS,797.281,791.041,803.521,1455.841,1448.962,1467.042,1462.322,1455.362,1473.442,0.000,0.000,0.000,0.000,0.000,0.000,0.000,0.000,0.000,1468.722,1461.762,1479.842
case561_r1_C2_RING_SIMPLE_CH8_N4096_q2_rep1,R1_EVENT_OVERLAP,RCCL,C2_RING_SIMPLE_CH8,2048,4096,2048,2,1,80,0,PASS,800.721,793.921,811.360,2278.802,2242.881,2328.801,2286.482,2250.401,2336.321,814.321,808.001,826.080,9326.730,9206.250,9498.729,8526.168,8397.448,8687.849,9332.809,9211.851,9505.129
case562_r1_C2_RING_SIMPLE_CH8_N4096_q2_rep2,R1_EVENT_OVERLAP,RCCL,C2_RING_SIMPLE_CH8,2048,4096,2048,2,2,80,0,PASS,802.240,794.241,816.160,2282.242,2250.081,2322.722,2289.761,2257.281,2330.242,816.400,808.641,829.440,9310.970,9172.324,9471.212,8506.006,8365.124,8647.210,9316.569,9177.924,9476.812
case563_r1_C2_RING_SIMPLE_CH8_N4096_q2_rep3,R1_EVENT_OVERLAP,RCCL,C2_RING_SIMPLE_CH8,2048,4096,2048,2,3,80,0,PASS,802.801,793.761,812.480,2282.482,2246.402,2326.882,2290.082,2253.922,2333.922,817.120,808.481,827.200,9351.766,9220.969,9496.004,8542.569,8416.649,8681.444,9358.086,9227.209,9501.765
case564_r1_C2_RING_SIMPLE_CH8_N4096_q2_rep4,R1_EVENT_OVERLAP,RCCL,C2_RING_SIMPLE_CH8,2048,4096,2048,2,4,80,0,PASS,801.201,793.121,809.441,2278.641,2238.881,2330.402,2285.762,2245.601,2338.082,814.481,807.521,824.001,9331.769,9196.169,9454.729,8523.689,8385.925,8643.849,9337.769,9202.409,9461.128
case565_r1_C2_RING_SIMPLE_CH8_N4096_q2_rep5,R1_EVENT_OVERLAP,RCCL,C2_RING_SIMPLE_CH8,2048,4096,2048,2,5,80,0,PASS,802.080,794.240,814.400,2270.802,2247.522,2305.600,2278.722,2254.562,2312.640,816.081,807.520,829.121,9281.847,9188.648,9407.683,8474.003,8382.566,8600.166,9287.767,9194.408,9413.282
case566_comm_C2_RING_SIMPLE_CH8_N4096_q4_rep1,COMM_ONLY,RCCL,C2_RING_SIMPLE_CH8,2048,4096,2048,4,1,80,0,PASS,481.920,477.921,489.280,1575.841,1571.041,1586.241,1582.481,1577.601,1592.641,0.000,0.000,0.000,0.000,0.000,0.000,0.000,0.000,0.000,1588.801,1584.001,1599.041
case567_comm_C2_RING_SIMPLE_CH8_N4096_q4_rep2,COMM_ONLY,RCCL,C2_RING_SIMPLE_CH8,2048,4096,2048,4,2,80,0,PASS,482.961,477.600,9776.646,1576.241,1570.721,10931.528,1582.721,1577.121,10937.928,0.000,0.000,0.000,0.000,0.000,0.000,0.000,0.000,0.000,1589.121,1583.361,10944.487
case568_comm_C2_RING_SIMPLE_CH8_N4096_q4_rep3,COMM_ONLY,RCCL,C2_RING_SIMPLE_CH8,2048,4096,2048,4,3,80,0,PASS,482.880,477.441,490.080,1576.001,1568.641,1583.840,1582.401,1575.201,1590.400,0.000,0.000,0.000,0.000,0.000,0.000,0.000,0.000,0.000,1588.801,1581.601,1596.800
case569_comm_C2_RING_SIMPLE_CH8_N4096_q4_rep4,COMM_ONLY,RCCL,C2_RING_SIMPLE_CH8,2048,4096,2048,4,4,80,0,PASS,480.800,476.321,486.400,1574.001,1568.320,1581.281,1580.322,1574.880,1587.841,0.000,0.000,0.000,0.000,0.000,0.000,0.000,0.000,0.000,1586.722,1581.280,1594.241
case570_comm_C2_RING_SIMPLE_CH8_N4096_q4_rep5,COMM_ONLY,RCCL,C2_RING_SIMPLE_CH8,2048,4096,2048,4,5,80,0,PASS,480.481,475.041,487.680,1574.801,1568.161,1583.681,1581.280,1574.721,1590.081,0.000,0.000,0.000,0.000,0.000,0.000,0.000,0.000,0.000,1587.680,1581.121,1596.481
case571_r1_C2_RING_SIMPLE_CH8_N4096_q4_rep1,R1_EVENT_OVERLAP,RCCL,C2_RING_SIMPLE_CH8,2048,4096,2048,4,1,80,0,PASS,488.160,482.400,495.681,2782.881,2739.203,2840.482,2799.280,2761.283,2851.522,503.360,497.920,511.361,8340.886,8184.803,8551.377,7850.885,7691.683,8049.928,8347.206,8191.203,8557.617
case572_r1_C2_RING_SIMPLE_CH8_N4096_q4_rep2,R1_EVENT_OVERLAP,RCCL,C2_RING_SIMPLE_CH8,2048,4096,2048,4,2,80,0,PASS,487.360,482.240,496.480,2776.320,2748.800,2830.881,2798.322,2768.960,2842.400,501.921,494.560,512.320,8316.319,8196.487,8480.166,7813.204,7700.000,7982.406,8322.240,8202.247,8486.726
case573_r1_C2_RING_SIMPLE_CH8_N4096_q4_rep3,R1_EVENT_OVERLAP,RCCL,C2_RING_SIMPLE_CH8,2048,4096,2048,4,3,80,0,PASS,488.560,482.400,496.800,2783.681,2747.362,2905.602,2802.722,2765.282,2912.962,503.920,496.639,512.960,8360.403,8241.125,8540.165,7864.084,7756.965,8040.645,8366.723,8246.564,8546.565
case574_r1_C2_RING_SIMPLE_CH8_N4096_q4_rep4,R1_EVENT_OVERLAP,RCCL,C2_RING_SIMPLE_CH8,2048,4096,2048,4,4,80,0,PASS,487.040,480.000,499.680,2786.721,2739.038,2861.921,2806.883,2759.522,2868.321,502.240,494.881,515.841,8361.286,8228.000,8534.246,7862.006,7734.724,8006.566,8367.207,8234.239,8539.847
case575_r1_C2_RING_SIMPLE_CH8_N4096_q4_rep5,R1_EVENT_OVERLAP,RCCL,C2_RING_SIMPLE_CH8,2048,4096,2048,4,5,80,0,PASS,487.361,481.120,491.840,2784.720,2744.482,2843.361,2802.481,2762.881,2852.320,502.640,496.160,507.200,8376.084,8183.045,8529.604,7885.765,7695.841,8036.004,8382.085,8188.646,8535.044
case576_comm_C2_RING_SIMPLE_CH8_N4096_q8_rep1,COMM_ONLY,RCCL,C2_RING_SIMPLE_CH8,2048,4096,2048,8,1,80,0,PASS,289.280,285.920,294.561,1851.200,1845.920,1859.841,1857.760,1852.480,1866.241,0.000,0.000,0.000,0.000,0.000,0.000,0.000,0.000,0.000,1864.160,1858.880,1872.481
case577_comm_C2_RING_SIMPLE_CH8_N4096_q8_rep2,COMM_ONLY,RCCL,C2_RING_SIMPLE_CH8,2048,4096,2048,8,2,80,0,PASS,289.680,285.440,298.080,1851.761,1847.361,1860.481,1858.322,1854.081,1867.041,0.000,0.000,0.000,0.000,0.000,0.000,0.000,0.000,0.000,1864.722,1860.481,1873.281
case578_comm_C2_RING_SIMPLE_CH8_N4096_q8_rep3,COMM_ONLY,RCCL,C2_RING_SIMPLE_CH8,2048,4096,2048,8,3,80,0,PASS,289.760,284.640,297.280,1848.081,1832.801,1858.880,1854.561,1838.561,1865.440,0.000,0.000,0.000,0.000,0.000,0.000,0.000,0.000,0.000,1860.961,1844.161,1871.840
case579_comm_C2_RING_SIMPLE_CH8_N4096_q8_rep4,COMM_ONLY,RCCL,C2_RING_SIMPLE_CH8,2048,4096,2048,8,4,80,0,PASS,290.160,285.120,295.840,1843.999,1834.400,1855.358,1849.919,1840.160,1861.918,0.000,0.000,0.000,0.000,0.000,0.000,0.000,0.000,0.000,1855.840,1846.400,1867.840
case580_comm_C2_RING_SIMPLE_CH8_N4096_q8_rep5,COMM_ONLY,RCCL,C2_RING_SIMPLE_CH8,2048,4096,2048,8,5,80,0,PASS,290.160,285.920,296.000,1850.320,1846.079,1855.840,1856.960,1852.639,1862.240,0.000,0.000,0.000,0.000,0.000,0.000,0.000,0.000,0.000,1863.360,1858.880,1868.640
case581_r1_C2_RING_SIMPLE_CH8_N4096_q8_rep1,R1_EVENT_OVERLAP,RCCL,C2_RING_SIMPLE_CH8,2048,4096,2048,8,1,80,0,PASS,296.319,291.040,301.120,3389.199,3321.601,3449.762,3396.079,3328.321,3457.442,447.201,444.960,448.160,8148.242,8096.318,8220.162,7704.640,7653.923,7775.682,8154.562,8101.918,8226.562
case582_r1_C2_RING_SIMPLE_CH8_N4096_q8_rep2,R1_EVENT_OVERLAP,RCCL,C2_RING_SIMPLE_CH8,2048,4096,2048,8,2,80,0,PASS,295.760,292.480,308.960,3409.039,3314.879,3522.562,3416.479,3321.599,3530.242,446.880,444.000,447.840,8221.040,8158.244,8301.918,7777.684,7715.838,7856.643,8227.121,8164.004,8308.158
case583_r1_C2_RING_SIMPLE_CH8_N4096_q8_rep3,R1_EVENT_OVERLAP,RCCL,C2_RING_SIMPLE_CH8,2048,4096,2048,8,3,80,0,PASS,297.601,294.080,304.318,3387.920,3312.001,3498.081,3395.520,3318.881,3504.001,444.480,441.440,445.921,8161.597,8109.437,8254.718,7719.757,7668.797,7812.158,8167.198,8115.037,8260.478
case584_r1_C2_RING_SIMPLE_CH8_N4096_q8_rep4,R1_EVENT_OVERLAP,RCCL,C2_RING_SIMPLE_CH8,2048,4096,2048,8,4,80,0,PASS,296.480,293.600,304.800,3400.560,3296.320,3527.041,3407.760,3302.880,3533.921,446.720,443.680,448.159,8177.923,8109.761,8255.201,7735.203,7669.761,7811.681,8184.002,8115.361,8261.602
case585_r1_C2_RING_SIMPLE_CH8_N4096_q8_rep5,R1_EVENT_OVERLAP,RCCL,C2_RING_SIMPLE_CH8,2048,4096,2048,8,5,80,0,PASS,296.560,291.520,304.640,3402.240,3312.481,3452.479,3408.959,3319.361,3459.359,446.400,443.200,448.000,8168.080,8115.361,8256.162,7723.921,7671.041,7818.082,8174.240,8121.761,8261.922
case586_comm_C0_DEFAULT_N2048_q16_rep1,COMM_ONLY,RCCL,C0_DEFAULT,2048,2048,2048,16,1,80,0,PASS,156.240,153.600,159.200,1866.639,1861.600,1874.080,1872.479,1867.360,1879.840,0.000,0.000,0.000,0.000,0.000,0.000,0.000,0.000,0.000,1878.159,1872.960,1885.440
case587_comm_C0_DEFAULT_N2048_q16_rep2,COMM_ONLY,RCCL,C0_DEFAULT,2048,2048,2048,16,2,80,0,PASS,155.200,152.800,160.320,1866.240,1860.800,1876.480,1872.160,1866.720,1882.400,0.000,0.000,0.000,0.000,0.000,0.000,0.000,0.000,0.000,1877.840,1872.320,1888.000
case588_comm_C0_DEFAULT_N2048_q16_rep3,COMM_ONLY,RCCL,C0_DEFAULT,2048,2048,2048,16,3,80,0,PASS,156.800,153.440,1812.961,1868.640,1862.880,3514.561,1874.401,1868.800,3520.321,0.000,0.000,0.000,0.000,0.000,0.000,0.000,0.000,0.000,1880.081,1874.560,3525.921
case589_comm_C0_DEFAULT_N2048_q16_rep4,COMM_ONLY,RCCL,C0_DEFAULT,2048,2048,2048,16,4,80,0,PASS,157.360,154.240,163.040,1869.040,1863.359,1876.640,1874.800,1869.279,1882.400,0.000,0.000,0.000,0.000,0.000,0.000,0.000,0.000,0.000,1880.480,1874.879,1888.160
case590_comm_C0_DEFAULT_N2048_q16_rep5,COMM_ONLY,RCCL,C0_DEFAULT,2048,2048,2048,16,5,80,0,PASS,153.760,151.200,163.360,1865.840,1860.959,1875.040,1872.001,1867.359,1881.280,0.000,0.000,0.000,0.000,0.000,0.000,0.000,0.000,0.000,1877.919,1872.959,1888.480
case591_gemm_C0_DEFAULT_N2048_q16_rep1,GEMM_ONLY,RCCL,C0_DEFAULT,2048,2048,2048,16,1,80,0,PASS,0.000,0.000,0.000,0.000,0.000,0.000,6098.721,6068.001,6140.962,213.439,212.160,214.560,6092.561,6062.081,6134.402,5879.362,5850.241,5920.161,6104.721,6073.761,6147.362
case592_gemm_C0_DEFAULT_N2048_q16_rep2,GEMM_ONLY,RCCL,C0_DEFAULT,2048,2048,2048,16,2,80,0,PASS,0.000,0.000,0.000,0.000,0.000,0.000,6086.002,6042.882,6112.001,216.559,215.520,217.280,6079.441,6037.122,6105.441,5865.761,5824.802,5893.760,6092.322,6048.642,6118.401
case593_gemm_C0_DEFAULT_N2048_q16_rep3,GEMM_ONLY,RCCL,C0_DEFAULT,2048,2048,2048,16,3,80,0,PASS,0.000,0.000,0.000,0.000,0.000,0.000,6080.561,6049.922,6120.802,215.840,214.720,217.120,6074.001,6044.002,6114.242,5859.361,5830.722,5901.442,6086.641,6055.522,6127.202
case594_gemm_C0_DEFAULT_N2048_q16_rep4,GEMM_ONLY,RCCL,C0_DEFAULT,2048,2048,2048,16,4,80,0,PASS,0.000,0.000,0.000,0.000,0.000,0.000,6128.082,6084.484,6165.444,216.800,215.680,218.240,6121.522,6078.564,6158.884,5903.362,5862.883,5942.723,6134.322,6090.244,6171.844
case595_gemm_C0_DEFAULT_N2048_q16_rep5,GEMM_ONLY,RCCL,C0_DEFAULT,2048,2048,2048,16,5,80,0,PASS,0.000,0.000,0.000,0.000,0.000,0.000,6078.326,6051.204,6123.526,217.280,216.320,218.400,6072.406,6045.284,6116.806,5858.483,5830.724,5901.125,6084.006,6056.804,6129.766
case596_rs_C0_DEFAULT_N2048_q16_rep1,RS_SLICE_SERIAL,RCCL,C0_DEFAULT,2048,2048,2048,16,1,80,0,PASS,173.520,170.400,182.400,7594.082,7569.282,7619.206,7600.324,7575.362,7625.126,224.000,223.200,227.040,7962.002,7935.842,7988.327,7738.644,7714.882,7763.842,7967.602,7941.442,7993.927
case597_rs_C0_DEFAULT_N2048_q16_rep2,RS_SLICE_SERIAL,RCCL,C0_DEFAULT,2048,2048,2048,16,2,80,0,PASS,173.920,169.120,182.720,7577.997,7560.318,7599.837,7584.237,7566.558,7606.077,224.239,223.360,226.880,7946.317,7928.155,7970.875,7723.278,7704.474,7746.238,7951.996,7933.755,7976.475
case598_rs_C0_DEFAULT_N2048_q16_rep3,RS_SLICE_SERIAL,RCCL,C0_DEFAULT,2048,2048,2048,16,3,80,0,PASS,174.960,171.360,183.040,7595.516,7573.600,7624.157,7601.596,7579.680,7630.397,222.720,220.480,223.840,7968.794,7946.400,7996.158,7748.238,7726.874,7775.678,7974.394,7952.000,8001.918
case599_rs_C0_DEFAULT_N2048_q16_rep4,RS_SLICE_SERIAL,RCCL,C0_DEFAULT,2048,2048,2048,16,4,80,0,PASS,172.320,169.120,178.240,7570.474,7550.234,7593.114,7576.633,7556.474,7599.194,224.000,222.880,227.040,7940.634,7919.673,7964.634,7717.118,7695.513,7740.314,7946.314,7925.273,7970.394
case600_rs_C0_DEFAULT_N2048_q16_rep5,RS_SLICE_SERIAL,RCCL,C0_DEFAULT,2048,2048,2048,16,5,80,0,PASS,172.320,168.480,178.559,7567.593,7546.874,7595.514,7573.673,7553.274,7601.914,223.680,222.720,226.399,7937.352,7915.511,7964.951,7715.834,7693.911,7741.751,7943.111,7921.271,7970.551
case601_r1_C0_DEFAULT_N2048_q16_rep1,R1_EVENT_OVERLAP,RCCL,C0_DEFAULT,2048,2048,2048,16,1,80,0,PASS,169.280,165.918,172.640,3539.038,3470.557,3624.798,3546.318,3477.917,3631.838,225.120,222.559,227.360,6814.953,6753.755,6891.034,6591.354,6531.832,6668.314,6820.633,6759.515,6896.794
case602_r1_C0_DEFAULT_N2048_q16_rep2,R1_EVENT_OVERLAP,RCCL,C0_DEFAULT,2048,2048,2048,16,2,80,0,PASS,170.240,167.519,175.040,3535.836,3471.834,3644.795,3543.276,3478.874,3651.995,224.640,222.880,227.520,6813.833,6761.272,6892.472,6591.832,6538.872,6670.552,6819.592,6766.872,6898.072
case603_r1_C0_DEFAULT_N2048_q16_rep3,R1_EVENT_OVERLAP,RCCL,C0_DEFAULT,2048,2048,2048,16,3,80,0,PASS,169.680,166.880,174.559,3525.835,3468.474,3621.434,3532.635,3475.514,3628.474,225.760,224.480,228.159,6808.550,6752.152,6895.512,6587.272,6530.072,6672.952,6814.149,6757.912,6901.272
case604_r1_C0_DEFAULT_N2048_q16_rep4,R1_EVENT_OVERLAP,RCCL,C0_DEFAULT,2048,2048,2048,16,4,80,0,PASS,170.560,166.720,176.960,3528.393,3453.754,3647.833,3536.393,3461.113,3659.193,225.679,224.800,229.120,6799.507,6740.946,6898.550,6577.988,6521.746,6642.229,6805.187,6746.546,6904.310
case605_r1_C0_DEFAULT_N2048_q16_rep5,R1_EVENT_OVERLAP,RCCL,C0_DEFAULT,2048,2048,2048,16,5,80,0,PASS,167.440,163.359,174.719,3547.836,3487.357,3659.835,3555.196,3494.077,3667.195,226.000,224.800,229.120,6831.273,6777.595,6906.396,6607.194,6552.474,6683.356,6837.113,6783.355,6911.996
case606_dc_C0_DEFAULT_N2048_q16_rep1,DC_PUSHSIG_ONLY,DUSHMEM,C0_DEFAULT,2048,2048,2048,16,1,80,0,PASS,696.880,563.039,19625.908,17580.306,7528.155,28450.221,17350.784,7486.715,18728.949,0.000,0.000,0.000,0.000,0.000,0.000,0.000,0.000,0.000,17593.425,7541.435,28455.980
case607_dc_C0_DEFAULT_N2048_q16_rep2,DC_PUSHSIG_ONLY,DUSHMEM,C0_DEFAULT,2048,2048,2048,16,2,80,0,PASS,622.160,558.718,17585.588,17498.950,7512.155,27782.859,17311.345,7438.075,17723.826,0.000,0.000,0.000,0.000,0.000,0.000,0.000,0.000,0.000,17512.711,7523.035,27789.262
case608_dc_C0_DEFAULT_N2048_q16_rep3,DC_PUSHSIG_ONLY,DUSHMEM,C0_DEFAULT,2048,2048,2048,16,3,80,0,PASS,657.680,546.720,17694.068,17334.706,7451.835,26422.713,17149.516,7376.156,17607.035,0.000,0.000,0.000,0.000,0.000,0.000,0.000,0.000,0.000,17346.947,7467.515,26428.312
case609_dc_C0_DEFAULT_N2048_q16_rep4,DC_PUSHSIG_ONLY,DUSHMEM,C0_DEFAULT,2048,2048,2048,16,4,80,0,PASS,705.120,566.560,18695.668,17375.759,7428.000,26858.699,17303.194,7347.039,18886.236,0.000,0.000,0.000,0.000,0.000,0.000,0.000,0.000,0.000,17389.111,7444.000,26864.461
case610_dc_C0_DEFAULT_N2048_q16_rep5,DC_PUSHSIG_ONLY,DUSHMEM,C0_DEFAULT,2048,2048,2048,16,5,80,0,PASS,3959.758,566.240,17349.748,17433.510,7533.758,26027.820,17156.069,7517.918,19525.105,0.000,0.000,0.000,0.000,0.000,0.000,0.000,0.000,0.000,17446.151,7545.118,26041.580
case611_ds_C0_DEFAULT_N2048_q16_rep1,DS_PUSHSIG_SERIAL,DUSHMEM,C0_DEFAULT,2048,2048,2048,16,1,80,0,PASS,613.439,592.320,3544.478,26442.626,22065.111,40684.148,30395.908,22976.801,41403.840,619.279,598.080,3551.198,26903.901,22451.992,41081.590,26315.262,21836.465,36732.297,30407.268,22978.881,41405.918
case612_ds_C0_DEFAULT_N2048_q16_rep2,DS_PUSHSIG_SERIAL,DUSHMEM,C0_DEFAULT,2048,2048,2048,16,2,80,0,PASS,610.240,595.040,749.759,27400.474,22137.271,36452.641,29479.190,23731.352,37561.730,616.160,600.800,756.159,27789.675,22512.793,36826.883,27133.432,21903.672,35825.098,29488.151,23742.873,37571.168
case613_ds_C0_DEFAULT_N2048_q16_rep3,DS_PUSHSIG_SERIAL,DUSHMEM,C0_DEFAULT,2048,2048,2048,16,3,80,0,PASS,616.240,592.798,9688.957,26003.111,21203.199,37067.668,29439.510,22977.432,37552.469,622.160,598.558,9695.997,26382.872,22420.951,37440.309,25831.986,21841.904,34042.059,29448.711,22980.473,37555.508
case614_ds_C0_DEFAULT_N2048_q16_rep4,DS_PUSHSIG_SERIAL,DUSHMEM,C0_DEFAULT,2048,2048,2048,16,4,80,0,PASS,611.120,602.080,2274.559,27053.671,22127.191,37960.457,29332.632,22651.191,38499.508,618.080,608.640,2281.439,27429.272,22510.234,38319.176,26799.827,21896.473,33961.602,29339.192,22659.672,38503.824
case615_ds_C0_DEFAULT_N2048_q16_rep5,DS_PUSHSIG_SERIAL,DUSHMEM,C0_DEFAULT,2048,2048,2048,16,5,80,0,PASS,615.679,605.760,3492.318,26254.702,23058.707,44416.949,29079.426,24041.102,44898.871,622.160,611.520,3499.198,26627.263,23431.984,44783.672,26038.543,22846.545,36964.293,29084.627,24049.742,44907.352
case616_d1_C0_DEFAULT_N2048_q16_rep1,D1_PUSHSIG_OVERLAP,DUSHMEM,C0_DEFAULT,2048,2048,2048,16,1,80,0,PASS,624.240,609.440,6657.598,26815.281,22862.396,40344.156,29441.192,24093.264,43690.391,630.480,615.200,6664.478,27187.680,23230.717,40718.559,26562.160,22649.104,38057.273,29448.471,24101.424,43693.434
case617_d1_C0_DEFAULT_N2048_q16_rep2,D1_PUSHSIG_OVERLAP,DUSHMEM,C0_DEFAULT,2048,2048,2048,16,2,80,0,PASS,618.400,607.840,1380.160,28184.226,21824.152,36555.508,29984.391,23317.432,37128.953,624.400,613.600,1385.920,28569.906,22218.072,36941.109,27909.185,21608.312,34964.641,29995.032,23327.514,37135.031
case618_d1_C0_DEFAULT_N2048_q16_rep3,D1_PUSHSIG_OVERLAP,DUSHMEM,C0_DEFAULT,2048,2048,2048,16,3,80,0,PASS,646.239,611.359,739.360,25972.870,22006.074,38692.789,28534.469,23188.145,39627.832,652.079,617.119,745.760,26614.236,22388.305,39082.234,26049.675,21726.389,34183.340,28543.270,23199.984,39638.234
case619_d1_C0_DEFAULT_N2048_q16_rep4,D1_PUSHSIG_OVERLAP,DUSHMEM,C0_DEFAULT,2048,2048,2048,16,4,80,0,PASS,640.320,613.440,700.160,27247.107,22111.354,37317.734,29816.720,22617.432,37805.574,646.560,619.680,706.240,27622.787,22490.232,37689.410,27010.381,21863.193,37023.816,29823.200,22623.352,37811.812
case620_d1_C0_DEFAULT_N2048_q16_rep5,D1_PUSHSIG_OVERLAP,DUSHMEM,C0_DEFAULT,2048,2048,2048,16,5,80,0,PASS,629.920,611.520,4988.637,26875.919,22094.385,39273.281,29215.429,23381.918,39787.680,636.160,617.280,4995.517,27599.590,22472.943,39663.359,26973.191,21853.586,34420.801,29227.351,23393.598,39797.117
case621_d1w_C0_DEFAULT_N2048_q16_rep1,D1W_WAITSTREAM_OVERLAP,DUSHMEM,C0_DEFAULT,2048,2048,2048,16,1,80,0,PASS,616.000,596.640,6552.318,27370.552,22277.906,39178.527,29862.396,23805.744,39695.008,646.159,625.440,6583.038,27759.514,22668.783,39570.051,26931.502,22038.391,37451.672,29871.596,23807.984,39704.289
case622_d1w_C0_DEFAULT_N2048_q16_rep2,D1W_WAITSTREAM_OVERLAP,DUSHMEM,C0_DEFAULT,2048,2048,2048,16,2,80,0,PASS,618.080,603.200,3952.639,27288.225,22357.271,41895.840,30202.225,24006.555,42405.602,647.360,632.160,5976.797,27682.945,22747.672,42287.359,27080.791,22079.984,37238.535,30209.824,24015.676,42411.203
case623_d1w_C0_DEFAULT_N2048_q16_rep3,D1W_WAITSTREAM_OVERLAP,DUSHMEM,C0_DEFAULT,2048,2048,2048,16,3,80,0,PASS,597.920,583.520,10373.112,29350.870,22288.152,42302.691,32172.237,24731.191,42802.211,626.960,612.160,10423.993,29744.070,22684.152,42687.012,28983.098,22053.752,37252.789,32177.279,24739.672,42809.570
case624_d1w_C0_DEFAULT_N2048_q16_rep4,D1W_WAITSTREAM_OVERLAP,DUSHMEM,C0_DEFAULT,2048,2048,2048,16,4,80,0,PASS,632.000,602.239,10568.479,28325.434,23246.391,42970.867,31540.864,23836.311,44160.117,666.720,630.559,10597.120,28721.990,23634.232,43356.305,28097.671,22983.682,35491.336,31548.385,23843.832,44168.441
case625_d1w_C0_DEFAULT_N2048_q16_rep5,D1W_WAITSTREAM_OVERLAP,DUSHMEM,C0_DEFAULT,2048,2048,2048,16,5,80,0,PASS,616.320,595.040,12430.550,29282.386,22229.912,46211.023,30311.348,23075.191,46731.184,644.880,623.520,12481.910,29685.746,22624.471,46605.582,29068.790,21985.279,37803.668,30319.028,23084.312,46739.984
case626_comm_C0_DEFAULT_N4096_q16_rep1,COMM_ONLY,RCCL,C0_DEFAULT,2048,4096,2048,16,1,80,0,PASS,158.480,155.200,162.240,1914.479,1909.119,1925.918,1920.319,1914.879,1931.678,0.000,0.000,0.000,0.000,0.000,0.000,0.000,0.000,0.000,1925.999,1920.638,1937.278
case627_comm_C0_DEFAULT_N4096_q16_rep2,COMM_ONLY,RCCL,C0_DEFAULT,2048,4096,2048,16,2,80,0,PASS,157.120,154.560,161.440,1912.479,1906.558,1917.919,1918.398,1912.478,1923.679,0.000,0.000,0.000,0.000,0.000,0.000,0.000,0.000,0.000,1923.999,1918.080,1929.119
case628_comm_C0_DEFAULT_N4096_q16_rep3,COMM_ONLY,RCCL,C0_DEFAULT,2048,4096,2048,16,3,80,0,PASS,154.640,152.000,156.960,1911.040,1905.120,1920.640,1916.959,1911.039,1926.560,0.000,0.000,0.000,0.000,0.000,0.000,0.000,0.000,0.000,1922.639,1916.799,1932.320
case629_comm_C0_DEFAULT_N4096_q16_rep4,COMM_ONLY,RCCL,C0_DEFAULT,2048,4096,2048,16,4,80,0,PASS,155.040,152.160,159.840,1911.280,1905.280,1918.241,1917.120,1911.200,1924.161,0.000,0.000,0.000,0.000,0.000,0.000,0.000,0.000,0.000,1922.801,1916.960,1929.761
case630_comm_C0_DEFAULT_N4096_q16_rep5,COMM_ONLY,RCCL,C0_DEFAULT,2048,4096,2048,16,5,80,0,PASS,156.080,153.600,160.960,1913.919,1908.639,1921.600,1919.679,1914.559,1927.360,0.000,0.000,0.000,0.000,0.000,0.000,0.000,0.000,0.000,1925.279,1920.159,1932.960
case631_comm_C2_RING_SIMPLE_CH8_N4096_q16_rep1,COMM_ONLY,RCCL,C2_RING_SIMPLE_CH8,2048,4096,2048,16,1,80,0,PASS,187.520,184.800,196.800,2356.878,2351.678,2366.878,2362.719,2357.438,2372.798,0.000,0.000,0.000,0.000,0.000,0.000,0.000,0.000,0.000,2368.479,2363.358,2378.398
case632_comm_C2_RING_SIMPLE_CH8_N4096_q16_rep2,COMM_ONLY,RCCL,C2_RING_SIMPLE_CH8,2048,4096,2048,16,2,80,0,PASS,184.400,182.240,187.040,2350.559,2345.920,2376.800,2356.718,2351.840,2383.680,0.000,0.000,0.000,0.000,0.000,0.000,0.000,0.000,0.000,2362.399,2357.440,2390.399
case633_comm_C2_RING_SIMPLE_CH8_N4096_q16_rep3,COMM_ONLY,RCCL,C2_RING_SIMPLE_CH8,2048,4096,2048,16,3,80,0,PASS,185.040,183.200,192.320,2354.959,2350.239,2364.959,2360.720,2355.999,2371.519,0.000,0.000,0.000,0.000,0.000,0.000,0.000,0.000,0.000,2366.319,2361.599,2377.919
case634_comm_C2_RING_SIMPLE_CH8_N4096_q16_rep4,COMM_ONLY,RCCL,C2_RING_SIMPLE_CH8,2048,4096,2048,16,4,80,0,PASS,184.960,182.560,200.160,2353.198,2348.320,2378.718,2359.519,2354.240,2385.598,0.000,0.000,0.000,0.000,0.000,0.000,0.000,0.000,0.000,2365.279,2359.840,2391.838
case635_comm_C2_RING_SIMPLE_CH8_N4096_q16_rep5,COMM_ONLY,RCCL,C2_RING_SIMPLE_CH8,2048,4096,2048,16,5,80,0,PASS,186.159,183.680,190.560,2352.158,2347.678,2380.479,2358.079,2353.598,2386.239,0.000,0.000,0.000,0.000,0.000,0.000,0.000,0.000,0.000,2363.759,2359.198,2392.478
case636_r1_C0_DEFAULT_N4096_q16_rep1,R1_EVENT_OVERLAP,RCCL,C0_DEFAULT,2048,4096,2048,16,1,80,0,PASS,170.239,167.040,177.920,4203.758,4040.958,5161.118,4210.638,4047.997,5185.438,442.880,441.280,446.080,12251.997,12194.080,12316.957,11809.035,11753.120,11875.837,12257.676,12199.681,12322.717
case637_r1_C0_DEFAULT_N4096_q16_rep2,R1_EVENT_OVERLAP,RCCL,C0_DEFAULT,2048,4096,2048,16,2,80,0,PASS,169.440,165.918,176.800,4394.958,4057.281,4912.638,4417.679,4064.959,4919.678,444.639,443.360,448.640,12254.558,12201.276,12340.637,11812.558,11760.478,11899.195,12260.238,12207.037,12346.396
case638_r1_C0_DEFAULT_N4096_q16_rep3,R1_EVENT_OVERLAP,RCCL,C0_DEFAULT,2048,4096,2048,16,3,80,0,PASS,168.799,165.439,175.680,4227.595,4059.357,4884.637,4234.796,4066.875,4891.357,445.278,443.519,448.160,12257.430,12194.546,12329.426,11813.592,11750.867,11884.471,12263.112,12200.146,12335.826
case639_r1_C0_DEFAULT_N4096_q16_rep4,R1_EVENT_OVERLAP,RCCL,C0_DEFAULT,2048,4096,2048,16,4,80,0,PASS,170.320,166.560,180.640,4215.197,4034.559,4875.676,4222.236,4042.079,4882.876,445.440,444.320,449.760,12249.029,12196.471,12307.191,11806.631,11755.671,11865.912,12254.789,12202.230,12312.792
case640_r1_C0_DEFAULT_N4096_q16_rep5,R1_EVENT_OVERLAP,RCCL,C0_DEFAULT,2048,4096,2048,16,5,80,0,PASS,168.080,165.280,174.879,4202.876,4054.236,4914.393,4209.916,4061.436,4921.593,445.839,444.479,450.080,12259.507,12212.153,12341.110,11816.230,11770.390,11897.910,12265.192,12217.913,12346.870
case641_r1_C2_RING_SIMPLE_CH8_N4096_q16_rep1,R1_EVENT_OVERLAP,RCCL,C2_RING_SIMPLE_CH8,2048,4096,2048,16,1,80,0,PASS,197.359,191.679,224.160,5083.912,4660.475,5527.990,5090.871,4667.035,5535.030,445.999,444.159,448.479,12325.581,12251.343,12416.788,11881.424,11807.347,11972.464,12331.341,12257.103,12423.184
case642_r1_C2_RING_SIMPLE_CH8_N4096_q16_rep2,R1_EVENT_OVERLAP,RCCL,C2_RING_SIMPLE_CH8,2048,4096,2048,16,2,80,0,PASS,196.079,184.480,208.000,4977.753,4663.833,5356.311,4984.474,4670.873,5363.671,446.000,444.639,449.119,12328.625,12264.946,12403.505,11885.343,11819.979,11958.387,12334.385,12270.706,12409.265
case643_r1_C2_RING_SIMPLE_CH8_N4096_q16_rep3,R1_EVENT_OVERLAP,RCCL,C2_RING_SIMPLE_CH8,2048,4096,2048,16,3,80,0,PASS,194.879,186.880,203.200,4967.593,4654.712,5285.434,4974.153,4661.272,5303.673,446.719,445.439,449.920,12317.421,12246.538,12393.424,11872.062,11801.902,11947.344,12323.181,12252.299,12399.185
case644_r1_C2_RING_SIMPLE_CH8_N4096_q16_rep4,R1_EVENT_OVERLAP,RCCL,C2_RING_SIMPLE_CH8,2048,4096,2048,16,4,80,0,PASS,194.960,184.480,204.800,5106.311,4678.232,5611.511,5116.231,4685.112,5618.231,446.879,445.759,449.439,12325.416,12249.575,12432.623,11880.299,11804.942,11990.863,12331.016,12255.336,12438.223
case645_r1_C2_RING_SIMPLE_CH8_N4096_q16_rep5,R1_EVENT_OVERLAP,RCCL,C2_RING_SIMPLE_CH8,2048,4096,2048,16,5,80,0,PASS,197.679,194.560,208.638,5106.872,4650.711,5466.710,5116.233,4658.071,5473.910,446.558,445.279,449.440,12323.100,12257.261,12410.060,11880.297,11809.098,11962.701,12328.860,12262.861,12415.820
