csv_path,case_id,collective,ranks,size_bytes,datatype,time_us,algbw_gbps,busbw_gbps,wrong_count,status
/root/private_data/lyc/2ndpaper/results/k500sm_ai_gfx928_2gpu/20260825T104341Z/csv/2gpu_r1_allgather_1M_default.csv,2gpu_r1_allgather_1M_default,AllGather,2,1048576,float,94.804080,11.060452,5.530226,0,0
/root/private_data/lyc/2ndpaper/results/k500sm_ai_gfx928_2gpu/20260825T104341Z/csv/2gpu_r1_allgather_1M_ring_ll.csv,2gpu_r1_allgather_1M_ring_ll,AllGather,2,1048576,float,388.097320,2.701838,1.350919,0,0
/root/private_data/lyc/2ndpaper/results/k500sm_ai_gfx928_2gpu/20260825T104341Z/csv/2gpu_r1_allgather_1M_ring_simple.csv,2gpu_r1_allgather_1M_ring_simple,AllGather,2,1048576,float,94.571280,11.087679,5.543840,0,0
/root/private_data/lyc/2ndpaper/results/k500sm_ai_gfx928_2gpu/20260825T104341Z/csv/2gpu_r1_allgather_1M_tree_ll.csv,2gpu_r1_allgather_1M_tree_ll,AllGather,2,1048576,float,387.864180,2.703462,1.351731,0,0
/root/private_data/lyc/2ndpaper/results/k500sm_ai_gfx928_2gpu/20260825T104341Z/csv/2gpu_r1_allgather_1M_tree_simple.csv,2gpu_r1_allgather_1M_tree_simple,AllGather,2,1048576,float,94.581360,11.086497,5.543249,0,0
/root/private_data/lyc/2ndpaper/results/k500sm_ai_gfx928_2gpu/20260825T104341Z/csv/2gpu_r1_allgather_64K_default.csv,2gpu_r1_allgather_64K_default,AllGather,2,65536,float,48.100060,1.362493,0.681247,0,0
/root/private_data/lyc/2ndpaper/results/k500sm_ai_gfx928_2gpu/20260825T104341Z/csv/2gpu_r1_allgather_64K_ring_ll.csv,2gpu_r1_allgather_64K_ring_ll,AllGather,2,65536,float,47.932240,1.367263,0.683632,0,0
/root/private_data/lyc/2ndpaper/results/k500sm_ai_gfx928_2gpu/20260825T104341Z/csv/2gpu_r1_allgather_64K_ring_simple.csv,2gpu_r1_allgather_64K_ring_simple,AllGather,2,65536,float,48.241840,1.358489,0.679244,0,0
/root/private_data/lyc/2ndpaper/results/k500sm_ai_gfx928_2gpu/20260825T104341Z/csv/2gpu_r1_allgather_64K_tree_ll.csv,2gpu_r1_allgather_64K_tree_ll,AllGather,2,65536,float,48.068240,1.363395,0.681698,0,0
/root/private_data/lyc/2ndpaper/results/k500sm_ai_gfx928_2gpu/20260825T104341Z/csv/2gpu_r1_allgather_64K_tree_simple.csv,2gpu_r1_allgather_64K_tree_simple,AllGather,2,65536,float,48.268640,1.357735,0.678867,0,0
/root/private_data/lyc/2ndpaper/results/k500sm_ai_gfx928_2gpu/20260825T104341Z/csv/2gpu_r1_allgather_64M_default.csv,2gpu_r1_allgather_64M_default,AllGather,2,67108864,float,3325.839860,20.178020,10.089010,0,0
/root/private_data/lyc/2ndpaper/results/k500sm_ai_gfx928_2gpu/20260825T104341Z/csv/2gpu_r1_allgather_64M_ring_ll.csv,2gpu_r1_allgather_64M_ring_ll,AllGather,2,67108864,float,23997.643000,2.796477,1.398239,0,0
/root/private_data/lyc/2ndpaper/results/k500sm_ai_gfx928_2gpu/20260825T104341Z/csv/2gpu_r1_allgather_64M_ring_simple.csv,2gpu_r1_allgather_64M_ring_simple,AllGather,2,67108864,float,3331.432660,20.144145,10.072073,0,0
/root/private_data/lyc/2ndpaper/results/k500sm_ai_gfx928_2gpu/20260825T104341Z/csv/2gpu_r1_allgather_64M_tree_ll.csv,2gpu_r1_allgather_64M_tree_ll,AllGather,2,67108864,float,23946.806240,2.802414,1.401207,0,0
/root/private_data/lyc/2ndpaper/results/k500sm_ai_gfx928_2gpu/20260825T104341Z/csv/2gpu_r1_allgather_64M_tree_simple.csv,2gpu_r1_allgather_64M_tree_simple,AllGather,2,67108864,float,3323.438160,20.192602,10.096301,0,0
/root/private_data/lyc/2ndpaper/results/k500sm_ai_gfx928_2gpu/20260825T104341Z/csv/2gpu_r1_allgather_8M_default.csv,2gpu_r1_allgather_8M_default,AllGather,2,8388608,float,456.728280,18.366737,9.183368,0,0
/root/private_data/lyc/2ndpaper/results/k500sm_ai_gfx928_2gpu/20260825T104341Z/csv/2gpu_r1_allgather_8M_ring_ll.csv,2gpu_r1_allgather_8M_ring_ll,AllGather,2,8388608,float,3006.652520,2.790016,1.395008,0,0
/root/private_data/lyc/2ndpaper/results/k500sm_ai_gfx928_2gpu/20260825T104341Z/csv/2gpu_r1_allgather_8M_ring_simple.csv,2gpu_r1_allgather_8M_ring_simple,AllGather,2,8388608,float,456.515560,18.375295,9.187647,0,0
/root/private_data/lyc/2ndpaper/results/k500sm_ai_gfx928_2gpu/20260825T104341Z/csv/2gpu_r1_allgather_8M_tree_ll.csv,2gpu_r1_allgather_8M_tree_ll,AllGather,2,8388608,float,3009.903880,2.787002,1.393501,0,0
/root/private_data/lyc/2ndpaper/results/k500sm_ai_gfx928_2gpu/20260825T104341Z/csv/2gpu_r1_allgather_8M_tree_simple.csv,2gpu_r1_allgather_8M_tree_simple,AllGather,2,8388608,float,456.451760,18.377863,9.188932,0,0
/root/private_data/lyc/2ndpaper/results/k500sm_ai_gfx928_2gpu/20260825T104341Z/csv/2gpu_r1_allreduce_1M_default.csv,2gpu_r1_allreduce_1M_default,AllReduce,2,1048576,float,143.237740,7.320529,7.320529,0,0
/root/private_data/lyc/2ndpaper/results/k500sm_ai_gfx928_2gpu/20260825T104341Z/csv/2gpu_r1_allreduce_1M_ring_ll.csv,2gpu_r1_allreduce_1M_ring_ll,AllReduce,2,1048576,float,373.242760,2.809367,2.809367,0,0
/root/private_data/lyc/2ndpaper/results/k500sm_ai_gfx928_2gpu/20260825T104341Z/csv/2gpu_r1_allreduce_1M_ring_simple.csv,2gpu_r1_allreduce_1M_ring_simple,AllReduce,2,1048576,float,143.379540,7.313289,7.313289,0,0
/root/private_data/lyc/2ndpaper/results/k500sm_ai_gfx928_2gpu/20260825T104341Z/csv/2gpu_r1_allreduce_1M_tree_ll.csv,2gpu_r1_allreduce_1M_tree_ll,AllReduce,2,1048576,float,387.618760,2.705174,2.705174,0,0
/root/private_data/lyc/2ndpaper/results/k500sm_ai_gfx928_2gpu/20260825T104341Z/csv/2gpu_r1_allreduce_1M_tree_simple.csv,2gpu_r1_allreduce_1M_tree_simple,AllReduce,2,1048576,float,218.217620,4.805185,4.805185,0,0
/root/private_data/lyc/2ndpaper/results/k500sm_ai_gfx928_2gpu/20260825T104341Z/csv/2gpu_r1_allreduce_64K_default.csv,2gpu_r1_allreduce_64K_default,AllReduce,2,65536,float,49.624640,1.320634,1.320634,0,0
/root/private_data/lyc/2ndpaper/results/k500sm_ai_gfx928_2gpu/20260825T104341Z/csv/2gpu_r1_allreduce_64K_ring_ll.csv,2gpu_r1_allreduce_64K_ring_ll,AllReduce,2,65536,float,49.804440,1.315867,1.315867,0,0
/root/private_data/lyc/2ndpaper/results/k500sm_ai_gfx928_2gpu/20260825T104341Z/csv/2gpu_r1_allreduce_64K_ring_simple.csv,2gpu_r1_allreduce_64K_ring_simple,AllReduce,2,65536,float,62.504060,1.048508,1.048508,0,0
/root/private_data/lyc/2ndpaper/results/k500sm_ai_gfx928_2gpu/20260825T104341Z/csv/2gpu_r1_allreduce_64K_tree_ll.csv,2gpu_r1_allreduce_64K_tree_ll,AllReduce,2,65536,float,52.097240,1.257955,1.257955,0,0
/root/private_data/lyc/2ndpaper/results/k500sm_ai_gfx928_2gpu/20260825T104341Z/csv/2gpu_r1_allreduce_64K_tree_simple.csv,2gpu_r1_allreduce_64K_tree_simple,AllReduce,2,65536,float,67.038660,0.977585,0.977585,0,0
/root/private_data/lyc/2ndpaper/results/k500sm_ai_gfx928_2gpu/20260825T104341Z/csv/2gpu_r1_allreduce_64M_default.csv,2gpu_r1_allreduce_64M_default,AllReduce,2,67108864,float,5945.613880,11.287121,11.287121,0,0
/root/private_data/lyc/2ndpaper/results/k500sm_ai_gfx928_2gpu/20260825T104341Z/csv/2gpu_r1_allreduce_64M_ring_ll.csv,2gpu_r1_allreduce_64M_ring_ll,AllReduce,2,67108864,float,23064.982800,2.909556,2.909556,0,0
/root/private_data/lyc/2ndpaper/results/k500sm_ai_gfx928_2gpu/20260825T104341Z/csv/2gpu_r1_allreduce_64M_ring_simple.csv,2gpu_r1_allreduce_64M_ring_simple,AllReduce,2,67108864,float,5928.713660,11.319296,11.319296,0,0
/root/private_data/lyc/2ndpaper/results/k500sm_ai_gfx928_2gpu/20260825T104341Z/csv/2gpu_r1_allreduce_64M_tree_ll.csv,2gpu_r1_allreduce_64M_tree_ll,AllReduce,2,67108864,float,23058.103400,2.910424,2.910424,0,0
/root/private_data/lyc/2ndpaper/results/k500sm_ai_gfx928_2gpu/20260825T104341Z/csv/2gpu_r1_allreduce_64M_tree_simple.csv,2gpu_r1_allreduce_64M_tree_simple,AllReduce,2,67108864,float,9909.417060,6.772231,6.772231,0,0
/root/private_data/lyc/2ndpaper/results/k500sm_ai_gfx928_2gpu/20260825T104341Z/csv/2gpu_r1_allreduce_8M_default.csv,2gpu_r1_allreduce_8M_default,AllReduce,2,8388608,float,787.559940,10.651390,10.651390,0,0
/root/private_data/lyc/2ndpaper/results/k500sm_ai_gfx928_2gpu/20260825T104341Z/csv/2gpu_r1_allreduce_8M_ring_ll.csv,2gpu_r1_allreduce_8M_ring_ll,AllReduce,2,8388608,float,2937.954200,2.855255,2.855255,0,0
/root/private_data/lyc/2ndpaper/results/k500sm_ai_gfx928_2gpu/20260825T104341Z/csv/2gpu_r1_allreduce_8M_ring_simple.csv,2gpu_r1_allreduce_8M_ring_simple,AllReduce,2,8388608,float,787.956740,10.646026,10.646026,0,0
/root/private_data/lyc/2ndpaper/results/k500sm_ai_gfx928_2gpu/20260825T104341Z/csv/2gpu_r1_allreduce_8M_tree_ll.csv,2gpu_r1_allreduce_8M_tree_ll,AllReduce,2,8388608,float,2904.714580,2.887928,2.887928,0,0
/root/private_data/lyc/2ndpaper/results/k500sm_ai_gfx928_2gpu/20260825T104341Z/csv/2gpu_r1_allreduce_8M_tree_simple.csv,2gpu_r1_allreduce_8M_tree_simple,AllReduce,2,8388608,float,1322.417860,6.343387,6.343387,0,0
/root/private_data/lyc/2ndpaper/results/k500sm_ai_gfx928_2gpu/20260825T104341Z/csv/2gpu_r1_reducescatter_1M_default.csv,2gpu_r1_reducescatter_1M_default,ReduceScatter,2,1048576,float,104.458500,10.038207,5.019103,0,0
/root/private_data/lyc/2ndpaper/results/k500sm_ai_gfx928_2gpu/20260825T104341Z/csv/2gpu_r1_reducescatter_1M_ring_ll.csv,2gpu_r1_reducescatter_1M_ring_ll,ReduceScatter,2,1048576,float,228.593420,4.587079,2.293539,0,0
/root/private_data/lyc/2ndpaper/results/k500sm_ai_gfx928_2gpu/20260825T104341Z/csv/2gpu_r1_reducescatter_1M_ring_simple.csv,2gpu_r1_reducescatter_1M_ring_simple,ReduceScatter,2,1048576,float,104.616500,10.023046,5.011523,0,0
/root/private_data/lyc/2ndpaper/results/k500sm_ai_gfx928_2gpu/20260825T104341Z/csv/2gpu_r1_reducescatter_1M_tree_ll.csv,2gpu_r1_reducescatter_1M_tree_ll,ReduceScatter,2,1048576,float,231.817040,4.523291,2.261646,0,0
/root/private_data/lyc/2ndpaper/results/k500sm_ai_gfx928_2gpu/20260825T104341Z/csv/2gpu_r1_reducescatter_1M_tree_simple.csv,2gpu_r1_reducescatter_1M_tree_simple,ReduceScatter,2,1048576,float,104.608100,10.023851,5.011925,0,0
/root/private_data/lyc/2ndpaper/results/k500sm_ai_gfx928_2gpu/20260825T104341Z/csv/2gpu_r1_reducescatter_64K_default.csv,2gpu_r1_reducescatter_64K_default,ReduceScatter,2,65536,float,38.342840,1.709211,0.854605,0,0
/root/private_data/lyc/2ndpaper/results/k500sm_ai_gfx928_2gpu/20260825T104341Z/csv/2gpu_r1_reducescatter_64K_ring_ll.csv,2gpu_r1_reducescatter_64K_ring_ll,ReduceScatter,2,65536,float,38.422040,1.705688,0.852844,0,0
/root/private_data/lyc/2ndpaper/results/k500sm_ai_gfx928_2gpu/20260825T104341Z/csv/2gpu_r1_reducescatter_64K_ring_simple.csv,2gpu_r1_reducescatter_64K_ring_simple,ReduceScatter,2,65536,float,50.927860,1.286840,0.643420,0,0
/root/private_data/lyc/2ndpaper/results/k500sm_ai_gfx928_2gpu/20260825T104341Z/csv/2gpu_r1_reducescatter_64K_tree_ll.csv,2gpu_r1_reducescatter_64K_tree_ll,ReduceScatter,2,65536,float,38.407820,1.706319,0.853160,0,0
/root/private_data/lyc/2ndpaper/results/k500sm_ai_gfx928_2gpu/20260825T104341Z/csv/2gpu_r1_reducescatter_64K_tree_simple.csv,2gpu_r1_reducescatter_64K_tree_simple,ReduceScatter,2,65536,float,51.304660,1.277389,0.638694,0,0
/root/private_data/lyc/2ndpaper/results/k500sm_ai_gfx928_2gpu/20260825T104341Z/csv/2gpu_r1_reducescatter_64M_default.csv,2gpu_r1_reducescatter_64M_default,ReduceScatter,2,67108864,float,3642.714280,18.422764,9.211382,0,0
/root/private_data/lyc/2ndpaper/results/k500sm_ai_gfx928_2gpu/20260825T104341Z/csv/2gpu_r1_reducescatter_64M_ring_ll.csv,2gpu_r1_reducescatter_64M_ring_ll,ReduceScatter,2,67108864,float,13622.705380,4.926251,2.463125,0,0
/root/private_data/lyc/2ndpaper/results/k500sm_ai_gfx928_2gpu/20260825T104341Z/csv/2gpu_r1_reducescatter_64M_ring_simple.csv,2gpu_r1_reducescatter_64M_ring_simple,ReduceScatter,2,67108864,float,3646.368880,18.404299,9.202150,0,0
/root/private_data/lyc/2ndpaper/results/k500sm_ai_gfx928_2gpu/20260825T104341Z/csv/2gpu_r1_reducescatter_64M_tree_ll.csv,2gpu_r1_reducescatter_64M_tree_ll,ReduceScatter,2,67108864,float,13633.667200,4.922290,2.461145,0,0
/root/private_data/lyc/2ndpaper/results/k500sm_ai_gfx928_2gpu/20260825T104341Z/csv/2gpu_r1_reducescatter_64M_tree_simple.csv,2gpu_r1_reducescatter_64M_tree_simple,ReduceScatter,2,67108864,float,3653.015280,18.370814,9.185407,0,0
/root/private_data/lyc/2ndpaper/results/k500sm_ai_gfx928_2gpu/20260825T104341Z/csv/2gpu_r1_reducescatter_8M_default.csv,2gpu_r1_reducescatter_8M_default,ReduceScatter,2,8388608,float,500.133480,16.772738,8.386369,0,0
/root/private_data/lyc/2ndpaper/results/k500sm_ai_gfx928_2gpu/20260825T104341Z/csv/2gpu_r1_reducescatter_8M_ring_ll.csv,2gpu_r1_reducescatter_8M_ring_ll,ReduceScatter,2,8388608,float,1711.169240,4.902267,2.451133,0,0
/root/private_data/lyc/2ndpaper/results/k500sm_ai_gfx928_2gpu/20260825T104341Z/csv/2gpu_r1_reducescatter_8M_ring_simple.csv,2gpu_r1_reducescatter_8M_ring_simple,ReduceScatter,2,8388608,float,499.986880,16.777656,8.388828,0,0
/root/private_data/lyc/2ndpaper/results/k500sm_ai_gfx928_2gpu/20260825T104341Z/csv/2gpu_r1_reducescatter_8M_tree_ll.csv,2gpu_r1_reducescatter_8M_tree_ll,ReduceScatter,2,8388608,float,1709.623620,4.906699,2.453349,0,0
/root/private_data/lyc/2ndpaper/results/k500sm_ai_gfx928_2gpu/20260825T104341Z/csv/2gpu_r1_reducescatter_8M_tree_simple.csv,2gpu_r1_reducescatter_8M_tree_simple,ReduceScatter,2,8388608,float,499.107080,16.807231,8.403616,0,0
/root/private_data/lyc/2ndpaper/results/k500sm_ai_gfx928_2gpu/20260825T104341Z/csv/2gpu_r2_allgather_1M_default.csv,2gpu_r2_allgather_1M_default,AllGather,2,1048576,float,94.471680,11.099369,5.549684,0,0
/root/private_data/lyc/2ndpaper/results/k500sm_ai_gfx928_2gpu/20260825T104341Z/csv/2gpu_r2_allgather_1M_ring_ll.csv,2gpu_r2_allgather_1M_ring_ll,AllGather,2,1048576,float,388.251980,2.700762,1.350381,0,0
/root/private_data/lyc/2ndpaper/results/k500sm_ai_gfx928_2gpu/20260825T104341Z/csv/2gpu_r2_allgather_1M_ring_simple.csv,2gpu_r2_allgather_1M_ring_simple,AllGather,2,1048576,float,94.805700,11.060263,5.530132,0,0
/root/private_data/lyc/2ndpaper/results/k500sm_ai_gfx928_2gpu/20260825T104341Z/csv/2gpu_r2_allgather_1M_tree_ll.csv,2gpu_r2_allgather_1M_tree_ll,AllGather,2,1048576,float,388.033260,2.702284,1.351142,0,0
/root/private_data/lyc/2ndpaper/results/k500sm_ai_gfx928_2gpu/20260825T104341Z/csv/2gpu_r2_allgather_1M_tree_simple.csv,2gpu_r2_allgather_1M_tree_simple,AllGather,2,1048576,float,94.700220,11.072583,5.536291,0,0
/root/private_data/lyc/2ndpaper/results/k500sm_ai_gfx928_2gpu/20260825T104341Z/csv/2gpu_r2_allgather_64K_default.csv,2gpu_r2_allgather_64K_default,AllGather,2,65536,float,48.117840,1.361990,0.680995,0,0
/root/private_data/lyc/2ndpaper/results/k500sm_ai_gfx928_2gpu/20260825T104341Z/csv/2gpu_r2_allgather_64K_ring_ll.csv,2gpu_r2_allgather_64K_ring_ll,AllGather,2,65536,float,47.910860,1.367874,0.683937,0,0
/root/private_data/lyc/2ndpaper/results/k500sm_ai_gfx928_2gpu/20260825T104341Z/csv/2gpu_r2_allgather_64K_ring_simple.csv,2gpu_r2_allgather_64K_ring_simple,AllGather,2,65536,float,48.386060,1.354440,0.677220,0,0
/root/private_data/lyc/2ndpaper/results/k500sm_ai_gfx928_2gpu/20260825T104341Z/csv/2gpu_r2_allgather_64K_tree_ll.csv,2gpu_r2_allgather_64K_tree_ll,AllGather,2,65536,float,47.702040,1.373862,0.686931,0,0
/root/private_data/lyc/2ndpaper/results/k500sm_ai_gfx928_2gpu/20260825T104341Z/csv/2gpu_r2_allgather_64K_tree_simple.csv,2gpu_r2_allgather_64K_tree_simple,AllGather,2,65536,float,48.175060,1.360372,0.680186,0,0
/root/private_data/lyc/2ndpaper/results/k500sm_ai_gfx928_2gpu/20260825T104341Z/csv/2gpu_r2_allgather_64M_default.csv,2gpu_r2_allgather_64M_default,AllGather,2,67108864,float,3320.080580,20.213023,10.106511,0,0
/root/private_data/lyc/2ndpaper/results/k500sm_ai_gfx928_2gpu/20260825T104341Z/csv/2gpu_r2_allgather_64M_ring_ll.csv,2gpu_r2_allgather_64M_ring_ll,AllGather,2,67108864,float,23916.361600,2.805981,1.402991,0,0
/root/private_data/lyc/2ndpaper/results/k500sm_ai_gfx928_2gpu/20260825T104341Z/csv/2gpu_r2_allgather_64M_ring_simple.csv,2gpu_r2_allgather_64M_ring_simple,AllGather,2,67108864,float,3323.905680,20.189762,10.094881,0,0
/root/private_data/lyc/2ndpaper/results/k500sm_ai_gfx928_2gpu/20260825T104341Z/csv/2gpu_r2_allgather_64M_tree_ll.csv,2gpu_r2_allgather_64M_tree_ll,AllGather,2,67108864,float,23977.365260,2.798842,1.399421,0,0
/root/private_data/lyc/2ndpaper/results/k500sm_ai_gfx928_2gpu/20260825T104341Z/csv/2gpu_r2_allgather_64M_tree_simple.csv,2gpu_r2_allgather_64M_tree_simple,AllGather,2,67108864,float,3332.775180,20.136031,10.068015,0,0
/root/private_data/lyc/2ndpaper/results/k500sm_ai_gfx928_2gpu/20260825T104341Z/csv/2gpu_r2_allgather_8M_default.csv,2gpu_r2_allgather_8M_default,AllGather,2,8388608,float,456.086140,18.392596,9.196298,0,0
/root/private_data/lyc/2ndpaper/results/k500sm_ai_gfx928_2gpu/20260825T104341Z/csv/2gpu_r2_allgather_8M_ring_ll.csv,2gpu_r2_allgather_8M_ring_ll,AllGather,2,8388608,float,3003.555180,2.792893,1.396446,0,0
/root/private_data/lyc/2ndpaper/results/k500sm_ai_gfx928_2gpu/20260825T104341Z/csv/2gpu_r2_allgather_8M_ring_simple.csv,2gpu_r2_allgather_8M_ring_simple,AllGather,2,8388608,float,466.754500,17.972206,8.986103,0,0
/root/private_data/lyc/2ndpaper/results/k500sm_ai_gfx928_2gpu/20260825T104341Z/csv/2gpu_r2_allgather_8M_tree_ll.csv,2gpu_r2_allgather_8M_tree_ll,AllGather,2,8388608,float,3052.376540,2.748222,1.374111,0,0
/root/private_data/lyc/2ndpaper/results/k500sm_ai_gfx928_2gpu/20260825T104341Z/csv/2gpu_r2_allgather_8M_tree_simple.csv,2gpu_r2_allgather_8M_tree_simple,AllGather,2,8388608,float,455.666160,18.409548,9.204774,0,0
/root/private_data/lyc/2ndpaper/results/k500sm_ai_gfx928_2gpu/20260825T104341Z/csv/2gpu_r2_allreduce_1M_default.csv,2gpu_r2_allreduce_1M_default,AllReduce,2,1048576,float,143.918140,7.285920,7.285920,0,0
/root/private_data/lyc/2ndpaper/results/k500sm_ai_gfx928_2gpu/20260825T104341Z/csv/2gpu_r2_allreduce_1M_ring_ll.csv,2gpu_r2_allreduce_1M_ring_ll,AllReduce,2,1048576,float,372.994560,2.811237,2.811237,0,0
/root/private_data/lyc/2ndpaper/results/k500sm_ai_gfx928_2gpu/20260825T104341Z/csv/2gpu_r2_allreduce_1M_ring_simple.csv,2gpu_r2_allreduce_1M_ring_simple,AllReduce,2,1048576,float,143.527940,7.305727,7.305727,0,0
/root/private_data/lyc/2ndpaper/results/k500sm_ai_gfx928_2gpu/20260825T104341Z/csv/2gpu_r2_allreduce_1M_tree_ll.csv,2gpu_r2_allreduce_1M_tree_ll,AllReduce,2,1048576,float,388.034580,2.702275,2.702275,0,0
/root/private_data/lyc/2ndpaper/results/k500sm_ai_gfx928_2gpu/20260825T104341Z/csv/2gpu_r2_allreduce_1M_tree_simple.csv,2gpu_r2_allreduce_1M_tree_simple,AllReduce,2,1048576,float,218.740400,4.793701,4.793701,0,0
/root/private_data/lyc/2ndpaper/results/k500sm_ai_gfx928_2gpu/20260825T104341Z/csv/2gpu_r2_allreduce_64K_default.csv,2gpu_r2_allreduce_64K_default,AllReduce,2,65536,float,49.964860,1.311642,1.311642,0,0
/root/private_data/lyc/2ndpaper/results/k500sm_ai_gfx928_2gpu/20260825T104341Z/csv/2gpu_r2_allreduce_64K_ring_ll.csv,2gpu_r2_allreduce_64K_ring_ll,AllReduce,2,65536,float,50.028040,1.309985,1.309985,0,0
/root/private_data/lyc/2ndpaper/results/k500sm_ai_gfx928_2gpu/20260825T104341Z/csv/2gpu_r2_allreduce_64K_ring_simple.csv,2gpu_r2_allreduce_64K_ring_simple,AllReduce,2,65536,float,62.205660,1.053538,1.053538,0,0
/root/private_data/lyc/2ndpaper/results/k500sm_ai_gfx928_2gpu/20260825T104341Z/csv/2gpu_r2_allreduce_64K_tree_ll.csv,2gpu_r2_allreduce_64K_tree_ll,AllReduce,2,65536,float,52.150060,1.256681,1.256681,0,0
/root/private_data/lyc/2ndpaper/results/k500sm_ai_gfx928_2gpu/20260825T104341Z/csv/2gpu_r2_allreduce_64K_tree_simple.csv,2gpu_r2_allreduce_64K_tree_simple,AllReduce,2,65536,float,67.108660,0.976565,0.976565,0,0
/root/private_data/lyc/2ndpaper/results/k500sm_ai_gfx928_2gpu/20260825T104341Z/csv/2gpu_r2_allreduce_64M_default.csv,2gpu_r2_allreduce_64M_default,AllReduce,2,67108864,float,5934.328460,11.308586,11.308586,0,0
/root/private_data/lyc/2ndpaper/results/k500sm_ai_gfx928_2gpu/20260825T104341Z/csv/2gpu_r2_allreduce_64M_ring_ll.csv,2gpu_r2_allreduce_64M_ring_ll,AllReduce,2,67108864,float,23053.132980,2.911052,2.911052,0,0
/root/private_data/lyc/2ndpaper/results/k500sm_ai_gfx928_2gpu/20260825T104341Z/csv/2gpu_r2_allreduce_64M_ring_simple.csv,2gpu_r2_allreduce_64M_ring_simple,AllReduce,2,67108864,float,5934.141460,11.308942,11.308942,0,0
/root/private_data/lyc/2ndpaper/results/k500sm_ai_gfx928_2gpu/20260825T104341Z/csv/2gpu_r2_allreduce_64M_tree_ll.csv,2gpu_r2_allreduce_64M_tree_ll,AllReduce,2,67108864,float,23111.917440,2.903648,2.903648,0,0
/root/private_data/lyc/2ndpaper/results/k500sm_ai_gfx928_2gpu/20260825T104341Z/csv/2gpu_r2_allreduce_64M_tree_simple.csv,2gpu_r2_allreduce_64M_tree_simple,AllReduce,2,67108864,float,9866.718020,6.801539,6.801539,0,0
/root/private_data/lyc/2ndpaper/results/k500sm_ai_gfx928_2gpu/20260825T104341Z/csv/2gpu_r2_allreduce_8M_default.csv,2gpu_r2_allreduce_8M_default,AllReduce,2,8388608,float,788.436740,10.639545,10.639545,0,0
/root/private_data/lyc/2ndpaper/results/k500sm_ai_gfx928_2gpu/20260825T104341Z/csv/2gpu_r2_allreduce_8M_ring_ll.csv,2gpu_r2_allreduce_8M_ring_ll,AllReduce,2,8388608,float,2940.866800,2.852427,2.852427,0,0
/root/private_data/lyc/2ndpaper/results/k500sm_ai_gfx928_2gpu/20260825T104341Z/csv/2gpu_r2_allreduce_8M_ring_simple.csv,2gpu_r2_allreduce_8M_ring_simple,AllReduce,2,8388608,float,788.037340,10.644937,10.644937,0,0
/root/private_data/lyc/2ndpaper/results/k500sm_ai_gfx928_2gpu/20260825T104341Z/csv/2gpu_r2_allreduce_8M_tree_ll.csv,2gpu_r2_allreduce_8M_tree_ll,AllReduce,2,8388608,float,2901.778760,2.890850,2.890850,0,0
/root/private_data/lyc/2ndpaper/results/k500sm_ai_gfx928_2gpu/20260825T104341Z/csv/2gpu_r2_allreduce_8M_tree_simple.csv,2gpu_r2_allreduce_8M_tree_simple,AllReduce,2,8388608,float,1321.904660,6.345849,6.345849,0,0
/root/private_data/lyc/2ndpaper/results/k500sm_ai_gfx928_2gpu/20260825T104341Z/csv/2gpu_r2_reducescatter_1M_default.csv,2gpu_r2_reducescatter_1M_default,ReduceScatter,2,1048576,float,104.427900,10.041148,5.020574,0,0
/root/private_data/lyc/2ndpaper/results/k500sm_ai_gfx928_2gpu/20260825T104341Z/csv/2gpu_r2_reducescatter_1M_ring_ll.csv,2gpu_r2_reducescatter_1M_ring_ll,ReduceScatter,2,1048576,float,228.668800,4.585567,2.292783,0,0
/root/private_data/lyc/2ndpaper/results/k500sm_ai_gfx928_2gpu/20260825T104341Z/csv/2gpu_r2_reducescatter_1M_ring_simple.csv,2gpu_r2_reducescatter_1M_ring_simple,ReduceScatter,2,1048576,float,104.655500,10.019311,5.009655,0,0
/root/private_data/lyc/2ndpaper/results/k500sm_ai_gfx928_2gpu/20260825T104341Z/csv/2gpu_r2_reducescatter_1M_tree_ll.csv,2gpu_r2_reducescatter_1M_tree_ll,ReduceScatter,2,1048576,float,228.279200,4.593393,2.296696,0,0
/root/private_data/lyc/2ndpaper/results/k500sm_ai_gfx928_2gpu/20260825T104341Z/csv/2gpu_r2_reducescatter_1M_tree_simple.csv,2gpu_r2_reducescatter_1M_tree_simple,ReduceScatter,2,1048576,float,104.440100,10.039975,5.019988,0,0
/root/private_data/lyc/2ndpaper/results/k500sm_ai_gfx928_2gpu/20260825T104341Z/csv/2gpu_r2_reducescatter_64K_default.csv,2gpu_r2_reducescatter_64K_default,ReduceScatter,2,65536,float,38.263240,1.712767,0.856383,0,0
/root/private_data/lyc/2ndpaper/results/k500sm_ai_gfx928_2gpu/20260825T104341Z/csv/2gpu_r2_reducescatter_64K_ring_ll.csv,2gpu_r2_reducescatter_64K_ring_ll,ReduceScatter,2,65536,float,38.674240,1.694565,0.847282,0,0
/root/private_data/lyc/2ndpaper/results/k500sm_ai_gfx928_2gpu/20260825T104341Z/csv/2gpu_r2_reducescatter_64K_ring_simple.csv,2gpu_r2_reducescatter_64K_ring_simple,ReduceScatter,2,65536,float,50.993840,1.285175,0.642587,0,0
/root/private_data/lyc/2ndpaper/results/k500sm_ai_gfx928_2gpu/20260825T104341Z/csv/2gpu_r2_reducescatter_64K_tree_ll.csv,2gpu_r2_reducescatter_64K_tree_ll,ReduceScatter,2,65536,float,38.372440,1.707892,0.853946,0,0
/root/private_data/lyc/2ndpaper/results/k500sm_ai_gfx928_2gpu/20260825T104341Z/csv/2gpu_r2_reducescatter_64K_tree_simple.csv,2gpu_r2_reducescatter_64K_tree_simple,ReduceScatter,2,65536,float,51.262660,1.278435,0.639218,0,0
/root/private_data/lyc/2ndpaper/results/k500sm_ai_gfx928_2gpu/20260825T104341Z/csv/2gpu_r2_reducescatter_64M_default.csv,2gpu_r2_reducescatter_64M_default,ReduceScatter,2,67108864,float,3640.433460,18.434306,9.217153,0,0
/root/private_data/lyc/2ndpaper/results/k500sm_ai_gfx928_2gpu/20260825T104341Z/csv/2gpu_r2_reducescatter_64M_ring_ll.csv,2gpu_r2_reducescatter_64M_ring_ll,ReduceScatter,2,67108864,float,13650.708220,4.916145,2.458073,0,0
/root/private_data/lyc/2ndpaper/results/k500sm_ai_gfx928_2gpu/20260825T104341Z/csv/2gpu_r2_reducescatter_64M_ring_simple.csv,2gpu_r2_reducescatter_64M_ring_simple,ReduceScatter,2,67108864,float,3642.758460,18.422540,9.211270,0,0
/root/private_data/lyc/2ndpaper/results/k500sm_ai_gfx928_2gpu/20260825T104341Z/csv/2gpu_r2_reducescatter_64M_tree_ll.csv,2gpu_r2_reducescatter_64M_tree_ll,ReduceScatter,2,67108864,float,13722.945700,4.890267,2.445133,0,0
/root/private_data/lyc/2ndpaper/results/k500sm_ai_gfx928_2gpu/20260825T104341Z/csv/2gpu_r2_reducescatter_64M_tree_simple.csv,2gpu_r2_reducescatter_64M_tree_simple,ReduceScatter,2,67108864,float,3640.014080,18.436430,9.218215,0,0
/root/private_data/lyc/2ndpaper/results/k500sm_ai_gfx928_2gpu/20260825T104341Z/csv/2gpu_r2_reducescatter_8M_default.csv,2gpu_r2_reducescatter_8M_default,ReduceScatter,2,8388608,float,499.146880,16.805891,8.402945,0,0
/root/private_data/lyc/2ndpaper/results/k500sm_ai_gfx928_2gpu/20260825T104341Z/csv/2gpu_r2_reducescatter_8M_ring_ll.csv,2gpu_r2_reducescatter_8M_ring_ll,ReduceScatter,2,8388608,float,1712.804840,4.897585,2.448793,0,0
/root/private_data/lyc/2ndpaper/results/k500sm_ai_gfx928_2gpu/20260825T104341Z/csv/2gpu_r2_reducescatter_8M_ring_simple.csv,2gpu_r2_reducescatter_8M_ring_simple,ReduceScatter,2,8388608,float,499.434280,16.796220,8.398110,0,0
/root/private_data/lyc/2ndpaper/results/k500sm_ai_gfx928_2gpu/20260825T104341Z/csv/2gpu_r2_reducescatter_8M_tree_ll.csv,2gpu_r2_reducescatter_8M_tree_ll,ReduceScatter,2,8388608,float,1759.419080,4.767828,2.383914,0,0
/root/private_data/lyc/2ndpaper/results/k500sm_ai_gfx928_2gpu/20260825T104341Z/csv/2gpu_r2_reducescatter_8M_tree_simple.csv,2gpu_r2_reducescatter_8M_tree_simple,ReduceScatter,2,8388608,float,499.867680,16.781657,8.390829,0,0
/root/private_data/lyc/2ndpaper/results/k500sm_ai_gfx928_4gpu/1g_pilot/allgather.csv,allgather,AllGather,4,1073741824,float,62892.402780,17.072679,12.804509,0,0
/root/private_data/lyc/2ndpaper/results/k500sm_ai_gfx928_4gpu/1g_pilot/allreduce.csv,allreduce,AllReduce,4,1073741824,float,122513.341240,8.764285,13.146427,0,0
/root/private_data/lyc/2ndpaper/results/k500sm_ai_gfx928_4gpu/1g_pilot/reducescatter.csv,reducescatter,ReduceScatter,4,1073741824,float,65891.262640,16.295663,12.221747,0,0
/root/private_data/lyc/2ndpaper/results/k500sm_ai_gfx928_4gpu/20260825T100731Z/csv/preflight_r1_allgather_1M_default_chdefault.csv,preflight_r1_allgather_1M_default_chdefault,AllGather,4,1048576,float,122.192320,8.581358,6.436018,0,0
/root/private_data/lyc/2ndpaper/results/k500sm_ai_gfx928_4gpu/20260825T100731Z/csv/preflight_r1_allgather_4K_default_chdefault.csv,preflight_r1_allgather_4K_default_chdefault,AllGather,4,4096,float,43.173040,0.094874,0.071156,0,0
/root/private_data/lyc/2ndpaper/results/k500sm_ai_gfx928_4gpu/20260825T100731Z/csv/preflight_r1_allgather_64M_default_chdefault.csv,preflight_r1_allgather_64M_default_chdefault,AllGather,4,67108864,float,4106.654920,16.341491,12.256118,0,0
/root/private_data/lyc/2ndpaper/results/k500sm_ai_gfx928_4gpu/20260825T100731Z/csv/preflight_r1_allreduce_1M_default_chdefault.csv,preflight_r1_allreduce_1M_default_chdefault,AllReduce,4,1048576,float,197.645200,5.305345,7.958018,0,0
/root/private_data/lyc/2ndpaper/results/k500sm_ai_gfx928_4gpu/20260825T100731Z/csv/preflight_r1_allreduce_4K_default_chdefault.csv,preflight_r1_allreduce_4K_default_chdefault,AllReduce,4,4096,float,49.633840,0.082524,0.123787,0,0
/root/private_data/lyc/2ndpaper/results/k500sm_ai_gfx928_4gpu/20260825T100731Z/csv/preflight_r1_allreduce_64M_default_chdefault.csv,preflight_r1_allreduce_64M_default_chdefault,AllReduce,4,67108864,float,7803.203840,8.600168,12.900252,0,0
/root/private_data/lyc/2ndpaper/results/k500sm_ai_gfx928_4gpu/20260825T100731Z/csv/preflight_r1_reducescatter_1M_default_chdefault.csv,preflight_r1_reducescatter_1M_default_chdefault,ReduceScatter,4,1048576,float,130.153940,8.056429,6.042322,0,0
/root/private_data/lyc/2ndpaper/results/k500sm_ai_gfx928_4gpu/20260825T100731Z/csv/preflight_r1_reducescatter_4K_default_chdefault.csv,preflight_r1_reducescatter_4K_default_chdefault,ReduceScatter,4,4096,float,41.298240,0.099181,0.074386,0,0
/root/private_data/lyc/2ndpaper/results/k500sm_ai_gfx928_4gpu/20260825T100731Z/csv/preflight_r1_reducescatter_64M_default_chdefault.csv,preflight_r1_reducescatter_64M_default_chdefault,ReduceScatter,4,67108864,float,4292.156700,15.635232,11.726424,0,0
/root/private_data/lyc/2ndpaper/results/k500sm_ai_gfx928_4gpu/20260825T100828Z/csv/channels_r1_allgather_1M_ring_ll_ch1.csv,channels_r1_allgather_1M_ring_ll_ch1,AllGather,4,1048576,float,1557.986500,0.673033,0.504775,0,0
/root/private_data/lyc/2ndpaper/results/k500sm_ai_gfx928_4gpu/20260825T100828Z/csv/channels_r1_allgather_1M_ring_ll_ch2.csv,channels_r1_allgather_1M_ring_ll_ch2,AllGather,4,1048576,float,791.904960,1.324118,0.993089,0,0
/root/private_data/lyc/2ndpaper/results/k500sm_ai_gfx928_4gpu/20260825T100828Z/csv/channels_r1_allgather_1M_ring_ll_ch4.csv,channels_r1_allgather_1M_ring_ll_ch4,AllGather,4,1048576,float,405.561200,2.585494,1.939120,0,0
/root/private_data/lyc/2ndpaper/results/k500sm_ai_gfx928_4gpu/20260825T100828Z/csv/channels_r1_allgather_1M_ring_ll_ch8.csv,channels_r1_allgather_1M_ring_ll_ch8,AllGather,4,1048576,float,213.004000,4.922800,3.692100,0,0
/root/private_data/lyc/2ndpaper/results/k500sm_ai_gfx928_4gpu/20260825T100828Z/csv/channels_r1_allgather_1M_ring_simple_ch1.csv,channels_r1_allgather_1M_ring_simple_ch1,AllGather,4,1048576,float,219.738620,4.771924,3.578943,0,0
/root/private_data/lyc/2ndpaper/results/k500sm_ai_gfx928_4gpu/20260825T100828Z/csv/channels_r1_allgather_1M_ring_simple_ch2.csv,channels_r1_allgather_1M_ring_simple_ch2,AllGather,4,1048576,float,146.944940,7.135843,5.351882,0,0
/root/private_data/lyc/2ndpaper/results/k500sm_ai_gfx928_4gpu/20260825T100828Z/csv/channels_r1_allgather_1M_ring_simple_ch4.csv,channels_r1_allgather_1M_ring_simple_ch4,AllGather,4,1048576,float,123.881520,8.464346,6.348259,0,0
/root/private_data/lyc/2ndpaper/results/k500sm_ai_gfx928_4gpu/20260825T100828Z/csv/channels_r1_allgather_1M_ring_simple_ch8.csv,channels_r1_allgather_1M_ring_simple_ch8,AllGather,4,1048576,float,120.233700,8.721149,6.540862,0,0
/root/private_data/lyc/2ndpaper/results/k500sm_ai_gfx928_4gpu/20260825T100828Z/csv/channels_r1_allgather_1M_tree_ll_ch1.csv,channels_r1_allgather_1M_tree_ll_ch1,AllGather,4,1048576,float,1557.153280,0.673393,0.505045,0,0
/root/private_data/lyc/2ndpaper/results/k500sm_ai_gfx928_4gpu/20260825T100828Z/csv/channels_r1_allgather_1M_tree_ll_ch2.csv,channels_r1_allgather_1M_tree_ll_ch2,AllGather,4,1048576,float,790.877140,1.325839,0.994379,0,0
/root/private_data/lyc/2ndpaper/results/k500sm_ai_gfx928_4gpu/20260825T100828Z/csv/channels_r1_allgather_1M_tree_ll_ch4.csv,channels_r1_allgather_1M_tree_ll_ch4,AllGather,4,1048576,float,405.670200,2.584799,1.938599,0,0
/root/private_data/lyc/2ndpaper/results/k500sm_ai_gfx928_4gpu/20260825T100828Z/csv/channels_r1_allgather_1M_tree_ll_ch8.csv,channels_r1_allgather_1M_tree_ll_ch8,AllGather,4,1048576,float,215.828420,4.858378,3.643783,0,0
/root/private_data/lyc/2ndpaper/results/k500sm_ai_gfx928_4gpu/20260825T100828Z/csv/channels_r1_allgather_1M_tree_simple_ch1.csv,channels_r1_allgather_1M_tree_simple_ch1,AllGather,4,1048576,float,219.249620,4.782567,3.586925,0,0
/root/private_data/lyc/2ndpaper/results/k500sm_ai_gfx928_4gpu/20260825T100828Z/csv/channels_r1_allgather_1M_tree_simple_ch2.csv,channels_r1_allgather_1M_tree_simple_ch2,AllGather,4,1048576,float,146.699740,7.147770,5.360827,0,0
/root/private_data/lyc/2ndpaper/results/k500sm_ai_gfx928_4gpu/20260825T100828Z/csv/channels_r1_allgather_1M_tree_simple_ch4.csv,channels_r1_allgather_1M_tree_simple_ch4,AllGather,4,1048576,float,122.579520,8.554251,6.415688,0,0
/root/private_data/lyc/2ndpaper/results/k500sm_ai_gfx928_4gpu/20260825T100828Z/csv/channels_r1_allgather_1M_tree_simple_ch8.csv,channels_r1_allgather_1M_tree_simple_ch8,AllGather,4,1048576,float,120.486100,8.702879,6.527160,0,0
/root/private_data/lyc/2ndpaper/results/k500sm_ai_gfx928_4gpu/20260825T100828Z/csv/channels_r1_allgather_64M_ring_ll_ch1.csv,channels_r1_allgather_64M_ring_ll_ch1,AllGather,4,67108864,float,99933.959300,0.671532,0.503649,0,0
/root/private_data/lyc/2ndpaper/results/k500sm_ai_gfx928_4gpu/20260825T100828Z/csv/channels_r1_allgather_64M_ring_ll_ch2.csv,channels_r1_allgather_64M_ring_ll_ch2,AllGather,4,67108864,float,49908.403800,1.344641,1.008480,0,0
/root/private_data/lyc/2ndpaper/results/k500sm_ai_gfx928_4gpu/20260825T100828Z/csv/channels_r1_allgather_64M_ring_ll_ch4.csv,channels_r1_allgather_64M_ring_ll_ch4,AllGather,4,67108864,float,24872.281520,2.698139,2.023604,0,0
/root/private_data/lyc/2ndpaper/results/k500sm_ai_gfx928_4gpu/20260825T100828Z/csv/channels_r1_allgather_64M_ring_ll_ch8.csv,channels_r1_allgather_64M_ring_ll_ch8,AllGather,4,67108864,float,12439.828860,5.394677,4.046008,0,0
/root/private_data/lyc/2ndpaper/results/k500sm_ai_gfx928_4gpu/20260825T100828Z/csv/channels_r1_allgather_64M_ring_simple_ch1.csv,channels_r1_allgather_64M_ring_simple_ch1,AllGather,4,67108864,float,10180.399500,6.591968,4.943976,0,0
/root/private_data/lyc/2ndpaper/results/k500sm_ai_gfx928_4gpu/20260825T100828Z/csv/channels_r1_allgather_64M_ring_simple_ch2.csv,channels_r1_allgather_64M_ring_simple_ch2,AllGather,4,67108864,float,5101.803860,13.153948,9.865461,0,0
/root/private_data/lyc/2ndpaper/results/k500sm_ai_gfx928_4gpu/20260825T100828Z/csv/channels_r1_allgather_64M_ring_simple_ch4.csv,channels_r1_allgather_64M_ring_simple_ch4,AllGather,4,67108864,float,4114.112920,16.311867,12.233900,0,0
/root/private_data/lyc/2ndpaper/results/k500sm_ai_gfx928_4gpu/20260825T100828Z/csv/channels_r1_allgather_64M_ring_simple_ch8.csv,channels_r1_allgather_64M_ring_simple_ch8,AllGather,4,67108864,float,3921.814940,17.111686,12.833764,0,0
/root/private_data/lyc/2ndpaper/results/k500sm_ai_gfx928_4gpu/20260825T100828Z/csv/channels_r1_allgather_64M_tree_ll_ch1.csv,channels_r1_allgather_64M_tree_ll_ch1,AllGather,4,67108864,float,99843.374620,0.672141,0.504106,0,0
/root/private_data/lyc/2ndpaper/results/k500sm_ai_gfx928_4gpu/20260825T100828Z/csv/channels_r1_allgather_64M_tree_ll_ch2.csv,channels_r1_allgather_64M_tree_ll_ch2,AllGather,4,67108864,float,50016.226700,1.341742,1.006306,0,0
/root/private_data/lyc/2ndpaper/results/k500sm_ai_gfx928_4gpu/20260825T100828Z/csv/channels_r1_allgather_64M_tree_ll_ch4.csv,channels_r1_allgather_64M_tree_ll_ch4,AllGather,4,67108864,float,24967.343600,2.687866,2.015899,0,0
/root/private_data/lyc/2ndpaper/results/k500sm_ai_gfx928_4gpu/20260825T100828Z/csv/channels_r1_allgather_64M_tree_ll_ch8.csv,channels_r1_allgather_64M_tree_ll_ch8,AllGather,4,67108864,float,12484.635120,5.375316,4.031487,0,0
/root/private_data/lyc/2ndpaper/results/k500sm_ai_gfx928_4gpu/20260825T100828Z/csv/channels_r1_allgather_64M_tree_simple_ch1.csv,channels_r1_allgather_64M_tree_simple_ch1,AllGather,4,67108864,float,10160.862300,6.604643,4.953482,0,0
/root/private_data/lyc/2ndpaper/results/k500sm_ai_gfx928_4gpu/20260825T100828Z/csv/channels_r1_allgather_64M_tree_simple_ch2.csv,channels_r1_allgather_64M_tree_simple_ch2,AllGather,4,67108864,float,5115.768280,13.118042,9.838532,0,0
/root/private_data/lyc/2ndpaper/results/k500sm_ai_gfx928_4gpu/20260825T100828Z/csv/channels_r1_allgather_64M_tree_simple_ch4.csv,channels_r1_allgather_64M_tree_simple_ch4,AllGather,4,67108864,float,4148.510760,16.176616,12.132462,0,0
/root/private_data/lyc/2ndpaper/results/k500sm_ai_gfx928_4gpu/20260825T100828Z/csv/channels_r1_allgather_64M_tree_simple_ch8.csv,channels_r1_allgather_64M_tree_simple_ch8,AllGather,4,67108864,float,3934.990160,17.054392,12.790794,0,0
/root/private_data/lyc/2ndpaper/results/k500sm_ai_gfx928_4gpu/20260825T100828Z/csv/channels_r1_allgather_8M_ring_ll_ch1.csv,channels_r1_allgather_8M_ring_ll_ch1,AllGather,4,8388608,float,12470.523380,0.672675,0.504506,0,0
/root/private_data/lyc/2ndpaper/results/k500sm_ai_gfx928_4gpu/20260825T100828Z/csv/channels_r1_allgather_8M_ring_ll_ch2.csv,channels_r1_allgather_8M_ring_ll_ch2,AllGather,4,8388608,float,6256.057420,1.340878,1.005658,0,0
/root/private_data/lyc/2ndpaper/results/k500sm_ai_gfx928_4gpu/20260825T100828Z/csv/channels_r1_allgather_8M_ring_ll_ch4.csv,channels_r1_allgather_8M_ring_ll_ch4,AllGather,4,8388608,float,3111.317840,2.696159,2.022119,0,0
/root/private_data/lyc/2ndpaper/results/k500sm_ai_gfx928_4gpu/20260825T100828Z/csv/channels_r1_allgather_8M_ring_ll_ch8.csv,channels_r1_allgather_8M_ring_ll_ch8,AllGather,4,8388608,float,1563.970300,5.363662,4.022746,0,0
/root/private_data/lyc/2ndpaper/results/k500sm_ai_gfx928_4gpu/20260825T100828Z/csv/channels_r1_allgather_8M_ring_simple_ch1.csv,channels_r1_allgather_8M_ring_simple_ch1,AllGather,4,8388608,float,1489.855220,5.630485,4.222864,0,0
/root/private_data/lyc/2ndpaper/results/k500sm_ai_gfx928_4gpu/20260825T100828Z/csv/channels_r1_allgather_8M_ring_simple_ch2.csv,channels_r1_allgather_8M_ring_simple_ch2,AllGather,4,8388608,float,660.564920,12.699142,9.524357,0,0
/root/private_data/lyc/2ndpaper/results/k500sm_ai_gfx928_4gpu/20260825T100828Z/csv/channels_r1_allgather_8M_ring_simple_ch4.csv,channels_r1_allgather_8M_ring_simple_ch4,AllGather,4,8388608,float,559.122140,15.003176,11.252382,0,0
/root/private_data/lyc/2ndpaper/results/k500sm_ai_gfx928_4gpu/20260825T100828Z/csv/channels_r1_allgather_8M_ring_simple_ch8.csv,channels_r1_allgather_8M_ring_simple_ch8,AllGather,4,8388608,float,538.968460,15.564191,11.673143,0,0
/root/private_data/lyc/2ndpaper/results/k500sm_ai_gfx928_4gpu/20260825T100828Z/csv/channels_r1_allgather_8M_tree_ll_ch1.csv,channels_r1_allgather_8M_tree_ll_ch1,AllGather,4,8388608,float,12547.282360,0.668560,0.501420,0,0
/root/private_data/lyc/2ndpaper/results/k500sm_ai_gfx928_4gpu/20260825T100828Z/csv/channels_r1_allgather_8M_tree_ll_ch2.csv,channels_r1_allgather_8M_tree_ll_ch2,AllGather,4,8388608,float,6263.300180,1.339327,1.004495,0,0
/root/private_data/lyc/2ndpaper/results/k500sm_ai_gfx928_4gpu/20260825T100828Z/csv/channels_r1_allgather_8M_tree_ll_ch4.csv,channels_r1_allgather_8M_tree_ll_ch4,AllGather,4,8388608,float,3110.990360,2.696443,2.022332,0,0
/root/private_data/lyc/2ndpaper/results/k500sm_ai_gfx928_4gpu/20260825T100828Z/csv/channels_r1_allgather_8M_tree_ll_ch8.csv,channels_r1_allgather_8M_tree_ll_ch8,AllGather,4,8388608,float,1563.946900,5.363742,4.022807,0,0
/root/private_data/lyc/2ndpaper/results/k500sm_ai_gfx928_4gpu/20260825T100828Z/csv/channels_r1_allgather_8M_tree_simple_ch1.csv,channels_r1_allgather_8M_tree_simple_ch1,AllGather,4,8388608,float,1287.854840,6.513629,4.885221,0,0
/root/private_data/lyc/2ndpaper/results/k500sm_ai_gfx928_4gpu/20260825T100828Z/csv/channels_r1_allgather_8M_tree_simple_ch2.csv,channels_r1_allgather_8M_tree_simple_ch2,AllGather,4,8388608,float,666.880240,12.578882,9.434162,0,0
/root/private_data/lyc/2ndpaper/results/k500sm_ai_gfx928_4gpu/20260825T100828Z/csv/channels_r1_allgather_8M_tree_simple_ch4.csv,channels_r1_allgather_8M_tree_simple_ch4,AllGather,4,8388608,float,567.832940,14.773021,11.079766,0,0
/root/private_data/lyc/2ndpaper/results/k500sm_ai_gfx928_4gpu/20260825T100828Z/csv/channels_r1_allgather_8M_tree_simple_ch8.csv,channels_r1_allgather_8M_tree_simple_ch8,AllGather,4,8388608,float,538.086320,15.589707,11.692280,0,0
/root/private_data/lyc/2ndpaper/results/k500sm_ai_gfx928_4gpu/20260825T100828Z/csv/channels_r1_allreduce_1M_ring_ll_ch1.csv,channels_r1_allreduce_1M_ring_ll_ch1,AllReduce,4,1048576,float,1825.465540,0.574416,0.861623,0,0
/root/private_data/lyc/2ndpaper/results/k500sm_ai_gfx928_4gpu/20260825T100828Z/csv/channels_r1_allreduce_1M_ring_ll_ch2.csv,channels_r1_allreduce_1M_ring_ll_ch2,AllReduce,4,1048576,float,905.297460,1.158267,1.737400,0,0
/root/private_data/lyc/2ndpaper/results/k500sm_ai_gfx928_4gpu/20260825T100828Z/csv/channels_r1_allreduce_1M_ring_ll_ch4.csv,channels_r1_allreduce_1M_ring_ll_ch4,AllReduce,4,1048576,float,463.653640,2.261550,3.392325,0,0
/root/private_data/lyc/2ndpaper/results/k500sm_ai_gfx928_4gpu/20260825T100828Z/csv/channels_r1_allreduce_1M_ring_ll_ch8.csv,channels_r1_allreduce_1M_ring_ll_ch8,AllReduce,4,1048576,float,306.194100,3.424547,5.136820,0,0
/root/private_data/lyc/2ndpaper/results/k500sm_ai_gfx928_4gpu/20260825T100828Z/csv/channels_r1_allreduce_1M_ring_simple_ch1.csv,channels_r1_allreduce_1M_ring_simple_ch1,AllReduce,4,1048576,float,375.871360,2.789720,4.184581,0,0
/root/private_data/lyc/2ndpaper/results/k500sm_ai_gfx928_4gpu/20260825T100828Z/csv/channels_r1_allreduce_1M_ring_simple_ch2.csv,channels_r1_allreduce_1M_ring_simple_ch2,AllReduce,4,1048576,float,303.255700,3.457729,5.186593,0,0
/root/private_data/lyc/2ndpaper/results/k500sm_ai_gfx928_4gpu/20260825T100828Z/csv/channels_r1_allreduce_1M_ring_simple_ch4.csv,channels_r1_allreduce_1M_ring_simple_ch4,AllReduce,4,1048576,float,197.971000,5.296614,7.944921,0,0
/root/private_data/lyc/2ndpaper/results/k500sm_ai_gfx928_4gpu/20260825T100828Z/csv/channels_r1_allreduce_1M_ring_simple_ch8.csv,channels_r1_allreduce_1M_ring_simple_ch8,AllReduce,4,1048576,float,203.069000,5.163644,7.745466,0,0
/root/private_data/lyc/2ndpaper/results/k500sm_ai_gfx928_4gpu/20260825T100828Z/csv/channels_r1_allreduce_1M_tree_ll_ch1.csv,channels_r1_allreduce_1M_tree_ll_ch1,AllReduce,4,1048576,float,1948.385660,0.538177,0.807265,0,0
/root/private_data/lyc/2ndpaper/results/k500sm_ai_gfx928_4gpu/20260825T100828Z/csv/channels_r1_allreduce_1M_tree_ll_ch2.csv,channels_r1_allreduce_1M_tree_ll_ch2,AllReduce,4,1048576,float,1368.549500,0.766195,1.149293,0,0
/root/private_data/lyc/2ndpaper/results/k500sm_ai_gfx928_4gpu/20260825T100828Z/csv/channels_r1_allreduce_1M_tree_ll_ch4.csv,channels_r1_allreduce_1M_tree_ll_ch4,AllReduce,4,1048576,float,1181.769520,0.887293,1.330940,0,0
/root/private_data/lyc/2ndpaper/results/k500sm_ai_gfx928_4gpu/20260825T100828Z/csv/channels_r1_allreduce_1M_tree_ll_ch8.csv,channels_r1_allreduce_1M_tree_ll_ch8,AllReduce,4,1048576,float,1474.029400,0.711367,1.067051,0,0
/root/private_data/lyc/2ndpaper/results/k500sm_ai_gfx928_4gpu/20260825T100828Z/csv/channels_r1_allreduce_1M_tree_simple_ch1.csv,channels_r1_allreduce_1M_tree_simple_ch1,AllReduce,4,1048576,float,621.520380,1.687114,2.530672,0,0
/root/private_data/lyc/2ndpaper/results/k500sm_ai_gfx928_4gpu/20260825T100828Z/csv/channels_r1_allreduce_1M_tree_simple_ch2.csv,channels_r1_allreduce_1M_tree_simple_ch2,AllReduce,4,1048576,float,381.291560,2.750063,4.125095,0,0
/root/private_data/lyc/2ndpaper/results/k500sm_ai_gfx928_4gpu/20260825T100828Z/csv/channels_r1_allreduce_1M_tree_simple_ch4.csv,channels_r1_allreduce_1M_tree_simple_ch4,AllReduce,4,1048576,float,331.876320,3.159538,4.739308,0,0
/root/private_data/lyc/2ndpaper/results/k500sm_ai_gfx928_4gpu/20260825T100828Z/csv/channels_r1_allreduce_1M_tree_simple_ch8.csv,channels_r1_allreduce_1M_tree_simple_ch8,AllReduce,4,1048576,float,315.549500,3.323016,4.984524,0,0
/root/private_data/lyc/2ndpaper/results/k500sm_ai_gfx928_4gpu/20260825T100828Z/csv/channels_r1_allreduce_8M_ring_ll_ch1.csv,channels_r1_allreduce_8M_ring_ll_ch1,AllReduce,4,8388608,float,14488.428000,0.578987,0.868480,0,0
/root/private_data/lyc/2ndpaper/results/k500sm_ai_gfx928_4gpu/20260825T100828Z/csv/channels_r1_allreduce_8M_ring_ll_ch2.csv,channels_r1_allreduce_8M_ring_ll_ch2,AllReduce,4,8388608,float,7251.743520,1.156771,1.735157,0,0
/root/private_data/lyc/2ndpaper/results/k500sm_ai_gfx928_4gpu/20260825T100828Z/csv/channels_r1_allreduce_8M_ring_simple_ch1.csv,channels_r1_allreduce_8M_ring_simple_ch1,AllReduce,4,8388608,float,2332.404820,3.596549,5.394823,0,0
/root/private_data/lyc/2ndpaper/results/k500sm_ai_gfx928_4gpu/20260825T100828Z/csv/channels_r1_allreduce_8M_ring_simple_ch2.csv,channels_r1_allreduce_8M_ring_simple_ch2,AllReduce,4,8388608,float,1220.155580,6.875031,10.312547,0,0
/root/private_data/lyc/2ndpaper/results/k500sm_ai_gfx928_4gpu/20260825T100828Z/csv/channels_r1_allreduce_8M_ring_simple_ch4.csv,channels_r1_allreduce_8M_ring_simple_ch4,AllReduce,4,8388608,float,1032.913580,8.121307,12.181960,0,0
/root/private_data/lyc/2ndpaper/results/k500sm_ai_gfx928_4gpu/20260825T100828Z/csv/channels_r1_allreduce_8M_ring_simple_ch8.csv,channels_r1_allreduce_8M_ring_simple_ch8,AllReduce,4,8388608,float,1022.586560,8.203323,12.304985,0,0
/root/private_data/lyc/2ndpaper/results/k500sm_ai_gfx928_4gpu/20260825T100828Z/csv/channels_r2_allgather_1M_ring_ll_ch1.csv,channels_r2_allgather_1M_ring_ll_ch1,AllGather,4,1048576,float,1557.811080,0.673109,0.504831,0,0
/root/private_data/lyc/2ndpaper/results/k500sm_ai_gfx928_4gpu/20260825T100828Z/csv/channels_r2_allgather_1M_ring_ll_ch2.csv,channels_r2_allgather_1M_ring_ll_ch2,AllGather,4,1048576,float,792.239740,1.323559,0.992669,0,0
/root/private_data/lyc/2ndpaper/results/k500sm_ai_gfx928_4gpu/20260825T100828Z/csv/channels_r2_allgather_1M_ring_ll_ch4.csv,channels_r2_allgather_1M_ring_ll_ch4,AllGather,4,1048576,float,405.620380,2.585117,1.938837,0,0
/root/private_data/lyc/2ndpaper/results/k500sm_ai_gfx928_4gpu/20260825T100828Z/csv/channels_r2_allgather_1M_ring_ll_ch8.csv,channels_r2_allgather_1M_ring_ll_ch8,AllGather,4,1048576,float,212.992820,4.923058,3.692293,0,0
/root/private_data/lyc/2ndpaper/results/k500sm_ai_gfx928_4gpu/20260825T100828Z/csv/channels_r2_allgather_1M_ring_simple_ch1.csv,channels_r2_allgather_1M_ring_simple_ch1,AllGather,4,1048576,float,220.504000,4.755360,3.566520,0,0
/root/private_data/lyc/2ndpaper/results/k500sm_ai_gfx928_4gpu/20260825T100828Z/csv/channels_r2_allgather_1M_ring_simple_ch2.csv,channels_r2_allgather_1M_ring_simple_ch2,AllGather,4,1048576,float,146.910140,7.137533,5.353150,0,0
/root/private_data/lyc/2ndpaper/results/k500sm_ai_gfx928_4gpu/20260825T100828Z/csv/channels_r2_allgather_1M_ring_simple_ch4.csv,channels_r2_allgather_1M_ring_simple_ch4,AllGather,4,1048576,float,121.967320,8.597188,6.447891,0,0
/root/private_data/lyc/2ndpaper/results/k500sm_ai_gfx928_4gpu/20260825T100828Z/csv/channels_r2_allgather_1M_ring_simple_ch8.csv,channels_r2_allgather_1M_ring_simple_ch8,AllGather,4,1048576,float,120.478120,8.703456,6.527592,0,0
/root/private_data/lyc/2ndpaper/results/k500sm_ai_gfx928_4gpu/20260825T100828Z/csv/channels_r2_allgather_1M_tree_ll_ch1.csv,channels_r2_allgather_1M_tree_ll_ch1,AllGather,4,1048576,float,1601.650120,0.654685,0.491014,0,0
/root/private_data/lyc/2ndpaper/results/k500sm_ai_gfx928_4gpu/20260825T100828Z/csv/channels_r2_allgather_1M_tree_ll_ch2.csv,channels_r2_allgather_1M_tree_ll_ch2,AllGather,4,1048576,float,791.318960,1.325099,0.993824,0,0
/root/private_data/lyc/2ndpaper/results/k500sm_ai_gfx928_4gpu/20260825T100828Z/csv/channels_r2_allgather_1M_tree_ll_ch4.csv,channels_r2_allgather_1M_tree_ll_ch4,AllGather,4,1048576,float,405.448000,2.586216,1.939662,0,0
/root/private_data/lyc/2ndpaper/results/k500sm_ai_gfx928_4gpu/20260825T100828Z/csv/channels_r2_allgather_1M_tree_ll_ch8.csv,channels_r2_allgather_1M_tree_ll_ch8,AllGather,4,1048576,float,212.960400,4.923807,3.692856,0,0
/root/private_data/lyc/2ndpaper/results/k500sm_ai_gfx928_4gpu/20260825T100828Z/csv/channels_r2_allgather_1M_tree_simple_ch1.csv,channels_r2_allgather_1M_tree_simple_ch1,AllGather,4,1048576,float,219.703400,4.772689,3.579517,0,0
/root/private_data/lyc/2ndpaper/results/k500sm_ai_gfx928_4gpu/20260825T100828Z/csv/channels_r2_allgather_1M_tree_simple_ch2.csv,channels_r2_allgather_1M_tree_simple_ch2,AllGather,4,1048576,float,147.174740,7.124701,5.343526,0,0
/root/private_data/lyc/2ndpaper/results/k500sm_ai_gfx928_4gpu/20260825T100828Z/csv/channels_r2_allgather_1M_tree_simple_ch4.csv,channels_r2_allgather_1M_tree_simple_ch4,AllGather,4,1048576,float,122.368920,8.568973,6.426730,0,0
/root/private_data/lyc/2ndpaper/results/k500sm_ai_gfx928_4gpu/20260825T100828Z/csv/channels_r2_allgather_1M_tree_simple_ch8.csv,channels_r2_allgather_1M_tree_simple_ch8,AllGather,4,1048576,float,120.205720,8.723179,6.542384,0,0
/root/private_data/lyc/2ndpaper/results/k500sm_ai_gfx928_4gpu/20260825T100828Z/csv/channels_r2_allgather_64M_ring_ll_ch1.csv,channels_r2_allgather_64M_ring_ll_ch1,AllGather,4,67108864,float,99875.615460,0.671924,0.503943,0,0
/root/private_data/lyc/2ndpaper/results/k500sm_ai_gfx928_4gpu/20260825T100828Z/csv/channels_r2_allgather_64M_ring_ll_ch2.csv,channels_r2_allgather_64M_ring_ll_ch2,AllGather,4,67108864,float,49996.432880,1.342273,1.006705,0,0
/root/private_data/lyc/2ndpaper/results/k500sm_ai_gfx928_4gpu/20260825T100828Z/csv/channels_r2_allgather_64M_ring_ll_ch4.csv,channels_r2_allgather_64M_ring_ll_ch4,AllGather,4,67108864,float,24916.256960,2.693377,2.020032,0,0
/root/private_data/lyc/2ndpaper/results/k500sm_ai_gfx928_4gpu/20260825T100828Z/csv/channels_r2_allgather_64M_ring_ll_ch8.csv,channels_r2_allgather_64M_ring_ll_ch8,AllGather,4,67108864,float,12537.598160,5.352609,4.014457,0,0
/root/private_data/lyc/2ndpaper/results/k500sm_ai_gfx928_4gpu/20260825T100828Z/csv/channels_r2_allgather_64M_ring_simple_ch1.csv,channels_r2_allgather_64M_ring_simple_ch1,AllGather,4,67108864,float,10139.360480,6.618649,4.963986,0,0
/root/private_data/lyc/2ndpaper/results/k500sm_ai_gfx928_4gpu/20260825T100828Z/csv/channels_r2_allgather_64M_ring_simple_ch2.csv,channels_r2_allgather_64M_ring_simple_ch2,AllGather,4,67108864,float,5104.292660,13.147535,9.860651,0,0
/root/private_data/lyc/2ndpaper/results/k500sm_ai_gfx928_4gpu/20260825T100828Z/csv/channels_r2_allgather_64M_ring_simple_ch4.csv,channels_r2_allgather_64M_ring_simple_ch4,AllGather,4,67108864,float,4103.120520,16.355567,12.266676,0,0
/root/private_data/lyc/2ndpaper/results/k500sm_ai_gfx928_4gpu/20260825T100828Z/csv/channels_r2_allgather_64M_ring_simple_ch8.csv,channels_r2_allgather_64M_ring_simple_ch8,AllGather,4,67108864,float,3966.275380,16.919870,12.689903,0,0
/root/private_data/lyc/2ndpaper/results/k500sm_ai_gfx928_4gpu/20260825T100828Z/csv/channels_r2_allgather_64M_tree_ll_ch1.csv,channels_r2_allgather_64M_tree_ll_ch1,AllGather,4,67108864,float,99997.637080,0.671104,0.503328,0,0
/root/private_data/lyc/2ndpaper/results/k500sm_ai_gfx928_4gpu/20260825T100828Z/csv/channels_r2_allgather_64M_tree_ll_ch2.csv,channels_r2_allgather_64M_tree_ll_ch2,AllGather,4,67108864,float,49968.518660,1.343023,1.007267,0,0
/root/private_data/lyc/2ndpaper/results/k500sm_ai_gfx928_4gpu/20260825T100828Z/csv/channels_r2_allgather_64M_tree_ll_ch4.csv,channels_r2_allgather_64M_tree_ll_ch4,AllGather,4,67108864,float,24971.491020,2.687419,2.015564,0,0
/root/private_data/lyc/2ndpaper/results/k500sm_ai_gfx928_4gpu/20260825T100828Z/csv/channels_r2_allgather_64M_tree_ll_ch8.csv,channels_r2_allgather_64M_tree_ll_ch8,AllGather,4,67108864,float,12428.302240,5.399681,4.049761,0,0
/root/private_data/lyc/2ndpaper/results/k500sm_ai_gfx928_4gpu/20260825T100828Z/csv/channels_r2_allgather_64M_tree_simple_ch1.csv,channels_r2_allgather_64M_tree_simple_ch1,AllGather,4,67108864,float,10180.180100,6.592110,4.944082,0,0
/root/private_data/lyc/2ndpaper/results/k500sm_ai_gfx928_4gpu/20260825T100828Z/csv/channels_r2_allgather_64M_tree_simple_ch2.csv,channels_r2_allgather_64M_tree_simple_ch2,AllGather,4,67108864,float,5107.981460,13.138040,9.853530,0,0
/root/private_data/lyc/2ndpaper/results/k500sm_ai_gfx928_4gpu/20260825T100828Z/csv/channels_r2_allgather_64M_tree_simple_ch4.csv,channels_r2_allgather_64M_tree_simple_ch4,AllGather,4,67108864,float,4103.772100,16.352970,12.264728,0,0
/root/private_data/lyc/2ndpaper/results/k500sm_ai_gfx928_4gpu/20260825T100828Z/csv/channels_r2_allgather_64M_tree_simple_ch8.csv,channels_r2_allgather_64M_tree_simple_ch8,AllGather,4,67108864,float,3921.130340,17.114673,12.836005,0,0
/root/private_data/lyc/2ndpaper/results/k500sm_ai_gfx928_4gpu/20260825T100828Z/csv/channels_r2_allgather_8M_ring_ll_ch1.csv,channels_r2_allgather_8M_ring_ll_ch1,AllGather,4,8388608,float,12500.192440,0.671078,0.503309,0,0
/root/private_data/lyc/2ndpaper/results/k500sm_ai_gfx928_4gpu/20260825T100828Z/csv/channels_r2_allgather_8M_ring_ll_ch2.csv,channels_r2_allgather_8M_ring_ll_ch2,AllGather,4,8388608,float,6255.408900,1.341017,1.005763,0,0
/root/private_data/lyc/2ndpaper/results/k500sm_ai_gfx928_4gpu/20260825T100828Z/csv/channels_r2_allgather_8M_ring_ll_ch4.csv,channels_r2_allgather_8M_ring_ll_ch4,AllGather,4,8388608,float,3113.419300,2.694339,2.020754,0,0
/root/private_data/lyc/2ndpaper/results/k500sm_ai_gfx928_4gpu/20260825T100828Z/csv/channels_r2_allgather_8M_ring_ll_ch8.csv,channels_r2_allgather_8M_ring_ll_ch8,AllGather,4,8388608,float,1564.347900,5.362367,4.021775,0,0
/root/private_data/lyc/2ndpaper/results/k500sm_ai_gfx928_4gpu/20260825T100828Z/csv/channels_r2_allgather_8M_ring_simple_ch1.csv,channels_r2_allgather_8M_ring_simple_ch1,AllGather,4,8388608,float,1327.983680,6.316801,4.737600,0,0
/root/private_data/lyc/2ndpaper/results/k500sm_ai_gfx928_4gpu/20260825T100828Z/csv/channels_r2_allgather_8M_ring_simple_ch2.csv,channels_r2_allgather_8M_ring_simple_ch2,AllGather,4,8388608,float,705.137040,11.896422,8.922317,0,0
/root/private_data/lyc/2ndpaper/results/k500sm_ai_gfx928_4gpu/20260825T100828Z/csv/channels_r2_allgather_8M_ring_simple_ch4.csv,channels_r2_allgather_8M_ring_simple_ch4,AllGather,4,8388608,float,559.879900,14.982870,11.237153,0,0
/root/private_data/lyc/2ndpaper/results/k500sm_ai_gfx928_4gpu/20260825T100828Z/csv/channels_r2_allgather_8M_ring_simple_ch8.csv,channels_r2_allgather_8M_ring_simple_ch8,AllGather,4,8388608,float,538.894600,15.566324,11.674743,0,0
/root/private_data/lyc/2ndpaper/results/k500sm_ai_gfx928_4gpu/20260825T100828Z/csv/channels_r2_allgather_8M_tree_ll_ch1.csv,channels_r2_allgather_8M_tree_ll_ch1,AllGather,4,8388608,float,12415.219440,0.675671,0.506754,0,0
/root/private_data/lyc/2ndpaper/results/k500sm_ai_gfx928_4gpu/20260825T100828Z/csv/channels_r2_allgather_8M_tree_ll_ch2.csv,channels_r2_allgather_8M_tree_ll_ch2,AllGather,4,8388608,float,6207.630720,1.351338,1.013504,0,0
/root/private_data/lyc/2ndpaper/results/k500sm_ai_gfx928_4gpu/20260825T100828Z/csv/channels_r2_allgather_8M_tree_ll_ch4.csv,channels_r2_allgather_8M_tree_ll_ch4,AllGather,4,8388608,float,3110.015760,2.697288,2.022966,0,0
/root/private_data/lyc/2ndpaper/results/k500sm_ai_gfx928_4gpu/20260825T100828Z/csv/channels_r2_allgather_8M_tree_ll_ch8.csv,channels_r2_allgather_8M_tree_ll_ch8,AllGather,4,8388608,float,1564.011100,5.363522,4.022642,0,0
/root/private_data/lyc/2ndpaper/results/k500sm_ai_gfx928_4gpu/20260825T100828Z/csv/channels_r2_allgather_8M_tree_simple_ch1.csv,channels_r2_allgather_8M_tree_simple_ch1,AllGather,4,8388608,float,1285.424820,6.525942,4.894457,0,0
/root/private_data/lyc/2ndpaper/results/k500sm_ai_gfx928_4gpu/20260825T100828Z/csv/channels_r2_allgather_8M_tree_simple_ch2.csv,channels_r2_allgather_8M_tree_simple_ch2,AllGather,4,8388608,float,658.970440,12.729870,9.547402,0,0
/root/private_data/lyc/2ndpaper/results/k500sm_ai_gfx928_4gpu/20260825T100828Z/csv/channels_r2_allgather_8M_tree_simple_ch4.csv,channels_r2_allgather_8M_tree_simple_ch4,AllGather,4,8388608,float,559.138940,15.002725,11.252044,0,0
/root/private_data/lyc/2ndpaper/results/k500sm_ai_gfx928_4gpu/20260825T100828Z/csv/channels_r2_allgather_8M_tree_simple_ch8.csv,channels_r2_allgather_8M_tree_simple_ch8,AllGather,4,8388608,float,538.718120,15.571424,11.678568,0,0
/root/private_data/lyc/2ndpaper/results/k500sm_ai_gfx928_4gpu/20260825T100828Z/csv/channels_r2_allreduce_1M_ring_ll_ch1.csv,channels_r2_allreduce_1M_ring_ll_ch1,AllReduce,4,1048576,float,1785.304700,0.587337,0.881006,0,0
/root/private_data/lyc/2ndpaper/results/k500sm_ai_gfx928_4gpu/20260825T100828Z/csv/channels_r2_allreduce_1M_ring_ll_ch2.csv,channels_r2_allreduce_1M_ring_ll_ch2,AllReduce,4,1048576,float,905.131260,1.158479,1.737719,0,0
/root/private_data/lyc/2ndpaper/results/k500sm_ai_gfx928_4gpu/20260825T100828Z/csv/channels_r2_allreduce_1M_ring_ll_ch4.csv,channels_r2_allreduce_1M_ring_ll_ch4,AllReduce,4,1048576,float,463.723840,2.261208,3.391812,0,0
/root/private_data/lyc/2ndpaper/results/k500sm_ai_gfx928_4gpu/20260825T100828Z/csv/channels_r2_allreduce_1M_ring_ll_ch8.csv,channels_r2_allreduce_1M_ring_ll_ch8,AllReduce,4,1048576,float,352.004720,2.978869,4.468304,0,0
/root/private_data/lyc/2ndpaper/results/k500sm_ai_gfx928_4gpu/20260825T100828Z/csv/channels_r2_allreduce_1M_ring_simple_ch1.csv,channels_r2_allreduce_1M_ring_simple_ch1,AllReduce,4,1048576,float,374.956960,2.796524,4.194785,0,0
/root/private_data/lyc/2ndpaper/results/k500sm_ai_gfx928_4gpu/20260825T100828Z/csv/channels_r2_allreduce_1M_ring_simple_ch2.csv,channels_r2_allreduce_1M_ring_simple_ch2,AllReduce,4,1048576,float,248.730840,4.215706,6.323558,0,0
/root/private_data/lyc/2ndpaper/results/k500sm_ai_gfx928_4gpu/20260825T100828Z/csv/channels_r2_allreduce_1M_ring_simple_ch4.csv,channels_r2_allreduce_1M_ring_simple_ch4,AllReduce,4,1048576,float,197.498800,5.309278,7.963917,0,0
/root/private_data/lyc/2ndpaper/results/k500sm_ai_gfx928_4gpu/20260825T100828Z/csv/channels_r2_allreduce_1M_ring_simple_ch8.csv,channels_r2_allreduce_1M_ring_simple_ch8,AllReduce,4,1048576,float,202.822380,5.169923,7.754884,0,0
/root/private_data/lyc/2ndpaper/results/k500sm_ai_gfx928_4gpu/20260825T100828Z/csv/channels_r2_allreduce_1M_tree_ll_ch1.csv,channels_r2_allreduce_1M_tree_ll_ch1,AllReduce,4,1048576,float,1946.478060,0.538704,0.808056,0,0
/root/private_data/lyc/2ndpaper/results/k500sm_ai_gfx928_4gpu/20260825T100828Z/csv/channels_r2_allreduce_1M_tree_ll_ch2.csv,channels_r2_allreduce_1M_tree_ll_ch2,AllReduce,4,1048576,float,1320.094060,0.794319,1.191479,0,0
/root/private_data/lyc/2ndpaper/results/k500sm_ai_gfx928_4gpu/20260825T100828Z/csv/channels_r2_allreduce_1M_tree_ll_ch4.csv,channels_r2_allreduce_1M_tree_ll_ch4,AllReduce,4,1048576,float,1175.273920,0.892197,1.338296,0,0
/root/private_data/lyc/2ndpaper/results/k500sm_ai_gfx928_4gpu/20260825T100828Z/csv/channels_r2_allreduce_1M_tree_ll_ch8.csv,channels_r2_allreduce_1M_tree_ll_ch8,AllReduce,4,1048576,float,1432.128960,0.732180,1.098270,0,0
/root/private_data/lyc/2ndpaper/results/k500sm_ai_gfx928_4gpu/20260825T100828Z/csv/channels_r2_allreduce_1M_tree_simple_ch1.csv,channels_r2_allreduce_1M_tree_simple_ch1,AllReduce,4,1048576,float,621.659000,1.686738,2.530107,0,0
/root/private_data/lyc/2ndpaper/results/k500sm_ai_gfx928_4gpu/20260825T100828Z/csv/channels_r2_allreduce_1M_tree_simple_ch2.csv,channels_r2_allreduce_1M_tree_simple_ch2,AllReduce,4,1048576,float,380.171160,2.758168,4.137252,0,0
/root/private_data/lyc/2ndpaper/results/k500sm_ai_gfx928_4gpu/20260825T100828Z/csv/channels_r2_allreduce_1M_tree_simple_ch4.csv,channels_r2_allreduce_1M_tree_simple_ch4,AllReduce,4,1048576,float,329.022120,3.186947,4.780420,0,0
/root/private_data/lyc/2ndpaper/results/k500sm_ai_gfx928_4gpu/20260825T100828Z/csv/channels_r2_allreduce_1M_tree_simple_ch8.csv,channels_r2_allreduce_1M_tree_simple_ch8,AllReduce,4,1048576,float,310.049900,3.381959,5.072938,0,0
/root/private_data/lyc/2ndpaper/results/k500sm_ai_gfx928_4gpu/20260825T100828Z/csv/channels_r2_allreduce_8M_ring_ll_ch1.csv,channels_r2_allreduce_8M_ring_ll_ch1,AllReduce,4,8388608,float,14483.228420,0.579195,0.868792,0,0
/root/private_data/lyc/2ndpaper/results/k500sm_ai_gfx928_4gpu/20260825T100828Z/csv/channels_r2_allreduce_8M_ring_ll_ch2.csv,channels_r2_allreduce_8M_ring_ll_ch2,AllReduce,4,8388608,float,7296.781360,1.149631,1.724447,0,UNKNOWN
/root/private_data/lyc/2ndpaper/results/k500sm_ai_gfx928_4gpu/20260825T100828Z/csv/channels_r2_allreduce_8M_ring_simple_ch1.csv,channels_r2_allreduce_8M_ring_simple_ch1,AllReduce,4,8388608,float,2333.147420,3.595404,5.393106,0,0
/root/private_data/lyc/2ndpaper/results/k500sm_ai_gfx928_4gpu/20260825T100828Z/csv/channels_r2_allreduce_8M_ring_simple_ch2.csv,channels_r2_allreduce_8M_ring_simple_ch2,AllReduce,4,8388608,float,1220.796560,6.871422,10.307133,0,0
/root/private_data/lyc/2ndpaper/results/k500sm_ai_gfx928_4gpu/20260825T100828Z/csv/channels_r2_allreduce_8M_ring_simple_ch4.csv,channels_r2_allreduce_8M_ring_simple_ch4,AllReduce,4,8388608,float,1033.072000,8.120061,12.180092,0,0
/root/private_data/lyc/2ndpaper/results/k500sm_ai_gfx928_4gpu/20260825T100828Z/csv/channels_r2_allreduce_8M_ring_simple_ch8.csv,channels_r2_allreduce_8M_ring_simple_ch8,AllReduce,4,8388608,float,1022.751780,8.201998,12.302997,0,0
/root/private_data/lyc/2ndpaper/results/k500sm_ai_gfx928_4gpu/20260825T100828Z/csv/channels_r3_allgather_1M_ring_ll_ch1.csv,channels_r3_allgather_1M_ring_ll_ch1,AllGather,4,1048576,float,1600.428920,0.655184,0.491388,0,0
/root/private_data/lyc/2ndpaper/results/k500sm_ai_gfx928_4gpu/20260825T100828Z/csv/channels_r3_allgather_1M_ring_ll_ch2.csv,channels_r3_allgather_1M_ring_ll_ch2,AllGather,4,1048576,float,792.567760,1.323011,0.992258,0,0
/root/private_data/lyc/2ndpaper/results/k500sm_ai_gfx928_4gpu/20260825T100828Z/csv/channels_r3_allgather_1M_ring_ll_ch4.csv,channels_r3_allgather_1M_ring_ll_ch4,AllGather,4,1048576,float,405.282980,2.587269,1.940452,0,0
/root/private_data/lyc/2ndpaper/results/k500sm_ai_gfx928_4gpu/20260825T100828Z/csv/channels_r3_allgather_1M_ring_ll_ch8.csv,channels_r3_allgather_1M_ring_ll_ch8,AllGather,4,1048576,float,212.699200,4.929854,3.697390,0,0
/root/private_data/lyc/2ndpaper/results/k500sm_ai_gfx928_4gpu/20260825T100828Z/csv/channels_r3_allgather_1M_ring_simple_ch1.csv,channels_r3_allgather_1M_ring_simple_ch1,AllGather,4,1048576,float,223.743420,4.686511,3.514883,0,0
/root/private_data/lyc/2ndpaper/results/k500sm_ai_gfx928_4gpu/20260825T100828Z/csv/channels_r3_allgather_1M_ring_simple_ch2.csv,channels_r3_allgather_1M_ring_simple_ch2,AllGather,4,1048576,float,147.393540,7.114125,5.335593,0,0
/root/private_data/lyc/2ndpaper/results/k500sm_ai_gfx928_4gpu/20260825T100828Z/csv/channels_r3_allgather_1M_ring_simple_ch4.csv,channels_r3_allgather_1M_ring_simple_ch4,AllGather,4,1048576,float,121.969120,8.597061,6.447796,0,0
/root/private_data/lyc/2ndpaper/results/k500sm_ai_gfx928_4gpu/20260825T100828Z/csv/channels_r3_allgather_1M_ring_simple_ch8.csv,channels_r3_allgather_1M_ring_simple_ch8,AllGather,4,1048576,float,120.492120,8.702445,6.526833,0,0
/root/private_data/lyc/2ndpaper/results/k500sm_ai_gfx928_4gpu/20260825T100828Z/csv/channels_r3_allgather_1M_tree_ll_ch1.csv,channels_r3_allgather_1M_tree_ll_ch1,AllGather,4,1048576,float,1556.643280,0.673614,0.505210,0,0
/root/private_data/lyc/2ndpaper/results/k500sm_ai_gfx928_4gpu/20260825T100828Z/csv/channels_r3_allgather_1M_tree_ll_ch2.csv,channels_r3_allgather_1M_tree_ll_ch2,AllGather,4,1048576,float,790.815960,1.325942,0.994456,0,0
/root/private_data/lyc/2ndpaper/results/k500sm_ai_gfx928_4gpu/20260825T100828Z/csv/channels_r3_allgather_1M_tree_ll_ch4.csv,channels_r3_allgather_1M_tree_ll_ch4,AllGather,4,1048576,float,405.354580,2.586812,1.940109,0,0
/root/private_data/lyc/2ndpaper/results/k500sm_ai_gfx928_4gpu/20260825T100828Z/csv/channels_r3_allgather_1M_tree_ll_ch8.csv,channels_r3_allgather_1M_tree_ll_ch8,AllGather,4,1048576,float,212.742000,4.928862,3.696647,0,0
/root/private_data/lyc/2ndpaper/results/k500sm_ai_gfx928_4gpu/20260825T100828Z/csv/channels_r3_allgather_1M_tree_simple_ch1.csv,channels_r3_allgather_1M_tree_simple_ch1,AllGather,4,1048576,float,218.742220,4.793661,3.595246,0,0
/root/private_data/lyc/2ndpaper/results/k500sm_ai_gfx928_4gpu/20260825T100828Z/csv/channels_r3_allgather_1M_tree_simple_ch2.csv,channels_r3_allgather_1M_tree_simple_ch2,AllGather,4,1048576,float,146.455540,7.159688,5.369766,0,0
/root/private_data/lyc/2ndpaper/results/k500sm_ai_gfx928_4gpu/20260825T100828Z/csv/channels_r3_allgather_1M_tree_simple_ch4.csv,channels_r3_allgather_1M_tree_simple_ch4,AllGather,4,1048576,float,122.360700,8.569549,6.427162,0,0
/root/private_data/lyc/2ndpaper/results/k500sm_ai_gfx928_4gpu/20260825T100828Z/csv/channels_r3_allgather_1M_tree_simple_ch8.csv,channels_r3_allgather_1M_tree_simple_ch8,AllGather,4,1048576,float,120.129100,8.728743,6.546557,0,0
/root/private_data/lyc/2ndpaper/results/k500sm_ai_gfx928_4gpu/20260825T100828Z/csv/channels_r3_allgather_64M_ring_ll_ch1.csv,channels_r3_allgather_64M_ring_ll_ch1,AllGather,4,67108864,float,99755.319540,0.672735,0.504551,0,0
/root/private_data/lyc/2ndpaper/results/k500sm_ai_gfx928_4gpu/20260825T100828Z/csv/channels_r3_allgather_64M_ring_ll_ch2.csv,channels_r3_allgather_64M_ring_ll_ch2,AllGather,4,67108864,float,49991.642480,1.342402,1.006801,0,0
/root/private_data/lyc/2ndpaper/results/k500sm_ai_gfx928_4gpu/20260825T100828Z/csv/channels_r3_allgather_64M_ring_ll_ch4.csv,channels_r3_allgather_64M_ring_ll_ch4,AllGather,4,67108864,float,24908.284340,2.694239,2.020679,0,0
/root/private_data/lyc/2ndpaper/results/k500sm_ai_gfx928_4gpu/20260825T100828Z/csv/channels_r3_allgather_64M_ring_ll_ch8.csv,channels_r3_allgather_64M_ring_ll_ch8,AllGather,4,67108864,float,12435.469260,5.396569,4.047427,0,0
/root/private_data/lyc/2ndpaper/results/k500sm_ai_gfx928_4gpu/20260825T100828Z/csv/channels_r3_allgather_64M_ring_simple_ch1.csv,channels_r3_allgather_64M_ring_simple_ch1,AllGather,4,67108864,float,10147.898280,6.613080,4.959810,0,0
/root/private_data/lyc/2ndpaper/results/k500sm_ai_gfx928_4gpu/20260825T100828Z/csv/channels_r3_allgather_64M_ring_simple_ch2.csv,channels_r3_allgather_64M_ring_simple_ch2,AllGather,4,67108864,float,5103.318680,13.150044,9.862533,0,0
/root/private_data/lyc/2ndpaper/results/k500sm_ai_gfx928_4gpu/20260825T100828Z/csv/channels_r3_allgather_64M_ring_simple_ch4.csv,channels_r3_allgather_64M_ring_simple_ch4,AllGather,4,67108864,float,4109.018320,16.332092,12.249069,0,0
/root/private_data/lyc/2ndpaper/results/k500sm_ai_gfx928_4gpu/20260825T100828Z/csv/channels_r3_allgather_64M_ring_simple_ch8.csv,channels_r3_allgather_64M_ring_simple_ch8,AllGather,4,67108864,float,3967.658580,16.913971,12.685479,0,0
/root/private_data/lyc/2ndpaper/results/k500sm_ai_gfx928_4gpu/20260825T100828Z/csv/channels_r3_allgather_64M_tree_ll_ch1.csv,channels_r3_allgather_64M_tree_ll_ch1,AllGather,4,67108864,float,99833.813420,0.672206,0.504154,0,0
/root/private_data/lyc/2ndpaper/results/k500sm_ai_gfx928_4gpu/20260825T100828Z/csv/channels_r3_allgather_64M_tree_ll_ch2.csv,channels_r3_allgather_64M_tree_ll_ch2,AllGather,4,67108864,float,50070.503340,1.340287,1.005216,0,0
/root/private_data/lyc/2ndpaper/results/k500sm_ai_gfx928_4gpu/20260825T100828Z/csv/channels_r3_allgather_64M_tree_ll_ch4.csv,channels_r3_allgather_64M_tree_ll_ch4,AllGather,4,67108864,float,24964.398020,2.688183,2.016137,0,0
/root/private_data/lyc/2ndpaper/results/k500sm_ai_gfx928_4gpu/20260825T100828Z/csv/channels_r3_allgather_64M_tree_ll_ch8.csv,channels_r3_allgather_64M_tree_ll_ch8,AllGather,4,67108864,float,12474.832100,5.379540,4.034655,0,0
/root/private_data/lyc/2ndpaper/results/k500sm_ai_gfx928_4gpu/20260825T100828Z/csv/channels_r3_allgather_64M_tree_simple_ch1.csv,channels_r3_allgather_64M_tree_simple_ch1,AllGather,4,67108864,float,10083.823820,6.655101,4.991326,0,0
/root/private_data/lyc/2ndpaper/results/k500sm_ai_gfx928_4gpu/20260825T100828Z/csv/channels_r3_allgather_64M_tree_simple_ch2.csv,channels_r3_allgather_64M_tree_simple_ch2,AllGather,4,67108864,float,5102.955280,13.150980,9.863235,0,0
/root/private_data/lyc/2ndpaper/results/k500sm_ai_gfx928_4gpu/20260825T100828Z/csv/channels_r3_allgather_64M_tree_simple_ch4.csv,channels_r3_allgather_64M_tree_simple_ch4,AllGather,4,67108864,float,4102.904900,16.356427,12.267320,0,0
/root/private_data/lyc/2ndpaper/results/k500sm_ai_gfx928_4gpu/20260825T100828Z/csv/channels_r3_allgather_64M_tree_simple_ch8.csv,channels_r3_allgather_64M_tree_simple_ch8,AllGather,4,67108864,float,3968.730580,16.909403,12.682052,0,0
/root/private_data/lyc/2ndpaper/results/k500sm_ai_gfx928_4gpu/20260825T100828Z/csv/channels_r3_allgather_8M_ring_ll_ch1.csv,channels_r3_allgather_8M_ring_ll_ch1,AllGather,4,8388608,float,12461.333760,0.673171,0.504878,0,0
/root/private_data/lyc/2ndpaper/results/k500sm_ai_gfx928_4gpu/20260825T100828Z/csv/channels_r3_allgather_8M_ring_ll_ch2.csv,channels_r3_allgather_8M_ring_ll_ch2,AllGather,4,8388608,float,6259.355680,1.340171,1.005128,0,0
/root/private_data/lyc/2ndpaper/results/k500sm_ai_gfx928_4gpu/20260825T100828Z/csv/channels_r3_allgather_8M_ring_ll_ch4.csv,channels_r3_allgather_8M_ring_ll_ch4,AllGather,4,8388608,float,3108.165500,2.698894,2.024170,0,0
/root/private_data/lyc/2ndpaper/results/k500sm_ai_gfx928_4gpu/20260825T100828Z/csv/channels_r3_allgather_8M_ring_ll_ch8.csv,channels_r3_allgather_8M_ring_ll_ch8,AllGather,4,8388608,float,1563.570880,5.365032,4.023774,0,0
/root/private_data/lyc/2ndpaper/results/k500sm_ai_gfx928_4gpu/20260825T100828Z/csv/channels_r3_allgather_8M_ring_simple_ch1.csv,channels_r3_allgather_8M_ring_simple_ch1,AllGather,4,8388608,float,1330.859520,6.303151,4.727363,0,0
/root/private_data/lyc/2ndpaper/results/k500sm_ai_gfx928_4gpu/20260825T100828Z/csv/channels_r3_allgather_8M_ring_simple_ch2.csv,channels_r3_allgather_8M_ring_simple_ch2,AllGather,4,8388608,float,661.387140,12.683355,9.512516,0,0
/root/private_data/lyc/2ndpaper/results/k500sm_ai_gfx928_4gpu/20260825T100828Z/csv/channels_r3_allgather_8M_ring_simple_ch4.csv,channels_r3_allgather_8M_ring_simple_ch4,AllGather,4,8388608,float,559.339240,14.997353,11.248015,0,0
/root/private_data/lyc/2ndpaper/results/k500sm_ai_gfx928_4gpu/20260825T100828Z/csv/channels_r3_allgather_8M_ring_simple_ch8.csv,channels_r3_allgather_8M_ring_simple_ch8,AllGather,4,8388608,float,538.288700,15.583846,11.687884,0,0
/root/private_data/lyc/2ndpaper/results/k500sm_ai_gfx928_4gpu/20260825T100828Z/csv/channels_r3_allgather_8M_tree_ll_ch1.csv,channels_r3_allgather_8M_tree_ll_ch1,AllGather,4,8388608,float,12562.890980,0.667729,0.500797,0,0
/root/private_data/lyc/2ndpaper/results/k500sm_ai_gfx928_4gpu/20260825T100828Z/csv/channels_r3_allgather_8M_tree_ll_ch2.csv,channels_r3_allgather_8M_tree_ll_ch2,AllGather,4,8388608,float,6218.644520,1.348945,1.011709,0,0
/root/private_data/lyc/2ndpaper/results/k500sm_ai_gfx928_4gpu/20260825T100828Z/csv/channels_r3_allgather_8M_tree_ll_ch4.csv,channels_r3_allgather_8M_tree_ll_ch4,AllGather,4,8388608,float,3109.520960,2.697717,2.023288,0,0
/root/private_data/lyc/2ndpaper/results/k500sm_ai_gfx928_4gpu/20260825T100828Z/csv/channels_r3_allgather_8M_tree_ll_ch8.csv,channels_r3_allgather_8M_tree_ll_ch8,AllGather,4,8388608,float,1565.102300,5.359783,4.019837,0,0
/root/private_data/lyc/2ndpaper/results/k500sm_ai_gfx928_4gpu/20260825T100828Z/csv/channels_r3_allgather_8M_tree_simple_ch1.csv,channels_r3_allgather_8M_tree_simple_ch1,AllGather,4,8388608,float,1331.453280,6.300340,4.725255,0,0
/root/private_data/lyc/2ndpaper/results/k500sm_ai_gfx928_4gpu/20260825T100828Z/csv/channels_r3_allgather_8M_tree_simple_ch2.csv,channels_r3_allgather_8M_tree_simple_ch2,AllGather,4,8388608,float,658.783240,12.733487,9.550115,0,0
/root/private_data/lyc/2ndpaper/results/k500sm_ai_gfx928_4gpu/20260825T100828Z/csv/channels_r3_allgather_8M_tree_simple_ch4.csv,channels_r3_allgather_8M_tree_simple_ch4,AllGather,4,8388608,float,603.135980,13.908320,10.431240,0,0
/root/private_data/lyc/2ndpaper/results/k500sm_ai_gfx928_4gpu/20260825T100828Z/csv/channels_r3_allgather_8M_tree_simple_ch8.csv,channels_r3_allgather_8M_tree_simple_ch8,AllGather,4,8388608,float,538.498120,15.577785,11.683339,0,0
/root/private_data/lyc/2ndpaper/results/k500sm_ai_gfx928_4gpu/20260825T100828Z/csv/channels_r3_allreduce_1M_ring_ll_ch1.csv,channels_r3_allreduce_1M_ring_ll_ch1,AllReduce,4,1048576,float,1782.384100,0.588300,0.882450,0,0
/root/private_data/lyc/2ndpaper/results/k500sm_ai_gfx928_4gpu/20260825T100828Z/csv/channels_r3_allreduce_1M_ring_ll_ch2.csv,channels_r3_allreduce_1M_ring_ll_ch2,AllReduce,4,1048576,float,904.848260,1.158842,1.738263,0,0
/root/private_data/lyc/2ndpaper/results/k500sm_ai_gfx928_4gpu/20260825T100828Z/csv/channels_r3_allreduce_1M_ring_ll_ch4.csv,channels_r3_allreduce_1M_ring_ll_ch4,AllReduce,4,1048576,float,464.089640,2.259426,3.389138,0,0
/root/private_data/lyc/2ndpaper/results/k500sm_ai_gfx928_4gpu/20260825T100828Z/csv/channels_r3_allreduce_1M_ring_ll_ch8.csv,channels_r3_allreduce_1M_ring_ll_ch8,AllReduce,4,1048576,float,306.414900,3.422079,5.133119,0,0
/root/private_data/lyc/2ndpaper/results/k500sm_ai_gfx928_4gpu/20260825T100828Z/csv/channels_r3_allreduce_1M_ring_simple_ch1.csv,channels_r3_allreduce_1M_ring_simple_ch1,AllReduce,4,1048576,float,376.546960,2.784715,4.177073,0,0
/root/private_data/lyc/2ndpaper/results/k500sm_ai_gfx928_4gpu/20260825T100828Z/csv/channels_r3_allreduce_1M_ring_simple_ch2.csv,channels_r3_allreduce_1M_ring_simple_ch2,AllReduce,4,1048576,float,249.064840,4.210052,6.315078,0,0
/root/private_data/lyc/2ndpaper/results/k500sm_ai_gfx928_4gpu/20260825T100828Z/csv/channels_r3_allreduce_1M_ring_simple_ch4.csv,channels_r3_allreduce_1M_ring_simple_ch4,AllReduce,4,1048576,float,198.705000,5.277049,7.915573,0,0
/root/private_data/lyc/2ndpaper/results/k500sm_ai_gfx928_4gpu/20260825T100828Z/csv/channels_r3_allreduce_1M_ring_simple_ch8.csv,channels_r3_allreduce_1M_ring_simple_ch8,AllReduce,4,1048576,float,202.948200,5.166717,7.750076,0,0
/root/private_data/lyc/2ndpaper/results/k500sm_ai_gfx928_4gpu/20260825T100828Z/csv/channels_r3_allreduce_1M_tree_ll_ch1.csv,channels_r3_allreduce_1M_tree_ll_ch1,AllReduce,4,1048576,float,1993.867120,0.525901,0.788851,0,0
/root/private_data/lyc/2ndpaper/results/k500sm_ai_gfx928_4gpu/20260825T100828Z/csv/channels_r3_allreduce_1M_tree_ll_ch2.csv,channels_r3_allreduce_1M_tree_ll_ch2,AllReduce,4,1048576,float,1315.869240,0.796869,1.195304,0,0
/root/private_data/lyc/2ndpaper/results/k500sm_ai_gfx928_4gpu/20260825T100828Z/csv/channels_r3_allreduce_1M_tree_ll_ch4.csv,channels_r3_allreduce_1M_tree_ll_ch4,AllReduce,4,1048576,float,1228.215560,0.853739,1.280609,0,0
/root/private_data/lyc/2ndpaper/results/k500sm_ai_gfx928_4gpu/20260825T100828Z/csv/channels_r3_allreduce_1M_tree_ll_ch8.csv,channels_r3_allreduce_1M_tree_ll_ch8,AllReduce,4,1048576,float,1431.974160,0.732259,1.098389,0,0
/root/private_data/lyc/2ndpaper/results/k500sm_ai_gfx928_4gpu/20260825T100828Z/csv/channels_r3_allreduce_1M_tree_simple_ch1.csv,channels_r3_allreduce_1M_tree_simple_ch1,AllReduce,4,1048576,float,620.853780,1.688926,2.533389,0,0
/root/private_data/lyc/2ndpaper/results/k500sm_ai_gfx928_4gpu/20260825T100828Z/csv/channels_r3_allreduce_1M_tree_simple_ch2.csv,channels_r3_allreduce_1M_tree_simple_ch2,AllReduce,4,1048576,float,381.498380,2.748573,4.122859,0,0
/root/private_data/lyc/2ndpaper/results/k500sm_ai_gfx928_4gpu/20260825T100828Z/csv/channels_r3_allreduce_1M_tree_simple_ch4.csv,channels_r3_allreduce_1M_tree_simple_ch4,AllReduce,4,1048576,float,328.710320,3.189970,4.784955,0,0
/root/private_data/lyc/2ndpaper/results/k500sm_ai_gfx928_4gpu/20260825T100828Z/csv/channels_r3_allreduce_1M_tree_simple_ch8.csv,channels_r3_allreduce_1M_tree_simple_ch8,AllReduce,4,1048576,float,308.796500,3.395686,5.093529,0,0
/root/private_data/lyc/2ndpaper/results/k500sm_ai_gfx928_4gpu/20260825T100828Z/csv/channels_r3_allreduce_8M_ring_ll_ch1.csv,channels_r3_allreduce_8M_ring_ll_ch1,AllReduce,4,8388608,float,14487.091420,0.579040,0.868560,0,0
/root/private_data/lyc/2ndpaper/results/k500sm_ai_gfx928_4gpu/20260825T100828Z/csv/channels_r3_allreduce_8M_ring_simple_ch1.csv,channels_r3_allreduce_8M_ring_simple_ch1,AllReduce,4,8388608,float,2328.568420,3.602474,5.403712,0,0
/root/private_data/lyc/2ndpaper/results/k500sm_ai_gfx928_4gpu/20260825T100828Z/csv/channels_r3_allreduce_8M_ring_simple_ch2.csv,channels_r3_allreduce_8M_ring_simple_ch2,AllReduce,4,8388608,float,1221.372560,6.868181,10.302272,0,0
/root/private_data/lyc/2ndpaper/results/k500sm_ai_gfx928_4gpu/20260825T100828Z/csv/channels_r3_allreduce_8M_ring_simple_ch4.csv,channels_r3_allreduce_8M_ring_simple_ch4,AllReduce,4,8388608,float,1036.114780,8.096215,12.144322,0,0
/root/private_data/lyc/2ndpaper/results/k500sm_ai_gfx928_4gpu/20260825T100828Z/csv/channels_r3_allreduce_8M_ring_simple_ch8.csv,channels_r3_allreduce_8M_ring_simple_ch8,AllReduce,4,8388608,float,1022.772380,8.201833,12.302749,0,0
/root/private_data/lyc/2ndpaper/results/k500sm_ai_gfx928_4gpu/20260825T101556Z/csv/rep_r1_allgather_1M_default_chdefault.csv,rep_r1_allgather_1M_default_chdefault,AllGather,4,1048576,float,121.855320,8.605090,6.453818,0,0
/root/private_data/lyc/2ndpaper/results/k500sm_ai_gfx928_4gpu/20260825T101556Z/csv/rep_r1_allgather_1M_ring_ll_chdefault.csv,rep_r1_allgather_1M_ring_ll_chdefault,AllGather,4,1048576,float,405.656800,2.584885,1.938663,0,0
/root/private_data/lyc/2ndpaper/results/k500sm_ai_gfx928_4gpu/20260825T101556Z/csv/rep_r1_allgather_1M_ring_simple_chdefault.csv,rep_r1_allgather_1M_ring_simple_chdefault,AllGather,4,1048576,float,123.253900,8.507447,6.380585,0,0
/root/private_data/lyc/2ndpaper/results/k500sm_ai_gfx928_4gpu/20260825T101556Z/csv/rep_r1_allgather_1M_tree_ll_chdefault.csv,rep_r1_allgather_1M_tree_ll_chdefault,AllGather,4,1048576,float,405.389200,2.586591,1.939943,0,0
/root/private_data/lyc/2ndpaper/results/k500sm_ai_gfx928_4gpu/20260825T101556Z/csv/rep_r1_allgather_1M_tree_simple_chdefault.csv,rep_r1_allgather_1M_tree_simple_chdefault,AllGather,4,1048576,float,122.829720,8.536826,6.402620,0,0
/root/private_data/lyc/2ndpaper/results/k500sm_ai_gfx928_4gpu/20260825T101556Z/csv/rep_r1_allgather_256M_default_chdefault.csv,rep_r1_allgather_256M_default_chdefault,AllGather,4,268435456,float,16038.149100,16.737309,12.552982,0,0
/root/private_data/lyc/2ndpaper/results/k500sm_ai_gfx928_4gpu/20260825T101556Z/csv/rep_r1_allgather_256M_ring_ll_chdefault.csv,rep_r1_allgather_256M_ring_ll_chdefault,AllGather,4,268435456,float,99683.528060,2.692877,2.019658,0,0
/root/private_data/lyc/2ndpaper/results/k500sm_ai_gfx928_4gpu/20260825T101556Z/csv/rep_r1_allgather_256M_ring_simple_chdefault.csv,rep_r1_allgather_256M_ring_simple_chdefault,AllGather,4,268435456,float,16022.898080,16.753240,12.564930,0,0
/root/private_data/lyc/2ndpaper/results/k500sm_ai_gfx928_4gpu/20260825T101556Z/csv/rep_r1_allgather_256M_tree_ll_chdefault.csv,rep_r1_allgather_256M_tree_ll_chdefault,AllGather,4,268435456,float,99727.439100,2.691691,2.018768,0,0
/root/private_data/lyc/2ndpaper/results/k500sm_ai_gfx928_4gpu/20260825T101556Z/csv/rep_r1_allgather_256M_tree_simple_chdefault.csv,rep_r1_allgather_256M_tree_simple_chdefault,AllGather,4,268435456,float,16026.774480,16.749188,12.561891,0,0
/root/private_data/lyc/2ndpaper/results/k500sm_ai_gfx928_4gpu/20260825T101556Z/csv/rep_r1_allgather_4K_default_chdefault.csv,rep_r1_allgather_4K_default_chdefault,AllGather,4,4096,float,43.397140,0.094384,0.070788,0,0
/root/private_data/lyc/2ndpaper/results/k500sm_ai_gfx928_4gpu/20260825T101556Z/csv/rep_r1_allgather_4K_ring_ll_chdefault.csv,rep_r1_allgather_4K_ring_ll_chdefault,AllGather,4,4096,float,43.526200,0.094104,0.070578,0,0
/root/private_data/lyc/2ndpaper/results/k500sm_ai_gfx928_4gpu/20260825T101556Z/csv/rep_r1_allgather_4K_ring_simple_chdefault.csv,rep_r1_allgather_4K_ring_simple_chdefault,AllGather,4,4096,float,71.468780,0.057312,0.042984,0,0
/root/private_data/lyc/2ndpaper/results/k500sm_ai_gfx928_4gpu/20260825T101556Z/csv/rep_r1_allgather_4K_tree_ll_chdefault.csv,rep_r1_allgather_4K_tree_ll_chdefault,AllGather,4,4096,float,43.263060,0.094677,0.071007,0,0
/root/private_data/lyc/2ndpaper/results/k500sm_ai_gfx928_4gpu/20260825T101556Z/csv/rep_r1_allgather_4K_tree_simple_chdefault.csv,rep_r1_allgather_4K_tree_simple_chdefault,AllGather,4,4096,float,72.311000,0.056644,0.042483,0,0
/root/private_data/lyc/2ndpaper/results/k500sm_ai_gfx928_4gpu/20260825T101556Z/csv/rep_r1_allgather_64K_default_chdefault.csv,rep_r1_allgather_64K_default_chdefault,AllGather,4,65536,float,54.400440,1.204696,0.903522,0,0
/root/private_data/lyc/2ndpaper/results/k500sm_ai_gfx928_4gpu/20260825T101556Z/csv/rep_r1_allgather_64K_ring_ll_chdefault.csv,rep_r1_allgather_64K_ring_ll_chdefault,AllGather,4,65536,float,54.520640,1.202040,0.901530,0,0
/root/private_data/lyc/2ndpaper/results/k500sm_ai_gfx928_4gpu/20260825T101556Z/csv/rep_r1_allgather_64K_ring_simple_chdefault.csv,rep_r1_allgather_64K_ring_simple_chdefault,AllGather,4,65536,float,67.542020,0.970300,0.727725,0,0
/root/private_data/lyc/2ndpaper/results/k500sm_ai_gfx928_4gpu/20260825T101556Z/csv/rep_r1_allgather_64K_tree_ll_chdefault.csv,rep_r1_allgather_64K_tree_ll_chdefault,AllGather,4,65536,float,54.432240,1.203992,0.902994,0,0
/root/private_data/lyc/2ndpaper/results/k500sm_ai_gfx928_4gpu/20260825T101556Z/csv/rep_r1_allgather_64K_tree_simple_chdefault.csv,rep_r1_allgather_64K_tree_simple_chdefault,AllGather,4,65536,float,67.733660,0.967554,0.725666,0,0
/root/private_data/lyc/2ndpaper/results/k500sm_ai_gfx928_4gpu/20260825T101556Z/csv/rep_r1_allgather_64M_default_chdefault.csv,rep_r1_allgather_64M_default_chdefault,AllGather,4,67108864,float,4106.899120,16.340519,12.255389,0,0
/root/private_data/lyc/2ndpaper/results/k500sm_ai_gfx928_4gpu/20260825T101556Z/csv/rep_r1_allgather_64M_ring_ll_chdefault.csv,rep_r1_allgather_64M_ring_ll_chdefault,AllGather,4,67108864,float,24953.836200,2.689321,2.016990,0,0
/root/private_data/lyc/2ndpaper/results/k500sm_ai_gfx928_4gpu/20260825T101556Z/csv/rep_r1_allgather_64M_ring_simple_chdefault.csv,rep_r1_allgather_64M_ring_simple_chdefault,AllGather,4,67108864,float,4150.822960,16.167605,12.125703,0,0
/root/private_data/lyc/2ndpaper/results/k500sm_ai_gfx928_4gpu/20260825T101556Z/csv/rep_r1_allgather_64M_tree_ll_chdefault.csv,rep_r1_allgather_64M_tree_ll_chdefault,AllGather,4,67108864,float,24924.808180,2.692453,2.019339,0,0
/root/private_data/lyc/2ndpaper/results/k500sm_ai_gfx928_4gpu/20260825T101556Z/csv/rep_r1_allgather_64M_tree_simple_chdefault.csv,rep_r1_allgather_64M_tree_simple_chdefault,AllGather,4,67108864,float,4107.269720,16.339045,12.254284,0,0
/root/private_data/lyc/2ndpaper/results/k500sm_ai_gfx928_4gpu/20260825T101556Z/csv/rep_r1_allgather_8M_default_chdefault.csv,rep_r1_allgather_8M_default_chdefault,AllGather,4,8388608,float,558.901940,15.009087,11.256815,0,0
/root/private_data/lyc/2ndpaper/results/k500sm_ai_gfx928_4gpu/20260825T101556Z/csv/rep_r1_allgather_8M_ring_ll_chdefault.csv,rep_r1_allgather_8M_ring_ll_chdefault,AllGather,4,8388608,float,3108.953160,2.698210,2.023657,0,0
/root/private_data/lyc/2ndpaper/results/k500sm_ai_gfx928_4gpu/20260825T101556Z/csv/rep_r1_allgather_8M_ring_simple_chdefault.csv,rep_r1_allgather_8M_ring_simple_chdefault,AllGather,4,8388608,float,559.059340,15.004862,11.253646,0,0
/root/private_data/lyc/2ndpaper/results/k500sm_ai_gfx928_4gpu/20260825T101556Z/csv/rep_r1_allgather_8M_tree_ll_chdefault.csv,rep_r1_allgather_8M_tree_ll_chdefault,AllGather,4,8388608,float,3112.464360,2.695166,2.021374,0,0
/root/private_data/lyc/2ndpaper/results/k500sm_ai_gfx928_4gpu/20260825T101556Z/csv/rep_r1_allgather_8M_tree_simple_chdefault.csv,rep_r1_allgather_8M_tree_simple_chdefault,AllGather,4,8388608,float,559.712140,14.987361,11.240521,0,0
/root/private_data/lyc/2ndpaper/results/k500sm_ai_gfx928_4gpu/20260825T101556Z/csv/rep_r1_allreduce_1M_default_chdefault.csv,rep_r1_allreduce_1M_default_chdefault,AllReduce,4,1048576,float,197.882600,5.298980,7.948470,0,0
/root/private_data/lyc/2ndpaper/results/k500sm_ai_gfx928_4gpu/20260825T101556Z/csv/rep_r1_allreduce_1M_ring_ll_chdefault.csv,rep_r1_allreduce_1M_ring_ll_chdefault,AllReduce,4,1048576,float,464.133840,2.259210,3.388816,0,0
/root/private_data/lyc/2ndpaper/results/k500sm_ai_gfx928_4gpu/20260825T101556Z/csv/rep_r1_allreduce_1M_ring_simple_chdefault.csv,rep_r1_allreduce_1M_ring_simple_chdefault,AllReduce,4,1048576,float,197.702180,5.303816,7.955724,0,0
/root/private_data/lyc/2ndpaper/results/k500sm_ai_gfx928_4gpu/20260825T101556Z/csv/rep_r1_allreduce_1M_tree_ll_chdefault.csv,rep_r1_allreduce_1M_tree_ll_chdefault,AllReduce,4,1048576,float,1176.298920,0.891420,1.337130,0,0
/root/private_data/lyc/2ndpaper/results/k500sm_ai_gfx928_4gpu/20260825T101556Z/csv/rep_r1_allreduce_1M_tree_simple_chdefault.csv,rep_r1_allreduce_1M_tree_simple_chdefault,AllReduce,4,1048576,float,332.481100,3.153791,4.730687,0,0
/root/private_data/lyc/2ndpaper/results/k500sm_ai_gfx928_4gpu/20260825T101556Z/csv/rep_r1_allreduce_256M_default_chdefault.csv,rep_r1_allreduce_256M_default_chdefault,AllReduce,4,268435456,float,30856.996420,8.699338,13.049008,0,0
/root/private_data/lyc/2ndpaper/results/k500sm_ai_gfx928_4gpu/20260825T101556Z/csv/rep_r1_allreduce_256M_ring_ll_chdefault.csv,rep_r1_allreduce_256M_ring_ll_chdefault,AllReduce,4,268435456,float,115431.364280,2.325498,3.488248,0,0
/root/private_data/lyc/2ndpaper/results/k500sm_ai_gfx928_4gpu/20260825T101556Z/csv/rep_r1_allreduce_256M_ring_simple_chdefault.csv,rep_r1_allreduce_256M_ring_simple_chdefault,AllReduce,4,268435456,float,30918.706880,8.681976,13.022963,0,0
/root/private_data/lyc/2ndpaper/results/k500sm_ai_gfx928_4gpu/20260825T101556Z/csv/rep_r1_allreduce_256M_tree_ll_chdefault.csv,rep_r1_allreduce_256M_tree_ll_chdefault,AllReduce,4,268435456,float,282919.748400,0.948804,1.423206,0,0
/root/private_data/lyc/2ndpaper/results/k500sm_ai_gfx928_4gpu/20260825T101556Z/csv/rep_r1_allreduce_256M_tree_simple_chdefault.csv,rep_r1_allreduce_256M_tree_simple_chdefault,AllReduce,4,268435456,float,40759.702460,6.585805,9.878708,0,0
/root/private_data/lyc/2ndpaper/results/k500sm_ai_gfx928_4gpu/20260825T101556Z/csv/rep_r1_allreduce_4K_default_chdefault.csv,rep_r1_allreduce_4K_default_chdefault,AllReduce,4,4096,float,50.254160,0.081506,0.122259,0,0
/root/private_data/lyc/2ndpaper/results/k500sm_ai_gfx928_4gpu/20260825T101556Z/csv/rep_r1_allreduce_4K_ring_ll_chdefault.csv,rep_r1_allreduce_4K_ring_ll_chdefault,AllReduce,4,4096,float,49.845040,0.082175,0.123262,0,0
/root/private_data/lyc/2ndpaper/results/k500sm_ai_gfx928_4gpu/20260825T101556Z/csv/rep_r1_allreduce_4K_ring_simple_chdefault.csv,rep_r1_allreduce_4K_ring_simple_chdefault,AllReduce,4,4096,float,94.392660,0.043393,0.065090,0,0
/root/private_data/lyc/2ndpaper/results/k500sm_ai_gfx928_4gpu/20260825T101556Z/csv/rep_r1_allreduce_4K_tree_ll_chdefault.csv,rep_r1_allreduce_4K_tree_ll_chdefault,AllReduce,4,4096,float,47.490040,0.086250,0.129374,0,0
/root/private_data/lyc/2ndpaper/results/k500sm_ai_gfx928_4gpu/20260825T101556Z/csv/rep_r1_allreduce_4K_tree_simple_chdefault.csv,rep_r1_allreduce_4K_tree_simple_chdefault,AllReduce,4,4096,float,95.770680,0.042769,0.064153,0,0
/root/private_data/lyc/2ndpaper/results/k500sm_ai_gfx928_4gpu/20260825T101556Z/csv/rep_r1_allreduce_64K_default_chdefault.csv,rep_r1_allreduce_64K_default_chdefault,AllReduce,4,65536,float,111.718320,0.586618,0.879927,0,0
/root/private_data/lyc/2ndpaper/results/k500sm_ai_gfx928_4gpu/20260825T101556Z/csv/rep_r1_allreduce_64K_ring_ll_chdefault.csv,rep_r1_allreduce_64K_ring_ll_chdefault,AllReduce,4,65536,float,64.923860,1.009429,1.514143,0,0
/root/private_data/lyc/2ndpaper/results/k500sm_ai_gfx928_4gpu/20260825T101556Z/csv/rep_r1_allreduce_64K_ring_simple_chdefault.csv,rep_r1_allreduce_64K_ring_simple_chdefault,AllReduce,4,65536,float,101.386900,0.646395,0.969593,0,0
/root/private_data/lyc/2ndpaper/results/k500sm_ai_gfx928_4gpu/20260825T101556Z/csv/rep_r1_allreduce_64K_tree_ll_chdefault.csv,rep_r1_allreduce_64K_tree_ll_chdefault,AllReduce,4,65536,float,112.160700,0.584304,0.876457,0,0
/root/private_data/lyc/2ndpaper/results/k500sm_ai_gfx928_4gpu/20260825T101556Z/csv/rep_r1_allreduce_64K_tree_simple_chdefault.csv,rep_r1_allreduce_64K_tree_simple_chdefault,AllReduce,4,65536,float,112.438120,0.582863,0.874294,0,0
/root/private_data/lyc/2ndpaper/results/k500sm_ai_gfx928_4gpu/20260825T101556Z/csv/rep_r1_allreduce_64M_default_chdefault.csv,rep_r1_allreduce_64M_default_chdefault,AllReduce,4,67108864,float,7849.792280,8.549126,12.823689,0,0
/root/private_data/lyc/2ndpaper/results/k500sm_ai_gfx928_4gpu/20260825T101556Z/csv/rep_r1_allreduce_64M_ring_ll_chdefault.csv,rep_r1_allreduce_64M_ring_ll_chdefault,AllReduce,4,67108864,float,28956.556020,2.317571,3.476356,0,0
/root/private_data/lyc/2ndpaper/results/k500sm_ai_gfx928_4gpu/20260825T101556Z/csv/rep_r1_allreduce_64M_ring_simple_chdefault.csv,rep_r1_allreduce_64M_ring_simple_chdefault,AllReduce,4,67108864,float,7850.203280,8.548678,12.823018,0,0
/root/private_data/lyc/2ndpaper/results/k500sm_ai_gfx928_4gpu/20260825T101556Z/csv/rep_r1_allreduce_64M_tree_ll_chdefault.csv,rep_r1_allreduce_64M_tree_ll_chdefault,AllReduce,4,67108864,float,70935.761660,0.946051,1.419077,0,0
/root/private_data/lyc/2ndpaper/results/k500sm_ai_gfx928_4gpu/20260825T101556Z/csv/rep_r1_allreduce_64M_tree_simple_chdefault.csv,rep_r1_allreduce_64M_tree_simple_chdefault,AllReduce,4,67108864,float,10488.520220,6.398316,9.597474,0,0
/root/private_data/lyc/2ndpaper/results/k500sm_ai_gfx928_4gpu/20260825T101556Z/csv/rep_r1_allreduce_8M_default_chdefault.csv,rep_r1_allreduce_8M_default_chdefault,AllReduce,4,8388608,float,1033.546780,8.116331,12.174497,0,0
/root/private_data/lyc/2ndpaper/results/k500sm_ai_gfx928_4gpu/20260825T101556Z/csv/rep_r1_allreduce_8M_ring_ll_chdefault.csv,rep_r1_allreduce_8M_ring_ll_chdefault,AllReduce,4,8388608,float,3608.899640,2.324423,3.486634,0,0
/root/private_data/lyc/2ndpaper/results/k500sm_ai_gfx928_4gpu/20260825T101556Z/csv/rep_r1_allreduce_8M_ring_simple_chdefault.csv,rep_r1_allreduce_8M_ring_simple_chdefault,AllReduce,4,8388608,float,1034.066180,8.112254,12.168382,0,0
/root/private_data/lyc/2ndpaper/results/k500sm_ai_gfx928_4gpu/20260825T101556Z/csv/rep_r1_allreduce_8M_tree_ll_chdefault.csv,rep_r1_allreduce_8M_tree_ll_chdefault,AllReduce,4,8388608,float,8967.476940,0.935448,1.403172,0,0
/root/private_data/lyc/2ndpaper/results/k500sm_ai_gfx928_4gpu/20260825T101556Z/csv/rep_r1_allreduce_8M_tree_simple_chdefault.csv,rep_r1_allreduce_8M_tree_simple_chdefault,AllReduce,4,8388608,float,1568.636300,5.347707,8.021561,0,0
/root/private_data/lyc/2ndpaper/results/k500sm_ai_gfx928_4gpu/20260825T101556Z/csv/rep_r1_reducescatter_1M_default_chdefault.csv,rep_r1_reducescatter_1M_default_chdefault,ReduceScatter,4,1048576,float,130.276520,8.048849,6.036637,0,0
/root/private_data/lyc/2ndpaper/results/k500sm_ai_gfx928_4gpu/20260825T101556Z/csv/rep_r1_reducescatter_1M_ring_ll_chdefault.csv,rep_r1_reducescatter_1M_ring_ll_chdefault,ReduceScatter,4,1048576,float,262.970240,3.987432,2.990574,0,0
/root/private_data/lyc/2ndpaper/results/k500sm_ai_gfx928_4gpu/20260825T101556Z/csv/rep_r1_reducescatter_1M_ring_simple_chdefault.csv,rep_r1_reducescatter_1M_ring_simple_chdefault,ReduceScatter,4,1048576,float,130.718120,8.021658,6.016243,0,0
/root/private_data/lyc/2ndpaper/results/k500sm_ai_gfx928_4gpu/20260825T101556Z/csv/rep_r1_reducescatter_1M_tree_ll_chdefault.csv,rep_r1_reducescatter_1M_tree_ll_chdefault,ReduceScatter,4,1048576,float,267.527260,3.919511,2.939633,0,0
/root/private_data/lyc/2ndpaper/results/k500sm_ai_gfx928_4gpu/20260825T101556Z/csv/rep_r1_reducescatter_1M_tree_simple_chdefault.csv,rep_r1_reducescatter_1M_tree_simple_chdefault,ReduceScatter,4,1048576,float,130.377720,8.042601,6.031951,0,0
/root/private_data/lyc/2ndpaper/results/k500sm_ai_gfx928_4gpu/20260825T101556Z/csv/rep_r1_reducescatter_256M_default_chdefault.csv,rep_r1_reducescatter_256M_default_chdefault,ReduceScatter,4,268435456,float,16904.138860,15.879866,11.909899,0,0
/root/private_data/lyc/2ndpaper/results/k500sm_ai_gfx928_4gpu/20260825T101556Z/csv/rep_r1_reducescatter_256M_ring_ll_chdefault.csv,rep_r1_reducescatter_256M_ring_ll_chdefault,ReduceScatter,4,268435456,float,63692.876340,4.214529,3.160897,0,0
/root/private_data/lyc/2ndpaper/results/k500sm_ai_gfx928_4gpu/20260825T101556Z/csv/rep_r1_reducescatter_256M_ring_simple_chdefault.csv,rep_r1_reducescatter_256M_ring_simple_chdefault,ReduceScatter,4,268435456,float,16852.671080,15.928363,11.946272,0,0
/root/private_data/lyc/2ndpaper/results/k500sm_ai_gfx928_4gpu/20260825T101556Z/csv/rep_r1_reducescatter_256M_tree_ll_chdefault.csv,rep_r1_reducescatter_256M_tree_ll_chdefault,ReduceScatter,4,268435456,float,63610.487660,4.219987,3.164991,0,0
/root/private_data/lyc/2ndpaper/results/k500sm_ai_gfx928_4gpu/20260825T101556Z/csv/rep_r1_reducescatter_256M_tree_simple_chdefault.csv,rep_r1_reducescatter_256M_tree_simple_chdefault,ReduceScatter,4,268435456,float,16764.241980,16.012383,12.009287,0,0
/root/private_data/lyc/2ndpaper/results/k500sm_ai_gfx928_4gpu/20260825T101556Z/csv/rep_r1_reducescatter_4K_default_chdefault.csv,rep_r1_reducescatter_4K_default_chdefault,ReduceScatter,4,4096,float,41.610240,0.098437,0.073828,0,0
/root/private_data/lyc/2ndpaper/results/k500sm_ai_gfx928_4gpu/20260825T101556Z/csv/rep_r1_reducescatter_4K_ring_ll_chdefault.csv,rep_r1_reducescatter_4K_ring_ll_chdefault,ReduceScatter,4,4096,float,41.153040,0.099531,0.074648,0,0
/root/private_data/lyc/2ndpaper/results/k500sm_ai_gfx928_4gpu/20260825T101556Z/csv/rep_r1_reducescatter_4K_ring_simple_chdefault.csv,rep_r1_reducescatter_4K_ring_simple_chdefault,ReduceScatter,4,4096,float,74.345480,0.055094,0.041321,0,0
/root/private_data/lyc/2ndpaper/results/k500sm_ai_gfx928_4gpu/20260825T101556Z/csv/rep_r1_reducescatter_4K_tree_ll_chdefault.csv,rep_r1_reducescatter_4K_tree_ll_chdefault,ReduceScatter,4,4096,float,41.126440,0.099595,0.074696,0,0
/root/private_data/lyc/2ndpaper/results/k500sm_ai_gfx928_4gpu/20260825T101556Z/csv/rep_r1_reducescatter_4K_tree_simple_chdefault.csv,rep_r1_reducescatter_4K_tree_simple_chdefault,ReduceScatter,4,4096,float,73.859680,0.055457,0.041592,0,0
/root/private_data/lyc/2ndpaper/results/k500sm_ai_gfx928_4gpu/20260825T101556Z/csv/rep_r1_reducescatter_64K_default_chdefault.csv,rep_r1_reducescatter_64K_default_chdefault,ReduceScatter,4,65536,float,45.944660,1.426412,1.069809,0,0
/root/private_data/lyc/2ndpaper/results/k500sm_ai_gfx928_4gpu/20260825T101556Z/csv/rep_r1_reducescatter_64K_ring_ll_chdefault.csv,rep_r1_reducescatter_64K_ring_ll_chdefault,ReduceScatter,4,65536,float,45.676240,1.434794,1.076096,0,0
/root/private_data/lyc/2ndpaper/results/k500sm_ai_gfx928_4gpu/20260825T101556Z/csv/rep_r1_reducescatter_64K_ring_simple_chdefault.csv,rep_r1_reducescatter_64K_ring_simple_chdefault,ReduceScatter,4,65536,float,70.392460,0.931009,0.698257,0,0
/root/private_data/lyc/2ndpaper/results/k500sm_ai_gfx928_4gpu/20260825T101556Z/csv/rep_r1_reducescatter_64K_tree_ll_chdefault.csv,rep_r1_reducescatter_64K_tree_ll_chdefault,ReduceScatter,4,65536,float,45.762040,1.432104,1.074078,0,0
/root/private_data/lyc/2ndpaper/results/k500sm_ai_gfx928_4gpu/20260825T101556Z/csv/rep_r1_reducescatter_64K_tree_simple_chdefault.csv,rep_r1_reducescatter_64K_tree_simple_chdefault,ReduceScatter,4,65536,float,70.527080,0.929232,0.696924,0,0
/root/private_data/lyc/2ndpaper/results/k500sm_ai_gfx928_4gpu/20260825T101556Z/csv/rep_r1_reducescatter_64M_default_chdefault.csv,rep_r1_reducescatter_64M_default_chdefault,ReduceScatter,4,67108864,float,4288.888700,15.647145,11.735359,0,0
/root/private_data/lyc/2ndpaper/results/k500sm_ai_gfx928_4gpu/20260825T101556Z/csv/rep_r1_reducescatter_64M_ring_ll_chdefault.csv,rep_r1_reducescatter_64M_ring_ll_chdefault,ReduceScatter,4,67108864,float,15898.400600,4.221108,3.165831,0,0
/root/private_data/lyc/2ndpaper/results/k500sm_ai_gfx928_4gpu/20260825T101556Z/csv/rep_r1_reducescatter_64M_ring_simple_chdefault.csv,rep_r1_reducescatter_64M_ring_simple_chdefault,ReduceScatter,4,67108864,float,4335.681140,15.478275,11.608706,0,0
/root/private_data/lyc/2ndpaper/results/k500sm_ai_gfx928_4gpu/20260825T101556Z/csv/rep_r1_reducescatter_64M_tree_ll_chdefault.csv,rep_r1_reducescatter_64M_tree_ll_chdefault,ReduceScatter,4,67108864,float,15984.827680,4.198285,3.148714,0,0
/root/private_data/lyc/2ndpaper/results/k500sm_ai_gfx928_4gpu/20260825T101556Z/csv/rep_r1_reducescatter_64M_tree_simple_chdefault.csv,rep_r1_reducescatter_64M_tree_simple_chdefault,ReduceScatter,4,67108864,float,4335.543060,15.478768,11.609076,0,0
/root/private_data/lyc/2ndpaper/results/k500sm_ai_gfx928_4gpu/20260825T101556Z/csv/rep_r1_reducescatter_8M_default_chdefault.csv,rep_r1_reducescatter_8M_default_chdefault,ReduceScatter,4,8388608,float,581.342560,14.429716,10.822287,0,0
/root/private_data/lyc/2ndpaper/results/k500sm_ai_gfx928_4gpu/20260825T101556Z/csv/rep_r1_reducescatter_8M_ring_ll_chdefault.csv,rep_r1_reducescatter_8M_ring_ll_chdefault,ReduceScatter,4,8388608,float,1985.099700,4.225787,3.169340,0,0
/root/private_data/lyc/2ndpaper/results/k500sm_ai_gfx928_4gpu/20260825T101556Z/csv/rep_r1_reducescatter_8M_ring_simple_chdefault.csv,rep_r1_reducescatter_8M_ring_simple_chdefault,ReduceScatter,4,8388608,float,581.704760,14.420731,10.815548,0,0
/root/private_data/lyc/2ndpaper/results/k500sm_ai_gfx928_4gpu/20260825T101556Z/csv/rep_r1_reducescatter_8M_tree_ll_chdefault.csv,rep_r1_reducescatter_8M_tree_ll_chdefault,ReduceScatter,4,8388608,float,1984.576500,4.226901,3.170176,0,0
/root/private_data/lyc/2ndpaper/results/k500sm_ai_gfx928_4gpu/20260825T101556Z/csv/rep_r1_reducescatter_8M_tree_simple_chdefault.csv,rep_r1_reducescatter_8M_tree_simple_chdefault,ReduceScatter,4,8388608,float,581.629960,14.422586,10.816939,0,0
/root/private_data/lyc/2ndpaper/results/k500sm_ai_gfx928_4gpu/20260825T101556Z/csv/rep_r2_allgather_1M_default_chdefault.csv,rep_r2_allgather_1M_default_chdefault,AllGather,4,1048576,float,122.612120,8.551977,6.413983,0,0
/root/private_data/lyc/2ndpaper/results/k500sm_ai_gfx928_4gpu/20260825T101556Z/csv/rep_r2_allgather_1M_ring_ll_chdefault.csv,rep_r2_allgather_1M_ring_ll_chdefault,AllGather,4,1048576,float,405.362200,2.586763,1.940072,0,0
/root/private_data/lyc/2ndpaper/results/k500sm_ai_gfx928_4gpu/20260825T101556Z/csv/rep_r2_allgather_1M_ring_simple_chdefault.csv,rep_r2_allgather_1M_ring_simple_chdefault,AllGather,4,1048576,float,122.539520,8.557043,6.417783,0,0
/root/private_data/lyc/2ndpaper/results/k500sm_ai_gfx928_4gpu/20260825T101556Z/csv/rep_r2_allgather_1M_tree_ll_chdefault.csv,rep_r2_allgather_1M_tree_ll_chdefault,AllGather,4,1048576,float,453.896440,2.310166,1.732624,0,0
/root/private_data/lyc/2ndpaper/results/k500sm_ai_gfx928_4gpu/20260825T101556Z/csv/rep_r2_allgather_1M_tree_simple_chdefault.csv,rep_r2_allgather_1M_tree_simple_chdefault,AllGather,4,1048576,float,122.855920,8.535006,6.401254,0,0
/root/private_data/lyc/2ndpaper/results/k500sm_ai_gfx928_4gpu/20260825T101556Z/csv/rep_r2_allgather_256M_default_chdefault.csv,rep_r2_allgather_256M_default_chdefault,AllGather,4,268435456,float,16143.364200,16.628223,12.471167,0,0
/root/private_data/lyc/2ndpaper/results/k500sm_ai_gfx928_4gpu/20260825T101556Z/csv/rep_r2_allgather_256M_ring_ll_chdefault.csv,rep_r2_allgather_256M_ring_ll_chdefault,AllGather,4,268435456,float,99732.434700,2.691556,2.018667,0,0
/root/private_data/lyc/2ndpaper/results/k500sm_ai_gfx928_4gpu/20260825T101556Z/csv/rep_r2_allgather_256M_ring_simple_chdefault.csv,rep_r2_allgather_256M_ring_simple_chdefault,AllGather,4,268435456,float,16067.739120,16.706486,12.529864,0,0
/root/private_data/lyc/2ndpaper/results/k500sm_ai_gfx928_4gpu/20260825T101556Z/csv/rep_r2_allgather_256M_tree_ll_chdefault.csv,rep_r2_allgather_256M_tree_ll_chdefault,AllGather,4,268435456,float,99832.825160,2.688850,2.016637,0,0
/root/private_data/lyc/2ndpaper/results/k500sm_ai_gfx928_4gpu/20260825T101556Z/csv/rep_r2_allgather_256M_tree_simple_chdefault.csv,rep_r2_allgather_256M_tree_simple_chdefault,AllGather,4,268435456,float,16093.232360,16.680021,12.510016,0,0
/root/private_data/lyc/2ndpaper/results/k500sm_ai_gfx928_4gpu/20260825T101556Z/csv/rep_r2_allgather_4K_default_chdefault.csv,rep_r2_allgather_4K_default_chdefault,AllGather,4,4096,float,43.729500,0.093667,0.070250,0,0
/root/private_data/lyc/2ndpaper/results/k500sm_ai_gfx928_4gpu/20260825T101556Z/csv/rep_r2_allgather_4K_ring_ll_chdefault.csv,rep_r2_allgather_4K_ring_ll_chdefault,AllGather,4,4096,float,91.690100,0.044672,0.033504,0,0
/root/private_data/lyc/2ndpaper/results/k500sm_ai_gfx928_4gpu/20260825T101556Z/csv/rep_r2_allgather_4K_ring_simple_chdefault.csv,rep_r2_allgather_4K_ring_simple_chdefault,AllGather,4,4096,float,72.290800,0.056660,0.042495,0,0
/root/private_data/lyc/2ndpaper/results/k500sm_ai_gfx928_4gpu/20260825T101556Z/csv/rep_r2_allgather_4K_tree_ll_chdefault.csv,rep_r2_allgather_4K_tree_ll_chdefault,AllGather,4,4096,float,43.765320,0.093590,0.070193,0,0
/root/private_data/lyc/2ndpaper/results/k500sm_ai_gfx928_4gpu/20260825T101556Z/csv/rep_r2_allgather_4K_tree_simple_chdefault.csv,rep_r2_allgather_4K_tree_simple_chdefault,AllGather,4,4096,float,72.104500,0.056806,0.042605,0,0
/root/private_data/lyc/2ndpaper/results/k500sm_ai_gfx928_4gpu/20260825T101556Z/csv/rep_r2_allgather_64K_default_chdefault.csv,rep_r2_allgather_64K_default_chdefault,AllGather,4,65536,float,54.583740,1.200651,0.900488,0,0
/root/private_data/lyc/2ndpaper/results/k500sm_ai_gfx928_4gpu/20260825T101556Z/csv/rep_r2_allgather_64K_ring_ll_chdefault.csv,rep_r2_allgather_64K_ring_ll_chdefault,AllGather,4,65536,float,54.629440,1.199646,0.899735,0,0
/root/private_data/lyc/2ndpaper/results/k500sm_ai_gfx928_4gpu/20260825T101556Z/csv/rep_r2_allgather_64K_ring_simple_chdefault.csv,rep_r2_allgather_64K_ring_simple_chdefault,AllGather,4,65536,float,67.652020,0.968722,0.726541,0,0
/root/private_data/lyc/2ndpaper/results/k500sm_ai_gfx928_4gpu/20260825T101556Z/csv/rep_r2_allgather_64K_tree_ll_chdefault.csv,rep_r2_allgather_64K_tree_ll_chdefault,AllGather,4,65536,float,54.507460,1.202331,0.901748,0,0
/root/private_data/lyc/2ndpaper/results/k500sm_ai_gfx928_4gpu/20260825T101556Z/csv/rep_r2_allgather_64K_tree_simple_chdefault.csv,rep_r2_allgather_64K_tree_simple_chdefault,AllGather,4,65536,float,67.701060,0.968020,0.726015,0,0
/root/private_data/lyc/2ndpaper/results/k500sm_ai_gfx928_4gpu/20260825T101556Z/csv/rep_r2_allgather_64M_default_chdefault.csv,rep_r2_allgather_64M_default_chdefault,AllGather,4,67108864,float,4117.939740,16.296709,12.222531,0,0
/root/private_data/lyc/2ndpaper/results/k500sm_ai_gfx928_4gpu/20260825T101556Z/csv/rep_r2_allgather_64M_ring_ll_chdefault.csv,rep_r2_allgather_64M_ring_ll_chdefault,AllGather,4,67108864,float,24972.839620,2.687274,2.015456,0,0
/root/private_data/lyc/2ndpaper/results/k500sm_ai_gfx928_4gpu/20260825T101556Z/csv/rep_r2_allgather_64M_ring_simple_chdefault.csv,rep_r2_allgather_64M_ring_simple_chdefault,AllGather,4,67108864,float,4105.140520,16.347519,12.260639,0,0
/root/private_data/lyc/2ndpaper/results/k500sm_ai_gfx928_4gpu/20260825T101556Z/csv/rep_r2_allgather_64M_tree_ll_chdefault.csv,rep_r2_allgather_64M_tree_ll_chdefault,AllGather,4,67108864,float,24917.330560,2.693261,2.019945,0,0
/root/private_data/lyc/2ndpaper/results/k500sm_ai_gfx928_4gpu/20260825T101556Z/csv/rep_r2_allgather_64M_tree_simple_chdefault.csv,rep_r2_allgather_64M_tree_simple_chdefault,AllGather,4,67108864,float,4104.561520,16.349825,12.262369,0,0
/root/private_data/lyc/2ndpaper/results/k500sm_ai_gfx928_4gpu/20260825T101556Z/csv/rep_r2_allgather_8M_default_chdefault.csv,rep_r2_allgather_8M_default_chdefault,AllGather,4,8388608,float,558.819940,15.011290,11.258467,0,0
/root/private_data/lyc/2ndpaper/results/k500sm_ai_gfx928_4gpu/20260825T101556Z/csv/rep_r2_allgather_8M_ring_ll_chdefault.csv,rep_r2_allgather_8M_ring_ll_chdefault,AllGather,4,8388608,float,3112.279360,2.695326,2.021495,0,0
/root/private_data/lyc/2ndpaper/results/k500sm_ai_gfx928_4gpu/20260825T101556Z/csv/rep_r2_allgather_8M_ring_simple_chdefault.csv,rep_r2_allgather_8M_ring_simple_chdefault,AllGather,4,8388608,float,559.800940,14.984984,11.238738,0,0
/root/private_data/lyc/2ndpaper/results/k500sm_ai_gfx928_4gpu/20260825T101556Z/csv/rep_r2_allgather_8M_tree_ll_chdefault.csv,rep_r2_allgather_8M_tree_ll_chdefault,AllGather,4,8388608,float,3111.915160,2.695642,2.021731,0,0
/root/private_data/lyc/2ndpaper/results/k500sm_ai_gfx928_4gpu/20260825T101556Z/csv/rep_r2_allgather_8M_tree_simple_chdefault.csv,rep_r2_allgather_8M_tree_simple_chdefault,AllGather,4,8388608,float,559.305740,14.998251,11.248688,0,0
/root/private_data/lyc/2ndpaper/results/k500sm_ai_gfx928_4gpu/20260825T101556Z/csv/rep_r2_allreduce_1M_default_chdefault.csv,rep_r2_allreduce_1M_default_chdefault,AllReduce,4,1048576,float,197.400800,5.311914,7.967870,0,0
/root/private_data/lyc/2ndpaper/results/k500sm_ai_gfx928_4gpu/20260825T101556Z/csv/rep_r2_allreduce_1M_ring_ll_chdefault.csv,rep_r2_allreduce_1M_ring_ll_chdefault,AllReduce,4,1048576,float,463.619640,2.261716,3.392574,0,0
/root/private_data/lyc/2ndpaper/results/k500sm_ai_gfx928_4gpu/20260825T101556Z/csv/rep_r2_allreduce_1M_ring_simple_chdefault.csv,rep_r2_allreduce_1M_ring_simple_chdefault,AllReduce,4,1048576,float,197.905800,5.298359,7.947539,0,0
/root/private_data/lyc/2ndpaper/results/k500sm_ai_gfx928_4gpu/20260825T101556Z/csv/rep_r2_allreduce_1M_tree_ll_chdefault.csv,rep_r2_allreduce_1M_tree_ll_chdefault,AllReduce,4,1048576,float,1229.417560,0.852905,1.279357,0,0
/root/private_data/lyc/2ndpaper/results/k500sm_ai_gfx928_4gpu/20260825T101556Z/csv/rep_r2_allreduce_1M_tree_simple_chdefault.csv,rep_r2_allreduce_1M_tree_simple_chdefault,AllReduce,4,1048576,float,366.133360,2.863918,4.295877,0,0
/root/private_data/lyc/2ndpaper/results/k500sm_ai_gfx928_4gpu/20260825T101556Z/csv/rep_r2_allreduce_256M_default_chdefault.csv,rep_r2_allreduce_256M_default_chdefault,AllReduce,4,268435456,float,30906.335860,8.685451,13.028176,0,0
/root/private_data/lyc/2ndpaper/results/k500sm_ai_gfx928_4gpu/20260825T101556Z/csv/rep_r2_allreduce_256M_ring_ll_chdefault.csv,rep_r2_allreduce_256M_ring_ll_chdefault,AllReduce,4,268435456,float,115734.677360,2.319404,3.479106,0,0
/root/private_data/lyc/2ndpaper/results/k500sm_ai_gfx928_4gpu/20260825T101556Z/csv/rep_r2_allreduce_256M_ring_simple_chdefault.csv,rep_r2_allreduce_256M_ring_simple_chdefault,AllReduce,4,268435456,float,30910.555080,8.684265,13.026398,0,0
/root/private_data/lyc/2ndpaper/results/k500sm_ai_gfx928_4gpu/20260825T101556Z/csv/rep_r2_allreduce_256M_tree_ll_chdefault.csv,rep_r2_allreduce_256M_tree_ll_chdefault,AllReduce,4,268435456,float,282934.393420,0.948755,1.423133,0,0
/root/private_data/lyc/2ndpaper/results/k500sm_ai_gfx928_4gpu/20260825T101556Z/csv/rep_r2_allreduce_256M_tree_simple_chdefault.csv,rep_r2_allreduce_256M_tree_simple_chdefault,AllReduce,4,268435456,float,40664.499980,6.601224,9.901835,0,0
/root/private_data/lyc/2ndpaper/results/k500sm_ai_gfx928_4gpu/20260825T101556Z/csv/rep_r2_allreduce_4K_default_chdefault.csv,rep_r2_allreduce_4K_default_chdefault,AllReduce,4,4096,float,50.193140,0.081605,0.122407,0,0
/root/private_data/lyc/2ndpaper/results/k500sm_ai_gfx928_4gpu/20260825T101556Z/csv/rep_r2_allreduce_4K_ring_ll_chdefault.csv,rep_r2_allreduce_4K_ring_ll_chdefault,AllReduce,4,4096,float,49.719640,0.082382,0.123573,0,0
/root/private_data/lyc/2ndpaper/results/k500sm_ai_gfx928_4gpu/20260825T101556Z/csv/rep_r2_allreduce_4K_ring_simple_chdefault.csv,rep_r2_allreduce_4K_ring_simple_chdefault,AllReduce,4,4096,float,94.220180,0.043473,0.065209,0,0
/root/private_data/lyc/2ndpaper/results/k500sm_ai_gfx928_4gpu/20260825T101556Z/csv/rep_r2_allreduce_4K_tree_ll_chdefault.csv,rep_r2_allreduce_4K_tree_ll_chdefault,AllReduce,4,4096,float,47.672060,0.085920,0.128881,0,0
/root/private_data/lyc/2ndpaper/results/k500sm_ai_gfx928_4gpu/20260825T101556Z/csv/rep_r2_allreduce_4K_tree_simple_chdefault.csv,rep_r2_allreduce_4K_tree_simple_chdefault,AllReduce,4,4096,float,95.813100,0.042750,0.064125,0,0
/root/private_data/lyc/2ndpaper/results/k500sm_ai_gfx928_4gpu/20260825T101556Z/csv/rep_r2_allreduce_64K_default_chdefault.csv,rep_r2_allreduce_64K_default_chdefault,AllReduce,4,65536,float,65.024660,1.007864,1.511796,0,0
/root/private_data/lyc/2ndpaper/results/k500sm_ai_gfx928_4gpu/20260825T101556Z/csv/rep_r2_allreduce_64K_ring_ll_chdefault.csv,rep_r2_allreduce_64K_ring_ll_chdefault,AllReduce,4,65536,float,65.008860,1.008109,1.512163,0,0
/root/private_data/lyc/2ndpaper/results/k500sm_ai_gfx928_4gpu/20260825T101556Z/csv/rep_r2_allreduce_64K_ring_simple_chdefault.csv,rep_r2_allreduce_64K_ring_simple_chdefault,AllReduce,4,65536,float,101.208300,0.647536,0.971304,0,0
/root/private_data/lyc/2ndpaper/results/k500sm_ai_gfx928_4gpu/20260825T101556Z/csv/rep_r2_allreduce_64K_tree_ll_chdefault.csv,rep_r2_allreduce_64K_tree_ll_chdefault,AllReduce,4,65536,float,113.021920,0.579852,0.869778,0,0
/root/private_data/lyc/2ndpaper/results/k500sm_ai_gfx928_4gpu/20260825T101556Z/csv/rep_r2_allreduce_64K_tree_simple_chdefault.csv,rep_r2_allreduce_64K_tree_simple_chdefault,AllReduce,4,65536,float,107.967500,0.606997,0.910496,0,0
/root/private_data/lyc/2ndpaper/results/k500sm_ai_gfx928_4gpu/20260825T101556Z/csv/rep_r2_allreduce_64M_default_chdefault.csv,rep_r2_allreduce_64M_default_chdefault,AllReduce,4,67108864,float,7882.574120,8.513572,12.770358,0,0
/root/private_data/lyc/2ndpaper/results/k500sm_ai_gfx928_4gpu/20260825T101556Z/csv/rep_r2_allreduce_64M_ring_ll_chdefault.csv,rep_r2_allreduce_64M_ring_ll_chdefault,AllReduce,4,67108864,float,28878.343940,2.323847,3.485771,0,0
/root/private_data/lyc/2ndpaper/results/k500sm_ai_gfx928_4gpu/20260825T101556Z/csv/rep_r2_allreduce_64M_ring_simple_chdefault.csv,rep_r2_allreduce_64M_ring_simple_chdefault,AllReduce,4,67108864,float,7839.902680,8.559910,12.839866,0,0
/root/private_data/lyc/2ndpaper/results/k500sm_ai_gfx928_4gpu/20260825T101556Z/csv/rep_r2_allreduce_64M_tree_ll_chdefault.csv,rep_r2_allreduce_64M_tree_ll_chdefault,AllReduce,4,67108864,float,70900.592220,0.946521,1.419781,0,0
/root/private_data/lyc/2ndpaper/results/k500sm_ai_gfx928_4gpu/20260825T101556Z/csv/rep_r2_allreduce_64M_tree_simple_chdefault.csv,rep_r2_allreduce_64M_tree_simple_chdefault,AllReduce,4,67108864,float,10557.629860,6.356433,9.534649,0,0
/root/private_data/lyc/2ndpaper/results/k500sm_ai_gfx928_4gpu/20260825T101556Z/csv/rep_r2_allreduce_8M_default_chdefault.csv,rep_r2_allreduce_8M_default_chdefault,AllReduce,4,8388608,float,1078.242840,7.779888,11.669831,0,0
/root/private_data/lyc/2ndpaper/results/k500sm_ai_gfx928_4gpu/20260825T101556Z/csv/rep_r2_allreduce_8M_ring_ll_chdefault.csv,rep_r2_allreduce_8M_ring_ll_chdefault,AllReduce,4,8388608,float,3652.471480,2.296694,3.445040,0,0
/root/private_data/lyc/2ndpaper/results/k500sm_ai_gfx928_4gpu/20260825T101556Z/csv/rep_r2_allreduce_8M_ring_simple_chdefault.csv,rep_r2_allreduce_8M_ring_simple_chdefault,AllReduce,4,8388608,float,1032.981980,8.120769,12.181153,0,0
/root/private_data/lyc/2ndpaper/results/k500sm_ai_gfx928_4gpu/20260825T101556Z/csv/rep_r2_allreduce_8M_tree_ll_chdefault.csv,rep_r2_allreduce_8M_tree_ll_chdefault,AllReduce,4,8388608,float,8979.627960,0.934182,1.401273,0,0
/root/private_data/lyc/2ndpaper/results/k500sm_ai_gfx928_4gpu/20260825T101556Z/csv/rep_r2_allreduce_8M_tree_simple_chdefault.csv,rep_r2_allreduce_8M_tree_simple_chdefault,AllReduce,4,8388608,float,1572.678100,5.333964,8.000946,0,0
/root/private_data/lyc/2ndpaper/results/k500sm_ai_gfx928_4gpu/20260825T101556Z/csv/rep_r2_reducescatter_1M_default_chdefault.csv,rep_r2_reducescatter_1M_default_chdefault,ReduceScatter,4,1048576,float,129.907540,8.071710,6.053783,0,0
/root/private_data/lyc/2ndpaper/results/k500sm_ai_gfx928_4gpu/20260825T101556Z/csv/rep_r2_reducescatter_1M_ring_ll_chdefault.csv,rep_r2_reducescatter_1M_ring_ll_chdefault,ReduceScatter,4,1048576,float,262.790060,3.990166,2.992625,0,0
/root/private_data/lyc/2ndpaper/results/k500sm_ai_gfx928_4gpu/20260825T101556Z/csv/rep_r2_reducescatter_1M_ring_simple_chdefault.csv,rep_r2_reducescatter_1M_ring_simple_chdefault,ReduceScatter,4,1048576,float,131.161920,7.994515,5.995887,0,0
/root/private_data/lyc/2ndpaper/results/k500sm_ai_gfx928_4gpu/20260825T101556Z/csv/rep_r2_reducescatter_1M_tree_ll_chdefault.csv,rep_r2_reducescatter_1M_tree_ll_chdefault,ReduceScatter,4,1048576,float,262.957240,3.987629,2.990722,0,0
/root/private_data/lyc/2ndpaper/results/k500sm_ai_gfx928_4gpu/20260825T101556Z/csv/rep_r2_reducescatter_1M_tree_simple_chdefault.csv,rep_r2_reducescatter_1M_tree_simple_chdefault,ReduceScatter,4,1048576,float,130.107720,8.059291,6.044468,0,0
/root/private_data/lyc/2ndpaper/results/k500sm_ai_gfx928_4gpu/20260825T101556Z/csv/rep_r2_reducescatter_256M_default_chdefault.csv,rep_r2_reducescatter_256M_default_chdefault,ReduceScatter,4,268435456,float,16774.001180,16.003066,12.002300,0,0
/root/private_data/lyc/2ndpaper/results/k500sm_ai_gfx928_4gpu/20260825T101556Z/csv/rep_r2_reducescatter_256M_ring_ll_chdefault.csv,rep_r2_reducescatter_256M_ring_ll_chdefault,ReduceScatter,4,268435456,float,63786.400440,4.208349,3.156262,0,0
/root/private_data/lyc/2ndpaper/results/k500sm_ai_gfx928_4gpu/20260825T101556Z/csv/rep_r2_reducescatter_256M_ring_simple_chdefault.csv,rep_r2_reducescatter_256M_ring_simple_chdefault,ReduceScatter,4,268435456,float,16828.217040,15.951509,11.963632,0,0
/root/private_data/lyc/2ndpaper/results/k500sm_ai_gfx928_4gpu/20260825T101556Z/csv/rep_r2_reducescatter_256M_tree_ll_chdefault.csv,rep_r2_reducescatter_256M_tree_ll_chdefault,ReduceScatter,4,268435456,float,63747.403980,4.210924,3.158193,0,0
/root/private_data/lyc/2ndpaper/results/k500sm_ai_gfx928_4gpu/20260825T101556Z/csv/rep_r2_reducescatter_256M_tree_simple_chdefault.csv,rep_r2_reducescatter_256M_tree_simple_chdefault,ReduceScatter,4,268435456,float,16880.547500,15.902059,11.926544,0,0
/root/private_data/lyc/2ndpaper/results/k500sm_ai_gfx928_4gpu/20260825T101556Z/csv/rep_r2_reducescatter_4K_default_chdefault.csv,rep_r2_reducescatter_4K_default_chdefault,ReduceScatter,4,4096,float,41.328840,0.099108,0.074331,0,0
/root/private_data/lyc/2ndpaper/results/k500sm_ai_gfx928_4gpu/20260825T101556Z/csv/rep_r2_reducescatter_4K_ring_ll_chdefault.csv,rep_r2_reducescatter_4K_ring_ll_chdefault,ReduceScatter,4,4096,float,40.797040,0.100399,0.075300,0,0
/root/private_data/lyc/2ndpaper/results/k500sm_ai_gfx928_4gpu/20260825T101556Z/csv/rep_r2_reducescatter_4K_ring_simple_chdefault.csv,rep_r2_reducescatter_4K_ring_simple_chdefault,ReduceScatter,4,4096,float,74.081080,0.055291,0.041468,0,0
/root/private_data/lyc/2ndpaper/results/k500sm_ai_gfx928_4gpu/20260825T101556Z/csv/rep_r2_reducescatter_4K_tree_ll_chdefault.csv,rep_r2_reducescatter_4K_tree_ll_chdefault,ReduceScatter,4,4096,float,41.454640,0.098807,0.074105,0,0
/root/private_data/lyc/2ndpaper/results/k500sm_ai_gfx928_4gpu/20260825T101556Z/csv/rep_r2_reducescatter_4K_tree_simple_chdefault.csv,rep_r2_reducescatter_4K_tree_simple_chdefault,ReduceScatter,4,4096,float,74.632880,0.054882,0.041161,0,0
/root/private_data/lyc/2ndpaper/results/k500sm_ai_gfx928_4gpu/20260825T101556Z/csv/rep_r2_reducescatter_64K_default_chdefault.csv,rep_r2_reducescatter_64K_default_chdefault,ReduceScatter,4,65536,float,46.404260,1.412284,1.059213,0,0
/root/private_data/lyc/2ndpaper/results/k500sm_ai_gfx928_4gpu/20260825T101556Z/csv/rep_r2_reducescatter_64K_ring_ll_chdefault.csv,rep_r2_reducescatter_64K_ring_ll_chdefault,ReduceScatter,4,65536,float,45.931840,1.426810,1.070107,0,0
/root/private_data/lyc/2ndpaper/results/k500sm_ai_gfx928_4gpu/20260825T101556Z/csv/rep_r2_reducescatter_64K_ring_simple_chdefault.csv,rep_r2_reducescatter_64K_ring_simple_chdefault,ReduceScatter,4,65536,float,70.706680,0.926871,0.695154,0,0
/root/private_data/lyc/2ndpaper/results/k500sm_ai_gfx928_4gpu/20260825T101556Z/csv/rep_r2_reducescatter_64K_tree_ll_chdefault.csv,rep_r2_reducescatter_64K_tree_ll_chdefault,ReduceScatter,4,65536,float,45.872240,1.428664,1.071498,0,0
/root/private_data/lyc/2ndpaper/results/k500sm_ai_gfx928_4gpu/20260825T101556Z/csv/rep_r2_reducescatter_64K_tree_simple_chdefault.csv,rep_r2_reducescatter_64K_tree_simple_chdefault,ReduceScatter,4,65536,float,70.312280,0.932070,0.699053,0,0
/root/private_data/lyc/2ndpaper/results/k500sm_ai_gfx928_4gpu/20260825T101556Z/csv/rep_r2_reducescatter_64M_default_chdefault.csv,rep_r2_reducescatter_64M_default_chdefault,ReduceScatter,4,67108864,float,4285.456500,15.659677,11.744758,0,0
/root/private_data/lyc/2ndpaper/results/k500sm_ai_gfx928_4gpu/20260825T101556Z/csv/rep_r2_reducescatter_64M_ring_ll_chdefault.csv,rep_r2_reducescatter_64M_ring_ll_chdefault,ReduceScatter,4,67108864,float,15952.790420,4.206716,3.155037,0,0
/root/private_data/lyc/2ndpaper/results/k500sm_ai_gfx928_4gpu/20260825T101556Z/csv/rep_r2_reducescatter_64M_ring_simple_chdefault.csv,rep_r2_reducescatter_64M_ring_simple_chdefault,ReduceScatter,4,67108864,float,4330.340860,15.497363,11.623022,0,0
/root/private_data/lyc/2ndpaper/results/k500sm_ai_gfx928_4gpu/20260825T101556Z/csv/rep_r2_reducescatter_64M_tree_ll_chdefault.csv,rep_r2_reducescatter_64M_tree_ll_chdefault,ReduceScatter,4,67108864,float,15905.123760,4.219324,3.164493,0,0
/root/private_data/lyc/2ndpaper/results/k500sm_ai_gfx928_4gpu/20260825T101556Z/csv/rep_r2_reducescatter_64M_tree_simple_chdefault.csv,rep_r2_reducescatter_64M_tree_simple_chdefault,ReduceScatter,4,67108864,float,4287.211460,15.653267,11.739950,0,0
/root/private_data/lyc/2ndpaper/results/k500sm_ai_gfx928_4gpu/20260825T101556Z/csv/rep_r2_reducescatter_8M_default_chdefault.csv,rep_r2_reducescatter_8M_default_chdefault,ReduceScatter,4,8388608,float,581.834960,14.417504,10.813128,0,0
/root/private_data/lyc/2ndpaper/results/k500sm_ai_gfx928_4gpu/20260825T101556Z/csv/rep_r2_reducescatter_8M_ring_ll_chdefault.csv,rep_r2_reducescatter_8M_ring_ll_chdefault,ReduceScatter,4,8388608,float,1984.751900,4.226527,3.169895,0,0
/root/private_data/lyc/2ndpaper/results/k500sm_ai_gfx928_4gpu/20260825T101556Z/csv/rep_r2_reducescatter_8M_ring_simple_chdefault.csv,rep_r2_reducescatter_8M_ring_simple_chdefault,ReduceScatter,4,8388608,float,582.508140,14.400843,10.800632,0,0
/root/private_data/lyc/2ndpaper/results/k500sm_ai_gfx928_4gpu/20260825T101556Z/csv/rep_r2_reducescatter_8M_tree_ll_chdefault.csv,rep_r2_reducescatter_8M_tree_ll_chdefault,ReduceScatter,4,8388608,float,1984.637480,4.226771,3.170078,0,0
/root/private_data/lyc/2ndpaper/results/k500sm_ai_gfx928_4gpu/20260825T101556Z/csv/rep_r2_reducescatter_8M_tree_simple_chdefault.csv,rep_r2_reducescatter_8M_tree_simple_chdefault,ReduceScatter,4,8388608,float,585.031160,14.338737,10.754053,0,0
/root/private_data/lyc/2ndpaper/results/k500sm_ai_gfx928_4gpu/20260825T101556Z/csv/rep_r3_allgather_1M_default_chdefault.csv,rep_r3_allgather_1M_default_chdefault,AllGather,4,1048576,float,121.846120,8.605740,6.454305,0,0
/root/private_data/lyc/2ndpaper/results/k500sm_ai_gfx928_4gpu/20260825T101556Z/csv/rep_r3_allgather_1M_ring_ll_chdefault.csv,rep_r3_allgather_1M_ring_ll_chdefault,AllGather,4,1048576,float,447.054820,2.345520,1.759140,0,0
/root/private_data/lyc/2ndpaper/results/k500sm_ai_gfx928_4gpu/20260825T101556Z/csv/rep_r3_allgather_1M_ring_simple_chdefault.csv,rep_r3_allgather_1M_ring_simple_chdefault,AllGather,4,1048576,float,121.888120,8.602774,6.452081,0,0
/root/private_data/lyc/2ndpaper/results/k500sm_ai_gfx928_4gpu/20260825T101556Z/csv/rep_r3_allgather_1M_tree_ll_chdefault.csv,rep_r3_allgather_1M_tree_ll_chdefault,AllGather,4,1048576,float,409.582800,2.560108,1.920081,0,0
/root/private_data/lyc/2ndpaper/results/k500sm_ai_gfx928_4gpu/20260825T101556Z/csv/rep_r3_allgather_1M_tree_simple_chdefault.csv,rep_r3_allgather_1M_tree_simple_chdefault,AllGather,4,1048576,float,121.730920,8.613884,6.460413,0,0
/root/private_data/lyc/2ndpaper/results/k500sm_ai_gfx928_4gpu/20260825T101556Z/csv/rep_r3_allgather_256M_default_chdefault.csv,rep_r3_allgather_256M_default_chdefault,AllGather,4,268435456,float,15992.768460,16.784802,12.588602,0,0
/root/private_data/lyc/2ndpaper/results/k500sm_ai_gfx928_4gpu/20260825T101556Z/csv/rep_r3_allgather_256M_ring_ll_chdefault.csv,rep_r3_allgather_256M_ring_ll_chdefault,AllGather,4,268435456,float,99613.736200,2.694763,2.021073,0,0
/root/private_data/lyc/2ndpaper/results/k500sm_ai_gfx928_4gpu/20260825T101556Z/csv/rep_r3_allgather_256M_ring_simple_chdefault.csv,rep_r3_allgather_256M_ring_simple_chdefault,AllGather,4,268435456,float,16051.868520,16.723004,12.542253,0,0
/root/private_data/lyc/2ndpaper/results/k500sm_ai_gfx928_4gpu/20260825T101556Z/csv/rep_r3_allgather_256M_tree_ll_chdefault.csv,rep_r3_allgather_256M_tree_ll_chdefault,AllGather,4,268435456,float,99705.905020,2.692272,2.019204,0,0
/root/private_data/lyc/2ndpaper/results/k500sm_ai_gfx928_4gpu/20260825T101556Z/csv/rep_r3_allgather_256M_tree_simple_chdefault.csv,rep_r3_allgather_256M_tree_simple_chdefault,AllGather,4,268435456,float,16054.342120,16.720427,12.540320,0,0
/root/private_data/lyc/2ndpaper/results/k500sm_ai_gfx928_4gpu/20260825T101556Z/csv/rep_r3_allgather_4K_default_chdefault.csv,rep_r3_allgather_4K_default_chdefault,AllGather,4,4096,float,43.097780,0.095040,0.071280,0,0
/root/private_data/lyc/2ndpaper/results/k500sm_ai_gfx928_4gpu/20260825T101556Z/csv/rep_r3_allgather_4K_ring_ll_chdefault.csv,rep_r3_allgather_4K_ring_ll_chdefault,AllGather,4,4096,float,44.117300,0.092843,0.069633,0,0
/root/private_data/lyc/2ndpaper/results/k500sm_ai_gfx928_4gpu/20260825T101556Z/csv/rep_r3_allgather_4K_ring_simple_chdefault.csv,rep_r3_allgather_4K_ring_simple_chdefault,AllGather,4,4096,float,71.926820,0.056947,0.042710,0,0
/root/private_data/lyc/2ndpaper/results/k500sm_ai_gfx928_4gpu/20260825T101556Z/csv/rep_r3_allgather_4K_tree_ll_chdefault.csv,rep_r3_allgather_4K_tree_ll_chdefault,AllGather,4,4096,float,43.453160,0.094262,0.070697,0,0
/root/private_data/lyc/2ndpaper/results/k500sm_ai_gfx928_4gpu/20260825T101556Z/csv/rep_r3_allgather_4K_tree_simple_chdefault.csv,rep_r3_allgather_4K_tree_simple_chdefault,AllGather,4,4096,float,72.348420,0.056615,0.042461,0,0
/root/private_data/lyc/2ndpaper/results/k500sm_ai_gfx928_4gpu/20260825T101556Z/csv/rep_r3_allgather_64K_default_chdefault.csv,rep_r3_allgather_64K_default_chdefault,AllGather,4,65536,float,54.483080,1.202869,0.902152,0,0
/root/private_data/lyc/2ndpaper/results/k500sm_ai_gfx928_4gpu/20260825T101556Z/csv/rep_r3_allgather_64K_ring_ll_chdefault.csv,rep_r3_allgather_64K_ring_ll_chdefault,AllGather,4,65536,float,54.841060,1.195017,0.896263,0,0
/root/private_data/lyc/2ndpaper/results/k500sm_ai_gfx928_4gpu/20260825T101556Z/csv/rep_r3_allgather_64K_ring_simple_chdefault.csv,rep_r3_allgather_64K_ring_simple_chdefault,AllGather,4,65536,float,67.653280,0.968704,0.726528,0,0
/root/private_data/lyc/2ndpaper/results/k500sm_ai_gfx928_4gpu/20260825T101556Z/csv/rep_r3_allgather_64K_tree_ll_chdefault.csv,rep_r3_allgather_64K_tree_ll_chdefault,AllGather,4,65536,float,54.442240,1.203771,0.902828,0,0
/root/private_data/lyc/2ndpaper/results/k500sm_ai_gfx928_4gpu/20260825T101556Z/csv/rep_r3_allgather_64K_tree_simple_chdefault.csv,rep_r3_allgather_64K_tree_simple_chdefault,AllGather,4,65536,float,67.378060,0.972661,0.729496,0,0
/root/private_data/lyc/2ndpaper/results/k500sm_ai_gfx928_4gpu/20260825T101556Z/csv/rep_r3_allgather_64M_default_chdefault.csv,rep_r3_allgather_64M_default_chdefault,AllGather,4,67108864,float,4111.367520,16.322760,12.242070,0,0
/root/private_data/lyc/2ndpaper/results/k500sm_ai_gfx928_4gpu/20260825T101556Z/csv/rep_r3_allgather_64M_ring_ll_chdefault.csv,rep_r3_allgather_64M_ring_ll_chdefault,AllGather,4,67108864,float,24958.496200,2.688818,2.016614,0,0
/root/private_data/lyc/2ndpaper/results/k500sm_ai_gfx928_4gpu/20260825T101556Z/csv/rep_r3_allgather_64M_ring_simple_chdefault.csv,rep_r3_allgather_64M_ring_simple_chdefault,AllGather,4,67108864,float,4146.682340,16.183748,12.137811,0,0
/root/private_data/lyc/2ndpaper/results/k500sm_ai_gfx928_4gpu/20260825T101556Z/csv/rep_r3_allgather_64M_tree_ll_chdefault.csv,rep_r3_allgather_64M_tree_ll_chdefault,AllGather,4,67108864,float,24890.762340,2.696135,2.022102,0,0
/root/private_data/lyc/2ndpaper/results/k500sm_ai_gfx928_4gpu/20260825T101556Z/csv/rep_r3_allgather_64M_tree_simple_chdefault.csv,rep_r3_allgather_64M_tree_simple_chdefault,AllGather,4,67108864,float,4107.928320,16.336425,12.252319,0,0
/root/private_data/lyc/2ndpaper/results/k500sm_ai_gfx928_4gpu/20260825T101556Z/csv/rep_r3_allgather_8M_default_chdefault.csv,rep_r3_allgather_8M_default_chdefault,AllGather,4,8388608,float,558.798120,15.011876,11.258907,0,0
/root/private_data/lyc/2ndpaper/results/k500sm_ai_gfx928_4gpu/20260825T101556Z/csv/rep_r3_allgather_8M_ring_ll_chdefault.csv,rep_r3_allgather_8M_ring_ll_chdefault,AllGather,4,8388608,float,3110.162960,2.697160,2.022870,0,0
/root/private_data/lyc/2ndpaper/results/k500sm_ai_gfx928_4gpu/20260825T101556Z/csv/rep_r3_allgather_8M_ring_simple_chdefault.csv,rep_r3_allgather_8M_ring_simple_chdefault,AllGather,4,8388608,float,559.254140,14.999635,11.249726,0,0
/root/private_data/lyc/2ndpaper/results/k500sm_ai_gfx928_4gpu/20260825T101556Z/csv/rep_r3_allgather_8M_tree_ll_chdefault.csv,rep_r3_allgather_8M_tree_ll_chdefault,AllGather,4,8388608,float,3108.687580,2.698440,2.023830,0,0
/root/private_data/lyc/2ndpaper/results/k500sm_ai_gfx928_4gpu/20260825T101556Z/csv/rep_r3_allgather_8M_tree_simple_chdefault.csv,rep_r3_allgather_8M_tree_simple_chdefault,AllGather,4,8388608,float,559.422940,14.995109,11.246332,0,0
/root/private_data/lyc/2ndpaper/results/k500sm_ai_gfx928_4gpu/20260825T101556Z/csv/rep_r3_allreduce_1M_default_chdefault.csv,rep_r3_allreduce_1M_default_chdefault,AllReduce,4,1048576,float,198.844580,5.273345,7.910017,0,0
/root/private_data/lyc/2ndpaper/results/k500sm_ai_gfx928_4gpu/20260825T101556Z/csv/rep_r3_allreduce_1M_ring_ll_chdefault.csv,rep_r3_allreduce_1M_ring_ll_chdefault,AllReduce,4,1048576,float,463.523660,2.262184,3.393277,0,0
/root/private_data/lyc/2ndpaper/results/k500sm_ai_gfx928_4gpu/20260825T101556Z/csv/rep_r3_allreduce_1M_ring_simple_chdefault.csv,rep_r3_allreduce_1M_ring_simple_chdefault,AllReduce,4,1048576,float,197.991800,5.296058,7.944087,0,0
/root/private_data/lyc/2ndpaper/results/k500sm_ai_gfx928_4gpu/20260825T101556Z/csv/rep_r3_allreduce_1M_tree_ll_chdefault.csv,rep_r3_allreduce_1M_tree_ll_chdefault,AllReduce,4,1048576,float,1184.596520,0.885176,1.327763,0,0
/root/private_data/lyc/2ndpaper/results/k500sm_ai_gfx928_4gpu/20260825T101556Z/csv/rep_r3_allreduce_1M_tree_simple_chdefault.csv,rep_r3_allreduce_1M_tree_simple_chdefault,AllReduce,4,1048576,float,327.250700,3.204198,4.806297,0,0
/root/private_data/lyc/2ndpaper/results/k500sm_ai_gfx928_4gpu/20260825T101556Z/csv/rep_r3_allreduce_256M_default_chdefault.csv,rep_r3_allreduce_256M_default_chdefault,AllReduce,4,268435456,float,30955.642120,8.671616,13.007425,0,0
/root/private_data/lyc/2ndpaper/results/k500sm_ai_gfx928_4gpu/20260825T101556Z/csv/rep_r3_allreduce_256M_ring_ll_chdefault.csv,rep_r3_allreduce_256M_ring_ll_chdefault,AllReduce,4,268435456,float,115671.164940,2.320677,3.481016,0,0
/root/private_data/lyc/2ndpaper/results/k500sm_ai_gfx928_4gpu/20260825T101556Z/csv/rep_r3_allreduce_256M_ring_simple_chdefault.csv,rep_r3_allreduce_256M_ring_simple_chdefault,AllReduce,4,268435456,float,30859.644020,8.698592,13.047888,0,0
/root/private_data/lyc/2ndpaper/results/k500sm_ai_gfx928_4gpu/20260825T101556Z/csv/rep_r3_allreduce_256M_tree_ll_chdefault.csv,rep_r3_allreduce_256M_tree_ll_chdefault,AllReduce,4,268435456,float,283050.707940,0.948365,1.422548,0,0
/root/private_data/lyc/2ndpaper/results/k500sm_ai_gfx928_4gpu/20260825T101556Z/csv/rep_r3_allreduce_256M_tree_simple_chdefault.csv,rep_r3_allreduce_256M_tree_simple_chdefault,AllReduce,4,268435456,float,40692.138820,6.596740,9.895110,0,0
/root/private_data/lyc/2ndpaper/results/k500sm_ai_gfx928_4gpu/20260825T101556Z/csv/rep_r3_allreduce_4K_default_chdefault.csv,rep_r3_allreduce_4K_default_chdefault,AllReduce,4,4096,float,50.157720,0.081662,0.122494,0,0
/root/private_data/lyc/2ndpaper/results/k500sm_ai_gfx928_4gpu/20260825T101556Z/csv/rep_r3_allreduce_4K_ring_ll_chdefault.csv,rep_r3_allreduce_4K_ring_ll_chdefault,AllReduce,4,4096,float,49.898840,0.082086,0.123129,0,0
/root/private_data/lyc/2ndpaper/results/k500sm_ai_gfx928_4gpu/20260825T101556Z/csv/rep_r3_allreduce_4K_ring_simple_chdefault.csv,rep_r3_allreduce_4K_ring_simple_chdefault,AllReduce,4,4096,float,94.768720,0.043221,0.064832,0,0
/root/private_data/lyc/2ndpaper/results/k500sm_ai_gfx928_4gpu/20260825T101556Z/csv/rep_r3_allreduce_4K_tree_ll_chdefault.csv,rep_r3_allreduce_4K_tree_ll_chdefault,AllReduce,4,4096,float,47.411840,0.086392,0.129588,0,0
/root/private_data/lyc/2ndpaper/results/k500sm_ai_gfx928_4gpu/20260825T101556Z/csv/rep_r3_allreduce_4K_tree_simple_chdefault.csv,rep_r3_allreduce_4K_tree_simple_chdefault,AllReduce,4,4096,float,95.445100,0.042915,0.064372,0,0
/root/private_data/lyc/2ndpaper/results/k500sm_ai_gfx928_4gpu/20260825T101556Z/csv/rep_r3_allreduce_64K_default_chdefault.csv,rep_r3_allreduce_64K_default_chdefault,AllReduce,4,65536,float,64.925460,1.009404,1.514106,0,0
/root/private_data/lyc/2ndpaper/results/k500sm_ai_gfx928_4gpu/20260825T101556Z/csv/rep_r3_allreduce_64K_ring_ll_chdefault.csv,rep_r3_allreduce_64K_ring_ll_chdefault,AllReduce,4,65536,float,64.961060,1.008851,1.513276,0,0
/root/private_data/lyc/2ndpaper/results/k500sm_ai_gfx928_4gpu/20260825T101556Z/csv/rep_r3_allreduce_64K_ring_simple_chdefault.csv,rep_r3_allreduce_64K_ring_simple_chdefault,AllReduce,4,65536,float,101.109500,0.648169,0.972253,0,0
/root/private_data/lyc/2ndpaper/results/k500sm_ai_gfx928_4gpu/20260825T101556Z/csv/rep_r3_allreduce_64K_tree_ll_chdefault.csv,rep_r3_allreduce_64K_tree_ll_chdefault,AllReduce,4,65536,float,112.449520,0.582804,0.874206,0,0
/root/private_data/lyc/2ndpaper/results/k500sm_ai_gfx928_4gpu/20260825T101556Z/csv/rep_r3_allreduce_64K_tree_simple_chdefault.csv,rep_r3_allreduce_64K_tree_simple_chdefault,AllReduce,4,65536,float,107.418320,0.610101,0.915151,0,0
/root/private_data/lyc/2ndpaper/results/k500sm_ai_gfx928_4gpu/20260825T101556Z/csv/rep_r3_allreduce_64M_default_chdefault.csv,rep_r3_allreduce_64M_default_chdefault,AllReduce,4,67108864,float,7801.460240,8.602090,12.903135,0,0
/root/private_data/lyc/2ndpaper/results/k500sm_ai_gfx928_4gpu/20260825T101556Z/csv/rep_r3_allreduce_64M_ring_ll_chdefault.csv,rep_r3_allreduce_64M_ring_ll_chdefault,AllReduce,4,67108864,float,28962.465620,2.317098,3.475647,0,0
/root/private_data/lyc/2ndpaper/results/k500sm_ai_gfx928_4gpu/20260825T101556Z/csv/rep_r3_allreduce_64M_ring_simple_chdefault.csv,rep_r3_allreduce_64M_ring_simple_chdefault,AllReduce,4,67108864,float,7794.065220,8.610252,12.915378,0,0
/root/private_data/lyc/2ndpaper/results/k500sm_ai_gfx928_4gpu/20260825T101556Z/csv/rep_r3_allreduce_64M_tree_ll_chdefault.csv,rep_r3_allreduce_64M_tree_ll_chdefault,AllReduce,4,67108864,float,70824.986740,0.947531,1.421296,0,0
/root/private_data/lyc/2ndpaper/results/k500sm_ai_gfx928_4gpu/20260825T101556Z/csv/rep_r3_allreduce_64M_tree_simple_chdefault.csv,rep_r3_allreduce_64M_tree_simple_chdefault,AllReduce,4,67108864,float,10423.160340,6.438437,9.657656,0,0
/root/private_data/lyc/2ndpaper/results/k500sm_ai_gfx928_4gpu/20260825T101556Z/csv/rep_r3_allreduce_8M_default_chdefault.csv,rep_r3_allreduce_8M_default_chdefault,AllReduce,4,8388608,float,1033.917980,8.113417,12.170126,0,0
/root/private_data/lyc/2ndpaper/results/k500sm_ai_gfx928_4gpu/20260825T101556Z/csv/rep_r3_allreduce_8M_ring_ll_chdefault.csv,rep_r3_allreduce_8M_ring_ll_chdefault,AllReduce,4,8388608,float,3657.187080,2.293732,3.440598,0,0
/root/private_data/lyc/2ndpaper/results/k500sm_ai_gfx928_4gpu/20260825T101556Z/csv/rep_r3_allreduce_8M_ring_simple_chdefault.csv,rep_r3_allreduce_8M_ring_simple_chdefault,AllReduce,4,8388608,float,1032.647780,8.123397,12.185096,0,0
/root/private_data/lyc/2ndpaper/results/k500sm_ai_gfx928_4gpu/20260825T101556Z/csv/rep_r3_allreduce_8M_tree_ll_chdefault.csv,rep_r3_allreduce_8M_tree_ll_chdefault,AllReduce,4,8388608,float,8887.542080,0.943861,1.415792,0,0
/root/private_data/lyc/2ndpaper/results/k500sm_ai_gfx928_4gpu/20260825T101556Z/csv/rep_r3_allreduce_8M_tree_simple_chdefault.csv,rep_r3_allreduce_8M_tree_simple_chdefault,AllReduce,4,8388608,float,1523.769060,5.505170,8.257755,0,0
/root/private_data/lyc/2ndpaper/results/k500sm_ai_gfx928_4gpu/20260825T101556Z/csv/rep_r3_reducescatter_1M_default_chdefault.csv,rep_r3_reducescatter_1M_default_chdefault,ReduceScatter,4,1048576,float,130.951920,8.007336,6.005502,0,0
/root/private_data/lyc/2ndpaper/results/k500sm_ai_gfx928_4gpu/20260825T101556Z/csv/rep_r3_reducescatter_1M_ring_ll_chdefault.csv,rep_r3_reducescatter_1M_ring_ll_chdefault,ReduceScatter,4,1048576,float,263.153660,3.984653,2.988490,0,0
/root/private_data/lyc/2ndpaper/results/k500sm_ai_gfx928_4gpu/20260825T101556Z/csv/rep_r3_reducescatter_1M_ring_simple_chdefault.csv,rep_r3_reducescatter_1M_ring_simple_chdefault,ReduceScatter,4,1048576,float,130.841720,8.014080,6.010560,0,0
/root/private_data/lyc/2ndpaper/results/k500sm_ai_gfx928_4gpu/20260825T101556Z/csv/rep_r3_reducescatter_1M_tree_ll_chdefault.csv,rep_r3_reducescatter_1M_tree_ll_chdefault,ReduceScatter,4,1048576,float,263.133040,3.984965,2.988724,0,0
/root/private_data/lyc/2ndpaper/results/k500sm_ai_gfx928_4gpu/20260825T101556Z/csv/rep_r3_reducescatter_1M_tree_simple_chdefault.csv,rep_r3_reducescatter_1M_tree_simple_chdefault,ReduceScatter,4,1048576,float,129.811520,8.077681,6.058260,0,0
/root/private_data/lyc/2ndpaper/results/k500sm_ai_gfx928_4gpu/20260825T101556Z/csv/rep_r3_reducescatter_256M_default_chdefault.csv,rep_r3_reducescatter_256M_default_chdefault,ReduceScatter,4,268435456,float,16779.651220,15.997678,11.998258,0,0
/root/private_data/lyc/2ndpaper/results/k500sm_ai_gfx928_4gpu/20260825T101556Z/csv/rep_r3_reducescatter_256M_ring_ll_chdefault.csv,rep_r3_reducescatter_256M_ring_ll_chdefault,ReduceScatter,4,268435456,float,63739.551780,4.211442,3.158582,0,0
/root/private_data/lyc/2ndpaper/results/k500sm_ai_gfx928_4gpu/20260825T101556Z/csv/rep_r3_reducescatter_256M_ring_simple_chdefault.csv,rep_r3_reducescatter_256M_ring_simple_chdefault,ReduceScatter,4,268435456,float,16748.552960,16.027382,12.020536,0,0
/root/private_data/lyc/2ndpaper/results/k500sm_ai_gfx928_4gpu/20260825T101556Z/csv/rep_r3_reducescatter_256M_tree_ll_chdefault.csv,rep_r3_reducescatter_256M_tree_ll_chdefault,ReduceScatter,4,268435456,float,63732.900180,4.211882,3.158912,0,0
/root/private_data/lyc/2ndpaper/results/k500sm_ai_gfx928_4gpu/20260825T101556Z/csv/rep_r3_reducescatter_256M_tree_simple_chdefault.csv,rep_r3_reducescatter_256M_tree_simple_chdefault,ReduceScatter,4,268435456,float,16802.914220,15.975530,11.981647,0,0
/root/private_data/lyc/2ndpaper/results/k500sm_ai_gfx928_4gpu/20260825T101556Z/csv/rep_r3_reducescatter_4K_default_chdefault.csv,rep_r3_reducescatter_4K_default_chdefault,ReduceScatter,4,4096,float,41.646240,0.098352,0.073764,0,0
/root/private_data/lyc/2ndpaper/results/k500sm_ai_gfx928_4gpu/20260825T101556Z/csv/rep_r3_reducescatter_4K_ring_ll_chdefault.csv,rep_r3_reducescatter_4K_ring_ll_chdefault,ReduceScatter,4,4096,float,40.671240,0.100710,0.075532,0,0
/root/private_data/lyc/2ndpaper/results/k500sm_ai_gfx928_4gpu/20260825T101556Z/csv/rep_r3_reducescatter_4K_ring_simple_chdefault.csv,rep_r3_reducescatter_4K_ring_simple_chdefault,ReduceScatter,4,4096,float,74.638680,0.054878,0.041158,0,0
/root/private_data/lyc/2ndpaper/results/k500sm_ai_gfx928_4gpu/20260825T101556Z/csv/rep_r3_reducescatter_4K_tree_ll_chdefault.csv,rep_r3_reducescatter_4K_tree_ll_chdefault,ReduceScatter,4,4096,float,41.685840,0.098259,0.073694,0,0
/root/private_data/lyc/2ndpaper/results/k500sm_ai_gfx928_4gpu/20260825T101556Z/csv/rep_r3_reducescatter_4K_tree_simple_chdefault.csv,rep_r3_reducescatter_4K_tree_simple_chdefault,ReduceScatter,4,4096,float,74.281460,0.055142,0.041356,0,0
/root/private_data/lyc/2ndpaper/results/k500sm_ai_gfx928_4gpu/20260825T101556Z/csv/rep_r3_reducescatter_64K_default_chdefault.csv,rep_r3_reducescatter_64K_default_chdefault,ReduceScatter,4,65536,float,46.111640,1.421246,1.065935,0,0
/root/private_data/lyc/2ndpaper/results/k500sm_ai_gfx928_4gpu/20260825T101556Z/csv/rep_r3_reducescatter_64K_ring_ll_chdefault.csv,rep_r3_reducescatter_64K_ring_ll_chdefault,ReduceScatter,4,65536,float,45.790440,1.431216,1.073412,0,0
/root/private_data/lyc/2ndpaper/results/k500sm_ai_gfx928_4gpu/20260825T101556Z/csv/rep_r3_reducescatter_64K_ring_simple_chdefault.csv,rep_r3_reducescatter_64K_ring_simple_chdefault,ReduceScatter,4,65536,float,70.443480,0.930335,0.697751,0,0
/root/private_data/lyc/2ndpaper/results/k500sm_ai_gfx928_4gpu/20260825T101556Z/csv/rep_r3_reducescatter_64K_tree_ll_chdefault.csv,rep_r3_reducescatter_64K_tree_ll_chdefault,ReduceScatter,4,65536,float,45.781040,1.431510,1.073632,0,0
/root/private_data/lyc/2ndpaper/results/k500sm_ai_gfx928_4gpu/20260825T101556Z/csv/rep_r3_reducescatter_64K_tree_simple_chdefault.csv,rep_r3_reducescatter_64K_tree_simple_chdefault,ReduceScatter,4,65536,float,70.379060,0.931186,0.698390,0,0
/root/private_data/lyc/2ndpaper/results/k500sm_ai_gfx928_4gpu/20260825T101556Z/csv/rep_r3_reducescatter_64M_default_chdefault.csv,rep_r3_reducescatter_64M_default_chdefault,ReduceScatter,4,67108864,float,4341.211340,15.458557,11.593918,0,0
/root/private_data/lyc/2ndpaper/results/k500sm_ai_gfx928_4gpu/20260825T101556Z/csv/rep_r3_reducescatter_64M_ring_ll_chdefault.csv,rep_r3_reducescatter_64M_ring_ll_chdefault,ReduceScatter,4,67108864,float,15980.819280,4.199338,3.149504,0,0
/root/private_data/lyc/2ndpaper/results/k500sm_ai_gfx928_4gpu/20260825T101556Z/csv/rep_r3_reducescatter_64M_ring_simple_chdefault.csv,rep_r3_reducescatter_64M_ring_simple_chdefault,ReduceScatter,4,67108864,float,4336.733460,15.474519,11.605889,0,0
/root/private_data/lyc/2ndpaper/results/k500sm_ai_gfx928_4gpu/20260825T101556Z/csv/rep_r3_reducescatter_64M_tree_ll_chdefault.csv,rep_r3_reducescatter_64M_tree_ll_chdefault,ReduceScatter,4,67108864,float,15924.383180,4.214221,3.160665,0,0
/root/private_data/lyc/2ndpaper/results/k500sm_ai_gfx928_4gpu/20260825T101556Z/csv/rep_r3_reducescatter_64M_tree_simple_chdefault.csv,rep_r3_reducescatter_64M_tree_simple_chdefault,ReduceScatter,4,67108864,float,4291.099620,15.639083,11.729312,0,0
/root/private_data/lyc/2ndpaper/results/k500sm_ai_gfx928_4gpu/20260825T101556Z/csv/rep_r3_reducescatter_8M_default_chdefault.csv,rep_r3_reducescatter_8M_default_chdefault,ReduceScatter,4,8388608,float,581.532360,14.425006,10.818755,0,0
/root/private_data/lyc/2ndpaper/results/k500sm_ai_gfx928_4gpu/20260825T101556Z/csv/rep_r3_reducescatter_8M_ring_ll_chdefault.csv,rep_r3_reducescatter_8M_ring_ll_chdefault,ReduceScatter,4,8388608,float,1985.952480,4.223972,3.167979,0,0
/root/private_data/lyc/2ndpaper/results/k500sm_ai_gfx928_4gpu/20260825T101556Z/csv/rep_r3_reducescatter_8M_ring_simple_chdefault.csv,rep_r3_reducescatter_8M_ring_simple_chdefault,ReduceScatter,4,8388608,float,583.228160,14.383064,10.787298,0,0
/root/private_data/lyc/2ndpaper/results/k500sm_ai_gfx928_4gpu/20260825T101556Z/csv/rep_r3_reducescatter_8M_tree_ll_chdefault.csv,rep_r3_reducescatter_8M_tree_ll_chdefault,ReduceScatter,4,8388608,float,1981.584280,4.233283,3.174963,0,0
/root/private_data/lyc/2ndpaper/results/k500sm_ai_gfx928_4gpu/20260825T101556Z/csv/rep_r3_reducescatter_8M_tree_simple_chdefault.csv,rep_r3_reducescatter_8M_tree_simple_chdefault,ReduceScatter,4,8388608,float,581.993760,14.413570,10.810178,0,0
/root/private_data/lyc/2ndpaper/results/k500sm_ai_gfx928_4gpu/20260825T102643Z/csv/channels_r1_allgather_1M_ring_ll_ch1.csv,channels_r1_allgather_1M_ring_ll_ch1,AllGather,4,1048576,float,1602.869940,0.654187,0.490640,0,0
/root/private_data/lyc/2ndpaper/results/k500sm_ai_gfx928_4gpu/20260825T102643Z/csv/channels_r1_allgather_1M_ring_ll_ch2.csv,channels_r1_allgather_1M_ring_ll_ch2,AllGather,4,1048576,float,792.233740,1.323569,0.992677,0,0
/root/private_data/lyc/2ndpaper/results/k500sm_ai_gfx928_4gpu/20260825T102643Z/csv/channels_r1_allgather_1M_ring_ll_ch4.csv,channels_r1_allgather_1M_ring_ll_ch4,AllGather,4,1048576,float,409.703400,2.559354,1.919515,0,0
/root/private_data/lyc/2ndpaper/results/k500sm_ai_gfx928_4gpu/20260825T102643Z/csv/channels_r1_allgather_1M_ring_ll_ch8.csv,channels_r1_allgather_1M_ring_ll_ch8,AllGather,4,1048576,float,213.048200,4.921778,3.691334,0,0
/root/private_data/lyc/2ndpaper/results/k500sm_ai_gfx928_4gpu/20260825T102643Z/csv/channels_r1_allgather_1M_ring_simple_ch1.csv,channels_r1_allgather_1M_ring_simple_ch1,AllGather,4,1048576,float,223.976620,4.681632,3.511224,0,0
/root/private_data/lyc/2ndpaper/results/k500sm_ai_gfx928_4gpu/20260825T102643Z/csv/channels_r1_allgather_1M_ring_simple_ch2.csv,channels_r1_allgather_1M_ring_simple_ch2,AllGather,4,1048576,float,151.892560,6.903406,5.177554,0,0
/root/private_data/lyc/2ndpaper/results/k500sm_ai_gfx928_4gpu/20260825T102643Z/csv/channels_r1_allgather_1M_ring_simple_ch4.csv,channels_r1_allgather_1M_ring_simple_ch4,AllGather,4,1048576,float,122.295520,8.574116,6.430587,0,0
/root/private_data/lyc/2ndpaper/results/k500sm_ai_gfx928_4gpu/20260825T102643Z/csv/channels_r1_allgather_1M_ring_simple_ch8.csv,channels_r1_allgather_1M_ring_simple_ch8,AllGather,4,1048576,float,120.449920,8.705494,6.529120,0,0
/root/private_data/lyc/2ndpaper/results/k500sm_ai_gfx928_4gpu/20260825T102643Z/csv/channels_r1_allgather_1M_tree_ll_ch1.csv,channels_r1_allgather_1M_tree_ll_ch1,AllGather,4,1048576,float,1556.962880,0.673475,0.505106,0,0
/root/private_data/lyc/2ndpaper/results/k500sm_ai_gfx928_4gpu/20260825T102643Z/csv/channels_r1_allgather_1M_tree_ll_ch2.csv,channels_r1_allgather_1M_tree_ll_ch2,AllGather,4,1048576,float,792.645360,1.322882,0.992161,0,0
/root/private_data/lyc/2ndpaper/results/k500sm_ai_gfx928_4gpu/20260825T102643Z/csv/channels_r1_allgather_1M_tree_ll_ch4.csv,channels_r1_allgather_1M_tree_ll_ch4,AllGather,4,1048576,float,405.682980,2.584718,1.938538,0,0
/root/private_data/lyc/2ndpaper/results/k500sm_ai_gfx928_4gpu/20260825T102643Z/csv/channels_r1_allgather_1M_tree_ll_ch8.csv,channels_r1_allgather_1M_tree_ll_ch8,AllGather,4,1048576,float,253.854060,4.130625,3.097969,0,0
/root/private_data/lyc/2ndpaper/results/k500sm_ai_gfx928_4gpu/20260825T102643Z/csv/channels_r1_allgather_1M_tree_simple_ch1.csv,channels_r1_allgather_1M_tree_simple_ch1,AllGather,4,1048576,float,219.949220,4.767355,3.575516,0,0
/root/private_data/lyc/2ndpaper/results/k500sm_ai_gfx928_4gpu/20260825T102643Z/csv/channels_r1_allgather_1M_tree_simple_ch2.csv,channels_r1_allgather_1M_tree_simple_ch2,AllGather,4,1048576,float,146.827340,7.141558,5.356169,0,0
/root/private_data/lyc/2ndpaper/results/k500sm_ai_gfx928_4gpu/20260825T102643Z/csv/channels_r1_allgather_1M_tree_simple_ch4.csv,channels_r1_allgather_1M_tree_simple_ch4,AllGather,4,1048576,float,122.415120,8.565739,6.424304,0,0
/root/private_data/lyc/2ndpaper/results/k500sm_ai_gfx928_4gpu/20260825T102643Z/csv/channels_r1_allgather_1M_tree_simple_ch8.csv,channels_r1_allgather_1M_tree_simple_ch8,AllGather,4,1048576,float,120.709700,8.686758,6.515069,0,0
/root/private_data/lyc/2ndpaper/results/k500sm_ai_gfx928_4gpu/20260825T102643Z/csv/channels_r1_allgather_64M_ring_ll_ch1.csv,channels_r1_allgather_64M_ring_ll_ch1,AllGather,4,67108864,float,100057.706620,0.670702,0.503026,0,0
/root/private_data/lyc/2ndpaper/results/k500sm_ai_gfx928_4gpu/20260825T102643Z/csv/channels_r1_allgather_64M_ring_ll_ch2.csv,channels_r1_allgather_64M_ring_ll_ch2,AllGather,4,67108864,float,49924.548220,1.344206,1.008154,0,0
/root/private_data/lyc/2ndpaper/results/k500sm_ai_gfx928_4gpu/20260825T102643Z/csv/channels_r1_allgather_64M_ring_ll_ch4.csv,channels_r1_allgather_64M_ring_ll_ch4,AllGather,4,67108864,float,24970.481820,2.687528,2.015646,0,0
/root/private_data/lyc/2ndpaper/results/k500sm_ai_gfx928_4gpu/20260825T102643Z/csv/channels_r1_allgather_64M_ring_ll_ch8.csv,channels_r1_allgather_64M_ring_ll_ch8,AllGather,4,67108864,float,12469.378880,5.381893,4.036420,0,0
/root/private_data/lyc/2ndpaper/results/k500sm_ai_gfx928_4gpu/20260825T102643Z/csv/channels_r1_allgather_64M_ring_simple_ch1.csv,channels_r1_allgather_64M_ring_simple_ch1,AllGather,4,67108864,float,10126.120260,6.627303,4.970477,0,0
/root/private_data/lyc/2ndpaper/results/k500sm_ai_gfx928_4gpu/20260825T102643Z/csv/channels_r1_allgather_64M_ring_simple_ch2.csv,channels_r1_allgather_64M_ring_simple_ch2,AllGather,4,67108864,float,5105.944680,13.143281,9.857461,0,0
/root/private_data/lyc/2ndpaper/results/k500sm_ai_gfx928_4gpu/20260825T102643Z/csv/channels_r1_allgather_64M_ring_simple_ch4.csv,channels_r1_allgather_64M_ring_simple_ch4,AllGather,4,67108864,float,4157.213760,16.142750,12.107063,0,0
/root/private_data/lyc/2ndpaper/results/k500sm_ai_gfx928_4gpu/20260825T102643Z/csv/channels_r1_allgather_64M_ring_simple_ch8.csv,channels_r1_allgather_64M_ring_simple_ch8,AllGather,4,67108864,float,4059.006680,16.533322,12.399991,0,0
/root/private_data/lyc/2ndpaper/results/k500sm_ai_gfx928_4gpu/20260825T102643Z/csv/channels_r1_allgather_64M_tree_ll_ch1.csv,channels_r1_allgather_64M_tree_ll_ch1,AllGather,4,67108864,float,99988.616760,0.671165,0.503374,0,0
/root/private_data/lyc/2ndpaper/results/k500sm_ai_gfx928_4gpu/20260825T102643Z/csv/channels_r1_allgather_64M_tree_ll_ch2.csv,channels_r1_allgather_64M_tree_ll_ch2,AllGather,4,67108864,float,49998.216480,1.342225,1.006669,0,0
/root/private_data/lyc/2ndpaper/results/k500sm_ai_gfx928_4gpu/20260825T102643Z/csv/channels_r1_allgather_64M_tree_ll_ch4.csv,channels_r1_allgather_64M_tree_ll_ch4,AllGather,4,67108864,float,24930.316760,2.691858,2.018893,0,0
/root/private_data/lyc/2ndpaper/results/k500sm_ai_gfx928_4gpu/20260825T102643Z/csv/channels_r1_allgather_64M_tree_ll_ch8.csv,channels_r1_allgather_64M_tree_ll_ch8,AllGather,4,67108864,float,12433.375160,5.397478,4.048108,0,0
/root/private_data/lyc/2ndpaper/results/k500sm_ai_gfx928_4gpu/20260825T102643Z/csv/channels_r1_allgather_64M_tree_simple_ch1.csv,channels_r1_allgather_64M_tree_simple_ch1,AllGather,4,67108864,float,10166.629280,6.600896,4.950672,0,0
/root/private_data/lyc/2ndpaper/results/k500sm_ai_gfx928_4gpu/20260825T102643Z/csv/channels_r1_allgather_64M_tree_simple_ch2.csv,channels_r1_allgather_64M_tree_simple_ch2,AllGather,4,67108864,float,5094.788060,13.172062,9.879046,0,0
/root/private_data/lyc/2ndpaper/results/k500sm_ai_gfx928_4gpu/20260825T102643Z/csv/channels_r1_allgather_64M_tree_simple_ch4.csv,channels_r1_allgather_64M_tree_simple_ch4,AllGather,4,67108864,float,4108.822720,16.332869,12.249652,0,0
/root/private_data/lyc/2ndpaper/results/k500sm_ai_gfx928_4gpu/20260825T102643Z/csv/channels_r1_allgather_64M_tree_simple_ch8.csv,channels_r1_allgather_64M_tree_simple_ch8,AllGather,4,67108864,float,3961.960780,16.938296,12.703722,0,0
/root/private_data/lyc/2ndpaper/results/k500sm_ai_gfx928_4gpu/20260825T102643Z/csv/channels_r1_allgather_8M_ring_ll_ch1.csv,channels_r1_allgather_8M_ring_ll_ch1,AllGather,4,8388608,float,12579.226200,0.666862,0.500147,0,0
/root/private_data/lyc/2ndpaper/results/k500sm_ai_gfx928_4gpu/20260825T102643Z/csv/channels_r1_allgather_8M_ring_ll_ch2.csv,channels_r1_allgather_8M_ring_ll_ch2,AllGather,4,8388608,float,6261.591180,1.339693,1.004770,0,0
/root/private_data/lyc/2ndpaper/results/k500sm_ai_gfx928_4gpu/20260825T102643Z/csv/channels_r1_allgather_8M_ring_ll_ch4.csv,channels_r1_allgather_8M_ring_ll_ch4,AllGather,4,8388608,float,3112.471900,2.695159,2.021370,0,0
/root/private_data/lyc/2ndpaper/results/k500sm_ai_gfx928_4gpu/20260825T102643Z/csv/channels_r1_allgather_8M_ring_ll_ch8.csv,channels_r1_allgather_8M_ring_ll_ch8,AllGather,4,8388608,float,1564.827060,5.360725,4.020544,0,0
/root/private_data/lyc/2ndpaper/results/k500sm_ai_gfx928_4gpu/20260825T102643Z/csv/channels_r1_allgather_8M_ring_simple_ch1.csv,channels_r1_allgather_8M_ring_simple_ch1,AllGather,4,8388608,float,1328.315480,6.315223,4.736417,0,0
/root/private_data/lyc/2ndpaper/results/k500sm_ai_gfx928_4gpu/20260825T102643Z/csv/channels_r1_allgather_8M_ring_simple_ch2.csv,channels_r1_allgather_8M_ring_simple_ch2,AllGather,4,8388608,float,660.906240,12.692584,9.519438,0,0
/root/private_data/lyc/2ndpaper/results/k500sm_ai_gfx928_4gpu/20260825T102643Z/csv/channels_r1_allgather_8M_ring_simple_ch4.csv,channels_r1_allgather_8M_ring_simple_ch4,AllGather,4,8388608,float,559.064320,15.004728,11.253546,0,0
/root/private_data/lyc/2ndpaper/results/k500sm_ai_gfx928_4gpu/20260825T102643Z/csv/channels_r1_allgather_8M_ring_simple_ch8.csv,channels_r1_allgather_8M_ring_simple_ch8,AllGather,4,8388608,float,586.186760,14.310470,10.732852,0,0
/root/private_data/lyc/2ndpaper/results/k500sm_ai_gfx928_4gpu/20260825T102643Z/csv/channels_r1_allgather_8M_tree_ll_ch1.csv,channels_r1_allgather_8M_tree_ll_ch1,AllGather,4,8388608,float,12549.654980,0.668433,0.501325,0,0
/root/private_data/lyc/2ndpaper/results/k500sm_ai_gfx928_4gpu/20260825T102643Z/csv/channels_r1_allgather_8M_tree_ll_ch2.csv,channels_r1_allgather_8M_tree_ll_ch2,AllGather,4,8388608,float,6217.209720,1.349256,1.011942,0,0
/root/private_data/lyc/2ndpaper/results/k500sm_ai_gfx928_4gpu/20260825T102643Z/csv/channels_r1_allgather_8M_tree_ll_ch4.csv,channels_r1_allgather_8M_tree_ll_ch4,AllGather,4,8388608,float,3108.455160,2.698642,2.023982,0,0
/root/private_data/lyc/2ndpaper/results/k500sm_ai_gfx928_4gpu/20260825T102643Z/csv/channels_r1_allgather_8M_tree_ll_ch8.csv,channels_r1_allgather_8M_tree_ll_ch8,AllGather,4,8388608,float,1564.532500,5.361735,4.021301,0,0
/root/private_data/lyc/2ndpaper/results/k500sm_ai_gfx928_4gpu/20260825T102643Z/csv/channels_r1_allgather_8M_tree_simple_ch1.csv,channels_r1_allgather_8M_tree_simple_ch1,AllGather,4,8388608,float,1368.852920,6.128203,4.596152,0,0
/root/private_data/lyc/2ndpaper/results/k500sm_ai_gfx928_4gpu/20260825T102643Z/csv/channels_r1_allgather_8M_tree_simple_ch2.csv,channels_r1_allgather_8M_tree_simple_ch2,AllGather,4,8388608,float,659.693820,12.715911,9.536933,0,0
/root/private_data/lyc/2ndpaper/results/k500sm_ai_gfx928_4gpu/20260825T102643Z/csv/channels_r1_allgather_8M_tree_simple_ch4.csv,channels_r1_allgather_8M_tree_simple_ch4,AllGather,4,8388608,float,559.278140,14.998991,11.249244,0,0
/root/private_data/lyc/2ndpaper/results/k500sm_ai_gfx928_4gpu/20260825T102643Z/csv/channels_r1_allgather_8M_tree_simple_ch8.csv,channels_r1_allgather_8M_tree_simple_ch8,AllGather,4,8388608,float,538.364520,15.581651,11.686238,0,0
/root/private_data/lyc/2ndpaper/results/k500sm_ai_gfx928_4gpu/20260825T102643Z/csv/channels_r1_allreduce_1M_ring_ll_ch1.csv,channels_r1_allreduce_1M_ring_ll_ch1,AllReduce,4,1048576,float,1801.915320,0.581923,0.872885,0,0
/root/private_data/lyc/2ndpaper/results/k500sm_ai_gfx928_4gpu/20260825T102643Z/csv/channels_r1_allreduce_1M_ring_ll_ch2.csv,channels_r1_allreduce_1M_ring_ll_ch2,AllReduce,4,1048576,float,904.775060,1.158936,1.738403,0,0
/root/private_data/lyc/2ndpaper/results/k500sm_ai_gfx928_4gpu/20260825T102643Z/csv/channels_r1_allreduce_1M_ring_ll_ch4.csv,channels_r1_allreduce_1M_ring_ll_ch4,AllReduce,4,1048576,float,463.711060,2.261270,3.391905,0,0
/root/private_data/lyc/2ndpaper/results/k500sm_ai_gfx928_4gpu/20260825T102643Z/csv/channels_r1_allreduce_1M_ring_ll_ch8.csv,channels_r1_allreduce_1M_ring_ll_ch8,AllReduce,4,1048576,float,306.999280,3.415565,5.123348,0,0
/root/private_data/lyc/2ndpaper/results/k500sm_ai_gfx928_4gpu/20260825T102643Z/csv/channels_r1_allreduce_1M_ring_simple_ch1.csv,channels_r1_allreduce_1M_ring_simple_ch1,AllReduce,4,1048576,float,376.403480,2.785777,4.178665,0,0
/root/private_data/lyc/2ndpaper/results/k500sm_ai_gfx928_4gpu/20260825T102643Z/csv/channels_r1_allreduce_1M_ring_simple_ch2.csv,channels_r1_allreduce_1M_ring_simple_ch2,AllReduce,4,1048576,float,249.296040,4.206148,6.309222,0,0
/root/private_data/lyc/2ndpaper/results/k500sm_ai_gfx928_4gpu/20260825T102643Z/csv/channels_r1_allreduce_1M_ring_simple_ch4.csv,channels_r1_allreduce_1M_ring_simple_ch4,AllReduce,4,1048576,float,198.092400,5.293368,7.940052,0,0
/root/private_data/lyc/2ndpaper/results/k500sm_ai_gfx928_4gpu/20260825T102643Z/csv/channels_r1_allreduce_1M_ring_simple_ch8.csv,channels_r1_allreduce_1M_ring_simple_ch8,AllReduce,4,1048576,float,203.053400,5.164041,7.746061,0,0
/root/private_data/lyc/2ndpaper/results/k500sm_ai_gfx928_4gpu/20260825T102643Z/csv/channels_r1_allreduce_1M_tree_ll_ch1.csv,channels_r1_allreduce_1M_tree_ll_ch1,AllReduce,4,1048576,float,1949.715460,0.537810,0.806715,0,0
/root/private_data/lyc/2ndpaper/results/k500sm_ai_gfx928_4gpu/20260825T102643Z/csv/channels_r1_allreduce_1M_tree_ll_ch2.csv,channels_r1_allreduce_1M_tree_ll_ch2,AllReduce,4,1048576,float,1314.713060,0.797570,1.196355,0,0
/root/private_data/lyc/2ndpaper/results/k500sm_ai_gfx928_4gpu/20260825T102643Z/csv/channels_r1_allreduce_1M_tree_ll_ch4.csv,channels_r1_allreduce_1M_tree_ll_ch4,AllReduce,4,1048576,float,1176.999740,0.890889,1.336333,0,0
/root/private_data/lyc/2ndpaper/results/k500sm_ai_gfx928_4gpu/20260825T102643Z/csv/channels_r1_allreduce_1M_tree_ll_ch8.csv,channels_r1_allreduce_1M_tree_ll_ch8,AllReduce,4,1048576,float,1442.067180,0.727134,1.090701,0,0
/root/private_data/lyc/2ndpaper/results/k500sm_ai_gfx928_4gpu/20260825T102643Z/csv/channels_r1_allreduce_1M_tree_simple_ch1.csv,channels_r1_allreduce_1M_tree_simple_ch1,AllReduce,4,1048576,float,621.237180,1.687884,2.531825,0,0
/root/private_data/lyc/2ndpaper/results/k500sm_ai_gfx928_4gpu/20260825T102643Z/csv/channels_r1_allreduce_1M_tree_simple_ch2.csv,channels_r1_allreduce_1M_tree_simple_ch2,AllReduce,4,1048576,float,423.017400,2.478801,3.718202,0,0
/root/private_data/lyc/2ndpaper/results/k500sm_ai_gfx928_4gpu/20260825T102643Z/csv/channels_r1_allreduce_1M_tree_simple_ch4.csv,channels_r1_allreduce_1M_tree_simple_ch4,AllReduce,4,1048576,float,328.615720,3.190888,4.786332,0,0
/root/private_data/lyc/2ndpaper/results/k500sm_ai_gfx928_4gpu/20260825T102643Z/csv/channels_r1_allreduce_1M_tree_simple_ch8.csv,channels_r1_allreduce_1M_tree_simple_ch8,AllReduce,4,1048576,float,310.881700,3.372910,5.059365,0,0
/root/private_data/lyc/2ndpaper/results/k500sm_ai_gfx928_4gpu/20260825T102643Z/csv/channels_r1_allreduce_64M_ring_ll_ch1.csv,channels_r1_allreduce_64M_ring_ll_ch1,AllReduce,4,67108864,float,115735.901760,0.579845,0.869767,0,0
/root/private_data/lyc/2ndpaper/results/k500sm_ai_gfx928_4gpu/20260825T102643Z/csv/channels_r1_allreduce_64M_ring_ll_ch2.csv,channels_r1_allreduce_64M_ring_ll_ch2,AllReduce,4,67108864,float,57895.131020,1.159145,1.738718,0,0
/root/private_data/lyc/2ndpaper/results/k500sm_ai_gfx928_4gpu/20260825T102643Z/csv/channels_r1_allreduce_64M_ring_ll_ch4.csv,channels_r1_allreduce_64M_ring_ll_ch4,AllReduce,4,67108864,float,28929.028780,2.319776,3.479664,0,0
/root/private_data/lyc/2ndpaper/results/k500sm_ai_gfx928_4gpu/20260825T102643Z/csv/channels_r1_allreduce_64M_ring_ll_ch8.csv,channels_r1_allreduce_64M_ring_ll_ch8,AllReduce,4,67108864,float,17574.465160,3.818544,5.727816,0,0
/root/private_data/lyc/2ndpaper/results/k500sm_ai_gfx928_4gpu/20260825T102643Z/csv/channels_r1_allreduce_64M_ring_simple_ch1.csv,channels_r1_allreduce_64M_ring_simple_ch1,AllReduce,4,67108864,float,18562.022100,3.615385,5.423078,0,0
/root/private_data/lyc/2ndpaper/results/k500sm_ai_gfx928_4gpu/20260825T102643Z/csv/channels_r1_allreduce_64M_ring_simple_ch2.csv,channels_r1_allreduce_64M_ring_simple_ch2,AllReduce,4,67108864,float,9515.254160,7.052766,10.579149,0,0
/root/private_data/lyc/2ndpaper/results/k500sm_ai_gfx928_4gpu/20260825T102643Z/csv/channels_r1_allreduce_64M_ring_simple_ch4.csv,channels_r1_allreduce_64M_ring_simple_ch4,AllReduce,4,67108864,float,7832.892280,8.567571,12.851357,0,0
/root/private_data/lyc/2ndpaper/results/k500sm_ai_gfx928_4gpu/20260825T102643Z/csv/channels_r1_allreduce_64M_ring_simple_ch8.csv,channels_r1_allreduce_64M_ring_simple_ch8,AllReduce,4,67108864,float,7639.724760,8.784199,13.176299,0,0
/root/private_data/lyc/2ndpaper/results/k500sm_ai_gfx928_4gpu/20260825T102643Z/csv/channels_r1_allreduce_64M_tree_ll_ch1.csv,channels_r1_allreduce_64M_tree_ll_ch1,AllReduce,4,67108864,float,121927.167880,0.550401,0.825602,0,0
/root/private_data/lyc/2ndpaper/results/k500sm_ai_gfx928_4gpu/20260825T102643Z/csv/channels_r1_allreduce_64M_tree_ll_ch2.csv,channels_r1_allreduce_64M_tree_ll_ch2,AllReduce,4,67108864,float,81525.902760,0.823160,1.234740,0,0
/root/private_data/lyc/2ndpaper/results/k500sm_ai_gfx928_4gpu/20260825T102643Z/csv/channels_r1_allreduce_64M_tree_ll_ch4.csv,channels_r1_allreduce_64M_tree_ll_ch4,AllReduce,4,67108864,float,70930.789840,0.946118,1.419176,0,0
/root/private_data/lyc/2ndpaper/results/k500sm_ai_gfx928_4gpu/20260825T102643Z/csv/channels_r1_allreduce_64M_tree_ll_ch8.csv,channels_r1_allreduce_64M_tree_ll_ch8,AllReduce,4,67108864,float,89285.011940,0.751625,1.127438,0,0
/root/private_data/lyc/2ndpaper/results/k500sm_ai_gfx928_4gpu/20260825T102643Z/csv/channels_r1_allreduce_64M_tree_simple_ch1.csv,channels_r1_allreduce_64M_tree_simple_ch1,AllReduce,4,67108864,float,23675.163380,2.834568,4.251852,0,0
/root/private_data/lyc/2ndpaper/results/k500sm_ai_gfx928_4gpu/20260825T102643Z/csv/channels_r1_allreduce_64M_tree_simple_ch2.csv,channels_r1_allreduce_64M_tree_simple_ch2,AllReduce,4,67108864,float,12122.123960,5.536065,8.304097,0,0
/root/private_data/lyc/2ndpaper/results/k500sm_ai_gfx928_4gpu/20260825T102643Z/csv/channels_r1_allreduce_64M_tree_simple_ch4.csv,channels_r1_allreduce_64M_tree_simple_ch4,AllReduce,4,67108864,float,10505.120620,6.388205,9.582307,0,0
/root/private_data/lyc/2ndpaper/results/k500sm_ai_gfx928_4gpu/20260825T102643Z/csv/channels_r1_allreduce_64M_tree_simple_ch8.csv,channels_r1_allreduce_64M_tree_simple_ch8,AllReduce,4,67108864,float,10623.477120,6.317034,9.475551,0,0
/root/private_data/lyc/2ndpaper/results/k500sm_ai_gfx928_4gpu/20260825T102643Z/csv/channels_r1_allreduce_8M_ring_ll_ch1.csv,channels_r1_allreduce_8M_ring_ll_ch1,AllReduce,4,8388608,float,14424.225760,0.581564,0.872346,0,0
/root/private_data/lyc/2ndpaper/results/k500sm_ai_gfx928_4gpu/20260825T102643Z/csv/channels_r1_allreduce_8M_ring_ll_ch2.csv,channels_r1_allreduce_8M_ring_ll_ch2,AllReduce,4,8388608,float,7299.713960,1.149169,1.723754,0,0
/root/private_data/lyc/2ndpaper/results/k500sm_ai_gfx928_4gpu/20260825T102643Z/csv/channels_r1_allreduce_8M_ring_ll_ch4.csv,channels_r1_allreduce_8M_ring_ll_ch4,AllReduce,4,8388608,float,3653.079880,2.296311,3.444467,0,0
/root/private_data/lyc/2ndpaper/results/k500sm_ai_gfx928_4gpu/20260825T102643Z/csv/channels_r1_allreduce_8M_ring_ll_ch8.csv,channels_r1_allreduce_8M_ring_ll_ch8,AllReduce,4,8388608,float,2278.522180,3.681600,5.522400,0,0
/root/private_data/lyc/2ndpaper/results/k500sm_ai_gfx928_4gpu/20260825T102643Z/csv/channels_r1_allreduce_8M_ring_simple_ch1.csv,channels_r1_allreduce_8M_ring_simple_ch1,AllReduce,4,8388608,float,2329.638620,3.600819,5.401229,0,0
/root/private_data/lyc/2ndpaper/results/k500sm_ai_gfx928_4gpu/20260825T102643Z/csv/channels_r1_allreduce_8M_ring_simple_ch2.csv,channels_r1_allreduce_8M_ring_simple_ch2,AllReduce,4,8388608,float,1219.592580,6.878205,10.317308,0,0
/root/private_data/lyc/2ndpaper/results/k500sm_ai_gfx928_4gpu/20260825T102643Z/csv/channels_r1_allreduce_8M_ring_simple_ch4.csv,channels_r1_allreduce_8M_ring_simple_ch4,AllReduce,4,8388608,float,1032.801580,8.122187,12.183281,0,0
/root/private_data/lyc/2ndpaper/results/k500sm_ai_gfx928_4gpu/20260825T102643Z/csv/channels_r1_allreduce_8M_ring_simple_ch8.csv,channels_r1_allreduce_8M_ring_simple_ch8,AllReduce,4,8388608,float,1023.263160,8.197899,12.296848,0,0
/root/private_data/lyc/2ndpaper/results/k500sm_ai_gfx928_4gpu/20260825T102643Z/csv/channels_r1_allreduce_8M_tree_ll_ch1.csv,channels_r1_allreduce_8M_tree_ll_ch1,AllReduce,4,8388608,float,15326.811800,0.547316,0.820974,0,0
/root/private_data/lyc/2ndpaper/results/k500sm_ai_gfx928_4gpu/20260825T102643Z/csv/channels_r1_allreduce_8M_tree_ll_ch2.csv,channels_r1_allreduce_8M_tree_ll_ch2,AllReduce,4,8388608,float,10225.391340,0.820370,1.230556,0,0
/root/private_data/lyc/2ndpaper/results/k500sm_ai_gfx928_4gpu/20260825T102643Z/csv/channels_r1_allreduce_8M_tree_ll_ch4.csv,channels_r1_allreduce_8M_tree_ll_ch4,AllReduce,4,8388608,float,8910.174500,0.941464,1.412196,0,0
/root/private_data/lyc/2ndpaper/results/k500sm_ai_gfx928_4gpu/20260825T102643Z/csv/channels_r1_allreduce_8M_tree_ll_ch8.csv,channels_r1_allreduce_8M_tree_ll_ch8,AllReduce,4,8388608,float,11271.330740,0.744243,1.116364,0,0
/root/private_data/lyc/2ndpaper/results/k500sm_ai_gfx928_4gpu/20260825T102643Z/csv/channels_r1_allreduce_8M_tree_simple_ch1.csv,channels_r1_allreduce_8M_tree_simple_ch1,AllReduce,4,8388608,float,3240.546100,2.588640,3.882960,0,0
/root/private_data/lyc/2ndpaper/results/k500sm_ai_gfx928_4gpu/20260825T102643Z/csv/channels_r1_allreduce_8M_tree_simple_ch2.csv,channels_r1_allreduce_8M_tree_simple_ch2,AllReduce,4,8388608,float,1842.318360,4.553289,6.829934,0,0
/root/private_data/lyc/2ndpaper/results/k500sm_ai_gfx928_4gpu/20260825T102643Z/csv/channels_r1_allreduce_8M_tree_simple_ch4.csv,channels_r1_allreduce_8M_tree_simple_ch4,AllReduce,4,8388608,float,1520.807840,5.515890,8.273834,0,0
/root/private_data/lyc/2ndpaper/results/k500sm_ai_gfx928_4gpu/20260825T102643Z/csv/channels_r1_allreduce_8M_tree_simple_ch8.csv,channels_r1_allreduce_8M_tree_simple_ch8,AllReduce,4,8388608,float,1536.049060,5.461159,8.191738,0,0
/root/private_data/lyc/2ndpaper/results/k500sm_ai_gfx928_4gpu/20260825T102643Z/csv/channels_r1_reducescatter_1M_ring_ll_ch1.csv,channels_r1_reducescatter_1M_ring_ll_ch1,ReduceScatter,4,1048576,float,1030.523780,1.017518,0.763138,0,0
/root/private_data/lyc/2ndpaper/results/k500sm_ai_gfx928_4gpu/20260825T102643Z/csv/channels_r1_reducescatter_1M_ring_ll_ch2.csv,channels_r1_reducescatter_1M_ring_ll_ch2,ReduceScatter,4,1048576,float,506.109880,2.071835,1.553876,0,0
/root/private_data/lyc/2ndpaper/results/k500sm_ai_gfx928_4gpu/20260825T102643Z/csv/channels_r1_reducescatter_1M_ring_ll_ch4.csv,channels_r1_reducescatter_1M_ring_ll_ch4,ReduceScatter,4,1048576,float,263.126060,3.985071,2.988803,0,0
/root/private_data/lyc/2ndpaper/results/k500sm_ai_gfx928_4gpu/20260825T102643Z/csv/channels_r1_reducescatter_1M_ring_ll_ch8.csv,channels_r1_reducescatter_1M_ring_ll_ch8,ReduceScatter,4,1048576,float,175.451760,5.976435,4.482326,0,0
/root/private_data/lyc/2ndpaper/results/k500sm_ai_gfx928_4gpu/20260825T102643Z/csv/channels_r1_reducescatter_1M_ring_simple_ch1.csv,channels_r1_reducescatter_1M_ring_simple_ch1,ReduceScatter,4,1048576,float,217.599000,4.818846,3.614134,0,0
/root/private_data/lyc/2ndpaper/results/k500sm_ai_gfx928_4gpu/20260825T102643Z/csv/channels_r1_reducescatter_1M_ring_simple_ch2.csv,channels_r1_reducescatter_1M_ring_simple_ch2,ReduceScatter,4,1048576,float,155.771140,6.731517,5.048637,0,0
/root/private_data/lyc/2ndpaper/results/k500sm_ai_gfx928_4gpu/20260825T102643Z/csv/channels_r1_reducescatter_1M_ring_simple_ch4.csv,channels_r1_reducescatter_1M_ring_simple_ch4,ReduceScatter,4,1048576,float,130.177120,8.054995,6.041246,0,0
/root/private_data/lyc/2ndpaper/results/k500sm_ai_gfx928_4gpu/20260825T102643Z/csv/channels_r1_reducescatter_1M_ring_simple_ch8.csv,channels_r1_reducescatter_1M_ring_simple_ch8,ReduceScatter,4,1048576,float,126.080520,8.316717,6.237538,0,0
/root/private_data/lyc/2ndpaper/results/k500sm_ai_gfx928_4gpu/20260825T102643Z/csv/channels_r1_reducescatter_1M_tree_ll_ch1.csv,channels_r1_reducescatter_1M_tree_ll_ch1,ReduceScatter,4,1048576,float,983.374520,1.066304,0.799728,0,0
/root/private_data/lyc/2ndpaper/results/k500sm_ai_gfx928_4gpu/20260825T102643Z/csv/channels_r1_reducescatter_1M_tree_ll_ch2.csv,channels_r1_reducescatter_1M_tree_ll_ch2,ReduceScatter,4,1048576,float,504.298880,2.079275,1.559456,0,0
/root/private_data/lyc/2ndpaper/results/k500sm_ai_gfx928_4gpu/20260825T102643Z/csv/channels_r1_reducescatter_1M_tree_ll_ch4.csv,channels_r1_reducescatter_1M_tree_ll_ch4,ReduceScatter,4,1048576,float,263.618040,3.977634,2.983225,0,0
/root/private_data/lyc/2ndpaper/results/k500sm_ai_gfx928_4gpu/20260825T102643Z/csv/channels_r1_reducescatter_1M_tree_ll_ch8.csv,channels_r1_reducescatter_1M_tree_ll_ch8,ReduceScatter,4,1048576,float,174.799760,5.998727,4.499045,0,0
/root/private_data/lyc/2ndpaper/results/k500sm_ai_gfx928_4gpu/20260825T102643Z/csv/channels_r1_reducescatter_1M_tree_simple_ch1.csv,channels_r1_reducescatter_1M_tree_simple_ch1,ReduceScatter,4,1048576,float,217.023400,4.831626,3.623720,0,0
/root/private_data/lyc/2ndpaper/results/k500sm_ai_gfx928_4gpu/20260825T102643Z/csv/channels_r1_reducescatter_1M_tree_simple_ch2.csv,channels_r1_reducescatter_1M_tree_simple_ch2,ReduceScatter,4,1048576,float,155.571340,6.740162,5.055121,0,0
/root/private_data/lyc/2ndpaper/results/k500sm_ai_gfx928_4gpu/20260825T102643Z/csv/channels_r1_reducescatter_1M_tree_simple_ch4.csv,channels_r1_reducescatter_1M_tree_simple_ch4,ReduceScatter,4,1048576,float,129.505320,8.096779,6.072585,0,0
/root/private_data/lyc/2ndpaper/results/k500sm_ai_gfx928_4gpu/20260825T102643Z/csv/channels_r1_reducescatter_1M_tree_simple_ch8.csv,channels_r1_reducescatter_1M_tree_simple_ch8,ReduceScatter,4,1048576,float,130.958120,8.006957,6.005218,0,0
/root/private_data/lyc/2ndpaper/results/k500sm_ai_gfx928_4gpu/20260825T102643Z/csv/channels_r1_reducescatter_64M_ring_ll_ch1.csv,channels_r1_reducescatter_64M_ring_ll_ch1,ReduceScatter,4,67108864,float,63896.573680,1.050273,0.787705,0,0
/root/private_data/lyc/2ndpaper/results/k500sm_ai_gfx928_4gpu/20260825T102643Z/csv/channels_r1_reducescatter_64M_ring_ll_ch2.csv,channels_r1_reducescatter_64M_ring_ll_ch2,ReduceScatter,4,67108864,float,31987.698140,2.097959,1.573469,0,0
/root/private_data/lyc/2ndpaper/results/k500sm_ai_gfx928_4gpu/20260825T102643Z/csv/channels_r1_reducescatter_64M_ring_ll_ch4.csv,channels_r1_reducescatter_64M_ring_ll_ch4,ReduceScatter,4,67108864,float,15974.919640,4.200889,3.150667,0,0
/root/private_data/lyc/2ndpaper/results/k500sm_ai_gfx928_4gpu/20260825T102643Z/csv/channels_r1_reducescatter_64M_ring_ll_ch8.csv,channels_r1_reducescatter_64M_ring_ll_ch8,ReduceScatter,4,67108864,float,8974.858160,7.477429,5.608072,0,0
/root/private_data/lyc/2ndpaper/results/k500sm_ai_gfx928_4gpu/20260825T102643Z/csv/channels_r1_reducescatter_64M_ring_simple_ch1.csv,channels_r1_reducescatter_64M_ring_simple_ch1,ReduceScatter,4,67108864,float,9830.165180,6.826830,5.120122,0,0
/root/private_data/lyc/2ndpaper/results/k500sm_ai_gfx928_4gpu/20260825T102643Z/csv/channels_r1_reducescatter_64M_ring_simple_ch2.csv,channels_r1_reducescatter_64M_ring_simple_ch2,ReduceScatter,4,67108864,float,5250.636200,12.781092,9.585819,0,0
/root/private_data/lyc/2ndpaper/results/k500sm_ai_gfx928_4gpu/20260825T102643Z/csv/channels_r1_reducescatter_64M_ring_simple_ch4.csv,channels_r1_reducescatter_64M_ring_simple_ch4,ReduceScatter,4,67108864,float,4333.740740,15.485205,11.613904,0,0
/root/private_data/lyc/2ndpaper/results/k500sm_ai_gfx928_4gpu/20260825T102643Z/csv/channels_r1_reducescatter_64M_ring_simple_ch8.csv,channels_r1_reducescatter_64M_ring_simple_ch8,ReduceScatter,4,67108864,float,4063.973560,16.513115,12.384836,0,0
/root/private_data/lyc/2ndpaper/results/k500sm_ai_gfx928_4gpu/20260825T102643Z/csv/channels_r1_reducescatter_64M_tree_ll_ch1.csv,channels_r1_reducescatter_64M_tree_ll_ch1,ReduceScatter,4,67108864,float,63664.935720,1.054095,0.790571,0,0
/root/private_data/lyc/2ndpaper/results/k500sm_ai_gfx928_4gpu/20260825T102643Z/csv/channels_r1_reducescatter_64M_tree_ll_ch2.csv,channels_r1_reducescatter_64M_tree_ll_ch2,ReduceScatter,4,67108864,float,32001.981520,2.097022,1.572767,0,0
/root/private_data/lyc/2ndpaper/results/k500sm_ai_gfx928_4gpu/20260825T102643Z/csv/channels_r1_reducescatter_64M_tree_ll_ch4.csv,channels_r1_reducescatter_64M_tree_ll_ch4,ReduceScatter,4,67108864,float,15879.821560,4.226046,3.169535,0,0
/root/private_data/lyc/2ndpaper/results/k500sm_ai_gfx928_4gpu/20260825T102643Z/csv/channels_r1_reducescatter_64M_tree_ll_ch8.csv,channels_r1_reducescatter_64M_tree_ll_ch8,ReduceScatter,4,67108864,float,8976.617160,7.475964,5.606973,0,0
/root/private_data/lyc/2ndpaper/results/k500sm_ai_gfx928_4gpu/20260825T102643Z/csv/channels_r1_reducescatter_64M_tree_simple_ch1.csv,channels_r1_reducescatter_64M_tree_simple_ch1,ReduceScatter,4,67108864,float,9878.545640,6.793395,5.095046,0,0
/root/private_data/lyc/2ndpaper/results/k500sm_ai_gfx928_4gpu/20260825T102643Z/csv/channels_r1_reducescatter_64M_tree_simple_ch2.csv,channels_r1_reducescatter_64M_tree_simple_ch2,ReduceScatter,4,67108864,float,5255.948600,12.768174,9.576130,0,0
/root/private_data/lyc/2ndpaper/results/k500sm_ai_gfx928_4gpu/20260825T102643Z/csv/channels_r1_reducescatter_64M_tree_simple_ch4.csv,channels_r1_reducescatter_64M_tree_simple_ch4,ReduceScatter,4,67108864,float,4286.528080,15.655762,11.741822,0,0
/root/private_data/lyc/2ndpaper/results/k500sm_ai_gfx928_4gpu/20260825T102643Z/csv/channels_r1_reducescatter_64M_tree_simple_ch8.csv,channels_r1_reducescatter_64M_tree_simple_ch8,ReduceScatter,4,67108864,float,4028.890040,16.656911,12.492683,0,0
/root/private_data/lyc/2ndpaper/results/k500sm_ai_gfx928_4gpu/20260825T102643Z/csv/channels_r1_reducescatter_8M_ring_ll_ch1.csv,channels_r1_reducescatter_8M_ring_ll_ch1,ReduceScatter,4,8388608,float,7890.388340,1.063143,0.797357,0,0
/root/private_data/lyc/2ndpaper/results/k500sm_ai_gfx928_4gpu/20260825T102643Z/csv/channels_r1_reducescatter_8M_ring_ll_ch2.csv,channels_r1_reducescatter_8M_ring_ll_ch2,ReduceScatter,4,8388608,float,4004.961020,2.094554,1.570916,0,0
/root/private_data/lyc/2ndpaper/results/k500sm_ai_gfx928_4gpu/20260825T102643Z/csv/channels_r1_reducescatter_8M_ring_ll_ch4.csv,channels_r1_reducescatter_8M_ring_ll_ch4,ReduceScatter,4,8388608,float,1984.534500,4.226990,3.170243,0,0
/root/private_data/lyc/2ndpaper/results/k500sm_ai_gfx928_4gpu/20260825T102643Z/csv/channels_r1_reducescatter_8M_ring_ll_ch8.csv,channels_r1_reducescatter_8M_ring_ll_ch8,ReduceScatter,4,8388608,float,1205.903740,6.956283,5.217212,0,0
/root/private_data/lyc/2ndpaper/results/k500sm_ai_gfx928_4gpu/20260825T102643Z/csv/channels_r1_reducescatter_8M_ring_simple_ch1.csv,channels_r1_reducescatter_8M_ring_simple_ch1,ReduceScatter,4,8388608,float,1243.966200,6.743437,5.057578,0,0
/root/private_data/lyc/2ndpaper/results/k500sm_ai_gfx928_4gpu/20260825T102643Z/csv/channels_r1_reducescatter_8M_ring_simple_ch2.csv,channels_r1_reducescatter_8M_ring_simple_ch2,ReduceScatter,4,8388608,float,682.675460,12.287842,9.215881,0,0
/root/private_data/lyc/2ndpaper/results/k500sm_ai_gfx928_4gpu/20260825T102643Z/csv/channels_r1_reducescatter_8M_ring_simple_ch4.csv,channels_r1_reducescatter_8M_ring_simple_ch4,ReduceScatter,4,8388608,float,581.857140,14.416955,10.812716,0,0
/root/private_data/lyc/2ndpaper/results/k500sm_ai_gfx928_4gpu/20260825T102643Z/csv/channels_r1_reducescatter_8M_ring_simple_ch8.csv,channels_r1_reducescatter_8M_ring_simple_ch8,ReduceScatter,4,8388608,float,552.713320,15.177141,11.382856,0,0
/root/private_data/lyc/2ndpaper/results/k500sm_ai_gfx928_4gpu/20260825T102643Z/csv/channels_r1_reducescatter_8M_tree_ll_ch1.csv,channels_r1_reducescatter_8M_tree_ll_ch1,ReduceScatter,4,8388608,float,7947.220380,1.055540,0.791655,0,0
/root/private_data/lyc/2ndpaper/results/k500sm_ai_gfx928_4gpu/20260825T102643Z/csv/channels_r1_reducescatter_8M_tree_ll_ch2.csv,channels_r1_reducescatter_8M_tree_ll_ch2,ReduceScatter,4,8388608,float,4005.443220,2.094302,1.570727,0,0
/root/private_data/lyc/2ndpaper/results/k500sm_ai_gfx928_4gpu/20260825T102643Z/csv/channels_r1_reducescatter_8M_tree_ll_ch4.csv,channels_r1_reducescatter_8M_tree_ll_ch4,ReduceScatter,4,8388608,float,2025.402320,4.141700,3.106275,0,0
/root/private_data/lyc/2ndpaper/results/k500sm_ai_gfx928_4gpu/20260825T102643Z/csv/channels_r1_reducescatter_8M_tree_ll_ch8.csv,channels_r1_reducescatter_8M_tree_ll_ch8,ReduceScatter,4,8388608,float,1206.810960,6.951054,5.213290,0,0
/root/private_data/lyc/2ndpaper/results/k500sm_ai_gfx928_4gpu/20260825T102643Z/csv/channels_r1_reducescatter_8M_tree_simple_ch1.csv,channels_r1_reducescatter_8M_tree_simple_ch1,ReduceScatter,4,8388608,float,1246.322180,6.730690,5.048017,0,0
/root/private_data/lyc/2ndpaper/results/k500sm_ai_gfx928_4gpu/20260825T102643Z/csv/channels_r1_reducescatter_8M_tree_simple_ch2.csv,channels_r1_reducescatter_8M_tree_simple_ch2,ReduceScatter,4,8388608,float,681.940660,12.301082,9.225812,0,0
/root/private_data/lyc/2ndpaper/results/k500sm_ai_gfx928_4gpu/20260825T102643Z/csv/channels_r1_reducescatter_8M_tree_simple_ch4.csv,channels_r1_reducescatter_8M_tree_simple_ch4,ReduceScatter,4,8388608,float,582.306560,14.405828,10.804371,0,0
/root/private_data/lyc/2ndpaper/results/k500sm_ai_gfx928_4gpu/20260825T102643Z/csv/channels_r1_reducescatter_8M_tree_simple_ch8.csv,channels_r1_reducescatter_8M_tree_simple_ch8,ReduceScatter,4,8388608,float,552.800140,15.174757,11.381068,0,0
/root/private_data/lyc/2ndpaper/results/k500sm_ai_gfx928_4gpu/20260825T102643Z/csv/channels_r2_allgather_1M_ring_ll_ch1.csv,channels_r2_allgather_1M_ring_ll_ch1,AllGather,4,1048576,float,1599.006920,0.655767,0.491825,0,0
/root/private_data/lyc/2ndpaper/results/k500sm_ai_gfx928_4gpu/20260825T102643Z/csv/channels_r2_allgather_1M_ring_ll_ch2.csv,channels_r2_allgather_1M_ring_ll_ch2,AllGather,4,1048576,float,792.411760,1.323272,0.992454,0,0
/root/private_data/lyc/2ndpaper/results/k500sm_ai_gfx928_4gpu/20260825T102643Z/csv/channels_r2_allgather_1M_ring_ll_ch4.csv,channels_r2_allgather_1M_ring_ll_ch4,AllGather,4,1048576,float,405.627400,2.585072,1.938804,0,0
/root/private_data/lyc/2ndpaper/results/k500sm_ai_gfx928_4gpu/20260825T102643Z/csv/channels_r2_allgather_1M_ring_ll_ch8.csv,channels_r2_allgather_1M_ring_ll_ch8,AllGather,4,1048576,float,213.068000,4.921321,3.690991,0,0
/root/private_data/lyc/2ndpaper/results/k500sm_ai_gfx928_4gpu/20260825T102643Z/csv/channels_r2_allgather_1M_ring_simple_ch1.csv,channels_r2_allgather_1M_ring_simple_ch1,AllGather,4,1048576,float,220.004800,4.766151,3.574613,0,0
/root/private_data/lyc/2ndpaper/results/k500sm_ai_gfx928_4gpu/20260825T102643Z/csv/channels_r2_allgather_1M_ring_simple_ch2.csv,channels_r2_allgather_1M_ring_simple_ch2,AllGather,4,1048576,float,146.930140,7.136562,5.352421,0,0
/root/private_data/lyc/2ndpaper/results/k500sm_ai_gfx928_4gpu/20260825T102643Z/csv/channels_r2_allgather_1M_ring_simple_ch4.csv,channels_r2_allgather_1M_ring_simple_ch4,AllGather,4,1048576,float,122.463120,8.562382,6.421786,0,0
/root/private_data/lyc/2ndpaper/results/k500sm_ai_gfx928_4gpu/20260825T102643Z/csv/channels_r2_allgather_1M_ring_simple_ch8.csv,channels_r2_allgather_1M_ring_simple_ch8,AllGather,4,1048576,float,120.854720,8.676335,6.507251,0,0
/root/private_data/lyc/2ndpaper/results/k500sm_ai_gfx928_4gpu/20260825T102643Z/csv/channels_r2_allgather_1M_tree_ll_ch1.csv,channels_r2_allgather_1M_tree_ll_ch1,AllGather,4,1048576,float,1555.611100,0.674061,0.505545,0,0
/root/private_data/lyc/2ndpaper/results/k500sm_ai_gfx928_4gpu/20260825T102643Z/csv/channels_r2_allgather_1M_tree_ll_ch2.csv,channels_r2_allgather_1M_tree_ll_ch2,AllGather,4,1048576,float,791.863960,1.324187,0.993140,0,0
/root/private_data/lyc/2ndpaper/results/k500sm_ai_gfx928_4gpu/20260825T102643Z/csv/channels_r2_allgather_1M_tree_ll_ch4.csv,channels_r2_allgather_1M_tree_ll_ch4,AllGather,4,1048576,float,405.672780,2.584783,1.938587,0,0
/root/private_data/lyc/2ndpaper/results/k500sm_ai_gfx928_4gpu/20260825T102643Z/csv/channels_r2_allgather_1M_tree_ll_ch8.csv,channels_r2_allgather_1M_tree_ll_ch8,AllGather,4,1048576,float,213.055200,4.921617,3.691212,0,0
/root/private_data/lyc/2ndpaper/results/k500sm_ai_gfx928_4gpu/20260825T102643Z/csv/channels_r2_allgather_1M_tree_simple_ch1.csv,channels_r2_allgather_1M_tree_simple_ch1,AllGather,4,1048576,float,223.102020,4.699984,3.524988,0,0
/root/private_data/lyc/2ndpaper/results/k500sm_ai_gfx928_4gpu/20260825T102643Z/csv/channels_r2_allgather_1M_tree_simple_ch2.csv,channels_r2_allgather_1M_tree_simple_ch2,AllGather,4,1048576,float,146.820940,7.141870,5.356402,0,0
/root/private_data/lyc/2ndpaper/results/k500sm_ai_gfx928_4gpu/20260825T102643Z/csv/channels_r2_allgather_1M_tree_simple_ch4.csv,channels_r2_allgather_1M_tree_simple_ch4,AllGather,4,1048576,float,122.528120,8.557840,6.418380,0,0
/root/private_data/lyc/2ndpaper/results/k500sm_ai_gfx928_4gpu/20260825T102643Z/csv/channels_r2_allgather_1M_tree_simple_ch8.csv,channels_r2_allgather_1M_tree_simple_ch8,AllGather,4,1048576,float,120.244320,8.720379,6.540284,0,0
/root/private_data/lyc/2ndpaper/results/k500sm_ai_gfx928_4gpu/20260825T102643Z/csv/channels_r2_allgather_64M_ring_ll_ch1.csv,channels_r2_allgather_64M_ring_ll_ch1,AllGather,4,67108864,float,99861.550240,0.672019,0.504014,0,0
/root/private_data/lyc/2ndpaper/results/k500sm_ai_gfx928_4gpu/20260825T102643Z/csv/channels_r2_allgather_64M_ring_ll_ch2.csv,channels_r2_allgather_64M_ring_ll_ch2,AllGather,4,67108864,float,49932.865620,1.343982,1.007986,0,0
/root/private_data/lyc/2ndpaper/results/k500sm_ai_gfx928_4gpu/20260825T102643Z/csv/channels_r2_allgather_64M_ring_ll_ch4.csv,channels_r2_allgather_64M_ring_ll_ch4,AllGather,4,67108864,float,24977.275420,2.686797,2.015098,0,0
/root/private_data/lyc/2ndpaper/results/k500sm_ai_gfx928_4gpu/20260825T102643Z/csv/channels_r2_allgather_64M_ring_ll_ch8.csv,channels_r2_allgather_64M_ring_ll_ch8,AllGather,4,67108864,float,12478.382900,5.378010,4.033507,0,0
/root/private_data/lyc/2ndpaper/results/k500sm_ai_gfx928_4gpu/20260825T102643Z/csv/channels_r2_allgather_64M_ring_simple_ch1.csv,channels_r2_allgather_64M_ring_simple_ch1,AllGather,4,67108864,float,10156.746080,6.607319,4.955489,0,0
/root/private_data/lyc/2ndpaper/results/k500sm_ai_gfx928_4gpu/20260825T102643Z/csv/channels_r2_allgather_64M_ring_simple_ch2.csv,channels_r2_allgather_64M_ring_simple_ch2,AllGather,4,67108864,float,5100.516860,13.157267,9.867951,0,0
/root/private_data/lyc/2ndpaper/results/k500sm_ai_gfx928_4gpu/20260825T102643Z/csv/channels_r2_allgather_64M_ring_simple_ch4.csv,channels_r2_allgather_64M_ring_simple_ch4,AllGather,4,67108864,float,4150.467760,16.168988,12.126741,0,0
/root/private_data/lyc/2ndpaper/results/k500sm_ai_gfx928_4gpu/20260825T102643Z/csv/channels_r2_allgather_64M_ring_simple_ch8.csv,channels_r2_allgather_64M_ring_simple_ch8,AllGather,4,67108864,float,3925.016940,17.097726,12.823294,0,0
/root/private_data/lyc/2ndpaper/results/k500sm_ai_gfx928_4gpu/20260825T102643Z/csv/channels_r2_allgather_64M_tree_ll_ch1.csv,channels_r2_allgather_64M_tree_ll_ch1,AllGather,4,67108864,float,99874.605640,0.671931,0.503948,0,0
/root/private_data/lyc/2ndpaper/results/k500sm_ai_gfx928_4gpu/20260825T102643Z/csv/channels_r2_allgather_64M_tree_ll_ch2.csv,channels_r2_allgather_64M_tree_ll_ch2,AllGather,4,67108864,float,50005.128900,1.342040,1.006530,0,0
/root/private_data/lyc/2ndpaper/results/k500sm_ai_gfx928_4gpu/20260825T102643Z/csv/channels_r2_allgather_64M_tree_ll_ch4.csv,channels_r2_allgather_64M_tree_ll_ch4,AllGather,4,67108864,float,24936.472860,2.691193,2.018395,0,0
/root/private_data/lyc/2ndpaper/results/k500sm_ai_gfx928_4gpu/20260825T102643Z/csv/channels_r2_allgather_64M_tree_ll_ch8.csv,channels_r2_allgather_64M_tree_ll_ch8,AllGather,4,67108864,float,12486.596220,5.374472,4.030854,0,0
/root/private_data/lyc/2ndpaper/results/k500sm_ai_gfx928_4gpu/20260825T102643Z/csv/channels_r2_allgather_64M_tree_simple_ch1.csv,channels_r2_allgather_64M_tree_simple_ch1,AllGather,4,67108864,float,10079.526200,6.657938,4.993454,0,0
/root/private_data/lyc/2ndpaper/results/k500sm_ai_gfx928_4gpu/20260825T102643Z/csv/channels_r2_allgather_64M_tree_simple_ch2.csv,channels_r2_allgather_64M_tree_simple_ch2,AllGather,4,67108864,float,5063.670240,13.253008,9.939756,0,0
/root/private_data/lyc/2ndpaper/results/k500sm_ai_gfx928_4gpu/20260825T102643Z/csv/channels_r2_allgather_64M_tree_simple_ch4.csv,channels_r2_allgather_64M_tree_simple_ch4,AllGather,4,67108864,float,4152.895360,16.159536,12.119652,0,0
/root/private_data/lyc/2ndpaper/results/k500sm_ai_gfx928_4gpu/20260825T102643Z/csv/channels_r2_allgather_64M_tree_simple_ch8.csv,channels_r2_allgather_64M_tree_simple_ch8,AllGather,4,67108864,float,3964.813380,16.926109,12.694582,0,0
/root/private_data/lyc/2ndpaper/results/k500sm_ai_gfx928_4gpu/20260825T102643Z/csv/channels_r2_allgather_8M_ring_ll_ch1.csv,channels_r2_allgather_8M_ring_ll_ch1,AllGather,4,8388608,float,12407.817020,0.676074,0.507056,0,0
/root/private_data/lyc/2ndpaper/results/k500sm_ai_gfx928_4gpu/20260825T102643Z/csv/channels_r2_allgather_8M_ring_ll_ch2.csv,channels_r2_allgather_8M_ring_ll_ch2,AllGather,4,8388608,float,6215.929500,1.349534,1.012150,0,0
/root/private_data/lyc/2ndpaper/results/k500sm_ai_gfx928_4gpu/20260825T102643Z/csv/channels_r2_allgather_8M_ring_ll_ch4.csv,channels_r2_allgather_8M_ring_ll_ch4,AllGather,4,8388608,float,3157.919480,2.656372,1.992279,0,0
/root/private_data/lyc/2ndpaper/results/k500sm_ai_gfx928_4gpu/20260825T102643Z/csv/channels_r2_allgather_8M_ring_ll_ch8.csv,channels_r2_allgather_8M_ring_ll_ch8,AllGather,4,8388608,float,1564.040860,5.363420,4.022565,0,0
/root/private_data/lyc/2ndpaper/results/k500sm_ai_gfx928_4gpu/20260825T102643Z/csv/channels_r2_allgather_8M_ring_simple_ch1.csv,channels_r2_allgather_8M_ring_simple_ch1,AllGather,4,8388608,float,1283.671620,6.534855,4.901141,0,0
/root/private_data/lyc/2ndpaper/results/k500sm_ai_gfx928_4gpu/20260825T102643Z/csv/channels_r2_allgather_8M_ring_simple_ch2.csv,channels_r2_allgather_8M_ring_simple_ch2,AllGather,4,8388608,float,661.161440,12.687685,9.515764,0,0
/root/private_data/lyc/2ndpaper/results/k500sm_ai_gfx928_4gpu/20260825T102643Z/csv/channels_r2_allgather_8M_ring_simple_ch4.csv,channels_r2_allgather_8M_ring_simple_ch4,AllGather,4,8388608,float,559.822940,14.984395,11.238296,0,0
/root/private_data/lyc/2ndpaper/results/k500sm_ai_gfx928_4gpu/20260825T102643Z/csv/channels_r2_allgather_8M_ring_simple_ch8.csv,channels_r2_allgather_8M_ring_simple_ch8,AllGather,4,8388608,float,538.476920,15.578398,11.683799,0,0
/root/private_data/lyc/2ndpaper/results/k500sm_ai_gfx928_4gpu/20260825T102643Z/csv/channels_r2_allgather_8M_tree_ll_ch1.csv,channels_r2_allgather_8M_tree_ll_ch1,AllGather,4,8388608,float,12413.242420,0.675779,0.506834,0,0
/root/private_data/lyc/2ndpaper/results/k500sm_ai_gfx928_4gpu/20260825T102643Z/csv/channels_r2_allgather_8M_tree_ll_ch2.csv,channels_r2_allgather_8M_tree_ll_ch2,AllGather,4,8388608,float,6210.299320,1.350757,1.013068,0,0
/root/private_data/lyc/2ndpaper/results/k500sm_ai_gfx928_4gpu/20260825T102643Z/csv/channels_r2_allgather_8M_tree_ll_ch4.csv,channels_r2_allgather_8M_tree_ll_ch4,AllGather,4,8388608,float,3153.986820,2.659684,1.994763,0,0
/root/private_data/lyc/2ndpaper/results/k500sm_ai_gfx928_4gpu/20260825T102643Z/csv/channels_r2_allgather_8M_tree_ll_ch8.csv,channels_r2_allgather_8M_tree_ll_ch8,AllGather,4,8388608,float,1564.313700,5.362485,4.021863,0,0
/root/private_data/lyc/2ndpaper/results/k500sm_ai_gfx928_4gpu/20260825T102643Z/csv/channels_r2_allgather_8M_tree_simple_ch1.csv,channels_r2_allgather_8M_tree_simple_ch1,AllGather,4,8388608,float,1285.978420,6.523133,4.892350,0,0
/root/private_data/lyc/2ndpaper/results/k500sm_ai_gfx928_4gpu/20260825T102643Z/csv/channels_r2_allgather_8M_tree_simple_ch2.csv,channels_r2_allgather_8M_tree_simple_ch2,AllGather,4,8388608,float,659.888240,12.712165,9.534124,0,0
/root/private_data/lyc/2ndpaper/results/k500sm_ai_gfx928_4gpu/20260825T102643Z/csv/channels_r2_allgather_8M_tree_simple_ch4.csv,channels_r2_allgather_8M_tree_simple_ch4,AllGather,4,8388608,float,558.973540,15.007165,11.255374,0,0
/root/private_data/lyc/2ndpaper/results/k500sm_ai_gfx928_4gpu/20260825T102643Z/csv/channels_r2_allgather_8M_tree_simple_ch8.csv,channels_r2_allgather_8M_tree_simple_ch8,AllGather,4,8388608,float,538.710320,15.571649,11.678737,0,0
/root/private_data/lyc/2ndpaper/results/k500sm_ai_gfx928_4gpu/20260825T102643Z/csv/channels_r2_allreduce_1M_ring_ll_ch1.csv,channels_r2_allreduce_1M_ring_ll_ch1,AllReduce,4,1048576,float,1782.572700,0.588237,0.882356,0,0
/root/private_data/lyc/2ndpaper/results/k500sm_ai_gfx928_4gpu/20260825T102643Z/csv/channels_r2_allreduce_1M_ring_ll_ch2.csv,channels_r2_allreduce_1M_ring_ll_ch2,AllReduce,4,1048576,float,904.700680,1.159031,1.738546,0,0
/root/private_data/lyc/2ndpaper/results/k500sm_ai_gfx928_4gpu/20260825T102643Z/csv/channels_r2_allreduce_1M_ring_ll_ch4.csv,channels_r2_allreduce_1M_ring_ll_ch4,AllReduce,4,1048576,float,464.553840,2.257168,3.385752,0,0
/root/private_data/lyc/2ndpaper/results/k500sm_ai_gfx928_4gpu/20260825T102643Z/csv/channels_r2_allreduce_1M_ring_ll_ch8.csv,channels_r2_allreduce_1M_ring_ll_ch8,AllReduce,4,1048576,float,306.729480,3.418569,5.127854,0,0
/root/private_data/lyc/2ndpaper/results/k500sm_ai_gfx928_4gpu/20260825T102643Z/csv/channels_r2_allreduce_1M_ring_simple_ch1.csv,channels_r2_allreduce_1M_ring_simple_ch1,AllReduce,4,1048576,float,375.535040,2.792219,4.188328,0,0
/root/private_data/lyc/2ndpaper/results/k500sm_ai_gfx928_4gpu/20260825T102643Z/csv/channels_r2_allreduce_1M_ring_simple_ch2.csv,channels_r2_allreduce_1M_ring_simple_ch2,AllReduce,4,1048576,float,248.650040,4.217076,6.325613,0,0
/root/private_data/lyc/2ndpaper/results/k500sm_ai_gfx928_4gpu/20260825T102643Z/csv/channels_r2_allreduce_1M_ring_simple_ch4.csv,channels_r2_allreduce_1M_ring_simple_ch4,AllReduce,4,1048576,float,197.719780,5.303344,7.955016,0,0
/root/private_data/lyc/2ndpaper/results/k500sm_ai_gfx928_4gpu/20260825T102643Z/csv/channels_r2_allreduce_1M_ring_simple_ch8.csv,channels_r2_allreduce_1M_ring_simple_ch8,AllReduce,4,1048576,float,253.366840,4.138568,6.207853,0,0
/root/private_data/lyc/2ndpaper/results/k500sm_ai_gfx928_4gpu/20260825T102643Z/csv/channels_r2_allreduce_1M_tree_ll_ch1.csv,channels_r2_allreduce_1M_tree_ll_ch1,AllReduce,4,1048576,float,1945.320060,0.539025,0.808537,0,0
/root/private_data/lyc/2ndpaper/results/k500sm_ai_gfx928_4gpu/20260825T102643Z/csv/channels_r2_allreduce_1M_tree_ll_ch2.csv,channels_r2_allreduce_1M_tree_ll_ch2,AllReduce,4,1048576,float,1311.676040,0.799417,1.199125,0,0
/root/private_data/lyc/2ndpaper/results/k500sm_ai_gfx928_4gpu/20260825T102643Z/csv/channels_r2_allreduce_1M_tree_ll_ch4.csv,channels_r2_allreduce_1M_tree_ll_ch4,AllReduce,4,1048576,float,1177.130920,0.890790,1.336184,0,0
/root/private_data/lyc/2ndpaper/results/k500sm_ai_gfx928_4gpu/20260825T102643Z/csv/channels_r2_allreduce_1M_tree_ll_ch8.csv,channels_r2_allreduce_1M_tree_ll_ch8,AllReduce,4,1048576,float,1430.371360,0.733080,1.099619,0,0
/root/private_data/lyc/2ndpaper/results/k500sm_ai_gfx928_4gpu/20260825T102643Z/csv/channels_r2_allreduce_1M_tree_simple_ch1.csv,channels_r2_allreduce_1M_tree_simple_ch1,AllReduce,4,1048576,float,621.094980,1.688270,2.532405,0,0
/root/private_data/lyc/2ndpaper/results/k500sm_ai_gfx928_4gpu/20260825T102643Z/csv/channels_r2_allreduce_1M_tree_simple_ch2.csv,channels_r2_allreduce_1M_tree_simple_ch2,AllReduce,4,1048576,float,381.330960,2.749779,4.124669,0,0
/root/private_data/lyc/2ndpaper/results/k500sm_ai_gfx928_4gpu/20260825T102643Z/csv/channels_r2_allreduce_1M_tree_simple_ch4.csv,channels_r2_allreduce_1M_tree_simple_ch4,AllReduce,4,1048576,float,328.831900,3.188790,4.783186,0,0
/root/private_data/lyc/2ndpaper/results/k500sm_ai_gfx928_4gpu/20260825T102643Z/csv/channels_r2_allreduce_1M_tree_simple_ch8.csv,channels_r2_allreduce_1M_tree_simple_ch8,AllReduce,4,1048576,float,311.288700,3.368500,5.052750,0,0
/root/private_data/lyc/2ndpaper/results/k500sm_ai_gfx928_4gpu/20260825T102643Z/csv/channels_r2_allreduce_64M_ring_ll_ch1.csv,channels_r2_allreduce_64M_ring_ll_ch1,AllReduce,4,67108864,float,115560.564400,0.580725,0.871087,0,0
/root/private_data/lyc/2ndpaper/results/k500sm_ai_gfx928_4gpu/20260825T102643Z/csv/channels_r2_allreduce_64M_ring_ll_ch2.csv,channels_r2_allreduce_64M_ring_ll_ch2,AllReduce,4,67108864,float,57967.727480,1.157694,1.736540,0,0
/root/private_data/lyc/2ndpaper/results/k500sm_ai_gfx928_4gpu/20260825T102643Z/csv/channels_r2_allreduce_64M_ring_ll_ch4.csv,channels_r2_allreduce_64M_ring_ll_ch4,AllReduce,4,67108864,float,28911.343160,2.321195,3.481792,0,0
/root/private_data/lyc/2ndpaper/results/k500sm_ai_gfx928_4gpu/20260825T102643Z/csv/channels_r2_allreduce_64M_ring_ll_ch8.csv,channels_r2_allreduce_64M_ring_ll_ch8,AllReduce,4,67108864,float,17579.210760,3.817513,5.726269,0,0
/root/private_data/lyc/2ndpaper/results/k500sm_ai_gfx928_4gpu/20260825T102643Z/csv/channels_r2_allreduce_64M_ring_simple_ch1.csv,channels_r2_allreduce_64M_ring_simple_ch1,AllReduce,4,67108864,float,18642.456640,3.599787,5.399680,0,0
/root/private_data/lyc/2ndpaper/results/k500sm_ai_gfx928_4gpu/20260825T102643Z/csv/channels_r2_allreduce_64M_ring_simple_ch2.csv,channels_r2_allreduce_64M_ring_simple_ch2,AllReduce,4,67108864,float,9557.254600,7.021772,10.532658,0,0
/root/private_data/lyc/2ndpaper/results/k500sm_ai_gfx928_4gpu/20260825T102643Z/csv/channels_r2_allreduce_64M_ring_simple_ch4.csv,channels_r2_allreduce_64M_ring_simple_ch4,AllReduce,4,67108864,float,7903.454200,8.491080,12.736620,0,0
/root/private_data/lyc/2ndpaper/results/k500sm_ai_gfx928_4gpu/20260825T102643Z/csv/channels_r2_allreduce_64M_ring_simple_ch8.csv,channels_r2_allreduce_64M_ring_simple_ch8,AllReduce,4,67108864,float,7687.930820,8.729119,13.093679,0,0
/root/private_data/lyc/2ndpaper/results/k500sm_ai_gfx928_4gpu/20260825T102643Z/csv/channels_r2_allreduce_64M_tree_ll_ch1.csv,channels_r2_allreduce_64M_tree_ll_ch1,AllReduce,4,67108864,float,121861.337820,0.550699,0.826048,0,0
/root/private_data/lyc/2ndpaper/results/k500sm_ai_gfx928_4gpu/20260825T102643Z/csv/channels_r2_allreduce_64M_tree_ll_ch2.csv,channels_r2_allreduce_64M_tree_ll_ch2,AllReduce,4,67108864,float,81479.973120,0.823624,1.235436,0,0
/root/private_data/lyc/2ndpaper/results/k500sm_ai_gfx928_4gpu/20260825T102643Z/csv/channels_r2_allreduce_64M_tree_ll_ch4.csv,channels_r2_allreduce_64M_tree_ll_ch4,AllReduce,4,67108864,float,70941.694840,0.945972,1.418958,0,0
/root/private_data/lyc/2ndpaper/results/k500sm_ai_gfx928_4gpu/20260825T102643Z/csv/channels_r2_allreduce_64M_tree_ll_ch8.csv,channels_r2_allreduce_64M_tree_ll_ch8,AllReduce,4,67108864,float,89191.948260,0.752409,1.128614,0,0
/root/private_data/lyc/2ndpaper/results/k500sm_ai_gfx928_4gpu/20260825T102643Z/csv/channels_r2_allreduce_64M_tree_simple_ch1.csv,channels_r2_allreduce_64M_tree_simple_ch1,AllReduce,4,67108864,float,23644.388740,2.838258,4.257386,0,0
/root/private_data/lyc/2ndpaper/results/k500sm_ai_gfx928_4gpu/20260825T102643Z/csv/channels_r2_allreduce_64M_tree_simple_ch2.csv,channels_r2_allreduce_64M_tree_simple_ch2,AllReduce,4,67108864,float,12103.844760,5.544425,8.316638,0,0
/root/private_data/lyc/2ndpaper/results/k500sm_ai_gfx928_4gpu/20260825T102643Z/csv/channels_r2_allreduce_64M_tree_simple_ch4.csv,channels_r2_allreduce_64M_tree_simple_ch4,AllReduce,4,67108864,float,10473.795000,6.407311,9.610967,0,0
/root/private_data/lyc/2ndpaper/results/k500sm_ai_gfx928_4gpu/20260825T102643Z/csv/channels_r2_allreduce_64M_tree_simple_ch8.csv,channels_r2_allreduce_64M_tree_simple_ch8,AllReduce,4,67108864,float,10714.774020,6.263209,9.394813,0,0
/root/private_data/lyc/2ndpaper/results/k500sm_ai_gfx928_4gpu/20260825T102643Z/csv/channels_r2_allreduce_8M_ring_ll_ch1.csv,channels_r2_allreduce_8M_ring_ll_ch1,AllReduce,4,8388608,float,14450.848780,0.580492,0.870739,0,0
/root/private_data/lyc/2ndpaper/results/k500sm_ai_gfx928_4gpu/20260825T102643Z/csv/channels_r2_allreduce_8M_ring_ll_ch2.csv,channels_r2_allreduce_8M_ring_ll_ch2,AllReduce,4,8388608,float,7204.684660,1.164327,1.746490,0,0
/root/private_data/lyc/2ndpaper/results/k500sm_ai_gfx928_4gpu/20260825T102643Z/csv/channels_r2_allreduce_8M_ring_ll_ch4.csv,channels_r2_allreduce_8M_ring_ll_ch4,AllReduce,4,8388608,float,3650.853480,2.297711,3.446567,0,0
/root/private_data/lyc/2ndpaper/results/k500sm_ai_gfx928_4gpu/20260825T102643Z/csv/channels_r2_allreduce_8M_ring_ll_ch8.csv,channels_r2_allreduce_8M_ring_ll_ch8,AllReduce,4,8388608,float,2242.825340,3.740197,5.610295,0,0
/root/private_data/lyc/2ndpaper/results/k500sm_ai_gfx928_4gpu/20260825T102643Z/csv/channels_r2_allreduce_8M_ring_simple_ch1.csv,channels_r2_allreduce_8M_ring_simple_ch1,AllReduce,4,8388608,float,2328.906620,3.601951,5.402927,0,0
/root/private_data/lyc/2ndpaper/results/k500sm_ai_gfx928_4gpu/20260825T102643Z/csv/channels_r2_allreduce_8M_ring_simple_ch2.csv,channels_r2_allreduce_8M_ring_simple_ch2,AllReduce,4,8388608,float,1220.090560,6.875398,10.313097,0,0
/root/private_data/lyc/2ndpaper/results/k500sm_ai_gfx928_4gpu/20260825T102643Z/csv/channels_r2_allreduce_8M_ring_simple_ch4.csv,channels_r2_allreduce_8M_ring_simple_ch4,AllReduce,4,8388608,float,1033.288180,8.118362,12.177544,0,0
/root/private_data/lyc/2ndpaper/results/k500sm_ai_gfx928_4gpu/20260825T102643Z/csv/channels_r2_allreduce_8M_ring_simple_ch8.csv,channels_r2_allreduce_8M_ring_simple_ch8,AllReduce,4,8388608,float,1022.950980,8.200401,12.300601,0,0
/root/private_data/lyc/2ndpaper/results/k500sm_ai_gfx928_4gpu/20260825T102643Z/csv/channels_r2_allreduce_8M_tree_ll_ch1.csv,channels_r2_allreduce_8M_tree_ll_ch1,AllReduce,4,8388608,float,15275.018160,0.549172,0.823758,0,0
/root/private_data/lyc/2ndpaper/results/k500sm_ai_gfx928_4gpu/20260825T102643Z/csv/channels_r2_allreduce_8M_tree_ll_ch2.csv,channels_r2_allreduce_8M_tree_ll_ch2,AllReduce,4,8388608,float,10268.967000,0.816889,1.225334,0,0
/root/private_data/lyc/2ndpaper/results/k500sm_ai_gfx928_4gpu/20260825T102643Z/csv/channels_r2_allreduce_8M_tree_ll_ch4.csv,channels_r2_allreduce_8M_tree_ll_ch4,AllReduce,4,8388608,float,9025.387200,0.929446,1.394169,0,0
/root/private_data/lyc/2ndpaper/results/k500sm_ai_gfx928_4gpu/20260825T102643Z/csv/channels_r2_allreduce_8M_tree_ll_ch8.csv,channels_r2_allreduce_8M_tree_ll_ch8,AllReduce,4,8388608,float,11335.489820,0.740030,1.110046,0,0
/root/private_data/lyc/2ndpaper/results/k500sm_ai_gfx928_4gpu/20260825T102643Z/csv/channels_r2_allreduce_8M_tree_simple_ch1.csv,channels_r2_allreduce_8M_tree_simple_ch1,AllReduce,4,8388608,float,3231.112280,2.596198,3.894297,0,0
/root/private_data/lyc/2ndpaper/results/k500sm_ai_gfx928_4gpu/20260825T102643Z/csv/channels_r2_allreduce_8M_tree_simple_ch2.csv,channels_r2_allreduce_8M_tree_simple_ch2,AllReduce,4,8388608,float,1844.003960,4.549127,6.823690,0,0
/root/private_data/lyc/2ndpaper/results/k500sm_ai_gfx928_4gpu/20260825T102643Z/csv/channels_r2_allreduce_8M_tree_simple_ch4.csv,channels_r2_allreduce_8M_tree_simple_ch4,AllReduce,4,8388608,float,1528.482260,5.488195,8.232292,0,0
/root/private_data/lyc/2ndpaper/results/k500sm_ai_gfx928_4gpu/20260825T102643Z/csv/channels_r2_allreduce_8M_tree_simple_ch8.csv,channels_r2_allreduce_8M_tree_simple_ch8,AllReduce,4,8388608,float,1532.948880,5.472203,8.208305,0,0
/root/private_data/lyc/2ndpaper/results/k500sm_ai_gfx928_4gpu/20260825T102643Z/csv/channels_r2_reducescatter_1M_ring_ll_ch1.csv,channels_r2_reducescatter_1M_ring_ll_ch1,ReduceScatter,4,1048576,float,988.259940,1.061033,0.795774,0,0
/root/private_data/lyc/2ndpaper/results/k500sm_ai_gfx928_4gpu/20260825T102643Z/csv/channels_r2_reducescatter_1M_ring_ll_ch2.csv,channels_r2_reducescatter_1M_ring_ll_ch2,ReduceScatter,4,1048576,float,506.092880,2.071904,1.553928,0,0
/root/private_data/lyc/2ndpaper/results/k500sm_ai_gfx928_4gpu/20260825T102643Z/csv/channels_r2_reducescatter_1M_ring_ll_ch4.csv,channels_r2_reducescatter_1M_ring_ll_ch4,ReduceScatter,4,1048576,float,263.004440,3.986914,2.990185,0,0
/root/private_data/lyc/2ndpaper/results/k500sm_ai_gfx928_4gpu/20260825T102643Z/csv/channels_r2_reducescatter_1M_ring_ll_ch8.csv,channels_r2_reducescatter_1M_ring_ll_ch8,ReduceScatter,4,1048576,float,175.143180,5.986964,4.490223,0,0
/root/private_data/lyc/2ndpaper/results/k500sm_ai_gfx928_4gpu/20260825T102643Z/csv/channels_r2_reducescatter_1M_ring_simple_ch1.csv,channels_r2_reducescatter_1M_ring_simple_ch1,ReduceScatter,4,1048576,float,217.349200,4.824384,3.618288,0,0
/root/private_data/lyc/2ndpaper/results/k500sm_ai_gfx928_4gpu/20260825T102643Z/csv/channels_r2_reducescatter_1M_ring_simple_ch2.csv,channels_r2_reducescatter_1M_ring_simple_ch2,ReduceScatter,4,1048576,float,155.226960,6.755115,5.066336,0,0
/root/private_data/lyc/2ndpaper/results/k500sm_ai_gfx928_4gpu/20260825T102643Z/csv/channels_r2_reducescatter_1M_ring_simple_ch4.csv,channels_r2_reducescatter_1M_ring_simple_ch4,ReduceScatter,4,1048576,float,129.952720,8.068904,6.051678,0,0
/root/private_data/lyc/2ndpaper/results/k500sm_ai_gfx928_4gpu/20260825T102643Z/csv/channels_r2_reducescatter_1M_ring_simple_ch8.csv,channels_r2_reducescatter_1M_ring_simple_ch8,ReduceScatter,4,1048576,float,125.674720,8.343571,6.257679,0,0
/root/private_data/lyc/2ndpaper/results/k500sm_ai_gfx928_4gpu/20260825T102643Z/csv/channels_r2_reducescatter_1M_tree_ll_ch1.csv,channels_r2_reducescatter_1M_tree_ll_ch1,ReduceScatter,4,1048576,float,984.566940,1.065012,0.798759,0,0
/root/private_data/lyc/2ndpaper/results/k500sm_ai_gfx928_4gpu/20260825T102643Z/csv/channels_r2_reducescatter_1M_tree_ll_ch2.csv,channels_r2_reducescatter_1M_tree_ll_ch2,ReduceScatter,4,1048576,float,505.293480,2.075182,1.556387,0,0
/root/private_data/lyc/2ndpaper/results/k500sm_ai_gfx928_4gpu/20260825T102643Z/csv/channels_r2_reducescatter_1M_tree_ll_ch4.csv,channels_r2_reducescatter_1M_tree_ll_ch4,ReduceScatter,4,1048576,float,263.833660,3.974383,2.980787,0,0
/root/private_data/lyc/2ndpaper/results/k500sm_ai_gfx928_4gpu/20260825T102643Z/csv/channels_r2_reducescatter_1M_tree_ll_ch8.csv,channels_r2_reducescatter_1M_tree_ll_ch8,ReduceScatter,4,1048576,float,175.313580,5.981145,4.485859,0,0
/root/private_data/lyc/2ndpaper/results/k500sm_ai_gfx928_4gpu/20260825T102643Z/csv/channels_r2_reducescatter_1M_tree_simple_ch1.csv,channels_r2_reducescatter_1M_tree_simple_ch1,ReduceScatter,4,1048576,float,217.315220,4.825138,3.618854,0,0
/root/private_data/lyc/2ndpaper/results/k500sm_ai_gfx928_4gpu/20260825T102643Z/csv/channels_r2_reducescatter_1M_tree_simple_ch2.csv,channels_r2_reducescatter_1M_tree_simple_ch2,ReduceScatter,4,1048576,float,156.347540,6.706700,5.030025,0,0
/root/private_data/lyc/2ndpaper/results/k500sm_ai_gfx928_4gpu/20260825T102643Z/csv/channels_r2_reducescatter_1M_tree_simple_ch4.csv,channels_r2_reducescatter_1M_tree_simple_ch4,ReduceScatter,4,1048576,float,129.070720,8.124042,6.093032,0,0
/root/private_data/lyc/2ndpaper/results/k500sm_ai_gfx928_4gpu/20260825T102643Z/csv/channels_r2_reducescatter_1M_tree_simple_ch8.csv,channels_r2_reducescatter_1M_tree_simple_ch8,ReduceScatter,4,1048576,float,125.823720,8.333691,6.250268,0,0
/root/private_data/lyc/2ndpaper/results/k500sm_ai_gfx928_4gpu/20260825T102643Z/csv/channels_r2_reducescatter_64M_ring_ll_ch1.csv,channels_r2_reducescatter_64M_ring_ll_ch1,ReduceScatter,4,67108864,float,63892.999700,1.050332,0.787749,0,0
/root/private_data/lyc/2ndpaper/results/k500sm_ai_gfx928_4gpu/20260825T102643Z/csv/channels_r2_reducescatter_64M_ring_ll_ch2.csv,channels_r2_reducescatter_64M_ring_ll_ch2,ReduceScatter,4,67108864,float,31925.140040,2.102070,1.576552,0,0
/root/private_data/lyc/2ndpaper/results/k500sm_ai_gfx928_4gpu/20260825T102643Z/csv/channels_r2_reducescatter_64M_ring_ll_ch4.csv,channels_r2_reducescatter_64M_ring_ll_ch4,ReduceScatter,4,67108864,float,15842.608320,4.235973,3.176980,0,0
/root/private_data/lyc/2ndpaper/results/k500sm_ai_gfx928_4gpu/20260825T102643Z/csv/channels_r2_reducescatter_64M_ring_ll_ch8.csv,channels_r2_reducescatter_64M_ring_ll_ch8,ReduceScatter,4,67108864,float,9066.181060,7.402109,5.551582,0,0
/root/private_data/lyc/2ndpaper/results/k500sm_ai_gfx928_4gpu/20260825T102643Z/csv/channels_r2_reducescatter_64M_ring_simple_ch1.csv,channels_r2_reducescatter_64M_ring_simple_ch1,ReduceScatter,4,67108864,float,9836.531780,6.822411,5.116808,0,0
/root/private_data/lyc/2ndpaper/results/k500sm_ai_gfx928_4gpu/20260825T102643Z/csv/channels_r2_reducescatter_64M_ring_simple_ch2.csv,channels_r2_reducescatter_64M_ring_simple_ch2,ReduceScatter,4,67108864,float,5208.431580,12.884659,9.663494,0,0
/root/private_data/lyc/2ndpaper/results/k500sm_ai_gfx928_4gpu/20260825T102643Z/csv/channels_r2_reducescatter_64M_ring_simple_ch4.csv,channels_r2_reducescatter_64M_ring_simple_ch4,ReduceScatter,4,67108864,float,4332.722720,15.488843,11.616633,0,0
/root/private_data/lyc/2ndpaper/results/k500sm_ai_gfx928_4gpu/20260825T102643Z/csv/channels_r2_reducescatter_64M_ring_simple_ch8.csv,channels_r2_reducescatter_64M_ring_simple_ch8,ReduceScatter,4,67108864,float,4062.853720,16.517667,12.388250,0,0
/root/private_data/lyc/2ndpaper/results/k500sm_ai_gfx928_4gpu/20260825T102643Z/csv/channels_r2_reducescatter_64M_tree_ll_ch1.csv,channels_r2_reducescatter_64M_tree_ll_ch1,ReduceScatter,4,67108864,float,63744.589000,1.052777,0.789583,0,0
/root/private_data/lyc/2ndpaper/results/k500sm_ai_gfx928_4gpu/20260825T102643Z/csv/channels_r2_reducescatter_64M_tree_ll_ch2.csv,channels_r2_reducescatter_64M_tree_ll_ch2,ReduceScatter,4,67108864,float,31939.068860,2.101153,1.575865,0,0
/root/private_data/lyc/2ndpaper/results/k500sm_ai_gfx928_4gpu/20260825T102643Z/csv/channels_r2_reducescatter_64M_tree_ll_ch4.csv,channels_r2_reducescatter_64M_tree_ll_ch4,ReduceScatter,4,67108864,float,15924.962800,4.214067,3.160550,0,0
/root/private_data/lyc/2ndpaper/results/k500sm_ai_gfx928_4gpu/20260825T102643Z/csv/channels_r2_reducescatter_64M_tree_ll_ch8.csv,channels_r2_reducescatter_64M_tree_ll_ch8,ReduceScatter,4,67108864,float,9062.414440,7.405186,5.553889,0,0
/root/private_data/lyc/2ndpaper/results/k500sm_ai_gfx928_4gpu/20260825T102643Z/csv/channels_r2_reducescatter_64M_tree_simple_ch1.csv,channels_r2_reducescatter_64M_tree_simple_ch1,ReduceScatter,4,67108864,float,9884.400840,6.789371,5.092028,0,0
/root/private_data/lyc/2ndpaper/results/k500sm_ai_gfx928_4gpu/20260825T102643Z/csv/channels_r2_reducescatter_64M_tree_simple_ch2.csv,channels_r2_reducescatter_64M_tree_simple_ch2,ReduceScatter,4,67108864,float,5245.134000,12.794499,9.595875,0,0
/root/private_data/lyc/2ndpaper/results/k500sm_ai_gfx928_4gpu/20260825T102643Z/csv/channels_r2_reducescatter_64M_tree_simple_ch4.csv,channels_r2_reducescatter_64M_tree_simple_ch4,ReduceScatter,4,67108864,float,4286.757300,15.654925,11.741194,0,0
/root/private_data/lyc/2ndpaper/results/k500sm_ai_gfx928_4gpu/20260825T102643Z/csv/channels_r2_reducescatter_64M_tree_simple_ch8.csv,channels_r2_reducescatter_64M_tree_simple_ch8,ReduceScatter,4,67108864,float,4070.430280,16.486921,12.365191,0,0
/root/private_data/lyc/2ndpaper/results/k500sm_ai_gfx928_4gpu/20260825T102643Z/csv/channels_r2_reducescatter_8M_ring_ll_ch1.csv,channels_r2_reducescatter_8M_ring_ll_ch1,ReduceScatter,4,8388608,float,7938.671380,1.056677,0.792507,0,0
/root/private_data/lyc/2ndpaper/results/k500sm_ai_gfx928_4gpu/20260825T102643Z/csv/channels_r2_reducescatter_8M_ring_ll_ch2.csv,channels_r2_reducescatter_8M_ring_ll_ch2,ReduceScatter,4,8388608,float,3954.443780,2.121312,1.590984,0,0
/root/private_data/lyc/2ndpaper/results/k500sm_ai_gfx928_4gpu/20260825T102643Z/csv/channels_r2_reducescatter_8M_ring_ll_ch4.csv,channels_r2_reducescatter_8M_ring_ll_ch4,ReduceScatter,4,8388608,float,1983.523280,4.229145,3.171859,0,0
/root/private_data/lyc/2ndpaper/results/k500sm_ai_gfx928_4gpu/20260825T102643Z/csv/channels_r2_reducescatter_8M_ring_ll_ch8.csv,channels_r2_reducescatter_8M_ring_ll_ch8,ReduceScatter,4,8388608,float,1203.211760,6.971847,5.228885,0,0
/root/private_data/lyc/2ndpaper/results/k500sm_ai_gfx928_4gpu/20260825T102643Z/csv/channels_r2_reducescatter_8M_ring_simple_ch1.csv,channels_r2_reducescatter_8M_ring_simple_ch1,ReduceScatter,4,8388608,float,1245.828980,6.733354,5.050016,0,0
/root/private_data/lyc/2ndpaper/results/k500sm_ai_gfx928_4gpu/20260825T102643Z/csv/channels_r2_reducescatter_8M_ring_simple_ch2.csv,channels_r2_reducescatter_8M_ring_simple_ch2,ReduceScatter,4,8388608,float,728.200480,11.519641,8.639731,0,0
/root/private_data/lyc/2ndpaper/results/k500sm_ai_gfx928_4gpu/20260825T102643Z/csv/channels_r2_reducescatter_8M_ring_simple_ch4.csv,channels_r2_reducescatter_8M_ring_simple_ch4,ReduceScatter,4,8388608,float,581.635740,14.422442,10.816832,0,0
/root/private_data/lyc/2ndpaper/results/k500sm_ai_gfx928_4gpu/20260825T102643Z/csv/channels_r2_reducescatter_8M_ring_simple_ch8.csv,channels_r2_reducescatter_8M_ring_simple_ch8,ReduceScatter,4,8388608,float,552.250320,15.189865,11.392399,0,0
/root/private_data/lyc/2ndpaper/results/k500sm_ai_gfx928_4gpu/20260825T102643Z/csv/channels_r2_reducescatter_8M_tree_ll_ch1.csv,channels_r2_reducescatter_8M_tree_ll_ch1,ReduceScatter,4,8388608,float,7879.517720,1.064609,0.798457,0,0
/root/private_data/lyc/2ndpaper/results/k500sm_ai_gfx928_4gpu/20260825T102643Z/csv/channels_r2_reducescatter_8M_tree_ll_ch2.csv,channels_r2_reducescatter_8M_tree_ll_ch2,ReduceScatter,4,8388608,float,3958.456160,2.119162,1.589371,0,0
/root/private_data/lyc/2ndpaper/results/k500sm_ai_gfx928_4gpu/20260825T102643Z/csv/channels_r2_reducescatter_8M_tree_ll_ch4.csv,channels_r2_reducescatter_8M_tree_ll_ch4,ReduceScatter,4,8388608,float,2026.381520,4.139698,3.104774,0,0
/root/private_data/lyc/2ndpaper/results/k500sm_ai_gfx928_4gpu/20260825T102643Z/csv/channels_r2_reducescatter_8M_tree_ll_ch8.csv,channels_r2_reducescatter_8M_tree_ll_ch8,ReduceScatter,4,8388608,float,1205.813140,6.956806,5.217604,0,0
/root/private_data/lyc/2ndpaper/results/k500sm_ai_gfx928_4gpu/20260825T102643Z/csv/channels_r2_reducescatter_8M_tree_simple_ch1.csv,channels_r2_reducescatter_8M_tree_simple_ch1,ReduceScatter,4,8388608,float,1246.752580,6.728366,5.046275,0,0
/root/private_data/lyc/2ndpaper/results/k500sm_ai_gfx928_4gpu/20260825T102643Z/csv/channels_r2_reducescatter_8M_tree_simple_ch2.csv,channels_r2_reducescatter_8M_tree_simple_ch2,ReduceScatter,4,8388608,float,683.168240,12.278978,9.209234,0,0
/root/private_data/lyc/2ndpaper/results/k500sm_ai_gfx928_4gpu/20260825T102643Z/csv/channels_r2_reducescatter_8M_tree_simple_ch4.csv,channels_r2_reducescatter_8M_tree_simple_ch4,ReduceScatter,4,8388608,float,624.461800,13.433341,10.075005,0,0
/root/private_data/lyc/2ndpaper/results/k500sm_ai_gfx928_4gpu/20260825T102643Z/csv/channels_r2_reducescatter_8M_tree_simple_ch8.csv,channels_r2_reducescatter_8M_tree_simple_ch8,ReduceScatter,4,8388608,float,552.000340,15.196744,11.397558,0,0
/root/private_data/lyc/2ndpaper/results/k500sm_ai_gfx928_4gpu/20260825T102643Z/csv/channels_r3_allgather_1M_ring_ll_ch1.csv,channels_r3_allgather_1M_ring_ll_ch1,AllGather,4,1048576,float,1605.578340,0.653083,0.489812,0,0
/root/private_data/lyc/2ndpaper/results/k500sm_ai_gfx928_4gpu/20260825T102643Z/csv/channels_r3_allgather_1M_ring_ll_ch2.csv,channels_r3_allgather_1M_ring_ll_ch2,AllGather,4,1048576,float,792.320760,1.323424,0.992568,0,0
/root/private_data/lyc/2ndpaper/results/k500sm_ai_gfx928_4gpu/20260825T102643Z/csv/channels_r3_allgather_1M_ring_ll_ch4.csv,channels_r3_allgather_1M_ring_ll_ch4,AllGather,4,1048576,float,405.851780,2.583643,1.937732,0,0
/root/private_data/lyc/2ndpaper/results/k500sm_ai_gfx928_4gpu/20260825T102643Z/csv/channels_r3_allgather_1M_ring_ll_ch8.csv,channels_r3_allgather_1M_ring_ll_ch8,AllGather,4,1048576,float,212.909000,4.924996,3.693747,0,0
/root/private_data/lyc/2ndpaper/results/k500sm_ai_gfx928_4gpu/20260825T102643Z/csv/channels_r3_allgather_1M_ring_simple_ch1.csv,channels_r3_allgather_1M_ring_simple_ch1,AllGather,4,1048576,float,219.335000,4.780705,3.585529,0,0
/root/private_data/lyc/2ndpaper/results/k500sm_ai_gfx928_4gpu/20260825T102643Z/csv/channels_r3_allgather_1M_ring_simple_ch2.csv,channels_r3_allgather_1M_ring_simple_ch2,AllGather,4,1048576,float,147.241740,7.121459,5.341094,0,0
/root/private_data/lyc/2ndpaper/results/k500sm_ai_gfx928_4gpu/20260825T102643Z/csv/channels_r3_allgather_1M_ring_simple_ch4.csv,channels_r3_allgather_1M_ring_simple_ch4,AllGather,4,1048576,float,122.370520,8.568861,6.426646,0,0
/root/private_data/lyc/2ndpaper/results/k500sm_ai_gfx928_4gpu/20260825T102643Z/csv/channels_r3_allgather_1M_ring_simple_ch8.csv,channels_r3_allgather_1M_ring_simple_ch8,AllGather,4,1048576,float,120.430320,8.706910,6.530183,0,0
/root/private_data/lyc/2ndpaper/results/k500sm_ai_gfx928_4gpu/20260825T102643Z/csv/channels_r3_allgather_1M_tree_ll_ch1.csv,channels_r3_allgather_1M_tree_ll_ch1,AllGather,4,1048576,float,1559.412700,0.672417,0.504313,0,0
/root/private_data/lyc/2ndpaper/results/k500sm_ai_gfx928_4gpu/20260825T102643Z/csv/channels_r3_allgather_1M_tree_ll_ch2.csv,channels_r3_allgather_1M_tree_ll_ch2,AllGather,4,1048576,float,792.376760,1.323330,0.992498,0,0
/root/private_data/lyc/2ndpaper/results/k500sm_ai_gfx928_4gpu/20260825T102643Z/csv/channels_r3_allgather_1M_tree_ll_ch4.csv,channels_r3_allgather_1M_tree_ll_ch4,AllGather,4,1048576,float,405.658200,2.584876,1.938657,0,0
/root/private_data/lyc/2ndpaper/results/k500sm_ai_gfx928_4gpu/20260825T102643Z/csv/channels_r3_allgather_1M_tree_ll_ch8.csv,channels_r3_allgather_1M_tree_ll_ch8,AllGather,4,1048576,float,213.126800,4.919963,3.689972,0,0
/root/private_data/lyc/2ndpaper/results/k500sm_ai_gfx928_4gpu/20260825T102643Z/csv/channels_r3_allgather_1M_tree_simple_ch1.csv,channels_r3_allgather_1M_tree_simple_ch1,AllGather,4,1048576,float,220.059000,4.764977,3.573732,0,0
/root/private_data/lyc/2ndpaper/results/k500sm_ai_gfx928_4gpu/20260825T102643Z/csv/channels_r3_allgather_1M_tree_simple_ch2.csv,channels_r3_allgather_1M_tree_simple_ch2,AllGather,4,1048576,float,146.925340,7.136795,5.352596,0,0
/root/private_data/lyc/2ndpaper/results/k500sm_ai_gfx928_4gpu/20260825T102643Z/csv/channels_r3_allgather_1M_tree_simple_ch4.csv,channels_r3_allgather_1M_tree_simple_ch4,AllGather,4,1048576,float,121.891520,8.602534,6.451901,0,0
/root/private_data/lyc/2ndpaper/results/k500sm_ai_gfx928_4gpu/20260825T102643Z/csv/channels_r3_allgather_1M_tree_simple_ch8.csv,channels_r3_allgather_1M_tree_simple_ch8,AllGather,4,1048576,float,120.067320,8.733234,6.549925,0,0
/root/private_data/lyc/2ndpaper/results/k500sm_ai_gfx928_4gpu/20260825T102643Z/csv/channels_r3_allgather_64M_ring_ll_ch1.csv,channels_r3_allgather_64M_ring_ll_ch1,AllGather,4,67108864,float,99825.486600,0.672262,0.504196,0,0
/root/private_data/lyc/2ndpaper/results/k500sm_ai_gfx928_4gpu/20260825T102643Z/csv/channels_r3_allgather_64M_ring_ll_ch2.csv,channels_r3_allgather_64M_ring_ll_ch2,AllGather,4,67108864,float,49966.559060,1.343076,1.007307,0,0
/root/private_data/lyc/2ndpaper/results/k500sm_ai_gfx928_4gpu/20260825T102643Z/csv/channels_r3_allgather_64M_ring_ll_ch4.csv,channels_r3_allgather_64M_ring_ll_ch4,AllGather,4,67108864,float,24964.947600,2.688124,2.016093,0,0
/root/private_data/lyc/2ndpaper/results/k500sm_ai_gfx928_4gpu/20260825T102643Z/csv/channels_r3_allgather_64M_ring_ll_ch8.csv,channels_r3_allgather_64M_ring_ll_ch8,AllGather,4,67108864,float,12465.692480,5.383485,4.037613,0,0
/root/private_data/lyc/2ndpaper/results/k500sm_ai_gfx928_4gpu/20260825T102643Z/csv/channels_r3_allgather_64M_ring_simple_ch1.csv,channels_r3_allgather_64M_ring_simple_ch1,AllGather,4,67108864,float,10184.418900,6.589366,4.942025,0,0
/root/private_data/lyc/2ndpaper/results/k500sm_ai_gfx928_4gpu/20260825T102643Z/csv/channels_r3_allgather_64M_ring_simple_ch2.csv,channels_r3_allgather_64M_ring_simple_ch2,AllGather,4,67108864,float,5067.190220,13.243802,9.932852,0,0
/root/private_data/lyc/2ndpaper/results/k500sm_ai_gfx928_4gpu/20260825T102643Z/csv/channels_r3_allgather_64M_ring_simple_ch4.csv,channels_r3_allgather_64M_ring_simple_ch4,AllGather,4,67108864,float,4147.066960,16.182248,12.136686,0,0
/root/private_data/lyc/2ndpaper/results/k500sm_ai_gfx928_4gpu/20260825T102643Z/csv/channels_r3_allgather_64M_ring_simple_ch8.csv,channels_r3_allgather_64M_ring_simple_ch8,AllGather,4,67108864,float,3919.866940,17.120189,12.840142,0,0
/root/private_data/lyc/2ndpaper/results/k500sm_ai_gfx928_4gpu/20260825T102643Z/csv/channels_r3_allgather_64M_tree_ll_ch1.csv,channels_r3_allgather_64M_tree_ll_ch1,AllGather,4,67108864,float,99823.059400,0.672278,0.504209,0,0
/root/private_data/lyc/2ndpaper/results/k500sm_ai_gfx928_4gpu/20260825T102643Z/csv/channels_r3_allgather_64M_tree_ll_ch2.csv,channels_r3_allgather_64M_tree_ll_ch2,AllGather,4,67108864,float,49999.486680,1.342191,1.006643,0,0
/root/private_data/lyc/2ndpaper/results/k500sm_ai_gfx928_4gpu/20260825T102643Z/csv/channels_r3_allgather_64M_tree_ll_ch4.csv,channels_r3_allgather_64M_tree_ll_ch4,AllGather,4,67108864,float,24940.779820,2.690728,2.018046,0,0
/root/private_data/lyc/2ndpaper/results/k500sm_ai_gfx928_4gpu/20260825T102643Z/csv/channels_r3_allgather_64M_tree_ll_ch8.csv,channels_r3_allgather_64M_tree_ll_ch8,AllGather,4,67108864,float,12431.072080,5.398478,4.048858,0,0
/root/private_data/lyc/2ndpaper/results/k500sm_ai_gfx928_4gpu/20260825T102643Z/csv/channels_r3_allgather_64M_tree_simple_ch1.csv,channels_r3_allgather_64M_tree_simple_ch1,AllGather,4,67108864,float,10188.972720,6.586421,4.939816,0,0
/root/private_data/lyc/2ndpaper/results/k500sm_ai_gfx928_4gpu/20260825T102643Z/csv/channels_r3_allgather_64M_tree_simple_ch2.csv,channels_r3_allgather_64M_tree_simple_ch2,AllGather,4,67108864,float,5061.323620,13.259153,9.944365,0,0
/root/private_data/lyc/2ndpaper/results/k500sm_ai_gfx928_4gpu/20260825T102643Z/csv/channels_r3_allgather_64M_tree_simple_ch4.csv,channels_r3_allgather_64M_tree_simple_ch4,AllGather,4,67108864,float,4150.868160,16.167428,12.125571,0,0
/root/private_data/lyc/2ndpaper/results/k500sm_ai_gfx928_4gpu/20260825T102643Z/csv/channels_r3_allgather_64M_tree_simple_ch8.csv,channels_r3_allgather_64M_tree_simple_ch8,AllGather,4,67108864,float,3926.738940,17.090228,12.817671,0,0
/root/private_data/lyc/2ndpaper/results/k500sm_ai_gfx928_4gpu/20260825T102643Z/csv/channels_r3_allgather_8M_ring_ll_ch1.csv,channels_r3_allgather_8M_ring_ll_ch1,AllGather,4,8388608,float,12529.326340,0.669518,0.502138,0,0
/root/private_data/lyc/2ndpaper/results/k500sm_ai_gfx928_4gpu/20260825T102643Z/csv/channels_r3_allgather_8M_ring_ll_ch2.csv,channels_r3_allgather_8M_ring_ll_ch2,AllGather,4,8388608,float,6267.996780,1.338324,1.003743,0,0
/root/private_data/lyc/2ndpaper/results/k500sm_ai_gfx928_4gpu/20260825T102643Z/csv/channels_r3_allgather_8M_ring_ll_ch4.csv,channels_r3_allgather_8M_ring_ll_ch4,AllGather,4,8388608,float,3157.212700,2.656966,1.992725,0,0
/root/private_data/lyc/2ndpaper/results/k500sm_ai_gfx928_4gpu/20260825T102643Z/csv/channels_r3_allgather_8M_ring_ll_ch8.csv,channels_r3_allgather_8M_ring_ll_ch8,AllGather,4,8388608,float,1564.471320,5.361944,4.021458,0,0
/root/private_data/lyc/2ndpaper/results/k500sm_ai_gfx928_4gpu/20260825T102643Z/csv/channels_r3_allgather_8M_ring_simple_ch1.csv,channels_r3_allgather_8M_ring_simple_ch1,AllGather,4,8388608,float,1284.884440,6.528687,4.896515,0,0
/root/private_data/lyc/2ndpaper/results/k500sm_ai_gfx928_4gpu/20260825T102643Z/csv/channels_r3_allgather_8M_ring_simple_ch2.csv,channels_r3_allgather_8M_ring_simple_ch2,AllGather,4,8388608,float,659.562040,12.718452,9.538839,0,0
/root/private_data/lyc/2ndpaper/results/k500sm_ai_gfx928_4gpu/20260825T102643Z/csv/channels_r3_allgather_8M_ring_simple_ch4.csv,channels_r3_allgather_8M_ring_simple_ch4,AllGather,4,8388608,float,559.997740,14.979718,11.234788,0,0
/root/private_data/lyc/2ndpaper/results/k500sm_ai_gfx928_4gpu/20260825T102643Z/csv/channels_r3_allgather_8M_ring_simple_ch8.csv,channels_r3_allgather_8M_ring_simple_ch8,AllGather,4,8388608,float,585.077960,14.337590,10.753193,0,0
/root/private_data/lyc/2ndpaper/results/k500sm_ai_gfx928_4gpu/20260825T102643Z/csv/channels_r3_allgather_8M_tree_ll_ch1.csv,channels_r3_allgather_8M_tree_ll_ch1,AllGather,4,8388608,float,12527.312540,0.669626,0.502219,0,0
/root/private_data/lyc/2ndpaper/results/k500sm_ai_gfx928_4gpu/20260825T102643Z/csv/channels_r3_allgather_8M_tree_ll_ch2.csv,channels_r3_allgather_8M_tree_ll_ch2,AllGather,4,8388608,float,6259.169360,1.340211,1.005158,0,0
/root/private_data/lyc/2ndpaper/results/k500sm_ai_gfx928_4gpu/20260825T102643Z/csv/channels_r3_allgather_8M_tree_ll_ch4.csv,channels_r3_allgather_8M_tree_ll_ch4,AllGather,4,8388608,float,3155.053820,2.658784,1.994088,0,0
/root/private_data/lyc/2ndpaper/results/k500sm_ai_gfx928_4gpu/20260825T102643Z/csv/channels_r3_allgather_8M_tree_ll_ch8.csv,channels_r3_allgather_8M_tree_ll_ch8,AllGather,4,8388608,float,1564.862480,5.360604,4.020453,0,0
/root/private_data/lyc/2ndpaper/results/k500sm_ai_gfx928_4gpu/20260825T102643Z/csv/channels_r3_allgather_8M_tree_simple_ch1.csv,channels_r3_allgather_8M_tree_simple_ch1,AllGather,4,8388608,float,1285.852240,6.523773,4.892830,0,0
/root/private_data/lyc/2ndpaper/results/k500sm_ai_gfx928_4gpu/20260825T102643Z/csv/channels_r3_allgather_8M_tree_simple_ch2.csv,channels_r3_allgather_8M_tree_simple_ch2,AllGather,4,8388608,float,660.589820,12.698664,9.523998,0,0
/root/private_data/lyc/2ndpaper/results/k500sm_ai_gfx928_4gpu/20260825T102643Z/csv/channels_r3_allgather_8M_tree_simple_ch4.csv,channels_r3_allgather_8M_tree_simple_ch4,AllGather,4,8388608,float,560.708120,14.960739,11.220554,0,0
/root/private_data/lyc/2ndpaper/results/k500sm_ai_gfx928_4gpu/20260825T102643Z/csv/channels_r3_allgather_8M_tree_simple_ch8.csv,channels_r3_allgather_8M_tree_simple_ch8,AllGather,4,8388608,float,538.644520,15.573551,11.680163,0,0
/root/private_data/lyc/2ndpaper/results/k500sm_ai_gfx928_4gpu/20260825T102643Z/csv/channels_r3_allreduce_1M_ring_ll_ch1.csv,channels_r3_allreduce_1M_ring_ll_ch1,AllReduce,4,1048576,float,1791.122100,0.585430,0.878144,0,0
/root/private_data/lyc/2ndpaper/results/k500sm_ai_gfx928_4gpu/20260825T102643Z/csv/channels_r3_allreduce_1M_ring_ll_ch2.csv,channels_r3_allreduce_1M_ring_ll_ch2,AllReduce,4,1048576,float,904.569060,1.159199,1.738799,0,0
/root/private_data/lyc/2ndpaper/results/k500sm_ai_gfx928_4gpu/20260825T102643Z/csv/channels_r3_allreduce_1M_ring_ll_ch4.csv,channels_r3_allreduce_1M_ring_ll_ch4,AllReduce,4,1048576,float,464.436040,2.257740,3.386611,0,0
/root/private_data/lyc/2ndpaper/results/k500sm_ai_gfx928_4gpu/20260825T102643Z/csv/channels_r3_allreduce_1M_ring_ll_ch8.csv,channels_r3_allreduce_1M_ring_ll_ch8,AllReduce,4,1048576,float,306.480500,3.421347,5.132020,0,0
/root/private_data/lyc/2ndpaper/results/k500sm_ai_gfx928_4gpu/20260825T102643Z/csv/channels_r3_allreduce_1M_ring_simple_ch1.csv,channels_r3_allreduce_1M_ring_simple_ch1,AllReduce,4,1048576,float,375.427220,2.793021,4.189531,0,0
/root/private_data/lyc/2ndpaper/results/k500sm_ai_gfx928_4gpu/20260825T102643Z/csv/channels_r3_allreduce_1M_ring_simple_ch2.csv,channels_r3_allreduce_1M_ring_simple_ch2,AllReduce,4,1048576,float,249.310440,4.205905,6.308857,0,0
/root/private_data/lyc/2ndpaper/results/k500sm_ai_gfx928_4gpu/20260825T102643Z/csv/channels_r3_allreduce_1M_ring_simple_ch4.csv,channels_r3_allreduce_1M_ring_simple_ch4,AllReduce,4,1048576,float,197.300780,5.314606,7.971910,0,0
/root/private_data/lyc/2ndpaper/results/k500sm_ai_gfx928_4gpu/20260825T102643Z/csv/channels_r3_allreduce_1M_ring_simple_ch8.csv,channels_r3_allreduce_1M_ring_simple_ch8,AllReduce,4,1048576,float,203.130980,5.162068,7.743103,0,0
/root/private_data/lyc/2ndpaper/results/k500sm_ai_gfx928_4gpu/20260825T102643Z/csv/channels_r3_allreduce_1M_tree_ll_ch1.csv,channels_r3_allreduce_1M_tree_ll_ch1,AllReduce,4,1048576,float,1945.394460,0.539004,0.808506,0,0
/root/private_data/lyc/2ndpaper/results/k500sm_ai_gfx928_4gpu/20260825T102643Z/csv/channels_r3_allreduce_1M_tree_ll_ch2.csv,channels_r3_allreduce_1M_tree_ll_ch2,AllReduce,4,1048576,float,1320.850460,0.793864,1.190796,0,0
/root/private_data/lyc/2ndpaper/results/k500sm_ai_gfx928_4gpu/20260825T102643Z/csv/channels_r3_allreduce_1M_tree_ll_ch4.csv,channels_r3_allreduce_1M_tree_ll_ch4,AllReduce,4,1048576,float,1178.810340,0.889521,1.334281,0,0
/root/private_data/lyc/2ndpaper/results/k500sm_ai_gfx928_4gpu/20260825T102643Z/csv/channels_r3_allreduce_1M_tree_ll_ch8.csv,channels_r3_allreduce_1M_tree_ll_ch8,AllReduce,4,1048576,float,1438.932380,0.728718,1.093077,0,0
/root/private_data/lyc/2ndpaper/results/k500sm_ai_gfx928_4gpu/20260825T102643Z/csv/channels_r3_allreduce_1M_tree_simple_ch1.csv,channels_r3_allreduce_1M_tree_simple_ch1,AllReduce,4,1048576,float,620.377200,1.690223,2.535335,0,0
/root/private_data/lyc/2ndpaper/results/k500sm_ai_gfx928_4gpu/20260825T102643Z/csv/channels_r3_allreduce_1M_tree_simple_ch2.csv,channels_r3_allreduce_1M_tree_simple_ch2,AllReduce,4,1048576,float,381.978580,2.745117,4.117676,0,0
/root/private_data/lyc/2ndpaper/results/k500sm_ai_gfx928_4gpu/20260825T102643Z/csv/channels_r3_allreduce_1M_tree_simple_ch4.csv,channels_r3_allreduce_1M_tree_simple_ch4,AllReduce,4,1048576,float,327.294700,3.203767,4.805651,0,0
/root/private_data/lyc/2ndpaper/results/k500sm_ai_gfx928_4gpu/20260825T102643Z/csv/channels_r3_allreduce_1M_tree_simple_ch8.csv,channels_r3_allreduce_1M_tree_simple_ch8,AllReduce,4,1048576,float,310.362700,3.378550,5.067825,0,0
/root/private_data/lyc/2ndpaper/results/k500sm_ai_gfx928_4gpu/20260825T102643Z/csv/channels_r3_allreduce_64M_ring_ll_ch1.csv,channels_r3_allreduce_64M_ring_ll_ch1,AllReduce,4,67108864,float,115847.094680,0.579288,0.868932,0,0
/root/private_data/lyc/2ndpaper/results/k500sm_ai_gfx928_4gpu/20260825T102643Z/csv/channels_r3_allreduce_64M_ring_ll_ch2.csv,channels_r3_allreduce_64M_ring_ll_ch2,AllReduce,4,67108864,float,57852.157560,1.160006,1.740009,0,0
/root/private_data/lyc/2ndpaper/results/k500sm_ai_gfx928_4gpu/20260825T102643Z/csv/channels_r3_allreduce_64M_ring_ll_ch4.csv,channels_r3_allreduce_64M_ring_ll_ch4,AllReduce,4,67108864,float,28845.097500,2.326526,3.489789,0,0
/root/private_data/lyc/2ndpaper/results/k500sm_ai_gfx928_4gpu/20260825T102643Z/csv/channels_r3_allreduce_64M_ring_ll_ch8.csv,channels_r3_allreduce_64M_ring_ll_ch8,AllReduce,4,67108864,float,17566.157160,3.820350,5.730525,0,0
/root/private_data/lyc/2ndpaper/results/k500sm_ai_gfx928_4gpu/20260825T102643Z/csv/channels_r3_allreduce_64M_ring_simple_ch1.csv,channels_r3_allreduce_64M_ring_simple_ch1,AllReduce,4,67108864,float,18651.041340,3.598130,5.397194,0,0
/root/private_data/lyc/2ndpaper/results/k500sm_ai_gfx928_4gpu/20260825T102643Z/csv/channels_r3_allreduce_64M_ring_simple_ch2.csv,channels_r3_allreduce_64M_ring_simple_ch2,AllReduce,4,67108864,float,9599.897340,6.990581,10.485872,0,0
/root/private_data/lyc/2ndpaper/results/k500sm_ai_gfx928_4gpu/20260825T102643Z/csv/channels_r3_allreduce_64M_ring_simple_ch4.csv,channels_r3_allreduce_64M_ring_simple_ch4,AllReduce,4,67108864,float,7895.892000,8.499213,12.748819,0,0
/root/private_data/lyc/2ndpaper/results/k500sm_ai_gfx928_4gpu/20260825T102643Z/csv/channels_r3_allreduce_64M_ring_simple_ch8.csv,channels_r3_allreduce_64M_ring_simple_ch8,AllReduce,4,67108864,float,7750.539520,8.658605,12.987908,0,0
/root/private_data/lyc/2ndpaper/results/k500sm_ai_gfx928_4gpu/20260825T102643Z/csv/channels_r3_allreduce_64M_tree_ll_ch1.csv,channels_r3_allreduce_64M_tree_ll_ch1,AllReduce,4,67108864,float,122183.248120,0.549248,0.823872,0,0
/root/private_data/lyc/2ndpaper/results/k500sm_ai_gfx928_4gpu/20260825T102643Z/csv/channels_r3_allreduce_64M_tree_ll_ch2.csv,channels_r3_allreduce_64M_tree_ll_ch2,AllReduce,4,67108864,float,81539.444980,0.823023,1.234535,0,0
/root/private_data/lyc/2ndpaper/results/k500sm_ai_gfx928_4gpu/20260825T102643Z/csv/channels_r3_allreduce_64M_tree_ll_ch4.csv,channels_r3_allreduce_64M_tree_ll_ch4,AllReduce,4,67108864,float,70838.285220,0.947353,1.421030,0,0
/root/private_data/lyc/2ndpaper/results/k500sm_ai_gfx928_4gpu/20260825T102643Z/csv/channels_r3_allreduce_64M_tree_ll_ch8.csv,channels_r3_allreduce_64M_tree_ll_ch8,AllReduce,4,67108864,float,89188.959660,0.752435,1.128652,0,0
/root/private_data/lyc/2ndpaper/results/k500sm_ai_gfx928_4gpu/20260825T102643Z/csv/channels_r3_allreduce_64M_tree_simple_ch1.csv,channels_r3_allreduce_64M_tree_simple_ch1,AllReduce,4,67108864,float,23607.532300,2.842689,4.264033,0,0
/root/private_data/lyc/2ndpaper/results/k500sm_ai_gfx928_4gpu/20260825T102643Z/csv/channels_r3_allreduce_64M_tree_simple_ch2.csv,channels_r3_allreduce_64M_tree_simple_ch2,AllReduce,4,67108864,float,12124.676960,5.534899,8.302349,0,0
/root/private_data/lyc/2ndpaper/results/k500sm_ai_gfx928_4gpu/20260825T102643Z/csv/channels_r3_allreduce_64M_tree_simple_ch4.csv,channels_r3_allreduce_64M_tree_simple_ch4,AllReduce,4,67108864,float,10554.677260,6.358211,9.537316,0,0
/root/private_data/lyc/2ndpaper/results/k500sm_ai_gfx928_4gpu/20260825T102643Z/csv/channels_r3_allreduce_64M_tree_simple_ch8.csv,channels_r3_allreduce_64M_tree_simple_ch8,AllReduce,4,67108864,float,10667.278560,6.291095,9.436643,0,0
/root/private_data/lyc/2ndpaper/results/k500sm_ai_gfx928_4gpu/20260825T102643Z/csv/channels_r3_allreduce_8M_ring_ll_ch1.csv,channels_r3_allreduce_8M_ring_ll_ch1,AllReduce,4,8388608,float,14493.170820,0.578797,0.868196,0,0
/root/private_data/lyc/2ndpaper/results/k500sm_ai_gfx928_4gpu/20260825T102643Z/csv/channels_r3_allreduce_8M_ring_ll_ch2.csv,channels_r3_allreduce_8M_ring_ll_ch2,AllReduce,4,8388608,float,7246.488320,1.157610,1.736415,0,0
/root/private_data/lyc/2ndpaper/results/k500sm_ai_gfx928_4gpu/20260825T102643Z/csv/channels_r3_allreduce_8M_ring_ll_ch4.csv,channels_r3_allreduce_8M_ring_ll_ch4,AllReduce,4,8388608,float,3651.245480,2.297465,3.446197,0,0
/root/private_data/lyc/2ndpaper/results/k500sm_ai_gfx928_4gpu/20260825T102643Z/csv/channels_r3_allreduce_8M_ring_ll_ch8.csv,channels_r3_allreduce_8M_ring_ll_ch8,AllReduce,4,8388608,float,2239.307540,3.746072,5.619108,0,0
/root/private_data/lyc/2ndpaper/results/k500sm_ai_gfx928_4gpu/20260825T102643Z/csv/channels_r3_allreduce_8M_ring_simple_ch1.csv,channels_r3_allreduce_8M_ring_simple_ch1,AllReduce,4,8388608,float,2332.227040,3.596823,5.395235,0,0
/root/private_data/lyc/2ndpaper/results/k500sm_ai_gfx928_4gpu/20260825T102643Z/csv/channels_r3_allreduce_8M_ring_simple_ch2.csv,channels_r3_allreduce_8M_ring_simple_ch2,AllReduce,4,8388608,float,1219.505960,6.878694,10.318041,0,0
/root/private_data/lyc/2ndpaper/results/k500sm_ai_gfx928_4gpu/20260825T102643Z/csv/channels_r3_allreduce_8M_ring_simple_ch4.csv,channels_r3_allreduce_8M_ring_simple_ch4,AllReduce,4,8388608,float,1033.013180,8.120524,12.180786,0,0
/root/private_data/lyc/2ndpaper/results/k500sm_ai_gfx928_4gpu/20260825T102643Z/csv/channels_r3_allreduce_8M_ring_simple_ch8.csv,channels_r3_allreduce_8M_ring_simple_ch8,AllReduce,4,8388608,float,1023.555760,8.195555,12.293333,0,0
/root/private_data/lyc/2ndpaper/results/k500sm_ai_gfx928_4gpu/20260825T102643Z/csv/channels_r3_allreduce_8M_tree_ll_ch1.csv,channels_r3_allreduce_8M_tree_ll_ch1,AllReduce,4,8388608,float,15355.330460,0.546299,0.819449,0,0
/root/private_data/lyc/2ndpaper/results/k500sm_ai_gfx928_4gpu/20260825T102643Z/csv/channels_r3_allreduce_8M_tree_ll_ch2.csv,channels_r3_allreduce_8M_tree_ll_ch2,AllReduce,4,8388608,float,10266.795000,0.817062,1.225593,0,0
/root/private_data/lyc/2ndpaper/results/k500sm_ai_gfx928_4gpu/20260825T102643Z/csv/channels_r3_allreduce_8M_tree_ll_ch4.csv,channels_r3_allreduce_8M_tree_ll_ch4,AllReduce,4,8388608,float,8960.611960,0.936165,1.404247,0,0
/root/private_data/lyc/2ndpaper/results/k500sm_ai_gfx928_4gpu/20260825T102643Z/csv/channels_r3_allreduce_8M_tree_ll_ch8.csv,channels_r3_allreduce_8M_tree_ll_ch8,AllReduce,4,8388608,float,11308.401380,0.741803,1.112705,0,0
/root/private_data/lyc/2ndpaper/results/k500sm_ai_gfx928_4gpu/20260825T102643Z/csv/channels_r3_allreduce_8M_tree_simple_ch1.csv,channels_r3_allreduce_8M_tree_simple_ch1,AllReduce,4,8388608,float,3199.324260,2.621994,3.932991,0,0
/root/private_data/lyc/2ndpaper/results/k500sm_ai_gfx928_4gpu/20260825T102643Z/csv/channels_r3_allreduce_8M_tree_simple_ch2.csv,channels_r3_allreduce_8M_tree_simple_ch2,AllReduce,4,8388608,float,1844.776160,4.547223,6.820834,0,0
/root/private_data/lyc/2ndpaper/results/k500sm_ai_gfx928_4gpu/20260825T102643Z/csv/channels_r3_allreduce_8M_tree_simple_ch4.csv,channels_r3_allreduce_8M_tree_simple_ch4,AllReduce,4,8388608,float,1521.840860,5.512145,8.268218,0,0
/root/private_data/lyc/2ndpaper/results/k500sm_ai_gfx928_4gpu/20260825T102643Z/csv/channels_r3_allreduce_8M_tree_simple_ch8.csv,channels_r3_allreduce_8M_tree_simple_ch8,AllReduce,4,8388608,float,1533.809860,5.469132,8.203697,0,0
/root/private_data/lyc/2ndpaper/results/k500sm_ai_gfx928_4gpu/20260825T102643Z/csv/channels_r3_reducescatter_1M_ring_ll_ch1.csv,channels_r3_reducescatter_1M_ring_ll_ch1,ReduceScatter,4,1048576,float,1030.177000,1.017860,0.763395,0,0
/root/private_data/lyc/2ndpaper/results/k500sm_ai_gfx928_4gpu/20260825T102643Z/csv/channels_r3_reducescatter_1M_ring_ll_ch2.csv,channels_r3_reducescatter_1M_ring_ll_ch2,ReduceScatter,4,1048576,float,505.314480,2.075096,1.556322,0,0
/root/private_data/lyc/2ndpaper/results/k500sm_ai_gfx928_4gpu/20260825T102643Z/csv/channels_r3_reducescatter_1M_ring_ll_ch4.csv,channels_r3_reducescatter_1M_ring_ll_ch4,ReduceScatter,4,1048576,float,263.569460,3.978367,2.983775,0,0
/root/private_data/lyc/2ndpaper/results/k500sm_ai_gfx928_4gpu/20260825T102643Z/csv/channels_r3_reducescatter_1M_ring_ll_ch8.csv,channels_r3_reducescatter_1M_ring_ll_ch8,ReduceScatter,4,1048576,float,175.111360,5.988052,4.491039,0,0
/root/private_data/lyc/2ndpaper/results/k500sm_ai_gfx928_4gpu/20260825T102643Z/csv/channels_r3_reducescatter_1M_ring_simple_ch1.csv,channels_r3_reducescatter_1M_ring_simple_ch1,ReduceScatter,4,1048576,float,217.344000,4.824499,3.618375,0,0
/root/private_data/lyc/2ndpaper/results/k500sm_ai_gfx928_4gpu/20260825T102643Z/csv/channels_r3_reducescatter_1M_ring_simple_ch2.csv,channels_r3_reducescatter_1M_ring_simple_ch2,ReduceScatter,4,1048576,float,155.608140,6.738568,5.053926,0,0
/root/private_data/lyc/2ndpaper/results/k500sm_ai_gfx928_4gpu/20260825T102643Z/csv/channels_r3_reducescatter_1M_ring_simple_ch4.csv,channels_r3_reducescatter_1M_ring_simple_ch4,ReduceScatter,4,1048576,float,130.213940,8.052717,6.039538,0,0
/root/private_data/lyc/2ndpaper/results/k500sm_ai_gfx928_4gpu/20260825T102643Z/csv/channels_r3_reducescatter_1M_ring_simple_ch8.csv,channels_r3_reducescatter_1M_ring_simple_ch8,ReduceScatter,4,1048576,float,126.242320,8.306058,6.229543,0,0
/root/private_data/lyc/2ndpaper/results/k500sm_ai_gfx928_4gpu/20260825T102643Z/csv/channels_r3_reducescatter_1M_tree_ll_ch1.csv,channels_r3_reducescatter_1M_tree_ll_ch1,ReduceScatter,4,1048576,float,982.930740,1.066785,0.800089,0,0
/root/private_data/lyc/2ndpaper/results/k500sm_ai_gfx928_4gpu/20260825T102643Z/csv/channels_r3_reducescatter_1M_tree_ll_ch2.csv,channels_r3_reducescatter_1M_tree_ll_ch2,ReduceScatter,4,1048576,float,504.792280,2.077243,1.557932,0,0
/root/private_data/lyc/2ndpaper/results/k500sm_ai_gfx928_4gpu/20260825T102643Z/csv/channels_r3_reducescatter_1M_tree_ll_ch4.csv,channels_r3_reducescatter_1M_tree_ll_ch4,ReduceScatter,4,1048576,float,306.715700,3.418723,2.564042,0,0
/root/private_data/lyc/2ndpaper/results/k500sm_ai_gfx928_4gpu/20260825T102643Z/csv/channels_r3_reducescatter_1M_tree_ll_ch8.csv,channels_r3_reducescatter_1M_tree_ll_ch8,ReduceScatter,4,1048576,float,175.056160,5.989941,4.492455,0,0
/root/private_data/lyc/2ndpaper/results/k500sm_ai_gfx928_4gpu/20260825T102643Z/csv/channels_r3_reducescatter_1M_tree_simple_ch1.csv,channels_r3_reducescatter_1M_tree_simple_ch1,ReduceScatter,4,1048576,float,217.570200,4.819484,3.614613,0,0
/root/private_data/lyc/2ndpaper/results/k500sm_ai_gfx928_4gpu/20260825T102643Z/csv/channels_r3_reducescatter_1M_tree_simple_ch2.csv,channels_r3_reducescatter_1M_tree_simple_ch2,ReduceScatter,4,1048576,float,155.670540,6.735867,5.051900,0,0
/root/private_data/lyc/2ndpaper/results/k500sm_ai_gfx928_4gpu/20260825T102643Z/csv/channels_r3_reducescatter_1M_tree_simple_ch4.csv,channels_r3_reducescatter_1M_tree_simple_ch4,ReduceScatter,4,1048576,float,129.426120,8.101734,6.076301,0,0
/root/private_data/lyc/2ndpaper/results/k500sm_ai_gfx928_4gpu/20260825T102643Z/csv/channels_r3_reducescatter_1M_tree_simple_ch8.csv,channels_r3_reducescatter_1M_tree_simple_ch8,ReduceScatter,4,1048576,float,125.790120,8.335917,6.251938,0,0
/root/private_data/lyc/2ndpaper/results/k500sm_ai_gfx928_4gpu/20260825T102643Z/csv/channels_r3_reducescatter_64M_ring_ll_ch1.csv,channels_r3_reducescatter_64M_ring_ll_ch1,ReduceScatter,4,67108864,float,63836.450320,1.051262,0.788447,0,0
/root/private_data/lyc/2ndpaper/results/k500sm_ai_gfx928_4gpu/20260825T102643Z/csv/channels_r3_reducescatter_64M_ring_ll_ch2.csv,channels_r3_reducescatter_64M_ring_ll_ch2,ReduceScatter,4,67108864,float,31945.758680,2.100713,1.575535,0,0
/root/private_data/lyc/2ndpaper/results/k500sm_ai_gfx928_4gpu/20260825T102643Z/csv/channels_r3_reducescatter_64M_ring_ll_ch4.csv,channels_r3_reducescatter_64M_ring_ll_ch4,ReduceScatter,4,67108864,float,15959.395420,4.204975,3.153731,0,0
/root/private_data/lyc/2ndpaper/results/k500sm_ai_gfx928_4gpu/20260825T102643Z/csv/channels_r3_reducescatter_64M_ring_ll_ch8.csv,channels_r3_reducescatter_64M_ring_ll_ch8,ReduceScatter,4,67108864,float,8980.395180,7.472819,5.604614,0,0
/root/private_data/lyc/2ndpaper/results/k500sm_ai_gfx928_4gpu/20260825T102643Z/csv/channels_r3_reducescatter_64M_ring_simple_ch1.csv,channels_r3_reducescatter_64M_ring_simple_ch1,ReduceScatter,4,67108864,float,9880.632420,6.791960,5.093970,0,0
/root/private_data/lyc/2ndpaper/results/k500sm_ai_gfx928_4gpu/20260825T102643Z/csv/channels_r3_reducescatter_64M_ring_simple_ch2.csv,channels_r3_reducescatter_64M_ring_simple_ch2,ReduceScatter,4,67108864,float,5200.206760,12.905038,9.678778,0,0
/root/private_data/lyc/2ndpaper/results/k500sm_ai_gfx928_4gpu/20260825T102643Z/csv/channels_r3_reducescatter_64M_ring_simple_ch4.csv,channels_r3_reducescatter_64M_ring_simple_ch4,ReduceScatter,4,67108864,float,4351.245960,15.422908,11.567181,0,0
/root/private_data/lyc/2ndpaper/results/k500sm_ai_gfx928_4gpu/20260825T102643Z/csv/channels_r3_reducescatter_64M_ring_simple_ch8.csv,channels_r3_reducescatter_64M_ring_simple_ch8,ReduceScatter,4,67108864,float,4023.054220,16.681074,12.510805,0,0
/root/private_data/lyc/2ndpaper/results/k500sm_ai_gfx928_4gpu/20260825T102643Z/csv/channels_r3_reducescatter_64M_tree_ll_ch1.csv,channels_r3_reducescatter_64M_tree_ll_ch1,ReduceScatter,4,67108864,float,63688.593340,1.053703,0.790277,0,0
/root/private_data/lyc/2ndpaper/results/k500sm_ai_gfx928_4gpu/20260825T102643Z/csv/channels_r3_reducescatter_64M_tree_ll_ch2.csv,channels_r3_reducescatter_64M_tree_ll_ch2,ReduceScatter,4,67108864,float,31932.716240,2.101571,1.576178,0,0
/root/private_data/lyc/2ndpaper/results/k500sm_ai_gfx928_4gpu/20260825T102643Z/csv/channels_r3_reducescatter_64M_tree_ll_ch4.csv,channels_r3_reducescatter_64M_tree_ll_ch4,ReduceScatter,4,67108864,float,15964.337420,4.203674,3.152755,0,0
/root/private_data/lyc/2ndpaper/results/k500sm_ai_gfx928_4gpu/20260825T102643Z/csv/channels_r3_reducescatter_64M_tree_ll_ch8.csv,channels_r3_reducescatter_64M_tree_ll_ch8,ReduceScatter,4,67108864,float,9058.480640,7.408402,5.556301,0,0
/root/private_data/lyc/2ndpaper/results/k500sm_ai_gfx928_4gpu/20260825T102643Z/csv/channels_r3_reducescatter_64M_tree_simple_ch1.csv,channels_r3_reducescatter_64M_tree_simple_ch1,ReduceScatter,4,67108864,float,9811.002560,6.840164,5.130123,0,0
/root/private_data/lyc/2ndpaper/results/k500sm_ai_gfx928_4gpu/20260825T102643Z/csv/channels_r3_reducescatter_64M_tree_simple_ch2.csv,channels_r3_reducescatter_64M_tree_simple_ch2,ReduceScatter,4,67108864,float,5250.520200,12.781374,9.586031,0,0
/root/private_data/lyc/2ndpaper/results/k500sm_ai_gfx928_4gpu/20260825T102643Z/csv/channels_r3_reducescatter_64M_tree_simple_ch4.csv,channels_r3_reducescatter_64M_tree_simple_ch4,ReduceScatter,4,67108864,float,4284.754480,15.662243,11.746682,0,0
/root/private_data/lyc/2ndpaper/results/k500sm_ai_gfx928_4gpu/20260825T102643Z/csv/channels_r3_reducescatter_64M_tree_simple_ch8.csv,channels_r3_reducescatter_64M_tree_simple_ch8,ReduceScatter,4,67108864,float,4062.429480,16.519392,12.389544,0,0
/root/private_data/lyc/2ndpaper/results/k500sm_ai_gfx928_4gpu/20260825T102643Z/csv/channels_r3_reducescatter_8M_ring_ll_ch1.csv,channels_r3_reducescatter_8M_ring_ll_ch1,ReduceScatter,4,8388608,float,7968.404000,1.052734,0.789550,0,0
/root/private_data/lyc/2ndpaper/results/k500sm_ai_gfx928_4gpu/20260825T102643Z/csv/channels_r3_reducescatter_8M_ring_ll_ch2.csv,channels_r3_reducescatter_8M_ring_ll_ch2,ReduceScatter,4,8388608,float,3953.349980,2.121899,1.591424,0,0
/root/private_data/lyc/2ndpaper/results/k500sm_ai_gfx928_4gpu/20260825T102643Z/csv/channels_r3_reducescatter_8M_ring_ll_ch4.csv,channels_r3_reducescatter_8M_ring_ll_ch4,ReduceScatter,4,8388608,float,1984.731300,4.226571,3.169928,0,0
/root/private_data/lyc/2ndpaper/results/k500sm_ai_gfx928_4gpu/20260825T102643Z/csv/channels_r3_reducescatter_8M_ring_ll_ch8.csv,channels_r3_reducescatter_8M_ring_ll_ch8,ReduceScatter,4,8388608,float,1203.879740,6.967978,5.225984,0,0
/root/private_data/lyc/2ndpaper/results/k500sm_ai_gfx928_4gpu/20260825T102643Z/csv/channels_r3_reducescatter_8M_ring_simple_ch1.csv,channels_r3_reducescatter_8M_ring_simple_ch1,ReduceScatter,4,8388608,float,1246.452400,6.729987,5.047490,0,0
/root/private_data/lyc/2ndpaper/results/k500sm_ai_gfx928_4gpu/20260825T102643Z/csv/channels_r3_reducescatter_8M_ring_simple_ch2.csv,channels_r3_reducescatter_8M_ring_simple_ch2,ReduceScatter,4,8388608,float,682.600240,12.289196,9.216897,0,0
/root/private_data/lyc/2ndpaper/results/k500sm_ai_gfx928_4gpu/20260825T102643Z/csv/channels_r3_reducescatter_8M_ring_simple_ch4.csv,channels_r3_reducescatter_8M_ring_simple_ch4,ReduceScatter,4,8388608,float,582.164160,14.409351,10.807014,0,0
/root/private_data/lyc/2ndpaper/results/k500sm_ai_gfx928_4gpu/20260825T102643Z/csv/channels_r3_reducescatter_8M_ring_simple_ch8.csv,channels_r3_reducescatter_8M_ring_simple_ch8,ReduceScatter,4,8388608,float,552.047140,15.195456,11.396592,0,0
/root/private_data/lyc/2ndpaper/results/k500sm_ai_gfx928_4gpu/20260825T102643Z/csv/channels_r3_reducescatter_8M_tree_ll_ch1.csv,channels_r3_reducescatter_8M_tree_ll_ch1,ReduceScatter,4,8388608,float,7935.300360,1.057125,0.792844,0,0
/root/private_data/lyc/2ndpaper/results/k500sm_ai_gfx928_4gpu/20260825T102643Z/csv/channels_r3_reducescatter_8M_tree_ll_ch2.csv,channels_r3_reducescatter_8M_tree_ll_ch2,ReduceScatter,4,8388608,float,4006.266420,2.093872,1.570404,0,0
/root/private_data/lyc/2ndpaper/results/k500sm_ai_gfx928_4gpu/20260825T102643Z/csv/channels_r3_reducescatter_8M_tree_ll_ch4.csv,channels_r3_reducescatter_8M_tree_ll_ch4,ReduceScatter,4,8388608,float,1986.665100,4.222457,3.166843,0,0
/root/private_data/lyc/2ndpaper/results/k500sm_ai_gfx928_4gpu/20260825T102643Z/csv/channels_r3_reducescatter_8M_tree_ll_ch8.csv,channels_r3_reducescatter_8M_tree_ll_ch8,ReduceScatter,4,8388608,float,1203.295760,6.971360,5.228520,0,0
/root/private_data/lyc/2ndpaper/results/k500sm_ai_gfx928_4gpu/20260825T102643Z/csv/channels_r3_reducescatter_8M_tree_simple_ch1.csv,channels_r3_reducescatter_8M_tree_simple_ch1,ReduceScatter,4,8388608,float,1245.751780,6.733772,5.050329,0,0
/root/private_data/lyc/2ndpaper/results/k500sm_ai_gfx928_4gpu/20260825T102643Z/csv/channels_r3_reducescatter_8M_tree_simple_ch2.csv,channels_r3_reducescatter_8M_tree_simple_ch2,ReduceScatter,4,8388608,float,683.261640,12.277300,9.207975,0,0
/root/private_data/lyc/2ndpaper/results/k500sm_ai_gfx928_4gpu/20260825T102643Z/csv/channels_r3_reducescatter_8M_tree_simple_ch4.csv,channels_r3_reducescatter_8M_tree_simple_ch4,ReduceScatter,4,8388608,float,626.452600,13.390651,10.042988,0,0
/root/private_data/lyc/2ndpaper/results/k500sm_ai_gfx928_4gpu/20260825T102643Z/csv/channels_r3_reducescatter_8M_tree_simple_ch8.csv,channels_r3_reducescatter_8M_tree_simple_ch8,ReduceScatter,4,8388608,float,594.664580,14.106453,10.579840,0,0
/root/private_data/lyc/2ndpaper/results/k500sm_ai_gfx928_4gpu/20260825T104241Z/csv/map_0123_r1_allgather_1M_default_chdefault.csv,map_0123_r1_allgather_1M_default_chdefault,AllGather,4,1048576,float,122.899520,8.531978,6.398983,0,0
/root/private_data/lyc/2ndpaper/results/k500sm_ai_gfx928_4gpu/20260825T104241Z/csv/map_0123_r1_allgather_64M_default_chdefault.csv,map_0123_r1_allgather_64M_default_chdefault,AllGather,4,67108864,float,4112.824520,16.316977,12.237733,0,0
/root/private_data/lyc/2ndpaper/results/k500sm_ai_gfx928_4gpu/20260825T104241Z/csv/map_0123_r1_allreduce_1M_default_chdefault.csv,map_0123_r1_allreduce_1M_default_chdefault,AllReduce,4,1048576,float,198.315400,5.287416,7.931124,0,0
/root/private_data/lyc/2ndpaper/results/k500sm_ai_gfx928_4gpu/20260825T104241Z/csv/map_0123_r1_allreduce_64M_default_chdefault.csv,map_0123_r1_allreduce_64M_default_chdefault,AllReduce,4,67108864,float,7801.282840,8.602286,12.903429,0,0
/root/private_data/lyc/2ndpaper/results/k500sm_ai_gfx928_4gpu/20260825T104241Z/csv/map_0123_r2_allgather_1M_default_chdefault.csv,map_0123_r2_allgather_1M_default_chdefault,AllGather,4,1048576,float,123.032320,8.522769,6.392076,0,0
/root/private_data/lyc/2ndpaper/results/k500sm_ai_gfx928_4gpu/20260825T104241Z/csv/map_0123_r2_allgather_64M_default_chdefault.csv,map_0123_r2_allgather_64M_default_chdefault,AllGather,4,67108864,float,4105.337120,16.346736,12.260052,0,0
/root/private_data/lyc/2ndpaper/results/k500sm_ai_gfx928_4gpu/20260825T104241Z/csv/map_0123_r2_allreduce_1M_default_chdefault.csv,map_0123_r2_allreduce_1M_default_chdefault,AllReduce,4,1048576,float,198.410600,5.284879,7.927318,0,0
/root/private_data/lyc/2ndpaper/results/k500sm_ai_gfx928_4gpu/20260825T104241Z/csv/map_0123_r2_allreduce_64M_default_chdefault.csv,map_0123_r2_allreduce_64M_default_chdefault,AllReduce,4,67108864,float,7897.732520,8.497232,12.745848,0,0
/root/private_data/lyc/2ndpaper/results/k500sm_ai_gfx928_4gpu/20260825T104241Z/csv/map_0123_r3_allgather_1M_default_chdefault.csv,map_0123_r3_allgather_1M_default_chdefault,AllGather,4,1048576,float,123.285920,8.505237,6.378928,0,0
/root/private_data/lyc/2ndpaper/results/k500sm_ai_gfx928_4gpu/20260825T104241Z/csv/map_0123_r3_allgather_64M_default_chdefault.csv,map_0123_r3_allgather_64M_default_chdefault,AllGather,4,67108864,float,4105.174320,16.347385,12.260539,0,0
/root/private_data/lyc/2ndpaper/results/k500sm_ai_gfx928_4gpu/20260825T104241Z/csv/map_0123_r3_allreduce_1M_default_chdefault.csv,map_0123_r3_allreduce_1M_default_chdefault,AllReduce,4,1048576,float,197.292580,5.314827,7.972241,0,0
/root/private_data/lyc/2ndpaper/results/k500sm_ai_gfx928_4gpu/20260825T104241Z/csv/map_0123_r3_allreduce_64M_default_chdefault.csv,map_0123_r3_allreduce_64M_default_chdefault,AllReduce,4,67108864,float,7910.279540,8.483754,12.725631,0,0
/root/private_data/lyc/2ndpaper/results/k500sm_ai_gfx928_4gpu/20260825T104241Z/csv/map_0213_r1_allgather_1M_default_chdefault.csv,map_0213_r1_allgather_1M_default_chdefault,AllGather,4,1048576,float,121.856500,8.605007,6.453755,0,0
/root/private_data/lyc/2ndpaper/results/k500sm_ai_gfx928_4gpu/20260825T104241Z/csv/map_0213_r1_allgather_64M_default_chdefault.csv,map_0213_r1_allgather_64M_default_chdefault,AllGather,4,67108864,float,4193.420000,16.003373,12.002530,0,0
/root/private_data/lyc/2ndpaper/results/k500sm_ai_gfx928_4gpu/20260825T104241Z/csv/map_0213_r1_allreduce_1M_default_chdefault.csv,map_0213_r1_allreduce_1M_default_chdefault,AllReduce,4,1048576,float,197.474600,5.309928,7.964893,0,0
/root/private_data/lyc/2ndpaper/results/k500sm_ai_gfx928_4gpu/20260825T104241Z/csv/map_0213_r1_allreduce_64M_default_chdefault.csv,map_0213_r1_allreduce_64M_default_chdefault,AllReduce,4,67108864,float,7803.940640,8.599356,12.899034,0,0
/root/private_data/lyc/2ndpaper/results/k500sm_ai_gfx928_4gpu/20260825T104241Z/csv/map_0213_r2_allgather_1M_default_chdefault.csv,map_0213_r2_allgather_1M_default_chdefault,AllGather,4,1048576,float,122.872520,8.533853,6.400390,0,0
/root/private_data/lyc/2ndpaper/results/k500sm_ai_gfx928_4gpu/20260825T104241Z/csv/map_0213_r2_allgather_64M_default_chdefault.csv,map_0213_r2_allgather_64M_default_chdefault,AllGather,4,67108864,float,4151.277960,16.165832,12.124374,0,0
/root/private_data/lyc/2ndpaper/results/k500sm_ai_gfx928_4gpu/20260825T104241Z/csv/map_0213_r2_allreduce_1M_default_chdefault.csv,map_0213_r2_allreduce_1M_default_chdefault,AllReduce,4,1048576,float,199.637200,5.252408,7.878612,0,0
/root/private_data/lyc/2ndpaper/results/k500sm_ai_gfx928_4gpu/20260825T104241Z/csv/map_0213_r2_allreduce_64M_default_chdefault.csv,map_0213_r2_allreduce_64M_default_chdefault,AllReduce,4,67108864,float,7890.364720,8.505166,12.757749,0,0
/root/private_data/lyc/2ndpaper/results/k500sm_ai_gfx928_4gpu/20260825T104241Z/csv/map_0213_r3_allgather_1M_default_chdefault.csv,map_0213_r3_allgather_1M_default_chdefault,AllGather,4,1048576,float,122.536320,8.557267,6.417950,0,0
/root/private_data/lyc/2ndpaper/results/k500sm_ai_gfx928_4gpu/20260825T104241Z/csv/map_0213_r3_allgather_64M_default_chdefault.csv,map_0213_r3_allgather_64M_default_chdefault,AllGather,4,67108864,float,4104.890520,16.348515,12.261386,0,0
/root/private_data/lyc/2ndpaper/results/k500sm_ai_gfx928_4gpu/20260825T104241Z/csv/map_0213_r3_allreduce_1M_default_chdefault.csv,map_0213_r3_allreduce_1M_default_chdefault,AllReduce,4,1048576,float,198.762400,5.275525,7.913287,0,0
/root/private_data/lyc/2ndpaper/results/k500sm_ai_gfx928_4gpu/20260825T104241Z/csv/map_0213_r3_allreduce_64M_default_chdefault.csv,map_0213_r3_allreduce_64M_default_chdefault,AllReduce,4,67108864,float,7886.002120,8.509871,12.764807,0,0
/root/private_data/lyc/2ndpaper/results/k500sm_ai_gfx928_4gpu/20260825T104241Z/csv/map_0321_r1_allgather_1M_default_chdefault.csv,map_0321_r1_allgather_1M_default_chdefault,AllGather,4,1048576,float,122.230900,8.578649,6.433987,0,0
/root/private_data/lyc/2ndpaper/results/k500sm_ai_gfx928_4gpu/20260825T104241Z/csv/map_0321_r1_allgather_64M_default_chdefault.csv,map_0321_r1_allgather_64M_default_chdefault,AllGather,4,67108864,float,4146.685360,16.183737,12.137803,0,0
/root/private_data/lyc/2ndpaper/results/k500sm_ai_gfx928_4gpu/20260825T104241Z/csv/map_0321_r1_allreduce_1M_default_chdefault.csv,map_0321_r1_allreduce_1M_default_chdefault,AllReduce,4,1048576,float,197.754580,5.302411,7.953616,0,0
/root/private_data/lyc/2ndpaper/results/k500sm_ai_gfx928_4gpu/20260825T104241Z/csv/map_0321_r1_allreduce_64M_default_chdefault.csv,map_0321_r1_allreduce_64M_default_chdefault,AllReduce,4,67108864,float,7892.323340,8.503056,12.754583,0,0
/root/private_data/lyc/2ndpaper/results/k500sm_ai_gfx928_4gpu/20260825T104241Z/csv/map_0321_r2_allgather_1M_default_chdefault.csv,map_0321_r2_allgather_1M_default_chdefault,AllGather,4,1048576,float,121.831100,8.606801,6.455101,0,0
/root/private_data/lyc/2ndpaper/results/k500sm_ai_gfx928_4gpu/20260825T104241Z/csv/map_0321_r2_allgather_64M_default_chdefault.csv,map_0321_r2_allgather_64M_default_chdefault,AllGather,4,67108864,float,4176.336580,16.068835,12.051626,0,0
/root/private_data/lyc/2ndpaper/results/k500sm_ai_gfx928_4gpu/20260825T104241Z/csv/map_0321_r2_allreduce_1M_default_chdefault.csv,map_0321_r2_allreduce_1M_default_chdefault,AllReduce,4,1048576,float,197.751980,5.302480,7.953721,0,0
/root/private_data/lyc/2ndpaper/results/k500sm_ai_gfx928_4gpu/20260825T104241Z/csv/map_0321_r2_allreduce_64M_default_chdefault.csv,map_0321_r2_allreduce_64M_default_chdefault,AllReduce,4,67108864,float,7803.367640,8.599987,12.899981,0,0
/root/private_data/lyc/2ndpaper/results/k500sm_ai_gfx928_4gpu/20260825T104241Z/csv/map_0321_r3_allgather_1M_default_chdefault.csv,map_0321_r3_allgather_1M_default_chdefault,AllGather,4,1048576,float,122.142900,8.584830,6.438622,0,0
/root/private_data/lyc/2ndpaper/results/k500sm_ai_gfx928_4gpu/20260825T104241Z/csv/map_0321_r3_allgather_64M_default_chdefault.csv,map_0321_r3_allgather_64M_default_chdefault,AllGather,4,67108864,float,4152.573160,16.160790,12.120593,0,0
/root/private_data/lyc/2ndpaper/results/k500sm_ai_gfx928_4gpu/20260825T104241Z/csv/map_0321_r3_allreduce_1M_default_chdefault.csv,map_0321_r3_allreduce_1M_default_chdefault,AllReduce,4,1048576,float,197.492980,5.309434,7.964151,0,0
/root/private_data/lyc/2ndpaper/results/k500sm_ai_gfx928_4gpu/20260825T104241Z/csv/map_0321_r3_allreduce_64M_default_chdefault.csv,map_0321_r3_allreduce_64M_default_chdefault,AllReduce,4,67108864,float,7896.346140,8.498724,12.748086,0,0
