WARNING: Logging before InitGoogleLogging() is written to STDERR
I1008 03:05:56.846832   130 ProcessGroupNCCL.cpp:1007] [PG ID 0 PG GUID 0 Rank 0] ProcessGroupNCCL initialization options: size: 16, global rank: 0, TIMEOUT(ms): 600000, USE_HIGH_PRIORITY_STREAM: 0, SPLIT_FROM: 0, SPLIT_COLOR: -2, PG Name: 0
I1008 03:05:56.846894   130 ProcessGroupNCCL.cpp:1016] [PG ID 0 PG GUID 0 Rank 0] ProcessGroupNCCL environments: NCCL version: 2.22.3, TORCH_NCCL_ASYNC_ERROR_HANDLING: 1, TORCH_NCCL_DUMP_ON_TIMEOUT: 1, TORCH_NCCL_PROPAGATE_ERROR: 0, TORCH_NCCL_WAIT_TIMEOUT_DUMP_MILSEC: 60000, TORCH_NCCL_DESYNC_DEBUG: 0, TORCH_NCCL_ENABLE_TIMING: 0, TORCH_NCCL_BLOCKING_WAIT: 0, TORCH_DISTRIBUTED_DEBUG: OFF, TORCH_NCCL_USE_TENSOR_REGISTER_ALLOCATOR_HOOK: 0, TORCH_NCCL_ENABLE_MONITORING: 1, TORCH_NCCL_HEARTBEAT_TIMEOUT_SEC: 480, TORCH_NCCL_TRACE_BUFFER_SIZE: 2000, TORCH_NCCL_COORD_CHECK_MILSEC: 1000, TORCH_NCCL_NAN_CHECK: 0, TORCH_NCCL_CUDA_EVENT_CACHE: 1, TORCH_NCCL_LOG_CPP_STACK_ON_UNCLEAN_SHUTDOWN: 1
World: 16 ranks across 2 nodes
Chunk: 8.0 MB per producer
Iterations: 100 (+10 warmup)

WARNING: Logging before InitGoogleLogging() is written to STDERR
I1008 03:05:56.857611   136 ProcessGroupNCCL.cpp:1007] [PG ID 0 PG GUID 0 Rank 6] ProcessGroupNCCL initialization options: size: 16, global rank: 6, TIMEOUT(ms): 600000, USE_HIGH_PRIORITY_STREAM: 0, SPLIT_FROM: 0, SPLIT_COLOR: -2, PG Name: 0
I1008 03:05:56.857677   136 ProcessGroupNCCL.cpp:1016] [PG ID 0 PG GUID 0 Rank 6] ProcessGroupNCCL environments: NCCL version: 2.22.3, TORCH_NCCL_ASYNC_ERROR_HANDLING: 1, TORCH_NCCL_DUMP_ON_TIMEOUT: 1, TORCH_NCCL_PROPAGATE_ERROR: 0, TORCH_NCCL_WAIT_TIMEOUT_DUMP_MILSEC: 60000, TORCH_NCCL_DESYNC_DEBUG: 0, TORCH_NCCL_ENABLE_TIMING: 0, TORCH_NCCL_BLOCKING_WAIT: 0, TORCH_DISTRIBUTED_DEBUG: OFF, TORCH_NCCL_USE_TENSOR_REGISTER_ALLOCATOR_HOOK: 0, TORCH_NCCL_ENABLE_MONITORING: 1, TORCH_NCCL_HEARTBEAT_TIMEOUT_SEC: 480, TORCH_NCCL_TRACE_BUFFER_SIZE: 2000, TORCH_NCCL_COORD_CHECK_MILSEC: 1000, TORCH_NCCL_NAN_CHECK: 0, TORCH_NCCL_CUDA_EVENT_CACHE: 1, TORCH_NCCL_LOG_CPP_STACK_ON_UNCLEAN_SHUTDOWN: 1
WARNING: Logging before InitGoogleLogging() is written to STDERR
I1008 03:05:56.869601   132 ProcessGroupNCCL.cpp:1007] [PG ID 0 PG GUID 0 Rank 2] ProcessGroupNCCL initialization options: size: 16, global rank: 2, TIMEOUT(ms): 600000, USE_HIGH_PRIORITY_STREAM: 0, SPLIT_FROM: 0, SPLIT_COLOR: -2, PG Name: 0
I1008 03:05:56.869661   132 ProcessGroupNCCL.cpp:1016] [PG ID 0 PG GUID 0 Rank 2] ProcessGroupNCCL environments: NCCL version: 2.22.3, TORCH_NCCL_ASYNC_ERROR_HANDLING: 1, TORCH_NCCL_DUMP_ON_TIMEOUT: 1, TORCH_NCCL_PROPAGATE_ERROR: 0, TORCH_NCCL_WAIT_TIMEOUT_DUMP_MILSEC: 60000, TORCH_NCCL_DESYNC_DEBUG: 0, TORCH_NCCL_ENABLE_TIMING: 0, TORCH_NCCL_BLOCKING_WAIT: 0, TORCH_DISTRIBUTED_DEBUG: OFF, TORCH_NCCL_USE_TENSOR_REGISTER_ALLOCATOR_HOOK: 0, TORCH_NCCL_ENABLE_MONITORING: 1, TORCH_NCCL_HEARTBEAT_TIMEOUT_SEC: 480, TORCH_NCCL_TRACE_BUFFER_SIZE: 2000, TORCH_NCCL_COORD_CHECK_MILSEC: 1000, TORCH_NCCL_NAN_CHECK: 0, TORCH_NCCL_CUDA_EVENT_CACHE: 1, TORCH_NCCL_LOG_CPP_STACK_ON_UNCLEAN_SHUTDOWN: 1
WARNING: Logging before InitGoogleLogging() is written to STDERR
I1008 03:05:56.872785   137 ProcessGroupNCCL.cpp:1007] [PG ID 0 PG GUID 0 Rank 7] ProcessGroupNCCL initialization options: size: 16, global rank: 7, TIMEOUT(ms): 600000, USE_HIGH_PRIORITY_STREAM: 0, SPLIT_FROM: 0, SPLIT_COLOR: -2, PG Name: 0
I1008 03:05:56.872833   137 ProcessGroupNCCL.cpp:1016] [PG ID 0 PG GUID 0 Rank 7] ProcessGroupNCCL environments: NCCL version: 2.22.3, TORCH_NCCL_ASYNC_ERROR_HANDLING: 1, TORCH_NCCL_DUMP_ON_TIMEOUT: 1, TORCH_NCCL_PROPAGATE_ERROR: 0, TORCH_NCCL_WAIT_TIMEOUT_DUMP_MILSEC: 60000, TORCH_NCCL_DESYNC_DEBUG: 0, TORCH_NCCL_ENABLE_TIMING: 0, TORCH_NCCL_BLOCKING_WAIT: 0, TORCH_DISTRIBUTED_DEBUG: OFF, TORCH_NCCL_USE_TENSOR_REGISTER_ALLOCATOR_HOOK: 0, TORCH_NCCL_ENABLE_MONITORING: 1, TORCH_NCCL_HEARTBEAT_TIMEOUT_SEC: 480, TORCH_NCCL_TRACE_BUFFER_SIZE: 2000, TORCH_NCCL_COORD_CHECK_MILSEC: 1000, TORCH_NCCL_NAN_CHECK: 0, TORCH_NCCL_CUDA_EVENT_CACHE: 1, TORCH_NCCL_LOG_CPP_STACK_ON_UNCLEAN_SHUTDOWN: 1
WARNING: Logging before InitGoogleLogging() is written to STDERR
I1008 03:05:56.873590   135 ProcessGroupNCCL.cpp:1007] [PG ID 0 PG GUID 0 Rank 5] ProcessGroupNCCL initialization options: size: 16, global rank: 5, TIMEOUT(ms): 600000, USE_HIGH_PRIORITY_STREAM: 0, SPLIT_FROM: 0, SPLIT_COLOR: -2, PG Name: 0
I1008 03:05:56.873631   135 ProcessGroupNCCL.cpp:1016] [PG ID 0 PG GUID 0 Rank 5] ProcessGroupNCCL environments: NCCL version: 2.22.3, TORCH_NCCL_ASYNC_ERROR_HANDLING: 1, TORCH_NCCL_DUMP_ON_TIMEOUT: 1, TORCH_NCCL_PROPAGATE_ERROR: 0, TORCH_NCCL_WAIT_TIMEOUT_DUMP_MILSEC: 60000, TORCH_NCCL_DESYNC_DEBUG: 0, TORCH_NCCL_ENABLE_TIMING: 0, TORCH_NCCL_BLOCKING_WAIT: 0, TORCH_DISTRIBUTED_DEBUG: OFF, TORCH_NCCL_USE_TENSOR_REGISTER_ALLOCATOR_HOOK: 0, TORCH_NCCL_ENABLE_MONITORING: 1, TORCH_NCCL_HEARTBEAT_TIMEOUT_SEC: 480, TORCH_NCCL_TRACE_BUFFER_SIZE: 2000, TORCH_NCCL_COORD_CHECK_MILSEC: 1000, TORCH_NCCL_NAN_CHECK: 0, TORCH_NCCL_CUDA_EVENT_CACHE: 1, TORCH_NCCL_LOG_CPP_STACK_ON_UNCLEAN_SHUTDOWN: 1
WARNING: Logging before InitGoogleLogging() is written to STDERR
I1008 03:05:56.891973   131 ProcessGroupNCCL.cpp:1007] [PG ID 0 PG GUID 0 Rank 1] ProcessGroupNCCL initialization options: size: 16, global rank: 1, TIMEOUT(ms): 600000, USE_HIGH_PRIORITY_STREAM: 0, SPLIT_FROM: 0, SPLIT_COLOR: -2, PG Name: 0
I1008 03:05:56.892036   131 ProcessGroupNCCL.cpp:1016] [PG ID 0 PG GUID 0 Rank 1] ProcessGroupNCCL environments: NCCL version: 2.22.3, TORCH_NCCL_ASYNC_ERROR_HANDLING: 1, TORCH_NCCL_DUMP_ON_TIMEOUT: 1, TORCH_NCCL_PROPAGATE_ERROR: 0, TORCH_NCCL_WAIT_TIMEOUT_DUMP_MILSEC: 60000, TORCH_NCCL_DESYNC_DEBUG: 0, TORCH_NCCL_ENABLE_TIMING: 0, TORCH_NCCL_BLOCKING_WAIT: 0, TORCH_DISTRIBUTED_DEBUG: OFF, TORCH_NCCL_USE_TENSOR_REGISTER_ALLOCATOR_HOOK: 0, TORCH_NCCL_ENABLE_MONITORING: 1, TORCH_NCCL_HEARTBEAT_TIMEOUT_SEC: 480, TORCH_NCCL_TRACE_BUFFER_SIZE: 2000, TORCH_NCCL_COORD_CHECK_MILSEC: 1000, TORCH_NCCL_NAN_CHECK: 0, TORCH_NCCL_CUDA_EVENT_CACHE: 1, TORCH_NCCL_LOG_CPP_STACK_ON_UNCLEAN_SHUTDOWN: 1
WARNING: Logging before InitGoogleLogging() is written to STDERR
I1008 03:05:56.909212   134 ProcessGroupNCCL.cpp:1007] [PG ID 0 PG GUID 0 Rank 4] ProcessGroupNCCL initialization options: size: 16, global rank: 4, TIMEOUT(ms): 600000, USE_HIGH_PRIORITY_STREAM: 0, SPLIT_FROM: 0, SPLIT_COLOR: -2, PG Name: 0
I1008 03:05:56.909273   134 ProcessGroupNCCL.cpp:1016] [PG ID 0 PG GUID 0 Rank 4] ProcessGroupNCCL environments: NCCL version: 2.22.3, TORCH_NCCL_ASYNC_ERROR_HANDLING: 1, TORCH_NCCL_DUMP_ON_TIMEOUT: 1, TORCH_NCCL_PROPAGATE_ERROR: 0, TORCH_NCCL_WAIT_TIMEOUT_DUMP_MILSEC: 60000, TORCH_NCCL_DESYNC_DEBUG: 0, TORCH_NCCL_ENABLE_TIMING: 0, TORCH_NCCL_BLOCKING_WAIT: 0, TORCH_DISTRIBUTED_DEBUG: OFF, TORCH_NCCL_USE_TENSOR_REGISTER_ALLOCATOR_HOOK: 0, TORCH_NCCL_ENABLE_MONITORING: 1, TORCH_NCCL_HEARTBEAT_TIMEOUT_SEC: 480, TORCH_NCCL_TRACE_BUFFER_SIZE: 2000, TORCH_NCCL_COORD_CHECK_MILSEC: 1000, TORCH_NCCL_NAN_CHECK: 0, TORCH_NCCL_CUDA_EVENT_CACHE: 1, TORCH_NCCL_LOG_CPP_STACK_ON_UNCLEAN_SHUTDOWN: 1
WARNING: Logging before InitGoogleLogging() is written to STDERR
I1008 03:05:56.912338   133 ProcessGroupNCCL.cpp:1007] [PG ID 0 PG GUID 0 Rank 3] ProcessGroupNCCL initialization options: size: 16, global rank: 3, TIMEOUT(ms): 600000, USE_HIGH_PRIORITY_STREAM: 0, SPLIT_FROM: 0, SPLIT_COLOR: -2, PG Name: 0
I1008 03:05:56.912402   133 ProcessGroupNCCL.cpp:1016] [PG ID 0 PG GUID 0 Rank 3] ProcessGroupNCCL environments: NCCL version: 2.22.3, TORCH_NCCL_ASYNC_ERROR_HANDLING: 1, TORCH_NCCL_DUMP_ON_TIMEOUT: 1, TORCH_NCCL_PROPAGATE_ERROR: 0, TORCH_NCCL_WAIT_TIMEOUT_DUMP_MILSEC: 60000, TORCH_NCCL_DESYNC_DEBUG: 0, TORCH_NCCL_ENABLE_TIMING: 0, TORCH_NCCL_BLOCKING_WAIT: 0, TORCH_DISTRIBUTED_DEBUG: OFF, TORCH_NCCL_USE_TENSOR_REGISTER_ALLOCATOR_HOOK: 0, TORCH_NCCL_ENABLE_MONITORING: 1, TORCH_NCCL_HEARTBEAT_TIMEOUT_SEC: 480, TORCH_NCCL_TRACE_BUFFER_SIZE: 2000, TORCH_NCCL_COORD_CHECK_MILSEC: 1000, TORCH_NCCL_NAN_CHECK: 0, TORCH_NCCL_CUDA_EVENT_CACHE: 1, TORCH_NCCL_LOG_CPP_STACK_ON_UNCLEAN_SHUTDOWN: 1
I1008 03:05:56.922757   136 ProcessGroupNCCL.cpp:1107] [PG ID 0 PG GUID 0(default_pg) Rank 6] Using non-blocking mode: 0
I1008 03:05:56.937083   130 ProcessGroupNCCL.cpp:1107] [PG ID 0 PG GUID 0(default_pg) Rank 0] Using non-blocking mode: 0

vcjob-2107910235463512066-abc12335-68921-worker-0:130:130 [0] /data/jenkins_workspace/workspace/rccl_release/build/hipify/src/init.cc:170 NCCL WARN NUMA auto balancing enabled which can lead to variability in the RCCL performance! Disable by "sudo sysctl kernel.numa_balancing=0"
vcjob-2107910235463512066-abc12335-68921-worker-0:130:130 [0] NCCL INFO Kernel version: 5.15.0-25-generic

vcjob-2107910235463512066-abc12335-68921-worker-0:130:130 [0] /data/jenkins_workspace/workspace/rccl_release/build/hipify/src/init.cc:191 NCCL WARN Missing "iommu=pt" from kernel command line which can lead to system instablity or hang!
vcjob-2107910235463512066-abc12335-68921-worker-0:130:130 [0] NCCL INFO Disabled GDRCopy equivalent memory allocation on gfx936 due to GPU architecture
vcjob-2107910235463512066-abc12335-68921-worker-0:130:130 [0] NCCL INFO NCCL_SOCKET_IFNAME set by environment to eth
vcjob-2107910235463512066-abc12335-68921-worker-0:130:130 [0] NCCL INFO Bootstrap : Using eth0:172.31.50.223<0>
I1008 03:05:56.938077   130 ProcessGroupNCCL.cpp:2857] [PG ID 0 PG GUID 0(default_pg) Rank 0] ProcessGroupNCCL broadcast unique ID through store took 0.117301 ms
I1008 03:05:56.938110   130 NCCLUtils.cpp:75] Rank 0: creating NCCL communicator with mode: blocking
vcjob-2107910235463512066-abc12335-68921-worker-0:130:130 [0] NCCL INFO ROCr version 1.11
vcjob-2107910235463512066-abc12335-68921-worker-0:130:130 [0] NCCL INFO Dmabuf feature disabled without NCCL_DMABUF_ENABLE=1

vcjob-2107910235463512066-abc12335-68921-worker-0:130:130 [0] /data/jenkins_workspace/workspace/rccl_release/build/hipify/src/init.cc:170 NCCL WARN NUMA auto balancing enabled which can lead to variability in the RCCL performance! Disable by "sudo sysctl kernel.numa_balancing=0"
vcjob-2107910235463512066-abc12335-68921-worker-0:130:130 [0] NCCL INFO Kernel version: 5.15.0-25-generic

vcjob-2107910235463512066-abc12335-68921-worker-0:130:130 [0] /data/jenkins_workspace/workspace/rccl_release/build/hipify/src/init.cc:191 NCCL WARN Missing "iommu=pt" from kernel command line which can lead to system instablity or hang!
vcjob-2107910235463512066-abc12335-68921-worker-0:130:130 [0] NCCL INFO RCCL version : 2.22.3-HEAD:19c80f7
HIP version  : 6.3.26102-a22a51fa
ROCm version : 6.3.3.0-0-c1d64df
Hostname     : vcjob-2107910235463512066-abc12335-68921-worker-0
Librccl path : /opt/dtk/lib/librccl.so.1
I1008 03:05:56.938483   136 ProcessGroupNCCL.cpp:2857] [PG ID 0 PG GUID 0(default_pg) Rank 6] ProcessGroupNCCL broadcast unique ID through store took 15.6932 ms
I1008 03:05:56.938534   136 NCCLUtils.cpp:75] Rank 6: creating NCCL communicator with mode: blocking
vcjob-2107910235463512066-abc12335-68921-worker-0:130:130 [0] NCCL INFO Comm config Blocking set to 1
I1008 03:05:56.938665   135 ProcessGroupNCCL.cpp:1107] [PG ID 0 PG GUID 0(default_pg) Rank 5] Using non-blocking mode: 0
vcjob-2107910235463512066-abc12335-68921-worker-0:136:136 [6] NCCL INFO ROCr version 1.11
vcjob-2107910235463512066-abc12335-68921-worker-0:136:136 [6] NCCL INFO Dmabuf feature disabled without NCCL_DMABUF_ENABLE=1

vcjob-2107910235463512066-abc12335-68921-worker-0:136:136 [6] /data/jenkins_workspace/workspace/rccl_release/build/hipify/src/init.cc:170 NCCL WARN NUMA auto balancing enabled which can lead to variability in the RCCL performance! Disable by "sudo sysctl kernel.numa_balancing=0"
vcjob-2107910235463512066-abc12335-68921-worker-0:136:136 [6] NCCL INFO Kernel version: 5.15.0-25-generic

vcjob-2107910235463512066-abc12335-68921-worker-0:136:136 [6] /data/jenkins_workspace/workspace/rccl_release/build/hipify/src/init.cc:191 NCCL WARN Missing "iommu=pt" from kernel command line which can lead to system instablity or hang!
vcjob-2107910235463512066-abc12335-68921-worker-0:136:136 [6] NCCL INFO Disabled GDRCopy equivalent memory allocation on gfx936 due to GPU architecture
vcjob-2107910235463512066-abc12335-68921-worker-0:136:136 [6] NCCL INFO NCCL_SOCKET_IFNAME set by environment to eth
I1008 03:05:56.938882   135 ProcessGroupNCCL.cpp:2857] [PG ID 0 PG GUID 0(default_pg) Rank 5] ProcessGroupNCCL broadcast unique ID through store took 0.183971 ms
I1008 03:05:56.938920   135 NCCLUtils.cpp:75] Rank 5: creating NCCL communicator with mode: blocking
vcjob-2107910235463512066-abc12335-68921-worker-0:135:135 [5] NCCL INFO ROCr version 1.11
vcjob-2107910235463512066-abc12335-68921-worker-0:135:135 [5] NCCL INFO Dmabuf feature disabled without NCCL_DMABUF_ENABLE=1

vcjob-2107910235463512066-abc12335-68921-worker-0:135:135 [5] /data/jenkins_workspace/workspace/rccl_release/build/hipify/src/init.cc:170 NCCL WARN NUMA auto balancing enabled which can lead to variability in the RCCL performance! Disable by "sudo sysctl kernel.numa_balancing=0"
vcjob-2107910235463512066-abc12335-68921-worker-0:135:135 [5] NCCL INFO Kernel version: 5.15.0-25-generic

vcjob-2107910235463512066-abc12335-68921-worker-0:135:135 [5] /data/jenkins_workspace/workspace/rccl_release/build/hipify/src/init.cc:191 NCCL WARN Missing "iommu=pt" from kernel command line which can lead to system instablity or hang!
vcjob-2107910235463512066-abc12335-68921-worker-0:135:135 [5] NCCL INFO Disabled GDRCopy equivalent memory allocation on gfx936 due to GPU architecture
vcjob-2107910235463512066-abc12335-68921-worker-0:135:135 [5] NCCL INFO NCCL_SOCKET_IFNAME set by environment to eth
vcjob-2107910235463512066-abc12335-68921-worker-0:136:136 [6] NCCL INFO Bootstrap : Using eth0:172.31.50.223<0>
vcjob-2107910235463512066-abc12335-68921-worker-0:136:136 [6] NCCL INFO RCCL version : 2.22.3-HEAD:19c80f7
HIP version  : 6.3.26102-a22a51fa
ROCm version : 6.3.3.0-0-c1d64df
Hostname     : vcjob-2107910235463512066-abc12335-68921-worker-0
Librccl path : /opt/dtk/lib/librccl.so.1
vcjob-2107910235463512066-abc12335-68921-worker-0:135:135 [5] NCCL INFO Bootstrap : Using eth0:172.31.50.223<0>
vcjob-2107910235463512066-abc12335-68921-worker-0:136:136 [6] NCCL INFO Comm config Blocking set to 1
vcjob-2107910235463512066-abc12335-68921-worker-0:135:135 [5] NCCL INFO RCCL version : 2.22.3-HEAD:19c80f7
HIP version  : 6.3.26102-a22a51fa
ROCm version : 6.3.3.0-0-c1d64df
Hostname     : vcjob-2107910235463512066-abc12335-68921-worker-0
Librccl path : /opt/dtk/lib/librccl.so.1
vcjob-2107910235463512066-abc12335-68921-worker-0:135:135 [5] NCCL INFO Comm config Blocking set to 1
I1008 03:05:56.940034   137 ProcessGroupNCCL.cpp:1107] [PG ID 0 PG GUID 0(default_pg) Rank 7] Using non-blocking mode: 0
I1008 03:05:56.940234   137 ProcessGroupNCCL.cpp:2857] [PG ID 0 PG GUID 0(default_pg) Rank 7] ProcessGroupNCCL broadcast unique ID through store took 0.168772 ms
I1008 03:05:56.940274   137 NCCLUtils.cpp:75] Rank 7: creating NCCL communicator with mode: blocking
vcjob-2107910235463512066-abc12335-68921-worker-0:137:137 [7] NCCL INFO ROCr version 1.11
vcjob-2107910235463512066-abc12335-68921-worker-0:137:137 [7] NCCL INFO Dmabuf feature disabled without NCCL_DMABUF_ENABLE=1

vcjob-2107910235463512066-abc12335-68921-worker-0:137:137 [7] /data/jenkins_workspace/workspace/rccl_release/build/hipify/src/init.cc:170 NCCL WARN NUMA auto balancing enabled which can lead to variability in the RCCL performance! Disable by "sudo sysctl kernel.numa_balancing=0"
vcjob-2107910235463512066-abc12335-68921-worker-0:137:137 [7] NCCL INFO Kernel version: 5.15.0-25-generic

vcjob-2107910235463512066-abc12335-68921-worker-0:137:137 [7] /data/jenkins_workspace/workspace/rccl_release/build/hipify/src/init.cc:191 NCCL WARN Missing "iommu=pt" from kernel command line which can lead to system instablity or hang!
vcjob-2107910235463512066-abc12335-68921-worker-0:137:137 [7] NCCL INFO Disabled GDRCopy equivalent memory allocation on gfx936 due to GPU architecture
vcjob-2107910235463512066-abc12335-68921-worker-0:137:137 [7] NCCL INFO NCCL_SOCKET_IFNAME set by environment to eth
vcjob-2107910235463512066-abc12335-68921-worker-0:137:137 [7] NCCL INFO Bootstrap : Using eth0:172.31.50.223<0>
vcjob-2107910235463512066-abc12335-68921-worker-0:137:137 [7] NCCL INFO RCCL version : 2.22.3-HEAD:19c80f7
HIP version  : 6.3.26102-a22a51fa
ROCm version : 6.3.3.0-0-c1d64df
Hostname     : vcjob-2107910235463512066-abc12335-68921-worker-0
Librccl path : /opt/dtk/lib/librccl.so.1
vcjob-2107910235463512066-abc12335-68921-worker-0:137:137 [7] NCCL INFO Comm config Blocking set to 1
I1008 03:05:56.956805   132 ProcessGroupNCCL.cpp:1107] [PG ID 0 PG GUID 0(default_pg) Rank 2] Using non-blocking mode: 0
I1008 03:05:56.957082   132 ProcessGroupNCCL.cpp:2857] [PG ID 0 PG GUID 0(default_pg) Rank 2] ProcessGroupNCCL broadcast unique ID through store took 0.223102 ms
I1008 03:05:56.957190   132 NCCLUtils.cpp:75] Rank 2: creating NCCL communicator with mode: blocking
vcjob-2107910235463512066-abc12335-68921-worker-0:132:132 [2] NCCL INFO ROCr version 1.11
vcjob-2107910235463512066-abc12335-68921-worker-0:132:132 [2] NCCL INFO Dmabuf feature disabled without NCCL_DMABUF_ENABLE=1

vcjob-2107910235463512066-abc12335-68921-worker-0:132:132 [2] /data/jenkins_workspace/workspace/rccl_release/build/hipify/src/init.cc:170 NCCL WARN NUMA auto balancing enabled which can lead to variability in the RCCL performance! Disable by "sudo sysctl kernel.numa_balancing=0"
vcjob-2107910235463512066-abc12335-68921-worker-0:132:132 [2] NCCL INFO Kernel version: 5.15.0-25-generic

vcjob-2107910235463512066-abc12335-68921-worker-0:132:132 [2] /data/jenkins_workspace/workspace/rccl_release/build/hipify/src/init.cc:191 NCCL WARN Missing "iommu=pt" from kernel command line which can lead to system instablity or hang!
vcjob-2107910235463512066-abc12335-68921-worker-0:132:132 [2] NCCL INFO Disabled GDRCopy equivalent memory allocation on gfx936 due to GPU architecture
vcjob-2107910235463512066-abc12335-68921-worker-0:132:132 [2] NCCL INFO NCCL_SOCKET_IFNAME set by environment to eth
vcjob-2107910235463512066-abc12335-68921-worker-0:132:132 [2] NCCL INFO Bootstrap : Using eth0:172.31.50.223<0>
vcjob-2107910235463512066-abc12335-68921-worker-0:132:132 [2] NCCL INFO RCCL version : 2.22.3-HEAD:19c80f7
HIP version  : 6.3.26102-a22a51fa
ROCm version : 6.3.3.0-0-c1d64df
Hostname     : vcjob-2107910235463512066-abc12335-68921-worker-0
Librccl path : /opt/dtk/lib/librccl.so.1
vcjob-2107910235463512066-abc12335-68921-worker-0:132:132 [2] NCCL INFO Comm config Blocking set to 1
I1008 03:05:56.967398   134 ProcessGroupNCCL.cpp:1107] [PG ID 0 PG GUID 0(default_pg) Rank 4] Using non-blocking mode: 0
I1008 03:05:56.967659   134 ProcessGroupNCCL.cpp:2857] [PG ID 0 PG GUID 0(default_pg) Rank 4] ProcessGroupNCCL broadcast unique ID through store took 0.209602 ms
I1008 03:05:56.967729   134 NCCLUtils.cpp:75] Rank 4: creating NCCL communicator with mode: blocking
vcjob-2107910235463512066-abc12335-68921-worker-0:134:134 [4] NCCL INFO ROCr version 1.11
vcjob-2107910235463512066-abc12335-68921-worker-0:134:134 [4] NCCL INFO Dmabuf feature disabled without NCCL_DMABUF_ENABLE=1

vcjob-2107910235463512066-abc12335-68921-worker-0:134:134 [4] /data/jenkins_workspace/workspace/rccl_release/build/hipify/src/init.cc:170 NCCL WARN NUMA auto balancing enabled which can lead to variability in the RCCL performance! Disable by "sudo sysctl kernel.numa_balancing=0"
vcjob-2107910235463512066-abc12335-68921-worker-0:134:134 [4] NCCL INFO Kernel version: 5.15.0-25-generic

vcjob-2107910235463512066-abc12335-68921-worker-0:134:134 [4] /data/jenkins_workspace/workspace/rccl_release/build/hipify/src/init.cc:191 NCCL WARN Missing "iommu=pt" from kernel command line which can lead to system instablity or hang!
vcjob-2107910235463512066-abc12335-68921-worker-0:134:134 [4] NCCL INFO Disabled GDRCopy equivalent memory allocation on gfx936 due to GPU architecture
vcjob-2107910235463512066-abc12335-68921-worker-0:134:134 [4] NCCL INFO NCCL_SOCKET_IFNAME set by environment to eth
vcjob-2107910235463512066-abc12335-68921-worker-0:134:134 [4] NCCL INFO Bootstrap : Using eth0:172.31.50.223<0>
vcjob-2107910235463512066-abc12335-68921-worker-0:134:134 [4] NCCL INFO RCCL version : 2.22.3-HEAD:19c80f7
HIP version  : 6.3.26102-a22a51fa
ROCm version : 6.3.3.0-0-c1d64df
Hostname     : vcjob-2107910235463512066-abc12335-68921-worker-0
Librccl path : /opt/dtk/lib/librccl.so.1
vcjob-2107910235463512066-abc12335-68921-worker-0:134:134 [4] NCCL INFO Comm config Blocking set to 1
I1008 03:05:56.973877   131 ProcessGroupNCCL.cpp:1107] [PG ID 0 PG GUID 0(default_pg) Rank 1] Using non-blocking mode: 0
I1008 03:05:56.974118   131 ProcessGroupNCCL.cpp:2857] [PG ID 0 PG GUID 0(default_pg) Rank 1] ProcessGroupNCCL broadcast unique ID through store took 0.211492 ms
I1008 03:05:56.974171   131 NCCLUtils.cpp:75] Rank 1: creating NCCL communicator with mode: blocking
vcjob-2107910235463512066-abc12335-68921-worker-0:131:131 [1] NCCL INFO ROCr version 1.11
vcjob-2107910235463512066-abc12335-68921-worker-0:131:131 [1] NCCL INFO Dmabuf feature disabled without NCCL_DMABUF_ENABLE=1

vcjob-2107910235463512066-abc12335-68921-worker-0:131:131 [1] /data/jenkins_workspace/workspace/rccl_release/build/hipify/src/init.cc:170 NCCL WARN NUMA auto balancing enabled which can lead to variability in the RCCL performance! Disable by "sudo sysctl kernel.numa_balancing=0"
vcjob-2107910235463512066-abc12335-68921-worker-0:131:131 [1] NCCL INFO Kernel version: 5.15.0-25-generic

vcjob-2107910235463512066-abc12335-68921-worker-0:131:131 [1] /data/jenkins_workspace/workspace/rccl_release/build/hipify/src/init.cc:191 NCCL WARN Missing "iommu=pt" from kernel command line which can lead to system instablity or hang!
vcjob-2107910235463512066-abc12335-68921-worker-0:131:131 [1] NCCL INFO Disabled GDRCopy equivalent memory allocation on gfx936 due to GPU architecture
vcjob-2107910235463512066-abc12335-68921-worker-0:131:131 [1] NCCL INFO NCCL_SOCKET_IFNAME set by environment to eth
vcjob-2107910235463512066-abc12335-68921-worker-0:131:131 [1] NCCL INFO Bootstrap : Using eth0:172.31.50.223<0>
vcjob-2107910235463512066-abc12335-68921-worker-0:131:131 [1] NCCL INFO RCCL version : 2.22.3-HEAD:19c80f7
HIP version  : 6.3.26102-a22a51fa
ROCm version : 6.3.3.0-0-c1d64df
Hostname     : vcjob-2107910235463512066-abc12335-68921-worker-0
Librccl path : /opt/dtk/lib/librccl.so.1
vcjob-2107910235463512066-abc12335-68921-worker-0:131:131 [1] NCCL INFO Comm config Blocking set to 1
I1008 03:05:56.980182   133 ProcessGroupNCCL.cpp:1107] [PG ID 0 PG GUID 0(default_pg) Rank 3] Using non-blocking mode: 0
I1008 03:05:56.980470   133 ProcessGroupNCCL.cpp:2857] [PG ID 0 PG GUID 0(default_pg) Rank 3] ProcessGroupNCCL broadcast unique ID through store took 0.231812 ms
I1008 03:05:56.980567   133 NCCLUtils.cpp:75] Rank 3: creating NCCL communicator with mode: blocking
vcjob-2107910235463512066-abc12335-68921-worker-0:133:133 [3] NCCL INFO ROCr version 1.11
vcjob-2107910235463512066-abc12335-68921-worker-0:133:133 [3] NCCL INFO Dmabuf feature disabled without NCCL_DMABUF_ENABLE=1

vcjob-2107910235463512066-abc12335-68921-worker-0:133:133 [3] /data/jenkins_workspace/workspace/rccl_release/build/hipify/src/init.cc:170 NCCL WARN NUMA auto balancing enabled which can lead to variability in the RCCL performance! Disable by "sudo sysctl kernel.numa_balancing=0"
vcjob-2107910235463512066-abc12335-68921-worker-0:133:133 [3] NCCL INFO Kernel version: 5.15.0-25-generic

vcjob-2107910235463512066-abc12335-68921-worker-0:133:133 [3] /data/jenkins_workspace/workspace/rccl_release/build/hipify/src/init.cc:191 NCCL WARN Missing "iommu=pt" from kernel command line which can lead to system instablity or hang!
vcjob-2107910235463512066-abc12335-68921-worker-0:133:133 [3] NCCL INFO Disabled GDRCopy equivalent memory allocation on gfx936 due to GPU architecture
vcjob-2107910235463512066-abc12335-68921-worker-0:133:133 [3] NCCL INFO NCCL_SOCKET_IFNAME set by environment to eth
vcjob-2107910235463512066-abc12335-68921-worker-0:133:133 [3] NCCL INFO Bootstrap : Using eth0:172.31.50.223<0>
vcjob-2107910235463512066-abc12335-68921-worker-0:133:133 [3] NCCL INFO RCCL version : 2.22.3-HEAD:19c80f7
HIP version  : 6.3.26102-a22a51fa
ROCm version : 6.3.3.0-0-c1d64df
Hostname     : vcjob-2107910235463512066-abc12335-68921-worker-0
Librccl path : /opt/dtk/lib/librccl.so.1
vcjob-2107910235463512066-abc12335-68921-worker-0:133:133 [3] NCCL INFO Comm config Blocking set to 1
vcjob-2107910235463512066-abc12335-68921-worker-0:137:237 [7] NCCL INFO NET/Plugin: Could not find: librccl-net.so. Using internal network plugin.
vcjob-2107910235463512066-abc12335-68921-worker-0:130:234 [0] NCCL INFO NET/Plugin: Could not find: librccl-net.so. Using internal network plugin.
vcjob-2107910235463512066-abc12335-68921-worker-0:136:235 [6] NCCL INFO NET/Plugin: Could not find: librccl-net.so. Using internal network plugin.
vcjob-2107910235463512066-abc12335-68921-worker-0:135:236 [5] NCCL INFO NET/Plugin: Could not find: librccl-net.so. Using internal network plugin.
vcjob-2107910235463512066-abc12335-68921-worker-0:137:237 [7] NCCL INFO NCCL_IB_DISABLE set by environment to 0.
vcjob-2107910235463512066-abc12335-68921-worker-0:136:235 [6] NCCL INFO NCCL_IB_DISABLE set by environment to 0.
vcjob-2107910235463512066-abc12335-68921-worker-0:130:234 [0] NCCL INFO NCCL_IB_DISABLE set by environment to 0.
vcjob-2107910235463512066-abc12335-68921-worker-0:135:236 [5] NCCL INFO NCCL_IB_DISABLE set by environment to 0.
vcjob-2107910235463512066-abc12335-68921-worker-0:130:234 [0] NCCL INFO NCCL_SOCKET_IFNAME set by environment to eth
vcjob-2107910235463512066-abc12335-68921-worker-0:137:237 [7] NCCL INFO NCCL_SOCKET_IFNAME set by environment to eth
vcjob-2107910235463512066-abc12335-68921-worker-0:135:236 [5] NCCL INFO NCCL_SOCKET_IFNAME set by environment to eth
vcjob-2107910235463512066-abc12335-68921-worker-0:136:235 [6] NCCL INFO NCCL_SOCKET_IFNAME set by environment to eth
vcjob-2107910235463512066-abc12335-68921-worker-0:137:237 [7] NCCL INFO NCCL_IB_HCA set to shca
vcjob-2107910235463512066-abc12335-68921-worker-0:135:236 [5] NCCL INFO NCCL_IB_HCA set to shca
vcjob-2107910235463512066-abc12335-68921-worker-0:130:234 [0] NCCL INFO NCCL_IB_HCA set to shca
vcjob-2107910235463512066-abc12335-68921-worker-0:136:235 [6] NCCL INFO NCCL_IB_HCA set to shca
vcjob-2107910235463512066-abc12335-68921-worker-0:135:236 [5] NCCL INFO NET/IB : No device found.
vcjob-2107910235463512066-abc12335-68921-worker-0:137:237 [7] NCCL INFO NET/IB : No device found.
vcjob-2107910235463512066-abc12335-68921-worker-0:137:237 [7] NCCL INFO NCCL_SOCKET_IFNAME set by environment to eth
vcjob-2107910235463512066-abc12335-68921-worker-0:135:236 [5] NCCL INFO NCCL_SOCKET_IFNAME set by environment to eth
vcjob-2107910235463512066-abc12335-68921-worker-0:130:234 [0] NCCL INFO NET/IB : No device found.
vcjob-2107910235463512066-abc12335-68921-worker-0:136:235 [6] NCCL INFO NET/IB : No device found.
vcjob-2107910235463512066-abc12335-68921-worker-0:130:234 [0] NCCL INFO NCCL_SOCKET_IFNAME set by environment to eth
vcjob-2107910235463512066-abc12335-68921-worker-0:136:235 [6] NCCL INFO NCCL_SOCKET_IFNAME set by environment to eth
vcjob-2107910235463512066-abc12335-68921-worker-0:130:234 [0] NCCL INFO NET/Socket : Using [0]eth0:172.31.50.223<0>
vcjob-2107910235463512066-abc12335-68921-worker-0:137:237 [7] NCCL INFO NET/Socket : Using [0]eth0:172.31.50.223<0>
vcjob-2107910235463512066-abc12335-68921-worker-0:136:235 [6] NCCL INFO NET/Socket : Using [0]eth0:172.31.50.223<0>
vcjob-2107910235463512066-abc12335-68921-worker-0:135:236 [5] NCCL INFO NET/Socket : Using [0]eth0:172.31.50.223<0>
vcjob-2107910235463512066-abc12335-68921-worker-0:137:237 [7] NCCL INFO Using network Socket
vcjob-2107910235463512066-abc12335-68921-worker-0:135:236 [5] NCCL INFO Using network Socket
vcjob-2107910235463512066-abc12335-68921-worker-0:136:235 [6] NCCL INFO Using network Socket
vcjob-2107910235463512066-abc12335-68921-worker-0:130:234 [0] NCCL INFO Using network Socket
vcjob-2107910235463512066-abc12335-68921-worker-0:132:239 [2] NCCL INFO NET/Plugin: Could not find: librccl-net.so. Using internal network plugin.
vcjob-2107910235463512066-abc12335-68921-worker-0:132:239 [2] NCCL INFO NCCL_IB_DISABLE set by environment to 0.
vcjob-2107910235463512066-abc12335-68921-worker-0:132:239 [2] NCCL INFO NCCL_SOCKET_IFNAME set by environment to eth
vcjob-2107910235463512066-abc12335-68921-worker-0:132:239 [2] NCCL INFO NCCL_IB_HCA set to shca
vcjob-2107910235463512066-abc12335-68921-worker-0:132:239 [2] NCCL INFO NET/IB : No device found.
vcjob-2107910235463512066-abc12335-68921-worker-0:132:239 [2] NCCL INFO NCCL_SOCKET_IFNAME set by environment to eth
vcjob-2107910235463512066-abc12335-68921-worker-0:134:240 [4] NCCL INFO NET/Plugin: Could not find: librccl-net.so. Using internal network plugin.
vcjob-2107910235463512066-abc12335-68921-worker-0:134:240 [4] NCCL INFO NCCL_IB_DISABLE set by environment to 0.
vcjob-2107910235463512066-abc12335-68921-worker-0:132:239 [2] NCCL INFO NET/Socket : Using [0]eth0:172.31.50.223<0>
vcjob-2107910235463512066-abc12335-68921-worker-0:132:239 [2] NCCL INFO Using network Socket
vcjob-2107910235463512066-abc12335-68921-worker-0:134:240 [4] NCCL INFO NCCL_SOCKET_IFNAME set by environment to eth
vcjob-2107910235463512066-abc12335-68921-worker-0:134:240 [4] NCCL INFO NCCL_IB_HCA set to shca
vcjob-2107910235463512066-abc12335-68921-worker-0:134:240 [4] NCCL INFO NET/IB : No device found.
vcjob-2107910235463512066-abc12335-68921-worker-0:134:240 [4] NCCL INFO NCCL_SOCKET_IFNAME set by environment to eth
vcjob-2107910235463512066-abc12335-68921-worker-0:134:240 [4] NCCL INFO NET/Socket : Using [0]eth0:172.31.50.223<0>
vcjob-2107910235463512066-abc12335-68921-worker-0:134:240 [4] NCCL INFO Using network Socket
vcjob-2107910235463512066-abc12335-68921-worker-0:133:242 [3] NCCL INFO NET/Plugin: Could not find: librccl-net.so. Using internal network plugin.
vcjob-2107910235463512066-abc12335-68921-worker-0:133:242 [3] NCCL INFO NCCL_IB_DISABLE set by environment to 0.
vcjob-2107910235463512066-abc12335-68921-worker-0:133:242 [3] NCCL INFO NCCL_SOCKET_IFNAME set by environment to eth
vcjob-2107910235463512066-abc12335-68921-worker-0:133:242 [3] NCCL INFO NCCL_IB_HCA set to shca
vcjob-2107910235463512066-abc12335-68921-worker-0:133:242 [3] NCCL INFO NET/IB : No device found.
vcjob-2107910235463512066-abc12335-68921-worker-0:133:242 [3] NCCL INFO NCCL_SOCKET_IFNAME set by environment to eth
vcjob-2107910235463512066-abc12335-68921-worker-0:133:242 [3] NCCL INFO NET/Socket : Using [0]eth0:172.31.50.223<0>
vcjob-2107910235463512066-abc12335-68921-worker-0:133:242 [3] NCCL INFO Using network Socket
vcjob-2107910235463512066-abc12335-68921-worker-0:131:241 [1] NCCL INFO NET/Plugin: Could not find: librccl-net.so. Using internal network plugin.
vcjob-2107910235463512066-abc12335-68921-worker-0:131:241 [1] NCCL INFO NCCL_IB_DISABLE set by environment to 0.
vcjob-2107910235463512066-abc12335-68921-worker-0:131:241 [1] NCCL INFO NCCL_SOCKET_IFNAME set by environment to eth
vcjob-2107910235463512066-abc12335-68921-worker-0:131:241 [1] NCCL INFO NCCL_IB_HCA set to shca
vcjob-2107910235463512066-abc12335-68921-worker-0:131:241 [1] NCCL INFO NET/IB : No device found.
vcjob-2107910235463512066-abc12335-68921-worker-0:131:241 [1] NCCL INFO NCCL_SOCKET_IFNAME set by environment to eth
vcjob-2107910235463512066-abc12335-68921-worker-0:131:241 [1] NCCL INFO NET/Socket : Using [0]eth0:172.31.50.223<0>
vcjob-2107910235463512066-abc12335-68921-worker-0:131:241 [1] NCCL INFO Using network Socket
vcjob-2107910235463512066-abc12335-68921-worker-0:136:235 [6] NCCL INFO rocm_smi_lib: version 7.6.0.0
vcjob-2107910235463512066-abc12335-68921-worker-0:135:236 [5] NCCL INFO rocm_smi_lib: version 7.6.0.0
vcjob-2107910235463512066-abc12335-68921-worker-0:137:237 [7] NCCL INFO rocm_smi_lib: version 7.6.0.0
vcjob-2107910235463512066-abc12335-68921-worker-0:130:234 [0] NCCL INFO rocm_smi_lib: version 7.6.0.0
vcjob-2107910235463512066-abc12335-68921-worker-0:132:239 [2] NCCL INFO rocm_smi_lib: version 7.6.0.0
vcjob-2107910235463512066-abc12335-68921-worker-0:131:241 [1] NCCL INFO rocm_smi_lib: version 7.6.0.0
vcjob-2107910235463512066-abc12335-68921-worker-0:134:240 [4] NCCL INFO rocm_smi_lib: version 7.6.0.0
vcjob-2107910235463512066-abc12335-68921-worker-0:133:242 [3] NCCL INFO rocm_smi_lib: version 7.6.0.0
vcjob-2107910235463512066-abc12335-68921-worker-0:132:239 [2] NCCL INFO ncclCommInitRank comm 0x56493f759b40 rank 2 nranks 16 cudaDev 2 nvmlDev 2 busId 55000 commId 0x75f5d459c65086b0 - Init START
vcjob-2107910235463512066-abc12335-68921-worker-0:131:241 [1] NCCL INFO ncclCommInitRank comm 0x5575bb133df0 rank 1 nranks 16 cudaDev 1 nvmlDev 1 busId 36000 commId 0x75f5d459c65086b0 - Init START
vcjob-2107910235463512066-abc12335-68921-worker-0:132:239 [2] NCCL INFO rank:2 get match hsa dev domain:0x0 bdf:0x5500 rank busId:0x348160
vcjob-2107910235463512066-abc12335-68921-worker-0:131:241 [1] NCCL INFO rank:1 get match hsa dev domain:0x0 bdf:0x3600 rank busId:0x221184
vcjob-2107910235463512066-abc12335-68921-worker-0:130:234 [0] NCCL INFO ncclCommInitRank comm 0x561dd8dbcb40 rank 0 nranks 16 cudaDev 0 nvmlDev 0 busId 9000 commId 0x75f5d459c65086b0 - Init START
vcjob-2107910235463512066-abc12335-68921-worker-0:135:236 [5] NCCL INFO ncclCommInitRank comm 0x564752be1e30 rank 5 nranks 16 cudaDev 5 nvmlDev 5 busId b5000 commId 0x75f5d459c65086b0 - Init START
vcjob-2107910235463512066-abc12335-68921-worker-0:134:240 [4] NCCL INFO ncclCommInitRank comm 0x55a5d017eb70 rank 4 nranks 16 cudaDev 4 nvmlDev 4 busId 85000 commId 0x75f5d459c65086b0 - Init START
vcjob-2107910235463512066-abc12335-68921-worker-0:130:234 [0] NCCL INFO rank:0 get match hsa dev domain:0x0 bdf:0x900 rank busId:0x36864
vcjob-2107910235463512066-abc12335-68921-worker-0:135:236 [5] NCCL INFO rank:5 get match hsa dev domain:0x0 bdf:0xb500 rank busId:0x741376
vcjob-2107910235463512066-abc12335-68921-worker-0:134:240 [4] NCCL INFO rank:4 get match hsa dev domain:0x0 bdf:0x8500 rank busId:0x544768
vcjob-2107910235463512066-abc12335-68921-worker-0:133:242 [3] NCCL INFO ncclCommInitRank comm 0x55ff0c099b30 rank 3 nranks 16 cudaDev 3 nvmlDev 3 busId 77000 commId 0x75f5d459c65086b0 - Init START
vcjob-2107910235463512066-abc12335-68921-worker-0:136:235 [6] NCCL INFO ncclCommInitRank comm 0x564677d40d70 rank 6 nranks 16 cudaDev 6 nvmlDev 6 busId d5000 commId 0x75f5d459c65086b0 - Init START
vcjob-2107910235463512066-abc12335-68921-worker-0:133:242 [3] NCCL INFO rank:3 get match hsa dev domain:0x0 bdf:0x7700 rank busId:0x487424
vcjob-2107910235463512066-abc12335-68921-worker-0:136:235 [6] NCCL INFO rank:6 get match hsa dev domain:0x0 bdf:0xd500 rank busId:0x872448
vcjob-2107910235463512066-abc12335-68921-worker-0:132:239 [2] NCCL INFO XDP Switch is off with xdp_size : 0
vcjob-2107910235463512066-abc12335-68921-worker-0:135:236 [5] NCCL INFO XDP Switch is off with xdp_size : 0
vcjob-2107910235463512066-abc12335-68921-worker-0:134:240 [4] NCCL INFO XDP Switch is off with xdp_size : 0
vcjob-2107910235463512066-abc12335-68921-worker-0:131:241 [1] NCCL INFO XDP Switch is off with xdp_size : 0
vcjob-2107910235463512066-abc12335-68921-worker-0:130:234 [0] NCCL INFO XDP Switch is off with xdp_size : 0
vcjob-2107910235463512066-abc12335-68921-worker-0:136:235 [6] NCCL INFO XDP Switch is off with xdp_size : 0
vcjob-2107910235463512066-abc12335-68921-worker-0:133:242 [3] NCCL INFO XDP Switch is off with xdp_size : 0
vcjob-2107910235463512066-abc12335-68921-worker-0:137:237 [7] NCCL INFO ncclCommInitRank comm 0x564a29c49c30 rank 7 nranks 16 cudaDev 7 nvmlDev 7 busId f5000 commId 0x75f5d459c65086b0 - Init START
vcjob-2107910235463512066-abc12335-68921-worker-0:137:237 [7] NCCL INFO rank:7 get match hsa dev domain:0x0 bdf:0xf500 rank busId:0x1003520
vcjob-2107910235463512066-abc12335-68921-worker-0:137:237 [7] NCCL INFO XDP Switch is off with xdp_size : 0

vcjob-2107910235463512066-abc12335-68921-worker-0:135:236 [5] /data/jenkins_workspace/workspace/rccl_release/build/hipify/src/graph/xml.cc:1839 NCCL WARN Unable to obtain the pciPath[NULL] or name[eth0] attributes from NetProperties.

vcjob-2107910235463512066-abc12335-68921-worker-0:135:236 [5] /data/jenkins_workspace/workspace/rccl_release/build/hipify/src/graph/xml.cc:1211 NCCL WARN No IB NIC found, the generation of the basic topology has been terminated.

vcjob-2107910235463512066-abc12335-68921-worker-0:133:242 [3] /data/jenkins_workspace/workspace/rccl_release/build/hipify/src/graph/xml.cc:1839 NCCL WARN Unable to obtain the pciPath[NULL] or name[eth0] attributes from NetProperties.

vcjob-2107910235463512066-abc12335-68921-worker-0:133:242 [3] /data/jenkins_workspace/workspace/rccl_release/build/hipify/src/graph/xml.cc:1211 NCCL WARN No IB NIC found, the generation of the basic topology has been terminated.

vcjob-2107910235463512066-abc12335-68921-worker-0:134:240 [4] /data/jenkins_workspace/workspace/rccl_release/build/hipify/src/graph/xml.cc:1839 NCCL WARN Unable to obtain the pciPath[NULL] or name[eth0] attributes from NetProperties.

vcjob-2107910235463512066-abc12335-68921-worker-0:134:240 [4] /data/jenkins_workspace/workspace/rccl_release/build/hipify/src/graph/xml.cc:1211 NCCL WARN No IB NIC found, the generation of the basic topology has been terminated.

vcjob-2107910235463512066-abc12335-68921-worker-0:131:241 [1] /data/jenkins_workspace/workspace/rccl_release/build/hipify/src/graph/xml.cc:1839 NCCL WARN Unable to obtain the pciPath[NULL] or name[eth0] attributes from NetProperties.

vcjob-2107910235463512066-abc12335-68921-worker-0:131:241 [1] /data/jenkins_workspace/workspace/rccl_release/build/hipify/src/graph/xml.cc:1211 NCCL WARN No IB NIC found, the generation of the basic topology has been terminated.

vcjob-2107910235463512066-abc12335-68921-worker-0:130:234 [0] /data/jenkins_workspace/workspace/rccl_release/build/hipify/src/graph/xml.cc:1839 NCCL WARN Unable to obtain the pciPath[NULL] or name[eth0] attributes from NetProperties.

vcjob-2107910235463512066-abc12335-68921-worker-0:130:234 [0] /data/jenkins_workspace/workspace/rccl_release/build/hipify/src/graph/xml.cc:1211 NCCL WARN No IB NIC found, the generation of the basic topology has been terminated.

vcjob-2107910235463512066-abc12335-68921-worker-0:132:239 [2] /data/jenkins_workspace/workspace/rccl_release/build/hipify/src/graph/xml.cc:1839 NCCL WARN Unable to obtain the pciPath[NULL] or name[eth0] attributes from NetProperties.

vcjob-2107910235463512066-abc12335-68921-worker-0:132:239 [2] /data/jenkins_workspace/workspace/rccl_release/build/hipify/src/graph/xml.cc:1211 NCCL WARN No IB NIC found, the generation of the basic topology has been terminated.

vcjob-2107910235463512066-abc12335-68921-worker-0:136:235 [6] /data/jenkins_workspace/workspace/rccl_release/build/hipify/src/graph/xml.cc:1839 NCCL WARN Unable to obtain the pciPath[NULL] or name[eth0] attributes from NetProperties.

vcjob-2107910235463512066-abc12335-68921-worker-0:136:235 [6] /data/jenkins_workspace/workspace/rccl_release/build/hipify/src/graph/xml.cc:1211 NCCL WARN No IB NIC found, the generation of the basic topology has been terminated.

vcjob-2107910235463512066-abc12335-68921-worker-0:137:237 [7] /data/jenkins_workspace/workspace/rccl_release/build/hipify/src/graph/xml.cc:1839 NCCL WARN Unable to obtain the pciPath[NULL] or name[eth0] attributes from NetProperties.

vcjob-2107910235463512066-abc12335-68921-worker-0:137:237 [7] /data/jenkins_workspace/workspace/rccl_release/build/hipify/src/graph/xml.cc:1211 NCCL WARN No IB NIC found, the generation of the basic topology has been terminated.
vcjob-2107910235463512066-abc12335-68921-worker-0:135:236 [5] NCCL INFO rocm_smi_lib: version 7.6.0.0
vcjob-2107910235463512066-abc12335-68921-worker-0:133:242 [3] NCCL INFO rocm_smi_lib: version 7.6.0.0
vcjob-2107910235463512066-abc12335-68921-worker-0:131:241 [1] NCCL INFO rocm_smi_lib: version 7.6.0.0
vcjob-2107910235463512066-abc12335-68921-worker-0:134:240 [4] NCCL INFO rocm_smi_lib: version 7.6.0.0
vcjob-2107910235463512066-abc12335-68921-worker-0:130:234 [0] NCCL INFO rocm_smi_lib: version 7.6.0.0
vcjob-2107910235463512066-abc12335-68921-worker-0:132:239 [2] NCCL INFO rocm_smi_lib: version 7.6.0.0
vcjob-2107910235463512066-abc12335-68921-worker-0:136:235 [6] NCCL INFO rocm_smi_lib: version 7.6.0.0
vcjob-2107910235463512066-abc12335-68921-worker-0:137:237 [7] NCCL INFO rocm_smi_lib: version 7.6.0.0
vcjob-2107910235463512066-abc12335-68921-worker-0:135:236 [5] NCCL INFO Setting affinity for GPU 5 to ffff0000,00000000,00000000,00000000
vcjob-2107910235463512066-abc12335-68921-worker-0:135:236 [5] NCCL INFO Rank:5 Get link topo from rocmDev:0 linkNum:8 link:0 linkState:1 remote type:1 bdf:0x9b00 topoType:2
vcjob-2107910235463512066-abc12335-68921-worker-0:135:236 [5] NCCL INFO Transport init rank 5 useXdp 0 linkTopoType 2
vcjob-2107910235463512066-abc12335-68921-worker-0:131:241 [1] NCCL INFO Setting affinity for GPU 1 to ffff0000,00000000
vcjob-2107910235463512066-abc12335-68921-worker-0:131:241 [1] NCCL INFO Rank:1 Get link topo from rocmDev:0 linkNum:8 link:0 linkState:1 remote type:1 bdf:0x9b00 topoType:2
vcjob-2107910235463512066-abc12335-68921-worker-0:131:241 [1] NCCL INFO Transport init rank 1 useXdp 0 linkTopoType 2
vcjob-2107910235463512066-abc12335-68921-worker-0:133:242 [3] NCCL INFO Setting affinity for GPU 3 to ffff0000
vcjob-2107910235463512066-abc12335-68921-worker-0:133:242 [3] NCCL INFO Rank:3 Get link topo from rocmDev:0 linkNum:8 link:0 linkState:1 remote type:1 bdf:0x9b00 topoType:2
vcjob-2107910235463512066-abc12335-68921-worker-0:133:242 [3] NCCL INFO Transport init rank 3 useXdp 0 linkTopoType 2
vcjob-2107910235463512066-abc12335-68921-worker-0:132:239 [2] NCCL INFO Setting affinity for GPU 2 to ffff,00000000
vcjob-2107910235463512066-abc12335-68921-worker-0:132:239 [2] NCCL INFO Rank:2 Get link topo from rocmDev:0 linkNum:8 link:0 linkState:1 remote type:1 bdf:0x9b00 topoType:2
vcjob-2107910235463512066-abc12335-68921-worker-0:132:239 [2] NCCL INFO Transport init rank 2 useXdp 0 linkTopoType 2
vcjob-2107910235463512066-abc12335-68921-worker-0:136:235 [6] NCCL INFO Setting affinity for GPU 6 to ffff,00000000,00000000,00000000
vcjob-2107910235463512066-abc12335-68921-worker-0:136:235 [6] NCCL INFO Rank:6 Get link topo from rocmDev:0 linkNum:8 link:0 linkState:1 remote type:1 bdf:0x9b00 topoType:2
vcjob-2107910235463512066-abc12335-68921-worker-0:136:235 [6] NCCL INFO Transport init rank 6 useXdp 0 linkTopoType 2
vcjob-2107910235463512066-abc12335-68921-worker-0:137:237 [7] NCCL INFO Setting affinity for GPU 7 to ffff0000,00000000,00000000
vcjob-2107910235463512066-abc12335-68921-worker-0:137:237 [7] NCCL INFO Rank:7 Get link topo from rocmDev:0 linkNum:8 link:0 linkState:1 remote type:1 bdf:0x9b00 topoType:2
vcjob-2107910235463512066-abc12335-68921-worker-0:137:237 [7] NCCL INFO Transport init rank 7 useXdp 0 linkTopoType 2
vcjob-2107910235463512066-abc12335-68921-worker-0:134:240 [4] NCCL INFO Setting affinity for GPU 4 to ffff,00000000,00000000
vcjob-2107910235463512066-abc12335-68921-worker-0:134:240 [4] NCCL INFO Rank:4 Get link topo from rocmDev:0 linkNum:8 link:0 linkState:1 remote type:1 bdf:0x9b00 topoType:2
vcjob-2107910235463512066-abc12335-68921-worker-0:134:240 [4] NCCL INFO Transport init rank 4 useXdp 0 linkTopoType 2
vcjob-2107910235463512066-abc12335-68921-worker-0:130:234 [0] NCCL INFO Setting affinity for GPU 0 to ffff
vcjob-2107910235463512066-abc12335-68921-worker-0:130:234 [0] NCCL INFO Rank:0 Get link topo from rocmDev:0 linkNum:8 link:0 linkState:1 remote type:1 bdf:0x9b00 topoType:2
vcjob-2107910235463512066-abc12335-68921-worker-0:130:234 [0] NCCL INFO Transport init rank 0 useXdp 0 linkTopoType 2
vcjob-2107910235463512066-abc12335-68921-worker-0:136:235 [6] NCCL INFO comm 0x564677d40d70 rank 6 nRanks 16 nNodes 2 localRanks 8 localRank 6 MNNVL 0
vcjob-2107910235463512066-abc12335-68921-worker-0:136:235 [6] NCCL INFO Trees [0] 7/-1/-1->6->5 [1] 7/-1/-1->6->5 [2] 7/-1/-1->6->5 [3] 7/-1/-1->6->5 [4] 7/-1/-1->6->5 [5] 7/-1/-1->6->5 [6] 7/-1/-1->6->5 [7] 7/-1/-1->6->5 [8] 7/-1/-1->6->5 [9] 7/-1/-1->6->5 [10] 7/-1/-1->6->5 [11] 7/-1/-1->6->5 [12] 7/-1/-1->6->5 [13] 7/-1/-1->6->5 [14] 7/-1/-1->6->5 [15] 7/-1/-1->6->5 [16] 7/-1/-1->6->5 [17] 7/-1/-1->6->5 [18] 7/-1/-1->6->5 [19] 7/-1/-1->6->5 [20] 7/-1/-1->6->5 [21] 7/-1/-1->6->5 [22] 7/-1/-1->6->5 [23] 7/-1/-1->6->5 [24] 7/-1/-1->6->5 [25] 7/-1/-1->6->5 [26] 7/-1/-1->6->5 [27] 7/-1/-1->6->5 [28] 7/-1/-1->6->5 [29] 7/-1/-1->6->5 [30] 7/-1/-1->6->5 [31] 7/-1/-1->6->5 comm 0x564677d40d70 nRanks 16 busId d5000
vcjob-2107910235463512066-abc12335-68921-worker-0:136:235 [6] NCCL INFO P2P Chunksize set to 131072
vcjob-2107910235463512066-abc12335-68921-worker-0:136:235 [6] NCCL INFO comm->autoPerPeerOn: 1, comm->p2pnChannels: 32, comm->p2pnChannelsPerPeer: 2
vcjob-2107910235463512066-abc12335-68921-worker-0:135:236 [5] NCCL INFO comm 0x564752be1e30 rank 5 nRanks 16 nNodes 2 localRanks 8 localRank 5 MNNVL 0
vcjob-2107910235463512066-abc12335-68921-worker-0:134:240 [4] NCCL INFO comm 0x55a5d017eb70 rank 4 nRanks 16 nNodes 2 localRanks 8 localRank 4 MNNVL 0
vcjob-2107910235463512066-abc12335-68921-worker-0:137:237 [7] NCCL INFO comm 0x564a29c49c30 rank 7 nRanks 16 nNodes 2 localRanks 8 localRank 7 MNNVL 0
vcjob-2107910235463512066-abc12335-68921-worker-0:133:242 [3] NCCL INFO comm 0x55ff0c099b30 rank 3 nRanks 16 nNodes 2 localRanks 8 localRank 3 MNNVL 0
vcjob-2107910235463512066-abc12335-68921-worker-0:132:239 [2] NCCL INFO comm 0x56493f759b40 rank 2 nRanks 16 nNodes 2 localRanks 8 localRank 2 MNNVL 0
vcjob-2107910235463512066-abc12335-68921-worker-0:135:236 [5] NCCL INFO Trees [0] 6/-1/-1->5->4 [1] 6/-1/-1->5->4 [2] 6/-1/-1->5->4 [3] 6/-1/-1->5->4 [4] 6/-1/-1->5->4 [5] 6/-1/-1->5->4 [6] 6/-1/-1->5->4 [7] 6/-1/-1->5->4 [8] 6/-1/-1->5->4 [9] 6/-1/-1->5->4 [10] 6/-1/-1->5->4 [11] 6/-1/-1->5->4 [12] 6/-1/-1->5->4 [13] 6/-1/-1->5->4 [14] 6/-1/-1->5->4 [15] 6/-1/-1->5->4 [16] 6/-1/-1->5->4 [17] 6/-1/-1->5->4 [18] 6/-1/-1->5->4 [19] 6/-1/-1->5->4 [20] 6/-1/-1->5->4 [21] 6/-1/-1->5->4 [22] 6/-1/-1->5->4 [23] 6/-1/-1->5->4 [24] 6/-1/-1->5->4 [25] 6/-1/-1->5->4 [26] 6/-1/-1->5->4 [27] 6/-1/-1->5->4 [28] 6/-1/-1->5->4 [29] 6/-1/-1->5->4 [30] 6/-1/-1->5->4 [31] 6/-1/-1->5->4 comm 0x564752be1e30 nRanks 16 busId b5000
vcjob-2107910235463512066-abc12335-68921-worker-0:130:234 [0] NCCL INFO comm 0x561dd8dbcb40 rank 0 nRanks 16 nNodes 2 localRanks 8 localRank 0 MNNVL 0
vcjob-2107910235463512066-abc12335-68921-worker-0:131:241 [1] NCCL INFO comm 0x5575bb133df0 rank 1 nRanks 16 nNodes 2 localRanks 8 localRank 1 MNNVL 0
vcjob-2107910235463512066-abc12335-68921-worker-0:135:236 [5] NCCL INFO P2P Chunksize set to 131072
vcjob-2107910235463512066-abc12335-68921-worker-0:137:237 [7] NCCL INFO Trees [0] -1/-1/-1->7->6 [1] -1/-1/-1->7->6 [2] -1/-1/-1->7->6 [3] -1/-1/-1->7->6 [4] -1/-1/-1->7->6 [5] -1/-1/-1->7->6 [6] -1/-1/-1->7->6 [7] -1/-1/-1->7->6 [8] -1/-1/-1->7->6 [9] -1/-1/-1->7->6 [10] -1/-1/-1->7->6 [11] -1/-1/-1->7->6 [12] -1/-1/-1->7->6 [13] -1/-1/-1->7->6 [14] -1/-1/-1->7->6 [15] -1/-1/-1->7->6 [16] -1/-1/-1->7->6 [17] -1/-1/-1->7->6 [18] -1/-1/-1->7->6 [19] -1/-1/-1->7->6 [20] -1/-1/-1->7->6 [21] -1/-1/-1->7->6 [22] -1/-1/-1->7->6 [23] -1/-1/-1->7->6 [24] -1/-1/-1->7->6 [25] -1/-1/-1->7->6 [26] -1/-1/-1->7->6 [27] -1/-1/-1->7->6 [28] -1/-1/-1->7->6 [29] -1/-1/-1->7->6 [30] -1/-1/-1->7->6 [31] -1/-1/-1->7->6 comm 0x564a29c49c30 nRanks 16 busId f5000
vcjob-2107910235463512066-abc12335-68921-worker-0:133:242 [3] NCCL INFO Trees [0] 4/-1/-1->3->2 [1] 4/-1/-1->3->2 [2] 4/-1/-1->3->2 [3] 4/-1/-1->3->2 [4] 4/-1/-1->3->2 [5] 4/-1/-1->3->2 [6] 4/-1/-1->3->2 [7] 4/-1/-1->3->2 [8] 4/-1/-1->3->2 [9] 4/-1/-1->3->2 [10] 4/-1/-1->3->2 [11] 4/-1/-1->3->2 [12] 4/-1/-1->3->2 [13] 4/-1/-1->3->2 [14] 4/-1/-1->3->2 [15] 4/-1/-1->3->2 [16] 4/-1/-1->3->2 [17] 4/-1/-1->3->2 [18] 4/-1/-1->3->2 [19] 4/-1/-1->3->2 [20] 4/-1/-1->3->2 [21] 4/-1/-1->3->2 [22] 4/-1/-1->3->2 [23] 4/-1/-1->3->2 [24] 4/-1/-1->3->2 [25] 4/-1/-1->3->2 [26] 4/-1/-1->3->2 [27] 4/-1/-1->3->2 [28] 4/-1/-1->3->2 [29] 4/-1/-1->3->2 [30] 4/-1/-1->3->2 [31] 4/-1/-1->3->2 comm 0x55ff0c099b30 nRanks 16 busId 77000
vcjob-2107910235463512066-abc12335-68921-worker-0:134:240 [4] NCCL INFO Trees [0] 5/-1/-1->4->3 [1] 5/-1/-1->4->3 [2] 5/-1/-1->4->3 [3] 5/-1/-1->4->3 [4] 5/-1/-1->4->3 [5] 5/-1/-1->4->3 [6] 5/-1/-1->4->3 [7] 5/-1/-1->4->3 [8] 5/-1/-1->4->3 [9] 5/-1/-1->4->3 [10] 5/-1/-1->4->3 [11] 5/-1/-1->4->3 [12] 5/-1/-1->4->3 [13] 5/-1/-1->4->3 [14] 5/-1/-1->4->3 [15] 5/-1/-1->4->3 [16] 5/-1/-1->4->3 [17] 5/-1/-1->4->3 [18] 5/-1/-1->4->3 [19] 5/-1/-1->4->3 [20] 5/-1/-1->4->3 [21] 5/-1/-1->4->3 [22] 5/-1/-1->4->3 [23] 5/-1/-1->4->3 [24] 5/-1/-1->4->3 [25] 5/-1/-1->4->3 [26] 5/-1/-1->4->3 [27] 5/-1/-1->4->3 [28] 5/-1/-1->4->3 [29] 5/-1/-1->4->3 [30] 5/-1/-1->4->3 [31] 5/-1/-1->4->3 comm 0x55a5d017eb70 nRanks 16 busId 85000
vcjob-2107910235463512066-abc12335-68921-worker-0:135:236 [5] NCCL INFO comm->autoPerPeerOn: 1, comm->p2pnChannels: 32, comm->p2pnChannelsPerPeer: 2
vcjob-2107910235463512066-abc12335-68921-worker-0:132:239 [2] NCCL INFO Trees [0] 3/-1/-1->2->1 [1] 3/-1/-1->2->1 [2] 3/-1/-1->2->1 [3] 3/-1/-1->2->1 [4] 3/-1/-1->2->1 [5] 3/-1/-1->2->1 [6] 3/-1/-1->2->1 [7] 3/-1/-1->2->1 [8] 3/-1/-1->2->1 [9] 3/-1/-1->2->1 [10] 3/-1/-1->2->1 [11] 3/-1/-1->2->1 [12] 3/-1/-1->2->1 [13] 3/-1/-1->2->1 [14] 3/-1/-1->2->1 [15] 3/-1/-1->2->1 [16] 3/-1/-1->2->1 [17] 3/-1/-1->2->1 [18] 3/-1/-1->2->1 [19] 3/-1/-1->2->1 [20] 3/-1/-1->2->1 [21] 3/-1/-1->2->1 [22] 3/-1/-1->2->1 [23] 3/-1/-1->2->1 [24] 3/-1/-1->2->1 [25] 3/-1/-1->2->1 [26] 3/-1/-1->2->1 [27] 3/-1/-1->2->1 [28] 3/-1/-1->2->1 [29] 3/-1/-1->2->1 [30] 3/-1/-1->2->1 [31] 3/-1/-1->2->1 comm 0x56493f759b40 nRanks 16 busId 55000
vcjob-2107910235463512066-abc12335-68921-worker-0:137:237 [7] NCCL INFO P2P Chunksize set to 131072
vcjob-2107910235463512066-abc12335-68921-worker-0:133:242 [3] NCCL INFO P2P Chunksize set to 131072
vcjob-2107910235463512066-abc12335-68921-worker-0:134:240 [4] NCCL INFO P2P Chunksize set to 131072
vcjob-2107910235463512066-abc12335-68921-worker-0:130:234 [0] NCCL INFO Channel 00/32 :    0   7   6   5   4   3   2   1   8  15  14  13  12  11  10   9
vcjob-2107910235463512066-abc12335-68921-worker-0:132:239 [2] NCCL INFO P2P Chunksize set to 131072
vcjob-2107910235463512066-abc12335-68921-worker-0:137:237 [7] NCCL INFO comm->autoPerPeerOn: 1, comm->p2pnChannels: 32, comm->p2pnChannelsPerPeer: 2
vcjob-2107910235463512066-abc12335-68921-worker-0:130:234 [0] NCCL INFO Channel 01/32 :    0   7   6   5   4   3   2   1   8  15  14  13  12  11  10   9
vcjob-2107910235463512066-abc12335-68921-worker-0:133:242 [3] NCCL INFO comm->autoPerPeerOn: 1, comm->p2pnChannels: 32, comm->p2pnChannelsPerPeer: 2
vcjob-2107910235463512066-abc12335-68921-worker-0:134:240 [4] NCCL INFO comm->autoPerPeerOn: 1, comm->p2pnChannels: 32, comm->p2pnChannelsPerPeer: 2
vcjob-2107910235463512066-abc12335-68921-worker-0:132:239 [2] NCCL INFO comm->autoPerPeerOn: 1, comm->p2pnChannels: 32, comm->p2pnChannelsPerPeer: 2
vcjob-2107910235463512066-abc12335-68921-worker-0:130:234 [0] NCCL INFO Channel 02/32 :    0   7   6   5   4   3   2   1   8  15  14  13  12  11  10   9
vcjob-2107910235463512066-abc12335-68921-worker-0:130:234 [0] NCCL INFO Channel 03/32 :    0   7   6   5   4   3   2   1   8  15  14  13  12  11  10   9
vcjob-2107910235463512066-abc12335-68921-worker-0:131:241 [1] NCCL INFO Trees [0] 2/-1/-1->1->0 [1] 2/-1/-1->1->0 [2] 2/-1/-1->1->0 [3] 2/-1/-1->1->0 [4] 2/-1/-1->1->0 [5] 2/-1/-1->1->0 [6] 2/-1/-1->1->0 [7] 2/-1/-1->1->0 [8] 2/-1/-1->1->0 [9] 2/-1/-1->1->0 [10] 2/-1/-1->1->0 [11] 2/-1/-1->1->0 [12] 2/-1/-1->1->0 [13] 2/-1/-1->1->0 [14] 2/-1/-1->1->0 [15] 2/-1/-1->1->0 [16] 2/-1/-1->1->0 [17] 2/-1/-1->1->0 [18] 2/-1/-1->1->0 [19] 2/-1/-1->1->0 [20] 2/-1/-1->1->0 [21] 2/-1/-1->1->0 [22] 2/-1/-1->1->0 [23] 2/-1/-1->1->0 [24] 2/-1/-1->1->0 [25] 2/-1/-1->1->0 [26] 2/-1/-1->1->0 [27] 2/-1/-1->1->0 [28] 2/-1/-1->1->0 [29] 2/-1/-1->1->0 [30] 2/-1/-1->1->0 [31] 2/-1/-1->1->0 comm 0x5575bb133df0 nRanks 16 busId 36000
vcjob-2107910235463512066-abc12335-68921-worker-0:130:234 [0] NCCL INFO Channel 04/32 :    0   7   6   5   4   3   2   1   8  15  14  13  12  11  10   9
vcjob-2107910235463512066-abc12335-68921-worker-0:131:241 [1] NCCL INFO P2P Chunksize set to 131072
vcjob-2107910235463512066-abc12335-68921-worker-0:130:234 [0] NCCL INFO Channel 05/32 :    0   7   6   5   4   3   2   1   8  15  14  13  12  11  10   9
vcjob-2107910235463512066-abc12335-68921-worker-0:130:234 [0] NCCL INFO Channel 06/32 :    0   7   6   5   4   3   2   1   8  15  14  13  12  11  10   9
vcjob-2107910235463512066-abc12335-68921-worker-0:130:234 [0] NCCL INFO Channel 07/32 :    0   7   6   5   4   3   2   1   8  15  14  13  12  11  10   9
vcjob-2107910235463512066-abc12335-68921-worker-0:130:234 [0] NCCL INFO Channel 08/32 :    0   7   6   5   4   3   2   1   8  15  14  13  12  11  10   9
vcjob-2107910235463512066-abc12335-68921-worker-0:130:234 [0] NCCL INFO Channel 09/32 :    0   7   6   5   4   3   2   1   8  15  14  13  12  11  10   9
vcjob-2107910235463512066-abc12335-68921-worker-0:131:241 [1] NCCL INFO comm->autoPerPeerOn: 1, comm->p2pnChannels: 32, comm->p2pnChannelsPerPeer: 2
vcjob-2107910235463512066-abc12335-68921-worker-0:130:234 [0] NCCL INFO Channel 10/32 :    0   7   6   5   4   3   2   1   8  15  14  13  12  11  10   9
vcjob-2107910235463512066-abc12335-68921-worker-0:130:234 [0] NCCL INFO Channel 11/32 :    0   7   6   5   4   3   2   1   8  15  14  13  12  11  10   9
vcjob-2107910235463512066-abc12335-68921-worker-0:130:234 [0] NCCL INFO Channel 12/32 :    0   7   6   5   4   3   2   1   8  15  14  13  12  11  10   9
vcjob-2107910235463512066-abc12335-68921-worker-0:130:234 [0] NCCL INFO Channel 13/32 :    0   7   6   5   4   3   2   1   8  15  14  13  12  11  10   9
vcjob-2107910235463512066-abc12335-68921-worker-0:130:234 [0] NCCL INFO Channel 14/32 :    0   7   6   5   4   3   2   1   8  15  14  13  12  11  10   9
vcjob-2107910235463512066-abc12335-68921-worker-0:130:234 [0] NCCL INFO Channel 15/32 :    0   7   6   5   4   3   2   1   8  15  14  13  12  11  10   9
vcjob-2107910235463512066-abc12335-68921-worker-0:130:234 [0] NCCL INFO Channel 16/32 :    0   7   6   5   4   3   2   1   8  15  14  13  12  11  10   9
vcjob-2107910235463512066-abc12335-68921-worker-0:130:234 [0] NCCL INFO Channel 17/32 :    0   7   6   5   4   3   2   1   8  15  14  13  12  11  10   9
vcjob-2107910235463512066-abc12335-68921-worker-0:130:234 [0] NCCL INFO Channel 18/32 :    0   7   6   5   4   3   2   1   8  15  14  13  12  11  10   9
vcjob-2107910235463512066-abc12335-68921-worker-0:130:234 [0] NCCL INFO Channel 19/32 :    0   7   6   5   4   3   2   1   8  15  14  13  12  11  10   9
vcjob-2107910235463512066-abc12335-68921-worker-0:130:234 [0] NCCL INFO Channel 20/32 :    0   7   6   5   4   3   2   1   8  15  14  13  12  11  10   9
vcjob-2107910235463512066-abc12335-68921-worker-0:130:234 [0] NCCL INFO Channel 21/32 :    0   7   6   5   4   3   2   1   8  15  14  13  12  11  10   9
vcjob-2107910235463512066-abc12335-68921-worker-0:130:234 [0] NCCL INFO Channel 22/32 :    0   7   6   5   4   3   2   1   8  15  14  13  12  11  10   9
vcjob-2107910235463512066-abc12335-68921-worker-0:130:234 [0] NCCL INFO Channel 23/32 :    0   7   6   5   4   3   2   1   8  15  14  13  12  11  10   9
vcjob-2107910235463512066-abc12335-68921-worker-0:130:234 [0] NCCL INFO Channel 24/32 :    0   7   6   5   4   3   2   1   8  15  14  13  12  11  10   9
vcjob-2107910235463512066-abc12335-68921-worker-0:130:234 [0] NCCL INFO Channel 25/32 :    0   7   6   5   4   3   2   1   8  15  14  13  12  11  10   9
vcjob-2107910235463512066-abc12335-68921-worker-0:130:234 [0] NCCL INFO Channel 26/32 :    0   7   6   5   4   3   2   1   8  15  14  13  12  11  10   9
vcjob-2107910235463512066-abc12335-68921-worker-0:130:234 [0] NCCL INFO Channel 27/32 :    0   7   6   5   4   3   2   1   8  15  14  13  12  11  10   9
vcjob-2107910235463512066-abc12335-68921-worker-0:130:234 [0] NCCL INFO Channel 28/32 :    0   7   6   5   4   3   2   1   8  15  14  13  12  11  10   9
vcjob-2107910235463512066-abc12335-68921-worker-0:130:234 [0] NCCL INFO Channel 29/32 :    0   7   6   5   4   3   2   1   8  15  14  13  12  11  10   9
vcjob-2107910235463512066-abc12335-68921-worker-0:130:234 [0] NCCL INFO Channel 30/32 :    0   7   6   5   4   3   2   1   8  15  14  13  12  11  10   9
vcjob-2107910235463512066-abc12335-68921-worker-0:130:234 [0] NCCL INFO Channel 31/32 :    0   7   6   5   4   3   2   1   8  15  14  13  12  11  10   9
vcjob-2107910235463512066-abc12335-68921-worker-0:130:234 [0] NCCL INFO Trees [0] 1/8/-1->0->-1 [1] 1/-1/-1->0->8 [2] 1/8/-1->0->-1 [3] 1/-1/-1->0->8 [4] 1/8/-1->0->-1 [5] 1/-1/-1->0->8 [6] 1/8/-1->0->-1 [7] 1/-1/-1->0->8 [8] 1/8/-1->0->-1 [9] 1/-1/-1->0->8 [10] 1/8/-1->0->-1 [11] 1/-1/-1->0->8 [12] 1/8/-1->0->-1 [13] 1/-1/-1->0->8 [14] 1/8/-1->0->-1 [15] 1/-1/-1->0->8 [16] 1/8/-1->0->-1 [17] 1/-1/-1->0->8 [18] 1/8/-1->0->-1 [19] 1/-1/-1->0->8 [20] 1/8/-1->0->-1 [21] 1/-1/-1->0->8 [22] 1/8/-1->0->-1 [23] 1/-1/-1->0->8 [24] 1/8/-1->0->-1 [25] 1/-1/-1->0->8 [26] 1/8/-1->0->-1 [27] 1/-1/-1->0->8 [28] 1/8/-1->0->-1 [29] 1/-1/-1->0->8 [30] 1/8/-1->0->-1 [31] 1/-1/-1->0->8 comm 0x561dd8dbcb40 nRanks 16 busId 9000
vcjob-2107910235463512066-abc12335-68921-worker-0:130:234 [0] NCCL INFO P2P Chunksize set to 131072
vcjob-2107910235463512066-abc12335-68921-worker-0:130:234 [0] NCCL INFO comm->autoPerPeerOn: 1, comm->p2pnChannels: 32, comm->p2pnChannelsPerPeer: 2
vcjob-2107910235463512066-abc12335-68921-worker-0:130:234 [0] NCCL INFO Channel 00/0 : 9[36000] -> 0[9000] [receive] via NET/Socket/0 comm 0x561dd8dbcb40 nRanks 16
vcjob-2107910235463512066-abc12335-68921-worker-0:130:234 [0] NCCL INFO Channel 01/0 : 9[36000] -> 0[9000] [receive] via NET/Socket/0 comm 0x561dd8dbcb40 nRanks 16
vcjob-2107910235463512066-abc12335-68921-worker-0:130:234 [0] NCCL INFO Channel 02/0 : 9[36000] -> 0[9000] [receive] via NET/Socket/0 comm 0x561dd8dbcb40 nRanks 16
vcjob-2107910235463512066-abc12335-68921-worker-0:130:234 [0] NCCL INFO Channel 03/0 : 9[36000] -> 0[9000] [receive] via NET/Socket/0 comm 0x561dd8dbcb40 nRanks 16
vcjob-2107910235463512066-abc12335-68921-worker-0:130:234 [0] NCCL INFO Channel 04/0 : 9[36000] -> 0[9000] [receive] via NET/Socket/0 comm 0x561dd8dbcb40 nRanks 16
vcjob-2107910235463512066-abc12335-68921-worker-0:130:234 [0] NCCL INFO Channel 05/0 : 9[36000] -> 0[9000] [receive] via NET/Socket/0 comm 0x561dd8dbcb40 nRanks 16
vcjob-2107910235463512066-abc12335-68921-worker-0:130:234 [0] NCCL INFO Channel 06/0 : 9[36000] -> 0[9000] [receive] via NET/Socket/0 comm 0x561dd8dbcb40 nRanks 16
vcjob-2107910235463512066-abc12335-68921-worker-0:130:234 [0] NCCL INFO Channel 07/0 : 9[36000] -> 0[9000] [receive] via NET/Socket/0 comm 0x561dd8dbcb40 nRanks 16
vcjob-2107910235463512066-abc12335-68921-worker-0:130:234 [0] NCCL INFO Channel 08/0 : 9[36000] -> 0[9000] [receive] via NET/Socket/0 comm 0x561dd8dbcb40 nRanks 16
vcjob-2107910235463512066-abc12335-68921-worker-0:130:234 [0] NCCL INFO Channel 09/0 : 9[36000] -> 0[9000] [receive] via NET/Socket/0 comm 0x561dd8dbcb40 nRanks 16
vcjob-2107910235463512066-abc12335-68921-worker-0:131:241 [1] NCCL INFO Channel 00/0 : 1[36000] -> 8[9000] [send] via NET/Socket/0 comm 0x5575bb133df0 nRanks 16
vcjob-2107910235463512066-abc12335-68921-worker-0:130:234 [0] NCCL INFO Channel 10/0 : 9[36000] -> 0[9000] [receive] via NET/Socket/0 comm 0x561dd8dbcb40 nRanks 16
vcjob-2107910235463512066-abc12335-68921-worker-0:131:241 [1] NCCL INFO Channel 01/0 : 1[36000] -> 8[9000] [send] via NET/Socket/0 comm 0x5575bb133df0 nRanks 16
vcjob-2107910235463512066-abc12335-68921-worker-0:130:234 [0] NCCL INFO Channel 11/0 : 9[36000] -> 0[9000] [receive] via NET/Socket/0 comm 0x561dd8dbcb40 nRanks 16
vcjob-2107910235463512066-abc12335-68921-worker-0:131:241 [1] NCCL INFO Channel 02/0 : 1[36000] -> 8[9000] [send] via NET/Socket/0 comm 0x5575bb133df0 nRanks 16
vcjob-2107910235463512066-abc12335-68921-worker-0:130:234 [0] NCCL INFO Channel 12/0 : 9[36000] -> 0[9000] [receive] via NET/Socket/0 comm 0x561dd8dbcb40 nRanks 16
vcjob-2107910235463512066-abc12335-68921-worker-0:131:241 [1] NCCL INFO Channel 03/0 : 1[36000] -> 8[9000] [send] via NET/Socket/0 comm 0x5575bb133df0 nRanks 16
vcjob-2107910235463512066-abc12335-68921-worker-0:130:234 [0] NCCL INFO Channel 13/0 : 9[36000] -> 0[9000] [receive] via NET/Socket/0 comm 0x561dd8dbcb40 nRanks 16
vcjob-2107910235463512066-abc12335-68921-worker-0:131:241 [1] NCCL INFO Channel 04/0 : 1[36000] -> 8[9000] [send] via NET/Socket/0 comm 0x5575bb133df0 nRanks 16
vcjob-2107910235463512066-abc12335-68921-worker-0:131:241 [1] NCCL INFO Channel 05/0 : 1[36000] -> 8[9000] [send] via NET/Socket/0 comm 0x5575bb133df0 nRanks 16
vcjob-2107910235463512066-abc12335-68921-worker-0:130:234 [0] NCCL INFO Channel 14/0 : 9[36000] -> 0[9000] [receive] via NET/Socket/0 comm 0x561dd8dbcb40 nRanks 16
vcjob-2107910235463512066-abc12335-68921-worker-0:131:241 [1] NCCL INFO Channel 06/0 : 1[36000] -> 8[9000] [send] via NET/Socket/0 comm 0x5575bb133df0 nRanks 16
vcjob-2107910235463512066-abc12335-68921-worker-0:130:234 [0] NCCL INFO Channel 15/0 : 9[36000] -> 0[9000] [receive] via NET/Socket/0 comm 0x561dd8dbcb40 nRanks 16
vcjob-2107910235463512066-abc12335-68921-worker-0:131:241 [1] NCCL INFO Channel 07/0 : 1[36000] -> 8[9000] [send] via NET/Socket/0 comm 0x5575bb133df0 nRanks 16
vcjob-2107910235463512066-abc12335-68921-worker-0:130:234 [0] NCCL INFO Channel 16/0 : 9[36000] -> 0[9000] [receive] via NET/Socket/0 comm 0x561dd8dbcb40 nRanks 16
vcjob-2107910235463512066-abc12335-68921-worker-0:131:241 [1] NCCL INFO Channel 08/0 : 1[36000] -> 8[9000] [send] via NET/Socket/0 comm 0x5575bb133df0 nRanks 16
vcjob-2107910235463512066-abc12335-68921-worker-0:130:234 [0] NCCL INFO Channel 17/0 : 9[36000] -> 0[9000] [receive] via NET/Socket/0 comm 0x561dd8dbcb40 nRanks 16
vcjob-2107910235463512066-abc12335-68921-worker-0:131:241 [1] NCCL INFO Channel 09/0 : 1[36000] -> 8[9000] [send] via NET/Socket/0 comm 0x5575bb133df0 nRanks 16
vcjob-2107910235463512066-abc12335-68921-worker-0:130:234 [0] NCCL INFO Channel 18/0 : 9[36000] -> 0[9000] [receive] via NET/Socket/0 comm 0x561dd8dbcb40 nRanks 16
vcjob-2107910235463512066-abc12335-68921-worker-0:131:241 [1] NCCL INFO Channel 10/0 : 1[36000] -> 8[9000] [send] via NET/Socket/0 comm 0x5575bb133df0 nRanks 16
vcjob-2107910235463512066-abc12335-68921-worker-0:131:241 [1] NCCL INFO Channel 11/0 : 1[36000] -> 8[9000] [send] via NET/Socket/0 comm 0x5575bb133df0 nRanks 16
vcjob-2107910235463512066-abc12335-68921-worker-0:130:234 [0] NCCL INFO Channel 19/0 : 9[36000] -> 0[9000] [receive] via NET/Socket/0 comm 0x561dd8dbcb40 nRanks 16
vcjob-2107910235463512066-abc12335-68921-worker-0:131:241 [1] NCCL INFO Channel 12/0 : 1[36000] -> 8[9000] [send] via NET/Socket/0 comm 0x5575bb133df0 nRanks 16
vcjob-2107910235463512066-abc12335-68921-worker-0:130:234 [0] NCCL INFO Channel 20/0 : 9[36000] -> 0[9000] [receive] via NET/Socket/0 comm 0x561dd8dbcb40 nRanks 16
vcjob-2107910235463512066-abc12335-68921-worker-0:131:241 [1] NCCL INFO Channel 13/0 : 1[36000] -> 8[9000] [send] via NET/Socket/0 comm 0x5575bb133df0 nRanks 16
vcjob-2107910235463512066-abc12335-68921-worker-0:130:234 [0] NCCL INFO Channel 21/0 : 9[36000] -> 0[9000] [receive] via NET/Socket/0 comm 0x561dd8dbcb40 nRanks 16
vcjob-2107910235463512066-abc12335-68921-worker-0:131:241 [1] NCCL INFO Channel 14/0 : 1[36000] -> 8[9000] [send] via NET/Socket/0 comm 0x5575bb133df0 nRanks 16
vcjob-2107910235463512066-abc12335-68921-worker-0:130:234 [0] NCCL INFO Channel 22/0 : 9[36000] -> 0[9000] [receive] via NET/Socket/0 comm 0x561dd8dbcb40 nRanks 16
vcjob-2107910235463512066-abc12335-68921-worker-0:131:241 [1] NCCL INFO Channel 15/0 : 1[36000] -> 8[9000] [send] via NET/Socket/0 comm 0x5575bb133df0 nRanks 16
vcjob-2107910235463512066-abc12335-68921-worker-0:130:234 [0] NCCL INFO Channel 23/0 : 9[36000] -> 0[9000] [receive] via NET/Socket/0 comm 0x561dd8dbcb40 nRanks 16
vcjob-2107910235463512066-abc12335-68921-worker-0:131:241 [1] NCCL INFO Channel 16/0 : 1[36000] -> 8[9000] [send] via NET/Socket/0 comm 0x5575bb133df0 nRanks 16
vcjob-2107910235463512066-abc12335-68921-worker-0:131:241 [1] NCCL INFO Channel 17/0 : 1[36000] -> 8[9000] [send] via NET/Socket/0 comm 0x5575bb133df0 nRanks 16
vcjob-2107910235463512066-abc12335-68921-worker-0:130:234 [0] NCCL INFO Channel 24/0 : 9[36000] -> 0[9000] [receive] via NET/Socket/0 comm 0x561dd8dbcb40 nRanks 16
vcjob-2107910235463512066-abc12335-68921-worker-0:131:241 [1] NCCL INFO Channel 18/0 : 1[36000] -> 8[9000] [send] via NET/Socket/0 comm 0x5575bb133df0 nRanks 16
vcjob-2107910235463512066-abc12335-68921-worker-0:130:234 [0] NCCL INFO Channel 25/0 : 9[36000] -> 0[9000] [receive] via NET/Socket/0 comm 0x561dd8dbcb40 nRanks 16
vcjob-2107910235463512066-abc12335-68921-worker-0:131:241 [1] NCCL INFO Channel 19/0 : 1[36000] -> 8[9000] [send] via NET/Socket/0 comm 0x5575bb133df0 nRanks 16
vcjob-2107910235463512066-abc12335-68921-worker-0:130:234 [0] NCCL INFO Channel 26/0 : 9[36000] -> 0[9000] [receive] via NET/Socket/0 comm 0x561dd8dbcb40 nRanks 16
vcjob-2107910235463512066-abc12335-68921-worker-0:131:241 [1] NCCL INFO Channel 20/0 : 1[36000] -> 8[9000] [send] via NET/Socket/0 comm 0x5575bb133df0 nRanks 16
vcjob-2107910235463512066-abc12335-68921-worker-0:130:234 [0] NCCL INFO Channel 27/0 : 9[36000] -> 0[9000] [receive] via NET/Socket/0 comm 0x561dd8dbcb40 nRanks 16
vcjob-2107910235463512066-abc12335-68921-worker-0:131:241 [1] NCCL INFO Channel 21/0 : 1[36000] -> 8[9000] [send] via NET/Socket/0 comm 0x5575bb133df0 nRanks 16
vcjob-2107910235463512066-abc12335-68921-worker-0:131:241 [1] NCCL INFO Channel 22/0 : 1[36000] -> 8[9000] [send] via NET/Socket/0 comm 0x5575bb133df0 nRanks 16
vcjob-2107910235463512066-abc12335-68921-worker-0:130:234 [0] NCCL INFO Channel 28/0 : 9[36000] -> 0[9000] [receive] via NET/Socket/0 comm 0x561dd8dbcb40 nRanks 16
vcjob-2107910235463512066-abc12335-68921-worker-0:131:241 [1] NCCL INFO Channel 23/0 : 1[36000] -> 8[9000] [send] via NET/Socket/0 comm 0x5575bb133df0 nRanks 16
vcjob-2107910235463512066-abc12335-68921-worker-0:130:234 [0] NCCL INFO Channel 29/0 : 9[36000] -> 0[9000] [receive] via NET/Socket/0 comm 0x561dd8dbcb40 nRanks 16
vcjob-2107910235463512066-abc12335-68921-worker-0:131:241 [1] NCCL INFO Channel 24/0 : 1[36000] -> 8[9000] [send] via NET/Socket/0 comm 0x5575bb133df0 nRanks 16
vcjob-2107910235463512066-abc12335-68921-worker-0:130:234 [0] NCCL INFO Channel 30/0 : 9[36000] -> 0[9000] [receive] via NET/Socket/0 comm 0x561dd8dbcb40 nRanks 16
vcjob-2107910235463512066-abc12335-68921-worker-0:131:241 [1] NCCL INFO Channel 25/0 : 1[36000] -> 8[9000] [send] via NET/Socket/0 comm 0x5575bb133df0 nRanks 16
vcjob-2107910235463512066-abc12335-68921-worker-0:130:234 [0] NCCL INFO Channel 31/0 : 9[36000] -> 0[9000] [receive] via NET/Socket/0 comm 0x561dd8dbcb40 nRanks 16
vcjob-2107910235463512066-abc12335-68921-worker-0:131:241 [1] NCCL INFO Channel 26/0 : 1[36000] -> 8[9000] [send] via NET/Socket/0 comm 0x5575bb133df0 nRanks 16
vcjob-2107910235463512066-abc12335-68921-worker-0:130:234 [0] NCCL INFO Channel 00/0 : 0[9000] -> 7[f5000] via P2P/IPC comm 0x561dd8dbcb40 nRanks 16
vcjob-2107910235463512066-abc12335-68921-worker-0:131:241 [1] NCCL INFO Channel 27/0 : 1[36000] -> 8[9000] [send] via NET/Socket/0 comm 0x5575bb133df0 nRanks 16
vcjob-2107910235463512066-abc12335-68921-worker-0:131:241 [1] NCCL INFO Channel 28/0 : 1[36000] -> 8[9000] [send] via NET/Socket/0 comm 0x5575bb133df0 nRanks 16
vcjob-2107910235463512066-abc12335-68921-worker-0:131:241 [1] NCCL INFO Channel 29/0 : 1[36000] -> 8[9000] [send] via NET/Socket/0 comm 0x5575bb133df0 nRanks 16
vcjob-2107910235463512066-abc12335-68921-worker-0:131:241 [1] NCCL INFO Channel 30/0 : 1[36000] -> 8[9000] [send] via NET/Socket/0 comm 0x5575bb133df0 nRanks 16
vcjob-2107910235463512066-abc12335-68921-worker-0:131:241 [1] NCCL INFO Channel 31/0 : 1[36000] -> 8[9000] [send] via NET/Socket/0 comm 0x5575bb133df0 nRanks 16
vcjob-2107910235463512066-abc12335-68921-worker-0:130:234 [0] NCCL INFO Channel 01/0 : 0[9000] -> 7[f5000] via P2P/IPC comm 0x561dd8dbcb40 nRanks 16
vcjob-2107910235463512066-abc12335-68921-worker-0:130:234 [0] NCCL INFO Channel 02/0 : 0[9000] -> 7[f5000] via P2P/IPC comm 0x561dd8dbcb40 nRanks 16
vcjob-2107910235463512066-abc12335-68921-worker-0:130:234 [0] NCCL INFO Channel 03/0 : 0[9000] -> 7[f5000] via P2P/IPC comm 0x561dd8dbcb40 nRanks 16
vcjob-2107910235463512066-abc12335-68921-worker-0:130:234 [0] NCCL INFO Channel 04/0 : 0[9000] -> 7[f5000] via P2P/IPC comm 0x561dd8dbcb40 nRanks 16
vcjob-2107910235463512066-abc12335-68921-worker-0:130:234 [0] NCCL INFO Channel 05/0 : 0[9000] -> 7[f5000] via P2P/IPC comm 0x561dd8dbcb40 nRanks 16
vcjob-2107910235463512066-abc12335-68921-worker-0:130:234 [0] NCCL INFO Channel 06/0 : 0[9000] -> 7[f5000] via P2P/IPC comm 0x561dd8dbcb40 nRanks 16
vcjob-2107910235463512066-abc12335-68921-worker-0:130:234 [0] NCCL INFO Channel 07/0 : 0[9000] -> 7[f5000] via P2P/IPC comm 0x561dd8dbcb40 nRanks 16
vcjob-2107910235463512066-abc12335-68921-worker-0:130:234 [0] NCCL INFO Channel 08/0 : 0[9000] -> 7[f5000] via P2P/IPC comm 0x561dd8dbcb40 nRanks 16
vcjob-2107910235463512066-abc12335-68921-worker-0:130:234 [0] NCCL INFO Channel 09/0 : 0[9000] -> 7[f5000] via P2P/IPC comm 0x561dd8dbcb40 nRanks 16
vcjob-2107910235463512066-abc12335-68921-worker-0:130:234 [0] NCCL INFO Channel 10/0 : 0[9000] -> 7[f5000] via P2P/IPC comm 0x561dd8dbcb40 nRanks 16
vcjob-2107910235463512066-abc12335-68921-worker-0:130:234 [0] NCCL INFO Channel 11/0 : 0[9000] -> 7[f5000] via P2P/IPC comm 0x561dd8dbcb40 nRanks 16
vcjob-2107910235463512066-abc12335-68921-worker-0:130:234 [0] NCCL INFO Channel 12/0 : 0[9000] -> 7[f5000] via P2P/IPC comm 0x561dd8dbcb40 nRanks 16
vcjob-2107910235463512066-abc12335-68921-worker-0:130:234 [0] NCCL INFO Channel 13/0 : 0[9000] -> 7[f5000] via P2P/IPC comm 0x561dd8dbcb40 nRanks 16
vcjob-2107910235463512066-abc12335-68921-worker-0:130:234 [0] NCCL INFO Channel 14/0 : 0[9000] -> 7[f5000] via P2P/IPC comm 0x561dd8dbcb40 nRanks 16
vcjob-2107910235463512066-abc12335-68921-worker-0:130:234 [0] NCCL INFO Channel 15/0 : 0[9000] -> 7[f5000] via P2P/IPC comm 0x561dd8dbcb40 nRanks 16
vcjob-2107910235463512066-abc12335-68921-worker-0:130:234 [0] NCCL INFO Channel 16/0 : 0[9000] -> 7[f5000] via P2P/IPC comm 0x561dd8dbcb40 nRanks 16
vcjob-2107910235463512066-abc12335-68921-worker-0:130:234 [0] NCCL INFO Channel 17/0 : 0[9000] -> 7[f5000] via P2P/IPC comm 0x561dd8dbcb40 nRanks 16
vcjob-2107910235463512066-abc12335-68921-worker-0:130:234 [0] NCCL INFO Channel 18/0 : 0[9000] -> 7[f5000] via P2P/IPC comm 0x561dd8dbcb40 nRanks 16
vcjob-2107910235463512066-abc12335-68921-worker-0:130:234 [0] NCCL INFO Channel 19/0 : 0[9000] -> 7[f5000] via P2P/IPC comm 0x561dd8dbcb40 nRanks 16
vcjob-2107910235463512066-abc12335-68921-worker-0:130:234 [0] NCCL INFO Channel 20/0 : 0[9000] -> 7[f5000] via P2P/IPC comm 0x561dd8dbcb40 nRanks 16
vcjob-2107910235463512066-abc12335-68921-worker-0:130:234 [0] NCCL INFO Channel 21/0 : 0[9000] -> 7[f5000] via P2P/IPC comm 0x561dd8dbcb40 nRanks 16
vcjob-2107910235463512066-abc12335-68921-worker-0:135:236 [5] NCCL INFO Channel 00/0 : 5[b5000] -> 4[85000] via P2P/IPC comm 0x564752be1e30 nRanks 16
vcjob-2107910235463512066-abc12335-68921-worker-0:130:234 [0] NCCL INFO Channel 22/0 : 0[9000] -> 7[f5000] via P2P/IPC comm 0x561dd8dbcb40 nRanks 16
vcjob-2107910235463512066-abc12335-68921-worker-0:135:236 [5] NCCL INFO Channel 01/0 : 5[b5000] -> 4[85000] via P2P/IPC comm 0x564752be1e30 nRanks 16
vcjob-2107910235463512066-abc12335-68921-worker-0:130:234 [0] NCCL INFO Channel 23/0 : 0[9000] -> 7[f5000] via P2P/IPC comm 0x561dd8dbcb40 nRanks 16
vcjob-2107910235463512066-abc12335-68921-worker-0:134:240 [4] NCCL INFO Channel 00/0 : 4[85000] -> 3[77000] via P2P/IPC comm 0x55a5d017eb70 nRanks 16
vcjob-2107910235463512066-abc12335-68921-worker-0:135:236 [5] NCCL INFO Channel 02/0 : 5[b5000] -> 4[85000] via P2P/IPC comm 0x564752be1e30 nRanks 16
vcjob-2107910235463512066-abc12335-68921-worker-0:130:234 [0] NCCL INFO Channel 24/0 : 0[9000] -> 7[f5000] via P2P/IPC comm 0x561dd8dbcb40 nRanks 16
vcjob-2107910235463512066-abc12335-68921-worker-0:136:235 [6] NCCL INFO Channel 00/0 : 6[d5000] -> 5[b5000] via P2P/IPC comm 0x564677d40d70 nRanks 16
vcjob-2107910235463512066-abc12335-68921-worker-0:134:240 [4] NCCL INFO Channel 01/0 : 4[85000] -> 3[77000] via P2P/IPC comm 0x55a5d017eb70 nRanks 16
vcjob-2107910235463512066-abc12335-68921-worker-0:135:236 [5] NCCL INFO Channel 03/0 : 5[b5000] -> 4[85000] via P2P/IPC comm 0x564752be1e30 nRanks 16
vcjob-2107910235463512066-abc12335-68921-worker-0:130:234 [0] NCCL INFO Channel 25/0 : 0[9000] -> 7[f5000] via P2P/IPC comm 0x561dd8dbcb40 nRanks 16
vcjob-2107910235463512066-abc12335-68921-worker-0:136:235 [6] NCCL INFO Channel 01/0 : 6[d5000] -> 5[b5000] via P2P/IPC comm 0x564677d40d70 nRanks 16
vcjob-2107910235463512066-abc12335-68921-worker-0:134:240 [4] NCCL INFO Channel 02/0 : 4[85000] -> 3[77000] via P2P/IPC comm 0x55a5d017eb70 nRanks 16
vcjob-2107910235463512066-abc12335-68921-worker-0:133:242 [3] NCCL INFO Channel 00/0 : 3[77000] -> 2[55000] via P2P/IPC comm 0x55ff0c099b30 nRanks 16
vcjob-2107910235463512066-abc12335-68921-worker-0:135:236 [5] NCCL INFO Channel 04/0 : 5[b5000] -> 4[85000] via P2P/IPC comm 0x564752be1e30 nRanks 16
vcjob-2107910235463512066-abc12335-68921-worker-0:130:234 [0] NCCL INFO Channel 26/0 : 0[9000] -> 7[f5000] via P2P/IPC comm 0x561dd8dbcb40 nRanks 16
vcjob-2107910235463512066-abc12335-68921-worker-0:136:235 [6] NCCL INFO Channel 02/0 : 6[d5000] -> 5[b5000] via P2P/IPC comm 0x564677d40d70 nRanks 16
vcjob-2107910235463512066-abc12335-68921-worker-0:134:240 [4] NCCL INFO Channel 03/0 : 4[85000] -> 3[77000] via P2P/IPC comm 0x55a5d017eb70 nRanks 16
vcjob-2107910235463512066-abc12335-68921-worker-0:133:242 [3] NCCL INFO Channel 01/0 : 3[77000] -> 2[55000] via P2P/IPC comm 0x55ff0c099b30 nRanks 16
vcjob-2107910235463512066-abc12335-68921-worker-0:135:236 [5] NCCL INFO Channel 05/0 : 5[b5000] -> 4[85000] via P2P/IPC comm 0x564752be1e30 nRanks 16
vcjob-2107910235463512066-abc12335-68921-worker-0:130:234 [0] NCCL INFO Channel 27/0 : 0[9000] -> 7[f5000] via P2P/IPC comm 0x561dd8dbcb40 nRanks 16
vcjob-2107910235463512066-abc12335-68921-worker-0:132:239 [2] NCCL INFO Channel 00/0 : 2[55000] -> 1[36000] via P2P/IPC comm 0x56493f759b40 nRanks 16
vcjob-2107910235463512066-abc12335-68921-worker-0:136:235 [6] NCCL INFO Channel 03/0 : 6[d5000] -> 5[b5000] via P2P/IPC comm 0x564677d40d70 nRanks 16
vcjob-2107910235463512066-abc12335-68921-worker-0:134:240 [4] NCCL INFO Channel 04/0 : 4[85000] -> 3[77000] via P2P/IPC comm 0x55a5d017eb70 nRanks 16
vcjob-2107910235463512066-abc12335-68921-worker-0:133:242 [3] NCCL INFO Channel 02/0 : 3[77000] -> 2[55000] via P2P/IPC comm 0x55ff0c099b30 nRanks 16
vcjob-2107910235463512066-abc12335-68921-worker-0:135:236 [5] NCCL INFO Channel 06/0 : 5[b5000] -> 4[85000] via P2P/IPC comm 0x564752be1e30 nRanks 16
vcjob-2107910235463512066-abc12335-68921-worker-0:130:234 [0] NCCL INFO Channel 28/0 : 0[9000] -> 7[f5000] via P2P/IPC comm 0x561dd8dbcb40 nRanks 16
vcjob-2107910235463512066-abc12335-68921-worker-0:132:239 [2] NCCL INFO Channel 01/0 : 2[55000] -> 1[36000] via P2P/IPC comm 0x56493f759b40 nRanks 16
vcjob-2107910235463512066-abc12335-68921-worker-0:134:240 [4] NCCL INFO Channel 05/0 : 4[85000] -> 3[77000] via P2P/IPC comm 0x55a5d017eb70 nRanks 16
vcjob-2107910235463512066-abc12335-68921-worker-0:133:242 [3] NCCL INFO Channel 03/0 : 3[77000] -> 2[55000] via P2P/IPC comm 0x55ff0c099b30 nRanks 16
vcjob-2107910235463512066-abc12335-68921-worker-0:136:235 [6] NCCL INFO Channel 04/0 : 6[d5000] -> 5[b5000] via P2P/IPC comm 0x564677d40d70 nRanks 16
vcjob-2107910235463512066-abc12335-68921-worker-0:135:236 [5] NCCL INFO Channel 07/0 : 5[b5000] -> 4[85000] via P2P/IPC comm 0x564752be1e30 nRanks 16
vcjob-2107910235463512066-abc12335-68921-worker-0:130:234 [0] NCCL INFO Channel 29/0 : 0[9000] -> 7[f5000] via P2P/IPC comm 0x561dd8dbcb40 nRanks 16
vcjob-2107910235463512066-abc12335-68921-worker-0:132:239 [2] NCCL INFO Channel 02/0 : 2[55000] -> 1[36000] via P2P/IPC comm 0x56493f759b40 nRanks 16
vcjob-2107910235463512066-abc12335-68921-worker-0:134:240 [4] NCCL INFO Channel 06/0 : 4[85000] -> 3[77000] via P2P/IPC comm 0x55a5d017eb70 nRanks 16
vcjob-2107910235463512066-abc12335-68921-worker-0:133:242 [3] NCCL INFO Channel 04/0 : 3[77000] -> 2[55000] via P2P/IPC comm 0x55ff0c099b30 nRanks 16
vcjob-2107910235463512066-abc12335-68921-worker-0:135:236 [5] NCCL INFO Channel 08/0 : 5[b5000] -> 4[85000] via P2P/IPC comm 0x564752be1e30 nRanks 16
vcjob-2107910235463512066-abc12335-68921-worker-0:130:234 [0] NCCL INFO Channel 30/0 : 0[9000] -> 7[f5000] via P2P/IPC comm 0x561dd8dbcb40 nRanks 16
vcjob-2107910235463512066-abc12335-68921-worker-0:136:235 [6] NCCL INFO Channel 05/0 : 6[d5000] -> 5[b5000] via P2P/IPC comm 0x564677d40d70 nRanks 16
vcjob-2107910235463512066-abc12335-68921-worker-0:132:239 [2] NCCL INFO Channel 03/0 : 2[55000] -> 1[36000] via P2P/IPC comm 0x56493f759b40 nRanks 16
vcjob-2107910235463512066-abc12335-68921-worker-0:134:240 [4] NCCL INFO Channel 07/0 : 4[85000] -> 3[77000] via P2P/IPC comm 0x55a5d017eb70 nRanks 16
vcjob-2107910235463512066-abc12335-68921-worker-0:133:242 [3] NCCL INFO Channel 05/0 : 3[77000] -> 2[55000] via P2P/IPC comm 0x55ff0c099b30 nRanks 16
vcjob-2107910235463512066-abc12335-68921-worker-0:135:236 [5] NCCL INFO Channel 09/0 : 5[b5000] -> 4[85000] via P2P/IPC comm 0x564752be1e30 nRanks 16
vcjob-2107910235463512066-abc12335-68921-worker-0:130:234 [0] NCCL INFO Channel 31/0 : 0[9000] -> 7[f5000] via P2P/IPC comm 0x561dd8dbcb40 nRanks 16
vcjob-2107910235463512066-abc12335-68921-worker-0:136:235 [6] NCCL INFO Channel 06/0 : 6[d5000] -> 5[b5000] via P2P/IPC comm 0x564677d40d70 nRanks 16
vcjob-2107910235463512066-abc12335-68921-worker-0:132:239 [2] NCCL INFO Channel 04/0 : 2[55000] -> 1[36000] via P2P/IPC comm 0x56493f759b40 nRanks 16
vcjob-2107910235463512066-abc12335-68921-worker-0:134:240 [4] NCCL INFO Channel 08/0 : 4[85000] -> 3[77000] via P2P/IPC comm 0x55a5d017eb70 nRanks 16
vcjob-2107910235463512066-abc12335-68921-worker-0:133:242 [3] NCCL INFO Channel 06/0 : 3[77000] -> 2[55000] via P2P/IPC comm 0x55ff0c099b30 nRanks 16
vcjob-2107910235463512066-abc12335-68921-worker-0:135:236 [5] NCCL INFO Channel 10/0 : 5[b5000] -> 4[85000] via P2P/IPC comm 0x564752be1e30 nRanks 16
vcjob-2107910235463512066-abc12335-68921-worker-0:132:239 [2] NCCL INFO Channel 05/0 : 2[55000] -> 1[36000] via P2P/IPC comm 0x56493f759b40 nRanks 16
vcjob-2107910235463512066-abc12335-68921-worker-0:136:235 [6] NCCL INFO Channel 07/0 : 6[d5000] -> 5[b5000] via P2P/IPC comm 0x564677d40d70 nRanks 16
vcjob-2107910235463512066-abc12335-68921-worker-0:134:240 [4] NCCL INFO Channel 09/0 : 4[85000] -> 3[77000] via P2P/IPC comm 0x55a5d017eb70 nRanks 16
vcjob-2107910235463512066-abc12335-68921-worker-0:133:242 [3] NCCL INFO Channel 07/0 : 3[77000] -> 2[55000] via P2P/IPC comm 0x55ff0c099b30 nRanks 16
vcjob-2107910235463512066-abc12335-68921-worker-0:137:237 [7] NCCL INFO Channel 00/0 : 7[f5000] -> 6[d5000] via P2P/IPC comm 0x564a29c49c30 nRanks 16
vcjob-2107910235463512066-abc12335-68921-worker-0:135:236 [5] NCCL INFO Channel 11/0 : 5[b5000] -> 4[85000] via P2P/IPC comm 0x564752be1e30 nRanks 16
vcjob-2107910235463512066-abc12335-68921-worker-0:132:239 [2] NCCL INFO Channel 06/0 : 2[55000] -> 1[36000] via P2P/IPC comm 0x56493f759b40 nRanks 16
vcjob-2107910235463512066-abc12335-68921-worker-0:136:235 [6] NCCL INFO Channel 08/0 : 6[d5000] -> 5[b5000] via P2P/IPC comm 0x564677d40d70 nRanks 16
vcjob-2107910235463512066-abc12335-68921-worker-0:134:240 [4] NCCL INFO Channel 10/0 : 4[85000] -> 3[77000] via P2P/IPC comm 0x55a5d017eb70 nRanks 16
vcjob-2107910235463512066-abc12335-68921-worker-0:133:242 [3] NCCL INFO Channel 08/0 : 3[77000] -> 2[55000] via P2P/IPC comm 0x55ff0c099b30 nRanks 16
vcjob-2107910235463512066-abc12335-68921-worker-0:135:236 [5] NCCL INFO Channel 12/0 : 5[b5000] -> 4[85000] via P2P/IPC comm 0x564752be1e30 nRanks 16
vcjob-2107910235463512066-abc12335-68921-worker-0:137:237 [7] NCCL INFO Channel 01/0 : 7[f5000] -> 6[d5000] via P2P/IPC comm 0x564a29c49c30 nRanks 16
vcjob-2107910235463512066-abc12335-68921-worker-0:132:239 [2] NCCL INFO Channel 07/0 : 2[55000] -> 1[36000] via P2P/IPC comm 0x56493f759b40 nRanks 16
vcjob-2107910235463512066-abc12335-68921-worker-0:136:235 [6] NCCL INFO Channel 09/0 : 6[d5000] -> 5[b5000] via P2P/IPC comm 0x564677d40d70 nRanks 16
vcjob-2107910235463512066-abc12335-68921-worker-0:134:240 [4] NCCL INFO Channel 11/0 : 4[85000] -> 3[77000] via P2P/IPC comm 0x55a5d017eb70 nRanks 16
vcjob-2107910235463512066-abc12335-68921-worker-0:133:242 [3] NCCL INFO Channel 09/0 : 3[77000] -> 2[55000] via P2P/IPC comm 0x55ff0c099b30 nRanks 16
vcjob-2107910235463512066-abc12335-68921-worker-0:135:236 [5] NCCL INFO Channel 13/0 : 5[b5000] -> 4[85000] via P2P/IPC comm 0x564752be1e30 nRanks 16
vcjob-2107910235463512066-abc12335-68921-worker-0:132:239 [2] NCCL INFO Channel 08/0 : 2[55000] -> 1[36000] via P2P/IPC comm 0x56493f759b40 nRanks 16
vcjob-2107910235463512066-abc12335-68921-worker-0:137:237 [7] NCCL INFO Channel 02/0 : 7[f5000] -> 6[d5000] via P2P/IPC comm 0x564a29c49c30 nRanks 16
vcjob-2107910235463512066-abc12335-68921-worker-0:134:240 [4] NCCL INFO Channel 12/0 : 4[85000] -> 3[77000] via P2P/IPC comm 0x55a5d017eb70 nRanks 16
vcjob-2107910235463512066-abc12335-68921-worker-0:133:242 [3] NCCL INFO Channel 10/0 : 3[77000] -> 2[55000] via P2P/IPC comm 0x55ff0c099b30 nRanks 16
vcjob-2107910235463512066-abc12335-68921-worker-0:136:235 [6] NCCL INFO Channel 10/0 : 6[d5000] -> 5[b5000] via P2P/IPC comm 0x564677d40d70 nRanks 16
vcjob-2107910235463512066-abc12335-68921-worker-0:135:236 [5] NCCL INFO Channel 14/0 : 5[b5000] -> 4[85000] via P2P/IPC comm 0x564752be1e30 nRanks 16
vcjob-2107910235463512066-abc12335-68921-worker-0:132:239 [2] NCCL INFO Channel 09/0 : 2[55000] -> 1[36000] via P2P/IPC comm 0x56493f759b40 nRanks 16
vcjob-2107910235463512066-abc12335-68921-worker-0:137:237 [7] NCCL INFO Channel 03/0 : 7[f5000] -> 6[d5000] via P2P/IPC comm 0x564a29c49c30 nRanks 16
vcjob-2107910235463512066-abc12335-68921-worker-0:134:240 [4] NCCL INFO Channel 13/0 : 4[85000] -> 3[77000] via P2P/IPC comm 0x55a5d017eb70 nRanks 16
vcjob-2107910235463512066-abc12335-68921-worker-0:133:242 [3] NCCL INFO Channel 11/0 : 3[77000] -> 2[55000] via P2P/IPC comm 0x55ff0c099b30 nRanks 16
vcjob-2107910235463512066-abc12335-68921-worker-0:136:235 [6] NCCL INFO Channel 11/0 : 6[d5000] -> 5[b5000] via P2P/IPC comm 0x564677d40d70 nRanks 16
vcjob-2107910235463512066-abc12335-68921-worker-0:135:236 [5] NCCL INFO Channel 15/0 : 5[b5000] -> 4[85000] via P2P/IPC comm 0x564752be1e30 nRanks 16
vcjob-2107910235463512066-abc12335-68921-worker-0:132:239 [2] NCCL INFO Channel 10/0 : 2[55000] -> 1[36000] via P2P/IPC comm 0x56493f759b40 nRanks 16
vcjob-2107910235463512066-abc12335-68921-worker-0:137:237 [7] NCCL INFO Channel 04/0 : 7[f5000] -> 6[d5000] via P2P/IPC comm 0x564a29c49c30 nRanks 16
vcjob-2107910235463512066-abc12335-68921-worker-0:134:240 [4] NCCL INFO Channel 14/0 : 4[85000] -> 3[77000] via P2P/IPC comm 0x55a5d017eb70 nRanks 16
vcjob-2107910235463512066-abc12335-68921-worker-0:133:242 [3] NCCL INFO Channel 12/0 : 3[77000] -> 2[55000] via P2P/IPC comm 0x55ff0c099b30 nRanks 16
vcjob-2107910235463512066-abc12335-68921-worker-0:135:236 [5] NCCL INFO Channel 16/0 : 5[b5000] -> 4[85000] via P2P/IPC comm 0x564752be1e30 nRanks 16
vcjob-2107910235463512066-abc12335-68921-worker-0:136:235 [6] NCCL INFO Channel 12/0 : 6[d5000] -> 5[b5000] via P2P/IPC comm 0x564677d40d70 nRanks 16
vcjob-2107910235463512066-abc12335-68921-worker-0:132:239 [2] NCCL INFO Channel 11/0 : 2[55000] -> 1[36000] via P2P/IPC comm 0x56493f759b40 nRanks 16
vcjob-2107910235463512066-abc12335-68921-worker-0:137:237 [7] NCCL INFO Channel 05/0 : 7[f5000] -> 6[d5000] via P2P/IPC comm 0x564a29c49c30 nRanks 16
vcjob-2107910235463512066-abc12335-68921-worker-0:134:240 [4] NCCL INFO Channel 15/0 : 4[85000] -> 3[77000] via P2P/IPC comm 0x55a5d017eb70 nRanks 16
vcjob-2107910235463512066-abc12335-68921-worker-0:133:242 [3] NCCL INFO Channel 13/0 : 3[77000] -> 2[55000] via P2P/IPC comm 0x55ff0c099b30 nRanks 16
vcjob-2107910235463512066-abc12335-68921-worker-0:135:236 [5] NCCL INFO Channel 17/0 : 5[b5000] -> 4[85000] via P2P/IPC comm 0x564752be1e30 nRanks 16
vcjob-2107910235463512066-abc12335-68921-worker-0:132:239 [2] NCCL INFO Channel 12/0 : 2[55000] -> 1[36000] via P2P/IPC comm 0x56493f759b40 nRanks 16
vcjob-2107910235463512066-abc12335-68921-worker-0:136:235 [6] NCCL INFO Channel 13/0 : 6[d5000] -> 5[b5000] via P2P/IPC comm 0x564677d40d70 nRanks 16
vcjob-2107910235463512066-abc12335-68921-worker-0:137:237 [7] NCCL INFO Channel 06/0 : 7[f5000] -> 6[d5000] via P2P/IPC comm 0x564a29c49c30 nRanks 16
vcjob-2107910235463512066-abc12335-68921-worker-0:134:240 [4] NCCL INFO Channel 16/0 : 4[85000] -> 3[77000] via P2P/IPC comm 0x55a5d017eb70 nRanks 16
vcjob-2107910235463512066-abc12335-68921-worker-0:133:242 [3] NCCL INFO Channel 14/0 : 3[77000] -> 2[55000] via P2P/IPC comm 0x55ff0c099b30 nRanks 16
vcjob-2107910235463512066-abc12335-68921-worker-0:135:236 [5] NCCL INFO Channel 18/0 : 5[b5000] -> 4[85000] via P2P/IPC comm 0x564752be1e30 nRanks 16
vcjob-2107910235463512066-abc12335-68921-worker-0:132:239 [2] NCCL INFO Channel 13/0 : 2[55000] -> 1[36000] via P2P/IPC comm 0x56493f759b40 nRanks 16
vcjob-2107910235463512066-abc12335-68921-worker-0:137:237 [7] NCCL INFO Channel 07/0 : 7[f5000] -> 6[d5000] via P2P/IPC comm 0x564a29c49c30 nRanks 16
vcjob-2107910235463512066-abc12335-68921-worker-0:136:235 [6] NCCL INFO Channel 14/0 : 6[d5000] -> 5[b5000] via P2P/IPC comm 0x564677d40d70 nRanks 16
vcjob-2107910235463512066-abc12335-68921-worker-0:134:240 [4] NCCL INFO Channel 17/0 : 4[85000] -> 3[77000] via P2P/IPC comm 0x55a5d017eb70 nRanks 16
vcjob-2107910235463512066-abc12335-68921-worker-0:133:242 [3] NCCL INFO Channel 15/0 : 3[77000] -> 2[55000] via P2P/IPC comm 0x55ff0c099b30 nRanks 16
vcjob-2107910235463512066-abc12335-68921-worker-0:135:236 [5] NCCL INFO Channel 19/0 : 5[b5000] -> 4[85000] via P2P/IPC comm 0x564752be1e30 nRanks 16
vcjob-2107910235463512066-abc12335-68921-worker-0:132:239 [2] NCCL INFO Channel 14/0 : 2[55000] -> 1[36000] via P2P/IPC comm 0x56493f759b40 nRanks 16
vcjob-2107910235463512066-abc12335-68921-worker-0:137:237 [7] NCCL INFO Channel 08/0 : 7[f5000] -> 6[d5000] via P2P/IPC comm 0x564a29c49c30 nRanks 16
vcjob-2107910235463512066-abc12335-68921-worker-0:134:240 [4] NCCL INFO Channel 18/0 : 4[85000] -> 3[77000] via P2P/IPC comm 0x55a5d017eb70 nRanks 16
vcjob-2107910235463512066-abc12335-68921-worker-0:133:242 [3] NCCL INFO Channel 16/0 : 3[77000] -> 2[55000] via P2P/IPC comm 0x55ff0c099b30 nRanks 16
vcjob-2107910235463512066-abc12335-68921-worker-0:136:235 [6] NCCL INFO Channel 15/0 : 6[d5000] -> 5[b5000] via P2P/IPC comm 0x564677d40d70 nRanks 16
vcjob-2107910235463512066-abc12335-68921-worker-0:135:236 [5] NCCL INFO Channel 20/0 : 5[b5000] -> 4[85000] via P2P/IPC comm 0x564752be1e30 nRanks 16
vcjob-2107910235463512066-abc12335-68921-worker-0:132:239 [2] NCCL INFO Channel 15/0 : 2[55000] -> 1[36000] via P2P/IPC comm 0x56493f759b40 nRanks 16
vcjob-2107910235463512066-abc12335-68921-worker-0:137:237 [7] NCCL INFO Channel 09/0 : 7[f5000] -> 6[d5000] via P2P/IPC comm 0x564a29c49c30 nRanks 16
vcjob-2107910235463512066-abc12335-68921-worker-0:134:240 [4] NCCL INFO Channel 19/0 : 4[85000] -> 3[77000] via P2P/IPC comm 0x55a5d017eb70 nRanks 16
vcjob-2107910235463512066-abc12335-68921-worker-0:133:242 [3] NCCL INFO Channel 17/0 : 3[77000] -> 2[55000] via P2P/IPC comm 0x55ff0c099b30 nRanks 16
vcjob-2107910235463512066-abc12335-68921-worker-0:136:235 [6] NCCL INFO Channel 16/0 : 6[d5000] -> 5[b5000] via P2P/IPC comm 0x564677d40d70 nRanks 16
vcjob-2107910235463512066-abc12335-68921-worker-0:135:236 [5] NCCL INFO Channel 21/0 : 5[b5000] -> 4[85000] via P2P/IPC comm 0x564752be1e30 nRanks 16
vcjob-2107910235463512066-abc12335-68921-worker-0:132:239 [2] NCCL INFO Channel 16/0 : 2[55000] -> 1[36000] via P2P/IPC comm 0x56493f759b40 nRanks 16
vcjob-2107910235463512066-abc12335-68921-worker-0:137:237 [7] NCCL INFO Channel 10/0 : 7[f5000] -> 6[d5000] via P2P/IPC comm 0x564a29c49c30 nRanks 16
vcjob-2107910235463512066-abc12335-68921-worker-0:134:240 [4] NCCL INFO Channel 20/0 : 4[85000] -> 3[77000] via P2P/IPC comm 0x55a5d017eb70 nRanks 16
vcjob-2107910235463512066-abc12335-68921-worker-0:133:242 [3] NCCL INFO Channel 18/0 : 3[77000] -> 2[55000] via P2P/IPC comm 0x55ff0c099b30 nRanks 16
vcjob-2107910235463512066-abc12335-68921-worker-0:136:235 [6] NCCL INFO Channel 17/0 : 6[d5000] -> 5[b5000] via P2P/IPC comm 0x564677d40d70 nRanks 16
vcjob-2107910235463512066-abc12335-68921-worker-0:135:236 [5] NCCL INFO Channel 22/0 : 5[b5000] -> 4[85000] via P2P/IPC comm 0x564752be1e30 nRanks 16
vcjob-2107910235463512066-abc12335-68921-worker-0:132:239 [2] NCCL INFO Channel 17/0 : 2[55000] -> 1[36000] via P2P/IPC comm 0x56493f759b40 nRanks 16
vcjob-2107910235463512066-abc12335-68921-worker-0:137:237 [7] NCCL INFO Channel 11/0 : 7[f5000] -> 6[d5000] via P2P/IPC comm 0x564a29c49c30 nRanks 16
vcjob-2107910235463512066-abc12335-68921-worker-0:134:240 [4] NCCL INFO Channel 21/0 : 4[85000] -> 3[77000] via P2P/IPC comm 0x55a5d017eb70 nRanks 16
vcjob-2107910235463512066-abc12335-68921-worker-0:133:242 [3] NCCL INFO Channel 19/0 : 3[77000] -> 2[55000] via P2P/IPC comm 0x55ff0c099b30 nRanks 16
vcjob-2107910235463512066-abc12335-68921-worker-0:136:235 [6] NCCL INFO Channel 18/0 : 6[d5000] -> 5[b5000] via P2P/IPC comm 0x564677d40d70 nRanks 16
vcjob-2107910235463512066-abc12335-68921-worker-0:135:236 [5] NCCL INFO Channel 23/0 : 5[b5000] -> 4[85000] via P2P/IPC comm 0x564752be1e30 nRanks 16
vcjob-2107910235463512066-abc12335-68921-worker-0:132:239 [2] NCCL INFO Channel 18/0 : 2[55000] -> 1[36000] via P2P/IPC comm 0x56493f759b40 nRanks 16
vcjob-2107910235463512066-abc12335-68921-worker-0:137:237 [7] NCCL INFO Channel 12/0 : 7[f5000] -> 6[d5000] via P2P/IPC comm 0x564a29c49c30 nRanks 16
vcjob-2107910235463512066-abc12335-68921-worker-0:134:240 [4] NCCL INFO Channel 22/0 : 4[85000] -> 3[77000] via P2P/IPC comm 0x55a5d017eb70 nRanks 16
vcjob-2107910235463512066-abc12335-68921-worker-0:133:242 [3] NCCL INFO Channel 20/0 : 3[77000] -> 2[55000] via P2P/IPC comm 0x55ff0c099b30 nRanks 16
vcjob-2107910235463512066-abc12335-68921-worker-0:135:236 [5] NCCL INFO Channel 24/0 : 5[b5000] -> 4[85000] via P2P/IPC comm 0x564752be1e30 nRanks 16
vcjob-2107910235463512066-abc12335-68921-worker-0:132:239 [2] NCCL INFO Channel 19/0 : 2[55000] -> 1[36000] via P2P/IPC comm 0x56493f759b40 nRanks 16
vcjob-2107910235463512066-abc12335-68921-worker-0:136:235 [6] NCCL INFO Channel 19/0 : 6[d5000] -> 5[b5000] via P2P/IPC comm 0x564677d40d70 nRanks 16
vcjob-2107910235463512066-abc12335-68921-worker-0:137:237 [7] NCCL INFO Channel 13/0 : 7[f5000] -> 6[d5000] via P2P/IPC comm 0x564a29c49c30 nRanks 16
vcjob-2107910235463512066-abc12335-68921-worker-0:134:240 [4] NCCL INFO Channel 23/0 : 4[85000] -> 3[77000] via P2P/IPC comm 0x55a5d017eb70 nRanks 16
vcjob-2107910235463512066-abc12335-68921-worker-0:133:242 [3] NCCL INFO Channel 21/0 : 3[77000] -> 2[55000] via P2P/IPC comm 0x55ff0c099b30 nRanks 16
vcjob-2107910235463512066-abc12335-68921-worker-0:135:236 [5] NCCL INFO Channel 25/0 : 5[b5000] -> 4[85000] via P2P/IPC comm 0x564752be1e30 nRanks 16
vcjob-2107910235463512066-abc12335-68921-worker-0:132:239 [2] NCCL INFO Channel 20/0 : 2[55000] -> 1[36000] via P2P/IPC comm 0x56493f759b40 nRanks 16
vcjob-2107910235463512066-abc12335-68921-worker-0:137:237 [7] NCCL INFO Channel 14/0 : 7[f5000] -> 6[d5000] via P2P/IPC comm 0x564a29c49c30 nRanks 16
vcjob-2107910235463512066-abc12335-68921-worker-0:136:235 [6] NCCL INFO Channel 20/0 : 6[d5000] -> 5[b5000] via P2P/IPC comm 0x564677d40d70 nRanks 16
vcjob-2107910235463512066-abc12335-68921-worker-0:134:240 [4] NCCL INFO Channel 24/0 : 4[85000] -> 3[77000] via P2P/IPC comm 0x55a5d017eb70 nRanks 16
vcjob-2107910235463512066-abc12335-68921-worker-0:133:242 [3] NCCL INFO Channel 22/0 : 3[77000] -> 2[55000] via P2P/IPC comm 0x55ff0c099b30 nRanks 16
vcjob-2107910235463512066-abc12335-68921-worker-0:135:236 [5] NCCL INFO Channel 26/0 : 5[b5000] -> 4[85000] via P2P/IPC comm 0x564752be1e30 nRanks 16
vcjob-2107910235463512066-abc12335-68921-worker-0:132:239 [2] NCCL INFO Channel 21/0 : 2[55000] -> 1[36000] via P2P/IPC comm 0x56493f759b40 nRanks 16
vcjob-2107910235463512066-abc12335-68921-worker-0:137:237 [7] NCCL INFO Channel 15/0 : 7[f5000] -> 6[d5000] via P2P/IPC comm 0x564a29c49c30 nRanks 16
vcjob-2107910235463512066-abc12335-68921-worker-0:134:240 [4] NCCL INFO Channel 25/0 : 4[85000] -> 3[77000] via P2P/IPC comm 0x55a5d017eb70 nRanks 16
vcjob-2107910235463512066-abc12335-68921-worker-0:136:235 [6] NCCL INFO Channel 21/0 : 6[d5000] -> 5[b5000] via P2P/IPC comm 0x564677d40d70 nRanks 16
vcjob-2107910235463512066-abc12335-68921-worker-0:133:242 [3] NCCL INFO Channel 23/0 : 3[77000] -> 2[55000] via P2P/IPC comm 0x55ff0c099b30 nRanks 16
vcjob-2107910235463512066-abc12335-68921-worker-0:135:236 [5] NCCL INFO Channel 27/0 : 5[b5000] -> 4[85000] via P2P/IPC comm 0x564752be1e30 nRanks 16
vcjob-2107910235463512066-abc12335-68921-worker-0:137:237 [7] NCCL INFO Channel 16/0 : 7[f5000] -> 6[d5000] via P2P/IPC comm 0x564a29c49c30 nRanks 16
vcjob-2107910235463512066-abc12335-68921-worker-0:134:240 [4] NCCL INFO Channel 26/0 : 4[85000] -> 3[77000] via P2P/IPC comm 0x55a5d017eb70 nRanks 16
vcjob-2107910235463512066-abc12335-68921-worker-0:132:239 [2] NCCL INFO Channel 22/0 : 2[55000] -> 1[36000] via P2P/IPC comm 0x56493f759b40 nRanks 16
vcjob-2107910235463512066-abc12335-68921-worker-0:136:235 [6] NCCL INFO Channel 22/0 : 6[d5000] -> 5[b5000] via P2P/IPC comm 0x564677d40d70 nRanks 16
vcjob-2107910235463512066-abc12335-68921-worker-0:133:242 [3] NCCL INFO Channel 24/0 : 3[77000] -> 2[55000] via P2P/IPC comm 0x55ff0c099b30 nRanks 16
vcjob-2107910235463512066-abc12335-68921-worker-0:135:236 [5] NCCL INFO Channel 28/0 : 5[b5000] -> 4[85000] via P2P/IPC comm 0x564752be1e30 nRanks 16
vcjob-2107910235463512066-abc12335-68921-worker-0:137:237 [7] NCCL INFO Channel 17/0 : 7[f5000] -> 6[d5000] via P2P/IPC comm 0x564a29c49c30 nRanks 16
vcjob-2107910235463512066-abc12335-68921-worker-0:134:240 [4] NCCL INFO Channel 27/0 : 4[85000] -> 3[77000] via P2P/IPC comm 0x55a5d017eb70 nRanks 16
vcjob-2107910235463512066-abc12335-68921-worker-0:132:239 [2] NCCL INFO Channel 23/0 : 2[55000] -> 1[36000] via P2P/IPC comm 0x56493f759b40 nRanks 16
vcjob-2107910235463512066-abc12335-68921-worker-0:133:242 [3] NCCL INFO Channel 25/0 : 3[77000] -> 2[55000] via P2P/IPC comm 0x55ff0c099b30 nRanks 16
vcjob-2107910235463512066-abc12335-68921-worker-0:136:235 [6] NCCL INFO Channel 23/0 : 6[d5000] -> 5[b5000] via P2P/IPC comm 0x564677d40d70 nRanks 16
vcjob-2107910235463512066-abc12335-68921-worker-0:135:236 [5] NCCL INFO Channel 29/0 : 5[b5000] -> 4[85000] via P2P/IPC comm 0x564752be1e30 nRanks 16
vcjob-2107910235463512066-abc12335-68921-worker-0:137:237 [7] NCCL INFO Channel 18/0 : 7[f5000] -> 6[d5000] via P2P/IPC comm 0x564a29c49c30 nRanks 16
vcjob-2107910235463512066-abc12335-68921-worker-0:134:240 [4] NCCL INFO Channel 28/0 : 4[85000] -> 3[77000] via P2P/IPC comm 0x55a5d017eb70 nRanks 16
vcjob-2107910235463512066-abc12335-68921-worker-0:132:239 [2] NCCL INFO Channel 24/0 : 2[55000] -> 1[36000] via P2P/IPC comm 0x56493f759b40 nRanks 16
vcjob-2107910235463512066-abc12335-68921-worker-0:135:236 [5] NCCL INFO Channel 30/0 : 5[b5000] -> 4[85000] via P2P/IPC comm 0x564752be1e30 nRanks 16
vcjob-2107910235463512066-abc12335-68921-worker-0:136:235 [6] NCCL INFO Channel 24/0 : 6[d5000] -> 5[b5000] via P2P/IPC comm 0x564677d40d70 nRanks 16
vcjob-2107910235463512066-abc12335-68921-worker-0:137:237 [7] NCCL INFO Channel 19/0 : 7[f5000] -> 6[d5000] via P2P/IPC comm 0x564a29c49c30 nRanks 16
vcjob-2107910235463512066-abc12335-68921-worker-0:134:240 [4] NCCL INFO Channel 29/0 : 4[85000] -> 3[77000] via P2P/IPC comm 0x55a5d017eb70 nRanks 16
vcjob-2107910235463512066-abc12335-68921-worker-0:132:239 [2] NCCL INFO Channel 25/0 : 2[55000] -> 1[36000] via P2P/IPC comm 0x56493f759b40 nRanks 16
vcjob-2107910235463512066-abc12335-68921-worker-0:133:242 [3] NCCL INFO Channel 26/0 : 3[77000] -> 2[55000] via P2P/IPC comm 0x55ff0c099b30 nRanks 16
vcjob-2107910235463512066-abc12335-68921-worker-0:135:236 [5] NCCL INFO Channel 31/0 : 5[b5000] -> 4[85000] via P2P/IPC comm 0x564752be1e30 nRanks 16
vcjob-2107910235463512066-abc12335-68921-worker-0:137:237 [7] NCCL INFO Channel 20/0 : 7[f5000] -> 6[d5000] via P2P/IPC comm 0x564a29c49c30 nRanks 16
vcjob-2107910235463512066-abc12335-68921-worker-0:136:235 [6] NCCL INFO Channel 25/0 : 6[d5000] -> 5[b5000] via P2P/IPC comm 0x564677d40d70 nRanks 16
vcjob-2107910235463512066-abc12335-68921-worker-0:134:240 [4] NCCL INFO Channel 30/0 : 4[85000] -> 3[77000] via P2P/IPC comm 0x55a5d017eb70 nRanks 16
vcjob-2107910235463512066-abc12335-68921-worker-0:132:239 [2] NCCL INFO Channel 26/0 : 2[55000] -> 1[36000] via P2P/IPC comm 0x56493f759b40 nRanks 16
vcjob-2107910235463512066-abc12335-68921-worker-0:133:242 [3] NCCL INFO Channel 27/0 : 3[77000] -> 2[55000] via P2P/IPC comm 0x55ff0c099b30 nRanks 16
vcjob-2107910235463512066-abc12335-68921-worker-0:137:237 [7] NCCL INFO Channel 21/0 : 7[f5000] -> 6[d5000] via P2P/IPC comm 0x564a29c49c30 nRanks 16
vcjob-2107910235463512066-abc12335-68921-worker-0:134:240 [4] NCCL INFO Channel 31/0 : 4[85000] -> 3[77000] via P2P/IPC comm 0x55a5d017eb70 nRanks 16
vcjob-2107910235463512066-abc12335-68921-worker-0:136:235 [6] NCCL INFO Channel 26/0 : 6[d5000] -> 5[b5000] via P2P/IPC comm 0x564677d40d70 nRanks 16
vcjob-2107910235463512066-abc12335-68921-worker-0:132:239 [2] NCCL INFO Channel 27/0 : 2[55000] -> 1[36000] via P2P/IPC comm 0x56493f759b40 nRanks 16
vcjob-2107910235463512066-abc12335-68921-worker-0:133:242 [3] NCCL INFO Channel 28/0 : 3[77000] -> 2[55000] via P2P/IPC comm 0x55ff0c099b30 nRanks 16
vcjob-2107910235463512066-abc12335-68921-worker-0:137:237 [7] NCCL INFO Channel 22/0 : 7[f5000] -> 6[d5000] via P2P/IPC comm 0x564a29c49c30 nRanks 16
vcjob-2107910235463512066-abc12335-68921-worker-0:136:235 [6] NCCL INFO Channel 27/0 : 6[d5000] -> 5[b5000] via P2P/IPC comm 0x564677d40d70 nRanks 16
vcjob-2107910235463512066-abc12335-68921-worker-0:132:239 [2] NCCL INFO Channel 28/0 : 2[55000] -> 1[36000] via P2P/IPC comm 0x56493f759b40 nRanks 16
vcjob-2107910235463512066-abc12335-68921-worker-0:133:242 [3] NCCL INFO Channel 29/0 : 3[77000] -> 2[55000] via P2P/IPC comm 0x55ff0c099b30 nRanks 16
vcjob-2107910235463512066-abc12335-68921-worker-0:137:237 [7] NCCL INFO Channel 23/0 : 7[f5000] -> 6[d5000] via P2P/IPC comm 0x564a29c49c30 nRanks 16
vcjob-2107910235463512066-abc12335-68921-worker-0:132:239 [2] NCCL INFO Channel 29/0 : 2[55000] -> 1[36000] via P2P/IPC comm 0x56493f759b40 nRanks 16
vcjob-2107910235463512066-abc12335-68921-worker-0:133:242 [3] NCCL INFO Channel 30/0 : 3[77000] -> 2[55000] via P2P/IPC comm 0x55ff0c099b30 nRanks 16
vcjob-2107910235463512066-abc12335-68921-worker-0:136:235 [6] NCCL INFO Channel 28/0 : 6[d5000] -> 5[b5000] via P2P/IPC comm 0x564677d40d70 nRanks 16
vcjob-2107910235463512066-abc12335-68921-worker-0:132:239 [2] NCCL INFO Channel 30/0 : 2[55000] -> 1[36000] via P2P/IPC comm 0x56493f759b40 nRanks 16
vcjob-2107910235463512066-abc12335-68921-worker-0:133:242 [3] NCCL INFO Channel 31/0 : 3[77000] -> 2[55000] via P2P/IPC comm 0x55ff0c099b30 nRanks 16
vcjob-2107910235463512066-abc12335-68921-worker-0:137:237 [7] NCCL INFO Channel 24/0 : 7[f5000] -> 6[d5000] via P2P/IPC comm 0x564a29c49c30 nRanks 16
vcjob-2107910235463512066-abc12335-68921-worker-0:136:235 [6] NCCL INFO Channel 29/0 : 6[d5000] -> 5[b5000] via P2P/IPC comm 0x564677d40d70 nRanks 16
vcjob-2107910235463512066-abc12335-68921-worker-0:132:239 [2] NCCL INFO Channel 31/0 : 2[55000] -> 1[36000] via P2P/IPC comm 0x56493f759b40 nRanks 16
vcjob-2107910235463512066-abc12335-68921-worker-0:137:237 [7] NCCL INFO Channel 25/0 : 7[f5000] -> 6[d5000] via P2P/IPC comm 0x564a29c49c30 nRanks 16
vcjob-2107910235463512066-abc12335-68921-worker-0:136:235 [6] NCCL INFO Channel 30/0 : 6[d5000] -> 5[b5000] via P2P/IPC comm 0x564677d40d70 nRanks 16
vcjob-2107910235463512066-abc12335-68921-worker-0:137:237 [7] NCCL INFO Channel 26/0 : 7[f5000] -> 6[d5000] via P2P/IPC comm 0x564a29c49c30 nRanks 16
vcjob-2107910235463512066-abc12335-68921-worker-0:136:235 [6] NCCL INFO Channel 31/0 : 6[d5000] -> 5[b5000] via P2P/IPC comm 0x564677d40d70 nRanks 16
vcjob-2107910235463512066-abc12335-68921-worker-0:137:237 [7] NCCL INFO Channel 27/0 : 7[f5000] -> 6[d5000] via P2P/IPC comm 0x564a29c49c30 nRanks 16
vcjob-2107910235463512066-abc12335-68921-worker-0:137:237 [7] NCCL INFO Channel 28/0 : 7[f5000] -> 6[d5000] via P2P/IPC comm 0x564a29c49c30 nRanks 16
vcjob-2107910235463512066-abc12335-68921-worker-0:137:237 [7] NCCL INFO Channel 29/0 : 7[f5000] -> 6[d5000] via P2P/IPC comm 0x564a29c49c30 nRanks 16
vcjob-2107910235463512066-abc12335-68921-worker-0:137:237 [7] NCCL INFO Channel 30/0 : 7[f5000] -> 6[d5000] via P2P/IPC comm 0x564a29c49c30 nRanks 16
vcjob-2107910235463512066-abc12335-68921-worker-0:137:237 [7] NCCL INFO Channel 31/0 : 7[f5000] -> 6[d5000] via P2P/IPC comm 0x564a29c49c30 nRanks 16
vcjob-2107910235463512066-abc12335-68921-worker-0:134:240 [4] NCCL INFO Connected all rings
vcjob-2107910235463512066-abc12335-68921-worker-0:135:236 [5] NCCL INFO Connected all rings
vcjob-2107910235463512066-abc12335-68921-worker-0:133:242 [3] NCCL INFO Connected all rings
vcjob-2107910235463512066-abc12335-68921-worker-0:134:240 [4] NCCL INFO Channel 00/0 : 4[85000] -> 5[b5000] via P2P/IPC comm 0x55a5d017eb70 nRanks 16
vcjob-2107910235463512066-abc12335-68921-worker-0:134:240 [4] NCCL INFO Channel 01/0 : 4[85000] -> 5[b5000] via P2P/IPC comm 0x55a5d017eb70 nRanks 16
vcjob-2107910235463512066-abc12335-68921-worker-0:134:240 [4] NCCL INFO Channel 02/0 : 4[85000] -> 5[b5000] via P2P/IPC comm 0x55a5d017eb70 nRanks 16
vcjob-2107910235463512066-abc12335-68921-worker-0:134:240 [4] NCCL INFO Channel 03/0 : 4[85000] -> 5[b5000] via P2P/IPC comm 0x55a5d017eb70 nRanks 16
vcjob-2107910235463512066-abc12335-68921-worker-0:134:240 [4] NCCL INFO Channel 04/0 : 4[85000] -> 5[b5000] via P2P/IPC comm 0x55a5d017eb70 nRanks 16
vcjob-2107910235463512066-abc12335-68921-worker-0:135:236 [5] NCCL INFO Channel 00/0 : 5[b5000] -> 6[d5000] via P2P/IPC comm 0x564752be1e30 nRanks 16
vcjob-2107910235463512066-abc12335-68921-worker-0:134:240 [4] NCCL INFO Channel 05/0 : 4[85000] -> 5[b5000] via P2P/IPC comm 0x55a5d017eb70 nRanks 16
vcjob-2107910235463512066-abc12335-68921-worker-0:135:236 [5] NCCL INFO Channel 01/0 : 5[b5000] -> 6[d5000] via P2P/IPC comm 0x564752be1e30 nRanks 16
vcjob-2107910235463512066-abc12335-68921-worker-0:134:240 [4] NCCL INFO Channel 06/0 : 4[85000] -> 5[b5000] via P2P/IPC comm 0x55a5d017eb70 nRanks 16
vcjob-2107910235463512066-abc12335-68921-worker-0:135:236 [5] NCCL INFO Channel 02/0 : 5[b5000] -> 6[d5000] via P2P/IPC comm 0x564752be1e30 nRanks 16
vcjob-2107910235463512066-abc12335-68921-worker-0:134:240 [4] NCCL INFO Channel 07/0 : 4[85000] -> 5[b5000] via P2P/IPC comm 0x55a5d017eb70 nRanks 16
vcjob-2107910235463512066-abc12335-68921-worker-0:135:236 [5] NCCL INFO Channel 03/0 : 5[b5000] -> 6[d5000] via P2P/IPC comm 0x564752be1e30 nRanks 16
vcjob-2107910235463512066-abc12335-68921-worker-0:134:240 [4] NCCL INFO Channel 08/0 : 4[85000] -> 5[b5000] via P2P/IPC comm 0x55a5d017eb70 nRanks 16
vcjob-2107910235463512066-abc12335-68921-worker-0:135:236 [5] NCCL INFO Channel 04/0 : 5[b5000] -> 6[d5000] via P2P/IPC comm 0x564752be1e30 nRanks 16
vcjob-2107910235463512066-abc12335-68921-worker-0:134:240 [4] NCCL INFO Channel 09/0 : 4[85000] -> 5[b5000] via P2P/IPC comm 0x55a5d017eb70 nRanks 16
vcjob-2107910235463512066-abc12335-68921-worker-0:135:236 [5] NCCL INFO Channel 05/0 : 5[b5000] -> 6[d5000] via P2P/IPC comm 0x564752be1e30 nRanks 16
vcjob-2107910235463512066-abc12335-68921-worker-0:134:240 [4] NCCL INFO Channel 10/0 : 4[85000] -> 5[b5000] via P2P/IPC comm 0x55a5d017eb70 nRanks 16
vcjob-2107910235463512066-abc12335-68921-worker-0:135:236 [5] NCCL INFO Channel 06/0 : 5[b5000] -> 6[d5000] via P2P/IPC comm 0x564752be1e30 nRanks 16
vcjob-2107910235463512066-abc12335-68921-worker-0:134:240 [4] NCCL INFO Channel 11/0 : 4[85000] -> 5[b5000] via P2P/IPC comm 0x55a5d017eb70 nRanks 16
vcjob-2107910235463512066-abc12335-68921-worker-0:134:240 [4] NCCL INFO Channel 12/0 : 4[85000] -> 5[b5000] via P2P/IPC comm 0x55a5d017eb70 nRanks 16
vcjob-2107910235463512066-abc12335-68921-worker-0:135:236 [5] NCCL INFO Channel 07/0 : 5[b5000] -> 6[d5000] via P2P/IPC comm 0x564752be1e30 nRanks 16
vcjob-2107910235463512066-abc12335-68921-worker-0:134:240 [4] NCCL INFO Channel 13/0 : 4[85000] -> 5[b5000] via P2P/IPC comm 0x55a5d017eb70 nRanks 16
vcjob-2107910235463512066-abc12335-68921-worker-0:135:236 [5] NCCL INFO Channel 08/0 : 5[b5000] -> 6[d5000] via P2P/IPC comm 0x564752be1e30 nRanks 16
vcjob-2107910235463512066-abc12335-68921-worker-0:134:240 [4] NCCL INFO Channel 14/0 : 4[85000] -> 5[b5000] via P2P/IPC comm 0x55a5d017eb70 nRanks 16
vcjob-2107910235463512066-abc12335-68921-worker-0:135:236 [5] NCCL INFO Channel 09/0 : 5[b5000] -> 6[d5000] via P2P/IPC comm 0x564752be1e30 nRanks 16
vcjob-2107910235463512066-abc12335-68921-worker-0:134:240 [4] NCCL INFO Channel 15/0 : 4[85000] -> 5[b5000] via P2P/IPC comm 0x55a5d017eb70 nRanks 16
vcjob-2107910235463512066-abc12335-68921-worker-0:135:236 [5] NCCL INFO Channel 10/0 : 5[b5000] -> 6[d5000] via P2P/IPC comm 0x564752be1e30 nRanks 16
vcjob-2107910235463512066-abc12335-68921-worker-0:134:240 [4] NCCL INFO Channel 16/0 : 4[85000] -> 5[b5000] via P2P/IPC comm 0x55a5d017eb70 nRanks 16
vcjob-2107910235463512066-abc12335-68921-worker-0:135:236 [5] NCCL INFO Channel 11/0 : 5[b5000] -> 6[d5000] via P2P/IPC comm 0x564752be1e30 nRanks 16
vcjob-2107910235463512066-abc12335-68921-worker-0:134:240 [4] NCCL INFO Channel 17/0 : 4[85000] -> 5[b5000] via P2P/IPC comm 0x55a5d017eb70 nRanks 16
vcjob-2107910235463512066-abc12335-68921-worker-0:137:237 [7] NCCL INFO Connected all rings
vcjob-2107910235463512066-abc12335-68921-worker-0:136:235 [6] NCCL INFO Connected all rings
vcjob-2107910235463512066-abc12335-68921-worker-0:130:234 [0] NCCL INFO Connected all rings
vcjob-2107910235463512066-abc12335-68921-worker-0:130:234 [0] NCCL INFO Channel 00/0 : 0[9000] -> 1[36000] via P2P/IPC comm 0x561dd8dbcb40 nRanks 16
vcjob-2107910235463512066-abc12335-68921-worker-0:135:236 [5] NCCL INFO Channel 12/0 : 5[b5000] -> 6[d5000] via P2P/IPC comm 0x564752be1e30 nRanks 16
vcjob-2107910235463512066-abc12335-68921-worker-0:134:240 [4] NCCL INFO Channel 18/0 : 4[85000] -> 5[b5000] via P2P/IPC comm 0x55a5d017eb70 nRanks 16
vcjob-2107910235463512066-abc12335-68921-worker-0:135:236 [5] NCCL INFO Channel 13/0 : 5[b5000] -> 6[d5000] via P2P/IPC comm 0x564752be1e30 nRanks 16
vcjob-2107910235463512066-abc12335-68921-worker-0:134:240 [4] NCCL INFO Channel 19/0 : 4[85000] -> 5[b5000] via P2P/IPC comm 0x55a5d017eb70 nRanks 16
vcjob-2107910235463512066-abc12335-68921-worker-0:134:240 [4] NCCL INFO Channel 20/0 : 4[85000] -> 5[b5000] via P2P/IPC comm 0x55a5d017eb70 nRanks 16
vcjob-2107910235463512066-abc12335-68921-worker-0:135:236 [5] NCCL INFO Channel 14/0 : 5[b5000] -> 6[d5000] via P2P/IPC comm 0x564752be1e30 nRanks 16
vcjob-2107910235463512066-abc12335-68921-worker-0:134:240 [4] NCCL INFO Channel 21/0 : 4[85000] -> 5[b5000] via P2P/IPC comm 0x55a5d017eb70 nRanks 16
vcjob-2107910235463512066-abc12335-68921-worker-0:135:236 [5] NCCL INFO Channel 15/0 : 5[b5000] -> 6[d5000] via P2P/IPC comm 0x564752be1e30 nRanks 16
vcjob-2107910235463512066-abc12335-68921-worker-0:134:240 [4] NCCL INFO Channel 22/0 : 4[85000] -> 5[b5000] via P2P/IPC comm 0x55a5d017eb70 nRanks 16
vcjob-2107910235463512066-abc12335-68921-worker-0:135:236 [5] NCCL INFO Channel 16/0 : 5[b5000] -> 6[d5000] via P2P/IPC comm 0x564752be1e30 nRanks 16
vcjob-2107910235463512066-abc12335-68921-worker-0:134:240 [4] NCCL INFO Channel 23/0 : 4[85000] -> 5[b5000] via P2P/IPC comm 0x55a5d017eb70 nRanks 16
vcjob-2107910235463512066-abc12335-68921-worker-0:135:236 [5] NCCL INFO Channel 17/0 : 5[b5000] -> 6[d5000] via P2P/IPC comm 0x564752be1e30 nRanks 16
vcjob-2107910235463512066-abc12335-68921-worker-0:135:236 [5] NCCL INFO Channel 18/0 : 5[b5000] -> 6[d5000] via P2P/IPC comm 0x564752be1e30 nRanks 16
vcjob-2107910235463512066-abc12335-68921-worker-0:134:240 [4] NCCL INFO Channel 24/0 : 4[85000] -> 5[b5000] via P2P/IPC comm 0x55a5d017eb70 nRanks 16
vcjob-2107910235463512066-abc12335-68921-worker-0:134:240 [4] NCCL INFO Channel 25/0 : 4[85000] -> 5[b5000] via P2P/IPC comm 0x55a5d017eb70 nRanks 16
vcjob-2107910235463512066-abc12335-68921-worker-0:135:236 [5] NCCL INFO Channel 19/0 : 5[b5000] -> 6[d5000] via P2P/IPC comm 0x564752be1e30 nRanks 16
vcjob-2107910235463512066-abc12335-68921-worker-0:135:236 [5] NCCL INFO Channel 20/0 : 5[b5000] -> 6[d5000] via P2P/IPC comm 0x564752be1e30 nRanks 16
vcjob-2107910235463512066-abc12335-68921-worker-0:134:240 [4] NCCL INFO Channel 26/0 : 4[85000] -> 5[b5000] via P2P/IPC comm 0x55a5d017eb70 nRanks 16
vcjob-2107910235463512066-abc12335-68921-worker-0:134:240 [4] NCCL INFO Channel 27/0 : 4[85000] -> 5[b5000] via P2P/IPC comm 0x55a5d017eb70 nRanks 16
vcjob-2107910235463512066-abc12335-68921-worker-0:135:236 [5] NCCL INFO Channel 21/0 : 5[b5000] -> 6[d5000] via P2P/IPC comm 0x564752be1e30 nRanks 16
vcjob-2107910235463512066-abc12335-68921-worker-0:135:236 [5] NCCL INFO Channel 22/0 : 5[b5000] -> 6[d5000] via P2P/IPC comm 0x564752be1e30 nRanks 16
vcjob-2107910235463512066-abc12335-68921-worker-0:134:240 [4] NCCL INFO Channel 28/0 : 4[85000] -> 5[b5000] via P2P/IPC comm 0x55a5d017eb70 nRanks 16
vcjob-2107910235463512066-abc12335-68921-worker-0:134:240 [4] NCCL INFO Channel 29/0 : 4[85000] -> 5[b5000] via P2P/IPC comm 0x55a5d017eb70 nRanks 16
vcjob-2107910235463512066-abc12335-68921-worker-0:135:236 [5] NCCL INFO Channel 23/0 : 5[b5000] -> 6[d5000] via P2P/IPC comm 0x564752be1e30 nRanks 16
vcjob-2107910235463512066-abc12335-68921-worker-0:131:241 [1] NCCL INFO Connected all rings
vcjob-2107910235463512066-abc12335-68921-worker-0:134:240 [4] NCCL INFO Channel 30/0 : 4[85000] -> 5[b5000] via P2P/IPC comm 0x55a5d017eb70 nRanks 16
vcjob-2107910235463512066-abc12335-68921-worker-0:135:236 [5] NCCL INFO Channel 24/0 : 5[b5000] -> 6[d5000] via P2P/IPC comm 0x564752be1e30 nRanks 16
vcjob-2107910235463512066-abc12335-68921-worker-0:132:239 [2] NCCL INFO Connected all rings
vcjob-2107910235463512066-abc12335-68921-worker-0:134:240 [4] NCCL INFO Channel 31/0 : 4[85000] -> 5[b5000] via P2P/IPC comm 0x55a5d017eb70 nRanks 16
vcjob-2107910235463512066-abc12335-68921-worker-0:135:236 [5] NCCL INFO Channel 25/0 : 5[b5000] -> 6[d5000] via P2P/IPC comm 0x564752be1e30 nRanks 16
vcjob-2107910235463512066-abc12335-68921-worker-0:135:236 [5] NCCL INFO Channel 26/0 : 5[b5000] -> 6[d5000] via P2P/IPC comm 0x564752be1e30 nRanks 16
vcjob-2107910235463512066-abc12335-68921-worker-0:135:236 [5] NCCL INFO Channel 27/0 : 5[b5000] -> 6[d5000] via P2P/IPC comm 0x564752be1e30 nRanks 16
vcjob-2107910235463512066-abc12335-68921-worker-0:135:236 [5] NCCL INFO Channel 28/0 : 5[b5000] -> 6[d5000] via P2P/IPC comm 0x564752be1e30 nRanks 16
vcjob-2107910235463512066-abc12335-68921-worker-0:135:236 [5] NCCL INFO Channel 29/0 : 5[b5000] -> 6[d5000] via P2P/IPC comm 0x564752be1e30 nRanks 16
vcjob-2107910235463512066-abc12335-68921-worker-0:135:236 [5] NCCL INFO Channel 30/0 : 5[b5000] -> 6[d5000] via P2P/IPC comm 0x564752be1e30 nRanks 16
vcjob-2107910235463512066-abc12335-68921-worker-0:135:236 [5] NCCL INFO Channel 31/0 : 5[b5000] -> 6[d5000] via P2P/IPC comm 0x564752be1e30 nRanks 16
vcjob-2107910235463512066-abc12335-68921-worker-0:133:242 [3] NCCL INFO Channel 00/0 : 3[77000] -> 4[85000] via P2P/IPC comm 0x55ff0c099b30 nRanks 16
vcjob-2107910235463512066-abc12335-68921-worker-0:133:242 [3] NCCL INFO Channel 01/0 : 3[77000] -> 4[85000] via P2P/IPC comm 0x55ff0c099b30 nRanks 16
vcjob-2107910235463512066-abc12335-68921-worker-0:133:242 [3] NCCL INFO Channel 02/0 : 3[77000] -> 4[85000] via P2P/IPC comm 0x55ff0c099b30 nRanks 16
vcjob-2107910235463512066-abc12335-68921-worker-0:133:242 [3] NCCL INFO Channel 03/0 : 3[77000] -> 4[85000] via P2P/IPC comm 0x55ff0c099b30 nRanks 16
vcjob-2107910235463512066-abc12335-68921-worker-0:130:234 [0] NCCL INFO Channel 01/0 : 0[9000] -> 1[36000] via P2P/IPC comm 0x561dd8dbcb40 nRanks 16
vcjob-2107910235463512066-abc12335-68921-worker-0:133:242 [3] NCCL INFO Channel 04/0 : 3[77000] -> 4[85000] via P2P/IPC comm 0x55ff0c099b30 nRanks 16
vcjob-2107910235463512066-abc12335-68921-worker-0:130:234 [0] NCCL INFO Channel 02/0 : 0[9000] -> 1[36000] via P2P/IPC comm 0x561dd8dbcb40 nRanks 16
vcjob-2107910235463512066-abc12335-68921-worker-0:133:242 [3] NCCL INFO Channel 05/0 : 3[77000] -> 4[85000] via P2P/IPC comm 0x55ff0c099b30 nRanks 16
vcjob-2107910235463512066-abc12335-68921-worker-0:130:234 [0] NCCL INFO Channel 03/0 : 0[9000] -> 1[36000] via P2P/IPC comm 0x561dd8dbcb40 nRanks 16
vcjob-2107910235463512066-abc12335-68921-worker-0:133:242 [3] NCCL INFO Channel 06/0 : 3[77000] -> 4[85000] via P2P/IPC comm 0x55ff0c099b30 nRanks 16
vcjob-2107910235463512066-abc12335-68921-worker-0:130:234 [0] NCCL INFO Channel 04/0 : 0[9000] -> 1[36000] via P2P/IPC comm 0x561dd8dbcb40 nRanks 16
vcjob-2107910235463512066-abc12335-68921-worker-0:133:242 [3] NCCL INFO Channel 07/0 : 3[77000] -> 4[85000] via P2P/IPC comm 0x55ff0c099b30 nRanks 16
vcjob-2107910235463512066-abc12335-68921-worker-0:130:234 [0] NCCL INFO Channel 05/0 : 0[9000] -> 1[36000] via P2P/IPC comm 0x561dd8dbcb40 nRanks 16
vcjob-2107910235463512066-abc12335-68921-worker-0:133:242 [3] NCCL INFO Channel 08/0 : 3[77000] -> 4[85000] via P2P/IPC comm 0x55ff0c099b30 nRanks 16
vcjob-2107910235463512066-abc12335-68921-worker-0:130:234 [0] NCCL INFO Channel 06/0 : 0[9000] -> 1[36000] via P2P/IPC comm 0x561dd8dbcb40 nRanks 16
vcjob-2107910235463512066-abc12335-68921-worker-0:133:242 [3] NCCL INFO Channel 09/0 : 3[77000] -> 4[85000] via P2P/IPC comm 0x55ff0c099b30 nRanks 16
vcjob-2107910235463512066-abc12335-68921-worker-0:130:234 [0] NCCL INFO Channel 07/0 : 0[9000] -> 1[36000] via P2P/IPC comm 0x561dd8dbcb40 nRanks 16
vcjob-2107910235463512066-abc12335-68921-worker-0:133:242 [3] NCCL INFO Channel 10/0 : 3[77000] -> 4[85000] via P2P/IPC comm 0x55ff0c099b30 nRanks 16
vcjob-2107910235463512066-abc12335-68921-worker-0:130:234 [0] NCCL INFO Channel 08/0 : 0[9000] -> 1[36000] via P2P/IPC comm 0x561dd8dbcb40 nRanks 16
vcjob-2107910235463512066-abc12335-68921-worker-0:133:242 [3] NCCL INFO Channel 11/0 : 3[77000] -> 4[85000] via P2P/IPC comm 0x55ff0c099b30 nRanks 16
vcjob-2107910235463512066-abc12335-68921-worker-0:130:234 [0] NCCL INFO Channel 09/0 : 0[9000] -> 1[36000] via P2P/IPC comm 0x561dd8dbcb40 nRanks 16
vcjob-2107910235463512066-abc12335-68921-worker-0:133:242 [3] NCCL INFO Channel 12/0 : 3[77000] -> 4[85000] via P2P/IPC comm 0x55ff0c099b30 nRanks 16
vcjob-2107910235463512066-abc12335-68921-worker-0:130:234 [0] NCCL INFO Channel 10/0 : 0[9000] -> 1[36000] via P2P/IPC comm 0x561dd8dbcb40 nRanks 16
vcjob-2107910235463512066-abc12335-68921-worker-0:133:242 [3] NCCL INFO Channel 13/0 : 3[77000] -> 4[85000] via P2P/IPC comm 0x55ff0c099b30 nRanks 16
vcjob-2107910235463512066-abc12335-68921-worker-0:130:234 [0] NCCL INFO Channel 11/0 : 0[9000] -> 1[36000] via P2P/IPC comm 0x561dd8dbcb40 nRanks 16
vcjob-2107910235463512066-abc12335-68921-worker-0:133:242 [3] NCCL INFO Channel 14/0 : 3[77000] -> 4[85000] via P2P/IPC comm 0x55ff0c099b30 nRanks 16
vcjob-2107910235463512066-abc12335-68921-worker-0:130:234 [0] NCCL INFO Channel 12/0 : 0[9000] -> 1[36000] via P2P/IPC comm 0x561dd8dbcb40 nRanks 16
vcjob-2107910235463512066-abc12335-68921-worker-0:133:242 [3] NCCL INFO Channel 15/0 : 3[77000] -> 4[85000] via P2P/IPC comm 0x55ff0c099b30 nRanks 16
vcjob-2107910235463512066-abc12335-68921-worker-0:130:234 [0] NCCL INFO Channel 13/0 : 0[9000] -> 1[36000] via P2P/IPC comm 0x561dd8dbcb40 nRanks 16
vcjob-2107910235463512066-abc12335-68921-worker-0:133:242 [3] NCCL INFO Channel 16/0 : 3[77000] -> 4[85000] via P2P/IPC comm 0x55ff0c099b30 nRanks 16
vcjob-2107910235463512066-abc12335-68921-worker-0:130:234 [0] NCCL INFO Channel 14/0 : 0[9000] -> 1[36000] via P2P/IPC comm 0x561dd8dbcb40 nRanks 16
vcjob-2107910235463512066-abc12335-68921-worker-0:133:242 [3] NCCL INFO Channel 17/0 : 3[77000] -> 4[85000] via P2P/IPC comm 0x55ff0c099b30 nRanks 16
vcjob-2107910235463512066-abc12335-68921-worker-0:133:242 [3] NCCL INFO Channel 18/0 : 3[77000] -> 4[85000] via P2P/IPC comm 0x55ff0c099b30 nRanks 16
vcjob-2107910235463512066-abc12335-68921-worker-0:130:234 [0] NCCL INFO Channel 15/0 : 0[9000] -> 1[36000] via P2P/IPC comm 0x561dd8dbcb40 nRanks 16
vcjob-2107910235463512066-abc12335-68921-worker-0:133:242 [3] NCCL INFO Channel 19/0 : 3[77000] -> 4[85000] via P2P/IPC comm 0x55ff0c099b30 nRanks 16
vcjob-2107910235463512066-abc12335-68921-worker-0:130:234 [0] NCCL INFO Channel 16/0 : 0[9000] -> 1[36000] via P2P/IPC comm 0x561dd8dbcb40 nRanks 16
vcjob-2107910235463512066-abc12335-68921-worker-0:133:242 [3] NCCL INFO Channel 20/0 : 3[77000] -> 4[85000] via P2P/IPC comm 0x55ff0c099b30 nRanks 16
vcjob-2107910235463512066-abc12335-68921-worker-0:130:234 [0] NCCL INFO Channel 17/0 : 0[9000] -> 1[36000] via P2P/IPC comm 0x561dd8dbcb40 nRanks 16
vcjob-2107910235463512066-abc12335-68921-worker-0:130:234 [0] NCCL INFO Channel 18/0 : 0[9000] -> 1[36000] via P2P/IPC comm 0x561dd8dbcb40 nRanks 16
vcjob-2107910235463512066-abc12335-68921-worker-0:133:242 [3] NCCL INFO Channel 21/0 : 3[77000] -> 4[85000] via P2P/IPC comm 0x55ff0c099b30 nRanks 16
vcjob-2107910235463512066-abc12335-68921-worker-0:133:242 [3] NCCL INFO Channel 22/0 : 3[77000] -> 4[85000] via P2P/IPC comm 0x55ff0c099b30 nRanks 16
vcjob-2107910235463512066-abc12335-68921-worker-0:130:234 [0] NCCL INFO Channel 19/0 : 0[9000] -> 1[36000] via P2P/IPC comm 0x561dd8dbcb40 nRanks 16
vcjob-2107910235463512066-abc12335-68921-worker-0:130:234 [0] NCCL INFO Channel 20/0 : 0[9000] -> 1[36000] via P2P/IPC comm 0x561dd8dbcb40 nRanks 16
vcjob-2107910235463512066-abc12335-68921-worker-0:133:242 [3] NCCL INFO Channel 23/0 : 3[77000] -> 4[85000] via P2P/IPC comm 0x55ff0c099b30 nRanks 16
vcjob-2107910235463512066-abc12335-68921-worker-0:130:234 [0] NCCL INFO Channel 21/0 : 0[9000] -> 1[36000] via P2P/IPC comm 0x561dd8dbcb40 nRanks 16
vcjob-2107910235463512066-abc12335-68921-worker-0:133:242 [3] NCCL INFO Channel 24/0 : 3[77000] -> 4[85000] via P2P/IPC comm 0x55ff0c099b30 nRanks 16
vcjob-2107910235463512066-abc12335-68921-worker-0:130:234 [0] NCCL INFO Channel 22/0 : 0[9000] -> 1[36000] via P2P/IPC comm 0x561dd8dbcb40 nRanks 16
vcjob-2107910235463512066-abc12335-68921-worker-0:133:242 [3] NCCL INFO Channel 25/0 : 3[77000] -> 4[85000] via P2P/IPC comm 0x55ff0c099b30 nRanks 16
vcjob-2107910235463512066-abc12335-68921-worker-0:130:234 [0] NCCL INFO Channel 23/0 : 0[9000] -> 1[36000] via P2P/IPC comm 0x561dd8dbcb40 nRanks 16
vcjob-2107910235463512066-abc12335-68921-worker-0:133:242 [3] NCCL INFO Channel 26/0 : 3[77000] -> 4[85000] via P2P/IPC comm 0x55ff0c099b30 nRanks 16
vcjob-2107910235463512066-abc12335-68921-worker-0:130:234 [0] NCCL INFO Channel 24/0 : 0[9000] -> 1[36000] via P2P/IPC comm 0x561dd8dbcb40 nRanks 16
vcjob-2107910235463512066-abc12335-68921-worker-0:133:242 [3] NCCL INFO Channel 27/0 : 3[77000] -> 4[85000] via P2P/IPC comm 0x55ff0c099b30 nRanks 16
vcjob-2107910235463512066-abc12335-68921-worker-0:130:234 [0] NCCL INFO Channel 25/0 : 0[9000] -> 1[36000] via P2P/IPC comm 0x561dd8dbcb40 nRanks 16
vcjob-2107910235463512066-abc12335-68921-worker-0:133:242 [3] NCCL INFO Channel 28/0 : 3[77000] -> 4[85000] via P2P/IPC comm 0x55ff0c099b30 nRanks 16
vcjob-2107910235463512066-abc12335-68921-worker-0:130:234 [0] NCCL INFO Channel 26/0 : 0[9000] -> 1[36000] via P2P/IPC comm 0x561dd8dbcb40 nRanks 16
vcjob-2107910235463512066-abc12335-68921-worker-0:133:242 [3] NCCL INFO Channel 29/0 : 3[77000] -> 4[85000] via P2P/IPC comm 0x55ff0c099b30 nRanks 16
vcjob-2107910235463512066-abc12335-68921-worker-0:130:234 [0] NCCL INFO Channel 27/0 : 0[9000] -> 1[36000] via P2P/IPC comm 0x561dd8dbcb40 nRanks 16
vcjob-2107910235463512066-abc12335-68921-worker-0:133:242 [3] NCCL INFO Channel 30/0 : 3[77000] -> 4[85000] via P2P/IPC comm 0x55ff0c099b30 nRanks 16
vcjob-2107910235463512066-abc12335-68921-worker-0:130:234 [0] NCCL INFO Channel 28/0 : 0[9000] -> 1[36000] via P2P/IPC comm 0x561dd8dbcb40 nRanks 16
vcjob-2107910235463512066-abc12335-68921-worker-0:133:242 [3] NCCL INFO Channel 31/0 : 3[77000] -> 4[85000] via P2P/IPC comm 0x55ff0c099b30 nRanks 16
vcjob-2107910235463512066-abc12335-68921-worker-0:130:234 [0] NCCL INFO Channel 29/0 : 0[9000] -> 1[36000] via P2P/IPC comm 0x561dd8dbcb40 nRanks 16
vcjob-2107910235463512066-abc12335-68921-worker-0:130:234 [0] NCCL INFO Channel 30/0 : 0[9000] -> 1[36000] via P2P/IPC comm 0x561dd8dbcb40 nRanks 16
vcjob-2107910235463512066-abc12335-68921-worker-0:130:234 [0] NCCL INFO Channel 31/0 : 0[9000] -> 1[36000] via P2P/IPC comm 0x561dd8dbcb40 nRanks 16
vcjob-2107910235463512066-abc12335-68921-worker-0:136:235 [6] NCCL INFO Channel 00/0 : 6[d5000] -> 7[f5000] via P2P/IPC comm 0x564677d40d70 nRanks 16
vcjob-2107910235463512066-abc12335-68921-worker-0:136:235 [6] NCCL INFO Channel 01/0 : 6[d5000] -> 7[f5000] via P2P/IPC comm 0x564677d40d70 nRanks 16
vcjob-2107910235463512066-abc12335-68921-worker-0:136:235 [6] NCCL INFO Channel 02/0 : 6[d5000] -> 7[f5000] via P2P/IPC comm 0x564677d40d70 nRanks 16
vcjob-2107910235463512066-abc12335-68921-worker-0:136:235 [6] NCCL INFO Channel 03/0 : 6[d5000] -> 7[f5000] via P2P/IPC comm 0x564677d40d70 nRanks 16
vcjob-2107910235463512066-abc12335-68921-worker-0:136:235 [6] NCCL INFO Channel 04/0 : 6[d5000] -> 7[f5000] via P2P/IPC comm 0x564677d40d70 nRanks 16
vcjob-2107910235463512066-abc12335-68921-worker-0:136:235 [6] NCCL INFO Channel 05/0 : 6[d5000] -> 7[f5000] via P2P/IPC comm 0x564677d40d70 nRanks 16
vcjob-2107910235463512066-abc12335-68921-worker-0:136:235 [6] NCCL INFO Channel 06/0 : 6[d5000] -> 7[f5000] via P2P/IPC comm 0x564677d40d70 nRanks 16
vcjob-2107910235463512066-abc12335-68921-worker-0:136:235 [6] NCCL INFO Channel 07/0 : 6[d5000] -> 7[f5000] via P2P/IPC comm 0x564677d40d70 nRanks 16
vcjob-2107910235463512066-abc12335-68921-worker-0:136:235 [6] NCCL INFO Channel 08/0 : 6[d5000] -> 7[f5000] via P2P/IPC comm 0x564677d40d70 nRanks 16
vcjob-2107910235463512066-abc12335-68921-worker-0:136:235 [6] NCCL INFO Channel 09/0 : 6[d5000] -> 7[f5000] via P2P/IPC comm 0x564677d40d70 nRanks 16
vcjob-2107910235463512066-abc12335-68921-worker-0:131:241 [1] NCCL INFO Channel 00/0 : 1[36000] -> 2[55000] via P2P/IPC comm 0x5575bb133df0 nRanks 16
vcjob-2107910235463512066-abc12335-68921-worker-0:136:235 [6] NCCL INFO Channel 10/0 : 6[d5000] -> 7[f5000] via P2P/IPC comm 0x564677d40d70 nRanks 16
vcjob-2107910235463512066-abc12335-68921-worker-0:131:241 [1] NCCL INFO Channel 01/0 : 1[36000] -> 2[55000] via P2P/IPC comm 0x5575bb133df0 nRanks 16
vcjob-2107910235463512066-abc12335-68921-worker-0:136:235 [6] NCCL INFO Channel 11/0 : 6[d5000] -> 7[f5000] via P2P/IPC comm 0x564677d40d70 nRanks 16
vcjob-2107910235463512066-abc12335-68921-worker-0:131:241 [1] NCCL INFO Channel 02/0 : 1[36000] -> 2[55000] via P2P/IPC comm 0x5575bb133df0 nRanks 16
vcjob-2107910235463512066-abc12335-68921-worker-0:136:235 [6] NCCL INFO Channel 12/0 : 6[d5000] -> 7[f5000] via P2P/IPC comm 0x564677d40d70 nRanks 16
vcjob-2107910235463512066-abc12335-68921-worker-0:131:241 [1] NCCL INFO Channel 03/0 : 1[36000] -> 2[55000] via P2P/IPC comm 0x5575bb133df0 nRanks 16
vcjob-2107910235463512066-abc12335-68921-worker-0:136:235 [6] NCCL INFO Channel 13/0 : 6[d5000] -> 7[f5000] via P2P/IPC comm 0x564677d40d70 nRanks 16
vcjob-2107910235463512066-abc12335-68921-worker-0:131:241 [1] NCCL INFO Channel 04/0 : 1[36000] -> 2[55000] via P2P/IPC comm 0x5575bb133df0 nRanks 16
vcjob-2107910235463512066-abc12335-68921-worker-0:136:235 [6] NCCL INFO Channel 14/0 : 6[d5000] -> 7[f5000] via P2P/IPC comm 0x564677d40d70 nRanks 16
vcjob-2107910235463512066-abc12335-68921-worker-0:131:241 [1] NCCL INFO Channel 05/0 : 1[36000] -> 2[55000] via P2P/IPC comm 0x5575bb133df0 nRanks 16
vcjob-2107910235463512066-abc12335-68921-worker-0:136:235 [6] NCCL INFO Channel 15/0 : 6[d5000] -> 7[f5000] via P2P/IPC comm 0x564677d40d70 nRanks 16
vcjob-2107910235463512066-abc12335-68921-worker-0:131:241 [1] NCCL INFO Channel 06/0 : 1[36000] -> 2[55000] via P2P/IPC comm 0x5575bb133df0 nRanks 16
vcjob-2107910235463512066-abc12335-68921-worker-0:136:235 [6] NCCL INFO Channel 16/0 : 6[d5000] -> 7[f5000] via P2P/IPC comm 0x564677d40d70 nRanks 16
vcjob-2107910235463512066-abc12335-68921-worker-0:131:241 [1] NCCL INFO Channel 07/0 : 1[36000] -> 2[55000] via P2P/IPC comm 0x5575bb133df0 nRanks 16
vcjob-2107910235463512066-abc12335-68921-worker-0:132:239 [2] NCCL INFO Channel 00/0 : 2[55000] -> 3[77000] via P2P/IPC comm 0x56493f759b40 nRanks 16
vcjob-2107910235463512066-abc12335-68921-worker-0:136:235 [6] NCCL INFO Channel 17/0 : 6[d5000] -> 7[f5000] via P2P/IPC comm 0x564677d40d70 nRanks 16
vcjob-2107910235463512066-abc12335-68921-worker-0:131:241 [1] NCCL INFO Channel 08/0 : 1[36000] -> 2[55000] via P2P/IPC comm 0x5575bb133df0 nRanks 16
vcjob-2107910235463512066-abc12335-68921-worker-0:132:239 [2] NCCL INFO Channel 01/0 : 2[55000] -> 3[77000] via P2P/IPC comm 0x56493f759b40 nRanks 16
vcjob-2107910235463512066-abc12335-68921-worker-0:136:235 [6] NCCL INFO Channel 18/0 : 6[d5000] -> 7[f5000] via P2P/IPC comm 0x564677d40d70 nRanks 16
vcjob-2107910235463512066-abc12335-68921-worker-0:132:239 [2] NCCL INFO Channel 02/0 : 2[55000] -> 3[77000] via P2P/IPC comm 0x56493f759b40 nRanks 16
vcjob-2107910235463512066-abc12335-68921-worker-0:131:241 [1] NCCL INFO Channel 09/0 : 1[36000] -> 2[55000] via P2P/IPC comm 0x5575bb133df0 nRanks 16
vcjob-2107910235463512066-abc12335-68921-worker-0:136:235 [6] NCCL INFO Channel 19/0 : 6[d5000] -> 7[f5000] via P2P/IPC comm 0x564677d40d70 nRanks 16
vcjob-2107910235463512066-abc12335-68921-worker-0:132:239 [2] NCCL INFO Channel 03/0 : 2[55000] -> 3[77000] via P2P/IPC comm 0x56493f759b40 nRanks 16
vcjob-2107910235463512066-abc12335-68921-worker-0:131:241 [1] NCCL INFO Channel 10/0 : 1[36000] -> 2[55000] via P2P/IPC comm 0x5575bb133df0 nRanks 16
vcjob-2107910235463512066-abc12335-68921-worker-0:136:235 [6] NCCL INFO Channel 20/0 : 6[d5000] -> 7[f5000] via P2P/IPC comm 0x564677d40d70 nRanks 16
vcjob-2107910235463512066-abc12335-68921-worker-0:132:239 [2] NCCL INFO Channel 04/0 : 2[55000] -> 3[77000] via P2P/IPC comm 0x56493f759b40 nRanks 16
vcjob-2107910235463512066-abc12335-68921-worker-0:131:241 [1] NCCL INFO Channel 11/0 : 1[36000] -> 2[55000] via P2P/IPC comm 0x5575bb133df0 nRanks 16
vcjob-2107910235463512066-abc12335-68921-worker-0:136:235 [6] NCCL INFO Channel 21/0 : 6[d5000] -> 7[f5000] via P2P/IPC comm 0x564677d40d70 nRanks 16
vcjob-2107910235463512066-abc12335-68921-worker-0:132:239 [2] NCCL INFO Channel 05/0 : 2[55000] -> 3[77000] via P2P/IPC comm 0x56493f759b40 nRanks 16
vcjob-2107910235463512066-abc12335-68921-worker-0:131:241 [1] NCCL INFO Channel 12/0 : 1[36000] -> 2[55000] via P2P/IPC comm 0x5575bb133df0 nRanks 16
vcjob-2107910235463512066-abc12335-68921-worker-0:132:239 [2] NCCL INFO Channel 06/0 : 2[55000] -> 3[77000] via P2P/IPC comm 0x56493f759b40 nRanks 16
vcjob-2107910235463512066-abc12335-68921-worker-0:136:235 [6] NCCL INFO Channel 22/0 : 6[d5000] -> 7[f5000] via P2P/IPC comm 0x564677d40d70 nRanks 16
vcjob-2107910235463512066-abc12335-68921-worker-0:131:241 [1] NCCL INFO Channel 13/0 : 1[36000] -> 2[55000] via P2P/IPC comm 0x5575bb133df0 nRanks 16
vcjob-2107910235463512066-abc12335-68921-worker-0:132:239 [2] NCCL INFO Channel 07/0 : 2[55000] -> 3[77000] via P2P/IPC comm 0x56493f759b40 nRanks 16
vcjob-2107910235463512066-abc12335-68921-worker-0:136:235 [6] NCCL INFO Channel 23/0 : 6[d5000] -> 7[f5000] via P2P/IPC comm 0x564677d40d70 nRanks 16
vcjob-2107910235463512066-abc12335-68921-worker-0:131:241 [1] NCCL INFO Channel 14/0 : 1[36000] -> 2[55000] via P2P/IPC comm 0x5575bb133df0 nRanks 16
vcjob-2107910235463512066-abc12335-68921-worker-0:132:239 [2] NCCL INFO Channel 08/0 : 2[55000] -> 3[77000] via P2P/IPC comm 0x56493f759b40 nRanks 16
vcjob-2107910235463512066-abc12335-68921-worker-0:136:235 [6] NCCL INFO Channel 24/0 : 6[d5000] -> 7[f5000] via P2P/IPC comm 0x564677d40d70 nRanks 16
vcjob-2107910235463512066-abc12335-68921-worker-0:131:241 [1] NCCL INFO Channel 15/0 : 1[36000] -> 2[55000] via P2P/IPC comm 0x5575bb133df0 nRanks 16
vcjob-2107910235463512066-abc12335-68921-worker-0:132:239 [2] NCCL INFO Channel 09/0 : 2[55000] -> 3[77000] via P2P/IPC comm 0x56493f759b40 nRanks 16
vcjob-2107910235463512066-abc12335-68921-worker-0:136:235 [6] NCCL INFO Channel 25/0 : 6[d5000] -> 7[f5000] via P2P/IPC comm 0x564677d40d70 nRanks 16
vcjob-2107910235463512066-abc12335-68921-worker-0:131:241 [1] NCCL INFO Channel 16/0 : 1[36000] -> 2[55000] via P2P/IPC comm 0x5575bb133df0 nRanks 16
vcjob-2107910235463512066-abc12335-68921-worker-0:132:239 [2] NCCL INFO Channel 10/0 : 2[55000] -> 3[77000] via P2P/IPC comm 0x56493f759b40 nRanks 16
vcjob-2107910235463512066-abc12335-68921-worker-0:136:235 [6] NCCL INFO Channel 26/0 : 6[d5000] -> 7[f5000] via P2P/IPC comm 0x564677d40d70 nRanks 16
vcjob-2107910235463512066-abc12335-68921-worker-0:131:241 [1] NCCL INFO Channel 17/0 : 1[36000] -> 2[55000] via P2P/IPC comm 0x5575bb133df0 nRanks 16
vcjob-2107910235463512066-abc12335-68921-worker-0:132:239 [2] NCCL INFO Channel 11/0 : 2[55000] -> 3[77000] via P2P/IPC comm 0x56493f759b40 nRanks 16
vcjob-2107910235463512066-abc12335-68921-worker-0:136:235 [6] NCCL INFO Channel 27/0 : 6[d5000] -> 7[f5000] via P2P/IPC comm 0x564677d40d70 nRanks 16
vcjob-2107910235463512066-abc12335-68921-worker-0:131:241 [1] NCCL INFO Channel 18/0 : 1[36000] -> 2[55000] via P2P/IPC comm 0x5575bb133df0 nRanks 16
vcjob-2107910235463512066-abc12335-68921-worker-0:132:239 [2] NCCL INFO Channel 12/0 : 2[55000] -> 3[77000] via P2P/IPC comm 0x56493f759b40 nRanks 16
vcjob-2107910235463512066-abc12335-68921-worker-0:136:235 [6] NCCL INFO Channel 28/0 : 6[d5000] -> 7[f5000] via P2P/IPC comm 0x564677d40d70 nRanks 16
vcjob-2107910235463512066-abc12335-68921-worker-0:131:241 [1] NCCL INFO Channel 19/0 : 1[36000] -> 2[55000] via P2P/IPC comm 0x5575bb133df0 nRanks 16
vcjob-2107910235463512066-abc12335-68921-worker-0:132:239 [2] NCCL INFO Channel 13/0 : 2[55000] -> 3[77000] via P2P/IPC comm 0x56493f759b40 nRanks 16
vcjob-2107910235463512066-abc12335-68921-worker-0:131:241 [1] NCCL INFO Channel 20/0 : 1[36000] -> 2[55000] via P2P/IPC comm 0x5575bb133df0 nRanks 16
vcjob-2107910235463512066-abc12335-68921-worker-0:136:235 [6] NCCL INFO Channel 29/0 : 6[d5000] -> 7[f5000] via P2P/IPC comm 0x564677d40d70 nRanks 16
vcjob-2107910235463512066-abc12335-68921-worker-0:132:239 [2] NCCL INFO Channel 14/0 : 2[55000] -> 3[77000] via P2P/IPC comm 0x56493f759b40 nRanks 16
vcjob-2107910235463512066-abc12335-68921-worker-0:131:241 [1] NCCL INFO Channel 21/0 : 1[36000] -> 2[55000] via P2P/IPC comm 0x5575bb133df0 nRanks 16
vcjob-2107910235463512066-abc12335-68921-worker-0:132:239 [2] NCCL INFO Channel 15/0 : 2[55000] -> 3[77000] via P2P/IPC comm 0x56493f759b40 nRanks 16
vcjob-2107910235463512066-abc12335-68921-worker-0:136:235 [6] NCCL INFO Channel 30/0 : 6[d5000] -> 7[f5000] via P2P/IPC comm 0x564677d40d70 nRanks 16
vcjob-2107910235463512066-abc12335-68921-worker-0:131:241 [1] NCCL INFO Channel 22/0 : 1[36000] -> 2[55000] via P2P/IPC comm 0x5575bb133df0 nRanks 16
vcjob-2107910235463512066-abc12335-68921-worker-0:132:239 [2] NCCL INFO Channel 16/0 : 2[55000] -> 3[77000] via P2P/IPC comm 0x56493f759b40 nRanks 16
vcjob-2107910235463512066-abc12335-68921-worker-0:136:235 [6] NCCL INFO Channel 31/0 : 6[d5000] -> 7[f5000] via P2P/IPC comm 0x564677d40d70 nRanks 16
vcjob-2107910235463512066-abc12335-68921-worker-0:131:241 [1] NCCL INFO Channel 23/0 : 1[36000] -> 2[55000] via P2P/IPC comm 0x5575bb133df0 nRanks 16
vcjob-2107910235463512066-abc12335-68921-worker-0:132:239 [2] NCCL INFO Channel 17/0 : 2[55000] -> 3[77000] via P2P/IPC comm 0x56493f759b40 nRanks 16
vcjob-2107910235463512066-abc12335-68921-worker-0:131:241 [1] NCCL INFO Channel 24/0 : 1[36000] -> 2[55000] via P2P/IPC comm 0x5575bb133df0 nRanks 16
vcjob-2107910235463512066-abc12335-68921-worker-0:132:239 [2] NCCL INFO Channel 18/0 : 2[55000] -> 3[77000] via P2P/IPC comm 0x56493f759b40 nRanks 16
vcjob-2107910235463512066-abc12335-68921-worker-0:131:241 [1] NCCL INFO Channel 25/0 : 1[36000] -> 2[55000] via P2P/IPC comm 0x5575bb133df0 nRanks 16
vcjob-2107910235463512066-abc12335-68921-worker-0:132:239 [2] NCCL INFO Channel 19/0 : 2[55000] -> 3[77000] via P2P/IPC comm 0x56493f759b40 nRanks 16
vcjob-2107910235463512066-abc12335-68921-worker-0:132:239 [2] NCCL INFO Channel 20/0 : 2[55000] -> 3[77000] via P2P/IPC comm 0x56493f759b40 nRanks 16
vcjob-2107910235463512066-abc12335-68921-worker-0:131:241 [1] NCCL INFO Channel 26/0 : 1[36000] -> 2[55000] via P2P/IPC comm 0x5575bb133df0 nRanks 16
vcjob-2107910235463512066-abc12335-68921-worker-0:132:239 [2] NCCL INFO Channel 21/0 : 2[55000] -> 3[77000] via P2P/IPC comm 0x56493f759b40 nRanks 16
vcjob-2107910235463512066-abc12335-68921-worker-0:131:241 [1] NCCL INFO Channel 27/0 : 1[36000] -> 2[55000] via P2P/IPC comm 0x5575bb133df0 nRanks 16
vcjob-2107910235463512066-abc12335-68921-worker-0:132:239 [2] NCCL INFO Channel 22/0 : 2[55000] -> 3[77000] via P2P/IPC comm 0x56493f759b40 nRanks 16
vcjob-2107910235463512066-abc12335-68921-worker-0:131:241 [1] NCCL INFO Channel 28/0 : 1[36000] -> 2[55000] via P2P/IPC comm 0x5575bb133df0 nRanks 16
vcjob-2107910235463512066-abc12335-68921-worker-0:131:241 [1] NCCL INFO Channel 29/0 : 1[36000] -> 2[55000] via P2P/IPC comm 0x5575bb133df0 nRanks 16
vcjob-2107910235463512066-abc12335-68921-worker-0:132:239 [2] NCCL INFO Channel 23/0 : 2[55000] -> 3[77000] via P2P/IPC comm 0x56493f759b40 nRanks 16
vcjob-2107910235463512066-abc12335-68921-worker-0:131:241 [1] NCCL INFO Channel 30/0 : 1[36000] -> 2[55000] via P2P/IPC comm 0x5575bb133df0 nRanks 16
vcjob-2107910235463512066-abc12335-68921-worker-0:132:239 [2] NCCL INFO Channel 24/0 : 2[55000] -> 3[77000] via P2P/IPC comm 0x56493f759b40 nRanks 16
vcjob-2107910235463512066-abc12335-68921-worker-0:131:241 [1] NCCL INFO Channel 31/0 : 1[36000] -> 2[55000] via P2P/IPC comm 0x5575bb133df0 nRanks 16
vcjob-2107910235463512066-abc12335-68921-worker-0:132:239 [2] NCCL INFO Channel 25/0 : 2[55000] -> 3[77000] via P2P/IPC comm 0x56493f759b40 nRanks 16
vcjob-2107910235463512066-abc12335-68921-worker-0:130:234 [0] NCCL INFO Channel 00/0 : 8[9000] -> 0[9000] [receive] via NET/Socket/0 comm 0x561dd8dbcb40 nRanks 16
vcjob-2107910235463512066-abc12335-68921-worker-0:130:234 [0] NCCL INFO Channel 01/0 : 8[9000] -> 0[9000] [receive] via NET/Socket/0 comm 0x561dd8dbcb40 nRanks 16
vcjob-2107910235463512066-abc12335-68921-worker-0:132:239 [2] NCCL INFO Channel 26/0 : 2[55000] -> 3[77000] via P2P/IPC comm 0x56493f759b40 nRanks 16
vcjob-2107910235463512066-abc12335-68921-worker-0:130:234 [0] NCCL INFO Channel 02/0 : 8[9000] -> 0[9000] [receive] via NET/Socket/0 comm 0x561dd8dbcb40 nRanks 16
vcjob-2107910235463512066-abc12335-68921-worker-0:130:234 [0] NCCL INFO Channel 03/0 : 8[9000] -> 0[9000] [receive] via NET/Socket/0 comm 0x561dd8dbcb40 nRanks 16
vcjob-2107910235463512066-abc12335-68921-worker-0:130:234 [0] NCCL INFO Channel 04/0 : 8[9000] -> 0[9000] [receive] via NET/Socket/0 comm 0x561dd8dbcb40 nRanks 16
vcjob-2107910235463512066-abc12335-68921-worker-0:132:239 [2] NCCL INFO Channel 27/0 : 2[55000] -> 3[77000] via P2P/IPC comm 0x56493f759b40 nRanks 16
vcjob-2107910235463512066-abc12335-68921-worker-0:130:234 [0] NCCL INFO Channel 05/0 : 8[9000] -> 0[9000] [receive] via NET/Socket/0 comm 0x561dd8dbcb40 nRanks 16
vcjob-2107910235463512066-abc12335-68921-worker-0:132:239 [2] NCCL INFO Channel 28/0 : 2[55000] -> 3[77000] via P2P/IPC comm 0x56493f759b40 nRanks 16
vcjob-2107910235463512066-abc12335-68921-worker-0:132:239 [2] NCCL INFO Channel 29/0 : 2[55000] -> 3[77000] via P2P/IPC comm 0x56493f759b40 nRanks 16
vcjob-2107910235463512066-abc12335-68921-worker-0:132:239 [2] NCCL INFO Channel 30/0 : 2[55000] -> 3[77000] via P2P/IPC comm 0x56493f759b40 nRanks 16
vcjob-2107910235463512066-abc12335-68921-worker-0:132:239 [2] NCCL INFO Channel 31/0 : 2[55000] -> 3[77000] via P2P/IPC comm 0x56493f759b40 nRanks 16
vcjob-2107910235463512066-abc12335-68921-worker-0:131:241 [1] NCCL INFO Channel 00/0 : 1[36000] -> 0[9000] via P2P/IPC comm 0x5575bb133df0 nRanks 16
vcjob-2107910235463512066-abc12335-68921-worker-0:137:237 [7] NCCL INFO Connected all trees
vcjob-2107910235463512066-abc12335-68921-worker-0:137:237 [7] NCCL INFO threadThresholds 8/8/64 | 128/8/64 | 256 | 256
vcjob-2107910235463512066-abc12335-68921-worker-0:137:237 [7] NCCL INFO 32 coll channels, 32 collnet channels, 0 nvls channels, 32 p2p channels, 2 p2p channels per peer
vcjob-2107910235463512066-abc12335-68921-worker-0:135:236 [5] NCCL INFO Connected all trees
vcjob-2107910235463512066-abc12335-68921-worker-0:135:236 [5] NCCL INFO threadThresholds 8/8/64 | 128/8/64 | 256 | 256
vcjob-2107910235463512066-abc12335-68921-worker-0:135:236 [5] NCCL INFO 32 coll channels, 32 collnet channels, 0 nvls channels, 32 p2p channels, 2 p2p channels per peer
vcjob-2107910235463512066-abc12335-68921-worker-0:136:235 [6] NCCL INFO Connected all trees
vcjob-2107910235463512066-abc12335-68921-worker-0:136:235 [6] NCCL INFO threadThresholds 8/8/64 | 128/8/64 | 256 | 256
vcjob-2107910235463512066-abc12335-68921-worker-0:136:235 [6] NCCL INFO 32 coll channels, 32 collnet channels, 0 nvls channels, 32 p2p channels, 2 p2p channels per peer
vcjob-2107910235463512066-abc12335-68921-worker-0:131:241 [1] NCCL INFO Channel 01/0 : 1[36000] -> 0[9000] via P2P/IPC comm 0x5575bb133df0 nRanks 16
vcjob-2107910235463512066-abc12335-68921-worker-0:131:241 [1] NCCL INFO Channel 02/0 : 1[36000] -> 0[9000] via P2P/IPC comm 0x5575bb133df0 nRanks 16
vcjob-2107910235463512066-abc12335-68921-worker-0:131:241 [1] NCCL INFO Channel 03/0 : 1[36000] -> 0[9000] via P2P/IPC comm 0x5575bb133df0 nRanks 16
vcjob-2107910235463512066-abc12335-68921-worker-0:131:241 [1] NCCL INFO Channel 04/0 : 1[36000] -> 0[9000] via P2P/IPC comm 0x5575bb133df0 nRanks 16
vcjob-2107910235463512066-abc12335-68921-worker-0:131:241 [1] NCCL INFO Channel 05/0 : 1[36000] -> 0[9000] via P2P/IPC comm 0x5575bb133df0 nRanks 16
vcjob-2107910235463512066-abc12335-68921-worker-0:131:241 [1] NCCL INFO Channel 06/0 : 1[36000] -> 0[9000] via P2P/IPC comm 0x5575bb133df0 nRanks 16
vcjob-2107910235463512066-abc12335-68921-worker-0:131:241 [1] NCCL INFO Channel 07/0 : 1[36000] -> 0[9000] via P2P/IPC comm 0x5575bb133df0 nRanks 16
vcjob-2107910235463512066-abc12335-68921-worker-0:131:241 [1] NCCL INFO Channel 08/0 : 1[36000] -> 0[9000] via P2P/IPC comm 0x5575bb133df0 nRanks 16
vcjob-2107910235463512066-abc12335-68921-worker-0:131:241 [1] NCCL INFO Channel 09/0 : 1[36000] -> 0[9000] via P2P/IPC comm 0x5575bb133df0 nRanks 16
vcjob-2107910235463512066-abc12335-68921-worker-0:131:241 [1] NCCL INFO Channel 10/0 : 1[36000] -> 0[9000] via P2P/IPC comm 0x5575bb133df0 nRanks 16
vcjob-2107910235463512066-abc12335-68921-worker-0:131:241 [1] NCCL INFO Channel 11/0 : 1[36000] -> 0[9000] via P2P/IPC comm 0x5575bb133df0 nRanks 16
vcjob-2107910235463512066-abc12335-68921-worker-0:131:241 [1] NCCL INFO Channel 12/0 : 1[36000] -> 0[9000] via P2P/IPC comm 0x5575bb133df0 nRanks 16
vcjob-2107910235463512066-abc12335-68921-worker-0:131:241 [1] NCCL INFO Channel 13/0 : 1[36000] -> 0[9000] via P2P/IPC comm 0x5575bb133df0 nRanks 16
vcjob-2107910235463512066-abc12335-68921-worker-0:131:241 [1] NCCL INFO Channel 14/0 : 1[36000] -> 0[9000] via P2P/IPC comm 0x5575bb133df0 nRanks 16
vcjob-2107910235463512066-abc12335-68921-worker-0:134:240 [4] NCCL INFO Connected all trees
vcjob-2107910235463512066-abc12335-68921-worker-0:134:240 [4] NCCL INFO threadThresholds 8/8/64 | 128/8/64 | 256 | 256
vcjob-2107910235463512066-abc12335-68921-worker-0:134:240 [4] NCCL INFO 32 coll channels, 32 collnet channels, 0 nvls channels, 32 p2p channels, 2 p2p channels per peer
vcjob-2107910235463512066-abc12335-68921-worker-0:131:241 [1] NCCL INFO Channel 15/0 : 1[36000] -> 0[9000] via P2P/IPC comm 0x5575bb133df0 nRanks 16
vcjob-2107910235463512066-abc12335-68921-worker-0:133:242 [3] NCCL INFO Connected all trees
vcjob-2107910235463512066-abc12335-68921-worker-0:133:242 [3] NCCL INFO threadThresholds 8/8/64 | 128/8/64 | 256 | 256
vcjob-2107910235463512066-abc12335-68921-worker-0:133:242 [3] NCCL INFO 32 coll channels, 32 collnet channels, 0 nvls channels, 32 p2p channels, 2 p2p channels per peer
vcjob-2107910235463512066-abc12335-68921-worker-0:131:241 [1] NCCL INFO Channel 16/0 : 1[36000] -> 0[9000] via P2P/IPC comm 0x5575bb133df0 nRanks 16
vcjob-2107910235463512066-abc12335-68921-worker-0:131:241 [1] NCCL INFO Channel 17/0 : 1[36000] -> 0[9000] via P2P/IPC comm 0x5575bb133df0 nRanks 16
vcjob-2107910235463512066-abc12335-68921-worker-0:131:241 [1] NCCL INFO Channel 18/0 : 1[36000] -> 0[9000] via P2P/IPC comm 0x5575bb133df0 nRanks 16
vcjob-2107910235463512066-abc12335-68921-worker-0:131:241 [1] NCCL INFO Channel 19/0 : 1[36000] -> 0[9000] via P2P/IPC comm 0x5575bb133df0 nRanks 16
vcjob-2107910235463512066-abc12335-68921-worker-0:131:241 [1] NCCL INFO Channel 20/0 : 1[36000] -> 0[9000] via P2P/IPC comm 0x5575bb133df0 nRanks 16
vcjob-2107910235463512066-abc12335-68921-worker-0:131:241 [1] NCCL INFO Channel 21/0 : 1[36000] -> 0[9000] via P2P/IPC comm 0x5575bb133df0 nRanks 16
vcjob-2107910235463512066-abc12335-68921-worker-0:131:241 [1] NCCL INFO Channel 22/0 : 1[36000] -> 0[9000] via P2P/IPC comm 0x5575bb133df0 nRanks 16
vcjob-2107910235463512066-abc12335-68921-worker-0:131:241 [1] NCCL INFO Channel 23/0 : 1[36000] -> 0[9000] via P2P/IPC comm 0x5575bb133df0 nRanks 16
vcjob-2107910235463512066-abc12335-68921-worker-0:131:241 [1] NCCL INFO Channel 24/0 : 1[36000] -> 0[9000] via P2P/IPC comm 0x5575bb133df0 nRanks 16
vcjob-2107910235463512066-abc12335-68921-worker-0:131:241 [1] NCCL INFO Channel 25/0 : 1[36000] -> 0[9000] via P2P/IPC comm 0x5575bb133df0 nRanks 16
vcjob-2107910235463512066-abc12335-68921-worker-0:131:241 [1] NCCL INFO Channel 26/0 : 1[36000] -> 0[9000] via P2P/IPC comm 0x5575bb133df0 nRanks 16
vcjob-2107910235463512066-abc12335-68921-worker-0:131:241 [1] NCCL INFO Channel 27/0 : 1[36000] -> 0[9000] via P2P/IPC comm 0x5575bb133df0 nRanks 16
vcjob-2107910235463512066-abc12335-68921-worker-0:131:241 [1] NCCL INFO Channel 28/0 : 1[36000] -> 0[9000] via P2P/IPC comm 0x5575bb133df0 nRanks 16
vcjob-2107910235463512066-abc12335-68921-worker-0:131:241 [1] NCCL INFO Channel 29/0 : 1[36000] -> 0[9000] via P2P/IPC comm 0x5575bb133df0 nRanks 16
vcjob-2107910235463512066-abc12335-68921-worker-0:131:241 [1] NCCL INFO Channel 30/0 : 1[36000] -> 0[9000] via P2P/IPC comm 0x5575bb133df0 nRanks 16
vcjob-2107910235463512066-abc12335-68921-worker-0:131:241 [1] NCCL INFO Channel 31/0 : 1[36000] -> 0[9000] via P2P/IPC comm 0x5575bb133df0 nRanks 16
vcjob-2107910235463512066-abc12335-68921-worker-0:130:234 [0] NCCL INFO Channel 06/0 : 8[9000] -> 0[9000] [receive] via NET/Socket/0 comm 0x561dd8dbcb40 nRanks 16
vcjob-2107910235463512066-abc12335-68921-worker-0:130:234 [0] NCCL INFO Channel 07/0 : 8[9000] -> 0[9000] [receive] via NET/Socket/0 comm 0x561dd8dbcb40 nRanks 16
vcjob-2107910235463512066-abc12335-68921-worker-0:130:234 [0] NCCL INFO Channel 08/0 : 8[9000] -> 0[9000] [receive] via NET/Socket/0 comm 0x561dd8dbcb40 nRanks 16
vcjob-2107910235463512066-abc12335-68921-worker-0:130:234 [0] NCCL INFO Channel 09/0 : 8[9000] -> 0[9000] [receive] via NET/Socket/0 comm 0x561dd8dbcb40 nRanks 16
vcjob-2107910235463512066-abc12335-68921-worker-0:130:234 [0] NCCL INFO Channel 10/0 : 8[9000] -> 0[9000] [receive] via NET/Socket/0 comm 0x561dd8dbcb40 nRanks 16
vcjob-2107910235463512066-abc12335-68921-worker-0:130:234 [0] NCCL INFO Channel 11/0 : 8[9000] -> 0[9000] [receive] via NET/Socket/0 comm 0x561dd8dbcb40 nRanks 16
vcjob-2107910235463512066-abc12335-68921-worker-0:130:234 [0] NCCL INFO Channel 12/0 : 8[9000] -> 0[9000] [receive] via NET/Socket/0 comm 0x561dd8dbcb40 nRanks 16
vcjob-2107910235463512066-abc12335-68921-worker-0:130:234 [0] NCCL INFO Channel 13/0 : 8[9000] -> 0[9000] [receive] via NET/Socket/0 comm 0x561dd8dbcb40 nRanks 16
vcjob-2107910235463512066-abc12335-68921-worker-0:130:234 [0] NCCL INFO Channel 14/0 : 8[9000] -> 0[9000] [receive] via NET/Socket/0 comm 0x561dd8dbcb40 nRanks 16
vcjob-2107910235463512066-abc12335-68921-worker-0:130:234 [0] NCCL INFO Channel 15/0 : 8[9000] -> 0[9000] [receive] via NET/Socket/0 comm 0x561dd8dbcb40 nRanks 16
vcjob-2107910235463512066-abc12335-68921-worker-0:130:234 [0] NCCL INFO Channel 16/0 : 8[9000] -> 0[9000] [receive] via NET/Socket/0 comm 0x561dd8dbcb40 nRanks 16
vcjob-2107910235463512066-abc12335-68921-worker-0:130:234 [0] NCCL INFO Channel 17/0 : 8[9000] -> 0[9000] [receive] via NET/Socket/0 comm 0x561dd8dbcb40 nRanks 16
vcjob-2107910235463512066-abc12335-68921-worker-0:130:234 [0] NCCL INFO Channel 18/0 : 8[9000] -> 0[9000] [receive] via NET/Socket/0 comm 0x561dd8dbcb40 nRanks 16
vcjob-2107910235463512066-abc12335-68921-worker-0:130:234 [0] NCCL INFO Channel 19/0 : 8[9000] -> 0[9000] [receive] via NET/Socket/0 comm 0x561dd8dbcb40 nRanks 16
vcjob-2107910235463512066-abc12335-68921-worker-0:130:234 [0] NCCL INFO Channel 20/0 : 8[9000] -> 0[9000] [receive] via NET/Socket/0 comm 0x561dd8dbcb40 nRanks 16
vcjob-2107910235463512066-abc12335-68921-worker-0:130:234 [0] NCCL INFO Channel 21/0 : 8[9000] -> 0[9000] [receive] via NET/Socket/0 comm 0x561dd8dbcb40 nRanks 16
vcjob-2107910235463512066-abc12335-68921-worker-0:130:234 [0] NCCL INFO Channel 22/0 : 8[9000] -> 0[9000] [receive] via NET/Socket/0 comm 0x561dd8dbcb40 nRanks 16
vcjob-2107910235463512066-abc12335-68921-worker-0:130:234 [0] NCCL INFO Channel 23/0 : 8[9000] -> 0[9000] [receive] via NET/Socket/0 comm 0x561dd8dbcb40 nRanks 16
vcjob-2107910235463512066-abc12335-68921-worker-0:130:234 [0] NCCL INFO Channel 24/0 : 8[9000] -> 0[9000] [receive] via NET/Socket/0 comm 0x561dd8dbcb40 nRanks 16
vcjob-2107910235463512066-abc12335-68921-worker-0:130:234 [0] NCCL INFO Channel 25/0 : 8[9000] -> 0[9000] [receive] via NET/Socket/0 comm 0x561dd8dbcb40 nRanks 16
vcjob-2107910235463512066-abc12335-68921-worker-0:130:234 [0] NCCL INFO Channel 26/0 : 8[9000] -> 0[9000] [receive] via NET/Socket/0 comm 0x561dd8dbcb40 nRanks 16
vcjob-2107910235463512066-abc12335-68921-worker-0:130:234 [0] NCCL INFO Channel 27/0 : 8[9000] -> 0[9000] [receive] via NET/Socket/0 comm 0x561dd8dbcb40 nRanks 16
vcjob-2107910235463512066-abc12335-68921-worker-0:130:234 [0] NCCL INFO Channel 28/0 : 8[9000] -> 0[9000] [receive] via NET/Socket/0 comm 0x561dd8dbcb40 nRanks 16
vcjob-2107910235463512066-abc12335-68921-worker-0:130:234 [0] NCCL INFO Channel 29/0 : 8[9000] -> 0[9000] [receive] via NET/Socket/0 comm 0x561dd8dbcb40 nRanks 16
vcjob-2107910235463512066-abc12335-68921-worker-0:130:234 [0] NCCL INFO Channel 30/0 : 8[9000] -> 0[9000] [receive] via NET/Socket/0 comm 0x561dd8dbcb40 nRanks 16
vcjob-2107910235463512066-abc12335-68921-worker-0:130:234 [0] NCCL INFO Channel 31/0 : 8[9000] -> 0[9000] [receive] via NET/Socket/0 comm 0x561dd8dbcb40 nRanks 16
vcjob-2107910235463512066-abc12335-68921-worker-0:130:234 [0] NCCL INFO Channel 00/0 : 0[9000] -> 8[9000] [send] via NET/Socket/0 comm 0x561dd8dbcb40 nRanks 16
vcjob-2107910235463512066-abc12335-68921-worker-0:130:234 [0] NCCL INFO Channel 01/0 : 0[9000] -> 8[9000] [send] via NET/Socket/0 comm 0x561dd8dbcb40 nRanks 16
vcjob-2107910235463512066-abc12335-68921-worker-0:130:234 [0] NCCL INFO Channel 02/0 : 0[9000] -> 8[9000] [send] via NET/Socket/0 comm 0x561dd8dbcb40 nRanks 16
vcjob-2107910235463512066-abc12335-68921-worker-0:130:234 [0] NCCL INFO Channel 03/0 : 0[9000] -> 8[9000] [send] via NET/Socket/0 comm 0x561dd8dbcb40 nRanks 16
vcjob-2107910235463512066-abc12335-68921-worker-0:130:234 [0] NCCL INFO Channel 04/0 : 0[9000] -> 8[9000] [send] via NET/Socket/0 comm 0x561dd8dbcb40 nRanks 16
vcjob-2107910235463512066-abc12335-68921-worker-0:130:234 [0] NCCL INFO Channel 05/0 : 0[9000] -> 8[9000] [send] via NET/Socket/0 comm 0x561dd8dbcb40 nRanks 16
vcjob-2107910235463512066-abc12335-68921-worker-0:130:234 [0] NCCL INFO Channel 06/0 : 0[9000] -> 8[9000] [send] via NET/Socket/0 comm 0x561dd8dbcb40 nRanks 16
vcjob-2107910235463512066-abc12335-68921-worker-0:130:234 [0] NCCL INFO Channel 07/0 : 0[9000] -> 8[9000] [send] via NET/Socket/0 comm 0x561dd8dbcb40 nRanks 16
vcjob-2107910235463512066-abc12335-68921-worker-0:130:234 [0] NCCL INFO Channel 08/0 : 0[9000] -> 8[9000] [send] via NET/Socket/0 comm 0x561dd8dbcb40 nRanks 16
vcjob-2107910235463512066-abc12335-68921-worker-0:130:234 [0] NCCL INFO Channel 09/0 : 0[9000] -> 8[9000] [send] via NET/Socket/0 comm 0x561dd8dbcb40 nRanks 16
vcjob-2107910235463512066-abc12335-68921-worker-0:130:234 [0] NCCL INFO Channel 10/0 : 0[9000] -> 8[9000] [send] via NET/Socket/0 comm 0x561dd8dbcb40 nRanks 16
vcjob-2107910235463512066-abc12335-68921-worker-0:130:234 [0] NCCL INFO Channel 11/0 : 0[9000] -> 8[9000] [send] via NET/Socket/0 comm 0x561dd8dbcb40 nRanks 16
vcjob-2107910235463512066-abc12335-68921-worker-0:130:234 [0] NCCL INFO Channel 12/0 : 0[9000] -> 8[9000] [send] via NET/Socket/0 comm 0x561dd8dbcb40 nRanks 16
vcjob-2107910235463512066-abc12335-68921-worker-0:130:234 [0] NCCL INFO Channel 13/0 : 0[9000] -> 8[9000] [send] via NET/Socket/0 comm 0x561dd8dbcb40 nRanks 16
vcjob-2107910235463512066-abc12335-68921-worker-0:130:234 [0] NCCL INFO Channel 14/0 : 0[9000] -> 8[9000] [send] via NET/Socket/0 comm 0x561dd8dbcb40 nRanks 16
vcjob-2107910235463512066-abc12335-68921-worker-0:130:234 [0] NCCL INFO Channel 15/0 : 0[9000] -> 8[9000] [send] via NET/Socket/0 comm 0x561dd8dbcb40 nRanks 16
vcjob-2107910235463512066-abc12335-68921-worker-0:130:234 [0] NCCL INFO Channel 16/0 : 0[9000] -> 8[9000] [send] via NET/Socket/0 comm 0x561dd8dbcb40 nRanks 16
vcjob-2107910235463512066-abc12335-68921-worker-0:130:234 [0] NCCL INFO Channel 17/0 : 0[9000] -> 8[9000] [send] via NET/Socket/0 comm 0x561dd8dbcb40 nRanks 16
vcjob-2107910235463512066-abc12335-68921-worker-0:130:234 [0] NCCL INFO Channel 18/0 : 0[9000] -> 8[9000] [send] via NET/Socket/0 comm 0x561dd8dbcb40 nRanks 16
vcjob-2107910235463512066-abc12335-68921-worker-0:130:234 [0] NCCL INFO Channel 19/0 : 0[9000] -> 8[9000] [send] via NET/Socket/0 comm 0x561dd8dbcb40 nRanks 16
vcjob-2107910235463512066-abc12335-68921-worker-0:130:234 [0] NCCL INFO Channel 20/0 : 0[9000] -> 8[9000] [send] via NET/Socket/0 comm 0x561dd8dbcb40 nRanks 16
vcjob-2107910235463512066-abc12335-68921-worker-0:130:234 [0] NCCL INFO Channel 21/0 : 0[9000] -> 8[9000] [send] via NET/Socket/0 comm 0x561dd8dbcb40 nRanks 16
vcjob-2107910235463512066-abc12335-68921-worker-0:130:234 [0] NCCL INFO Channel 22/0 : 0[9000] -> 8[9000] [send] via NET/Socket/0 comm 0x561dd8dbcb40 nRanks 16
vcjob-2107910235463512066-abc12335-68921-worker-0:130:234 [0] NCCL INFO Channel 23/0 : 0[9000] -> 8[9000] [send] via NET/Socket/0 comm 0x561dd8dbcb40 nRanks 16
vcjob-2107910235463512066-abc12335-68921-worker-0:130:234 [0] NCCL INFO Channel 24/0 : 0[9000] -> 8[9000] [send] via NET/Socket/0 comm 0x561dd8dbcb40 nRanks 16
vcjob-2107910235463512066-abc12335-68921-worker-0:130:234 [0] NCCL INFO Channel 25/0 : 0[9000] -> 8[9000] [send] via NET/Socket/0 comm 0x561dd8dbcb40 nRanks 16
vcjob-2107910235463512066-abc12335-68921-worker-0:130:234 [0] NCCL INFO Channel 26/0 : 0[9000] -> 8[9000] [send] via NET/Socket/0 comm 0x561dd8dbcb40 nRanks 16
vcjob-2107910235463512066-abc12335-68921-worker-0:130:234 [0] NCCL INFO Channel 27/0 : 0[9000] -> 8[9000] [send] via NET/Socket/0 comm 0x561dd8dbcb40 nRanks 16
vcjob-2107910235463512066-abc12335-68921-worker-0:130:234 [0] NCCL INFO Channel 28/0 : 0[9000] -> 8[9000] [send] via NET/Socket/0 comm 0x561dd8dbcb40 nRanks 16
vcjob-2107910235463512066-abc12335-68921-worker-0:130:234 [0] NCCL INFO Channel 29/0 : 0[9000] -> 8[9000] [send] via NET/Socket/0 comm 0x561dd8dbcb40 nRanks 16
vcjob-2107910235463512066-abc12335-68921-worker-0:130:234 [0] NCCL INFO Channel 30/0 : 0[9000] -> 8[9000] [send] via NET/Socket/0 comm 0x561dd8dbcb40 nRanks 16
vcjob-2107910235463512066-abc12335-68921-worker-0:130:234 [0] NCCL INFO Channel 31/0 : 0[9000] -> 8[9000] [send] via NET/Socket/0 comm 0x561dd8dbcb40 nRanks 16
vcjob-2107910235463512066-abc12335-68921-worker-0:132:239 [2] NCCL INFO Connected all trees
vcjob-2107910235463512066-abc12335-68921-worker-0:132:239 [2] NCCL INFO threadThresholds 8/8/64 | 128/8/64 | 256 | 256
vcjob-2107910235463512066-abc12335-68921-worker-0:132:239 [2] NCCL INFO 32 coll channels, 32 collnet channels, 0 nvls channels, 32 p2p channels, 2 p2p channels per peer
vcjob-2107910235463512066-abc12335-68921-worker-0:130:234 [0] NCCL INFO Connected all trees
vcjob-2107910235463512066-abc12335-68921-worker-0:131:241 [1] NCCL INFO Connected all trees
vcjob-2107910235463512066-abc12335-68921-worker-0:131:241 [1] NCCL INFO threadThresholds 8/8/64 | 128/8/64 | 256 | 256
vcjob-2107910235463512066-abc12335-68921-worker-0:131:241 [1] NCCL INFO 32 coll channels, 32 collnet channels, 0 nvls channels, 32 p2p channels, 2 p2p channels per peer
vcjob-2107910235463512066-abc12335-68921-worker-0:130:234 [0] NCCL INFO threadThresholds 8/8/64 | 128/8/64 | 256 | 256
vcjob-2107910235463512066-abc12335-68921-worker-0:130:234 [0] NCCL INFO 32 coll channels, 32 collnet channels, 0 nvls channels, 32 p2p channels, 2 p2p channels per peer
vcjob-2107910235463512066-abc12335-68921-worker-0:130:234 [0] NCCL INFO CC Off, Multi-GPU CC Off, workFifoBytes 4194304
vcjob-2107910235463512066-abc12335-68921-worker-0:132:239 [2] NCCL INFO TUNER/Plugin: Could not find: librccl-tuner.so librccl-net.so. Using internal tuner plugin.
vcjob-2107910235463512066-abc12335-68921-worker-0:132:239 [2] NCCL INFO ncclCommInitRank comm 0x56493f759b40 rank 2 nranks 16 cudaDev 2 nvmlDev 2 busId 55000 commId 0x75f5d459c65086b0 localSize 480 used 282378608 bytes on core 40 - Init COMPLETE
vcjob-2107910235463512066-abc12335-68921-worker-0:134:240 [4] NCCL INFO TUNER/Plugin: Could not find: librccl-tuner.so librccl-net.so. Using internal tuner plugin.
vcjob-2107910235463512066-abc12335-68921-worker-0:134:240 [4] NCCL INFO ncclCommInitRank comm 0x55a5d017eb70 rank 4 nranks 16 cudaDev 4 nvmlDev 4 busId 85000 commId 0x75f5d459c65086b0 localSize 480 used 282378608 bytes on core 48 - Init COMPLETE
vcjob-2107910235463512066-abc12335-68921-worker-0:132:239 [2] NCCL INFO Init timings: rank 2 nranks 16 total 1.87 (kernels 0.08, bootstrap 0.37, allgathers 0.05, topo 0.94, graphs 0.00, connections 0.33, rest 0.10)
vcjob-2107910235463512066-abc12335-68921-worker-0:134:240 [4] NCCL INFO Init timings: rank 4 nranks 16 total 1.86 (kernels 0.07, bootstrap 0.37, allgathers 0.03, topo 0.96, graphs 0.00, connections 0.25, rest 0.18)
vcjob-2107910235463512066-abc12335-68921-worker-0:136:235 [6] NCCL INFO TUNER/Plugin: Could not find: librccl-tuner.so librccl-net.so. Using internal tuner plugin.
vcjob-2107910235463512066-abc12335-68921-worker-0:136:235 [6] NCCL INFO ncclCommInitRank comm 0x564677d40d70 rank 6 nranks 16 cudaDev 6 nvmlDev 6 busId d5000 commId 0x75f5d459c65086b0 localSize 480 used 282378608 bytes on core 104 - Init COMPLETE
vcjob-2107910235463512066-abc12335-68921-worker-0:136:235 [6] NCCL INFO Init timings: rank 6 nranks 16 total 1.89 (kernels 0.08, bootstrap 0.39, allgathers 0.04, topo 0.95, graphs 0.00, connections 0.24, rest 0.19)
I1008 03:05:58.828833   134 ProcessGroupNCCL.cpp:2890] [PG ID 0 PG GUID 0(default_pg) Rank 4] NCCL_DEBUG: INFO
I1008 03:05:58.828898   132 ProcessGroupNCCL.cpp:2890] [PG ID 0 PG GUID 0(default_pg) Rank 2] NCCL_DEBUG: INFO
I1008 03:05:58.828912   136 ProcessGroupNCCL.cpp:2890] [PG ID 0 PG GUID 0(default_pg) Rank 6] NCCL_DEBUG: INFO
vcjob-2107910235463512066-abc12335-68921-worker-0:130:234 [0] NCCL INFO TUNER/Plugin: Could not find: librccl-tuner.so librccl-net.so. Using internal tuner plugin.
vcjob-2107910235463512066-abc12335-68921-worker-0:131:241 [1] NCCL INFO TUNER/Plugin: Could not find: librccl-tuner.so librccl-net.so. Using internal tuner plugin.
vcjob-2107910235463512066-abc12335-68921-worker-0:131:241 [1] NCCL INFO ncclCommInitRank comm 0x5575bb133df0 rank 1 nranks 16 cudaDev 1 nvmlDev 1 busId 36000 commId 0x75f5d459c65086b0 localSize 480 used 282378608 bytes on core 53 - Init COMPLETE
vcjob-2107910235463512066-abc12335-68921-worker-0:130:234 [0] NCCL INFO ncclCommInitRank comm 0x561dd8dbcb40 rank 0 nranks 16 cudaDev 0 nvmlDev 0 busId 9000 commId 0x75f5d459c65086b0 localSize 480 used 225624432 bytes on core 8 - Init COMPLETE
vcjob-2107910235463512066-abc12335-68921-worker-0:131:241 [1] NCCL INFO Init timings: rank 1 nranks 16 total 1.85 (kernels 0.07, bootstrap 0.36, allgathers 0.08, topo 0.91, graphs 0.00, connections 0.42, rest 0.01)
vcjob-2107910235463512066-abc12335-68921-worker-0:130:234 [0] NCCL INFO Init timings: rank 0 nranks 16 total 1.89 (kernels 0.08, bootstrap 0.39, allgathers 0.00, topo 0.99, graphs 0.00, connections 0.42, rest 0.01)
vcjob-2107910235463512066-abc12335-68921-worker-0:135:236 [5] NCCL INFO TUNER/Plugin: Could not find: librccl-tuner.so librccl-net.so. Using internal tuner plugin.
vcjob-2107910235463512066-abc12335-68921-worker-0:135:236 [5] NCCL INFO ncclCommInitRank comm 0x564752be1e30 rank 5 nranks 16 cudaDev 5 nvmlDev 5 busId b5000 commId 0x75f5d459c65086b0 localSize 480 used 282378608 bytes on core 124 - Init COMPLETE
vcjob-2107910235463512066-abc12335-68921-worker-0:133:242 [3] NCCL INFO TUNER/Plugin: Could not find: librccl-tuner.so librccl-net.so. Using internal tuner plugin.
vcjob-2107910235463512066-abc12335-68921-worker-0:133:242 [3] NCCL INFO ncclCommInitRank comm 0x55ff0c099b30 rank 3 nranks 16 cudaDev 3 nvmlDev 3 busId 77000 commId 0x75f5d459c65086b0 localSize 480 used 282378608 bytes on core 16 - Init COMPLETE
vcjob-2107910235463512066-abc12335-68921-worker-0:135:236 [5] NCCL INFO Init timings: rank 5 nranks 16 total 1.89 (kernels 0.08, bootstrap 0.39, allgathers 0.09, topo 0.90, graphs 0.00, connections 0.24, rest 0.18)
vcjob-2107910235463512066-abc12335-68921-worker-0:133:242 [3] NCCL INFO Init timings: rank 3 nranks 16 total 1.85 (kernels 0.06, bootstrap 0.37, allgathers 0.07, topo 0.92, graphs 0.00, connections 0.25, rest 0.18)
vcjob-2107910235463512066-abc12335-68921-worker-0:137:237 [7] NCCL INFO TUNER/Plugin: Could not find: librccl-tuner.so librccl-net.so. Using internal tuner plugin.
I1008 03:05:58.829332   130 ProcessGroupNCCL.cpp:2890] [PG ID 0 PG GUID 0(default_pg) Rank 0] NCCL_DEBUG: INFO
vcjob-2107910235463512066-abc12335-68921-worker-0:137:237 [7] NCCL INFO ncclCommInitRank comm 0x564a29c49c30 rank 7 nranks 16 cudaDev 7 nvmlDev 7 busId f5000 commId 0x75f5d459c65086b0 localSize 480 used 215269744 bytes on core 112 - Init COMPLETE
I1008 03:05:58.829347   131 ProcessGroupNCCL.cpp:2890] [PG ID 0 PG GUID 0(default_pg) Rank 1] NCCL_DEBUG: INFO
vcjob-2107910235463512066-abc12335-68921-worker-0:137:237 [7] NCCL INFO Init timings: rank 7 nranks 16 total 1.89 (kernels 0.08, bootstrap 0.39, allgathers 0.03, topo 0.96, graphs 0.00, connections 0.24, rest 0.19)
I1008 03:05:58.829360   135 ProcessGroupNCCL.cpp:2890] [PG ID 0 PG GUID 0(default_pg) Rank 5] NCCL_DEBUG: INFO
I1008 03:05:58.829499   137 ProcessGroupNCCL.cpp:2890] [PG ID 0 PG GUID 0(default_pg) Rank 7] NCCL_DEBUG: INFO
I1008 03:05:58.829523   133 ProcessGroupNCCL.cpp:2890] [PG ID 0 PG GUID 0(default_pg) Rank 3] NCCL_DEBUG: INFO
/usr/local/lib/python3.11/site-packages/torch/distributed/distributed_c10d.py:4631: UserWarning: No device id is provided via `init_process_group` or `barrier `. Using the current device set by the user. 
  warnings.warn(  # warn only once
/usr/local/lib/python3.11/site-packages/torch/distributed/distributed_c10d.py:4631: UserWarning: No device id is provided via `init_process_group` or `barrier `. Using the current device set by the user. 
  warnings.warn(  # warn only once
/usr/local/lib/python3.11/site-packages/torch/distributed/distributed_c10d.py:4631: UserWarning: No device id is provided via `init_process_group` or `barrier `. Using the current device set by the user. 
  warnings.warn(  # warn only once
/usr/local/lib/python3.11/site-packages/torch/distributed/distributed_c10d.py:4631: UserWarning: No device id is provided via `init_process_group` or `barrier `. Using the current device set by the user. 
  warnings.warn(  # warn only once
/usr/local/lib/python3.11/site-packages/torch/distributed/distributed_c10d.py:4631: UserWarning: No device id is provided via `init_process_group` or `barrier `. Using the current device set by the user. 
  warnings.warn(  # warn only once
/usr/local/lib/python3.11/site-packages/torch/distributed/distributed_c10d.py:4631: UserWarning: No device id is provided via `init_process_group` or `barrier `. Using the current device set by the user. 
  warnings.warn(  # warn only once
/usr/local/lib/python3.11/site-packages/torch/distributed/distributed_c10d.py:4631: UserWarning: No device id is provided via `init_process_group` or `barrier `. Using the current device set by the user. 
  warnings.warn(  # warn only once
GEMM 8192x4096x8192 fp16: 2.00 ms (rank 0)
/usr/local/lib/python3.11/site-packages/torch/distributed/distributed_c10d.py:4631: UserWarning: No device id is provided via `init_process_group` or `barrier `. Using the current device set by the user. 
  warnings.warn(  # warn only once

vcjob-2107910235463512066-abc12335-68921-worker-0:130:130 [0] /data/jenkins_workspace/workspace/rccl_release/build/hipify/src/init.cc:170 NCCL WARN NUMA auto balancing enabled which can lead to variability in the RCCL performance! Disable by "sudo sysctl kernel.numa_balancing=0"
vcjob-2107910235463512066-abc12335-68921-worker-0:130:130 [0] NCCL INFO Kernel version: 5.15.0-25-generic

vcjob-2107910235463512066-abc12335-68921-worker-0:130:130 [0] /data/jenkins_workspace/workspace/rccl_release/build/hipify/src/init.cc:191 NCCL WARN Missing "iommu=pt" from kernel command line which can lead to system instablity or hang!
I1008 03:06:02.778438   130 ProcessGroupNCCL.cpp:2857] [PG ID 0 PG GUID 0(default_pg) Rank 0] ProcessGroupNCCL broadcast unique ID through store took 0.03027 ms
I1008 03:06:02.778468   130 NCCLUtils.cpp:75] Rank 0: creating NCCL communicator with mode: blocking

vcjob-2107910235463512066-abc12335-68921-worker-0:130:130 [0] /data/jenkins_workspace/workspace/rccl_release/build/hipify/src/init.cc:170 NCCL WARN NUMA auto balancing enabled which can lead to variability in the RCCL performance! Disable by "sudo sysctl kernel.numa_balancing=0"
vcjob-2107910235463512066-abc12335-68921-worker-0:130:130 [0] NCCL INFO Kernel version: 5.15.0-25-generic

vcjob-2107910235463512066-abc12335-68921-worker-0:130:130 [0] /data/jenkins_workspace/workspace/rccl_release/build/hipify/src/init.cc:191 NCCL WARN Missing "iommu=pt" from kernel command line which can lead to system instablity or hang!
vcjob-2107910235463512066-abc12335-68921-worker-0:130:130 [0] NCCL INFO Comm config Blocking set to 1
I1008 03:06:02.778939   131 ProcessGroupNCCL.cpp:2857] [PG ID 0 PG GUID 0(default_pg) Rank 1] ProcessGroupNCCL broadcast unique ID through store took 0.235572 ms
I1008 03:06:02.778988   131 NCCLUtils.cpp:75] Rank 1: creating NCCL communicator with mode: blocking

vcjob-2107910235463512066-abc12335-68921-worker-0:131:131 [1] /data/jenkins_workspace/workspace/rccl_release/build/hipify/src/init.cc:170 NCCL WARN NUMA auto balancing enabled which can lead to variability in the RCCL performance! Disable by "sudo sysctl kernel.numa_balancing=0"
vcjob-2107910235463512066-abc12335-68921-worker-0:130:6558 [0] NCCL INFO Using network Socket
vcjob-2107910235463512066-abc12335-68921-worker-0:131:131 [1] NCCL INFO Kernel version: 5.15.0-25-generic
vcjob-2107910235463512066-abc12335-68921-worker-0:130:6558 [0] NCCL INFO rocm_smi_lib: version 7.6.0.0

vcjob-2107910235463512066-abc12335-68921-worker-0:131:131 [1] /data/jenkins_workspace/workspace/rccl_release/build/hipify/src/init.cc:191 NCCL WARN Missing "iommu=pt" from kernel command line which can lead to system instablity or hang!
vcjob-2107910235463512066-abc12335-68921-worker-0:131:131 [1] NCCL INFO Comm config Blocking set to 1
vcjob-2107910235463512066-abc12335-68921-worker-0:131:6559 [1] NCCL INFO Using network Socket
vcjob-2107910235463512066-abc12335-68921-worker-0:131:6559 [1] NCCL INFO rocm_smi_lib: version 7.6.0.0
vcjob-2107910235463512066-abc12335-68921-worker-0:131:6559 [1] NCCL INFO ncclCommInitRank comm 0x5575de016c40 rank 1 nranks 2 cudaDev 1 nvmlDev 1 busId 36000 commId 0x23bc3d66ad95598d - Init START
vcjob-2107910235463512066-abc12335-68921-worker-0:130:6558 [0] NCCL INFO ncclCommInitRank comm 0x561dfbd1b830 rank 0 nranks 2 cudaDev 0 nvmlDev 0 busId 9000 commId 0x23bc3d66ad95598d - Init START
vcjob-2107910235463512066-abc12335-68921-worker-0:131:6559 [1] NCCL INFO rank:1 get match hsa dev domain:0x0 bdf:0x3600 rank busId:0x221184
vcjob-2107910235463512066-abc12335-68921-worker-0:130:6558 [0] NCCL INFO rank:0 get match hsa dev domain:0x0 bdf:0x900 rank busId:0x36864
vcjob-2107910235463512066-abc12335-68921-worker-0:131:6559 [1] NCCL INFO XDP Switch is off with xdp_size : 0
vcjob-2107910235463512066-abc12335-68921-worker-0:130:6558 [0] NCCL INFO XDP Switch is off with xdp_size : 0

vcjob-2107910235463512066-abc12335-68921-worker-0:131:6559 [1] /data/jenkins_workspace/workspace/rccl_release/build/hipify/src/graph/xml.cc:1211 NCCL WARN No IB NIC found, the generation of the basic topology has been terminated.

vcjob-2107910235463512066-abc12335-68921-worker-0:130:6558 [0] /data/jenkins_workspace/workspace/rccl_release/build/hipify/src/graph/xml.cc:1211 NCCL WARN No IB NIC found, the generation of the basic topology has been terminated.
vcjob-2107910235463512066-abc12335-68921-worker-0:130:6558 [0] NCCL INFO rocm_smi_lib: version 7.6.0.0
vcjob-2107910235463512066-abc12335-68921-worker-0:131:6559 [1] NCCL INFO rocm_smi_lib: version 7.6.0.0
vcjob-2107910235463512066-abc12335-68921-worker-0:130:6558 [0] NCCL INFO Setting affinity for GPU 0 to ffff
vcjob-2107910235463512066-abc12335-68921-worker-0:130:6558 [0] NCCL INFO Rank:0 Get link topo from rocmDev:0 linkNum:8 link:0 linkState:1 remote type:1 bdf:0x9b00 topoType:2
vcjob-2107910235463512066-abc12335-68921-worker-0:130:6558 [0] NCCL INFO Transport init rank 0 useXdp 0 linkTopoType 2
vcjob-2107910235463512066-abc12335-68921-worker-0:131:6559 [1] NCCL INFO Setting affinity for GPU 1 to ffff0000,00000000
vcjob-2107910235463512066-abc12335-68921-worker-0:131:6559 [1] NCCL INFO Rank:1 Get link topo from rocmDev:0 linkNum:8 link:0 linkState:1 remote type:1 bdf:0x9b00 topoType:2
vcjob-2107910235463512066-abc12335-68921-worker-0:131:6559 [1] NCCL INFO Transport init rank 1 useXdp 0 linkTopoType 2
vcjob-2107910235463512066-abc12335-68921-worker-0:131:6559 [1] NCCL INFO comm 0x5575de016c40 rank 1 nRanks 2 nNodes 1 localRanks 2 localRank 1 MNNVL 0
vcjob-2107910235463512066-abc12335-68921-worker-0:130:6558 [0] NCCL INFO comm 0x561dfbd1b830 rank 0 nRanks 2 nNodes 1 localRanks 2 localRank 0 MNNVL 0
vcjob-2107910235463512066-abc12335-68921-worker-0:130:6558 [0] NCCL INFO Channel 00/32 :    0   1
vcjob-2107910235463512066-abc12335-68921-worker-0:130:6558 [0] NCCL INFO Channel 01/32 :    0   1
vcjob-2107910235463512066-abc12335-68921-worker-0:130:6558 [0] NCCL INFO Channel 02/32 :    0   1
vcjob-2107910235463512066-abc12335-68921-worker-0:130:6558 [0] NCCL INFO Channel 03/32 :    0   1
vcjob-2107910235463512066-abc12335-68921-worker-0:130:6558 [0] NCCL INFO Channel 04/32 :    0   1
vcjob-2107910235463512066-abc12335-68921-worker-0:130:6558 [0] NCCL INFO Channel 05/32 :    0   1
vcjob-2107910235463512066-abc12335-68921-worker-0:130:6558 [0] NCCL INFO Channel 06/32 :    0   1
vcjob-2107910235463512066-abc12335-68921-worker-0:130:6558 [0] NCCL INFO Channel 07/32 :    0   1
vcjob-2107910235463512066-abc12335-68921-worker-0:130:6558 [0] NCCL INFO Channel 08/32 :    0   1
vcjob-2107910235463512066-abc12335-68921-worker-0:130:6558 [0] NCCL INFO Channel 09/32 :    0   1
vcjob-2107910235463512066-abc12335-68921-worker-0:130:6558 [0] NCCL INFO Channel 10/32 :    0   1
vcjob-2107910235463512066-abc12335-68921-worker-0:131:6559 [1] NCCL INFO Trees [0] -1/-1/-1->1->0 [1] -1/-1/-1->1->0 [2] -1/-1/-1->1->0 [3] 0/-1/-1->1->-1 [4] -1/-1/-1->1->0 [5] -1/-1/-1->1->0 [6] -1/-1/-1->1->0 [7] 0/-1/-1->1->-1 [8] -1/-1/-1->1->0 [9] -1/-1/-1->1->0 [10] -1/-1/-1->1->0 [11] 0/-1/-1->1->-1 [12] -1/-1/-1->1->0 [13] -1/-1/-1->1->0 [14] -1/-1/-1->1->0 [15] 0/-1/-1->1->-1 [16] -1/-1/-1->1->0 [17] -1/-1/-1->1->0 [18] -1/-1/-1->1->0 [19] 0/-1/-1->1->-1 [20] -1/-1/-1->1->0 [21] -1/-1/-1->1->0 [22] -1/-1/-1->1->0 [23] 0/-1/-1->1->-1 [24] -1/-1/-1->1->0 [25] -1/-1/-1->1->0 [26] -1/-1/-1->1->0 [27] 0/-1/-1->1->-1 [28] -1/-1/-1->1->0 [29] -1/-1/-1->1->0 [30] -1/-1/-1->1->0 [31] 0/-1/-1->1->-1 comm 0x5575de016c40 nRanks 02 busId 36000
vcjob-2107910235463512066-abc12335-68921-worker-0:130:6558 [0] NCCL INFO Channel 11/32 :    0   1
vcjob-2107910235463512066-abc12335-68921-worker-0:131:6559 [1] NCCL INFO P2P Chunksize set to 262144
vcjob-2107910235463512066-abc12335-68921-worker-0:130:6558 [0] NCCL INFO Channel 12/32 :    0   1
vcjob-2107910235463512066-abc12335-68921-worker-0:130:6558 [0] NCCL INFO Channel 13/32 :    0   1
vcjob-2107910235463512066-abc12335-68921-worker-0:131:6559 [1] NCCL INFO comm->autoPerPeerOn: 1, comm->p2pnChannels: 32, comm->p2pnChannelsPerPeer: 16
vcjob-2107910235463512066-abc12335-68921-worker-0:130:6558 [0] NCCL INFO Channel 14/32 :    0   1
vcjob-2107910235463512066-abc12335-68921-worker-0:130:6558 [0] NCCL INFO Channel 15/32 :    0   1
vcjob-2107910235463512066-abc12335-68921-worker-0:130:6558 [0] NCCL INFO Channel 16/32 :    0   1
vcjob-2107910235463512066-abc12335-68921-worker-0:130:6558 [0] NCCL INFO Channel 17/32 :    0   1
vcjob-2107910235463512066-abc12335-68921-worker-0:130:6558 [0] NCCL INFO Channel 18/32 :    0   1
vcjob-2107910235463512066-abc12335-68921-worker-0:130:6558 [0] NCCL INFO Channel 19/32 :    0   1
vcjob-2107910235463512066-abc12335-68921-worker-0:130:6558 [0] NCCL INFO Channel 20/32 :    0   1
vcjob-2107910235463512066-abc12335-68921-worker-0:130:6558 [0] NCCL INFO Channel 21/32 :    0   1
vcjob-2107910235463512066-abc12335-68921-worker-0:130:6558 [0] NCCL INFO Channel 22/32 :    0   1
vcjob-2107910235463512066-abc12335-68921-worker-0:130:6558 [0] NCCL INFO Channel 23/32 :    0   1
vcjob-2107910235463512066-abc12335-68921-worker-0:130:6558 [0] NCCL INFO Channel 24/32 :    0   1
vcjob-2107910235463512066-abc12335-68921-worker-0:130:6558 [0] NCCL INFO Channel 25/32 :    0   1
vcjob-2107910235463512066-abc12335-68921-worker-0:130:6558 [0] NCCL INFO Channel 26/32 :    0   1
vcjob-2107910235463512066-abc12335-68921-worker-0:130:6558 [0] NCCL INFO Channel 27/32 :    0   1
vcjob-2107910235463512066-abc12335-68921-worker-0:130:6558 [0] NCCL INFO Channel 28/32 :    0   1
vcjob-2107910235463512066-abc12335-68921-worker-0:130:6558 [0] NCCL INFO Channel 29/32 :    0   1
vcjob-2107910235463512066-abc12335-68921-worker-0:130:6558 [0] NCCL INFO Channel 30/32 :    0   1
vcjob-2107910235463512066-abc12335-68921-worker-0:130:6558 [0] NCCL INFO Channel 31/32 :    0   1
vcjob-2107910235463512066-abc12335-68921-worker-0:130:6558 [0] NCCL INFO Trees [0] 1/-1/-1->0->-1 [1] 1/-1/-1->0->-1 [2] 1/-1/-1->0->-1 [3] -1/-1/-1->0->1 [4] 1/-1/-1->0->-1 [5] 1/-1/-1->0->-1 [6] 1/-1/-1->0->-1 [7] -1/-1/-1->0->1 [8] 1/-1/-1->0->-1 [9] 1/-1/-1->0->-1 [10] 1/-1/-1->0->-1 [11] -1/-1/-1->0->1 [12] 1/-1/-1->0->-1 [13] 1/-1/-1->0->-1 [14] 1/-1/-1->0->-1 [15] -1/-1/-1->0->1 [16] 1/-1/-1->0->-1 [17] 1/-1/-1->0->-1 [18] 1/-1/-1->0->-1 [19] -1/-1/-1->0->1 [20] 1/-1/-1->0->-1 [21] 1/-1/-1->0->-1 [22] 1/-1/-1->0->-1 [23] -1/-1/-1->0->1 [24] 1/-1/-1->0->-1 [25] 1/-1/-1->0->-1 [26] 1/-1/-1->0->-1 [27] -1/-1/-1->0->1 [28] 1/-1/-1->0->-1 [29] 1/-1/-1->0->-1 [30] 1/-1/-1->0->-1 [31] -1/-1/-1->0->1 comm 0x561dfbd1b830 nRanks 02 busId 9000
vcjob-2107910235463512066-abc12335-68921-worker-0:130:6558 [0] NCCL INFO P2P Chunksize set to 262144
vcjob-2107910235463512066-abc12335-68921-worker-0:130:6558 [0] NCCL INFO comm->autoPerPeerOn: 1, comm->p2pnChannels: 32, comm->p2pnChannelsPerPeer: 16
vcjob-2107910235463512066-abc12335-68921-worker-0:130:6558 [0] NCCL INFO Channel 00/0 : 0[9000] -> 1[36000] via P2P/IPC comm 0x561dfbd1b830 nRanks 02
vcjob-2107910235463512066-abc12335-68921-worker-0:130:6558 [0] NCCL INFO Channel 01/0 : 0[9000] -> 1[36000] via P2P/IPC comm 0x561dfbd1b830 nRanks 02
vcjob-2107910235463512066-abc12335-68921-worker-0:130:6558 [0] NCCL INFO Channel 02/0 : 0[9000] -> 1[36000] via P2P/IPC comm 0x561dfbd1b830 nRanks 02
vcjob-2107910235463512066-abc12335-68921-worker-0:130:6558 [0] NCCL INFO Channel 03/0 : 0[9000] -> 1[36000] via P2P/IPC comm 0x561dfbd1b830 nRanks 02
vcjob-2107910235463512066-abc12335-68921-worker-0:130:6558 [0] NCCL INFO Channel 04/0 : 0[9000] -> 1[36000] via P2P/IPC comm 0x561dfbd1b830 nRanks 02
vcjob-2107910235463512066-abc12335-68921-worker-0:131:6559 [1] NCCL INFO Channel 00/0 : 1[36000] -> 0[9000] via P2P/IPC comm 0x5575de016c40 nRanks 02
vcjob-2107910235463512066-abc12335-68921-worker-0:130:6558 [0] NCCL INFO Channel 05/0 : 0[9000] -> 1[36000] via P2P/IPC comm 0x561dfbd1b830 nRanks 02
vcjob-2107910235463512066-abc12335-68921-worker-0:131:6559 [1] NCCL INFO Channel 01/0 : 1[36000] -> 0[9000] via P2P/IPC comm 0x5575de016c40 nRanks 02
vcjob-2107910235463512066-abc12335-68921-worker-0:130:6558 [0] NCCL INFO Channel 06/0 : 0[9000] -> 1[36000] via P2P/IPC comm 0x561dfbd1b830 nRanks 02
vcjob-2107910235463512066-abc12335-68921-worker-0:131:6559 [1] NCCL INFO Channel 02/0 : 1[36000] -> 0[9000] via P2P/IPC comm 0x5575de016c40 nRanks 02
vcjob-2107910235463512066-abc12335-68921-worker-0:130:6558 [0] NCCL INFO Channel 07/0 : 0[9000] -> 1[36000] via P2P/IPC comm 0x561dfbd1b830 nRanks 02
vcjob-2107910235463512066-abc12335-68921-worker-0:131:6559 [1] NCCL INFO Channel 03/0 : 1[36000] -> 0[9000] via P2P/IPC comm 0x5575de016c40 nRanks 02
vcjob-2107910235463512066-abc12335-68921-worker-0:130:6558 [0] NCCL INFO Channel 08/0 : 0[9000] -> 1[36000] via P2P/IPC comm 0x561dfbd1b830 nRanks 02
vcjob-2107910235463512066-abc12335-68921-worker-0:131:6559 [1] NCCL INFO Channel 04/0 : 1[36000] -> 0[9000] via P2P/IPC comm 0x5575de016c40 nRanks 02
vcjob-2107910235463512066-abc12335-68921-worker-0:130:6558 [0] NCCL INFO Channel 09/0 : 0[9000] -> 1[36000] via P2P/IPC comm 0x561dfbd1b830 nRanks 02
vcjob-2107910235463512066-abc12335-68921-worker-0:131:6559 [1] NCCL INFO Channel 05/0 : 1[36000] -> 0[9000] via P2P/IPC comm 0x5575de016c40 nRanks 02
vcjob-2107910235463512066-abc12335-68921-worker-0:130:6558 [0] NCCL INFO Channel 10/0 : 0[9000] -> 1[36000] via P2P/IPC comm 0x561dfbd1b830 nRanks 02
vcjob-2107910235463512066-abc12335-68921-worker-0:131:6559 [1] NCCL INFO Channel 06/0 : 1[36000] -> 0[9000] via P2P/IPC comm 0x5575de016c40 nRanks 02
vcjob-2107910235463512066-abc12335-68921-worker-0:130:6558 [0] NCCL INFO Channel 11/0 : 0[9000] -> 1[36000] via P2P/IPC comm 0x561dfbd1b830 nRanks 02
vcjob-2107910235463512066-abc12335-68921-worker-0:131:6559 [1] NCCL INFO Channel 07/0 : 1[36000] -> 0[9000] via P2P/IPC comm 0x5575de016c40 nRanks 02
vcjob-2107910235463512066-abc12335-68921-worker-0:130:6558 [0] NCCL INFO Channel 12/0 : 0[9000] -> 1[36000] via P2P/IPC comm 0x561dfbd1b830 nRanks 02
vcjob-2107910235463512066-abc12335-68921-worker-0:131:6559 [1] NCCL INFO Channel 08/0 : 1[36000] -> 0[9000] via P2P/IPC comm 0x5575de016c40 nRanks 02
vcjob-2107910235463512066-abc12335-68921-worker-0:130:6558 [0] NCCL INFO Channel 13/0 : 0[9000] -> 1[36000] via P2P/IPC comm 0x561dfbd1b830 nRanks 02
vcjob-2107910235463512066-abc12335-68921-worker-0:131:6559 [1] NCCL INFO Channel 09/0 : 1[36000] -> 0[9000] via P2P/IPC comm 0x5575de016c40 nRanks 02
vcjob-2107910235463512066-abc12335-68921-worker-0:130:6558 [0] NCCL INFO Channel 14/0 : 0[9000] -> 1[36000] via P2P/IPC comm 0x561dfbd1b830 nRanks 02
vcjob-2107910235463512066-abc12335-68921-worker-0:131:6559 [1] NCCL INFO Channel 10/0 : 1[36000] -> 0[9000] via P2P/IPC comm 0x5575de016c40 nRanks 02
vcjob-2107910235463512066-abc12335-68921-worker-0:130:6558 [0] NCCL INFO Channel 15/0 : 0[9000] -> 1[36000] via P2P/IPC comm 0x561dfbd1b830 nRanks 02
vcjob-2107910235463512066-abc12335-68921-worker-0:131:6559 [1] NCCL INFO Channel 11/0 : 1[36000] -> 0[9000] via P2P/IPC comm 0x5575de016c40 nRanks 02
vcjob-2107910235463512066-abc12335-68921-worker-0:130:6558 [0] NCCL INFO Channel 16/0 : 0[9000] -> 1[36000] via P2P/IPC comm 0x561dfbd1b830 nRanks 02
vcjob-2107910235463512066-abc12335-68921-worker-0:131:6559 [1] NCCL INFO Channel 12/0 : 1[36000] -> 0[9000] via P2P/IPC comm 0x5575de016c40 nRanks 02
vcjob-2107910235463512066-abc12335-68921-worker-0:131:6559 [1] NCCL INFO Channel 13/0 : 1[36000] -> 0[9000] via P2P/IPC comm 0x5575de016c40 nRanks 02
vcjob-2107910235463512066-abc12335-68921-worker-0:130:6558 [0] NCCL INFO Channel 17/0 : 0[9000] -> 1[36000] via P2P/IPC comm 0x561dfbd1b830 nRanks 02
vcjob-2107910235463512066-abc12335-68921-worker-0:131:6559 [1] NCCL INFO Channel 14/0 : 1[36000] -> 0[9000] via P2P/IPC comm 0x5575de016c40 nRanks 02
vcjob-2107910235463512066-abc12335-68921-worker-0:130:6558 [0] NCCL INFO Channel 18/0 : 0[9000] -> 1[36000] via P2P/IPC comm 0x561dfbd1b830 nRanks 02
vcjob-2107910235463512066-abc12335-68921-worker-0:131:6559 [1] NCCL INFO Channel 15/0 : 1[36000] -> 0[9000] via P2P/IPC comm 0x5575de016c40 nRanks 02
vcjob-2107910235463512066-abc12335-68921-worker-0:130:6558 [0] NCCL INFO Channel 19/0 : 0[9000] -> 1[36000] via P2P/IPC comm 0x561dfbd1b830 nRanks 02
vcjob-2107910235463512066-abc12335-68921-worker-0:131:6559 [1] NCCL INFO Channel 16/0 : 1[36000] -> 0[9000] via P2P/IPC comm 0x5575de016c40 nRanks 02
vcjob-2107910235463512066-abc12335-68921-worker-0:130:6558 [0] NCCL INFO Channel 20/0 : 0[9000] -> 1[36000] via P2P/IPC comm 0x561dfbd1b830 nRanks 02
vcjob-2107910235463512066-abc12335-68921-worker-0:130:6558 [0] NCCL INFO Channel 21/0 : 0[9000] -> 1[36000] via P2P/IPC comm 0x561dfbd1b830 nRanks 02
vcjob-2107910235463512066-abc12335-68921-worker-0:131:6559 [1] NCCL INFO Channel 17/0 : 1[36000] -> 0[9000] via P2P/IPC comm 0x5575de016c40 nRanks 02
vcjob-2107910235463512066-abc12335-68921-worker-0:130:6558 [0] NCCL INFO Channel 22/0 : 0[9000] -> 1[36000] via P2P/IPC comm 0x561dfbd1b830 nRanks 02
vcjob-2107910235463512066-abc12335-68921-worker-0:131:6559 [1] NCCL INFO Channel 18/0 : 1[36000] -> 0[9000] via P2P/IPC comm 0x5575de016c40 nRanks 02
vcjob-2107910235463512066-abc12335-68921-worker-0:130:6558 [0] NCCL INFO Channel 23/0 : 0[9000] -> 1[36000] via P2P/IPC comm 0x561dfbd1b830 nRanks 02
vcjob-2107910235463512066-abc12335-68921-worker-0:131:6559 [1] NCCL INFO Channel 19/0 : 1[36000] -> 0[9000] via P2P/IPC comm 0x5575de016c40 nRanks 02
vcjob-2107910235463512066-abc12335-68921-worker-0:130:6558 [0] NCCL INFO Channel 24/0 : 0[9000] -> 1[36000] via P2P/IPC comm 0x561dfbd1b830 nRanks 02
vcjob-2107910235463512066-abc12335-68921-worker-0:131:6559 [1] NCCL INFO Channel 20/0 : 1[36000] -> 0[9000] via P2P/IPC comm 0x5575de016c40 nRanks 02
vcjob-2107910235463512066-abc12335-68921-worker-0:130:6558 [0] NCCL INFO Channel 25/0 : 0[9000] -> 1[36000] via P2P/IPC comm 0x561dfbd1b830 nRanks 02
vcjob-2107910235463512066-abc12335-68921-worker-0:131:6559 [1] NCCL INFO Channel 21/0 : 1[36000] -> 0[9000] via P2P/IPC comm 0x5575de016c40 nRanks 02
vcjob-2107910235463512066-abc12335-68921-worker-0:130:6558 [0] NCCL INFO Channel 26/0 : 0[9000] -> 1[36000] via P2P/IPC comm 0x561dfbd1b830 nRanks 02
vcjob-2107910235463512066-abc12335-68921-worker-0:131:6559 [1] NCCL INFO Channel 22/0 : 1[36000] -> 0[9000] via P2P/IPC comm 0x5575de016c40 nRanks 02
vcjob-2107910235463512066-abc12335-68921-worker-0:130:6558 [0] NCCL INFO Channel 27/0 : 0[9000] -> 1[36000] via P2P/IPC comm 0x561dfbd1b830 nRanks 02
vcjob-2107910235463512066-abc12335-68921-worker-0:131:6559 [1] NCCL INFO Channel 23/0 : 1[36000] -> 0[9000] via P2P/IPC comm 0x5575de016c40 nRanks 02
vcjob-2107910235463512066-abc12335-68921-worker-0:130:6558 [0] NCCL INFO Channel 28/0 : 0[9000] -> 1[36000] via P2P/IPC comm 0x561dfbd1b830 nRanks 02
vcjob-2107910235463512066-abc12335-68921-worker-0:131:6559 [1] NCCL INFO Channel 24/0 : 1[36000] -> 0[9000] via P2P/IPC comm 0x5575de016c40 nRanks 02
vcjob-2107910235463512066-abc12335-68921-worker-0:130:6558 [0] NCCL INFO Channel 29/0 : 0[9000] -> 1[36000] via P2P/IPC comm 0x561dfbd1b830 nRanks 02
vcjob-2107910235463512066-abc12335-68921-worker-0:131:6559 [1] NCCL INFO Channel 25/0 : 1[36000] -> 0[9000] via P2P/IPC comm 0x5575de016c40 nRanks 02
vcjob-2107910235463512066-abc12335-68921-worker-0:130:6558 [0] NCCL INFO Channel 30/0 : 0[9000] -> 1[36000] via P2P/IPC comm 0x561dfbd1b830 nRanks 02
vcjob-2107910235463512066-abc12335-68921-worker-0:131:6559 [1] NCCL INFO Channel 26/0 : 1[36000] -> 0[9000] via P2P/IPC comm 0x5575de016c40 nRanks 02
vcjob-2107910235463512066-abc12335-68921-worker-0:130:6558 [0] NCCL INFO Channel 31/0 : 0[9000] -> 1[36000] via P2P/IPC comm 0x561dfbd1b830 nRanks 02
vcjob-2107910235463512066-abc12335-68921-worker-0:131:6559 [1] NCCL INFO Channel 27/0 : 1[36000] -> 0[9000] via P2P/IPC comm 0x5575de016c40 nRanks 02
vcjob-2107910235463512066-abc12335-68921-worker-0:131:6559 [1] NCCL INFO Channel 28/0 : 1[36000] -> 0[9000] via P2P/IPC comm 0x5575de016c40 nRanks 02
vcjob-2107910235463512066-abc12335-68921-worker-0:131:6559 [1] NCCL INFO Channel 29/0 : 1[36000] -> 0[9000] via P2P/IPC comm 0x5575de016c40 nRanks 02
vcjob-2107910235463512066-abc12335-68921-worker-0:131:6559 [1] NCCL INFO Channel 30/0 : 1[36000] -> 0[9000] via P2P/IPC comm 0x5575de016c40 nRanks 02
vcjob-2107910235463512066-abc12335-68921-worker-0:131:6559 [1] NCCL INFO Channel 31/0 : 1[36000] -> 0[9000] via P2P/IPC comm 0x5575de016c40 nRanks 02
vcjob-2107910235463512066-abc12335-68921-worker-0:130:6558 [0] NCCL INFO Connected all rings
vcjob-2107910235463512066-abc12335-68921-worker-0:131:6559 [1] NCCL INFO Connected all rings
vcjob-2107910235463512066-abc12335-68921-worker-0:130:6558 [0] NCCL INFO Connected all trees
vcjob-2107910235463512066-abc12335-68921-worker-0:131:6559 [1] NCCL INFO Connected all trees
vcjob-2107910235463512066-abc12335-68921-worker-0:131:6559 [1] NCCL INFO threadThresholds 8/8/64 | 16/8/64 | 256 | 256
vcjob-2107910235463512066-abc12335-68921-worker-0:131:6559 [1] NCCL INFO 32 coll channels, 32 collnet channels, 0 nvls channels, 32 p2p channels, 16 p2p channels per peer
vcjob-2107910235463512066-abc12335-68921-worker-0:130:6558 [0] NCCL INFO threadThresholds 8/8/64 | 16/8/64 | 256 | 256
vcjob-2107910235463512066-abc12335-68921-worker-0:130:6558 [0] NCCL INFO 32 coll channels, 32 collnet channels, 0 nvls channels, 32 p2p channels, 16 p2p channels per peer
vcjob-2107910235463512066-abc12335-68921-worker-0:130:6558 [0] NCCL INFO CC Off, Multi-GPU CC Off, workFifoBytes 4194304
vcjob-2107910235463512066-abc12335-68921-worker-0:131:6559 [1] NCCL INFO ncclCommInitRank comm 0x5575de016c40 rank 1 nranks 2 cudaDev 1 nvmlDev 1 busId 36000 commId 0x23bc3d66ad95598d localSize 480 used 440435680 bytes on core 56 - Init COMPLETE
vcjob-2107910235463512066-abc12335-68921-worker-0:131:6559 [1] NCCL INFO Init timings: rank 1 nranks 2 total 0.36 (kernels 0.00, bootstrap 0.07, allgathers 0.00, topo 0.21, graphs 0.00, connections 0.08, rest 0.00)
vcjob-2107910235463512066-abc12335-68921-worker-0:130:6558 [0] NCCL INFO ncclCommInitRank comm 0x561dfbd1b830 rank 0 nranks 2 cudaDev 0 nvmlDev 0 busId 9000 commId 0x23bc3d66ad95598d localSize 480 used 383681504 bytes on core 0 - Init COMPLETE
vcjob-2107910235463512066-abc12335-68921-worker-0:130:6558 [0] NCCL INFO Init timings: rank 0 nranks 2 total 0.36 (kernels 0.00, bootstrap 0.07, allgathers 0.02, topo 0.19, graphs 0.00, connections 0.08, rest 0.00)
I1008 03:06:03.143818   130 ProcessGroupNCCL.cpp:2890] [PG ID 0 PG GUID 0(default_pg) Rank 0] NCCL_DEBUG: INFO
I1008 03:06:03.143868   131 ProcessGroupNCCL.cpp:2890] [PG ID 0 PG GUID 0(default_pg) Rank 1] NCCL_DEBUG: INFO
vcjob-2107910235463512066-abc12335-68921-worker-0:131:6565 [1] NCCL INFO Channel 01/1 : 1[36000] -> 0[9000] via P2P/IPC comm 0x5575de016c40 nRanks 02
vcjob-2107910235463512066-abc12335-68921-worker-0:131:6565 [1] NCCL INFO Channel 03/1 : 1[36000] -> 0[9000] via P2P/IPC comm 0x5575de016c40 nRanks 02
vcjob-2107910235463512066-abc12335-68921-worker-0:131:6565 [1] NCCL INFO Channel 05/1 : 1[36000] -> 0[9000] via P2P/IPC comm 0x5575de016c40 nRanks 02
vcjob-2107910235463512066-abc12335-68921-worker-0:131:6565 [1] NCCL INFO Channel 07/1 : 1[36000] -> 0[9000] via P2P/IPC comm 0x5575de016c40 nRanks 02
vcjob-2107910235463512066-abc12335-68921-worker-0:131:6565 [1] NCCL INFO Channel 09/1 : 1[36000] -> 0[9000] via P2P/IPC comm 0x5575de016c40 nRanks 02
vcjob-2107910235463512066-abc12335-68921-worker-0:131:6565 [1] NCCL INFO Channel 11/1 : 1[36000] -> 0[9000] via P2P/IPC comm 0x5575de016c40 nRanks 02
vcjob-2107910235463512066-abc12335-68921-worker-0:131:6565 [1] NCCL INFO Channel 13/1 : 1[36000] -> 0[9000] via P2P/IPC comm 0x5575de016c40 nRanks 02
vcjob-2107910235463512066-abc12335-68921-worker-0:131:6565 [1] NCCL INFO Channel 15/1 : 1[36000] -> 0[9000] via P2P/IPC comm 0x5575de016c40 nRanks 02
vcjob-2107910235463512066-abc12335-68921-worker-0:131:6565 [1] NCCL INFO Channel 17/1 : 1[36000] -> 0[9000] via P2P/IPC comm 0x5575de016c40 nRanks 02
vcjob-2107910235463512066-abc12335-68921-worker-0:131:6565 [1] NCCL INFO Channel 19/1 : 1[36000] -> 0[9000] via P2P/IPC comm 0x5575de016c40 nRanks 02
vcjob-2107910235463512066-abc12335-68921-worker-0:131:6565 [1] NCCL INFO Channel 21/1 : 1[36000] -> 0[9000] via P2P/IPC comm 0x5575de016c40 nRanks 02
vcjob-2107910235463512066-abc12335-68921-worker-0:131:6565 [1] NCCL INFO Channel 23/1 : 1[36000] -> 0[9000] via P2P/IPC comm 0x5575de016c40 nRanks 02
vcjob-2107910235463512066-abc12335-68921-worker-0:131:6565 [1] NCCL INFO Channel 25/1 : 1[36000] -> 0[9000] via P2P/IPC comm 0x5575de016c40 nRanks 02
vcjob-2107910235463512066-abc12335-68921-worker-0:131:6565 [1] NCCL INFO Channel 27/1 : 1[36000] -> 0[9000] via P2P/IPC comm 0x5575de016c40 nRanks 02
vcjob-2107910235463512066-abc12335-68921-worker-0:131:6565 [1] NCCL INFO Channel 29/1 : 1[36000] -> 0[9000] via P2P/IPC comm 0x5575de016c40 nRanks 02
vcjob-2107910235463512066-abc12335-68921-worker-0:131:6565 [1] NCCL INFO Channel 31/1 : 1[36000] -> 0[9000] via P2P/IPC comm 0x5575de016c40 nRanks 02

vcjob-2107910235463512066-abc12335-68921-worker-0:130:130 [0] /data/jenkins_workspace/workspace/rccl_release/build/hipify/src/init.cc:170 NCCL WARN NUMA auto balancing enabled which can lead to variability in the RCCL performance! Disable by "sudo sysctl kernel.numa_balancing=0"
vcjob-2107910235463512066-abc12335-68921-worker-0:130:130 [0] NCCL INFO Kernel version: 5.15.0-25-generic

vcjob-2107910235463512066-abc12335-68921-worker-0:130:130 [0] /data/jenkins_workspace/workspace/rccl_release/build/hipify/src/init.cc:191 NCCL WARN Missing "iommu=pt" from kernel command line which can lead to system instablity or hang!
I1008 03:06:03.185181   130 ProcessGroupNCCL.cpp:2857] [PG ID 0 PG GUID 0(default_pg) Rank 0] ProcessGroupNCCL broadcast unique ID through store took 0.04619 ms
I1008 03:06:03.185205   130 NCCLUtils.cpp:75] Rank 0: creating NCCL communicator with mode: blocking

vcjob-2107910235463512066-abc12335-68921-worker-0:130:130 [0] /data/jenkins_workspace/workspace/rccl_release/build/hipify/src/init.cc:170 NCCL WARN NUMA auto balancing enabled which can lead to variability in the RCCL performance! Disable by "sudo sysctl kernel.numa_balancing=0"
vcjob-2107910235463512066-abc12335-68921-worker-0:130:130 [0] NCCL INFO Kernel version: 5.15.0-25-generic

vcjob-2107910235463512066-abc12335-68921-worker-0:130:130 [0] /data/jenkins_workspace/workspace/rccl_release/build/hipify/src/init.cc:191 NCCL WARN Missing "iommu=pt" from kernel command line which can lead to system instablity or hang!
I1008 03:06:03.185366   132 ProcessGroupNCCL.cpp:2857] [PG ID 0 PG GUID 0(default_pg) Rank 2] ProcessGroupNCCL broadcast unique ID through store took 407.021 ms
I1008 03:06:03.185397   132 NCCLUtils.cpp:75] Rank 1: creating NCCL communicator with mode: blocking

vcjob-2107910235463512066-abc12335-68921-worker-0:132:132 [2] /data/jenkins_workspace/workspace/rccl_release/build/hipify/src/init.cc:170 NCCL WARN NUMA auto balancing enabled which can lead to variability in the RCCL performance! Disable by "sudo sysctl kernel.numa_balancing=0"
vcjob-2107910235463512066-abc12335-68921-worker-0:132:132 [2] NCCL INFO Kernel version: 5.15.0-25-generic

vcjob-2107910235463512066-abc12335-68921-worker-0:132:132 [2] /data/jenkins_workspace/workspace/rccl_release/build/hipify/src/init.cc:191 NCCL WARN Missing "iommu=pt" from kernel command line which can lead to system instablity or hang!
vcjob-2107910235463512066-abc12335-68921-worker-0:130:130 [0] NCCL INFO Comm config Blocking set to 1
vcjob-2107910235463512066-abc12335-68921-worker-0:132:132 [2] NCCL INFO Comm config Blocking set to 1
vcjob-2107910235463512066-abc12335-68921-worker-0:130:6567 [0] NCCL INFO Using network Socket
vcjob-2107910235463512066-abc12335-68921-worker-0:130:6567 [0] NCCL INFO rocm_smi_lib: version 7.6.0.0
vcjob-2107910235463512066-abc12335-68921-worker-0:132:6568 [2] NCCL INFO Using network Socket
vcjob-2107910235463512066-abc12335-68921-worker-0:132:6568 [2] NCCL INFO rocm_smi_lib: version 7.6.0.0
vcjob-2107910235463512066-abc12335-68921-worker-0:130:6567 [0] NCCL INFO ncclCommInitRank comm 0x561dfbdd7010 rank 0 nranks 2 cudaDev 0 nvmlDev 0 busId 9000 commId 0x2de2fc13a25302cb - Init START
vcjob-2107910235463512066-abc12335-68921-worker-0:132:6568 [2] NCCL INFO ncclCommInitRank comm 0x564962640650 rank 1 nranks 2 cudaDev 2 nvmlDev 2 busId 55000 commId 0x2de2fc13a25302cb - Init START
vcjob-2107910235463512066-abc12335-68921-worker-0:132:6568 [2] NCCL INFO rank:1 get match hsa dev domain:0x0 bdf:0x5500 rank busId:0x348160
vcjob-2107910235463512066-abc12335-68921-worker-0:130:6567 [0] NCCL INFO rank:0 get match hsa dev domain:0x0 bdf:0x900 rank busId:0x36864
vcjob-2107910235463512066-abc12335-68921-worker-0:130:6567 [0] NCCL INFO XDP Switch is off with xdp_size : 0
vcjob-2107910235463512066-abc12335-68921-worker-0:132:6568 [2] NCCL INFO XDP Switch is off with xdp_size : 0

vcjob-2107910235463512066-abc12335-68921-worker-0:132:6568 [2] /data/jenkins_workspace/workspace/rccl_release/build/hipify/src/graph/xml.cc:1211 NCCL WARN No IB NIC found, the generation of the basic topology has been terminated.

vcjob-2107910235463512066-abc12335-68921-worker-0:130:6567 [0] /data/jenkins_workspace/workspace/rccl_release/build/hipify/src/graph/xml.cc:1211 NCCL WARN No IB NIC found, the generation of the basic topology has been terminated.
vcjob-2107910235463512066-abc12335-68921-worker-0:130:6567 [0] NCCL INFO rocm_smi_lib: version 7.6.0.0
vcjob-2107910235463512066-abc12335-68921-worker-0:132:6568 [2] NCCL INFO rocm_smi_lib: version 7.6.0.0
vcjob-2107910235463512066-abc12335-68921-worker-0:132:6568 [2] NCCL INFO Setting affinity for GPU 2 to ffff,00000000
vcjob-2107910235463512066-abc12335-68921-worker-0:132:6568 [2] NCCL INFO Rank:1 Get link topo from rocmDev:0 linkNum:8 link:0 linkState:1 remote type:1 bdf:0x9b00 topoType:2
vcjob-2107910235463512066-abc12335-68921-worker-0:132:6568 [2] NCCL INFO Transport init rank 1 useXdp 0 linkTopoType 2
vcjob-2107910235463512066-abc12335-68921-worker-0:130:6567 [0] NCCL INFO Setting affinity for GPU 0 to ffff
vcjob-2107910235463512066-abc12335-68921-worker-0:130:6567 [0] NCCL INFO Rank:0 Get link topo from rocmDev:0 linkNum:8 link:0 linkState:1 remote type:1 bdf:0x9b00 topoType:2
vcjob-2107910235463512066-abc12335-68921-worker-0:130:6567 [0] NCCL INFO Transport init rank 0 useXdp 0 linkTopoType 2
vcjob-2107910235463512066-abc12335-68921-worker-0:130:6567 [0] NCCL INFO comm 0x561dfbdd7010 rank 0 nRanks 2 nNodes 1 localRanks 2 localRank 0 MNNVL 0
vcjob-2107910235463512066-abc12335-68921-worker-0:132:6568 [2] NCCL INFO comm 0x564962640650 rank 1 nRanks 2 nNodes 1 localRanks 2 localRank 1 MNNVL 0
vcjob-2107910235463512066-abc12335-68921-worker-0:130:6567 [0] NCCL INFO Channel 00/32 :    0   1
vcjob-2107910235463512066-abc12335-68921-worker-0:130:6567 [0] NCCL INFO Channel 01/32 :    0   1
vcjob-2107910235463512066-abc12335-68921-worker-0:130:6567 [0] NCCL INFO Channel 02/32 :    0   1
vcjob-2107910235463512066-abc12335-68921-worker-0:130:6567 [0] NCCL INFO Channel 03/32 :    0   1
vcjob-2107910235463512066-abc12335-68921-worker-0:130:6567 [0] NCCL INFO Channel 04/32 :    0   1
vcjob-2107910235463512066-abc12335-68921-worker-0:130:6567 [0] NCCL INFO Channel 05/32 :    0   1
vcjob-2107910235463512066-abc12335-68921-worker-0:130:6567 [0] NCCL INFO Channel 06/32 :    0   1
vcjob-2107910235463512066-abc12335-68921-worker-0:130:6567 [0] NCCL INFO Channel 07/32 :    0   1
vcjob-2107910235463512066-abc12335-68921-worker-0:130:6567 [0] NCCL INFO Channel 08/32 :    0   1
vcjob-2107910235463512066-abc12335-68921-worker-0:130:6567 [0] NCCL INFO Channel 09/32 :    0   1
vcjob-2107910235463512066-abc12335-68921-worker-0:132:6568 [2] NCCL INFO Trees [0] -1/-1/-1->1->0 [1] -1/-1/-1->1->0 [2] -1/-1/-1->1->0 [3] 0/-1/-1->1->-1 [4] -1/-1/-1->1->0 [5] -1/-1/-1->1->0 [6] -1/-1/-1->1->0 [7] 0/-1/-1->1->-1 [8] -1/-1/-1->1->0 [9] -1/-1/-1->1->0 [10] -1/-1/-1->1->0 [11] 0/-1/-1->1->-1 [12] -1/-1/-1->1->0 [13] -1/-1/-1->1->0 [14] -1/-1/-1->1->0 [15] 0/-1/-1->1->-1 [16] -1/-1/-1->1->0 [17] -1/-1/-1->1->0 [18] -1/-1/-1->1->0 [19] 0/-1/-1->1->-1 [20] -1/-1/-1->1->0 [21] -1/-1/-1->1->0 [22] -1/-1/-1->1->0 [23] 0/-1/-1->1->-1 [24] -1/-1/-1->1->0 [25] -1/-1/-1->1->0 [26] -1/-1/-1->1->0 [27] 0/-1/-1->1->-1 [28] -1/-1/-1->1->0 [29] -1/-1/-1->1->0 [30] -1/-1/-1->1->0 [31] 0/-1/-1->1->-1 comm 0x564962640650 nRanks 02 busId 55000
vcjob-2107910235463512066-abc12335-68921-worker-0:130:6567 [0] NCCL INFO Channel 10/32 :    0   1
vcjob-2107910235463512066-abc12335-68921-worker-0:130:6567 [0] NCCL INFO Channel 11/32 :    0   1
vcjob-2107910235463512066-abc12335-68921-worker-0:132:6568 [2] NCCL INFO P2P Chunksize set to 262144
vcjob-2107910235463512066-abc12335-68921-worker-0:130:6567 [0] NCCL INFO Channel 12/32 :    0   1
vcjob-2107910235463512066-abc12335-68921-worker-0:132:6568 [2] NCCL INFO comm->autoPerPeerOn: 1, comm->p2pnChannels: 32, comm->p2pnChannelsPerPeer: 16
vcjob-2107910235463512066-abc12335-68921-worker-0:130:6567 [0] NCCL INFO Channel 13/32 :    0   1
vcjob-2107910235463512066-abc12335-68921-worker-0:130:6567 [0] NCCL INFO Channel 14/32 :    0   1
vcjob-2107910235463512066-abc12335-68921-worker-0:130:6567 [0] NCCL INFO Channel 15/32 :    0   1
vcjob-2107910235463512066-abc12335-68921-worker-0:130:6567 [0] NCCL INFO Channel 16/32 :    0   1
vcjob-2107910235463512066-abc12335-68921-worker-0:130:6567 [0] NCCL INFO Channel 17/32 :    0   1
vcjob-2107910235463512066-abc12335-68921-worker-0:130:6567 [0] NCCL INFO Channel 18/32 :    0   1
vcjob-2107910235463512066-abc12335-68921-worker-0:130:6567 [0] NCCL INFO Channel 19/32 :    0   1
vcjob-2107910235463512066-abc12335-68921-worker-0:130:6567 [0] NCCL INFO Channel 20/32 :    0   1
vcjob-2107910235463512066-abc12335-68921-worker-0:130:6567 [0] NCCL INFO Channel 21/32 :    0   1
vcjob-2107910235463512066-abc12335-68921-worker-0:130:6567 [0] NCCL INFO Channel 22/32 :    0   1
vcjob-2107910235463512066-abc12335-68921-worker-0:130:6567 [0] NCCL INFO Channel 23/32 :    0   1
vcjob-2107910235463512066-abc12335-68921-worker-0:130:6567 [0] NCCL INFO Channel 24/32 :    0   1
vcjob-2107910235463512066-abc12335-68921-worker-0:130:6567 [0] NCCL INFO Channel 25/32 :    0   1
vcjob-2107910235463512066-abc12335-68921-worker-0:130:6567 [0] NCCL INFO Channel 26/32 :    0   1
vcjob-2107910235463512066-abc12335-68921-worker-0:130:6567 [0] NCCL INFO Channel 27/32 :    0   1
vcjob-2107910235463512066-abc12335-68921-worker-0:130:6567 [0] NCCL INFO Channel 28/32 :    0   1
vcjob-2107910235463512066-abc12335-68921-worker-0:130:6567 [0] NCCL INFO Channel 29/32 :    0   1
vcjob-2107910235463512066-abc12335-68921-worker-0:130:6567 [0] NCCL INFO Channel 30/32 :    0   1
vcjob-2107910235463512066-abc12335-68921-worker-0:130:6567 [0] NCCL INFO Channel 31/32 :    0   1
vcjob-2107910235463512066-abc12335-68921-worker-0:130:6567 [0] NCCL INFO Trees [0] 1/-1/-1->0->-1 [1] 1/-1/-1->0->-1 [2] 1/-1/-1->0->-1 [3] -1/-1/-1->0->1 [4] 1/-1/-1->0->-1 [5] 1/-1/-1->0->-1 [6] 1/-1/-1->0->-1 [7] -1/-1/-1->0->1 [8] 1/-1/-1->0->-1 [9] 1/-1/-1->0->-1 [10] 1/-1/-1->0->-1 [11] -1/-1/-1->0->1 [12] 1/-1/-1->0->-1 [13] 1/-1/-1->0->-1 [14] 1/-1/-1->0->-1 [15] -1/-1/-1->0->1 [16] 1/-1/-1->0->-1 [17] 1/-1/-1->0->-1 [18] 1/-1/-1->0->-1 [19] -1/-1/-1->0->1 [20] 1/-1/-1->0->-1 [21] 1/-1/-1->0->-1 [22] 1/-1/-1->0->-1 [23] -1/-1/-1->0->1 [24] 1/-1/-1->0->-1 [25] 1/-1/-1->0->-1 [26] 1/-1/-1->0->-1 [27] -1/-1/-1->0->1 [28] 1/-1/-1->0->-1 [29] 1/-1/-1->0->-1 [30] 1/-1/-1->0->-1 [31] -1/-1/-1->0->1 comm 0x561dfbdd7010 nRanks 02 busId 9000
vcjob-2107910235463512066-abc12335-68921-worker-0:130:6567 [0] NCCL INFO P2P Chunksize set to 262144
vcjob-2107910235463512066-abc12335-68921-worker-0:130:6567 [0] NCCL INFO comm->autoPerPeerOn: 1, comm->p2pnChannels: 32, comm->p2pnChannelsPerPeer: 16
vcjob-2107910235463512066-abc12335-68921-worker-0:130:6567 [0] NCCL INFO Channel 00/0 : 0[9000] -> 1[55000] via P2P/IPC comm 0x561dfbdd7010 nRanks 02
vcjob-2107910235463512066-abc12335-68921-worker-0:130:6567 [0] NCCL INFO Channel 01/0 : 0[9000] -> 1[55000] via P2P/IPC comm 0x561dfbdd7010 nRanks 02
vcjob-2107910235463512066-abc12335-68921-worker-0:130:6567 [0] NCCL INFO Channel 02/0 : 0[9000] -> 1[55000] via P2P/IPC comm 0x561dfbdd7010 nRanks 02
vcjob-2107910235463512066-abc12335-68921-worker-0:130:6567 [0] NCCL INFO Channel 03/0 : 0[9000] -> 1[55000] via P2P/IPC comm 0x561dfbdd7010 nRanks 02
vcjob-2107910235463512066-abc12335-68921-worker-0:130:6567 [0] NCCL INFO Channel 04/0 : 0[9000] -> 1[55000] via P2P/IPC comm 0x561dfbdd7010 nRanks 02
vcjob-2107910235463512066-abc12335-68921-worker-0:130:6567 [0] NCCL INFO Channel 05/0 : 0[9000] -> 1[55000] via P2P/IPC comm 0x561dfbdd7010 nRanks 02
vcjob-2107910235463512066-abc12335-68921-worker-0:130:6567 [0] NCCL INFO Channel 06/0 : 0[9000] -> 1[55000] via P2P/IPC comm 0x561dfbdd7010 nRanks 02
vcjob-2107910235463512066-abc12335-68921-worker-0:130:6567 [0] NCCL INFO Channel 07/0 : 0[9000] -> 1[55000] via P2P/IPC comm 0x561dfbdd7010 nRanks 02
vcjob-2107910235463512066-abc12335-68921-worker-0:130:6567 [0] NCCL INFO Channel 08/0 : 0[9000] -> 1[55000] via P2P/IPC comm 0x561dfbdd7010 nRanks 02
vcjob-2107910235463512066-abc12335-68921-worker-0:130:6567 [0] NCCL INFO Channel 09/0 : 0[9000] -> 1[55000] via P2P/IPC comm 0x561dfbdd7010 nRanks 02
vcjob-2107910235463512066-abc12335-68921-worker-0:130:6567 [0] NCCL INFO Channel 10/0 : 0[9000] -> 1[55000] via P2P/IPC comm 0x561dfbdd7010 nRanks 02
vcjob-2107910235463512066-abc12335-68921-worker-0:130:6567 [0] NCCL INFO Channel 11/0 : 0[9000] -> 1[55000] via P2P/IPC comm 0x561dfbdd7010 nRanks 02
vcjob-2107910235463512066-abc12335-68921-worker-0:130:6567 [0] NCCL INFO Channel 12/0 : 0[9000] -> 1[55000] via P2P/IPC comm 0x561dfbdd7010 nRanks 02
vcjob-2107910235463512066-abc12335-68921-worker-0:130:6567 [0] NCCL INFO Channel 13/0 : 0[9000] -> 1[55000] via P2P/IPC comm 0x561dfbdd7010 nRanks 02
vcjob-2107910235463512066-abc12335-68921-worker-0:130:6567 [0] NCCL INFO Channel 14/0 : 0[9000] -> 1[55000] via P2P/IPC comm 0x561dfbdd7010 nRanks 02
vcjob-2107910235463512066-abc12335-68921-worker-0:130:6567 [0] NCCL INFO Channel 15/0 : 0[9000] -> 1[55000] via P2P/IPC comm 0x561dfbdd7010 nRanks 02
vcjob-2107910235463512066-abc12335-68921-worker-0:130:6567 [0] NCCL INFO Channel 16/0 : 0[9000] -> 1[55000] via P2P/IPC comm 0x561dfbdd7010 nRanks 02
vcjob-2107910235463512066-abc12335-68921-worker-0:130:6567 [0] NCCL INFO Channel 17/0 : 0[9000] -> 1[55000] via P2P/IPC comm 0x561dfbdd7010 nRanks 02
vcjob-2107910235463512066-abc12335-68921-worker-0:130:6567 [0] NCCL INFO Channel 18/0 : 0[9000] -> 1[55000] via P2P/IPC comm 0x561dfbdd7010 nRanks 02
vcjob-2107910235463512066-abc12335-68921-worker-0:130:6567 [0] NCCL INFO Channel 19/0 : 0[9000] -> 1[55000] via P2P/IPC comm 0x561dfbdd7010 nRanks 02
vcjob-2107910235463512066-abc12335-68921-worker-0:132:6568 [2] NCCL INFO Channel 00/0 : 1[55000] -> 0[9000] via P2P/IPC comm 0x564962640650 nRanks 02
vcjob-2107910235463512066-abc12335-68921-worker-0:130:6567 [0] NCCL INFO Channel 20/0 : 0[9000] -> 1[55000] via P2P/IPC comm 0x561dfbdd7010 nRanks 02
vcjob-2107910235463512066-abc12335-68921-worker-0:130:6567 [0] NCCL INFO Channel 21/0 : 0[9000] -> 1[55000] via P2P/IPC comm 0x561dfbdd7010 nRanks 02
vcjob-2107910235463512066-abc12335-68921-worker-0:132:6568 [2] NCCL INFO Channel 01/0 : 1[55000] -> 0[9000] via P2P/IPC comm 0x564962640650 nRanks 02
vcjob-2107910235463512066-abc12335-68921-worker-0:130:6567 [0] NCCL INFO Channel 22/0 : 0[9000] -> 1[55000] via P2P/IPC comm 0x561dfbdd7010 nRanks 02
vcjob-2107910235463512066-abc12335-68921-worker-0:132:6568 [2] NCCL INFO Channel 02/0 : 1[55000] -> 0[9000] via P2P/IPC comm 0x564962640650 nRanks 02
vcjob-2107910235463512066-abc12335-68921-worker-0:130:6567 [0] NCCL INFO Channel 23/0 : 0[9000] -> 1[55000] via P2P/IPC comm 0x561dfbdd7010 nRanks 02
vcjob-2107910235463512066-abc12335-68921-worker-0:132:6568 [2] NCCL INFO Channel 03/0 : 1[55000] -> 0[9000] via P2P/IPC comm 0x564962640650 nRanks 02
vcjob-2107910235463512066-abc12335-68921-worker-0:130:6567 [0] NCCL INFO Channel 24/0 : 0[9000] -> 1[55000] via P2P/IPC comm 0x561dfbdd7010 nRanks 02
vcjob-2107910235463512066-abc12335-68921-worker-0:132:6568 [2] NCCL INFO Channel 04/0 : 1[55000] -> 0[9000] via P2P/IPC comm 0x564962640650 nRanks 02
vcjob-2107910235463512066-abc12335-68921-worker-0:130:6567 [0] NCCL INFO Channel 25/0 : 0[9000] -> 1[55000] via P2P/IPC comm 0x561dfbdd7010 nRanks 02
vcjob-2107910235463512066-abc12335-68921-worker-0:130:6567 [0] NCCL INFO Channel 26/0 : 0[9000] -> 1[55000] via P2P/IPC comm 0x561dfbdd7010 nRanks 02
vcjob-2107910235463512066-abc12335-68921-worker-0:132:6568 [2] NCCL INFO Channel 05/0 : 1[55000] -> 0[9000] via P2P/IPC comm 0x564962640650 nRanks 02
vcjob-2107910235463512066-abc12335-68921-worker-0:130:6567 [0] NCCL INFO Channel 27/0 : 0[9000] -> 1[55000] via P2P/IPC comm 0x561dfbdd7010 nRanks 02
vcjob-2107910235463512066-abc12335-68921-worker-0:132:6568 [2] NCCL INFO Channel 06/0 : 1[55000] -> 0[9000] via P2P/IPC comm 0x564962640650 nRanks 02
vcjob-2107910235463512066-abc12335-68921-worker-0:130:6567 [0] NCCL INFO Channel 28/0 : 0[9000] -> 1[55000] via P2P/IPC comm 0x561dfbdd7010 nRanks 02
vcjob-2107910235463512066-abc12335-68921-worker-0:132:6568 [2] NCCL INFO Channel 07/0 : 1[55000] -> 0[9000] via P2P/IPC comm 0x564962640650 nRanks 02
vcjob-2107910235463512066-abc12335-68921-worker-0:130:6567 [0] NCCL INFO Channel 29/0 : 0[9000] -> 1[55000] via P2P/IPC comm 0x561dfbdd7010 nRanks 02
vcjob-2107910235463512066-abc12335-68921-worker-0:132:6568 [2] NCCL INFO Channel 08/0 : 1[55000] -> 0[9000] via P2P/IPC comm 0x564962640650 nRanks 02
vcjob-2107910235463512066-abc12335-68921-worker-0:130:6567 [0] NCCL INFO Channel 30/0 : 0[9000] -> 1[55000] via P2P/IPC comm 0x561dfbdd7010 nRanks 02
vcjob-2107910235463512066-abc12335-68921-worker-0:130:6567 [0] NCCL INFO Channel 31/0 : 0[9000] -> 1[55000] via P2P/IPC comm 0x561dfbdd7010 nRanks 02
vcjob-2107910235463512066-abc12335-68921-worker-0:132:6568 [2] NCCL INFO Channel 09/0 : 1[55000] -> 0[9000] via P2P/IPC comm 0x564962640650 nRanks 02
vcjob-2107910235463512066-abc12335-68921-worker-0:132:6568 [2] NCCL INFO Channel 10/0 : 1[55000] -> 0[9000] via P2P/IPC comm 0x564962640650 nRanks 02
vcjob-2107910235463512066-abc12335-68921-worker-0:132:6568 [2] NCCL INFO Channel 11/0 : 1[55000] -> 0[9000] via P2P/IPC comm 0x564962640650 nRanks 02
vcjob-2107910235463512066-abc12335-68921-worker-0:132:6568 [2] NCCL INFO Channel 12/0 : 1[55000] -> 0[9000] via P2P/IPC comm 0x564962640650 nRanks 02
vcjob-2107910235463512066-abc12335-68921-worker-0:132:6568 [2] NCCL INFO Channel 13/0 : 1[55000] -> 0[9000] via P2P/IPC comm 0x564962640650 nRanks 02
vcjob-2107910235463512066-abc12335-68921-worker-0:132:6568 [2] NCCL INFO Channel 14/0 : 1[55000] -> 0[9000] via P2P/IPC comm 0x564962640650 nRanks 02
vcjob-2107910235463512066-abc12335-68921-worker-0:132:6568 [2] NCCL INFO Channel 15/0 : 1[55000] -> 0[9000] via P2P/IPC comm 0x564962640650 nRanks 02
vcjob-2107910235463512066-abc12335-68921-worker-0:132:6568 [2] NCCL INFO Channel 16/0 : 1[55000] -> 0[9000] via P2P/IPC comm 0x564962640650 nRanks 02
vcjob-2107910235463512066-abc12335-68921-worker-0:132:6568 [2] NCCL INFO Channel 17/0 : 1[55000] -> 0[9000] via P2P/IPC comm 0x564962640650 nRanks 02
vcjob-2107910235463512066-abc12335-68921-worker-0:132:6568 [2] NCCL INFO Channel 18/0 : 1[55000] -> 0[9000] via P2P/IPC comm 0x564962640650 nRanks 02
vcjob-2107910235463512066-abc12335-68921-worker-0:132:6568 [2] NCCL INFO Channel 19/0 : 1[55000] -> 0[9000] via P2P/IPC comm 0x564962640650 nRanks 02
vcjob-2107910235463512066-abc12335-68921-worker-0:132:6568 [2] NCCL INFO Channel 20/0 : 1[55000] -> 0[9000] via P2P/IPC comm 0x564962640650 nRanks 02
vcjob-2107910235463512066-abc12335-68921-worker-0:132:6568 [2] NCCL INFO Channel 21/0 : 1[55000] -> 0[9000] via P2P/IPC comm 0x564962640650 nRanks 02
vcjob-2107910235463512066-abc12335-68921-worker-0:132:6568 [2] NCCL INFO Channel 22/0 : 1[55000] -> 0[9000] via P2P/IPC comm 0x564962640650 nRanks 02
vcjob-2107910235463512066-abc12335-68921-worker-0:132:6568 [2] NCCL INFO Channel 23/0 : 1[55000] -> 0[9000] via P2P/IPC comm 0x564962640650 nRanks 02
vcjob-2107910235463512066-abc12335-68921-worker-0:132:6568 [2] NCCL INFO Channel 24/0 : 1[55000] -> 0[9000] via P2P/IPC comm 0x564962640650 nRanks 02
vcjob-2107910235463512066-abc12335-68921-worker-0:132:6568 [2] NCCL INFO Channel 25/0 : 1[55000] -> 0[9000] via P2P/IPC comm 0x564962640650 nRanks 02
vcjob-2107910235463512066-abc12335-68921-worker-0:132:6568 [2] NCCL INFO Channel 26/0 : 1[55000] -> 0[9000] via P2P/IPC comm 0x564962640650 nRanks 02
vcjob-2107910235463512066-abc12335-68921-worker-0:132:6568 [2] NCCL INFO Channel 27/0 : 1[55000] -> 0[9000] via P2P/IPC comm 0x564962640650 nRanks 02
vcjob-2107910235463512066-abc12335-68921-worker-0:132:6568 [2] NCCL INFO Channel 28/0 : 1[55000] -> 0[9000] via P2P/IPC comm 0x564962640650 nRanks 02
vcjob-2107910235463512066-abc12335-68921-worker-0:132:6568 [2] NCCL INFO Channel 29/0 : 1[55000] -> 0[9000] via P2P/IPC comm 0x564962640650 nRanks 02
vcjob-2107910235463512066-abc12335-68921-worker-0:132:6568 [2] NCCL INFO Channel 30/0 : 1[55000] -> 0[9000] via P2P/IPC comm 0x564962640650 nRanks 02
vcjob-2107910235463512066-abc12335-68921-worker-0:132:6568 [2] NCCL INFO Channel 31/0 : 1[55000] -> 0[9000] via P2P/IPC comm 0x564962640650 nRanks 02
vcjob-2107910235463512066-abc12335-68921-worker-0:132:6568 [2] NCCL INFO Connected all rings
vcjob-2107910235463512066-abc12335-68921-worker-0:130:6567 [0] NCCL INFO Connected all rings
vcjob-2107910235463512066-abc12335-68921-worker-0:132:6568 [2] NCCL INFO Connected all trees
vcjob-2107910235463512066-abc12335-68921-worker-0:132:6568 [2] NCCL INFO threadThresholds 8/8/64 | 16/8/64 | 256 | 256
vcjob-2107910235463512066-abc12335-68921-worker-0:132:6568 [2] NCCL INFO 32 coll channels, 32 collnet channels, 0 nvls channels, 32 p2p channels, 16 p2p channels per peer
vcjob-2107910235463512066-abc12335-68921-worker-0:130:6567 [0] NCCL INFO Connected all trees
vcjob-2107910235463512066-abc12335-68921-worker-0:130:6567 [0] NCCL INFO threadThresholds 8/8/64 | 16/8/64 | 256 | 256
vcjob-2107910235463512066-abc12335-68921-worker-0:130:6567 [0] NCCL INFO 32 coll channels, 32 collnet channels, 0 nvls channels, 32 p2p channels, 16 p2p channels per peer
vcjob-2107910235463512066-abc12335-68921-worker-0:130:6567 [0] NCCL INFO CC Off, Multi-GPU CC Off, workFifoBytes 4194304
vcjob-2107910235463512066-abc12335-68921-worker-0:130:6567 [0] NCCL INFO ncclCommInitRank comm 0x561dfbdd7010 rank 0 nranks 2 cudaDev 0 nvmlDev 0 busId 9000 commId 0x2de2fc13a25302cb localSize 480 used 586892880 bytes on core 0 - Init COMPLETE
vcjob-2107910235463512066-abc12335-68921-worker-0:130:6567 [0] NCCL INFO Init timings: rank 0 nranks 2 total 0.33 (kernels 0.00, bootstrap 0.03, allgathers 0.00, topo 0.20, graphs 0.00, connections 0.09, rest 0.00)
vcjob-2107910235463512066-abc12335-68921-worker-0:132:6568 [2] NCCL INFO ncclCommInitRank comm 0x564962640650 rank 1 nranks 2 cudaDev 2 nvmlDev 2 busId 55000 commId 0x2de2fc13a25302cb localSize 480 used 440435680 bytes on core 32 - Init COMPLETE
vcjob-2107910235463512066-abc12335-68921-worker-0:132:6568 [2] NCCL INFO Init timings: rank 1 nranks 2 total 0.33 (kernels 0.00, bootstrap 0.03, allgathers 0.01, topo 0.19, graphs 0.00, connections 0.09, rest 0.00)
I1008 03:06:03.513777   130 ProcessGroupNCCL.cpp:2890] [PG ID 0 PG GUID 0(default_pg) Rank 0] NCCL_DEBUG: INFO
I1008 03:06:03.513856   132 ProcessGroupNCCL.cpp:2890] [PG ID 0 PG GUID 0(default_pg) Rank 2] NCCL_DEBUG: INFO
vcjob-2107910235463512066-abc12335-68921-worker-0:132:6574 [2] NCCL INFO Channel 01/1 : 1[55000] -> 0[9000] via P2P/IPC comm 0x564962640650 nRanks 02
vcjob-2107910235463512066-abc12335-68921-worker-0:132:6574 [2] NCCL INFO Channel 03/1 : 1[55000] -> 0[9000] via P2P/IPC comm 0x564962640650 nRanks 02
vcjob-2107910235463512066-abc12335-68921-worker-0:132:6574 [2] NCCL INFO Channel 05/1 : 1[55000] -> 0[9000] via P2P/IPC comm 0x564962640650 nRanks 02
vcjob-2107910235463512066-abc12335-68921-worker-0:132:6574 [2] NCCL INFO Channel 07/1 : 1[55000] -> 0[9000] via P2P/IPC comm 0x564962640650 nRanks 02
vcjob-2107910235463512066-abc12335-68921-worker-0:132:6574 [2] NCCL INFO Channel 09/1 : 1[55000] -> 0[9000] via P2P/IPC comm 0x564962640650 nRanks 02
vcjob-2107910235463512066-abc12335-68921-worker-0:132:6574 [2] NCCL INFO Channel 11/1 : 1[55000] -> 0[9000] via P2P/IPC comm 0x564962640650 nRanks 02
vcjob-2107910235463512066-abc12335-68921-worker-0:132:6574 [2] NCCL INFO Channel 13/1 : 1[55000] -> 0[9000] via P2P/IPC comm 0x564962640650 nRanks 02
vcjob-2107910235463512066-abc12335-68921-worker-0:132:6574 [2] NCCL INFO Channel 15/1 : 1[55000] -> 0[9000] via P2P/IPC comm 0x564962640650 nRanks 02
vcjob-2107910235463512066-abc12335-68921-worker-0:132:6574 [2] NCCL INFO Channel 17/1 : 1[55000] -> 0[9000] via P2P/IPC comm 0x564962640650 nRanks 02
vcjob-2107910235463512066-abc12335-68921-worker-0:132:6574 [2] NCCL INFO Channel 19/1 : 1[55000] -> 0[9000] via P2P/IPC comm 0x564962640650 nRanks 02
vcjob-2107910235463512066-abc12335-68921-worker-0:132:6574 [2] NCCL INFO Channel 21/1 : 1[55000] -> 0[9000] via P2P/IPC comm 0x564962640650 nRanks 02
vcjob-2107910235463512066-abc12335-68921-worker-0:132:6574 [2] NCCL INFO Channel 23/1 : 1[55000] -> 0[9000] via P2P/IPC comm 0x564962640650 nRanks 02
vcjob-2107910235463512066-abc12335-68921-worker-0:132:6574 [2] NCCL INFO Channel 25/1 : 1[55000] -> 0[9000] via P2P/IPC comm 0x564962640650 nRanks 02
vcjob-2107910235463512066-abc12335-68921-worker-0:132:6574 [2] NCCL INFO Channel 27/1 : 1[55000] -> 0[9000] via P2P/IPC comm 0x564962640650 nRanks 02
vcjob-2107910235463512066-abc12335-68921-worker-0:132:6574 [2] NCCL INFO Channel 29/1 : 1[55000] -> 0[9000] via P2P/IPC comm 0x564962640650 nRanks 02
vcjob-2107910235463512066-abc12335-68921-worker-0:132:6574 [2] NCCL INFO Channel 31/1 : 1[55000] -> 0[9000] via P2P/IPC comm 0x564962640650 nRanks 02

vcjob-2107910235463512066-abc12335-68921-worker-0:130:130 [0] /data/jenkins_workspace/workspace/rccl_release/build/hipify/src/init.cc:170 NCCL WARN NUMA auto balancing enabled which can lead to variability in the RCCL performance! Disable by "sudo sysctl kernel.numa_balancing=0"
vcjob-2107910235463512066-abc12335-68921-worker-0:130:130 [0] NCCL INFO Kernel version: 5.15.0-25-generic

vcjob-2107910235463512066-abc12335-68921-worker-0:130:130 [0] /data/jenkins_workspace/workspace/rccl_release/build/hipify/src/init.cc:191 NCCL WARN Missing "iommu=pt" from kernel command line which can lead to system instablity or hang!
I1008 03:06:03.553297   130 ProcessGroupNCCL.cpp:2857] [PG ID 0 PG GUID 0(default_pg) Rank 0] ProcessGroupNCCL broadcast unique ID through store took 0.096581 ms
I1008 03:06:03.553331   130 NCCLUtils.cpp:75] Rank 0: creating NCCL communicator with mode: blocking

vcjob-2107910235463512066-abc12335-68921-worker-0:130:130 [0] /data/jenkins_workspace/workspace/rccl_release/build/hipify/src/init.cc:170 NCCL WARN NUMA auto balancing enabled which can lead to variability in the RCCL performance! Disable by "sudo sysctl kernel.numa_balancing=0"
vcjob-2107910235463512066-abc12335-68921-worker-0:130:130 [0] NCCL INFO Kernel version: 5.15.0-25-generic

vcjob-2107910235463512066-abc12335-68921-worker-0:130:130 [0] /data/jenkins_workspace/workspace/rccl_release/build/hipify/src/init.cc:191 NCCL WARN Missing "iommu=pt" from kernel command line which can lead to system instablity or hang!
I1008 03:06:03.553473   133 ProcessGroupNCCL.cpp:2857] [PG ID 0 PG GUID 0(default_pg) Rank 3] ProcessGroupNCCL broadcast unique ID through store took 775.303 ms
I1008 03:06:03.553540   133 NCCLUtils.cpp:75] Rank 1: creating NCCL communicator with mode: blocking

vcjob-2107910235463512066-abc12335-68921-worker-0:133:133 [3] /data/jenkins_workspace/workspace/rccl_release/build/hipify/src/init.cc:170 NCCL WARN NUMA auto balancing enabled which can lead to variability in the RCCL performance! Disable by "sudo sysctl kernel.numa_balancing=0"
vcjob-2107910235463512066-abc12335-68921-worker-0:133:133 [3] NCCL INFO Kernel version: 5.15.0-25-generic

vcjob-2107910235463512066-abc12335-68921-worker-0:133:133 [3] /data/jenkins_workspace/workspace/rccl_release/build/hipify/src/init.cc:191 NCCL WARN Missing "iommu=pt" from kernel command line which can lead to system instablity or hang!
vcjob-2107910235463512066-abc12335-68921-worker-0:133:133 [3] NCCL INFO Comm config Blocking set to 1
vcjob-2107910235463512066-abc12335-68921-worker-0:133:6576 [3] NCCL INFO Using network Socket
vcjob-2107910235463512066-abc12335-68921-worker-0:133:6576 [3] NCCL INFO rocm_smi_lib: version 7.6.0.0
vcjob-2107910235463512066-abc12335-68921-worker-0:130:130 [0] NCCL INFO Comm config Blocking set to 1
vcjob-2107910235463512066-abc12335-68921-worker-0:130:6577 [0] NCCL INFO Using network Socket
vcjob-2107910235463512066-abc12335-68921-worker-0:130:6577 [0] NCCL INFO rocm_smi_lib: version 7.6.0.0
vcjob-2107910235463512066-abc12335-68921-worker-0:133:6576 [3] NCCL INFO ncclCommInitRank comm 0x55ff2ef7c770 rank 1 nranks 2 cudaDev 3 nvmlDev 3 busId 77000 commId 0x470f5546529284c - Init START
vcjob-2107910235463512066-abc12335-68921-worker-0:130:6577 [0] NCCL INFO ncclCommInitRank comm 0x561dfbe927f0 rank 0 nranks 2 cudaDev 0 nvmlDev 0 busId 9000 commId 0x470f5546529284c - Init START
vcjob-2107910235463512066-abc12335-68921-worker-0:130:6577 [0] NCCL INFO rank:0 get match hsa dev domain:0x0 bdf:0x900 rank busId:0x36864
vcjob-2107910235463512066-abc12335-68921-worker-0:133:6576 [3] NCCL INFO rank:1 get match hsa dev domain:0x0 bdf:0x7700 rank busId:0x487424
vcjob-2107910235463512066-abc12335-68921-worker-0:133:6576 [3] NCCL INFO XDP Switch is off with xdp_size : 0
vcjob-2107910235463512066-abc12335-68921-worker-0:130:6577 [0] NCCL INFO XDP Switch is off with xdp_size : 0

vcjob-2107910235463512066-abc12335-68921-worker-0:133:6576 [3] /data/jenkins_workspace/workspace/rccl_release/build/hipify/src/graph/xml.cc:1211 NCCL WARN No IB NIC found, the generation of the basic topology has been terminated.

vcjob-2107910235463512066-abc12335-68921-worker-0:130:6577 [0] /data/jenkins_workspace/workspace/rccl_release/build/hipify/src/graph/xml.cc:1211 NCCL WARN No IB NIC found, the generation of the basic topology has been terminated.
vcjob-2107910235463512066-abc12335-68921-worker-0:130:6577 [0] NCCL INFO rocm_smi_lib: version 7.6.0.0
vcjob-2107910235463512066-abc12335-68921-worker-0:133:6576 [3] NCCL INFO rocm_smi_lib: version 7.6.0.0
vcjob-2107910235463512066-abc12335-68921-worker-0:130:6577 [0] NCCL INFO Setting affinity for GPU 0 to ffff
vcjob-2107910235463512066-abc12335-68921-worker-0:130:6577 [0] NCCL INFO Rank:0 Get link topo from rocmDev:0 linkNum:8 link:0 linkState:1 remote type:1 bdf:0x9b00 topoType:2
vcjob-2107910235463512066-abc12335-68921-worker-0:130:6577 [0] NCCL INFO Transport init rank 0 useXdp 0 linkTopoType 2
vcjob-2107910235463512066-abc12335-68921-worker-0:133:6576 [3] NCCL INFO Setting affinity for GPU 3 to ffff0000
vcjob-2107910235463512066-abc12335-68921-worker-0:133:6576 [3] NCCL INFO Rank:1 Get link topo from rocmDev:0 linkNum:8 link:0 linkState:1 remote type:1 bdf:0x9b00 topoType:2
vcjob-2107910235463512066-abc12335-68921-worker-0:133:6576 [3] NCCL INFO Transport init rank 1 useXdp 0 linkTopoType 2
vcjob-2107910235463512066-abc12335-68921-worker-0:130:6577 [0] NCCL INFO comm 0x561dfbe927f0 rank 0 nRanks 2 nNodes 1 localRanks 2 localRank 0 MNNVL 0
vcjob-2107910235463512066-abc12335-68921-worker-0:133:6576 [3] NCCL INFO comm 0x55ff2ef7c770 rank 1 nRanks 2 nNodes 1 localRanks 2 localRank 1 MNNVL 0
vcjob-2107910235463512066-abc12335-68921-worker-0:130:6577 [0] NCCL INFO Channel 00/32 :    0   1
vcjob-2107910235463512066-abc12335-68921-worker-0:130:6577 [0] NCCL INFO Channel 01/32 :    0   1
vcjob-2107910235463512066-abc12335-68921-worker-0:130:6577 [0] NCCL INFO Channel 02/32 :    0   1
vcjob-2107910235463512066-abc12335-68921-worker-0:130:6577 [0] NCCL INFO Channel 03/32 :    0   1
vcjob-2107910235463512066-abc12335-68921-worker-0:130:6577 [0] NCCL INFO Channel 04/32 :    0   1
vcjob-2107910235463512066-abc12335-68921-worker-0:130:6577 [0] NCCL INFO Channel 05/32 :    0   1
vcjob-2107910235463512066-abc12335-68921-worker-0:133:6576 [3] NCCL INFO Trees [0] -1/-1/-1->1->0 [1] -1/-1/-1->1->0 [2] -1/-1/-1->1->0 [3] 0/-1/-1->1->-1 [4] -1/-1/-1->1->0 [5] -1/-1/-1->1->0 [6] -1/-1/-1->1->0 [7] 0/-1/-1->1->-1 [8] -1/-1/-1->1->0 [9] -1/-1/-1->1->0 [10] -1/-1/-1->1->0 [11] 0/-1/-1->1->-1 [12] -1/-1/-1->1->0 [13] -1/-1/-1->1->0 [14] -1/-1/-1->1->0 [15] 0/-1/-1->1->-1 [16] -1/-1/-1->1->0 [17] -1/-1/-1->1->0 [18] -1/-1/-1->1->0 [19] 0/-1/-1->1->-1 [20] -1/-1/-1->1->0 [21] -1/-1/-1->1->0 [22] -1/-1/-1->1->0 [23] 0/-1/-1->1->-1 [24] -1/-1/-1->1->0 [25] -1/-1/-1->1->0 [26] -1/-1/-1->1->0 [27] 0/-1/-1->1->-1 [28] -1/-1/-1->1->0 [29] -1/-1/-1->1->0 [30] -1/-1/-1->1->0 [31] 0/-1/-1->1->-1 comm 0x55ff2ef7c770 nRanks 02 busId 77000
vcjob-2107910235463512066-abc12335-68921-worker-0:130:6577 [0] NCCL INFO Channel 06/32 :    0   1
vcjob-2107910235463512066-abc12335-68921-worker-0:133:6576 [3] NCCL INFO P2P Chunksize set to 262144
vcjob-2107910235463512066-abc12335-68921-worker-0:130:6577 [0] NCCL INFO Channel 07/32 :    0   1
vcjob-2107910235463512066-abc12335-68921-worker-0:133:6576 [3] NCCL INFO comm->autoPerPeerOn: 1, comm->p2pnChannels: 32, comm->p2pnChannelsPerPeer: 16
vcjob-2107910235463512066-abc12335-68921-worker-0:130:6577 [0] NCCL INFO Channel 08/32 :    0   1
vcjob-2107910235463512066-abc12335-68921-worker-0:130:6577 [0] NCCL INFO Channel 09/32 :    0   1
vcjob-2107910235463512066-abc12335-68921-worker-0:130:6577 [0] NCCL INFO Channel 10/32 :    0   1
vcjob-2107910235463512066-abc12335-68921-worker-0:130:6577 [0] NCCL INFO Channel 11/32 :    0   1
vcjob-2107910235463512066-abc12335-68921-worker-0:130:6577 [0] NCCL INFO Channel 12/32 :    0   1
vcjob-2107910235463512066-abc12335-68921-worker-0:130:6577 [0] NCCL INFO Channel 13/32 :    0   1
vcjob-2107910235463512066-abc12335-68921-worker-0:130:6577 [0] NCCL INFO Channel 14/32 :    0   1
vcjob-2107910235463512066-abc12335-68921-worker-0:130:6577 [0] NCCL INFO Channel 15/32 :    0   1
vcjob-2107910235463512066-abc12335-68921-worker-0:130:6577 [0] NCCL INFO Channel 16/32 :    0   1
vcjob-2107910235463512066-abc12335-68921-worker-0:130:6577 [0] NCCL INFO Channel 17/32 :    0   1
vcjob-2107910235463512066-abc12335-68921-worker-0:130:6577 [0] NCCL INFO Channel 18/32 :    0   1
vcjob-2107910235463512066-abc12335-68921-worker-0:130:6577 [0] NCCL INFO Channel 19/32 :    0   1
vcjob-2107910235463512066-abc12335-68921-worker-0:130:6577 [0] NCCL INFO Channel 20/32 :    0   1
vcjob-2107910235463512066-abc12335-68921-worker-0:130:6577 [0] NCCL INFO Channel 21/32 :    0   1
vcjob-2107910235463512066-abc12335-68921-worker-0:130:6577 [0] NCCL INFO Channel 22/32 :    0   1
vcjob-2107910235463512066-abc12335-68921-worker-0:130:6577 [0] NCCL INFO Channel 23/32 :    0   1
vcjob-2107910235463512066-abc12335-68921-worker-0:130:6577 [0] NCCL INFO Channel 24/32 :    0   1
vcjob-2107910235463512066-abc12335-68921-worker-0:130:6577 [0] NCCL INFO Channel 25/32 :    0   1
vcjob-2107910235463512066-abc12335-68921-worker-0:130:6577 [0] NCCL INFO Channel 26/32 :    0   1
vcjob-2107910235463512066-abc12335-68921-worker-0:130:6577 [0] NCCL INFO Channel 27/32 :    0   1
vcjob-2107910235463512066-abc12335-68921-worker-0:130:6577 [0] NCCL INFO Channel 28/32 :    0   1
vcjob-2107910235463512066-abc12335-68921-worker-0:130:6577 [0] NCCL INFO Channel 29/32 :    0   1
vcjob-2107910235463512066-abc12335-68921-worker-0:130:6577 [0] NCCL INFO Channel 30/32 :    0   1
vcjob-2107910235463512066-abc12335-68921-worker-0:130:6577 [0] NCCL INFO Channel 31/32 :    0   1
vcjob-2107910235463512066-abc12335-68921-worker-0:130:6577 [0] NCCL INFO Trees [0] 1/-1/-1->0->-1 [1] 1/-1/-1->0->-1 [2] 1/-1/-1->0->-1 [3] -1/-1/-1->0->1 [4] 1/-1/-1->0->-1 [5] 1/-1/-1->0->-1 [6] 1/-1/-1->0->-1 [7] -1/-1/-1->0->1 [8] 1/-1/-1->0->-1 [9] 1/-1/-1->0->-1 [10] 1/-1/-1->0->-1 [11] -1/-1/-1->0->1 [12] 1/-1/-1->0->-1 [13] 1/-1/-1->0->-1 [14] 1/-1/-1->0->-1 [15] -1/-1/-1->0->1 [16] 1/-1/-1->0->-1 [17] 1/-1/-1->0->-1 [18] 1/-1/-1->0->-1 [19] -1/-1/-1->0->1 [20] 1/-1/-1->0->-1 [21] 1/-1/-1->0->-1 [22] 1/-1/-1->0->-1 [23] -1/-1/-1->0->1 [24] 1/-1/-1->0->-1 [25] 1/-1/-1->0->-1 [26] 1/-1/-1->0->-1 [27] -1/-1/-1->0->1 [28] 1/-1/-1->0->-1 [29] 1/-1/-1->0->-1 [30] 1/-1/-1->0->-1 [31] -1/-1/-1->0->1 comm 0x561dfbe927f0 nRanks 02 busId 9000
vcjob-2107910235463512066-abc12335-68921-worker-0:130:6577 [0] NCCL INFO P2P Chunksize set to 262144
vcjob-2107910235463512066-abc12335-68921-worker-0:130:6577 [0] NCCL INFO comm->autoPerPeerOn: 1, comm->p2pnChannels: 32, comm->p2pnChannelsPerPeer: 16
vcjob-2107910235463512066-abc12335-68921-worker-0:130:6577 [0] NCCL INFO Channel 00/0 : 0[9000] -> 1[77000] via P2P/IPC comm 0x561dfbe927f0 nRanks 02
vcjob-2107910235463512066-abc12335-68921-worker-0:130:6577 [0] NCCL INFO Channel 01/0 : 0[9000] -> 1[77000] via P2P/IPC comm 0x561dfbe927f0 nRanks 02
vcjob-2107910235463512066-abc12335-68921-worker-0:130:6577 [0] NCCL INFO Channel 02/0 : 0[9000] -> 1[77000] via P2P/IPC comm 0x561dfbe927f0 nRanks 02
vcjob-2107910235463512066-abc12335-68921-worker-0:130:6577 [0] NCCL INFO Channel 03/0 : 0[9000] -> 1[77000] via P2P/IPC comm 0x561dfbe927f0 nRanks 02
vcjob-2107910235463512066-abc12335-68921-worker-0:130:6577 [0] NCCL INFO Channel 04/0 : 0[9000] -> 1[77000] via P2P/IPC comm 0x561dfbe927f0 nRanks 02
vcjob-2107910235463512066-abc12335-68921-worker-0:130:6577 [0] NCCL INFO Channel 05/0 : 0[9000] -> 1[77000] via P2P/IPC comm 0x561dfbe927f0 nRanks 02
vcjob-2107910235463512066-abc12335-68921-worker-0:130:6577 [0] NCCL INFO Channel 06/0 : 0[9000] -> 1[77000] via P2P/IPC comm 0x561dfbe927f0 nRanks 02
vcjob-2107910235463512066-abc12335-68921-worker-0:130:6577 [0] NCCL INFO Channel 07/0 : 0[9000] -> 1[77000] via P2P/IPC comm 0x561dfbe927f0 nRanks 02
vcjob-2107910235463512066-abc12335-68921-worker-0:130:6577 [0] NCCL INFO Channel 08/0 : 0[9000] -> 1[77000] via P2P/IPC comm 0x561dfbe927f0 nRanks 02
vcjob-2107910235463512066-abc12335-68921-worker-0:130:6577 [0] NCCL INFO Channel 09/0 : 0[9000] -> 1[77000] via P2P/IPC comm 0x561dfbe927f0 nRanks 02
vcjob-2107910235463512066-abc12335-68921-worker-0:130:6577 [0] NCCL INFO Channel 10/0 : 0[9000] -> 1[77000] via P2P/IPC comm 0x561dfbe927f0 nRanks 02
vcjob-2107910235463512066-abc12335-68921-worker-0:130:6577 [0] NCCL INFO Channel 11/0 : 0[9000] -> 1[77000] via P2P/IPC comm 0x561dfbe927f0 nRanks 02
vcjob-2107910235463512066-abc12335-68921-worker-0:130:6577 [0] NCCL INFO Channel 12/0 : 0[9000] -> 1[77000] via P2P/IPC comm 0x561dfbe927f0 nRanks 02
vcjob-2107910235463512066-abc12335-68921-worker-0:130:6577 [0] NCCL INFO Channel 13/0 : 0[9000] -> 1[77000] via P2P/IPC comm 0x561dfbe927f0 nRanks 02
vcjob-2107910235463512066-abc12335-68921-worker-0:133:6576 [3] NCCL INFO Channel 00/0 : 1[77000] -> 0[9000] via P2P/IPC comm 0x55ff2ef7c770 nRanks 02
vcjob-2107910235463512066-abc12335-68921-worker-0:130:6577 [0] NCCL INFO Channel 14/0 : 0[9000] -> 1[77000] via P2P/IPC comm 0x561dfbe927f0 nRanks 02
vcjob-2107910235463512066-abc12335-68921-worker-0:133:6576 [3] NCCL INFO Channel 01/0 : 1[77000] -> 0[9000] via P2P/IPC comm 0x55ff2ef7c770 nRanks 02
vcjob-2107910235463512066-abc12335-68921-worker-0:130:6577 [0] NCCL INFO Channel 15/0 : 0[9000] -> 1[77000] via P2P/IPC comm 0x561dfbe927f0 nRanks 02
vcjob-2107910235463512066-abc12335-68921-worker-0:133:6576 [3] NCCL INFO Channel 02/0 : 1[77000] -> 0[9000] via P2P/IPC comm 0x55ff2ef7c770 nRanks 02
vcjob-2107910235463512066-abc12335-68921-worker-0:130:6577 [0] NCCL INFO Channel 16/0 : 0[9000] -> 1[77000] via P2P/IPC comm 0x561dfbe927f0 nRanks 02
vcjob-2107910235463512066-abc12335-68921-worker-0:133:6576 [3] NCCL INFO Channel 03/0 : 1[77000] -> 0[9000] via P2P/IPC comm 0x55ff2ef7c770 nRanks 02
vcjob-2107910235463512066-abc12335-68921-worker-0:130:6577 [0] NCCL INFO Channel 17/0 : 0[9000] -> 1[77000] via P2P/IPC comm 0x561dfbe927f0 nRanks 02
vcjob-2107910235463512066-abc12335-68921-worker-0:133:6576 [3] NCCL INFO Channel 04/0 : 1[77000] -> 0[9000] via P2P/IPC comm 0x55ff2ef7c770 nRanks 02
vcjob-2107910235463512066-abc12335-68921-worker-0:130:6577 [0] NCCL INFO Channel 18/0 : 0[9000] -> 1[77000] via P2P/IPC comm 0x561dfbe927f0 nRanks 02
vcjob-2107910235463512066-abc12335-68921-worker-0:133:6576 [3] NCCL INFO Channel 05/0 : 1[77000] -> 0[9000] via P2P/IPC comm 0x55ff2ef7c770 nRanks 02
vcjob-2107910235463512066-abc12335-68921-worker-0:130:6577 [0] NCCL INFO Channel 19/0 : 0[9000] -> 1[77000] via P2P/IPC comm 0x561dfbe927f0 nRanks 02
vcjob-2107910235463512066-abc12335-68921-worker-0:133:6576 [3] NCCL INFO Channel 06/0 : 1[77000] -> 0[9000] via P2P/IPC comm 0x55ff2ef7c770 nRanks 02
vcjob-2107910235463512066-abc12335-68921-worker-0:130:6577 [0] NCCL INFO Channel 20/0 : 0[9000] -> 1[77000] via P2P/IPC comm 0x561dfbe927f0 nRanks 02
vcjob-2107910235463512066-abc12335-68921-worker-0:133:6576 [3] NCCL INFO Channel 07/0 : 1[77000] -> 0[9000] via P2P/IPC comm 0x55ff2ef7c770 nRanks 02
vcjob-2107910235463512066-abc12335-68921-worker-0:130:6577 [0] NCCL INFO Channel 21/0 : 0[9000] -> 1[77000] via P2P/IPC comm 0x561dfbe927f0 nRanks 02
vcjob-2107910235463512066-abc12335-68921-worker-0:133:6576 [3] NCCL INFO Channel 08/0 : 1[77000] -> 0[9000] via P2P/IPC comm 0x55ff2ef7c770 nRanks 02
vcjob-2107910235463512066-abc12335-68921-worker-0:130:6577 [0] NCCL INFO Channel 22/0 : 0[9000] -> 1[77000] via P2P/IPC comm 0x561dfbe927f0 nRanks 02
vcjob-2107910235463512066-abc12335-68921-worker-0:133:6576 [3] NCCL INFO Channel 09/0 : 1[77000] -> 0[9000] via P2P/IPC comm 0x55ff2ef7c770 nRanks 02
vcjob-2107910235463512066-abc12335-68921-worker-0:130:6577 [0] NCCL INFO Channel 23/0 : 0[9000] -> 1[77000] via P2P/IPC comm 0x561dfbe927f0 nRanks 02
vcjob-2107910235463512066-abc12335-68921-worker-0:133:6576 [3] NCCL INFO Channel 10/0 : 1[77000] -> 0[9000] via P2P/IPC comm 0x55ff2ef7c770 nRanks 02
vcjob-2107910235463512066-abc12335-68921-worker-0:130:6577 [0] NCCL INFO Channel 24/0 : 0[9000] -> 1[77000] via P2P/IPC comm 0x561dfbe927f0 nRanks 02
vcjob-2107910235463512066-abc12335-68921-worker-0:133:6576 [3] NCCL INFO Channel 11/0 : 1[77000] -> 0[9000] via P2P/IPC comm 0x55ff2ef7c770 nRanks 02
vcjob-2107910235463512066-abc12335-68921-worker-0:130:6577 [0] NCCL INFO Channel 25/0 : 0[9000] -> 1[77000] via P2P/IPC comm 0x561dfbe927f0 nRanks 02
vcjob-2107910235463512066-abc12335-68921-worker-0:133:6576 [3] NCCL INFO Channel 12/0 : 1[77000] -> 0[9000] via P2P/IPC comm 0x55ff2ef7c770 nRanks 02
vcjob-2107910235463512066-abc12335-68921-worker-0:130:6577 [0] NCCL INFO Channel 26/0 : 0[9000] -> 1[77000] via P2P/IPC comm 0x561dfbe927f0 nRanks 02
vcjob-2107910235463512066-abc12335-68921-worker-0:133:6576 [3] NCCL INFO Channel 13/0 : 1[77000] -> 0[9000] via P2P/IPC comm 0x55ff2ef7c770 nRanks 02
vcjob-2107910235463512066-abc12335-68921-worker-0:130:6577 [0] NCCL INFO Channel 27/0 : 0[9000] -> 1[77000] via P2P/IPC comm 0x561dfbe927f0 nRanks 02
vcjob-2107910235463512066-abc12335-68921-worker-0:133:6576 [3] NCCL INFO Channel 14/0 : 1[77000] -> 0[9000] via P2P/IPC comm 0x55ff2ef7c770 nRanks 02
vcjob-2107910235463512066-abc12335-68921-worker-0:130:6577 [0] NCCL INFO Channel 28/0 : 0[9000] -> 1[77000] via P2P/IPC comm 0x561dfbe927f0 nRanks 02
vcjob-2107910235463512066-abc12335-68921-worker-0:133:6576 [3] NCCL INFO Channel 15/0 : 1[77000] -> 0[9000] via P2P/IPC comm 0x55ff2ef7c770 nRanks 02
vcjob-2107910235463512066-abc12335-68921-worker-0:130:6577 [0] NCCL INFO Channel 29/0 : 0[9000] -> 1[77000] via P2P/IPC comm 0x561dfbe927f0 nRanks 02
vcjob-2107910235463512066-abc12335-68921-worker-0:133:6576 [3] NCCL INFO Channel 16/0 : 1[77000] -> 0[9000] via P2P/IPC comm 0x55ff2ef7c770 nRanks 02
vcjob-2107910235463512066-abc12335-68921-worker-0:130:6577 [0] NCCL INFO Channel 30/0 : 0[9000] -> 1[77000] via P2P/IPC comm 0x561dfbe927f0 nRanks 02
vcjob-2107910235463512066-abc12335-68921-worker-0:133:6576 [3] NCCL INFO Channel 17/0 : 1[77000] -> 0[9000] via P2P/IPC comm 0x55ff2ef7c770 nRanks 02
vcjob-2107910235463512066-abc12335-68921-worker-0:130:6577 [0] NCCL INFO Channel 31/0 : 0[9000] -> 1[77000] via P2P/IPC comm 0x561dfbe927f0 nRanks 02
vcjob-2107910235463512066-abc12335-68921-worker-0:133:6576 [3] NCCL INFO Channel 18/0 : 1[77000] -> 0[9000] via P2P/IPC comm 0x55ff2ef7c770 nRanks 02
vcjob-2107910235463512066-abc12335-68921-worker-0:133:6576 [3] NCCL INFO Channel 19/0 : 1[77000] -> 0[9000] via P2P/IPC comm 0x55ff2ef7c770 nRanks 02
vcjob-2107910235463512066-abc12335-68921-worker-0:133:6576 [3] NCCL INFO Channel 20/0 : 1[77000] -> 0[9000] via P2P/IPC comm 0x55ff2ef7c770 nRanks 02
vcjob-2107910235463512066-abc12335-68921-worker-0:133:6576 [3] NCCL INFO Channel 21/0 : 1[77000] -> 0[9000] via P2P/IPC comm 0x55ff2ef7c770 nRanks 02
vcjob-2107910235463512066-abc12335-68921-worker-0:133:6576 [3] NCCL INFO Channel 22/0 : 1[77000] -> 0[9000] via P2P/IPC comm 0x55ff2ef7c770 nRanks 02
vcjob-2107910235463512066-abc12335-68921-worker-0:133:6576 [3] NCCL INFO Channel 23/0 : 1[77000] -> 0[9000] via P2P/IPC comm 0x55ff2ef7c770 nRanks 02
vcjob-2107910235463512066-abc12335-68921-worker-0:133:6576 [3] NCCL INFO Channel 24/0 : 1[77000] -> 0[9000] via P2P/IPC comm 0x55ff2ef7c770 nRanks 02
vcjob-2107910235463512066-abc12335-68921-worker-0:133:6576 [3] NCCL INFO Channel 25/0 : 1[77000] -> 0[9000] via P2P/IPC comm 0x55ff2ef7c770 nRanks 02
vcjob-2107910235463512066-abc12335-68921-worker-0:133:6576 [3] NCCL INFO Channel 26/0 : 1[77000] -> 0[9000] via P2P/IPC comm 0x55ff2ef7c770 nRanks 02
vcjob-2107910235463512066-abc12335-68921-worker-0:133:6576 [3] NCCL INFO Channel 27/0 : 1[77000] -> 0[9000] via P2P/IPC comm 0x55ff2ef7c770 nRanks 02
vcjob-2107910235463512066-abc12335-68921-worker-0:133:6576 [3] NCCL INFO Channel 28/0 : 1[77000] -> 0[9000] via P2P/IPC comm 0x55ff2ef7c770 nRanks 02
vcjob-2107910235463512066-abc12335-68921-worker-0:133:6576 [3] NCCL INFO Channel 29/0 : 1[77000] -> 0[9000] via P2P/IPC comm 0x55ff2ef7c770 nRanks 02
vcjob-2107910235463512066-abc12335-68921-worker-0:133:6576 [3] NCCL INFO Channel 30/0 : 1[77000] -> 0[9000] via P2P/IPC comm 0x55ff2ef7c770 nRanks 02
vcjob-2107910235463512066-abc12335-68921-worker-0:133:6576 [3] NCCL INFO Channel 31/0 : 1[77000] -> 0[9000] via P2P/IPC comm 0x55ff2ef7c770 nRanks 02
vcjob-2107910235463512066-abc12335-68921-worker-0:133:6576 [3] NCCL INFO Connected all rings
vcjob-2107910235463512066-abc12335-68921-worker-0:130:6577 [0] NCCL INFO Connected all rings
vcjob-2107910235463512066-abc12335-68921-worker-0:133:6576 [3] NCCL INFO Connected all trees
vcjob-2107910235463512066-abc12335-68921-worker-0:133:6576 [3] NCCL INFO threadThresholds 8/8/64 | 16/8/64 | 256 | 256
vcjob-2107910235463512066-abc12335-68921-worker-0:133:6576 [3] NCCL INFO 32 coll channels, 32 collnet channels, 0 nvls channels, 32 p2p channels, 16 p2p channels per peer
vcjob-2107910235463512066-abc12335-68921-worker-0:130:6577 [0] NCCL INFO Connected all trees
vcjob-2107910235463512066-abc12335-68921-worker-0:130:6577 [0] NCCL INFO threadThresholds 8/8/64 | 16/8/64 | 256 | 256
vcjob-2107910235463512066-abc12335-68921-worker-0:130:6577 [0] NCCL INFO 32 coll channels, 32 collnet channels, 0 nvls channels, 32 p2p channels, 16 p2p channels per peer
vcjob-2107910235463512066-abc12335-68921-worker-0:130:6577 [0] NCCL INFO CC Off, Multi-GPU CC Off, workFifoBytes 4194304
vcjob-2107910235463512066-abc12335-68921-worker-0:130:6577 [0] NCCL INFO ncclCommInitRank comm 0x561dfbe927f0 rank 0 nranks 2 cudaDev 0 nvmlDev 0 busId 9000 commId 0x470f5546529284c localSize 480 used 790104256 bytes on core 8 - Init COMPLETE
vcjob-2107910235463512066-abc12335-68921-worker-0:130:6577 [0] NCCL INFO Init timings: rank 0 nranks 2 total 0.34 (kernels 0.00, bootstrap 0.02, allgathers 0.01, topo 0.21, graphs 0.00, connections 0.09, rest 0.00)
vcjob-2107910235463512066-abc12335-68921-worker-0:133:6576 [3] NCCL INFO ncclCommInitRank comm 0x55ff2ef7c770 rank 1 nranks 2 cudaDev 3 nvmlDev 3 busId 77000 commId 0x470f5546529284c localSize 480 used 440435680 bytes on core 16 - Init COMPLETE
vcjob-2107910235463512066-abc12335-68921-worker-0:133:6576 [3] NCCL INFO Init timings: rank 1 nranks 2 total 0.34 (kernels 0.00, bootstrap 0.03, allgathers 0.00, topo 0.23, graphs 0.00, connections 0.09, rest 0.00)
I1008 03:06:03.899000   130 ProcessGroupNCCL.cpp:2890] [PG ID 0 PG GUID 0(default_pg) Rank 0] NCCL_DEBUG: INFO
I1008 03:06:03.899037   133 ProcessGroupNCCL.cpp:2890] [PG ID 0 PG GUID 0(default_pg) Rank 3] NCCL_DEBUG: INFO
vcjob-2107910235463512066-abc12335-68921-worker-0:133:6583 [3] NCCL INFO Channel 01/1 : 1[77000] -> 0[9000] via P2P/IPC comm 0x55ff2ef7c770 nRanks 02
vcjob-2107910235463512066-abc12335-68921-worker-0:133:6583 [3] NCCL INFO Channel 03/1 : 1[77000] -> 0[9000] via P2P/IPC comm 0x55ff2ef7c770 nRanks 02
vcjob-2107910235463512066-abc12335-68921-worker-0:133:6583 [3] NCCL INFO Channel 05/1 : 1[77000] -> 0[9000] via P2P/IPC comm 0x55ff2ef7c770 nRanks 02
vcjob-2107910235463512066-abc12335-68921-worker-0:133:6583 [3] NCCL INFO Channel 07/1 : 1[77000] -> 0[9000] via P2P/IPC comm 0x55ff2ef7c770 nRanks 02
vcjob-2107910235463512066-abc12335-68921-worker-0:133:6583 [3] NCCL INFO Channel 09/1 : 1[77000] -> 0[9000] via P2P/IPC comm 0x55ff2ef7c770 nRanks 02
vcjob-2107910235463512066-abc12335-68921-worker-0:133:6583 [3] NCCL INFO Channel 11/1 : 1[77000] -> 0[9000] via P2P/IPC comm 0x55ff2ef7c770 nRanks 02
vcjob-2107910235463512066-abc12335-68921-worker-0:133:6583 [3] NCCL INFO Channel 13/1 : 1[77000] -> 0[9000] via P2P/IPC comm 0x55ff2ef7c770 nRanks 02
vcjob-2107910235463512066-abc12335-68921-worker-0:133:6583 [3] NCCL INFO Channel 15/1 : 1[77000] -> 0[9000] via P2P/IPC comm 0x55ff2ef7c770 nRanks 02
vcjob-2107910235463512066-abc12335-68921-worker-0:133:6583 [3] NCCL INFO Channel 17/1 : 1[77000] -> 0[9000] via P2P/IPC comm 0x55ff2ef7c770 nRanks 02
vcjob-2107910235463512066-abc12335-68921-worker-0:133:6583 [3] NCCL INFO Channel 19/1 : 1[77000] -> 0[9000] via P2P/IPC comm 0x55ff2ef7c770 nRanks 02
vcjob-2107910235463512066-abc12335-68921-worker-0:133:6583 [3] NCCL INFO Channel 21/1 : 1[77000] -> 0[9000] via P2P/IPC comm 0x55ff2ef7c770 nRanks 02
vcjob-2107910235463512066-abc12335-68921-worker-0:133:6583 [3] NCCL INFO Channel 23/1 : 1[77000] -> 0[9000] via P2P/IPC comm 0x55ff2ef7c770 nRanks 02
vcjob-2107910235463512066-abc12335-68921-worker-0:133:6583 [3] NCCL INFO Channel 25/1 : 1[77000] -> 0[9000] via P2P/IPC comm 0x55ff2ef7c770 nRanks 02
vcjob-2107910235463512066-abc12335-68921-worker-0:133:6583 [3] NCCL INFO Channel 27/1 : 1[77000] -> 0[9000] via P2P/IPC comm 0x55ff2ef7c770 nRanks 02
vcjob-2107910235463512066-abc12335-68921-worker-0:133:6583 [3] NCCL INFO Channel 29/1 : 1[77000] -> 0[9000] via P2P/IPC comm 0x55ff2ef7c770 nRanks 02
vcjob-2107910235463512066-abc12335-68921-worker-0:133:6583 [3] NCCL INFO Channel 31/1 : 1[77000] -> 0[9000] via P2P/IPC comm 0x55ff2ef7c770 nRanks 02

vcjob-2107910235463512066-abc12335-68921-worker-0:130:130 [0] /data/jenkins_workspace/workspace/rccl_release/build/hipify/src/init.cc:170 NCCL WARN NUMA auto balancing enabled which can lead to variability in the RCCL performance! Disable by "sudo sysctl kernel.numa_balancing=0"
vcjob-2107910235463512066-abc12335-68921-worker-0:130:130 [0] NCCL INFO Kernel version: 5.15.0-25-generic

vcjob-2107910235463512066-abc12335-68921-worker-0:130:130 [0] /data/jenkins_workspace/workspace/rccl_release/build/hipify/src/init.cc:191 NCCL WARN Missing "iommu=pt" from kernel command line which can lead to system instablity or hang!
I1008 03:06:03.942996   130 ProcessGroupNCCL.cpp:2857] [PG ID 0 PG GUID 0(default_pg) Rank 0] ProcessGroupNCCL broadcast unique ID through store took 0.102451 ms
I1008 03:06:03.943027   130 NCCLUtils.cpp:75] Rank 0: creating NCCL communicator with mode: blocking

vcjob-2107910235463512066-abc12335-68921-worker-0:130:130 [0] /data/jenkins_workspace/workspace/rccl_release/build/hipify/src/init.cc:170 NCCL WARN NUMA auto balancing enabled which can lead to variability in the RCCL performance! Disable by "sudo sysctl kernel.numa_balancing=0"
vcjob-2107910235463512066-abc12335-68921-worker-0:130:130 [0] NCCL INFO Kernel version: 5.15.0-25-generic

vcjob-2107910235463512066-abc12335-68921-worker-0:130:130 [0] /data/jenkins_workspace/workspace/rccl_release/build/hipify/src/init.cc:191 NCCL WARN Missing "iommu=pt" from kernel command line which can lead to system instablity or hang!
I1008 03:06:03.943163   134 ProcessGroupNCCL.cpp:2857] [PG ID 0 PG GUID 0(default_pg) Rank 4] ProcessGroupNCCL broadcast unique ID through store took 1165.05 ms
I1008 03:06:03.943262   134 NCCLUtils.cpp:75] Rank 1: creating NCCL communicator with mode: blocking

vcjob-2107910235463512066-abc12335-68921-worker-0:134:134 [4] /data/jenkins_workspace/workspace/rccl_release/build/hipify/src/init.cc:170 NCCL WARN NUMA auto balancing enabled which can lead to variability in the RCCL performance! Disable by "sudo sysctl kernel.numa_balancing=0"
vcjob-2107910235463512066-abc12335-68921-worker-0:134:134 [4] NCCL INFO Kernel version: 5.15.0-25-generic

vcjob-2107910235463512066-abc12335-68921-worker-0:134:134 [4] /data/jenkins_workspace/workspace/rccl_release/build/hipify/src/init.cc:191 NCCL WARN Missing "iommu=pt" from kernel command line which can lead to system instablity or hang!
vcjob-2107910235463512066-abc12335-68921-worker-0:130:130 [0] NCCL INFO Comm config Blocking set to 1
vcjob-2107910235463512066-abc12335-68921-worker-0:130:6585 [0] NCCL INFO Using network Socket
vcjob-2107910235463512066-abc12335-68921-worker-0:130:6585 [0] NCCL INFO rocm_smi_lib: version 7.6.0.0
vcjob-2107910235463512066-abc12335-68921-worker-0:134:134 [4] NCCL INFO Comm config Blocking set to 1
vcjob-2107910235463512066-abc12335-68921-worker-0:134:6586 [4] NCCL INFO Using network Socket
vcjob-2107910235463512066-abc12335-68921-worker-0:134:6586 [4] NCCL INFO rocm_smi_lib: version 7.6.0.0
vcjob-2107910235463512066-abc12335-68921-worker-0:134:6586 [4] NCCL INFO ncclCommInitRank comm 0x55a5f3061920 rank 1 nranks 2 cudaDev 4 nvmlDev 4 busId 85000 commId 0x476bc323264bff9b - Init START
vcjob-2107910235463512066-abc12335-68921-worker-0:130:6585 [0] NCCL INFO ncclCommInitRank comm 0x561dfbf4dfd0 rank 0 nranks 2 cudaDev 0 nvmlDev 0 busId 9000 commId 0x476bc323264bff9b - Init START
vcjob-2107910235463512066-abc12335-68921-worker-0:130:6585 [0] NCCL INFO rank:0 get match hsa dev domain:0x0 bdf:0x900 rank busId:0x36864
vcjob-2107910235463512066-abc12335-68921-worker-0:134:6586 [4] NCCL INFO rank:1 get match hsa dev domain:0x0 bdf:0x8500 rank busId:0x544768
vcjob-2107910235463512066-abc12335-68921-worker-0:130:6585 [0] NCCL INFO XDP Switch is off with xdp_size : 0
vcjob-2107910235463512066-abc12335-68921-worker-0:134:6586 [4] NCCL INFO XDP Switch is off with xdp_size : 0

vcjob-2107910235463512066-abc12335-68921-worker-0:134:6586 [4] /data/jenkins_workspace/workspace/rccl_release/build/hipify/src/graph/xml.cc:1211 NCCL WARN No IB NIC found, the generation of the basic topology has been terminated.

vcjob-2107910235463512066-abc12335-68921-worker-0:130:6585 [0] /data/jenkins_workspace/workspace/rccl_release/build/hipify/src/graph/xml.cc:1211 NCCL WARN No IB NIC found, the generation of the basic topology has been terminated.
vcjob-2107910235463512066-abc12335-68921-worker-0:134:6586 [4] NCCL INFO rocm_smi_lib: version 7.6.0.0
vcjob-2107910235463512066-abc12335-68921-worker-0:130:6585 [0] NCCL INFO rocm_smi_lib: version 7.6.0.0
vcjob-2107910235463512066-abc12335-68921-worker-0:134:6586 [4] NCCL INFO Setting affinity for GPU 4 to ffff,00000000,00000000
vcjob-2107910235463512066-abc12335-68921-worker-0:134:6586 [4] NCCL INFO Rank:1 Get link topo from rocmDev:0 linkNum:8 link:0 linkState:1 remote type:1 bdf:0x9b00 topoType:2
vcjob-2107910235463512066-abc12335-68921-worker-0:134:6586 [4] NCCL INFO Transport init rank 1 useXdp 0 linkTopoType 2
vcjob-2107910235463512066-abc12335-68921-worker-0:130:6585 [0] NCCL INFO Setting affinity for GPU 0 to ffff
vcjob-2107910235463512066-abc12335-68921-worker-0:130:6585 [0] NCCL INFO Rank:0 Get link topo from rocmDev:0 linkNum:8 link:0 linkState:1 remote type:1 bdf:0x9b00 topoType:2
vcjob-2107910235463512066-abc12335-68921-worker-0:130:6585 [0] NCCL INFO Transport init rank 0 useXdp 0 linkTopoType 2
vcjob-2107910235463512066-abc12335-68921-worker-0:134:6586 [4] NCCL INFO comm 0x55a5f3061920 rank 1 nRanks 2 nNodes 1 localRanks 2 localRank 1 MNNVL 0
vcjob-2107910235463512066-abc12335-68921-worker-0:130:6585 [0] NCCL INFO comm 0x561dfbf4dfd0 rank 0 nRanks 2 nNodes 1 localRanks 2 localRank 0 MNNVL 0
vcjob-2107910235463512066-abc12335-68921-worker-0:130:6585 [0] NCCL INFO Channel 00/32 :    0   1
vcjob-2107910235463512066-abc12335-68921-worker-0:130:6585 [0] NCCL INFO Channel 01/32 :    0   1
vcjob-2107910235463512066-abc12335-68921-worker-0:130:6585 [0] NCCL INFO Channel 02/32 :    0   1
vcjob-2107910235463512066-abc12335-68921-worker-0:130:6585 [0] NCCL INFO Channel 03/32 :    0   1
vcjob-2107910235463512066-abc12335-68921-worker-0:130:6585 [0] NCCL INFO Channel 04/32 :    0   1
vcjob-2107910235463512066-abc12335-68921-worker-0:130:6585 [0] NCCL INFO Channel 05/32 :    0   1
vcjob-2107910235463512066-abc12335-68921-worker-0:130:6585 [0] NCCL INFO Channel 06/32 :    0   1
vcjob-2107910235463512066-abc12335-68921-worker-0:130:6585 [0] NCCL INFO Channel 07/32 :    0   1
vcjob-2107910235463512066-abc12335-68921-worker-0:134:6586 [4] NCCL INFO Trees [0] -1/-1/-1->1->0 [1] -1/-1/-1->1->0 [2] -1/-1/-1->1->0 [3] 0/-1/-1->1->-1 [4] -1/-1/-1->1->0 [5] -1/-1/-1->1->0 [6] -1/-1/-1->1->0 [7] 0/-1/-1->1->-1 [8] -1/-1/-1->1->0 [9] -1/-1/-1->1->0 [10] -1/-1/-1->1->0 [11] 0/-1/-1->1->-1 [12] -1/-1/-1->1->0 [13] -1/-1/-1->1->0 [14] -1/-1/-1->1->0 [15] 0/-1/-1->1->-1 [16] -1/-1/-1->1->0 [17] -1/-1/-1->1->0 [18] -1/-1/-1->1->0 [19] 0/-1/-1->1->-1 [20] -1/-1/-1->1->0 [21] -1/-1/-1->1->0 [22] -1/-1/-1->1->0 [23] 0/-1/-1->1->-1 [24] -1/-1/-1->1->0 [25] -1/-1/-1->1->0 [26] -1/-1/-1->1->0 [27] 0/-1/-1->1->-1 [28] -1/-1/-1->1->0 [29] -1/-1/-1->1->0 [30] -1/-1/-1->1->0 [31] 0/-1/-1->1->-1 comm 0x55a5f3061920 nRanks 02 busId 85000
vcjob-2107910235463512066-abc12335-68921-worker-0:130:6585 [0] NCCL INFO Channel 08/32 :    0   1
vcjob-2107910235463512066-abc12335-68921-worker-0:134:6586 [4] NCCL INFO P2P Chunksize set to 262144
vcjob-2107910235463512066-abc12335-68921-worker-0:130:6585 [0] NCCL INFO Channel 09/32 :    0   1
vcjob-2107910235463512066-abc12335-68921-worker-0:134:6586 [4] NCCL INFO comm->autoPerPeerOn: 1, comm->p2pnChannels: 32, comm->p2pnChannelsPerPeer: 16
vcjob-2107910235463512066-abc12335-68921-worker-0:130:6585 [0] NCCL INFO Channel 10/32 :    0   1
vcjob-2107910235463512066-abc12335-68921-worker-0:130:6585 [0] NCCL INFO Channel 11/32 :    0   1
vcjob-2107910235463512066-abc12335-68921-worker-0:130:6585 [0] NCCL INFO Channel 12/32 :    0   1
vcjob-2107910235463512066-abc12335-68921-worker-0:130:6585 [0] NCCL INFO Channel 13/32 :    0   1
vcjob-2107910235463512066-abc12335-68921-worker-0:130:6585 [0] NCCL INFO Channel 14/32 :    0   1
vcjob-2107910235463512066-abc12335-68921-worker-0:130:6585 [0] NCCL INFO Channel 15/32 :    0   1
vcjob-2107910235463512066-abc12335-68921-worker-0:130:6585 [0] NCCL INFO Channel 16/32 :    0   1
vcjob-2107910235463512066-abc12335-68921-worker-0:130:6585 [0] NCCL INFO Channel 17/32 :    0   1
vcjob-2107910235463512066-abc12335-68921-worker-0:130:6585 [0] NCCL INFO Channel 18/32 :    0   1
vcjob-2107910235463512066-abc12335-68921-worker-0:130:6585 [0] NCCL INFO Channel 19/32 :    0   1
vcjob-2107910235463512066-abc12335-68921-worker-0:130:6585 [0] NCCL INFO Channel 20/32 :    0   1
vcjob-2107910235463512066-abc12335-68921-worker-0:130:6585 [0] NCCL INFO Channel 21/32 :    0   1
vcjob-2107910235463512066-abc12335-68921-worker-0:130:6585 [0] NCCL INFO Channel 22/32 :    0   1
vcjob-2107910235463512066-abc12335-68921-worker-0:130:6585 [0] NCCL INFO Channel 23/32 :    0   1
vcjob-2107910235463512066-abc12335-68921-worker-0:130:6585 [0] NCCL INFO Channel 24/32 :    0   1
vcjob-2107910235463512066-abc12335-68921-worker-0:130:6585 [0] NCCL INFO Channel 25/32 :    0   1
vcjob-2107910235463512066-abc12335-68921-worker-0:130:6585 [0] NCCL INFO Channel 26/32 :    0   1
vcjob-2107910235463512066-abc12335-68921-worker-0:130:6585 [0] NCCL INFO Channel 27/32 :    0   1
vcjob-2107910235463512066-abc12335-68921-worker-0:130:6585 [0] NCCL INFO Channel 28/32 :    0   1
vcjob-2107910235463512066-abc12335-68921-worker-0:130:6585 [0] NCCL INFO Channel 29/32 :    0   1
vcjob-2107910235463512066-abc12335-68921-worker-0:130:6585 [0] NCCL INFO Channel 30/32 :    0   1
vcjob-2107910235463512066-abc12335-68921-worker-0:130:6585 [0] NCCL INFO Channel 31/32 :    0   1
vcjob-2107910235463512066-abc12335-68921-worker-0:130:6585 [0] NCCL INFO Trees [0] 1/-1/-1->0->-1 [1] 1/-1/-1->0->-1 [2] 1/-1/-1->0->-1 [3] -1/-1/-1->0->1 [4] 1/-1/-1->0->-1 [5] 1/-1/-1->0->-1 [6] 1/-1/-1->0->-1 [7] -1/-1/-1->0->1 [8] 1/-1/-1->0->-1 [9] 1/-1/-1->0->-1 [10] 1/-1/-1->0->-1 [11] -1/-1/-1->0->1 [12] 1/-1/-1->0->-1 [13] 1/-1/-1->0->-1 [14] 1/-1/-1->0->-1 [15] -1/-1/-1->0->1 [16] 1/-1/-1->0->-1 [17] 1/-1/-1->0->-1 [18] 1/-1/-1->0->-1 [19] -1/-1/-1->0->1 [20] 1/-1/-1->0->-1 [21] 1/-1/-1->0->-1 [22] 1/-1/-1->0->-1 [23] -1/-1/-1->0->1 [24] 1/-1/-1->0->-1 [25] 1/-1/-1->0->-1 [26] 1/-1/-1->0->-1 [27] -1/-1/-1->0->1 [28] 1/-1/-1->0->-1 [29] 1/-1/-1->0->-1 [30] 1/-1/-1->0->-1 [31] -1/-1/-1->0->1 comm 0x561dfbf4dfd0 nRanks 02 busId 9000
vcjob-2107910235463512066-abc12335-68921-worker-0:130:6585 [0] NCCL INFO P2P Chunksize set to 262144
vcjob-2107910235463512066-abc12335-68921-worker-0:130:6585 [0] NCCL INFO comm->autoPerPeerOn: 1, comm->p2pnChannels: 32, comm->p2pnChannelsPerPeer: 16
vcjob-2107910235463512066-abc12335-68921-worker-0:130:6585 [0] NCCL INFO Channel 00/0 : 0[9000] -> 1[85000] via P2P/IPC comm 0x561dfbf4dfd0 nRanks 02
vcjob-2107910235463512066-abc12335-68921-worker-0:130:6585 [0] NCCL INFO Channel 01/0 : 0[9000] -> 1[85000] via P2P/IPC comm 0x561dfbf4dfd0 nRanks 02
vcjob-2107910235463512066-abc12335-68921-worker-0:130:6585 [0] NCCL INFO Channel 02/0 : 0[9000] -> 1[85000] via P2P/IPC comm 0x561dfbf4dfd0 nRanks 02
vcjob-2107910235463512066-abc12335-68921-worker-0:130:6585 [0] NCCL INFO Channel 03/0 : 0[9000] -> 1[85000] via P2P/IPC comm 0x561dfbf4dfd0 nRanks 02
vcjob-2107910235463512066-abc12335-68921-worker-0:130:6585 [0] NCCL INFO Channel 04/0 : 0[9000] -> 1[85000] via P2P/IPC comm 0x561dfbf4dfd0 nRanks 02
vcjob-2107910235463512066-abc12335-68921-worker-0:130:6585 [0] NCCL INFO Channel 05/0 : 0[9000] -> 1[85000] via P2P/IPC comm 0x561dfbf4dfd0 nRanks 02
vcjob-2107910235463512066-abc12335-68921-worker-0:130:6585 [0] NCCL INFO Channel 06/0 : 0[9000] -> 1[85000] via P2P/IPC comm 0x561dfbf4dfd0 nRanks 02
vcjob-2107910235463512066-abc12335-68921-worker-0:130:6585 [0] NCCL INFO Channel 07/0 : 0[9000] -> 1[85000] via P2P/IPC comm 0x561dfbf4dfd0 nRanks 02
vcjob-2107910235463512066-abc12335-68921-worker-0:130:6585 [0] NCCL INFO Channel 08/0 : 0[9000] -> 1[85000] via P2P/IPC comm 0x561dfbf4dfd0 nRanks 02
vcjob-2107910235463512066-abc12335-68921-worker-0:130:6585 [0] NCCL INFO Channel 09/0 : 0[9000] -> 1[85000] via P2P/IPC comm 0x561dfbf4dfd0 nRanks 02
vcjob-2107910235463512066-abc12335-68921-worker-0:130:6585 [0] NCCL INFO Channel 10/0 : 0[9000] -> 1[85000] via P2P/IPC comm 0x561dfbf4dfd0 nRanks 02
vcjob-2107910235463512066-abc12335-68921-worker-0:130:6585 [0] NCCL INFO Channel 11/0 : 0[9000] -> 1[85000] via P2P/IPC comm 0x561dfbf4dfd0 nRanks 02
vcjob-2107910235463512066-abc12335-68921-worker-0:130:6585 [0] NCCL INFO Channel 12/0 : 0[9000] -> 1[85000] via P2P/IPC comm 0x561dfbf4dfd0 nRanks 02
vcjob-2107910235463512066-abc12335-68921-worker-0:130:6585 [0] NCCL INFO Channel 13/0 : 0[9000] -> 1[85000] via P2P/IPC comm 0x561dfbf4dfd0 nRanks 02
vcjob-2107910235463512066-abc12335-68921-worker-0:130:6585 [0] NCCL INFO Channel 14/0 : 0[9000] -> 1[85000] via P2P/IPC comm 0x561dfbf4dfd0 nRanks 02
vcjob-2107910235463512066-abc12335-68921-worker-0:134:6586 [4] NCCL INFO Channel 00/0 : 1[85000] -> 0[9000] via P2P/IPC comm 0x55a5f3061920 nRanks 02
vcjob-2107910235463512066-abc12335-68921-worker-0:130:6585 [0] NCCL INFO Channel 15/0 : 0[9000] -> 1[85000] via P2P/IPC comm 0x561dfbf4dfd0 nRanks 02
vcjob-2107910235463512066-abc12335-68921-worker-0:134:6586 [4] NCCL INFO Channel 01/0 : 1[85000] -> 0[9000] via P2P/IPC comm 0x55a5f3061920 nRanks 02
vcjob-2107910235463512066-abc12335-68921-worker-0:130:6585 [0] NCCL INFO Channel 16/0 : 0[9000] -> 1[85000] via P2P/IPC comm 0x561dfbf4dfd0 nRanks 02
vcjob-2107910235463512066-abc12335-68921-worker-0:134:6586 [4] NCCL INFO Channel 02/0 : 1[85000] -> 0[9000] via P2P/IPC comm 0x55a5f3061920 nRanks 02
vcjob-2107910235463512066-abc12335-68921-worker-0:130:6585 [0] NCCL INFO Channel 17/0 : 0[9000] -> 1[85000] via P2P/IPC comm 0x561dfbf4dfd0 nRanks 02
vcjob-2107910235463512066-abc12335-68921-worker-0:134:6586 [4] NCCL INFO Channel 03/0 : 1[85000] -> 0[9000] via P2P/IPC comm 0x55a5f3061920 nRanks 02
vcjob-2107910235463512066-abc12335-68921-worker-0:130:6585 [0] NCCL INFO Channel 18/0 : 0[9000] -> 1[85000] via P2P/IPC comm 0x561dfbf4dfd0 nRanks 02
vcjob-2107910235463512066-abc12335-68921-worker-0:134:6586 [4] NCCL INFO Channel 04/0 : 1[85000] -> 0[9000] via P2P/IPC comm 0x55a5f3061920 nRanks 02
vcjob-2107910235463512066-abc12335-68921-worker-0:134:6586 [4] NCCL INFO Channel 05/0 : 1[85000] -> 0[9000] via P2P/IPC comm 0x55a5f3061920 nRanks 02
vcjob-2107910235463512066-abc12335-68921-worker-0:130:6585 [0] NCCL INFO Channel 19/0 : 0[9000] -> 1[85000] via P2P/IPC comm 0x561dfbf4dfd0 nRanks 02
vcjob-2107910235463512066-abc12335-68921-worker-0:134:6586 [4] NCCL INFO Channel 06/0 : 1[85000] -> 0[9000] via P2P/IPC comm 0x55a5f3061920 nRanks 02
vcjob-2107910235463512066-abc12335-68921-worker-0:130:6585 [0] NCCL INFO Channel 20/0 : 0[9000] -> 1[85000] via P2P/IPC comm 0x561dfbf4dfd0 nRanks 02
vcjob-2107910235463512066-abc12335-68921-worker-0:134:6586 [4] NCCL INFO Channel 07/0 : 1[85000] -> 0[9000] via P2P/IPC comm 0x55a5f3061920 nRanks 02
vcjob-2107910235463512066-abc12335-68921-worker-0:130:6585 [0] NCCL INFO Channel 21/0 : 0[9000] -> 1[85000] via P2P/IPC comm 0x561dfbf4dfd0 nRanks 02
vcjob-2107910235463512066-abc12335-68921-worker-0:134:6586 [4] NCCL INFO Channel 08/0 : 1[85000] -> 0[9000] via P2P/IPC comm 0x55a5f3061920 nRanks 02
vcjob-2107910235463512066-abc12335-68921-worker-0:130:6585 [0] NCCL INFO Channel 22/0 : 0[9000] -> 1[85000] via P2P/IPC comm 0x561dfbf4dfd0 nRanks 02
vcjob-2107910235463512066-abc12335-68921-worker-0:134:6586 [4] NCCL INFO Channel 09/0 : 1[85000] -> 0[9000] via P2P/IPC comm 0x55a5f3061920 nRanks 02
vcjob-2107910235463512066-abc12335-68921-worker-0:130:6585 [0] NCCL INFO Channel 23/0 : 0[9000] -> 1[85000] via P2P/IPC comm 0x561dfbf4dfd0 nRanks 02
vcjob-2107910235463512066-abc12335-68921-worker-0:130:6585 [0] NCCL INFO Channel 24/0 : 0[9000] -> 1[85000] via P2P/IPC comm 0x561dfbf4dfd0 nRanks 02
vcjob-2107910235463512066-abc12335-68921-worker-0:134:6586 [4] NCCL INFO Channel 10/0 : 1[85000] -> 0[9000] via P2P/IPC comm 0x55a5f3061920 nRanks 02
vcjob-2107910235463512066-abc12335-68921-worker-0:130:6585 [0] NCCL INFO Channel 25/0 : 0[9000] -> 1[85000] via P2P/IPC comm 0x561dfbf4dfd0 nRanks 02
vcjob-2107910235463512066-abc12335-68921-worker-0:134:6586 [4] NCCL INFO Channel 11/0 : 1[85000] -> 0[9000] via P2P/IPC comm 0x55a5f3061920 nRanks 02
vcjob-2107910235463512066-abc12335-68921-worker-0:130:6585 [0] NCCL INFO Channel 26/0 : 0[9000] -> 1[85000] via P2P/IPC comm 0x561dfbf4dfd0 nRanks 02
vcjob-2107910235463512066-abc12335-68921-worker-0:134:6586 [4] NCCL INFO Channel 12/0 : 1[85000] -> 0[9000] via P2P/IPC comm 0x55a5f3061920 nRanks 02
vcjob-2107910235463512066-abc12335-68921-worker-0:130:6585 [0] NCCL INFO Channel 27/0 : 0[9000] -> 1[85000] via P2P/IPC comm 0x561dfbf4dfd0 nRanks 02
vcjob-2107910235463512066-abc12335-68921-worker-0:134:6586 [4] NCCL INFO Channel 13/0 : 1[85000] -> 0[9000] via P2P/IPC comm 0x55a5f3061920 nRanks 02
vcjob-2107910235463512066-abc12335-68921-worker-0:130:6585 [0] NCCL INFO Channel 28/0 : 0[9000] -> 1[85000] via P2P/IPC comm 0x561dfbf4dfd0 nRanks 02
vcjob-2107910235463512066-abc12335-68921-worker-0:134:6586 [4] NCCL INFO Channel 14/0 : 1[85000] -> 0[9000] via P2P/IPC comm 0x55a5f3061920 nRanks 02
vcjob-2107910235463512066-abc12335-68921-worker-0:130:6585 [0] NCCL INFO Channel 29/0 : 0[9000] -> 1[85000] via P2P/IPC comm 0x561dfbf4dfd0 nRanks 02
vcjob-2107910235463512066-abc12335-68921-worker-0:134:6586 [4] NCCL INFO Channel 15/0 : 1[85000] -> 0[9000] via P2P/IPC comm 0x55a5f3061920 nRanks 02
vcjob-2107910235463512066-abc12335-68921-worker-0:130:6585 [0] NCCL INFO Channel 30/0 : 0[9000] -> 1[85000] via P2P/IPC comm 0x561dfbf4dfd0 nRanks 02
vcjob-2107910235463512066-abc12335-68921-worker-0:134:6586 [4] NCCL INFO Channel 16/0 : 1[85000] -> 0[9000] via P2P/IPC comm 0x55a5f3061920 nRanks 02
vcjob-2107910235463512066-abc12335-68921-worker-0:130:6585 [0] NCCL INFO Channel 31/0 : 0[9000] -> 1[85000] via P2P/IPC comm 0x561dfbf4dfd0 nRanks 02
vcjob-2107910235463512066-abc12335-68921-worker-0:134:6586 [4] NCCL INFO Channel 17/0 : 1[85000] -> 0[9000] via P2P/IPC comm 0x55a5f3061920 nRanks 02
vcjob-2107910235463512066-abc12335-68921-worker-0:134:6586 [4] NCCL INFO Channel 18/0 : 1[85000] -> 0[9000] via P2P/IPC comm 0x55a5f3061920 nRanks 02
vcjob-2107910235463512066-abc12335-68921-worker-0:134:6586 [4] NCCL INFO Channel 19/0 : 1[85000] -> 0[9000] via P2P/IPC comm 0x55a5f3061920 nRanks 02
vcjob-2107910235463512066-abc12335-68921-worker-0:134:6586 [4] NCCL INFO Channel 20/0 : 1[85000] -> 0[9000] via P2P/IPC comm 0x55a5f3061920 nRanks 02
vcjob-2107910235463512066-abc12335-68921-worker-0:134:6586 [4] NCCL INFO Channel 21/0 : 1[85000] -> 0[9000] via P2P/IPC comm 0x55a5f3061920 nRanks 02
vcjob-2107910235463512066-abc12335-68921-worker-0:134:6586 [4] NCCL INFO Channel 22/0 : 1[85000] -> 0[9000] via P2P/IPC comm 0x55a5f3061920 nRanks 02
vcjob-2107910235463512066-abc12335-68921-worker-0:134:6586 [4] NCCL INFO Channel 23/0 : 1[85000] -> 0[9000] via P2P/IPC comm 0x55a5f3061920 nRanks 02
vcjob-2107910235463512066-abc12335-68921-worker-0:134:6586 [4] NCCL INFO Channel 24/0 : 1[85000] -> 0[9000] via P2P/IPC comm 0x55a5f3061920 nRanks 02
vcjob-2107910235463512066-abc12335-68921-worker-0:134:6586 [4] NCCL INFO Channel 25/0 : 1[85000] -> 0[9000] via P2P/IPC comm 0x55a5f3061920 nRanks 02
vcjob-2107910235463512066-abc12335-68921-worker-0:134:6586 [4] NCCL INFO Channel 26/0 : 1[85000] -> 0[9000] via P2P/IPC comm 0x55a5f3061920 nRanks 02
vcjob-2107910235463512066-abc12335-68921-worker-0:134:6586 [4] NCCL INFO Channel 27/0 : 1[85000] -> 0[9000] via P2P/IPC comm 0x55a5f3061920 nRanks 02
vcjob-2107910235463512066-abc12335-68921-worker-0:134:6586 [4] NCCL INFO Channel 28/0 : 1[85000] -> 0[9000] via P2P/IPC comm 0x55a5f3061920 nRanks 02
vcjob-2107910235463512066-abc12335-68921-worker-0:134:6586 [4] NCCL INFO Channel 29/0 : 1[85000] -> 0[9000] via P2P/IPC comm 0x55a5f3061920 nRanks 02
vcjob-2107910235463512066-abc12335-68921-worker-0:134:6586 [4] NCCL INFO Channel 30/0 : 1[85000] -> 0[9000] via P2P/IPC comm 0x55a5f3061920 nRanks 02
vcjob-2107910235463512066-abc12335-68921-worker-0:134:6586 [4] NCCL INFO Channel 31/0 : 1[85000] -> 0[9000] via P2P/IPC comm 0x55a5f3061920 nRanks 02
vcjob-2107910235463512066-abc12335-68921-worker-0:134:6586 [4] NCCL INFO Connected all rings
vcjob-2107910235463512066-abc12335-68921-worker-0:130:6585 [0] NCCL INFO Connected all rings
vcjob-2107910235463512066-abc12335-68921-worker-0:134:6586 [4] NCCL INFO Connected all trees
vcjob-2107910235463512066-abc12335-68921-worker-0:134:6586 [4] NCCL INFO threadThresholds 8/8/64 | 16/8/64 | 256 | 256
vcjob-2107910235463512066-abc12335-68921-worker-0:130:6585 [0] NCCL INFO Connected all trees
vcjob-2107910235463512066-abc12335-68921-worker-0:134:6586 [4] NCCL INFO 32 coll channels, 32 collnet channels, 0 nvls channels, 32 p2p channels, 16 p2p channels per peer
vcjob-2107910235463512066-abc12335-68921-worker-0:130:6585 [0] NCCL INFO threadThresholds 8/8/64 | 16/8/64 | 256 | 256
vcjob-2107910235463512066-abc12335-68921-worker-0:130:6585 [0] NCCL INFO 32 coll channels, 32 collnet channels, 0 nvls channels, 32 p2p channels, 16 p2p channels per peer
vcjob-2107910235463512066-abc12335-68921-worker-0:130:6585 [0] NCCL INFO CC Off, Multi-GPU CC Off, workFifoBytes 4194304
vcjob-2107910235463512066-abc12335-68921-worker-0:130:6585 [0] NCCL INFO ncclCommInitRank comm 0x561dfbf4dfd0 rank 0 nranks 2 cudaDev 0 nvmlDev 0 busId 9000 commId 0x476bc323264bff9b localSize 480 used 993315632 bytes on core 8 - Init COMPLETE
vcjob-2107910235463512066-abc12335-68921-worker-0:130:6585 [0] NCCL INFO Init timings: rank 0 nranks 2 total 0.32 (kernels 0.00, bootstrap 0.02, allgathers 0.00, topo 0.21, graphs 0.00, connections 0.09, rest 0.00)
vcjob-2107910235463512066-abc12335-68921-worker-0:134:6586 [4] NCCL INFO ncclCommInitRank comm 0x55a5f3061920 rank 1 nranks 2 cudaDev 4 nvmlDev 4 busId 85000 commId 0x476bc323264bff9b localSize 480 used 440435680 bytes on core 64 - Init COMPLETE
vcjob-2107910235463512066-abc12335-68921-worker-0:134:6586 [4] NCCL INFO Init timings: rank 1 nranks 2 total 0.32 (kernels 0.00, bootstrap 0.02, allgathers 0.01, topo 0.20, graphs 0.00, connections 0.09, rest 0.00)
I1008 03:06:04.263367   130 ProcessGroupNCCL.cpp:2890] [PG ID 0 PG GUID 0(default_pg) Rank 0] NCCL_DEBUG: INFO
I1008 03:06:04.263405   134 ProcessGroupNCCL.cpp:2890] [PG ID 0 PG GUID 0(default_pg) Rank 4] NCCL_DEBUG: INFO
vcjob-2107910235463512066-abc12335-68921-worker-0:134:6592 [4] NCCL INFO Channel 01/1 : 1[85000] -> 0[9000] via P2P/IPC comm 0x55a5f3061920 nRanks 02
vcjob-2107910235463512066-abc12335-68921-worker-0:134:6592 [4] NCCL INFO Channel 03/1 : 1[85000] -> 0[9000] via P2P/IPC comm 0x55a5f3061920 nRanks 02
vcjob-2107910235463512066-abc12335-68921-worker-0:134:6592 [4] NCCL INFO Channel 05/1 : 1[85000] -> 0[9000] via P2P/IPC comm 0x55a5f3061920 nRanks 02
vcjob-2107910235463512066-abc12335-68921-worker-0:134:6592 [4] NCCL INFO Channel 07/1 : 1[85000] -> 0[9000] via P2P/IPC comm 0x55a5f3061920 nRanks 02
vcjob-2107910235463512066-abc12335-68921-worker-0:134:6592 [4] NCCL INFO Channel 09/1 : 1[85000] -> 0[9000] via P2P/IPC comm 0x55a5f3061920 nRanks 02
vcjob-2107910235463512066-abc12335-68921-worker-0:134:6592 [4] NCCL INFO Channel 11/1 : 1[85000] -> 0[9000] via P2P/IPC comm 0x55a5f3061920 nRanks 02
vcjob-2107910235463512066-abc12335-68921-worker-0:134:6592 [4] NCCL INFO Channel 13/1 : 1[85000] -> 0[9000] via P2P/IPC comm 0x55a5f3061920 nRanks 02
vcjob-2107910235463512066-abc12335-68921-worker-0:134:6592 [4] NCCL INFO Channel 15/1 : 1[85000] -> 0[9000] via P2P/IPC comm 0x55a5f3061920 nRanks 02
vcjob-2107910235463512066-abc12335-68921-worker-0:134:6592 [4] NCCL INFO Channel 17/1 : 1[85000] -> 0[9000] via P2P/IPC comm 0x55a5f3061920 nRanks 02
vcjob-2107910235463512066-abc12335-68921-worker-0:134:6592 [4] NCCL INFO Channel 19/1 : 1[85000] -> 0[9000] via P2P/IPC comm 0x55a5f3061920 nRanks 02
vcjob-2107910235463512066-abc12335-68921-worker-0:134:6592 [4] NCCL INFO Channel 21/1 : 1[85000] -> 0[9000] via P2P/IPC comm 0x55a5f3061920 nRanks 02
vcjob-2107910235463512066-abc12335-68921-worker-0:134:6592 [4] NCCL INFO Channel 23/1 : 1[85000] -> 0[9000] via P2P/IPC comm 0x55a5f3061920 nRanks 02
vcjob-2107910235463512066-abc12335-68921-worker-0:134:6592 [4] NCCL INFO Channel 25/1 : 1[85000] -> 0[9000] via P2P/IPC comm 0x55a5f3061920 nRanks 02
vcjob-2107910235463512066-abc12335-68921-worker-0:134:6592 [4] NCCL INFO Channel 27/1 : 1[85000] -> 0[9000] via P2P/IPC comm 0x55a5f3061920 nRanks 02
vcjob-2107910235463512066-abc12335-68921-worker-0:134:6592 [4] NCCL INFO Channel 29/1 : 1[85000] -> 0[9000] via P2P/IPC comm 0x55a5f3061920 nRanks 02
vcjob-2107910235463512066-abc12335-68921-worker-0:134:6592 [4] NCCL INFO Channel 31/1 : 1[85000] -> 0[9000] via P2P/IPC comm 0x55a5f3061920 nRanks 02

vcjob-2107910235463512066-abc12335-68921-worker-0:130:130 [0] /data/jenkins_workspace/workspace/rccl_release/build/hipify/src/init.cc:170 NCCL WARN NUMA auto balancing enabled which can lead to variability in the RCCL performance! Disable by "sudo sysctl kernel.numa_balancing=0"
vcjob-2107910235463512066-abc12335-68921-worker-0:130:130 [0] NCCL INFO Kernel version: 5.15.0-25-generic

vcjob-2107910235463512066-abc12335-68921-worker-0:130:130 [0] /data/jenkins_workspace/workspace/rccl_release/build/hipify/src/init.cc:191 NCCL WARN Missing "iommu=pt" from kernel command line which can lead to system instablity or hang!
I1008 03:06:04.320015   130 ProcessGroupNCCL.cpp:2857] [PG ID 0 PG GUID 0(default_pg) Rank 0] ProcessGroupNCCL broadcast unique ID through store took 0.052601 ms
I1008 03:06:04.320048   130 NCCLUtils.cpp:75] Rank 0: creating NCCL communicator with mode: blocking

vcjob-2107910235463512066-abc12335-68921-worker-0:130:130 [0] /data/jenkins_workspace/workspace/rccl_release/build/hipify/src/init.cc:170 NCCL WARN NUMA auto balancing enabled which can lead to variability in the RCCL performance! Disable by "sudo sysctl kernel.numa_balancing=0"
vcjob-2107910235463512066-abc12335-68921-worker-0:130:130 [0] NCCL INFO Kernel version: 5.15.0-25-generic

vcjob-2107910235463512066-abc12335-68921-worker-0:130:130 [0] /data/jenkins_workspace/workspace/rccl_release/build/hipify/src/init.cc:191 NCCL WARN Missing "iommu=pt" from kernel command line which can lead to system instablity or hang!
I1008 03:06:04.320147   135 ProcessGroupNCCL.cpp:2857] [PG ID 0 PG GUID 0(default_pg) Rank 5] ProcessGroupNCCL broadcast unique ID through store took 1541.85 ms
I1008 03:06:04.320256   135 NCCLUtils.cpp:75] Rank 1: creating NCCL communicator with mode: blocking

vcjob-2107910235463512066-abc12335-68921-worker-0:135:135 [5] /data/jenkins_workspace/workspace/rccl_release/build/hipify/src/init.cc:170 NCCL WARN NUMA auto balancing enabled which can lead to variability in the RCCL performance! Disable by "sudo sysctl kernel.numa_balancing=0"
vcjob-2107910235463512066-abc12335-68921-worker-0:135:135 [5] NCCL INFO Kernel version: 5.15.0-25-generic

vcjob-2107910235463512066-abc12335-68921-worker-0:135:135 [5] /data/jenkins_workspace/workspace/rccl_release/build/hipify/src/init.cc:191 NCCL WARN Missing "iommu=pt" from kernel command line which can lead to system instablity or hang!
vcjob-2107910235463512066-abc12335-68921-worker-0:130:130 [0] NCCL INFO Comm config Blocking set to 1
vcjob-2107910235463512066-abc12335-68921-worker-0:130:6594 [0] NCCL INFO Using network Socket
vcjob-2107910235463512066-abc12335-68921-worker-0:130:6594 [0] NCCL INFO rocm_smi_lib: version 7.6.0.0
vcjob-2107910235463512066-abc12335-68921-worker-0:135:135 [5] NCCL INFO Comm config Blocking set to 1
vcjob-2107910235463512066-abc12335-68921-worker-0:135:6595 [5] NCCL INFO Using network Socket
vcjob-2107910235463512066-abc12335-68921-worker-0:135:6595 [5] NCCL INFO rocm_smi_lib: version 7.6.0.0
vcjob-2107910235463512066-abc12335-68921-worker-0:135:6595 [5] NCCL INFO ncclCommInitRank comm 0x564775ac4e80 rank 1 nranks 2 cudaDev 5 nvmlDev 5 busId b5000 commId 0xb6ea0b213dac8007 - Init START
vcjob-2107910235463512066-abc12335-68921-worker-0:130:6594 [0] NCCL INFO ncclCommInitRank comm 0x561dfc0097b0 rank 0 nranks 2 cudaDev 0 nvmlDev 0 busId 9000 commId 0xb6ea0b213dac8007 - Init START
vcjob-2107910235463512066-abc12335-68921-worker-0:130:6594 [0] NCCL INFO rank:0 get match hsa dev domain:0x0 bdf:0x900 rank busId:0x36864
vcjob-2107910235463512066-abc12335-68921-worker-0:135:6595 [5] NCCL INFO rank:1 get match hsa dev domain:0x0 bdf:0xb500 rank busId:0x741376
vcjob-2107910235463512066-abc12335-68921-worker-0:130:6594 [0] NCCL INFO XDP Switch is off with xdp_size : 0
vcjob-2107910235463512066-abc12335-68921-worker-0:135:6595 [5] NCCL INFO XDP Switch is off with xdp_size : 0

vcjob-2107910235463512066-abc12335-68921-worker-0:135:6595 [5] /data/jenkins_workspace/workspace/rccl_release/build/hipify/src/graph/xml.cc:1211 NCCL WARN No IB NIC found, the generation of the basic topology has been terminated.

vcjob-2107910235463512066-abc12335-68921-worker-0:130:6594 [0] /data/jenkins_workspace/workspace/rccl_release/build/hipify/src/graph/xml.cc:1211 NCCL WARN No IB NIC found, the generation of the basic topology has been terminated.
vcjob-2107910235463512066-abc12335-68921-worker-0:130:6594 [0] NCCL INFO rocm_smi_lib: version 7.6.0.0
vcjob-2107910235463512066-abc12335-68921-worker-0:135:6595 [5] NCCL INFO rocm_smi_lib: version 7.6.0.0
vcjob-2107910235463512066-abc12335-68921-worker-0:130:6594 [0] NCCL INFO Setting affinity for GPU 0 to ffff
vcjob-2107910235463512066-abc12335-68921-worker-0:130:6594 [0] NCCL INFO Rank:0 Get link topo from rocmDev:0 linkNum:8 link:0 linkState:1 remote type:1 bdf:0x9b00 topoType:2
vcjob-2107910235463512066-abc12335-68921-worker-0:130:6594 [0] NCCL INFO Transport init rank 0 useXdp 0 linkTopoType 2
vcjob-2107910235463512066-abc12335-68921-worker-0:135:6595 [5] NCCL INFO Setting affinity for GPU 5 to ffff0000,00000000,00000000,00000000
vcjob-2107910235463512066-abc12335-68921-worker-0:135:6595 [5] NCCL INFO Rank:1 Get link topo from rocmDev:0 linkNum:8 link:0 linkState:1 remote type:1 bdf:0x9b00 topoType:2
vcjob-2107910235463512066-abc12335-68921-worker-0:135:6595 [5] NCCL INFO Transport init rank 1 useXdp 0 linkTopoType 2
vcjob-2107910235463512066-abc12335-68921-worker-0:130:6594 [0] NCCL INFO comm 0x561dfc0097b0 rank 0 nRanks 2 nNodes 1 localRanks 2 localRank 0 MNNVL 0
vcjob-2107910235463512066-abc12335-68921-worker-0:135:6595 [5] NCCL INFO comm 0x564775ac4e80 rank 1 nRanks 2 nNodes 1 localRanks 2 localRank 1 MNNVL 0
vcjob-2107910235463512066-abc12335-68921-worker-0:130:6594 [0] NCCL INFO Channel 00/32 :    0   1
vcjob-2107910235463512066-abc12335-68921-worker-0:130:6594 [0] NCCL INFO Channel 01/32 :    0   1
vcjob-2107910235463512066-abc12335-68921-worker-0:130:6594 [0] NCCL INFO Channel 02/32 :    0   1
vcjob-2107910235463512066-abc12335-68921-worker-0:130:6594 [0] NCCL INFO Channel 03/32 :    0   1
vcjob-2107910235463512066-abc12335-68921-worker-0:130:6594 [0] NCCL INFO Channel 04/32 :    0   1
vcjob-2107910235463512066-abc12335-68921-worker-0:130:6594 [0] NCCL INFO Channel 05/32 :    0   1
vcjob-2107910235463512066-abc12335-68921-worker-0:130:6594 [0] NCCL INFO Channel 06/32 :    0   1
vcjob-2107910235463512066-abc12335-68921-worker-0:130:6594 [0] NCCL INFO Channel 07/32 :    0   1
vcjob-2107910235463512066-abc12335-68921-worker-0:130:6594 [0] NCCL INFO Channel 08/32 :    0   1
vcjob-2107910235463512066-abc12335-68921-worker-0:130:6594 [0] NCCL INFO Channel 09/32 :    0   1
vcjob-2107910235463512066-abc12335-68921-worker-0:130:6594 [0] NCCL INFO Channel 10/32 :    0   1
vcjob-2107910235463512066-abc12335-68921-worker-0:130:6594 [0] NCCL INFO Channel 11/32 :    0   1
vcjob-2107910235463512066-abc12335-68921-worker-0:130:6594 [0] NCCL INFO Channel 12/32 :    0   1
vcjob-2107910235463512066-abc12335-68921-worker-0:130:6594 [0] NCCL INFO Channel 13/32 :    0   1
vcjob-2107910235463512066-abc12335-68921-worker-0:130:6594 [0] NCCL INFO Channel 14/32 :    0   1
vcjob-2107910235463512066-abc12335-68921-worker-0:135:6595 [5] NCCL INFO Trees [0] -1/-1/-1->1->0 [1] -1/-1/-1->1->0 [2] -1/-1/-1->1->0 [3] 0/-1/-1->1->-1 [4] -1/-1/-1->1->0 [5] -1/-1/-1->1->0 [6] -1/-1/-1->1->0 [7] 0/-1/-1->1->-1 [8] -1/-1/-1->1->0 [9] -1/-1/-1->1->0 [10] -1/-1/-1->1->0 [11] 0/-1/-1->1->-1 [12] -1/-1/-1->1->0 [13] -1/-1/-1->1->0 [14] -1/-1/-1->1->0 [15] 0/-1/-1->1->-1 [16] -1/-1/-1->1->0 [17] -1/-1/-1->1->0 [18] -1/-1/-1->1->0 [19] 0/-1/-1->1->-1 [20] -1/-1/-1->1->0 [21] -1/-1/-1->1->0 [22] -1/-1/-1->1->0 [23] 0/-1/-1->1->-1 [24] -1/-1/-1->1->0 [25] -1/-1/-1->1->0 [26] -1/-1/-1->1->0 [27] 0/-1/-1->1->-1 [28] -1/-1/-1->1->0 [29] -1/-1/-1->1->0 [30] -1/-1/-1->1->0 [31] 0/-1/-1->1->-1 comm 0x564775ac4e80 nRanks 02 busId b5000
vcjob-2107910235463512066-abc12335-68921-worker-0:130:6594 [0] NCCL INFO Channel 15/32 :    0   1
vcjob-2107910235463512066-abc12335-68921-worker-0:130:6594 [0] NCCL INFO Channel 16/32 :    0   1
vcjob-2107910235463512066-abc12335-68921-worker-0:135:6595 [5] NCCL INFO P2P Chunksize set to 262144
vcjob-2107910235463512066-abc12335-68921-worker-0:130:6594 [0] NCCL INFO Channel 17/32 :    0   1
vcjob-2107910235463512066-abc12335-68921-worker-0:130:6594 [0] NCCL INFO Channel 18/32 :    0   1
vcjob-2107910235463512066-abc12335-68921-worker-0:135:6595 [5] NCCL INFO comm->autoPerPeerOn: 1, comm->p2pnChannels: 32, comm->p2pnChannelsPerPeer: 16
vcjob-2107910235463512066-abc12335-68921-worker-0:130:6594 [0] NCCL INFO Channel 19/32 :    0   1
vcjob-2107910235463512066-abc12335-68921-worker-0:130:6594 [0] NCCL INFO Channel 20/32 :    0   1
vcjob-2107910235463512066-abc12335-68921-worker-0:130:6594 [0] NCCL INFO Channel 21/32 :    0   1
vcjob-2107910235463512066-abc12335-68921-worker-0:130:6594 [0] NCCL INFO Channel 22/32 :    0   1
vcjob-2107910235463512066-abc12335-68921-worker-0:130:6594 [0] NCCL INFO Channel 23/32 :    0   1
vcjob-2107910235463512066-abc12335-68921-worker-0:130:6594 [0] NCCL INFO Channel 24/32 :    0   1
vcjob-2107910235463512066-abc12335-68921-worker-0:130:6594 [0] NCCL INFO Channel 25/32 :    0   1
vcjob-2107910235463512066-abc12335-68921-worker-0:130:6594 [0] NCCL INFO Channel 26/32 :    0   1
vcjob-2107910235463512066-abc12335-68921-worker-0:130:6594 [0] NCCL INFO Channel 27/32 :    0   1
vcjob-2107910235463512066-abc12335-68921-worker-0:130:6594 [0] NCCL INFO Channel 28/32 :    0   1
vcjob-2107910235463512066-abc12335-68921-worker-0:130:6594 [0] NCCL INFO Channel 29/32 :    0   1
vcjob-2107910235463512066-abc12335-68921-worker-0:130:6594 [0] NCCL INFO Channel 30/32 :    0   1
vcjob-2107910235463512066-abc12335-68921-worker-0:130:6594 [0] NCCL INFO Channel 31/32 :    0   1
vcjob-2107910235463512066-abc12335-68921-worker-0:130:6594 [0] NCCL INFO Trees [0] 1/-1/-1->0->-1 [1] 1/-1/-1->0->-1 [2] 1/-1/-1->0->-1 [3] -1/-1/-1->0->1 [4] 1/-1/-1->0->-1 [5] 1/-1/-1->0->-1 [6] 1/-1/-1->0->-1 [7] -1/-1/-1->0->1 [8] 1/-1/-1->0->-1 [9] 1/-1/-1->0->-1 [10] 1/-1/-1->0->-1 [11] -1/-1/-1->0->1 [12] 1/-1/-1->0->-1 [13] 1/-1/-1->0->-1 [14] 1/-1/-1->0->-1 [15] -1/-1/-1->0->1 [16] 1/-1/-1->0->-1 [17] 1/-1/-1->0->-1 [18] 1/-1/-1->0->-1 [19] -1/-1/-1->0->1 [20] 1/-1/-1->0->-1 [21] 1/-1/-1->0->-1 [22] 1/-1/-1->0->-1 [23] -1/-1/-1->0->1 [24] 1/-1/-1->0->-1 [25] 1/-1/-1->0->-1 [26] 1/-1/-1->0->-1 [27] -1/-1/-1->0->1 [28] 1/-1/-1->0->-1 [29] 1/-1/-1->0->-1 [30] 1/-1/-1->0->-1 [31] -1/-1/-1->0->1 comm 0x561dfc0097b0 nRanks 02 busId 9000
vcjob-2107910235463512066-abc12335-68921-worker-0:130:6594 [0] NCCL INFO P2P Chunksize set to 262144
vcjob-2107910235463512066-abc12335-68921-worker-0:130:6594 [0] NCCL INFO comm->autoPerPeerOn: 1, comm->p2pnChannels: 32, comm->p2pnChannelsPerPeer: 16
vcjob-2107910235463512066-abc12335-68921-worker-0:130:6594 [0] NCCL INFO Channel 00/0 : 0[9000] -> 1[b5000] via P2P/IPC comm 0x561dfc0097b0 nRanks 02
vcjob-2107910235463512066-abc12335-68921-worker-0:130:6594 [0] NCCL INFO Channel 01/0 : 0[9000] -> 1[b5000] via P2P/IPC comm 0x561dfc0097b0 nRanks 02
vcjob-2107910235463512066-abc12335-68921-worker-0:130:6594 [0] NCCL INFO Channel 02/0 : 0[9000] -> 1[b5000] via P2P/IPC comm 0x561dfc0097b0 nRanks 02
vcjob-2107910235463512066-abc12335-68921-worker-0:130:6594 [0] NCCL INFO Channel 03/0 : 0[9000] -> 1[b5000] via P2P/IPC comm 0x561dfc0097b0 nRanks 02
vcjob-2107910235463512066-abc12335-68921-worker-0:130:6594 [0] NCCL INFO Channel 04/0 : 0[9000] -> 1[b5000] via P2P/IPC comm 0x561dfc0097b0 nRanks 02
vcjob-2107910235463512066-abc12335-68921-worker-0:130:6594 [0] NCCL INFO Channel 05/0 : 0[9000] -> 1[b5000] via P2P/IPC comm 0x561dfc0097b0 nRanks 02
vcjob-2107910235463512066-abc12335-68921-worker-0:130:6594 [0] NCCL INFO Channel 06/0 : 0[9000] -> 1[b5000] via P2P/IPC comm 0x561dfc0097b0 nRanks 02
vcjob-2107910235463512066-abc12335-68921-worker-0:130:6594 [0] NCCL INFO Channel 07/0 : 0[9000] -> 1[b5000] via P2P/IPC comm 0x561dfc0097b0 nRanks 02
vcjob-2107910235463512066-abc12335-68921-worker-0:130:6594 [0] NCCL INFO Channel 08/0 : 0[9000] -> 1[b5000] via P2P/IPC comm 0x561dfc0097b0 nRanks 02
vcjob-2107910235463512066-abc12335-68921-worker-0:130:6594 [0] NCCL INFO Channel 09/0 : 0[9000] -> 1[b5000] via P2P/IPC comm 0x561dfc0097b0 nRanks 02
vcjob-2107910235463512066-abc12335-68921-worker-0:130:6594 [0] NCCL INFO Channel 10/0 : 0[9000] -> 1[b5000] via P2P/IPC comm 0x561dfc0097b0 nRanks 02
vcjob-2107910235463512066-abc12335-68921-worker-0:130:6594 [0] NCCL INFO Channel 11/0 : 0[9000] -> 1[b5000] via P2P/IPC comm 0x561dfc0097b0 nRanks 02
vcjob-2107910235463512066-abc12335-68921-worker-0:130:6594 [0] NCCL INFO Channel 12/0 : 0[9000] -> 1[b5000] via P2P/IPC comm 0x561dfc0097b0 nRanks 02
vcjob-2107910235463512066-abc12335-68921-worker-0:135:6595 [5] NCCL INFO Channel 00/0 : 1[b5000] -> 0[9000] via P2P/IPC comm 0x564775ac4e80 nRanks 02
vcjob-2107910235463512066-abc12335-68921-worker-0:130:6594 [0] NCCL INFO Channel 13/0 : 0[9000] -> 1[b5000] via P2P/IPC comm 0x561dfc0097b0 nRanks 02
vcjob-2107910235463512066-abc12335-68921-worker-0:130:6594 [0] NCCL INFO Channel 14/0 : 0[9000] -> 1[b5000] via P2P/IPC comm 0x561dfc0097b0 nRanks 02
vcjob-2107910235463512066-abc12335-68921-worker-0:135:6595 [5] NCCL INFO Channel 01/0 : 1[b5000] -> 0[9000] via P2P/IPC comm 0x564775ac4e80 nRanks 02
vcjob-2107910235463512066-abc12335-68921-worker-0:130:6594 [0] NCCL INFO Channel 15/0 : 0[9000] -> 1[b5000] via P2P/IPC comm 0x561dfc0097b0 nRanks 02
vcjob-2107910235463512066-abc12335-68921-worker-0:135:6595 [5] NCCL INFO Channel 02/0 : 1[b5000] -> 0[9000] via P2P/IPC comm 0x564775ac4e80 nRanks 02
vcjob-2107910235463512066-abc12335-68921-worker-0:130:6594 [0] NCCL INFO Channel 16/0 : 0[9000] -> 1[b5000] via P2P/IPC comm 0x561dfc0097b0 nRanks 02
vcjob-2107910235463512066-abc12335-68921-worker-0:135:6595 [5] NCCL INFO Channel 03/0 : 1[b5000] -> 0[9000] via P2P/IPC comm 0x564775ac4e80 nRanks 02
vcjob-2107910235463512066-abc12335-68921-worker-0:130:6594 [0] NCCL INFO Channel 17/0 : 0[9000] -> 1[b5000] via P2P/IPC comm 0x561dfc0097b0 nRanks 02
vcjob-2107910235463512066-abc12335-68921-worker-0:135:6595 [5] NCCL INFO Channel 04/0 : 1[b5000] -> 0[9000] via P2P/IPC comm 0x564775ac4e80 nRanks 02
vcjob-2107910235463512066-abc12335-68921-worker-0:130:6594 [0] NCCL INFO Channel 18/0 : 0[9000] -> 1[b5000] via P2P/IPC comm 0x561dfc0097b0 nRanks 02
vcjob-2107910235463512066-abc12335-68921-worker-0:135:6595 [5] NCCL INFO Channel 05/0 : 1[b5000] -> 0[9000] via P2P/IPC comm 0x564775ac4e80 nRanks 02
vcjob-2107910235463512066-abc12335-68921-worker-0:130:6594 [0] NCCL INFO Channel 19/0 : 0[9000] -> 1[b5000] via P2P/IPC comm 0x561dfc0097b0 nRanks 02
vcjob-2107910235463512066-abc12335-68921-worker-0:130:6594 [0] NCCL INFO Channel 20/0 : 0[9000] -> 1[b5000] via P2P/IPC comm 0x561dfc0097b0 nRanks 02
vcjob-2107910235463512066-abc12335-68921-worker-0:135:6595 [5] NCCL INFO Channel 06/0 : 1[b5000] -> 0[9000] via P2P/IPC comm 0x564775ac4e80 nRanks 02
vcjob-2107910235463512066-abc12335-68921-worker-0:130:6594 [0] NCCL INFO Channel 21/0 : 0[9000] -> 1[b5000] via P2P/IPC comm 0x561dfc0097b0 nRanks 02
vcjob-2107910235463512066-abc12335-68921-worker-0:135:6595 [5] NCCL INFO Channel 07/0 : 1[b5000] -> 0[9000] via P2P/IPC comm 0x564775ac4e80 nRanks 02
vcjob-2107910235463512066-abc12335-68921-worker-0:130:6594 [0] NCCL INFO Channel 22/0 : 0[9000] -> 1[b5000] via P2P/IPC comm 0x561dfc0097b0 nRanks 02
vcjob-2107910235463512066-abc12335-68921-worker-0:135:6595 [5] NCCL INFO Channel 08/0 : 1[b5000] -> 0[9000] via P2P/IPC comm 0x564775ac4e80 nRanks 02
vcjob-2107910235463512066-abc12335-68921-worker-0:130:6594 [0] NCCL INFO Channel 23/0 : 0[9000] -> 1[b5000] via P2P/IPC comm 0x561dfc0097b0 nRanks 02
vcjob-2107910235463512066-abc12335-68921-worker-0:135:6595 [5] NCCL INFO Channel 09/0 : 1[b5000] -> 0[9000] via P2P/IPC comm 0x564775ac4e80 nRanks 02
vcjob-2107910235463512066-abc12335-68921-worker-0:130:6594 [0] NCCL INFO Channel 24/0 : 0[9000] -> 1[b5000] via P2P/IPC comm 0x561dfc0097b0 nRanks 02
vcjob-2107910235463512066-abc12335-68921-worker-0:135:6595 [5] NCCL INFO Channel 10/0 : 1[b5000] -> 0[9000] via P2P/IPC comm 0x564775ac4e80 nRanks 02
vcjob-2107910235463512066-abc12335-68921-worker-0:130:6594 [0] NCCL INFO Channel 25/0 : 0[9000] -> 1[b5000] via P2P/IPC comm 0x561dfc0097b0 nRanks 02
vcjob-2107910235463512066-abc12335-68921-worker-0:135:6595 [5] NCCL INFO Channel 11/0 : 1[b5000] -> 0[9000] via P2P/IPC comm 0x564775ac4e80 nRanks 02
vcjob-2107910235463512066-abc12335-68921-worker-0:130:6594 [0] NCCL INFO Channel 26/0 : 0[9000] -> 1[b5000] via P2P/IPC comm 0x561dfc0097b0 nRanks 02
vcjob-2107910235463512066-abc12335-68921-worker-0:135:6595 [5] NCCL INFO Channel 12/0 : 1[b5000] -> 0[9000] via P2P/IPC comm 0x564775ac4e80 nRanks 02
vcjob-2107910235463512066-abc12335-68921-worker-0:130:6594 [0] NCCL INFO Channel 27/0 : 0[9000] -> 1[b5000] via P2P/IPC comm 0x561dfc0097b0 nRanks 02
vcjob-2107910235463512066-abc12335-68921-worker-0:135:6595 [5] NCCL INFO Channel 13/0 : 1[b5000] -> 0[9000] via P2P/IPC comm 0x564775ac4e80 nRanks 02
vcjob-2107910235463512066-abc12335-68921-worker-0:130:6594 [0] NCCL INFO Channel 28/0 : 0[9000] -> 1[b5000] via P2P/IPC comm 0x561dfc0097b0 nRanks 02
vcjob-2107910235463512066-abc12335-68921-worker-0:135:6595 [5] NCCL INFO Channel 14/0 : 1[b5000] -> 0[9000] via P2P/IPC comm 0x564775ac4e80 nRanks 02
vcjob-2107910235463512066-abc12335-68921-worker-0:130:6594 [0] NCCL INFO Channel 29/0 : 0[9000] -> 1[b5000] via P2P/IPC comm 0x561dfc0097b0 nRanks 02
vcjob-2107910235463512066-abc12335-68921-worker-0:130:6594 [0] NCCL INFO Channel 30/0 : 0[9000] -> 1[b5000] via P2P/IPC comm 0x561dfc0097b0 nRanks 02
vcjob-2107910235463512066-abc12335-68921-worker-0:135:6595 [5] NCCL INFO Channel 15/0 : 1[b5000] -> 0[9000] via P2P/IPC comm 0x564775ac4e80 nRanks 02
vcjob-2107910235463512066-abc12335-68921-worker-0:130:6594 [0] NCCL INFO Channel 31/0 : 0[9000] -> 1[b5000] via P2P/IPC comm 0x561dfc0097b0 nRanks 02
vcjob-2107910235463512066-abc12335-68921-worker-0:135:6595 [5] NCCL INFO Channel 16/0 : 1[b5000] -> 0[9000] via P2P/IPC comm 0x564775ac4e80 nRanks 02
vcjob-2107910235463512066-abc12335-68921-worker-0:135:6595 [5] NCCL INFO Channel 17/0 : 1[b5000] -> 0[9000] via P2P/IPC comm 0x564775ac4e80 nRanks 02
vcjob-2107910235463512066-abc12335-68921-worker-0:135:6595 [5] NCCL INFO Channel 18/0 : 1[b5000] -> 0[9000] via P2P/IPC comm 0x564775ac4e80 nRanks 02
vcjob-2107910235463512066-abc12335-68921-worker-0:135:6595 [5] NCCL INFO Channel 19/0 : 1[b5000] -> 0[9000] via P2P/IPC comm 0x564775ac4e80 nRanks 02
vcjob-2107910235463512066-abc12335-68921-worker-0:135:6595 [5] NCCL INFO Channel 20/0 : 1[b5000] -> 0[9000] via P2P/IPC comm 0x564775ac4e80 nRanks 02
vcjob-2107910235463512066-abc12335-68921-worker-0:135:6595 [5] NCCL INFO Channel 21/0 : 1[b5000] -> 0[9000] via P2P/IPC comm 0x564775ac4e80 nRanks 02
vcjob-2107910235463512066-abc12335-68921-worker-0:135:6595 [5] NCCL INFO Channel 22/0 : 1[b5000] -> 0[9000] via P2P/IPC comm 0x564775ac4e80 nRanks 02
vcjob-2107910235463512066-abc12335-68921-worker-0:135:6595 [5] NCCL INFO Channel 23/0 : 1[b5000] -> 0[9000] via P2P/IPC comm 0x564775ac4e80 nRanks 02
vcjob-2107910235463512066-abc12335-68921-worker-0:135:6595 [5] NCCL INFO Channel 24/0 : 1[b5000] -> 0[9000] via P2P/IPC comm 0x564775ac4e80 nRanks 02
vcjob-2107910235463512066-abc12335-68921-worker-0:135:6595 [5] NCCL INFO Channel 25/0 : 1[b5000] -> 0[9000] via P2P/IPC comm 0x564775ac4e80 nRanks 02
vcjob-2107910235463512066-abc12335-68921-worker-0:135:6595 [5] NCCL INFO Channel 26/0 : 1[b5000] -> 0[9000] via P2P/IPC comm 0x564775ac4e80 nRanks 02
vcjob-2107910235463512066-abc12335-68921-worker-0:135:6595 [5] NCCL INFO Channel 27/0 : 1[b5000] -> 0[9000] via P2P/IPC comm 0x564775ac4e80 nRanks 02
vcjob-2107910235463512066-abc12335-68921-worker-0:135:6595 [5] NCCL INFO Channel 28/0 : 1[b5000] -> 0[9000] via P2P/IPC comm 0x564775ac4e80 nRanks 02
vcjob-2107910235463512066-abc12335-68921-worker-0:135:6595 [5] NCCL INFO Channel 29/0 : 1[b5000] -> 0[9000] via P2P/IPC comm 0x564775ac4e80 nRanks 02
vcjob-2107910235463512066-abc12335-68921-worker-0:135:6595 [5] NCCL INFO Channel 30/0 : 1[b5000] -> 0[9000] via P2P/IPC comm 0x564775ac4e80 nRanks 02
vcjob-2107910235463512066-abc12335-68921-worker-0:135:6595 [5] NCCL INFO Channel 31/0 : 1[b5000] -> 0[9000] via P2P/IPC comm 0x564775ac4e80 nRanks 02
vcjob-2107910235463512066-abc12335-68921-worker-0:130:6594 [0] NCCL INFO Connected all rings
vcjob-2107910235463512066-abc12335-68921-worker-0:135:6595 [5] NCCL INFO Connected all rings
vcjob-2107910235463512066-abc12335-68921-worker-0:135:6595 [5] NCCL INFO Connected all trees
vcjob-2107910235463512066-abc12335-68921-worker-0:130:6594 [0] NCCL INFO Connected all trees
vcjob-2107910235463512066-abc12335-68921-worker-0:135:6595 [5] NCCL INFO threadThresholds 8/8/64 | 16/8/64 | 256 | 256
vcjob-2107910235463512066-abc12335-68921-worker-0:135:6595 [5] NCCL INFO 32 coll channels, 32 collnet channels, 0 nvls channels, 32 p2p channels, 16 p2p channels per peer
vcjob-2107910235463512066-abc12335-68921-worker-0:130:6594 [0] NCCL INFO threadThresholds 8/8/64 | 16/8/64 | 256 | 256
vcjob-2107910235463512066-abc12335-68921-worker-0:130:6594 [0] NCCL INFO 32 coll channels, 32 collnet channels, 0 nvls channels, 32 p2p channels, 16 p2p channels per peer
vcjob-2107910235463512066-abc12335-68921-worker-0:130:6594 [0] NCCL INFO CC Off, Multi-GPU CC Off, workFifoBytes 4194304
vcjob-2107910235463512066-abc12335-68921-worker-0:130:6594 [0] NCCL INFO ncclCommInitRank comm 0x561dfc0097b0 rank 0 nranks 2 cudaDev 0 nvmlDev 0 busId 9000 commId 0xb6ea0b213dac8007 localSize 480 used 1196527008 bytes on core 0 - Init COMPLETE
vcjob-2107910235463512066-abc12335-68921-worker-0:130:6594 [0] NCCL INFO Init timings: rank 0 nranks 2 total 0.32 (kernels 0.00, bootstrap 0.03, allgathers 0.01, topo 0.19, graphs 0.00, connections 0.09, rest 0.00)
vcjob-2107910235463512066-abc12335-68921-worker-0:135:6595 [5] NCCL INFO ncclCommInitRank comm 0x564775ac4e80 rank 1 nranks 2 cudaDev 5 nvmlDev 5 busId b5000 commId 0xb6ea0b213dac8007 localSize 480 used 440435680 bytes on core 112 - Init COMPLETE
vcjob-2107910235463512066-abc12335-68921-worker-0:135:6595 [5] NCCL INFO Init timings: rank 1 nranks 2 total 0.32 (kernels 0.00, bootstrap 0.03, allgathers 0.00, topo 0.20, graphs 0.00, connections 0.09, rest 0.00)
I1008 03:06:04.642028   130 ProcessGroupNCCL.cpp:2890] [PG ID 0 PG GUID 0(default_pg) Rank 0] NCCL_DEBUG: INFO
I1008 03:06:04.642133   135 ProcessGroupNCCL.cpp:2890] [PG ID 0 PG GUID 0(default_pg) Rank 5] NCCL_DEBUG: INFO
vcjob-2107910235463512066-abc12335-68921-worker-0:135:6601 [5] NCCL INFO Channel 01/1 : 1[b5000] -> 0[9000] via P2P/IPC comm 0x564775ac4e80 nRanks 02
vcjob-2107910235463512066-abc12335-68921-worker-0:135:6601 [5] NCCL INFO Channel 03/1 : 1[b5000] -> 0[9000] via P2P/IPC comm 0x564775ac4e80 nRanks 02
vcjob-2107910235463512066-abc12335-68921-worker-0:135:6601 [5] NCCL INFO Channel 05/1 : 1[b5000] -> 0[9000] via P2P/IPC comm 0x564775ac4e80 nRanks 02
vcjob-2107910235463512066-abc12335-68921-worker-0:135:6601 [5] NCCL INFO Channel 07/1 : 1[b5000] -> 0[9000] via P2P/IPC comm 0x564775ac4e80 nRanks 02
vcjob-2107910235463512066-abc12335-68921-worker-0:135:6601 [5] NCCL INFO Channel 09/1 : 1[b5000] -> 0[9000] via P2P/IPC comm 0x564775ac4e80 nRanks 02
vcjob-2107910235463512066-abc12335-68921-worker-0:135:6601 [5] NCCL INFO Channel 11/1 : 1[b5000] -> 0[9000] via P2P/IPC comm 0x564775ac4e80 nRanks 02
vcjob-2107910235463512066-abc12335-68921-worker-0:135:6601 [5] NCCL INFO Channel 13/1 : 1[b5000] -> 0[9000] via P2P/IPC comm 0x564775ac4e80 nRanks 02
vcjob-2107910235463512066-abc12335-68921-worker-0:135:6601 [5] NCCL INFO Channel 15/1 : 1[b5000] -> 0[9000] via P2P/IPC comm 0x564775ac4e80 nRanks 02
vcjob-2107910235463512066-abc12335-68921-worker-0:135:6601 [5] NCCL INFO Channel 17/1 : 1[b5000] -> 0[9000] via P2P/IPC comm 0x564775ac4e80 nRanks 02
vcjob-2107910235463512066-abc12335-68921-worker-0:135:6601 [5] NCCL INFO Channel 19/1 : 1[b5000] -> 0[9000] via P2P/IPC comm 0x564775ac4e80 nRanks 02
vcjob-2107910235463512066-abc12335-68921-worker-0:135:6601 [5] NCCL INFO Channel 21/1 : 1[b5000] -> 0[9000] via P2P/IPC comm 0x564775ac4e80 nRanks 02
vcjob-2107910235463512066-abc12335-68921-worker-0:135:6601 [5] NCCL INFO Channel 23/1 : 1[b5000] -> 0[9000] via P2P/IPC comm 0x564775ac4e80 nRanks 02
vcjob-2107910235463512066-abc12335-68921-worker-0:135:6601 [5] NCCL INFO Channel 25/1 : 1[b5000] -> 0[9000] via P2P/IPC comm 0x564775ac4e80 nRanks 02
vcjob-2107910235463512066-abc12335-68921-worker-0:135:6601 [5] NCCL INFO Channel 27/1 : 1[b5000] -> 0[9000] via P2P/IPC comm 0x564775ac4e80 nRanks 02
vcjob-2107910235463512066-abc12335-68921-worker-0:135:6601 [5] NCCL INFO Channel 29/1 : 1[b5000] -> 0[9000] via P2P/IPC comm 0x564775ac4e80 nRanks 02
vcjob-2107910235463512066-abc12335-68921-worker-0:135:6601 [5] NCCL INFO Channel 31/1 : 1[b5000] -> 0[9000] via P2P/IPC comm 0x564775ac4e80 nRanks 02

vcjob-2107910235463512066-abc12335-68921-worker-0:130:130 [0] /data/jenkins_workspace/workspace/rccl_release/build/hipify/src/init.cc:170 NCCL WARN NUMA auto balancing enabled which can lead to variability in the RCCL performance! Disable by "sudo sysctl kernel.numa_balancing=0"
vcjob-2107910235463512066-abc12335-68921-worker-0:130:130 [0] NCCL INFO Kernel version: 5.15.0-25-generic

vcjob-2107910235463512066-abc12335-68921-worker-0:130:130 [0] /data/jenkins_workspace/workspace/rccl_release/build/hipify/src/init.cc:191 NCCL WARN Missing "iommu=pt" from kernel command line which can lead to system instablity or hang!
I1008 03:06:04.681370   130 ProcessGroupNCCL.cpp:2857] [PG ID 0 PG GUID 0(default_pg) Rank 0] ProcessGroupNCCL broadcast unique ID through store took 0.068171 ms
I1008 03:06:04.681397   130 NCCLUtils.cpp:75] Rank 0: creating NCCL communicator with mode: blocking

vcjob-2107910235463512066-abc12335-68921-worker-0:130:130 [0] /data/jenkins_workspace/workspace/rccl_release/build/hipify/src/init.cc:170 NCCL WARN NUMA auto balancing enabled which can lead to variability in the RCCL performance! Disable by "sudo sysctl kernel.numa_balancing=0"
vcjob-2107910235463512066-abc12335-68921-worker-0:130:130 [0] NCCL INFO Kernel version: 5.15.0-25-generic

vcjob-2107910235463512066-abc12335-68921-worker-0:130:130 [0] /data/jenkins_workspace/workspace/rccl_release/build/hipify/src/init.cc:191 NCCL WARN Missing "iommu=pt" from kernel command line which can lead to system instablity or hang!
I1008 03:06:04.681617   136 ProcessGroupNCCL.cpp:2857] [PG ID 0 PG GUID 0(default_pg) Rank 6] ProcessGroupNCCL broadcast unique ID through store took 1903.29 ms
I1008 03:06:04.681746   136 NCCLUtils.cpp:75] Rank 1: creating NCCL communicator with mode: blocking

vcjob-2107910235463512066-abc12335-68921-worker-0:136:136 [6] /data/jenkins_workspace/workspace/rccl_release/build/hipify/src/init.cc:170 NCCL WARN NUMA auto balancing enabled which can lead to variability in the RCCL performance! Disable by "sudo sysctl kernel.numa_balancing=0"
vcjob-2107910235463512066-abc12335-68921-worker-0:136:136 [6] NCCL INFO Kernel version: 5.15.0-25-generic

vcjob-2107910235463512066-abc12335-68921-worker-0:136:136 [6] /data/jenkins_workspace/workspace/rccl_release/build/hipify/src/init.cc:191 NCCL WARN Missing "iommu=pt" from kernel command line which can lead to system instablity or hang!
vcjob-2107910235463512066-abc12335-68921-worker-0:136:136 [6] NCCL INFO Comm config Blocking set to 1
vcjob-2107910235463512066-abc12335-68921-worker-0:136:6603 [6] NCCL INFO Using network Socket
vcjob-2107910235463512066-abc12335-68921-worker-0:136:6603 [6] NCCL INFO rocm_smi_lib: version 7.6.0.0
vcjob-2107910235463512066-abc12335-68921-worker-0:130:130 [0] NCCL INFO Comm config Blocking set to 1
vcjob-2107910235463512066-abc12335-68921-worker-0:130:6604 [0] NCCL INFO Using network Socket
vcjob-2107910235463512066-abc12335-68921-worker-0:130:6604 [0] NCCL INFO rocm_smi_lib: version 7.6.0.0
vcjob-2107910235463512066-abc12335-68921-worker-0:130:6604 [0] NCCL INFO ncclCommInitRank comm 0x561dfc153870 rank 0 nranks 2 cudaDev 0 nvmlDev 0 busId 9000 commId 0xf9b3eccffbde2481 - Init START
vcjob-2107910235463512066-abc12335-68921-worker-0:136:6603 [6] NCCL INFO ncclCommInitRank comm 0x56469ac27d00 rank 1 nranks 2 cudaDev 6 nvmlDev 6 busId d5000 commId 0xf9b3eccffbde2481 - Init START
vcjob-2107910235463512066-abc12335-68921-worker-0:130:6604 [0] NCCL INFO rank:0 get match hsa dev domain:0x0 bdf:0x900 rank busId:0x36864
vcjob-2107910235463512066-abc12335-68921-worker-0:136:6603 [6] NCCL INFO rank:1 get match hsa dev domain:0x0 bdf:0xd500 rank busId:0x872448
vcjob-2107910235463512066-abc12335-68921-worker-0:130:6604 [0] NCCL INFO XDP Switch is off with xdp_size : 0
vcjob-2107910235463512066-abc12335-68921-worker-0:136:6603 [6] NCCL INFO XDP Switch is off with xdp_size : 0

vcjob-2107910235463512066-abc12335-68921-worker-0:136:6603 [6] /data/jenkins_workspace/workspace/rccl_release/build/hipify/src/graph/xml.cc:1211 NCCL WARN No IB NIC found, the generation of the basic topology has been terminated.

vcjob-2107910235463512066-abc12335-68921-worker-0:130:6604 [0] /data/jenkins_workspace/workspace/rccl_release/build/hipify/src/graph/xml.cc:1211 NCCL WARN No IB NIC found, the generation of the basic topology has been terminated.
vcjob-2107910235463512066-abc12335-68921-worker-0:130:6604 [0] NCCL INFO rocm_smi_lib: version 7.6.0.0
vcjob-2107910235463512066-abc12335-68921-worker-0:136:6603 [6] NCCL INFO rocm_smi_lib: version 7.6.0.0
vcjob-2107910235463512066-abc12335-68921-worker-0:136:6603 [6] NCCL INFO Setting affinity for GPU 6 to ffff,00000000,00000000,00000000
vcjob-2107910235463512066-abc12335-68921-worker-0:136:6603 [6] NCCL INFO Rank:1 Get link topo from rocmDev:0 linkNum:8 link:0 linkState:1 remote type:1 bdf:0x9b00 topoType:2
vcjob-2107910235463512066-abc12335-68921-worker-0:136:6603 [6] NCCL INFO Transport init rank 1 useXdp 0 linkTopoType 2
vcjob-2107910235463512066-abc12335-68921-worker-0:130:6604 [0] NCCL INFO Setting affinity for GPU 0 to ffff
vcjob-2107910235463512066-abc12335-68921-worker-0:130:6604 [0] NCCL INFO Rank:0 Get link topo from rocmDev:0 linkNum:8 link:0 linkState:1 remote type:1 bdf:0x9b00 topoType:2
vcjob-2107910235463512066-abc12335-68921-worker-0:130:6604 [0] NCCL INFO Transport init rank 0 useXdp 0 linkTopoType 2
vcjob-2107910235463512066-abc12335-68921-worker-0:130:6604 [0] NCCL INFO comm 0x561dfc153870 rank 0 nRanks 2 nNodes 1 localRanks 2 localRank 0 MNNVL 0
vcjob-2107910235463512066-abc12335-68921-worker-0:136:6603 [6] NCCL INFO comm 0x56469ac27d00 rank 1 nRanks 2 nNodes 1 localRanks 2 localRank 1 MNNVL 0
vcjob-2107910235463512066-abc12335-68921-worker-0:130:6604 [0] NCCL INFO Channel 00/32 :    0   1
vcjob-2107910235463512066-abc12335-68921-worker-0:130:6604 [0] NCCL INFO Channel 01/32 :    0   1
vcjob-2107910235463512066-abc12335-68921-worker-0:130:6604 [0] NCCL INFO Channel 02/32 :    0   1
vcjob-2107910235463512066-abc12335-68921-worker-0:130:6604 [0] NCCL INFO Channel 03/32 :    0   1
vcjob-2107910235463512066-abc12335-68921-worker-0:130:6604 [0] NCCL INFO Channel 04/32 :    0   1
vcjob-2107910235463512066-abc12335-68921-worker-0:130:6604 [0] NCCL INFO Channel 05/32 :    0   1
vcjob-2107910235463512066-abc12335-68921-worker-0:130:6604 [0] NCCL INFO Channel 06/32 :    0   1
vcjob-2107910235463512066-abc12335-68921-worker-0:136:6603 [6] NCCL INFO Trees [0] -1/-1/-1->1->0 [1] -1/-1/-1->1->0 [2] -1/-1/-1->1->0 [3] 0/-1/-1->1->-1 [4] -1/-1/-1->1->0 [5] -1/-1/-1->1->0 [6] -1/-1/-1->1->0 [7] 0/-1/-1->1->-1 [8] -1/-1/-1->1->0 [9] -1/-1/-1->1->0 [10] -1/-1/-1->1->0 [11] 0/-1/-1->1->-1 [12] -1/-1/-1->1->0 [13] -1/-1/-1->1->0 [14] -1/-1/-1->1->0 [15] 0/-1/-1->1->-1 [16] -1/-1/-1->1->0 [17] -1/-1/-1->1->0 [18] -1/-1/-1->1->0 [19] 0/-1/-1->1->-1 [20] -1/-1/-1->1->0 [21] -1/-1/-1->1->0 [22] -1/-1/-1->1->0 [23] 0/-1/-1->1->-1 [24] -1/-1/-1->1->0 [25] -1/-1/-1->1->0 [26] -1/-1/-1->1->0 [27] 0/-1/-1->1->-1 [28] -1/-1/-1->1->0 [29] -1/-1/-1->1->0 [30] -1/-1/-1->1->0 [31] 0/-1/-1->1->-1 comm 0x56469ac27d00 nRanks 02 busId d5000
vcjob-2107910235463512066-abc12335-68921-worker-0:130:6604 [0] NCCL INFO Channel 07/32 :    0   1
vcjob-2107910235463512066-abc12335-68921-worker-0:136:6603 [6] NCCL INFO P2P Chunksize set to 262144
vcjob-2107910235463512066-abc12335-68921-worker-0:130:6604 [0] NCCL INFO Channel 08/32 :    0   1
vcjob-2107910235463512066-abc12335-68921-worker-0:136:6603 [6] NCCL INFO comm->autoPerPeerOn: 1, comm->p2pnChannels: 32, comm->p2pnChannelsPerPeer: 16
vcjob-2107910235463512066-abc12335-68921-worker-0:130:6604 [0] NCCL INFO Channel 09/32 :    0   1
vcjob-2107910235463512066-abc12335-68921-worker-0:130:6604 [0] NCCL INFO Channel 10/32 :    0   1
vcjob-2107910235463512066-abc12335-68921-worker-0:130:6604 [0] NCCL INFO Channel 11/32 :    0   1
vcjob-2107910235463512066-abc12335-68921-worker-0:130:6604 [0] NCCL INFO Channel 12/32 :    0   1
vcjob-2107910235463512066-abc12335-68921-worker-0:130:6604 [0] NCCL INFO Channel 13/32 :    0   1
vcjob-2107910235463512066-abc12335-68921-worker-0:130:6604 [0] NCCL INFO Channel 14/32 :    0   1
vcjob-2107910235463512066-abc12335-68921-worker-0:130:6604 [0] NCCL INFO Channel 15/32 :    0   1
vcjob-2107910235463512066-abc12335-68921-worker-0:130:6604 [0] NCCL INFO Channel 16/32 :    0   1
vcjob-2107910235463512066-abc12335-68921-worker-0:130:6604 [0] NCCL INFO Channel 17/32 :    0   1
vcjob-2107910235463512066-abc12335-68921-worker-0:130:6604 [0] NCCL INFO Channel 18/32 :    0   1
vcjob-2107910235463512066-abc12335-68921-worker-0:130:6604 [0] NCCL INFO Channel 19/32 :    0   1
vcjob-2107910235463512066-abc12335-68921-worker-0:130:6604 [0] NCCL INFO Channel 20/32 :    0   1
vcjob-2107910235463512066-abc12335-68921-worker-0:130:6604 [0] NCCL INFO Channel 21/32 :    0   1
vcjob-2107910235463512066-abc12335-68921-worker-0:130:6604 [0] NCCL INFO Channel 22/32 :    0   1
vcjob-2107910235463512066-abc12335-68921-worker-0:130:6604 [0] NCCL INFO Channel 23/32 :    0   1
vcjob-2107910235463512066-abc12335-68921-worker-0:130:6604 [0] NCCL INFO Channel 24/32 :    0   1
vcjob-2107910235463512066-abc12335-68921-worker-0:130:6604 [0] NCCL INFO Channel 25/32 :    0   1
vcjob-2107910235463512066-abc12335-68921-worker-0:130:6604 [0] NCCL INFO Channel 26/32 :    0   1
vcjob-2107910235463512066-abc12335-68921-worker-0:130:6604 [0] NCCL INFO Channel 27/32 :    0   1
vcjob-2107910235463512066-abc12335-68921-worker-0:130:6604 [0] NCCL INFO Channel 28/32 :    0   1
vcjob-2107910235463512066-abc12335-68921-worker-0:130:6604 [0] NCCL INFO Channel 29/32 :    0   1
vcjob-2107910235463512066-abc12335-68921-worker-0:130:6604 [0] NCCL INFO Channel 30/32 :    0   1
vcjob-2107910235463512066-abc12335-68921-worker-0:130:6604 [0] NCCL INFO Channel 31/32 :    0   1
vcjob-2107910235463512066-abc12335-68921-worker-0:130:6604 [0] NCCL INFO Trees [0] 1/-1/-1->0->-1 [1] 1/-1/-1->0->-1 [2] 1/-1/-1->0->-1 [3] -1/-1/-1->0->1 [4] 1/-1/-1->0->-1 [5] 1/-1/-1->0->-1 [6] 1/-1/-1->0->-1 [7] -1/-1/-1->0->1 [8] 1/-1/-1->0->-1 [9] 1/-1/-1->0->-1 [10] 1/-1/-1->0->-1 [11] -1/-1/-1->0->1 [12] 1/-1/-1->0->-1 [13] 1/-1/-1->0->-1 [14] 1/-1/-1->0->-1 [15] -1/-1/-1->0->1 [16] 1/-1/-1->0->-1 [17] 1/-1/-1->0->-1 [18] 1/-1/-1->0->-1 [19] -1/-1/-1->0->1 [20] 1/-1/-1->0->-1 [21] 1/-1/-1->0->-1 [22] 1/-1/-1->0->-1 [23] -1/-1/-1->0->1 [24] 1/-1/-1->0->-1 [25] 1/-1/-1->0->-1 [26] 1/-1/-1->0->-1 [27] -1/-1/-1->0->1 [28] 1/-1/-1->0->-1 [29] 1/-1/-1->0->-1 [30] 1/-1/-1->0->-1 [31] -1/-1/-1->0->1 comm 0x561dfc153870 nRanks 02 busId 9000
vcjob-2107910235463512066-abc12335-68921-worker-0:130:6604 [0] NCCL INFO P2P Chunksize set to 262144
vcjob-2107910235463512066-abc12335-68921-worker-0:130:6604 [0] NCCL INFO comm->autoPerPeerOn: 1, comm->p2pnChannels: 32, comm->p2pnChannelsPerPeer: 16
vcjob-2107910235463512066-abc12335-68921-worker-0:136:6603 [6] NCCL INFO Channel 00/0 : 1[d5000] -> 0[9000] via P2P/IPC comm 0x56469ac27d00 nRanks 02
vcjob-2107910235463512066-abc12335-68921-worker-0:136:6603 [6] NCCL INFO Channel 01/0 : 1[d5000] -> 0[9000] via P2P/IPC comm 0x56469ac27d00 nRanks 02
vcjob-2107910235463512066-abc12335-68921-worker-0:136:6603 [6] NCCL INFO Channel 02/0 : 1[d5000] -> 0[9000] via P2P/IPC comm 0x56469ac27d00 nRanks 02
vcjob-2107910235463512066-abc12335-68921-worker-0:136:6603 [6] NCCL INFO Channel 03/0 : 1[d5000] -> 0[9000] via P2P/IPC comm 0x56469ac27d00 nRanks 02
vcjob-2107910235463512066-abc12335-68921-worker-0:136:6603 [6] NCCL INFO Channel 04/0 : 1[d5000] -> 0[9000] via P2P/IPC comm 0x56469ac27d00 nRanks 02
vcjob-2107910235463512066-abc12335-68921-worker-0:136:6603 [6] NCCL INFO Channel 05/0 : 1[d5000] -> 0[9000] via P2P/IPC comm 0x56469ac27d00 nRanks 02
vcjob-2107910235463512066-abc12335-68921-worker-0:136:6603 [6] NCCL INFO Channel 06/0 : 1[d5000] -> 0[9000] via P2P/IPC comm 0x56469ac27d00 nRanks 02
vcjob-2107910235463512066-abc12335-68921-worker-0:136:6603 [6] NCCL INFO Channel 07/0 : 1[d5000] -> 0[9000] via P2P/IPC comm 0x56469ac27d00 nRanks 02
vcjob-2107910235463512066-abc12335-68921-worker-0:136:6603 [6] NCCL INFO Channel 08/0 : 1[d5000] -> 0[9000] via P2P/IPC comm 0x56469ac27d00 nRanks 02
vcjob-2107910235463512066-abc12335-68921-worker-0:136:6603 [6] NCCL INFO Channel 09/0 : 1[d5000] -> 0[9000] via P2P/IPC comm 0x56469ac27d00 nRanks 02
vcjob-2107910235463512066-abc12335-68921-worker-0:136:6603 [6] NCCL INFO Channel 10/0 : 1[d5000] -> 0[9000] via P2P/IPC comm 0x56469ac27d00 nRanks 02
vcjob-2107910235463512066-abc12335-68921-worker-0:136:6603 [6] NCCL INFO Channel 11/0 : 1[d5000] -> 0[9000] via P2P/IPC comm 0x56469ac27d00 nRanks 02
vcjob-2107910235463512066-abc12335-68921-worker-0:136:6603 [6] NCCL INFO Channel 12/0 : 1[d5000] -> 0[9000] via P2P/IPC comm 0x56469ac27d00 nRanks 02
vcjob-2107910235463512066-abc12335-68921-worker-0:130:6604 [0] NCCL INFO Channel 00/0 : 0[9000] -> 1[d5000] via P2P/IPC comm 0x561dfc153870 nRanks 02
vcjob-2107910235463512066-abc12335-68921-worker-0:136:6603 [6] NCCL INFO Channel 13/0 : 1[d5000] -> 0[9000] via P2P/IPC comm 0x56469ac27d00 nRanks 02
vcjob-2107910235463512066-abc12335-68921-worker-0:130:6604 [0] NCCL INFO Channel 01/0 : 0[9000] -> 1[d5000] via P2P/IPC comm 0x561dfc153870 nRanks 02
vcjob-2107910235463512066-abc12335-68921-worker-0:136:6603 [6] NCCL INFO Channel 14/0 : 1[d5000] -> 0[9000] via P2P/IPC comm 0x56469ac27d00 nRanks 02
vcjob-2107910235463512066-abc12335-68921-worker-0:130:6604 [0] NCCL INFO Channel 02/0 : 0[9000] -> 1[d5000] via P2P/IPC comm 0x561dfc153870 nRanks 02
vcjob-2107910235463512066-abc12335-68921-worker-0:136:6603 [6] NCCL INFO Channel 15/0 : 1[d5000] -> 0[9000] via P2P/IPC comm 0x56469ac27d00 nRanks 02
vcjob-2107910235463512066-abc12335-68921-worker-0:130:6604 [0] NCCL INFO Channel 03/0 : 0[9000] -> 1[d5000] via P2P/IPC comm 0x561dfc153870 nRanks 02
vcjob-2107910235463512066-abc12335-68921-worker-0:136:6603 [6] NCCL INFO Channel 16/0 : 1[d5000] -> 0[9000] via P2P/IPC comm 0x56469ac27d00 nRanks 02
vcjob-2107910235463512066-abc12335-68921-worker-0:130:6604 [0] NCCL INFO Channel 04/0 : 0[9000] -> 1[d5000] via P2P/IPC comm 0x561dfc153870 nRanks 02
vcjob-2107910235463512066-abc12335-68921-worker-0:136:6603 [6] NCCL INFO Channel 17/0 : 1[d5000] -> 0[9000] via P2P/IPC comm 0x56469ac27d00 nRanks 02
vcjob-2107910235463512066-abc12335-68921-worker-0:130:6604 [0] NCCL INFO Channel 05/0 : 0[9000] -> 1[d5000] via P2P/IPC comm 0x561dfc153870 nRanks 02
vcjob-2107910235463512066-abc12335-68921-worker-0:136:6603 [6] NCCL INFO Channel 18/0 : 1[d5000] -> 0[9000] via P2P/IPC comm 0x56469ac27d00 nRanks 02
vcjob-2107910235463512066-abc12335-68921-worker-0:130:6604 [0] NCCL INFO Channel 06/0 : 0[9000] -> 1[d5000] via P2P/IPC comm 0x561dfc153870 nRanks 02
vcjob-2107910235463512066-abc12335-68921-worker-0:136:6603 [6] NCCL INFO Channel 19/0 : 1[d5000] -> 0[9000] via P2P/IPC comm 0x56469ac27d00 nRanks 02
vcjob-2107910235463512066-abc12335-68921-worker-0:130:6604 [0] NCCL INFO Channel 07/0 : 0[9000] -> 1[d5000] via P2P/IPC comm 0x561dfc153870 nRanks 02
vcjob-2107910235463512066-abc12335-68921-worker-0:130:6604 [0] NCCL INFO Channel 08/0 : 0[9000] -> 1[d5000] via P2P/IPC comm 0x561dfc153870 nRanks 02
vcjob-2107910235463512066-abc12335-68921-worker-0:136:6603 [6] NCCL INFO Channel 20/0 : 1[d5000] -> 0[9000] via P2P/IPC comm 0x56469ac27d00 nRanks 02
vcjob-2107910235463512066-abc12335-68921-worker-0:130:6604 [0] NCCL INFO Channel 09/0 : 0[9000] -> 1[d5000] via P2P/IPC comm 0x561dfc153870 nRanks 02
vcjob-2107910235463512066-abc12335-68921-worker-0:136:6603 [6] NCCL INFO Channel 21/0 : 1[d5000] -> 0[9000] via P2P/IPC comm 0x56469ac27d00 nRanks 02
vcjob-2107910235463512066-abc12335-68921-worker-0:130:6604 [0] NCCL INFO Channel 10/0 : 0[9000] -> 1[d5000] via P2P/IPC comm 0x561dfc153870 nRanks 02
vcjob-2107910235463512066-abc12335-68921-worker-0:136:6603 [6] NCCL INFO Channel 22/0 : 1[d5000] -> 0[9000] via P2P/IPC comm 0x56469ac27d00 nRanks 02
vcjob-2107910235463512066-abc12335-68921-worker-0:130:6604 [0] NCCL INFO Channel 11/0 : 0[9000] -> 1[d5000] via P2P/IPC comm 0x561dfc153870 nRanks 02
vcjob-2107910235463512066-abc12335-68921-worker-0:136:6603 [6] NCCL INFO Channel 23/0 : 1[d5000] -> 0[9000] via P2P/IPC comm 0x56469ac27d00 nRanks 02
vcjob-2107910235463512066-abc12335-68921-worker-0:130:6604 [0] NCCL INFO Channel 12/0 : 0[9000] -> 1[d5000] via P2P/IPC comm 0x561dfc153870 nRanks 02
vcjob-2107910235463512066-abc12335-68921-worker-0:136:6603 [6] NCCL INFO Channel 24/0 : 1[d5000] -> 0[9000] via P2P/IPC comm 0x56469ac27d00 nRanks 02
vcjob-2107910235463512066-abc12335-68921-worker-0:130:6604 [0] NCCL INFO Channel 13/0 : 0[9000] -> 1[d5000] via P2P/IPC comm 0x561dfc153870 nRanks 02
vcjob-2107910235463512066-abc12335-68921-worker-0:136:6603 [6] NCCL INFO Channel 25/0 : 1[d5000] -> 0[9000] via P2P/IPC comm 0x56469ac27d00 nRanks 02
vcjob-2107910235463512066-abc12335-68921-worker-0:130:6604 [0] NCCL INFO Channel 14/0 : 0[9000] -> 1[d5000] via P2P/IPC comm 0x561dfc153870 nRanks 02
vcjob-2107910235463512066-abc12335-68921-worker-0:136:6603 [6] NCCL INFO Channel 26/0 : 1[d5000] -> 0[9000] via P2P/IPC comm 0x56469ac27d00 nRanks 02
vcjob-2107910235463512066-abc12335-68921-worker-0:130:6604 [0] NCCL INFO Channel 15/0 : 0[9000] -> 1[d5000] via P2P/IPC comm 0x561dfc153870 nRanks 02
vcjob-2107910235463512066-abc12335-68921-worker-0:136:6603 [6] NCCL INFO Channel 27/0 : 1[d5000] -> 0[9000] via P2P/IPC comm 0x56469ac27d00 nRanks 02
vcjob-2107910235463512066-abc12335-68921-worker-0:130:6604 [0] NCCL INFO Channel 16/0 : 0[9000] -> 1[d5000] via P2P/IPC comm 0x561dfc153870 nRanks 02
vcjob-2107910235463512066-abc12335-68921-worker-0:136:6603 [6] NCCL INFO Channel 28/0 : 1[d5000] -> 0[9000] via P2P/IPC comm 0x56469ac27d00 nRanks 02
vcjob-2107910235463512066-abc12335-68921-worker-0:130:6604 [0] NCCL INFO Channel 17/0 : 0[9000] -> 1[d5000] via P2P/IPC comm 0x561dfc153870 nRanks 02
vcjob-2107910235463512066-abc12335-68921-worker-0:136:6603 [6] NCCL INFO Channel 29/0 : 1[d5000] -> 0[9000] via P2P/IPC comm 0x56469ac27d00 nRanks 02
vcjob-2107910235463512066-abc12335-68921-worker-0:130:6604 [0] NCCL INFO Channel 18/0 : 0[9000] -> 1[d5000] via P2P/IPC comm 0x561dfc153870 nRanks 02
vcjob-2107910235463512066-abc12335-68921-worker-0:136:6603 [6] NCCL INFO Channel 30/0 : 1[d5000] -> 0[9000] via P2P/IPC comm 0x56469ac27d00 nRanks 02
vcjob-2107910235463512066-abc12335-68921-worker-0:130:6604 [0] NCCL INFO Channel 19/0 : 0[9000] -> 1[d5000] via P2P/IPC comm 0x561dfc153870 nRanks 02
vcjob-2107910235463512066-abc12335-68921-worker-0:136:6603 [6] NCCL INFO Channel 31/0 : 1[d5000] -> 0[9000] via P2P/IPC comm 0x56469ac27d00 nRanks 02
vcjob-2107910235463512066-abc12335-68921-worker-0:130:6604 [0] NCCL INFO Channel 20/0 : 0[9000] -> 1[d5000] via P2P/IPC comm 0x561dfc153870 nRanks 02
vcjob-2107910235463512066-abc12335-68921-worker-0:130:6604 [0] NCCL INFO Channel 21/0 : 0[9000] -> 1[d5000] via P2P/IPC comm 0x561dfc153870 nRanks 02
vcjob-2107910235463512066-abc12335-68921-worker-0:130:6604 [0] NCCL INFO Channel 22/0 : 0[9000] -> 1[d5000] via P2P/IPC comm 0x561dfc153870 nRanks 02
vcjob-2107910235463512066-abc12335-68921-worker-0:130:6604 [0] NCCL INFO Channel 23/0 : 0[9000] -> 1[d5000] via P2P/IPC comm 0x561dfc153870 nRanks 02
vcjob-2107910235463512066-abc12335-68921-worker-0:130:6604 [0] NCCL INFO Channel 24/0 : 0[9000] -> 1[d5000] via P2P/IPC comm 0x561dfc153870 nRanks 02
vcjob-2107910235463512066-abc12335-68921-worker-0:130:6604 [0] NCCL INFO Channel 25/0 : 0[9000] -> 1[d5000] via P2P/IPC comm 0x561dfc153870 nRanks 02
vcjob-2107910235463512066-abc12335-68921-worker-0:130:6604 [0] NCCL INFO Channel 26/0 : 0[9000] -> 1[d5000] via P2P/IPC comm 0x561dfc153870 nRanks 02
vcjob-2107910235463512066-abc12335-68921-worker-0:130:6604 [0] NCCL INFO Channel 27/0 : 0[9000] -> 1[d5000] via P2P/IPC comm 0x561dfc153870 nRanks 02
vcjob-2107910235463512066-abc12335-68921-worker-0:130:6604 [0] NCCL INFO Channel 28/0 : 0[9000] -> 1[d5000] via P2P/IPC comm 0x561dfc153870 nRanks 02
vcjob-2107910235463512066-abc12335-68921-worker-0:130:6604 [0] NCCL INFO Channel 29/0 : 0[9000] -> 1[d5000] via P2P/IPC comm 0x561dfc153870 nRanks 02
vcjob-2107910235463512066-abc12335-68921-worker-0:130:6604 [0] NCCL INFO Channel 30/0 : 0[9000] -> 1[d5000] via P2P/IPC comm 0x561dfc153870 nRanks 02
vcjob-2107910235463512066-abc12335-68921-worker-0:130:6604 [0] NCCL INFO Channel 31/0 : 0[9000] -> 1[d5000] via P2P/IPC comm 0x561dfc153870 nRanks 02
vcjob-2107910235463512066-abc12335-68921-worker-0:136:6603 [6] NCCL INFO Connected all rings
vcjob-2107910235463512066-abc12335-68921-worker-0:130:6604 [0] NCCL INFO Connected all rings
vcjob-2107910235463512066-abc12335-68921-worker-0:136:6603 [6] NCCL INFO Connected all trees
vcjob-2107910235463512066-abc12335-68921-worker-0:136:6603 [6] NCCL INFO threadThresholds 8/8/64 | 16/8/64 | 256 | 256
vcjob-2107910235463512066-abc12335-68921-worker-0:136:6603 [6] NCCL INFO 32 coll channels, 32 collnet channels, 0 nvls channels, 32 p2p channels, 16 p2p channels per peer
vcjob-2107910235463512066-abc12335-68921-worker-0:130:6604 [0] NCCL INFO Connected all trees
vcjob-2107910235463512066-abc12335-68921-worker-0:130:6604 [0] NCCL INFO threadThresholds 8/8/64 | 16/8/64 | 256 | 256
vcjob-2107910235463512066-abc12335-68921-worker-0:130:6604 [0] NCCL INFO 32 coll channels, 32 collnet channels, 0 nvls channels, 32 p2p channels, 16 p2p channels per peer
vcjob-2107910235463512066-abc12335-68921-worker-0:130:6604 [0] NCCL INFO CC Off, Multi-GPU CC Off, workFifoBytes 4194304
vcjob-2107910235463512066-abc12335-68921-worker-0:136:6603 [6] NCCL INFO ncclCommInitRank comm 0x56469ac27d00 rank 1 nranks 2 cudaDev 6 nvmlDev 6 busId d5000 commId 0xf9b3eccffbde2481 localSize 480 used 440435680 bytes on core 99 - Init COMPLETE
vcjob-2107910235463512066-abc12335-68921-worker-0:130:6604 [0] NCCL INFO ncclCommInitRank comm 0x561dfc153870 rank 0 nranks 2 cudaDev 0 nvmlDev 0 busId 9000 commId 0xf9b3eccffbde2481 localSize 480 used 1399738384 bytes on core 0 - Init COMPLETE
vcjob-2107910235463512066-abc12335-68921-worker-0:130:6604 [0] NCCL INFO Init timings: rank 0 nranks 2 total 0.31 (kernels 0.00, bootstrap 0.02, allgathers 0.00, topo 0.20, graphs 0.00, connections 0.09, rest 0.00)
vcjob-2107910235463512066-abc12335-68921-worker-0:136:6603 [6] NCCL INFO Init timings: rank 1 nranks 2 total 0.31 (kernels 0.00, bootstrap 0.02, allgathers 0.01, topo 0.19, graphs 0.00, connections 0.09, rest 0.00)
I1008 03:06:04.991705   130 ProcessGroupNCCL.cpp:2890] [PG ID 0 PG GUID 0(default_pg) Rank 0] NCCL_DEBUG: INFO
I1008 03:06:04.991725   136 ProcessGroupNCCL.cpp:2890] [PG ID 0 PG GUID 0(default_pg) Rank 6] NCCL_DEBUG: INFO
vcjob-2107910235463512066-abc12335-68921-worker-0:136:6609 [6] NCCL INFO Channel 01/1 : 1[d5000] -> 0[9000] via P2P/IPC comm 0x56469ac27d00 nRanks 02
vcjob-2107910235463512066-abc12335-68921-worker-0:136:6609 [6] NCCL INFO Channel 03/1 : 1[d5000] -> 0[9000] via P2P/IPC comm 0x56469ac27d00 nRanks 02
vcjob-2107910235463512066-abc12335-68921-worker-0:136:6609 [6] NCCL INFO Channel 05/1 : 1[d5000] -> 0[9000] via P2P/IPC comm 0x56469ac27d00 nRanks 02
vcjob-2107910235463512066-abc12335-68921-worker-0:136:6609 [6] NCCL INFO Channel 07/1 : 1[d5000] -> 0[9000] via P2P/IPC comm 0x56469ac27d00 nRanks 02
vcjob-2107910235463512066-abc12335-68921-worker-0:136:6609 [6] NCCL INFO Channel 09/1 : 1[d5000] -> 0[9000] via P2P/IPC comm 0x56469ac27d00 nRanks 02
vcjob-2107910235463512066-abc12335-68921-worker-0:136:6609 [6] NCCL INFO Channel 11/1 : 1[d5000] -> 0[9000] via P2P/IPC comm 0x56469ac27d00 nRanks 02
vcjob-2107910235463512066-abc12335-68921-worker-0:136:6609 [6] NCCL INFO Channel 13/1 : 1[d5000] -> 0[9000] via P2P/IPC comm 0x56469ac27d00 nRanks 02
vcjob-2107910235463512066-abc12335-68921-worker-0:136:6609 [6] NCCL INFO Channel 15/1 : 1[d5000] -> 0[9000] via P2P/IPC comm 0x56469ac27d00 nRanks 02
vcjob-2107910235463512066-abc12335-68921-worker-0:136:6609 [6] NCCL INFO Channel 17/1 : 1[d5000] -> 0[9000] via P2P/IPC comm 0x56469ac27d00 nRanks 02
vcjob-2107910235463512066-abc12335-68921-worker-0:136:6609 [6] NCCL INFO Channel 19/1 : 1[d5000] -> 0[9000] via P2P/IPC comm 0x56469ac27d00 nRanks 02
vcjob-2107910235463512066-abc12335-68921-worker-0:136:6609 [6] NCCL INFO Channel 21/1 : 1[d5000] -> 0[9000] via P2P/IPC comm 0x56469ac27d00 nRanks 02
vcjob-2107910235463512066-abc12335-68921-worker-0:136:6609 [6] NCCL INFO Channel 23/1 : 1[d5000] -> 0[9000] via P2P/IPC comm 0x56469ac27d00 nRanks 02
vcjob-2107910235463512066-abc12335-68921-worker-0:136:6609 [6] NCCL INFO Channel 25/1 : 1[d5000] -> 0[9000] via P2P/IPC comm 0x56469ac27d00 nRanks 02
vcjob-2107910235463512066-abc12335-68921-worker-0:136:6609 [6] NCCL INFO Channel 27/1 : 1[d5000] -> 0[9000] via P2P/IPC comm 0x56469ac27d00 nRanks 02
vcjob-2107910235463512066-abc12335-68921-worker-0:136:6609 [6] NCCL INFO Channel 29/1 : 1[d5000] -> 0[9000] via P2P/IPC comm 0x56469ac27d00 nRanks 02
vcjob-2107910235463512066-abc12335-68921-worker-0:136:6609 [6] NCCL INFO Channel 31/1 : 1[d5000] -> 0[9000] via P2P/IPC comm 0x56469ac27d00 nRanks 02

vcjob-2107910235463512066-abc12335-68921-worker-0:130:130 [0] /data/jenkins_workspace/workspace/rccl_release/build/hipify/src/init.cc:170 NCCL WARN NUMA auto balancing enabled which can lead to variability in the RCCL performance! Disable by "sudo sysctl kernel.numa_balancing=0"
vcjob-2107910235463512066-abc12335-68921-worker-0:130:130 [0] NCCL INFO Kernel version: 5.15.0-25-generic

vcjob-2107910235463512066-abc12335-68921-worker-0:130:130 [0] /data/jenkins_workspace/workspace/rccl_release/build/hipify/src/init.cc:191 NCCL WARN Missing "iommu=pt" from kernel command line which can lead to system instablity or hang!
I1008 03:06:05.036259   130 ProcessGroupNCCL.cpp:2857] [PG ID 0 PG GUID 0(default_pg) Rank 0] ProcessGroupNCCL broadcast unique ID through store took 0.082931 ms
I1008 03:06:05.036291   130 NCCLUtils.cpp:75] Rank 0: creating NCCL communicator with mode: blocking

vcjob-2107910235463512066-abc12335-68921-worker-0:130:130 [0] /data/jenkins_workspace/workspace/rccl_release/build/hipify/src/init.cc:170 NCCL WARN NUMA auto balancing enabled which can lead to variability in the RCCL performance! Disable by "sudo sysctl kernel.numa_balancing=0"
vcjob-2107910235463512066-abc12335-68921-worker-0:130:130 [0] NCCL INFO Kernel version: 5.15.0-25-generic

vcjob-2107910235463512066-abc12335-68921-worker-0:130:130 [0] /data/jenkins_workspace/workspace/rccl_release/build/hipify/src/init.cc:191 NCCL WARN Missing "iommu=pt" from kernel command line which can lead to system instablity or hang!
I1008 03:06:05.036381   137 ProcessGroupNCCL.cpp:2857] [PG ID 0 PG GUID 0(default_pg) Rank 7] ProcessGroupNCCL broadcast unique ID through store took 2258.34 ms
I1008 03:06:05.036440   137 NCCLUtils.cpp:75] Rank 1: creating NCCL communicator with mode: blocking

vcjob-2107910235463512066-abc12335-68921-worker-0:137:137 [7] /data/jenkins_workspace/workspace/rccl_release/build/hipify/src/init.cc:170 NCCL WARN NUMA auto balancing enabled which can lead to variability in the RCCL performance! Disable by "sudo sysctl kernel.numa_balancing=0"
vcjob-2107910235463512066-abc12335-68921-worker-0:137:137 [7] NCCL INFO Kernel version: 5.15.0-25-generic

vcjob-2107910235463512066-abc12335-68921-worker-0:137:137 [7] /data/jenkins_workspace/workspace/rccl_release/build/hipify/src/init.cc:191 NCCL WARN Missing "iommu=pt" from kernel command line which can lead to system instablity or hang!
vcjob-2107910235463512066-abc12335-68921-worker-0:130:130 [0] NCCL INFO Comm config Blocking set to 1
vcjob-2107910235463512066-abc12335-68921-worker-0:137:137 [7] NCCL INFO Comm config Blocking set to 1
vcjob-2107910235463512066-abc12335-68921-worker-0:130:6612 [0] NCCL INFO Using network Socket
vcjob-2107910235463512066-abc12335-68921-worker-0:130:6612 [0] NCCL INFO rocm_smi_lib: version 7.6.0.0
vcjob-2107910235463512066-abc12335-68921-worker-0:137:6613 [7] NCCL INFO Using network Socket
vcjob-2107910235463512066-abc12335-68921-worker-0:137:6613 [7] NCCL INFO rocm_smi_lib: version 7.6.0.0
vcjob-2107910235463512066-abc12335-68921-worker-0:130:6612 [0] NCCL INFO ncclCommInitRank comm 0x561dfc20f050 rank 0 nranks 2 cudaDev 0 nvmlDev 0 busId 9000 commId 0x5390f46cb3f8a338 - Init START
vcjob-2107910235463512066-abc12335-68921-worker-0:137:6613 [7] NCCL INFO ncclCommInitRank comm 0x564a4cb2c670 rank 1 nranks 2 cudaDev 7 nvmlDev 7 busId f5000 commId 0x5390f46cb3f8a338 - Init START
vcjob-2107910235463512066-abc12335-68921-worker-0:137:6613 [7] NCCL INFO rank:1 get match hsa dev domain:0x0 bdf:0xf500 rank busId:0x1003520
vcjob-2107910235463512066-abc12335-68921-worker-0:130:6612 [0] NCCL INFO rank:0 get match hsa dev domain:0x0 bdf:0x900 rank busId:0x36864
vcjob-2107910235463512066-abc12335-68921-worker-0:137:6613 [7] NCCL INFO XDP Switch is off with xdp_size : 0
vcjob-2107910235463512066-abc12335-68921-worker-0:130:6612 [0] NCCL INFO XDP Switch is off with xdp_size : 0

vcjob-2107910235463512066-abc12335-68921-worker-0:137:6613 [7] /data/jenkins_workspace/workspace/rccl_release/build/hipify/src/graph/xml.cc:1211 NCCL WARN No IB NIC found, the generation of the basic topology has been terminated.

vcjob-2107910235463512066-abc12335-68921-worker-0:130:6612 [0] /data/jenkins_workspace/workspace/rccl_release/build/hipify/src/graph/xml.cc:1211 NCCL WARN No IB NIC found, the generation of the basic topology has been terminated.
vcjob-2107910235463512066-abc12335-68921-worker-0:130:6612 [0] NCCL INFO rocm_smi_lib: version 7.6.0.0
vcjob-2107910235463512066-abc12335-68921-worker-0:137:6613 [7] NCCL INFO rocm_smi_lib: version 7.6.0.0
vcjob-2107910235463512066-abc12335-68921-worker-0:130:6612 [0] NCCL INFO Setting affinity for GPU 0 to ffff
vcjob-2107910235463512066-abc12335-68921-worker-0:130:6612 [0] NCCL INFO Rank:0 Get link topo from rocmDev:0 linkNum:8 link:0 linkState:1 remote type:1 bdf:0x9b00 topoType:2
vcjob-2107910235463512066-abc12335-68921-worker-0:130:6612 [0] NCCL INFO Transport init rank 0 useXdp 0 linkTopoType 2
vcjob-2107910235463512066-abc12335-68921-worker-0:137:6613 [7] NCCL INFO Setting affinity for GPU 7 to ffff0000,00000000,00000000
vcjob-2107910235463512066-abc12335-68921-worker-0:137:6613 [7] NCCL INFO Rank:1 Get link topo from rocmDev:0 linkNum:8 link:0 linkState:1 remote type:1 bdf:0x9b00 topoType:2
vcjob-2107910235463512066-abc12335-68921-worker-0:137:6613 [7] NCCL INFO Transport init rank 1 useXdp 0 linkTopoType 2
vcjob-2107910235463512066-abc12335-68921-worker-0:130:6612 [0] NCCL INFO comm 0x561dfc20f050 rank 0 nRanks 2 nNodes 1 localRanks 2 localRank 0 MNNVL 0
vcjob-2107910235463512066-abc12335-68921-worker-0:130:6612 [0] NCCL INFO Channel 00/32 :    0   1
vcjob-2107910235463512066-abc12335-68921-worker-0:130:6612 [0] NCCL INFO Channel 01/32 :    0   1
vcjob-2107910235463512066-abc12335-68921-worker-0:130:6612 [0] NCCL INFO Channel 02/32 :    0   1
vcjob-2107910235463512066-abc12335-68921-worker-0:130:6612 [0] NCCL INFO Channel 03/32 :    0   1
vcjob-2107910235463512066-abc12335-68921-worker-0:130:6612 [0] NCCL INFO Channel 04/32 :    0   1
vcjob-2107910235463512066-abc12335-68921-worker-0:130:6612 [0] NCCL INFO Channel 05/32 :    0   1
vcjob-2107910235463512066-abc12335-68921-worker-0:130:6612 [0] NCCL INFO Channel 06/32 :    0   1
vcjob-2107910235463512066-abc12335-68921-worker-0:130:6612 [0] NCCL INFO Channel 07/32 :    0   1
vcjob-2107910235463512066-abc12335-68921-worker-0:130:6612 [0] NCCL INFO Channel 08/32 :    0   1
vcjob-2107910235463512066-abc12335-68921-worker-0:130:6612 [0] NCCL INFO Channel 09/32 :    0   1
vcjob-2107910235463512066-abc12335-68921-worker-0:130:6612 [0] NCCL INFO Channel 10/32 :    0   1
vcjob-2107910235463512066-abc12335-68921-worker-0:130:6612 [0] NCCL INFO Channel 11/32 :    0   1
vcjob-2107910235463512066-abc12335-68921-worker-0:130:6612 [0] NCCL INFO Channel 12/32 :    0   1
vcjob-2107910235463512066-abc12335-68921-worker-0:130:6612 [0] NCCL INFO Channel 13/32 :    0   1
vcjob-2107910235463512066-abc12335-68921-worker-0:130:6612 [0] NCCL INFO Channel 14/32 :    0   1
vcjob-2107910235463512066-abc12335-68921-worker-0:130:6612 [0] NCCL INFO Channel 15/32 :    0   1
vcjob-2107910235463512066-abc12335-68921-worker-0:130:6612 [0] NCCL INFO Channel 16/32 :    0   1
vcjob-2107910235463512066-abc12335-68921-worker-0:130:6612 [0] NCCL INFO Channel 17/32 :    0   1
vcjob-2107910235463512066-abc12335-68921-worker-0:130:6612 [0] NCCL INFO Channel 18/32 :    0   1
vcjob-2107910235463512066-abc12335-68921-worker-0:130:6612 [0] NCCL INFO Channel 19/32 :    0   1
vcjob-2107910235463512066-abc12335-68921-worker-0:130:6612 [0] NCCL INFO Channel 20/32 :    0   1
vcjob-2107910235463512066-abc12335-68921-worker-0:130:6612 [0] NCCL INFO Channel 21/32 :    0   1
vcjob-2107910235463512066-abc12335-68921-worker-0:130:6612 [0] NCCL INFO Channel 22/32 :    0   1
vcjob-2107910235463512066-abc12335-68921-worker-0:130:6612 [0] NCCL INFO Channel 23/32 :    0   1
vcjob-2107910235463512066-abc12335-68921-worker-0:130:6612 [0] NCCL INFO Channel 24/32 :    0   1
vcjob-2107910235463512066-abc12335-68921-worker-0:130:6612 [0] NCCL INFO Channel 25/32 :    0   1
vcjob-2107910235463512066-abc12335-68921-worker-0:130:6612 [0] NCCL INFO Channel 26/32 :    0   1
vcjob-2107910235463512066-abc12335-68921-worker-0:130:6612 [0] NCCL INFO Channel 27/32 :    0   1
vcjob-2107910235463512066-abc12335-68921-worker-0:130:6612 [0] NCCL INFO Channel 28/32 :    0   1
vcjob-2107910235463512066-abc12335-68921-worker-0:130:6612 [0] NCCL INFO Channel 29/32 :    0   1
vcjob-2107910235463512066-abc12335-68921-worker-0:130:6612 [0] NCCL INFO Channel 30/32 :    0   1
vcjob-2107910235463512066-abc12335-68921-worker-0:130:6612 [0] NCCL INFO Channel 31/32 :    0   1
vcjob-2107910235463512066-abc12335-68921-worker-0:130:6612 [0] NCCL INFO Trees [0] 1/-1/-1->0->-1 [1] 1/-1/-1->0->-1 [2] 1/-1/-1->0->-1 [3] -1/-1/-1->0->1 [4] 1/-1/-1->0->-1 [5] 1/-1/-1->0->-1 [6] 1/-1/-1->0->-1 [7] -1/-1/-1->0->1 [8] 1/-1/-1->0->-1 [9] 1/-1/-1->0->-1 [10] 1/-1/-1->0->-1 [11] -1/-1/-1->0->1 [12] 1/-1/-1->0->-1 [13] 1/-1/-1->0->-1 [14] 1/-1/-1->0->-1 [15] -1/-1/-1->0->1 [16] 1/-1/-1->0->-1 [17] 1/-1/-1->0->-1 [18] 1/-1/-1->0->-1 [19] -1/-1/-1->0->1 [20] 1/-1/-1->0->-1 [21] 1/-1/-1->0->-1 [22] 1/-1/-1->0->-1 [23] -1/-1/-1->0->1 [24] 1/-1/-1->0->-1 [25] 1/-1/-1->0->-1 [26] 1/-1/-1->0->-1 [27] -1/-1/-1->0->1 [28] 1/-1/-1->0->-1 [29] 1/-1/-1->0->-1 [30] 1/-1/-1->0->-1 [31] -1/-1/-1->0->1 comm 0x561dfc20f050 nRanks 02 busId 9000
vcjob-2107910235463512066-abc12335-68921-worker-0:130:6612 [0] NCCL INFO P2P Chunksize set to 262144
vcjob-2107910235463512066-abc12335-68921-worker-0:130:6612 [0] NCCL INFO comm->autoPerPeerOn: 1, comm->p2pnChannels: 32, comm->p2pnChannelsPerPeer: 16
vcjob-2107910235463512066-abc12335-68921-worker-0:137:6613 [7] NCCL INFO comm 0x564a4cb2c670 rank 1 nRanks 2 nNodes 1 localRanks 2 localRank 1 MNNVL 0
vcjob-2107910235463512066-abc12335-68921-worker-0:137:6613 [7] NCCL INFO Trees [0] -1/-1/-1->1->0 [1] -1/-1/-1->1->0 [2] -1/-1/-1->1->0 [3] 0/-1/-1->1->-1 [4] -1/-1/-1->1->0 [5] -1/-1/-1->1->0 [6] -1/-1/-1->1->0 [7] 0/-1/-1->1->-1 [8] -1/-1/-1->1->0 [9] -1/-1/-1->1->0 [10] -1/-1/-1->1->0 [11] 0/-1/-1->1->-1 [12] -1/-1/-1->1->0 [13] -1/-1/-1->1->0 [14] -1/-1/-1->1->0 [15] 0/-1/-1->1->-1 [16] -1/-1/-1->1->0 [17] -1/-1/-1->1->0 [18] -1/-1/-1->1->0 [19] 0/-1/-1->1->-1 [20] -1/-1/-1->1->0 [21] -1/-1/-1->1->0 [22] -1/-1/-1->1->0 [23] 0/-1/-1->1->-1 [24] -1/-1/-1->1->0 [25] -1/-1/-1->1->0 [26] -1/-1/-1->1->0 [27] 0/-1/-1->1->-1 [28] -1/-1/-1->1->0 [29] -1/-1/-1->1->0 [30] -1/-1/-1->1->0 [31] 0/-1/-1->1->-1 comm 0x564a4cb2c670 nRanks 02 busId f5000
vcjob-2107910235463512066-abc12335-68921-worker-0:137:6613 [7] NCCL INFO P2P Chunksize set to 262144
vcjob-2107910235463512066-abc12335-68921-worker-0:137:6613 [7] NCCL INFO comm->autoPerPeerOn: 1, comm->p2pnChannels: 32, comm->p2pnChannelsPerPeer: 16
vcjob-2107910235463512066-abc12335-68921-worker-0:130:6612 [0] NCCL INFO Channel 00/0 : 0[9000] -> 1[f5000] via P2P/IPC comm 0x561dfc20f050 nRanks 02
vcjob-2107910235463512066-abc12335-68921-worker-0:130:6612 [0] NCCL INFO Channel 01/0 : 0[9000] -> 1[f5000] via P2P/IPC comm 0x561dfc20f050 nRanks 02
vcjob-2107910235463512066-abc12335-68921-worker-0:130:6612 [0] NCCL INFO Channel 02/0 : 0[9000] -> 1[f5000] via P2P/IPC comm 0x561dfc20f050 nRanks 02
vcjob-2107910235463512066-abc12335-68921-worker-0:130:6612 [0] NCCL INFO Channel 03/0 : 0[9000] -> 1[f5000] via P2P/IPC comm 0x561dfc20f050 nRanks 02
vcjob-2107910235463512066-abc12335-68921-worker-0:130:6612 [0] NCCL INFO Channel 04/0 : 0[9000] -> 1[f5000] via P2P/IPC comm 0x561dfc20f050 nRanks 02
vcjob-2107910235463512066-abc12335-68921-worker-0:130:6612 [0] NCCL INFO Channel 05/0 : 0[9000] -> 1[f5000] via P2P/IPC comm 0x561dfc20f050 nRanks 02
vcjob-2107910235463512066-abc12335-68921-worker-0:130:6612 [0] NCCL INFO Channel 06/0 : 0[9000] -> 1[f5000] via P2P/IPC comm 0x561dfc20f050 nRanks 02
vcjob-2107910235463512066-abc12335-68921-worker-0:130:6612 [0] NCCL INFO Channel 07/0 : 0[9000] -> 1[f5000] via P2P/IPC comm 0x561dfc20f050 nRanks 02
vcjob-2107910235463512066-abc12335-68921-worker-0:130:6612 [0] NCCL INFO Channel 08/0 : 0[9000] -> 1[f5000] via P2P/IPC comm 0x561dfc20f050 nRanks 02
vcjob-2107910235463512066-abc12335-68921-worker-0:130:6612 [0] NCCL INFO Channel 09/0 : 0[9000] -> 1[f5000] via P2P/IPC comm 0x561dfc20f050 nRanks 02
vcjob-2107910235463512066-abc12335-68921-worker-0:130:6612 [0] NCCL INFO Channel 10/0 : 0[9000] -> 1[f5000] via P2P/IPC comm 0x561dfc20f050 nRanks 02
vcjob-2107910235463512066-abc12335-68921-worker-0:130:6612 [0] NCCL INFO Channel 11/0 : 0[9000] -> 1[f5000] via P2P/IPC comm 0x561dfc20f050 nRanks 02
vcjob-2107910235463512066-abc12335-68921-worker-0:130:6612 [0] NCCL INFO Channel 12/0 : 0[9000] -> 1[f5000] via P2P/IPC comm 0x561dfc20f050 nRanks 02
vcjob-2107910235463512066-abc12335-68921-worker-0:130:6612 [0] NCCL INFO Channel 13/0 : 0[9000] -> 1[f5000] via P2P/IPC comm 0x561dfc20f050 nRanks 02
vcjob-2107910235463512066-abc12335-68921-worker-0:130:6612 [0] NCCL INFO Channel 14/0 : 0[9000] -> 1[f5000] via P2P/IPC comm 0x561dfc20f050 nRanks 02
vcjob-2107910235463512066-abc12335-68921-worker-0:130:6612 [0] NCCL INFO Channel 15/0 : 0[9000] -> 1[f5000] via P2P/IPC comm 0x561dfc20f050 nRanks 02
vcjob-2107910235463512066-abc12335-68921-worker-0:137:6613 [7] NCCL INFO Channel 00/0 : 1[f5000] -> 0[9000] via P2P/IPC comm 0x564a4cb2c670 nRanks 02
vcjob-2107910235463512066-abc12335-68921-worker-0:130:6612 [0] NCCL INFO Channel 16/0 : 0[9000] -> 1[f5000] via P2P/IPC comm 0x561dfc20f050 nRanks 02
vcjob-2107910235463512066-abc12335-68921-worker-0:137:6613 [7] NCCL INFO Channel 01/0 : 1[f5000] -> 0[9000] via P2P/IPC comm 0x564a4cb2c670 nRanks 02
vcjob-2107910235463512066-abc12335-68921-worker-0:130:6612 [0] NCCL INFO Channel 17/0 : 0[9000] -> 1[f5000] via P2P/IPC comm 0x561dfc20f050 nRanks 02
vcjob-2107910235463512066-abc12335-68921-worker-0:137:6613 [7] NCCL INFO Channel 02/0 : 1[f5000] -> 0[9000] via P2P/IPC comm 0x564a4cb2c670 nRanks 02
vcjob-2107910235463512066-abc12335-68921-worker-0:130:6612 [0] NCCL INFO Channel 18/0 : 0[9000] -> 1[f5000] via P2P/IPC comm 0x561dfc20f050 nRanks 02
vcjob-2107910235463512066-abc12335-68921-worker-0:137:6613 [7] NCCL INFO Channel 03/0 : 1[f5000] -> 0[9000] via P2P/IPC comm 0x564a4cb2c670 nRanks 02
vcjob-2107910235463512066-abc12335-68921-worker-0:130:6612 [0] NCCL INFO Channel 19/0 : 0[9000] -> 1[f5000] via P2P/IPC comm 0x561dfc20f050 nRanks 02
vcjob-2107910235463512066-abc12335-68921-worker-0:137:6613 [7] NCCL INFO Channel 04/0 : 1[f5000] -> 0[9000] via P2P/IPC comm 0x564a4cb2c670 nRanks 02
vcjob-2107910235463512066-abc12335-68921-worker-0:130:6612 [0] NCCL INFO Channel 20/0 : 0[9000] -> 1[f5000] via P2P/IPC comm 0x561dfc20f050 nRanks 02
vcjob-2107910235463512066-abc12335-68921-worker-0:137:6613 [7] NCCL INFO Channel 05/0 : 1[f5000] -> 0[9000] via P2P/IPC comm 0x564a4cb2c670 nRanks 02
vcjob-2107910235463512066-abc12335-68921-worker-0:137:6613 [7] NCCL INFO Channel 06/0 : 1[f5000] -> 0[9000] via P2P/IPC comm 0x564a4cb2c670 nRanks 02
vcjob-2107910235463512066-abc12335-68921-worker-0:130:6612 [0] NCCL INFO Channel 21/0 : 0[9000] -> 1[f5000] via P2P/IPC comm 0x561dfc20f050 nRanks 02
vcjob-2107910235463512066-abc12335-68921-worker-0:130:6612 [0] NCCL INFO Channel 22/0 : 0[9000] -> 1[f5000] via P2P/IPC comm 0x561dfc20f050 nRanks 02
vcjob-2107910235463512066-abc12335-68921-worker-0:137:6613 [7] NCCL INFO Channel 07/0 : 1[f5000] -> 0[9000] via P2P/IPC comm 0x564a4cb2c670 nRanks 02
vcjob-2107910235463512066-abc12335-68921-worker-0:130:6612 [0] NCCL INFO Channel 23/0 : 0[9000] -> 1[f5000] via P2P/IPC comm 0x561dfc20f050 nRanks 02
vcjob-2107910235463512066-abc12335-68921-worker-0:137:6613 [7] NCCL INFO Channel 08/0 : 1[f5000] -> 0[9000] via P2P/IPC comm 0x564a4cb2c670 nRanks 02
vcjob-2107910235463512066-abc12335-68921-worker-0:130:6612 [0] NCCL INFO Channel 24/0 : 0[9000] -> 1[f5000] via P2P/IPC comm 0x561dfc20f050 nRanks 02
vcjob-2107910235463512066-abc12335-68921-worker-0:137:6613 [7] NCCL INFO Channel 09/0 : 1[f5000] -> 0[9000] via P2P/IPC comm 0x564a4cb2c670 nRanks 02
vcjob-2107910235463512066-abc12335-68921-worker-0:130:6612 [0] NCCL INFO Channel 25/0 : 0[9000] -> 1[f5000] via P2P/IPC comm 0x561dfc20f050 nRanks 02
vcjob-2107910235463512066-abc12335-68921-worker-0:137:6613 [7] NCCL INFO Channel 10/0 : 1[f5000] -> 0[9000] via P2P/IPC comm 0x564a4cb2c670 nRanks 02
vcjob-2107910235463512066-abc12335-68921-worker-0:130:6612 [0] NCCL INFO Channel 26/0 : 0[9000] -> 1[f5000] via P2P/IPC comm 0x561dfc20f050 nRanks 02
vcjob-2107910235463512066-abc12335-68921-worker-0:137:6613 [7] NCCL INFO Channel 11/0 : 1[f5000] -> 0[9000] via P2P/IPC comm 0x564a4cb2c670 nRanks 02
vcjob-2107910235463512066-abc12335-68921-worker-0:130:6612 [0] NCCL INFO Channel 27/0 : 0[9000] -> 1[f5000] via P2P/IPC comm 0x561dfc20f050 nRanks 02
vcjob-2107910235463512066-abc12335-68921-worker-0:137:6613 [7] NCCL INFO Channel 12/0 : 1[f5000] -> 0[9000] via P2P/IPC comm 0x564a4cb2c670 nRanks 02
vcjob-2107910235463512066-abc12335-68921-worker-0:130:6612 [0] NCCL INFO Channel 28/0 : 0[9000] -> 1[f5000] via P2P/IPC comm 0x561dfc20f050 nRanks 02
vcjob-2107910235463512066-abc12335-68921-worker-0:137:6613 [7] NCCL INFO Channel 13/0 : 1[f5000] -> 0[9000] via P2P/IPC comm 0x564a4cb2c670 nRanks 02
vcjob-2107910235463512066-abc12335-68921-worker-0:130:6612 [0] NCCL INFO Channel 29/0 : 0[9000] -> 1[f5000] via P2P/IPC comm 0x561dfc20f050 nRanks 02
vcjob-2107910235463512066-abc12335-68921-worker-0:137:6613 [7] NCCL INFO Channel 14/0 : 1[f5000] -> 0[9000] via P2P/IPC comm 0x564a4cb2c670 nRanks 02
vcjob-2107910235463512066-abc12335-68921-worker-0:130:6612 [0] NCCL INFO Channel 30/0 : 0[9000] -> 1[f5000] via P2P/IPC comm 0x561dfc20f050 nRanks 02
vcjob-2107910235463512066-abc12335-68921-worker-0:137:6613 [7] NCCL INFO Channel 15/0 : 1[f5000] -> 0[9000] via P2P/IPC comm 0x564a4cb2c670 nRanks 02
vcjob-2107910235463512066-abc12335-68921-worker-0:130:6612 [0] NCCL INFO Channel 31/0 : 0[9000] -> 1[f5000] via P2P/IPC comm 0x561dfc20f050 nRanks 02
vcjob-2107910235463512066-abc12335-68921-worker-0:137:6613 [7] NCCL INFO Channel 16/0 : 1[f5000] -> 0[9000] via P2P/IPC comm 0x564a4cb2c670 nRanks 02
vcjob-2107910235463512066-abc12335-68921-worker-0:137:6613 [7] NCCL INFO Channel 17/0 : 1[f5000] -> 0[9000] via P2P/IPC comm 0x564a4cb2c670 nRanks 02
vcjob-2107910235463512066-abc12335-68921-worker-0:137:6613 [7] NCCL INFO Channel 18/0 : 1[f5000] -> 0[9000] via P2P/IPC comm 0x564a4cb2c670 nRanks 02
vcjob-2107910235463512066-abc12335-68921-worker-0:137:6613 [7] NCCL INFO Channel 19/0 : 1[f5000] -> 0[9000] via P2P/IPC comm 0x564a4cb2c670 nRanks 02
vcjob-2107910235463512066-abc12335-68921-worker-0:137:6613 [7] NCCL INFO Channel 20/0 : 1[f5000] -> 0[9000] via P2P/IPC comm 0x564a4cb2c670 nRanks 02
vcjob-2107910235463512066-abc12335-68921-worker-0:137:6613 [7] NCCL INFO Channel 21/0 : 1[f5000] -> 0[9000] via P2P/IPC comm 0x564a4cb2c670 nRanks 02
vcjob-2107910235463512066-abc12335-68921-worker-0:137:6613 [7] NCCL INFO Channel 22/0 : 1[f5000] -> 0[9000] via P2P/IPC comm 0x564a4cb2c670 nRanks 02
vcjob-2107910235463512066-abc12335-68921-worker-0:137:6613 [7] NCCL INFO Channel 23/0 : 1[f5000] -> 0[9000] via P2P/IPC comm 0x564a4cb2c670 nRanks 02
vcjob-2107910235463512066-abc12335-68921-worker-0:137:6613 [7] NCCL INFO Channel 24/0 : 1[f5000] -> 0[9000] via P2P/IPC comm 0x564a4cb2c670 nRanks 02
vcjob-2107910235463512066-abc12335-68921-worker-0:137:6613 [7] NCCL INFO Channel 25/0 : 1[f5000] -> 0[9000] via P2P/IPC comm 0x564a4cb2c670 nRanks 02
vcjob-2107910235463512066-abc12335-68921-worker-0:137:6613 [7] NCCL INFO Channel 26/0 : 1[f5000] -> 0[9000] via P2P/IPC comm 0x564a4cb2c670 nRanks 02
vcjob-2107910235463512066-abc12335-68921-worker-0:137:6613 [7] NCCL INFO Channel 27/0 : 1[f5000] -> 0[9000] via P2P/IPC comm 0x564a4cb2c670 nRanks 02
vcjob-2107910235463512066-abc12335-68921-worker-0:137:6613 [7] NCCL INFO Channel 28/0 : 1[f5000] -> 0[9000] via P2P/IPC comm 0x564a4cb2c670 nRanks 02
vcjob-2107910235463512066-abc12335-68921-worker-0:137:6613 [7] NCCL INFO Channel 29/0 : 1[f5000] -> 0[9000] via P2P/IPC comm 0x564a4cb2c670 nRanks 02
vcjob-2107910235463512066-abc12335-68921-worker-0:137:6613 [7] NCCL INFO Channel 30/0 : 1[f5000] -> 0[9000] via P2P/IPC comm 0x564a4cb2c670 nRanks 02
vcjob-2107910235463512066-abc12335-68921-worker-0:137:6613 [7] NCCL INFO Channel 31/0 : 1[f5000] -> 0[9000] via P2P/IPC comm 0x564a4cb2c670 nRanks 02
vcjob-2107910235463512066-abc12335-68921-worker-0:130:6612 [0] NCCL INFO Connected all rings
vcjob-2107910235463512066-abc12335-68921-worker-0:137:6613 [7] NCCL INFO Connected all rings
vcjob-2107910235463512066-abc12335-68921-worker-0:130:6612 [0] NCCL INFO Connected all trees
vcjob-2107910235463512066-abc12335-68921-worker-0:137:6613 [7] NCCL INFO Connected all trees
vcjob-2107910235463512066-abc12335-68921-worker-0:137:6613 [7] NCCL INFO threadThresholds 8/8/64 | 16/8/64 | 256 | 256
vcjob-2107910235463512066-abc12335-68921-worker-0:137:6613 [7] NCCL INFO 32 coll channels, 32 collnet channels, 0 nvls channels, 32 p2p channels, 16 p2p channels per peer
vcjob-2107910235463512066-abc12335-68921-worker-0:130:6612 [0] NCCL INFO threadThresholds 8/8/64 | 16/8/64 | 256 | 256
vcjob-2107910235463512066-abc12335-68921-worker-0:130:6612 [0] NCCL INFO 32 coll channels, 32 collnet channels, 0 nvls channels, 32 p2p channels, 16 p2p channels per peer
vcjob-2107910235463512066-abc12335-68921-worker-0:130:6612 [0] NCCL INFO CC Off, Multi-GPU CC Off, workFifoBytes 4194304
vcjob-2107910235463512066-abc12335-68921-worker-0:130:6612 [0] NCCL INFO ncclCommInitRank comm 0x561dfc20f050 rank 0 nranks 2 cudaDev 0 nvmlDev 0 busId 9000 commId 0x5390f46cb3f8a338 localSize 480 used 1602949760 bytes on core 0 - Init COMPLETE
vcjob-2107910235463512066-abc12335-68921-worker-0:130:6612 [0] NCCL INFO Init timings: rank 0 nranks 2 total 0.31 (kernels 0.00, bootstrap 0.03, allgathers 0.00, topo 0.19, graphs 0.00, connections 0.09, rest 0.00)
vcjob-2107910235463512066-abc12335-68921-worker-0:137:6613 [7] NCCL INFO ncclCommInitRank comm 0x564a4cb2c670 rank 1 nranks 2 cudaDev 7 nvmlDev 7 busId f5000 commId 0x5390f46cb3f8a338 localSize 480 used 373326816 bytes on core 81 - Init COMPLETE
vcjob-2107910235463512066-abc12335-68921-worker-0:137:6613 [7] NCCL INFO Init timings: rank 1 nranks 2 total 0.31 (kernels 0.00, bootstrap 0.03, allgathers 0.00, topo 0.19, graphs 0.00, connections 0.09, rest 0.00)
I1008 03:06:05.343669   130 ProcessGroupNCCL.cpp:2890] [PG ID 0 PG GUID 0(default_pg) Rank 0] NCCL_DEBUG: INFO
I1008 03:06:05.343801   137 ProcessGroupNCCL.cpp:2890] [PG ID 0 PG GUID 0(default_pg) Rank 7] NCCL_DEBUG: INFO
vcjob-2107910235463512066-abc12335-68921-worker-0:137:6619 [7] NCCL INFO Channel 01/1 : 1[f5000] -> 0[9000] via P2P/IPC comm 0x564a4cb2c670 nRanks 02
vcjob-2107910235463512066-abc12335-68921-worker-0:137:6619 [7] NCCL INFO Channel 03/1 : 1[f5000] -> 0[9000] via P2P/IPC comm 0x564a4cb2c670 nRanks 02
vcjob-2107910235463512066-abc12335-68921-worker-0:137:6619 [7] NCCL INFO Channel 05/1 : 1[f5000] -> 0[9000] via P2P/IPC comm 0x564a4cb2c670 nRanks 02
vcjob-2107910235463512066-abc12335-68921-worker-0:137:6619 [7] NCCL INFO Channel 07/1 : 1[f5000] -> 0[9000] via P2P/IPC comm 0x564a4cb2c670 nRanks 02
vcjob-2107910235463512066-abc12335-68921-worker-0:137:6619 [7] NCCL INFO Channel 09/1 : 1[f5000] -> 0[9000] via P2P/IPC comm 0x564a4cb2c670 nRanks 02
vcjob-2107910235463512066-abc12335-68921-worker-0:137:6619 [7] NCCL INFO Channel 11/1 : 1[f5000] -> 0[9000] via P2P/IPC comm 0x564a4cb2c670 nRanks 02
vcjob-2107910235463512066-abc12335-68921-worker-0:137:6619 [7] NCCL INFO Channel 13/1 : 1[f5000] -> 0[9000] via P2P/IPC comm 0x564a4cb2c670 nRanks 02
vcjob-2107910235463512066-abc12335-68921-worker-0:137:6619 [7] NCCL INFO Channel 15/1 : 1[f5000] -> 0[9000] via P2P/IPC comm 0x564a4cb2c670 nRanks 02
vcjob-2107910235463512066-abc12335-68921-worker-0:137:6619 [7] NCCL INFO Channel 17/1 : 1[f5000] -> 0[9000] via P2P/IPC comm 0x564a4cb2c670 nRanks 02
vcjob-2107910235463512066-abc12335-68921-worker-0:137:6619 [7] NCCL INFO Channel 19/1 : 1[f5000] -> 0[9000] via P2P/IPC comm 0x564a4cb2c670 nRanks 02
vcjob-2107910235463512066-abc12335-68921-worker-0:137:6619 [7] NCCL INFO Channel 21/1 : 1[f5000] -> 0[9000] via P2P/IPC comm 0x564a4cb2c670 nRanks 02
vcjob-2107910235463512066-abc12335-68921-worker-0:137:6619 [7] NCCL INFO Channel 23/1 : 1[f5000] -> 0[9000] via P2P/IPC comm 0x564a4cb2c670 nRanks 02
vcjob-2107910235463512066-abc12335-68921-worker-0:137:6619 [7] NCCL INFO Channel 25/1 : 1[f5000] -> 0[9000] via P2P/IPC comm 0x564a4cb2c670 nRanks 02
vcjob-2107910235463512066-abc12335-68921-worker-0:137:6619 [7] NCCL INFO Channel 27/1 : 1[f5000] -> 0[9000] via P2P/IPC comm 0x564a4cb2c670 nRanks 02
vcjob-2107910235463512066-abc12335-68921-worker-0:137:6619 [7] NCCL INFO Channel 29/1 : 1[f5000] -> 0[9000] via P2P/IPC comm 0x564a4cb2c670 nRanks 02
vcjob-2107910235463512066-abc12335-68921-worker-0:137:6619 [7] NCCL INFO Channel 31/1 : 1[f5000] -> 0[9000] via P2P/IPC comm 0x564a4cb2c670 nRanks 02

vcjob-2107910235463512066-abc12335-68921-worker-0:130:130 [0] /data/jenkins_workspace/workspace/rccl_release/build/hipify/src/init.cc:170 NCCL WARN NUMA auto balancing enabled which can lead to variability in the RCCL performance! Disable by "sudo sysctl kernel.numa_balancing=0"
vcjob-2107910235463512066-abc12335-68921-worker-0:130:130 [0] NCCL INFO Kernel version: 5.15.0-25-generic

vcjob-2107910235463512066-abc12335-68921-worker-0:130:130 [0] /data/jenkins_workspace/workspace/rccl_release/build/hipify/src/init.cc:191 NCCL WARN Missing "iommu=pt" from kernel command line which can lead to system instablity or hang!
I1008 03:06:05.383119   130 ProcessGroupNCCL.cpp:2857] [PG ID 0 PG GUID 0(default_pg) Rank 0] ProcessGroupNCCL broadcast unique ID through store took 0.072031 ms
I1008 03:06:05.383147   130 NCCLUtils.cpp:75] Rank 0: creating NCCL communicator with mode: blocking

vcjob-2107910235463512066-abc12335-68921-worker-0:130:130 [0] /data/jenkins_workspace/workspace/rccl_release/build/hipify/src/init.cc:170 NCCL WARN NUMA auto balancing enabled which can lead to variability in the RCCL performance! Disable by "sudo sysctl kernel.numa_balancing=0"
vcjob-2107910235463512066-abc12335-68921-worker-0:130:130 [0] NCCL INFO Kernel version: 5.15.0-25-generic

vcjob-2107910235463512066-abc12335-68921-worker-0:130:130 [0] /data/jenkins_workspace/workspace/rccl_release/build/hipify/src/init.cc:191 NCCL WARN Missing "iommu=pt" from kernel command line which can lead to system instablity or hang!
vcjob-2107910235463512066-abc12335-68921-worker-0:130:130 [0] NCCL INFO Comm config Blocking set to 1
vcjob-2107910235463512066-abc12335-68921-worker-0:130:6621 [0] NCCL INFO Using network Socket
vcjob-2107910235463512066-abc12335-68921-worker-0:130:6621 [0] NCCL INFO rocm_smi_lib: version 7.6.0.0
vcjob-2107910235463512066-abc12335-68921-worker-0:130:6621 [0] NCCL INFO ncclCommInitRank comm 0x561dfc2ca830 rank 0 nranks 2 cudaDev 0 nvmlDev 0 busId 9000 commId 0x28e321b636ae75 - Init START
vcjob-2107910235463512066-abc12335-68921-worker-0:130:6621 [0] NCCL INFO rank:0 get match hsa dev domain:0x0 bdf:0x900 rank busId:0x36864
vcjob-2107910235463512066-abc12335-68921-worker-0:130:6621 [0] NCCL INFO XDP Switch is off with xdp_size : 0

vcjob-2107910235463512066-abc12335-68921-worker-0:130:6621 [0] /data/jenkins_workspace/workspace/rccl_release/build/hipify/src/graph/xml.cc:1211 NCCL WARN No IB NIC found, the generation of the basic topology has been terminated.
vcjob-2107910235463512066-abc12335-68921-worker-0:130:6621 [0] NCCL INFO rocm_smi_lib: version 7.6.0.0
vcjob-2107910235463512066-abc12335-68921-worker-0:130:6621 [0] NCCL INFO Setting affinity for GPU 0 to ffff
vcjob-2107910235463512066-abc12335-68921-worker-0:130:6621 [0] NCCL INFO Rank:0 Get link topo from rocmDev:0 linkNum:8 link:0 linkState:1 remote type:1 bdf:0x9b00 topoType:2
vcjob-2107910235463512066-abc12335-68921-worker-0:130:6621 [0] NCCL INFO Transport init rank 0 useXdp 0 linkTopoType 2
vcjob-2107910235463512066-abc12335-68921-worker-0:130:6621 [0] NCCL INFO comm 0x561dfc2ca830 rank 0 nRanks 2 nNodes 2 localRanks 1 localRank 0 MNNVL 0
vcjob-2107910235463512066-abc12335-68921-worker-0:130:6621 [0] NCCL INFO Channel 00/32 :    0   1
vcjob-2107910235463512066-abc12335-68921-worker-0:130:6621 [0] NCCL INFO Channel 01/32 :    0   1
vcjob-2107910235463512066-abc12335-68921-worker-0:130:6621 [0] NCCL INFO Channel 02/32 :    0   1
vcjob-2107910235463512066-abc12335-68921-worker-0:130:6621 [0] NCCL INFO Channel 03/32 :    0   1
vcjob-2107910235463512066-abc12335-68921-worker-0:130:6621 [0] NCCL INFO Channel 04/32 :    0   1
vcjob-2107910235463512066-abc12335-68921-worker-0:130:6621 [0] NCCL INFO Channel 05/32 :    0   1
vcjob-2107910235463512066-abc12335-68921-worker-0:130:6621 [0] NCCL INFO Channel 06/32 :    0   1
vcjob-2107910235463512066-abc12335-68921-worker-0:130:6621 [0] NCCL INFO Channel 07/32 :    0   1
vcjob-2107910235463512066-abc12335-68921-worker-0:130:6621 [0] NCCL INFO Channel 08/32 :    0   1
vcjob-2107910235463512066-abc12335-68921-worker-0:130:6621 [0] NCCL INFO Channel 09/32 :    0   1
vcjob-2107910235463512066-abc12335-68921-worker-0:130:6621 [0] NCCL INFO Channel 10/32 :    0   1
vcjob-2107910235463512066-abc12335-68921-worker-0:130:6621 [0] NCCL INFO Channel 11/32 :    0   1
vcjob-2107910235463512066-abc12335-68921-worker-0:130:6621 [0] NCCL INFO Channel 12/32 :    0   1
vcjob-2107910235463512066-abc12335-68921-worker-0:130:6621 [0] NCCL INFO Channel 13/32 :    0   1
vcjob-2107910235463512066-abc12335-68921-worker-0:130:6621 [0] NCCL INFO Channel 14/32 :    0   1
vcjob-2107910235463512066-abc12335-68921-worker-0:130:6621 [0] NCCL INFO Channel 15/32 :    0   1
vcjob-2107910235463512066-abc12335-68921-worker-0:130:6621 [0] NCCL INFO Channel 16/32 :    0   1
vcjob-2107910235463512066-abc12335-68921-worker-0:130:6621 [0] NCCL INFO Channel 17/32 :    0   1
vcjob-2107910235463512066-abc12335-68921-worker-0:130:6621 [0] NCCL INFO Channel 18/32 :    0   1
vcjob-2107910235463512066-abc12335-68921-worker-0:130:6621 [0] NCCL INFO Channel 19/32 :    0   1
vcjob-2107910235463512066-abc12335-68921-worker-0:130:6621 [0] NCCL INFO Channel 20/32 :    0   1
vcjob-2107910235463512066-abc12335-68921-worker-0:130:6621 [0] NCCL INFO Channel 21/32 :    0   1
vcjob-2107910235463512066-abc12335-68921-worker-0:130:6621 [0] NCCL INFO Channel 22/32 :    0   1
vcjob-2107910235463512066-abc12335-68921-worker-0:130:6621 [0] NCCL INFO Channel 23/32 :    0   1
vcjob-2107910235463512066-abc12335-68921-worker-0:130:6621 [0] NCCL INFO Channel 24/32 :    0   1
vcjob-2107910235463512066-abc12335-68921-worker-0:130:6621 [0] NCCL INFO Channel 25/32 :    0   1
vcjob-2107910235463512066-abc12335-68921-worker-0:130:6621 [0] NCCL INFO Channel 26/32 :    0   1
vcjob-2107910235463512066-abc12335-68921-worker-0:130:6621 [0] NCCL INFO Channel 27/32 :    0   1
vcjob-2107910235463512066-abc12335-68921-worker-0:130:6621 [0] NCCL INFO Channel 28/32 :    0   1
vcjob-2107910235463512066-abc12335-68921-worker-0:130:6621 [0] NCCL INFO Channel 29/32 :    0   1
vcjob-2107910235463512066-abc12335-68921-worker-0:130:6621 [0] NCCL INFO Channel 30/32 :    0   1
vcjob-2107910235463512066-abc12335-68921-worker-0:130:6621 [0] NCCL INFO Channel 31/32 :    0   1
vcjob-2107910235463512066-abc12335-68921-worker-0:130:6621 [0] NCCL INFO Trees [0] 1/-1/-1->0->-1 [1] -1/-1/-1->0->1 [2] 1/-1/-1->0->-1 [3] -1/-1/-1->0->1 [4] 1/-1/-1->0->-1 [5] -1/-1/-1->0->1 [6] 1/-1/-1->0->-1 [7] -1/-1/-1->0->1 [8] 1/-1/-1->0->-1 [9] -1/-1/-1->0->1 [10] 1/-1/-1->0->-1 [11] -1/-1/-1->0->1 [12] 1/-1/-1->0->-1 [13] -1/-1/-1->0->1 [14] 1/-1/-1->0->-1 [15] -1/-1/-1->0->1 [16] 1/-1/-1->0->-1 [17] -1/-1/-1->0->1 [18] 1/-1/-1->0->-1 [19] -1/-1/-1->0->1 [20] 1/-1/-1->0->-1 [21] -1/-1/-1->0->1 [22] 1/-1/-1->0->-1 [23] -1/-1/-1->0->1 [24] 1/-1/-1->0->-1 [25] -1/-1/-1->0->1 [26] 1/-1/-1->0->-1 [27] -1/-1/-1->0->1 [28] 1/-1/-1->0->-1 [29] -1/-1/-1->0->1 [30] 1/-1/-1->0->-1 [31] -1/-1/-1->0->1 comm 0x561dfc2ca830 nRanks 02 busId 9000
vcjob-2107910235463512066-abc12335-68921-worker-0:130:6621 [0] NCCL INFO P2P Chunksize set to 131072
vcjob-2107910235463512066-abc12335-68921-worker-0:130:6621 [0] NCCL INFO comm->autoPerPeerOn: 1, comm->p2pnChannels: 32, comm->p2pnChannelsPerPeer: 32
vcjob-2107910235463512066-abc12335-68921-worker-0:130:6621 [0] NCCL INFO Channel 00/0 : 1[9000] -> 0[9000] [receive] via NET/Socket/0 comm 0x561dfc2ca830 nRanks 02
vcjob-2107910235463512066-abc12335-68921-worker-0:130:6621 [0] NCCL INFO Channel 01/0 : 1[9000] -> 0[9000] [receive] via NET/Socket/0 comm 0x561dfc2ca830 nRanks 02
vcjob-2107910235463512066-abc12335-68921-worker-0:130:6621 [0] NCCL INFO Channel 02/0 : 1[9000] -> 0[9000] [receive] via NET/Socket/0 comm 0x561dfc2ca830 nRanks 02
vcjob-2107910235463512066-abc12335-68921-worker-0:130:6621 [0] NCCL INFO Channel 03/0 : 1[9000] -> 0[9000] [receive] via NET/Socket/0 comm 0x561dfc2ca830 nRanks 02
vcjob-2107910235463512066-abc12335-68921-worker-0:130:6621 [0] NCCL INFO Channel 04/0 : 1[9000] -> 0[9000] [receive] via NET/Socket/0 comm 0x561dfc2ca830 nRanks 02
vcjob-2107910235463512066-abc12335-68921-worker-0:130:6621 [0] NCCL INFO Channel 05/0 : 1[9000] -> 0[9000] [receive] via NET/Socket/0 comm 0x561dfc2ca830 nRanks 02
vcjob-2107910235463512066-abc12335-68921-worker-0:130:6621 [0] NCCL INFO Channel 06/0 : 1[9000] -> 0[9000] [receive] via NET/Socket/0 comm 0x561dfc2ca830 nRanks 02
vcjob-2107910235463512066-abc12335-68921-worker-0:130:6621 [0] NCCL INFO Channel 07/0 : 1[9000] -> 0[9000] [receive] via NET/Socket/0 comm 0x561dfc2ca830 nRanks 02
vcjob-2107910235463512066-abc12335-68921-worker-0:130:6621 [0] NCCL INFO Channel 08/0 : 1[9000] -> 0[9000] [receive] via NET/Socket/0 comm 0x561dfc2ca830 nRanks 02
vcjob-2107910235463512066-abc12335-68921-worker-0:130:6621 [0] NCCL INFO Channel 09/0 : 1[9000] -> 0[9000] [receive] via NET/Socket/0 comm 0x561dfc2ca830 nRanks 02
vcjob-2107910235463512066-abc12335-68921-worker-0:130:6621 [0] NCCL INFO Channel 10/0 : 1[9000] -> 0[9000] [receive] via NET/Socket/0 comm 0x561dfc2ca830 nRanks 02
vcjob-2107910235463512066-abc12335-68921-worker-0:130:6621 [0] NCCL INFO Channel 11/0 : 1[9000] -> 0[9000] [receive] via NET/Socket/0 comm 0x561dfc2ca830 nRanks 02
vcjob-2107910235463512066-abc12335-68921-worker-0:130:6621 [0] NCCL INFO Channel 12/0 : 1[9000] -> 0[9000] [receive] via NET/Socket/0 comm 0x561dfc2ca830 nRanks 02
vcjob-2107910235463512066-abc12335-68921-worker-0:130:6621 [0] NCCL INFO Channel 13/0 : 1[9000] -> 0[9000] [receive] via NET/Socket/0 comm 0x561dfc2ca830 nRanks 02
vcjob-2107910235463512066-abc12335-68921-worker-0:130:6621 [0] NCCL INFO Channel 14/0 : 1[9000] -> 0[9000] [receive] via NET/Socket/0 comm 0x561dfc2ca830 nRanks 02
vcjob-2107910235463512066-abc12335-68921-worker-0:130:6621 [0] NCCL INFO Channel 15/0 : 1[9000] -> 0[9000] [receive] via NET/Socket/0 comm 0x561dfc2ca830 nRanks 02
vcjob-2107910235463512066-abc12335-68921-worker-0:130:6621 [0] NCCL INFO Channel 16/0 : 1[9000] -> 0[9000] [receive] via NET/Socket/0 comm 0x561dfc2ca830 nRanks 02
vcjob-2107910235463512066-abc12335-68921-worker-0:130:6621 [0] NCCL INFO Channel 17/0 : 1[9000] -> 0[9000] [receive] via NET/Socket/0 comm 0x561dfc2ca830 nRanks 02
vcjob-2107910235463512066-abc12335-68921-worker-0:130:6621 [0] NCCL INFO Channel 18/0 : 1[9000] -> 0[9000] [receive] via NET/Socket/0 comm 0x561dfc2ca830 nRanks 02
vcjob-2107910235463512066-abc12335-68921-worker-0:130:6621 [0] NCCL INFO Channel 19/0 : 1[9000] -> 0[9000] [receive] via NET/Socket/0 comm 0x561dfc2ca830 nRanks 02
vcjob-2107910235463512066-abc12335-68921-worker-0:130:6621 [0] NCCL INFO Channel 20/0 : 1[9000] -> 0[9000] [receive] via NET/Socket/0 comm 0x561dfc2ca830 nRanks 02
vcjob-2107910235463512066-abc12335-68921-worker-0:130:6621 [0] NCCL INFO Channel 21/0 : 1[9000] -> 0[9000] [receive] via NET/Socket/0 comm 0x561dfc2ca830 nRanks 02
vcjob-2107910235463512066-abc12335-68921-worker-0:130:6621 [0] NCCL INFO Channel 22/0 : 1[9000] -> 0[9000] [receive] via NET/Socket/0 comm 0x561dfc2ca830 nRanks 02
vcjob-2107910235463512066-abc12335-68921-worker-0:130:6621 [0] NCCL INFO Channel 23/0 : 1[9000] -> 0[9000] [receive] via NET/Socket/0 comm 0x561dfc2ca830 nRanks 02
vcjob-2107910235463512066-abc12335-68921-worker-0:130:6621 [0] NCCL INFO Channel 24/0 : 1[9000] -> 0[9000] [receive] via NET/Socket/0 comm 0x561dfc2ca830 nRanks 02
vcjob-2107910235463512066-abc12335-68921-worker-0:130:6621 [0] NCCL INFO Channel 25/0 : 1[9000] -> 0[9000] [receive] via NET/Socket/0 comm 0x561dfc2ca830 nRanks 02
vcjob-2107910235463512066-abc12335-68921-worker-0:130:6621 [0] NCCL INFO Channel 26/0 : 1[9000] -> 0[9000] [receive] via NET/Socket/0 comm 0x561dfc2ca830 nRanks 02
vcjob-2107910235463512066-abc12335-68921-worker-0:130:6621 [0] NCCL INFO Channel 27/0 : 1[9000] -> 0[9000] [receive] via NET/Socket/0 comm 0x561dfc2ca830 nRanks 02
vcjob-2107910235463512066-abc12335-68921-worker-0:130:6621 [0] NCCL INFO Channel 28/0 : 1[9000] -> 0[9000] [receive] via NET/Socket/0 comm 0x561dfc2ca830 nRanks 02
vcjob-2107910235463512066-abc12335-68921-worker-0:130:6621 [0] NCCL INFO Channel 29/0 : 1[9000] -> 0[9000] [receive] via NET/Socket/0 comm 0x561dfc2ca830 nRanks 02
vcjob-2107910235463512066-abc12335-68921-worker-0:130:6621 [0] NCCL INFO Channel 30/0 : 1[9000] -> 0[9000] [receive] via NET/Socket/0 comm 0x561dfc2ca830 nRanks 02
vcjob-2107910235463512066-abc12335-68921-worker-0:130:6621 [0] NCCL INFO Channel 31/0 : 1[9000] -> 0[9000] [receive] via NET/Socket/0 comm 0x561dfc2ca830 nRanks 02
vcjob-2107910235463512066-abc12335-68921-worker-0:130:6621 [0] NCCL INFO Channel 00/0 : 0[9000] -> 1[9000] [send] via NET/Socket/0 comm 0x561dfc2ca830 nRanks 02
vcjob-2107910235463512066-abc12335-68921-worker-0:130:6621 [0] NCCL INFO Channel 01/0 : 0[9000] -> 1[9000] [send] via NET/Socket/0 comm 0x561dfc2ca830 nRanks 02
vcjob-2107910235463512066-abc12335-68921-worker-0:130:6621 [0] NCCL INFO Channel 02/0 : 0[9000] -> 1[9000] [send] via NET/Socket/0 comm 0x561dfc2ca830 nRanks 02
vcjob-2107910235463512066-abc12335-68921-worker-0:130:6621 [0] NCCL INFO Channel 03/0 : 0[9000] -> 1[9000] [send] via NET/Socket/0 comm 0x561dfc2ca830 nRanks 02
vcjob-2107910235463512066-abc12335-68921-worker-0:130:6621 [0] NCCL INFO Channel 04/0 : 0[9000] -> 1[9000] [send] via NET/Socket/0 comm 0x561dfc2ca830 nRanks 02
vcjob-2107910235463512066-abc12335-68921-worker-0:130:6621 [0] NCCL INFO Channel 05/0 : 0[9000] -> 1[9000] [send] via NET/Socket/0 comm 0x561dfc2ca830 nRanks 02
vcjob-2107910235463512066-abc12335-68921-worker-0:130:6621 [0] NCCL INFO Channel 06/0 : 0[9000] -> 1[9000] [send] via NET/Socket/0 comm 0x561dfc2ca830 nRanks 02
vcjob-2107910235463512066-abc12335-68921-worker-0:130:6621 [0] NCCL INFO Channel 07/0 : 0[9000] -> 1[9000] [send] via NET/Socket/0 comm 0x561dfc2ca830 nRanks 02
vcjob-2107910235463512066-abc12335-68921-worker-0:130:6621 [0] NCCL INFO Channel 08/0 : 0[9000] -> 1[9000] [send] via NET/Socket/0 comm 0x561dfc2ca830 nRanks 02
vcjob-2107910235463512066-abc12335-68921-worker-0:130:6621 [0] NCCL INFO Channel 09/0 : 0[9000] -> 1[9000] [send] via NET/Socket/0 comm 0x561dfc2ca830 nRanks 02
vcjob-2107910235463512066-abc12335-68921-worker-0:130:6621 [0] NCCL INFO Channel 10/0 : 0[9000] -> 1[9000] [send] via NET/Socket/0 comm 0x561dfc2ca830 nRanks 02
vcjob-2107910235463512066-abc12335-68921-worker-0:130:6621 [0] NCCL INFO Channel 11/0 : 0[9000] -> 1[9000] [send] via NET/Socket/0 comm 0x561dfc2ca830 nRanks 02
vcjob-2107910235463512066-abc12335-68921-worker-0:130:6621 [0] NCCL INFO Channel 12/0 : 0[9000] -> 1[9000] [send] via NET/Socket/0 comm 0x561dfc2ca830 nRanks 02
vcjob-2107910235463512066-abc12335-68921-worker-0:130:6621 [0] NCCL INFO Channel 13/0 : 0[9000] -> 1[9000] [send] via NET/Socket/0 comm 0x561dfc2ca830 nRanks 02
vcjob-2107910235463512066-abc12335-68921-worker-0:130:6621 [0] NCCL INFO Channel 14/0 : 0[9000] -> 1[9000] [send] via NET/Socket/0 comm 0x561dfc2ca830 nRanks 02
vcjob-2107910235463512066-abc12335-68921-worker-0:130:6621 [0] NCCL INFO Channel 15/0 : 0[9000] -> 1[9000] [send] via NET/Socket/0 comm 0x561dfc2ca830 nRanks 02
vcjob-2107910235463512066-abc12335-68921-worker-0:130:6621 [0] NCCL INFO Channel 16/0 : 0[9000] -> 1[9000] [send] via NET/Socket/0 comm 0x561dfc2ca830 nRanks 02
vcjob-2107910235463512066-abc12335-68921-worker-0:130:6621 [0] NCCL INFO Channel 17/0 : 0[9000] -> 1[9000] [send] via NET/Socket/0 comm 0x561dfc2ca830 nRanks 02
vcjob-2107910235463512066-abc12335-68921-worker-0:130:6621 [0] NCCL INFO Channel 18/0 : 0[9000] -> 1[9000] [send] via NET/Socket/0 comm 0x561dfc2ca830 nRanks 02
vcjob-2107910235463512066-abc12335-68921-worker-0:130:6621 [0] NCCL INFO Channel 19/0 : 0[9000] -> 1[9000] [send] via NET/Socket/0 comm 0x561dfc2ca830 nRanks 02
vcjob-2107910235463512066-abc12335-68921-worker-0:130:6621 [0] NCCL INFO Channel 20/0 : 0[9000] -> 1[9000] [send] via NET/Socket/0 comm 0x561dfc2ca830 nRanks 02
vcjob-2107910235463512066-abc12335-68921-worker-0:130:6621 [0] NCCL INFO Channel 21/0 : 0[9000] -> 1[9000] [send] via NET/Socket/0 comm 0x561dfc2ca830 nRanks 02
vcjob-2107910235463512066-abc12335-68921-worker-0:130:6621 [0] NCCL INFO Channel 22/0 : 0[9000] -> 1[9000] [send] via NET/Socket/0 comm 0x561dfc2ca830 nRanks 02
vcjob-2107910235463512066-abc12335-68921-worker-0:130:6621 [0] NCCL INFO Channel 23/0 : 0[9000] -> 1[9000] [send] via NET/Socket/0 comm 0x561dfc2ca830 nRanks 02
vcjob-2107910235463512066-abc12335-68921-worker-0:130:6621 [0] NCCL INFO Channel 24/0 : 0[9000] -> 1[9000] [send] via NET/Socket/0 comm 0x561dfc2ca830 nRanks 02
vcjob-2107910235463512066-abc12335-68921-worker-0:130:6621 [0] NCCL INFO Channel 25/0 : 0[9000] -> 1[9000] [send] via NET/Socket/0 comm 0x561dfc2ca830 nRanks 02
vcjob-2107910235463512066-abc12335-68921-worker-0:130:6621 [0] NCCL INFO Channel 26/0 : 0[9000] -> 1[9000] [send] via NET/Socket/0 comm 0x561dfc2ca830 nRanks 02
vcjob-2107910235463512066-abc12335-68921-worker-0:130:6621 [0] NCCL INFO Channel 27/0 : 0[9000] -> 1[9000] [send] via NET/Socket/0 comm 0x561dfc2ca830 nRanks 02
vcjob-2107910235463512066-abc12335-68921-worker-0:130:6621 [0] NCCL INFO Channel 28/0 : 0[9000] -> 1[9000] [send] via NET/Socket/0 comm 0x561dfc2ca830 nRanks 02
vcjob-2107910235463512066-abc12335-68921-worker-0:130:6621 [0] NCCL INFO Channel 29/0 : 0[9000] -> 1[9000] [send] via NET/Socket/0 comm 0x561dfc2ca830 nRanks 02
vcjob-2107910235463512066-abc12335-68921-worker-0:130:6621 [0] NCCL INFO Channel 30/0 : 0[9000] -> 1[9000] [send] via NET/Socket/0 comm 0x561dfc2ca830 nRanks 02
vcjob-2107910235463512066-abc12335-68921-worker-0:130:6621 [0] NCCL INFO Channel 31/0 : 0[9000] -> 1[9000] [send] via NET/Socket/0 comm 0x561dfc2ca830 nRanks 02
vcjob-2107910235463512066-abc12335-68921-worker-0:130:6621 [0] NCCL INFO Connected all rings
vcjob-2107910235463512066-abc12335-68921-worker-0:130:6621 [0] NCCL INFO Connected all trees
vcjob-2107910235463512066-abc12335-68921-worker-0:130:6621 [0] NCCL INFO threadThresholds 8/8/64 | 16/8/64 | 256 | 256
vcjob-2107910235463512066-abc12335-68921-worker-0:130:6621 [0] NCCL INFO 32 coll channels, 32 collnet channels, 0 nvls channels, 32 p2p channels, 32 p2p channels per peer
vcjob-2107910235463512066-abc12335-68921-worker-0:130:6621 [0] NCCL INFO CC Off, Multi-GPU CC Off, workFifoBytes 4194304
vcjob-2107910235463512066-abc12335-68921-worker-0:130:6621 [0] NCCL INFO ncclCommInitRank comm 0x561dfc2ca830 rank 0 nranks 2 cudaDev 0 nvmlDev 0 busId 9000 commId 0x28e321b636ae75 localSize 480 used 1682297840 bytes on core 0 - Init COMPLETE
vcjob-2107910235463512066-abc12335-68921-worker-0:130:6621 [0] NCCL INFO Init timings: rank 0 nranks 2 total 0.31 (kernels 0.00, bootstrap 0.05, allgathers 0.00, topo 0.11, graphs 0.00, connections 0.15, rest 0.00)
I1008 03:06:05.691588   130 ProcessGroupNCCL.cpp:2890] [PG ID 0 PG GUID 0(default_pg) Rank 0] NCCL_DEBUG: INFO
vcjob-2107910235463512066-abc12335-68921-worker-0:130:6625 [0] NCCL INFO Channel 01/1 : 1[9000] -> 0[9000] [receive] via NET/Socket/0/Shared comm 0x561dfc2ca830 nRanks 02
vcjob-2107910235463512066-abc12335-68921-worker-0:130:6625 [0] NCCL INFO Channel 03/1 : 1[9000] -> 0[9000] [receive] via NET/Socket/0/Shared comm 0x561dfc2ca830 nRanks 02
vcjob-2107910235463512066-abc12335-68921-worker-0:130:6625 [0] NCCL INFO Channel 05/1 : 1[9000] -> 0[9000] [receive] via NET/Socket/0/Shared comm 0x561dfc2ca830 nRanks 02
vcjob-2107910235463512066-abc12335-68921-worker-0:130:6625 [0] NCCL INFO Channel 07/1 : 1[9000] -> 0[9000] [receive] via NET/Socket/0/Shared comm 0x561dfc2ca830 nRanks 02
vcjob-2107910235463512066-abc12335-68921-worker-0:130:6625 [0] NCCL INFO Channel 09/1 : 1[9000] -> 0[9000] [receive] via NET/Socket/0/Shared comm 0x561dfc2ca830 nRanks 02
vcjob-2107910235463512066-abc12335-68921-worker-0:130:6625 [0] NCCL INFO Channel 11/1 : 1[9000] -> 0[9000] [receive] via NET/Socket/0/Shared comm 0x561dfc2ca830 nRanks 02
vcjob-2107910235463512066-abc12335-68921-worker-0:130:6625 [0] NCCL INFO Channel 13/1 : 1[9000] -> 0[9000] [receive] via NET/Socket/0/Shared comm 0x561dfc2ca830 nRanks 02
vcjob-2107910235463512066-abc12335-68921-worker-0:130:6625 [0] NCCL INFO Channel 15/1 : 1[9000] -> 0[9000] [receive] via NET/Socket/0/Shared comm 0x561dfc2ca830 nRanks 02
vcjob-2107910235463512066-abc12335-68921-worker-0:130:6625 [0] NCCL INFO Channel 17/1 : 1[9000] -> 0[9000] [receive] via NET/Socket/0/Shared comm 0x561dfc2ca830 nRanks 02
vcjob-2107910235463512066-abc12335-68921-worker-0:130:6625 [0] NCCL INFO Channel 19/1 : 1[9000] -> 0[9000] [receive] via NET/Socket/0/Shared comm 0x561dfc2ca830 nRanks 02
vcjob-2107910235463512066-abc12335-68921-worker-0:130:6625 [0] NCCL INFO Channel 21/1 : 1[9000] -> 0[9000] [receive] via NET/Socket/0/Shared comm 0x561dfc2ca830 nRanks 02
vcjob-2107910235463512066-abc12335-68921-worker-0:130:6625 [0] NCCL INFO Channel 23/1 : 1[9000] -> 0[9000] [receive] via NET/Socket/0/Shared comm 0x561dfc2ca830 nRanks 02
vcjob-2107910235463512066-abc12335-68921-worker-0:130:6625 [0] NCCL INFO Channel 25/1 : 1[9000] -> 0[9000] [receive] via NET/Socket/0/Shared comm 0x561dfc2ca830 nRanks 02
vcjob-2107910235463512066-abc12335-68921-worker-0:130:6625 [0] NCCL INFO Channel 27/1 : 1[9000] -> 0[9000] [receive] via NET/Socket/0/Shared comm 0x561dfc2ca830 nRanks 02
vcjob-2107910235463512066-abc12335-68921-worker-0:130:6625 [0] NCCL INFO Channel 29/1 : 1[9000] -> 0[9000] [receive] via NET/Socket/0/Shared comm 0x561dfc2ca830 nRanks 02
vcjob-2107910235463512066-abc12335-68921-worker-0:130:6625 [0] NCCL INFO Channel 31/1 : 1[9000] -> 0[9000] [receive] via NET/Socket/0/Shared comm 0x561dfc2ca830 nRanks 02

vcjob-2107910235463512066-abc12335-68921-worker-0:130:130 [0] /data/jenkins_workspace/workspace/rccl_release/build/hipify/src/init.cc:170 NCCL WARN NUMA auto balancing enabled which can lead to variability in the RCCL performance! Disable by "sudo sysctl kernel.numa_balancing=0"
vcjob-2107910235463512066-abc12335-68921-worker-0:130:130 [0] NCCL INFO Kernel version: 5.15.0-25-generic

vcjob-2107910235463512066-abc12335-68921-worker-0:130:130 [0] /data/jenkins_workspace/workspace/rccl_release/build/hipify/src/init.cc:191 NCCL WARN Missing "iommu=pt" from kernel command line which can lead to system instablity or hang!
I1008 03:06:05.733227   130 ProcessGroupNCCL.cpp:2857] [PG ID 0 PG GUID 0(default_pg) Rank 0] ProcessGroupNCCL broadcast unique ID through store took 0.06481 ms
I1008 03:06:05.733249   130 NCCLUtils.cpp:75] Rank 0: creating NCCL communicator with mode: blocking

vcjob-2107910235463512066-abc12335-68921-worker-0:130:130 [0] /data/jenkins_workspace/workspace/rccl_release/build/hipify/src/init.cc:170 NCCL WARN NUMA auto balancing enabled which can lead to variability in the RCCL performance! Disable by "sudo sysctl kernel.numa_balancing=0"
vcjob-2107910235463512066-abc12335-68921-worker-0:130:130 [0] NCCL INFO Kernel version: 5.15.0-25-generic

vcjob-2107910235463512066-abc12335-68921-worker-0:130:130 [0] /data/jenkins_workspace/workspace/rccl_release/build/hipify/src/init.cc:191 NCCL WARN Missing "iommu=pt" from kernel command line which can lead to system instablity or hang!
vcjob-2107910235463512066-abc12335-68921-worker-0:130:130 [0] NCCL INFO Comm config Blocking set to 1
vcjob-2107910235463512066-abc12335-68921-worker-0:130:6627 [0] NCCL INFO Using network Socket
vcjob-2107910235463512066-abc12335-68921-worker-0:130:6627 [0] NCCL INFO rocm_smi_lib: version 7.6.0.0
vcjob-2107910235463512066-abc12335-68921-worker-0:130:6627 [0] NCCL INFO ncclCommInitRank comm 0x561dfc386010 rank 0 nranks 2 cudaDev 0 nvmlDev 0 busId 9000 commId 0xf1323530ee921524 - Init START
vcjob-2107910235463512066-abc12335-68921-worker-0:130:6627 [0] NCCL INFO rank:0 get match hsa dev domain:0x0 bdf:0x900 rank busId:0x36864
vcjob-2107910235463512066-abc12335-68921-worker-0:130:6627 [0] NCCL INFO XDP Switch is off with xdp_size : 0

vcjob-2107910235463512066-abc12335-68921-worker-0:130:6627 [0] /data/jenkins_workspace/workspace/rccl_release/build/hipify/src/graph/xml.cc:1211 NCCL WARN No IB NIC found, the generation of the basic topology has been terminated.
vcjob-2107910235463512066-abc12335-68921-worker-0:130:6627 [0] NCCL INFO rocm_smi_lib: version 7.6.0.0
vcjob-2107910235463512066-abc12335-68921-worker-0:130:6627 [0] NCCL INFO Setting affinity for GPU 0 to ffff
vcjob-2107910235463512066-abc12335-68921-worker-0:130:6627 [0] NCCL INFO Rank:0 Get link topo from rocmDev:0 linkNum:8 link:0 linkState:1 remote type:1 bdf:0x9b00 topoType:2
vcjob-2107910235463512066-abc12335-68921-worker-0:130:6627 [0] NCCL INFO Transport init rank 0 useXdp 0 linkTopoType 2
vcjob-2107910235463512066-abc12335-68921-worker-0:130:6627 [0] NCCL INFO comm 0x561dfc386010 rank 0 nRanks 2 nNodes 2 localRanks 1 localRank 0 MNNVL 0
vcjob-2107910235463512066-abc12335-68921-worker-0:130:6627 [0] NCCL INFO Channel 00/32 :    0   1
vcjob-2107910235463512066-abc12335-68921-worker-0:130:6627 [0] NCCL INFO Channel 01/32 :    0   1
vcjob-2107910235463512066-abc12335-68921-worker-0:130:6627 [0] NCCL INFO Channel 02/32 :    0   1
vcjob-2107910235463512066-abc12335-68921-worker-0:130:6627 [0] NCCL INFO Channel 03/32 :    0   1
vcjob-2107910235463512066-abc12335-68921-worker-0:130:6627 [0] NCCL INFO Channel 04/32 :    0   1
vcjob-2107910235463512066-abc12335-68921-worker-0:130:6627 [0] NCCL INFO Channel 05/32 :    0   1
vcjob-2107910235463512066-abc12335-68921-worker-0:130:6627 [0] NCCL INFO Channel 06/32 :    0   1
vcjob-2107910235463512066-abc12335-68921-worker-0:130:6627 [0] NCCL INFO Channel 07/32 :    0   1
vcjob-2107910235463512066-abc12335-68921-worker-0:130:6627 [0] NCCL INFO Channel 08/32 :    0   1
vcjob-2107910235463512066-abc12335-68921-worker-0:130:6627 [0] NCCL INFO Channel 09/32 :    0   1
vcjob-2107910235463512066-abc12335-68921-worker-0:130:6627 [0] NCCL INFO Channel 10/32 :    0   1
vcjob-2107910235463512066-abc12335-68921-worker-0:130:6627 [0] NCCL INFO Channel 11/32 :    0   1
vcjob-2107910235463512066-abc12335-68921-worker-0:130:6627 [0] NCCL INFO Channel 12/32 :    0   1
vcjob-2107910235463512066-abc12335-68921-worker-0:130:6627 [0] NCCL INFO Channel 13/32 :    0   1
vcjob-2107910235463512066-abc12335-68921-worker-0:130:6627 [0] NCCL INFO Channel 14/32 :    0   1
vcjob-2107910235463512066-abc12335-68921-worker-0:130:6627 [0] NCCL INFO Channel 15/32 :    0   1
vcjob-2107910235463512066-abc12335-68921-worker-0:130:6627 [0] NCCL INFO Channel 16/32 :    0   1
vcjob-2107910235463512066-abc12335-68921-worker-0:130:6627 [0] NCCL INFO Channel 17/32 :    0   1
vcjob-2107910235463512066-abc12335-68921-worker-0:130:6627 [0] NCCL INFO Channel 18/32 :    0   1
vcjob-2107910235463512066-abc12335-68921-worker-0:130:6627 [0] NCCL INFO Channel 19/32 :    0   1
vcjob-2107910235463512066-abc12335-68921-worker-0:130:6627 [0] NCCL INFO Channel 20/32 :    0   1
vcjob-2107910235463512066-abc12335-68921-worker-0:130:6627 [0] NCCL INFO Channel 21/32 :    0   1
vcjob-2107910235463512066-abc12335-68921-worker-0:130:6627 [0] NCCL INFO Channel 22/32 :    0   1
vcjob-2107910235463512066-abc12335-68921-worker-0:130:6627 [0] NCCL INFO Channel 23/32 :    0   1
vcjob-2107910235463512066-abc12335-68921-worker-0:130:6627 [0] NCCL INFO Channel 24/32 :    0   1
vcjob-2107910235463512066-abc12335-68921-worker-0:130:6627 [0] NCCL INFO Channel 25/32 :    0   1
vcjob-2107910235463512066-abc12335-68921-worker-0:130:6627 [0] NCCL INFO Channel 26/32 :    0   1
vcjob-2107910235463512066-abc12335-68921-worker-0:130:6627 [0] NCCL INFO Channel 27/32 :    0   1
vcjob-2107910235463512066-abc12335-68921-worker-0:130:6627 [0] NCCL INFO Channel 28/32 :    0   1
vcjob-2107910235463512066-abc12335-68921-worker-0:130:6627 [0] NCCL INFO Channel 29/32 :    0   1
vcjob-2107910235463512066-abc12335-68921-worker-0:130:6627 [0] NCCL INFO Channel 30/32 :    0   1
vcjob-2107910235463512066-abc12335-68921-worker-0:130:6627 [0] NCCL INFO Channel 31/32 :    0   1
vcjob-2107910235463512066-abc12335-68921-worker-0:130:6627 [0] NCCL INFO Trees [0] 1/-1/-1->0->-1 [1] -1/-1/-1->0->1 [2] 1/-1/-1->0->-1 [3] -1/-1/-1->0->1 [4] 1/-1/-1->0->-1 [5] -1/-1/-1->0->1 [6] 1/-1/-1->0->-1 [7] -1/-1/-1->0->1 [8] 1/-1/-1->0->-1 [9] -1/-1/-1->0->1 [10] 1/-1/-1->0->-1 [11] -1/-1/-1->0->1 [12] 1/-1/-1->0->-1 [13] -1/-1/-1->0->1 [14] 1/-1/-1->0->-1 [15] -1/-1/-1->0->1 [16] 1/-1/-1->0->-1 [17] -1/-1/-1->0->1 [18] 1/-1/-1->0->-1 [19] -1/-1/-1->0->1 [20] 1/-1/-1->0->-1 [21] -1/-1/-1->0->1 [22] 1/-1/-1->0->-1 [23] -1/-1/-1->0->1 [24] 1/-1/-1->0->-1 [25] -1/-1/-1->0->1 [26] 1/-1/-1->0->-1 [27] -1/-1/-1->0->1 [28] 1/-1/-1->0->-1 [29] -1/-1/-1->0->1 [30] 1/-1/-1->0->-1 [31] -1/-1/-1->0->1 comm 0x561dfc386010 nRanks 02 busId 9000
vcjob-2107910235463512066-abc12335-68921-worker-0:130:6627 [0] NCCL INFO P2P Chunksize set to 131072
vcjob-2107910235463512066-abc12335-68921-worker-0:130:6627 [0] NCCL INFO comm->autoPerPeerOn: 1, comm->p2pnChannels: 32, comm->p2pnChannelsPerPeer: 32
vcjob-2107910235463512066-abc12335-68921-worker-0:130:6627 [0] NCCL INFO Channel 00/0 : 1[36000] -> 0[9000] [receive] via NET/Socket/0 comm 0x561dfc386010 nRanks 02
vcjob-2107910235463512066-abc12335-68921-worker-0:130:6627 [0] NCCL INFO Channel 01/0 : 1[36000] -> 0[9000] [receive] via NET/Socket/0 comm 0x561dfc386010 nRanks 02
vcjob-2107910235463512066-abc12335-68921-worker-0:130:6627 [0] NCCL INFO Channel 02/0 : 1[36000] -> 0[9000] [receive] via NET/Socket/0 comm 0x561dfc386010 nRanks 02
vcjob-2107910235463512066-abc12335-68921-worker-0:130:6627 [0] NCCL INFO Channel 03/0 : 1[36000] -> 0[9000] [receive] via NET/Socket/0 comm 0x561dfc386010 nRanks 02
vcjob-2107910235463512066-abc12335-68921-worker-0:130:6627 [0] NCCL INFO Channel 04/0 : 1[36000] -> 0[9000] [receive] via NET/Socket/0 comm 0x561dfc386010 nRanks 02
vcjob-2107910235463512066-abc12335-68921-worker-0:130:6627 [0] NCCL INFO Channel 05/0 : 1[36000] -> 0[9000] [receive] via NET/Socket/0 comm 0x561dfc386010 nRanks 02
vcjob-2107910235463512066-abc12335-68921-worker-0:130:6627 [0] NCCL INFO Channel 06/0 : 1[36000] -> 0[9000] [receive] via NET/Socket/0 comm 0x561dfc386010 nRanks 02
vcjob-2107910235463512066-abc12335-68921-worker-0:130:6627 [0] NCCL INFO Channel 07/0 : 1[36000] -> 0[9000] [receive] via NET/Socket/0 comm 0x561dfc386010 nRanks 02
vcjob-2107910235463512066-abc12335-68921-worker-0:130:6627 [0] NCCL INFO Channel 08/0 : 1[36000] -> 0[9000] [receive] via NET/Socket/0 comm 0x561dfc386010 nRanks 02
vcjob-2107910235463512066-abc12335-68921-worker-0:130:6627 [0] NCCL INFO Channel 09/0 : 1[36000] -> 0[9000] [receive] via NET/Socket/0 comm 0x561dfc386010 nRanks 02
vcjob-2107910235463512066-abc12335-68921-worker-0:130:6627 [0] NCCL INFO Channel 10/0 : 1[36000] -> 0[9000] [receive] via NET/Socket/0 comm 0x561dfc386010 nRanks 02
vcjob-2107910235463512066-abc12335-68921-worker-0:130:6627 [0] NCCL INFO Channel 11/0 : 1[36000] -> 0[9000] [receive] via NET/Socket/0 comm 0x561dfc386010 nRanks 02
vcjob-2107910235463512066-abc12335-68921-worker-0:130:6627 [0] NCCL INFO Channel 12/0 : 1[36000] -> 0[9000] [receive] via NET/Socket/0 comm 0x561dfc386010 nRanks 02
vcjob-2107910235463512066-abc12335-68921-worker-0:130:6627 [0] NCCL INFO Channel 13/0 : 1[36000] -> 0[9000] [receive] via NET/Socket/0 comm 0x561dfc386010 nRanks 02
vcjob-2107910235463512066-abc12335-68921-worker-0:130:6627 [0] NCCL INFO Channel 14/0 : 1[36000] -> 0[9000] [receive] via NET/Socket/0 comm 0x561dfc386010 nRanks 02
vcjob-2107910235463512066-abc12335-68921-worker-0:130:6627 [0] NCCL INFO Channel 15/0 : 1[36000] -> 0[9000] [receive] via NET/Socket/0 comm 0x561dfc386010 nRanks 02
vcjob-2107910235463512066-abc12335-68921-worker-0:130:6627 [0] NCCL INFO Channel 16/0 : 1[36000] -> 0[9000] [receive] via NET/Socket/0 comm 0x561dfc386010 nRanks 02
vcjob-2107910235463512066-abc12335-68921-worker-0:130:6627 [0] NCCL INFO Channel 17/0 : 1[36000] -> 0[9000] [receive] via NET/Socket/0 comm 0x561dfc386010 nRanks 02
vcjob-2107910235463512066-abc12335-68921-worker-0:130:6627 [0] NCCL INFO Channel 18/0 : 1[36000] -> 0[9000] [receive] via NET/Socket/0 comm 0x561dfc386010 nRanks 02
vcjob-2107910235463512066-abc12335-68921-worker-0:130:6627 [0] NCCL INFO Channel 19/0 : 1[36000] -> 0[9000] [receive] via NET/Socket/0 comm 0x561dfc386010 nRanks 02
vcjob-2107910235463512066-abc12335-68921-worker-0:130:6627 [0] NCCL INFO Channel 20/0 : 1[36000] -> 0[9000] [receive] via NET/Socket/0 comm 0x561dfc386010 nRanks 02
vcjob-2107910235463512066-abc12335-68921-worker-0:130:6627 [0] NCCL INFO Channel 21/0 : 1[36000] -> 0[9000] [receive] via NET/Socket/0 comm 0x561dfc386010 nRanks 02
vcjob-2107910235463512066-abc12335-68921-worker-0:130:6627 [0] NCCL INFO Channel 22/0 : 1[36000] -> 0[9000] [receive] via NET/Socket/0 comm 0x561dfc386010 nRanks 02
vcjob-2107910235463512066-abc12335-68921-worker-0:130:6627 [0] NCCL INFO Channel 23/0 : 1[36000] -> 0[9000] [receive] via NET/Socket/0 comm 0x561dfc386010 nRanks 02
vcjob-2107910235463512066-abc12335-68921-worker-0:130:6627 [0] NCCL INFO Channel 24/0 : 1[36000] -> 0[9000] [receive] via NET/Socket/0 comm 0x561dfc386010 nRanks 02
vcjob-2107910235463512066-abc12335-68921-worker-0:130:6627 [0] NCCL INFO Channel 25/0 : 1[36000] -> 0[9000] [receive] via NET/Socket/0 comm 0x561dfc386010 nRanks 02
vcjob-2107910235463512066-abc12335-68921-worker-0:130:6627 [0] NCCL INFO Channel 26/0 : 1[36000] -> 0[9000] [receive] via NET/Socket/0 comm 0x561dfc386010 nRanks 02
vcjob-2107910235463512066-abc12335-68921-worker-0:130:6627 [0] NCCL INFO Channel 27/0 : 1[36000] -> 0[9000] [receive] via NET/Socket/0 comm 0x561dfc386010 nRanks 02
vcjob-2107910235463512066-abc12335-68921-worker-0:130:6627 [0] NCCL INFO Channel 28/0 : 1[36000] -> 0[9000] [receive] via NET/Socket/0 comm 0x561dfc386010 nRanks 02
vcjob-2107910235463512066-abc12335-68921-worker-0:130:6627 [0] NCCL INFO Channel 29/0 : 1[36000] -> 0[9000] [receive] via NET/Socket/0 comm 0x561dfc386010 nRanks 02
vcjob-2107910235463512066-abc12335-68921-worker-0:130:6627 [0] NCCL INFO Channel 30/0 : 1[36000] -> 0[9000] [receive] via NET/Socket/0 comm 0x561dfc386010 nRanks 02
vcjob-2107910235463512066-abc12335-68921-worker-0:130:6627 [0] NCCL INFO Channel 31/0 : 1[36000] -> 0[9000] [receive] via NET/Socket/0 comm 0x561dfc386010 nRanks 02
vcjob-2107910235463512066-abc12335-68921-worker-0:130:6627 [0] NCCL INFO Channel 00/0 : 0[9000] -> 1[36000] [send] via NET/Socket/0 comm 0x561dfc386010 nRanks 02
vcjob-2107910235463512066-abc12335-68921-worker-0:130:6627 [0] NCCL INFO Channel 01/0 : 0[9000] -> 1[36000] [send] via NET/Socket/0 comm 0x561dfc386010 nRanks 02
vcjob-2107910235463512066-abc12335-68921-worker-0:130:6627 [0] NCCL INFO Channel 02/0 : 0[9000] -> 1[36000] [send] via NET/Socket/0 comm 0x561dfc386010 nRanks 02
vcjob-2107910235463512066-abc12335-68921-worker-0:130:6627 [0] NCCL INFO Channel 03/0 : 0[9000] -> 1[36000] [send] via NET/Socket/0 comm 0x561dfc386010 nRanks 02
vcjob-2107910235463512066-abc12335-68921-worker-0:130:6627 [0] NCCL INFO Channel 04/0 : 0[9000] -> 1[36000] [send] via NET/Socket/0 comm 0x561dfc386010 nRanks 02
vcjob-2107910235463512066-abc12335-68921-worker-0:130:6627 [0] NCCL INFO Channel 05/0 : 0[9000] -> 1[36000] [send] via NET/Socket/0 comm 0x561dfc386010 nRanks 02
vcjob-2107910235463512066-abc12335-68921-worker-0:130:6627 [0] NCCL INFO Channel 06/0 : 0[9000] -> 1[36000] [send] via NET/Socket/0 comm 0x561dfc386010 nRanks 02
vcjob-2107910235463512066-abc12335-68921-worker-0:130:6627 [0] NCCL INFO Channel 07/0 : 0[9000] -> 1[36000] [send] via NET/Socket/0 comm 0x561dfc386010 nRanks 02
vcjob-2107910235463512066-abc12335-68921-worker-0:130:6627 [0] NCCL INFO Channel 08/0 : 0[9000] -> 1[36000] [send] via NET/Socket/0 comm 0x561dfc386010 nRanks 02
vcjob-2107910235463512066-abc12335-68921-worker-0:130:6627 [0] NCCL INFO Channel 09/0 : 0[9000] -> 1[36000] [send] via NET/Socket/0 comm 0x561dfc386010 nRanks 02
vcjob-2107910235463512066-abc12335-68921-worker-0:130:6627 [0] NCCL INFO Channel 10/0 : 0[9000] -> 1[36000] [send] via NET/Socket/0 comm 0x561dfc386010 nRanks 02
vcjob-2107910235463512066-abc12335-68921-worker-0:130:6627 [0] NCCL INFO Channel 11/0 : 0[9000] -> 1[36000] [send] via NET/Socket/0 comm 0x561dfc386010 nRanks 02
vcjob-2107910235463512066-abc12335-68921-worker-0:130:6627 [0] NCCL INFO Channel 12/0 : 0[9000] -> 1[36000] [send] via NET/Socket/0 comm 0x561dfc386010 nRanks 02
vcjob-2107910235463512066-abc12335-68921-worker-0:130:6627 [0] NCCL INFO Channel 13/0 : 0[9000] -> 1[36000] [send] via NET/Socket/0 comm 0x561dfc386010 nRanks 02
vcjob-2107910235463512066-abc12335-68921-worker-0:130:6627 [0] NCCL INFO Channel 14/0 : 0[9000] -> 1[36000] [send] via NET/Socket/0 comm 0x561dfc386010 nRanks 02
vcjob-2107910235463512066-abc12335-68921-worker-0:130:6627 [0] NCCL INFO Channel 15/0 : 0[9000] -> 1[36000] [send] via NET/Socket/0 comm 0x561dfc386010 nRanks 02
vcjob-2107910235463512066-abc12335-68921-worker-0:130:6627 [0] NCCL INFO Channel 16/0 : 0[9000] -> 1[36000] [send] via NET/Socket/0 comm 0x561dfc386010 nRanks 02
vcjob-2107910235463512066-abc12335-68921-worker-0:130:6627 [0] NCCL INFO Channel 17/0 : 0[9000] -> 1[36000] [send] via NET/Socket/0 comm 0x561dfc386010 nRanks 02
vcjob-2107910235463512066-abc12335-68921-worker-0:130:6627 [0] NCCL INFO Channel 18/0 : 0[9000] -> 1[36000] [send] via NET/Socket/0 comm 0x561dfc386010 nRanks 02
vcjob-2107910235463512066-abc12335-68921-worker-0:130:6627 [0] NCCL INFO Channel 19/0 : 0[9000] -> 1[36000] [send] via NET/Socket/0 comm 0x561dfc386010 nRanks 02
vcjob-2107910235463512066-abc12335-68921-worker-0:130:6627 [0] NCCL INFO Channel 20/0 : 0[9000] -> 1[36000] [send] via NET/Socket/0 comm 0x561dfc386010 nRanks 02
vcjob-2107910235463512066-abc12335-68921-worker-0:130:6627 [0] NCCL INFO Channel 21/0 : 0[9000] -> 1[36000] [send] via NET/Socket/0 comm 0x561dfc386010 nRanks 02
vcjob-2107910235463512066-abc12335-68921-worker-0:130:6627 [0] NCCL INFO Channel 22/0 : 0[9000] -> 1[36000] [send] via NET/Socket/0 comm 0x561dfc386010 nRanks 02
vcjob-2107910235463512066-abc12335-68921-worker-0:130:6627 [0] NCCL INFO Channel 23/0 : 0[9000] -> 1[36000] [send] via NET/Socket/0 comm 0x561dfc386010 nRanks 02
vcjob-2107910235463512066-abc12335-68921-worker-0:130:6627 [0] NCCL INFO Channel 24/0 : 0[9000] -> 1[36000] [send] via NET/Socket/0 comm 0x561dfc386010 nRanks 02
vcjob-2107910235463512066-abc12335-68921-worker-0:130:6627 [0] NCCL INFO Channel 25/0 : 0[9000] -> 1[36000] [send] via NET/Socket/0 comm 0x561dfc386010 nRanks 02
vcjob-2107910235463512066-abc12335-68921-worker-0:130:6627 [0] NCCL INFO Channel 26/0 : 0[9000] -> 1[36000] [send] via NET/Socket/0 comm 0x561dfc386010 nRanks 02
vcjob-2107910235463512066-abc12335-68921-worker-0:130:6627 [0] NCCL INFO Channel 27/0 : 0[9000] -> 1[36000] [send] via NET/Socket/0 comm 0x561dfc386010 nRanks 02
vcjob-2107910235463512066-abc12335-68921-worker-0:130:6627 [0] NCCL INFO Channel 28/0 : 0[9000] -> 1[36000] [send] via NET/Socket/0 comm 0x561dfc386010 nRanks 02
vcjob-2107910235463512066-abc12335-68921-worker-0:130:6627 [0] NCCL INFO Channel 29/0 : 0[9000] -> 1[36000] [send] via NET/Socket/0 comm 0x561dfc386010 nRanks 02
vcjob-2107910235463512066-abc12335-68921-worker-0:130:6627 [0] NCCL INFO Channel 30/0 : 0[9000] -> 1[36000] [send] via NET/Socket/0 comm 0x561dfc386010 nRanks 02
vcjob-2107910235463512066-abc12335-68921-worker-0:130:6627 [0] NCCL INFO Channel 31/0 : 0[9000] -> 1[36000] [send] via NET/Socket/0 comm 0x561dfc386010 nRanks 02
vcjob-2107910235463512066-abc12335-68921-worker-0:130:6627 [0] NCCL INFO Connected all rings
vcjob-2107910235463512066-abc12335-68921-worker-0:130:6627 [0] NCCL INFO Connected all trees
vcjob-2107910235463512066-abc12335-68921-worker-0:130:6627 [0] NCCL INFO threadThresholds 8/8/64 | 16/8/64 | 256 | 256
vcjob-2107910235463512066-abc12335-68921-worker-0:130:6627 [0] NCCL INFO 32 coll channels, 32 collnet channels, 0 nvls channels, 32 p2p channels, 32 p2p channels per peer
vcjob-2107910235463512066-abc12335-68921-worker-0:130:6627 [0] NCCL INFO CC Off, Multi-GPU CC Off, workFifoBytes 4194304
vcjob-2107910235463512066-abc12335-68921-worker-0:130:6627 [0] NCCL INFO ncclCommInitRank comm 0x561dfc386010 rank 0 nranks 2 cudaDev 0 nvmlDev 0 busId 9000 commId 0xf1323530ee921524 localSize 480 used 1716491616 bytes on core 8 - Init COMPLETE
vcjob-2107910235463512066-abc12335-68921-worker-0:130:6627 [0] NCCL INFO Init timings: rank 0 nranks 2 total 0.24 (kernels 0.00, bootstrap 0.00, allgathers 0.00, topo 0.10, graphs 0.00, connections 0.14, rest 0.00)
I1008 03:06:06.025072   130 ProcessGroupNCCL.cpp:2890] [PG ID 0 PG GUID 0(default_pg) Rank 0] NCCL_DEBUG: INFO
vcjob-2107910235463512066-abc12335-68921-worker-0:130:6631 [0] NCCL INFO Channel 01/1 : 1[36000] -> 0[9000] [receive] via NET/Socket/0/Shared comm 0x561dfc386010 nRanks 02
vcjob-2107910235463512066-abc12335-68921-worker-0:130:6631 [0] NCCL INFO Channel 03/1 : 1[36000] -> 0[9000] [receive] via NET/Socket/0/Shared comm 0x561dfc386010 nRanks 02
vcjob-2107910235463512066-abc12335-68921-worker-0:130:6631 [0] NCCL INFO Channel 05/1 : 1[36000] -> 0[9000] [receive] via NET/Socket/0/Shared comm 0x561dfc386010 nRanks 02
vcjob-2107910235463512066-abc12335-68921-worker-0:130:6631 [0] NCCL INFO Channel 07/1 : 1[36000] -> 0[9000] [receive] via NET/Socket/0/Shared comm 0x561dfc386010 nRanks 02
vcjob-2107910235463512066-abc12335-68921-worker-0:130:6631 [0] NCCL INFO Channel 09/1 : 1[36000] -> 0[9000] [receive] via NET/Socket/0/Shared comm 0x561dfc386010 nRanks 02
vcjob-2107910235463512066-abc12335-68921-worker-0:130:6631 [0] NCCL INFO Channel 11/1 : 1[36000] -> 0[9000] [receive] via NET/Socket/0/Shared comm 0x561dfc386010 nRanks 02
vcjob-2107910235463512066-abc12335-68921-worker-0:130:6631 [0] NCCL INFO Channel 13/1 : 1[36000] -> 0[9000] [receive] via NET/Socket/0/Shared comm 0x561dfc386010 nRanks 02
vcjob-2107910235463512066-abc12335-68921-worker-0:130:6631 [0] NCCL INFO Channel 15/1 : 1[36000] -> 0[9000] [receive] via NET/Socket/0/Shared comm 0x561dfc386010 nRanks 02
vcjob-2107910235463512066-abc12335-68921-worker-0:130:6631 [0] NCCL INFO Channel 17/1 : 1[36000] -> 0[9000] [receive] via NET/Socket/0/Shared comm 0x561dfc386010 nRanks 02
vcjob-2107910235463512066-abc12335-68921-worker-0:130:6631 [0] NCCL INFO Channel 19/1 : 1[36000] -> 0[9000] [receive] via NET/Socket/0/Shared comm 0x561dfc386010 nRanks 02
vcjob-2107910235463512066-abc12335-68921-worker-0:130:6631 [0] NCCL INFO Channel 21/1 : 1[36000] -> 0[9000] [receive] via NET/Socket/0/Shared comm 0x561dfc386010 nRanks 02
vcjob-2107910235463512066-abc12335-68921-worker-0:130:6631 [0] NCCL INFO Channel 23/1 : 1[36000] -> 0[9000] [receive] via NET/Socket/0/Shared comm 0x561dfc386010 nRanks 02
vcjob-2107910235463512066-abc12335-68921-worker-0:130:6631 [0] NCCL INFO Channel 25/1 : 1[36000] -> 0[9000] [receive] via NET/Socket/0/Shared comm 0x561dfc386010 nRanks 02
vcjob-2107910235463512066-abc12335-68921-worker-0:130:6631 [0] NCCL INFO Channel 27/1 : 1[36000] -> 0[9000] [receive] via NET/Socket/0/Shared comm 0x561dfc386010 nRanks 02
vcjob-2107910235463512066-abc12335-68921-worker-0:130:6631 [0] NCCL INFO Channel 29/1 : 1[36000] -> 0[9000] [receive] via NET/Socket/0/Shared comm 0x561dfc386010 nRanks 02
vcjob-2107910235463512066-abc12335-68921-worker-0:130:6631 [0] NCCL INFO Channel 31/1 : 1[36000] -> 0[9000] [receive] via NET/Socket/0/Shared comm 0x561dfc386010 nRanks 02

vcjob-2107910235463512066-abc12335-68921-worker-0:130:130 [0] /data/jenkins_workspace/workspace/rccl_release/build/hipify/src/init.cc:170 NCCL WARN NUMA auto balancing enabled which can lead to variability in the RCCL performance! Disable by "sudo sysctl kernel.numa_balancing=0"
vcjob-2107910235463512066-abc12335-68921-worker-0:130:130 [0] NCCL INFO Kernel version: 5.15.0-25-generic

vcjob-2107910235463512066-abc12335-68921-worker-0:130:130 [0] /data/jenkins_workspace/workspace/rccl_release/build/hipify/src/init.cc:191 NCCL WARN Missing "iommu=pt" from kernel command line which can lead to system instablity or hang!
I1008 03:06:06.057366   130 ProcessGroupNCCL.cpp:2857] [PG ID 0 PG GUID 0(default_pg) Rank 0] ProcessGroupNCCL broadcast unique ID through store took 0.040551 ms
I1008 03:06:06.057384   130 NCCLUtils.cpp:75] Rank 0: creating NCCL communicator with mode: blocking

vcjob-2107910235463512066-abc12335-68921-worker-0:130:130 [0] /data/jenkins_workspace/workspace/rccl_release/build/hipify/src/init.cc:170 NCCL WARN NUMA auto balancing enabled which can lead to variability in the RCCL performance! Disable by "sudo sysctl kernel.numa_balancing=0"
vcjob-2107910235463512066-abc12335-68921-worker-0:130:130 [0] NCCL INFO Kernel version: 5.15.0-25-generic

vcjob-2107910235463512066-abc12335-68921-worker-0:130:130 [0] /data/jenkins_workspace/workspace/rccl_release/build/hipify/src/init.cc:191 NCCL WARN Missing "iommu=pt" from kernel command line which can lead to system instablity or hang!
vcjob-2107910235463512066-abc12335-68921-worker-0:130:130 [0] NCCL INFO Comm config Blocking set to 1
vcjob-2107910235463512066-abc12335-68921-worker-0:130:6633 [0] NCCL INFO Using network Socket
vcjob-2107910235463512066-abc12335-68921-worker-0:130:6633 [0] NCCL INFO rocm_smi_lib: version 7.6.0.0
vcjob-2107910235463512066-abc12335-68921-worker-0:130:6633 [0] NCCL INFO ncclCommInitRank comm 0x561dfc4417f0 rank 0 nranks 2 cudaDev 0 nvmlDev 0 busId 9000 commId 0xaf3ab510bb394882 - Init START
vcjob-2107910235463512066-abc12335-68921-worker-0:130:6633 [0] NCCL INFO rank:0 get match hsa dev domain:0x0 bdf:0x900 rank busId:0x36864
vcjob-2107910235463512066-abc12335-68921-worker-0:130:6633 [0] NCCL INFO XDP Switch is off with xdp_size : 0

vcjob-2107910235463512066-abc12335-68921-worker-0:130:6633 [0] /data/jenkins_workspace/workspace/rccl_release/build/hipify/src/graph/xml.cc:1211 NCCL WARN No IB NIC found, the generation of the basic topology has been terminated.
vcjob-2107910235463512066-abc12335-68921-worker-0:130:6633 [0] NCCL INFO rocm_smi_lib: version 7.6.0.0
vcjob-2107910235463512066-abc12335-68921-worker-0:130:6633 [0] NCCL INFO Setting affinity for GPU 0 to ffff
vcjob-2107910235463512066-abc12335-68921-worker-0:130:6633 [0] NCCL INFO Rank:0 Get link topo from rocmDev:0 linkNum:8 link:0 linkState:1 remote type:1 bdf:0x9b00 topoType:2
vcjob-2107910235463512066-abc12335-68921-worker-0:130:6633 [0] NCCL INFO Transport init rank 0 useXdp 0 linkTopoType 2
vcjob-2107910235463512066-abc12335-68921-worker-0:130:6633 [0] NCCL INFO comm 0x561dfc4417f0 rank 0 nRanks 2 nNodes 2 localRanks 1 localRank 0 MNNVL 0
vcjob-2107910235463512066-abc12335-68921-worker-0:130:6633 [0] NCCL INFO Channel 00/32 :    0   1
vcjob-2107910235463512066-abc12335-68921-worker-0:130:6633 [0] NCCL INFO Channel 01/32 :    0   1
vcjob-2107910235463512066-abc12335-68921-worker-0:130:6633 [0] NCCL INFO Channel 02/32 :    0   1
vcjob-2107910235463512066-abc12335-68921-worker-0:130:6633 [0] NCCL INFO Channel 03/32 :    0   1
vcjob-2107910235463512066-abc12335-68921-worker-0:130:6633 [0] NCCL INFO Channel 04/32 :    0   1
vcjob-2107910235463512066-abc12335-68921-worker-0:130:6633 [0] NCCL INFO Channel 05/32 :    0   1
vcjob-2107910235463512066-abc12335-68921-worker-0:130:6633 [0] NCCL INFO Channel 06/32 :    0   1
vcjob-2107910235463512066-abc12335-68921-worker-0:130:6633 [0] NCCL INFO Channel 07/32 :    0   1
vcjob-2107910235463512066-abc12335-68921-worker-0:130:6633 [0] NCCL INFO Channel 08/32 :    0   1
vcjob-2107910235463512066-abc12335-68921-worker-0:130:6633 [0] NCCL INFO Channel 09/32 :    0   1
vcjob-2107910235463512066-abc12335-68921-worker-0:130:6633 [0] NCCL INFO Channel 10/32 :    0   1
vcjob-2107910235463512066-abc12335-68921-worker-0:130:6633 [0] NCCL INFO Channel 11/32 :    0   1
vcjob-2107910235463512066-abc12335-68921-worker-0:130:6633 [0] NCCL INFO Channel 12/32 :    0   1
vcjob-2107910235463512066-abc12335-68921-worker-0:130:6633 [0] NCCL INFO Channel 13/32 :    0   1
vcjob-2107910235463512066-abc12335-68921-worker-0:130:6633 [0] NCCL INFO Channel 14/32 :    0   1
vcjob-2107910235463512066-abc12335-68921-worker-0:130:6633 [0] NCCL INFO Channel 15/32 :    0   1
vcjob-2107910235463512066-abc12335-68921-worker-0:130:6633 [0] NCCL INFO Channel 16/32 :    0   1
vcjob-2107910235463512066-abc12335-68921-worker-0:130:6633 [0] NCCL INFO Channel 17/32 :    0   1
vcjob-2107910235463512066-abc12335-68921-worker-0:130:6633 [0] NCCL INFO Channel 18/32 :    0   1
vcjob-2107910235463512066-abc12335-68921-worker-0:130:6633 [0] NCCL INFO Channel 19/32 :    0   1
vcjob-2107910235463512066-abc12335-68921-worker-0:130:6633 [0] NCCL INFO Channel 20/32 :    0   1
vcjob-2107910235463512066-abc12335-68921-worker-0:130:6633 [0] NCCL INFO Channel 21/32 :    0   1
vcjob-2107910235463512066-abc12335-68921-worker-0:130:6633 [0] NCCL INFO Channel 22/32 :    0   1
vcjob-2107910235463512066-abc12335-68921-worker-0:130:6633 [0] NCCL INFO Channel 23/32 :    0   1
vcjob-2107910235463512066-abc12335-68921-worker-0:130:6633 [0] NCCL INFO Channel 24/32 :    0   1
vcjob-2107910235463512066-abc12335-68921-worker-0:130:6633 [0] NCCL INFO Channel 25/32 :    0   1
vcjob-2107910235463512066-abc12335-68921-worker-0:130:6633 [0] NCCL INFO Channel 26/32 :    0   1
vcjob-2107910235463512066-abc12335-68921-worker-0:130:6633 [0] NCCL INFO Channel 27/32 :    0   1
vcjob-2107910235463512066-abc12335-68921-worker-0:130:6633 [0] NCCL INFO Channel 28/32 :    0   1
vcjob-2107910235463512066-abc12335-68921-worker-0:130:6633 [0] NCCL INFO Channel 29/32 :    0   1
vcjob-2107910235463512066-abc12335-68921-worker-0:130:6633 [0] NCCL INFO Channel 30/32 :    0   1
vcjob-2107910235463512066-abc12335-68921-worker-0:130:6633 [0] NCCL INFO Channel 31/32 :    0   1
vcjob-2107910235463512066-abc12335-68921-worker-0:130:6633 [0] NCCL INFO Trees [0] 1/-1/-1->0->-1 [1] -1/-1/-1->0->1 [2] 1/-1/-1->0->-1 [3] -1/-1/-1->0->1 [4] 1/-1/-1->0->-1 [5] -1/-1/-1->0->1 [6] 1/-1/-1->0->-1 [7] -1/-1/-1->0->1 [8] 1/-1/-1->0->-1 [9] -1/-1/-1->0->1 [10] 1/-1/-1->0->-1 [11] -1/-1/-1->0->1 [12] 1/-1/-1->0->-1 [13] -1/-1/-1->0->1 [14] 1/-1/-1->0->-1 [15] -1/-1/-1->0->1 [16] 1/-1/-1->0->-1 [17] -1/-1/-1->0->1 [18] 1/-1/-1->0->-1 [19] -1/-1/-1->0->1 [20] 1/-1/-1->0->-1 [21] -1/-1/-1->0->1 [22] 1/-1/-1->0->-1 [23] -1/-1/-1->0->1 [24] 1/-1/-1->0->-1 [25] -1/-1/-1->0->1 [26] 1/-1/-1->0->-1 [27] -1/-1/-1->0->1 [28] 1/-1/-1->0->-1 [29] -1/-1/-1->0->1 [30] 1/-1/-1->0->-1 [31] -1/-1/-1->0->1 comm 0x561dfc4417f0 nRanks 02 busId 9000
vcjob-2107910235463512066-abc12335-68921-worker-0:130:6633 [0] NCCL INFO P2P Chunksize set to 131072
vcjob-2107910235463512066-abc12335-68921-worker-0:130:6633 [0] NCCL INFO comm->autoPerPeerOn: 1, comm->p2pnChannels: 32, comm->p2pnChannelsPerPeer: 32
vcjob-2107910235463512066-abc12335-68921-worker-0:130:6633 [0] NCCL INFO Channel 00/0 : 1[55000] -> 0[9000] [receive] via NET/Socket/0 comm 0x561dfc4417f0 nRanks 02
vcjob-2107910235463512066-abc12335-68921-worker-0:130:6633 [0] NCCL INFO Channel 01/0 : 1[55000] -> 0[9000] [receive] via NET/Socket/0 comm 0x561dfc4417f0 nRanks 02
vcjob-2107910235463512066-abc12335-68921-worker-0:130:6633 [0] NCCL INFO Channel 02/0 : 1[55000] -> 0[9000] [receive] via NET/Socket/0 comm 0x561dfc4417f0 nRanks 02
vcjob-2107910235463512066-abc12335-68921-worker-0:130:6633 [0] NCCL INFO Channel 03/0 : 1[55000] -> 0[9000] [receive] via NET/Socket/0 comm 0x561dfc4417f0 nRanks 02
vcjob-2107910235463512066-abc12335-68921-worker-0:130:6633 [0] NCCL INFO Channel 04/0 : 1[55000] -> 0[9000] [receive] via NET/Socket/0 comm 0x561dfc4417f0 nRanks 02
vcjob-2107910235463512066-abc12335-68921-worker-0:130:6633 [0] NCCL INFO Channel 05/0 : 1[55000] -> 0[9000] [receive] via NET/Socket/0 comm 0x561dfc4417f0 nRanks 02
vcjob-2107910235463512066-abc12335-68921-worker-0:130:6633 [0] NCCL INFO Channel 06/0 : 1[55000] -> 0[9000] [receive] via NET/Socket/0 comm 0x561dfc4417f0 nRanks 02
vcjob-2107910235463512066-abc12335-68921-worker-0:130:6633 [0] NCCL INFO Channel 07/0 : 1[55000] -> 0[9000] [receive] via NET/Socket/0 comm 0x561dfc4417f0 nRanks 02
vcjob-2107910235463512066-abc12335-68921-worker-0:130:6633 [0] NCCL INFO Channel 08/0 : 1[55000] -> 0[9000] [receive] via NET/Socket/0 comm 0x561dfc4417f0 nRanks 02
vcjob-2107910235463512066-abc12335-68921-worker-0:130:6633 [0] NCCL INFO Channel 09/0 : 1[55000] -> 0[9000] [receive] via NET/Socket/0 comm 0x561dfc4417f0 nRanks 02
vcjob-2107910235463512066-abc12335-68921-worker-0:130:6633 [0] NCCL INFO Channel 10/0 : 1[55000] -> 0[9000] [receive] via NET/Socket/0 comm 0x561dfc4417f0 nRanks 02
vcjob-2107910235463512066-abc12335-68921-worker-0:130:6633 [0] NCCL INFO Channel 11/0 : 1[55000] -> 0[9000] [receive] via NET/Socket/0 comm 0x561dfc4417f0 nRanks 02
vcjob-2107910235463512066-abc12335-68921-worker-0:130:6633 [0] NCCL INFO Channel 12/0 : 1[55000] -> 0[9000] [receive] via NET/Socket/0 comm 0x561dfc4417f0 nRanks 02
vcjob-2107910235463512066-abc12335-68921-worker-0:130:6633 [0] NCCL INFO Channel 13/0 : 1[55000] -> 0[9000] [receive] via NET/Socket/0 comm 0x561dfc4417f0 nRanks 02
vcjob-2107910235463512066-abc12335-68921-worker-0:130:6633 [0] NCCL INFO Channel 14/0 : 1[55000] -> 0[9000] [receive] via NET/Socket/0 comm 0x561dfc4417f0 nRanks 02
vcjob-2107910235463512066-abc12335-68921-worker-0:130:6633 [0] NCCL INFO Channel 15/0 : 1[55000] -> 0[9000] [receive] via NET/Socket/0 comm 0x561dfc4417f0 nRanks 02
vcjob-2107910235463512066-abc12335-68921-worker-0:130:6633 [0] NCCL INFO Channel 16/0 : 1[55000] -> 0[9000] [receive] via NET/Socket/0 comm 0x561dfc4417f0 nRanks 02
vcjob-2107910235463512066-abc12335-68921-worker-0:130:6633 [0] NCCL INFO Channel 17/0 : 1[55000] -> 0[9000] [receive] via NET/Socket/0 comm 0x561dfc4417f0 nRanks 02
vcjob-2107910235463512066-abc12335-68921-worker-0:130:6633 [0] NCCL INFO Channel 18/0 : 1[55000] -> 0[9000] [receive] via NET/Socket/0 comm 0x561dfc4417f0 nRanks 02
vcjob-2107910235463512066-abc12335-68921-worker-0:130:6633 [0] NCCL INFO Channel 19/0 : 1[55000] -> 0[9000] [receive] via NET/Socket/0 comm 0x561dfc4417f0 nRanks 02
vcjob-2107910235463512066-abc12335-68921-worker-0:130:6633 [0] NCCL INFO Channel 20/0 : 1[55000] -> 0[9000] [receive] via NET/Socket/0 comm 0x561dfc4417f0 nRanks 02
vcjob-2107910235463512066-abc12335-68921-worker-0:130:6633 [0] NCCL INFO Channel 21/0 : 1[55000] -> 0[9000] [receive] via NET/Socket/0 comm 0x561dfc4417f0 nRanks 02
vcjob-2107910235463512066-abc12335-68921-worker-0:130:6633 [0] NCCL INFO Channel 22/0 : 1[55000] -> 0[9000] [receive] via NET/Socket/0 comm 0x561dfc4417f0 nRanks 02
vcjob-2107910235463512066-abc12335-68921-worker-0:130:6633 [0] NCCL INFO Channel 23/0 : 1[55000] -> 0[9000] [receive] via NET/Socket/0 comm 0x561dfc4417f0 nRanks 02
vcjob-2107910235463512066-abc12335-68921-worker-0:130:6633 [0] NCCL INFO Channel 24/0 : 1[55000] -> 0[9000] [receive] via NET/Socket/0 comm 0x561dfc4417f0 nRanks 02
vcjob-2107910235463512066-abc12335-68921-worker-0:130:6633 [0] NCCL INFO Channel 25/0 : 1[55000] -> 0[9000] [receive] via NET/Socket/0 comm 0x561dfc4417f0 nRanks 02
vcjob-2107910235463512066-abc12335-68921-worker-0:130:6633 [0] NCCL INFO Channel 26/0 : 1[55000] -> 0[9000] [receive] via NET/Socket/0 comm 0x561dfc4417f0 nRanks 02
vcjob-2107910235463512066-abc12335-68921-worker-0:130:6633 [0] NCCL INFO Channel 27/0 : 1[55000] -> 0[9000] [receive] via NET/Socket/0 comm 0x561dfc4417f0 nRanks 02
vcjob-2107910235463512066-abc12335-68921-worker-0:130:6633 [0] NCCL INFO Channel 28/0 : 1[55000] -> 0[9000] [receive] via NET/Socket/0 comm 0x561dfc4417f0 nRanks 02
vcjob-2107910235463512066-abc12335-68921-worker-0:130:6633 [0] NCCL INFO Channel 29/0 : 1[55000] -> 0[9000] [receive] via NET/Socket/0 comm 0x561dfc4417f0 nRanks 02
vcjob-2107910235463512066-abc12335-68921-worker-0:130:6633 [0] NCCL INFO Channel 30/0 : 1[55000] -> 0[9000] [receive] via NET/Socket/0 comm 0x561dfc4417f0 nRanks 02
vcjob-2107910235463512066-abc12335-68921-worker-0:130:6633 [0] NCCL INFO Channel 31/0 : 1[55000] -> 0[9000] [receive] via NET/Socket/0 comm 0x561dfc4417f0 nRanks 02
vcjob-2107910235463512066-abc12335-68921-worker-0:130:6633 [0] NCCL INFO Channel 00/0 : 0[9000] -> 1[55000] [send] via NET/Socket/0 comm 0x561dfc4417f0 nRanks 02
vcjob-2107910235463512066-abc12335-68921-worker-0:130:6633 [0] NCCL INFO Channel 01/0 : 0[9000] -> 1[55000] [send] via NET/Socket/0 comm 0x561dfc4417f0 nRanks 02
vcjob-2107910235463512066-abc12335-68921-worker-0:130:6633 [0] NCCL INFO Channel 02/0 : 0[9000] -> 1[55000] [send] via NET/Socket/0 comm 0x561dfc4417f0 nRanks 02
vcjob-2107910235463512066-abc12335-68921-worker-0:130:6633 [0] NCCL INFO Channel 03/0 : 0[9000] -> 1[55000] [send] via NET/Socket/0 comm 0x561dfc4417f0 nRanks 02
vcjob-2107910235463512066-abc12335-68921-worker-0:130:6633 [0] NCCL INFO Channel 04/0 : 0[9000] -> 1[55000] [send] via NET/Socket/0 comm 0x561dfc4417f0 nRanks 02
vcjob-2107910235463512066-abc12335-68921-worker-0:130:6633 [0] NCCL INFO Channel 05/0 : 0[9000] -> 1[55000] [send] via NET/Socket/0 comm 0x561dfc4417f0 nRanks 02
vcjob-2107910235463512066-abc12335-68921-worker-0:130:6633 [0] NCCL INFO Channel 06/0 : 0[9000] -> 1[55000] [send] via NET/Socket/0 comm 0x561dfc4417f0 nRanks 02
vcjob-2107910235463512066-abc12335-68921-worker-0:130:6633 [0] NCCL INFO Channel 07/0 : 0[9000] -> 1[55000] [send] via NET/Socket/0 comm 0x561dfc4417f0 nRanks 02
vcjob-2107910235463512066-abc12335-68921-worker-0:130:6633 [0] NCCL INFO Channel 08/0 : 0[9000] -> 1[55000] [send] via NET/Socket/0 comm 0x561dfc4417f0 nRanks 02
vcjob-2107910235463512066-abc12335-68921-worker-0:130:6633 [0] NCCL INFO Channel 09/0 : 0[9000] -> 1[55000] [send] via NET/Socket/0 comm 0x561dfc4417f0 nRanks 02
vcjob-2107910235463512066-abc12335-68921-worker-0:130:6633 [0] NCCL INFO Channel 10/0 : 0[9000] -> 1[55000] [send] via NET/Socket/0 comm 0x561dfc4417f0 nRanks 02
vcjob-2107910235463512066-abc12335-68921-worker-0:130:6633 [0] NCCL INFO Channel 11/0 : 0[9000] -> 1[55000] [send] via NET/Socket/0 comm 0x561dfc4417f0 nRanks 02
vcjob-2107910235463512066-abc12335-68921-worker-0:130:6633 [0] NCCL INFO Channel 12/0 : 0[9000] -> 1[55000] [send] via NET/Socket/0 comm 0x561dfc4417f0 nRanks 02
vcjob-2107910235463512066-abc12335-68921-worker-0:130:6633 [0] NCCL INFO Channel 13/0 : 0[9000] -> 1[55000] [send] via NET/Socket/0 comm 0x561dfc4417f0 nRanks 02
vcjob-2107910235463512066-abc12335-68921-worker-0:130:6633 [0] NCCL INFO Channel 14/0 : 0[9000] -> 1[55000] [send] via NET/Socket/0 comm 0x561dfc4417f0 nRanks 02
vcjob-2107910235463512066-abc12335-68921-worker-0:130:6633 [0] NCCL INFO Channel 15/0 : 0[9000] -> 1[55000] [send] via NET/Socket/0 comm 0x561dfc4417f0 nRanks 02
vcjob-2107910235463512066-abc12335-68921-worker-0:130:6633 [0] NCCL INFO Channel 16/0 : 0[9000] -> 1[55000] [send] via NET/Socket/0 comm 0x561dfc4417f0 nRanks 02
vcjob-2107910235463512066-abc12335-68921-worker-0:130:6633 [0] NCCL INFO Channel 17/0 : 0[9000] -> 1[55000] [send] via NET/Socket/0 comm 0x561dfc4417f0 nRanks 02
vcjob-2107910235463512066-abc12335-68921-worker-0:130:6633 [0] NCCL INFO Channel 18/0 : 0[9000] -> 1[55000] [send] via NET/Socket/0 comm 0x561dfc4417f0 nRanks 02
vcjob-2107910235463512066-abc12335-68921-worker-0:130:6633 [0] NCCL INFO Channel 19/0 : 0[9000] -> 1[55000] [send] via NET/Socket/0 comm 0x561dfc4417f0 nRanks 02
vcjob-2107910235463512066-abc12335-68921-worker-0:130:6633 [0] NCCL INFO Channel 20/0 : 0[9000] -> 1[55000] [send] via NET/Socket/0 comm 0x561dfc4417f0 nRanks 02
vcjob-2107910235463512066-abc12335-68921-worker-0:130:6633 [0] NCCL INFO Channel 21/0 : 0[9000] -> 1[55000] [send] via NET/Socket/0 comm 0x561dfc4417f0 nRanks 02
vcjob-2107910235463512066-abc12335-68921-worker-0:130:6633 [0] NCCL INFO Channel 22/0 : 0[9000] -> 1[55000] [send] via NET/Socket/0 comm 0x561dfc4417f0 nRanks 02
vcjob-2107910235463512066-abc12335-68921-worker-0:130:6633 [0] NCCL INFO Channel 23/0 : 0[9000] -> 1[55000] [send] via NET/Socket/0 comm 0x561dfc4417f0 nRanks 02
vcjob-2107910235463512066-abc12335-68921-worker-0:130:6633 [0] NCCL INFO Channel 24/0 : 0[9000] -> 1[55000] [send] via NET/Socket/0 comm 0x561dfc4417f0 nRanks 02
vcjob-2107910235463512066-abc12335-68921-worker-0:130:6633 [0] NCCL INFO Channel 25/0 : 0[9000] -> 1[55000] [send] via NET/Socket/0 comm 0x561dfc4417f0 nRanks 02
vcjob-2107910235463512066-abc12335-68921-worker-0:130:6633 [0] NCCL INFO Channel 26/0 : 0[9000] -> 1[55000] [send] via NET/Socket/0 comm 0x561dfc4417f0 nRanks 02
vcjob-2107910235463512066-abc12335-68921-worker-0:130:6633 [0] NCCL INFO Channel 27/0 : 0[9000] -> 1[55000] [send] via NET/Socket/0 comm 0x561dfc4417f0 nRanks 02
vcjob-2107910235463512066-abc12335-68921-worker-0:130:6633 [0] NCCL INFO Channel 28/0 : 0[9000] -> 1[55000] [send] via NET/Socket/0 comm 0x561dfc4417f0 nRanks 02
vcjob-2107910235463512066-abc12335-68921-worker-0:130:6633 [0] NCCL INFO Channel 29/0 : 0[9000] -> 1[55000] [send] via NET/Socket/0 comm 0x561dfc4417f0 nRanks 02
vcjob-2107910235463512066-abc12335-68921-worker-0:130:6633 [0] NCCL INFO Channel 30/0 : 0[9000] -> 1[55000] [send] via NET/Socket/0 comm 0x561dfc4417f0 nRanks 02
vcjob-2107910235463512066-abc12335-68921-worker-0:130:6633 [0] NCCL INFO Channel 31/0 : 0[9000] -> 1[55000] [send] via NET/Socket/0 comm 0x561dfc4417f0 nRanks 02
vcjob-2107910235463512066-abc12335-68921-worker-0:130:6633 [0] NCCL INFO Connected all rings
vcjob-2107910235463512066-abc12335-68921-worker-0:130:6633 [0] NCCL INFO Connected all trees
vcjob-2107910235463512066-abc12335-68921-worker-0:130:6633 [0] NCCL INFO threadThresholds 8/8/64 | 16/8/64 | 256 | 256
vcjob-2107910235463512066-abc12335-68921-worker-0:130:6633 [0] NCCL INFO 32 coll channels, 32 collnet channels, 0 nvls channels, 32 p2p channels, 32 p2p channels per peer
vcjob-2107910235463512066-abc12335-68921-worker-0:130:6633 [0] NCCL INFO CC Off, Multi-GPU CC Off, workFifoBytes 4194304
vcjob-2107910235463512066-abc12335-68921-worker-0:130:6633 [0] NCCL INFO ncclCommInitRank comm 0x561dfc4417f0 rank 0 nranks 2 cudaDev 0 nvmlDev 0 busId 9000 commId 0xaf3ab510bb394882 localSize 480 used 1750685392 bytes on core 8 - Init COMPLETE
vcjob-2107910235463512066-abc12335-68921-worker-0:130:6633 [0] NCCL INFO Init timings: rank 0 nranks 2 total 0.29 (kernels 0.00, bootstrap 0.00, allgathers 0.01, topo 0.10, graphs 0.00, connections 0.19, rest 0.00)
I1008 03:06:06.395943   130 ProcessGroupNCCL.cpp:2890] [PG ID 0 PG GUID 0(default_pg) Rank 0] NCCL_DEBUG: INFO
vcjob-2107910235463512066-abc12335-68921-worker-0:130:6637 [0] NCCL INFO Channel 01/1 : 1[55000] -> 0[9000] [receive] via NET/Socket/0/Shared comm 0x561dfc4417f0 nRanks 02
vcjob-2107910235463512066-abc12335-68921-worker-0:130:6637 [0] NCCL INFO Channel 03/1 : 1[55000] -> 0[9000] [receive] via NET/Socket/0/Shared comm 0x561dfc4417f0 nRanks 02
vcjob-2107910235463512066-abc12335-68921-worker-0:130:6637 [0] NCCL INFO Channel 05/1 : 1[55000] -> 0[9000] [receive] via NET/Socket/0/Shared comm 0x561dfc4417f0 nRanks 02
vcjob-2107910235463512066-abc12335-68921-worker-0:130:6637 [0] NCCL INFO Channel 07/1 : 1[55000] -> 0[9000] [receive] via NET/Socket/0/Shared comm 0x561dfc4417f0 nRanks 02
vcjob-2107910235463512066-abc12335-68921-worker-0:130:6637 [0] NCCL INFO Channel 09/1 : 1[55000] -> 0[9000] [receive] via NET/Socket/0/Shared comm 0x561dfc4417f0 nRanks 02
vcjob-2107910235463512066-abc12335-68921-worker-0:130:6637 [0] NCCL INFO Channel 11/1 : 1[55000] -> 0[9000] [receive] via NET/Socket/0/Shared comm 0x561dfc4417f0 nRanks 02
vcjob-2107910235463512066-abc12335-68921-worker-0:130:6637 [0] NCCL INFO Channel 13/1 : 1[55000] -> 0[9000] [receive] via NET/Socket/0/Shared comm 0x561dfc4417f0 nRanks 02
vcjob-2107910235463512066-abc12335-68921-worker-0:130:6637 [0] NCCL INFO Channel 15/1 : 1[55000] -> 0[9000] [receive] via NET/Socket/0/Shared comm 0x561dfc4417f0 nRanks 02
vcjob-2107910235463512066-abc12335-68921-worker-0:130:6637 [0] NCCL INFO Channel 17/1 : 1[55000] -> 0[9000] [receive] via NET/Socket/0/Shared comm 0x561dfc4417f0 nRanks 02
vcjob-2107910235463512066-abc12335-68921-worker-0:130:6637 [0] NCCL INFO Channel 19/1 : 1[55000] -> 0[9000] [receive] via NET/Socket/0/Shared comm 0x561dfc4417f0 nRanks 02
vcjob-2107910235463512066-abc12335-68921-worker-0:130:6637 [0] NCCL INFO Channel 21/1 : 1[55000] -> 0[9000] [receive] via NET/Socket/0/Shared comm 0x561dfc4417f0 nRanks 02
vcjob-2107910235463512066-abc12335-68921-worker-0:130:6637 [0] NCCL INFO Channel 23/1 : 1[55000] -> 0[9000] [receive] via NET/Socket/0/Shared comm 0x561dfc4417f0 nRanks 02
vcjob-2107910235463512066-abc12335-68921-worker-0:130:6637 [0] NCCL INFO Channel 25/1 : 1[55000] -> 0[9000] [receive] via NET/Socket/0/Shared comm 0x561dfc4417f0 nRanks 02
vcjob-2107910235463512066-abc12335-68921-worker-0:130:6637 [0] NCCL INFO Channel 27/1 : 1[55000] -> 0[9000] [receive] via NET/Socket/0/Shared comm 0x561dfc4417f0 nRanks 02
vcjob-2107910235463512066-abc12335-68921-worker-0:130:6637 [0] NCCL INFO Channel 29/1 : 1[55000] -> 0[9000] [receive] via NET/Socket/0/Shared comm 0x561dfc4417f0 nRanks 02
vcjob-2107910235463512066-abc12335-68921-worker-0:130:6637 [0] NCCL INFO Channel 31/1 : 1[55000] -> 0[9000] [receive] via NET/Socket/0/Shared comm 0x561dfc4417f0 nRanks 02

vcjob-2107910235463512066-abc12335-68921-worker-0:130:130 [0] /data/jenkins_workspace/workspace/rccl_release/build/hipify/src/init.cc:170 NCCL WARN NUMA auto balancing enabled which can lead to variability in the RCCL performance! Disable by "sudo sysctl kernel.numa_balancing=0"
vcjob-2107910235463512066-abc12335-68921-worker-0:130:130 [0] NCCL INFO Kernel version: 5.15.0-25-generic

vcjob-2107910235463512066-abc12335-68921-worker-0:130:130 [0] /data/jenkins_workspace/workspace/rccl_release/build/hipify/src/init.cc:191 NCCL WARN Missing "iommu=pt" from kernel command line which can lead to system instablity or hang!
I1008 03:06:06.437848   130 ProcessGroupNCCL.cpp:2857] [PG ID 0 PG GUID 0(default_pg) Rank 0] ProcessGroupNCCL broadcast unique ID through store took 0.0442 ms
I1008 03:06:06.437865   130 NCCLUtils.cpp:75] Rank 0: creating NCCL communicator with mode: blocking

vcjob-2107910235463512066-abc12335-68921-worker-0:130:130 [0] /data/jenkins_workspace/workspace/rccl_release/build/hipify/src/init.cc:170 NCCL WARN NUMA auto balancing enabled which can lead to variability in the RCCL performance! Disable by "sudo sysctl kernel.numa_balancing=0"
vcjob-2107910235463512066-abc12335-68921-worker-0:130:130 [0] NCCL INFO Kernel version: 5.15.0-25-generic

vcjob-2107910235463512066-abc12335-68921-worker-0:130:130 [0] /data/jenkins_workspace/workspace/rccl_release/build/hipify/src/init.cc:191 NCCL WARN Missing "iommu=pt" from kernel command line which can lead to system instablity or hang!
vcjob-2107910235463512066-abc12335-68921-worker-0:130:130 [0] NCCL INFO Comm config Blocking set to 1
vcjob-2107910235463512066-abc12335-68921-worker-0:130:6639 [0] NCCL INFO Using network Socket
vcjob-2107910235463512066-abc12335-68921-worker-0:130:6639 [0] NCCL INFO rocm_smi_lib: version 7.6.0.0
vcjob-2107910235463512066-abc12335-68921-worker-0:130:6639 [0] NCCL INFO ncclCommInitRank comm 0x561dfc4fcfd0 rank 0 nranks 2 cudaDev 0 nvmlDev 0 busId 9000 commId 0x23c15c85810fa5da - Init START
vcjob-2107910235463512066-abc12335-68921-worker-0:130:6639 [0] NCCL INFO rank:0 get match hsa dev domain:0x0 bdf:0x900 rank busId:0x36864
vcjob-2107910235463512066-abc12335-68921-worker-0:130:6639 [0] NCCL INFO XDP Switch is off with xdp_size : 0

vcjob-2107910235463512066-abc12335-68921-worker-0:130:6639 [0] /data/jenkins_workspace/workspace/rccl_release/build/hipify/src/graph/xml.cc:1211 NCCL WARN No IB NIC found, the generation of the basic topology has been terminated.
vcjob-2107910235463512066-abc12335-68921-worker-0:130:6639 [0] NCCL INFO rocm_smi_lib: version 7.6.0.0
vcjob-2107910235463512066-abc12335-68921-worker-0:130:6639 [0] NCCL INFO Setting affinity for GPU 0 to ffff
vcjob-2107910235463512066-abc12335-68921-worker-0:130:6639 [0] NCCL INFO Rank:0 Get link topo from rocmDev:0 linkNum:8 link:0 linkState:1 remote type:1 bdf:0x9b00 topoType:2
vcjob-2107910235463512066-abc12335-68921-worker-0:130:6639 [0] NCCL INFO Transport init rank 0 useXdp 0 linkTopoType 2
vcjob-2107910235463512066-abc12335-68921-worker-0:130:6639 [0] NCCL INFO comm 0x561dfc4fcfd0 rank 0 nRanks 2 nNodes 2 localRanks 1 localRank 0 MNNVL 0
vcjob-2107910235463512066-abc12335-68921-worker-0:130:6639 [0] NCCL INFO Channel 00/32 :    0   1
vcjob-2107910235463512066-abc12335-68921-worker-0:130:6639 [0] NCCL INFO Channel 01/32 :    0   1
vcjob-2107910235463512066-abc12335-68921-worker-0:130:6639 [0] NCCL INFO Channel 02/32 :    0   1
vcjob-2107910235463512066-abc12335-68921-worker-0:130:6639 [0] NCCL INFO Channel 03/32 :    0   1
vcjob-2107910235463512066-abc12335-68921-worker-0:130:6639 [0] NCCL INFO Channel 04/32 :    0   1
vcjob-2107910235463512066-abc12335-68921-worker-0:130:6639 [0] NCCL INFO Channel 05/32 :    0   1
vcjob-2107910235463512066-abc12335-68921-worker-0:130:6639 [0] NCCL INFO Channel 06/32 :    0   1
vcjob-2107910235463512066-abc12335-68921-worker-0:130:6639 [0] NCCL INFO Channel 07/32 :    0   1
vcjob-2107910235463512066-abc12335-68921-worker-0:130:6639 [0] NCCL INFO Channel 08/32 :    0   1
vcjob-2107910235463512066-abc12335-68921-worker-0:130:6639 [0] NCCL INFO Channel 09/32 :    0   1
vcjob-2107910235463512066-abc12335-68921-worker-0:130:6639 [0] NCCL INFO Channel 10/32 :    0   1
vcjob-2107910235463512066-abc12335-68921-worker-0:130:6639 [0] NCCL INFO Channel 11/32 :    0   1
vcjob-2107910235463512066-abc12335-68921-worker-0:130:6639 [0] NCCL INFO Channel 12/32 :    0   1
vcjob-2107910235463512066-abc12335-68921-worker-0:130:6639 [0] NCCL INFO Channel 13/32 :    0   1
vcjob-2107910235463512066-abc12335-68921-worker-0:130:6639 [0] NCCL INFO Channel 14/32 :    0   1
vcjob-2107910235463512066-abc12335-68921-worker-0:130:6639 [0] NCCL INFO Channel 15/32 :    0   1
vcjob-2107910235463512066-abc12335-68921-worker-0:130:6639 [0] NCCL INFO Channel 16/32 :    0   1
vcjob-2107910235463512066-abc12335-68921-worker-0:130:6639 [0] NCCL INFO Channel 17/32 :    0   1
vcjob-2107910235463512066-abc12335-68921-worker-0:130:6639 [0] NCCL INFO Channel 18/32 :    0   1
vcjob-2107910235463512066-abc12335-68921-worker-0:130:6639 [0] NCCL INFO Channel 19/32 :    0   1
vcjob-2107910235463512066-abc12335-68921-worker-0:130:6639 [0] NCCL INFO Channel 20/32 :    0   1
vcjob-2107910235463512066-abc12335-68921-worker-0:130:6639 [0] NCCL INFO Channel 21/32 :    0   1
vcjob-2107910235463512066-abc12335-68921-worker-0:130:6639 [0] NCCL INFO Channel 22/32 :    0   1
vcjob-2107910235463512066-abc12335-68921-worker-0:130:6639 [0] NCCL INFO Channel 23/32 :    0   1
vcjob-2107910235463512066-abc12335-68921-worker-0:130:6639 [0] NCCL INFO Channel 24/32 :    0   1
vcjob-2107910235463512066-abc12335-68921-worker-0:130:6639 [0] NCCL INFO Channel 25/32 :    0   1
vcjob-2107910235463512066-abc12335-68921-worker-0:130:6639 [0] NCCL INFO Channel 26/32 :    0   1
vcjob-2107910235463512066-abc12335-68921-worker-0:130:6639 [0] NCCL INFO Channel 27/32 :    0   1
vcjob-2107910235463512066-abc12335-68921-worker-0:130:6639 [0] NCCL INFO Channel 28/32 :    0   1
vcjob-2107910235463512066-abc12335-68921-worker-0:130:6639 [0] NCCL INFO Channel 29/32 :    0   1
vcjob-2107910235463512066-abc12335-68921-worker-0:130:6639 [0] NCCL INFO Channel 30/32 :    0   1
vcjob-2107910235463512066-abc12335-68921-worker-0:130:6639 [0] NCCL INFO Channel 31/32 :    0   1
vcjob-2107910235463512066-abc12335-68921-worker-0:130:6639 [0] NCCL INFO Trees [0] 1/-1/-1->0->-1 [1] -1/-1/-1->0->1 [2] 1/-1/-1->0->-1 [3] -1/-1/-1->0->1 [4] 1/-1/-1->0->-1 [5] -1/-1/-1->0->1 [6] 1/-1/-1->0->-1 [7] -1/-1/-1->0->1 [8] 1/-1/-1->0->-1 [9] -1/-1/-1->0->1 [10] 1/-1/-1->0->-1 [11] -1/-1/-1->0->1 [12] 1/-1/-1->0->-1 [13] -1/-1/-1->0->1 [14] 1/-1/-1->0->-1 [15] -1/-1/-1->0->1 [16] 1/-1/-1->0->-1 [17] -1/-1/-1->0->1 [18] 1/-1/-1->0->-1 [19] -1/-1/-1->0->1 [20] 1/-1/-1->0->-1 [21] -1/-1/-1->0->1 [22] 1/-1/-1->0->-1 [23] -1/-1/-1->0->1 [24] 1/-1/-1->0->-1 [25] -1/-1/-1->0->1 [26] 1/-1/-1->0->-1 [27] -1/-1/-1->0->1 [28] 1/-1/-1->0->-1 [29] -1/-1/-1->0->1 [30] 1/-1/-1->0->-1 [31] -1/-1/-1->0->1 comm 0x561dfc4fcfd0 nRanks 02 busId 9000
vcjob-2107910235463512066-abc12335-68921-worker-0:130:6639 [0] NCCL INFO P2P Chunksize set to 131072
vcjob-2107910235463512066-abc12335-68921-worker-0:130:6639 [0] NCCL INFO comm->autoPerPeerOn: 1, comm->p2pnChannels: 32, comm->p2pnChannelsPerPeer: 32
vcjob-2107910235463512066-abc12335-68921-worker-0:130:6639 [0] NCCL INFO Channel 00/0 : 1[77000] -> 0[9000] [receive] via NET/Socket/0 comm 0x561dfc4fcfd0 nRanks 02
vcjob-2107910235463512066-abc12335-68921-worker-0:130:6639 [0] NCCL INFO Channel 01/0 : 1[77000] -> 0[9000] [receive] via NET/Socket/0 comm 0x561dfc4fcfd0 nRanks 02
vcjob-2107910235463512066-abc12335-68921-worker-0:130:6639 [0] NCCL INFO Channel 02/0 : 1[77000] -> 0[9000] [receive] via NET/Socket/0 comm 0x561dfc4fcfd0 nRanks 02
vcjob-2107910235463512066-abc12335-68921-worker-0:130:6639 [0] NCCL INFO Channel 03/0 : 1[77000] -> 0[9000] [receive] via NET/Socket/0 comm 0x561dfc4fcfd0 nRanks 02
vcjob-2107910235463512066-abc12335-68921-worker-0:130:6639 [0] NCCL INFO Channel 04/0 : 1[77000] -> 0[9000] [receive] via NET/Socket/0 comm 0x561dfc4fcfd0 nRanks 02
vcjob-2107910235463512066-abc12335-68921-worker-0:130:6639 [0] NCCL INFO Channel 05/0 : 1[77000] -> 0[9000] [receive] via NET/Socket/0 comm 0x561dfc4fcfd0 nRanks 02
vcjob-2107910235463512066-abc12335-68921-worker-0:130:6639 [0] NCCL INFO Channel 06/0 : 1[77000] -> 0[9000] [receive] via NET/Socket/0 comm 0x561dfc4fcfd0 nRanks 02
vcjob-2107910235463512066-abc12335-68921-worker-0:130:6639 [0] NCCL INFO Channel 07/0 : 1[77000] -> 0[9000] [receive] via NET/Socket/0 comm 0x561dfc4fcfd0 nRanks 02
vcjob-2107910235463512066-abc12335-68921-worker-0:130:6639 [0] NCCL INFO Channel 08/0 : 1[77000] -> 0[9000] [receive] via NET/Socket/0 comm 0x561dfc4fcfd0 nRanks 02
vcjob-2107910235463512066-abc12335-68921-worker-0:130:6639 [0] NCCL INFO Channel 09/0 : 1[77000] -> 0[9000] [receive] via NET/Socket/0 comm 0x561dfc4fcfd0 nRanks 02
vcjob-2107910235463512066-abc12335-68921-worker-0:130:6639 [0] NCCL INFO Channel 10/0 : 1[77000] -> 0[9000] [receive] via NET/Socket/0 comm 0x561dfc4fcfd0 nRanks 02
vcjob-2107910235463512066-abc12335-68921-worker-0:130:6639 [0] NCCL INFO Channel 11/0 : 1[77000] -> 0[9000] [receive] via NET/Socket/0 comm 0x561dfc4fcfd0 nRanks 02
vcjob-2107910235463512066-abc12335-68921-worker-0:130:6639 [0] NCCL INFO Channel 12/0 : 1[77000] -> 0[9000] [receive] via NET/Socket/0 comm 0x561dfc4fcfd0 nRanks 02
vcjob-2107910235463512066-abc12335-68921-worker-0:130:6639 [0] NCCL INFO Channel 13/0 : 1[77000] -> 0[9000] [receive] via NET/Socket/0 comm 0x561dfc4fcfd0 nRanks 02
vcjob-2107910235463512066-abc12335-68921-worker-0:130:6639 [0] NCCL INFO Channel 14/0 : 1[77000] -> 0[9000] [receive] via NET/Socket/0 comm 0x561dfc4fcfd0 nRanks 02
vcjob-2107910235463512066-abc12335-68921-worker-0:130:6639 [0] NCCL INFO Channel 15/0 : 1[77000] -> 0[9000] [receive] via NET/Socket/0 comm 0x561dfc4fcfd0 nRanks 02
vcjob-2107910235463512066-abc12335-68921-worker-0:130:6639 [0] NCCL INFO Channel 16/0 : 1[77000] -> 0[9000] [receive] via NET/Socket/0 comm 0x561dfc4fcfd0 nRanks 02
vcjob-2107910235463512066-abc12335-68921-worker-0:130:6639 [0] NCCL INFO Channel 17/0 : 1[77000] -> 0[9000] [receive] via NET/Socket/0 comm 0x561dfc4fcfd0 nRanks 02
vcjob-2107910235463512066-abc12335-68921-worker-0:130:6639 [0] NCCL INFO Channel 18/0 : 1[77000] -> 0[9000] [receive] via NET/Socket/0 comm 0x561dfc4fcfd0 nRanks 02
vcjob-2107910235463512066-abc12335-68921-worker-0:130:6639 [0] NCCL INFO Channel 19/0 : 1[77000] -> 0[9000] [receive] via NET/Socket/0 comm 0x561dfc4fcfd0 nRanks 02
vcjob-2107910235463512066-abc12335-68921-worker-0:130:6639 [0] NCCL INFO Channel 20/0 : 1[77000] -> 0[9000] [receive] via NET/Socket/0 comm 0x561dfc4fcfd0 nRanks 02
vcjob-2107910235463512066-abc12335-68921-worker-0:130:6639 [0] NCCL INFO Channel 21/0 : 1[77000] -> 0[9000] [receive] via NET/Socket/0 comm 0x561dfc4fcfd0 nRanks 02
vcjob-2107910235463512066-abc12335-68921-worker-0:130:6639 [0] NCCL INFO Channel 22/0 : 1[77000] -> 0[9000] [receive] via NET/Socket/0 comm 0x561dfc4fcfd0 nRanks 02
vcjob-2107910235463512066-abc12335-68921-worker-0:130:6639 [0] NCCL INFO Channel 23/0 : 1[77000] -> 0[9000] [receive] via NET/Socket/0 comm 0x561dfc4fcfd0 nRanks 02
vcjob-2107910235463512066-abc12335-68921-worker-0:130:6639 [0] NCCL INFO Channel 24/0 : 1[77000] -> 0[9000] [receive] via NET/Socket/0 comm 0x561dfc4fcfd0 nRanks 02
vcjob-2107910235463512066-abc12335-68921-worker-0:130:6639 [0] NCCL INFO Channel 25/0 : 1[77000] -> 0[9000] [receive] via NET/Socket/0 comm 0x561dfc4fcfd0 nRanks 02
vcjob-2107910235463512066-abc12335-68921-worker-0:130:6639 [0] NCCL INFO Channel 26/0 : 1[77000] -> 0[9000] [receive] via NET/Socket/0 comm 0x561dfc4fcfd0 nRanks 02
vcjob-2107910235463512066-abc12335-68921-worker-0:130:6639 [0] NCCL INFO Channel 27/0 : 1[77000] -> 0[9000] [receive] via NET/Socket/0 comm 0x561dfc4fcfd0 nRanks 02
vcjob-2107910235463512066-abc12335-68921-worker-0:130:6639 [0] NCCL INFO Channel 28/0 : 1[77000] -> 0[9000] [receive] via NET/Socket/0 comm 0x561dfc4fcfd0 nRanks 02
vcjob-2107910235463512066-abc12335-68921-worker-0:130:6639 [0] NCCL INFO Channel 29/0 : 1[77000] -> 0[9000] [receive] via NET/Socket/0 comm 0x561dfc4fcfd0 nRanks 02
vcjob-2107910235463512066-abc12335-68921-worker-0:130:6639 [0] NCCL INFO Channel 30/0 : 1[77000] -> 0[9000] [receive] via NET/Socket/0 comm 0x561dfc4fcfd0 nRanks 02
vcjob-2107910235463512066-abc12335-68921-worker-0:130:6639 [0] NCCL INFO Channel 31/0 : 1[77000] -> 0[9000] [receive] via NET/Socket/0 comm 0x561dfc4fcfd0 nRanks 02
vcjob-2107910235463512066-abc12335-68921-worker-0:130:6639 [0] NCCL INFO Channel 00/0 : 0[9000] -> 1[77000] [send] via NET/Socket/0 comm 0x561dfc4fcfd0 nRanks 02
vcjob-2107910235463512066-abc12335-68921-worker-0:130:6639 [0] NCCL INFO Channel 01/0 : 0[9000] -> 1[77000] [send] via NET/Socket/0 comm 0x561dfc4fcfd0 nRanks 02
vcjob-2107910235463512066-abc12335-68921-worker-0:130:6639 [0] NCCL INFO Channel 02/0 : 0[9000] -> 1[77000] [send] via NET/Socket/0 comm 0x561dfc4fcfd0 nRanks 02
vcjob-2107910235463512066-abc12335-68921-worker-0:130:6639 [0] NCCL INFO Channel 03/0 : 0[9000] -> 1[77000] [send] via NET/Socket/0 comm 0x561dfc4fcfd0 nRanks 02
vcjob-2107910235463512066-abc12335-68921-worker-0:130:6639 [0] NCCL INFO Channel 04/0 : 0[9000] -> 1[77000] [send] via NET/Socket/0 comm 0x561dfc4fcfd0 nRanks 02
vcjob-2107910235463512066-abc12335-68921-worker-0:130:6639 [0] NCCL INFO Channel 05/0 : 0[9000] -> 1[77000] [send] via NET/Socket/0 comm 0x561dfc4fcfd0 nRanks 02
vcjob-2107910235463512066-abc12335-68921-worker-0:130:6639 [0] NCCL INFO Channel 06/0 : 0[9000] -> 1[77000] [send] via NET/Socket/0 comm 0x561dfc4fcfd0 nRanks 02
vcjob-2107910235463512066-abc12335-68921-worker-0:130:6639 [0] NCCL INFO Channel 07/0 : 0[9000] -> 1[77000] [send] via NET/Socket/0 comm 0x561dfc4fcfd0 nRanks 02
vcjob-2107910235463512066-abc12335-68921-worker-0:130:6639 [0] NCCL INFO Channel 08/0 : 0[9000] -> 1[77000] [send] via NET/Socket/0 comm 0x561dfc4fcfd0 nRanks 02
vcjob-2107910235463512066-abc12335-68921-worker-0:130:6639 [0] NCCL INFO Channel 09/0 : 0[9000] -> 1[77000] [send] via NET/Socket/0 comm 0x561dfc4fcfd0 nRanks 02
vcjob-2107910235463512066-abc12335-68921-worker-0:130:6639 [0] NCCL INFO Channel 10/0 : 0[9000] -> 1[77000] [send] via NET/Socket/0 comm 0x561dfc4fcfd0 nRanks 02
vcjob-2107910235463512066-abc12335-68921-worker-0:130:6639 [0] NCCL INFO Channel 11/0 : 0[9000] -> 1[77000] [send] via NET/Socket/0 comm 0x561dfc4fcfd0 nRanks 02
vcjob-2107910235463512066-abc12335-68921-worker-0:130:6639 [0] NCCL INFO Channel 12/0 : 0[9000] -> 1[77000] [send] via NET/Socket/0 comm 0x561dfc4fcfd0 nRanks 02
vcjob-2107910235463512066-abc12335-68921-worker-0:130:6639 [0] NCCL INFO Channel 13/0 : 0[9000] -> 1[77000] [send] via NET/Socket/0 comm 0x561dfc4fcfd0 nRanks 02
vcjob-2107910235463512066-abc12335-68921-worker-0:130:6639 [0] NCCL INFO Channel 14/0 : 0[9000] -> 1[77000] [send] via NET/Socket/0 comm 0x561dfc4fcfd0 nRanks 02
vcjob-2107910235463512066-abc12335-68921-worker-0:130:6639 [0] NCCL INFO Channel 15/0 : 0[9000] -> 1[77000] [send] via NET/Socket/0 comm 0x561dfc4fcfd0 nRanks 02
vcjob-2107910235463512066-abc12335-68921-worker-0:130:6639 [0] NCCL INFO Channel 16/0 : 0[9000] -> 1[77000] [send] via NET/Socket/0 comm 0x561dfc4fcfd0 nRanks 02
vcjob-2107910235463512066-abc12335-68921-worker-0:130:6639 [0] NCCL INFO Channel 17/0 : 0[9000] -> 1[77000] [send] via NET/Socket/0 comm 0x561dfc4fcfd0 nRanks 02
vcjob-2107910235463512066-abc12335-68921-worker-0:130:6639 [0] NCCL INFO Channel 18/0 : 0[9000] -> 1[77000] [send] via NET/Socket/0 comm 0x561dfc4fcfd0 nRanks 02
vcjob-2107910235463512066-abc12335-68921-worker-0:130:6639 [0] NCCL INFO Channel 19/0 : 0[9000] -> 1[77000] [send] via NET/Socket/0 comm 0x561dfc4fcfd0 nRanks 02
vcjob-2107910235463512066-abc12335-68921-worker-0:130:6639 [0] NCCL INFO Channel 20/0 : 0[9000] -> 1[77000] [send] via NET/Socket/0 comm 0x561dfc4fcfd0 nRanks 02
vcjob-2107910235463512066-abc12335-68921-worker-0:130:6639 [0] NCCL INFO Channel 21/0 : 0[9000] -> 1[77000] [send] via NET/Socket/0 comm 0x561dfc4fcfd0 nRanks 02
vcjob-2107910235463512066-abc12335-68921-worker-0:130:6639 [0] NCCL INFO Channel 22/0 : 0[9000] -> 1[77000] [send] via NET/Socket/0 comm 0x561dfc4fcfd0 nRanks 02
vcjob-2107910235463512066-abc12335-68921-worker-0:130:6639 [0] NCCL INFO Channel 23/0 : 0[9000] -> 1[77000] [send] via NET/Socket/0 comm 0x561dfc4fcfd0 nRanks 02
vcjob-2107910235463512066-abc12335-68921-worker-0:130:6639 [0] NCCL INFO Channel 24/0 : 0[9000] -> 1[77000] [send] via NET/Socket/0 comm 0x561dfc4fcfd0 nRanks 02
vcjob-2107910235463512066-abc12335-68921-worker-0:130:6639 [0] NCCL INFO Channel 25/0 : 0[9000] -> 1[77000] [send] via NET/Socket/0 comm 0x561dfc4fcfd0 nRanks 02
vcjob-2107910235463512066-abc12335-68921-worker-0:130:6639 [0] NCCL INFO Channel 26/0 : 0[9000] -> 1[77000] [send] via NET/Socket/0 comm 0x561dfc4fcfd0 nRanks 02
vcjob-2107910235463512066-abc12335-68921-worker-0:130:6639 [0] NCCL INFO Channel 27/0 : 0[9000] -> 1[77000] [send] via NET/Socket/0 comm 0x561dfc4fcfd0 nRanks 02
vcjob-2107910235463512066-abc12335-68921-worker-0:130:6639 [0] NCCL INFO Channel 28/0 : 0[9000] -> 1[77000] [send] via NET/Socket/0 comm 0x561dfc4fcfd0 nRanks 02
vcjob-2107910235463512066-abc12335-68921-worker-0:130:6639 [0] NCCL INFO Channel 29/0 : 0[9000] -> 1[77000] [send] via NET/Socket/0 comm 0x561dfc4fcfd0 nRanks 02
vcjob-2107910235463512066-abc12335-68921-worker-0:130:6639 [0] NCCL INFO Channel 30/0 : 0[9000] -> 1[77000] [send] via NET/Socket/0 comm 0x561dfc4fcfd0 nRanks 02
vcjob-2107910235463512066-abc12335-68921-worker-0:130:6639 [0] NCCL INFO Channel 31/0 : 0[9000] -> 1[77000] [send] via NET/Socket/0 comm 0x561dfc4fcfd0 nRanks 02
vcjob-2107910235463512066-abc12335-68921-worker-0:130:6639 [0] NCCL INFO Connected all rings
vcjob-2107910235463512066-abc12335-68921-worker-0:130:6639 [0] NCCL INFO Connected all trees
vcjob-2107910235463512066-abc12335-68921-worker-0:130:6639 [0] NCCL INFO threadThresholds 8/8/64 | 16/8/64 | 256 | 256
vcjob-2107910235463512066-abc12335-68921-worker-0:130:6639 [0] NCCL INFO 32 coll channels, 32 collnet channels, 0 nvls channels, 32 p2p channels, 32 p2p channels per peer
vcjob-2107910235463512066-abc12335-68921-worker-0:130:6639 [0] NCCL INFO CC Off, Multi-GPU CC Off, workFifoBytes 4194304
vcjob-2107910235463512066-abc12335-68921-worker-0:130:6639 [0] NCCL INFO ncclCommInitRank comm 0x561dfc4fcfd0 rank 0 nranks 2 cudaDev 0 nvmlDev 0 busId 9000 commId 0x23c15c85810fa5da localSize 480 used 1784879168 bytes on core 4 - Init COMPLETE
vcjob-2107910235463512066-abc12335-68921-worker-0:130:6639 [0] NCCL INFO Init timings: rank 0 nranks 2 total 0.27 (kernels 0.00, bootstrap 0.00, allgathers 0.00, topo 0.10, graphs 0.00, connections 0.17, rest 0.00)
I1008 03:06:06.778776   130 ProcessGroupNCCL.cpp:2890] [PG ID 0 PG GUID 0(default_pg) Rank 0] NCCL_DEBUG: INFO
vcjob-2107910235463512066-abc12335-68921-worker-0:130:6643 [0] NCCL INFO Channel 01/1 : 1[77000] -> 0[9000] [receive] via NET/Socket/0/Shared comm 0x561dfc4fcfd0 nRanks 02
vcjob-2107910235463512066-abc12335-68921-worker-0:130:6643 [0] NCCL INFO Channel 03/1 : 1[77000] -> 0[9000] [receive] via NET/Socket/0/Shared comm 0x561dfc4fcfd0 nRanks 02
vcjob-2107910235463512066-abc12335-68921-worker-0:130:6643 [0] NCCL INFO Channel 05/1 : 1[77000] -> 0[9000] [receive] via NET/Socket/0/Shared comm 0x561dfc4fcfd0 nRanks 02
vcjob-2107910235463512066-abc12335-68921-worker-0:130:6643 [0] NCCL INFO Channel 07/1 : 1[77000] -> 0[9000] [receive] via NET/Socket/0/Shared comm 0x561dfc4fcfd0 nRanks 02
vcjob-2107910235463512066-abc12335-68921-worker-0:130:6643 [0] NCCL INFO Channel 09/1 : 1[77000] -> 0[9000] [receive] via NET/Socket/0/Shared comm 0x561dfc4fcfd0 nRanks 02
vcjob-2107910235463512066-abc12335-68921-worker-0:130:6643 [0] NCCL INFO Channel 11/1 : 1[77000] -> 0[9000] [receive] via NET/Socket/0/Shared comm 0x561dfc4fcfd0 nRanks 02
vcjob-2107910235463512066-abc12335-68921-worker-0:130:6643 [0] NCCL INFO Channel 13/1 : 1[77000] -> 0[9000] [receive] via NET/Socket/0/Shared comm 0x561dfc4fcfd0 nRanks 02
vcjob-2107910235463512066-abc12335-68921-worker-0:130:6643 [0] NCCL INFO Channel 15/1 : 1[77000] -> 0[9000] [receive] via NET/Socket/0/Shared comm 0x561dfc4fcfd0 nRanks 02
vcjob-2107910235463512066-abc12335-68921-worker-0:130:6643 [0] NCCL INFO Channel 17/1 : 1[77000] -> 0[9000] [receive] via NET/Socket/0/Shared comm 0x561dfc4fcfd0 nRanks 02
vcjob-2107910235463512066-abc12335-68921-worker-0:130:6643 [0] NCCL INFO Channel 19/1 : 1[77000] -> 0[9000] [receive] via NET/Socket/0/Shared comm 0x561dfc4fcfd0 nRanks 02
vcjob-2107910235463512066-abc12335-68921-worker-0:130:6643 [0] NCCL INFO Channel 21/1 : 1[77000] -> 0[9000] [receive] via NET/Socket/0/Shared comm 0x561dfc4fcfd0 nRanks 02
vcjob-2107910235463512066-abc12335-68921-worker-0:130:6643 [0] NCCL INFO Channel 23/1 : 1[77000] -> 0[9000] [receive] via NET/Socket/0/Shared comm 0x561dfc4fcfd0 nRanks 02
vcjob-2107910235463512066-abc12335-68921-worker-0:130:6643 [0] NCCL INFO Channel 25/1 : 1[77000] -> 0[9000] [receive] via NET/Socket/0/Shared comm 0x561dfc4fcfd0 nRanks 02
vcjob-2107910235463512066-abc12335-68921-worker-0:130:6643 [0] NCCL INFO Channel 27/1 : 1[77000] -> 0[9000] [receive] via NET/Socket/0/Shared comm 0x561dfc4fcfd0 nRanks 02
vcjob-2107910235463512066-abc12335-68921-worker-0:130:6643 [0] NCCL INFO Channel 29/1 : 1[77000] -> 0[9000] [receive] via NET/Socket/0/Shared comm 0x561dfc4fcfd0 nRanks 02
vcjob-2107910235463512066-abc12335-68921-worker-0:130:6643 [0] NCCL INFO Channel 31/1 : 1[77000] -> 0[9000] [receive] via NET/Socket/0/Shared comm 0x561dfc4fcfd0 nRanks 02

vcjob-2107910235463512066-abc12335-68921-worker-0:130:130 [0] /data/jenkins_workspace/workspace/rccl_release/build/hipify/src/init.cc:170 NCCL WARN NUMA auto balancing enabled which can lead to variability in the RCCL performance! Disable by "sudo sysctl kernel.numa_balancing=0"
vcjob-2107910235463512066-abc12335-68921-worker-0:130:130 [0] NCCL INFO Kernel version: 5.15.0-25-generic

vcjob-2107910235463512066-abc12335-68921-worker-0:130:130 [0] /data/jenkins_workspace/workspace/rccl_release/build/hipify/src/init.cc:191 NCCL WARN Missing "iommu=pt" from kernel command line which can lead to system instablity or hang!
I1008 03:06:06.815864   130 ProcessGroupNCCL.cpp:2857] [PG ID 0 PG GUID 0(default_pg) Rank 0] ProcessGroupNCCL broadcast unique ID through store took 0.067961 ms
I1008 03:06:06.815886   130 NCCLUtils.cpp:75] Rank 0: creating NCCL communicator with mode: blocking

vcjob-2107910235463512066-abc12335-68921-worker-0:130:130 [0] /data/jenkins_workspace/workspace/rccl_release/build/hipify/src/init.cc:170 NCCL WARN NUMA auto balancing enabled which can lead to variability in the RCCL performance! Disable by "sudo sysctl kernel.numa_balancing=0"
vcjob-2107910235463512066-abc12335-68921-worker-0:130:130 [0] NCCL INFO Kernel version: 5.15.0-25-generic

vcjob-2107910235463512066-abc12335-68921-worker-0:130:130 [0] /data/jenkins_workspace/workspace/rccl_release/build/hipify/src/init.cc:191 NCCL WARN Missing "iommu=pt" from kernel command line which can lead to system instablity or hang!
vcjob-2107910235463512066-abc12335-68921-worker-0:130:130 [0] NCCL INFO Comm config Blocking set to 1
vcjob-2107910235463512066-abc12335-68921-worker-0:130:6645 [0] NCCL INFO Using network Socket
vcjob-2107910235463512066-abc12335-68921-worker-0:130:6645 [0] NCCL INFO rocm_smi_lib: version 7.6.0.0
vcjob-2107910235463512066-abc12335-68921-worker-0:130:6645 [0] NCCL INFO ncclCommInitRank comm 0x561dfc5b87b0 rank 0 nranks 2 cudaDev 0 nvmlDev 0 busId 9000 commId 0xd8b241b7ab867e66 - Init START
vcjob-2107910235463512066-abc12335-68921-worker-0:130:6645 [0] NCCL INFO rank:0 get match hsa dev domain:0x0 bdf:0x900 rank busId:0x36864
vcjob-2107910235463512066-abc12335-68921-worker-0:130:6645 [0] NCCL INFO XDP Switch is off with xdp_size : 0

vcjob-2107910235463512066-abc12335-68921-worker-0:130:6645 [0] /data/jenkins_workspace/workspace/rccl_release/build/hipify/src/graph/xml.cc:1211 NCCL WARN No IB NIC found, the generation of the basic topology has been terminated.
vcjob-2107910235463512066-abc12335-68921-worker-0:130:6645 [0] NCCL INFO rocm_smi_lib: version 7.6.0.0
vcjob-2107910235463512066-abc12335-68921-worker-0:130:6645 [0] NCCL INFO Setting affinity for GPU 0 to ffff
vcjob-2107910235463512066-abc12335-68921-worker-0:130:6645 [0] NCCL INFO Rank:0 Get link topo from rocmDev:0 linkNum:8 link:0 linkState:1 remote type:1 bdf:0x9b00 topoType:2
vcjob-2107910235463512066-abc12335-68921-worker-0:130:6645 [0] NCCL INFO Transport init rank 0 useXdp 0 linkTopoType 2
vcjob-2107910235463512066-abc12335-68921-worker-0:130:6645 [0] NCCL INFO comm 0x561dfc5b87b0 rank 0 nRanks 2 nNodes 2 localRanks 1 localRank 0 MNNVL 0
vcjob-2107910235463512066-abc12335-68921-worker-0:130:6645 [0] NCCL INFO Channel 00/32 :    0   1
vcjob-2107910235463512066-abc12335-68921-worker-0:130:6645 [0] NCCL INFO Channel 01/32 :    0   1
vcjob-2107910235463512066-abc12335-68921-worker-0:130:6645 [0] NCCL INFO Channel 02/32 :    0   1
vcjob-2107910235463512066-abc12335-68921-worker-0:130:6645 [0] NCCL INFO Channel 03/32 :    0   1
vcjob-2107910235463512066-abc12335-68921-worker-0:130:6645 [0] NCCL INFO Channel 04/32 :    0   1
vcjob-2107910235463512066-abc12335-68921-worker-0:130:6645 [0] NCCL INFO Channel 05/32 :    0   1
vcjob-2107910235463512066-abc12335-68921-worker-0:130:6645 [0] NCCL INFO Channel 06/32 :    0   1
vcjob-2107910235463512066-abc12335-68921-worker-0:130:6645 [0] NCCL INFO Channel 07/32 :    0   1
vcjob-2107910235463512066-abc12335-68921-worker-0:130:6645 [0] NCCL INFO Channel 08/32 :    0   1
vcjob-2107910235463512066-abc12335-68921-worker-0:130:6645 [0] NCCL INFO Channel 09/32 :    0   1
vcjob-2107910235463512066-abc12335-68921-worker-0:130:6645 [0] NCCL INFO Channel 10/32 :    0   1
vcjob-2107910235463512066-abc12335-68921-worker-0:130:6645 [0] NCCL INFO Channel 11/32 :    0   1
vcjob-2107910235463512066-abc12335-68921-worker-0:130:6645 [0] NCCL INFO Channel 12/32 :    0   1
vcjob-2107910235463512066-abc12335-68921-worker-0:130:6645 [0] NCCL INFO Channel 13/32 :    0   1
vcjob-2107910235463512066-abc12335-68921-worker-0:130:6645 [0] NCCL INFO Channel 14/32 :    0   1
vcjob-2107910235463512066-abc12335-68921-worker-0:130:6645 [0] NCCL INFO Channel 15/32 :    0   1
vcjob-2107910235463512066-abc12335-68921-worker-0:130:6645 [0] NCCL INFO Channel 16/32 :    0   1
vcjob-2107910235463512066-abc12335-68921-worker-0:130:6645 [0] NCCL INFO Channel 17/32 :    0   1
vcjob-2107910235463512066-abc12335-68921-worker-0:130:6645 [0] NCCL INFO Channel 18/32 :    0   1
vcjob-2107910235463512066-abc12335-68921-worker-0:130:6645 [0] NCCL INFO Channel 19/32 :    0   1
vcjob-2107910235463512066-abc12335-68921-worker-0:130:6645 [0] NCCL INFO Channel 20/32 :    0   1
vcjob-2107910235463512066-abc12335-68921-worker-0:130:6645 [0] NCCL INFO Channel 21/32 :    0   1
vcjob-2107910235463512066-abc12335-68921-worker-0:130:6645 [0] NCCL INFO Channel 22/32 :    0   1
vcjob-2107910235463512066-abc12335-68921-worker-0:130:6645 [0] NCCL INFO Channel 23/32 :    0   1
vcjob-2107910235463512066-abc12335-68921-worker-0:130:6645 [0] NCCL INFO Channel 24/32 :    0   1
vcjob-2107910235463512066-abc12335-68921-worker-0:130:6645 [0] NCCL INFO Channel 25/32 :    0   1
vcjob-2107910235463512066-abc12335-68921-worker-0:130:6645 [0] NCCL INFO Channel 26/32 :    0   1
vcjob-2107910235463512066-abc12335-68921-worker-0:130:6645 [0] NCCL INFO Channel 27/32 :    0   1
vcjob-2107910235463512066-abc12335-68921-worker-0:130:6645 [0] NCCL INFO Channel 28/32 :    0   1
vcjob-2107910235463512066-abc12335-68921-worker-0:130:6645 [0] NCCL INFO Channel 29/32 :    0   1
vcjob-2107910235463512066-abc12335-68921-worker-0:130:6645 [0] NCCL INFO Channel 30/32 :    0   1
vcjob-2107910235463512066-abc12335-68921-worker-0:130:6645 [0] NCCL INFO Channel 31/32 :    0   1
vcjob-2107910235463512066-abc12335-68921-worker-0:130:6645 [0] NCCL INFO Trees [0] 1/-1/-1->0->-1 [1] -1/-1/-1->0->1 [2] 1/-1/-1->0->-1 [3] -1/-1/-1->0->1 [4] 1/-1/-1->0->-1 [5] -1/-1/-1->0->1 [6] 1/-1/-1->0->-1 [7] -1/-1/-1->0->1 [8] 1/-1/-1->0->-1 [9] -1/-1/-1->0->1 [10] 1/-1/-1->0->-1 [11] -1/-1/-1->0->1 [12] 1/-1/-1->0->-1 [13] -1/-1/-1->0->1 [14] 1/-1/-1->0->-1 [15] -1/-1/-1->0->1 [16] 1/-1/-1->0->-1 [17] -1/-1/-1->0->1 [18] 1/-1/-1->0->-1 [19] -1/-1/-1->0->1 [20] 1/-1/-1->0->-1 [21] -1/-1/-1->0->1 [22] 1/-1/-1->0->-1 [23] -1/-1/-1->0->1 [24] 1/-1/-1->0->-1 [25] -1/-1/-1->0->1 [26] 1/-1/-1->0->-1 [27] -1/-1/-1->0->1 [28] 1/-1/-1->0->-1 [29] -1/-1/-1->0->1 [30] 1/-1/-1->0->-1 [31] -1/-1/-1->0->1 comm 0x561dfc5b87b0 nRanks 02 busId 9000
vcjob-2107910235463512066-abc12335-68921-worker-0:130:6645 [0] NCCL INFO P2P Chunksize set to 131072
vcjob-2107910235463512066-abc12335-68921-worker-0:130:6645 [0] NCCL INFO comm->autoPerPeerOn: 1, comm->p2pnChannels: 32, comm->p2pnChannelsPerPeer: 32
vcjob-2107910235463512066-abc12335-68921-worker-0:130:6645 [0] NCCL INFO Channel 00/0 : 1[85000] -> 0[9000] [receive] via NET/Socket/0 comm 0x561dfc5b87b0 nRanks 02
vcjob-2107910235463512066-abc12335-68921-worker-0:130:6645 [0] NCCL INFO Channel 01/0 : 1[85000] -> 0[9000] [receive] via NET/Socket/0 comm 0x561dfc5b87b0 nRanks 02
vcjob-2107910235463512066-abc12335-68921-worker-0:130:6645 [0] NCCL INFO Channel 02/0 : 1[85000] -> 0[9000] [receive] via NET/Socket/0 comm 0x561dfc5b87b0 nRanks 02
vcjob-2107910235463512066-abc12335-68921-worker-0:130:6645 [0] NCCL INFO Channel 03/0 : 1[85000] -> 0[9000] [receive] via NET/Socket/0 comm 0x561dfc5b87b0 nRanks 02
vcjob-2107910235463512066-abc12335-68921-worker-0:130:6645 [0] NCCL INFO Channel 04/0 : 1[85000] -> 0[9000] [receive] via NET/Socket/0 comm 0x561dfc5b87b0 nRanks 02
vcjob-2107910235463512066-abc12335-68921-worker-0:130:6645 [0] NCCL INFO Channel 05/0 : 1[85000] -> 0[9000] [receive] via NET/Socket/0 comm 0x561dfc5b87b0 nRanks 02
vcjob-2107910235463512066-abc12335-68921-worker-0:130:6645 [0] NCCL INFO Channel 06/0 : 1[85000] -> 0[9000] [receive] via NET/Socket/0 comm 0x561dfc5b87b0 nRanks 02
vcjob-2107910235463512066-abc12335-68921-worker-0:130:6645 [0] NCCL INFO Channel 07/0 : 1[85000] -> 0[9000] [receive] via NET/Socket/0 comm 0x561dfc5b87b0 nRanks 02
vcjob-2107910235463512066-abc12335-68921-worker-0:130:6645 [0] NCCL INFO Channel 08/0 : 1[85000] -> 0[9000] [receive] via NET/Socket/0 comm 0x561dfc5b87b0 nRanks 02
vcjob-2107910235463512066-abc12335-68921-worker-0:130:6645 [0] NCCL INFO Channel 09/0 : 1[85000] -> 0[9000] [receive] via NET/Socket/0 comm 0x561dfc5b87b0 nRanks 02
vcjob-2107910235463512066-abc12335-68921-worker-0:130:6645 [0] NCCL INFO Channel 10/0 : 1[85000] -> 0[9000] [receive] via NET/Socket/0 comm 0x561dfc5b87b0 nRanks 02
vcjob-2107910235463512066-abc12335-68921-worker-0:130:6645 [0] NCCL INFO Channel 11/0 : 1[85000] -> 0[9000] [receive] via NET/Socket/0 comm 0x561dfc5b87b0 nRanks 02
vcjob-2107910235463512066-abc12335-68921-worker-0:130:6645 [0] NCCL INFO Channel 12/0 : 1[85000] -> 0[9000] [receive] via NET/Socket/0 comm 0x561dfc5b87b0 nRanks 02
vcjob-2107910235463512066-abc12335-68921-worker-0:130:6645 [0] NCCL INFO Channel 13/0 : 1[85000] -> 0[9000] [receive] via NET/Socket/0 comm 0x561dfc5b87b0 nRanks 02
vcjob-2107910235463512066-abc12335-68921-worker-0:130:6645 [0] NCCL INFO Channel 14/0 : 1[85000] -> 0[9000] [receive] via NET/Socket/0 comm 0x561dfc5b87b0 nRanks 02
vcjob-2107910235463512066-abc12335-68921-worker-0:130:6645 [0] NCCL INFO Channel 15/0 : 1[85000] -> 0[9000] [receive] via NET/Socket/0 comm 0x561dfc5b87b0 nRanks 02
vcjob-2107910235463512066-abc12335-68921-worker-0:130:6645 [0] NCCL INFO Channel 16/0 : 1[85000] -> 0[9000] [receive] via NET/Socket/0 comm 0x561dfc5b87b0 nRanks 02
vcjob-2107910235463512066-abc12335-68921-worker-0:130:6645 [0] NCCL INFO Channel 17/0 : 1[85000] -> 0[9000] [receive] via NET/Socket/0 comm 0x561dfc5b87b0 nRanks 02
vcjob-2107910235463512066-abc12335-68921-worker-0:130:6645 [0] NCCL INFO Channel 18/0 : 1[85000] -> 0[9000] [receive] via NET/Socket/0 comm 0x561dfc5b87b0 nRanks 02
vcjob-2107910235463512066-abc12335-68921-worker-0:130:6645 [0] NCCL INFO Channel 19/0 : 1[85000] -> 0[9000] [receive] via NET/Socket/0 comm 0x561dfc5b87b0 nRanks 02
vcjob-2107910235463512066-abc12335-68921-worker-0:130:6645 [0] NCCL INFO Channel 20/0 : 1[85000] -> 0[9000] [receive] via NET/Socket/0 comm 0x561dfc5b87b0 nRanks 02
vcjob-2107910235463512066-abc12335-68921-worker-0:130:6645 [0] NCCL INFO Channel 21/0 : 1[85000] -> 0[9000] [receive] via NET/Socket/0 comm 0x561dfc5b87b0 nRanks 02
vcjob-2107910235463512066-abc12335-68921-worker-0:130:6645 [0] NCCL INFO Channel 22/0 : 1[85000] -> 0[9000] [receive] via NET/Socket/0 comm 0x561dfc5b87b0 nRanks 02
vcjob-2107910235463512066-abc12335-68921-worker-0:130:6645 [0] NCCL INFO Channel 23/0 : 1[85000] -> 0[9000] [receive] via NET/Socket/0 comm 0x561dfc5b87b0 nRanks 02
vcjob-2107910235463512066-abc12335-68921-worker-0:130:6645 [0] NCCL INFO Channel 24/0 : 1[85000] -> 0[9000] [receive] via NET/Socket/0 comm 0x561dfc5b87b0 nRanks 02
vcjob-2107910235463512066-abc12335-68921-worker-0:130:6645 [0] NCCL INFO Channel 25/0 : 1[85000] -> 0[9000] [receive] via NET/Socket/0 comm 0x561dfc5b87b0 nRanks 02
vcjob-2107910235463512066-abc12335-68921-worker-0:130:6645 [0] NCCL INFO Channel 26/0 : 1[85000] -> 0[9000] [receive] via NET/Socket/0 comm 0x561dfc5b87b0 nRanks 02
vcjob-2107910235463512066-abc12335-68921-worker-0:130:6645 [0] NCCL INFO Channel 27/0 : 1[85000] -> 0[9000] [receive] via NET/Socket/0 comm 0x561dfc5b87b0 nRanks 02
vcjob-2107910235463512066-abc12335-68921-worker-0:130:6645 [0] NCCL INFO Channel 28/0 : 1[85000] -> 0[9000] [receive] via NET/Socket/0 comm 0x561dfc5b87b0 nRanks 02
vcjob-2107910235463512066-abc12335-68921-worker-0:130:6645 [0] NCCL INFO Channel 29/0 : 1[85000] -> 0[9000] [receive] via NET/Socket/0 comm 0x561dfc5b87b0 nRanks 02
vcjob-2107910235463512066-abc12335-68921-worker-0:130:6645 [0] NCCL INFO Channel 30/0 : 1[85000] -> 0[9000] [receive] via NET/Socket/0 comm 0x561dfc5b87b0 nRanks 02
vcjob-2107910235463512066-abc12335-68921-worker-0:130:6645 [0] NCCL INFO Channel 31/0 : 1[85000] -> 0[9000] [receive] via NET/Socket/0 comm 0x561dfc5b87b0 nRanks 02
vcjob-2107910235463512066-abc12335-68921-worker-0:130:6645 [0] NCCL INFO Channel 00/0 : 0[9000] -> 1[85000] [send] via NET/Socket/0 comm 0x561dfc5b87b0 nRanks 02
vcjob-2107910235463512066-abc12335-68921-worker-0:130:6645 [0] NCCL INFO Channel 01/0 : 0[9000] -> 1[85000] [send] via NET/Socket/0 comm 0x561dfc5b87b0 nRanks 02
vcjob-2107910235463512066-abc12335-68921-worker-0:130:6645 [0] NCCL INFO Channel 02/0 : 0[9000] -> 1[85000] [send] via NET/Socket/0 comm 0x561dfc5b87b0 nRanks 02
vcjob-2107910235463512066-abc12335-68921-worker-0:130:6645 [0] NCCL INFO Channel 03/0 : 0[9000] -> 1[85000] [send] via NET/Socket/0 comm 0x561dfc5b87b0 nRanks 02
vcjob-2107910235463512066-abc12335-68921-worker-0:130:6645 [0] NCCL INFO Channel 04/0 : 0[9000] -> 1[85000] [send] via NET/Socket/0 comm 0x561dfc5b87b0 nRanks 02
vcjob-2107910235463512066-abc12335-68921-worker-0:130:6645 [0] NCCL INFO Channel 05/0 : 0[9000] -> 1[85000] [send] via NET/Socket/0 comm 0x561dfc5b87b0 nRanks 02
vcjob-2107910235463512066-abc12335-68921-worker-0:130:6645 [0] NCCL INFO Channel 06/0 : 0[9000] -> 1[85000] [send] via NET/Socket/0 comm 0x561dfc5b87b0 nRanks 02
vcjob-2107910235463512066-abc12335-68921-worker-0:130:6645 [0] NCCL INFO Channel 07/0 : 0[9000] -> 1[85000] [send] via NET/Socket/0 comm 0x561dfc5b87b0 nRanks 02
vcjob-2107910235463512066-abc12335-68921-worker-0:130:6645 [0] NCCL INFO Channel 08/0 : 0[9000] -> 1[85000] [send] via NET/Socket/0 comm 0x561dfc5b87b0 nRanks 02
vcjob-2107910235463512066-abc12335-68921-worker-0:130:6645 [0] NCCL INFO Channel 09/0 : 0[9000] -> 1[85000] [send] via NET/Socket/0 comm 0x561dfc5b87b0 nRanks 02
vcjob-2107910235463512066-abc12335-68921-worker-0:130:6645 [0] NCCL INFO Channel 10/0 : 0[9000] -> 1[85000] [send] via NET/Socket/0 comm 0x561dfc5b87b0 nRanks 02
vcjob-2107910235463512066-abc12335-68921-worker-0:130:6645 [0] NCCL INFO Channel 11/0 : 0[9000] -> 1[85000] [send] via NET/Socket/0 comm 0x561dfc5b87b0 nRanks 02
vcjob-2107910235463512066-abc12335-68921-worker-0:130:6645 [0] NCCL INFO Channel 12/0 : 0[9000] -> 1[85000] [send] via NET/Socket/0 comm 0x561dfc5b87b0 nRanks 02
vcjob-2107910235463512066-abc12335-68921-worker-0:130:6645 [0] NCCL INFO Channel 13/0 : 0[9000] -> 1[85000] [send] via NET/Socket/0 comm 0x561dfc5b87b0 nRanks 02
vcjob-2107910235463512066-abc12335-68921-worker-0:130:6645 [0] NCCL INFO Channel 14/0 : 0[9000] -> 1[85000] [send] via NET/Socket/0 comm 0x561dfc5b87b0 nRanks 02
vcjob-2107910235463512066-abc12335-68921-worker-0:130:6645 [0] NCCL INFO Channel 15/0 : 0[9000] -> 1[85000] [send] via NET/Socket/0 comm 0x561dfc5b87b0 nRanks 02
vcjob-2107910235463512066-abc12335-68921-worker-0:130:6645 [0] NCCL INFO Channel 16/0 : 0[9000] -> 1[85000] [send] via NET/Socket/0 comm 0x561dfc5b87b0 nRanks 02
vcjob-2107910235463512066-abc12335-68921-worker-0:130:6645 [0] NCCL INFO Channel 17/0 : 0[9000] -> 1[85000] [send] via NET/Socket/0 comm 0x561dfc5b87b0 nRanks 02
vcjob-2107910235463512066-abc12335-68921-worker-0:130:6645 [0] NCCL INFO Channel 18/0 : 0[9000] -> 1[85000] [send] via NET/Socket/0 comm 0x561dfc5b87b0 nRanks 02
vcjob-2107910235463512066-abc12335-68921-worker-0:130:6645 [0] NCCL INFO Channel 19/0 : 0[9000] -> 1[85000] [send] via NET/Socket/0 comm 0x561dfc5b87b0 nRanks 02
vcjob-2107910235463512066-abc12335-68921-worker-0:130:6645 [0] NCCL INFO Channel 20/0 : 0[9000] -> 1[85000] [send] via NET/Socket/0 comm 0x561dfc5b87b0 nRanks 02
vcjob-2107910235463512066-abc12335-68921-worker-0:130:6645 [0] NCCL INFO Channel 21/0 : 0[9000] -> 1[85000] [send] via NET/Socket/0 comm 0x561dfc5b87b0 nRanks 02
vcjob-2107910235463512066-abc12335-68921-worker-0:130:6645 [0] NCCL INFO Channel 22/0 : 0[9000] -> 1[85000] [send] via NET/Socket/0 comm 0x561dfc5b87b0 nRanks 02
vcjob-2107910235463512066-abc12335-68921-worker-0:130:6645 [0] NCCL INFO Channel 23/0 : 0[9000] -> 1[85000] [send] via NET/Socket/0 comm 0x561dfc5b87b0 nRanks 02
vcjob-2107910235463512066-abc12335-68921-worker-0:130:6645 [0] NCCL INFO Channel 24/0 : 0[9000] -> 1[85000] [send] via NET/Socket/0 comm 0x561dfc5b87b0 nRanks 02
vcjob-2107910235463512066-abc12335-68921-worker-0:130:6645 [0] NCCL INFO Channel 25/0 : 0[9000] -> 1[85000] [send] via NET/Socket/0 comm 0x561dfc5b87b0 nRanks 02
vcjob-2107910235463512066-abc12335-68921-worker-0:130:6645 [0] NCCL INFO Channel 26/0 : 0[9000] -> 1[85000] [send] via NET/Socket/0 comm 0x561dfc5b87b0 nRanks 02
vcjob-2107910235463512066-abc12335-68921-worker-0:130:6645 [0] NCCL INFO Channel 27/0 : 0[9000] -> 1[85000] [send] via NET/Socket/0 comm 0x561dfc5b87b0 nRanks 02
vcjob-2107910235463512066-abc12335-68921-worker-0:130:6645 [0] NCCL INFO Channel 28/0 : 0[9000] -> 1[85000] [send] via NET/Socket/0 comm 0x561dfc5b87b0 nRanks 02
vcjob-2107910235463512066-abc12335-68921-worker-0:130:6645 [0] NCCL INFO Channel 29/0 : 0[9000] -> 1[85000] [send] via NET/Socket/0 comm 0x561dfc5b87b0 nRanks 02
vcjob-2107910235463512066-abc12335-68921-worker-0:130:6645 [0] NCCL INFO Channel 30/0 : 0[9000] -> 1[85000] [send] via NET/Socket/0 comm 0x561dfc5b87b0 nRanks 02
vcjob-2107910235463512066-abc12335-68921-worker-0:130:6645 [0] NCCL INFO Channel 31/0 : 0[9000] -> 1[85000] [send] via NET/Socket/0 comm 0x561dfc5b87b0 nRanks 02
vcjob-2107910235463512066-abc12335-68921-worker-0:130:6645 [0] NCCL INFO Connected all rings
vcjob-2107910235463512066-abc12335-68921-worker-0:130:6645 [0] NCCL INFO Connected all trees
vcjob-2107910235463512066-abc12335-68921-worker-0:130:6645 [0] NCCL INFO threadThresholds 8/8/64 | 16/8/64 | 256 | 256
vcjob-2107910235463512066-abc12335-68921-worker-0:130:6645 [0] NCCL INFO 32 coll channels, 32 collnet channels, 0 nvls channels, 32 p2p channels, 32 p2p channels per peer
vcjob-2107910235463512066-abc12335-68921-worker-0:130:6645 [0] NCCL INFO CC Off, Multi-GPU CC Off, workFifoBytes 4194304
vcjob-2107910235463512066-abc12335-68921-worker-0:130:6645 [0] NCCL INFO ncclCommInitRank comm 0x561dfc5b87b0 rank 0 nranks 2 cudaDev 0 nvmlDev 0 busId 9000 commId 0xd8b241b7ab867e66 localSize 480 used 1819072944 bytes on core 8 - Init COMPLETE
vcjob-2107910235463512066-abc12335-68921-worker-0:130:6645 [0] NCCL INFO Init timings: rank 0 nranks 2 total 0.25 (kernels 0.00, bootstrap 0.00, allgathers 0.00, topo 0.10, graphs 0.00, connections 0.15, rest 0.00)
I1008 03:06:07.123852   130 ProcessGroupNCCL.cpp:2890] [PG ID 0 PG GUID 0(default_pg) Rank 0] NCCL_DEBUG: INFO
vcjob-2107910235463512066-abc12335-68921-worker-0:130:6649 [0] NCCL INFO Channel 01/1 : 1[85000] -> 0[9000] [receive] via NET/Socket/0/Shared comm 0x561dfc5b87b0 nRanks 02
vcjob-2107910235463512066-abc12335-68921-worker-0:130:6649 [0] NCCL INFO Channel 03/1 : 1[85000] -> 0[9000] [receive] via NET/Socket/0/Shared comm 0x561dfc5b87b0 nRanks 02
vcjob-2107910235463512066-abc12335-68921-worker-0:130:6649 [0] NCCL INFO Channel 05/1 : 1[85000] -> 0[9000] [receive] via NET/Socket/0/Shared comm 0x561dfc5b87b0 nRanks 02
vcjob-2107910235463512066-abc12335-68921-worker-0:130:6649 [0] NCCL INFO Channel 07/1 : 1[85000] -> 0[9000] [receive] via NET/Socket/0/Shared comm 0x561dfc5b87b0 nRanks 02
vcjob-2107910235463512066-abc12335-68921-worker-0:130:6649 [0] NCCL INFO Channel 09/1 : 1[85000] -> 0[9000] [receive] via NET/Socket/0/Shared comm 0x561dfc5b87b0 nRanks 02
vcjob-2107910235463512066-abc12335-68921-worker-0:130:6649 [0] NCCL INFO Channel 11/1 : 1[85000] -> 0[9000] [receive] via NET/Socket/0/Shared comm 0x561dfc5b87b0 nRanks 02
vcjob-2107910235463512066-abc12335-68921-worker-0:130:6649 [0] NCCL INFO Channel 13/1 : 1[85000] -> 0[9000] [receive] via NET/Socket/0/Shared comm 0x561dfc5b87b0 nRanks 02
vcjob-2107910235463512066-abc12335-68921-worker-0:130:6649 [0] NCCL INFO Channel 15/1 : 1[85000] -> 0[9000] [receive] via NET/Socket/0/Shared comm 0x561dfc5b87b0 nRanks 02
vcjob-2107910235463512066-abc12335-68921-worker-0:130:6649 [0] NCCL INFO Channel 17/1 : 1[85000] -> 0[9000] [receive] via NET/Socket/0/Shared comm 0x561dfc5b87b0 nRanks 02
vcjob-2107910235463512066-abc12335-68921-worker-0:130:6649 [0] NCCL INFO Channel 19/1 : 1[85000] -> 0[9000] [receive] via NET/Socket/0/Shared comm 0x561dfc5b87b0 nRanks 02
vcjob-2107910235463512066-abc12335-68921-worker-0:130:6649 [0] NCCL INFO Channel 21/1 : 1[85000] -> 0[9000] [receive] via NET/Socket/0/Shared comm 0x561dfc5b87b0 nRanks 02
vcjob-2107910235463512066-abc12335-68921-worker-0:130:6649 [0] NCCL INFO Channel 23/1 : 1[85000] -> 0[9000] [receive] via NET/Socket/0/Shared comm 0x561dfc5b87b0 nRanks 02
vcjob-2107910235463512066-abc12335-68921-worker-0:130:6649 [0] NCCL INFO Channel 25/1 : 1[85000] -> 0[9000] [receive] via NET/Socket/0/Shared comm 0x561dfc5b87b0 nRanks 02
vcjob-2107910235463512066-abc12335-68921-worker-0:130:6649 [0] NCCL INFO Channel 27/1 : 1[85000] -> 0[9000] [receive] via NET/Socket/0/Shared comm 0x561dfc5b87b0 nRanks 02
vcjob-2107910235463512066-abc12335-68921-worker-0:130:6649 [0] NCCL INFO Channel 29/1 : 1[85000] -> 0[9000] [receive] via NET/Socket/0/Shared comm 0x561dfc5b87b0 nRanks 02
vcjob-2107910235463512066-abc12335-68921-worker-0:130:6649 [0] NCCL INFO Channel 31/1 : 1[85000] -> 0[9000] [receive] via NET/Socket/0/Shared comm 0x561dfc5b87b0 nRanks 02

vcjob-2107910235463512066-abc12335-68921-worker-0:130:130 [0] /data/jenkins_workspace/workspace/rccl_release/build/hipify/src/init.cc:170 NCCL WARN NUMA auto balancing enabled which can lead to variability in the RCCL performance! Disable by "sudo sysctl kernel.numa_balancing=0"
vcjob-2107910235463512066-abc12335-68921-worker-0:130:130 [0] NCCL INFO Kernel version: 5.15.0-25-generic

vcjob-2107910235463512066-abc12335-68921-worker-0:130:130 [0] /data/jenkins_workspace/workspace/rccl_release/build/hipify/src/init.cc:191 NCCL WARN Missing "iommu=pt" from kernel command line which can lead to system instablity or hang!
I1008 03:06:07.155818   130 ProcessGroupNCCL.cpp:2857] [PG ID 0 PG GUID 0(default_pg) Rank 0] ProcessGroupNCCL broadcast unique ID through store took 0.033361 ms
I1008 03:06:07.155834   130 NCCLUtils.cpp:75] Rank 0: creating NCCL communicator with mode: blocking

vcjob-2107910235463512066-abc12335-68921-worker-0:130:130 [0] /data/jenkins_workspace/workspace/rccl_release/build/hipify/src/init.cc:170 NCCL WARN NUMA auto balancing enabled which can lead to variability in the RCCL performance! Disable by "sudo sysctl kernel.numa_balancing=0"
vcjob-2107910235463512066-abc12335-68921-worker-0:130:130 [0] NCCL INFO Kernel version: 5.15.0-25-generic

vcjob-2107910235463512066-abc12335-68921-worker-0:130:130 [0] /data/jenkins_workspace/workspace/rccl_release/build/hipify/src/init.cc:191 NCCL WARN Missing "iommu=pt" from kernel command line which can lead to system instablity or hang!
vcjob-2107910235463512066-abc12335-68921-worker-0:130:130 [0] NCCL INFO Comm config Blocking set to 1
vcjob-2107910235463512066-abc12335-68921-worker-0:130:6651 [0] NCCL INFO Using network Socket
vcjob-2107910235463512066-abc12335-68921-worker-0:130:6651 [0] NCCL INFO rocm_smi_lib: version 7.6.0.0
vcjob-2107910235463512066-abc12335-68921-worker-0:130:6651 [0] NCCL INFO ncclCommInitRank comm 0x561dfc683fa0 rank 0 nranks 2 cudaDev 0 nvmlDev 0 busId 9000 commId 0x5c890bf250e86d5 - Init START
vcjob-2107910235463512066-abc12335-68921-worker-0:130:6651 [0] NCCL INFO rank:0 get match hsa dev domain:0x0 bdf:0x900 rank busId:0x36864
vcjob-2107910235463512066-abc12335-68921-worker-0:130:6651 [0] NCCL INFO XDP Switch is off with xdp_size : 0

vcjob-2107910235463512066-abc12335-68921-worker-0:130:6651 [0] /data/jenkins_workspace/workspace/rccl_release/build/hipify/src/graph/xml.cc:1211 NCCL WARN No IB NIC found, the generation of the basic topology has been terminated.
vcjob-2107910235463512066-abc12335-68921-worker-0:130:6651 [0] NCCL INFO rocm_smi_lib: version 7.6.0.0
vcjob-2107910235463512066-abc12335-68921-worker-0:130:6651 [0] NCCL INFO Setting affinity for GPU 0 to ffff
vcjob-2107910235463512066-abc12335-68921-worker-0:130:6651 [0] NCCL INFO Rank:0 Get link topo from rocmDev:0 linkNum:8 link:0 linkState:1 remote type:1 bdf:0x9b00 topoType:2
vcjob-2107910235463512066-abc12335-68921-worker-0:130:6651 [0] NCCL INFO Transport init rank 0 useXdp 0 linkTopoType 2
vcjob-2107910235463512066-abc12335-68921-worker-0:130:6651 [0] NCCL INFO comm 0x561dfc683fa0 rank 0 nRanks 2 nNodes 2 localRanks 1 localRank 0 MNNVL 0
vcjob-2107910235463512066-abc12335-68921-worker-0:130:6651 [0] NCCL INFO Channel 00/32 :    0   1
vcjob-2107910235463512066-abc12335-68921-worker-0:130:6651 [0] NCCL INFO Channel 01/32 :    0   1
vcjob-2107910235463512066-abc12335-68921-worker-0:130:6651 [0] NCCL INFO Channel 02/32 :    0   1
vcjob-2107910235463512066-abc12335-68921-worker-0:130:6651 [0] NCCL INFO Channel 03/32 :    0   1
vcjob-2107910235463512066-abc12335-68921-worker-0:130:6651 [0] NCCL INFO Channel 04/32 :    0   1
vcjob-2107910235463512066-abc12335-68921-worker-0:130:6651 [0] NCCL INFO Channel 05/32 :    0   1
vcjob-2107910235463512066-abc12335-68921-worker-0:130:6651 [0] NCCL INFO Channel 06/32 :    0   1
vcjob-2107910235463512066-abc12335-68921-worker-0:130:6651 [0] NCCL INFO Channel 07/32 :    0   1
vcjob-2107910235463512066-abc12335-68921-worker-0:130:6651 [0] NCCL INFO Channel 08/32 :    0   1
vcjob-2107910235463512066-abc12335-68921-worker-0:130:6651 [0] NCCL INFO Channel 09/32 :    0   1
vcjob-2107910235463512066-abc12335-68921-worker-0:130:6651 [0] NCCL INFO Channel 10/32 :    0   1
vcjob-2107910235463512066-abc12335-68921-worker-0:130:6651 [0] NCCL INFO Channel 11/32 :    0   1
vcjob-2107910235463512066-abc12335-68921-worker-0:130:6651 [0] NCCL INFO Channel 12/32 :    0   1
vcjob-2107910235463512066-abc12335-68921-worker-0:130:6651 [0] NCCL INFO Channel 13/32 :    0   1
vcjob-2107910235463512066-abc12335-68921-worker-0:130:6651 [0] NCCL INFO Channel 14/32 :    0   1
vcjob-2107910235463512066-abc12335-68921-worker-0:130:6651 [0] NCCL INFO Channel 15/32 :    0   1
vcjob-2107910235463512066-abc12335-68921-worker-0:130:6651 [0] NCCL INFO Channel 16/32 :    0   1
vcjob-2107910235463512066-abc12335-68921-worker-0:130:6651 [0] NCCL INFO Channel 17/32 :    0   1
vcjob-2107910235463512066-abc12335-68921-worker-0:130:6651 [0] NCCL INFO Channel 18/32 :    0   1
vcjob-2107910235463512066-abc12335-68921-worker-0:130:6651 [0] NCCL INFO Channel 19/32 :    0   1
vcjob-2107910235463512066-abc12335-68921-worker-0:130:6651 [0] NCCL INFO Channel 20/32 :    0   1
vcjob-2107910235463512066-abc12335-68921-worker-0:130:6651 [0] NCCL INFO Channel 21/32 :    0   1
vcjob-2107910235463512066-abc12335-68921-worker-0:130:6651 [0] NCCL INFO Channel 22/32 :    0   1
vcjob-2107910235463512066-abc12335-68921-worker-0:130:6651 [0] NCCL INFO Channel 23/32 :    0   1
vcjob-2107910235463512066-abc12335-68921-worker-0:130:6651 [0] NCCL INFO Channel 24/32 :    0   1
vcjob-2107910235463512066-abc12335-68921-worker-0:130:6651 [0] NCCL INFO Channel 25/32 :    0   1
vcjob-2107910235463512066-abc12335-68921-worker-0:130:6651 [0] NCCL INFO Channel 26/32 :    0   1
vcjob-2107910235463512066-abc12335-68921-worker-0:130:6651 [0] NCCL INFO Channel 27/32 :    0   1
vcjob-2107910235463512066-abc12335-68921-worker-0:130:6651 [0] NCCL INFO Channel 28/32 :    0   1
vcjob-2107910235463512066-abc12335-68921-worker-0:130:6651 [0] NCCL INFO Channel 29/32 :    0   1
vcjob-2107910235463512066-abc12335-68921-worker-0:130:6651 [0] NCCL INFO Channel 30/32 :    0   1
vcjob-2107910235463512066-abc12335-68921-worker-0:130:6651 [0] NCCL INFO Channel 31/32 :    0   1
vcjob-2107910235463512066-abc12335-68921-worker-0:130:6651 [0] NCCL INFO Trees [0] 1/-1/-1->0->-1 [1] -1/-1/-1->0->1 [2] 1/-1/-1->0->-1 [3] -1/-1/-1->0->1 [4] 1/-1/-1->0->-1 [5] -1/-1/-1->0->1 [6] 1/-1/-1->0->-1 [7] -1/-1/-1->0->1 [8] 1/-1/-1->0->-1 [9] -1/-1/-1->0->1 [10] 1/-1/-1->0->-1 [11] -1/-1/-1->0->1 [12] 1/-1/-1->0->-1 [13] -1/-1/-1->0->1 [14] 1/-1/-1->0->-1 [15] -1/-1/-1->0->1 [16] 1/-1/-1->0->-1 [17] -1/-1/-1->0->1 [18] 1/-1/-1->0->-1 [19] -1/-1/-1->0->1 [20] 1/-1/-1->0->-1 [21] -1/-1/-1->0->1 [22] 1/-1/-1->0->-1 [23] -1/-1/-1->0->1 [24] 1/-1/-1->0->-1 [25] -1/-1/-1->0->1 [26] 1/-1/-1->0->-1 [27] -1/-1/-1->0->1 [28] 1/-1/-1->0->-1 [29] -1/-1/-1->0->1 [30] 1/-1/-1->0->-1 [31] -1/-1/-1->0->1 comm 0x561dfc683fa0 nRanks 02 busId 9000
vcjob-2107910235463512066-abc12335-68921-worker-0:130:6651 [0] NCCL INFO P2P Chunksize set to 131072
vcjob-2107910235463512066-abc12335-68921-worker-0:130:6651 [0] NCCL INFO comm->autoPerPeerOn: 1, comm->p2pnChannels: 32, comm->p2pnChannelsPerPeer: 32
vcjob-2107910235463512066-abc12335-68921-worker-0:130:6651 [0] NCCL INFO Channel 00/0 : 1[b5000] -> 0[9000] [receive] via NET/Socket/0 comm 0x561dfc683fa0 nRanks 02
vcjob-2107910235463512066-abc12335-68921-worker-0:130:6651 [0] NCCL INFO Channel 01/0 : 1[b5000] -> 0[9000] [receive] via NET/Socket/0 comm 0x561dfc683fa0 nRanks 02
vcjob-2107910235463512066-abc12335-68921-worker-0:130:6651 [0] NCCL INFO Channel 02/0 : 1[b5000] -> 0[9000] [receive] via NET/Socket/0 comm 0x561dfc683fa0 nRanks 02
vcjob-2107910235463512066-abc12335-68921-worker-0:130:6651 [0] NCCL INFO Channel 03/0 : 1[b5000] -> 0[9000] [receive] via NET/Socket/0 comm 0x561dfc683fa0 nRanks 02
vcjob-2107910235463512066-abc12335-68921-worker-0:130:6651 [0] NCCL INFO Channel 04/0 : 1[b5000] -> 0[9000] [receive] via NET/Socket/0 comm 0x561dfc683fa0 nRanks 02
vcjob-2107910235463512066-abc12335-68921-worker-0:130:6651 [0] NCCL INFO Channel 05/0 : 1[b5000] -> 0[9000] [receive] via NET/Socket/0 comm 0x561dfc683fa0 nRanks 02
vcjob-2107910235463512066-abc12335-68921-worker-0:130:6651 [0] NCCL INFO Channel 06/0 : 1[b5000] -> 0[9000] [receive] via NET/Socket/0 comm 0x561dfc683fa0 nRanks 02
vcjob-2107910235463512066-abc12335-68921-worker-0:130:6651 [0] NCCL INFO Channel 07/0 : 1[b5000] -> 0[9000] [receive] via NET/Socket/0 comm 0x561dfc683fa0 nRanks 02
vcjob-2107910235463512066-abc12335-68921-worker-0:130:6651 [0] NCCL INFO Channel 08/0 : 1[b5000] -> 0[9000] [receive] via NET/Socket/0 comm 0x561dfc683fa0 nRanks 02
vcjob-2107910235463512066-abc12335-68921-worker-0:130:6651 [0] NCCL INFO Channel 09/0 : 1[b5000] -> 0[9000] [receive] via NET/Socket/0 comm 0x561dfc683fa0 nRanks 02
vcjob-2107910235463512066-abc12335-68921-worker-0:130:6651 [0] NCCL INFO Channel 10/0 : 1[b5000] -> 0[9000] [receive] via NET/Socket/0 comm 0x561dfc683fa0 nRanks 02
vcjob-2107910235463512066-abc12335-68921-worker-0:130:6651 [0] NCCL INFO Channel 11/0 : 1[b5000] -> 0[9000] [receive] via NET/Socket/0 comm 0x561dfc683fa0 nRanks 02
vcjob-2107910235463512066-abc12335-68921-worker-0:130:6651 [0] NCCL INFO Channel 12/0 : 1[b5000] -> 0[9000] [receive] via NET/Socket/0 comm 0x561dfc683fa0 nRanks 02
vcjob-2107910235463512066-abc12335-68921-worker-0:130:6651 [0] NCCL INFO Channel 13/0 : 1[b5000] -> 0[9000] [receive] via NET/Socket/0 comm 0x561dfc683fa0 nRanks 02
vcjob-2107910235463512066-abc12335-68921-worker-0:130:6651 [0] NCCL INFO Channel 14/0 : 1[b5000] -> 0[9000] [receive] via NET/Socket/0 comm 0x561dfc683fa0 nRanks 02
vcjob-2107910235463512066-abc12335-68921-worker-0:130:6651 [0] NCCL INFO Channel 15/0 : 1[b5000] -> 0[9000] [receive] via NET/Socket/0 comm 0x561dfc683fa0 nRanks 02
vcjob-2107910235463512066-abc12335-68921-worker-0:130:6651 [0] NCCL INFO Channel 16/0 : 1[b5000] -> 0[9000] [receive] via NET/Socket/0 comm 0x561dfc683fa0 nRanks 02
vcjob-2107910235463512066-abc12335-68921-worker-0:130:6651 [0] NCCL INFO Channel 17/0 : 1[b5000] -> 0[9000] [receive] via NET/Socket/0 comm 0x561dfc683fa0 nRanks 02
vcjob-2107910235463512066-abc12335-68921-worker-0:130:6651 [0] NCCL INFO Channel 18/0 : 1[b5000] -> 0[9000] [receive] via NET/Socket/0 comm 0x561dfc683fa0 nRanks 02
vcjob-2107910235463512066-abc12335-68921-worker-0:130:6651 [0] NCCL INFO Channel 19/0 : 1[b5000] -> 0[9000] [receive] via NET/Socket/0 comm 0x561dfc683fa0 nRanks 02
vcjob-2107910235463512066-abc12335-68921-worker-0:130:6651 [0] NCCL INFO Channel 20/0 : 1[b5000] -> 0[9000] [receive] via NET/Socket/0 comm 0x561dfc683fa0 nRanks 02
vcjob-2107910235463512066-abc12335-68921-worker-0:130:6651 [0] NCCL INFO Channel 21/0 : 1[b5000] -> 0[9000] [receive] via NET/Socket/0 comm 0x561dfc683fa0 nRanks 02
vcjob-2107910235463512066-abc12335-68921-worker-0:130:6651 [0] NCCL INFO Channel 22/0 : 1[b5000] -> 0[9000] [receive] via NET/Socket/0 comm 0x561dfc683fa0 nRanks 02
vcjob-2107910235463512066-abc12335-68921-worker-0:130:6651 [0] NCCL INFO Channel 23/0 : 1[b5000] -> 0[9000] [receive] via NET/Socket/0 comm 0x561dfc683fa0 nRanks 02
vcjob-2107910235463512066-abc12335-68921-worker-0:130:6651 [0] NCCL INFO Channel 24/0 : 1[b5000] -> 0[9000] [receive] via NET/Socket/0 comm 0x561dfc683fa0 nRanks 02
vcjob-2107910235463512066-abc12335-68921-worker-0:130:6651 [0] NCCL INFO Channel 25/0 : 1[b5000] -> 0[9000] [receive] via NET/Socket/0 comm 0x561dfc683fa0 nRanks 02
vcjob-2107910235463512066-abc12335-68921-worker-0:130:6651 [0] NCCL INFO Channel 26/0 : 1[b5000] -> 0[9000] [receive] via NET/Socket/0 comm 0x561dfc683fa0 nRanks 02
vcjob-2107910235463512066-abc12335-68921-worker-0:130:6651 [0] NCCL INFO Channel 27/0 : 1[b5000] -> 0[9000] [receive] via NET/Socket/0 comm 0x561dfc683fa0 nRanks 02
vcjob-2107910235463512066-abc12335-68921-worker-0:130:6651 [0] NCCL INFO Channel 28/0 : 1[b5000] -> 0[9000] [receive] via NET/Socket/0 comm 0x561dfc683fa0 nRanks 02
vcjob-2107910235463512066-abc12335-68921-worker-0:130:6651 [0] NCCL INFO Channel 29/0 : 1[b5000] -> 0[9000] [receive] via NET/Socket/0 comm 0x561dfc683fa0 nRanks 02
vcjob-2107910235463512066-abc12335-68921-worker-0:130:6651 [0] NCCL INFO Channel 30/0 : 1[b5000] -> 0[9000] [receive] via NET/Socket/0 comm 0x561dfc683fa0 nRanks 02
vcjob-2107910235463512066-abc12335-68921-worker-0:130:6651 [0] NCCL INFO Channel 31/0 : 1[b5000] -> 0[9000] [receive] via NET/Socket/0 comm 0x561dfc683fa0 nRanks 02
vcjob-2107910235463512066-abc12335-68921-worker-0:130:6651 [0] NCCL INFO Channel 00/0 : 0[9000] -> 1[b5000] [send] via NET/Socket/0 comm 0x561dfc683fa0 nRanks 02
vcjob-2107910235463512066-abc12335-68921-worker-0:130:6651 [0] NCCL INFO Channel 01/0 : 0[9000] -> 1[b5000] [send] via NET/Socket/0 comm 0x561dfc683fa0 nRanks 02
vcjob-2107910235463512066-abc12335-68921-worker-0:130:6651 [0] NCCL INFO Channel 02/0 : 0[9000] -> 1[b5000] [send] via NET/Socket/0 comm 0x561dfc683fa0 nRanks 02
vcjob-2107910235463512066-abc12335-68921-worker-0:130:6651 [0] NCCL INFO Channel 03/0 : 0[9000] -> 1[b5000] [send] via NET/Socket/0 comm 0x561dfc683fa0 nRanks 02
vcjob-2107910235463512066-abc12335-68921-worker-0:130:6651 [0] NCCL INFO Channel 04/0 : 0[9000] -> 1[b5000] [send] via NET/Socket/0 comm 0x561dfc683fa0 nRanks 02
vcjob-2107910235463512066-abc12335-68921-worker-0:130:6651 [0] NCCL INFO Channel 05/0 : 0[9000] -> 1[b5000] [send] via NET/Socket/0 comm 0x561dfc683fa0 nRanks 02
vcjob-2107910235463512066-abc12335-68921-worker-0:130:6651 [0] NCCL INFO Channel 06/0 : 0[9000] -> 1[b5000] [send] via NET/Socket/0 comm 0x561dfc683fa0 nRanks 02
vcjob-2107910235463512066-abc12335-68921-worker-0:130:6651 [0] NCCL INFO Channel 07/0 : 0[9000] -> 1[b5000] [send] via NET/Socket/0 comm 0x561dfc683fa0 nRanks 02
vcjob-2107910235463512066-abc12335-68921-worker-0:130:6651 [0] NCCL INFO Channel 08/0 : 0[9000] -> 1[b5000] [send] via NET/Socket/0 comm 0x561dfc683fa0 nRanks 02
vcjob-2107910235463512066-abc12335-68921-worker-0:130:6651 [0] NCCL INFO Channel 09/0 : 0[9000] -> 1[b5000] [send] via NET/Socket/0 comm 0x561dfc683fa0 nRanks 02
vcjob-2107910235463512066-abc12335-68921-worker-0:130:6651 [0] NCCL INFO Channel 10/0 : 0[9000] -> 1[b5000] [send] via NET/Socket/0 comm 0x561dfc683fa0 nRanks 02
vcjob-2107910235463512066-abc12335-68921-worker-0:130:6651 [0] NCCL INFO Channel 11/0 : 0[9000] -> 1[b5000] [send] via NET/Socket/0 comm 0x561dfc683fa0 nRanks 02
vcjob-2107910235463512066-abc12335-68921-worker-0:130:6651 [0] NCCL INFO Channel 12/0 : 0[9000] -> 1[b5000] [send] via NET/Socket/0 comm 0x561dfc683fa0 nRanks 02
vcjob-2107910235463512066-abc12335-68921-worker-0:130:6651 [0] NCCL INFO Channel 13/0 : 0[9000] -> 1[b5000] [send] via NET/Socket/0 comm 0x561dfc683fa0 nRanks 02
vcjob-2107910235463512066-abc12335-68921-worker-0:130:6651 [0] NCCL INFO Channel 14/0 : 0[9000] -> 1[b5000] [send] via NET/Socket/0 comm 0x561dfc683fa0 nRanks 02
vcjob-2107910235463512066-abc12335-68921-worker-0:130:6651 [0] NCCL INFO Channel 15/0 : 0[9000] -> 1[b5000] [send] via NET/Socket/0 comm 0x561dfc683fa0 nRanks 02
vcjob-2107910235463512066-abc12335-68921-worker-0:130:6651 [0] NCCL INFO Channel 16/0 : 0[9000] -> 1[b5000] [send] via NET/Socket/0 comm 0x561dfc683fa0 nRanks 02
vcjob-2107910235463512066-abc12335-68921-worker-0:130:6651 [0] NCCL INFO Channel 17/0 : 0[9000] -> 1[b5000] [send] via NET/Socket/0 comm 0x561dfc683fa0 nRanks 02
vcjob-2107910235463512066-abc12335-68921-worker-0:130:6651 [0] NCCL INFO Channel 18/0 : 0[9000] -> 1[b5000] [send] via NET/Socket/0 comm 0x561dfc683fa0 nRanks 02
vcjob-2107910235463512066-abc12335-68921-worker-0:130:6651 [0] NCCL INFO Channel 19/0 : 0[9000] -> 1[b5000] [send] via NET/Socket/0 comm 0x561dfc683fa0 nRanks 02
vcjob-2107910235463512066-abc12335-68921-worker-0:130:6651 [0] NCCL INFO Channel 20/0 : 0[9000] -> 1[b5000] [send] via NET/Socket/0 comm 0x561dfc683fa0 nRanks 02
vcjob-2107910235463512066-abc12335-68921-worker-0:130:6651 [0] NCCL INFO Channel 21/0 : 0[9000] -> 1[b5000] [send] via NET/Socket/0 comm 0x561dfc683fa0 nRanks 02
vcjob-2107910235463512066-abc12335-68921-worker-0:130:6651 [0] NCCL INFO Channel 22/0 : 0[9000] -> 1[b5000] [send] via NET/Socket/0 comm 0x561dfc683fa0 nRanks 02
vcjob-2107910235463512066-abc12335-68921-worker-0:130:6651 [0] NCCL INFO Channel 23/0 : 0[9000] -> 1[b5000] [send] via NET/Socket/0 comm 0x561dfc683fa0 nRanks 02
vcjob-2107910235463512066-abc12335-68921-worker-0:130:6651 [0] NCCL INFO Channel 24/0 : 0[9000] -> 1[b5000] [send] via NET/Socket/0 comm 0x561dfc683fa0 nRanks 02
vcjob-2107910235463512066-abc12335-68921-worker-0:130:6651 [0] NCCL INFO Channel 25/0 : 0[9000] -> 1[b5000] [send] via NET/Socket/0 comm 0x561dfc683fa0 nRanks 02
vcjob-2107910235463512066-abc12335-68921-worker-0:130:6651 [0] NCCL INFO Channel 26/0 : 0[9000] -> 1[b5000] [send] via NET/Socket/0 comm 0x561dfc683fa0 nRanks 02
vcjob-2107910235463512066-abc12335-68921-worker-0:130:6651 [0] NCCL INFO Channel 27/0 : 0[9000] -> 1[b5000] [send] via NET/Socket/0 comm 0x561dfc683fa0 nRanks 02
vcjob-2107910235463512066-abc12335-68921-worker-0:130:6651 [0] NCCL INFO Channel 28/0 : 0[9000] -> 1[b5000] [send] via NET/Socket/0 comm 0x561dfc683fa0 nRanks 02
vcjob-2107910235463512066-abc12335-68921-worker-0:130:6651 [0] NCCL INFO Channel 29/0 : 0[9000] -> 1[b5000] [send] via NET/Socket/0 comm 0x561dfc683fa0 nRanks 02
vcjob-2107910235463512066-abc12335-68921-worker-0:130:6651 [0] NCCL INFO Channel 30/0 : 0[9000] -> 1[b5000] [send] via NET/Socket/0 comm 0x561dfc683fa0 nRanks 02
vcjob-2107910235463512066-abc12335-68921-worker-0:130:6651 [0] NCCL INFO Channel 31/0 : 0[9000] -> 1[b5000] [send] via NET/Socket/0 comm 0x561dfc683fa0 nRanks 02
vcjob-2107910235463512066-abc12335-68921-worker-0:130:6651 [0] NCCL INFO Connected all rings
vcjob-2107910235463512066-abc12335-68921-worker-0:130:6651 [0] NCCL INFO Connected all trees
vcjob-2107910235463512066-abc12335-68921-worker-0:130:6651 [0] NCCL INFO threadThresholds 8/8/64 | 16/8/64 | 256 | 256
vcjob-2107910235463512066-abc12335-68921-worker-0:130:6651 [0] NCCL INFO 32 coll channels, 32 collnet channels, 0 nvls channels, 32 p2p channels, 32 p2p channels per peer
vcjob-2107910235463512066-abc12335-68921-worker-0:130:6651 [0] NCCL INFO CC Off, Multi-GPU CC Off, workFifoBytes 4194304
vcjob-2107910235463512066-abc12335-68921-worker-0:130:6651 [0] NCCL INFO ncclCommInitRank comm 0x561dfc683fa0 rank 0 nranks 2 cudaDev 0 nvmlDev 0 busId 9000 commId 0x5c890bf250e86d5 localSize 480 used 1853266720 bytes on core 8 - Init COMPLETE
vcjob-2107910235463512066-abc12335-68921-worker-0:130:6651 [0] NCCL INFO Init timings: rank 0 nranks 2 total 0.28 (kernels 0.00, bootstrap 0.00, allgathers 0.00, topo 0.10, graphs 0.00, connections 0.18, rest 0.00)
I1008 03:06:07.474473   130 ProcessGroupNCCL.cpp:2890] [PG ID 0 PG GUID 0(default_pg) Rank 0] NCCL_DEBUG: INFO
vcjob-2107910235463512066-abc12335-68921-worker-0:130:6655 [0] NCCL INFO Channel 01/1 : 1[b5000] -> 0[9000] [receive] via NET/Socket/0/Shared comm 0x561dfc683fa0 nRanks 02
vcjob-2107910235463512066-abc12335-68921-worker-0:130:6655 [0] NCCL INFO Channel 03/1 : 1[b5000] -> 0[9000] [receive] via NET/Socket/0/Shared comm 0x561dfc683fa0 nRanks 02
vcjob-2107910235463512066-abc12335-68921-worker-0:130:6655 [0] NCCL INFO Channel 05/1 : 1[b5000] -> 0[9000] [receive] via NET/Socket/0/Shared comm 0x561dfc683fa0 nRanks 02
vcjob-2107910235463512066-abc12335-68921-worker-0:130:6655 [0] NCCL INFO Channel 07/1 : 1[b5000] -> 0[9000] [receive] via NET/Socket/0/Shared comm 0x561dfc683fa0 nRanks 02
vcjob-2107910235463512066-abc12335-68921-worker-0:130:6655 [0] NCCL INFO Channel 09/1 : 1[b5000] -> 0[9000] [receive] via NET/Socket/0/Shared comm 0x561dfc683fa0 nRanks 02
vcjob-2107910235463512066-abc12335-68921-worker-0:130:6655 [0] NCCL INFO Channel 11/1 : 1[b5000] -> 0[9000] [receive] via NET/Socket/0/Shared comm 0x561dfc683fa0 nRanks 02
vcjob-2107910235463512066-abc12335-68921-worker-0:130:6655 [0] NCCL INFO Channel 13/1 : 1[b5000] -> 0[9000] [receive] via NET/Socket/0/Shared comm 0x561dfc683fa0 nRanks 02
vcjob-2107910235463512066-abc12335-68921-worker-0:130:6655 [0] NCCL INFO Channel 15/1 : 1[b5000] -> 0[9000] [receive] via NET/Socket/0/Shared comm 0x561dfc683fa0 nRanks 02
vcjob-2107910235463512066-abc12335-68921-worker-0:130:6655 [0] NCCL INFO Channel 17/1 : 1[b5000] -> 0[9000] [receive] via NET/Socket/0/Shared comm 0x561dfc683fa0 nRanks 02
vcjob-2107910235463512066-abc12335-68921-worker-0:130:6655 [0] NCCL INFO Channel 19/1 : 1[b5000] -> 0[9000] [receive] via NET/Socket/0/Shared comm 0x561dfc683fa0 nRanks 02
vcjob-2107910235463512066-abc12335-68921-worker-0:130:6655 [0] NCCL INFO Channel 21/1 : 1[b5000] -> 0[9000] [receive] via NET/Socket/0/Shared comm 0x561dfc683fa0 nRanks 02
vcjob-2107910235463512066-abc12335-68921-worker-0:130:6655 [0] NCCL INFO Channel 23/1 : 1[b5000] -> 0[9000] [receive] via NET/Socket/0/Shared comm 0x561dfc683fa0 nRanks 02
vcjob-2107910235463512066-abc12335-68921-worker-0:130:6655 [0] NCCL INFO Channel 25/1 : 1[b5000] -> 0[9000] [receive] via NET/Socket/0/Shared comm 0x561dfc683fa0 nRanks 02
vcjob-2107910235463512066-abc12335-68921-worker-0:130:6655 [0] NCCL INFO Channel 27/1 : 1[b5000] -> 0[9000] [receive] via NET/Socket/0/Shared comm 0x561dfc683fa0 nRanks 02
vcjob-2107910235463512066-abc12335-68921-worker-0:130:6655 [0] NCCL INFO Channel 29/1 : 1[b5000] -> 0[9000] [receive] via NET/Socket/0/Shared comm 0x561dfc683fa0 nRanks 02
vcjob-2107910235463512066-abc12335-68921-worker-0:130:6655 [0] NCCL INFO Channel 31/1 : 1[b5000] -> 0[9000] [receive] via NET/Socket/0/Shared comm 0x561dfc683fa0 nRanks 02

vcjob-2107910235463512066-abc12335-68921-worker-0:130:130 [0] /data/jenkins_workspace/workspace/rccl_release/build/hipify/src/init.cc:170 NCCL WARN NUMA auto balancing enabled which can lead to variability in the RCCL performance! Disable by "sudo sysctl kernel.numa_balancing=0"
vcjob-2107910235463512066-abc12335-68921-worker-0:130:130 [0] NCCL INFO Kernel version: 5.15.0-25-generic

vcjob-2107910235463512066-abc12335-68921-worker-0:130:130 [0] /data/jenkins_workspace/workspace/rccl_release/build/hipify/src/init.cc:191 NCCL WARN Missing "iommu=pt" from kernel command line which can lead to system instablity or hang!
I1008 03:06:07.516037   130 ProcessGroupNCCL.cpp:2857] [PG ID 0 PG GUID 0(default_pg) Rank 0] ProcessGroupNCCL broadcast unique ID through store took 0.03562 ms
I1008 03:06:07.516054   130 NCCLUtils.cpp:75] Rank 0: creating NCCL communicator with mode: blocking

vcjob-2107910235463512066-abc12335-68921-worker-0:130:130 [0] /data/jenkins_workspace/workspace/rccl_release/build/hipify/src/init.cc:170 NCCL WARN NUMA auto balancing enabled which can lead to variability in the RCCL performance! Disable by "sudo sysctl kernel.numa_balancing=0"
vcjob-2107910235463512066-abc12335-68921-worker-0:130:130 [0] NCCL INFO Kernel version: 5.15.0-25-generic

vcjob-2107910235463512066-abc12335-68921-worker-0:130:130 [0] /data/jenkins_workspace/workspace/rccl_release/build/hipify/src/init.cc:191 NCCL WARN Missing "iommu=pt" from kernel command line which can lead to system instablity or hang!
vcjob-2107910235463512066-abc12335-68921-worker-0:130:130 [0] NCCL INFO Comm config Blocking set to 1
vcjob-2107910235463512066-abc12335-68921-worker-0:130:6657 [0] NCCL INFO Using network Socket
vcjob-2107910235463512066-abc12335-68921-worker-0:130:6657 [0] NCCL INFO rocm_smi_lib: version 7.6.0.0
vcjob-2107910235463512066-abc12335-68921-worker-0:130:6657 [0] NCCL INFO ncclCommInitRank comm 0x561dfc751dd0 rank 0 nranks 2 cudaDev 0 nvmlDev 0 busId 9000 commId 0xfc949bb641d1fd05 - Init START
vcjob-2107910235463512066-abc12335-68921-worker-0:130:6657 [0] NCCL INFO rank:0 get match hsa dev domain:0x0 bdf:0x900 rank busId:0x36864
vcjob-2107910235463512066-abc12335-68921-worker-0:130:6657 [0] NCCL INFO XDP Switch is off with xdp_size : 0

vcjob-2107910235463512066-abc12335-68921-worker-0:130:6657 [0] /data/jenkins_workspace/workspace/rccl_release/build/hipify/src/graph/xml.cc:1211 NCCL WARN No IB NIC found, the generation of the basic topology has been terminated.
vcjob-2107910235463512066-abc12335-68921-worker-0:130:6657 [0] NCCL INFO rocm_smi_lib: version 7.6.0.0
vcjob-2107910235463512066-abc12335-68921-worker-0:130:6657 [0] NCCL INFO Setting affinity for GPU 0 to ffff
vcjob-2107910235463512066-abc12335-68921-worker-0:130:6657 [0] NCCL INFO Rank:0 Get link topo from rocmDev:0 linkNum:8 link:0 linkState:1 remote type:1 bdf:0x9b00 topoType:2
vcjob-2107910235463512066-abc12335-68921-worker-0:130:6657 [0] NCCL INFO Transport init rank 0 useXdp 0 linkTopoType 2
vcjob-2107910235463512066-abc12335-68921-worker-0:130:6657 [0] NCCL INFO comm 0x561dfc751dd0 rank 0 nRanks 2 nNodes 2 localRanks 1 localRank 0 MNNVL 0
vcjob-2107910235463512066-abc12335-68921-worker-0:130:6657 [0] NCCL INFO Channel 00/32 :    0   1
vcjob-2107910235463512066-abc12335-68921-worker-0:130:6657 [0] NCCL INFO Channel 01/32 :    0   1
vcjob-2107910235463512066-abc12335-68921-worker-0:130:6657 [0] NCCL INFO Channel 02/32 :    0   1
vcjob-2107910235463512066-abc12335-68921-worker-0:130:6657 [0] NCCL INFO Channel 03/32 :    0   1
vcjob-2107910235463512066-abc12335-68921-worker-0:130:6657 [0] NCCL INFO Channel 04/32 :    0   1
vcjob-2107910235463512066-abc12335-68921-worker-0:130:6657 [0] NCCL INFO Channel 05/32 :    0   1
vcjob-2107910235463512066-abc12335-68921-worker-0:130:6657 [0] NCCL INFO Channel 06/32 :    0   1
vcjob-2107910235463512066-abc12335-68921-worker-0:130:6657 [0] NCCL INFO Channel 07/32 :    0   1
vcjob-2107910235463512066-abc12335-68921-worker-0:130:6657 [0] NCCL INFO Channel 08/32 :    0   1
vcjob-2107910235463512066-abc12335-68921-worker-0:130:6657 [0] NCCL INFO Channel 09/32 :    0   1
vcjob-2107910235463512066-abc12335-68921-worker-0:130:6657 [0] NCCL INFO Channel 10/32 :    0   1
vcjob-2107910235463512066-abc12335-68921-worker-0:130:6657 [0] NCCL INFO Channel 11/32 :    0   1
vcjob-2107910235463512066-abc12335-68921-worker-0:130:6657 [0] NCCL INFO Channel 12/32 :    0   1
vcjob-2107910235463512066-abc12335-68921-worker-0:130:6657 [0] NCCL INFO Channel 13/32 :    0   1
vcjob-2107910235463512066-abc12335-68921-worker-0:130:6657 [0] NCCL INFO Channel 14/32 :    0   1
vcjob-2107910235463512066-abc12335-68921-worker-0:130:6657 [0] NCCL INFO Channel 15/32 :    0   1
vcjob-2107910235463512066-abc12335-68921-worker-0:130:6657 [0] NCCL INFO Channel 16/32 :    0   1
vcjob-2107910235463512066-abc12335-68921-worker-0:130:6657 [0] NCCL INFO Channel 17/32 :    0   1
vcjob-2107910235463512066-abc12335-68921-worker-0:130:6657 [0] NCCL INFO Channel 18/32 :    0   1
vcjob-2107910235463512066-abc12335-68921-worker-0:130:6657 [0] NCCL INFO Channel 19/32 :    0   1
vcjob-2107910235463512066-abc12335-68921-worker-0:130:6657 [0] NCCL INFO Channel 20/32 :    0   1
vcjob-2107910235463512066-abc12335-68921-worker-0:130:6657 [0] NCCL INFO Channel 21/32 :    0   1
vcjob-2107910235463512066-abc12335-68921-worker-0:130:6657 [0] NCCL INFO Channel 22/32 :    0   1
vcjob-2107910235463512066-abc12335-68921-worker-0:130:6657 [0] NCCL INFO Channel 23/32 :    0   1
vcjob-2107910235463512066-abc12335-68921-worker-0:130:6657 [0] NCCL INFO Channel 24/32 :    0   1
vcjob-2107910235463512066-abc12335-68921-worker-0:130:6657 [0] NCCL INFO Channel 25/32 :    0   1
vcjob-2107910235463512066-abc12335-68921-worker-0:130:6657 [0] NCCL INFO Channel 26/32 :    0   1
vcjob-2107910235463512066-abc12335-68921-worker-0:130:6657 [0] NCCL INFO Channel 27/32 :    0   1
vcjob-2107910235463512066-abc12335-68921-worker-0:130:6657 [0] NCCL INFO Channel 28/32 :    0   1
vcjob-2107910235463512066-abc12335-68921-worker-0:130:6657 [0] NCCL INFO Channel 29/32 :    0   1
vcjob-2107910235463512066-abc12335-68921-worker-0:130:6657 [0] NCCL INFO Channel 30/32 :    0   1
vcjob-2107910235463512066-abc12335-68921-worker-0:130:6657 [0] NCCL INFO Channel 31/32 :    0   1
vcjob-2107910235463512066-abc12335-68921-worker-0:130:6657 [0] NCCL INFO Trees [0] 1/-1/-1->0->-1 [1] -1/-1/-1->0->1 [2] 1/-1/-1->0->-1 [3] -1/-1/-1->0->1 [4] 1/-1/-1->0->-1 [5] -1/-1/-1->0->1 [6] 1/-1/-1->0->-1 [7] -1/-1/-1->0->1 [8] 1/-1/-1->0->-1 [9] -1/-1/-1->0->1 [10] 1/-1/-1->0->-1 [11] -1/-1/-1->0->1 [12] 1/-1/-1->0->-1 [13] -1/-1/-1->0->1 [14] 1/-1/-1->0->-1 [15] -1/-1/-1->0->1 [16] 1/-1/-1->0->-1 [17] -1/-1/-1->0->1 [18] 1/-1/-1->0->-1 [19] -1/-1/-1->0->1 [20] 1/-1/-1->0->-1 [21] -1/-1/-1->0->1 [22] 1/-1/-1->0->-1 [23] -1/-1/-1->0->1 [24] 1/-1/-1->0->-1 [25] -1/-1/-1->0->1 [26] 1/-1/-1->0->-1 [27] -1/-1/-1->0->1 [28] 1/-1/-1->0->-1 [29] -1/-1/-1->0->1 [30] 1/-1/-1->0->-1 [31] -1/-1/-1->0->1 comm 0x561dfc751dd0 nRanks 02 busId 9000
vcjob-2107910235463512066-abc12335-68921-worker-0:130:6657 [0] NCCL INFO P2P Chunksize set to 131072
vcjob-2107910235463512066-abc12335-68921-worker-0:130:6657 [0] NCCL INFO comm->autoPerPeerOn: 1, comm->p2pnChannels: 32, comm->p2pnChannelsPerPeer: 32
vcjob-2107910235463512066-abc12335-68921-worker-0:130:6657 [0] NCCL INFO Channel 00/0 : 1[d5000] -> 0[9000] [receive] via NET/Socket/0 comm 0x561dfc751dd0 nRanks 02
vcjob-2107910235463512066-abc12335-68921-worker-0:130:6657 [0] NCCL INFO Channel 01/0 : 1[d5000] -> 0[9000] [receive] via NET/Socket/0 comm 0x561dfc751dd0 nRanks 02
vcjob-2107910235463512066-abc12335-68921-worker-0:130:6657 [0] NCCL INFO Channel 02/0 : 1[d5000] -> 0[9000] [receive] via NET/Socket/0 comm 0x561dfc751dd0 nRanks 02
vcjob-2107910235463512066-abc12335-68921-worker-0:130:6657 [0] NCCL INFO Channel 03/0 : 1[d5000] -> 0[9000] [receive] via NET/Socket/0 comm 0x561dfc751dd0 nRanks 02
vcjob-2107910235463512066-abc12335-68921-worker-0:130:6657 [0] NCCL INFO Channel 04/0 : 1[d5000] -> 0[9000] [receive] via NET/Socket/0 comm 0x561dfc751dd0 nRanks 02
vcjob-2107910235463512066-abc12335-68921-worker-0:130:6657 [0] NCCL INFO Channel 05/0 : 1[d5000] -> 0[9000] [receive] via NET/Socket/0 comm 0x561dfc751dd0 nRanks 02
vcjob-2107910235463512066-abc12335-68921-worker-0:130:6657 [0] NCCL INFO Channel 06/0 : 1[d5000] -> 0[9000] [receive] via NET/Socket/0 comm 0x561dfc751dd0 nRanks 02
vcjob-2107910235463512066-abc12335-68921-worker-0:130:6657 [0] NCCL INFO Channel 07/0 : 1[d5000] -> 0[9000] [receive] via NET/Socket/0 comm 0x561dfc751dd0 nRanks 02
vcjob-2107910235463512066-abc12335-68921-worker-0:130:6657 [0] NCCL INFO Channel 08/0 : 1[d5000] -> 0[9000] [receive] via NET/Socket/0 comm 0x561dfc751dd0 nRanks 02
vcjob-2107910235463512066-abc12335-68921-worker-0:130:6657 [0] NCCL INFO Channel 09/0 : 1[d5000] -> 0[9000] [receive] via NET/Socket/0 comm 0x561dfc751dd0 nRanks 02
vcjob-2107910235463512066-abc12335-68921-worker-0:130:6657 [0] NCCL INFO Channel 10/0 : 1[d5000] -> 0[9000] [receive] via NET/Socket/0 comm 0x561dfc751dd0 nRanks 02
vcjob-2107910235463512066-abc12335-68921-worker-0:130:6657 [0] NCCL INFO Channel 11/0 : 1[d5000] -> 0[9000] [receive] via NET/Socket/0 comm 0x561dfc751dd0 nRanks 02
vcjob-2107910235463512066-abc12335-68921-worker-0:130:6657 [0] NCCL INFO Channel 12/0 : 1[d5000] -> 0[9000] [receive] via NET/Socket/0 comm 0x561dfc751dd0 nRanks 02
vcjob-2107910235463512066-abc12335-68921-worker-0:130:6657 [0] NCCL INFO Channel 13/0 : 1[d5000] -> 0[9000] [receive] via NET/Socket/0 comm 0x561dfc751dd0 nRanks 02
vcjob-2107910235463512066-abc12335-68921-worker-0:130:6657 [0] NCCL INFO Channel 14/0 : 1[d5000] -> 0[9000] [receive] via NET/Socket/0 comm 0x561dfc751dd0 nRanks 02
vcjob-2107910235463512066-abc12335-68921-worker-0:130:6657 [0] NCCL INFO Channel 15/0 : 1[d5000] -> 0[9000] [receive] via NET/Socket/0 comm 0x561dfc751dd0 nRanks 02
vcjob-2107910235463512066-abc12335-68921-worker-0:130:6657 [0] NCCL INFO Channel 16/0 : 1[d5000] -> 0[9000] [receive] via NET/Socket/0 comm 0x561dfc751dd0 nRanks 02
vcjob-2107910235463512066-abc12335-68921-worker-0:130:6657 [0] NCCL INFO Channel 17/0 : 1[d5000] -> 0[9000] [receive] via NET/Socket/0 comm 0x561dfc751dd0 nRanks 02
vcjob-2107910235463512066-abc12335-68921-worker-0:130:6657 [0] NCCL INFO Channel 18/0 : 1[d5000] -> 0[9000] [receive] via NET/Socket/0 comm 0x561dfc751dd0 nRanks 02
vcjob-2107910235463512066-abc12335-68921-worker-0:130:6657 [0] NCCL INFO Channel 19/0 : 1[d5000] -> 0[9000] [receive] via NET/Socket/0 comm 0x561dfc751dd0 nRanks 02
vcjob-2107910235463512066-abc12335-68921-worker-0:130:6657 [0] NCCL INFO Channel 20/0 : 1[d5000] -> 0[9000] [receive] via NET/Socket/0 comm 0x561dfc751dd0 nRanks 02
vcjob-2107910235463512066-abc12335-68921-worker-0:130:6657 [0] NCCL INFO Channel 21/0 : 1[d5000] -> 0[9000] [receive] via NET/Socket/0 comm 0x561dfc751dd0 nRanks 02
vcjob-2107910235463512066-abc12335-68921-worker-0:130:6657 [0] NCCL INFO Channel 22/0 : 1[d5000] -> 0[9000] [receive] via NET/Socket/0 comm 0x561dfc751dd0 nRanks 02
vcjob-2107910235463512066-abc12335-68921-worker-0:130:6657 [0] NCCL INFO Channel 23/0 : 1[d5000] -> 0[9000] [receive] via NET/Socket/0 comm 0x561dfc751dd0 nRanks 02
vcjob-2107910235463512066-abc12335-68921-worker-0:130:6657 [0] NCCL INFO Channel 24/0 : 1[d5000] -> 0[9000] [receive] via NET/Socket/0 comm 0x561dfc751dd0 nRanks 02
vcjob-2107910235463512066-abc12335-68921-worker-0:130:6657 [0] NCCL INFO Channel 25/0 : 1[d5000] -> 0[9000] [receive] via NET/Socket/0 comm 0x561dfc751dd0 nRanks 02
vcjob-2107910235463512066-abc12335-68921-worker-0:130:6657 [0] NCCL INFO Channel 26/0 : 1[d5000] -> 0[9000] [receive] via NET/Socket/0 comm 0x561dfc751dd0 nRanks 02
vcjob-2107910235463512066-abc12335-68921-worker-0:130:6657 [0] NCCL INFO Channel 27/0 : 1[d5000] -> 0[9000] [receive] via NET/Socket/0 comm 0x561dfc751dd0 nRanks 02
vcjob-2107910235463512066-abc12335-68921-worker-0:130:6657 [0] NCCL INFO Channel 28/0 : 1[d5000] -> 0[9000] [receive] via NET/Socket/0 comm 0x561dfc751dd0 nRanks 02
vcjob-2107910235463512066-abc12335-68921-worker-0:130:6657 [0] NCCL INFO Channel 29/0 : 1[d5000] -> 0[9000] [receive] via NET/Socket/0 comm 0x561dfc751dd0 nRanks 02
vcjob-2107910235463512066-abc12335-68921-worker-0:130:6657 [0] NCCL INFO Channel 30/0 : 1[d5000] -> 0[9000] [receive] via NET/Socket/0 comm 0x561dfc751dd0 nRanks 02
vcjob-2107910235463512066-abc12335-68921-worker-0:130:6657 [0] NCCL INFO Channel 31/0 : 1[d5000] -> 0[9000] [receive] via NET/Socket/0 comm 0x561dfc751dd0 nRanks 02
vcjob-2107910235463512066-abc12335-68921-worker-0:130:6657 [0] NCCL INFO Channel 00/0 : 0[9000] -> 1[d5000] [send] via NET/Socket/0 comm 0x561dfc751dd0 nRanks 02
vcjob-2107910235463512066-abc12335-68921-worker-0:130:6657 [0] NCCL INFO Channel 01/0 : 0[9000] -> 1[d5000] [send] via NET/Socket/0 comm 0x561dfc751dd0 nRanks 02
vcjob-2107910235463512066-abc12335-68921-worker-0:130:6657 [0] NCCL INFO Channel 02/0 : 0[9000] -> 1[d5000] [send] via NET/Socket/0 comm 0x561dfc751dd0 nRanks 02
vcjob-2107910235463512066-abc12335-68921-worker-0:130:6657 [0] NCCL INFO Channel 03/0 : 0[9000] -> 1[d5000] [send] via NET/Socket/0 comm 0x561dfc751dd0 nRanks 02
vcjob-2107910235463512066-abc12335-68921-worker-0:130:6657 [0] NCCL INFO Channel 04/0 : 0[9000] -> 1[d5000] [send] via NET/Socket/0 comm 0x561dfc751dd0 nRanks 02
vcjob-2107910235463512066-abc12335-68921-worker-0:130:6657 [0] NCCL INFO Channel 05/0 : 0[9000] -> 1[d5000] [send] via NET/Socket/0 comm 0x561dfc751dd0 nRanks 02
vcjob-2107910235463512066-abc12335-68921-worker-0:130:6657 [0] NCCL INFO Channel 06/0 : 0[9000] -> 1[d5000] [send] via NET/Socket/0 comm 0x561dfc751dd0 nRanks 02
vcjob-2107910235463512066-abc12335-68921-worker-0:130:6657 [0] NCCL INFO Channel 07/0 : 0[9000] -> 1[d5000] [send] via NET/Socket/0 comm 0x561dfc751dd0 nRanks 02
vcjob-2107910235463512066-abc12335-68921-worker-0:130:6657 [0] NCCL INFO Channel 08/0 : 0[9000] -> 1[d5000] [send] via NET/Socket/0 comm 0x561dfc751dd0 nRanks 02
vcjob-2107910235463512066-abc12335-68921-worker-0:130:6657 [0] NCCL INFO Channel 09/0 : 0[9000] -> 1[d5000] [send] via NET/Socket/0 comm 0x561dfc751dd0 nRanks 02
vcjob-2107910235463512066-abc12335-68921-worker-0:130:6657 [0] NCCL INFO Channel 10/0 : 0[9000] -> 1[d5000] [send] via NET/Socket/0 comm 0x561dfc751dd0 nRanks 02
vcjob-2107910235463512066-abc12335-68921-worker-0:130:6657 [0] NCCL INFO Channel 11/0 : 0[9000] -> 1[d5000] [send] via NET/Socket/0 comm 0x561dfc751dd0 nRanks 02
vcjob-2107910235463512066-abc12335-68921-worker-0:130:6657 [0] NCCL INFO Channel 12/0 : 0[9000] -> 1[d5000] [send] via NET/Socket/0 comm 0x561dfc751dd0 nRanks 02
vcjob-2107910235463512066-abc12335-68921-worker-0:130:6657 [0] NCCL INFO Channel 13/0 : 0[9000] -> 1[d5000] [send] via NET/Socket/0 comm 0x561dfc751dd0 nRanks 02
vcjob-2107910235463512066-abc12335-68921-worker-0:130:6657 [0] NCCL INFO Channel 14/0 : 0[9000] -> 1[d5000] [send] via NET/Socket/0 comm 0x561dfc751dd0 nRanks 02
vcjob-2107910235463512066-abc12335-68921-worker-0:130:6657 [0] NCCL INFO Channel 15/0 : 0[9000] -> 1[d5000] [send] via NET/Socket/0 comm 0x561dfc751dd0 nRanks 02
vcjob-2107910235463512066-abc12335-68921-worker-0:130:6657 [0] NCCL INFO Channel 16/0 : 0[9000] -> 1[d5000] [send] via NET/Socket/0 comm 0x561dfc751dd0 nRanks 02
vcjob-2107910235463512066-abc12335-68921-worker-0:130:6657 [0] NCCL INFO Channel 17/0 : 0[9000] -> 1[d5000] [send] via NET/Socket/0 comm 0x561dfc751dd0 nRanks 02
vcjob-2107910235463512066-abc12335-68921-worker-0:130:6657 [0] NCCL INFO Channel 18/0 : 0[9000] -> 1[d5000] [send] via NET/Socket/0 comm 0x561dfc751dd0 nRanks 02
vcjob-2107910235463512066-abc12335-68921-worker-0:130:6657 [0] NCCL INFO Channel 19/0 : 0[9000] -> 1[d5000] [send] via NET/Socket/0 comm 0x561dfc751dd0 nRanks 02
vcjob-2107910235463512066-abc12335-68921-worker-0:130:6657 [0] NCCL INFO Channel 20/0 : 0[9000] -> 1[d5000] [send] via NET/Socket/0 comm 0x561dfc751dd0 nRanks 02
vcjob-2107910235463512066-abc12335-68921-worker-0:130:6657 [0] NCCL INFO Channel 21/0 : 0[9000] -> 1[d5000] [send] via NET/Socket/0 comm 0x561dfc751dd0 nRanks 02
vcjob-2107910235463512066-abc12335-68921-worker-0:130:6657 [0] NCCL INFO Channel 22/0 : 0[9000] -> 1[d5000] [send] via NET/Socket/0 comm 0x561dfc751dd0 nRanks 02
vcjob-2107910235463512066-abc12335-68921-worker-0:130:6657 [0] NCCL INFO Channel 23/0 : 0[9000] -> 1[d5000] [send] via NET/Socket/0 comm 0x561dfc751dd0 nRanks 02
vcjob-2107910235463512066-abc12335-68921-worker-0:130:6657 [0] NCCL INFO Channel 24/0 : 0[9000] -> 1[d5000] [send] via NET/Socket/0 comm 0x561dfc751dd0 nRanks 02
vcjob-2107910235463512066-abc12335-68921-worker-0:130:6657 [0] NCCL INFO Channel 25/0 : 0[9000] -> 1[d5000] [send] via NET/Socket/0 comm 0x561dfc751dd0 nRanks 02
vcjob-2107910235463512066-abc12335-68921-worker-0:130:6657 [0] NCCL INFO Channel 26/0 : 0[9000] -> 1[d5000] [send] via NET/Socket/0 comm 0x561dfc751dd0 nRanks 02
vcjob-2107910235463512066-abc12335-68921-worker-0:130:6657 [0] NCCL INFO Channel 27/0 : 0[9000] -> 1[d5000] [send] via NET/Socket/0 comm 0x561dfc751dd0 nRanks 02
vcjob-2107910235463512066-abc12335-68921-worker-0:130:6657 [0] NCCL INFO Channel 28/0 : 0[9000] -> 1[d5000] [send] via NET/Socket/0 comm 0x561dfc751dd0 nRanks 02
vcjob-2107910235463512066-abc12335-68921-worker-0:130:6657 [0] NCCL INFO Channel 29/0 : 0[9000] -> 1[d5000] [send] via NET/Socket/0 comm 0x561dfc751dd0 nRanks 02
vcjob-2107910235463512066-abc12335-68921-worker-0:130:6657 [0] NCCL INFO Channel 30/0 : 0[9000] -> 1[d5000] [send] via NET/Socket/0 comm 0x561dfc751dd0 nRanks 02
vcjob-2107910235463512066-abc12335-68921-worker-0:130:6657 [0] NCCL INFO Channel 31/0 : 0[9000] -> 1[d5000] [send] via NET/Socket/0 comm 0x561dfc751dd0 nRanks 02
vcjob-2107910235463512066-abc12335-68921-worker-0:130:6657 [0] NCCL INFO Connected all rings
vcjob-2107910235463512066-abc12335-68921-worker-0:130:6657 [0] NCCL INFO Connected all trees
vcjob-2107910235463512066-abc12335-68921-worker-0:130:6657 [0] NCCL INFO threadThresholds 8/8/64 | 16/8/64 | 256 | 256
vcjob-2107910235463512066-abc12335-68921-worker-0:130:6657 [0] NCCL INFO 32 coll channels, 32 collnet channels, 0 nvls channels, 32 p2p channels, 32 p2p channels per peer
vcjob-2107910235463512066-abc12335-68921-worker-0:130:6657 [0] NCCL INFO CC Off, Multi-GPU CC Off, workFifoBytes 4194304
vcjob-2107910235463512066-abc12335-68921-worker-0:130:6657 [0] NCCL INFO ncclCommInitRank comm 0x561dfc751dd0 rank 0 nranks 2 cudaDev 0 nvmlDev 0 busId 9000 commId 0xfc949bb641d1fd05 localSize 480 used 1887460496 bytes on core 15 - Init COMPLETE
vcjob-2107910235463512066-abc12335-68921-worker-0:130:6657 [0] NCCL INFO Init timings: rank 0 nranks 2 total 0.25 (kernels 0.00, bootstrap 0.01, allgathers 0.00, topo 0.10, graphs 0.00, connections 0.13, rest 0.00)
I1008 03:06:07.817256   130 ProcessGroupNCCL.cpp:2890] [PG ID 0 PG GUID 0(default_pg) Rank 0] NCCL_DEBUG: INFO
vcjob-2107910235463512066-abc12335-68921-worker-0:130:6661 [0] NCCL INFO Channel 01/1 : 1[d5000] -> 0[9000] [receive] via NET/Socket/0/Shared comm 0x561dfc751dd0 nRanks 02
vcjob-2107910235463512066-abc12335-68921-worker-0:130:6661 [0] NCCL INFO Channel 03/1 : 1[d5000] -> 0[9000] [receive] via NET/Socket/0/Shared comm 0x561dfc751dd0 nRanks 02
vcjob-2107910235463512066-abc12335-68921-worker-0:130:6661 [0] NCCL INFO Channel 05/1 : 1[d5000] -> 0[9000] [receive] via NET/Socket/0/Shared comm 0x561dfc751dd0 nRanks 02
vcjob-2107910235463512066-abc12335-68921-worker-0:130:6661 [0] NCCL INFO Channel 07/1 : 1[d5000] -> 0[9000] [receive] via NET/Socket/0/Shared comm 0x561dfc751dd0 nRanks 02
vcjob-2107910235463512066-abc12335-68921-worker-0:130:6661 [0] NCCL INFO Channel 09/1 : 1[d5000] -> 0[9000] [receive] via NET/Socket/0/Shared comm 0x561dfc751dd0 nRanks 02
vcjob-2107910235463512066-abc12335-68921-worker-0:130:6661 [0] NCCL INFO Channel 11/1 : 1[d5000] -> 0[9000] [receive] via NET/Socket/0/Shared comm 0x561dfc751dd0 nRanks 02
vcjob-2107910235463512066-abc12335-68921-worker-0:130:6661 [0] NCCL INFO Channel 13/1 : 1[d5000] -> 0[9000] [receive] via NET/Socket/0/Shared comm 0x561dfc751dd0 nRanks 02
vcjob-2107910235463512066-abc12335-68921-worker-0:130:6661 [0] NCCL INFO Channel 15/1 : 1[d5000] -> 0[9000] [receive] via NET/Socket/0/Shared comm 0x561dfc751dd0 nRanks 02
vcjob-2107910235463512066-abc12335-68921-worker-0:130:6661 [0] NCCL INFO Channel 17/1 : 1[d5000] -> 0[9000] [receive] via NET/Socket/0/Shared comm 0x561dfc751dd0 nRanks 02
vcjob-2107910235463512066-abc12335-68921-worker-0:130:6661 [0] NCCL INFO Channel 19/1 : 1[d5000] -> 0[9000] [receive] via NET/Socket/0/Shared comm 0x561dfc751dd0 nRanks 02
vcjob-2107910235463512066-abc12335-68921-worker-0:130:6661 [0] NCCL INFO Channel 21/1 : 1[d5000] -> 0[9000] [receive] via NET/Socket/0/Shared comm 0x561dfc751dd0 nRanks 02
vcjob-2107910235463512066-abc12335-68921-worker-0:130:6661 [0] NCCL INFO Channel 23/1 : 1[d5000] -> 0[9000] [receive] via NET/Socket/0/Shared comm 0x561dfc751dd0 nRanks 02
vcjob-2107910235463512066-abc12335-68921-worker-0:130:6661 [0] NCCL INFO Channel 25/1 : 1[d5000] -> 0[9000] [receive] via NET/Socket/0/Shared comm 0x561dfc751dd0 nRanks 02
vcjob-2107910235463512066-abc12335-68921-worker-0:130:6661 [0] NCCL INFO Channel 27/1 : 1[d5000] -> 0[9000] [receive] via NET/Socket/0/Shared comm 0x561dfc751dd0 nRanks 02
vcjob-2107910235463512066-abc12335-68921-worker-0:130:6661 [0] NCCL INFO Channel 29/1 : 1[d5000] -> 0[9000] [receive] via NET/Socket/0/Shared comm 0x561dfc751dd0 nRanks 02
vcjob-2107910235463512066-abc12335-68921-worker-0:130:6661 [0] NCCL INFO Channel 31/1 : 1[d5000] -> 0[9000] [receive] via NET/Socket/0/Shared comm 0x561dfc751dd0 nRanks 02

vcjob-2107910235463512066-abc12335-68921-worker-0:130:130 [0] /data/jenkins_workspace/workspace/rccl_release/build/hipify/src/init.cc:170 NCCL WARN NUMA auto balancing enabled which can lead to variability in the RCCL performance! Disable by "sudo sysctl kernel.numa_balancing=0"
vcjob-2107910235463512066-abc12335-68921-worker-0:130:130 [0] NCCL INFO Kernel version: 5.15.0-25-generic

vcjob-2107910235463512066-abc12335-68921-worker-0:130:130 [0] /data/jenkins_workspace/workspace/rccl_release/build/hipify/src/init.cc:191 NCCL WARN Missing "iommu=pt" from kernel command line which can lead to system instablity or hang!
I1008 03:06:07.848907   130 ProcessGroupNCCL.cpp:2857] [PG ID 0 PG GUID 0(default_pg) Rank 0] ProcessGroupNCCL broadcast unique ID through store took 0.090861 ms
I1008 03:06:07.848928   130 NCCLUtils.cpp:75] Rank 0: creating NCCL communicator with mode: blocking

vcjob-2107910235463512066-abc12335-68921-worker-0:130:130 [0] /data/jenkins_workspace/workspace/rccl_release/build/hipify/src/init.cc:170 NCCL WARN NUMA auto balancing enabled which can lead to variability in the RCCL performance! Disable by "sudo sysctl kernel.numa_balancing=0"
vcjob-2107910235463512066-abc12335-68921-worker-0:130:130 [0] NCCL INFO Kernel version: 5.15.0-25-generic

vcjob-2107910235463512066-abc12335-68921-worker-0:130:130 [0] /data/jenkins_workspace/workspace/rccl_release/build/hipify/src/init.cc:191 NCCL WARN Missing "iommu=pt" from kernel command line which can lead to system instablity or hang!
vcjob-2107910235463512066-abc12335-68921-worker-0:130:130 [0] NCCL INFO Comm config Blocking set to 1
vcjob-2107910235463512066-abc12335-68921-worker-0:130:6663 [0] NCCL INFO Using network Socket
vcjob-2107910235463512066-abc12335-68921-worker-0:130:6663 [0] NCCL INFO rocm_smi_lib: version 7.6.0.0
vcjob-2107910235463512066-abc12335-68921-worker-0:130:6663 [0] NCCL INFO ncclCommInitRank comm 0x561dfc823d50 rank 0 nranks 2 cudaDev 0 nvmlDev 0 busId 9000 commId 0x81119e7527442298 - Init START
vcjob-2107910235463512066-abc12335-68921-worker-0:130:6663 [0] NCCL INFO rank:0 get match hsa dev domain:0x0 bdf:0x900 rank busId:0x36864
vcjob-2107910235463512066-abc12335-68921-worker-0:130:6663 [0] NCCL INFO XDP Switch is off with xdp_size : 0

vcjob-2107910235463512066-abc12335-68921-worker-0:130:6663 [0] /data/jenkins_workspace/workspace/rccl_release/build/hipify/src/graph/xml.cc:1211 NCCL WARN No IB NIC found, the generation of the basic topology has been terminated.
vcjob-2107910235463512066-abc12335-68921-worker-0:130:6663 [0] NCCL INFO rocm_smi_lib: version 7.6.0.0
vcjob-2107910235463512066-abc12335-68921-worker-0:130:6663 [0] NCCL INFO Setting affinity for GPU 0 to ffff
vcjob-2107910235463512066-abc12335-68921-worker-0:130:6663 [0] NCCL INFO Rank:0 Get link topo from rocmDev:0 linkNum:8 link:0 linkState:1 remote type:1 bdf:0x9b00 topoType:2
vcjob-2107910235463512066-abc12335-68921-worker-0:130:6663 [0] NCCL INFO Transport init rank 0 useXdp 0 linkTopoType 2
vcjob-2107910235463512066-abc12335-68921-worker-0:130:6663 [0] NCCL INFO comm 0x561dfc823d50 rank 0 nRanks 2 nNodes 2 localRanks 1 localRank 0 MNNVL 0
vcjob-2107910235463512066-abc12335-68921-worker-0:130:6663 [0] NCCL INFO Channel 00/32 :    0   1
vcjob-2107910235463512066-abc12335-68921-worker-0:130:6663 [0] NCCL INFO Channel 01/32 :    0   1
vcjob-2107910235463512066-abc12335-68921-worker-0:130:6663 [0] NCCL INFO Channel 02/32 :    0   1
vcjob-2107910235463512066-abc12335-68921-worker-0:130:6663 [0] NCCL INFO Channel 03/32 :    0   1
vcjob-2107910235463512066-abc12335-68921-worker-0:130:6663 [0] NCCL INFO Channel 04/32 :    0   1
vcjob-2107910235463512066-abc12335-68921-worker-0:130:6663 [0] NCCL INFO Channel 05/32 :    0   1
vcjob-2107910235463512066-abc12335-68921-worker-0:130:6663 [0] NCCL INFO Channel 06/32 :    0   1
vcjob-2107910235463512066-abc12335-68921-worker-0:130:6663 [0] NCCL INFO Channel 07/32 :    0   1
vcjob-2107910235463512066-abc12335-68921-worker-0:130:6663 [0] NCCL INFO Channel 08/32 :    0   1
vcjob-2107910235463512066-abc12335-68921-worker-0:130:6663 [0] NCCL INFO Channel 09/32 :    0   1
vcjob-2107910235463512066-abc12335-68921-worker-0:130:6663 [0] NCCL INFO Channel 10/32 :    0   1
vcjob-2107910235463512066-abc12335-68921-worker-0:130:6663 [0] NCCL INFO Channel 11/32 :    0   1
vcjob-2107910235463512066-abc12335-68921-worker-0:130:6663 [0] NCCL INFO Channel 12/32 :    0   1
vcjob-2107910235463512066-abc12335-68921-worker-0:130:6663 [0] NCCL INFO Channel 13/32 :    0   1
vcjob-2107910235463512066-abc12335-68921-worker-0:130:6663 [0] NCCL INFO Channel 14/32 :    0   1
vcjob-2107910235463512066-abc12335-68921-worker-0:130:6663 [0] NCCL INFO Channel 15/32 :    0   1
vcjob-2107910235463512066-abc12335-68921-worker-0:130:6663 [0] NCCL INFO Channel 16/32 :    0   1
vcjob-2107910235463512066-abc12335-68921-worker-0:130:6663 [0] NCCL INFO Channel 17/32 :    0   1
vcjob-2107910235463512066-abc12335-68921-worker-0:130:6663 [0] NCCL INFO Channel 18/32 :    0   1
vcjob-2107910235463512066-abc12335-68921-worker-0:130:6663 [0] NCCL INFO Channel 19/32 :    0   1
vcjob-2107910235463512066-abc12335-68921-worker-0:130:6663 [0] NCCL INFO Channel 20/32 :    0   1
vcjob-2107910235463512066-abc12335-68921-worker-0:130:6663 [0] NCCL INFO Channel 21/32 :    0   1
vcjob-2107910235463512066-abc12335-68921-worker-0:130:6663 [0] NCCL INFO Channel 22/32 :    0   1
vcjob-2107910235463512066-abc12335-68921-worker-0:130:6663 [0] NCCL INFO Channel 23/32 :    0   1
vcjob-2107910235463512066-abc12335-68921-worker-0:130:6663 [0] NCCL INFO Channel 24/32 :    0   1
vcjob-2107910235463512066-abc12335-68921-worker-0:130:6663 [0] NCCL INFO Channel 25/32 :    0   1
vcjob-2107910235463512066-abc12335-68921-worker-0:130:6663 [0] NCCL INFO Channel 26/32 :    0   1
vcjob-2107910235463512066-abc12335-68921-worker-0:130:6663 [0] NCCL INFO Channel 27/32 :    0   1
vcjob-2107910235463512066-abc12335-68921-worker-0:130:6663 [0] NCCL INFO Channel 28/32 :    0   1
vcjob-2107910235463512066-abc12335-68921-worker-0:130:6663 [0] NCCL INFO Channel 29/32 :    0   1
vcjob-2107910235463512066-abc12335-68921-worker-0:130:6663 [0] NCCL INFO Channel 30/32 :    0   1
vcjob-2107910235463512066-abc12335-68921-worker-0:130:6663 [0] NCCL INFO Channel 31/32 :    0   1
vcjob-2107910235463512066-abc12335-68921-worker-0:130:6663 [0] NCCL INFO Trees [0] 1/-1/-1->0->-1 [1] -1/-1/-1->0->1 [2] 1/-1/-1->0->-1 [3] -1/-1/-1->0->1 [4] 1/-1/-1->0->-1 [5] -1/-1/-1->0->1 [6] 1/-1/-1->0->-1 [7] -1/-1/-1->0->1 [8] 1/-1/-1->0->-1 [9] -1/-1/-1->0->1 [10] 1/-1/-1->0->-1 [11] -1/-1/-1->0->1 [12] 1/-1/-1->0->-1 [13] -1/-1/-1->0->1 [14] 1/-1/-1->0->-1 [15] -1/-1/-1->0->1 [16] 1/-1/-1->0->-1 [17] -1/-1/-1->0->1 [18] 1/-1/-1->0->-1 [19] -1/-1/-1->0->1 [20] 1/-1/-1->0->-1 [21] -1/-1/-1->0->1 [22] 1/-1/-1->0->-1 [23] -1/-1/-1->0->1 [24] 1/-1/-1->0->-1 [25] -1/-1/-1->0->1 [26] 1/-1/-1->0->-1 [27] -1/-1/-1->0->1 [28] 1/-1/-1->0->-1 [29] -1/-1/-1->0->1 [30] 1/-1/-1->0->-1 [31] -1/-1/-1->0->1 comm 0x561dfc823d50 nRanks 02 busId 9000
vcjob-2107910235463512066-abc12335-68921-worker-0:130:6663 [0] NCCL INFO P2P Chunksize set to 131072
vcjob-2107910235463512066-abc12335-68921-worker-0:130:6663 [0] NCCL INFO comm->autoPerPeerOn: 1, comm->p2pnChannels: 32, comm->p2pnChannelsPerPeer: 32
vcjob-2107910235463512066-abc12335-68921-worker-0:130:6663 [0] NCCL INFO Channel 00/0 : 1[f5000] -> 0[9000] [receive] via NET/Socket/0 comm 0x561dfc823d50 nRanks 02
vcjob-2107910235463512066-abc12335-68921-worker-0:130:6663 [0] NCCL INFO Channel 01/0 : 1[f5000] -> 0[9000] [receive] via NET/Socket/0 comm 0x561dfc823d50 nRanks 02
vcjob-2107910235463512066-abc12335-68921-worker-0:130:6663 [0] NCCL INFO Channel 02/0 : 1[f5000] -> 0[9000] [receive] via NET/Socket/0 comm 0x561dfc823d50 nRanks 02
vcjob-2107910235463512066-abc12335-68921-worker-0:130:6663 [0] NCCL INFO Channel 03/0 : 1[f5000] -> 0[9000] [receive] via NET/Socket/0 comm 0x561dfc823d50 nRanks 02
vcjob-2107910235463512066-abc12335-68921-worker-0:130:6663 [0] NCCL INFO Channel 04/0 : 1[f5000] -> 0[9000] [receive] via NET/Socket/0 comm 0x561dfc823d50 nRanks 02
vcjob-2107910235463512066-abc12335-68921-worker-0:130:6663 [0] NCCL INFO Channel 05/0 : 1[f5000] -> 0[9000] [receive] via NET/Socket/0 comm 0x561dfc823d50 nRanks 02
vcjob-2107910235463512066-abc12335-68921-worker-0:130:6663 [0] NCCL INFO Channel 06/0 : 1[f5000] -> 0[9000] [receive] via NET/Socket/0 comm 0x561dfc823d50 nRanks 02
vcjob-2107910235463512066-abc12335-68921-worker-0:130:6663 [0] NCCL INFO Channel 07/0 : 1[f5000] -> 0[9000] [receive] via NET/Socket/0 comm 0x561dfc823d50 nRanks 02
vcjob-2107910235463512066-abc12335-68921-worker-0:130:6663 [0] NCCL INFO Channel 08/0 : 1[f5000] -> 0[9000] [receive] via NET/Socket/0 comm 0x561dfc823d50 nRanks 02
vcjob-2107910235463512066-abc12335-68921-worker-0:130:6663 [0] NCCL INFO Channel 09/0 : 1[f5000] -> 0[9000] [receive] via NET/Socket/0 comm 0x561dfc823d50 nRanks 02
vcjob-2107910235463512066-abc12335-68921-worker-0:130:6663 [0] NCCL INFO Channel 10/0 : 1[f5000] -> 0[9000] [receive] via NET/Socket/0 comm 0x561dfc823d50 nRanks 02
vcjob-2107910235463512066-abc12335-68921-worker-0:130:6663 [0] NCCL INFO Channel 11/0 : 1[f5000] -> 0[9000] [receive] via NET/Socket/0 comm 0x561dfc823d50 nRanks 02
vcjob-2107910235463512066-abc12335-68921-worker-0:130:6663 [0] NCCL INFO Channel 12/0 : 1[f5000] -> 0[9000] [receive] via NET/Socket/0 comm 0x561dfc823d50 nRanks 02
vcjob-2107910235463512066-abc12335-68921-worker-0:130:6663 [0] NCCL INFO Channel 13/0 : 1[f5000] -> 0[9000] [receive] via NET/Socket/0 comm 0x561dfc823d50 nRanks 02
vcjob-2107910235463512066-abc12335-68921-worker-0:130:6663 [0] NCCL INFO Channel 14/0 : 1[f5000] -> 0[9000] [receive] via NET/Socket/0 comm 0x561dfc823d50 nRanks 02
vcjob-2107910235463512066-abc12335-68921-worker-0:130:6663 [0] NCCL INFO Channel 15/0 : 1[f5000] -> 0[9000] [receive] via NET/Socket/0 comm 0x561dfc823d50 nRanks 02
vcjob-2107910235463512066-abc12335-68921-worker-0:130:6663 [0] NCCL INFO Channel 16/0 : 1[f5000] -> 0[9000] [receive] via NET/Socket/0 comm 0x561dfc823d50 nRanks 02
vcjob-2107910235463512066-abc12335-68921-worker-0:130:6663 [0] NCCL INFO Channel 17/0 : 1[f5000] -> 0[9000] [receive] via NET/Socket/0 comm 0x561dfc823d50 nRanks 02
vcjob-2107910235463512066-abc12335-68921-worker-0:130:6663 [0] NCCL INFO Channel 18/0 : 1[f5000] -> 0[9000] [receive] via NET/Socket/0 comm 0x561dfc823d50 nRanks 02
vcjob-2107910235463512066-abc12335-68921-worker-0:130:6663 [0] NCCL INFO Channel 19/0 : 1[f5000] -> 0[9000] [receive] via NET/Socket/0 comm 0x561dfc823d50 nRanks 02
vcjob-2107910235463512066-abc12335-68921-worker-0:130:6663 [0] NCCL INFO Channel 20/0 : 1[f5000] -> 0[9000] [receive] via NET/Socket/0 comm 0x561dfc823d50 nRanks 02
vcjob-2107910235463512066-abc12335-68921-worker-0:130:6663 [0] NCCL INFO Channel 21/0 : 1[f5000] -> 0[9000] [receive] via NET/Socket/0 comm 0x561dfc823d50 nRanks 02
vcjob-2107910235463512066-abc12335-68921-worker-0:130:6663 [0] NCCL INFO Channel 22/0 : 1[f5000] -> 0[9000] [receive] via NET/Socket/0 comm 0x561dfc823d50 nRanks 02
vcjob-2107910235463512066-abc12335-68921-worker-0:130:6663 [0] NCCL INFO Channel 23/0 : 1[f5000] -> 0[9000] [receive] via NET/Socket/0 comm 0x561dfc823d50 nRanks 02
vcjob-2107910235463512066-abc12335-68921-worker-0:130:6663 [0] NCCL INFO Channel 24/0 : 1[f5000] -> 0[9000] [receive] via NET/Socket/0 comm 0x561dfc823d50 nRanks 02
vcjob-2107910235463512066-abc12335-68921-worker-0:130:6663 [0] NCCL INFO Channel 25/0 : 1[f5000] -> 0[9000] [receive] via NET/Socket/0 comm 0x561dfc823d50 nRanks 02
vcjob-2107910235463512066-abc12335-68921-worker-0:130:6663 [0] NCCL INFO Channel 26/0 : 1[f5000] -> 0[9000] [receive] via NET/Socket/0 comm 0x561dfc823d50 nRanks 02
vcjob-2107910235463512066-abc12335-68921-worker-0:130:6663 [0] NCCL INFO Channel 27/0 : 1[f5000] -> 0[9000] [receive] via NET/Socket/0 comm 0x561dfc823d50 nRanks 02
vcjob-2107910235463512066-abc12335-68921-worker-0:130:6663 [0] NCCL INFO Channel 28/0 : 1[f5000] -> 0[9000] [receive] via NET/Socket/0 comm 0x561dfc823d50 nRanks 02
vcjob-2107910235463512066-abc12335-68921-worker-0:130:6663 [0] NCCL INFO Channel 29/0 : 1[f5000] -> 0[9000] [receive] via NET/Socket/0 comm 0x561dfc823d50 nRanks 02
vcjob-2107910235463512066-abc12335-68921-worker-0:130:6663 [0] NCCL INFO Channel 30/0 : 1[f5000] -> 0[9000] [receive] via NET/Socket/0 comm 0x561dfc823d50 nRanks 02
vcjob-2107910235463512066-abc12335-68921-worker-0:130:6663 [0] NCCL INFO Channel 31/0 : 1[f5000] -> 0[9000] [receive] via NET/Socket/0 comm 0x561dfc823d50 nRanks 02
vcjob-2107910235463512066-abc12335-68921-worker-0:130:6663 [0] NCCL INFO Channel 00/0 : 0[9000] -> 1[f5000] [send] via NET/Socket/0 comm 0x561dfc823d50 nRanks 02
vcjob-2107910235463512066-abc12335-68921-worker-0:130:6663 [0] NCCL INFO Channel 01/0 : 0[9000] -> 1[f5000] [send] via NET/Socket/0 comm 0x561dfc823d50 nRanks 02
vcjob-2107910235463512066-abc12335-68921-worker-0:130:6663 [0] NCCL INFO Channel 02/0 : 0[9000] -> 1[f5000] [send] via NET/Socket/0 comm 0x561dfc823d50 nRanks 02
vcjob-2107910235463512066-abc12335-68921-worker-0:130:6663 [0] NCCL INFO Channel 03/0 : 0[9000] -> 1[f5000] [send] via NET/Socket/0 comm 0x561dfc823d50 nRanks 02
vcjob-2107910235463512066-abc12335-68921-worker-0:130:6663 [0] NCCL INFO Channel 04/0 : 0[9000] -> 1[f5000] [send] via NET/Socket/0 comm 0x561dfc823d50 nRanks 02
vcjob-2107910235463512066-abc12335-68921-worker-0:130:6663 [0] NCCL INFO Channel 05/0 : 0[9000] -> 1[f5000] [send] via NET/Socket/0 comm 0x561dfc823d50 nRanks 02
vcjob-2107910235463512066-abc12335-68921-worker-0:130:6663 [0] NCCL INFO Channel 06/0 : 0[9000] -> 1[f5000] [send] via NET/Socket/0 comm 0x561dfc823d50 nRanks 02
vcjob-2107910235463512066-abc12335-68921-worker-0:130:6663 [0] NCCL INFO Channel 07/0 : 0[9000] -> 1[f5000] [send] via NET/Socket/0 comm 0x561dfc823d50 nRanks 02
vcjob-2107910235463512066-abc12335-68921-worker-0:130:6663 [0] NCCL INFO Channel 08/0 : 0[9000] -> 1[f5000] [send] via NET/Socket/0 comm 0x561dfc823d50 nRanks 02
vcjob-2107910235463512066-abc12335-68921-worker-0:130:6663 [0] NCCL INFO Channel 09/0 : 0[9000] -> 1[f5000] [send] via NET/Socket/0 comm 0x561dfc823d50 nRanks 02
vcjob-2107910235463512066-abc12335-68921-worker-0:130:6663 [0] NCCL INFO Channel 10/0 : 0[9000] -> 1[f5000] [send] via NET/Socket/0 comm 0x561dfc823d50 nRanks 02
vcjob-2107910235463512066-abc12335-68921-worker-0:130:6663 [0] NCCL INFO Channel 11/0 : 0[9000] -> 1[f5000] [send] via NET/Socket/0 comm 0x561dfc823d50 nRanks 02
vcjob-2107910235463512066-abc12335-68921-worker-0:130:6663 [0] NCCL INFO Channel 12/0 : 0[9000] -> 1[f5000] [send] via NET/Socket/0 comm 0x561dfc823d50 nRanks 02
vcjob-2107910235463512066-abc12335-68921-worker-0:130:6663 [0] NCCL INFO Channel 13/0 : 0[9000] -> 1[f5000] [send] via NET/Socket/0 comm 0x561dfc823d50 nRanks 02
vcjob-2107910235463512066-abc12335-68921-worker-0:130:6663 [0] NCCL INFO Channel 14/0 : 0[9000] -> 1[f5000] [send] via NET/Socket/0 comm 0x561dfc823d50 nRanks 02
vcjob-2107910235463512066-abc12335-68921-worker-0:130:6663 [0] NCCL INFO Channel 15/0 : 0[9000] -> 1[f5000] [send] via NET/Socket/0 comm 0x561dfc823d50 nRanks 02
vcjob-2107910235463512066-abc12335-68921-worker-0:130:6663 [0] NCCL INFO Channel 16/0 : 0[9000] -> 1[f5000] [send] via NET/Socket/0 comm 0x561dfc823d50 nRanks 02
vcjob-2107910235463512066-abc12335-68921-worker-0:130:6663 [0] NCCL INFO Channel 17/0 : 0[9000] -> 1[f5000] [send] via NET/Socket/0 comm 0x561dfc823d50 nRanks 02
vcjob-2107910235463512066-abc12335-68921-worker-0:130:6663 [0] NCCL INFO Channel 18/0 : 0[9000] -> 1[f5000] [send] via NET/Socket/0 comm 0x561dfc823d50 nRanks 02
vcjob-2107910235463512066-abc12335-68921-worker-0:130:6663 [0] NCCL INFO Channel 19/0 : 0[9000] -> 1[f5000] [send] via NET/Socket/0 comm 0x561dfc823d50 nRanks 02
vcjob-2107910235463512066-abc12335-68921-worker-0:130:6663 [0] NCCL INFO Channel 20/0 : 0[9000] -> 1[f5000] [send] via NET/Socket/0 comm 0x561dfc823d50 nRanks 02
vcjob-2107910235463512066-abc12335-68921-worker-0:130:6663 [0] NCCL INFO Channel 21/0 : 0[9000] -> 1[f5000] [send] via NET/Socket/0 comm 0x561dfc823d50 nRanks 02
vcjob-2107910235463512066-abc12335-68921-worker-0:130:6663 [0] NCCL INFO Channel 22/0 : 0[9000] -> 1[f5000] [send] via NET/Socket/0 comm 0x561dfc823d50 nRanks 02
vcjob-2107910235463512066-abc12335-68921-worker-0:130:6663 [0] NCCL INFO Channel 23/0 : 0[9000] -> 1[f5000] [send] via NET/Socket/0 comm 0x561dfc823d50 nRanks 02
vcjob-2107910235463512066-abc12335-68921-worker-0:130:6663 [0] NCCL INFO Channel 24/0 : 0[9000] -> 1[f5000] [send] via NET/Socket/0 comm 0x561dfc823d50 nRanks 02
vcjob-2107910235463512066-abc12335-68921-worker-0:130:6663 [0] NCCL INFO Channel 25/0 : 0[9000] -> 1[f5000] [send] via NET/Socket/0 comm 0x561dfc823d50 nRanks 02
vcjob-2107910235463512066-abc12335-68921-worker-0:130:6663 [0] NCCL INFO Channel 26/0 : 0[9000] -> 1[f5000] [send] via NET/Socket/0 comm 0x561dfc823d50 nRanks 02
vcjob-2107910235463512066-abc12335-68921-worker-0:130:6663 [0] NCCL INFO Channel 27/0 : 0[9000] -> 1[f5000] [send] via NET/Socket/0 comm 0x561dfc823d50 nRanks 02
vcjob-2107910235463512066-abc12335-68921-worker-0:130:6663 [0] NCCL INFO Channel 28/0 : 0[9000] -> 1[f5000] [send] via NET/Socket/0 comm 0x561dfc823d50 nRanks 02
vcjob-2107910235463512066-abc12335-68921-worker-0:130:6663 [0] NCCL INFO Channel 29/0 : 0[9000] -> 1[f5000] [send] via NET/Socket/0 comm 0x561dfc823d50 nRanks 02
vcjob-2107910235463512066-abc12335-68921-worker-0:130:6663 [0] NCCL INFO Channel 30/0 : 0[9000] -> 1[f5000] [send] via NET/Socket/0 comm 0x561dfc823d50 nRanks 02
vcjob-2107910235463512066-abc12335-68921-worker-0:130:6663 [0] NCCL INFO Channel 31/0 : 0[9000] -> 1[f5000] [send] via NET/Socket/0 comm 0x561dfc823d50 nRanks 02
vcjob-2107910235463512066-abc12335-68921-worker-0:130:6663 [0] NCCL INFO Connected all rings
vcjob-2107910235463512066-abc12335-68921-worker-0:130:6663 [0] NCCL INFO Connected all trees
vcjob-2107910235463512066-abc12335-68921-worker-0:130:6663 [0] NCCL INFO threadThresholds 8/8/64 | 16/8/64 | 256 | 256
vcjob-2107910235463512066-abc12335-68921-worker-0:130:6663 [0] NCCL INFO 32 coll channels, 32 collnet channels, 0 nvls channels, 32 p2p channels, 32 p2p channels per peer
vcjob-2107910235463512066-abc12335-68921-worker-0:130:6663 [0] NCCL INFO CC Off, Multi-GPU CC Off, workFifoBytes 4194304
vcjob-2107910235463512066-abc12335-68921-worker-0:130:6663 [0] NCCL INFO ncclCommInitRank comm 0x561dfc823d50 rank 0 nranks 2 cudaDev 0 nvmlDev 0 busId 9000 commId 0x81119e7527442298 localSize 480 used 1921654272 bytes on core 8 - Init COMPLETE
vcjob-2107910235463512066-abc12335-68921-worker-0:130:6663 [0] NCCL INFO Init timings: rank 0 nranks 2 total 0.27 (kernels 0.00, bootstrap 0.00, allgathers 0.00, topo 0.10, graphs 0.00, connections 0.17, rest 0.00)
I1008 03:06:08.157850   130 ProcessGroupNCCL.cpp:2890] [PG ID 0 PG GUID 0(default_pg) Rank 0] NCCL_DEBUG: INFO
vcjob-2107910235463512066-abc12335-68921-worker-0:130:6667 [0] NCCL INFO Channel 01/1 : 1[f5000] -> 0[9000] [receive] via NET/Socket/0/Shared comm 0x561dfc823d50 nRanks 02
vcjob-2107910235463512066-abc12335-68921-worker-0:130:6667 [0] NCCL INFO Channel 03/1 : 1[f5000] -> 0[9000] [receive] via NET/Socket/0/Shared comm 0x561dfc823d50 nRanks 02
vcjob-2107910235463512066-abc12335-68921-worker-0:130:6667 [0] NCCL INFO Channel 05/1 : 1[f5000] -> 0[9000] [receive] via NET/Socket/0/Shared comm 0x561dfc823d50 nRanks 02
vcjob-2107910235463512066-abc12335-68921-worker-0:130:6667 [0] NCCL INFO Channel 07/1 : 1[f5000] -> 0[9000] [receive] via NET/Socket/0/Shared comm 0x561dfc823d50 nRanks 02
vcjob-2107910235463512066-abc12335-68921-worker-0:130:6667 [0] NCCL INFO Channel 09/1 : 1[f5000] -> 0[9000] [receive] via NET/Socket/0/Shared comm 0x561dfc823d50 nRanks 02
vcjob-2107910235463512066-abc12335-68921-worker-0:130:6667 [0] NCCL INFO Channel 11/1 : 1[f5000] -> 0[9000] [receive] via NET/Socket/0/Shared comm 0x561dfc823d50 nRanks 02
vcjob-2107910235463512066-abc12335-68921-worker-0:130:6667 [0] NCCL INFO Channel 13/1 : 1[f5000] -> 0[9000] [receive] via NET/Socket/0/Shared comm 0x561dfc823d50 nRanks 02
vcjob-2107910235463512066-abc12335-68921-worker-0:130:6667 [0] NCCL INFO Channel 15/1 : 1[f5000] -> 0[9000] [receive] via NET/Socket/0/Shared comm 0x561dfc823d50 nRanks 02
vcjob-2107910235463512066-abc12335-68921-worker-0:130:6667 [0] NCCL INFO Channel 17/1 : 1[f5000] -> 0[9000] [receive] via NET/Socket/0/Shared comm 0x561dfc823d50 nRanks 02
vcjob-2107910235463512066-abc12335-68921-worker-0:130:6667 [0] NCCL INFO Channel 19/1 : 1[f5000] -> 0[9000] [receive] via NET/Socket/0/Shared comm 0x561dfc823d50 nRanks 02
vcjob-2107910235463512066-abc12335-68921-worker-0:130:6667 [0] NCCL INFO Channel 21/1 : 1[f5000] -> 0[9000] [receive] via NET/Socket/0/Shared comm 0x561dfc823d50 nRanks 02
vcjob-2107910235463512066-abc12335-68921-worker-0:130:6667 [0] NCCL INFO Channel 23/1 : 1[f5000] -> 0[9000] [receive] via NET/Socket/0/Shared comm 0x561dfc823d50 nRanks 02
vcjob-2107910235463512066-abc12335-68921-worker-0:130:6667 [0] NCCL INFO Channel 25/1 : 1[f5000] -> 0[9000] [receive] via NET/Socket/0/Shared comm 0x561dfc823d50 nRanks 02
vcjob-2107910235463512066-abc12335-68921-worker-0:130:6667 [0] NCCL INFO Channel 27/1 : 1[f5000] -> 0[9000] [receive] via NET/Socket/0/Shared comm 0x561dfc823d50 nRanks 02
vcjob-2107910235463512066-abc12335-68921-worker-0:130:6667 [0] NCCL INFO Channel 29/1 : 1[f5000] -> 0[9000] [receive] via NET/Socket/0/Shared comm 0x561dfc823d50 nRanks 02
vcjob-2107910235463512066-abc12335-68921-worker-0:130:6667 [0] NCCL INFO Channel 31/1 : 1[f5000] -> 0[9000] [receive] via NET/Socket/0/Shared comm 0x561dfc823d50 nRanks 02
Preflight: is_completed polling WORKS -> poll mode (v1 behaviour) (15/15 completions in 5.0s)
  round 1/100 done, last-round arrivals min/med/max = 3.50/255.27/260.00 ms
  round 10/100 done, last-round arrivals min/med/max = 1.64/236.13/239.06 ms
  round 20/100 done, last-round arrivals min/med/max = 1.67/227.54/234.85 ms
  round 30/100 done, last-round arrivals min/med/max = 1.59/220.87/237.15 ms
  round 40/100 done, last-round arrivals min/med/max = 1.53/241.34/242.95 ms
  round 50/100 done, last-round arrivals min/med/max = 1.49/221.85/227.68 ms
  round 60/100 done, last-round arrivals min/med/max = 1.62/235.18/241.20 ms
  round 70/100 done, last-round arrivals min/med/max = 1.49/229.59/232.02 ms
  round 80/100 done, last-round arrivals min/med/max = 1.46/237.34/238.97 ms
  round 90/100 done, last-round arrivals min/med/max = 1.56/229.78/237.13 ms
  round 100/100 done, last-round arrivals min/med/max = 1.59/237.29/239.07 ms

===========================================================================
ARRIVAL TIME MEASUREMENT RESULTS
===========================================================================
 Rank  Node        Label Median(ms)  Std(ms)  Min(ms)  Max(ms) AvgPos
----------------------------------------------------------------------------------
    1     0    SAME-NODE      1.513    0.234    1.430    3.505    1.0
    2     0    SAME-NODE      1.517    0.236    1.433    3.537    2.0
    3     0    SAME-NODE      1.519    0.236    1.434    3.540    3.0
    4     0    SAME-NODE      1.521    0.236    1.436    3.543    4.0
    5     0    SAME-NODE      1.524    0.236    1.438    3.545    5.0
    6     0    SAME-NODE      1.526    0.237    1.439    3.550    6.0
    7     0    SAME-NODE      1.528    0.238    1.441    3.561    7.0
    8     1   CROSS-NODE    239.759    8.982  215.778  265.906   10.6
    9     1   CROSS-NODE    238.941    9.239  215.128  265.256   10.3
   10     1   CROSS-NODE    238.673    9.475  214.962  266.550   10.1
   11     1   CROSS-NODE    238.486    9.637  214.885  265.422   10.1
   12     1   CROSS-NODE    239.807    9.096  216.100  266.390   12.4
   13     1   CROSS-NODE    240.111    9.060  216.102  266.071   13.2
   14     1   CROSS-NODE    240.016    9.148  216.262  266.393   12.8
   15     1   CROSS-NODE    240.153    8.930  216.421  264.766   12.4
----------------------------------------------------------------------------------
Same-node median:  1.521 ms
Cross-node median: 239.783 ms
Spread:            238.262 ms
Heterogeneity ratio: 157.6×
GEMM time:         2.00 ms
Spread vs GEMM:    11916.5%

→ ✓ Scheduling is VALUABLE (spread > 20% of GEMM time)

Results saved to /root/private_data/second_hygon/phase4-arrival-heterogeneity/phase4_arrival_full_rdma_20261008_030548.json
I1008 03:06:35.144522   130 ProcessGroupNCCL.cpp:1445] [PG ID 0 PG GUID 0(default_pg) Rank 0] Starting to destroy process group, flushing operations.
I1008 03:06:35.144587   132 ProcessGroupNCCL.cpp:1445] [PG ID 0 PG GUID 0(default_pg) Rank 2] Starting to destroy process group, flushing operations.
I1008 03:06:35.144583   137 ProcessGroupNCCL.cpp:1445] [PG ID 0 PG GUID 0(default_pg) Rank 7] Starting to destroy process group, flushing operations.
I1008 03:06:35.144583   136 ProcessGroupNCCL.cpp:1445] [PG ID 0 PG GUID 0(default_pg) Rank 6] Starting to destroy process group, flushing operations.
I1008 03:06:35.144596   131 ProcessGroupNCCL.cpp:1445] [PG ID 0 PG GUID 0(default_pg) Rank 1] Starting to destroy process group, flushing operations.
I1008 03:06:35.144604   133 ProcessGroupNCCL.cpp:1445] [PG ID 0 PG GUID 0(default_pg) Rank 3] Starting to destroy process group, flushing operations.
I1008 03:06:35.144609   134 ProcessGroupNCCL.cpp:1445] [PG ID 0 PG GUID 0(default_pg) Rank 4] Starting to destroy process group, flushing operations.
I1008 03:06:35.144635   135 ProcessGroupNCCL.cpp:1445] [PG ID 0 PG GUID 0(default_pg) Rank 5] Starting to destroy process group, flushing operations.
I1008 03:06:35.149350   133 ProcessGroupNCCL.cpp:1472] [PG ID 0 PG GUID 0(default_pg) Rank 3] Operations flushed, joining watchdog thread.
I1008 03:06:35.149364   137 ProcessGroupNCCL.cpp:1472] [PG ID 0 PG GUID 0(default_pg) Rank 7] Operations flushed, joining watchdog thread.
I1008 03:06:35.149415   132 ProcessGroupNCCL.cpp:1472] [PG ID 0 PG GUID 0(default_pg) Rank 2] Operations flushed, joining watchdog thread.
I1008 03:06:35.149459   135 ProcessGroupNCCL.cpp:1472] [PG ID 0 PG GUID 0(default_pg) Rank 5] Operations flushed, joining watchdog thread.
I1008 03:06:35.149469   137 ProcessGroupNCCL.cpp:1486] [PG ID 0 PG GUID 0(default_pg) Rank 7] Watchdog joined, destroying NCCL communicators.
I1008 03:06:35.149506   133 ProcessGroupNCCL.cpp:1486] [PG ID 0 PG GUID 0(default_pg) Rank 3] Watchdog joined, destroying NCCL communicators.
I1008 03:06:35.149518   134 ProcessGroupNCCL.cpp:1472] [PG ID 0 PG GUID 0(default_pg) Rank 4] Operations flushed, joining watchdog thread.
I1008 03:06:35.149572   132 ProcessGroupNCCL.cpp:1486] [PG ID 0 PG GUID 0(default_pg) Rank 2] Watchdog joined, destroying NCCL communicators.
I1008 03:06:35.149591   134 ProcessGroupNCCL.cpp:1486] [PG ID 0 PG GUID 0(default_pg) Rank 4] Watchdog joined, destroying NCCL communicators.
I1008 03:06:35.149600   135 ProcessGroupNCCL.cpp:1486] [PG ID 0 PG GUID 0(default_pg) Rank 5] Watchdog joined, destroying NCCL communicators.
I1008 03:06:35.149610   136 ProcessGroupNCCL.cpp:1472] [PG ID 0 PG GUID 0(default_pg) Rank 6] Operations flushed, joining watchdog thread.
I1008 03:06:35.149708   131 ProcessGroupNCCL.cpp:1472] [PG ID 0 PG GUID 0(default_pg) Rank 1] Operations flushed, joining watchdog thread.
I1008 03:06:35.149746   136 ProcessGroupNCCL.cpp:1486] [PG ID 0 PG GUID 0(default_pg) Rank 6] Watchdog joined, destroying NCCL communicators.
I1008 03:06:35.149784   131 ProcessGroupNCCL.cpp:1486] [PG ID 0 PG GUID 0(default_pg) Rank 1] Watchdog joined, destroying NCCL communicators.
vcjob-2107910235463512066-abc12335-68921-worker-0:137:137 [7] NCCL INFO comm 0x564a4cb2c670 rank 1 nranks 2 cudaDev 7 busId f5000 - Destroy COMPLETE
vcjob-2107910235463512066-abc12335-68921-worker-0:134:134 [4] NCCL INFO comm 0x55a5f3061920 rank 1 nranks 2 cudaDev 4 busId 85000 - Destroy COMPLETE
vcjob-2107910235463512066-abc12335-68921-worker-0:136:136 [6] NCCL INFO comm 0x56469ac27d00 rank 1 nranks 2 cudaDev 6 busId d5000 - Destroy COMPLETE
vcjob-2107910235463512066-abc12335-68921-worker-0:132:132 [2] NCCL INFO comm 0x564962640650 rank 1 nranks 2 cudaDev 2 busId 55000 - Destroy COMPLETE
vcjob-2107910235463512066-abc12335-68921-worker-0:133:133 [3] NCCL INFO comm 0x55ff2ef7c770 rank 1 nranks 2 cudaDev 3 busId 77000 - Destroy COMPLETE
vcjob-2107910235463512066-abc12335-68921-worker-0:135:135 [5] NCCL INFO comm 0x564775ac4e80 rank 1 nranks 2 cudaDev 5 busId b5000 - Destroy COMPLETE
vcjob-2107910235463512066-abc12335-68921-worker-0:137:137 [7] NCCL INFO comm 0x564a29c49c30 rank 7 nranks 16 cudaDev 7 busId f5000 - Destroy COMPLETE
I1008 03:06:35.169301   137 ProcessGroupNCCL.cpp:1494] [PG ID 0 PG GUID 0(default_pg) Rank 7] Destroy complete.
I1008 03:06:35.169421   137 ProcessGroupNCCL.cpp:1499] [PG ID 0 PG GUID 0(default_pg) Rank 7] ProcessGroupNCCL destructor entered.
I1008 03:06:35.169446   137 ProcessGroupNCCL.cpp:1549] [PG ID 0 PG GUID 0(default_pg) Rank 7] ProcessGroupNCCL heart beat monitor thread joined.
vcjob-2107910235463512066-abc12335-68921-worker-0:136:136 [6] NCCL INFO comm 0x564677d40d70 rank 6 nranks 16 cudaDev 6 busId d5000 - Destroy COMPLETE
I1008 03:06:35.171662   136 ProcessGroupNCCL.cpp:1494] [PG ID 0 PG GUID 0(default_pg) Rank 6] Destroy complete.
I1008 03:06:35.171815   136 ProcessGroupNCCL.cpp:1499] [PG ID 0 PG GUID 0(default_pg) Rank 6] ProcessGroupNCCL destructor entered.
I1008 03:06:35.171844   136 ProcessGroupNCCL.cpp:1549] [PG ID 0 PG GUID 0(default_pg) Rank 6] ProcessGroupNCCL heart beat monitor thread joined.
vcjob-2107910235463512066-abc12335-68921-worker-0:134:134 [4] NCCL INFO comm 0x55a5d017eb70 rank 4 nranks 16 cudaDev 4 busId 85000 - Destroy COMPLETE
I1008 03:06:35.172362   134 ProcessGroupNCCL.cpp:1494] [PG ID 0 PG GUID 0(default_pg) Rank 4] Destroy complete.
I1008 03:06:35.172478   134 ProcessGroupNCCL.cpp:1499] [PG ID 0 PG GUID 0(default_pg) Rank 4] ProcessGroupNCCL destructor entered.
I1008 03:06:35.172502   134 ProcessGroupNCCL.cpp:1549] [PG ID 0 PG GUID 0(default_pg) Rank 4] ProcessGroupNCCL heart beat monitor thread joined.
vcjob-2107910235463512066-abc12335-68921-worker-0:131:131 [1] NCCL INFO comm 0x5575de016c40 rank 1 nranks 2 cudaDev 1 busId 36000 - Destroy COMPLETE
vcjob-2107910235463512066-abc12335-68921-worker-0:133:133 [3] NCCL INFO comm 0x55ff0c099b30 rank 3 nranks 16 cudaDev 3 busId 77000 - Destroy COMPLETE
I1008 03:06:35.174543   133 ProcessGroupNCCL.cpp:1494] [PG ID 0 PG GUID 0(default_pg) Rank 3] Destroy complete.
I1008 03:06:35.174858   133 ProcessGroupNCCL.cpp:1499] [PG ID 0 PG GUID 0(default_pg) Rank 3] ProcessGroupNCCL destructor entered.
I1008 03:06:35.174889   133 ProcessGroupNCCL.cpp:1549] [PG ID 0 PG GUID 0(default_pg) Rank 3] ProcessGroupNCCL heart beat monitor thread joined.
vcjob-2107910235463512066-abc12335-68921-worker-0:132:132 [2] NCCL INFO comm 0x56493f759b40 rank 2 nranks 16 cudaDev 2 busId 55000 - Destroy COMPLETE
I1008 03:06:35.175432   132 ProcessGroupNCCL.cpp:1494] [PG ID 0 PG GUID 0(default_pg) Rank 2] Destroy complete.
I1008 03:06:35.175566   132 ProcessGroupNCCL.cpp:1499] [PG ID 0 PG GUID 0(default_pg) Rank 2] ProcessGroupNCCL destructor entered.
I1008 03:06:35.175598   132 ProcessGroupNCCL.cpp:1549] [PG ID 0 PG GUID 0(default_pg) Rank 2] ProcessGroupNCCL heart beat monitor thread joined.
vcjob-2107910235463512066-abc12335-68921-worker-0:135:135 [5] NCCL INFO comm 0x564752be1e30 rank 5 nranks 16 cudaDev 5 busId b5000 - Destroy COMPLETE
I1008 03:06:35.181275   135 ProcessGroupNCCL.cpp:1494] [PG ID 0 PG GUID 0(default_pg) Rank 5] Destroy complete.
I1008 03:06:35.181506   135 ProcessGroupNCCL.cpp:1499] [PG ID 0 PG GUID 0(default_pg) Rank 5] ProcessGroupNCCL destructor entered.
I1008 03:06:35.181541   135 ProcessGroupNCCL.cpp:1549] [PG ID 0 PG GUID 0(default_pg) Rank 5] ProcessGroupNCCL heart beat monitor thread joined.
vcjob-2107910235463512066-abc12335-68921-worker-0:131:131 [1] NCCL INFO comm 0x5575bb133df0 rank 1 nranks 16 cudaDev 1 busId 36000 - Destroy COMPLETE
I1008 03:06:35.182071   131 ProcessGroupNCCL.cpp:1494] [PG ID 0 PG GUID 0(default_pg) Rank 1] Destroy complete.
I1008 03:06:35.182147   131 ProcessGroupNCCL.cpp:1499] [PG ID 0 PG GUID 0(default_pg) Rank 1] ProcessGroupNCCL destructor entered.
I1008 03:06:35.182175   131 ProcessGroupNCCL.cpp:1549] [PG ID 0 PG GUID 0(default_pg) Rank 1] ProcessGroupNCCL heart beat monitor thread joined.
I1008 03:06:35.186669   130 ProcessGroupNCCL.cpp:1472] [PG ID 0 PG GUID 0(default_pg) Rank 0] Operations flushed, joining watchdog thread.
I1008 03:06:35.186970   130 ProcessGroupNCCL.cpp:1486] [PG ID 0 PG GUID 0(default_pg) Rank 0] Watchdog joined, destroying NCCL communicators.
vcjob-2107910235463512066-abc12335-68921-worker-0:130:130 [0] NCCL INFO comm 0x561dfc751dd0 rank 0 nranks 2 cudaDev 0 busId 9000 - Destroy COMPLETE
vcjob-2107910235463512066-abc12335-68921-worker-0:130:130 [0] NCCL INFO comm 0x561dfc823d50 rank 0 nranks 2 cudaDev 0 busId 9000 - Destroy COMPLETE
vcjob-2107910235463512066-abc12335-68921-worker-0:130:130 [0] NCCL INFO comm 0x561dfbd1b830 rank 0 nranks 2 cudaDev 0 busId 9000 - Destroy COMPLETE
vcjob-2107910235463512066-abc12335-68921-worker-0:130:130 [0] NCCL INFO comm 0x561dfbdd7010 rank 0 nranks 2 cudaDev 0 busId 9000 - Destroy COMPLETE
vcjob-2107910235463512066-abc12335-68921-worker-0:130:130 [0] NCCL INFO comm 0x561dfbe927f0 rank 0 nranks 2 cudaDev 0 busId 9000 - Destroy COMPLETE
vcjob-2107910235463512066-abc12335-68921-worker-0:130:130 [0] NCCL INFO comm 0x561dfbf4dfd0 rank 0 nranks 2 cudaDev 0 busId 9000 - Destroy COMPLETE
vcjob-2107910235463512066-abc12335-68921-worker-0:130:130 [0] NCCL INFO comm 0x561dfc0097b0 rank 0 nranks 2 cudaDev 0 busId 9000 - Destroy COMPLETE
vcjob-2107910235463512066-abc12335-68921-worker-0:130:130 [0] NCCL INFO comm 0x561dd8dbcb40 rank 0 nranks 16 cudaDev 0 busId 9000 - Destroy COMPLETE
vcjob-2107910235463512066-abc12335-68921-worker-0:130:130 [0] NCCL INFO comm 0x561dfc153870 rank 0 nranks 2 cudaDev 0 busId 9000 - Destroy COMPLETE
vcjob-2107910235463512066-abc12335-68921-worker-0:130:130 [0] NCCL INFO comm 0x561dfc20f050 rank 0 nranks 2 cudaDev 0 busId 9000 - Destroy COMPLETE
vcjob-2107910235463512066-abc12335-68921-worker-0:130:130 [0] NCCL INFO comm 0x561dfc4417f0 rank 0 nranks 2 cudaDev 0 busId 9000 - Destroy COMPLETE
vcjob-2107910235463512066-abc12335-68921-worker-0:130:130 [0] NCCL INFO comm 0x561dfc2ca830 rank 0 nranks 2 cudaDev 0 busId 9000 - Destroy COMPLETE
vcjob-2107910235463512066-abc12335-68921-worker-0:130:130 [0] NCCL INFO comm 0x561dfc386010 rank 0 nranks 2 cudaDev 0 busId 9000 - Destroy COMPLETE
vcjob-2107910235463512066-abc12335-68921-worker-0:130:130 [0] NCCL INFO comm 0x561dfc4fcfd0 rank 0 nranks 2 cudaDev 0 busId 9000 - Destroy COMPLETE
vcjob-2107910235463512066-abc12335-68921-worker-0:130:130 [0] NCCL INFO comm 0x561dfc683fa0 rank 0 nranks 2 cudaDev 0 busId 9000 - Destroy COMPLETE
vcjob-2107910235463512066-abc12335-68921-worker-0:130:130 [0] NCCL INFO comm 0x561dfc5b87b0 rank 0 nranks 2 cudaDev 0 busId 9000 - Destroy COMPLETE
I1008 03:06:35.440256   130 ProcessGroupNCCL.cpp:1494] [PG ID 0 PG GUID 0(default_pg) Rank 0] Destroy complete.
I1008 03:06:35.440431   130 ProcessGroupNCCL.cpp:1499] [PG ID 0 PG GUID 0(default_pg) Rank 0] ProcessGroupNCCL destructor entered.
I1008 03:06:35.440462   130 ProcessGroupNCCL.cpp:1549] [PG ID 0 PG GUID 0(default_pg) Rank 0] ProcessGroupNCCL heart beat monitor thread joined.
