WARNING: Logging before InitGoogleLogging() is written to STDERR
I1008 14:56:21.329558   273 ProcessGroupNCCL.cpp:1007] [PG ID 0 PG GUID 0 Rank 4] ProcessGroupNCCL initialization options: size: 16, global rank: 4, TIMEOUT(ms): 600000, USE_HIGH_PRIORITY_STREAM: 0, SPLIT_FROM: 0, SPLIT_COLOR: -2, PG Name: 0
I1008 14:56:21.329619   273 ProcessGroupNCCL.cpp:1016] [PG ID 0 PG GUID 0 Rank 4] ProcessGroupNCCL environments: NCCL version: 2.22.3, TORCH_NCCL_ASYNC_ERROR_HANDLING: 1, TORCH_NCCL_DUMP_ON_TIMEOUT: 1, TORCH_NCCL_PROPAGATE_ERROR: 0, TORCH_NCCL_WAIT_TIMEOUT_DUMP_MILSEC: 60000, TORCH_NCCL_DESYNC_DEBUG: 0, TORCH_NCCL_ENABLE_TIMING: 0, TORCH_NCCL_BLOCKING_WAIT: 0, TORCH_DISTRIBUTED_DEBUG: OFF, TORCH_NCCL_USE_TENSOR_REGISTER_ALLOCATOR_HOOK: 0, TORCH_NCCL_ENABLE_MONITORING: 1, TORCH_NCCL_HEARTBEAT_TIMEOUT_SEC: 480, TORCH_NCCL_TRACE_BUFFER_SIZE: 2000, TORCH_NCCL_COORD_CHECK_MILSEC: 1000, TORCH_NCCL_NAN_CHECK: 0, TORCH_NCCL_CUDA_EVENT_CACHE: 1, TORCH_NCCL_LOG_CPP_STACK_ON_UNCLEAN_SHUTDOWN: 1
WARNING: Logging before InitGoogleLogging() is written to STDERR
I1008 14:56:21.350975   269 ProcessGroupNCCL.cpp:1007] [PG ID 0 PG GUID 0 Rank 0] ProcessGroupNCCL initialization options: size: 16, global rank: 0, TIMEOUT(ms): 600000, USE_HIGH_PRIORITY_STREAM: 0, SPLIT_FROM: 0, SPLIT_COLOR: -2, PG Name: 0
I1008 14:56:21.351035   269 ProcessGroupNCCL.cpp:1016] [PG ID 0 PG GUID 0 Rank 0] ProcessGroupNCCL environments: NCCL version: 2.22.3, TORCH_NCCL_ASYNC_ERROR_HANDLING: 1, TORCH_NCCL_DUMP_ON_TIMEOUT: 1, TORCH_NCCL_PROPAGATE_ERROR: 0, TORCH_NCCL_WAIT_TIMEOUT_DUMP_MILSEC: 60000, TORCH_NCCL_DESYNC_DEBUG: 0, TORCH_NCCL_ENABLE_TIMING: 0, TORCH_NCCL_BLOCKING_WAIT: 0, TORCH_DISTRIBUTED_DEBUG: OFF, TORCH_NCCL_USE_TENSOR_REGISTER_ALLOCATOR_HOOK: 0, TORCH_NCCL_ENABLE_MONITORING: 1, TORCH_NCCL_HEARTBEAT_TIMEOUT_SEC: 480, TORCH_NCCL_TRACE_BUFFER_SIZE: 2000, TORCH_NCCL_COORD_CHECK_MILSEC: 1000, TORCH_NCCL_NAN_CHECK: 0, TORCH_NCCL_CUDA_EVENT_CACHE: 1, TORCH_NCCL_LOG_CPP_STACK_ON_UNCLEAN_SHUTDOWN: 1
World: 16 ranks across 2 nodes
Chunk: 8.0 MB per producer
Iterations: 100 (+10 warmup)

I1008 14:56:21.388664   273 ProcessGroupNCCL.cpp:1107] [PG ID 0 PG GUID 0(default_pg) Rank 4] Using non-blocking mode: 0
WARNING: Logging before InitGoogleLogging() is written to STDERR
I1008 14:56:21.391712   276 ProcessGroupNCCL.cpp:1007] [PG ID 0 PG GUID 0 Rank 7] ProcessGroupNCCL initialization options: size: 16, global rank: 7, TIMEOUT(ms): 600000, USE_HIGH_PRIORITY_STREAM: 0, SPLIT_FROM: 0, SPLIT_COLOR: -2, PG Name: 0
I1008 14:56:21.391753   276 ProcessGroupNCCL.cpp:1016] [PG ID 0 PG GUID 0 Rank 7] ProcessGroupNCCL environments: NCCL version: 2.22.3, TORCH_NCCL_ASYNC_ERROR_HANDLING: 1, TORCH_NCCL_DUMP_ON_TIMEOUT: 1, TORCH_NCCL_PROPAGATE_ERROR: 0, TORCH_NCCL_WAIT_TIMEOUT_DUMP_MILSEC: 60000, TORCH_NCCL_DESYNC_DEBUG: 0, TORCH_NCCL_ENABLE_TIMING: 0, TORCH_NCCL_BLOCKING_WAIT: 0, TORCH_DISTRIBUTED_DEBUG: OFF, TORCH_NCCL_USE_TENSOR_REGISTER_ALLOCATOR_HOOK: 0, TORCH_NCCL_ENABLE_MONITORING: 1, TORCH_NCCL_HEARTBEAT_TIMEOUT_SEC: 480, TORCH_NCCL_TRACE_BUFFER_SIZE: 2000, TORCH_NCCL_COORD_CHECK_MILSEC: 1000, TORCH_NCCL_NAN_CHECK: 0, TORCH_NCCL_CUDA_EVENT_CACHE: 1, TORCH_NCCL_LOG_CPP_STACK_ON_UNCLEAN_SHUTDOWN: 1
I1008 14:56:21.411693   269 ProcessGroupNCCL.cpp:1107] [PG ID 0 PG GUID 0(default_pg) Rank 0] Using non-blocking mode: 0

vcjob-2108088646234832897-abc12335-35908-worker-0:269:269 [0] /data/jenkins_workspace/workspace/rccl_release/build/hipify/src/init.cc:170 NCCL WARN NUMA auto balancing enabled which can lead to variability in the RCCL performance! Disable by "sudo sysctl kernel.numa_balancing=0"
vcjob-2108088646234832897-abc12335-35908-worker-0:269:269 [0] NCCL INFO Kernel version: 5.15.0-25-generic

vcjob-2108088646234832897-abc12335-35908-worker-0:269:269 [0] /data/jenkins_workspace/workspace/rccl_release/build/hipify/src/init.cc:191 NCCL WARN Missing "iommu=pt" from kernel command line which can lead to system instablity or hang!
vcjob-2108088646234832897-abc12335-35908-worker-0:269:269 [0] NCCL INFO Disabled GDRCopy equivalent memory allocation on gfx936 due to GPU architecture
vcjob-2108088646234832897-abc12335-35908-worker-0:269:269 [0] NCCL INFO NCCL_SOCKET_IFNAME set by environment to eth
vcjob-2108088646234832897-abc12335-35908-worker-0:269:269 [0] NCCL INFO Bootstrap : Using eth0:172.31.59.244<0>
I1008 14:56:21.412745   269 ProcessGroupNCCL.cpp:2857] [PG ID 0 PG GUID 0(default_pg) Rank 0] ProcessGroupNCCL broadcast unique ID through store took 0.10335 ms
I1008 14:56:21.412779   269 NCCLUtils.cpp:75] Rank 0: creating NCCL communicator with mode: blocking
vcjob-2108088646234832897-abc12335-35908-worker-0:269:269 [0] NCCL INFO ROCr version 1.11
vcjob-2108088646234832897-abc12335-35908-worker-0:269:269 [0] NCCL INFO Dmabuf feature disabled without NCCL_DMABUF_ENABLE=1

vcjob-2108088646234832897-abc12335-35908-worker-0:269:269 [0] /data/jenkins_workspace/workspace/rccl_release/build/hipify/src/init.cc:170 NCCL WARN NUMA auto balancing enabled which can lead to variability in the RCCL performance! Disable by "sudo sysctl kernel.numa_balancing=0"
vcjob-2108088646234832897-abc12335-35908-worker-0:269:269 [0] NCCL INFO Kernel version: 5.15.0-25-generic

vcjob-2108088646234832897-abc12335-35908-worker-0:269:269 [0] /data/jenkins_workspace/workspace/rccl_release/build/hipify/src/init.cc:191 NCCL WARN Missing "iommu=pt" from kernel command line which can lead to system instablity or hang!
vcjob-2108088646234832897-abc12335-35908-worker-0:269:269 [0] NCCL INFO RCCL version : 2.22.3-HEAD:19c80f7
HIP version  : 6.3.26102-a22a51fa
ROCm version : 6.3.3.0-0-c1d64df
Hostname     : vcjob-2108088646234832897-abc12335-35908-worker-0
Librccl path : /opt/dtk/lib/librccl.so.1
I1008 14:56:21.413130   273 ProcessGroupNCCL.cpp:2857] [PG ID 0 PG GUID 0(default_pg) Rank 4] ProcessGroupNCCL broadcast unique ID through store took 24.4215 ms
I1008 14:56:21.413228   273 NCCLUtils.cpp:75] Rank 4: creating NCCL communicator with mode: blocking
vcjob-2108088646234832897-abc12335-35908-worker-0:269:269 [0] NCCL INFO Comm config Blocking set to 1
vcjob-2108088646234832897-abc12335-35908-worker-0:273:273 [4] NCCL INFO ROCr version 1.11
vcjob-2108088646234832897-abc12335-35908-worker-0:273:273 [4] NCCL INFO Dmabuf feature disabled without NCCL_DMABUF_ENABLE=1

vcjob-2108088646234832897-abc12335-35908-worker-0:273:273 [4] /data/jenkins_workspace/workspace/rccl_release/build/hipify/src/init.cc:170 NCCL WARN NUMA auto balancing enabled which can lead to variability in the RCCL performance! Disable by "sudo sysctl kernel.numa_balancing=0"
vcjob-2108088646234832897-abc12335-35908-worker-0:273:273 [4] NCCL INFO Kernel version: 5.15.0-25-generic

vcjob-2108088646234832897-abc12335-35908-worker-0:273:273 [4] /data/jenkins_workspace/workspace/rccl_release/build/hipify/src/init.cc:191 NCCL WARN Missing "iommu=pt" from kernel command line which can lead to system instablity or hang!
vcjob-2108088646234832897-abc12335-35908-worker-0:273:273 [4] NCCL INFO Disabled GDRCopy equivalent memory allocation on gfx936 due to GPU architecture
vcjob-2108088646234832897-abc12335-35908-worker-0:273:273 [4] NCCL INFO NCCL_SOCKET_IFNAME set by environment to eth
vcjob-2108088646234832897-abc12335-35908-worker-0:273:273 [4] NCCL INFO Bootstrap : Using eth0:172.31.59.244<0>
vcjob-2108088646234832897-abc12335-35908-worker-0:273:273 [4] NCCL INFO RCCL version : 2.22.3-HEAD:19c80f7
HIP version  : 6.3.26102-a22a51fa
ROCm version : 6.3.3.0-0-c1d64df
Hostname     : vcjob-2108088646234832897-abc12335-35908-worker-0
Librccl path : /opt/dtk/lib/librccl.so.1
vcjob-2108088646234832897-abc12335-35908-worker-0:273:273 [4] NCCL INFO Comm config Blocking set to 1
WARNING: Logging before InitGoogleLogging() is written to STDERR
I1008 14:56:21.437391   271 ProcessGroupNCCL.cpp:1007] [PG ID 0 PG GUID 0 Rank 2] ProcessGroupNCCL initialization options: size: 16, global rank: 2, TIMEOUT(ms): 600000, USE_HIGH_PRIORITY_STREAM: 0, SPLIT_FROM: 0, SPLIT_COLOR: -2, PG Name: 0
I1008 14:56:21.437443   271 ProcessGroupNCCL.cpp:1016] [PG ID 0 PG GUID 0 Rank 2] ProcessGroupNCCL environments: NCCL version: 2.22.3, TORCH_NCCL_ASYNC_ERROR_HANDLING: 1, TORCH_NCCL_DUMP_ON_TIMEOUT: 1, TORCH_NCCL_PROPAGATE_ERROR: 0, TORCH_NCCL_WAIT_TIMEOUT_DUMP_MILSEC: 60000, TORCH_NCCL_DESYNC_DEBUG: 0, TORCH_NCCL_ENABLE_TIMING: 0, TORCH_NCCL_BLOCKING_WAIT: 0, TORCH_DISTRIBUTED_DEBUG: OFF, TORCH_NCCL_USE_TENSOR_REGISTER_ALLOCATOR_HOOK: 0, TORCH_NCCL_ENABLE_MONITORING: 1, TORCH_NCCL_HEARTBEAT_TIMEOUT_SEC: 480, TORCH_NCCL_TRACE_BUFFER_SIZE: 2000, TORCH_NCCL_COORD_CHECK_MILSEC: 1000, TORCH_NCCL_NAN_CHECK: 0, TORCH_NCCL_CUDA_EVENT_CACHE: 1, TORCH_NCCL_LOG_CPP_STACK_ON_UNCLEAN_SHUTDOWN: 1
WARNING: Logging before InitGoogleLogging() is written to STDERR
I1008 14:56:21.442479   270 ProcessGroupNCCL.cpp:1007] [PG ID 0 PG GUID 0 Rank 1] ProcessGroupNCCL initialization options: size: 16, global rank: 1, TIMEOUT(ms): 600000, USE_HIGH_PRIORITY_STREAM: 0, SPLIT_FROM: 0, SPLIT_COLOR: -2, PG Name: 0
I1008 14:56:21.442530   270 ProcessGroupNCCL.cpp:1016] [PG ID 0 PG GUID 0 Rank 1] ProcessGroupNCCL environments: NCCL version: 2.22.3, TORCH_NCCL_ASYNC_ERROR_HANDLING: 1, TORCH_NCCL_DUMP_ON_TIMEOUT: 1, TORCH_NCCL_PROPAGATE_ERROR: 0, TORCH_NCCL_WAIT_TIMEOUT_DUMP_MILSEC: 60000, TORCH_NCCL_DESYNC_DEBUG: 0, TORCH_NCCL_ENABLE_TIMING: 0, TORCH_NCCL_BLOCKING_WAIT: 0, TORCH_DISTRIBUTED_DEBUG: OFF, TORCH_NCCL_USE_TENSOR_REGISTER_ALLOCATOR_HOOK: 0, TORCH_NCCL_ENABLE_MONITORING: 1, TORCH_NCCL_HEARTBEAT_TIMEOUT_SEC: 480, TORCH_NCCL_TRACE_BUFFER_SIZE: 2000, TORCH_NCCL_COORD_CHECK_MILSEC: 1000, TORCH_NCCL_NAN_CHECK: 0, TORCH_NCCL_CUDA_EVENT_CACHE: 1, TORCH_NCCL_LOG_CPP_STACK_ON_UNCLEAN_SHUTDOWN: 1
WARNING: Logging before InitGoogleLogging() is written to STDERR
I1008 14:56:21.444057   275 ProcessGroupNCCL.cpp:1007] [PG ID 0 PG GUID 0 Rank 6] ProcessGroupNCCL initialization options: size: 16, global rank: 6, TIMEOUT(ms): 600000, USE_HIGH_PRIORITY_STREAM: 0, SPLIT_FROM: 0, SPLIT_COLOR: -2, PG Name: 0
I1008 14:56:21.444114   275 ProcessGroupNCCL.cpp:1016] [PG ID 0 PG GUID 0 Rank 6] ProcessGroupNCCL environments: NCCL version: 2.22.3, TORCH_NCCL_ASYNC_ERROR_HANDLING: 1, TORCH_NCCL_DUMP_ON_TIMEOUT: 1, TORCH_NCCL_PROPAGATE_ERROR: 0, TORCH_NCCL_WAIT_TIMEOUT_DUMP_MILSEC: 60000, TORCH_NCCL_DESYNC_DEBUG: 0, TORCH_NCCL_ENABLE_TIMING: 0, TORCH_NCCL_BLOCKING_WAIT: 0, TORCH_DISTRIBUTED_DEBUG: OFF, TORCH_NCCL_USE_TENSOR_REGISTER_ALLOCATOR_HOOK: 0, TORCH_NCCL_ENABLE_MONITORING: 1, TORCH_NCCL_HEARTBEAT_TIMEOUT_SEC: 480, TORCH_NCCL_TRACE_BUFFER_SIZE: 2000, TORCH_NCCL_COORD_CHECK_MILSEC: 1000, TORCH_NCCL_NAN_CHECK: 0, TORCH_NCCL_CUDA_EVENT_CACHE: 1, TORCH_NCCL_LOG_CPP_STACK_ON_UNCLEAN_SHUTDOWN: 1
I1008 14:56:21.452714   276 ProcessGroupNCCL.cpp:1107] [PG ID 0 PG GUID 0(default_pg) Rank 7] Using non-blocking mode: 0
I1008 14:56:21.452941   276 ProcessGroupNCCL.cpp:2857] [PG ID 0 PG GUID 0(default_pg) Rank 7] ProcessGroupNCCL broadcast unique ID through store took 0.193081 ms
I1008 14:56:21.452979   276 NCCLUtils.cpp:75] Rank 7: creating NCCL communicator with mode: blocking
vcjob-2108088646234832897-abc12335-35908-worker-0:276:276 [7] NCCL INFO ROCr version 1.11
vcjob-2108088646234832897-abc12335-35908-worker-0:276:276 [7] NCCL INFO Dmabuf feature disabled without NCCL_DMABUF_ENABLE=1

vcjob-2108088646234832897-abc12335-35908-worker-0:276:276 [7] /data/jenkins_workspace/workspace/rccl_release/build/hipify/src/init.cc:170 NCCL WARN NUMA auto balancing enabled which can lead to variability in the RCCL performance! Disable by "sudo sysctl kernel.numa_balancing=0"
vcjob-2108088646234832897-abc12335-35908-worker-0:276:276 [7] NCCL INFO Kernel version: 5.15.0-25-generic

vcjob-2108088646234832897-abc12335-35908-worker-0:276:276 [7] /data/jenkins_workspace/workspace/rccl_release/build/hipify/src/init.cc:191 NCCL WARN Missing "iommu=pt" from kernel command line which can lead to system instablity or hang!
vcjob-2108088646234832897-abc12335-35908-worker-0:276:276 [7] NCCL INFO Disabled GDRCopy equivalent memory allocation on gfx936 due to GPU architecture
vcjob-2108088646234832897-abc12335-35908-worker-0:276:276 [7] NCCL INFO NCCL_SOCKET_IFNAME set by environment to eth
vcjob-2108088646234832897-abc12335-35908-worker-0:276:276 [7] NCCL INFO Bootstrap : Using eth0:172.31.59.244<0>
vcjob-2108088646234832897-abc12335-35908-worker-0:276:276 [7] NCCL INFO RCCL version : 2.22.3-HEAD:19c80f7
HIP version  : 6.3.26102-a22a51fa
ROCm version : 6.3.3.0-0-c1d64df
Hostname     : vcjob-2108088646234832897-abc12335-35908-worker-0
Librccl path : /opt/dtk/lib/librccl.so.1
WARNING: Logging before InitGoogleLogging() is written to STDERR
vcjob-2108088646234832897-abc12335-35908-worker-0:276:276 [7] NCCL INFO Comm config Blocking set to 1
I1008 14:56:21.453881   274 ProcessGroupNCCL.cpp:1007] [PG ID 0 PG GUID 0 Rank 5] ProcessGroupNCCL initialization options: size: 16, global rank: 5, TIMEOUT(ms): 600000, USE_HIGH_PRIORITY_STREAM: 0, SPLIT_FROM: 0, SPLIT_COLOR: -2, PG Name: 0
I1008 14:56:21.453939   274 ProcessGroupNCCL.cpp:1016] [PG ID 0 PG GUID 0 Rank 5] ProcessGroupNCCL environments: NCCL version: 2.22.3, TORCH_NCCL_ASYNC_ERROR_HANDLING: 1, TORCH_NCCL_DUMP_ON_TIMEOUT: 1, TORCH_NCCL_PROPAGATE_ERROR: 0, TORCH_NCCL_WAIT_TIMEOUT_DUMP_MILSEC: 60000, TORCH_NCCL_DESYNC_DEBUG: 0, TORCH_NCCL_ENABLE_TIMING: 0, TORCH_NCCL_BLOCKING_WAIT: 0, TORCH_DISTRIBUTED_DEBUG: OFF, TORCH_NCCL_USE_TENSOR_REGISTER_ALLOCATOR_HOOK: 0, TORCH_NCCL_ENABLE_MONITORING: 1, TORCH_NCCL_HEARTBEAT_TIMEOUT_SEC: 480, TORCH_NCCL_TRACE_BUFFER_SIZE: 2000, TORCH_NCCL_COORD_CHECK_MILSEC: 1000, TORCH_NCCL_NAN_CHECK: 0, TORCH_NCCL_CUDA_EVENT_CACHE: 1, TORCH_NCCL_LOG_CPP_STACK_ON_UNCLEAN_SHUTDOWN: 1
WARNING: Logging before InitGoogleLogging() is written to STDERR
I1008 14:56:21.462873   272 ProcessGroupNCCL.cpp:1007] [PG ID 0 PG GUID 0 Rank 3] ProcessGroupNCCL initialization options: size: 16, global rank: 3, TIMEOUT(ms): 600000, USE_HIGH_PRIORITY_STREAM: 0, SPLIT_FROM: 0, SPLIT_COLOR: -2, PG Name: 0
I1008 14:56:21.462930   272 ProcessGroupNCCL.cpp:1016] [PG ID 0 PG GUID 0 Rank 3] ProcessGroupNCCL environments: NCCL version: 2.22.3, TORCH_NCCL_ASYNC_ERROR_HANDLING: 1, TORCH_NCCL_DUMP_ON_TIMEOUT: 1, TORCH_NCCL_PROPAGATE_ERROR: 0, TORCH_NCCL_WAIT_TIMEOUT_DUMP_MILSEC: 60000, TORCH_NCCL_DESYNC_DEBUG: 0, TORCH_NCCL_ENABLE_TIMING: 0, TORCH_NCCL_BLOCKING_WAIT: 0, TORCH_DISTRIBUTED_DEBUG: OFF, TORCH_NCCL_USE_TENSOR_REGISTER_ALLOCATOR_HOOK: 0, TORCH_NCCL_ENABLE_MONITORING: 1, TORCH_NCCL_HEARTBEAT_TIMEOUT_SEC: 480, TORCH_NCCL_TRACE_BUFFER_SIZE: 2000, TORCH_NCCL_COORD_CHECK_MILSEC: 1000, TORCH_NCCL_NAN_CHECK: 0, TORCH_NCCL_CUDA_EVENT_CACHE: 1, TORCH_NCCL_LOG_CPP_STACK_ON_UNCLEAN_SHUTDOWN: 1
I1008 14:56:21.494974   271 ProcessGroupNCCL.cpp:1107] [PG ID 0 PG GUID 0(default_pg) Rank 2] Using non-blocking mode: 0
I1008 14:56:21.495256   271 ProcessGroupNCCL.cpp:2857] [PG ID 0 PG GUID 0(default_pg) Rank 2] ProcessGroupNCCL broadcast unique ID through store took 0.231181 ms
I1008 14:56:21.495353   271 NCCLUtils.cpp:75] Rank 2: creating NCCL communicator with mode: blocking
vcjob-2108088646234832897-abc12335-35908-worker-0:271:271 [2] NCCL INFO ROCr version 1.11
vcjob-2108088646234832897-abc12335-35908-worker-0:271:271 [2] NCCL INFO Dmabuf feature disabled without NCCL_DMABUF_ENABLE=1

vcjob-2108088646234832897-abc12335-35908-worker-0:271:271 [2] /data/jenkins_workspace/workspace/rccl_release/build/hipify/src/init.cc:170 NCCL WARN NUMA auto balancing enabled which can lead to variability in the RCCL performance! Disable by "sudo sysctl kernel.numa_balancing=0"
vcjob-2108088646234832897-abc12335-35908-worker-0:271:271 [2] NCCL INFO Kernel version: 5.15.0-25-generic

vcjob-2108088646234832897-abc12335-35908-worker-0:271:271 [2] /data/jenkins_workspace/workspace/rccl_release/build/hipify/src/init.cc:191 NCCL WARN Missing "iommu=pt" from kernel command line which can lead to system instablity or hang!
vcjob-2108088646234832897-abc12335-35908-worker-0:271:271 [2] NCCL INFO Disabled GDRCopy equivalent memory allocation on gfx936 due to GPU architecture
vcjob-2108088646234832897-abc12335-35908-worker-0:271:271 [2] NCCL INFO NCCL_SOCKET_IFNAME set by environment to eth
vcjob-2108088646234832897-abc12335-35908-worker-0:271:271 [2] NCCL INFO Bootstrap : Using eth0:172.31.59.244<0>
vcjob-2108088646234832897-abc12335-35908-worker-0:271:271 [2] NCCL INFO RCCL version : 2.22.3-HEAD:19c80f7
HIP version  : 6.3.26102-a22a51fa
ROCm version : 6.3.3.0-0-c1d64df
Hostname     : vcjob-2108088646234832897-abc12335-35908-worker-0
Librccl path : /opt/dtk/lib/librccl.so.1
vcjob-2108088646234832897-abc12335-35908-worker-0:271:271 [2] NCCL INFO Comm config Blocking set to 1
I1008 14:56:21.497946   270 ProcessGroupNCCL.cpp:1107] [PG ID 0 PG GUID 0(default_pg) Rank 1] Using non-blocking mode: 0
I1008 14:56:21.498181   270 ProcessGroupNCCL.cpp:2857] [PG ID 0 PG GUID 0(default_pg) Rank 1] ProcessGroupNCCL broadcast unique ID through store took 0.199951 ms
I1008 14:56:21.498221   270 NCCLUtils.cpp:75] Rank 1: creating NCCL communicator with mode: blocking
vcjob-2108088646234832897-abc12335-35908-worker-0:270:270 [1] NCCL INFO ROCr version 1.11
vcjob-2108088646234832897-abc12335-35908-worker-0:270:270 [1] NCCL INFO Dmabuf feature disabled without NCCL_DMABUF_ENABLE=1

vcjob-2108088646234832897-abc12335-35908-worker-0:270:270 [1] /data/jenkins_workspace/workspace/rccl_release/build/hipify/src/init.cc:170 NCCL WARN NUMA auto balancing enabled which can lead to variability in the RCCL performance! Disable by "sudo sysctl kernel.numa_balancing=0"
vcjob-2108088646234832897-abc12335-35908-worker-0:270:270 [1] NCCL INFO Kernel version: 5.15.0-25-generic

vcjob-2108088646234832897-abc12335-35908-worker-0:270:270 [1] /data/jenkins_workspace/workspace/rccl_release/build/hipify/src/init.cc:191 NCCL WARN Missing "iommu=pt" from kernel command line which can lead to system instablity or hang!
vcjob-2108088646234832897-abc12335-35908-worker-0:270:270 [1] NCCL INFO Disabled GDRCopy equivalent memory allocation on gfx936 due to GPU architecture
vcjob-2108088646234832897-abc12335-35908-worker-0:270:270 [1] NCCL INFO NCCL_SOCKET_IFNAME set by environment to eth
vcjob-2108088646234832897-abc12335-35908-worker-0:270:270 [1] NCCL INFO Bootstrap : Using eth0:172.31.59.244<0>
vcjob-2108088646234832897-abc12335-35908-worker-0:270:270 [1] NCCL INFO RCCL version : 2.22.3-HEAD:19c80f7
HIP version  : 6.3.26102-a22a51fa
ROCm version : 6.3.3.0-0-c1d64df
Hostname     : vcjob-2108088646234832897-abc12335-35908-worker-0
Librccl path : /opt/dtk/lib/librccl.so.1
vcjob-2108088646234832897-abc12335-35908-worker-0:270:270 [1] NCCL INFO Comm config Blocking set to 1
I1008 14:56:21.500442   274 ProcessGroupNCCL.cpp:1107] [PG ID 0 PG GUID 0(default_pg) Rank 5] Using non-blocking mode: 0
I1008 14:56:21.500655   274 ProcessGroupNCCL.cpp:2857] [PG ID 0 PG GUID 0(default_pg) Rank 5] ProcessGroupNCCL broadcast unique ID through store took 0.175091 ms
I1008 14:56:21.500726   274 NCCLUtils.cpp:75] Rank 5: creating NCCL communicator with mode: blocking
vcjob-2108088646234832897-abc12335-35908-worker-0:274:274 [5] NCCL INFO ROCr version 1.11
vcjob-2108088646234832897-abc12335-35908-worker-0:274:274 [5] NCCL INFO Dmabuf feature disabled without NCCL_DMABUF_ENABLE=1

vcjob-2108088646234832897-abc12335-35908-worker-0:274:274 [5] /data/jenkins_workspace/workspace/rccl_release/build/hipify/src/init.cc:170 NCCL WARN NUMA auto balancing enabled which can lead to variability in the RCCL performance! Disable by "sudo sysctl kernel.numa_balancing=0"
vcjob-2108088646234832897-abc12335-35908-worker-0:274:274 [5] NCCL INFO Kernel version: 5.15.0-25-generic

vcjob-2108088646234832897-abc12335-35908-worker-0:274:274 [5] /data/jenkins_workspace/workspace/rccl_release/build/hipify/src/init.cc:191 NCCL WARN Missing "iommu=pt" from kernel command line which can lead to system instablity or hang!
vcjob-2108088646234832897-abc12335-35908-worker-0:274:274 [5] NCCL INFO Disabled GDRCopy equivalent memory allocation on gfx936 due to GPU architecture
vcjob-2108088646234832897-abc12335-35908-worker-0:274:274 [5] NCCL INFO NCCL_SOCKET_IFNAME set by environment to eth
vcjob-2108088646234832897-abc12335-35908-worker-0:274:274 [5] NCCL INFO Bootstrap : Using eth0:172.31.59.244<0>
vcjob-2108088646234832897-abc12335-35908-worker-0:274:274 [5] NCCL INFO RCCL version : 2.22.3-HEAD:19c80f7
HIP version  : 6.3.26102-a22a51fa
ROCm version : 6.3.3.0-0-c1d64df
Hostname     : vcjob-2108088646234832897-abc12335-35908-worker-0
Librccl path : /opt/dtk/lib/librccl.so.1
vcjob-2108088646234832897-abc12335-35908-worker-0:274:274 [5] NCCL INFO Comm config Blocking set to 1
vcjob-2108088646234832897-abc12335-35908-worker-0:273:359 [4] NCCL INFO NET/Plugin: Plugin name set by env to librccl-net-shca.so
vcjob-2108088646234832897-abc12335-35908-worker-0:269:358 [0] NCCL INFO NET/Plugin: Plugin name set by env to librccl-net-shca.so
vcjob-2108088646234832897-abc12335-35908-worker-0:269:358 [0] NCCL INFO NET/Plugin: Failed to find ncclCollNetPlugin_v8 symbol.
vcjob-2108088646234832897-abc12335-35908-worker-0:273:359 [4] NCCL INFO NET/Plugin: Failed to find ncclCollNetPlugin_v8 symbol.
vcjob-2108088646234832897-abc12335-35908-worker-0:269:358 [0] NCCL INFO NET/Plugin: Failed to find ncclCollNetPlugin symbol (>= v5). ncclCollNetPlugin symbols v4 and lower are not supported.
vcjob-2108088646234832897-abc12335-35908-worker-0:273:359 [4] NCCL INFO NET/Plugin: Failed to find ncclCollNetPlugin symbol (>= v5). ncclCollNetPlugin symbols v4 and lower are not supported.
vcjob-2108088646234832897-abc12335-35908-worker-0:269:358 [0] NCCL INFO Plugin Path : /root/private_data/second_hygon/phase4-arrival-heterogeneity/../rdma-shca/topo_lib/lib/librccl-net-shca.so
vcjob-2108088646234832897-abc12335-35908-worker-0:273:359 [4] NCCL INFO Plugin Path : /root/private_data/second_hygon/phase4-arrival-heterogeneity/../rdma-shca/topo_lib/lib/librccl-net-shca.so
vcjob-2108088646234832897-abc12335-35908-worker-0:269:358 [0] NCCL INFO P2P plugin v8 IBext_v8
vcjob-2108088646234832897-abc12335-35908-worker-0:273:359 [4] NCCL INFO P2P plugin v8 IBext_v8
vcjob-2108088646234832897-abc12335-35908-worker-0:273:359 [4] NCCL INFO NCCL_SOCKET_IFNAME set by environment to eth
vcjob-2108088646234832897-abc12335-35908-worker-0:269:358 [0] NCCL INFO NCCL_SOCKET_IFNAME set by environment to eth
I1008 14:56:21.508948   275 ProcessGroupNCCL.cpp:1107] [PG ID 0 PG GUID 0(default_pg) Rank 6] Using non-blocking mode: 0
I1008 14:56:21.509163   275 ProcessGroupNCCL.cpp:2857] [PG ID 0 PG GUID 0(default_pg) Rank 6] ProcessGroupNCCL broadcast unique ID through store took 0.192651 ms
I1008 14:56:21.509198   275 NCCLUtils.cpp:75] Rank 6: creating NCCL communicator with mode: blocking
vcjob-2108088646234832897-abc12335-35908-worker-0:275:275 [6] NCCL INFO ROCr version 1.11
vcjob-2108088646234832897-abc12335-35908-worker-0:275:275 [6] NCCL INFO Dmabuf feature disabled without NCCL_DMABUF_ENABLE=1

vcjob-2108088646234832897-abc12335-35908-worker-0:275:275 [6] /data/jenkins_workspace/workspace/rccl_release/build/hipify/src/init.cc:170 NCCL WARN NUMA auto balancing enabled which can lead to variability in the RCCL performance! Disable by "sudo sysctl kernel.numa_balancing=0"
vcjob-2108088646234832897-abc12335-35908-worker-0:275:275 [6] NCCL INFO Kernel version: 5.15.0-25-generic

vcjob-2108088646234832897-abc12335-35908-worker-0:275:275 [6] /data/jenkins_workspace/workspace/rccl_release/build/hipify/src/init.cc:191 NCCL WARN Missing "iommu=pt" from kernel command line which can lead to system instablity or hang!
vcjob-2108088646234832897-abc12335-35908-worker-0:275:275 [6] NCCL INFO Disabled GDRCopy equivalent memory allocation on gfx936 due to GPU architecture
vcjob-2108088646234832897-abc12335-35908-worker-0:275:275 [6] NCCL INFO NCCL_SOCKET_IFNAME set by environment to eth
vcjob-2108088646234832897-abc12335-35908-worker-0:275:275 [6] NCCL INFO Bootstrap : Using eth0:172.31.59.244<0>
vcjob-2108088646234832897-abc12335-35908-worker-0:275:275 [6] NCCL INFO RCCL version : 2.22.3-HEAD:19c80f7
HIP version  : 6.3.26102-a22a51fa
ROCm version : 6.3.3.0-0-c1d64df
Hostname     : vcjob-2108088646234832897-abc12335-35908-worker-0
Librccl path : /opt/dtk/lib/librccl.so.1
vcjob-2108088646234832897-abc12335-35908-worker-0:275:275 [6] NCCL INFO Comm config Blocking set to 1
open fd: No such file or directory
open fd: No such file or directory
open lockfd: No such file or directory
open lockfd: No such file or directory
open fd: No such file or directory
open lockfd: No such file or directory
open fd: No such file or directory
open lockfd: No such file or directory
open fd: No such file or directory
open lockfd: No such file or directory
open fd: No such file or directory
open lockfd: No such file or directory
open fd: No such file or directory
open lockfd: No such file or directory
open fd: No such file or directory
open lockfd: No such file or directory
vcjob-2108088646234832897-abc12335-35908-worker-0:273:359 [4] NCCL INFO NET/IB : Using [0]shca_0:1/IB [1]shca_1:1/IB [2]shca_2:1/IB [3]shca_3:1/IB ; OOB eth0:172.31.59.244<0>
vcjob-2108088646234832897-abc12335-35908-worker-0:273:359 [4] NCCL INFO Using network IBext_v8
vcjob-2108088646234832897-abc12335-35908-worker-0:269:358 [0] NCCL INFO NET/IB : Using [0]shca_0:1/IB [1]shca_1:1/IB [2]shca_2:1/IB [3]shca_3:1/IB ; OOB eth0:172.31.59.244<0>
vcjob-2108088646234832897-abc12335-35908-worker-0:269:358 [0] NCCL INFO Using network IBext_v8
vcjob-2108088646234832897-abc12335-35908-worker-0:276:369 [7] NCCL INFO NET/Plugin: Plugin name set by env to librccl-net-shca.so
vcjob-2108088646234832897-abc12335-35908-worker-0:276:369 [7] NCCL INFO NET/Plugin: Failed to find ncclCollNetPlugin_v8 symbol.
vcjob-2108088646234832897-abc12335-35908-worker-0:276:369 [7] NCCL INFO NET/Plugin: Failed to find ncclCollNetPlugin symbol (>= v5). ncclCollNetPlugin symbols v4 and lower are not supported.
vcjob-2108088646234832897-abc12335-35908-worker-0:276:369 [7] NCCL INFO Plugin Path : /root/private_data/second_hygon/phase4-arrival-heterogeneity/../rdma-shca/topo_lib/lib/librccl-net-shca.so
vcjob-2108088646234832897-abc12335-35908-worker-0:276:369 [7] NCCL INFO P2P plugin v8 IBext_v8
vcjob-2108088646234832897-abc12335-35908-worker-0:276:369 [7] NCCL INFO NCCL_SOCKET_IFNAME set by environment to eth
open fd: No such file or directory
open lockfd: No such file or directory
open fd: No such file or directory
open lockfd: No such file or directory
open fd: No such file or directory
open lockfd: No such file or directory
open fd: No such file or directory
open lockfd: No such file or directory
vcjob-2108088646234832897-abc12335-35908-worker-0:276:369 [7] NCCL INFO NET/IB : Using [0]shca_0:1/IB [1]shca_1:1/IB [2]shca_2:1/IB [3]shca_3:1/IB ; OOB eth0:172.31.59.244<0>
vcjob-2108088646234832897-abc12335-35908-worker-0:276:369 [7] NCCL INFO Using network IBext_v8
vcjob-2108088646234832897-abc12335-35908-worker-0:271:376 [2] NCCL INFO NET/Plugin: Plugin name set by env to librccl-net-shca.so
vcjob-2108088646234832897-abc12335-35908-worker-0:271:376 [2] NCCL INFO NET/Plugin: Failed to find ncclCollNetPlugin_v8 symbol.
vcjob-2108088646234832897-abc12335-35908-worker-0:271:376 [2] NCCL INFO NET/Plugin: Failed to find ncclCollNetPlugin symbol (>= v5). ncclCollNetPlugin symbols v4 and lower are not supported.
vcjob-2108088646234832897-abc12335-35908-worker-0:271:376 [2] NCCL INFO Plugin Path : /root/private_data/second_hygon/phase4-arrival-heterogeneity/../rdma-shca/topo_lib/lib/librccl-net-shca.so
vcjob-2108088646234832897-abc12335-35908-worker-0:271:376 [2] NCCL INFO P2P plugin v8 IBext_v8
vcjob-2108088646234832897-abc12335-35908-worker-0:271:376 [2] NCCL INFO NCCL_SOCKET_IFNAME set by environment to eth
open fd: No such file or directory
open lockfd: No such file or directory
open fd: No such file or directory
open lockfd: No such file or directory
open fd: No such file or directory
open lockfd: No such file or directory
open fd: No such file or directory
open lockfd: No such file or directory
I1008 14:56:21.551406   272 ProcessGroupNCCL.cpp:1107] [PG ID 0 PG GUID 0(default_pg) Rank 3] Using non-blocking mode: 0
vcjob-2108088646234832897-abc12335-35908-worker-0:271:376 [2] NCCL INFO NET/IB : Using [0]shca_0:1/IB [1]shca_1:1/IB [2]shca_2:1/IB [3]shca_3:1/IB ; OOB eth0:172.31.59.244<0>
vcjob-2108088646234832897-abc12335-35908-worker-0:271:376 [2] NCCL INFO Using network IBext_v8
I1008 14:56:21.551647   272 ProcessGroupNCCL.cpp:2857] [PG ID 0 PG GUID 0(default_pg) Rank 3] ProcessGroupNCCL broadcast unique ID through store took 0.210631 ms
I1008 14:56:21.551693   272 NCCLUtils.cpp:75] Rank 3: creating NCCL communicator with mode: blocking
vcjob-2108088646234832897-abc12335-35908-worker-0:272:272 [3] NCCL INFO ROCr version 1.11
vcjob-2108088646234832897-abc12335-35908-worker-0:272:272 [3] NCCL INFO Dmabuf feature disabled without NCCL_DMABUF_ENABLE=1

vcjob-2108088646234832897-abc12335-35908-worker-0:272:272 [3] /data/jenkins_workspace/workspace/rccl_release/build/hipify/src/init.cc:170 NCCL WARN NUMA auto balancing enabled which can lead to variability in the RCCL performance! Disable by "sudo sysctl kernel.numa_balancing=0"
vcjob-2108088646234832897-abc12335-35908-worker-0:272:272 [3] NCCL INFO Kernel version: 5.15.0-25-generic

vcjob-2108088646234832897-abc12335-35908-worker-0:272:272 [3] /data/jenkins_workspace/workspace/rccl_release/build/hipify/src/init.cc:191 NCCL WARN Missing "iommu=pt" from kernel command line which can lead to system instablity or hang!
vcjob-2108088646234832897-abc12335-35908-worker-0:272:272 [3] NCCL INFO Disabled GDRCopy equivalent memory allocation on gfx936 due to GPU architecture
vcjob-2108088646234832897-abc12335-35908-worker-0:272:272 [3] NCCL INFO NCCL_SOCKET_IFNAME set by environment to eth
vcjob-2108088646234832897-abc12335-35908-worker-0:272:272 [3] NCCL INFO Bootstrap : Using eth0:172.31.59.244<0>
vcjob-2108088646234832897-abc12335-35908-worker-0:272:272 [3] NCCL INFO RCCL version : 2.22.3-HEAD:19c80f7
HIP version  : 6.3.26102-a22a51fa
ROCm version : 6.3.3.0-0-c1d64df
Hostname     : vcjob-2108088646234832897-abc12335-35908-worker-0
Librccl path : /opt/dtk/lib/librccl.so.1
vcjob-2108088646234832897-abc12335-35908-worker-0:272:272 [3] NCCL INFO Comm config Blocking set to 1
vcjob-2108088646234832897-abc12335-35908-worker-0:274:379 [5] NCCL INFO NET/Plugin: Plugin name set by env to librccl-net-shca.so
vcjob-2108088646234832897-abc12335-35908-worker-0:274:379 [5] NCCL INFO NET/Plugin: Failed to find ncclCollNetPlugin_v8 symbol.
vcjob-2108088646234832897-abc12335-35908-worker-0:274:379 [5] NCCL INFO NET/Plugin: Failed to find ncclCollNetPlugin symbol (>= v5). ncclCollNetPlugin symbols v4 and lower are not supported.
vcjob-2108088646234832897-abc12335-35908-worker-0:274:379 [5] NCCL INFO Plugin Path : /root/private_data/second_hygon/phase4-arrival-heterogeneity/../rdma-shca/topo_lib/lib/librccl-net-shca.so
vcjob-2108088646234832897-abc12335-35908-worker-0:274:379 [5] NCCL INFO P2P plugin v8 IBext_v8
vcjob-2108088646234832897-abc12335-35908-worker-0:270:378 [1] NCCL INFO NET/Plugin: Plugin name set by env to librccl-net-shca.so
vcjob-2108088646234832897-abc12335-35908-worker-0:270:378 [1] NCCL INFO NET/Plugin: Failed to find ncclCollNetPlugin_v8 symbol.
vcjob-2108088646234832897-abc12335-35908-worker-0:270:378 [1] NCCL INFO NET/Plugin: Failed to find ncclCollNetPlugin symbol (>= v5). ncclCollNetPlugin symbols v4 and lower are not supported.
vcjob-2108088646234832897-abc12335-35908-worker-0:274:379 [5] NCCL INFO NCCL_SOCKET_IFNAME set by environment to eth
vcjob-2108088646234832897-abc12335-35908-worker-0:270:378 [1] NCCL INFO Plugin Path : /root/private_data/second_hygon/phase4-arrival-heterogeneity/../rdma-shca/topo_lib/lib/librccl-net-shca.so
vcjob-2108088646234832897-abc12335-35908-worker-0:270:378 [1] NCCL INFO P2P plugin v8 IBext_v8
vcjob-2108088646234832897-abc12335-35908-worker-0:270:378 [1] NCCL INFO NCCL_SOCKET_IFNAME set by environment to eth
open fd: No such file or directory
open lockfd: No such file or directory
open fd: No such file or directory
open lockfd: No such file or directory
open fd: No such file or directory
open lockfd: No such file or directory
open fd: No such file or directory
open lockfd: No such file or directory
open fd: No such file or directory
open lockfd: No such file or directory
open fd: No such file or directory
open lockfd: No such file or directory
open fd: No such file or directory
open lockfd: No such file or directory
open fd: No such file or directory
open lockfd: No such file or directory
vcjob-2108088646234832897-abc12335-35908-worker-0:274:379 [5] NCCL INFO NET/IB : Using [0]shca_0:1/IB [1]shca_1:1/IB [2]shca_2:1/IB [3]shca_3:1/IB ; OOB eth0:172.31.59.244<0>
vcjob-2108088646234832897-abc12335-35908-worker-0:274:379 [5] NCCL INFO Using network IBext_v8
vcjob-2108088646234832897-abc12335-35908-worker-0:270:378 [1] NCCL INFO NET/IB : Using [0]shca_0:1/IB [1]shca_1:1/IB [2]shca_2:1/IB [3]shca_3:1/IB ; OOB eth0:172.31.59.244<0>
vcjob-2108088646234832897-abc12335-35908-worker-0:270:378 [1] NCCL INFO Using network IBext_v8
vcjob-2108088646234832897-abc12335-35908-worker-0:275:380 [6] NCCL INFO NET/Plugin: Plugin name set by env to librccl-net-shca.so
vcjob-2108088646234832897-abc12335-35908-worker-0:275:380 [6] NCCL INFO NET/Plugin: Failed to find ncclCollNetPlugin_v8 symbol.
vcjob-2108088646234832897-abc12335-35908-worker-0:275:380 [6] NCCL INFO NET/Plugin: Failed to find ncclCollNetPlugin symbol (>= v5). ncclCollNetPlugin symbols v4 and lower are not supported.
vcjob-2108088646234832897-abc12335-35908-worker-0:275:380 [6] NCCL INFO Plugin Path : /root/private_data/second_hygon/phase4-arrival-heterogeneity/../rdma-shca/topo_lib/lib/librccl-net-shca.so
vcjob-2108088646234832897-abc12335-35908-worker-0:275:380 [6] NCCL INFO P2P plugin v8 IBext_v8
vcjob-2108088646234832897-abc12335-35908-worker-0:275:380 [6] NCCL INFO NCCL_SOCKET_IFNAME set by environment to eth
open fd: No such file or directory
open lockfd: No such file or directory
open fd: No such file or directory
open lockfd: No such file or directory
open fd: No such file or directory
open lockfd: No such file or directory
open fd: No such file or directory
open lockfd: No such file or directory
vcjob-2108088646234832897-abc12335-35908-worker-0:275:380 [6] NCCL INFO NET/IB : Using [0]shca_0:1/IB [1]shca_1:1/IB [2]shca_2:1/IB [3]shca_3:1/IB ; OOB eth0:172.31.59.244<0>
vcjob-2108088646234832897-abc12335-35908-worker-0:275:380 [6] NCCL INFO Using network IBext_v8
vcjob-2108088646234832897-abc12335-35908-worker-0:272:397 [3] NCCL INFO NET/Plugin: Plugin name set by env to librccl-net-shca.so
vcjob-2108088646234832897-abc12335-35908-worker-0:272:397 [3] NCCL INFO NET/Plugin: Failed to find ncclCollNetPlugin_v8 symbol.
vcjob-2108088646234832897-abc12335-35908-worker-0:272:397 [3] NCCL INFO NET/Plugin: Failed to find ncclCollNetPlugin symbol (>= v5). ncclCollNetPlugin symbols v4 and lower are not supported.
vcjob-2108088646234832897-abc12335-35908-worker-0:272:397 [3] NCCL INFO Plugin Path : /root/private_data/second_hygon/phase4-arrival-heterogeneity/../rdma-shca/topo_lib/lib/librccl-net-shca.so
vcjob-2108088646234832897-abc12335-35908-worker-0:272:397 [3] NCCL INFO P2P plugin v8 IBext_v8
vcjob-2108088646234832897-abc12335-35908-worker-0:272:397 [3] NCCL INFO NCCL_SOCKET_IFNAME set by environment to eth
open fd: No such file or directory
open lockfd: No such file or directory
open fd: No such file or directory
open lockfd: No such file or directory
open fd: No such file or directory
open lockfd: No such file or directory
open fd: No such file or directory
open lockfd: No such file or directory
vcjob-2108088646234832897-abc12335-35908-worker-0:272:397 [3] NCCL INFO NET/IB : Using [0]shca_0:1/IB [1]shca_1:1/IB [2]shca_2:1/IB [3]shca_3:1/IB ; OOB eth0:172.31.59.244<0>
vcjob-2108088646234832897-abc12335-35908-worker-0:272:397 [3] NCCL INFO Using network IBext_v8
vcjob-2108088646234832897-abc12335-35908-worker-0:269:358 [0] NCCL INFO rocm_smi_lib: version 7.6.0.0
vcjob-2108088646234832897-abc12335-35908-worker-0:273:359 [4] NCCL INFO rocm_smi_lib: version 7.6.0.0
vcjob-2108088646234832897-abc12335-35908-worker-0:276:369 [7] NCCL INFO rocm_smi_lib: version 7.6.0.0
vcjob-2108088646234832897-abc12335-35908-worker-0:271:376 [2] NCCL INFO rocm_smi_lib: version 7.6.0.0
vcjob-2108088646234832897-abc12335-35908-worker-0:270:378 [1] NCCL INFO rocm_smi_lib: version 7.6.0.0
vcjob-2108088646234832897-abc12335-35908-worker-0:274:379 [5] NCCL INFO rocm_smi_lib: version 7.6.0.0
vcjob-2108088646234832897-abc12335-35908-worker-0:275:380 [6] NCCL INFO rocm_smi_lib: version 7.6.0.0
vcjob-2108088646234832897-abc12335-35908-worker-0:272:397 [3] NCCL INFO rocm_smi_lib: version 7.6.0.0
vcjob-2108088646234832897-abc12335-35908-worker-0:276:369 [7] NCCL INFO ncclCommInitRank comm 0x561d65e50f80 rank 7 nranks 16 cudaDev 7 nvmlDev 7 busId f5000 commId 0xbf2b47551dfa54a3 - Init START
vcjob-2108088646234832897-abc12335-35908-worker-0:275:380 [6] NCCL INFO ncclCommInitRank comm 0x562eda612130 rank 6 nranks 16 cudaDev 6 nvmlDev 6 busId d5000 commId 0xbf2b47551dfa54a3 - Init START
vcjob-2108088646234832897-abc12335-35908-worker-0:276:369 [7] NCCL INFO rank:7 get match hsa dev domain:0x0 bdf:0xf500 rank busId:0x1003520
vcjob-2108088646234832897-abc12335-35908-worker-0:275:380 [6] NCCL INFO rank:6 get match hsa dev domain:0x0 bdf:0xd500 rank busId:0x872448
vcjob-2108088646234832897-abc12335-35908-worker-0:274:379 [5] NCCL INFO ncclCommInitRank comm 0x56433e807000 rank 5 nranks 16 cudaDev 5 nvmlDev 5 busId b5000 commId 0xbf2b47551dfa54a3 - Init START
vcjob-2108088646234832897-abc12335-35908-worker-0:273:359 [4] NCCL INFO ncclCommInitRank comm 0x55f6acb08f30 rank 4 nranks 16 cudaDev 4 nvmlDev 4 busId 85000 commId 0xbf2b47551dfa54a3 - Init START
vcjob-2108088646234832897-abc12335-35908-worker-0:272:397 [3] NCCL INFO ncclCommInitRank comm 0x55f9cfa73e30 rank 3 nranks 16 cudaDev 3 nvmlDev 3 busId 77000 commId 0xbf2b47551dfa54a3 - Init START
vcjob-2108088646234832897-abc12335-35908-worker-0:276:369 [7] NCCL INFO XDP Switch is off with xdp_size : 0
vcjob-2108088646234832897-abc12335-35908-worker-0:270:378 [1] NCCL INFO ncclCommInitRank comm 0x5614db70bf80 rank 1 nranks 16 cudaDev 1 nvmlDev 1 busId 36000 commId 0xbf2b47551dfa54a3 - Init START
vcjob-2108088646234832897-abc12335-35908-worker-0:271:376 [2] NCCL INFO ncclCommInitRank comm 0x56312b147f80 rank 2 nranks 16 cudaDev 2 nvmlDev 2 busId 55000 commId 0xbf2b47551dfa54a3 - Init START
vcjob-2108088646234832897-abc12335-35908-worker-0:275:380 [6] NCCL INFO XDP Switch is off with xdp_size : 0
vcjob-2108088646234832897-abc12335-35908-worker-0:274:379 [5] NCCL INFO rank:5 get match hsa dev domain:0x0 bdf:0xb500 rank busId:0x741376
vcjob-2108088646234832897-abc12335-35908-worker-0:272:397 [3] NCCL INFO rank:3 get match hsa dev domain:0x0 bdf:0x7700 rank busId:0x487424
vcjob-2108088646234832897-abc12335-35908-worker-0:273:359 [4] NCCL INFO rank:4 get match hsa dev domain:0x0 bdf:0x8500 rank busId:0x544768
vcjob-2108088646234832897-abc12335-35908-worker-0:270:378 [1] NCCL INFO rank:1 get match hsa dev domain:0x0 bdf:0x3600 rank busId:0x221184
vcjob-2108088646234832897-abc12335-35908-worker-0:269:358 [0] NCCL INFO ncclCommInitRank comm 0x5582eba2f070 rank 0 nranks 16 cudaDev 0 nvmlDev 0 busId 9000 commId 0xbf2b47551dfa54a3 - Init START
vcjob-2108088646234832897-abc12335-35908-worker-0:271:376 [2] NCCL INFO rank:2 get match hsa dev domain:0x0 bdf:0x5500 rank busId:0x348160
vcjob-2108088646234832897-abc12335-35908-worker-0:269:358 [0] NCCL INFO rank:0 get match hsa dev domain:0x0 bdf:0x900 rank busId:0x36864
vcjob-2108088646234832897-abc12335-35908-worker-0:274:379 [5] NCCL INFO XDP Switch is off with xdp_size : 0
vcjob-2108088646234832897-abc12335-35908-worker-0:272:397 [3] NCCL INFO XDP Switch is off with xdp_size : 0
vcjob-2108088646234832897-abc12335-35908-worker-0:271:376 [2] NCCL INFO XDP Switch is off with xdp_size : 0
vcjob-2108088646234832897-abc12335-35908-worker-0:270:378 [1] NCCL INFO XDP Switch is off with xdp_size : 0
vcjob-2108088646234832897-abc12335-35908-worker-0:273:359 [4] NCCL INFO XDP Switch is off with xdp_size : 0
vcjob-2108088646234832897-abc12335-35908-worker-0:269:358 [0] NCCL INFO XDP Switch is off with xdp_size : 0
vcjob-2108088646234832897-abc12335-35908-worker-0:276:369 [7] NCCL INFO NCCL_TOPO_FILE set by environment to /root/private_data/second_hygon/phase4-arrival-heterogeneity/../rdma-shca/topo_lib/built-in-508-topo-input-tj-default.xml
vcjob-2108088646234832897-abc12335-35908-worker-0:275:380 [6] NCCL INFO NCCL_TOPO_FILE set by environment to /root/private_data/second_hygon/phase4-arrival-heterogeneity/../rdma-shca/topo_lib/built-in-508-topo-input-tj-default.xml
vcjob-2108088646234832897-abc12335-35908-worker-0:274:379 [5] NCCL INFO NCCL_TOPO_FILE set by environment to /root/private_data/second_hygon/phase4-arrival-heterogeneity/../rdma-shca/topo_lib/built-in-508-topo-input-tj-default.xml
vcjob-2108088646234832897-abc12335-35908-worker-0:273:359 [4] NCCL INFO NCCL_TOPO_FILE set by environment to /root/private_data/second_hygon/phase4-arrival-heterogeneity/../rdma-shca/topo_lib/built-in-508-topo-input-tj-default.xml
vcjob-2108088646234832897-abc12335-35908-worker-0:272:397 [3] NCCL INFO NCCL_TOPO_FILE set by environment to /root/private_data/second_hygon/phase4-arrival-heterogeneity/../rdma-shca/topo_lib/built-in-508-topo-input-tj-default.xml
vcjob-2108088646234832897-abc12335-35908-worker-0:271:376 [2] NCCL INFO NCCL_TOPO_FILE set by environment to /root/private_data/second_hygon/phase4-arrival-heterogeneity/../rdma-shca/topo_lib/built-in-508-topo-input-tj-default.xml
vcjob-2108088646234832897-abc12335-35908-worker-0:270:378 [1] NCCL INFO NCCL_TOPO_FILE set by environment to /root/private_data/second_hygon/phase4-arrival-heterogeneity/../rdma-shca/topo_lib/built-in-508-topo-input-tj-default.xml
vcjob-2108088646234832897-abc12335-35908-worker-0:269:358 [0] NCCL INFO NCCL_TOPO_FILE set by environment to /root/private_data/second_hygon/phase4-arrival-heterogeneity/../rdma-shca/topo_lib/built-in-508-topo-input-tj-default.xml
vcjob-2108088646234832897-abc12335-35908-worker-0:272:397 [3] NCCL INFO rocm_smi_lib: version 7.6.0.0
vcjob-2108088646234832897-abc12335-35908-worker-0:271:376 [2] NCCL INFO rocm_smi_lib: version 7.6.0.0
vcjob-2108088646234832897-abc12335-35908-worker-0:270:378 [1] NCCL INFO rocm_smi_lib: version 7.6.0.0
vcjob-2108088646234832897-abc12335-35908-worker-0:273:359 [4] NCCL INFO rocm_smi_lib: version 7.6.0.0
vcjob-2108088646234832897-abc12335-35908-worker-0:269:358 [0] NCCL INFO rocm_smi_lib: version 7.6.0.0
vcjob-2108088646234832897-abc12335-35908-worker-0:274:379 [5] NCCL INFO rocm_smi_lib: version 7.6.0.0
vcjob-2108088646234832897-abc12335-35908-worker-0:276:369 [7] NCCL INFO rocm_smi_lib: version 7.6.0.0
vcjob-2108088646234832897-abc12335-35908-worker-0:275:380 [6] NCCL INFO rocm_smi_lib: version 7.6.0.0
vcjob-2108088646234832897-abc12335-35908-worker-0:273:359 [4] NCCL INFO Setting affinity for GPU 4 to ffff,00000000,00000000
vcjob-2108088646234832897-abc12335-35908-worker-0:273:359 [4] NCCL INFO Rank:4 Get link topo from rocmDev:0 linkNum:8 link:0 linkState:1 remote type:1 bdf:0x9b00 topoType:2
vcjob-2108088646234832897-abc12335-35908-worker-0:273:359 [4] NCCL INFO Transport init rank 4 useXdp 0 linkTopoType 2
vcjob-2108088646234832897-abc12335-35908-worker-0:270:378 [1] NCCL INFO Setting affinity for GPU 1 to ffff0000
vcjob-2108088646234832897-abc12335-35908-worker-0:270:378 [1] NCCL INFO Rank:1 Get link topo from rocmDev:0 linkNum:8 link:0 linkState:1 remote type:1 bdf:0x9b00 topoType:2
vcjob-2108088646234832897-abc12335-35908-worker-0:270:378 [1] NCCL INFO Transport init rank 1 useXdp 0 linkTopoType 2
vcjob-2108088646234832897-abc12335-35908-worker-0:275:380 [6] NCCL INFO Setting affinity for GPU 6 to ffff,00000000,00000000
vcjob-2108088646234832897-abc12335-35908-worker-0:275:380 [6] NCCL INFO Rank:6 Get link topo from rocmDev:0 linkNum:8 link:0 linkState:1 remote type:1 bdf:0x9b00 topoType:2
vcjob-2108088646234832897-abc12335-35908-worker-0:275:380 [6] NCCL INFO Transport init rank 6 useXdp 0 linkTopoType 2
vcjob-2108088646234832897-abc12335-35908-worker-0:271:376 [2] NCCL INFO Setting affinity for GPU 2 to ffff
vcjob-2108088646234832897-abc12335-35908-worker-0:274:379 [5] NCCL INFO Setting affinity for GPU 5 to ffff0000,00000000,00000000
vcjob-2108088646234832897-abc12335-35908-worker-0:271:376 [2] NCCL INFO Rank:2 Get link topo from rocmDev:0 linkNum:8 link:0 linkState:1 remote type:1 bdf:0x9b00 topoType:2
vcjob-2108088646234832897-abc12335-35908-worker-0:271:376 [2] NCCL INFO Transport init rank 2 useXdp 0 linkTopoType 2
vcjob-2108088646234832897-abc12335-35908-worker-0:274:379 [5] NCCL INFO Rank:5 Get link topo from rocmDev:0 linkNum:8 link:0 linkState:1 remote type:1 bdf:0x9b00 topoType:2
vcjob-2108088646234832897-abc12335-35908-worker-0:274:379 [5] NCCL INFO Transport init rank 5 useXdp 0 linkTopoType 2
vcjob-2108088646234832897-abc12335-35908-worker-0:276:369 [7] NCCL INFO Setting affinity for GPU 7 to ffff0000,00000000,00000000
vcjob-2108088646234832897-abc12335-35908-worker-0:276:369 [7] NCCL INFO Rank:7 Get link topo from rocmDev:0 linkNum:8 link:0 linkState:1 remote type:1 bdf:0x9b00 topoType:2
vcjob-2108088646234832897-abc12335-35908-worker-0:276:369 [7] NCCL INFO Transport init rank 7 useXdp 0 linkTopoType 2
vcjob-2108088646234832897-abc12335-35908-worker-0:269:358 [0] NCCL INFO Setting affinity for GPU 0 to ffff
vcjob-2108088646234832897-abc12335-35908-worker-0:269:358 [0] NCCL INFO Rank:0 Get link topo from rocmDev:0 linkNum:8 link:0 linkState:1 remote type:1 bdf:0x9b00 topoType:2
vcjob-2108088646234832897-abc12335-35908-worker-0:269:358 [0] NCCL INFO Transport init rank 0 useXdp 0 linkTopoType 2
vcjob-2108088646234832897-abc12335-35908-worker-0:272:397 [3] NCCL INFO Setting affinity for GPU 3 to ffff0000
vcjob-2108088646234832897-abc12335-35908-worker-0:272:397 [3] NCCL INFO Rank:3 Get link topo from rocmDev:0 linkNum:8 link:0 linkState:1 remote type:1 bdf:0x9b00 topoType:2
vcjob-2108088646234832897-abc12335-35908-worker-0:272:397 [3] NCCL INFO Transport init rank 3 useXdp 0 linkTopoType 2
vcjob-2108088646234832897-abc12335-35908-worker-0:270:378 [1] NCCL INFO comm 0x5614db70bf80 rank 1 nRanks 16 nNodes 2 localRanks 8 localRank 1 MNNVL 0
vcjob-2108088646234832897-abc12335-35908-worker-0:269:358 [0] NCCL INFO comm 0x5582eba2f070 rank 0 nRanks 16 nNodes 2 localRanks 8 localRank 0 MNNVL 0
vcjob-2108088646234832897-abc12335-35908-worker-0:269:358 [0] NCCL INFO Channel 00/32 :    0   7   5   6   4   3   1   2   8  15  13  14  12  11   9  10
vcjob-2108088646234832897-abc12335-35908-worker-0:269:358 [0] NCCL INFO Channel 01/32 :    0   7   5   6   4   3   9  10   8  15  13  14  12  11   1   2
vcjob-2108088646234832897-abc12335-35908-worker-0:269:358 [0] NCCL INFO Channel 02/32 :    0   7   5   6  12  11   9  10   8  15  13  14   4   3   1   2
vcjob-2108088646234832897-abc12335-35908-worker-0:269:358 [0] NCCL INFO Channel 03/32 :    0   7  13  14  12  11   9  10   8  15   5   6   4   3   1   2
vcjob-2108088646234832897-abc12335-35908-worker-0:269:358 [0] NCCL INFO Channel 04/32 :    0   7   5   6   4   3   1   2   8  15  13  14  12  11   9  10
vcjob-2108088646234832897-abc12335-35908-worker-0:269:358 [0] NCCL INFO Channel 05/32 :    0   7   5   6   4   3   9  10   8  15  13  14  12  11   1   2
vcjob-2108088646234832897-abc12335-35908-worker-0:270:378 [1] NCCL INFO Trees [0] 3/-1/-1->1->2 [1] 3/9/-1->1->-1 [2] 3/-1/-1->1->2 [3] 3/-1/-1->1->2 [4] 3/-1/-1->1->2 [5] 3/-1/-1->1->9 [6] 3/-1/-1->1->2 [7] 3/-1/-1->1->2 [8] 3/-1/-1->1->2 [9] 3/9/-1->1->-1 [10] 3/-1/-1->1->2 [11] 3/-1/-1->1->2 [12] 3/-1/-1->1->2 [13] 3/-1/-1->1->9 [14] 3/-1/-1->1->2 [15] 3/-1/-1->1->2 [16] 3/-1/-1->1->2 [17] 3/9/-1->1->-1 [18] 3/-1/-1->1->2 [19] 3/-1/-1->1->2 [20] 3/-1/-1->1->2 [21] 3/-1/-1->1->9 [22] 3/-1/-1->1->2 [23] 3/-1/-1->1->2 [24] 3/-1/-1->1->2 [25] 3/9/-1->1->-1 [26] 3/-1/-1->1->2 [27] 3/-1/-1->1->2 [28] 3/-1/-1->1->2 [29] 3/-1/-1->1->9 [30] 3/-1/-1->1->2 [31] 3/-1/-1->1->2 comm 0x5614db70bf80 nRanks 16 busId 36000
vcjob-2108088646234832897-abc12335-35908-worker-0:269:358 [0] NCCL INFO Channel 06/32 :    0   7   5   6  12  11   9  10   8  15  13  14   4   3   1   2
vcjob-2108088646234832897-abc12335-35908-worker-0:270:378 [1] NCCL INFO P2P Chunksize set to 131072
vcjob-2108088646234832897-abc12335-35908-worker-0:269:358 [0] NCCL INFO Channel 07/32 :    0   7  13  14  12  11   9  10   8  15   5   6   4   3   1   2
vcjob-2108088646234832897-abc12335-35908-worker-0:269:358 [0] NCCL INFO Channel 08/32 :    0   7   5   6   4   3   1   2   8  15  13  14  12  11   9  10
vcjob-2108088646234832897-abc12335-35908-worker-0:269:358 [0] NCCL INFO Channel 09/32 :    0   7   5   6   4   3   9  10   8  15  13  14  12  11   1   2
vcjob-2108088646234832897-abc12335-35908-worker-0:269:358 [0] NCCL INFO Channel 10/32 :    0   7   5   6  12  11   9  10   8  15  13  14   4   3   1   2
vcjob-2108088646234832897-abc12335-35908-worker-0:269:358 [0] NCCL INFO Channel 11/32 :    0   7  13  14  12  11   9  10   8  15   5   6   4   3   1   2
vcjob-2108088646234832897-abc12335-35908-worker-0:271:376 [2] NCCL INFO comm 0x56312b147f80 rank 2 nRanks 16 nNodes 2 localRanks 8 localRank 2 MNNVL 0
vcjob-2108088646234832897-abc12335-35908-worker-0:270:378 [1] NCCL INFO comm->autoPerPeerOn: 1, comm->p2pnChannels: 32, comm->p2pnChannelsPerPeer: 2
vcjob-2108088646234832897-abc12335-35908-worker-0:269:358 [0] NCCL INFO Channel 12/32 :    0   7   5   6   4   3   1   2   8  15  13  14  12  11   9  10
vcjob-2108088646234832897-abc12335-35908-worker-0:269:358 [0] NCCL INFO Channel 13/32 :    0   7   5   6   4   3   9  10   8  15  13  14  12  11   1   2
vcjob-2108088646234832897-abc12335-35908-worker-0:269:358 [0] NCCL INFO Channel 14/32 :    0   7   5   6  12  11   9  10   8  15  13  14   4   3   1   2
vcjob-2108088646234832897-abc12335-35908-worker-0:269:358 [0] NCCL INFO Channel 15/32 :    0   7  13  14  12  11   9  10   8  15   5   6   4   3   1   2
vcjob-2108088646234832897-abc12335-35908-worker-0:269:358 [0] NCCL INFO Channel 16/32 :    0   7   5   6   4   3   1   2   8  15  13  14  12  11   9  10
vcjob-2108088646234832897-abc12335-35908-worker-0:269:358 [0] NCCL INFO Channel 17/32 :    0   7   5   6   4   3   9  10   8  15  13  14  12  11   1   2
vcjob-2108088646234832897-abc12335-35908-worker-0:269:358 [0] NCCL INFO Channel 18/32 :    0   7   5   6  12  11   9  10   8  15  13  14   4   3   1   2
vcjob-2108088646234832897-abc12335-35908-worker-0:269:358 [0] NCCL INFO Channel 19/32 :    0   7  13  14  12  11   9  10   8  15   5   6   4   3   1   2
vcjob-2108088646234832897-abc12335-35908-worker-0:269:358 [0] NCCL INFO Channel 20/32 :    0   7   5   6   4   3   1   2   8  15  13  14  12  11   9  10
vcjob-2108088646234832897-abc12335-35908-worker-0:269:358 [0] NCCL INFO Channel 21/32 :    0   7   5   6   4   3   9  10   8  15  13  14  12  11   1   2
vcjob-2108088646234832897-abc12335-35908-worker-0:272:397 [3] NCCL INFO comm 0x55f9cfa73e30 rank 3 nRanks 16 nNodes 2 localRanks 8 localRank 3 MNNVL 0
vcjob-2108088646234832897-abc12335-35908-worker-0:269:358 [0] NCCL INFO Channel 22/32 :    0   7   5   6  12  11   9  10   8  15  13  14   4   3   1   2
vcjob-2108088646234832897-abc12335-35908-worker-0:274:379 [5] NCCL INFO comm 0x56433e807000 rank 5 nRanks 16 nNodes 2 localRanks 8 localRank 5 MNNVL 0
vcjob-2108088646234832897-abc12335-35908-worker-0:269:358 [0] NCCL INFO Channel 23/32 :    0   7  13  14  12  11   9  10   8  15   5   6   4   3   1   2
vcjob-2108088646234832897-abc12335-35908-worker-0:273:359 [4] NCCL INFO comm 0x55f6acb08f30 rank 4 nRanks 16 nNodes 2 localRanks 8 localRank 4 MNNVL 0
vcjob-2108088646234832897-abc12335-35908-worker-0:269:358 [0] NCCL INFO Channel 24/32 :    0   7   5   6   4   3   1   2   8  15  13  14  12  11   9  10
vcjob-2108088646234832897-abc12335-35908-worker-0:269:358 [0] NCCL INFO Channel 25/32 :    0   7   5   6   4   3   9  10   8  15  13  14  12  11   1   2
vcjob-2108088646234832897-abc12335-35908-worker-0:275:380 [6] NCCL INFO comm 0x562eda612130 rank 6 nRanks 16 nNodes 2 localRanks 8 localRank 6 MNNVL 0
vcjob-2108088646234832897-abc12335-35908-worker-0:269:358 [0] NCCL INFO Channel 26/32 :    0   7   5   6  12  11   9  10   8  15  13  14   4   3   1   2
vcjob-2108088646234832897-abc12335-35908-worker-0:269:358 [0] NCCL INFO Channel 27/32 :    0   7  13  14  12  11   9  10   8  15   5   6   4   3   1   2
vcjob-2108088646234832897-abc12335-35908-worker-0:269:358 [0] NCCL INFO Channel 28/32 :    0   7   5   6   4   3   1   2   8  15  13  14  12  11   9  10
vcjob-2108088646234832897-abc12335-35908-worker-0:271:376 [2] NCCL INFO Trees [0] 1/-1/-1->2->0 [1] -1/-1/-1->2->0 [2] 1/-1/-1->2->0 [3] 1/-1/-1->2->0 [4] 1/-1/-1->2->0 [5] -1/-1/-1->2->0 [6] 1/-1/-1->2->0 [7] 1/-1/-1->2->0 [8] 1/-1/-1->2->0 [9] -1/-1/-1->2->0 [10] 1/-1/-1->2->0 [11] 1/-1/-1->2->0 [12] 1/-1/-1->2->0 [13] -1/-1/-1->2->0 [14] 1/-1/-1->2->0 [15] 1/-1/-1->2->0 [16] 1/-1/-1->2->0 [17] -1/-1/-1->2->0 [18] 1/-1/-1->2->0 [19] 1/-1/-1->2->0 [20] 1/-1/-1->2->0 [21] -1/-1/-1->2->0 [22] 1/-1/-1->2->0 [23] 1/-1/-1->2->0 [24] 1/-1/-1->2->0 [25] -1/-1/-1->2->0 [26] 1/-1/-1->2->0 [27] 1/-1/-1->2->0 [28] 1/-1/-1->2->0 [29] -1/-1/-1->2->0 [30] 1/-1/-1->2->0 [31] 1/-1/-1->2->0 comm 0x56312b147f80 nRanks 16 busId 55000
vcjob-2108088646234832897-abc12335-35908-worker-0:269:358 [0] NCCL INFO Channel 29/32 :    0   7   5   6   4   3   9  10   8  15  13  14  12  11   1   2
vcjob-2108088646234832897-abc12335-35908-worker-0:271:376 [2] NCCL INFO P2P Chunksize set to 131072
vcjob-2108088646234832897-abc12335-35908-worker-0:269:358 [0] NCCL INFO Channel 30/32 :    0   7   5   6  12  11   9  10   8  15  13  14   4   3   1   2
vcjob-2108088646234832897-abc12335-35908-worker-0:269:358 [0] NCCL INFO Channel 31/32 :    0   7  13  14  12  11   9  10   8  15   5   6   4   3   1   2
vcjob-2108088646234832897-abc12335-35908-worker-0:272:397 [3] NCCL INFO Trees [0] 4/-1/-1->3->1 [1] 4/-1/-1->3->1 [2] -1/-1/-1->3->1 [3] 4/-1/-1->3->1 [4] 4/-1/-1->3->1 [5] 4/-1/-1->3->1 [6] -1/-1/-1->3->1 [7] 4/-1/-1->3->1 [8] 4/-1/-1->3->1 [9] 4/-1/-1->3->1 [10] -1/-1/-1->3->1 [11] 4/-1/-1->3->1 [12] 4/-1/-1->3->1 [13] 4/-1/-1->3->1 [14] -1/-1/-1->3->1 [15] 4/-1/-1->3->1 [16] 4/-1/-1->3->1 [17] 4/-1/-1->3->1 [18] -1/-1/-1->3->1 [19] 4/-1/-1->3->1 [20] 4/-1/-1->3->1 [21] 4/-1/-1->3->1 [22] -1/-1/-1->3->1 [23] 4/-1/-1->3->1 [24] 4/-1/-1->3->1 [25] 4/-1/-1->3->1 [26] -1/-1/-1->3->1 [27] 4/-1/-1->3->1 [28] 4/-1/-1->3->1 [29] 4/-1/-1->3->1 [30] -1/-1/-1->3->1 [31] 4/-1/-1->3->1 comm 0x55f9cfa73e30 nRanks 16 busId 77000
vcjob-2108088646234832897-abc12335-35908-worker-0:276:369 [7] NCCL INFO comm 0x561d65e50f80 rank 7 nRanks 16 nNodes 2 localRanks 8 localRank 7 MNNVL 0
vcjob-2108088646234832897-abc12335-35908-worker-0:272:397 [3] NCCL INFO P2P Chunksize set to 131072
vcjob-2108088646234832897-abc12335-35908-worker-0:274:379 [5] NCCL INFO Trees [0] 7/-1/-1->5->6 [1] 7/-1/-1->5->6 [2] 7/-1/-1->5->6 [3] 7/13/-1->5->-1 [4] 7/-1/-1->5->6 [5] 7/-1/-1->5->6 [6] 7/-1/-1->5->6 [7] 7/-1/-1->5->13 [8] 7/-1/-1->5->6 [9] 7/-1/-1->5->6 [10] 7/-1/-1->5->6 [11] 7/13/-1->5->-1 [12] 7/-1/-1->5->6 [13] 7/-1/-1->5->6 [14] 7/-1/-1->5->6 [15] 7/-1/-1->5->13 [16] 7/-1/-1->5->6 [17] 7/-1/-1->5->6 [18] 7/-1/-1->5->6 [19] 7/13/-1->5->-1 [20] 7/-1/-1->5->6 [21] 7/-1/-1->5->6 [22] 7/-1/-1->5->6 [23] 7/-1/-1->5->13 [24] 7/-1/-1->5->6 [25] 7/-1/-1->5->6 [26] 7/-1/-1->5->6 [27] 7/13/-1->5->-1 [28] 7/-1/-1->5->6 [29] 7/-1/-1->5->6 [30] 7/-1/-1->5->6 [31] 7/-1/-1->5->13 comm 0x56433e807000 nRanks 16 busId b5000
vcjob-2108088646234832897-abc12335-35908-worker-0:272:397 [3] NCCL INFO comm->autoPerPeerOn: 1, comm->p2pnChannels: 32, comm->p2pnChannelsPerPeer: 2
vcjob-2108088646234832897-abc12335-35908-worker-0:269:358 [0] NCCL INFO Trees [0] 2/8/-1->0->-1 [1] 2/-1/-1->0->7 [2] 2/-1/-1->0->7 [3] 2/-1/-1->0->7 [4] 2/-1/-1->0->8 [5] 2/-1/-1->0->7 [6] 2/-1/-1->0->7 [7] 2/-1/-1->0->7 [8] 2/8/-1->0->-1 [9] 2/-1/-1->0->7 [10] 2/-1/-1->0->7 [11] 2/-1/-1->0->7 [12] 2/-1/-1->0->8 [13] 2/-1/-1->0->7 [14] 2/-1/-1->0->7 [15] 2/-1/-1->0->7 [16] 2/8/-1->0->-1 [17] 2/-1/-1->0->7 [18] 2/-1/-1->0->7 [19] 2/-1/-1->0->7 [20] 2/-1/-1->0->8 [21] 2/-1/-1->0->7 [22] 2/-1/-1->0->7 [23] 2/-1/-1->0->7 [24] 2/8/-1->0->-1 [25] 2/-1/-1->0->7 [26] 2/-1/-1->0->7 [27] 2/-1/-1->0->7 [28] 2/-1/-1->0->8 [29] 2/-1/-1->0->7 [30] 2/-1/-1->0->7 [31] 2/-1/-1->0->7 comm 0x5582eba2f070 nRanks 16 busId 9000
vcjob-2108088646234832897-abc12335-35908-worker-0:274:379 [5] NCCL INFO P2P Chunksize set to 131072
vcjob-2108088646234832897-abc12335-35908-worker-0:269:358 [0] NCCL INFO P2P Chunksize set to 131072
vcjob-2108088646234832897-abc12335-35908-worker-0:273:359 [4] NCCL INFO Trees [0] 6/-1/-1->4->3 [1] 6/-1/-1->4->3 [2] 6/12/-1->4->-1 [3] 6/-1/-1->4->3 [4] 6/-1/-1->4->3 [5] 6/-1/-1->4->3 [6] 6/-1/-1->4->12 [7] 6/-1/-1->4->3 [8] 6/-1/-1->4->3 [9] 6/-1/-1->4->3 [10] 6/12/-1->4->-1 [11] 6/-1/-1->4->3 [12] 6/-1/-1->4->3 [13] 6/-1/-1->4->3 [14] 6/-1/-1->4->12 [15] 6/-1/-1->4->3 [16] 6/-1/-1->4->3 [17] 6/-1/-1->4->3 [18] 6/12/-1->4->-1 [19] 6/-1/-1->4->3 [20] 6/-1/-1->4->3 [21] 6/-1/-1->4->3 [22] 6/-1/-1->4->12 [23] 6/-1/-1->4->3 [24] 6/-1/-1->4->3 [25] 6/-1/-1->4->3 [26] 6/12/-1->4->-1 [27] 6/-1/-1->4->3 [28] 6/-1/-1->4->3 [29] 6/-1/-1->4->3 [30] 6/-1/-1->4->12 [31] 6/-1/-1->4->3 comm 0x55f6acb08f30 nRanks 16 busId 85000
vcjob-2108088646234832897-abc12335-35908-worker-0:271:376 [2] NCCL INFO comm->autoPerPeerOn: 1, comm->p2pnChannels: 32, comm->p2pnChannelsPerPeer: 2
vcjob-2108088646234832897-abc12335-35908-worker-0:273:359 [4] NCCL INFO P2P Chunksize set to 131072
vcjob-2108088646234832897-abc12335-35908-worker-0:274:379 [5] NCCL INFO comm->autoPerPeerOn: 1, comm->p2pnChannels: 32, comm->p2pnChannelsPerPeer: 2
vcjob-2108088646234832897-abc12335-35908-worker-0:269:358 [0] NCCL INFO comm->autoPerPeerOn: 1, comm->p2pnChannels: 32, comm->p2pnChannelsPerPeer: 2
vcjob-2108088646234832897-abc12335-35908-worker-0:273:359 [4] NCCL INFO comm->autoPerPeerOn: 1, comm->p2pnChannels: 32, comm->p2pnChannelsPerPeer: 2
vcjob-2108088646234832897-abc12335-35908-worker-0:275:380 [6] NCCL INFO Trees [0] 5/-1/-1->6->4 [1] 5/-1/-1->6->4 [2] 5/-1/-1->6->4 [3] -1/-1/-1->6->4 [4] 5/-1/-1->6->4 [5] 5/-1/-1->6->4 [6] 5/-1/-1->6->4 [7] -1/-1/-1->6->4 [8] 5/-1/-1->6->4 [9] 5/-1/-1->6->4 [10] 5/-1/-1->6->4 [11] -1/-1/-1->6->4 [12] 5/-1/-1->6->4 [13] 5/-1/-1->6->4 [14] 5/-1/-1->6->4 [15] -1/-1/-1->6->4 [16] 5/-1/-1->6->4 [17] 5/-1/-1->6->4 [18] 5/-1/-1->6->4 [19] -1/-1/-1->6->4 [20] 5/-1/-1->6->4 [21] 5/-1/-1->6->4 [22] 5/-1/-1->6->4 [23] -1/-1/-1->6->4 [24] 5/-1/-1->6->4 [25] 5/-1/-1->6->4 [26] 5/-1/-1->6->4 [27] -1/-1/-1->6->4 [28] 5/-1/-1->6->4 [29] 5/-1/-1->6->4 [30] 5/-1/-1->6->4 [31] -1/-1/-1->6->4 comm 0x562eda612130 nRanks 16 busId d5000
vcjob-2108088646234832897-abc12335-35908-worker-0:275:380 [6] NCCL INFO P2P Chunksize set to 131072
vcjob-2108088646234832897-abc12335-35908-worker-0:276:369 [7] NCCL INFO Trees [0] -1/-1/-1->7->5 [1] 0/-1/-1->7->5 [2] 0/-1/-1->7->5 [3] 0/-1/-1->7->5 [4] -1/-1/-1->7->5 [5] 0/-1/-1->7->5 [6] 0/-1/-1->7->5 [7] 0/-1/-1->7->5 [8] -1/-1/-1->7->5 [9] 0/-1/-1->7->5 [10] 0/-1/-1->7->5 [11] 0/-1/-1->7->5 [12] -1/-1/-1->7->5 [13] 0/-1/-1->7->5 [14] 0/-1/-1->7->5 [15] 0/-1/-1->7->5 [16] -1/-1/-1->7->5 [17] 0/-1/-1->7->5 [18] 0/-1/-1->7->5 [19] 0/-1/-1->7->5 [20] -1/-1/-1->7->5 [21] 0/-1/-1->7->5 [22] 0/-1/-1->7->5 [23] 0/-1/-1->7->5 [24] -1/-1/-1->7->5 [25] 0/-1/-1->7->5 [26] 0/-1/-1->7->5 [27] 0/-1/-1->7->5 [28] -1/-1/-1->7->5 [29] 0/-1/-1->7->5 [30] 0/-1/-1->7->5 [31] 0/-1/-1->7->5 comm 0x561d65e50f80 nRanks 16 busId f5000
vcjob-2108088646234832897-abc12335-35908-worker-0:276:369 [7] NCCL INFO P2P Chunksize set to 131072
vcjob-2108088646234832897-abc12335-35908-worker-0:276:369 [7] NCCL INFO comm->autoPerPeerOn: 1, comm->p2pnChannels: 32, comm->p2pnChannelsPerPeer: 2
vcjob-2108088646234832897-abc12335-35908-worker-0:275:380 [6] NCCL INFO comm->autoPerPeerOn: 1, comm->p2pnChannels: 32, comm->p2pnChannelsPerPeer: 2
vcjob-2108088646234832897-abc12335-35908-worker-0:270:378 [1] NCCL INFO Channel 00/0 : 1[36000] -> 2[55000] via P2P/IPC comm 0x5614db70bf80 nRanks 16
vcjob-2108088646234832897-abc12335-35908-worker-0:269:358 [0] NCCL INFO Channel 00/0 : 10[55000] -> 0[9000] [receive] via NET/IBext_v8/0/GDRDMA comm 0x5582eba2f070 nRanks 16
vcjob-2108088646234832897-abc12335-35908-worker-0:269:358 [0] NCCL INFO Channel 04/0 : 10[55000] -> 0[9000] [receive] via NET/IBext_v8/0/GDRDMA comm 0x5582eba2f070 nRanks 16
vcjob-2108088646234832897-abc12335-35908-worker-0:269:358 [0] NCCL INFO Channel 08/0 : 10[55000] -> 0[9000] [receive] via NET/IBext_v8/0/GDRDMA comm 0x5582eba2f070 nRanks 16
vcjob-2108088646234832897-abc12335-35908-worker-0:269:358 [0] NCCL INFO Channel 12/0 : 10[55000] -> 0[9000] [receive] via NET/IBext_v8/0/GDRDMA comm 0x5582eba2f070 nRanks 16
vcjob-2108088646234832897-abc12335-35908-worker-0:269:358 [0] NCCL INFO Channel 16/0 : 10[55000] -> 0[9000] [receive] via NET/IBext_v8/0/GDRDMA comm 0x5582eba2f070 nRanks 16
vcjob-2108088646234832897-abc12335-35908-worker-0:269:358 [0] NCCL INFO Channel 20/0 : 10[55000] -> 0[9000] [receive] via NET/IBext_v8/0/GDRDMA comm 0x5582eba2f070 nRanks 16
vcjob-2108088646234832897-abc12335-35908-worker-0:272:397 [3] NCCL INFO Channel 01/0 : 3[77000] -> 9[36000] [send] via NET/IBext_v8/1/GDRDMA comm 0x55f9cfa73e30 nRanks 16
vcjob-2108088646234832897-abc12335-35908-worker-0:269:358 [0] NCCL INFO Channel 24/0 : 10[55000] -> 0[9000] [receive] via NET/IBext_v8/0/GDRDMA comm 0x5582eba2f070 nRanks 16
vcjob-2108088646234832897-abc12335-35908-worker-0:272:397 [3] NCCL INFO Channel 05/0 : 3[77000] -> 9[36000] [send] via NET/IBext_v8/1/GDRDMA comm 0x55f9cfa73e30 nRanks 16
vcjob-2108088646234832897-abc12335-35908-worker-0:269:358 [0] NCCL INFO Channel 28/0 : 10[55000] -> 0[9000] [receive] via NET/IBext_v8/0/GDRDMA comm 0x5582eba2f070 nRanks 16
vcjob-2108088646234832897-abc12335-35908-worker-0:274:379 [5] NCCL INFO Channel 00/0 : 5[b5000] -> 6[d5000] via P2P/IPC comm 0x56433e807000 nRanks 16
vcjob-2108088646234832897-abc12335-35908-worker-0:272:397 [3] NCCL INFO Channel 09/0 : 3[77000] -> 9[36000] [send] via NET/IBext_v8/1/GDRDMA comm 0x55f9cfa73e30 nRanks 16
vcjob-2108088646234832897-abc12335-35908-worker-0:272:397 [3] NCCL INFO Channel 13/0 : 3[77000] -> 9[36000] [send] via NET/IBext_v8/1/GDRDMA comm 0x55f9cfa73e30 nRanks 16
vcjob-2108088646234832897-abc12335-35908-worker-0:272:397 [3] NCCL INFO Channel 17/0 : 3[77000] -> 9[36000] [send] via NET/IBext_v8/1/GDRDMA comm 0x55f9cfa73e30 nRanks 16
vcjob-2108088646234832897-abc12335-35908-worker-0:272:397 [3] NCCL INFO Channel 21/0 : 3[77000] -> 9[36000] [send] via NET/IBext_v8/1/GDRDMA comm 0x55f9cfa73e30 nRanks 16
vcjob-2108088646234832897-abc12335-35908-worker-0:272:397 [3] NCCL INFO Channel 25/0 : 3[77000] -> 9[36000] [send] via NET/IBext_v8/1/GDRDMA comm 0x55f9cfa73e30 nRanks 16
vcjob-2108088646234832897-abc12335-35908-worker-0:272:397 [3] NCCL INFO Channel 29/0 : 3[77000] -> 9[36000] [send] via NET/IBext_v8/1/GDRDMA comm 0x55f9cfa73e30 nRanks 16
vcjob-2108088646234832897-abc12335-35908-worker-0:273:359 [4] NCCL INFO Channel 02/0 : 14[d5000] -> 4[85000] [receive] via NET/IBext_v8/2/GDRDMA comm 0x55f6acb08f30 nRanks 16
vcjob-2108088646234832897-abc12335-35908-worker-0:273:359 [4] NCCL INFO Channel 06/0 : 14[d5000] -> 4[85000] [receive] via NET/IBext_v8/2/GDRDMA comm 0x55f6acb08f30 nRanks 16
vcjob-2108088646234832897-abc12335-35908-worker-0:273:359 [4] NCCL INFO Channel 10/0 : 14[d5000] -> 4[85000] [receive] via NET/IBext_v8/2/GDRDMA comm 0x55f6acb08f30 nRanks 16
vcjob-2108088646234832897-abc12335-35908-worker-0:273:359 [4] NCCL INFO Channel 14/0 : 14[d5000] -> 4[85000] [receive] via NET/IBext_v8/2/GDRDMA comm 0x55f6acb08f30 nRanks 16
vcjob-2108088646234832897-abc12335-35908-worker-0:273:359 [4] NCCL INFO Channel 18/0 : 14[d5000] -> 4[85000] [receive] via NET/IBext_v8/2/GDRDMA comm 0x55f6acb08f30 nRanks 16
vcjob-2108088646234832897-abc12335-35908-worker-0:273:359 [4] NCCL INFO Channel 22/0 : 14[d5000] -> 4[85000] [receive] via NET/IBext_v8/2/GDRDMA comm 0x55f6acb08f30 nRanks 16
vcjob-2108088646234832897-abc12335-35908-worker-0:273:359 [4] NCCL INFO Channel 26/0 : 14[d5000] -> 4[85000] [receive] via NET/IBext_v8/2/GDRDMA comm 0x55f6acb08f30 nRanks 16
vcjob-2108088646234832897-abc12335-35908-worker-0:273:359 [4] NCCL INFO Channel 30/0 : 14[d5000] -> 4[85000] [receive] via NET/IBext_v8/2/GDRDMA comm 0x55f6acb08f30 nRanks 16
vcjob-2108088646234832897-abc12335-35908-worker-0:276:369 [7] NCCL INFO Channel 03/0 : 7[f5000] -> 13[b5000] [send] via NET/IBext_v8/3/GDRDMA comm 0x561d65e50f80 nRanks 16
vcjob-2108088646234832897-abc12335-35908-worker-0:276:369 [7] NCCL INFO Channel 07/0 : 7[f5000] -> 13[b5000] [send] via NET/IBext_v8/3/GDRDMA comm 0x561d65e50f80 nRanks 16
vcjob-2108088646234832897-abc12335-35908-worker-0:276:369 [7] NCCL INFO Channel 11/0 : 7[f5000] -> 13[b5000] [send] via NET/IBext_v8/3/GDRDMA comm 0x561d65e50f80 nRanks 16
vcjob-2108088646234832897-abc12335-35908-worker-0:276:369 [7] NCCL INFO Channel 15/0 : 7[f5000] -> 13[b5000] [send] via NET/IBext_v8/3/GDRDMA comm 0x561d65e50f80 nRanks 16
vcjob-2108088646234832897-abc12335-35908-worker-0:276:369 [7] NCCL INFO Channel 19/0 : 7[f5000] -> 13[b5000] [send] via NET/IBext_v8/3/GDRDMA comm 0x561d65e50f80 nRanks 16
vcjob-2108088646234832897-abc12335-35908-worker-0:276:369 [7] NCCL INFO Channel 23/0 : 7[f5000] -> 13[b5000] [send] via NET/IBext_v8/3/GDRDMA comm 0x561d65e50f80 nRanks 16
vcjob-2108088646234832897-abc12335-35908-worker-0:276:369 [7] NCCL INFO Channel 27/0 : 7[f5000] -> 13[b5000] [send] via NET/IBext_v8/3/GDRDMA comm 0x561d65e50f80 nRanks 16
vcjob-2108088646234832897-abc12335-35908-worker-0:276:369 [7] NCCL INFO Channel 31/0 : 7[f5000] -> 13[b5000] [send] via NET/IBext_v8/3/GDRDMA comm 0x561d65e50f80 nRanks 16
vcjob-2108088646234832897-abc12335-35908-worker-0:274:379 [5] NCCL INFO Channel 01/0 : 5[b5000] -> 6[d5000] via P2P/IPC comm 0x56433e807000 nRanks 16
vcjob-2108088646234832897-abc12335-35908-worker-0:274:379 [5] NCCL INFO Channel 02/0 : 5[b5000] -> 6[d5000] via P2P/IPC comm 0x56433e807000 nRanks 16
vcjob-2108088646234832897-abc12335-35908-worker-0:274:379 [5] NCCL INFO Channel 03/0 : 5[b5000] -> 6[d5000] via P2P/IPC comm 0x56433e807000 nRanks 16
vcjob-2108088646234832897-abc12335-35908-worker-0:274:379 [5] NCCL INFO Channel 04/0 : 5[b5000] -> 6[d5000] via P2P/IPC comm 0x56433e807000 nRanks 16
vcjob-2108088646234832897-abc12335-35908-worker-0:270:378 [1] NCCL INFO Channel 01/0 : 1[36000] -> 2[55000] via P2P/IPC comm 0x5614db70bf80 nRanks 16
vcjob-2108088646234832897-abc12335-35908-worker-0:274:379 [5] NCCL INFO Channel 05/0 : 5[b5000] -> 6[d5000] via P2P/IPC comm 0x56433e807000 nRanks 16
vcjob-2108088646234832897-abc12335-35908-worker-0:270:378 [1] NCCL INFO Channel 02/0 : 1[36000] -> 2[55000] via P2P/IPC comm 0x5614db70bf80 nRanks 16
vcjob-2108088646234832897-abc12335-35908-worker-0:274:379 [5] NCCL INFO Channel 06/0 : 5[b5000] -> 6[d5000] via P2P/IPC comm 0x56433e807000 nRanks 16
vcjob-2108088646234832897-abc12335-35908-worker-0:270:378 [1] NCCL INFO Channel 03/0 : 1[36000] -> 2[55000] via P2P/IPC comm 0x5614db70bf80 nRanks 16
vcjob-2108088646234832897-abc12335-35908-worker-0:274:379 [5] NCCL INFO Channel 07/0 : 5[b5000] -> 6[d5000] via P2P/IPC comm 0x56433e807000 nRanks 16
vcjob-2108088646234832897-abc12335-35908-worker-0:270:378 [1] NCCL INFO Channel 04/0 : 1[36000] -> 2[55000] via P2P/IPC comm 0x5614db70bf80 nRanks 16
vcjob-2108088646234832897-abc12335-35908-worker-0:274:379 [5] NCCL INFO Channel 08/0 : 5[b5000] -> 6[d5000] via P2P/IPC comm 0x56433e807000 nRanks 16
vcjob-2108088646234832897-abc12335-35908-worker-0:270:378 [1] NCCL INFO Channel 05/0 : 1[36000] -> 2[55000] via P2P/IPC comm 0x5614db70bf80 nRanks 16
vcjob-2108088646234832897-abc12335-35908-worker-0:274:379 [5] NCCL INFO Channel 09/0 : 5[b5000] -> 6[d5000] via P2P/IPC comm 0x56433e807000 nRanks 16
vcjob-2108088646234832897-abc12335-35908-worker-0:270:378 [1] NCCL INFO Channel 06/0 : 1[36000] -> 2[55000] via P2P/IPC comm 0x5614db70bf80 nRanks 16
vcjob-2108088646234832897-abc12335-35908-worker-0:274:379 [5] NCCL INFO Channel 10/0 : 5[b5000] -> 6[d5000] via P2P/IPC comm 0x56433e807000 nRanks 16
vcjob-2108088646234832897-abc12335-35908-worker-0:270:378 [1] NCCL INFO Channel 07/0 : 1[36000] -> 2[55000] via P2P/IPC comm 0x5614db70bf80 nRanks 16
vcjob-2108088646234832897-abc12335-35908-worker-0:274:379 [5] NCCL INFO Channel 11/0 : 5[b5000] -> 6[d5000] via P2P/IPC comm 0x56433e807000 nRanks 16
vcjob-2108088646234832897-abc12335-35908-worker-0:270:378 [1] NCCL INFO Channel 08/0 : 1[36000] -> 2[55000] via P2P/IPC comm 0x5614db70bf80 nRanks 16
vcjob-2108088646234832897-abc12335-35908-worker-0:274:379 [5] NCCL INFO Channel 12/0 : 5[b5000] -> 6[d5000] via P2P/IPC comm 0x56433e807000 nRanks 16
vcjob-2108088646234832897-abc12335-35908-worker-0:270:378 [1] NCCL INFO Channel 09/0 : 1[36000] -> 2[55000] via P2P/IPC comm 0x5614db70bf80 nRanks 16
vcjob-2108088646234832897-abc12335-35908-worker-0:274:379 [5] NCCL INFO Channel 13/0 : 5[b5000] -> 6[d5000] via P2P/IPC comm 0x56433e807000 nRanks 16
vcjob-2108088646234832897-abc12335-35908-worker-0:270:378 [1] NCCL INFO Channel 10/0 : 1[36000] -> 2[55000] via P2P/IPC comm 0x5614db70bf80 nRanks 16
vcjob-2108088646234832897-abc12335-35908-worker-0:274:379 [5] NCCL INFO Channel 14/0 : 5[b5000] -> 6[d5000] via P2P/IPC comm 0x56433e807000 nRanks 16
vcjob-2108088646234832897-abc12335-35908-worker-0:270:378 [1] NCCL INFO Channel 11/0 : 1[36000] -> 2[55000] via P2P/IPC comm 0x5614db70bf80 nRanks 16
vcjob-2108088646234832897-abc12335-35908-worker-0:274:379 [5] NCCL INFO Channel 15/0 : 5[b5000] -> 6[d5000] via P2P/IPC comm 0x56433e807000 nRanks 16
vcjob-2108088646234832897-abc12335-35908-worker-0:270:378 [1] NCCL INFO Channel 12/0 : 1[36000] -> 2[55000] via P2P/IPC comm 0x5614db70bf80 nRanks 16
vcjob-2108088646234832897-abc12335-35908-worker-0:274:379 [5] NCCL INFO Channel 16/0 : 5[b5000] -> 6[d5000] via P2P/IPC comm 0x56433e807000 nRanks 16
vcjob-2108088646234832897-abc12335-35908-worker-0:270:378 [1] NCCL INFO Channel 13/0 : 1[36000] -> 2[55000] via P2P/IPC comm 0x5614db70bf80 nRanks 16
vcjob-2108088646234832897-abc12335-35908-worker-0:274:379 [5] NCCL INFO Channel 17/0 : 5[b5000] -> 6[d5000] via P2P/IPC comm 0x56433e807000 nRanks 16
vcjob-2108088646234832897-abc12335-35908-worker-0:270:378 [1] NCCL INFO Channel 14/0 : 1[36000] -> 2[55000] via P2P/IPC comm 0x5614db70bf80 nRanks 16
vcjob-2108088646234832897-abc12335-35908-worker-0:274:379 [5] NCCL INFO Channel 18/0 : 5[b5000] -> 6[d5000] via P2P/IPC comm 0x56433e807000 nRanks 16
vcjob-2108088646234832897-abc12335-35908-worker-0:270:378 [1] NCCL INFO Channel 15/0 : 1[36000] -> 2[55000] via P2P/IPC comm 0x5614db70bf80 nRanks 16
vcjob-2108088646234832897-abc12335-35908-worker-0:274:379 [5] NCCL INFO Channel 19/0 : 5[b5000] -> 6[d5000] via P2P/IPC comm 0x56433e807000 nRanks 16
vcjob-2108088646234832897-abc12335-35908-worker-0:270:378 [1] NCCL INFO Channel 16/0 : 1[36000] -> 2[55000] via P2P/IPC comm 0x5614db70bf80 nRanks 16
vcjob-2108088646234832897-abc12335-35908-worker-0:274:379 [5] NCCL INFO Channel 20/0 : 5[b5000] -> 6[d5000] via P2P/IPC comm 0x56433e807000 nRanks 16
vcjob-2108088646234832897-abc12335-35908-worker-0:270:378 [1] NCCL INFO Channel 17/0 : 1[36000] -> 2[55000] via P2P/IPC comm 0x5614db70bf80 nRanks 16
vcjob-2108088646234832897-abc12335-35908-worker-0:274:379 [5] NCCL INFO Channel 21/0 : 5[b5000] -> 6[d5000] via P2P/IPC comm 0x56433e807000 nRanks 16
vcjob-2108088646234832897-abc12335-35908-worker-0:270:378 [1] NCCL INFO Channel 18/0 : 1[36000] -> 2[55000] via P2P/IPC comm 0x5614db70bf80 nRanks 16
vcjob-2108088646234832897-abc12335-35908-worker-0:274:379 [5] NCCL INFO Channel 22/0 : 5[b5000] -> 6[d5000] via P2P/IPC comm 0x56433e807000 nRanks 16
vcjob-2108088646234832897-abc12335-35908-worker-0:270:378 [1] NCCL INFO Channel 19/0 : 1[36000] -> 2[55000] via P2P/IPC comm 0x5614db70bf80 nRanks 16
vcjob-2108088646234832897-abc12335-35908-worker-0:274:379 [5] NCCL INFO Channel 23/0 : 5[b5000] -> 6[d5000] via P2P/IPC comm 0x56433e807000 nRanks 16
vcjob-2108088646234832897-abc12335-35908-worker-0:270:378 [1] NCCL INFO Channel 20/0 : 1[36000] -> 2[55000] via P2P/IPC comm 0x5614db70bf80 nRanks 16
vcjob-2108088646234832897-abc12335-35908-worker-0:274:379 [5] NCCL INFO Channel 24/0 : 5[b5000] -> 6[d5000] via P2P/IPC comm 0x56433e807000 nRanks 16
vcjob-2108088646234832897-abc12335-35908-worker-0:270:378 [1] NCCL INFO Channel 21/0 : 1[36000] -> 2[55000] via P2P/IPC comm 0x5614db70bf80 nRanks 16
vcjob-2108088646234832897-abc12335-35908-worker-0:274:379 [5] NCCL INFO Channel 25/0 : 5[b5000] -> 6[d5000] via P2P/IPC comm 0x56433e807000 nRanks 16
vcjob-2108088646234832897-abc12335-35908-worker-0:270:378 [1] NCCL INFO Channel 22/0 : 1[36000] -> 2[55000] via P2P/IPC comm 0x5614db70bf80 nRanks 16
vcjob-2108088646234832897-abc12335-35908-worker-0:274:379 [5] NCCL INFO Channel 26/0 : 5[b5000] -> 6[d5000] via P2P/IPC comm 0x56433e807000 nRanks 16
vcjob-2108088646234832897-abc12335-35908-worker-0:270:378 [1] NCCL INFO Channel 23/0 : 1[36000] -> 2[55000] via P2P/IPC comm 0x5614db70bf80 nRanks 16
vcjob-2108088646234832897-abc12335-35908-worker-0:274:379 [5] NCCL INFO Channel 27/0 : 5[b5000] -> 6[d5000] via P2P/IPC comm 0x56433e807000 nRanks 16
vcjob-2108088646234832897-abc12335-35908-worker-0:270:378 [1] NCCL INFO Channel 24/0 : 1[36000] -> 2[55000] via P2P/IPC comm 0x5614db70bf80 nRanks 16
vcjob-2108088646234832897-abc12335-35908-worker-0:274:379 [5] NCCL INFO Channel 28/0 : 5[b5000] -> 6[d5000] via P2P/IPC comm 0x56433e807000 nRanks 16
vcjob-2108088646234832897-abc12335-35908-worker-0:270:378 [1] NCCL INFO Channel 25/0 : 1[36000] -> 2[55000] via P2P/IPC comm 0x5614db70bf80 nRanks 16
vcjob-2108088646234832897-abc12335-35908-worker-0:274:379 [5] NCCL INFO Channel 29/0 : 5[b5000] -> 6[d5000] via P2P/IPC comm 0x56433e807000 nRanks 16
vcjob-2108088646234832897-abc12335-35908-worker-0:270:378 [1] NCCL INFO Channel 26/0 : 1[36000] -> 2[55000] via P2P/IPC comm 0x5614db70bf80 nRanks 16
vcjob-2108088646234832897-abc12335-35908-worker-0:274:379 [5] NCCL INFO Channel 30/0 : 5[b5000] -> 6[d5000] via P2P/IPC comm 0x56433e807000 nRanks 16
vcjob-2108088646234832897-abc12335-35908-worker-0:270:378 [1] NCCL INFO Channel 27/0 : 1[36000] -> 2[55000] via P2P/IPC comm 0x5614db70bf80 nRanks 16
vcjob-2108088646234832897-abc12335-35908-worker-0:274:379 [5] NCCL INFO Channel 31/0 : 5[b5000] -> 6[d5000] via P2P/IPC comm 0x56433e807000 nRanks 16
vcjob-2108088646234832897-abc12335-35908-worker-0:270:378 [1] NCCL INFO Channel 28/0 : 1[36000] -> 2[55000] via P2P/IPC comm 0x5614db70bf80 nRanks 16
vcjob-2108088646234832897-abc12335-35908-worker-0:270:378 [1] NCCL INFO Channel 29/0 : 1[36000] -> 2[55000] via P2P/IPC comm 0x5614db70bf80 nRanks 16
vcjob-2108088646234832897-abc12335-35908-worker-0:270:378 [1] NCCL INFO Channel 30/0 : 1[36000] -> 2[55000] via P2P/IPC comm 0x5614db70bf80 nRanks 16
vcjob-2108088646234832897-abc12335-35908-worker-0:270:378 [1] NCCL INFO Channel 31/0 : 1[36000] -> 2[55000] via P2P/IPC comm 0x5614db70bf80 nRanks 16
vcjob-2108088646234832897-abc12335-35908-worker-0:272:397 [3] NCCL INFO Channel 00/0 : 3[77000] -> 1[36000] via P2P/IPC comm 0x55f9cfa73e30 nRanks 16
vcjob-2108088646234832897-abc12335-35908-worker-0:269:358 [0] NCCL INFO Channel 00/0 : 0[9000] -> 7[f5000] via P2P/IPC comm 0x5582eba2f070 nRanks 16
vcjob-2108088646234832897-abc12335-35908-worker-0:271:376 [2] NCCL INFO Channel 00/0 : 2[55000] -> 8[9000] [send] via NET/IBext_v8/0/GDRDMA comm 0x56312b147f80 nRanks 16
vcjob-2108088646234832897-abc12335-35908-worker-0:271:376 [2] NCCL INFO Channel 04/0 : 2[55000] -> 8[9000] [send] via NET/IBext_v8/0/GDRDMA comm 0x56312b147f80 nRanks 16
vcjob-2108088646234832897-abc12335-35908-worker-0:271:376 [2] NCCL INFO Channel 08/0 : 2[55000] -> 8[9000] [send] via NET/IBext_v8/0/GDRDMA comm 0x56312b147f80 nRanks 16
vcjob-2108088646234832897-abc12335-35908-worker-0:270:378 [1] NCCL INFO Channel 01/0 : 11[77000] -> 1[36000] [receive] via NET/IBext_v8/1/GDRDMA comm 0x5614db70bf80 nRanks 16
vcjob-2108088646234832897-abc12335-35908-worker-0:271:376 [2] NCCL INFO Channel 12/0 : 2[55000] -> 8[9000] [send] via NET/IBext_v8/0/GDRDMA comm 0x56312b147f80 nRanks 16
vcjob-2108088646234832897-abc12335-35908-worker-0:271:376 [2] NCCL INFO Channel 16/0 : 2[55000] -> 8[9000] [send] via NET/IBext_v8/0/GDRDMA comm 0x56312b147f80 nRanks 16
vcjob-2108088646234832897-abc12335-35908-worker-0:270:378 [1] NCCL INFO Channel 05/0 : 11[77000] -> 1[36000] [receive] via NET/IBext_v8/1/GDRDMA comm 0x5614db70bf80 nRanks 16
vcjob-2108088646234832897-abc12335-35908-worker-0:271:376 [2] NCCL INFO Channel 20/0 : 2[55000] -> 8[9000] [send] via NET/IBext_v8/0/GDRDMA comm 0x56312b147f80 nRanks 16
vcjob-2108088646234832897-abc12335-35908-worker-0:270:378 [1] NCCL INFO Channel 09/0 : 11[77000] -> 1[36000] [receive] via NET/IBext_v8/1/GDRDMA comm 0x5614db70bf80 nRanks 16
vcjob-2108088646234832897-abc12335-35908-worker-0:271:376 [2] NCCL INFO Channel 24/0 : 2[55000] -> 8[9000] [send] via NET/IBext_v8/0/GDRDMA comm 0x56312b147f80 nRanks 16
vcjob-2108088646234832897-abc12335-35908-worker-0:270:378 [1] NCCL INFO Channel 13/0 : 11[77000] -> 1[36000] [receive] via NET/IBext_v8/1/GDRDMA comm 0x5614db70bf80 nRanks 16
vcjob-2108088646234832897-abc12335-35908-worker-0:271:376 [2] NCCL INFO Channel 28/0 : 2[55000] -> 8[9000] [send] via NET/IBext_v8/0/GDRDMA comm 0x56312b147f80 nRanks 16
vcjob-2108088646234832897-abc12335-35908-worker-0:270:378 [1] NCCL INFO Channel 17/0 : 11[77000] -> 1[36000] [receive] via NET/IBext_v8/1/GDRDMA comm 0x5614db70bf80 nRanks 16
vcjob-2108088646234832897-abc12335-35908-worker-0:270:378 [1] NCCL INFO Channel 21/0 : 11[77000] -> 1[36000] [receive] via NET/IBext_v8/1/GDRDMA comm 0x5614db70bf80 nRanks 16
vcjob-2108088646234832897-abc12335-35908-worker-0:270:378 [1] NCCL INFO Channel 25/0 : 11[77000] -> 1[36000] [receive] via NET/IBext_v8/1/GDRDMA comm 0x5614db70bf80 nRanks 16
vcjob-2108088646234832897-abc12335-35908-worker-0:270:378 [1] NCCL INFO Channel 29/0 : 11[77000] -> 1[36000] [receive] via NET/IBext_v8/1/GDRDMA comm 0x5614db70bf80 nRanks 16
vcjob-2108088646234832897-abc12335-35908-worker-0:271:376 [2] NCCL INFO Channel 01/0 : 2[55000] -> 0[9000] via P2P/IPC comm 0x56312b147f80 nRanks 16
vcjob-2108088646234832897-abc12335-35908-worker-0:271:376 [2] NCCL INFO Channel 02/0 : 2[55000] -> 0[9000] via P2P/IPC comm 0x56312b147f80 nRanks 16
vcjob-2108088646234832897-abc12335-35908-worker-0:271:376 [2] NCCL INFO Channel 03/0 : 2[55000] -> 0[9000] via P2P/IPC comm 0x56312b147f80 nRanks 16
vcjob-2108088646234832897-abc12335-35908-worker-0:271:376 [2] NCCL INFO Channel 05/0 : 2[55000] -> 0[9000] via P2P/IPC comm 0x56312b147f80 nRanks 16
vcjob-2108088646234832897-abc12335-35908-worker-0:275:380 [6] NCCL INFO Channel 02/0 : 6[d5000] -> 12[85000] [send] via NET/IBext_v8/2/GDRDMA comm 0x562eda612130 nRanks 16
vcjob-2108088646234832897-abc12335-35908-worker-0:275:380 [6] NCCL INFO Channel 06/0 : 6[d5000] -> 12[85000] [send] via NET/IBext_v8/2/GDRDMA comm 0x562eda612130 nRanks 16
vcjob-2108088646234832897-abc12335-35908-worker-0:274:379 [5] NCCL INFO Channel 03/0 : 15[f5000] -> 5[b5000] [receive] via NET/IBext_v8/3/GDRDMA comm 0x56433e807000 nRanks 16
vcjob-2108088646234832897-abc12335-35908-worker-0:275:380 [6] NCCL INFO Channel 10/0 : 6[d5000] -> 12[85000] [send] via NET/IBext_v8/2/GDRDMA comm 0x562eda612130 nRanks 16
vcjob-2108088646234832897-abc12335-35908-worker-0:274:379 [5] NCCL INFO Channel 07/0 : 15[f5000] -> 5[b5000] [receive] via NET/IBext_v8/3/GDRDMA comm 0x56433e807000 nRanks 16
vcjob-2108088646234832897-abc12335-35908-worker-0:275:380 [6] NCCL INFO Channel 14/0 : 6[d5000] -> 12[85000] [send] via NET/IBext_v8/2/GDRDMA comm 0x562eda612130 nRanks 16
vcjob-2108088646234832897-abc12335-35908-worker-0:274:379 [5] NCCL INFO Channel 11/0 : 15[f5000] -> 5[b5000] [receive] via NET/IBext_v8/3/GDRDMA comm 0x56433e807000 nRanks 16
vcjob-2108088646234832897-abc12335-35908-worker-0:275:380 [6] NCCL INFO Channel 18/0 : 6[d5000] -> 12[85000] [send] via NET/IBext_v8/2/GDRDMA comm 0x562eda612130 nRanks 16
vcjob-2108088646234832897-abc12335-35908-worker-0:275:380 [6] NCCL INFO Channel 22/0 : 6[d5000] -> 12[85000] [send] via NET/IBext_v8/2/GDRDMA comm 0x562eda612130 nRanks 16
vcjob-2108088646234832897-abc12335-35908-worker-0:274:379 [5] NCCL INFO Channel 15/0 : 15[f5000] -> 5[b5000] [receive] via NET/IBext_v8/3/GDRDMA comm 0x56433e807000 nRanks 16
vcjob-2108088646234832897-abc12335-35908-worker-0:275:380 [6] NCCL INFO Channel 26/0 : 6[d5000] -> 12[85000] [send] via NET/IBext_v8/2/GDRDMA comm 0x562eda612130 nRanks 16
vcjob-2108088646234832897-abc12335-35908-worker-0:274:379 [5] NCCL INFO Channel 19/0 : 15[f5000] -> 5[b5000] [receive] via NET/IBext_v8/3/GDRDMA comm 0x56433e807000 nRanks 16
vcjob-2108088646234832897-abc12335-35908-worker-0:275:380 [6] NCCL INFO Channel 30/0 : 6[d5000] -> 12[85000] [send] via NET/IBext_v8/2/GDRDMA comm 0x562eda612130 nRanks 16
vcjob-2108088646234832897-abc12335-35908-worker-0:274:379 [5] NCCL INFO Channel 23/0 : 15[f5000] -> 5[b5000] [receive] via NET/IBext_v8/3/GDRDMA comm 0x56433e807000 nRanks 16
vcjob-2108088646234832897-abc12335-35908-worker-0:274:379 [5] NCCL INFO Channel 27/0 : 15[f5000] -> 5[b5000] [receive] via NET/IBext_v8/3/GDRDMA comm 0x56433e807000 nRanks 16
vcjob-2108088646234832897-abc12335-35908-worker-0:271:376 [2] NCCL INFO Channel 06/0 : 2[55000] -> 0[9000] via P2P/IPC comm 0x56312b147f80 nRanks 16
vcjob-2108088646234832897-abc12335-35908-worker-0:274:379 [5] NCCL INFO Channel 31/0 : 15[f5000] -> 5[b5000] [receive] via NET/IBext_v8/3/GDRDMA comm 0x56433e807000 nRanks 16
vcjob-2108088646234832897-abc12335-35908-worker-0:275:380 [6] NCCL INFO Channel 00/0 : 6[d5000] -> 4[85000] via P2P/IPC comm 0x562eda612130 nRanks 16
vcjob-2108088646234832897-abc12335-35908-worker-0:271:376 [2] NCCL INFO Channel 07/0 : 2[55000] -> 0[9000] via P2P/IPC comm 0x56312b147f80 nRanks 16
vcjob-2108088646234832897-abc12335-35908-worker-0:275:380 [6] NCCL INFO Channel 01/0 : 6[d5000] -> 4[85000] via P2P/IPC comm 0x562eda612130 nRanks 16
vcjob-2108088646234832897-abc12335-35908-worker-0:271:376 [2] NCCL INFO Channel 09/0 : 2[55000] -> 0[9000] via P2P/IPC comm 0x56312b147f80 nRanks 16
vcjob-2108088646234832897-abc12335-35908-worker-0:275:380 [6] NCCL INFO Channel 03/0 : 6[d5000] -> 4[85000] via P2P/IPC comm 0x562eda612130 nRanks 16
vcjob-2108088646234832897-abc12335-35908-worker-0:271:376 [2] NCCL INFO Channel 10/0 : 2[55000] -> 0[9000] via P2P/IPC comm 0x56312b147f80 nRanks 16
vcjob-2108088646234832897-abc12335-35908-worker-0:275:380 [6] NCCL INFO Channel 04/0 : 6[d5000] -> 4[85000] via P2P/IPC comm 0x562eda612130 nRanks 16
vcjob-2108088646234832897-abc12335-35908-worker-0:271:376 [2] NCCL INFO Channel 11/0 : 2[55000] -> 0[9000] via P2P/IPC comm 0x56312b147f80 nRanks 16
vcjob-2108088646234832897-abc12335-35908-worker-0:275:380 [6] NCCL INFO Channel 05/0 : 6[d5000] -> 4[85000] via P2P/IPC comm 0x562eda612130 nRanks 16
vcjob-2108088646234832897-abc12335-35908-worker-0:271:376 [2] NCCL INFO Channel 13/0 : 2[55000] -> 0[9000] via P2P/IPC comm 0x56312b147f80 nRanks 16
vcjob-2108088646234832897-abc12335-35908-worker-0:275:380 [6] NCCL INFO Channel 07/0 : 6[d5000] -> 4[85000] via P2P/IPC comm 0x562eda612130 nRanks 16
vcjob-2108088646234832897-abc12335-35908-worker-0:271:376 [2] NCCL INFO Channel 14/0 : 2[55000] -> 0[9000] via P2P/IPC comm 0x56312b147f80 nRanks 16
vcjob-2108088646234832897-abc12335-35908-worker-0:275:380 [6] NCCL INFO Channel 08/0 : 6[d5000] -> 4[85000] via P2P/IPC comm 0x562eda612130 nRanks 16
vcjob-2108088646234832897-abc12335-35908-worker-0:271:376 [2] NCCL INFO Channel 15/0 : 2[55000] -> 0[9000] via P2P/IPC comm 0x56312b147f80 nRanks 16
vcjob-2108088646234832897-abc12335-35908-worker-0:275:380 [6] NCCL INFO Channel 09/0 : 6[d5000] -> 4[85000] via P2P/IPC comm 0x562eda612130 nRanks 16
vcjob-2108088646234832897-abc12335-35908-worker-0:271:376 [2] NCCL INFO Channel 17/0 : 2[55000] -> 0[9000] via P2P/IPC comm 0x56312b147f80 nRanks 16
vcjob-2108088646234832897-abc12335-35908-worker-0:275:380 [6] NCCL INFO Channel 11/0 : 6[d5000] -> 4[85000] via P2P/IPC comm 0x562eda612130 nRanks 16
vcjob-2108088646234832897-abc12335-35908-worker-0:271:376 [2] NCCL INFO Channel 18/0 : 2[55000] -> 0[9000] via P2P/IPC comm 0x56312b147f80 nRanks 16
vcjob-2108088646234832897-abc12335-35908-worker-0:275:380 [6] NCCL INFO Channel 12/0 : 6[d5000] -> 4[85000] via P2P/IPC comm 0x562eda612130 nRanks 16
vcjob-2108088646234832897-abc12335-35908-worker-0:271:376 [2] NCCL INFO Channel 19/0 : 2[55000] -> 0[9000] via P2P/IPC comm 0x56312b147f80 nRanks 16
vcjob-2108088646234832897-abc12335-35908-worker-0:275:380 [6] NCCL INFO Channel 13/0 : 6[d5000] -> 4[85000] via P2P/IPC comm 0x562eda612130 nRanks 16
vcjob-2108088646234832897-abc12335-35908-worker-0:271:376 [2] NCCL INFO Channel 21/0 : 2[55000] -> 0[9000] via P2P/IPC comm 0x56312b147f80 nRanks 16
vcjob-2108088646234832897-abc12335-35908-worker-0:275:380 [6] NCCL INFO Channel 15/0 : 6[d5000] -> 4[85000] via P2P/IPC comm 0x562eda612130 nRanks 16
vcjob-2108088646234832897-abc12335-35908-worker-0:271:376 [2] NCCL INFO Channel 22/0 : 2[55000] -> 0[9000] via P2P/IPC comm 0x56312b147f80 nRanks 16
vcjob-2108088646234832897-abc12335-35908-worker-0:275:380 [6] NCCL INFO Channel 16/0 : 6[d5000] -> 4[85000] via P2P/IPC comm 0x562eda612130 nRanks 16
vcjob-2108088646234832897-abc12335-35908-worker-0:271:376 [2] NCCL INFO Channel 23/0 : 2[55000] -> 0[9000] via P2P/IPC comm 0x56312b147f80 nRanks 16
vcjob-2108088646234832897-abc12335-35908-worker-0:275:380 [6] NCCL INFO Channel 17/0 : 6[d5000] -> 4[85000] via P2P/IPC comm 0x562eda612130 nRanks 16
vcjob-2108088646234832897-abc12335-35908-worker-0:271:376 [2] NCCL INFO Channel 25/0 : 2[55000] -> 0[9000] via P2P/IPC comm 0x56312b147f80 nRanks 16
vcjob-2108088646234832897-abc12335-35908-worker-0:275:380 [6] NCCL INFO Channel 19/0 : 6[d5000] -> 4[85000] via P2P/IPC comm 0x562eda612130 nRanks 16
vcjob-2108088646234832897-abc12335-35908-worker-0:271:376 [2] NCCL INFO Channel 26/0 : 2[55000] -> 0[9000] via P2P/IPC comm 0x56312b147f80 nRanks 16
vcjob-2108088646234832897-abc12335-35908-worker-0:275:380 [6] NCCL INFO Channel 20/0 : 6[d5000] -> 4[85000] via P2P/IPC comm 0x562eda612130 nRanks 16
vcjob-2108088646234832897-abc12335-35908-worker-0:271:376 [2] NCCL INFO Channel 27/0 : 2[55000] -> 0[9000] via P2P/IPC comm 0x56312b147f80 nRanks 16
vcjob-2108088646234832897-abc12335-35908-worker-0:275:380 [6] NCCL INFO Channel 21/0 : 6[d5000] -> 4[85000] via P2P/IPC comm 0x562eda612130 nRanks 16
vcjob-2108088646234832897-abc12335-35908-worker-0:271:376 [2] NCCL INFO Channel 29/0 : 2[55000] -> 0[9000] via P2P/IPC comm 0x56312b147f80 nRanks 16
vcjob-2108088646234832897-abc12335-35908-worker-0:272:397 [3] NCCL INFO Channel 02/0 : 3[77000] -> 1[36000] via P2P/IPC comm 0x55f9cfa73e30 nRanks 16
vcjob-2108088646234832897-abc12335-35908-worker-0:275:380 [6] NCCL INFO Channel 23/0 : 6[d5000] -> 4[85000] via P2P/IPC comm 0x562eda612130 nRanks 16
vcjob-2108088646234832897-abc12335-35908-worker-0:269:358 [0] NCCL INFO Channel 01/0 : 0[9000] -> 7[f5000] via P2P/IPC comm 0x5582eba2f070 nRanks 16
vcjob-2108088646234832897-abc12335-35908-worker-0:271:376 [2] NCCL INFO Channel 30/0 : 2[55000] -> 0[9000] via P2P/IPC comm 0x56312b147f80 nRanks 16
vcjob-2108088646234832897-abc12335-35908-worker-0:275:380 [6] NCCL INFO Channel 24/0 : 6[d5000] -> 4[85000] via P2P/IPC comm 0x562eda612130 nRanks 16
vcjob-2108088646234832897-abc12335-35908-worker-0:272:397 [3] NCCL INFO Channel 03/0 : 3[77000] -> 1[36000] via P2P/IPC comm 0x55f9cfa73e30 nRanks 16
vcjob-2108088646234832897-abc12335-35908-worker-0:269:358 [0] NCCL INFO Channel 02/0 : 0[9000] -> 7[f5000] via P2P/IPC comm 0x5582eba2f070 nRanks 16
vcjob-2108088646234832897-abc12335-35908-worker-0:271:376 [2] NCCL INFO Channel 31/0 : 2[55000] -> 0[9000] via P2P/IPC comm 0x56312b147f80 nRanks 16
vcjob-2108088646234832897-abc12335-35908-worker-0:275:380 [6] NCCL INFO Channel 25/0 : 6[d5000] -> 4[85000] via P2P/IPC comm 0x562eda612130 nRanks 16
vcjob-2108088646234832897-abc12335-35908-worker-0:272:397 [3] NCCL INFO Channel 04/0 : 3[77000] -> 1[36000] via P2P/IPC comm 0x55f9cfa73e30 nRanks 16
vcjob-2108088646234832897-abc12335-35908-worker-0:269:358 [0] NCCL INFO Channel 03/0 : 0[9000] -> 7[f5000] via P2P/IPC comm 0x5582eba2f070 nRanks 16
vcjob-2108088646234832897-abc12335-35908-worker-0:275:380 [6] NCCL INFO Channel 27/0 : 6[d5000] -> 4[85000] via P2P/IPC comm 0x562eda612130 nRanks 16
vcjob-2108088646234832897-abc12335-35908-worker-0:272:397 [3] NCCL INFO Channel 06/0 : 3[77000] -> 1[36000] via P2P/IPC comm 0x55f9cfa73e30 nRanks 16
vcjob-2108088646234832897-abc12335-35908-worker-0:269:358 [0] NCCL INFO Channel 04/0 : 0[9000] -> 7[f5000] via P2P/IPC comm 0x5582eba2f070 nRanks 16
vcjob-2108088646234832897-abc12335-35908-worker-0:275:380 [6] NCCL INFO Channel 28/0 : 6[d5000] -> 4[85000] via P2P/IPC comm 0x562eda612130 nRanks 16
vcjob-2108088646234832897-abc12335-35908-worker-0:272:397 [3] NCCL INFO Channel 07/0 : 3[77000] -> 1[36000] via P2P/IPC comm 0x55f9cfa73e30 nRanks 16
vcjob-2108088646234832897-abc12335-35908-worker-0:269:358 [0] NCCL INFO Channel 05/0 : 0[9000] -> 7[f5000] via P2P/IPC comm 0x5582eba2f070 nRanks 16
vcjob-2108088646234832897-abc12335-35908-worker-0:275:380 [6] NCCL INFO Channel 29/0 : 6[d5000] -> 4[85000] via P2P/IPC comm 0x562eda612130 nRanks 16
vcjob-2108088646234832897-abc12335-35908-worker-0:272:397 [3] NCCL INFO Channel 08/0 : 3[77000] -> 1[36000] via P2P/IPC comm 0x55f9cfa73e30 nRanks 16
vcjob-2108088646234832897-abc12335-35908-worker-0:269:358 [0] NCCL INFO Channel 06/0 : 0[9000] -> 7[f5000] via P2P/IPC comm 0x5582eba2f070 nRanks 16
vcjob-2108088646234832897-abc12335-35908-worker-0:275:380 [6] NCCL INFO Channel 31/0 : 6[d5000] -> 4[85000] via P2P/IPC comm 0x562eda612130 nRanks 16
vcjob-2108088646234832897-abc12335-35908-worker-0:272:397 [3] NCCL INFO Channel 10/0 : 3[77000] -> 1[36000] via P2P/IPC comm 0x55f9cfa73e30 nRanks 16
vcjob-2108088646234832897-abc12335-35908-worker-0:269:358 [0] NCCL INFO Channel 07/0 : 0[9000] -> 7[f5000] via P2P/IPC comm 0x5582eba2f070 nRanks 16
vcjob-2108088646234832897-abc12335-35908-worker-0:272:397 [3] NCCL INFO Channel 11/0 : 3[77000] -> 1[36000] via P2P/IPC comm 0x55f9cfa73e30 nRanks 16
vcjob-2108088646234832897-abc12335-35908-worker-0:269:358 [0] NCCL INFO Channel 08/0 : 0[9000] -> 7[f5000] via P2P/IPC comm 0x5582eba2f070 nRanks 16
vcjob-2108088646234832897-abc12335-35908-worker-0:272:397 [3] NCCL INFO Channel 12/0 : 3[77000] -> 1[36000] via P2P/IPC comm 0x55f9cfa73e30 nRanks 16
vcjob-2108088646234832897-abc12335-35908-worker-0:269:358 [0] NCCL INFO Channel 09/0 : 0[9000] -> 7[f5000] via P2P/IPC comm 0x5582eba2f070 nRanks 16
vcjob-2108088646234832897-abc12335-35908-worker-0:272:397 [3] NCCL INFO Channel 14/0 : 3[77000] -> 1[36000] via P2P/IPC comm 0x55f9cfa73e30 nRanks 16
vcjob-2108088646234832897-abc12335-35908-worker-0:269:358 [0] NCCL INFO Channel 10/0 : 0[9000] -> 7[f5000] via P2P/IPC comm 0x5582eba2f070 nRanks 16
vcjob-2108088646234832897-abc12335-35908-worker-0:272:397 [3] NCCL INFO Channel 15/0 : 3[77000] -> 1[36000] via P2P/IPC comm 0x55f9cfa73e30 nRanks 16
vcjob-2108088646234832897-abc12335-35908-worker-0:269:358 [0] NCCL INFO Channel 11/0 : 0[9000] -> 7[f5000] via P2P/IPC comm 0x5582eba2f070 nRanks 16
vcjob-2108088646234832897-abc12335-35908-worker-0:272:397 [3] NCCL INFO Channel 16/0 : 3[77000] -> 1[36000] via P2P/IPC comm 0x55f9cfa73e30 nRanks 16
vcjob-2108088646234832897-abc12335-35908-worker-0:269:358 [0] NCCL INFO Channel 12/0 : 0[9000] -> 7[f5000] via P2P/IPC comm 0x5582eba2f070 nRanks 16
vcjob-2108088646234832897-abc12335-35908-worker-0:269:358 [0] NCCL INFO Channel 13/0 : 0[9000] -> 7[f5000] via P2P/IPC comm 0x5582eba2f070 nRanks 16
vcjob-2108088646234832897-abc12335-35908-worker-0:272:397 [3] NCCL INFO Channel 18/0 : 3[77000] -> 1[36000] via P2P/IPC comm 0x55f9cfa73e30 nRanks 16
vcjob-2108088646234832897-abc12335-35908-worker-0:269:358 [0] NCCL INFO Channel 14/0 : 0[9000] -> 7[f5000] via P2P/IPC comm 0x5582eba2f070 nRanks 16
vcjob-2108088646234832897-abc12335-35908-worker-0:272:397 [3] NCCL INFO Channel 19/0 : 3[77000] -> 1[36000] via P2P/IPC comm 0x55f9cfa73e30 nRanks 16
vcjob-2108088646234832897-abc12335-35908-worker-0:269:358 [0] NCCL INFO Channel 15/0 : 0[9000] -> 7[f5000] via P2P/IPC comm 0x5582eba2f070 nRanks 16
vcjob-2108088646234832897-abc12335-35908-worker-0:272:397 [3] NCCL INFO Channel 20/0 : 3[77000] -> 1[36000] via P2P/IPC comm 0x55f9cfa73e30 nRanks 16
vcjob-2108088646234832897-abc12335-35908-worker-0:269:358 [0] NCCL INFO Channel 16/0 : 0[9000] -> 7[f5000] via P2P/IPC comm 0x5582eba2f070 nRanks 16
vcjob-2108088646234832897-abc12335-35908-worker-0:272:397 [3] NCCL INFO Channel 22/0 : 3[77000] -> 1[36000] via P2P/IPC comm 0x55f9cfa73e30 nRanks 16
vcjob-2108088646234832897-abc12335-35908-worker-0:269:358 [0] NCCL INFO Channel 17/0 : 0[9000] -> 7[f5000] via P2P/IPC comm 0x5582eba2f070 nRanks 16
vcjob-2108088646234832897-abc12335-35908-worker-0:272:397 [3] NCCL INFO Channel 23/0 : 3[77000] -> 1[36000] via P2P/IPC comm 0x55f9cfa73e30 nRanks 16
vcjob-2108088646234832897-abc12335-35908-worker-0:269:358 [0] NCCL INFO Channel 18/0 : 0[9000] -> 7[f5000] via P2P/IPC comm 0x5582eba2f070 nRanks 16
vcjob-2108088646234832897-abc12335-35908-worker-0:272:397 [3] NCCL INFO Channel 24/0 : 3[77000] -> 1[36000] via P2P/IPC comm 0x55f9cfa73e30 nRanks 16
vcjob-2108088646234832897-abc12335-35908-worker-0:269:358 [0] NCCL INFO Channel 19/0 : 0[9000] -> 7[f5000] via P2P/IPC comm 0x5582eba2f070 nRanks 16
vcjob-2108088646234832897-abc12335-35908-worker-0:272:397 [3] NCCL INFO Channel 26/0 : 3[77000] -> 1[36000] via P2P/IPC comm 0x55f9cfa73e30 nRanks 16
vcjob-2108088646234832897-abc12335-35908-worker-0:269:358 [0] NCCL INFO Channel 20/0 : 0[9000] -> 7[f5000] via P2P/IPC comm 0x5582eba2f070 nRanks 16
vcjob-2108088646234832897-abc12335-35908-worker-0:272:397 [3] NCCL INFO Channel 27/0 : 3[77000] -> 1[36000] via P2P/IPC comm 0x55f9cfa73e30 nRanks 16
vcjob-2108088646234832897-abc12335-35908-worker-0:269:358 [0] NCCL INFO Channel 21/0 : 0[9000] -> 7[f5000] via P2P/IPC comm 0x5582eba2f070 nRanks 16
vcjob-2108088646234832897-abc12335-35908-worker-0:272:397 [3] NCCL INFO Channel 28/0 : 3[77000] -> 1[36000] via P2P/IPC comm 0x55f9cfa73e30 nRanks 16
vcjob-2108088646234832897-abc12335-35908-worker-0:269:358 [0] NCCL INFO Channel 22/0 : 0[9000] -> 7[f5000] via P2P/IPC comm 0x5582eba2f070 nRanks 16
vcjob-2108088646234832897-abc12335-35908-worker-0:269:358 [0] NCCL INFO Channel 23/0 : 0[9000] -> 7[f5000] via P2P/IPC comm 0x5582eba2f070 nRanks 16
vcjob-2108088646234832897-abc12335-35908-worker-0:272:397 [3] NCCL INFO Channel 30/0 : 3[77000] -> 1[36000] via P2P/IPC comm 0x55f9cfa73e30 nRanks 16
vcjob-2108088646234832897-abc12335-35908-worker-0:269:358 [0] NCCL INFO Channel 24/0 : 0[9000] -> 7[f5000] via P2P/IPC comm 0x5582eba2f070 nRanks 16
vcjob-2108088646234832897-abc12335-35908-worker-0:272:397 [3] NCCL INFO Channel 31/0 : 3[77000] -> 1[36000] via P2P/IPC comm 0x55f9cfa73e30 nRanks 16
vcjob-2108088646234832897-abc12335-35908-worker-0:269:358 [0] NCCL INFO Channel 25/0 : 0[9000] -> 7[f5000] via P2P/IPC comm 0x5582eba2f070 nRanks 16
vcjob-2108088646234832897-abc12335-35908-worker-0:269:358 [0] NCCL INFO Channel 26/0 : 0[9000] -> 7[f5000] via P2P/IPC comm 0x5582eba2f070 nRanks 16
vcjob-2108088646234832897-abc12335-35908-worker-0:269:358 [0] NCCL INFO Channel 27/0 : 0[9000] -> 7[f5000] via P2P/IPC comm 0x5582eba2f070 nRanks 16
vcjob-2108088646234832897-abc12335-35908-worker-0:269:358 [0] NCCL INFO Channel 28/0 : 0[9000] -> 7[f5000] via P2P/IPC comm 0x5582eba2f070 nRanks 16
vcjob-2108088646234832897-abc12335-35908-worker-0:269:358 [0] NCCL INFO Channel 29/0 : 0[9000] -> 7[f5000] via P2P/IPC comm 0x5582eba2f070 nRanks 16
vcjob-2108088646234832897-abc12335-35908-worker-0:269:358 [0] NCCL INFO Channel 30/0 : 0[9000] -> 7[f5000] via P2P/IPC comm 0x5582eba2f070 nRanks 16
vcjob-2108088646234832897-abc12335-35908-worker-0:269:358 [0] NCCL INFO Channel 31/0 : 0[9000] -> 7[f5000] via P2P/IPC comm 0x5582eba2f070 nRanks 16
vcjob-2108088646234832897-abc12335-35908-worker-0:273:359 [4] NCCL INFO Channel 00/0 : 4[85000] -> 3[77000] via P2P/IPC comm 0x55f6acb08f30 nRanks 16
vcjob-2108088646234832897-abc12335-35908-worker-0:273:359 [4] NCCL INFO Channel 01/0 : 4[85000] -> 3[77000] via P2P/IPC comm 0x55f6acb08f30 nRanks 16
vcjob-2108088646234832897-abc12335-35908-worker-0:273:359 [4] NCCL INFO Channel 02/0 : 4[85000] -> 3[77000] via P2P/IPC comm 0x55f6acb08f30 nRanks 16
vcjob-2108088646234832897-abc12335-35908-worker-0:273:359 [4] NCCL INFO Channel 03/0 : 4[85000] -> 3[77000] via P2P/IPC comm 0x55f6acb08f30 nRanks 16
vcjob-2108088646234832897-abc12335-35908-worker-0:273:359 [4] NCCL INFO Channel 04/0 : 4[85000] -> 3[77000] via P2P/IPC comm 0x55f6acb08f30 nRanks 16
vcjob-2108088646234832897-abc12335-35908-worker-0:273:359 [4] NCCL INFO Channel 05/0 : 4[85000] -> 3[77000] via P2P/IPC comm 0x55f6acb08f30 nRanks 16
vcjob-2108088646234832897-abc12335-35908-worker-0:273:359 [4] NCCL INFO Channel 06/0 : 4[85000] -> 3[77000] via P2P/IPC comm 0x55f6acb08f30 nRanks 16
vcjob-2108088646234832897-abc12335-35908-worker-0:273:359 [4] NCCL INFO Channel 07/0 : 4[85000] -> 3[77000] via P2P/IPC comm 0x55f6acb08f30 nRanks 16
vcjob-2108088646234832897-abc12335-35908-worker-0:273:359 [4] NCCL INFO Channel 08/0 : 4[85000] -> 3[77000] via P2P/IPC comm 0x55f6acb08f30 nRanks 16
vcjob-2108088646234832897-abc12335-35908-worker-0:276:369 [7] NCCL INFO Channel 00/0 : 7[f5000] -> 5[b5000] via P2P/IPC comm 0x561d65e50f80 nRanks 16
vcjob-2108088646234832897-abc12335-35908-worker-0:273:359 [4] NCCL INFO Channel 09/0 : 4[85000] -> 3[77000] via P2P/IPC comm 0x55f6acb08f30 nRanks 16
vcjob-2108088646234832897-abc12335-35908-worker-0:275:425 [6] NCCL INFO NCCL_IB_QPS_PER_CONNECTION set by environment to 8.
vcjob-2108088646234832897-abc12335-35908-worker-0:276:369 [7] NCCL INFO Channel 01/0 : 7[f5000] -> 5[b5000] via P2P/IPC comm 0x561d65e50f80 nRanks 16
vcjob-2108088646234832897-abc12335-35908-worker-0:273:359 [4] NCCL INFO Channel 10/0 : 4[85000] -> 3[77000] via P2P/IPC comm 0x55f6acb08f30 nRanks 16
vcjob-2108088646234832897-abc12335-35908-worker-0:276:369 [7] NCCL INFO Channel 02/0 : 7[f5000] -> 5[b5000] via P2P/IPC comm 0x561d65e50f80 nRanks 16
vcjob-2108088646234832897-abc12335-35908-worker-0:273:359 [4] NCCL INFO Channel 11/0 : 4[85000] -> 3[77000] via P2P/IPC comm 0x55f6acb08f30 nRanks 16
vcjob-2108088646234832897-abc12335-35908-worker-0:276:369 [7] NCCL INFO Channel 04/0 : 7[f5000] -> 5[b5000] via P2P/IPC comm 0x561d65e50f80 nRanks 16
vcjob-2108088646234832897-abc12335-35908-worker-0:273:359 [4] NCCL INFO Channel 12/0 : 4[85000] -> 3[77000] via P2P/IPC comm 0x55f6acb08f30 nRanks 16
vcjob-2108088646234832897-abc12335-35908-worker-0:276:369 [7] NCCL INFO Channel 05/0 : 7[f5000] -> 5[b5000] via P2P/IPC comm 0x561d65e50f80 nRanks 16
vcjob-2108088646234832897-abc12335-35908-worker-0:273:359 [4] NCCL INFO Channel 13/0 : 4[85000] -> 3[77000] via P2P/IPC comm 0x55f6acb08f30 nRanks 16
vcjob-2108088646234832897-abc12335-35908-worker-0:276:369 [7] NCCL INFO Channel 06/0 : 7[f5000] -> 5[b5000] via P2P/IPC comm 0x561d65e50f80 nRanks 16
vcjob-2108088646234832897-abc12335-35908-worker-0:273:359 [4] NCCL INFO Channel 14/0 : 4[85000] -> 3[77000] via P2P/IPC comm 0x55f6acb08f30 nRanks 16
vcjob-2108088646234832897-abc12335-35908-worker-0:276:369 [7] NCCL INFO Channel 08/0 : 7[f5000] -> 5[b5000] via P2P/IPC comm 0x561d65e50f80 nRanks 16
vcjob-2108088646234832897-abc12335-35908-worker-0:273:359 [4] NCCL INFO Channel 15/0 : 4[85000] -> 3[77000] via P2P/IPC comm 0x55f6acb08f30 nRanks 16
vcjob-2108088646234832897-abc12335-35908-worker-0:276:369 [7] NCCL INFO Channel 09/0 : 7[f5000] -> 5[b5000] via P2P/IPC comm 0x561d65e50f80 nRanks 16
vcjob-2108088646234832897-abc12335-35908-worker-0:273:359 [4] NCCL INFO Channel 16/0 : 4[85000] -> 3[77000] via P2P/IPC comm 0x55f6acb08f30 nRanks 16
vcjob-2108088646234832897-abc12335-35908-worker-0:276:369 [7] NCCL INFO Channel 10/0 : 7[f5000] -> 5[b5000] via P2P/IPC comm 0x561d65e50f80 nRanks 16
vcjob-2108088646234832897-abc12335-35908-worker-0:273:359 [4] NCCL INFO Channel 17/0 : 4[85000] -> 3[77000] via P2P/IPC comm 0x55f6acb08f30 nRanks 16
vcjob-2108088646234832897-abc12335-35908-worker-0:276:369 [7] NCCL INFO Channel 12/0 : 7[f5000] -> 5[b5000] via P2P/IPC comm 0x561d65e50f80 nRanks 16
vcjob-2108088646234832897-abc12335-35908-worker-0:273:359 [4] NCCL INFO Channel 18/0 : 4[85000] -> 3[77000] via P2P/IPC comm 0x55f6acb08f30 nRanks 16
vcjob-2108088646234832897-abc12335-35908-worker-0:276:369 [7] NCCL INFO Channel 13/0 : 7[f5000] -> 5[b5000] via P2P/IPC comm 0x561d65e50f80 nRanks 16
vcjob-2108088646234832897-abc12335-35908-worker-0:273:359 [4] NCCL INFO Channel 19/0 : 4[85000] -> 3[77000] via P2P/IPC comm 0x55f6acb08f30 nRanks 16
vcjob-2108088646234832897-abc12335-35908-worker-0:276:369 [7] NCCL INFO Channel 14/0 : 7[f5000] -> 5[b5000] via P2P/IPC comm 0x561d65e50f80 nRanks 16
vcjob-2108088646234832897-abc12335-35908-worker-0:273:359 [4] NCCL INFO Channel 20/0 : 4[85000] -> 3[77000] via P2P/IPC comm 0x55f6acb08f30 nRanks 16
vcjob-2108088646234832897-abc12335-35908-worker-0:276:369 [7] NCCL INFO Channel 16/0 : 7[f5000] -> 5[b5000] via P2P/IPC comm 0x561d65e50f80 nRanks 16
vcjob-2108088646234832897-abc12335-35908-worker-0:276:369 [7] NCCL INFO Channel 17/0 : 7[f5000] -> 5[b5000] via P2P/IPC comm 0x561d65e50f80 nRanks 16
vcjob-2108088646234832897-abc12335-35908-worker-0:273:359 [4] NCCL INFO Channel 21/0 : 4[85000] -> 3[77000] via P2P/IPC comm 0x55f6acb08f30 nRanks 16
vcjob-2108088646234832897-abc12335-35908-worker-0:276:369 [7] NCCL INFO Channel 18/0 : 7[f5000] -> 5[b5000] via P2P/IPC comm 0x561d65e50f80 nRanks 16
vcjob-2108088646234832897-abc12335-35908-worker-0:273:359 [4] NCCL INFO Channel 22/0 : 4[85000] -> 3[77000] via P2P/IPC comm 0x55f6acb08f30 nRanks 16
vcjob-2108088646234832897-abc12335-35908-worker-0:276:369 [7] NCCL INFO Channel 20/0 : 7[f5000] -> 5[b5000] via P2P/IPC comm 0x561d65e50f80 nRanks 16
vcjob-2108088646234832897-abc12335-35908-worker-0:273:359 [4] NCCL INFO Channel 23/0 : 4[85000] -> 3[77000] via P2P/IPC comm 0x55f6acb08f30 nRanks 16
vcjob-2108088646234832897-abc12335-35908-worker-0:276:369 [7] NCCL INFO Channel 21/0 : 7[f5000] -> 5[b5000] via P2P/IPC comm 0x561d65e50f80 nRanks 16
vcjob-2108088646234832897-abc12335-35908-worker-0:273:359 [4] NCCL INFO Channel 24/0 : 4[85000] -> 3[77000] via P2P/IPC comm 0x55f6acb08f30 nRanks 16
vcjob-2108088646234832897-abc12335-35908-worker-0:276:369 [7] NCCL INFO Channel 22/0 : 7[f5000] -> 5[b5000] via P2P/IPC comm 0x561d65e50f80 nRanks 16
vcjob-2108088646234832897-abc12335-35908-worker-0:273:359 [4] NCCL INFO Channel 25/0 : 4[85000] -> 3[77000] via P2P/IPC comm 0x55f6acb08f30 nRanks 16
vcjob-2108088646234832897-abc12335-35908-worker-0:276:369 [7] NCCL INFO Channel 24/0 : 7[f5000] -> 5[b5000] via P2P/IPC comm 0x561d65e50f80 nRanks 16
vcjob-2108088646234832897-abc12335-35908-worker-0:273:359 [4] NCCL INFO Channel 26/0 : 4[85000] -> 3[77000] via P2P/IPC comm 0x55f6acb08f30 nRanks 16
vcjob-2108088646234832897-abc12335-35908-worker-0:276:369 [7] NCCL INFO Channel 25/0 : 7[f5000] -> 5[b5000] via P2P/IPC comm 0x561d65e50f80 nRanks 16
vcjob-2108088646234832897-abc12335-35908-worker-0:273:359 [4] NCCL INFO Channel 27/0 : 4[85000] -> 3[77000] via P2P/IPC comm 0x55f6acb08f30 nRanks 16
vcjob-2108088646234832897-abc12335-35908-worker-0:276:369 [7] NCCL INFO Channel 26/0 : 7[f5000] -> 5[b5000] via P2P/IPC comm 0x561d65e50f80 nRanks 16
vcjob-2108088646234832897-abc12335-35908-worker-0:273:359 [4] NCCL INFO Channel 28/0 : 4[85000] -> 3[77000] via P2P/IPC comm 0x55f6acb08f30 nRanks 16
vcjob-2108088646234832897-abc12335-35908-worker-0:276:369 [7] NCCL INFO Channel 28/0 : 7[f5000] -> 5[b5000] via P2P/IPC comm 0x561d65e50f80 nRanks 16
vcjob-2108088646234832897-abc12335-35908-worker-0:273:359 [4] NCCL INFO Channel 29/0 : 4[85000] -> 3[77000] via P2P/IPC comm 0x55f6acb08f30 nRanks 16
vcjob-2108088646234832897-abc12335-35908-worker-0:276:369 [7] NCCL INFO Channel 29/0 : 7[f5000] -> 5[b5000] via P2P/IPC comm 0x561d65e50f80 nRanks 16
vcjob-2108088646234832897-abc12335-35908-worker-0:273:359 [4] NCCL INFO Channel 30/0 : 4[85000] -> 3[77000] via P2P/IPC comm 0x55f6acb08f30 nRanks 16
vcjob-2108088646234832897-abc12335-35908-worker-0:276:369 [7] NCCL INFO Channel 30/0 : 7[f5000] -> 5[b5000] via P2P/IPC comm 0x561d65e50f80 nRanks 16
vcjob-2108088646234832897-abc12335-35908-worker-0:273:359 [4] NCCL INFO Channel 31/0 : 4[85000] -> 3[77000] via P2P/IPC comm 0x55f6acb08f30 nRanks 16
vcjob-2108088646234832897-abc12335-35908-worker-0:276:424 [7] NCCL INFO NCCL_IB_QPS_PER_CONNECTION set by environment to 8.
vcjob-2108088646234832897-abc12335-35908-worker-0:273:422 [4] NCCL INFO NCCL_IB_QPS_PER_CONNECTION set by environment to 8.
vcjob-2108088646234832897-abc12335-35908-worker-0:272:416 [3] NCCL INFO NCCL_IB_QPS_PER_CONNECTION set by environment to 8.
vcjob-2108088646234832897-abc12335-35908-worker-0:273:422 [4] NCCL INFO NCCL_IB_TIMEOUT set by environment to 22.
vcjob-2108088646234832897-abc12335-35908-worker-0:270:414 [1] NCCL INFO NCCL_IB_QPS_PER_CONNECTION set by environment to 8.
vcjob-2108088646234832897-abc12335-35908-worker-0:270:414 [1] NCCL INFO NCCL_IB_TIMEOUT set by environment to 22.
vcjob-2108088646234832897-abc12335-35908-worker-0:275:425 [6] NCCL INFO NCCL_IB_TIMEOUT set by environment to 22.
vcjob-2108088646234832897-abc12335-35908-worker-0:274:423 [5] NCCL INFO NCCL_IB_QPS_PER_CONNECTION set by environment to 8.
vcjob-2108088646234832897-abc12335-35908-worker-0:271:417 [2] NCCL INFO NCCL_IB_QPS_PER_CONNECTION set by environment to 8.
vcjob-2108088646234832897-abc12335-35908-worker-0:272:416 [3] NCCL INFO NCCL_IB_TIMEOUT set by environment to 22.
vcjob-2108088646234832897-abc12335-35908-worker-0:274:423 [5] NCCL INFO NCCL_IB_TIMEOUT set by environment to 22.
vcjob-2108088646234832897-abc12335-35908-worker-0:269:419 [0] NCCL INFO NCCL_IB_QPS_PER_CONNECTION set by environment to 8.
vcjob-2108088646234832897-abc12335-35908-worker-0:269:419 [0] NCCL INFO NCCL_IB_TIMEOUT set by environment to 22.
vcjob-2108088646234832897-abc12335-35908-worker-0:276:424 [7] NCCL INFO NCCL_IB_TIMEOUT set by environment to 22.
vcjob-2108088646234832897-abc12335-35908-worker-0:271:417 [2] NCCL INFO NCCL_IB_TIMEOUT set by environment to 22.
vcjob-2108088646234832897-abc12335-35908-worker-0:275:380 [6] NCCL INFO Connected all rings
vcjob-2108088646234832897-abc12335-35908-worker-0:274:379 [5] NCCL INFO Connected all rings
vcjob-2108088646234832897-abc12335-35908-worker-0:276:369 [7] NCCL INFO Connected all rings
vcjob-2108088646234832897-abc12335-35908-worker-0:274:379 [5] NCCL INFO Channel 00/0 : 5[b5000] -> 7[f5000] via P2P/IPC comm 0x56433e807000 nRanks 16
vcjob-2108088646234832897-abc12335-35908-worker-0:274:379 [5] NCCL INFO Channel 01/0 : 5[b5000] -> 7[f5000] via P2P/IPC comm 0x56433e807000 nRanks 16
vcjob-2108088646234832897-abc12335-35908-worker-0:274:379 [5] NCCL INFO Channel 02/0 : 5[b5000] -> 7[f5000] via P2P/IPC comm 0x56433e807000 nRanks 16
vcjob-2108088646234832897-abc12335-35908-worker-0:274:379 [5] NCCL INFO Channel 03/0 : 5[b5000] -> 7[f5000] via P2P/IPC comm 0x56433e807000 nRanks 16
vcjob-2108088646234832897-abc12335-35908-worker-0:274:379 [5] NCCL INFO Channel 04/0 : 5[b5000] -> 7[f5000] via P2P/IPC comm 0x56433e807000 nRanks 16
vcjob-2108088646234832897-abc12335-35908-worker-0:274:379 [5] NCCL INFO Channel 05/0 : 5[b5000] -> 7[f5000] via P2P/IPC comm 0x56433e807000 nRanks 16
vcjob-2108088646234832897-abc12335-35908-worker-0:274:379 [5] NCCL INFO Channel 06/0 : 5[b5000] -> 7[f5000] via P2P/IPC comm 0x56433e807000 nRanks 16
vcjob-2108088646234832897-abc12335-35908-worker-0:271:376 [2] NCCL INFO Connected all rings
vcjob-2108088646234832897-abc12335-35908-worker-0:270:378 [1] NCCL INFO Connected all rings
vcjob-2108088646234832897-abc12335-35908-worker-0:270:378 [1] NCCL INFO Channel 00/0 : 1[36000] -> 3[77000] via P2P/IPC comm 0x5614db70bf80 nRanks 16
vcjob-2108088646234832897-abc12335-35908-worker-0:269:358 [0] NCCL INFO Connected all rings
vcjob-2108088646234832897-abc12335-35908-worker-0:273:359 [4] NCCL INFO Connected all rings
vcjob-2108088646234832897-abc12335-35908-worker-0:272:397 [3] NCCL INFO Connected all rings
vcjob-2108088646234832897-abc12335-35908-worker-0:272:397 [3] NCCL INFO Channel 00/0 : 3[77000] -> 4[85000] via P2P/IPC comm 0x55f9cfa73e30 nRanks 16
vcjob-2108088646234832897-abc12335-35908-worker-0:269:358 [0] NCCL INFO Channel 00/0 : 0[9000] -> 2[55000] via P2P/IPC comm 0x5582eba2f070 nRanks 16
vcjob-2108088646234832897-abc12335-35908-worker-0:274:379 [5] NCCL INFO Channel 07/0 : 5[b5000] -> 7[f5000] via P2P/IPC comm 0x56433e807000 nRanks 16
vcjob-2108088646234832897-abc12335-35908-worker-0:270:378 [1] NCCL INFO Channel 01/0 : 1[36000] -> 3[77000] via P2P/IPC comm 0x5614db70bf80 nRanks 16
vcjob-2108088646234832897-abc12335-35908-worker-0:272:397 [3] NCCL INFO Channel 01/0 : 3[77000] -> 4[85000] via P2P/IPC comm 0x55f9cfa73e30 nRanks 16
vcjob-2108088646234832897-abc12335-35908-worker-0:269:358 [0] NCCL INFO Channel 01/0 : 0[9000] -> 2[55000] via P2P/IPC comm 0x5582eba2f070 nRanks 16
vcjob-2108088646234832897-abc12335-35908-worker-0:274:379 [5] NCCL INFO Channel 08/0 : 5[b5000] -> 7[f5000] via P2P/IPC comm 0x56433e807000 nRanks 16
vcjob-2108088646234832897-abc12335-35908-worker-0:270:378 [1] NCCL INFO Channel 02/0 : 1[36000] -> 3[77000] via P2P/IPC comm 0x5614db70bf80 nRanks 16
vcjob-2108088646234832897-abc12335-35908-worker-0:272:397 [3] NCCL INFO Channel 03/0 : 3[77000] -> 4[85000] via P2P/IPC comm 0x55f9cfa73e30 nRanks 16
vcjob-2108088646234832897-abc12335-35908-worker-0:269:358 [0] NCCL INFO Channel 02/0 : 0[9000] -> 2[55000] via P2P/IPC comm 0x5582eba2f070 nRanks 16
vcjob-2108088646234832897-abc12335-35908-worker-0:274:379 [5] NCCL INFO Channel 09/0 : 5[b5000] -> 7[f5000] via P2P/IPC comm 0x56433e807000 nRanks 16
vcjob-2108088646234832897-abc12335-35908-worker-0:270:378 [1] NCCL INFO Channel 03/0 : 1[36000] -> 3[77000] via P2P/IPC comm 0x5614db70bf80 nRanks 16
vcjob-2108088646234832897-abc12335-35908-worker-0:269:358 [0] NCCL INFO Channel 03/0 : 0[9000] -> 2[55000] via P2P/IPC comm 0x5582eba2f070 nRanks 16
vcjob-2108088646234832897-abc12335-35908-worker-0:272:397 [3] NCCL INFO Channel 04/0 : 3[77000] -> 4[85000] via P2P/IPC comm 0x55f9cfa73e30 nRanks 16
vcjob-2108088646234832897-abc12335-35908-worker-0:274:379 [5] NCCL INFO Channel 10/0 : 5[b5000] -> 7[f5000] via P2P/IPC comm 0x56433e807000 nRanks 16
vcjob-2108088646234832897-abc12335-35908-worker-0:270:378 [1] NCCL INFO Channel 04/0 : 1[36000] -> 3[77000] via P2P/IPC comm 0x5614db70bf80 nRanks 16
vcjob-2108088646234832897-abc12335-35908-worker-0:269:358 [0] NCCL INFO Channel 04/0 : 0[9000] -> 2[55000] via P2P/IPC comm 0x5582eba2f070 nRanks 16
vcjob-2108088646234832897-abc12335-35908-worker-0:272:397 [3] NCCL INFO Channel 05/0 : 3[77000] -> 4[85000] via P2P/IPC comm 0x55f9cfa73e30 nRanks 16
vcjob-2108088646234832897-abc12335-35908-worker-0:274:379 [5] NCCL INFO Channel 11/0 : 5[b5000] -> 7[f5000] via P2P/IPC comm 0x56433e807000 nRanks 16
vcjob-2108088646234832897-abc12335-35908-worker-0:270:378 [1] NCCL INFO Channel 05/0 : 1[36000] -> 3[77000] via P2P/IPC comm 0x5614db70bf80 nRanks 16
vcjob-2108088646234832897-abc12335-35908-worker-0:269:358 [0] NCCL INFO Channel 05/0 : 0[9000] -> 2[55000] via P2P/IPC comm 0x5582eba2f070 nRanks 16
vcjob-2108088646234832897-abc12335-35908-worker-0:272:397 [3] NCCL INFO Channel 07/0 : 3[77000] -> 4[85000] via P2P/IPC comm 0x55f9cfa73e30 nRanks 16
vcjob-2108088646234832897-abc12335-35908-worker-0:274:379 [5] NCCL INFO Channel 12/0 : 5[b5000] -> 7[f5000] via P2P/IPC comm 0x56433e807000 nRanks 16
vcjob-2108088646234832897-abc12335-35908-worker-0:270:378 [1] NCCL INFO Channel 06/0 : 1[36000] -> 3[77000] via P2P/IPC comm 0x5614db70bf80 nRanks 16
vcjob-2108088646234832897-abc12335-35908-worker-0:269:358 [0] NCCL INFO Channel 06/0 : 0[9000] -> 2[55000] via P2P/IPC comm 0x5582eba2f070 nRanks 16
vcjob-2108088646234832897-abc12335-35908-worker-0:270:378 [1] NCCL INFO Channel 07/0 : 1[36000] -> 3[77000] via P2P/IPC comm 0x5614db70bf80 nRanks 16
vcjob-2108088646234832897-abc12335-35908-worker-0:274:379 [5] NCCL INFO Channel 13/0 : 5[b5000] -> 7[f5000] via P2P/IPC comm 0x56433e807000 nRanks 16
vcjob-2108088646234832897-abc12335-35908-worker-0:272:397 [3] NCCL INFO Channel 08/0 : 3[77000] -> 4[85000] via P2P/IPC comm 0x55f9cfa73e30 nRanks 16
vcjob-2108088646234832897-abc12335-35908-worker-0:269:358 [0] NCCL INFO Channel 07/0 : 0[9000] -> 2[55000] via P2P/IPC comm 0x5582eba2f070 nRanks 16
vcjob-2108088646234832897-abc12335-35908-worker-0:270:378 [1] NCCL INFO Channel 08/0 : 1[36000] -> 3[77000] via P2P/IPC comm 0x5614db70bf80 nRanks 16
vcjob-2108088646234832897-abc12335-35908-worker-0:274:379 [5] NCCL INFO Channel 14/0 : 5[b5000] -> 7[f5000] via P2P/IPC comm 0x56433e807000 nRanks 16
vcjob-2108088646234832897-abc12335-35908-worker-0:272:397 [3] NCCL INFO Channel 09/0 : 3[77000] -> 4[85000] via P2P/IPC comm 0x55f9cfa73e30 nRanks 16
vcjob-2108088646234832897-abc12335-35908-worker-0:269:358 [0] NCCL INFO Channel 08/0 : 0[9000] -> 2[55000] via P2P/IPC comm 0x5582eba2f070 nRanks 16
vcjob-2108088646234832897-abc12335-35908-worker-0:270:378 [1] NCCL INFO Channel 09/0 : 1[36000] -> 3[77000] via P2P/IPC comm 0x5614db70bf80 nRanks 16
vcjob-2108088646234832897-abc12335-35908-worker-0:274:379 [5] NCCL INFO Channel 15/0 : 5[b5000] -> 7[f5000] via P2P/IPC comm 0x56433e807000 nRanks 16
vcjob-2108088646234832897-abc12335-35908-worker-0:272:397 [3] NCCL INFO Channel 11/0 : 3[77000] -> 4[85000] via P2P/IPC comm 0x55f9cfa73e30 nRanks 16
vcjob-2108088646234832897-abc12335-35908-worker-0:269:358 [0] NCCL INFO Channel 09/0 : 0[9000] -> 2[55000] via P2P/IPC comm 0x5582eba2f070 nRanks 16
vcjob-2108088646234832897-abc12335-35908-worker-0:270:378 [1] NCCL INFO Channel 10/0 : 1[36000] -> 3[77000] via P2P/IPC comm 0x5614db70bf80 nRanks 16
vcjob-2108088646234832897-abc12335-35908-worker-0:274:379 [5] NCCL INFO Channel 16/0 : 5[b5000] -> 7[f5000] via P2P/IPC comm 0x56433e807000 nRanks 16
vcjob-2108088646234832897-abc12335-35908-worker-0:272:397 [3] NCCL INFO Channel 12/0 : 3[77000] -> 4[85000] via P2P/IPC comm 0x55f9cfa73e30 nRanks 16
vcjob-2108088646234832897-abc12335-35908-worker-0:269:358 [0] NCCL INFO Channel 10/0 : 0[9000] -> 2[55000] via P2P/IPC comm 0x5582eba2f070 nRanks 16
vcjob-2108088646234832897-abc12335-35908-worker-0:270:378 [1] NCCL INFO Channel 11/0 : 1[36000] -> 3[77000] via P2P/IPC comm 0x5614db70bf80 nRanks 16
vcjob-2108088646234832897-abc12335-35908-worker-0:274:379 [5] NCCL INFO Channel 17/0 : 5[b5000] -> 7[f5000] via P2P/IPC comm 0x56433e807000 nRanks 16
vcjob-2108088646234832897-abc12335-35908-worker-0:269:358 [0] NCCL INFO Channel 11/0 : 0[9000] -> 2[55000] via P2P/IPC comm 0x5582eba2f070 nRanks 16
vcjob-2108088646234832897-abc12335-35908-worker-0:272:397 [3] NCCL INFO Channel 13/0 : 3[77000] -> 4[85000] via P2P/IPC comm 0x55f9cfa73e30 nRanks 16
vcjob-2108088646234832897-abc12335-35908-worker-0:270:378 [1] NCCL INFO Channel 12/0 : 1[36000] -> 3[77000] via P2P/IPC comm 0x5614db70bf80 nRanks 16
vcjob-2108088646234832897-abc12335-35908-worker-0:274:379 [5] NCCL INFO Channel 18/0 : 5[b5000] -> 7[f5000] via P2P/IPC comm 0x56433e807000 nRanks 16
vcjob-2108088646234832897-abc12335-35908-worker-0:269:358 [0] NCCL INFO Channel 12/0 : 0[9000] -> 2[55000] via P2P/IPC comm 0x5582eba2f070 nRanks 16
vcjob-2108088646234832897-abc12335-35908-worker-0:272:397 [3] NCCL INFO Channel 15/0 : 3[77000] -> 4[85000] via P2P/IPC comm 0x55f9cfa73e30 nRanks 16
vcjob-2108088646234832897-abc12335-35908-worker-0:270:378 [1] NCCL INFO Channel 13/0 : 1[36000] -> 3[77000] via P2P/IPC comm 0x5614db70bf80 nRanks 16
vcjob-2108088646234832897-abc12335-35908-worker-0:274:379 [5] NCCL INFO Channel 19/0 : 5[b5000] -> 7[f5000] via P2P/IPC comm 0x56433e807000 nRanks 16
vcjob-2108088646234832897-abc12335-35908-worker-0:269:358 [0] NCCL INFO Channel 13/0 : 0[9000] -> 2[55000] via P2P/IPC comm 0x5582eba2f070 nRanks 16
vcjob-2108088646234832897-abc12335-35908-worker-0:270:378 [1] NCCL INFO Channel 14/0 : 1[36000] -> 3[77000] via P2P/IPC comm 0x5614db70bf80 nRanks 16
vcjob-2108088646234832897-abc12335-35908-worker-0:272:397 [3] NCCL INFO Channel 16/0 : 3[77000] -> 4[85000] via P2P/IPC comm 0x55f9cfa73e30 nRanks 16
vcjob-2108088646234832897-abc12335-35908-worker-0:274:379 [5] NCCL INFO Channel 20/0 : 5[b5000] -> 7[f5000] via P2P/IPC comm 0x56433e807000 nRanks 16
vcjob-2108088646234832897-abc12335-35908-worker-0:269:358 [0] NCCL INFO Channel 14/0 : 0[9000] -> 2[55000] via P2P/IPC comm 0x5582eba2f070 nRanks 16
vcjob-2108088646234832897-abc12335-35908-worker-0:270:378 [1] NCCL INFO Channel 15/0 : 1[36000] -> 3[77000] via P2P/IPC comm 0x5614db70bf80 nRanks 16
vcjob-2108088646234832897-abc12335-35908-worker-0:272:397 [3] NCCL INFO Channel 17/0 : 3[77000] -> 4[85000] via P2P/IPC comm 0x55f9cfa73e30 nRanks 16
vcjob-2108088646234832897-abc12335-35908-worker-0:274:379 [5] NCCL INFO Channel 21/0 : 5[b5000] -> 7[f5000] via P2P/IPC comm 0x56433e807000 nRanks 16
vcjob-2108088646234832897-abc12335-35908-worker-0:269:358 [0] NCCL INFO Channel 15/0 : 0[9000] -> 2[55000] via P2P/IPC comm 0x5582eba2f070 nRanks 16
vcjob-2108088646234832897-abc12335-35908-worker-0:270:378 [1] NCCL INFO Channel 16/0 : 1[36000] -> 3[77000] via P2P/IPC comm 0x5614db70bf80 nRanks 16
vcjob-2108088646234832897-abc12335-35908-worker-0:272:397 [3] NCCL INFO Channel 19/0 : 3[77000] -> 4[85000] via P2P/IPC comm 0x55f9cfa73e30 nRanks 16
vcjob-2108088646234832897-abc12335-35908-worker-0:274:379 [5] NCCL INFO Channel 22/0 : 5[b5000] -> 7[f5000] via P2P/IPC comm 0x56433e807000 nRanks 16
vcjob-2108088646234832897-abc12335-35908-worker-0:269:358 [0] NCCL INFO Channel 16/0 : 0[9000] -> 2[55000] via P2P/IPC comm 0x5582eba2f070 nRanks 16
vcjob-2108088646234832897-abc12335-35908-worker-0:270:378 [1] NCCL INFO Channel 17/0 : 1[36000] -> 3[77000] via P2P/IPC comm 0x5614db70bf80 nRanks 16
vcjob-2108088646234832897-abc12335-35908-worker-0:274:379 [5] NCCL INFO Channel 23/0 : 5[b5000] -> 7[f5000] via P2P/IPC comm 0x56433e807000 nRanks 16
vcjob-2108088646234832897-abc12335-35908-worker-0:272:397 [3] NCCL INFO Channel 20/0 : 3[77000] -> 4[85000] via P2P/IPC comm 0x55f9cfa73e30 nRanks 16
vcjob-2108088646234832897-abc12335-35908-worker-0:270:378 [1] NCCL INFO Channel 18/0 : 1[36000] -> 3[77000] via P2P/IPC comm 0x5614db70bf80 nRanks 16
vcjob-2108088646234832897-abc12335-35908-worker-0:269:358 [0] NCCL INFO Channel 17/0 : 0[9000] -> 2[55000] via P2P/IPC comm 0x5582eba2f070 nRanks 16
vcjob-2108088646234832897-abc12335-35908-worker-0:274:379 [5] NCCL INFO Channel 24/0 : 5[b5000] -> 7[f5000] via P2P/IPC comm 0x56433e807000 nRanks 16
vcjob-2108088646234832897-abc12335-35908-worker-0:272:397 [3] NCCL INFO Channel 21/0 : 3[77000] -> 4[85000] via P2P/IPC comm 0x55f9cfa73e30 nRanks 16
vcjob-2108088646234832897-abc12335-35908-worker-0:270:378 [1] NCCL INFO Channel 19/0 : 1[36000] -> 3[77000] via P2P/IPC comm 0x5614db70bf80 nRanks 16
vcjob-2108088646234832897-abc12335-35908-worker-0:269:358 [0] NCCL INFO Channel 18/0 : 0[9000] -> 2[55000] via P2P/IPC comm 0x5582eba2f070 nRanks 16
vcjob-2108088646234832897-abc12335-35908-worker-0:274:379 [5] NCCL INFO Channel 25/0 : 5[b5000] -> 7[f5000] via P2P/IPC comm 0x56433e807000 nRanks 16
vcjob-2108088646234832897-abc12335-35908-worker-0:272:397 [3] NCCL INFO Channel 23/0 : 3[77000] -> 4[85000] via P2P/IPC comm 0x55f9cfa73e30 nRanks 16
vcjob-2108088646234832897-abc12335-35908-worker-0:270:378 [1] NCCL INFO Channel 20/0 : 1[36000] -> 3[77000] via P2P/IPC comm 0x5614db70bf80 nRanks 16
vcjob-2108088646234832897-abc12335-35908-worker-0:269:358 [0] NCCL INFO Channel 19/0 : 0[9000] -> 2[55000] via P2P/IPC comm 0x5582eba2f070 nRanks 16
vcjob-2108088646234832897-abc12335-35908-worker-0:274:379 [5] NCCL INFO Channel 26/0 : 5[b5000] -> 7[f5000] via P2P/IPC comm 0x56433e807000 nRanks 16
vcjob-2108088646234832897-abc12335-35908-worker-0:272:397 [3] NCCL INFO Channel 24/0 : 3[77000] -> 4[85000] via P2P/IPC comm 0x55f9cfa73e30 nRanks 16
vcjob-2108088646234832897-abc12335-35908-worker-0:270:378 [1] NCCL INFO Channel 21/0 : 1[36000] -> 3[77000] via P2P/IPC comm 0x5614db70bf80 nRanks 16
vcjob-2108088646234832897-abc12335-35908-worker-0:269:358 [0] NCCL INFO Channel 20/0 : 0[9000] -> 2[55000] via P2P/IPC comm 0x5582eba2f070 nRanks 16
vcjob-2108088646234832897-abc12335-35908-worker-0:274:379 [5] NCCL INFO Channel 27/0 : 5[b5000] -> 7[f5000] via P2P/IPC comm 0x56433e807000 nRanks 16
vcjob-2108088646234832897-abc12335-35908-worker-0:270:378 [1] NCCL INFO Channel 22/0 : 1[36000] -> 3[77000] via P2P/IPC comm 0x5614db70bf80 nRanks 16
vcjob-2108088646234832897-abc12335-35908-worker-0:269:358 [0] NCCL INFO Channel 21/0 : 0[9000] -> 2[55000] via P2P/IPC comm 0x5582eba2f070 nRanks 16
vcjob-2108088646234832897-abc12335-35908-worker-0:272:397 [3] NCCL INFO Channel 25/0 : 3[77000] -> 4[85000] via P2P/IPC comm 0x55f9cfa73e30 nRanks 16
vcjob-2108088646234832897-abc12335-35908-worker-0:274:379 [5] NCCL INFO Channel 28/0 : 5[b5000] -> 7[f5000] via P2P/IPC comm 0x56433e807000 nRanks 16
vcjob-2108088646234832897-abc12335-35908-worker-0:270:378 [1] NCCL INFO Channel 23/0 : 1[36000] -> 3[77000] via P2P/IPC comm 0x5614db70bf80 nRanks 16
vcjob-2108088646234832897-abc12335-35908-worker-0:269:358 [0] NCCL INFO Channel 22/0 : 0[9000] -> 2[55000] via P2P/IPC comm 0x5582eba2f070 nRanks 16
vcjob-2108088646234832897-abc12335-35908-worker-0:272:397 [3] NCCL INFO Channel 27/0 : 3[77000] -> 4[85000] via P2P/IPC comm 0x55f9cfa73e30 nRanks 16
vcjob-2108088646234832897-abc12335-35908-worker-0:274:379 [5] NCCL INFO Channel 29/0 : 5[b5000] -> 7[f5000] via P2P/IPC comm 0x56433e807000 nRanks 16
vcjob-2108088646234832897-abc12335-35908-worker-0:270:378 [1] NCCL INFO Channel 24/0 : 1[36000] -> 3[77000] via P2P/IPC comm 0x5614db70bf80 nRanks 16
vcjob-2108088646234832897-abc12335-35908-worker-0:269:358 [0] NCCL INFO Channel 23/0 : 0[9000] -> 2[55000] via P2P/IPC comm 0x5582eba2f070 nRanks 16
vcjob-2108088646234832897-abc12335-35908-worker-0:272:397 [3] NCCL INFO Channel 28/0 : 3[77000] -> 4[85000] via P2P/IPC comm 0x55f9cfa73e30 nRanks 16
vcjob-2108088646234832897-abc12335-35908-worker-0:274:379 [5] NCCL INFO Channel 30/0 : 5[b5000] -> 7[f5000] via P2P/IPC comm 0x56433e807000 nRanks 16
vcjob-2108088646234832897-abc12335-35908-worker-0:270:378 [1] NCCL INFO Channel 25/0 : 1[36000] -> 3[77000] via P2P/IPC comm 0x5614db70bf80 nRanks 16
vcjob-2108088646234832897-abc12335-35908-worker-0:269:358 [0] NCCL INFO Channel 24/0 : 0[9000] -> 2[55000] via P2P/IPC comm 0x5582eba2f070 nRanks 16
vcjob-2108088646234832897-abc12335-35908-worker-0:272:397 [3] NCCL INFO Channel 29/0 : 3[77000] -> 4[85000] via P2P/IPC comm 0x55f9cfa73e30 nRanks 16
vcjob-2108088646234832897-abc12335-35908-worker-0:274:379 [5] NCCL INFO Channel 31/0 : 5[b5000] -> 7[f5000] via P2P/IPC comm 0x56433e807000 nRanks 16
vcjob-2108088646234832897-abc12335-35908-worker-0:270:378 [1] NCCL INFO Channel 26/0 : 1[36000] -> 3[77000] via P2P/IPC comm 0x5614db70bf80 nRanks 16
vcjob-2108088646234832897-abc12335-35908-worker-0:269:358 [0] NCCL INFO Channel 25/0 : 0[9000] -> 2[55000] via P2P/IPC comm 0x5582eba2f070 nRanks 16
vcjob-2108088646234832897-abc12335-35908-worker-0:272:397 [3] NCCL INFO Channel 31/0 : 3[77000] -> 4[85000] via P2P/IPC comm 0x55f9cfa73e30 nRanks 16
vcjob-2108088646234832897-abc12335-35908-worker-0:276:369 [7] NCCL INFO Channel 01/0 : 7[f5000] -> 0[9000] via P2P/IPC comm 0x561d65e50f80 nRanks 16
vcjob-2108088646234832897-abc12335-35908-worker-0:270:378 [1] NCCL INFO Channel 27/0 : 1[36000] -> 3[77000] via P2P/IPC comm 0x5614db70bf80 nRanks 16
vcjob-2108088646234832897-abc12335-35908-worker-0:269:358 [0] NCCL INFO Channel 26/0 : 0[9000] -> 2[55000] via P2P/IPC comm 0x5582eba2f070 nRanks 16
vcjob-2108088646234832897-abc12335-35908-worker-0:274:379 [5] NCCL INFO Channel 03/0 : 13[b5000] -> 5[b5000] [receive] via NET/IBext_v8/3/GDRDMA comm 0x56433e807000 nRanks 16
vcjob-2108088646234832897-abc12335-35908-worker-0:274:379 [5] NCCL INFO Channel 07/0 : 13[b5000] -> 5[b5000] [receive] via NET/IBext_v8/3/GDRDMA comm 0x56433e807000 nRanks 16
vcjob-2108088646234832897-abc12335-35908-worker-0:274:379 [5] NCCL INFO Channel 11/0 : 13[b5000] -> 5[b5000] [receive] via NET/IBext_v8/3/GDRDMA comm 0x56433e807000 nRanks 16
vcjob-2108088646234832897-abc12335-35908-worker-0:274:379 [5] NCCL INFO Channel 15/0 : 13[b5000] -> 5[b5000] [receive] via NET/IBext_v8/3/GDRDMA comm 0x56433e807000 nRanks 16
vcjob-2108088646234832897-abc12335-35908-worker-0:274:379 [5] NCCL INFO Channel 19/0 : 13[b5000] -> 5[b5000] [receive] via NET/IBext_v8/3/GDRDMA comm 0x56433e807000 nRanks 16
vcjob-2108088646234832897-abc12335-35908-worker-0:274:379 [5] NCCL INFO Channel 23/0 : 13[b5000] -> 5[b5000] [receive] via NET/IBext_v8/3/GDRDMA comm 0x56433e807000 nRanks 16
vcjob-2108088646234832897-abc12335-35908-worker-0:274:379 [5] NCCL INFO Channel 27/0 : 13[b5000] -> 5[b5000] [receive] via NET/IBext_v8/3/GDRDMA comm 0x56433e807000 nRanks 16
vcjob-2108088646234832897-abc12335-35908-worker-0:274:379 [5] NCCL INFO Channel 31/0 : 13[b5000] -> 5[b5000] [receive] via NET/IBext_v8/3/GDRDMA comm 0x56433e807000 nRanks 16
vcjob-2108088646234832897-abc12335-35908-worker-0:273:359 [4] NCCL INFO Channel 00/0 : 4[85000] -> 6[d5000] via P2P/IPC comm 0x55f6acb08f30 nRanks 16
vcjob-2108088646234832897-abc12335-35908-worker-0:274:379 [5] NCCL INFO Channel 03/0 : 5[b5000] -> 13[b5000] [send] via NET/IBext_v8/3/GDRDMA comm 0x56433e807000 nRanks 16
vcjob-2108088646234832897-abc12335-35908-worker-0:276:369 [7] NCCL INFO Channel 02/0 : 7[f5000] -> 0[9000] via P2P/IPC comm 0x561d65e50f80 nRanks 16
vcjob-2108088646234832897-abc12335-35908-worker-0:270:378 [1] NCCL INFO Channel 28/0 : 1[36000] -> 3[77000] via P2P/IPC comm 0x5614db70bf80 nRanks 16
vcjob-2108088646234832897-abc12335-35908-worker-0:269:358 [0] NCCL INFO Channel 27/0 : 0[9000] -> 2[55000] via P2P/IPC comm 0x5582eba2f070 nRanks 16
vcjob-2108088646234832897-abc12335-35908-worker-0:274:379 [5] NCCL INFO Channel 07/0 : 5[b5000] -> 13[b5000] [send] via NET/IBext_v8/3/GDRDMA comm 0x56433e807000 nRanks 16
vcjob-2108088646234832897-abc12335-35908-worker-0:274:379 [5] NCCL INFO Channel 11/0 : 5[b5000] -> 13[b5000] [send] via NET/IBext_v8/3/GDRDMA comm 0x56433e807000 nRanks 16
vcjob-2108088646234832897-abc12335-35908-worker-0:274:379 [5] NCCL INFO Channel 15/0 : 5[b5000] -> 13[b5000] [send] via NET/IBext_v8/3/GDRDMA comm 0x56433e807000 nRanks 16
vcjob-2108088646234832897-abc12335-35908-worker-0:274:379 [5] NCCL INFO Channel 19/0 : 5[b5000] -> 13[b5000] [send] via NET/IBext_v8/3/GDRDMA comm 0x56433e807000 nRanks 16
vcjob-2108088646234832897-abc12335-35908-worker-0:274:379 [5] NCCL INFO Channel 23/0 : 5[b5000] -> 13[b5000] [send] via NET/IBext_v8/3/GDRDMA comm 0x56433e807000 nRanks 16
vcjob-2108088646234832897-abc12335-35908-worker-0:274:379 [5] NCCL INFO Channel 27/0 : 5[b5000] -> 13[b5000] [send] via NET/IBext_v8/3/GDRDMA comm 0x56433e807000 nRanks 16
vcjob-2108088646234832897-abc12335-35908-worker-0:274:379 [5] NCCL INFO Channel 31/0 : 5[b5000] -> 13[b5000] [send] via NET/IBext_v8/3/GDRDMA comm 0x56433e807000 nRanks 16
vcjob-2108088646234832897-abc12335-35908-worker-0:270:378 [1] NCCL INFO Channel 29/0 : 1[36000] -> 3[77000] via P2P/IPC comm 0x5614db70bf80 nRanks 16
vcjob-2108088646234832897-abc12335-35908-worker-0:273:359 [4] NCCL INFO Channel 01/0 : 4[85000] -> 6[d5000] via P2P/IPC comm 0x55f6acb08f30 nRanks 16
vcjob-2108088646234832897-abc12335-35908-worker-0:276:369 [7] NCCL INFO Channel 03/0 : 7[f5000] -> 0[9000] via P2P/IPC comm 0x561d65e50f80 nRanks 16
vcjob-2108088646234832897-abc12335-35908-worker-0:269:358 [0] NCCL INFO Channel 28/0 : 0[9000] -> 2[55000] via P2P/IPC comm 0x5582eba2f070 nRanks 16
vcjob-2108088646234832897-abc12335-35908-worker-0:270:378 [1] NCCL INFO Channel 30/0 : 1[36000] -> 3[77000] via P2P/IPC comm 0x5614db70bf80 nRanks 16
vcjob-2108088646234832897-abc12335-35908-worker-0:273:359 [4] NCCL INFO Channel 02/0 : 4[85000] -> 6[d5000] via P2P/IPC comm 0x55f6acb08f30 nRanks 16
vcjob-2108088646234832897-abc12335-35908-worker-0:269:358 [0] NCCL INFO Channel 29/0 : 0[9000] -> 2[55000] via P2P/IPC comm 0x5582eba2f070 nRanks 16
vcjob-2108088646234832897-abc12335-35908-worker-0:276:369 [7] NCCL INFO Channel 05/0 : 7[f5000] -> 0[9000] via P2P/IPC comm 0x561d65e50f80 nRanks 16
vcjob-2108088646234832897-abc12335-35908-worker-0:270:378 [1] NCCL INFO Channel 31/0 : 1[36000] -> 3[77000] via P2P/IPC comm 0x5614db70bf80 nRanks 16
vcjob-2108088646234832897-abc12335-35908-worker-0:273:359 [4] NCCL INFO Channel 03/0 : 4[85000] -> 6[d5000] via P2P/IPC comm 0x55f6acb08f30 nRanks 16
vcjob-2108088646234832897-abc12335-35908-worker-0:269:358 [0] NCCL INFO Channel 30/0 : 0[9000] -> 2[55000] via P2P/IPC comm 0x5582eba2f070 nRanks 16
vcjob-2108088646234832897-abc12335-35908-worker-0:276:369 [7] NCCL INFO Channel 06/0 : 7[f5000] -> 0[9000] via P2P/IPC comm 0x561d65e50f80 nRanks 16
vcjob-2108088646234832897-abc12335-35908-worker-0:273:359 [4] NCCL INFO Channel 04/0 : 4[85000] -> 6[d5000] via P2P/IPC comm 0x55f6acb08f30 nRanks 16
vcjob-2108088646234832897-abc12335-35908-worker-0:276:369 [7] NCCL INFO Channel 07/0 : 7[f5000] -> 0[9000] via P2P/IPC comm 0x561d65e50f80 nRanks 16
vcjob-2108088646234832897-abc12335-35908-worker-0:269:358 [0] NCCL INFO Channel 31/0 : 0[9000] -> 2[55000] via P2P/IPC comm 0x5582eba2f070 nRanks 16
vcjob-2108088646234832897-abc12335-35908-worker-0:273:359 [4] NCCL INFO Channel 05/0 : 4[85000] -> 6[d5000] via P2P/IPC comm 0x55f6acb08f30 nRanks 16
vcjob-2108088646234832897-abc12335-35908-worker-0:276:369 [7] NCCL INFO Channel 09/0 : 7[f5000] -> 0[9000] via P2P/IPC comm 0x561d65e50f80 nRanks 16
vcjob-2108088646234832897-abc12335-35908-worker-0:273:359 [4] NCCL INFO Channel 06/0 : 4[85000] -> 6[d5000] via P2P/IPC comm 0x55f6acb08f30 nRanks 16
vcjob-2108088646234832897-abc12335-35908-worker-0:276:369 [7] NCCL INFO Channel 10/0 : 7[f5000] -> 0[9000] via P2P/IPC comm 0x561d65e50f80 nRanks 16
vcjob-2108088646234832897-abc12335-35908-worker-0:273:359 [4] NCCL INFO Channel 07/0 : 4[85000] -> 6[d5000] via P2P/IPC comm 0x55f6acb08f30 nRanks 16
vcjob-2108088646234832897-abc12335-35908-worker-0:276:369 [7] NCCL INFO Channel 11/0 : 7[f5000] -> 0[9000] via P2P/IPC comm 0x561d65e50f80 nRanks 16
vcjob-2108088646234832897-abc12335-35908-worker-0:273:359 [4] NCCL INFO Channel 08/0 : 4[85000] -> 6[d5000] via P2P/IPC comm 0x55f6acb08f30 nRanks 16
vcjob-2108088646234832897-abc12335-35908-worker-0:276:369 [7] NCCL INFO Channel 13/0 : 7[f5000] -> 0[9000] via P2P/IPC comm 0x561d65e50f80 nRanks 16
vcjob-2108088646234832897-abc12335-35908-worker-0:271:376 [2] NCCL INFO Channel 00/0 : 2[55000] -> 0[9000] via P2P/IPC comm 0x56312b147f80 nRanks 16
vcjob-2108088646234832897-abc12335-35908-worker-0:273:359 [4] NCCL INFO Channel 09/0 : 4[85000] -> 6[d5000] via P2P/IPC comm 0x55f6acb08f30 nRanks 16
vcjob-2108088646234832897-abc12335-35908-worker-0:269:358 [0] NCCL INFO Channel 00/0 : 8[9000] -> 0[9000] [receive] via NET/IBext_v8/0/GDRDMA comm 0x5582eba2f070 nRanks 16
vcjob-2108088646234832897-abc12335-35908-worker-0:269:358 [0] NCCL INFO Channel 04/0 : 8[9000] -> 0[9000] [receive] via NET/IBext_v8/0/GDRDMA comm 0x5582eba2f070 nRanks 16
vcjob-2108088646234832897-abc12335-35908-worker-0:276:369 [7] NCCL INFO Channel 14/0 : 7[f5000] -> 0[9000] via P2P/IPC comm 0x561d65e50f80 nRanks 16
vcjob-2108088646234832897-abc12335-35908-worker-0:269:358 [0] NCCL INFO Channel 08/0 : 8[9000] -> 0[9000] [receive] via NET/IBext_v8/0/GDRDMA comm 0x5582eba2f070 nRanks 16
vcjob-2108088646234832897-abc12335-35908-worker-0:269:358 [0] NCCL INFO Channel 12/0 : 8[9000] -> 0[9000] [receive] via NET/IBext_v8/0/GDRDMA comm 0x5582eba2f070 nRanks 16
vcjob-2108088646234832897-abc12335-35908-worker-0:269:358 [0] NCCL INFO Channel 16/0 : 8[9000] -> 0[9000] [receive] via NET/IBext_v8/0/GDRDMA comm 0x5582eba2f070 nRanks 16
vcjob-2108088646234832897-abc12335-35908-worker-0:269:358 [0] NCCL INFO Channel 20/0 : 8[9000] -> 0[9000] [receive] via NET/IBext_v8/0/GDRDMA comm 0x5582eba2f070 nRanks 16
vcjob-2108088646234832897-abc12335-35908-worker-0:269:358 [0] NCCL INFO Channel 24/0 : 8[9000] -> 0[9000] [receive] via NET/IBext_v8/0/GDRDMA comm 0x5582eba2f070 nRanks 16
vcjob-2108088646234832897-abc12335-35908-worker-0:269:358 [0] NCCL INFO Channel 28/0 : 8[9000] -> 0[9000] [receive] via NET/IBext_v8/0/GDRDMA comm 0x5582eba2f070 nRanks 16
vcjob-2108088646234832897-abc12335-35908-worker-0:269:358 [0] NCCL INFO Channel 00/0 : 0[9000] -> 8[9000] [send] via NET/IBext_v8/0/GDRDMA comm 0x5582eba2f070 nRanks 16
vcjob-2108088646234832897-abc12335-35908-worker-0:273:359 [4] NCCL INFO Channel 10/0 : 4[85000] -> 6[d5000] via P2P/IPC comm 0x55f6acb08f30 nRanks 16
vcjob-2108088646234832897-abc12335-35908-worker-0:269:358 [0] NCCL INFO Channel 04/0 : 0[9000] -> 8[9000] [send] via NET/IBext_v8/0/GDRDMA comm 0x5582eba2f070 nRanks 16
vcjob-2108088646234832897-abc12335-35908-worker-0:271:376 [2] NCCL INFO Channel 04/0 : 2[55000] -> 0[9000] via P2P/IPC comm 0x56312b147f80 nRanks 16
vcjob-2108088646234832897-abc12335-35908-worker-0:269:358 [0] NCCL INFO Channel 08/0 : 0[9000] -> 8[9000] [send] via NET/IBext_v8/0/GDRDMA comm 0x5582eba2f070 nRanks 16
vcjob-2108088646234832897-abc12335-35908-worker-0:276:369 [7] NCCL INFO Channel 15/0 : 7[f5000] -> 0[9000] via P2P/IPC comm 0x561d65e50f80 nRanks 16
vcjob-2108088646234832897-abc12335-35908-worker-0:269:358 [0] NCCL INFO Channel 12/0 : 0[9000] -> 8[9000] [send] via NET/IBext_v8/0/GDRDMA comm 0x5582eba2f070 nRanks 16
vcjob-2108088646234832897-abc12335-35908-worker-0:269:358 [0] NCCL INFO Channel 16/0 : 0[9000] -> 8[9000] [send] via NET/IBext_v8/0/GDRDMA comm 0x5582eba2f070 nRanks 16
vcjob-2108088646234832897-abc12335-35908-worker-0:269:358 [0] NCCL INFO Channel 20/0 : 0[9000] -> 8[9000] [send] via NET/IBext_v8/0/GDRDMA comm 0x5582eba2f070 nRanks 16
vcjob-2108088646234832897-abc12335-35908-worker-0:269:358 [0] NCCL INFO Channel 24/0 : 0[9000] -> 8[9000] [send] via NET/IBext_v8/0/GDRDMA comm 0x5582eba2f070 nRanks 16
vcjob-2108088646234832897-abc12335-35908-worker-0:269:358 [0] NCCL INFO Channel 28/0 : 0[9000] -> 8[9000] [send] via NET/IBext_v8/0/GDRDMA comm 0x5582eba2f070 nRanks 16
vcjob-2108088646234832897-abc12335-35908-worker-0:273:359 [4] NCCL INFO Channel 11/0 : 4[85000] -> 6[d5000] via P2P/IPC comm 0x55f6acb08f30 nRanks 16
vcjob-2108088646234832897-abc12335-35908-worker-0:276:369 [7] NCCL INFO Channel 17/0 : 7[f5000] -> 0[9000] via P2P/IPC comm 0x561d65e50f80 nRanks 16
vcjob-2108088646234832897-abc12335-35908-worker-0:271:376 [2] NCCL INFO Channel 08/0 : 2[55000] -> 0[9000] via P2P/IPC comm 0x56312b147f80 nRanks 16
vcjob-2108088646234832897-abc12335-35908-worker-0:273:359 [4] NCCL INFO Channel 12/0 : 4[85000] -> 6[d5000] via P2P/IPC comm 0x55f6acb08f30 nRanks 16
vcjob-2108088646234832897-abc12335-35908-worker-0:276:369 [7] NCCL INFO Channel 18/0 : 7[f5000] -> 0[9000] via P2P/IPC comm 0x561d65e50f80 nRanks 16
vcjob-2108088646234832897-abc12335-35908-worker-0:271:376 [2] NCCL INFO Channel 12/0 : 2[55000] -> 0[9000] via P2P/IPC comm 0x56312b147f80 nRanks 16
vcjob-2108088646234832897-abc12335-35908-worker-0:273:359 [4] NCCL INFO Channel 13/0 : 4[85000] -> 6[d5000] via P2P/IPC comm 0x55f6acb08f30 nRanks 16
vcjob-2108088646234832897-abc12335-35908-worker-0:276:369 [7] NCCL INFO Channel 19/0 : 7[f5000] -> 0[9000] via P2P/IPC comm 0x561d65e50f80 nRanks 16
vcjob-2108088646234832897-abc12335-35908-worker-0:271:376 [2] NCCL INFO Channel 16/0 : 2[55000] -> 0[9000] via P2P/IPC comm 0x56312b147f80 nRanks 16
vcjob-2108088646234832897-abc12335-35908-worker-0:273:359 [4] NCCL INFO Channel 14/0 : 4[85000] -> 6[d5000] via P2P/IPC comm 0x55f6acb08f30 nRanks 16
vcjob-2108088646234832897-abc12335-35908-worker-0:276:369 [7] NCCL INFO Channel 21/0 : 7[f5000] -> 0[9000] via P2P/IPC comm 0x561d65e50f80 nRanks 16
vcjob-2108088646234832897-abc12335-35908-worker-0:273:359 [4] NCCL INFO Channel 15/0 : 4[85000] -> 6[d5000] via P2P/IPC comm 0x55f6acb08f30 nRanks 16
vcjob-2108088646234832897-abc12335-35908-worker-0:271:376 [2] NCCL INFO Channel 20/0 : 2[55000] -> 0[9000] via P2P/IPC comm 0x56312b147f80 nRanks 16
vcjob-2108088646234832897-abc12335-35908-worker-0:276:369 [7] NCCL INFO Channel 22/0 : 7[f5000] -> 0[9000] via P2P/IPC comm 0x561d65e50f80 nRanks 16
vcjob-2108088646234832897-abc12335-35908-worker-0:273:359 [4] NCCL INFO Channel 16/0 : 4[85000] -> 6[d5000] via P2P/IPC comm 0x55f6acb08f30 nRanks 16
vcjob-2108088646234832897-abc12335-35908-worker-0:271:376 [2] NCCL INFO Channel 24/0 : 2[55000] -> 0[9000] via P2P/IPC comm 0x56312b147f80 nRanks 16
vcjob-2108088646234832897-abc12335-35908-worker-0:276:369 [7] NCCL INFO Channel 23/0 : 7[f5000] -> 0[9000] via P2P/IPC comm 0x561d65e50f80 nRanks 16
vcjob-2108088646234832897-abc12335-35908-worker-0:273:359 [4] NCCL INFO Channel 17/0 : 4[85000] -> 6[d5000] via P2P/IPC comm 0x55f6acb08f30 nRanks 16
vcjob-2108088646234832897-abc12335-35908-worker-0:271:376 [2] NCCL INFO Channel 28/0 : 2[55000] -> 0[9000] via P2P/IPC comm 0x56312b147f80 nRanks 16
vcjob-2108088646234832897-abc12335-35908-worker-0:276:369 [7] NCCL INFO Channel 25/0 : 7[f5000] -> 0[9000] via P2P/IPC comm 0x561d65e50f80 nRanks 16
vcjob-2108088646234832897-abc12335-35908-worker-0:273:359 [4] NCCL INFO Channel 18/0 : 4[85000] -> 6[d5000] via P2P/IPC comm 0x55f6acb08f30 nRanks 16
vcjob-2108088646234832897-abc12335-35908-worker-0:276:369 [7] NCCL INFO Channel 26/0 : 7[f5000] -> 0[9000] via P2P/IPC comm 0x561d65e50f80 nRanks 16
vcjob-2108088646234832897-abc12335-35908-worker-0:273:359 [4] NCCL INFO Channel 19/0 : 4[85000] -> 6[d5000] via P2P/IPC comm 0x55f6acb08f30 nRanks 16
vcjob-2108088646234832897-abc12335-35908-worker-0:276:369 [7] NCCL INFO Channel 27/0 : 7[f5000] -> 0[9000] via P2P/IPC comm 0x561d65e50f80 nRanks 16
vcjob-2108088646234832897-abc12335-35908-worker-0:273:359 [4] NCCL INFO Channel 20/0 : 4[85000] -> 6[d5000] via P2P/IPC comm 0x55f6acb08f30 nRanks 16
vcjob-2108088646234832897-abc12335-35908-worker-0:276:369 [7] NCCL INFO Channel 29/0 : 7[f5000] -> 0[9000] via P2P/IPC comm 0x561d65e50f80 nRanks 16
vcjob-2108088646234832897-abc12335-35908-worker-0:273:359 [4] NCCL INFO Channel 21/0 : 4[85000] -> 6[d5000] via P2P/IPC comm 0x55f6acb08f30 nRanks 16
vcjob-2108088646234832897-abc12335-35908-worker-0:276:369 [7] NCCL INFO Channel 30/0 : 7[f5000] -> 0[9000] via P2P/IPC comm 0x561d65e50f80 nRanks 16
vcjob-2108088646234832897-abc12335-35908-worker-0:273:359 [4] NCCL INFO Channel 22/0 : 4[85000] -> 6[d5000] via P2P/IPC comm 0x55f6acb08f30 nRanks 16
vcjob-2108088646234832897-abc12335-35908-worker-0:276:369 [7] NCCL INFO Channel 31/0 : 7[f5000] -> 0[9000] via P2P/IPC comm 0x561d65e50f80 nRanks 16
vcjob-2108088646234832897-abc12335-35908-worker-0:273:359 [4] NCCL INFO Channel 23/0 : 4[85000] -> 6[d5000] via P2P/IPC comm 0x55f6acb08f30 nRanks 16
vcjob-2108088646234832897-abc12335-35908-worker-0:273:359 [4] NCCL INFO Channel 24/0 : 4[85000] -> 6[d5000] via P2P/IPC comm 0x55f6acb08f30 nRanks 16
vcjob-2108088646234832897-abc12335-35908-worker-0:273:359 [4] NCCL INFO Channel 25/0 : 4[85000] -> 6[d5000] via P2P/IPC comm 0x55f6acb08f30 nRanks 16
vcjob-2108088646234832897-abc12335-35908-worker-0:273:359 [4] NCCL INFO Channel 26/0 : 4[85000] -> 6[d5000] via P2P/IPC comm 0x55f6acb08f30 nRanks 16
vcjob-2108088646234832897-abc12335-35908-worker-0:273:359 [4] NCCL INFO Channel 27/0 : 4[85000] -> 6[d5000] via P2P/IPC comm 0x55f6acb08f30 nRanks 16
vcjob-2108088646234832897-abc12335-35908-worker-0:273:359 [4] NCCL INFO Channel 28/0 : 4[85000] -> 6[d5000] via P2P/IPC comm 0x55f6acb08f30 nRanks 16
vcjob-2108088646234832897-abc12335-35908-worker-0:273:359 [4] NCCL INFO Channel 29/0 : 4[85000] -> 6[d5000] via P2P/IPC comm 0x55f6acb08f30 nRanks 16
vcjob-2108088646234832897-abc12335-35908-worker-0:273:359 [4] NCCL INFO Channel 30/0 : 4[85000] -> 6[d5000] via P2P/IPC comm 0x55f6acb08f30 nRanks 16
vcjob-2108088646234832897-abc12335-35908-worker-0:273:359 [4] NCCL INFO Channel 31/0 : 4[85000] -> 6[d5000] via P2P/IPC comm 0x55f6acb08f30 nRanks 16
vcjob-2108088646234832897-abc12335-35908-worker-0:275:380 [6] NCCL INFO Channel 02/0 : 6[d5000] -> 4[85000] via P2P/IPC comm 0x562eda612130 nRanks 16
vcjob-2108088646234832897-abc12335-35908-worker-0:273:359 [4] NCCL INFO Channel 02/0 : 12[85000] -> 4[85000] [receive] via NET/IBext_v8/2/GDRDMA comm 0x55f6acb08f30 nRanks 16
vcjob-2108088646234832897-abc12335-35908-worker-0:273:359 [4] NCCL INFO Channel 06/0 : 12[85000] -> 4[85000] [receive] via NET/IBext_v8/2/GDRDMA comm 0x55f6acb08f30 nRanks 16
vcjob-2108088646234832897-abc12335-35908-worker-0:273:359 [4] NCCL INFO Channel 10/0 : 12[85000] -> 4[85000] [receive] via NET/IBext_v8/2/GDRDMA comm 0x55f6acb08f30 nRanks 16
vcjob-2108088646234832897-abc12335-35908-worker-0:273:359 [4] NCCL INFO Channel 14/0 : 12[85000] -> 4[85000] [receive] via NET/IBext_v8/2/GDRDMA comm 0x55f6acb08f30 nRanks 16
vcjob-2108088646234832897-abc12335-35908-worker-0:273:359 [4] NCCL INFO Channel 18/0 : 12[85000] -> 4[85000] [receive] via NET/IBext_v8/2/GDRDMA comm 0x55f6acb08f30 nRanks 16
vcjob-2108088646234832897-abc12335-35908-worker-0:273:359 [4] NCCL INFO Channel 22/0 : 12[85000] -> 4[85000] [receive] via NET/IBext_v8/2/GDRDMA comm 0x55f6acb08f30 nRanks 16
vcjob-2108088646234832897-abc12335-35908-worker-0:273:359 [4] NCCL INFO Channel 26/0 : 12[85000] -> 4[85000] [receive] via NET/IBext_v8/2/GDRDMA comm 0x55f6acb08f30 nRanks 16
vcjob-2108088646234832897-abc12335-35908-worker-0:273:359 [4] NCCL INFO Channel 30/0 : 12[85000] -> 4[85000] [receive] via NET/IBext_v8/2/GDRDMA comm 0x55f6acb08f30 nRanks 16
vcjob-2108088646234832897-abc12335-35908-worker-0:273:359 [4] NCCL INFO Channel 02/0 : 4[85000] -> 12[85000] [send] via NET/IBext_v8/2/GDRDMA comm 0x55f6acb08f30 nRanks 16
vcjob-2108088646234832897-abc12335-35908-worker-0:273:359 [4] NCCL INFO Channel 06/0 : 4[85000] -> 12[85000] [send] via NET/IBext_v8/2/GDRDMA comm 0x55f6acb08f30 nRanks 16
vcjob-2108088646234832897-abc12335-35908-worker-0:273:359 [4] NCCL INFO Channel 10/0 : 4[85000] -> 12[85000] [send] via NET/IBext_v8/2/GDRDMA comm 0x55f6acb08f30 nRanks 16
vcjob-2108088646234832897-abc12335-35908-worker-0:273:359 [4] NCCL INFO Channel 14/0 : 4[85000] -> 12[85000] [send] via NET/IBext_v8/2/GDRDMA comm 0x55f6acb08f30 nRanks 16
vcjob-2108088646234832897-abc12335-35908-worker-0:275:380 [6] NCCL INFO Channel 06/0 : 6[d5000] -> 4[85000] via P2P/IPC comm 0x562eda612130 nRanks 16
vcjob-2108088646234832897-abc12335-35908-worker-0:273:359 [4] NCCL INFO Channel 18/0 : 4[85000] -> 12[85000] [send] via NET/IBext_v8/2/GDRDMA comm 0x55f6acb08f30 nRanks 16
vcjob-2108088646234832897-abc12335-35908-worker-0:273:359 [4] NCCL INFO Channel 22/0 : 4[85000] -> 12[85000] [send] via NET/IBext_v8/2/GDRDMA comm 0x55f6acb08f30 nRanks 16
vcjob-2108088646234832897-abc12335-35908-worker-0:273:359 [4] NCCL INFO Channel 26/0 : 4[85000] -> 12[85000] [send] via NET/IBext_v8/2/GDRDMA comm 0x55f6acb08f30 nRanks 16
vcjob-2108088646234832897-abc12335-35908-worker-0:273:359 [4] NCCL INFO Channel 30/0 : 4[85000] -> 12[85000] [send] via NET/IBext_v8/2/GDRDMA comm 0x55f6acb08f30 nRanks 16
vcjob-2108088646234832897-abc12335-35908-worker-0:275:380 [6] NCCL INFO Channel 10/0 : 6[d5000] -> 4[85000] via P2P/IPC comm 0x562eda612130 nRanks 16
vcjob-2108088646234832897-abc12335-35908-worker-0:275:380 [6] NCCL INFO Channel 14/0 : 6[d5000] -> 4[85000] via P2P/IPC comm 0x562eda612130 nRanks 16
vcjob-2108088646234832897-abc12335-35908-worker-0:275:380 [6] NCCL INFO Channel 18/0 : 6[d5000] -> 4[85000] via P2P/IPC comm 0x562eda612130 nRanks 16
vcjob-2108088646234832897-abc12335-35908-worker-0:272:397 [3] NCCL INFO Channel 01/0 : 3[77000] -> 1[36000] via P2P/IPC comm 0x55f9cfa73e30 nRanks 16
vcjob-2108088646234832897-abc12335-35908-worker-0:276:369 [7] NCCL INFO Channel 03/0 : 7[f5000] -> 5[b5000] via P2P/IPC comm 0x561d65e50f80 nRanks 16
vcjob-2108088646234832897-abc12335-35908-worker-0:270:378 [1] NCCL INFO Channel 01/0 : 9[36000] -> 1[36000] [receive] via NET/IBext_v8/1/GDRDMA comm 0x5614db70bf80 nRanks 16
vcjob-2108088646234832897-abc12335-35908-worker-0:270:378 [1] NCCL INFO Channel 05/0 : 9[36000] -> 1[36000] [receive] via NET/IBext_v8/1/GDRDMA comm 0x5614db70bf80 nRanks 16
vcjob-2108088646234832897-abc12335-35908-worker-0:270:378 [1] NCCL INFO Channel 09/0 : 9[36000] -> 1[36000] [receive] via NET/IBext_v8/1/GDRDMA comm 0x5614db70bf80 nRanks 16
vcjob-2108088646234832897-abc12335-35908-worker-0:270:378 [1] NCCL INFO Channel 13/0 : 9[36000] -> 1[36000] [receive] via NET/IBext_v8/1/GDRDMA comm 0x5614db70bf80 nRanks 16
vcjob-2108088646234832897-abc12335-35908-worker-0:270:378 [1] NCCL INFO Channel 17/0 : 9[36000] -> 1[36000] [receive] via NET/IBext_v8/1/GDRDMA comm 0x5614db70bf80 nRanks 16
vcjob-2108088646234832897-abc12335-35908-worker-0:275:380 [6] NCCL INFO Channel 22/0 : 6[d5000] -> 4[85000] via P2P/IPC comm 0x562eda612130 nRanks 16
vcjob-2108088646234832897-abc12335-35908-worker-0:270:378 [1] NCCL INFO Channel 21/0 : 9[36000] -> 1[36000] [receive] via NET/IBext_v8/1/GDRDMA comm 0x5614db70bf80 nRanks 16
vcjob-2108088646234832897-abc12335-35908-worker-0:270:378 [1] NCCL INFO Channel 25/0 : 9[36000] -> 1[36000] [receive] via NET/IBext_v8/1/GDRDMA comm 0x5614db70bf80 nRanks 16
vcjob-2108088646234832897-abc12335-35908-worker-0:270:378 [1] NCCL INFO Channel 29/0 : 9[36000] -> 1[36000] [receive] via NET/IBext_v8/1/GDRDMA comm 0x5614db70bf80 nRanks 16
vcjob-2108088646234832897-abc12335-35908-worker-0:270:378 [1] NCCL INFO Channel 01/0 : 1[36000] -> 9[36000] [send] via NET/IBext_v8/1/GDRDMA comm 0x5614db70bf80 nRanks 16
vcjob-2108088646234832897-abc12335-35908-worker-0:272:397 [3] NCCL INFO Channel 05/0 : 3[77000] -> 1[36000] via P2P/IPC comm 0x55f9cfa73e30 nRanks 16
vcjob-2108088646234832897-abc12335-35908-worker-0:270:378 [1] NCCL INFO Channel 05/0 : 1[36000] -> 9[36000] [send] via NET/IBext_v8/1/GDRDMA comm 0x5614db70bf80 nRanks 16
vcjob-2108088646234832897-abc12335-35908-worker-0:276:369 [7] NCCL INFO Channel 07/0 : 7[f5000] -> 5[b5000] via P2P/IPC comm 0x561d65e50f80 nRanks 16
vcjob-2108088646234832897-abc12335-35908-worker-0:270:378 [1] NCCL INFO Channel 09/0 : 1[36000] -> 9[36000] [send] via NET/IBext_v8/1/GDRDMA comm 0x5614db70bf80 nRanks 16
vcjob-2108088646234832897-abc12335-35908-worker-0:270:378 [1] NCCL INFO Channel 13/0 : 1[36000] -> 9[36000] [send] via NET/IBext_v8/1/GDRDMA comm 0x5614db70bf80 nRanks 16
vcjob-2108088646234832897-abc12335-35908-worker-0:270:378 [1] NCCL INFO Channel 17/0 : 1[36000] -> 9[36000] [send] via NET/IBext_v8/1/GDRDMA comm 0x5614db70bf80 nRanks 16
vcjob-2108088646234832897-abc12335-35908-worker-0:270:378 [1] NCCL INFO Channel 21/0 : 1[36000] -> 9[36000] [send] via NET/IBext_v8/1/GDRDMA comm 0x5614db70bf80 nRanks 16
vcjob-2108088646234832897-abc12335-35908-worker-0:270:378 [1] NCCL INFO Channel 25/0 : 1[36000] -> 9[36000] [send] via NET/IBext_v8/1/GDRDMA comm 0x5614db70bf80 nRanks 16
vcjob-2108088646234832897-abc12335-35908-worker-0:275:380 [6] NCCL INFO Channel 26/0 : 6[d5000] -> 4[85000] via P2P/IPC comm 0x562eda612130 nRanks 16
vcjob-2108088646234832897-abc12335-35908-worker-0:270:378 [1] NCCL INFO Channel 29/0 : 1[36000] -> 9[36000] [send] via NET/IBext_v8/1/GDRDMA comm 0x5614db70bf80 nRanks 16
vcjob-2108088646234832897-abc12335-35908-worker-0:276:369 [7] NCCL INFO Channel 11/0 : 7[f5000] -> 5[b5000] via P2P/IPC comm 0x561d65e50f80 nRanks 16
vcjob-2108088646234832897-abc12335-35908-worker-0:272:397 [3] NCCL INFO Channel 09/0 : 3[77000] -> 1[36000] via P2P/IPC comm 0x55f9cfa73e30 nRanks 16
vcjob-2108088646234832897-abc12335-35908-worker-0:275:380 [6] NCCL INFO Channel 30/0 : 6[d5000] -> 4[85000] via P2P/IPC comm 0x562eda612130 nRanks 16
vcjob-2108088646234832897-abc12335-35908-worker-0:276:369 [7] NCCL INFO Channel 15/0 : 7[f5000] -> 5[b5000] via P2P/IPC comm 0x561d65e50f80 nRanks 16
vcjob-2108088646234832897-abc12335-35908-worker-0:272:397 [3] NCCL INFO Channel 13/0 : 3[77000] -> 1[36000] via P2P/IPC comm 0x55f9cfa73e30 nRanks 16
vcjob-2108088646234832897-abc12335-35908-worker-0:276:369 [7] NCCL INFO Channel 19/0 : 7[f5000] -> 5[b5000] via P2P/IPC comm 0x561d65e50f80 nRanks 16
vcjob-2108088646234832897-abc12335-35908-worker-0:272:397 [3] NCCL INFO Channel 17/0 : 3[77000] -> 1[36000] via P2P/IPC comm 0x55f9cfa73e30 nRanks 16
vcjob-2108088646234832897-abc12335-35908-worker-0:276:369 [7] NCCL INFO Channel 23/0 : 7[f5000] -> 5[b5000] via P2P/IPC comm 0x561d65e50f80 nRanks 16
vcjob-2108088646234832897-abc12335-35908-worker-0:272:397 [3] NCCL INFO Channel 21/0 : 3[77000] -> 1[36000] via P2P/IPC comm 0x55f9cfa73e30 nRanks 16
vcjob-2108088646234832897-abc12335-35908-worker-0:276:369 [7] NCCL INFO Channel 27/0 : 7[f5000] -> 5[b5000] via P2P/IPC comm 0x561d65e50f80 nRanks 16
vcjob-2108088646234832897-abc12335-35908-worker-0:272:397 [3] NCCL INFO Channel 25/0 : 3[77000] -> 1[36000] via P2P/IPC comm 0x55f9cfa73e30 nRanks 16
vcjob-2108088646234832897-abc12335-35908-worker-0:276:369 [7] NCCL INFO Channel 31/0 : 7[f5000] -> 5[b5000] via P2P/IPC comm 0x561d65e50f80 nRanks 16
vcjob-2108088646234832897-abc12335-35908-worker-0:272:397 [3] NCCL INFO Channel 29/0 : 3[77000] -> 1[36000] via P2P/IPC comm 0x55f9cfa73e30 nRanks 16
vcjob-2108088646234832897-abc12335-35908-worker-0:271:376 [2] NCCL INFO Channel 00/0 : 2[55000] -> 1[36000] via P2P/IPC comm 0x56312b147f80 nRanks 16
vcjob-2108088646234832897-abc12335-35908-worker-0:271:376 [2] NCCL INFO Channel 02/0 : 2[55000] -> 1[36000] via P2P/IPC comm 0x56312b147f80 nRanks 16
vcjob-2108088646234832897-abc12335-35908-worker-0:271:376 [2] NCCL INFO Channel 03/0 : 2[55000] -> 1[36000] via P2P/IPC comm 0x56312b147f80 nRanks 16
vcjob-2108088646234832897-abc12335-35908-worker-0:271:376 [2] NCCL INFO Channel 04/0 : 2[55000] -> 1[36000] via P2P/IPC comm 0x56312b147f80 nRanks 16
vcjob-2108088646234832897-abc12335-35908-worker-0:271:376 [2] NCCL INFO Channel 06/0 : 2[55000] -> 1[36000] via P2P/IPC comm 0x56312b147f80 nRanks 16
vcjob-2108088646234832897-abc12335-35908-worker-0:271:376 [2] NCCL INFO Channel 07/0 : 2[55000] -> 1[36000] via P2P/IPC comm 0x56312b147f80 nRanks 16
vcjob-2108088646234832897-abc12335-35908-worker-0:271:376 [2] NCCL INFO Channel 08/0 : 2[55000] -> 1[36000] via P2P/IPC comm 0x56312b147f80 nRanks 16
vcjob-2108088646234832897-abc12335-35908-worker-0:271:376 [2] NCCL INFO Channel 10/0 : 2[55000] -> 1[36000] via P2P/IPC comm 0x56312b147f80 nRanks 16
vcjob-2108088646234832897-abc12335-35908-worker-0:271:376 [2] NCCL INFO Channel 11/0 : 2[55000] -> 1[36000] via P2P/IPC comm 0x56312b147f80 nRanks 16
vcjob-2108088646234832897-abc12335-35908-worker-0:275:380 [6] NCCL INFO Channel 00/0 : 6[d5000] -> 5[b5000] via P2P/IPC comm 0x562eda612130 nRanks 16
vcjob-2108088646234832897-abc12335-35908-worker-0:271:376 [2] NCCL INFO Channel 12/0 : 2[55000] -> 1[36000] via P2P/IPC comm 0x56312b147f80 nRanks 16
vcjob-2108088646234832897-abc12335-35908-worker-0:275:380 [6] NCCL INFO Channel 01/0 : 6[d5000] -> 5[b5000] via P2P/IPC comm 0x562eda612130 nRanks 16
vcjob-2108088646234832897-abc12335-35908-worker-0:271:376 [2] NCCL INFO Channel 14/0 : 2[55000] -> 1[36000] via P2P/IPC comm 0x56312b147f80 nRanks 16
vcjob-2108088646234832897-abc12335-35908-worker-0:275:380 [6] NCCL INFO Channel 02/0 : 6[d5000] -> 5[b5000] via P2P/IPC comm 0x562eda612130 nRanks 16
vcjob-2108088646234832897-abc12335-35908-worker-0:271:376 [2] NCCL INFO Channel 15/0 : 2[55000] -> 1[36000] via P2P/IPC comm 0x56312b147f80 nRanks 16
vcjob-2108088646234832897-abc12335-35908-worker-0:275:380 [6] NCCL INFO Channel 04/0 : 6[d5000] -> 5[b5000] via P2P/IPC comm 0x562eda612130 nRanks 16
vcjob-2108088646234832897-abc12335-35908-worker-0:271:376 [2] NCCL INFO Channel 16/0 : 2[55000] -> 1[36000] via P2P/IPC comm 0x56312b147f80 nRanks 16
vcjob-2108088646234832897-abc12335-35908-worker-0:275:380 [6] NCCL INFO Channel 05/0 : 6[d5000] -> 5[b5000] via P2P/IPC comm 0x562eda612130 nRanks 16
vcjob-2108088646234832897-abc12335-35908-worker-0:271:376 [2] NCCL INFO Channel 18/0 : 2[55000] -> 1[36000] via P2P/IPC comm 0x56312b147f80 nRanks 16
vcjob-2108088646234832897-abc12335-35908-worker-0:275:380 [6] NCCL INFO Channel 06/0 : 6[d5000] -> 5[b5000] via P2P/IPC comm 0x562eda612130 nRanks 16
vcjob-2108088646234832897-abc12335-35908-worker-0:275:380 [6] NCCL INFO Channel 08/0 : 6[d5000] -> 5[b5000] via P2P/IPC comm 0x562eda612130 nRanks 16
vcjob-2108088646234832897-abc12335-35908-worker-0:271:376 [2] NCCL INFO Channel 19/0 : 2[55000] -> 1[36000] via P2P/IPC comm 0x56312b147f80 nRanks 16
vcjob-2108088646234832897-abc12335-35908-worker-0:275:380 [6] NCCL INFO Channel 09/0 : 6[d5000] -> 5[b5000] via P2P/IPC comm 0x562eda612130 nRanks 16
vcjob-2108088646234832897-abc12335-35908-worker-0:271:376 [2] NCCL INFO Channel 20/0 : 2[55000] -> 1[36000] via P2P/IPC comm 0x56312b147f80 nRanks 16
vcjob-2108088646234832897-abc12335-35908-worker-0:275:380 [6] NCCL INFO Channel 10/0 : 6[d5000] -> 5[b5000] via P2P/IPC comm 0x562eda612130 nRanks 16
vcjob-2108088646234832897-abc12335-35908-worker-0:275:380 [6] NCCL INFO Channel 12/0 : 6[d5000] -> 5[b5000] via P2P/IPC comm 0x562eda612130 nRanks 16
vcjob-2108088646234832897-abc12335-35908-worker-0:275:380 [6] NCCL INFO Channel 13/0 : 6[d5000] -> 5[b5000] via P2P/IPC comm 0x562eda612130 nRanks 16
vcjob-2108088646234832897-abc12335-35908-worker-0:275:380 [6] NCCL INFO Channel 14/0 : 6[d5000] -> 5[b5000] via P2P/IPC comm 0x562eda612130 nRanks 16
vcjob-2108088646234832897-abc12335-35908-worker-0:271:376 [2] NCCL INFO Channel 22/0 : 2[55000] -> 1[36000] via P2P/IPC comm 0x56312b147f80 nRanks 16
vcjob-2108088646234832897-abc12335-35908-worker-0:275:380 [6] NCCL INFO Channel 16/0 : 6[d5000] -> 5[b5000] via P2P/IPC comm 0x562eda612130 nRanks 16
vcjob-2108088646234832897-abc12335-35908-worker-0:271:376 [2] NCCL INFO Channel 23/0 : 2[55000] -> 1[36000] via P2P/IPC comm 0x56312b147f80 nRanks 16
vcjob-2108088646234832897-abc12335-35908-worker-0:275:380 [6] NCCL INFO Channel 17/0 : 6[d5000] -> 5[b5000] via P2P/IPC comm 0x562eda612130 nRanks 16
vcjob-2108088646234832897-abc12335-35908-worker-0:271:376 [2] NCCL INFO Channel 24/0 : 2[55000] -> 1[36000] via P2P/IPC comm 0x56312b147f80 nRanks 16
vcjob-2108088646234832897-abc12335-35908-worker-0:275:380 [6] NCCL INFO Channel 18/0 : 6[d5000] -> 5[b5000] via P2P/IPC comm 0x562eda612130 nRanks 16
vcjob-2108088646234832897-abc12335-35908-worker-0:271:376 [2] NCCL INFO Channel 26/0 : 2[55000] -> 1[36000] via P2P/IPC comm 0x56312b147f80 nRanks 16
vcjob-2108088646234832897-abc12335-35908-worker-0:275:380 [6] NCCL INFO Channel 20/0 : 6[d5000] -> 5[b5000] via P2P/IPC comm 0x562eda612130 nRanks 16
vcjob-2108088646234832897-abc12335-35908-worker-0:271:376 [2] NCCL INFO Channel 27/0 : 2[55000] -> 1[36000] via P2P/IPC comm 0x56312b147f80 nRanks 16
vcjob-2108088646234832897-abc12335-35908-worker-0:275:380 [6] NCCL INFO Channel 21/0 : 6[d5000] -> 5[b5000] via P2P/IPC comm 0x562eda612130 nRanks 16
vcjob-2108088646234832897-abc12335-35908-worker-0:271:376 [2] NCCL INFO Channel 28/0 : 2[55000] -> 1[36000] via P2P/IPC comm 0x56312b147f80 nRanks 16
vcjob-2108088646234832897-abc12335-35908-worker-0:275:380 [6] NCCL INFO Channel 22/0 : 6[d5000] -> 5[b5000] via P2P/IPC comm 0x562eda612130 nRanks 16
vcjob-2108088646234832897-abc12335-35908-worker-0:271:376 [2] NCCL INFO Channel 30/0 : 2[55000] -> 1[36000] via P2P/IPC comm 0x56312b147f80 nRanks 16
vcjob-2108088646234832897-abc12335-35908-worker-0:275:380 [6] NCCL INFO Channel 24/0 : 6[d5000] -> 5[b5000] via P2P/IPC comm 0x562eda612130 nRanks 16
vcjob-2108088646234832897-abc12335-35908-worker-0:275:380 [6] NCCL INFO Channel 25/0 : 6[d5000] -> 5[b5000] via P2P/IPC comm 0x562eda612130 nRanks 16
vcjob-2108088646234832897-abc12335-35908-worker-0:271:376 [2] NCCL INFO Channel 31/0 : 2[55000] -> 1[36000] via P2P/IPC comm 0x56312b147f80 nRanks 16
vcjob-2108088646234832897-abc12335-35908-worker-0:275:380 [6] NCCL INFO Channel 26/0 : 6[d5000] -> 5[b5000] via P2P/IPC comm 0x562eda612130 nRanks 16
vcjob-2108088646234832897-abc12335-35908-worker-0:275:380 [6] NCCL INFO Channel 28/0 : 6[d5000] -> 5[b5000] via P2P/IPC comm 0x562eda612130 nRanks 16
vcjob-2108088646234832897-abc12335-35908-worker-0:275:380 [6] NCCL INFO Channel 29/0 : 6[d5000] -> 5[b5000] via P2P/IPC comm 0x562eda612130 nRanks 16
vcjob-2108088646234832897-abc12335-35908-worker-0:275:380 [6] NCCL INFO Channel 30/0 : 6[d5000] -> 5[b5000] via P2P/IPC comm 0x562eda612130 nRanks 16
vcjob-2108088646234832897-abc12335-35908-worker-0:269:358 [0] NCCL INFO Connected all trees
vcjob-2108088646234832897-abc12335-35908-worker-0:276:369 [7] NCCL INFO Connected all trees
vcjob-2108088646234832897-abc12335-35908-worker-0:269:358 [0] NCCL INFO threadThresholds 8/8/64 | 128/8/64 | 256 | 256
vcjob-2108088646234832897-abc12335-35908-worker-0:269:358 [0] NCCL INFO 32 coll channels, 32 collnet channels, 0 nvls channels, 32 p2p channels, 2 p2p channels per peer
vcjob-2108088646234832897-abc12335-35908-worker-0:276:369 [7] NCCL INFO threadThresholds 8/8/64 | 128/8/64 | 256 | 256
vcjob-2108088646234832897-abc12335-35908-worker-0:276:369 [7] NCCL INFO 32 coll channels, 32 collnet channels, 0 nvls channels, 32 p2p channels, 2 p2p channels per peer
vcjob-2108088646234832897-abc12335-35908-worker-0:269:358 [0] NCCL INFO CC Off, Multi-GPU CC Off, workFifoBytes 4194304
vcjob-2108088646234832897-abc12335-35908-worker-0:273:359 [4] NCCL INFO Connected all trees
vcjob-2108088646234832897-abc12335-35908-worker-0:273:359 [4] NCCL INFO threadThresholds 8/8/64 | 128/8/64 | 256 | 256
vcjob-2108088646234832897-abc12335-35908-worker-0:273:359 [4] NCCL INFO 32 coll channels, 32 collnet channels, 0 nvls channels, 32 p2p channels, 2 p2p channels per peer
vcjob-2108088646234832897-abc12335-35908-worker-0:272:397 [3] NCCL INFO Connected all trees
vcjob-2108088646234832897-abc12335-35908-worker-0:271:376 [2] NCCL INFO Connected all trees
vcjob-2108088646234832897-abc12335-35908-worker-0:270:378 [1] NCCL INFO Connected all trees
vcjob-2108088646234832897-abc12335-35908-worker-0:271:376 [2] NCCL INFO threadThresholds 8/8/64 | 128/8/64 | 256 | 256
vcjob-2108088646234832897-abc12335-35908-worker-0:272:397 [3] NCCL INFO threadThresholds 8/8/64 | 128/8/64 | 256 | 256
vcjob-2108088646234832897-abc12335-35908-worker-0:271:376 [2] NCCL INFO 32 coll channels, 32 collnet channels, 0 nvls channels, 32 p2p channels, 2 p2p channels per peer
vcjob-2108088646234832897-abc12335-35908-worker-0:272:397 [3] NCCL INFO 32 coll channels, 32 collnet channels, 0 nvls channels, 32 p2p channels, 2 p2p channels per peer
vcjob-2108088646234832897-abc12335-35908-worker-0:275:380 [6] NCCL INFO Connected all trees
vcjob-2108088646234832897-abc12335-35908-worker-0:270:378 [1] NCCL INFO threadThresholds 8/8/64 | 128/8/64 | 256 | 256
vcjob-2108088646234832897-abc12335-35908-worker-0:270:378 [1] NCCL INFO 32 coll channels, 32 collnet channels, 0 nvls channels, 32 p2p channels, 2 p2p channels per peer
vcjob-2108088646234832897-abc12335-35908-worker-0:275:380 [6] NCCL INFO threadThresholds 8/8/64 | 128/8/64 | 256 | 256
vcjob-2108088646234832897-abc12335-35908-worker-0:275:380 [6] NCCL INFO 32 coll channels, 32 collnet channels, 0 nvls channels, 32 p2p channels, 2 p2p channels per peer
vcjob-2108088646234832897-abc12335-35908-worker-0:274:379 [5] NCCL INFO Connected all trees
vcjob-2108088646234832897-abc12335-35908-worker-0:274:379 [5] NCCL INFO threadThresholds 8/8/64 | 128/8/64 | 256 | 256
vcjob-2108088646234832897-abc12335-35908-worker-0:274:379 [5] NCCL INFO 32 coll channels, 32 collnet channels, 0 nvls channels, 32 p2p channels, 2 p2p channels per peer
vcjob-2108088646234832897-abc12335-35908-worker-0:269:358 [0] NCCL INFO TUNER/Plugin: Plugin name set by env to librccl-net-shca.so
vcjob-2108088646234832897-abc12335-35908-worker-0:269:358 [0] NCCL INFO TUNER/Plugin: Failed to find ncclTunerPlugin_v3 symbol.
vcjob-2108088646234832897-abc12335-35908-worker-0:269:358 [0] NCCL INFO TUNER/Plugin: Failed to find ncclTunerPlugin_v2 symbol, using internal tuner instead.
vcjob-2108088646234832897-abc12335-35908-worker-0:269:358 [0] NCCL INFO ncclCommInitRank comm 0x5582eba2f070 rank 0 nranks 16 cudaDev 0 nvmlDev 0 busId 9000 commId 0xbf2b47551dfa54a3 localSize 480 used 333726064 bytes on core 1 - Init COMPLETE
vcjob-2108088646234832897-abc12335-35908-worker-0:269:358 [0] NCCL INFO Init timings: rank 0 nranks 16 total 2.00 (kernels 0.05, bootstrap 0.36, allgathers 0.05, topo 0.94, graphs 0.01, connections 0.40, rest 0.19)
vcjob-2108088646234832897-abc12335-35908-worker-0:274:379 [5] NCCL INFO TUNER/Plugin: Plugin name set by env to librccl-net-shca.so
vcjob-2108088646234832897-abc12335-35908-worker-0:273:359 [4] NCCL INFO TUNER/Plugin: Plugin name set by env to librccl-net-shca.so
vcjob-2108088646234832897-abc12335-35908-worker-0:274:379 [5] NCCL INFO TUNER/Plugin: Failed to find ncclTunerPlugin_v3 symbol.
vcjob-2108088646234832897-abc12335-35908-worker-0:273:359 [4] NCCL INFO TUNER/Plugin: Failed to find ncclTunerPlugin_v3 symbol.
vcjob-2108088646234832897-abc12335-35908-worker-0:274:379 [5] NCCL INFO TUNER/Plugin: Failed to find ncclTunerPlugin_v2 symbol, using internal tuner instead.
vcjob-2108088646234832897-abc12335-35908-worker-0:273:359 [4] NCCL INFO TUNER/Plugin: Failed to find ncclTunerPlugin_v2 symbol, using internal tuner instead.
vcjob-2108088646234832897-abc12335-35908-worker-0:274:379 [5] NCCL INFO ncclCommInitRank comm 0x56433e807000 rank 5 nranks 16 cudaDev 5 nvmlDev 5 busId b5000 commId 0xbf2b47551dfa54a3 localSize 480 used 333726064 bytes on core 112 - Init COMPLETE
vcjob-2108088646234832897-abc12335-35908-worker-0:273:359 [4] NCCL INFO ncclCommInitRank comm 0x55f6acb08f30 rank 4 nranks 16 cudaDev 4 nvmlDev 4 busId 85000 commId 0xbf2b47551dfa54a3 localSize 480 used 333726064 bytes on core 64 - Init COMPLETE
vcjob-2108088646234832897-abc12335-35908-worker-0:274:379 [5] NCCL INFO Init timings: rank 5 nranks 16 total 1.91 (kernels 0.05, bootstrap 0.28, allgathers 0.08, topo 0.91, graphs 0.01, connections 0.48, rest 0.11)
vcjob-2108088646234832897-abc12335-35908-worker-0:273:359 [4] NCCL INFO Init timings: rank 4 nranks 16 total 2.00 (kernels 0.06, bootstrap 0.35, allgathers 0.12, topo 0.88, graphs 0.01, connections 0.48, rest 0.11)
I1008 14:56:23.412943   273 ProcessGroupNCCL.cpp:2890] [PG ID 0 PG GUID 0(default_pg) Rank 4] NCCL_DEBUG: INFO
I1008 14:56:23.412945   269 ProcessGroupNCCL.cpp:2890] [PG ID 0 PG GUID 0(default_pg) Rank 0] NCCL_DEBUG: INFO
I1008 14:56:23.412969   274 ProcessGroupNCCL.cpp:2890] [PG ID 0 PG GUID 0(default_pg) Rank 5] NCCL_DEBUG: INFO
vcjob-2108088646234832897-abc12335-35908-worker-0:271:376 [2] NCCL INFO TUNER/Plugin: Plugin name set by env to librccl-net-shca.so
vcjob-2108088646234832897-abc12335-35908-worker-0:272:397 [3] NCCL INFO TUNER/Plugin: Plugin name set by env to librccl-net-shca.so
vcjob-2108088646234832897-abc12335-35908-worker-0:271:376 [2] NCCL INFO TUNER/Plugin: Failed to find ncclTunerPlugin_v3 symbol.
vcjob-2108088646234832897-abc12335-35908-worker-0:271:376 [2] NCCL INFO TUNER/Plugin: Failed to find ncclTunerPlugin_v2 symbol, using internal tuner instead.
vcjob-2108088646234832897-abc12335-35908-worker-0:270:378 [1] NCCL INFO TUNER/Plugin: Plugin name set by env to librccl-net-shca.so
vcjob-2108088646234832897-abc12335-35908-worker-0:272:397 [3] NCCL INFO TUNER/Plugin: Failed to find ncclTunerPlugin_v3 symbol.
vcjob-2108088646234832897-abc12335-35908-worker-0:271:376 [2] NCCL INFO ncclCommInitRank comm 0x56312b147f80 rank 2 nranks 16 cudaDev 2 nvmlDev 2 busId 55000 commId 0xbf2b47551dfa54a3 localSize 480 used 286048624 bytes on core 9 - Init COMPLETE
vcjob-2108088646234832897-abc12335-35908-worker-0:272:397 [3] NCCL INFO TUNER/Plugin: Failed to find ncclTunerPlugin_v2 symbol, using internal tuner instead.
vcjob-2108088646234832897-abc12335-35908-worker-0:270:378 [1] NCCL INFO TUNER/Plugin: Failed to find ncclTunerPlugin_v3 symbol.
vcjob-2108088646234832897-abc12335-35908-worker-0:270:378 [1] NCCL INFO TUNER/Plugin: Failed to find ncclTunerPlugin_v2 symbol, using internal tuner instead.
vcjob-2108088646234832897-abc12335-35908-worker-0:272:397 [3] NCCL INFO ncclCommInitRank comm 0x55f9cfa73e30 rank 3 nranks 16 cudaDev 3 nvmlDev 3 busId 77000 commId 0xbf2b47551dfa54a3 localSize 480 used 286048624 bytes on core 24 - Init COMPLETE
vcjob-2108088646234832897-abc12335-35908-worker-0:271:376 [2] NCCL INFO Init timings: rank 2 nranks 16 total 1.92 (kernels 0.04, bootstrap 0.28, allgathers 0.08, topo 0.91, graphs 0.01, connections 0.49, rest 0.10)
vcjob-2108088646234832897-abc12335-35908-worker-0:270:378 [1] NCCL INFO ncclCommInitRank comm 0x5614db70bf80 rank 1 nranks 16 cudaDev 1 nvmlDev 1 busId 36000 commId 0xbf2b47551dfa54a3 localSize 480 used 333726064 bytes on core 18 - Init COMPLETE
vcjob-2108088646234832897-abc12335-35908-worker-0:275:380 [6] NCCL INFO TUNER/Plugin: Plugin name set by env to librccl-net-shca.so
vcjob-2108088646234832897-abc12335-35908-worker-0:272:397 [3] NCCL INFO Init timings: rank 3 nranks 16 total 1.86 (kernels 0.05, bootstrap 0.22, allgathers 0.04, topo 0.95, graphs 0.01, connections 0.48, rest 0.11)
vcjob-2108088646234832897-abc12335-35908-worker-0:270:378 [1] NCCL INFO Init timings: rank 1 nranks 16 total 1.91 (kernels 0.05, bootstrap 0.28, allgathers 0.11, topo 0.88, graphs 0.01, connections 0.49, rest 0.10)
vcjob-2108088646234832897-abc12335-35908-worker-0:275:380 [6] NCCL INFO TUNER/Plugin: Failed to find ncclTunerPlugin_v3 symbol.
vcjob-2108088646234832897-abc12335-35908-worker-0:275:380 [6] NCCL INFO TUNER/Plugin: Failed to find ncclTunerPlugin_v2 symbol, using internal tuner instead.
vcjob-2108088646234832897-abc12335-35908-worker-0:275:380 [6] NCCL INFO ncclCommInitRank comm 0x562eda612130 rank 6 nranks 16 cudaDev 6 nvmlDev 6 busId d5000 commId 0xbf2b47551dfa54a3 localSize 480 used 286048624 bytes on core 75 - Init COMPLETE
vcjob-2108088646234832897-abc12335-35908-worker-0:275:380 [6] NCCL INFO Init timings: rank 6 nranks 16 total 1.90 (kernels 0.05, bootstrap 0.26, allgathers 0.09, topo 0.91, graphs 0.01, connections 0.49, rest 0.10)
vcjob-2108088646234832897-abc12335-35908-worker-0:276:369 [7] NCCL INFO TUNER/Plugin: Plugin name set by env to librccl-net-shca.so
vcjob-2108088646234832897-abc12335-35908-worker-0:276:369 [7] NCCL INFO TUNER/Plugin: Failed to find ncclTunerPlugin_v3 symbol.
vcjob-2108088646234832897-abc12335-35908-worker-0:276:369 [7] NCCL INFO TUNER/Plugin: Failed to find ncclTunerPlugin_v2 symbol, using internal tuner instead.
vcjob-2108088646234832897-abc12335-35908-worker-0:276:369 [7] NCCL INFO ncclCommInitRank comm 0x561d65e50f80 rank 7 nranks 16 cudaDev 7 nvmlDev 7 busId f5000 commId 0xbf2b47551dfa54a3 localSize 480 used 286048624 bytes on core 48 - Init COMPLETE
vcjob-2108088646234832897-abc12335-35908-worker-0:276:369 [7] NCCL INFO Init timings: rank 7 nranks 16 total 1.96 (kernels 0.04, bootstrap 0.33, allgathers 0.08, topo 0.92, graphs 0.01, connections 0.58, rest 0.01)
I1008 14:56:23.413350   275 ProcessGroupNCCL.cpp:2890] [PG ID 0 PG GUID 0(default_pg) Rank 6] NCCL_DEBUG: INFO
I1008 14:56:23.413343   271 ProcessGroupNCCL.cpp:2890] [PG ID 0 PG GUID 0(default_pg) Rank 2] NCCL_DEBUG: INFO
I1008 14:56:23.413348   270 ProcessGroupNCCL.cpp:2890] [PG ID 0 PG GUID 0(default_pg) Rank 1] NCCL_DEBUG: INFO
I1008 14:56:23.413475   276 ProcessGroupNCCL.cpp:2890] [PG ID 0 PG GUID 0(default_pg) Rank 7] NCCL_DEBUG: INFO
I1008 14:56:23.413461   272 ProcessGroupNCCL.cpp:2890] [PG ID 0 PG GUID 0(default_pg) Rank 3] NCCL_DEBUG: INFO
/usr/local/lib/python3.11/site-packages/torch/distributed/distributed_c10d.py:4631: UserWarning: No device id is provided via `init_process_group` or `barrier `. Using the current device set by the user. 
  warnings.warn(  # warn only once
/usr/local/lib/python3.11/site-packages/torch/distributed/distributed_c10d.py:4631: UserWarning: No device id is provided via `init_process_group` or `barrier `. Using the current device set by the user. 
  warnings.warn(  # warn only once
/usr/local/lib/python3.11/site-packages/torch/distributed/distributed_c10d.py:4631: UserWarning: No device id is provided via `init_process_group` or `barrier `. Using the current device set by the user. 
  warnings.warn(  # warn only once
/usr/local/lib/python3.11/site-packages/torch/distributed/distributed_c10d.py:4631: UserWarning: No device id is provided via `init_process_group` or `barrier `. Using the current device set by the user. 
  warnings.warn(  # warn only once
/usr/local/lib/python3.11/site-packages/torch/distributed/distributed_c10d.py:4631: UserWarning: No device id is provided via `init_process_group` or `barrier `. Using the current device set by the user. 
  warnings.warn(  # warn only once
/usr/local/lib/python3.11/site-packages/torch/distributed/distributed_c10d.py:4631: UserWarning: No device id is provided via `init_process_group` or `barrier `. Using the current device set by the user. 
  warnings.warn(  # warn only once
GEMM 8192x4096x8192 fp16: 1.95 ms (rank 0)
/usr/local/lib/python3.11/site-packages/torch/distributed/distributed_c10d.py:4631: UserWarning: No device id is provided via `init_process_group` or `barrier `. Using the current device set by the user. 
  warnings.warn(  # warn only once
/usr/local/lib/python3.11/site-packages/torch/distributed/distributed_c10d.py:4631: UserWarning: No device id is provided via `init_process_group` or `barrier `. Using the current device set by the user. 
  warnings.warn(  # warn only once

vcjob-2108088646234832897-abc12335-35908-worker-0:269:269 [0] /data/jenkins_workspace/workspace/rccl_release/build/hipify/src/init.cc:170 NCCL WARN NUMA auto balancing enabled which can lead to variability in the RCCL performance! Disable by "sudo sysctl kernel.numa_balancing=0"
vcjob-2108088646234832897-abc12335-35908-worker-0:269:269 [0] NCCL INFO Kernel version: 5.15.0-25-generic

vcjob-2108088646234832897-abc12335-35908-worker-0:269:269 [0] /data/jenkins_workspace/workspace/rccl_release/build/hipify/src/init.cc:191 NCCL WARN Missing "iommu=pt" from kernel command line which can lead to system instablity or hang!
I1008 14:56:27.580224   269 ProcessGroupNCCL.cpp:2857] [PG ID 0 PG GUID 0(default_pg) Rank 0] ProcessGroupNCCL broadcast unique ID through store took 0.086631 ms
I1008 14:56:27.580281   269 NCCLUtils.cpp:75] Rank 0: creating NCCL communicator with mode: blocking

vcjob-2108088646234832897-abc12335-35908-worker-0:269:269 [0] /data/jenkins_workspace/workspace/rccl_release/build/hipify/src/init.cc:170 NCCL WARN NUMA auto balancing enabled which can lead to variability in the RCCL performance! Disable by "sudo sysctl kernel.numa_balancing=0"
vcjob-2108088646234832897-abc12335-35908-worker-0:269:269 [0] NCCL INFO Kernel version: 5.15.0-25-generic

vcjob-2108088646234832897-abc12335-35908-worker-0:269:269 [0] /data/jenkins_workspace/workspace/rccl_release/build/hipify/src/init.cc:191 NCCL WARN Missing "iommu=pt" from kernel command line which can lead to system instablity or hang!
I1008 14:56:27.580317   270 ProcessGroupNCCL.cpp:2857] [PG ID 0 PG GUID 0(default_pg) Rank 1] ProcessGroupNCCL broadcast unique ID through store took 0.342831 ms
I1008 14:56:27.580367   270 NCCLUtils.cpp:75] Rank 1: creating NCCL communicator with mode: blocking

vcjob-2108088646234832897-abc12335-35908-worker-0:270:270 [1] /data/jenkins_workspace/workspace/rccl_release/build/hipify/src/init.cc:170 NCCL WARN NUMA auto balancing enabled which can lead to variability in the RCCL performance! Disable by "sudo sysctl kernel.numa_balancing=0"
vcjob-2108088646234832897-abc12335-35908-worker-0:270:270 [1] NCCL INFO Kernel version: 5.15.0-25-generic

vcjob-2108088646234832897-abc12335-35908-worker-0:270:270 [1] /data/jenkins_workspace/workspace/rccl_release/build/hipify/src/init.cc:191 NCCL WARN Missing "iommu=pt" from kernel command line which can lead to system instablity or hang!
vcjob-2108088646234832897-abc12335-35908-worker-0:269:269 [0] NCCL INFO Comm config Blocking set to 1
vcjob-2108088646234832897-abc12335-35908-worker-0:269:6735 [0] NCCL INFO Using network IBext_v8
vcjob-2108088646234832897-abc12335-35908-worker-0:269:6735 [0] NCCL INFO rocm_smi_lib: version 7.6.0.0
vcjob-2108088646234832897-abc12335-35908-worker-0:270:270 [1] NCCL INFO Comm config Blocking set to 1
vcjob-2108088646234832897-abc12335-35908-worker-0:270:6736 [1] NCCL INFO Using network IBext_v8
vcjob-2108088646234832897-abc12335-35908-worker-0:270:6736 [1] NCCL INFO rocm_smi_lib: version 7.6.0.0
vcjob-2108088646234832897-abc12335-35908-worker-0:270:6736 [1] NCCL INFO ncclCommInitRank comm 0x5614ff114b30 rank 1 nranks 2 cudaDev 1 nvmlDev 1 busId 36000 commId 0x258be726835c341b - Init START
vcjob-2108088646234832897-abc12335-35908-worker-0:269:6735 [0] NCCL INFO ncclCommInitRank comm 0x55830f4ae2a0 rank 0 nranks 2 cudaDev 0 nvmlDev 0 busId 9000 commId 0x258be726835c341b - Init START
vcjob-2108088646234832897-abc12335-35908-worker-0:270:6736 [1] NCCL INFO rank:1 get match hsa dev domain:0x0 bdf:0x3600 rank busId:0x221184
vcjob-2108088646234832897-abc12335-35908-worker-0:269:6735 [0] NCCL INFO rank:0 get match hsa dev domain:0x0 bdf:0x900 rank busId:0x36864
vcjob-2108088646234832897-abc12335-35908-worker-0:270:6736 [1] NCCL INFO XDP Switch is off with xdp_size : 0
vcjob-2108088646234832897-abc12335-35908-worker-0:269:6735 [0] NCCL INFO XDP Switch is off with xdp_size : 0
vcjob-2108088646234832897-abc12335-35908-worker-0:270:6736 [1] NCCL INFO NCCL_TOPO_FILE set by environment to /root/private_data/second_hygon/phase4-arrival-heterogeneity/../rdma-shca/topo_lib/built-in-508-topo-input-tj-default.xml
vcjob-2108088646234832897-abc12335-35908-worker-0:269:6735 [0] NCCL INFO NCCL_TOPO_FILE set by environment to /root/private_data/second_hygon/phase4-arrival-heterogeneity/../rdma-shca/topo_lib/built-in-508-topo-input-tj-default.xml
vcjob-2108088646234832897-abc12335-35908-worker-0:269:6735 [0] NCCL INFO rocm_smi_lib: version 7.6.0.0
vcjob-2108088646234832897-abc12335-35908-worker-0:270:6736 [1] NCCL INFO rocm_smi_lib: version 7.6.0.0
vcjob-2108088646234832897-abc12335-35908-worker-0:270:6736 [1] NCCL INFO Setting affinity for GPU 1 to ffff0000
vcjob-2108088646234832897-abc12335-35908-worker-0:270:6736 [1] NCCL INFO Rank:1 Get link topo from rocmDev:0 linkNum:8 link:0 linkState:1 remote type:1 bdf:0x9b00 topoType:2
vcjob-2108088646234832897-abc12335-35908-worker-0:270:6736 [1] NCCL INFO Transport init rank 1 useXdp 0 linkTopoType 2
vcjob-2108088646234832897-abc12335-35908-worker-0:269:6735 [0] NCCL INFO Setting affinity for GPU 0 to ffff
vcjob-2108088646234832897-abc12335-35908-worker-0:269:6735 [0] NCCL INFO Rank:0 Get link topo from rocmDev:0 linkNum:8 link:0 linkState:1 remote type:1 bdf:0x9b00 topoType:2
vcjob-2108088646234832897-abc12335-35908-worker-0:269:6735 [0] NCCL INFO Transport init rank 0 useXdp 0 linkTopoType 2
vcjob-2108088646234832897-abc12335-35908-worker-0:270:6736 [1] NCCL INFO comm 0x5614ff114b30 rank 1 nRanks 2 nNodes 1 localRanks 2 localRank 1 MNNVL 0
vcjob-2108088646234832897-abc12335-35908-worker-0:269:6735 [0] NCCL INFO comm 0x55830f4ae2a0 rank 0 nRanks 2 nNodes 1 localRanks 2 localRank 0 MNNVL 0
vcjob-2108088646234832897-abc12335-35908-worker-0:269:6735 [0] NCCL INFO Channel 00/32 :    0   1
vcjob-2108088646234832897-abc12335-35908-worker-0:269:6735 [0] NCCL INFO Channel 01/32 :    0   1
vcjob-2108088646234832897-abc12335-35908-worker-0:269:6735 [0] NCCL INFO Channel 02/32 :    0   1
vcjob-2108088646234832897-abc12335-35908-worker-0:269:6735 [0] NCCL INFO Channel 03/32 :    0   1
vcjob-2108088646234832897-abc12335-35908-worker-0:269:6735 [0] NCCL INFO Channel 04/32 :    0   1
vcjob-2108088646234832897-abc12335-35908-worker-0:269:6735 [0] NCCL INFO Channel 05/32 :    0   1
vcjob-2108088646234832897-abc12335-35908-worker-0:269:6735 [0] NCCL INFO Channel 06/32 :    0   1
vcjob-2108088646234832897-abc12335-35908-worker-0:269:6735 [0] NCCL INFO Channel 07/32 :    0   1
vcjob-2108088646234832897-abc12335-35908-worker-0:270:6736 [1] NCCL INFO Trees [0] -1/-1/-1->1->0 [1] -1/-1/-1->1->0 [2] -1/-1/-1->1->0 [3] 0/-1/-1->1->-1 [4] -1/-1/-1->1->0 [5] -1/-1/-1->1->0 [6] -1/-1/-1->1->0 [7] 0/-1/-1->1->-1 [8] -1/-1/-1->1->0 [9] -1/-1/-1->1->0 [10] -1/-1/-1->1->0 [11] 0/-1/-1->1->-1 [12] -1/-1/-1->1->0 [13] -1/-1/-1->1->0 [14] -1/-1/-1->1->0 [15] 0/-1/-1->1->-1 [16] -1/-1/-1->1->0 [17] -1/-1/-1->1->0 [18] -1/-1/-1->1->0 [19] 0/-1/-1->1->-1 [20] -1/-1/-1->1->0 [21] -1/-1/-1->1->0 [22] -1/-1/-1->1->0 [23] 0/-1/-1->1->-1 [24] -1/-1/-1->1->0 [25] -1/-1/-1->1->0 [26] -1/-1/-1->1->0 [27] 0/-1/-1->1->-1 [28] -1/-1/-1->1->0 [29] -1/-1/-1->1->0 [30] -1/-1/-1->1->0 [31] 0/-1/-1->1->-1 comm 0x5614ff114b30 nRanks 02 busId 36000
vcjob-2108088646234832897-abc12335-35908-worker-0:269:6735 [0] NCCL INFO Channel 08/32 :    0   1
vcjob-2108088646234832897-abc12335-35908-worker-0:269:6735 [0] NCCL INFO Channel 09/32 :    0   1
vcjob-2108088646234832897-abc12335-35908-worker-0:270:6736 [1] NCCL INFO P2P Chunksize set to 262144
vcjob-2108088646234832897-abc12335-35908-worker-0:269:6735 [0] NCCL INFO Channel 10/32 :    0   1
vcjob-2108088646234832897-abc12335-35908-worker-0:269:6735 [0] NCCL INFO Channel 11/32 :    0   1
vcjob-2108088646234832897-abc12335-35908-worker-0:270:6736 [1] NCCL INFO comm->autoPerPeerOn: 1, comm->p2pnChannels: 32, comm->p2pnChannelsPerPeer: 16
vcjob-2108088646234832897-abc12335-35908-worker-0:269:6735 [0] NCCL INFO Channel 12/32 :    0   1
vcjob-2108088646234832897-abc12335-35908-worker-0:269:6735 [0] NCCL INFO Channel 13/32 :    0   1
vcjob-2108088646234832897-abc12335-35908-worker-0:269:6735 [0] NCCL INFO Channel 14/32 :    0   1
vcjob-2108088646234832897-abc12335-35908-worker-0:269:6735 [0] NCCL INFO Channel 15/32 :    0   1
vcjob-2108088646234832897-abc12335-35908-worker-0:269:6735 [0] NCCL INFO Channel 16/32 :    0   1
vcjob-2108088646234832897-abc12335-35908-worker-0:269:6735 [0] NCCL INFO Channel 17/32 :    0   1
vcjob-2108088646234832897-abc12335-35908-worker-0:269:6735 [0] NCCL INFO Channel 18/32 :    0   1
vcjob-2108088646234832897-abc12335-35908-worker-0:269:6735 [0] NCCL INFO Channel 19/32 :    0   1
vcjob-2108088646234832897-abc12335-35908-worker-0:269:6735 [0] NCCL INFO Channel 20/32 :    0   1
vcjob-2108088646234832897-abc12335-35908-worker-0:269:6735 [0] NCCL INFO Channel 21/32 :    0   1
vcjob-2108088646234832897-abc12335-35908-worker-0:269:6735 [0] NCCL INFO Channel 22/32 :    0   1
vcjob-2108088646234832897-abc12335-35908-worker-0:269:6735 [0] NCCL INFO Channel 23/32 :    0   1
vcjob-2108088646234832897-abc12335-35908-worker-0:269:6735 [0] NCCL INFO Channel 24/32 :    0   1
vcjob-2108088646234832897-abc12335-35908-worker-0:269:6735 [0] NCCL INFO Channel 25/32 :    0   1
vcjob-2108088646234832897-abc12335-35908-worker-0:269:6735 [0] NCCL INFO Channel 26/32 :    0   1
vcjob-2108088646234832897-abc12335-35908-worker-0:269:6735 [0] NCCL INFO Channel 27/32 :    0   1
vcjob-2108088646234832897-abc12335-35908-worker-0:269:6735 [0] NCCL INFO Channel 28/32 :    0   1
vcjob-2108088646234832897-abc12335-35908-worker-0:269:6735 [0] NCCL INFO Channel 29/32 :    0   1
vcjob-2108088646234832897-abc12335-35908-worker-0:269:6735 [0] NCCL INFO Channel 30/32 :    0   1
vcjob-2108088646234832897-abc12335-35908-worker-0:269:6735 [0] NCCL INFO Channel 31/32 :    0   1
vcjob-2108088646234832897-abc12335-35908-worker-0:269:6735 [0] NCCL INFO Trees [0] 1/-1/-1->0->-1 [1] 1/-1/-1->0->-1 [2] 1/-1/-1->0->-1 [3] -1/-1/-1->0->1 [4] 1/-1/-1->0->-1 [5] 1/-1/-1->0->-1 [6] 1/-1/-1->0->-1 [7] -1/-1/-1->0->1 [8] 1/-1/-1->0->-1 [9] 1/-1/-1->0->-1 [10] 1/-1/-1->0->-1 [11] -1/-1/-1->0->1 [12] 1/-1/-1->0->-1 [13] 1/-1/-1->0->-1 [14] 1/-1/-1->0->-1 [15] -1/-1/-1->0->1 [16] 1/-1/-1->0->-1 [17] 1/-1/-1->0->-1 [18] 1/-1/-1->0->-1 [19] -1/-1/-1->0->1 [20] 1/-1/-1->0->-1 [21] 1/-1/-1->0->-1 [22] 1/-1/-1->0->-1 [23] -1/-1/-1->0->1 [24] 1/-1/-1->0->-1 [25] 1/-1/-1->0->-1 [26] 1/-1/-1->0->-1 [27] -1/-1/-1->0->1 [28] 1/-1/-1->0->-1 [29] 1/-1/-1->0->-1 [30] 1/-1/-1->0->-1 [31] -1/-1/-1->0->1 comm 0x55830f4ae2a0 nRanks 02 busId 9000
vcjob-2108088646234832897-abc12335-35908-worker-0:269:6735 [0] NCCL INFO P2P Chunksize set to 262144
vcjob-2108088646234832897-abc12335-35908-worker-0:269:6735 [0] NCCL INFO comm->autoPerPeerOn: 1, comm->p2pnChannels: 32, comm->p2pnChannelsPerPeer: 16
vcjob-2108088646234832897-abc12335-35908-worker-0:269:6735 [0] NCCL INFO Channel 00/0 : 0[9000] -> 1[36000] via P2P/IPC comm 0x55830f4ae2a0 nRanks 02
vcjob-2108088646234832897-abc12335-35908-worker-0:269:6735 [0] NCCL INFO Channel 01/0 : 0[9000] -> 1[36000] via P2P/IPC comm 0x55830f4ae2a0 nRanks 02
vcjob-2108088646234832897-abc12335-35908-worker-0:269:6735 [0] NCCL INFO Channel 02/0 : 0[9000] -> 1[36000] via P2P/IPC comm 0x55830f4ae2a0 nRanks 02
vcjob-2108088646234832897-abc12335-35908-worker-0:269:6735 [0] NCCL INFO Channel 03/0 : 0[9000] -> 1[36000] via P2P/IPC comm 0x55830f4ae2a0 nRanks 02
vcjob-2108088646234832897-abc12335-35908-worker-0:269:6735 [0] NCCL INFO Channel 04/0 : 0[9000] -> 1[36000] via P2P/IPC comm 0x55830f4ae2a0 nRanks 02
vcjob-2108088646234832897-abc12335-35908-worker-0:269:6735 [0] NCCL INFO Channel 05/0 : 0[9000] -> 1[36000] via P2P/IPC comm 0x55830f4ae2a0 nRanks 02
vcjob-2108088646234832897-abc12335-35908-worker-0:269:6735 [0] NCCL INFO Channel 06/0 : 0[9000] -> 1[36000] via P2P/IPC comm 0x55830f4ae2a0 nRanks 02
vcjob-2108088646234832897-abc12335-35908-worker-0:269:6735 [0] NCCL INFO Channel 07/0 : 0[9000] -> 1[36000] via P2P/IPC comm 0x55830f4ae2a0 nRanks 02
vcjob-2108088646234832897-abc12335-35908-worker-0:269:6735 [0] NCCL INFO Channel 08/0 : 0[9000] -> 1[36000] via P2P/IPC comm 0x55830f4ae2a0 nRanks 02
vcjob-2108088646234832897-abc12335-35908-worker-0:269:6735 [0] NCCL INFO Channel 09/0 : 0[9000] -> 1[36000] via P2P/IPC comm 0x55830f4ae2a0 nRanks 02
vcjob-2108088646234832897-abc12335-35908-worker-0:269:6735 [0] NCCL INFO Channel 10/0 : 0[9000] -> 1[36000] via P2P/IPC comm 0x55830f4ae2a0 nRanks 02
vcjob-2108088646234832897-abc12335-35908-worker-0:269:6735 [0] NCCL INFO Channel 11/0 : 0[9000] -> 1[36000] via P2P/IPC comm 0x55830f4ae2a0 nRanks 02
vcjob-2108088646234832897-abc12335-35908-worker-0:269:6735 [0] NCCL INFO Channel 12/0 : 0[9000] -> 1[36000] via P2P/IPC comm 0x55830f4ae2a0 nRanks 02
vcjob-2108088646234832897-abc12335-35908-worker-0:269:6735 [0] NCCL INFO Channel 13/0 : 0[9000] -> 1[36000] via P2P/IPC comm 0x55830f4ae2a0 nRanks 02
vcjob-2108088646234832897-abc12335-35908-worker-0:269:6735 [0] NCCL INFO Channel 14/0 : 0[9000] -> 1[36000] via P2P/IPC comm 0x55830f4ae2a0 nRanks 02
vcjob-2108088646234832897-abc12335-35908-worker-0:270:6736 [1] NCCL INFO Channel 00/0 : 1[36000] -> 0[9000] via P2P/IPC comm 0x5614ff114b30 nRanks 02
vcjob-2108088646234832897-abc12335-35908-worker-0:269:6735 [0] NCCL INFO Channel 15/0 : 0[9000] -> 1[36000] via P2P/IPC comm 0x55830f4ae2a0 nRanks 02
vcjob-2108088646234832897-abc12335-35908-worker-0:269:6735 [0] NCCL INFO Channel 16/0 : 0[9000] -> 1[36000] via P2P/IPC comm 0x55830f4ae2a0 nRanks 02
vcjob-2108088646234832897-abc12335-35908-worker-0:270:6736 [1] NCCL INFO Channel 01/0 : 1[36000] -> 0[9000] via P2P/IPC comm 0x5614ff114b30 nRanks 02
vcjob-2108088646234832897-abc12335-35908-worker-0:269:6735 [0] NCCL INFO Channel 17/0 : 0[9000] -> 1[36000] via P2P/IPC comm 0x55830f4ae2a0 nRanks 02
vcjob-2108088646234832897-abc12335-35908-worker-0:270:6736 [1] NCCL INFO Channel 02/0 : 1[36000] -> 0[9000] via P2P/IPC comm 0x5614ff114b30 nRanks 02
vcjob-2108088646234832897-abc12335-35908-worker-0:269:6735 [0] NCCL INFO Channel 18/0 : 0[9000] -> 1[36000] via P2P/IPC comm 0x55830f4ae2a0 nRanks 02
vcjob-2108088646234832897-abc12335-35908-worker-0:270:6736 [1] NCCL INFO Channel 03/0 : 1[36000] -> 0[9000] via P2P/IPC comm 0x5614ff114b30 nRanks 02
vcjob-2108088646234832897-abc12335-35908-worker-0:269:6735 [0] NCCL INFO Channel 19/0 : 0[9000] -> 1[36000] via P2P/IPC comm 0x55830f4ae2a0 nRanks 02
vcjob-2108088646234832897-abc12335-35908-worker-0:270:6736 [1] NCCL INFO Channel 04/0 : 1[36000] -> 0[9000] via P2P/IPC comm 0x5614ff114b30 nRanks 02
vcjob-2108088646234832897-abc12335-35908-worker-0:269:6735 [0] NCCL INFO Channel 20/0 : 0[9000] -> 1[36000] via P2P/IPC comm 0x55830f4ae2a0 nRanks 02
vcjob-2108088646234832897-abc12335-35908-worker-0:270:6736 [1] NCCL INFO Channel 05/0 : 1[36000] -> 0[9000] via P2P/IPC comm 0x5614ff114b30 nRanks 02
vcjob-2108088646234832897-abc12335-35908-worker-0:269:6735 [0] NCCL INFO Channel 21/0 : 0[9000] -> 1[36000] via P2P/IPC comm 0x55830f4ae2a0 nRanks 02
vcjob-2108088646234832897-abc12335-35908-worker-0:270:6736 [1] NCCL INFO Channel 06/0 : 1[36000] -> 0[9000] via P2P/IPC comm 0x5614ff114b30 nRanks 02
vcjob-2108088646234832897-abc12335-35908-worker-0:269:6735 [0] NCCL INFO Channel 22/0 : 0[9000] -> 1[36000] via P2P/IPC comm 0x55830f4ae2a0 nRanks 02
vcjob-2108088646234832897-abc12335-35908-worker-0:270:6736 [1] NCCL INFO Channel 07/0 : 1[36000] -> 0[9000] via P2P/IPC comm 0x5614ff114b30 nRanks 02
vcjob-2108088646234832897-abc12335-35908-worker-0:269:6735 [0] NCCL INFO Channel 23/0 : 0[9000] -> 1[36000] via P2P/IPC comm 0x55830f4ae2a0 nRanks 02
vcjob-2108088646234832897-abc12335-35908-worker-0:270:6736 [1] NCCL INFO Channel 08/0 : 1[36000] -> 0[9000] via P2P/IPC comm 0x5614ff114b30 nRanks 02
vcjob-2108088646234832897-abc12335-35908-worker-0:269:6735 [0] NCCL INFO Channel 24/0 : 0[9000] -> 1[36000] via P2P/IPC comm 0x55830f4ae2a0 nRanks 02
vcjob-2108088646234832897-abc12335-35908-worker-0:270:6736 [1] NCCL INFO Channel 09/0 : 1[36000] -> 0[9000] via P2P/IPC comm 0x5614ff114b30 nRanks 02
vcjob-2108088646234832897-abc12335-35908-worker-0:269:6735 [0] NCCL INFO Channel 25/0 : 0[9000] -> 1[36000] via P2P/IPC comm 0x55830f4ae2a0 nRanks 02
vcjob-2108088646234832897-abc12335-35908-worker-0:270:6736 [1] NCCL INFO Channel 10/0 : 1[36000] -> 0[9000] via P2P/IPC comm 0x5614ff114b30 nRanks 02
vcjob-2108088646234832897-abc12335-35908-worker-0:269:6735 [0] NCCL INFO Channel 26/0 : 0[9000] -> 1[36000] via P2P/IPC comm 0x55830f4ae2a0 nRanks 02
vcjob-2108088646234832897-abc12335-35908-worker-0:270:6736 [1] NCCL INFO Channel 11/0 : 1[36000] -> 0[9000] via P2P/IPC comm 0x5614ff114b30 nRanks 02
vcjob-2108088646234832897-abc12335-35908-worker-0:269:6735 [0] NCCL INFO Channel 27/0 : 0[9000] -> 1[36000] via P2P/IPC comm 0x55830f4ae2a0 nRanks 02
vcjob-2108088646234832897-abc12335-35908-worker-0:270:6736 [1] NCCL INFO Channel 12/0 : 1[36000] -> 0[9000] via P2P/IPC comm 0x5614ff114b30 nRanks 02
vcjob-2108088646234832897-abc12335-35908-worker-0:269:6735 [0] NCCL INFO Channel 28/0 : 0[9000] -> 1[36000] via P2P/IPC comm 0x55830f4ae2a0 nRanks 02
vcjob-2108088646234832897-abc12335-35908-worker-0:270:6736 [1] NCCL INFO Channel 13/0 : 1[36000] -> 0[9000] via P2P/IPC comm 0x5614ff114b30 nRanks 02
vcjob-2108088646234832897-abc12335-35908-worker-0:269:6735 [0] NCCL INFO Channel 29/0 : 0[9000] -> 1[36000] via P2P/IPC comm 0x55830f4ae2a0 nRanks 02
vcjob-2108088646234832897-abc12335-35908-worker-0:270:6736 [1] NCCL INFO Channel 14/0 : 1[36000] -> 0[9000] via P2P/IPC comm 0x5614ff114b30 nRanks 02
vcjob-2108088646234832897-abc12335-35908-worker-0:269:6735 [0] NCCL INFO Channel 30/0 : 0[9000] -> 1[36000] via P2P/IPC comm 0x55830f4ae2a0 nRanks 02
vcjob-2108088646234832897-abc12335-35908-worker-0:270:6736 [1] NCCL INFO Channel 15/0 : 1[36000] -> 0[9000] via P2P/IPC comm 0x5614ff114b30 nRanks 02
vcjob-2108088646234832897-abc12335-35908-worker-0:269:6735 [0] NCCL INFO Channel 31/0 : 0[9000] -> 1[36000] via P2P/IPC comm 0x55830f4ae2a0 nRanks 02
vcjob-2108088646234832897-abc12335-35908-worker-0:270:6736 [1] NCCL INFO Channel 16/0 : 1[36000] -> 0[9000] via P2P/IPC comm 0x5614ff114b30 nRanks 02
vcjob-2108088646234832897-abc12335-35908-worker-0:270:6736 [1] NCCL INFO Channel 17/0 : 1[36000] -> 0[9000] via P2P/IPC comm 0x5614ff114b30 nRanks 02
vcjob-2108088646234832897-abc12335-35908-worker-0:270:6736 [1] NCCL INFO Channel 18/0 : 1[36000] -> 0[9000] via P2P/IPC comm 0x5614ff114b30 nRanks 02
vcjob-2108088646234832897-abc12335-35908-worker-0:270:6736 [1] NCCL INFO Channel 19/0 : 1[36000] -> 0[9000] via P2P/IPC comm 0x5614ff114b30 nRanks 02
vcjob-2108088646234832897-abc12335-35908-worker-0:270:6736 [1] NCCL INFO Channel 20/0 : 1[36000] -> 0[9000] via P2P/IPC comm 0x5614ff114b30 nRanks 02
vcjob-2108088646234832897-abc12335-35908-worker-0:270:6736 [1] NCCL INFO Channel 21/0 : 1[36000] -> 0[9000] via P2P/IPC comm 0x5614ff114b30 nRanks 02
vcjob-2108088646234832897-abc12335-35908-worker-0:270:6736 [1] NCCL INFO Channel 22/0 : 1[36000] -> 0[9000] via P2P/IPC comm 0x5614ff114b30 nRanks 02
vcjob-2108088646234832897-abc12335-35908-worker-0:270:6736 [1] NCCL INFO Channel 23/0 : 1[36000] -> 0[9000] via P2P/IPC comm 0x5614ff114b30 nRanks 02
vcjob-2108088646234832897-abc12335-35908-worker-0:270:6736 [1] NCCL INFO Channel 24/0 : 1[36000] -> 0[9000] via P2P/IPC comm 0x5614ff114b30 nRanks 02
vcjob-2108088646234832897-abc12335-35908-worker-0:270:6736 [1] NCCL INFO Channel 25/0 : 1[36000] -> 0[9000] via P2P/IPC comm 0x5614ff114b30 nRanks 02
vcjob-2108088646234832897-abc12335-35908-worker-0:270:6736 [1] NCCL INFO Channel 26/0 : 1[36000] -> 0[9000] via P2P/IPC comm 0x5614ff114b30 nRanks 02
vcjob-2108088646234832897-abc12335-35908-worker-0:270:6736 [1] NCCL INFO Channel 27/0 : 1[36000] -> 0[9000] via P2P/IPC comm 0x5614ff114b30 nRanks 02
vcjob-2108088646234832897-abc12335-35908-worker-0:270:6736 [1] NCCL INFO Channel 28/0 : 1[36000] -> 0[9000] via P2P/IPC comm 0x5614ff114b30 nRanks 02
vcjob-2108088646234832897-abc12335-35908-worker-0:270:6736 [1] NCCL INFO Channel 29/0 : 1[36000] -> 0[9000] via P2P/IPC comm 0x5614ff114b30 nRanks 02
vcjob-2108088646234832897-abc12335-35908-worker-0:270:6736 [1] NCCL INFO Channel 30/0 : 1[36000] -> 0[9000] via P2P/IPC comm 0x5614ff114b30 nRanks 02
vcjob-2108088646234832897-abc12335-35908-worker-0:270:6736 [1] NCCL INFO Channel 31/0 : 1[36000] -> 0[9000] via P2P/IPC comm 0x5614ff114b30 nRanks 02
vcjob-2108088646234832897-abc12335-35908-worker-0:270:6736 [1] NCCL INFO Connected all rings
vcjob-2108088646234832897-abc12335-35908-worker-0:269:6735 [0] NCCL INFO Connected all rings
vcjob-2108088646234832897-abc12335-35908-worker-0:270:6736 [1] NCCL INFO Connected all trees
vcjob-2108088646234832897-abc12335-35908-worker-0:270:6736 [1] NCCL INFO threadThresholds 8/8/64 | 16/8/64 | 256 | 256
vcjob-2108088646234832897-abc12335-35908-worker-0:269:6735 [0] NCCL INFO Connected all trees
vcjob-2108088646234832897-abc12335-35908-worker-0:270:6736 [1] NCCL INFO 32 coll channels, 32 collnet channels, 0 nvls channels, 32 p2p channels, 16 p2p channels per peer
vcjob-2108088646234832897-abc12335-35908-worker-0:269:6735 [0] NCCL INFO threadThresholds 8/8/64 | 16/8/64 | 256 | 256
vcjob-2108088646234832897-abc12335-35908-worker-0:269:6735 [0] NCCL INFO 32 coll channels, 32 collnet channels, 0 nvls channels, 32 p2p channels, 16 p2p channels per peer
vcjob-2108088646234832897-abc12335-35908-worker-0:269:6735 [0] NCCL INFO CC Off, Multi-GPU CC Off, workFifoBytes 4194304
vcjob-2108088646234832897-abc12335-35908-worker-0:269:6735 [0] NCCL INFO ncclCommInitRank comm 0x55830f4ae2a0 rank 0 nranks 2 cudaDev 0 nvmlDev 0 busId 9000 commId 0x258be726835c341b localSize 480 used 491783136 bytes on core 0 - Init COMPLETE
vcjob-2108088646234832897-abc12335-35908-worker-0:269:6735 [0] NCCL INFO Init timings: rank 0 nranks 2 total 0.38 (kernels 0.00, bootstrap 0.07, allgathers 0.00, topo 0.22, graphs 0.00, connections 0.08, rest 0.00)
vcjob-2108088646234832897-abc12335-35908-worker-0:270:6736 [1] NCCL INFO ncclCommInitRank comm 0x5614ff114b30 rank 1 nranks 2 cudaDev 1 nvmlDev 1 busId 36000 commId 0x258be726835c341b localSize 480 used 491783136 bytes on core 16 - Init COMPLETE
vcjob-2108088646234832897-abc12335-35908-worker-0:270:6736 [1] NCCL INFO Init timings: rank 1 nranks 2 total 0.37 (kernels 0.00, bootstrap 0.07, allgathers 0.02, topo 0.20, graphs 0.00, connections 0.08, rest 0.00)
I1008 14:56:27.956115   270 ProcessGroupNCCL.cpp:2890] [PG ID 0 PG GUID 0(default_pg) Rank 1] NCCL_DEBUG: INFO
I1008 14:56:27.956180   269 ProcessGroupNCCL.cpp:2890] [PG ID 0 PG GUID 0(default_pg) Rank 0] NCCL_DEBUG: INFO
vcjob-2108088646234832897-abc12335-35908-worker-0:270:6742 [1] NCCL INFO Channel 01/1 : 1[36000] -> 0[9000] via P2P/IPC comm 0x5614ff114b30 nRanks 02
vcjob-2108088646234832897-abc12335-35908-worker-0:270:6742 [1] NCCL INFO Channel 03/1 : 1[36000] -> 0[9000] via P2P/IPC comm 0x5614ff114b30 nRanks 02
vcjob-2108088646234832897-abc12335-35908-worker-0:270:6742 [1] NCCL INFO Channel 05/1 : 1[36000] -> 0[9000] via P2P/IPC comm 0x5614ff114b30 nRanks 02
vcjob-2108088646234832897-abc12335-35908-worker-0:270:6742 [1] NCCL INFO Channel 07/1 : 1[36000] -> 0[9000] via P2P/IPC comm 0x5614ff114b30 nRanks 02
vcjob-2108088646234832897-abc12335-35908-worker-0:270:6742 [1] NCCL INFO Channel 09/1 : 1[36000] -> 0[9000] via P2P/IPC comm 0x5614ff114b30 nRanks 02
vcjob-2108088646234832897-abc12335-35908-worker-0:270:6742 [1] NCCL INFO Channel 11/1 : 1[36000] -> 0[9000] via P2P/IPC comm 0x5614ff114b30 nRanks 02
vcjob-2108088646234832897-abc12335-35908-worker-0:270:6742 [1] NCCL INFO Channel 13/1 : 1[36000] -> 0[9000] via P2P/IPC comm 0x5614ff114b30 nRanks 02
vcjob-2108088646234832897-abc12335-35908-worker-0:270:6742 [1] NCCL INFO Channel 15/1 : 1[36000] -> 0[9000] via P2P/IPC comm 0x5614ff114b30 nRanks 02
vcjob-2108088646234832897-abc12335-35908-worker-0:270:6742 [1] NCCL INFO Channel 17/1 : 1[36000] -> 0[9000] via P2P/IPC comm 0x5614ff114b30 nRanks 02
vcjob-2108088646234832897-abc12335-35908-worker-0:270:6742 [1] NCCL INFO Channel 19/1 : 1[36000] -> 0[9000] via P2P/IPC comm 0x5614ff114b30 nRanks 02
vcjob-2108088646234832897-abc12335-35908-worker-0:270:6742 [1] NCCL INFO Channel 21/1 : 1[36000] -> 0[9000] via P2P/IPC comm 0x5614ff114b30 nRanks 02
vcjob-2108088646234832897-abc12335-35908-worker-0:270:6742 [1] NCCL INFO Channel 23/1 : 1[36000] -> 0[9000] via P2P/IPC comm 0x5614ff114b30 nRanks 02
vcjob-2108088646234832897-abc12335-35908-worker-0:270:6742 [1] NCCL INFO Channel 25/1 : 1[36000] -> 0[9000] via P2P/IPC comm 0x5614ff114b30 nRanks 02
vcjob-2108088646234832897-abc12335-35908-worker-0:270:6742 [1] NCCL INFO Channel 27/1 : 1[36000] -> 0[9000] via P2P/IPC comm 0x5614ff114b30 nRanks 02
vcjob-2108088646234832897-abc12335-35908-worker-0:270:6742 [1] NCCL INFO Channel 29/1 : 1[36000] -> 0[9000] via P2P/IPC comm 0x5614ff114b30 nRanks 02
vcjob-2108088646234832897-abc12335-35908-worker-0:270:6742 [1] NCCL INFO Channel 31/1 : 1[36000] -> 0[9000] via P2P/IPC comm 0x5614ff114b30 nRanks 02

vcjob-2108088646234832897-abc12335-35908-worker-0:269:269 [0] /data/jenkins_workspace/workspace/rccl_release/build/hipify/src/init.cc:170 NCCL WARN NUMA auto balancing enabled which can lead to variability in the RCCL performance! Disable by "sudo sysctl kernel.numa_balancing=0"
vcjob-2108088646234832897-abc12335-35908-worker-0:269:269 [0] NCCL INFO Kernel version: 5.15.0-25-generic

vcjob-2108088646234832897-abc12335-35908-worker-0:269:269 [0] /data/jenkins_workspace/workspace/rccl_release/build/hipify/src/init.cc:191 NCCL WARN Missing "iommu=pt" from kernel command line which can lead to system instablity or hang!
I1008 14:56:28.018899   269 ProcessGroupNCCL.cpp:2857] [PG ID 0 PG GUID 0(default_pg) Rank 0] ProcessGroupNCCL broadcast unique ID through store took 0.10456 ms
I1008 14:56:28.018934   269 NCCLUtils.cpp:75] Rank 0: creating NCCL communicator with mode: blocking

vcjob-2108088646234832897-abc12335-35908-worker-0:269:269 [0] /data/jenkins_workspace/workspace/rccl_release/build/hipify/src/init.cc:170 NCCL WARN NUMA auto balancing enabled which can lead to variability in the RCCL performance! Disable by "sudo sysctl kernel.numa_balancing=0"
vcjob-2108088646234832897-abc12335-35908-worker-0:269:269 [0] NCCL INFO Kernel version: 5.15.0-25-generic

vcjob-2108088646234832897-abc12335-35908-worker-0:269:269 [0] /data/jenkins_workspace/workspace/rccl_release/build/hipify/src/init.cc:191 NCCL WARN Missing "iommu=pt" from kernel command line which can lead to system instablity or hang!
I1008 14:56:28.019054   271 ProcessGroupNCCL.cpp:2857] [PG ID 0 PG GUID 0(default_pg) Rank 2] ProcessGroupNCCL broadcast unique ID through store took 439.055 ms
I1008 14:56:28.019119   271 NCCLUtils.cpp:75] Rank 1: creating NCCL communicator with mode: blocking

vcjob-2108088646234832897-abc12335-35908-worker-0:271:271 [2] /data/jenkins_workspace/workspace/rccl_release/build/hipify/src/init.cc:170 NCCL WARN NUMA auto balancing enabled which can lead to variability in the RCCL performance! Disable by "sudo sysctl kernel.numa_balancing=0"
vcjob-2108088646234832897-abc12335-35908-worker-0:271:271 [2] NCCL INFO Kernel version: 5.15.0-25-generic

vcjob-2108088646234832897-abc12335-35908-worker-0:271:271 [2] /data/jenkins_workspace/workspace/rccl_release/build/hipify/src/init.cc:191 NCCL WARN Missing "iommu=pt" from kernel command line which can lead to system instablity or hang!
vcjob-2108088646234832897-abc12335-35908-worker-0:269:269 [0] NCCL INFO Comm config Blocking set to 1
vcjob-2108088646234832897-abc12335-35908-worker-0:269:6744 [0] NCCL INFO Using network IBext_v8
vcjob-2108088646234832897-abc12335-35908-worker-0:269:6744 [0] NCCL INFO rocm_smi_lib: version 7.6.0.0
vcjob-2108088646234832897-abc12335-35908-worker-0:271:271 [2] NCCL INFO Comm config Blocking set to 1
vcjob-2108088646234832897-abc12335-35908-worker-0:271:6745 [2] NCCL INFO Using network IBext_v8
vcjob-2108088646234832897-abc12335-35908-worker-0:271:6745 [2] NCCL INFO rocm_smi_lib: version 7.6.0.0
vcjob-2108088646234832897-abc12335-35908-worker-0:271:6745 [2] NCCL INFO ncclCommInitRank comm 0x56314eb4f650 rank 1 nranks 2 cudaDev 2 nvmlDev 2 busId 55000 commId 0x417bfdb9898df836 - Init START
vcjob-2108088646234832897-abc12335-35908-worker-0:269:6744 [0] NCCL INFO ncclCommInitRank comm 0x55830f569a80 rank 0 nranks 2 cudaDev 0 nvmlDev 0 busId 9000 commId 0x417bfdb9898df836 - Init START
vcjob-2108088646234832897-abc12335-35908-worker-0:269:6744 [0] NCCL INFO rank:0 get match hsa dev domain:0x0 bdf:0x900 rank busId:0x36864
vcjob-2108088646234832897-abc12335-35908-worker-0:271:6745 [2] NCCL INFO rank:1 get match hsa dev domain:0x0 bdf:0x5500 rank busId:0x348160
vcjob-2108088646234832897-abc12335-35908-worker-0:271:6745 [2] NCCL INFO XDP Switch is off with xdp_size : 0
vcjob-2108088646234832897-abc12335-35908-worker-0:269:6744 [0] NCCL INFO XDP Switch is off with xdp_size : 0
vcjob-2108088646234832897-abc12335-35908-worker-0:271:6745 [2] NCCL INFO NCCL_TOPO_FILE set by environment to /root/private_data/second_hygon/phase4-arrival-heterogeneity/../rdma-shca/topo_lib/built-in-508-topo-input-tj-default.xml
vcjob-2108088646234832897-abc12335-35908-worker-0:269:6744 [0] NCCL INFO NCCL_TOPO_FILE set by environment to /root/private_data/second_hygon/phase4-arrival-heterogeneity/../rdma-shca/topo_lib/built-in-508-topo-input-tj-default.xml
vcjob-2108088646234832897-abc12335-35908-worker-0:271:6745 [2] NCCL INFO rocm_smi_lib: version 7.6.0.0
vcjob-2108088646234832897-abc12335-35908-worker-0:269:6744 [0] NCCL INFO rocm_smi_lib: version 7.6.0.0
vcjob-2108088646234832897-abc12335-35908-worker-0:271:6745 [2] NCCL INFO Setting affinity for GPU 2 to ffff
vcjob-2108088646234832897-abc12335-35908-worker-0:271:6745 [2] NCCL INFO Rank:1 Get link topo from rocmDev:0 linkNum:8 link:0 linkState:1 remote type:1 bdf:0x9b00 topoType:2
vcjob-2108088646234832897-abc12335-35908-worker-0:271:6745 [2] NCCL INFO Transport init rank 1 useXdp 0 linkTopoType 2
vcjob-2108088646234832897-abc12335-35908-worker-0:269:6744 [0] NCCL INFO Setting affinity for GPU 0 to ffff
vcjob-2108088646234832897-abc12335-35908-worker-0:269:6744 [0] NCCL INFO Rank:0 Get link topo from rocmDev:0 linkNum:8 link:0 linkState:1 remote type:1 bdf:0x9b00 topoType:2
vcjob-2108088646234832897-abc12335-35908-worker-0:269:6744 [0] NCCL INFO Transport init rank 0 useXdp 0 linkTopoType 2
vcjob-2108088646234832897-abc12335-35908-worker-0:269:6744 [0] NCCL INFO comm 0x55830f569a80 rank 0 nRanks 2 nNodes 1 localRanks 2 localRank 0 MNNVL 0
vcjob-2108088646234832897-abc12335-35908-worker-0:271:6745 [2] NCCL INFO comm 0x56314eb4f650 rank 1 nRanks 2 nNodes 1 localRanks 2 localRank 1 MNNVL 0
vcjob-2108088646234832897-abc12335-35908-worker-0:269:6744 [0] NCCL INFO Channel 00/32 :    0   1
vcjob-2108088646234832897-abc12335-35908-worker-0:269:6744 [0] NCCL INFO Channel 01/32 :    0   1
vcjob-2108088646234832897-abc12335-35908-worker-0:269:6744 [0] NCCL INFO Channel 02/32 :    0   1
vcjob-2108088646234832897-abc12335-35908-worker-0:269:6744 [0] NCCL INFO Channel 03/32 :    0   1
vcjob-2108088646234832897-abc12335-35908-worker-0:269:6744 [0] NCCL INFO Channel 04/32 :    0   1
vcjob-2108088646234832897-abc12335-35908-worker-0:269:6744 [0] NCCL INFO Channel 05/32 :    0   1
vcjob-2108088646234832897-abc12335-35908-worker-0:269:6744 [0] NCCL INFO Channel 06/32 :    0   1
vcjob-2108088646234832897-abc12335-35908-worker-0:269:6744 [0] NCCL INFO Channel 07/32 :    0   1
vcjob-2108088646234832897-abc12335-35908-worker-0:269:6744 [0] NCCL INFO Channel 08/32 :    0   1
vcjob-2108088646234832897-abc12335-35908-worker-0:271:6745 [2] NCCL INFO Trees [0] -1/-1/-1->1->0 [1] -1/-1/-1->1->0 [2] -1/-1/-1->1->0 [3] 0/-1/-1->1->-1 [4] -1/-1/-1->1->0 [5] -1/-1/-1->1->0 [6] -1/-1/-1->1->0 [7] 0/-1/-1->1->-1 [8] -1/-1/-1->1->0 [9] -1/-1/-1->1->0 [10] -1/-1/-1->1->0 [11] 0/-1/-1->1->-1 [12] -1/-1/-1->1->0 [13] -1/-1/-1->1->0 [14] -1/-1/-1->1->0 [15] 0/-1/-1->1->-1 [16] -1/-1/-1->1->0 [17] -1/-1/-1->1->0 [18] -1/-1/-1->1->0 [19] 0/-1/-1->1->-1 [20] -1/-1/-1->1->0 [21] -1/-1/-1->1->0 [22] -1/-1/-1->1->0 [23] 0/-1/-1->1->-1 [24] -1/-1/-1->1->0 [25] -1/-1/-1->1->0 [26] -1/-1/-1->1->0 [27] 0/-1/-1->1->-1 [28] -1/-1/-1->1->0 [29] -1/-1/-1->1->0 [30] -1/-1/-1->1->0 [31] 0/-1/-1->1->-1 comm 0x56314eb4f650 nRanks 02 busId 55000
vcjob-2108088646234832897-abc12335-35908-worker-0:269:6744 [0] NCCL INFO Channel 09/32 :    0   1
vcjob-2108088646234832897-abc12335-35908-worker-0:269:6744 [0] NCCL INFO Channel 10/32 :    0   1
vcjob-2108088646234832897-abc12335-35908-worker-0:269:6744 [0] NCCL INFO Channel 11/32 :    0   1
vcjob-2108088646234832897-abc12335-35908-worker-0:271:6745 [2] NCCL INFO P2P Chunksize set to 262144
vcjob-2108088646234832897-abc12335-35908-worker-0:269:6744 [0] NCCL INFO Channel 12/32 :    0   1
vcjob-2108088646234832897-abc12335-35908-worker-0:271:6745 [2] NCCL INFO comm->autoPerPeerOn: 1, comm->p2pnChannels: 32, comm->p2pnChannelsPerPeer: 16
vcjob-2108088646234832897-abc12335-35908-worker-0:269:6744 [0] NCCL INFO Channel 13/32 :    0   1
vcjob-2108088646234832897-abc12335-35908-worker-0:269:6744 [0] NCCL INFO Channel 14/32 :    0   1
vcjob-2108088646234832897-abc12335-35908-worker-0:269:6744 [0] NCCL INFO Channel 15/32 :    0   1
vcjob-2108088646234832897-abc12335-35908-worker-0:269:6744 [0] NCCL INFO Channel 16/32 :    0   1
vcjob-2108088646234832897-abc12335-35908-worker-0:269:6744 [0] NCCL INFO Channel 17/32 :    0   1
vcjob-2108088646234832897-abc12335-35908-worker-0:269:6744 [0] NCCL INFO Channel 18/32 :    0   1
vcjob-2108088646234832897-abc12335-35908-worker-0:269:6744 [0] NCCL INFO Channel 19/32 :    0   1
vcjob-2108088646234832897-abc12335-35908-worker-0:269:6744 [0] NCCL INFO Channel 20/32 :    0   1
vcjob-2108088646234832897-abc12335-35908-worker-0:269:6744 [0] NCCL INFO Channel 21/32 :    0   1
vcjob-2108088646234832897-abc12335-35908-worker-0:269:6744 [0] NCCL INFO Channel 22/32 :    0   1
vcjob-2108088646234832897-abc12335-35908-worker-0:269:6744 [0] NCCL INFO Channel 23/32 :    0   1
vcjob-2108088646234832897-abc12335-35908-worker-0:269:6744 [0] NCCL INFO Channel 24/32 :    0   1
vcjob-2108088646234832897-abc12335-35908-worker-0:269:6744 [0] NCCL INFO Channel 25/32 :    0   1
vcjob-2108088646234832897-abc12335-35908-worker-0:269:6744 [0] NCCL INFO Channel 26/32 :    0   1
vcjob-2108088646234832897-abc12335-35908-worker-0:269:6744 [0] NCCL INFO Channel 27/32 :    0   1
vcjob-2108088646234832897-abc12335-35908-worker-0:269:6744 [0] NCCL INFO Channel 28/32 :    0   1
vcjob-2108088646234832897-abc12335-35908-worker-0:269:6744 [0] NCCL INFO Channel 29/32 :    0   1
vcjob-2108088646234832897-abc12335-35908-worker-0:269:6744 [0] NCCL INFO Channel 30/32 :    0   1
vcjob-2108088646234832897-abc12335-35908-worker-0:269:6744 [0] NCCL INFO Channel 31/32 :    0   1
vcjob-2108088646234832897-abc12335-35908-worker-0:269:6744 [0] NCCL INFO Trees [0] 1/-1/-1->0->-1 [1] 1/-1/-1->0->-1 [2] 1/-1/-1->0->-1 [3] -1/-1/-1->0->1 [4] 1/-1/-1->0->-1 [5] 1/-1/-1->0->-1 [6] 1/-1/-1->0->-1 [7] -1/-1/-1->0->1 [8] 1/-1/-1->0->-1 [9] 1/-1/-1->0->-1 [10] 1/-1/-1->0->-1 [11] -1/-1/-1->0->1 [12] 1/-1/-1->0->-1 [13] 1/-1/-1->0->-1 [14] 1/-1/-1->0->-1 [15] -1/-1/-1->0->1 [16] 1/-1/-1->0->-1 [17] 1/-1/-1->0->-1 [18] 1/-1/-1->0->-1 [19] -1/-1/-1->0->1 [20] 1/-1/-1->0->-1 [21] 1/-1/-1->0->-1 [22] 1/-1/-1->0->-1 [23] -1/-1/-1->0->1 [24] 1/-1/-1->0->-1 [25] 1/-1/-1->0->-1 [26] 1/-1/-1->0->-1 [27] -1/-1/-1->0->1 [28] 1/-1/-1->0->-1 [29] 1/-1/-1->0->-1 [30] 1/-1/-1->0->-1 [31] -1/-1/-1->0->1 comm 0x55830f569a80 nRanks 02 busId 9000
vcjob-2108088646234832897-abc12335-35908-worker-0:269:6744 [0] NCCL INFO P2P Chunksize set to 262144
vcjob-2108088646234832897-abc12335-35908-worker-0:269:6744 [0] NCCL INFO comm->autoPerPeerOn: 1, comm->p2pnChannels: 32, comm->p2pnChannelsPerPeer: 16
vcjob-2108088646234832897-abc12335-35908-worker-0:271:6745 [2] NCCL INFO Channel 00/0 : 1[55000] -> 0[9000] via P2P/IPC comm 0x56314eb4f650 nRanks 02
vcjob-2108088646234832897-abc12335-35908-worker-0:269:6744 [0] NCCL INFO Channel 00/0 : 0[9000] -> 1[55000] via P2P/IPC comm 0x55830f569a80 nRanks 02
vcjob-2108088646234832897-abc12335-35908-worker-0:271:6745 [2] NCCL INFO Channel 01/0 : 1[55000] -> 0[9000] via P2P/IPC comm 0x56314eb4f650 nRanks 02
vcjob-2108088646234832897-abc12335-35908-worker-0:269:6744 [0] NCCL INFO Channel 01/0 : 0[9000] -> 1[55000] via P2P/IPC comm 0x55830f569a80 nRanks 02
vcjob-2108088646234832897-abc12335-35908-worker-0:271:6745 [2] NCCL INFO Channel 02/0 : 1[55000] -> 0[9000] via P2P/IPC comm 0x56314eb4f650 nRanks 02
vcjob-2108088646234832897-abc12335-35908-worker-0:269:6744 [0] NCCL INFO Channel 02/0 : 0[9000] -> 1[55000] via P2P/IPC comm 0x55830f569a80 nRanks 02
vcjob-2108088646234832897-abc12335-35908-worker-0:271:6745 [2] NCCL INFO Channel 03/0 : 1[55000] -> 0[9000] via P2P/IPC comm 0x56314eb4f650 nRanks 02
vcjob-2108088646234832897-abc12335-35908-worker-0:269:6744 [0] NCCL INFO Channel 03/0 : 0[9000] -> 1[55000] via P2P/IPC comm 0x55830f569a80 nRanks 02
vcjob-2108088646234832897-abc12335-35908-worker-0:271:6745 [2] NCCL INFO Channel 04/0 : 1[55000] -> 0[9000] via P2P/IPC comm 0x56314eb4f650 nRanks 02
vcjob-2108088646234832897-abc12335-35908-worker-0:269:6744 [0] NCCL INFO Channel 04/0 : 0[9000] -> 1[55000] via P2P/IPC comm 0x55830f569a80 nRanks 02
vcjob-2108088646234832897-abc12335-35908-worker-0:271:6745 [2] NCCL INFO Channel 05/0 : 1[55000] -> 0[9000] via P2P/IPC comm 0x56314eb4f650 nRanks 02
vcjob-2108088646234832897-abc12335-35908-worker-0:269:6744 [0] NCCL INFO Channel 05/0 : 0[9000] -> 1[55000] via P2P/IPC comm 0x55830f569a80 nRanks 02
vcjob-2108088646234832897-abc12335-35908-worker-0:271:6745 [2] NCCL INFO Channel 06/0 : 1[55000] -> 0[9000] via P2P/IPC comm 0x56314eb4f650 nRanks 02
vcjob-2108088646234832897-abc12335-35908-worker-0:269:6744 [0] NCCL INFO Channel 06/0 : 0[9000] -> 1[55000] via P2P/IPC comm 0x55830f569a80 nRanks 02
vcjob-2108088646234832897-abc12335-35908-worker-0:271:6745 [2] NCCL INFO Channel 07/0 : 1[55000] -> 0[9000] via P2P/IPC comm 0x56314eb4f650 nRanks 02
vcjob-2108088646234832897-abc12335-35908-worker-0:269:6744 [0] NCCL INFO Channel 07/0 : 0[9000] -> 1[55000] via P2P/IPC comm 0x55830f569a80 nRanks 02
vcjob-2108088646234832897-abc12335-35908-worker-0:271:6745 [2] NCCL INFO Channel 08/0 : 1[55000] -> 0[9000] via P2P/IPC comm 0x56314eb4f650 nRanks 02
vcjob-2108088646234832897-abc12335-35908-worker-0:269:6744 [0] NCCL INFO Channel 08/0 : 0[9000] -> 1[55000] via P2P/IPC comm 0x55830f569a80 nRanks 02
vcjob-2108088646234832897-abc12335-35908-worker-0:271:6745 [2] NCCL INFO Channel 09/0 : 1[55000] -> 0[9000] via P2P/IPC comm 0x56314eb4f650 nRanks 02
vcjob-2108088646234832897-abc12335-35908-worker-0:269:6744 [0] NCCL INFO Channel 09/0 : 0[9000] -> 1[55000] via P2P/IPC comm 0x55830f569a80 nRanks 02
vcjob-2108088646234832897-abc12335-35908-worker-0:271:6745 [2] NCCL INFO Channel 10/0 : 1[55000] -> 0[9000] via P2P/IPC comm 0x56314eb4f650 nRanks 02
vcjob-2108088646234832897-abc12335-35908-worker-0:269:6744 [0] NCCL INFO Channel 10/0 : 0[9000] -> 1[55000] via P2P/IPC comm 0x55830f569a80 nRanks 02
vcjob-2108088646234832897-abc12335-35908-worker-0:271:6745 [2] NCCL INFO Channel 11/0 : 1[55000] -> 0[9000] via P2P/IPC comm 0x56314eb4f650 nRanks 02
vcjob-2108088646234832897-abc12335-35908-worker-0:269:6744 [0] NCCL INFO Channel 11/0 : 0[9000] -> 1[55000] via P2P/IPC comm 0x55830f569a80 nRanks 02
vcjob-2108088646234832897-abc12335-35908-worker-0:271:6745 [2] NCCL INFO Channel 12/0 : 1[55000] -> 0[9000] via P2P/IPC comm 0x56314eb4f650 nRanks 02
vcjob-2108088646234832897-abc12335-35908-worker-0:269:6744 [0] NCCL INFO Channel 12/0 : 0[9000] -> 1[55000] via P2P/IPC comm 0x55830f569a80 nRanks 02
vcjob-2108088646234832897-abc12335-35908-worker-0:271:6745 [2] NCCL INFO Channel 13/0 : 1[55000] -> 0[9000] via P2P/IPC comm 0x56314eb4f650 nRanks 02
vcjob-2108088646234832897-abc12335-35908-worker-0:269:6744 [0] NCCL INFO Channel 13/0 : 0[9000] -> 1[55000] via P2P/IPC comm 0x55830f569a80 nRanks 02
vcjob-2108088646234832897-abc12335-35908-worker-0:271:6745 [2] NCCL INFO Channel 14/0 : 1[55000] -> 0[9000] via P2P/IPC comm 0x56314eb4f650 nRanks 02
vcjob-2108088646234832897-abc12335-35908-worker-0:271:6745 [2] NCCL INFO Channel 15/0 : 1[55000] -> 0[9000] via P2P/IPC comm 0x56314eb4f650 nRanks 02
vcjob-2108088646234832897-abc12335-35908-worker-0:269:6744 [0] NCCL INFO Channel 14/0 : 0[9000] -> 1[55000] via P2P/IPC comm 0x55830f569a80 nRanks 02
vcjob-2108088646234832897-abc12335-35908-worker-0:271:6745 [2] NCCL INFO Channel 16/0 : 1[55000] -> 0[9000] via P2P/IPC comm 0x56314eb4f650 nRanks 02
vcjob-2108088646234832897-abc12335-35908-worker-0:269:6744 [0] NCCL INFO Channel 15/0 : 0[9000] -> 1[55000] via P2P/IPC comm 0x55830f569a80 nRanks 02
vcjob-2108088646234832897-abc12335-35908-worker-0:271:6745 [2] NCCL INFO Channel 17/0 : 1[55000] -> 0[9000] via P2P/IPC comm 0x56314eb4f650 nRanks 02
vcjob-2108088646234832897-abc12335-35908-worker-0:269:6744 [0] NCCL INFO Channel 16/0 : 0[9000] -> 1[55000] via P2P/IPC comm 0x55830f569a80 nRanks 02
vcjob-2108088646234832897-abc12335-35908-worker-0:271:6745 [2] NCCL INFO Channel 18/0 : 1[55000] -> 0[9000] via P2P/IPC comm 0x56314eb4f650 nRanks 02
vcjob-2108088646234832897-abc12335-35908-worker-0:269:6744 [0] NCCL INFO Channel 17/0 : 0[9000] -> 1[55000] via P2P/IPC comm 0x55830f569a80 nRanks 02
vcjob-2108088646234832897-abc12335-35908-worker-0:271:6745 [2] NCCL INFO Channel 19/0 : 1[55000] -> 0[9000] via P2P/IPC comm 0x56314eb4f650 nRanks 02
vcjob-2108088646234832897-abc12335-35908-worker-0:269:6744 [0] NCCL INFO Channel 18/0 : 0[9000] -> 1[55000] via P2P/IPC comm 0x55830f569a80 nRanks 02
vcjob-2108088646234832897-abc12335-35908-worker-0:271:6745 [2] NCCL INFO Channel 20/0 : 1[55000] -> 0[9000] via P2P/IPC comm 0x56314eb4f650 nRanks 02
vcjob-2108088646234832897-abc12335-35908-worker-0:269:6744 [0] NCCL INFO Channel 19/0 : 0[9000] -> 1[55000] via P2P/IPC comm 0x55830f569a80 nRanks 02
vcjob-2108088646234832897-abc12335-35908-worker-0:271:6745 [2] NCCL INFO Channel 21/0 : 1[55000] -> 0[9000] via P2P/IPC comm 0x56314eb4f650 nRanks 02
vcjob-2108088646234832897-abc12335-35908-worker-0:269:6744 [0] NCCL INFO Channel 20/0 : 0[9000] -> 1[55000] via P2P/IPC comm 0x55830f569a80 nRanks 02
vcjob-2108088646234832897-abc12335-35908-worker-0:271:6745 [2] NCCL INFO Channel 22/0 : 1[55000] -> 0[9000] via P2P/IPC comm 0x56314eb4f650 nRanks 02
vcjob-2108088646234832897-abc12335-35908-worker-0:269:6744 [0] NCCL INFO Channel 21/0 : 0[9000] -> 1[55000] via P2P/IPC comm 0x55830f569a80 nRanks 02
vcjob-2108088646234832897-abc12335-35908-worker-0:271:6745 [2] NCCL INFO Channel 23/0 : 1[55000] -> 0[9000] via P2P/IPC comm 0x56314eb4f650 nRanks 02
vcjob-2108088646234832897-abc12335-35908-worker-0:269:6744 [0] NCCL INFO Channel 22/0 : 0[9000] -> 1[55000] via P2P/IPC comm 0x55830f569a80 nRanks 02
vcjob-2108088646234832897-abc12335-35908-worker-0:271:6745 [2] NCCL INFO Channel 24/0 : 1[55000] -> 0[9000] via P2P/IPC comm 0x56314eb4f650 nRanks 02
vcjob-2108088646234832897-abc12335-35908-worker-0:269:6744 [0] NCCL INFO Channel 23/0 : 0[9000] -> 1[55000] via P2P/IPC comm 0x55830f569a80 nRanks 02
vcjob-2108088646234832897-abc12335-35908-worker-0:271:6745 [2] NCCL INFO Channel 25/0 : 1[55000] -> 0[9000] via P2P/IPC comm 0x56314eb4f650 nRanks 02
vcjob-2108088646234832897-abc12335-35908-worker-0:269:6744 [0] NCCL INFO Channel 24/0 : 0[9000] -> 1[55000] via P2P/IPC comm 0x55830f569a80 nRanks 02
vcjob-2108088646234832897-abc12335-35908-worker-0:271:6745 [2] NCCL INFO Channel 26/0 : 1[55000] -> 0[9000] via P2P/IPC comm 0x56314eb4f650 nRanks 02
vcjob-2108088646234832897-abc12335-35908-worker-0:269:6744 [0] NCCL INFO Channel 25/0 : 0[9000] -> 1[55000] via P2P/IPC comm 0x55830f569a80 nRanks 02
vcjob-2108088646234832897-abc12335-35908-worker-0:271:6745 [2] NCCL INFO Channel 27/0 : 1[55000] -> 0[9000] via P2P/IPC comm 0x56314eb4f650 nRanks 02
vcjob-2108088646234832897-abc12335-35908-worker-0:269:6744 [0] NCCL INFO Channel 26/0 : 0[9000] -> 1[55000] via P2P/IPC comm 0x55830f569a80 nRanks 02
vcjob-2108088646234832897-abc12335-35908-worker-0:271:6745 [2] NCCL INFO Channel 28/0 : 1[55000] -> 0[9000] via P2P/IPC comm 0x56314eb4f650 nRanks 02
vcjob-2108088646234832897-abc12335-35908-worker-0:269:6744 [0] NCCL INFO Channel 27/0 : 0[9000] -> 1[55000] via P2P/IPC comm 0x55830f569a80 nRanks 02
vcjob-2108088646234832897-abc12335-35908-worker-0:271:6745 [2] NCCL INFO Channel 29/0 : 1[55000] -> 0[9000] via P2P/IPC comm 0x56314eb4f650 nRanks 02
vcjob-2108088646234832897-abc12335-35908-worker-0:269:6744 [0] NCCL INFO Channel 28/0 : 0[9000] -> 1[55000] via P2P/IPC comm 0x55830f569a80 nRanks 02
vcjob-2108088646234832897-abc12335-35908-worker-0:271:6745 [2] NCCL INFO Channel 30/0 : 1[55000] -> 0[9000] via P2P/IPC comm 0x56314eb4f650 nRanks 02
vcjob-2108088646234832897-abc12335-35908-worker-0:269:6744 [0] NCCL INFO Channel 29/0 : 0[9000] -> 1[55000] via P2P/IPC comm 0x55830f569a80 nRanks 02
vcjob-2108088646234832897-abc12335-35908-worker-0:271:6745 [2] NCCL INFO Channel 31/0 : 1[55000] -> 0[9000] via P2P/IPC comm 0x56314eb4f650 nRanks 02
vcjob-2108088646234832897-abc12335-35908-worker-0:269:6744 [0] NCCL INFO Channel 30/0 : 0[9000] -> 1[55000] via P2P/IPC comm 0x55830f569a80 nRanks 02
vcjob-2108088646234832897-abc12335-35908-worker-0:269:6744 [0] NCCL INFO Channel 31/0 : 0[9000] -> 1[55000] via P2P/IPC comm 0x55830f569a80 nRanks 02
vcjob-2108088646234832897-abc12335-35908-worker-0:271:6745 [2] NCCL INFO Connected all rings
vcjob-2108088646234832897-abc12335-35908-worker-0:271:6745 [2] NCCL INFO Connected all trees
vcjob-2108088646234832897-abc12335-35908-worker-0:269:6744 [0] NCCL INFO Connected all rings
vcjob-2108088646234832897-abc12335-35908-worker-0:271:6745 [2] NCCL INFO threadThresholds 8/8/64 | 16/8/64 | 256 | 256
vcjob-2108088646234832897-abc12335-35908-worker-0:271:6745 [2] NCCL INFO 32 coll channels, 32 collnet channels, 0 nvls channels, 32 p2p channels, 16 p2p channels per peer
vcjob-2108088646234832897-abc12335-35908-worker-0:269:6744 [0] NCCL INFO Connected all trees
vcjob-2108088646234832897-abc12335-35908-worker-0:269:6744 [0] NCCL INFO threadThresholds 8/8/64 | 16/8/64 | 256 | 256
vcjob-2108088646234832897-abc12335-35908-worker-0:269:6744 [0] NCCL INFO 32 coll channels, 32 collnet channels, 0 nvls channels, 32 p2p channels, 16 p2p channels per peer
vcjob-2108088646234832897-abc12335-35908-worker-0:269:6744 [0] NCCL INFO CC Off, Multi-GPU CC Off, workFifoBytes 4194304
vcjob-2108088646234832897-abc12335-35908-worker-0:271:6745 [2] NCCL INFO ncclCommInitRank comm 0x56314eb4f650 rank 1 nranks 2 cudaDev 2 nvmlDev 2 busId 55000 commId 0x417bfdb9898df836 localSize 480 used 444105696 bytes on core 0 - Init COMPLETE
vcjob-2108088646234832897-abc12335-35908-worker-0:269:6744 [0] NCCL INFO ncclCommInitRank comm 0x55830f569a80 rank 0 nranks 2 cudaDev 0 nvmlDev 0 busId 9000 commId 0x417bfdb9898df836 localSize 480 used 694994512 bytes on core 11 - Init COMPLETE
vcjob-2108088646234832897-abc12335-35908-worker-0:269:6744 [0] NCCL INFO Init timings: rank 0 nranks 2 total 0.33 (kernels 0.00, bootstrap 0.02, allgathers 0.00, topo 0.23, graphs 0.00, connections 0.08, rest 0.00)
vcjob-2108088646234832897-abc12335-35908-worker-0:271:6745 [2] NCCL INFO Init timings: rank 1 nranks 2 total 0.33 (kernels 0.00, bootstrap 0.02, allgathers 0.02, topo 0.22, graphs 0.00, connections 0.08, rest 0.00)
I1008 14:56:28.353236   271 ProcessGroupNCCL.cpp:2890] [PG ID 0 PG GUID 0(default_pg) Rank 2] NCCL_DEBUG: INFO
I1008 14:56:28.353261   269 ProcessGroupNCCL.cpp:2890] [PG ID 0 PG GUID 0(default_pg) Rank 0] NCCL_DEBUG: INFO
vcjob-2108088646234832897-abc12335-35908-worker-0:271:6750 [2] NCCL INFO Channel 01/1 : 1[55000] -> 0[9000] via P2P/IPC comm 0x56314eb4f650 nRanks 02
vcjob-2108088646234832897-abc12335-35908-worker-0:271:6750 [2] NCCL INFO Channel 03/1 : 1[55000] -> 0[9000] via P2P/IPC comm 0x56314eb4f650 nRanks 02
vcjob-2108088646234832897-abc12335-35908-worker-0:271:6750 [2] NCCL INFO Channel 05/1 : 1[55000] -> 0[9000] via P2P/IPC comm 0x56314eb4f650 nRanks 02
vcjob-2108088646234832897-abc12335-35908-worker-0:271:6750 [2] NCCL INFO Channel 07/1 : 1[55000] -> 0[9000] via P2P/IPC comm 0x56314eb4f650 nRanks 02
vcjob-2108088646234832897-abc12335-35908-worker-0:271:6750 [2] NCCL INFO Channel 09/1 : 1[55000] -> 0[9000] via P2P/IPC comm 0x56314eb4f650 nRanks 02
vcjob-2108088646234832897-abc12335-35908-worker-0:271:6750 [2] NCCL INFO Channel 11/1 : 1[55000] -> 0[9000] via P2P/IPC comm 0x56314eb4f650 nRanks 02
vcjob-2108088646234832897-abc12335-35908-worker-0:271:6750 [2] NCCL INFO Channel 13/1 : 1[55000] -> 0[9000] via P2P/IPC comm 0x56314eb4f650 nRanks 02
vcjob-2108088646234832897-abc12335-35908-worker-0:271:6750 [2] NCCL INFO Channel 15/1 : 1[55000] -> 0[9000] via P2P/IPC comm 0x56314eb4f650 nRanks 02
vcjob-2108088646234832897-abc12335-35908-worker-0:271:6750 [2] NCCL INFO Channel 17/1 : 1[55000] -> 0[9000] via P2P/IPC comm 0x56314eb4f650 nRanks 02
vcjob-2108088646234832897-abc12335-35908-worker-0:271:6750 [2] NCCL INFO Channel 19/1 : 1[55000] -> 0[9000] via P2P/IPC comm 0x56314eb4f650 nRanks 02
vcjob-2108088646234832897-abc12335-35908-worker-0:271:6750 [2] NCCL INFO Channel 21/1 : 1[55000] -> 0[9000] via P2P/IPC comm 0x56314eb4f650 nRanks 02
vcjob-2108088646234832897-abc12335-35908-worker-0:271:6750 [2] NCCL INFO Channel 23/1 : 1[55000] -> 0[9000] via P2P/IPC comm 0x56314eb4f650 nRanks 02
vcjob-2108088646234832897-abc12335-35908-worker-0:271:6750 [2] NCCL INFO Channel 25/1 : 1[55000] -> 0[9000] via P2P/IPC comm 0x56314eb4f650 nRanks 02
vcjob-2108088646234832897-abc12335-35908-worker-0:271:6750 [2] NCCL INFO Channel 27/1 : 1[55000] -> 0[9000] via P2P/IPC comm 0x56314eb4f650 nRanks 02
vcjob-2108088646234832897-abc12335-35908-worker-0:271:6750 [2] NCCL INFO Channel 29/1 : 1[55000] -> 0[9000] via P2P/IPC comm 0x56314eb4f650 nRanks 02
vcjob-2108088646234832897-abc12335-35908-worker-0:271:6750 [2] NCCL INFO Channel 31/1 : 1[55000] -> 0[9000] via P2P/IPC comm 0x56314eb4f650 nRanks 02

vcjob-2108088646234832897-abc12335-35908-worker-0:269:269 [0] /data/jenkins_workspace/workspace/rccl_release/build/hipify/src/init.cc:170 NCCL WARN NUMA auto balancing enabled which can lead to variability in the RCCL performance! Disable by "sudo sysctl kernel.numa_balancing=0"
vcjob-2108088646234832897-abc12335-35908-worker-0:269:269 [0] NCCL INFO Kernel version: 5.15.0-25-generic

vcjob-2108088646234832897-abc12335-35908-worker-0:269:269 [0] /data/jenkins_workspace/workspace/rccl_release/build/hipify/src/init.cc:191 NCCL WARN Missing "iommu=pt" from kernel command line which can lead to system instablity or hang!
I1008 14:56:28.399015   269 ProcessGroupNCCL.cpp:2857] [PG ID 0 PG GUID 0(default_pg) Rank 0] ProcessGroupNCCL broadcast unique ID through store took 0.096921 ms
I1008 14:56:28.399047   269 NCCLUtils.cpp:75] Rank 0: creating NCCL communicator with mode: blocking

vcjob-2108088646234832897-abc12335-35908-worker-0:269:269 [0] /data/jenkins_workspace/workspace/rccl_release/build/hipify/src/init.cc:170 NCCL WARN NUMA auto balancing enabled which can lead to variability in the RCCL performance! Disable by "sudo sysctl kernel.numa_balancing=0"
vcjob-2108088646234832897-abc12335-35908-worker-0:269:269 [0] NCCL INFO Kernel version: 5.15.0-25-generic

vcjob-2108088646234832897-abc12335-35908-worker-0:269:269 [0] /data/jenkins_workspace/workspace/rccl_release/build/hipify/src/init.cc:191 NCCL WARN Missing "iommu=pt" from kernel command line which can lead to system instablity or hang!
I1008 14:56:28.399200   272 ProcessGroupNCCL.cpp:2857] [PG ID 0 PG GUID 0(default_pg) Rank 3] ProcessGroupNCCL broadcast unique ID through store took 819.457 ms
I1008 14:56:28.399298   272 NCCLUtils.cpp:75] Rank 1: creating NCCL communicator with mode: blocking

vcjob-2108088646234832897-abc12335-35908-worker-0:272:272 [3] /data/jenkins_workspace/workspace/rccl_release/build/hipify/src/init.cc:170 NCCL WARN NUMA auto balancing enabled which can lead to variability in the RCCL performance! Disable by "sudo sysctl kernel.numa_balancing=0"
vcjob-2108088646234832897-abc12335-35908-worker-0:272:272 [3] NCCL INFO Kernel version: 5.15.0-25-generic

vcjob-2108088646234832897-abc12335-35908-worker-0:272:272 [3] /data/jenkins_workspace/workspace/rccl_release/build/hipify/src/init.cc:191 NCCL WARN Missing "iommu=pt" from kernel command line which can lead to system instablity or hang!
vcjob-2108088646234832897-abc12335-35908-worker-0:269:269 [0] NCCL INFO Comm config Blocking set to 1
vcjob-2108088646234832897-abc12335-35908-worker-0:269:6753 [0] NCCL INFO Using network IBext_v8
vcjob-2108088646234832897-abc12335-35908-worker-0:269:6753 [0] NCCL INFO rocm_smi_lib: version 7.6.0.0
vcjob-2108088646234832897-abc12335-35908-worker-0:272:272 [3] NCCL INFO Comm config Blocking set to 1
vcjob-2108088646234832897-abc12335-35908-worker-0:272:6754 [3] NCCL INFO Using network IBext_v8
vcjob-2108088646234832897-abc12335-35908-worker-0:272:6754 [3] NCCL INFO rocm_smi_lib: version 7.6.0.0
vcjob-2108088646234832897-abc12335-35908-worker-0:272:6754 [3] NCCL INFO ncclCommInitRank comm 0x55f9f347f980 rank 1 nranks 2 cudaDev 3 nvmlDev 3 busId 77000 commId 0x79362b54189d246e - Init START
vcjob-2108088646234832897-abc12335-35908-worker-0:269:6753 [0] NCCL INFO ncclCommInitRank comm 0x55830f625260 rank 0 nranks 2 cudaDev 0 nvmlDev 0 busId 9000 commId 0x79362b54189d246e - Init START
vcjob-2108088646234832897-abc12335-35908-worker-0:269:6753 [0] NCCL INFO rank:0 get match hsa dev domain:0x0 bdf:0x900 rank busId:0x36864
vcjob-2108088646234832897-abc12335-35908-worker-0:272:6754 [3] NCCL INFO rank:1 get match hsa dev domain:0x0 bdf:0x7700 rank busId:0x487424
vcjob-2108088646234832897-abc12335-35908-worker-0:269:6753 [0] NCCL INFO XDP Switch is off with xdp_size : 0
vcjob-2108088646234832897-abc12335-35908-worker-0:272:6754 [3] NCCL INFO XDP Switch is off with xdp_size : 0
vcjob-2108088646234832897-abc12335-35908-worker-0:272:6754 [3] NCCL INFO NCCL_TOPO_FILE set by environment to /root/private_data/second_hygon/phase4-arrival-heterogeneity/../rdma-shca/topo_lib/built-in-508-topo-input-tj-default.xml
vcjob-2108088646234832897-abc12335-35908-worker-0:269:6753 [0] NCCL INFO NCCL_TOPO_FILE set by environment to /root/private_data/second_hygon/phase4-arrival-heterogeneity/../rdma-shca/topo_lib/built-in-508-topo-input-tj-default.xml
vcjob-2108088646234832897-abc12335-35908-worker-0:269:6753 [0] NCCL INFO rocm_smi_lib: version 7.6.0.0
vcjob-2108088646234832897-abc12335-35908-worker-0:272:6754 [3] NCCL INFO rocm_smi_lib: version 7.6.0.0
vcjob-2108088646234832897-abc12335-35908-worker-0:269:6753 [0] NCCL INFO Setting affinity for GPU 0 to ffff
vcjob-2108088646234832897-abc12335-35908-worker-0:269:6753 [0] NCCL INFO Rank:0 Get link topo from rocmDev:0 linkNum:8 link:0 linkState:1 remote type:1 bdf:0x9b00 topoType:2
vcjob-2108088646234832897-abc12335-35908-worker-0:269:6753 [0] NCCL INFO Transport init rank 0 useXdp 0 linkTopoType 2
vcjob-2108088646234832897-abc12335-35908-worker-0:272:6754 [3] NCCL INFO Setting affinity for GPU 3 to ffff0000
vcjob-2108088646234832897-abc12335-35908-worker-0:272:6754 [3] NCCL INFO Rank:1 Get link topo from rocmDev:0 linkNum:8 link:0 linkState:1 remote type:1 bdf:0x9b00 topoType:2
vcjob-2108088646234832897-abc12335-35908-worker-0:272:6754 [3] NCCL INFO Transport init rank 1 useXdp 0 linkTopoType 2
vcjob-2108088646234832897-abc12335-35908-worker-0:272:6754 [3] NCCL INFO comm 0x55f9f347f980 rank 1 nRanks 2 nNodes 1 localRanks 2 localRank 1 MNNVL 0
vcjob-2108088646234832897-abc12335-35908-worker-0:269:6753 [0] NCCL INFO comm 0x55830f625260 rank 0 nRanks 2 nNodes 1 localRanks 2 localRank 0 MNNVL 0
vcjob-2108088646234832897-abc12335-35908-worker-0:269:6753 [0] NCCL INFO Channel 00/32 :    0   1
vcjob-2108088646234832897-abc12335-35908-worker-0:269:6753 [0] NCCL INFO Channel 01/32 :    0   1
vcjob-2108088646234832897-abc12335-35908-worker-0:269:6753 [0] NCCL INFO Channel 02/32 :    0   1
vcjob-2108088646234832897-abc12335-35908-worker-0:269:6753 [0] NCCL INFO Channel 03/32 :    0   1
vcjob-2108088646234832897-abc12335-35908-worker-0:269:6753 [0] NCCL INFO Channel 04/32 :    0   1
vcjob-2108088646234832897-abc12335-35908-worker-0:269:6753 [0] NCCL INFO Channel 05/32 :    0   1
vcjob-2108088646234832897-abc12335-35908-worker-0:269:6753 [0] NCCL INFO Channel 06/32 :    0   1
vcjob-2108088646234832897-abc12335-35908-worker-0:269:6753 [0] NCCL INFO Channel 07/32 :    0   1
vcjob-2108088646234832897-abc12335-35908-worker-0:269:6753 [0] NCCL INFO Channel 08/32 :    0   1
vcjob-2108088646234832897-abc12335-35908-worker-0:269:6753 [0] NCCL INFO Channel 09/32 :    0   1
vcjob-2108088646234832897-abc12335-35908-worker-0:269:6753 [0] NCCL INFO Channel 10/32 :    0   1
vcjob-2108088646234832897-abc12335-35908-worker-0:272:6754 [3] NCCL INFO Trees [0] -1/-1/-1->1->0 [1] -1/-1/-1->1->0 [2] -1/-1/-1->1->0 [3] 0/-1/-1->1->-1 [4] -1/-1/-1->1->0 [5] -1/-1/-1->1->0 [6] -1/-1/-1->1->0 [7] 0/-1/-1->1->-1 [8] -1/-1/-1->1->0 [9] -1/-1/-1->1->0 [10] -1/-1/-1->1->0 [11] 0/-1/-1->1->-1 [12] -1/-1/-1->1->0 [13] -1/-1/-1->1->0 [14] -1/-1/-1->1->0 [15] 0/-1/-1->1->-1 [16] -1/-1/-1->1->0 [17] -1/-1/-1->1->0 [18] -1/-1/-1->1->0 [19] 0/-1/-1->1->-1 [20] -1/-1/-1->1->0 [21] -1/-1/-1->1->0 [22] -1/-1/-1->1->0 [23] 0/-1/-1->1->-1 [24] -1/-1/-1->1->0 [25] -1/-1/-1->1->0 [26] -1/-1/-1->1->0 [27] 0/-1/-1->1->-1 [28] -1/-1/-1->1->0 [29] -1/-1/-1->1->0 [30] -1/-1/-1->1->0 [31] 0/-1/-1->1->-1 comm 0x55f9f347f980 nRanks 02 busId 77000
vcjob-2108088646234832897-abc12335-35908-worker-0:269:6753 [0] NCCL INFO Channel 11/32 :    0   1
vcjob-2108088646234832897-abc12335-35908-worker-0:272:6754 [3] NCCL INFO P2P Chunksize set to 262144
vcjob-2108088646234832897-abc12335-35908-worker-0:269:6753 [0] NCCL INFO Channel 12/32 :    0   1
vcjob-2108088646234832897-abc12335-35908-worker-0:269:6753 [0] NCCL INFO Channel 13/32 :    0   1
vcjob-2108088646234832897-abc12335-35908-worker-0:272:6754 [3] NCCL INFO comm->autoPerPeerOn: 1, comm->p2pnChannels: 32, comm->p2pnChannelsPerPeer: 16
vcjob-2108088646234832897-abc12335-35908-worker-0:269:6753 [0] NCCL INFO Channel 14/32 :    0   1
vcjob-2108088646234832897-abc12335-35908-worker-0:269:6753 [0] NCCL INFO Channel 15/32 :    0   1
vcjob-2108088646234832897-abc12335-35908-worker-0:269:6753 [0] NCCL INFO Channel 16/32 :    0   1
vcjob-2108088646234832897-abc12335-35908-worker-0:269:6753 [0] NCCL INFO Channel 17/32 :    0   1
vcjob-2108088646234832897-abc12335-35908-worker-0:269:6753 [0] NCCL INFO Channel 18/32 :    0   1
vcjob-2108088646234832897-abc12335-35908-worker-0:269:6753 [0] NCCL INFO Channel 19/32 :    0   1
vcjob-2108088646234832897-abc12335-35908-worker-0:269:6753 [0] NCCL INFO Channel 20/32 :    0   1
vcjob-2108088646234832897-abc12335-35908-worker-0:269:6753 [0] NCCL INFO Channel 21/32 :    0   1
vcjob-2108088646234832897-abc12335-35908-worker-0:269:6753 [0] NCCL INFO Channel 22/32 :    0   1
vcjob-2108088646234832897-abc12335-35908-worker-0:269:6753 [0] NCCL INFO Channel 23/32 :    0   1
vcjob-2108088646234832897-abc12335-35908-worker-0:269:6753 [0] NCCL INFO Channel 24/32 :    0   1
vcjob-2108088646234832897-abc12335-35908-worker-0:269:6753 [0] NCCL INFO Channel 25/32 :    0   1
vcjob-2108088646234832897-abc12335-35908-worker-0:269:6753 [0] NCCL INFO Channel 26/32 :    0   1
vcjob-2108088646234832897-abc12335-35908-worker-0:269:6753 [0] NCCL INFO Channel 27/32 :    0   1
vcjob-2108088646234832897-abc12335-35908-worker-0:269:6753 [0] NCCL INFO Channel 28/32 :    0   1
vcjob-2108088646234832897-abc12335-35908-worker-0:269:6753 [0] NCCL INFO Channel 29/32 :    0   1
vcjob-2108088646234832897-abc12335-35908-worker-0:269:6753 [0] NCCL INFO Channel 30/32 :    0   1
vcjob-2108088646234832897-abc12335-35908-worker-0:269:6753 [0] NCCL INFO Channel 31/32 :    0   1
vcjob-2108088646234832897-abc12335-35908-worker-0:269:6753 [0] NCCL INFO Trees [0] 1/-1/-1->0->-1 [1] 1/-1/-1->0->-1 [2] 1/-1/-1->0->-1 [3] -1/-1/-1->0->1 [4] 1/-1/-1->0->-1 [5] 1/-1/-1->0->-1 [6] 1/-1/-1->0->-1 [7] -1/-1/-1->0->1 [8] 1/-1/-1->0->-1 [9] 1/-1/-1->0->-1 [10] 1/-1/-1->0->-1 [11] -1/-1/-1->0->1 [12] 1/-1/-1->0->-1 [13] 1/-1/-1->0->-1 [14] 1/-1/-1->0->-1 [15] -1/-1/-1->0->1 [16] 1/-1/-1->0->-1 [17] 1/-1/-1->0->-1 [18] 1/-1/-1->0->-1 [19] -1/-1/-1->0->1 [20] 1/-1/-1->0->-1 [21] 1/-1/-1->0->-1 [22] 1/-1/-1->0->-1 [23] -1/-1/-1->0->1 [24] 1/-1/-1->0->-1 [25] 1/-1/-1->0->-1 [26] 1/-1/-1->0->-1 [27] -1/-1/-1->0->1 [28] 1/-1/-1->0->-1 [29] 1/-1/-1->0->-1 [30] 1/-1/-1->0->-1 [31] -1/-1/-1->0->1 comm 0x55830f625260 nRanks 02 busId 9000
vcjob-2108088646234832897-abc12335-35908-worker-0:269:6753 [0] NCCL INFO P2P Chunksize set to 262144
vcjob-2108088646234832897-abc12335-35908-worker-0:269:6753 [0] NCCL INFO comm->autoPerPeerOn: 1, comm->p2pnChannels: 32, comm->p2pnChannelsPerPeer: 16
vcjob-2108088646234832897-abc12335-35908-worker-0:269:6753 [0] NCCL INFO Channel 00/0 : 0[9000] -> 1[77000] via P2P/IPC comm 0x55830f625260 nRanks 02
vcjob-2108088646234832897-abc12335-35908-worker-0:269:6753 [0] NCCL INFO Channel 01/0 : 0[9000] -> 1[77000] via P2P/IPC comm 0x55830f625260 nRanks 02
vcjob-2108088646234832897-abc12335-35908-worker-0:269:6753 [0] NCCL INFO Channel 02/0 : 0[9000] -> 1[77000] via P2P/IPC comm 0x55830f625260 nRanks 02
vcjob-2108088646234832897-abc12335-35908-worker-0:269:6753 [0] NCCL INFO Channel 03/0 : 0[9000] -> 1[77000] via P2P/IPC comm 0x55830f625260 nRanks 02
vcjob-2108088646234832897-abc12335-35908-worker-0:269:6753 [0] NCCL INFO Channel 04/0 : 0[9000] -> 1[77000] via P2P/IPC comm 0x55830f625260 nRanks 02
vcjob-2108088646234832897-abc12335-35908-worker-0:269:6753 [0] NCCL INFO Channel 05/0 : 0[9000] -> 1[77000] via P2P/IPC comm 0x55830f625260 nRanks 02
vcjob-2108088646234832897-abc12335-35908-worker-0:269:6753 [0] NCCL INFO Channel 06/0 : 0[9000] -> 1[77000] via P2P/IPC comm 0x55830f625260 nRanks 02
vcjob-2108088646234832897-abc12335-35908-worker-0:269:6753 [0] NCCL INFO Channel 07/0 : 0[9000] -> 1[77000] via P2P/IPC comm 0x55830f625260 nRanks 02
vcjob-2108088646234832897-abc12335-35908-worker-0:269:6753 [0] NCCL INFO Channel 08/0 : 0[9000] -> 1[77000] via P2P/IPC comm 0x55830f625260 nRanks 02
vcjob-2108088646234832897-abc12335-35908-worker-0:269:6753 [0] NCCL INFO Channel 09/0 : 0[9000] -> 1[77000] via P2P/IPC comm 0x55830f625260 nRanks 02
vcjob-2108088646234832897-abc12335-35908-worker-0:269:6753 [0] NCCL INFO Channel 10/0 : 0[9000] -> 1[77000] via P2P/IPC comm 0x55830f625260 nRanks 02
vcjob-2108088646234832897-abc12335-35908-worker-0:269:6753 [0] NCCL INFO Channel 11/0 : 0[9000] -> 1[77000] via P2P/IPC comm 0x55830f625260 nRanks 02
vcjob-2108088646234832897-abc12335-35908-worker-0:269:6753 [0] NCCL INFO Channel 12/0 : 0[9000] -> 1[77000] via P2P/IPC comm 0x55830f625260 nRanks 02
vcjob-2108088646234832897-abc12335-35908-worker-0:269:6753 [0] NCCL INFO Channel 13/0 : 0[9000] -> 1[77000] via P2P/IPC comm 0x55830f625260 nRanks 02
vcjob-2108088646234832897-abc12335-35908-worker-0:269:6753 [0] NCCL INFO Channel 14/0 : 0[9000] -> 1[77000] via P2P/IPC comm 0x55830f625260 nRanks 02
vcjob-2108088646234832897-abc12335-35908-worker-0:269:6753 [0] NCCL INFO Channel 15/0 : 0[9000] -> 1[77000] via P2P/IPC comm 0x55830f625260 nRanks 02
vcjob-2108088646234832897-abc12335-35908-worker-0:269:6753 [0] NCCL INFO Channel 16/0 : 0[9000] -> 1[77000] via P2P/IPC comm 0x55830f625260 nRanks 02
vcjob-2108088646234832897-abc12335-35908-worker-0:269:6753 [0] NCCL INFO Channel 17/0 : 0[9000] -> 1[77000] via P2P/IPC comm 0x55830f625260 nRanks 02
vcjob-2108088646234832897-abc12335-35908-worker-0:269:6753 [0] NCCL INFO Channel 18/0 : 0[9000] -> 1[77000] via P2P/IPC comm 0x55830f625260 nRanks 02
vcjob-2108088646234832897-abc12335-35908-worker-0:272:6754 [3] NCCL INFO Channel 00/0 : 1[77000] -> 0[9000] via P2P/IPC comm 0x55f9f347f980 nRanks 02
vcjob-2108088646234832897-abc12335-35908-worker-0:269:6753 [0] NCCL INFO Channel 19/0 : 0[9000] -> 1[77000] via P2P/IPC comm 0x55830f625260 nRanks 02
vcjob-2108088646234832897-abc12335-35908-worker-0:269:6753 [0] NCCL INFO Channel 20/0 : 0[9000] -> 1[77000] via P2P/IPC comm 0x55830f625260 nRanks 02
vcjob-2108088646234832897-abc12335-35908-worker-0:272:6754 [3] NCCL INFO Channel 01/0 : 1[77000] -> 0[9000] via P2P/IPC comm 0x55f9f347f980 nRanks 02
vcjob-2108088646234832897-abc12335-35908-worker-0:269:6753 [0] NCCL INFO Channel 21/0 : 0[9000] -> 1[77000] via P2P/IPC comm 0x55830f625260 nRanks 02
vcjob-2108088646234832897-abc12335-35908-worker-0:272:6754 [3] NCCL INFO Channel 02/0 : 1[77000] -> 0[9000] via P2P/IPC comm 0x55f9f347f980 nRanks 02
vcjob-2108088646234832897-abc12335-35908-worker-0:269:6753 [0] NCCL INFO Channel 22/0 : 0[9000] -> 1[77000] via P2P/IPC comm 0x55830f625260 nRanks 02
vcjob-2108088646234832897-abc12335-35908-worker-0:272:6754 [3] NCCL INFO Channel 03/0 : 1[77000] -> 0[9000] via P2P/IPC comm 0x55f9f347f980 nRanks 02
vcjob-2108088646234832897-abc12335-35908-worker-0:269:6753 [0] NCCL INFO Channel 23/0 : 0[9000] -> 1[77000] via P2P/IPC comm 0x55830f625260 nRanks 02
vcjob-2108088646234832897-abc12335-35908-worker-0:272:6754 [3] NCCL INFO Channel 04/0 : 1[77000] -> 0[9000] via P2P/IPC comm 0x55f9f347f980 nRanks 02
vcjob-2108088646234832897-abc12335-35908-worker-0:269:6753 [0] NCCL INFO Channel 24/0 : 0[9000] -> 1[77000] via P2P/IPC comm 0x55830f625260 nRanks 02
vcjob-2108088646234832897-abc12335-35908-worker-0:272:6754 [3] NCCL INFO Channel 05/0 : 1[77000] -> 0[9000] via P2P/IPC comm 0x55f9f347f980 nRanks 02
vcjob-2108088646234832897-abc12335-35908-worker-0:269:6753 [0] NCCL INFO Channel 25/0 : 0[9000] -> 1[77000] via P2P/IPC comm 0x55830f625260 nRanks 02
vcjob-2108088646234832897-abc12335-35908-worker-0:272:6754 [3] NCCL INFO Channel 06/0 : 1[77000] -> 0[9000] via P2P/IPC comm 0x55f9f347f980 nRanks 02
vcjob-2108088646234832897-abc12335-35908-worker-0:269:6753 [0] NCCL INFO Channel 26/0 : 0[9000] -> 1[77000] via P2P/IPC comm 0x55830f625260 nRanks 02
vcjob-2108088646234832897-abc12335-35908-worker-0:272:6754 [3] NCCL INFO Channel 07/0 : 1[77000] -> 0[9000] via P2P/IPC comm 0x55f9f347f980 nRanks 02
vcjob-2108088646234832897-abc12335-35908-worker-0:269:6753 [0] NCCL INFO Channel 27/0 : 0[9000] -> 1[77000] via P2P/IPC comm 0x55830f625260 nRanks 02
vcjob-2108088646234832897-abc12335-35908-worker-0:272:6754 [3] NCCL INFO Channel 08/0 : 1[77000] -> 0[9000] via P2P/IPC comm 0x55f9f347f980 nRanks 02
vcjob-2108088646234832897-abc12335-35908-worker-0:269:6753 [0] NCCL INFO Channel 28/0 : 0[9000] -> 1[77000] via P2P/IPC comm 0x55830f625260 nRanks 02
vcjob-2108088646234832897-abc12335-35908-worker-0:269:6753 [0] NCCL INFO Channel 29/0 : 0[9000] -> 1[77000] via P2P/IPC comm 0x55830f625260 nRanks 02
vcjob-2108088646234832897-abc12335-35908-worker-0:272:6754 [3] NCCL INFO Channel 09/0 : 1[77000] -> 0[9000] via P2P/IPC comm 0x55f9f347f980 nRanks 02
vcjob-2108088646234832897-abc12335-35908-worker-0:269:6753 [0] NCCL INFO Channel 30/0 : 0[9000] -> 1[77000] via P2P/IPC comm 0x55830f625260 nRanks 02
vcjob-2108088646234832897-abc12335-35908-worker-0:272:6754 [3] NCCL INFO Channel 10/0 : 1[77000] -> 0[9000] via P2P/IPC comm 0x55f9f347f980 nRanks 02
vcjob-2108088646234832897-abc12335-35908-worker-0:269:6753 [0] NCCL INFO Channel 31/0 : 0[9000] -> 1[77000] via P2P/IPC comm 0x55830f625260 nRanks 02
vcjob-2108088646234832897-abc12335-35908-worker-0:272:6754 [3] NCCL INFO Channel 11/0 : 1[77000] -> 0[9000] via P2P/IPC comm 0x55f9f347f980 nRanks 02
vcjob-2108088646234832897-abc12335-35908-worker-0:272:6754 [3] NCCL INFO Channel 12/0 : 1[77000] -> 0[9000] via P2P/IPC comm 0x55f9f347f980 nRanks 02
vcjob-2108088646234832897-abc12335-35908-worker-0:272:6754 [3] NCCL INFO Channel 13/0 : 1[77000] -> 0[9000] via P2P/IPC comm 0x55f9f347f980 nRanks 02
vcjob-2108088646234832897-abc12335-35908-worker-0:272:6754 [3] NCCL INFO Channel 14/0 : 1[77000] -> 0[9000] via P2P/IPC comm 0x55f9f347f980 nRanks 02
vcjob-2108088646234832897-abc12335-35908-worker-0:272:6754 [3] NCCL INFO Channel 15/0 : 1[77000] -> 0[9000] via P2P/IPC comm 0x55f9f347f980 nRanks 02
vcjob-2108088646234832897-abc12335-35908-worker-0:272:6754 [3] NCCL INFO Channel 16/0 : 1[77000] -> 0[9000] via P2P/IPC comm 0x55f9f347f980 nRanks 02
vcjob-2108088646234832897-abc12335-35908-worker-0:272:6754 [3] NCCL INFO Channel 17/0 : 1[77000] -> 0[9000] via P2P/IPC comm 0x55f9f347f980 nRanks 02
vcjob-2108088646234832897-abc12335-35908-worker-0:272:6754 [3] NCCL INFO Channel 18/0 : 1[77000] -> 0[9000] via P2P/IPC comm 0x55f9f347f980 nRanks 02
vcjob-2108088646234832897-abc12335-35908-worker-0:272:6754 [3] NCCL INFO Channel 19/0 : 1[77000] -> 0[9000] via P2P/IPC comm 0x55f9f347f980 nRanks 02
vcjob-2108088646234832897-abc12335-35908-worker-0:272:6754 [3] NCCL INFO Channel 20/0 : 1[77000] -> 0[9000] via P2P/IPC comm 0x55f9f347f980 nRanks 02
vcjob-2108088646234832897-abc12335-35908-worker-0:272:6754 [3] NCCL INFO Channel 21/0 : 1[77000] -> 0[9000] via P2P/IPC comm 0x55f9f347f980 nRanks 02
vcjob-2108088646234832897-abc12335-35908-worker-0:272:6754 [3] NCCL INFO Channel 22/0 : 1[77000] -> 0[9000] via P2P/IPC comm 0x55f9f347f980 nRanks 02
vcjob-2108088646234832897-abc12335-35908-worker-0:272:6754 [3] NCCL INFO Channel 23/0 : 1[77000] -> 0[9000] via P2P/IPC comm 0x55f9f347f980 nRanks 02
vcjob-2108088646234832897-abc12335-35908-worker-0:272:6754 [3] NCCL INFO Channel 24/0 : 1[77000] -> 0[9000] via P2P/IPC comm 0x55f9f347f980 nRanks 02
vcjob-2108088646234832897-abc12335-35908-worker-0:272:6754 [3] NCCL INFO Channel 25/0 : 1[77000] -> 0[9000] via P2P/IPC comm 0x55f9f347f980 nRanks 02
vcjob-2108088646234832897-abc12335-35908-worker-0:272:6754 [3] NCCL INFO Channel 26/0 : 1[77000] -> 0[9000] via P2P/IPC comm 0x55f9f347f980 nRanks 02
vcjob-2108088646234832897-abc12335-35908-worker-0:272:6754 [3] NCCL INFO Channel 27/0 : 1[77000] -> 0[9000] via P2P/IPC comm 0x55f9f347f980 nRanks 02
vcjob-2108088646234832897-abc12335-35908-worker-0:272:6754 [3] NCCL INFO Channel 28/0 : 1[77000] -> 0[9000] via P2P/IPC comm 0x55f9f347f980 nRanks 02
vcjob-2108088646234832897-abc12335-35908-worker-0:272:6754 [3] NCCL INFO Channel 29/0 : 1[77000] -> 0[9000] via P2P/IPC comm 0x55f9f347f980 nRanks 02
vcjob-2108088646234832897-abc12335-35908-worker-0:272:6754 [3] NCCL INFO Channel 30/0 : 1[77000] -> 0[9000] via P2P/IPC comm 0x55f9f347f980 nRanks 02
vcjob-2108088646234832897-abc12335-35908-worker-0:272:6754 [3] NCCL INFO Channel 31/0 : 1[77000] -> 0[9000] via P2P/IPC comm 0x55f9f347f980 nRanks 02
vcjob-2108088646234832897-abc12335-35908-worker-0:272:6754 [3] NCCL INFO Connected all rings
vcjob-2108088646234832897-abc12335-35908-worker-0:269:6753 [0] NCCL INFO Connected all rings
vcjob-2108088646234832897-abc12335-35908-worker-0:272:6754 [3] NCCL INFO Connected all trees
vcjob-2108088646234832897-abc12335-35908-worker-0:272:6754 [3] NCCL INFO threadThresholds 8/8/64 | 16/8/64 | 256 | 256
vcjob-2108088646234832897-abc12335-35908-worker-0:272:6754 [3] NCCL INFO 32 coll channels, 32 collnet channels, 0 nvls channels, 32 p2p channels, 16 p2p channels per peer
vcjob-2108088646234832897-abc12335-35908-worker-0:269:6753 [0] NCCL INFO Connected all trees
vcjob-2108088646234832897-abc12335-35908-worker-0:269:6753 [0] NCCL INFO threadThresholds 8/8/64 | 16/8/64 | 256 | 256
vcjob-2108088646234832897-abc12335-35908-worker-0:269:6753 [0] NCCL INFO 32 coll channels, 32 collnet channels, 0 nvls channels, 32 p2p channels, 16 p2p channels per peer
vcjob-2108088646234832897-abc12335-35908-worker-0:269:6753 [0] NCCL INFO CC Off, Multi-GPU CC Off, workFifoBytes 4194304
vcjob-2108088646234832897-abc12335-35908-worker-0:269:6753 [0] NCCL INFO ncclCommInitRank comm 0x55830f625260 rank 0 nranks 2 cudaDev 0 nvmlDev 0 busId 9000 commId 0x79362b54189d246e localSize 480 used 898205888 bytes on core 2 - Init COMPLETE
vcjob-2108088646234832897-abc12335-35908-worker-0:269:6753 [0] NCCL INFO Init timings: rank 0 nranks 2 total 0.36 (kernels 0.00, bootstrap 0.03, allgathers 0.01, topo 0.22, graphs 0.00, connections 0.09, rest 0.00)
vcjob-2108088646234832897-abc12335-35908-worker-0:272:6754 [3] NCCL INFO ncclCommInitRank comm 0x55f9f347f980 rank 1 nranks 2 cudaDev 3 nvmlDev 3 busId 77000 commId 0x79362b54189d246e localSize 480 used 444105696 bytes on core 16 - Init COMPLETE
vcjob-2108088646234832897-abc12335-35908-worker-0:272:6754 [3] NCCL INFO Init timings: rank 1 nranks 2 total 0.36 (kernels 0.00, bootstrap 0.03, allgathers 0.00, topo 0.23, graphs 0.00, connections 0.09, rest 0.00)
I1008 14:56:28.756781   272 ProcessGroupNCCL.cpp:2890] [PG ID 0 PG GUID 0(default_pg) Rank 3] NCCL_DEBUG: INFO
I1008 14:56:28.756824   269 ProcessGroupNCCL.cpp:2890] [PG ID 0 PG GUID 0(default_pg) Rank 0] NCCL_DEBUG: INFO
vcjob-2108088646234832897-abc12335-35908-worker-0:272:6759 [3] NCCL INFO Channel 01/1 : 1[77000] -> 0[9000] via P2P/IPC comm 0x55f9f347f980 nRanks 02
vcjob-2108088646234832897-abc12335-35908-worker-0:272:6759 [3] NCCL INFO Channel 03/1 : 1[77000] -> 0[9000] via P2P/IPC comm 0x55f9f347f980 nRanks 02
vcjob-2108088646234832897-abc12335-35908-worker-0:272:6759 [3] NCCL INFO Channel 05/1 : 1[77000] -> 0[9000] via P2P/IPC comm 0x55f9f347f980 nRanks 02
vcjob-2108088646234832897-abc12335-35908-worker-0:272:6759 [3] NCCL INFO Channel 07/1 : 1[77000] -> 0[9000] via P2P/IPC comm 0x55f9f347f980 nRanks 02
vcjob-2108088646234832897-abc12335-35908-worker-0:272:6759 [3] NCCL INFO Channel 09/1 : 1[77000] -> 0[9000] via P2P/IPC comm 0x55f9f347f980 nRanks 02
vcjob-2108088646234832897-abc12335-35908-worker-0:272:6759 [3] NCCL INFO Channel 11/1 : 1[77000] -> 0[9000] via P2P/IPC comm 0x55f9f347f980 nRanks 02
vcjob-2108088646234832897-abc12335-35908-worker-0:272:6759 [3] NCCL INFO Channel 13/1 : 1[77000] -> 0[9000] via P2P/IPC comm 0x55f9f347f980 nRanks 02
vcjob-2108088646234832897-abc12335-35908-worker-0:272:6759 [3] NCCL INFO Channel 15/1 : 1[77000] -> 0[9000] via P2P/IPC comm 0x55f9f347f980 nRanks 02
vcjob-2108088646234832897-abc12335-35908-worker-0:272:6759 [3] NCCL INFO Channel 17/1 : 1[77000] -> 0[9000] via P2P/IPC comm 0x55f9f347f980 nRanks 02
vcjob-2108088646234832897-abc12335-35908-worker-0:272:6759 [3] NCCL INFO Channel 19/1 : 1[77000] -> 0[9000] via P2P/IPC comm 0x55f9f347f980 nRanks 02
vcjob-2108088646234832897-abc12335-35908-worker-0:272:6759 [3] NCCL INFO Channel 21/1 : 1[77000] -> 0[9000] via P2P/IPC comm 0x55f9f347f980 nRanks 02
vcjob-2108088646234832897-abc12335-35908-worker-0:272:6759 [3] NCCL INFO Channel 23/1 : 1[77000] -> 0[9000] via P2P/IPC comm 0x55f9f347f980 nRanks 02
vcjob-2108088646234832897-abc12335-35908-worker-0:272:6759 [3] NCCL INFO Channel 25/1 : 1[77000] -> 0[9000] via P2P/IPC comm 0x55f9f347f980 nRanks 02
vcjob-2108088646234832897-abc12335-35908-worker-0:272:6759 [3] NCCL INFO Channel 27/1 : 1[77000] -> 0[9000] via P2P/IPC comm 0x55f9f347f980 nRanks 02
vcjob-2108088646234832897-abc12335-35908-worker-0:272:6759 [3] NCCL INFO Channel 29/1 : 1[77000] -> 0[9000] via P2P/IPC comm 0x55f9f347f980 nRanks 02
vcjob-2108088646234832897-abc12335-35908-worker-0:272:6759 [3] NCCL INFO Channel 31/1 : 1[77000] -> 0[9000] via P2P/IPC comm 0x55f9f347f980 nRanks 02

vcjob-2108088646234832897-abc12335-35908-worker-0:269:269 [0] /data/jenkins_workspace/workspace/rccl_release/build/hipify/src/init.cc:170 NCCL WARN NUMA auto balancing enabled which can lead to variability in the RCCL performance! Disable by "sudo sysctl kernel.numa_balancing=0"
vcjob-2108088646234832897-abc12335-35908-worker-0:269:269 [0] NCCL INFO Kernel version: 5.15.0-25-generic

vcjob-2108088646234832897-abc12335-35908-worker-0:269:269 [0] /data/jenkins_workspace/workspace/rccl_release/build/hipify/src/init.cc:191 NCCL WARN Missing "iommu=pt" from kernel command line which can lead to system instablity or hang!
I1008 14:56:28.795933   269 ProcessGroupNCCL.cpp:2857] [PG ID 0 PG GUID 0(default_pg) Rank 0] ProcessGroupNCCL broadcast unique ID through store took 0.104241 ms
I1008 14:56:28.795965   269 NCCLUtils.cpp:75] Rank 0: creating NCCL communicator with mode: blocking

vcjob-2108088646234832897-abc12335-35908-worker-0:269:269 [0] /data/jenkins_workspace/workspace/rccl_release/build/hipify/src/init.cc:170 NCCL WARN NUMA auto balancing enabled which can lead to variability in the RCCL performance! Disable by "sudo sysctl kernel.numa_balancing=0"
vcjob-2108088646234832897-abc12335-35908-worker-0:269:269 [0] NCCL INFO Kernel version: 5.15.0-25-generic

vcjob-2108088646234832897-abc12335-35908-worker-0:269:269 [0] /data/jenkins_workspace/workspace/rccl_release/build/hipify/src/init.cc:191 NCCL WARN Missing "iommu=pt" from kernel command line which can lead to system instablity or hang!
I1008 14:56:28.796175   273 ProcessGroupNCCL.cpp:2857] [PG ID 0 PG GUID 0(default_pg) Rank 4] ProcessGroupNCCL broadcast unique ID through store took 1216.42 ms
I1008 14:56:28.796291   273 NCCLUtils.cpp:75] Rank 1: creating NCCL communicator with mode: blocking

vcjob-2108088646234832897-abc12335-35908-worker-0:273:273 [4] /data/jenkins_workspace/workspace/rccl_release/build/hipify/src/init.cc:170 NCCL WARN NUMA auto balancing enabled which can lead to variability in the RCCL performance! Disable by "sudo sysctl kernel.numa_balancing=0"
vcjob-2108088646234832897-abc12335-35908-worker-0:273:273 [4] NCCL INFO Kernel version: 5.15.0-25-generic

vcjob-2108088646234832897-abc12335-35908-worker-0:273:273 [4] /data/jenkins_workspace/workspace/rccl_release/build/hipify/src/init.cc:191 NCCL WARN Missing "iommu=pt" from kernel command line which can lead to system instablity or hang!
vcjob-2108088646234832897-abc12335-35908-worker-0:273:273 [4] NCCL INFO Comm config Blocking set to 1
vcjob-2108088646234832897-abc12335-35908-worker-0:273:6762 [4] NCCL INFO Using network IBext_v8
vcjob-2108088646234832897-abc12335-35908-worker-0:273:6762 [4] NCCL INFO rocm_smi_lib: version 7.6.0.0
vcjob-2108088646234832897-abc12335-35908-worker-0:269:269 [0] NCCL INFO Comm config Blocking set to 1
vcjob-2108088646234832897-abc12335-35908-worker-0:269:6763 [0] NCCL INFO Using network IBext_v8
vcjob-2108088646234832897-abc12335-35908-worker-0:269:6763 [0] NCCL INFO rocm_smi_lib: version 7.6.0.0
vcjob-2108088646234832897-abc12335-35908-worker-0:269:6763 [0] NCCL INFO ncclCommInitRank comm 0x55830f6e0a40 rank 0 nranks 2 cudaDev 0 nvmlDev 0 busId 9000 commId 0x5f25dc393fe10030 - Init START
vcjob-2108088646234832897-abc12335-35908-worker-0:273:6762 [4] NCCL INFO ncclCommInitRank comm 0x55f6d0512460 rank 1 nranks 2 cudaDev 4 nvmlDev 4 busId 85000 commId 0x5f25dc393fe10030 - Init START
vcjob-2108088646234832897-abc12335-35908-worker-0:269:6763 [0] NCCL INFO rank:0 get match hsa dev domain:0x0 bdf:0x900 rank busId:0x36864
vcjob-2108088646234832897-abc12335-35908-worker-0:273:6762 [4] NCCL INFO rank:1 get match hsa dev domain:0x0 bdf:0x8500 rank busId:0x544768
vcjob-2108088646234832897-abc12335-35908-worker-0:269:6763 [0] NCCL INFO XDP Switch is off with xdp_size : 0
vcjob-2108088646234832897-abc12335-35908-worker-0:273:6762 [4] NCCL INFO XDP Switch is off with xdp_size : 0
vcjob-2108088646234832897-abc12335-35908-worker-0:269:6763 [0] NCCL INFO NCCL_TOPO_FILE set by environment to /root/private_data/second_hygon/phase4-arrival-heterogeneity/../rdma-shca/topo_lib/built-in-508-topo-input-tj-default.xml
vcjob-2108088646234832897-abc12335-35908-worker-0:273:6762 [4] NCCL INFO NCCL_TOPO_FILE set by environment to /root/private_data/second_hygon/phase4-arrival-heterogeneity/../rdma-shca/topo_lib/built-in-508-topo-input-tj-default.xml
vcjob-2108088646234832897-abc12335-35908-worker-0:269:6763 [0] NCCL INFO rocm_smi_lib: version 7.6.0.0
vcjob-2108088646234832897-abc12335-35908-worker-0:273:6762 [4] NCCL INFO rocm_smi_lib: version 7.6.0.0
vcjob-2108088646234832897-abc12335-35908-worker-0:269:6763 [0] NCCL INFO Setting affinity for GPU 0 to ffff
vcjob-2108088646234832897-abc12335-35908-worker-0:269:6763 [0] NCCL INFO Rank:0 Get link topo from rocmDev:0 linkNum:8 link:0 linkState:1 remote type:1 bdf:0x9b00 topoType:2
vcjob-2108088646234832897-abc12335-35908-worker-0:269:6763 [0] NCCL INFO Transport init rank 0 useXdp 0 linkTopoType 2
vcjob-2108088646234832897-abc12335-35908-worker-0:273:6762 [4] NCCL INFO Setting affinity for GPU 4 to ffff,00000000,00000000
vcjob-2108088646234832897-abc12335-35908-worker-0:273:6762 [4] NCCL INFO Rank:1 Get link topo from rocmDev:0 linkNum:8 link:0 linkState:1 remote type:1 bdf:0x9b00 topoType:2
vcjob-2108088646234832897-abc12335-35908-worker-0:273:6762 [4] NCCL INFO Transport init rank 1 useXdp 0 linkTopoType 2
vcjob-2108088646234832897-abc12335-35908-worker-0:269:6763 [0] NCCL INFO comm 0x55830f6e0a40 rank 0 nRanks 2 nNodes 1 localRanks 2 localRank 0 MNNVL 0
vcjob-2108088646234832897-abc12335-35908-worker-0:273:6762 [4] NCCL INFO comm 0x55f6d0512460 rank 1 nRanks 2 nNodes 1 localRanks 2 localRank 1 MNNVL 0
vcjob-2108088646234832897-abc12335-35908-worker-0:269:6763 [0] NCCL INFO Channel 00/32 :    0   1
vcjob-2108088646234832897-abc12335-35908-worker-0:269:6763 [0] NCCL INFO Channel 01/32 :    0   1
vcjob-2108088646234832897-abc12335-35908-worker-0:269:6763 [0] NCCL INFO Channel 02/32 :    0   1
vcjob-2108088646234832897-abc12335-35908-worker-0:269:6763 [0] NCCL INFO Channel 03/32 :    0   1
vcjob-2108088646234832897-abc12335-35908-worker-0:269:6763 [0] NCCL INFO Channel 04/32 :    0   1
vcjob-2108088646234832897-abc12335-35908-worker-0:269:6763 [0] NCCL INFO Channel 05/32 :    0   1
vcjob-2108088646234832897-abc12335-35908-worker-0:269:6763 [0] NCCL INFO Channel 06/32 :    0   1
vcjob-2108088646234832897-abc12335-35908-worker-0:273:6762 [4] NCCL INFO Trees [0] -1/-1/-1->1->0 [1] -1/-1/-1->1->0 [2] -1/-1/-1->1->0 [3] 0/-1/-1->1->-1 [4] -1/-1/-1->1->0 [5] -1/-1/-1->1->0 [6] -1/-1/-1->1->0 [7] 0/-1/-1->1->-1 [8] -1/-1/-1->1->0 [9] -1/-1/-1->1->0 [10] -1/-1/-1->1->0 [11] 0/-1/-1->1->-1 [12] -1/-1/-1->1->0 [13] -1/-1/-1->1->0 [14] -1/-1/-1->1->0 [15] 0/-1/-1->1->-1 [16] -1/-1/-1->1->0 [17] -1/-1/-1->1->0 [18] -1/-1/-1->1->0 [19] 0/-1/-1->1->-1 [20] -1/-1/-1->1->0 [21] -1/-1/-1->1->0 [22] -1/-1/-1->1->0 [23] 0/-1/-1->1->-1 [24] -1/-1/-1->1->0 [25] -1/-1/-1->1->0 [26] -1/-1/-1->1->0 [27] 0/-1/-1->1->-1 [28] -1/-1/-1->1->0 [29] -1/-1/-1->1->0 [30] -1/-1/-1->1->0 [31] 0/-1/-1->1->-1 comm 0x55f6d0512460 nRanks 02 busId 85000
vcjob-2108088646234832897-abc12335-35908-worker-0:269:6763 [0] NCCL INFO Channel 07/32 :    0   1
vcjob-2108088646234832897-abc12335-35908-worker-0:269:6763 [0] NCCL INFO Channel 08/32 :    0   1
vcjob-2108088646234832897-abc12335-35908-worker-0:273:6762 [4] NCCL INFO P2P Chunksize set to 262144
vcjob-2108088646234832897-abc12335-35908-worker-0:269:6763 [0] NCCL INFO Channel 09/32 :    0   1
vcjob-2108088646234832897-abc12335-35908-worker-0:273:6762 [4] NCCL INFO comm->autoPerPeerOn: 1, comm->p2pnChannels: 32, comm->p2pnChannelsPerPeer: 16
vcjob-2108088646234832897-abc12335-35908-worker-0:269:6763 [0] NCCL INFO Channel 10/32 :    0   1
vcjob-2108088646234832897-abc12335-35908-worker-0:269:6763 [0] NCCL INFO Channel 11/32 :    0   1
vcjob-2108088646234832897-abc12335-35908-worker-0:269:6763 [0] NCCL INFO Channel 12/32 :    0   1
vcjob-2108088646234832897-abc12335-35908-worker-0:269:6763 [0] NCCL INFO Channel 13/32 :    0   1
vcjob-2108088646234832897-abc12335-35908-worker-0:269:6763 [0] NCCL INFO Channel 14/32 :    0   1
vcjob-2108088646234832897-abc12335-35908-worker-0:269:6763 [0] NCCL INFO Channel 15/32 :    0   1
vcjob-2108088646234832897-abc12335-35908-worker-0:269:6763 [0] NCCL INFO Channel 16/32 :    0   1
vcjob-2108088646234832897-abc12335-35908-worker-0:269:6763 [0] NCCL INFO Channel 17/32 :    0   1
vcjob-2108088646234832897-abc12335-35908-worker-0:269:6763 [0] NCCL INFO Channel 18/32 :    0   1
vcjob-2108088646234832897-abc12335-35908-worker-0:269:6763 [0] NCCL INFO Channel 19/32 :    0   1
vcjob-2108088646234832897-abc12335-35908-worker-0:269:6763 [0] NCCL INFO Channel 20/32 :    0   1
vcjob-2108088646234832897-abc12335-35908-worker-0:269:6763 [0] NCCL INFO Channel 21/32 :    0   1
vcjob-2108088646234832897-abc12335-35908-worker-0:269:6763 [0] NCCL INFO Channel 22/32 :    0   1
vcjob-2108088646234832897-abc12335-35908-worker-0:269:6763 [0] NCCL INFO Channel 23/32 :    0   1
vcjob-2108088646234832897-abc12335-35908-worker-0:269:6763 [0] NCCL INFO Channel 24/32 :    0   1
vcjob-2108088646234832897-abc12335-35908-worker-0:269:6763 [0] NCCL INFO Channel 25/32 :    0   1
vcjob-2108088646234832897-abc12335-35908-worker-0:269:6763 [0] NCCL INFO Channel 26/32 :    0   1
vcjob-2108088646234832897-abc12335-35908-worker-0:269:6763 [0] NCCL INFO Channel 27/32 :    0   1
vcjob-2108088646234832897-abc12335-35908-worker-0:269:6763 [0] NCCL INFO Channel 28/32 :    0   1
vcjob-2108088646234832897-abc12335-35908-worker-0:269:6763 [0] NCCL INFO Channel 29/32 :    0   1
vcjob-2108088646234832897-abc12335-35908-worker-0:269:6763 [0] NCCL INFO Channel 30/32 :    0   1
vcjob-2108088646234832897-abc12335-35908-worker-0:269:6763 [0] NCCL INFO Channel 31/32 :    0   1
vcjob-2108088646234832897-abc12335-35908-worker-0:269:6763 [0] NCCL INFO Trees [0] 1/-1/-1->0->-1 [1] 1/-1/-1->0->-1 [2] 1/-1/-1->0->-1 [3] -1/-1/-1->0->1 [4] 1/-1/-1->0->-1 [5] 1/-1/-1->0->-1 [6] 1/-1/-1->0->-1 [7] -1/-1/-1->0->1 [8] 1/-1/-1->0->-1 [9] 1/-1/-1->0->-1 [10] 1/-1/-1->0->-1 [11] -1/-1/-1->0->1 [12] 1/-1/-1->0->-1 [13] 1/-1/-1->0->-1 [14] 1/-1/-1->0->-1 [15] -1/-1/-1->0->1 [16] 1/-1/-1->0->-1 [17] 1/-1/-1->0->-1 [18] 1/-1/-1->0->-1 [19] -1/-1/-1->0->1 [20] 1/-1/-1->0->-1 [21] 1/-1/-1->0->-1 [22] 1/-1/-1->0->-1 [23] -1/-1/-1->0->1 [24] 1/-1/-1->0->-1 [25] 1/-1/-1->0->-1 [26] 1/-1/-1->0->-1 [27] -1/-1/-1->0->1 [28] 1/-1/-1->0->-1 [29] 1/-1/-1->0->-1 [30] 1/-1/-1->0->-1 [31] -1/-1/-1->0->1 comm 0x55830f6e0a40 nRanks 02 busId 9000
vcjob-2108088646234832897-abc12335-35908-worker-0:269:6763 [0] NCCL INFO P2P Chunksize set to 262144
vcjob-2108088646234832897-abc12335-35908-worker-0:269:6763 [0] NCCL INFO comm->autoPerPeerOn: 1, comm->p2pnChannels: 32, comm->p2pnChannelsPerPeer: 16
vcjob-2108088646234832897-abc12335-35908-worker-0:269:6763 [0] NCCL INFO Channel 00/0 : 0[9000] -> 1[85000] via P2P/IPC comm 0x55830f6e0a40 nRanks 02
vcjob-2108088646234832897-abc12335-35908-worker-0:269:6763 [0] NCCL INFO Channel 01/0 : 0[9000] -> 1[85000] via P2P/IPC comm 0x55830f6e0a40 nRanks 02
vcjob-2108088646234832897-abc12335-35908-worker-0:269:6763 [0] NCCL INFO Channel 02/0 : 0[9000] -> 1[85000] via P2P/IPC comm 0x55830f6e0a40 nRanks 02
vcjob-2108088646234832897-abc12335-35908-worker-0:269:6763 [0] NCCL INFO Channel 03/0 : 0[9000] -> 1[85000] via P2P/IPC comm 0x55830f6e0a40 nRanks 02
vcjob-2108088646234832897-abc12335-35908-worker-0:269:6763 [0] NCCL INFO Channel 04/0 : 0[9000] -> 1[85000] via P2P/IPC comm 0x55830f6e0a40 nRanks 02
vcjob-2108088646234832897-abc12335-35908-worker-0:269:6763 [0] NCCL INFO Channel 05/0 : 0[9000] -> 1[85000] via P2P/IPC comm 0x55830f6e0a40 nRanks 02
vcjob-2108088646234832897-abc12335-35908-worker-0:269:6763 [0] NCCL INFO Channel 06/0 : 0[9000] -> 1[85000] via P2P/IPC comm 0x55830f6e0a40 nRanks 02
vcjob-2108088646234832897-abc12335-35908-worker-0:273:6762 [4] NCCL INFO Channel 00/0 : 1[85000] -> 0[9000] via P2P/IPC comm 0x55f6d0512460 nRanks 02
vcjob-2108088646234832897-abc12335-35908-worker-0:269:6763 [0] NCCL INFO Channel 07/0 : 0[9000] -> 1[85000] via P2P/IPC comm 0x55830f6e0a40 nRanks 02
vcjob-2108088646234832897-abc12335-35908-worker-0:273:6762 [4] NCCL INFO Channel 01/0 : 1[85000] -> 0[9000] via P2P/IPC comm 0x55f6d0512460 nRanks 02
vcjob-2108088646234832897-abc12335-35908-worker-0:269:6763 [0] NCCL INFO Channel 08/0 : 0[9000] -> 1[85000] via P2P/IPC comm 0x55830f6e0a40 nRanks 02
vcjob-2108088646234832897-abc12335-35908-worker-0:273:6762 [4] NCCL INFO Channel 02/0 : 1[85000] -> 0[9000] via P2P/IPC comm 0x55f6d0512460 nRanks 02
vcjob-2108088646234832897-abc12335-35908-worker-0:269:6763 [0] NCCL INFO Channel 09/0 : 0[9000] -> 1[85000] via P2P/IPC comm 0x55830f6e0a40 nRanks 02
vcjob-2108088646234832897-abc12335-35908-worker-0:273:6762 [4] NCCL INFO Channel 03/0 : 1[85000] -> 0[9000] via P2P/IPC comm 0x55f6d0512460 nRanks 02
vcjob-2108088646234832897-abc12335-35908-worker-0:269:6763 [0] NCCL INFO Channel 10/0 : 0[9000] -> 1[85000] via P2P/IPC comm 0x55830f6e0a40 nRanks 02
vcjob-2108088646234832897-abc12335-35908-worker-0:273:6762 [4] NCCL INFO Channel 04/0 : 1[85000] -> 0[9000] via P2P/IPC comm 0x55f6d0512460 nRanks 02
vcjob-2108088646234832897-abc12335-35908-worker-0:269:6763 [0] NCCL INFO Channel 11/0 : 0[9000] -> 1[85000] via P2P/IPC comm 0x55830f6e0a40 nRanks 02
vcjob-2108088646234832897-abc12335-35908-worker-0:273:6762 [4] NCCL INFO Channel 05/0 : 1[85000] -> 0[9000] via P2P/IPC comm 0x55f6d0512460 nRanks 02
vcjob-2108088646234832897-abc12335-35908-worker-0:269:6763 [0] NCCL INFO Channel 12/0 : 0[9000] -> 1[85000] via P2P/IPC comm 0x55830f6e0a40 nRanks 02
vcjob-2108088646234832897-abc12335-35908-worker-0:273:6762 [4] NCCL INFO Channel 06/0 : 1[85000] -> 0[9000] via P2P/IPC comm 0x55f6d0512460 nRanks 02
vcjob-2108088646234832897-abc12335-35908-worker-0:269:6763 [0] NCCL INFO Channel 13/0 : 0[9000] -> 1[85000] via P2P/IPC comm 0x55830f6e0a40 nRanks 02
vcjob-2108088646234832897-abc12335-35908-worker-0:273:6762 [4] NCCL INFO Channel 07/0 : 1[85000] -> 0[9000] via P2P/IPC comm 0x55f6d0512460 nRanks 02
vcjob-2108088646234832897-abc12335-35908-worker-0:269:6763 [0] NCCL INFO Channel 14/0 : 0[9000] -> 1[85000] via P2P/IPC comm 0x55830f6e0a40 nRanks 02
vcjob-2108088646234832897-abc12335-35908-worker-0:273:6762 [4] NCCL INFO Channel 08/0 : 1[85000] -> 0[9000] via P2P/IPC comm 0x55f6d0512460 nRanks 02
vcjob-2108088646234832897-abc12335-35908-worker-0:273:6762 [4] NCCL INFO Channel 09/0 : 1[85000] -> 0[9000] via P2P/IPC comm 0x55f6d0512460 nRanks 02
vcjob-2108088646234832897-abc12335-35908-worker-0:269:6763 [0] NCCL INFO Channel 15/0 : 0[9000] -> 1[85000] via P2P/IPC comm 0x55830f6e0a40 nRanks 02
vcjob-2108088646234832897-abc12335-35908-worker-0:273:6762 [4] NCCL INFO Channel 10/0 : 1[85000] -> 0[9000] via P2P/IPC comm 0x55f6d0512460 nRanks 02
vcjob-2108088646234832897-abc12335-35908-worker-0:269:6763 [0] NCCL INFO Channel 16/0 : 0[9000] -> 1[85000] via P2P/IPC comm 0x55830f6e0a40 nRanks 02
vcjob-2108088646234832897-abc12335-35908-worker-0:273:6762 [4] NCCL INFO Channel 11/0 : 1[85000] -> 0[9000] via P2P/IPC comm 0x55f6d0512460 nRanks 02
vcjob-2108088646234832897-abc12335-35908-worker-0:269:6763 [0] NCCL INFO Channel 17/0 : 0[9000] -> 1[85000] via P2P/IPC comm 0x55830f6e0a40 nRanks 02
vcjob-2108088646234832897-abc12335-35908-worker-0:273:6762 [4] NCCL INFO Channel 12/0 : 1[85000] -> 0[9000] via P2P/IPC comm 0x55f6d0512460 nRanks 02
vcjob-2108088646234832897-abc12335-35908-worker-0:269:6763 [0] NCCL INFO Channel 18/0 : 0[9000] -> 1[85000] via P2P/IPC comm 0x55830f6e0a40 nRanks 02
vcjob-2108088646234832897-abc12335-35908-worker-0:273:6762 [4] NCCL INFO Channel 13/0 : 1[85000] -> 0[9000] via P2P/IPC comm 0x55f6d0512460 nRanks 02
vcjob-2108088646234832897-abc12335-35908-worker-0:269:6763 [0] NCCL INFO Channel 19/0 : 0[9000] -> 1[85000] via P2P/IPC comm 0x55830f6e0a40 nRanks 02
vcjob-2108088646234832897-abc12335-35908-worker-0:273:6762 [4] NCCL INFO Channel 14/0 : 1[85000] -> 0[9000] via P2P/IPC comm 0x55f6d0512460 nRanks 02
vcjob-2108088646234832897-abc12335-35908-worker-0:269:6763 [0] NCCL INFO Channel 20/0 : 0[9000] -> 1[85000] via P2P/IPC comm 0x55830f6e0a40 nRanks 02
vcjob-2108088646234832897-abc12335-35908-worker-0:273:6762 [4] NCCL INFO Channel 15/0 : 1[85000] -> 0[9000] via P2P/IPC comm 0x55f6d0512460 nRanks 02
vcjob-2108088646234832897-abc12335-35908-worker-0:269:6763 [0] NCCL INFO Channel 21/0 : 0[9000] -> 1[85000] via P2P/IPC comm 0x55830f6e0a40 nRanks 02
vcjob-2108088646234832897-abc12335-35908-worker-0:273:6762 [4] NCCL INFO Channel 16/0 : 1[85000] -> 0[9000] via P2P/IPC comm 0x55f6d0512460 nRanks 02
vcjob-2108088646234832897-abc12335-35908-worker-0:269:6763 [0] NCCL INFO Channel 22/0 : 0[9000] -> 1[85000] via P2P/IPC comm 0x55830f6e0a40 nRanks 02
vcjob-2108088646234832897-abc12335-35908-worker-0:273:6762 [4] NCCL INFO Channel 17/0 : 1[85000] -> 0[9000] via P2P/IPC comm 0x55f6d0512460 nRanks 02
vcjob-2108088646234832897-abc12335-35908-worker-0:269:6763 [0] NCCL INFO Channel 23/0 : 0[9000] -> 1[85000] via P2P/IPC comm 0x55830f6e0a40 nRanks 02
vcjob-2108088646234832897-abc12335-35908-worker-0:273:6762 [4] NCCL INFO Channel 18/0 : 1[85000] -> 0[9000] via P2P/IPC comm 0x55f6d0512460 nRanks 02
vcjob-2108088646234832897-abc12335-35908-worker-0:269:6763 [0] NCCL INFO Channel 24/0 : 0[9000] -> 1[85000] via P2P/IPC comm 0x55830f6e0a40 nRanks 02
vcjob-2108088646234832897-abc12335-35908-worker-0:273:6762 [4] NCCL INFO Channel 19/0 : 1[85000] -> 0[9000] via P2P/IPC comm 0x55f6d0512460 nRanks 02
vcjob-2108088646234832897-abc12335-35908-worker-0:269:6763 [0] NCCL INFO Channel 25/0 : 0[9000] -> 1[85000] via P2P/IPC comm 0x55830f6e0a40 nRanks 02
vcjob-2108088646234832897-abc12335-35908-worker-0:273:6762 [4] NCCL INFO Channel 20/0 : 1[85000] -> 0[9000] via P2P/IPC comm 0x55f6d0512460 nRanks 02
vcjob-2108088646234832897-abc12335-35908-worker-0:269:6763 [0] NCCL INFO Channel 26/0 : 0[9000] -> 1[85000] via P2P/IPC comm 0x55830f6e0a40 nRanks 02
vcjob-2108088646234832897-abc12335-35908-worker-0:273:6762 [4] NCCL INFO Channel 21/0 : 1[85000] -> 0[9000] via P2P/IPC comm 0x55f6d0512460 nRanks 02
vcjob-2108088646234832897-abc12335-35908-worker-0:273:6762 [4] NCCL INFO Channel 22/0 : 1[85000] -> 0[9000] via P2P/IPC comm 0x55f6d0512460 nRanks 02
vcjob-2108088646234832897-abc12335-35908-worker-0:269:6763 [0] NCCL INFO Channel 27/0 : 0[9000] -> 1[85000] via P2P/IPC comm 0x55830f6e0a40 nRanks 02
vcjob-2108088646234832897-abc12335-35908-worker-0:273:6762 [4] NCCL INFO Channel 23/0 : 1[85000] -> 0[9000] via P2P/IPC comm 0x55f6d0512460 nRanks 02
vcjob-2108088646234832897-abc12335-35908-worker-0:269:6763 [0] NCCL INFO Channel 28/0 : 0[9000] -> 1[85000] via P2P/IPC comm 0x55830f6e0a40 nRanks 02
vcjob-2108088646234832897-abc12335-35908-worker-0:273:6762 [4] NCCL INFO Channel 24/0 : 1[85000] -> 0[9000] via P2P/IPC comm 0x55f6d0512460 nRanks 02
vcjob-2108088646234832897-abc12335-35908-worker-0:269:6763 [0] NCCL INFO Channel 29/0 : 0[9000] -> 1[85000] via P2P/IPC comm 0x55830f6e0a40 nRanks 02
vcjob-2108088646234832897-abc12335-35908-worker-0:273:6762 [4] NCCL INFO Channel 25/0 : 1[85000] -> 0[9000] via P2P/IPC comm 0x55f6d0512460 nRanks 02
vcjob-2108088646234832897-abc12335-35908-worker-0:269:6763 [0] NCCL INFO Channel 30/0 : 0[9000] -> 1[85000] via P2P/IPC comm 0x55830f6e0a40 nRanks 02
vcjob-2108088646234832897-abc12335-35908-worker-0:273:6762 [4] NCCL INFO Channel 26/0 : 1[85000] -> 0[9000] via P2P/IPC comm 0x55f6d0512460 nRanks 02
vcjob-2108088646234832897-abc12335-35908-worker-0:269:6763 [0] NCCL INFO Channel 31/0 : 0[9000] -> 1[85000] via P2P/IPC comm 0x55830f6e0a40 nRanks 02
vcjob-2108088646234832897-abc12335-35908-worker-0:273:6762 [4] NCCL INFO Channel 27/0 : 1[85000] -> 0[9000] via P2P/IPC comm 0x55f6d0512460 nRanks 02
vcjob-2108088646234832897-abc12335-35908-worker-0:273:6762 [4] NCCL INFO Channel 28/0 : 1[85000] -> 0[9000] via P2P/IPC comm 0x55f6d0512460 nRanks 02
vcjob-2108088646234832897-abc12335-35908-worker-0:273:6762 [4] NCCL INFO Channel 29/0 : 1[85000] -> 0[9000] via P2P/IPC comm 0x55f6d0512460 nRanks 02
vcjob-2108088646234832897-abc12335-35908-worker-0:273:6762 [4] NCCL INFO Channel 30/0 : 1[85000] -> 0[9000] via P2P/IPC comm 0x55f6d0512460 nRanks 02
vcjob-2108088646234832897-abc12335-35908-worker-0:273:6762 [4] NCCL INFO Channel 31/0 : 1[85000] -> 0[9000] via P2P/IPC comm 0x55f6d0512460 nRanks 02
vcjob-2108088646234832897-abc12335-35908-worker-0:273:6762 [4] NCCL INFO Connected all rings
vcjob-2108088646234832897-abc12335-35908-worker-0:269:6763 [0] NCCL INFO Connected all rings
vcjob-2108088646234832897-abc12335-35908-worker-0:273:6762 [4] NCCL INFO Connected all trees
vcjob-2108088646234832897-abc12335-35908-worker-0:269:6763 [0] NCCL INFO Connected all trees
vcjob-2108088646234832897-abc12335-35908-worker-0:273:6762 [4] NCCL INFO threadThresholds 8/8/64 | 16/8/64 | 256 | 256
vcjob-2108088646234832897-abc12335-35908-worker-0:273:6762 [4] NCCL INFO 32 coll channels, 32 collnet channels, 0 nvls channels, 32 p2p channels, 16 p2p channels per peer
vcjob-2108088646234832897-abc12335-35908-worker-0:269:6763 [0] NCCL INFO threadThresholds 8/8/64 | 16/8/64 | 256 | 256
vcjob-2108088646234832897-abc12335-35908-worker-0:269:6763 [0] NCCL INFO 32 coll channels, 32 collnet channels, 0 nvls channels, 32 p2p channels, 16 p2p channels per peer
vcjob-2108088646234832897-abc12335-35908-worker-0:269:6763 [0] NCCL INFO CC Off, Multi-GPU CC Off, workFifoBytes 4194304
vcjob-2108088646234832897-abc12335-35908-worker-0:269:6763 [0] NCCL INFO ncclCommInitRank comm 0x55830f6e0a40 rank 0 nranks 2 cudaDev 0 nvmlDev 0 busId 9000 commId 0x5f25dc393fe10030 localSize 480 used 1101417264 bytes on core 0 - Init COMPLETE
vcjob-2108088646234832897-abc12335-35908-worker-0:269:6763 [0] NCCL INFO Init timings: rank 0 nranks 2 total 0.40 (kernels 0.00, bootstrap 0.08, allgathers 0.00, topo 0.23, graphs 0.00, connections 0.08, rest 0.00)
vcjob-2108088646234832897-abc12335-35908-worker-0:273:6762 [4] NCCL INFO ncclCommInitRank comm 0x55f6d0512460 rank 1 nranks 2 cudaDev 4 nvmlDev 4 busId 85000 commId 0x5f25dc393fe10030 localSize 480 used 491783136 bytes on core 64 - Init COMPLETE
vcjob-2108088646234832897-abc12335-35908-worker-0:273:6762 [4] NCCL INFO Init timings: rank 1 nranks 2 total 0.40 (kernels 0.00, bootstrap 0.08, allgathers 0.00, topo 0.23, graphs 0.00, connections 0.08, rest 0.00)
I1008 14:56:29.195166   269 ProcessGroupNCCL.cpp:2890] [PG ID 0 PG GUID 0(default_pg) Rank 0] NCCL_DEBUG: INFO
I1008 14:56:29.195212   273 ProcessGroupNCCL.cpp:2890] [PG ID 0 PG GUID 0(default_pg) Rank 4] NCCL_DEBUG: INFO
vcjob-2108088646234832897-abc12335-35908-worker-0:273:6769 [4] NCCL INFO Channel 01/1 : 1[85000] -> 0[9000] via P2P/IPC comm 0x55f6d0512460 nRanks 02
vcjob-2108088646234832897-abc12335-35908-worker-0:273:6769 [4] NCCL INFO Channel 03/1 : 1[85000] -> 0[9000] via P2P/IPC comm 0x55f6d0512460 nRanks 02
vcjob-2108088646234832897-abc12335-35908-worker-0:273:6769 [4] NCCL INFO Channel 05/1 : 1[85000] -> 0[9000] via P2P/IPC comm 0x55f6d0512460 nRanks 02
vcjob-2108088646234832897-abc12335-35908-worker-0:273:6769 [4] NCCL INFO Channel 07/1 : 1[85000] -> 0[9000] via P2P/IPC comm 0x55f6d0512460 nRanks 02
vcjob-2108088646234832897-abc12335-35908-worker-0:273:6769 [4] NCCL INFO Channel 09/1 : 1[85000] -> 0[9000] via P2P/IPC comm 0x55f6d0512460 nRanks 02
vcjob-2108088646234832897-abc12335-35908-worker-0:273:6769 [4] NCCL INFO Channel 11/1 : 1[85000] -> 0[9000] via P2P/IPC comm 0x55f6d0512460 nRanks 02
vcjob-2108088646234832897-abc12335-35908-worker-0:273:6769 [4] NCCL INFO Channel 13/1 : 1[85000] -> 0[9000] via P2P/IPC comm 0x55f6d0512460 nRanks 02
vcjob-2108088646234832897-abc12335-35908-worker-0:273:6769 [4] NCCL INFO Channel 15/1 : 1[85000] -> 0[9000] via P2P/IPC comm 0x55f6d0512460 nRanks 02
vcjob-2108088646234832897-abc12335-35908-worker-0:273:6769 [4] NCCL INFO Channel 17/1 : 1[85000] -> 0[9000] via P2P/IPC comm 0x55f6d0512460 nRanks 02
vcjob-2108088646234832897-abc12335-35908-worker-0:273:6769 [4] NCCL INFO Channel 19/1 : 1[85000] -> 0[9000] via P2P/IPC comm 0x55f6d0512460 nRanks 02
vcjob-2108088646234832897-abc12335-35908-worker-0:273:6769 [4] NCCL INFO Channel 21/1 : 1[85000] -> 0[9000] via P2P/IPC comm 0x55f6d0512460 nRanks 02
vcjob-2108088646234832897-abc12335-35908-worker-0:273:6769 [4] NCCL INFO Channel 23/1 : 1[85000] -> 0[9000] via P2P/IPC comm 0x55f6d0512460 nRanks 02
vcjob-2108088646234832897-abc12335-35908-worker-0:273:6769 [4] NCCL INFO Channel 25/1 : 1[85000] -> 0[9000] via P2P/IPC comm 0x55f6d0512460 nRanks 02
vcjob-2108088646234832897-abc12335-35908-worker-0:273:6769 [4] NCCL INFO Channel 27/1 : 1[85000] -> 0[9000] via P2P/IPC comm 0x55f6d0512460 nRanks 02
vcjob-2108088646234832897-abc12335-35908-worker-0:273:6769 [4] NCCL INFO Channel 29/1 : 1[85000] -> 0[9000] via P2P/IPC comm 0x55f6d0512460 nRanks 02
vcjob-2108088646234832897-abc12335-35908-worker-0:273:6769 [4] NCCL INFO Channel 31/1 : 1[85000] -> 0[9000] via P2P/IPC comm 0x55f6d0512460 nRanks 02

vcjob-2108088646234832897-abc12335-35908-worker-0:269:269 [0] /data/jenkins_workspace/workspace/rccl_release/build/hipify/src/init.cc:170 NCCL WARN NUMA auto balancing enabled which can lead to variability in the RCCL performance! Disable by "sudo sysctl kernel.numa_balancing=0"
vcjob-2108088646234832897-abc12335-35908-worker-0:269:269 [0] NCCL INFO Kernel version: 5.15.0-25-generic

vcjob-2108088646234832897-abc12335-35908-worker-0:269:269 [0] /data/jenkins_workspace/workspace/rccl_release/build/hipify/src/init.cc:191 NCCL WARN Missing "iommu=pt" from kernel command line which can lead to system instablity or hang!
I1008 14:56:29.230634   269 ProcessGroupNCCL.cpp:2857] [PG ID 0 PG GUID 0(default_pg) Rank 0] ProcessGroupNCCL broadcast unique ID through store took 0.10305 ms
I1008 14:56:29.230667   269 NCCLUtils.cpp:75] Rank 0: creating NCCL communicator with mode: blocking

vcjob-2108088646234832897-abc12335-35908-worker-0:269:269 [0] /data/jenkins_workspace/workspace/rccl_release/build/hipify/src/init.cc:170 NCCL WARN NUMA auto balancing enabled which can lead to variability in the RCCL performance! Disable by "sudo sysctl kernel.numa_balancing=0"
vcjob-2108088646234832897-abc12335-35908-worker-0:269:269 [0] NCCL INFO Kernel version: 5.15.0-25-generic

vcjob-2108088646234832897-abc12335-35908-worker-0:269:269 [0] /data/jenkins_workspace/workspace/rccl_release/build/hipify/src/init.cc:191 NCCL WARN Missing "iommu=pt" from kernel command line which can lead to system instablity or hang!
I1008 14:56:29.230896   274 ProcessGroupNCCL.cpp:2857] [PG ID 0 PG GUID 0(default_pg) Rank 5] ProcessGroupNCCL broadcast unique ID through store took 1651.28 ms
I1008 14:56:29.231045   274 NCCLUtils.cpp:75] Rank 1: creating NCCL communicator with mode: blocking

vcjob-2108088646234832897-abc12335-35908-worker-0:274:274 [5] /data/jenkins_workspace/workspace/rccl_release/build/hipify/src/init.cc:170 NCCL WARN NUMA auto balancing enabled which can lead to variability in the RCCL performance! Disable by "sudo sysctl kernel.numa_balancing=0"
vcjob-2108088646234832897-abc12335-35908-worker-0:274:274 [5] NCCL INFO Kernel version: 5.15.0-25-generic

vcjob-2108088646234832897-abc12335-35908-worker-0:274:274 [5] /data/jenkins_workspace/workspace/rccl_release/build/hipify/src/init.cc:191 NCCL WARN Missing "iommu=pt" from kernel command line which can lead to system instablity or hang!
vcjob-2108088646234832897-abc12335-35908-worker-0:269:269 [0] NCCL INFO Comm config Blocking set to 1
vcjob-2108088646234832897-abc12335-35908-worker-0:269:6771 [0] NCCL INFO Using network IBext_v8
vcjob-2108088646234832897-abc12335-35908-worker-0:269:6771 [0] NCCL INFO rocm_smi_lib: version 7.6.0.0
vcjob-2108088646234832897-abc12335-35908-worker-0:274:274 [5] NCCL INFO Comm config Blocking set to 1
vcjob-2108088646234832897-abc12335-35908-worker-0:274:6772 [5] NCCL INFO Using network IBext_v8
vcjob-2108088646234832897-abc12335-35908-worker-0:274:6772 [5] NCCL INFO rocm_smi_lib: version 7.6.0.0
vcjob-2108088646234832897-abc12335-35908-worker-0:274:6772 [5] NCCL INFO ncclCommInitRank comm 0x5643622110d0 rank 1 nranks 2 cudaDev 5 nvmlDev 5 busId b5000 commId 0xe15db306a4f572c8 - Init START
vcjob-2108088646234832897-abc12335-35908-worker-0:269:6771 [0] NCCL INFO ncclCommInitRank comm 0x55830f79c220 rank 0 nranks 2 cudaDev 0 nvmlDev 0 busId 9000 commId 0xe15db306a4f572c8 - Init START
vcjob-2108088646234832897-abc12335-35908-worker-0:274:6772 [5] NCCL INFO rank:1 get match hsa dev domain:0x0 bdf:0xb500 rank busId:0x741376
vcjob-2108088646234832897-abc12335-35908-worker-0:269:6771 [0] NCCL INFO rank:0 get match hsa dev domain:0x0 bdf:0x900 rank busId:0x36864
vcjob-2108088646234832897-abc12335-35908-worker-0:274:6772 [5] NCCL INFO XDP Switch is off with xdp_size : 0
vcjob-2108088646234832897-abc12335-35908-worker-0:269:6771 [0] NCCL INFO XDP Switch is off with xdp_size : 0
vcjob-2108088646234832897-abc12335-35908-worker-0:274:6772 [5] NCCL INFO NCCL_TOPO_FILE set by environment to /root/private_data/second_hygon/phase4-arrival-heterogeneity/../rdma-shca/topo_lib/built-in-508-topo-input-tj-default.xml
vcjob-2108088646234832897-abc12335-35908-worker-0:269:6771 [0] NCCL INFO NCCL_TOPO_FILE set by environment to /root/private_data/second_hygon/phase4-arrival-heterogeneity/../rdma-shca/topo_lib/built-in-508-topo-input-tj-default.xml
vcjob-2108088646234832897-abc12335-35908-worker-0:274:6772 [5] NCCL INFO rocm_smi_lib: version 7.6.0.0
vcjob-2108088646234832897-abc12335-35908-worker-0:269:6771 [0] NCCL INFO rocm_smi_lib: version 7.6.0.0
vcjob-2108088646234832897-abc12335-35908-worker-0:274:6772 [5] NCCL INFO Setting affinity for GPU 5 to ffff0000,00000000,00000000
vcjob-2108088646234832897-abc12335-35908-worker-0:274:6772 [5] NCCL INFO Rank:1 Get link topo from rocmDev:0 linkNum:8 link:0 linkState:1 remote type:1 bdf:0x9b00 topoType:2
vcjob-2108088646234832897-abc12335-35908-worker-0:274:6772 [5] NCCL INFO Transport init rank 1 useXdp 0 linkTopoType 2
vcjob-2108088646234832897-abc12335-35908-worker-0:269:6771 [0] NCCL INFO Setting affinity for GPU 0 to ffff
vcjob-2108088646234832897-abc12335-35908-worker-0:269:6771 [0] NCCL INFO Rank:0 Get link topo from rocmDev:0 linkNum:8 link:0 linkState:1 remote type:1 bdf:0x9b00 topoType:2
vcjob-2108088646234832897-abc12335-35908-worker-0:269:6771 [0] NCCL INFO Transport init rank 0 useXdp 0 linkTopoType 2
vcjob-2108088646234832897-abc12335-35908-worker-0:269:6771 [0] NCCL INFO comm 0x55830f79c220 rank 0 nRanks 2 nNodes 1 localRanks 2 localRank 0 MNNVL 0
vcjob-2108088646234832897-abc12335-35908-worker-0:269:6771 [0] NCCL INFO Channel 00/32 :    0   1
vcjob-2108088646234832897-abc12335-35908-worker-0:269:6771 [0] NCCL INFO Channel 01/32 :    0   1
vcjob-2108088646234832897-abc12335-35908-worker-0:269:6771 [0] NCCL INFO Channel 02/32 :    0   1
vcjob-2108088646234832897-abc12335-35908-worker-0:269:6771 [0] NCCL INFO Channel 03/32 :    0   1
vcjob-2108088646234832897-abc12335-35908-worker-0:274:6772 [5] NCCL INFO comm 0x5643622110d0 rank 1 nRanks 2 nNodes 1 localRanks 2 localRank 1 MNNVL 0
vcjob-2108088646234832897-abc12335-35908-worker-0:269:6771 [0] NCCL INFO Channel 04/32 :    0   1
vcjob-2108088646234832897-abc12335-35908-worker-0:269:6771 [0] NCCL INFO Channel 05/32 :    0   1
vcjob-2108088646234832897-abc12335-35908-worker-0:269:6771 [0] NCCL INFO Channel 06/32 :    0   1
vcjob-2108088646234832897-abc12335-35908-worker-0:269:6771 [0] NCCL INFO Channel 07/32 :    0   1
vcjob-2108088646234832897-abc12335-35908-worker-0:269:6771 [0] NCCL INFO Channel 08/32 :    0   1
vcjob-2108088646234832897-abc12335-35908-worker-0:269:6771 [0] NCCL INFO Channel 09/32 :    0   1
vcjob-2108088646234832897-abc12335-35908-worker-0:269:6771 [0] NCCL INFO Channel 10/32 :    0   1
vcjob-2108088646234832897-abc12335-35908-worker-0:269:6771 [0] NCCL INFO Channel 11/32 :    0   1
vcjob-2108088646234832897-abc12335-35908-worker-0:269:6771 [0] NCCL INFO Channel 12/32 :    0   1
vcjob-2108088646234832897-abc12335-35908-worker-0:269:6771 [0] NCCL INFO Channel 13/32 :    0   1
vcjob-2108088646234832897-abc12335-35908-worker-0:269:6771 [0] NCCL INFO Channel 14/32 :    0   1
vcjob-2108088646234832897-abc12335-35908-worker-0:269:6771 [0] NCCL INFO Channel 15/32 :    0   1
vcjob-2108088646234832897-abc12335-35908-worker-0:269:6771 [0] NCCL INFO Channel 16/32 :    0   1
vcjob-2108088646234832897-abc12335-35908-worker-0:269:6771 [0] NCCL INFO Channel 17/32 :    0   1
vcjob-2108088646234832897-abc12335-35908-worker-0:269:6771 [0] NCCL INFO Channel 18/32 :    0   1
vcjob-2108088646234832897-abc12335-35908-worker-0:269:6771 [0] NCCL INFO Channel 19/32 :    0   1
vcjob-2108088646234832897-abc12335-35908-worker-0:269:6771 [0] NCCL INFO Channel 20/32 :    0   1
vcjob-2108088646234832897-abc12335-35908-worker-0:269:6771 [0] NCCL INFO Channel 21/32 :    0   1
vcjob-2108088646234832897-abc12335-35908-worker-0:269:6771 [0] NCCL INFO Channel 22/32 :    0   1
vcjob-2108088646234832897-abc12335-35908-worker-0:269:6771 [0] NCCL INFO Channel 23/32 :    0   1
vcjob-2108088646234832897-abc12335-35908-worker-0:269:6771 [0] NCCL INFO Channel 24/32 :    0   1
vcjob-2108088646234832897-abc12335-35908-worker-0:269:6771 [0] NCCL INFO Channel 25/32 :    0   1
vcjob-2108088646234832897-abc12335-35908-worker-0:274:6772 [5] NCCL INFO Trees [0] -1/-1/-1->1->0 [1] -1/-1/-1->1->0 [2] -1/-1/-1->1->0 [3] 0/-1/-1->1->-1 [4] -1/-1/-1->1->0 [5] -1/-1/-1->1->0 [6] -1/-1/-1->1->0 [7] 0/-1/-1->1->-1 [8] -1/-1/-1->1->0 [9] -1/-1/-1->1->0 [10] -1/-1/-1->1->0 [11] 0/-1/-1->1->-1 [12] -1/-1/-1->1->0 [13] -1/-1/-1->1->0 [14] -1/-1/-1->1->0 [15] 0/-1/-1->1->-1 [16] -1/-1/-1->1->0 [17] -1/-1/-1->1->0 [18] -1/-1/-1->1->0 [19] 0/-1/-1->1->-1 [20] -1/-1/-1->1->0 [21] -1/-1/-1->1->0 [22] -1/-1/-1->1->0 [23] 0/-1/-1->1->-1 [24] -1/-1/-1->1->0 [25] -1/-1/-1->1->0 [26] -1/-1/-1->1->0 [27] 0/-1/-1->1->-1 [28] -1/-1/-1->1->0 [29] -1/-1/-1->1->0 [30] -1/-1/-1->1->0 [31] 0/-1/-1->1->-1 comm 0x5643622110d0 nRanks 02 busId b5000
vcjob-2108088646234832897-abc12335-35908-worker-0:269:6771 [0] NCCL INFO Channel 26/32 :    0   1
vcjob-2108088646234832897-abc12335-35908-worker-0:269:6771 [0] NCCL INFO Channel 27/32 :    0   1
vcjob-2108088646234832897-abc12335-35908-worker-0:269:6771 [0] NCCL INFO Channel 28/32 :    0   1
vcjob-2108088646234832897-abc12335-35908-worker-0:269:6771 [0] NCCL INFO Channel 29/32 :    0   1
vcjob-2108088646234832897-abc12335-35908-worker-0:269:6771 [0] NCCL INFO Channel 30/32 :    0   1
vcjob-2108088646234832897-abc12335-35908-worker-0:269:6771 [0] NCCL INFO Channel 31/32 :    0   1
vcjob-2108088646234832897-abc12335-35908-worker-0:274:6772 [5] NCCL INFO P2P Chunksize set to 262144
vcjob-2108088646234832897-abc12335-35908-worker-0:274:6772 [5] NCCL INFO comm->autoPerPeerOn: 1, comm->p2pnChannels: 32, comm->p2pnChannelsPerPeer: 16
vcjob-2108088646234832897-abc12335-35908-worker-0:269:6771 [0] NCCL INFO Trees [0] 1/-1/-1->0->-1 [1] 1/-1/-1->0->-1 [2] 1/-1/-1->0->-1 [3] -1/-1/-1->0->1 [4] 1/-1/-1->0->-1 [5] 1/-1/-1->0->-1 [6] 1/-1/-1->0->-1 [7] -1/-1/-1->0->1 [8] 1/-1/-1->0->-1 [9] 1/-1/-1->0->-1 [10] 1/-1/-1->0->-1 [11] -1/-1/-1->0->1 [12] 1/-1/-1->0->-1 [13] 1/-1/-1->0->-1 [14] 1/-1/-1->0->-1 [15] -1/-1/-1->0->1 [16] 1/-1/-1->0->-1 [17] 1/-1/-1->0->-1 [18] 1/-1/-1->0->-1 [19] -1/-1/-1->0->1 [20] 1/-1/-1->0->-1 [21] 1/-1/-1->0->-1 [22] 1/-1/-1->0->-1 [23] -1/-1/-1->0->1 [24] 1/-1/-1->0->-1 [25] 1/-1/-1->0->-1 [26] 1/-1/-1->0->-1 [27] -1/-1/-1->0->1 [28] 1/-1/-1->0->-1 [29] 1/-1/-1->0->-1 [30] 1/-1/-1->0->-1 [31] -1/-1/-1->0->1 comm 0x55830f79c220 nRanks 02 busId 9000
vcjob-2108088646234832897-abc12335-35908-worker-0:269:6771 [0] NCCL INFO P2P Chunksize set to 262144
vcjob-2108088646234832897-abc12335-35908-worker-0:269:6771 [0] NCCL INFO comm->autoPerPeerOn: 1, comm->p2pnChannels: 32, comm->p2pnChannelsPerPeer: 16
vcjob-2108088646234832897-abc12335-35908-worker-0:269:6771 [0] NCCL INFO Channel 00/0 : 0[9000] -> 1[b5000] via P2P/IPC comm 0x55830f79c220 nRanks 02
vcjob-2108088646234832897-abc12335-35908-worker-0:269:6771 [0] NCCL INFO Channel 01/0 : 0[9000] -> 1[b5000] via P2P/IPC comm 0x55830f79c220 nRanks 02
vcjob-2108088646234832897-abc12335-35908-worker-0:269:6771 [0] NCCL INFO Channel 02/0 : 0[9000] -> 1[b5000] via P2P/IPC comm 0x55830f79c220 nRanks 02
vcjob-2108088646234832897-abc12335-35908-worker-0:269:6771 [0] NCCL INFO Channel 03/0 : 0[9000] -> 1[b5000] via P2P/IPC comm 0x55830f79c220 nRanks 02
vcjob-2108088646234832897-abc12335-35908-worker-0:269:6771 [0] NCCL INFO Channel 04/0 : 0[9000] -> 1[b5000] via P2P/IPC comm 0x55830f79c220 nRanks 02
vcjob-2108088646234832897-abc12335-35908-worker-0:269:6771 [0] NCCL INFO Channel 05/0 : 0[9000] -> 1[b5000] via P2P/IPC comm 0x55830f79c220 nRanks 02
vcjob-2108088646234832897-abc12335-35908-worker-0:269:6771 [0] NCCL INFO Channel 06/0 : 0[9000] -> 1[b5000] via P2P/IPC comm 0x55830f79c220 nRanks 02
vcjob-2108088646234832897-abc12335-35908-worker-0:274:6772 [5] NCCL INFO Channel 00/0 : 1[b5000] -> 0[9000] via P2P/IPC comm 0x5643622110d0 nRanks 02
vcjob-2108088646234832897-abc12335-35908-worker-0:269:6771 [0] NCCL INFO Channel 07/0 : 0[9000] -> 1[b5000] via P2P/IPC comm 0x55830f79c220 nRanks 02
vcjob-2108088646234832897-abc12335-35908-worker-0:274:6772 [5] NCCL INFO Channel 01/0 : 1[b5000] -> 0[9000] via P2P/IPC comm 0x5643622110d0 nRanks 02
vcjob-2108088646234832897-abc12335-35908-worker-0:269:6771 [0] NCCL INFO Channel 08/0 : 0[9000] -> 1[b5000] via P2P/IPC comm 0x55830f79c220 nRanks 02
vcjob-2108088646234832897-abc12335-35908-worker-0:274:6772 [5] NCCL INFO Channel 02/0 : 1[b5000] -> 0[9000] via P2P/IPC comm 0x5643622110d0 nRanks 02
vcjob-2108088646234832897-abc12335-35908-worker-0:269:6771 [0] NCCL INFO Channel 09/0 : 0[9000] -> 1[b5000] via P2P/IPC comm 0x55830f79c220 nRanks 02
vcjob-2108088646234832897-abc12335-35908-worker-0:274:6772 [5] NCCL INFO Channel 03/0 : 1[b5000] -> 0[9000] via P2P/IPC comm 0x5643622110d0 nRanks 02
vcjob-2108088646234832897-abc12335-35908-worker-0:269:6771 [0] NCCL INFO Channel 10/0 : 0[9000] -> 1[b5000] via P2P/IPC comm 0x55830f79c220 nRanks 02
vcjob-2108088646234832897-abc12335-35908-worker-0:274:6772 [5] NCCL INFO Channel 04/0 : 1[b5000] -> 0[9000] via P2P/IPC comm 0x5643622110d0 nRanks 02
vcjob-2108088646234832897-abc12335-35908-worker-0:269:6771 [0] NCCL INFO Channel 11/0 : 0[9000] -> 1[b5000] via P2P/IPC comm 0x55830f79c220 nRanks 02
vcjob-2108088646234832897-abc12335-35908-worker-0:269:6771 [0] NCCL INFO Channel 12/0 : 0[9000] -> 1[b5000] via P2P/IPC comm 0x55830f79c220 nRanks 02
vcjob-2108088646234832897-abc12335-35908-worker-0:274:6772 [5] NCCL INFO Channel 05/0 : 1[b5000] -> 0[9000] via P2P/IPC comm 0x5643622110d0 nRanks 02
vcjob-2108088646234832897-abc12335-35908-worker-0:269:6771 [0] NCCL INFO Channel 13/0 : 0[9000] -> 1[b5000] via P2P/IPC comm 0x55830f79c220 nRanks 02
vcjob-2108088646234832897-abc12335-35908-worker-0:274:6772 [5] NCCL INFO Channel 06/0 : 1[b5000] -> 0[9000] via P2P/IPC comm 0x5643622110d0 nRanks 02
vcjob-2108088646234832897-abc12335-35908-worker-0:269:6771 [0] NCCL INFO Channel 14/0 : 0[9000] -> 1[b5000] via P2P/IPC comm 0x55830f79c220 nRanks 02
vcjob-2108088646234832897-abc12335-35908-worker-0:274:6772 [5] NCCL INFO Channel 07/0 : 1[b5000] -> 0[9000] via P2P/IPC comm 0x5643622110d0 nRanks 02
vcjob-2108088646234832897-abc12335-35908-worker-0:269:6771 [0] NCCL INFO Channel 15/0 : 0[9000] -> 1[b5000] via P2P/IPC comm 0x55830f79c220 nRanks 02
vcjob-2108088646234832897-abc12335-35908-worker-0:274:6772 [5] NCCL INFO Channel 08/0 : 1[b5000] -> 0[9000] via P2P/IPC comm 0x5643622110d0 nRanks 02
vcjob-2108088646234832897-abc12335-35908-worker-0:269:6771 [0] NCCL INFO Channel 16/0 : 0[9000] -> 1[b5000] via P2P/IPC comm 0x55830f79c220 nRanks 02
vcjob-2108088646234832897-abc12335-35908-worker-0:274:6772 [5] NCCL INFO Channel 09/0 : 1[b5000] -> 0[9000] via P2P/IPC comm 0x5643622110d0 nRanks 02
vcjob-2108088646234832897-abc12335-35908-worker-0:269:6771 [0] NCCL INFO Channel 17/0 : 0[9000] -> 1[b5000] via P2P/IPC comm 0x55830f79c220 nRanks 02
vcjob-2108088646234832897-abc12335-35908-worker-0:274:6772 [5] NCCL INFO Channel 10/0 : 1[b5000] -> 0[9000] via P2P/IPC comm 0x5643622110d0 nRanks 02
vcjob-2108088646234832897-abc12335-35908-worker-0:269:6771 [0] NCCL INFO Channel 18/0 : 0[9000] -> 1[b5000] via P2P/IPC comm 0x55830f79c220 nRanks 02
vcjob-2108088646234832897-abc12335-35908-worker-0:274:6772 [5] NCCL INFO Channel 11/0 : 1[b5000] -> 0[9000] via P2P/IPC comm 0x5643622110d0 nRanks 02
vcjob-2108088646234832897-abc12335-35908-worker-0:269:6771 [0] NCCL INFO Channel 19/0 : 0[9000] -> 1[b5000] via P2P/IPC comm 0x55830f79c220 nRanks 02
vcjob-2108088646234832897-abc12335-35908-worker-0:274:6772 [5] NCCL INFO Channel 12/0 : 1[b5000] -> 0[9000] via P2P/IPC comm 0x5643622110d0 nRanks 02
vcjob-2108088646234832897-abc12335-35908-worker-0:269:6771 [0] NCCL INFO Channel 20/0 : 0[9000] -> 1[b5000] via P2P/IPC comm 0x55830f79c220 nRanks 02
vcjob-2108088646234832897-abc12335-35908-worker-0:274:6772 [5] NCCL INFO Channel 13/0 : 1[b5000] -> 0[9000] via P2P/IPC comm 0x5643622110d0 nRanks 02
vcjob-2108088646234832897-abc12335-35908-worker-0:269:6771 [0] NCCL INFO Channel 21/0 : 0[9000] -> 1[b5000] via P2P/IPC comm 0x55830f79c220 nRanks 02
vcjob-2108088646234832897-abc12335-35908-worker-0:269:6771 [0] NCCL INFO Channel 22/0 : 0[9000] -> 1[b5000] via P2P/IPC comm 0x55830f79c220 nRanks 02
vcjob-2108088646234832897-abc12335-35908-worker-0:274:6772 [5] NCCL INFO Channel 14/0 : 1[b5000] -> 0[9000] via P2P/IPC comm 0x5643622110d0 nRanks 02
vcjob-2108088646234832897-abc12335-35908-worker-0:269:6771 [0] NCCL INFO Channel 23/0 : 0[9000] -> 1[b5000] via P2P/IPC comm 0x55830f79c220 nRanks 02
vcjob-2108088646234832897-abc12335-35908-worker-0:274:6772 [5] NCCL INFO Channel 15/0 : 1[b5000] -> 0[9000] via P2P/IPC comm 0x5643622110d0 nRanks 02
vcjob-2108088646234832897-abc12335-35908-worker-0:269:6771 [0] NCCL INFO Channel 24/0 : 0[9000] -> 1[b5000] via P2P/IPC comm 0x55830f79c220 nRanks 02
vcjob-2108088646234832897-abc12335-35908-worker-0:274:6772 [5] NCCL INFO Channel 16/0 : 1[b5000] -> 0[9000] via P2P/IPC comm 0x5643622110d0 nRanks 02
vcjob-2108088646234832897-abc12335-35908-worker-0:269:6771 [0] NCCL INFO Channel 25/0 : 0[9000] -> 1[b5000] via P2P/IPC comm 0x55830f79c220 nRanks 02
vcjob-2108088646234832897-abc12335-35908-worker-0:274:6772 [5] NCCL INFO Channel 17/0 : 1[b5000] -> 0[9000] via P2P/IPC comm 0x5643622110d0 nRanks 02
vcjob-2108088646234832897-abc12335-35908-worker-0:269:6771 [0] NCCL INFO Channel 26/0 : 0[9000] -> 1[b5000] via P2P/IPC comm 0x55830f79c220 nRanks 02
vcjob-2108088646234832897-abc12335-35908-worker-0:274:6772 [5] NCCL INFO Channel 18/0 : 1[b5000] -> 0[9000] via P2P/IPC comm 0x5643622110d0 nRanks 02
vcjob-2108088646234832897-abc12335-35908-worker-0:269:6771 [0] NCCL INFO Channel 27/0 : 0[9000] -> 1[b5000] via P2P/IPC comm 0x55830f79c220 nRanks 02
vcjob-2108088646234832897-abc12335-35908-worker-0:274:6772 [5] NCCL INFO Channel 19/0 : 1[b5000] -> 0[9000] via P2P/IPC comm 0x5643622110d0 nRanks 02
vcjob-2108088646234832897-abc12335-35908-worker-0:269:6771 [0] NCCL INFO Channel 28/0 : 0[9000] -> 1[b5000] via P2P/IPC comm 0x55830f79c220 nRanks 02
vcjob-2108088646234832897-abc12335-35908-worker-0:274:6772 [5] NCCL INFO Channel 20/0 : 1[b5000] -> 0[9000] via P2P/IPC comm 0x5643622110d0 nRanks 02
vcjob-2108088646234832897-abc12335-35908-worker-0:269:6771 [0] NCCL INFO Channel 29/0 : 0[9000] -> 1[b5000] via P2P/IPC comm 0x55830f79c220 nRanks 02
vcjob-2108088646234832897-abc12335-35908-worker-0:274:6772 [5] NCCL INFO Channel 21/0 : 1[b5000] -> 0[9000] via P2P/IPC comm 0x5643622110d0 nRanks 02
vcjob-2108088646234832897-abc12335-35908-worker-0:269:6771 [0] NCCL INFO Channel 30/0 : 0[9000] -> 1[b5000] via P2P/IPC comm 0x55830f79c220 nRanks 02
vcjob-2108088646234832897-abc12335-35908-worker-0:274:6772 [5] NCCL INFO Channel 22/0 : 1[b5000] -> 0[9000] via P2P/IPC comm 0x5643622110d0 nRanks 02
vcjob-2108088646234832897-abc12335-35908-worker-0:269:6771 [0] NCCL INFO Channel 31/0 : 0[9000] -> 1[b5000] via P2P/IPC comm 0x55830f79c220 nRanks 02
vcjob-2108088646234832897-abc12335-35908-worker-0:274:6772 [5] NCCL INFO Channel 23/0 : 1[b5000] -> 0[9000] via P2P/IPC comm 0x5643622110d0 nRanks 02
vcjob-2108088646234832897-abc12335-35908-worker-0:274:6772 [5] NCCL INFO Channel 24/0 : 1[b5000] -> 0[9000] via P2P/IPC comm 0x5643622110d0 nRanks 02
vcjob-2108088646234832897-abc12335-35908-worker-0:274:6772 [5] NCCL INFO Channel 25/0 : 1[b5000] -> 0[9000] via P2P/IPC comm 0x5643622110d0 nRanks 02
vcjob-2108088646234832897-abc12335-35908-worker-0:274:6772 [5] NCCL INFO Channel 26/0 : 1[b5000] -> 0[9000] via P2P/IPC comm 0x5643622110d0 nRanks 02
vcjob-2108088646234832897-abc12335-35908-worker-0:274:6772 [5] NCCL INFO Channel 27/0 : 1[b5000] -> 0[9000] via P2P/IPC comm 0x5643622110d0 nRanks 02
vcjob-2108088646234832897-abc12335-35908-worker-0:274:6772 [5] NCCL INFO Channel 28/0 : 1[b5000] -> 0[9000] via P2P/IPC comm 0x5643622110d0 nRanks 02
vcjob-2108088646234832897-abc12335-35908-worker-0:274:6772 [5] NCCL INFO Channel 29/0 : 1[b5000] -> 0[9000] via P2P/IPC comm 0x5643622110d0 nRanks 02
vcjob-2108088646234832897-abc12335-35908-worker-0:274:6772 [5] NCCL INFO Channel 30/0 : 1[b5000] -> 0[9000] via P2P/IPC comm 0x5643622110d0 nRanks 02
vcjob-2108088646234832897-abc12335-35908-worker-0:274:6772 [5] NCCL INFO Channel 31/0 : 1[b5000] -> 0[9000] via P2P/IPC comm 0x5643622110d0 nRanks 02
vcjob-2108088646234832897-abc12335-35908-worker-0:269:6771 [0] NCCL INFO Connected all rings
vcjob-2108088646234832897-abc12335-35908-worker-0:274:6772 [5] NCCL INFO Connected all rings
vcjob-2108088646234832897-abc12335-35908-worker-0:269:6771 [0] NCCL INFO Connected all trees
vcjob-2108088646234832897-abc12335-35908-worker-0:274:6772 [5] NCCL INFO Connected all trees
vcjob-2108088646234832897-abc12335-35908-worker-0:274:6772 [5] NCCL INFO threadThresholds 8/8/64 | 16/8/64 | 256 | 256
vcjob-2108088646234832897-abc12335-35908-worker-0:274:6772 [5] NCCL INFO 32 coll channels, 32 collnet channels, 0 nvls channels, 32 p2p channels, 16 p2p channels per peer
vcjob-2108088646234832897-abc12335-35908-worker-0:269:6771 [0] NCCL INFO threadThresholds 8/8/64 | 16/8/64 | 256 | 256
vcjob-2108088646234832897-abc12335-35908-worker-0:269:6771 [0] NCCL INFO 32 coll channels, 32 collnet channels, 0 nvls channels, 32 p2p channels, 16 p2p channels per peer
vcjob-2108088646234832897-abc12335-35908-worker-0:269:6771 [0] NCCL INFO CC Off, Multi-GPU CC Off, workFifoBytes 4194304
vcjob-2108088646234832897-abc12335-35908-worker-0:269:6771 [0] NCCL INFO ncclCommInitRank comm 0x55830f79c220 rank 0 nranks 2 cudaDev 0 nvmlDev 0 busId 9000 commId 0xe15db306a4f572c8 localSize 480 used 1304628640 bytes on core 0 - Init COMPLETE
vcjob-2108088646234832897-abc12335-35908-worker-0:269:6771 [0] NCCL INFO Init timings: rank 0 nranks 2 total 0.37 (kernels 0.00, bootstrap 0.06, allgathers 0.00, topo 0.21, graphs 0.00, connections 0.09, rest 0.00)
vcjob-2108088646234832897-abc12335-35908-worker-0:274:6772 [5] NCCL INFO ncclCommInitRank comm 0x5643622110d0 rank 1 nranks 2 cudaDev 5 nvmlDev 5 busId b5000 commId 0xe15db306a4f572c8 localSize 480 used 491783136 bytes on core 88 - Init COMPLETE
vcjob-2108088646234832897-abc12335-35908-worker-0:274:6772 [5] NCCL INFO Init timings: rank 1 nranks 2 total 0.37 (kernels 0.00, bootstrap 0.06, allgathers 0.01, topo 0.20, graphs 0.00, connections 0.10, rest 0.00)
I1008 14:56:29.598050   269 ProcessGroupNCCL.cpp:2890] [PG ID 0 PG GUID 0(default_pg) Rank 0] NCCL_DEBUG: INFO
I1008 14:56:29.598196   274 ProcessGroupNCCL.cpp:2890] [PG ID 0 PG GUID 0(default_pg) Rank 5] NCCL_DEBUG: INFO
vcjob-2108088646234832897-abc12335-35908-worker-0:274:6778 [5] NCCL INFO Channel 01/1 : 1[b5000] -> 0[9000] via P2P/IPC comm 0x5643622110d0 nRanks 02
vcjob-2108088646234832897-abc12335-35908-worker-0:274:6778 [5] NCCL INFO Channel 03/1 : 1[b5000] -> 0[9000] via P2P/IPC comm 0x5643622110d0 nRanks 02
vcjob-2108088646234832897-abc12335-35908-worker-0:274:6778 [5] NCCL INFO Channel 05/1 : 1[b5000] -> 0[9000] via P2P/IPC comm 0x5643622110d0 nRanks 02
vcjob-2108088646234832897-abc12335-35908-worker-0:274:6778 [5] NCCL INFO Channel 07/1 : 1[b5000] -> 0[9000] via P2P/IPC comm 0x5643622110d0 nRanks 02
vcjob-2108088646234832897-abc12335-35908-worker-0:274:6778 [5] NCCL INFO Channel 09/1 : 1[b5000] -> 0[9000] via P2P/IPC comm 0x5643622110d0 nRanks 02
vcjob-2108088646234832897-abc12335-35908-worker-0:274:6778 [5] NCCL INFO Channel 11/1 : 1[b5000] -> 0[9000] via P2P/IPC comm 0x5643622110d0 nRanks 02
vcjob-2108088646234832897-abc12335-35908-worker-0:274:6778 [5] NCCL INFO Channel 13/1 : 1[b5000] -> 0[9000] via P2P/IPC comm 0x5643622110d0 nRanks 02
vcjob-2108088646234832897-abc12335-35908-worker-0:274:6778 [5] NCCL INFO Channel 15/1 : 1[b5000] -> 0[9000] via P2P/IPC comm 0x5643622110d0 nRanks 02
vcjob-2108088646234832897-abc12335-35908-worker-0:274:6778 [5] NCCL INFO Channel 17/1 : 1[b5000] -> 0[9000] via P2P/IPC comm 0x5643622110d0 nRanks 02
vcjob-2108088646234832897-abc12335-35908-worker-0:274:6778 [5] NCCL INFO Channel 19/1 : 1[b5000] -> 0[9000] via P2P/IPC comm 0x5643622110d0 nRanks 02
vcjob-2108088646234832897-abc12335-35908-worker-0:274:6778 [5] NCCL INFO Channel 21/1 : 1[b5000] -> 0[9000] via P2P/IPC comm 0x5643622110d0 nRanks 02
vcjob-2108088646234832897-abc12335-35908-worker-0:274:6778 [5] NCCL INFO Channel 23/1 : 1[b5000] -> 0[9000] via P2P/IPC comm 0x5643622110d0 nRanks 02
vcjob-2108088646234832897-abc12335-35908-worker-0:274:6778 [5] NCCL INFO Channel 25/1 : 1[b5000] -> 0[9000] via P2P/IPC comm 0x5643622110d0 nRanks 02
vcjob-2108088646234832897-abc12335-35908-worker-0:274:6778 [5] NCCL INFO Channel 27/1 : 1[b5000] -> 0[9000] via P2P/IPC comm 0x5643622110d0 nRanks 02
vcjob-2108088646234832897-abc12335-35908-worker-0:274:6778 [5] NCCL INFO Channel 29/1 : 1[b5000] -> 0[9000] via P2P/IPC comm 0x5643622110d0 nRanks 02
vcjob-2108088646234832897-abc12335-35908-worker-0:274:6778 [5] NCCL INFO Channel 31/1 : 1[b5000] -> 0[9000] via P2P/IPC comm 0x5643622110d0 nRanks 02

vcjob-2108088646234832897-abc12335-35908-worker-0:269:269 [0] /data/jenkins_workspace/workspace/rccl_release/build/hipify/src/init.cc:170 NCCL WARN NUMA auto balancing enabled which can lead to variability in the RCCL performance! Disable by "sudo sysctl kernel.numa_balancing=0"
vcjob-2108088646234832897-abc12335-35908-worker-0:269:269 [0] NCCL INFO Kernel version: 5.15.0-25-generic

vcjob-2108088646234832897-abc12335-35908-worker-0:269:269 [0] /data/jenkins_workspace/workspace/rccl_release/build/hipify/src/init.cc:191 NCCL WARN Missing "iommu=pt" from kernel command line which can lead to system instablity or hang!
I1008 14:56:29.638124   269 ProcessGroupNCCL.cpp:2857] [PG ID 0 PG GUID 0(default_pg) Rank 0] ProcessGroupNCCL broadcast unique ID through store took 0.09786 ms
I1008 14:56:29.638159   269 NCCLUtils.cpp:75] Rank 0: creating NCCL communicator with mode: blocking

vcjob-2108088646234832897-abc12335-35908-worker-0:269:269 [0] /data/jenkins_workspace/workspace/rccl_release/build/hipify/src/init.cc:170 NCCL WARN NUMA auto balancing enabled which can lead to variability in the RCCL performance! Disable by "sudo sysctl kernel.numa_balancing=0"
vcjob-2108088646234832897-abc12335-35908-worker-0:269:269 [0] NCCL INFO Kernel version: 5.15.0-25-generic

vcjob-2108088646234832897-abc12335-35908-worker-0:269:269 [0] /data/jenkins_workspace/workspace/rccl_release/build/hipify/src/init.cc:191 NCCL WARN Missing "iommu=pt" from kernel command line which can lead to system instablity or hang!
I1008 14:56:29.638377   275 ProcessGroupNCCL.cpp:2857] [PG ID 0 PG GUID 0(default_pg) Rank 6] ProcessGroupNCCL broadcast unique ID through store took 2058.68 ms
I1008 14:56:29.638474   275 NCCLUtils.cpp:75] Rank 1: creating NCCL communicator with mode: blocking

vcjob-2108088646234832897-abc12335-35908-worker-0:275:275 [6] /data/jenkins_workspace/workspace/rccl_release/build/hipify/src/init.cc:170 NCCL WARN NUMA auto balancing enabled which can lead to variability in the RCCL performance! Disable by "sudo sysctl kernel.numa_balancing=0"
vcjob-2108088646234832897-abc12335-35908-worker-0:275:275 [6] NCCL INFO Kernel version: 5.15.0-25-generic

vcjob-2108088646234832897-abc12335-35908-worker-0:275:275 [6] /data/jenkins_workspace/workspace/rccl_release/build/hipify/src/init.cc:191 NCCL WARN Missing "iommu=pt" from kernel command line which can lead to system instablity or hang!
vcjob-2108088646234832897-abc12335-35908-worker-0:269:269 [0] NCCL INFO Comm config Blocking set to 1
vcjob-2108088646234832897-abc12335-35908-worker-0:269:6780 [0] NCCL INFO Using network IBext_v8
vcjob-2108088646234832897-abc12335-35908-worker-0:269:6780 [0] NCCL INFO rocm_smi_lib: version 7.6.0.0
vcjob-2108088646234832897-abc12335-35908-worker-0:275:275 [6] NCCL INFO Comm config Blocking set to 1
vcjob-2108088646234832897-abc12335-35908-worker-0:275:6781 [6] NCCL INFO Using network IBext_v8
vcjob-2108088646234832897-abc12335-35908-worker-0:275:6781 [6] NCCL INFO rocm_smi_lib: version 7.6.0.0
vcjob-2108088646234832897-abc12335-35908-worker-0:275:6781 [6] NCCL INFO ncclCommInitRank comm 0x562efe01c3b0 rank 1 nranks 2 cudaDev 6 nvmlDev 6 busId d5000 commId 0x47a9083d0789a29 - Init START
vcjob-2108088646234832897-abc12335-35908-worker-0:269:6780 [0] NCCL INFO ncclCommInitRank comm 0x55830f8e62e0 rank 0 nranks 2 cudaDev 0 nvmlDev 0 busId 9000 commId 0x47a9083d0789a29 - Init START
vcjob-2108088646234832897-abc12335-35908-worker-0:275:6781 [6] NCCL INFO rank:1 get match hsa dev domain:0x0 bdf:0xd500 rank busId:0x872448
vcjob-2108088646234832897-abc12335-35908-worker-0:269:6780 [0] NCCL INFO rank:0 get match hsa dev domain:0x0 bdf:0x900 rank busId:0x36864
vcjob-2108088646234832897-abc12335-35908-worker-0:269:6780 [0] NCCL INFO XDP Switch is off with xdp_size : 0
vcjob-2108088646234832897-abc12335-35908-worker-0:275:6781 [6] NCCL INFO XDP Switch is off with xdp_size : 0
vcjob-2108088646234832897-abc12335-35908-worker-0:275:6781 [6] NCCL INFO NCCL_TOPO_FILE set by environment to /root/private_data/second_hygon/phase4-arrival-heterogeneity/../rdma-shca/topo_lib/built-in-508-topo-input-tj-default.xml
vcjob-2108088646234832897-abc12335-35908-worker-0:269:6780 [0] NCCL INFO NCCL_TOPO_FILE set by environment to /root/private_data/second_hygon/phase4-arrival-heterogeneity/../rdma-shca/topo_lib/built-in-508-topo-input-tj-default.xml
vcjob-2108088646234832897-abc12335-35908-worker-0:275:6781 [6] NCCL INFO rocm_smi_lib: version 7.6.0.0
vcjob-2108088646234832897-abc12335-35908-worker-0:269:6780 [0] NCCL INFO rocm_smi_lib: version 7.6.0.0
vcjob-2108088646234832897-abc12335-35908-worker-0:269:6780 [0] NCCL INFO Setting affinity for GPU 0 to ffff
vcjob-2108088646234832897-abc12335-35908-worker-0:269:6780 [0] NCCL INFO Rank:0 Get link topo from rocmDev:0 linkNum:8 link:0 linkState:1 remote type:1 bdf:0x9b00 topoType:2
vcjob-2108088646234832897-abc12335-35908-worker-0:269:6780 [0] NCCL INFO Transport init rank 0 useXdp 0 linkTopoType 2
vcjob-2108088646234832897-abc12335-35908-worker-0:275:6781 [6] NCCL INFO Setting affinity for GPU 6 to ffff,00000000,00000000
vcjob-2108088646234832897-abc12335-35908-worker-0:275:6781 [6] NCCL INFO Rank:1 Get link topo from rocmDev:0 linkNum:8 link:0 linkState:1 remote type:1 bdf:0x9b00 topoType:2
vcjob-2108088646234832897-abc12335-35908-worker-0:275:6781 [6] NCCL INFO Transport init rank 1 useXdp 0 linkTopoType 2
vcjob-2108088646234832897-abc12335-35908-worker-0:275:6781 [6] NCCL INFO comm 0x562efe01c3b0 rank 1 nRanks 2 nNodes 1 localRanks 2 localRank 1 MNNVL 0
vcjob-2108088646234832897-abc12335-35908-worker-0:269:6780 [0] NCCL INFO comm 0x55830f8e62e0 rank 0 nRanks 2 nNodes 1 localRanks 2 localRank 0 MNNVL 0
vcjob-2108088646234832897-abc12335-35908-worker-0:269:6780 [0] NCCL INFO Channel 00/32 :    0   1
vcjob-2108088646234832897-abc12335-35908-worker-0:269:6780 [0] NCCL INFO Channel 01/32 :    0   1
vcjob-2108088646234832897-abc12335-35908-worker-0:269:6780 [0] NCCL INFO Channel 02/32 :    0   1
vcjob-2108088646234832897-abc12335-35908-worker-0:269:6780 [0] NCCL INFO Channel 03/32 :    0   1
vcjob-2108088646234832897-abc12335-35908-worker-0:269:6780 [0] NCCL INFO Channel 04/32 :    0   1
vcjob-2108088646234832897-abc12335-35908-worker-0:275:6781 [6] NCCL INFO Trees [0] -1/-1/-1->1->0 [1] -1/-1/-1->1->0 [2] -1/-1/-1->1->0 [3] 0/-1/-1->1->-1 [4] -1/-1/-1->1->0 [5] -1/-1/-1->1->0 [6] -1/-1/-1->1->0 [7] 0/-1/-1->1->-1 [8] -1/-1/-1->1->0 [9] -1/-1/-1->1->0 [10] -1/-1/-1->1->0 [11] 0/-1/-1->1->-1 [12] -1/-1/-1->1->0 [13] -1/-1/-1->1->0 [14] -1/-1/-1->1->0 [15] 0/-1/-1->1->-1 [16] -1/-1/-1->1->0 [17] -1/-1/-1->1->0 [18] -1/-1/-1->1->0 [19] 0/-1/-1->1->-1 [20] -1/-1/-1->1->0 [21] -1/-1/-1->1->0 [22] -1/-1/-1->1->0 [23] 0/-1/-1->1->-1 [24] -1/-1/-1->1->0 [25] -1/-1/-1->1->0 [26] -1/-1/-1->1->0 [27] 0/-1/-1->1->-1 [28] -1/-1/-1->1->0 [29] -1/-1/-1->1->0 [30] -1/-1/-1->1->0 [31] 0/-1/-1->1->-1 comm 0x562efe01c3b0 nRanks 02 busId d5000
vcjob-2108088646234832897-abc12335-35908-worker-0:269:6780 [0] NCCL INFO Channel 05/32 :    0   1
vcjob-2108088646234832897-abc12335-35908-worker-0:269:6780 [0] NCCL INFO Channel 06/32 :    0   1
vcjob-2108088646234832897-abc12335-35908-worker-0:275:6781 [6] NCCL INFO P2P Chunksize set to 262144
vcjob-2108088646234832897-abc12335-35908-worker-0:269:6780 [0] NCCL INFO Channel 07/32 :    0   1
vcjob-2108088646234832897-abc12335-35908-worker-0:275:6781 [6] NCCL INFO comm->autoPerPeerOn: 1, comm->p2pnChannels: 32, comm->p2pnChannelsPerPeer: 16
vcjob-2108088646234832897-abc12335-35908-worker-0:269:6780 [0] NCCL INFO Channel 08/32 :    0   1
vcjob-2108088646234832897-abc12335-35908-worker-0:269:6780 [0] NCCL INFO Channel 09/32 :    0   1
vcjob-2108088646234832897-abc12335-35908-worker-0:269:6780 [0] NCCL INFO Channel 10/32 :    0   1
vcjob-2108088646234832897-abc12335-35908-worker-0:269:6780 [0] NCCL INFO Channel 11/32 :    0   1
vcjob-2108088646234832897-abc12335-35908-worker-0:269:6780 [0] NCCL INFO Channel 12/32 :    0   1
vcjob-2108088646234832897-abc12335-35908-worker-0:269:6780 [0] NCCL INFO Channel 13/32 :    0   1
vcjob-2108088646234832897-abc12335-35908-worker-0:269:6780 [0] NCCL INFO Channel 14/32 :    0   1
vcjob-2108088646234832897-abc12335-35908-worker-0:269:6780 [0] NCCL INFO Channel 15/32 :    0   1
vcjob-2108088646234832897-abc12335-35908-worker-0:269:6780 [0] NCCL INFO Channel 16/32 :    0   1
vcjob-2108088646234832897-abc12335-35908-worker-0:269:6780 [0] NCCL INFO Channel 17/32 :    0   1
vcjob-2108088646234832897-abc12335-35908-worker-0:269:6780 [0] NCCL INFO Channel 18/32 :    0   1
vcjob-2108088646234832897-abc12335-35908-worker-0:269:6780 [0] NCCL INFO Channel 19/32 :    0   1
vcjob-2108088646234832897-abc12335-35908-worker-0:269:6780 [0] NCCL INFO Channel 20/32 :    0   1
vcjob-2108088646234832897-abc12335-35908-worker-0:269:6780 [0] NCCL INFO Channel 21/32 :    0   1
vcjob-2108088646234832897-abc12335-35908-worker-0:269:6780 [0] NCCL INFO Channel 22/32 :    0   1
vcjob-2108088646234832897-abc12335-35908-worker-0:269:6780 [0] NCCL INFO Channel 23/32 :    0   1
vcjob-2108088646234832897-abc12335-35908-worker-0:269:6780 [0] NCCL INFO Channel 24/32 :    0   1
vcjob-2108088646234832897-abc12335-35908-worker-0:269:6780 [0] NCCL INFO Channel 25/32 :    0   1
vcjob-2108088646234832897-abc12335-35908-worker-0:269:6780 [0] NCCL INFO Channel 26/32 :    0   1
vcjob-2108088646234832897-abc12335-35908-worker-0:269:6780 [0] NCCL INFO Channel 27/32 :    0   1
vcjob-2108088646234832897-abc12335-35908-worker-0:269:6780 [0] NCCL INFO Channel 28/32 :    0   1
vcjob-2108088646234832897-abc12335-35908-worker-0:269:6780 [0] NCCL INFO Channel 29/32 :    0   1
vcjob-2108088646234832897-abc12335-35908-worker-0:269:6780 [0] NCCL INFO Channel 30/32 :    0   1
vcjob-2108088646234832897-abc12335-35908-worker-0:269:6780 [0] NCCL INFO Channel 31/32 :    0   1
vcjob-2108088646234832897-abc12335-35908-worker-0:269:6780 [0] NCCL INFO Trees [0] 1/-1/-1->0->-1 [1] 1/-1/-1->0->-1 [2] 1/-1/-1->0->-1 [3] -1/-1/-1->0->1 [4] 1/-1/-1->0->-1 [5] 1/-1/-1->0->-1 [6] 1/-1/-1->0->-1 [7] -1/-1/-1->0->1 [8] 1/-1/-1->0->-1 [9] 1/-1/-1->0->-1 [10] 1/-1/-1->0->-1 [11] -1/-1/-1->0->1 [12] 1/-1/-1->0->-1 [13] 1/-1/-1->0->-1 [14] 1/-1/-1->0->-1 [15] -1/-1/-1->0->1 [16] 1/-1/-1->0->-1 [17] 1/-1/-1->0->-1 [18] 1/-1/-1->0->-1 [19] -1/-1/-1->0->1 [20] 1/-1/-1->0->-1 [21] 1/-1/-1->0->-1 [22] 1/-1/-1->0->-1 [23] -1/-1/-1->0->1 [24] 1/-1/-1->0->-1 [25] 1/-1/-1->0->-1 [26] 1/-1/-1->0->-1 [27] -1/-1/-1->0->1 [28] 1/-1/-1->0->-1 [29] 1/-1/-1->0->-1 [30] 1/-1/-1->0->-1 [31] -1/-1/-1->0->1 comm 0x55830f8e62e0 nRanks 02 busId 9000
vcjob-2108088646234832897-abc12335-35908-worker-0:269:6780 [0] NCCL INFO P2P Chunksize set to 262144
vcjob-2108088646234832897-abc12335-35908-worker-0:269:6780 [0] NCCL INFO comm->autoPerPeerOn: 1, comm->p2pnChannels: 32, comm->p2pnChannelsPerPeer: 16
vcjob-2108088646234832897-abc12335-35908-worker-0:269:6780 [0] NCCL INFO Channel 00/0 : 0[9000] -> 1[d5000] via P2P/IPC comm 0x55830f8e62e0 nRanks 02
vcjob-2108088646234832897-abc12335-35908-worker-0:269:6780 [0] NCCL INFO Channel 01/0 : 0[9000] -> 1[d5000] via P2P/IPC comm 0x55830f8e62e0 nRanks 02
vcjob-2108088646234832897-abc12335-35908-worker-0:269:6780 [0] NCCL INFO Channel 02/0 : 0[9000] -> 1[d5000] via P2P/IPC comm 0x55830f8e62e0 nRanks 02
vcjob-2108088646234832897-abc12335-35908-worker-0:269:6780 [0] NCCL INFO Channel 03/0 : 0[9000] -> 1[d5000] via P2P/IPC comm 0x55830f8e62e0 nRanks 02
vcjob-2108088646234832897-abc12335-35908-worker-0:269:6780 [0] NCCL INFO Channel 04/0 : 0[9000] -> 1[d5000] via P2P/IPC comm 0x55830f8e62e0 nRanks 02
vcjob-2108088646234832897-abc12335-35908-worker-0:269:6780 [0] NCCL INFO Channel 05/0 : 0[9000] -> 1[d5000] via P2P/IPC comm 0x55830f8e62e0 nRanks 02
vcjob-2108088646234832897-abc12335-35908-worker-0:269:6780 [0] NCCL INFO Channel 06/0 : 0[9000] -> 1[d5000] via P2P/IPC comm 0x55830f8e62e0 nRanks 02
vcjob-2108088646234832897-abc12335-35908-worker-0:269:6780 [0] NCCL INFO Channel 07/0 : 0[9000] -> 1[d5000] via P2P/IPC comm 0x55830f8e62e0 nRanks 02
vcjob-2108088646234832897-abc12335-35908-worker-0:269:6780 [0] NCCL INFO Channel 08/0 : 0[9000] -> 1[d5000] via P2P/IPC comm 0x55830f8e62e0 nRanks 02
vcjob-2108088646234832897-abc12335-35908-worker-0:269:6780 [0] NCCL INFO Channel 09/0 : 0[9000] -> 1[d5000] via P2P/IPC comm 0x55830f8e62e0 nRanks 02
vcjob-2108088646234832897-abc12335-35908-worker-0:269:6780 [0] NCCL INFO Channel 10/0 : 0[9000] -> 1[d5000] via P2P/IPC comm 0x55830f8e62e0 nRanks 02
vcjob-2108088646234832897-abc12335-35908-worker-0:269:6780 [0] NCCL INFO Channel 11/0 : 0[9000] -> 1[d5000] via P2P/IPC comm 0x55830f8e62e0 nRanks 02
vcjob-2108088646234832897-abc12335-35908-worker-0:269:6780 [0] NCCL INFO Channel 12/0 : 0[9000] -> 1[d5000] via P2P/IPC comm 0x55830f8e62e0 nRanks 02
vcjob-2108088646234832897-abc12335-35908-worker-0:269:6780 [0] NCCL INFO Channel 13/0 : 0[9000] -> 1[d5000] via P2P/IPC comm 0x55830f8e62e0 nRanks 02
vcjob-2108088646234832897-abc12335-35908-worker-0:269:6780 [0] NCCL INFO Channel 14/0 : 0[9000] -> 1[d5000] via P2P/IPC comm 0x55830f8e62e0 nRanks 02
vcjob-2108088646234832897-abc12335-35908-worker-0:269:6780 [0] NCCL INFO Channel 15/0 : 0[9000] -> 1[d5000] via P2P/IPC comm 0x55830f8e62e0 nRanks 02
vcjob-2108088646234832897-abc12335-35908-worker-0:269:6780 [0] NCCL INFO Channel 16/0 : 0[9000] -> 1[d5000] via P2P/IPC comm 0x55830f8e62e0 nRanks 02
vcjob-2108088646234832897-abc12335-35908-worker-0:269:6780 [0] NCCL INFO Channel 17/0 : 0[9000] -> 1[d5000] via P2P/IPC comm 0x55830f8e62e0 nRanks 02
vcjob-2108088646234832897-abc12335-35908-worker-0:269:6780 [0] NCCL INFO Channel 18/0 : 0[9000] -> 1[d5000] via P2P/IPC comm 0x55830f8e62e0 nRanks 02
vcjob-2108088646234832897-abc12335-35908-worker-0:275:6781 [6] NCCL INFO Channel 00/0 : 1[d5000] -> 0[9000] via P2P/IPC comm 0x562efe01c3b0 nRanks 02
vcjob-2108088646234832897-abc12335-35908-worker-0:269:6780 [0] NCCL INFO Channel 19/0 : 0[9000] -> 1[d5000] via P2P/IPC comm 0x55830f8e62e0 nRanks 02
vcjob-2108088646234832897-abc12335-35908-worker-0:275:6781 [6] NCCL INFO Channel 01/0 : 1[d5000] -> 0[9000] via P2P/IPC comm 0x562efe01c3b0 nRanks 02
vcjob-2108088646234832897-abc12335-35908-worker-0:269:6780 [0] NCCL INFO Channel 20/0 : 0[9000] -> 1[d5000] via P2P/IPC comm 0x55830f8e62e0 nRanks 02
vcjob-2108088646234832897-abc12335-35908-worker-0:275:6781 [6] NCCL INFO Channel 02/0 : 1[d5000] -> 0[9000] via P2P/IPC comm 0x562efe01c3b0 nRanks 02
vcjob-2108088646234832897-abc12335-35908-worker-0:269:6780 [0] NCCL INFO Channel 21/0 : 0[9000] -> 1[d5000] via P2P/IPC comm 0x55830f8e62e0 nRanks 02
vcjob-2108088646234832897-abc12335-35908-worker-0:275:6781 [6] NCCL INFO Channel 03/0 : 1[d5000] -> 0[9000] via P2P/IPC comm 0x562efe01c3b0 nRanks 02
vcjob-2108088646234832897-abc12335-35908-worker-0:269:6780 [0] NCCL INFO Channel 22/0 : 0[9000] -> 1[d5000] via P2P/IPC comm 0x55830f8e62e0 nRanks 02
vcjob-2108088646234832897-abc12335-35908-worker-0:275:6781 [6] NCCL INFO Channel 04/0 : 1[d5000] -> 0[9000] via P2P/IPC comm 0x562efe01c3b0 nRanks 02
vcjob-2108088646234832897-abc12335-35908-worker-0:269:6780 [0] NCCL INFO Channel 23/0 : 0[9000] -> 1[d5000] via P2P/IPC comm 0x55830f8e62e0 nRanks 02
vcjob-2108088646234832897-abc12335-35908-worker-0:275:6781 [6] NCCL INFO Channel 05/0 : 1[d5000] -> 0[9000] via P2P/IPC comm 0x562efe01c3b0 nRanks 02
vcjob-2108088646234832897-abc12335-35908-worker-0:269:6780 [0] NCCL INFO Channel 24/0 : 0[9000] -> 1[d5000] via P2P/IPC comm 0x55830f8e62e0 nRanks 02
vcjob-2108088646234832897-abc12335-35908-worker-0:275:6781 [6] NCCL INFO Channel 06/0 : 1[d5000] -> 0[9000] via P2P/IPC comm 0x562efe01c3b0 nRanks 02
vcjob-2108088646234832897-abc12335-35908-worker-0:269:6780 [0] NCCL INFO Channel 25/0 : 0[9000] -> 1[d5000] via P2P/IPC comm 0x55830f8e62e0 nRanks 02
vcjob-2108088646234832897-abc12335-35908-worker-0:275:6781 [6] NCCL INFO Channel 07/0 : 1[d5000] -> 0[9000] via P2P/IPC comm 0x562efe01c3b0 nRanks 02
vcjob-2108088646234832897-abc12335-35908-worker-0:269:6780 [0] NCCL INFO Channel 26/0 : 0[9000] -> 1[d5000] via P2P/IPC comm 0x55830f8e62e0 nRanks 02
vcjob-2108088646234832897-abc12335-35908-worker-0:275:6781 [6] NCCL INFO Channel 08/0 : 1[d5000] -> 0[9000] via P2P/IPC comm 0x562efe01c3b0 nRanks 02
vcjob-2108088646234832897-abc12335-35908-worker-0:269:6780 [0] NCCL INFO Channel 27/0 : 0[9000] -> 1[d5000] via P2P/IPC comm 0x55830f8e62e0 nRanks 02
vcjob-2108088646234832897-abc12335-35908-worker-0:275:6781 [6] NCCL INFO Channel 09/0 : 1[d5000] -> 0[9000] via P2P/IPC comm 0x562efe01c3b0 nRanks 02
vcjob-2108088646234832897-abc12335-35908-worker-0:269:6780 [0] NCCL INFO Channel 28/0 : 0[9000] -> 1[d5000] via P2P/IPC comm 0x55830f8e62e0 nRanks 02
vcjob-2108088646234832897-abc12335-35908-worker-0:275:6781 [6] NCCL INFO Channel 10/0 : 1[d5000] -> 0[9000] via P2P/IPC comm 0x562efe01c3b0 nRanks 02
vcjob-2108088646234832897-abc12335-35908-worker-0:269:6780 [0] NCCL INFO Channel 29/0 : 0[9000] -> 1[d5000] via P2P/IPC comm 0x55830f8e62e0 nRanks 02
vcjob-2108088646234832897-abc12335-35908-worker-0:275:6781 [6] NCCL INFO Channel 11/0 : 1[d5000] -> 0[9000] via P2P/IPC comm 0x562efe01c3b0 nRanks 02
vcjob-2108088646234832897-abc12335-35908-worker-0:269:6780 [0] NCCL INFO Channel 30/0 : 0[9000] -> 1[d5000] via P2P/IPC comm 0x55830f8e62e0 nRanks 02
vcjob-2108088646234832897-abc12335-35908-worker-0:275:6781 [6] NCCL INFO Channel 12/0 : 1[d5000] -> 0[9000] via P2P/IPC comm 0x562efe01c3b0 nRanks 02
vcjob-2108088646234832897-abc12335-35908-worker-0:269:6780 [0] NCCL INFO Channel 31/0 : 0[9000] -> 1[d5000] via P2P/IPC comm 0x55830f8e62e0 nRanks 02
vcjob-2108088646234832897-abc12335-35908-worker-0:275:6781 [6] NCCL INFO Channel 13/0 : 1[d5000] -> 0[9000] via P2P/IPC comm 0x562efe01c3b0 nRanks 02
vcjob-2108088646234832897-abc12335-35908-worker-0:275:6781 [6] NCCL INFO Channel 14/0 : 1[d5000] -> 0[9000] via P2P/IPC comm 0x562efe01c3b0 nRanks 02
vcjob-2108088646234832897-abc12335-35908-worker-0:275:6781 [6] NCCL INFO Channel 15/0 : 1[d5000] -> 0[9000] via P2P/IPC comm 0x562efe01c3b0 nRanks 02
vcjob-2108088646234832897-abc12335-35908-worker-0:275:6781 [6] NCCL INFO Channel 16/0 : 1[d5000] -> 0[9000] via P2P/IPC comm 0x562efe01c3b0 nRanks 02
vcjob-2108088646234832897-abc12335-35908-worker-0:275:6781 [6] NCCL INFO Channel 17/0 : 1[d5000] -> 0[9000] via P2P/IPC comm 0x562efe01c3b0 nRanks 02
vcjob-2108088646234832897-abc12335-35908-worker-0:275:6781 [6] NCCL INFO Channel 18/0 : 1[d5000] -> 0[9000] via P2P/IPC comm 0x562efe01c3b0 nRanks 02
vcjob-2108088646234832897-abc12335-35908-worker-0:275:6781 [6] NCCL INFO Channel 19/0 : 1[d5000] -> 0[9000] via P2P/IPC comm 0x562efe01c3b0 nRanks 02
vcjob-2108088646234832897-abc12335-35908-worker-0:275:6781 [6] NCCL INFO Channel 20/0 : 1[d5000] -> 0[9000] via P2P/IPC comm 0x562efe01c3b0 nRanks 02
vcjob-2108088646234832897-abc12335-35908-worker-0:275:6781 [6] NCCL INFO Channel 21/0 : 1[d5000] -> 0[9000] via P2P/IPC comm 0x562efe01c3b0 nRanks 02
vcjob-2108088646234832897-abc12335-35908-worker-0:275:6781 [6] NCCL INFO Channel 22/0 : 1[d5000] -> 0[9000] via P2P/IPC comm 0x562efe01c3b0 nRanks 02
vcjob-2108088646234832897-abc12335-35908-worker-0:275:6781 [6] NCCL INFO Channel 23/0 : 1[d5000] -> 0[9000] via P2P/IPC comm 0x562efe01c3b0 nRanks 02
vcjob-2108088646234832897-abc12335-35908-worker-0:275:6781 [6] NCCL INFO Channel 24/0 : 1[d5000] -> 0[9000] via P2P/IPC comm 0x562efe01c3b0 nRanks 02
vcjob-2108088646234832897-abc12335-35908-worker-0:275:6781 [6] NCCL INFO Channel 25/0 : 1[d5000] -> 0[9000] via P2P/IPC comm 0x562efe01c3b0 nRanks 02
vcjob-2108088646234832897-abc12335-35908-worker-0:275:6781 [6] NCCL INFO Channel 26/0 : 1[d5000] -> 0[9000] via P2P/IPC comm 0x562efe01c3b0 nRanks 02
vcjob-2108088646234832897-abc12335-35908-worker-0:275:6781 [6] NCCL INFO Channel 27/0 : 1[d5000] -> 0[9000] via P2P/IPC comm 0x562efe01c3b0 nRanks 02
vcjob-2108088646234832897-abc12335-35908-worker-0:275:6781 [6] NCCL INFO Channel 28/0 : 1[d5000] -> 0[9000] via P2P/IPC comm 0x562efe01c3b0 nRanks 02
vcjob-2108088646234832897-abc12335-35908-worker-0:275:6781 [6] NCCL INFO Channel 29/0 : 1[d5000] -> 0[9000] via P2P/IPC comm 0x562efe01c3b0 nRanks 02
vcjob-2108088646234832897-abc12335-35908-worker-0:275:6781 [6] NCCL INFO Channel 30/0 : 1[d5000] -> 0[9000] via P2P/IPC comm 0x562efe01c3b0 nRanks 02
vcjob-2108088646234832897-abc12335-35908-worker-0:275:6781 [6] NCCL INFO Channel 31/0 : 1[d5000] -> 0[9000] via P2P/IPC comm 0x562efe01c3b0 nRanks 02
vcjob-2108088646234832897-abc12335-35908-worker-0:275:6781 [6] NCCL INFO Connected all rings
vcjob-2108088646234832897-abc12335-35908-worker-0:269:6780 [0] NCCL INFO Connected all rings
vcjob-2108088646234832897-abc12335-35908-worker-0:275:6781 [6] NCCL INFO Connected all trees
vcjob-2108088646234832897-abc12335-35908-worker-0:275:6781 [6] NCCL INFO threadThresholds 8/8/64 | 16/8/64 | 256 | 256
vcjob-2108088646234832897-abc12335-35908-worker-0:275:6781 [6] NCCL INFO 32 coll channels, 32 collnet channels, 0 nvls channels, 32 p2p channels, 16 p2p channels per peer
vcjob-2108088646234832897-abc12335-35908-worker-0:269:6780 [0] NCCL INFO Connected all trees
vcjob-2108088646234832897-abc12335-35908-worker-0:269:6780 [0] NCCL INFO threadThresholds 8/8/64 | 16/8/64 | 256 | 256
vcjob-2108088646234832897-abc12335-35908-worker-0:269:6780 [0] NCCL INFO 32 coll channels, 32 collnet channels, 0 nvls channels, 32 p2p channels, 16 p2p channels per peer
vcjob-2108088646234832897-abc12335-35908-worker-0:269:6780 [0] NCCL INFO CC Off, Multi-GPU CC Off, workFifoBytes 4194304
vcjob-2108088646234832897-abc12335-35908-worker-0:269:6780 [0] NCCL INFO ncclCommInitRank comm 0x55830f8e62e0 rank 0 nranks 2 cudaDev 0 nvmlDev 0 busId 9000 commId 0x47a9083d0789a29 localSize 480 used 1507840016 bytes on core 1 - Init COMPLETE
vcjob-2108088646234832897-abc12335-35908-worker-0:269:6780 [0] NCCL INFO Init timings: rank 0 nranks 2 total 0.31 (kernels 0.00, bootstrap 0.03, allgathers 0.01, topo 0.19, graphs 0.00, connections 0.09, rest 0.00)
vcjob-2108088646234832897-abc12335-35908-worker-0:275:6781 [6] NCCL INFO ncclCommInitRank comm 0x562efe01c3b0 rank 1 nranks 2 cudaDev 6 nvmlDev 6 busId d5000 commId 0x47a9083d0789a29 localSize 480 used 444105696 bytes on core 72 - Init COMPLETE
vcjob-2108088646234832897-abc12335-35908-worker-0:275:6781 [6] NCCL INFO Init timings: rank 1 nranks 2 total 0.31 (kernels 0.00, bootstrap 0.03, allgathers 0.00, topo 0.20, graphs 0.00, connections 0.09, rest 0.00)
I1008 14:56:29.952499   269 ProcessGroupNCCL.cpp:2890] [PG ID 0 PG GUID 0(default_pg) Rank 0] NCCL_DEBUG: INFO
I1008 14:56:29.952529   275 ProcessGroupNCCL.cpp:2890] [PG ID 0 PG GUID 0(default_pg) Rank 6] NCCL_DEBUG: INFO
vcjob-2108088646234832897-abc12335-35908-worker-0:275:6787 [6] NCCL INFO Channel 01/1 : 1[d5000] -> 0[9000] via P2P/IPC comm 0x562efe01c3b0 nRanks 02
vcjob-2108088646234832897-abc12335-35908-worker-0:275:6787 [6] NCCL INFO Channel 03/1 : 1[d5000] -> 0[9000] via P2P/IPC comm 0x562efe01c3b0 nRanks 02
vcjob-2108088646234832897-abc12335-35908-worker-0:275:6787 [6] NCCL INFO Channel 05/1 : 1[d5000] -> 0[9000] via P2P/IPC comm 0x562efe01c3b0 nRanks 02
vcjob-2108088646234832897-abc12335-35908-worker-0:275:6787 [6] NCCL INFO Channel 07/1 : 1[d5000] -> 0[9000] via P2P/IPC comm 0x562efe01c3b0 nRanks 02
vcjob-2108088646234832897-abc12335-35908-worker-0:275:6787 [6] NCCL INFO Channel 09/1 : 1[d5000] -> 0[9000] via P2P/IPC comm 0x562efe01c3b0 nRanks 02
vcjob-2108088646234832897-abc12335-35908-worker-0:275:6787 [6] NCCL INFO Channel 11/1 : 1[d5000] -> 0[9000] via P2P/IPC comm 0x562efe01c3b0 nRanks 02
vcjob-2108088646234832897-abc12335-35908-worker-0:275:6787 [6] NCCL INFO Channel 13/1 : 1[d5000] -> 0[9000] via P2P/IPC comm 0x562efe01c3b0 nRanks 02
vcjob-2108088646234832897-abc12335-35908-worker-0:275:6787 [6] NCCL INFO Channel 15/1 : 1[d5000] -> 0[9000] via P2P/IPC comm 0x562efe01c3b0 nRanks 02
vcjob-2108088646234832897-abc12335-35908-worker-0:275:6787 [6] NCCL INFO Channel 17/1 : 1[d5000] -> 0[9000] via P2P/IPC comm 0x562efe01c3b0 nRanks 02
vcjob-2108088646234832897-abc12335-35908-worker-0:275:6787 [6] NCCL INFO Channel 19/1 : 1[d5000] -> 0[9000] via P2P/IPC comm 0x562efe01c3b0 nRanks 02
vcjob-2108088646234832897-abc12335-35908-worker-0:275:6787 [6] NCCL INFO Channel 21/1 : 1[d5000] -> 0[9000] via P2P/IPC comm 0x562efe01c3b0 nRanks 02
vcjob-2108088646234832897-abc12335-35908-worker-0:275:6787 [6] NCCL INFO Channel 23/1 : 1[d5000] -> 0[9000] via P2P/IPC comm 0x562efe01c3b0 nRanks 02
vcjob-2108088646234832897-abc12335-35908-worker-0:275:6787 [6] NCCL INFO Channel 25/1 : 1[d5000] -> 0[9000] via P2P/IPC comm 0x562efe01c3b0 nRanks 02
vcjob-2108088646234832897-abc12335-35908-worker-0:275:6787 [6] NCCL INFO Channel 27/1 : 1[d5000] -> 0[9000] via P2P/IPC comm 0x562efe01c3b0 nRanks 02
vcjob-2108088646234832897-abc12335-35908-worker-0:275:6787 [6] NCCL INFO Channel 29/1 : 1[d5000] -> 0[9000] via P2P/IPC comm 0x562efe01c3b0 nRanks 02
vcjob-2108088646234832897-abc12335-35908-worker-0:275:6787 [6] NCCL INFO Channel 31/1 : 1[d5000] -> 0[9000] via P2P/IPC comm 0x562efe01c3b0 nRanks 02

vcjob-2108088646234832897-abc12335-35908-worker-0:269:269 [0] /data/jenkins_workspace/workspace/rccl_release/build/hipify/src/init.cc:170 NCCL WARN NUMA auto balancing enabled which can lead to variability in the RCCL performance! Disable by "sudo sysctl kernel.numa_balancing=0"
vcjob-2108088646234832897-abc12335-35908-worker-0:269:269 [0] NCCL INFO Kernel version: 5.15.0-25-generic

vcjob-2108088646234832897-abc12335-35908-worker-0:269:269 [0] /data/jenkins_workspace/workspace/rccl_release/build/hipify/src/init.cc:191 NCCL WARN Missing "iommu=pt" from kernel command line which can lead to system instablity or hang!
I1008 14:56:30.011910   269 ProcessGroupNCCL.cpp:2857] [PG ID 0 PG GUID 0(default_pg) Rank 0] ProcessGroupNCCL broadcast unique ID through store took 0.091941 ms
I1008 14:56:30.011945   269 NCCLUtils.cpp:75] Rank 0: creating NCCL communicator with mode: blocking

vcjob-2108088646234832897-abc12335-35908-worker-0:269:269 [0] /data/jenkins_workspace/workspace/rccl_release/build/hipify/src/init.cc:170 NCCL WARN NUMA auto balancing enabled which can lead to variability in the RCCL performance! Disable by "sudo sysctl kernel.numa_balancing=0"
vcjob-2108088646234832897-abc12335-35908-worker-0:269:269 [0] NCCL INFO Kernel version: 5.15.0-25-generic

vcjob-2108088646234832897-abc12335-35908-worker-0:269:269 [0] /data/jenkins_workspace/workspace/rccl_release/build/hipify/src/init.cc:191 NCCL WARN Missing "iommu=pt" from kernel command line which can lead to system instablity or hang!
I1008 14:56:30.012097   276 ProcessGroupNCCL.cpp:2857] [PG ID 0 PG GUID 0(default_pg) Rank 7] ProcessGroupNCCL broadcast unique ID through store took 2432.65 ms
I1008 14:56:30.012167   276 NCCLUtils.cpp:75] Rank 1: creating NCCL communicator with mode: blocking

vcjob-2108088646234832897-abc12335-35908-worker-0:276:276 [7] /data/jenkins_workspace/workspace/rccl_release/build/hipify/src/init.cc:170 NCCL WARN NUMA auto balancing enabled which can lead to variability in the RCCL performance! Disable by "sudo sysctl kernel.numa_balancing=0"
vcjob-2108088646234832897-abc12335-35908-worker-0:276:276 [7] NCCL INFO Kernel version: 5.15.0-25-generic

vcjob-2108088646234832897-abc12335-35908-worker-0:276:276 [7] /data/jenkins_workspace/workspace/rccl_release/build/hipify/src/init.cc:191 NCCL WARN Missing "iommu=pt" from kernel command line which can lead to system instablity or hang!
vcjob-2108088646234832897-abc12335-35908-worker-0:269:269 [0] NCCL INFO Comm config Blocking set to 1
vcjob-2108088646234832897-abc12335-35908-worker-0:269:6789 [0] NCCL INFO Using network IBext_v8
vcjob-2108088646234832897-abc12335-35908-worker-0:269:6789 [0] NCCL INFO rocm_smi_lib: version 7.6.0.0
vcjob-2108088646234832897-abc12335-35908-worker-0:276:276 [7] NCCL INFO Comm config Blocking set to 1
vcjob-2108088646234832897-abc12335-35908-worker-0:276:6790 [7] NCCL INFO Using network IBext_v8
vcjob-2108088646234832897-abc12335-35908-worker-0:276:6790 [7] NCCL INFO rocm_smi_lib: version 7.6.0.0
vcjob-2108088646234832897-abc12335-35908-worker-0:276:6790 [7] NCCL INFO ncclCommInitRank comm 0x561d8985a870 rank 1 nranks 2 cudaDev 7 nvmlDev 7 busId f5000 commId 0x5490e548921f0645 - Init START
vcjob-2108088646234832897-abc12335-35908-worker-0:269:6789 [0] NCCL INFO ncclCommInitRank comm 0x55830f9a1ac0 rank 0 nranks 2 cudaDev 0 nvmlDev 0 busId 9000 commId 0x5490e548921f0645 - Init START
vcjob-2108088646234832897-abc12335-35908-worker-0:276:6790 [7] NCCL INFO rank:1 get match hsa dev domain:0x0 bdf:0xf500 rank busId:0x1003520
vcjob-2108088646234832897-abc12335-35908-worker-0:269:6789 [0] NCCL INFO rank:0 get match hsa dev domain:0x0 bdf:0x900 rank busId:0x36864
vcjob-2108088646234832897-abc12335-35908-worker-0:276:6790 [7] NCCL INFO XDP Switch is off with xdp_size : 0
vcjob-2108088646234832897-abc12335-35908-worker-0:269:6789 [0] NCCL INFO XDP Switch is off with xdp_size : 0
vcjob-2108088646234832897-abc12335-35908-worker-0:276:6790 [7] NCCL INFO NCCL_TOPO_FILE set by environment to /root/private_data/second_hygon/phase4-arrival-heterogeneity/../rdma-shca/topo_lib/built-in-508-topo-input-tj-default.xml
vcjob-2108088646234832897-abc12335-35908-worker-0:269:6789 [0] NCCL INFO NCCL_TOPO_FILE set by environment to /root/private_data/second_hygon/phase4-arrival-heterogeneity/../rdma-shca/topo_lib/built-in-508-topo-input-tj-default.xml
vcjob-2108088646234832897-abc12335-35908-worker-0:276:6790 [7] NCCL INFO rocm_smi_lib: version 7.6.0.0
vcjob-2108088646234832897-abc12335-35908-worker-0:269:6789 [0] NCCL INFO rocm_smi_lib: version 7.6.0.0
vcjob-2108088646234832897-abc12335-35908-worker-0:276:6790 [7] NCCL INFO Setting affinity for GPU 7 to ffff0000,00000000,00000000
vcjob-2108088646234832897-abc12335-35908-worker-0:276:6790 [7] NCCL INFO Rank:1 Get link topo from rocmDev:0 linkNum:8 link:0 linkState:1 remote type:1 bdf:0x9b00 topoType:2
vcjob-2108088646234832897-abc12335-35908-worker-0:276:6790 [7] NCCL INFO Transport init rank 1 useXdp 0 linkTopoType 2
vcjob-2108088646234832897-abc12335-35908-worker-0:269:6789 [0] NCCL INFO Setting affinity for GPU 0 to ffff
vcjob-2108088646234832897-abc12335-35908-worker-0:269:6789 [0] NCCL INFO Rank:0 Get link topo from rocmDev:0 linkNum:8 link:0 linkState:1 remote type:1 bdf:0x9b00 topoType:2
vcjob-2108088646234832897-abc12335-35908-worker-0:269:6789 [0] NCCL INFO Transport init rank 0 useXdp 0 linkTopoType 2
vcjob-2108088646234832897-abc12335-35908-worker-0:269:6789 [0] NCCL INFO comm 0x55830f9a1ac0 rank 0 nRanks 2 nNodes 1 localRanks 2 localRank 0 MNNVL 0
vcjob-2108088646234832897-abc12335-35908-worker-0:269:6789 [0] NCCL INFO Channel 00/32 :    0   1
vcjob-2108088646234832897-abc12335-35908-worker-0:276:6790 [7] NCCL INFO comm 0x561d8985a870 rank 1 nRanks 2 nNodes 1 localRanks 2 localRank 1 MNNVL 0
vcjob-2108088646234832897-abc12335-35908-worker-0:269:6789 [0] NCCL INFO Channel 01/32 :    0   1
vcjob-2108088646234832897-abc12335-35908-worker-0:269:6789 [0] NCCL INFO Channel 02/32 :    0   1
vcjob-2108088646234832897-abc12335-35908-worker-0:269:6789 [0] NCCL INFO Channel 03/32 :    0   1
vcjob-2108088646234832897-abc12335-35908-worker-0:269:6789 [0] NCCL INFO Channel 04/32 :    0   1
vcjob-2108088646234832897-abc12335-35908-worker-0:269:6789 [0] NCCL INFO Channel 05/32 :    0   1
vcjob-2108088646234832897-abc12335-35908-worker-0:269:6789 [0] NCCL INFO Channel 06/32 :    0   1
vcjob-2108088646234832897-abc12335-35908-worker-0:269:6789 [0] NCCL INFO Channel 07/32 :    0   1
vcjob-2108088646234832897-abc12335-35908-worker-0:269:6789 [0] NCCL INFO Channel 08/32 :    0   1
vcjob-2108088646234832897-abc12335-35908-worker-0:269:6789 [0] NCCL INFO Channel 09/32 :    0   1
vcjob-2108088646234832897-abc12335-35908-worker-0:269:6789 [0] NCCL INFO Channel 10/32 :    0   1
vcjob-2108088646234832897-abc12335-35908-worker-0:269:6789 [0] NCCL INFO Channel 11/32 :    0   1
vcjob-2108088646234832897-abc12335-35908-worker-0:269:6789 [0] NCCL INFO Channel 12/32 :    0   1
vcjob-2108088646234832897-abc12335-35908-worker-0:269:6789 [0] NCCL INFO Channel 13/32 :    0   1
vcjob-2108088646234832897-abc12335-35908-worker-0:269:6789 [0] NCCL INFO Channel 14/32 :    0   1
vcjob-2108088646234832897-abc12335-35908-worker-0:269:6789 [0] NCCL INFO Channel 15/32 :    0   1
vcjob-2108088646234832897-abc12335-35908-worker-0:276:6790 [7] NCCL INFO Trees [0] -1/-1/-1->1->0 [1] -1/-1/-1->1->0 [2] -1/-1/-1->1->0 [3] 0/-1/-1->1->-1 [4] -1/-1/-1->1->0 [5] -1/-1/-1->1->0 [6] -1/-1/-1->1->0 [7] 0/-1/-1->1->-1 [8] -1/-1/-1->1->0 [9] -1/-1/-1->1->0 [10] -1/-1/-1->1->0 [11] 0/-1/-1->1->-1 [12] -1/-1/-1->1->0 [13] -1/-1/-1->1->0 [14] -1/-1/-1->1->0 [15] 0/-1/-1->1->-1 [16] -1/-1/-1->1->0 [17] -1/-1/-1->1->0 [18] -1/-1/-1->1->0 [19] 0/-1/-1->1->-1 [20] -1/-1/-1->1->0 [21] -1/-1/-1->1->0 [22] -1/-1/-1->1->0 [23] 0/-1/-1->1->-1 [24] -1/-1/-1->1->0 [25] -1/-1/-1->1->0 [26] -1/-1/-1->1->0 [27] 0/-1/-1->1->-1 [28] -1/-1/-1->1->0 [29] -1/-1/-1->1->0 [30] -1/-1/-1->1->0 [31] 0/-1/-1->1->-1 comm 0x561d8985a870 nRanks 02 busId f5000
vcjob-2108088646234832897-abc12335-35908-worker-0:269:6789 [0] NCCL INFO Channel 16/32 :    0   1
vcjob-2108088646234832897-abc12335-35908-worker-0:269:6789 [0] NCCL INFO Channel 17/32 :    0   1
vcjob-2108088646234832897-abc12335-35908-worker-0:269:6789 [0] NCCL INFO Channel 18/32 :    0   1
vcjob-2108088646234832897-abc12335-35908-worker-0:269:6789 [0] NCCL INFO Channel 19/32 :    0   1
vcjob-2108088646234832897-abc12335-35908-worker-0:276:6790 [7] NCCL INFO P2P Chunksize set to 262144
vcjob-2108088646234832897-abc12335-35908-worker-0:269:6789 [0] NCCL INFO Channel 20/32 :    0   1
vcjob-2108088646234832897-abc12335-35908-worker-0:269:6789 [0] NCCL INFO Channel 21/32 :    0   1
vcjob-2108088646234832897-abc12335-35908-worker-0:276:6790 [7] NCCL INFO comm->autoPerPeerOn: 1, comm->p2pnChannels: 32, comm->p2pnChannelsPerPeer: 16
vcjob-2108088646234832897-abc12335-35908-worker-0:269:6789 [0] NCCL INFO Channel 22/32 :    0   1
vcjob-2108088646234832897-abc12335-35908-worker-0:269:6789 [0] NCCL INFO Channel 23/32 :    0   1
vcjob-2108088646234832897-abc12335-35908-worker-0:269:6789 [0] NCCL INFO Channel 24/32 :    0   1
vcjob-2108088646234832897-abc12335-35908-worker-0:269:6789 [0] NCCL INFO Channel 25/32 :    0   1
vcjob-2108088646234832897-abc12335-35908-worker-0:269:6789 [0] NCCL INFO Channel 26/32 :    0   1
vcjob-2108088646234832897-abc12335-35908-worker-0:269:6789 [0] NCCL INFO Channel 27/32 :    0   1
vcjob-2108088646234832897-abc12335-35908-worker-0:269:6789 [0] NCCL INFO Channel 28/32 :    0   1
vcjob-2108088646234832897-abc12335-35908-worker-0:269:6789 [0] NCCL INFO Channel 29/32 :    0   1
vcjob-2108088646234832897-abc12335-35908-worker-0:269:6789 [0] NCCL INFO Channel 30/32 :    0   1
vcjob-2108088646234832897-abc12335-35908-worker-0:269:6789 [0] NCCL INFO Channel 31/32 :    0   1
vcjob-2108088646234832897-abc12335-35908-worker-0:269:6789 [0] NCCL INFO Trees [0] 1/-1/-1->0->-1 [1] 1/-1/-1->0->-1 [2] 1/-1/-1->0->-1 [3] -1/-1/-1->0->1 [4] 1/-1/-1->0->-1 [5] 1/-1/-1->0->-1 [6] 1/-1/-1->0->-1 [7] -1/-1/-1->0->1 [8] 1/-1/-1->0->-1 [9] 1/-1/-1->0->-1 [10] 1/-1/-1->0->-1 [11] -1/-1/-1->0->1 [12] 1/-1/-1->0->-1 [13] 1/-1/-1->0->-1 [14] 1/-1/-1->0->-1 [15] -1/-1/-1->0->1 [16] 1/-1/-1->0->-1 [17] 1/-1/-1->0->-1 [18] 1/-1/-1->0->-1 [19] -1/-1/-1->0->1 [20] 1/-1/-1->0->-1 [21] 1/-1/-1->0->-1 [22] 1/-1/-1->0->-1 [23] -1/-1/-1->0->1 [24] 1/-1/-1->0->-1 [25] 1/-1/-1->0->-1 [26] 1/-1/-1->0->-1 [27] -1/-1/-1->0->1 [28] 1/-1/-1->0->-1 [29] 1/-1/-1->0->-1 [30] 1/-1/-1->0->-1 [31] -1/-1/-1->0->1 comm 0x55830f9a1ac0 nRanks 02 busId 9000
vcjob-2108088646234832897-abc12335-35908-worker-0:269:6789 [0] NCCL INFO P2P Chunksize set to 262144
vcjob-2108088646234832897-abc12335-35908-worker-0:269:6789 [0] NCCL INFO comm->autoPerPeerOn: 1, comm->p2pnChannels: 32, comm->p2pnChannelsPerPeer: 16
vcjob-2108088646234832897-abc12335-35908-worker-0:269:6789 [0] NCCL INFO Channel 00/0 : 0[9000] -> 1[f5000] via P2P/IPC comm 0x55830f9a1ac0 nRanks 02
vcjob-2108088646234832897-abc12335-35908-worker-0:269:6789 [0] NCCL INFO Channel 01/0 : 0[9000] -> 1[f5000] via P2P/IPC comm 0x55830f9a1ac0 nRanks 02
vcjob-2108088646234832897-abc12335-35908-worker-0:269:6789 [0] NCCL INFO Channel 02/0 : 0[9000] -> 1[f5000] via P2P/IPC comm 0x55830f9a1ac0 nRanks 02
vcjob-2108088646234832897-abc12335-35908-worker-0:269:6789 [0] NCCL INFO Channel 03/0 : 0[9000] -> 1[f5000] via P2P/IPC comm 0x55830f9a1ac0 nRanks 02
vcjob-2108088646234832897-abc12335-35908-worker-0:269:6789 [0] NCCL INFO Channel 04/0 : 0[9000] -> 1[f5000] via P2P/IPC comm 0x55830f9a1ac0 nRanks 02
vcjob-2108088646234832897-abc12335-35908-worker-0:276:6790 [7] NCCL INFO Channel 00/0 : 1[f5000] -> 0[9000] via P2P/IPC comm 0x561d8985a870 nRanks 02
vcjob-2108088646234832897-abc12335-35908-worker-0:269:6789 [0] NCCL INFO Channel 05/0 : 0[9000] -> 1[f5000] via P2P/IPC comm 0x55830f9a1ac0 nRanks 02
vcjob-2108088646234832897-abc12335-35908-worker-0:276:6790 [7] NCCL INFO Channel 01/0 : 1[f5000] -> 0[9000] via P2P/IPC comm 0x561d8985a870 nRanks 02
vcjob-2108088646234832897-abc12335-35908-worker-0:269:6789 [0] NCCL INFO Channel 06/0 : 0[9000] -> 1[f5000] via P2P/IPC comm 0x55830f9a1ac0 nRanks 02
vcjob-2108088646234832897-abc12335-35908-worker-0:276:6790 [7] NCCL INFO Channel 02/0 : 1[f5000] -> 0[9000] via P2P/IPC comm 0x561d8985a870 nRanks 02
vcjob-2108088646234832897-abc12335-35908-worker-0:269:6789 [0] NCCL INFO Channel 07/0 : 0[9000] -> 1[f5000] via P2P/IPC comm 0x55830f9a1ac0 nRanks 02
vcjob-2108088646234832897-abc12335-35908-worker-0:276:6790 [7] NCCL INFO Channel 03/0 : 1[f5000] -> 0[9000] via P2P/IPC comm 0x561d8985a870 nRanks 02
vcjob-2108088646234832897-abc12335-35908-worker-0:276:6790 [7] NCCL INFO Channel 04/0 : 1[f5000] -> 0[9000] via P2P/IPC comm 0x561d8985a870 nRanks 02
vcjob-2108088646234832897-abc12335-35908-worker-0:269:6789 [0] NCCL INFO Channel 08/0 : 0[9000] -> 1[f5000] via P2P/IPC comm 0x55830f9a1ac0 nRanks 02
vcjob-2108088646234832897-abc12335-35908-worker-0:276:6790 [7] NCCL INFO Channel 05/0 : 1[f5000] -> 0[9000] via P2P/IPC comm 0x561d8985a870 nRanks 02
vcjob-2108088646234832897-abc12335-35908-worker-0:269:6789 [0] NCCL INFO Channel 09/0 : 0[9000] -> 1[f5000] via P2P/IPC comm 0x55830f9a1ac0 nRanks 02
vcjob-2108088646234832897-abc12335-35908-worker-0:276:6790 [7] NCCL INFO Channel 06/0 : 1[f5000] -> 0[9000] via P2P/IPC comm 0x561d8985a870 nRanks 02
vcjob-2108088646234832897-abc12335-35908-worker-0:276:6790 [7] NCCL INFO Channel 07/0 : 1[f5000] -> 0[9000] via P2P/IPC comm 0x561d8985a870 nRanks 02
vcjob-2108088646234832897-abc12335-35908-worker-0:269:6789 [0] NCCL INFO Channel 10/0 : 0[9000] -> 1[f5000] via P2P/IPC comm 0x55830f9a1ac0 nRanks 02
vcjob-2108088646234832897-abc12335-35908-worker-0:276:6790 [7] NCCL INFO Channel 08/0 : 1[f5000] -> 0[9000] via P2P/IPC comm 0x561d8985a870 nRanks 02
vcjob-2108088646234832897-abc12335-35908-worker-0:269:6789 [0] NCCL INFO Channel 11/0 : 0[9000] -> 1[f5000] via P2P/IPC comm 0x55830f9a1ac0 nRanks 02
vcjob-2108088646234832897-abc12335-35908-worker-0:276:6790 [7] NCCL INFO Channel 09/0 : 1[f5000] -> 0[9000] via P2P/IPC comm 0x561d8985a870 nRanks 02
vcjob-2108088646234832897-abc12335-35908-worker-0:269:6789 [0] NCCL INFO Channel 12/0 : 0[9000] -> 1[f5000] via P2P/IPC comm 0x55830f9a1ac0 nRanks 02
vcjob-2108088646234832897-abc12335-35908-worker-0:276:6790 [7] NCCL INFO Channel 10/0 : 1[f5000] -> 0[9000] via P2P/IPC comm 0x561d8985a870 nRanks 02
vcjob-2108088646234832897-abc12335-35908-worker-0:276:6790 [7] NCCL INFO Channel 11/0 : 1[f5000] -> 0[9000] via P2P/IPC comm 0x561d8985a870 nRanks 02
vcjob-2108088646234832897-abc12335-35908-worker-0:269:6789 [0] NCCL INFO Channel 13/0 : 0[9000] -> 1[f5000] via P2P/IPC comm 0x55830f9a1ac0 nRanks 02
vcjob-2108088646234832897-abc12335-35908-worker-0:276:6790 [7] NCCL INFO Channel 12/0 : 1[f5000] -> 0[9000] via P2P/IPC comm 0x561d8985a870 nRanks 02
vcjob-2108088646234832897-abc12335-35908-worker-0:269:6789 [0] NCCL INFO Channel 14/0 : 0[9000] -> 1[f5000] via P2P/IPC comm 0x55830f9a1ac0 nRanks 02
vcjob-2108088646234832897-abc12335-35908-worker-0:276:6790 [7] NCCL INFO Channel 13/0 : 1[f5000] -> 0[9000] via P2P/IPC comm 0x561d8985a870 nRanks 02
vcjob-2108088646234832897-abc12335-35908-worker-0:269:6789 [0] NCCL INFO Channel 15/0 : 0[9000] -> 1[f5000] via P2P/IPC comm 0x55830f9a1ac0 nRanks 02
vcjob-2108088646234832897-abc12335-35908-worker-0:276:6790 [7] NCCL INFO Channel 14/0 : 1[f5000] -> 0[9000] via P2P/IPC comm 0x561d8985a870 nRanks 02
vcjob-2108088646234832897-abc12335-35908-worker-0:269:6789 [0] NCCL INFO Channel 16/0 : 0[9000] -> 1[f5000] via P2P/IPC comm 0x55830f9a1ac0 nRanks 02
vcjob-2108088646234832897-abc12335-35908-worker-0:276:6790 [7] NCCL INFO Channel 15/0 : 1[f5000] -> 0[9000] via P2P/IPC comm 0x561d8985a870 nRanks 02
vcjob-2108088646234832897-abc12335-35908-worker-0:269:6789 [0] NCCL INFO Channel 17/0 : 0[9000] -> 1[f5000] via P2P/IPC comm 0x55830f9a1ac0 nRanks 02
vcjob-2108088646234832897-abc12335-35908-worker-0:276:6790 [7] NCCL INFO Channel 16/0 : 1[f5000] -> 0[9000] via P2P/IPC comm 0x561d8985a870 nRanks 02
vcjob-2108088646234832897-abc12335-35908-worker-0:276:6790 [7] NCCL INFO Channel 17/0 : 1[f5000] -> 0[9000] via P2P/IPC comm 0x561d8985a870 nRanks 02
vcjob-2108088646234832897-abc12335-35908-worker-0:269:6789 [0] NCCL INFO Channel 18/0 : 0[9000] -> 1[f5000] via P2P/IPC comm 0x55830f9a1ac0 nRanks 02
vcjob-2108088646234832897-abc12335-35908-worker-0:276:6790 [7] NCCL INFO Channel 18/0 : 1[f5000] -> 0[9000] via P2P/IPC comm 0x561d8985a870 nRanks 02
vcjob-2108088646234832897-abc12335-35908-worker-0:269:6789 [0] NCCL INFO Channel 19/0 : 0[9000] -> 1[f5000] via P2P/IPC comm 0x55830f9a1ac0 nRanks 02
vcjob-2108088646234832897-abc12335-35908-worker-0:276:6790 [7] NCCL INFO Channel 19/0 : 1[f5000] -> 0[9000] via P2P/IPC comm 0x561d8985a870 nRanks 02
vcjob-2108088646234832897-abc12335-35908-worker-0:269:6789 [0] NCCL INFO Channel 20/0 : 0[9000] -> 1[f5000] via P2P/IPC comm 0x55830f9a1ac0 nRanks 02
vcjob-2108088646234832897-abc12335-35908-worker-0:276:6790 [7] NCCL INFO Channel 20/0 : 1[f5000] -> 0[9000] via P2P/IPC comm 0x561d8985a870 nRanks 02
vcjob-2108088646234832897-abc12335-35908-worker-0:276:6790 [7] NCCL INFO Channel 21/0 : 1[f5000] -> 0[9000] via P2P/IPC comm 0x561d8985a870 nRanks 02
vcjob-2108088646234832897-abc12335-35908-worker-0:269:6789 [0] NCCL INFO Channel 21/0 : 0[9000] -> 1[f5000] via P2P/IPC comm 0x55830f9a1ac0 nRanks 02
vcjob-2108088646234832897-abc12335-35908-worker-0:276:6790 [7] NCCL INFO Channel 22/0 : 1[f5000] -> 0[9000] via P2P/IPC comm 0x561d8985a870 nRanks 02
vcjob-2108088646234832897-abc12335-35908-worker-0:269:6789 [0] NCCL INFO Channel 22/0 : 0[9000] -> 1[f5000] via P2P/IPC comm 0x55830f9a1ac0 nRanks 02
vcjob-2108088646234832897-abc12335-35908-worker-0:276:6790 [7] NCCL INFO Channel 23/0 : 1[f5000] -> 0[9000] via P2P/IPC comm 0x561d8985a870 nRanks 02
vcjob-2108088646234832897-abc12335-35908-worker-0:269:6789 [0] NCCL INFO Channel 23/0 : 0[9000] -> 1[f5000] via P2P/IPC comm 0x55830f9a1ac0 nRanks 02
vcjob-2108088646234832897-abc12335-35908-worker-0:276:6790 [7] NCCL INFO Channel 24/0 : 1[f5000] -> 0[9000] via P2P/IPC comm 0x561d8985a870 nRanks 02
vcjob-2108088646234832897-abc12335-35908-worker-0:269:6789 [0] NCCL INFO Channel 24/0 : 0[9000] -> 1[f5000] via P2P/IPC comm 0x55830f9a1ac0 nRanks 02
vcjob-2108088646234832897-abc12335-35908-worker-0:276:6790 [7] NCCL INFO Channel 25/0 : 1[f5000] -> 0[9000] via P2P/IPC comm 0x561d8985a870 nRanks 02
vcjob-2108088646234832897-abc12335-35908-worker-0:276:6790 [7] NCCL INFO Channel 26/0 : 1[f5000] -> 0[9000] via P2P/IPC comm 0x561d8985a870 nRanks 02
vcjob-2108088646234832897-abc12335-35908-worker-0:269:6789 [0] NCCL INFO Channel 25/0 : 0[9000] -> 1[f5000] via P2P/IPC comm 0x55830f9a1ac0 nRanks 02
vcjob-2108088646234832897-abc12335-35908-worker-0:276:6790 [7] NCCL INFO Channel 27/0 : 1[f5000] -> 0[9000] via P2P/IPC comm 0x561d8985a870 nRanks 02
vcjob-2108088646234832897-abc12335-35908-worker-0:269:6789 [0] NCCL INFO Channel 26/0 : 0[9000] -> 1[f5000] via P2P/IPC comm 0x55830f9a1ac0 nRanks 02
vcjob-2108088646234832897-abc12335-35908-worker-0:276:6790 [7] NCCL INFO Channel 28/0 : 1[f5000] -> 0[9000] via P2P/IPC comm 0x561d8985a870 nRanks 02
vcjob-2108088646234832897-abc12335-35908-worker-0:269:6789 [0] NCCL INFO Channel 27/0 : 0[9000] -> 1[f5000] via P2P/IPC comm 0x55830f9a1ac0 nRanks 02
vcjob-2108088646234832897-abc12335-35908-worker-0:276:6790 [7] NCCL INFO Channel 29/0 : 1[f5000] -> 0[9000] via P2P/IPC comm 0x561d8985a870 nRanks 02
vcjob-2108088646234832897-abc12335-35908-worker-0:269:6789 [0] NCCL INFO Channel 28/0 : 0[9000] -> 1[f5000] via P2P/IPC comm 0x55830f9a1ac0 nRanks 02
vcjob-2108088646234832897-abc12335-35908-worker-0:276:6790 [7] NCCL INFO Channel 30/0 : 1[f5000] -> 0[9000] via P2P/IPC comm 0x561d8985a870 nRanks 02
vcjob-2108088646234832897-abc12335-35908-worker-0:276:6790 [7] NCCL INFO Channel 31/0 : 1[f5000] -> 0[9000] via P2P/IPC comm 0x561d8985a870 nRanks 02
vcjob-2108088646234832897-abc12335-35908-worker-0:269:6789 [0] NCCL INFO Channel 29/0 : 0[9000] -> 1[f5000] via P2P/IPC comm 0x55830f9a1ac0 nRanks 02
vcjob-2108088646234832897-abc12335-35908-worker-0:269:6789 [0] NCCL INFO Channel 30/0 : 0[9000] -> 1[f5000] via P2P/IPC comm 0x55830f9a1ac0 nRanks 02
vcjob-2108088646234832897-abc12335-35908-worker-0:269:6789 [0] NCCL INFO Channel 31/0 : 0[9000] -> 1[f5000] via P2P/IPC comm 0x55830f9a1ac0 nRanks 02
vcjob-2108088646234832897-abc12335-35908-worker-0:276:6790 [7] NCCL INFO Connected all rings
vcjob-2108088646234832897-abc12335-35908-worker-0:269:6789 [0] NCCL INFO Connected all rings
vcjob-2108088646234832897-abc12335-35908-worker-0:269:6789 [0] NCCL INFO Connected all trees
vcjob-2108088646234832897-abc12335-35908-worker-0:276:6790 [7] NCCL INFO Connected all trees
vcjob-2108088646234832897-abc12335-35908-worker-0:276:6790 [7] NCCL INFO threadThresholds 8/8/64 | 16/8/64 | 256 | 256
vcjob-2108088646234832897-abc12335-35908-worker-0:276:6790 [7] NCCL INFO 32 coll channels, 32 collnet channels, 0 nvls channels, 32 p2p channels, 16 p2p channels per peer
vcjob-2108088646234832897-abc12335-35908-worker-0:269:6789 [0] NCCL INFO threadThresholds 8/8/64 | 16/8/64 | 256 | 256
vcjob-2108088646234832897-abc12335-35908-worker-0:269:6789 [0] NCCL INFO 32 coll channels, 32 collnet channels, 0 nvls channels, 32 p2p channels, 16 p2p channels per peer
vcjob-2108088646234832897-abc12335-35908-worker-0:269:6789 [0] NCCL INFO CC Off, Multi-GPU CC Off, workFifoBytes 4194304
vcjob-2108088646234832897-abc12335-35908-worker-0:276:6790 [7] NCCL INFO ncclCommInitRank comm 0x561d8985a870 rank 1 nranks 2 cudaDev 7 nvmlDev 7 busId f5000 commId 0x5490e548921f0645 localSize 480 used 444105696 bytes on core 80 - Init COMPLETE
vcjob-2108088646234832897-abc12335-35908-worker-0:269:6789 [0] NCCL INFO ncclCommInitRank comm 0x55830f9a1ac0 rank 0 nranks 2 cudaDev 0 nvmlDev 0 busId 9000 commId 0x5490e548921f0645 localSize 480 used 1711051392 bytes on core 8 - Init COMPLETE
vcjob-2108088646234832897-abc12335-35908-worker-0:269:6789 [0] NCCL INFO Init timings: rank 0 nranks 2 total 0.39 (kernels 0.00, bootstrap 0.06, allgathers 0.00, topo 0.23, graphs 0.00, connections 0.09, rest 0.00)
vcjob-2108088646234832897-abc12335-35908-worker-0:276:6790 [7] NCCL INFO Init timings: rank 1 nranks 2 total 0.39 (kernels 0.00, bootstrap 0.06, allgathers 0.01, topo 0.22, graphs 0.00, connections 0.09, rest 0.00)
I1008 14:56:30.400897   269 ProcessGroupNCCL.cpp:2890] [PG ID 0 PG GUID 0(default_pg) Rank 0] NCCL_DEBUG: INFO
I1008 14:56:30.400914   276 ProcessGroupNCCL.cpp:2890] [PG ID 0 PG GUID 0(default_pg) Rank 7] NCCL_DEBUG: INFO
vcjob-2108088646234832897-abc12335-35908-worker-0:276:6795 [7] NCCL INFO Channel 01/1 : 1[f5000] -> 0[9000] via P2P/IPC comm 0x561d8985a870 nRanks 02
vcjob-2108088646234832897-abc12335-35908-worker-0:276:6795 [7] NCCL INFO Channel 03/1 : 1[f5000] -> 0[9000] via P2P/IPC comm 0x561d8985a870 nRanks 02
vcjob-2108088646234832897-abc12335-35908-worker-0:276:6795 [7] NCCL INFO Channel 05/1 : 1[f5000] -> 0[9000] via P2P/IPC comm 0x561d8985a870 nRanks 02
vcjob-2108088646234832897-abc12335-35908-worker-0:276:6795 [7] NCCL INFO Channel 07/1 : 1[f5000] -> 0[9000] via P2P/IPC comm 0x561d8985a870 nRanks 02
vcjob-2108088646234832897-abc12335-35908-worker-0:276:6795 [7] NCCL INFO Channel 09/1 : 1[f5000] -> 0[9000] via P2P/IPC comm 0x561d8985a870 nRanks 02
vcjob-2108088646234832897-abc12335-35908-worker-0:276:6795 [7] NCCL INFO Channel 11/1 : 1[f5000] -> 0[9000] via P2P/IPC comm 0x561d8985a870 nRanks 02
vcjob-2108088646234832897-abc12335-35908-worker-0:276:6795 [7] NCCL INFO Channel 13/1 : 1[f5000] -> 0[9000] via P2P/IPC comm 0x561d8985a870 nRanks 02
vcjob-2108088646234832897-abc12335-35908-worker-0:276:6795 [7] NCCL INFO Channel 15/1 : 1[f5000] -> 0[9000] via P2P/IPC comm 0x561d8985a870 nRanks 02
vcjob-2108088646234832897-abc12335-35908-worker-0:276:6795 [7] NCCL INFO Channel 17/1 : 1[f5000] -> 0[9000] via P2P/IPC comm 0x561d8985a870 nRanks 02
vcjob-2108088646234832897-abc12335-35908-worker-0:276:6795 [7] NCCL INFO Channel 19/1 : 1[f5000] -> 0[9000] via P2P/IPC comm 0x561d8985a870 nRanks 02
vcjob-2108088646234832897-abc12335-35908-worker-0:276:6795 [7] NCCL INFO Channel 21/1 : 1[f5000] -> 0[9000] via P2P/IPC comm 0x561d8985a870 nRanks 02
vcjob-2108088646234832897-abc12335-35908-worker-0:276:6795 [7] NCCL INFO Channel 23/1 : 1[f5000] -> 0[9000] via P2P/IPC comm 0x561d8985a870 nRanks 02
vcjob-2108088646234832897-abc12335-35908-worker-0:276:6795 [7] NCCL INFO Channel 25/1 : 1[f5000] -> 0[9000] via P2P/IPC comm 0x561d8985a870 nRanks 02
vcjob-2108088646234832897-abc12335-35908-worker-0:276:6795 [7] NCCL INFO Channel 27/1 : 1[f5000] -> 0[9000] via P2P/IPC comm 0x561d8985a870 nRanks 02
vcjob-2108088646234832897-abc12335-35908-worker-0:276:6795 [7] NCCL INFO Channel 29/1 : 1[f5000] -> 0[9000] via P2P/IPC comm 0x561d8985a870 nRanks 02
vcjob-2108088646234832897-abc12335-35908-worker-0:276:6795 [7] NCCL INFO Channel 31/1 : 1[f5000] -> 0[9000] via P2P/IPC comm 0x561d8985a870 nRanks 02

vcjob-2108088646234832897-abc12335-35908-worker-0:269:269 [0] /data/jenkins_workspace/workspace/rccl_release/build/hipify/src/init.cc:170 NCCL WARN NUMA auto balancing enabled which can lead to variability in the RCCL performance! Disable by "sudo sysctl kernel.numa_balancing=0"
vcjob-2108088646234832897-abc12335-35908-worker-0:269:269 [0] NCCL INFO Kernel version: 5.15.0-25-generic

vcjob-2108088646234832897-abc12335-35908-worker-0:269:269 [0] /data/jenkins_workspace/workspace/rccl_release/build/hipify/src/init.cc:191 NCCL WARN Missing "iommu=pt" from kernel command line which can lead to system instablity or hang!
I1008 14:56:30.448081   269 ProcessGroupNCCL.cpp:2857] [PG ID 0 PG GUID 0(default_pg) Rank 0] ProcessGroupNCCL broadcast unique ID through store took 0.10195 ms
I1008 14:56:30.448113   269 NCCLUtils.cpp:75] Rank 0: creating NCCL communicator with mode: blocking

vcjob-2108088646234832897-abc12335-35908-worker-0:269:269 [0] /data/jenkins_workspace/workspace/rccl_release/build/hipify/src/init.cc:170 NCCL WARN NUMA auto balancing enabled which can lead to variability in the RCCL performance! Disable by "sudo sysctl kernel.numa_balancing=0"
vcjob-2108088646234832897-abc12335-35908-worker-0:269:269 [0] NCCL INFO Kernel version: 5.15.0-25-generic

vcjob-2108088646234832897-abc12335-35908-worker-0:269:269 [0] /data/jenkins_workspace/workspace/rccl_release/build/hipify/src/init.cc:191 NCCL WARN Missing "iommu=pt" from kernel command line which can lead to system instablity or hang!
vcjob-2108088646234832897-abc12335-35908-worker-0:269:269 [0] NCCL INFO Comm config Blocking set to 1
vcjob-2108088646234832897-abc12335-35908-worker-0:269:6798 [0] NCCL INFO Using network IBext_v8
vcjob-2108088646234832897-abc12335-35908-worker-0:269:6798 [0] NCCL INFO rocm_smi_lib: version 7.6.0.0
vcjob-2108088646234832897-abc12335-35908-worker-0:269:6798 [0] NCCL INFO ncclCommInitRank comm 0x55830fa5d2a0 rank 0 nranks 2 cudaDev 0 nvmlDev 0 busId 9000 commId 0x97c6770d94a89067 - Init START
vcjob-2108088646234832897-abc12335-35908-worker-0:269:6798 [0] NCCL INFO rank:0 get match hsa dev domain:0x0 bdf:0x900 rank busId:0x36864
vcjob-2108088646234832897-abc12335-35908-worker-0:269:6798 [0] NCCL INFO XDP Switch is off with xdp_size : 0
vcjob-2108088646234832897-abc12335-35908-worker-0:269:6798 [0] NCCL INFO NCCL_TOPO_FILE set by environment to /root/private_data/second_hygon/phase4-arrival-heterogeneity/../rdma-shca/topo_lib/built-in-508-topo-input-tj-default.xml
vcjob-2108088646234832897-abc12335-35908-worker-0:269:6798 [0] NCCL INFO rocm_smi_lib: version 7.6.0.0
vcjob-2108088646234832897-abc12335-35908-worker-0:269:6798 [0] NCCL INFO Setting affinity for GPU 0 to ffff
vcjob-2108088646234832897-abc12335-35908-worker-0:269:6798 [0] NCCL INFO Rank:0 Get link topo from rocmDev:0 linkNum:8 link:0 linkState:1 remote type:1 bdf:0x9b00 topoType:2
vcjob-2108088646234832897-abc12335-35908-worker-0:269:6798 [0] NCCL INFO Transport init rank 0 useXdp 0 linkTopoType 2
vcjob-2108088646234832897-abc12335-35908-worker-0:269:6798 [0] NCCL INFO comm 0x55830fa5d2a0 rank 0 nRanks 2 nNodes 2 localRanks 1 localRank 0 MNNVL 0
vcjob-2108088646234832897-abc12335-35908-worker-0:269:6798 [0] NCCL INFO Channel 00/32 :    0   1
vcjob-2108088646234832897-abc12335-35908-worker-0:269:6798 [0] NCCL INFO Channel 01/32 :    0   1
vcjob-2108088646234832897-abc12335-35908-worker-0:269:6798 [0] NCCL INFO Channel 02/32 :    0   1
vcjob-2108088646234832897-abc12335-35908-worker-0:269:6798 [0] NCCL INFO Channel 03/32 :    0   1
vcjob-2108088646234832897-abc12335-35908-worker-0:269:6798 [0] NCCL INFO Channel 04/32 :    0   1
vcjob-2108088646234832897-abc12335-35908-worker-0:269:6798 [0] NCCL INFO Channel 05/32 :    0   1
vcjob-2108088646234832897-abc12335-35908-worker-0:269:6798 [0] NCCL INFO Channel 06/32 :    0   1
vcjob-2108088646234832897-abc12335-35908-worker-0:269:6798 [0] NCCL INFO Channel 07/32 :    0   1
vcjob-2108088646234832897-abc12335-35908-worker-0:269:6798 [0] NCCL INFO Channel 08/32 :    0   1
vcjob-2108088646234832897-abc12335-35908-worker-0:269:6798 [0] NCCL INFO Channel 09/32 :    0   1
vcjob-2108088646234832897-abc12335-35908-worker-0:269:6798 [0] NCCL INFO Channel 10/32 :    0   1
vcjob-2108088646234832897-abc12335-35908-worker-0:269:6798 [0] NCCL INFO Channel 11/32 :    0   1
vcjob-2108088646234832897-abc12335-35908-worker-0:269:6798 [0] NCCL INFO Channel 12/32 :    0   1
vcjob-2108088646234832897-abc12335-35908-worker-0:269:6798 [0] NCCL INFO Channel 13/32 :    0   1
vcjob-2108088646234832897-abc12335-35908-worker-0:269:6798 [0] NCCL INFO Channel 14/32 :    0   1
vcjob-2108088646234832897-abc12335-35908-worker-0:269:6798 [0] NCCL INFO Channel 15/32 :    0   1
vcjob-2108088646234832897-abc12335-35908-worker-0:269:6798 [0] NCCL INFO Channel 16/32 :    0   1
vcjob-2108088646234832897-abc12335-35908-worker-0:269:6798 [0] NCCL INFO Channel 17/32 :    0   1
vcjob-2108088646234832897-abc12335-35908-worker-0:269:6798 [0] NCCL INFO Channel 18/32 :    0   1
vcjob-2108088646234832897-abc12335-35908-worker-0:269:6798 [0] NCCL INFO Channel 19/32 :    0   1
vcjob-2108088646234832897-abc12335-35908-worker-0:269:6798 [0] NCCL INFO Channel 20/32 :    0   1
vcjob-2108088646234832897-abc12335-35908-worker-0:269:6798 [0] NCCL INFO Channel 21/32 :    0   1
vcjob-2108088646234832897-abc12335-35908-worker-0:269:6798 [0] NCCL INFO Channel 22/32 :    0   1
vcjob-2108088646234832897-abc12335-35908-worker-0:269:6798 [0] NCCL INFO Channel 23/32 :    0   1
vcjob-2108088646234832897-abc12335-35908-worker-0:269:6798 [0] NCCL INFO Channel 24/32 :    0   1
vcjob-2108088646234832897-abc12335-35908-worker-0:269:6798 [0] NCCL INFO Channel 25/32 :    0   1
vcjob-2108088646234832897-abc12335-35908-worker-0:269:6798 [0] NCCL INFO Channel 26/32 :    0   1
vcjob-2108088646234832897-abc12335-35908-worker-0:269:6798 [0] NCCL INFO Channel 27/32 :    0   1
vcjob-2108088646234832897-abc12335-35908-worker-0:269:6798 [0] NCCL INFO Channel 28/32 :    0   1
vcjob-2108088646234832897-abc12335-35908-worker-0:269:6798 [0] NCCL INFO Channel 29/32 :    0   1
vcjob-2108088646234832897-abc12335-35908-worker-0:269:6798 [0] NCCL INFO Channel 30/32 :    0   1
vcjob-2108088646234832897-abc12335-35908-worker-0:269:6798 [0] NCCL INFO Channel 31/32 :    0   1
vcjob-2108088646234832897-abc12335-35908-worker-0:269:6798 [0] NCCL INFO Trees [0] 1/-1/-1->0->-1 [1] 1/-1/-1->0->-1 [2] -1/-1/-1->0->1 [3] -1/-1/-1->0->1 [4] 1/-1/-1->0->-1 [5] 1/-1/-1->0->-1 [6] -1/-1/-1->0->1 [7] -1/-1/-1->0->1 [8] 1/-1/-1->0->-1 [9] 1/-1/-1->0->-1 [10] -1/-1/-1->0->1 [11] -1/-1/-1->0->1 [12] 1/-1/-1->0->-1 [13] 1/-1/-1->0->-1 [14] -1/-1/-1->0->1 [15] -1/-1/-1->0->1 [16] 1/-1/-1->0->-1 [17] 1/-1/-1->0->-1 [18] -1/-1/-1->0->1 [19] -1/-1/-1->0->1 [20] 1/-1/-1->0->-1 [21] 1/-1/-1->0->-1 [22] -1/-1/-1->0->1 [23] -1/-1/-1->0->1 [24] 1/-1/-1->0->-1 [25] 1/-1/-1->0->-1 [26] -1/-1/-1->0->1 [27] -1/-1/-1->0->1 [28] 1/-1/-1->0->-1 [29] 1/-1/-1->0->-1 [30] -1/-1/-1->0->1 [31] -1/-1/-1->0->1 comm 0x55830fa5d2a0 nRanks 02 busId 9000
vcjob-2108088646234832897-abc12335-35908-worker-0:269:6798 [0] NCCL INFO P2P Chunksize set to 131072
vcjob-2108088646234832897-abc12335-35908-worker-0:269:6798 [0] NCCL INFO comm->autoPerPeerOn: 1, comm->p2pnChannels: 32, comm->p2pnChannelsPerPeer: 32
vcjob-2108088646234832897-abc12335-35908-worker-0:269:6798 [0] NCCL INFO Channel 00/0 : 1[9000] -> 0[9000] [receive] via NET/IBext_v8/0/GDRDMA comm 0x55830fa5d2a0 nRanks 02
vcjob-2108088646234832897-abc12335-35908-worker-0:269:6798 [0] NCCL INFO Channel 01/0 : 1[9000] -> 0[9000] [receive] via NET/IBext_v8/0/GDRDMA comm 0x55830fa5d2a0 nRanks 02
vcjob-2108088646234832897-abc12335-35908-worker-0:269:6798 [0] NCCL INFO Channel 02/0 : 1[9000] -> 0[9000] [receive] via NET/IBext_v8/0/GDRDMA comm 0x55830fa5d2a0 nRanks 02
vcjob-2108088646234832897-abc12335-35908-worker-0:269:6798 [0] NCCL INFO Channel 03/0 : 1[9000] -> 0[9000] [receive] via NET/IBext_v8/0/GDRDMA comm 0x55830fa5d2a0 nRanks 02
vcjob-2108088646234832897-abc12335-35908-worker-0:269:6798 [0] NCCL INFO Channel 04/0 : 1[9000] -> 0[9000] [receive] via NET/IBext_v8/0/GDRDMA comm 0x55830fa5d2a0 nRanks 02
vcjob-2108088646234832897-abc12335-35908-worker-0:269:6798 [0] NCCL INFO Channel 05/0 : 1[9000] -> 0[9000] [receive] via NET/IBext_v8/0/GDRDMA comm 0x55830fa5d2a0 nRanks 02
vcjob-2108088646234832897-abc12335-35908-worker-0:269:6798 [0] NCCL INFO Channel 06/0 : 1[9000] -> 0[9000] [receive] via NET/IBext_v8/0/GDRDMA comm 0x55830fa5d2a0 nRanks 02
vcjob-2108088646234832897-abc12335-35908-worker-0:269:6798 [0] NCCL INFO Channel 07/0 : 1[9000] -> 0[9000] [receive] via NET/IBext_v8/0/GDRDMA comm 0x55830fa5d2a0 nRanks 02
vcjob-2108088646234832897-abc12335-35908-worker-0:269:6798 [0] NCCL INFO Channel 08/0 : 1[9000] -> 0[9000] [receive] via NET/IBext_v8/0/GDRDMA comm 0x55830fa5d2a0 nRanks 02
vcjob-2108088646234832897-abc12335-35908-worker-0:269:6798 [0] NCCL INFO Channel 09/0 : 1[9000] -> 0[9000] [receive] via NET/IBext_v8/0/GDRDMA comm 0x55830fa5d2a0 nRanks 02
vcjob-2108088646234832897-abc12335-35908-worker-0:269:6798 [0] NCCL INFO Channel 10/0 : 1[9000] -> 0[9000] [receive] via NET/IBext_v8/0/GDRDMA comm 0x55830fa5d2a0 nRanks 02
vcjob-2108088646234832897-abc12335-35908-worker-0:269:6798 [0] NCCL INFO Channel 11/0 : 1[9000] -> 0[9000] [receive] via NET/IBext_v8/0/GDRDMA comm 0x55830fa5d2a0 nRanks 02
vcjob-2108088646234832897-abc12335-35908-worker-0:269:6798 [0] NCCL INFO Channel 12/0 : 1[9000] -> 0[9000] [receive] via NET/IBext_v8/0/GDRDMA comm 0x55830fa5d2a0 nRanks 02
vcjob-2108088646234832897-abc12335-35908-worker-0:269:6798 [0] NCCL INFO Channel 13/0 : 1[9000] -> 0[9000] [receive] via NET/IBext_v8/0/GDRDMA comm 0x55830fa5d2a0 nRanks 02
vcjob-2108088646234832897-abc12335-35908-worker-0:269:6798 [0] NCCL INFO Channel 14/0 : 1[9000] -> 0[9000] [receive] via NET/IBext_v8/0/GDRDMA comm 0x55830fa5d2a0 nRanks 02
vcjob-2108088646234832897-abc12335-35908-worker-0:269:6798 [0] NCCL INFO Channel 15/0 : 1[9000] -> 0[9000] [receive] via NET/IBext_v8/0/GDRDMA comm 0x55830fa5d2a0 nRanks 02
vcjob-2108088646234832897-abc12335-35908-worker-0:269:6798 [0] NCCL INFO Channel 16/0 : 1[9000] -> 0[9000] [receive] via NET/IBext_v8/0/GDRDMA comm 0x55830fa5d2a0 nRanks 02
vcjob-2108088646234832897-abc12335-35908-worker-0:269:6798 [0] NCCL INFO Channel 17/0 : 1[9000] -> 0[9000] [receive] via NET/IBext_v8/0/GDRDMA comm 0x55830fa5d2a0 nRanks 02
vcjob-2108088646234832897-abc12335-35908-worker-0:269:6798 [0] NCCL INFO Channel 18/0 : 1[9000] -> 0[9000] [receive] via NET/IBext_v8/0/GDRDMA comm 0x55830fa5d2a0 nRanks 02
vcjob-2108088646234832897-abc12335-35908-worker-0:269:6798 [0] NCCL INFO Channel 19/0 : 1[9000] -> 0[9000] [receive] via NET/IBext_v8/0/GDRDMA comm 0x55830fa5d2a0 nRanks 02
vcjob-2108088646234832897-abc12335-35908-worker-0:269:6798 [0] NCCL INFO Channel 20/0 : 1[9000] -> 0[9000] [receive] via NET/IBext_v8/0/GDRDMA comm 0x55830fa5d2a0 nRanks 02
vcjob-2108088646234832897-abc12335-35908-worker-0:269:6798 [0] NCCL INFO Channel 21/0 : 1[9000] -> 0[9000] [receive] via NET/IBext_v8/0/GDRDMA comm 0x55830fa5d2a0 nRanks 02
vcjob-2108088646234832897-abc12335-35908-worker-0:269:6798 [0] NCCL INFO Channel 22/0 : 1[9000] -> 0[9000] [receive] via NET/IBext_v8/0/GDRDMA comm 0x55830fa5d2a0 nRanks 02
vcjob-2108088646234832897-abc12335-35908-worker-0:269:6798 [0] NCCL INFO Channel 23/0 : 1[9000] -> 0[9000] [receive] via NET/IBext_v8/0/GDRDMA comm 0x55830fa5d2a0 nRanks 02
vcjob-2108088646234832897-abc12335-35908-worker-0:269:6798 [0] NCCL INFO Channel 24/0 : 1[9000] -> 0[9000] [receive] via NET/IBext_v8/0/GDRDMA comm 0x55830fa5d2a0 nRanks 02
vcjob-2108088646234832897-abc12335-35908-worker-0:269:6798 [0] NCCL INFO Channel 25/0 : 1[9000] -> 0[9000] [receive] via NET/IBext_v8/0/GDRDMA comm 0x55830fa5d2a0 nRanks 02
vcjob-2108088646234832897-abc12335-35908-worker-0:269:6798 [0] NCCL INFO Channel 26/0 : 1[9000] -> 0[9000] [receive] via NET/IBext_v8/0/GDRDMA comm 0x55830fa5d2a0 nRanks 02
vcjob-2108088646234832897-abc12335-35908-worker-0:269:6798 [0] NCCL INFO Channel 27/0 : 1[9000] -> 0[9000] [receive] via NET/IBext_v8/0/GDRDMA comm 0x55830fa5d2a0 nRanks 02
vcjob-2108088646234832897-abc12335-35908-worker-0:269:6798 [0] NCCL INFO Channel 28/0 : 1[9000] -> 0[9000] [receive] via NET/IBext_v8/0/GDRDMA comm 0x55830fa5d2a0 nRanks 02
vcjob-2108088646234832897-abc12335-35908-worker-0:269:6798 [0] NCCL INFO Channel 29/0 : 1[9000] -> 0[9000] [receive] via NET/IBext_v8/0/GDRDMA comm 0x55830fa5d2a0 nRanks 02
vcjob-2108088646234832897-abc12335-35908-worker-0:269:6798 [0] NCCL INFO Channel 30/0 : 1[9000] -> 0[9000] [receive] via NET/IBext_v8/0/GDRDMA comm 0x55830fa5d2a0 nRanks 02
vcjob-2108088646234832897-abc12335-35908-worker-0:269:6798 [0] NCCL INFO Channel 31/0 : 1[9000] -> 0[9000] [receive] via NET/IBext_v8/0/GDRDMA comm 0x55830fa5d2a0 nRanks 02
vcjob-2108088646234832897-abc12335-35908-worker-0:269:6798 [0] NCCL INFO Channel 00/0 : 0[9000] -> 1[9000] [send] via NET/IBext_v8/0/GDRDMA comm 0x55830fa5d2a0 nRanks 02
vcjob-2108088646234832897-abc12335-35908-worker-0:269:6798 [0] NCCL INFO Channel 01/0 : 0[9000] -> 1[9000] [send] via NET/IBext_v8/0/GDRDMA comm 0x55830fa5d2a0 nRanks 02
vcjob-2108088646234832897-abc12335-35908-worker-0:269:6798 [0] NCCL INFO Channel 02/0 : 0[9000] -> 1[9000] [send] via NET/IBext_v8/0/GDRDMA comm 0x55830fa5d2a0 nRanks 02
vcjob-2108088646234832897-abc12335-35908-worker-0:269:6798 [0] NCCL INFO Channel 03/0 : 0[9000] -> 1[9000] [send] via NET/IBext_v8/0/GDRDMA comm 0x55830fa5d2a0 nRanks 02
vcjob-2108088646234832897-abc12335-35908-worker-0:269:6798 [0] NCCL INFO Channel 04/0 : 0[9000] -> 1[9000] [send] via NET/IBext_v8/0/GDRDMA comm 0x55830fa5d2a0 nRanks 02
vcjob-2108088646234832897-abc12335-35908-worker-0:269:6798 [0] NCCL INFO Channel 05/0 : 0[9000] -> 1[9000] [send] via NET/IBext_v8/0/GDRDMA comm 0x55830fa5d2a0 nRanks 02
vcjob-2108088646234832897-abc12335-35908-worker-0:269:6798 [0] NCCL INFO Channel 06/0 : 0[9000] -> 1[9000] [send] via NET/IBext_v8/0/GDRDMA comm 0x55830fa5d2a0 nRanks 02
vcjob-2108088646234832897-abc12335-35908-worker-0:269:6798 [0] NCCL INFO Channel 07/0 : 0[9000] -> 1[9000] [send] via NET/IBext_v8/0/GDRDMA comm 0x55830fa5d2a0 nRanks 02
vcjob-2108088646234832897-abc12335-35908-worker-0:269:6798 [0] NCCL INFO Channel 08/0 : 0[9000] -> 1[9000] [send] via NET/IBext_v8/0/GDRDMA comm 0x55830fa5d2a0 nRanks 02
vcjob-2108088646234832897-abc12335-35908-worker-0:269:6798 [0] NCCL INFO Channel 09/0 : 0[9000] -> 1[9000] [send] via NET/IBext_v8/0/GDRDMA comm 0x55830fa5d2a0 nRanks 02
vcjob-2108088646234832897-abc12335-35908-worker-0:269:6798 [0] NCCL INFO Channel 10/0 : 0[9000] -> 1[9000] [send] via NET/IBext_v8/0/GDRDMA comm 0x55830fa5d2a0 nRanks 02
vcjob-2108088646234832897-abc12335-35908-worker-0:269:6798 [0] NCCL INFO Channel 11/0 : 0[9000] -> 1[9000] [send] via NET/IBext_v8/0/GDRDMA comm 0x55830fa5d2a0 nRanks 02
vcjob-2108088646234832897-abc12335-35908-worker-0:269:6798 [0] NCCL INFO Channel 12/0 : 0[9000] -> 1[9000] [send] via NET/IBext_v8/0/GDRDMA comm 0x55830fa5d2a0 nRanks 02
vcjob-2108088646234832897-abc12335-35908-worker-0:269:6798 [0] NCCL INFO Channel 13/0 : 0[9000] -> 1[9000] [send] via NET/IBext_v8/0/GDRDMA comm 0x55830fa5d2a0 nRanks 02
vcjob-2108088646234832897-abc12335-35908-worker-0:269:6798 [0] NCCL INFO Channel 14/0 : 0[9000] -> 1[9000] [send] via NET/IBext_v8/0/GDRDMA comm 0x55830fa5d2a0 nRanks 02
vcjob-2108088646234832897-abc12335-35908-worker-0:269:6798 [0] NCCL INFO Channel 15/0 : 0[9000] -> 1[9000] [send] via NET/IBext_v8/0/GDRDMA comm 0x55830fa5d2a0 nRanks 02
vcjob-2108088646234832897-abc12335-35908-worker-0:269:6798 [0] NCCL INFO Channel 16/0 : 0[9000] -> 1[9000] [send] via NET/IBext_v8/0/GDRDMA comm 0x55830fa5d2a0 nRanks 02
vcjob-2108088646234832897-abc12335-35908-worker-0:269:6798 [0] NCCL INFO Channel 17/0 : 0[9000] -> 1[9000] [send] via NET/IBext_v8/0/GDRDMA comm 0x55830fa5d2a0 nRanks 02
vcjob-2108088646234832897-abc12335-35908-worker-0:269:6798 [0] NCCL INFO Channel 18/0 : 0[9000] -> 1[9000] [send] via NET/IBext_v8/0/GDRDMA comm 0x55830fa5d2a0 nRanks 02
vcjob-2108088646234832897-abc12335-35908-worker-0:269:6798 [0] NCCL INFO Channel 19/0 : 0[9000] -> 1[9000] [send] via NET/IBext_v8/0/GDRDMA comm 0x55830fa5d2a0 nRanks 02
vcjob-2108088646234832897-abc12335-35908-worker-0:269:6798 [0] NCCL INFO Channel 20/0 : 0[9000] -> 1[9000] [send] via NET/IBext_v8/0/GDRDMA comm 0x55830fa5d2a0 nRanks 02
vcjob-2108088646234832897-abc12335-35908-worker-0:269:6798 [0] NCCL INFO Channel 21/0 : 0[9000] -> 1[9000] [send] via NET/IBext_v8/0/GDRDMA comm 0x55830fa5d2a0 nRanks 02
vcjob-2108088646234832897-abc12335-35908-worker-0:269:6798 [0] NCCL INFO Channel 22/0 : 0[9000] -> 1[9000] [send] via NET/IBext_v8/0/GDRDMA comm 0x55830fa5d2a0 nRanks 02
vcjob-2108088646234832897-abc12335-35908-worker-0:269:6798 [0] NCCL INFO Channel 23/0 : 0[9000] -> 1[9000] [send] via NET/IBext_v8/0/GDRDMA comm 0x55830fa5d2a0 nRanks 02
vcjob-2108088646234832897-abc12335-35908-worker-0:269:6798 [0] NCCL INFO Channel 24/0 : 0[9000] -> 1[9000] [send] via NET/IBext_v8/0/GDRDMA comm 0x55830fa5d2a0 nRanks 02
vcjob-2108088646234832897-abc12335-35908-worker-0:269:6798 [0] NCCL INFO Channel 25/0 : 0[9000] -> 1[9000] [send] via NET/IBext_v8/0/GDRDMA comm 0x55830fa5d2a0 nRanks 02
vcjob-2108088646234832897-abc12335-35908-worker-0:269:6798 [0] NCCL INFO Channel 26/0 : 0[9000] -> 1[9000] [send] via NET/IBext_v8/0/GDRDMA comm 0x55830fa5d2a0 nRanks 02
vcjob-2108088646234832897-abc12335-35908-worker-0:269:6798 [0] NCCL INFO Channel 27/0 : 0[9000] -> 1[9000] [send] via NET/IBext_v8/0/GDRDMA comm 0x55830fa5d2a0 nRanks 02
vcjob-2108088646234832897-abc12335-35908-worker-0:269:6798 [0] NCCL INFO Channel 28/0 : 0[9000] -> 1[9000] [send] via NET/IBext_v8/0/GDRDMA comm 0x55830fa5d2a0 nRanks 02
vcjob-2108088646234832897-abc12335-35908-worker-0:269:6798 [0] NCCL INFO Channel 29/0 : 0[9000] -> 1[9000] [send] via NET/IBext_v8/0/GDRDMA comm 0x55830fa5d2a0 nRanks 02
vcjob-2108088646234832897-abc12335-35908-worker-0:269:6798 [0] NCCL INFO Channel 30/0 : 0[9000] -> 1[9000] [send] via NET/IBext_v8/0/GDRDMA comm 0x55830fa5d2a0 nRanks 02
vcjob-2108088646234832897-abc12335-35908-worker-0:269:6798 [0] NCCL INFO Channel 31/0 : 0[9000] -> 1[9000] [send] via NET/IBext_v8/0/GDRDMA comm 0x55830fa5d2a0 nRanks 02
vcjob-2108088646234832897-abc12335-35908-worker-0:269:6798 [0] NCCL INFO Connected all rings
vcjob-2108088646234832897-abc12335-35908-worker-0:269:6798 [0] NCCL INFO Connected all trees
vcjob-2108088646234832897-abc12335-35908-worker-0:269:6798 [0] NCCL INFO threadThresholds 8/8/64 | 16/8/64 | 256 | 256
vcjob-2108088646234832897-abc12335-35908-worker-0:269:6798 [0] NCCL INFO 32 coll channels, 32 collnet channels, 0 nvls channels, 32 p2p channels, 32 p2p channels per peer
vcjob-2108088646234832897-abc12335-35908-worker-0:269:6798 [0] NCCL INFO CC Off, Multi-GPU CC Off, workFifoBytes 4194304
vcjob-2108088646234832897-abc12335-35908-worker-0:269:6798 [0] NCCL INFO ncclCommInitRank comm 0x55830fa5d2a0 rank 0 nranks 2 cudaDev 0 nvmlDev 0 busId 9000 commId 0x97c6770d94a89067 localSize 480 used 1962365936 bytes on core 1 - Init COMPLETE
vcjob-2108088646234832897-abc12335-35908-worker-0:269:6798 [0] NCCL INFO Init timings: rank 0 nranks 2 total 0.59 (kernels 0.00, bootstrap 0.03, allgathers 0.01, topo 0.10, graphs 0.00, connections 0.45, rest 0.00)
I1008 14:56:31.094527   269 ProcessGroupNCCL.cpp:2890] [PG ID 0 PG GUID 0(default_pg) Rank 0] NCCL_DEBUG: INFO
vcjob-2108088646234832897-abc12335-35908-worker-0:269:6802 [0] NCCL INFO Channel 01/1 : 1[9000] -> 0[9000] [receive] via NET/IBext_v8/0/GDRDMA/Shared comm 0x55830fa5d2a0 nRanks 02
vcjob-2108088646234832897-abc12335-35908-worker-0:269:6802 [0] NCCL INFO Channel 03/1 : 1[9000] -> 0[9000] [receive] via NET/IBext_v8/0/GDRDMA/Shared comm 0x55830fa5d2a0 nRanks 02
vcjob-2108088646234832897-abc12335-35908-worker-0:269:6802 [0] NCCL INFO Channel 05/1 : 1[9000] -> 0[9000] [receive] via NET/IBext_v8/0/GDRDMA/Shared comm 0x55830fa5d2a0 nRanks 02
vcjob-2108088646234832897-abc12335-35908-worker-0:269:6802 [0] NCCL INFO Channel 07/1 : 1[9000] -> 0[9000] [receive] via NET/IBext_v8/0/GDRDMA/Shared comm 0x55830fa5d2a0 nRanks 02
vcjob-2108088646234832897-abc12335-35908-worker-0:269:6802 [0] NCCL INFO Channel 09/1 : 1[9000] -> 0[9000] [receive] via NET/IBext_v8/0/GDRDMA/Shared comm 0x55830fa5d2a0 nRanks 02
vcjob-2108088646234832897-abc12335-35908-worker-0:269:6802 [0] NCCL INFO Channel 11/1 : 1[9000] -> 0[9000] [receive] via NET/IBext_v8/0/GDRDMA/Shared comm 0x55830fa5d2a0 nRanks 02
vcjob-2108088646234832897-abc12335-35908-worker-0:269:6802 [0] NCCL INFO Channel 13/1 : 1[9000] -> 0[9000] [receive] via NET/IBext_v8/0/GDRDMA/Shared comm 0x55830fa5d2a0 nRanks 02
vcjob-2108088646234832897-abc12335-35908-worker-0:269:6802 [0] NCCL INFO Channel 15/1 : 1[9000] -> 0[9000] [receive] via NET/IBext_v8/0/GDRDMA/Shared comm 0x55830fa5d2a0 nRanks 02
vcjob-2108088646234832897-abc12335-35908-worker-0:269:6802 [0] NCCL INFO Channel 17/1 : 1[9000] -> 0[9000] [receive] via NET/IBext_v8/0/GDRDMA/Shared comm 0x55830fa5d2a0 nRanks 02
vcjob-2108088646234832897-abc12335-35908-worker-0:269:6802 [0] NCCL INFO Channel 19/1 : 1[9000] -> 0[9000] [receive] via NET/IBext_v8/0/GDRDMA/Shared comm 0x55830fa5d2a0 nRanks 02
vcjob-2108088646234832897-abc12335-35908-worker-0:269:6802 [0] NCCL INFO Channel 21/1 : 1[9000] -> 0[9000] [receive] via NET/IBext_v8/0/GDRDMA/Shared comm 0x55830fa5d2a0 nRanks 02
vcjob-2108088646234832897-abc12335-35908-worker-0:269:6802 [0] NCCL INFO Channel 23/1 : 1[9000] -> 0[9000] [receive] via NET/IBext_v8/0/GDRDMA/Shared comm 0x55830fa5d2a0 nRanks 02
vcjob-2108088646234832897-abc12335-35908-worker-0:269:6802 [0] NCCL INFO Channel 25/1 : 1[9000] -> 0[9000] [receive] via NET/IBext_v8/0/GDRDMA/Shared comm 0x55830fa5d2a0 nRanks 02
vcjob-2108088646234832897-abc12335-35908-worker-0:269:6802 [0] NCCL INFO Channel 27/1 : 1[9000] -> 0[9000] [receive] via NET/IBext_v8/0/GDRDMA/Shared comm 0x55830fa5d2a0 nRanks 02
vcjob-2108088646234832897-abc12335-35908-worker-0:269:6802 [0] NCCL INFO Channel 29/1 : 1[9000] -> 0[9000] [receive] via NET/IBext_v8/0/GDRDMA/Shared comm 0x55830fa5d2a0 nRanks 02
vcjob-2108088646234832897-abc12335-35908-worker-0:269:6802 [0] NCCL INFO Channel 31/1 : 1[9000] -> 0[9000] [receive] via NET/IBext_v8/0/GDRDMA/Shared comm 0x55830fa5d2a0 nRanks 02

vcjob-2108088646234832897-abc12335-35908-worker-0:269:269 [0] /data/jenkins_workspace/workspace/rccl_release/build/hipify/src/init.cc:170 NCCL WARN NUMA auto balancing enabled which can lead to variability in the RCCL performance! Disable by "sudo sysctl kernel.numa_balancing=0"
vcjob-2108088646234832897-abc12335-35908-worker-0:269:269 [0] NCCL INFO Kernel version: 5.15.0-25-generic

vcjob-2108088646234832897-abc12335-35908-worker-0:269:269 [0] /data/jenkins_workspace/workspace/rccl_release/build/hipify/src/init.cc:191 NCCL WARN Missing "iommu=pt" from kernel command line which can lead to system instablity or hang!
I1008 14:56:31.180681   269 ProcessGroupNCCL.cpp:2857] [PG ID 0 PG GUID 0(default_pg) Rank 0] ProcessGroupNCCL broadcast unique ID through store took 0.04489 ms
I1008 14:56:31.180711   269 NCCLUtils.cpp:75] Rank 0: creating NCCL communicator with mode: blocking

vcjob-2108088646234832897-abc12335-35908-worker-0:269:269 [0] /data/jenkins_workspace/workspace/rccl_release/build/hipify/src/init.cc:170 NCCL WARN NUMA auto balancing enabled which can lead to variability in the RCCL performance! Disable by "sudo sysctl kernel.numa_balancing=0"
vcjob-2108088646234832897-abc12335-35908-worker-0:269:269 [0] NCCL INFO Kernel version: 5.15.0-25-generic

vcjob-2108088646234832897-abc12335-35908-worker-0:269:269 [0] /data/jenkins_workspace/workspace/rccl_release/build/hipify/src/init.cc:191 NCCL WARN Missing "iommu=pt" from kernel command line which can lead to system instablity or hang!
vcjob-2108088646234832897-abc12335-35908-worker-0:269:6801 [0] NCCL INFO recvProxyProgress: issued GDR flush
vcjob-2108088646234832897-abc12335-35908-worker-0:269:269 [0] NCCL INFO Comm config Blocking set to 1
vcjob-2108088646234832897-abc12335-35908-worker-0:269:6804 [0] NCCL INFO Using network IBext_v8
vcjob-2108088646234832897-abc12335-35908-worker-0:269:6804 [0] NCCL INFO rocm_smi_lib: version 7.6.0.0
vcjob-2108088646234832897-abc12335-35908-worker-0:269:6804 [0] NCCL INFO ncclCommInitRank comm 0x55830fb18a80 rank 0 nranks 2 cudaDev 0 nvmlDev 0 busId 9000 commId 0x6e296deac91cbeb9 - Init START
vcjob-2108088646234832897-abc12335-35908-worker-0:269:6804 [0] NCCL INFO rank:0 get match hsa dev domain:0x0 bdf:0x900 rank busId:0x36864
vcjob-2108088646234832897-abc12335-35908-worker-0:269:6804 [0] NCCL INFO XDP Switch is off with xdp_size : 0
vcjob-2108088646234832897-abc12335-35908-worker-0:269:6804 [0] NCCL INFO NCCL_TOPO_FILE set by environment to /root/private_data/second_hygon/phase4-arrival-heterogeneity/../rdma-shca/topo_lib/built-in-508-topo-input-tj-default.xml
vcjob-2108088646234832897-abc12335-35908-worker-0:269:6804 [0] NCCL INFO rocm_smi_lib: version 7.6.0.0
vcjob-2108088646234832897-abc12335-35908-worker-0:269:6804 [0] NCCL INFO Setting affinity for GPU 0 to ffff
vcjob-2108088646234832897-abc12335-35908-worker-0:269:6804 [0] NCCL INFO Rank:0 Get link topo from rocmDev:0 linkNum:8 link:0 linkState:1 remote type:1 bdf:0x9b00 topoType:2
vcjob-2108088646234832897-abc12335-35908-worker-0:269:6804 [0] NCCL INFO Transport init rank 0 useXdp 0 linkTopoType 2
vcjob-2108088646234832897-abc12335-35908-worker-0:269:6804 [0] NCCL INFO comm 0x55830fb18a80 rank 0 nRanks 2 nNodes 2 localRanks 1 localRank 0 MNNVL 0
vcjob-2108088646234832897-abc12335-35908-worker-0:269:6804 [0] NCCL INFO Channel 00/32 :    0   1
vcjob-2108088646234832897-abc12335-35908-worker-0:269:6804 [0] NCCL INFO Channel 01/32 :    0   1
vcjob-2108088646234832897-abc12335-35908-worker-0:269:6804 [0] NCCL INFO Channel 02/32 :    0   1
vcjob-2108088646234832897-abc12335-35908-worker-0:269:6804 [0] NCCL INFO Channel 03/32 :    0   1
vcjob-2108088646234832897-abc12335-35908-worker-0:269:6804 [0] NCCL INFO Channel 04/32 :    0   1
vcjob-2108088646234832897-abc12335-35908-worker-0:269:6804 [0] NCCL INFO Channel 05/32 :    0   1
vcjob-2108088646234832897-abc12335-35908-worker-0:269:6804 [0] NCCL INFO Channel 06/32 :    0   1
vcjob-2108088646234832897-abc12335-35908-worker-0:269:6804 [0] NCCL INFO Channel 07/32 :    0   1
vcjob-2108088646234832897-abc12335-35908-worker-0:269:6804 [0] NCCL INFO Channel 08/32 :    0   1
vcjob-2108088646234832897-abc12335-35908-worker-0:269:6804 [0] NCCL INFO Channel 09/32 :    0   1
vcjob-2108088646234832897-abc12335-35908-worker-0:269:6804 [0] NCCL INFO Channel 10/32 :    0   1
vcjob-2108088646234832897-abc12335-35908-worker-0:269:6804 [0] NCCL INFO Channel 11/32 :    0   1
vcjob-2108088646234832897-abc12335-35908-worker-0:269:6804 [0] NCCL INFO Channel 12/32 :    0   1
vcjob-2108088646234832897-abc12335-35908-worker-0:269:6804 [0] NCCL INFO Channel 13/32 :    0   1
vcjob-2108088646234832897-abc12335-35908-worker-0:269:6804 [0] NCCL INFO Channel 14/32 :    0   1
vcjob-2108088646234832897-abc12335-35908-worker-0:269:6804 [0] NCCL INFO Channel 15/32 :    0   1
vcjob-2108088646234832897-abc12335-35908-worker-0:269:6804 [0] NCCL INFO Channel 16/32 :    0   1
vcjob-2108088646234832897-abc12335-35908-worker-0:269:6804 [0] NCCL INFO Channel 17/32 :    0   1
vcjob-2108088646234832897-abc12335-35908-worker-0:269:6804 [0] NCCL INFO Channel 18/32 :    0   1
vcjob-2108088646234832897-abc12335-35908-worker-0:269:6804 [0] NCCL INFO Channel 19/32 :    0   1
vcjob-2108088646234832897-abc12335-35908-worker-0:269:6804 [0] NCCL INFO Channel 20/32 :    0   1
vcjob-2108088646234832897-abc12335-35908-worker-0:269:6804 [0] NCCL INFO Channel 21/32 :    0   1
vcjob-2108088646234832897-abc12335-35908-worker-0:269:6804 [0] NCCL INFO Channel 22/32 :    0   1
vcjob-2108088646234832897-abc12335-35908-worker-0:269:6804 [0] NCCL INFO Channel 23/32 :    0   1
vcjob-2108088646234832897-abc12335-35908-worker-0:269:6804 [0] NCCL INFO Channel 24/32 :    0   1
vcjob-2108088646234832897-abc12335-35908-worker-0:269:6804 [0] NCCL INFO Channel 25/32 :    0   1
vcjob-2108088646234832897-abc12335-35908-worker-0:269:6804 [0] NCCL INFO Channel 26/32 :    0   1
vcjob-2108088646234832897-abc12335-35908-worker-0:269:6804 [0] NCCL INFO Channel 27/32 :    0   1
vcjob-2108088646234832897-abc12335-35908-worker-0:269:6804 [0] NCCL INFO Channel 28/32 :    0   1
vcjob-2108088646234832897-abc12335-35908-worker-0:269:6804 [0] NCCL INFO Channel 29/32 :    0   1
vcjob-2108088646234832897-abc12335-35908-worker-0:269:6804 [0] NCCL INFO Channel 30/32 :    0   1
vcjob-2108088646234832897-abc12335-35908-worker-0:269:6804 [0] NCCL INFO Channel 31/32 :    0   1
vcjob-2108088646234832897-abc12335-35908-worker-0:269:6804 [0] NCCL INFO Trees [0] 1/-1/-1->0->-1 [1] 1/-1/-1->0->-1 [2] -1/-1/-1->0->1 [3] -1/-1/-1->0->1 [4] 1/-1/-1->0->-1 [5] 1/-1/-1->0->-1 [6] -1/-1/-1->0->1 [7] -1/-1/-1->0->1 [8] 1/-1/-1->0->-1 [9] 1/-1/-1->0->-1 [10] -1/-1/-1->0->1 [11] -1/-1/-1->0->1 [12] 1/-1/-1->0->-1 [13] 1/-1/-1->0->-1 [14] -1/-1/-1->0->1 [15] -1/-1/-1->0->1 [16] 1/-1/-1->0->-1 [17] 1/-1/-1->0->-1 [18] -1/-1/-1->0->1 [19] -1/-1/-1->0->1 [20] 1/-1/-1->0->-1 [21] 1/-1/-1->0->-1 [22] -1/-1/-1->0->1 [23] -1/-1/-1->0->1 [24] 1/-1/-1->0->-1 [25] 1/-1/-1->0->-1 [26] -1/-1/-1->0->1 [27] -1/-1/-1->0->1 [28] 1/-1/-1->0->-1 [29] 1/-1/-1->0->-1 [30] -1/-1/-1->0->1 [31] -1/-1/-1->0->1 comm 0x55830fb18a80 nRanks 02 busId 9000
vcjob-2108088646234832897-abc12335-35908-worker-0:269:6804 [0] NCCL INFO P2P Chunksize set to 131072
vcjob-2108088646234832897-abc12335-35908-worker-0:269:6804 [0] NCCL INFO comm->autoPerPeerOn: 1, comm->p2pnChannels: 32, comm->p2pnChannelsPerPeer: 32
vcjob-2108088646234832897-abc12335-35908-worker-0:269:6804 [0] NCCL INFO Channel 00/0 : 1[36000] -> 0[9000] [receive] via NET/IBext_v8/0/GDRDMA comm 0x55830fb18a80 nRanks 02
vcjob-2108088646234832897-abc12335-35908-worker-0:269:6804 [0] NCCL INFO Channel 01/0 : 1[36000] -> 0[9000] [receive] via NET/IBext_v8/0/GDRDMA comm 0x55830fb18a80 nRanks 02
vcjob-2108088646234832897-abc12335-35908-worker-0:269:6804 [0] NCCL INFO Channel 02/0 : 1[36000] -> 0[9000] [receive] via NET/IBext_v8/0/GDRDMA comm 0x55830fb18a80 nRanks 02
vcjob-2108088646234832897-abc12335-35908-worker-0:269:6804 [0] NCCL INFO Channel 03/0 : 1[36000] -> 0[9000] [receive] via NET/IBext_v8/0/GDRDMA comm 0x55830fb18a80 nRanks 02
vcjob-2108088646234832897-abc12335-35908-worker-0:269:6804 [0] NCCL INFO Channel 04/0 : 1[36000] -> 0[9000] [receive] via NET/IBext_v8/0/GDRDMA comm 0x55830fb18a80 nRanks 02
vcjob-2108088646234832897-abc12335-35908-worker-0:269:6804 [0] NCCL INFO Channel 05/0 : 1[36000] -> 0[9000] [receive] via NET/IBext_v8/0/GDRDMA comm 0x55830fb18a80 nRanks 02
vcjob-2108088646234832897-abc12335-35908-worker-0:269:6804 [0] NCCL INFO Channel 06/0 : 1[36000] -> 0[9000] [receive] via NET/IBext_v8/0/GDRDMA comm 0x55830fb18a80 nRanks 02
vcjob-2108088646234832897-abc12335-35908-worker-0:269:6804 [0] NCCL INFO Channel 07/0 : 1[36000] -> 0[9000] [receive] via NET/IBext_v8/0/GDRDMA comm 0x55830fb18a80 nRanks 02
vcjob-2108088646234832897-abc12335-35908-worker-0:269:6804 [0] NCCL INFO Channel 08/0 : 1[36000] -> 0[9000] [receive] via NET/IBext_v8/0/GDRDMA comm 0x55830fb18a80 nRanks 02
vcjob-2108088646234832897-abc12335-35908-worker-0:269:6804 [0] NCCL INFO Channel 09/0 : 1[36000] -> 0[9000] [receive] via NET/IBext_v8/0/GDRDMA comm 0x55830fb18a80 nRanks 02
vcjob-2108088646234832897-abc12335-35908-worker-0:269:6804 [0] NCCL INFO Channel 10/0 : 1[36000] -> 0[9000] [receive] via NET/IBext_v8/0/GDRDMA comm 0x55830fb18a80 nRanks 02
vcjob-2108088646234832897-abc12335-35908-worker-0:269:6804 [0] NCCL INFO Channel 11/0 : 1[36000] -> 0[9000] [receive] via NET/IBext_v8/0/GDRDMA comm 0x55830fb18a80 nRanks 02
vcjob-2108088646234832897-abc12335-35908-worker-0:269:6804 [0] NCCL INFO Channel 12/0 : 1[36000] -> 0[9000] [receive] via NET/IBext_v8/0/GDRDMA comm 0x55830fb18a80 nRanks 02
vcjob-2108088646234832897-abc12335-35908-worker-0:269:6804 [0] NCCL INFO Channel 13/0 : 1[36000] -> 0[9000] [receive] via NET/IBext_v8/0/GDRDMA comm 0x55830fb18a80 nRanks 02
vcjob-2108088646234832897-abc12335-35908-worker-0:269:6804 [0] NCCL INFO Channel 14/0 : 1[36000] -> 0[9000] [receive] via NET/IBext_v8/0/GDRDMA comm 0x55830fb18a80 nRanks 02
vcjob-2108088646234832897-abc12335-35908-worker-0:269:6804 [0] NCCL INFO Channel 15/0 : 1[36000] -> 0[9000] [receive] via NET/IBext_v8/0/GDRDMA comm 0x55830fb18a80 nRanks 02
vcjob-2108088646234832897-abc12335-35908-worker-0:269:6804 [0] NCCL INFO Channel 16/0 : 1[36000] -> 0[9000] [receive] via NET/IBext_v8/0/GDRDMA comm 0x55830fb18a80 nRanks 02
vcjob-2108088646234832897-abc12335-35908-worker-0:269:6804 [0] NCCL INFO Channel 17/0 : 1[36000] -> 0[9000] [receive] via NET/IBext_v8/0/GDRDMA comm 0x55830fb18a80 nRanks 02
vcjob-2108088646234832897-abc12335-35908-worker-0:269:6804 [0] NCCL INFO Channel 18/0 : 1[36000] -> 0[9000] [receive] via NET/IBext_v8/0/GDRDMA comm 0x55830fb18a80 nRanks 02
vcjob-2108088646234832897-abc12335-35908-worker-0:269:6804 [0] NCCL INFO Channel 19/0 : 1[36000] -> 0[9000] [receive] via NET/IBext_v8/0/GDRDMA comm 0x55830fb18a80 nRanks 02
vcjob-2108088646234832897-abc12335-35908-worker-0:269:6804 [0] NCCL INFO Channel 20/0 : 1[36000] -> 0[9000] [receive] via NET/IBext_v8/0/GDRDMA comm 0x55830fb18a80 nRanks 02
vcjob-2108088646234832897-abc12335-35908-worker-0:269:6804 [0] NCCL INFO Channel 21/0 : 1[36000] -> 0[9000] [receive] via NET/IBext_v8/0/GDRDMA comm 0x55830fb18a80 nRanks 02
vcjob-2108088646234832897-abc12335-35908-worker-0:269:6804 [0] NCCL INFO Channel 22/0 : 1[36000] -> 0[9000] [receive] via NET/IBext_v8/0/GDRDMA comm 0x55830fb18a80 nRanks 02
vcjob-2108088646234832897-abc12335-35908-worker-0:269:6804 [0] NCCL INFO Channel 23/0 : 1[36000] -> 0[9000] [receive] via NET/IBext_v8/0/GDRDMA comm 0x55830fb18a80 nRanks 02
vcjob-2108088646234832897-abc12335-35908-worker-0:269:6804 [0] NCCL INFO Channel 24/0 : 1[36000] -> 0[9000] [receive] via NET/IBext_v8/0/GDRDMA comm 0x55830fb18a80 nRanks 02
vcjob-2108088646234832897-abc12335-35908-worker-0:269:6804 [0] NCCL INFO Channel 25/0 : 1[36000] -> 0[9000] [receive] via NET/IBext_v8/0/GDRDMA comm 0x55830fb18a80 nRanks 02
vcjob-2108088646234832897-abc12335-35908-worker-0:269:6804 [0] NCCL INFO Channel 26/0 : 1[36000] -> 0[9000] [receive] via NET/IBext_v8/0/GDRDMA comm 0x55830fb18a80 nRanks 02
vcjob-2108088646234832897-abc12335-35908-worker-0:269:6804 [0] NCCL INFO Channel 27/0 : 1[36000] -> 0[9000] [receive] via NET/IBext_v8/0/GDRDMA comm 0x55830fb18a80 nRanks 02
vcjob-2108088646234832897-abc12335-35908-worker-0:269:6804 [0] NCCL INFO Channel 28/0 : 1[36000] -> 0[9000] [receive] via NET/IBext_v8/0/GDRDMA comm 0x55830fb18a80 nRanks 02
vcjob-2108088646234832897-abc12335-35908-worker-0:269:6804 [0] NCCL INFO Channel 29/0 : 1[36000] -> 0[9000] [receive] via NET/IBext_v8/0/GDRDMA comm 0x55830fb18a80 nRanks 02
vcjob-2108088646234832897-abc12335-35908-worker-0:269:6804 [0] NCCL INFO Channel 30/0 : 1[36000] -> 0[9000] [receive] via NET/IBext_v8/0/GDRDMA comm 0x55830fb18a80 nRanks 02
vcjob-2108088646234832897-abc12335-35908-worker-0:269:6804 [0] NCCL INFO Channel 31/0 : 1[36000] -> 0[9000] [receive] via NET/IBext_v8/0/GDRDMA comm 0x55830fb18a80 nRanks 02
vcjob-2108088646234832897-abc12335-35908-worker-0:269:6804 [0] NCCL INFO Channel 00/0 : 0[9000] -> 1[36000] [send] via NET/IBext_v8/0/GDRDMA comm 0x55830fb18a80 nRanks 02
vcjob-2108088646234832897-abc12335-35908-worker-0:269:6804 [0] NCCL INFO Channel 01/0 : 0[9000] -> 1[36000] [send] via NET/IBext_v8/0/GDRDMA comm 0x55830fb18a80 nRanks 02
vcjob-2108088646234832897-abc12335-35908-worker-0:269:6804 [0] NCCL INFO Channel 02/0 : 0[9000] -> 1[36000] [send] via NET/IBext_v8/0/GDRDMA comm 0x55830fb18a80 nRanks 02
vcjob-2108088646234832897-abc12335-35908-worker-0:269:6804 [0] NCCL INFO Channel 03/0 : 0[9000] -> 1[36000] [send] via NET/IBext_v8/0/GDRDMA comm 0x55830fb18a80 nRanks 02
vcjob-2108088646234832897-abc12335-35908-worker-0:269:6804 [0] NCCL INFO Channel 04/0 : 0[9000] -> 1[36000] [send] via NET/IBext_v8/0/GDRDMA comm 0x55830fb18a80 nRanks 02
vcjob-2108088646234832897-abc12335-35908-worker-0:269:6804 [0] NCCL INFO Channel 05/0 : 0[9000] -> 1[36000] [send] via NET/IBext_v8/0/GDRDMA comm 0x55830fb18a80 nRanks 02
vcjob-2108088646234832897-abc12335-35908-worker-0:269:6804 [0] NCCL INFO Channel 06/0 : 0[9000] -> 1[36000] [send] via NET/IBext_v8/0/GDRDMA comm 0x55830fb18a80 nRanks 02
vcjob-2108088646234832897-abc12335-35908-worker-0:269:6804 [0] NCCL INFO Channel 07/0 : 0[9000] -> 1[36000] [send] via NET/IBext_v8/0/GDRDMA comm 0x55830fb18a80 nRanks 02
vcjob-2108088646234832897-abc12335-35908-worker-0:269:6804 [0] NCCL INFO Channel 08/0 : 0[9000] -> 1[36000] [send] via NET/IBext_v8/0/GDRDMA comm 0x55830fb18a80 nRanks 02
vcjob-2108088646234832897-abc12335-35908-worker-0:269:6804 [0] NCCL INFO Channel 09/0 : 0[9000] -> 1[36000] [send] via NET/IBext_v8/0/GDRDMA comm 0x55830fb18a80 nRanks 02
vcjob-2108088646234832897-abc12335-35908-worker-0:269:6804 [0] NCCL INFO Channel 10/0 : 0[9000] -> 1[36000] [send] via NET/IBext_v8/0/GDRDMA comm 0x55830fb18a80 nRanks 02
vcjob-2108088646234832897-abc12335-35908-worker-0:269:6804 [0] NCCL INFO Channel 11/0 : 0[9000] -> 1[36000] [send] via NET/IBext_v8/0/GDRDMA comm 0x55830fb18a80 nRanks 02
vcjob-2108088646234832897-abc12335-35908-worker-0:269:6804 [0] NCCL INFO Channel 12/0 : 0[9000] -> 1[36000] [send] via NET/IBext_v8/0/GDRDMA comm 0x55830fb18a80 nRanks 02
vcjob-2108088646234832897-abc12335-35908-worker-0:269:6804 [0] NCCL INFO Channel 13/0 : 0[9000] -> 1[36000] [send] via NET/IBext_v8/0/GDRDMA comm 0x55830fb18a80 nRanks 02
vcjob-2108088646234832897-abc12335-35908-worker-0:269:6804 [0] NCCL INFO Channel 14/0 : 0[9000] -> 1[36000] [send] via NET/IBext_v8/0/GDRDMA comm 0x55830fb18a80 nRanks 02
vcjob-2108088646234832897-abc12335-35908-worker-0:269:6804 [0] NCCL INFO Channel 15/0 : 0[9000] -> 1[36000] [send] via NET/IBext_v8/0/GDRDMA comm 0x55830fb18a80 nRanks 02
vcjob-2108088646234832897-abc12335-35908-worker-0:269:6804 [0] NCCL INFO Channel 16/0 : 0[9000] -> 1[36000] [send] via NET/IBext_v8/0/GDRDMA comm 0x55830fb18a80 nRanks 02
vcjob-2108088646234832897-abc12335-35908-worker-0:269:6804 [0] NCCL INFO Channel 17/0 : 0[9000] -> 1[36000] [send] via NET/IBext_v8/0/GDRDMA comm 0x55830fb18a80 nRanks 02
vcjob-2108088646234832897-abc12335-35908-worker-0:269:6804 [0] NCCL INFO Channel 18/0 : 0[9000] -> 1[36000] [send] via NET/IBext_v8/0/GDRDMA comm 0x55830fb18a80 nRanks 02
vcjob-2108088646234832897-abc12335-35908-worker-0:269:6804 [0] NCCL INFO Channel 19/0 : 0[9000] -> 1[36000] [send] via NET/IBext_v8/0/GDRDMA comm 0x55830fb18a80 nRanks 02
vcjob-2108088646234832897-abc12335-35908-worker-0:269:6804 [0] NCCL INFO Channel 20/0 : 0[9000] -> 1[36000] [send] via NET/IBext_v8/0/GDRDMA comm 0x55830fb18a80 nRanks 02
vcjob-2108088646234832897-abc12335-35908-worker-0:269:6804 [0] NCCL INFO Channel 21/0 : 0[9000] -> 1[36000] [send] via NET/IBext_v8/0/GDRDMA comm 0x55830fb18a80 nRanks 02
vcjob-2108088646234832897-abc12335-35908-worker-0:269:6804 [0] NCCL INFO Channel 22/0 : 0[9000] -> 1[36000] [send] via NET/IBext_v8/0/GDRDMA comm 0x55830fb18a80 nRanks 02
vcjob-2108088646234832897-abc12335-35908-worker-0:269:6804 [0] NCCL INFO Channel 23/0 : 0[9000] -> 1[36000] [send] via NET/IBext_v8/0/GDRDMA comm 0x55830fb18a80 nRanks 02
vcjob-2108088646234832897-abc12335-35908-worker-0:269:6804 [0] NCCL INFO Channel 24/0 : 0[9000] -> 1[36000] [send] via NET/IBext_v8/0/GDRDMA comm 0x55830fb18a80 nRanks 02
vcjob-2108088646234832897-abc12335-35908-worker-0:269:6804 [0] NCCL INFO Channel 25/0 : 0[9000] -> 1[36000] [send] via NET/IBext_v8/0/GDRDMA comm 0x55830fb18a80 nRanks 02
vcjob-2108088646234832897-abc12335-35908-worker-0:269:6804 [0] NCCL INFO Channel 26/0 : 0[9000] -> 1[36000] [send] via NET/IBext_v8/0/GDRDMA comm 0x55830fb18a80 nRanks 02
vcjob-2108088646234832897-abc12335-35908-worker-0:269:6804 [0] NCCL INFO Channel 27/0 : 0[9000] -> 1[36000] [send] via NET/IBext_v8/0/GDRDMA comm 0x55830fb18a80 nRanks 02
vcjob-2108088646234832897-abc12335-35908-worker-0:269:6804 [0] NCCL INFO Channel 28/0 : 0[9000] -> 1[36000] [send] via NET/IBext_v8/0/GDRDMA comm 0x55830fb18a80 nRanks 02
vcjob-2108088646234832897-abc12335-35908-worker-0:269:6804 [0] NCCL INFO Channel 29/0 : 0[9000] -> 1[36000] [send] via NET/IBext_v8/0/GDRDMA comm 0x55830fb18a80 nRanks 02
vcjob-2108088646234832897-abc12335-35908-worker-0:269:6804 [0] NCCL INFO Channel 30/0 : 0[9000] -> 1[36000] [send] via NET/IBext_v8/0/GDRDMA comm 0x55830fb18a80 nRanks 02
vcjob-2108088646234832897-abc12335-35908-worker-0:269:6804 [0] NCCL INFO Channel 31/0 : 0[9000] -> 1[36000] [send] via NET/IBext_v8/0/GDRDMA comm 0x55830fb18a80 nRanks 02
vcjob-2108088646234832897-abc12335-35908-worker-0:269:6804 [0] NCCL INFO Connected all rings
vcjob-2108088646234832897-abc12335-35908-worker-0:269:6804 [0] NCCL INFO Connected all trees
vcjob-2108088646234832897-abc12335-35908-worker-0:269:6804 [0] NCCL INFO threadThresholds 8/8/64 | 16/8/64 | 256 | 256
vcjob-2108088646234832897-abc12335-35908-worker-0:269:6804 [0] NCCL INFO 32 coll channels, 32 collnet channels, 0 nvls channels, 32 p2p channels, 32 p2p channels per peer
vcjob-2108088646234832897-abc12335-35908-worker-0:269:6804 [0] NCCL INFO CC Off, Multi-GPU CC Off, workFifoBytes 4194304
vcjob-2108088646234832897-abc12335-35908-worker-0:269:6804 [0] NCCL INFO ncclCommInitRank comm 0x55830fb18a80 rank 0 nranks 2 cudaDev 0 nvmlDev 0 busId 9000 commId 0x6e296deac91cbeb9 localSize 480 used 2235635040 bytes on core 8 - Init COMPLETE
vcjob-2108088646234832897-abc12335-35908-worker-0:269:6804 [0] NCCL INFO Init timings: rank 0 nranks 2 total 0.60 (kernels 0.00, bootstrap 0.02, allgathers 0.00, topo 0.10, graphs 0.00, connections 0.47, rest 0.00)
I1008 14:56:31.795181   269 ProcessGroupNCCL.cpp:2890] [PG ID 0 PG GUID 0(default_pg) Rank 0] NCCL_DEBUG: INFO
vcjob-2108088646234832897-abc12335-35908-worker-0:269:6808 [0] NCCL INFO Channel 01/1 : 1[36000] -> 0[9000] [receive] via NET/IBext_v8/0/GDRDMA/Shared comm 0x55830fb18a80 nRanks 02
vcjob-2108088646234832897-abc12335-35908-worker-0:269:6808 [0] NCCL INFO Channel 03/1 : 1[36000] -> 0[9000] [receive] via NET/IBext_v8/0/GDRDMA/Shared comm 0x55830fb18a80 nRanks 02
vcjob-2108088646234832897-abc12335-35908-worker-0:269:6808 [0] NCCL INFO Channel 05/1 : 1[36000] -> 0[9000] [receive] via NET/IBext_v8/0/GDRDMA/Shared comm 0x55830fb18a80 nRanks 02
vcjob-2108088646234832897-abc12335-35908-worker-0:269:6808 [0] NCCL INFO Channel 07/1 : 1[36000] -> 0[9000] [receive] via NET/IBext_v8/0/GDRDMA/Shared comm 0x55830fb18a80 nRanks 02
vcjob-2108088646234832897-abc12335-35908-worker-0:269:6808 [0] NCCL INFO Channel 09/1 : 1[36000] -> 0[9000] [receive] via NET/IBext_v8/0/GDRDMA/Shared comm 0x55830fb18a80 nRanks 02
vcjob-2108088646234832897-abc12335-35908-worker-0:269:6808 [0] NCCL INFO Channel 11/1 : 1[36000] -> 0[9000] [receive] via NET/IBext_v8/0/GDRDMA/Shared comm 0x55830fb18a80 nRanks 02
vcjob-2108088646234832897-abc12335-35908-worker-0:269:6808 [0] NCCL INFO Channel 13/1 : 1[36000] -> 0[9000] [receive] via NET/IBext_v8/0/GDRDMA/Shared comm 0x55830fb18a80 nRanks 02
vcjob-2108088646234832897-abc12335-35908-worker-0:269:6808 [0] NCCL INFO Channel 15/1 : 1[36000] -> 0[9000] [receive] via NET/IBext_v8/0/GDRDMA/Shared comm 0x55830fb18a80 nRanks 02
vcjob-2108088646234832897-abc12335-35908-worker-0:269:6808 [0] NCCL INFO Channel 17/1 : 1[36000] -> 0[9000] [receive] via NET/IBext_v8/0/GDRDMA/Shared comm 0x55830fb18a80 nRanks 02
vcjob-2108088646234832897-abc12335-35908-worker-0:269:6808 [0] NCCL INFO Channel 19/1 : 1[36000] -> 0[9000] [receive] via NET/IBext_v8/0/GDRDMA/Shared comm 0x55830fb18a80 nRanks 02
vcjob-2108088646234832897-abc12335-35908-worker-0:269:6808 [0] NCCL INFO Channel 21/1 : 1[36000] -> 0[9000] [receive] via NET/IBext_v8/0/GDRDMA/Shared comm 0x55830fb18a80 nRanks 02
vcjob-2108088646234832897-abc12335-35908-worker-0:269:6808 [0] NCCL INFO Channel 23/1 : 1[36000] -> 0[9000] [receive] via NET/IBext_v8/0/GDRDMA/Shared comm 0x55830fb18a80 nRanks 02
vcjob-2108088646234832897-abc12335-35908-worker-0:269:6808 [0] NCCL INFO Channel 25/1 : 1[36000] -> 0[9000] [receive] via NET/IBext_v8/0/GDRDMA/Shared comm 0x55830fb18a80 nRanks 02
vcjob-2108088646234832897-abc12335-35908-worker-0:269:6808 [0] NCCL INFO Channel 27/1 : 1[36000] -> 0[9000] [receive] via NET/IBext_v8/0/GDRDMA/Shared comm 0x55830fb18a80 nRanks 02
vcjob-2108088646234832897-abc12335-35908-worker-0:269:6808 [0] NCCL INFO Channel 29/1 : 1[36000] -> 0[9000] [receive] via NET/IBext_v8/0/GDRDMA/Shared comm 0x55830fb18a80 nRanks 02
vcjob-2108088646234832897-abc12335-35908-worker-0:269:6808 [0] NCCL INFO Channel 31/1 : 1[36000] -> 0[9000] [receive] via NET/IBext_v8/0/GDRDMA/Shared comm 0x55830fb18a80 nRanks 02

vcjob-2108088646234832897-abc12335-35908-worker-0:269:269 [0] /data/jenkins_workspace/workspace/rccl_release/build/hipify/src/init.cc:170 NCCL WARN NUMA auto balancing enabled which can lead to variability in the RCCL performance! Disable by "sudo sysctl kernel.numa_balancing=0"
vcjob-2108088646234832897-abc12335-35908-worker-0:269:269 [0] NCCL INFO Kernel version: 5.15.0-25-generic

vcjob-2108088646234832897-abc12335-35908-worker-0:269:269 [0] /data/jenkins_workspace/workspace/rccl_release/build/hipify/src/init.cc:191 NCCL WARN Missing "iommu=pt" from kernel command line which can lead to system instablity or hang!
I1008 14:56:31.880474   269 ProcessGroupNCCL.cpp:2857] [PG ID 0 PG GUID 0(default_pg) Rank 0] ProcessGroupNCCL broadcast unique ID through store took 0.05523 ms
I1008 14:56:31.880497   269 NCCLUtils.cpp:75] Rank 0: creating NCCL communicator with mode: blocking

vcjob-2108088646234832897-abc12335-35908-worker-0:269:269 [0] /data/jenkins_workspace/workspace/rccl_release/build/hipify/src/init.cc:170 NCCL WARN NUMA auto balancing enabled which can lead to variability in the RCCL performance! Disable by "sudo sysctl kernel.numa_balancing=0"
vcjob-2108088646234832897-abc12335-35908-worker-0:269:269 [0] NCCL INFO Kernel version: 5.15.0-25-generic

vcjob-2108088646234832897-abc12335-35908-worker-0:269:269 [0] /data/jenkins_workspace/workspace/rccl_release/build/hipify/src/init.cc:191 NCCL WARN Missing "iommu=pt" from kernel command line which can lead to system instablity or hang!
vcjob-2108088646234832897-abc12335-35908-worker-0:269:269 [0] NCCL INFO Comm config Blocking set to 1
vcjob-2108088646234832897-abc12335-35908-worker-0:269:6810 [0] NCCL INFO Using network IBext_v8
vcjob-2108088646234832897-abc12335-35908-worker-0:269:6810 [0] NCCL INFO rocm_smi_lib: version 7.6.0.0
vcjob-2108088646234832897-abc12335-35908-worker-0:269:6810 [0] NCCL INFO ncclCommInitRank comm 0x55830fbd4260 rank 0 nranks 2 cudaDev 0 nvmlDev 0 busId 9000 commId 0x424f0d5761d7a45c - Init START
vcjob-2108088646234832897-abc12335-35908-worker-0:269:6810 [0] NCCL INFO rank:0 get match hsa dev domain:0x0 bdf:0x900 rank busId:0x36864
vcjob-2108088646234832897-abc12335-35908-worker-0:269:6810 [0] NCCL INFO XDP Switch is off with xdp_size : 0
vcjob-2108088646234832897-abc12335-35908-worker-0:269:6810 [0] NCCL INFO NCCL_TOPO_FILE set by environment to /root/private_data/second_hygon/phase4-arrival-heterogeneity/../rdma-shca/topo_lib/built-in-508-topo-input-tj-default.xml
vcjob-2108088646234832897-abc12335-35908-worker-0:269:6810 [0] NCCL INFO rocm_smi_lib: version 7.6.0.0
vcjob-2108088646234832897-abc12335-35908-worker-0:269:6810 [0] NCCL INFO Setting affinity for GPU 0 to ffff
vcjob-2108088646234832897-abc12335-35908-worker-0:269:6810 [0] NCCL INFO Rank:0 Get link topo from rocmDev:0 linkNum:8 link:0 linkState:1 remote type:1 bdf:0x9b00 topoType:2
vcjob-2108088646234832897-abc12335-35908-worker-0:269:6810 [0] NCCL INFO Transport init rank 0 useXdp 0 linkTopoType 2
vcjob-2108088646234832897-abc12335-35908-worker-0:269:6810 [0] NCCL INFO comm 0x55830fbd4260 rank 0 nRanks 2 nNodes 2 localRanks 1 localRank 0 MNNVL 0
vcjob-2108088646234832897-abc12335-35908-worker-0:269:6810 [0] NCCL INFO Channel 00/32 :    0   1
vcjob-2108088646234832897-abc12335-35908-worker-0:269:6810 [0] NCCL INFO Channel 01/32 :    0   1
vcjob-2108088646234832897-abc12335-35908-worker-0:269:6810 [0] NCCL INFO Channel 02/32 :    0   1
vcjob-2108088646234832897-abc12335-35908-worker-0:269:6810 [0] NCCL INFO Channel 03/32 :    0   1
vcjob-2108088646234832897-abc12335-35908-worker-0:269:6810 [0] NCCL INFO Channel 04/32 :    0   1
vcjob-2108088646234832897-abc12335-35908-worker-0:269:6810 [0] NCCL INFO Channel 05/32 :    0   1
vcjob-2108088646234832897-abc12335-35908-worker-0:269:6810 [0] NCCL INFO Channel 06/32 :    0   1
vcjob-2108088646234832897-abc12335-35908-worker-0:269:6810 [0] NCCL INFO Channel 07/32 :    0   1
vcjob-2108088646234832897-abc12335-35908-worker-0:269:6810 [0] NCCL INFO Channel 08/32 :    0   1
vcjob-2108088646234832897-abc12335-35908-worker-0:269:6810 [0] NCCL INFO Channel 09/32 :    0   1
vcjob-2108088646234832897-abc12335-35908-worker-0:269:6810 [0] NCCL INFO Channel 10/32 :    0   1
vcjob-2108088646234832897-abc12335-35908-worker-0:269:6810 [0] NCCL INFO Channel 11/32 :    0   1
vcjob-2108088646234832897-abc12335-35908-worker-0:269:6810 [0] NCCL INFO Channel 12/32 :    0   1
vcjob-2108088646234832897-abc12335-35908-worker-0:269:6810 [0] NCCL INFO Channel 13/32 :    0   1
vcjob-2108088646234832897-abc12335-35908-worker-0:269:6810 [0] NCCL INFO Channel 14/32 :    0   1
vcjob-2108088646234832897-abc12335-35908-worker-0:269:6810 [0] NCCL INFO Channel 15/32 :    0   1
vcjob-2108088646234832897-abc12335-35908-worker-0:269:6810 [0] NCCL INFO Channel 16/32 :    0   1
vcjob-2108088646234832897-abc12335-35908-worker-0:269:6810 [0] NCCL INFO Channel 17/32 :    0   1
vcjob-2108088646234832897-abc12335-35908-worker-0:269:6810 [0] NCCL INFO Channel 18/32 :    0   1
vcjob-2108088646234832897-abc12335-35908-worker-0:269:6810 [0] NCCL INFO Channel 19/32 :    0   1
vcjob-2108088646234832897-abc12335-35908-worker-0:269:6810 [0] NCCL INFO Channel 20/32 :    0   1
vcjob-2108088646234832897-abc12335-35908-worker-0:269:6810 [0] NCCL INFO Channel 21/32 :    0   1
vcjob-2108088646234832897-abc12335-35908-worker-0:269:6810 [0] NCCL INFO Channel 22/32 :    0   1
vcjob-2108088646234832897-abc12335-35908-worker-0:269:6810 [0] NCCL INFO Channel 23/32 :    0   1
vcjob-2108088646234832897-abc12335-35908-worker-0:269:6810 [0] NCCL INFO Channel 24/32 :    0   1
vcjob-2108088646234832897-abc12335-35908-worker-0:269:6810 [0] NCCL INFO Channel 25/32 :    0   1
vcjob-2108088646234832897-abc12335-35908-worker-0:269:6810 [0] NCCL INFO Channel 26/32 :    0   1
vcjob-2108088646234832897-abc12335-35908-worker-0:269:6810 [0] NCCL INFO Channel 27/32 :    0   1
vcjob-2108088646234832897-abc12335-35908-worker-0:269:6810 [0] NCCL INFO Channel 28/32 :    0   1
vcjob-2108088646234832897-abc12335-35908-worker-0:269:6810 [0] NCCL INFO Channel 29/32 :    0   1
vcjob-2108088646234832897-abc12335-35908-worker-0:269:6810 [0] NCCL INFO Channel 30/32 :    0   1
vcjob-2108088646234832897-abc12335-35908-worker-0:269:6810 [0] NCCL INFO Channel 31/32 :    0   1
vcjob-2108088646234832897-abc12335-35908-worker-0:269:6810 [0] NCCL INFO Trees [0] 1/-1/-1->0->-1 [1] 1/-1/-1->0->-1 [2] -1/-1/-1->0->1 [3] -1/-1/-1->0->1 [4] 1/-1/-1->0->-1 [5] 1/-1/-1->0->-1 [6] -1/-1/-1->0->1 [7] -1/-1/-1->0->1 [8] 1/-1/-1->0->-1 [9] 1/-1/-1->0->-1 [10] -1/-1/-1->0->1 [11] -1/-1/-1->0->1 [12] 1/-1/-1->0->-1 [13] 1/-1/-1->0->-1 [14] -1/-1/-1->0->1 [15] -1/-1/-1->0->1 [16] 1/-1/-1->0->-1 [17] 1/-1/-1->0->-1 [18] -1/-1/-1->0->1 [19] -1/-1/-1->0->1 [20] 1/-1/-1->0->-1 [21] 1/-1/-1->0->-1 [22] -1/-1/-1->0->1 [23] -1/-1/-1->0->1 [24] 1/-1/-1->0->-1 [25] 1/-1/-1->0->-1 [26] -1/-1/-1->0->1 [27] -1/-1/-1->0->1 [28] 1/-1/-1->0->-1 [29] 1/-1/-1->0->-1 [30] -1/-1/-1->0->1 [31] -1/-1/-1->0->1 comm 0x55830fbd4260 nRanks 02 busId 9000
vcjob-2108088646234832897-abc12335-35908-worker-0:269:6810 [0] NCCL INFO P2P Chunksize set to 131072
vcjob-2108088646234832897-abc12335-35908-worker-0:269:6810 [0] NCCL INFO comm->autoPerPeerOn: 1, comm->p2pnChannels: 32, comm->p2pnChannelsPerPeer: 32
vcjob-2108088646234832897-abc12335-35908-worker-0:269:6810 [0] NCCL INFO Channel 00/0 : 1[55000] -> 0[9000] [receive] via NET/IBext_v8/0/GDRDMA comm 0x55830fbd4260 nRanks 02
vcjob-2108088646234832897-abc12335-35908-worker-0:269:6810 [0] NCCL INFO Channel 01/0 : 1[55000] -> 0[9000] [receive] via NET/IBext_v8/0/GDRDMA comm 0x55830fbd4260 nRanks 02
vcjob-2108088646234832897-abc12335-35908-worker-0:269:6810 [0] NCCL INFO Channel 02/0 : 1[55000] -> 0[9000] [receive] via NET/IBext_v8/0/GDRDMA comm 0x55830fbd4260 nRanks 02
vcjob-2108088646234832897-abc12335-35908-worker-0:269:6810 [0] NCCL INFO Channel 03/0 : 1[55000] -> 0[9000] [receive] via NET/IBext_v8/0/GDRDMA comm 0x55830fbd4260 nRanks 02
vcjob-2108088646234832897-abc12335-35908-worker-0:269:6810 [0] NCCL INFO Channel 04/0 : 1[55000] -> 0[9000] [receive] via NET/IBext_v8/0/GDRDMA comm 0x55830fbd4260 nRanks 02
vcjob-2108088646234832897-abc12335-35908-worker-0:269:6810 [0] NCCL INFO Channel 05/0 : 1[55000] -> 0[9000] [receive] via NET/IBext_v8/0/GDRDMA comm 0x55830fbd4260 nRanks 02
vcjob-2108088646234832897-abc12335-35908-worker-0:269:6810 [0] NCCL INFO Channel 06/0 : 1[55000] -> 0[9000] [receive] via NET/IBext_v8/0/GDRDMA comm 0x55830fbd4260 nRanks 02
vcjob-2108088646234832897-abc12335-35908-worker-0:269:6810 [0] NCCL INFO Channel 07/0 : 1[55000] -> 0[9000] [receive] via NET/IBext_v8/0/GDRDMA comm 0x55830fbd4260 nRanks 02
vcjob-2108088646234832897-abc12335-35908-worker-0:269:6810 [0] NCCL INFO Channel 08/0 : 1[55000] -> 0[9000] [receive] via NET/IBext_v8/0/GDRDMA comm 0x55830fbd4260 nRanks 02
vcjob-2108088646234832897-abc12335-35908-worker-0:269:6810 [0] NCCL INFO Channel 09/0 : 1[55000] -> 0[9000] [receive] via NET/IBext_v8/0/GDRDMA comm 0x55830fbd4260 nRanks 02
vcjob-2108088646234832897-abc12335-35908-worker-0:269:6810 [0] NCCL INFO Channel 10/0 : 1[55000] -> 0[9000] [receive] via NET/IBext_v8/0/GDRDMA comm 0x55830fbd4260 nRanks 02
vcjob-2108088646234832897-abc12335-35908-worker-0:269:6810 [0] NCCL INFO Channel 11/0 : 1[55000] -> 0[9000] [receive] via NET/IBext_v8/0/GDRDMA comm 0x55830fbd4260 nRanks 02
vcjob-2108088646234832897-abc12335-35908-worker-0:269:6810 [0] NCCL INFO Channel 12/0 : 1[55000] -> 0[9000] [receive] via NET/IBext_v8/0/GDRDMA comm 0x55830fbd4260 nRanks 02
vcjob-2108088646234832897-abc12335-35908-worker-0:269:6810 [0] NCCL INFO Channel 13/0 : 1[55000] -> 0[9000] [receive] via NET/IBext_v8/0/GDRDMA comm 0x55830fbd4260 nRanks 02
vcjob-2108088646234832897-abc12335-35908-worker-0:269:6810 [0] NCCL INFO Channel 14/0 : 1[55000] -> 0[9000] [receive] via NET/IBext_v8/0/GDRDMA comm 0x55830fbd4260 nRanks 02
vcjob-2108088646234832897-abc12335-35908-worker-0:269:6810 [0] NCCL INFO Channel 15/0 : 1[55000] -> 0[9000] [receive] via NET/IBext_v8/0/GDRDMA comm 0x55830fbd4260 nRanks 02
vcjob-2108088646234832897-abc12335-35908-worker-0:269:6810 [0] NCCL INFO Channel 16/0 : 1[55000] -> 0[9000] [receive] via NET/IBext_v8/0/GDRDMA comm 0x55830fbd4260 nRanks 02
vcjob-2108088646234832897-abc12335-35908-worker-0:269:6810 [0] NCCL INFO Channel 17/0 : 1[55000] -> 0[9000] [receive] via NET/IBext_v8/0/GDRDMA comm 0x55830fbd4260 nRanks 02
vcjob-2108088646234832897-abc12335-35908-worker-0:269:6810 [0] NCCL INFO Channel 18/0 : 1[55000] -> 0[9000] [receive] via NET/IBext_v8/0/GDRDMA comm 0x55830fbd4260 nRanks 02
vcjob-2108088646234832897-abc12335-35908-worker-0:269:6810 [0] NCCL INFO Channel 19/0 : 1[55000] -> 0[9000] [receive] via NET/IBext_v8/0/GDRDMA comm 0x55830fbd4260 nRanks 02
vcjob-2108088646234832897-abc12335-35908-worker-0:269:6810 [0] NCCL INFO Channel 20/0 : 1[55000] -> 0[9000] [receive] via NET/IBext_v8/0/GDRDMA comm 0x55830fbd4260 nRanks 02
vcjob-2108088646234832897-abc12335-35908-worker-0:269:6810 [0] NCCL INFO Channel 21/0 : 1[55000] -> 0[9000] [receive] via NET/IBext_v8/0/GDRDMA comm 0x55830fbd4260 nRanks 02
vcjob-2108088646234832897-abc12335-35908-worker-0:269:6810 [0] NCCL INFO Channel 22/0 : 1[55000] -> 0[9000] [receive] via NET/IBext_v8/0/GDRDMA comm 0x55830fbd4260 nRanks 02
vcjob-2108088646234832897-abc12335-35908-worker-0:269:6810 [0] NCCL INFO Channel 23/0 : 1[55000] -> 0[9000] [receive] via NET/IBext_v8/0/GDRDMA comm 0x55830fbd4260 nRanks 02
vcjob-2108088646234832897-abc12335-35908-worker-0:269:6810 [0] NCCL INFO Channel 24/0 : 1[55000] -> 0[9000] [receive] via NET/IBext_v8/0/GDRDMA comm 0x55830fbd4260 nRanks 02
vcjob-2108088646234832897-abc12335-35908-worker-0:269:6810 [0] NCCL INFO Channel 25/0 : 1[55000] -> 0[9000] [receive] via NET/IBext_v8/0/GDRDMA comm 0x55830fbd4260 nRanks 02
vcjob-2108088646234832897-abc12335-35908-worker-0:269:6810 [0] NCCL INFO Channel 26/0 : 1[55000] -> 0[9000] [receive] via NET/IBext_v8/0/GDRDMA comm 0x55830fbd4260 nRanks 02
vcjob-2108088646234832897-abc12335-35908-worker-0:269:6810 [0] NCCL INFO Channel 27/0 : 1[55000] -> 0[9000] [receive] via NET/IBext_v8/0/GDRDMA comm 0x55830fbd4260 nRanks 02
vcjob-2108088646234832897-abc12335-35908-worker-0:269:6810 [0] NCCL INFO Channel 28/0 : 1[55000] -> 0[9000] [receive] via NET/IBext_v8/0/GDRDMA comm 0x55830fbd4260 nRanks 02
vcjob-2108088646234832897-abc12335-35908-worker-0:269:6810 [0] NCCL INFO Channel 29/0 : 1[55000] -> 0[9000] [receive] via NET/IBext_v8/0/GDRDMA comm 0x55830fbd4260 nRanks 02
vcjob-2108088646234832897-abc12335-35908-worker-0:269:6810 [0] NCCL INFO Channel 30/0 : 1[55000] -> 0[9000] [receive] via NET/IBext_v8/0/GDRDMA comm 0x55830fbd4260 nRanks 02
vcjob-2108088646234832897-abc12335-35908-worker-0:269:6810 [0] NCCL INFO Channel 31/0 : 1[55000] -> 0[9000] [receive] via NET/IBext_v8/0/GDRDMA comm 0x55830fbd4260 nRanks 02
vcjob-2108088646234832897-abc12335-35908-worker-0:269:6810 [0] NCCL INFO Channel 00/0 : 0[9000] -> 1[55000] [send] via NET/IBext_v8/0/GDRDMA comm 0x55830fbd4260 nRanks 02
vcjob-2108088646234832897-abc12335-35908-worker-0:269:6810 [0] NCCL INFO Channel 01/0 : 0[9000] -> 1[55000] [send] via NET/IBext_v8/0/GDRDMA comm 0x55830fbd4260 nRanks 02
vcjob-2108088646234832897-abc12335-35908-worker-0:269:6810 [0] NCCL INFO Channel 02/0 : 0[9000] -> 1[55000] [send] via NET/IBext_v8/0/GDRDMA comm 0x55830fbd4260 nRanks 02
vcjob-2108088646234832897-abc12335-35908-worker-0:269:6810 [0] NCCL INFO Channel 03/0 : 0[9000] -> 1[55000] [send] via NET/IBext_v8/0/GDRDMA comm 0x55830fbd4260 nRanks 02
vcjob-2108088646234832897-abc12335-35908-worker-0:269:6810 [0] NCCL INFO Channel 04/0 : 0[9000] -> 1[55000] [send] via NET/IBext_v8/0/GDRDMA comm 0x55830fbd4260 nRanks 02
vcjob-2108088646234832897-abc12335-35908-worker-0:269:6810 [0] NCCL INFO Channel 05/0 : 0[9000] -> 1[55000] [send] via NET/IBext_v8/0/GDRDMA comm 0x55830fbd4260 nRanks 02
vcjob-2108088646234832897-abc12335-35908-worker-0:269:6810 [0] NCCL INFO Channel 06/0 : 0[9000] -> 1[55000] [send] via NET/IBext_v8/0/GDRDMA comm 0x55830fbd4260 nRanks 02
vcjob-2108088646234832897-abc12335-35908-worker-0:269:6810 [0] NCCL INFO Channel 07/0 : 0[9000] -> 1[55000] [send] via NET/IBext_v8/0/GDRDMA comm 0x55830fbd4260 nRanks 02
vcjob-2108088646234832897-abc12335-35908-worker-0:269:6810 [0] NCCL INFO Channel 08/0 : 0[9000] -> 1[55000] [send] via NET/IBext_v8/0/GDRDMA comm 0x55830fbd4260 nRanks 02
vcjob-2108088646234832897-abc12335-35908-worker-0:269:6810 [0] NCCL INFO Channel 09/0 : 0[9000] -> 1[55000] [send] via NET/IBext_v8/0/GDRDMA comm 0x55830fbd4260 nRanks 02
vcjob-2108088646234832897-abc12335-35908-worker-0:269:6810 [0] NCCL INFO Channel 10/0 : 0[9000] -> 1[55000] [send] via NET/IBext_v8/0/GDRDMA comm 0x55830fbd4260 nRanks 02
vcjob-2108088646234832897-abc12335-35908-worker-0:269:6810 [0] NCCL INFO Channel 11/0 : 0[9000] -> 1[55000] [send] via NET/IBext_v8/0/GDRDMA comm 0x55830fbd4260 nRanks 02
vcjob-2108088646234832897-abc12335-35908-worker-0:269:6810 [0] NCCL INFO Channel 12/0 : 0[9000] -> 1[55000] [send] via NET/IBext_v8/0/GDRDMA comm 0x55830fbd4260 nRanks 02
vcjob-2108088646234832897-abc12335-35908-worker-0:269:6810 [0] NCCL INFO Channel 13/0 : 0[9000] -> 1[55000] [send] via NET/IBext_v8/0/GDRDMA comm 0x55830fbd4260 nRanks 02
vcjob-2108088646234832897-abc12335-35908-worker-0:269:6810 [0] NCCL INFO Channel 14/0 : 0[9000] -> 1[55000] [send] via NET/IBext_v8/0/GDRDMA comm 0x55830fbd4260 nRanks 02
vcjob-2108088646234832897-abc12335-35908-worker-0:269:6810 [0] NCCL INFO Channel 15/0 : 0[9000] -> 1[55000] [send] via NET/IBext_v8/0/GDRDMA comm 0x55830fbd4260 nRanks 02
vcjob-2108088646234832897-abc12335-35908-worker-0:269:6810 [0] NCCL INFO Channel 16/0 : 0[9000] -> 1[55000] [send] via NET/IBext_v8/0/GDRDMA comm 0x55830fbd4260 nRanks 02
vcjob-2108088646234832897-abc12335-35908-worker-0:269:6810 [0] NCCL INFO Channel 17/0 : 0[9000] -> 1[55000] [send] via NET/IBext_v8/0/GDRDMA comm 0x55830fbd4260 nRanks 02
vcjob-2108088646234832897-abc12335-35908-worker-0:269:6810 [0] NCCL INFO Channel 18/0 : 0[9000] -> 1[55000] [send] via NET/IBext_v8/0/GDRDMA comm 0x55830fbd4260 nRanks 02
vcjob-2108088646234832897-abc12335-35908-worker-0:269:6810 [0] NCCL INFO Channel 19/0 : 0[9000] -> 1[55000] [send] via NET/IBext_v8/0/GDRDMA comm 0x55830fbd4260 nRanks 02
vcjob-2108088646234832897-abc12335-35908-worker-0:269:6810 [0] NCCL INFO Channel 20/0 : 0[9000] -> 1[55000] [send] via NET/IBext_v8/0/GDRDMA comm 0x55830fbd4260 nRanks 02
vcjob-2108088646234832897-abc12335-35908-worker-0:269:6810 [0] NCCL INFO Channel 21/0 : 0[9000] -> 1[55000] [send] via NET/IBext_v8/0/GDRDMA comm 0x55830fbd4260 nRanks 02
vcjob-2108088646234832897-abc12335-35908-worker-0:269:6810 [0] NCCL INFO Channel 22/0 : 0[9000] -> 1[55000] [send] via NET/IBext_v8/0/GDRDMA comm 0x55830fbd4260 nRanks 02
vcjob-2108088646234832897-abc12335-35908-worker-0:269:6810 [0] NCCL INFO Channel 23/0 : 0[9000] -> 1[55000] [send] via NET/IBext_v8/0/GDRDMA comm 0x55830fbd4260 nRanks 02
vcjob-2108088646234832897-abc12335-35908-worker-0:269:6810 [0] NCCL INFO Channel 24/0 : 0[9000] -> 1[55000] [send] via NET/IBext_v8/0/GDRDMA comm 0x55830fbd4260 nRanks 02
vcjob-2108088646234832897-abc12335-35908-worker-0:269:6810 [0] NCCL INFO Channel 25/0 : 0[9000] -> 1[55000] [send] via NET/IBext_v8/0/GDRDMA comm 0x55830fbd4260 nRanks 02
vcjob-2108088646234832897-abc12335-35908-worker-0:269:6810 [0] NCCL INFO Channel 26/0 : 0[9000] -> 1[55000] [send] via NET/IBext_v8/0/GDRDMA comm 0x55830fbd4260 nRanks 02
vcjob-2108088646234832897-abc12335-35908-worker-0:269:6810 [0] NCCL INFO Channel 27/0 : 0[9000] -> 1[55000] [send] via NET/IBext_v8/0/GDRDMA comm 0x55830fbd4260 nRanks 02
vcjob-2108088646234832897-abc12335-35908-worker-0:269:6810 [0] NCCL INFO Channel 28/0 : 0[9000] -> 1[55000] [send] via NET/IBext_v8/0/GDRDMA comm 0x55830fbd4260 nRanks 02
vcjob-2108088646234832897-abc12335-35908-worker-0:269:6810 [0] NCCL INFO Channel 29/0 : 0[9000] -> 1[55000] [send] via NET/IBext_v8/0/GDRDMA comm 0x55830fbd4260 nRanks 02
vcjob-2108088646234832897-abc12335-35908-worker-0:269:6810 [0] NCCL INFO Channel 30/0 : 0[9000] -> 1[55000] [send] via NET/IBext_v8/0/GDRDMA comm 0x55830fbd4260 nRanks 02
vcjob-2108088646234832897-abc12335-35908-worker-0:269:6810 [0] NCCL INFO Channel 31/0 : 0[9000] -> 1[55000] [send] via NET/IBext_v8/0/GDRDMA comm 0x55830fbd4260 nRanks 02
vcjob-2108088646234832897-abc12335-35908-worker-0:269:6810 [0] NCCL INFO Connected all rings
vcjob-2108088646234832897-abc12335-35908-worker-0:269:6810 [0] NCCL INFO Connected all trees
vcjob-2108088646234832897-abc12335-35908-worker-0:269:6810 [0] NCCL INFO threadThresholds 8/8/64 | 16/8/64 | 256 | 256
vcjob-2108088646234832897-abc12335-35908-worker-0:269:6810 [0] NCCL INFO 32 coll channels, 32 collnet channels, 0 nvls channels, 32 p2p channels, 32 p2p channels per peer
vcjob-2108088646234832897-abc12335-35908-worker-0:269:6810 [0] NCCL INFO CC Off, Multi-GPU CC Off, workFifoBytes 4194304
vcjob-2108088646234832897-abc12335-35908-worker-0:269:6810 [0] NCCL INFO ncclCommInitRank comm 0x55830fbd4260 rank 0 nranks 2 cudaDev 0 nvmlDev 0 busId 9000 commId 0x424f0d5761d7a45c localSize 480 used 2508904144 bytes on core 10 - Init COMPLETE
vcjob-2108088646234832897-abc12335-35908-worker-0:269:6810 [0] NCCL INFO Init timings: rank 0 nranks 2 total 0.54 (kernels 0.00, bootstrap 0.01, allgathers 0.00, topo 0.10, graphs 0.00, connections 0.43, rest 0.00)
I1008 14:56:32.425431   269 ProcessGroupNCCL.cpp:2890] [PG ID 0 PG GUID 0(default_pg) Rank 0] NCCL_DEBUG: INFO
vcjob-2108088646234832897-abc12335-35908-worker-0:269:6814 [0] NCCL INFO Channel 01/1 : 1[55000] -> 0[9000] [receive] via NET/IBext_v8/0/GDRDMA/Shared comm 0x55830fbd4260 nRanks 02
vcjob-2108088646234832897-abc12335-35908-worker-0:269:6814 [0] NCCL INFO Channel 03/1 : 1[55000] -> 0[9000] [receive] via NET/IBext_v8/0/GDRDMA/Shared comm 0x55830fbd4260 nRanks 02
vcjob-2108088646234832897-abc12335-35908-worker-0:269:6814 [0] NCCL INFO Channel 05/1 : 1[55000] -> 0[9000] [receive] via NET/IBext_v8/0/GDRDMA/Shared comm 0x55830fbd4260 nRanks 02
vcjob-2108088646234832897-abc12335-35908-worker-0:269:6814 [0] NCCL INFO Channel 07/1 : 1[55000] -> 0[9000] [receive] via NET/IBext_v8/0/GDRDMA/Shared comm 0x55830fbd4260 nRanks 02
vcjob-2108088646234832897-abc12335-35908-worker-0:269:6814 [0] NCCL INFO Channel 09/1 : 1[55000] -> 0[9000] [receive] via NET/IBext_v8/0/GDRDMA/Shared comm 0x55830fbd4260 nRanks 02
vcjob-2108088646234832897-abc12335-35908-worker-0:269:6814 [0] NCCL INFO Channel 11/1 : 1[55000] -> 0[9000] [receive] via NET/IBext_v8/0/GDRDMA/Shared comm 0x55830fbd4260 nRanks 02
vcjob-2108088646234832897-abc12335-35908-worker-0:269:6814 [0] NCCL INFO Channel 13/1 : 1[55000] -> 0[9000] [receive] via NET/IBext_v8/0/GDRDMA/Shared comm 0x55830fbd4260 nRanks 02
vcjob-2108088646234832897-abc12335-35908-worker-0:269:6814 [0] NCCL INFO Channel 15/1 : 1[55000] -> 0[9000] [receive] via NET/IBext_v8/0/GDRDMA/Shared comm 0x55830fbd4260 nRanks 02
vcjob-2108088646234832897-abc12335-35908-worker-0:269:6814 [0] NCCL INFO Channel 17/1 : 1[55000] -> 0[9000] [receive] via NET/IBext_v8/0/GDRDMA/Shared comm 0x55830fbd4260 nRanks 02
vcjob-2108088646234832897-abc12335-35908-worker-0:269:6814 [0] NCCL INFO Channel 19/1 : 1[55000] -> 0[9000] [receive] via NET/IBext_v8/0/GDRDMA/Shared comm 0x55830fbd4260 nRanks 02
vcjob-2108088646234832897-abc12335-35908-worker-0:269:6814 [0] NCCL INFO Channel 21/1 : 1[55000] -> 0[9000] [receive] via NET/IBext_v8/0/GDRDMA/Shared comm 0x55830fbd4260 nRanks 02
vcjob-2108088646234832897-abc12335-35908-worker-0:269:6814 [0] NCCL INFO Channel 23/1 : 1[55000] -> 0[9000] [receive] via NET/IBext_v8/0/GDRDMA/Shared comm 0x55830fbd4260 nRanks 02
vcjob-2108088646234832897-abc12335-35908-worker-0:269:6814 [0] NCCL INFO Channel 25/1 : 1[55000] -> 0[9000] [receive] via NET/IBext_v8/0/GDRDMA/Shared comm 0x55830fbd4260 nRanks 02
vcjob-2108088646234832897-abc12335-35908-worker-0:269:6814 [0] NCCL INFO Channel 27/1 : 1[55000] -> 0[9000] [receive] via NET/IBext_v8/0/GDRDMA/Shared comm 0x55830fbd4260 nRanks 02
vcjob-2108088646234832897-abc12335-35908-worker-0:269:6814 [0] NCCL INFO Channel 29/1 : 1[55000] -> 0[9000] [receive] via NET/IBext_v8/0/GDRDMA/Shared comm 0x55830fbd4260 nRanks 02
vcjob-2108088646234832897-abc12335-35908-worker-0:269:6814 [0] NCCL INFO Channel 31/1 : 1[55000] -> 0[9000] [receive] via NET/IBext_v8/0/GDRDMA/Shared comm 0x55830fbd4260 nRanks 02

vcjob-2108088646234832897-abc12335-35908-worker-0:269:269 [0] /data/jenkins_workspace/workspace/rccl_release/build/hipify/src/init.cc:170 NCCL WARN NUMA auto balancing enabled which can lead to variability in the RCCL performance! Disable by "sudo sysctl kernel.numa_balancing=0"
vcjob-2108088646234832897-abc12335-35908-worker-0:269:269 [0] NCCL INFO Kernel version: 5.15.0-25-generic

vcjob-2108088646234832897-abc12335-35908-worker-0:269:269 [0] /data/jenkins_workspace/workspace/rccl_release/build/hipify/src/init.cc:191 NCCL WARN Missing "iommu=pt" from kernel command line which can lead to system instablity or hang!
I1008 14:56:32.583213   269 ProcessGroupNCCL.cpp:2857] [PG ID 0 PG GUID 0(default_pg) Rank 0] ProcessGroupNCCL broadcast unique ID through store took 0.030321 ms
I1008 14:56:32.583232   269 NCCLUtils.cpp:75] Rank 0: creating NCCL communicator with mode: blocking

vcjob-2108088646234832897-abc12335-35908-worker-0:269:269 [0] /data/jenkins_workspace/workspace/rccl_release/build/hipify/src/init.cc:170 NCCL WARN NUMA auto balancing enabled which can lead to variability in the RCCL performance! Disable by "sudo sysctl kernel.numa_balancing=0"
vcjob-2108088646234832897-abc12335-35908-worker-0:269:269 [0] NCCL INFO Kernel version: 5.15.0-25-generic

vcjob-2108088646234832897-abc12335-35908-worker-0:269:269 [0] /data/jenkins_workspace/workspace/rccl_release/build/hipify/src/init.cc:191 NCCL WARN Missing "iommu=pt" from kernel command line which can lead to system instablity or hang!
vcjob-2108088646234832897-abc12335-35908-worker-0:269:269 [0] NCCL INFO Comm config Blocking set to 1
vcjob-2108088646234832897-abc12335-35908-worker-0:269:6816 [0] NCCL INFO Using network IBext_v8
vcjob-2108088646234832897-abc12335-35908-worker-0:269:6816 [0] NCCL INFO rocm_smi_lib: version 7.6.0.0
vcjob-2108088646234832897-abc12335-35908-worker-0:269:6816 [0] NCCL INFO ncclCommInitRank comm 0x55830fc8fa40 rank 0 nranks 2 cudaDev 0 nvmlDev 0 busId 9000 commId 0x10b0ce0de82581aa - Init START
vcjob-2108088646234832897-abc12335-35908-worker-0:269:6816 [0] NCCL INFO rank:0 get match hsa dev domain:0x0 bdf:0x900 rank busId:0x36864
vcjob-2108088646234832897-abc12335-35908-worker-0:269:6816 [0] NCCL INFO XDP Switch is off with xdp_size : 0
vcjob-2108088646234832897-abc12335-35908-worker-0:269:6816 [0] NCCL INFO NCCL_TOPO_FILE set by environment to /root/private_data/second_hygon/phase4-arrival-heterogeneity/../rdma-shca/topo_lib/built-in-508-topo-input-tj-default.xml
vcjob-2108088646234832897-abc12335-35908-worker-0:269:6816 [0] NCCL INFO rocm_smi_lib: version 7.6.0.0
vcjob-2108088646234832897-abc12335-35908-worker-0:269:6816 [0] NCCL INFO Setting affinity for GPU 0 to ffff
vcjob-2108088646234832897-abc12335-35908-worker-0:269:6816 [0] NCCL INFO Rank:0 Get link topo from rocmDev:0 linkNum:8 link:0 linkState:1 remote type:1 bdf:0x9b00 topoType:2
vcjob-2108088646234832897-abc12335-35908-worker-0:269:6816 [0] NCCL INFO Transport init rank 0 useXdp 0 linkTopoType 2
vcjob-2108088646234832897-abc12335-35908-worker-0:269:6816 [0] NCCL INFO comm 0x55830fc8fa40 rank 0 nRanks 2 nNodes 2 localRanks 1 localRank 0 MNNVL 0
vcjob-2108088646234832897-abc12335-35908-worker-0:269:6816 [0] NCCL INFO Channel 00/32 :    0   1
vcjob-2108088646234832897-abc12335-35908-worker-0:269:6816 [0] NCCL INFO Channel 01/32 :    0   1
vcjob-2108088646234832897-abc12335-35908-worker-0:269:6816 [0] NCCL INFO Channel 02/32 :    0   1
vcjob-2108088646234832897-abc12335-35908-worker-0:269:6816 [0] NCCL INFO Channel 03/32 :    0   1
vcjob-2108088646234832897-abc12335-35908-worker-0:269:6816 [0] NCCL INFO Channel 04/32 :    0   1
vcjob-2108088646234832897-abc12335-35908-worker-0:269:6816 [0] NCCL INFO Channel 05/32 :    0   1
vcjob-2108088646234832897-abc12335-35908-worker-0:269:6816 [0] NCCL INFO Channel 06/32 :    0   1
vcjob-2108088646234832897-abc12335-35908-worker-0:269:6816 [0] NCCL INFO Channel 07/32 :    0   1
vcjob-2108088646234832897-abc12335-35908-worker-0:269:6816 [0] NCCL INFO Channel 08/32 :    0   1
vcjob-2108088646234832897-abc12335-35908-worker-0:269:6816 [0] NCCL INFO Channel 09/32 :    0   1
vcjob-2108088646234832897-abc12335-35908-worker-0:269:6816 [0] NCCL INFO Channel 10/32 :    0   1
vcjob-2108088646234832897-abc12335-35908-worker-0:269:6816 [0] NCCL INFO Channel 11/32 :    0   1
vcjob-2108088646234832897-abc12335-35908-worker-0:269:6816 [0] NCCL INFO Channel 12/32 :    0   1
vcjob-2108088646234832897-abc12335-35908-worker-0:269:6816 [0] NCCL INFO Channel 13/32 :    0   1
vcjob-2108088646234832897-abc12335-35908-worker-0:269:6816 [0] NCCL INFO Channel 14/32 :    0   1
vcjob-2108088646234832897-abc12335-35908-worker-0:269:6816 [0] NCCL INFO Channel 15/32 :    0   1
vcjob-2108088646234832897-abc12335-35908-worker-0:269:6816 [0] NCCL INFO Channel 16/32 :    0   1
vcjob-2108088646234832897-abc12335-35908-worker-0:269:6816 [0] NCCL INFO Channel 17/32 :    0   1
vcjob-2108088646234832897-abc12335-35908-worker-0:269:6816 [0] NCCL INFO Channel 18/32 :    0   1
vcjob-2108088646234832897-abc12335-35908-worker-0:269:6816 [0] NCCL INFO Channel 19/32 :    0   1
vcjob-2108088646234832897-abc12335-35908-worker-0:269:6816 [0] NCCL INFO Channel 20/32 :    0   1
vcjob-2108088646234832897-abc12335-35908-worker-0:269:6816 [0] NCCL INFO Channel 21/32 :    0   1
vcjob-2108088646234832897-abc12335-35908-worker-0:269:6816 [0] NCCL INFO Channel 22/32 :    0   1
vcjob-2108088646234832897-abc12335-35908-worker-0:269:6816 [0] NCCL INFO Channel 23/32 :    0   1
vcjob-2108088646234832897-abc12335-35908-worker-0:269:6816 [0] NCCL INFO Channel 24/32 :    0   1
vcjob-2108088646234832897-abc12335-35908-worker-0:269:6816 [0] NCCL INFO Channel 25/32 :    0   1
vcjob-2108088646234832897-abc12335-35908-worker-0:269:6816 [0] NCCL INFO Channel 26/32 :    0   1
vcjob-2108088646234832897-abc12335-35908-worker-0:269:6816 [0] NCCL INFO Channel 27/32 :    0   1
vcjob-2108088646234832897-abc12335-35908-worker-0:269:6816 [0] NCCL INFO Channel 28/32 :    0   1
vcjob-2108088646234832897-abc12335-35908-worker-0:269:6816 [0] NCCL INFO Channel 29/32 :    0   1
vcjob-2108088646234832897-abc12335-35908-worker-0:269:6816 [0] NCCL INFO Channel 30/32 :    0   1
vcjob-2108088646234832897-abc12335-35908-worker-0:269:6816 [0] NCCL INFO Channel 31/32 :    0   1
vcjob-2108088646234832897-abc12335-35908-worker-0:269:6816 [0] NCCL INFO Trees [0] 1/-1/-1->0->-1 [1] 1/-1/-1->0->-1 [2] -1/-1/-1->0->1 [3] -1/-1/-1->0->1 [4] 1/-1/-1->0->-1 [5] 1/-1/-1->0->-1 [6] -1/-1/-1->0->1 [7] -1/-1/-1->0->1 [8] 1/-1/-1->0->-1 [9] 1/-1/-1->0->-1 [10] -1/-1/-1->0->1 [11] -1/-1/-1->0->1 [12] 1/-1/-1->0->-1 [13] 1/-1/-1->0->-1 [14] -1/-1/-1->0->1 [15] -1/-1/-1->0->1 [16] 1/-1/-1->0->-1 [17] 1/-1/-1->0->-1 [18] -1/-1/-1->0->1 [19] -1/-1/-1->0->1 [20] 1/-1/-1->0->-1 [21] 1/-1/-1->0->-1 [22] -1/-1/-1->0->1 [23] -1/-1/-1->0->1 [24] 1/-1/-1->0->-1 [25] 1/-1/-1->0->-1 [26] -1/-1/-1->0->1 [27] -1/-1/-1->0->1 [28] 1/-1/-1->0->-1 [29] 1/-1/-1->0->-1 [30] -1/-1/-1->0->1 [31] -1/-1/-1->0->1 comm 0x55830fc8fa40 nRanks 02 busId 9000
vcjob-2108088646234832897-abc12335-35908-worker-0:269:6816 [0] NCCL INFO P2P Chunksize set to 131072
vcjob-2108088646234832897-abc12335-35908-worker-0:269:6816 [0] NCCL INFO comm->autoPerPeerOn: 1, comm->p2pnChannels: 32, comm->p2pnChannelsPerPeer: 32
vcjob-2108088646234832897-abc12335-35908-worker-0:269:6816 [0] NCCL INFO Channel 00/0 : 1[77000] -> 0[9000] [receive] via NET/IBext_v8/0/GDRDMA comm 0x55830fc8fa40 nRanks 02
vcjob-2108088646234832897-abc12335-35908-worker-0:269:6816 [0] NCCL INFO Channel 01/0 : 1[77000] -> 0[9000] [receive] via NET/IBext_v8/0/GDRDMA comm 0x55830fc8fa40 nRanks 02
vcjob-2108088646234832897-abc12335-35908-worker-0:269:6816 [0] NCCL INFO Channel 02/0 : 1[77000] -> 0[9000] [receive] via NET/IBext_v8/0/GDRDMA comm 0x55830fc8fa40 nRanks 02
vcjob-2108088646234832897-abc12335-35908-worker-0:269:6816 [0] NCCL INFO Channel 03/0 : 1[77000] -> 0[9000] [receive] via NET/IBext_v8/0/GDRDMA comm 0x55830fc8fa40 nRanks 02
vcjob-2108088646234832897-abc12335-35908-worker-0:269:6816 [0] NCCL INFO Channel 04/0 : 1[77000] -> 0[9000] [receive] via NET/IBext_v8/0/GDRDMA comm 0x55830fc8fa40 nRanks 02
vcjob-2108088646234832897-abc12335-35908-worker-0:269:6816 [0] NCCL INFO Channel 05/0 : 1[77000] -> 0[9000] [receive] via NET/IBext_v8/0/GDRDMA comm 0x55830fc8fa40 nRanks 02
vcjob-2108088646234832897-abc12335-35908-worker-0:269:6816 [0] NCCL INFO Channel 06/0 : 1[77000] -> 0[9000] [receive] via NET/IBext_v8/0/GDRDMA comm 0x55830fc8fa40 nRanks 02
vcjob-2108088646234832897-abc12335-35908-worker-0:269:6816 [0] NCCL INFO Channel 07/0 : 1[77000] -> 0[9000] [receive] via NET/IBext_v8/0/GDRDMA comm 0x55830fc8fa40 nRanks 02
vcjob-2108088646234832897-abc12335-35908-worker-0:269:6816 [0] NCCL INFO Channel 08/0 : 1[77000] -> 0[9000] [receive] via NET/IBext_v8/0/GDRDMA comm 0x55830fc8fa40 nRanks 02
vcjob-2108088646234832897-abc12335-35908-worker-0:269:6816 [0] NCCL INFO Channel 09/0 : 1[77000] -> 0[9000] [receive] via NET/IBext_v8/0/GDRDMA comm 0x55830fc8fa40 nRanks 02
vcjob-2108088646234832897-abc12335-35908-worker-0:269:6816 [0] NCCL INFO Channel 10/0 : 1[77000] -> 0[9000] [receive] via NET/IBext_v8/0/GDRDMA comm 0x55830fc8fa40 nRanks 02
vcjob-2108088646234832897-abc12335-35908-worker-0:269:6816 [0] NCCL INFO Channel 11/0 : 1[77000] -> 0[9000] [receive] via NET/IBext_v8/0/GDRDMA comm 0x55830fc8fa40 nRanks 02
vcjob-2108088646234832897-abc12335-35908-worker-0:269:6816 [0] NCCL INFO Channel 12/0 : 1[77000] -> 0[9000] [receive] via NET/IBext_v8/0/GDRDMA comm 0x55830fc8fa40 nRanks 02
vcjob-2108088646234832897-abc12335-35908-worker-0:269:6816 [0] NCCL INFO Channel 13/0 : 1[77000] -> 0[9000] [receive] via NET/IBext_v8/0/GDRDMA comm 0x55830fc8fa40 nRanks 02
vcjob-2108088646234832897-abc12335-35908-worker-0:269:6816 [0] NCCL INFO Channel 14/0 : 1[77000] -> 0[9000] [receive] via NET/IBext_v8/0/GDRDMA comm 0x55830fc8fa40 nRanks 02
vcjob-2108088646234832897-abc12335-35908-worker-0:269:6816 [0] NCCL INFO Channel 15/0 : 1[77000] -> 0[9000] [receive] via NET/IBext_v8/0/GDRDMA comm 0x55830fc8fa40 nRanks 02
vcjob-2108088646234832897-abc12335-35908-worker-0:269:6816 [0] NCCL INFO Channel 16/0 : 1[77000] -> 0[9000] [receive] via NET/IBext_v8/0/GDRDMA comm 0x55830fc8fa40 nRanks 02
vcjob-2108088646234832897-abc12335-35908-worker-0:269:6816 [0] NCCL INFO Channel 17/0 : 1[77000] -> 0[9000] [receive] via NET/IBext_v8/0/GDRDMA comm 0x55830fc8fa40 nRanks 02
vcjob-2108088646234832897-abc12335-35908-worker-0:269:6816 [0] NCCL INFO Channel 18/0 : 1[77000] -> 0[9000] [receive] via NET/IBext_v8/0/GDRDMA comm 0x55830fc8fa40 nRanks 02
vcjob-2108088646234832897-abc12335-35908-worker-0:269:6816 [0] NCCL INFO Channel 19/0 : 1[77000] -> 0[9000] [receive] via NET/IBext_v8/0/GDRDMA comm 0x55830fc8fa40 nRanks 02
vcjob-2108088646234832897-abc12335-35908-worker-0:269:6816 [0] NCCL INFO Channel 20/0 : 1[77000] -> 0[9000] [receive] via NET/IBext_v8/0/GDRDMA comm 0x55830fc8fa40 nRanks 02
vcjob-2108088646234832897-abc12335-35908-worker-0:269:6816 [0] NCCL INFO Channel 21/0 : 1[77000] -> 0[9000] [receive] via NET/IBext_v8/0/GDRDMA comm 0x55830fc8fa40 nRanks 02
vcjob-2108088646234832897-abc12335-35908-worker-0:269:6816 [0] NCCL INFO Channel 22/0 : 1[77000] -> 0[9000] [receive] via NET/IBext_v8/0/GDRDMA comm 0x55830fc8fa40 nRanks 02
vcjob-2108088646234832897-abc12335-35908-worker-0:269:6816 [0] NCCL INFO Channel 23/0 : 1[77000] -> 0[9000] [receive] via NET/IBext_v8/0/GDRDMA comm 0x55830fc8fa40 nRanks 02
vcjob-2108088646234832897-abc12335-35908-worker-0:269:6816 [0] NCCL INFO Channel 24/0 : 1[77000] -> 0[9000] [receive] via NET/IBext_v8/0/GDRDMA comm 0x55830fc8fa40 nRanks 02
vcjob-2108088646234832897-abc12335-35908-worker-0:269:6816 [0] NCCL INFO Channel 25/0 : 1[77000] -> 0[9000] [receive] via NET/IBext_v8/0/GDRDMA comm 0x55830fc8fa40 nRanks 02
vcjob-2108088646234832897-abc12335-35908-worker-0:269:6816 [0] NCCL INFO Channel 26/0 : 1[77000] -> 0[9000] [receive] via NET/IBext_v8/0/GDRDMA comm 0x55830fc8fa40 nRanks 02
vcjob-2108088646234832897-abc12335-35908-worker-0:269:6816 [0] NCCL INFO Channel 27/0 : 1[77000] -> 0[9000] [receive] via NET/IBext_v8/0/GDRDMA comm 0x55830fc8fa40 nRanks 02
vcjob-2108088646234832897-abc12335-35908-worker-0:269:6816 [0] NCCL INFO Channel 28/0 : 1[77000] -> 0[9000] [receive] via NET/IBext_v8/0/GDRDMA comm 0x55830fc8fa40 nRanks 02
vcjob-2108088646234832897-abc12335-35908-worker-0:269:6816 [0] NCCL INFO Channel 29/0 : 1[77000] -> 0[9000] [receive] via NET/IBext_v8/0/GDRDMA comm 0x55830fc8fa40 nRanks 02
vcjob-2108088646234832897-abc12335-35908-worker-0:269:6816 [0] NCCL INFO Channel 30/0 : 1[77000] -> 0[9000] [receive] via NET/IBext_v8/0/GDRDMA comm 0x55830fc8fa40 nRanks 02
vcjob-2108088646234832897-abc12335-35908-worker-0:269:6816 [0] NCCL INFO Channel 31/0 : 1[77000] -> 0[9000] [receive] via NET/IBext_v8/0/GDRDMA comm 0x55830fc8fa40 nRanks 02
vcjob-2108088646234832897-abc12335-35908-worker-0:269:6816 [0] NCCL INFO Channel 00/0 : 0[9000] -> 1[77000] [send] via NET/IBext_v8/0/GDRDMA comm 0x55830fc8fa40 nRanks 02
vcjob-2108088646234832897-abc12335-35908-worker-0:269:6816 [0] NCCL INFO Channel 01/0 : 0[9000] -> 1[77000] [send] via NET/IBext_v8/0/GDRDMA comm 0x55830fc8fa40 nRanks 02
vcjob-2108088646234832897-abc12335-35908-worker-0:269:6816 [0] NCCL INFO Channel 02/0 : 0[9000] -> 1[77000] [send] via NET/IBext_v8/0/GDRDMA comm 0x55830fc8fa40 nRanks 02
vcjob-2108088646234832897-abc12335-35908-worker-0:269:6816 [0] NCCL INFO Channel 03/0 : 0[9000] -> 1[77000] [send] via NET/IBext_v8/0/GDRDMA comm 0x55830fc8fa40 nRanks 02
vcjob-2108088646234832897-abc12335-35908-worker-0:269:6816 [0] NCCL INFO Channel 04/0 : 0[9000] -> 1[77000] [send] via NET/IBext_v8/0/GDRDMA comm 0x55830fc8fa40 nRanks 02
vcjob-2108088646234832897-abc12335-35908-worker-0:269:6816 [0] NCCL INFO Channel 05/0 : 0[9000] -> 1[77000] [send] via NET/IBext_v8/0/GDRDMA comm 0x55830fc8fa40 nRanks 02
vcjob-2108088646234832897-abc12335-35908-worker-0:269:6816 [0] NCCL INFO Channel 06/0 : 0[9000] -> 1[77000] [send] via NET/IBext_v8/0/GDRDMA comm 0x55830fc8fa40 nRanks 02
vcjob-2108088646234832897-abc12335-35908-worker-0:269:6816 [0] NCCL INFO Channel 07/0 : 0[9000] -> 1[77000] [send] via NET/IBext_v8/0/GDRDMA comm 0x55830fc8fa40 nRanks 02
vcjob-2108088646234832897-abc12335-35908-worker-0:269:6816 [0] NCCL INFO Channel 08/0 : 0[9000] -> 1[77000] [send] via NET/IBext_v8/0/GDRDMA comm 0x55830fc8fa40 nRanks 02
vcjob-2108088646234832897-abc12335-35908-worker-0:269:6816 [0] NCCL INFO Channel 09/0 : 0[9000] -> 1[77000] [send] via NET/IBext_v8/0/GDRDMA comm 0x55830fc8fa40 nRanks 02
vcjob-2108088646234832897-abc12335-35908-worker-0:269:6816 [0] NCCL INFO Channel 10/0 : 0[9000] -> 1[77000] [send] via NET/IBext_v8/0/GDRDMA comm 0x55830fc8fa40 nRanks 02
vcjob-2108088646234832897-abc12335-35908-worker-0:269:6816 [0] NCCL INFO Channel 11/0 : 0[9000] -> 1[77000] [send] via NET/IBext_v8/0/GDRDMA comm 0x55830fc8fa40 nRanks 02
vcjob-2108088646234832897-abc12335-35908-worker-0:269:6816 [0] NCCL INFO Channel 12/0 : 0[9000] -> 1[77000] [send] via NET/IBext_v8/0/GDRDMA comm 0x55830fc8fa40 nRanks 02
vcjob-2108088646234832897-abc12335-35908-worker-0:269:6816 [0] NCCL INFO Channel 13/0 : 0[9000] -> 1[77000] [send] via NET/IBext_v8/0/GDRDMA comm 0x55830fc8fa40 nRanks 02
vcjob-2108088646234832897-abc12335-35908-worker-0:269:6816 [0] NCCL INFO Channel 14/0 : 0[9000] -> 1[77000] [send] via NET/IBext_v8/0/GDRDMA comm 0x55830fc8fa40 nRanks 02
vcjob-2108088646234832897-abc12335-35908-worker-0:269:6816 [0] NCCL INFO Channel 15/0 : 0[9000] -> 1[77000] [send] via NET/IBext_v8/0/GDRDMA comm 0x55830fc8fa40 nRanks 02
vcjob-2108088646234832897-abc12335-35908-worker-0:269:6816 [0] NCCL INFO Channel 16/0 : 0[9000] -> 1[77000] [send] via NET/IBext_v8/0/GDRDMA comm 0x55830fc8fa40 nRanks 02
vcjob-2108088646234832897-abc12335-35908-worker-0:269:6816 [0] NCCL INFO Channel 17/0 : 0[9000] -> 1[77000] [send] via NET/IBext_v8/0/GDRDMA comm 0x55830fc8fa40 nRanks 02
vcjob-2108088646234832897-abc12335-35908-worker-0:269:6816 [0] NCCL INFO Channel 18/0 : 0[9000] -> 1[77000] [send] via NET/IBext_v8/0/GDRDMA comm 0x55830fc8fa40 nRanks 02
vcjob-2108088646234832897-abc12335-35908-worker-0:269:6816 [0] NCCL INFO Channel 19/0 : 0[9000] -> 1[77000] [send] via NET/IBext_v8/0/GDRDMA comm 0x55830fc8fa40 nRanks 02
vcjob-2108088646234832897-abc12335-35908-worker-0:269:6816 [0] NCCL INFO Channel 20/0 : 0[9000] -> 1[77000] [send] via NET/IBext_v8/0/GDRDMA comm 0x55830fc8fa40 nRanks 02
vcjob-2108088646234832897-abc12335-35908-worker-0:269:6816 [0] NCCL INFO Channel 21/0 : 0[9000] -> 1[77000] [send] via NET/IBext_v8/0/GDRDMA comm 0x55830fc8fa40 nRanks 02
vcjob-2108088646234832897-abc12335-35908-worker-0:269:6816 [0] NCCL INFO Channel 22/0 : 0[9000] -> 1[77000] [send] via NET/IBext_v8/0/GDRDMA comm 0x55830fc8fa40 nRanks 02
vcjob-2108088646234832897-abc12335-35908-worker-0:269:6816 [0] NCCL INFO Channel 23/0 : 0[9000] -> 1[77000] [send] via NET/IBext_v8/0/GDRDMA comm 0x55830fc8fa40 nRanks 02
vcjob-2108088646234832897-abc12335-35908-worker-0:269:6816 [0] NCCL INFO Channel 24/0 : 0[9000] -> 1[77000] [send] via NET/IBext_v8/0/GDRDMA comm 0x55830fc8fa40 nRanks 02
vcjob-2108088646234832897-abc12335-35908-worker-0:269:6816 [0] NCCL INFO Channel 25/0 : 0[9000] -> 1[77000] [send] via NET/IBext_v8/0/GDRDMA comm 0x55830fc8fa40 nRanks 02
vcjob-2108088646234832897-abc12335-35908-worker-0:269:6816 [0] NCCL INFO Channel 26/0 : 0[9000] -> 1[77000] [send] via NET/IBext_v8/0/GDRDMA comm 0x55830fc8fa40 nRanks 02
vcjob-2108088646234832897-abc12335-35908-worker-0:269:6816 [0] NCCL INFO Channel 27/0 : 0[9000] -> 1[77000] [send] via NET/IBext_v8/0/GDRDMA comm 0x55830fc8fa40 nRanks 02
vcjob-2108088646234832897-abc12335-35908-worker-0:269:6816 [0] NCCL INFO Channel 28/0 : 0[9000] -> 1[77000] [send] via NET/IBext_v8/0/GDRDMA comm 0x55830fc8fa40 nRanks 02
vcjob-2108088646234832897-abc12335-35908-worker-0:269:6816 [0] NCCL INFO Channel 29/0 : 0[9000] -> 1[77000] [send] via NET/IBext_v8/0/GDRDMA comm 0x55830fc8fa40 nRanks 02
vcjob-2108088646234832897-abc12335-35908-worker-0:269:6816 [0] NCCL INFO Channel 30/0 : 0[9000] -> 1[77000] [send] via NET/IBext_v8/0/GDRDMA comm 0x55830fc8fa40 nRanks 02
vcjob-2108088646234832897-abc12335-35908-worker-0:269:6816 [0] NCCL INFO Channel 31/0 : 0[9000] -> 1[77000] [send] via NET/IBext_v8/0/GDRDMA comm 0x55830fc8fa40 nRanks 02
vcjob-2108088646234832897-abc12335-35908-worker-0:269:6816 [0] NCCL INFO Connected all rings
vcjob-2108088646234832897-abc12335-35908-worker-0:269:6816 [0] NCCL INFO Connected all trees
vcjob-2108088646234832897-abc12335-35908-worker-0:269:6816 [0] NCCL INFO threadThresholds 8/8/64 | 16/8/64 | 256 | 256
vcjob-2108088646234832897-abc12335-35908-worker-0:269:6816 [0] NCCL INFO 32 coll channels, 32 collnet channels, 0 nvls channels, 32 p2p channels, 32 p2p channels per peer
vcjob-2108088646234832897-abc12335-35908-worker-0:269:6816 [0] NCCL INFO CC Off, Multi-GPU CC Off, workFifoBytes 4194304
vcjob-2108088646234832897-abc12335-35908-worker-0:269:6816 [0] NCCL INFO ncclCommInitRank comm 0x55830fc8fa40 rank 0 nranks 2 cudaDev 0 nvmlDev 0 busId 9000 commId 0x10b0ce0de82581aa localSize 480 used 2782173248 bytes on core 10 - Init COMPLETE
vcjob-2108088646234832897-abc12335-35908-worker-0:269:6816 [0] NCCL INFO Init timings: rank 0 nranks 2 total 0.58 (kernels 0.00, bootstrap 0.03, allgathers 0.00, topo 0.11, graphs 0.00, connections 0.45, rest 0.00)
I1008 14:56:33.169279   269 ProcessGroupNCCL.cpp:2890] [PG ID 0 PG GUID 0(default_pg) Rank 0] NCCL_DEBUG: INFO
vcjob-2108088646234832897-abc12335-35908-worker-0:269:6820 [0] NCCL INFO Channel 01/1 : 1[77000] -> 0[9000] [receive] via NET/IBext_v8/0/GDRDMA/Shared comm 0x55830fc8fa40 nRanks 02
vcjob-2108088646234832897-abc12335-35908-worker-0:269:6820 [0] NCCL INFO Channel 03/1 : 1[77000] -> 0[9000] [receive] via NET/IBext_v8/0/GDRDMA/Shared comm 0x55830fc8fa40 nRanks 02
vcjob-2108088646234832897-abc12335-35908-worker-0:269:6820 [0] NCCL INFO Channel 05/1 : 1[77000] -> 0[9000] [receive] via NET/IBext_v8/0/GDRDMA/Shared comm 0x55830fc8fa40 nRanks 02
vcjob-2108088646234832897-abc12335-35908-worker-0:269:6820 [0] NCCL INFO Channel 07/1 : 1[77000] -> 0[9000] [receive] via NET/IBext_v8/0/GDRDMA/Shared comm 0x55830fc8fa40 nRanks 02
vcjob-2108088646234832897-abc12335-35908-worker-0:269:6820 [0] NCCL INFO Channel 09/1 : 1[77000] -> 0[9000] [receive] via NET/IBext_v8/0/GDRDMA/Shared comm 0x55830fc8fa40 nRanks 02
vcjob-2108088646234832897-abc12335-35908-worker-0:269:6820 [0] NCCL INFO Channel 11/1 : 1[77000] -> 0[9000] [receive] via NET/IBext_v8/0/GDRDMA/Shared comm 0x55830fc8fa40 nRanks 02
vcjob-2108088646234832897-abc12335-35908-worker-0:269:6820 [0] NCCL INFO Channel 13/1 : 1[77000] -> 0[9000] [receive] via NET/IBext_v8/0/GDRDMA/Shared comm 0x55830fc8fa40 nRanks 02
vcjob-2108088646234832897-abc12335-35908-worker-0:269:6820 [0] NCCL INFO Channel 15/1 : 1[77000] -> 0[9000] [receive] via NET/IBext_v8/0/GDRDMA/Shared comm 0x55830fc8fa40 nRanks 02
vcjob-2108088646234832897-abc12335-35908-worker-0:269:6820 [0] NCCL INFO Channel 17/1 : 1[77000] -> 0[9000] [receive] via NET/IBext_v8/0/GDRDMA/Shared comm 0x55830fc8fa40 nRanks 02
vcjob-2108088646234832897-abc12335-35908-worker-0:269:6820 [0] NCCL INFO Channel 19/1 : 1[77000] -> 0[9000] [receive] via NET/IBext_v8/0/GDRDMA/Shared comm 0x55830fc8fa40 nRanks 02
vcjob-2108088646234832897-abc12335-35908-worker-0:269:6820 [0] NCCL INFO Channel 21/1 : 1[77000] -> 0[9000] [receive] via NET/IBext_v8/0/GDRDMA/Shared comm 0x55830fc8fa40 nRanks 02
vcjob-2108088646234832897-abc12335-35908-worker-0:269:6820 [0] NCCL INFO Channel 23/1 : 1[77000] -> 0[9000] [receive] via NET/IBext_v8/0/GDRDMA/Shared comm 0x55830fc8fa40 nRanks 02
vcjob-2108088646234832897-abc12335-35908-worker-0:269:6820 [0] NCCL INFO Channel 25/1 : 1[77000] -> 0[9000] [receive] via NET/IBext_v8/0/GDRDMA/Shared comm 0x55830fc8fa40 nRanks 02
vcjob-2108088646234832897-abc12335-35908-worker-0:269:6820 [0] NCCL INFO Channel 27/1 : 1[77000] -> 0[9000] [receive] via NET/IBext_v8/0/GDRDMA/Shared comm 0x55830fc8fa40 nRanks 02
vcjob-2108088646234832897-abc12335-35908-worker-0:269:6820 [0] NCCL INFO Channel 29/1 : 1[77000] -> 0[9000] [receive] via NET/IBext_v8/0/GDRDMA/Shared comm 0x55830fc8fa40 nRanks 02
vcjob-2108088646234832897-abc12335-35908-worker-0:269:6820 [0] NCCL INFO Channel 31/1 : 1[77000] -> 0[9000] [receive] via NET/IBext_v8/0/GDRDMA/Shared comm 0x55830fc8fa40 nRanks 02

vcjob-2108088646234832897-abc12335-35908-worker-0:269:269 [0] /data/jenkins_workspace/workspace/rccl_release/build/hipify/src/init.cc:170 NCCL WARN NUMA auto balancing enabled which can lead to variability in the RCCL performance! Disable by "sudo sysctl kernel.numa_balancing=0"
vcjob-2108088646234832897-abc12335-35908-worker-0:269:269 [0] NCCL INFO Kernel version: 5.15.0-25-generic

vcjob-2108088646234832897-abc12335-35908-worker-0:269:269 [0] /data/jenkins_workspace/workspace/rccl_release/build/hipify/src/init.cc:191 NCCL WARN Missing "iommu=pt" from kernel command line which can lead to system instablity or hang!
I1008 14:56:33.287096   269 ProcessGroupNCCL.cpp:2857] [PG ID 0 PG GUID 0(default_pg) Rank 0] ProcessGroupNCCL broadcast unique ID through store took 0.03852 ms
I1008 14:56:33.287117   269 NCCLUtils.cpp:75] Rank 0: creating NCCL communicator with mode: blocking

vcjob-2108088646234832897-abc12335-35908-worker-0:269:269 [0] /data/jenkins_workspace/workspace/rccl_release/build/hipify/src/init.cc:170 NCCL WARN NUMA auto balancing enabled which can lead to variability in the RCCL performance! Disable by "sudo sysctl kernel.numa_balancing=0"
vcjob-2108088646234832897-abc12335-35908-worker-0:269:269 [0] NCCL INFO Kernel version: 5.15.0-25-generic

vcjob-2108088646234832897-abc12335-35908-worker-0:269:269 [0] /data/jenkins_workspace/workspace/rccl_release/build/hipify/src/init.cc:191 NCCL WARN Missing "iommu=pt" from kernel command line which can lead to system instablity or hang!
vcjob-2108088646234832897-abc12335-35908-worker-0:269:269 [0] NCCL INFO Comm config Blocking set to 1
vcjob-2108088646234832897-abc12335-35908-worker-0:269:6822 [0] NCCL INFO Using network IBext_v8
vcjob-2108088646234832897-abc12335-35908-worker-0:269:6822 [0] NCCL INFO rocm_smi_lib: version 7.6.0.0
vcjob-2108088646234832897-abc12335-35908-worker-0:269:6822 [0] NCCL INFO ncclCommInitRank comm 0x55830fd4b220 rank 0 nranks 2 cudaDev 0 nvmlDev 0 busId 9000 commId 0xdee7a3d2e2d0ee49 - Init START
vcjob-2108088646234832897-abc12335-35908-worker-0:269:6822 [0] NCCL INFO rank:0 get match hsa dev domain:0x0 bdf:0x900 rank busId:0x36864
vcjob-2108088646234832897-abc12335-35908-worker-0:269:6822 [0] NCCL INFO XDP Switch is off with xdp_size : 0
vcjob-2108088646234832897-abc12335-35908-worker-0:269:6822 [0] NCCL INFO NCCL_TOPO_FILE set by environment to /root/private_data/second_hygon/phase4-arrival-heterogeneity/../rdma-shca/topo_lib/built-in-508-topo-input-tj-default.xml
vcjob-2108088646234832897-abc12335-35908-worker-0:269:6822 [0] NCCL INFO rocm_smi_lib: version 7.6.0.0
vcjob-2108088646234832897-abc12335-35908-worker-0:269:6822 [0] NCCL INFO Setting affinity for GPU 0 to ffff
vcjob-2108088646234832897-abc12335-35908-worker-0:269:6822 [0] NCCL INFO Rank:0 Get link topo from rocmDev:0 linkNum:8 link:0 linkState:1 remote type:1 bdf:0x9b00 topoType:2
vcjob-2108088646234832897-abc12335-35908-worker-0:269:6822 [0] NCCL INFO Transport init rank 0 useXdp 0 linkTopoType 2
vcjob-2108088646234832897-abc12335-35908-worker-0:269:6822 [0] NCCL INFO comm 0x55830fd4b220 rank 0 nRanks 2 nNodes 2 localRanks 1 localRank 0 MNNVL 0
vcjob-2108088646234832897-abc12335-35908-worker-0:269:6822 [0] NCCL INFO Channel 00/32 :    0   1
vcjob-2108088646234832897-abc12335-35908-worker-0:269:6822 [0] NCCL INFO Channel 01/32 :    0   1
vcjob-2108088646234832897-abc12335-35908-worker-0:269:6822 [0] NCCL INFO Channel 02/32 :    0   1
vcjob-2108088646234832897-abc12335-35908-worker-0:269:6822 [0] NCCL INFO Channel 03/32 :    0   1
vcjob-2108088646234832897-abc12335-35908-worker-0:269:6822 [0] NCCL INFO Channel 04/32 :    0   1
vcjob-2108088646234832897-abc12335-35908-worker-0:269:6822 [0] NCCL INFO Channel 05/32 :    0   1
vcjob-2108088646234832897-abc12335-35908-worker-0:269:6822 [0] NCCL INFO Channel 06/32 :    0   1
vcjob-2108088646234832897-abc12335-35908-worker-0:269:6822 [0] NCCL INFO Channel 07/32 :    0   1
vcjob-2108088646234832897-abc12335-35908-worker-0:269:6822 [0] NCCL INFO Channel 08/32 :    0   1
vcjob-2108088646234832897-abc12335-35908-worker-0:269:6822 [0] NCCL INFO Channel 09/32 :    0   1
vcjob-2108088646234832897-abc12335-35908-worker-0:269:6822 [0] NCCL INFO Channel 10/32 :    0   1
vcjob-2108088646234832897-abc12335-35908-worker-0:269:6822 [0] NCCL INFO Channel 11/32 :    0   1
vcjob-2108088646234832897-abc12335-35908-worker-0:269:6822 [0] NCCL INFO Channel 12/32 :    0   1
vcjob-2108088646234832897-abc12335-35908-worker-0:269:6822 [0] NCCL INFO Channel 13/32 :    0   1
vcjob-2108088646234832897-abc12335-35908-worker-0:269:6822 [0] NCCL INFO Channel 14/32 :    0   1
vcjob-2108088646234832897-abc12335-35908-worker-0:269:6822 [0] NCCL INFO Channel 15/32 :    0   1
vcjob-2108088646234832897-abc12335-35908-worker-0:269:6822 [0] NCCL INFO Channel 16/32 :    0   1
vcjob-2108088646234832897-abc12335-35908-worker-0:269:6822 [0] NCCL INFO Channel 17/32 :    0   1
vcjob-2108088646234832897-abc12335-35908-worker-0:269:6822 [0] NCCL INFO Channel 18/32 :    0   1
vcjob-2108088646234832897-abc12335-35908-worker-0:269:6822 [0] NCCL INFO Channel 19/32 :    0   1
vcjob-2108088646234832897-abc12335-35908-worker-0:269:6822 [0] NCCL INFO Channel 20/32 :    0   1
vcjob-2108088646234832897-abc12335-35908-worker-0:269:6822 [0] NCCL INFO Channel 21/32 :    0   1
vcjob-2108088646234832897-abc12335-35908-worker-0:269:6822 [0] NCCL INFO Channel 22/32 :    0   1
vcjob-2108088646234832897-abc12335-35908-worker-0:269:6822 [0] NCCL INFO Channel 23/32 :    0   1
vcjob-2108088646234832897-abc12335-35908-worker-0:269:6822 [0] NCCL INFO Channel 24/32 :    0   1
vcjob-2108088646234832897-abc12335-35908-worker-0:269:6822 [0] NCCL INFO Channel 25/32 :    0   1
vcjob-2108088646234832897-abc12335-35908-worker-0:269:6822 [0] NCCL INFO Channel 26/32 :    0   1
vcjob-2108088646234832897-abc12335-35908-worker-0:269:6822 [0] NCCL INFO Channel 27/32 :    0   1
vcjob-2108088646234832897-abc12335-35908-worker-0:269:6822 [0] NCCL INFO Channel 28/32 :    0   1
vcjob-2108088646234832897-abc12335-35908-worker-0:269:6822 [0] NCCL INFO Channel 29/32 :    0   1
vcjob-2108088646234832897-abc12335-35908-worker-0:269:6822 [0] NCCL INFO Channel 30/32 :    0   1
vcjob-2108088646234832897-abc12335-35908-worker-0:269:6822 [0] NCCL INFO Channel 31/32 :    0   1
vcjob-2108088646234832897-abc12335-35908-worker-0:269:6822 [0] NCCL INFO Trees [0] 1/-1/-1->0->-1 [1] 1/-1/-1->0->-1 [2] -1/-1/-1->0->1 [3] -1/-1/-1->0->1 [4] 1/-1/-1->0->-1 [5] 1/-1/-1->0->-1 [6] -1/-1/-1->0->1 [7] -1/-1/-1->0->1 [8] 1/-1/-1->0->-1 [9] 1/-1/-1->0->-1 [10] -1/-1/-1->0->1 [11] -1/-1/-1->0->1 [12] 1/-1/-1->0->-1 [13] 1/-1/-1->0->-1 [14] -1/-1/-1->0->1 [15] -1/-1/-1->0->1 [16] 1/-1/-1->0->-1 [17] 1/-1/-1->0->-1 [18] -1/-1/-1->0->1 [19] -1/-1/-1->0->1 [20] 1/-1/-1->0->-1 [21] 1/-1/-1->0->-1 [22] -1/-1/-1->0->1 [23] -1/-1/-1->0->1 [24] 1/-1/-1->0->-1 [25] 1/-1/-1->0->-1 [26] -1/-1/-1->0->1 [27] -1/-1/-1->0->1 [28] 1/-1/-1->0->-1 [29] 1/-1/-1->0->-1 [30] -1/-1/-1->0->1 [31] -1/-1/-1->0->1 comm 0x55830fd4b220 nRanks 02 busId 9000
vcjob-2108088646234832897-abc12335-35908-worker-0:269:6822 [0] NCCL INFO P2P Chunksize set to 131072
vcjob-2108088646234832897-abc12335-35908-worker-0:269:6822 [0] NCCL INFO comm->autoPerPeerOn: 1, comm->p2pnChannels: 32, comm->p2pnChannelsPerPeer: 32
vcjob-2108088646234832897-abc12335-35908-worker-0:269:6822 [0] NCCL INFO Channel 00/0 : 1[85000] -> 0[9000] [receive] via NET/IBext_v8/0/GDRDMA comm 0x55830fd4b220 nRanks 02
vcjob-2108088646234832897-abc12335-35908-worker-0:269:6822 [0] NCCL INFO Channel 01/0 : 1[85000] -> 0[9000] [receive] via NET/IBext_v8/0/GDRDMA comm 0x55830fd4b220 nRanks 02
vcjob-2108088646234832897-abc12335-35908-worker-0:269:6822 [0] NCCL INFO Channel 02/0 : 1[85000] -> 0[9000] [receive] via NET/IBext_v8/0/GDRDMA comm 0x55830fd4b220 nRanks 02
vcjob-2108088646234832897-abc12335-35908-worker-0:269:6822 [0] NCCL INFO Channel 03/0 : 1[85000] -> 0[9000] [receive] via NET/IBext_v8/0/GDRDMA comm 0x55830fd4b220 nRanks 02
vcjob-2108088646234832897-abc12335-35908-worker-0:269:6822 [0] NCCL INFO Channel 04/0 : 1[85000] -> 0[9000] [receive] via NET/IBext_v8/0/GDRDMA comm 0x55830fd4b220 nRanks 02
vcjob-2108088646234832897-abc12335-35908-worker-0:269:6822 [0] NCCL INFO Channel 05/0 : 1[85000] -> 0[9000] [receive] via NET/IBext_v8/0/GDRDMA comm 0x55830fd4b220 nRanks 02
vcjob-2108088646234832897-abc12335-35908-worker-0:269:6822 [0] NCCL INFO Channel 06/0 : 1[85000] -> 0[9000] [receive] via NET/IBext_v8/0/GDRDMA comm 0x55830fd4b220 nRanks 02
vcjob-2108088646234832897-abc12335-35908-worker-0:269:6822 [0] NCCL INFO Channel 07/0 : 1[85000] -> 0[9000] [receive] via NET/IBext_v8/0/GDRDMA comm 0x55830fd4b220 nRanks 02
vcjob-2108088646234832897-abc12335-35908-worker-0:269:6822 [0] NCCL INFO Channel 08/0 : 1[85000] -> 0[9000] [receive] via NET/IBext_v8/0/GDRDMA comm 0x55830fd4b220 nRanks 02
vcjob-2108088646234832897-abc12335-35908-worker-0:269:6822 [0] NCCL INFO Channel 09/0 : 1[85000] -> 0[9000] [receive] via NET/IBext_v8/0/GDRDMA comm 0x55830fd4b220 nRanks 02
vcjob-2108088646234832897-abc12335-35908-worker-0:269:6822 [0] NCCL INFO Channel 10/0 : 1[85000] -> 0[9000] [receive] via NET/IBext_v8/0/GDRDMA comm 0x55830fd4b220 nRanks 02
vcjob-2108088646234832897-abc12335-35908-worker-0:269:6822 [0] NCCL INFO Channel 11/0 : 1[85000] -> 0[9000] [receive] via NET/IBext_v8/0/GDRDMA comm 0x55830fd4b220 nRanks 02
vcjob-2108088646234832897-abc12335-35908-worker-0:269:6822 [0] NCCL INFO Channel 12/0 : 1[85000] -> 0[9000] [receive] via NET/IBext_v8/0/GDRDMA comm 0x55830fd4b220 nRanks 02
vcjob-2108088646234832897-abc12335-35908-worker-0:269:6822 [0] NCCL INFO Channel 13/0 : 1[85000] -> 0[9000] [receive] via NET/IBext_v8/0/GDRDMA comm 0x55830fd4b220 nRanks 02
vcjob-2108088646234832897-abc12335-35908-worker-0:269:6822 [0] NCCL INFO Channel 14/0 : 1[85000] -> 0[9000] [receive] via NET/IBext_v8/0/GDRDMA comm 0x55830fd4b220 nRanks 02
vcjob-2108088646234832897-abc12335-35908-worker-0:269:6822 [0] NCCL INFO Channel 15/0 : 1[85000] -> 0[9000] [receive] via NET/IBext_v8/0/GDRDMA comm 0x55830fd4b220 nRanks 02
vcjob-2108088646234832897-abc12335-35908-worker-0:269:6822 [0] NCCL INFO Channel 16/0 : 1[85000] -> 0[9000] [receive] via NET/IBext_v8/0/GDRDMA comm 0x55830fd4b220 nRanks 02
vcjob-2108088646234832897-abc12335-35908-worker-0:269:6822 [0] NCCL INFO Channel 17/0 : 1[85000] -> 0[9000] [receive] via NET/IBext_v8/0/GDRDMA comm 0x55830fd4b220 nRanks 02
vcjob-2108088646234832897-abc12335-35908-worker-0:269:6822 [0] NCCL INFO Channel 18/0 : 1[85000] -> 0[9000] [receive] via NET/IBext_v8/0/GDRDMA comm 0x55830fd4b220 nRanks 02
vcjob-2108088646234832897-abc12335-35908-worker-0:269:6822 [0] NCCL INFO Channel 19/0 : 1[85000] -> 0[9000] [receive] via NET/IBext_v8/0/GDRDMA comm 0x55830fd4b220 nRanks 02
vcjob-2108088646234832897-abc12335-35908-worker-0:269:6822 [0] NCCL INFO Channel 20/0 : 1[85000] -> 0[9000] [receive] via NET/IBext_v8/0/GDRDMA comm 0x55830fd4b220 nRanks 02
vcjob-2108088646234832897-abc12335-35908-worker-0:269:6822 [0] NCCL INFO Channel 21/0 : 1[85000] -> 0[9000] [receive] via NET/IBext_v8/0/GDRDMA comm 0x55830fd4b220 nRanks 02
vcjob-2108088646234832897-abc12335-35908-worker-0:269:6822 [0] NCCL INFO Channel 22/0 : 1[85000] -> 0[9000] [receive] via NET/IBext_v8/0/GDRDMA comm 0x55830fd4b220 nRanks 02
vcjob-2108088646234832897-abc12335-35908-worker-0:269:6822 [0] NCCL INFO Channel 23/0 : 1[85000] -> 0[9000] [receive] via NET/IBext_v8/0/GDRDMA comm 0x55830fd4b220 nRanks 02
vcjob-2108088646234832897-abc12335-35908-worker-0:269:6822 [0] NCCL INFO Channel 24/0 : 1[85000] -> 0[9000] [receive] via NET/IBext_v8/0/GDRDMA comm 0x55830fd4b220 nRanks 02
vcjob-2108088646234832897-abc12335-35908-worker-0:269:6822 [0] NCCL INFO Channel 25/0 : 1[85000] -> 0[9000] [receive] via NET/IBext_v8/0/GDRDMA comm 0x55830fd4b220 nRanks 02
vcjob-2108088646234832897-abc12335-35908-worker-0:269:6822 [0] NCCL INFO Channel 26/0 : 1[85000] -> 0[9000] [receive] via NET/IBext_v8/0/GDRDMA comm 0x55830fd4b220 nRanks 02
vcjob-2108088646234832897-abc12335-35908-worker-0:269:6822 [0] NCCL INFO Channel 27/0 : 1[85000] -> 0[9000] [receive] via NET/IBext_v8/0/GDRDMA comm 0x55830fd4b220 nRanks 02
vcjob-2108088646234832897-abc12335-35908-worker-0:269:6822 [0] NCCL INFO Channel 28/0 : 1[85000] -> 0[9000] [receive] via NET/IBext_v8/0/GDRDMA comm 0x55830fd4b220 nRanks 02
vcjob-2108088646234832897-abc12335-35908-worker-0:269:6822 [0] NCCL INFO Channel 29/0 : 1[85000] -> 0[9000] [receive] via NET/IBext_v8/0/GDRDMA comm 0x55830fd4b220 nRanks 02
vcjob-2108088646234832897-abc12335-35908-worker-0:269:6822 [0] NCCL INFO Channel 30/0 : 1[85000] -> 0[9000] [receive] via NET/IBext_v8/0/GDRDMA comm 0x55830fd4b220 nRanks 02
vcjob-2108088646234832897-abc12335-35908-worker-0:269:6822 [0] NCCL INFO Channel 31/0 : 1[85000] -> 0[9000] [receive] via NET/IBext_v8/0/GDRDMA comm 0x55830fd4b220 nRanks 02
vcjob-2108088646234832897-abc12335-35908-worker-0:269:6822 [0] NCCL INFO Channel 00/0 : 0[9000] -> 1[85000] [send] via NET/IBext_v8/0/GDRDMA comm 0x55830fd4b220 nRanks 02
vcjob-2108088646234832897-abc12335-35908-worker-0:269:6822 [0] NCCL INFO Channel 01/0 : 0[9000] -> 1[85000] [send] via NET/IBext_v8/0/GDRDMA comm 0x55830fd4b220 nRanks 02
vcjob-2108088646234832897-abc12335-35908-worker-0:269:6822 [0] NCCL INFO Channel 02/0 : 0[9000] -> 1[85000] [send] via NET/IBext_v8/0/GDRDMA comm 0x55830fd4b220 nRanks 02
vcjob-2108088646234832897-abc12335-35908-worker-0:269:6822 [0] NCCL INFO Channel 03/0 : 0[9000] -> 1[85000] [send] via NET/IBext_v8/0/GDRDMA comm 0x55830fd4b220 nRanks 02
vcjob-2108088646234832897-abc12335-35908-worker-0:269:6822 [0] NCCL INFO Channel 04/0 : 0[9000] -> 1[85000] [send] via NET/IBext_v8/0/GDRDMA comm 0x55830fd4b220 nRanks 02
vcjob-2108088646234832897-abc12335-35908-worker-0:269:6822 [0] NCCL INFO Channel 05/0 : 0[9000] -> 1[85000] [send] via NET/IBext_v8/0/GDRDMA comm 0x55830fd4b220 nRanks 02
vcjob-2108088646234832897-abc12335-35908-worker-0:269:6822 [0] NCCL INFO Channel 06/0 : 0[9000] -> 1[85000] [send] via NET/IBext_v8/0/GDRDMA comm 0x55830fd4b220 nRanks 02
vcjob-2108088646234832897-abc12335-35908-worker-0:269:6822 [0] NCCL INFO Channel 07/0 : 0[9000] -> 1[85000] [send] via NET/IBext_v8/0/GDRDMA comm 0x55830fd4b220 nRanks 02
vcjob-2108088646234832897-abc12335-35908-worker-0:269:6822 [0] NCCL INFO Channel 08/0 : 0[9000] -> 1[85000] [send] via NET/IBext_v8/0/GDRDMA comm 0x55830fd4b220 nRanks 02
vcjob-2108088646234832897-abc12335-35908-worker-0:269:6822 [0] NCCL INFO Channel 09/0 : 0[9000] -> 1[85000] [send] via NET/IBext_v8/0/GDRDMA comm 0x55830fd4b220 nRanks 02
vcjob-2108088646234832897-abc12335-35908-worker-0:269:6822 [0] NCCL INFO Channel 10/0 : 0[9000] -> 1[85000] [send] via NET/IBext_v8/0/GDRDMA comm 0x55830fd4b220 nRanks 02
vcjob-2108088646234832897-abc12335-35908-worker-0:269:6822 [0] NCCL INFO Channel 11/0 : 0[9000] -> 1[85000] [send] via NET/IBext_v8/0/GDRDMA comm 0x55830fd4b220 nRanks 02
vcjob-2108088646234832897-abc12335-35908-worker-0:269:6822 [0] NCCL INFO Channel 12/0 : 0[9000] -> 1[85000] [send] via NET/IBext_v8/0/GDRDMA comm 0x55830fd4b220 nRanks 02
vcjob-2108088646234832897-abc12335-35908-worker-0:269:6822 [0] NCCL INFO Channel 13/0 : 0[9000] -> 1[85000] [send] via NET/IBext_v8/0/GDRDMA comm 0x55830fd4b220 nRanks 02
vcjob-2108088646234832897-abc12335-35908-worker-0:269:6822 [0] NCCL INFO Channel 14/0 : 0[9000] -> 1[85000] [send] via NET/IBext_v8/0/GDRDMA comm 0x55830fd4b220 nRanks 02
vcjob-2108088646234832897-abc12335-35908-worker-0:269:6822 [0] NCCL INFO Channel 15/0 : 0[9000] -> 1[85000] [send] via NET/IBext_v8/0/GDRDMA comm 0x55830fd4b220 nRanks 02
vcjob-2108088646234832897-abc12335-35908-worker-0:269:6822 [0] NCCL INFO Channel 16/0 : 0[9000] -> 1[85000] [send] via NET/IBext_v8/0/GDRDMA comm 0x55830fd4b220 nRanks 02
vcjob-2108088646234832897-abc12335-35908-worker-0:269:6822 [0] NCCL INFO Channel 17/0 : 0[9000] -> 1[85000] [send] via NET/IBext_v8/0/GDRDMA comm 0x55830fd4b220 nRanks 02
vcjob-2108088646234832897-abc12335-35908-worker-0:269:6822 [0] NCCL INFO Channel 18/0 : 0[9000] -> 1[85000] [send] via NET/IBext_v8/0/GDRDMA comm 0x55830fd4b220 nRanks 02
vcjob-2108088646234832897-abc12335-35908-worker-0:269:6822 [0] NCCL INFO Channel 19/0 : 0[9000] -> 1[85000] [send] via NET/IBext_v8/0/GDRDMA comm 0x55830fd4b220 nRanks 02
vcjob-2108088646234832897-abc12335-35908-worker-0:269:6822 [0] NCCL INFO Channel 20/0 : 0[9000] -> 1[85000] [send] via NET/IBext_v8/0/GDRDMA comm 0x55830fd4b220 nRanks 02
vcjob-2108088646234832897-abc12335-35908-worker-0:269:6822 [0] NCCL INFO Channel 21/0 : 0[9000] -> 1[85000] [send] via NET/IBext_v8/0/GDRDMA comm 0x55830fd4b220 nRanks 02
vcjob-2108088646234832897-abc12335-35908-worker-0:269:6822 [0] NCCL INFO Channel 22/0 : 0[9000] -> 1[85000] [send] via NET/IBext_v8/0/GDRDMA comm 0x55830fd4b220 nRanks 02
vcjob-2108088646234832897-abc12335-35908-worker-0:269:6822 [0] NCCL INFO Channel 23/0 : 0[9000] -> 1[85000] [send] via NET/IBext_v8/0/GDRDMA comm 0x55830fd4b220 nRanks 02
vcjob-2108088646234832897-abc12335-35908-worker-0:269:6822 [0] NCCL INFO Channel 24/0 : 0[9000] -> 1[85000] [send] via NET/IBext_v8/0/GDRDMA comm 0x55830fd4b220 nRanks 02
vcjob-2108088646234832897-abc12335-35908-worker-0:269:6822 [0] NCCL INFO Channel 25/0 : 0[9000] -> 1[85000] [send] via NET/IBext_v8/0/GDRDMA comm 0x55830fd4b220 nRanks 02
vcjob-2108088646234832897-abc12335-35908-worker-0:269:6822 [0] NCCL INFO Channel 26/0 : 0[9000] -> 1[85000] [send] via NET/IBext_v8/0/GDRDMA comm 0x55830fd4b220 nRanks 02
vcjob-2108088646234832897-abc12335-35908-worker-0:269:6822 [0] NCCL INFO Channel 27/0 : 0[9000] -> 1[85000] [send] via NET/IBext_v8/0/GDRDMA comm 0x55830fd4b220 nRanks 02
vcjob-2108088646234832897-abc12335-35908-worker-0:269:6822 [0] NCCL INFO Channel 28/0 : 0[9000] -> 1[85000] [send] via NET/IBext_v8/0/GDRDMA comm 0x55830fd4b220 nRanks 02
vcjob-2108088646234832897-abc12335-35908-worker-0:269:6822 [0] NCCL INFO Channel 29/0 : 0[9000] -> 1[85000] [send] via NET/IBext_v8/0/GDRDMA comm 0x55830fd4b220 nRanks 02
vcjob-2108088646234832897-abc12335-35908-worker-0:269:6822 [0] NCCL INFO Channel 30/0 : 0[9000] -> 1[85000] [send] via NET/IBext_v8/0/GDRDMA comm 0x55830fd4b220 nRanks 02
vcjob-2108088646234832897-abc12335-35908-worker-0:269:6822 [0] NCCL INFO Channel 31/0 : 0[9000] -> 1[85000] [send] via NET/IBext_v8/0/GDRDMA comm 0x55830fd4b220 nRanks 02
vcjob-2108088646234832897-abc12335-35908-worker-0:269:6822 [0] NCCL INFO Connected all rings
vcjob-2108088646234832897-abc12335-35908-worker-0:269:6822 [0] NCCL INFO Connected all trees
vcjob-2108088646234832897-abc12335-35908-worker-0:269:6822 [0] NCCL INFO threadThresholds 8/8/64 | 16/8/64 | 256 | 256
vcjob-2108088646234832897-abc12335-35908-worker-0:269:6822 [0] NCCL INFO 32 coll channels, 32 collnet channels, 0 nvls channels, 32 p2p channels, 32 p2p channels per peer
vcjob-2108088646234832897-abc12335-35908-worker-0:269:6822 [0] NCCL INFO CC Off, Multi-GPU CC Off, workFifoBytes 4194304
vcjob-2108088646234832897-abc12335-35908-worker-0:269:6822 [0] NCCL INFO ncclCommInitRank comm 0x55830fd4b220 rank 0 nranks 2 cudaDev 0 nvmlDev 0 busId 9000 commId 0xdee7a3d2e2d0ee49 localSize 480 used 3055442352 bytes on core 8 - Init COMPLETE
vcjob-2108088646234832897-abc12335-35908-worker-0:269:6822 [0] NCCL INFO Init timings: rank 0 nranks 2 total 0.68 (kernels 0.00, bootstrap 0.06, allgathers 0.00, topo 0.10, graphs 0.00, connections 0.52, rest 0.00)
I1008 14:56:33.978065   269 ProcessGroupNCCL.cpp:2890] [PG ID 0 PG GUID 0(default_pg) Rank 0] NCCL_DEBUG: INFO
vcjob-2108088646234832897-abc12335-35908-worker-0:269:6826 [0] NCCL INFO Channel 01/1 : 1[85000] -> 0[9000] [receive] via NET/IBext_v8/0/GDRDMA/Shared comm 0x55830fd4b220 nRanks 02
vcjob-2108088646234832897-abc12335-35908-worker-0:269:6826 [0] NCCL INFO Channel 03/1 : 1[85000] -> 0[9000] [receive] via NET/IBext_v8/0/GDRDMA/Shared comm 0x55830fd4b220 nRanks 02
vcjob-2108088646234832897-abc12335-35908-worker-0:269:6826 [0] NCCL INFO Channel 05/1 : 1[85000] -> 0[9000] [receive] via NET/IBext_v8/0/GDRDMA/Shared comm 0x55830fd4b220 nRanks 02
vcjob-2108088646234832897-abc12335-35908-worker-0:269:6826 [0] NCCL INFO Channel 07/1 : 1[85000] -> 0[9000] [receive] via NET/IBext_v8/0/GDRDMA/Shared comm 0x55830fd4b220 nRanks 02
vcjob-2108088646234832897-abc12335-35908-worker-0:269:6826 [0] NCCL INFO Channel 09/1 : 1[85000] -> 0[9000] [receive] via NET/IBext_v8/0/GDRDMA/Shared comm 0x55830fd4b220 nRanks 02
vcjob-2108088646234832897-abc12335-35908-worker-0:269:6826 [0] NCCL INFO Channel 11/1 : 1[85000] -> 0[9000] [receive] via NET/IBext_v8/0/GDRDMA/Shared comm 0x55830fd4b220 nRanks 02
vcjob-2108088646234832897-abc12335-35908-worker-0:269:6826 [0] NCCL INFO Channel 13/1 : 1[85000] -> 0[9000] [receive] via NET/IBext_v8/0/GDRDMA/Shared comm 0x55830fd4b220 nRanks 02
vcjob-2108088646234832897-abc12335-35908-worker-0:269:6826 [0] NCCL INFO Channel 15/1 : 1[85000] -> 0[9000] [receive] via NET/IBext_v8/0/GDRDMA/Shared comm 0x55830fd4b220 nRanks 02
vcjob-2108088646234832897-abc12335-35908-worker-0:269:6826 [0] NCCL INFO Channel 17/1 : 1[85000] -> 0[9000] [receive] via NET/IBext_v8/0/GDRDMA/Shared comm 0x55830fd4b220 nRanks 02
vcjob-2108088646234832897-abc12335-35908-worker-0:269:6826 [0] NCCL INFO Channel 19/1 : 1[85000] -> 0[9000] [receive] via NET/IBext_v8/0/GDRDMA/Shared comm 0x55830fd4b220 nRanks 02
vcjob-2108088646234832897-abc12335-35908-worker-0:269:6826 [0] NCCL INFO Channel 21/1 : 1[85000] -> 0[9000] [receive] via NET/IBext_v8/0/GDRDMA/Shared comm 0x55830fd4b220 nRanks 02
vcjob-2108088646234832897-abc12335-35908-worker-0:269:6826 [0] NCCL INFO Channel 23/1 : 1[85000] -> 0[9000] [receive] via NET/IBext_v8/0/GDRDMA/Shared comm 0x55830fd4b220 nRanks 02
vcjob-2108088646234832897-abc12335-35908-worker-0:269:6826 [0] NCCL INFO Channel 25/1 : 1[85000] -> 0[9000] [receive] via NET/IBext_v8/0/GDRDMA/Shared comm 0x55830fd4b220 nRanks 02
vcjob-2108088646234832897-abc12335-35908-worker-0:269:6826 [0] NCCL INFO Channel 27/1 : 1[85000] -> 0[9000] [receive] via NET/IBext_v8/0/GDRDMA/Shared comm 0x55830fd4b220 nRanks 02
vcjob-2108088646234832897-abc12335-35908-worker-0:269:6826 [0] NCCL INFO Channel 29/1 : 1[85000] -> 0[9000] [receive] via NET/IBext_v8/0/GDRDMA/Shared comm 0x55830fd4b220 nRanks 02
vcjob-2108088646234832897-abc12335-35908-worker-0:269:6826 [0] NCCL INFO Channel 31/1 : 1[85000] -> 0[9000] [receive] via NET/IBext_v8/0/GDRDMA/Shared comm 0x55830fd4b220 nRanks 02

vcjob-2108088646234832897-abc12335-35908-worker-0:269:269 [0] /data/jenkins_workspace/workspace/rccl_release/build/hipify/src/init.cc:170 NCCL WARN NUMA auto balancing enabled which can lead to variability in the RCCL performance! Disable by "sudo sysctl kernel.numa_balancing=0"
vcjob-2108088646234832897-abc12335-35908-worker-0:269:269 [0] NCCL INFO Kernel version: 5.15.0-25-generic

vcjob-2108088646234832897-abc12335-35908-worker-0:269:269 [0] /data/jenkins_workspace/workspace/rccl_release/build/hipify/src/init.cc:191 NCCL WARN Missing "iommu=pt" from kernel command line which can lead to system instablity or hang!
I1008 14:56:34.062464   269 ProcessGroupNCCL.cpp:2857] [PG ID 0 PG GUID 0(default_pg) Rank 0] ProcessGroupNCCL broadcast unique ID through store took 0.08618 ms
I1008 14:56:34.062505   269 NCCLUtils.cpp:75] Rank 0: creating NCCL communicator with mode: blocking

vcjob-2108088646234832897-abc12335-35908-worker-0:269:269 [0] /data/jenkins_workspace/workspace/rccl_release/build/hipify/src/init.cc:170 NCCL WARN NUMA auto balancing enabled which can lead to variability in the RCCL performance! Disable by "sudo sysctl kernel.numa_balancing=0"
vcjob-2108088646234832897-abc12335-35908-worker-0:269:269 [0] NCCL INFO Kernel version: 5.15.0-25-generic

vcjob-2108088646234832897-abc12335-35908-worker-0:269:269 [0] /data/jenkins_workspace/workspace/rccl_release/build/hipify/src/init.cc:191 NCCL WARN Missing "iommu=pt" from kernel command line which can lead to system instablity or hang!
vcjob-2108088646234832897-abc12335-35908-worker-0:269:269 [0] NCCL INFO Comm config Blocking set to 1
vcjob-2108088646234832897-abc12335-35908-worker-0:269:6828 [0] NCCL INFO Using network IBext_v8
vcjob-2108088646234832897-abc12335-35908-worker-0:269:6828 [0] NCCL INFO rocm_smi_lib: version 7.6.0.0
vcjob-2108088646234832897-abc12335-35908-worker-0:269:6828 [0] NCCL INFO ncclCommInitRank comm 0x55830fe16a10 rank 0 nranks 2 cudaDev 0 nvmlDev 0 busId 9000 commId 0xdf176d08b7b09226 - Init START
vcjob-2108088646234832897-abc12335-35908-worker-0:269:6828 [0] NCCL INFO rank:0 get match hsa dev domain:0x0 bdf:0x900 rank busId:0x36864
vcjob-2108088646234832897-abc12335-35908-worker-0:269:6828 [0] NCCL INFO XDP Switch is off with xdp_size : 0
vcjob-2108088646234832897-abc12335-35908-worker-0:269:6828 [0] NCCL INFO NCCL_TOPO_FILE set by environment to /root/private_data/second_hygon/phase4-arrival-heterogeneity/../rdma-shca/topo_lib/built-in-508-topo-input-tj-default.xml
vcjob-2108088646234832897-abc12335-35908-worker-0:269:6828 [0] NCCL INFO rocm_smi_lib: version 7.6.0.0
vcjob-2108088646234832897-abc12335-35908-worker-0:269:6828 [0] NCCL INFO Setting affinity for GPU 0 to ffff
vcjob-2108088646234832897-abc12335-35908-worker-0:269:6828 [0] NCCL INFO Rank:0 Get link topo from rocmDev:0 linkNum:8 link:0 linkState:1 remote type:1 bdf:0x9b00 topoType:2
vcjob-2108088646234832897-abc12335-35908-worker-0:269:6828 [0] NCCL INFO Transport init rank 0 useXdp 0 linkTopoType 2
vcjob-2108088646234832897-abc12335-35908-worker-0:269:6828 [0] NCCL INFO comm 0x55830fe16a10 rank 0 nRanks 2 nNodes 2 localRanks 1 localRank 0 MNNVL 0
vcjob-2108088646234832897-abc12335-35908-worker-0:269:6828 [0] NCCL INFO Channel 00/32 :    0   1
vcjob-2108088646234832897-abc12335-35908-worker-0:269:6828 [0] NCCL INFO Channel 01/32 :    0   1
vcjob-2108088646234832897-abc12335-35908-worker-0:269:6828 [0] NCCL INFO Channel 02/32 :    0   1
vcjob-2108088646234832897-abc12335-35908-worker-0:269:6828 [0] NCCL INFO Channel 03/32 :    0   1
vcjob-2108088646234832897-abc12335-35908-worker-0:269:6828 [0] NCCL INFO Channel 04/32 :    0   1
vcjob-2108088646234832897-abc12335-35908-worker-0:269:6828 [0] NCCL INFO Channel 05/32 :    0   1
vcjob-2108088646234832897-abc12335-35908-worker-0:269:6828 [0] NCCL INFO Channel 06/32 :    0   1
vcjob-2108088646234832897-abc12335-35908-worker-0:269:6828 [0] NCCL INFO Channel 07/32 :    0   1
vcjob-2108088646234832897-abc12335-35908-worker-0:269:6828 [0] NCCL INFO Channel 08/32 :    0   1
vcjob-2108088646234832897-abc12335-35908-worker-0:269:6828 [0] NCCL INFO Channel 09/32 :    0   1
vcjob-2108088646234832897-abc12335-35908-worker-0:269:6828 [0] NCCL INFO Channel 10/32 :    0   1
vcjob-2108088646234832897-abc12335-35908-worker-0:269:6828 [0] NCCL INFO Channel 11/32 :    0   1
vcjob-2108088646234832897-abc12335-35908-worker-0:269:6828 [0] NCCL INFO Channel 12/32 :    0   1
vcjob-2108088646234832897-abc12335-35908-worker-0:269:6828 [0] NCCL INFO Channel 13/32 :    0   1
vcjob-2108088646234832897-abc12335-35908-worker-0:269:6828 [0] NCCL INFO Channel 14/32 :    0   1
vcjob-2108088646234832897-abc12335-35908-worker-0:269:6828 [0] NCCL INFO Channel 15/32 :    0   1
vcjob-2108088646234832897-abc12335-35908-worker-0:269:6828 [0] NCCL INFO Channel 16/32 :    0   1
vcjob-2108088646234832897-abc12335-35908-worker-0:269:6828 [0] NCCL INFO Channel 17/32 :    0   1
vcjob-2108088646234832897-abc12335-35908-worker-0:269:6828 [0] NCCL INFO Channel 18/32 :    0   1
vcjob-2108088646234832897-abc12335-35908-worker-0:269:6828 [0] NCCL INFO Channel 19/32 :    0   1
vcjob-2108088646234832897-abc12335-35908-worker-0:269:6828 [0] NCCL INFO Channel 20/32 :    0   1
vcjob-2108088646234832897-abc12335-35908-worker-0:269:6828 [0] NCCL INFO Channel 21/32 :    0   1
vcjob-2108088646234832897-abc12335-35908-worker-0:269:6828 [0] NCCL INFO Channel 22/32 :    0   1
vcjob-2108088646234832897-abc12335-35908-worker-0:269:6828 [0] NCCL INFO Channel 23/32 :    0   1
vcjob-2108088646234832897-abc12335-35908-worker-0:269:6828 [0] NCCL INFO Channel 24/32 :    0   1
vcjob-2108088646234832897-abc12335-35908-worker-0:269:6828 [0] NCCL INFO Channel 25/32 :    0   1
vcjob-2108088646234832897-abc12335-35908-worker-0:269:6828 [0] NCCL INFO Channel 26/32 :    0   1
vcjob-2108088646234832897-abc12335-35908-worker-0:269:6828 [0] NCCL INFO Channel 27/32 :    0   1
vcjob-2108088646234832897-abc12335-35908-worker-0:269:6828 [0] NCCL INFO Channel 28/32 :    0   1
vcjob-2108088646234832897-abc12335-35908-worker-0:269:6828 [0] NCCL INFO Channel 29/32 :    0   1
vcjob-2108088646234832897-abc12335-35908-worker-0:269:6828 [0] NCCL INFO Channel 30/32 :    0   1
vcjob-2108088646234832897-abc12335-35908-worker-0:269:6828 [0] NCCL INFO Channel 31/32 :    0   1
vcjob-2108088646234832897-abc12335-35908-worker-0:269:6828 [0] NCCL INFO Trees [0] 1/-1/-1->0->-1 [1] 1/-1/-1->0->-1 [2] -1/-1/-1->0->1 [3] -1/-1/-1->0->1 [4] 1/-1/-1->0->-1 [5] 1/-1/-1->0->-1 [6] -1/-1/-1->0->1 [7] -1/-1/-1->0->1 [8] 1/-1/-1->0->-1 [9] 1/-1/-1->0->-1 [10] -1/-1/-1->0->1 [11] -1/-1/-1->0->1 [12] 1/-1/-1->0->-1 [13] 1/-1/-1->0->-1 [14] -1/-1/-1->0->1 [15] -1/-1/-1->0->1 [16] 1/-1/-1->0->-1 [17] 1/-1/-1->0->-1 [18] -1/-1/-1->0->1 [19] -1/-1/-1->0->1 [20] 1/-1/-1->0->-1 [21] 1/-1/-1->0->-1 [22] -1/-1/-1->0->1 [23] -1/-1/-1->0->1 [24] 1/-1/-1->0->-1 [25] 1/-1/-1->0->-1 [26] -1/-1/-1->0->1 [27] -1/-1/-1->0->1 [28] 1/-1/-1->0->-1 [29] 1/-1/-1->0->-1 [30] -1/-1/-1->0->1 [31] -1/-1/-1->0->1 comm 0x55830fe16a10 nRanks 02 busId 9000
vcjob-2108088646234832897-abc12335-35908-worker-0:269:6828 [0] NCCL INFO P2P Chunksize set to 131072
vcjob-2108088646234832897-abc12335-35908-worker-0:269:6828 [0] NCCL INFO comm->autoPerPeerOn: 1, comm->p2pnChannels: 32, comm->p2pnChannelsPerPeer: 32
vcjob-2108088646234832897-abc12335-35908-worker-0:269:6828 [0] NCCL INFO Channel 00/0 : 1[b5000] -> 0[9000] [receive] via NET/IBext_v8/0/GDRDMA comm 0x55830fe16a10 nRanks 02
vcjob-2108088646234832897-abc12335-35908-worker-0:269:6828 [0] NCCL INFO Channel 01/0 : 1[b5000] -> 0[9000] [receive] via NET/IBext_v8/0/GDRDMA comm 0x55830fe16a10 nRanks 02
vcjob-2108088646234832897-abc12335-35908-worker-0:269:6828 [0] NCCL INFO Channel 02/0 : 1[b5000] -> 0[9000] [receive] via NET/IBext_v8/0/GDRDMA comm 0x55830fe16a10 nRanks 02
vcjob-2108088646234832897-abc12335-35908-worker-0:269:6828 [0] NCCL INFO Channel 03/0 : 1[b5000] -> 0[9000] [receive] via NET/IBext_v8/0/GDRDMA comm 0x55830fe16a10 nRanks 02
vcjob-2108088646234832897-abc12335-35908-worker-0:269:6828 [0] NCCL INFO Channel 04/0 : 1[b5000] -> 0[9000] [receive] via NET/IBext_v8/0/GDRDMA comm 0x55830fe16a10 nRanks 02
vcjob-2108088646234832897-abc12335-35908-worker-0:269:6828 [0] NCCL INFO Channel 05/0 : 1[b5000] -> 0[9000] [receive] via NET/IBext_v8/0/GDRDMA comm 0x55830fe16a10 nRanks 02
vcjob-2108088646234832897-abc12335-35908-worker-0:269:6828 [0] NCCL INFO Channel 06/0 : 1[b5000] -> 0[9000] [receive] via NET/IBext_v8/0/GDRDMA comm 0x55830fe16a10 nRanks 02
vcjob-2108088646234832897-abc12335-35908-worker-0:269:6828 [0] NCCL INFO Channel 07/0 : 1[b5000] -> 0[9000] [receive] via NET/IBext_v8/0/GDRDMA comm 0x55830fe16a10 nRanks 02
vcjob-2108088646234832897-abc12335-35908-worker-0:269:6828 [0] NCCL INFO Channel 08/0 : 1[b5000] -> 0[9000] [receive] via NET/IBext_v8/0/GDRDMA comm 0x55830fe16a10 nRanks 02
vcjob-2108088646234832897-abc12335-35908-worker-0:269:6828 [0] NCCL INFO Channel 09/0 : 1[b5000] -> 0[9000] [receive] via NET/IBext_v8/0/GDRDMA comm 0x55830fe16a10 nRanks 02
vcjob-2108088646234832897-abc12335-35908-worker-0:269:6828 [0] NCCL INFO Channel 10/0 : 1[b5000] -> 0[9000] [receive] via NET/IBext_v8/0/GDRDMA comm 0x55830fe16a10 nRanks 02
vcjob-2108088646234832897-abc12335-35908-worker-0:269:6828 [0] NCCL INFO Channel 11/0 : 1[b5000] -> 0[9000] [receive] via NET/IBext_v8/0/GDRDMA comm 0x55830fe16a10 nRanks 02
vcjob-2108088646234832897-abc12335-35908-worker-0:269:6828 [0] NCCL INFO Channel 12/0 : 1[b5000] -> 0[9000] [receive] via NET/IBext_v8/0/GDRDMA comm 0x55830fe16a10 nRanks 02
vcjob-2108088646234832897-abc12335-35908-worker-0:269:6828 [0] NCCL INFO Channel 13/0 : 1[b5000] -> 0[9000] [receive] via NET/IBext_v8/0/GDRDMA comm 0x55830fe16a10 nRanks 02
vcjob-2108088646234832897-abc12335-35908-worker-0:269:6828 [0] NCCL INFO Channel 14/0 : 1[b5000] -> 0[9000] [receive] via NET/IBext_v8/0/GDRDMA comm 0x55830fe16a10 nRanks 02
vcjob-2108088646234832897-abc12335-35908-worker-0:269:6828 [0] NCCL INFO Channel 15/0 : 1[b5000] -> 0[9000] [receive] via NET/IBext_v8/0/GDRDMA comm 0x55830fe16a10 nRanks 02
vcjob-2108088646234832897-abc12335-35908-worker-0:269:6828 [0] NCCL INFO Channel 16/0 : 1[b5000] -> 0[9000] [receive] via NET/IBext_v8/0/GDRDMA comm 0x55830fe16a10 nRanks 02
vcjob-2108088646234832897-abc12335-35908-worker-0:269:6828 [0] NCCL INFO Channel 17/0 : 1[b5000] -> 0[9000] [receive] via NET/IBext_v8/0/GDRDMA comm 0x55830fe16a10 nRanks 02
vcjob-2108088646234832897-abc12335-35908-worker-0:269:6828 [0] NCCL INFO Channel 18/0 : 1[b5000] -> 0[9000] [receive] via NET/IBext_v8/0/GDRDMA comm 0x55830fe16a10 nRanks 02
vcjob-2108088646234832897-abc12335-35908-worker-0:269:6828 [0] NCCL INFO Channel 19/0 : 1[b5000] -> 0[9000] [receive] via NET/IBext_v8/0/GDRDMA comm 0x55830fe16a10 nRanks 02
vcjob-2108088646234832897-abc12335-35908-worker-0:269:6828 [0] NCCL INFO Channel 20/0 : 1[b5000] -> 0[9000] [receive] via NET/IBext_v8/0/GDRDMA comm 0x55830fe16a10 nRanks 02
vcjob-2108088646234832897-abc12335-35908-worker-0:269:6828 [0] NCCL INFO Channel 21/0 : 1[b5000] -> 0[9000] [receive] via NET/IBext_v8/0/GDRDMA comm 0x55830fe16a10 nRanks 02
vcjob-2108088646234832897-abc12335-35908-worker-0:269:6828 [0] NCCL INFO Channel 22/0 : 1[b5000] -> 0[9000] [receive] via NET/IBext_v8/0/GDRDMA comm 0x55830fe16a10 nRanks 02
vcjob-2108088646234832897-abc12335-35908-worker-0:269:6828 [0] NCCL INFO Channel 23/0 : 1[b5000] -> 0[9000] [receive] via NET/IBext_v8/0/GDRDMA comm 0x55830fe16a10 nRanks 02
vcjob-2108088646234832897-abc12335-35908-worker-0:269:6828 [0] NCCL INFO Channel 24/0 : 1[b5000] -> 0[9000] [receive] via NET/IBext_v8/0/GDRDMA comm 0x55830fe16a10 nRanks 02
vcjob-2108088646234832897-abc12335-35908-worker-0:269:6828 [0] NCCL INFO Channel 25/0 : 1[b5000] -> 0[9000] [receive] via NET/IBext_v8/0/GDRDMA comm 0x55830fe16a10 nRanks 02
vcjob-2108088646234832897-abc12335-35908-worker-0:269:6828 [0] NCCL INFO Channel 26/0 : 1[b5000] -> 0[9000] [receive] via NET/IBext_v8/0/GDRDMA comm 0x55830fe16a10 nRanks 02
vcjob-2108088646234832897-abc12335-35908-worker-0:269:6828 [0] NCCL INFO Channel 27/0 : 1[b5000] -> 0[9000] [receive] via NET/IBext_v8/0/GDRDMA comm 0x55830fe16a10 nRanks 02
vcjob-2108088646234832897-abc12335-35908-worker-0:269:6828 [0] NCCL INFO Channel 28/0 : 1[b5000] -> 0[9000] [receive] via NET/IBext_v8/0/GDRDMA comm 0x55830fe16a10 nRanks 02
vcjob-2108088646234832897-abc12335-35908-worker-0:269:6828 [0] NCCL INFO Channel 29/0 : 1[b5000] -> 0[9000] [receive] via NET/IBext_v8/0/GDRDMA comm 0x55830fe16a10 nRanks 02
vcjob-2108088646234832897-abc12335-35908-worker-0:269:6828 [0] NCCL INFO Channel 30/0 : 1[b5000] -> 0[9000] [receive] via NET/IBext_v8/0/GDRDMA comm 0x55830fe16a10 nRanks 02
vcjob-2108088646234832897-abc12335-35908-worker-0:269:6828 [0] NCCL INFO Channel 31/0 : 1[b5000] -> 0[9000] [receive] via NET/IBext_v8/0/GDRDMA comm 0x55830fe16a10 nRanks 02
vcjob-2108088646234832897-abc12335-35908-worker-0:269:6828 [0] NCCL INFO Channel 00/0 : 0[9000] -> 1[b5000] [send] via NET/IBext_v8/0/GDRDMA comm 0x55830fe16a10 nRanks 02
vcjob-2108088646234832897-abc12335-35908-worker-0:269:6828 [0] NCCL INFO Channel 01/0 : 0[9000] -> 1[b5000] [send] via NET/IBext_v8/0/GDRDMA comm 0x55830fe16a10 nRanks 02
vcjob-2108088646234832897-abc12335-35908-worker-0:269:6828 [0] NCCL INFO Channel 02/0 : 0[9000] -> 1[b5000] [send] via NET/IBext_v8/0/GDRDMA comm 0x55830fe16a10 nRanks 02
vcjob-2108088646234832897-abc12335-35908-worker-0:269:6828 [0] NCCL INFO Channel 03/0 : 0[9000] -> 1[b5000] [send] via NET/IBext_v8/0/GDRDMA comm 0x55830fe16a10 nRanks 02
vcjob-2108088646234832897-abc12335-35908-worker-0:269:6828 [0] NCCL INFO Channel 04/0 : 0[9000] -> 1[b5000] [send] via NET/IBext_v8/0/GDRDMA comm 0x55830fe16a10 nRanks 02
vcjob-2108088646234832897-abc12335-35908-worker-0:269:6828 [0] NCCL INFO Channel 05/0 : 0[9000] -> 1[b5000] [send] via NET/IBext_v8/0/GDRDMA comm 0x55830fe16a10 nRanks 02
vcjob-2108088646234832897-abc12335-35908-worker-0:269:6828 [0] NCCL INFO Channel 06/0 : 0[9000] -> 1[b5000] [send] via NET/IBext_v8/0/GDRDMA comm 0x55830fe16a10 nRanks 02
vcjob-2108088646234832897-abc12335-35908-worker-0:269:6828 [0] NCCL INFO Channel 07/0 : 0[9000] -> 1[b5000] [send] via NET/IBext_v8/0/GDRDMA comm 0x55830fe16a10 nRanks 02
vcjob-2108088646234832897-abc12335-35908-worker-0:269:6828 [0] NCCL INFO Channel 08/0 : 0[9000] -> 1[b5000] [send] via NET/IBext_v8/0/GDRDMA comm 0x55830fe16a10 nRanks 02
vcjob-2108088646234832897-abc12335-35908-worker-0:269:6828 [0] NCCL INFO Channel 09/0 : 0[9000] -> 1[b5000] [send] via NET/IBext_v8/0/GDRDMA comm 0x55830fe16a10 nRanks 02
vcjob-2108088646234832897-abc12335-35908-worker-0:269:6828 [0] NCCL INFO Channel 10/0 : 0[9000] -> 1[b5000] [send] via NET/IBext_v8/0/GDRDMA comm 0x55830fe16a10 nRanks 02
vcjob-2108088646234832897-abc12335-35908-worker-0:269:6828 [0] NCCL INFO Channel 11/0 : 0[9000] -> 1[b5000] [send] via NET/IBext_v8/0/GDRDMA comm 0x55830fe16a10 nRanks 02
vcjob-2108088646234832897-abc12335-35908-worker-0:269:6828 [0] NCCL INFO Channel 12/0 : 0[9000] -> 1[b5000] [send] via NET/IBext_v8/0/GDRDMA comm 0x55830fe16a10 nRanks 02
vcjob-2108088646234832897-abc12335-35908-worker-0:269:6828 [0] NCCL INFO Channel 13/0 : 0[9000] -> 1[b5000] [send] via NET/IBext_v8/0/GDRDMA comm 0x55830fe16a10 nRanks 02
vcjob-2108088646234832897-abc12335-35908-worker-0:269:6828 [0] NCCL INFO Channel 14/0 : 0[9000] -> 1[b5000] [send] via NET/IBext_v8/0/GDRDMA comm 0x55830fe16a10 nRanks 02
vcjob-2108088646234832897-abc12335-35908-worker-0:269:6828 [0] NCCL INFO Channel 15/0 : 0[9000] -> 1[b5000] [send] via NET/IBext_v8/0/GDRDMA comm 0x55830fe16a10 nRanks 02
vcjob-2108088646234832897-abc12335-35908-worker-0:269:6828 [0] NCCL INFO Channel 16/0 : 0[9000] -> 1[b5000] [send] via NET/IBext_v8/0/GDRDMA comm 0x55830fe16a10 nRanks 02
vcjob-2108088646234832897-abc12335-35908-worker-0:269:6828 [0] NCCL INFO Channel 17/0 : 0[9000] -> 1[b5000] [send] via NET/IBext_v8/0/GDRDMA comm 0x55830fe16a10 nRanks 02
vcjob-2108088646234832897-abc12335-35908-worker-0:269:6828 [0] NCCL INFO Channel 18/0 : 0[9000] -> 1[b5000] [send] via NET/IBext_v8/0/GDRDMA comm 0x55830fe16a10 nRanks 02
vcjob-2108088646234832897-abc12335-35908-worker-0:269:6828 [0] NCCL INFO Channel 19/0 : 0[9000] -> 1[b5000] [send] via NET/IBext_v8/0/GDRDMA comm 0x55830fe16a10 nRanks 02
vcjob-2108088646234832897-abc12335-35908-worker-0:269:6828 [0] NCCL INFO Channel 20/0 : 0[9000] -> 1[b5000] [send] via NET/IBext_v8/0/GDRDMA comm 0x55830fe16a10 nRanks 02
vcjob-2108088646234832897-abc12335-35908-worker-0:269:6828 [0] NCCL INFO Channel 21/0 : 0[9000] -> 1[b5000] [send] via NET/IBext_v8/0/GDRDMA comm 0x55830fe16a10 nRanks 02
vcjob-2108088646234832897-abc12335-35908-worker-0:269:6828 [0] NCCL INFO Channel 22/0 : 0[9000] -> 1[b5000] [send] via NET/IBext_v8/0/GDRDMA comm 0x55830fe16a10 nRanks 02
vcjob-2108088646234832897-abc12335-35908-worker-0:269:6828 [0] NCCL INFO Channel 23/0 : 0[9000] -> 1[b5000] [send] via NET/IBext_v8/0/GDRDMA comm 0x55830fe16a10 nRanks 02
vcjob-2108088646234832897-abc12335-35908-worker-0:269:6828 [0] NCCL INFO Channel 24/0 : 0[9000] -> 1[b5000] [send] via NET/IBext_v8/0/GDRDMA comm 0x55830fe16a10 nRanks 02
vcjob-2108088646234832897-abc12335-35908-worker-0:269:6828 [0] NCCL INFO Channel 25/0 : 0[9000] -> 1[b5000] [send] via NET/IBext_v8/0/GDRDMA comm 0x55830fe16a10 nRanks 02
vcjob-2108088646234832897-abc12335-35908-worker-0:269:6828 [0] NCCL INFO Channel 26/0 : 0[9000] -> 1[b5000] [send] via NET/IBext_v8/0/GDRDMA comm 0x55830fe16a10 nRanks 02
vcjob-2108088646234832897-abc12335-35908-worker-0:269:6828 [0] NCCL INFO Channel 27/0 : 0[9000] -> 1[b5000] [send] via NET/IBext_v8/0/GDRDMA comm 0x55830fe16a10 nRanks 02
vcjob-2108088646234832897-abc12335-35908-worker-0:269:6828 [0] NCCL INFO Channel 28/0 : 0[9000] -> 1[b5000] [send] via NET/IBext_v8/0/GDRDMA comm 0x55830fe16a10 nRanks 02
vcjob-2108088646234832897-abc12335-35908-worker-0:269:6828 [0] NCCL INFO Channel 29/0 : 0[9000] -> 1[b5000] [send] via NET/IBext_v8/0/GDRDMA comm 0x55830fe16a10 nRanks 02
vcjob-2108088646234832897-abc12335-35908-worker-0:269:6828 [0] NCCL INFO Channel 30/0 : 0[9000] -> 1[b5000] [send] via NET/IBext_v8/0/GDRDMA comm 0x55830fe16a10 nRanks 02
vcjob-2108088646234832897-abc12335-35908-worker-0:269:6828 [0] NCCL INFO Channel 31/0 : 0[9000] -> 1[b5000] [send] via NET/IBext_v8/0/GDRDMA comm 0x55830fe16a10 nRanks 02
vcjob-2108088646234832897-abc12335-35908-worker-0:269:6828 [0] NCCL INFO Connected all rings
vcjob-2108088646234832897-abc12335-35908-worker-0:269:6828 [0] NCCL INFO Connected all trees
vcjob-2108088646234832897-abc12335-35908-worker-0:269:6828 [0] NCCL INFO threadThresholds 8/8/64 | 16/8/64 | 256 | 256
vcjob-2108088646234832897-abc12335-35908-worker-0:269:6828 [0] NCCL INFO 32 coll channels, 32 collnet channels, 0 nvls channels, 32 p2p channels, 32 p2p channels per peer
vcjob-2108088646234832897-abc12335-35908-worker-0:269:6828 [0] NCCL INFO CC Off, Multi-GPU CC Off, workFifoBytes 4194304
vcjob-2108088646234832897-abc12335-35908-worker-0:269:6828 [0] NCCL INFO ncclCommInitRank comm 0x55830fe16a10 rank 0 nranks 2 cudaDev 0 nvmlDev 0 busId 9000 commId 0xdf176d08b7b09226 localSize 480 used 3328711456 bytes on core 1 - Init COMPLETE
vcjob-2108088646234832897-abc12335-35908-worker-0:269:6828 [0] NCCL INFO Init timings: rank 0 nranks 2 total 0.63 (kernels 0.00, bootstrap 0.06, allgathers 0.00, topo 0.10, graphs 0.00, connections 0.47, rest 0.00)
I1008 14:56:34.700526   269 ProcessGroupNCCL.cpp:2890] [PG ID 0 PG GUID 0(default_pg) Rank 0] NCCL_DEBUG: INFO
vcjob-2108088646234832897-abc12335-35908-worker-0:269:6832 [0] NCCL INFO Channel 01/1 : 1[b5000] -> 0[9000] [receive] via NET/IBext_v8/0/GDRDMA/Shared comm 0x55830fe16a10 nRanks 02
vcjob-2108088646234832897-abc12335-35908-worker-0:269:6832 [0] NCCL INFO Channel 03/1 : 1[b5000] -> 0[9000] [receive] via NET/IBext_v8/0/GDRDMA/Shared comm 0x55830fe16a10 nRanks 02
vcjob-2108088646234832897-abc12335-35908-worker-0:269:6832 [0] NCCL INFO Channel 05/1 : 1[b5000] -> 0[9000] [receive] via NET/IBext_v8/0/GDRDMA/Shared comm 0x55830fe16a10 nRanks 02
vcjob-2108088646234832897-abc12335-35908-worker-0:269:6832 [0] NCCL INFO Channel 07/1 : 1[b5000] -> 0[9000] [receive] via NET/IBext_v8/0/GDRDMA/Shared comm 0x55830fe16a10 nRanks 02
vcjob-2108088646234832897-abc12335-35908-worker-0:269:6832 [0] NCCL INFO Channel 09/1 : 1[b5000] -> 0[9000] [receive] via NET/IBext_v8/0/GDRDMA/Shared comm 0x55830fe16a10 nRanks 02
vcjob-2108088646234832897-abc12335-35908-worker-0:269:6832 [0] NCCL INFO Channel 11/1 : 1[b5000] -> 0[9000] [receive] via NET/IBext_v8/0/GDRDMA/Shared comm 0x55830fe16a10 nRanks 02
vcjob-2108088646234832897-abc12335-35908-worker-0:269:6832 [0] NCCL INFO Channel 13/1 : 1[b5000] -> 0[9000] [receive] via NET/IBext_v8/0/GDRDMA/Shared comm 0x55830fe16a10 nRanks 02
vcjob-2108088646234832897-abc12335-35908-worker-0:269:6832 [0] NCCL INFO Channel 15/1 : 1[b5000] -> 0[9000] [receive] via NET/IBext_v8/0/GDRDMA/Shared comm 0x55830fe16a10 nRanks 02
vcjob-2108088646234832897-abc12335-35908-worker-0:269:6832 [0] NCCL INFO Channel 17/1 : 1[b5000] -> 0[9000] [receive] via NET/IBext_v8/0/GDRDMA/Shared comm 0x55830fe16a10 nRanks 02
vcjob-2108088646234832897-abc12335-35908-worker-0:269:6832 [0] NCCL INFO Channel 19/1 : 1[b5000] -> 0[9000] [receive] via NET/IBext_v8/0/GDRDMA/Shared comm 0x55830fe16a10 nRanks 02
vcjob-2108088646234832897-abc12335-35908-worker-0:269:6832 [0] NCCL INFO Channel 21/1 : 1[b5000] -> 0[9000] [receive] via NET/IBext_v8/0/GDRDMA/Shared comm 0x55830fe16a10 nRanks 02
vcjob-2108088646234832897-abc12335-35908-worker-0:269:6832 [0] NCCL INFO Channel 23/1 : 1[b5000] -> 0[9000] [receive] via NET/IBext_v8/0/GDRDMA/Shared comm 0x55830fe16a10 nRanks 02
vcjob-2108088646234832897-abc12335-35908-worker-0:269:6832 [0] NCCL INFO Channel 25/1 : 1[b5000] -> 0[9000] [receive] via NET/IBext_v8/0/GDRDMA/Shared comm 0x55830fe16a10 nRanks 02
vcjob-2108088646234832897-abc12335-35908-worker-0:269:6832 [0] NCCL INFO Channel 27/1 : 1[b5000] -> 0[9000] [receive] via NET/IBext_v8/0/GDRDMA/Shared comm 0x55830fe16a10 nRanks 02
vcjob-2108088646234832897-abc12335-35908-worker-0:269:6832 [0] NCCL INFO Channel 29/1 : 1[b5000] -> 0[9000] [receive] via NET/IBext_v8/0/GDRDMA/Shared comm 0x55830fe16a10 nRanks 02
vcjob-2108088646234832897-abc12335-35908-worker-0:269:6832 [0] NCCL INFO Channel 31/1 : 1[b5000] -> 0[9000] [receive] via NET/IBext_v8/0/GDRDMA/Shared comm 0x55830fe16a10 nRanks 02

vcjob-2108088646234832897-abc12335-35908-worker-0:269:269 [0] /data/jenkins_workspace/workspace/rccl_release/build/hipify/src/init.cc:170 NCCL WARN NUMA auto balancing enabled which can lead to variability in the RCCL performance! Disable by "sudo sysctl kernel.numa_balancing=0"
vcjob-2108088646234832897-abc12335-35908-worker-0:269:269 [0] NCCL INFO Kernel version: 5.15.0-25-generic

vcjob-2108088646234832897-abc12335-35908-worker-0:269:269 [0] /data/jenkins_workspace/workspace/rccl_release/build/hipify/src/init.cc:191 NCCL WARN Missing "iommu=pt" from kernel command line which can lead to system instablity or hang!
I1008 14:56:34.783916   269 ProcessGroupNCCL.cpp:2857] [PG ID 0 PG GUID 0(default_pg) Rank 0] ProcessGroupNCCL broadcast unique ID through store took 0.08712 ms
I1008 14:56:34.783941   269 NCCLUtils.cpp:75] Rank 0: creating NCCL communicator with mode: blocking

vcjob-2108088646234832897-abc12335-35908-worker-0:269:269 [0] /data/jenkins_workspace/workspace/rccl_release/build/hipify/src/init.cc:170 NCCL WARN NUMA auto balancing enabled which can lead to variability in the RCCL performance! Disable by "sudo sysctl kernel.numa_balancing=0"
vcjob-2108088646234832897-abc12335-35908-worker-0:269:269 [0] NCCL INFO Kernel version: 5.15.0-25-generic

vcjob-2108088646234832897-abc12335-35908-worker-0:269:269 [0] /data/jenkins_workspace/workspace/rccl_release/build/hipify/src/init.cc:191 NCCL WARN Missing "iommu=pt" from kernel command line which can lead to system instablity or hang!
vcjob-2108088646234832897-abc12335-35908-worker-0:269:269 [0] NCCL INFO Comm config Blocking set to 1
vcjob-2108088646234832897-abc12335-35908-worker-0:269:6834 [0] NCCL INFO Using network IBext_v8
vcjob-2108088646234832897-abc12335-35908-worker-0:269:6834 [0] NCCL INFO rocm_smi_lib: version 7.6.0.0
vcjob-2108088646234832897-abc12335-35908-worker-0:269:6834 [0] NCCL INFO ncclCommInitRank comm 0x55830fee2200 rank 0 nranks 2 cudaDev 0 nvmlDev 0 busId 9000 commId 0xe5bf5735aa9ff846 - Init START
vcjob-2108088646234832897-abc12335-35908-worker-0:269:6834 [0] NCCL INFO rank:0 get match hsa dev domain:0x0 bdf:0x900 rank busId:0x36864
vcjob-2108088646234832897-abc12335-35908-worker-0:269:6834 [0] NCCL INFO XDP Switch is off with xdp_size : 0
vcjob-2108088646234832897-abc12335-35908-worker-0:269:6834 [0] NCCL INFO NCCL_TOPO_FILE set by environment to /root/private_data/second_hygon/phase4-arrival-heterogeneity/../rdma-shca/topo_lib/built-in-508-topo-input-tj-default.xml
vcjob-2108088646234832897-abc12335-35908-worker-0:269:6834 [0] NCCL INFO rocm_smi_lib: version 7.6.0.0
vcjob-2108088646234832897-abc12335-35908-worker-0:269:6834 [0] NCCL INFO Setting affinity for GPU 0 to ffff
vcjob-2108088646234832897-abc12335-35908-worker-0:269:6834 [0] NCCL INFO Rank:0 Get link topo from rocmDev:0 linkNum:8 link:0 linkState:1 remote type:1 bdf:0x9b00 topoType:2
vcjob-2108088646234832897-abc12335-35908-worker-0:269:6834 [0] NCCL INFO Transport init rank 0 useXdp 0 linkTopoType 2
vcjob-2108088646234832897-abc12335-35908-worker-0:269:6834 [0] NCCL INFO comm 0x55830fee2200 rank 0 nRanks 2 nNodes 2 localRanks 1 localRank 0 MNNVL 0
vcjob-2108088646234832897-abc12335-35908-worker-0:269:6834 [0] NCCL INFO Channel 00/32 :    0   1
vcjob-2108088646234832897-abc12335-35908-worker-0:269:6834 [0] NCCL INFO Channel 01/32 :    0   1
vcjob-2108088646234832897-abc12335-35908-worker-0:269:6834 [0] NCCL INFO Channel 02/32 :    0   1
vcjob-2108088646234832897-abc12335-35908-worker-0:269:6834 [0] NCCL INFO Channel 03/32 :    0   1
vcjob-2108088646234832897-abc12335-35908-worker-0:269:6834 [0] NCCL INFO Channel 04/32 :    0   1
vcjob-2108088646234832897-abc12335-35908-worker-0:269:6834 [0] NCCL INFO Channel 05/32 :    0   1
vcjob-2108088646234832897-abc12335-35908-worker-0:269:6834 [0] NCCL INFO Channel 06/32 :    0   1
vcjob-2108088646234832897-abc12335-35908-worker-0:269:6834 [0] NCCL INFO Channel 07/32 :    0   1
vcjob-2108088646234832897-abc12335-35908-worker-0:269:6834 [0] NCCL INFO Channel 08/32 :    0   1
vcjob-2108088646234832897-abc12335-35908-worker-0:269:6834 [0] NCCL INFO Channel 09/32 :    0   1
vcjob-2108088646234832897-abc12335-35908-worker-0:269:6834 [0] NCCL INFO Channel 10/32 :    0   1
vcjob-2108088646234832897-abc12335-35908-worker-0:269:6834 [0] NCCL INFO Channel 11/32 :    0   1
vcjob-2108088646234832897-abc12335-35908-worker-0:269:6834 [0] NCCL INFO Channel 12/32 :    0   1
vcjob-2108088646234832897-abc12335-35908-worker-0:269:6834 [0] NCCL INFO Channel 13/32 :    0   1
vcjob-2108088646234832897-abc12335-35908-worker-0:269:6834 [0] NCCL INFO Channel 14/32 :    0   1
vcjob-2108088646234832897-abc12335-35908-worker-0:269:6834 [0] NCCL INFO Channel 15/32 :    0   1
vcjob-2108088646234832897-abc12335-35908-worker-0:269:6834 [0] NCCL INFO Channel 16/32 :    0   1
vcjob-2108088646234832897-abc12335-35908-worker-0:269:6834 [0] NCCL INFO Channel 17/32 :    0   1
vcjob-2108088646234832897-abc12335-35908-worker-0:269:6834 [0] NCCL INFO Channel 18/32 :    0   1
vcjob-2108088646234832897-abc12335-35908-worker-0:269:6834 [0] NCCL INFO Channel 19/32 :    0   1
vcjob-2108088646234832897-abc12335-35908-worker-0:269:6834 [0] NCCL INFO Channel 20/32 :    0   1
vcjob-2108088646234832897-abc12335-35908-worker-0:269:6834 [0] NCCL INFO Channel 21/32 :    0   1
vcjob-2108088646234832897-abc12335-35908-worker-0:269:6834 [0] NCCL INFO Channel 22/32 :    0   1
vcjob-2108088646234832897-abc12335-35908-worker-0:269:6834 [0] NCCL INFO Channel 23/32 :    0   1
vcjob-2108088646234832897-abc12335-35908-worker-0:269:6834 [0] NCCL INFO Channel 24/32 :    0   1
vcjob-2108088646234832897-abc12335-35908-worker-0:269:6834 [0] NCCL INFO Channel 25/32 :    0   1
vcjob-2108088646234832897-abc12335-35908-worker-0:269:6834 [0] NCCL INFO Channel 26/32 :    0   1
vcjob-2108088646234832897-abc12335-35908-worker-0:269:6834 [0] NCCL INFO Channel 27/32 :    0   1
vcjob-2108088646234832897-abc12335-35908-worker-0:269:6834 [0] NCCL INFO Channel 28/32 :    0   1
vcjob-2108088646234832897-abc12335-35908-worker-0:269:6834 [0] NCCL INFO Channel 29/32 :    0   1
vcjob-2108088646234832897-abc12335-35908-worker-0:269:6834 [0] NCCL INFO Channel 30/32 :    0   1
vcjob-2108088646234832897-abc12335-35908-worker-0:269:6834 [0] NCCL INFO Channel 31/32 :    0   1
vcjob-2108088646234832897-abc12335-35908-worker-0:269:6834 [0] NCCL INFO Trees [0] 1/-1/-1->0->-1 [1] 1/-1/-1->0->-1 [2] -1/-1/-1->0->1 [3] -1/-1/-1->0->1 [4] 1/-1/-1->0->-1 [5] 1/-1/-1->0->-1 [6] -1/-1/-1->0->1 [7] -1/-1/-1->0->1 [8] 1/-1/-1->0->-1 [9] 1/-1/-1->0->-1 [10] -1/-1/-1->0->1 [11] -1/-1/-1->0->1 [12] 1/-1/-1->0->-1 [13] 1/-1/-1->0->-1 [14] -1/-1/-1->0->1 [15] -1/-1/-1->0->1 [16] 1/-1/-1->0->-1 [17] 1/-1/-1->0->-1 [18] -1/-1/-1->0->1 [19] -1/-1/-1->0->1 [20] 1/-1/-1->0->-1 [21] 1/-1/-1->0->-1 [22] -1/-1/-1->0->1 [23] -1/-1/-1->0->1 [24] 1/-1/-1->0->-1 [25] 1/-1/-1->0->-1 [26] -1/-1/-1->0->1 [27] -1/-1/-1->0->1 [28] 1/-1/-1->0->-1 [29] 1/-1/-1->0->-1 [30] -1/-1/-1->0->1 [31] -1/-1/-1->0->1 comm 0x55830fee2200 nRanks 02 busId 9000
vcjob-2108088646234832897-abc12335-35908-worker-0:269:6834 [0] NCCL INFO P2P Chunksize set to 131072
vcjob-2108088646234832897-abc12335-35908-worker-0:269:6834 [0] NCCL INFO comm->autoPerPeerOn: 1, comm->p2pnChannels: 32, comm->p2pnChannelsPerPeer: 32
vcjob-2108088646234832897-abc12335-35908-worker-0:269:6834 [0] NCCL INFO Channel 00/0 : 1[d5000] -> 0[9000] [receive] via NET/IBext_v8/0/GDRDMA comm 0x55830fee2200 nRanks 02
vcjob-2108088646234832897-abc12335-35908-worker-0:269:6834 [0] NCCL INFO Channel 01/0 : 1[d5000] -> 0[9000] [receive] via NET/IBext_v8/0/GDRDMA comm 0x55830fee2200 nRanks 02
vcjob-2108088646234832897-abc12335-35908-worker-0:269:6834 [0] NCCL INFO Channel 02/0 : 1[d5000] -> 0[9000] [receive] via NET/IBext_v8/0/GDRDMA comm 0x55830fee2200 nRanks 02
vcjob-2108088646234832897-abc12335-35908-worker-0:269:6834 [0] NCCL INFO Channel 03/0 : 1[d5000] -> 0[9000] [receive] via NET/IBext_v8/0/GDRDMA comm 0x55830fee2200 nRanks 02
vcjob-2108088646234832897-abc12335-35908-worker-0:269:6834 [0] NCCL INFO Channel 04/0 : 1[d5000] -> 0[9000] [receive] via NET/IBext_v8/0/GDRDMA comm 0x55830fee2200 nRanks 02
vcjob-2108088646234832897-abc12335-35908-worker-0:269:6834 [0] NCCL INFO Channel 05/0 : 1[d5000] -> 0[9000] [receive] via NET/IBext_v8/0/GDRDMA comm 0x55830fee2200 nRanks 02
vcjob-2108088646234832897-abc12335-35908-worker-0:269:6834 [0] NCCL INFO Channel 06/0 : 1[d5000] -> 0[9000] [receive] via NET/IBext_v8/0/GDRDMA comm 0x55830fee2200 nRanks 02
vcjob-2108088646234832897-abc12335-35908-worker-0:269:6834 [0] NCCL INFO Channel 07/0 : 1[d5000] -> 0[9000] [receive] via NET/IBext_v8/0/GDRDMA comm 0x55830fee2200 nRanks 02
vcjob-2108088646234832897-abc12335-35908-worker-0:269:6834 [0] NCCL INFO Channel 08/0 : 1[d5000] -> 0[9000] [receive] via NET/IBext_v8/0/GDRDMA comm 0x55830fee2200 nRanks 02
vcjob-2108088646234832897-abc12335-35908-worker-0:269:6834 [0] NCCL INFO Channel 09/0 : 1[d5000] -> 0[9000] [receive] via NET/IBext_v8/0/GDRDMA comm 0x55830fee2200 nRanks 02
vcjob-2108088646234832897-abc12335-35908-worker-0:269:6834 [0] NCCL INFO Channel 10/0 : 1[d5000] -> 0[9000] [receive] via NET/IBext_v8/0/GDRDMA comm 0x55830fee2200 nRanks 02
vcjob-2108088646234832897-abc12335-35908-worker-0:269:6834 [0] NCCL INFO Channel 11/0 : 1[d5000] -> 0[9000] [receive] via NET/IBext_v8/0/GDRDMA comm 0x55830fee2200 nRanks 02
vcjob-2108088646234832897-abc12335-35908-worker-0:269:6834 [0] NCCL INFO Channel 12/0 : 1[d5000] -> 0[9000] [receive] via NET/IBext_v8/0/GDRDMA comm 0x55830fee2200 nRanks 02
vcjob-2108088646234832897-abc12335-35908-worker-0:269:6834 [0] NCCL INFO Channel 13/0 : 1[d5000] -> 0[9000] [receive] via NET/IBext_v8/0/GDRDMA comm 0x55830fee2200 nRanks 02
vcjob-2108088646234832897-abc12335-35908-worker-0:269:6834 [0] NCCL INFO Channel 14/0 : 1[d5000] -> 0[9000] [receive] via NET/IBext_v8/0/GDRDMA comm 0x55830fee2200 nRanks 02
vcjob-2108088646234832897-abc12335-35908-worker-0:269:6834 [0] NCCL INFO Channel 15/0 : 1[d5000] -> 0[9000] [receive] via NET/IBext_v8/0/GDRDMA comm 0x55830fee2200 nRanks 02
vcjob-2108088646234832897-abc12335-35908-worker-0:269:6834 [0] NCCL INFO Channel 16/0 : 1[d5000] -> 0[9000] [receive] via NET/IBext_v8/0/GDRDMA comm 0x55830fee2200 nRanks 02
vcjob-2108088646234832897-abc12335-35908-worker-0:269:6834 [0] NCCL INFO Channel 17/0 : 1[d5000] -> 0[9000] [receive] via NET/IBext_v8/0/GDRDMA comm 0x55830fee2200 nRanks 02
vcjob-2108088646234832897-abc12335-35908-worker-0:269:6834 [0] NCCL INFO Channel 18/0 : 1[d5000] -> 0[9000] [receive] via NET/IBext_v8/0/GDRDMA comm 0x55830fee2200 nRanks 02
vcjob-2108088646234832897-abc12335-35908-worker-0:269:6834 [0] NCCL INFO Channel 19/0 : 1[d5000] -> 0[9000] [receive] via NET/IBext_v8/0/GDRDMA comm 0x55830fee2200 nRanks 02
vcjob-2108088646234832897-abc12335-35908-worker-0:269:6834 [0] NCCL INFO Channel 20/0 : 1[d5000] -> 0[9000] [receive] via NET/IBext_v8/0/GDRDMA comm 0x55830fee2200 nRanks 02
vcjob-2108088646234832897-abc12335-35908-worker-0:269:6834 [0] NCCL INFO Channel 21/0 : 1[d5000] -> 0[9000] [receive] via NET/IBext_v8/0/GDRDMA comm 0x55830fee2200 nRanks 02
vcjob-2108088646234832897-abc12335-35908-worker-0:269:6834 [0] NCCL INFO Channel 22/0 : 1[d5000] -> 0[9000] [receive] via NET/IBext_v8/0/GDRDMA comm 0x55830fee2200 nRanks 02
vcjob-2108088646234832897-abc12335-35908-worker-0:269:6834 [0] NCCL INFO Channel 23/0 : 1[d5000] -> 0[9000] [receive] via NET/IBext_v8/0/GDRDMA comm 0x55830fee2200 nRanks 02
vcjob-2108088646234832897-abc12335-35908-worker-0:269:6834 [0] NCCL INFO Channel 24/0 : 1[d5000] -> 0[9000] [receive] via NET/IBext_v8/0/GDRDMA comm 0x55830fee2200 nRanks 02
vcjob-2108088646234832897-abc12335-35908-worker-0:269:6834 [0] NCCL INFO Channel 25/0 : 1[d5000] -> 0[9000] [receive] via NET/IBext_v8/0/GDRDMA comm 0x55830fee2200 nRanks 02
vcjob-2108088646234832897-abc12335-35908-worker-0:269:6834 [0] NCCL INFO Channel 26/0 : 1[d5000] -> 0[9000] [receive] via NET/IBext_v8/0/GDRDMA comm 0x55830fee2200 nRanks 02
vcjob-2108088646234832897-abc12335-35908-worker-0:269:6834 [0] NCCL INFO Channel 27/0 : 1[d5000] -> 0[9000] [receive] via NET/IBext_v8/0/GDRDMA comm 0x55830fee2200 nRanks 02
vcjob-2108088646234832897-abc12335-35908-worker-0:269:6834 [0] NCCL INFO Channel 28/0 : 1[d5000] -> 0[9000] [receive] via NET/IBext_v8/0/GDRDMA comm 0x55830fee2200 nRanks 02
vcjob-2108088646234832897-abc12335-35908-worker-0:269:6834 [0] NCCL INFO Channel 29/0 : 1[d5000] -> 0[9000] [receive] via NET/IBext_v8/0/GDRDMA comm 0x55830fee2200 nRanks 02
vcjob-2108088646234832897-abc12335-35908-worker-0:269:6834 [0] NCCL INFO Channel 30/0 : 1[d5000] -> 0[9000] [receive] via NET/IBext_v8/0/GDRDMA comm 0x55830fee2200 nRanks 02
vcjob-2108088646234832897-abc12335-35908-worker-0:269:6834 [0] NCCL INFO Channel 31/0 : 1[d5000] -> 0[9000] [receive] via NET/IBext_v8/0/GDRDMA comm 0x55830fee2200 nRanks 02
vcjob-2108088646234832897-abc12335-35908-worker-0:269:6834 [0] NCCL INFO Channel 00/0 : 0[9000] -> 1[d5000] [send] via NET/IBext_v8/0/GDRDMA comm 0x55830fee2200 nRanks 02
vcjob-2108088646234832897-abc12335-35908-worker-0:269:6834 [0] NCCL INFO Channel 01/0 : 0[9000] -> 1[d5000] [send] via NET/IBext_v8/0/GDRDMA comm 0x55830fee2200 nRanks 02
vcjob-2108088646234832897-abc12335-35908-worker-0:269:6834 [0] NCCL INFO Channel 02/0 : 0[9000] -> 1[d5000] [send] via NET/IBext_v8/0/GDRDMA comm 0x55830fee2200 nRanks 02
vcjob-2108088646234832897-abc12335-35908-worker-0:269:6834 [0] NCCL INFO Channel 03/0 : 0[9000] -> 1[d5000] [send] via NET/IBext_v8/0/GDRDMA comm 0x55830fee2200 nRanks 02
vcjob-2108088646234832897-abc12335-35908-worker-0:269:6834 [0] NCCL INFO Channel 04/0 : 0[9000] -> 1[d5000] [send] via NET/IBext_v8/0/GDRDMA comm 0x55830fee2200 nRanks 02
vcjob-2108088646234832897-abc12335-35908-worker-0:269:6834 [0] NCCL INFO Channel 05/0 : 0[9000] -> 1[d5000] [send] via NET/IBext_v8/0/GDRDMA comm 0x55830fee2200 nRanks 02
vcjob-2108088646234832897-abc12335-35908-worker-0:269:6834 [0] NCCL INFO Channel 06/0 : 0[9000] -> 1[d5000] [send] via NET/IBext_v8/0/GDRDMA comm 0x55830fee2200 nRanks 02
vcjob-2108088646234832897-abc12335-35908-worker-0:269:6834 [0] NCCL INFO Channel 07/0 : 0[9000] -> 1[d5000] [send] via NET/IBext_v8/0/GDRDMA comm 0x55830fee2200 nRanks 02
vcjob-2108088646234832897-abc12335-35908-worker-0:269:6834 [0] NCCL INFO Channel 08/0 : 0[9000] -> 1[d5000] [send] via NET/IBext_v8/0/GDRDMA comm 0x55830fee2200 nRanks 02
vcjob-2108088646234832897-abc12335-35908-worker-0:269:6834 [0] NCCL INFO Channel 09/0 : 0[9000] -> 1[d5000] [send] via NET/IBext_v8/0/GDRDMA comm 0x55830fee2200 nRanks 02
vcjob-2108088646234832897-abc12335-35908-worker-0:269:6834 [0] NCCL INFO Channel 10/0 : 0[9000] -> 1[d5000] [send] via NET/IBext_v8/0/GDRDMA comm 0x55830fee2200 nRanks 02
vcjob-2108088646234832897-abc12335-35908-worker-0:269:6834 [0] NCCL INFO Channel 11/0 : 0[9000] -> 1[d5000] [send] via NET/IBext_v8/0/GDRDMA comm 0x55830fee2200 nRanks 02
vcjob-2108088646234832897-abc12335-35908-worker-0:269:6834 [0] NCCL INFO Channel 12/0 : 0[9000] -> 1[d5000] [send] via NET/IBext_v8/0/GDRDMA comm 0x55830fee2200 nRanks 02
vcjob-2108088646234832897-abc12335-35908-worker-0:269:6834 [0] NCCL INFO Channel 13/0 : 0[9000] -> 1[d5000] [send] via NET/IBext_v8/0/GDRDMA comm 0x55830fee2200 nRanks 02
vcjob-2108088646234832897-abc12335-35908-worker-0:269:6834 [0] NCCL INFO Channel 14/0 : 0[9000] -> 1[d5000] [send] via NET/IBext_v8/0/GDRDMA comm 0x55830fee2200 nRanks 02
vcjob-2108088646234832897-abc12335-35908-worker-0:269:6834 [0] NCCL INFO Channel 15/0 : 0[9000] -> 1[d5000] [send] via NET/IBext_v8/0/GDRDMA comm 0x55830fee2200 nRanks 02
vcjob-2108088646234832897-abc12335-35908-worker-0:269:6834 [0] NCCL INFO Channel 16/0 : 0[9000] -> 1[d5000] [send] via NET/IBext_v8/0/GDRDMA comm 0x55830fee2200 nRanks 02
vcjob-2108088646234832897-abc12335-35908-worker-0:269:6834 [0] NCCL INFO Channel 17/0 : 0[9000] -> 1[d5000] [send] via NET/IBext_v8/0/GDRDMA comm 0x55830fee2200 nRanks 02
vcjob-2108088646234832897-abc12335-35908-worker-0:269:6834 [0] NCCL INFO Channel 18/0 : 0[9000] -> 1[d5000] [send] via NET/IBext_v8/0/GDRDMA comm 0x55830fee2200 nRanks 02
vcjob-2108088646234832897-abc12335-35908-worker-0:269:6834 [0] NCCL INFO Channel 19/0 : 0[9000] -> 1[d5000] [send] via NET/IBext_v8/0/GDRDMA comm 0x55830fee2200 nRanks 02
vcjob-2108088646234832897-abc12335-35908-worker-0:269:6834 [0] NCCL INFO Channel 20/0 : 0[9000] -> 1[d5000] [send] via NET/IBext_v8/0/GDRDMA comm 0x55830fee2200 nRanks 02
vcjob-2108088646234832897-abc12335-35908-worker-0:269:6834 [0] NCCL INFO Channel 21/0 : 0[9000] -> 1[d5000] [send] via NET/IBext_v8/0/GDRDMA comm 0x55830fee2200 nRanks 02
vcjob-2108088646234832897-abc12335-35908-worker-0:269:6834 [0] NCCL INFO Channel 22/0 : 0[9000] -> 1[d5000] [send] via NET/IBext_v8/0/GDRDMA comm 0x55830fee2200 nRanks 02
vcjob-2108088646234832897-abc12335-35908-worker-0:269:6834 [0] NCCL INFO Channel 23/0 : 0[9000] -> 1[d5000] [send] via NET/IBext_v8/0/GDRDMA comm 0x55830fee2200 nRanks 02
vcjob-2108088646234832897-abc12335-35908-worker-0:269:6834 [0] NCCL INFO Channel 24/0 : 0[9000] -> 1[d5000] [send] via NET/IBext_v8/0/GDRDMA comm 0x55830fee2200 nRanks 02
vcjob-2108088646234832897-abc12335-35908-worker-0:269:6834 [0] NCCL INFO Channel 25/0 : 0[9000] -> 1[d5000] [send] via NET/IBext_v8/0/GDRDMA comm 0x55830fee2200 nRanks 02
vcjob-2108088646234832897-abc12335-35908-worker-0:269:6834 [0] NCCL INFO Channel 26/0 : 0[9000] -> 1[d5000] [send] via NET/IBext_v8/0/GDRDMA comm 0x55830fee2200 nRanks 02
vcjob-2108088646234832897-abc12335-35908-worker-0:269:6834 [0] NCCL INFO Channel 27/0 : 0[9000] -> 1[d5000] [send] via NET/IBext_v8/0/GDRDMA comm 0x55830fee2200 nRanks 02
vcjob-2108088646234832897-abc12335-35908-worker-0:269:6834 [0] NCCL INFO Channel 28/0 : 0[9000] -> 1[d5000] [send] via NET/IBext_v8/0/GDRDMA comm 0x55830fee2200 nRanks 02
vcjob-2108088646234832897-abc12335-35908-worker-0:269:6834 [0] NCCL INFO Channel 29/0 : 0[9000] -> 1[d5000] [send] via NET/IBext_v8/0/GDRDMA comm 0x55830fee2200 nRanks 02
vcjob-2108088646234832897-abc12335-35908-worker-0:269:6834 [0] NCCL INFO Channel 30/0 : 0[9000] -> 1[d5000] [send] via NET/IBext_v8/0/GDRDMA comm 0x55830fee2200 nRanks 02
vcjob-2108088646234832897-abc12335-35908-worker-0:269:6834 [0] NCCL INFO Channel 31/0 : 0[9000] -> 1[d5000] [send] via NET/IBext_v8/0/GDRDMA comm 0x55830fee2200 nRanks 02
vcjob-2108088646234832897-abc12335-35908-worker-0:269:6834 [0] NCCL INFO Connected all rings
vcjob-2108088646234832897-abc12335-35908-worker-0:269:6834 [0] NCCL INFO Connected all trees
vcjob-2108088646234832897-abc12335-35908-worker-0:269:6834 [0] NCCL INFO threadThresholds 8/8/64 | 16/8/64 | 256 | 256
vcjob-2108088646234832897-abc12335-35908-worker-0:269:6834 [0] NCCL INFO 32 coll channels, 32 collnet channels, 0 nvls channels, 32 p2p channels, 32 p2p channels per peer
vcjob-2108088646234832897-abc12335-35908-worker-0:269:6834 [0] NCCL INFO CC Off, Multi-GPU CC Off, workFifoBytes 4194304
vcjob-2108088646234832897-abc12335-35908-worker-0:269:6834 [0] NCCL INFO ncclCommInitRank comm 0x55830fee2200 rank 0 nranks 2 cudaDev 0 nvmlDev 0 busId 9000 commId 0xe5bf5735aa9ff846 localSize 480 used 3601980560 bytes on core 15 - Init COMPLETE
vcjob-2108088646234832897-abc12335-35908-worker-0:269:6834 [0] NCCL INFO Init timings: rank 0 nranks 2 total 0.58 (kernels 0.00, bootstrap 0.03, allgathers 0.00, topo 0.10, graphs 0.00, connections 0.45, rest 0.00)
I1008 14:56:35.370702   269 ProcessGroupNCCL.cpp:2890] [PG ID 0 PG GUID 0(default_pg) Rank 0] NCCL_DEBUG: INFO
vcjob-2108088646234832897-abc12335-35908-worker-0:269:6838 [0] NCCL INFO Channel 01/1 : 1[d5000] -> 0[9000] [receive] via NET/IBext_v8/0/GDRDMA/Shared comm 0x55830fee2200 nRanks 02
vcjob-2108088646234832897-abc12335-35908-worker-0:269:6838 [0] NCCL INFO Channel 03/1 : 1[d5000] -> 0[9000] [receive] via NET/IBext_v8/0/GDRDMA/Shared comm 0x55830fee2200 nRanks 02
vcjob-2108088646234832897-abc12335-35908-worker-0:269:6838 [0] NCCL INFO Channel 05/1 : 1[d5000] -> 0[9000] [receive] via NET/IBext_v8/0/GDRDMA/Shared comm 0x55830fee2200 nRanks 02
vcjob-2108088646234832897-abc12335-35908-worker-0:269:6838 [0] NCCL INFO Channel 07/1 : 1[d5000] -> 0[9000] [receive] via NET/IBext_v8/0/GDRDMA/Shared comm 0x55830fee2200 nRanks 02
vcjob-2108088646234832897-abc12335-35908-worker-0:269:6838 [0] NCCL INFO Channel 09/1 : 1[d5000] -> 0[9000] [receive] via NET/IBext_v8/0/GDRDMA/Shared comm 0x55830fee2200 nRanks 02
vcjob-2108088646234832897-abc12335-35908-worker-0:269:6838 [0] NCCL INFO Channel 11/1 : 1[d5000] -> 0[9000] [receive] via NET/IBext_v8/0/GDRDMA/Shared comm 0x55830fee2200 nRanks 02
vcjob-2108088646234832897-abc12335-35908-worker-0:269:6838 [0] NCCL INFO Channel 13/1 : 1[d5000] -> 0[9000] [receive] via NET/IBext_v8/0/GDRDMA/Shared comm 0x55830fee2200 nRanks 02
vcjob-2108088646234832897-abc12335-35908-worker-0:269:6838 [0] NCCL INFO Channel 15/1 : 1[d5000] -> 0[9000] [receive] via NET/IBext_v8/0/GDRDMA/Shared comm 0x55830fee2200 nRanks 02
vcjob-2108088646234832897-abc12335-35908-worker-0:269:6838 [0] NCCL INFO Channel 17/1 : 1[d5000] -> 0[9000] [receive] via NET/IBext_v8/0/GDRDMA/Shared comm 0x55830fee2200 nRanks 02
vcjob-2108088646234832897-abc12335-35908-worker-0:269:6838 [0] NCCL INFO Channel 19/1 : 1[d5000] -> 0[9000] [receive] via NET/IBext_v8/0/GDRDMA/Shared comm 0x55830fee2200 nRanks 02
vcjob-2108088646234832897-abc12335-35908-worker-0:269:6838 [0] NCCL INFO Channel 21/1 : 1[d5000] -> 0[9000] [receive] via NET/IBext_v8/0/GDRDMA/Shared comm 0x55830fee2200 nRanks 02
vcjob-2108088646234832897-abc12335-35908-worker-0:269:6838 [0] NCCL INFO Channel 23/1 : 1[d5000] -> 0[9000] [receive] via NET/IBext_v8/0/GDRDMA/Shared comm 0x55830fee2200 nRanks 02
vcjob-2108088646234832897-abc12335-35908-worker-0:269:6838 [0] NCCL INFO Channel 25/1 : 1[d5000] -> 0[9000] [receive] via NET/IBext_v8/0/GDRDMA/Shared comm 0x55830fee2200 nRanks 02
vcjob-2108088646234832897-abc12335-35908-worker-0:269:6838 [0] NCCL INFO Channel 27/1 : 1[d5000] -> 0[9000] [receive] via NET/IBext_v8/0/GDRDMA/Shared comm 0x55830fee2200 nRanks 02
vcjob-2108088646234832897-abc12335-35908-worker-0:269:6838 [0] NCCL INFO Channel 29/1 : 1[d5000] -> 0[9000] [receive] via NET/IBext_v8/0/GDRDMA/Shared comm 0x55830fee2200 nRanks 02
vcjob-2108088646234832897-abc12335-35908-worker-0:269:6838 [0] NCCL INFO Channel 31/1 : 1[d5000] -> 0[9000] [receive] via NET/IBext_v8/0/GDRDMA/Shared comm 0x55830fee2200 nRanks 02

vcjob-2108088646234832897-abc12335-35908-worker-0:269:269 [0] /data/jenkins_workspace/workspace/rccl_release/build/hipify/src/init.cc:170 NCCL WARN NUMA auto balancing enabled which can lead to variability in the RCCL performance! Disable by "sudo sysctl kernel.numa_balancing=0"
vcjob-2108088646234832897-abc12335-35908-worker-0:269:269 [0] NCCL INFO Kernel version: 5.15.0-25-generic

vcjob-2108088646234832897-abc12335-35908-worker-0:269:269 [0] /data/jenkins_workspace/workspace/rccl_release/build/hipify/src/init.cc:191 NCCL WARN Missing "iommu=pt" from kernel command line which can lead to system instablity or hang!
I1008 14:56:35.514778   269 ProcessGroupNCCL.cpp:2857] [PG ID 0 PG GUID 0(default_pg) Rank 0] ProcessGroupNCCL broadcast unique ID through store took 0.0652 ms
I1008 14:56:35.514806   269 NCCLUtils.cpp:75] Rank 0: creating NCCL communicator with mode: blocking

vcjob-2108088646234832897-abc12335-35908-worker-0:269:269 [0] /data/jenkins_workspace/workspace/rccl_release/build/hipify/src/init.cc:170 NCCL WARN NUMA auto balancing enabled which can lead to variability in the RCCL performance! Disable by "sudo sysctl kernel.numa_balancing=0"
vcjob-2108088646234832897-abc12335-35908-worker-0:269:269 [0] NCCL INFO Kernel version: 5.15.0-25-generic

vcjob-2108088646234832897-abc12335-35908-worker-0:269:269 [0] /data/jenkins_workspace/workspace/rccl_release/build/hipify/src/init.cc:191 NCCL WARN Missing "iommu=pt" from kernel command line which can lead to system instablity or hang!
vcjob-2108088646234832897-abc12335-35908-worker-0:269:269 [0] NCCL INFO Comm config Blocking set to 1
vcjob-2108088646234832897-abc12335-35908-worker-0:269:6840 [0] NCCL INFO Using network IBext_v8
vcjob-2108088646234832897-abc12335-35908-worker-0:269:6840 [0] NCCL INFO rocm_smi_lib: version 7.6.0.0
vcjob-2108088646234832897-abc12335-35908-worker-0:269:6840 [0] NCCL INFO ncclCommInitRank comm 0x55830ffb3690 rank 0 nranks 2 cudaDev 0 nvmlDev 0 busId 9000 commId 0xad7ccd04ed0ccb5f - Init START
vcjob-2108088646234832897-abc12335-35908-worker-0:269:6840 [0] NCCL INFO rank:0 get match hsa dev domain:0x0 bdf:0x900 rank busId:0x36864
vcjob-2108088646234832897-abc12335-35908-worker-0:269:6840 [0] NCCL INFO XDP Switch is off with xdp_size : 0
vcjob-2108088646234832897-abc12335-35908-worker-0:269:6840 [0] NCCL INFO NCCL_TOPO_FILE set by environment to /root/private_data/second_hygon/phase4-arrival-heterogeneity/../rdma-shca/topo_lib/built-in-508-topo-input-tj-default.xml
vcjob-2108088646234832897-abc12335-35908-worker-0:269:6840 [0] NCCL INFO rocm_smi_lib: version 7.6.0.0
vcjob-2108088646234832897-abc12335-35908-worker-0:269:6840 [0] NCCL INFO Setting affinity for GPU 0 to ffff
vcjob-2108088646234832897-abc12335-35908-worker-0:269:6840 [0] NCCL INFO Rank:0 Get link topo from rocmDev:0 linkNum:8 link:0 linkState:1 remote type:1 bdf:0x9b00 topoType:2
vcjob-2108088646234832897-abc12335-35908-worker-0:269:6840 [0] NCCL INFO Transport init rank 0 useXdp 0 linkTopoType 2
vcjob-2108088646234832897-abc12335-35908-worker-0:269:6840 [0] NCCL INFO comm 0x55830ffb3690 rank 0 nRanks 2 nNodes 2 localRanks 1 localRank 0 MNNVL 0
vcjob-2108088646234832897-abc12335-35908-worker-0:269:6840 [0] NCCL INFO Channel 00/32 :    0   1
vcjob-2108088646234832897-abc12335-35908-worker-0:269:6840 [0] NCCL INFO Channel 01/32 :    0   1
vcjob-2108088646234832897-abc12335-35908-worker-0:269:6840 [0] NCCL INFO Channel 02/32 :    0   1
vcjob-2108088646234832897-abc12335-35908-worker-0:269:6840 [0] NCCL INFO Channel 03/32 :    0   1
vcjob-2108088646234832897-abc12335-35908-worker-0:269:6840 [0] NCCL INFO Channel 04/32 :    0   1
vcjob-2108088646234832897-abc12335-35908-worker-0:269:6840 [0] NCCL INFO Channel 05/32 :    0   1
vcjob-2108088646234832897-abc12335-35908-worker-0:269:6840 [0] NCCL INFO Channel 06/32 :    0   1
vcjob-2108088646234832897-abc12335-35908-worker-0:269:6840 [0] NCCL INFO Channel 07/32 :    0   1
vcjob-2108088646234832897-abc12335-35908-worker-0:269:6840 [0] NCCL INFO Channel 08/32 :    0   1
vcjob-2108088646234832897-abc12335-35908-worker-0:269:6840 [0] NCCL INFO Channel 09/32 :    0   1
vcjob-2108088646234832897-abc12335-35908-worker-0:269:6840 [0] NCCL INFO Channel 10/32 :    0   1
vcjob-2108088646234832897-abc12335-35908-worker-0:269:6840 [0] NCCL INFO Channel 11/32 :    0   1
vcjob-2108088646234832897-abc12335-35908-worker-0:269:6840 [0] NCCL INFO Channel 12/32 :    0   1
vcjob-2108088646234832897-abc12335-35908-worker-0:269:6840 [0] NCCL INFO Channel 13/32 :    0   1
vcjob-2108088646234832897-abc12335-35908-worker-0:269:6840 [0] NCCL INFO Channel 14/32 :    0   1
vcjob-2108088646234832897-abc12335-35908-worker-0:269:6840 [0] NCCL INFO Channel 15/32 :    0   1
vcjob-2108088646234832897-abc12335-35908-worker-0:269:6840 [0] NCCL INFO Channel 16/32 :    0   1
vcjob-2108088646234832897-abc12335-35908-worker-0:269:6840 [0] NCCL INFO Channel 17/32 :    0   1
vcjob-2108088646234832897-abc12335-35908-worker-0:269:6840 [0] NCCL INFO Channel 18/32 :    0   1
vcjob-2108088646234832897-abc12335-35908-worker-0:269:6840 [0] NCCL INFO Channel 19/32 :    0   1
vcjob-2108088646234832897-abc12335-35908-worker-0:269:6840 [0] NCCL INFO Channel 20/32 :    0   1
vcjob-2108088646234832897-abc12335-35908-worker-0:269:6840 [0] NCCL INFO Channel 21/32 :    0   1
vcjob-2108088646234832897-abc12335-35908-worker-0:269:6840 [0] NCCL INFO Channel 22/32 :    0   1
vcjob-2108088646234832897-abc12335-35908-worker-0:269:6840 [0] NCCL INFO Channel 23/32 :    0   1
vcjob-2108088646234832897-abc12335-35908-worker-0:269:6840 [0] NCCL INFO Channel 24/32 :    0   1
vcjob-2108088646234832897-abc12335-35908-worker-0:269:6840 [0] NCCL INFO Channel 25/32 :    0   1
vcjob-2108088646234832897-abc12335-35908-worker-0:269:6840 [0] NCCL INFO Channel 26/32 :    0   1
vcjob-2108088646234832897-abc12335-35908-worker-0:269:6840 [0] NCCL INFO Channel 27/32 :    0   1
vcjob-2108088646234832897-abc12335-35908-worker-0:269:6840 [0] NCCL INFO Channel 28/32 :    0   1
vcjob-2108088646234832897-abc12335-35908-worker-0:269:6840 [0] NCCL INFO Channel 29/32 :    0   1
vcjob-2108088646234832897-abc12335-35908-worker-0:269:6840 [0] NCCL INFO Channel 30/32 :    0   1
vcjob-2108088646234832897-abc12335-35908-worker-0:269:6840 [0] NCCL INFO Channel 31/32 :    0   1
vcjob-2108088646234832897-abc12335-35908-worker-0:269:6840 [0] NCCL INFO Trees [0] 1/-1/-1->0->-1 [1] 1/-1/-1->0->-1 [2] -1/-1/-1->0->1 [3] -1/-1/-1->0->1 [4] 1/-1/-1->0->-1 [5] 1/-1/-1->0->-1 [6] -1/-1/-1->0->1 [7] -1/-1/-1->0->1 [8] 1/-1/-1->0->-1 [9] 1/-1/-1->0->-1 [10] -1/-1/-1->0->1 [11] -1/-1/-1->0->1 [12] 1/-1/-1->0->-1 [13] 1/-1/-1->0->-1 [14] -1/-1/-1->0->1 [15] -1/-1/-1->0->1 [16] 1/-1/-1->0->-1 [17] 1/-1/-1->0->-1 [18] -1/-1/-1->0->1 [19] -1/-1/-1->0->1 [20] 1/-1/-1->0->-1 [21] 1/-1/-1->0->-1 [22] -1/-1/-1->0->1 [23] -1/-1/-1->0->1 [24] 1/-1/-1->0->-1 [25] 1/-1/-1->0->-1 [26] -1/-1/-1->0->1 [27] -1/-1/-1->0->1 [28] 1/-1/-1->0->-1 [29] 1/-1/-1->0->-1 [30] -1/-1/-1->0->1 [31] -1/-1/-1->0->1 comm 0x55830ffb3690 nRanks 02 busId 9000
vcjob-2108088646234832897-abc12335-35908-worker-0:269:6840 [0] NCCL INFO P2P Chunksize set to 131072
vcjob-2108088646234832897-abc12335-35908-worker-0:269:6840 [0] NCCL INFO comm->autoPerPeerOn: 1, comm->p2pnChannels: 32, comm->p2pnChannelsPerPeer: 32
vcjob-2108088646234832897-abc12335-35908-worker-0:269:6840 [0] NCCL INFO Channel 00/0 : 1[f5000] -> 0[9000] [receive] via NET/IBext_v8/0/GDRDMA comm 0x55830ffb3690 nRanks 02
vcjob-2108088646234832897-abc12335-35908-worker-0:269:6840 [0] NCCL INFO Channel 01/0 : 1[f5000] -> 0[9000] [receive] via NET/IBext_v8/0/GDRDMA comm 0x55830ffb3690 nRanks 02
vcjob-2108088646234832897-abc12335-35908-worker-0:269:6840 [0] NCCL INFO Channel 02/0 : 1[f5000] -> 0[9000] [receive] via NET/IBext_v8/0/GDRDMA comm 0x55830ffb3690 nRanks 02
vcjob-2108088646234832897-abc12335-35908-worker-0:269:6840 [0] NCCL INFO Channel 03/0 : 1[f5000] -> 0[9000] [receive] via NET/IBext_v8/0/GDRDMA comm 0x55830ffb3690 nRanks 02
vcjob-2108088646234832897-abc12335-35908-worker-0:269:6840 [0] NCCL INFO Channel 04/0 : 1[f5000] -> 0[9000] [receive] via NET/IBext_v8/0/GDRDMA comm 0x55830ffb3690 nRanks 02
vcjob-2108088646234832897-abc12335-35908-worker-0:269:6840 [0] NCCL INFO Channel 05/0 : 1[f5000] -> 0[9000] [receive] via NET/IBext_v8/0/GDRDMA comm 0x55830ffb3690 nRanks 02
vcjob-2108088646234832897-abc12335-35908-worker-0:269:6840 [0] NCCL INFO Channel 06/0 : 1[f5000] -> 0[9000] [receive] via NET/IBext_v8/0/GDRDMA comm 0x55830ffb3690 nRanks 02
vcjob-2108088646234832897-abc12335-35908-worker-0:269:6840 [0] NCCL INFO Channel 07/0 : 1[f5000] -> 0[9000] [receive] via NET/IBext_v8/0/GDRDMA comm 0x55830ffb3690 nRanks 02
vcjob-2108088646234832897-abc12335-35908-worker-0:269:6840 [0] NCCL INFO Channel 08/0 : 1[f5000] -> 0[9000] [receive] via NET/IBext_v8/0/GDRDMA comm 0x55830ffb3690 nRanks 02
vcjob-2108088646234832897-abc12335-35908-worker-0:269:6840 [0] NCCL INFO Channel 09/0 : 1[f5000] -> 0[9000] [receive] via NET/IBext_v8/0/GDRDMA comm 0x55830ffb3690 nRanks 02
vcjob-2108088646234832897-abc12335-35908-worker-0:269:6840 [0] NCCL INFO Channel 10/0 : 1[f5000] -> 0[9000] [receive] via NET/IBext_v8/0/GDRDMA comm 0x55830ffb3690 nRanks 02
vcjob-2108088646234832897-abc12335-35908-worker-0:269:6840 [0] NCCL INFO Channel 11/0 : 1[f5000] -> 0[9000] [receive] via NET/IBext_v8/0/GDRDMA comm 0x55830ffb3690 nRanks 02
vcjob-2108088646234832897-abc12335-35908-worker-0:269:6840 [0] NCCL INFO Channel 12/0 : 1[f5000] -> 0[9000] [receive] via NET/IBext_v8/0/GDRDMA comm 0x55830ffb3690 nRanks 02
vcjob-2108088646234832897-abc12335-35908-worker-0:269:6840 [0] NCCL INFO Channel 13/0 : 1[f5000] -> 0[9000] [receive] via NET/IBext_v8/0/GDRDMA comm 0x55830ffb3690 nRanks 02
vcjob-2108088646234832897-abc12335-35908-worker-0:269:6840 [0] NCCL INFO Channel 14/0 : 1[f5000] -> 0[9000] [receive] via NET/IBext_v8/0/GDRDMA comm 0x55830ffb3690 nRanks 02
vcjob-2108088646234832897-abc12335-35908-worker-0:269:6840 [0] NCCL INFO Channel 15/0 : 1[f5000] -> 0[9000] [receive] via NET/IBext_v8/0/GDRDMA comm 0x55830ffb3690 nRanks 02
vcjob-2108088646234832897-abc12335-35908-worker-0:269:6840 [0] NCCL INFO Channel 16/0 : 1[f5000] -> 0[9000] [receive] via NET/IBext_v8/0/GDRDMA comm 0x55830ffb3690 nRanks 02
vcjob-2108088646234832897-abc12335-35908-worker-0:269:6840 [0] NCCL INFO Channel 17/0 : 1[f5000] -> 0[9000] [receive] via NET/IBext_v8/0/GDRDMA comm 0x55830ffb3690 nRanks 02
vcjob-2108088646234832897-abc12335-35908-worker-0:269:6840 [0] NCCL INFO Channel 18/0 : 1[f5000] -> 0[9000] [receive] via NET/IBext_v8/0/GDRDMA comm 0x55830ffb3690 nRanks 02
vcjob-2108088646234832897-abc12335-35908-worker-0:269:6840 [0] NCCL INFO Channel 19/0 : 1[f5000] -> 0[9000] [receive] via NET/IBext_v8/0/GDRDMA comm 0x55830ffb3690 nRanks 02
vcjob-2108088646234832897-abc12335-35908-worker-0:269:6840 [0] NCCL INFO Channel 20/0 : 1[f5000] -> 0[9000] [receive] via NET/IBext_v8/0/GDRDMA comm 0x55830ffb3690 nRanks 02
vcjob-2108088646234832897-abc12335-35908-worker-0:269:6840 [0] NCCL INFO Channel 21/0 : 1[f5000] -> 0[9000] [receive] via NET/IBext_v8/0/GDRDMA comm 0x55830ffb3690 nRanks 02
vcjob-2108088646234832897-abc12335-35908-worker-0:269:6840 [0] NCCL INFO Channel 22/0 : 1[f5000] -> 0[9000] [receive] via NET/IBext_v8/0/GDRDMA comm 0x55830ffb3690 nRanks 02
vcjob-2108088646234832897-abc12335-35908-worker-0:269:6840 [0] NCCL INFO Channel 23/0 : 1[f5000] -> 0[9000] [receive] via NET/IBext_v8/0/GDRDMA comm 0x55830ffb3690 nRanks 02
vcjob-2108088646234832897-abc12335-35908-worker-0:269:6840 [0] NCCL INFO Channel 24/0 : 1[f5000] -> 0[9000] [receive] via NET/IBext_v8/0/GDRDMA comm 0x55830ffb3690 nRanks 02
vcjob-2108088646234832897-abc12335-35908-worker-0:269:6840 [0] NCCL INFO Channel 25/0 : 1[f5000] -> 0[9000] [receive] via NET/IBext_v8/0/GDRDMA comm 0x55830ffb3690 nRanks 02
vcjob-2108088646234832897-abc12335-35908-worker-0:269:6840 [0] NCCL INFO Channel 26/0 : 1[f5000] -> 0[9000] [receive] via NET/IBext_v8/0/GDRDMA comm 0x55830ffb3690 nRanks 02
vcjob-2108088646234832897-abc12335-35908-worker-0:269:6840 [0] NCCL INFO Channel 27/0 : 1[f5000] -> 0[9000] [receive] via NET/IBext_v8/0/GDRDMA comm 0x55830ffb3690 nRanks 02
vcjob-2108088646234832897-abc12335-35908-worker-0:269:6840 [0] NCCL INFO Channel 28/0 : 1[f5000] -> 0[9000] [receive] via NET/IBext_v8/0/GDRDMA comm 0x55830ffb3690 nRanks 02
vcjob-2108088646234832897-abc12335-35908-worker-0:269:6840 [0] NCCL INFO Channel 29/0 : 1[f5000] -> 0[9000] [receive] via NET/IBext_v8/0/GDRDMA comm 0x55830ffb3690 nRanks 02
vcjob-2108088646234832897-abc12335-35908-worker-0:269:6840 [0] NCCL INFO Channel 30/0 : 1[f5000] -> 0[9000] [receive] via NET/IBext_v8/0/GDRDMA comm 0x55830ffb3690 nRanks 02
vcjob-2108088646234832897-abc12335-35908-worker-0:269:6840 [0] NCCL INFO Channel 31/0 : 1[f5000] -> 0[9000] [receive] via NET/IBext_v8/0/GDRDMA comm 0x55830ffb3690 nRanks 02
vcjob-2108088646234832897-abc12335-35908-worker-0:269:6840 [0] NCCL INFO Channel 00/0 : 0[9000] -> 1[f5000] [send] via NET/IBext_v8/0/GDRDMA comm 0x55830ffb3690 nRanks 02
vcjob-2108088646234832897-abc12335-35908-worker-0:269:6840 [0] NCCL INFO Channel 01/0 : 0[9000] -> 1[f5000] [send] via NET/IBext_v8/0/GDRDMA comm 0x55830ffb3690 nRanks 02
vcjob-2108088646234832897-abc12335-35908-worker-0:269:6840 [0] NCCL INFO Channel 02/0 : 0[9000] -> 1[f5000] [send] via NET/IBext_v8/0/GDRDMA comm 0x55830ffb3690 nRanks 02
vcjob-2108088646234832897-abc12335-35908-worker-0:269:6840 [0] NCCL INFO Channel 03/0 : 0[9000] -> 1[f5000] [send] via NET/IBext_v8/0/GDRDMA comm 0x55830ffb3690 nRanks 02
vcjob-2108088646234832897-abc12335-35908-worker-0:269:6840 [0] NCCL INFO Channel 04/0 : 0[9000] -> 1[f5000] [send] via NET/IBext_v8/0/GDRDMA comm 0x55830ffb3690 nRanks 02
vcjob-2108088646234832897-abc12335-35908-worker-0:269:6840 [0] NCCL INFO Channel 05/0 : 0[9000] -> 1[f5000] [send] via NET/IBext_v8/0/GDRDMA comm 0x55830ffb3690 nRanks 02
vcjob-2108088646234832897-abc12335-35908-worker-0:269:6840 [0] NCCL INFO Channel 06/0 : 0[9000] -> 1[f5000] [send] via NET/IBext_v8/0/GDRDMA comm 0x55830ffb3690 nRanks 02
vcjob-2108088646234832897-abc12335-35908-worker-0:269:6840 [0] NCCL INFO Channel 07/0 : 0[9000] -> 1[f5000] [send] via NET/IBext_v8/0/GDRDMA comm 0x55830ffb3690 nRanks 02
vcjob-2108088646234832897-abc12335-35908-worker-0:269:6840 [0] NCCL INFO Channel 08/0 : 0[9000] -> 1[f5000] [send] via NET/IBext_v8/0/GDRDMA comm 0x55830ffb3690 nRanks 02
vcjob-2108088646234832897-abc12335-35908-worker-0:269:6840 [0] NCCL INFO Channel 09/0 : 0[9000] -> 1[f5000] [send] via NET/IBext_v8/0/GDRDMA comm 0x55830ffb3690 nRanks 02
vcjob-2108088646234832897-abc12335-35908-worker-0:269:6840 [0] NCCL INFO Channel 10/0 : 0[9000] -> 1[f5000] [send] via NET/IBext_v8/0/GDRDMA comm 0x55830ffb3690 nRanks 02
vcjob-2108088646234832897-abc12335-35908-worker-0:269:6840 [0] NCCL INFO Channel 11/0 : 0[9000] -> 1[f5000] [send] via NET/IBext_v8/0/GDRDMA comm 0x55830ffb3690 nRanks 02
vcjob-2108088646234832897-abc12335-35908-worker-0:269:6840 [0] NCCL INFO Channel 12/0 : 0[9000] -> 1[f5000] [send] via NET/IBext_v8/0/GDRDMA comm 0x55830ffb3690 nRanks 02
vcjob-2108088646234832897-abc12335-35908-worker-0:269:6840 [0] NCCL INFO Channel 13/0 : 0[9000] -> 1[f5000] [send] via NET/IBext_v8/0/GDRDMA comm 0x55830ffb3690 nRanks 02
vcjob-2108088646234832897-abc12335-35908-worker-0:269:6840 [0] NCCL INFO Channel 14/0 : 0[9000] -> 1[f5000] [send] via NET/IBext_v8/0/GDRDMA comm 0x55830ffb3690 nRanks 02
vcjob-2108088646234832897-abc12335-35908-worker-0:269:6840 [0] NCCL INFO Channel 15/0 : 0[9000] -> 1[f5000] [send] via NET/IBext_v8/0/GDRDMA comm 0x55830ffb3690 nRanks 02
vcjob-2108088646234832897-abc12335-35908-worker-0:269:6840 [0] NCCL INFO Channel 16/0 : 0[9000] -> 1[f5000] [send] via NET/IBext_v8/0/GDRDMA comm 0x55830ffb3690 nRanks 02
vcjob-2108088646234832897-abc12335-35908-worker-0:269:6840 [0] NCCL INFO Channel 17/0 : 0[9000] -> 1[f5000] [send] via NET/IBext_v8/0/GDRDMA comm 0x55830ffb3690 nRanks 02
vcjob-2108088646234832897-abc12335-35908-worker-0:269:6840 [0] NCCL INFO Channel 18/0 : 0[9000] -> 1[f5000] [send] via NET/IBext_v8/0/GDRDMA comm 0x55830ffb3690 nRanks 02
vcjob-2108088646234832897-abc12335-35908-worker-0:269:6840 [0] NCCL INFO Channel 19/0 : 0[9000] -> 1[f5000] [send] via NET/IBext_v8/0/GDRDMA comm 0x55830ffb3690 nRanks 02
vcjob-2108088646234832897-abc12335-35908-worker-0:269:6840 [0] NCCL INFO Channel 20/0 : 0[9000] -> 1[f5000] [send] via NET/IBext_v8/0/GDRDMA comm 0x55830ffb3690 nRanks 02
vcjob-2108088646234832897-abc12335-35908-worker-0:269:6840 [0] NCCL INFO Channel 21/0 : 0[9000] -> 1[f5000] [send] via NET/IBext_v8/0/GDRDMA comm 0x55830ffb3690 nRanks 02
vcjob-2108088646234832897-abc12335-35908-worker-0:269:6840 [0] NCCL INFO Channel 22/0 : 0[9000] -> 1[f5000] [send] via NET/IBext_v8/0/GDRDMA comm 0x55830ffb3690 nRanks 02
vcjob-2108088646234832897-abc12335-35908-worker-0:269:6840 [0] NCCL INFO Channel 23/0 : 0[9000] -> 1[f5000] [send] via NET/IBext_v8/0/GDRDMA comm 0x55830ffb3690 nRanks 02
vcjob-2108088646234832897-abc12335-35908-worker-0:269:6840 [0] NCCL INFO Channel 24/0 : 0[9000] -> 1[f5000] [send] via NET/IBext_v8/0/GDRDMA comm 0x55830ffb3690 nRanks 02
vcjob-2108088646234832897-abc12335-35908-worker-0:269:6840 [0] NCCL INFO Channel 25/0 : 0[9000] -> 1[f5000] [send] via NET/IBext_v8/0/GDRDMA comm 0x55830ffb3690 nRanks 02
vcjob-2108088646234832897-abc12335-35908-worker-0:269:6840 [0] NCCL INFO Channel 26/0 : 0[9000] -> 1[f5000] [send] via NET/IBext_v8/0/GDRDMA comm 0x55830ffb3690 nRanks 02
vcjob-2108088646234832897-abc12335-35908-worker-0:269:6840 [0] NCCL INFO Channel 27/0 : 0[9000] -> 1[f5000] [send] via NET/IBext_v8/0/GDRDMA comm 0x55830ffb3690 nRanks 02
vcjob-2108088646234832897-abc12335-35908-worker-0:269:6840 [0] NCCL INFO Channel 28/0 : 0[9000] -> 1[f5000] [send] via NET/IBext_v8/0/GDRDMA comm 0x55830ffb3690 nRanks 02
vcjob-2108088646234832897-abc12335-35908-worker-0:269:6840 [0] NCCL INFO Channel 29/0 : 0[9000] -> 1[f5000] [send] via NET/IBext_v8/0/GDRDMA comm 0x55830ffb3690 nRanks 02
vcjob-2108088646234832897-abc12335-35908-worker-0:269:6840 [0] NCCL INFO Channel 30/0 : 0[9000] -> 1[f5000] [send] via NET/IBext_v8/0/GDRDMA comm 0x55830ffb3690 nRanks 02
vcjob-2108088646234832897-abc12335-35908-worker-0:269:6840 [0] NCCL INFO Channel 31/0 : 0[9000] -> 1[f5000] [send] via NET/IBext_v8/0/GDRDMA comm 0x55830ffb3690 nRanks 02
vcjob-2108088646234832897-abc12335-35908-worker-0:269:6840 [0] NCCL INFO Connected all rings
vcjob-2108088646234832897-abc12335-35908-worker-0:269:6840 [0] NCCL INFO Connected all trees
vcjob-2108088646234832897-abc12335-35908-worker-0:269:6840 [0] NCCL INFO threadThresholds 8/8/64 | 16/8/64 | 256 | 256
vcjob-2108088646234832897-abc12335-35908-worker-0:269:6840 [0] NCCL INFO 32 coll channels, 32 collnet channels, 0 nvls channels, 32 p2p channels, 32 p2p channels per peer
vcjob-2108088646234832897-abc12335-35908-worker-0:269:6840 [0] NCCL INFO CC Off, Multi-GPU CC Off, workFifoBytes 4194304
vcjob-2108088646234832897-abc12335-35908-worker-0:269:6840 [0] NCCL INFO ncclCommInitRank comm 0x55830ffb3690 rank 0 nranks 2 cudaDev 0 nvmlDev 0 busId 9000 commId 0xad7ccd04ed0ccb5f localSize 480 used 3875249664 bytes on core 8 - Init COMPLETE
vcjob-2108088646234832897-abc12335-35908-worker-0:269:6840 [0] NCCL INFO Init timings: rank 0 nranks 2 total 0.60 (kernels 0.00, bootstrap 0.02, allgathers 0.00, topo 0.10, graphs 0.00, connections 0.48, rest 0.00)
I1008 14:56:36.127609   269 ProcessGroupNCCL.cpp:2890] [PG ID 0 PG GUID 0(default_pg) Rank 0] NCCL_DEBUG: INFO
vcjob-2108088646234832897-abc12335-35908-worker-0:269:6844 [0] NCCL INFO Channel 01/1 : 1[f5000] -> 0[9000] [receive] via NET/IBext_v8/0/GDRDMA/Shared comm 0x55830ffb3690 nRanks 02
vcjob-2108088646234832897-abc12335-35908-worker-0:269:6844 [0] NCCL INFO Channel 03/1 : 1[f5000] -> 0[9000] [receive] via NET/IBext_v8/0/GDRDMA/Shared comm 0x55830ffb3690 nRanks 02
vcjob-2108088646234832897-abc12335-35908-worker-0:269:6844 [0] NCCL INFO Channel 05/1 : 1[f5000] -> 0[9000] [receive] via NET/IBext_v8/0/GDRDMA/Shared comm 0x55830ffb3690 nRanks 02
vcjob-2108088646234832897-abc12335-35908-worker-0:269:6844 [0] NCCL INFO Channel 07/1 : 1[f5000] -> 0[9000] [receive] via NET/IBext_v8/0/GDRDMA/Shared comm 0x55830ffb3690 nRanks 02
vcjob-2108088646234832897-abc12335-35908-worker-0:269:6844 [0] NCCL INFO Channel 09/1 : 1[f5000] -> 0[9000] [receive] via NET/IBext_v8/0/GDRDMA/Shared comm 0x55830ffb3690 nRanks 02
vcjob-2108088646234832897-abc12335-35908-worker-0:269:6844 [0] NCCL INFO Channel 11/1 : 1[f5000] -> 0[9000] [receive] via NET/IBext_v8/0/GDRDMA/Shared comm 0x55830ffb3690 nRanks 02
vcjob-2108088646234832897-abc12335-35908-worker-0:269:6844 [0] NCCL INFO Channel 13/1 : 1[f5000] -> 0[9000] [receive] via NET/IBext_v8/0/GDRDMA/Shared comm 0x55830ffb3690 nRanks 02
vcjob-2108088646234832897-abc12335-35908-worker-0:269:6844 [0] NCCL INFO Channel 15/1 : 1[f5000] -> 0[9000] [receive] via NET/IBext_v8/0/GDRDMA/Shared comm 0x55830ffb3690 nRanks 02
vcjob-2108088646234832897-abc12335-35908-worker-0:269:6844 [0] NCCL INFO Channel 17/1 : 1[f5000] -> 0[9000] [receive] via NET/IBext_v8/0/GDRDMA/Shared comm 0x55830ffb3690 nRanks 02
vcjob-2108088646234832897-abc12335-35908-worker-0:269:6844 [0] NCCL INFO Channel 19/1 : 1[f5000] -> 0[9000] [receive] via NET/IBext_v8/0/GDRDMA/Shared comm 0x55830ffb3690 nRanks 02
vcjob-2108088646234832897-abc12335-35908-worker-0:269:6844 [0] NCCL INFO Channel 21/1 : 1[f5000] -> 0[9000] [receive] via NET/IBext_v8/0/GDRDMA/Shared comm 0x55830ffb3690 nRanks 02
vcjob-2108088646234832897-abc12335-35908-worker-0:269:6844 [0] NCCL INFO Channel 23/1 : 1[f5000] -> 0[9000] [receive] via NET/IBext_v8/0/GDRDMA/Shared comm 0x55830ffb3690 nRanks 02
vcjob-2108088646234832897-abc12335-35908-worker-0:269:6844 [0] NCCL INFO Channel 25/1 : 1[f5000] -> 0[9000] [receive] via NET/IBext_v8/0/GDRDMA/Shared comm 0x55830ffb3690 nRanks 02
vcjob-2108088646234832897-abc12335-35908-worker-0:269:6844 [0] NCCL INFO Channel 27/1 : 1[f5000] -> 0[9000] [receive] via NET/IBext_v8/0/GDRDMA/Shared comm 0x55830ffb3690 nRanks 02
vcjob-2108088646234832897-abc12335-35908-worker-0:269:6844 [0] NCCL INFO Channel 29/1 : 1[f5000] -> 0[9000] [receive] via NET/IBext_v8/0/GDRDMA/Shared comm 0x55830ffb3690 nRanks 02
vcjob-2108088646234832897-abc12335-35908-worker-0:269:6844 [0] NCCL INFO Channel 31/1 : 1[f5000] -> 0[9000] [receive] via NET/IBext_v8/0/GDRDMA/Shared comm 0x55830ffb3690 nRanks 02
Preflight: is_completed polling WORKS -> poll mode (v1 behaviour) (15/15 completions in 5.0s)
  round 1/100 done, last-round arrivals min/med/max = 3.12/3.18/3.36 ms
  round 10/100 done, last-round arrivals min/med/max = 1.56/1.57/7.28 ms
  round 20/100 done, last-round arrivals min/med/max = 1.66/1.67/2.34 ms
  round 30/100 done, last-round arrivals min/med/max = 1.69/1.71/2.39 ms
  round 40/100 done, last-round arrivals min/med/max = 1.72/1.74/2.40 ms
  round 50/100 done, last-round arrivals min/med/max = 1.75/1.77/2.28 ms
  round 60/100 done, last-round arrivals min/med/max = 1.68/1.70/2.37 ms
  round 70/100 done, last-round arrivals min/med/max = 1.64/1.65/2.33 ms
  round 80/100 done, last-round arrivals min/med/max = 3.86/3.88/4.39 ms
  round 90/100 done, last-round arrivals min/med/max = 1.79/1.80/2.31 ms
  round 100/100 done, last-round arrivals min/med/max = 1.70/1.72/2.39 ms

===========================================================================
ARRIVAL TIME MEASUREMENT RESULTS
===========================================================================
 Rank  Node        Label Median(ms)  Std(ms)  Min(ms)  Max(ms) AvgPos
----------------------------------------------------------------------------------
    1     0    SAME-NODE      1.707    0.366    1.504    3.865    1.0
    2     0    SAME-NODE      1.711    0.368    1.507    3.869    2.0
    3     0    SAME-NODE      1.712    0.368    1.508    3.870    3.0
    4     0    SAME-NODE      1.715    0.368    1.510    3.872    4.0
    5     0    SAME-NODE      1.717    0.368    1.516    3.874    5.0
    6     0    SAME-NODE      1.719    0.367    1.518    3.876    6.0
    7     0    SAME-NODE      1.721    0.367    1.519    3.878    7.0
    8     1   CROSS-NODE      2.363    0.485    1.735    4.931   12.9
    9     1   CROSS-NODE      1.725    0.367    1.522    3.882    8.2
   10     1   CROSS-NODE      1.727    0.367    1.524    3.884    9.2
   11     1   CROSS-NODE      2.061    0.624    1.903    7.285   10.5
   12     1   CROSS-NODE      2.235    0.423    2.079    4.772   12.3
   13     1   CROSS-NODE      2.049    0.351    1.786    4.126   11.1
   14     1   CROSS-NODE      2.254    0.339    2.073    4.383   13.8
   15     1   CROSS-NODE      2.231    0.353    2.064    4.385   13.9
----------------------------------------------------------------------------------
Same-node median:  1.715 ms
Cross-node median: 2.146 ms
Spread:            0.431 ms
Heterogeneity ratio: 1.3×
GEMM time:         1.95 ms
Spread vs GEMM:    22.2%

→ ✓ Scheduling is VALUABLE (spread > 20% of GEMM time)

Results saved to /root/private_data/second_hygon/phase4-arrival-heterogeneity/phase4_arrival_full_rdma_20261008_145451.json
I1008 14:56:36.641103   269 ProcessGroupNCCL.cpp:1445] [PG ID 0 PG GUID 0(default_pg) Rank 0] Starting to destroy process group, flushing operations.
I1008 14:56:36.641106   272 ProcessGroupNCCL.cpp:1445] [PG ID 0 PG GUID 0(default_pg) Rank 3] Starting to destroy process group, flushing operations.
I1008 14:56:36.641115   273 ProcessGroupNCCL.cpp:1445] [PG ID 0 PG GUID 0(default_pg) Rank 4] Starting to destroy process group, flushing operations.
I1008 14:56:36.641129   270 ProcessGroupNCCL.cpp:1445] [PG ID 0 PG GUID 0(default_pg) Rank 1] Starting to destroy process group, flushing operations.
I1008 14:56:36.641135   276 ProcessGroupNCCL.cpp:1445] [PG ID 0 PG GUID 0(default_pg) Rank 7] Starting to destroy process group, flushing operations.
I1008 14:56:36.641149   274 ProcessGroupNCCL.cpp:1445] [PG ID 0 PG GUID 0(default_pg) Rank 5] Starting to destroy process group, flushing operations.
I1008 14:56:36.641167   275 ProcessGroupNCCL.cpp:1445] [PG ID 0 PG GUID 0(default_pg) Rank 6] Starting to destroy process group, flushing operations.
I1008 14:56:36.641176   271 ProcessGroupNCCL.cpp:1445] [PG ID 0 PG GUID 0(default_pg) Rank 2] Starting to destroy process group, flushing operations.
I1008 14:56:36.646019   276 ProcessGroupNCCL.cpp:1472] [PG ID 0 PG GUID 0(default_pg) Rank 7] Operations flushed, joining watchdog thread.
I1008 14:56:36.646083   270 ProcessGroupNCCL.cpp:1472] [PG ID 0 PG GUID 0(default_pg) Rank 1] Operations flushed, joining watchdog thread.
I1008 14:56:36.646119   271 ProcessGroupNCCL.cpp:1472] [PG ID 0 PG GUID 0(default_pg) Rank 2] Operations flushed, joining watchdog thread.
I1008 14:56:36.646153   272 ProcessGroupNCCL.cpp:1472] [PG ID 0 PG GUID 0(default_pg) Rank 3] Operations flushed, joining watchdog thread.
I1008 14:56:36.646173   273 ProcessGroupNCCL.cpp:1472] [PG ID 0 PG GUID 0(default_pg) Rank 4] Operations flushed, joining watchdog thread.
I1008 14:56:36.646250   276 ProcessGroupNCCL.cpp:1486] [PG ID 0 PG GUID 0(default_pg) Rank 7] Watchdog joined, destroying NCCL communicators.
I1008 14:56:36.646265   275 ProcessGroupNCCL.cpp:1472] [PG ID 0 PG GUID 0(default_pg) Rank 6] Operations flushed, joining watchdog thread.
I1008 14:56:36.646270   274 ProcessGroupNCCL.cpp:1472] [PG ID 0 PG GUID 0(default_pg) Rank 5] Operations flushed, joining watchdog thread.
I1008 14:56:36.646420   272 ProcessGroupNCCL.cpp:1486] [PG ID 0 PG GUID 0(default_pg) Rank 3] Watchdog joined, destroying NCCL communicators.
I1008 14:56:36.646497   270 ProcessGroupNCCL.cpp:1486] [PG ID 0 PG GUID 0(default_pg) Rank 1] Watchdog joined, destroying NCCL communicators.
I1008 14:56:36.646575   271 ProcessGroupNCCL.cpp:1486] [PG ID 0 PG GUID 0(default_pg) Rank 2] Watchdog joined, destroying NCCL communicators.
I1008 14:56:36.646641   275 ProcessGroupNCCL.cpp:1486] [PG ID 0 PG GUID 0(default_pg) Rank 6] Watchdog joined, destroying NCCL communicators.
I1008 14:56:36.646661   273 ProcessGroupNCCL.cpp:1486] [PG ID 0 PG GUID 0(default_pg) Rank 4] Watchdog joined, destroying NCCL communicators.
I1008 14:56:36.646720   274 ProcessGroupNCCL.cpp:1486] [PG ID 0 PG GUID 0(default_pg) Rank 5] Watchdog joined, destroying NCCL communicators.
vcjob-2108088646234832897-abc12335-35908-worker-0:270:270 [1] NCCL INFO comm 0x5614ff114b30 rank 1 nranks 2 cudaDev 1 busId 36000 - Destroy COMPLETE
vcjob-2108088646234832897-abc12335-35908-worker-0:271:271 [2] NCCL INFO comm 0x56314eb4f650 rank 1 nranks 2 cudaDev 2 busId 55000 - Destroy COMPLETE
vcjob-2108088646234832897-abc12335-35908-worker-0:276:276 [7] NCCL INFO comm 0x561d8985a870 rank 1 nranks 2 cudaDev 7 busId f5000 - Destroy COMPLETE
vcjob-2108088646234832897-abc12335-35908-worker-0:275:275 [6] NCCL INFO comm 0x562efe01c3b0 rank 1 nranks 2 cudaDev 6 busId d5000 - Destroy COMPLETE
vcjob-2108088646234832897-abc12335-35908-worker-0:272:272 [3] NCCL INFO comm 0x55f9f347f980 rank 1 nranks 2 cudaDev 3 busId 77000 - Destroy COMPLETE
vcjob-2108088646234832897-abc12335-35908-worker-0:274:274 [5] NCCL INFO comm 0x5643622110d0 rank 1 nranks 2 cudaDev 5 busId b5000 - Destroy COMPLETE
vcjob-2108088646234832897-abc12335-35908-worker-0:273:273 [4] NCCL INFO comm 0x55f6d0512460 rank 1 nranks 2 cudaDev 4 busId 85000 - Destroy COMPLETE
vcjob-2108088646234832897-abc12335-35908-worker-0:275:275 [6] NCCL INFO comm 0x562eda612130 rank 6 nranks 16 cudaDev 6 busId d5000 - Destroy COMPLETE
I1008 14:56:36.681876   275 ProcessGroupNCCL.cpp:1494] [PG ID 0 PG GUID 0(default_pg) Rank 6] Destroy complete.
I1008 14:56:36.681995   275 ProcessGroupNCCL.cpp:1499] [PG ID 0 PG GUID 0(default_pg) Rank 6] ProcessGroupNCCL destructor entered.
I1008 14:56:36.682013   275 ProcessGroupNCCL.cpp:1549] [PG ID 0 PG GUID 0(default_pg) Rank 6] ProcessGroupNCCL heart beat monitor thread joined.
I1008 14:56:36.683564   269 ProcessGroupNCCL.cpp:1472] [PG ID 0 PG GUID 0(default_pg) Rank 0] Operations flushed, joining watchdog thread.
I1008 14:56:36.684662   269 ProcessGroupNCCL.cpp:1486] [PG ID 0 PG GUID 0(default_pg) Rank 0] Watchdog joined, destroying NCCL communicators.
vcjob-2108088646234832897-abc12335-35908-worker-0:271:271 [2] NCCL INFO comm 0x56312b147f80 rank 2 nranks 16 cudaDev 2 busId 55000 - Destroy COMPLETE
I1008 14:56:36.687307   271 ProcessGroupNCCL.cpp:1494] [PG ID 0 PG GUID 0(default_pg) Rank 2] Destroy complete.
I1008 14:56:36.687461   271 ProcessGroupNCCL.cpp:1499] [PG ID 0 PG GUID 0(default_pg) Rank 2] ProcessGroupNCCL destructor entered.
I1008 14:56:36.687486   271 ProcessGroupNCCL.cpp:1549] [PG ID 0 PG GUID 0(default_pg) Rank 2] ProcessGroupNCCL heart beat monitor thread joined.
vcjob-2108088646234832897-abc12335-35908-worker-0:276:276 [7] NCCL INFO comm 0x561d65e50f80 rank 7 nranks 16 cudaDev 7 busId f5000 - Destroy COMPLETE
I1008 14:56:36.693645   276 ProcessGroupNCCL.cpp:1494] [PG ID 0 PG GUID 0(default_pg) Rank 7] Destroy complete.
I1008 14:56:36.693753   276 ProcessGroupNCCL.cpp:1499] [PG ID 0 PG GUID 0(default_pg) Rank 7] ProcessGroupNCCL destructor entered.
I1008 14:56:36.693783   276 ProcessGroupNCCL.cpp:1549] [PG ID 0 PG GUID 0(default_pg) Rank 7] ProcessGroupNCCL heart beat monitor thread joined.
vcjob-2108088646234832897-abc12335-35908-worker-0:272:272 [3] NCCL INFO comm 0x55f9cfa73e30 rank 3 nranks 16 cudaDev 3 busId 77000 - Destroy COMPLETE
I1008 14:56:36.694051   272 ProcessGroupNCCL.cpp:1494] [PG ID 0 PG GUID 0(default_pg) Rank 3] Destroy complete.
I1008 14:56:36.694186   272 ProcessGroupNCCL.cpp:1499] [PG ID 0 PG GUID 0(default_pg) Rank 3] ProcessGroupNCCL destructor entered.
I1008 14:56:36.694216   272 ProcessGroupNCCL.cpp:1549] [PG ID 0 PG GUID 0(default_pg) Rank 3] ProcessGroupNCCL heart beat monitor thread joined.
vcjob-2108088646234832897-abc12335-35908-worker-0:273:273 [4] NCCL INFO comm 0x55f6acb08f30 rank 4 nranks 16 cudaDev 4 busId 85000 - Destroy COMPLETE
I1008 14:56:36.723556   273 ProcessGroupNCCL.cpp:1494] [PG ID 0 PG GUID 0(default_pg) Rank 4] Destroy complete.
I1008 14:56:36.723668   273 ProcessGroupNCCL.cpp:1499] [PG ID 0 PG GUID 0(default_pg) Rank 4] ProcessGroupNCCL destructor entered.
I1008 14:56:36.723692   273 ProcessGroupNCCL.cpp:1549] [PG ID 0 PG GUID 0(default_pg) Rank 4] ProcessGroupNCCL heart beat monitor thread joined.
vcjob-2108088646234832897-abc12335-35908-worker-0:274:274 [5] NCCL INFO comm 0x56433e807000 rank 5 nranks 16 cudaDev 5 busId b5000 - Destroy COMPLETE
I1008 14:56:36.725677   274 ProcessGroupNCCL.cpp:1494] [PG ID 0 PG GUID 0(default_pg) Rank 5] Destroy complete.
I1008 14:56:36.725871   274 ProcessGroupNCCL.cpp:1499] [PG ID 0 PG GUID 0(default_pg) Rank 5] ProcessGroupNCCL destructor entered.
I1008 14:56:36.725896   274 ProcessGroupNCCL.cpp:1549] [PG ID 0 PG GUID 0(default_pg) Rank 5] ProcessGroupNCCL heart beat monitor thread joined.
vcjob-2108088646234832897-abc12335-35908-worker-0:270:270 [1] NCCL INFO comm 0x5614db70bf80 rank 1 nranks 16 cudaDev 1 busId 36000 - Destroy COMPLETE
I1008 14:56:36.728629   270 ProcessGroupNCCL.cpp:1494] [PG ID 0 PG GUID 0(default_pg) Rank 1] Destroy complete.
I1008 14:56:36.728753   270 ProcessGroupNCCL.cpp:1499] [PG ID 0 PG GUID 0(default_pg) Rank 1] ProcessGroupNCCL destructor entered.
I1008 14:56:36.728778   270 ProcessGroupNCCL.cpp:1549] [PG ID 0 PG GUID 0(default_pg) Rank 1] ProcessGroupNCCL heart beat monitor thread joined.
vcjob-2108088646234832897-abc12335-35908-worker-0:269:269 [0] NCCL INFO comm 0x55830fee2200 rank 0 nranks 2 cudaDev 0 busId 9000 - Destroy COMPLETE
vcjob-2108088646234832897-abc12335-35908-worker-0:269:269 [0] NCCL INFO comm 0x55830ffb3690 rank 0 nranks 2 cudaDev 0 busId 9000 - Destroy COMPLETE
vcjob-2108088646234832897-abc12335-35908-worker-0:269:269 [0] NCCL INFO comm 0x55830f4ae2a0 rank 0 nranks 2 cudaDev 0 busId 9000 - Destroy COMPLETE
vcjob-2108088646234832897-abc12335-35908-worker-0:269:269 [0] NCCL INFO comm 0x55830f569a80 rank 0 nranks 2 cudaDev 0 busId 9000 - Destroy COMPLETE
vcjob-2108088646234832897-abc12335-35908-worker-0:269:269 [0] NCCL INFO comm 0x55830f625260 rank 0 nranks 2 cudaDev 0 busId 9000 - Destroy COMPLETE
vcjob-2108088646234832897-abc12335-35908-worker-0:269:269 [0] NCCL INFO comm 0x55830f6e0a40 rank 0 nranks 2 cudaDev 0 busId 9000 - Destroy COMPLETE
vcjob-2108088646234832897-abc12335-35908-worker-0:269:269 [0] NCCL INFO comm 0x55830f79c220 rank 0 nranks 2 cudaDev 0 busId 9000 - Destroy COMPLETE
vcjob-2108088646234832897-abc12335-35908-worker-0:269:269 [0] NCCL INFO comm 0x5582eba2f070 rank 0 nranks 16 cudaDev 0 busId 9000 - Destroy COMPLETE
vcjob-2108088646234832897-abc12335-35908-worker-0:269:269 [0] NCCL INFO comm 0x55830f8e62e0 rank 0 nranks 2 cudaDev 0 busId 9000 - Destroy COMPLETE
vcjob-2108088646234832897-abc12335-35908-worker-0:269:269 [0] NCCL INFO comm 0x55830f9a1ac0 rank 0 nranks 2 cudaDev 0 busId 9000 - Destroy COMPLETE
vcjob-2108088646234832897-abc12335-35908-worker-0:269:269 [0] NCCL INFO comm 0x55830fbd4260 rank 0 nranks 2 cudaDev 0 busId 9000 - Destroy COMPLETE
vcjob-2108088646234832897-abc12335-35908-worker-0:269:269 [0] NCCL INFO comm 0x55830fa5d2a0 rank 0 nranks 2 cudaDev 0 busId 9000 - Destroy COMPLETE
vcjob-2108088646234832897-abc12335-35908-worker-0:269:269 [0] NCCL INFO comm 0x55830fb18a80 rank 0 nranks 2 cudaDev 0 busId 9000 - Destroy COMPLETE
vcjob-2108088646234832897-abc12335-35908-worker-0:269:269 [0] NCCL INFO comm 0x55830fc8fa40 rank 0 nranks 2 cudaDev 0 busId 9000 - Destroy COMPLETE
vcjob-2108088646234832897-abc12335-35908-worker-0:269:269 [0] NCCL INFO comm 0x55830fe16a10 rank 0 nranks 2 cudaDev 0 busId 9000 - Destroy COMPLETE
vcjob-2108088646234832897-abc12335-35908-worker-0:269:269 [0] NCCL INFO comm 0x55830fd4b220 rank 0 nranks 2 cudaDev 0 busId 9000 - Destroy COMPLETE
I1008 14:56:37.463491   269 ProcessGroupNCCL.cpp:1494] [PG ID 0 PG GUID 0(default_pg) Rank 0] Destroy complete.
I1008 14:56:37.463688   269 ProcessGroupNCCL.cpp:1499] [PG ID 0 PG GUID 0(default_pg) Rank 0] ProcessGroupNCCL destructor entered.
I1008 14:56:37.463719   269 ProcessGroupNCCL.cpp:1549] [PG ID 0 PG GUID 0(default_pg) Rank 0] ProcessGroupNCCL heart beat monitor thread joined.
