WARNING: Logging before InitGoogleLogging() is written to STDERR
I1008 02:09:55.412410   133 ProcessGroupNCCL.cpp:1007] [PG ID 0 PG GUID 0 Rank 6] ProcessGroupNCCL initialization options: size: 16, global rank: 6, TIMEOUT(ms): 600000, USE_HIGH_PRIORITY_STREAM: 0, SPLIT_FROM: 0, SPLIT_COLOR: -2, PG Name: 0
I1008 02:09:55.412448   133 ProcessGroupNCCL.cpp:1016] [PG ID 0 PG GUID 0 Rank 6] ProcessGroupNCCL environments: NCCL version: 2.22.3, TORCH_NCCL_ASYNC_ERROR_HANDLING: 1, TORCH_NCCL_DUMP_ON_TIMEOUT: 1, TORCH_NCCL_PROPAGATE_ERROR: 0, TORCH_NCCL_WAIT_TIMEOUT_DUMP_MILSEC: 60000, TORCH_NCCL_DESYNC_DEBUG: 0, TORCH_NCCL_ENABLE_TIMING: 0, TORCH_NCCL_BLOCKING_WAIT: 0, TORCH_DISTRIBUTED_DEBUG: OFF, TORCH_NCCL_USE_TENSOR_REGISTER_ALLOCATOR_HOOK: 0, TORCH_NCCL_ENABLE_MONITORING: 1, TORCH_NCCL_HEARTBEAT_TIMEOUT_SEC: 480, TORCH_NCCL_TRACE_BUFFER_SIZE: 2000, TORCH_NCCL_COORD_CHECK_MILSEC: 1000, TORCH_NCCL_NAN_CHECK: 0, TORCH_NCCL_CUDA_EVENT_CACHE: 1, TORCH_NCCL_LOG_CPP_STACK_ON_UNCLEAN_SHUTDOWN: 1
WARNING: Logging before InitGoogleLogging() is written to STDERR
I1008 02:09:55.445139   130 ProcessGroupNCCL.cpp:1007] [PG ID 0 PG GUID 0 Rank 3] ProcessGroupNCCL initialization options: size: 16, global rank: 3, TIMEOUT(ms): 600000, USE_HIGH_PRIORITY_STREAM: 0, SPLIT_FROM: 0, SPLIT_COLOR: -2, PG Name: 0
I1008 02:09:55.445206   130 ProcessGroupNCCL.cpp:1016] [PG ID 0 PG GUID 0 Rank 3] ProcessGroupNCCL environments: NCCL version: 2.22.3, TORCH_NCCL_ASYNC_ERROR_HANDLING: 1, TORCH_NCCL_DUMP_ON_TIMEOUT: 1, TORCH_NCCL_PROPAGATE_ERROR: 0, TORCH_NCCL_WAIT_TIMEOUT_DUMP_MILSEC: 60000, TORCH_NCCL_DESYNC_DEBUG: 0, TORCH_NCCL_ENABLE_TIMING: 0, TORCH_NCCL_BLOCKING_WAIT: 0, TORCH_DISTRIBUTED_DEBUG: OFF, TORCH_NCCL_USE_TENSOR_REGISTER_ALLOCATOR_HOOK: 0, TORCH_NCCL_ENABLE_MONITORING: 1, TORCH_NCCL_HEARTBEAT_TIMEOUT_SEC: 480, TORCH_NCCL_TRACE_BUFFER_SIZE: 2000, TORCH_NCCL_COORD_CHECK_MILSEC: 1000, TORCH_NCCL_NAN_CHECK: 0, TORCH_NCCL_CUDA_EVENT_CACHE: 1, TORCH_NCCL_LOG_CPP_STACK_ON_UNCLEAN_SHUTDOWN: 1
I1008 02:09:55.472879   133 ProcessGroupNCCL.cpp:1107] [PG ID 0 PG GUID 0(default_pg) Rank 6] Using non-blocking mode: 0
WARNING: Logging before InitGoogleLogging() is written to STDERR
I1008 02:09:55.506585   132 ProcessGroupNCCL.cpp:1007] [PG ID 0 PG GUID 0 Rank 5] ProcessGroupNCCL initialization options: size: 16, global rank: 5, TIMEOUT(ms): 600000, USE_HIGH_PRIORITY_STREAM: 0, SPLIT_FROM: 0, SPLIT_COLOR: -2, PG Name: 0
I1008 02:09:55.506626   132 ProcessGroupNCCL.cpp:1016] [PG ID 0 PG GUID 0 Rank 5] ProcessGroupNCCL environments: NCCL version: 2.22.3, TORCH_NCCL_ASYNC_ERROR_HANDLING: 1, TORCH_NCCL_DUMP_ON_TIMEOUT: 1, TORCH_NCCL_PROPAGATE_ERROR: 0, TORCH_NCCL_WAIT_TIMEOUT_DUMP_MILSEC: 60000, TORCH_NCCL_DESYNC_DEBUG: 0, TORCH_NCCL_ENABLE_TIMING: 0, TORCH_NCCL_BLOCKING_WAIT: 0, TORCH_DISTRIBUTED_DEBUG: OFF, TORCH_NCCL_USE_TENSOR_REGISTER_ALLOCATOR_HOOK: 0, TORCH_NCCL_ENABLE_MONITORING: 1, TORCH_NCCL_HEARTBEAT_TIMEOUT_SEC: 480, TORCH_NCCL_TRACE_BUFFER_SIZE: 2000, TORCH_NCCL_COORD_CHECK_MILSEC: 1000, TORCH_NCCL_NAN_CHECK: 0, TORCH_NCCL_CUDA_EVENT_CACHE: 1, TORCH_NCCL_LOG_CPP_STACK_ON_UNCLEAN_SHUTDOWN: 1
I1008 02:09:55.524087   130 ProcessGroupNCCL.cpp:1107] [PG ID 0 PG GUID 0(default_pg) Rank 3] Using non-blocking mode: 0
WARNING: Logging before InitGoogleLogging() is written to STDERR
I1008 02:09:55.562229   131 ProcessGroupNCCL.cpp:1007] [PG ID 0 PG GUID 0 Rank 4] ProcessGroupNCCL initialization options: size: 16, global rank: 4, TIMEOUT(ms): 600000, USE_HIGH_PRIORITY_STREAM: 0, SPLIT_FROM: 0, SPLIT_COLOR: -2, PG Name: 0
I1008 02:09:55.562274   131 ProcessGroupNCCL.cpp:1016] [PG ID 0 PG GUID 0 Rank 4] ProcessGroupNCCL environments: NCCL version: 2.22.3, TORCH_NCCL_ASYNC_ERROR_HANDLING: 1, TORCH_NCCL_DUMP_ON_TIMEOUT: 1, TORCH_NCCL_PROPAGATE_ERROR: 0, TORCH_NCCL_WAIT_TIMEOUT_DUMP_MILSEC: 60000, TORCH_NCCL_DESYNC_DEBUG: 0, TORCH_NCCL_ENABLE_TIMING: 0, TORCH_NCCL_BLOCKING_WAIT: 0, TORCH_DISTRIBUTED_DEBUG: OFF, TORCH_NCCL_USE_TENSOR_REGISTER_ALLOCATOR_HOOK: 0, TORCH_NCCL_ENABLE_MONITORING: 1, TORCH_NCCL_HEARTBEAT_TIMEOUT_SEC: 480, TORCH_NCCL_TRACE_BUFFER_SIZE: 2000, TORCH_NCCL_COORD_CHECK_MILSEC: 1000, TORCH_NCCL_NAN_CHECK: 0, TORCH_NCCL_CUDA_EVENT_CACHE: 1, TORCH_NCCL_LOG_CPP_STACK_ON_UNCLEAN_SHUTDOWN: 1
I1008 02:09:55.565167   132 ProcessGroupNCCL.cpp:1107] [PG ID 0 PG GUID 0(default_pg) Rank 5] Using non-blocking mode: 0
WARNING: Logging before InitGoogleLogging() is written to STDERR
I1008 02:09:55.571208   134 ProcessGroupNCCL.cpp:1007] [PG ID 0 PG GUID 0 Rank 7] ProcessGroupNCCL initialization options: size: 16, global rank: 7, TIMEOUT(ms): 600000, USE_HIGH_PRIORITY_STREAM: 0, SPLIT_FROM: 0, SPLIT_COLOR: -2, PG Name: 0
I1008 02:09:55.571261   134 ProcessGroupNCCL.cpp:1016] [PG ID 0 PG GUID 0 Rank 7] ProcessGroupNCCL environments: NCCL version: 2.22.3, TORCH_NCCL_ASYNC_ERROR_HANDLING: 1, TORCH_NCCL_DUMP_ON_TIMEOUT: 1, TORCH_NCCL_PROPAGATE_ERROR: 0, TORCH_NCCL_WAIT_TIMEOUT_DUMP_MILSEC: 60000, TORCH_NCCL_DESYNC_DEBUG: 0, TORCH_NCCL_ENABLE_TIMING: 0, TORCH_NCCL_BLOCKING_WAIT: 0, TORCH_DISTRIBUTED_DEBUG: OFF, TORCH_NCCL_USE_TENSOR_REGISTER_ALLOCATOR_HOOK: 0, TORCH_NCCL_ENABLE_MONITORING: 1, TORCH_NCCL_HEARTBEAT_TIMEOUT_SEC: 480, TORCH_NCCL_TRACE_BUFFER_SIZE: 2000, TORCH_NCCL_COORD_CHECK_MILSEC: 1000, TORCH_NCCL_NAN_CHECK: 0, TORCH_NCCL_CUDA_EVENT_CACHE: 1, TORCH_NCCL_LOG_CPP_STACK_ON_UNCLEAN_SHUTDOWN: 1
WARNING: Logging before InitGoogleLogging() is written to STDERR
I1008 02:09:55.577699   129 ProcessGroupNCCL.cpp:1007] [PG ID 0 PG GUID 0 Rank 2] ProcessGroupNCCL initialization options: size: 16, global rank: 2, TIMEOUT(ms): 600000, USE_HIGH_PRIORITY_STREAM: 0, SPLIT_FROM: 0, SPLIT_COLOR: -2, PG Name: 0
I1008 02:09:55.577761   129 ProcessGroupNCCL.cpp:1016] [PG ID 0 PG GUID 0 Rank 2] ProcessGroupNCCL environments: NCCL version: 2.22.3, TORCH_NCCL_ASYNC_ERROR_HANDLING: 1, TORCH_NCCL_DUMP_ON_TIMEOUT: 1, TORCH_NCCL_PROPAGATE_ERROR: 0, TORCH_NCCL_WAIT_TIMEOUT_DUMP_MILSEC: 60000, TORCH_NCCL_DESYNC_DEBUG: 0, TORCH_NCCL_ENABLE_TIMING: 0, TORCH_NCCL_BLOCKING_WAIT: 0, TORCH_DISTRIBUTED_DEBUG: OFF, TORCH_NCCL_USE_TENSOR_REGISTER_ALLOCATOR_HOOK: 0, TORCH_NCCL_ENABLE_MONITORING: 1, TORCH_NCCL_HEARTBEAT_TIMEOUT_SEC: 480, TORCH_NCCL_TRACE_BUFFER_SIZE: 2000, TORCH_NCCL_COORD_CHECK_MILSEC: 1000, TORCH_NCCL_NAN_CHECK: 0, TORCH_NCCL_CUDA_EVENT_CACHE: 1, TORCH_NCCL_LOG_CPP_STACK_ON_UNCLEAN_SHUTDOWN: 1
WARNING: Logging before InitGoogleLogging() is written to STDERR
I1008 02:09:55.584581   127 ProcessGroupNCCL.cpp:1007] [PG ID 0 PG GUID 0 Rank 0] ProcessGroupNCCL initialization options: size: 16, global rank: 0, TIMEOUT(ms): 600000, USE_HIGH_PRIORITY_STREAM: 0, SPLIT_FROM: 0, SPLIT_COLOR: -2, PG Name: 0
I1008 02:09:55.584640   127 ProcessGroupNCCL.cpp:1016] [PG ID 0 PG GUID 0 Rank 0] ProcessGroupNCCL environments: NCCL version: 2.22.3, TORCH_NCCL_ASYNC_ERROR_HANDLING: 1, TORCH_NCCL_DUMP_ON_TIMEOUT: 1, TORCH_NCCL_PROPAGATE_ERROR: 0, TORCH_NCCL_WAIT_TIMEOUT_DUMP_MILSEC: 60000, TORCH_NCCL_DESYNC_DEBUG: 0, TORCH_NCCL_ENABLE_TIMING: 0, TORCH_NCCL_BLOCKING_WAIT: 0, TORCH_DISTRIBUTED_DEBUG: OFF, TORCH_NCCL_USE_TENSOR_REGISTER_ALLOCATOR_HOOK: 0, TORCH_NCCL_ENABLE_MONITORING: 1, TORCH_NCCL_HEARTBEAT_TIMEOUT_SEC: 480, TORCH_NCCL_TRACE_BUFFER_SIZE: 2000, TORCH_NCCL_COORD_CHECK_MILSEC: 1000, TORCH_NCCL_NAN_CHECK: 0, TORCH_NCCL_CUDA_EVENT_CACHE: 1, TORCH_NCCL_LOG_CPP_STACK_ON_UNCLEAN_SHUTDOWN: 1
World: 16 ranks across 2 nodes
Chunk: 8.0 MB per producer
Iterations: 5 (+2 warmup)

WARNING: Logging before InitGoogleLogging() is written to STDERR
I1008 02:09:55.602564   128 ProcessGroupNCCL.cpp:1007] [PG ID 0 PG GUID 0 Rank 1] ProcessGroupNCCL initialization options: size: 16, global rank: 1, TIMEOUT(ms): 600000, USE_HIGH_PRIORITY_STREAM: 0, SPLIT_FROM: 0, SPLIT_COLOR: -2, PG Name: 0
I1008 02:09:55.602623   128 ProcessGroupNCCL.cpp:1016] [PG ID 0 PG GUID 0 Rank 1] ProcessGroupNCCL environments: NCCL version: 2.22.3, TORCH_NCCL_ASYNC_ERROR_HANDLING: 1, TORCH_NCCL_DUMP_ON_TIMEOUT: 1, TORCH_NCCL_PROPAGATE_ERROR: 0, TORCH_NCCL_WAIT_TIMEOUT_DUMP_MILSEC: 60000, TORCH_NCCL_DESYNC_DEBUG: 0, TORCH_NCCL_ENABLE_TIMING: 0, TORCH_NCCL_BLOCKING_WAIT: 0, TORCH_DISTRIBUTED_DEBUG: OFF, TORCH_NCCL_USE_TENSOR_REGISTER_ALLOCATOR_HOOK: 0, TORCH_NCCL_ENABLE_MONITORING: 1, TORCH_NCCL_HEARTBEAT_TIMEOUT_SEC: 480, TORCH_NCCL_TRACE_BUFFER_SIZE: 2000, TORCH_NCCL_COORD_CHECK_MILSEC: 1000, TORCH_NCCL_NAN_CHECK: 0, TORCH_NCCL_CUDA_EVENT_CACHE: 1, TORCH_NCCL_LOG_CPP_STACK_ON_UNCLEAN_SHUTDOWN: 1
I1008 02:09:55.620831   131 ProcessGroupNCCL.cpp:1107] [PG ID 0 PG GUID 0(default_pg) Rank 4] Using non-blocking mode: 0
I1008 02:09:55.632372   134 ProcessGroupNCCL.cpp:1107] [PG ID 0 PG GUID 0(default_pg) Rank 7] Using non-blocking mode: 0
I1008 02:09:55.633853   129 ProcessGroupNCCL.cpp:1107] [PG ID 0 PG GUID 0(default_pg) Rank 2] Using non-blocking mode: 0
I1008 02:09:55.661688   128 ProcessGroupNCCL.cpp:1107] [PG ID 0 PG GUID 0(default_pg) Rank 1] Using non-blocking mode: 0
I1008 02:09:55.664110   127 ProcessGroupNCCL.cpp:1107] [PG ID 0 PG GUID 0(default_pg) Rank 0] Using non-blocking mode: 0

vcjob-2107896150879928322-abc12335-42846-worker-0:127:127 [0] /data/jenkins_workspace/workspace/rccl_release/build/hipify/src/init.cc:170 NCCL WARN NUMA auto balancing enabled which can lead to variability in the RCCL performance! Disable by "sudo sysctl kernel.numa_balancing=0"
vcjob-2107896150879928322-abc12335-42846-worker-0:127:127 [0] NCCL INFO Kernel version: 5.15.0-25-generic

vcjob-2107896150879928322-abc12335-42846-worker-0:127:127 [0] /data/jenkins_workspace/workspace/rccl_release/build/hipify/src/init.cc:191 NCCL WARN Missing "iommu=pt" from kernel command line which can lead to system instablity or hang!
vcjob-2107896150879928322-abc12335-42846-worker-0:127:127 [0] NCCL INFO Disabled GDRCopy equivalent memory allocation on gfx936 due to GPU architecture
vcjob-2107896150879928322-abc12335-42846-worker-0:127:127 [0] NCCL INFO NCCL_SOCKET_IFNAME set by environment to eth
vcjob-2107896150879928322-abc12335-42846-worker-0:127:127 [0] NCCL INFO Bootstrap : Using eth0:172.31.50.219<0>
I1008 02:09:55.665115   127 ProcessGroupNCCL.cpp:2857] [PG ID 0 PG GUID 0(default_pg) Rank 0] ProcessGroupNCCL broadcast unique ID through store took 0.087301 ms
I1008 02:09:55.665149   127 NCCLUtils.cpp:75] Rank 0: creating NCCL communicator with mode: blocking
vcjob-2107896150879928322-abc12335-42846-worker-0:127:127 [0] NCCL INFO ROCr version 1.11
vcjob-2107896150879928322-abc12335-42846-worker-0:127:127 [0] NCCL INFO Dmabuf feature disabled without NCCL_DMABUF_ENABLE=1

vcjob-2107896150879928322-abc12335-42846-worker-0:127:127 [0] /data/jenkins_workspace/workspace/rccl_release/build/hipify/src/init.cc:170 NCCL WARN NUMA auto balancing enabled which can lead to variability in the RCCL performance! Disable by "sudo sysctl kernel.numa_balancing=0"
vcjob-2107896150879928322-abc12335-42846-worker-0:127:127 [0] NCCL INFO Kernel version: 5.15.0-25-generic

vcjob-2107896150879928322-abc12335-42846-worker-0:127:127 [0] /data/jenkins_workspace/workspace/rccl_release/build/hipify/src/init.cc:191 NCCL WARN Missing "iommu=pt" from kernel command line which can lead to system instablity or hang!
vcjob-2107896150879928322-abc12335-42846-worker-0:127:127 [0] NCCL INFO RCCL version : 2.22.3-HEAD:19c80f7
HIP version  : 6.3.26102-a22a51fa
ROCm version : 6.3.3.0-0-c1d64df
Hostname     : vcjob-2107896150879928322-abc12335-42846-worker-0
Librccl path : /opt/dtk/lib/librccl.so.1
I1008 02:09:55.665275   133 ProcessGroupNCCL.cpp:2857] [PG ID 0 PG GUID 0(default_pg) Rank 6] ProcessGroupNCCL broadcast unique ID through store took 192.345 ms
I1008 02:09:55.665287   130 ProcessGroupNCCL.cpp:2857] [PG ID 0 PG GUID 0(default_pg) Rank 3] ProcessGroupNCCL broadcast unique ID through store took 141.157 ms
I1008 02:09:55.665320   133 NCCLUtils.cpp:75] Rank 6: creating NCCL communicator with mode: blocking
I1008 02:09:55.665299   131 ProcessGroupNCCL.cpp:2857] [PG ID 0 PG GUID 0(default_pg) Rank 4] ProcessGroupNCCL broadcast unique ID through store took 44.4303 ms
I1008 02:09:55.665323   130 NCCLUtils.cpp:75] Rank 3: creating NCCL communicator with mode: blocking
I1008 02:09:55.665333   131 NCCLUtils.cpp:75] Rank 4: creating NCCL communicator with mode: blocking
I1008 02:09:55.665318   132 ProcessGroupNCCL.cpp:2857] [PG ID 0 PG GUID 0(default_pg) Rank 5] ProcessGroupNCCL broadcast unique ID through store took 100.127 ms
I1008 02:09:55.665331   134 ProcessGroupNCCL.cpp:2857] [PG ID 0 PG GUID 0(default_pg) Rank 7] ProcessGroupNCCL broadcast unique ID through store took 32.9258 ms
I1008 02:09:55.665354   134 NCCLUtils.cpp:75] Rank 7: creating NCCL communicator with mode: blocking
I1008 02:09:55.665356   132 NCCLUtils.cpp:75] Rank 5: creating NCCL communicator with mode: blocking
I1008 02:09:55.665349   129 ProcessGroupNCCL.cpp:2857] [PG ID 0 PG GUID 0(default_pg) Rank 2] ProcessGroupNCCL broadcast unique ID through store took 31.4635 ms
I1008 02:09:55.665391   129 NCCLUtils.cpp:75] Rank 2: creating NCCL communicator with mode: blocking
I1008 02:09:55.665371   128 ProcessGroupNCCL.cpp:2857] [PG ID 0 PG GUID 0(default_pg) Rank 1] ProcessGroupNCCL broadcast unique ID through store took 3.64344 ms
I1008 02:09:55.665411   128 NCCLUtils.cpp:75] Rank 1: creating NCCL communicator with mode: blocking
vcjob-2107896150879928322-abc12335-42846-worker-0:132:132 [5] NCCL INFO ROCr version 1.11
vcjob-2107896150879928322-abc12335-42846-worker-0:130:130 [3] NCCL INFO ROCr version 1.11
vcjob-2107896150879928322-abc12335-42846-worker-0:133:133 [6] NCCL INFO ROCr version 1.11
vcjob-2107896150879928322-abc12335-42846-worker-0:134:134 [7] NCCL INFO ROCr version 1.11
vcjob-2107896150879928322-abc12335-42846-worker-0:131:131 [4] NCCL INFO ROCr version 1.11
vcjob-2107896150879928322-abc12335-42846-worker-0:130:130 [3] NCCL INFO Dmabuf feature disabled without NCCL_DMABUF_ENABLE=1
vcjob-2107896150879928322-abc12335-42846-worker-0:133:133 [6] NCCL INFO Dmabuf feature disabled without NCCL_DMABUF_ENABLE=1
vcjob-2107896150879928322-abc12335-42846-worker-0:134:134 [7] NCCL INFO Dmabuf feature disabled without NCCL_DMABUF_ENABLE=1
vcjob-2107896150879928322-abc12335-42846-worker-0:131:131 [4] NCCL INFO Dmabuf feature disabled without NCCL_DMABUF_ENABLE=1
vcjob-2107896150879928322-abc12335-42846-worker-0:132:132 [5] NCCL INFO Dmabuf feature disabled without NCCL_DMABUF_ENABLE=1

vcjob-2107896150879928322-abc12335-42846-worker-0:134:134 [7] /data/jenkins_workspace/workspace/rccl_release/build/hipify/src/init.cc:170 NCCL WARN NUMA auto balancing enabled which can lead to variability in the RCCL performance! Disable by "sudo sysctl kernel.numa_balancing=0"

vcjob-2107896150879928322-abc12335-42846-worker-0:130:130 [3] /data/jenkins_workspace/workspace/rccl_release/build/hipify/src/init.cc:170 NCCL WARN NUMA auto balancing enabled which can lead to variability in the RCCL performance! Disable by "sudo sysctl kernel.numa_balancing=0"

vcjob-2107896150879928322-abc12335-42846-worker-0:133:133 [6] /data/jenkins_workspace/workspace/rccl_release/build/hipify/src/init.cc:170 NCCL WARN NUMA auto balancing enabled which can lead to variability in the RCCL performance! Disable by "sudo sysctl kernel.numa_balancing=0"

vcjob-2107896150879928322-abc12335-42846-worker-0:131:131 [4] /data/jenkins_workspace/workspace/rccl_release/build/hipify/src/init.cc:170 NCCL WARN NUMA auto balancing enabled which can lead to variability in the RCCL performance! Disable by "sudo sysctl kernel.numa_balancing=0"

vcjob-2107896150879928322-abc12335-42846-worker-0:132:132 [5] /data/jenkins_workspace/workspace/rccl_release/build/hipify/src/init.cc:170 NCCL WARN NUMA auto balancing enabled which can lead to variability in the RCCL performance! Disable by "sudo sysctl kernel.numa_balancing=0"
vcjob-2107896150879928322-abc12335-42846-worker-0:131:131 [4] NCCL INFO Kernel version: 5.15.0-25-generic
vcjob-2107896150879928322-abc12335-42846-worker-0:132:132 [5] NCCL INFO Kernel version: 5.15.0-25-generic
vcjob-2107896150879928322-abc12335-42846-worker-0:130:130 [3] NCCL INFO Kernel version: 5.15.0-25-generic
vcjob-2107896150879928322-abc12335-42846-worker-0:134:134 [7] NCCL INFO Kernel version: 5.15.0-25-generic
vcjob-2107896150879928322-abc12335-42846-worker-0:133:133 [6] NCCL INFO Kernel version: 5.15.0-25-generic
vcjob-2107896150879928322-abc12335-42846-worker-0:128:128 [1] NCCL INFO ROCr version 1.11
vcjob-2107896150879928322-abc12335-42846-worker-0:128:128 [1] NCCL INFO Dmabuf feature disabled without NCCL_DMABUF_ENABLE=1
vcjob-2107896150879928322-abc12335-42846-worker-0:127:127 [0] NCCL INFO Comm config Blocking set to 1

vcjob-2107896150879928322-abc12335-42846-worker-0:128:128 [1] /data/jenkins_workspace/workspace/rccl_release/build/hipify/src/init.cc:170 NCCL WARN NUMA auto balancing enabled which can lead to variability in the RCCL performance! Disable by "sudo sysctl kernel.numa_balancing=0"

vcjob-2107896150879928322-abc12335-42846-worker-0:130:130 [3] /data/jenkins_workspace/workspace/rccl_release/build/hipify/src/init.cc:191 NCCL WARN Missing "iommu=pt" from kernel command line which can lead to system instablity or hang!

vcjob-2107896150879928322-abc12335-42846-worker-0:133:133 [6] /data/jenkins_workspace/workspace/rccl_release/build/hipify/src/init.cc:191 NCCL WARN Missing "iommu=pt" from kernel command line which can lead to system instablity or hang!

vcjob-2107896150879928322-abc12335-42846-worker-0:132:132 [5] /data/jenkins_workspace/workspace/rccl_release/build/hipify/src/init.cc:191 NCCL WARN Missing "iommu=pt" from kernel command line which can lead to system instablity or hang!

vcjob-2107896150879928322-abc12335-42846-worker-0:134:134 [7] /data/jenkins_workspace/workspace/rccl_release/build/hipify/src/init.cc:191 NCCL WARN Missing "iommu=pt" from kernel command line which can lead to system instablity or hang!

vcjob-2107896150879928322-abc12335-42846-worker-0:131:131 [4] /data/jenkins_workspace/workspace/rccl_release/build/hipify/src/init.cc:191 NCCL WARN Missing "iommu=pt" from kernel command line which can lead to system instablity or hang!
vcjob-2107896150879928322-abc12335-42846-worker-0:128:128 [1] NCCL INFO Kernel version: 5.15.0-25-generic
vcjob-2107896150879928322-abc12335-42846-worker-0:129:129 [2] NCCL INFO ROCr version 1.11

vcjob-2107896150879928322-abc12335-42846-worker-0:128:128 [1] /data/jenkins_workspace/workspace/rccl_release/build/hipify/src/init.cc:191 NCCL WARN Missing "iommu=pt" from kernel command line which can lead to system instablity or hang!
vcjob-2107896150879928322-abc12335-42846-worker-0:129:129 [2] NCCL INFO Dmabuf feature disabled without NCCL_DMABUF_ENABLE=1
vcjob-2107896150879928322-abc12335-42846-worker-0:130:130 [3] NCCL INFO Disabled GDRCopy equivalent memory allocation on gfx936 due to GPU architecture
vcjob-2107896150879928322-abc12335-42846-worker-0:132:132 [5] NCCL INFO Disabled GDRCopy equivalent memory allocation on gfx936 due to GPU architecture
vcjob-2107896150879928322-abc12335-42846-worker-0:134:134 [7] NCCL INFO Disabled GDRCopy equivalent memory allocation on gfx936 due to GPU architecture
vcjob-2107896150879928322-abc12335-42846-worker-0:131:131 [4] NCCL INFO Disabled GDRCopy equivalent memory allocation on gfx936 due to GPU architecture
vcjob-2107896150879928322-abc12335-42846-worker-0:130:130 [3] NCCL INFO NCCL_SOCKET_IFNAME set by environment to eth
vcjob-2107896150879928322-abc12335-42846-worker-0:132:132 [5] NCCL INFO NCCL_SOCKET_IFNAME set by environment to eth
vcjob-2107896150879928322-abc12335-42846-worker-0:134:134 [7] NCCL INFO NCCL_SOCKET_IFNAME set by environment to eth
vcjob-2107896150879928322-abc12335-42846-worker-0:131:131 [4] NCCL INFO NCCL_SOCKET_IFNAME set by environment to eth
vcjob-2107896150879928322-abc12335-42846-worker-0:133:133 [6] NCCL INFO Disabled GDRCopy equivalent memory allocation on gfx936 due to GPU architecture
vcjob-2107896150879928322-abc12335-42846-worker-0:133:133 [6] NCCL INFO NCCL_SOCKET_IFNAME set by environment to eth
vcjob-2107896150879928322-abc12335-42846-worker-0:128:128 [1] NCCL INFO Disabled GDRCopy equivalent memory allocation on gfx936 due to GPU architecture

vcjob-2107896150879928322-abc12335-42846-worker-0:129:129 [2] /data/jenkins_workspace/workspace/rccl_release/build/hipify/src/init.cc:170 NCCL WARN NUMA auto balancing enabled which can lead to variability in the RCCL performance! Disable by "sudo sysctl kernel.numa_balancing=0"
vcjob-2107896150879928322-abc12335-42846-worker-0:128:128 [1] NCCL INFO NCCL_SOCKET_IFNAME set by environment to eth
vcjob-2107896150879928322-abc12335-42846-worker-0:129:129 [2] NCCL INFO Kernel version: 5.15.0-25-generic

vcjob-2107896150879928322-abc12335-42846-worker-0:129:129 [2] /data/jenkins_workspace/workspace/rccl_release/build/hipify/src/init.cc:191 NCCL WARN Missing "iommu=pt" from kernel command line which can lead to system instablity or hang!
vcjob-2107896150879928322-abc12335-42846-worker-0:129:129 [2] NCCL INFO Disabled GDRCopy equivalent memory allocation on gfx936 due to GPU architecture
vcjob-2107896150879928322-abc12335-42846-worker-0:129:129 [2] NCCL INFO NCCL_SOCKET_IFNAME set by environment to eth
vcjob-2107896150879928322-abc12335-42846-worker-0:133:133 [6] NCCL INFO Bootstrap : Using eth0:172.31.50.219<0>
vcjob-2107896150879928322-abc12335-42846-worker-0:130:130 [3] NCCL INFO Bootstrap : Using eth0:172.31.50.219<0>
vcjob-2107896150879928322-abc12335-42846-worker-0:132:132 [5] NCCL INFO Bootstrap : Using eth0:172.31.50.219<0>
vcjob-2107896150879928322-abc12335-42846-worker-0:133:133 [6] NCCL INFO RCCL version : 2.22.3-HEAD:19c80f7
HIP version  : 6.3.26102-a22a51fa
ROCm version : 6.3.3.0-0-c1d64df
Hostname     : vcjob-2107896150879928322-abc12335-42846-worker-0
Librccl path : /opt/dtk/lib/librccl.so.1
vcjob-2107896150879928322-abc12335-42846-worker-0:134:134 [7] NCCL INFO Bootstrap : Using eth0:172.31.50.219<0>
vcjob-2107896150879928322-abc12335-42846-worker-0:131:131 [4] NCCL INFO Bootstrap : Using eth0:172.31.50.219<0>
vcjob-2107896150879928322-abc12335-42846-worker-0:129:129 [2] NCCL INFO Bootstrap : Using eth0:172.31.50.219<0>
vcjob-2107896150879928322-abc12335-42846-worker-0:130:130 [3] NCCL INFO RCCL version : 2.22.3-HEAD:19c80f7
HIP version  : 6.3.26102-a22a51fa
ROCm version : 6.3.3.0-0-c1d64df
Hostname     : vcjob-2107896150879928322-abc12335-42846-worker-0
Librccl path : /opt/dtk/lib/librccl.so.1
vcjob-2107896150879928322-abc12335-42846-worker-0:132:132 [5] NCCL INFO RCCL version : 2.22.3-HEAD:19c80f7
HIP version  : 6.3.26102-a22a51fa
ROCm version : 6.3.3.0-0-c1d64df
Hostname     : vcjob-2107896150879928322-abc12335-42846-worker-0
Librccl path : /opt/dtk/lib/librccl.so.1
vcjob-2107896150879928322-abc12335-42846-worker-0:134:134 [7] NCCL INFO RCCL version : 2.22.3-HEAD:19c80f7
HIP version  : 6.3.26102-a22a51fa
ROCm version : 6.3.3.0-0-c1d64df
Hostname     : vcjob-2107896150879928322-abc12335-42846-worker-0
Librccl path : /opt/dtk/lib/librccl.so.1
vcjob-2107896150879928322-abc12335-42846-worker-0:131:131 [4] NCCL INFO RCCL version : 2.22.3-HEAD:19c80f7
HIP version  : 6.3.26102-a22a51fa
ROCm version : 6.3.3.0-0-c1d64df
Hostname     : vcjob-2107896150879928322-abc12335-42846-worker-0
Librccl path : /opt/dtk/lib/librccl.so.1
vcjob-2107896150879928322-abc12335-42846-worker-0:128:128 [1] NCCL INFO Bootstrap : Using eth0:172.31.50.219<0>
vcjob-2107896150879928322-abc12335-42846-worker-0:129:129 [2] NCCL INFO RCCL version : 2.22.3-HEAD:19c80f7
HIP version  : 6.3.26102-a22a51fa
ROCm version : 6.3.3.0-0-c1d64df
Hostname     : vcjob-2107896150879928322-abc12335-42846-worker-0
Librccl path : /opt/dtk/lib/librccl.so.1
vcjob-2107896150879928322-abc12335-42846-worker-0:128:128 [1] NCCL INFO RCCL version : 2.22.3-HEAD:19c80f7
HIP version  : 6.3.26102-a22a51fa
ROCm version : 6.3.3.0-0-c1d64df
Hostname     : vcjob-2107896150879928322-abc12335-42846-worker-0
Librccl path : /opt/dtk/lib/librccl.so.1
vcjob-2107896150879928322-abc12335-42846-worker-0:130:130 [3] NCCL INFO Comm config Blocking set to 1
vcjob-2107896150879928322-abc12335-42846-worker-0:132:132 [5] NCCL INFO Comm config Blocking set to 1
vcjob-2107896150879928322-abc12335-42846-worker-0:129:129 [2] NCCL INFO Comm config Blocking set to 1
vcjob-2107896150879928322-abc12335-42846-worker-0:133:133 [6] NCCL INFO Comm config Blocking set to 1
vcjob-2107896150879928322-abc12335-42846-worker-0:131:131 [4] NCCL INFO Comm config Blocking set to 1
vcjob-2107896150879928322-abc12335-42846-worker-0:134:134 [7] NCCL INFO Comm config Blocking set to 1
vcjob-2107896150879928322-abc12335-42846-worker-0:128:128 [1] NCCL INFO Comm config Blocking set to 1
vcjob-2107896150879928322-abc12335-42846-worker-0:127:232 [0] NCCL INFO NET/Plugin: Could not find: librccl-net.so. Using internal network plugin.
vcjob-2107896150879928322-abc12335-42846-worker-0:127:232 [0] NCCL INFO NCCL_IB_DISABLE set by environment to 0.
vcjob-2107896150879928322-abc12335-42846-worker-0:127:232 [0] NCCL INFO NCCL_SOCKET_IFNAME set by environment to eth
vcjob-2107896150879928322-abc12335-42846-worker-0:127:232 [0] NCCL INFO NET/IB : No device found.
vcjob-2107896150879928322-abc12335-42846-worker-0:127:232 [0] NCCL INFO NCCL_SOCKET_IFNAME set by environment to eth
vcjob-2107896150879928322-abc12335-42846-worker-0:127:232 [0] NCCL INFO NET/Socket : Using [0]eth0:172.31.50.219<0>
vcjob-2107896150879928322-abc12335-42846-worker-0:127:232 [0] NCCL INFO Using network Socket
vcjob-2107896150879928322-abc12335-42846-worker-0:132:233 [5] NCCL INFO NET/Plugin: Could not find: librccl-net.so. Using internal network plugin.
vcjob-2107896150879928322-abc12335-42846-worker-0:132:233 [5] NCCL INFO NCCL_IB_DISABLE set by environment to 0.
vcjob-2107896150879928322-abc12335-42846-worker-0:129:236 [2] NCCL INFO NET/Plugin: Could not find: librccl-net.so. Using internal network plugin.
vcjob-2107896150879928322-abc12335-42846-worker-0:129:236 [2] NCCL INFO NCCL_IB_DISABLE set by environment to 0.
vcjob-2107896150879928322-abc12335-42846-worker-0:132:233 [5] NCCL INFO NCCL_SOCKET_IFNAME set by environment to eth
vcjob-2107896150879928322-abc12335-42846-worker-0:129:236 [2] NCCL INFO NCCL_SOCKET_IFNAME set by environment to eth
vcjob-2107896150879928322-abc12335-42846-worker-0:132:233 [5] NCCL INFO NET/IB : No device found.
vcjob-2107896150879928322-abc12335-42846-worker-0:132:233 [5] NCCL INFO NCCL_SOCKET_IFNAME set by environment to eth
vcjob-2107896150879928322-abc12335-42846-worker-0:132:233 [5] NCCL INFO NET/Socket : Using [0]eth0:172.31.50.219<0>
vcjob-2107896150879928322-abc12335-42846-worker-0:132:233 [5] NCCL INFO Using network Socket
vcjob-2107896150879928322-abc12335-42846-worker-0:129:236 [2] NCCL INFO NET/IB : No device found.
vcjob-2107896150879928322-abc12335-42846-worker-0:129:236 [2] NCCL INFO NCCL_SOCKET_IFNAME set by environment to eth
vcjob-2107896150879928322-abc12335-42846-worker-0:129:236 [2] NCCL INFO NET/Socket : Using [0]eth0:172.31.50.219<0>
vcjob-2107896150879928322-abc12335-42846-worker-0:129:236 [2] NCCL INFO Using network Socket
vcjob-2107896150879928322-abc12335-42846-worker-0:134:238 [7] NCCL INFO NET/Plugin: Could not find: librccl-net.so. Using internal network plugin.
vcjob-2107896150879928322-abc12335-42846-worker-0:134:238 [7] NCCL INFO NCCL_IB_DISABLE set by environment to 0.
vcjob-2107896150879928322-abc12335-42846-worker-0:134:238 [7] NCCL INFO NCCL_SOCKET_IFNAME set by environment to eth
vcjob-2107896150879928322-abc12335-42846-worker-0:134:238 [7] NCCL INFO NET/IB : No device found.
vcjob-2107896150879928322-abc12335-42846-worker-0:134:238 [7] NCCL INFO NCCL_SOCKET_IFNAME set by environment to eth
vcjob-2107896150879928322-abc12335-42846-worker-0:134:238 [7] NCCL INFO NET/Socket : Using [0]eth0:172.31.50.219<0>
vcjob-2107896150879928322-abc12335-42846-worker-0:134:238 [7] NCCL INFO Using network Socket
vcjob-2107896150879928322-abc12335-42846-worker-0:128:239 [1] NCCL INFO NET/Plugin: Could not find: librccl-net.so. Using internal network plugin.
vcjob-2107896150879928322-abc12335-42846-worker-0:130:234 [3] NCCL INFO NET/Plugin: Could not find: librccl-net.so. Using internal network plugin.
vcjob-2107896150879928322-abc12335-42846-worker-0:133:235 [6] NCCL INFO NET/Plugin: Could not find: librccl-net.so. Using internal network plugin.
vcjob-2107896150879928322-abc12335-42846-worker-0:131:237 [4] NCCL INFO NET/Plugin: Could not find: librccl-net.so. Using internal network plugin.
vcjob-2107896150879928322-abc12335-42846-worker-0:133:235 [6] NCCL INFO NCCL_IB_DISABLE set by environment to 0.
vcjob-2107896150879928322-abc12335-42846-worker-0:131:237 [4] NCCL INFO NCCL_IB_DISABLE set by environment to 0.
vcjob-2107896150879928322-abc12335-42846-worker-0:130:234 [3] NCCL INFO NCCL_IB_DISABLE set by environment to 0.
vcjob-2107896150879928322-abc12335-42846-worker-0:128:239 [1] NCCL INFO NCCL_IB_DISABLE set by environment to 0.
vcjob-2107896150879928322-abc12335-42846-worker-0:128:239 [1] NCCL INFO NCCL_SOCKET_IFNAME set by environment to eth
vcjob-2107896150879928322-abc12335-42846-worker-0:131:237 [4] NCCL INFO NCCL_SOCKET_IFNAME set by environment to eth
vcjob-2107896150879928322-abc12335-42846-worker-0:130:234 [3] NCCL INFO NCCL_SOCKET_IFNAME set by environment to eth
vcjob-2107896150879928322-abc12335-42846-worker-0:133:235 [6] NCCL INFO NCCL_SOCKET_IFNAME set by environment to eth
vcjob-2107896150879928322-abc12335-42846-worker-0:131:237 [4] NCCL INFO NET/IB : No device found.
vcjob-2107896150879928322-abc12335-42846-worker-0:130:234 [3] NCCL INFO NET/IB : No device found.
vcjob-2107896150879928322-abc12335-42846-worker-0:128:239 [1] NCCL INFO NET/IB : No device found.
vcjob-2107896150879928322-abc12335-42846-worker-0:130:234 [3] NCCL INFO NCCL_SOCKET_IFNAME set by environment to eth
vcjob-2107896150879928322-abc12335-42846-worker-0:128:239 [1] NCCL INFO NCCL_SOCKET_IFNAME set by environment to eth
vcjob-2107896150879928322-abc12335-42846-worker-0:131:237 [4] NCCL INFO NCCL_SOCKET_IFNAME set by environment to eth
vcjob-2107896150879928322-abc12335-42846-worker-0:133:235 [6] NCCL INFO NET/IB : No device found.
vcjob-2107896150879928322-abc12335-42846-worker-0:133:235 [6] NCCL INFO NCCL_SOCKET_IFNAME set by environment to eth
vcjob-2107896150879928322-abc12335-42846-worker-0:130:234 [3] NCCL INFO NET/Socket : Using [0]eth0:172.31.50.219<0>
vcjob-2107896150879928322-abc12335-42846-worker-0:128:239 [1] NCCL INFO NET/Socket : Using [0]eth0:172.31.50.219<0>
vcjob-2107896150879928322-abc12335-42846-worker-0:131:237 [4] NCCL INFO NET/Socket : Using [0]eth0:172.31.50.219<0>
vcjob-2107896150879928322-abc12335-42846-worker-0:133:235 [6] NCCL INFO NET/Socket : Using [0]eth0:172.31.50.219<0>
vcjob-2107896150879928322-abc12335-42846-worker-0:131:237 [4] NCCL INFO Using network Socket
vcjob-2107896150879928322-abc12335-42846-worker-0:130:234 [3] NCCL INFO Using network Socket
vcjob-2107896150879928322-abc12335-42846-worker-0:128:239 [1] NCCL INFO Using network Socket
vcjob-2107896150879928322-abc12335-42846-worker-0:133:235 [6] NCCL INFO Using network Socket
vcjob-2107896150879928322-abc12335-42846-worker-0:127:232 [0] NCCL INFO rocm_smi_lib: version 7.6.0.0
vcjob-2107896150879928322-abc12335-42846-worker-0:132:233 [5] NCCL INFO rocm_smi_lib: version 7.6.0.0
vcjob-2107896150879928322-abc12335-42846-worker-0:134:238 [7] NCCL INFO rocm_smi_lib: version 7.6.0.0
vcjob-2107896150879928322-abc12335-42846-worker-0:133:235 [6] NCCL INFO rocm_smi_lib: version 7.6.0.0
vcjob-2107896150879928322-abc12335-42846-worker-0:130:234 [3] NCCL INFO rocm_smi_lib: version 7.6.0.0
vcjob-2107896150879928322-abc12335-42846-worker-0:128:239 [1] NCCL INFO rocm_smi_lib: version 7.6.0.0
vcjob-2107896150879928322-abc12335-42846-worker-0:131:237 [4] NCCL INFO rocm_smi_lib: version 7.6.0.0
vcjob-2107896150879928322-abc12335-42846-worker-0:129:236 [2] NCCL INFO rocm_smi_lib: version 7.6.0.0
vcjob-2107896150879928322-abc12335-42846-worker-0:133:235 [6] NCCL INFO ncclCommInitRank comm 0x55df27ca67a0 rank 6 nranks 16 cudaDev 6 nvmlDev 6 busId d5000 commId 0x23e8226bd4f7c97f - Init START
vcjob-2107896150879928322-abc12335-42846-worker-0:131:237 [4] NCCL INFO ncclCommInitRank comm 0x55693aa697d0 rank 4 nranks 16 cudaDev 4 nvmlDev 4 busId 85000 commId 0x23e8226bd4f7c97f - Init START
vcjob-2107896150879928322-abc12335-42846-worker-0:132:233 [5] NCCL INFO ncclCommInitRank comm 0x5585ac33aa10 rank 5 nranks 16 cudaDev 5 nvmlDev 5 busId b5000 commId 0x23e8226bd4f7c97f - Init START
vcjob-2107896150879928322-abc12335-42846-worker-0:130:234 [3] NCCL INFO ncclCommInitRank comm 0x558484cac890 rank 3 nranks 16 cudaDev 3 nvmlDev 3 busId 77000 commId 0x23e8226bd4f7c97f - Init START
vcjob-2107896150879928322-abc12335-42846-worker-0:131:237 [4] NCCL INFO rank:4 get match hsa dev domain:0x0 bdf:0x8500 rank busId:0x544768
vcjob-2107896150879928322-abc12335-42846-worker-0:132:233 [5] NCCL INFO rank:5 get match hsa dev domain:0x0 bdf:0xb500 rank busId:0x741376
vcjob-2107896150879928322-abc12335-42846-worker-0:133:235 [6] NCCL INFO rank:6 get match hsa dev domain:0x0 bdf:0xd500 rank busId:0x872448
vcjob-2107896150879928322-abc12335-42846-worker-0:128:239 [1] NCCL INFO ncclCommInitRank comm 0x56428e424770 rank 1 nranks 16 cudaDev 1 nvmlDev 1 busId 36000 commId 0x23e8226bd4f7c97f - Init START
vcjob-2107896150879928322-abc12335-42846-worker-0:129:236 [2] NCCL INFO ncclCommInitRank comm 0x55cb037ed990 rank 2 nranks 16 cudaDev 2 nvmlDev 2 busId 55000 commId 0x23e8226bd4f7c97f - Init START
vcjob-2107896150879928322-abc12335-42846-worker-0:127:232 [0] NCCL INFO ncclCommInitRank comm 0x55664c6ad890 rank 0 nranks 16 cudaDev 0 nvmlDev 0 busId 9000 commId 0x23e8226bd4f7c97f - Init START
vcjob-2107896150879928322-abc12335-42846-worker-0:128:239 [1] NCCL INFO rank:1 get match hsa dev domain:0x0 bdf:0x3600 rank busId:0x221184
vcjob-2107896150879928322-abc12335-42846-worker-0:127:232 [0] NCCL INFO rank:0 get match hsa dev domain:0x0 bdf:0x900 rank busId:0x36864
vcjob-2107896150879928322-abc12335-42846-worker-0:129:236 [2] NCCL INFO rank:2 get match hsa dev domain:0x0 bdf:0x5500 rank busId:0x348160
vcjob-2107896150879928322-abc12335-42846-worker-0:131:237 [4] NCCL INFO XDP Switch is off with xdp_size : 0
vcjob-2107896150879928322-abc12335-42846-worker-0:130:234 [3] NCCL INFO rank:3 get match hsa dev domain:0x0 bdf:0x7700 rank busId:0x487424
vcjob-2107896150879928322-abc12335-42846-worker-0:134:238 [7] NCCL INFO ncclCommInitRank comm 0x558c74529610 rank 7 nranks 16 cudaDev 7 nvmlDev 7 busId f5000 commId 0x23e8226bd4f7c97f - Init START
vcjob-2107896150879928322-abc12335-42846-worker-0:132:233 [5] NCCL INFO XDP Switch is off with xdp_size : 0
vcjob-2107896150879928322-abc12335-42846-worker-0:133:235 [6] NCCL INFO XDP Switch is off with xdp_size : 0
vcjob-2107896150879928322-abc12335-42846-worker-0:134:238 [7] NCCL INFO rank:7 get match hsa dev domain:0x0 bdf:0xf500 rank busId:0x1003520
vcjob-2107896150879928322-abc12335-42846-worker-0:128:239 [1] NCCL INFO XDP Switch is off with xdp_size : 0
vcjob-2107896150879928322-abc12335-42846-worker-0:127:232 [0] NCCL INFO XDP Switch is off with xdp_size : 0
vcjob-2107896150879928322-abc12335-42846-worker-0:130:234 [3] NCCL INFO XDP Switch is off with xdp_size : 0
vcjob-2107896150879928322-abc12335-42846-worker-0:129:236 [2] NCCL INFO XDP Switch is off with xdp_size : 0
vcjob-2107896150879928322-abc12335-42846-worker-0:134:238 [7] NCCL INFO XDP Switch is off with xdp_size : 0

vcjob-2107896150879928322-abc12335-42846-worker-0:130:234 [3] /data/jenkins_workspace/workspace/rccl_release/build/hipify/src/graph/xml.cc:1839 NCCL WARN Unable to obtain the pciPath[NULL] or name[eth0] attributes from NetProperties.

vcjob-2107896150879928322-abc12335-42846-worker-0:134:238 [7] /data/jenkins_workspace/workspace/rccl_release/build/hipify/src/graph/xml.cc:1839 NCCL WARN Unable to obtain the pciPath[NULL] or name[eth0] attributes from NetProperties.

vcjob-2107896150879928322-abc12335-42846-worker-0:134:238 [7] /data/jenkins_workspace/workspace/rccl_release/build/hipify/src/graph/xml.cc:1211 NCCL WARN No IB NIC found, the generation of the basic topology has been terminated.

vcjob-2107896150879928322-abc12335-42846-worker-0:130:234 [3] /data/jenkins_workspace/workspace/rccl_release/build/hipify/src/graph/xml.cc:1211 NCCL WARN No IB NIC found, the generation of the basic topology has been terminated.

vcjob-2107896150879928322-abc12335-42846-worker-0:131:237 [4] /data/jenkins_workspace/workspace/rccl_release/build/hipify/src/graph/xml.cc:1839 NCCL WARN Unable to obtain the pciPath[NULL] or name[eth0] attributes from NetProperties.

vcjob-2107896150879928322-abc12335-42846-worker-0:131:237 [4] /data/jenkins_workspace/workspace/rccl_release/build/hipify/src/graph/xml.cc:1211 NCCL WARN No IB NIC found, the generation of the basic topology has been terminated.

vcjob-2107896150879928322-abc12335-42846-worker-0:128:239 [1] /data/jenkins_workspace/workspace/rccl_release/build/hipify/src/graph/xml.cc:1839 NCCL WARN Unable to obtain the pciPath[NULL] or name[eth0] attributes from NetProperties.

vcjob-2107896150879928322-abc12335-42846-worker-0:128:239 [1] /data/jenkins_workspace/workspace/rccl_release/build/hipify/src/graph/xml.cc:1211 NCCL WARN No IB NIC found, the generation of the basic topology has been terminated.

vcjob-2107896150879928322-abc12335-42846-worker-0:133:235 [6] /data/jenkins_workspace/workspace/rccl_release/build/hipify/src/graph/xml.cc:1839 NCCL WARN Unable to obtain the pciPath[NULL] or name[eth0] attributes from NetProperties.
vcjob-2107896150879928322-abc12335-42846-worker-0:130:234 [3] NCCL INFO rocm_smi_lib: version 7.6.0.0

vcjob-2107896150879928322-abc12335-42846-worker-0:133:235 [6] /data/jenkins_workspace/workspace/rccl_release/build/hipify/src/graph/xml.cc:1211 NCCL WARN No IB NIC found, the generation of the basic topology has been terminated.

vcjob-2107896150879928322-abc12335-42846-worker-0:129:236 [2] /data/jenkins_workspace/workspace/rccl_release/build/hipify/src/graph/xml.cc:1839 NCCL WARN Unable to obtain the pciPath[NULL] or name[eth0] attributes from NetProperties.

vcjob-2107896150879928322-abc12335-42846-worker-0:127:232 [0] /data/jenkins_workspace/workspace/rccl_release/build/hipify/src/graph/xml.cc:1839 NCCL WARN Unable to obtain the pciPath[NULL] or name[eth0] attributes from NetProperties.

vcjob-2107896150879928322-abc12335-42846-worker-0:129:236 [2] /data/jenkins_workspace/workspace/rccl_release/build/hipify/src/graph/xml.cc:1211 NCCL WARN No IB NIC found, the generation of the basic topology has been terminated.

vcjob-2107896150879928322-abc12335-42846-worker-0:127:232 [0] /data/jenkins_workspace/workspace/rccl_release/build/hipify/src/graph/xml.cc:1211 NCCL WARN No IB NIC found, the generation of the basic topology has been terminated.

vcjob-2107896150879928322-abc12335-42846-worker-0:132:233 [5] /data/jenkins_workspace/workspace/rccl_release/build/hipify/src/graph/xml.cc:1839 NCCL WARN Unable to obtain the pciPath[NULL] or name[eth0] attributes from NetProperties.

vcjob-2107896150879928322-abc12335-42846-worker-0:132:233 [5] /data/jenkins_workspace/workspace/rccl_release/build/hipify/src/graph/xml.cc:1211 NCCL WARN No IB NIC found, the generation of the basic topology has been terminated.
vcjob-2107896150879928322-abc12335-42846-worker-0:134:238 [7] NCCL INFO rocm_smi_lib: version 7.6.0.0
vcjob-2107896150879928322-abc12335-42846-worker-0:127:232 [0] NCCL INFO rocm_smi_lib: version 7.6.0.0
vcjob-2107896150879928322-abc12335-42846-worker-0:128:239 [1] NCCL INFO rocm_smi_lib: version 7.6.0.0
vcjob-2107896150879928322-abc12335-42846-worker-0:129:236 [2] NCCL INFO rocm_smi_lib: version 7.6.0.0
vcjob-2107896150879928322-abc12335-42846-worker-0:133:235 [6] NCCL INFO rocm_smi_lib: version 7.6.0.0
vcjob-2107896150879928322-abc12335-42846-worker-0:131:237 [4] NCCL INFO rocm_smi_lib: version 7.6.0.0
vcjob-2107896150879928322-abc12335-42846-worker-0:132:233 [5] NCCL INFO rocm_smi_lib: version 7.6.0.0
vcjob-2107896150879928322-abc12335-42846-worker-0:130:234 [3] NCCL INFO Setting affinity for GPU 3 to ffff0000
vcjob-2107896150879928322-abc12335-42846-worker-0:130:234 [3] NCCL INFO Rank:3 Get link topo from rocmDev:0 linkNum:8 link:0 linkState:1 remote type:1 bdf:0x9b00 topoType:2
vcjob-2107896150879928322-abc12335-42846-worker-0:130:234 [3] NCCL INFO Transport init rank 3 useXdp 0 linkTopoType 2
vcjob-2107896150879928322-abc12335-42846-worker-0:131:237 [4] NCCL INFO Setting affinity for GPU 4 to ffff,00000000,00000000
vcjob-2107896150879928322-abc12335-42846-worker-0:133:235 [6] NCCL INFO Setting affinity for GPU 6 to ffff,00000000,00000000,00000000
vcjob-2107896150879928322-abc12335-42846-worker-0:131:237 [4] NCCL INFO Rank:4 Get link topo from rocmDev:0 linkNum:8 link:0 linkState:1 remote type:1 bdf:0x9b00 topoType:2
vcjob-2107896150879928322-abc12335-42846-worker-0:131:237 [4] NCCL INFO Transport init rank 4 useXdp 0 linkTopoType 2
vcjob-2107896150879928322-abc12335-42846-worker-0:133:235 [6] NCCL INFO Rank:6 Get link topo from rocmDev:0 linkNum:8 link:0 linkState:1 remote type:1 bdf:0x9b00 topoType:2
vcjob-2107896150879928322-abc12335-42846-worker-0:133:235 [6] NCCL INFO Transport init rank 6 useXdp 0 linkTopoType 2
vcjob-2107896150879928322-abc12335-42846-worker-0:132:233 [5] NCCL INFO Setting affinity for GPU 5 to ffff0000,00000000,00000000,00000000
vcjob-2107896150879928322-abc12335-42846-worker-0:132:233 [5] NCCL INFO Rank:5 Get link topo from rocmDev:0 linkNum:8 link:0 linkState:1 remote type:1 bdf:0x9b00 topoType:2
vcjob-2107896150879928322-abc12335-42846-worker-0:132:233 [5] NCCL INFO Transport init rank 5 useXdp 0 linkTopoType 2
vcjob-2107896150879928322-abc12335-42846-worker-0:129:236 [2] NCCL INFO Setting affinity for GPU 2 to ffff,00000000
vcjob-2107896150879928322-abc12335-42846-worker-0:129:236 [2] NCCL INFO Rank:2 Get link topo from rocmDev:0 linkNum:8 link:0 linkState:1 remote type:1 bdf:0x9b00 topoType:2
vcjob-2107896150879928322-abc12335-42846-worker-0:129:236 [2] NCCL INFO Transport init rank 2 useXdp 0 linkTopoType 2
vcjob-2107896150879928322-abc12335-42846-worker-0:127:232 [0] NCCL INFO Setting affinity for GPU 0 to ffff
vcjob-2107896150879928322-abc12335-42846-worker-0:127:232 [0] NCCL INFO Rank:0 Get link topo from rocmDev:0 linkNum:8 link:0 linkState:1 remote type:1 bdf:0x9b00 topoType:2
vcjob-2107896150879928322-abc12335-42846-worker-0:127:232 [0] NCCL INFO Transport init rank 0 useXdp 0 linkTopoType 2
vcjob-2107896150879928322-abc12335-42846-worker-0:134:238 [7] NCCL INFO Setting affinity for GPU 7 to ffff0000,00000000,00000000
vcjob-2107896150879928322-abc12335-42846-worker-0:134:238 [7] NCCL INFO Rank:7 Get link topo from rocmDev:0 linkNum:8 link:0 linkState:1 remote type:1 bdf:0x9b00 topoType:2
vcjob-2107896150879928322-abc12335-42846-worker-0:134:238 [7] NCCL INFO Transport init rank 7 useXdp 0 linkTopoType 2
vcjob-2107896150879928322-abc12335-42846-worker-0:128:239 [1] NCCL INFO Setting affinity for GPU 1 to ffff0000,00000000
vcjob-2107896150879928322-abc12335-42846-worker-0:128:239 [1] NCCL INFO Rank:1 Get link topo from rocmDev:0 linkNum:8 link:0 linkState:1 remote type:1 bdf:0x9b00 topoType:2
vcjob-2107896150879928322-abc12335-42846-worker-0:128:239 [1] NCCL INFO Transport init rank 1 useXdp 0 linkTopoType 2
vcjob-2107896150879928322-abc12335-42846-worker-0:133:235 [6] NCCL INFO comm 0x55df27ca67a0 rank 6 nRanks 16 nNodes 2 localRanks 8 localRank 6 MNNVL 0
vcjob-2107896150879928322-abc12335-42846-worker-0:132:233 [5] NCCL INFO comm 0x5585ac33aa10 rank 5 nRanks 16 nNodes 2 localRanks 8 localRank 5 MNNVL 0
vcjob-2107896150879928322-abc12335-42846-worker-0:133:235 [6] NCCL INFO Trees [0] 7/-1/-1->6->5 [1] 7/-1/-1->6->5 [2] 7/-1/-1->6->5 [3] 7/-1/-1->6->5 [4] 7/-1/-1->6->5 [5] 7/-1/-1->6->5 [6] 7/-1/-1->6->5 [7] 7/-1/-1->6->5 [8] 7/-1/-1->6->5 [9] 7/-1/-1->6->5 [10] 7/-1/-1->6->5 [11] 7/-1/-1->6->5 [12] 7/-1/-1->6->5 [13] 7/-1/-1->6->5 [14] 7/-1/-1->6->5 [15] 7/-1/-1->6->5 [16] 7/-1/-1->6->5 [17] 7/-1/-1->6->5 [18] 7/-1/-1->6->5 [19] 7/-1/-1->6->5 [20] 7/-1/-1->6->5 [21] 7/-1/-1->6->5 [22] 7/-1/-1->6->5 [23] 7/-1/-1->6->5 [24] 7/-1/-1->6->5 [25] 7/-1/-1->6->5 [26] 7/-1/-1->6->5 [27] 7/-1/-1->6->5 [28] 7/-1/-1->6->5 [29] 7/-1/-1->6->5 [30] 7/-1/-1->6->5 [31] 7/-1/-1->6->5 comm 0x55df27ca67a0 nRanks 16 busId d5000
vcjob-2107896150879928322-abc12335-42846-worker-0:133:235 [6] NCCL INFO P2P Chunksize set to 131072
vcjob-2107896150879928322-abc12335-42846-worker-0:133:235 [6] NCCL INFO comm->autoPerPeerOn: 1, comm->p2pnChannels: 32, comm->p2pnChannelsPerPeer: 2
vcjob-2107896150879928322-abc12335-42846-worker-0:129:236 [2] NCCL INFO comm 0x55cb037ed990 rank 2 nRanks 16 nNodes 2 localRanks 8 localRank 2 MNNVL 0
vcjob-2107896150879928322-abc12335-42846-worker-0:131:237 [4] NCCL INFO comm 0x55693aa697d0 rank 4 nRanks 16 nNodes 2 localRanks 8 localRank 4 MNNVL 0
vcjob-2107896150879928322-abc12335-42846-worker-0:130:234 [3] NCCL INFO comm 0x558484cac890 rank 3 nRanks 16 nNodes 2 localRanks 8 localRank 3 MNNVL 0
vcjob-2107896150879928322-abc12335-42846-worker-0:132:233 [5] NCCL INFO Trees [0] 6/-1/-1->5->4 [1] 6/-1/-1->5->4 [2] 6/-1/-1->5->4 [3] 6/-1/-1->5->4 [4] 6/-1/-1->5->4 [5] 6/-1/-1->5->4 [6] 6/-1/-1->5->4 [7] 6/-1/-1->5->4 [8] 6/-1/-1->5->4 [9] 6/-1/-1->5->4 [10] 6/-1/-1->5->4 [11] 6/-1/-1->5->4 [12] 6/-1/-1->5->4 [13] 6/-1/-1->5->4 [14] 6/-1/-1->5->4 [15] 6/-1/-1->5->4 [16] 6/-1/-1->5->4 [17] 6/-1/-1->5->4 [18] 6/-1/-1->5->4 [19] 6/-1/-1->5->4 [20] 6/-1/-1->5->4 [21] 6/-1/-1->5->4 [22] 6/-1/-1->5->4 [23] 6/-1/-1->5->4 [24] 6/-1/-1->5->4 [25] 6/-1/-1->5->4 [26] 6/-1/-1->5->4 [27] 6/-1/-1->5->4 [28] 6/-1/-1->5->4 [29] 6/-1/-1->5->4 [30] 6/-1/-1->5->4 [31] 6/-1/-1->5->4 comm 0x5585ac33aa10 nRanks 16 busId b5000
vcjob-2107896150879928322-abc12335-42846-worker-0:134:238 [7] NCCL INFO comm 0x558c74529610 rank 7 nRanks 16 nNodes 2 localRanks 8 localRank 7 MNNVL 0
vcjob-2107896150879928322-abc12335-42846-worker-0:132:233 [5] NCCL INFO P2P Chunksize set to 131072
vcjob-2107896150879928322-abc12335-42846-worker-0:128:239 [1] NCCL INFO comm 0x56428e424770 rank 1 nRanks 16 nNodes 2 localRanks 8 localRank 1 MNNVL 0
vcjob-2107896150879928322-abc12335-42846-worker-0:132:233 [5] NCCL INFO comm->autoPerPeerOn: 1, comm->p2pnChannels: 32, comm->p2pnChannelsPerPeer: 2
vcjob-2107896150879928322-abc12335-42846-worker-0:127:232 [0] NCCL INFO comm 0x55664c6ad890 rank 0 nRanks 16 nNodes 2 localRanks 8 localRank 0 MNNVL 0
vcjob-2107896150879928322-abc12335-42846-worker-0:129:236 [2] NCCL INFO Trees [0] 3/-1/-1->2->1 [1] 3/-1/-1->2->1 [2] 3/-1/-1->2->1 [3] 3/-1/-1->2->1 [4] 3/-1/-1->2->1 [5] 3/-1/-1->2->1 [6] 3/-1/-1->2->1 [7] 3/-1/-1->2->1 [8] 3/-1/-1->2->1 [9] 3/-1/-1->2->1 [10] 3/-1/-1->2->1 [11] 3/-1/-1->2->1 [12] 3/-1/-1->2->1 [13] 3/-1/-1->2->1 [14] 3/-1/-1->2->1 [15] 3/-1/-1->2->1 [16] 3/-1/-1->2->1 [17] 3/-1/-1->2->1 [18] 3/-1/-1->2->1 [19] 3/-1/-1->2->1 [20] 3/-1/-1->2->1 [21] 3/-1/-1->2->1 [22] 3/-1/-1->2->1 [23] 3/-1/-1->2->1 [24] 3/-1/-1->2->1 [25] 3/-1/-1->2->1 [26] 3/-1/-1->2->1 [27] 3/-1/-1->2->1 [28] 3/-1/-1->2->1 [29] 3/-1/-1->2->1 [30] 3/-1/-1->2->1 [31] 3/-1/-1->2->1 comm 0x55cb037ed990 nRanks 16 busId 55000
vcjob-2107896150879928322-abc12335-42846-worker-0:131:237 [4] NCCL INFO Trees [0] 5/-1/-1->4->3 [1] 5/-1/-1->4->3 [2] 5/-1/-1->4->3 [3] 5/-1/-1->4->3 [4] 5/-1/-1->4->3 [5] 5/-1/-1->4->3 [6] 5/-1/-1->4->3 [7] 5/-1/-1->4->3 [8] 5/-1/-1->4->3 [9] 5/-1/-1->4->3 [10] 5/-1/-1->4->3 [11] 5/-1/-1->4->3 [12] 5/-1/-1->4->3 [13] 5/-1/-1->4->3 [14] 5/-1/-1->4->3 [15] 5/-1/-1->4->3 [16] 5/-1/-1->4->3 [17] 5/-1/-1->4->3 [18] 5/-1/-1->4->3 [19] 5/-1/-1->4->3 [20] 5/-1/-1->4->3 [21] 5/-1/-1->4->3 [22] 5/-1/-1->4->3 [23] 5/-1/-1->4->3 [24] 5/-1/-1->4->3 [25] 5/-1/-1->4->3 [26] 5/-1/-1->4->3 [27] 5/-1/-1->4->3 [28] 5/-1/-1->4->3 [29] 5/-1/-1->4->3 [30] 5/-1/-1->4->3 [31] 5/-1/-1->4->3 comm 0x55693aa697d0 nRanks 16 busId 85000
vcjob-2107896150879928322-abc12335-42846-worker-0:130:234 [3] NCCL INFO Trees [0] 4/-1/-1->3->2 [1] 4/-1/-1->3->2 [2] 4/-1/-1->3->2 [3] 4/-1/-1->3->2 [4] 4/-1/-1->3->2 [5] 4/-1/-1->3->2 [6] 4/-1/-1->3->2 [7] 4/-1/-1->3->2 [8] 4/-1/-1->3->2 [9] 4/-1/-1->3->2 [10] 4/-1/-1->3->2 [11] 4/-1/-1->3->2 [12] 4/-1/-1->3->2 [13] 4/-1/-1->3->2 [14] 4/-1/-1->3->2 [15] 4/-1/-1->3->2 [16] 4/-1/-1->3->2 [17] 4/-1/-1->3->2 [18] 4/-1/-1->3->2 [19] 4/-1/-1->3->2 [20] 4/-1/-1->3->2 [21] 4/-1/-1->3->2 [22] 4/-1/-1->3->2 [23] 4/-1/-1->3->2 [24] 4/-1/-1->3->2 [25] 4/-1/-1->3->2 [26] 4/-1/-1->3->2 [27] 4/-1/-1->3->2 [28] 4/-1/-1->3->2 [29] 4/-1/-1->3->2 [30] 4/-1/-1->3->2 [31] 4/-1/-1->3->2 comm 0x558484cac890 nRanks 16 busId 77000
vcjob-2107896150879928322-abc12335-42846-worker-0:129:236 [2] NCCL INFO P2P Chunksize set to 131072
vcjob-2107896150879928322-abc12335-42846-worker-0:131:237 [4] NCCL INFO P2P Chunksize set to 131072
vcjob-2107896150879928322-abc12335-42846-worker-0:130:234 [3] NCCL INFO P2P Chunksize set to 131072
vcjob-2107896150879928322-abc12335-42846-worker-0:134:238 [7] NCCL INFO Trees [0] -1/-1/-1->7->6 [1] -1/-1/-1->7->6 [2] -1/-1/-1->7->6 [3] -1/-1/-1->7->6 [4] -1/-1/-1->7->6 [5] -1/-1/-1->7->6 [6] -1/-1/-1->7->6 [7] -1/-1/-1->7->6 [8] -1/-1/-1->7->6 [9] -1/-1/-1->7->6 [10] -1/-1/-1->7->6 [11] -1/-1/-1->7->6 [12] -1/-1/-1->7->6 [13] -1/-1/-1->7->6 [14] -1/-1/-1->7->6 [15] -1/-1/-1->7->6 [16] -1/-1/-1->7->6 [17] -1/-1/-1->7->6 [18] -1/-1/-1->7->6 [19] -1/-1/-1->7->6 [20] -1/-1/-1->7->6 [21] -1/-1/-1->7->6 [22] -1/-1/-1->7->6 [23] -1/-1/-1->7->6 [24] -1/-1/-1->7->6 [25] -1/-1/-1->7->6 [26] -1/-1/-1->7->6 [27] -1/-1/-1->7->6 [28] -1/-1/-1->7->6 [29] -1/-1/-1->7->6 [30] -1/-1/-1->7->6 [31] -1/-1/-1->7->6 comm 0x558c74529610 nRanks 16 busId f5000
vcjob-2107896150879928322-abc12335-42846-worker-0:127:232 [0] NCCL INFO Channel 00/32 :    0   7   6   5   4   3   2   1   8  15  14  13  12  11  10   9
vcjob-2107896150879928322-abc12335-42846-worker-0:129:236 [2] NCCL INFO comm->autoPerPeerOn: 1, comm->p2pnChannels: 32, comm->p2pnChannelsPerPeer: 2
vcjob-2107896150879928322-abc12335-42846-worker-0:130:234 [3] NCCL INFO comm->autoPerPeerOn: 1, comm->p2pnChannels: 32, comm->p2pnChannelsPerPeer: 2
vcjob-2107896150879928322-abc12335-42846-worker-0:134:238 [7] NCCL INFO P2P Chunksize set to 131072
vcjob-2107896150879928322-abc12335-42846-worker-0:131:237 [4] NCCL INFO comm->autoPerPeerOn: 1, comm->p2pnChannels: 32, comm->p2pnChannelsPerPeer: 2
vcjob-2107896150879928322-abc12335-42846-worker-0:128:239 [1] NCCL INFO Trees [0] 2/-1/-1->1->0 [1] 2/-1/-1->1->0 [2] 2/-1/-1->1->0 [3] 2/-1/-1->1->0 [4] 2/-1/-1->1->0 [5] 2/-1/-1->1->0 [6] 2/-1/-1->1->0 [7] 2/-1/-1->1->0 [8] 2/-1/-1->1->0 [9] 2/-1/-1->1->0 [10] 2/-1/-1->1->0 [11] 2/-1/-1->1->0 [12] 2/-1/-1->1->0 [13] 2/-1/-1->1->0 [14] 2/-1/-1->1->0 [15] 2/-1/-1->1->0 [16] 2/-1/-1->1->0 [17] 2/-1/-1->1->0 [18] 2/-1/-1->1->0 [19] 2/-1/-1->1->0 [20] 2/-1/-1->1->0 [21] 2/-1/-1->1->0 [22] 2/-1/-1->1->0 [23] 2/-1/-1->1->0 [24] 2/-1/-1->1->0 [25] 2/-1/-1->1->0 [26] 2/-1/-1->1->0 [27] 2/-1/-1->1->0 [28] 2/-1/-1->1->0 [29] 2/-1/-1->1->0 [30] 2/-1/-1->1->0 [31] 2/-1/-1->1->0 comm 0x56428e424770 nRanks 16 busId 36000
vcjob-2107896150879928322-abc12335-42846-worker-0:127:232 [0] NCCL INFO Channel 01/32 :    0   7   6   5   4   3   2   1   8  15  14  13  12  11  10   9
vcjob-2107896150879928322-abc12335-42846-worker-0:128:239 [1] NCCL INFO P2P Chunksize set to 131072
vcjob-2107896150879928322-abc12335-42846-worker-0:127:232 [0] NCCL INFO Channel 02/32 :    0   7   6   5   4   3   2   1   8  15  14  13  12  11  10   9
vcjob-2107896150879928322-abc12335-42846-worker-0:134:238 [7] NCCL INFO comm->autoPerPeerOn: 1, comm->p2pnChannels: 32, comm->p2pnChannelsPerPeer: 2
vcjob-2107896150879928322-abc12335-42846-worker-0:127:232 [0] NCCL INFO Channel 03/32 :    0   7   6   5   4   3   2   1   8  15  14  13  12  11  10   9
vcjob-2107896150879928322-abc12335-42846-worker-0:127:232 [0] NCCL INFO Channel 04/32 :    0   7   6   5   4   3   2   1   8  15  14  13  12  11  10   9
vcjob-2107896150879928322-abc12335-42846-worker-0:128:239 [1] NCCL INFO comm->autoPerPeerOn: 1, comm->p2pnChannels: 32, comm->p2pnChannelsPerPeer: 2
vcjob-2107896150879928322-abc12335-42846-worker-0:127:232 [0] NCCL INFO Channel 05/32 :    0   7   6   5   4   3   2   1   8  15  14  13  12  11  10   9
vcjob-2107896150879928322-abc12335-42846-worker-0:127:232 [0] NCCL INFO Channel 06/32 :    0   7   6   5   4   3   2   1   8  15  14  13  12  11  10   9
vcjob-2107896150879928322-abc12335-42846-worker-0:127:232 [0] NCCL INFO Channel 07/32 :    0   7   6   5   4   3   2   1   8  15  14  13  12  11  10   9
vcjob-2107896150879928322-abc12335-42846-worker-0:127:232 [0] NCCL INFO Channel 08/32 :    0   7   6   5   4   3   2   1   8  15  14  13  12  11  10   9
vcjob-2107896150879928322-abc12335-42846-worker-0:127:232 [0] NCCL INFO Channel 09/32 :    0   7   6   5   4   3   2   1   8  15  14  13  12  11  10   9
vcjob-2107896150879928322-abc12335-42846-worker-0:127:232 [0] NCCL INFO Channel 10/32 :    0   7   6   5   4   3   2   1   8  15  14  13  12  11  10   9
vcjob-2107896150879928322-abc12335-42846-worker-0:127:232 [0] NCCL INFO Channel 11/32 :    0   7   6   5   4   3   2   1   8  15  14  13  12  11  10   9
vcjob-2107896150879928322-abc12335-42846-worker-0:127:232 [0] NCCL INFO Channel 12/32 :    0   7   6   5   4   3   2   1   8  15  14  13  12  11  10   9
vcjob-2107896150879928322-abc12335-42846-worker-0:127:232 [0] NCCL INFO Channel 13/32 :    0   7   6   5   4   3   2   1   8  15  14  13  12  11  10   9
vcjob-2107896150879928322-abc12335-42846-worker-0:127:232 [0] NCCL INFO Channel 14/32 :    0   7   6   5   4   3   2   1   8  15  14  13  12  11  10   9
vcjob-2107896150879928322-abc12335-42846-worker-0:127:232 [0] NCCL INFO Channel 15/32 :    0   7   6   5   4   3   2   1   8  15  14  13  12  11  10   9
vcjob-2107896150879928322-abc12335-42846-worker-0:127:232 [0] NCCL INFO Channel 16/32 :    0   7   6   5   4   3   2   1   8  15  14  13  12  11  10   9
vcjob-2107896150879928322-abc12335-42846-worker-0:127:232 [0] NCCL INFO Channel 17/32 :    0   7   6   5   4   3   2   1   8  15  14  13  12  11  10   9
vcjob-2107896150879928322-abc12335-42846-worker-0:127:232 [0] NCCL INFO Channel 18/32 :    0   7   6   5   4   3   2   1   8  15  14  13  12  11  10   9
vcjob-2107896150879928322-abc12335-42846-worker-0:127:232 [0] NCCL INFO Channel 19/32 :    0   7   6   5   4   3   2   1   8  15  14  13  12  11  10   9
vcjob-2107896150879928322-abc12335-42846-worker-0:127:232 [0] NCCL INFO Channel 20/32 :    0   7   6   5   4   3   2   1   8  15  14  13  12  11  10   9
vcjob-2107896150879928322-abc12335-42846-worker-0:127:232 [0] NCCL INFO Channel 21/32 :    0   7   6   5   4   3   2   1   8  15  14  13  12  11  10   9
vcjob-2107896150879928322-abc12335-42846-worker-0:127:232 [0] NCCL INFO Channel 22/32 :    0   7   6   5   4   3   2   1   8  15  14  13  12  11  10   9
vcjob-2107896150879928322-abc12335-42846-worker-0:127:232 [0] NCCL INFO Channel 23/32 :    0   7   6   5   4   3   2   1   8  15  14  13  12  11  10   9
vcjob-2107896150879928322-abc12335-42846-worker-0:127:232 [0] NCCL INFO Channel 24/32 :    0   7   6   5   4   3   2   1   8  15  14  13  12  11  10   9
vcjob-2107896150879928322-abc12335-42846-worker-0:127:232 [0] NCCL INFO Channel 25/32 :    0   7   6   5   4   3   2   1   8  15  14  13  12  11  10   9
vcjob-2107896150879928322-abc12335-42846-worker-0:127:232 [0] NCCL INFO Channel 26/32 :    0   7   6   5   4   3   2   1   8  15  14  13  12  11  10   9
vcjob-2107896150879928322-abc12335-42846-worker-0:127:232 [0] NCCL INFO Channel 27/32 :    0   7   6   5   4   3   2   1   8  15  14  13  12  11  10   9
vcjob-2107896150879928322-abc12335-42846-worker-0:127:232 [0] NCCL INFO Channel 28/32 :    0   7   6   5   4   3   2   1   8  15  14  13  12  11  10   9
vcjob-2107896150879928322-abc12335-42846-worker-0:127:232 [0] NCCL INFO Channel 29/32 :    0   7   6   5   4   3   2   1   8  15  14  13  12  11  10   9
vcjob-2107896150879928322-abc12335-42846-worker-0:127:232 [0] NCCL INFO Channel 30/32 :    0   7   6   5   4   3   2   1   8  15  14  13  12  11  10   9
vcjob-2107896150879928322-abc12335-42846-worker-0:127:232 [0] NCCL INFO Channel 31/32 :    0   7   6   5   4   3   2   1   8  15  14  13  12  11  10   9
vcjob-2107896150879928322-abc12335-42846-worker-0:127:232 [0] NCCL INFO Trees [0] 1/8/-1->0->-1 [1] 1/-1/-1->0->8 [2] 1/8/-1->0->-1 [3] 1/-1/-1->0->8 [4] 1/8/-1->0->-1 [5] 1/-1/-1->0->8 [6] 1/8/-1->0->-1 [7] 1/-1/-1->0->8 [8] 1/8/-1->0->-1 [9] 1/-1/-1->0->8 [10] 1/8/-1->0->-1 [11] 1/-1/-1->0->8 [12] 1/8/-1->0->-1 [13] 1/-1/-1->0->8 [14] 1/8/-1->0->-1 [15] 1/-1/-1->0->8 [16] 1/8/-1->0->-1 [17] 1/-1/-1->0->8 [18] 1/8/-1->0->-1 [19] 1/-1/-1->0->8 [20] 1/8/-1->0->-1 [21] 1/-1/-1->0->8 [22] 1/8/-1->0->-1 [23] 1/-1/-1->0->8 [24] 1/8/-1->0->-1 [25] 1/-1/-1->0->8 [26] 1/8/-1->0->-1 [27] 1/-1/-1->0->8 [28] 1/8/-1->0->-1 [29] 1/-1/-1->0->8 [30] 1/8/-1->0->-1 [31] 1/-1/-1->0->8 comm 0x55664c6ad890 nRanks 16 busId 9000
vcjob-2107896150879928322-abc12335-42846-worker-0:127:232 [0] NCCL INFO P2P Chunksize set to 131072
vcjob-2107896150879928322-abc12335-42846-worker-0:127:232 [0] NCCL INFO comm->autoPerPeerOn: 1, comm->p2pnChannels: 32, comm->p2pnChannelsPerPeer: 2
vcjob-2107896150879928322-abc12335-42846-worker-0:127:232 [0] NCCL INFO Channel 00/0 : 9[36000] -> 0[9000] [receive] via NET/Socket/0 comm 0x55664c6ad890 nRanks 16
vcjob-2107896150879928322-abc12335-42846-worker-0:127:232 [0] NCCL INFO Channel 01/0 : 9[36000] -> 0[9000] [receive] via NET/Socket/0 comm 0x55664c6ad890 nRanks 16
vcjob-2107896150879928322-abc12335-42846-worker-0:127:232 [0] NCCL INFO Channel 02/0 : 9[36000] -> 0[9000] [receive] via NET/Socket/0 comm 0x55664c6ad890 nRanks 16
vcjob-2107896150879928322-abc12335-42846-worker-0:127:232 [0] NCCL INFO Channel 03/0 : 9[36000] -> 0[9000] [receive] via NET/Socket/0 comm 0x55664c6ad890 nRanks 16
vcjob-2107896150879928322-abc12335-42846-worker-0:127:232 [0] NCCL INFO Channel 04/0 : 9[36000] -> 0[9000] [receive] via NET/Socket/0 comm 0x55664c6ad890 nRanks 16
vcjob-2107896150879928322-abc12335-42846-worker-0:127:232 [0] NCCL INFO Channel 05/0 : 9[36000] -> 0[9000] [receive] via NET/Socket/0 comm 0x55664c6ad890 nRanks 16
vcjob-2107896150879928322-abc12335-42846-worker-0:127:232 [0] NCCL INFO Channel 06/0 : 9[36000] -> 0[9000] [receive] via NET/Socket/0 comm 0x55664c6ad890 nRanks 16
vcjob-2107896150879928322-abc12335-42846-worker-0:127:232 [0] NCCL INFO Channel 07/0 : 9[36000] -> 0[9000] [receive] via NET/Socket/0 comm 0x55664c6ad890 nRanks 16
vcjob-2107896150879928322-abc12335-42846-worker-0:127:232 [0] NCCL INFO Channel 08/0 : 9[36000] -> 0[9000] [receive] via NET/Socket/0 comm 0x55664c6ad890 nRanks 16
vcjob-2107896150879928322-abc12335-42846-worker-0:127:232 [0] NCCL INFO Channel 09/0 : 9[36000] -> 0[9000] [receive] via NET/Socket/0 comm 0x55664c6ad890 nRanks 16
vcjob-2107896150879928322-abc12335-42846-worker-0:127:232 [0] NCCL INFO Channel 10/0 : 9[36000] -> 0[9000] [receive] via NET/Socket/0 comm 0x55664c6ad890 nRanks 16
vcjob-2107896150879928322-abc12335-42846-worker-0:127:232 [0] NCCL INFO Channel 11/0 : 9[36000] -> 0[9000] [receive] via NET/Socket/0 comm 0x55664c6ad890 nRanks 16
vcjob-2107896150879928322-abc12335-42846-worker-0:127:232 [0] NCCL INFO Channel 12/0 : 9[36000] -> 0[9000] [receive] via NET/Socket/0 comm 0x55664c6ad890 nRanks 16
vcjob-2107896150879928322-abc12335-42846-worker-0:127:232 [0] NCCL INFO Channel 13/0 : 9[36000] -> 0[9000] [receive] via NET/Socket/0 comm 0x55664c6ad890 nRanks 16
vcjob-2107896150879928322-abc12335-42846-worker-0:128:239 [1] NCCL INFO Channel 00/0 : 1[36000] -> 8[9000] [send] via NET/Socket/0 comm 0x56428e424770 nRanks 16
vcjob-2107896150879928322-abc12335-42846-worker-0:127:232 [0] NCCL INFO Channel 14/0 : 9[36000] -> 0[9000] [receive] via NET/Socket/0 comm 0x55664c6ad890 nRanks 16
vcjob-2107896150879928322-abc12335-42846-worker-0:128:239 [1] NCCL INFO Channel 01/0 : 1[36000] -> 8[9000] [send] via NET/Socket/0 comm 0x56428e424770 nRanks 16
vcjob-2107896150879928322-abc12335-42846-worker-0:127:232 [0] NCCL INFO Channel 15/0 : 9[36000] -> 0[9000] [receive] via NET/Socket/0 comm 0x55664c6ad890 nRanks 16
vcjob-2107896150879928322-abc12335-42846-worker-0:128:239 [1] NCCL INFO Channel 02/0 : 1[36000] -> 8[9000] [send] via NET/Socket/0 comm 0x56428e424770 nRanks 16
vcjob-2107896150879928322-abc12335-42846-worker-0:127:232 [0] NCCL INFO Channel 16/0 : 9[36000] -> 0[9000] [receive] via NET/Socket/0 comm 0x55664c6ad890 nRanks 16
vcjob-2107896150879928322-abc12335-42846-worker-0:128:239 [1] NCCL INFO Channel 03/0 : 1[36000] -> 8[9000] [send] via NET/Socket/0 comm 0x56428e424770 nRanks 16
vcjob-2107896150879928322-abc12335-42846-worker-0:128:239 [1] NCCL INFO Channel 04/0 : 1[36000] -> 8[9000] [send] via NET/Socket/0 comm 0x56428e424770 nRanks 16
vcjob-2107896150879928322-abc12335-42846-worker-0:127:232 [0] NCCL INFO Channel 17/0 : 9[36000] -> 0[9000] [receive] via NET/Socket/0 comm 0x55664c6ad890 nRanks 16
vcjob-2107896150879928322-abc12335-42846-worker-0:128:239 [1] NCCL INFO Channel 05/0 : 1[36000] -> 8[9000] [send] via NET/Socket/0 comm 0x56428e424770 nRanks 16
vcjob-2107896150879928322-abc12335-42846-worker-0:127:232 [0] NCCL INFO Channel 18/0 : 9[36000] -> 0[9000] [receive] via NET/Socket/0 comm 0x55664c6ad890 nRanks 16
vcjob-2107896150879928322-abc12335-42846-worker-0:128:239 [1] NCCL INFO Channel 06/0 : 1[36000] -> 8[9000] [send] via NET/Socket/0 comm 0x56428e424770 nRanks 16
vcjob-2107896150879928322-abc12335-42846-worker-0:127:232 [0] NCCL INFO Channel 19/0 : 9[36000] -> 0[9000] [receive] via NET/Socket/0 comm 0x55664c6ad890 nRanks 16
vcjob-2107896150879928322-abc12335-42846-worker-0:128:239 [1] NCCL INFO Channel 07/0 : 1[36000] -> 8[9000] [send] via NET/Socket/0 comm 0x56428e424770 nRanks 16
vcjob-2107896150879928322-abc12335-42846-worker-0:127:232 [0] NCCL INFO Channel 20/0 : 9[36000] -> 0[9000] [receive] via NET/Socket/0 comm 0x55664c6ad890 nRanks 16
vcjob-2107896150879928322-abc12335-42846-worker-0:128:239 [1] NCCL INFO Channel 08/0 : 1[36000] -> 8[9000] [send] via NET/Socket/0 comm 0x56428e424770 nRanks 16
vcjob-2107896150879928322-abc12335-42846-worker-0:127:232 [0] NCCL INFO Channel 21/0 : 9[36000] -> 0[9000] [receive] via NET/Socket/0 comm 0x55664c6ad890 nRanks 16
vcjob-2107896150879928322-abc12335-42846-worker-0:128:239 [1] NCCL INFO Channel 09/0 : 1[36000] -> 8[9000] [send] via NET/Socket/0 comm 0x56428e424770 nRanks 16
vcjob-2107896150879928322-abc12335-42846-worker-0:128:239 [1] NCCL INFO Channel 10/0 : 1[36000] -> 8[9000] [send] via NET/Socket/0 comm 0x56428e424770 nRanks 16
vcjob-2107896150879928322-abc12335-42846-worker-0:127:232 [0] NCCL INFO Channel 22/0 : 9[36000] -> 0[9000] [receive] via NET/Socket/0 comm 0x55664c6ad890 nRanks 16
vcjob-2107896150879928322-abc12335-42846-worker-0:128:239 [1] NCCL INFO Channel 11/0 : 1[36000] -> 8[9000] [send] via NET/Socket/0 comm 0x56428e424770 nRanks 16
vcjob-2107896150879928322-abc12335-42846-worker-0:127:232 [0] NCCL INFO Channel 23/0 : 9[36000] -> 0[9000] [receive] via NET/Socket/0 comm 0x55664c6ad890 nRanks 16
vcjob-2107896150879928322-abc12335-42846-worker-0:128:239 [1] NCCL INFO Channel 12/0 : 1[36000] -> 8[9000] [send] via NET/Socket/0 comm 0x56428e424770 nRanks 16
vcjob-2107896150879928322-abc12335-42846-worker-0:127:232 [0] NCCL INFO Channel 24/0 : 9[36000] -> 0[9000] [receive] via NET/Socket/0 comm 0x55664c6ad890 nRanks 16
vcjob-2107896150879928322-abc12335-42846-worker-0:128:239 [1] NCCL INFO Channel 13/0 : 1[36000] -> 8[9000] [send] via NET/Socket/0 comm 0x56428e424770 nRanks 16
vcjob-2107896150879928322-abc12335-42846-worker-0:127:232 [0] NCCL INFO Channel 25/0 : 9[36000] -> 0[9000] [receive] via NET/Socket/0 comm 0x55664c6ad890 nRanks 16
vcjob-2107896150879928322-abc12335-42846-worker-0:128:239 [1] NCCL INFO Channel 14/0 : 1[36000] -> 8[9000] [send] via NET/Socket/0 comm 0x56428e424770 nRanks 16
vcjob-2107896150879928322-abc12335-42846-worker-0:128:239 [1] NCCL INFO Channel 15/0 : 1[36000] -> 8[9000] [send] via NET/Socket/0 comm 0x56428e424770 nRanks 16
vcjob-2107896150879928322-abc12335-42846-worker-0:127:232 [0] NCCL INFO Channel 26/0 : 9[36000] -> 0[9000] [receive] via NET/Socket/0 comm 0x55664c6ad890 nRanks 16
vcjob-2107896150879928322-abc12335-42846-worker-0:128:239 [1] NCCL INFO Channel 16/0 : 1[36000] -> 8[9000] [send] via NET/Socket/0 comm 0x56428e424770 nRanks 16
vcjob-2107896150879928322-abc12335-42846-worker-0:127:232 [0] NCCL INFO Channel 27/0 : 9[36000] -> 0[9000] [receive] via NET/Socket/0 comm 0x55664c6ad890 nRanks 16
vcjob-2107896150879928322-abc12335-42846-worker-0:128:239 [1] NCCL INFO Channel 17/0 : 1[36000] -> 8[9000] [send] via NET/Socket/0 comm 0x56428e424770 nRanks 16
vcjob-2107896150879928322-abc12335-42846-worker-0:127:232 [0] NCCL INFO Channel 28/0 : 9[36000] -> 0[9000] [receive] via NET/Socket/0 comm 0x55664c6ad890 nRanks 16
vcjob-2107896150879928322-abc12335-42846-worker-0:128:239 [1] NCCL INFO Channel 18/0 : 1[36000] -> 8[9000] [send] via NET/Socket/0 comm 0x56428e424770 nRanks 16
vcjob-2107896150879928322-abc12335-42846-worker-0:128:239 [1] NCCL INFO Channel 19/0 : 1[36000] -> 8[9000] [send] via NET/Socket/0 comm 0x56428e424770 nRanks 16
vcjob-2107896150879928322-abc12335-42846-worker-0:127:232 [0] NCCL INFO Channel 29/0 : 9[36000] -> 0[9000] [receive] via NET/Socket/0 comm 0x55664c6ad890 nRanks 16
vcjob-2107896150879928322-abc12335-42846-worker-0:128:239 [1] NCCL INFO Channel 20/0 : 1[36000] -> 8[9000] [send] via NET/Socket/0 comm 0x56428e424770 nRanks 16
vcjob-2107896150879928322-abc12335-42846-worker-0:127:232 [0] NCCL INFO Channel 30/0 : 9[36000] -> 0[9000] [receive] via NET/Socket/0 comm 0x55664c6ad890 nRanks 16
vcjob-2107896150879928322-abc12335-42846-worker-0:128:239 [1] NCCL INFO Channel 21/0 : 1[36000] -> 8[9000] [send] via NET/Socket/0 comm 0x56428e424770 nRanks 16
vcjob-2107896150879928322-abc12335-42846-worker-0:127:232 [0] NCCL INFO Channel 31/0 : 9[36000] -> 0[9000] [receive] via NET/Socket/0 comm 0x55664c6ad890 nRanks 16
vcjob-2107896150879928322-abc12335-42846-worker-0:127:232 [0] NCCL INFO Channel 00/0 : 0[9000] -> 7[f5000] via P2P/IPC comm 0x55664c6ad890 nRanks 16
vcjob-2107896150879928322-abc12335-42846-worker-0:128:239 [1] NCCL INFO Channel 22/0 : 1[36000] -> 8[9000] [send] via NET/Socket/0 comm 0x56428e424770 nRanks 16
vcjob-2107896150879928322-abc12335-42846-worker-0:128:239 [1] NCCL INFO Channel 23/0 : 1[36000] -> 8[9000] [send] via NET/Socket/0 comm 0x56428e424770 nRanks 16
vcjob-2107896150879928322-abc12335-42846-worker-0:128:239 [1] NCCL INFO Channel 24/0 : 1[36000] -> 8[9000] [send] via NET/Socket/0 comm 0x56428e424770 nRanks 16
vcjob-2107896150879928322-abc12335-42846-worker-0:128:239 [1] NCCL INFO Channel 25/0 : 1[36000] -> 8[9000] [send] via NET/Socket/0 comm 0x56428e424770 nRanks 16
vcjob-2107896150879928322-abc12335-42846-worker-0:128:239 [1] NCCL INFO Channel 26/0 : 1[36000] -> 8[9000] [send] via NET/Socket/0 comm 0x56428e424770 nRanks 16
vcjob-2107896150879928322-abc12335-42846-worker-0:128:239 [1] NCCL INFO Channel 27/0 : 1[36000] -> 8[9000] [send] via NET/Socket/0 comm 0x56428e424770 nRanks 16
vcjob-2107896150879928322-abc12335-42846-worker-0:128:239 [1] NCCL INFO Channel 28/0 : 1[36000] -> 8[9000] [send] via NET/Socket/0 comm 0x56428e424770 nRanks 16
vcjob-2107896150879928322-abc12335-42846-worker-0:128:239 [1] NCCL INFO Channel 29/0 : 1[36000] -> 8[9000] [send] via NET/Socket/0 comm 0x56428e424770 nRanks 16
vcjob-2107896150879928322-abc12335-42846-worker-0:128:239 [1] NCCL INFO Channel 30/0 : 1[36000] -> 8[9000] [send] via NET/Socket/0 comm 0x56428e424770 nRanks 16
vcjob-2107896150879928322-abc12335-42846-worker-0:128:239 [1] NCCL INFO Channel 31/0 : 1[36000] -> 8[9000] [send] via NET/Socket/0 comm 0x56428e424770 nRanks 16
vcjob-2107896150879928322-abc12335-42846-worker-0:127:232 [0] NCCL INFO Channel 01/0 : 0[9000] -> 7[f5000] via P2P/IPC comm 0x55664c6ad890 nRanks 16
vcjob-2107896150879928322-abc12335-42846-worker-0:127:232 [0] NCCL INFO Channel 02/0 : 0[9000] -> 7[f5000] via P2P/IPC comm 0x55664c6ad890 nRanks 16
vcjob-2107896150879928322-abc12335-42846-worker-0:127:232 [0] NCCL INFO Channel 03/0 : 0[9000] -> 7[f5000] via P2P/IPC comm 0x55664c6ad890 nRanks 16
vcjob-2107896150879928322-abc12335-42846-worker-0:127:232 [0] NCCL INFO Channel 04/0 : 0[9000] -> 7[f5000] via P2P/IPC comm 0x55664c6ad890 nRanks 16
vcjob-2107896150879928322-abc12335-42846-worker-0:127:232 [0] NCCL INFO Channel 05/0 : 0[9000] -> 7[f5000] via P2P/IPC comm 0x55664c6ad890 nRanks 16
vcjob-2107896150879928322-abc12335-42846-worker-0:127:232 [0] NCCL INFO Channel 06/0 : 0[9000] -> 7[f5000] via P2P/IPC comm 0x55664c6ad890 nRanks 16
vcjob-2107896150879928322-abc12335-42846-worker-0:127:232 [0] NCCL INFO Channel 07/0 : 0[9000] -> 7[f5000] via P2P/IPC comm 0x55664c6ad890 nRanks 16
vcjob-2107896150879928322-abc12335-42846-worker-0:127:232 [0] NCCL INFO Channel 08/0 : 0[9000] -> 7[f5000] via P2P/IPC comm 0x55664c6ad890 nRanks 16
vcjob-2107896150879928322-abc12335-42846-worker-0:127:232 [0] NCCL INFO Channel 09/0 : 0[9000] -> 7[f5000] via P2P/IPC comm 0x55664c6ad890 nRanks 16
vcjob-2107896150879928322-abc12335-42846-worker-0:127:232 [0] NCCL INFO Channel 10/0 : 0[9000] -> 7[f5000] via P2P/IPC comm 0x55664c6ad890 nRanks 16
vcjob-2107896150879928322-abc12335-42846-worker-0:127:232 [0] NCCL INFO Channel 11/0 : 0[9000] -> 7[f5000] via P2P/IPC comm 0x55664c6ad890 nRanks 16
vcjob-2107896150879928322-abc12335-42846-worker-0:127:232 [0] NCCL INFO Channel 12/0 : 0[9000] -> 7[f5000] via P2P/IPC comm 0x55664c6ad890 nRanks 16
vcjob-2107896150879928322-abc12335-42846-worker-0:127:232 [0] NCCL INFO Channel 13/0 : 0[9000] -> 7[f5000] via P2P/IPC comm 0x55664c6ad890 nRanks 16
vcjob-2107896150879928322-abc12335-42846-worker-0:127:232 [0] NCCL INFO Channel 14/0 : 0[9000] -> 7[f5000] via P2P/IPC comm 0x55664c6ad890 nRanks 16
vcjob-2107896150879928322-abc12335-42846-worker-0:127:232 [0] NCCL INFO Channel 15/0 : 0[9000] -> 7[f5000] via P2P/IPC comm 0x55664c6ad890 nRanks 16
vcjob-2107896150879928322-abc12335-42846-worker-0:127:232 [0] NCCL INFO Channel 16/0 : 0[9000] -> 7[f5000] via P2P/IPC comm 0x55664c6ad890 nRanks 16
vcjob-2107896150879928322-abc12335-42846-worker-0:127:232 [0] NCCL INFO Channel 17/0 : 0[9000] -> 7[f5000] via P2P/IPC comm 0x55664c6ad890 nRanks 16
vcjob-2107896150879928322-abc12335-42846-worker-0:127:232 [0] NCCL INFO Channel 18/0 : 0[9000] -> 7[f5000] via P2P/IPC comm 0x55664c6ad890 nRanks 16
vcjob-2107896150879928322-abc12335-42846-worker-0:127:232 [0] NCCL INFO Channel 19/0 : 0[9000] -> 7[f5000] via P2P/IPC comm 0x55664c6ad890 nRanks 16
vcjob-2107896150879928322-abc12335-42846-worker-0:127:232 [0] NCCL INFO Channel 20/0 : 0[9000] -> 7[f5000] via P2P/IPC comm 0x55664c6ad890 nRanks 16
vcjob-2107896150879928322-abc12335-42846-worker-0:127:232 [0] NCCL INFO Channel 21/0 : 0[9000] -> 7[f5000] via P2P/IPC comm 0x55664c6ad890 nRanks 16
vcjob-2107896150879928322-abc12335-42846-worker-0:129:236 [2] NCCL INFO Channel 00/0 : 2[55000] -> 1[36000] via P2P/IPC comm 0x55cb037ed990 nRanks 16
vcjob-2107896150879928322-abc12335-42846-worker-0:127:232 [0] NCCL INFO Channel 22/0 : 0[9000] -> 7[f5000] via P2P/IPC comm 0x55664c6ad890 nRanks 16
vcjob-2107896150879928322-abc12335-42846-worker-0:129:236 [2] NCCL INFO Channel 01/0 : 2[55000] -> 1[36000] via P2P/IPC comm 0x55cb037ed990 nRanks 16
vcjob-2107896150879928322-abc12335-42846-worker-0:132:233 [5] NCCL INFO Channel 00/0 : 5[b5000] -> 4[85000] via P2P/IPC comm 0x5585ac33aa10 nRanks 16
vcjob-2107896150879928322-abc12335-42846-worker-0:127:232 [0] NCCL INFO Channel 23/0 : 0[9000] -> 7[f5000] via P2P/IPC comm 0x55664c6ad890 nRanks 16
vcjob-2107896150879928322-abc12335-42846-worker-0:129:236 [2] NCCL INFO Channel 02/0 : 2[55000] -> 1[36000] via P2P/IPC comm 0x55cb037ed990 nRanks 16
vcjob-2107896150879928322-abc12335-42846-worker-0:130:234 [3] NCCL INFO Channel 00/0 : 3[77000] -> 2[55000] via P2P/IPC comm 0x558484cac890 nRanks 16
vcjob-2107896150879928322-abc12335-42846-worker-0:127:232 [0] NCCL INFO Channel 24/0 : 0[9000] -> 7[f5000] via P2P/IPC comm 0x55664c6ad890 nRanks 16
vcjob-2107896150879928322-abc12335-42846-worker-0:132:233 [5] NCCL INFO Channel 01/0 : 5[b5000] -> 4[85000] via P2P/IPC comm 0x5585ac33aa10 nRanks 16
vcjob-2107896150879928322-abc12335-42846-worker-0:129:236 [2] NCCL INFO Channel 03/0 : 2[55000] -> 1[36000] via P2P/IPC comm 0x55cb037ed990 nRanks 16
vcjob-2107896150879928322-abc12335-42846-worker-0:130:234 [3] NCCL INFO Channel 01/0 : 3[77000] -> 2[55000] via P2P/IPC comm 0x558484cac890 nRanks 16
vcjob-2107896150879928322-abc12335-42846-worker-0:131:237 [4] NCCL INFO Channel 00/0 : 4[85000] -> 3[77000] via P2P/IPC comm 0x55693aa697d0 nRanks 16
vcjob-2107896150879928322-abc12335-42846-worker-0:127:232 [0] NCCL INFO Channel 25/0 : 0[9000] -> 7[f5000] via P2P/IPC comm 0x55664c6ad890 nRanks 16
vcjob-2107896150879928322-abc12335-42846-worker-0:132:233 [5] NCCL INFO Channel 02/0 : 5[b5000] -> 4[85000] via P2P/IPC comm 0x5585ac33aa10 nRanks 16
vcjob-2107896150879928322-abc12335-42846-worker-0:129:236 [2] NCCL INFO Channel 04/0 : 2[55000] -> 1[36000] via P2P/IPC comm 0x55cb037ed990 nRanks 16
vcjob-2107896150879928322-abc12335-42846-worker-0:130:234 [3] NCCL INFO Channel 02/0 : 3[77000] -> 2[55000] via P2P/IPC comm 0x558484cac890 nRanks 16
vcjob-2107896150879928322-abc12335-42846-worker-0:131:237 [4] NCCL INFO Channel 01/0 : 4[85000] -> 3[77000] via P2P/IPC comm 0x55693aa697d0 nRanks 16
vcjob-2107896150879928322-abc12335-42846-worker-0:127:232 [0] NCCL INFO Channel 26/0 : 0[9000] -> 7[f5000] via P2P/IPC comm 0x55664c6ad890 nRanks 16
vcjob-2107896150879928322-abc12335-42846-worker-0:132:233 [5] NCCL INFO Channel 03/0 : 5[b5000] -> 4[85000] via P2P/IPC comm 0x5585ac33aa10 nRanks 16
vcjob-2107896150879928322-abc12335-42846-worker-0:129:236 [2] NCCL INFO Channel 05/0 : 2[55000] -> 1[36000] via P2P/IPC comm 0x55cb037ed990 nRanks 16
vcjob-2107896150879928322-abc12335-42846-worker-0:130:234 [3] NCCL INFO Channel 03/0 : 3[77000] -> 2[55000] via P2P/IPC comm 0x558484cac890 nRanks 16
vcjob-2107896150879928322-abc12335-42846-worker-0:127:232 [0] NCCL INFO Channel 27/0 : 0[9000] -> 7[f5000] via P2P/IPC comm 0x55664c6ad890 nRanks 16
vcjob-2107896150879928322-abc12335-42846-worker-0:132:233 [5] NCCL INFO Channel 04/0 : 5[b5000] -> 4[85000] via P2P/IPC comm 0x5585ac33aa10 nRanks 16
vcjob-2107896150879928322-abc12335-42846-worker-0:131:237 [4] NCCL INFO Channel 02/0 : 4[85000] -> 3[77000] via P2P/IPC comm 0x55693aa697d0 nRanks 16
vcjob-2107896150879928322-abc12335-42846-worker-0:129:236 [2] NCCL INFO Channel 06/0 : 2[55000] -> 1[36000] via P2P/IPC comm 0x55cb037ed990 nRanks 16
vcjob-2107896150879928322-abc12335-42846-worker-0:130:234 [3] NCCL INFO Channel 04/0 : 3[77000] -> 2[55000] via P2P/IPC comm 0x558484cac890 nRanks 16
vcjob-2107896150879928322-abc12335-42846-worker-0:127:232 [0] NCCL INFO Channel 28/0 : 0[9000] -> 7[f5000] via P2P/IPC comm 0x55664c6ad890 nRanks 16
vcjob-2107896150879928322-abc12335-42846-worker-0:132:233 [5] NCCL INFO Channel 05/0 : 5[b5000] -> 4[85000] via P2P/IPC comm 0x5585ac33aa10 nRanks 16
vcjob-2107896150879928322-abc12335-42846-worker-0:131:237 [4] NCCL INFO Channel 03/0 : 4[85000] -> 3[77000] via P2P/IPC comm 0x55693aa697d0 nRanks 16
vcjob-2107896150879928322-abc12335-42846-worker-0:129:236 [2] NCCL INFO Channel 07/0 : 2[55000] -> 1[36000] via P2P/IPC comm 0x55cb037ed990 nRanks 16
vcjob-2107896150879928322-abc12335-42846-worker-0:130:234 [3] NCCL INFO Channel 05/0 : 3[77000] -> 2[55000] via P2P/IPC comm 0x558484cac890 nRanks 16
vcjob-2107896150879928322-abc12335-42846-worker-0:127:232 [0] NCCL INFO Channel 29/0 : 0[9000] -> 7[f5000] via P2P/IPC comm 0x55664c6ad890 nRanks 16
vcjob-2107896150879928322-abc12335-42846-worker-0:132:233 [5] NCCL INFO Channel 06/0 : 5[b5000] -> 4[85000] via P2P/IPC comm 0x5585ac33aa10 nRanks 16
vcjob-2107896150879928322-abc12335-42846-worker-0:133:235 [6] NCCL INFO Channel 00/0 : 6[d5000] -> 5[b5000] via P2P/IPC comm 0x55df27ca67a0 nRanks 16
vcjob-2107896150879928322-abc12335-42846-worker-0:129:236 [2] NCCL INFO Channel 08/0 : 2[55000] -> 1[36000] via P2P/IPC comm 0x55cb037ed990 nRanks 16
vcjob-2107896150879928322-abc12335-42846-worker-0:130:234 [3] NCCL INFO Channel 06/0 : 3[77000] -> 2[55000] via P2P/IPC comm 0x558484cac890 nRanks 16
vcjob-2107896150879928322-abc12335-42846-worker-0:131:237 [4] NCCL INFO Channel 04/0 : 4[85000] -> 3[77000] via P2P/IPC comm 0x55693aa697d0 nRanks 16
vcjob-2107896150879928322-abc12335-42846-worker-0:127:232 [0] NCCL INFO Channel 30/0 : 0[9000] -> 7[f5000] via P2P/IPC comm 0x55664c6ad890 nRanks 16
vcjob-2107896150879928322-abc12335-42846-worker-0:132:233 [5] NCCL INFO Channel 07/0 : 5[b5000] -> 4[85000] via P2P/IPC comm 0x5585ac33aa10 nRanks 16
vcjob-2107896150879928322-abc12335-42846-worker-0:133:235 [6] NCCL INFO Channel 01/0 : 6[d5000] -> 5[b5000] via P2P/IPC comm 0x55df27ca67a0 nRanks 16
vcjob-2107896150879928322-abc12335-42846-worker-0:130:234 [3] NCCL INFO Channel 07/0 : 3[77000] -> 2[55000] via P2P/IPC comm 0x558484cac890 nRanks 16
vcjob-2107896150879928322-abc12335-42846-worker-0:129:236 [2] NCCL INFO Channel 09/0 : 2[55000] -> 1[36000] via P2P/IPC comm 0x55cb037ed990 nRanks 16
vcjob-2107896150879928322-abc12335-42846-worker-0:131:237 [4] NCCL INFO Channel 05/0 : 4[85000] -> 3[77000] via P2P/IPC comm 0x55693aa697d0 nRanks 16
vcjob-2107896150879928322-abc12335-42846-worker-0:127:232 [0] NCCL INFO Channel 31/0 : 0[9000] -> 7[f5000] via P2P/IPC comm 0x55664c6ad890 nRanks 16
vcjob-2107896150879928322-abc12335-42846-worker-0:132:233 [5] NCCL INFO Channel 08/0 : 5[b5000] -> 4[85000] via P2P/IPC comm 0x5585ac33aa10 nRanks 16
vcjob-2107896150879928322-abc12335-42846-worker-0:130:234 [3] NCCL INFO Channel 08/0 : 3[77000] -> 2[55000] via P2P/IPC comm 0x558484cac890 nRanks 16
vcjob-2107896150879928322-abc12335-42846-worker-0:129:236 [2] NCCL INFO Channel 10/0 : 2[55000] -> 1[36000] via P2P/IPC comm 0x55cb037ed990 nRanks 16
vcjob-2107896150879928322-abc12335-42846-worker-0:133:235 [6] NCCL INFO Channel 02/0 : 6[d5000] -> 5[b5000] via P2P/IPC comm 0x55df27ca67a0 nRanks 16
vcjob-2107896150879928322-abc12335-42846-worker-0:131:237 [4] NCCL INFO Channel 06/0 : 4[85000] -> 3[77000] via P2P/IPC comm 0x55693aa697d0 nRanks 16
vcjob-2107896150879928322-abc12335-42846-worker-0:132:233 [5] NCCL INFO Channel 09/0 : 5[b5000] -> 4[85000] via P2P/IPC comm 0x5585ac33aa10 nRanks 16
vcjob-2107896150879928322-abc12335-42846-worker-0:129:236 [2] NCCL INFO Channel 11/0 : 2[55000] -> 1[36000] via P2P/IPC comm 0x55cb037ed990 nRanks 16
vcjob-2107896150879928322-abc12335-42846-worker-0:130:234 [3] NCCL INFO Channel 09/0 : 3[77000] -> 2[55000] via P2P/IPC comm 0x558484cac890 nRanks 16
vcjob-2107896150879928322-abc12335-42846-worker-0:133:235 [6] NCCL INFO Channel 03/0 : 6[d5000] -> 5[b5000] via P2P/IPC comm 0x55df27ca67a0 nRanks 16
vcjob-2107896150879928322-abc12335-42846-worker-0:131:237 [4] NCCL INFO Channel 07/0 : 4[85000] -> 3[77000] via P2P/IPC comm 0x55693aa697d0 nRanks 16
vcjob-2107896150879928322-abc12335-42846-worker-0:134:238 [7] NCCL INFO Channel 00/0 : 7[f5000] -> 6[d5000] via P2P/IPC comm 0x558c74529610 nRanks 16
vcjob-2107896150879928322-abc12335-42846-worker-0:132:233 [5] NCCL INFO Channel 10/0 : 5[b5000] -> 4[85000] via P2P/IPC comm 0x5585ac33aa10 nRanks 16
vcjob-2107896150879928322-abc12335-42846-worker-0:129:236 [2] NCCL INFO Channel 12/0 : 2[55000] -> 1[36000] via P2P/IPC comm 0x55cb037ed990 nRanks 16
vcjob-2107896150879928322-abc12335-42846-worker-0:130:234 [3] NCCL INFO Channel 10/0 : 3[77000] -> 2[55000] via P2P/IPC comm 0x558484cac890 nRanks 16
vcjob-2107896150879928322-abc12335-42846-worker-0:133:235 [6] NCCL INFO Channel 04/0 : 6[d5000] -> 5[b5000] via P2P/IPC comm 0x55df27ca67a0 nRanks 16
vcjob-2107896150879928322-abc12335-42846-worker-0:131:237 [4] NCCL INFO Channel 08/0 : 4[85000] -> 3[77000] via P2P/IPC comm 0x55693aa697d0 nRanks 16
vcjob-2107896150879928322-abc12335-42846-worker-0:132:233 [5] NCCL INFO Channel 11/0 : 5[b5000] -> 4[85000] via P2P/IPC comm 0x5585ac33aa10 nRanks 16
vcjob-2107896150879928322-abc12335-42846-worker-0:134:238 [7] NCCL INFO Channel 01/0 : 7[f5000] -> 6[d5000] via P2P/IPC comm 0x558c74529610 nRanks 16
vcjob-2107896150879928322-abc12335-42846-worker-0:129:236 [2] NCCL INFO Channel 13/0 : 2[55000] -> 1[36000] via P2P/IPC comm 0x55cb037ed990 nRanks 16
vcjob-2107896150879928322-abc12335-42846-worker-0:130:234 [3] NCCL INFO Channel 11/0 : 3[77000] -> 2[55000] via P2P/IPC comm 0x558484cac890 nRanks 16
vcjob-2107896150879928322-abc12335-42846-worker-0:133:235 [6] NCCL INFO Channel 05/0 : 6[d5000] -> 5[b5000] via P2P/IPC comm 0x55df27ca67a0 nRanks 16
vcjob-2107896150879928322-abc12335-42846-worker-0:131:237 [4] NCCL INFO Channel 09/0 : 4[85000] -> 3[77000] via P2P/IPC comm 0x55693aa697d0 nRanks 16
vcjob-2107896150879928322-abc12335-42846-worker-0:132:233 [5] NCCL INFO Channel 12/0 : 5[b5000] -> 4[85000] via P2P/IPC comm 0x5585ac33aa10 nRanks 16
vcjob-2107896150879928322-abc12335-42846-worker-0:134:238 [7] NCCL INFO Channel 02/0 : 7[f5000] -> 6[d5000] via P2P/IPC comm 0x558c74529610 nRanks 16
vcjob-2107896150879928322-abc12335-42846-worker-0:130:234 [3] NCCL INFO Channel 12/0 : 3[77000] -> 2[55000] via P2P/IPC comm 0x558484cac890 nRanks 16
vcjob-2107896150879928322-abc12335-42846-worker-0:133:235 [6] NCCL INFO Channel 06/0 : 6[d5000] -> 5[b5000] via P2P/IPC comm 0x55df27ca67a0 nRanks 16
vcjob-2107896150879928322-abc12335-42846-worker-0:129:236 [2] NCCL INFO Channel 14/0 : 2[55000] -> 1[36000] via P2P/IPC comm 0x55cb037ed990 nRanks 16
vcjob-2107896150879928322-abc12335-42846-worker-0:131:237 [4] NCCL INFO Channel 10/0 : 4[85000] -> 3[77000] via P2P/IPC comm 0x55693aa697d0 nRanks 16
vcjob-2107896150879928322-abc12335-42846-worker-0:132:233 [5] NCCL INFO Channel 13/0 : 5[b5000] -> 4[85000] via P2P/IPC comm 0x5585ac33aa10 nRanks 16
vcjob-2107896150879928322-abc12335-42846-worker-0:134:238 [7] NCCL INFO Channel 03/0 : 7[f5000] -> 6[d5000] via P2P/IPC comm 0x558c74529610 nRanks 16
vcjob-2107896150879928322-abc12335-42846-worker-0:130:234 [3] NCCL INFO Channel 13/0 : 3[77000] -> 2[55000] via P2P/IPC comm 0x558484cac890 nRanks 16
vcjob-2107896150879928322-abc12335-42846-worker-0:133:235 [6] NCCL INFO Channel 07/0 : 6[d5000] -> 5[b5000] via P2P/IPC comm 0x55df27ca67a0 nRanks 16
vcjob-2107896150879928322-abc12335-42846-worker-0:129:236 [2] NCCL INFO Channel 15/0 : 2[55000] -> 1[36000] via P2P/IPC comm 0x55cb037ed990 nRanks 16
vcjob-2107896150879928322-abc12335-42846-worker-0:131:237 [4] NCCL INFO Channel 11/0 : 4[85000] -> 3[77000] via P2P/IPC comm 0x55693aa697d0 nRanks 16
vcjob-2107896150879928322-abc12335-42846-worker-0:132:233 [5] NCCL INFO Channel 14/0 : 5[b5000] -> 4[85000] via P2P/IPC comm 0x5585ac33aa10 nRanks 16
vcjob-2107896150879928322-abc12335-42846-worker-0:134:238 [7] NCCL INFO Channel 04/0 : 7[f5000] -> 6[d5000] via P2P/IPC comm 0x558c74529610 nRanks 16
vcjob-2107896150879928322-abc12335-42846-worker-0:130:234 [3] NCCL INFO Channel 14/0 : 3[77000] -> 2[55000] via P2P/IPC comm 0x558484cac890 nRanks 16
vcjob-2107896150879928322-abc12335-42846-worker-0:133:235 [6] NCCL INFO Channel 08/0 : 6[d5000] -> 5[b5000] via P2P/IPC comm 0x55df27ca67a0 nRanks 16
vcjob-2107896150879928322-abc12335-42846-worker-0:129:236 [2] NCCL INFO Channel 16/0 : 2[55000] -> 1[36000] via P2P/IPC comm 0x55cb037ed990 nRanks 16
vcjob-2107896150879928322-abc12335-42846-worker-0:132:233 [5] NCCL INFO Channel 15/0 : 5[b5000] -> 4[85000] via P2P/IPC comm 0x5585ac33aa10 nRanks 16
vcjob-2107896150879928322-abc12335-42846-worker-0:131:237 [4] NCCL INFO Channel 12/0 : 4[85000] -> 3[77000] via P2P/IPC comm 0x55693aa697d0 nRanks 16
vcjob-2107896150879928322-abc12335-42846-worker-0:134:238 [7] NCCL INFO Channel 05/0 : 7[f5000] -> 6[d5000] via P2P/IPC comm 0x558c74529610 nRanks 16
vcjob-2107896150879928322-abc12335-42846-worker-0:130:234 [3] NCCL INFO Channel 15/0 : 3[77000] -> 2[55000] via P2P/IPC comm 0x558484cac890 nRanks 16
vcjob-2107896150879928322-abc12335-42846-worker-0:133:235 [6] NCCL INFO Channel 09/0 : 6[d5000] -> 5[b5000] via P2P/IPC comm 0x55df27ca67a0 nRanks 16
vcjob-2107896150879928322-abc12335-42846-worker-0:129:236 [2] NCCL INFO Channel 17/0 : 2[55000] -> 1[36000] via P2P/IPC comm 0x55cb037ed990 nRanks 16
vcjob-2107896150879928322-abc12335-42846-worker-0:132:233 [5] NCCL INFO Channel 16/0 : 5[b5000] -> 4[85000] via P2P/IPC comm 0x5585ac33aa10 nRanks 16
vcjob-2107896150879928322-abc12335-42846-worker-0:131:237 [4] NCCL INFO Channel 13/0 : 4[85000] -> 3[77000] via P2P/IPC comm 0x55693aa697d0 nRanks 16
vcjob-2107896150879928322-abc12335-42846-worker-0:134:238 [7] NCCL INFO Channel 06/0 : 7[f5000] -> 6[d5000] via P2P/IPC comm 0x558c74529610 nRanks 16
vcjob-2107896150879928322-abc12335-42846-worker-0:130:234 [3] NCCL INFO Channel 16/0 : 3[77000] -> 2[55000] via P2P/IPC comm 0x558484cac890 nRanks 16
vcjob-2107896150879928322-abc12335-42846-worker-0:133:235 [6] NCCL INFO Channel 10/0 : 6[d5000] -> 5[b5000] via P2P/IPC comm 0x55df27ca67a0 nRanks 16
vcjob-2107896150879928322-abc12335-42846-worker-0:129:236 [2] NCCL INFO Channel 18/0 : 2[55000] -> 1[36000] via P2P/IPC comm 0x55cb037ed990 nRanks 16
vcjob-2107896150879928322-abc12335-42846-worker-0:132:233 [5] NCCL INFO Channel 17/0 : 5[b5000] -> 4[85000] via P2P/IPC comm 0x5585ac33aa10 nRanks 16
vcjob-2107896150879928322-abc12335-42846-worker-0:134:238 [7] NCCL INFO Channel 07/0 : 7[f5000] -> 6[d5000] via P2P/IPC comm 0x558c74529610 nRanks 16
vcjob-2107896150879928322-abc12335-42846-worker-0:131:237 [4] NCCL INFO Channel 14/0 : 4[85000] -> 3[77000] via P2P/IPC comm 0x55693aa697d0 nRanks 16
vcjob-2107896150879928322-abc12335-42846-worker-0:130:234 [3] NCCL INFO Channel 17/0 : 3[77000] -> 2[55000] via P2P/IPC comm 0x558484cac890 nRanks 16
vcjob-2107896150879928322-abc12335-42846-worker-0:133:235 [6] NCCL INFO Channel 11/0 : 6[d5000] -> 5[b5000] via P2P/IPC comm 0x55df27ca67a0 nRanks 16
vcjob-2107896150879928322-abc12335-42846-worker-0:129:236 [2] NCCL INFO Channel 19/0 : 2[55000] -> 1[36000] via P2P/IPC comm 0x55cb037ed990 nRanks 16
vcjob-2107896150879928322-abc12335-42846-worker-0:132:233 [5] NCCL INFO Channel 18/0 : 5[b5000] -> 4[85000] via P2P/IPC comm 0x5585ac33aa10 nRanks 16
vcjob-2107896150879928322-abc12335-42846-worker-0:134:238 [7] NCCL INFO Channel 08/0 : 7[f5000] -> 6[d5000] via P2P/IPC comm 0x558c74529610 nRanks 16
vcjob-2107896150879928322-abc12335-42846-worker-0:131:237 [4] NCCL INFO Channel 15/0 : 4[85000] -> 3[77000] via P2P/IPC comm 0x55693aa697d0 nRanks 16
vcjob-2107896150879928322-abc12335-42846-worker-0:130:234 [3] NCCL INFO Channel 18/0 : 3[77000] -> 2[55000] via P2P/IPC comm 0x558484cac890 nRanks 16
vcjob-2107896150879928322-abc12335-42846-worker-0:133:235 [6] NCCL INFO Channel 12/0 : 6[d5000] -> 5[b5000] via P2P/IPC comm 0x55df27ca67a0 nRanks 16
vcjob-2107896150879928322-abc12335-42846-worker-0:129:236 [2] NCCL INFO Channel 20/0 : 2[55000] -> 1[36000] via P2P/IPC comm 0x55cb037ed990 nRanks 16
vcjob-2107896150879928322-abc12335-42846-worker-0:132:233 [5] NCCL INFO Channel 19/0 : 5[b5000] -> 4[85000] via P2P/IPC comm 0x5585ac33aa10 nRanks 16
vcjob-2107896150879928322-abc12335-42846-worker-0:134:238 [7] NCCL INFO Channel 09/0 : 7[f5000] -> 6[d5000] via P2P/IPC comm 0x558c74529610 nRanks 16
vcjob-2107896150879928322-abc12335-42846-worker-0:130:234 [3] NCCL INFO Channel 19/0 : 3[77000] -> 2[55000] via P2P/IPC comm 0x558484cac890 nRanks 16
vcjob-2107896150879928322-abc12335-42846-worker-0:131:237 [4] NCCL INFO Channel 16/0 : 4[85000] -> 3[77000] via P2P/IPC comm 0x55693aa697d0 nRanks 16
vcjob-2107896150879928322-abc12335-42846-worker-0:133:235 [6] NCCL INFO Channel 13/0 : 6[d5000] -> 5[b5000] via P2P/IPC comm 0x55df27ca67a0 nRanks 16
vcjob-2107896150879928322-abc12335-42846-worker-0:129:236 [2] NCCL INFO Channel 21/0 : 2[55000] -> 1[36000] via P2P/IPC comm 0x55cb037ed990 nRanks 16
vcjob-2107896150879928322-abc12335-42846-worker-0:132:233 [5] NCCL INFO Channel 20/0 : 5[b5000] -> 4[85000] via P2P/IPC comm 0x5585ac33aa10 nRanks 16
vcjob-2107896150879928322-abc12335-42846-worker-0:134:238 [7] NCCL INFO Channel 10/0 : 7[f5000] -> 6[d5000] via P2P/IPC comm 0x558c74529610 nRanks 16
vcjob-2107896150879928322-abc12335-42846-worker-0:130:234 [3] NCCL INFO Channel 20/0 : 3[77000] -> 2[55000] via P2P/IPC comm 0x558484cac890 nRanks 16
vcjob-2107896150879928322-abc12335-42846-worker-0:131:237 [4] NCCL INFO Channel 17/0 : 4[85000] -> 3[77000] via P2P/IPC comm 0x55693aa697d0 nRanks 16
vcjob-2107896150879928322-abc12335-42846-worker-0:133:235 [6] NCCL INFO Channel 14/0 : 6[d5000] -> 5[b5000] via P2P/IPC comm 0x55df27ca67a0 nRanks 16
vcjob-2107896150879928322-abc12335-42846-worker-0:129:236 [2] NCCL INFO Channel 22/0 : 2[55000] -> 1[36000] via P2P/IPC comm 0x55cb037ed990 nRanks 16
vcjob-2107896150879928322-abc12335-42846-worker-0:132:233 [5] NCCL INFO Channel 21/0 : 5[b5000] -> 4[85000] via P2P/IPC comm 0x5585ac33aa10 nRanks 16
vcjob-2107896150879928322-abc12335-42846-worker-0:134:238 [7] NCCL INFO Channel 11/0 : 7[f5000] -> 6[d5000] via P2P/IPC comm 0x558c74529610 nRanks 16
vcjob-2107896150879928322-abc12335-42846-worker-0:130:234 [3] NCCL INFO Channel 21/0 : 3[77000] -> 2[55000] via P2P/IPC comm 0x558484cac890 nRanks 16
vcjob-2107896150879928322-abc12335-42846-worker-0:133:235 [6] NCCL INFO Channel 15/0 : 6[d5000] -> 5[b5000] via P2P/IPC comm 0x55df27ca67a0 nRanks 16
vcjob-2107896150879928322-abc12335-42846-worker-0:131:237 [4] NCCL INFO Channel 18/0 : 4[85000] -> 3[77000] via P2P/IPC comm 0x55693aa697d0 nRanks 16
vcjob-2107896150879928322-abc12335-42846-worker-0:129:236 [2] NCCL INFO Channel 23/0 : 2[55000] -> 1[36000] via P2P/IPC comm 0x55cb037ed990 nRanks 16
vcjob-2107896150879928322-abc12335-42846-worker-0:132:233 [5] NCCL INFO Channel 22/0 : 5[b5000] -> 4[85000] via P2P/IPC comm 0x5585ac33aa10 nRanks 16
vcjob-2107896150879928322-abc12335-42846-worker-0:134:238 [7] NCCL INFO Channel 12/0 : 7[f5000] -> 6[d5000] via P2P/IPC comm 0x558c74529610 nRanks 16
vcjob-2107896150879928322-abc12335-42846-worker-0:130:234 [3] NCCL INFO Channel 22/0 : 3[77000] -> 2[55000] via P2P/IPC comm 0x558484cac890 nRanks 16
vcjob-2107896150879928322-abc12335-42846-worker-0:133:235 [6] NCCL INFO Channel 16/0 : 6[d5000] -> 5[b5000] via P2P/IPC comm 0x55df27ca67a0 nRanks 16
vcjob-2107896150879928322-abc12335-42846-worker-0:131:237 [4] NCCL INFO Channel 19/0 : 4[85000] -> 3[77000] via P2P/IPC comm 0x55693aa697d0 nRanks 16
vcjob-2107896150879928322-abc12335-42846-worker-0:129:236 [2] NCCL INFO Channel 24/0 : 2[55000] -> 1[36000] via P2P/IPC comm 0x55cb037ed990 nRanks 16
vcjob-2107896150879928322-abc12335-42846-worker-0:132:233 [5] NCCL INFO Channel 23/0 : 5[b5000] -> 4[85000] via P2P/IPC comm 0x5585ac33aa10 nRanks 16
vcjob-2107896150879928322-abc12335-42846-worker-0:134:238 [7] NCCL INFO Channel 13/0 : 7[f5000] -> 6[d5000] via P2P/IPC comm 0x558c74529610 nRanks 16
vcjob-2107896150879928322-abc12335-42846-worker-0:130:234 [3] NCCL INFO Channel 23/0 : 3[77000] -> 2[55000] via P2P/IPC comm 0x558484cac890 nRanks 16
vcjob-2107896150879928322-abc12335-42846-worker-0:133:235 [6] NCCL INFO Channel 17/0 : 6[d5000] -> 5[b5000] via P2P/IPC comm 0x55df27ca67a0 nRanks 16
vcjob-2107896150879928322-abc12335-42846-worker-0:129:236 [2] NCCL INFO Channel 25/0 : 2[55000] -> 1[36000] via P2P/IPC comm 0x55cb037ed990 nRanks 16
vcjob-2107896150879928322-abc12335-42846-worker-0:131:237 [4] NCCL INFO Channel 20/0 : 4[85000] -> 3[77000] via P2P/IPC comm 0x55693aa697d0 nRanks 16
vcjob-2107896150879928322-abc12335-42846-worker-0:132:233 [5] NCCL INFO Channel 24/0 : 5[b5000] -> 4[85000] via P2P/IPC comm 0x5585ac33aa10 nRanks 16
vcjob-2107896150879928322-abc12335-42846-worker-0:134:238 [7] NCCL INFO Channel 14/0 : 7[f5000] -> 6[d5000] via P2P/IPC comm 0x558c74529610 nRanks 16
vcjob-2107896150879928322-abc12335-42846-worker-0:130:234 [3] NCCL INFO Channel 24/0 : 3[77000] -> 2[55000] via P2P/IPC comm 0x558484cac890 nRanks 16
vcjob-2107896150879928322-abc12335-42846-worker-0:133:235 [6] NCCL INFO Channel 18/0 : 6[d5000] -> 5[b5000] via P2P/IPC comm 0x55df27ca67a0 nRanks 16
vcjob-2107896150879928322-abc12335-42846-worker-0:129:236 [2] NCCL INFO Channel 26/0 : 2[55000] -> 1[36000] via P2P/IPC comm 0x55cb037ed990 nRanks 16
vcjob-2107896150879928322-abc12335-42846-worker-0:131:237 [4] NCCL INFO Channel 21/0 : 4[85000] -> 3[77000] via P2P/IPC comm 0x55693aa697d0 nRanks 16
vcjob-2107896150879928322-abc12335-42846-worker-0:132:233 [5] NCCL INFO Channel 25/0 : 5[b5000] -> 4[85000] via P2P/IPC comm 0x5585ac33aa10 nRanks 16
vcjob-2107896150879928322-abc12335-42846-worker-0:134:238 [7] NCCL INFO Channel 15/0 : 7[f5000] -> 6[d5000] via P2P/IPC comm 0x558c74529610 nRanks 16
vcjob-2107896150879928322-abc12335-42846-worker-0:130:234 [3] NCCL INFO Channel 25/0 : 3[77000] -> 2[55000] via P2P/IPC comm 0x558484cac890 nRanks 16
vcjob-2107896150879928322-abc12335-42846-worker-0:133:235 [6] NCCL INFO Channel 19/0 : 6[d5000] -> 5[b5000] via P2P/IPC comm 0x55df27ca67a0 nRanks 16
vcjob-2107896150879928322-abc12335-42846-worker-0:129:236 [2] NCCL INFO Channel 27/0 : 2[55000] -> 1[36000] via P2P/IPC comm 0x55cb037ed990 nRanks 16
vcjob-2107896150879928322-abc12335-42846-worker-0:131:237 [4] NCCL INFO Channel 22/0 : 4[85000] -> 3[77000] via P2P/IPC comm 0x55693aa697d0 nRanks 16
vcjob-2107896150879928322-abc12335-42846-worker-0:132:233 [5] NCCL INFO Channel 26/0 : 5[b5000] -> 4[85000] via P2P/IPC comm 0x5585ac33aa10 nRanks 16
vcjob-2107896150879928322-abc12335-42846-worker-0:134:238 [7] NCCL INFO Channel 16/0 : 7[f5000] -> 6[d5000] via P2P/IPC comm 0x558c74529610 nRanks 16
vcjob-2107896150879928322-abc12335-42846-worker-0:130:234 [3] NCCL INFO Channel 26/0 : 3[77000] -> 2[55000] via P2P/IPC comm 0x558484cac890 nRanks 16
vcjob-2107896150879928322-abc12335-42846-worker-0:133:235 [6] NCCL INFO Channel 20/0 : 6[d5000] -> 5[b5000] via P2P/IPC comm 0x55df27ca67a0 nRanks 16
vcjob-2107896150879928322-abc12335-42846-worker-0:129:236 [2] NCCL INFO Channel 28/0 : 2[55000] -> 1[36000] via P2P/IPC comm 0x55cb037ed990 nRanks 16
vcjob-2107896150879928322-abc12335-42846-worker-0:132:233 [5] NCCL INFO Channel 27/0 : 5[b5000] -> 4[85000] via P2P/IPC comm 0x5585ac33aa10 nRanks 16
vcjob-2107896150879928322-abc12335-42846-worker-0:131:237 [4] NCCL INFO Channel 23/0 : 4[85000] -> 3[77000] via P2P/IPC comm 0x55693aa697d0 nRanks 16
vcjob-2107896150879928322-abc12335-42846-worker-0:134:238 [7] NCCL INFO Channel 17/0 : 7[f5000] -> 6[d5000] via P2P/IPC comm 0x558c74529610 nRanks 16
vcjob-2107896150879928322-abc12335-42846-worker-0:130:234 [3] NCCL INFO Channel 27/0 : 3[77000] -> 2[55000] via P2P/IPC comm 0x558484cac890 nRanks 16
vcjob-2107896150879928322-abc12335-42846-worker-0:133:235 [6] NCCL INFO Channel 21/0 : 6[d5000] -> 5[b5000] via P2P/IPC comm 0x55df27ca67a0 nRanks 16
vcjob-2107896150879928322-abc12335-42846-worker-0:129:236 [2] NCCL INFO Channel 29/0 : 2[55000] -> 1[36000] via P2P/IPC comm 0x55cb037ed990 nRanks 16
vcjob-2107896150879928322-abc12335-42846-worker-0:132:233 [5] NCCL INFO Channel 28/0 : 5[b5000] -> 4[85000] via P2P/IPC comm 0x5585ac33aa10 nRanks 16
vcjob-2107896150879928322-abc12335-42846-worker-0:131:237 [4] NCCL INFO Channel 24/0 : 4[85000] -> 3[77000] via P2P/IPC comm 0x55693aa697d0 nRanks 16
vcjob-2107896150879928322-abc12335-42846-worker-0:134:238 [7] NCCL INFO Channel 18/0 : 7[f5000] -> 6[d5000] via P2P/IPC comm 0x558c74529610 nRanks 16
vcjob-2107896150879928322-abc12335-42846-worker-0:130:234 [3] NCCL INFO Channel 28/0 : 3[77000] -> 2[55000] via P2P/IPC comm 0x558484cac890 nRanks 16
vcjob-2107896150879928322-abc12335-42846-worker-0:133:235 [6] NCCL INFO Channel 22/0 : 6[d5000] -> 5[b5000] via P2P/IPC comm 0x55df27ca67a0 nRanks 16
vcjob-2107896150879928322-abc12335-42846-worker-0:129:236 [2] NCCL INFO Channel 30/0 : 2[55000] -> 1[36000] via P2P/IPC comm 0x55cb037ed990 nRanks 16
vcjob-2107896150879928322-abc12335-42846-worker-0:132:233 [5] NCCL INFO Channel 29/0 : 5[b5000] -> 4[85000] via P2P/IPC comm 0x5585ac33aa10 nRanks 16
vcjob-2107896150879928322-abc12335-42846-worker-0:131:237 [4] NCCL INFO Channel 25/0 : 4[85000] -> 3[77000] via P2P/IPC comm 0x55693aa697d0 nRanks 16
vcjob-2107896150879928322-abc12335-42846-worker-0:134:238 [7] NCCL INFO Channel 19/0 : 7[f5000] -> 6[d5000] via P2P/IPC comm 0x558c74529610 nRanks 16
vcjob-2107896150879928322-abc12335-42846-worker-0:130:234 [3] NCCL INFO Channel 29/0 : 3[77000] -> 2[55000] via P2P/IPC comm 0x558484cac890 nRanks 16
vcjob-2107896150879928322-abc12335-42846-worker-0:133:235 [6] NCCL INFO Channel 23/0 : 6[d5000] -> 5[b5000] via P2P/IPC comm 0x55df27ca67a0 nRanks 16
vcjob-2107896150879928322-abc12335-42846-worker-0:129:236 [2] NCCL INFO Channel 31/0 : 2[55000] -> 1[36000] via P2P/IPC comm 0x55cb037ed990 nRanks 16
vcjob-2107896150879928322-abc12335-42846-worker-0:132:233 [5] NCCL INFO Channel 30/0 : 5[b5000] -> 4[85000] via P2P/IPC comm 0x5585ac33aa10 nRanks 16
vcjob-2107896150879928322-abc12335-42846-worker-0:134:238 [7] NCCL INFO Channel 20/0 : 7[f5000] -> 6[d5000] via P2P/IPC comm 0x558c74529610 nRanks 16
vcjob-2107896150879928322-abc12335-42846-worker-0:131:237 [4] NCCL INFO Channel 26/0 : 4[85000] -> 3[77000] via P2P/IPC comm 0x55693aa697d0 nRanks 16
vcjob-2107896150879928322-abc12335-42846-worker-0:130:234 [3] NCCL INFO Channel 30/0 : 3[77000] -> 2[55000] via P2P/IPC comm 0x558484cac890 nRanks 16
vcjob-2107896150879928322-abc12335-42846-worker-0:133:235 [6] NCCL INFO Channel 24/0 : 6[d5000] -> 5[b5000] via P2P/IPC comm 0x55df27ca67a0 nRanks 16
vcjob-2107896150879928322-abc12335-42846-worker-0:132:233 [5] NCCL INFO Channel 31/0 : 5[b5000] -> 4[85000] via P2P/IPC comm 0x5585ac33aa10 nRanks 16
vcjob-2107896150879928322-abc12335-42846-worker-0:134:238 [7] NCCL INFO Channel 21/0 : 7[f5000] -> 6[d5000] via P2P/IPC comm 0x558c74529610 nRanks 16
vcjob-2107896150879928322-abc12335-42846-worker-0:131:237 [4] NCCL INFO Channel 27/0 : 4[85000] -> 3[77000] via P2P/IPC comm 0x55693aa697d0 nRanks 16
vcjob-2107896150879928322-abc12335-42846-worker-0:130:234 [3] NCCL INFO Channel 31/0 : 3[77000] -> 2[55000] via P2P/IPC comm 0x558484cac890 nRanks 16
vcjob-2107896150879928322-abc12335-42846-worker-0:133:235 [6] NCCL INFO Channel 25/0 : 6[d5000] -> 5[b5000] via P2P/IPC comm 0x55df27ca67a0 nRanks 16
vcjob-2107896150879928322-abc12335-42846-worker-0:134:238 [7] NCCL INFO Channel 22/0 : 7[f5000] -> 6[d5000] via P2P/IPC comm 0x558c74529610 nRanks 16
vcjob-2107896150879928322-abc12335-42846-worker-0:131:237 [4] NCCL INFO Channel 28/0 : 4[85000] -> 3[77000] via P2P/IPC comm 0x55693aa697d0 nRanks 16
vcjob-2107896150879928322-abc12335-42846-worker-0:133:235 [6] NCCL INFO Channel 26/0 : 6[d5000] -> 5[b5000] via P2P/IPC comm 0x55df27ca67a0 nRanks 16
vcjob-2107896150879928322-abc12335-42846-worker-0:134:238 [7] NCCL INFO Channel 23/0 : 7[f5000] -> 6[d5000] via P2P/IPC comm 0x558c74529610 nRanks 16
vcjob-2107896150879928322-abc12335-42846-worker-0:131:237 [4] NCCL INFO Channel 29/0 : 4[85000] -> 3[77000] via P2P/IPC comm 0x55693aa697d0 nRanks 16
vcjob-2107896150879928322-abc12335-42846-worker-0:133:235 [6] NCCL INFO Channel 27/0 : 6[d5000] -> 5[b5000] via P2P/IPC comm 0x55df27ca67a0 nRanks 16
vcjob-2107896150879928322-abc12335-42846-worker-0:134:238 [7] NCCL INFO Channel 24/0 : 7[f5000] -> 6[d5000] via P2P/IPC comm 0x558c74529610 nRanks 16
vcjob-2107896150879928322-abc12335-42846-worker-0:131:237 [4] NCCL INFO Channel 30/0 : 4[85000] -> 3[77000] via P2P/IPC comm 0x55693aa697d0 nRanks 16
vcjob-2107896150879928322-abc12335-42846-worker-0:133:235 [6] NCCL INFO Channel 28/0 : 6[d5000] -> 5[b5000] via P2P/IPC comm 0x55df27ca67a0 nRanks 16
vcjob-2107896150879928322-abc12335-42846-worker-0:134:238 [7] NCCL INFO Channel 25/0 : 7[f5000] -> 6[d5000] via P2P/IPC comm 0x558c74529610 nRanks 16
vcjob-2107896150879928322-abc12335-42846-worker-0:131:237 [4] NCCL INFO Channel 31/0 : 4[85000] -> 3[77000] via P2P/IPC comm 0x55693aa697d0 nRanks 16
vcjob-2107896150879928322-abc12335-42846-worker-0:133:235 [6] NCCL INFO Channel 29/0 : 6[d5000] -> 5[b5000] via P2P/IPC comm 0x55df27ca67a0 nRanks 16
vcjob-2107896150879928322-abc12335-42846-worker-0:134:238 [7] NCCL INFO Channel 26/0 : 7[f5000] -> 6[d5000] via P2P/IPC comm 0x558c74529610 nRanks 16
vcjob-2107896150879928322-abc12335-42846-worker-0:133:235 [6] NCCL INFO Channel 30/0 : 6[d5000] -> 5[b5000] via P2P/IPC comm 0x55df27ca67a0 nRanks 16
vcjob-2107896150879928322-abc12335-42846-worker-0:134:238 [7] NCCL INFO Channel 27/0 : 7[f5000] -> 6[d5000] via P2P/IPC comm 0x558c74529610 nRanks 16
vcjob-2107896150879928322-abc12335-42846-worker-0:133:235 [6] NCCL INFO Channel 31/0 : 6[d5000] -> 5[b5000] via P2P/IPC comm 0x55df27ca67a0 nRanks 16
vcjob-2107896150879928322-abc12335-42846-worker-0:134:238 [7] NCCL INFO Channel 28/0 : 7[f5000] -> 6[d5000] via P2P/IPC comm 0x558c74529610 nRanks 16
vcjob-2107896150879928322-abc12335-42846-worker-0:134:238 [7] NCCL INFO Channel 29/0 : 7[f5000] -> 6[d5000] via P2P/IPC comm 0x558c74529610 nRanks 16
vcjob-2107896150879928322-abc12335-42846-worker-0:134:238 [7] NCCL INFO Channel 30/0 : 7[f5000] -> 6[d5000] via P2P/IPC comm 0x558c74529610 nRanks 16
vcjob-2107896150879928322-abc12335-42846-worker-0:134:238 [7] NCCL INFO Channel 31/0 : 7[f5000] -> 6[d5000] via P2P/IPC comm 0x558c74529610 nRanks 16
vcjob-2107896150879928322-abc12335-42846-worker-0:131:237 [4] NCCL INFO Connected all rings
vcjob-2107896150879928322-abc12335-42846-worker-0:132:233 [5] NCCL INFO Connected all rings
vcjob-2107896150879928322-abc12335-42846-worker-0:131:237 [4] NCCL INFO Channel 00/0 : 4[85000] -> 5[b5000] via P2P/IPC comm 0x55693aa697d0 nRanks 16
vcjob-2107896150879928322-abc12335-42846-worker-0:131:237 [4] NCCL INFO Channel 01/0 : 4[85000] -> 5[b5000] via P2P/IPC comm 0x55693aa697d0 nRanks 16
vcjob-2107896150879928322-abc12335-42846-worker-0:131:237 [4] NCCL INFO Channel 02/0 : 4[85000] -> 5[b5000] via P2P/IPC comm 0x55693aa697d0 nRanks 16
vcjob-2107896150879928322-abc12335-42846-worker-0:131:237 [4] NCCL INFO Channel 03/0 : 4[85000] -> 5[b5000] via P2P/IPC comm 0x55693aa697d0 nRanks 16
vcjob-2107896150879928322-abc12335-42846-worker-0:131:237 [4] NCCL INFO Channel 04/0 : 4[85000] -> 5[b5000] via P2P/IPC comm 0x55693aa697d0 nRanks 16
vcjob-2107896150879928322-abc12335-42846-worker-0:131:237 [4] NCCL INFO Channel 05/0 : 4[85000] -> 5[b5000] via P2P/IPC comm 0x55693aa697d0 nRanks 16
vcjob-2107896150879928322-abc12335-42846-worker-0:132:233 [5] NCCL INFO Channel 00/0 : 5[b5000] -> 6[d5000] via P2P/IPC comm 0x5585ac33aa10 nRanks 16
vcjob-2107896150879928322-abc12335-42846-worker-0:131:237 [4] NCCL INFO Channel 06/0 : 4[85000] -> 5[b5000] via P2P/IPC comm 0x55693aa697d0 nRanks 16
vcjob-2107896150879928322-abc12335-42846-worker-0:132:233 [5] NCCL INFO Channel 01/0 : 5[b5000] -> 6[d5000] via P2P/IPC comm 0x5585ac33aa10 nRanks 16
vcjob-2107896150879928322-abc12335-42846-worker-0:131:237 [4] NCCL INFO Channel 07/0 : 4[85000] -> 5[b5000] via P2P/IPC comm 0x55693aa697d0 nRanks 16
vcjob-2107896150879928322-abc12335-42846-worker-0:132:233 [5] NCCL INFO Channel 02/0 : 5[b5000] -> 6[d5000] via P2P/IPC comm 0x5585ac33aa10 nRanks 16
vcjob-2107896150879928322-abc12335-42846-worker-0:131:237 [4] NCCL INFO Channel 08/0 : 4[85000] -> 5[b5000] via P2P/IPC comm 0x55693aa697d0 nRanks 16
vcjob-2107896150879928322-abc12335-42846-worker-0:132:233 [5] NCCL INFO Channel 03/0 : 5[b5000] -> 6[d5000] via P2P/IPC comm 0x5585ac33aa10 nRanks 16
vcjob-2107896150879928322-abc12335-42846-worker-0:131:237 [4] NCCL INFO Channel 09/0 : 4[85000] -> 5[b5000] via P2P/IPC comm 0x55693aa697d0 nRanks 16
vcjob-2107896150879928322-abc12335-42846-worker-0:132:233 [5] NCCL INFO Channel 04/0 : 5[b5000] -> 6[d5000] via P2P/IPC comm 0x5585ac33aa10 nRanks 16
vcjob-2107896150879928322-abc12335-42846-worker-0:131:237 [4] NCCL INFO Channel 10/0 : 4[85000] -> 5[b5000] via P2P/IPC comm 0x55693aa697d0 nRanks 16
vcjob-2107896150879928322-abc12335-42846-worker-0:132:233 [5] NCCL INFO Channel 05/0 : 5[b5000] -> 6[d5000] via P2P/IPC comm 0x5585ac33aa10 nRanks 16
vcjob-2107896150879928322-abc12335-42846-worker-0:131:237 [4] NCCL INFO Channel 11/0 : 4[85000] -> 5[b5000] via P2P/IPC comm 0x55693aa697d0 nRanks 16
vcjob-2107896150879928322-abc12335-42846-worker-0:132:233 [5] NCCL INFO Channel 06/0 : 5[b5000] -> 6[d5000] via P2P/IPC comm 0x5585ac33aa10 nRanks 16
vcjob-2107896150879928322-abc12335-42846-worker-0:131:237 [4] NCCL INFO Channel 12/0 : 4[85000] -> 5[b5000] via P2P/IPC comm 0x55693aa697d0 nRanks 16
vcjob-2107896150879928322-abc12335-42846-worker-0:132:233 [5] NCCL INFO Channel 07/0 : 5[b5000] -> 6[d5000] via P2P/IPC comm 0x5585ac33aa10 nRanks 16
vcjob-2107896150879928322-abc12335-42846-worker-0:131:237 [4] NCCL INFO Channel 13/0 : 4[85000] -> 5[b5000] via P2P/IPC comm 0x55693aa697d0 nRanks 16
vcjob-2107896150879928322-abc12335-42846-worker-0:132:233 [5] NCCL INFO Channel 08/0 : 5[b5000] -> 6[d5000] via P2P/IPC comm 0x5585ac33aa10 nRanks 16
vcjob-2107896150879928322-abc12335-42846-worker-0:131:237 [4] NCCL INFO Channel 14/0 : 4[85000] -> 5[b5000] via P2P/IPC comm 0x55693aa697d0 nRanks 16
vcjob-2107896150879928322-abc12335-42846-worker-0:132:233 [5] NCCL INFO Channel 09/0 : 5[b5000] -> 6[d5000] via P2P/IPC comm 0x5585ac33aa10 nRanks 16
vcjob-2107896150879928322-abc12335-42846-worker-0:131:237 [4] NCCL INFO Channel 15/0 : 4[85000] -> 5[b5000] via P2P/IPC comm 0x55693aa697d0 nRanks 16
vcjob-2107896150879928322-abc12335-42846-worker-0:132:233 [5] NCCL INFO Channel 10/0 : 5[b5000] -> 6[d5000] via P2P/IPC comm 0x5585ac33aa10 nRanks 16
vcjob-2107896150879928322-abc12335-42846-worker-0:131:237 [4] NCCL INFO Channel 16/0 : 4[85000] -> 5[b5000] via P2P/IPC comm 0x55693aa697d0 nRanks 16
vcjob-2107896150879928322-abc12335-42846-worker-0:132:233 [5] NCCL INFO Channel 11/0 : 5[b5000] -> 6[d5000] via P2P/IPC comm 0x5585ac33aa10 nRanks 16
vcjob-2107896150879928322-abc12335-42846-worker-0:131:237 [4] NCCL INFO Channel 17/0 : 4[85000] -> 5[b5000] via P2P/IPC comm 0x55693aa697d0 nRanks 16
vcjob-2107896150879928322-abc12335-42846-worker-0:132:233 [5] NCCL INFO Channel 12/0 : 5[b5000] -> 6[d5000] via P2P/IPC comm 0x5585ac33aa10 nRanks 16
vcjob-2107896150879928322-abc12335-42846-worker-0:131:237 [4] NCCL INFO Channel 18/0 : 4[85000] -> 5[b5000] via P2P/IPC comm 0x55693aa697d0 nRanks 16
vcjob-2107896150879928322-abc12335-42846-worker-0:132:233 [5] NCCL INFO Channel 13/0 : 5[b5000] -> 6[d5000] via P2P/IPC comm 0x5585ac33aa10 nRanks 16
vcjob-2107896150879928322-abc12335-42846-worker-0:131:237 [4] NCCL INFO Channel 19/0 : 4[85000] -> 5[b5000] via P2P/IPC comm 0x55693aa697d0 nRanks 16
vcjob-2107896150879928322-abc12335-42846-worker-0:132:233 [5] NCCL INFO Channel 14/0 : 5[b5000] -> 6[d5000] via P2P/IPC comm 0x5585ac33aa10 nRanks 16
vcjob-2107896150879928322-abc12335-42846-worker-0:131:237 [4] NCCL INFO Channel 20/0 : 4[85000] -> 5[b5000] via P2P/IPC comm 0x55693aa697d0 nRanks 16
vcjob-2107896150879928322-abc12335-42846-worker-0:132:233 [5] NCCL INFO Channel 15/0 : 5[b5000] -> 6[d5000] via P2P/IPC comm 0x5585ac33aa10 nRanks 16
vcjob-2107896150879928322-abc12335-42846-worker-0:131:237 [4] NCCL INFO Channel 21/0 : 4[85000] -> 5[b5000] via P2P/IPC comm 0x55693aa697d0 nRanks 16
vcjob-2107896150879928322-abc12335-42846-worker-0:132:233 [5] NCCL INFO Channel 16/0 : 5[b5000] -> 6[d5000] via P2P/IPC comm 0x5585ac33aa10 nRanks 16
vcjob-2107896150879928322-abc12335-42846-worker-0:131:237 [4] NCCL INFO Channel 22/0 : 4[85000] -> 5[b5000] via P2P/IPC comm 0x55693aa697d0 nRanks 16
vcjob-2107896150879928322-abc12335-42846-worker-0:132:233 [5] NCCL INFO Channel 17/0 : 5[b5000] -> 6[d5000] via P2P/IPC comm 0x5585ac33aa10 nRanks 16
vcjob-2107896150879928322-abc12335-42846-worker-0:131:237 [4] NCCL INFO Channel 23/0 : 4[85000] -> 5[b5000] via P2P/IPC comm 0x55693aa697d0 nRanks 16
vcjob-2107896150879928322-abc12335-42846-worker-0:132:233 [5] NCCL INFO Channel 18/0 : 5[b5000] -> 6[d5000] via P2P/IPC comm 0x5585ac33aa10 nRanks 16
vcjob-2107896150879928322-abc12335-42846-worker-0:131:237 [4] NCCL INFO Channel 24/0 : 4[85000] -> 5[b5000] via P2P/IPC comm 0x55693aa697d0 nRanks 16
vcjob-2107896150879928322-abc12335-42846-worker-0:132:233 [5] NCCL INFO Channel 19/0 : 5[b5000] -> 6[d5000] via P2P/IPC comm 0x5585ac33aa10 nRanks 16
vcjob-2107896150879928322-abc12335-42846-worker-0:131:237 [4] NCCL INFO Channel 25/0 : 4[85000] -> 5[b5000] via P2P/IPC comm 0x55693aa697d0 nRanks 16
vcjob-2107896150879928322-abc12335-42846-worker-0:132:233 [5] NCCL INFO Channel 20/0 : 5[b5000] -> 6[d5000] via P2P/IPC comm 0x5585ac33aa10 nRanks 16
vcjob-2107896150879928322-abc12335-42846-worker-0:131:237 [4] NCCL INFO Channel 26/0 : 4[85000] -> 5[b5000] via P2P/IPC comm 0x55693aa697d0 nRanks 16
vcjob-2107896150879928322-abc12335-42846-worker-0:132:233 [5] NCCL INFO Channel 21/0 : 5[b5000] -> 6[d5000] via P2P/IPC comm 0x5585ac33aa10 nRanks 16
vcjob-2107896150879928322-abc12335-42846-worker-0:131:237 [4] NCCL INFO Channel 27/0 : 4[85000] -> 5[b5000] via P2P/IPC comm 0x55693aa697d0 nRanks 16
vcjob-2107896150879928322-abc12335-42846-worker-0:132:233 [5] NCCL INFO Channel 22/0 : 5[b5000] -> 6[d5000] via P2P/IPC comm 0x5585ac33aa10 nRanks 16
vcjob-2107896150879928322-abc12335-42846-worker-0:131:237 [4] NCCL INFO Channel 28/0 : 4[85000] -> 5[b5000] via P2P/IPC comm 0x55693aa697d0 nRanks 16
vcjob-2107896150879928322-abc12335-42846-worker-0:132:233 [5] NCCL INFO Channel 23/0 : 5[b5000] -> 6[d5000] via P2P/IPC comm 0x5585ac33aa10 nRanks 16
vcjob-2107896150879928322-abc12335-42846-worker-0:131:237 [4] NCCL INFO Channel 29/0 : 4[85000] -> 5[b5000] via P2P/IPC comm 0x55693aa697d0 nRanks 16
vcjob-2107896150879928322-abc12335-42846-worker-0:132:233 [5] NCCL INFO Channel 24/0 : 5[b5000] -> 6[d5000] via P2P/IPC comm 0x5585ac33aa10 nRanks 16
vcjob-2107896150879928322-abc12335-42846-worker-0:131:237 [4] NCCL INFO Channel 30/0 : 4[85000] -> 5[b5000] via P2P/IPC comm 0x55693aa697d0 nRanks 16
vcjob-2107896150879928322-abc12335-42846-worker-0:132:233 [5] NCCL INFO Channel 25/0 : 5[b5000] -> 6[d5000] via P2P/IPC comm 0x5585ac33aa10 nRanks 16
vcjob-2107896150879928322-abc12335-42846-worker-0:131:237 [4] NCCL INFO Channel 31/0 : 4[85000] -> 5[b5000] via P2P/IPC comm 0x55693aa697d0 nRanks 16
vcjob-2107896150879928322-abc12335-42846-worker-0:132:233 [5] NCCL INFO Channel 26/0 : 5[b5000] -> 6[d5000] via P2P/IPC comm 0x5585ac33aa10 nRanks 16
vcjob-2107896150879928322-abc12335-42846-worker-0:132:233 [5] NCCL INFO Channel 27/0 : 5[b5000] -> 6[d5000] via P2P/IPC comm 0x5585ac33aa10 nRanks 16
vcjob-2107896150879928322-abc12335-42846-worker-0:132:233 [5] NCCL INFO Channel 28/0 : 5[b5000] -> 6[d5000] via P2P/IPC comm 0x5585ac33aa10 nRanks 16
vcjob-2107896150879928322-abc12335-42846-worker-0:132:233 [5] NCCL INFO Channel 29/0 : 5[b5000] -> 6[d5000] via P2P/IPC comm 0x5585ac33aa10 nRanks 16
vcjob-2107896150879928322-abc12335-42846-worker-0:132:233 [5] NCCL INFO Channel 30/0 : 5[b5000] -> 6[d5000] via P2P/IPC comm 0x5585ac33aa10 nRanks 16
vcjob-2107896150879928322-abc12335-42846-worker-0:132:233 [5] NCCL INFO Channel 31/0 : 5[b5000] -> 6[d5000] via P2P/IPC comm 0x5585ac33aa10 nRanks 16
vcjob-2107896150879928322-abc12335-42846-worker-0:134:238 [7] NCCL INFO Connected all rings
vcjob-2107896150879928322-abc12335-42846-worker-0:133:235 [6] NCCL INFO Connected all rings
vcjob-2107896150879928322-abc12335-42846-worker-0:127:232 [0] NCCL INFO Connected all rings
vcjob-2107896150879928322-abc12335-42846-worker-0:127:232 [0] NCCL INFO Channel 00/0 : 0[9000] -> 1[36000] via P2P/IPC comm 0x55664c6ad890 nRanks 16
vcjob-2107896150879928322-abc12335-42846-worker-0:130:234 [3] NCCL INFO Connected all rings
vcjob-2107896150879928322-abc12335-42846-worker-0:127:232 [0] NCCL INFO Channel 01/0 : 0[9000] -> 1[36000] via P2P/IPC comm 0x55664c6ad890 nRanks 16
vcjob-2107896150879928322-abc12335-42846-worker-0:127:232 [0] NCCL INFO Channel 02/0 : 0[9000] -> 1[36000] via P2P/IPC comm 0x55664c6ad890 nRanks 16
vcjob-2107896150879928322-abc12335-42846-worker-0:127:232 [0] NCCL INFO Channel 03/0 : 0[9000] -> 1[36000] via P2P/IPC comm 0x55664c6ad890 nRanks 16
vcjob-2107896150879928322-abc12335-42846-worker-0:127:232 [0] NCCL INFO Channel 04/0 : 0[9000] -> 1[36000] via P2P/IPC comm 0x55664c6ad890 nRanks 16
vcjob-2107896150879928322-abc12335-42846-worker-0:127:232 [0] NCCL INFO Channel 05/0 : 0[9000] -> 1[36000] via P2P/IPC comm 0x55664c6ad890 nRanks 16
vcjob-2107896150879928322-abc12335-42846-worker-0:127:232 [0] NCCL INFO Channel 06/0 : 0[9000] -> 1[36000] via P2P/IPC comm 0x55664c6ad890 nRanks 16
vcjob-2107896150879928322-abc12335-42846-worker-0:127:232 [0] NCCL INFO Channel 07/0 : 0[9000] -> 1[36000] via P2P/IPC comm 0x55664c6ad890 nRanks 16
vcjob-2107896150879928322-abc12335-42846-worker-0:127:232 [0] NCCL INFO Channel 08/0 : 0[9000] -> 1[36000] via P2P/IPC comm 0x55664c6ad890 nRanks 16
vcjob-2107896150879928322-abc12335-42846-worker-0:127:232 [0] NCCL INFO Channel 09/0 : 0[9000] -> 1[36000] via P2P/IPC comm 0x55664c6ad890 nRanks 16
vcjob-2107896150879928322-abc12335-42846-worker-0:127:232 [0] NCCL INFO Channel 10/0 : 0[9000] -> 1[36000] via P2P/IPC comm 0x55664c6ad890 nRanks 16
vcjob-2107896150879928322-abc12335-42846-worker-0:127:232 [0] NCCL INFO Channel 11/0 : 0[9000] -> 1[36000] via P2P/IPC comm 0x55664c6ad890 nRanks 16
vcjob-2107896150879928322-abc12335-42846-worker-0:127:232 [0] NCCL INFO Channel 12/0 : 0[9000] -> 1[36000] via P2P/IPC comm 0x55664c6ad890 nRanks 16
vcjob-2107896150879928322-abc12335-42846-worker-0:127:232 [0] NCCL INFO Channel 13/0 : 0[9000] -> 1[36000] via P2P/IPC comm 0x55664c6ad890 nRanks 16
vcjob-2107896150879928322-abc12335-42846-worker-0:127:232 [0] NCCL INFO Channel 14/0 : 0[9000] -> 1[36000] via P2P/IPC comm 0x55664c6ad890 nRanks 16
vcjob-2107896150879928322-abc12335-42846-worker-0:127:232 [0] NCCL INFO Channel 15/0 : 0[9000] -> 1[36000] via P2P/IPC comm 0x55664c6ad890 nRanks 16
vcjob-2107896150879928322-abc12335-42846-worker-0:127:232 [0] NCCL INFO Channel 16/0 : 0[9000] -> 1[36000] via P2P/IPC comm 0x55664c6ad890 nRanks 16
vcjob-2107896150879928322-abc12335-42846-worker-0:127:232 [0] NCCL INFO Channel 17/0 : 0[9000] -> 1[36000] via P2P/IPC comm 0x55664c6ad890 nRanks 16
vcjob-2107896150879928322-abc12335-42846-worker-0:127:232 [0] NCCL INFO Channel 18/0 : 0[9000] -> 1[36000] via P2P/IPC comm 0x55664c6ad890 nRanks 16
vcjob-2107896150879928322-abc12335-42846-worker-0:127:232 [0] NCCL INFO Channel 19/0 : 0[9000] -> 1[36000] via P2P/IPC comm 0x55664c6ad890 nRanks 16
vcjob-2107896150879928322-abc12335-42846-worker-0:127:232 [0] NCCL INFO Channel 20/0 : 0[9000] -> 1[36000] via P2P/IPC comm 0x55664c6ad890 nRanks 16
vcjob-2107896150879928322-abc12335-42846-worker-0:127:232 [0] NCCL INFO Channel 21/0 : 0[9000] -> 1[36000] via P2P/IPC comm 0x55664c6ad890 nRanks 16
vcjob-2107896150879928322-abc12335-42846-worker-0:127:232 [0] NCCL INFO Channel 22/0 : 0[9000] -> 1[36000] via P2P/IPC comm 0x55664c6ad890 nRanks 16
vcjob-2107896150879928322-abc12335-42846-worker-0:127:232 [0] NCCL INFO Channel 23/0 : 0[9000] -> 1[36000] via P2P/IPC comm 0x55664c6ad890 nRanks 16
vcjob-2107896150879928322-abc12335-42846-worker-0:127:232 [0] NCCL INFO Channel 24/0 : 0[9000] -> 1[36000] via P2P/IPC comm 0x55664c6ad890 nRanks 16
vcjob-2107896150879928322-abc12335-42846-worker-0:127:232 [0] NCCL INFO Channel 25/0 : 0[9000] -> 1[36000] via P2P/IPC comm 0x55664c6ad890 nRanks 16
vcjob-2107896150879928322-abc12335-42846-worker-0:127:232 [0] NCCL INFO Channel 26/0 : 0[9000] -> 1[36000] via P2P/IPC comm 0x55664c6ad890 nRanks 16
vcjob-2107896150879928322-abc12335-42846-worker-0:127:232 [0] NCCL INFO Channel 27/0 : 0[9000] -> 1[36000] via P2P/IPC comm 0x55664c6ad890 nRanks 16
vcjob-2107896150879928322-abc12335-42846-worker-0:127:232 [0] NCCL INFO Channel 28/0 : 0[9000] -> 1[36000] via P2P/IPC comm 0x55664c6ad890 nRanks 16
vcjob-2107896150879928322-abc12335-42846-worker-0:127:232 [0] NCCL INFO Channel 29/0 : 0[9000] -> 1[36000] via P2P/IPC comm 0x55664c6ad890 nRanks 16
vcjob-2107896150879928322-abc12335-42846-worker-0:127:232 [0] NCCL INFO Channel 30/0 : 0[9000] -> 1[36000] via P2P/IPC comm 0x55664c6ad890 nRanks 16
vcjob-2107896150879928322-abc12335-42846-worker-0:127:232 [0] NCCL INFO Channel 31/0 : 0[9000] -> 1[36000] via P2P/IPC comm 0x55664c6ad890 nRanks 16
vcjob-2107896150879928322-abc12335-42846-worker-0:128:239 [1] NCCL INFO Connected all rings
vcjob-2107896150879928322-abc12335-42846-worker-0:129:236 [2] NCCL INFO Connected all rings
vcjob-2107896150879928322-abc12335-42846-worker-0:133:235 [6] NCCL INFO Channel 00/0 : 6[d5000] -> 7[f5000] via P2P/IPC comm 0x55df27ca67a0 nRanks 16
vcjob-2107896150879928322-abc12335-42846-worker-0:130:234 [3] NCCL INFO Channel 00/0 : 3[77000] -> 4[85000] via P2P/IPC comm 0x558484cac890 nRanks 16
vcjob-2107896150879928322-abc12335-42846-worker-0:133:235 [6] NCCL INFO Channel 01/0 : 6[d5000] -> 7[f5000] via P2P/IPC comm 0x55df27ca67a0 nRanks 16
vcjob-2107896150879928322-abc12335-42846-worker-0:130:234 [3] NCCL INFO Channel 01/0 : 3[77000] -> 4[85000] via P2P/IPC comm 0x558484cac890 nRanks 16
vcjob-2107896150879928322-abc12335-42846-worker-0:133:235 [6] NCCL INFO Channel 02/0 : 6[d5000] -> 7[f5000] via P2P/IPC comm 0x55df27ca67a0 nRanks 16
vcjob-2107896150879928322-abc12335-42846-worker-0:130:234 [3] NCCL INFO Channel 02/0 : 3[77000] -> 4[85000] via P2P/IPC comm 0x558484cac890 nRanks 16
vcjob-2107896150879928322-abc12335-42846-worker-0:130:234 [3] NCCL INFO Channel 03/0 : 3[77000] -> 4[85000] via P2P/IPC comm 0x558484cac890 nRanks 16
vcjob-2107896150879928322-abc12335-42846-worker-0:133:235 [6] NCCL INFO Channel 03/0 : 6[d5000] -> 7[f5000] via P2P/IPC comm 0x55df27ca67a0 nRanks 16
vcjob-2107896150879928322-abc12335-42846-worker-0:130:234 [3] NCCL INFO Channel 04/0 : 3[77000] -> 4[85000] via P2P/IPC comm 0x558484cac890 nRanks 16
vcjob-2107896150879928322-abc12335-42846-worker-0:133:235 [6] NCCL INFO Channel 04/0 : 6[d5000] -> 7[f5000] via P2P/IPC comm 0x55df27ca67a0 nRanks 16
vcjob-2107896150879928322-abc12335-42846-worker-0:130:234 [3] NCCL INFO Channel 05/0 : 3[77000] -> 4[85000] via P2P/IPC comm 0x558484cac890 nRanks 16
vcjob-2107896150879928322-abc12335-42846-worker-0:133:235 [6] NCCL INFO Channel 05/0 : 6[d5000] -> 7[f5000] via P2P/IPC comm 0x55df27ca67a0 nRanks 16
vcjob-2107896150879928322-abc12335-42846-worker-0:130:234 [3] NCCL INFO Channel 06/0 : 3[77000] -> 4[85000] via P2P/IPC comm 0x558484cac890 nRanks 16
vcjob-2107896150879928322-abc12335-42846-worker-0:133:235 [6] NCCL INFO Channel 06/0 : 6[d5000] -> 7[f5000] via P2P/IPC comm 0x55df27ca67a0 nRanks 16
vcjob-2107896150879928322-abc12335-42846-worker-0:130:234 [3] NCCL INFO Channel 07/0 : 3[77000] -> 4[85000] via P2P/IPC comm 0x558484cac890 nRanks 16
vcjob-2107896150879928322-abc12335-42846-worker-0:133:235 [6] NCCL INFO Channel 07/0 : 6[d5000] -> 7[f5000] via P2P/IPC comm 0x55df27ca67a0 nRanks 16
vcjob-2107896150879928322-abc12335-42846-worker-0:130:234 [3] NCCL INFO Channel 08/0 : 3[77000] -> 4[85000] via P2P/IPC comm 0x558484cac890 nRanks 16
vcjob-2107896150879928322-abc12335-42846-worker-0:133:235 [6] NCCL INFO Channel 08/0 : 6[d5000] -> 7[f5000] via P2P/IPC comm 0x55df27ca67a0 nRanks 16
vcjob-2107896150879928322-abc12335-42846-worker-0:130:234 [3] NCCL INFO Channel 09/0 : 3[77000] -> 4[85000] via P2P/IPC comm 0x558484cac890 nRanks 16
vcjob-2107896150879928322-abc12335-42846-worker-0:133:235 [6] NCCL INFO Channel 09/0 : 6[d5000] -> 7[f5000] via P2P/IPC comm 0x55df27ca67a0 nRanks 16
vcjob-2107896150879928322-abc12335-42846-worker-0:130:234 [3] NCCL INFO Channel 10/0 : 3[77000] -> 4[85000] via P2P/IPC comm 0x558484cac890 nRanks 16
vcjob-2107896150879928322-abc12335-42846-worker-0:130:234 [3] NCCL INFO Channel 11/0 : 3[77000] -> 4[85000] via P2P/IPC comm 0x558484cac890 nRanks 16
vcjob-2107896150879928322-abc12335-42846-worker-0:133:235 [6] NCCL INFO Channel 10/0 : 6[d5000] -> 7[f5000] via P2P/IPC comm 0x55df27ca67a0 nRanks 16
vcjob-2107896150879928322-abc12335-42846-worker-0:130:234 [3] NCCL INFO Channel 12/0 : 3[77000] -> 4[85000] via P2P/IPC comm 0x558484cac890 nRanks 16
vcjob-2107896150879928322-abc12335-42846-worker-0:133:235 [6] NCCL INFO Channel 11/0 : 6[d5000] -> 7[f5000] via P2P/IPC comm 0x55df27ca67a0 nRanks 16
vcjob-2107896150879928322-abc12335-42846-worker-0:130:234 [3] NCCL INFO Channel 13/0 : 3[77000] -> 4[85000] via P2P/IPC comm 0x558484cac890 nRanks 16
vcjob-2107896150879928322-abc12335-42846-worker-0:133:235 [6] NCCL INFO Channel 12/0 : 6[d5000] -> 7[f5000] via P2P/IPC comm 0x55df27ca67a0 nRanks 16
vcjob-2107896150879928322-abc12335-42846-worker-0:130:234 [3] NCCL INFO Channel 14/0 : 3[77000] -> 4[85000] via P2P/IPC comm 0x558484cac890 nRanks 16
vcjob-2107896150879928322-abc12335-42846-worker-0:133:235 [6] NCCL INFO Channel 13/0 : 6[d5000] -> 7[f5000] via P2P/IPC comm 0x55df27ca67a0 nRanks 16
vcjob-2107896150879928322-abc12335-42846-worker-0:130:234 [3] NCCL INFO Channel 15/0 : 3[77000] -> 4[85000] via P2P/IPC comm 0x558484cac890 nRanks 16
vcjob-2107896150879928322-abc12335-42846-worker-0:133:235 [6] NCCL INFO Channel 14/0 : 6[d5000] -> 7[f5000] via P2P/IPC comm 0x55df27ca67a0 nRanks 16
vcjob-2107896150879928322-abc12335-42846-worker-0:130:234 [3] NCCL INFO Channel 16/0 : 3[77000] -> 4[85000] via P2P/IPC comm 0x558484cac890 nRanks 16
vcjob-2107896150879928322-abc12335-42846-worker-0:133:235 [6] NCCL INFO Channel 15/0 : 6[d5000] -> 7[f5000] via P2P/IPC comm 0x55df27ca67a0 nRanks 16
vcjob-2107896150879928322-abc12335-42846-worker-0:130:234 [3] NCCL INFO Channel 17/0 : 3[77000] -> 4[85000] via P2P/IPC comm 0x558484cac890 nRanks 16
vcjob-2107896150879928322-abc12335-42846-worker-0:133:235 [6] NCCL INFO Channel 16/0 : 6[d5000] -> 7[f5000] via P2P/IPC comm 0x55df27ca67a0 nRanks 16
vcjob-2107896150879928322-abc12335-42846-worker-0:130:234 [3] NCCL INFO Channel 18/0 : 3[77000] -> 4[85000] via P2P/IPC comm 0x558484cac890 nRanks 16
vcjob-2107896150879928322-abc12335-42846-worker-0:130:234 [3] NCCL INFO Channel 19/0 : 3[77000] -> 4[85000] via P2P/IPC comm 0x558484cac890 nRanks 16
vcjob-2107896150879928322-abc12335-42846-worker-0:133:235 [6] NCCL INFO Channel 17/0 : 6[d5000] -> 7[f5000] via P2P/IPC comm 0x55df27ca67a0 nRanks 16
vcjob-2107896150879928322-abc12335-42846-worker-0:130:234 [3] NCCL INFO Channel 20/0 : 3[77000] -> 4[85000] via P2P/IPC comm 0x558484cac890 nRanks 16
vcjob-2107896150879928322-abc12335-42846-worker-0:133:235 [6] NCCL INFO Channel 18/0 : 6[d5000] -> 7[f5000] via P2P/IPC comm 0x55df27ca67a0 nRanks 16
vcjob-2107896150879928322-abc12335-42846-worker-0:130:234 [3] NCCL INFO Channel 21/0 : 3[77000] -> 4[85000] via P2P/IPC comm 0x558484cac890 nRanks 16
vcjob-2107896150879928322-abc12335-42846-worker-0:133:235 [6] NCCL INFO Channel 19/0 : 6[d5000] -> 7[f5000] via P2P/IPC comm 0x55df27ca67a0 nRanks 16
vcjob-2107896150879928322-abc12335-42846-worker-0:130:234 [3] NCCL INFO Channel 22/0 : 3[77000] -> 4[85000] via P2P/IPC comm 0x558484cac890 nRanks 16
vcjob-2107896150879928322-abc12335-42846-worker-0:133:235 [6] NCCL INFO Channel 20/0 : 6[d5000] -> 7[f5000] via P2P/IPC comm 0x55df27ca67a0 nRanks 16
vcjob-2107896150879928322-abc12335-42846-worker-0:130:234 [3] NCCL INFO Channel 23/0 : 3[77000] -> 4[85000] via P2P/IPC comm 0x558484cac890 nRanks 16
vcjob-2107896150879928322-abc12335-42846-worker-0:130:234 [3] NCCL INFO Channel 24/0 : 3[77000] -> 4[85000] via P2P/IPC comm 0x558484cac890 nRanks 16
vcjob-2107896150879928322-abc12335-42846-worker-0:133:235 [6] NCCL INFO Channel 21/0 : 6[d5000] -> 7[f5000] via P2P/IPC comm 0x55df27ca67a0 nRanks 16
vcjob-2107896150879928322-abc12335-42846-worker-0:130:234 [3] NCCL INFO Channel 25/0 : 3[77000] -> 4[85000] via P2P/IPC comm 0x558484cac890 nRanks 16
vcjob-2107896150879928322-abc12335-42846-worker-0:133:235 [6] NCCL INFO Channel 22/0 : 6[d5000] -> 7[f5000] via P2P/IPC comm 0x55df27ca67a0 nRanks 16
vcjob-2107896150879928322-abc12335-42846-worker-0:130:234 [3] NCCL INFO Channel 26/0 : 3[77000] -> 4[85000] via P2P/IPC comm 0x558484cac890 nRanks 16
vcjob-2107896150879928322-abc12335-42846-worker-0:133:235 [6] NCCL INFO Channel 23/0 : 6[d5000] -> 7[f5000] via P2P/IPC comm 0x55df27ca67a0 nRanks 16
vcjob-2107896150879928322-abc12335-42846-worker-0:130:234 [3] NCCL INFO Channel 27/0 : 3[77000] -> 4[85000] via P2P/IPC comm 0x558484cac890 nRanks 16
vcjob-2107896150879928322-abc12335-42846-worker-0:133:235 [6] NCCL INFO Channel 24/0 : 6[d5000] -> 7[f5000] via P2P/IPC comm 0x55df27ca67a0 nRanks 16
vcjob-2107896150879928322-abc12335-42846-worker-0:130:234 [3] NCCL INFO Channel 28/0 : 3[77000] -> 4[85000] via P2P/IPC comm 0x558484cac890 nRanks 16
vcjob-2107896150879928322-abc12335-42846-worker-0:133:235 [6] NCCL INFO Channel 25/0 : 6[d5000] -> 7[f5000] via P2P/IPC comm 0x55df27ca67a0 nRanks 16
vcjob-2107896150879928322-abc12335-42846-worker-0:130:234 [3] NCCL INFO Channel 29/0 : 3[77000] -> 4[85000] via P2P/IPC comm 0x558484cac890 nRanks 16
vcjob-2107896150879928322-abc12335-42846-worker-0:130:234 [3] NCCL INFO Channel 30/0 : 3[77000] -> 4[85000] via P2P/IPC comm 0x558484cac890 nRanks 16
vcjob-2107896150879928322-abc12335-42846-worker-0:133:235 [6] NCCL INFO Channel 26/0 : 6[d5000] -> 7[f5000] via P2P/IPC comm 0x55df27ca67a0 nRanks 16
vcjob-2107896150879928322-abc12335-42846-worker-0:130:234 [3] NCCL INFO Channel 31/0 : 3[77000] -> 4[85000] via P2P/IPC comm 0x558484cac890 nRanks 16
vcjob-2107896150879928322-abc12335-42846-worker-0:133:235 [6] NCCL INFO Channel 27/0 : 6[d5000] -> 7[f5000] via P2P/IPC comm 0x55df27ca67a0 nRanks 16
vcjob-2107896150879928322-abc12335-42846-worker-0:133:235 [6] NCCL INFO Channel 28/0 : 6[d5000] -> 7[f5000] via P2P/IPC comm 0x55df27ca67a0 nRanks 16
vcjob-2107896150879928322-abc12335-42846-worker-0:133:235 [6] NCCL INFO Channel 29/0 : 6[d5000] -> 7[f5000] via P2P/IPC comm 0x55df27ca67a0 nRanks 16
vcjob-2107896150879928322-abc12335-42846-worker-0:133:235 [6] NCCL INFO Channel 30/0 : 6[d5000] -> 7[f5000] via P2P/IPC comm 0x55df27ca67a0 nRanks 16
vcjob-2107896150879928322-abc12335-42846-worker-0:133:235 [6] NCCL INFO Channel 31/0 : 6[d5000] -> 7[f5000] via P2P/IPC comm 0x55df27ca67a0 nRanks 16
vcjob-2107896150879928322-abc12335-42846-worker-0:128:239 [1] NCCL INFO Channel 00/0 : 1[36000] -> 2[55000] via P2P/IPC comm 0x56428e424770 nRanks 16
vcjob-2107896150879928322-abc12335-42846-worker-0:129:236 [2] NCCL INFO Channel 00/0 : 2[55000] -> 3[77000] via P2P/IPC comm 0x55cb037ed990 nRanks 16
vcjob-2107896150879928322-abc12335-42846-worker-0:128:239 [1] NCCL INFO Channel 01/0 : 1[36000] -> 2[55000] via P2P/IPC comm 0x56428e424770 nRanks 16
vcjob-2107896150879928322-abc12335-42846-worker-0:129:236 [2] NCCL INFO Channel 01/0 : 2[55000] -> 3[77000] via P2P/IPC comm 0x55cb037ed990 nRanks 16
vcjob-2107896150879928322-abc12335-42846-worker-0:128:239 [1] NCCL INFO Channel 02/0 : 1[36000] -> 2[55000] via P2P/IPC comm 0x56428e424770 nRanks 16
vcjob-2107896150879928322-abc12335-42846-worker-0:134:238 [7] NCCL INFO Connected all trees
vcjob-2107896150879928322-abc12335-42846-worker-0:129:236 [2] NCCL INFO Channel 02/0 : 2[55000] -> 3[77000] via P2P/IPC comm 0x55cb037ed990 nRanks 16
vcjob-2107896150879928322-abc12335-42846-worker-0:128:239 [1] NCCL INFO Channel 03/0 : 1[36000] -> 2[55000] via P2P/IPC comm 0x56428e424770 nRanks 16
vcjob-2107896150879928322-abc12335-42846-worker-0:134:238 [7] NCCL INFO threadThresholds 8/8/64 | 128/8/64 | 256 | 256
vcjob-2107896150879928322-abc12335-42846-worker-0:134:238 [7] NCCL INFO 32 coll channels, 32 collnet channels, 0 nvls channels, 32 p2p channels, 2 p2p channels per peer
vcjob-2107896150879928322-abc12335-42846-worker-0:133:235 [6] NCCL INFO Connected all trees
vcjob-2107896150879928322-abc12335-42846-worker-0:133:235 [6] NCCL INFO threadThresholds 8/8/64 | 128/8/64 | 256 | 256
vcjob-2107896150879928322-abc12335-42846-worker-0:133:235 [6] NCCL INFO 32 coll channels, 32 collnet channels, 0 nvls channels, 32 p2p channels, 2 p2p channels per peer
vcjob-2107896150879928322-abc12335-42846-worker-0:132:233 [5] NCCL INFO Connected all trees
vcjob-2107896150879928322-abc12335-42846-worker-0:132:233 [5] NCCL INFO threadThresholds 8/8/64 | 128/8/64 | 256 | 256
vcjob-2107896150879928322-abc12335-42846-worker-0:132:233 [5] NCCL INFO 32 coll channels, 32 collnet channels, 0 nvls channels, 32 p2p channels, 2 p2p channels per peer
vcjob-2107896150879928322-abc12335-42846-worker-0:129:236 [2] NCCL INFO Channel 03/0 : 2[55000] -> 3[77000] via P2P/IPC comm 0x55cb037ed990 nRanks 16
vcjob-2107896150879928322-abc12335-42846-worker-0:128:239 [1] NCCL INFO Channel 04/0 : 1[36000] -> 2[55000] via P2P/IPC comm 0x56428e424770 nRanks 16
vcjob-2107896150879928322-abc12335-42846-worker-0:129:236 [2] NCCL INFO Channel 04/0 : 2[55000] -> 3[77000] via P2P/IPC comm 0x55cb037ed990 nRanks 16
vcjob-2107896150879928322-abc12335-42846-worker-0:128:239 [1] NCCL INFO Channel 05/0 : 1[36000] -> 2[55000] via P2P/IPC comm 0x56428e424770 nRanks 16
vcjob-2107896150879928322-abc12335-42846-worker-0:129:236 [2] NCCL INFO Channel 05/0 : 2[55000] -> 3[77000] via P2P/IPC comm 0x55cb037ed990 nRanks 16
vcjob-2107896150879928322-abc12335-42846-worker-0:128:239 [1] NCCL INFO Channel 06/0 : 1[36000] -> 2[55000] via P2P/IPC comm 0x56428e424770 nRanks 16
vcjob-2107896150879928322-abc12335-42846-worker-0:129:236 [2] NCCL INFO Channel 06/0 : 2[55000] -> 3[77000] via P2P/IPC comm 0x55cb037ed990 nRanks 16
vcjob-2107896150879928322-abc12335-42846-worker-0:128:239 [1] NCCL INFO Channel 07/0 : 1[36000] -> 2[55000] via P2P/IPC comm 0x56428e424770 nRanks 16
vcjob-2107896150879928322-abc12335-42846-worker-0:129:236 [2] NCCL INFO Channel 07/0 : 2[55000] -> 3[77000] via P2P/IPC comm 0x55cb037ed990 nRanks 16
vcjob-2107896150879928322-abc12335-42846-worker-0:128:239 [1] NCCL INFO Channel 08/0 : 1[36000] -> 2[55000] via P2P/IPC comm 0x56428e424770 nRanks 16
vcjob-2107896150879928322-abc12335-42846-worker-0:128:239 [1] NCCL INFO Channel 09/0 : 1[36000] -> 2[55000] via P2P/IPC comm 0x56428e424770 nRanks 16
vcjob-2107896150879928322-abc12335-42846-worker-0:129:236 [2] NCCL INFO Channel 08/0 : 2[55000] -> 3[77000] via P2P/IPC comm 0x55cb037ed990 nRanks 16
vcjob-2107896150879928322-abc12335-42846-worker-0:129:236 [2] NCCL INFO Channel 09/0 : 2[55000] -> 3[77000] via P2P/IPC comm 0x55cb037ed990 nRanks 16
vcjob-2107896150879928322-abc12335-42846-worker-0:128:239 [1] NCCL INFO Channel 10/0 : 1[36000] -> 2[55000] via P2P/IPC comm 0x56428e424770 nRanks 16
vcjob-2107896150879928322-abc12335-42846-worker-0:129:236 [2] NCCL INFO Channel 10/0 : 2[55000] -> 3[77000] via P2P/IPC comm 0x55cb037ed990 nRanks 16
vcjob-2107896150879928322-abc12335-42846-worker-0:128:239 [1] NCCL INFO Channel 11/0 : 1[36000] -> 2[55000] via P2P/IPC comm 0x56428e424770 nRanks 16
vcjob-2107896150879928322-abc12335-42846-worker-0:129:236 [2] NCCL INFO Channel 11/0 : 2[55000] -> 3[77000] via P2P/IPC comm 0x55cb037ed990 nRanks 16
vcjob-2107896150879928322-abc12335-42846-worker-0:128:239 [1] NCCL INFO Channel 12/0 : 1[36000] -> 2[55000] via P2P/IPC comm 0x56428e424770 nRanks 16
vcjob-2107896150879928322-abc12335-42846-worker-0:128:239 [1] NCCL INFO Channel 13/0 : 1[36000] -> 2[55000] via P2P/IPC comm 0x56428e424770 nRanks 16
vcjob-2107896150879928322-abc12335-42846-worker-0:129:236 [2] NCCL INFO Channel 12/0 : 2[55000] -> 3[77000] via P2P/IPC comm 0x55cb037ed990 nRanks 16
vcjob-2107896150879928322-abc12335-42846-worker-0:128:239 [1] NCCL INFO Channel 14/0 : 1[36000] -> 2[55000] via P2P/IPC comm 0x56428e424770 nRanks 16
vcjob-2107896150879928322-abc12335-42846-worker-0:129:236 [2] NCCL INFO Channel 13/0 : 2[55000] -> 3[77000] via P2P/IPC comm 0x55cb037ed990 nRanks 16
vcjob-2107896150879928322-abc12335-42846-worker-0:128:239 [1] NCCL INFO Channel 15/0 : 1[36000] -> 2[55000] via P2P/IPC comm 0x56428e424770 nRanks 16
vcjob-2107896150879928322-abc12335-42846-worker-0:129:236 [2] NCCL INFO Channel 14/0 : 2[55000] -> 3[77000] via P2P/IPC comm 0x55cb037ed990 nRanks 16
vcjob-2107896150879928322-abc12335-42846-worker-0:128:239 [1] NCCL INFO Channel 16/0 : 1[36000] -> 2[55000] via P2P/IPC comm 0x56428e424770 nRanks 16
vcjob-2107896150879928322-abc12335-42846-worker-0:129:236 [2] NCCL INFO Channel 15/0 : 2[55000] -> 3[77000] via P2P/IPC comm 0x55cb037ed990 nRanks 16
vcjob-2107896150879928322-abc12335-42846-worker-0:128:239 [1] NCCL INFO Channel 17/0 : 1[36000] -> 2[55000] via P2P/IPC comm 0x56428e424770 nRanks 16
vcjob-2107896150879928322-abc12335-42846-worker-0:129:236 [2] NCCL INFO Channel 16/0 : 2[55000] -> 3[77000] via P2P/IPC comm 0x55cb037ed990 nRanks 16
vcjob-2107896150879928322-abc12335-42846-worker-0:128:239 [1] NCCL INFO Channel 18/0 : 1[36000] -> 2[55000] via P2P/IPC comm 0x56428e424770 nRanks 16
vcjob-2107896150879928322-abc12335-42846-worker-0:129:236 [2] NCCL INFO Channel 17/0 : 2[55000] -> 3[77000] via P2P/IPC comm 0x55cb037ed990 nRanks 16
vcjob-2107896150879928322-abc12335-42846-worker-0:128:239 [1] NCCL INFO Channel 19/0 : 1[36000] -> 2[55000] via P2P/IPC comm 0x56428e424770 nRanks 16
vcjob-2107896150879928322-abc12335-42846-worker-0:128:239 [1] NCCL INFO Channel 20/0 : 1[36000] -> 2[55000] via P2P/IPC comm 0x56428e424770 nRanks 16
vcjob-2107896150879928322-abc12335-42846-worker-0:129:236 [2] NCCL INFO Channel 18/0 : 2[55000] -> 3[77000] via P2P/IPC comm 0x55cb037ed990 nRanks 16
vcjob-2107896150879928322-abc12335-42846-worker-0:128:239 [1] NCCL INFO Channel 21/0 : 1[36000] -> 2[55000] via P2P/IPC comm 0x56428e424770 nRanks 16
vcjob-2107896150879928322-abc12335-42846-worker-0:129:236 [2] NCCL INFO Channel 19/0 : 2[55000] -> 3[77000] via P2P/IPC comm 0x55cb037ed990 nRanks 16
vcjob-2107896150879928322-abc12335-42846-worker-0:128:239 [1] NCCL INFO Channel 22/0 : 1[36000] -> 2[55000] via P2P/IPC comm 0x56428e424770 nRanks 16
vcjob-2107896150879928322-abc12335-42846-worker-0:129:236 [2] NCCL INFO Channel 20/0 : 2[55000] -> 3[77000] via P2P/IPC comm 0x55cb037ed990 nRanks 16
vcjob-2107896150879928322-abc12335-42846-worker-0:128:239 [1] NCCL INFO Channel 23/0 : 1[36000] -> 2[55000] via P2P/IPC comm 0x56428e424770 nRanks 16
vcjob-2107896150879928322-abc12335-42846-worker-0:129:236 [2] NCCL INFO Channel 21/0 : 2[55000] -> 3[77000] via P2P/IPC comm 0x55cb037ed990 nRanks 16
vcjob-2107896150879928322-abc12335-42846-worker-0:128:239 [1] NCCL INFO Channel 24/0 : 1[36000] -> 2[55000] via P2P/IPC comm 0x56428e424770 nRanks 16
vcjob-2107896150879928322-abc12335-42846-worker-0:129:236 [2] NCCL INFO Channel 22/0 : 2[55000] -> 3[77000] via P2P/IPC comm 0x55cb037ed990 nRanks 16
vcjob-2107896150879928322-abc12335-42846-worker-0:128:239 [1] NCCL INFO Channel 25/0 : 1[36000] -> 2[55000] via P2P/IPC comm 0x56428e424770 nRanks 16
vcjob-2107896150879928322-abc12335-42846-worker-0:129:236 [2] NCCL INFO Channel 23/0 : 2[55000] -> 3[77000] via P2P/IPC comm 0x55cb037ed990 nRanks 16
vcjob-2107896150879928322-abc12335-42846-worker-0:128:239 [1] NCCL INFO Channel 26/0 : 1[36000] -> 2[55000] via P2P/IPC comm 0x56428e424770 nRanks 16
vcjob-2107896150879928322-abc12335-42846-worker-0:129:236 [2] NCCL INFO Channel 24/0 : 2[55000] -> 3[77000] via P2P/IPC comm 0x55cb037ed990 nRanks 16
vcjob-2107896150879928322-abc12335-42846-worker-0:128:239 [1] NCCL INFO Channel 27/0 : 1[36000] -> 2[55000] via P2P/IPC comm 0x56428e424770 nRanks 16
vcjob-2107896150879928322-abc12335-42846-worker-0:129:236 [2] NCCL INFO Channel 25/0 : 2[55000] -> 3[77000] via P2P/IPC comm 0x55cb037ed990 nRanks 16
vcjob-2107896150879928322-abc12335-42846-worker-0:128:239 [1] NCCL INFO Channel 28/0 : 1[36000] -> 2[55000] via P2P/IPC comm 0x56428e424770 nRanks 16
vcjob-2107896150879928322-abc12335-42846-worker-0:129:236 [2] NCCL INFO Channel 26/0 : 2[55000] -> 3[77000] via P2P/IPC comm 0x55cb037ed990 nRanks 16
vcjob-2107896150879928322-abc12335-42846-worker-0:128:239 [1] NCCL INFO Channel 29/0 : 1[36000] -> 2[55000] via P2P/IPC comm 0x56428e424770 nRanks 16
vcjob-2107896150879928322-abc12335-42846-worker-0:129:236 [2] NCCL INFO Channel 27/0 : 2[55000] -> 3[77000] via P2P/IPC comm 0x55cb037ed990 nRanks 16
vcjob-2107896150879928322-abc12335-42846-worker-0:128:239 [1] NCCL INFO Channel 30/0 : 1[36000] -> 2[55000] via P2P/IPC comm 0x56428e424770 nRanks 16
vcjob-2107896150879928322-abc12335-42846-worker-0:129:236 [2] NCCL INFO Channel 28/0 : 2[55000] -> 3[77000] via P2P/IPC comm 0x55cb037ed990 nRanks 16
vcjob-2107896150879928322-abc12335-42846-worker-0:128:239 [1] NCCL INFO Channel 31/0 : 1[36000] -> 2[55000] via P2P/IPC comm 0x56428e424770 nRanks 16
vcjob-2107896150879928322-abc12335-42846-worker-0:129:236 [2] NCCL INFO Channel 29/0 : 2[55000] -> 3[77000] via P2P/IPC comm 0x55cb037ed990 nRanks 16
vcjob-2107896150879928322-abc12335-42846-worker-0:129:236 [2] NCCL INFO Channel 30/0 : 2[55000] -> 3[77000] via P2P/IPC comm 0x55cb037ed990 nRanks 16
vcjob-2107896150879928322-abc12335-42846-worker-0:127:232 [0] NCCL INFO Channel 00/0 : 8[9000] -> 0[9000] [receive] via NET/Socket/0 comm 0x55664c6ad890 nRanks 16
vcjob-2107896150879928322-abc12335-42846-worker-0:127:232 [0] NCCL INFO Channel 01/0 : 8[9000] -> 0[9000] [receive] via NET/Socket/0 comm 0x55664c6ad890 nRanks 16
vcjob-2107896150879928322-abc12335-42846-worker-0:127:232 [0] NCCL INFO Channel 02/0 : 8[9000] -> 0[9000] [receive] via NET/Socket/0 comm 0x55664c6ad890 nRanks 16
vcjob-2107896150879928322-abc12335-42846-worker-0:127:232 [0] NCCL INFO Channel 03/0 : 8[9000] -> 0[9000] [receive] via NET/Socket/0 comm 0x55664c6ad890 nRanks 16
vcjob-2107896150879928322-abc12335-42846-worker-0:129:236 [2] NCCL INFO Channel 31/0 : 2[55000] -> 3[77000] via P2P/IPC comm 0x55cb037ed990 nRanks 16
vcjob-2107896150879928322-abc12335-42846-worker-0:128:239 [1] NCCL INFO Channel 00/0 : 1[36000] -> 0[9000] via P2P/IPC comm 0x56428e424770 nRanks 16
vcjob-2107896150879928322-abc12335-42846-worker-0:128:239 [1] NCCL INFO Channel 01/0 : 1[36000] -> 0[9000] via P2P/IPC comm 0x56428e424770 nRanks 16
vcjob-2107896150879928322-abc12335-42846-worker-0:128:239 [1] NCCL INFO Channel 02/0 : 1[36000] -> 0[9000] via P2P/IPC comm 0x56428e424770 nRanks 16
vcjob-2107896150879928322-abc12335-42846-worker-0:128:239 [1] NCCL INFO Channel 03/0 : 1[36000] -> 0[9000] via P2P/IPC comm 0x56428e424770 nRanks 16
vcjob-2107896150879928322-abc12335-42846-worker-0:128:239 [1] NCCL INFO Channel 04/0 : 1[36000] -> 0[9000] via P2P/IPC comm 0x56428e424770 nRanks 16
vcjob-2107896150879928322-abc12335-42846-worker-0:128:239 [1] NCCL INFO Channel 05/0 : 1[36000] -> 0[9000] via P2P/IPC comm 0x56428e424770 nRanks 16
vcjob-2107896150879928322-abc12335-42846-worker-0:128:239 [1] NCCL INFO Channel 06/0 : 1[36000] -> 0[9000] via P2P/IPC comm 0x56428e424770 nRanks 16
vcjob-2107896150879928322-abc12335-42846-worker-0:128:239 [1] NCCL INFO Channel 07/0 : 1[36000] -> 0[9000] via P2P/IPC comm 0x56428e424770 nRanks 16
vcjob-2107896150879928322-abc12335-42846-worker-0:128:239 [1] NCCL INFO Channel 08/0 : 1[36000] -> 0[9000] via P2P/IPC comm 0x56428e424770 nRanks 16
vcjob-2107896150879928322-abc12335-42846-worker-0:128:239 [1] NCCL INFO Channel 09/0 : 1[36000] -> 0[9000] via P2P/IPC comm 0x56428e424770 nRanks 16
vcjob-2107896150879928322-abc12335-42846-worker-0:128:239 [1] NCCL INFO Channel 10/0 : 1[36000] -> 0[9000] via P2P/IPC comm 0x56428e424770 nRanks 16
vcjob-2107896150879928322-abc12335-42846-worker-0:128:239 [1] NCCL INFO Channel 11/0 : 1[36000] -> 0[9000] via P2P/IPC comm 0x56428e424770 nRanks 16
vcjob-2107896150879928322-abc12335-42846-worker-0:128:239 [1] NCCL INFO Channel 12/0 : 1[36000] -> 0[9000] via P2P/IPC comm 0x56428e424770 nRanks 16
vcjob-2107896150879928322-abc12335-42846-worker-0:128:239 [1] NCCL INFO Channel 13/0 : 1[36000] -> 0[9000] via P2P/IPC comm 0x56428e424770 nRanks 16
vcjob-2107896150879928322-abc12335-42846-worker-0:128:239 [1] NCCL INFO Channel 14/0 : 1[36000] -> 0[9000] via P2P/IPC comm 0x56428e424770 nRanks 16
vcjob-2107896150879928322-abc12335-42846-worker-0:128:239 [1] NCCL INFO Channel 15/0 : 1[36000] -> 0[9000] via P2P/IPC comm 0x56428e424770 nRanks 16
vcjob-2107896150879928322-abc12335-42846-worker-0:128:239 [1] NCCL INFO Channel 16/0 : 1[36000] -> 0[9000] via P2P/IPC comm 0x56428e424770 nRanks 16
vcjob-2107896150879928322-abc12335-42846-worker-0:128:239 [1] NCCL INFO Channel 17/0 : 1[36000] -> 0[9000] via P2P/IPC comm 0x56428e424770 nRanks 16
vcjob-2107896150879928322-abc12335-42846-worker-0:128:239 [1] NCCL INFO Channel 18/0 : 1[36000] -> 0[9000] via P2P/IPC comm 0x56428e424770 nRanks 16
vcjob-2107896150879928322-abc12335-42846-worker-0:128:239 [1] NCCL INFO Channel 19/0 : 1[36000] -> 0[9000] via P2P/IPC comm 0x56428e424770 nRanks 16
vcjob-2107896150879928322-abc12335-42846-worker-0:128:239 [1] NCCL INFO Channel 20/0 : 1[36000] -> 0[9000] via P2P/IPC comm 0x56428e424770 nRanks 16
vcjob-2107896150879928322-abc12335-42846-worker-0:128:239 [1] NCCL INFO Channel 21/0 : 1[36000] -> 0[9000] via P2P/IPC comm 0x56428e424770 nRanks 16
vcjob-2107896150879928322-abc12335-42846-worker-0:128:239 [1] NCCL INFO Channel 22/0 : 1[36000] -> 0[9000] via P2P/IPC comm 0x56428e424770 nRanks 16
vcjob-2107896150879928322-abc12335-42846-worker-0:128:239 [1] NCCL INFO Channel 23/0 : 1[36000] -> 0[9000] via P2P/IPC comm 0x56428e424770 nRanks 16
vcjob-2107896150879928322-abc12335-42846-worker-0:131:237 [4] NCCL INFO Connected all trees
vcjob-2107896150879928322-abc12335-42846-worker-0:131:237 [4] NCCL INFO threadThresholds 8/8/64 | 128/8/64 | 256 | 256
vcjob-2107896150879928322-abc12335-42846-worker-0:131:237 [4] NCCL INFO 32 coll channels, 32 collnet channels, 0 nvls channels, 32 p2p channels, 2 p2p channels per peer
vcjob-2107896150879928322-abc12335-42846-worker-0:130:234 [3] NCCL INFO Connected all trees
vcjob-2107896150879928322-abc12335-42846-worker-0:130:234 [3] NCCL INFO threadThresholds 8/8/64 | 128/8/64 | 256 | 256
vcjob-2107896150879928322-abc12335-42846-worker-0:130:234 [3] NCCL INFO 32 coll channels, 32 collnet channels, 0 nvls channels, 32 p2p channels, 2 p2p channels per peer
vcjob-2107896150879928322-abc12335-42846-worker-0:128:239 [1] NCCL INFO Channel 24/0 : 1[36000] -> 0[9000] via P2P/IPC comm 0x56428e424770 nRanks 16
vcjob-2107896150879928322-abc12335-42846-worker-0:128:239 [1] NCCL INFO Channel 25/0 : 1[36000] -> 0[9000] via P2P/IPC comm 0x56428e424770 nRanks 16
vcjob-2107896150879928322-abc12335-42846-worker-0:128:239 [1] NCCL INFO Channel 26/0 : 1[36000] -> 0[9000] via P2P/IPC comm 0x56428e424770 nRanks 16
vcjob-2107896150879928322-abc12335-42846-worker-0:127:232 [0] NCCL INFO Channel 04/0 : 8[9000] -> 0[9000] [receive] via NET/Socket/0 comm 0x55664c6ad890 nRanks 16
vcjob-2107896150879928322-abc12335-42846-worker-0:127:232 [0] NCCL INFO Channel 05/0 : 8[9000] -> 0[9000] [receive] via NET/Socket/0 comm 0x55664c6ad890 nRanks 16
vcjob-2107896150879928322-abc12335-42846-worker-0:127:232 [0] NCCL INFO Channel 06/0 : 8[9000] -> 0[9000] [receive] via NET/Socket/0 comm 0x55664c6ad890 nRanks 16
vcjob-2107896150879928322-abc12335-42846-worker-0:127:232 [0] NCCL INFO Channel 07/0 : 8[9000] -> 0[9000] [receive] via NET/Socket/0 comm 0x55664c6ad890 nRanks 16
vcjob-2107896150879928322-abc12335-42846-worker-0:127:232 [0] NCCL INFO Channel 08/0 : 8[9000] -> 0[9000] [receive] via NET/Socket/0 comm 0x55664c6ad890 nRanks 16
vcjob-2107896150879928322-abc12335-42846-worker-0:128:239 [1] NCCL INFO Channel 27/0 : 1[36000] -> 0[9000] via P2P/IPC comm 0x56428e424770 nRanks 16
vcjob-2107896150879928322-abc12335-42846-worker-0:127:232 [0] NCCL INFO Channel 09/0 : 8[9000] -> 0[9000] [receive] via NET/Socket/0 comm 0x55664c6ad890 nRanks 16
vcjob-2107896150879928322-abc12335-42846-worker-0:127:232 [0] NCCL INFO Channel 10/0 : 8[9000] -> 0[9000] [receive] via NET/Socket/0 comm 0x55664c6ad890 nRanks 16
vcjob-2107896150879928322-abc12335-42846-worker-0:127:232 [0] NCCL INFO Channel 11/0 : 8[9000] -> 0[9000] [receive] via NET/Socket/0 comm 0x55664c6ad890 nRanks 16
vcjob-2107896150879928322-abc12335-42846-worker-0:127:232 [0] NCCL INFO Channel 12/0 : 8[9000] -> 0[9000] [receive] via NET/Socket/0 comm 0x55664c6ad890 nRanks 16
vcjob-2107896150879928322-abc12335-42846-worker-0:127:232 [0] NCCL INFO Channel 13/0 : 8[9000] -> 0[9000] [receive] via NET/Socket/0 comm 0x55664c6ad890 nRanks 16
vcjob-2107896150879928322-abc12335-42846-worker-0:128:239 [1] NCCL INFO Channel 28/0 : 1[36000] -> 0[9000] via P2P/IPC comm 0x56428e424770 nRanks 16
vcjob-2107896150879928322-abc12335-42846-worker-0:127:232 [0] NCCL INFO Channel 14/0 : 8[9000] -> 0[9000] [receive] via NET/Socket/0 comm 0x55664c6ad890 nRanks 16
vcjob-2107896150879928322-abc12335-42846-worker-0:127:232 [0] NCCL INFO Channel 15/0 : 8[9000] -> 0[9000] [receive] via NET/Socket/0 comm 0x55664c6ad890 nRanks 16
vcjob-2107896150879928322-abc12335-42846-worker-0:127:232 [0] NCCL INFO Channel 16/0 : 8[9000] -> 0[9000] [receive] via NET/Socket/0 comm 0x55664c6ad890 nRanks 16
vcjob-2107896150879928322-abc12335-42846-worker-0:127:232 [0] NCCL INFO Channel 17/0 : 8[9000] -> 0[9000] [receive] via NET/Socket/0 comm 0x55664c6ad890 nRanks 16
vcjob-2107896150879928322-abc12335-42846-worker-0:127:232 [0] NCCL INFO Channel 18/0 : 8[9000] -> 0[9000] [receive] via NET/Socket/0 comm 0x55664c6ad890 nRanks 16
vcjob-2107896150879928322-abc12335-42846-worker-0:127:232 [0] NCCL INFO Channel 19/0 : 8[9000] -> 0[9000] [receive] via NET/Socket/0 comm 0x55664c6ad890 nRanks 16
vcjob-2107896150879928322-abc12335-42846-worker-0:128:239 [1] NCCL INFO Channel 29/0 : 1[36000] -> 0[9000] via P2P/IPC comm 0x56428e424770 nRanks 16
vcjob-2107896150879928322-abc12335-42846-worker-0:127:232 [0] NCCL INFO Channel 20/0 : 8[9000] -> 0[9000] [receive] via NET/Socket/0 comm 0x55664c6ad890 nRanks 16
vcjob-2107896150879928322-abc12335-42846-worker-0:127:232 [0] NCCL INFO Channel 21/0 : 8[9000] -> 0[9000] [receive] via NET/Socket/0 comm 0x55664c6ad890 nRanks 16
vcjob-2107896150879928322-abc12335-42846-worker-0:127:232 [0] NCCL INFO Channel 22/0 : 8[9000] -> 0[9000] [receive] via NET/Socket/0 comm 0x55664c6ad890 nRanks 16
vcjob-2107896150879928322-abc12335-42846-worker-0:127:232 [0] NCCL INFO Channel 23/0 : 8[9000] -> 0[9000] [receive] via NET/Socket/0 comm 0x55664c6ad890 nRanks 16
vcjob-2107896150879928322-abc12335-42846-worker-0:127:232 [0] NCCL INFO Channel 24/0 : 8[9000] -> 0[9000] [receive] via NET/Socket/0 comm 0x55664c6ad890 nRanks 16
vcjob-2107896150879928322-abc12335-42846-worker-0:127:232 [0] NCCL INFO Channel 25/0 : 8[9000] -> 0[9000] [receive] via NET/Socket/0 comm 0x55664c6ad890 nRanks 16
vcjob-2107896150879928322-abc12335-42846-worker-0:128:239 [1] NCCL INFO Channel 30/0 : 1[36000] -> 0[9000] via P2P/IPC comm 0x56428e424770 nRanks 16
vcjob-2107896150879928322-abc12335-42846-worker-0:127:232 [0] NCCL INFO Channel 26/0 : 8[9000] -> 0[9000] [receive] via NET/Socket/0 comm 0x55664c6ad890 nRanks 16
vcjob-2107896150879928322-abc12335-42846-worker-0:127:232 [0] NCCL INFO Channel 27/0 : 8[9000] -> 0[9000] [receive] via NET/Socket/0 comm 0x55664c6ad890 nRanks 16
vcjob-2107896150879928322-abc12335-42846-worker-0:127:232 [0] NCCL INFO Channel 28/0 : 8[9000] -> 0[9000] [receive] via NET/Socket/0 comm 0x55664c6ad890 nRanks 16
vcjob-2107896150879928322-abc12335-42846-worker-0:127:232 [0] NCCL INFO Channel 29/0 : 8[9000] -> 0[9000] [receive] via NET/Socket/0 comm 0x55664c6ad890 nRanks 16
vcjob-2107896150879928322-abc12335-42846-worker-0:127:232 [0] NCCL INFO Channel 30/0 : 8[9000] -> 0[9000] [receive] via NET/Socket/0 comm 0x55664c6ad890 nRanks 16
vcjob-2107896150879928322-abc12335-42846-worker-0:128:239 [1] NCCL INFO Channel 31/0 : 1[36000] -> 0[9000] via P2P/IPC comm 0x56428e424770 nRanks 16
vcjob-2107896150879928322-abc12335-42846-worker-0:127:232 [0] NCCL INFO Channel 31/0 : 8[9000] -> 0[9000] [receive] via NET/Socket/0 comm 0x55664c6ad890 nRanks 16
vcjob-2107896150879928322-abc12335-42846-worker-0:127:232 [0] NCCL INFO Channel 00/0 : 0[9000] -> 8[9000] [send] via NET/Socket/0 comm 0x55664c6ad890 nRanks 16
vcjob-2107896150879928322-abc12335-42846-worker-0:127:232 [0] NCCL INFO Channel 01/0 : 0[9000] -> 8[9000] [send] via NET/Socket/0 comm 0x55664c6ad890 nRanks 16
vcjob-2107896150879928322-abc12335-42846-worker-0:127:232 [0] NCCL INFO Channel 02/0 : 0[9000] -> 8[9000] [send] via NET/Socket/0 comm 0x55664c6ad890 nRanks 16
vcjob-2107896150879928322-abc12335-42846-worker-0:127:232 [0] NCCL INFO Channel 03/0 : 0[9000] -> 8[9000] [send] via NET/Socket/0 comm 0x55664c6ad890 nRanks 16
vcjob-2107896150879928322-abc12335-42846-worker-0:127:232 [0] NCCL INFO Channel 04/0 : 0[9000] -> 8[9000] [send] via NET/Socket/0 comm 0x55664c6ad890 nRanks 16
vcjob-2107896150879928322-abc12335-42846-worker-0:127:232 [0] NCCL INFO Channel 05/0 : 0[9000] -> 8[9000] [send] via NET/Socket/0 comm 0x55664c6ad890 nRanks 16
vcjob-2107896150879928322-abc12335-42846-worker-0:127:232 [0] NCCL INFO Channel 06/0 : 0[9000] -> 8[9000] [send] via NET/Socket/0 comm 0x55664c6ad890 nRanks 16
vcjob-2107896150879928322-abc12335-42846-worker-0:127:232 [0] NCCL INFO Channel 07/0 : 0[9000] -> 8[9000] [send] via NET/Socket/0 comm 0x55664c6ad890 nRanks 16
vcjob-2107896150879928322-abc12335-42846-worker-0:127:232 [0] NCCL INFO Channel 08/0 : 0[9000] -> 8[9000] [send] via NET/Socket/0 comm 0x55664c6ad890 nRanks 16
vcjob-2107896150879928322-abc12335-42846-worker-0:127:232 [0] NCCL INFO Channel 09/0 : 0[9000] -> 8[9000] [send] via NET/Socket/0 comm 0x55664c6ad890 nRanks 16
vcjob-2107896150879928322-abc12335-42846-worker-0:127:232 [0] NCCL INFO Channel 10/0 : 0[9000] -> 8[9000] [send] via NET/Socket/0 comm 0x55664c6ad890 nRanks 16
vcjob-2107896150879928322-abc12335-42846-worker-0:127:232 [0] NCCL INFO Channel 11/0 : 0[9000] -> 8[9000] [send] via NET/Socket/0 comm 0x55664c6ad890 nRanks 16
vcjob-2107896150879928322-abc12335-42846-worker-0:127:232 [0] NCCL INFO Channel 12/0 : 0[9000] -> 8[9000] [send] via NET/Socket/0 comm 0x55664c6ad890 nRanks 16
vcjob-2107896150879928322-abc12335-42846-worker-0:127:232 [0] NCCL INFO Channel 13/0 : 0[9000] -> 8[9000] [send] via NET/Socket/0 comm 0x55664c6ad890 nRanks 16
vcjob-2107896150879928322-abc12335-42846-worker-0:127:232 [0] NCCL INFO Channel 14/0 : 0[9000] -> 8[9000] [send] via NET/Socket/0 comm 0x55664c6ad890 nRanks 16
vcjob-2107896150879928322-abc12335-42846-worker-0:127:232 [0] NCCL INFO Channel 15/0 : 0[9000] -> 8[9000] [send] via NET/Socket/0 comm 0x55664c6ad890 nRanks 16
vcjob-2107896150879928322-abc12335-42846-worker-0:127:232 [0] NCCL INFO Channel 16/0 : 0[9000] -> 8[9000] [send] via NET/Socket/0 comm 0x55664c6ad890 nRanks 16
vcjob-2107896150879928322-abc12335-42846-worker-0:127:232 [0] NCCL INFO Channel 17/0 : 0[9000] -> 8[9000] [send] via NET/Socket/0 comm 0x55664c6ad890 nRanks 16
vcjob-2107896150879928322-abc12335-42846-worker-0:127:232 [0] NCCL INFO Channel 18/0 : 0[9000] -> 8[9000] [send] via NET/Socket/0 comm 0x55664c6ad890 nRanks 16
vcjob-2107896150879928322-abc12335-42846-worker-0:127:232 [0] NCCL INFO Channel 19/0 : 0[9000] -> 8[9000] [send] via NET/Socket/0 comm 0x55664c6ad890 nRanks 16
vcjob-2107896150879928322-abc12335-42846-worker-0:127:232 [0] NCCL INFO Channel 20/0 : 0[9000] -> 8[9000] [send] via NET/Socket/0 comm 0x55664c6ad890 nRanks 16
vcjob-2107896150879928322-abc12335-42846-worker-0:127:232 [0] NCCL INFO Channel 21/0 : 0[9000] -> 8[9000] [send] via NET/Socket/0 comm 0x55664c6ad890 nRanks 16
vcjob-2107896150879928322-abc12335-42846-worker-0:127:232 [0] NCCL INFO Channel 22/0 : 0[9000] -> 8[9000] [send] via NET/Socket/0 comm 0x55664c6ad890 nRanks 16
vcjob-2107896150879928322-abc12335-42846-worker-0:127:232 [0] NCCL INFO Channel 23/0 : 0[9000] -> 8[9000] [send] via NET/Socket/0 comm 0x55664c6ad890 nRanks 16
vcjob-2107896150879928322-abc12335-42846-worker-0:127:232 [0] NCCL INFO Channel 24/0 : 0[9000] -> 8[9000] [send] via NET/Socket/0 comm 0x55664c6ad890 nRanks 16
vcjob-2107896150879928322-abc12335-42846-worker-0:127:232 [0] NCCL INFO Channel 25/0 : 0[9000] -> 8[9000] [send] via NET/Socket/0 comm 0x55664c6ad890 nRanks 16
vcjob-2107896150879928322-abc12335-42846-worker-0:127:232 [0] NCCL INFO Channel 26/0 : 0[9000] -> 8[9000] [send] via NET/Socket/0 comm 0x55664c6ad890 nRanks 16
vcjob-2107896150879928322-abc12335-42846-worker-0:127:232 [0] NCCL INFO Channel 27/0 : 0[9000] -> 8[9000] [send] via NET/Socket/0 comm 0x55664c6ad890 nRanks 16
vcjob-2107896150879928322-abc12335-42846-worker-0:127:232 [0] NCCL INFO Channel 28/0 : 0[9000] -> 8[9000] [send] via NET/Socket/0 comm 0x55664c6ad890 nRanks 16
vcjob-2107896150879928322-abc12335-42846-worker-0:127:232 [0] NCCL INFO Channel 29/0 : 0[9000] -> 8[9000] [send] via NET/Socket/0 comm 0x55664c6ad890 nRanks 16
vcjob-2107896150879928322-abc12335-42846-worker-0:127:232 [0] NCCL INFO Channel 30/0 : 0[9000] -> 8[9000] [send] via NET/Socket/0 comm 0x55664c6ad890 nRanks 16
vcjob-2107896150879928322-abc12335-42846-worker-0:127:232 [0] NCCL INFO Channel 31/0 : 0[9000] -> 8[9000] [send] via NET/Socket/0 comm 0x55664c6ad890 nRanks 16
vcjob-2107896150879928322-abc12335-42846-worker-0:129:236 [2] NCCL INFO Connected all trees
vcjob-2107896150879928322-abc12335-42846-worker-0:129:236 [2] NCCL INFO threadThresholds 8/8/64 | 128/8/64 | 256 | 256
vcjob-2107896150879928322-abc12335-42846-worker-0:129:236 [2] NCCL INFO 32 coll channels, 32 collnet channels, 0 nvls channels, 32 p2p channels, 2 p2p channels per peer
vcjob-2107896150879928322-abc12335-42846-worker-0:127:232 [0] NCCL INFO Connected all trees
vcjob-2107896150879928322-abc12335-42846-worker-0:128:239 [1] NCCL INFO Connected all trees
vcjob-2107896150879928322-abc12335-42846-worker-0:128:239 [1] NCCL INFO threadThresholds 8/8/64 | 128/8/64 | 256 | 256
vcjob-2107896150879928322-abc12335-42846-worker-0:128:239 [1] NCCL INFO 32 coll channels, 32 collnet channels, 0 nvls channels, 32 p2p channels, 2 p2p channels per peer
vcjob-2107896150879928322-abc12335-42846-worker-0:127:232 [0] NCCL INFO threadThresholds 8/8/64 | 128/8/64 | 256 | 256
vcjob-2107896150879928322-abc12335-42846-worker-0:127:232 [0] NCCL INFO 32 coll channels, 32 collnet channels, 0 nvls channels, 32 p2p channels, 2 p2p channels per peer
vcjob-2107896150879928322-abc12335-42846-worker-0:127:232 [0] NCCL INFO CC Off, Multi-GPU CC Off, workFifoBytes 4194304
vcjob-2107896150879928322-abc12335-42846-worker-0:128:239 [1] NCCL INFO TUNER/Plugin: Could not find: librccl-tuner.so librccl-net.so. Using internal tuner plugin.
vcjob-2107896150879928322-abc12335-42846-worker-0:128:239 [1] NCCL INFO ncclCommInitRank comm 0x56428e424770 rank 1 nranks 16 cudaDev 1 nvmlDev 1 busId 36000 commId 0x23e8226bd4f7c97f localSize 480 used 282378608 bytes on core 51 - Init COMPLETE
vcjob-2107896150879928322-abc12335-42846-worker-0:128:239 [1] NCCL INFO Init timings: rank 1 nranks 16 total 2.02 (kernels 0.11, bootstrap 0.43, allgathers 0.00, topo 1.02, graphs 0.00, connections 0.46, rest 0.00)
vcjob-2107896150879928322-abc12335-42846-worker-0:134:238 [7] NCCL INFO TUNER/Plugin: Could not find: librccl-tuner.so librccl-net.so. Using internal tuner plugin.
vcjob-2107896150879928322-abc12335-42846-worker-0:130:234 [3] NCCL INFO TUNER/Plugin: Could not find: librccl-tuner.so librccl-net.so. Using internal tuner plugin.
vcjob-2107896150879928322-abc12335-42846-worker-0:132:233 [5] NCCL INFO TUNER/Plugin: Could not find: librccl-tuner.so librccl-net.so. Using internal tuner plugin.
vcjob-2107896150879928322-abc12335-42846-worker-0:134:238 [7] NCCL INFO ncclCommInitRank comm 0x558c74529610 rank 7 nranks 16 cudaDev 7 nvmlDev 7 busId f5000 commId 0x23e8226bd4f7c97f localSize 480 used 215269744 bytes on core 113 - Init COMPLETE
vcjob-2107896150879928322-abc12335-42846-worker-0:130:234 [3] NCCL INFO ncclCommInitRank comm 0x558484cac890 rank 3 nranks 16 cudaDev 3 nvmlDev 3 busId 77000 commId 0x23e8226bd4f7c97f localSize 480 used 282378608 bytes on core 112 - Init COMPLETE
vcjob-2107896150879928322-abc12335-42846-worker-0:132:233 [5] NCCL INFO ncclCommInitRank comm 0x5585ac33aa10 rank 5 nranks 16 cudaDev 5 nvmlDev 5 busId b5000 commId 0x23e8226bd4f7c97f localSize 480 used 282378608 bytes on core 96 - Init COMPLETE
vcjob-2107896150879928322-abc12335-42846-worker-0:130:234 [3] NCCL INFO Init timings: rank 3 nranks 16 total 2.02 (kernels 0.11, bootstrap 0.43, allgathers 0.12, topo 0.90, graphs 0.00, connections 0.33, rest 0.13)
vcjob-2107896150879928322-abc12335-42846-worker-0:134:238 [7] NCCL INFO Init timings: rank 7 nranks 16 total 2.02 (kernels 0.10, bootstrap 0.44, allgathers 0.05, topo 0.98, graphs 0.00, connections 0.29, rest 0.17)
vcjob-2107896150879928322-abc12335-42846-worker-0:132:233 [5] NCCL INFO Init timings: rank 5 nranks 16 total 2.02 (kernels 0.10, bootstrap 0.44, allgathers 0.10, topo 0.92, graphs 0.00, connections 0.29, rest 0.18)
I1008 02:09:57.687495   128 ProcessGroupNCCL.cpp:2890] [PG ID 0 PG GUID 0(default_pg) Rank 1] NCCL_DEBUG: INFO
I1008 02:09:57.687529   130 ProcessGroupNCCL.cpp:2890] [PG ID 0 PG GUID 0(default_pg) Rank 3] NCCL_DEBUG: INFO
I1008 02:09:57.687529   132 ProcessGroupNCCL.cpp:2890] [PG ID 0 PG GUID 0(default_pg) Rank 5] NCCL_DEBUG: INFO
I1008 02:09:57.687624   134 ProcessGroupNCCL.cpp:2890] [PG ID 0 PG GUID 0(default_pg) Rank 7] NCCL_DEBUG: INFO
vcjob-2107896150879928322-abc12335-42846-worker-0:131:237 [4] NCCL INFO TUNER/Plugin: Could not find: librccl-tuner.so librccl-net.so. Using internal tuner plugin.
vcjob-2107896150879928322-abc12335-42846-worker-0:131:237 [4] NCCL INFO ncclCommInitRank comm 0x55693aa697d0 rank 4 nranks 16 cudaDev 4 nvmlDev 4 busId 85000 commId 0x23e8226bd4f7c97f localSize 480 used 282378608 bytes on core 112 - Init COMPLETE
vcjob-2107896150879928322-abc12335-42846-worker-0:131:237 [4] NCCL INFO Init timings: rank 4 nranks 16 total 2.02 (kernels 0.11, bootstrap 0.43, allgathers 0.11, topo 0.91, graphs 0.00, connections 0.33, rest 0.13)
I1008 02:09:57.688956   131 ProcessGroupNCCL.cpp:2890] [PG ID 0 PG GUID 0(default_pg) Rank 4] NCCL_DEBUG: INFO
vcjob-2107896150879928322-abc12335-42846-worker-0:127:232 [0] NCCL INFO TUNER/Plugin: Could not find: librccl-tuner.so librccl-net.so. Using internal tuner plugin.
vcjob-2107896150879928322-abc12335-42846-worker-0:127:232 [0] NCCL INFO ncclCommInitRank comm 0x55664c6ad890 rank 0 nranks 16 cudaDev 0 nvmlDev 0 busId 9000 commId 0x23e8226bd4f7c97f localSize 480 used 225624432 bytes on core 2 - Init COMPLETE
vcjob-2107896150879928322-abc12335-42846-worker-0:127:232 [0] NCCL INFO Init timings: rank 0 nranks 16 total 2.02 (kernels 0.09, bootstrap 0.44, allgathers 0.05, topo 0.97, graphs 0.00, connections 0.46, rest 0.00)
vcjob-2107896150879928322-abc12335-42846-worker-0:133:235 [6] NCCL INFO TUNER/Plugin: Could not find: librccl-tuner.so librccl-net.so. Using internal tuner plugin.
vcjob-2107896150879928322-abc12335-42846-worker-0:129:236 [2] NCCL INFO TUNER/Plugin: Could not find: librccl-tuner.so librccl-net.so. Using internal tuner plugin.
vcjob-2107896150879928322-abc12335-42846-worker-0:129:236 [2] NCCL INFO ncclCommInitRank comm 0x55cb037ed990 rank 2 nranks 16 cudaDev 2 nvmlDev 2 busId 55000 commId 0x23e8226bd4f7c97f localSize 480 used 282378608 bytes on core 40 - Init COMPLETE
vcjob-2107896150879928322-abc12335-42846-worker-0:133:235 [6] NCCL INFO ncclCommInitRank comm 0x55df27ca67a0 rank 6 nranks 16 cudaDev 6 nvmlDev 6 busId d5000 commId 0x23e8226bd4f7c97f localSize 480 used 282378608 bytes on core 97 - Init COMPLETE
vcjob-2107896150879928322-abc12335-42846-worker-0:129:236 [2] NCCL INFO Init timings: rank 2 nranks 16 total 2.02 (kernels 0.10, bootstrap 0.44, allgathers 0.10, topo 0.93, graphs 0.00, connections 0.37, rest 0.09)
vcjob-2107896150879928322-abc12335-42846-worker-0:133:235 [6] NCCL INFO Init timings: rank 6 nranks 16 total 2.02 (kernels 0.11, bootstrap 0.43, allgathers 0.11, topo 0.91, graphs 0.00, connections 0.29, rest 0.17)
I1008 02:09:57.689164   127 ProcessGroupNCCL.cpp:2890] [PG ID 0 PG GUID 0(default_pg) Rank 0] NCCL_DEBUG: INFO
I1008 02:09:57.689260   129 ProcessGroupNCCL.cpp:2890] [PG ID 0 PG GUID 0(default_pg) Rank 2] NCCL_DEBUG: INFO
I1008 02:09:57.689292   133 ProcessGroupNCCL.cpp:2890] [PG ID 0 PG GUID 0(default_pg) Rank 6] NCCL_DEBUG: INFO
/usr/local/lib/python3.11/site-packages/torch/distributed/distributed_c10d.py:4631: UserWarning: No device id is provided via `init_process_group` or `barrier `. Using the current device set by the user. 
  warnings.warn(  # warn only once
/usr/local/lib/python3.11/site-packages/torch/distributed/distributed_c10d.py:4631: UserWarning: No device id is provided via `init_process_group` or `barrier `. Using the current device set by the user. 
  warnings.warn(  # warn only once
/usr/local/lib/python3.11/site-packages/torch/distributed/distributed_c10d.py:4631: UserWarning: No device id is provided via `init_process_group` or `barrier `. Using the current device set by the user. 
  warnings.warn(  # warn only once
/usr/local/lib/python3.11/site-packages/torch/distributed/distributed_c10d.py:4631: UserWarning: No device id is provided via `init_process_group` or `barrier `. Using the current device set by the user. 
  warnings.warn(  # warn only once
/usr/local/lib/python3.11/site-packages/torch/distributed/distributed_c10d.py:4631: UserWarning: No device id is provided via `init_process_group` or `barrier `. Using the current device set by the user. 
  warnings.warn(  # warn only once
/usr/local/lib/python3.11/site-packages/torch/distributed/distributed_c10d.py:4631: UserWarning: No device id is provided via `init_process_group` or `barrier `. Using the current device set by the user. 
  warnings.warn(  # warn only once
GEMM 8192x4096x8192 fp16: 2.00 ms (rank 0)
/usr/local/lib/python3.11/site-packages/torch/distributed/distributed_c10d.py:4631: UserWarning: No device id is provided via `init_process_group` or `barrier `. Using the current device set by the user. 
  warnings.warn(  # warn only once
/usr/local/lib/python3.11/site-packages/torch/distributed/distributed_c10d.py:4631: UserWarning: No device id is provided via `init_process_group` or `barrier `. Using the current device set by the user. 
  warnings.warn(  # warn only once

vcjob-2107896150879928322-abc12335-42846-worker-0:127:127 [0] /data/jenkins_workspace/workspace/rccl_release/build/hipify/src/init.cc:170 NCCL WARN NUMA auto balancing enabled which can lead to variability in the RCCL performance! Disable by "sudo sysctl kernel.numa_balancing=0"
vcjob-2107896150879928322-abc12335-42846-worker-0:127:127 [0] NCCL INFO Kernel version: 5.15.0-25-generic

vcjob-2107896150879928322-abc12335-42846-worker-0:127:127 [0] /data/jenkins_workspace/workspace/rccl_release/build/hipify/src/init.cc:191 NCCL WARN Missing "iommu=pt" from kernel command line which can lead to system instablity or hang!
I1008 02:10:01.854578   127 ProcessGroupNCCL.cpp:2857] [PG ID 0 PG GUID 0(default_pg) Rank 0] ProcessGroupNCCL broadcast unique ID through store took 0.032201 ms
I1008 02:10:01.854605   127 NCCLUtils.cpp:75] Rank 0: creating NCCL communicator with mode: blocking

vcjob-2107896150879928322-abc12335-42846-worker-0:127:127 [0] /data/jenkins_workspace/workspace/rccl_release/build/hipify/src/init.cc:170 NCCL WARN NUMA auto balancing enabled which can lead to variability in the RCCL performance! Disable by "sudo sysctl kernel.numa_balancing=0"
vcjob-2107896150879928322-abc12335-42846-worker-0:127:127 [0] NCCL INFO Kernel version: 5.15.0-25-generic

vcjob-2107896150879928322-abc12335-42846-worker-0:127:127 [0] /data/jenkins_workspace/workspace/rccl_release/build/hipify/src/init.cc:191 NCCL WARN Missing "iommu=pt" from kernel command line which can lead to system instablity or hang!
I1008 02:10:01.854750   128 ProcessGroupNCCL.cpp:2857] [PG ID 0 PG GUID 0(default_pg) Rank 1] ProcessGroupNCCL broadcast unique ID through store took 0.186151 ms
I1008 02:10:01.854813   128 NCCLUtils.cpp:75] Rank 1: creating NCCL communicator with mode: blocking

vcjob-2107896150879928322-abc12335-42846-worker-0:128:128 [1] /data/jenkins_workspace/workspace/rccl_release/build/hipify/src/init.cc:170 NCCL WARN NUMA auto balancing enabled which can lead to variability in the RCCL performance! Disable by "sudo sysctl kernel.numa_balancing=0"
vcjob-2107896150879928322-abc12335-42846-worker-0:128:128 [1] NCCL INFO Kernel version: 5.15.0-25-generic

vcjob-2107896150879928322-abc12335-42846-worker-0:128:128 [1] /data/jenkins_workspace/workspace/rccl_release/build/hipify/src/init.cc:191 NCCL WARN Missing "iommu=pt" from kernel command line which can lead to system instablity or hang!
vcjob-2107896150879928322-abc12335-42846-worker-0:127:127 [0] NCCL INFO Comm config Blocking set to 1
vcjob-2107896150879928322-abc12335-42846-worker-0:127:6555 [0] NCCL INFO Using network Socket
vcjob-2107896150879928322-abc12335-42846-worker-0:127:6555 [0] NCCL INFO rocm_smi_lib: version 7.6.0.0
vcjob-2107896150879928322-abc12335-42846-worker-0:128:128 [1] NCCL INFO Comm config Blocking set to 1
vcjob-2107896150879928322-abc12335-42846-worker-0:128:6556 [1] NCCL INFO Using network Socket
vcjob-2107896150879928322-abc12335-42846-worker-0:128:6556 [1] NCCL INFO rocm_smi_lib: version 7.6.0.0
vcjob-2107896150879928322-abc12335-42846-worker-0:128:6556 [1] NCCL INFO ncclCommInitRank comm 0x5642b1311e20 rank 1 nranks 2 cudaDev 1 nvmlDev 1 busId 36000 commId 0xa56f23d9e098cd42 - Init START
vcjob-2107896150879928322-abc12335-42846-worker-0:127:6555 [0] NCCL INFO ncclCommInitRank comm 0x55666f6035d0 rank 0 nranks 2 cudaDev 0 nvmlDev 0 busId 9000 commId 0xa56f23d9e098cd42 - Init START
vcjob-2107896150879928322-abc12335-42846-worker-0:127:6555 [0] NCCL INFO rank:0 get match hsa dev domain:0x0 bdf:0x900 rank busId:0x36864
vcjob-2107896150879928322-abc12335-42846-worker-0:128:6556 [1] NCCL INFO rank:1 get match hsa dev domain:0x0 bdf:0x3600 rank busId:0x221184
vcjob-2107896150879928322-abc12335-42846-worker-0:128:6556 [1] NCCL INFO XDP Switch is off with xdp_size : 0
vcjob-2107896150879928322-abc12335-42846-worker-0:127:6555 [0] NCCL INFO XDP Switch is off with xdp_size : 0

vcjob-2107896150879928322-abc12335-42846-worker-0:127:6555 [0] /data/jenkins_workspace/workspace/rccl_release/build/hipify/src/graph/xml.cc:1211 NCCL WARN No IB NIC found, the generation of the basic topology has been terminated.

vcjob-2107896150879928322-abc12335-42846-worker-0:128:6556 [1] /data/jenkins_workspace/workspace/rccl_release/build/hipify/src/graph/xml.cc:1211 NCCL WARN No IB NIC found, the generation of the basic topology has been terminated.
vcjob-2107896150879928322-abc12335-42846-worker-0:127:6555 [0] NCCL INFO rocm_smi_lib: version 7.6.0.0
vcjob-2107896150879928322-abc12335-42846-worker-0:128:6556 [1] NCCL INFO rocm_smi_lib: version 7.6.0.0
vcjob-2107896150879928322-abc12335-42846-worker-0:127:6555 [0] NCCL INFO Setting affinity for GPU 0 to ffff
vcjob-2107896150879928322-abc12335-42846-worker-0:127:6555 [0] NCCL INFO Rank:0 Get link topo from rocmDev:0 linkNum:8 link:0 linkState:1 remote type:1 bdf:0x9b00 topoType:2
vcjob-2107896150879928322-abc12335-42846-worker-0:127:6555 [0] NCCL INFO Transport init rank 0 useXdp 0 linkTopoType 2
vcjob-2107896150879928322-abc12335-42846-worker-0:128:6556 [1] NCCL INFO Setting affinity for GPU 1 to ffff0000,00000000
vcjob-2107896150879928322-abc12335-42846-worker-0:128:6556 [1] NCCL INFO Rank:1 Get link topo from rocmDev:0 linkNum:8 link:0 linkState:1 remote type:1 bdf:0x9b00 topoType:2
vcjob-2107896150879928322-abc12335-42846-worker-0:128:6556 [1] NCCL INFO Transport init rank 1 useXdp 0 linkTopoType 2
vcjob-2107896150879928322-abc12335-42846-worker-0:127:6555 [0] NCCL INFO comm 0x55666f6035d0 rank 0 nRanks 2 nNodes 1 localRanks 2 localRank 0 MNNVL 0
vcjob-2107896150879928322-abc12335-42846-worker-0:128:6556 [1] NCCL INFO comm 0x5642b1311e20 rank 1 nRanks 2 nNodes 1 localRanks 2 localRank 1 MNNVL 0
vcjob-2107896150879928322-abc12335-42846-worker-0:127:6555 [0] NCCL INFO Channel 00/32 :    0   1
vcjob-2107896150879928322-abc12335-42846-worker-0:127:6555 [0] NCCL INFO Channel 01/32 :    0   1
vcjob-2107896150879928322-abc12335-42846-worker-0:127:6555 [0] NCCL INFO Channel 02/32 :    0   1
vcjob-2107896150879928322-abc12335-42846-worker-0:127:6555 [0] NCCL INFO Channel 03/32 :    0   1
vcjob-2107896150879928322-abc12335-42846-worker-0:127:6555 [0] NCCL INFO Channel 04/32 :    0   1
vcjob-2107896150879928322-abc12335-42846-worker-0:127:6555 [0] NCCL INFO Channel 05/32 :    0   1
vcjob-2107896150879928322-abc12335-42846-worker-0:127:6555 [0] NCCL INFO Channel 06/32 :    0   1
vcjob-2107896150879928322-abc12335-42846-worker-0:127:6555 [0] NCCL INFO Channel 07/32 :    0   1
vcjob-2107896150879928322-abc12335-42846-worker-0:127:6555 [0] NCCL INFO Channel 08/32 :    0   1
vcjob-2107896150879928322-abc12335-42846-worker-0:128:6556 [1] NCCL INFO Trees [0] -1/-1/-1->1->0 [1] -1/-1/-1->1->0 [2] -1/-1/-1->1->0 [3] 0/-1/-1->1->-1 [4] -1/-1/-1->1->0 [5] -1/-1/-1->1->0 [6] -1/-1/-1->1->0 [7] 0/-1/-1->1->-1 [8] -1/-1/-1->1->0 [9] -1/-1/-1->1->0 [10] -1/-1/-1->1->0 [11] 0/-1/-1->1->-1 [12] -1/-1/-1->1->0 [13] -1/-1/-1->1->0 [14] -1/-1/-1->1->0 [15] 0/-1/-1->1->-1 [16] -1/-1/-1->1->0 [17] -1/-1/-1->1->0 [18] -1/-1/-1->1->0 [19] 0/-1/-1->1->-1 [20] -1/-1/-1->1->0 [21] -1/-1/-1->1->0 [22] -1/-1/-1->1->0 [23] 0/-1/-1->1->-1 [24] -1/-1/-1->1->0 [25] -1/-1/-1->1->0 [26] -1/-1/-1->1->0 [27] 0/-1/-1->1->-1 [28] -1/-1/-1->1->0 [29] -1/-1/-1->1->0 [30] -1/-1/-1->1->0 [31] 0/-1/-1->1->-1 comm 0x5642b1311e20 nRanks 02 busId 36000
vcjob-2107896150879928322-abc12335-42846-worker-0:127:6555 [0] NCCL INFO Channel 09/32 :    0   1
vcjob-2107896150879928322-abc12335-42846-worker-0:127:6555 [0] NCCL INFO Channel 10/32 :    0   1
vcjob-2107896150879928322-abc12335-42846-worker-0:128:6556 [1] NCCL INFO P2P Chunksize set to 262144
vcjob-2107896150879928322-abc12335-42846-worker-0:127:6555 [0] NCCL INFO Channel 11/32 :    0   1
vcjob-2107896150879928322-abc12335-42846-worker-0:127:6555 [0] NCCL INFO Channel 12/32 :    0   1
vcjob-2107896150879928322-abc12335-42846-worker-0:128:6556 [1] NCCL INFO comm->autoPerPeerOn: 1, comm->p2pnChannels: 32, comm->p2pnChannelsPerPeer: 16
vcjob-2107896150879928322-abc12335-42846-worker-0:127:6555 [0] NCCL INFO Channel 13/32 :    0   1
vcjob-2107896150879928322-abc12335-42846-worker-0:127:6555 [0] NCCL INFO Channel 14/32 :    0   1
vcjob-2107896150879928322-abc12335-42846-worker-0:127:6555 [0] NCCL INFO Channel 15/32 :    0   1
vcjob-2107896150879928322-abc12335-42846-worker-0:127:6555 [0] NCCL INFO Channel 16/32 :    0   1
vcjob-2107896150879928322-abc12335-42846-worker-0:127:6555 [0] NCCL INFO Channel 17/32 :    0   1
vcjob-2107896150879928322-abc12335-42846-worker-0:127:6555 [0] NCCL INFO Channel 18/32 :    0   1
vcjob-2107896150879928322-abc12335-42846-worker-0:127:6555 [0] NCCL INFO Channel 19/32 :    0   1
vcjob-2107896150879928322-abc12335-42846-worker-0:127:6555 [0] NCCL INFO Channel 20/32 :    0   1
vcjob-2107896150879928322-abc12335-42846-worker-0:127:6555 [0] NCCL INFO Channel 21/32 :    0   1
vcjob-2107896150879928322-abc12335-42846-worker-0:127:6555 [0] NCCL INFO Channel 22/32 :    0   1
vcjob-2107896150879928322-abc12335-42846-worker-0:127:6555 [0] NCCL INFO Channel 23/32 :    0   1
vcjob-2107896150879928322-abc12335-42846-worker-0:127:6555 [0] NCCL INFO Channel 24/32 :    0   1
vcjob-2107896150879928322-abc12335-42846-worker-0:127:6555 [0] NCCL INFO Channel 25/32 :    0   1
vcjob-2107896150879928322-abc12335-42846-worker-0:127:6555 [0] NCCL INFO Channel 26/32 :    0   1
vcjob-2107896150879928322-abc12335-42846-worker-0:127:6555 [0] NCCL INFO Channel 27/32 :    0   1
vcjob-2107896150879928322-abc12335-42846-worker-0:127:6555 [0] NCCL INFO Channel 28/32 :    0   1
vcjob-2107896150879928322-abc12335-42846-worker-0:127:6555 [0] NCCL INFO Channel 29/32 :    0   1
vcjob-2107896150879928322-abc12335-42846-worker-0:127:6555 [0] NCCL INFO Channel 30/32 :    0   1
vcjob-2107896150879928322-abc12335-42846-worker-0:127:6555 [0] NCCL INFO Channel 31/32 :    0   1
vcjob-2107896150879928322-abc12335-42846-worker-0:127:6555 [0] NCCL INFO Trees [0] 1/-1/-1->0->-1 [1] 1/-1/-1->0->-1 [2] 1/-1/-1->0->-1 [3] -1/-1/-1->0->1 [4] 1/-1/-1->0->-1 [5] 1/-1/-1->0->-1 [6] 1/-1/-1->0->-1 [7] -1/-1/-1->0->1 [8] 1/-1/-1->0->-1 [9] 1/-1/-1->0->-1 [10] 1/-1/-1->0->-1 [11] -1/-1/-1->0->1 [12] 1/-1/-1->0->-1 [13] 1/-1/-1->0->-1 [14] 1/-1/-1->0->-1 [15] -1/-1/-1->0->1 [16] 1/-1/-1->0->-1 [17] 1/-1/-1->0->-1 [18] 1/-1/-1->0->-1 [19] -1/-1/-1->0->1 [20] 1/-1/-1->0->-1 [21] 1/-1/-1->0->-1 [22] 1/-1/-1->0->-1 [23] -1/-1/-1->0->1 [24] 1/-1/-1->0->-1 [25] 1/-1/-1->0->-1 [26] 1/-1/-1->0->-1 [27] -1/-1/-1->0->1 [28] 1/-1/-1->0->-1 [29] 1/-1/-1->0->-1 [30] 1/-1/-1->0->-1 [31] -1/-1/-1->0->1 comm 0x55666f6035d0 nRanks 02 busId 9000
vcjob-2107896150879928322-abc12335-42846-worker-0:127:6555 [0] NCCL INFO P2P Chunksize set to 262144
vcjob-2107896150879928322-abc12335-42846-worker-0:127:6555 [0] NCCL INFO comm->autoPerPeerOn: 1, comm->p2pnChannels: 32, comm->p2pnChannelsPerPeer: 16
vcjob-2107896150879928322-abc12335-42846-worker-0:127:6555 [0] NCCL INFO Channel 00/0 : 0[9000] -> 1[36000] via P2P/IPC comm 0x55666f6035d0 nRanks 02
vcjob-2107896150879928322-abc12335-42846-worker-0:127:6555 [0] NCCL INFO Channel 01/0 : 0[9000] -> 1[36000] via P2P/IPC comm 0x55666f6035d0 nRanks 02
vcjob-2107896150879928322-abc12335-42846-worker-0:127:6555 [0] NCCL INFO Channel 02/0 : 0[9000] -> 1[36000] via P2P/IPC comm 0x55666f6035d0 nRanks 02
vcjob-2107896150879928322-abc12335-42846-worker-0:127:6555 [0] NCCL INFO Channel 03/0 : 0[9000] -> 1[36000] via P2P/IPC comm 0x55666f6035d0 nRanks 02
vcjob-2107896150879928322-abc12335-42846-worker-0:127:6555 [0] NCCL INFO Channel 04/0 : 0[9000] -> 1[36000] via P2P/IPC comm 0x55666f6035d0 nRanks 02
vcjob-2107896150879928322-abc12335-42846-worker-0:127:6555 [0] NCCL INFO Channel 05/0 : 0[9000] -> 1[36000] via P2P/IPC comm 0x55666f6035d0 nRanks 02
vcjob-2107896150879928322-abc12335-42846-worker-0:127:6555 [0] NCCL INFO Channel 06/0 : 0[9000] -> 1[36000] via P2P/IPC comm 0x55666f6035d0 nRanks 02
vcjob-2107896150879928322-abc12335-42846-worker-0:127:6555 [0] NCCL INFO Channel 07/0 : 0[9000] -> 1[36000] via P2P/IPC comm 0x55666f6035d0 nRanks 02
vcjob-2107896150879928322-abc12335-42846-worker-0:127:6555 [0] NCCL INFO Channel 08/0 : 0[9000] -> 1[36000] via P2P/IPC comm 0x55666f6035d0 nRanks 02
vcjob-2107896150879928322-abc12335-42846-worker-0:127:6555 [0] NCCL INFO Channel 09/0 : 0[9000] -> 1[36000] via P2P/IPC comm 0x55666f6035d0 nRanks 02
vcjob-2107896150879928322-abc12335-42846-worker-0:128:6556 [1] NCCL INFO Channel 00/0 : 1[36000] -> 0[9000] via P2P/IPC comm 0x5642b1311e20 nRanks 02
vcjob-2107896150879928322-abc12335-42846-worker-0:127:6555 [0] NCCL INFO Channel 10/0 : 0[9000] -> 1[36000] via P2P/IPC comm 0x55666f6035d0 nRanks 02
vcjob-2107896150879928322-abc12335-42846-worker-0:128:6556 [1] NCCL INFO Channel 01/0 : 1[36000] -> 0[9000] via P2P/IPC comm 0x5642b1311e20 nRanks 02
vcjob-2107896150879928322-abc12335-42846-worker-0:127:6555 [0] NCCL INFO Channel 11/0 : 0[9000] -> 1[36000] via P2P/IPC comm 0x55666f6035d0 nRanks 02
vcjob-2107896150879928322-abc12335-42846-worker-0:128:6556 [1] NCCL INFO Channel 02/0 : 1[36000] -> 0[9000] via P2P/IPC comm 0x5642b1311e20 nRanks 02
vcjob-2107896150879928322-abc12335-42846-worker-0:127:6555 [0] NCCL INFO Channel 12/0 : 0[9000] -> 1[36000] via P2P/IPC comm 0x55666f6035d0 nRanks 02
vcjob-2107896150879928322-abc12335-42846-worker-0:128:6556 [1] NCCL INFO Channel 03/0 : 1[36000] -> 0[9000] via P2P/IPC comm 0x5642b1311e20 nRanks 02
vcjob-2107896150879928322-abc12335-42846-worker-0:127:6555 [0] NCCL INFO Channel 13/0 : 0[9000] -> 1[36000] via P2P/IPC comm 0x55666f6035d0 nRanks 02
vcjob-2107896150879928322-abc12335-42846-worker-0:128:6556 [1] NCCL INFO Channel 04/0 : 1[36000] -> 0[9000] via P2P/IPC comm 0x5642b1311e20 nRanks 02
vcjob-2107896150879928322-abc12335-42846-worker-0:127:6555 [0] NCCL INFO Channel 14/0 : 0[9000] -> 1[36000] via P2P/IPC comm 0x55666f6035d0 nRanks 02
vcjob-2107896150879928322-abc12335-42846-worker-0:128:6556 [1] NCCL INFO Channel 05/0 : 1[36000] -> 0[9000] via P2P/IPC comm 0x5642b1311e20 nRanks 02
vcjob-2107896150879928322-abc12335-42846-worker-0:127:6555 [0] NCCL INFO Channel 15/0 : 0[9000] -> 1[36000] via P2P/IPC comm 0x55666f6035d0 nRanks 02
vcjob-2107896150879928322-abc12335-42846-worker-0:128:6556 [1] NCCL INFO Channel 06/0 : 1[36000] -> 0[9000] via P2P/IPC comm 0x5642b1311e20 nRanks 02
vcjob-2107896150879928322-abc12335-42846-worker-0:127:6555 [0] NCCL INFO Channel 16/0 : 0[9000] -> 1[36000] via P2P/IPC comm 0x55666f6035d0 nRanks 02
vcjob-2107896150879928322-abc12335-42846-worker-0:128:6556 [1] NCCL INFO Channel 07/0 : 1[36000] -> 0[9000] via P2P/IPC comm 0x5642b1311e20 nRanks 02
vcjob-2107896150879928322-abc12335-42846-worker-0:127:6555 [0] NCCL INFO Channel 17/0 : 0[9000] -> 1[36000] via P2P/IPC comm 0x55666f6035d0 nRanks 02
vcjob-2107896150879928322-abc12335-42846-worker-0:128:6556 [1] NCCL INFO Channel 08/0 : 1[36000] -> 0[9000] via P2P/IPC comm 0x5642b1311e20 nRanks 02
vcjob-2107896150879928322-abc12335-42846-worker-0:127:6555 [0] NCCL INFO Channel 18/0 : 0[9000] -> 1[36000] via P2P/IPC comm 0x55666f6035d0 nRanks 02
vcjob-2107896150879928322-abc12335-42846-worker-0:128:6556 [1] NCCL INFO Channel 09/0 : 1[36000] -> 0[9000] via P2P/IPC comm 0x5642b1311e20 nRanks 02
vcjob-2107896150879928322-abc12335-42846-worker-0:127:6555 [0] NCCL INFO Channel 19/0 : 0[9000] -> 1[36000] via P2P/IPC comm 0x55666f6035d0 nRanks 02
vcjob-2107896150879928322-abc12335-42846-worker-0:128:6556 [1] NCCL INFO Channel 10/0 : 1[36000] -> 0[9000] via P2P/IPC comm 0x5642b1311e20 nRanks 02
vcjob-2107896150879928322-abc12335-42846-worker-0:127:6555 [0] NCCL INFO Channel 20/0 : 0[9000] -> 1[36000] via P2P/IPC comm 0x55666f6035d0 nRanks 02
vcjob-2107896150879928322-abc12335-42846-worker-0:128:6556 [1] NCCL INFO Channel 11/0 : 1[36000] -> 0[9000] via P2P/IPC comm 0x5642b1311e20 nRanks 02
vcjob-2107896150879928322-abc12335-42846-worker-0:127:6555 [0] NCCL INFO Channel 21/0 : 0[9000] -> 1[36000] via P2P/IPC comm 0x55666f6035d0 nRanks 02
vcjob-2107896150879928322-abc12335-42846-worker-0:128:6556 [1] NCCL INFO Channel 12/0 : 1[36000] -> 0[9000] via P2P/IPC comm 0x5642b1311e20 nRanks 02
vcjob-2107896150879928322-abc12335-42846-worker-0:127:6555 [0] NCCL INFO Channel 22/0 : 0[9000] -> 1[36000] via P2P/IPC comm 0x55666f6035d0 nRanks 02
vcjob-2107896150879928322-abc12335-42846-worker-0:128:6556 [1] NCCL INFO Channel 13/0 : 1[36000] -> 0[9000] via P2P/IPC comm 0x5642b1311e20 nRanks 02
vcjob-2107896150879928322-abc12335-42846-worker-0:127:6555 [0] NCCL INFO Channel 23/0 : 0[9000] -> 1[36000] via P2P/IPC comm 0x55666f6035d0 nRanks 02
vcjob-2107896150879928322-abc12335-42846-worker-0:128:6556 [1] NCCL INFO Channel 14/0 : 1[36000] -> 0[9000] via P2P/IPC comm 0x5642b1311e20 nRanks 02
vcjob-2107896150879928322-abc12335-42846-worker-0:127:6555 [0] NCCL INFO Channel 24/0 : 0[9000] -> 1[36000] via P2P/IPC comm 0x55666f6035d0 nRanks 02
vcjob-2107896150879928322-abc12335-42846-worker-0:128:6556 [1] NCCL INFO Channel 15/0 : 1[36000] -> 0[9000] via P2P/IPC comm 0x5642b1311e20 nRanks 02
vcjob-2107896150879928322-abc12335-42846-worker-0:127:6555 [0] NCCL INFO Channel 25/0 : 0[9000] -> 1[36000] via P2P/IPC comm 0x55666f6035d0 nRanks 02
vcjob-2107896150879928322-abc12335-42846-worker-0:128:6556 [1] NCCL INFO Channel 16/0 : 1[36000] -> 0[9000] via P2P/IPC comm 0x5642b1311e20 nRanks 02
vcjob-2107896150879928322-abc12335-42846-worker-0:127:6555 [0] NCCL INFO Channel 26/0 : 0[9000] -> 1[36000] via P2P/IPC comm 0x55666f6035d0 nRanks 02
vcjob-2107896150879928322-abc12335-42846-worker-0:128:6556 [1] NCCL INFO Channel 17/0 : 1[36000] -> 0[9000] via P2P/IPC comm 0x5642b1311e20 nRanks 02
vcjob-2107896150879928322-abc12335-42846-worker-0:127:6555 [0] NCCL INFO Channel 27/0 : 0[9000] -> 1[36000] via P2P/IPC comm 0x55666f6035d0 nRanks 02
vcjob-2107896150879928322-abc12335-42846-worker-0:128:6556 [1] NCCL INFO Channel 18/0 : 1[36000] -> 0[9000] via P2P/IPC comm 0x5642b1311e20 nRanks 02
vcjob-2107896150879928322-abc12335-42846-worker-0:127:6555 [0] NCCL INFO Channel 28/0 : 0[9000] -> 1[36000] via P2P/IPC comm 0x55666f6035d0 nRanks 02
vcjob-2107896150879928322-abc12335-42846-worker-0:128:6556 [1] NCCL INFO Channel 19/0 : 1[36000] -> 0[9000] via P2P/IPC comm 0x5642b1311e20 nRanks 02
vcjob-2107896150879928322-abc12335-42846-worker-0:127:6555 [0] NCCL INFO Channel 29/0 : 0[9000] -> 1[36000] via P2P/IPC comm 0x55666f6035d0 nRanks 02
vcjob-2107896150879928322-abc12335-42846-worker-0:128:6556 [1] NCCL INFO Channel 20/0 : 1[36000] -> 0[9000] via P2P/IPC comm 0x5642b1311e20 nRanks 02
vcjob-2107896150879928322-abc12335-42846-worker-0:127:6555 [0] NCCL INFO Channel 30/0 : 0[9000] -> 1[36000] via P2P/IPC comm 0x55666f6035d0 nRanks 02
vcjob-2107896150879928322-abc12335-42846-worker-0:128:6556 [1] NCCL INFO Channel 21/0 : 1[36000] -> 0[9000] via P2P/IPC comm 0x5642b1311e20 nRanks 02
vcjob-2107896150879928322-abc12335-42846-worker-0:127:6555 [0] NCCL INFO Channel 31/0 : 0[9000] -> 1[36000] via P2P/IPC comm 0x55666f6035d0 nRanks 02
vcjob-2107896150879928322-abc12335-42846-worker-0:128:6556 [1] NCCL INFO Channel 22/0 : 1[36000] -> 0[9000] via P2P/IPC comm 0x5642b1311e20 nRanks 02
vcjob-2107896150879928322-abc12335-42846-worker-0:128:6556 [1] NCCL INFO Channel 23/0 : 1[36000] -> 0[9000] via P2P/IPC comm 0x5642b1311e20 nRanks 02
vcjob-2107896150879928322-abc12335-42846-worker-0:128:6556 [1] NCCL INFO Channel 24/0 : 1[36000] -> 0[9000] via P2P/IPC comm 0x5642b1311e20 nRanks 02
vcjob-2107896150879928322-abc12335-42846-worker-0:128:6556 [1] NCCL INFO Channel 25/0 : 1[36000] -> 0[9000] via P2P/IPC comm 0x5642b1311e20 nRanks 02
vcjob-2107896150879928322-abc12335-42846-worker-0:128:6556 [1] NCCL INFO Channel 26/0 : 1[36000] -> 0[9000] via P2P/IPC comm 0x5642b1311e20 nRanks 02
vcjob-2107896150879928322-abc12335-42846-worker-0:128:6556 [1] NCCL INFO Channel 27/0 : 1[36000] -> 0[9000] via P2P/IPC comm 0x5642b1311e20 nRanks 02
vcjob-2107896150879928322-abc12335-42846-worker-0:128:6556 [1] NCCL INFO Channel 28/0 : 1[36000] -> 0[9000] via P2P/IPC comm 0x5642b1311e20 nRanks 02
vcjob-2107896150879928322-abc12335-42846-worker-0:128:6556 [1] NCCL INFO Channel 29/0 : 1[36000] -> 0[9000] via P2P/IPC comm 0x5642b1311e20 nRanks 02
vcjob-2107896150879928322-abc12335-42846-worker-0:128:6556 [1] NCCL INFO Channel 30/0 : 1[36000] -> 0[9000] via P2P/IPC comm 0x5642b1311e20 nRanks 02
vcjob-2107896150879928322-abc12335-42846-worker-0:128:6556 [1] NCCL INFO Channel 31/0 : 1[36000] -> 0[9000] via P2P/IPC comm 0x5642b1311e20 nRanks 02
vcjob-2107896150879928322-abc12335-42846-worker-0:127:6555 [0] NCCL INFO Connected all rings
vcjob-2107896150879928322-abc12335-42846-worker-0:128:6556 [1] NCCL INFO Connected all rings
vcjob-2107896150879928322-abc12335-42846-worker-0:127:6555 [0] NCCL INFO Connected all trees
vcjob-2107896150879928322-abc12335-42846-worker-0:128:6556 [1] NCCL INFO Connected all trees
vcjob-2107896150879928322-abc12335-42846-worker-0:128:6556 [1] NCCL INFO threadThresholds 8/8/64 | 16/8/64 | 256 | 256
vcjob-2107896150879928322-abc12335-42846-worker-0:128:6556 [1] NCCL INFO 32 coll channels, 32 collnet channels, 0 nvls channels, 32 p2p channels, 16 p2p channels per peer
vcjob-2107896150879928322-abc12335-42846-worker-0:127:6555 [0] NCCL INFO threadThresholds 8/8/64 | 16/8/64 | 256 | 256
vcjob-2107896150879928322-abc12335-42846-worker-0:127:6555 [0] NCCL INFO 32 coll channels, 32 collnet channels, 0 nvls channels, 32 p2p channels, 16 p2p channels per peer
vcjob-2107896150879928322-abc12335-42846-worker-0:127:6555 [0] NCCL INFO CC Off, Multi-GPU CC Off, workFifoBytes 4194304
vcjob-2107896150879928322-abc12335-42846-worker-0:127:6555 [0] NCCL INFO ncclCommInitRank comm 0x55666f6035d0 rank 0 nranks 2 cudaDev 0 nvmlDev 0 busId 9000 commId 0xa56f23d9e098cd42 localSize 480 used 383681504 bytes on core 2 - Init COMPLETE
vcjob-2107896150879928322-abc12335-42846-worker-0:127:6555 [0] NCCL INFO Init timings: rank 0 nranks 2 total 0.36 (kernels 0.00, bootstrap 0.07, allgathers 0.01, topo 0.20, graphs 0.00, connections 0.08, rest 0.00)
vcjob-2107896150879928322-abc12335-42846-worker-0:128:6556 [1] NCCL INFO ncclCommInitRank comm 0x5642b1311e20 rank 1 nranks 2 cudaDev 1 nvmlDev 1 busId 36000 commId 0xa56f23d9e098cd42 localSize 480 used 440435680 bytes on core 48 - Init COMPLETE
vcjob-2107896150879928322-abc12335-42846-worker-0:128:6556 [1] NCCL INFO Init timings: rank 1 nranks 2 total 0.36 (kernels 0.00, bootstrap 0.07, allgathers 0.00, topo 0.21, graphs 0.00, connections 0.08, rest 0.00)
I1008 02:10:02.213233   127 ProcessGroupNCCL.cpp:2890] [PG ID 0 PG GUID 0(default_pg) Rank 0] NCCL_DEBUG: INFO
I1008 02:10:02.213318   128 ProcessGroupNCCL.cpp:2890] [PG ID 0 PG GUID 0(default_pg) Rank 1] NCCL_DEBUG: INFO
vcjob-2107896150879928322-abc12335-42846-worker-0:128:6562 [1] NCCL INFO Channel 01/1 : 1[36000] -> 0[9000] via P2P/IPC comm 0x5642b1311e20 nRanks 02
vcjob-2107896150879928322-abc12335-42846-worker-0:128:6562 [1] NCCL INFO Channel 03/1 : 1[36000] -> 0[9000] via P2P/IPC comm 0x5642b1311e20 nRanks 02
vcjob-2107896150879928322-abc12335-42846-worker-0:128:6562 [1] NCCL INFO Channel 05/1 : 1[36000] -> 0[9000] via P2P/IPC comm 0x5642b1311e20 nRanks 02
vcjob-2107896150879928322-abc12335-42846-worker-0:128:6562 [1] NCCL INFO Channel 07/1 : 1[36000] -> 0[9000] via P2P/IPC comm 0x5642b1311e20 nRanks 02
vcjob-2107896150879928322-abc12335-42846-worker-0:128:6562 [1] NCCL INFO Channel 09/1 : 1[36000] -> 0[9000] via P2P/IPC comm 0x5642b1311e20 nRanks 02
vcjob-2107896150879928322-abc12335-42846-worker-0:128:6562 [1] NCCL INFO Channel 11/1 : 1[36000] -> 0[9000] via P2P/IPC comm 0x5642b1311e20 nRanks 02
vcjob-2107896150879928322-abc12335-42846-worker-0:128:6562 [1] NCCL INFO Channel 13/1 : 1[36000] -> 0[9000] via P2P/IPC comm 0x5642b1311e20 nRanks 02
vcjob-2107896150879928322-abc12335-42846-worker-0:128:6562 [1] NCCL INFO Channel 15/1 : 1[36000] -> 0[9000] via P2P/IPC comm 0x5642b1311e20 nRanks 02
vcjob-2107896150879928322-abc12335-42846-worker-0:128:6562 [1] NCCL INFO Channel 17/1 : 1[36000] -> 0[9000] via P2P/IPC comm 0x5642b1311e20 nRanks 02
vcjob-2107896150879928322-abc12335-42846-worker-0:128:6562 [1] NCCL INFO Channel 19/1 : 1[36000] -> 0[9000] via P2P/IPC comm 0x5642b1311e20 nRanks 02
vcjob-2107896150879928322-abc12335-42846-worker-0:128:6562 [1] NCCL INFO Channel 21/1 : 1[36000] -> 0[9000] via P2P/IPC comm 0x5642b1311e20 nRanks 02
vcjob-2107896150879928322-abc12335-42846-worker-0:128:6562 [1] NCCL INFO Channel 23/1 : 1[36000] -> 0[9000] via P2P/IPC comm 0x5642b1311e20 nRanks 02
vcjob-2107896150879928322-abc12335-42846-worker-0:128:6562 [1] NCCL INFO Channel 25/1 : 1[36000] -> 0[9000] via P2P/IPC comm 0x5642b1311e20 nRanks 02
vcjob-2107896150879928322-abc12335-42846-worker-0:128:6562 [1] NCCL INFO Channel 27/1 : 1[36000] -> 0[9000] via P2P/IPC comm 0x5642b1311e20 nRanks 02
vcjob-2107896150879928322-abc12335-42846-worker-0:128:6562 [1] NCCL INFO Channel 29/1 : 1[36000] -> 0[9000] via P2P/IPC comm 0x5642b1311e20 nRanks 02
vcjob-2107896150879928322-abc12335-42846-worker-0:128:6562 [1] NCCL INFO Channel 31/1 : 1[36000] -> 0[9000] via P2P/IPC comm 0x5642b1311e20 nRanks 02

vcjob-2107896150879928322-abc12335-42846-worker-0:127:127 [0] /data/jenkins_workspace/workspace/rccl_release/build/hipify/src/init.cc:170 NCCL WARN NUMA auto balancing enabled which can lead to variability in the RCCL performance! Disable by "sudo sysctl kernel.numa_balancing=0"
vcjob-2107896150879928322-abc12335-42846-worker-0:127:127 [0] NCCL INFO Kernel version: 5.15.0-25-generic

vcjob-2107896150879928322-abc12335-42846-worker-0:127:127 [0] /data/jenkins_workspace/workspace/rccl_release/build/hipify/src/init.cc:191 NCCL WARN Missing "iommu=pt" from kernel command line which can lead to system instablity or hang!
I1008 02:10:02.251094   127 ProcessGroupNCCL.cpp:2857] [PG ID 0 PG GUID 0(default_pg) Rank 0] ProcessGroupNCCL broadcast unique ID through store took 0.077511 ms
I1008 02:10:02.251125   127 NCCLUtils.cpp:75] Rank 0: creating NCCL communicator with mode: blocking

vcjob-2107896150879928322-abc12335-42846-worker-0:127:127 [0] /data/jenkins_workspace/workspace/rccl_release/build/hipify/src/init.cc:170 NCCL WARN NUMA auto balancing enabled which can lead to variability in the RCCL performance! Disable by "sudo sysctl kernel.numa_balancing=0"
vcjob-2107896150879928322-abc12335-42846-worker-0:127:127 [0] NCCL INFO Kernel version: 5.15.0-25-generic

vcjob-2107896150879928322-abc12335-42846-worker-0:127:127 [0] /data/jenkins_workspace/workspace/rccl_release/build/hipify/src/init.cc:191 NCCL WARN Missing "iommu=pt" from kernel command line which can lead to system instablity or hang!
I1008 02:10:02.251341   129 ProcessGroupNCCL.cpp:2857] [PG ID 0 PG GUID 0(default_pg) Rank 2] ProcessGroupNCCL broadcast unique ID through store took 396.656 ms
I1008 02:10:02.251441   129 NCCLUtils.cpp:75] Rank 1: creating NCCL communicator with mode: blocking

vcjob-2107896150879928322-abc12335-42846-worker-0:129:129 [2] /data/jenkins_workspace/workspace/rccl_release/build/hipify/src/init.cc:170 NCCL WARN NUMA auto balancing enabled which can lead to variability in the RCCL performance! Disable by "sudo sysctl kernel.numa_balancing=0"
vcjob-2107896150879928322-abc12335-42846-worker-0:129:129 [2] NCCL INFO Kernel version: 5.15.0-25-generic
vcjob-2107896150879928322-abc12335-42846-worker-0:127:127 [0] NCCL INFO Comm config Blocking set to 1

vcjob-2107896150879928322-abc12335-42846-worker-0:129:129 [2] /data/jenkins_workspace/workspace/rccl_release/build/hipify/src/init.cc:191 NCCL WARN Missing "iommu=pt" from kernel command line which can lead to system instablity or hang!
vcjob-2107896150879928322-abc12335-42846-worker-0:127:6564 [0] NCCL INFO Using network Socket
vcjob-2107896150879928322-abc12335-42846-worker-0:127:6564 [0] NCCL INFO rocm_smi_lib: version 7.6.0.0
vcjob-2107896150879928322-abc12335-42846-worker-0:129:129 [2] NCCL INFO Comm config Blocking set to 1
vcjob-2107896150879928322-abc12335-42846-worker-0:129:6565 [2] NCCL INFO Using network Socket
vcjob-2107896150879928322-abc12335-42846-worker-0:129:6565 [2] NCCL INFO rocm_smi_lib: version 7.6.0.0
vcjob-2107896150879928322-abc12335-42846-worker-0:127:6564 [0] NCCL INFO ncclCommInitRank comm 0x55666f6bedb0 rank 0 nranks 2 cudaDev 0 nvmlDev 0 busId 9000 commId 0x5d5ab836b3721638 - Init START
vcjob-2107896150879928322-abc12335-42846-worker-0:129:6565 [2] NCCL INFO ncclCommInitRank comm 0x55cb266d0840 rank 1 nranks 2 cudaDev 2 nvmlDev 2 busId 55000 commId 0x5d5ab836b3721638 - Init START
vcjob-2107896150879928322-abc12335-42846-worker-0:129:6565 [2] NCCL INFO rank:1 get match hsa dev domain:0x0 bdf:0x5500 rank busId:0x348160
vcjob-2107896150879928322-abc12335-42846-worker-0:127:6564 [0] NCCL INFO rank:0 get match hsa dev domain:0x0 bdf:0x900 rank busId:0x36864
vcjob-2107896150879928322-abc12335-42846-worker-0:129:6565 [2] NCCL INFO XDP Switch is off with xdp_size : 0
vcjob-2107896150879928322-abc12335-42846-worker-0:127:6564 [0] NCCL INFO XDP Switch is off with xdp_size : 0

vcjob-2107896150879928322-abc12335-42846-worker-0:129:6565 [2] /data/jenkins_workspace/workspace/rccl_release/build/hipify/src/graph/xml.cc:1211 NCCL WARN No IB NIC found, the generation of the basic topology has been terminated.

vcjob-2107896150879928322-abc12335-42846-worker-0:127:6564 [0] /data/jenkins_workspace/workspace/rccl_release/build/hipify/src/graph/xml.cc:1211 NCCL WARN No IB NIC found, the generation of the basic topology has been terminated.
vcjob-2107896150879928322-abc12335-42846-worker-0:127:6564 [0] NCCL INFO rocm_smi_lib: version 7.6.0.0
vcjob-2107896150879928322-abc12335-42846-worker-0:129:6565 [2] NCCL INFO rocm_smi_lib: version 7.6.0.0
vcjob-2107896150879928322-abc12335-42846-worker-0:127:6564 [0] NCCL INFO Setting affinity for GPU 0 to ffff
vcjob-2107896150879928322-abc12335-42846-worker-0:127:6564 [0] NCCL INFO Rank:0 Get link topo from rocmDev:0 linkNum:8 link:0 linkState:1 remote type:1 bdf:0x9b00 topoType:2
vcjob-2107896150879928322-abc12335-42846-worker-0:127:6564 [0] NCCL INFO Transport init rank 0 useXdp 0 linkTopoType 2
vcjob-2107896150879928322-abc12335-42846-worker-0:129:6565 [2] NCCL INFO Setting affinity for GPU 2 to ffff,00000000
vcjob-2107896150879928322-abc12335-42846-worker-0:129:6565 [2] NCCL INFO Rank:1 Get link topo from rocmDev:0 linkNum:8 link:0 linkState:1 remote type:1 bdf:0x9b00 topoType:2
vcjob-2107896150879928322-abc12335-42846-worker-0:129:6565 [2] NCCL INFO Transport init rank 1 useXdp 0 linkTopoType 2
vcjob-2107896150879928322-abc12335-42846-worker-0:129:6565 [2] NCCL INFO comm 0x55cb266d0840 rank 1 nRanks 2 nNodes 1 localRanks 2 localRank 1 MNNVL 0
vcjob-2107896150879928322-abc12335-42846-worker-0:127:6564 [0] NCCL INFO comm 0x55666f6bedb0 rank 0 nRanks 2 nNodes 1 localRanks 2 localRank 0 MNNVL 0
vcjob-2107896150879928322-abc12335-42846-worker-0:127:6564 [0] NCCL INFO Channel 00/32 :    0   1
vcjob-2107896150879928322-abc12335-42846-worker-0:127:6564 [0] NCCL INFO Channel 01/32 :    0   1
vcjob-2107896150879928322-abc12335-42846-worker-0:127:6564 [0] NCCL INFO Channel 02/32 :    0   1
vcjob-2107896150879928322-abc12335-42846-worker-0:127:6564 [0] NCCL INFO Channel 03/32 :    0   1
vcjob-2107896150879928322-abc12335-42846-worker-0:129:6565 [2] NCCL INFO Trees [0] -1/-1/-1->1->0 [1] -1/-1/-1->1->0 [2] -1/-1/-1->1->0 [3] 0/-1/-1->1->-1 [4] -1/-1/-1->1->0 [5] -1/-1/-1->1->0 [6] -1/-1/-1->1->0 [7] 0/-1/-1->1->-1 [8] -1/-1/-1->1->0 [9] -1/-1/-1->1->0 [10] -1/-1/-1->1->0 [11] 0/-1/-1->1->-1 [12] -1/-1/-1->1->0 [13] -1/-1/-1->1->0 [14] -1/-1/-1->1->0 [15] 0/-1/-1->1->-1 [16] -1/-1/-1->1->0 [17] -1/-1/-1->1->0 [18] -1/-1/-1->1->0 [19] 0/-1/-1->1->-1 [20] -1/-1/-1->1->0 [21] -1/-1/-1->1->0 [22] -1/-1/-1->1->0 [23] 0/-1/-1->1->-1 [24] -1/-1/-1->1->0 [25] -1/-1/-1->1->0 [26] -1/-1/-1->1->0 [27] 0/-1/-1->1->-1 [28] -1/-1/-1->1->0 [29] -1/-1/-1->1->0 [30] -1/-1/-1->1->0 [31] 0/-1/-1->1->-1 comm 0x55cb266d0840 nRanks 02 busId 55000
vcjob-2107896150879928322-abc12335-42846-worker-0:127:6564 [0] NCCL INFO Channel 04/32 :    0   1
vcjob-2107896150879928322-abc12335-42846-worker-0:129:6565 [2] NCCL INFO P2P Chunksize set to 262144
vcjob-2107896150879928322-abc12335-42846-worker-0:127:6564 [0] NCCL INFO Channel 05/32 :    0   1
vcjob-2107896150879928322-abc12335-42846-worker-0:127:6564 [0] NCCL INFO Channel 06/32 :    0   1
vcjob-2107896150879928322-abc12335-42846-worker-0:129:6565 [2] NCCL INFO comm->autoPerPeerOn: 1, comm->p2pnChannels: 32, comm->p2pnChannelsPerPeer: 16
vcjob-2107896150879928322-abc12335-42846-worker-0:127:6564 [0] NCCL INFO Channel 07/32 :    0   1
vcjob-2107896150879928322-abc12335-42846-worker-0:127:6564 [0] NCCL INFO Channel 08/32 :    0   1
vcjob-2107896150879928322-abc12335-42846-worker-0:127:6564 [0] NCCL INFO Channel 09/32 :    0   1
vcjob-2107896150879928322-abc12335-42846-worker-0:127:6564 [0] NCCL INFO Channel 10/32 :    0   1
vcjob-2107896150879928322-abc12335-42846-worker-0:127:6564 [0] NCCL INFO Channel 11/32 :    0   1
vcjob-2107896150879928322-abc12335-42846-worker-0:127:6564 [0] NCCL INFO Channel 12/32 :    0   1
vcjob-2107896150879928322-abc12335-42846-worker-0:127:6564 [0] NCCL INFO Channel 13/32 :    0   1
vcjob-2107896150879928322-abc12335-42846-worker-0:127:6564 [0] NCCL INFO Channel 14/32 :    0   1
vcjob-2107896150879928322-abc12335-42846-worker-0:127:6564 [0] NCCL INFO Channel 15/32 :    0   1
vcjob-2107896150879928322-abc12335-42846-worker-0:127:6564 [0] NCCL INFO Channel 16/32 :    0   1
vcjob-2107896150879928322-abc12335-42846-worker-0:127:6564 [0] NCCL INFO Channel 17/32 :    0   1
vcjob-2107896150879928322-abc12335-42846-worker-0:127:6564 [0] NCCL INFO Channel 18/32 :    0   1
vcjob-2107896150879928322-abc12335-42846-worker-0:127:6564 [0] NCCL INFO Channel 19/32 :    0   1
vcjob-2107896150879928322-abc12335-42846-worker-0:127:6564 [0] NCCL INFO Channel 20/32 :    0   1
vcjob-2107896150879928322-abc12335-42846-worker-0:127:6564 [0] NCCL INFO Channel 21/32 :    0   1
vcjob-2107896150879928322-abc12335-42846-worker-0:127:6564 [0] NCCL INFO Channel 22/32 :    0   1
vcjob-2107896150879928322-abc12335-42846-worker-0:127:6564 [0] NCCL INFO Channel 23/32 :    0   1
vcjob-2107896150879928322-abc12335-42846-worker-0:127:6564 [0] NCCL INFO Channel 24/32 :    0   1
vcjob-2107896150879928322-abc12335-42846-worker-0:127:6564 [0] NCCL INFO Channel 25/32 :    0   1
vcjob-2107896150879928322-abc12335-42846-worker-0:127:6564 [0] NCCL INFO Channel 26/32 :    0   1
vcjob-2107896150879928322-abc12335-42846-worker-0:127:6564 [0] NCCL INFO Channel 27/32 :    0   1
vcjob-2107896150879928322-abc12335-42846-worker-0:127:6564 [0] NCCL INFO Channel 28/32 :    0   1
vcjob-2107896150879928322-abc12335-42846-worker-0:127:6564 [0] NCCL INFO Channel 29/32 :    0   1
vcjob-2107896150879928322-abc12335-42846-worker-0:127:6564 [0] NCCL INFO Channel 30/32 :    0   1
vcjob-2107896150879928322-abc12335-42846-worker-0:127:6564 [0] NCCL INFO Channel 31/32 :    0   1
vcjob-2107896150879928322-abc12335-42846-worker-0:127:6564 [0] NCCL INFO Trees [0] 1/-1/-1->0->-1 [1] 1/-1/-1->0->-1 [2] 1/-1/-1->0->-1 [3] -1/-1/-1->0->1 [4] 1/-1/-1->0->-1 [5] 1/-1/-1->0->-1 [6] 1/-1/-1->0->-1 [7] -1/-1/-1->0->1 [8] 1/-1/-1->0->-1 [9] 1/-1/-1->0->-1 [10] 1/-1/-1->0->-1 [11] -1/-1/-1->0->1 [12] 1/-1/-1->0->-1 [13] 1/-1/-1->0->-1 [14] 1/-1/-1->0->-1 [15] -1/-1/-1->0->1 [16] 1/-1/-1->0->-1 [17] 1/-1/-1->0->-1 [18] 1/-1/-1->0->-1 [19] -1/-1/-1->0->1 [20] 1/-1/-1->0->-1 [21] 1/-1/-1->0->-1 [22] 1/-1/-1->0->-1 [23] -1/-1/-1->0->1 [24] 1/-1/-1->0->-1 [25] 1/-1/-1->0->-1 [26] 1/-1/-1->0->-1 [27] -1/-1/-1->0->1 [28] 1/-1/-1->0->-1 [29] 1/-1/-1->0->-1 [30] 1/-1/-1->0->-1 [31] -1/-1/-1->0->1 comm 0x55666f6bedb0 nRanks 02 busId 9000
vcjob-2107896150879928322-abc12335-42846-worker-0:127:6564 [0] NCCL INFO P2P Chunksize set to 262144
vcjob-2107896150879928322-abc12335-42846-worker-0:127:6564 [0] NCCL INFO comm->autoPerPeerOn: 1, comm->p2pnChannels: 32, comm->p2pnChannelsPerPeer: 16
vcjob-2107896150879928322-abc12335-42846-worker-0:127:6564 [0] NCCL INFO Channel 00/0 : 0[9000] -> 1[55000] via P2P/IPC comm 0x55666f6bedb0 nRanks 02
vcjob-2107896150879928322-abc12335-42846-worker-0:127:6564 [0] NCCL INFO Channel 01/0 : 0[9000] -> 1[55000] via P2P/IPC comm 0x55666f6bedb0 nRanks 02
vcjob-2107896150879928322-abc12335-42846-worker-0:127:6564 [0] NCCL INFO Channel 02/0 : 0[9000] -> 1[55000] via P2P/IPC comm 0x55666f6bedb0 nRanks 02
vcjob-2107896150879928322-abc12335-42846-worker-0:127:6564 [0] NCCL INFO Channel 03/0 : 0[9000] -> 1[55000] via P2P/IPC comm 0x55666f6bedb0 nRanks 02
vcjob-2107896150879928322-abc12335-42846-worker-0:127:6564 [0] NCCL INFO Channel 04/0 : 0[9000] -> 1[55000] via P2P/IPC comm 0x55666f6bedb0 nRanks 02
vcjob-2107896150879928322-abc12335-42846-worker-0:127:6564 [0] NCCL INFO Channel 05/0 : 0[9000] -> 1[55000] via P2P/IPC comm 0x55666f6bedb0 nRanks 02
vcjob-2107896150879928322-abc12335-42846-worker-0:127:6564 [0] NCCL INFO Channel 06/0 : 0[9000] -> 1[55000] via P2P/IPC comm 0x55666f6bedb0 nRanks 02
vcjob-2107896150879928322-abc12335-42846-worker-0:127:6564 [0] NCCL INFO Channel 07/0 : 0[9000] -> 1[55000] via P2P/IPC comm 0x55666f6bedb0 nRanks 02
vcjob-2107896150879928322-abc12335-42846-worker-0:127:6564 [0] NCCL INFO Channel 08/0 : 0[9000] -> 1[55000] via P2P/IPC comm 0x55666f6bedb0 nRanks 02
vcjob-2107896150879928322-abc12335-42846-worker-0:127:6564 [0] NCCL INFO Channel 09/0 : 0[9000] -> 1[55000] via P2P/IPC comm 0x55666f6bedb0 nRanks 02
vcjob-2107896150879928322-abc12335-42846-worker-0:127:6564 [0] NCCL INFO Channel 10/0 : 0[9000] -> 1[55000] via P2P/IPC comm 0x55666f6bedb0 nRanks 02
vcjob-2107896150879928322-abc12335-42846-worker-0:127:6564 [0] NCCL INFO Channel 11/0 : 0[9000] -> 1[55000] via P2P/IPC comm 0x55666f6bedb0 nRanks 02
vcjob-2107896150879928322-abc12335-42846-worker-0:127:6564 [0] NCCL INFO Channel 12/0 : 0[9000] -> 1[55000] via P2P/IPC comm 0x55666f6bedb0 nRanks 02
vcjob-2107896150879928322-abc12335-42846-worker-0:127:6564 [0] NCCL INFO Channel 13/0 : 0[9000] -> 1[55000] via P2P/IPC comm 0x55666f6bedb0 nRanks 02
vcjob-2107896150879928322-abc12335-42846-worker-0:127:6564 [0] NCCL INFO Channel 14/0 : 0[9000] -> 1[55000] via P2P/IPC comm 0x55666f6bedb0 nRanks 02
vcjob-2107896150879928322-abc12335-42846-worker-0:127:6564 [0] NCCL INFO Channel 15/0 : 0[9000] -> 1[55000] via P2P/IPC comm 0x55666f6bedb0 nRanks 02
vcjob-2107896150879928322-abc12335-42846-worker-0:127:6564 [0] NCCL INFO Channel 16/0 : 0[9000] -> 1[55000] via P2P/IPC comm 0x55666f6bedb0 nRanks 02
vcjob-2107896150879928322-abc12335-42846-worker-0:127:6564 [0] NCCL INFO Channel 17/0 : 0[9000] -> 1[55000] via P2P/IPC comm 0x55666f6bedb0 nRanks 02
vcjob-2107896150879928322-abc12335-42846-worker-0:127:6564 [0] NCCL INFO Channel 18/0 : 0[9000] -> 1[55000] via P2P/IPC comm 0x55666f6bedb0 nRanks 02
vcjob-2107896150879928322-abc12335-42846-worker-0:127:6564 [0] NCCL INFO Channel 19/0 : 0[9000] -> 1[55000] via P2P/IPC comm 0x55666f6bedb0 nRanks 02
vcjob-2107896150879928322-abc12335-42846-worker-0:129:6565 [2] NCCL INFO Channel 00/0 : 1[55000] -> 0[9000] via P2P/IPC comm 0x55cb266d0840 nRanks 02
vcjob-2107896150879928322-abc12335-42846-worker-0:127:6564 [0] NCCL INFO Channel 20/0 : 0[9000] -> 1[55000] via P2P/IPC comm 0x55666f6bedb0 nRanks 02
vcjob-2107896150879928322-abc12335-42846-worker-0:129:6565 [2] NCCL INFO Channel 01/0 : 1[55000] -> 0[9000] via P2P/IPC comm 0x55cb266d0840 nRanks 02
vcjob-2107896150879928322-abc12335-42846-worker-0:127:6564 [0] NCCL INFO Channel 21/0 : 0[9000] -> 1[55000] via P2P/IPC comm 0x55666f6bedb0 nRanks 02
vcjob-2107896150879928322-abc12335-42846-worker-0:129:6565 [2] NCCL INFO Channel 02/0 : 1[55000] -> 0[9000] via P2P/IPC comm 0x55cb266d0840 nRanks 02
vcjob-2107896150879928322-abc12335-42846-worker-0:127:6564 [0] NCCL INFO Channel 22/0 : 0[9000] -> 1[55000] via P2P/IPC comm 0x55666f6bedb0 nRanks 02
vcjob-2107896150879928322-abc12335-42846-worker-0:129:6565 [2] NCCL INFO Channel 03/0 : 1[55000] -> 0[9000] via P2P/IPC comm 0x55cb266d0840 nRanks 02
vcjob-2107896150879928322-abc12335-42846-worker-0:127:6564 [0] NCCL INFO Channel 23/0 : 0[9000] -> 1[55000] via P2P/IPC comm 0x55666f6bedb0 nRanks 02
vcjob-2107896150879928322-abc12335-42846-worker-0:129:6565 [2] NCCL INFO Channel 04/0 : 1[55000] -> 0[9000] via P2P/IPC comm 0x55cb266d0840 nRanks 02
vcjob-2107896150879928322-abc12335-42846-worker-0:127:6564 [0] NCCL INFO Channel 24/0 : 0[9000] -> 1[55000] via P2P/IPC comm 0x55666f6bedb0 nRanks 02
vcjob-2107896150879928322-abc12335-42846-worker-0:129:6565 [2] NCCL INFO Channel 05/0 : 1[55000] -> 0[9000] via P2P/IPC comm 0x55cb266d0840 nRanks 02
vcjob-2107896150879928322-abc12335-42846-worker-0:127:6564 [0] NCCL INFO Channel 25/0 : 0[9000] -> 1[55000] via P2P/IPC comm 0x55666f6bedb0 nRanks 02
vcjob-2107896150879928322-abc12335-42846-worker-0:129:6565 [2] NCCL INFO Channel 06/0 : 1[55000] -> 0[9000] via P2P/IPC comm 0x55cb266d0840 nRanks 02
vcjob-2107896150879928322-abc12335-42846-worker-0:127:6564 [0] NCCL INFO Channel 26/0 : 0[9000] -> 1[55000] via P2P/IPC comm 0x55666f6bedb0 nRanks 02
vcjob-2107896150879928322-abc12335-42846-worker-0:129:6565 [2] NCCL INFO Channel 07/0 : 1[55000] -> 0[9000] via P2P/IPC comm 0x55cb266d0840 nRanks 02
vcjob-2107896150879928322-abc12335-42846-worker-0:127:6564 [0] NCCL INFO Channel 27/0 : 0[9000] -> 1[55000] via P2P/IPC comm 0x55666f6bedb0 nRanks 02
vcjob-2107896150879928322-abc12335-42846-worker-0:129:6565 [2] NCCL INFO Channel 08/0 : 1[55000] -> 0[9000] via P2P/IPC comm 0x55cb266d0840 nRanks 02
vcjob-2107896150879928322-abc12335-42846-worker-0:127:6564 [0] NCCL INFO Channel 28/0 : 0[9000] -> 1[55000] via P2P/IPC comm 0x55666f6bedb0 nRanks 02
vcjob-2107896150879928322-abc12335-42846-worker-0:129:6565 [2] NCCL INFO Channel 09/0 : 1[55000] -> 0[9000] via P2P/IPC comm 0x55cb266d0840 nRanks 02
vcjob-2107896150879928322-abc12335-42846-worker-0:129:6565 [2] NCCL INFO Channel 10/0 : 1[55000] -> 0[9000] via P2P/IPC comm 0x55cb266d0840 nRanks 02
vcjob-2107896150879928322-abc12335-42846-worker-0:127:6564 [0] NCCL INFO Channel 29/0 : 0[9000] -> 1[55000] via P2P/IPC comm 0x55666f6bedb0 nRanks 02
vcjob-2107896150879928322-abc12335-42846-worker-0:129:6565 [2] NCCL INFO Channel 11/0 : 1[55000] -> 0[9000] via P2P/IPC comm 0x55cb266d0840 nRanks 02
vcjob-2107896150879928322-abc12335-42846-worker-0:127:6564 [0] NCCL INFO Channel 30/0 : 0[9000] -> 1[55000] via P2P/IPC comm 0x55666f6bedb0 nRanks 02
vcjob-2107896150879928322-abc12335-42846-worker-0:129:6565 [2] NCCL INFO Channel 12/0 : 1[55000] -> 0[9000] via P2P/IPC comm 0x55cb266d0840 nRanks 02
vcjob-2107896150879928322-abc12335-42846-worker-0:127:6564 [0] NCCL INFO Channel 31/0 : 0[9000] -> 1[55000] via P2P/IPC comm 0x55666f6bedb0 nRanks 02
vcjob-2107896150879928322-abc12335-42846-worker-0:129:6565 [2] NCCL INFO Channel 13/0 : 1[55000] -> 0[9000] via P2P/IPC comm 0x55cb266d0840 nRanks 02
vcjob-2107896150879928322-abc12335-42846-worker-0:129:6565 [2] NCCL INFO Channel 14/0 : 1[55000] -> 0[9000] via P2P/IPC comm 0x55cb266d0840 nRanks 02
vcjob-2107896150879928322-abc12335-42846-worker-0:129:6565 [2] NCCL INFO Channel 15/0 : 1[55000] -> 0[9000] via P2P/IPC comm 0x55cb266d0840 nRanks 02
vcjob-2107896150879928322-abc12335-42846-worker-0:129:6565 [2] NCCL INFO Channel 16/0 : 1[55000] -> 0[9000] via P2P/IPC comm 0x55cb266d0840 nRanks 02
vcjob-2107896150879928322-abc12335-42846-worker-0:129:6565 [2] NCCL INFO Channel 17/0 : 1[55000] -> 0[9000] via P2P/IPC comm 0x55cb266d0840 nRanks 02
vcjob-2107896150879928322-abc12335-42846-worker-0:129:6565 [2] NCCL INFO Channel 18/0 : 1[55000] -> 0[9000] via P2P/IPC comm 0x55cb266d0840 nRanks 02
vcjob-2107896150879928322-abc12335-42846-worker-0:129:6565 [2] NCCL INFO Channel 19/0 : 1[55000] -> 0[9000] via P2P/IPC comm 0x55cb266d0840 nRanks 02
vcjob-2107896150879928322-abc12335-42846-worker-0:129:6565 [2] NCCL INFO Channel 20/0 : 1[55000] -> 0[9000] via P2P/IPC comm 0x55cb266d0840 nRanks 02
vcjob-2107896150879928322-abc12335-42846-worker-0:129:6565 [2] NCCL INFO Channel 21/0 : 1[55000] -> 0[9000] via P2P/IPC comm 0x55cb266d0840 nRanks 02
vcjob-2107896150879928322-abc12335-42846-worker-0:129:6565 [2] NCCL INFO Channel 22/0 : 1[55000] -> 0[9000] via P2P/IPC comm 0x55cb266d0840 nRanks 02
vcjob-2107896150879928322-abc12335-42846-worker-0:129:6565 [2] NCCL INFO Channel 23/0 : 1[55000] -> 0[9000] via P2P/IPC comm 0x55cb266d0840 nRanks 02
vcjob-2107896150879928322-abc12335-42846-worker-0:129:6565 [2] NCCL INFO Channel 24/0 : 1[55000] -> 0[9000] via P2P/IPC comm 0x55cb266d0840 nRanks 02
vcjob-2107896150879928322-abc12335-42846-worker-0:129:6565 [2] NCCL INFO Channel 25/0 : 1[55000] -> 0[9000] via P2P/IPC comm 0x55cb266d0840 nRanks 02
vcjob-2107896150879928322-abc12335-42846-worker-0:129:6565 [2] NCCL INFO Channel 26/0 : 1[55000] -> 0[9000] via P2P/IPC comm 0x55cb266d0840 nRanks 02
vcjob-2107896150879928322-abc12335-42846-worker-0:129:6565 [2] NCCL INFO Channel 27/0 : 1[55000] -> 0[9000] via P2P/IPC comm 0x55cb266d0840 nRanks 02
vcjob-2107896150879928322-abc12335-42846-worker-0:129:6565 [2] NCCL INFO Channel 28/0 : 1[55000] -> 0[9000] via P2P/IPC comm 0x55cb266d0840 nRanks 02
vcjob-2107896150879928322-abc12335-42846-worker-0:129:6565 [2] NCCL INFO Channel 29/0 : 1[55000] -> 0[9000] via P2P/IPC comm 0x55cb266d0840 nRanks 02
vcjob-2107896150879928322-abc12335-42846-worker-0:129:6565 [2] NCCL INFO Channel 30/0 : 1[55000] -> 0[9000] via P2P/IPC comm 0x55cb266d0840 nRanks 02
vcjob-2107896150879928322-abc12335-42846-worker-0:129:6565 [2] NCCL INFO Channel 31/0 : 1[55000] -> 0[9000] via P2P/IPC comm 0x55cb266d0840 nRanks 02
vcjob-2107896150879928322-abc12335-42846-worker-0:127:6564 [0] NCCL INFO Connected all rings
vcjob-2107896150879928322-abc12335-42846-worker-0:129:6565 [2] NCCL INFO Connected all rings
vcjob-2107896150879928322-abc12335-42846-worker-0:127:6564 [0] NCCL INFO Connected all trees
vcjob-2107896150879928322-abc12335-42846-worker-0:129:6565 [2] NCCL INFO Connected all trees
vcjob-2107896150879928322-abc12335-42846-worker-0:129:6565 [2] NCCL INFO threadThresholds 8/8/64 | 16/8/64 | 256 | 256
vcjob-2107896150879928322-abc12335-42846-worker-0:129:6565 [2] NCCL INFO 32 coll channels, 32 collnet channels, 0 nvls channels, 32 p2p channels, 16 p2p channels per peer
vcjob-2107896150879928322-abc12335-42846-worker-0:127:6564 [0] NCCL INFO threadThresholds 8/8/64 | 16/8/64 | 256 | 256
vcjob-2107896150879928322-abc12335-42846-worker-0:127:6564 [0] NCCL INFO 32 coll channels, 32 collnet channels, 0 nvls channels, 32 p2p channels, 16 p2p channels per peer
vcjob-2107896150879928322-abc12335-42846-worker-0:127:6564 [0] NCCL INFO CC Off, Multi-GPU CC Off, workFifoBytes 4194304
vcjob-2107896150879928322-abc12335-42846-worker-0:127:6564 [0] NCCL INFO ncclCommInitRank comm 0x55666f6bedb0 rank 0 nranks 2 cudaDev 0 nvmlDev 0 busId 9000 commId 0x5d5ab836b3721638 localSize 480 used 586892880 bytes on core 0 - Init COMPLETE
vcjob-2107896150879928322-abc12335-42846-worker-0:127:6564 [0] NCCL INFO Init timings: rank 0 nranks 2 total 0.32 (kernels 0.00, bootstrap 0.02, allgathers 0.01, topo 0.21, graphs 0.00, connections 0.09, rest 0.00)
vcjob-2107896150879928322-abc12335-42846-worker-0:129:6565 [2] NCCL INFO ncclCommInitRank comm 0x55cb266d0840 rank 1 nranks 2 cudaDev 2 nvmlDev 2 busId 55000 commId 0x5d5ab836b3721638 localSize 480 used 440435680 bytes on core 40 - Init COMPLETE
vcjob-2107896150879928322-abc12335-42846-worker-0:129:6565 [2] NCCL INFO Init timings: rank 1 nranks 2 total 0.32 (kernels 0.00, bootstrap 0.02, allgathers 0.00, topo 0.21, graphs 0.00, connections 0.09, rest 0.00)
I1008 02:10:02.573594   127 ProcessGroupNCCL.cpp:2890] [PG ID 0 PG GUID 0(default_pg) Rank 0] NCCL_DEBUG: INFO
I1008 02:10:02.573639   129 ProcessGroupNCCL.cpp:2890] [PG ID 0 PG GUID 0(default_pg) Rank 2] NCCL_DEBUG: INFO
vcjob-2107896150879928322-abc12335-42846-worker-0:129:6571 [2] NCCL INFO Channel 01/1 : 1[55000] -> 0[9000] via P2P/IPC comm 0x55cb266d0840 nRanks 02
vcjob-2107896150879928322-abc12335-42846-worker-0:129:6571 [2] NCCL INFO Channel 03/1 : 1[55000] -> 0[9000] via P2P/IPC comm 0x55cb266d0840 nRanks 02
vcjob-2107896150879928322-abc12335-42846-worker-0:129:6571 [2] NCCL INFO Channel 05/1 : 1[55000] -> 0[9000] via P2P/IPC comm 0x55cb266d0840 nRanks 02
vcjob-2107896150879928322-abc12335-42846-worker-0:129:6571 [2] NCCL INFO Channel 07/1 : 1[55000] -> 0[9000] via P2P/IPC comm 0x55cb266d0840 nRanks 02
vcjob-2107896150879928322-abc12335-42846-worker-0:129:6571 [2] NCCL INFO Channel 09/1 : 1[55000] -> 0[9000] via P2P/IPC comm 0x55cb266d0840 nRanks 02
vcjob-2107896150879928322-abc12335-42846-worker-0:129:6571 [2] NCCL INFO Channel 11/1 : 1[55000] -> 0[9000] via P2P/IPC comm 0x55cb266d0840 nRanks 02
vcjob-2107896150879928322-abc12335-42846-worker-0:129:6571 [2] NCCL INFO Channel 13/1 : 1[55000] -> 0[9000] via P2P/IPC comm 0x55cb266d0840 nRanks 02
vcjob-2107896150879928322-abc12335-42846-worker-0:129:6571 [2] NCCL INFO Channel 15/1 : 1[55000] -> 0[9000] via P2P/IPC comm 0x55cb266d0840 nRanks 02
vcjob-2107896150879928322-abc12335-42846-worker-0:129:6571 [2] NCCL INFO Channel 17/1 : 1[55000] -> 0[9000] via P2P/IPC comm 0x55cb266d0840 nRanks 02
vcjob-2107896150879928322-abc12335-42846-worker-0:129:6571 [2] NCCL INFO Channel 19/1 : 1[55000] -> 0[9000] via P2P/IPC comm 0x55cb266d0840 nRanks 02
vcjob-2107896150879928322-abc12335-42846-worker-0:129:6571 [2] NCCL INFO Channel 21/1 : 1[55000] -> 0[9000] via P2P/IPC comm 0x55cb266d0840 nRanks 02
vcjob-2107896150879928322-abc12335-42846-worker-0:129:6571 [2] NCCL INFO Channel 23/1 : 1[55000] -> 0[9000] via P2P/IPC comm 0x55cb266d0840 nRanks 02
vcjob-2107896150879928322-abc12335-42846-worker-0:129:6571 [2] NCCL INFO Channel 25/1 : 1[55000] -> 0[9000] via P2P/IPC comm 0x55cb266d0840 nRanks 02
vcjob-2107896150879928322-abc12335-42846-worker-0:129:6571 [2] NCCL INFO Channel 27/1 : 1[55000] -> 0[9000] via P2P/IPC comm 0x55cb266d0840 nRanks 02
vcjob-2107896150879928322-abc12335-42846-worker-0:129:6571 [2] NCCL INFO Channel 29/1 : 1[55000] -> 0[9000] via P2P/IPC comm 0x55cb266d0840 nRanks 02
vcjob-2107896150879928322-abc12335-42846-worker-0:129:6571 [2] NCCL INFO Channel 31/1 : 1[55000] -> 0[9000] via P2P/IPC comm 0x55cb266d0840 nRanks 02

vcjob-2107896150879928322-abc12335-42846-worker-0:127:127 [0] /data/jenkins_workspace/workspace/rccl_release/build/hipify/src/init.cc:170 NCCL WARN NUMA auto balancing enabled which can lead to variability in the RCCL performance! Disable by "sudo sysctl kernel.numa_balancing=0"
vcjob-2107896150879928322-abc12335-42846-worker-0:127:127 [0] NCCL INFO Kernel version: 5.15.0-25-generic

vcjob-2107896150879928322-abc12335-42846-worker-0:127:127 [0] /data/jenkins_workspace/workspace/rccl_release/build/hipify/src/init.cc:191 NCCL WARN Missing "iommu=pt" from kernel command line which can lead to system instablity or hang!
I1008 02:10:02.611761   127 ProcessGroupNCCL.cpp:2857] [PG ID 0 PG GUID 0(default_pg) Rank 0] ProcessGroupNCCL broadcast unique ID through store took 0.090651 ms
I1008 02:10:02.611792   127 NCCLUtils.cpp:75] Rank 0: creating NCCL communicator with mode: blocking

vcjob-2107896150879928322-abc12335-42846-worker-0:127:127 [0] /data/jenkins_workspace/workspace/rccl_release/build/hipify/src/init.cc:170 NCCL WARN NUMA auto balancing enabled which can lead to variability in the RCCL performance! Disable by "sudo sysctl kernel.numa_balancing=0"
vcjob-2107896150879928322-abc12335-42846-worker-0:127:127 [0] NCCL INFO Kernel version: 5.15.0-25-generic

vcjob-2107896150879928322-abc12335-42846-worker-0:127:127 [0] /data/jenkins_workspace/workspace/rccl_release/build/hipify/src/init.cc:191 NCCL WARN Missing "iommu=pt" from kernel command line which can lead to system instablity or hang!
I1008 02:10:02.611860   130 ProcessGroupNCCL.cpp:2857] [PG ID 0 PG GUID 0(default_pg) Rank 3] ProcessGroupNCCL broadcast unique ID through store took 757.758 ms
I1008 02:10:02.611925   130 NCCLUtils.cpp:75] Rank 1: creating NCCL communicator with mode: blocking

vcjob-2107896150879928322-abc12335-42846-worker-0:130:130 [3] /data/jenkins_workspace/workspace/rccl_release/build/hipify/src/init.cc:170 NCCL WARN NUMA auto balancing enabled which can lead to variability in the RCCL performance! Disable by "sudo sysctl kernel.numa_balancing=0"
vcjob-2107896150879928322-abc12335-42846-worker-0:130:130 [3] NCCL INFO Kernel version: 5.15.0-25-generic

vcjob-2107896150879928322-abc12335-42846-worker-0:130:130 [3] /data/jenkins_workspace/workspace/rccl_release/build/hipify/src/init.cc:191 NCCL WARN Missing "iommu=pt" from kernel command line which can lead to system instablity or hang!
vcjob-2107896150879928322-abc12335-42846-worker-0:127:127 [0] NCCL INFO Comm config Blocking set to 1
vcjob-2107896150879928322-abc12335-42846-worker-0:127:6573 [0] NCCL INFO Using network Socket
vcjob-2107896150879928322-abc12335-42846-worker-0:130:130 [3] NCCL INFO Comm config Blocking set to 1
vcjob-2107896150879928322-abc12335-42846-worker-0:127:6573 [0] NCCL INFO rocm_smi_lib: version 7.6.0.0
vcjob-2107896150879928322-abc12335-42846-worker-0:130:6574 [3] NCCL INFO Using network Socket
vcjob-2107896150879928322-abc12335-42846-worker-0:130:6574 [3] NCCL INFO rocm_smi_lib: version 7.6.0.0
vcjob-2107896150879928322-abc12335-42846-worker-0:130:6574 [3] NCCL INFO ncclCommInitRank comm 0x5584a7b94ab0 rank 1 nranks 2 cudaDev 3 nvmlDev 3 busId 77000 commId 0xfd1b059b784ca058 - Init START
vcjob-2107896150879928322-abc12335-42846-worker-0:127:6573 [0] NCCL INFO ncclCommInitRank comm 0x55666f77a590 rank 0 nranks 2 cudaDev 0 nvmlDev 0 busId 9000 commId 0xfd1b059b784ca058 - Init START
vcjob-2107896150879928322-abc12335-42846-worker-0:127:6573 [0] NCCL INFO rank:0 get match hsa dev domain:0x0 bdf:0x900 rank busId:0x36864
vcjob-2107896150879928322-abc12335-42846-worker-0:130:6574 [3] NCCL INFO rank:1 get match hsa dev domain:0x0 bdf:0x7700 rank busId:0x487424
vcjob-2107896150879928322-abc12335-42846-worker-0:130:6574 [3] NCCL INFO XDP Switch is off with xdp_size : 0
vcjob-2107896150879928322-abc12335-42846-worker-0:127:6573 [0] NCCL INFO XDP Switch is off with xdp_size : 0

vcjob-2107896150879928322-abc12335-42846-worker-0:130:6574 [3] /data/jenkins_workspace/workspace/rccl_release/build/hipify/src/graph/xml.cc:1211 NCCL WARN No IB NIC found, the generation of the basic topology has been terminated.

vcjob-2107896150879928322-abc12335-42846-worker-0:127:6573 [0] /data/jenkins_workspace/workspace/rccl_release/build/hipify/src/graph/xml.cc:1211 NCCL WARN No IB NIC found, the generation of the basic topology has been terminated.
vcjob-2107896150879928322-abc12335-42846-worker-0:127:6573 [0] NCCL INFO rocm_smi_lib: version 7.6.0.0
vcjob-2107896150879928322-abc12335-42846-worker-0:130:6574 [3] NCCL INFO rocm_smi_lib: version 7.6.0.0
vcjob-2107896150879928322-abc12335-42846-worker-0:127:6573 [0] NCCL INFO Setting affinity for GPU 0 to ffff
vcjob-2107896150879928322-abc12335-42846-worker-0:127:6573 [0] NCCL INFO Rank:0 Get link topo from rocmDev:0 linkNum:8 link:0 linkState:1 remote type:1 bdf:0x9b00 topoType:2
vcjob-2107896150879928322-abc12335-42846-worker-0:127:6573 [0] NCCL INFO Transport init rank 0 useXdp 0 linkTopoType 2
vcjob-2107896150879928322-abc12335-42846-worker-0:130:6574 [3] NCCL INFO Setting affinity for GPU 3 to ffff0000
vcjob-2107896150879928322-abc12335-42846-worker-0:130:6574 [3] NCCL INFO Rank:1 Get link topo from rocmDev:0 linkNum:8 link:0 linkState:1 remote type:1 bdf:0x9b00 topoType:2
vcjob-2107896150879928322-abc12335-42846-worker-0:130:6574 [3] NCCL INFO Transport init rank 1 useXdp 0 linkTopoType 2
vcjob-2107896150879928322-abc12335-42846-worker-0:130:6574 [3] NCCL INFO comm 0x5584a7b94ab0 rank 1 nRanks 2 nNodes 1 localRanks 2 localRank 1 MNNVL 0
vcjob-2107896150879928322-abc12335-42846-worker-0:127:6573 [0] NCCL INFO comm 0x55666f77a590 rank 0 nRanks 2 nNodes 1 localRanks 2 localRank 0 MNNVL 0
vcjob-2107896150879928322-abc12335-42846-worker-0:127:6573 [0] NCCL INFO Channel 00/32 :    0   1
vcjob-2107896150879928322-abc12335-42846-worker-0:127:6573 [0] NCCL INFO Channel 01/32 :    0   1
vcjob-2107896150879928322-abc12335-42846-worker-0:127:6573 [0] NCCL INFO Channel 02/32 :    0   1
vcjob-2107896150879928322-abc12335-42846-worker-0:127:6573 [0] NCCL INFO Channel 03/32 :    0   1
vcjob-2107896150879928322-abc12335-42846-worker-0:127:6573 [0] NCCL INFO Channel 04/32 :    0   1
vcjob-2107896150879928322-abc12335-42846-worker-0:127:6573 [0] NCCL INFO Channel 05/32 :    0   1
vcjob-2107896150879928322-abc12335-42846-worker-0:127:6573 [0] NCCL INFO Channel 06/32 :    0   1
vcjob-2107896150879928322-abc12335-42846-worker-0:127:6573 [0] NCCL INFO Channel 07/32 :    0   1
vcjob-2107896150879928322-abc12335-42846-worker-0:130:6574 [3] NCCL INFO Trees [0] -1/-1/-1->1->0 [1] -1/-1/-1->1->0 [2] -1/-1/-1->1->0 [3] 0/-1/-1->1->-1 [4] -1/-1/-1->1->0 [5] -1/-1/-1->1->0 [6] -1/-1/-1->1->0 [7] 0/-1/-1->1->-1 [8] -1/-1/-1->1->0 [9] -1/-1/-1->1->0 [10] -1/-1/-1->1->0 [11] 0/-1/-1->1->-1 [12] -1/-1/-1->1->0 [13] -1/-1/-1->1->0 [14] -1/-1/-1->1->0 [15] 0/-1/-1->1->-1 [16] -1/-1/-1->1->0 [17] -1/-1/-1->1->0 [18] -1/-1/-1->1->0 [19] 0/-1/-1->1->-1 [20] -1/-1/-1->1->0 [21] -1/-1/-1->1->0 [22] -1/-1/-1->1->0 [23] 0/-1/-1->1->-1 [24] -1/-1/-1->1->0 [25] -1/-1/-1->1->0 [26] -1/-1/-1->1->0 [27] 0/-1/-1->1->-1 [28] -1/-1/-1->1->0 [29] -1/-1/-1->1->0 [30] -1/-1/-1->1->0 [31] 0/-1/-1->1->-1 comm 0x5584a7b94ab0 nRanks 02 busId 77000
vcjob-2107896150879928322-abc12335-42846-worker-0:127:6573 [0] NCCL INFO Channel 08/32 :    0   1
vcjob-2107896150879928322-abc12335-42846-worker-0:130:6574 [3] NCCL INFO P2P Chunksize set to 262144
vcjob-2107896150879928322-abc12335-42846-worker-0:127:6573 [0] NCCL INFO Channel 09/32 :    0   1
vcjob-2107896150879928322-abc12335-42846-worker-0:127:6573 [0] NCCL INFO Channel 10/32 :    0   1
vcjob-2107896150879928322-abc12335-42846-worker-0:130:6574 [3] NCCL INFO comm->autoPerPeerOn: 1, comm->p2pnChannels: 32, comm->p2pnChannelsPerPeer: 16
vcjob-2107896150879928322-abc12335-42846-worker-0:127:6573 [0] NCCL INFO Channel 11/32 :    0   1
vcjob-2107896150879928322-abc12335-42846-worker-0:127:6573 [0] NCCL INFO Channel 12/32 :    0   1
vcjob-2107896150879928322-abc12335-42846-worker-0:127:6573 [0] NCCL INFO Channel 13/32 :    0   1
vcjob-2107896150879928322-abc12335-42846-worker-0:127:6573 [0] NCCL INFO Channel 14/32 :    0   1
vcjob-2107896150879928322-abc12335-42846-worker-0:127:6573 [0] NCCL INFO Channel 15/32 :    0   1
vcjob-2107896150879928322-abc12335-42846-worker-0:127:6573 [0] NCCL INFO Channel 16/32 :    0   1
vcjob-2107896150879928322-abc12335-42846-worker-0:127:6573 [0] NCCL INFO Channel 17/32 :    0   1
vcjob-2107896150879928322-abc12335-42846-worker-0:127:6573 [0] NCCL INFO Channel 18/32 :    0   1
vcjob-2107896150879928322-abc12335-42846-worker-0:127:6573 [0] NCCL INFO Channel 19/32 :    0   1
vcjob-2107896150879928322-abc12335-42846-worker-0:127:6573 [0] NCCL INFO Channel 20/32 :    0   1
vcjob-2107896150879928322-abc12335-42846-worker-0:127:6573 [0] NCCL INFO Channel 21/32 :    0   1
vcjob-2107896150879928322-abc12335-42846-worker-0:127:6573 [0] NCCL INFO Channel 22/32 :    0   1
vcjob-2107896150879928322-abc12335-42846-worker-0:127:6573 [0] NCCL INFO Channel 23/32 :    0   1
vcjob-2107896150879928322-abc12335-42846-worker-0:127:6573 [0] NCCL INFO Channel 24/32 :    0   1
vcjob-2107896150879928322-abc12335-42846-worker-0:127:6573 [0] NCCL INFO Channel 25/32 :    0   1
vcjob-2107896150879928322-abc12335-42846-worker-0:127:6573 [0] NCCL INFO Channel 26/32 :    0   1
vcjob-2107896150879928322-abc12335-42846-worker-0:127:6573 [0] NCCL INFO Channel 27/32 :    0   1
vcjob-2107896150879928322-abc12335-42846-worker-0:127:6573 [0] NCCL INFO Channel 28/32 :    0   1
vcjob-2107896150879928322-abc12335-42846-worker-0:127:6573 [0] NCCL INFO Channel 29/32 :    0   1
vcjob-2107896150879928322-abc12335-42846-worker-0:127:6573 [0] NCCL INFO Channel 30/32 :    0   1
vcjob-2107896150879928322-abc12335-42846-worker-0:127:6573 [0] NCCL INFO Channel 31/32 :    0   1
vcjob-2107896150879928322-abc12335-42846-worker-0:127:6573 [0] NCCL INFO Trees [0] 1/-1/-1->0->-1 [1] 1/-1/-1->0->-1 [2] 1/-1/-1->0->-1 [3] -1/-1/-1->0->1 [4] 1/-1/-1->0->-1 [5] 1/-1/-1->0->-1 [6] 1/-1/-1->0->-1 [7] -1/-1/-1->0->1 [8] 1/-1/-1->0->-1 [9] 1/-1/-1->0->-1 [10] 1/-1/-1->0->-1 [11] -1/-1/-1->0->1 [12] 1/-1/-1->0->-1 [13] 1/-1/-1->0->-1 [14] 1/-1/-1->0->-1 [15] -1/-1/-1->0->1 [16] 1/-1/-1->0->-1 [17] 1/-1/-1->0->-1 [18] 1/-1/-1->0->-1 [19] -1/-1/-1->0->1 [20] 1/-1/-1->0->-1 [21] 1/-1/-1->0->-1 [22] 1/-1/-1->0->-1 [23] -1/-1/-1->0->1 [24] 1/-1/-1->0->-1 [25] 1/-1/-1->0->-1 [26] 1/-1/-1->0->-1 [27] -1/-1/-1->0->1 [28] 1/-1/-1->0->-1 [29] 1/-1/-1->0->-1 [30] 1/-1/-1->0->-1 [31] -1/-1/-1->0->1 comm 0x55666f77a590 nRanks 02 busId 9000
vcjob-2107896150879928322-abc12335-42846-worker-0:127:6573 [0] NCCL INFO P2P Chunksize set to 262144
vcjob-2107896150879928322-abc12335-42846-worker-0:127:6573 [0] NCCL INFO comm->autoPerPeerOn: 1, comm->p2pnChannels: 32, comm->p2pnChannelsPerPeer: 16
vcjob-2107896150879928322-abc12335-42846-worker-0:127:6573 [0] NCCL INFO Channel 00/0 : 0[9000] -> 1[77000] via P2P/IPC comm 0x55666f77a590 nRanks 02
vcjob-2107896150879928322-abc12335-42846-worker-0:127:6573 [0] NCCL INFO Channel 01/0 : 0[9000] -> 1[77000] via P2P/IPC comm 0x55666f77a590 nRanks 02
vcjob-2107896150879928322-abc12335-42846-worker-0:127:6573 [0] NCCL INFO Channel 02/0 : 0[9000] -> 1[77000] via P2P/IPC comm 0x55666f77a590 nRanks 02
vcjob-2107896150879928322-abc12335-42846-worker-0:127:6573 [0] NCCL INFO Channel 03/0 : 0[9000] -> 1[77000] via P2P/IPC comm 0x55666f77a590 nRanks 02
vcjob-2107896150879928322-abc12335-42846-worker-0:127:6573 [0] NCCL INFO Channel 04/0 : 0[9000] -> 1[77000] via P2P/IPC comm 0x55666f77a590 nRanks 02
vcjob-2107896150879928322-abc12335-42846-worker-0:127:6573 [0] NCCL INFO Channel 05/0 : 0[9000] -> 1[77000] via P2P/IPC comm 0x55666f77a590 nRanks 02
vcjob-2107896150879928322-abc12335-42846-worker-0:127:6573 [0] NCCL INFO Channel 06/0 : 0[9000] -> 1[77000] via P2P/IPC comm 0x55666f77a590 nRanks 02
vcjob-2107896150879928322-abc12335-42846-worker-0:127:6573 [0] NCCL INFO Channel 07/0 : 0[9000] -> 1[77000] via P2P/IPC comm 0x55666f77a590 nRanks 02
vcjob-2107896150879928322-abc12335-42846-worker-0:127:6573 [0] NCCL INFO Channel 08/0 : 0[9000] -> 1[77000] via P2P/IPC comm 0x55666f77a590 nRanks 02
vcjob-2107896150879928322-abc12335-42846-worker-0:127:6573 [0] NCCL INFO Channel 09/0 : 0[9000] -> 1[77000] via P2P/IPC comm 0x55666f77a590 nRanks 02
vcjob-2107896150879928322-abc12335-42846-worker-0:127:6573 [0] NCCL INFO Channel 10/0 : 0[9000] -> 1[77000] via P2P/IPC comm 0x55666f77a590 nRanks 02
vcjob-2107896150879928322-abc12335-42846-worker-0:127:6573 [0] NCCL INFO Channel 11/0 : 0[9000] -> 1[77000] via P2P/IPC comm 0x55666f77a590 nRanks 02
vcjob-2107896150879928322-abc12335-42846-worker-0:127:6573 [0] NCCL INFO Channel 12/0 : 0[9000] -> 1[77000] via P2P/IPC comm 0x55666f77a590 nRanks 02
vcjob-2107896150879928322-abc12335-42846-worker-0:127:6573 [0] NCCL INFO Channel 13/0 : 0[9000] -> 1[77000] via P2P/IPC comm 0x55666f77a590 nRanks 02
vcjob-2107896150879928322-abc12335-42846-worker-0:127:6573 [0] NCCL INFO Channel 14/0 : 0[9000] -> 1[77000] via P2P/IPC comm 0x55666f77a590 nRanks 02
vcjob-2107896150879928322-abc12335-42846-worker-0:127:6573 [0] NCCL INFO Channel 15/0 : 0[9000] -> 1[77000] via P2P/IPC comm 0x55666f77a590 nRanks 02
vcjob-2107896150879928322-abc12335-42846-worker-0:127:6573 [0] NCCL INFO Channel 16/0 : 0[9000] -> 1[77000] via P2P/IPC comm 0x55666f77a590 nRanks 02
vcjob-2107896150879928322-abc12335-42846-worker-0:127:6573 [0] NCCL INFO Channel 17/0 : 0[9000] -> 1[77000] via P2P/IPC comm 0x55666f77a590 nRanks 02
vcjob-2107896150879928322-abc12335-42846-worker-0:127:6573 [0] NCCL INFO Channel 18/0 : 0[9000] -> 1[77000] via P2P/IPC comm 0x55666f77a590 nRanks 02
vcjob-2107896150879928322-abc12335-42846-worker-0:127:6573 [0] NCCL INFO Channel 19/0 : 0[9000] -> 1[77000] via P2P/IPC comm 0x55666f77a590 nRanks 02
vcjob-2107896150879928322-abc12335-42846-worker-0:127:6573 [0] NCCL INFO Channel 20/0 : 0[9000] -> 1[77000] via P2P/IPC comm 0x55666f77a590 nRanks 02
vcjob-2107896150879928322-abc12335-42846-worker-0:127:6573 [0] NCCL INFO Channel 21/0 : 0[9000] -> 1[77000] via P2P/IPC comm 0x55666f77a590 nRanks 02
vcjob-2107896150879928322-abc12335-42846-worker-0:127:6573 [0] NCCL INFO Channel 22/0 : 0[9000] -> 1[77000] via P2P/IPC comm 0x55666f77a590 nRanks 02
vcjob-2107896150879928322-abc12335-42846-worker-0:127:6573 [0] NCCL INFO Channel 23/0 : 0[9000] -> 1[77000] via P2P/IPC comm 0x55666f77a590 nRanks 02
vcjob-2107896150879928322-abc12335-42846-worker-0:127:6573 [0] NCCL INFO Channel 24/0 : 0[9000] -> 1[77000] via P2P/IPC comm 0x55666f77a590 nRanks 02
vcjob-2107896150879928322-abc12335-42846-worker-0:127:6573 [0] NCCL INFO Channel 25/0 : 0[9000] -> 1[77000] via P2P/IPC comm 0x55666f77a590 nRanks 02
vcjob-2107896150879928322-abc12335-42846-worker-0:127:6573 [0] NCCL INFO Channel 26/0 : 0[9000] -> 1[77000] via P2P/IPC comm 0x55666f77a590 nRanks 02
vcjob-2107896150879928322-abc12335-42846-worker-0:127:6573 [0] NCCL INFO Channel 27/0 : 0[9000] -> 1[77000] via P2P/IPC comm 0x55666f77a590 nRanks 02
vcjob-2107896150879928322-abc12335-42846-worker-0:127:6573 [0] NCCL INFO Channel 28/0 : 0[9000] -> 1[77000] via P2P/IPC comm 0x55666f77a590 nRanks 02
vcjob-2107896150879928322-abc12335-42846-worker-0:127:6573 [0] NCCL INFO Channel 29/0 : 0[9000] -> 1[77000] via P2P/IPC comm 0x55666f77a590 nRanks 02
vcjob-2107896150879928322-abc12335-42846-worker-0:127:6573 [0] NCCL INFO Channel 30/0 : 0[9000] -> 1[77000] via P2P/IPC comm 0x55666f77a590 nRanks 02
vcjob-2107896150879928322-abc12335-42846-worker-0:127:6573 [0] NCCL INFO Channel 31/0 : 0[9000] -> 1[77000] via P2P/IPC comm 0x55666f77a590 nRanks 02
vcjob-2107896150879928322-abc12335-42846-worker-0:130:6574 [3] NCCL INFO Channel 00/0 : 1[77000] -> 0[9000] via P2P/IPC comm 0x5584a7b94ab0 nRanks 02
vcjob-2107896150879928322-abc12335-42846-worker-0:130:6574 [3] NCCL INFO Channel 01/0 : 1[77000] -> 0[9000] via P2P/IPC comm 0x5584a7b94ab0 nRanks 02
vcjob-2107896150879928322-abc12335-42846-worker-0:130:6574 [3] NCCL INFO Channel 02/0 : 1[77000] -> 0[9000] via P2P/IPC comm 0x5584a7b94ab0 nRanks 02
vcjob-2107896150879928322-abc12335-42846-worker-0:130:6574 [3] NCCL INFO Channel 03/0 : 1[77000] -> 0[9000] via P2P/IPC comm 0x5584a7b94ab0 nRanks 02
vcjob-2107896150879928322-abc12335-42846-worker-0:130:6574 [3] NCCL INFO Channel 04/0 : 1[77000] -> 0[9000] via P2P/IPC comm 0x5584a7b94ab0 nRanks 02
vcjob-2107896150879928322-abc12335-42846-worker-0:130:6574 [3] NCCL INFO Channel 05/0 : 1[77000] -> 0[9000] via P2P/IPC comm 0x5584a7b94ab0 nRanks 02
vcjob-2107896150879928322-abc12335-42846-worker-0:130:6574 [3] NCCL INFO Channel 06/0 : 1[77000] -> 0[9000] via P2P/IPC comm 0x5584a7b94ab0 nRanks 02
vcjob-2107896150879928322-abc12335-42846-worker-0:130:6574 [3] NCCL INFO Channel 07/0 : 1[77000] -> 0[9000] via P2P/IPC comm 0x5584a7b94ab0 nRanks 02
vcjob-2107896150879928322-abc12335-42846-worker-0:130:6574 [3] NCCL INFO Channel 08/0 : 1[77000] -> 0[9000] via P2P/IPC comm 0x5584a7b94ab0 nRanks 02
vcjob-2107896150879928322-abc12335-42846-worker-0:130:6574 [3] NCCL INFO Channel 09/0 : 1[77000] -> 0[9000] via P2P/IPC comm 0x5584a7b94ab0 nRanks 02
vcjob-2107896150879928322-abc12335-42846-worker-0:130:6574 [3] NCCL INFO Channel 10/0 : 1[77000] -> 0[9000] via P2P/IPC comm 0x5584a7b94ab0 nRanks 02
vcjob-2107896150879928322-abc12335-42846-worker-0:130:6574 [3] NCCL INFO Channel 11/0 : 1[77000] -> 0[9000] via P2P/IPC comm 0x5584a7b94ab0 nRanks 02
vcjob-2107896150879928322-abc12335-42846-worker-0:130:6574 [3] NCCL INFO Channel 12/0 : 1[77000] -> 0[9000] via P2P/IPC comm 0x5584a7b94ab0 nRanks 02
vcjob-2107896150879928322-abc12335-42846-worker-0:130:6574 [3] NCCL INFO Channel 13/0 : 1[77000] -> 0[9000] via P2P/IPC comm 0x5584a7b94ab0 nRanks 02
vcjob-2107896150879928322-abc12335-42846-worker-0:130:6574 [3] NCCL INFO Channel 14/0 : 1[77000] -> 0[9000] via P2P/IPC comm 0x5584a7b94ab0 nRanks 02
vcjob-2107896150879928322-abc12335-42846-worker-0:130:6574 [3] NCCL INFO Channel 15/0 : 1[77000] -> 0[9000] via P2P/IPC comm 0x5584a7b94ab0 nRanks 02
vcjob-2107896150879928322-abc12335-42846-worker-0:130:6574 [3] NCCL INFO Channel 16/0 : 1[77000] -> 0[9000] via P2P/IPC comm 0x5584a7b94ab0 nRanks 02
vcjob-2107896150879928322-abc12335-42846-worker-0:130:6574 [3] NCCL INFO Channel 17/0 : 1[77000] -> 0[9000] via P2P/IPC comm 0x5584a7b94ab0 nRanks 02
vcjob-2107896150879928322-abc12335-42846-worker-0:130:6574 [3] NCCL INFO Channel 18/0 : 1[77000] -> 0[9000] via P2P/IPC comm 0x5584a7b94ab0 nRanks 02
vcjob-2107896150879928322-abc12335-42846-worker-0:130:6574 [3] NCCL INFO Channel 19/0 : 1[77000] -> 0[9000] via P2P/IPC comm 0x5584a7b94ab0 nRanks 02
vcjob-2107896150879928322-abc12335-42846-worker-0:130:6574 [3] NCCL INFO Channel 20/0 : 1[77000] -> 0[9000] via P2P/IPC comm 0x5584a7b94ab0 nRanks 02
vcjob-2107896150879928322-abc12335-42846-worker-0:130:6574 [3] NCCL INFO Channel 21/0 : 1[77000] -> 0[9000] via P2P/IPC comm 0x5584a7b94ab0 nRanks 02
vcjob-2107896150879928322-abc12335-42846-worker-0:130:6574 [3] NCCL INFO Channel 22/0 : 1[77000] -> 0[9000] via P2P/IPC comm 0x5584a7b94ab0 nRanks 02
vcjob-2107896150879928322-abc12335-42846-worker-0:130:6574 [3] NCCL INFO Channel 23/0 : 1[77000] -> 0[9000] via P2P/IPC comm 0x5584a7b94ab0 nRanks 02
vcjob-2107896150879928322-abc12335-42846-worker-0:130:6574 [3] NCCL INFO Channel 24/0 : 1[77000] -> 0[9000] via P2P/IPC comm 0x5584a7b94ab0 nRanks 02
vcjob-2107896150879928322-abc12335-42846-worker-0:130:6574 [3] NCCL INFO Channel 25/0 : 1[77000] -> 0[9000] via P2P/IPC comm 0x5584a7b94ab0 nRanks 02
vcjob-2107896150879928322-abc12335-42846-worker-0:130:6574 [3] NCCL INFO Channel 26/0 : 1[77000] -> 0[9000] via P2P/IPC comm 0x5584a7b94ab0 nRanks 02
vcjob-2107896150879928322-abc12335-42846-worker-0:130:6574 [3] NCCL INFO Channel 27/0 : 1[77000] -> 0[9000] via P2P/IPC comm 0x5584a7b94ab0 nRanks 02
vcjob-2107896150879928322-abc12335-42846-worker-0:130:6574 [3] NCCL INFO Channel 28/0 : 1[77000] -> 0[9000] via P2P/IPC comm 0x5584a7b94ab0 nRanks 02
vcjob-2107896150879928322-abc12335-42846-worker-0:130:6574 [3] NCCL INFO Channel 29/0 : 1[77000] -> 0[9000] via P2P/IPC comm 0x5584a7b94ab0 nRanks 02
vcjob-2107896150879928322-abc12335-42846-worker-0:130:6574 [3] NCCL INFO Channel 30/0 : 1[77000] -> 0[9000] via P2P/IPC comm 0x5584a7b94ab0 nRanks 02
vcjob-2107896150879928322-abc12335-42846-worker-0:130:6574 [3] NCCL INFO Channel 31/0 : 1[77000] -> 0[9000] via P2P/IPC comm 0x5584a7b94ab0 nRanks 02
vcjob-2107896150879928322-abc12335-42846-worker-0:130:6574 [3] NCCL INFO Connected all rings
vcjob-2107896150879928322-abc12335-42846-worker-0:130:6574 [3] NCCL INFO Connected all trees
vcjob-2107896150879928322-abc12335-42846-worker-0:130:6574 [3] NCCL INFO threadThresholds 8/8/64 | 16/8/64 | 256 | 256
vcjob-2107896150879928322-abc12335-42846-worker-0:127:6573 [0] NCCL INFO Connected all rings
vcjob-2107896150879928322-abc12335-42846-worker-0:130:6574 [3] NCCL INFO 32 coll channels, 32 collnet channels, 0 nvls channels, 32 p2p channels, 16 p2p channels per peer
vcjob-2107896150879928322-abc12335-42846-worker-0:127:6573 [0] NCCL INFO Connected all trees
vcjob-2107896150879928322-abc12335-42846-worker-0:127:6573 [0] NCCL INFO threadThresholds 8/8/64 | 16/8/64 | 256 | 256
vcjob-2107896150879928322-abc12335-42846-worker-0:127:6573 [0] NCCL INFO 32 coll channels, 32 collnet channels, 0 nvls channels, 32 p2p channels, 16 p2p channels per peer
vcjob-2107896150879928322-abc12335-42846-worker-0:127:6573 [0] NCCL INFO CC Off, Multi-GPU CC Off, workFifoBytes 4194304
vcjob-2107896150879928322-abc12335-42846-worker-0:130:6574 [3] NCCL INFO ncclCommInitRank comm 0x5584a7b94ab0 rank 1 nranks 2 cudaDev 3 nvmlDev 3 busId 77000 commId 0xfd1b059b784ca058 localSize 480 used 440435680 bytes on core 16 - Init COMPLETE
vcjob-2107896150879928322-abc12335-42846-worker-0:130:6574 [3] NCCL INFO Init timings: rank 1 nranks 2 total 0.33 (kernels 0.00, bootstrap 0.04, allgathers 0.00, topo 0.19, graphs 0.00, connections 0.10, rest 0.00)
vcjob-2107896150879928322-abc12335-42846-worker-0:127:6573 [0] NCCL INFO ncclCommInitRank comm 0x55666f77a590 rank 0 nranks 2 cudaDev 0 nvmlDev 0 busId 9000 commId 0xfd1b059b784ca058 localSize 480 used 790104256 bytes on core 2 - Init COMPLETE
vcjob-2107896150879928322-abc12335-42846-worker-0:127:6573 [0] NCCL INFO Init timings: rank 0 nranks 2 total 0.33 (kernels 0.00, bootstrap 0.04, allgathers 0.01, topo 0.19, graphs 0.00, connections 0.10, rest 0.00)
I1008 02:10:02.944595   127 ProcessGroupNCCL.cpp:2890] [PG ID 0 PG GUID 0(default_pg) Rank 0] NCCL_DEBUG: INFO
I1008 02:10:02.944617   130 ProcessGroupNCCL.cpp:2890] [PG ID 0 PG GUID 0(default_pg) Rank 3] NCCL_DEBUG: INFO
vcjob-2107896150879928322-abc12335-42846-worker-0:130:6580 [3] NCCL INFO Channel 01/1 : 1[77000] -> 0[9000] via P2P/IPC comm 0x5584a7b94ab0 nRanks 02
vcjob-2107896150879928322-abc12335-42846-worker-0:130:6580 [3] NCCL INFO Channel 03/1 : 1[77000] -> 0[9000] via P2P/IPC comm 0x5584a7b94ab0 nRanks 02
vcjob-2107896150879928322-abc12335-42846-worker-0:130:6580 [3] NCCL INFO Channel 05/1 : 1[77000] -> 0[9000] via P2P/IPC comm 0x5584a7b94ab0 nRanks 02
vcjob-2107896150879928322-abc12335-42846-worker-0:130:6580 [3] NCCL INFO Channel 07/1 : 1[77000] -> 0[9000] via P2P/IPC comm 0x5584a7b94ab0 nRanks 02
vcjob-2107896150879928322-abc12335-42846-worker-0:130:6580 [3] NCCL INFO Channel 09/1 : 1[77000] -> 0[9000] via P2P/IPC comm 0x5584a7b94ab0 nRanks 02
vcjob-2107896150879928322-abc12335-42846-worker-0:130:6580 [3] NCCL INFO Channel 11/1 : 1[77000] -> 0[9000] via P2P/IPC comm 0x5584a7b94ab0 nRanks 02
vcjob-2107896150879928322-abc12335-42846-worker-0:130:6580 [3] NCCL INFO Channel 13/1 : 1[77000] -> 0[9000] via P2P/IPC comm 0x5584a7b94ab0 nRanks 02
vcjob-2107896150879928322-abc12335-42846-worker-0:130:6580 [3] NCCL INFO Channel 15/1 : 1[77000] -> 0[9000] via P2P/IPC comm 0x5584a7b94ab0 nRanks 02
vcjob-2107896150879928322-abc12335-42846-worker-0:130:6580 [3] NCCL INFO Channel 17/1 : 1[77000] -> 0[9000] via P2P/IPC comm 0x5584a7b94ab0 nRanks 02
vcjob-2107896150879928322-abc12335-42846-worker-0:130:6580 [3] NCCL INFO Channel 19/1 : 1[77000] -> 0[9000] via P2P/IPC comm 0x5584a7b94ab0 nRanks 02
vcjob-2107896150879928322-abc12335-42846-worker-0:130:6580 [3] NCCL INFO Channel 21/1 : 1[77000] -> 0[9000] via P2P/IPC comm 0x5584a7b94ab0 nRanks 02
vcjob-2107896150879928322-abc12335-42846-worker-0:130:6580 [3] NCCL INFO Channel 23/1 : 1[77000] -> 0[9000] via P2P/IPC comm 0x5584a7b94ab0 nRanks 02
vcjob-2107896150879928322-abc12335-42846-worker-0:130:6580 [3] NCCL INFO Channel 25/1 : 1[77000] -> 0[9000] via P2P/IPC comm 0x5584a7b94ab0 nRanks 02
vcjob-2107896150879928322-abc12335-42846-worker-0:130:6580 [3] NCCL INFO Channel 27/1 : 1[77000] -> 0[9000] via P2P/IPC comm 0x5584a7b94ab0 nRanks 02
vcjob-2107896150879928322-abc12335-42846-worker-0:130:6580 [3] NCCL INFO Channel 29/1 : 1[77000] -> 0[9000] via P2P/IPC comm 0x5584a7b94ab0 nRanks 02
vcjob-2107896150879928322-abc12335-42846-worker-0:130:6580 [3] NCCL INFO Channel 31/1 : 1[77000] -> 0[9000] via P2P/IPC comm 0x5584a7b94ab0 nRanks 02

vcjob-2107896150879928322-abc12335-42846-worker-0:127:127 [0] /data/jenkins_workspace/workspace/rccl_release/build/hipify/src/init.cc:170 NCCL WARN NUMA auto balancing enabled which can lead to variability in the RCCL performance! Disable by "sudo sysctl kernel.numa_balancing=0"
vcjob-2107896150879928322-abc12335-42846-worker-0:127:127 [0] NCCL INFO Kernel version: 5.15.0-25-generic

vcjob-2107896150879928322-abc12335-42846-worker-0:127:127 [0] /data/jenkins_workspace/workspace/rccl_release/build/hipify/src/init.cc:191 NCCL WARN Missing "iommu=pt" from kernel command line which can lead to system instablity or hang!
I1008 02:10:02.982446   127 ProcessGroupNCCL.cpp:2857] [PG ID 0 PG GUID 0(default_pg) Rank 0] ProcessGroupNCCL broadcast unique ID through store took 0.095111 ms
I1008 02:10:02.982477   127 NCCLUtils.cpp:75] Rank 0: creating NCCL communicator with mode: blocking

vcjob-2107896150879928322-abc12335-42846-worker-0:127:127 [0] /data/jenkins_workspace/workspace/rccl_release/build/hipify/src/init.cc:170 NCCL WARN NUMA auto balancing enabled which can lead to variability in the RCCL performance! Disable by "sudo sysctl kernel.numa_balancing=0"
vcjob-2107896150879928322-abc12335-42846-worker-0:127:127 [0] NCCL INFO Kernel version: 5.15.0-25-generic

vcjob-2107896150879928322-abc12335-42846-worker-0:127:127 [0] /data/jenkins_workspace/workspace/rccl_release/build/hipify/src/init.cc:191 NCCL WARN Missing "iommu=pt" from kernel command line which can lead to system instablity or hang!
I1008 02:10:02.982621   131 ProcessGroupNCCL.cpp:2857] [PG ID 0 PG GUID 0(default_pg) Rank 4] ProcessGroupNCCL broadcast unique ID through store took 1128.52 ms
I1008 02:10:02.982762   131 NCCLUtils.cpp:75] Rank 1: creating NCCL communicator with mode: blocking

vcjob-2107896150879928322-abc12335-42846-worker-0:131:131 [4] /data/jenkins_workspace/workspace/rccl_release/build/hipify/src/init.cc:170 NCCL WARN NUMA auto balancing enabled which can lead to variability in the RCCL performance! Disable by "sudo sysctl kernel.numa_balancing=0"
vcjob-2107896150879928322-abc12335-42846-worker-0:131:131 [4] NCCL INFO Kernel version: 5.15.0-25-generic

vcjob-2107896150879928322-abc12335-42846-worker-0:131:131 [4] /data/jenkins_workspace/workspace/rccl_release/build/hipify/src/init.cc:191 NCCL WARN Missing "iommu=pt" from kernel command line which can lead to system instablity or hang!
vcjob-2107896150879928322-abc12335-42846-worker-0:131:131 [4] NCCL INFO Comm config Blocking set to 1
vcjob-2107896150879928322-abc12335-42846-worker-0:131:6582 [4] NCCL INFO Using network Socket
vcjob-2107896150879928322-abc12335-42846-worker-0:131:6582 [4] NCCL INFO rocm_smi_lib: version 7.6.0.0
vcjob-2107896150879928322-abc12335-42846-worker-0:127:127 [0] NCCL INFO Comm config Blocking set to 1
vcjob-2107896150879928322-abc12335-42846-worker-0:127:6583 [0] NCCL INFO Using network Socket
vcjob-2107896150879928322-abc12335-42846-worker-0:127:6583 [0] NCCL INFO rocm_smi_lib: version 7.6.0.0
vcjob-2107896150879928322-abc12335-42846-worker-0:127:6583 [0] NCCL INFO ncclCommInitRank comm 0x55666f835d70 rank 0 nranks 2 cudaDev 0 nvmlDev 0 busId 9000 commId 0x1b7f12401ebb7e55 - Init START
vcjob-2107896150879928322-abc12335-42846-worker-0:131:6582 [4] NCCL INFO ncclCommInitRank comm 0x55695d954ca0 rank 1 nranks 2 cudaDev 4 nvmlDev 4 busId 85000 commId 0x1b7f12401ebb7e55 - Init START
vcjob-2107896150879928322-abc12335-42846-worker-0:127:6583 [0] NCCL INFO rank:0 get match hsa dev domain:0x0 bdf:0x900 rank busId:0x36864
vcjob-2107896150879928322-abc12335-42846-worker-0:131:6582 [4] NCCL INFO rank:1 get match hsa dev domain:0x0 bdf:0x8500 rank busId:0x544768
vcjob-2107896150879928322-abc12335-42846-worker-0:127:6583 [0] NCCL INFO XDP Switch is off with xdp_size : 0
vcjob-2107896150879928322-abc12335-42846-worker-0:131:6582 [4] NCCL INFO XDP Switch is off with xdp_size : 0

vcjob-2107896150879928322-abc12335-42846-worker-0:131:6582 [4] /data/jenkins_workspace/workspace/rccl_release/build/hipify/src/graph/xml.cc:1211 NCCL WARN No IB NIC found, the generation of the basic topology has been terminated.

vcjob-2107896150879928322-abc12335-42846-worker-0:127:6583 [0] /data/jenkins_workspace/workspace/rccl_release/build/hipify/src/graph/xml.cc:1211 NCCL WARN No IB NIC found, the generation of the basic topology has been terminated.
vcjob-2107896150879928322-abc12335-42846-worker-0:127:6583 [0] NCCL INFO rocm_smi_lib: version 7.6.0.0
vcjob-2107896150879928322-abc12335-42846-worker-0:131:6582 [4] NCCL INFO rocm_smi_lib: version 7.6.0.0
vcjob-2107896150879928322-abc12335-42846-worker-0:131:6582 [4] NCCL INFO Setting affinity for GPU 4 to ffff,00000000,00000000
vcjob-2107896150879928322-abc12335-42846-worker-0:131:6582 [4] NCCL INFO Rank:1 Get link topo from rocmDev:0 linkNum:8 link:0 linkState:1 remote type:1 bdf:0x9b00 topoType:2
vcjob-2107896150879928322-abc12335-42846-worker-0:131:6582 [4] NCCL INFO Transport init rank 1 useXdp 0 linkTopoType 2
vcjob-2107896150879928322-abc12335-42846-worker-0:127:6583 [0] NCCL INFO Setting affinity for GPU 0 to ffff
vcjob-2107896150879928322-abc12335-42846-worker-0:127:6583 [0] NCCL INFO Rank:0 Get link topo from rocmDev:0 linkNum:8 link:0 linkState:1 remote type:1 bdf:0x9b00 topoType:2
vcjob-2107896150879928322-abc12335-42846-worker-0:127:6583 [0] NCCL INFO Transport init rank 0 useXdp 0 linkTopoType 2
vcjob-2107896150879928322-abc12335-42846-worker-0:131:6582 [4] NCCL INFO comm 0x55695d954ca0 rank 1 nRanks 2 nNodes 1 localRanks 2 localRank 1 MNNVL 0
vcjob-2107896150879928322-abc12335-42846-worker-0:127:6583 [0] NCCL INFO comm 0x55666f835d70 rank 0 nRanks 2 nNodes 1 localRanks 2 localRank 0 MNNVL 0
vcjob-2107896150879928322-abc12335-42846-worker-0:127:6583 [0] NCCL INFO Channel 00/32 :    0   1
vcjob-2107896150879928322-abc12335-42846-worker-0:127:6583 [0] NCCL INFO Channel 01/32 :    0   1
vcjob-2107896150879928322-abc12335-42846-worker-0:127:6583 [0] NCCL INFO Channel 02/32 :    0   1
vcjob-2107896150879928322-abc12335-42846-worker-0:127:6583 [0] NCCL INFO Channel 03/32 :    0   1
vcjob-2107896150879928322-abc12335-42846-worker-0:127:6583 [0] NCCL INFO Channel 04/32 :    0   1
vcjob-2107896150879928322-abc12335-42846-worker-0:127:6583 [0] NCCL INFO Channel 05/32 :    0   1
vcjob-2107896150879928322-abc12335-42846-worker-0:127:6583 [0] NCCL INFO Channel 06/32 :    0   1
vcjob-2107896150879928322-abc12335-42846-worker-0:127:6583 [0] NCCL INFO Channel 07/32 :    0   1
vcjob-2107896150879928322-abc12335-42846-worker-0:127:6583 [0] NCCL INFO Channel 08/32 :    0   1
vcjob-2107896150879928322-abc12335-42846-worker-0:127:6583 [0] NCCL INFO Channel 09/32 :    0   1
vcjob-2107896150879928322-abc12335-42846-worker-0:127:6583 [0] NCCL INFO Channel 10/32 :    0   1
vcjob-2107896150879928322-abc12335-42846-worker-0:127:6583 [0] NCCL INFO Channel 11/32 :    0   1
vcjob-2107896150879928322-abc12335-42846-worker-0:131:6582 [4] NCCL INFO Trees [0] -1/-1/-1->1->0 [1] -1/-1/-1->1->0 [2] -1/-1/-1->1->0 [3] 0/-1/-1->1->-1 [4] -1/-1/-1->1->0 [5] -1/-1/-1->1->0 [6] -1/-1/-1->1->0 [7] 0/-1/-1->1->-1 [8] -1/-1/-1->1->0 [9] -1/-1/-1->1->0 [10] -1/-1/-1->1->0 [11] 0/-1/-1->1->-1 [12] -1/-1/-1->1->0 [13] -1/-1/-1->1->0 [14] -1/-1/-1->1->0 [15] 0/-1/-1->1->-1 [16] -1/-1/-1->1->0 [17] -1/-1/-1->1->0 [18] -1/-1/-1->1->0 [19] 0/-1/-1->1->-1 [20] -1/-1/-1->1->0 [21] -1/-1/-1->1->0 [22] -1/-1/-1->1->0 [23] 0/-1/-1->1->-1 [24] -1/-1/-1->1->0 [25] -1/-1/-1->1->0 [26] -1/-1/-1->1->0 [27] 0/-1/-1->1->-1 [28] -1/-1/-1->1->0 [29] -1/-1/-1->1->0 [30] -1/-1/-1->1->0 [31] 0/-1/-1->1->-1 comm 0x55695d954ca0 nRanks 02 busId 85000
vcjob-2107896150879928322-abc12335-42846-worker-0:127:6583 [0] NCCL INFO Channel 12/32 :    0   1
vcjob-2107896150879928322-abc12335-42846-worker-0:127:6583 [0] NCCL INFO Channel 13/32 :    0   1
vcjob-2107896150879928322-abc12335-42846-worker-0:131:6582 [4] NCCL INFO P2P Chunksize set to 262144
vcjob-2107896150879928322-abc12335-42846-worker-0:127:6583 [0] NCCL INFO Channel 14/32 :    0   1
vcjob-2107896150879928322-abc12335-42846-worker-0:127:6583 [0] NCCL INFO Channel 15/32 :    0   1
vcjob-2107896150879928322-abc12335-42846-worker-0:131:6582 [4] NCCL INFO comm->autoPerPeerOn: 1, comm->p2pnChannels: 32, comm->p2pnChannelsPerPeer: 16
vcjob-2107896150879928322-abc12335-42846-worker-0:127:6583 [0] NCCL INFO Channel 16/32 :    0   1
vcjob-2107896150879928322-abc12335-42846-worker-0:127:6583 [0] NCCL INFO Channel 17/32 :    0   1
vcjob-2107896150879928322-abc12335-42846-worker-0:127:6583 [0] NCCL INFO Channel 18/32 :    0   1
vcjob-2107896150879928322-abc12335-42846-worker-0:127:6583 [0] NCCL INFO Channel 19/32 :    0   1
vcjob-2107896150879928322-abc12335-42846-worker-0:127:6583 [0] NCCL INFO Channel 20/32 :    0   1
vcjob-2107896150879928322-abc12335-42846-worker-0:127:6583 [0] NCCL INFO Channel 21/32 :    0   1
vcjob-2107896150879928322-abc12335-42846-worker-0:127:6583 [0] NCCL INFO Channel 22/32 :    0   1
vcjob-2107896150879928322-abc12335-42846-worker-0:127:6583 [0] NCCL INFO Channel 23/32 :    0   1
vcjob-2107896150879928322-abc12335-42846-worker-0:127:6583 [0] NCCL INFO Channel 24/32 :    0   1
vcjob-2107896150879928322-abc12335-42846-worker-0:127:6583 [0] NCCL INFO Channel 25/32 :    0   1
vcjob-2107896150879928322-abc12335-42846-worker-0:127:6583 [0] NCCL INFO Channel 26/32 :    0   1
vcjob-2107896150879928322-abc12335-42846-worker-0:127:6583 [0] NCCL INFO Channel 27/32 :    0   1
vcjob-2107896150879928322-abc12335-42846-worker-0:127:6583 [0] NCCL INFO Channel 28/32 :    0   1
vcjob-2107896150879928322-abc12335-42846-worker-0:127:6583 [0] NCCL INFO Channel 29/32 :    0   1
vcjob-2107896150879928322-abc12335-42846-worker-0:127:6583 [0] NCCL INFO Channel 30/32 :    0   1
vcjob-2107896150879928322-abc12335-42846-worker-0:127:6583 [0] NCCL INFO Channel 31/32 :    0   1
vcjob-2107896150879928322-abc12335-42846-worker-0:127:6583 [0] NCCL INFO Trees [0] 1/-1/-1->0->-1 [1] 1/-1/-1->0->-1 [2] 1/-1/-1->0->-1 [3] -1/-1/-1->0->1 [4] 1/-1/-1->0->-1 [5] 1/-1/-1->0->-1 [6] 1/-1/-1->0->-1 [7] -1/-1/-1->0->1 [8] 1/-1/-1->0->-1 [9] 1/-1/-1->0->-1 [10] 1/-1/-1->0->-1 [11] -1/-1/-1->0->1 [12] 1/-1/-1->0->-1 [13] 1/-1/-1->0->-1 [14] 1/-1/-1->0->-1 [15] -1/-1/-1->0->1 [16] 1/-1/-1->0->-1 [17] 1/-1/-1->0->-1 [18] 1/-1/-1->0->-1 [19] -1/-1/-1->0->1 [20] 1/-1/-1->0->-1 [21] 1/-1/-1->0->-1 [22] 1/-1/-1->0->-1 [23] -1/-1/-1->0->1 [24] 1/-1/-1->0->-1 [25] 1/-1/-1->0->-1 [26] 1/-1/-1->0->-1 [27] -1/-1/-1->0->1 [28] 1/-1/-1->0->-1 [29] 1/-1/-1->0->-1 [30] 1/-1/-1->0->-1 [31] -1/-1/-1->0->1 comm 0x55666f835d70 nRanks 02 busId 9000
vcjob-2107896150879928322-abc12335-42846-worker-0:127:6583 [0] NCCL INFO P2P Chunksize set to 262144
vcjob-2107896150879928322-abc12335-42846-worker-0:127:6583 [0] NCCL INFO comm->autoPerPeerOn: 1, comm->p2pnChannels: 32, comm->p2pnChannelsPerPeer: 16
vcjob-2107896150879928322-abc12335-42846-worker-0:127:6583 [0] NCCL INFO Channel 00/0 : 0[9000] -> 1[85000] via P2P/IPC comm 0x55666f835d70 nRanks 02
vcjob-2107896150879928322-abc12335-42846-worker-0:127:6583 [0] NCCL INFO Channel 01/0 : 0[9000] -> 1[85000] via P2P/IPC comm 0x55666f835d70 nRanks 02
vcjob-2107896150879928322-abc12335-42846-worker-0:127:6583 [0] NCCL INFO Channel 02/0 : 0[9000] -> 1[85000] via P2P/IPC comm 0x55666f835d70 nRanks 02
vcjob-2107896150879928322-abc12335-42846-worker-0:127:6583 [0] NCCL INFO Channel 03/0 : 0[9000] -> 1[85000] via P2P/IPC comm 0x55666f835d70 nRanks 02
vcjob-2107896150879928322-abc12335-42846-worker-0:127:6583 [0] NCCL INFO Channel 04/0 : 0[9000] -> 1[85000] via P2P/IPC comm 0x55666f835d70 nRanks 02
vcjob-2107896150879928322-abc12335-42846-worker-0:127:6583 [0] NCCL INFO Channel 05/0 : 0[9000] -> 1[85000] via P2P/IPC comm 0x55666f835d70 nRanks 02
vcjob-2107896150879928322-abc12335-42846-worker-0:127:6583 [0] NCCL INFO Channel 06/0 : 0[9000] -> 1[85000] via P2P/IPC comm 0x55666f835d70 nRanks 02
vcjob-2107896150879928322-abc12335-42846-worker-0:127:6583 [0] NCCL INFO Channel 07/0 : 0[9000] -> 1[85000] via P2P/IPC comm 0x55666f835d70 nRanks 02
vcjob-2107896150879928322-abc12335-42846-worker-0:127:6583 [0] NCCL INFO Channel 08/0 : 0[9000] -> 1[85000] via P2P/IPC comm 0x55666f835d70 nRanks 02
vcjob-2107896150879928322-abc12335-42846-worker-0:127:6583 [0] NCCL INFO Channel 09/0 : 0[9000] -> 1[85000] via P2P/IPC comm 0x55666f835d70 nRanks 02
vcjob-2107896150879928322-abc12335-42846-worker-0:127:6583 [0] NCCL INFO Channel 10/0 : 0[9000] -> 1[85000] via P2P/IPC comm 0x55666f835d70 nRanks 02
vcjob-2107896150879928322-abc12335-42846-worker-0:127:6583 [0] NCCL INFO Channel 11/0 : 0[9000] -> 1[85000] via P2P/IPC comm 0x55666f835d70 nRanks 02
vcjob-2107896150879928322-abc12335-42846-worker-0:127:6583 [0] NCCL INFO Channel 12/0 : 0[9000] -> 1[85000] via P2P/IPC comm 0x55666f835d70 nRanks 02
vcjob-2107896150879928322-abc12335-42846-worker-0:127:6583 [0] NCCL INFO Channel 13/0 : 0[9000] -> 1[85000] via P2P/IPC comm 0x55666f835d70 nRanks 02
vcjob-2107896150879928322-abc12335-42846-worker-0:127:6583 [0] NCCL INFO Channel 14/0 : 0[9000] -> 1[85000] via P2P/IPC comm 0x55666f835d70 nRanks 02
vcjob-2107896150879928322-abc12335-42846-worker-0:127:6583 [0] NCCL INFO Channel 15/0 : 0[9000] -> 1[85000] via P2P/IPC comm 0x55666f835d70 nRanks 02
vcjob-2107896150879928322-abc12335-42846-worker-0:127:6583 [0] NCCL INFO Channel 16/0 : 0[9000] -> 1[85000] via P2P/IPC comm 0x55666f835d70 nRanks 02
vcjob-2107896150879928322-abc12335-42846-worker-0:127:6583 [0] NCCL INFO Channel 17/0 : 0[9000] -> 1[85000] via P2P/IPC comm 0x55666f835d70 nRanks 02
vcjob-2107896150879928322-abc12335-42846-worker-0:131:6582 [4] NCCL INFO Channel 00/0 : 1[85000] -> 0[9000] via P2P/IPC comm 0x55695d954ca0 nRanks 02
vcjob-2107896150879928322-abc12335-42846-worker-0:127:6583 [0] NCCL INFO Channel 18/0 : 0[9000] -> 1[85000] via P2P/IPC comm 0x55666f835d70 nRanks 02
vcjob-2107896150879928322-abc12335-42846-worker-0:131:6582 [4] NCCL INFO Channel 01/0 : 1[85000] -> 0[9000] via P2P/IPC comm 0x55695d954ca0 nRanks 02
vcjob-2107896150879928322-abc12335-42846-worker-0:127:6583 [0] NCCL INFO Channel 19/0 : 0[9000] -> 1[85000] via P2P/IPC comm 0x55666f835d70 nRanks 02
vcjob-2107896150879928322-abc12335-42846-worker-0:131:6582 [4] NCCL INFO Channel 02/0 : 1[85000] -> 0[9000] via P2P/IPC comm 0x55695d954ca0 nRanks 02
vcjob-2107896150879928322-abc12335-42846-worker-0:127:6583 [0] NCCL INFO Channel 20/0 : 0[9000] -> 1[85000] via P2P/IPC comm 0x55666f835d70 nRanks 02
vcjob-2107896150879928322-abc12335-42846-worker-0:131:6582 [4] NCCL INFO Channel 03/0 : 1[85000] -> 0[9000] via P2P/IPC comm 0x55695d954ca0 nRanks 02
vcjob-2107896150879928322-abc12335-42846-worker-0:127:6583 [0] NCCL INFO Channel 21/0 : 0[9000] -> 1[85000] via P2P/IPC comm 0x55666f835d70 nRanks 02
vcjob-2107896150879928322-abc12335-42846-worker-0:131:6582 [4] NCCL INFO Channel 04/0 : 1[85000] -> 0[9000] via P2P/IPC comm 0x55695d954ca0 nRanks 02
vcjob-2107896150879928322-abc12335-42846-worker-0:127:6583 [0] NCCL INFO Channel 22/0 : 0[9000] -> 1[85000] via P2P/IPC comm 0x55666f835d70 nRanks 02
vcjob-2107896150879928322-abc12335-42846-worker-0:127:6583 [0] NCCL INFO Channel 23/0 : 0[9000] -> 1[85000] via P2P/IPC comm 0x55666f835d70 nRanks 02
vcjob-2107896150879928322-abc12335-42846-worker-0:131:6582 [4] NCCL INFO Channel 05/0 : 1[85000] -> 0[9000] via P2P/IPC comm 0x55695d954ca0 nRanks 02
vcjob-2107896150879928322-abc12335-42846-worker-0:127:6583 [0] NCCL INFO Channel 24/0 : 0[9000] -> 1[85000] via P2P/IPC comm 0x55666f835d70 nRanks 02
vcjob-2107896150879928322-abc12335-42846-worker-0:131:6582 [4] NCCL INFO Channel 06/0 : 1[85000] -> 0[9000] via P2P/IPC comm 0x55695d954ca0 nRanks 02
vcjob-2107896150879928322-abc12335-42846-worker-0:127:6583 [0] NCCL INFO Channel 25/0 : 0[9000] -> 1[85000] via P2P/IPC comm 0x55666f835d70 nRanks 02
vcjob-2107896150879928322-abc12335-42846-worker-0:131:6582 [4] NCCL INFO Channel 07/0 : 1[85000] -> 0[9000] via P2P/IPC comm 0x55695d954ca0 nRanks 02
vcjob-2107896150879928322-abc12335-42846-worker-0:127:6583 [0] NCCL INFO Channel 26/0 : 0[9000] -> 1[85000] via P2P/IPC comm 0x55666f835d70 nRanks 02
vcjob-2107896150879928322-abc12335-42846-worker-0:131:6582 [4] NCCL INFO Channel 08/0 : 1[85000] -> 0[9000] via P2P/IPC comm 0x55695d954ca0 nRanks 02
vcjob-2107896150879928322-abc12335-42846-worker-0:127:6583 [0] NCCL INFO Channel 27/0 : 0[9000] -> 1[85000] via P2P/IPC comm 0x55666f835d70 nRanks 02
vcjob-2107896150879928322-abc12335-42846-worker-0:131:6582 [4] NCCL INFO Channel 09/0 : 1[85000] -> 0[9000] via P2P/IPC comm 0x55695d954ca0 nRanks 02
vcjob-2107896150879928322-abc12335-42846-worker-0:127:6583 [0] NCCL INFO Channel 28/0 : 0[9000] -> 1[85000] via P2P/IPC comm 0x55666f835d70 nRanks 02
vcjob-2107896150879928322-abc12335-42846-worker-0:127:6583 [0] NCCL INFO Channel 29/0 : 0[9000] -> 1[85000] via P2P/IPC comm 0x55666f835d70 nRanks 02
vcjob-2107896150879928322-abc12335-42846-worker-0:131:6582 [4] NCCL INFO Channel 10/0 : 1[85000] -> 0[9000] via P2P/IPC comm 0x55695d954ca0 nRanks 02
vcjob-2107896150879928322-abc12335-42846-worker-0:127:6583 [0] NCCL INFO Channel 30/0 : 0[9000] -> 1[85000] via P2P/IPC comm 0x55666f835d70 nRanks 02
vcjob-2107896150879928322-abc12335-42846-worker-0:131:6582 [4] NCCL INFO Channel 11/0 : 1[85000] -> 0[9000] via P2P/IPC comm 0x55695d954ca0 nRanks 02
vcjob-2107896150879928322-abc12335-42846-worker-0:127:6583 [0] NCCL INFO Channel 31/0 : 0[9000] -> 1[85000] via P2P/IPC comm 0x55666f835d70 nRanks 02
vcjob-2107896150879928322-abc12335-42846-worker-0:131:6582 [4] NCCL INFO Channel 12/0 : 1[85000] -> 0[9000] via P2P/IPC comm 0x55695d954ca0 nRanks 02
vcjob-2107896150879928322-abc12335-42846-worker-0:131:6582 [4] NCCL INFO Channel 13/0 : 1[85000] -> 0[9000] via P2P/IPC comm 0x55695d954ca0 nRanks 02
vcjob-2107896150879928322-abc12335-42846-worker-0:131:6582 [4] NCCL INFO Channel 14/0 : 1[85000] -> 0[9000] via P2P/IPC comm 0x55695d954ca0 nRanks 02
vcjob-2107896150879928322-abc12335-42846-worker-0:131:6582 [4] NCCL INFO Channel 15/0 : 1[85000] -> 0[9000] via P2P/IPC comm 0x55695d954ca0 nRanks 02
vcjob-2107896150879928322-abc12335-42846-worker-0:131:6582 [4] NCCL INFO Channel 16/0 : 1[85000] -> 0[9000] via P2P/IPC comm 0x55695d954ca0 nRanks 02
vcjob-2107896150879928322-abc12335-42846-worker-0:131:6582 [4] NCCL INFO Channel 17/0 : 1[85000] -> 0[9000] via P2P/IPC comm 0x55695d954ca0 nRanks 02
vcjob-2107896150879928322-abc12335-42846-worker-0:131:6582 [4] NCCL INFO Channel 18/0 : 1[85000] -> 0[9000] via P2P/IPC comm 0x55695d954ca0 nRanks 02
vcjob-2107896150879928322-abc12335-42846-worker-0:131:6582 [4] NCCL INFO Channel 19/0 : 1[85000] -> 0[9000] via P2P/IPC comm 0x55695d954ca0 nRanks 02
vcjob-2107896150879928322-abc12335-42846-worker-0:131:6582 [4] NCCL INFO Channel 20/0 : 1[85000] -> 0[9000] via P2P/IPC comm 0x55695d954ca0 nRanks 02
vcjob-2107896150879928322-abc12335-42846-worker-0:131:6582 [4] NCCL INFO Channel 21/0 : 1[85000] -> 0[9000] via P2P/IPC comm 0x55695d954ca0 nRanks 02
vcjob-2107896150879928322-abc12335-42846-worker-0:131:6582 [4] NCCL INFO Channel 22/0 : 1[85000] -> 0[9000] via P2P/IPC comm 0x55695d954ca0 nRanks 02
vcjob-2107896150879928322-abc12335-42846-worker-0:131:6582 [4] NCCL INFO Channel 23/0 : 1[85000] -> 0[9000] via P2P/IPC comm 0x55695d954ca0 nRanks 02
vcjob-2107896150879928322-abc12335-42846-worker-0:131:6582 [4] NCCL INFO Channel 24/0 : 1[85000] -> 0[9000] via P2P/IPC comm 0x55695d954ca0 nRanks 02
vcjob-2107896150879928322-abc12335-42846-worker-0:131:6582 [4] NCCL INFO Channel 25/0 : 1[85000] -> 0[9000] via P2P/IPC comm 0x55695d954ca0 nRanks 02
vcjob-2107896150879928322-abc12335-42846-worker-0:131:6582 [4] NCCL INFO Channel 26/0 : 1[85000] -> 0[9000] via P2P/IPC comm 0x55695d954ca0 nRanks 02
vcjob-2107896150879928322-abc12335-42846-worker-0:131:6582 [4] NCCL INFO Channel 27/0 : 1[85000] -> 0[9000] via P2P/IPC comm 0x55695d954ca0 nRanks 02
vcjob-2107896150879928322-abc12335-42846-worker-0:131:6582 [4] NCCL INFO Channel 28/0 : 1[85000] -> 0[9000] via P2P/IPC comm 0x55695d954ca0 nRanks 02
vcjob-2107896150879928322-abc12335-42846-worker-0:131:6582 [4] NCCL INFO Channel 29/0 : 1[85000] -> 0[9000] via P2P/IPC comm 0x55695d954ca0 nRanks 02
vcjob-2107896150879928322-abc12335-42846-worker-0:131:6582 [4] NCCL INFO Channel 30/0 : 1[85000] -> 0[9000] via P2P/IPC comm 0x55695d954ca0 nRanks 02
vcjob-2107896150879928322-abc12335-42846-worker-0:131:6582 [4] NCCL INFO Channel 31/0 : 1[85000] -> 0[9000] via P2P/IPC comm 0x55695d954ca0 nRanks 02
vcjob-2107896150879928322-abc12335-42846-worker-0:131:6582 [4] NCCL INFO Connected all rings
vcjob-2107896150879928322-abc12335-42846-worker-0:131:6582 [4] NCCL INFO Connected all trees
vcjob-2107896150879928322-abc12335-42846-worker-0:127:6583 [0] NCCL INFO Connected all rings
vcjob-2107896150879928322-abc12335-42846-worker-0:131:6582 [4] NCCL INFO threadThresholds 8/8/64 | 16/8/64 | 256 | 256
vcjob-2107896150879928322-abc12335-42846-worker-0:131:6582 [4] NCCL INFO 32 coll channels, 32 collnet channels, 0 nvls channels, 32 p2p channels, 16 p2p channels per peer
vcjob-2107896150879928322-abc12335-42846-worker-0:127:6583 [0] NCCL INFO Connected all trees
vcjob-2107896150879928322-abc12335-42846-worker-0:127:6583 [0] NCCL INFO threadThresholds 8/8/64 | 16/8/64 | 256 | 256
vcjob-2107896150879928322-abc12335-42846-worker-0:127:6583 [0] NCCL INFO 32 coll channels, 32 collnet channels, 0 nvls channels, 32 p2p channels, 16 p2p channels per peer
vcjob-2107896150879928322-abc12335-42846-worker-0:127:6583 [0] NCCL INFO CC Off, Multi-GPU CC Off, workFifoBytes 4194304
vcjob-2107896150879928322-abc12335-42846-worker-0:127:6583 [0] NCCL INFO ncclCommInitRank comm 0x55666f835d70 rank 0 nranks 2 cudaDev 0 nvmlDev 0 busId 9000 commId 0x1b7f12401ebb7e55 localSize 480 used 993315632 bytes on core 1 - Init COMPLETE
vcjob-2107896150879928322-abc12335-42846-worker-0:127:6583 [0] NCCL INFO Init timings: rank 0 nranks 2 total 0.34 (kernels 0.00, bootstrap 0.02, allgathers 0.00, topo 0.22, graphs 0.00, connections 0.09, rest 0.00)
vcjob-2107896150879928322-abc12335-42846-worker-0:131:6582 [4] NCCL INFO ncclCommInitRank comm 0x55695d954ca0 rank 1 nranks 2 cudaDev 4 nvmlDev 4 busId 85000 commId 0x1b7f12401ebb7e55 localSize 480 used 440435680 bytes on core 72 - Init COMPLETE
vcjob-2107896150879928322-abc12335-42846-worker-0:131:6582 [4] NCCL INFO Init timings: rank 1 nranks 2 total 0.34 (kernels 0.00, bootstrap 0.02, allgathers 0.00, topo 0.22, graphs 0.00, connections 0.09, rest 0.00)
I1008 02:10:03.325075   127 ProcessGroupNCCL.cpp:2890] [PG ID 0 PG GUID 0(default_pg) Rank 0] NCCL_DEBUG: INFO
I1008 02:10:03.325141   131 ProcessGroupNCCL.cpp:2890] [PG ID 0 PG GUID 0(default_pg) Rank 4] NCCL_DEBUG: INFO
vcjob-2107896150879928322-abc12335-42846-worker-0:131:6589 [4] NCCL INFO Channel 01/1 : 1[85000] -> 0[9000] via P2P/IPC comm 0x55695d954ca0 nRanks 02
vcjob-2107896150879928322-abc12335-42846-worker-0:131:6589 [4] NCCL INFO Channel 03/1 : 1[85000] -> 0[9000] via P2P/IPC comm 0x55695d954ca0 nRanks 02
vcjob-2107896150879928322-abc12335-42846-worker-0:131:6589 [4] NCCL INFO Channel 05/1 : 1[85000] -> 0[9000] via P2P/IPC comm 0x55695d954ca0 nRanks 02
vcjob-2107896150879928322-abc12335-42846-worker-0:131:6589 [4] NCCL INFO Channel 07/1 : 1[85000] -> 0[9000] via P2P/IPC comm 0x55695d954ca0 nRanks 02
vcjob-2107896150879928322-abc12335-42846-worker-0:131:6589 [4] NCCL INFO Channel 09/1 : 1[85000] -> 0[9000] via P2P/IPC comm 0x55695d954ca0 nRanks 02
vcjob-2107896150879928322-abc12335-42846-worker-0:131:6589 [4] NCCL INFO Channel 11/1 : 1[85000] -> 0[9000] via P2P/IPC comm 0x55695d954ca0 nRanks 02
vcjob-2107896150879928322-abc12335-42846-worker-0:131:6589 [4] NCCL INFO Channel 13/1 : 1[85000] -> 0[9000] via P2P/IPC comm 0x55695d954ca0 nRanks 02
vcjob-2107896150879928322-abc12335-42846-worker-0:131:6589 [4] NCCL INFO Channel 15/1 : 1[85000] -> 0[9000] via P2P/IPC comm 0x55695d954ca0 nRanks 02
vcjob-2107896150879928322-abc12335-42846-worker-0:131:6589 [4] NCCL INFO Channel 17/1 : 1[85000] -> 0[9000] via P2P/IPC comm 0x55695d954ca0 nRanks 02
vcjob-2107896150879928322-abc12335-42846-worker-0:131:6589 [4] NCCL INFO Channel 19/1 : 1[85000] -> 0[9000] via P2P/IPC comm 0x55695d954ca0 nRanks 02
vcjob-2107896150879928322-abc12335-42846-worker-0:131:6589 [4] NCCL INFO Channel 21/1 : 1[85000] -> 0[9000] via P2P/IPC comm 0x55695d954ca0 nRanks 02
vcjob-2107896150879928322-abc12335-42846-worker-0:131:6589 [4] NCCL INFO Channel 23/1 : 1[85000] -> 0[9000] via P2P/IPC comm 0x55695d954ca0 nRanks 02
vcjob-2107896150879928322-abc12335-42846-worker-0:131:6589 [4] NCCL INFO Channel 25/1 : 1[85000] -> 0[9000] via P2P/IPC comm 0x55695d954ca0 nRanks 02
vcjob-2107896150879928322-abc12335-42846-worker-0:131:6589 [4] NCCL INFO Channel 27/1 : 1[85000] -> 0[9000] via P2P/IPC comm 0x55695d954ca0 nRanks 02
vcjob-2107896150879928322-abc12335-42846-worker-0:131:6589 [4] NCCL INFO Channel 29/1 : 1[85000] -> 0[9000] via P2P/IPC comm 0x55695d954ca0 nRanks 02
vcjob-2107896150879928322-abc12335-42846-worker-0:131:6589 [4] NCCL INFO Channel 31/1 : 1[85000] -> 0[9000] via P2P/IPC comm 0x55695d954ca0 nRanks 02

vcjob-2107896150879928322-abc12335-42846-worker-0:127:127 [0] /data/jenkins_workspace/workspace/rccl_release/build/hipify/src/init.cc:170 NCCL WARN NUMA auto balancing enabled which can lead to variability in the RCCL performance! Disable by "sudo sysctl kernel.numa_balancing=0"
vcjob-2107896150879928322-abc12335-42846-worker-0:127:127 [0] NCCL INFO Kernel version: 5.15.0-25-generic

vcjob-2107896150879928322-abc12335-42846-worker-0:127:127 [0] /data/jenkins_workspace/workspace/rccl_release/build/hipify/src/init.cc:191 NCCL WARN Missing "iommu=pt" from kernel command line which can lead to system instablity or hang!
I1008 02:10:03.363715   127 ProcessGroupNCCL.cpp:2857] [PG ID 0 PG GUID 0(default_pg) Rank 0] ProcessGroupNCCL broadcast unique ID through store took 0.047911 ms
I1008 02:10:03.363739   127 NCCLUtils.cpp:75] Rank 0: creating NCCL communicator with mode: blocking

vcjob-2107896150879928322-abc12335-42846-worker-0:127:127 [0] /data/jenkins_workspace/workspace/rccl_release/build/hipify/src/init.cc:170 NCCL WARN NUMA auto balancing enabled which can lead to variability in the RCCL performance! Disable by "sudo sysctl kernel.numa_balancing=0"
vcjob-2107896150879928322-abc12335-42846-worker-0:127:127 [0] NCCL INFO Kernel version: 5.15.0-25-generic

vcjob-2107896150879928322-abc12335-42846-worker-0:127:127 [0] /data/jenkins_workspace/workspace/rccl_release/build/hipify/src/init.cc:191 NCCL WARN Missing "iommu=pt" from kernel command line which can lead to system instablity or hang!
I1008 02:10:03.363826   132 ProcessGroupNCCL.cpp:2857] [PG ID 0 PG GUID 0(default_pg) Rank 5] ProcessGroupNCCL broadcast unique ID through store took 1509.46 ms
I1008 02:10:03.363929   132 NCCLUtils.cpp:75] Rank 1: creating NCCL communicator with mode: blocking

vcjob-2107896150879928322-abc12335-42846-worker-0:132:132 [5] /data/jenkins_workspace/workspace/rccl_release/build/hipify/src/init.cc:170 NCCL WARN NUMA auto balancing enabled which can lead to variability in the RCCL performance! Disable by "sudo sysctl kernel.numa_balancing=0"
vcjob-2107896150879928322-abc12335-42846-worker-0:132:132 [5] NCCL INFO Kernel version: 5.15.0-25-generic

vcjob-2107896150879928322-abc12335-42846-worker-0:132:132 [5] /data/jenkins_workspace/workspace/rccl_release/build/hipify/src/init.cc:191 NCCL WARN Missing "iommu=pt" from kernel command line which can lead to system instablity or hang!
vcjob-2107896150879928322-abc12335-42846-worker-0:132:132 [5] NCCL INFO Comm config Blocking set to 1
vcjob-2107896150879928322-abc12335-42846-worker-0:132:6591 [5] NCCL INFO Using network Socket
vcjob-2107896150879928322-abc12335-42846-worker-0:132:6591 [5] NCCL INFO rocm_smi_lib: version 7.6.0.0
vcjob-2107896150879928322-abc12335-42846-worker-0:127:127 [0] NCCL INFO Comm config Blocking set to 1
vcjob-2107896150879928322-abc12335-42846-worker-0:127:6592 [0] NCCL INFO Using network Socket
vcjob-2107896150879928322-abc12335-42846-worker-0:127:6592 [0] NCCL INFO rocm_smi_lib: version 7.6.0.0
vcjob-2107896150879928322-abc12335-42846-worker-0:127:6592 [0] NCCL INFO ncclCommInitRank comm 0x55666f8f1550 rank 0 nranks 2 cudaDev 0 nvmlDev 0 busId 9000 commId 0x1ab28c322daa91bd - Init START
vcjob-2107896150879928322-abc12335-42846-worker-0:132:6591 [5] NCCL INFO ncclCommInitRank comm 0x5585cf21f670 rank 1 nranks 2 cudaDev 5 nvmlDev 5 busId b5000 commId 0x1ab28c322daa91bd - Init START
vcjob-2107896150879928322-abc12335-42846-worker-0:132:6591 [5] NCCL INFO rank:1 get match hsa dev domain:0x0 bdf:0xb500 rank busId:0x741376
vcjob-2107896150879928322-abc12335-42846-worker-0:127:6592 [0] NCCL INFO rank:0 get match hsa dev domain:0x0 bdf:0x900 rank busId:0x36864
vcjob-2107896150879928322-abc12335-42846-worker-0:132:6591 [5] NCCL INFO XDP Switch is off with xdp_size : 0
vcjob-2107896150879928322-abc12335-42846-worker-0:127:6592 [0] NCCL INFO XDP Switch is off with xdp_size : 0

vcjob-2107896150879928322-abc12335-42846-worker-0:132:6591 [5] /data/jenkins_workspace/workspace/rccl_release/build/hipify/src/graph/xml.cc:1211 NCCL WARN No IB NIC found, the generation of the basic topology has been terminated.

vcjob-2107896150879928322-abc12335-42846-worker-0:127:6592 [0] /data/jenkins_workspace/workspace/rccl_release/build/hipify/src/graph/xml.cc:1211 NCCL WARN No IB NIC found, the generation of the basic topology has been terminated.
vcjob-2107896150879928322-abc12335-42846-worker-0:127:6592 [0] NCCL INFO rocm_smi_lib: version 7.6.0.0
vcjob-2107896150879928322-abc12335-42846-worker-0:132:6591 [5] NCCL INFO rocm_smi_lib: version 7.6.0.0
vcjob-2107896150879928322-abc12335-42846-worker-0:127:6592 [0] NCCL INFO Setting affinity for GPU 0 to ffff
vcjob-2107896150879928322-abc12335-42846-worker-0:127:6592 [0] NCCL INFO Rank:0 Get link topo from rocmDev:0 linkNum:8 link:0 linkState:1 remote type:1 bdf:0x9b00 topoType:2
vcjob-2107896150879928322-abc12335-42846-worker-0:127:6592 [0] NCCL INFO Transport init rank 0 useXdp 0 linkTopoType 2
vcjob-2107896150879928322-abc12335-42846-worker-0:132:6591 [5] NCCL INFO Setting affinity for GPU 5 to ffff0000,00000000,00000000,00000000
vcjob-2107896150879928322-abc12335-42846-worker-0:132:6591 [5] NCCL INFO Rank:1 Get link topo from rocmDev:0 linkNum:8 link:0 linkState:1 remote type:1 bdf:0x9b00 topoType:2
vcjob-2107896150879928322-abc12335-42846-worker-0:132:6591 [5] NCCL INFO Transport init rank 1 useXdp 0 linkTopoType 2
vcjob-2107896150879928322-abc12335-42846-worker-0:132:6591 [5] NCCL INFO comm 0x5585cf21f670 rank 1 nRanks 2 nNodes 1 localRanks 2 localRank 1 MNNVL 0
vcjob-2107896150879928322-abc12335-42846-worker-0:127:6592 [0] NCCL INFO comm 0x55666f8f1550 rank 0 nRanks 2 nNodes 1 localRanks 2 localRank 0 MNNVL 0
vcjob-2107896150879928322-abc12335-42846-worker-0:127:6592 [0] NCCL INFO Channel 00/32 :    0   1
vcjob-2107896150879928322-abc12335-42846-worker-0:127:6592 [0] NCCL INFO Channel 01/32 :    0   1
vcjob-2107896150879928322-abc12335-42846-worker-0:127:6592 [0] NCCL INFO Channel 02/32 :    0   1
vcjob-2107896150879928322-abc12335-42846-worker-0:127:6592 [0] NCCL INFO Channel 03/32 :    0   1
vcjob-2107896150879928322-abc12335-42846-worker-0:127:6592 [0] NCCL INFO Channel 04/32 :    0   1
vcjob-2107896150879928322-abc12335-42846-worker-0:127:6592 [0] NCCL INFO Channel 05/32 :    0   1
vcjob-2107896150879928322-abc12335-42846-worker-0:127:6592 [0] NCCL INFO Channel 06/32 :    0   1
vcjob-2107896150879928322-abc12335-42846-worker-0:127:6592 [0] NCCL INFO Channel 07/32 :    0   1
vcjob-2107896150879928322-abc12335-42846-worker-0:127:6592 [0] NCCL INFO Channel 08/32 :    0   1
vcjob-2107896150879928322-abc12335-42846-worker-0:127:6592 [0] NCCL INFO Channel 09/32 :    0   1
vcjob-2107896150879928322-abc12335-42846-worker-0:132:6591 [5] NCCL INFO Trees [0] -1/-1/-1->1->0 [1] -1/-1/-1->1->0 [2] -1/-1/-1->1->0 [3] 0/-1/-1->1->-1 [4] -1/-1/-1->1->0 [5] -1/-1/-1->1->0 [6] -1/-1/-1->1->0 [7] 0/-1/-1->1->-1 [8] -1/-1/-1->1->0 [9] -1/-1/-1->1->0 [10] -1/-1/-1->1->0 [11] 0/-1/-1->1->-1 [12] -1/-1/-1->1->0 [13] -1/-1/-1->1->0 [14] -1/-1/-1->1->0 [15] 0/-1/-1->1->-1 [16] -1/-1/-1->1->0 [17] -1/-1/-1->1->0 [18] -1/-1/-1->1->0 [19] 0/-1/-1->1->-1 [20] -1/-1/-1->1->0 [21] -1/-1/-1->1->0 [22] -1/-1/-1->1->0 [23] 0/-1/-1->1->-1 [24] -1/-1/-1->1->0 [25] -1/-1/-1->1->0 [26] -1/-1/-1->1->0 [27] 0/-1/-1->1->-1 [28] -1/-1/-1->1->0 [29] -1/-1/-1->1->0 [30] -1/-1/-1->1->0 [31] 0/-1/-1->1->-1 comm 0x5585cf21f670 nRanks 02 busId b5000
vcjob-2107896150879928322-abc12335-42846-worker-0:127:6592 [0] NCCL INFO Channel 10/32 :    0   1
vcjob-2107896150879928322-abc12335-42846-worker-0:132:6591 [5] NCCL INFO P2P Chunksize set to 262144
vcjob-2107896150879928322-abc12335-42846-worker-0:127:6592 [0] NCCL INFO Channel 11/32 :    0   1
vcjob-2107896150879928322-abc12335-42846-worker-0:132:6591 [5] NCCL INFO comm->autoPerPeerOn: 1, comm->p2pnChannels: 32, comm->p2pnChannelsPerPeer: 16
vcjob-2107896150879928322-abc12335-42846-worker-0:127:6592 [0] NCCL INFO Channel 12/32 :    0   1
vcjob-2107896150879928322-abc12335-42846-worker-0:127:6592 [0] NCCL INFO Channel 13/32 :    0   1
vcjob-2107896150879928322-abc12335-42846-worker-0:127:6592 [0] NCCL INFO Channel 14/32 :    0   1
vcjob-2107896150879928322-abc12335-42846-worker-0:127:6592 [0] NCCL INFO Channel 15/32 :    0   1
vcjob-2107896150879928322-abc12335-42846-worker-0:127:6592 [0] NCCL INFO Channel 16/32 :    0   1
vcjob-2107896150879928322-abc12335-42846-worker-0:127:6592 [0] NCCL INFO Channel 17/32 :    0   1
vcjob-2107896150879928322-abc12335-42846-worker-0:127:6592 [0] NCCL INFO Channel 18/32 :    0   1
vcjob-2107896150879928322-abc12335-42846-worker-0:127:6592 [0] NCCL INFO Channel 19/32 :    0   1
vcjob-2107896150879928322-abc12335-42846-worker-0:127:6592 [0] NCCL INFO Channel 20/32 :    0   1
vcjob-2107896150879928322-abc12335-42846-worker-0:127:6592 [0] NCCL INFO Channel 21/32 :    0   1
vcjob-2107896150879928322-abc12335-42846-worker-0:127:6592 [0] NCCL INFO Channel 22/32 :    0   1
vcjob-2107896150879928322-abc12335-42846-worker-0:127:6592 [0] NCCL INFO Channel 23/32 :    0   1
vcjob-2107896150879928322-abc12335-42846-worker-0:127:6592 [0] NCCL INFO Channel 24/32 :    0   1
vcjob-2107896150879928322-abc12335-42846-worker-0:127:6592 [0] NCCL INFO Channel 25/32 :    0   1
vcjob-2107896150879928322-abc12335-42846-worker-0:127:6592 [0] NCCL INFO Channel 26/32 :    0   1
vcjob-2107896150879928322-abc12335-42846-worker-0:127:6592 [0] NCCL INFO Channel 27/32 :    0   1
vcjob-2107896150879928322-abc12335-42846-worker-0:127:6592 [0] NCCL INFO Channel 28/32 :    0   1
vcjob-2107896150879928322-abc12335-42846-worker-0:127:6592 [0] NCCL INFO Channel 29/32 :    0   1
vcjob-2107896150879928322-abc12335-42846-worker-0:127:6592 [0] NCCL INFO Channel 30/32 :    0   1
vcjob-2107896150879928322-abc12335-42846-worker-0:127:6592 [0] NCCL INFO Channel 31/32 :    0   1
vcjob-2107896150879928322-abc12335-42846-worker-0:127:6592 [0] NCCL INFO Trees [0] 1/-1/-1->0->-1 [1] 1/-1/-1->0->-1 [2] 1/-1/-1->0->-1 [3] -1/-1/-1->0->1 [4] 1/-1/-1->0->-1 [5] 1/-1/-1->0->-1 [6] 1/-1/-1->0->-1 [7] -1/-1/-1->0->1 [8] 1/-1/-1->0->-1 [9] 1/-1/-1->0->-1 [10] 1/-1/-1->0->-1 [11] -1/-1/-1->0->1 [12] 1/-1/-1->0->-1 [13] 1/-1/-1->0->-1 [14] 1/-1/-1->0->-1 [15] -1/-1/-1->0->1 [16] 1/-1/-1->0->-1 [17] 1/-1/-1->0->-1 [18] 1/-1/-1->0->-1 [19] -1/-1/-1->0->1 [20] 1/-1/-1->0->-1 [21] 1/-1/-1->0->-1 [22] 1/-1/-1->0->-1 [23] -1/-1/-1->0->1 [24] 1/-1/-1->0->-1 [25] 1/-1/-1->0->-1 [26] 1/-1/-1->0->-1 [27] -1/-1/-1->0->1 [28] 1/-1/-1->0->-1 [29] 1/-1/-1->0->-1 [30] 1/-1/-1->0->-1 [31] -1/-1/-1->0->1 comm 0x55666f8f1550 nRanks 02 busId 9000
vcjob-2107896150879928322-abc12335-42846-worker-0:127:6592 [0] NCCL INFO P2P Chunksize set to 262144
vcjob-2107896150879928322-abc12335-42846-worker-0:127:6592 [0] NCCL INFO comm->autoPerPeerOn: 1, comm->p2pnChannels: 32, comm->p2pnChannelsPerPeer: 16
vcjob-2107896150879928322-abc12335-42846-worker-0:127:6592 [0] NCCL INFO Channel 00/0 : 0[9000] -> 1[b5000] via P2P/IPC comm 0x55666f8f1550 nRanks 02
vcjob-2107896150879928322-abc12335-42846-worker-0:127:6592 [0] NCCL INFO Channel 01/0 : 0[9000] -> 1[b5000] via P2P/IPC comm 0x55666f8f1550 nRanks 02
vcjob-2107896150879928322-abc12335-42846-worker-0:127:6592 [0] NCCL INFO Channel 02/0 : 0[9000] -> 1[b5000] via P2P/IPC comm 0x55666f8f1550 nRanks 02
vcjob-2107896150879928322-abc12335-42846-worker-0:127:6592 [0] NCCL INFO Channel 03/0 : 0[9000] -> 1[b5000] via P2P/IPC comm 0x55666f8f1550 nRanks 02
vcjob-2107896150879928322-abc12335-42846-worker-0:127:6592 [0] NCCL INFO Channel 04/0 : 0[9000] -> 1[b5000] via P2P/IPC comm 0x55666f8f1550 nRanks 02
vcjob-2107896150879928322-abc12335-42846-worker-0:127:6592 [0] NCCL INFO Channel 05/0 : 0[9000] -> 1[b5000] via P2P/IPC comm 0x55666f8f1550 nRanks 02
vcjob-2107896150879928322-abc12335-42846-worker-0:127:6592 [0] NCCL INFO Channel 06/0 : 0[9000] -> 1[b5000] via P2P/IPC comm 0x55666f8f1550 nRanks 02
vcjob-2107896150879928322-abc12335-42846-worker-0:127:6592 [0] NCCL INFO Channel 07/0 : 0[9000] -> 1[b5000] via P2P/IPC comm 0x55666f8f1550 nRanks 02
vcjob-2107896150879928322-abc12335-42846-worker-0:127:6592 [0] NCCL INFO Channel 08/0 : 0[9000] -> 1[b5000] via P2P/IPC comm 0x55666f8f1550 nRanks 02
vcjob-2107896150879928322-abc12335-42846-worker-0:127:6592 [0] NCCL INFO Channel 09/0 : 0[9000] -> 1[b5000] via P2P/IPC comm 0x55666f8f1550 nRanks 02
vcjob-2107896150879928322-abc12335-42846-worker-0:127:6592 [0] NCCL INFO Channel 10/0 : 0[9000] -> 1[b5000] via P2P/IPC comm 0x55666f8f1550 nRanks 02
vcjob-2107896150879928322-abc12335-42846-worker-0:127:6592 [0] NCCL INFO Channel 11/0 : 0[9000] -> 1[b5000] via P2P/IPC comm 0x55666f8f1550 nRanks 02
vcjob-2107896150879928322-abc12335-42846-worker-0:127:6592 [0] NCCL INFO Channel 12/0 : 0[9000] -> 1[b5000] via P2P/IPC comm 0x55666f8f1550 nRanks 02
vcjob-2107896150879928322-abc12335-42846-worker-0:127:6592 [0] NCCL INFO Channel 13/0 : 0[9000] -> 1[b5000] via P2P/IPC comm 0x55666f8f1550 nRanks 02
vcjob-2107896150879928322-abc12335-42846-worker-0:127:6592 [0] NCCL INFO Channel 14/0 : 0[9000] -> 1[b5000] via P2P/IPC comm 0x55666f8f1550 nRanks 02
vcjob-2107896150879928322-abc12335-42846-worker-0:132:6591 [5] NCCL INFO Channel 00/0 : 1[b5000] -> 0[9000] via P2P/IPC comm 0x5585cf21f670 nRanks 02
vcjob-2107896150879928322-abc12335-42846-worker-0:127:6592 [0] NCCL INFO Channel 15/0 : 0[9000] -> 1[b5000] via P2P/IPC comm 0x55666f8f1550 nRanks 02
vcjob-2107896150879928322-abc12335-42846-worker-0:127:6592 [0] NCCL INFO Channel 16/0 : 0[9000] -> 1[b5000] via P2P/IPC comm 0x55666f8f1550 nRanks 02
vcjob-2107896150879928322-abc12335-42846-worker-0:132:6591 [5] NCCL INFO Channel 01/0 : 1[b5000] -> 0[9000] via P2P/IPC comm 0x5585cf21f670 nRanks 02
vcjob-2107896150879928322-abc12335-42846-worker-0:127:6592 [0] NCCL INFO Channel 17/0 : 0[9000] -> 1[b5000] via P2P/IPC comm 0x55666f8f1550 nRanks 02
vcjob-2107896150879928322-abc12335-42846-worker-0:132:6591 [5] NCCL INFO Channel 02/0 : 1[b5000] -> 0[9000] via P2P/IPC comm 0x5585cf21f670 nRanks 02
vcjob-2107896150879928322-abc12335-42846-worker-0:127:6592 [0] NCCL INFO Channel 18/0 : 0[9000] -> 1[b5000] via P2P/IPC comm 0x55666f8f1550 nRanks 02
vcjob-2107896150879928322-abc12335-42846-worker-0:132:6591 [5] NCCL INFO Channel 03/0 : 1[b5000] -> 0[9000] via P2P/IPC comm 0x5585cf21f670 nRanks 02
vcjob-2107896150879928322-abc12335-42846-worker-0:127:6592 [0] NCCL INFO Channel 19/0 : 0[9000] -> 1[b5000] via P2P/IPC comm 0x55666f8f1550 nRanks 02
vcjob-2107896150879928322-abc12335-42846-worker-0:132:6591 [5] NCCL INFO Channel 04/0 : 1[b5000] -> 0[9000] via P2P/IPC comm 0x5585cf21f670 nRanks 02
vcjob-2107896150879928322-abc12335-42846-worker-0:127:6592 [0] NCCL INFO Channel 20/0 : 0[9000] -> 1[b5000] via P2P/IPC comm 0x55666f8f1550 nRanks 02
vcjob-2107896150879928322-abc12335-42846-worker-0:132:6591 [5] NCCL INFO Channel 05/0 : 1[b5000] -> 0[9000] via P2P/IPC comm 0x5585cf21f670 nRanks 02
vcjob-2107896150879928322-abc12335-42846-worker-0:127:6592 [0] NCCL INFO Channel 21/0 : 0[9000] -> 1[b5000] via P2P/IPC comm 0x55666f8f1550 nRanks 02
vcjob-2107896150879928322-abc12335-42846-worker-0:127:6592 [0] NCCL INFO Channel 22/0 : 0[9000] -> 1[b5000] via P2P/IPC comm 0x55666f8f1550 nRanks 02
vcjob-2107896150879928322-abc12335-42846-worker-0:132:6591 [5] NCCL INFO Channel 06/0 : 1[b5000] -> 0[9000] via P2P/IPC comm 0x5585cf21f670 nRanks 02
vcjob-2107896150879928322-abc12335-42846-worker-0:127:6592 [0] NCCL INFO Channel 23/0 : 0[9000] -> 1[b5000] via P2P/IPC comm 0x55666f8f1550 nRanks 02
vcjob-2107896150879928322-abc12335-42846-worker-0:132:6591 [5] NCCL INFO Channel 07/0 : 1[b5000] -> 0[9000] via P2P/IPC comm 0x5585cf21f670 nRanks 02
vcjob-2107896150879928322-abc12335-42846-worker-0:127:6592 [0] NCCL INFO Channel 24/0 : 0[9000] -> 1[b5000] via P2P/IPC comm 0x55666f8f1550 nRanks 02
vcjob-2107896150879928322-abc12335-42846-worker-0:132:6591 [5] NCCL INFO Channel 08/0 : 1[b5000] -> 0[9000] via P2P/IPC comm 0x5585cf21f670 nRanks 02
vcjob-2107896150879928322-abc12335-42846-worker-0:127:6592 [0] NCCL INFO Channel 25/0 : 0[9000] -> 1[b5000] via P2P/IPC comm 0x55666f8f1550 nRanks 02
vcjob-2107896150879928322-abc12335-42846-worker-0:132:6591 [5] NCCL INFO Channel 09/0 : 1[b5000] -> 0[9000] via P2P/IPC comm 0x5585cf21f670 nRanks 02
vcjob-2107896150879928322-abc12335-42846-worker-0:127:6592 [0] NCCL INFO Channel 26/0 : 0[9000] -> 1[b5000] via P2P/IPC comm 0x55666f8f1550 nRanks 02
vcjob-2107896150879928322-abc12335-42846-worker-0:132:6591 [5] NCCL INFO Channel 10/0 : 1[b5000] -> 0[9000] via P2P/IPC comm 0x5585cf21f670 nRanks 02
vcjob-2107896150879928322-abc12335-42846-worker-0:127:6592 [0] NCCL INFO Channel 27/0 : 0[9000] -> 1[b5000] via P2P/IPC comm 0x55666f8f1550 nRanks 02
vcjob-2107896150879928322-abc12335-42846-worker-0:127:6592 [0] NCCL INFO Channel 28/0 : 0[9000] -> 1[b5000] via P2P/IPC comm 0x55666f8f1550 nRanks 02
vcjob-2107896150879928322-abc12335-42846-worker-0:132:6591 [5] NCCL INFO Channel 11/0 : 1[b5000] -> 0[9000] via P2P/IPC comm 0x5585cf21f670 nRanks 02
vcjob-2107896150879928322-abc12335-42846-worker-0:127:6592 [0] NCCL INFO Channel 29/0 : 0[9000] -> 1[b5000] via P2P/IPC comm 0x55666f8f1550 nRanks 02
vcjob-2107896150879928322-abc12335-42846-worker-0:132:6591 [5] NCCL INFO Channel 12/0 : 1[b5000] -> 0[9000] via P2P/IPC comm 0x5585cf21f670 nRanks 02
vcjob-2107896150879928322-abc12335-42846-worker-0:127:6592 [0] NCCL INFO Channel 30/0 : 0[9000] -> 1[b5000] via P2P/IPC comm 0x55666f8f1550 nRanks 02
vcjob-2107896150879928322-abc12335-42846-worker-0:132:6591 [5] NCCL INFO Channel 13/0 : 1[b5000] -> 0[9000] via P2P/IPC comm 0x5585cf21f670 nRanks 02
vcjob-2107896150879928322-abc12335-42846-worker-0:127:6592 [0] NCCL INFO Channel 31/0 : 0[9000] -> 1[b5000] via P2P/IPC comm 0x55666f8f1550 nRanks 02
vcjob-2107896150879928322-abc12335-42846-worker-0:132:6591 [5] NCCL INFO Channel 14/0 : 1[b5000] -> 0[9000] via P2P/IPC comm 0x5585cf21f670 nRanks 02
vcjob-2107896150879928322-abc12335-42846-worker-0:132:6591 [5] NCCL INFO Channel 15/0 : 1[b5000] -> 0[9000] via P2P/IPC comm 0x5585cf21f670 nRanks 02
vcjob-2107896150879928322-abc12335-42846-worker-0:132:6591 [5] NCCL INFO Channel 16/0 : 1[b5000] -> 0[9000] via P2P/IPC comm 0x5585cf21f670 nRanks 02
vcjob-2107896150879928322-abc12335-42846-worker-0:132:6591 [5] NCCL INFO Channel 17/0 : 1[b5000] -> 0[9000] via P2P/IPC comm 0x5585cf21f670 nRanks 02
vcjob-2107896150879928322-abc12335-42846-worker-0:132:6591 [5] NCCL INFO Channel 18/0 : 1[b5000] -> 0[9000] via P2P/IPC comm 0x5585cf21f670 nRanks 02
vcjob-2107896150879928322-abc12335-42846-worker-0:132:6591 [5] NCCL INFO Channel 19/0 : 1[b5000] -> 0[9000] via P2P/IPC comm 0x5585cf21f670 nRanks 02
vcjob-2107896150879928322-abc12335-42846-worker-0:132:6591 [5] NCCL INFO Channel 20/0 : 1[b5000] -> 0[9000] via P2P/IPC comm 0x5585cf21f670 nRanks 02
vcjob-2107896150879928322-abc12335-42846-worker-0:132:6591 [5] NCCL INFO Channel 21/0 : 1[b5000] -> 0[9000] via P2P/IPC comm 0x5585cf21f670 nRanks 02
vcjob-2107896150879928322-abc12335-42846-worker-0:132:6591 [5] NCCL INFO Channel 22/0 : 1[b5000] -> 0[9000] via P2P/IPC comm 0x5585cf21f670 nRanks 02
vcjob-2107896150879928322-abc12335-42846-worker-0:132:6591 [5] NCCL INFO Channel 23/0 : 1[b5000] -> 0[9000] via P2P/IPC comm 0x5585cf21f670 nRanks 02
vcjob-2107896150879928322-abc12335-42846-worker-0:132:6591 [5] NCCL INFO Channel 24/0 : 1[b5000] -> 0[9000] via P2P/IPC comm 0x5585cf21f670 nRanks 02
vcjob-2107896150879928322-abc12335-42846-worker-0:132:6591 [5] NCCL INFO Channel 25/0 : 1[b5000] -> 0[9000] via P2P/IPC comm 0x5585cf21f670 nRanks 02
vcjob-2107896150879928322-abc12335-42846-worker-0:132:6591 [5] NCCL INFO Channel 26/0 : 1[b5000] -> 0[9000] via P2P/IPC comm 0x5585cf21f670 nRanks 02
vcjob-2107896150879928322-abc12335-42846-worker-0:132:6591 [5] NCCL INFO Channel 27/0 : 1[b5000] -> 0[9000] via P2P/IPC comm 0x5585cf21f670 nRanks 02
vcjob-2107896150879928322-abc12335-42846-worker-0:132:6591 [5] NCCL INFO Channel 28/0 : 1[b5000] -> 0[9000] via P2P/IPC comm 0x5585cf21f670 nRanks 02
vcjob-2107896150879928322-abc12335-42846-worker-0:132:6591 [5] NCCL INFO Channel 29/0 : 1[b5000] -> 0[9000] via P2P/IPC comm 0x5585cf21f670 nRanks 02
vcjob-2107896150879928322-abc12335-42846-worker-0:132:6591 [5] NCCL INFO Channel 30/0 : 1[b5000] -> 0[9000] via P2P/IPC comm 0x5585cf21f670 nRanks 02
vcjob-2107896150879928322-abc12335-42846-worker-0:132:6591 [5] NCCL INFO Channel 31/0 : 1[b5000] -> 0[9000] via P2P/IPC comm 0x5585cf21f670 nRanks 02
vcjob-2107896150879928322-abc12335-42846-worker-0:127:6592 [0] NCCL INFO Connected all rings
vcjob-2107896150879928322-abc12335-42846-worker-0:132:6591 [5] NCCL INFO Connected all rings
vcjob-2107896150879928322-abc12335-42846-worker-0:132:6591 [5] NCCL INFO Connected all trees
vcjob-2107896150879928322-abc12335-42846-worker-0:127:6592 [0] NCCL INFO Connected all trees
vcjob-2107896150879928322-abc12335-42846-worker-0:132:6591 [5] NCCL INFO threadThresholds 8/8/64 | 16/8/64 | 256 | 256
vcjob-2107896150879928322-abc12335-42846-worker-0:132:6591 [5] NCCL INFO 32 coll channels, 32 collnet channels, 0 nvls channels, 32 p2p channels, 16 p2p channels per peer
vcjob-2107896150879928322-abc12335-42846-worker-0:127:6592 [0] NCCL INFO threadThresholds 8/8/64 | 16/8/64 | 256 | 256
vcjob-2107896150879928322-abc12335-42846-worker-0:127:6592 [0] NCCL INFO 32 coll channels, 32 collnet channels, 0 nvls channels, 32 p2p channels, 16 p2p channels per peer
vcjob-2107896150879928322-abc12335-42846-worker-0:127:6592 [0] NCCL INFO CC Off, Multi-GPU CC Off, workFifoBytes 4194304
vcjob-2107896150879928322-abc12335-42846-worker-0:127:6592 [0] NCCL INFO ncclCommInitRank comm 0x55666f8f1550 rank 0 nranks 2 cudaDev 0 nvmlDev 0 busId 9000 commId 0x1ab28c322daa91bd localSize 480 used 1196527008 bytes on core 0 - Init COMPLETE
vcjob-2107896150879928322-abc12335-42846-worker-0:127:6592 [0] NCCL INFO Init timings: rank 0 nranks 2 total 0.32 (kernels 0.00, bootstrap 0.02, allgathers 0.00, topo 0.20, graphs 0.00, connections 0.10, rest 0.00)
vcjob-2107896150879928322-abc12335-42846-worker-0:132:6591 [5] NCCL INFO ncclCommInitRank comm 0x5585cf21f670 rank 1 nranks 2 cudaDev 5 nvmlDev 5 busId b5000 commId 0x1ab28c322daa91bd localSize 480 used 440435680 bytes on core 112 - Init COMPLETE
vcjob-2107896150879928322-abc12335-42846-worker-0:132:6591 [5] NCCL INFO Init timings: rank 1 nranks 2 total 0.32 (kernels 0.00, bootstrap 0.02, allgathers 0.00, topo 0.20, graphs 0.00, connections 0.10, rest 0.00)
I1008 02:10:03.683429   127 ProcessGroupNCCL.cpp:2890] [PG ID 0 PG GUID 0(default_pg) Rank 0] NCCL_DEBUG: INFO
I1008 02:10:03.683470   132 ProcessGroupNCCL.cpp:2890] [PG ID 0 PG GUID 0(default_pg) Rank 5] NCCL_DEBUG: INFO
vcjob-2107896150879928322-abc12335-42846-worker-0:132:6598 [5] NCCL INFO Channel 01/1 : 1[b5000] -> 0[9000] via P2P/IPC comm 0x5585cf21f670 nRanks 02
vcjob-2107896150879928322-abc12335-42846-worker-0:132:6598 [5] NCCL INFO Channel 03/1 : 1[b5000] -> 0[9000] via P2P/IPC comm 0x5585cf21f670 nRanks 02
vcjob-2107896150879928322-abc12335-42846-worker-0:132:6598 [5] NCCL INFO Channel 05/1 : 1[b5000] -> 0[9000] via P2P/IPC comm 0x5585cf21f670 nRanks 02
vcjob-2107896150879928322-abc12335-42846-worker-0:132:6598 [5] NCCL INFO Channel 07/1 : 1[b5000] -> 0[9000] via P2P/IPC comm 0x5585cf21f670 nRanks 02
vcjob-2107896150879928322-abc12335-42846-worker-0:132:6598 [5] NCCL INFO Channel 09/1 : 1[b5000] -> 0[9000] via P2P/IPC comm 0x5585cf21f670 nRanks 02
vcjob-2107896150879928322-abc12335-42846-worker-0:132:6598 [5] NCCL INFO Channel 11/1 : 1[b5000] -> 0[9000] via P2P/IPC comm 0x5585cf21f670 nRanks 02
vcjob-2107896150879928322-abc12335-42846-worker-0:132:6598 [5] NCCL INFO Channel 13/1 : 1[b5000] -> 0[9000] via P2P/IPC comm 0x5585cf21f670 nRanks 02
vcjob-2107896150879928322-abc12335-42846-worker-0:132:6598 [5] NCCL INFO Channel 15/1 : 1[b5000] -> 0[9000] via P2P/IPC comm 0x5585cf21f670 nRanks 02
vcjob-2107896150879928322-abc12335-42846-worker-0:132:6598 [5] NCCL INFO Channel 17/1 : 1[b5000] -> 0[9000] via P2P/IPC comm 0x5585cf21f670 nRanks 02
vcjob-2107896150879928322-abc12335-42846-worker-0:132:6598 [5] NCCL INFO Channel 19/1 : 1[b5000] -> 0[9000] via P2P/IPC comm 0x5585cf21f670 nRanks 02
vcjob-2107896150879928322-abc12335-42846-worker-0:132:6598 [5] NCCL INFO Channel 21/1 : 1[b5000] -> 0[9000] via P2P/IPC comm 0x5585cf21f670 nRanks 02
vcjob-2107896150879928322-abc12335-42846-worker-0:132:6598 [5] NCCL INFO Channel 23/1 : 1[b5000] -> 0[9000] via P2P/IPC comm 0x5585cf21f670 nRanks 02
vcjob-2107896150879928322-abc12335-42846-worker-0:132:6598 [5] NCCL INFO Channel 25/1 : 1[b5000] -> 0[9000] via P2P/IPC comm 0x5585cf21f670 nRanks 02
vcjob-2107896150879928322-abc12335-42846-worker-0:132:6598 [5] NCCL INFO Channel 27/1 : 1[b5000] -> 0[9000] via P2P/IPC comm 0x5585cf21f670 nRanks 02
vcjob-2107896150879928322-abc12335-42846-worker-0:132:6598 [5] NCCL INFO Channel 29/1 : 1[b5000] -> 0[9000] via P2P/IPC comm 0x5585cf21f670 nRanks 02
vcjob-2107896150879928322-abc12335-42846-worker-0:132:6598 [5] NCCL INFO Channel 31/1 : 1[b5000] -> 0[9000] via P2P/IPC comm 0x5585cf21f670 nRanks 02

vcjob-2107896150879928322-abc12335-42846-worker-0:127:127 [0] /data/jenkins_workspace/workspace/rccl_release/build/hipify/src/init.cc:170 NCCL WARN NUMA auto balancing enabled which can lead to variability in the RCCL performance! Disable by "sudo sysctl kernel.numa_balancing=0"
vcjob-2107896150879928322-abc12335-42846-worker-0:127:127 [0] NCCL INFO Kernel version: 5.15.0-25-generic

vcjob-2107896150879928322-abc12335-42846-worker-0:127:127 [0] /data/jenkins_workspace/workspace/rccl_release/build/hipify/src/init.cc:191 NCCL WARN Missing "iommu=pt" from kernel command line which can lead to system instablity or hang!
I1008 02:10:03.722337   127 ProcessGroupNCCL.cpp:2857] [PG ID 0 PG GUID 0(default_pg) Rank 0] ProcessGroupNCCL broadcast unique ID through store took 0.049051 ms
I1008 02:10:03.722369   127 NCCLUtils.cpp:75] Rank 0: creating NCCL communicator with mode: blocking

vcjob-2107896150879928322-abc12335-42846-worker-0:127:127 [0] /data/jenkins_workspace/workspace/rccl_release/build/hipify/src/init.cc:170 NCCL WARN NUMA auto balancing enabled which can lead to variability in the RCCL performance! Disable by "sudo sysctl kernel.numa_balancing=0"
vcjob-2107896150879928322-abc12335-42846-worker-0:127:127 [0] NCCL INFO Kernel version: 5.15.0-25-generic

vcjob-2107896150879928322-abc12335-42846-worker-0:127:127 [0] /data/jenkins_workspace/workspace/rccl_release/build/hipify/src/init.cc:191 NCCL WARN Missing "iommu=pt" from kernel command line which can lead to system instablity or hang!
I1008 02:10:03.722466   133 ProcessGroupNCCL.cpp:2857] [PG ID 0 PG GUID 0(default_pg) Rank 6] ProcessGroupNCCL broadcast unique ID through store took 1868.26 ms
I1008 02:10:03.722523   133 NCCLUtils.cpp:75] Rank 1: creating NCCL communicator with mode: blocking

vcjob-2107896150879928322-abc12335-42846-worker-0:133:133 [6] /data/jenkins_workspace/workspace/rccl_release/build/hipify/src/init.cc:170 NCCL WARN NUMA auto balancing enabled which can lead to variability in the RCCL performance! Disable by "sudo sysctl kernel.numa_balancing=0"
vcjob-2107896150879928322-abc12335-42846-worker-0:133:133 [6] NCCL INFO Kernel version: 5.15.0-25-generic

vcjob-2107896150879928322-abc12335-42846-worker-0:133:133 [6] /data/jenkins_workspace/workspace/rccl_release/build/hipify/src/init.cc:191 NCCL WARN Missing "iommu=pt" from kernel command line which can lead to system instablity or hang!
vcjob-2107896150879928322-abc12335-42846-worker-0:127:127 [0] NCCL INFO Comm config Blocking set to 1
vcjob-2107896150879928322-abc12335-42846-worker-0:133:133 [6] NCCL INFO Comm config Blocking set to 1
vcjob-2107896150879928322-abc12335-42846-worker-0:127:6600 [0] NCCL INFO Using network Socket
vcjob-2107896150879928322-abc12335-42846-worker-0:127:6600 [0] NCCL INFO rocm_smi_lib: version 7.6.0.0
vcjob-2107896150879928322-abc12335-42846-worker-0:133:6601 [6] NCCL INFO Using network Socket
vcjob-2107896150879928322-abc12335-42846-worker-0:133:6601 [6] NCCL INFO rocm_smi_lib: version 7.6.0.0
vcjob-2107896150879928322-abc12335-42846-worker-0:133:6601 [6] NCCL INFO ncclCommInitRank comm 0x55df4ab92df0 rank 1 nranks 2 cudaDev 6 nvmlDev 6 busId d5000 commId 0xae7db1fc59597304 - Init START
vcjob-2107896150879928322-abc12335-42846-worker-0:127:6600 [0] NCCL INFO ncclCommInitRank comm 0x55666fa3b610 rank 0 nranks 2 cudaDev 0 nvmlDev 0 busId 9000 commId 0xae7db1fc59597304 - Init START
vcjob-2107896150879928322-abc12335-42846-worker-0:127:6600 [0] NCCL INFO rank:0 get match hsa dev domain:0x0 bdf:0x900 rank busId:0x36864
vcjob-2107896150879928322-abc12335-42846-worker-0:133:6601 [6] NCCL INFO rank:1 get match hsa dev domain:0x0 bdf:0xd500 rank busId:0x872448
vcjob-2107896150879928322-abc12335-42846-worker-0:127:6600 [0] NCCL INFO XDP Switch is off with xdp_size : 0
vcjob-2107896150879928322-abc12335-42846-worker-0:133:6601 [6] NCCL INFO XDP Switch is off with xdp_size : 0

vcjob-2107896150879928322-abc12335-42846-worker-0:133:6601 [6] /data/jenkins_workspace/workspace/rccl_release/build/hipify/src/graph/xml.cc:1211 NCCL WARN No IB NIC found, the generation of the basic topology has been terminated.

vcjob-2107896150879928322-abc12335-42846-worker-0:127:6600 [0] /data/jenkins_workspace/workspace/rccl_release/build/hipify/src/graph/xml.cc:1211 NCCL WARN No IB NIC found, the generation of the basic topology has been terminated.
vcjob-2107896150879928322-abc12335-42846-worker-0:133:6601 [6] NCCL INFO rocm_smi_lib: version 7.6.0.0
vcjob-2107896150879928322-abc12335-42846-worker-0:127:6600 [0] NCCL INFO rocm_smi_lib: version 7.6.0.0
vcjob-2107896150879928322-abc12335-42846-worker-0:133:6601 [6] NCCL INFO Setting affinity for GPU 6 to ffff,00000000,00000000,00000000
vcjob-2107896150879928322-abc12335-42846-worker-0:133:6601 [6] NCCL INFO Rank:1 Get link topo from rocmDev:0 linkNum:8 link:0 linkState:1 remote type:1 bdf:0x9b00 topoType:2
vcjob-2107896150879928322-abc12335-42846-worker-0:133:6601 [6] NCCL INFO Transport init rank 1 useXdp 0 linkTopoType 2
vcjob-2107896150879928322-abc12335-42846-worker-0:127:6600 [0] NCCL INFO Setting affinity for GPU 0 to ffff
vcjob-2107896150879928322-abc12335-42846-worker-0:127:6600 [0] NCCL INFO Rank:0 Get link topo from rocmDev:0 linkNum:8 link:0 linkState:1 remote type:1 bdf:0x9b00 topoType:2
vcjob-2107896150879928322-abc12335-42846-worker-0:127:6600 [0] NCCL INFO Transport init rank 0 useXdp 0 linkTopoType 2
vcjob-2107896150879928322-abc12335-42846-worker-0:133:6601 [6] NCCL INFO comm 0x55df4ab92df0 rank 1 nRanks 2 nNodes 1 localRanks 2 localRank 1 MNNVL 0
vcjob-2107896150879928322-abc12335-42846-worker-0:127:6600 [0] NCCL INFO comm 0x55666fa3b610 rank 0 nRanks 2 nNodes 1 localRanks 2 localRank 0 MNNVL 0
vcjob-2107896150879928322-abc12335-42846-worker-0:133:6601 [6] NCCL INFO Trees [0] -1/-1/-1->1->0 [1] -1/-1/-1->1->0 [2] -1/-1/-1->1->0 [3] 0/-1/-1->1->-1 [4] -1/-1/-1->1->0 [5] -1/-1/-1->1->0 [6] -1/-1/-1->1->0 [7] 0/-1/-1->1->-1 [8] -1/-1/-1->1->0 [9] -1/-1/-1->1->0 [10] -1/-1/-1->1->0 [11] 0/-1/-1->1->-1 [12] -1/-1/-1->1->0 [13] -1/-1/-1->1->0 [14] -1/-1/-1->1->0 [15] 0/-1/-1->1->-1 [16] -1/-1/-1->1->0 [17] -1/-1/-1->1->0 [18] -1/-1/-1->1->0 [19] 0/-1/-1->1->-1 [20] -1/-1/-1->1->0 [21] -1/-1/-1->1->0 [22] -1/-1/-1->1->0 [23] 0/-1/-1->1->-1 [24] -1/-1/-1->1->0 [25] -1/-1/-1->1->0 [26] -1/-1/-1->1->0 [27] 0/-1/-1->1->-1 [28] -1/-1/-1->1->0 [29] -1/-1/-1->1->0 [30] -1/-1/-1->1->0 [31] 0/-1/-1->1->-1 comm 0x55df4ab92df0 nRanks 02 busId d5000
vcjob-2107896150879928322-abc12335-42846-worker-0:133:6601 [6] NCCL INFO P2P Chunksize set to 262144
vcjob-2107896150879928322-abc12335-42846-worker-0:133:6601 [6] NCCL INFO comm->autoPerPeerOn: 1, comm->p2pnChannels: 32, comm->p2pnChannelsPerPeer: 16
vcjob-2107896150879928322-abc12335-42846-worker-0:127:6600 [0] NCCL INFO Channel 00/32 :    0   1
vcjob-2107896150879928322-abc12335-42846-worker-0:127:6600 [0] NCCL INFO Channel 01/32 :    0   1
vcjob-2107896150879928322-abc12335-42846-worker-0:127:6600 [0] NCCL INFO Channel 02/32 :    0   1
vcjob-2107896150879928322-abc12335-42846-worker-0:127:6600 [0] NCCL INFO Channel 03/32 :    0   1
vcjob-2107896150879928322-abc12335-42846-worker-0:127:6600 [0] NCCL INFO Channel 04/32 :    0   1
vcjob-2107896150879928322-abc12335-42846-worker-0:127:6600 [0] NCCL INFO Channel 05/32 :    0   1
vcjob-2107896150879928322-abc12335-42846-worker-0:127:6600 [0] NCCL INFO Channel 06/32 :    0   1
vcjob-2107896150879928322-abc12335-42846-worker-0:127:6600 [0] NCCL INFO Channel 07/32 :    0   1
vcjob-2107896150879928322-abc12335-42846-worker-0:127:6600 [0] NCCL INFO Channel 08/32 :    0   1
vcjob-2107896150879928322-abc12335-42846-worker-0:127:6600 [0] NCCL INFO Channel 09/32 :    0   1
vcjob-2107896150879928322-abc12335-42846-worker-0:127:6600 [0] NCCL INFO Channel 10/32 :    0   1
vcjob-2107896150879928322-abc12335-42846-worker-0:127:6600 [0] NCCL INFO Channel 11/32 :    0   1
vcjob-2107896150879928322-abc12335-42846-worker-0:127:6600 [0] NCCL INFO Channel 12/32 :    0   1
vcjob-2107896150879928322-abc12335-42846-worker-0:127:6600 [0] NCCL INFO Channel 13/32 :    0   1
vcjob-2107896150879928322-abc12335-42846-worker-0:127:6600 [0] NCCL INFO Channel 14/32 :    0   1
vcjob-2107896150879928322-abc12335-42846-worker-0:127:6600 [0] NCCL INFO Channel 15/32 :    0   1
vcjob-2107896150879928322-abc12335-42846-worker-0:127:6600 [0] NCCL INFO Channel 16/32 :    0   1
vcjob-2107896150879928322-abc12335-42846-worker-0:127:6600 [0] NCCL INFO Channel 17/32 :    0   1
vcjob-2107896150879928322-abc12335-42846-worker-0:127:6600 [0] NCCL INFO Channel 18/32 :    0   1
vcjob-2107896150879928322-abc12335-42846-worker-0:127:6600 [0] NCCL INFO Channel 19/32 :    0   1
vcjob-2107896150879928322-abc12335-42846-worker-0:127:6600 [0] NCCL INFO Channel 20/32 :    0   1
vcjob-2107896150879928322-abc12335-42846-worker-0:127:6600 [0] NCCL INFO Channel 21/32 :    0   1
vcjob-2107896150879928322-abc12335-42846-worker-0:127:6600 [0] NCCL INFO Channel 22/32 :    0   1
vcjob-2107896150879928322-abc12335-42846-worker-0:127:6600 [0] NCCL INFO Channel 23/32 :    0   1
vcjob-2107896150879928322-abc12335-42846-worker-0:127:6600 [0] NCCL INFO Channel 24/32 :    0   1
vcjob-2107896150879928322-abc12335-42846-worker-0:127:6600 [0] NCCL INFO Channel 25/32 :    0   1
vcjob-2107896150879928322-abc12335-42846-worker-0:127:6600 [0] NCCL INFO Channel 26/32 :    0   1
vcjob-2107896150879928322-abc12335-42846-worker-0:127:6600 [0] NCCL INFO Channel 27/32 :    0   1
vcjob-2107896150879928322-abc12335-42846-worker-0:127:6600 [0] NCCL INFO Channel 28/32 :    0   1
vcjob-2107896150879928322-abc12335-42846-worker-0:127:6600 [0] NCCL INFO Channel 29/32 :    0   1
vcjob-2107896150879928322-abc12335-42846-worker-0:127:6600 [0] NCCL INFO Channel 30/32 :    0   1
vcjob-2107896150879928322-abc12335-42846-worker-0:127:6600 [0] NCCL INFO Channel 31/32 :    0   1
vcjob-2107896150879928322-abc12335-42846-worker-0:127:6600 [0] NCCL INFO Trees [0] 1/-1/-1->0->-1 [1] 1/-1/-1->0->-1 [2] 1/-1/-1->0->-1 [3] -1/-1/-1->0->1 [4] 1/-1/-1->0->-1 [5] 1/-1/-1->0->-1 [6] 1/-1/-1->0->-1 [7] -1/-1/-1->0->1 [8] 1/-1/-1->0->-1 [9] 1/-1/-1->0->-1 [10] 1/-1/-1->0->-1 [11] -1/-1/-1->0->1 [12] 1/-1/-1->0->-1 [13] 1/-1/-1->0->-1 [14] 1/-1/-1->0->-1 [15] -1/-1/-1->0->1 [16] 1/-1/-1->0->-1 [17] 1/-1/-1->0->-1 [18] 1/-1/-1->0->-1 [19] -1/-1/-1->0->1 [20] 1/-1/-1->0->-1 [21] 1/-1/-1->0->-1 [22] 1/-1/-1->0->-1 [23] -1/-1/-1->0->1 [24] 1/-1/-1->0->-1 [25] 1/-1/-1->0->-1 [26] 1/-1/-1->0->-1 [27] -1/-1/-1->0->1 [28] 1/-1/-1->0->-1 [29] 1/-1/-1->0->-1 [30] 1/-1/-1->0->-1 [31] -1/-1/-1->0->1 comm 0x55666fa3b610 nRanks 02 busId 9000
vcjob-2107896150879928322-abc12335-42846-worker-0:127:6600 [0] NCCL INFO P2P Chunksize set to 262144
vcjob-2107896150879928322-abc12335-42846-worker-0:127:6600 [0] NCCL INFO comm->autoPerPeerOn: 1, comm->p2pnChannels: 32, comm->p2pnChannelsPerPeer: 16
vcjob-2107896150879928322-abc12335-42846-worker-0:127:6600 [0] NCCL INFO Channel 00/0 : 0[9000] -> 1[d5000] via P2P/IPC comm 0x55666fa3b610 nRanks 02
vcjob-2107896150879928322-abc12335-42846-worker-0:133:6601 [6] NCCL INFO Channel 00/0 : 1[d5000] -> 0[9000] via P2P/IPC comm 0x55df4ab92df0 nRanks 02
vcjob-2107896150879928322-abc12335-42846-worker-0:127:6600 [0] NCCL INFO Channel 01/0 : 0[9000] -> 1[d5000] via P2P/IPC comm 0x55666fa3b610 nRanks 02
vcjob-2107896150879928322-abc12335-42846-worker-0:133:6601 [6] NCCL INFO Channel 01/0 : 1[d5000] -> 0[9000] via P2P/IPC comm 0x55df4ab92df0 nRanks 02
vcjob-2107896150879928322-abc12335-42846-worker-0:127:6600 [0] NCCL INFO Channel 02/0 : 0[9000] -> 1[d5000] via P2P/IPC comm 0x55666fa3b610 nRanks 02
vcjob-2107896150879928322-abc12335-42846-worker-0:133:6601 [6] NCCL INFO Channel 02/0 : 1[d5000] -> 0[9000] via P2P/IPC comm 0x55df4ab92df0 nRanks 02
vcjob-2107896150879928322-abc12335-42846-worker-0:127:6600 [0] NCCL INFO Channel 03/0 : 0[9000] -> 1[d5000] via P2P/IPC comm 0x55666fa3b610 nRanks 02
vcjob-2107896150879928322-abc12335-42846-worker-0:133:6601 [6] NCCL INFO Channel 03/0 : 1[d5000] -> 0[9000] via P2P/IPC comm 0x55df4ab92df0 nRanks 02
vcjob-2107896150879928322-abc12335-42846-worker-0:127:6600 [0] NCCL INFO Channel 04/0 : 0[9000] -> 1[d5000] via P2P/IPC comm 0x55666fa3b610 nRanks 02
vcjob-2107896150879928322-abc12335-42846-worker-0:133:6601 [6] NCCL INFO Channel 04/0 : 1[d5000] -> 0[9000] via P2P/IPC comm 0x55df4ab92df0 nRanks 02
vcjob-2107896150879928322-abc12335-42846-worker-0:127:6600 [0] NCCL INFO Channel 05/0 : 0[9000] -> 1[d5000] via P2P/IPC comm 0x55666fa3b610 nRanks 02
vcjob-2107896150879928322-abc12335-42846-worker-0:133:6601 [6] NCCL INFO Channel 05/0 : 1[d5000] -> 0[9000] via P2P/IPC comm 0x55df4ab92df0 nRanks 02
vcjob-2107896150879928322-abc12335-42846-worker-0:127:6600 [0] NCCL INFO Channel 06/0 : 0[9000] -> 1[d5000] via P2P/IPC comm 0x55666fa3b610 nRanks 02
vcjob-2107896150879928322-abc12335-42846-worker-0:133:6601 [6] NCCL INFO Channel 06/0 : 1[d5000] -> 0[9000] via P2P/IPC comm 0x55df4ab92df0 nRanks 02
vcjob-2107896150879928322-abc12335-42846-worker-0:127:6600 [0] NCCL INFO Channel 07/0 : 0[9000] -> 1[d5000] via P2P/IPC comm 0x55666fa3b610 nRanks 02
vcjob-2107896150879928322-abc12335-42846-worker-0:133:6601 [6] NCCL INFO Channel 07/0 : 1[d5000] -> 0[9000] via P2P/IPC comm 0x55df4ab92df0 nRanks 02
vcjob-2107896150879928322-abc12335-42846-worker-0:127:6600 [0] NCCL INFO Channel 08/0 : 0[9000] -> 1[d5000] via P2P/IPC comm 0x55666fa3b610 nRanks 02
vcjob-2107896150879928322-abc12335-42846-worker-0:133:6601 [6] NCCL INFO Channel 08/0 : 1[d5000] -> 0[9000] via P2P/IPC comm 0x55df4ab92df0 nRanks 02
vcjob-2107896150879928322-abc12335-42846-worker-0:127:6600 [0] NCCL INFO Channel 09/0 : 0[9000] -> 1[d5000] via P2P/IPC comm 0x55666fa3b610 nRanks 02
vcjob-2107896150879928322-abc12335-42846-worker-0:133:6601 [6] NCCL INFO Channel 09/0 : 1[d5000] -> 0[9000] via P2P/IPC comm 0x55df4ab92df0 nRanks 02
vcjob-2107896150879928322-abc12335-42846-worker-0:127:6600 [0] NCCL INFO Channel 10/0 : 0[9000] -> 1[d5000] via P2P/IPC comm 0x55666fa3b610 nRanks 02
vcjob-2107896150879928322-abc12335-42846-worker-0:133:6601 [6] NCCL INFO Channel 10/0 : 1[d5000] -> 0[9000] via P2P/IPC comm 0x55df4ab92df0 nRanks 02
vcjob-2107896150879928322-abc12335-42846-worker-0:127:6600 [0] NCCL INFO Channel 11/0 : 0[9000] -> 1[d5000] via P2P/IPC comm 0x55666fa3b610 nRanks 02
vcjob-2107896150879928322-abc12335-42846-worker-0:133:6601 [6] NCCL INFO Channel 11/0 : 1[d5000] -> 0[9000] via P2P/IPC comm 0x55df4ab92df0 nRanks 02
vcjob-2107896150879928322-abc12335-42846-worker-0:133:6601 [6] NCCL INFO Channel 12/0 : 1[d5000] -> 0[9000] via P2P/IPC comm 0x55df4ab92df0 nRanks 02
vcjob-2107896150879928322-abc12335-42846-worker-0:127:6600 [0] NCCL INFO Channel 12/0 : 0[9000] -> 1[d5000] via P2P/IPC comm 0x55666fa3b610 nRanks 02
vcjob-2107896150879928322-abc12335-42846-worker-0:133:6601 [6] NCCL INFO Channel 13/0 : 1[d5000] -> 0[9000] via P2P/IPC comm 0x55df4ab92df0 nRanks 02
vcjob-2107896150879928322-abc12335-42846-worker-0:127:6600 [0] NCCL INFO Channel 13/0 : 0[9000] -> 1[d5000] via P2P/IPC comm 0x55666fa3b610 nRanks 02
vcjob-2107896150879928322-abc12335-42846-worker-0:133:6601 [6] NCCL INFO Channel 14/0 : 1[d5000] -> 0[9000] via P2P/IPC comm 0x55df4ab92df0 nRanks 02
vcjob-2107896150879928322-abc12335-42846-worker-0:127:6600 [0] NCCL INFO Channel 14/0 : 0[9000] -> 1[d5000] via P2P/IPC comm 0x55666fa3b610 nRanks 02
vcjob-2107896150879928322-abc12335-42846-worker-0:133:6601 [6] NCCL INFO Channel 15/0 : 1[d5000] -> 0[9000] via P2P/IPC comm 0x55df4ab92df0 nRanks 02
vcjob-2107896150879928322-abc12335-42846-worker-0:127:6600 [0] NCCL INFO Channel 15/0 : 0[9000] -> 1[d5000] via P2P/IPC comm 0x55666fa3b610 nRanks 02
vcjob-2107896150879928322-abc12335-42846-worker-0:133:6601 [6] NCCL INFO Channel 16/0 : 1[d5000] -> 0[9000] via P2P/IPC comm 0x55df4ab92df0 nRanks 02
vcjob-2107896150879928322-abc12335-42846-worker-0:127:6600 [0] NCCL INFO Channel 16/0 : 0[9000] -> 1[d5000] via P2P/IPC comm 0x55666fa3b610 nRanks 02
vcjob-2107896150879928322-abc12335-42846-worker-0:133:6601 [6] NCCL INFO Channel 17/0 : 1[d5000] -> 0[9000] via P2P/IPC comm 0x55df4ab92df0 nRanks 02
vcjob-2107896150879928322-abc12335-42846-worker-0:127:6600 [0] NCCL INFO Channel 17/0 : 0[9000] -> 1[d5000] via P2P/IPC comm 0x55666fa3b610 nRanks 02
vcjob-2107896150879928322-abc12335-42846-worker-0:133:6601 [6] NCCL INFO Channel 18/0 : 1[d5000] -> 0[9000] via P2P/IPC comm 0x55df4ab92df0 nRanks 02
vcjob-2107896150879928322-abc12335-42846-worker-0:127:6600 [0] NCCL INFO Channel 18/0 : 0[9000] -> 1[d5000] via P2P/IPC comm 0x55666fa3b610 nRanks 02
vcjob-2107896150879928322-abc12335-42846-worker-0:133:6601 [6] NCCL INFO Channel 19/0 : 1[d5000] -> 0[9000] via P2P/IPC comm 0x55df4ab92df0 nRanks 02
vcjob-2107896150879928322-abc12335-42846-worker-0:127:6600 [0] NCCL INFO Channel 19/0 : 0[9000] -> 1[d5000] via P2P/IPC comm 0x55666fa3b610 nRanks 02
vcjob-2107896150879928322-abc12335-42846-worker-0:133:6601 [6] NCCL INFO Channel 20/0 : 1[d5000] -> 0[9000] via P2P/IPC comm 0x55df4ab92df0 nRanks 02
vcjob-2107896150879928322-abc12335-42846-worker-0:127:6600 [0] NCCL INFO Channel 20/0 : 0[9000] -> 1[d5000] via P2P/IPC comm 0x55666fa3b610 nRanks 02
vcjob-2107896150879928322-abc12335-42846-worker-0:133:6601 [6] NCCL INFO Channel 21/0 : 1[d5000] -> 0[9000] via P2P/IPC comm 0x55df4ab92df0 nRanks 02
vcjob-2107896150879928322-abc12335-42846-worker-0:127:6600 [0] NCCL INFO Channel 21/0 : 0[9000] -> 1[d5000] via P2P/IPC comm 0x55666fa3b610 nRanks 02
vcjob-2107896150879928322-abc12335-42846-worker-0:133:6601 [6] NCCL INFO Channel 22/0 : 1[d5000] -> 0[9000] via P2P/IPC comm 0x55df4ab92df0 nRanks 02
vcjob-2107896150879928322-abc12335-42846-worker-0:127:6600 [0] NCCL INFO Channel 22/0 : 0[9000] -> 1[d5000] via P2P/IPC comm 0x55666fa3b610 nRanks 02
vcjob-2107896150879928322-abc12335-42846-worker-0:133:6601 [6] NCCL INFO Channel 23/0 : 1[d5000] -> 0[9000] via P2P/IPC comm 0x55df4ab92df0 nRanks 02
vcjob-2107896150879928322-abc12335-42846-worker-0:127:6600 [0] NCCL INFO Channel 23/0 : 0[9000] -> 1[d5000] via P2P/IPC comm 0x55666fa3b610 nRanks 02
vcjob-2107896150879928322-abc12335-42846-worker-0:133:6601 [6] NCCL INFO Channel 24/0 : 1[d5000] -> 0[9000] via P2P/IPC comm 0x55df4ab92df0 nRanks 02
vcjob-2107896150879928322-abc12335-42846-worker-0:127:6600 [0] NCCL INFO Channel 24/0 : 0[9000] -> 1[d5000] via P2P/IPC comm 0x55666fa3b610 nRanks 02
vcjob-2107896150879928322-abc12335-42846-worker-0:133:6601 [6] NCCL INFO Channel 25/0 : 1[d5000] -> 0[9000] via P2P/IPC comm 0x55df4ab92df0 nRanks 02
vcjob-2107896150879928322-abc12335-42846-worker-0:127:6600 [0] NCCL INFO Channel 25/0 : 0[9000] -> 1[d5000] via P2P/IPC comm 0x55666fa3b610 nRanks 02
vcjob-2107896150879928322-abc12335-42846-worker-0:133:6601 [6] NCCL INFO Channel 26/0 : 1[d5000] -> 0[9000] via P2P/IPC comm 0x55df4ab92df0 nRanks 02
vcjob-2107896150879928322-abc12335-42846-worker-0:127:6600 [0] NCCL INFO Channel 26/0 : 0[9000] -> 1[d5000] via P2P/IPC comm 0x55666fa3b610 nRanks 02
vcjob-2107896150879928322-abc12335-42846-worker-0:133:6601 [6] NCCL INFO Channel 27/0 : 1[d5000] -> 0[9000] via P2P/IPC comm 0x55df4ab92df0 nRanks 02
vcjob-2107896150879928322-abc12335-42846-worker-0:133:6601 [6] NCCL INFO Channel 28/0 : 1[d5000] -> 0[9000] via P2P/IPC comm 0x55df4ab92df0 nRanks 02
vcjob-2107896150879928322-abc12335-42846-worker-0:127:6600 [0] NCCL INFO Channel 27/0 : 0[9000] -> 1[d5000] via P2P/IPC comm 0x55666fa3b610 nRanks 02
vcjob-2107896150879928322-abc12335-42846-worker-0:133:6601 [6] NCCL INFO Channel 29/0 : 1[d5000] -> 0[9000] via P2P/IPC comm 0x55df4ab92df0 nRanks 02
vcjob-2107896150879928322-abc12335-42846-worker-0:127:6600 [0] NCCL INFO Channel 28/0 : 0[9000] -> 1[d5000] via P2P/IPC comm 0x55666fa3b610 nRanks 02
vcjob-2107896150879928322-abc12335-42846-worker-0:133:6601 [6] NCCL INFO Channel 30/0 : 1[d5000] -> 0[9000] via P2P/IPC comm 0x55df4ab92df0 nRanks 02
vcjob-2107896150879928322-abc12335-42846-worker-0:127:6600 [0] NCCL INFO Channel 29/0 : 0[9000] -> 1[d5000] via P2P/IPC comm 0x55666fa3b610 nRanks 02
vcjob-2107896150879928322-abc12335-42846-worker-0:133:6601 [6] NCCL INFO Channel 31/0 : 1[d5000] -> 0[9000] via P2P/IPC comm 0x55df4ab92df0 nRanks 02
vcjob-2107896150879928322-abc12335-42846-worker-0:127:6600 [0] NCCL INFO Channel 30/0 : 0[9000] -> 1[d5000] via P2P/IPC comm 0x55666fa3b610 nRanks 02
vcjob-2107896150879928322-abc12335-42846-worker-0:127:6600 [0] NCCL INFO Channel 31/0 : 0[9000] -> 1[d5000] via P2P/IPC comm 0x55666fa3b610 nRanks 02
vcjob-2107896150879928322-abc12335-42846-worker-0:127:6600 [0] NCCL INFO Connected all rings
vcjob-2107896150879928322-abc12335-42846-worker-0:133:6601 [6] NCCL INFO Connected all rings
vcjob-2107896150879928322-abc12335-42846-worker-0:133:6601 [6] NCCL INFO Connected all trees
vcjob-2107896150879928322-abc12335-42846-worker-0:127:6600 [0] NCCL INFO Connected all trees
vcjob-2107896150879928322-abc12335-42846-worker-0:133:6601 [6] NCCL INFO threadThresholds 8/8/64 | 16/8/64 | 256 | 256
vcjob-2107896150879928322-abc12335-42846-worker-0:133:6601 [6] NCCL INFO 32 coll channels, 32 collnet channels, 0 nvls channels, 32 p2p channels, 16 p2p channels per peer
vcjob-2107896150879928322-abc12335-42846-worker-0:127:6600 [0] NCCL INFO threadThresholds 8/8/64 | 16/8/64 | 256 | 256
vcjob-2107896150879928322-abc12335-42846-worker-0:127:6600 [0] NCCL INFO 32 coll channels, 32 collnet channels, 0 nvls channels, 32 p2p channels, 16 p2p channels per peer
vcjob-2107896150879928322-abc12335-42846-worker-0:127:6600 [0] NCCL INFO CC Off, Multi-GPU CC Off, workFifoBytes 4194304
vcjob-2107896150879928322-abc12335-42846-worker-0:127:6600 [0] NCCL INFO ncclCommInitRank comm 0x55666fa3b610 rank 0 nranks 2 cudaDev 0 nvmlDev 0 busId 9000 commId 0xae7db1fc59597304 localSize 480 used 1399738384 bytes on core 4 - Init COMPLETE
vcjob-2107896150879928322-abc12335-42846-worker-0:127:6600 [0] NCCL INFO Init timings: rank 0 nranks 2 total 0.32 (kernels 0.00, bootstrap 0.02, allgathers 0.01, topo 0.21, graphs 0.00, connections 0.08, rest 0.00)
vcjob-2107896150879928322-abc12335-42846-worker-0:133:6601 [6] NCCL INFO ncclCommInitRank comm 0x55df4ab92df0 rank 1 nranks 2 cudaDev 6 nvmlDev 6 busId d5000 commId 0xae7db1fc59597304 localSize 480 used 440435680 bytes on core 96 - Init COMPLETE
vcjob-2107896150879928322-abc12335-42846-worker-0:133:6601 [6] NCCL INFO Init timings: rank 1 nranks 2 total 0.32 (kernels 0.00, bootstrap 0.02, allgathers 0.01, topo 0.20, graphs 0.00, connections 0.09, rest 0.00)
I1008 02:10:04.046335   127 ProcessGroupNCCL.cpp:2890] [PG ID 0 PG GUID 0(default_pg) Rank 0] NCCL_DEBUG: INFO
I1008 02:10:04.046372   133 ProcessGroupNCCL.cpp:2890] [PG ID 0 PG GUID 0(default_pg) Rank 6] NCCL_DEBUG: INFO
vcjob-2107896150879928322-abc12335-42846-worker-0:133:6607 [6] NCCL INFO Channel 01/1 : 1[d5000] -> 0[9000] via P2P/IPC comm 0x55df4ab92df0 nRanks 02
vcjob-2107896150879928322-abc12335-42846-worker-0:133:6607 [6] NCCL INFO Channel 03/1 : 1[d5000] -> 0[9000] via P2P/IPC comm 0x55df4ab92df0 nRanks 02
vcjob-2107896150879928322-abc12335-42846-worker-0:133:6607 [6] NCCL INFO Channel 05/1 : 1[d5000] -> 0[9000] via P2P/IPC comm 0x55df4ab92df0 nRanks 02
vcjob-2107896150879928322-abc12335-42846-worker-0:133:6607 [6] NCCL INFO Channel 07/1 : 1[d5000] -> 0[9000] via P2P/IPC comm 0x55df4ab92df0 nRanks 02
vcjob-2107896150879928322-abc12335-42846-worker-0:133:6607 [6] NCCL INFO Channel 09/1 : 1[d5000] -> 0[9000] via P2P/IPC comm 0x55df4ab92df0 nRanks 02
vcjob-2107896150879928322-abc12335-42846-worker-0:133:6607 [6] NCCL INFO Channel 11/1 : 1[d5000] -> 0[9000] via P2P/IPC comm 0x55df4ab92df0 nRanks 02
vcjob-2107896150879928322-abc12335-42846-worker-0:133:6607 [6] NCCL INFO Channel 13/1 : 1[d5000] -> 0[9000] via P2P/IPC comm 0x55df4ab92df0 nRanks 02
vcjob-2107896150879928322-abc12335-42846-worker-0:133:6607 [6] NCCL INFO Channel 15/1 : 1[d5000] -> 0[9000] via P2P/IPC comm 0x55df4ab92df0 nRanks 02
vcjob-2107896150879928322-abc12335-42846-worker-0:133:6607 [6] NCCL INFO Channel 17/1 : 1[d5000] -> 0[9000] via P2P/IPC comm 0x55df4ab92df0 nRanks 02
vcjob-2107896150879928322-abc12335-42846-worker-0:133:6607 [6] NCCL INFO Channel 19/1 : 1[d5000] -> 0[9000] via P2P/IPC comm 0x55df4ab92df0 nRanks 02
vcjob-2107896150879928322-abc12335-42846-worker-0:133:6607 [6] NCCL INFO Channel 21/1 : 1[d5000] -> 0[9000] via P2P/IPC comm 0x55df4ab92df0 nRanks 02
vcjob-2107896150879928322-abc12335-42846-worker-0:133:6607 [6] NCCL INFO Channel 23/1 : 1[d5000] -> 0[9000] via P2P/IPC comm 0x55df4ab92df0 nRanks 02
vcjob-2107896150879928322-abc12335-42846-worker-0:133:6607 [6] NCCL INFO Channel 25/1 : 1[d5000] -> 0[9000] via P2P/IPC comm 0x55df4ab92df0 nRanks 02
vcjob-2107896150879928322-abc12335-42846-worker-0:133:6607 [6] NCCL INFO Channel 27/1 : 1[d5000] -> 0[9000] via P2P/IPC comm 0x55df4ab92df0 nRanks 02
vcjob-2107896150879928322-abc12335-42846-worker-0:133:6607 [6] NCCL INFO Channel 29/1 : 1[d5000] -> 0[9000] via P2P/IPC comm 0x55df4ab92df0 nRanks 02
vcjob-2107896150879928322-abc12335-42846-worker-0:133:6607 [6] NCCL INFO Channel 31/1 : 1[d5000] -> 0[9000] via P2P/IPC comm 0x55df4ab92df0 nRanks 02

vcjob-2107896150879928322-abc12335-42846-worker-0:127:127 [0] /data/jenkins_workspace/workspace/rccl_release/build/hipify/src/init.cc:170 NCCL WARN NUMA auto balancing enabled which can lead to variability in the RCCL performance! Disable by "sudo sysctl kernel.numa_balancing=0"
vcjob-2107896150879928322-abc12335-42846-worker-0:127:127 [0] NCCL INFO Kernel version: 5.15.0-25-generic

vcjob-2107896150879928322-abc12335-42846-worker-0:127:127 [0] /data/jenkins_workspace/workspace/rccl_release/build/hipify/src/init.cc:191 NCCL WARN Missing "iommu=pt" from kernel command line which can lead to system instablity or hang!
I1008 02:10:04.081108   127 ProcessGroupNCCL.cpp:2857] [PG ID 0 PG GUID 0(default_pg) Rank 0] ProcessGroupNCCL broadcast unique ID through store took 0.07564 ms
I1008 02:10:04.081136   127 NCCLUtils.cpp:75] Rank 0: creating NCCL communicator with mode: blocking

vcjob-2107896150879928322-abc12335-42846-worker-0:127:127 [0] /data/jenkins_workspace/workspace/rccl_release/build/hipify/src/init.cc:170 NCCL WARN NUMA auto balancing enabled which can lead to variability in the RCCL performance! Disable by "sudo sysctl kernel.numa_balancing=0"
vcjob-2107896150879928322-abc12335-42846-worker-0:127:127 [0] NCCL INFO Kernel version: 5.15.0-25-generic

vcjob-2107896150879928322-abc12335-42846-worker-0:127:127 [0] /data/jenkins_workspace/workspace/rccl_release/build/hipify/src/init.cc:191 NCCL WARN Missing "iommu=pt" from kernel command line which can lead to system instablity or hang!
I1008 02:10:04.081249   134 ProcessGroupNCCL.cpp:2857] [PG ID 0 PG GUID 0(default_pg) Rank 7] ProcessGroupNCCL broadcast unique ID through store took 2226.75 ms
I1008 02:10:04.081362   134 NCCLUtils.cpp:75] Rank 1: creating NCCL communicator with mode: blocking

vcjob-2107896150879928322-abc12335-42846-worker-0:134:134 [7] /data/jenkins_workspace/workspace/rccl_release/build/hipify/src/init.cc:170 NCCL WARN NUMA auto balancing enabled which can lead to variability in the RCCL performance! Disable by "sudo sysctl kernel.numa_balancing=0"
vcjob-2107896150879928322-abc12335-42846-worker-0:134:134 [7] NCCL INFO Kernel version: 5.15.0-25-generic

vcjob-2107896150879928322-abc12335-42846-worker-0:134:134 [7] /data/jenkins_workspace/workspace/rccl_release/build/hipify/src/init.cc:191 NCCL WARN Missing "iommu=pt" from kernel command line which can lead to system instablity or hang!
vcjob-2107896150879928322-abc12335-42846-worker-0:134:134 [7] NCCL INFO Comm config Blocking set to 1
vcjob-2107896150879928322-abc12335-42846-worker-0:134:6609 [7] NCCL INFO Using network Socket
vcjob-2107896150879928322-abc12335-42846-worker-0:134:6609 [7] NCCL INFO rocm_smi_lib: version 7.6.0.0
vcjob-2107896150879928322-abc12335-42846-worker-0:127:127 [0] NCCL INFO Comm config Blocking set to 1
vcjob-2107896150879928322-abc12335-42846-worker-0:127:6610 [0] NCCL INFO Using network Socket
vcjob-2107896150879928322-abc12335-42846-worker-0:127:6610 [0] NCCL INFO rocm_smi_lib: version 7.6.0.0
vcjob-2107896150879928322-abc12335-42846-worker-0:127:6610 [0] NCCL INFO ncclCommInitRank comm 0x55666faf6df0 rank 0 nranks 2 cudaDev 0 nvmlDev 0 busId 9000 commId 0x475adbf6e93c922e - Init START
vcjob-2107896150879928322-abc12335-42846-worker-0:134:6609 [7] NCCL INFO ncclCommInitRank comm 0x558c974136e0 rank 1 nranks 2 cudaDev 7 nvmlDev 7 busId f5000 commId 0x475adbf6e93c922e - Init START
vcjob-2107896150879928322-abc12335-42846-worker-0:127:6610 [0] NCCL INFO rank:0 get match hsa dev domain:0x0 bdf:0x900 rank busId:0x36864
vcjob-2107896150879928322-abc12335-42846-worker-0:134:6609 [7] NCCL INFO rank:1 get match hsa dev domain:0x0 bdf:0xf500 rank busId:0x1003520
vcjob-2107896150879928322-abc12335-42846-worker-0:134:6609 [7] NCCL INFO XDP Switch is off with xdp_size : 0
vcjob-2107896150879928322-abc12335-42846-worker-0:127:6610 [0] NCCL INFO XDP Switch is off with xdp_size : 0

vcjob-2107896150879928322-abc12335-42846-worker-0:134:6609 [7] /data/jenkins_workspace/workspace/rccl_release/build/hipify/src/graph/xml.cc:1211 NCCL WARN No IB NIC found, the generation of the basic topology has been terminated.

vcjob-2107896150879928322-abc12335-42846-worker-0:127:6610 [0] /data/jenkins_workspace/workspace/rccl_release/build/hipify/src/graph/xml.cc:1211 NCCL WARN No IB NIC found, the generation of the basic topology has been terminated.
vcjob-2107896150879928322-abc12335-42846-worker-0:127:6610 [0] NCCL INFO rocm_smi_lib: version 7.6.0.0
vcjob-2107896150879928322-abc12335-42846-worker-0:134:6609 [7] NCCL INFO rocm_smi_lib: version 7.6.0.0
vcjob-2107896150879928322-abc12335-42846-worker-0:134:6609 [7] NCCL INFO Setting affinity for GPU 7 to ffff0000,00000000,00000000
vcjob-2107896150879928322-abc12335-42846-worker-0:134:6609 [7] NCCL INFO Rank:1 Get link topo from rocmDev:0 linkNum:8 link:0 linkState:1 remote type:1 bdf:0x9b00 topoType:2
vcjob-2107896150879928322-abc12335-42846-worker-0:134:6609 [7] NCCL INFO Transport init rank 1 useXdp 0 linkTopoType 2
vcjob-2107896150879928322-abc12335-42846-worker-0:127:6610 [0] NCCL INFO Setting affinity for GPU 0 to ffff
vcjob-2107896150879928322-abc12335-42846-worker-0:127:6610 [0] NCCL INFO Rank:0 Get link topo from rocmDev:0 linkNum:8 link:0 linkState:1 remote type:1 bdf:0x9b00 topoType:2
vcjob-2107896150879928322-abc12335-42846-worker-0:127:6610 [0] NCCL INFO Transport init rank 0 useXdp 0 linkTopoType 2
vcjob-2107896150879928322-abc12335-42846-worker-0:127:6610 [0] NCCL INFO comm 0x55666faf6df0 rank 0 nRanks 2 nNodes 1 localRanks 2 localRank 0 MNNVL 0
vcjob-2107896150879928322-abc12335-42846-worker-0:134:6609 [7] NCCL INFO comm 0x558c974136e0 rank 1 nRanks 2 nNodes 1 localRanks 2 localRank 1 MNNVL 0
vcjob-2107896150879928322-abc12335-42846-worker-0:127:6610 [0] NCCL INFO Channel 00/32 :    0   1
vcjob-2107896150879928322-abc12335-42846-worker-0:127:6610 [0] NCCL INFO Channel 01/32 :    0   1
vcjob-2107896150879928322-abc12335-42846-worker-0:127:6610 [0] NCCL INFO Channel 02/32 :    0   1
vcjob-2107896150879928322-abc12335-42846-worker-0:127:6610 [0] NCCL INFO Channel 03/32 :    0   1
vcjob-2107896150879928322-abc12335-42846-worker-0:127:6610 [0] NCCL INFO Channel 04/32 :    0   1
vcjob-2107896150879928322-abc12335-42846-worker-0:127:6610 [0] NCCL INFO Channel 05/32 :    0   1
vcjob-2107896150879928322-abc12335-42846-worker-0:127:6610 [0] NCCL INFO Channel 06/32 :    0   1
vcjob-2107896150879928322-abc12335-42846-worker-0:127:6610 [0] NCCL INFO Channel 07/32 :    0   1
vcjob-2107896150879928322-abc12335-42846-worker-0:127:6610 [0] NCCL INFO Channel 08/32 :    0   1
vcjob-2107896150879928322-abc12335-42846-worker-0:127:6610 [0] NCCL INFO Channel 09/32 :    0   1
vcjob-2107896150879928322-abc12335-42846-worker-0:127:6610 [0] NCCL INFO Channel 10/32 :    0   1
vcjob-2107896150879928322-abc12335-42846-worker-0:127:6610 [0] NCCL INFO Channel 11/32 :    0   1
vcjob-2107896150879928322-abc12335-42846-worker-0:127:6610 [0] NCCL INFO Channel 12/32 :    0   1
vcjob-2107896150879928322-abc12335-42846-worker-0:127:6610 [0] NCCL INFO Channel 13/32 :    0   1
vcjob-2107896150879928322-abc12335-42846-worker-0:127:6610 [0] NCCL INFO Channel 14/32 :    0   1
vcjob-2107896150879928322-abc12335-42846-worker-0:127:6610 [0] NCCL INFO Channel 15/32 :    0   1
vcjob-2107896150879928322-abc12335-42846-worker-0:127:6610 [0] NCCL INFO Channel 16/32 :    0   1
vcjob-2107896150879928322-abc12335-42846-worker-0:127:6610 [0] NCCL INFO Channel 17/32 :    0   1
vcjob-2107896150879928322-abc12335-42846-worker-0:134:6609 [7] NCCL INFO Trees [0] -1/-1/-1->1->0 [1] -1/-1/-1->1->0 [2] -1/-1/-1->1->0 [3] 0/-1/-1->1->-1 [4] -1/-1/-1->1->0 [5] -1/-1/-1->1->0 [6] -1/-1/-1->1->0 [7] 0/-1/-1->1->-1 [8] -1/-1/-1->1->0 [9] -1/-1/-1->1->0 [10] -1/-1/-1->1->0 [11] 0/-1/-1->1->-1 [12] -1/-1/-1->1->0 [13] -1/-1/-1->1->0 [14] -1/-1/-1->1->0 [15] 0/-1/-1->1->-1 [16] -1/-1/-1->1->0 [17] -1/-1/-1->1->0 [18] -1/-1/-1->1->0 [19] 0/-1/-1->1->-1 [20] -1/-1/-1->1->0 [21] -1/-1/-1->1->0 [22] -1/-1/-1->1->0 [23] 0/-1/-1->1->-1 [24] -1/-1/-1->1->0 [25] -1/-1/-1->1->0 [26] -1/-1/-1->1->0 [27] 0/-1/-1->1->-1 [28] -1/-1/-1->1->0 [29] -1/-1/-1->1->0 [30] -1/-1/-1->1->0 [31] 0/-1/-1->1->-1 comm 0x558c974136e0 nRanks 02 busId f5000
vcjob-2107896150879928322-abc12335-42846-worker-0:127:6610 [0] NCCL INFO Channel 18/32 :    0   1
vcjob-2107896150879928322-abc12335-42846-worker-0:127:6610 [0] NCCL INFO Channel 19/32 :    0   1
vcjob-2107896150879928322-abc12335-42846-worker-0:127:6610 [0] NCCL INFO Channel 20/32 :    0   1
vcjob-2107896150879928322-abc12335-42846-worker-0:127:6610 [0] NCCL INFO Channel 21/32 :    0   1
vcjob-2107896150879928322-abc12335-42846-worker-0:127:6610 [0] NCCL INFO Channel 22/32 :    0   1
vcjob-2107896150879928322-abc12335-42846-worker-0:127:6610 [0] NCCL INFO Channel 23/32 :    0   1
vcjob-2107896150879928322-abc12335-42846-worker-0:134:6609 [7] NCCL INFO P2P Chunksize set to 262144
vcjob-2107896150879928322-abc12335-42846-worker-0:127:6610 [0] NCCL INFO Channel 24/32 :    0   1
vcjob-2107896150879928322-abc12335-42846-worker-0:127:6610 [0] NCCL INFO Channel 25/32 :    0   1
vcjob-2107896150879928322-abc12335-42846-worker-0:134:6609 [7] NCCL INFO comm->autoPerPeerOn: 1, comm->p2pnChannels: 32, comm->p2pnChannelsPerPeer: 16
vcjob-2107896150879928322-abc12335-42846-worker-0:127:6610 [0] NCCL INFO Channel 26/32 :    0   1
vcjob-2107896150879928322-abc12335-42846-worker-0:127:6610 [0] NCCL INFO Channel 27/32 :    0   1
vcjob-2107896150879928322-abc12335-42846-worker-0:127:6610 [0] NCCL INFO Channel 28/32 :    0   1
vcjob-2107896150879928322-abc12335-42846-worker-0:127:6610 [0] NCCL INFO Channel 29/32 :    0   1
vcjob-2107896150879928322-abc12335-42846-worker-0:127:6610 [0] NCCL INFO Channel 30/32 :    0   1
vcjob-2107896150879928322-abc12335-42846-worker-0:127:6610 [0] NCCL INFO Channel 31/32 :    0   1
vcjob-2107896150879928322-abc12335-42846-worker-0:127:6610 [0] NCCL INFO Trees [0] 1/-1/-1->0->-1 [1] 1/-1/-1->0->-1 [2] 1/-1/-1->0->-1 [3] -1/-1/-1->0->1 [4] 1/-1/-1->0->-1 [5] 1/-1/-1->0->-1 [6] 1/-1/-1->0->-1 [7] -1/-1/-1->0->1 [8] 1/-1/-1->0->-1 [9] 1/-1/-1->0->-1 [10] 1/-1/-1->0->-1 [11] -1/-1/-1->0->1 [12] 1/-1/-1->0->-1 [13] 1/-1/-1->0->-1 [14] 1/-1/-1->0->-1 [15] -1/-1/-1->0->1 [16] 1/-1/-1->0->-1 [17] 1/-1/-1->0->-1 [18] 1/-1/-1->0->-1 [19] -1/-1/-1->0->1 [20] 1/-1/-1->0->-1 [21] 1/-1/-1->0->-1 [22] 1/-1/-1->0->-1 [23] -1/-1/-1->0->1 [24] 1/-1/-1->0->-1 [25] 1/-1/-1->0->-1 [26] 1/-1/-1->0->-1 [27] -1/-1/-1->0->1 [28] 1/-1/-1->0->-1 [29] 1/-1/-1->0->-1 [30] 1/-1/-1->0->-1 [31] -1/-1/-1->0->1 comm 0x55666faf6df0 nRanks 02 busId 9000
vcjob-2107896150879928322-abc12335-42846-worker-0:127:6610 [0] NCCL INFO P2P Chunksize set to 262144
vcjob-2107896150879928322-abc12335-42846-worker-0:127:6610 [0] NCCL INFO comm->autoPerPeerOn: 1, comm->p2pnChannels: 32, comm->p2pnChannelsPerPeer: 16
vcjob-2107896150879928322-abc12335-42846-worker-0:127:6610 [0] NCCL INFO Channel 00/0 : 0[9000] -> 1[f5000] via P2P/IPC comm 0x55666faf6df0 nRanks 02
vcjob-2107896150879928322-abc12335-42846-worker-0:127:6610 [0] NCCL INFO Channel 01/0 : 0[9000] -> 1[f5000] via P2P/IPC comm 0x55666faf6df0 nRanks 02
vcjob-2107896150879928322-abc12335-42846-worker-0:127:6610 [0] NCCL INFO Channel 02/0 : 0[9000] -> 1[f5000] via P2P/IPC comm 0x55666faf6df0 nRanks 02
vcjob-2107896150879928322-abc12335-42846-worker-0:127:6610 [0] NCCL INFO Channel 03/0 : 0[9000] -> 1[f5000] via P2P/IPC comm 0x55666faf6df0 nRanks 02
vcjob-2107896150879928322-abc12335-42846-worker-0:127:6610 [0] NCCL INFO Channel 04/0 : 0[9000] -> 1[f5000] via P2P/IPC comm 0x55666faf6df0 nRanks 02
vcjob-2107896150879928322-abc12335-42846-worker-0:127:6610 [0] NCCL INFO Channel 05/0 : 0[9000] -> 1[f5000] via P2P/IPC comm 0x55666faf6df0 nRanks 02
vcjob-2107896150879928322-abc12335-42846-worker-0:127:6610 [0] NCCL INFO Channel 06/0 : 0[9000] -> 1[f5000] via P2P/IPC comm 0x55666faf6df0 nRanks 02
vcjob-2107896150879928322-abc12335-42846-worker-0:127:6610 [0] NCCL INFO Channel 07/0 : 0[9000] -> 1[f5000] via P2P/IPC comm 0x55666faf6df0 nRanks 02
vcjob-2107896150879928322-abc12335-42846-worker-0:127:6610 [0] NCCL INFO Channel 08/0 : 0[9000] -> 1[f5000] via P2P/IPC comm 0x55666faf6df0 nRanks 02
vcjob-2107896150879928322-abc12335-42846-worker-0:127:6610 [0] NCCL INFO Channel 09/0 : 0[9000] -> 1[f5000] via P2P/IPC comm 0x55666faf6df0 nRanks 02
vcjob-2107896150879928322-abc12335-42846-worker-0:127:6610 [0] NCCL INFO Channel 10/0 : 0[9000] -> 1[f5000] via P2P/IPC comm 0x55666faf6df0 nRanks 02
vcjob-2107896150879928322-abc12335-42846-worker-0:134:6609 [7] NCCL INFO Channel 00/0 : 1[f5000] -> 0[9000] via P2P/IPC comm 0x558c974136e0 nRanks 02
vcjob-2107896150879928322-abc12335-42846-worker-0:127:6610 [0] NCCL INFO Channel 11/0 : 0[9000] -> 1[f5000] via P2P/IPC comm 0x55666faf6df0 nRanks 02
vcjob-2107896150879928322-abc12335-42846-worker-0:134:6609 [7] NCCL INFO Channel 01/0 : 1[f5000] -> 0[9000] via P2P/IPC comm 0x558c974136e0 nRanks 02
vcjob-2107896150879928322-abc12335-42846-worker-0:127:6610 [0] NCCL INFO Channel 12/0 : 0[9000] -> 1[f5000] via P2P/IPC comm 0x55666faf6df0 nRanks 02
vcjob-2107896150879928322-abc12335-42846-worker-0:127:6610 [0] NCCL INFO Channel 13/0 : 0[9000] -> 1[f5000] via P2P/IPC comm 0x55666faf6df0 nRanks 02
vcjob-2107896150879928322-abc12335-42846-worker-0:134:6609 [7] NCCL INFO Channel 02/0 : 1[f5000] -> 0[9000] via P2P/IPC comm 0x558c974136e0 nRanks 02
vcjob-2107896150879928322-abc12335-42846-worker-0:127:6610 [0] NCCL INFO Channel 14/0 : 0[9000] -> 1[f5000] via P2P/IPC comm 0x55666faf6df0 nRanks 02
vcjob-2107896150879928322-abc12335-42846-worker-0:134:6609 [7] NCCL INFO Channel 03/0 : 1[f5000] -> 0[9000] via P2P/IPC comm 0x558c974136e0 nRanks 02
vcjob-2107896150879928322-abc12335-42846-worker-0:127:6610 [0] NCCL INFO Channel 15/0 : 0[9000] -> 1[f5000] via P2P/IPC comm 0x55666faf6df0 nRanks 02
vcjob-2107896150879928322-abc12335-42846-worker-0:134:6609 [7] NCCL INFO Channel 04/0 : 1[f5000] -> 0[9000] via P2P/IPC comm 0x558c974136e0 nRanks 02
vcjob-2107896150879928322-abc12335-42846-worker-0:127:6610 [0] NCCL INFO Channel 16/0 : 0[9000] -> 1[f5000] via P2P/IPC comm 0x55666faf6df0 nRanks 02
vcjob-2107896150879928322-abc12335-42846-worker-0:134:6609 [7] NCCL INFO Channel 05/0 : 1[f5000] -> 0[9000] via P2P/IPC comm 0x558c974136e0 nRanks 02
vcjob-2107896150879928322-abc12335-42846-worker-0:127:6610 [0] NCCL INFO Channel 17/0 : 0[9000] -> 1[f5000] via P2P/IPC comm 0x55666faf6df0 nRanks 02
vcjob-2107896150879928322-abc12335-42846-worker-0:134:6609 [7] NCCL INFO Channel 06/0 : 1[f5000] -> 0[9000] via P2P/IPC comm 0x558c974136e0 nRanks 02
vcjob-2107896150879928322-abc12335-42846-worker-0:127:6610 [0] NCCL INFO Channel 18/0 : 0[9000] -> 1[f5000] via P2P/IPC comm 0x55666faf6df0 nRanks 02
vcjob-2107896150879928322-abc12335-42846-worker-0:134:6609 [7] NCCL INFO Channel 07/0 : 1[f5000] -> 0[9000] via P2P/IPC comm 0x558c974136e0 nRanks 02
vcjob-2107896150879928322-abc12335-42846-worker-0:127:6610 [0] NCCL INFO Channel 19/0 : 0[9000] -> 1[f5000] via P2P/IPC comm 0x55666faf6df0 nRanks 02
vcjob-2107896150879928322-abc12335-42846-worker-0:134:6609 [7] NCCL INFO Channel 08/0 : 1[f5000] -> 0[9000] via P2P/IPC comm 0x558c974136e0 nRanks 02
vcjob-2107896150879928322-abc12335-42846-worker-0:127:6610 [0] NCCL INFO Channel 20/0 : 0[9000] -> 1[f5000] via P2P/IPC comm 0x55666faf6df0 nRanks 02
vcjob-2107896150879928322-abc12335-42846-worker-0:134:6609 [7] NCCL INFO Channel 09/0 : 1[f5000] -> 0[9000] via P2P/IPC comm 0x558c974136e0 nRanks 02
vcjob-2107896150879928322-abc12335-42846-worker-0:127:6610 [0] NCCL INFO Channel 21/0 : 0[9000] -> 1[f5000] via P2P/IPC comm 0x55666faf6df0 nRanks 02
vcjob-2107896150879928322-abc12335-42846-worker-0:134:6609 [7] NCCL INFO Channel 10/0 : 1[f5000] -> 0[9000] via P2P/IPC comm 0x558c974136e0 nRanks 02
vcjob-2107896150879928322-abc12335-42846-worker-0:127:6610 [0] NCCL INFO Channel 22/0 : 0[9000] -> 1[f5000] via P2P/IPC comm 0x55666faf6df0 nRanks 02
vcjob-2107896150879928322-abc12335-42846-worker-0:134:6609 [7] NCCL INFO Channel 11/0 : 1[f5000] -> 0[9000] via P2P/IPC comm 0x558c974136e0 nRanks 02
vcjob-2107896150879928322-abc12335-42846-worker-0:127:6610 [0] NCCL INFO Channel 23/0 : 0[9000] -> 1[f5000] via P2P/IPC comm 0x55666faf6df0 nRanks 02
vcjob-2107896150879928322-abc12335-42846-worker-0:134:6609 [7] NCCL INFO Channel 12/0 : 1[f5000] -> 0[9000] via P2P/IPC comm 0x558c974136e0 nRanks 02
vcjob-2107896150879928322-abc12335-42846-worker-0:127:6610 [0] NCCL INFO Channel 24/0 : 0[9000] -> 1[f5000] via P2P/IPC comm 0x55666faf6df0 nRanks 02
vcjob-2107896150879928322-abc12335-42846-worker-0:134:6609 [7] NCCL INFO Channel 13/0 : 1[f5000] -> 0[9000] via P2P/IPC comm 0x558c974136e0 nRanks 02
vcjob-2107896150879928322-abc12335-42846-worker-0:127:6610 [0] NCCL INFO Channel 25/0 : 0[9000] -> 1[f5000] via P2P/IPC comm 0x55666faf6df0 nRanks 02
vcjob-2107896150879928322-abc12335-42846-worker-0:134:6609 [7] NCCL INFO Channel 14/0 : 1[f5000] -> 0[9000] via P2P/IPC comm 0x558c974136e0 nRanks 02
vcjob-2107896150879928322-abc12335-42846-worker-0:127:6610 [0] NCCL INFO Channel 26/0 : 0[9000] -> 1[f5000] via P2P/IPC comm 0x55666faf6df0 nRanks 02
vcjob-2107896150879928322-abc12335-42846-worker-0:134:6609 [7] NCCL INFO Channel 15/0 : 1[f5000] -> 0[9000] via P2P/IPC comm 0x558c974136e0 nRanks 02
vcjob-2107896150879928322-abc12335-42846-worker-0:127:6610 [0] NCCL INFO Channel 27/0 : 0[9000] -> 1[f5000] via P2P/IPC comm 0x55666faf6df0 nRanks 02
vcjob-2107896150879928322-abc12335-42846-worker-0:127:6610 [0] NCCL INFO Channel 28/0 : 0[9000] -> 1[f5000] via P2P/IPC comm 0x55666faf6df0 nRanks 02
vcjob-2107896150879928322-abc12335-42846-worker-0:134:6609 [7] NCCL INFO Channel 16/0 : 1[f5000] -> 0[9000] via P2P/IPC comm 0x558c974136e0 nRanks 02
vcjob-2107896150879928322-abc12335-42846-worker-0:127:6610 [0] NCCL INFO Channel 29/0 : 0[9000] -> 1[f5000] via P2P/IPC comm 0x55666faf6df0 nRanks 02
vcjob-2107896150879928322-abc12335-42846-worker-0:127:6610 [0] NCCL INFO Channel 30/0 : 0[9000] -> 1[f5000] via P2P/IPC comm 0x55666faf6df0 nRanks 02
vcjob-2107896150879928322-abc12335-42846-worker-0:134:6609 [7] NCCL INFO Channel 17/0 : 1[f5000] -> 0[9000] via P2P/IPC comm 0x558c974136e0 nRanks 02
vcjob-2107896150879928322-abc12335-42846-worker-0:127:6610 [0] NCCL INFO Channel 31/0 : 0[9000] -> 1[f5000] via P2P/IPC comm 0x55666faf6df0 nRanks 02
vcjob-2107896150879928322-abc12335-42846-worker-0:134:6609 [7] NCCL INFO Channel 18/0 : 1[f5000] -> 0[9000] via P2P/IPC comm 0x558c974136e0 nRanks 02
vcjob-2107896150879928322-abc12335-42846-worker-0:134:6609 [7] NCCL INFO Channel 19/0 : 1[f5000] -> 0[9000] via P2P/IPC comm 0x558c974136e0 nRanks 02
vcjob-2107896150879928322-abc12335-42846-worker-0:134:6609 [7] NCCL INFO Channel 20/0 : 1[f5000] -> 0[9000] via P2P/IPC comm 0x558c974136e0 nRanks 02
vcjob-2107896150879928322-abc12335-42846-worker-0:134:6609 [7] NCCL INFO Channel 21/0 : 1[f5000] -> 0[9000] via P2P/IPC comm 0x558c974136e0 nRanks 02
vcjob-2107896150879928322-abc12335-42846-worker-0:134:6609 [7] NCCL INFO Channel 22/0 : 1[f5000] -> 0[9000] via P2P/IPC comm 0x558c974136e0 nRanks 02
vcjob-2107896150879928322-abc12335-42846-worker-0:134:6609 [7] NCCL INFO Channel 23/0 : 1[f5000] -> 0[9000] via P2P/IPC comm 0x558c974136e0 nRanks 02
vcjob-2107896150879928322-abc12335-42846-worker-0:134:6609 [7] NCCL INFO Channel 24/0 : 1[f5000] -> 0[9000] via P2P/IPC comm 0x558c974136e0 nRanks 02
vcjob-2107896150879928322-abc12335-42846-worker-0:134:6609 [7] NCCL INFO Channel 25/0 : 1[f5000] -> 0[9000] via P2P/IPC comm 0x558c974136e0 nRanks 02
vcjob-2107896150879928322-abc12335-42846-worker-0:134:6609 [7] NCCL INFO Channel 26/0 : 1[f5000] -> 0[9000] via P2P/IPC comm 0x558c974136e0 nRanks 02
vcjob-2107896150879928322-abc12335-42846-worker-0:134:6609 [7] NCCL INFO Channel 27/0 : 1[f5000] -> 0[9000] via P2P/IPC comm 0x558c974136e0 nRanks 02
vcjob-2107896150879928322-abc12335-42846-worker-0:134:6609 [7] NCCL INFO Channel 28/0 : 1[f5000] -> 0[9000] via P2P/IPC comm 0x558c974136e0 nRanks 02
vcjob-2107896150879928322-abc12335-42846-worker-0:134:6609 [7] NCCL INFO Channel 29/0 : 1[f5000] -> 0[9000] via P2P/IPC comm 0x558c974136e0 nRanks 02
vcjob-2107896150879928322-abc12335-42846-worker-0:134:6609 [7] NCCL INFO Channel 30/0 : 1[f5000] -> 0[9000] via P2P/IPC comm 0x558c974136e0 nRanks 02
vcjob-2107896150879928322-abc12335-42846-worker-0:134:6609 [7] NCCL INFO Channel 31/0 : 1[f5000] -> 0[9000] via P2P/IPC comm 0x558c974136e0 nRanks 02
vcjob-2107896150879928322-abc12335-42846-worker-0:134:6609 [7] NCCL INFO Connected all rings
vcjob-2107896150879928322-abc12335-42846-worker-0:134:6609 [7] NCCL INFO Connected all trees
vcjob-2107896150879928322-abc12335-42846-worker-0:127:6610 [0] NCCL INFO Connected all rings
vcjob-2107896150879928322-abc12335-42846-worker-0:134:6609 [7] NCCL INFO threadThresholds 8/8/64 | 16/8/64 | 256 | 256
vcjob-2107896150879928322-abc12335-42846-worker-0:134:6609 [7] NCCL INFO 32 coll channels, 32 collnet channels, 0 nvls channels, 32 p2p channels, 16 p2p channels per peer
vcjob-2107896150879928322-abc12335-42846-worker-0:127:6610 [0] NCCL INFO Connected all trees
vcjob-2107896150879928322-abc12335-42846-worker-0:127:6610 [0] NCCL INFO threadThresholds 8/8/64 | 16/8/64 | 256 | 256
vcjob-2107896150879928322-abc12335-42846-worker-0:127:6610 [0] NCCL INFO 32 coll channels, 32 collnet channels, 0 nvls channels, 32 p2p channels, 16 p2p channels per peer
vcjob-2107896150879928322-abc12335-42846-worker-0:127:6610 [0] NCCL INFO CC Off, Multi-GPU CC Off, workFifoBytes 4194304
vcjob-2107896150879928322-abc12335-42846-worker-0:127:6610 [0] NCCL INFO ncclCommInitRank comm 0x55666faf6df0 rank 0 nranks 2 cudaDev 0 nvmlDev 0 busId 9000 commId 0x475adbf6e93c922e localSize 480 used 1602949760 bytes on core 0 - Init COMPLETE
vcjob-2107896150879928322-abc12335-42846-worker-0:127:6610 [0] NCCL INFO Init timings: rank 0 nranks 2 total 0.31 (kernels 0.00, bootstrap 0.02, allgathers 0.00, topo 0.20, graphs 0.00, connections 0.09, rest 0.00)
vcjob-2107896150879928322-abc12335-42846-worker-0:134:6609 [7] NCCL INFO ncclCommInitRank comm 0x558c974136e0 rank 1 nranks 2 cudaDev 7 nvmlDev 7 busId f5000 commId 0x475adbf6e93c922e localSize 480 used 373326816 bytes on core 88 - Init COMPLETE
vcjob-2107896150879928322-abc12335-42846-worker-0:134:6609 [7] NCCL INFO Init timings: rank 1 nranks 2 total 0.32 (kernels 0.00, bootstrap 0.02, allgathers 0.01, topo 0.19, graphs 0.00, connections 0.09, rest 0.00)
I1008 02:10:04.399281   127 ProcessGroupNCCL.cpp:2890] [PG ID 0 PG GUID 0(default_pg) Rank 0] NCCL_DEBUG: INFO
I1008 02:10:04.399336   134 ProcessGroupNCCL.cpp:2890] [PG ID 0 PG GUID 0(default_pg) Rank 7] NCCL_DEBUG: INFO
vcjob-2107896150879928322-abc12335-42846-worker-0:134:6616 [7] NCCL INFO Channel 01/1 : 1[f5000] -> 0[9000] via P2P/IPC comm 0x558c974136e0 nRanks 02
vcjob-2107896150879928322-abc12335-42846-worker-0:134:6616 [7] NCCL INFO Channel 03/1 : 1[f5000] -> 0[9000] via P2P/IPC comm 0x558c974136e0 nRanks 02
vcjob-2107896150879928322-abc12335-42846-worker-0:134:6616 [7] NCCL INFO Channel 05/1 : 1[f5000] -> 0[9000] via P2P/IPC comm 0x558c974136e0 nRanks 02
vcjob-2107896150879928322-abc12335-42846-worker-0:134:6616 [7] NCCL INFO Channel 07/1 : 1[f5000] -> 0[9000] via P2P/IPC comm 0x558c974136e0 nRanks 02
vcjob-2107896150879928322-abc12335-42846-worker-0:134:6616 [7] NCCL INFO Channel 09/1 : 1[f5000] -> 0[9000] via P2P/IPC comm 0x558c974136e0 nRanks 02
vcjob-2107896150879928322-abc12335-42846-worker-0:134:6616 [7] NCCL INFO Channel 11/1 : 1[f5000] -> 0[9000] via P2P/IPC comm 0x558c974136e0 nRanks 02
vcjob-2107896150879928322-abc12335-42846-worker-0:134:6616 [7] NCCL INFO Channel 13/1 : 1[f5000] -> 0[9000] via P2P/IPC comm 0x558c974136e0 nRanks 02
vcjob-2107896150879928322-abc12335-42846-worker-0:134:6616 [7] NCCL INFO Channel 15/1 : 1[f5000] -> 0[9000] via P2P/IPC comm 0x558c974136e0 nRanks 02
vcjob-2107896150879928322-abc12335-42846-worker-0:134:6616 [7] NCCL INFO Channel 17/1 : 1[f5000] -> 0[9000] via P2P/IPC comm 0x558c974136e0 nRanks 02
vcjob-2107896150879928322-abc12335-42846-worker-0:134:6616 [7] NCCL INFO Channel 19/1 : 1[f5000] -> 0[9000] via P2P/IPC comm 0x558c974136e0 nRanks 02
vcjob-2107896150879928322-abc12335-42846-worker-0:134:6616 [7] NCCL INFO Channel 21/1 : 1[f5000] -> 0[9000] via P2P/IPC comm 0x558c974136e0 nRanks 02
vcjob-2107896150879928322-abc12335-42846-worker-0:134:6616 [7] NCCL INFO Channel 23/1 : 1[f5000] -> 0[9000] via P2P/IPC comm 0x558c974136e0 nRanks 02
vcjob-2107896150879928322-abc12335-42846-worker-0:134:6616 [7] NCCL INFO Channel 25/1 : 1[f5000] -> 0[9000] via P2P/IPC comm 0x558c974136e0 nRanks 02
vcjob-2107896150879928322-abc12335-42846-worker-0:134:6616 [7] NCCL INFO Channel 27/1 : 1[f5000] -> 0[9000] via P2P/IPC comm 0x558c974136e0 nRanks 02
vcjob-2107896150879928322-abc12335-42846-worker-0:134:6616 [7] NCCL INFO Channel 29/1 : 1[f5000] -> 0[9000] via P2P/IPC comm 0x558c974136e0 nRanks 02
vcjob-2107896150879928322-abc12335-42846-worker-0:134:6616 [7] NCCL INFO Channel 31/1 : 1[f5000] -> 0[9000] via P2P/IPC comm 0x558c974136e0 nRanks 02

vcjob-2107896150879928322-abc12335-42846-worker-0:127:127 [0] /data/jenkins_workspace/workspace/rccl_release/build/hipify/src/init.cc:170 NCCL WARN NUMA auto balancing enabled which can lead to variability in the RCCL performance! Disable by "sudo sysctl kernel.numa_balancing=0"
vcjob-2107896150879928322-abc12335-42846-worker-0:127:127 [0] NCCL INFO Kernel version: 5.15.0-25-generic

vcjob-2107896150879928322-abc12335-42846-worker-0:127:127 [0] /data/jenkins_workspace/workspace/rccl_release/build/hipify/src/init.cc:191 NCCL WARN Missing "iommu=pt" from kernel command line which can lead to system instablity or hang!
I1008 02:10:04.473538   127 ProcessGroupNCCL.cpp:2857] [PG ID 0 PG GUID 0(default_pg) Rank 0] ProcessGroupNCCL broadcast unique ID through store took 0.067771 ms
I1008 02:10:04.473587   127 NCCLUtils.cpp:75] Rank 0: creating NCCL communicator with mode: blocking

vcjob-2107896150879928322-abc12335-42846-worker-0:127:127 [0] /data/jenkins_workspace/workspace/rccl_release/build/hipify/src/init.cc:170 NCCL WARN NUMA auto balancing enabled which can lead to variability in the RCCL performance! Disable by "sudo sysctl kernel.numa_balancing=0"
vcjob-2107896150879928322-abc12335-42846-worker-0:127:127 [0] NCCL INFO Kernel version: 5.15.0-25-generic

vcjob-2107896150879928322-abc12335-42846-worker-0:127:127 [0] /data/jenkins_workspace/workspace/rccl_release/build/hipify/src/init.cc:191 NCCL WARN Missing "iommu=pt" from kernel command line which can lead to system instablity or hang!
vcjob-2107896150879928322-abc12335-42846-worker-0:127:127 [0] NCCL INFO Comm config Blocking set to 1
vcjob-2107896150879928322-abc12335-42846-worker-0:127:6618 [0] NCCL INFO Using network Socket
vcjob-2107896150879928322-abc12335-42846-worker-0:127:6618 [0] NCCL INFO rocm_smi_lib: version 7.6.0.0
vcjob-2107896150879928322-abc12335-42846-worker-0:127:6618 [0] NCCL INFO ncclCommInitRank comm 0x55666fbb25d0 rank 0 nranks 2 cudaDev 0 nvmlDev 0 busId 9000 commId 0xe867885bf7b0b42c - Init START
vcjob-2107896150879928322-abc12335-42846-worker-0:127:6618 [0] NCCL INFO rank:0 get match hsa dev domain:0x0 bdf:0x900 rank busId:0x36864
vcjob-2107896150879928322-abc12335-42846-worker-0:127:6618 [0] NCCL INFO XDP Switch is off with xdp_size : 0

vcjob-2107896150879928322-abc12335-42846-worker-0:127:6618 [0] /data/jenkins_workspace/workspace/rccl_release/build/hipify/src/graph/xml.cc:1211 NCCL WARN No IB NIC found, the generation of the basic topology has been terminated.
vcjob-2107896150879928322-abc12335-42846-worker-0:127:6618 [0] NCCL INFO rocm_smi_lib: version 7.6.0.0
vcjob-2107896150879928322-abc12335-42846-worker-0:127:6618 [0] NCCL INFO Setting affinity for GPU 0 to ffff
vcjob-2107896150879928322-abc12335-42846-worker-0:127:6618 [0] NCCL INFO Rank:0 Get link topo from rocmDev:0 linkNum:8 link:0 linkState:1 remote type:1 bdf:0x9b00 topoType:2
vcjob-2107896150879928322-abc12335-42846-worker-0:127:6618 [0] NCCL INFO Transport init rank 0 useXdp 0 linkTopoType 2
vcjob-2107896150879928322-abc12335-42846-worker-0:127:6618 [0] NCCL INFO comm 0x55666fbb25d0 rank 0 nRanks 2 nNodes 2 localRanks 1 localRank 0 MNNVL 0
vcjob-2107896150879928322-abc12335-42846-worker-0:127:6618 [0] NCCL INFO Channel 00/32 :    0   1
vcjob-2107896150879928322-abc12335-42846-worker-0:127:6618 [0] NCCL INFO Channel 01/32 :    0   1
vcjob-2107896150879928322-abc12335-42846-worker-0:127:6618 [0] NCCL INFO Channel 02/32 :    0   1
vcjob-2107896150879928322-abc12335-42846-worker-0:127:6618 [0] NCCL INFO Channel 03/32 :    0   1
vcjob-2107896150879928322-abc12335-42846-worker-0:127:6618 [0] NCCL INFO Channel 04/32 :    0   1
vcjob-2107896150879928322-abc12335-42846-worker-0:127:6618 [0] NCCL INFO Channel 05/32 :    0   1
vcjob-2107896150879928322-abc12335-42846-worker-0:127:6618 [0] NCCL INFO Channel 06/32 :    0   1
vcjob-2107896150879928322-abc12335-42846-worker-0:127:6618 [0] NCCL INFO Channel 07/32 :    0   1
vcjob-2107896150879928322-abc12335-42846-worker-0:127:6618 [0] NCCL INFO Channel 08/32 :    0   1
vcjob-2107896150879928322-abc12335-42846-worker-0:127:6618 [0] NCCL INFO Channel 09/32 :    0   1
vcjob-2107896150879928322-abc12335-42846-worker-0:127:6618 [0] NCCL INFO Channel 10/32 :    0   1
vcjob-2107896150879928322-abc12335-42846-worker-0:127:6618 [0] NCCL INFO Channel 11/32 :    0   1
vcjob-2107896150879928322-abc12335-42846-worker-0:127:6618 [0] NCCL INFO Channel 12/32 :    0   1
vcjob-2107896150879928322-abc12335-42846-worker-0:127:6618 [0] NCCL INFO Channel 13/32 :    0   1
vcjob-2107896150879928322-abc12335-42846-worker-0:127:6618 [0] NCCL INFO Channel 14/32 :    0   1
vcjob-2107896150879928322-abc12335-42846-worker-0:127:6618 [0] NCCL INFO Channel 15/32 :    0   1
vcjob-2107896150879928322-abc12335-42846-worker-0:127:6618 [0] NCCL INFO Channel 16/32 :    0   1
vcjob-2107896150879928322-abc12335-42846-worker-0:127:6618 [0] NCCL INFO Channel 17/32 :    0   1
vcjob-2107896150879928322-abc12335-42846-worker-0:127:6618 [0] NCCL INFO Channel 18/32 :    0   1
vcjob-2107896150879928322-abc12335-42846-worker-0:127:6618 [0] NCCL INFO Channel 19/32 :    0   1
vcjob-2107896150879928322-abc12335-42846-worker-0:127:6618 [0] NCCL INFO Channel 20/32 :    0   1
vcjob-2107896150879928322-abc12335-42846-worker-0:127:6618 [0] NCCL INFO Channel 21/32 :    0   1
vcjob-2107896150879928322-abc12335-42846-worker-0:127:6618 [0] NCCL INFO Channel 22/32 :    0   1
vcjob-2107896150879928322-abc12335-42846-worker-0:127:6618 [0] NCCL INFO Channel 23/32 :    0   1
vcjob-2107896150879928322-abc12335-42846-worker-0:127:6618 [0] NCCL INFO Channel 24/32 :    0   1
vcjob-2107896150879928322-abc12335-42846-worker-0:127:6618 [0] NCCL INFO Channel 25/32 :    0   1
vcjob-2107896150879928322-abc12335-42846-worker-0:127:6618 [0] NCCL INFO Channel 26/32 :    0   1
vcjob-2107896150879928322-abc12335-42846-worker-0:127:6618 [0] NCCL INFO Channel 27/32 :    0   1
vcjob-2107896150879928322-abc12335-42846-worker-0:127:6618 [0] NCCL INFO Channel 28/32 :    0   1
vcjob-2107896150879928322-abc12335-42846-worker-0:127:6618 [0] NCCL INFO Channel 29/32 :    0   1
vcjob-2107896150879928322-abc12335-42846-worker-0:127:6618 [0] NCCL INFO Channel 30/32 :    0   1
vcjob-2107896150879928322-abc12335-42846-worker-0:127:6618 [0] NCCL INFO Channel 31/32 :    0   1
vcjob-2107896150879928322-abc12335-42846-worker-0:127:6618 [0] NCCL INFO Trees [0] 1/-1/-1->0->-1 [1] -1/-1/-1->0->1 [2] 1/-1/-1->0->-1 [3] -1/-1/-1->0->1 [4] 1/-1/-1->0->-1 [5] -1/-1/-1->0->1 [6] 1/-1/-1->0->-1 [7] -1/-1/-1->0->1 [8] 1/-1/-1->0->-1 [9] -1/-1/-1->0->1 [10] 1/-1/-1->0->-1 [11] -1/-1/-1->0->1 [12] 1/-1/-1->0->-1 [13] -1/-1/-1->0->1 [14] 1/-1/-1->0->-1 [15] -1/-1/-1->0->1 [16] 1/-1/-1->0->-1 [17] -1/-1/-1->0->1 [18] 1/-1/-1->0->-1 [19] -1/-1/-1->0->1 [20] 1/-1/-1->0->-1 [21] -1/-1/-1->0->1 [22] 1/-1/-1->0->-1 [23] -1/-1/-1->0->1 [24] 1/-1/-1->0->-1 [25] -1/-1/-1->0->1 [26] 1/-1/-1->0->-1 [27] -1/-1/-1->0->1 [28] 1/-1/-1->0->-1 [29] -1/-1/-1->0->1 [30] 1/-1/-1->0->-1 [31] -1/-1/-1->0->1 comm 0x55666fbb25d0 nRanks 02 busId 9000
vcjob-2107896150879928322-abc12335-42846-worker-0:127:6618 [0] NCCL INFO P2P Chunksize set to 131072
vcjob-2107896150879928322-abc12335-42846-worker-0:127:6618 [0] NCCL INFO comm->autoPerPeerOn: 1, comm->p2pnChannels: 32, comm->p2pnChannelsPerPeer: 32
vcjob-2107896150879928322-abc12335-42846-worker-0:127:6618 [0] NCCL INFO Channel 00/0 : 1[9000] -> 0[9000] [receive] via NET/Socket/0 comm 0x55666fbb25d0 nRanks 02
vcjob-2107896150879928322-abc12335-42846-worker-0:127:6618 [0] NCCL INFO Channel 01/0 : 1[9000] -> 0[9000] [receive] via NET/Socket/0 comm 0x55666fbb25d0 nRanks 02
vcjob-2107896150879928322-abc12335-42846-worker-0:127:6618 [0] NCCL INFO Channel 02/0 : 1[9000] -> 0[9000] [receive] via NET/Socket/0 comm 0x55666fbb25d0 nRanks 02
vcjob-2107896150879928322-abc12335-42846-worker-0:127:6618 [0] NCCL INFO Channel 03/0 : 1[9000] -> 0[9000] [receive] via NET/Socket/0 comm 0x55666fbb25d0 nRanks 02
vcjob-2107896150879928322-abc12335-42846-worker-0:127:6618 [0] NCCL INFO Channel 04/0 : 1[9000] -> 0[9000] [receive] via NET/Socket/0 comm 0x55666fbb25d0 nRanks 02
vcjob-2107896150879928322-abc12335-42846-worker-0:127:6618 [0] NCCL INFO Channel 05/0 : 1[9000] -> 0[9000] [receive] via NET/Socket/0 comm 0x55666fbb25d0 nRanks 02
vcjob-2107896150879928322-abc12335-42846-worker-0:127:6618 [0] NCCL INFO Channel 06/0 : 1[9000] -> 0[9000] [receive] via NET/Socket/0 comm 0x55666fbb25d0 nRanks 02
vcjob-2107896150879928322-abc12335-42846-worker-0:127:6618 [0] NCCL INFO Channel 07/0 : 1[9000] -> 0[9000] [receive] via NET/Socket/0 comm 0x55666fbb25d0 nRanks 02
vcjob-2107896150879928322-abc12335-42846-worker-0:127:6618 [0] NCCL INFO Channel 08/0 : 1[9000] -> 0[9000] [receive] via NET/Socket/0 comm 0x55666fbb25d0 nRanks 02
vcjob-2107896150879928322-abc12335-42846-worker-0:127:6618 [0] NCCL INFO Channel 09/0 : 1[9000] -> 0[9000] [receive] via NET/Socket/0 comm 0x55666fbb25d0 nRanks 02
vcjob-2107896150879928322-abc12335-42846-worker-0:127:6618 [0] NCCL INFO Channel 10/0 : 1[9000] -> 0[9000] [receive] via NET/Socket/0 comm 0x55666fbb25d0 nRanks 02
vcjob-2107896150879928322-abc12335-42846-worker-0:127:6618 [0] NCCL INFO Channel 11/0 : 1[9000] -> 0[9000] [receive] via NET/Socket/0 comm 0x55666fbb25d0 nRanks 02
vcjob-2107896150879928322-abc12335-42846-worker-0:127:6618 [0] NCCL INFO Channel 12/0 : 1[9000] -> 0[9000] [receive] via NET/Socket/0 comm 0x55666fbb25d0 nRanks 02
vcjob-2107896150879928322-abc12335-42846-worker-0:127:6618 [0] NCCL INFO Channel 13/0 : 1[9000] -> 0[9000] [receive] via NET/Socket/0 comm 0x55666fbb25d0 nRanks 02
vcjob-2107896150879928322-abc12335-42846-worker-0:127:6618 [0] NCCL INFO Channel 14/0 : 1[9000] -> 0[9000] [receive] via NET/Socket/0 comm 0x55666fbb25d0 nRanks 02
vcjob-2107896150879928322-abc12335-42846-worker-0:127:6618 [0] NCCL INFO Channel 15/0 : 1[9000] -> 0[9000] [receive] via NET/Socket/0 comm 0x55666fbb25d0 nRanks 02
vcjob-2107896150879928322-abc12335-42846-worker-0:127:6618 [0] NCCL INFO Channel 16/0 : 1[9000] -> 0[9000] [receive] via NET/Socket/0 comm 0x55666fbb25d0 nRanks 02
vcjob-2107896150879928322-abc12335-42846-worker-0:127:6618 [0] NCCL INFO Channel 17/0 : 1[9000] -> 0[9000] [receive] via NET/Socket/0 comm 0x55666fbb25d0 nRanks 02
vcjob-2107896150879928322-abc12335-42846-worker-0:127:6618 [0] NCCL INFO Channel 18/0 : 1[9000] -> 0[9000] [receive] via NET/Socket/0 comm 0x55666fbb25d0 nRanks 02
vcjob-2107896150879928322-abc12335-42846-worker-0:127:6618 [0] NCCL INFO Channel 19/0 : 1[9000] -> 0[9000] [receive] via NET/Socket/0 comm 0x55666fbb25d0 nRanks 02
vcjob-2107896150879928322-abc12335-42846-worker-0:127:6618 [0] NCCL INFO Channel 20/0 : 1[9000] -> 0[9000] [receive] via NET/Socket/0 comm 0x55666fbb25d0 nRanks 02
vcjob-2107896150879928322-abc12335-42846-worker-0:127:6618 [0] NCCL INFO Channel 21/0 : 1[9000] -> 0[9000] [receive] via NET/Socket/0 comm 0x55666fbb25d0 nRanks 02
vcjob-2107896150879928322-abc12335-42846-worker-0:127:6618 [0] NCCL INFO Channel 22/0 : 1[9000] -> 0[9000] [receive] via NET/Socket/0 comm 0x55666fbb25d0 nRanks 02
vcjob-2107896150879928322-abc12335-42846-worker-0:127:6618 [0] NCCL INFO Channel 23/0 : 1[9000] -> 0[9000] [receive] via NET/Socket/0 comm 0x55666fbb25d0 nRanks 02
vcjob-2107896150879928322-abc12335-42846-worker-0:127:6618 [0] NCCL INFO Channel 24/0 : 1[9000] -> 0[9000] [receive] via NET/Socket/0 comm 0x55666fbb25d0 nRanks 02
vcjob-2107896150879928322-abc12335-42846-worker-0:127:6618 [0] NCCL INFO Channel 25/0 : 1[9000] -> 0[9000] [receive] via NET/Socket/0 comm 0x55666fbb25d0 nRanks 02
vcjob-2107896150879928322-abc12335-42846-worker-0:127:6618 [0] NCCL INFO Channel 26/0 : 1[9000] -> 0[9000] [receive] via NET/Socket/0 comm 0x55666fbb25d0 nRanks 02
vcjob-2107896150879928322-abc12335-42846-worker-0:127:6618 [0] NCCL INFO Channel 27/0 : 1[9000] -> 0[9000] [receive] via NET/Socket/0 comm 0x55666fbb25d0 nRanks 02
vcjob-2107896150879928322-abc12335-42846-worker-0:127:6618 [0] NCCL INFO Channel 28/0 : 1[9000] -> 0[9000] [receive] via NET/Socket/0 comm 0x55666fbb25d0 nRanks 02
vcjob-2107896150879928322-abc12335-42846-worker-0:127:6618 [0] NCCL INFO Channel 29/0 : 1[9000] -> 0[9000] [receive] via NET/Socket/0 comm 0x55666fbb25d0 nRanks 02
vcjob-2107896150879928322-abc12335-42846-worker-0:127:6618 [0] NCCL INFO Channel 30/0 : 1[9000] -> 0[9000] [receive] via NET/Socket/0 comm 0x55666fbb25d0 nRanks 02
vcjob-2107896150879928322-abc12335-42846-worker-0:127:6618 [0] NCCL INFO Channel 31/0 : 1[9000] -> 0[9000] [receive] via NET/Socket/0 comm 0x55666fbb25d0 nRanks 02
vcjob-2107896150879928322-abc12335-42846-worker-0:127:6618 [0] NCCL INFO Channel 00/0 : 0[9000] -> 1[9000] [send] via NET/Socket/0 comm 0x55666fbb25d0 nRanks 02
vcjob-2107896150879928322-abc12335-42846-worker-0:127:6618 [0] NCCL INFO Channel 01/0 : 0[9000] -> 1[9000] [send] via NET/Socket/0 comm 0x55666fbb25d0 nRanks 02
vcjob-2107896150879928322-abc12335-42846-worker-0:127:6618 [0] NCCL INFO Channel 02/0 : 0[9000] -> 1[9000] [send] via NET/Socket/0 comm 0x55666fbb25d0 nRanks 02
vcjob-2107896150879928322-abc12335-42846-worker-0:127:6618 [0] NCCL INFO Channel 03/0 : 0[9000] -> 1[9000] [send] via NET/Socket/0 comm 0x55666fbb25d0 nRanks 02
vcjob-2107896150879928322-abc12335-42846-worker-0:127:6618 [0] NCCL INFO Channel 04/0 : 0[9000] -> 1[9000] [send] via NET/Socket/0 comm 0x55666fbb25d0 nRanks 02
vcjob-2107896150879928322-abc12335-42846-worker-0:127:6618 [0] NCCL INFO Channel 05/0 : 0[9000] -> 1[9000] [send] via NET/Socket/0 comm 0x55666fbb25d0 nRanks 02
vcjob-2107896150879928322-abc12335-42846-worker-0:127:6618 [0] NCCL INFO Channel 06/0 : 0[9000] -> 1[9000] [send] via NET/Socket/0 comm 0x55666fbb25d0 nRanks 02
vcjob-2107896150879928322-abc12335-42846-worker-0:127:6618 [0] NCCL INFO Channel 07/0 : 0[9000] -> 1[9000] [send] via NET/Socket/0 comm 0x55666fbb25d0 nRanks 02
vcjob-2107896150879928322-abc12335-42846-worker-0:127:6618 [0] NCCL INFO Channel 08/0 : 0[9000] -> 1[9000] [send] via NET/Socket/0 comm 0x55666fbb25d0 nRanks 02
vcjob-2107896150879928322-abc12335-42846-worker-0:127:6618 [0] NCCL INFO Channel 09/0 : 0[9000] -> 1[9000] [send] via NET/Socket/0 comm 0x55666fbb25d0 nRanks 02
vcjob-2107896150879928322-abc12335-42846-worker-0:127:6618 [0] NCCL INFO Channel 10/0 : 0[9000] -> 1[9000] [send] via NET/Socket/0 comm 0x55666fbb25d0 nRanks 02
vcjob-2107896150879928322-abc12335-42846-worker-0:127:6618 [0] NCCL INFO Channel 11/0 : 0[9000] -> 1[9000] [send] via NET/Socket/0 comm 0x55666fbb25d0 nRanks 02
vcjob-2107896150879928322-abc12335-42846-worker-0:127:6618 [0] NCCL INFO Channel 12/0 : 0[9000] -> 1[9000] [send] via NET/Socket/0 comm 0x55666fbb25d0 nRanks 02
vcjob-2107896150879928322-abc12335-42846-worker-0:127:6618 [0] NCCL INFO Channel 13/0 : 0[9000] -> 1[9000] [send] via NET/Socket/0 comm 0x55666fbb25d0 nRanks 02
vcjob-2107896150879928322-abc12335-42846-worker-0:127:6618 [0] NCCL INFO Channel 14/0 : 0[9000] -> 1[9000] [send] via NET/Socket/0 comm 0x55666fbb25d0 nRanks 02
vcjob-2107896150879928322-abc12335-42846-worker-0:127:6618 [0] NCCL INFO Channel 15/0 : 0[9000] -> 1[9000] [send] via NET/Socket/0 comm 0x55666fbb25d0 nRanks 02
vcjob-2107896150879928322-abc12335-42846-worker-0:127:6618 [0] NCCL INFO Channel 16/0 : 0[9000] -> 1[9000] [send] via NET/Socket/0 comm 0x55666fbb25d0 nRanks 02
vcjob-2107896150879928322-abc12335-42846-worker-0:127:6618 [0] NCCL INFO Channel 17/0 : 0[9000] -> 1[9000] [send] via NET/Socket/0 comm 0x55666fbb25d0 nRanks 02
vcjob-2107896150879928322-abc12335-42846-worker-0:127:6618 [0] NCCL INFO Channel 18/0 : 0[9000] -> 1[9000] [send] via NET/Socket/0 comm 0x55666fbb25d0 nRanks 02
vcjob-2107896150879928322-abc12335-42846-worker-0:127:6618 [0] NCCL INFO Channel 19/0 : 0[9000] -> 1[9000] [send] via NET/Socket/0 comm 0x55666fbb25d0 nRanks 02
vcjob-2107896150879928322-abc12335-42846-worker-0:127:6618 [0] NCCL INFO Channel 20/0 : 0[9000] -> 1[9000] [send] via NET/Socket/0 comm 0x55666fbb25d0 nRanks 02
vcjob-2107896150879928322-abc12335-42846-worker-0:127:6618 [0] NCCL INFO Channel 21/0 : 0[9000] -> 1[9000] [send] via NET/Socket/0 comm 0x55666fbb25d0 nRanks 02
vcjob-2107896150879928322-abc12335-42846-worker-0:127:6618 [0] NCCL INFO Channel 22/0 : 0[9000] -> 1[9000] [send] via NET/Socket/0 comm 0x55666fbb25d0 nRanks 02
vcjob-2107896150879928322-abc12335-42846-worker-0:127:6618 [0] NCCL INFO Channel 23/0 : 0[9000] -> 1[9000] [send] via NET/Socket/0 comm 0x55666fbb25d0 nRanks 02
vcjob-2107896150879928322-abc12335-42846-worker-0:127:6618 [0] NCCL INFO Channel 24/0 : 0[9000] -> 1[9000] [send] via NET/Socket/0 comm 0x55666fbb25d0 nRanks 02
vcjob-2107896150879928322-abc12335-42846-worker-0:127:6618 [0] NCCL INFO Channel 25/0 : 0[9000] -> 1[9000] [send] via NET/Socket/0 comm 0x55666fbb25d0 nRanks 02
vcjob-2107896150879928322-abc12335-42846-worker-0:127:6618 [0] NCCL INFO Channel 26/0 : 0[9000] -> 1[9000] [send] via NET/Socket/0 comm 0x55666fbb25d0 nRanks 02
vcjob-2107896150879928322-abc12335-42846-worker-0:127:6618 [0] NCCL INFO Channel 27/0 : 0[9000] -> 1[9000] [send] via NET/Socket/0 comm 0x55666fbb25d0 nRanks 02
vcjob-2107896150879928322-abc12335-42846-worker-0:127:6618 [0] NCCL INFO Channel 28/0 : 0[9000] -> 1[9000] [send] via NET/Socket/0 comm 0x55666fbb25d0 nRanks 02
vcjob-2107896150879928322-abc12335-42846-worker-0:127:6618 [0] NCCL INFO Channel 29/0 : 0[9000] -> 1[9000] [send] via NET/Socket/0 comm 0x55666fbb25d0 nRanks 02
vcjob-2107896150879928322-abc12335-42846-worker-0:127:6618 [0] NCCL INFO Channel 30/0 : 0[9000] -> 1[9000] [send] via NET/Socket/0 comm 0x55666fbb25d0 nRanks 02
vcjob-2107896150879928322-abc12335-42846-worker-0:127:6618 [0] NCCL INFO Channel 31/0 : 0[9000] -> 1[9000] [send] via NET/Socket/0 comm 0x55666fbb25d0 nRanks 02
vcjob-2107896150879928322-abc12335-42846-worker-0:127:6618 [0] NCCL INFO Connected all rings
vcjob-2107896150879928322-abc12335-42846-worker-0:127:6618 [0] NCCL INFO Connected all trees
vcjob-2107896150879928322-abc12335-42846-worker-0:127:6618 [0] NCCL INFO threadThresholds 8/8/64 | 16/8/64 | 256 | 256
vcjob-2107896150879928322-abc12335-42846-worker-0:127:6618 [0] NCCL INFO 32 coll channels, 32 collnet channels, 0 nvls channels, 32 p2p channels, 32 p2p channels per peer
vcjob-2107896150879928322-abc12335-42846-worker-0:127:6618 [0] NCCL INFO CC Off, Multi-GPU CC Off, workFifoBytes 4194304
vcjob-2107896150879928322-abc12335-42846-worker-0:127:6618 [0] NCCL INFO ncclCommInitRank comm 0x55666fbb25d0 rank 0 nranks 2 cudaDev 0 nvmlDev 0 busId 9000 commId 0xe867885bf7b0b42c localSize 480 used 1682297840 bytes on core 2 - Init COMPLETE
vcjob-2107896150879928322-abc12335-42846-worker-0:127:6618 [0] NCCL INFO Init timings: rank 0 nranks 2 total 0.29 (kernels 0.00, bootstrap 0.05, allgathers 0.00, topo 0.10, graphs 0.00, connections 0.14, rest 0.00)
I1008 02:10:04.761308   127 ProcessGroupNCCL.cpp:2890] [PG ID 0 PG GUID 0(default_pg) Rank 0] NCCL_DEBUG: INFO
vcjob-2107896150879928322-abc12335-42846-worker-0:127:6622 [0] NCCL INFO Channel 01/1 : 1[9000] -> 0[9000] [receive] via NET/Socket/0/Shared comm 0x55666fbb25d0 nRanks 02
vcjob-2107896150879928322-abc12335-42846-worker-0:127:6622 [0] NCCL INFO Channel 03/1 : 1[9000] -> 0[9000] [receive] via NET/Socket/0/Shared comm 0x55666fbb25d0 nRanks 02
vcjob-2107896150879928322-abc12335-42846-worker-0:127:6622 [0] NCCL INFO Channel 05/1 : 1[9000] -> 0[9000] [receive] via NET/Socket/0/Shared comm 0x55666fbb25d0 nRanks 02
vcjob-2107896150879928322-abc12335-42846-worker-0:127:6622 [0] NCCL INFO Channel 07/1 : 1[9000] -> 0[9000] [receive] via NET/Socket/0/Shared comm 0x55666fbb25d0 nRanks 02
vcjob-2107896150879928322-abc12335-42846-worker-0:127:6622 [0] NCCL INFO Channel 09/1 : 1[9000] -> 0[9000] [receive] via NET/Socket/0/Shared comm 0x55666fbb25d0 nRanks 02
vcjob-2107896150879928322-abc12335-42846-worker-0:127:6622 [0] NCCL INFO Channel 11/1 : 1[9000] -> 0[9000] [receive] via NET/Socket/0/Shared comm 0x55666fbb25d0 nRanks 02
vcjob-2107896150879928322-abc12335-42846-worker-0:127:6622 [0] NCCL INFO Channel 13/1 : 1[9000] -> 0[9000] [receive] via NET/Socket/0/Shared comm 0x55666fbb25d0 nRanks 02
vcjob-2107896150879928322-abc12335-42846-worker-0:127:6622 [0] NCCL INFO Channel 15/1 : 1[9000] -> 0[9000] [receive] via NET/Socket/0/Shared comm 0x55666fbb25d0 nRanks 02
vcjob-2107896150879928322-abc12335-42846-worker-0:127:6622 [0] NCCL INFO Channel 17/1 : 1[9000] -> 0[9000] [receive] via NET/Socket/0/Shared comm 0x55666fbb25d0 nRanks 02
vcjob-2107896150879928322-abc12335-42846-worker-0:127:6622 [0] NCCL INFO Channel 19/1 : 1[9000] -> 0[9000] [receive] via NET/Socket/0/Shared comm 0x55666fbb25d0 nRanks 02
vcjob-2107896150879928322-abc12335-42846-worker-0:127:6622 [0] NCCL INFO Channel 21/1 : 1[9000] -> 0[9000] [receive] via NET/Socket/0/Shared comm 0x55666fbb25d0 nRanks 02
vcjob-2107896150879928322-abc12335-42846-worker-0:127:6622 [0] NCCL INFO Channel 23/1 : 1[9000] -> 0[9000] [receive] via NET/Socket/0/Shared comm 0x55666fbb25d0 nRanks 02
vcjob-2107896150879928322-abc12335-42846-worker-0:127:6622 [0] NCCL INFO Channel 25/1 : 1[9000] -> 0[9000] [receive] via NET/Socket/0/Shared comm 0x55666fbb25d0 nRanks 02
vcjob-2107896150879928322-abc12335-42846-worker-0:127:6622 [0] NCCL INFO Channel 27/1 : 1[9000] -> 0[9000] [receive] via NET/Socket/0/Shared comm 0x55666fbb25d0 nRanks 02
vcjob-2107896150879928322-abc12335-42846-worker-0:127:6622 [0] NCCL INFO Channel 29/1 : 1[9000] -> 0[9000] [receive] via NET/Socket/0/Shared comm 0x55666fbb25d0 nRanks 02
vcjob-2107896150879928322-abc12335-42846-worker-0:127:6622 [0] NCCL INFO Channel 31/1 : 1[9000] -> 0[9000] [receive] via NET/Socket/0/Shared comm 0x55666fbb25d0 nRanks 02

vcjob-2107896150879928322-abc12335-42846-worker-0:127:127 [0] /data/jenkins_workspace/workspace/rccl_release/build/hipify/src/init.cc:170 NCCL WARN NUMA auto balancing enabled which can lead to variability in the RCCL performance! Disable by "sudo sysctl kernel.numa_balancing=0"
vcjob-2107896150879928322-abc12335-42846-worker-0:127:127 [0] NCCL INFO Kernel version: 5.15.0-25-generic

vcjob-2107896150879928322-abc12335-42846-worker-0:127:127 [0] /data/jenkins_workspace/workspace/rccl_release/build/hipify/src/init.cc:191 NCCL WARN Missing "iommu=pt" from kernel command line which can lead to system instablity or hang!
I1008 02:10:04.805408   127 ProcessGroupNCCL.cpp:2857] [PG ID 0 PG GUID 0(default_pg) Rank 0] ProcessGroupNCCL broadcast unique ID through store took 0.05872 ms
I1008 02:10:04.805435   127 NCCLUtils.cpp:75] Rank 0: creating NCCL communicator with mode: blocking

vcjob-2107896150879928322-abc12335-42846-worker-0:127:127 [0] /data/jenkins_workspace/workspace/rccl_release/build/hipify/src/init.cc:170 NCCL WARN NUMA auto balancing enabled which can lead to variability in the RCCL performance! Disable by "sudo sysctl kernel.numa_balancing=0"
vcjob-2107896150879928322-abc12335-42846-worker-0:127:127 [0] NCCL INFO Kernel version: 5.15.0-25-generic

vcjob-2107896150879928322-abc12335-42846-worker-0:127:127 [0] /data/jenkins_workspace/workspace/rccl_release/build/hipify/src/init.cc:191 NCCL WARN Missing "iommu=pt" from kernel command line which can lead to system instablity or hang!
vcjob-2107896150879928322-abc12335-42846-worker-0:127:127 [0] NCCL INFO Comm config Blocking set to 1
vcjob-2107896150879928322-abc12335-42846-worker-0:127:6624 [0] NCCL INFO Using network Socket
vcjob-2107896150879928322-abc12335-42846-worker-0:127:6624 [0] NCCL INFO rocm_smi_lib: version 7.6.0.0
vcjob-2107896150879928322-abc12335-42846-worker-0:127:6624 [0] NCCL INFO ncclCommInitRank comm 0x55666fc6ddb0 rank 0 nranks 2 cudaDev 0 nvmlDev 0 busId 9000 commId 0x9bbb9691a6913fe0 - Init START
vcjob-2107896150879928322-abc12335-42846-worker-0:127:6624 [0] NCCL INFO rank:0 get match hsa dev domain:0x0 bdf:0x900 rank busId:0x36864
vcjob-2107896150879928322-abc12335-42846-worker-0:127:6624 [0] NCCL INFO XDP Switch is off with xdp_size : 0

vcjob-2107896150879928322-abc12335-42846-worker-0:127:6624 [0] /data/jenkins_workspace/workspace/rccl_release/build/hipify/src/graph/xml.cc:1211 NCCL WARN No IB NIC found, the generation of the basic topology has been terminated.
vcjob-2107896150879928322-abc12335-42846-worker-0:127:6624 [0] NCCL INFO rocm_smi_lib: version 7.6.0.0
vcjob-2107896150879928322-abc12335-42846-worker-0:127:6624 [0] NCCL INFO Setting affinity for GPU 0 to ffff
vcjob-2107896150879928322-abc12335-42846-worker-0:127:6624 [0] NCCL INFO Rank:0 Get link topo from rocmDev:0 linkNum:8 link:0 linkState:1 remote type:1 bdf:0x9b00 topoType:2
vcjob-2107896150879928322-abc12335-42846-worker-0:127:6624 [0] NCCL INFO Transport init rank 0 useXdp 0 linkTopoType 2
vcjob-2107896150879928322-abc12335-42846-worker-0:127:6624 [0] NCCL INFO comm 0x55666fc6ddb0 rank 0 nRanks 2 nNodes 2 localRanks 1 localRank 0 MNNVL 0
vcjob-2107896150879928322-abc12335-42846-worker-0:127:6624 [0] NCCL INFO Channel 00/32 :    0   1
vcjob-2107896150879928322-abc12335-42846-worker-0:127:6624 [0] NCCL INFO Channel 01/32 :    0   1
vcjob-2107896150879928322-abc12335-42846-worker-0:127:6624 [0] NCCL INFO Channel 02/32 :    0   1
vcjob-2107896150879928322-abc12335-42846-worker-0:127:6624 [0] NCCL INFO Channel 03/32 :    0   1
vcjob-2107896150879928322-abc12335-42846-worker-0:127:6624 [0] NCCL INFO Channel 04/32 :    0   1
vcjob-2107896150879928322-abc12335-42846-worker-0:127:6624 [0] NCCL INFO Channel 05/32 :    0   1
vcjob-2107896150879928322-abc12335-42846-worker-0:127:6624 [0] NCCL INFO Channel 06/32 :    0   1
vcjob-2107896150879928322-abc12335-42846-worker-0:127:6624 [0] NCCL INFO Channel 07/32 :    0   1
vcjob-2107896150879928322-abc12335-42846-worker-0:127:6624 [0] NCCL INFO Channel 08/32 :    0   1
vcjob-2107896150879928322-abc12335-42846-worker-0:127:6624 [0] NCCL INFO Channel 09/32 :    0   1
vcjob-2107896150879928322-abc12335-42846-worker-0:127:6624 [0] NCCL INFO Channel 10/32 :    0   1
vcjob-2107896150879928322-abc12335-42846-worker-0:127:6624 [0] NCCL INFO Channel 11/32 :    0   1
vcjob-2107896150879928322-abc12335-42846-worker-0:127:6624 [0] NCCL INFO Channel 12/32 :    0   1
vcjob-2107896150879928322-abc12335-42846-worker-0:127:6624 [0] NCCL INFO Channel 13/32 :    0   1
vcjob-2107896150879928322-abc12335-42846-worker-0:127:6624 [0] NCCL INFO Channel 14/32 :    0   1
vcjob-2107896150879928322-abc12335-42846-worker-0:127:6624 [0] NCCL INFO Channel 15/32 :    0   1
vcjob-2107896150879928322-abc12335-42846-worker-0:127:6624 [0] NCCL INFO Channel 16/32 :    0   1
vcjob-2107896150879928322-abc12335-42846-worker-0:127:6624 [0] NCCL INFO Channel 17/32 :    0   1
vcjob-2107896150879928322-abc12335-42846-worker-0:127:6624 [0] NCCL INFO Channel 18/32 :    0   1
vcjob-2107896150879928322-abc12335-42846-worker-0:127:6624 [0] NCCL INFO Channel 19/32 :    0   1
vcjob-2107896150879928322-abc12335-42846-worker-0:127:6624 [0] NCCL INFO Channel 20/32 :    0   1
vcjob-2107896150879928322-abc12335-42846-worker-0:127:6624 [0] NCCL INFO Channel 21/32 :    0   1
vcjob-2107896150879928322-abc12335-42846-worker-0:127:6624 [0] NCCL INFO Channel 22/32 :    0   1
vcjob-2107896150879928322-abc12335-42846-worker-0:127:6624 [0] NCCL INFO Channel 23/32 :    0   1
vcjob-2107896150879928322-abc12335-42846-worker-0:127:6624 [0] NCCL INFO Channel 24/32 :    0   1
vcjob-2107896150879928322-abc12335-42846-worker-0:127:6624 [0] NCCL INFO Channel 25/32 :    0   1
vcjob-2107896150879928322-abc12335-42846-worker-0:127:6624 [0] NCCL INFO Channel 26/32 :    0   1
vcjob-2107896150879928322-abc12335-42846-worker-0:127:6624 [0] NCCL INFO Channel 27/32 :    0   1
vcjob-2107896150879928322-abc12335-42846-worker-0:127:6624 [0] NCCL INFO Channel 28/32 :    0   1
vcjob-2107896150879928322-abc12335-42846-worker-0:127:6624 [0] NCCL INFO Channel 29/32 :    0   1
vcjob-2107896150879928322-abc12335-42846-worker-0:127:6624 [0] NCCL INFO Channel 30/32 :    0   1
vcjob-2107896150879928322-abc12335-42846-worker-0:127:6624 [0] NCCL INFO Channel 31/32 :    0   1
vcjob-2107896150879928322-abc12335-42846-worker-0:127:6624 [0] NCCL INFO Trees [0] 1/-1/-1->0->-1 [1] -1/-1/-1->0->1 [2] 1/-1/-1->0->-1 [3] -1/-1/-1->0->1 [4] 1/-1/-1->0->-1 [5] -1/-1/-1->0->1 [6] 1/-1/-1->0->-1 [7] -1/-1/-1->0->1 [8] 1/-1/-1->0->-1 [9] -1/-1/-1->0->1 [10] 1/-1/-1->0->-1 [11] -1/-1/-1->0->1 [12] 1/-1/-1->0->-1 [13] -1/-1/-1->0->1 [14] 1/-1/-1->0->-1 [15] -1/-1/-1->0->1 [16] 1/-1/-1->0->-1 [17] -1/-1/-1->0->1 [18] 1/-1/-1->0->-1 [19] -1/-1/-1->0->1 [20] 1/-1/-1->0->-1 [21] -1/-1/-1->0->1 [22] 1/-1/-1->0->-1 [23] -1/-1/-1->0->1 [24] 1/-1/-1->0->-1 [25] -1/-1/-1->0->1 [26] 1/-1/-1->0->-1 [27] -1/-1/-1->0->1 [28] 1/-1/-1->0->-1 [29] -1/-1/-1->0->1 [30] 1/-1/-1->0->-1 [31] -1/-1/-1->0->1 comm 0x55666fc6ddb0 nRanks 02 busId 9000
vcjob-2107896150879928322-abc12335-42846-worker-0:127:6624 [0] NCCL INFO P2P Chunksize set to 131072
vcjob-2107896150879928322-abc12335-42846-worker-0:127:6624 [0] NCCL INFO comm->autoPerPeerOn: 1, comm->p2pnChannels: 32, comm->p2pnChannelsPerPeer: 32
vcjob-2107896150879928322-abc12335-42846-worker-0:127:6624 [0] NCCL INFO Channel 00/0 : 1[36000] -> 0[9000] [receive] via NET/Socket/0 comm 0x55666fc6ddb0 nRanks 02
vcjob-2107896150879928322-abc12335-42846-worker-0:127:6624 [0] NCCL INFO Channel 01/0 : 1[36000] -> 0[9000] [receive] via NET/Socket/0 comm 0x55666fc6ddb0 nRanks 02
vcjob-2107896150879928322-abc12335-42846-worker-0:127:6624 [0] NCCL INFO Channel 02/0 : 1[36000] -> 0[9000] [receive] via NET/Socket/0 comm 0x55666fc6ddb0 nRanks 02
vcjob-2107896150879928322-abc12335-42846-worker-0:127:6624 [0] NCCL INFO Channel 03/0 : 1[36000] -> 0[9000] [receive] via NET/Socket/0 comm 0x55666fc6ddb0 nRanks 02
vcjob-2107896150879928322-abc12335-42846-worker-0:127:6624 [0] NCCL INFO Channel 04/0 : 1[36000] -> 0[9000] [receive] via NET/Socket/0 comm 0x55666fc6ddb0 nRanks 02
vcjob-2107896150879928322-abc12335-42846-worker-0:127:6624 [0] NCCL INFO Channel 05/0 : 1[36000] -> 0[9000] [receive] via NET/Socket/0 comm 0x55666fc6ddb0 nRanks 02
vcjob-2107896150879928322-abc12335-42846-worker-0:127:6624 [0] NCCL INFO Channel 06/0 : 1[36000] -> 0[9000] [receive] via NET/Socket/0 comm 0x55666fc6ddb0 nRanks 02
vcjob-2107896150879928322-abc12335-42846-worker-0:127:6624 [0] NCCL INFO Channel 07/0 : 1[36000] -> 0[9000] [receive] via NET/Socket/0 comm 0x55666fc6ddb0 nRanks 02
vcjob-2107896150879928322-abc12335-42846-worker-0:127:6624 [0] NCCL INFO Channel 08/0 : 1[36000] -> 0[9000] [receive] via NET/Socket/0 comm 0x55666fc6ddb0 nRanks 02
vcjob-2107896150879928322-abc12335-42846-worker-0:127:6624 [0] NCCL INFO Channel 09/0 : 1[36000] -> 0[9000] [receive] via NET/Socket/0 comm 0x55666fc6ddb0 nRanks 02
vcjob-2107896150879928322-abc12335-42846-worker-0:127:6624 [0] NCCL INFO Channel 10/0 : 1[36000] -> 0[9000] [receive] via NET/Socket/0 comm 0x55666fc6ddb0 nRanks 02
vcjob-2107896150879928322-abc12335-42846-worker-0:127:6624 [0] NCCL INFO Channel 11/0 : 1[36000] -> 0[9000] [receive] via NET/Socket/0 comm 0x55666fc6ddb0 nRanks 02
vcjob-2107896150879928322-abc12335-42846-worker-0:127:6624 [0] NCCL INFO Channel 12/0 : 1[36000] -> 0[9000] [receive] via NET/Socket/0 comm 0x55666fc6ddb0 nRanks 02
vcjob-2107896150879928322-abc12335-42846-worker-0:127:6624 [0] NCCL INFO Channel 13/0 : 1[36000] -> 0[9000] [receive] via NET/Socket/0 comm 0x55666fc6ddb0 nRanks 02
vcjob-2107896150879928322-abc12335-42846-worker-0:127:6624 [0] NCCL INFO Channel 14/0 : 1[36000] -> 0[9000] [receive] via NET/Socket/0 comm 0x55666fc6ddb0 nRanks 02
vcjob-2107896150879928322-abc12335-42846-worker-0:127:6624 [0] NCCL INFO Channel 15/0 : 1[36000] -> 0[9000] [receive] via NET/Socket/0 comm 0x55666fc6ddb0 nRanks 02
vcjob-2107896150879928322-abc12335-42846-worker-0:127:6624 [0] NCCL INFO Channel 16/0 : 1[36000] -> 0[9000] [receive] via NET/Socket/0 comm 0x55666fc6ddb0 nRanks 02
vcjob-2107896150879928322-abc12335-42846-worker-0:127:6624 [0] NCCL INFO Channel 17/0 : 1[36000] -> 0[9000] [receive] via NET/Socket/0 comm 0x55666fc6ddb0 nRanks 02
vcjob-2107896150879928322-abc12335-42846-worker-0:127:6624 [0] NCCL INFO Channel 18/0 : 1[36000] -> 0[9000] [receive] via NET/Socket/0 comm 0x55666fc6ddb0 nRanks 02
vcjob-2107896150879928322-abc12335-42846-worker-0:127:6624 [0] NCCL INFO Channel 19/0 : 1[36000] -> 0[9000] [receive] via NET/Socket/0 comm 0x55666fc6ddb0 nRanks 02
vcjob-2107896150879928322-abc12335-42846-worker-0:127:6624 [0] NCCL INFO Channel 20/0 : 1[36000] -> 0[9000] [receive] via NET/Socket/0 comm 0x55666fc6ddb0 nRanks 02
vcjob-2107896150879928322-abc12335-42846-worker-0:127:6624 [0] NCCL INFO Channel 21/0 : 1[36000] -> 0[9000] [receive] via NET/Socket/0 comm 0x55666fc6ddb0 nRanks 02
vcjob-2107896150879928322-abc12335-42846-worker-0:127:6624 [0] NCCL INFO Channel 22/0 : 1[36000] -> 0[9000] [receive] via NET/Socket/0 comm 0x55666fc6ddb0 nRanks 02
vcjob-2107896150879928322-abc12335-42846-worker-0:127:6624 [0] NCCL INFO Channel 23/0 : 1[36000] -> 0[9000] [receive] via NET/Socket/0 comm 0x55666fc6ddb0 nRanks 02
vcjob-2107896150879928322-abc12335-42846-worker-0:127:6624 [0] NCCL INFO Channel 24/0 : 1[36000] -> 0[9000] [receive] via NET/Socket/0 comm 0x55666fc6ddb0 nRanks 02
vcjob-2107896150879928322-abc12335-42846-worker-0:127:6624 [0] NCCL INFO Channel 25/0 : 1[36000] -> 0[9000] [receive] via NET/Socket/0 comm 0x55666fc6ddb0 nRanks 02
vcjob-2107896150879928322-abc12335-42846-worker-0:127:6624 [0] NCCL INFO Channel 26/0 : 1[36000] -> 0[9000] [receive] via NET/Socket/0 comm 0x55666fc6ddb0 nRanks 02
vcjob-2107896150879928322-abc12335-42846-worker-0:127:6624 [0] NCCL INFO Channel 27/0 : 1[36000] -> 0[9000] [receive] via NET/Socket/0 comm 0x55666fc6ddb0 nRanks 02
vcjob-2107896150879928322-abc12335-42846-worker-0:127:6624 [0] NCCL INFO Channel 28/0 : 1[36000] -> 0[9000] [receive] via NET/Socket/0 comm 0x55666fc6ddb0 nRanks 02
vcjob-2107896150879928322-abc12335-42846-worker-0:127:6624 [0] NCCL INFO Channel 29/0 : 1[36000] -> 0[9000] [receive] via NET/Socket/0 comm 0x55666fc6ddb0 nRanks 02
vcjob-2107896150879928322-abc12335-42846-worker-0:127:6624 [0] NCCL INFO Channel 30/0 : 1[36000] -> 0[9000] [receive] via NET/Socket/0 comm 0x55666fc6ddb0 nRanks 02
vcjob-2107896150879928322-abc12335-42846-worker-0:127:6624 [0] NCCL INFO Channel 31/0 : 1[36000] -> 0[9000] [receive] via NET/Socket/0 comm 0x55666fc6ddb0 nRanks 02
vcjob-2107896150879928322-abc12335-42846-worker-0:127:6624 [0] NCCL INFO Channel 00/0 : 0[9000] -> 1[36000] [send] via NET/Socket/0 comm 0x55666fc6ddb0 nRanks 02
vcjob-2107896150879928322-abc12335-42846-worker-0:127:6624 [0] NCCL INFO Channel 01/0 : 0[9000] -> 1[36000] [send] via NET/Socket/0 comm 0x55666fc6ddb0 nRanks 02
vcjob-2107896150879928322-abc12335-42846-worker-0:127:6624 [0] NCCL INFO Channel 02/0 : 0[9000] -> 1[36000] [send] via NET/Socket/0 comm 0x55666fc6ddb0 nRanks 02
vcjob-2107896150879928322-abc12335-42846-worker-0:127:6624 [0] NCCL INFO Channel 03/0 : 0[9000] -> 1[36000] [send] via NET/Socket/0 comm 0x55666fc6ddb0 nRanks 02
vcjob-2107896150879928322-abc12335-42846-worker-0:127:6624 [0] NCCL INFO Channel 04/0 : 0[9000] -> 1[36000] [send] via NET/Socket/0 comm 0x55666fc6ddb0 nRanks 02
vcjob-2107896150879928322-abc12335-42846-worker-0:127:6624 [0] NCCL INFO Channel 05/0 : 0[9000] -> 1[36000] [send] via NET/Socket/0 comm 0x55666fc6ddb0 nRanks 02
vcjob-2107896150879928322-abc12335-42846-worker-0:127:6624 [0] NCCL INFO Channel 06/0 : 0[9000] -> 1[36000] [send] via NET/Socket/0 comm 0x55666fc6ddb0 nRanks 02
vcjob-2107896150879928322-abc12335-42846-worker-0:127:6624 [0] NCCL INFO Channel 07/0 : 0[9000] -> 1[36000] [send] via NET/Socket/0 comm 0x55666fc6ddb0 nRanks 02
vcjob-2107896150879928322-abc12335-42846-worker-0:127:6624 [0] NCCL INFO Channel 08/0 : 0[9000] -> 1[36000] [send] via NET/Socket/0 comm 0x55666fc6ddb0 nRanks 02
vcjob-2107896150879928322-abc12335-42846-worker-0:127:6624 [0] NCCL INFO Channel 09/0 : 0[9000] -> 1[36000] [send] via NET/Socket/0 comm 0x55666fc6ddb0 nRanks 02
vcjob-2107896150879928322-abc12335-42846-worker-0:127:6624 [0] NCCL INFO Channel 10/0 : 0[9000] -> 1[36000] [send] via NET/Socket/0 comm 0x55666fc6ddb0 nRanks 02
vcjob-2107896150879928322-abc12335-42846-worker-0:127:6624 [0] NCCL INFO Channel 11/0 : 0[9000] -> 1[36000] [send] via NET/Socket/0 comm 0x55666fc6ddb0 nRanks 02
vcjob-2107896150879928322-abc12335-42846-worker-0:127:6624 [0] NCCL INFO Channel 12/0 : 0[9000] -> 1[36000] [send] via NET/Socket/0 comm 0x55666fc6ddb0 nRanks 02
vcjob-2107896150879928322-abc12335-42846-worker-0:127:6624 [0] NCCL INFO Channel 13/0 : 0[9000] -> 1[36000] [send] via NET/Socket/0 comm 0x55666fc6ddb0 nRanks 02
vcjob-2107896150879928322-abc12335-42846-worker-0:127:6624 [0] NCCL INFO Channel 14/0 : 0[9000] -> 1[36000] [send] via NET/Socket/0 comm 0x55666fc6ddb0 nRanks 02
vcjob-2107896150879928322-abc12335-42846-worker-0:127:6624 [0] NCCL INFO Channel 15/0 : 0[9000] -> 1[36000] [send] via NET/Socket/0 comm 0x55666fc6ddb0 nRanks 02
vcjob-2107896150879928322-abc12335-42846-worker-0:127:6624 [0] NCCL INFO Channel 16/0 : 0[9000] -> 1[36000] [send] via NET/Socket/0 comm 0x55666fc6ddb0 nRanks 02
vcjob-2107896150879928322-abc12335-42846-worker-0:127:6624 [0] NCCL INFO Channel 17/0 : 0[9000] -> 1[36000] [send] via NET/Socket/0 comm 0x55666fc6ddb0 nRanks 02
vcjob-2107896150879928322-abc12335-42846-worker-0:127:6624 [0] NCCL INFO Channel 18/0 : 0[9000] -> 1[36000] [send] via NET/Socket/0 comm 0x55666fc6ddb0 nRanks 02
vcjob-2107896150879928322-abc12335-42846-worker-0:127:6624 [0] NCCL INFO Channel 19/0 : 0[9000] -> 1[36000] [send] via NET/Socket/0 comm 0x55666fc6ddb0 nRanks 02
vcjob-2107896150879928322-abc12335-42846-worker-0:127:6624 [0] NCCL INFO Channel 20/0 : 0[9000] -> 1[36000] [send] via NET/Socket/0 comm 0x55666fc6ddb0 nRanks 02
vcjob-2107896150879928322-abc12335-42846-worker-0:127:6624 [0] NCCL INFO Channel 21/0 : 0[9000] -> 1[36000] [send] via NET/Socket/0 comm 0x55666fc6ddb0 nRanks 02
vcjob-2107896150879928322-abc12335-42846-worker-0:127:6624 [0] NCCL INFO Channel 22/0 : 0[9000] -> 1[36000] [send] via NET/Socket/0 comm 0x55666fc6ddb0 nRanks 02
vcjob-2107896150879928322-abc12335-42846-worker-0:127:6624 [0] NCCL INFO Channel 23/0 : 0[9000] -> 1[36000] [send] via NET/Socket/0 comm 0x55666fc6ddb0 nRanks 02
vcjob-2107896150879928322-abc12335-42846-worker-0:127:6624 [0] NCCL INFO Channel 24/0 : 0[9000] -> 1[36000] [send] via NET/Socket/0 comm 0x55666fc6ddb0 nRanks 02
vcjob-2107896150879928322-abc12335-42846-worker-0:127:6624 [0] NCCL INFO Channel 25/0 : 0[9000] -> 1[36000] [send] via NET/Socket/0 comm 0x55666fc6ddb0 nRanks 02
vcjob-2107896150879928322-abc12335-42846-worker-0:127:6624 [0] NCCL INFO Channel 26/0 : 0[9000] -> 1[36000] [send] via NET/Socket/0 comm 0x55666fc6ddb0 nRanks 02
vcjob-2107896150879928322-abc12335-42846-worker-0:127:6624 [0] NCCL INFO Channel 27/0 : 0[9000] -> 1[36000] [send] via NET/Socket/0 comm 0x55666fc6ddb0 nRanks 02
vcjob-2107896150879928322-abc12335-42846-worker-0:127:6624 [0] NCCL INFO Channel 28/0 : 0[9000] -> 1[36000] [send] via NET/Socket/0 comm 0x55666fc6ddb0 nRanks 02
vcjob-2107896150879928322-abc12335-42846-worker-0:127:6624 [0] NCCL INFO Channel 29/0 : 0[9000] -> 1[36000] [send] via NET/Socket/0 comm 0x55666fc6ddb0 nRanks 02
vcjob-2107896150879928322-abc12335-42846-worker-0:127:6624 [0] NCCL INFO Channel 30/0 : 0[9000] -> 1[36000] [send] via NET/Socket/0 comm 0x55666fc6ddb0 nRanks 02
vcjob-2107896150879928322-abc12335-42846-worker-0:127:6624 [0] NCCL INFO Channel 31/0 : 0[9000] -> 1[36000] [send] via NET/Socket/0 comm 0x55666fc6ddb0 nRanks 02
vcjob-2107896150879928322-abc12335-42846-worker-0:127:6624 [0] NCCL INFO Connected all rings
vcjob-2107896150879928322-abc12335-42846-worker-0:127:6624 [0] NCCL INFO Connected all trees
vcjob-2107896150879928322-abc12335-42846-worker-0:127:6624 [0] NCCL INFO threadThresholds 8/8/64 | 16/8/64 | 256 | 256
vcjob-2107896150879928322-abc12335-42846-worker-0:127:6624 [0] NCCL INFO 32 coll channels, 32 collnet channels, 0 nvls channels, 32 p2p channels, 32 p2p channels per peer
vcjob-2107896150879928322-abc12335-42846-worker-0:127:6624 [0] NCCL INFO CC Off, Multi-GPU CC Off, workFifoBytes 4194304
vcjob-2107896150879928322-abc12335-42846-worker-0:127:6624 [0] NCCL INFO ncclCommInitRank comm 0x55666fc6ddb0 rank 0 nranks 2 cudaDev 0 nvmlDev 0 busId 9000 commId 0x9bbb9691a6913fe0 localSize 480 used 1716491616 bytes on core 3 - Init COMPLETE
vcjob-2107896150879928322-abc12335-42846-worker-0:127:6624 [0] NCCL INFO Init timings: rank 0 nranks 2 total 0.26 (kernels 0.00, bootstrap 0.00, allgathers 0.01, topo 0.10, graphs 0.00, connections 0.15, rest 0.00)
I1008 02:10:05.112555   127 ProcessGroupNCCL.cpp:2890] [PG ID 0 PG GUID 0(default_pg) Rank 0] NCCL_DEBUG: INFO
vcjob-2107896150879928322-abc12335-42846-worker-0:127:6628 [0] NCCL INFO Channel 01/1 : 1[36000] -> 0[9000] [receive] via NET/Socket/0/Shared comm 0x55666fc6ddb0 nRanks 02
vcjob-2107896150879928322-abc12335-42846-worker-0:127:6628 [0] NCCL INFO Channel 03/1 : 1[36000] -> 0[9000] [receive] via NET/Socket/0/Shared comm 0x55666fc6ddb0 nRanks 02
vcjob-2107896150879928322-abc12335-42846-worker-0:127:6628 [0] NCCL INFO Channel 05/1 : 1[36000] -> 0[9000] [receive] via NET/Socket/0/Shared comm 0x55666fc6ddb0 nRanks 02
vcjob-2107896150879928322-abc12335-42846-worker-0:127:6628 [0] NCCL INFO Channel 07/1 : 1[36000] -> 0[9000] [receive] via NET/Socket/0/Shared comm 0x55666fc6ddb0 nRanks 02
vcjob-2107896150879928322-abc12335-42846-worker-0:127:6628 [0] NCCL INFO Channel 09/1 : 1[36000] -> 0[9000] [receive] via NET/Socket/0/Shared comm 0x55666fc6ddb0 nRanks 02
vcjob-2107896150879928322-abc12335-42846-worker-0:127:6628 [0] NCCL INFO Channel 11/1 : 1[36000] -> 0[9000] [receive] via NET/Socket/0/Shared comm 0x55666fc6ddb0 nRanks 02
vcjob-2107896150879928322-abc12335-42846-worker-0:127:6628 [0] NCCL INFO Channel 13/1 : 1[36000] -> 0[9000] [receive] via NET/Socket/0/Shared comm 0x55666fc6ddb0 nRanks 02
vcjob-2107896150879928322-abc12335-42846-worker-0:127:6628 [0] NCCL INFO Channel 15/1 : 1[36000] -> 0[9000] [receive] via NET/Socket/0/Shared comm 0x55666fc6ddb0 nRanks 02
vcjob-2107896150879928322-abc12335-42846-worker-0:127:6628 [0] NCCL INFO Channel 17/1 : 1[36000] -> 0[9000] [receive] via NET/Socket/0/Shared comm 0x55666fc6ddb0 nRanks 02
vcjob-2107896150879928322-abc12335-42846-worker-0:127:6628 [0] NCCL INFO Channel 19/1 : 1[36000] -> 0[9000] [receive] via NET/Socket/0/Shared comm 0x55666fc6ddb0 nRanks 02
vcjob-2107896150879928322-abc12335-42846-worker-0:127:6628 [0] NCCL INFO Channel 21/1 : 1[36000] -> 0[9000] [receive] via NET/Socket/0/Shared comm 0x55666fc6ddb0 nRanks 02
vcjob-2107896150879928322-abc12335-42846-worker-0:127:6628 [0] NCCL INFO Channel 23/1 : 1[36000] -> 0[9000] [receive] via NET/Socket/0/Shared comm 0x55666fc6ddb0 nRanks 02
vcjob-2107896150879928322-abc12335-42846-worker-0:127:6628 [0] NCCL INFO Channel 25/1 : 1[36000] -> 0[9000] [receive] via NET/Socket/0/Shared comm 0x55666fc6ddb0 nRanks 02
vcjob-2107896150879928322-abc12335-42846-worker-0:127:6628 [0] NCCL INFO Channel 27/1 : 1[36000] -> 0[9000] [receive] via NET/Socket/0/Shared comm 0x55666fc6ddb0 nRanks 02
vcjob-2107896150879928322-abc12335-42846-worker-0:127:6628 [0] NCCL INFO Channel 29/1 : 1[36000] -> 0[9000] [receive] via NET/Socket/0/Shared comm 0x55666fc6ddb0 nRanks 02
vcjob-2107896150879928322-abc12335-42846-worker-0:127:6628 [0] NCCL INFO Channel 31/1 : 1[36000] -> 0[9000] [receive] via NET/Socket/0/Shared comm 0x55666fc6ddb0 nRanks 02

vcjob-2107896150879928322-abc12335-42846-worker-0:127:127 [0] /data/jenkins_workspace/workspace/rccl_release/build/hipify/src/init.cc:170 NCCL WARN NUMA auto balancing enabled which can lead to variability in the RCCL performance! Disable by "sudo sysctl kernel.numa_balancing=0"
vcjob-2107896150879928322-abc12335-42846-worker-0:127:127 [0] NCCL INFO Kernel version: 5.15.0-25-generic

vcjob-2107896150879928322-abc12335-42846-worker-0:127:127 [0] /data/jenkins_workspace/workspace/rccl_release/build/hipify/src/init.cc:191 NCCL WARN Missing "iommu=pt" from kernel command line which can lead to system instablity or hang!
I1008 02:10:05.144452   127 ProcessGroupNCCL.cpp:2857] [PG ID 0 PG GUID 0(default_pg) Rank 0] ProcessGroupNCCL broadcast unique ID through store took 0.027271 ms
I1008 02:10:05.144471   127 NCCLUtils.cpp:75] Rank 0: creating NCCL communicator with mode: blocking

vcjob-2107896150879928322-abc12335-42846-worker-0:127:127 [0] /data/jenkins_workspace/workspace/rccl_release/build/hipify/src/init.cc:170 NCCL WARN NUMA auto balancing enabled which can lead to variability in the RCCL performance! Disable by "sudo sysctl kernel.numa_balancing=0"
vcjob-2107896150879928322-abc12335-42846-worker-0:127:127 [0] NCCL INFO Kernel version: 5.15.0-25-generic

vcjob-2107896150879928322-abc12335-42846-worker-0:127:127 [0] /data/jenkins_workspace/workspace/rccl_release/build/hipify/src/init.cc:191 NCCL WARN Missing "iommu=pt" from kernel command line which can lead to system instablity or hang!
vcjob-2107896150879928322-abc12335-42846-worker-0:127:127 [0] NCCL INFO Comm config Blocking set to 1
vcjob-2107896150879928322-abc12335-42846-worker-0:127:6630 [0] NCCL INFO Using network Socket
vcjob-2107896150879928322-abc12335-42846-worker-0:127:6630 [0] NCCL INFO rocm_smi_lib: version 7.6.0.0
vcjob-2107896150879928322-abc12335-42846-worker-0:127:6630 [0] NCCL INFO ncclCommInitRank comm 0x55666fd29590 rank 0 nranks 2 cudaDev 0 nvmlDev 0 busId 9000 commId 0xe882873ae03d9933 - Init START
vcjob-2107896150879928322-abc12335-42846-worker-0:127:6630 [0] NCCL INFO rank:0 get match hsa dev domain:0x0 bdf:0x900 rank busId:0x36864
vcjob-2107896150879928322-abc12335-42846-worker-0:127:6630 [0] NCCL INFO XDP Switch is off with xdp_size : 0

vcjob-2107896150879928322-abc12335-42846-worker-0:127:6630 [0] /data/jenkins_workspace/workspace/rccl_release/build/hipify/src/graph/xml.cc:1211 NCCL WARN No IB NIC found, the generation of the basic topology has been terminated.
vcjob-2107896150879928322-abc12335-42846-worker-0:127:6630 [0] NCCL INFO rocm_smi_lib: version 7.6.0.0
vcjob-2107896150879928322-abc12335-42846-worker-0:127:6630 [0] NCCL INFO Setting affinity for GPU 0 to ffff
vcjob-2107896150879928322-abc12335-42846-worker-0:127:6630 [0] NCCL INFO Rank:0 Get link topo from rocmDev:0 linkNum:8 link:0 linkState:1 remote type:1 bdf:0x9b00 topoType:2
vcjob-2107896150879928322-abc12335-42846-worker-0:127:6630 [0] NCCL INFO Transport init rank 0 useXdp 0 linkTopoType 2
vcjob-2107896150879928322-abc12335-42846-worker-0:127:6630 [0] NCCL INFO comm 0x55666fd29590 rank 0 nRanks 2 nNodes 2 localRanks 1 localRank 0 MNNVL 0
vcjob-2107896150879928322-abc12335-42846-worker-0:127:6630 [0] NCCL INFO Channel 00/32 :    0   1
vcjob-2107896150879928322-abc12335-42846-worker-0:127:6630 [0] NCCL INFO Channel 01/32 :    0   1
vcjob-2107896150879928322-abc12335-42846-worker-0:127:6630 [0] NCCL INFO Channel 02/32 :    0   1
vcjob-2107896150879928322-abc12335-42846-worker-0:127:6630 [0] NCCL INFO Channel 03/32 :    0   1
vcjob-2107896150879928322-abc12335-42846-worker-0:127:6630 [0] NCCL INFO Channel 04/32 :    0   1
vcjob-2107896150879928322-abc12335-42846-worker-0:127:6630 [0] NCCL INFO Channel 05/32 :    0   1
vcjob-2107896150879928322-abc12335-42846-worker-0:127:6630 [0] NCCL INFO Channel 06/32 :    0   1
vcjob-2107896150879928322-abc12335-42846-worker-0:127:6630 [0] NCCL INFO Channel 07/32 :    0   1
vcjob-2107896150879928322-abc12335-42846-worker-0:127:6630 [0] NCCL INFO Channel 08/32 :    0   1
vcjob-2107896150879928322-abc12335-42846-worker-0:127:6630 [0] NCCL INFO Channel 09/32 :    0   1
vcjob-2107896150879928322-abc12335-42846-worker-0:127:6630 [0] NCCL INFO Channel 10/32 :    0   1
vcjob-2107896150879928322-abc12335-42846-worker-0:127:6630 [0] NCCL INFO Channel 11/32 :    0   1
vcjob-2107896150879928322-abc12335-42846-worker-0:127:6630 [0] NCCL INFO Channel 12/32 :    0   1
vcjob-2107896150879928322-abc12335-42846-worker-0:127:6630 [0] NCCL INFO Channel 13/32 :    0   1
vcjob-2107896150879928322-abc12335-42846-worker-0:127:6630 [0] NCCL INFO Channel 14/32 :    0   1
vcjob-2107896150879928322-abc12335-42846-worker-0:127:6630 [0] NCCL INFO Channel 15/32 :    0   1
vcjob-2107896150879928322-abc12335-42846-worker-0:127:6630 [0] NCCL INFO Channel 16/32 :    0   1
vcjob-2107896150879928322-abc12335-42846-worker-0:127:6630 [0] NCCL INFO Channel 17/32 :    0   1
vcjob-2107896150879928322-abc12335-42846-worker-0:127:6630 [0] NCCL INFO Channel 18/32 :    0   1
vcjob-2107896150879928322-abc12335-42846-worker-0:127:6630 [0] NCCL INFO Channel 19/32 :    0   1
vcjob-2107896150879928322-abc12335-42846-worker-0:127:6630 [0] NCCL INFO Channel 20/32 :    0   1
vcjob-2107896150879928322-abc12335-42846-worker-0:127:6630 [0] NCCL INFO Channel 21/32 :    0   1
vcjob-2107896150879928322-abc12335-42846-worker-0:127:6630 [0] NCCL INFO Channel 22/32 :    0   1
vcjob-2107896150879928322-abc12335-42846-worker-0:127:6630 [0] NCCL INFO Channel 23/32 :    0   1
vcjob-2107896150879928322-abc12335-42846-worker-0:127:6630 [0] NCCL INFO Channel 24/32 :    0   1
vcjob-2107896150879928322-abc12335-42846-worker-0:127:6630 [0] NCCL INFO Channel 25/32 :    0   1
vcjob-2107896150879928322-abc12335-42846-worker-0:127:6630 [0] NCCL INFO Channel 26/32 :    0   1
vcjob-2107896150879928322-abc12335-42846-worker-0:127:6630 [0] NCCL INFO Channel 27/32 :    0   1
vcjob-2107896150879928322-abc12335-42846-worker-0:127:6630 [0] NCCL INFO Channel 28/32 :    0   1
vcjob-2107896150879928322-abc12335-42846-worker-0:127:6630 [0] NCCL INFO Channel 29/32 :    0   1
vcjob-2107896150879928322-abc12335-42846-worker-0:127:6630 [0] NCCL INFO Channel 30/32 :    0   1
vcjob-2107896150879928322-abc12335-42846-worker-0:127:6630 [0] NCCL INFO Channel 31/32 :    0   1
vcjob-2107896150879928322-abc12335-42846-worker-0:127:6630 [0] NCCL INFO Trees [0] 1/-1/-1->0->-1 [1] -1/-1/-1->0->1 [2] 1/-1/-1->0->-1 [3] -1/-1/-1->0->1 [4] 1/-1/-1->0->-1 [5] -1/-1/-1->0->1 [6] 1/-1/-1->0->-1 [7] -1/-1/-1->0->1 [8] 1/-1/-1->0->-1 [9] -1/-1/-1->0->1 [10] 1/-1/-1->0->-1 [11] -1/-1/-1->0->1 [12] 1/-1/-1->0->-1 [13] -1/-1/-1->0->1 [14] 1/-1/-1->0->-1 [15] -1/-1/-1->0->1 [16] 1/-1/-1->0->-1 [17] -1/-1/-1->0->1 [18] 1/-1/-1->0->-1 [19] -1/-1/-1->0->1 [20] 1/-1/-1->0->-1 [21] -1/-1/-1->0->1 [22] 1/-1/-1->0->-1 [23] -1/-1/-1->0->1 [24] 1/-1/-1->0->-1 [25] -1/-1/-1->0->1 [26] 1/-1/-1->0->-1 [27] -1/-1/-1->0->1 [28] 1/-1/-1->0->-1 [29] -1/-1/-1->0->1 [30] 1/-1/-1->0->-1 [31] -1/-1/-1->0->1 comm 0x55666fd29590 nRanks 02 busId 9000
vcjob-2107896150879928322-abc12335-42846-worker-0:127:6630 [0] NCCL INFO P2P Chunksize set to 131072
vcjob-2107896150879928322-abc12335-42846-worker-0:127:6630 [0] NCCL INFO comm->autoPerPeerOn: 1, comm->p2pnChannels: 32, comm->p2pnChannelsPerPeer: 32
vcjob-2107896150879928322-abc12335-42846-worker-0:127:6630 [0] NCCL INFO Channel 00/0 : 1[55000] -> 0[9000] [receive] via NET/Socket/0 comm 0x55666fd29590 nRanks 02
vcjob-2107896150879928322-abc12335-42846-worker-0:127:6630 [0] NCCL INFO Channel 01/0 : 1[55000] -> 0[9000] [receive] via NET/Socket/0 comm 0x55666fd29590 nRanks 02
vcjob-2107896150879928322-abc12335-42846-worker-0:127:6630 [0] NCCL INFO Channel 02/0 : 1[55000] -> 0[9000] [receive] via NET/Socket/0 comm 0x55666fd29590 nRanks 02
vcjob-2107896150879928322-abc12335-42846-worker-0:127:6630 [0] NCCL INFO Channel 03/0 : 1[55000] -> 0[9000] [receive] via NET/Socket/0 comm 0x55666fd29590 nRanks 02
vcjob-2107896150879928322-abc12335-42846-worker-0:127:6630 [0] NCCL INFO Channel 04/0 : 1[55000] -> 0[9000] [receive] via NET/Socket/0 comm 0x55666fd29590 nRanks 02
vcjob-2107896150879928322-abc12335-42846-worker-0:127:6630 [0] NCCL INFO Channel 05/0 : 1[55000] -> 0[9000] [receive] via NET/Socket/0 comm 0x55666fd29590 nRanks 02
vcjob-2107896150879928322-abc12335-42846-worker-0:127:6630 [0] NCCL INFO Channel 06/0 : 1[55000] -> 0[9000] [receive] via NET/Socket/0 comm 0x55666fd29590 nRanks 02
vcjob-2107896150879928322-abc12335-42846-worker-0:127:6630 [0] NCCL INFO Channel 07/0 : 1[55000] -> 0[9000] [receive] via NET/Socket/0 comm 0x55666fd29590 nRanks 02
vcjob-2107896150879928322-abc12335-42846-worker-0:127:6630 [0] NCCL INFO Channel 08/0 : 1[55000] -> 0[9000] [receive] via NET/Socket/0 comm 0x55666fd29590 nRanks 02
vcjob-2107896150879928322-abc12335-42846-worker-0:127:6630 [0] NCCL INFO Channel 09/0 : 1[55000] -> 0[9000] [receive] via NET/Socket/0 comm 0x55666fd29590 nRanks 02
vcjob-2107896150879928322-abc12335-42846-worker-0:127:6630 [0] NCCL INFO Channel 10/0 : 1[55000] -> 0[9000] [receive] via NET/Socket/0 comm 0x55666fd29590 nRanks 02
vcjob-2107896150879928322-abc12335-42846-worker-0:127:6630 [0] NCCL INFO Channel 11/0 : 1[55000] -> 0[9000] [receive] via NET/Socket/0 comm 0x55666fd29590 nRanks 02
vcjob-2107896150879928322-abc12335-42846-worker-0:127:6630 [0] NCCL INFO Channel 12/0 : 1[55000] -> 0[9000] [receive] via NET/Socket/0 comm 0x55666fd29590 nRanks 02
vcjob-2107896150879928322-abc12335-42846-worker-0:127:6630 [0] NCCL INFO Channel 13/0 : 1[55000] -> 0[9000] [receive] via NET/Socket/0 comm 0x55666fd29590 nRanks 02
vcjob-2107896150879928322-abc12335-42846-worker-0:127:6630 [0] NCCL INFO Channel 14/0 : 1[55000] -> 0[9000] [receive] via NET/Socket/0 comm 0x55666fd29590 nRanks 02
vcjob-2107896150879928322-abc12335-42846-worker-0:127:6630 [0] NCCL INFO Channel 15/0 : 1[55000] -> 0[9000] [receive] via NET/Socket/0 comm 0x55666fd29590 nRanks 02
vcjob-2107896150879928322-abc12335-42846-worker-0:127:6630 [0] NCCL INFO Channel 16/0 : 1[55000] -> 0[9000] [receive] via NET/Socket/0 comm 0x55666fd29590 nRanks 02
vcjob-2107896150879928322-abc12335-42846-worker-0:127:6630 [0] NCCL INFO Channel 17/0 : 1[55000] -> 0[9000] [receive] via NET/Socket/0 comm 0x55666fd29590 nRanks 02
vcjob-2107896150879928322-abc12335-42846-worker-0:127:6630 [0] NCCL INFO Channel 18/0 : 1[55000] -> 0[9000] [receive] via NET/Socket/0 comm 0x55666fd29590 nRanks 02
vcjob-2107896150879928322-abc12335-42846-worker-0:127:6630 [0] NCCL INFO Channel 19/0 : 1[55000] -> 0[9000] [receive] via NET/Socket/0 comm 0x55666fd29590 nRanks 02
vcjob-2107896150879928322-abc12335-42846-worker-0:127:6630 [0] NCCL INFO Channel 20/0 : 1[55000] -> 0[9000] [receive] via NET/Socket/0 comm 0x55666fd29590 nRanks 02
vcjob-2107896150879928322-abc12335-42846-worker-0:127:6630 [0] NCCL INFO Channel 21/0 : 1[55000] -> 0[9000] [receive] via NET/Socket/0 comm 0x55666fd29590 nRanks 02
vcjob-2107896150879928322-abc12335-42846-worker-0:127:6630 [0] NCCL INFO Channel 22/0 : 1[55000] -> 0[9000] [receive] via NET/Socket/0 comm 0x55666fd29590 nRanks 02
vcjob-2107896150879928322-abc12335-42846-worker-0:127:6630 [0] NCCL INFO Channel 23/0 : 1[55000] -> 0[9000] [receive] via NET/Socket/0 comm 0x55666fd29590 nRanks 02
vcjob-2107896150879928322-abc12335-42846-worker-0:127:6630 [0] NCCL INFO Channel 24/0 : 1[55000] -> 0[9000] [receive] via NET/Socket/0 comm 0x55666fd29590 nRanks 02
vcjob-2107896150879928322-abc12335-42846-worker-0:127:6630 [0] NCCL INFO Channel 25/0 : 1[55000] -> 0[9000] [receive] via NET/Socket/0 comm 0x55666fd29590 nRanks 02
vcjob-2107896150879928322-abc12335-42846-worker-0:127:6630 [0] NCCL INFO Channel 26/0 : 1[55000] -> 0[9000] [receive] via NET/Socket/0 comm 0x55666fd29590 nRanks 02
vcjob-2107896150879928322-abc12335-42846-worker-0:127:6630 [0] NCCL INFO Channel 27/0 : 1[55000] -> 0[9000] [receive] via NET/Socket/0 comm 0x55666fd29590 nRanks 02
vcjob-2107896150879928322-abc12335-42846-worker-0:127:6630 [0] NCCL INFO Channel 28/0 : 1[55000] -> 0[9000] [receive] via NET/Socket/0 comm 0x55666fd29590 nRanks 02
vcjob-2107896150879928322-abc12335-42846-worker-0:127:6630 [0] NCCL INFO Channel 29/0 : 1[55000] -> 0[9000] [receive] via NET/Socket/0 comm 0x55666fd29590 nRanks 02
vcjob-2107896150879928322-abc12335-42846-worker-0:127:6630 [0] NCCL INFO Channel 30/0 : 1[55000] -> 0[9000] [receive] via NET/Socket/0 comm 0x55666fd29590 nRanks 02
vcjob-2107896150879928322-abc12335-42846-worker-0:127:6630 [0] NCCL INFO Channel 31/0 : 1[55000] -> 0[9000] [receive] via NET/Socket/0 comm 0x55666fd29590 nRanks 02
vcjob-2107896150879928322-abc12335-42846-worker-0:127:6630 [0] NCCL INFO Channel 00/0 : 0[9000] -> 1[55000] [send] via NET/Socket/0 comm 0x55666fd29590 nRanks 02
vcjob-2107896150879928322-abc12335-42846-worker-0:127:6630 [0] NCCL INFO Channel 01/0 : 0[9000] -> 1[55000] [send] via NET/Socket/0 comm 0x55666fd29590 nRanks 02
vcjob-2107896150879928322-abc12335-42846-worker-0:127:6630 [0] NCCL INFO Channel 02/0 : 0[9000] -> 1[55000] [send] via NET/Socket/0 comm 0x55666fd29590 nRanks 02
vcjob-2107896150879928322-abc12335-42846-worker-0:127:6630 [0] NCCL INFO Channel 03/0 : 0[9000] -> 1[55000] [send] via NET/Socket/0 comm 0x55666fd29590 nRanks 02
vcjob-2107896150879928322-abc12335-42846-worker-0:127:6630 [0] NCCL INFO Channel 04/0 : 0[9000] -> 1[55000] [send] via NET/Socket/0 comm 0x55666fd29590 nRanks 02
vcjob-2107896150879928322-abc12335-42846-worker-0:127:6630 [0] NCCL INFO Channel 05/0 : 0[9000] -> 1[55000] [send] via NET/Socket/0 comm 0x55666fd29590 nRanks 02
vcjob-2107896150879928322-abc12335-42846-worker-0:127:6630 [0] NCCL INFO Channel 06/0 : 0[9000] -> 1[55000] [send] via NET/Socket/0 comm 0x55666fd29590 nRanks 02
vcjob-2107896150879928322-abc12335-42846-worker-0:127:6630 [0] NCCL INFO Channel 07/0 : 0[9000] -> 1[55000] [send] via NET/Socket/0 comm 0x55666fd29590 nRanks 02
vcjob-2107896150879928322-abc12335-42846-worker-0:127:6630 [0] NCCL INFO Channel 08/0 : 0[9000] -> 1[55000] [send] via NET/Socket/0 comm 0x55666fd29590 nRanks 02
vcjob-2107896150879928322-abc12335-42846-worker-0:127:6630 [0] NCCL INFO Channel 09/0 : 0[9000] -> 1[55000] [send] via NET/Socket/0 comm 0x55666fd29590 nRanks 02
vcjob-2107896150879928322-abc12335-42846-worker-0:127:6630 [0] NCCL INFO Channel 10/0 : 0[9000] -> 1[55000] [send] via NET/Socket/0 comm 0x55666fd29590 nRanks 02
vcjob-2107896150879928322-abc12335-42846-worker-0:127:6630 [0] NCCL INFO Channel 11/0 : 0[9000] -> 1[55000] [send] via NET/Socket/0 comm 0x55666fd29590 nRanks 02
vcjob-2107896150879928322-abc12335-42846-worker-0:127:6630 [0] NCCL INFO Channel 12/0 : 0[9000] -> 1[55000] [send] via NET/Socket/0 comm 0x55666fd29590 nRanks 02
vcjob-2107896150879928322-abc12335-42846-worker-0:127:6630 [0] NCCL INFO Channel 13/0 : 0[9000] -> 1[55000] [send] via NET/Socket/0 comm 0x55666fd29590 nRanks 02
vcjob-2107896150879928322-abc12335-42846-worker-0:127:6630 [0] NCCL INFO Channel 14/0 : 0[9000] -> 1[55000] [send] via NET/Socket/0 comm 0x55666fd29590 nRanks 02
vcjob-2107896150879928322-abc12335-42846-worker-0:127:6630 [0] NCCL INFO Channel 15/0 : 0[9000] -> 1[55000] [send] via NET/Socket/0 comm 0x55666fd29590 nRanks 02
vcjob-2107896150879928322-abc12335-42846-worker-0:127:6630 [0] NCCL INFO Channel 16/0 : 0[9000] -> 1[55000] [send] via NET/Socket/0 comm 0x55666fd29590 nRanks 02
vcjob-2107896150879928322-abc12335-42846-worker-0:127:6630 [0] NCCL INFO Channel 17/0 : 0[9000] -> 1[55000] [send] via NET/Socket/0 comm 0x55666fd29590 nRanks 02
vcjob-2107896150879928322-abc12335-42846-worker-0:127:6630 [0] NCCL INFO Channel 18/0 : 0[9000] -> 1[55000] [send] via NET/Socket/0 comm 0x55666fd29590 nRanks 02
vcjob-2107896150879928322-abc12335-42846-worker-0:127:6630 [0] NCCL INFO Channel 19/0 : 0[9000] -> 1[55000] [send] via NET/Socket/0 comm 0x55666fd29590 nRanks 02
vcjob-2107896150879928322-abc12335-42846-worker-0:127:6630 [0] NCCL INFO Channel 20/0 : 0[9000] -> 1[55000] [send] via NET/Socket/0 comm 0x55666fd29590 nRanks 02
vcjob-2107896150879928322-abc12335-42846-worker-0:127:6630 [0] NCCL INFO Channel 21/0 : 0[9000] -> 1[55000] [send] via NET/Socket/0 comm 0x55666fd29590 nRanks 02
vcjob-2107896150879928322-abc12335-42846-worker-0:127:6630 [0] NCCL INFO Channel 22/0 : 0[9000] -> 1[55000] [send] via NET/Socket/0 comm 0x55666fd29590 nRanks 02
vcjob-2107896150879928322-abc12335-42846-worker-0:127:6630 [0] NCCL INFO Channel 23/0 : 0[9000] -> 1[55000] [send] via NET/Socket/0 comm 0x55666fd29590 nRanks 02
vcjob-2107896150879928322-abc12335-42846-worker-0:127:6630 [0] NCCL INFO Channel 24/0 : 0[9000] -> 1[55000] [send] via NET/Socket/0 comm 0x55666fd29590 nRanks 02
vcjob-2107896150879928322-abc12335-42846-worker-0:127:6630 [0] NCCL INFO Channel 25/0 : 0[9000] -> 1[55000] [send] via NET/Socket/0 comm 0x55666fd29590 nRanks 02
vcjob-2107896150879928322-abc12335-42846-worker-0:127:6630 [0] NCCL INFO Channel 26/0 : 0[9000] -> 1[55000] [send] via NET/Socket/0 comm 0x55666fd29590 nRanks 02
vcjob-2107896150879928322-abc12335-42846-worker-0:127:6630 [0] NCCL INFO Channel 27/0 : 0[9000] -> 1[55000] [send] via NET/Socket/0 comm 0x55666fd29590 nRanks 02
vcjob-2107896150879928322-abc12335-42846-worker-0:127:6630 [0] NCCL INFO Channel 28/0 : 0[9000] -> 1[55000] [send] via NET/Socket/0 comm 0x55666fd29590 nRanks 02
vcjob-2107896150879928322-abc12335-42846-worker-0:127:6630 [0] NCCL INFO Channel 29/0 : 0[9000] -> 1[55000] [send] via NET/Socket/0 comm 0x55666fd29590 nRanks 02
vcjob-2107896150879928322-abc12335-42846-worker-0:127:6630 [0] NCCL INFO Channel 30/0 : 0[9000] -> 1[55000] [send] via NET/Socket/0 comm 0x55666fd29590 nRanks 02
vcjob-2107896150879928322-abc12335-42846-worker-0:127:6630 [0] NCCL INFO Channel 31/0 : 0[9000] -> 1[55000] [send] via NET/Socket/0 comm 0x55666fd29590 nRanks 02
vcjob-2107896150879928322-abc12335-42846-worker-0:127:6630 [0] NCCL INFO Connected all rings
vcjob-2107896150879928322-abc12335-42846-worker-0:127:6630 [0] NCCL INFO Connected all trees
vcjob-2107896150879928322-abc12335-42846-worker-0:127:6630 [0] NCCL INFO threadThresholds 8/8/64 | 16/8/64 | 256 | 256
vcjob-2107896150879928322-abc12335-42846-worker-0:127:6630 [0] NCCL INFO 32 coll channels, 32 collnet channels, 0 nvls channels, 32 p2p channels, 32 p2p channels per peer
vcjob-2107896150879928322-abc12335-42846-worker-0:127:6630 [0] NCCL INFO CC Off, Multi-GPU CC Off, workFifoBytes 4194304
vcjob-2107896150879928322-abc12335-42846-worker-0:127:6630 [0] NCCL INFO ncclCommInitRank comm 0x55666fd29590 rank 0 nranks 2 cudaDev 0 nvmlDev 0 busId 9000 commId 0xe882873ae03d9933 localSize 480 used 1750685392 bytes on core 4 - Init COMPLETE
vcjob-2107896150879928322-abc12335-42846-worker-0:127:6630 [0] NCCL INFO Init timings: rank 0 nranks 2 total 0.28 (kernels 0.00, bootstrap 0.00, allgathers 0.00, topo 0.10, graphs 0.00, connections 0.17, rest 0.00)
I1008 02:10:05.472605   127 ProcessGroupNCCL.cpp:2890] [PG ID 0 PG GUID 0(default_pg) Rank 0] NCCL_DEBUG: INFO
vcjob-2107896150879928322-abc12335-42846-worker-0:127:6634 [0] NCCL INFO Channel 01/1 : 1[55000] -> 0[9000] [receive] via NET/Socket/0/Shared comm 0x55666fd29590 nRanks 02
vcjob-2107896150879928322-abc12335-42846-worker-0:127:6634 [0] NCCL INFO Channel 03/1 : 1[55000] -> 0[9000] [receive] via NET/Socket/0/Shared comm 0x55666fd29590 nRanks 02
vcjob-2107896150879928322-abc12335-42846-worker-0:127:6634 [0] NCCL INFO Channel 05/1 : 1[55000] -> 0[9000] [receive] via NET/Socket/0/Shared comm 0x55666fd29590 nRanks 02
vcjob-2107896150879928322-abc12335-42846-worker-0:127:6634 [0] NCCL INFO Channel 07/1 : 1[55000] -> 0[9000] [receive] via NET/Socket/0/Shared comm 0x55666fd29590 nRanks 02
vcjob-2107896150879928322-abc12335-42846-worker-0:127:6634 [0] NCCL INFO Channel 09/1 : 1[55000] -> 0[9000] [receive] via NET/Socket/0/Shared comm 0x55666fd29590 nRanks 02
vcjob-2107896150879928322-abc12335-42846-worker-0:127:6634 [0] NCCL INFO Channel 11/1 : 1[55000] -> 0[9000] [receive] via NET/Socket/0/Shared comm 0x55666fd29590 nRanks 02
vcjob-2107896150879928322-abc12335-42846-worker-0:127:6634 [0] NCCL INFO Channel 13/1 : 1[55000] -> 0[9000] [receive] via NET/Socket/0/Shared comm 0x55666fd29590 nRanks 02
vcjob-2107896150879928322-abc12335-42846-worker-0:127:6634 [0] NCCL INFO Channel 15/1 : 1[55000] -> 0[9000] [receive] via NET/Socket/0/Shared comm 0x55666fd29590 nRanks 02
vcjob-2107896150879928322-abc12335-42846-worker-0:127:6634 [0] NCCL INFO Channel 17/1 : 1[55000] -> 0[9000] [receive] via NET/Socket/0/Shared comm 0x55666fd29590 nRanks 02
vcjob-2107896150879928322-abc12335-42846-worker-0:127:6634 [0] NCCL INFO Channel 19/1 : 1[55000] -> 0[9000] [receive] via NET/Socket/0/Shared comm 0x55666fd29590 nRanks 02
vcjob-2107896150879928322-abc12335-42846-worker-0:127:6634 [0] NCCL INFO Channel 21/1 : 1[55000] -> 0[9000] [receive] via NET/Socket/0/Shared comm 0x55666fd29590 nRanks 02
vcjob-2107896150879928322-abc12335-42846-worker-0:127:6634 [0] NCCL INFO Channel 23/1 : 1[55000] -> 0[9000] [receive] via NET/Socket/0/Shared comm 0x55666fd29590 nRanks 02
vcjob-2107896150879928322-abc12335-42846-worker-0:127:6634 [0] NCCL INFO Channel 25/1 : 1[55000] -> 0[9000] [receive] via NET/Socket/0/Shared comm 0x55666fd29590 nRanks 02
vcjob-2107896150879928322-abc12335-42846-worker-0:127:6634 [0] NCCL INFO Channel 27/1 : 1[55000] -> 0[9000] [receive] via NET/Socket/0/Shared comm 0x55666fd29590 nRanks 02
vcjob-2107896150879928322-abc12335-42846-worker-0:127:6634 [0] NCCL INFO Channel 29/1 : 1[55000] -> 0[9000] [receive] via NET/Socket/0/Shared comm 0x55666fd29590 nRanks 02
vcjob-2107896150879928322-abc12335-42846-worker-0:127:6634 [0] NCCL INFO Channel 31/1 : 1[55000] -> 0[9000] [receive] via NET/Socket/0/Shared comm 0x55666fd29590 nRanks 02

vcjob-2107896150879928322-abc12335-42846-worker-0:127:127 [0] /data/jenkins_workspace/workspace/rccl_release/build/hipify/src/init.cc:170 NCCL WARN NUMA auto balancing enabled which can lead to variability in the RCCL performance! Disable by "sudo sysctl kernel.numa_balancing=0"
vcjob-2107896150879928322-abc12335-42846-worker-0:127:127 [0] NCCL INFO Kernel version: 5.15.0-25-generic

vcjob-2107896150879928322-abc12335-42846-worker-0:127:127 [0] /data/jenkins_workspace/workspace/rccl_release/build/hipify/src/init.cc:191 NCCL WARN Missing "iommu=pt" from kernel command line which can lead to system instablity or hang!
I1008 02:10:05.515393   127 ProcessGroupNCCL.cpp:2857] [PG ID 0 PG GUID 0(default_pg) Rank 0] ProcessGroupNCCL broadcast unique ID through store took 0.035221 ms
I1008 02:10:05.515413   127 NCCLUtils.cpp:75] Rank 0: creating NCCL communicator with mode: blocking

vcjob-2107896150879928322-abc12335-42846-worker-0:127:127 [0] /data/jenkins_workspace/workspace/rccl_release/build/hipify/src/init.cc:170 NCCL WARN NUMA auto balancing enabled which can lead to variability in the RCCL performance! Disable by "sudo sysctl kernel.numa_balancing=0"
vcjob-2107896150879928322-abc12335-42846-worker-0:127:127 [0] NCCL INFO Kernel version: 5.15.0-25-generic

vcjob-2107896150879928322-abc12335-42846-worker-0:127:127 [0] /data/jenkins_workspace/workspace/rccl_release/build/hipify/src/init.cc:191 NCCL WARN Missing "iommu=pt" from kernel command line which can lead to system instablity or hang!
vcjob-2107896150879928322-abc12335-42846-worker-0:127:127 [0] NCCL INFO Comm config Blocking set to 1
vcjob-2107896150879928322-abc12335-42846-worker-0:127:6636 [0] NCCL INFO Using network Socket
vcjob-2107896150879928322-abc12335-42846-worker-0:127:6636 [0] NCCL INFO rocm_smi_lib: version 7.6.0.0
vcjob-2107896150879928322-abc12335-42846-worker-0:127:6636 [0] NCCL INFO ncclCommInitRank comm 0x55666fde4d70 rank 0 nranks 2 cudaDev 0 nvmlDev 0 busId 9000 commId 0x8dcbbe833afd9bf3 - Init START
vcjob-2107896150879928322-abc12335-42846-worker-0:127:6636 [0] NCCL INFO rank:0 get match hsa dev domain:0x0 bdf:0x900 rank busId:0x36864
vcjob-2107896150879928322-abc12335-42846-worker-0:127:6636 [0] NCCL INFO XDP Switch is off with xdp_size : 0

vcjob-2107896150879928322-abc12335-42846-worker-0:127:6636 [0] /data/jenkins_workspace/workspace/rccl_release/build/hipify/src/graph/xml.cc:1211 NCCL WARN No IB NIC found, the generation of the basic topology has been terminated.
vcjob-2107896150879928322-abc12335-42846-worker-0:127:6636 [0] NCCL INFO rocm_smi_lib: version 7.6.0.0
vcjob-2107896150879928322-abc12335-42846-worker-0:127:6636 [0] NCCL INFO Setting affinity for GPU 0 to ffff
vcjob-2107896150879928322-abc12335-42846-worker-0:127:6636 [0] NCCL INFO Rank:0 Get link topo from rocmDev:0 linkNum:8 link:0 linkState:1 remote type:1 bdf:0x9b00 topoType:2
vcjob-2107896150879928322-abc12335-42846-worker-0:127:6636 [0] NCCL INFO Transport init rank 0 useXdp 0 linkTopoType 2
vcjob-2107896150879928322-abc12335-42846-worker-0:127:6636 [0] NCCL INFO comm 0x55666fde4d70 rank 0 nRanks 2 nNodes 2 localRanks 1 localRank 0 MNNVL 0
vcjob-2107896150879928322-abc12335-42846-worker-0:127:6636 [0] NCCL INFO Channel 00/32 :    0   1
vcjob-2107896150879928322-abc12335-42846-worker-0:127:6636 [0] NCCL INFO Channel 01/32 :    0   1
vcjob-2107896150879928322-abc12335-42846-worker-0:127:6636 [0] NCCL INFO Channel 02/32 :    0   1
vcjob-2107896150879928322-abc12335-42846-worker-0:127:6636 [0] NCCL INFO Channel 03/32 :    0   1
vcjob-2107896150879928322-abc12335-42846-worker-0:127:6636 [0] NCCL INFO Channel 04/32 :    0   1
vcjob-2107896150879928322-abc12335-42846-worker-0:127:6636 [0] NCCL INFO Channel 05/32 :    0   1
vcjob-2107896150879928322-abc12335-42846-worker-0:127:6636 [0] NCCL INFO Channel 06/32 :    0   1
vcjob-2107896150879928322-abc12335-42846-worker-0:127:6636 [0] NCCL INFO Channel 07/32 :    0   1
vcjob-2107896150879928322-abc12335-42846-worker-0:127:6636 [0] NCCL INFO Channel 08/32 :    0   1
vcjob-2107896150879928322-abc12335-42846-worker-0:127:6636 [0] NCCL INFO Channel 09/32 :    0   1
vcjob-2107896150879928322-abc12335-42846-worker-0:127:6636 [0] NCCL INFO Channel 10/32 :    0   1
vcjob-2107896150879928322-abc12335-42846-worker-0:127:6636 [0] NCCL INFO Channel 11/32 :    0   1
vcjob-2107896150879928322-abc12335-42846-worker-0:127:6636 [0] NCCL INFO Channel 12/32 :    0   1
vcjob-2107896150879928322-abc12335-42846-worker-0:127:6636 [0] NCCL INFO Channel 13/32 :    0   1
vcjob-2107896150879928322-abc12335-42846-worker-0:127:6636 [0] NCCL INFO Channel 14/32 :    0   1
vcjob-2107896150879928322-abc12335-42846-worker-0:127:6636 [0] NCCL INFO Channel 15/32 :    0   1
vcjob-2107896150879928322-abc12335-42846-worker-0:127:6636 [0] NCCL INFO Channel 16/32 :    0   1
vcjob-2107896150879928322-abc12335-42846-worker-0:127:6636 [0] NCCL INFO Channel 17/32 :    0   1
vcjob-2107896150879928322-abc12335-42846-worker-0:127:6636 [0] NCCL INFO Channel 18/32 :    0   1
vcjob-2107896150879928322-abc12335-42846-worker-0:127:6636 [0] NCCL INFO Channel 19/32 :    0   1
vcjob-2107896150879928322-abc12335-42846-worker-0:127:6636 [0] NCCL INFO Channel 20/32 :    0   1
vcjob-2107896150879928322-abc12335-42846-worker-0:127:6636 [0] NCCL INFO Channel 21/32 :    0   1
vcjob-2107896150879928322-abc12335-42846-worker-0:127:6636 [0] NCCL INFO Channel 22/32 :    0   1
vcjob-2107896150879928322-abc12335-42846-worker-0:127:6636 [0] NCCL INFO Channel 23/32 :    0   1
vcjob-2107896150879928322-abc12335-42846-worker-0:127:6636 [0] NCCL INFO Channel 24/32 :    0   1
vcjob-2107896150879928322-abc12335-42846-worker-0:127:6636 [0] NCCL INFO Channel 25/32 :    0   1
vcjob-2107896150879928322-abc12335-42846-worker-0:127:6636 [0] NCCL INFO Channel 26/32 :    0   1
vcjob-2107896150879928322-abc12335-42846-worker-0:127:6636 [0] NCCL INFO Channel 27/32 :    0   1
vcjob-2107896150879928322-abc12335-42846-worker-0:127:6636 [0] NCCL INFO Channel 28/32 :    0   1
vcjob-2107896150879928322-abc12335-42846-worker-0:127:6636 [0] NCCL INFO Channel 29/32 :    0   1
vcjob-2107896150879928322-abc12335-42846-worker-0:127:6636 [0] NCCL INFO Channel 30/32 :    0   1
vcjob-2107896150879928322-abc12335-42846-worker-0:127:6636 [0] NCCL INFO Channel 31/32 :    0   1
vcjob-2107896150879928322-abc12335-42846-worker-0:127:6636 [0] NCCL INFO Trees [0] 1/-1/-1->0->-1 [1] -1/-1/-1->0->1 [2] 1/-1/-1->0->-1 [3] -1/-1/-1->0->1 [4] 1/-1/-1->0->-1 [5] -1/-1/-1->0->1 [6] 1/-1/-1->0->-1 [7] -1/-1/-1->0->1 [8] 1/-1/-1->0->-1 [9] -1/-1/-1->0->1 [10] 1/-1/-1->0->-1 [11] -1/-1/-1->0->1 [12] 1/-1/-1->0->-1 [13] -1/-1/-1->0->1 [14] 1/-1/-1->0->-1 [15] -1/-1/-1->0->1 [16] 1/-1/-1->0->-1 [17] -1/-1/-1->0->1 [18] 1/-1/-1->0->-1 [19] -1/-1/-1->0->1 [20] 1/-1/-1->0->-1 [21] -1/-1/-1->0->1 [22] 1/-1/-1->0->-1 [23] -1/-1/-1->0->1 [24] 1/-1/-1->0->-1 [25] -1/-1/-1->0->1 [26] 1/-1/-1->0->-1 [27] -1/-1/-1->0->1 [28] 1/-1/-1->0->-1 [29] -1/-1/-1->0->1 [30] 1/-1/-1->0->-1 [31] -1/-1/-1->0->1 comm 0x55666fde4d70 nRanks 02 busId 9000
vcjob-2107896150879928322-abc12335-42846-worker-0:127:6636 [0] NCCL INFO P2P Chunksize set to 131072
vcjob-2107896150879928322-abc12335-42846-worker-0:127:6636 [0] NCCL INFO comm->autoPerPeerOn: 1, comm->p2pnChannels: 32, comm->p2pnChannelsPerPeer: 32
vcjob-2107896150879928322-abc12335-42846-worker-0:127:6636 [0] NCCL INFO Channel 00/0 : 1[77000] -> 0[9000] [receive] via NET/Socket/0 comm 0x55666fde4d70 nRanks 02
vcjob-2107896150879928322-abc12335-42846-worker-0:127:6636 [0] NCCL INFO Channel 01/0 : 1[77000] -> 0[9000] [receive] via NET/Socket/0 comm 0x55666fde4d70 nRanks 02
vcjob-2107896150879928322-abc12335-42846-worker-0:127:6636 [0] NCCL INFO Channel 02/0 : 1[77000] -> 0[9000] [receive] via NET/Socket/0 comm 0x55666fde4d70 nRanks 02
vcjob-2107896150879928322-abc12335-42846-worker-0:127:6636 [0] NCCL INFO Channel 03/0 : 1[77000] -> 0[9000] [receive] via NET/Socket/0 comm 0x55666fde4d70 nRanks 02
vcjob-2107896150879928322-abc12335-42846-worker-0:127:6636 [0] NCCL INFO Channel 04/0 : 1[77000] -> 0[9000] [receive] via NET/Socket/0 comm 0x55666fde4d70 nRanks 02
vcjob-2107896150879928322-abc12335-42846-worker-0:127:6636 [0] NCCL INFO Channel 05/0 : 1[77000] -> 0[9000] [receive] via NET/Socket/0 comm 0x55666fde4d70 nRanks 02
vcjob-2107896150879928322-abc12335-42846-worker-0:127:6636 [0] NCCL INFO Channel 06/0 : 1[77000] -> 0[9000] [receive] via NET/Socket/0 comm 0x55666fde4d70 nRanks 02
vcjob-2107896150879928322-abc12335-42846-worker-0:127:6636 [0] NCCL INFO Channel 07/0 : 1[77000] -> 0[9000] [receive] via NET/Socket/0 comm 0x55666fde4d70 nRanks 02
vcjob-2107896150879928322-abc12335-42846-worker-0:127:6636 [0] NCCL INFO Channel 08/0 : 1[77000] -> 0[9000] [receive] via NET/Socket/0 comm 0x55666fde4d70 nRanks 02
vcjob-2107896150879928322-abc12335-42846-worker-0:127:6636 [0] NCCL INFO Channel 09/0 : 1[77000] -> 0[9000] [receive] via NET/Socket/0 comm 0x55666fde4d70 nRanks 02
vcjob-2107896150879928322-abc12335-42846-worker-0:127:6636 [0] NCCL INFO Channel 10/0 : 1[77000] -> 0[9000] [receive] via NET/Socket/0 comm 0x55666fde4d70 nRanks 02
vcjob-2107896150879928322-abc12335-42846-worker-0:127:6636 [0] NCCL INFO Channel 11/0 : 1[77000] -> 0[9000] [receive] via NET/Socket/0 comm 0x55666fde4d70 nRanks 02
vcjob-2107896150879928322-abc12335-42846-worker-0:127:6636 [0] NCCL INFO Channel 12/0 : 1[77000] -> 0[9000] [receive] via NET/Socket/0 comm 0x55666fde4d70 nRanks 02
vcjob-2107896150879928322-abc12335-42846-worker-0:127:6636 [0] NCCL INFO Channel 13/0 : 1[77000] -> 0[9000] [receive] via NET/Socket/0 comm 0x55666fde4d70 nRanks 02
vcjob-2107896150879928322-abc12335-42846-worker-0:127:6636 [0] NCCL INFO Channel 14/0 : 1[77000] -> 0[9000] [receive] via NET/Socket/0 comm 0x55666fde4d70 nRanks 02
vcjob-2107896150879928322-abc12335-42846-worker-0:127:6636 [0] NCCL INFO Channel 15/0 : 1[77000] -> 0[9000] [receive] via NET/Socket/0 comm 0x55666fde4d70 nRanks 02
vcjob-2107896150879928322-abc12335-42846-worker-0:127:6636 [0] NCCL INFO Channel 16/0 : 1[77000] -> 0[9000] [receive] via NET/Socket/0 comm 0x55666fde4d70 nRanks 02
vcjob-2107896150879928322-abc12335-42846-worker-0:127:6636 [0] NCCL INFO Channel 17/0 : 1[77000] -> 0[9000] [receive] via NET/Socket/0 comm 0x55666fde4d70 nRanks 02
vcjob-2107896150879928322-abc12335-42846-worker-0:127:6636 [0] NCCL INFO Channel 18/0 : 1[77000] -> 0[9000] [receive] via NET/Socket/0 comm 0x55666fde4d70 nRanks 02
vcjob-2107896150879928322-abc12335-42846-worker-0:127:6636 [0] NCCL INFO Channel 19/0 : 1[77000] -> 0[9000] [receive] via NET/Socket/0 comm 0x55666fde4d70 nRanks 02
vcjob-2107896150879928322-abc12335-42846-worker-0:127:6636 [0] NCCL INFO Channel 20/0 : 1[77000] -> 0[9000] [receive] via NET/Socket/0 comm 0x55666fde4d70 nRanks 02
vcjob-2107896150879928322-abc12335-42846-worker-0:127:6636 [0] NCCL INFO Channel 21/0 : 1[77000] -> 0[9000] [receive] via NET/Socket/0 comm 0x55666fde4d70 nRanks 02
vcjob-2107896150879928322-abc12335-42846-worker-0:127:6636 [0] NCCL INFO Channel 22/0 : 1[77000] -> 0[9000] [receive] via NET/Socket/0 comm 0x55666fde4d70 nRanks 02
vcjob-2107896150879928322-abc12335-42846-worker-0:127:6636 [0] NCCL INFO Channel 23/0 : 1[77000] -> 0[9000] [receive] via NET/Socket/0 comm 0x55666fde4d70 nRanks 02
vcjob-2107896150879928322-abc12335-42846-worker-0:127:6636 [0] NCCL INFO Channel 24/0 : 1[77000] -> 0[9000] [receive] via NET/Socket/0 comm 0x55666fde4d70 nRanks 02
vcjob-2107896150879928322-abc12335-42846-worker-0:127:6636 [0] NCCL INFO Channel 25/0 : 1[77000] -> 0[9000] [receive] via NET/Socket/0 comm 0x55666fde4d70 nRanks 02
vcjob-2107896150879928322-abc12335-42846-worker-0:127:6636 [0] NCCL INFO Channel 26/0 : 1[77000] -> 0[9000] [receive] via NET/Socket/0 comm 0x55666fde4d70 nRanks 02
vcjob-2107896150879928322-abc12335-42846-worker-0:127:6636 [0] NCCL INFO Channel 27/0 : 1[77000] -> 0[9000] [receive] via NET/Socket/0 comm 0x55666fde4d70 nRanks 02
vcjob-2107896150879928322-abc12335-42846-worker-0:127:6636 [0] NCCL INFO Channel 28/0 : 1[77000] -> 0[9000] [receive] via NET/Socket/0 comm 0x55666fde4d70 nRanks 02
vcjob-2107896150879928322-abc12335-42846-worker-0:127:6636 [0] NCCL INFO Channel 29/0 : 1[77000] -> 0[9000] [receive] via NET/Socket/0 comm 0x55666fde4d70 nRanks 02
vcjob-2107896150879928322-abc12335-42846-worker-0:127:6636 [0] NCCL INFO Channel 30/0 : 1[77000] -> 0[9000] [receive] via NET/Socket/0 comm 0x55666fde4d70 nRanks 02
vcjob-2107896150879928322-abc12335-42846-worker-0:127:6636 [0] NCCL INFO Channel 31/0 : 1[77000] -> 0[9000] [receive] via NET/Socket/0 comm 0x55666fde4d70 nRanks 02
vcjob-2107896150879928322-abc12335-42846-worker-0:127:6636 [0] NCCL INFO Channel 00/0 : 0[9000] -> 1[77000] [send] via NET/Socket/0 comm 0x55666fde4d70 nRanks 02
vcjob-2107896150879928322-abc12335-42846-worker-0:127:6636 [0] NCCL INFO Channel 01/0 : 0[9000] -> 1[77000] [send] via NET/Socket/0 comm 0x55666fde4d70 nRanks 02
vcjob-2107896150879928322-abc12335-42846-worker-0:127:6636 [0] NCCL INFO Channel 02/0 : 0[9000] -> 1[77000] [send] via NET/Socket/0 comm 0x55666fde4d70 nRanks 02
vcjob-2107896150879928322-abc12335-42846-worker-0:127:6636 [0] NCCL INFO Channel 03/0 : 0[9000] -> 1[77000] [send] via NET/Socket/0 comm 0x55666fde4d70 nRanks 02
vcjob-2107896150879928322-abc12335-42846-worker-0:127:6636 [0] NCCL INFO Channel 04/0 : 0[9000] -> 1[77000] [send] via NET/Socket/0 comm 0x55666fde4d70 nRanks 02
vcjob-2107896150879928322-abc12335-42846-worker-0:127:6636 [0] NCCL INFO Channel 05/0 : 0[9000] -> 1[77000] [send] via NET/Socket/0 comm 0x55666fde4d70 nRanks 02
vcjob-2107896150879928322-abc12335-42846-worker-0:127:6636 [0] NCCL INFO Channel 06/0 : 0[9000] -> 1[77000] [send] via NET/Socket/0 comm 0x55666fde4d70 nRanks 02
vcjob-2107896150879928322-abc12335-42846-worker-0:127:6636 [0] NCCL INFO Channel 07/0 : 0[9000] -> 1[77000] [send] via NET/Socket/0 comm 0x55666fde4d70 nRanks 02
vcjob-2107896150879928322-abc12335-42846-worker-0:127:6636 [0] NCCL INFO Channel 08/0 : 0[9000] -> 1[77000] [send] via NET/Socket/0 comm 0x55666fde4d70 nRanks 02
vcjob-2107896150879928322-abc12335-42846-worker-0:127:6636 [0] NCCL INFO Channel 09/0 : 0[9000] -> 1[77000] [send] via NET/Socket/0 comm 0x55666fde4d70 nRanks 02
vcjob-2107896150879928322-abc12335-42846-worker-0:127:6636 [0] NCCL INFO Channel 10/0 : 0[9000] -> 1[77000] [send] via NET/Socket/0 comm 0x55666fde4d70 nRanks 02
vcjob-2107896150879928322-abc12335-42846-worker-0:127:6636 [0] NCCL INFO Channel 11/0 : 0[9000] -> 1[77000] [send] via NET/Socket/0 comm 0x55666fde4d70 nRanks 02
vcjob-2107896150879928322-abc12335-42846-worker-0:127:6636 [0] NCCL INFO Channel 12/0 : 0[9000] -> 1[77000] [send] via NET/Socket/0 comm 0x55666fde4d70 nRanks 02
vcjob-2107896150879928322-abc12335-42846-worker-0:127:6636 [0] NCCL INFO Channel 13/0 : 0[9000] -> 1[77000] [send] via NET/Socket/0 comm 0x55666fde4d70 nRanks 02
vcjob-2107896150879928322-abc12335-42846-worker-0:127:6636 [0] NCCL INFO Channel 14/0 : 0[9000] -> 1[77000] [send] via NET/Socket/0 comm 0x55666fde4d70 nRanks 02
vcjob-2107896150879928322-abc12335-42846-worker-0:127:6636 [0] NCCL INFO Channel 15/0 : 0[9000] -> 1[77000] [send] via NET/Socket/0 comm 0x55666fde4d70 nRanks 02
vcjob-2107896150879928322-abc12335-42846-worker-0:127:6636 [0] NCCL INFO Channel 16/0 : 0[9000] -> 1[77000] [send] via NET/Socket/0 comm 0x55666fde4d70 nRanks 02
vcjob-2107896150879928322-abc12335-42846-worker-0:127:6636 [0] NCCL INFO Channel 17/0 : 0[9000] -> 1[77000] [send] via NET/Socket/0 comm 0x55666fde4d70 nRanks 02
vcjob-2107896150879928322-abc12335-42846-worker-0:127:6636 [0] NCCL INFO Channel 18/0 : 0[9000] -> 1[77000] [send] via NET/Socket/0 comm 0x55666fde4d70 nRanks 02
vcjob-2107896150879928322-abc12335-42846-worker-0:127:6636 [0] NCCL INFO Channel 19/0 : 0[9000] -> 1[77000] [send] via NET/Socket/0 comm 0x55666fde4d70 nRanks 02
vcjob-2107896150879928322-abc12335-42846-worker-0:127:6636 [0] NCCL INFO Channel 20/0 : 0[9000] -> 1[77000] [send] via NET/Socket/0 comm 0x55666fde4d70 nRanks 02
vcjob-2107896150879928322-abc12335-42846-worker-0:127:6636 [0] NCCL INFO Channel 21/0 : 0[9000] -> 1[77000] [send] via NET/Socket/0 comm 0x55666fde4d70 nRanks 02
vcjob-2107896150879928322-abc12335-42846-worker-0:127:6636 [0] NCCL INFO Channel 22/0 : 0[9000] -> 1[77000] [send] via NET/Socket/0 comm 0x55666fde4d70 nRanks 02
vcjob-2107896150879928322-abc12335-42846-worker-0:127:6636 [0] NCCL INFO Channel 23/0 : 0[9000] -> 1[77000] [send] via NET/Socket/0 comm 0x55666fde4d70 nRanks 02
vcjob-2107896150879928322-abc12335-42846-worker-0:127:6636 [0] NCCL INFO Channel 24/0 : 0[9000] -> 1[77000] [send] via NET/Socket/0 comm 0x55666fde4d70 nRanks 02
vcjob-2107896150879928322-abc12335-42846-worker-0:127:6636 [0] NCCL INFO Channel 25/0 : 0[9000] -> 1[77000] [send] via NET/Socket/0 comm 0x55666fde4d70 nRanks 02
vcjob-2107896150879928322-abc12335-42846-worker-0:127:6636 [0] NCCL INFO Channel 26/0 : 0[9000] -> 1[77000] [send] via NET/Socket/0 comm 0x55666fde4d70 nRanks 02
vcjob-2107896150879928322-abc12335-42846-worker-0:127:6636 [0] NCCL INFO Channel 27/0 : 0[9000] -> 1[77000] [send] via NET/Socket/0 comm 0x55666fde4d70 nRanks 02
vcjob-2107896150879928322-abc12335-42846-worker-0:127:6636 [0] NCCL INFO Channel 28/0 : 0[9000] -> 1[77000] [send] via NET/Socket/0 comm 0x55666fde4d70 nRanks 02
vcjob-2107896150879928322-abc12335-42846-worker-0:127:6636 [0] NCCL INFO Channel 29/0 : 0[9000] -> 1[77000] [send] via NET/Socket/0 comm 0x55666fde4d70 nRanks 02
vcjob-2107896150879928322-abc12335-42846-worker-0:127:6636 [0] NCCL INFO Channel 30/0 : 0[9000] -> 1[77000] [send] via NET/Socket/0 comm 0x55666fde4d70 nRanks 02
vcjob-2107896150879928322-abc12335-42846-worker-0:127:6636 [0] NCCL INFO Channel 31/0 : 0[9000] -> 1[77000] [send] via NET/Socket/0 comm 0x55666fde4d70 nRanks 02
vcjob-2107896150879928322-abc12335-42846-worker-0:127:6636 [0] NCCL INFO Connected all rings
vcjob-2107896150879928322-abc12335-42846-worker-0:127:6636 [0] NCCL INFO Connected all trees
vcjob-2107896150879928322-abc12335-42846-worker-0:127:6636 [0] NCCL INFO threadThresholds 8/8/64 | 16/8/64 | 256 | 256
vcjob-2107896150879928322-abc12335-42846-worker-0:127:6636 [0] NCCL INFO 32 coll channels, 32 collnet channels, 0 nvls channels, 32 p2p channels, 32 p2p channels per peer
vcjob-2107896150879928322-abc12335-42846-worker-0:127:6636 [0] NCCL INFO CC Off, Multi-GPU CC Off, workFifoBytes 4194304
vcjob-2107896150879928322-abc12335-42846-worker-0:127:6636 [0] NCCL INFO ncclCommInitRank comm 0x55666fde4d70 rank 0 nranks 2 cudaDev 0 nvmlDev 0 busId 9000 commId 0x8dcbbe833afd9bf3 localSize 480 used 1784879168 bytes on core 5 - Init COMPLETE
vcjob-2107896150879928322-abc12335-42846-worker-0:127:6636 [0] NCCL INFO Init timings: rank 0 nranks 2 total 0.32 (kernels 0.00, bootstrap 0.00, allgathers 0.01, topo 0.10, graphs 0.00, connections 0.21, rest 0.00)
I1008 02:10:05.901880   127 ProcessGroupNCCL.cpp:2890] [PG ID 0 PG GUID 0(default_pg) Rank 0] NCCL_DEBUG: INFO
vcjob-2107896150879928322-abc12335-42846-worker-0:127:6640 [0] NCCL INFO Channel 01/1 : 1[77000] -> 0[9000] [receive] via NET/Socket/0/Shared comm 0x55666fde4d70 nRanks 02
vcjob-2107896150879928322-abc12335-42846-worker-0:127:6640 [0] NCCL INFO Channel 03/1 : 1[77000] -> 0[9000] [receive] via NET/Socket/0/Shared comm 0x55666fde4d70 nRanks 02
vcjob-2107896150879928322-abc12335-42846-worker-0:127:6640 [0] NCCL INFO Channel 05/1 : 1[77000] -> 0[9000] [receive] via NET/Socket/0/Shared comm 0x55666fde4d70 nRanks 02
vcjob-2107896150879928322-abc12335-42846-worker-0:127:6640 [0] NCCL INFO Channel 07/1 : 1[77000] -> 0[9000] [receive] via NET/Socket/0/Shared comm 0x55666fde4d70 nRanks 02
vcjob-2107896150879928322-abc12335-42846-worker-0:127:6640 [0] NCCL INFO Channel 09/1 : 1[77000] -> 0[9000] [receive] via NET/Socket/0/Shared comm 0x55666fde4d70 nRanks 02
vcjob-2107896150879928322-abc12335-42846-worker-0:127:6640 [0] NCCL INFO Channel 11/1 : 1[77000] -> 0[9000] [receive] via NET/Socket/0/Shared comm 0x55666fde4d70 nRanks 02
vcjob-2107896150879928322-abc12335-42846-worker-0:127:6640 [0] NCCL INFO Channel 13/1 : 1[77000] -> 0[9000] [receive] via NET/Socket/0/Shared comm 0x55666fde4d70 nRanks 02
vcjob-2107896150879928322-abc12335-42846-worker-0:127:6640 [0] NCCL INFO Channel 15/1 : 1[77000] -> 0[9000] [receive] via NET/Socket/0/Shared comm 0x55666fde4d70 nRanks 02
vcjob-2107896150879928322-abc12335-42846-worker-0:127:6640 [0] NCCL INFO Channel 17/1 : 1[77000] -> 0[9000] [receive] via NET/Socket/0/Shared comm 0x55666fde4d70 nRanks 02
vcjob-2107896150879928322-abc12335-42846-worker-0:127:6640 [0] NCCL INFO Channel 19/1 : 1[77000] -> 0[9000] [receive] via NET/Socket/0/Shared comm 0x55666fde4d70 nRanks 02
vcjob-2107896150879928322-abc12335-42846-worker-0:127:6640 [0] NCCL INFO Channel 21/1 : 1[77000] -> 0[9000] [receive] via NET/Socket/0/Shared comm 0x55666fde4d70 nRanks 02
vcjob-2107896150879928322-abc12335-42846-worker-0:127:6640 [0] NCCL INFO Channel 23/1 : 1[77000] -> 0[9000] [receive] via NET/Socket/0/Shared comm 0x55666fde4d70 nRanks 02
vcjob-2107896150879928322-abc12335-42846-worker-0:127:6640 [0] NCCL INFO Channel 25/1 : 1[77000] -> 0[9000] [receive] via NET/Socket/0/Shared comm 0x55666fde4d70 nRanks 02
vcjob-2107896150879928322-abc12335-42846-worker-0:127:6640 [0] NCCL INFO Channel 27/1 : 1[77000] -> 0[9000] [receive] via NET/Socket/0/Shared comm 0x55666fde4d70 nRanks 02
vcjob-2107896150879928322-abc12335-42846-worker-0:127:6640 [0] NCCL INFO Channel 29/1 : 1[77000] -> 0[9000] [receive] via NET/Socket/0/Shared comm 0x55666fde4d70 nRanks 02
vcjob-2107896150879928322-abc12335-42846-worker-0:127:6640 [0] NCCL INFO Channel 31/1 : 1[77000] -> 0[9000] [receive] via NET/Socket/0/Shared comm 0x55666fde4d70 nRanks 02

vcjob-2107896150879928322-abc12335-42846-worker-0:127:127 [0] /data/jenkins_workspace/workspace/rccl_release/build/hipify/src/init.cc:170 NCCL WARN NUMA auto balancing enabled which can lead to variability in the RCCL performance! Disable by "sudo sysctl kernel.numa_balancing=0"
vcjob-2107896150879928322-abc12335-42846-worker-0:127:127 [0] NCCL INFO Kernel version: 5.15.0-25-generic

vcjob-2107896150879928322-abc12335-42846-worker-0:127:127 [0] /data/jenkins_workspace/workspace/rccl_release/build/hipify/src/init.cc:191 NCCL WARN Missing "iommu=pt" from kernel command line which can lead to system instablity or hang!
I1008 02:10:05.942850   127 ProcessGroupNCCL.cpp:2857] [PG ID 0 PG GUID 0(default_pg) Rank 0] ProcessGroupNCCL broadcast unique ID through store took 0.040721 ms
I1008 02:10:05.942874   127 NCCLUtils.cpp:75] Rank 0: creating NCCL communicator with mode: blocking

vcjob-2107896150879928322-abc12335-42846-worker-0:127:127 [0] /data/jenkins_workspace/workspace/rccl_release/build/hipify/src/init.cc:170 NCCL WARN NUMA auto balancing enabled which can lead to variability in the RCCL performance! Disable by "sudo sysctl kernel.numa_balancing=0"
vcjob-2107896150879928322-abc12335-42846-worker-0:127:127 [0] NCCL INFO Kernel version: 5.15.0-25-generic

vcjob-2107896150879928322-abc12335-42846-worker-0:127:127 [0] /data/jenkins_workspace/workspace/rccl_release/build/hipify/src/init.cc:191 NCCL WARN Missing "iommu=pt" from kernel command line which can lead to system instablity or hang!
vcjob-2107896150879928322-abc12335-42846-worker-0:127:127 [0] NCCL INFO Comm config Blocking set to 1
vcjob-2107896150879928322-abc12335-42846-worker-0:127:6642 [0] NCCL INFO Using network Socket
vcjob-2107896150879928322-abc12335-42846-worker-0:127:6642 [0] NCCL INFO rocm_smi_lib: version 7.6.0.0
vcjob-2107896150879928322-abc12335-42846-worker-0:127:6642 [0] NCCL INFO ncclCommInitRank comm 0x55666fea0550 rank 0 nranks 2 cudaDev 0 nvmlDev 0 busId 9000 commId 0x1caa1bd658a37ab0 - Init START
vcjob-2107896150879928322-abc12335-42846-worker-0:127:6642 [0] NCCL INFO rank:0 get match hsa dev domain:0x0 bdf:0x900 rank busId:0x36864
vcjob-2107896150879928322-abc12335-42846-worker-0:127:6642 [0] NCCL INFO XDP Switch is off with xdp_size : 0

vcjob-2107896150879928322-abc12335-42846-worker-0:127:6642 [0] /data/jenkins_workspace/workspace/rccl_release/build/hipify/src/graph/xml.cc:1211 NCCL WARN No IB NIC found, the generation of the basic topology has been terminated.
vcjob-2107896150879928322-abc12335-42846-worker-0:127:6642 [0] NCCL INFO rocm_smi_lib: version 7.6.0.0
vcjob-2107896150879928322-abc12335-42846-worker-0:127:6642 [0] NCCL INFO Setting affinity for GPU 0 to ffff
vcjob-2107896150879928322-abc12335-42846-worker-0:127:6642 [0] NCCL INFO Rank:0 Get link topo from rocmDev:0 linkNum:8 link:0 linkState:1 remote type:1 bdf:0x9b00 topoType:2
vcjob-2107896150879928322-abc12335-42846-worker-0:127:6642 [0] NCCL INFO Transport init rank 0 useXdp 0 linkTopoType 2
vcjob-2107896150879928322-abc12335-42846-worker-0:127:6642 [0] NCCL INFO comm 0x55666fea0550 rank 0 nRanks 2 nNodes 2 localRanks 1 localRank 0 MNNVL 0
vcjob-2107896150879928322-abc12335-42846-worker-0:127:6642 [0] NCCL INFO Channel 00/32 :    0   1
vcjob-2107896150879928322-abc12335-42846-worker-0:127:6642 [0] NCCL INFO Channel 01/32 :    0   1
vcjob-2107896150879928322-abc12335-42846-worker-0:127:6642 [0] NCCL INFO Channel 02/32 :    0   1
vcjob-2107896150879928322-abc12335-42846-worker-0:127:6642 [0] NCCL INFO Channel 03/32 :    0   1
vcjob-2107896150879928322-abc12335-42846-worker-0:127:6642 [0] NCCL INFO Channel 04/32 :    0   1
vcjob-2107896150879928322-abc12335-42846-worker-0:127:6642 [0] NCCL INFO Channel 05/32 :    0   1
vcjob-2107896150879928322-abc12335-42846-worker-0:127:6642 [0] NCCL INFO Channel 06/32 :    0   1
vcjob-2107896150879928322-abc12335-42846-worker-0:127:6642 [0] NCCL INFO Channel 07/32 :    0   1
vcjob-2107896150879928322-abc12335-42846-worker-0:127:6642 [0] NCCL INFO Channel 08/32 :    0   1
vcjob-2107896150879928322-abc12335-42846-worker-0:127:6642 [0] NCCL INFO Channel 09/32 :    0   1
vcjob-2107896150879928322-abc12335-42846-worker-0:127:6642 [0] NCCL INFO Channel 10/32 :    0   1
vcjob-2107896150879928322-abc12335-42846-worker-0:127:6642 [0] NCCL INFO Channel 11/32 :    0   1
vcjob-2107896150879928322-abc12335-42846-worker-0:127:6642 [0] NCCL INFO Channel 12/32 :    0   1
vcjob-2107896150879928322-abc12335-42846-worker-0:127:6642 [0] NCCL INFO Channel 13/32 :    0   1
vcjob-2107896150879928322-abc12335-42846-worker-0:127:6642 [0] NCCL INFO Channel 14/32 :    0   1
vcjob-2107896150879928322-abc12335-42846-worker-0:127:6642 [0] NCCL INFO Channel 15/32 :    0   1
vcjob-2107896150879928322-abc12335-42846-worker-0:127:6642 [0] NCCL INFO Channel 16/32 :    0   1
vcjob-2107896150879928322-abc12335-42846-worker-0:127:6642 [0] NCCL INFO Channel 17/32 :    0   1
vcjob-2107896150879928322-abc12335-42846-worker-0:127:6642 [0] NCCL INFO Channel 18/32 :    0   1
vcjob-2107896150879928322-abc12335-42846-worker-0:127:6642 [0] NCCL INFO Channel 19/32 :    0   1
vcjob-2107896150879928322-abc12335-42846-worker-0:127:6642 [0] NCCL INFO Channel 20/32 :    0   1
vcjob-2107896150879928322-abc12335-42846-worker-0:127:6642 [0] NCCL INFO Channel 21/32 :    0   1
vcjob-2107896150879928322-abc12335-42846-worker-0:127:6642 [0] NCCL INFO Channel 22/32 :    0   1
vcjob-2107896150879928322-abc12335-42846-worker-0:127:6642 [0] NCCL INFO Channel 23/32 :    0   1
vcjob-2107896150879928322-abc12335-42846-worker-0:127:6642 [0] NCCL INFO Channel 24/32 :    0   1
vcjob-2107896150879928322-abc12335-42846-worker-0:127:6642 [0] NCCL INFO Channel 25/32 :    0   1
vcjob-2107896150879928322-abc12335-42846-worker-0:127:6642 [0] NCCL INFO Channel 26/32 :    0   1
vcjob-2107896150879928322-abc12335-42846-worker-0:127:6642 [0] NCCL INFO Channel 27/32 :    0   1
vcjob-2107896150879928322-abc12335-42846-worker-0:127:6642 [0] NCCL INFO Channel 28/32 :    0   1
vcjob-2107896150879928322-abc12335-42846-worker-0:127:6642 [0] NCCL INFO Channel 29/32 :    0   1
vcjob-2107896150879928322-abc12335-42846-worker-0:127:6642 [0] NCCL INFO Channel 30/32 :    0   1
vcjob-2107896150879928322-abc12335-42846-worker-0:127:6642 [0] NCCL INFO Channel 31/32 :    0   1
vcjob-2107896150879928322-abc12335-42846-worker-0:127:6642 [0] NCCL INFO Trees [0] 1/-1/-1->0->-1 [1] -1/-1/-1->0->1 [2] 1/-1/-1->0->-1 [3] -1/-1/-1->0->1 [4] 1/-1/-1->0->-1 [5] -1/-1/-1->0->1 [6] 1/-1/-1->0->-1 [7] -1/-1/-1->0->1 [8] 1/-1/-1->0->-1 [9] -1/-1/-1->0->1 [10] 1/-1/-1->0->-1 [11] -1/-1/-1->0->1 [12] 1/-1/-1->0->-1 [13] -1/-1/-1->0->1 [14] 1/-1/-1->0->-1 [15] -1/-1/-1->0->1 [16] 1/-1/-1->0->-1 [17] -1/-1/-1->0->1 [18] 1/-1/-1->0->-1 [19] -1/-1/-1->0->1 [20] 1/-1/-1->0->-1 [21] -1/-1/-1->0->1 [22] 1/-1/-1->0->-1 [23] -1/-1/-1->0->1 [24] 1/-1/-1->0->-1 [25] -1/-1/-1->0->1 [26] 1/-1/-1->0->-1 [27] -1/-1/-1->0->1 [28] 1/-1/-1->0->-1 [29] -1/-1/-1->0->1 [30] 1/-1/-1->0->-1 [31] -1/-1/-1->0->1 comm 0x55666fea0550 nRanks 02 busId 9000
vcjob-2107896150879928322-abc12335-42846-worker-0:127:6642 [0] NCCL INFO P2P Chunksize set to 131072
vcjob-2107896150879928322-abc12335-42846-worker-0:127:6642 [0] NCCL INFO comm->autoPerPeerOn: 1, comm->p2pnChannels: 32, comm->p2pnChannelsPerPeer: 32
vcjob-2107896150879928322-abc12335-42846-worker-0:127:6642 [0] NCCL INFO Channel 00/0 : 1[85000] -> 0[9000] [receive] via NET/Socket/0 comm 0x55666fea0550 nRanks 02
vcjob-2107896150879928322-abc12335-42846-worker-0:127:6642 [0] NCCL INFO Channel 01/0 : 1[85000] -> 0[9000] [receive] via NET/Socket/0 comm 0x55666fea0550 nRanks 02
vcjob-2107896150879928322-abc12335-42846-worker-0:127:6642 [0] NCCL INFO Channel 02/0 : 1[85000] -> 0[9000] [receive] via NET/Socket/0 comm 0x55666fea0550 nRanks 02
vcjob-2107896150879928322-abc12335-42846-worker-0:127:6642 [0] NCCL INFO Channel 03/0 : 1[85000] -> 0[9000] [receive] via NET/Socket/0 comm 0x55666fea0550 nRanks 02
vcjob-2107896150879928322-abc12335-42846-worker-0:127:6642 [0] NCCL INFO Channel 04/0 : 1[85000] -> 0[9000] [receive] via NET/Socket/0 comm 0x55666fea0550 nRanks 02
vcjob-2107896150879928322-abc12335-42846-worker-0:127:6642 [0] NCCL INFO Channel 05/0 : 1[85000] -> 0[9000] [receive] via NET/Socket/0 comm 0x55666fea0550 nRanks 02
vcjob-2107896150879928322-abc12335-42846-worker-0:127:6642 [0] NCCL INFO Channel 06/0 : 1[85000] -> 0[9000] [receive] via NET/Socket/0 comm 0x55666fea0550 nRanks 02
vcjob-2107896150879928322-abc12335-42846-worker-0:127:6642 [0] NCCL INFO Channel 07/0 : 1[85000] -> 0[9000] [receive] via NET/Socket/0 comm 0x55666fea0550 nRanks 02
vcjob-2107896150879928322-abc12335-42846-worker-0:127:6642 [0] NCCL INFO Channel 08/0 : 1[85000] -> 0[9000] [receive] via NET/Socket/0 comm 0x55666fea0550 nRanks 02
vcjob-2107896150879928322-abc12335-42846-worker-0:127:6642 [0] NCCL INFO Channel 09/0 : 1[85000] -> 0[9000] [receive] via NET/Socket/0 comm 0x55666fea0550 nRanks 02
vcjob-2107896150879928322-abc12335-42846-worker-0:127:6642 [0] NCCL INFO Channel 10/0 : 1[85000] -> 0[9000] [receive] via NET/Socket/0 comm 0x55666fea0550 nRanks 02
vcjob-2107896150879928322-abc12335-42846-worker-0:127:6642 [0] NCCL INFO Channel 11/0 : 1[85000] -> 0[9000] [receive] via NET/Socket/0 comm 0x55666fea0550 nRanks 02
vcjob-2107896150879928322-abc12335-42846-worker-0:127:6642 [0] NCCL INFO Channel 12/0 : 1[85000] -> 0[9000] [receive] via NET/Socket/0 comm 0x55666fea0550 nRanks 02
vcjob-2107896150879928322-abc12335-42846-worker-0:127:6642 [0] NCCL INFO Channel 13/0 : 1[85000] -> 0[9000] [receive] via NET/Socket/0 comm 0x55666fea0550 nRanks 02
vcjob-2107896150879928322-abc12335-42846-worker-0:127:6642 [0] NCCL INFO Channel 14/0 : 1[85000] -> 0[9000] [receive] via NET/Socket/0 comm 0x55666fea0550 nRanks 02
vcjob-2107896150879928322-abc12335-42846-worker-0:127:6642 [0] NCCL INFO Channel 15/0 : 1[85000] -> 0[9000] [receive] via NET/Socket/0 comm 0x55666fea0550 nRanks 02
vcjob-2107896150879928322-abc12335-42846-worker-0:127:6642 [0] NCCL INFO Channel 16/0 : 1[85000] -> 0[9000] [receive] via NET/Socket/0 comm 0x55666fea0550 nRanks 02
vcjob-2107896150879928322-abc12335-42846-worker-0:127:6642 [0] NCCL INFO Channel 17/0 : 1[85000] -> 0[9000] [receive] via NET/Socket/0 comm 0x55666fea0550 nRanks 02
vcjob-2107896150879928322-abc12335-42846-worker-0:127:6642 [0] NCCL INFO Channel 18/0 : 1[85000] -> 0[9000] [receive] via NET/Socket/0 comm 0x55666fea0550 nRanks 02
vcjob-2107896150879928322-abc12335-42846-worker-0:127:6642 [0] NCCL INFO Channel 19/0 : 1[85000] -> 0[9000] [receive] via NET/Socket/0 comm 0x55666fea0550 nRanks 02
vcjob-2107896150879928322-abc12335-42846-worker-0:127:6642 [0] NCCL INFO Channel 20/0 : 1[85000] -> 0[9000] [receive] via NET/Socket/0 comm 0x55666fea0550 nRanks 02
vcjob-2107896150879928322-abc12335-42846-worker-0:127:6642 [0] NCCL INFO Channel 21/0 : 1[85000] -> 0[9000] [receive] via NET/Socket/0 comm 0x55666fea0550 nRanks 02
vcjob-2107896150879928322-abc12335-42846-worker-0:127:6642 [0] NCCL INFO Channel 22/0 : 1[85000] -> 0[9000] [receive] via NET/Socket/0 comm 0x55666fea0550 nRanks 02
vcjob-2107896150879928322-abc12335-42846-worker-0:127:6642 [0] NCCL INFO Channel 23/0 : 1[85000] -> 0[9000] [receive] via NET/Socket/0 comm 0x55666fea0550 nRanks 02
vcjob-2107896150879928322-abc12335-42846-worker-0:127:6642 [0] NCCL INFO Channel 24/0 : 1[85000] -> 0[9000] [receive] via NET/Socket/0 comm 0x55666fea0550 nRanks 02
vcjob-2107896150879928322-abc12335-42846-worker-0:127:6642 [0] NCCL INFO Channel 25/0 : 1[85000] -> 0[9000] [receive] via NET/Socket/0 comm 0x55666fea0550 nRanks 02
vcjob-2107896150879928322-abc12335-42846-worker-0:127:6642 [0] NCCL INFO Channel 26/0 : 1[85000] -> 0[9000] [receive] via NET/Socket/0 comm 0x55666fea0550 nRanks 02
vcjob-2107896150879928322-abc12335-42846-worker-0:127:6642 [0] NCCL INFO Channel 27/0 : 1[85000] -> 0[9000] [receive] via NET/Socket/0 comm 0x55666fea0550 nRanks 02
vcjob-2107896150879928322-abc12335-42846-worker-0:127:6642 [0] NCCL INFO Channel 28/0 : 1[85000] -> 0[9000] [receive] via NET/Socket/0 comm 0x55666fea0550 nRanks 02
vcjob-2107896150879928322-abc12335-42846-worker-0:127:6642 [0] NCCL INFO Channel 29/0 : 1[85000] -> 0[9000] [receive] via NET/Socket/0 comm 0x55666fea0550 nRanks 02
vcjob-2107896150879928322-abc12335-42846-worker-0:127:6642 [0] NCCL INFO Channel 30/0 : 1[85000] -> 0[9000] [receive] via NET/Socket/0 comm 0x55666fea0550 nRanks 02
vcjob-2107896150879928322-abc12335-42846-worker-0:127:6642 [0] NCCL INFO Channel 31/0 : 1[85000] -> 0[9000] [receive] via NET/Socket/0 comm 0x55666fea0550 nRanks 02
vcjob-2107896150879928322-abc12335-42846-worker-0:127:6642 [0] NCCL INFO Channel 00/0 : 0[9000] -> 1[85000] [send] via NET/Socket/0 comm 0x55666fea0550 nRanks 02
vcjob-2107896150879928322-abc12335-42846-worker-0:127:6642 [0] NCCL INFO Channel 01/0 : 0[9000] -> 1[85000] [send] via NET/Socket/0 comm 0x55666fea0550 nRanks 02
vcjob-2107896150879928322-abc12335-42846-worker-0:127:6642 [0] NCCL INFO Channel 02/0 : 0[9000] -> 1[85000] [send] via NET/Socket/0 comm 0x55666fea0550 nRanks 02
vcjob-2107896150879928322-abc12335-42846-worker-0:127:6642 [0] NCCL INFO Channel 03/0 : 0[9000] -> 1[85000] [send] via NET/Socket/0 comm 0x55666fea0550 nRanks 02
vcjob-2107896150879928322-abc12335-42846-worker-0:127:6642 [0] NCCL INFO Channel 04/0 : 0[9000] -> 1[85000] [send] via NET/Socket/0 comm 0x55666fea0550 nRanks 02
vcjob-2107896150879928322-abc12335-42846-worker-0:127:6642 [0] NCCL INFO Channel 05/0 : 0[9000] -> 1[85000] [send] via NET/Socket/0 comm 0x55666fea0550 nRanks 02
vcjob-2107896150879928322-abc12335-42846-worker-0:127:6642 [0] NCCL INFO Channel 06/0 : 0[9000] -> 1[85000] [send] via NET/Socket/0 comm 0x55666fea0550 nRanks 02
vcjob-2107896150879928322-abc12335-42846-worker-0:127:6642 [0] NCCL INFO Channel 07/0 : 0[9000] -> 1[85000] [send] via NET/Socket/0 comm 0x55666fea0550 nRanks 02
vcjob-2107896150879928322-abc12335-42846-worker-0:127:6642 [0] NCCL INFO Channel 08/0 : 0[9000] -> 1[85000] [send] via NET/Socket/0 comm 0x55666fea0550 nRanks 02
vcjob-2107896150879928322-abc12335-42846-worker-0:127:6642 [0] NCCL INFO Channel 09/0 : 0[9000] -> 1[85000] [send] via NET/Socket/0 comm 0x55666fea0550 nRanks 02
vcjob-2107896150879928322-abc12335-42846-worker-0:127:6642 [0] NCCL INFO Channel 10/0 : 0[9000] -> 1[85000] [send] via NET/Socket/0 comm 0x55666fea0550 nRanks 02
vcjob-2107896150879928322-abc12335-42846-worker-0:127:6642 [0] NCCL INFO Channel 11/0 : 0[9000] -> 1[85000] [send] via NET/Socket/0 comm 0x55666fea0550 nRanks 02
vcjob-2107896150879928322-abc12335-42846-worker-0:127:6642 [0] NCCL INFO Channel 12/0 : 0[9000] -> 1[85000] [send] via NET/Socket/0 comm 0x55666fea0550 nRanks 02
vcjob-2107896150879928322-abc12335-42846-worker-0:127:6642 [0] NCCL INFO Channel 13/0 : 0[9000] -> 1[85000] [send] via NET/Socket/0 comm 0x55666fea0550 nRanks 02
vcjob-2107896150879928322-abc12335-42846-worker-0:127:6642 [0] NCCL INFO Channel 14/0 : 0[9000] -> 1[85000] [send] via NET/Socket/0 comm 0x55666fea0550 nRanks 02
vcjob-2107896150879928322-abc12335-42846-worker-0:127:6642 [0] NCCL INFO Channel 15/0 : 0[9000] -> 1[85000] [send] via NET/Socket/0 comm 0x55666fea0550 nRanks 02
vcjob-2107896150879928322-abc12335-42846-worker-0:127:6642 [0] NCCL INFO Channel 16/0 : 0[9000] -> 1[85000] [send] via NET/Socket/0 comm 0x55666fea0550 nRanks 02
vcjob-2107896150879928322-abc12335-42846-worker-0:127:6642 [0] NCCL INFO Channel 17/0 : 0[9000] -> 1[85000] [send] via NET/Socket/0 comm 0x55666fea0550 nRanks 02
vcjob-2107896150879928322-abc12335-42846-worker-0:127:6642 [0] NCCL INFO Channel 18/0 : 0[9000] -> 1[85000] [send] via NET/Socket/0 comm 0x55666fea0550 nRanks 02
vcjob-2107896150879928322-abc12335-42846-worker-0:127:6642 [0] NCCL INFO Channel 19/0 : 0[9000] -> 1[85000] [send] via NET/Socket/0 comm 0x55666fea0550 nRanks 02
vcjob-2107896150879928322-abc12335-42846-worker-0:127:6642 [0] NCCL INFO Channel 20/0 : 0[9000] -> 1[85000] [send] via NET/Socket/0 comm 0x55666fea0550 nRanks 02
vcjob-2107896150879928322-abc12335-42846-worker-0:127:6642 [0] NCCL INFO Channel 21/0 : 0[9000] -> 1[85000] [send] via NET/Socket/0 comm 0x55666fea0550 nRanks 02
vcjob-2107896150879928322-abc12335-42846-worker-0:127:6642 [0] NCCL INFO Channel 22/0 : 0[9000] -> 1[85000] [send] via NET/Socket/0 comm 0x55666fea0550 nRanks 02
vcjob-2107896150879928322-abc12335-42846-worker-0:127:6642 [0] NCCL INFO Channel 23/0 : 0[9000] -> 1[85000] [send] via NET/Socket/0 comm 0x55666fea0550 nRanks 02
vcjob-2107896150879928322-abc12335-42846-worker-0:127:6642 [0] NCCL INFO Channel 24/0 : 0[9000] -> 1[85000] [send] via NET/Socket/0 comm 0x55666fea0550 nRanks 02
vcjob-2107896150879928322-abc12335-42846-worker-0:127:6642 [0] NCCL INFO Channel 25/0 : 0[9000] -> 1[85000] [send] via NET/Socket/0 comm 0x55666fea0550 nRanks 02
vcjob-2107896150879928322-abc12335-42846-worker-0:127:6642 [0] NCCL INFO Channel 26/0 : 0[9000] -> 1[85000] [send] via NET/Socket/0 comm 0x55666fea0550 nRanks 02
vcjob-2107896150879928322-abc12335-42846-worker-0:127:6642 [0] NCCL INFO Channel 27/0 : 0[9000] -> 1[85000] [send] via NET/Socket/0 comm 0x55666fea0550 nRanks 02
vcjob-2107896150879928322-abc12335-42846-worker-0:127:6642 [0] NCCL INFO Channel 28/0 : 0[9000] -> 1[85000] [send] via NET/Socket/0 comm 0x55666fea0550 nRanks 02
vcjob-2107896150879928322-abc12335-42846-worker-0:127:6642 [0] NCCL INFO Channel 29/0 : 0[9000] -> 1[85000] [send] via NET/Socket/0 comm 0x55666fea0550 nRanks 02
vcjob-2107896150879928322-abc12335-42846-worker-0:127:6642 [0] NCCL INFO Channel 30/0 : 0[9000] -> 1[85000] [send] via NET/Socket/0 comm 0x55666fea0550 nRanks 02
vcjob-2107896150879928322-abc12335-42846-worker-0:127:6642 [0] NCCL INFO Channel 31/0 : 0[9000] -> 1[85000] [send] via NET/Socket/0 comm 0x55666fea0550 nRanks 02
vcjob-2107896150879928322-abc12335-42846-worker-0:127:6642 [0] NCCL INFO Connected all rings
vcjob-2107896150879928322-abc12335-42846-worker-0:127:6642 [0] NCCL INFO Connected all trees
vcjob-2107896150879928322-abc12335-42846-worker-0:127:6642 [0] NCCL INFO threadThresholds 8/8/64 | 16/8/64 | 256 | 256
vcjob-2107896150879928322-abc12335-42846-worker-0:127:6642 [0] NCCL INFO 32 coll channels, 32 collnet channels, 0 nvls channels, 32 p2p channels, 32 p2p channels per peer
vcjob-2107896150879928322-abc12335-42846-worker-0:127:6642 [0] NCCL INFO CC Off, Multi-GPU CC Off, workFifoBytes 4194304
vcjob-2107896150879928322-abc12335-42846-worker-0:127:6642 [0] NCCL INFO ncclCommInitRank comm 0x55666fea0550 rank 0 nranks 2 cudaDev 0 nvmlDev 0 busId 9000 commId 0x1caa1bd658a37ab0 localSize 480 used 1819072944 bytes on core 15 - Init COMPLETE
vcjob-2107896150879928322-abc12335-42846-worker-0:127:6642 [0] NCCL INFO Init timings: rank 0 nranks 2 total 0.27 (kernels 0.00, bootstrap 0.01, allgathers 0.00, topo 0.10, graphs 0.00, connections 0.16, rest 0.00)
I1008 02:10:06.272416   127 ProcessGroupNCCL.cpp:2890] [PG ID 0 PG GUID 0(default_pg) Rank 0] NCCL_DEBUG: INFO
vcjob-2107896150879928322-abc12335-42846-worker-0:127:6646 [0] NCCL INFO Channel 01/1 : 1[85000] -> 0[9000] [receive] via NET/Socket/0/Shared comm 0x55666fea0550 nRanks 02
vcjob-2107896150879928322-abc12335-42846-worker-0:127:6646 [0] NCCL INFO Channel 03/1 : 1[85000] -> 0[9000] [receive] via NET/Socket/0/Shared comm 0x55666fea0550 nRanks 02
vcjob-2107896150879928322-abc12335-42846-worker-0:127:6646 [0] NCCL INFO Channel 05/1 : 1[85000] -> 0[9000] [receive] via NET/Socket/0/Shared comm 0x55666fea0550 nRanks 02
vcjob-2107896150879928322-abc12335-42846-worker-0:127:6646 [0] NCCL INFO Channel 07/1 : 1[85000] -> 0[9000] [receive] via NET/Socket/0/Shared comm 0x55666fea0550 nRanks 02
vcjob-2107896150879928322-abc12335-42846-worker-0:127:6646 [0] NCCL INFO Channel 09/1 : 1[85000] -> 0[9000] [receive] via NET/Socket/0/Shared comm 0x55666fea0550 nRanks 02
vcjob-2107896150879928322-abc12335-42846-worker-0:127:6646 [0] NCCL INFO Channel 11/1 : 1[85000] -> 0[9000] [receive] via NET/Socket/0/Shared comm 0x55666fea0550 nRanks 02
vcjob-2107896150879928322-abc12335-42846-worker-0:127:6646 [0] NCCL INFO Channel 13/1 : 1[85000] -> 0[9000] [receive] via NET/Socket/0/Shared comm 0x55666fea0550 nRanks 02
vcjob-2107896150879928322-abc12335-42846-worker-0:127:6646 [0] NCCL INFO Channel 15/1 : 1[85000] -> 0[9000] [receive] via NET/Socket/0/Shared comm 0x55666fea0550 nRanks 02
vcjob-2107896150879928322-abc12335-42846-worker-0:127:6646 [0] NCCL INFO Channel 17/1 : 1[85000] -> 0[9000] [receive] via NET/Socket/0/Shared comm 0x55666fea0550 nRanks 02
vcjob-2107896150879928322-abc12335-42846-worker-0:127:6646 [0] NCCL INFO Channel 19/1 : 1[85000] -> 0[9000] [receive] via NET/Socket/0/Shared comm 0x55666fea0550 nRanks 02
vcjob-2107896150879928322-abc12335-42846-worker-0:127:6646 [0] NCCL INFO Channel 21/1 : 1[85000] -> 0[9000] [receive] via NET/Socket/0/Shared comm 0x55666fea0550 nRanks 02
vcjob-2107896150879928322-abc12335-42846-worker-0:127:6646 [0] NCCL INFO Channel 23/1 : 1[85000] -> 0[9000] [receive] via NET/Socket/0/Shared comm 0x55666fea0550 nRanks 02
vcjob-2107896150879928322-abc12335-42846-worker-0:127:6646 [0] NCCL INFO Channel 25/1 : 1[85000] -> 0[9000] [receive] via NET/Socket/0/Shared comm 0x55666fea0550 nRanks 02
vcjob-2107896150879928322-abc12335-42846-worker-0:127:6646 [0] NCCL INFO Channel 27/1 : 1[85000] -> 0[9000] [receive] via NET/Socket/0/Shared comm 0x55666fea0550 nRanks 02
vcjob-2107896150879928322-abc12335-42846-worker-0:127:6646 [0] NCCL INFO Channel 29/1 : 1[85000] -> 0[9000] [receive] via NET/Socket/0/Shared comm 0x55666fea0550 nRanks 02
vcjob-2107896150879928322-abc12335-42846-worker-0:127:6646 [0] NCCL INFO Channel 31/1 : 1[85000] -> 0[9000] [receive] via NET/Socket/0/Shared comm 0x55666fea0550 nRanks 02

vcjob-2107896150879928322-abc12335-42846-worker-0:127:127 [0] /data/jenkins_workspace/workspace/rccl_release/build/hipify/src/init.cc:170 NCCL WARN NUMA auto balancing enabled which can lead to variability in the RCCL performance! Disable by "sudo sysctl kernel.numa_balancing=0"
vcjob-2107896150879928322-abc12335-42846-worker-0:127:127 [0] NCCL INFO Kernel version: 5.15.0-25-generic

vcjob-2107896150879928322-abc12335-42846-worker-0:127:127 [0] /data/jenkins_workspace/workspace/rccl_release/build/hipify/src/init.cc:191 NCCL WARN Missing "iommu=pt" from kernel command line which can lead to system instablity or hang!
I1008 02:10:06.307173   127 ProcessGroupNCCL.cpp:2857] [PG ID 0 PG GUID 0(default_pg) Rank 0] ProcessGroupNCCL broadcast unique ID through store took 0.084311 ms
I1008 02:10:06.307199   127 NCCLUtils.cpp:75] Rank 0: creating NCCL communicator with mode: blocking

vcjob-2107896150879928322-abc12335-42846-worker-0:127:127 [0] /data/jenkins_workspace/workspace/rccl_release/build/hipify/src/init.cc:170 NCCL WARN NUMA auto balancing enabled which can lead to variability in the RCCL performance! Disable by "sudo sysctl kernel.numa_balancing=0"
vcjob-2107896150879928322-abc12335-42846-worker-0:127:127 [0] NCCL INFO Kernel version: 5.15.0-25-generic

vcjob-2107896150879928322-abc12335-42846-worker-0:127:127 [0] /data/jenkins_workspace/workspace/rccl_release/build/hipify/src/init.cc:191 NCCL WARN Missing "iommu=pt" from kernel command line which can lead to system instablity or hang!
vcjob-2107896150879928322-abc12335-42846-worker-0:127:127 [0] NCCL INFO Comm config Blocking set to 1
vcjob-2107896150879928322-abc12335-42846-worker-0:127:6648 [0] NCCL INFO Using network Socket
vcjob-2107896150879928322-abc12335-42846-worker-0:127:6648 [0] NCCL INFO rocm_smi_lib: version 7.6.0.0
vcjob-2107896150879928322-abc12335-42846-worker-0:127:6648 [0] NCCL INFO ncclCommInitRank comm 0x55666ff6bd40 rank 0 nranks 2 cudaDev 0 nvmlDev 0 busId 9000 commId 0x787e427bfc410e2a - Init START
vcjob-2107896150879928322-abc12335-42846-worker-0:127:6648 [0] NCCL INFO rank:0 get match hsa dev domain:0x0 bdf:0x900 rank busId:0x36864
vcjob-2107896150879928322-abc12335-42846-worker-0:127:6648 [0] NCCL INFO XDP Switch is off with xdp_size : 0

vcjob-2107896150879928322-abc12335-42846-worker-0:127:6648 [0] /data/jenkins_workspace/workspace/rccl_release/build/hipify/src/graph/xml.cc:1211 NCCL WARN No IB NIC found, the generation of the basic topology has been terminated.
vcjob-2107896150879928322-abc12335-42846-worker-0:127:6648 [0] NCCL INFO rocm_smi_lib: version 7.6.0.0
vcjob-2107896150879928322-abc12335-42846-worker-0:127:6648 [0] NCCL INFO Setting affinity for GPU 0 to ffff
vcjob-2107896150879928322-abc12335-42846-worker-0:127:6648 [0] NCCL INFO Rank:0 Get link topo from rocmDev:0 linkNum:8 link:0 linkState:1 remote type:1 bdf:0x9b00 topoType:2
vcjob-2107896150879928322-abc12335-42846-worker-0:127:6648 [0] NCCL INFO Transport init rank 0 useXdp 0 linkTopoType 2
vcjob-2107896150879928322-abc12335-42846-worker-0:127:6648 [0] NCCL INFO comm 0x55666ff6bd40 rank 0 nRanks 2 nNodes 2 localRanks 1 localRank 0 MNNVL 0
vcjob-2107896150879928322-abc12335-42846-worker-0:127:6648 [0] NCCL INFO Channel 00/32 :    0   1
vcjob-2107896150879928322-abc12335-42846-worker-0:127:6648 [0] NCCL INFO Channel 01/32 :    0   1
vcjob-2107896150879928322-abc12335-42846-worker-0:127:6648 [0] NCCL INFO Channel 02/32 :    0   1
vcjob-2107896150879928322-abc12335-42846-worker-0:127:6648 [0] NCCL INFO Channel 03/32 :    0   1
vcjob-2107896150879928322-abc12335-42846-worker-0:127:6648 [0] NCCL INFO Channel 04/32 :    0   1
vcjob-2107896150879928322-abc12335-42846-worker-0:127:6648 [0] NCCL INFO Channel 05/32 :    0   1
vcjob-2107896150879928322-abc12335-42846-worker-0:127:6648 [0] NCCL INFO Channel 06/32 :    0   1
vcjob-2107896150879928322-abc12335-42846-worker-0:127:6648 [0] NCCL INFO Channel 07/32 :    0   1
vcjob-2107896150879928322-abc12335-42846-worker-0:127:6648 [0] NCCL INFO Channel 08/32 :    0   1
vcjob-2107896150879928322-abc12335-42846-worker-0:127:6648 [0] NCCL INFO Channel 09/32 :    0   1
vcjob-2107896150879928322-abc12335-42846-worker-0:127:6648 [0] NCCL INFO Channel 10/32 :    0   1
vcjob-2107896150879928322-abc12335-42846-worker-0:127:6648 [0] NCCL INFO Channel 11/32 :    0   1
vcjob-2107896150879928322-abc12335-42846-worker-0:127:6648 [0] NCCL INFO Channel 12/32 :    0   1
vcjob-2107896150879928322-abc12335-42846-worker-0:127:6648 [0] NCCL INFO Channel 13/32 :    0   1
vcjob-2107896150879928322-abc12335-42846-worker-0:127:6648 [0] NCCL INFO Channel 14/32 :    0   1
vcjob-2107896150879928322-abc12335-42846-worker-0:127:6648 [0] NCCL INFO Channel 15/32 :    0   1
vcjob-2107896150879928322-abc12335-42846-worker-0:127:6648 [0] NCCL INFO Channel 16/32 :    0   1
vcjob-2107896150879928322-abc12335-42846-worker-0:127:6648 [0] NCCL INFO Channel 17/32 :    0   1
vcjob-2107896150879928322-abc12335-42846-worker-0:127:6648 [0] NCCL INFO Channel 18/32 :    0   1
vcjob-2107896150879928322-abc12335-42846-worker-0:127:6648 [0] NCCL INFO Channel 19/32 :    0   1
vcjob-2107896150879928322-abc12335-42846-worker-0:127:6648 [0] NCCL INFO Channel 20/32 :    0   1
vcjob-2107896150879928322-abc12335-42846-worker-0:127:6648 [0] NCCL INFO Channel 21/32 :    0   1
vcjob-2107896150879928322-abc12335-42846-worker-0:127:6648 [0] NCCL INFO Channel 22/32 :    0   1
vcjob-2107896150879928322-abc12335-42846-worker-0:127:6648 [0] NCCL INFO Channel 23/32 :    0   1
vcjob-2107896150879928322-abc12335-42846-worker-0:127:6648 [0] NCCL INFO Channel 24/32 :    0   1
vcjob-2107896150879928322-abc12335-42846-worker-0:127:6648 [0] NCCL INFO Channel 25/32 :    0   1
vcjob-2107896150879928322-abc12335-42846-worker-0:127:6648 [0] NCCL INFO Channel 26/32 :    0   1
vcjob-2107896150879928322-abc12335-42846-worker-0:127:6648 [0] NCCL INFO Channel 27/32 :    0   1
vcjob-2107896150879928322-abc12335-42846-worker-0:127:6648 [0] NCCL INFO Channel 28/32 :    0   1
vcjob-2107896150879928322-abc12335-42846-worker-0:127:6648 [0] NCCL INFO Channel 29/32 :    0   1
vcjob-2107896150879928322-abc12335-42846-worker-0:127:6648 [0] NCCL INFO Channel 30/32 :    0   1
vcjob-2107896150879928322-abc12335-42846-worker-0:127:6648 [0] NCCL INFO Channel 31/32 :    0   1
vcjob-2107896150879928322-abc12335-42846-worker-0:127:6648 [0] NCCL INFO Trees [0] 1/-1/-1->0->-1 [1] -1/-1/-1->0->1 [2] 1/-1/-1->0->-1 [3] -1/-1/-1->0->1 [4] 1/-1/-1->0->-1 [5] -1/-1/-1->0->1 [6] 1/-1/-1->0->-1 [7] -1/-1/-1->0->1 [8] 1/-1/-1->0->-1 [9] -1/-1/-1->0->1 [10] 1/-1/-1->0->-1 [11] -1/-1/-1->0->1 [12] 1/-1/-1->0->-1 [13] -1/-1/-1->0->1 [14] 1/-1/-1->0->-1 [15] -1/-1/-1->0->1 [16] 1/-1/-1->0->-1 [17] -1/-1/-1->0->1 [18] 1/-1/-1->0->-1 [19] -1/-1/-1->0->1 [20] 1/-1/-1->0->-1 [21] -1/-1/-1->0->1 [22] 1/-1/-1->0->-1 [23] -1/-1/-1->0->1 [24] 1/-1/-1->0->-1 [25] -1/-1/-1->0->1 [26] 1/-1/-1->0->-1 [27] -1/-1/-1->0->1 [28] 1/-1/-1->0->-1 [29] -1/-1/-1->0->1 [30] 1/-1/-1->0->-1 [31] -1/-1/-1->0->1 comm 0x55666ff6bd40 nRanks 02 busId 9000
vcjob-2107896150879928322-abc12335-42846-worker-0:127:6648 [0] NCCL INFO P2P Chunksize set to 131072
vcjob-2107896150879928322-abc12335-42846-worker-0:127:6648 [0] NCCL INFO comm->autoPerPeerOn: 1, comm->p2pnChannels: 32, comm->p2pnChannelsPerPeer: 32
vcjob-2107896150879928322-abc12335-42846-worker-0:127:6648 [0] NCCL INFO Channel 00/0 : 1[b5000] -> 0[9000] [receive] via NET/Socket/0 comm 0x55666ff6bd40 nRanks 02
vcjob-2107896150879928322-abc12335-42846-worker-0:127:6648 [0] NCCL INFO Channel 01/0 : 1[b5000] -> 0[9000] [receive] via NET/Socket/0 comm 0x55666ff6bd40 nRanks 02
vcjob-2107896150879928322-abc12335-42846-worker-0:127:6648 [0] NCCL INFO Channel 02/0 : 1[b5000] -> 0[9000] [receive] via NET/Socket/0 comm 0x55666ff6bd40 nRanks 02
vcjob-2107896150879928322-abc12335-42846-worker-0:127:6648 [0] NCCL INFO Channel 03/0 : 1[b5000] -> 0[9000] [receive] via NET/Socket/0 comm 0x55666ff6bd40 nRanks 02
vcjob-2107896150879928322-abc12335-42846-worker-0:127:6648 [0] NCCL INFO Channel 04/0 : 1[b5000] -> 0[9000] [receive] via NET/Socket/0 comm 0x55666ff6bd40 nRanks 02
vcjob-2107896150879928322-abc12335-42846-worker-0:127:6648 [0] NCCL INFO Channel 05/0 : 1[b5000] -> 0[9000] [receive] via NET/Socket/0 comm 0x55666ff6bd40 nRanks 02
vcjob-2107896150879928322-abc12335-42846-worker-0:127:6648 [0] NCCL INFO Channel 06/0 : 1[b5000] -> 0[9000] [receive] via NET/Socket/0 comm 0x55666ff6bd40 nRanks 02
vcjob-2107896150879928322-abc12335-42846-worker-0:127:6648 [0] NCCL INFO Channel 07/0 : 1[b5000] -> 0[9000] [receive] via NET/Socket/0 comm 0x55666ff6bd40 nRanks 02
vcjob-2107896150879928322-abc12335-42846-worker-0:127:6648 [0] NCCL INFO Channel 08/0 : 1[b5000] -> 0[9000] [receive] via NET/Socket/0 comm 0x55666ff6bd40 nRanks 02
vcjob-2107896150879928322-abc12335-42846-worker-0:127:6648 [0] NCCL INFO Channel 09/0 : 1[b5000] -> 0[9000] [receive] via NET/Socket/0 comm 0x55666ff6bd40 nRanks 02
vcjob-2107896150879928322-abc12335-42846-worker-0:127:6648 [0] NCCL INFO Channel 10/0 : 1[b5000] -> 0[9000] [receive] via NET/Socket/0 comm 0x55666ff6bd40 nRanks 02
vcjob-2107896150879928322-abc12335-42846-worker-0:127:6648 [0] NCCL INFO Channel 11/0 : 1[b5000] -> 0[9000] [receive] via NET/Socket/0 comm 0x55666ff6bd40 nRanks 02
vcjob-2107896150879928322-abc12335-42846-worker-0:127:6648 [0] NCCL INFO Channel 12/0 : 1[b5000] -> 0[9000] [receive] via NET/Socket/0 comm 0x55666ff6bd40 nRanks 02
vcjob-2107896150879928322-abc12335-42846-worker-0:127:6648 [0] NCCL INFO Channel 13/0 : 1[b5000] -> 0[9000] [receive] via NET/Socket/0 comm 0x55666ff6bd40 nRanks 02
vcjob-2107896150879928322-abc12335-42846-worker-0:127:6648 [0] NCCL INFO Channel 14/0 : 1[b5000] -> 0[9000] [receive] via NET/Socket/0 comm 0x55666ff6bd40 nRanks 02
vcjob-2107896150879928322-abc12335-42846-worker-0:127:6648 [0] NCCL INFO Channel 15/0 : 1[b5000] -> 0[9000] [receive] via NET/Socket/0 comm 0x55666ff6bd40 nRanks 02
vcjob-2107896150879928322-abc12335-42846-worker-0:127:6648 [0] NCCL INFO Channel 16/0 : 1[b5000] -> 0[9000] [receive] via NET/Socket/0 comm 0x55666ff6bd40 nRanks 02
vcjob-2107896150879928322-abc12335-42846-worker-0:127:6648 [0] NCCL INFO Channel 17/0 : 1[b5000] -> 0[9000] [receive] via NET/Socket/0 comm 0x55666ff6bd40 nRanks 02
vcjob-2107896150879928322-abc12335-42846-worker-0:127:6648 [0] NCCL INFO Channel 18/0 : 1[b5000] -> 0[9000] [receive] via NET/Socket/0 comm 0x55666ff6bd40 nRanks 02
vcjob-2107896150879928322-abc12335-42846-worker-0:127:6648 [0] NCCL INFO Channel 19/0 : 1[b5000] -> 0[9000] [receive] via NET/Socket/0 comm 0x55666ff6bd40 nRanks 02
vcjob-2107896150879928322-abc12335-42846-worker-0:127:6648 [0] NCCL INFO Channel 20/0 : 1[b5000] -> 0[9000] [receive] via NET/Socket/0 comm 0x55666ff6bd40 nRanks 02
vcjob-2107896150879928322-abc12335-42846-worker-0:127:6648 [0] NCCL INFO Channel 21/0 : 1[b5000] -> 0[9000] [receive] via NET/Socket/0 comm 0x55666ff6bd40 nRanks 02
vcjob-2107896150879928322-abc12335-42846-worker-0:127:6648 [0] NCCL INFO Channel 22/0 : 1[b5000] -> 0[9000] [receive] via NET/Socket/0 comm 0x55666ff6bd40 nRanks 02
vcjob-2107896150879928322-abc12335-42846-worker-0:127:6648 [0] NCCL INFO Channel 23/0 : 1[b5000] -> 0[9000] [receive] via NET/Socket/0 comm 0x55666ff6bd40 nRanks 02
vcjob-2107896150879928322-abc12335-42846-worker-0:127:6648 [0] NCCL INFO Channel 24/0 : 1[b5000] -> 0[9000] [receive] via NET/Socket/0 comm 0x55666ff6bd40 nRanks 02
vcjob-2107896150879928322-abc12335-42846-worker-0:127:6648 [0] NCCL INFO Channel 25/0 : 1[b5000] -> 0[9000] [receive] via NET/Socket/0 comm 0x55666ff6bd40 nRanks 02
vcjob-2107896150879928322-abc12335-42846-worker-0:127:6648 [0] NCCL INFO Channel 26/0 : 1[b5000] -> 0[9000] [receive] via NET/Socket/0 comm 0x55666ff6bd40 nRanks 02
vcjob-2107896150879928322-abc12335-42846-worker-0:127:6648 [0] NCCL INFO Channel 27/0 : 1[b5000] -> 0[9000] [receive] via NET/Socket/0 comm 0x55666ff6bd40 nRanks 02
vcjob-2107896150879928322-abc12335-42846-worker-0:127:6648 [0] NCCL INFO Channel 28/0 : 1[b5000] -> 0[9000] [receive] via NET/Socket/0 comm 0x55666ff6bd40 nRanks 02
vcjob-2107896150879928322-abc12335-42846-worker-0:127:6648 [0] NCCL INFO Channel 29/0 : 1[b5000] -> 0[9000] [receive] via NET/Socket/0 comm 0x55666ff6bd40 nRanks 02
vcjob-2107896150879928322-abc12335-42846-worker-0:127:6648 [0] NCCL INFO Channel 30/0 : 1[b5000] -> 0[9000] [receive] via NET/Socket/0 comm 0x55666ff6bd40 nRanks 02
vcjob-2107896150879928322-abc12335-42846-worker-0:127:6648 [0] NCCL INFO Channel 31/0 : 1[b5000] -> 0[9000] [receive] via NET/Socket/0 comm 0x55666ff6bd40 nRanks 02
vcjob-2107896150879928322-abc12335-42846-worker-0:127:6648 [0] NCCL INFO Channel 00/0 : 0[9000] -> 1[b5000] [send] via NET/Socket/0 comm 0x55666ff6bd40 nRanks 02
vcjob-2107896150879928322-abc12335-42846-worker-0:127:6648 [0] NCCL INFO Channel 01/0 : 0[9000] -> 1[b5000] [send] via NET/Socket/0 comm 0x55666ff6bd40 nRanks 02
vcjob-2107896150879928322-abc12335-42846-worker-0:127:6648 [0] NCCL INFO Channel 02/0 : 0[9000] -> 1[b5000] [send] via NET/Socket/0 comm 0x55666ff6bd40 nRanks 02
vcjob-2107896150879928322-abc12335-42846-worker-0:127:6648 [0] NCCL INFO Channel 03/0 : 0[9000] -> 1[b5000] [send] via NET/Socket/0 comm 0x55666ff6bd40 nRanks 02
vcjob-2107896150879928322-abc12335-42846-worker-0:127:6648 [0] NCCL INFO Channel 04/0 : 0[9000] -> 1[b5000] [send] via NET/Socket/0 comm 0x55666ff6bd40 nRanks 02
vcjob-2107896150879928322-abc12335-42846-worker-0:127:6648 [0] NCCL INFO Channel 05/0 : 0[9000] -> 1[b5000] [send] via NET/Socket/0 comm 0x55666ff6bd40 nRanks 02
vcjob-2107896150879928322-abc12335-42846-worker-0:127:6648 [0] NCCL INFO Channel 06/0 : 0[9000] -> 1[b5000] [send] via NET/Socket/0 comm 0x55666ff6bd40 nRanks 02
vcjob-2107896150879928322-abc12335-42846-worker-0:127:6648 [0] NCCL INFO Channel 07/0 : 0[9000] -> 1[b5000] [send] via NET/Socket/0 comm 0x55666ff6bd40 nRanks 02
vcjob-2107896150879928322-abc12335-42846-worker-0:127:6648 [0] NCCL INFO Channel 08/0 : 0[9000] -> 1[b5000] [send] via NET/Socket/0 comm 0x55666ff6bd40 nRanks 02
vcjob-2107896150879928322-abc12335-42846-worker-0:127:6648 [0] NCCL INFO Channel 09/0 : 0[9000] -> 1[b5000] [send] via NET/Socket/0 comm 0x55666ff6bd40 nRanks 02
vcjob-2107896150879928322-abc12335-42846-worker-0:127:6648 [0] NCCL INFO Channel 10/0 : 0[9000] -> 1[b5000] [send] via NET/Socket/0 comm 0x55666ff6bd40 nRanks 02
vcjob-2107896150879928322-abc12335-42846-worker-0:127:6648 [0] NCCL INFO Channel 11/0 : 0[9000] -> 1[b5000] [send] via NET/Socket/0 comm 0x55666ff6bd40 nRanks 02
vcjob-2107896150879928322-abc12335-42846-worker-0:127:6648 [0] NCCL INFO Channel 12/0 : 0[9000] -> 1[b5000] [send] via NET/Socket/0 comm 0x55666ff6bd40 nRanks 02
vcjob-2107896150879928322-abc12335-42846-worker-0:127:6648 [0] NCCL INFO Channel 13/0 : 0[9000] -> 1[b5000] [send] via NET/Socket/0 comm 0x55666ff6bd40 nRanks 02
vcjob-2107896150879928322-abc12335-42846-worker-0:127:6648 [0] NCCL INFO Channel 14/0 : 0[9000] -> 1[b5000] [send] via NET/Socket/0 comm 0x55666ff6bd40 nRanks 02
vcjob-2107896150879928322-abc12335-42846-worker-0:127:6648 [0] NCCL INFO Channel 15/0 : 0[9000] -> 1[b5000] [send] via NET/Socket/0 comm 0x55666ff6bd40 nRanks 02
vcjob-2107896150879928322-abc12335-42846-worker-0:127:6648 [0] NCCL INFO Channel 16/0 : 0[9000] -> 1[b5000] [send] via NET/Socket/0 comm 0x55666ff6bd40 nRanks 02
vcjob-2107896150879928322-abc12335-42846-worker-0:127:6648 [0] NCCL INFO Channel 17/0 : 0[9000] -> 1[b5000] [send] via NET/Socket/0 comm 0x55666ff6bd40 nRanks 02
vcjob-2107896150879928322-abc12335-42846-worker-0:127:6648 [0] NCCL INFO Channel 18/0 : 0[9000] -> 1[b5000] [send] via NET/Socket/0 comm 0x55666ff6bd40 nRanks 02
vcjob-2107896150879928322-abc12335-42846-worker-0:127:6648 [0] NCCL INFO Channel 19/0 : 0[9000] -> 1[b5000] [send] via NET/Socket/0 comm 0x55666ff6bd40 nRanks 02
vcjob-2107896150879928322-abc12335-42846-worker-0:127:6648 [0] NCCL INFO Channel 20/0 : 0[9000] -> 1[b5000] [send] via NET/Socket/0 comm 0x55666ff6bd40 nRanks 02
vcjob-2107896150879928322-abc12335-42846-worker-0:127:6648 [0] NCCL INFO Channel 21/0 : 0[9000] -> 1[b5000] [send] via NET/Socket/0 comm 0x55666ff6bd40 nRanks 02
vcjob-2107896150879928322-abc12335-42846-worker-0:127:6648 [0] NCCL INFO Channel 22/0 : 0[9000] -> 1[b5000] [send] via NET/Socket/0 comm 0x55666ff6bd40 nRanks 02
vcjob-2107896150879928322-abc12335-42846-worker-0:127:6648 [0] NCCL INFO Channel 23/0 : 0[9000] -> 1[b5000] [send] via NET/Socket/0 comm 0x55666ff6bd40 nRanks 02
vcjob-2107896150879928322-abc12335-42846-worker-0:127:6648 [0] NCCL INFO Channel 24/0 : 0[9000] -> 1[b5000] [send] via NET/Socket/0 comm 0x55666ff6bd40 nRanks 02
vcjob-2107896150879928322-abc12335-42846-worker-0:127:6648 [0] NCCL INFO Channel 25/0 : 0[9000] -> 1[b5000] [send] via NET/Socket/0 comm 0x55666ff6bd40 nRanks 02
vcjob-2107896150879928322-abc12335-42846-worker-0:127:6648 [0] NCCL INFO Channel 26/0 : 0[9000] -> 1[b5000] [send] via NET/Socket/0 comm 0x55666ff6bd40 nRanks 02
vcjob-2107896150879928322-abc12335-42846-worker-0:127:6648 [0] NCCL INFO Channel 27/0 : 0[9000] -> 1[b5000] [send] via NET/Socket/0 comm 0x55666ff6bd40 nRanks 02
vcjob-2107896150879928322-abc12335-42846-worker-0:127:6648 [0] NCCL INFO Channel 28/0 : 0[9000] -> 1[b5000] [send] via NET/Socket/0 comm 0x55666ff6bd40 nRanks 02
vcjob-2107896150879928322-abc12335-42846-worker-0:127:6648 [0] NCCL INFO Channel 29/0 : 0[9000] -> 1[b5000] [send] via NET/Socket/0 comm 0x55666ff6bd40 nRanks 02
vcjob-2107896150879928322-abc12335-42846-worker-0:127:6648 [0] NCCL INFO Channel 30/0 : 0[9000] -> 1[b5000] [send] via NET/Socket/0 comm 0x55666ff6bd40 nRanks 02
vcjob-2107896150879928322-abc12335-42846-worker-0:127:6648 [0] NCCL INFO Channel 31/0 : 0[9000] -> 1[b5000] [send] via NET/Socket/0 comm 0x55666ff6bd40 nRanks 02
vcjob-2107896150879928322-abc12335-42846-worker-0:127:6648 [0] NCCL INFO Connected all rings
vcjob-2107896150879928322-abc12335-42846-worker-0:127:6648 [0] NCCL INFO Connected all trees
vcjob-2107896150879928322-abc12335-42846-worker-0:127:6648 [0] NCCL INFO threadThresholds 8/8/64 | 16/8/64 | 256 | 256
vcjob-2107896150879928322-abc12335-42846-worker-0:127:6648 [0] NCCL INFO 32 coll channels, 32 collnet channels, 0 nvls channels, 32 p2p channels, 32 p2p channels per peer
vcjob-2107896150879928322-abc12335-42846-worker-0:127:6648 [0] NCCL INFO CC Off, Multi-GPU CC Off, workFifoBytes 4194304
vcjob-2107896150879928322-abc12335-42846-worker-0:127:6648 [0] NCCL INFO ncclCommInitRank comm 0x55666ff6bd40 rank 0 nranks 2 cudaDev 0 nvmlDev 0 busId 9000 commId 0x787e427bfc410e2a localSize 480 used 1853266720 bytes on core 10 - Init COMPLETE
vcjob-2107896150879928322-abc12335-42846-worker-0:127:6648 [0] NCCL INFO Init timings: rank 0 nranks 2 total 0.27 (kernels 0.00, bootstrap 0.00, allgathers 0.00, topo 0.10, graphs 0.00, connections 0.16, rest 0.00)
I1008 02:10:06.614557   127 ProcessGroupNCCL.cpp:2890] [PG ID 0 PG GUID 0(default_pg) Rank 0] NCCL_DEBUG: INFO
vcjob-2107896150879928322-abc12335-42846-worker-0:127:6652 [0] NCCL INFO Channel 01/1 : 1[b5000] -> 0[9000] [receive] via NET/Socket/0/Shared comm 0x55666ff6bd40 nRanks 02
vcjob-2107896150879928322-abc12335-42846-worker-0:127:6652 [0] NCCL INFO Channel 03/1 : 1[b5000] -> 0[9000] [receive] via NET/Socket/0/Shared comm 0x55666ff6bd40 nRanks 02
vcjob-2107896150879928322-abc12335-42846-worker-0:127:6652 [0] NCCL INFO Channel 05/1 : 1[b5000] -> 0[9000] [receive] via NET/Socket/0/Shared comm 0x55666ff6bd40 nRanks 02
vcjob-2107896150879928322-abc12335-42846-worker-0:127:6652 [0] NCCL INFO Channel 07/1 : 1[b5000] -> 0[9000] [receive] via NET/Socket/0/Shared comm 0x55666ff6bd40 nRanks 02
vcjob-2107896150879928322-abc12335-42846-worker-0:127:6652 [0] NCCL INFO Channel 09/1 : 1[b5000] -> 0[9000] [receive] via NET/Socket/0/Shared comm 0x55666ff6bd40 nRanks 02
vcjob-2107896150879928322-abc12335-42846-worker-0:127:6652 [0] NCCL INFO Channel 11/1 : 1[b5000] -> 0[9000] [receive] via NET/Socket/0/Shared comm 0x55666ff6bd40 nRanks 02
vcjob-2107896150879928322-abc12335-42846-worker-0:127:6652 [0] NCCL INFO Channel 13/1 : 1[b5000] -> 0[9000] [receive] via NET/Socket/0/Shared comm 0x55666ff6bd40 nRanks 02
vcjob-2107896150879928322-abc12335-42846-worker-0:127:6652 [0] NCCL INFO Channel 15/1 : 1[b5000] -> 0[9000] [receive] via NET/Socket/0/Shared comm 0x55666ff6bd40 nRanks 02
vcjob-2107896150879928322-abc12335-42846-worker-0:127:6652 [0] NCCL INFO Channel 17/1 : 1[b5000] -> 0[9000] [receive] via NET/Socket/0/Shared comm 0x55666ff6bd40 nRanks 02
vcjob-2107896150879928322-abc12335-42846-worker-0:127:6652 [0] NCCL INFO Channel 19/1 : 1[b5000] -> 0[9000] [receive] via NET/Socket/0/Shared comm 0x55666ff6bd40 nRanks 02
vcjob-2107896150879928322-abc12335-42846-worker-0:127:6652 [0] NCCL INFO Channel 21/1 : 1[b5000] -> 0[9000] [receive] via NET/Socket/0/Shared comm 0x55666ff6bd40 nRanks 02
vcjob-2107896150879928322-abc12335-42846-worker-0:127:6652 [0] NCCL INFO Channel 23/1 : 1[b5000] -> 0[9000] [receive] via NET/Socket/0/Shared comm 0x55666ff6bd40 nRanks 02
vcjob-2107896150879928322-abc12335-42846-worker-0:127:6652 [0] NCCL INFO Channel 25/1 : 1[b5000] -> 0[9000] [receive] via NET/Socket/0/Shared comm 0x55666ff6bd40 nRanks 02
vcjob-2107896150879928322-abc12335-42846-worker-0:127:6652 [0] NCCL INFO Channel 27/1 : 1[b5000] -> 0[9000] [receive] via NET/Socket/0/Shared comm 0x55666ff6bd40 nRanks 02
vcjob-2107896150879928322-abc12335-42846-worker-0:127:6652 [0] NCCL INFO Channel 29/1 : 1[b5000] -> 0[9000] [receive] via NET/Socket/0/Shared comm 0x55666ff6bd40 nRanks 02
vcjob-2107896150879928322-abc12335-42846-worker-0:127:6652 [0] NCCL INFO Channel 31/1 : 1[b5000] -> 0[9000] [receive] via NET/Socket/0/Shared comm 0x55666ff6bd40 nRanks 02

vcjob-2107896150879928322-abc12335-42846-worker-0:127:127 [0] /data/jenkins_workspace/workspace/rccl_release/build/hipify/src/init.cc:170 NCCL WARN NUMA auto balancing enabled which can lead to variability in the RCCL performance! Disable by "sudo sysctl kernel.numa_balancing=0"
vcjob-2107896150879928322-abc12335-42846-worker-0:127:127 [0] NCCL INFO Kernel version: 5.15.0-25-generic

vcjob-2107896150879928322-abc12335-42846-worker-0:127:127 [0] /data/jenkins_workspace/workspace/rccl_release/build/hipify/src/init.cc:191 NCCL WARN Missing "iommu=pt" from kernel command line which can lead to system instablity or hang!
I1008 02:10:06.687552   127 ProcessGroupNCCL.cpp:2857] [PG ID 0 PG GUID 0(default_pg) Rank 0] ProcessGroupNCCL broadcast unique ID through store took 0.03291 ms
I1008 02:10:06.687574   127 NCCLUtils.cpp:75] Rank 0: creating NCCL communicator with mode: blocking

vcjob-2107896150879928322-abc12335-42846-worker-0:127:127 [0] /data/jenkins_workspace/workspace/rccl_release/build/hipify/src/init.cc:170 NCCL WARN NUMA auto balancing enabled which can lead to variability in the RCCL performance! Disable by "sudo sysctl kernel.numa_balancing=0"
vcjob-2107896150879928322-abc12335-42846-worker-0:127:127 [0] NCCL INFO Kernel version: 5.15.0-25-generic

vcjob-2107896150879928322-abc12335-42846-worker-0:127:127 [0] /data/jenkins_workspace/workspace/rccl_release/build/hipify/src/init.cc:191 NCCL WARN Missing "iommu=pt" from kernel command line which can lead to system instablity or hang!
vcjob-2107896150879928322-abc12335-42846-worker-0:127:127 [0] NCCL INFO Comm config Blocking set to 1
vcjob-2107896150879928322-abc12335-42846-worker-0:127:6654 [0] NCCL INFO Using network Socket
vcjob-2107896150879928322-abc12335-42846-worker-0:127:6654 [0] NCCL INFO rocm_smi_lib: version 7.6.0.0
vcjob-2107896150879928322-abc12335-42846-worker-0:127:6654 [0] NCCL INFO ncclCommInitRank comm 0x55667003a6d0 rank 0 nranks 2 cudaDev 0 nvmlDev 0 busId 9000 commId 0x26c62682395fb45c - Init START
vcjob-2107896150879928322-abc12335-42846-worker-0:127:6654 [0] NCCL INFO rank:0 get match hsa dev domain:0x0 bdf:0x900 rank busId:0x36864
vcjob-2107896150879928322-abc12335-42846-worker-0:127:6654 [0] NCCL INFO XDP Switch is off with xdp_size : 0

vcjob-2107896150879928322-abc12335-42846-worker-0:127:6654 [0] /data/jenkins_workspace/workspace/rccl_release/build/hipify/src/graph/xml.cc:1211 NCCL WARN No IB NIC found, the generation of the basic topology has been terminated.
vcjob-2107896150879928322-abc12335-42846-worker-0:127:6654 [0] NCCL INFO rocm_smi_lib: version 7.6.0.0
vcjob-2107896150879928322-abc12335-42846-worker-0:127:6654 [0] NCCL INFO Setting affinity for GPU 0 to ffff
vcjob-2107896150879928322-abc12335-42846-worker-0:127:6654 [0] NCCL INFO Rank:0 Get link topo from rocmDev:0 linkNum:8 link:0 linkState:1 remote type:1 bdf:0x9b00 topoType:2
vcjob-2107896150879928322-abc12335-42846-worker-0:127:6654 [0] NCCL INFO Transport init rank 0 useXdp 0 linkTopoType 2
vcjob-2107896150879928322-abc12335-42846-worker-0:127:6654 [0] NCCL INFO comm 0x55667003a6d0 rank 0 nRanks 2 nNodes 2 localRanks 1 localRank 0 MNNVL 0
vcjob-2107896150879928322-abc12335-42846-worker-0:127:6654 [0] NCCL INFO Channel 00/32 :    0   1
vcjob-2107896150879928322-abc12335-42846-worker-0:127:6654 [0] NCCL INFO Channel 01/32 :    0   1
vcjob-2107896150879928322-abc12335-42846-worker-0:127:6654 [0] NCCL INFO Channel 02/32 :    0   1
vcjob-2107896150879928322-abc12335-42846-worker-0:127:6654 [0] NCCL INFO Channel 03/32 :    0   1
vcjob-2107896150879928322-abc12335-42846-worker-0:127:6654 [0] NCCL INFO Channel 04/32 :    0   1
vcjob-2107896150879928322-abc12335-42846-worker-0:127:6654 [0] NCCL INFO Channel 05/32 :    0   1
vcjob-2107896150879928322-abc12335-42846-worker-0:127:6654 [0] NCCL INFO Channel 06/32 :    0   1
vcjob-2107896150879928322-abc12335-42846-worker-0:127:6654 [0] NCCL INFO Channel 07/32 :    0   1
vcjob-2107896150879928322-abc12335-42846-worker-0:127:6654 [0] NCCL INFO Channel 08/32 :    0   1
vcjob-2107896150879928322-abc12335-42846-worker-0:127:6654 [0] NCCL INFO Channel 09/32 :    0   1
vcjob-2107896150879928322-abc12335-42846-worker-0:127:6654 [0] NCCL INFO Channel 10/32 :    0   1
vcjob-2107896150879928322-abc12335-42846-worker-0:127:6654 [0] NCCL INFO Channel 11/32 :    0   1
vcjob-2107896150879928322-abc12335-42846-worker-0:127:6654 [0] NCCL INFO Channel 12/32 :    0   1
vcjob-2107896150879928322-abc12335-42846-worker-0:127:6654 [0] NCCL INFO Channel 13/32 :    0   1
vcjob-2107896150879928322-abc12335-42846-worker-0:127:6654 [0] NCCL INFO Channel 14/32 :    0   1
vcjob-2107896150879928322-abc12335-42846-worker-0:127:6654 [0] NCCL INFO Channel 15/32 :    0   1
vcjob-2107896150879928322-abc12335-42846-worker-0:127:6654 [0] NCCL INFO Channel 16/32 :    0   1
vcjob-2107896150879928322-abc12335-42846-worker-0:127:6654 [0] NCCL INFO Channel 17/32 :    0   1
vcjob-2107896150879928322-abc12335-42846-worker-0:127:6654 [0] NCCL INFO Channel 18/32 :    0   1
vcjob-2107896150879928322-abc12335-42846-worker-0:127:6654 [0] NCCL INFO Channel 19/32 :    0   1
vcjob-2107896150879928322-abc12335-42846-worker-0:127:6654 [0] NCCL INFO Channel 20/32 :    0   1
vcjob-2107896150879928322-abc12335-42846-worker-0:127:6654 [0] NCCL INFO Channel 21/32 :    0   1
vcjob-2107896150879928322-abc12335-42846-worker-0:127:6654 [0] NCCL INFO Channel 22/32 :    0   1
vcjob-2107896150879928322-abc12335-42846-worker-0:127:6654 [0] NCCL INFO Channel 23/32 :    0   1
vcjob-2107896150879928322-abc12335-42846-worker-0:127:6654 [0] NCCL INFO Channel 24/32 :    0   1
vcjob-2107896150879928322-abc12335-42846-worker-0:127:6654 [0] NCCL INFO Channel 25/32 :    0   1
vcjob-2107896150879928322-abc12335-42846-worker-0:127:6654 [0] NCCL INFO Channel 26/32 :    0   1
vcjob-2107896150879928322-abc12335-42846-worker-0:127:6654 [0] NCCL INFO Channel 27/32 :    0   1
vcjob-2107896150879928322-abc12335-42846-worker-0:127:6654 [0] NCCL INFO Channel 28/32 :    0   1
vcjob-2107896150879928322-abc12335-42846-worker-0:127:6654 [0] NCCL INFO Channel 29/32 :    0   1
vcjob-2107896150879928322-abc12335-42846-worker-0:127:6654 [0] NCCL INFO Channel 30/32 :    0   1
vcjob-2107896150879928322-abc12335-42846-worker-0:127:6654 [0] NCCL INFO Channel 31/32 :    0   1
vcjob-2107896150879928322-abc12335-42846-worker-0:127:6654 [0] NCCL INFO Trees [0] 1/-1/-1->0->-1 [1] -1/-1/-1->0->1 [2] 1/-1/-1->0->-1 [3] -1/-1/-1->0->1 [4] 1/-1/-1->0->-1 [5] -1/-1/-1->0->1 [6] 1/-1/-1->0->-1 [7] -1/-1/-1->0->1 [8] 1/-1/-1->0->-1 [9] -1/-1/-1->0->1 [10] 1/-1/-1->0->-1 [11] -1/-1/-1->0->1 [12] 1/-1/-1->0->-1 [13] -1/-1/-1->0->1 [14] 1/-1/-1->0->-1 [15] -1/-1/-1->0->1 [16] 1/-1/-1->0->-1 [17] -1/-1/-1->0->1 [18] 1/-1/-1->0->-1 [19] -1/-1/-1->0->1 [20] 1/-1/-1->0->-1 [21] -1/-1/-1->0->1 [22] 1/-1/-1->0->-1 [23] -1/-1/-1->0->1 [24] 1/-1/-1->0->-1 [25] -1/-1/-1->0->1 [26] 1/-1/-1->0->-1 [27] -1/-1/-1->0->1 [28] 1/-1/-1->0->-1 [29] -1/-1/-1->0->1 [30] 1/-1/-1->0->-1 [31] -1/-1/-1->0->1 comm 0x55667003a6d0 nRanks 02 busId 9000
vcjob-2107896150879928322-abc12335-42846-worker-0:127:6654 [0] NCCL INFO P2P Chunksize set to 131072
vcjob-2107896150879928322-abc12335-42846-worker-0:127:6654 [0] NCCL INFO comm->autoPerPeerOn: 1, comm->p2pnChannels: 32, comm->p2pnChannelsPerPeer: 32
vcjob-2107896150879928322-abc12335-42846-worker-0:127:6654 [0] NCCL INFO Channel 00/0 : 1[d5000] -> 0[9000] [receive] via NET/Socket/0 comm 0x55667003a6d0 nRanks 02
vcjob-2107896150879928322-abc12335-42846-worker-0:127:6654 [0] NCCL INFO Channel 01/0 : 1[d5000] -> 0[9000] [receive] via NET/Socket/0 comm 0x55667003a6d0 nRanks 02
vcjob-2107896150879928322-abc12335-42846-worker-0:127:6654 [0] NCCL INFO Channel 02/0 : 1[d5000] -> 0[9000] [receive] via NET/Socket/0 comm 0x55667003a6d0 nRanks 02
vcjob-2107896150879928322-abc12335-42846-worker-0:127:6654 [0] NCCL INFO Channel 03/0 : 1[d5000] -> 0[9000] [receive] via NET/Socket/0 comm 0x55667003a6d0 nRanks 02
vcjob-2107896150879928322-abc12335-42846-worker-0:127:6654 [0] NCCL INFO Channel 04/0 : 1[d5000] -> 0[9000] [receive] via NET/Socket/0 comm 0x55667003a6d0 nRanks 02
vcjob-2107896150879928322-abc12335-42846-worker-0:127:6654 [0] NCCL INFO Channel 05/0 : 1[d5000] -> 0[9000] [receive] via NET/Socket/0 comm 0x55667003a6d0 nRanks 02
vcjob-2107896150879928322-abc12335-42846-worker-0:127:6654 [0] NCCL INFO Channel 06/0 : 1[d5000] -> 0[9000] [receive] via NET/Socket/0 comm 0x55667003a6d0 nRanks 02
vcjob-2107896150879928322-abc12335-42846-worker-0:127:6654 [0] NCCL INFO Channel 07/0 : 1[d5000] -> 0[9000] [receive] via NET/Socket/0 comm 0x55667003a6d0 nRanks 02
vcjob-2107896150879928322-abc12335-42846-worker-0:127:6654 [0] NCCL INFO Channel 08/0 : 1[d5000] -> 0[9000] [receive] via NET/Socket/0 comm 0x55667003a6d0 nRanks 02
vcjob-2107896150879928322-abc12335-42846-worker-0:127:6654 [0] NCCL INFO Channel 09/0 : 1[d5000] -> 0[9000] [receive] via NET/Socket/0 comm 0x55667003a6d0 nRanks 02
vcjob-2107896150879928322-abc12335-42846-worker-0:127:6654 [0] NCCL INFO Channel 10/0 : 1[d5000] -> 0[9000] [receive] via NET/Socket/0 comm 0x55667003a6d0 nRanks 02
vcjob-2107896150879928322-abc12335-42846-worker-0:127:6654 [0] NCCL INFO Channel 11/0 : 1[d5000] -> 0[9000] [receive] via NET/Socket/0 comm 0x55667003a6d0 nRanks 02
vcjob-2107896150879928322-abc12335-42846-worker-0:127:6654 [0] NCCL INFO Channel 12/0 : 1[d5000] -> 0[9000] [receive] via NET/Socket/0 comm 0x55667003a6d0 nRanks 02
vcjob-2107896150879928322-abc12335-42846-worker-0:127:6654 [0] NCCL INFO Channel 13/0 : 1[d5000] -> 0[9000] [receive] via NET/Socket/0 comm 0x55667003a6d0 nRanks 02
vcjob-2107896150879928322-abc12335-42846-worker-0:127:6654 [0] NCCL INFO Channel 14/0 : 1[d5000] -> 0[9000] [receive] via NET/Socket/0 comm 0x55667003a6d0 nRanks 02
vcjob-2107896150879928322-abc12335-42846-worker-0:127:6654 [0] NCCL INFO Channel 15/0 : 1[d5000] -> 0[9000] [receive] via NET/Socket/0 comm 0x55667003a6d0 nRanks 02
vcjob-2107896150879928322-abc12335-42846-worker-0:127:6654 [0] NCCL INFO Channel 16/0 : 1[d5000] -> 0[9000] [receive] via NET/Socket/0 comm 0x55667003a6d0 nRanks 02
vcjob-2107896150879928322-abc12335-42846-worker-0:127:6654 [0] NCCL INFO Channel 17/0 : 1[d5000] -> 0[9000] [receive] via NET/Socket/0 comm 0x55667003a6d0 nRanks 02
vcjob-2107896150879928322-abc12335-42846-worker-0:127:6654 [0] NCCL INFO Channel 18/0 : 1[d5000] -> 0[9000] [receive] via NET/Socket/0 comm 0x55667003a6d0 nRanks 02
vcjob-2107896150879928322-abc12335-42846-worker-0:127:6654 [0] NCCL INFO Channel 19/0 : 1[d5000] -> 0[9000] [receive] via NET/Socket/0 comm 0x55667003a6d0 nRanks 02
vcjob-2107896150879928322-abc12335-42846-worker-0:127:6654 [0] NCCL INFO Channel 20/0 : 1[d5000] -> 0[9000] [receive] via NET/Socket/0 comm 0x55667003a6d0 nRanks 02
vcjob-2107896150879928322-abc12335-42846-worker-0:127:6654 [0] NCCL INFO Channel 21/0 : 1[d5000] -> 0[9000] [receive] via NET/Socket/0 comm 0x55667003a6d0 nRanks 02
vcjob-2107896150879928322-abc12335-42846-worker-0:127:6654 [0] NCCL INFO Channel 22/0 : 1[d5000] -> 0[9000] [receive] via NET/Socket/0 comm 0x55667003a6d0 nRanks 02
vcjob-2107896150879928322-abc12335-42846-worker-0:127:6654 [0] NCCL INFO Channel 23/0 : 1[d5000] -> 0[9000] [receive] via NET/Socket/0 comm 0x55667003a6d0 nRanks 02
vcjob-2107896150879928322-abc12335-42846-worker-0:127:6654 [0] NCCL INFO Channel 24/0 : 1[d5000] -> 0[9000] [receive] via NET/Socket/0 comm 0x55667003a6d0 nRanks 02
vcjob-2107896150879928322-abc12335-42846-worker-0:127:6654 [0] NCCL INFO Channel 25/0 : 1[d5000] -> 0[9000] [receive] via NET/Socket/0 comm 0x55667003a6d0 nRanks 02
vcjob-2107896150879928322-abc12335-42846-worker-0:127:6654 [0] NCCL INFO Channel 26/0 : 1[d5000] -> 0[9000] [receive] via NET/Socket/0 comm 0x55667003a6d0 nRanks 02
vcjob-2107896150879928322-abc12335-42846-worker-0:127:6654 [0] NCCL INFO Channel 27/0 : 1[d5000] -> 0[9000] [receive] via NET/Socket/0 comm 0x55667003a6d0 nRanks 02
vcjob-2107896150879928322-abc12335-42846-worker-0:127:6654 [0] NCCL INFO Channel 28/0 : 1[d5000] -> 0[9000] [receive] via NET/Socket/0 comm 0x55667003a6d0 nRanks 02
vcjob-2107896150879928322-abc12335-42846-worker-0:127:6654 [0] NCCL INFO Channel 29/0 : 1[d5000] -> 0[9000] [receive] via NET/Socket/0 comm 0x55667003a6d0 nRanks 02
vcjob-2107896150879928322-abc12335-42846-worker-0:127:6654 [0] NCCL INFO Channel 30/0 : 1[d5000] -> 0[9000] [receive] via NET/Socket/0 comm 0x55667003a6d0 nRanks 02
vcjob-2107896150879928322-abc12335-42846-worker-0:127:6654 [0] NCCL INFO Channel 31/0 : 1[d5000] -> 0[9000] [receive] via NET/Socket/0 comm 0x55667003a6d0 nRanks 02
vcjob-2107896150879928322-abc12335-42846-worker-0:127:6654 [0] NCCL INFO Channel 00/0 : 0[9000] -> 1[d5000] [send] via NET/Socket/0 comm 0x55667003a6d0 nRanks 02
vcjob-2107896150879928322-abc12335-42846-worker-0:127:6654 [0] NCCL INFO Channel 01/0 : 0[9000] -> 1[d5000] [send] via NET/Socket/0 comm 0x55667003a6d0 nRanks 02
vcjob-2107896150879928322-abc12335-42846-worker-0:127:6654 [0] NCCL INFO Channel 02/0 : 0[9000] -> 1[d5000] [send] via NET/Socket/0 comm 0x55667003a6d0 nRanks 02
vcjob-2107896150879928322-abc12335-42846-worker-0:127:6654 [0] NCCL INFO Channel 03/0 : 0[9000] -> 1[d5000] [send] via NET/Socket/0 comm 0x55667003a6d0 nRanks 02
vcjob-2107896150879928322-abc12335-42846-worker-0:127:6654 [0] NCCL INFO Channel 04/0 : 0[9000] -> 1[d5000] [send] via NET/Socket/0 comm 0x55667003a6d0 nRanks 02
vcjob-2107896150879928322-abc12335-42846-worker-0:127:6654 [0] NCCL INFO Channel 05/0 : 0[9000] -> 1[d5000] [send] via NET/Socket/0 comm 0x55667003a6d0 nRanks 02
vcjob-2107896150879928322-abc12335-42846-worker-0:127:6654 [0] NCCL INFO Channel 06/0 : 0[9000] -> 1[d5000] [send] via NET/Socket/0 comm 0x55667003a6d0 nRanks 02
vcjob-2107896150879928322-abc12335-42846-worker-0:127:6654 [0] NCCL INFO Channel 07/0 : 0[9000] -> 1[d5000] [send] via NET/Socket/0 comm 0x55667003a6d0 nRanks 02
vcjob-2107896150879928322-abc12335-42846-worker-0:127:6654 [0] NCCL INFO Channel 08/0 : 0[9000] -> 1[d5000] [send] via NET/Socket/0 comm 0x55667003a6d0 nRanks 02
vcjob-2107896150879928322-abc12335-42846-worker-0:127:6654 [0] NCCL INFO Channel 09/0 : 0[9000] -> 1[d5000] [send] via NET/Socket/0 comm 0x55667003a6d0 nRanks 02
vcjob-2107896150879928322-abc12335-42846-worker-0:127:6654 [0] NCCL INFO Channel 10/0 : 0[9000] -> 1[d5000] [send] via NET/Socket/0 comm 0x55667003a6d0 nRanks 02
vcjob-2107896150879928322-abc12335-42846-worker-0:127:6654 [0] NCCL INFO Channel 11/0 : 0[9000] -> 1[d5000] [send] via NET/Socket/0 comm 0x55667003a6d0 nRanks 02
vcjob-2107896150879928322-abc12335-42846-worker-0:127:6654 [0] NCCL INFO Channel 12/0 : 0[9000] -> 1[d5000] [send] via NET/Socket/0 comm 0x55667003a6d0 nRanks 02
vcjob-2107896150879928322-abc12335-42846-worker-0:127:6654 [0] NCCL INFO Channel 13/0 : 0[9000] -> 1[d5000] [send] via NET/Socket/0 comm 0x55667003a6d0 nRanks 02
vcjob-2107896150879928322-abc12335-42846-worker-0:127:6654 [0] NCCL INFO Channel 14/0 : 0[9000] -> 1[d5000] [send] via NET/Socket/0 comm 0x55667003a6d0 nRanks 02
vcjob-2107896150879928322-abc12335-42846-worker-0:127:6654 [0] NCCL INFO Channel 15/0 : 0[9000] -> 1[d5000] [send] via NET/Socket/0 comm 0x55667003a6d0 nRanks 02
vcjob-2107896150879928322-abc12335-42846-worker-0:127:6654 [0] NCCL INFO Channel 16/0 : 0[9000] -> 1[d5000] [send] via NET/Socket/0 comm 0x55667003a6d0 nRanks 02
vcjob-2107896150879928322-abc12335-42846-worker-0:127:6654 [0] NCCL INFO Channel 17/0 : 0[9000] -> 1[d5000] [send] via NET/Socket/0 comm 0x55667003a6d0 nRanks 02
vcjob-2107896150879928322-abc12335-42846-worker-0:127:6654 [0] NCCL INFO Channel 18/0 : 0[9000] -> 1[d5000] [send] via NET/Socket/0 comm 0x55667003a6d0 nRanks 02
vcjob-2107896150879928322-abc12335-42846-worker-0:127:6654 [0] NCCL INFO Channel 19/0 : 0[9000] -> 1[d5000] [send] via NET/Socket/0 comm 0x55667003a6d0 nRanks 02
vcjob-2107896150879928322-abc12335-42846-worker-0:127:6654 [0] NCCL INFO Channel 20/0 : 0[9000] -> 1[d5000] [send] via NET/Socket/0 comm 0x55667003a6d0 nRanks 02
vcjob-2107896150879928322-abc12335-42846-worker-0:127:6654 [0] NCCL INFO Channel 21/0 : 0[9000] -> 1[d5000] [send] via NET/Socket/0 comm 0x55667003a6d0 nRanks 02
vcjob-2107896150879928322-abc12335-42846-worker-0:127:6654 [0] NCCL INFO Channel 22/0 : 0[9000] -> 1[d5000] [send] via NET/Socket/0 comm 0x55667003a6d0 nRanks 02
vcjob-2107896150879928322-abc12335-42846-worker-0:127:6654 [0] NCCL INFO Channel 23/0 : 0[9000] -> 1[d5000] [send] via NET/Socket/0 comm 0x55667003a6d0 nRanks 02
vcjob-2107896150879928322-abc12335-42846-worker-0:127:6654 [0] NCCL INFO Channel 24/0 : 0[9000] -> 1[d5000] [send] via NET/Socket/0 comm 0x55667003a6d0 nRanks 02
vcjob-2107896150879928322-abc12335-42846-worker-0:127:6654 [0] NCCL INFO Channel 25/0 : 0[9000] -> 1[d5000] [send] via NET/Socket/0 comm 0x55667003a6d0 nRanks 02
vcjob-2107896150879928322-abc12335-42846-worker-0:127:6654 [0] NCCL INFO Channel 26/0 : 0[9000] -> 1[d5000] [send] via NET/Socket/0 comm 0x55667003a6d0 nRanks 02
vcjob-2107896150879928322-abc12335-42846-worker-0:127:6654 [0] NCCL INFO Channel 27/0 : 0[9000] -> 1[d5000] [send] via NET/Socket/0 comm 0x55667003a6d0 nRanks 02
vcjob-2107896150879928322-abc12335-42846-worker-0:127:6654 [0] NCCL INFO Channel 28/0 : 0[9000] -> 1[d5000] [send] via NET/Socket/0 comm 0x55667003a6d0 nRanks 02
vcjob-2107896150879928322-abc12335-42846-worker-0:127:6654 [0] NCCL INFO Channel 29/0 : 0[9000] -> 1[d5000] [send] via NET/Socket/0 comm 0x55667003a6d0 nRanks 02
vcjob-2107896150879928322-abc12335-42846-worker-0:127:6654 [0] NCCL INFO Channel 30/0 : 0[9000] -> 1[d5000] [send] via NET/Socket/0 comm 0x55667003a6d0 nRanks 02
vcjob-2107896150879928322-abc12335-42846-worker-0:127:6654 [0] NCCL INFO Channel 31/0 : 0[9000] -> 1[d5000] [send] via NET/Socket/0 comm 0x55667003a6d0 nRanks 02
vcjob-2107896150879928322-abc12335-42846-worker-0:127:6654 [0] NCCL INFO Connected all rings
vcjob-2107896150879928322-abc12335-42846-worker-0:127:6654 [0] NCCL INFO Connected all trees
vcjob-2107896150879928322-abc12335-42846-worker-0:127:6654 [0] NCCL INFO threadThresholds 8/8/64 | 16/8/64 | 256 | 256
vcjob-2107896150879928322-abc12335-42846-worker-0:127:6654 [0] NCCL INFO 32 coll channels, 32 collnet channels, 0 nvls channels, 32 p2p channels, 32 p2p channels per peer
vcjob-2107896150879928322-abc12335-42846-worker-0:127:6654 [0] NCCL INFO CC Off, Multi-GPU CC Off, workFifoBytes 4194304
vcjob-2107896150879928322-abc12335-42846-worker-0:127:6654 [0] NCCL INFO ncclCommInitRank comm 0x55667003a6d0 rank 0 nranks 2 cudaDev 0 nvmlDev 0 busId 9000 commId 0x26c62682395fb45c localSize 480 used 1887460496 bytes on core 8 - Init COMPLETE
vcjob-2107896150879928322-abc12335-42846-worker-0:127:6654 [0] NCCL INFO Init timings: rank 0 nranks 2 total 0.27 (kernels 0.00, bootstrap 0.00, allgathers 0.01, topo 0.10, graphs 0.00, connections 0.16, rest 0.00)
I1008 02:10:07.054047   127 ProcessGroupNCCL.cpp:2890] [PG ID 0 PG GUID 0(default_pg) Rank 0] NCCL_DEBUG: INFO
vcjob-2107896150879928322-abc12335-42846-worker-0:127:6658 [0] NCCL INFO Channel 01/1 : 1[d5000] -> 0[9000] [receive] via NET/Socket/0/Shared comm 0x55667003a6d0 nRanks 02
vcjob-2107896150879928322-abc12335-42846-worker-0:127:6658 [0] NCCL INFO Channel 03/1 : 1[d5000] -> 0[9000] [receive] via NET/Socket/0/Shared comm 0x55667003a6d0 nRanks 02
vcjob-2107896150879928322-abc12335-42846-worker-0:127:6658 [0] NCCL INFO Channel 05/1 : 1[d5000] -> 0[9000] [receive] via NET/Socket/0/Shared comm 0x55667003a6d0 nRanks 02
vcjob-2107896150879928322-abc12335-42846-worker-0:127:6658 [0] NCCL INFO Channel 07/1 : 1[d5000] -> 0[9000] [receive] via NET/Socket/0/Shared comm 0x55667003a6d0 nRanks 02
vcjob-2107896150879928322-abc12335-42846-worker-0:127:6658 [0] NCCL INFO Channel 09/1 : 1[d5000] -> 0[9000] [receive] via NET/Socket/0/Shared comm 0x55667003a6d0 nRanks 02
vcjob-2107896150879928322-abc12335-42846-worker-0:127:6658 [0] NCCL INFO Channel 11/1 : 1[d5000] -> 0[9000] [receive] via NET/Socket/0/Shared comm 0x55667003a6d0 nRanks 02
vcjob-2107896150879928322-abc12335-42846-worker-0:127:6658 [0] NCCL INFO Channel 13/1 : 1[d5000] -> 0[9000] [receive] via NET/Socket/0/Shared comm 0x55667003a6d0 nRanks 02
vcjob-2107896150879928322-abc12335-42846-worker-0:127:6658 [0] NCCL INFO Channel 15/1 : 1[d5000] -> 0[9000] [receive] via NET/Socket/0/Shared comm 0x55667003a6d0 nRanks 02
vcjob-2107896150879928322-abc12335-42846-worker-0:127:6658 [0] NCCL INFO Channel 17/1 : 1[d5000] -> 0[9000] [receive] via NET/Socket/0/Shared comm 0x55667003a6d0 nRanks 02
vcjob-2107896150879928322-abc12335-42846-worker-0:127:6658 [0] NCCL INFO Channel 19/1 : 1[d5000] -> 0[9000] [receive] via NET/Socket/0/Shared comm 0x55667003a6d0 nRanks 02
vcjob-2107896150879928322-abc12335-42846-worker-0:127:6658 [0] NCCL INFO Channel 21/1 : 1[d5000] -> 0[9000] [receive] via NET/Socket/0/Shared comm 0x55667003a6d0 nRanks 02
vcjob-2107896150879928322-abc12335-42846-worker-0:127:6658 [0] NCCL INFO Channel 23/1 : 1[d5000] -> 0[9000] [receive] via NET/Socket/0/Shared comm 0x55667003a6d0 nRanks 02
vcjob-2107896150879928322-abc12335-42846-worker-0:127:6658 [0] NCCL INFO Channel 25/1 : 1[d5000] -> 0[9000] [receive] via NET/Socket/0/Shared comm 0x55667003a6d0 nRanks 02
vcjob-2107896150879928322-abc12335-42846-worker-0:127:6658 [0] NCCL INFO Channel 27/1 : 1[d5000] -> 0[9000] [receive] via NET/Socket/0/Shared comm 0x55667003a6d0 nRanks 02
vcjob-2107896150879928322-abc12335-42846-worker-0:127:6658 [0] NCCL INFO Channel 29/1 : 1[d5000] -> 0[9000] [receive] via NET/Socket/0/Shared comm 0x55667003a6d0 nRanks 02
vcjob-2107896150879928322-abc12335-42846-worker-0:127:6658 [0] NCCL INFO Channel 31/1 : 1[d5000] -> 0[9000] [receive] via NET/Socket/0/Shared comm 0x55667003a6d0 nRanks 02

vcjob-2107896150879928322-abc12335-42846-worker-0:127:127 [0] /data/jenkins_workspace/workspace/rccl_release/build/hipify/src/init.cc:170 NCCL WARN NUMA auto balancing enabled which can lead to variability in the RCCL performance! Disable by "sudo sysctl kernel.numa_balancing=0"
vcjob-2107896150879928322-abc12335-42846-worker-0:127:127 [0] NCCL INFO Kernel version: 5.15.0-25-generic

vcjob-2107896150879928322-abc12335-42846-worker-0:127:127 [0] /data/jenkins_workspace/workspace/rccl_release/build/hipify/src/init.cc:191 NCCL WARN Missing "iommu=pt" from kernel command line which can lead to system instablity or hang!
I1008 02:10:07.094352   127 ProcessGroupNCCL.cpp:2857] [PG ID 0 PG GUID 0(default_pg) Rank 0] ProcessGroupNCCL broadcast unique ID through store took 0.042701 ms
I1008 02:10:07.094372   127 NCCLUtils.cpp:75] Rank 0: creating NCCL communicator with mode: blocking

vcjob-2107896150879928322-abc12335-42846-worker-0:127:127 [0] /data/jenkins_workspace/workspace/rccl_release/build/hipify/src/init.cc:170 NCCL WARN NUMA auto balancing enabled which can lead to variability in the RCCL performance! Disable by "sudo sysctl kernel.numa_balancing=0"
vcjob-2107896150879928322-abc12335-42846-worker-0:127:127 [0] NCCL INFO Kernel version: 5.15.0-25-generic

vcjob-2107896150879928322-abc12335-42846-worker-0:127:127 [0] /data/jenkins_workspace/workspace/rccl_release/build/hipify/src/init.cc:191 NCCL WARN Missing "iommu=pt" from kernel command line which can lead to system instablity or hang!
vcjob-2107896150879928322-abc12335-42846-worker-0:127:127 [0] NCCL INFO Comm config Blocking set to 1
vcjob-2107896150879928322-abc12335-42846-worker-0:127:6660 [0] NCCL INFO Using network Socket
vcjob-2107896150879928322-abc12335-42846-worker-0:127:6660 [0] NCCL INFO rocm_smi_lib: version 7.6.0.0
vcjob-2107896150879928322-abc12335-42846-worker-0:127:6660 [0] NCCL INFO ncclCommInitRank comm 0x55667010c540 rank 0 nranks 2 cudaDev 0 nvmlDev 0 busId 9000 commId 0x5b6dc0d2c64aead2 - Init START
vcjob-2107896150879928322-abc12335-42846-worker-0:127:6660 [0] NCCL INFO rank:0 get match hsa dev domain:0x0 bdf:0x900 rank busId:0x36864
vcjob-2107896150879928322-abc12335-42846-worker-0:127:6660 [0] NCCL INFO XDP Switch is off with xdp_size : 0

vcjob-2107896150879928322-abc12335-42846-worker-0:127:6660 [0] /data/jenkins_workspace/workspace/rccl_release/build/hipify/src/graph/xml.cc:1211 NCCL WARN No IB NIC found, the generation of the basic topology has been terminated.
vcjob-2107896150879928322-abc12335-42846-worker-0:127:6660 [0] NCCL INFO rocm_smi_lib: version 7.6.0.0
vcjob-2107896150879928322-abc12335-42846-worker-0:127:6660 [0] NCCL INFO Setting affinity for GPU 0 to ffff
vcjob-2107896150879928322-abc12335-42846-worker-0:127:6660 [0] NCCL INFO Rank:0 Get link topo from rocmDev:0 linkNum:8 link:0 linkState:1 remote type:1 bdf:0x9b00 topoType:2
vcjob-2107896150879928322-abc12335-42846-worker-0:127:6660 [0] NCCL INFO Transport init rank 0 useXdp 0 linkTopoType 2
vcjob-2107896150879928322-abc12335-42846-worker-0:127:6660 [0] NCCL INFO comm 0x55667010c540 rank 0 nRanks 2 nNodes 2 localRanks 1 localRank 0 MNNVL 0
vcjob-2107896150879928322-abc12335-42846-worker-0:127:6660 [0] NCCL INFO Channel 00/32 :    0   1
vcjob-2107896150879928322-abc12335-42846-worker-0:127:6660 [0] NCCL INFO Channel 01/32 :    0   1
vcjob-2107896150879928322-abc12335-42846-worker-0:127:6660 [0] NCCL INFO Channel 02/32 :    0   1
vcjob-2107896150879928322-abc12335-42846-worker-0:127:6660 [0] NCCL INFO Channel 03/32 :    0   1
vcjob-2107896150879928322-abc12335-42846-worker-0:127:6660 [0] NCCL INFO Channel 04/32 :    0   1
vcjob-2107896150879928322-abc12335-42846-worker-0:127:6660 [0] NCCL INFO Channel 05/32 :    0   1
vcjob-2107896150879928322-abc12335-42846-worker-0:127:6660 [0] NCCL INFO Channel 06/32 :    0   1
vcjob-2107896150879928322-abc12335-42846-worker-0:127:6660 [0] NCCL INFO Channel 07/32 :    0   1
vcjob-2107896150879928322-abc12335-42846-worker-0:127:6660 [0] NCCL INFO Channel 08/32 :    0   1
vcjob-2107896150879928322-abc12335-42846-worker-0:127:6660 [0] NCCL INFO Channel 09/32 :    0   1
vcjob-2107896150879928322-abc12335-42846-worker-0:127:6660 [0] NCCL INFO Channel 10/32 :    0   1
vcjob-2107896150879928322-abc12335-42846-worker-0:127:6660 [0] NCCL INFO Channel 11/32 :    0   1
vcjob-2107896150879928322-abc12335-42846-worker-0:127:6660 [0] NCCL INFO Channel 12/32 :    0   1
vcjob-2107896150879928322-abc12335-42846-worker-0:127:6660 [0] NCCL INFO Channel 13/32 :    0   1
vcjob-2107896150879928322-abc12335-42846-worker-0:127:6660 [0] NCCL INFO Channel 14/32 :    0   1
vcjob-2107896150879928322-abc12335-42846-worker-0:127:6660 [0] NCCL INFO Channel 15/32 :    0   1
vcjob-2107896150879928322-abc12335-42846-worker-0:127:6660 [0] NCCL INFO Channel 16/32 :    0   1
vcjob-2107896150879928322-abc12335-42846-worker-0:127:6660 [0] NCCL INFO Channel 17/32 :    0   1
vcjob-2107896150879928322-abc12335-42846-worker-0:127:6660 [0] NCCL INFO Channel 18/32 :    0   1
vcjob-2107896150879928322-abc12335-42846-worker-0:127:6660 [0] NCCL INFO Channel 19/32 :    0   1
vcjob-2107896150879928322-abc12335-42846-worker-0:127:6660 [0] NCCL INFO Channel 20/32 :    0   1
vcjob-2107896150879928322-abc12335-42846-worker-0:127:6660 [0] NCCL INFO Channel 21/32 :    0   1
vcjob-2107896150879928322-abc12335-42846-worker-0:127:6660 [0] NCCL INFO Channel 22/32 :    0   1
vcjob-2107896150879928322-abc12335-42846-worker-0:127:6660 [0] NCCL INFO Channel 23/32 :    0   1
vcjob-2107896150879928322-abc12335-42846-worker-0:127:6660 [0] NCCL INFO Channel 24/32 :    0   1
vcjob-2107896150879928322-abc12335-42846-worker-0:127:6660 [0] NCCL INFO Channel 25/32 :    0   1
vcjob-2107896150879928322-abc12335-42846-worker-0:127:6660 [0] NCCL INFO Channel 26/32 :    0   1
vcjob-2107896150879928322-abc12335-42846-worker-0:127:6660 [0] NCCL INFO Channel 27/32 :    0   1
vcjob-2107896150879928322-abc12335-42846-worker-0:127:6660 [0] NCCL INFO Channel 28/32 :    0   1
vcjob-2107896150879928322-abc12335-42846-worker-0:127:6660 [0] NCCL INFO Channel 29/32 :    0   1
vcjob-2107896150879928322-abc12335-42846-worker-0:127:6660 [0] NCCL INFO Channel 30/32 :    0   1
vcjob-2107896150879928322-abc12335-42846-worker-0:127:6660 [0] NCCL INFO Channel 31/32 :    0   1
vcjob-2107896150879928322-abc12335-42846-worker-0:127:6660 [0] NCCL INFO Trees [0] 1/-1/-1->0->-1 [1] -1/-1/-1->0->1 [2] 1/-1/-1->0->-1 [3] -1/-1/-1->0->1 [4] 1/-1/-1->0->-1 [5] -1/-1/-1->0->1 [6] 1/-1/-1->0->-1 [7] -1/-1/-1->0->1 [8] 1/-1/-1->0->-1 [9] -1/-1/-1->0->1 [10] 1/-1/-1->0->-1 [11] -1/-1/-1->0->1 [12] 1/-1/-1->0->-1 [13] -1/-1/-1->0->1 [14] 1/-1/-1->0->-1 [15] -1/-1/-1->0->1 [16] 1/-1/-1->0->-1 [17] -1/-1/-1->0->1 [18] 1/-1/-1->0->-1 [19] -1/-1/-1->0->1 [20] 1/-1/-1->0->-1 [21] -1/-1/-1->0->1 [22] 1/-1/-1->0->-1 [23] -1/-1/-1->0->1 [24] 1/-1/-1->0->-1 [25] -1/-1/-1->0->1 [26] 1/-1/-1->0->-1 [27] -1/-1/-1->0->1 [28] 1/-1/-1->0->-1 [29] -1/-1/-1->0->1 [30] 1/-1/-1->0->-1 [31] -1/-1/-1->0->1 comm 0x55667010c540 nRanks 02 busId 9000
vcjob-2107896150879928322-abc12335-42846-worker-0:127:6660 [0] NCCL INFO P2P Chunksize set to 131072
vcjob-2107896150879928322-abc12335-42846-worker-0:127:6660 [0] NCCL INFO comm->autoPerPeerOn: 1, comm->p2pnChannels: 32, comm->p2pnChannelsPerPeer: 32
vcjob-2107896150879928322-abc12335-42846-worker-0:127:6660 [0] NCCL INFO Channel 00/0 : 1[f5000] -> 0[9000] [receive] via NET/Socket/0 comm 0x55667010c540 nRanks 02
vcjob-2107896150879928322-abc12335-42846-worker-0:127:6660 [0] NCCL INFO Channel 01/0 : 1[f5000] -> 0[9000] [receive] via NET/Socket/0 comm 0x55667010c540 nRanks 02
vcjob-2107896150879928322-abc12335-42846-worker-0:127:6660 [0] NCCL INFO Channel 02/0 : 1[f5000] -> 0[9000] [receive] via NET/Socket/0 comm 0x55667010c540 nRanks 02
vcjob-2107896150879928322-abc12335-42846-worker-0:127:6660 [0] NCCL INFO Channel 03/0 : 1[f5000] -> 0[9000] [receive] via NET/Socket/0 comm 0x55667010c540 nRanks 02
vcjob-2107896150879928322-abc12335-42846-worker-0:127:6660 [0] NCCL INFO Channel 04/0 : 1[f5000] -> 0[9000] [receive] via NET/Socket/0 comm 0x55667010c540 nRanks 02
vcjob-2107896150879928322-abc12335-42846-worker-0:127:6660 [0] NCCL INFO Channel 05/0 : 1[f5000] -> 0[9000] [receive] via NET/Socket/0 comm 0x55667010c540 nRanks 02
vcjob-2107896150879928322-abc12335-42846-worker-0:127:6660 [0] NCCL INFO Channel 06/0 : 1[f5000] -> 0[9000] [receive] via NET/Socket/0 comm 0x55667010c540 nRanks 02
vcjob-2107896150879928322-abc12335-42846-worker-0:127:6660 [0] NCCL INFO Channel 07/0 : 1[f5000] -> 0[9000] [receive] via NET/Socket/0 comm 0x55667010c540 nRanks 02
vcjob-2107896150879928322-abc12335-42846-worker-0:127:6660 [0] NCCL INFO Channel 08/0 : 1[f5000] -> 0[9000] [receive] via NET/Socket/0 comm 0x55667010c540 nRanks 02
vcjob-2107896150879928322-abc12335-42846-worker-0:127:6660 [0] NCCL INFO Channel 09/0 : 1[f5000] -> 0[9000] [receive] via NET/Socket/0 comm 0x55667010c540 nRanks 02
vcjob-2107896150879928322-abc12335-42846-worker-0:127:6660 [0] NCCL INFO Channel 10/0 : 1[f5000] -> 0[9000] [receive] via NET/Socket/0 comm 0x55667010c540 nRanks 02
vcjob-2107896150879928322-abc12335-42846-worker-0:127:6660 [0] NCCL INFO Channel 11/0 : 1[f5000] -> 0[9000] [receive] via NET/Socket/0 comm 0x55667010c540 nRanks 02
vcjob-2107896150879928322-abc12335-42846-worker-0:127:6660 [0] NCCL INFO Channel 12/0 : 1[f5000] -> 0[9000] [receive] via NET/Socket/0 comm 0x55667010c540 nRanks 02
vcjob-2107896150879928322-abc12335-42846-worker-0:127:6660 [0] NCCL INFO Channel 13/0 : 1[f5000] -> 0[9000] [receive] via NET/Socket/0 comm 0x55667010c540 nRanks 02
vcjob-2107896150879928322-abc12335-42846-worker-0:127:6660 [0] NCCL INFO Channel 14/0 : 1[f5000] -> 0[9000] [receive] via NET/Socket/0 comm 0x55667010c540 nRanks 02
vcjob-2107896150879928322-abc12335-42846-worker-0:127:6660 [0] NCCL INFO Channel 15/0 : 1[f5000] -> 0[9000] [receive] via NET/Socket/0 comm 0x55667010c540 nRanks 02
vcjob-2107896150879928322-abc12335-42846-worker-0:127:6660 [0] NCCL INFO Channel 16/0 : 1[f5000] -> 0[9000] [receive] via NET/Socket/0 comm 0x55667010c540 nRanks 02
vcjob-2107896150879928322-abc12335-42846-worker-0:127:6660 [0] NCCL INFO Channel 17/0 : 1[f5000] -> 0[9000] [receive] via NET/Socket/0 comm 0x55667010c540 nRanks 02
vcjob-2107896150879928322-abc12335-42846-worker-0:127:6660 [0] NCCL INFO Channel 18/0 : 1[f5000] -> 0[9000] [receive] via NET/Socket/0 comm 0x55667010c540 nRanks 02
vcjob-2107896150879928322-abc12335-42846-worker-0:127:6660 [0] NCCL INFO Channel 19/0 : 1[f5000] -> 0[9000] [receive] via NET/Socket/0 comm 0x55667010c540 nRanks 02
vcjob-2107896150879928322-abc12335-42846-worker-0:127:6660 [0] NCCL INFO Channel 20/0 : 1[f5000] -> 0[9000] [receive] via NET/Socket/0 comm 0x55667010c540 nRanks 02
vcjob-2107896150879928322-abc12335-42846-worker-0:127:6660 [0] NCCL INFO Channel 21/0 : 1[f5000] -> 0[9000] [receive] via NET/Socket/0 comm 0x55667010c540 nRanks 02
vcjob-2107896150879928322-abc12335-42846-worker-0:127:6660 [0] NCCL INFO Channel 22/0 : 1[f5000] -> 0[9000] [receive] via NET/Socket/0 comm 0x55667010c540 nRanks 02
vcjob-2107896150879928322-abc12335-42846-worker-0:127:6660 [0] NCCL INFO Channel 23/0 : 1[f5000] -> 0[9000] [receive] via NET/Socket/0 comm 0x55667010c540 nRanks 02
vcjob-2107896150879928322-abc12335-42846-worker-0:127:6660 [0] NCCL INFO Channel 24/0 : 1[f5000] -> 0[9000] [receive] via NET/Socket/0 comm 0x55667010c540 nRanks 02
vcjob-2107896150879928322-abc12335-42846-worker-0:127:6660 [0] NCCL INFO Channel 25/0 : 1[f5000] -> 0[9000] [receive] via NET/Socket/0 comm 0x55667010c540 nRanks 02
vcjob-2107896150879928322-abc12335-42846-worker-0:127:6660 [0] NCCL INFO Channel 26/0 : 1[f5000] -> 0[9000] [receive] via NET/Socket/0 comm 0x55667010c540 nRanks 02
vcjob-2107896150879928322-abc12335-42846-worker-0:127:6660 [0] NCCL INFO Channel 27/0 : 1[f5000] -> 0[9000] [receive] via NET/Socket/0 comm 0x55667010c540 nRanks 02
vcjob-2107896150879928322-abc12335-42846-worker-0:127:6660 [0] NCCL INFO Channel 28/0 : 1[f5000] -> 0[9000] [receive] via NET/Socket/0 comm 0x55667010c540 nRanks 02
vcjob-2107896150879928322-abc12335-42846-worker-0:127:6660 [0] NCCL INFO Channel 29/0 : 1[f5000] -> 0[9000] [receive] via NET/Socket/0 comm 0x55667010c540 nRanks 02
vcjob-2107896150879928322-abc12335-42846-worker-0:127:6660 [0] NCCL INFO Channel 30/0 : 1[f5000] -> 0[9000] [receive] via NET/Socket/0 comm 0x55667010c540 nRanks 02
vcjob-2107896150879928322-abc12335-42846-worker-0:127:6660 [0] NCCL INFO Channel 31/0 : 1[f5000] -> 0[9000] [receive] via NET/Socket/0 comm 0x55667010c540 nRanks 02
vcjob-2107896150879928322-abc12335-42846-worker-0:127:6660 [0] NCCL INFO Channel 00/0 : 0[9000] -> 1[f5000] [send] via NET/Socket/0 comm 0x55667010c540 nRanks 02
vcjob-2107896150879928322-abc12335-42846-worker-0:127:6660 [0] NCCL INFO Channel 01/0 : 0[9000] -> 1[f5000] [send] via NET/Socket/0 comm 0x55667010c540 nRanks 02
vcjob-2107896150879928322-abc12335-42846-worker-0:127:6660 [0] NCCL INFO Channel 02/0 : 0[9000] -> 1[f5000] [send] via NET/Socket/0 comm 0x55667010c540 nRanks 02
vcjob-2107896150879928322-abc12335-42846-worker-0:127:6660 [0] NCCL INFO Channel 03/0 : 0[9000] -> 1[f5000] [send] via NET/Socket/0 comm 0x55667010c540 nRanks 02
vcjob-2107896150879928322-abc12335-42846-worker-0:127:6660 [0] NCCL INFO Channel 04/0 : 0[9000] -> 1[f5000] [send] via NET/Socket/0 comm 0x55667010c540 nRanks 02
vcjob-2107896150879928322-abc12335-42846-worker-0:127:6660 [0] NCCL INFO Channel 05/0 : 0[9000] -> 1[f5000] [send] via NET/Socket/0 comm 0x55667010c540 nRanks 02
vcjob-2107896150879928322-abc12335-42846-worker-0:127:6660 [0] NCCL INFO Channel 06/0 : 0[9000] -> 1[f5000] [send] via NET/Socket/0 comm 0x55667010c540 nRanks 02
vcjob-2107896150879928322-abc12335-42846-worker-0:127:6660 [0] NCCL INFO Channel 07/0 : 0[9000] -> 1[f5000] [send] via NET/Socket/0 comm 0x55667010c540 nRanks 02
vcjob-2107896150879928322-abc12335-42846-worker-0:127:6660 [0] NCCL INFO Channel 08/0 : 0[9000] -> 1[f5000] [send] via NET/Socket/0 comm 0x55667010c540 nRanks 02
vcjob-2107896150879928322-abc12335-42846-worker-0:127:6660 [0] NCCL INFO Channel 09/0 : 0[9000] -> 1[f5000] [send] via NET/Socket/0 comm 0x55667010c540 nRanks 02
vcjob-2107896150879928322-abc12335-42846-worker-0:127:6660 [0] NCCL INFO Channel 10/0 : 0[9000] -> 1[f5000] [send] via NET/Socket/0 comm 0x55667010c540 nRanks 02
vcjob-2107896150879928322-abc12335-42846-worker-0:127:6660 [0] NCCL INFO Channel 11/0 : 0[9000] -> 1[f5000] [send] via NET/Socket/0 comm 0x55667010c540 nRanks 02
vcjob-2107896150879928322-abc12335-42846-worker-0:127:6660 [0] NCCL INFO Channel 12/0 : 0[9000] -> 1[f5000] [send] via NET/Socket/0 comm 0x55667010c540 nRanks 02
vcjob-2107896150879928322-abc12335-42846-worker-0:127:6660 [0] NCCL INFO Channel 13/0 : 0[9000] -> 1[f5000] [send] via NET/Socket/0 comm 0x55667010c540 nRanks 02
vcjob-2107896150879928322-abc12335-42846-worker-0:127:6660 [0] NCCL INFO Channel 14/0 : 0[9000] -> 1[f5000] [send] via NET/Socket/0 comm 0x55667010c540 nRanks 02
vcjob-2107896150879928322-abc12335-42846-worker-0:127:6660 [0] NCCL INFO Channel 15/0 : 0[9000] -> 1[f5000] [send] via NET/Socket/0 comm 0x55667010c540 nRanks 02
vcjob-2107896150879928322-abc12335-42846-worker-0:127:6660 [0] NCCL INFO Channel 16/0 : 0[9000] -> 1[f5000] [send] via NET/Socket/0 comm 0x55667010c540 nRanks 02
vcjob-2107896150879928322-abc12335-42846-worker-0:127:6660 [0] NCCL INFO Channel 17/0 : 0[9000] -> 1[f5000] [send] via NET/Socket/0 comm 0x55667010c540 nRanks 02
vcjob-2107896150879928322-abc12335-42846-worker-0:127:6660 [0] NCCL INFO Channel 18/0 : 0[9000] -> 1[f5000] [send] via NET/Socket/0 comm 0x55667010c540 nRanks 02
vcjob-2107896150879928322-abc12335-42846-worker-0:127:6660 [0] NCCL INFO Channel 19/0 : 0[9000] -> 1[f5000] [send] via NET/Socket/0 comm 0x55667010c540 nRanks 02
vcjob-2107896150879928322-abc12335-42846-worker-0:127:6660 [0] NCCL INFO Channel 20/0 : 0[9000] -> 1[f5000] [send] via NET/Socket/0 comm 0x55667010c540 nRanks 02
vcjob-2107896150879928322-abc12335-42846-worker-0:127:6660 [0] NCCL INFO Channel 21/0 : 0[9000] -> 1[f5000] [send] via NET/Socket/0 comm 0x55667010c540 nRanks 02
vcjob-2107896150879928322-abc12335-42846-worker-0:127:6660 [0] NCCL INFO Channel 22/0 : 0[9000] -> 1[f5000] [send] via NET/Socket/0 comm 0x55667010c540 nRanks 02
vcjob-2107896150879928322-abc12335-42846-worker-0:127:6660 [0] NCCL INFO Channel 23/0 : 0[9000] -> 1[f5000] [send] via NET/Socket/0 comm 0x55667010c540 nRanks 02
vcjob-2107896150879928322-abc12335-42846-worker-0:127:6660 [0] NCCL INFO Channel 24/0 : 0[9000] -> 1[f5000] [send] via NET/Socket/0 comm 0x55667010c540 nRanks 02
vcjob-2107896150879928322-abc12335-42846-worker-0:127:6660 [0] NCCL INFO Channel 25/0 : 0[9000] -> 1[f5000] [send] via NET/Socket/0 comm 0x55667010c540 nRanks 02
vcjob-2107896150879928322-abc12335-42846-worker-0:127:6660 [0] NCCL INFO Channel 26/0 : 0[9000] -> 1[f5000] [send] via NET/Socket/0 comm 0x55667010c540 nRanks 02
vcjob-2107896150879928322-abc12335-42846-worker-0:127:6660 [0] NCCL INFO Channel 27/0 : 0[9000] -> 1[f5000] [send] via NET/Socket/0 comm 0x55667010c540 nRanks 02
vcjob-2107896150879928322-abc12335-42846-worker-0:127:6660 [0] NCCL INFO Channel 28/0 : 0[9000] -> 1[f5000] [send] via NET/Socket/0 comm 0x55667010c540 nRanks 02
vcjob-2107896150879928322-abc12335-42846-worker-0:127:6660 [0] NCCL INFO Channel 29/0 : 0[9000] -> 1[f5000] [send] via NET/Socket/0 comm 0x55667010c540 nRanks 02
vcjob-2107896150879928322-abc12335-42846-worker-0:127:6660 [0] NCCL INFO Channel 30/0 : 0[9000] -> 1[f5000] [send] via NET/Socket/0 comm 0x55667010c540 nRanks 02
vcjob-2107896150879928322-abc12335-42846-worker-0:127:6660 [0] NCCL INFO Channel 31/0 : 0[9000] -> 1[f5000] [send] via NET/Socket/0 comm 0x55667010c540 nRanks 02
vcjob-2107896150879928322-abc12335-42846-worker-0:127:6660 [0] NCCL INFO Connected all rings
vcjob-2107896150879928322-abc12335-42846-worker-0:127:6660 [0] NCCL INFO Connected all trees
vcjob-2107896150879928322-abc12335-42846-worker-0:127:6660 [0] NCCL INFO threadThresholds 8/8/64 | 16/8/64 | 256 | 256
vcjob-2107896150879928322-abc12335-42846-worker-0:127:6660 [0] NCCL INFO 32 coll channels, 32 collnet channels, 0 nvls channels, 32 p2p channels, 32 p2p channels per peer
vcjob-2107896150879928322-abc12335-42846-worker-0:127:6660 [0] NCCL INFO CC Off, Multi-GPU CC Off, workFifoBytes 4194304
vcjob-2107896150879928322-abc12335-42846-worker-0:127:6660 [0] NCCL INFO ncclCommInitRank comm 0x55667010c540 rank 0 nranks 2 cudaDev 0 nvmlDev 0 busId 9000 commId 0x5b6dc0d2c64aead2 localSize 480 used 1921654272 bytes on core 8 - Init COMPLETE
vcjob-2107896150879928322-abc12335-42846-worker-0:127:6660 [0] NCCL INFO Init timings: rank 0 nranks 2 total 0.30 (kernels 0.00, bootstrap 0.00, allgathers 0.00, topo 0.10, graphs 0.00, connections 0.20, rest 0.00)
I1008 02:10:07.431095   127 ProcessGroupNCCL.cpp:2890] [PG ID 0 PG GUID 0(default_pg) Rank 0] NCCL_DEBUG: INFO
vcjob-2107896150879928322-abc12335-42846-worker-0:127:6664 [0] NCCL INFO Channel 01/1 : 1[f5000] -> 0[9000] [receive] via NET/Socket/0/Shared comm 0x55667010c540 nRanks 02
vcjob-2107896150879928322-abc12335-42846-worker-0:127:6664 [0] NCCL INFO Channel 03/1 : 1[f5000] -> 0[9000] [receive] via NET/Socket/0/Shared comm 0x55667010c540 nRanks 02
vcjob-2107896150879928322-abc12335-42846-worker-0:127:6664 [0] NCCL INFO Channel 05/1 : 1[f5000] -> 0[9000] [receive] via NET/Socket/0/Shared comm 0x55667010c540 nRanks 02
vcjob-2107896150879928322-abc12335-42846-worker-0:127:6664 [0] NCCL INFO Channel 07/1 : 1[f5000] -> 0[9000] [receive] via NET/Socket/0/Shared comm 0x55667010c540 nRanks 02
vcjob-2107896150879928322-abc12335-42846-worker-0:127:6664 [0] NCCL INFO Channel 09/1 : 1[f5000] -> 0[9000] [receive] via NET/Socket/0/Shared comm 0x55667010c540 nRanks 02
vcjob-2107896150879928322-abc12335-42846-worker-0:127:6664 [0] NCCL INFO Channel 11/1 : 1[f5000] -> 0[9000] [receive] via NET/Socket/0/Shared comm 0x55667010c540 nRanks 02
vcjob-2107896150879928322-abc12335-42846-worker-0:127:6664 [0] NCCL INFO Channel 13/1 : 1[f5000] -> 0[9000] [receive] via NET/Socket/0/Shared comm 0x55667010c540 nRanks 02
vcjob-2107896150879928322-abc12335-42846-worker-0:127:6664 [0] NCCL INFO Channel 15/1 : 1[f5000] -> 0[9000] [receive] via NET/Socket/0/Shared comm 0x55667010c540 nRanks 02
vcjob-2107896150879928322-abc12335-42846-worker-0:127:6664 [0] NCCL INFO Channel 17/1 : 1[f5000] -> 0[9000] [receive] via NET/Socket/0/Shared comm 0x55667010c540 nRanks 02
vcjob-2107896150879928322-abc12335-42846-worker-0:127:6664 [0] NCCL INFO Channel 19/1 : 1[f5000] -> 0[9000] [receive] via NET/Socket/0/Shared comm 0x55667010c540 nRanks 02
vcjob-2107896150879928322-abc12335-42846-worker-0:127:6664 [0] NCCL INFO Channel 21/1 : 1[f5000] -> 0[9000] [receive] via NET/Socket/0/Shared comm 0x55667010c540 nRanks 02
vcjob-2107896150879928322-abc12335-42846-worker-0:127:6664 [0] NCCL INFO Channel 23/1 : 1[f5000] -> 0[9000] [receive] via NET/Socket/0/Shared comm 0x55667010c540 nRanks 02
vcjob-2107896150879928322-abc12335-42846-worker-0:127:6664 [0] NCCL INFO Channel 25/1 : 1[f5000] -> 0[9000] [receive] via NET/Socket/0/Shared comm 0x55667010c540 nRanks 02
vcjob-2107896150879928322-abc12335-42846-worker-0:127:6664 [0] NCCL INFO Channel 27/1 : 1[f5000] -> 0[9000] [receive] via NET/Socket/0/Shared comm 0x55667010c540 nRanks 02
vcjob-2107896150879928322-abc12335-42846-worker-0:127:6664 [0] NCCL INFO Channel 29/1 : 1[f5000] -> 0[9000] [receive] via NET/Socket/0/Shared comm 0x55667010c540 nRanks 02
vcjob-2107896150879928322-abc12335-42846-worker-0:127:6664 [0] NCCL INFO Channel 31/1 : 1[f5000] -> 0[9000] [receive] via NET/Socket/0/Shared comm 0x55667010c540 nRanks 02
Preflight: is_completed polling WORKS -> poll mode (v1 behaviour) (15/15 completions in 5.0s)
  round 1/5 done, last-round arrivals min/med/max = 3.64/275.81/281.70 ms
  round 2/5 done, last-round arrivals min/med/max = 2.08/236.33/239.44 ms
  round 3/5 done, last-round arrivals min/med/max = 1.81/287.20/289.16 ms
  round 4/5 done, last-round arrivals min/med/max = 1.79/275.14/278.69 ms
  round 5/5 done, last-round arrivals min/med/max = 1.78/257.32/259.43 ms

===========================================================================
ARRIVAL TIME MEASUREMENT RESULTS
===========================================================================
 Rank  Node        Label Median(ms)  Std(ms)  Min(ms)  Max(ms) AvgPos
----------------------------------------------------------------------------------
    1     0    SAME-NODE      1.810    0.803    1.781    3.640    1.0
    2     0    SAME-NODE      1.814    0.819    1.785    3.678    2.0
    3     0    SAME-NODE      1.816    0.819    1.787    3.681    3.0
    4     0    SAME-NODE      1.818    0.820    1.788    3.684    4.0
    5     0    SAME-NODE      1.820    0.820    1.790    3.687    5.0
    6     0    SAME-NODE      1.823    0.822    1.792    3.695    6.0
    7     0    SAME-NODE      1.825    0.829    1.794    3.712    7.0
    8     1   CROSS-NODE    278.685   20.225  239.118  289.158   13.0
    9     1   CROSS-NODE    276.111   19.551  239.445  287.528   10.8
   10     1   CROSS-NODE    278.687   20.079  239.284  288.833   12.8
   11     1   CROSS-NODE    277.410   19.955  239.287  288.671   12.8
   12     1   CROSS-NODE    278.524   20.377  238.795  289.160   13.4
   13     1   CROSS-NODE    276.927   20.416  238.141  289.162   10.6
   14     1   CROSS-NODE    275.136   19.443  238.797  287.204    8.8
   15     1   CROSS-NODE    275.811   20.217  236.331  287.868    9.8
----------------------------------------------------------------------------------
Same-node median:  1.818 ms
Cross-node median: 277.168 ms
Spread:            275.351 ms
Heterogeneity ratio: 152.5×
GEMM time:         2.00 ms
Spread vs GEMM:    13783.6%

→ ✓ Scheduling is VALUABLE (spread > 20% of GEMM time)

Results saved to /root/phase4/phase4_arrival_smoke_20261008_020948.json
I1008 02:10:09.478717   127 ProcessGroupNCCL.cpp:1445] [PG ID 0 PG GUID 0(default_pg) Rank 0] Starting to destroy process group, flushing operations.
I1008 02:10:09.478730   132 ProcessGroupNCCL.cpp:1445] [PG ID 0 PG GUID 0(default_pg) Rank 5] Starting to destroy process group, flushing operations.
I1008 02:10:09.478749   133 ProcessGroupNCCL.cpp:1445] [PG ID 0 PG GUID 0(default_pg) Rank 6] Starting to destroy process group, flushing operations.
I1008 02:10:09.478761   130 ProcessGroupNCCL.cpp:1445] [PG ID 0 PG GUID 0(default_pg) Rank 3] Starting to destroy process group, flushing operations.
I1008 02:10:09.478765   129 ProcessGroupNCCL.cpp:1445] [PG ID 0 PG GUID 0(default_pg) Rank 2] Starting to destroy process group, flushing operations.
I1008 02:10:09.478775   128 ProcessGroupNCCL.cpp:1445] [PG ID 0 PG GUID 0(default_pg) Rank 1] Starting to destroy process group, flushing operations.
I1008 02:10:09.478824   131 ProcessGroupNCCL.cpp:1445] [PG ID 0 PG GUID 0(default_pg) Rank 4] Starting to destroy process group, flushing operations.
I1008 02:10:09.478834   134 ProcessGroupNCCL.cpp:1445] [PG ID 0 PG GUID 0(default_pg) Rank 7] Starting to destroy process group, flushing operations.
I1008 02:10:09.483565   129 ProcessGroupNCCL.cpp:1472] [PG ID 0 PG GUID 0(default_pg) Rank 2] Operations flushed, joining watchdog thread.
I1008 02:10:09.483569   132 ProcessGroupNCCL.cpp:1472] [PG ID 0 PG GUID 0(default_pg) Rank 5] Operations flushed, joining watchdog thread.
I1008 02:10:09.483628   133 ProcessGroupNCCL.cpp:1472] [PG ID 0 PG GUID 0(default_pg) Rank 6] Operations flushed, joining watchdog thread.
I1008 02:10:09.483649   128 ProcessGroupNCCL.cpp:1472] [PG ID 0 PG GUID 0(default_pg) Rank 1] Operations flushed, joining watchdog thread.
I1008 02:10:09.483677   132 ProcessGroupNCCL.cpp:1486] [PG ID 0 PG GUID 0(default_pg) Rank 5] Watchdog joined, destroying NCCL communicators.
I1008 02:10:09.483696   129 ProcessGroupNCCL.cpp:1486] [PG ID 0 PG GUID 0(default_pg) Rank 2] Watchdog joined, destroying NCCL communicators.
I1008 02:10:09.483706   130 ProcessGroupNCCL.cpp:1472] [PG ID 0 PG GUID 0(default_pg) Rank 3] Operations flushed, joining watchdog thread.
I1008 02:10:09.483741   133 ProcessGroupNCCL.cpp:1486] [PG ID 0 PG GUID 0(default_pg) Rank 6] Watchdog joined, destroying NCCL communicators.
I1008 02:10:09.483773   134 ProcessGroupNCCL.cpp:1472] [PG ID 0 PG GUID 0(default_pg) Rank 7] Operations flushed, joining watchdog thread.
I1008 02:10:09.483793   128 ProcessGroupNCCL.cpp:1486] [PG ID 0 PG GUID 0(default_pg) Rank 1] Watchdog joined, destroying NCCL communicators.
I1008 02:10:09.483829   130 ProcessGroupNCCL.cpp:1486] [PG ID 0 PG GUID 0(default_pg) Rank 3] Watchdog joined, destroying NCCL communicators.
I1008 02:10:09.483884   134 ProcessGroupNCCL.cpp:1486] [PG ID 0 PG GUID 0(default_pg) Rank 7] Watchdog joined, destroying NCCL communicators.
I1008 02:10:09.483891   131 ProcessGroupNCCL.cpp:1472] [PG ID 0 PG GUID 0(default_pg) Rank 4] Operations flushed, joining watchdog thread.
I1008 02:10:09.483994   131 ProcessGroupNCCL.cpp:1486] [PG ID 0 PG GUID 0(default_pg) Rank 4] Watchdog joined, destroying NCCL communicators.
vcjob-2107896150879928322-abc12335-42846-worker-0:132:132 [5] NCCL INFO comm 0x5585cf21f670 rank 1 nranks 2 cudaDev 5 busId b5000 - Destroy COMPLETE
vcjob-2107896150879928322-abc12335-42846-worker-0:134:134 [7] NCCL INFO comm 0x558c974136e0 rank 1 nranks 2 cudaDev 7 busId f5000 - Destroy COMPLETE
vcjob-2107896150879928322-abc12335-42846-worker-0:133:133 [6] NCCL INFO comm 0x55df4ab92df0 rank 1 nranks 2 cudaDev 6 busId d5000 - Destroy COMPLETE
vcjob-2107896150879928322-abc12335-42846-worker-0:130:130 [3] NCCL INFO comm 0x5584a7b94ab0 rank 1 nranks 2 cudaDev 3 busId 77000 - Destroy COMPLETE
vcjob-2107896150879928322-abc12335-42846-worker-0:131:131 [4] NCCL INFO comm 0x55695d954ca0 rank 1 nranks 2 cudaDev 4 busId 85000 - Destroy COMPLETE
vcjob-2107896150879928322-abc12335-42846-worker-0:129:129 [2] NCCL INFO comm 0x55cb266d0840 rank 1 nranks 2 cudaDev 2 busId 55000 - Destroy COMPLETE
vcjob-2107896150879928322-abc12335-42846-worker-0:134:134 [7] NCCL INFO comm 0x558c74529610 rank 7 nranks 16 cudaDev 7 busId f5000 - Destroy COMPLETE
I1008 02:10:09.503891   134 ProcessGroupNCCL.cpp:1494] [PG ID 0 PG GUID 0(default_pg) Rank 7] Destroy complete.
I1008 02:10:09.504076   134 ProcessGroupNCCL.cpp:1499] [PG ID 0 PG GUID 0(default_pg) Rank 7] ProcessGroupNCCL destructor entered.
I1008 02:10:09.504107   134 ProcessGroupNCCL.cpp:1549] [PG ID 0 PG GUID 0(default_pg) Rank 7] ProcessGroupNCCL heart beat monitor thread joined.
vcjob-2107896150879928322-abc12335-42846-worker-0:128:128 [1] NCCL INFO comm 0x5642b1311e20 rank 1 nranks 2 cudaDev 1 busId 36000 - Destroy COMPLETE
vcjob-2107896150879928322-abc12335-42846-worker-0:132:132 [5] NCCL INFO comm 0x5585ac33aa10 rank 5 nranks 16 cudaDev 5 busId b5000 - Destroy COMPLETE
I1008 02:10:09.506510   132 ProcessGroupNCCL.cpp:1494] [PG ID 0 PG GUID 0(default_pg) Rank 5] Destroy complete.
I1008 02:10:09.506606   132 ProcessGroupNCCL.cpp:1499] [PG ID 0 PG GUID 0(default_pg) Rank 5] ProcessGroupNCCL destructor entered.
I1008 02:10:09.506637   132 ProcessGroupNCCL.cpp:1549] [PG ID 0 PG GUID 0(default_pg) Rank 5] ProcessGroupNCCL heart beat monitor thread joined.
vcjob-2107896150879928322-abc12335-42846-worker-0:133:133 [6] NCCL INFO comm 0x55df27ca67a0 rank 6 nranks 16 cudaDev 6 busId d5000 - Destroy COMPLETE
I1008 02:10:09.507154   133 ProcessGroupNCCL.cpp:1494] [PG ID 0 PG GUID 0(default_pg) Rank 6] Destroy complete.
I1008 02:10:09.507309   133 ProcessGroupNCCL.cpp:1499] [PG ID 0 PG GUID 0(default_pg) Rank 6] ProcessGroupNCCL destructor entered.
I1008 02:10:09.507339   133 ProcessGroupNCCL.cpp:1549] [PG ID 0 PG GUID 0(default_pg) Rank 6] ProcessGroupNCCL heart beat monitor thread joined.
vcjob-2107896150879928322-abc12335-42846-worker-0:130:130 [3] NCCL INFO comm 0x558484cac890 rank 3 nranks 16 cudaDev 3 busId 77000 - Destroy COMPLETE
I1008 02:10:09.509264   130 ProcessGroupNCCL.cpp:1494] [PG ID 0 PG GUID 0(default_pg) Rank 3] Destroy complete.
I1008 02:10:09.509371   130 ProcessGroupNCCL.cpp:1499] [PG ID 0 PG GUID 0(default_pg) Rank 3] ProcessGroupNCCL destructor entered.
I1008 02:10:09.509405   130 ProcessGroupNCCL.cpp:1549] [PG ID 0 PG GUID 0(default_pg) Rank 3] ProcessGroupNCCL heart beat monitor thread joined.
vcjob-2107896150879928322-abc12335-42846-worker-0:131:131 [4] NCCL INFO comm 0x55693aa697d0 rank 4 nranks 16 cudaDev 4 busId 85000 - Destroy COMPLETE
I1008 02:10:09.510407   131 ProcessGroupNCCL.cpp:1494] [PG ID 0 PG GUID 0(default_pg) Rank 4] Destroy complete.
I1008 02:10:09.510596   131 ProcessGroupNCCL.cpp:1499] [PG ID 0 PG GUID 0(default_pg) Rank 4] ProcessGroupNCCL destructor entered.
I1008 02:10:09.510622   131 ProcessGroupNCCL.cpp:1549] [PG ID 0 PG GUID 0(default_pg) Rank 4] ProcessGroupNCCL heart beat monitor thread joined.
vcjob-2107896150879928322-abc12335-42846-worker-0:129:129 [2] NCCL INFO comm 0x55cb037ed990 rank 2 nranks 16 cudaDev 2 busId 55000 - Destroy COMPLETE
I1008 02:10:09.510812   129 ProcessGroupNCCL.cpp:1494] [PG ID 0 PG GUID 0(default_pg) Rank 2] Destroy complete.
I1008 02:10:09.510962   129 ProcessGroupNCCL.cpp:1499] [PG ID 0 PG GUID 0(default_pg) Rank 2] ProcessGroupNCCL destructor entered.
I1008 02:10:09.510983   129 ProcessGroupNCCL.cpp:1549] [PG ID 0 PG GUID 0(default_pg) Rank 2] ProcessGroupNCCL heart beat monitor thread joined.
vcjob-2107896150879928322-abc12335-42846-worker-0:128:128 [1] NCCL INFO comm 0x56428e424770 rank 1 nranks 16 cudaDev 1 busId 36000 - Destroy COMPLETE
I1008 02:10:09.515793   128 ProcessGroupNCCL.cpp:1494] [PG ID 0 PG GUID 0(default_pg) Rank 1] Destroy complete.
I1008 02:10:09.515914   128 ProcessGroupNCCL.cpp:1499] [PG ID 0 PG GUID 0(default_pg) Rank 1] ProcessGroupNCCL destructor entered.
I1008 02:10:09.515941   128 ProcessGroupNCCL.cpp:1549] [PG ID 0 PG GUID 0(default_pg) Rank 1] ProcessGroupNCCL heart beat monitor thread joined.
I1008 02:10:09.521018   127 ProcessGroupNCCL.cpp:1472] [PG ID 0 PG GUID 0(default_pg) Rank 0] Operations flushed, joining watchdog thread.
I1008 02:10:09.521258   127 ProcessGroupNCCL.cpp:1486] [PG ID 0 PG GUID 0(default_pg) Rank 0] Watchdog joined, destroying NCCL communicators.
vcjob-2107896150879928322-abc12335-42846-worker-0:127:127 [0] NCCL INFO comm 0x55667003a6d0 rank 0 nranks 2 cudaDev 0 busId 9000 - Destroy COMPLETE
vcjob-2107896150879928322-abc12335-42846-worker-0:127:127 [0] NCCL INFO comm 0x55667010c540 rank 0 nranks 2 cudaDev 0 busId 9000 - Destroy COMPLETE
vcjob-2107896150879928322-abc12335-42846-worker-0:127:127 [0] NCCL INFO comm 0x55666f6035d0 rank 0 nranks 2 cudaDev 0 busId 9000 - Destroy COMPLETE
vcjob-2107896150879928322-abc12335-42846-worker-0:127:127 [0] NCCL INFO comm 0x55666f6bedb0 rank 0 nranks 2 cudaDev 0 busId 9000 - Destroy COMPLETE
vcjob-2107896150879928322-abc12335-42846-worker-0:127:127 [0] NCCL INFO comm 0x55666f77a590 rank 0 nranks 2 cudaDev 0 busId 9000 - Destroy COMPLETE
vcjob-2107896150879928322-abc12335-42846-worker-0:127:127 [0] NCCL INFO comm 0x55666f835d70 rank 0 nranks 2 cudaDev 0 busId 9000 - Destroy COMPLETE
vcjob-2107896150879928322-abc12335-42846-worker-0:127:127 [0] NCCL INFO comm 0x55666f8f1550 rank 0 nranks 2 cudaDev 0 busId 9000 - Destroy COMPLETE
vcjob-2107896150879928322-abc12335-42846-worker-0:127:127 [0] NCCL INFO comm 0x55664c6ad890 rank 0 nranks 16 cudaDev 0 busId 9000 - Destroy COMPLETE
vcjob-2107896150879928322-abc12335-42846-worker-0:127:127 [0] NCCL INFO comm 0x55666fa3b610 rank 0 nranks 2 cudaDev 0 busId 9000 - Destroy COMPLETE
vcjob-2107896150879928322-abc12335-42846-worker-0:127:127 [0] NCCL INFO comm 0x55666faf6df0 rank 0 nranks 2 cudaDev 0 busId 9000 - Destroy COMPLETE
vcjob-2107896150879928322-abc12335-42846-worker-0:127:127 [0] NCCL INFO comm 0x55666fd29590 rank 0 nranks 2 cudaDev 0 busId 9000 - Destroy COMPLETE
vcjob-2107896150879928322-abc12335-42846-worker-0:127:127 [0] NCCL INFO comm 0x55666fbb25d0 rank 0 nranks 2 cudaDev 0 busId 9000 - Destroy COMPLETE
vcjob-2107896150879928322-abc12335-42846-worker-0:127:127 [0] NCCL INFO comm 0x55666fc6ddb0 rank 0 nranks 2 cudaDev 0 busId 9000 - Destroy COMPLETE
vcjob-2107896150879928322-abc12335-42846-worker-0:127:127 [0] NCCL INFO comm 0x55666fde4d70 rank 0 nranks 2 cudaDev 0 busId 9000 - Destroy COMPLETE
vcjob-2107896150879928322-abc12335-42846-worker-0:127:127 [0] NCCL INFO comm 0x55666ff6bd40 rank 0 nranks 2 cudaDev 0 busId 9000 - Destroy COMPLETE
vcjob-2107896150879928322-abc12335-42846-worker-0:127:127 [0] NCCL INFO comm 0x55666fea0550 rank 0 nranks 2 cudaDev 0 busId 9000 - Destroy COMPLETE
I1008 02:10:09.774705   127 ProcessGroupNCCL.cpp:1494] [PG ID 0 PG GUID 0(default_pg) Rank 0] Destroy complete.
I1008 02:10:09.774904   127 ProcessGroupNCCL.cpp:1499] [PG ID 0 PG GUID 0(default_pg) Rank 0] ProcessGroupNCCL destructor entered.
I1008 02:10:09.774935   127 ProcessGroupNCCL.cpp:1549] [PG ID 0 PG GUID 0(default_pg) Rank 0] ProcessGroupNCCL heart beat monitor thread joined.
