WARNING: Logging before InitGoogleLogging() is written to STDERR
I1008 02:25:23.860877   129 ProcessGroupNCCL.cpp:1007] [PG ID 0 PG GUID 0 Rank 3] ProcessGroupNCCL initialization options: size: 16, global rank: 3, TIMEOUT(ms): 600000, USE_HIGH_PRIORITY_STREAM: 0, SPLIT_FROM: 0, SPLIT_COLOR: -2, PG Name: 0
I1008 02:25:23.860918   129 ProcessGroupNCCL.cpp:1016] [PG ID 0 PG GUID 0 Rank 3] ProcessGroupNCCL environments: NCCL version: 2.22.3, TORCH_NCCL_ASYNC_ERROR_HANDLING: 1, TORCH_NCCL_DUMP_ON_TIMEOUT: 1, TORCH_NCCL_PROPAGATE_ERROR: 0, TORCH_NCCL_WAIT_TIMEOUT_DUMP_MILSEC: 60000, TORCH_NCCL_DESYNC_DEBUG: 0, TORCH_NCCL_ENABLE_TIMING: 0, TORCH_NCCL_BLOCKING_WAIT: 0, TORCH_DISTRIBUTED_DEBUG: OFF, TORCH_NCCL_USE_TENSOR_REGISTER_ALLOCATOR_HOOK: 0, TORCH_NCCL_ENABLE_MONITORING: 1, TORCH_NCCL_HEARTBEAT_TIMEOUT_SEC: 480, TORCH_NCCL_TRACE_BUFFER_SIZE: 2000, TORCH_NCCL_COORD_CHECK_MILSEC: 1000, TORCH_NCCL_NAN_CHECK: 0, TORCH_NCCL_CUDA_EVENT_CACHE: 1, TORCH_NCCL_LOG_CPP_STACK_ON_UNCLEAN_SHUTDOWN: 1
WARNING: Logging before InitGoogleLogging() is written to STDERR
I1008 02:25:23.887885   133 ProcessGroupNCCL.cpp:1007] [PG ID 0 PG GUID 0 Rank 7] ProcessGroupNCCL initialization options: size: 16, global rank: 7, TIMEOUT(ms): 600000, USE_HIGH_PRIORITY_STREAM: 0, SPLIT_FROM: 0, SPLIT_COLOR: -2, PG Name: 0
I1008 02:25:23.887926   133 ProcessGroupNCCL.cpp:1016] [PG ID 0 PG GUID 0 Rank 7] ProcessGroupNCCL environments: NCCL version: 2.22.3, TORCH_NCCL_ASYNC_ERROR_HANDLING: 1, TORCH_NCCL_DUMP_ON_TIMEOUT: 1, TORCH_NCCL_PROPAGATE_ERROR: 0, TORCH_NCCL_WAIT_TIMEOUT_DUMP_MILSEC: 60000, TORCH_NCCL_DESYNC_DEBUG: 0, TORCH_NCCL_ENABLE_TIMING: 0, TORCH_NCCL_BLOCKING_WAIT: 0, TORCH_DISTRIBUTED_DEBUG: OFF, TORCH_NCCL_USE_TENSOR_REGISTER_ALLOCATOR_HOOK: 0, TORCH_NCCL_ENABLE_MONITORING: 1, TORCH_NCCL_HEARTBEAT_TIMEOUT_SEC: 480, TORCH_NCCL_TRACE_BUFFER_SIZE: 2000, TORCH_NCCL_COORD_CHECK_MILSEC: 1000, TORCH_NCCL_NAN_CHECK: 0, TORCH_NCCL_CUDA_EVENT_CACHE: 1, TORCH_NCCL_LOG_CPP_STACK_ON_UNCLEAN_SHUTDOWN: 1
WARNING: Logging before InitGoogleLogging() is written to STDERR
I1008 02:25:23.900940   128 ProcessGroupNCCL.cpp:1007] [PG ID 0 PG GUID 0 Rank 2] ProcessGroupNCCL initialization options: size: 16, global rank: 2, TIMEOUT(ms): 600000, USE_HIGH_PRIORITY_STREAM: 0, SPLIT_FROM: 0, SPLIT_COLOR: -2, PG Name: 0
I1008 02:25:23.900974   128 ProcessGroupNCCL.cpp:1016] [PG ID 0 PG GUID 0 Rank 2] ProcessGroupNCCL environments: NCCL version: 2.22.3, TORCH_NCCL_ASYNC_ERROR_HANDLING: 1, TORCH_NCCL_DUMP_ON_TIMEOUT: 1, TORCH_NCCL_PROPAGATE_ERROR: 0, TORCH_NCCL_WAIT_TIMEOUT_DUMP_MILSEC: 60000, TORCH_NCCL_DESYNC_DEBUG: 0, TORCH_NCCL_ENABLE_TIMING: 0, TORCH_NCCL_BLOCKING_WAIT: 0, TORCH_DISTRIBUTED_DEBUG: OFF, TORCH_NCCL_USE_TENSOR_REGISTER_ALLOCATOR_HOOK: 0, TORCH_NCCL_ENABLE_MONITORING: 1, TORCH_NCCL_HEARTBEAT_TIMEOUT_SEC: 480, TORCH_NCCL_TRACE_BUFFER_SIZE: 2000, TORCH_NCCL_COORD_CHECK_MILSEC: 1000, TORCH_NCCL_NAN_CHECK: 0, TORCH_NCCL_CUDA_EVENT_CACHE: 1, TORCH_NCCL_LOG_CPP_STACK_ON_UNCLEAN_SHUTDOWN: 1
WARNING: Logging before InitGoogleLogging() is written to STDERR
I1008 02:25:23.904594   132 ProcessGroupNCCL.cpp:1007] [PG ID 0 PG GUID 0 Rank 6] ProcessGroupNCCL initialization options: size: 16, global rank: 6, TIMEOUT(ms): 600000, USE_HIGH_PRIORITY_STREAM: 0, SPLIT_FROM: 0, SPLIT_COLOR: -2, PG Name: 0
I1008 02:25:23.904711   132 ProcessGroupNCCL.cpp:1016] [PG ID 0 PG GUID 0 Rank 6] ProcessGroupNCCL environments: NCCL version: 2.22.3, TORCH_NCCL_ASYNC_ERROR_HANDLING: 1, TORCH_NCCL_DUMP_ON_TIMEOUT: 1, TORCH_NCCL_PROPAGATE_ERROR: 0, TORCH_NCCL_WAIT_TIMEOUT_DUMP_MILSEC: 60000, TORCH_NCCL_DESYNC_DEBUG: 0, TORCH_NCCL_ENABLE_TIMING: 0, TORCH_NCCL_BLOCKING_WAIT: 0, TORCH_DISTRIBUTED_DEBUG: OFF, TORCH_NCCL_USE_TENSOR_REGISTER_ALLOCATOR_HOOK: 0, TORCH_NCCL_ENABLE_MONITORING: 1, TORCH_NCCL_HEARTBEAT_TIMEOUT_SEC: 480, TORCH_NCCL_TRACE_BUFFER_SIZE: 2000, TORCH_NCCL_COORD_CHECK_MILSEC: 1000, TORCH_NCCL_NAN_CHECK: 0, TORCH_NCCL_CUDA_EVENT_CACHE: 1, TORCH_NCCL_LOG_CPP_STACK_ON_UNCLEAN_SHUTDOWN: 1
WARNING: Logging before InitGoogleLogging() is written to STDERR
I1008 02:25:23.907347   130 ProcessGroupNCCL.cpp:1007] [PG ID 0 PG GUID 0 Rank 4] ProcessGroupNCCL initialization options: size: 16, global rank: 4, TIMEOUT(ms): 600000, USE_HIGH_PRIORITY_STREAM: 0, SPLIT_FROM: 0, SPLIT_COLOR: -2, PG Name: 0
I1008 02:25:23.907419   130 ProcessGroupNCCL.cpp:1016] [PG ID 0 PG GUID 0 Rank 4] ProcessGroupNCCL environments: NCCL version: 2.22.3, TORCH_NCCL_ASYNC_ERROR_HANDLING: 1, TORCH_NCCL_DUMP_ON_TIMEOUT: 1, TORCH_NCCL_PROPAGATE_ERROR: 0, TORCH_NCCL_WAIT_TIMEOUT_DUMP_MILSEC: 60000, TORCH_NCCL_DESYNC_DEBUG: 0, TORCH_NCCL_ENABLE_TIMING: 0, TORCH_NCCL_BLOCKING_WAIT: 0, TORCH_DISTRIBUTED_DEBUG: OFF, TORCH_NCCL_USE_TENSOR_REGISTER_ALLOCATOR_HOOK: 0, TORCH_NCCL_ENABLE_MONITORING: 1, TORCH_NCCL_HEARTBEAT_TIMEOUT_SEC: 480, TORCH_NCCL_TRACE_BUFFER_SIZE: 2000, TORCH_NCCL_COORD_CHECK_MILSEC: 1000, TORCH_NCCL_NAN_CHECK: 0, TORCH_NCCL_CUDA_EVENT_CACHE: 1, TORCH_NCCL_LOG_CPP_STACK_ON_UNCLEAN_SHUTDOWN: 1
WARNING: Logging before InitGoogleLogging() is written to STDERR
I1008 02:25:23.911665   127 ProcessGroupNCCL.cpp:1007] [PG ID 0 PG GUID 0 Rank 1] ProcessGroupNCCL initialization options: size: 16, global rank: 1, TIMEOUT(ms): 600000, USE_HIGH_PRIORITY_STREAM: 0, SPLIT_FROM: 0, SPLIT_COLOR: -2, PG Name: 0
I1008 02:25:23.911725   127 ProcessGroupNCCL.cpp:1016] [PG ID 0 PG GUID 0 Rank 1] ProcessGroupNCCL environments: NCCL version: 2.22.3, TORCH_NCCL_ASYNC_ERROR_HANDLING: 1, TORCH_NCCL_DUMP_ON_TIMEOUT: 1, TORCH_NCCL_PROPAGATE_ERROR: 0, TORCH_NCCL_WAIT_TIMEOUT_DUMP_MILSEC: 60000, TORCH_NCCL_DESYNC_DEBUG: 0, TORCH_NCCL_ENABLE_TIMING: 0, TORCH_NCCL_BLOCKING_WAIT: 0, TORCH_DISTRIBUTED_DEBUG: OFF, TORCH_NCCL_USE_TENSOR_REGISTER_ALLOCATOR_HOOK: 0, TORCH_NCCL_ENABLE_MONITORING: 1, TORCH_NCCL_HEARTBEAT_TIMEOUT_SEC: 480, TORCH_NCCL_TRACE_BUFFER_SIZE: 2000, TORCH_NCCL_COORD_CHECK_MILSEC: 1000, TORCH_NCCL_NAN_CHECK: 0, TORCH_NCCL_CUDA_EVENT_CACHE: 1, TORCH_NCCL_LOG_CPP_STACK_ON_UNCLEAN_SHUTDOWN: 1
WARNING: Logging before InitGoogleLogging() is written to STDERR
I1008 02:25:23.912075   126 ProcessGroupNCCL.cpp:1007] [PG ID 0 PG GUID 0 Rank 0] ProcessGroupNCCL initialization options: size: 16, global rank: 0, TIMEOUT(ms): 600000, USE_HIGH_PRIORITY_STREAM: 0, SPLIT_FROM: 0, SPLIT_COLOR: -2, PG Name: 0
I1008 02:25:23.912123   126 ProcessGroupNCCL.cpp:1016] [PG ID 0 PG GUID 0 Rank 0] ProcessGroupNCCL environments: NCCL version: 2.22.3, TORCH_NCCL_ASYNC_ERROR_HANDLING: 1, TORCH_NCCL_DUMP_ON_TIMEOUT: 1, TORCH_NCCL_PROPAGATE_ERROR: 0, TORCH_NCCL_WAIT_TIMEOUT_DUMP_MILSEC: 60000, TORCH_NCCL_DESYNC_DEBUG: 0, TORCH_NCCL_ENABLE_TIMING: 0, TORCH_NCCL_BLOCKING_WAIT: 0, TORCH_DISTRIBUTED_DEBUG: OFF, TORCH_NCCL_USE_TENSOR_REGISTER_ALLOCATOR_HOOK: 0, TORCH_NCCL_ENABLE_MONITORING: 1, TORCH_NCCL_HEARTBEAT_TIMEOUT_SEC: 480, TORCH_NCCL_TRACE_BUFFER_SIZE: 2000, TORCH_NCCL_COORD_CHECK_MILSEC: 1000, TORCH_NCCL_NAN_CHECK: 0, TORCH_NCCL_CUDA_EVENT_CACHE: 1, TORCH_NCCL_LOG_CPP_STACK_ON_UNCLEAN_SHUTDOWN: 1
WARNING: Logging before InitGoogleLogging() is written to STDERR
I1008 02:25:23.912434   131 ProcessGroupNCCL.cpp:1007] [PG ID 0 PG GUID 0 Rank 5] ProcessGroupNCCL initialization options: size: 16, global rank: 5, TIMEOUT(ms): 600000, USE_HIGH_PRIORITY_STREAM: 0, SPLIT_FROM: 0, SPLIT_COLOR: -2, PG Name: 0
I1008 02:25:23.912472   131 ProcessGroupNCCL.cpp:1016] [PG ID 0 PG GUID 0 Rank 5] ProcessGroupNCCL environments: NCCL version: 2.22.3, TORCH_NCCL_ASYNC_ERROR_HANDLING: 1, TORCH_NCCL_DUMP_ON_TIMEOUT: 1, TORCH_NCCL_PROPAGATE_ERROR: 0, TORCH_NCCL_WAIT_TIMEOUT_DUMP_MILSEC: 60000, TORCH_NCCL_DESYNC_DEBUG: 0, TORCH_NCCL_ENABLE_TIMING: 0, TORCH_NCCL_BLOCKING_WAIT: 0, TORCH_DISTRIBUTED_DEBUG: OFF, TORCH_NCCL_USE_TENSOR_REGISTER_ALLOCATOR_HOOK: 0, TORCH_NCCL_ENABLE_MONITORING: 1, TORCH_NCCL_HEARTBEAT_TIMEOUT_SEC: 480, TORCH_NCCL_TRACE_BUFFER_SIZE: 2000, TORCH_NCCL_COORD_CHECK_MILSEC: 1000, TORCH_NCCL_NAN_CHECK: 0, TORCH_NCCL_CUDA_EVENT_CACHE: 1, TORCH_NCCL_LOG_CPP_STACK_ON_UNCLEAN_SHUTDOWN: 1
World: 16 ranks across 2 nodes
Chunk: 8.0 MB per producer
Iterations: 100 (+10 warmup)

I1008 02:25:23.954408   129 ProcessGroupNCCL.cpp:1107] [PG ID 0 PG GUID 0(default_pg) Rank 3] Using non-blocking mode: 0
I1008 02:25:23.955065   133 ProcessGroupNCCL.cpp:1107] [PG ID 0 PG GUID 0(default_pg) Rank 7] Using non-blocking mode: 0
I1008 02:25:23.965408   128 ProcessGroupNCCL.cpp:1107] [PG ID 0 PG GUID 0(default_pg) Rank 2] Using non-blocking mode: 0
I1008 02:25:23.967526   132 ProcessGroupNCCL.cpp:1107] [PG ID 0 PG GUID 0(default_pg) Rank 6] Using non-blocking mode: 0
I1008 02:25:23.974581   127 ProcessGroupNCCL.cpp:1107] [PG ID 0 PG GUID 0(default_pg) Rank 1] Using non-blocking mode: 0
I1008 02:25:23.978026   131 ProcessGroupNCCL.cpp:1107] [PG ID 0 PG GUID 0(default_pg) Rank 5] Using non-blocking mode: 0
I1008 02:25:23.992542   130 ProcessGroupNCCL.cpp:1107] [PG ID 0 PG GUID 0(default_pg) Rank 4] Using non-blocking mode: 0
I1008 02:25:23.996763   126 ProcessGroupNCCL.cpp:1107] [PG ID 0 PG GUID 0(default_pg) Rank 0] Using non-blocking mode: 0

vcjob-2107900011410145281-abc12335-65396-worker-0:126:126 [0] /data/jenkins_workspace/workspace/rccl_release/build/hipify/src/init.cc:170 NCCL WARN NUMA auto balancing enabled which can lead to variability in the RCCL performance! Disable by "sudo sysctl kernel.numa_balancing=0"
vcjob-2107900011410145281-abc12335-65396-worker-0:126:126 [0] NCCL INFO Kernel version: 5.15.0-25-generic

vcjob-2107900011410145281-abc12335-65396-worker-0:126:126 [0] /data/jenkins_workspace/workspace/rccl_release/build/hipify/src/init.cc:191 NCCL WARN Missing "iommu=pt" from kernel command line which can lead to system instablity or hang!
vcjob-2107900011410145281-abc12335-65396-worker-0:126:126 [0] NCCL INFO Disabled GDRCopy equivalent memory allocation on gfx936 due to GPU architecture
vcjob-2107900011410145281-abc12335-65396-worker-0:126:126 [0] NCCL INFO NCCL_SOCKET_IFNAME set by environment to eth
vcjob-2107900011410145281-abc12335-65396-worker-0:126:126 [0] NCCL INFO Bootstrap : Using eth0:172.31.50.214<0>
I1008 02:25:23.997812   126 ProcessGroupNCCL.cpp:2857] [PG ID 0 PG GUID 0(default_pg) Rank 0] ProcessGroupNCCL broadcast unique ID through store took 0.06184 ms
I1008 02:25:23.997844   126 NCCLUtils.cpp:75] Rank 0: creating NCCL communicator with mode: blocking
vcjob-2107900011410145281-abc12335-65396-worker-0:126:126 [0] NCCL INFO ROCr version 1.11
vcjob-2107900011410145281-abc12335-65396-worker-0:126:126 [0] NCCL INFO Dmabuf feature disabled without NCCL_DMABUF_ENABLE=1

vcjob-2107900011410145281-abc12335-65396-worker-0:126:126 [0] /data/jenkins_workspace/workspace/rccl_release/build/hipify/src/init.cc:170 NCCL WARN NUMA auto balancing enabled which can lead to variability in the RCCL performance! Disable by "sudo sysctl kernel.numa_balancing=0"
vcjob-2107900011410145281-abc12335-65396-worker-0:126:126 [0] NCCL INFO Kernel version: 5.15.0-25-generic

vcjob-2107900011410145281-abc12335-65396-worker-0:126:126 [0] /data/jenkins_workspace/workspace/rccl_release/build/hipify/src/init.cc:191 NCCL WARN Missing "iommu=pt" from kernel command line which can lead to system instablity or hang!
vcjob-2107900011410145281-abc12335-65396-worker-0:126:126 [0] NCCL INFO RCCL version : 2.22.3-HEAD:19c80f7
HIP version  : 6.3.26102-a22a51fa
ROCm version : 6.3.3.0-0-c1d64df
Hostname     : vcjob-2107900011410145281-abc12335-65396-worker-0
Librccl path : /opt/dtk/lib/librccl.so.1
vcjob-2107900011410145281-abc12335-65396-worker-0:126:126 [0] NCCL INFO Comm config Blocking set to 1
I1008 02:25:23.998330   133 ProcessGroupNCCL.cpp:2857] [PG ID 0 PG GUID 0(default_pg) Rank 7] ProcessGroupNCCL broadcast unique ID through store took 43.2352 ms
I1008 02:25:23.998374   133 NCCLUtils.cpp:75] Rank 7: creating NCCL communicator with mode: blocking
I1008 02:25:23.998338   129 ProcessGroupNCCL.cpp:2857] [PG ID 0 PG GUID 0(default_pg) Rank 3] ProcessGroupNCCL broadcast unique ID through store took 43.8823 ms
I1008 02:25:23.998382   132 ProcessGroupNCCL.cpp:2857] [PG ID 0 PG GUID 0(default_pg) Rank 6] ProcessGroupNCCL broadcast unique ID through store took 30.8152 ms
I1008 02:25:23.998431   132 NCCLUtils.cpp:75] Rank 6: creating NCCL communicator with mode: blocking
I1008 02:25:23.998381   128 ProcessGroupNCCL.cpp:2857] [PG ID 0 PG GUID 0(default_pg) Rank 2] ProcessGroupNCCL broadcast unique ID through store took 32.933 ms
I1008 02:25:23.998443   129 NCCLUtils.cpp:75] Rank 3: creating NCCL communicator with mode: blocking
I1008 02:25:23.998459   128 NCCLUtils.cpp:75] Rank 2: creating NCCL communicator with mode: blocking
I1008 02:25:23.998431   127 ProcessGroupNCCL.cpp:2857] [PG ID 0 PG GUID 0(default_pg) Rank 1] ProcessGroupNCCL broadcast unique ID through store took 23.8001 ms
I1008 02:25:23.998453   131 ProcessGroupNCCL.cpp:2857] [PG ID 0 PG GUID 0(default_pg) Rank 5] ProcessGroupNCCL broadcast unique ID through store took 20.3874 ms
I1008 02:25:23.998521   127 NCCLUtils.cpp:75] Rank 1: creating NCCL communicator with mode: blocking
vcjob-2107900011410145281-abc12335-65396-worker-0:133:133 [7] NCCL INFO ROCr version 1.11
I1008 02:25:23.998528   131 NCCLUtils.cpp:75] Rank 5: creating NCCL communicator with mode: blocking
I1008 02:25:23.998479   130 ProcessGroupNCCL.cpp:2857] [PG ID 0 PG GUID 0(default_pg) Rank 4] ProcessGroupNCCL broadcast unique ID through store took 5.89252 ms
vcjob-2107900011410145281-abc12335-65396-worker-0:133:133 [7] NCCL INFO Dmabuf feature disabled without NCCL_DMABUF_ENABLE=1
I1008 02:25:23.998548   130 NCCLUtils.cpp:75] Rank 4: creating NCCL communicator with mode: blocking

vcjob-2107900011410145281-abc12335-65396-worker-0:133:133 [7] /data/jenkins_workspace/workspace/rccl_release/build/hipify/src/init.cc:170 NCCL WARN NUMA auto balancing enabled which can lead to variability in the RCCL performance! Disable by "sudo sysctl kernel.numa_balancing=0"
vcjob-2107900011410145281-abc12335-65396-worker-0:133:133 [7] NCCL INFO Kernel version: 5.15.0-25-generic
vcjob-2107900011410145281-abc12335-65396-worker-0:132:132 [6] NCCL INFO ROCr version 1.11
vcjob-2107900011410145281-abc12335-65396-worker-0:132:132 [6] NCCL INFO Dmabuf feature disabled without NCCL_DMABUF_ENABLE=1

vcjob-2107900011410145281-abc12335-65396-worker-0:133:133 [7] /data/jenkins_workspace/workspace/rccl_release/build/hipify/src/init.cc:191 NCCL WARN Missing "iommu=pt" from kernel command line which can lead to system instablity or hang!

vcjob-2107900011410145281-abc12335-65396-worker-0:132:132 [6] /data/jenkins_workspace/workspace/rccl_release/build/hipify/src/init.cc:170 NCCL WARN NUMA auto balancing enabled which can lead to variability in the RCCL performance! Disable by "sudo sysctl kernel.numa_balancing=0"
vcjob-2107900011410145281-abc12335-65396-worker-0:132:132 [6] NCCL INFO Kernel version: 5.15.0-25-generic
vcjob-2107900011410145281-abc12335-65396-worker-0:133:133 [7] NCCL INFO Disabled GDRCopy equivalent memory allocation on gfx936 due to GPU architecture
vcjob-2107900011410145281-abc12335-65396-worker-0:129:129 [3] NCCL INFO ROCr version 1.11
vcjob-2107900011410145281-abc12335-65396-worker-0:127:127 [1] NCCL INFO ROCr version 1.11
vcjob-2107900011410145281-abc12335-65396-worker-0:128:128 [2] NCCL INFO ROCr version 1.11
vcjob-2107900011410145281-abc12335-65396-worker-0:133:133 [7] NCCL INFO NCCL_SOCKET_IFNAME set by environment to eth
vcjob-2107900011410145281-abc12335-65396-worker-0:129:129 [3] NCCL INFO Dmabuf feature disabled without NCCL_DMABUF_ENABLE=1
vcjob-2107900011410145281-abc12335-65396-worker-0:130:130 [4] NCCL INFO ROCr version 1.11
vcjob-2107900011410145281-abc12335-65396-worker-0:127:127 [1] NCCL INFO Dmabuf feature disabled without NCCL_DMABUF_ENABLE=1
vcjob-2107900011410145281-abc12335-65396-worker-0:131:131 [5] NCCL INFO ROCr version 1.11
vcjob-2107900011410145281-abc12335-65396-worker-0:128:128 [2] NCCL INFO Dmabuf feature disabled without NCCL_DMABUF_ENABLE=1
vcjob-2107900011410145281-abc12335-65396-worker-0:130:130 [4] NCCL INFO Dmabuf feature disabled without NCCL_DMABUF_ENABLE=1
vcjob-2107900011410145281-abc12335-65396-worker-0:131:131 [5] NCCL INFO Dmabuf feature disabled without NCCL_DMABUF_ENABLE=1

vcjob-2107900011410145281-abc12335-65396-worker-0:132:132 [6] /data/jenkins_workspace/workspace/rccl_release/build/hipify/src/init.cc:191 NCCL WARN Missing "iommu=pt" from kernel command line which can lead to system instablity or hang!

vcjob-2107900011410145281-abc12335-65396-worker-0:129:129 [3] /data/jenkins_workspace/workspace/rccl_release/build/hipify/src/init.cc:170 NCCL WARN NUMA auto balancing enabled which can lead to variability in the RCCL performance! Disable by "sudo sysctl kernel.numa_balancing=0"

vcjob-2107900011410145281-abc12335-65396-worker-0:130:130 [4] /data/jenkins_workspace/workspace/rccl_release/build/hipify/src/init.cc:170 NCCL WARN NUMA auto balancing enabled which can lead to variability in the RCCL performance! Disable by "sudo sysctl kernel.numa_balancing=0"

vcjob-2107900011410145281-abc12335-65396-worker-0:127:127 [1] /data/jenkins_workspace/workspace/rccl_release/build/hipify/src/init.cc:170 NCCL WARN NUMA auto balancing enabled which can lead to variability in the RCCL performance! Disable by "sudo sysctl kernel.numa_balancing=0"

vcjob-2107900011410145281-abc12335-65396-worker-0:131:131 [5] /data/jenkins_workspace/workspace/rccl_release/build/hipify/src/init.cc:170 NCCL WARN NUMA auto balancing enabled which can lead to variability in the RCCL performance! Disable by "sudo sysctl kernel.numa_balancing=0"

vcjob-2107900011410145281-abc12335-65396-worker-0:128:128 [2] /data/jenkins_workspace/workspace/rccl_release/build/hipify/src/init.cc:170 NCCL WARN NUMA auto balancing enabled which can lead to variability in the RCCL performance! Disable by "sudo sysctl kernel.numa_balancing=0"
vcjob-2107900011410145281-abc12335-65396-worker-0:132:132 [6] NCCL INFO Disabled GDRCopy equivalent memory allocation on gfx936 due to GPU architecture
vcjob-2107900011410145281-abc12335-65396-worker-0:130:130 [4] NCCL INFO Kernel version: 5.15.0-25-generic
vcjob-2107900011410145281-abc12335-65396-worker-0:128:128 [2] NCCL INFO Kernel version: 5.15.0-25-generic
vcjob-2107900011410145281-abc12335-65396-worker-0:129:129 [3] NCCL INFO Kernel version: 5.15.0-25-generic
vcjob-2107900011410145281-abc12335-65396-worker-0:127:127 [1] NCCL INFO Kernel version: 5.15.0-25-generic
vcjob-2107900011410145281-abc12335-65396-worker-0:131:131 [5] NCCL INFO Kernel version: 5.15.0-25-generic
vcjob-2107900011410145281-abc12335-65396-worker-0:132:132 [6] NCCL INFO NCCL_SOCKET_IFNAME set by environment to eth

vcjob-2107900011410145281-abc12335-65396-worker-0:128:128 [2] /data/jenkins_workspace/workspace/rccl_release/build/hipify/src/init.cc:191 NCCL WARN Missing "iommu=pt" from kernel command line which can lead to system instablity or hang!

vcjob-2107900011410145281-abc12335-65396-worker-0:129:129 [3] /data/jenkins_workspace/workspace/rccl_release/build/hipify/src/init.cc:191 NCCL WARN Missing "iommu=pt" from kernel command line which can lead to system instablity or hang!

vcjob-2107900011410145281-abc12335-65396-worker-0:131:131 [5] /data/jenkins_workspace/workspace/rccl_release/build/hipify/src/init.cc:191 NCCL WARN Missing "iommu=pt" from kernel command line which can lead to system instablity or hang!

vcjob-2107900011410145281-abc12335-65396-worker-0:130:130 [4] /data/jenkins_workspace/workspace/rccl_release/build/hipify/src/init.cc:191 NCCL WARN Missing "iommu=pt" from kernel command line which can lead to system instablity or hang!

vcjob-2107900011410145281-abc12335-65396-worker-0:127:127 [1] /data/jenkins_workspace/workspace/rccl_release/build/hipify/src/init.cc:191 NCCL WARN Missing "iommu=pt" from kernel command line which can lead to system instablity or hang!
vcjob-2107900011410145281-abc12335-65396-worker-0:129:129 [3] NCCL INFO Disabled GDRCopy equivalent memory allocation on gfx936 due to GPU architecture
vcjob-2107900011410145281-abc12335-65396-worker-0:127:127 [1] NCCL INFO Disabled GDRCopy equivalent memory allocation on gfx936 due to GPU architecture
vcjob-2107900011410145281-abc12335-65396-worker-0:130:130 [4] NCCL INFO Disabled GDRCopy equivalent memory allocation on gfx936 due to GPU architecture
vcjob-2107900011410145281-abc12335-65396-worker-0:131:131 [5] NCCL INFO Disabled GDRCopy equivalent memory allocation on gfx936 due to GPU architecture
vcjob-2107900011410145281-abc12335-65396-worker-0:128:128 [2] NCCL INFO Disabled GDRCopy equivalent memory allocation on gfx936 due to GPU architecture
vcjob-2107900011410145281-abc12335-65396-worker-0:129:129 [3] NCCL INFO NCCL_SOCKET_IFNAME set by environment to eth
vcjob-2107900011410145281-abc12335-65396-worker-0:131:131 [5] NCCL INFO NCCL_SOCKET_IFNAME set by environment to eth
vcjob-2107900011410145281-abc12335-65396-worker-0:130:130 [4] NCCL INFO NCCL_SOCKET_IFNAME set by environment to eth
vcjob-2107900011410145281-abc12335-65396-worker-0:127:127 [1] NCCL INFO NCCL_SOCKET_IFNAME set by environment to eth
vcjob-2107900011410145281-abc12335-65396-worker-0:128:128 [2] NCCL INFO NCCL_SOCKET_IFNAME set by environment to eth
vcjob-2107900011410145281-abc12335-65396-worker-0:133:133 [7] NCCL INFO Bootstrap : Using eth0:172.31.50.214<0>
vcjob-2107900011410145281-abc12335-65396-worker-0:128:128 [2] NCCL INFO Bootstrap : Using eth0:172.31.50.214<0>
vcjob-2107900011410145281-abc12335-65396-worker-0:129:129 [3] NCCL INFO Bootstrap : Using eth0:172.31.50.214<0>
vcjob-2107900011410145281-abc12335-65396-worker-0:127:127 [1] NCCL INFO Bootstrap : Using eth0:172.31.50.214<0>
vcjob-2107900011410145281-abc12335-65396-worker-0:131:131 [5] NCCL INFO Bootstrap : Using eth0:172.31.50.214<0>
vcjob-2107900011410145281-abc12335-65396-worker-0:130:130 [4] NCCL INFO Bootstrap : Using eth0:172.31.50.214<0>
vcjob-2107900011410145281-abc12335-65396-worker-0:132:132 [6] NCCL INFO Bootstrap : Using eth0:172.31.50.214<0>
vcjob-2107900011410145281-abc12335-65396-worker-0:128:128 [2] NCCL INFO RCCL version : 2.22.3-HEAD:19c80f7
HIP version  : 6.3.26102-a22a51fa
ROCm version : 6.3.3.0-0-c1d64df
Hostname     : vcjob-2107900011410145281-abc12335-65396-worker-0
Librccl path : /opt/dtk/lib/librccl.so.1
vcjob-2107900011410145281-abc12335-65396-worker-0:129:129 [3] NCCL INFO RCCL version : 2.22.3-HEAD:19c80f7
HIP version  : 6.3.26102-a22a51fa
ROCm version : 6.3.3.0-0-c1d64df
Hostname     : vcjob-2107900011410145281-abc12335-65396-worker-0
Librccl path : /opt/dtk/lib/librccl.so.1
vcjob-2107900011410145281-abc12335-65396-worker-0:127:127 [1] NCCL INFO RCCL version : 2.22.3-HEAD:19c80f7
HIP version  : 6.3.26102-a22a51fa
ROCm version : 6.3.3.0-0-c1d64df
Hostname     : vcjob-2107900011410145281-abc12335-65396-worker-0
Librccl path : /opt/dtk/lib/librccl.so.1
vcjob-2107900011410145281-abc12335-65396-worker-0:131:131 [5] NCCL INFO RCCL version : 2.22.3-HEAD:19c80f7
HIP version  : 6.3.26102-a22a51fa
ROCm version : 6.3.3.0-0-c1d64df
Hostname     : vcjob-2107900011410145281-abc12335-65396-worker-0
Librccl path : /opt/dtk/lib/librccl.so.1
vcjob-2107900011410145281-abc12335-65396-worker-0:130:130 [4] NCCL INFO RCCL version : 2.22.3-HEAD:19c80f7
HIP version  : 6.3.26102-a22a51fa
ROCm version : 6.3.3.0-0-c1d64df
Hostname     : vcjob-2107900011410145281-abc12335-65396-worker-0
Librccl path : /opt/dtk/lib/librccl.so.1
vcjob-2107900011410145281-abc12335-65396-worker-0:132:132 [6] NCCL INFO RCCL version : 2.22.3-HEAD:19c80f7
HIP version  : 6.3.26102-a22a51fa
ROCm version : 6.3.3.0-0-c1d64df
Hostname     : vcjob-2107900011410145281-abc12335-65396-worker-0
Librccl path : /opt/dtk/lib/librccl.so.1
vcjob-2107900011410145281-abc12335-65396-worker-0:133:133 [7] NCCL INFO RCCL version : 2.22.3-HEAD:19c80f7
HIP version  : 6.3.26102-a22a51fa
ROCm version : 6.3.3.0-0-c1d64df
Hostname     : vcjob-2107900011410145281-abc12335-65396-worker-0
Librccl path : /opt/dtk/lib/librccl.so.1
vcjob-2107900011410145281-abc12335-65396-worker-0:133:133 [7] NCCL INFO Comm config Blocking set to 1
vcjob-2107900011410145281-abc12335-65396-worker-0:132:132 [6] NCCL INFO Comm config Blocking set to 1
vcjob-2107900011410145281-abc12335-65396-worker-0:131:131 [5] NCCL INFO Comm config Blocking set to 1
vcjob-2107900011410145281-abc12335-65396-worker-0:127:127 [1] NCCL INFO Comm config Blocking set to 1
vcjob-2107900011410145281-abc12335-65396-worker-0:130:130 [4] NCCL INFO Comm config Blocking set to 1
vcjob-2107900011410145281-abc12335-65396-worker-0:128:128 [2] NCCL INFO Comm config Blocking set to 1
vcjob-2107900011410145281-abc12335-65396-worker-0:129:129 [3] NCCL INFO Comm config Blocking set to 1
vcjob-2107900011410145281-abc12335-65396-worker-0:126:231 [0] NCCL INFO NET/Plugin: Could not find: librccl-net.so. Using internal network plugin.
vcjob-2107900011410145281-abc12335-65396-worker-0:126:231 [0] NCCL INFO NCCL_IB_DISABLE set by environment to 0.
vcjob-2107900011410145281-abc12335-65396-worker-0:131:236 [5] NCCL INFO NET/Plugin: Could not find: librccl-net.so. Using internal network plugin.
vcjob-2107900011410145281-abc12335-65396-worker-0:131:236 [5] NCCL INFO NCCL_IB_DISABLE set by environment to 0.
vcjob-2107900011410145281-abc12335-65396-worker-0:131:236 [5] NCCL INFO NCCL_SOCKET_IFNAME set by environment to eth
vcjob-2107900011410145281-abc12335-65396-worker-0:126:231 [0] NCCL INFO NCCL_SOCKET_IFNAME set by environment to eth
vcjob-2107900011410145281-abc12335-65396-worker-0:131:236 [5] NCCL INFO NET/IB : No device found.
vcjob-2107900011410145281-abc12335-65396-worker-0:126:231 [0] NCCL INFO NET/IB : No device found.
vcjob-2107900011410145281-abc12335-65396-worker-0:126:231 [0] NCCL INFO NCCL_SOCKET_IFNAME set by environment to eth
vcjob-2107900011410145281-abc12335-65396-worker-0:131:236 [5] NCCL INFO NCCL_SOCKET_IFNAME set by environment to eth
vcjob-2107900011410145281-abc12335-65396-worker-0:126:231 [0] NCCL INFO NET/Socket : Using [0]eth0:172.31.50.214<0>
vcjob-2107900011410145281-abc12335-65396-worker-0:131:236 [5] NCCL INFO NET/Socket : Using [0]eth0:172.31.50.214<0>
vcjob-2107900011410145281-abc12335-65396-worker-0:126:231 [0] NCCL INFO Using network Socket
vcjob-2107900011410145281-abc12335-65396-worker-0:131:236 [5] NCCL INFO Using network Socket
vcjob-2107900011410145281-abc12335-65396-worker-0:133:232 [7] NCCL INFO NET/Plugin: Could not find: librccl-net.so. Using internal network plugin.
vcjob-2107900011410145281-abc12335-65396-worker-0:133:232 [7] NCCL INFO NCCL_IB_DISABLE set by environment to 0.
vcjob-2107900011410145281-abc12335-65396-worker-0:132:233 [6] NCCL INFO NET/Plugin: Could not find: librccl-net.so. Using internal network plugin.
vcjob-2107900011410145281-abc12335-65396-worker-0:132:233 [6] NCCL INFO NCCL_IB_DISABLE set by environment to 0.
vcjob-2107900011410145281-abc12335-65396-worker-0:133:232 [7] NCCL INFO NCCL_SOCKET_IFNAME set by environment to eth
vcjob-2107900011410145281-abc12335-65396-worker-0:129:238 [3] NCCL INFO NET/Plugin: Could not find: librccl-net.so. Using internal network plugin.
vcjob-2107900011410145281-abc12335-65396-worker-0:130:234 [4] NCCL INFO NET/Plugin: Could not find: librccl-net.so. Using internal network plugin.
vcjob-2107900011410145281-abc12335-65396-worker-0:129:238 [3] NCCL INFO NCCL_IB_DISABLE set by environment to 0.
vcjob-2107900011410145281-abc12335-65396-worker-0:130:234 [4] NCCL INFO NCCL_IB_DISABLE set by environment to 0.
vcjob-2107900011410145281-abc12335-65396-worker-0:133:232 [7] NCCL INFO NET/IB : No device found.
vcjob-2107900011410145281-abc12335-65396-worker-0:133:232 [7] NCCL INFO NCCL_SOCKET_IFNAME set by environment to eth
vcjob-2107900011410145281-abc12335-65396-worker-0:127:235 [1] NCCL INFO NET/Plugin: Could not find: librccl-net.so. Using internal network plugin.
vcjob-2107900011410145281-abc12335-65396-worker-0:128:237 [2] NCCL INFO NET/Plugin: Could not find: librccl-net.so. Using internal network plugin.
vcjob-2107900011410145281-abc12335-65396-worker-0:127:235 [1] NCCL INFO NCCL_IB_DISABLE set by environment to 0.
vcjob-2107900011410145281-abc12335-65396-worker-0:128:237 [2] NCCL INFO NCCL_IB_DISABLE set by environment to 0.
vcjob-2107900011410145281-abc12335-65396-worker-0:133:232 [7] NCCL INFO NET/Socket : Using [0]eth0:172.31.50.214<0>
vcjob-2107900011410145281-abc12335-65396-worker-0:133:232 [7] NCCL INFO Using network Socket
vcjob-2107900011410145281-abc12335-65396-worker-0:132:233 [6] NCCL INFO NCCL_SOCKET_IFNAME set by environment to eth
vcjob-2107900011410145281-abc12335-65396-worker-0:130:234 [4] NCCL INFO NCCL_SOCKET_IFNAME set by environment to eth
vcjob-2107900011410145281-abc12335-65396-worker-0:129:238 [3] NCCL INFO NCCL_SOCKET_IFNAME set by environment to eth
vcjob-2107900011410145281-abc12335-65396-worker-0:127:235 [1] NCCL INFO NCCL_SOCKET_IFNAME set by environment to eth
vcjob-2107900011410145281-abc12335-65396-worker-0:128:237 [2] NCCL INFO NCCL_SOCKET_IFNAME set by environment to eth
vcjob-2107900011410145281-abc12335-65396-worker-0:129:238 [3] NCCL INFO NET/IB : No device found.
vcjob-2107900011410145281-abc12335-65396-worker-0:130:234 [4] NCCL INFO NET/IB : No device found.
vcjob-2107900011410145281-abc12335-65396-worker-0:130:234 [4] NCCL INFO NCCL_SOCKET_IFNAME set by environment to eth
vcjob-2107900011410145281-abc12335-65396-worker-0:129:238 [3] NCCL INFO NCCL_SOCKET_IFNAME set by environment to eth
vcjob-2107900011410145281-abc12335-65396-worker-0:132:233 [6] NCCL INFO NET/IB : No device found.
vcjob-2107900011410145281-abc12335-65396-worker-0:132:233 [6] NCCL INFO NCCL_SOCKET_IFNAME set by environment to eth
vcjob-2107900011410145281-abc12335-65396-worker-0:132:233 [6] NCCL INFO NET/Socket : Using [0]eth0:172.31.50.214<0>
vcjob-2107900011410145281-abc12335-65396-worker-0:129:238 [3] NCCL INFO NET/Socket : Using [0]eth0:172.31.50.214<0>
vcjob-2107900011410145281-abc12335-65396-worker-0:130:234 [4] NCCL INFO NET/Socket : Using [0]eth0:172.31.50.214<0>
vcjob-2107900011410145281-abc12335-65396-worker-0:132:233 [6] NCCL INFO Using network Socket
vcjob-2107900011410145281-abc12335-65396-worker-0:130:234 [4] NCCL INFO Using network Socket
vcjob-2107900011410145281-abc12335-65396-worker-0:129:238 [3] NCCL INFO Using network Socket
vcjob-2107900011410145281-abc12335-65396-worker-0:127:235 [1] NCCL INFO NET/IB : No device found.
vcjob-2107900011410145281-abc12335-65396-worker-0:128:237 [2] NCCL INFO NET/IB : No device found.
vcjob-2107900011410145281-abc12335-65396-worker-0:128:237 [2] NCCL INFO NCCL_SOCKET_IFNAME set by environment to eth
vcjob-2107900011410145281-abc12335-65396-worker-0:127:235 [1] NCCL INFO NCCL_SOCKET_IFNAME set by environment to eth
vcjob-2107900011410145281-abc12335-65396-worker-0:127:235 [1] NCCL INFO NET/Socket : Using [0]eth0:172.31.50.214<0>
vcjob-2107900011410145281-abc12335-65396-worker-0:128:237 [2] NCCL INFO NET/Socket : Using [0]eth0:172.31.50.214<0>
vcjob-2107900011410145281-abc12335-65396-worker-0:128:237 [2] NCCL INFO Using network Socket
vcjob-2107900011410145281-abc12335-65396-worker-0:127:235 [1] NCCL INFO Using network Socket
vcjob-2107900011410145281-abc12335-65396-worker-0:126:231 [0] NCCL INFO rocm_smi_lib: version 7.6.0.0
vcjob-2107900011410145281-abc12335-65396-worker-0:131:236 [5] NCCL INFO rocm_smi_lib: version 7.6.0.0
vcjob-2107900011410145281-abc12335-65396-worker-0:133:232 [7] NCCL INFO rocm_smi_lib: version 7.6.0.0
vcjob-2107900011410145281-abc12335-65396-worker-0:132:233 [6] NCCL INFO rocm_smi_lib: version 7.6.0.0
vcjob-2107900011410145281-abc12335-65396-worker-0:129:238 [3] NCCL INFO rocm_smi_lib: version 7.6.0.0
vcjob-2107900011410145281-abc12335-65396-worker-0:130:234 [4] NCCL INFO rocm_smi_lib: version 7.6.0.0
vcjob-2107900011410145281-abc12335-65396-worker-0:128:237 [2] NCCL INFO rocm_smi_lib: version 7.6.0.0
vcjob-2107900011410145281-abc12335-65396-worker-0:127:235 [1] NCCL INFO rocm_smi_lib: version 7.6.0.0
vcjob-2107900011410145281-abc12335-65396-worker-0:132:233 [6] NCCL INFO ncclCommInitRank comm 0x563763758060 rank 6 nranks 16 cudaDev 6 nvmlDev 6 busId d5000 commId 0x939a6ded96e72132 - Init START
vcjob-2107900011410145281-abc12335-65396-worker-0:131:236 [5] NCCL INFO ncclCommInitRank comm 0x562a61e4bfe0 rank 5 nranks 16 cudaDev 5 nvmlDev 5 busId b5000 commId 0x939a6ded96e72132 - Init START
vcjob-2107900011410145281-abc12335-65396-worker-0:130:234 [4] NCCL INFO ncclCommInitRank comm 0x559486aaf020 rank 4 nranks 16 cudaDev 4 nvmlDev 4 busId 85000 commId 0x939a6ded96e72132 - Init START
vcjob-2107900011410145281-abc12335-65396-worker-0:129:238 [3] NCCL INFO ncclCommInitRank comm 0x55c630372090 rank 3 nranks 16 cudaDev 3 nvmlDev 3 busId 77000 commId 0x939a6ded96e72132 - Init START
vcjob-2107900011410145281-abc12335-65396-worker-0:131:236 [5] NCCL INFO rank:5 get match hsa dev domain:0x0 bdf:0xb500 rank busId:0x741376
vcjob-2107900011410145281-abc12335-65396-worker-0:132:233 [6] NCCL INFO rank:6 get match hsa dev domain:0x0 bdf:0xd500 rank busId:0x872448
vcjob-2107900011410145281-abc12335-65396-worker-0:129:238 [3] NCCL INFO rank:3 get match hsa dev domain:0x0 bdf:0x7700 rank busId:0x487424
vcjob-2107900011410145281-abc12335-65396-worker-0:130:234 [4] NCCL INFO rank:4 get match hsa dev domain:0x0 bdf:0x8500 rank busId:0x544768
vcjob-2107900011410145281-abc12335-65396-worker-0:128:237 [2] NCCL INFO ncclCommInitRank comm 0x5622be0a0150 rank 2 nranks 16 cudaDev 2 nvmlDev 2 busId 55000 commId 0x939a6ded96e72132 - Init START
vcjob-2107900011410145281-abc12335-65396-worker-0:133:232 [7] NCCL INFO ncclCommInitRank comm 0x55ae53089090 rank 7 nranks 16 cudaDev 7 nvmlDev 7 busId f5000 commId 0x939a6ded96e72132 - Init START
vcjob-2107900011410145281-abc12335-65396-worker-0:127:235 [1] NCCL INFO ncclCommInitRank comm 0x5648594dd090 rank 1 nranks 16 cudaDev 1 nvmlDev 1 busId 36000 commId 0x939a6ded96e72132 - Init START
vcjob-2107900011410145281-abc12335-65396-worker-0:128:237 [2] NCCL INFO rank:2 get match hsa dev domain:0x0 bdf:0x5500 rank busId:0x348160
vcjob-2107900011410145281-abc12335-65396-worker-0:126:231 [0] NCCL INFO ncclCommInitRank comm 0x556e1a5bb050 rank 0 nranks 16 cudaDev 0 nvmlDev 0 busId 9000 commId 0x939a6ded96e72132 - Init START
vcjob-2107900011410145281-abc12335-65396-worker-0:133:232 [7] NCCL INFO rank:7 get match hsa dev domain:0x0 bdf:0xf500 rank busId:0x1003520
vcjob-2107900011410145281-abc12335-65396-worker-0:127:235 [1] NCCL INFO rank:1 get match hsa dev domain:0x0 bdf:0x3600 rank busId:0x221184
vcjob-2107900011410145281-abc12335-65396-worker-0:131:236 [5] NCCL INFO XDP Switch is off with xdp_size : 0
vcjob-2107900011410145281-abc12335-65396-worker-0:129:238 [3] NCCL INFO XDP Switch is off with xdp_size : 0
vcjob-2107900011410145281-abc12335-65396-worker-0:130:234 [4] NCCL INFO XDP Switch is off with xdp_size : 0
vcjob-2107900011410145281-abc12335-65396-worker-0:132:233 [6] NCCL INFO XDP Switch is off with xdp_size : 0
vcjob-2107900011410145281-abc12335-65396-worker-0:126:231 [0] NCCL INFO rank:0 get match hsa dev domain:0x0 bdf:0x900 rank busId:0x36864
vcjob-2107900011410145281-abc12335-65396-worker-0:128:237 [2] NCCL INFO XDP Switch is off with xdp_size : 0
vcjob-2107900011410145281-abc12335-65396-worker-0:133:232 [7] NCCL INFO XDP Switch is off with xdp_size : 0
vcjob-2107900011410145281-abc12335-65396-worker-0:127:235 [1] NCCL INFO XDP Switch is off with xdp_size : 0
vcjob-2107900011410145281-abc12335-65396-worker-0:126:231 [0] NCCL INFO XDP Switch is off with xdp_size : 0

vcjob-2107900011410145281-abc12335-65396-worker-0:129:238 [3] /data/jenkins_workspace/workspace/rccl_release/build/hipify/src/graph/xml.cc:1839 NCCL WARN Unable to obtain the pciPath[NULL] or name[eth0] attributes from NetProperties.

vcjob-2107900011410145281-abc12335-65396-worker-0:131:236 [5] /data/jenkins_workspace/workspace/rccl_release/build/hipify/src/graph/xml.cc:1839 NCCL WARN Unable to obtain the pciPath[NULL] or name[eth0] attributes from NetProperties.

vcjob-2107900011410145281-abc12335-65396-worker-0:131:236 [5] /data/jenkins_workspace/workspace/rccl_release/build/hipify/src/graph/xml.cc:1211 NCCL WARN No IB NIC found, the generation of the basic topology has been terminated.

vcjob-2107900011410145281-abc12335-65396-worker-0:129:238 [3] /data/jenkins_workspace/workspace/rccl_release/build/hipify/src/graph/xml.cc:1211 NCCL WARN No IB NIC found, the generation of the basic topology has been terminated.

vcjob-2107900011410145281-abc12335-65396-worker-0:132:233 [6] /data/jenkins_workspace/workspace/rccl_release/build/hipify/src/graph/xml.cc:1839 NCCL WARN Unable to obtain the pciPath[NULL] or name[eth0] attributes from NetProperties.

vcjob-2107900011410145281-abc12335-65396-worker-0:132:233 [6] /data/jenkins_workspace/workspace/rccl_release/build/hipify/src/graph/xml.cc:1211 NCCL WARN No IB NIC found, the generation of the basic topology has been terminated.
vcjob-2107900011410145281-abc12335-65396-worker-0:129:238 [3] NCCL INFO rocm_smi_lib: version 7.6.0.0
vcjob-2107900011410145281-abc12335-65396-worker-0:131:236 [5] NCCL INFO rocm_smi_lib: version 7.6.0.0

vcjob-2107900011410145281-abc12335-65396-worker-0:128:237 [2] /data/jenkins_workspace/workspace/rccl_release/build/hipify/src/graph/xml.cc:1839 NCCL WARN Unable to obtain the pciPath[NULL] or name[eth0] attributes from NetProperties.

vcjob-2107900011410145281-abc12335-65396-worker-0:128:237 [2] /data/jenkins_workspace/workspace/rccl_release/build/hipify/src/graph/xml.cc:1211 NCCL WARN No IB NIC found, the generation of the basic topology has been terminated.
vcjob-2107900011410145281-abc12335-65396-worker-0:132:233 [6] NCCL INFO rocm_smi_lib: version 7.6.0.0

vcjob-2107900011410145281-abc12335-65396-worker-0:133:232 [7] /data/jenkins_workspace/workspace/rccl_release/build/hipify/src/graph/xml.cc:1839 NCCL WARN Unable to obtain the pciPath[NULL] or name[eth0] attributes from NetProperties.

vcjob-2107900011410145281-abc12335-65396-worker-0:133:232 [7] /data/jenkins_workspace/workspace/rccl_release/build/hipify/src/graph/xml.cc:1211 NCCL WARN No IB NIC found, the generation of the basic topology has been terminated.

vcjob-2107900011410145281-abc12335-65396-worker-0:127:235 [1] /data/jenkins_workspace/workspace/rccl_release/build/hipify/src/graph/xml.cc:1839 NCCL WARN Unable to obtain the pciPath[NULL] or name[eth0] attributes from NetProperties.

vcjob-2107900011410145281-abc12335-65396-worker-0:127:235 [1] /data/jenkins_workspace/workspace/rccl_release/build/hipify/src/graph/xml.cc:1211 NCCL WARN No IB NIC found, the generation of the basic topology has been terminated.

vcjob-2107900011410145281-abc12335-65396-worker-0:130:234 [4] /data/jenkins_workspace/workspace/rccl_release/build/hipify/src/graph/xml.cc:1839 NCCL WARN Unable to obtain the pciPath[NULL] or name[eth0] attributes from NetProperties.

vcjob-2107900011410145281-abc12335-65396-worker-0:130:234 [4] /data/jenkins_workspace/workspace/rccl_release/build/hipify/src/graph/xml.cc:1211 NCCL WARN No IB NIC found, the generation of the basic topology has been terminated.

vcjob-2107900011410145281-abc12335-65396-worker-0:126:231 [0] /data/jenkins_workspace/workspace/rccl_release/build/hipify/src/graph/xml.cc:1839 NCCL WARN Unable to obtain the pciPath[NULL] or name[eth0] attributes from NetProperties.

vcjob-2107900011410145281-abc12335-65396-worker-0:126:231 [0] /data/jenkins_workspace/workspace/rccl_release/build/hipify/src/graph/xml.cc:1211 NCCL WARN No IB NIC found, the generation of the basic topology has been terminated.
vcjob-2107900011410145281-abc12335-65396-worker-0:128:237 [2] NCCL INFO rocm_smi_lib: version 7.6.0.0
vcjob-2107900011410145281-abc12335-65396-worker-0:133:232 [7] NCCL INFO rocm_smi_lib: version 7.6.0.0
vcjob-2107900011410145281-abc12335-65396-worker-0:127:235 [1] NCCL INFO rocm_smi_lib: version 7.6.0.0
vcjob-2107900011410145281-abc12335-65396-worker-0:130:234 [4] NCCL INFO rocm_smi_lib: version 7.6.0.0
vcjob-2107900011410145281-abc12335-65396-worker-0:126:231 [0] NCCL INFO rocm_smi_lib: version 7.6.0.0
vcjob-2107900011410145281-abc12335-65396-worker-0:128:237 [2] NCCL INFO Setting affinity for GPU 2 to ffff,00000000
vcjob-2107900011410145281-abc12335-65396-worker-0:128:237 [2] NCCL INFO Rank:2 Get link topo from rocmDev:0 linkNum:8 link:0 linkState:1 remote type:1 bdf:0x9b00 topoType:2
vcjob-2107900011410145281-abc12335-65396-worker-0:128:237 [2] NCCL INFO Transport init rank 2 useXdp 0 linkTopoType 2
vcjob-2107900011410145281-abc12335-65396-worker-0:131:236 [5] NCCL INFO Setting affinity for GPU 5 to ffff0000,00000000,00000000,00000000
vcjob-2107900011410145281-abc12335-65396-worker-0:131:236 [5] NCCL INFO Rank:5 Get link topo from rocmDev:0 linkNum:8 link:0 linkState:1 remote type:1 bdf:0x9b00 topoType:2
vcjob-2107900011410145281-abc12335-65396-worker-0:131:236 [5] NCCL INFO Transport init rank 5 useXdp 0 linkTopoType 2
vcjob-2107900011410145281-abc12335-65396-worker-0:129:238 [3] NCCL INFO Setting affinity for GPU 3 to ffff0000
vcjob-2107900011410145281-abc12335-65396-worker-0:129:238 [3] NCCL INFO Rank:3 Get link topo from rocmDev:0 linkNum:8 link:0 linkState:1 remote type:1 bdf:0x9b00 topoType:2
vcjob-2107900011410145281-abc12335-65396-worker-0:129:238 [3] NCCL INFO Transport init rank 3 useXdp 0 linkTopoType 2
vcjob-2107900011410145281-abc12335-65396-worker-0:130:234 [4] NCCL INFO Setting affinity for GPU 4 to ffff,00000000,00000000
vcjob-2107900011410145281-abc12335-65396-worker-0:133:232 [7] NCCL INFO Setting affinity for GPU 7 to ffff0000,00000000,00000000
vcjob-2107900011410145281-abc12335-65396-worker-0:133:232 [7] NCCL INFO Rank:7 Get link topo from rocmDev:0 linkNum:8 link:0 linkState:1 remote type:1 bdf:0x9b00 topoType:2
vcjob-2107900011410145281-abc12335-65396-worker-0:133:232 [7] NCCL INFO Transport init rank 7 useXdp 0 linkTopoType 2
vcjob-2107900011410145281-abc12335-65396-worker-0:130:234 [4] NCCL INFO Rank:4 Get link topo from rocmDev:0 linkNum:8 link:0 linkState:1 remote type:1 bdf:0x9b00 topoType:2
vcjob-2107900011410145281-abc12335-65396-worker-0:130:234 [4] NCCL INFO Transport init rank 4 useXdp 0 linkTopoType 2
vcjob-2107900011410145281-abc12335-65396-worker-0:127:235 [1] NCCL INFO Setting affinity for GPU 1 to ffff0000,00000000
vcjob-2107900011410145281-abc12335-65396-worker-0:127:235 [1] NCCL INFO Rank:1 Get link topo from rocmDev:0 linkNum:8 link:0 linkState:1 remote type:1 bdf:0x9b00 topoType:2
vcjob-2107900011410145281-abc12335-65396-worker-0:127:235 [1] NCCL INFO Transport init rank 1 useXdp 0 linkTopoType 2
vcjob-2107900011410145281-abc12335-65396-worker-0:132:233 [6] NCCL INFO Setting affinity for GPU 6 to ffff,00000000,00000000,00000000
vcjob-2107900011410145281-abc12335-65396-worker-0:132:233 [6] NCCL INFO Rank:6 Get link topo from rocmDev:0 linkNum:8 link:0 linkState:1 remote type:1 bdf:0x9b00 topoType:2
vcjob-2107900011410145281-abc12335-65396-worker-0:132:233 [6] NCCL INFO Transport init rank 6 useXdp 0 linkTopoType 2
vcjob-2107900011410145281-abc12335-65396-worker-0:126:231 [0] NCCL INFO Setting affinity for GPU 0 to ffff
vcjob-2107900011410145281-abc12335-65396-worker-0:126:231 [0] NCCL INFO Rank:0 Get link topo from rocmDev:0 linkNum:8 link:0 linkState:1 remote type:1 bdf:0x9b00 topoType:2
vcjob-2107900011410145281-abc12335-65396-worker-0:126:231 [0] NCCL INFO Transport init rank 0 useXdp 0 linkTopoType 2
vcjob-2107900011410145281-abc12335-65396-worker-0:132:233 [6] NCCL INFO comm 0x563763758060 rank 6 nRanks 16 nNodes 2 localRanks 8 localRank 6 MNNVL 0
vcjob-2107900011410145281-abc12335-65396-worker-0:131:236 [5] NCCL INFO comm 0x562a61e4bfe0 rank 5 nRanks 16 nNodes 2 localRanks 8 localRank 5 MNNVL 0
vcjob-2107900011410145281-abc12335-65396-worker-0:130:234 [4] NCCL INFO comm 0x559486aaf020 rank 4 nRanks 16 nNodes 2 localRanks 8 localRank 4 MNNVL 0
vcjob-2107900011410145281-abc12335-65396-worker-0:129:238 [3] NCCL INFO comm 0x55c630372090 rank 3 nRanks 16 nNodes 2 localRanks 8 localRank 3 MNNVL 0
vcjob-2107900011410145281-abc12335-65396-worker-0:132:233 [6] NCCL INFO Trees [0] 7/-1/-1->6->5 [1] 7/-1/-1->6->5 [2] 7/-1/-1->6->5 [3] 7/-1/-1->6->5 [4] 7/-1/-1->6->5 [5] 7/-1/-1->6->5 [6] 7/-1/-1->6->5 [7] 7/-1/-1->6->5 [8] 7/-1/-1->6->5 [9] 7/-1/-1->6->5 [10] 7/-1/-1->6->5 [11] 7/-1/-1->6->5 [12] 7/-1/-1->6->5 [13] 7/-1/-1->6->5 [14] 7/-1/-1->6->5 [15] 7/-1/-1->6->5 [16] 7/-1/-1->6->5 [17] 7/-1/-1->6->5 [18] 7/-1/-1->6->5 [19] 7/-1/-1->6->5 [20] 7/-1/-1->6->5 [21] 7/-1/-1->6->5 [22] 7/-1/-1->6->5 [23] 7/-1/-1->6->5 [24] 7/-1/-1->6->5 [25] 7/-1/-1->6->5 [26] 7/-1/-1->6->5 [27] 7/-1/-1->6->5 [28] 7/-1/-1->6->5 [29] 7/-1/-1->6->5 [30] 7/-1/-1->6->5 [31] 7/-1/-1->6->5 comm 0x563763758060 nRanks 16 busId d5000
vcjob-2107900011410145281-abc12335-65396-worker-0:132:233 [6] NCCL INFO P2P Chunksize set to 131072
vcjob-2107900011410145281-abc12335-65396-worker-0:128:237 [2] NCCL INFO comm 0x5622be0a0150 rank 2 nRanks 16 nNodes 2 localRanks 8 localRank 2 MNNVL 0
vcjob-2107900011410145281-abc12335-65396-worker-0:132:233 [6] NCCL INFO comm->autoPerPeerOn: 1, comm->p2pnChannels: 32, comm->p2pnChannelsPerPeer: 2
vcjob-2107900011410145281-abc12335-65396-worker-0:127:235 [1] NCCL INFO comm 0x5648594dd090 rank 1 nRanks 16 nNodes 2 localRanks 8 localRank 1 MNNVL 0
vcjob-2107900011410145281-abc12335-65396-worker-0:131:236 [5] NCCL INFO Trees [0] 6/-1/-1->5->4 [1] 6/-1/-1->5->4 [2] 6/-1/-1->5->4 [3] 6/-1/-1->5->4 [4] 6/-1/-1->5->4 [5] 6/-1/-1->5->4 [6] 6/-1/-1->5->4 [7] 6/-1/-1->5->4 [8] 6/-1/-1->5->4 [9] 6/-1/-1->5->4 [10] 6/-1/-1->5->4 [11] 6/-1/-1->5->4 [12] 6/-1/-1->5->4 [13] 6/-1/-1->5->4 [14] 6/-1/-1->5->4 [15] 6/-1/-1->5->4 [16] 6/-1/-1->5->4 [17] 6/-1/-1->5->4 [18] 6/-1/-1->5->4 [19] 6/-1/-1->5->4 [20] 6/-1/-1->5->4 [21] 6/-1/-1->5->4 [22] 6/-1/-1->5->4 [23] 6/-1/-1->5->4 [24] 6/-1/-1->5->4 [25] 6/-1/-1->5->4 [26] 6/-1/-1->5->4 [27] 6/-1/-1->5->4 [28] 6/-1/-1->5->4 [29] 6/-1/-1->5->4 [30] 6/-1/-1->5->4 [31] 6/-1/-1->5->4 comm 0x562a61e4bfe0 nRanks 16 busId b5000
vcjob-2107900011410145281-abc12335-65396-worker-0:131:236 [5] NCCL INFO P2P Chunksize set to 131072
vcjob-2107900011410145281-abc12335-65396-worker-0:126:231 [0] NCCL INFO comm 0x556e1a5bb050 rank 0 nRanks 16 nNodes 2 localRanks 8 localRank 0 MNNVL 0
vcjob-2107900011410145281-abc12335-65396-worker-0:130:234 [4] NCCL INFO Trees [0] 5/-1/-1->4->3 [1] 5/-1/-1->4->3 [2] 5/-1/-1->4->3 [3] 5/-1/-1->4->3 [4] 5/-1/-1->4->3 [5] 5/-1/-1->4->3 [6] 5/-1/-1->4->3 [7] 5/-1/-1->4->3 [8] 5/-1/-1->4->3 [9] 5/-1/-1->4->3 [10] 5/-1/-1->4->3 [11] 5/-1/-1->4->3 [12] 5/-1/-1->4->3 [13] 5/-1/-1->4->3 [14] 5/-1/-1->4->3 [15] 5/-1/-1->4->3 [16] 5/-1/-1->4->3 [17] 5/-1/-1->4->3 [18] 5/-1/-1->4->3 [19] 5/-1/-1->4->3 [20] 5/-1/-1->4->3 [21] 5/-1/-1->4->3 [22] 5/-1/-1->4->3 [23] 5/-1/-1->4->3 [24] 5/-1/-1->4->3 [25] 5/-1/-1->4->3 [26] 5/-1/-1->4->3 [27] 5/-1/-1->4->3 [28] 5/-1/-1->4->3 [29] 5/-1/-1->4->3 [30] 5/-1/-1->4->3 [31] 5/-1/-1->4->3 comm 0x559486aaf020 nRanks 16 busId 85000
vcjob-2107900011410145281-abc12335-65396-worker-0:129:238 [3] NCCL INFO Trees [0] 4/-1/-1->3->2 [1] 4/-1/-1->3->2 [2] 4/-1/-1->3->2 [3] 4/-1/-1->3->2 [4] 4/-1/-1->3->2 [5] 4/-1/-1->3->2 [6] 4/-1/-1->3->2 [7] 4/-1/-1->3->2 [8] 4/-1/-1->3->2 [9] 4/-1/-1->3->2 [10] 4/-1/-1->3->2 [11] 4/-1/-1->3->2 [12] 4/-1/-1->3->2 [13] 4/-1/-1->3->2 [14] 4/-1/-1->3->2 [15] 4/-1/-1->3->2 [16] 4/-1/-1->3->2 [17] 4/-1/-1->3->2 [18] 4/-1/-1->3->2 [19] 4/-1/-1->3->2 [20] 4/-1/-1->3->2 [21] 4/-1/-1->3->2 [22] 4/-1/-1->3->2 [23] 4/-1/-1->3->2 [24] 4/-1/-1->3->2 [25] 4/-1/-1->3->2 [26] 4/-1/-1->3->2 [27] 4/-1/-1->3->2 [28] 4/-1/-1->3->2 [29] 4/-1/-1->3->2 [30] 4/-1/-1->3->2 [31] 4/-1/-1->3->2 comm 0x55c630372090 nRanks 16 busId 77000
vcjob-2107900011410145281-abc12335-65396-worker-0:131:236 [5] NCCL INFO comm->autoPerPeerOn: 1, comm->p2pnChannels: 32, comm->p2pnChannelsPerPeer: 2
vcjob-2107900011410145281-abc12335-65396-worker-0:130:234 [4] NCCL INFO P2P Chunksize set to 131072
vcjob-2107900011410145281-abc12335-65396-worker-0:129:238 [3] NCCL INFO P2P Chunksize set to 131072
vcjob-2107900011410145281-abc12335-65396-worker-0:128:237 [2] NCCL INFO Trees [0] 3/-1/-1->2->1 [1] 3/-1/-1->2->1 [2] 3/-1/-1->2->1 [3] 3/-1/-1->2->1 [4] 3/-1/-1->2->1 [5] 3/-1/-1->2->1 [6] 3/-1/-1->2->1 [7] 3/-1/-1->2->1 [8] 3/-1/-1->2->1 [9] 3/-1/-1->2->1 [10] 3/-1/-1->2->1 [11] 3/-1/-1->2->1 [12] 3/-1/-1->2->1 [13] 3/-1/-1->2->1 [14] 3/-1/-1->2->1 [15] 3/-1/-1->2->1 [16] 3/-1/-1->2->1 [17] 3/-1/-1->2->1 [18] 3/-1/-1->2->1 [19] 3/-1/-1->2->1 [20] 3/-1/-1->2->1 [21] 3/-1/-1->2->1 [22] 3/-1/-1->2->1 [23] 3/-1/-1->2->1 [24] 3/-1/-1->2->1 [25] 3/-1/-1->2->1 [26] 3/-1/-1->2->1 [27] 3/-1/-1->2->1 [28] 3/-1/-1->2->1 [29] 3/-1/-1->2->1 [30] 3/-1/-1->2->1 [31] 3/-1/-1->2->1 comm 0x5622be0a0150 nRanks 16 busId 55000
vcjob-2107900011410145281-abc12335-65396-worker-0:133:232 [7] NCCL INFO comm 0x55ae53089090 rank 7 nRanks 16 nNodes 2 localRanks 8 localRank 7 MNNVL 0
vcjob-2107900011410145281-abc12335-65396-worker-0:128:237 [2] NCCL INFO P2P Chunksize set to 131072
vcjob-2107900011410145281-abc12335-65396-worker-0:129:238 [3] NCCL INFO comm->autoPerPeerOn: 1, comm->p2pnChannels: 32, comm->p2pnChannelsPerPeer: 2
vcjob-2107900011410145281-abc12335-65396-worker-0:127:235 [1] NCCL INFO Trees [0] 2/-1/-1->1->0 [1] 2/-1/-1->1->0 [2] 2/-1/-1->1->0 [3] 2/-1/-1->1->0 [4] 2/-1/-1->1->0 [5] 2/-1/-1->1->0 [6] 2/-1/-1->1->0 [7] 2/-1/-1->1->0 [8] 2/-1/-1->1->0 [9] 2/-1/-1->1->0 [10] 2/-1/-1->1->0 [11] 2/-1/-1->1->0 [12] 2/-1/-1->1->0 [13] 2/-1/-1->1->0 [14] 2/-1/-1->1->0 [15] 2/-1/-1->1->0 [16] 2/-1/-1->1->0 [17] 2/-1/-1->1->0 [18] 2/-1/-1->1->0 [19] 2/-1/-1->1->0 [20] 2/-1/-1->1->0 [21] 2/-1/-1->1->0 [22] 2/-1/-1->1->0 [23] 2/-1/-1->1->0 [24] 2/-1/-1->1->0 [25] 2/-1/-1->1->0 [26] 2/-1/-1->1->0 [27] 2/-1/-1->1->0 [28] 2/-1/-1->1->0 [29] 2/-1/-1->1->0 [30] 2/-1/-1->1->0 [31] 2/-1/-1->1->0 comm 0x5648594dd090 nRanks 16 busId 36000
vcjob-2107900011410145281-abc12335-65396-worker-0:128:237 [2] NCCL INFO comm->autoPerPeerOn: 1, comm->p2pnChannels: 32, comm->p2pnChannelsPerPeer: 2
vcjob-2107900011410145281-abc12335-65396-worker-0:126:231 [0] NCCL INFO Channel 00/32 :    0   7   6   5   4   3   2   1   8  15  14  13  12  11  10   9
vcjob-2107900011410145281-abc12335-65396-worker-0:130:234 [4] NCCL INFO comm->autoPerPeerOn: 1, comm->p2pnChannels: 32, comm->p2pnChannelsPerPeer: 2
vcjob-2107900011410145281-abc12335-65396-worker-0:127:235 [1] NCCL INFO P2P Chunksize set to 131072
vcjob-2107900011410145281-abc12335-65396-worker-0:126:231 [0] NCCL INFO Channel 01/32 :    0   7   6   5   4   3   2   1   8  15  14  13  12  11  10   9
vcjob-2107900011410145281-abc12335-65396-worker-0:126:231 [0] NCCL INFO Channel 02/32 :    0   7   6   5   4   3   2   1   8  15  14  13  12  11  10   9
vcjob-2107900011410145281-abc12335-65396-worker-0:127:235 [1] NCCL INFO comm->autoPerPeerOn: 1, comm->p2pnChannels: 32, comm->p2pnChannelsPerPeer: 2
vcjob-2107900011410145281-abc12335-65396-worker-0:126:231 [0] NCCL INFO Channel 03/32 :    0   7   6   5   4   3   2   1   8  15  14  13  12  11  10   9
vcjob-2107900011410145281-abc12335-65396-worker-0:126:231 [0] NCCL INFO Channel 04/32 :    0   7   6   5   4   3   2   1   8  15  14  13  12  11  10   9
vcjob-2107900011410145281-abc12335-65396-worker-0:126:231 [0] NCCL INFO Channel 05/32 :    0   7   6   5   4   3   2   1   8  15  14  13  12  11  10   9
vcjob-2107900011410145281-abc12335-65396-worker-0:126:231 [0] NCCL INFO Channel 06/32 :    0   7   6   5   4   3   2   1   8  15  14  13  12  11  10   9
vcjob-2107900011410145281-abc12335-65396-worker-0:126:231 [0] NCCL INFO Channel 07/32 :    0   7   6   5   4   3   2   1   8  15  14  13  12  11  10   9
vcjob-2107900011410145281-abc12335-65396-worker-0:126:231 [0] NCCL INFO Channel 08/32 :    0   7   6   5   4   3   2   1   8  15  14  13  12  11  10   9
vcjob-2107900011410145281-abc12335-65396-worker-0:126:231 [0] NCCL INFO Channel 09/32 :    0   7   6   5   4   3   2   1   8  15  14  13  12  11  10   9
vcjob-2107900011410145281-abc12335-65396-worker-0:126:231 [0] NCCL INFO Channel 10/32 :    0   7   6   5   4   3   2   1   8  15  14  13  12  11  10   9
vcjob-2107900011410145281-abc12335-65396-worker-0:126:231 [0] NCCL INFO Channel 11/32 :    0   7   6   5   4   3   2   1   8  15  14  13  12  11  10   9
vcjob-2107900011410145281-abc12335-65396-worker-0:133:232 [7] NCCL INFO Trees [0] -1/-1/-1->7->6 [1] -1/-1/-1->7->6 [2] -1/-1/-1->7->6 [3] -1/-1/-1->7->6 [4] -1/-1/-1->7->6 [5] -1/-1/-1->7->6 [6] -1/-1/-1->7->6 [7] -1/-1/-1->7->6 [8] -1/-1/-1->7->6 [9] -1/-1/-1->7->6 [10] -1/-1/-1->7->6 [11] -1/-1/-1->7->6 [12] -1/-1/-1->7->6 [13] -1/-1/-1->7->6 [14] -1/-1/-1->7->6 [15] -1/-1/-1->7->6 [16] -1/-1/-1->7->6 [17] -1/-1/-1->7->6 [18] -1/-1/-1->7->6 [19] -1/-1/-1->7->6 [20] -1/-1/-1->7->6 [21] -1/-1/-1->7->6 [22] -1/-1/-1->7->6 [23] -1/-1/-1->7->6 [24] -1/-1/-1->7->6 [25] -1/-1/-1->7->6 [26] -1/-1/-1->7->6 [27] -1/-1/-1->7->6 [28] -1/-1/-1->7->6 [29] -1/-1/-1->7->6 [30] -1/-1/-1->7->6 [31] -1/-1/-1->7->6 comm 0x55ae53089090 nRanks 16 busId f5000
vcjob-2107900011410145281-abc12335-65396-worker-0:126:231 [0] NCCL INFO Channel 12/32 :    0   7   6   5   4   3   2   1   8  15  14  13  12  11  10   9
vcjob-2107900011410145281-abc12335-65396-worker-0:133:232 [7] NCCL INFO P2P Chunksize set to 131072
vcjob-2107900011410145281-abc12335-65396-worker-0:126:231 [0] NCCL INFO Channel 13/32 :    0   7   6   5   4   3   2   1   8  15  14  13  12  11  10   9
vcjob-2107900011410145281-abc12335-65396-worker-0:126:231 [0] NCCL INFO Channel 14/32 :    0   7   6   5   4   3   2   1   8  15  14  13  12  11  10   9
vcjob-2107900011410145281-abc12335-65396-worker-0:126:231 [0] NCCL INFO Channel 15/32 :    0   7   6   5   4   3   2   1   8  15  14  13  12  11  10   9
vcjob-2107900011410145281-abc12335-65396-worker-0:133:232 [7] NCCL INFO comm->autoPerPeerOn: 1, comm->p2pnChannels: 32, comm->p2pnChannelsPerPeer: 2
vcjob-2107900011410145281-abc12335-65396-worker-0:126:231 [0] NCCL INFO Channel 16/32 :    0   7   6   5   4   3   2   1   8  15  14  13  12  11  10   9
vcjob-2107900011410145281-abc12335-65396-worker-0:126:231 [0] NCCL INFO Channel 17/32 :    0   7   6   5   4   3   2   1   8  15  14  13  12  11  10   9
vcjob-2107900011410145281-abc12335-65396-worker-0:126:231 [0] NCCL INFO Channel 18/32 :    0   7   6   5   4   3   2   1   8  15  14  13  12  11  10   9
vcjob-2107900011410145281-abc12335-65396-worker-0:126:231 [0] NCCL INFO Channel 19/32 :    0   7   6   5   4   3   2   1   8  15  14  13  12  11  10   9
vcjob-2107900011410145281-abc12335-65396-worker-0:126:231 [0] NCCL INFO Channel 20/32 :    0   7   6   5   4   3   2   1   8  15  14  13  12  11  10   9
vcjob-2107900011410145281-abc12335-65396-worker-0:126:231 [0] NCCL INFO Channel 21/32 :    0   7   6   5   4   3   2   1   8  15  14  13  12  11  10   9
vcjob-2107900011410145281-abc12335-65396-worker-0:126:231 [0] NCCL INFO Channel 22/32 :    0   7   6   5   4   3   2   1   8  15  14  13  12  11  10   9
vcjob-2107900011410145281-abc12335-65396-worker-0:126:231 [0] NCCL INFO Channel 23/32 :    0   7   6   5   4   3   2   1   8  15  14  13  12  11  10   9
vcjob-2107900011410145281-abc12335-65396-worker-0:126:231 [0] NCCL INFO Channel 24/32 :    0   7   6   5   4   3   2   1   8  15  14  13  12  11  10   9
vcjob-2107900011410145281-abc12335-65396-worker-0:126:231 [0] NCCL INFO Channel 25/32 :    0   7   6   5   4   3   2   1   8  15  14  13  12  11  10   9
vcjob-2107900011410145281-abc12335-65396-worker-0:126:231 [0] NCCL INFO Channel 26/32 :    0   7   6   5   4   3   2   1   8  15  14  13  12  11  10   9
vcjob-2107900011410145281-abc12335-65396-worker-0:126:231 [0] NCCL INFO Channel 27/32 :    0   7   6   5   4   3   2   1   8  15  14  13  12  11  10   9
vcjob-2107900011410145281-abc12335-65396-worker-0:126:231 [0] NCCL INFO Channel 28/32 :    0   7   6   5   4   3   2   1   8  15  14  13  12  11  10   9
vcjob-2107900011410145281-abc12335-65396-worker-0:126:231 [0] NCCL INFO Channel 29/32 :    0   7   6   5   4   3   2   1   8  15  14  13  12  11  10   9
vcjob-2107900011410145281-abc12335-65396-worker-0:126:231 [0] NCCL INFO Channel 30/32 :    0   7   6   5   4   3   2   1   8  15  14  13  12  11  10   9
vcjob-2107900011410145281-abc12335-65396-worker-0:126:231 [0] NCCL INFO Channel 31/32 :    0   7   6   5   4   3   2   1   8  15  14  13  12  11  10   9
vcjob-2107900011410145281-abc12335-65396-worker-0:126:231 [0] NCCL INFO Trees [0] 1/8/-1->0->-1 [1] 1/-1/-1->0->8 [2] 1/8/-1->0->-1 [3] 1/-1/-1->0->8 [4] 1/8/-1->0->-1 [5] 1/-1/-1->0->8 [6] 1/8/-1->0->-1 [7] 1/-1/-1->0->8 [8] 1/8/-1->0->-1 [9] 1/-1/-1->0->8 [10] 1/8/-1->0->-1 [11] 1/-1/-1->0->8 [12] 1/8/-1->0->-1 [13] 1/-1/-1->0->8 [14] 1/8/-1->0->-1 [15] 1/-1/-1->0->8 [16] 1/8/-1->0->-1 [17] 1/-1/-1->0->8 [18] 1/8/-1->0->-1 [19] 1/-1/-1->0->8 [20] 1/8/-1->0->-1 [21] 1/-1/-1->0->8 [22] 1/8/-1->0->-1 [23] 1/-1/-1->0->8 [24] 1/8/-1->0->-1 [25] 1/-1/-1->0->8 [26] 1/8/-1->0->-1 [27] 1/-1/-1->0->8 [28] 1/8/-1->0->-1 [29] 1/-1/-1->0->8 [30] 1/8/-1->0->-1 [31] 1/-1/-1->0->8 comm 0x556e1a5bb050 nRanks 16 busId 9000
vcjob-2107900011410145281-abc12335-65396-worker-0:126:231 [0] NCCL INFO P2P Chunksize set to 131072
vcjob-2107900011410145281-abc12335-65396-worker-0:126:231 [0] NCCL INFO comm->autoPerPeerOn: 1, comm->p2pnChannels: 32, comm->p2pnChannelsPerPeer: 2
vcjob-2107900011410145281-abc12335-65396-worker-0:126:231 [0] NCCL INFO Channel 00/0 : 9[36000] -> 0[9000] [receive] via NET/Socket/0 comm 0x556e1a5bb050 nRanks 16
vcjob-2107900011410145281-abc12335-65396-worker-0:126:231 [0] NCCL INFO Channel 01/0 : 9[36000] -> 0[9000] [receive] via NET/Socket/0 comm 0x556e1a5bb050 nRanks 16
vcjob-2107900011410145281-abc12335-65396-worker-0:126:231 [0] NCCL INFO Channel 02/0 : 9[36000] -> 0[9000] [receive] via NET/Socket/0 comm 0x556e1a5bb050 nRanks 16
vcjob-2107900011410145281-abc12335-65396-worker-0:126:231 [0] NCCL INFO Channel 03/0 : 9[36000] -> 0[9000] [receive] via NET/Socket/0 comm 0x556e1a5bb050 nRanks 16
vcjob-2107900011410145281-abc12335-65396-worker-0:126:231 [0] NCCL INFO Channel 04/0 : 9[36000] -> 0[9000] [receive] via NET/Socket/0 comm 0x556e1a5bb050 nRanks 16
vcjob-2107900011410145281-abc12335-65396-worker-0:126:231 [0] NCCL INFO Channel 05/0 : 9[36000] -> 0[9000] [receive] via NET/Socket/0 comm 0x556e1a5bb050 nRanks 16
vcjob-2107900011410145281-abc12335-65396-worker-0:126:231 [0] NCCL INFO Channel 06/0 : 9[36000] -> 0[9000] [receive] via NET/Socket/0 comm 0x556e1a5bb050 nRanks 16
vcjob-2107900011410145281-abc12335-65396-worker-0:126:231 [0] NCCL INFO Channel 07/0 : 9[36000] -> 0[9000] [receive] via NET/Socket/0 comm 0x556e1a5bb050 nRanks 16
vcjob-2107900011410145281-abc12335-65396-worker-0:126:231 [0] NCCL INFO Channel 08/0 : 9[36000] -> 0[9000] [receive] via NET/Socket/0 comm 0x556e1a5bb050 nRanks 16
vcjob-2107900011410145281-abc12335-65396-worker-0:126:231 [0] NCCL INFO Channel 09/0 : 9[36000] -> 0[9000] [receive] via NET/Socket/0 comm 0x556e1a5bb050 nRanks 16
vcjob-2107900011410145281-abc12335-65396-worker-0:126:231 [0] NCCL INFO Channel 10/0 : 9[36000] -> 0[9000] [receive] via NET/Socket/0 comm 0x556e1a5bb050 nRanks 16
vcjob-2107900011410145281-abc12335-65396-worker-0:126:231 [0] NCCL INFO Channel 11/0 : 9[36000] -> 0[9000] [receive] via NET/Socket/0 comm 0x556e1a5bb050 nRanks 16
vcjob-2107900011410145281-abc12335-65396-worker-0:126:231 [0] NCCL INFO Channel 12/0 : 9[36000] -> 0[9000] [receive] via NET/Socket/0 comm 0x556e1a5bb050 nRanks 16
vcjob-2107900011410145281-abc12335-65396-worker-0:126:231 [0] NCCL INFO Channel 13/0 : 9[36000] -> 0[9000] [receive] via NET/Socket/0 comm 0x556e1a5bb050 nRanks 16
vcjob-2107900011410145281-abc12335-65396-worker-0:126:231 [0] NCCL INFO Channel 14/0 : 9[36000] -> 0[9000] [receive] via NET/Socket/0 comm 0x556e1a5bb050 nRanks 16
vcjob-2107900011410145281-abc12335-65396-worker-0:126:231 [0] NCCL INFO Channel 15/0 : 9[36000] -> 0[9000] [receive] via NET/Socket/0 comm 0x556e1a5bb050 nRanks 16
vcjob-2107900011410145281-abc12335-65396-worker-0:126:231 [0] NCCL INFO Channel 16/0 : 9[36000] -> 0[9000] [receive] via NET/Socket/0 comm 0x556e1a5bb050 nRanks 16
vcjob-2107900011410145281-abc12335-65396-worker-0:126:231 [0] NCCL INFO Channel 17/0 : 9[36000] -> 0[9000] [receive] via NET/Socket/0 comm 0x556e1a5bb050 nRanks 16
vcjob-2107900011410145281-abc12335-65396-worker-0:126:231 [0] NCCL INFO Channel 18/0 : 9[36000] -> 0[9000] [receive] via NET/Socket/0 comm 0x556e1a5bb050 nRanks 16
vcjob-2107900011410145281-abc12335-65396-worker-0:126:231 [0] NCCL INFO Channel 19/0 : 9[36000] -> 0[9000] [receive] via NET/Socket/0 comm 0x556e1a5bb050 nRanks 16
vcjob-2107900011410145281-abc12335-65396-worker-0:126:231 [0] NCCL INFO Channel 20/0 : 9[36000] -> 0[9000] [receive] via NET/Socket/0 comm 0x556e1a5bb050 nRanks 16
vcjob-2107900011410145281-abc12335-65396-worker-0:126:231 [0] NCCL INFO Channel 21/0 : 9[36000] -> 0[9000] [receive] via NET/Socket/0 comm 0x556e1a5bb050 nRanks 16
vcjob-2107900011410145281-abc12335-65396-worker-0:126:231 [0] NCCL INFO Channel 22/0 : 9[36000] -> 0[9000] [receive] via NET/Socket/0 comm 0x556e1a5bb050 nRanks 16
vcjob-2107900011410145281-abc12335-65396-worker-0:126:231 [0] NCCL INFO Channel 23/0 : 9[36000] -> 0[9000] [receive] via NET/Socket/0 comm 0x556e1a5bb050 nRanks 16
vcjob-2107900011410145281-abc12335-65396-worker-0:126:231 [0] NCCL INFO Channel 24/0 : 9[36000] -> 0[9000] [receive] via NET/Socket/0 comm 0x556e1a5bb050 nRanks 16
vcjob-2107900011410145281-abc12335-65396-worker-0:126:231 [0] NCCL INFO Channel 25/0 : 9[36000] -> 0[9000] [receive] via NET/Socket/0 comm 0x556e1a5bb050 nRanks 16
vcjob-2107900011410145281-abc12335-65396-worker-0:126:231 [0] NCCL INFO Channel 26/0 : 9[36000] -> 0[9000] [receive] via NET/Socket/0 comm 0x556e1a5bb050 nRanks 16
vcjob-2107900011410145281-abc12335-65396-worker-0:126:231 [0] NCCL INFO Channel 27/0 : 9[36000] -> 0[9000] [receive] via NET/Socket/0 comm 0x556e1a5bb050 nRanks 16
vcjob-2107900011410145281-abc12335-65396-worker-0:127:235 [1] NCCL INFO Channel 00/0 : 1[36000] -> 8[9000] [send] via NET/Socket/0 comm 0x5648594dd090 nRanks 16
vcjob-2107900011410145281-abc12335-65396-worker-0:126:231 [0] NCCL INFO Channel 28/0 : 9[36000] -> 0[9000] [receive] via NET/Socket/0 comm 0x556e1a5bb050 nRanks 16
vcjob-2107900011410145281-abc12335-65396-worker-0:127:235 [1] NCCL INFO Channel 01/0 : 1[36000] -> 8[9000] [send] via NET/Socket/0 comm 0x5648594dd090 nRanks 16
vcjob-2107900011410145281-abc12335-65396-worker-0:126:231 [0] NCCL INFO Channel 29/0 : 9[36000] -> 0[9000] [receive] via NET/Socket/0 comm 0x556e1a5bb050 nRanks 16
vcjob-2107900011410145281-abc12335-65396-worker-0:127:235 [1] NCCL INFO Channel 02/0 : 1[36000] -> 8[9000] [send] via NET/Socket/0 comm 0x5648594dd090 nRanks 16
vcjob-2107900011410145281-abc12335-65396-worker-0:127:235 [1] NCCL INFO Channel 03/0 : 1[36000] -> 8[9000] [send] via NET/Socket/0 comm 0x5648594dd090 nRanks 16
vcjob-2107900011410145281-abc12335-65396-worker-0:126:231 [0] NCCL INFO Channel 30/0 : 9[36000] -> 0[9000] [receive] via NET/Socket/0 comm 0x556e1a5bb050 nRanks 16
vcjob-2107900011410145281-abc12335-65396-worker-0:127:235 [1] NCCL INFO Channel 04/0 : 1[36000] -> 8[9000] [send] via NET/Socket/0 comm 0x5648594dd090 nRanks 16
vcjob-2107900011410145281-abc12335-65396-worker-0:126:231 [0] NCCL INFO Channel 31/0 : 9[36000] -> 0[9000] [receive] via NET/Socket/0 comm 0x556e1a5bb050 nRanks 16
vcjob-2107900011410145281-abc12335-65396-worker-0:126:231 [0] NCCL INFO Channel 00/0 : 0[9000] -> 7[f5000] via P2P/IPC comm 0x556e1a5bb050 nRanks 16
vcjob-2107900011410145281-abc12335-65396-worker-0:127:235 [1] NCCL INFO Channel 05/0 : 1[36000] -> 8[9000] [send] via NET/Socket/0 comm 0x5648594dd090 nRanks 16
vcjob-2107900011410145281-abc12335-65396-worker-0:127:235 [1] NCCL INFO Channel 06/0 : 1[36000] -> 8[9000] [send] via NET/Socket/0 comm 0x5648594dd090 nRanks 16
vcjob-2107900011410145281-abc12335-65396-worker-0:127:235 [1] NCCL INFO Channel 07/0 : 1[36000] -> 8[9000] [send] via NET/Socket/0 comm 0x5648594dd090 nRanks 16
vcjob-2107900011410145281-abc12335-65396-worker-0:127:235 [1] NCCL INFO Channel 08/0 : 1[36000] -> 8[9000] [send] via NET/Socket/0 comm 0x5648594dd090 nRanks 16
vcjob-2107900011410145281-abc12335-65396-worker-0:127:235 [1] NCCL INFO Channel 09/0 : 1[36000] -> 8[9000] [send] via NET/Socket/0 comm 0x5648594dd090 nRanks 16
vcjob-2107900011410145281-abc12335-65396-worker-0:127:235 [1] NCCL INFO Channel 10/0 : 1[36000] -> 8[9000] [send] via NET/Socket/0 comm 0x5648594dd090 nRanks 16
vcjob-2107900011410145281-abc12335-65396-worker-0:127:235 [1] NCCL INFO Channel 11/0 : 1[36000] -> 8[9000] [send] via NET/Socket/0 comm 0x5648594dd090 nRanks 16
vcjob-2107900011410145281-abc12335-65396-worker-0:127:235 [1] NCCL INFO Channel 12/0 : 1[36000] -> 8[9000] [send] via NET/Socket/0 comm 0x5648594dd090 nRanks 16
vcjob-2107900011410145281-abc12335-65396-worker-0:127:235 [1] NCCL INFO Channel 13/0 : 1[36000] -> 8[9000] [send] via NET/Socket/0 comm 0x5648594dd090 nRanks 16
vcjob-2107900011410145281-abc12335-65396-worker-0:127:235 [1] NCCL INFO Channel 14/0 : 1[36000] -> 8[9000] [send] via NET/Socket/0 comm 0x5648594dd090 nRanks 16
vcjob-2107900011410145281-abc12335-65396-worker-0:127:235 [1] NCCL INFO Channel 15/0 : 1[36000] -> 8[9000] [send] via NET/Socket/0 comm 0x5648594dd090 nRanks 16
vcjob-2107900011410145281-abc12335-65396-worker-0:127:235 [1] NCCL INFO Channel 16/0 : 1[36000] -> 8[9000] [send] via NET/Socket/0 comm 0x5648594dd090 nRanks 16
vcjob-2107900011410145281-abc12335-65396-worker-0:127:235 [1] NCCL INFO Channel 17/0 : 1[36000] -> 8[9000] [send] via NET/Socket/0 comm 0x5648594dd090 nRanks 16
vcjob-2107900011410145281-abc12335-65396-worker-0:127:235 [1] NCCL INFO Channel 18/0 : 1[36000] -> 8[9000] [send] via NET/Socket/0 comm 0x5648594dd090 nRanks 16
vcjob-2107900011410145281-abc12335-65396-worker-0:127:235 [1] NCCL INFO Channel 19/0 : 1[36000] -> 8[9000] [send] via NET/Socket/0 comm 0x5648594dd090 nRanks 16
vcjob-2107900011410145281-abc12335-65396-worker-0:127:235 [1] NCCL INFO Channel 20/0 : 1[36000] -> 8[9000] [send] via NET/Socket/0 comm 0x5648594dd090 nRanks 16
vcjob-2107900011410145281-abc12335-65396-worker-0:127:235 [1] NCCL INFO Channel 21/0 : 1[36000] -> 8[9000] [send] via NET/Socket/0 comm 0x5648594dd090 nRanks 16
vcjob-2107900011410145281-abc12335-65396-worker-0:127:235 [1] NCCL INFO Channel 22/0 : 1[36000] -> 8[9000] [send] via NET/Socket/0 comm 0x5648594dd090 nRanks 16
vcjob-2107900011410145281-abc12335-65396-worker-0:127:235 [1] NCCL INFO Channel 23/0 : 1[36000] -> 8[9000] [send] via NET/Socket/0 comm 0x5648594dd090 nRanks 16
vcjob-2107900011410145281-abc12335-65396-worker-0:127:235 [1] NCCL INFO Channel 24/0 : 1[36000] -> 8[9000] [send] via NET/Socket/0 comm 0x5648594dd090 nRanks 16
vcjob-2107900011410145281-abc12335-65396-worker-0:127:235 [1] NCCL INFO Channel 25/0 : 1[36000] -> 8[9000] [send] via NET/Socket/0 comm 0x5648594dd090 nRanks 16
vcjob-2107900011410145281-abc12335-65396-worker-0:127:235 [1] NCCL INFO Channel 26/0 : 1[36000] -> 8[9000] [send] via NET/Socket/0 comm 0x5648594dd090 nRanks 16
vcjob-2107900011410145281-abc12335-65396-worker-0:127:235 [1] NCCL INFO Channel 27/0 : 1[36000] -> 8[9000] [send] via NET/Socket/0 comm 0x5648594dd090 nRanks 16
vcjob-2107900011410145281-abc12335-65396-worker-0:127:235 [1] NCCL INFO Channel 28/0 : 1[36000] -> 8[9000] [send] via NET/Socket/0 comm 0x5648594dd090 nRanks 16
vcjob-2107900011410145281-abc12335-65396-worker-0:127:235 [1] NCCL INFO Channel 29/0 : 1[36000] -> 8[9000] [send] via NET/Socket/0 comm 0x5648594dd090 nRanks 16
vcjob-2107900011410145281-abc12335-65396-worker-0:127:235 [1] NCCL INFO Channel 30/0 : 1[36000] -> 8[9000] [send] via NET/Socket/0 comm 0x5648594dd090 nRanks 16
vcjob-2107900011410145281-abc12335-65396-worker-0:127:235 [1] NCCL INFO Channel 31/0 : 1[36000] -> 8[9000] [send] via NET/Socket/0 comm 0x5648594dd090 nRanks 16
vcjob-2107900011410145281-abc12335-65396-worker-0:126:231 [0] NCCL INFO Channel 01/0 : 0[9000] -> 7[f5000] via P2P/IPC comm 0x556e1a5bb050 nRanks 16
vcjob-2107900011410145281-abc12335-65396-worker-0:126:231 [0] NCCL INFO Channel 02/0 : 0[9000] -> 7[f5000] via P2P/IPC comm 0x556e1a5bb050 nRanks 16
vcjob-2107900011410145281-abc12335-65396-worker-0:126:231 [0] NCCL INFO Channel 03/0 : 0[9000] -> 7[f5000] via P2P/IPC comm 0x556e1a5bb050 nRanks 16
vcjob-2107900011410145281-abc12335-65396-worker-0:126:231 [0] NCCL INFO Channel 04/0 : 0[9000] -> 7[f5000] via P2P/IPC comm 0x556e1a5bb050 nRanks 16
vcjob-2107900011410145281-abc12335-65396-worker-0:126:231 [0] NCCL INFO Channel 05/0 : 0[9000] -> 7[f5000] via P2P/IPC comm 0x556e1a5bb050 nRanks 16
vcjob-2107900011410145281-abc12335-65396-worker-0:126:231 [0] NCCL INFO Channel 06/0 : 0[9000] -> 7[f5000] via P2P/IPC comm 0x556e1a5bb050 nRanks 16
vcjob-2107900011410145281-abc12335-65396-worker-0:126:231 [0] NCCL INFO Channel 07/0 : 0[9000] -> 7[f5000] via P2P/IPC comm 0x556e1a5bb050 nRanks 16
vcjob-2107900011410145281-abc12335-65396-worker-0:126:231 [0] NCCL INFO Channel 08/0 : 0[9000] -> 7[f5000] via P2P/IPC comm 0x556e1a5bb050 nRanks 16
vcjob-2107900011410145281-abc12335-65396-worker-0:126:231 [0] NCCL INFO Channel 09/0 : 0[9000] -> 7[f5000] via P2P/IPC comm 0x556e1a5bb050 nRanks 16
vcjob-2107900011410145281-abc12335-65396-worker-0:126:231 [0] NCCL INFO Channel 10/0 : 0[9000] -> 7[f5000] via P2P/IPC comm 0x556e1a5bb050 nRanks 16
vcjob-2107900011410145281-abc12335-65396-worker-0:126:231 [0] NCCL INFO Channel 11/0 : 0[9000] -> 7[f5000] via P2P/IPC comm 0x556e1a5bb050 nRanks 16
vcjob-2107900011410145281-abc12335-65396-worker-0:126:231 [0] NCCL INFO Channel 12/0 : 0[9000] -> 7[f5000] via P2P/IPC comm 0x556e1a5bb050 nRanks 16
vcjob-2107900011410145281-abc12335-65396-worker-0:126:231 [0] NCCL INFO Channel 13/0 : 0[9000] -> 7[f5000] via P2P/IPC comm 0x556e1a5bb050 nRanks 16
vcjob-2107900011410145281-abc12335-65396-worker-0:126:231 [0] NCCL INFO Channel 14/0 : 0[9000] -> 7[f5000] via P2P/IPC comm 0x556e1a5bb050 nRanks 16
vcjob-2107900011410145281-abc12335-65396-worker-0:126:231 [0] NCCL INFO Channel 15/0 : 0[9000] -> 7[f5000] via P2P/IPC comm 0x556e1a5bb050 nRanks 16
vcjob-2107900011410145281-abc12335-65396-worker-0:126:231 [0] NCCL INFO Channel 16/0 : 0[9000] -> 7[f5000] via P2P/IPC comm 0x556e1a5bb050 nRanks 16
vcjob-2107900011410145281-abc12335-65396-worker-0:126:231 [0] NCCL INFO Channel 17/0 : 0[9000] -> 7[f5000] via P2P/IPC comm 0x556e1a5bb050 nRanks 16
vcjob-2107900011410145281-abc12335-65396-worker-0:126:231 [0] NCCL INFO Channel 18/0 : 0[9000] -> 7[f5000] via P2P/IPC comm 0x556e1a5bb050 nRanks 16
vcjob-2107900011410145281-abc12335-65396-worker-0:126:231 [0] NCCL INFO Channel 19/0 : 0[9000] -> 7[f5000] via P2P/IPC comm 0x556e1a5bb050 nRanks 16
vcjob-2107900011410145281-abc12335-65396-worker-0:126:231 [0] NCCL INFO Channel 20/0 : 0[9000] -> 7[f5000] via P2P/IPC comm 0x556e1a5bb050 nRanks 16
vcjob-2107900011410145281-abc12335-65396-worker-0:126:231 [0] NCCL INFO Channel 21/0 : 0[9000] -> 7[f5000] via P2P/IPC comm 0x556e1a5bb050 nRanks 16
vcjob-2107900011410145281-abc12335-65396-worker-0:126:231 [0] NCCL INFO Channel 22/0 : 0[9000] -> 7[f5000] via P2P/IPC comm 0x556e1a5bb050 nRanks 16
vcjob-2107900011410145281-abc12335-65396-worker-0:128:237 [2] NCCL INFO Channel 00/0 : 2[55000] -> 1[36000] via P2P/IPC comm 0x5622be0a0150 nRanks 16
vcjob-2107900011410145281-abc12335-65396-worker-0:126:231 [0] NCCL INFO Channel 23/0 : 0[9000] -> 7[f5000] via P2P/IPC comm 0x556e1a5bb050 nRanks 16
vcjob-2107900011410145281-abc12335-65396-worker-0:131:236 [5] NCCL INFO Channel 00/0 : 5[b5000] -> 4[85000] via P2P/IPC comm 0x562a61e4bfe0 nRanks 16
vcjob-2107900011410145281-abc12335-65396-worker-0:126:231 [0] NCCL INFO Channel 24/0 : 0[9000] -> 7[f5000] via P2P/IPC comm 0x556e1a5bb050 nRanks 16
vcjob-2107900011410145281-abc12335-65396-worker-0:129:238 [3] NCCL INFO Channel 00/0 : 3[77000] -> 2[55000] via P2P/IPC comm 0x55c630372090 nRanks 16
vcjob-2107900011410145281-abc12335-65396-worker-0:128:237 [2] NCCL INFO Channel 01/0 : 2[55000] -> 1[36000] via P2P/IPC comm 0x5622be0a0150 nRanks 16
vcjob-2107900011410145281-abc12335-65396-worker-0:130:234 [4] NCCL INFO Channel 00/0 : 4[85000] -> 3[77000] via P2P/IPC comm 0x559486aaf020 nRanks 16
vcjob-2107900011410145281-abc12335-65396-worker-0:131:236 [5] NCCL INFO Channel 01/0 : 5[b5000] -> 4[85000] via P2P/IPC comm 0x562a61e4bfe0 nRanks 16
vcjob-2107900011410145281-abc12335-65396-worker-0:126:231 [0] NCCL INFO Channel 25/0 : 0[9000] -> 7[f5000] via P2P/IPC comm 0x556e1a5bb050 nRanks 16
vcjob-2107900011410145281-abc12335-65396-worker-0:128:237 [2] NCCL INFO Channel 02/0 : 2[55000] -> 1[36000] via P2P/IPC comm 0x5622be0a0150 nRanks 16
vcjob-2107900011410145281-abc12335-65396-worker-0:130:234 [4] NCCL INFO Channel 01/0 : 4[85000] -> 3[77000] via P2P/IPC comm 0x559486aaf020 nRanks 16
vcjob-2107900011410145281-abc12335-65396-worker-0:129:238 [3] NCCL INFO Channel 01/0 : 3[77000] -> 2[55000] via P2P/IPC comm 0x55c630372090 nRanks 16
vcjob-2107900011410145281-abc12335-65396-worker-0:131:236 [5] NCCL INFO Channel 02/0 : 5[b5000] -> 4[85000] via P2P/IPC comm 0x562a61e4bfe0 nRanks 16
vcjob-2107900011410145281-abc12335-65396-worker-0:126:231 [0] NCCL INFO Channel 26/0 : 0[9000] -> 7[f5000] via P2P/IPC comm 0x556e1a5bb050 nRanks 16
vcjob-2107900011410145281-abc12335-65396-worker-0:128:237 [2] NCCL INFO Channel 03/0 : 2[55000] -> 1[36000] via P2P/IPC comm 0x5622be0a0150 nRanks 16
vcjob-2107900011410145281-abc12335-65396-worker-0:130:234 [4] NCCL INFO Channel 02/0 : 4[85000] -> 3[77000] via P2P/IPC comm 0x559486aaf020 nRanks 16
vcjob-2107900011410145281-abc12335-65396-worker-0:129:238 [3] NCCL INFO Channel 02/0 : 3[77000] -> 2[55000] via P2P/IPC comm 0x55c630372090 nRanks 16
vcjob-2107900011410145281-abc12335-65396-worker-0:131:236 [5] NCCL INFO Channel 03/0 : 5[b5000] -> 4[85000] via P2P/IPC comm 0x562a61e4bfe0 nRanks 16
vcjob-2107900011410145281-abc12335-65396-worker-0:128:237 [2] NCCL INFO Channel 04/0 : 2[55000] -> 1[36000] via P2P/IPC comm 0x5622be0a0150 nRanks 16
vcjob-2107900011410145281-abc12335-65396-worker-0:126:231 [0] NCCL INFO Channel 27/0 : 0[9000] -> 7[f5000] via P2P/IPC comm 0x556e1a5bb050 nRanks 16
vcjob-2107900011410145281-abc12335-65396-worker-0:130:234 [4] NCCL INFO Channel 03/0 : 4[85000] -> 3[77000] via P2P/IPC comm 0x559486aaf020 nRanks 16
vcjob-2107900011410145281-abc12335-65396-worker-0:129:238 [3] NCCL INFO Channel 03/0 : 3[77000] -> 2[55000] via P2P/IPC comm 0x55c630372090 nRanks 16
vcjob-2107900011410145281-abc12335-65396-worker-0:132:233 [6] NCCL INFO Channel 00/0 : 6[d5000] -> 5[b5000] via P2P/IPC comm 0x563763758060 nRanks 16
vcjob-2107900011410145281-abc12335-65396-worker-0:131:236 [5] NCCL INFO Channel 04/0 : 5[b5000] -> 4[85000] via P2P/IPC comm 0x562a61e4bfe0 nRanks 16
vcjob-2107900011410145281-abc12335-65396-worker-0:128:237 [2] NCCL INFO Channel 05/0 : 2[55000] -> 1[36000] via P2P/IPC comm 0x5622be0a0150 nRanks 16
vcjob-2107900011410145281-abc12335-65396-worker-0:126:231 [0] NCCL INFO Channel 28/0 : 0[9000] -> 7[f5000] via P2P/IPC comm 0x556e1a5bb050 nRanks 16
vcjob-2107900011410145281-abc12335-65396-worker-0:130:234 [4] NCCL INFO Channel 04/0 : 4[85000] -> 3[77000] via P2P/IPC comm 0x559486aaf020 nRanks 16
vcjob-2107900011410145281-abc12335-65396-worker-0:129:238 [3] NCCL INFO Channel 04/0 : 3[77000] -> 2[55000] via P2P/IPC comm 0x55c630372090 nRanks 16
vcjob-2107900011410145281-abc12335-65396-worker-0:131:236 [5] NCCL INFO Channel 05/0 : 5[b5000] -> 4[85000] via P2P/IPC comm 0x562a61e4bfe0 nRanks 16
vcjob-2107900011410145281-abc12335-65396-worker-0:132:233 [6] NCCL INFO Channel 01/0 : 6[d5000] -> 5[b5000] via P2P/IPC comm 0x563763758060 nRanks 16
vcjob-2107900011410145281-abc12335-65396-worker-0:128:237 [2] NCCL INFO Channel 06/0 : 2[55000] -> 1[36000] via P2P/IPC comm 0x5622be0a0150 nRanks 16
vcjob-2107900011410145281-abc12335-65396-worker-0:126:231 [0] NCCL INFO Channel 29/0 : 0[9000] -> 7[f5000] via P2P/IPC comm 0x556e1a5bb050 nRanks 16
vcjob-2107900011410145281-abc12335-65396-worker-0:129:238 [3] NCCL INFO Channel 05/0 : 3[77000] -> 2[55000] via P2P/IPC comm 0x55c630372090 nRanks 16
vcjob-2107900011410145281-abc12335-65396-worker-0:131:236 [5] NCCL INFO Channel 06/0 : 5[b5000] -> 4[85000] via P2P/IPC comm 0x562a61e4bfe0 nRanks 16
vcjob-2107900011410145281-abc12335-65396-worker-0:130:234 [4] NCCL INFO Channel 05/0 : 4[85000] -> 3[77000] via P2P/IPC comm 0x559486aaf020 nRanks 16
vcjob-2107900011410145281-abc12335-65396-worker-0:132:233 [6] NCCL INFO Channel 02/0 : 6[d5000] -> 5[b5000] via P2P/IPC comm 0x563763758060 nRanks 16
vcjob-2107900011410145281-abc12335-65396-worker-0:128:237 [2] NCCL INFO Channel 07/0 : 2[55000] -> 1[36000] via P2P/IPC comm 0x5622be0a0150 nRanks 16
vcjob-2107900011410145281-abc12335-65396-worker-0:126:231 [0] NCCL INFO Channel 30/0 : 0[9000] -> 7[f5000] via P2P/IPC comm 0x556e1a5bb050 nRanks 16
vcjob-2107900011410145281-abc12335-65396-worker-0:129:238 [3] NCCL INFO Channel 06/0 : 3[77000] -> 2[55000] via P2P/IPC comm 0x55c630372090 nRanks 16
vcjob-2107900011410145281-abc12335-65396-worker-0:131:236 [5] NCCL INFO Channel 07/0 : 5[b5000] -> 4[85000] via P2P/IPC comm 0x562a61e4bfe0 nRanks 16
vcjob-2107900011410145281-abc12335-65396-worker-0:130:234 [4] NCCL INFO Channel 06/0 : 4[85000] -> 3[77000] via P2P/IPC comm 0x559486aaf020 nRanks 16
vcjob-2107900011410145281-abc12335-65396-worker-0:132:233 [6] NCCL INFO Channel 03/0 : 6[d5000] -> 5[b5000] via P2P/IPC comm 0x563763758060 nRanks 16
vcjob-2107900011410145281-abc12335-65396-worker-0:128:237 [2] NCCL INFO Channel 08/0 : 2[55000] -> 1[36000] via P2P/IPC comm 0x5622be0a0150 nRanks 16
vcjob-2107900011410145281-abc12335-65396-worker-0:126:231 [0] NCCL INFO Channel 31/0 : 0[9000] -> 7[f5000] via P2P/IPC comm 0x556e1a5bb050 nRanks 16
vcjob-2107900011410145281-abc12335-65396-worker-0:129:238 [3] NCCL INFO Channel 07/0 : 3[77000] -> 2[55000] via P2P/IPC comm 0x55c630372090 nRanks 16
vcjob-2107900011410145281-abc12335-65396-worker-0:130:234 [4] NCCL INFO Channel 07/0 : 4[85000] -> 3[77000] via P2P/IPC comm 0x559486aaf020 nRanks 16
vcjob-2107900011410145281-abc12335-65396-worker-0:131:236 [5] NCCL INFO Channel 08/0 : 5[b5000] -> 4[85000] via P2P/IPC comm 0x562a61e4bfe0 nRanks 16
vcjob-2107900011410145281-abc12335-65396-worker-0:132:233 [6] NCCL INFO Channel 04/0 : 6[d5000] -> 5[b5000] via P2P/IPC comm 0x563763758060 nRanks 16
vcjob-2107900011410145281-abc12335-65396-worker-0:128:237 [2] NCCL INFO Channel 09/0 : 2[55000] -> 1[36000] via P2P/IPC comm 0x5622be0a0150 nRanks 16
vcjob-2107900011410145281-abc12335-65396-worker-0:129:238 [3] NCCL INFO Channel 08/0 : 3[77000] -> 2[55000] via P2P/IPC comm 0x55c630372090 nRanks 16
vcjob-2107900011410145281-abc12335-65396-worker-0:130:234 [4] NCCL INFO Channel 08/0 : 4[85000] -> 3[77000] via P2P/IPC comm 0x559486aaf020 nRanks 16
vcjob-2107900011410145281-abc12335-65396-worker-0:131:236 [5] NCCL INFO Channel 09/0 : 5[b5000] -> 4[85000] via P2P/IPC comm 0x562a61e4bfe0 nRanks 16
vcjob-2107900011410145281-abc12335-65396-worker-0:133:232 [7] NCCL INFO Channel 00/0 : 7[f5000] -> 6[d5000] via P2P/IPC comm 0x55ae53089090 nRanks 16
vcjob-2107900011410145281-abc12335-65396-worker-0:132:233 [6] NCCL INFO Channel 05/0 : 6[d5000] -> 5[b5000] via P2P/IPC comm 0x563763758060 nRanks 16
vcjob-2107900011410145281-abc12335-65396-worker-0:128:237 [2] NCCL INFO Channel 10/0 : 2[55000] -> 1[36000] via P2P/IPC comm 0x5622be0a0150 nRanks 16
vcjob-2107900011410145281-abc12335-65396-worker-0:129:238 [3] NCCL INFO Channel 09/0 : 3[77000] -> 2[55000] via P2P/IPC comm 0x55c630372090 nRanks 16
vcjob-2107900011410145281-abc12335-65396-worker-0:131:236 [5] NCCL INFO Channel 10/0 : 5[b5000] -> 4[85000] via P2P/IPC comm 0x562a61e4bfe0 nRanks 16
vcjob-2107900011410145281-abc12335-65396-worker-0:130:234 [4] NCCL INFO Channel 09/0 : 4[85000] -> 3[77000] via P2P/IPC comm 0x559486aaf020 nRanks 16
vcjob-2107900011410145281-abc12335-65396-worker-0:133:232 [7] NCCL INFO Channel 01/0 : 7[f5000] -> 6[d5000] via P2P/IPC comm 0x55ae53089090 nRanks 16
vcjob-2107900011410145281-abc12335-65396-worker-0:128:237 [2] NCCL INFO Channel 11/0 : 2[55000] -> 1[36000] via P2P/IPC comm 0x5622be0a0150 nRanks 16
vcjob-2107900011410145281-abc12335-65396-worker-0:129:238 [3] NCCL INFO Channel 10/0 : 3[77000] -> 2[55000] via P2P/IPC comm 0x55c630372090 nRanks 16
vcjob-2107900011410145281-abc12335-65396-worker-0:132:233 [6] NCCL INFO Channel 06/0 : 6[d5000] -> 5[b5000] via P2P/IPC comm 0x563763758060 nRanks 16
vcjob-2107900011410145281-abc12335-65396-worker-0:130:234 [4] NCCL INFO Channel 10/0 : 4[85000] -> 3[77000] via P2P/IPC comm 0x559486aaf020 nRanks 16
vcjob-2107900011410145281-abc12335-65396-worker-0:131:236 [5] NCCL INFO Channel 11/0 : 5[b5000] -> 4[85000] via P2P/IPC comm 0x562a61e4bfe0 nRanks 16
vcjob-2107900011410145281-abc12335-65396-worker-0:133:232 [7] NCCL INFO Channel 02/0 : 7[f5000] -> 6[d5000] via P2P/IPC comm 0x55ae53089090 nRanks 16
vcjob-2107900011410145281-abc12335-65396-worker-0:128:237 [2] NCCL INFO Channel 12/0 : 2[55000] -> 1[36000] via P2P/IPC comm 0x5622be0a0150 nRanks 16
vcjob-2107900011410145281-abc12335-65396-worker-0:129:238 [3] NCCL INFO Channel 11/0 : 3[77000] -> 2[55000] via P2P/IPC comm 0x55c630372090 nRanks 16
vcjob-2107900011410145281-abc12335-65396-worker-0:132:233 [6] NCCL INFO Channel 07/0 : 6[d5000] -> 5[b5000] via P2P/IPC comm 0x563763758060 nRanks 16
vcjob-2107900011410145281-abc12335-65396-worker-0:130:234 [4] NCCL INFO Channel 11/0 : 4[85000] -> 3[77000] via P2P/IPC comm 0x559486aaf020 nRanks 16
vcjob-2107900011410145281-abc12335-65396-worker-0:131:236 [5] NCCL INFO Channel 12/0 : 5[b5000] -> 4[85000] via P2P/IPC comm 0x562a61e4bfe0 nRanks 16
vcjob-2107900011410145281-abc12335-65396-worker-0:133:232 [7] NCCL INFO Channel 03/0 : 7[f5000] -> 6[d5000] via P2P/IPC comm 0x55ae53089090 nRanks 16
vcjob-2107900011410145281-abc12335-65396-worker-0:128:237 [2] NCCL INFO Channel 13/0 : 2[55000] -> 1[36000] via P2P/IPC comm 0x5622be0a0150 nRanks 16
vcjob-2107900011410145281-abc12335-65396-worker-0:129:238 [3] NCCL INFO Channel 12/0 : 3[77000] -> 2[55000] via P2P/IPC comm 0x55c630372090 nRanks 16
vcjob-2107900011410145281-abc12335-65396-worker-0:132:233 [6] NCCL INFO Channel 08/0 : 6[d5000] -> 5[b5000] via P2P/IPC comm 0x563763758060 nRanks 16
vcjob-2107900011410145281-abc12335-65396-worker-0:130:234 [4] NCCL INFO Channel 12/0 : 4[85000] -> 3[77000] via P2P/IPC comm 0x559486aaf020 nRanks 16
vcjob-2107900011410145281-abc12335-65396-worker-0:131:236 [5] NCCL INFO Channel 13/0 : 5[b5000] -> 4[85000] via P2P/IPC comm 0x562a61e4bfe0 nRanks 16
vcjob-2107900011410145281-abc12335-65396-worker-0:128:237 [2] NCCL INFO Channel 14/0 : 2[55000] -> 1[36000] via P2P/IPC comm 0x5622be0a0150 nRanks 16
vcjob-2107900011410145281-abc12335-65396-worker-0:129:238 [3] NCCL INFO Channel 13/0 : 3[77000] -> 2[55000] via P2P/IPC comm 0x55c630372090 nRanks 16
vcjob-2107900011410145281-abc12335-65396-worker-0:133:232 [7] NCCL INFO Channel 04/0 : 7[f5000] -> 6[d5000] via P2P/IPC comm 0x55ae53089090 nRanks 16
vcjob-2107900011410145281-abc12335-65396-worker-0:132:233 [6] NCCL INFO Channel 09/0 : 6[d5000] -> 5[b5000] via P2P/IPC comm 0x563763758060 nRanks 16
vcjob-2107900011410145281-abc12335-65396-worker-0:130:234 [4] NCCL INFO Channel 13/0 : 4[85000] -> 3[77000] via P2P/IPC comm 0x559486aaf020 nRanks 16
vcjob-2107900011410145281-abc12335-65396-worker-0:131:236 [5] NCCL INFO Channel 14/0 : 5[b5000] -> 4[85000] via P2P/IPC comm 0x562a61e4bfe0 nRanks 16
vcjob-2107900011410145281-abc12335-65396-worker-0:128:237 [2] NCCL INFO Channel 15/0 : 2[55000] -> 1[36000] via P2P/IPC comm 0x5622be0a0150 nRanks 16
vcjob-2107900011410145281-abc12335-65396-worker-0:129:238 [3] NCCL INFO Channel 14/0 : 3[77000] -> 2[55000] via P2P/IPC comm 0x55c630372090 nRanks 16
vcjob-2107900011410145281-abc12335-65396-worker-0:133:232 [7] NCCL INFO Channel 05/0 : 7[f5000] -> 6[d5000] via P2P/IPC comm 0x55ae53089090 nRanks 16
vcjob-2107900011410145281-abc12335-65396-worker-0:132:233 [6] NCCL INFO Channel 10/0 : 6[d5000] -> 5[b5000] via P2P/IPC comm 0x563763758060 nRanks 16
vcjob-2107900011410145281-abc12335-65396-worker-0:130:234 [4] NCCL INFO Channel 14/0 : 4[85000] -> 3[77000] via P2P/IPC comm 0x559486aaf020 nRanks 16
vcjob-2107900011410145281-abc12335-65396-worker-0:131:236 [5] NCCL INFO Channel 15/0 : 5[b5000] -> 4[85000] via P2P/IPC comm 0x562a61e4bfe0 nRanks 16
vcjob-2107900011410145281-abc12335-65396-worker-0:128:237 [2] NCCL INFO Channel 16/0 : 2[55000] -> 1[36000] via P2P/IPC comm 0x5622be0a0150 nRanks 16
vcjob-2107900011410145281-abc12335-65396-worker-0:129:238 [3] NCCL INFO Channel 15/0 : 3[77000] -> 2[55000] via P2P/IPC comm 0x55c630372090 nRanks 16
vcjob-2107900011410145281-abc12335-65396-worker-0:133:232 [7] NCCL INFO Channel 06/0 : 7[f5000] -> 6[d5000] via P2P/IPC comm 0x55ae53089090 nRanks 16
vcjob-2107900011410145281-abc12335-65396-worker-0:130:234 [4] NCCL INFO Channel 15/0 : 4[85000] -> 3[77000] via P2P/IPC comm 0x559486aaf020 nRanks 16
vcjob-2107900011410145281-abc12335-65396-worker-0:132:233 [6] NCCL INFO Channel 11/0 : 6[d5000] -> 5[b5000] via P2P/IPC comm 0x563763758060 nRanks 16
vcjob-2107900011410145281-abc12335-65396-worker-0:131:236 [5] NCCL INFO Channel 16/0 : 5[b5000] -> 4[85000] via P2P/IPC comm 0x562a61e4bfe0 nRanks 16
vcjob-2107900011410145281-abc12335-65396-worker-0:128:237 [2] NCCL INFO Channel 17/0 : 2[55000] -> 1[36000] via P2P/IPC comm 0x5622be0a0150 nRanks 16
vcjob-2107900011410145281-abc12335-65396-worker-0:129:238 [3] NCCL INFO Channel 16/0 : 3[77000] -> 2[55000] via P2P/IPC comm 0x55c630372090 nRanks 16
vcjob-2107900011410145281-abc12335-65396-worker-0:133:232 [7] NCCL INFO Channel 07/0 : 7[f5000] -> 6[d5000] via P2P/IPC comm 0x55ae53089090 nRanks 16
vcjob-2107900011410145281-abc12335-65396-worker-0:130:234 [4] NCCL INFO Channel 16/0 : 4[85000] -> 3[77000] via P2P/IPC comm 0x559486aaf020 nRanks 16
vcjob-2107900011410145281-abc12335-65396-worker-0:131:236 [5] NCCL INFO Channel 17/0 : 5[b5000] -> 4[85000] via P2P/IPC comm 0x562a61e4bfe0 nRanks 16
vcjob-2107900011410145281-abc12335-65396-worker-0:132:233 [6] NCCL INFO Channel 12/0 : 6[d5000] -> 5[b5000] via P2P/IPC comm 0x563763758060 nRanks 16
vcjob-2107900011410145281-abc12335-65396-worker-0:128:237 [2] NCCL INFO Channel 18/0 : 2[55000] -> 1[36000] via P2P/IPC comm 0x5622be0a0150 nRanks 16
vcjob-2107900011410145281-abc12335-65396-worker-0:129:238 [3] NCCL INFO Channel 17/0 : 3[77000] -> 2[55000] via P2P/IPC comm 0x55c630372090 nRanks 16
vcjob-2107900011410145281-abc12335-65396-worker-0:133:232 [7] NCCL INFO Channel 08/0 : 7[f5000] -> 6[d5000] via P2P/IPC comm 0x55ae53089090 nRanks 16
vcjob-2107900011410145281-abc12335-65396-worker-0:130:234 [4] NCCL INFO Channel 17/0 : 4[85000] -> 3[77000] via P2P/IPC comm 0x559486aaf020 nRanks 16
vcjob-2107900011410145281-abc12335-65396-worker-0:131:236 [5] NCCL INFO Channel 18/0 : 5[b5000] -> 4[85000] via P2P/IPC comm 0x562a61e4bfe0 nRanks 16
vcjob-2107900011410145281-abc12335-65396-worker-0:132:233 [6] NCCL INFO Channel 13/0 : 6[d5000] -> 5[b5000] via P2P/IPC comm 0x563763758060 nRanks 16
vcjob-2107900011410145281-abc12335-65396-worker-0:128:237 [2] NCCL INFO Channel 19/0 : 2[55000] -> 1[36000] via P2P/IPC comm 0x5622be0a0150 nRanks 16
vcjob-2107900011410145281-abc12335-65396-worker-0:129:238 [3] NCCL INFO Channel 18/0 : 3[77000] -> 2[55000] via P2P/IPC comm 0x55c630372090 nRanks 16
vcjob-2107900011410145281-abc12335-65396-worker-0:133:232 [7] NCCL INFO Channel 09/0 : 7[f5000] -> 6[d5000] via P2P/IPC comm 0x55ae53089090 nRanks 16
vcjob-2107900011410145281-abc12335-65396-worker-0:130:234 [4] NCCL INFO Channel 18/0 : 4[85000] -> 3[77000] via P2P/IPC comm 0x559486aaf020 nRanks 16
vcjob-2107900011410145281-abc12335-65396-worker-0:131:236 [5] NCCL INFO Channel 19/0 : 5[b5000] -> 4[85000] via P2P/IPC comm 0x562a61e4bfe0 nRanks 16
vcjob-2107900011410145281-abc12335-65396-worker-0:132:233 [6] NCCL INFO Channel 14/0 : 6[d5000] -> 5[b5000] via P2P/IPC comm 0x563763758060 nRanks 16
vcjob-2107900011410145281-abc12335-65396-worker-0:129:238 [3] NCCL INFO Channel 19/0 : 3[77000] -> 2[55000] via P2P/IPC comm 0x55c630372090 nRanks 16
vcjob-2107900011410145281-abc12335-65396-worker-0:128:237 [2] NCCL INFO Channel 20/0 : 2[55000] -> 1[36000] via P2P/IPC comm 0x5622be0a0150 nRanks 16
vcjob-2107900011410145281-abc12335-65396-worker-0:133:232 [7] NCCL INFO Channel 10/0 : 7[f5000] -> 6[d5000] via P2P/IPC comm 0x55ae53089090 nRanks 16
vcjob-2107900011410145281-abc12335-65396-worker-0:130:234 [4] NCCL INFO Channel 19/0 : 4[85000] -> 3[77000] via P2P/IPC comm 0x559486aaf020 nRanks 16
vcjob-2107900011410145281-abc12335-65396-worker-0:131:236 [5] NCCL INFO Channel 20/0 : 5[b5000] -> 4[85000] via P2P/IPC comm 0x562a61e4bfe0 nRanks 16
vcjob-2107900011410145281-abc12335-65396-worker-0:132:233 [6] NCCL INFO Channel 15/0 : 6[d5000] -> 5[b5000] via P2P/IPC comm 0x563763758060 nRanks 16
vcjob-2107900011410145281-abc12335-65396-worker-0:128:237 [2] NCCL INFO Channel 21/0 : 2[55000] -> 1[36000] via P2P/IPC comm 0x5622be0a0150 nRanks 16
vcjob-2107900011410145281-abc12335-65396-worker-0:129:238 [3] NCCL INFO Channel 20/0 : 3[77000] -> 2[55000] via P2P/IPC comm 0x55c630372090 nRanks 16
vcjob-2107900011410145281-abc12335-65396-worker-0:133:232 [7] NCCL INFO Channel 11/0 : 7[f5000] -> 6[d5000] via P2P/IPC comm 0x55ae53089090 nRanks 16
vcjob-2107900011410145281-abc12335-65396-worker-0:130:234 [4] NCCL INFO Channel 20/0 : 4[85000] -> 3[77000] via P2P/IPC comm 0x559486aaf020 nRanks 16
vcjob-2107900011410145281-abc12335-65396-worker-0:131:236 [5] NCCL INFO Channel 21/0 : 5[b5000] -> 4[85000] via P2P/IPC comm 0x562a61e4bfe0 nRanks 16
vcjob-2107900011410145281-abc12335-65396-worker-0:132:233 [6] NCCL INFO Channel 16/0 : 6[d5000] -> 5[b5000] via P2P/IPC comm 0x563763758060 nRanks 16
vcjob-2107900011410145281-abc12335-65396-worker-0:129:238 [3] NCCL INFO Channel 21/0 : 3[77000] -> 2[55000] via P2P/IPC comm 0x55c630372090 nRanks 16
vcjob-2107900011410145281-abc12335-65396-worker-0:128:237 [2] NCCL INFO Channel 22/0 : 2[55000] -> 1[36000] via P2P/IPC comm 0x5622be0a0150 nRanks 16
vcjob-2107900011410145281-abc12335-65396-worker-0:133:232 [7] NCCL INFO Channel 12/0 : 7[f5000] -> 6[d5000] via P2P/IPC comm 0x55ae53089090 nRanks 16
vcjob-2107900011410145281-abc12335-65396-worker-0:130:234 [4] NCCL INFO Channel 21/0 : 4[85000] -> 3[77000] via P2P/IPC comm 0x559486aaf020 nRanks 16
vcjob-2107900011410145281-abc12335-65396-worker-0:131:236 [5] NCCL INFO Channel 22/0 : 5[b5000] -> 4[85000] via P2P/IPC comm 0x562a61e4bfe0 nRanks 16
vcjob-2107900011410145281-abc12335-65396-worker-0:132:233 [6] NCCL INFO Channel 17/0 : 6[d5000] -> 5[b5000] via P2P/IPC comm 0x563763758060 nRanks 16
vcjob-2107900011410145281-abc12335-65396-worker-0:129:238 [3] NCCL INFO Channel 22/0 : 3[77000] -> 2[55000] via P2P/IPC comm 0x55c630372090 nRanks 16
vcjob-2107900011410145281-abc12335-65396-worker-0:128:237 [2] NCCL INFO Channel 23/0 : 2[55000] -> 1[36000] via P2P/IPC comm 0x5622be0a0150 nRanks 16
vcjob-2107900011410145281-abc12335-65396-worker-0:133:232 [7] NCCL INFO Channel 13/0 : 7[f5000] -> 6[d5000] via P2P/IPC comm 0x55ae53089090 nRanks 16
vcjob-2107900011410145281-abc12335-65396-worker-0:130:234 [4] NCCL INFO Channel 22/0 : 4[85000] -> 3[77000] via P2P/IPC comm 0x559486aaf020 nRanks 16
vcjob-2107900011410145281-abc12335-65396-worker-0:131:236 [5] NCCL INFO Channel 23/0 : 5[b5000] -> 4[85000] via P2P/IPC comm 0x562a61e4bfe0 nRanks 16
vcjob-2107900011410145281-abc12335-65396-worker-0:132:233 [6] NCCL INFO Channel 18/0 : 6[d5000] -> 5[b5000] via P2P/IPC comm 0x563763758060 nRanks 16
vcjob-2107900011410145281-abc12335-65396-worker-0:128:237 [2] NCCL INFO Channel 24/0 : 2[55000] -> 1[36000] via P2P/IPC comm 0x5622be0a0150 nRanks 16
vcjob-2107900011410145281-abc12335-65396-worker-0:129:238 [3] NCCL INFO Channel 23/0 : 3[77000] -> 2[55000] via P2P/IPC comm 0x55c630372090 nRanks 16
vcjob-2107900011410145281-abc12335-65396-worker-0:133:232 [7] NCCL INFO Channel 14/0 : 7[f5000] -> 6[d5000] via P2P/IPC comm 0x55ae53089090 nRanks 16
vcjob-2107900011410145281-abc12335-65396-worker-0:130:234 [4] NCCL INFO Channel 23/0 : 4[85000] -> 3[77000] via P2P/IPC comm 0x559486aaf020 nRanks 16
vcjob-2107900011410145281-abc12335-65396-worker-0:131:236 [5] NCCL INFO Channel 24/0 : 5[b5000] -> 4[85000] via P2P/IPC comm 0x562a61e4bfe0 nRanks 16
vcjob-2107900011410145281-abc12335-65396-worker-0:128:237 [2] NCCL INFO Channel 25/0 : 2[55000] -> 1[36000] via P2P/IPC comm 0x5622be0a0150 nRanks 16
vcjob-2107900011410145281-abc12335-65396-worker-0:129:238 [3] NCCL INFO Channel 24/0 : 3[77000] -> 2[55000] via P2P/IPC comm 0x55c630372090 nRanks 16
vcjob-2107900011410145281-abc12335-65396-worker-0:132:233 [6] NCCL INFO Channel 19/0 : 6[d5000] -> 5[b5000] via P2P/IPC comm 0x563763758060 nRanks 16
vcjob-2107900011410145281-abc12335-65396-worker-0:133:232 [7] NCCL INFO Channel 15/0 : 7[f5000] -> 6[d5000] via P2P/IPC comm 0x55ae53089090 nRanks 16
vcjob-2107900011410145281-abc12335-65396-worker-0:130:234 [4] NCCL INFO Channel 24/0 : 4[85000] -> 3[77000] via P2P/IPC comm 0x559486aaf020 nRanks 16
vcjob-2107900011410145281-abc12335-65396-worker-0:131:236 [5] NCCL INFO Channel 25/0 : 5[b5000] -> 4[85000] via P2P/IPC comm 0x562a61e4bfe0 nRanks 16
vcjob-2107900011410145281-abc12335-65396-worker-0:128:237 [2] NCCL INFO Channel 26/0 : 2[55000] -> 1[36000] via P2P/IPC comm 0x5622be0a0150 nRanks 16
vcjob-2107900011410145281-abc12335-65396-worker-0:129:238 [3] NCCL INFO Channel 25/0 : 3[77000] -> 2[55000] via P2P/IPC comm 0x55c630372090 nRanks 16
vcjob-2107900011410145281-abc12335-65396-worker-0:133:232 [7] NCCL INFO Channel 16/0 : 7[f5000] -> 6[d5000] via P2P/IPC comm 0x55ae53089090 nRanks 16
vcjob-2107900011410145281-abc12335-65396-worker-0:132:233 [6] NCCL INFO Channel 20/0 : 6[d5000] -> 5[b5000] via P2P/IPC comm 0x563763758060 nRanks 16
vcjob-2107900011410145281-abc12335-65396-worker-0:130:234 [4] NCCL INFO Channel 25/0 : 4[85000] -> 3[77000] via P2P/IPC comm 0x559486aaf020 nRanks 16
vcjob-2107900011410145281-abc12335-65396-worker-0:131:236 [5] NCCL INFO Channel 26/0 : 5[b5000] -> 4[85000] via P2P/IPC comm 0x562a61e4bfe0 nRanks 16
vcjob-2107900011410145281-abc12335-65396-worker-0:128:237 [2] NCCL INFO Channel 27/0 : 2[55000] -> 1[36000] via P2P/IPC comm 0x5622be0a0150 nRanks 16
vcjob-2107900011410145281-abc12335-65396-worker-0:129:238 [3] NCCL INFO Channel 26/0 : 3[77000] -> 2[55000] via P2P/IPC comm 0x55c630372090 nRanks 16
vcjob-2107900011410145281-abc12335-65396-worker-0:133:232 [7] NCCL INFO Channel 17/0 : 7[f5000] -> 6[d5000] via P2P/IPC comm 0x55ae53089090 nRanks 16
vcjob-2107900011410145281-abc12335-65396-worker-0:130:234 [4] NCCL INFO Channel 26/0 : 4[85000] -> 3[77000] via P2P/IPC comm 0x559486aaf020 nRanks 16
vcjob-2107900011410145281-abc12335-65396-worker-0:132:233 [6] NCCL INFO Channel 21/0 : 6[d5000] -> 5[b5000] via P2P/IPC comm 0x563763758060 nRanks 16
vcjob-2107900011410145281-abc12335-65396-worker-0:131:236 [5] NCCL INFO Channel 27/0 : 5[b5000] -> 4[85000] via P2P/IPC comm 0x562a61e4bfe0 nRanks 16
vcjob-2107900011410145281-abc12335-65396-worker-0:128:237 [2] NCCL INFO Channel 28/0 : 2[55000] -> 1[36000] via P2P/IPC comm 0x5622be0a0150 nRanks 16
vcjob-2107900011410145281-abc12335-65396-worker-0:129:238 [3] NCCL INFO Channel 27/0 : 3[77000] -> 2[55000] via P2P/IPC comm 0x55c630372090 nRanks 16
vcjob-2107900011410145281-abc12335-65396-worker-0:133:232 [7] NCCL INFO Channel 18/0 : 7[f5000] -> 6[d5000] via P2P/IPC comm 0x55ae53089090 nRanks 16
vcjob-2107900011410145281-abc12335-65396-worker-0:130:234 [4] NCCL INFO Channel 27/0 : 4[85000] -> 3[77000] via P2P/IPC comm 0x559486aaf020 nRanks 16
vcjob-2107900011410145281-abc12335-65396-worker-0:132:233 [6] NCCL INFO Channel 22/0 : 6[d5000] -> 5[b5000] via P2P/IPC comm 0x563763758060 nRanks 16
vcjob-2107900011410145281-abc12335-65396-worker-0:131:236 [5] NCCL INFO Channel 28/0 : 5[b5000] -> 4[85000] via P2P/IPC comm 0x562a61e4bfe0 nRanks 16
vcjob-2107900011410145281-abc12335-65396-worker-0:128:237 [2] NCCL INFO Channel 29/0 : 2[55000] -> 1[36000] via P2P/IPC comm 0x5622be0a0150 nRanks 16
vcjob-2107900011410145281-abc12335-65396-worker-0:129:238 [3] NCCL INFO Channel 28/0 : 3[77000] -> 2[55000] via P2P/IPC comm 0x55c630372090 nRanks 16
vcjob-2107900011410145281-abc12335-65396-worker-0:133:232 [7] NCCL INFO Channel 19/0 : 7[f5000] -> 6[d5000] via P2P/IPC comm 0x55ae53089090 nRanks 16
vcjob-2107900011410145281-abc12335-65396-worker-0:130:234 [4] NCCL INFO Channel 28/0 : 4[85000] -> 3[77000] via P2P/IPC comm 0x559486aaf020 nRanks 16
vcjob-2107900011410145281-abc12335-65396-worker-0:131:236 [5] NCCL INFO Channel 29/0 : 5[b5000] -> 4[85000] via P2P/IPC comm 0x562a61e4bfe0 nRanks 16
vcjob-2107900011410145281-abc12335-65396-worker-0:132:233 [6] NCCL INFO Channel 23/0 : 6[d5000] -> 5[b5000] via P2P/IPC comm 0x563763758060 nRanks 16
vcjob-2107900011410145281-abc12335-65396-worker-0:128:237 [2] NCCL INFO Channel 30/0 : 2[55000] -> 1[36000] via P2P/IPC comm 0x5622be0a0150 nRanks 16
vcjob-2107900011410145281-abc12335-65396-worker-0:129:238 [3] NCCL INFO Channel 29/0 : 3[77000] -> 2[55000] via P2P/IPC comm 0x55c630372090 nRanks 16
vcjob-2107900011410145281-abc12335-65396-worker-0:133:232 [7] NCCL INFO Channel 20/0 : 7[f5000] -> 6[d5000] via P2P/IPC comm 0x55ae53089090 nRanks 16
vcjob-2107900011410145281-abc12335-65396-worker-0:130:234 [4] NCCL INFO Channel 29/0 : 4[85000] -> 3[77000] via P2P/IPC comm 0x559486aaf020 nRanks 16
vcjob-2107900011410145281-abc12335-65396-worker-0:131:236 [5] NCCL INFO Channel 30/0 : 5[b5000] -> 4[85000] via P2P/IPC comm 0x562a61e4bfe0 nRanks 16
vcjob-2107900011410145281-abc12335-65396-worker-0:132:233 [6] NCCL INFO Channel 24/0 : 6[d5000] -> 5[b5000] via P2P/IPC comm 0x563763758060 nRanks 16
vcjob-2107900011410145281-abc12335-65396-worker-0:128:237 [2] NCCL INFO Channel 31/0 : 2[55000] -> 1[36000] via P2P/IPC comm 0x5622be0a0150 nRanks 16
vcjob-2107900011410145281-abc12335-65396-worker-0:129:238 [3] NCCL INFO Channel 30/0 : 3[77000] -> 2[55000] via P2P/IPC comm 0x55c630372090 nRanks 16
vcjob-2107900011410145281-abc12335-65396-worker-0:133:232 [7] NCCL INFO Channel 21/0 : 7[f5000] -> 6[d5000] via P2P/IPC comm 0x55ae53089090 nRanks 16
vcjob-2107900011410145281-abc12335-65396-worker-0:130:234 [4] NCCL INFO Channel 30/0 : 4[85000] -> 3[77000] via P2P/IPC comm 0x559486aaf020 nRanks 16
vcjob-2107900011410145281-abc12335-65396-worker-0:131:236 [5] NCCL INFO Channel 31/0 : 5[b5000] -> 4[85000] via P2P/IPC comm 0x562a61e4bfe0 nRanks 16
vcjob-2107900011410145281-abc12335-65396-worker-0:132:233 [6] NCCL INFO Channel 25/0 : 6[d5000] -> 5[b5000] via P2P/IPC comm 0x563763758060 nRanks 16
vcjob-2107900011410145281-abc12335-65396-worker-0:129:238 [3] NCCL INFO Channel 31/0 : 3[77000] -> 2[55000] via P2P/IPC comm 0x55c630372090 nRanks 16
vcjob-2107900011410145281-abc12335-65396-worker-0:133:232 [7] NCCL INFO Channel 22/0 : 7[f5000] -> 6[d5000] via P2P/IPC comm 0x55ae53089090 nRanks 16
vcjob-2107900011410145281-abc12335-65396-worker-0:130:234 [4] NCCL INFO Channel 31/0 : 4[85000] -> 3[77000] via P2P/IPC comm 0x559486aaf020 nRanks 16
vcjob-2107900011410145281-abc12335-65396-worker-0:132:233 [6] NCCL INFO Channel 26/0 : 6[d5000] -> 5[b5000] via P2P/IPC comm 0x563763758060 nRanks 16
vcjob-2107900011410145281-abc12335-65396-worker-0:133:232 [7] NCCL INFO Channel 23/0 : 7[f5000] -> 6[d5000] via P2P/IPC comm 0x55ae53089090 nRanks 16
vcjob-2107900011410145281-abc12335-65396-worker-0:132:233 [6] NCCL INFO Channel 27/0 : 6[d5000] -> 5[b5000] via P2P/IPC comm 0x563763758060 nRanks 16
vcjob-2107900011410145281-abc12335-65396-worker-0:133:232 [7] NCCL INFO Channel 24/0 : 7[f5000] -> 6[d5000] via P2P/IPC comm 0x55ae53089090 nRanks 16
vcjob-2107900011410145281-abc12335-65396-worker-0:132:233 [6] NCCL INFO Channel 28/0 : 6[d5000] -> 5[b5000] via P2P/IPC comm 0x563763758060 nRanks 16
vcjob-2107900011410145281-abc12335-65396-worker-0:133:232 [7] NCCL INFO Channel 25/0 : 7[f5000] -> 6[d5000] via P2P/IPC comm 0x55ae53089090 nRanks 16
vcjob-2107900011410145281-abc12335-65396-worker-0:132:233 [6] NCCL INFO Channel 29/0 : 6[d5000] -> 5[b5000] via P2P/IPC comm 0x563763758060 nRanks 16
vcjob-2107900011410145281-abc12335-65396-worker-0:133:232 [7] NCCL INFO Channel 26/0 : 7[f5000] -> 6[d5000] via P2P/IPC comm 0x55ae53089090 nRanks 16
vcjob-2107900011410145281-abc12335-65396-worker-0:132:233 [6] NCCL INFO Channel 30/0 : 6[d5000] -> 5[b5000] via P2P/IPC comm 0x563763758060 nRanks 16
vcjob-2107900011410145281-abc12335-65396-worker-0:133:232 [7] NCCL INFO Channel 27/0 : 7[f5000] -> 6[d5000] via P2P/IPC comm 0x55ae53089090 nRanks 16
vcjob-2107900011410145281-abc12335-65396-worker-0:132:233 [6] NCCL INFO Channel 31/0 : 6[d5000] -> 5[b5000] via P2P/IPC comm 0x563763758060 nRanks 16
vcjob-2107900011410145281-abc12335-65396-worker-0:133:232 [7] NCCL INFO Channel 28/0 : 7[f5000] -> 6[d5000] via P2P/IPC comm 0x55ae53089090 nRanks 16
vcjob-2107900011410145281-abc12335-65396-worker-0:133:232 [7] NCCL INFO Channel 29/0 : 7[f5000] -> 6[d5000] via P2P/IPC comm 0x55ae53089090 nRanks 16
vcjob-2107900011410145281-abc12335-65396-worker-0:133:232 [7] NCCL INFO Channel 30/0 : 7[f5000] -> 6[d5000] via P2P/IPC comm 0x55ae53089090 nRanks 16
vcjob-2107900011410145281-abc12335-65396-worker-0:133:232 [7] NCCL INFO Channel 31/0 : 7[f5000] -> 6[d5000] via P2P/IPC comm 0x55ae53089090 nRanks 16
vcjob-2107900011410145281-abc12335-65396-worker-0:130:234 [4] NCCL INFO Connected all rings
vcjob-2107900011410145281-abc12335-65396-worker-0:131:236 [5] NCCL INFO Connected all rings
vcjob-2107900011410145281-abc12335-65396-worker-0:129:238 [3] NCCL INFO Connected all rings
vcjob-2107900011410145281-abc12335-65396-worker-0:130:234 [4] NCCL INFO Channel 00/0 : 4[85000] -> 5[b5000] via P2P/IPC comm 0x559486aaf020 nRanks 16
vcjob-2107900011410145281-abc12335-65396-worker-0:130:234 [4] NCCL INFO Channel 01/0 : 4[85000] -> 5[b5000] via P2P/IPC comm 0x559486aaf020 nRanks 16
vcjob-2107900011410145281-abc12335-65396-worker-0:130:234 [4] NCCL INFO Channel 02/0 : 4[85000] -> 5[b5000] via P2P/IPC comm 0x559486aaf020 nRanks 16
vcjob-2107900011410145281-abc12335-65396-worker-0:130:234 [4] NCCL INFO Channel 03/0 : 4[85000] -> 5[b5000] via P2P/IPC comm 0x559486aaf020 nRanks 16
vcjob-2107900011410145281-abc12335-65396-worker-0:131:236 [5] NCCL INFO Channel 00/0 : 5[b5000] -> 6[d5000] via P2P/IPC comm 0x562a61e4bfe0 nRanks 16
vcjob-2107900011410145281-abc12335-65396-worker-0:131:236 [5] NCCL INFO Channel 01/0 : 5[b5000] -> 6[d5000] via P2P/IPC comm 0x562a61e4bfe0 nRanks 16
vcjob-2107900011410145281-abc12335-65396-worker-0:130:234 [4] NCCL INFO Channel 04/0 : 4[85000] -> 5[b5000] via P2P/IPC comm 0x559486aaf020 nRanks 16
vcjob-2107900011410145281-abc12335-65396-worker-0:130:234 [4] NCCL INFO Channel 05/0 : 4[85000] -> 5[b5000] via P2P/IPC comm 0x559486aaf020 nRanks 16
vcjob-2107900011410145281-abc12335-65396-worker-0:131:236 [5] NCCL INFO Channel 02/0 : 5[b5000] -> 6[d5000] via P2P/IPC comm 0x562a61e4bfe0 nRanks 16
vcjob-2107900011410145281-abc12335-65396-worker-0:130:234 [4] NCCL INFO Channel 06/0 : 4[85000] -> 5[b5000] via P2P/IPC comm 0x559486aaf020 nRanks 16
vcjob-2107900011410145281-abc12335-65396-worker-0:131:236 [5] NCCL INFO Channel 03/0 : 5[b5000] -> 6[d5000] via P2P/IPC comm 0x562a61e4bfe0 nRanks 16
vcjob-2107900011410145281-abc12335-65396-worker-0:131:236 [5] NCCL INFO Channel 04/0 : 5[b5000] -> 6[d5000] via P2P/IPC comm 0x562a61e4bfe0 nRanks 16
vcjob-2107900011410145281-abc12335-65396-worker-0:130:234 [4] NCCL INFO Channel 07/0 : 4[85000] -> 5[b5000] via P2P/IPC comm 0x559486aaf020 nRanks 16
vcjob-2107900011410145281-abc12335-65396-worker-0:130:234 [4] NCCL INFO Channel 08/0 : 4[85000] -> 5[b5000] via P2P/IPC comm 0x559486aaf020 nRanks 16
vcjob-2107900011410145281-abc12335-65396-worker-0:131:236 [5] NCCL INFO Channel 05/0 : 5[b5000] -> 6[d5000] via P2P/IPC comm 0x562a61e4bfe0 nRanks 16
vcjob-2107900011410145281-abc12335-65396-worker-0:130:234 [4] NCCL INFO Channel 09/0 : 4[85000] -> 5[b5000] via P2P/IPC comm 0x559486aaf020 nRanks 16
vcjob-2107900011410145281-abc12335-65396-worker-0:131:236 [5] NCCL INFO Channel 06/0 : 5[b5000] -> 6[d5000] via P2P/IPC comm 0x562a61e4bfe0 nRanks 16
vcjob-2107900011410145281-abc12335-65396-worker-0:130:234 [4] NCCL INFO Channel 10/0 : 4[85000] -> 5[b5000] via P2P/IPC comm 0x559486aaf020 nRanks 16
vcjob-2107900011410145281-abc12335-65396-worker-0:131:236 [5] NCCL INFO Channel 07/0 : 5[b5000] -> 6[d5000] via P2P/IPC comm 0x562a61e4bfe0 nRanks 16
vcjob-2107900011410145281-abc12335-65396-worker-0:130:234 [4] NCCL INFO Channel 11/0 : 4[85000] -> 5[b5000] via P2P/IPC comm 0x559486aaf020 nRanks 16
vcjob-2107900011410145281-abc12335-65396-worker-0:131:236 [5] NCCL INFO Channel 08/0 : 5[b5000] -> 6[d5000] via P2P/IPC comm 0x562a61e4bfe0 nRanks 16
vcjob-2107900011410145281-abc12335-65396-worker-0:130:234 [4] NCCL INFO Channel 12/0 : 4[85000] -> 5[b5000] via P2P/IPC comm 0x559486aaf020 nRanks 16
vcjob-2107900011410145281-abc12335-65396-worker-0:131:236 [5] NCCL INFO Channel 09/0 : 5[b5000] -> 6[d5000] via P2P/IPC comm 0x562a61e4bfe0 nRanks 16
vcjob-2107900011410145281-abc12335-65396-worker-0:130:234 [4] NCCL INFO Channel 13/0 : 4[85000] -> 5[b5000] via P2P/IPC comm 0x559486aaf020 nRanks 16
vcjob-2107900011410145281-abc12335-65396-worker-0:131:236 [5] NCCL INFO Channel 10/0 : 5[b5000] -> 6[d5000] via P2P/IPC comm 0x562a61e4bfe0 nRanks 16
vcjob-2107900011410145281-abc12335-65396-worker-0:132:233 [6] NCCL INFO Connected all rings
vcjob-2107900011410145281-abc12335-65396-worker-0:133:232 [7] NCCL INFO Connected all rings
vcjob-2107900011410145281-abc12335-65396-worker-0:126:231 [0] NCCL INFO Connected all rings
vcjob-2107900011410145281-abc12335-65396-worker-0:126:231 [0] NCCL INFO Channel 00/0 : 0[9000] -> 1[36000] via P2P/IPC comm 0x556e1a5bb050 nRanks 16
vcjob-2107900011410145281-abc12335-65396-worker-0:130:234 [4] NCCL INFO Channel 14/0 : 4[85000] -> 5[b5000] via P2P/IPC comm 0x559486aaf020 nRanks 16
vcjob-2107900011410145281-abc12335-65396-worker-0:131:236 [5] NCCL INFO Channel 11/0 : 5[b5000] -> 6[d5000] via P2P/IPC comm 0x562a61e4bfe0 nRanks 16
vcjob-2107900011410145281-abc12335-65396-worker-0:130:234 [4] NCCL INFO Channel 15/0 : 4[85000] -> 5[b5000] via P2P/IPC comm 0x559486aaf020 nRanks 16
vcjob-2107900011410145281-abc12335-65396-worker-0:131:236 [5] NCCL INFO Channel 12/0 : 5[b5000] -> 6[d5000] via P2P/IPC comm 0x562a61e4bfe0 nRanks 16
vcjob-2107900011410145281-abc12335-65396-worker-0:130:234 [4] NCCL INFO Channel 16/0 : 4[85000] -> 5[b5000] via P2P/IPC comm 0x559486aaf020 nRanks 16
vcjob-2107900011410145281-abc12335-65396-worker-0:131:236 [5] NCCL INFO Channel 13/0 : 5[b5000] -> 6[d5000] via P2P/IPC comm 0x562a61e4bfe0 nRanks 16
vcjob-2107900011410145281-abc12335-65396-worker-0:130:234 [4] NCCL INFO Channel 17/0 : 4[85000] -> 5[b5000] via P2P/IPC comm 0x559486aaf020 nRanks 16
vcjob-2107900011410145281-abc12335-65396-worker-0:131:236 [5] NCCL INFO Channel 14/0 : 5[b5000] -> 6[d5000] via P2P/IPC comm 0x562a61e4bfe0 nRanks 16
vcjob-2107900011410145281-abc12335-65396-worker-0:130:234 [4] NCCL INFO Channel 18/0 : 4[85000] -> 5[b5000] via P2P/IPC comm 0x559486aaf020 nRanks 16
vcjob-2107900011410145281-abc12335-65396-worker-0:131:236 [5] NCCL INFO Channel 15/0 : 5[b5000] -> 6[d5000] via P2P/IPC comm 0x562a61e4bfe0 nRanks 16
vcjob-2107900011410145281-abc12335-65396-worker-0:127:235 [1] NCCL INFO Connected all rings
vcjob-2107900011410145281-abc12335-65396-worker-0:128:237 [2] NCCL INFO Connected all rings
vcjob-2107900011410145281-abc12335-65396-worker-0:130:234 [4] NCCL INFO Channel 19/0 : 4[85000] -> 5[b5000] via P2P/IPC comm 0x559486aaf020 nRanks 16
vcjob-2107900011410145281-abc12335-65396-worker-0:131:236 [5] NCCL INFO Channel 16/0 : 5[b5000] -> 6[d5000] via P2P/IPC comm 0x562a61e4bfe0 nRanks 16
vcjob-2107900011410145281-abc12335-65396-worker-0:130:234 [4] NCCL INFO Channel 20/0 : 4[85000] -> 5[b5000] via P2P/IPC comm 0x559486aaf020 nRanks 16
vcjob-2107900011410145281-abc12335-65396-worker-0:131:236 [5] NCCL INFO Channel 17/0 : 5[b5000] -> 6[d5000] via P2P/IPC comm 0x562a61e4bfe0 nRanks 16
vcjob-2107900011410145281-abc12335-65396-worker-0:130:234 [4] NCCL INFO Channel 21/0 : 4[85000] -> 5[b5000] via P2P/IPC comm 0x559486aaf020 nRanks 16
vcjob-2107900011410145281-abc12335-65396-worker-0:131:236 [5] NCCL INFO Channel 18/0 : 5[b5000] -> 6[d5000] via P2P/IPC comm 0x562a61e4bfe0 nRanks 16
vcjob-2107900011410145281-abc12335-65396-worker-0:130:234 [4] NCCL INFO Channel 22/0 : 4[85000] -> 5[b5000] via P2P/IPC comm 0x559486aaf020 nRanks 16
vcjob-2107900011410145281-abc12335-65396-worker-0:131:236 [5] NCCL INFO Channel 19/0 : 5[b5000] -> 6[d5000] via P2P/IPC comm 0x562a61e4bfe0 nRanks 16
vcjob-2107900011410145281-abc12335-65396-worker-0:130:234 [4] NCCL INFO Channel 23/0 : 4[85000] -> 5[b5000] via P2P/IPC comm 0x559486aaf020 nRanks 16
vcjob-2107900011410145281-abc12335-65396-worker-0:131:236 [5] NCCL INFO Channel 20/0 : 5[b5000] -> 6[d5000] via P2P/IPC comm 0x562a61e4bfe0 nRanks 16
vcjob-2107900011410145281-abc12335-65396-worker-0:130:234 [4] NCCL INFO Channel 24/0 : 4[85000] -> 5[b5000] via P2P/IPC comm 0x559486aaf020 nRanks 16
vcjob-2107900011410145281-abc12335-65396-worker-0:131:236 [5] NCCL INFO Channel 21/0 : 5[b5000] -> 6[d5000] via P2P/IPC comm 0x562a61e4bfe0 nRanks 16
vcjob-2107900011410145281-abc12335-65396-worker-0:130:234 [4] NCCL INFO Channel 25/0 : 4[85000] -> 5[b5000] via P2P/IPC comm 0x559486aaf020 nRanks 16
vcjob-2107900011410145281-abc12335-65396-worker-0:131:236 [5] NCCL INFO Channel 22/0 : 5[b5000] -> 6[d5000] via P2P/IPC comm 0x562a61e4bfe0 nRanks 16
vcjob-2107900011410145281-abc12335-65396-worker-0:130:234 [4] NCCL INFO Channel 26/0 : 4[85000] -> 5[b5000] via P2P/IPC comm 0x559486aaf020 nRanks 16
vcjob-2107900011410145281-abc12335-65396-worker-0:131:236 [5] NCCL INFO Channel 23/0 : 5[b5000] -> 6[d5000] via P2P/IPC comm 0x562a61e4bfe0 nRanks 16
vcjob-2107900011410145281-abc12335-65396-worker-0:130:234 [4] NCCL INFO Channel 27/0 : 4[85000] -> 5[b5000] via P2P/IPC comm 0x559486aaf020 nRanks 16
vcjob-2107900011410145281-abc12335-65396-worker-0:131:236 [5] NCCL INFO Channel 24/0 : 5[b5000] -> 6[d5000] via P2P/IPC comm 0x562a61e4bfe0 nRanks 16
vcjob-2107900011410145281-abc12335-65396-worker-0:130:234 [4] NCCL INFO Channel 28/0 : 4[85000] -> 5[b5000] via P2P/IPC comm 0x559486aaf020 nRanks 16
vcjob-2107900011410145281-abc12335-65396-worker-0:129:238 [3] NCCL INFO Channel 00/0 : 3[77000] -> 4[85000] via P2P/IPC comm 0x55c630372090 nRanks 16
vcjob-2107900011410145281-abc12335-65396-worker-0:131:236 [5] NCCL INFO Channel 25/0 : 5[b5000] -> 6[d5000] via P2P/IPC comm 0x562a61e4bfe0 nRanks 16
vcjob-2107900011410145281-abc12335-65396-worker-0:130:234 [4] NCCL INFO Channel 29/0 : 4[85000] -> 5[b5000] via P2P/IPC comm 0x559486aaf020 nRanks 16
vcjob-2107900011410145281-abc12335-65396-worker-0:129:238 [3] NCCL INFO Channel 01/0 : 3[77000] -> 4[85000] via P2P/IPC comm 0x55c630372090 nRanks 16
vcjob-2107900011410145281-abc12335-65396-worker-0:131:236 [5] NCCL INFO Channel 26/0 : 5[b5000] -> 6[d5000] via P2P/IPC comm 0x562a61e4bfe0 nRanks 16
vcjob-2107900011410145281-abc12335-65396-worker-0:130:234 [4] NCCL INFO Channel 30/0 : 4[85000] -> 5[b5000] via P2P/IPC comm 0x559486aaf020 nRanks 16
vcjob-2107900011410145281-abc12335-65396-worker-0:129:238 [3] NCCL INFO Channel 02/0 : 3[77000] -> 4[85000] via P2P/IPC comm 0x55c630372090 nRanks 16
vcjob-2107900011410145281-abc12335-65396-worker-0:131:236 [5] NCCL INFO Channel 27/0 : 5[b5000] -> 6[d5000] via P2P/IPC comm 0x562a61e4bfe0 nRanks 16
vcjob-2107900011410145281-abc12335-65396-worker-0:130:234 [4] NCCL INFO Channel 31/0 : 4[85000] -> 5[b5000] via P2P/IPC comm 0x559486aaf020 nRanks 16
vcjob-2107900011410145281-abc12335-65396-worker-0:129:238 [3] NCCL INFO Channel 03/0 : 3[77000] -> 4[85000] via P2P/IPC comm 0x55c630372090 nRanks 16
vcjob-2107900011410145281-abc12335-65396-worker-0:131:236 [5] NCCL INFO Channel 28/0 : 5[b5000] -> 6[d5000] via P2P/IPC comm 0x562a61e4bfe0 nRanks 16
vcjob-2107900011410145281-abc12335-65396-worker-0:129:238 [3] NCCL INFO Channel 04/0 : 3[77000] -> 4[85000] via P2P/IPC comm 0x55c630372090 nRanks 16
vcjob-2107900011410145281-abc12335-65396-worker-0:131:236 [5] NCCL INFO Channel 29/0 : 5[b5000] -> 6[d5000] via P2P/IPC comm 0x562a61e4bfe0 nRanks 16
vcjob-2107900011410145281-abc12335-65396-worker-0:129:238 [3] NCCL INFO Channel 05/0 : 3[77000] -> 4[85000] via P2P/IPC comm 0x55c630372090 nRanks 16
vcjob-2107900011410145281-abc12335-65396-worker-0:131:236 [5] NCCL INFO Channel 30/0 : 5[b5000] -> 6[d5000] via P2P/IPC comm 0x562a61e4bfe0 nRanks 16
vcjob-2107900011410145281-abc12335-65396-worker-0:129:238 [3] NCCL INFO Channel 06/0 : 3[77000] -> 4[85000] via P2P/IPC comm 0x55c630372090 nRanks 16
vcjob-2107900011410145281-abc12335-65396-worker-0:131:236 [5] NCCL INFO Channel 31/0 : 5[b5000] -> 6[d5000] via P2P/IPC comm 0x562a61e4bfe0 nRanks 16
vcjob-2107900011410145281-abc12335-65396-worker-0:129:238 [3] NCCL INFO Channel 07/0 : 3[77000] -> 4[85000] via P2P/IPC comm 0x55c630372090 nRanks 16
vcjob-2107900011410145281-abc12335-65396-worker-0:129:238 [3] NCCL INFO Channel 08/0 : 3[77000] -> 4[85000] via P2P/IPC comm 0x55c630372090 nRanks 16
vcjob-2107900011410145281-abc12335-65396-worker-0:129:238 [3] NCCL INFO Channel 09/0 : 3[77000] -> 4[85000] via P2P/IPC comm 0x55c630372090 nRanks 16
vcjob-2107900011410145281-abc12335-65396-worker-0:129:238 [3] NCCL INFO Channel 10/0 : 3[77000] -> 4[85000] via P2P/IPC comm 0x55c630372090 nRanks 16
vcjob-2107900011410145281-abc12335-65396-worker-0:129:238 [3] NCCL INFO Channel 11/0 : 3[77000] -> 4[85000] via P2P/IPC comm 0x55c630372090 nRanks 16
vcjob-2107900011410145281-abc12335-65396-worker-0:129:238 [3] NCCL INFO Channel 12/0 : 3[77000] -> 4[85000] via P2P/IPC comm 0x55c630372090 nRanks 16
vcjob-2107900011410145281-abc12335-65396-worker-0:129:238 [3] NCCL INFO Channel 13/0 : 3[77000] -> 4[85000] via P2P/IPC comm 0x55c630372090 nRanks 16
vcjob-2107900011410145281-abc12335-65396-worker-0:126:231 [0] NCCL INFO Channel 01/0 : 0[9000] -> 1[36000] via P2P/IPC comm 0x556e1a5bb050 nRanks 16
vcjob-2107900011410145281-abc12335-65396-worker-0:129:238 [3] NCCL INFO Channel 14/0 : 3[77000] -> 4[85000] via P2P/IPC comm 0x55c630372090 nRanks 16
vcjob-2107900011410145281-abc12335-65396-worker-0:126:231 [0] NCCL INFO Channel 02/0 : 0[9000] -> 1[36000] via P2P/IPC comm 0x556e1a5bb050 nRanks 16
vcjob-2107900011410145281-abc12335-65396-worker-0:129:238 [3] NCCL INFO Channel 15/0 : 3[77000] -> 4[85000] via P2P/IPC comm 0x55c630372090 nRanks 16
vcjob-2107900011410145281-abc12335-65396-worker-0:126:231 [0] NCCL INFO Channel 03/0 : 0[9000] -> 1[36000] via P2P/IPC comm 0x556e1a5bb050 nRanks 16
vcjob-2107900011410145281-abc12335-65396-worker-0:129:238 [3] NCCL INFO Channel 16/0 : 3[77000] -> 4[85000] via P2P/IPC comm 0x55c630372090 nRanks 16
vcjob-2107900011410145281-abc12335-65396-worker-0:126:231 [0] NCCL INFO Channel 04/0 : 0[9000] -> 1[36000] via P2P/IPC comm 0x556e1a5bb050 nRanks 16
vcjob-2107900011410145281-abc12335-65396-worker-0:129:238 [3] NCCL INFO Channel 17/0 : 3[77000] -> 4[85000] via P2P/IPC comm 0x55c630372090 nRanks 16
vcjob-2107900011410145281-abc12335-65396-worker-0:126:231 [0] NCCL INFO Channel 05/0 : 0[9000] -> 1[36000] via P2P/IPC comm 0x556e1a5bb050 nRanks 16
vcjob-2107900011410145281-abc12335-65396-worker-0:129:238 [3] NCCL INFO Channel 18/0 : 3[77000] -> 4[85000] via P2P/IPC comm 0x55c630372090 nRanks 16
vcjob-2107900011410145281-abc12335-65396-worker-0:126:231 [0] NCCL INFO Channel 06/0 : 0[9000] -> 1[36000] via P2P/IPC comm 0x556e1a5bb050 nRanks 16
vcjob-2107900011410145281-abc12335-65396-worker-0:126:231 [0] NCCL INFO Channel 07/0 : 0[9000] -> 1[36000] via P2P/IPC comm 0x556e1a5bb050 nRanks 16
vcjob-2107900011410145281-abc12335-65396-worker-0:126:231 [0] NCCL INFO Channel 08/0 : 0[9000] -> 1[36000] via P2P/IPC comm 0x556e1a5bb050 nRanks 16
vcjob-2107900011410145281-abc12335-65396-worker-0:126:231 [0] NCCL INFO Channel 09/0 : 0[9000] -> 1[36000] via P2P/IPC comm 0x556e1a5bb050 nRanks 16
vcjob-2107900011410145281-abc12335-65396-worker-0:126:231 [0] NCCL INFO Channel 10/0 : 0[9000] -> 1[36000] via P2P/IPC comm 0x556e1a5bb050 nRanks 16
vcjob-2107900011410145281-abc12335-65396-worker-0:129:238 [3] NCCL INFO Channel 19/0 : 3[77000] -> 4[85000] via P2P/IPC comm 0x55c630372090 nRanks 16
vcjob-2107900011410145281-abc12335-65396-worker-0:126:231 [0] NCCL INFO Channel 11/0 : 0[9000] -> 1[36000] via P2P/IPC comm 0x556e1a5bb050 nRanks 16
vcjob-2107900011410145281-abc12335-65396-worker-0:129:238 [3] NCCL INFO Channel 20/0 : 3[77000] -> 4[85000] via P2P/IPC comm 0x55c630372090 nRanks 16
vcjob-2107900011410145281-abc12335-65396-worker-0:126:231 [0] NCCL INFO Channel 12/0 : 0[9000] -> 1[36000] via P2P/IPC comm 0x556e1a5bb050 nRanks 16
vcjob-2107900011410145281-abc12335-65396-worker-0:129:238 [3] NCCL INFO Channel 21/0 : 3[77000] -> 4[85000] via P2P/IPC comm 0x55c630372090 nRanks 16
vcjob-2107900011410145281-abc12335-65396-worker-0:126:231 [0] NCCL INFO Channel 13/0 : 0[9000] -> 1[36000] via P2P/IPC comm 0x556e1a5bb050 nRanks 16
vcjob-2107900011410145281-abc12335-65396-worker-0:129:238 [3] NCCL INFO Channel 22/0 : 3[77000] -> 4[85000] via P2P/IPC comm 0x55c630372090 nRanks 16
vcjob-2107900011410145281-abc12335-65396-worker-0:126:231 [0] NCCL INFO Channel 14/0 : 0[9000] -> 1[36000] via P2P/IPC comm 0x556e1a5bb050 nRanks 16
vcjob-2107900011410145281-abc12335-65396-worker-0:129:238 [3] NCCL INFO Channel 23/0 : 3[77000] -> 4[85000] via P2P/IPC comm 0x55c630372090 nRanks 16
vcjob-2107900011410145281-abc12335-65396-worker-0:126:231 [0] NCCL INFO Channel 15/0 : 0[9000] -> 1[36000] via P2P/IPC comm 0x556e1a5bb050 nRanks 16
vcjob-2107900011410145281-abc12335-65396-worker-0:129:238 [3] NCCL INFO Channel 24/0 : 3[77000] -> 4[85000] via P2P/IPC comm 0x55c630372090 nRanks 16
vcjob-2107900011410145281-abc12335-65396-worker-0:126:231 [0] NCCL INFO Channel 16/0 : 0[9000] -> 1[36000] via P2P/IPC comm 0x556e1a5bb050 nRanks 16
vcjob-2107900011410145281-abc12335-65396-worker-0:129:238 [3] NCCL INFO Channel 25/0 : 3[77000] -> 4[85000] via P2P/IPC comm 0x55c630372090 nRanks 16
vcjob-2107900011410145281-abc12335-65396-worker-0:126:231 [0] NCCL INFO Channel 17/0 : 0[9000] -> 1[36000] via P2P/IPC comm 0x556e1a5bb050 nRanks 16
vcjob-2107900011410145281-abc12335-65396-worker-0:129:238 [3] NCCL INFO Channel 26/0 : 3[77000] -> 4[85000] via P2P/IPC comm 0x55c630372090 nRanks 16
vcjob-2107900011410145281-abc12335-65396-worker-0:126:231 [0] NCCL INFO Channel 18/0 : 0[9000] -> 1[36000] via P2P/IPC comm 0x556e1a5bb050 nRanks 16
vcjob-2107900011410145281-abc12335-65396-worker-0:129:238 [3] NCCL INFO Channel 27/0 : 3[77000] -> 4[85000] via P2P/IPC comm 0x55c630372090 nRanks 16
vcjob-2107900011410145281-abc12335-65396-worker-0:126:231 [0] NCCL INFO Channel 19/0 : 0[9000] -> 1[36000] via P2P/IPC comm 0x556e1a5bb050 nRanks 16
vcjob-2107900011410145281-abc12335-65396-worker-0:129:238 [3] NCCL INFO Channel 28/0 : 3[77000] -> 4[85000] via P2P/IPC comm 0x55c630372090 nRanks 16
vcjob-2107900011410145281-abc12335-65396-worker-0:126:231 [0] NCCL INFO Channel 20/0 : 0[9000] -> 1[36000] via P2P/IPC comm 0x556e1a5bb050 nRanks 16
vcjob-2107900011410145281-abc12335-65396-worker-0:129:238 [3] NCCL INFO Channel 29/0 : 3[77000] -> 4[85000] via P2P/IPC comm 0x55c630372090 nRanks 16
vcjob-2107900011410145281-abc12335-65396-worker-0:126:231 [0] NCCL INFO Channel 21/0 : 0[9000] -> 1[36000] via P2P/IPC comm 0x556e1a5bb050 nRanks 16
vcjob-2107900011410145281-abc12335-65396-worker-0:129:238 [3] NCCL INFO Channel 30/0 : 3[77000] -> 4[85000] via P2P/IPC comm 0x55c630372090 nRanks 16
vcjob-2107900011410145281-abc12335-65396-worker-0:126:231 [0] NCCL INFO Channel 22/0 : 0[9000] -> 1[36000] via P2P/IPC comm 0x556e1a5bb050 nRanks 16
vcjob-2107900011410145281-abc12335-65396-worker-0:129:238 [3] NCCL INFO Channel 31/0 : 3[77000] -> 4[85000] via P2P/IPC comm 0x55c630372090 nRanks 16
vcjob-2107900011410145281-abc12335-65396-worker-0:126:231 [0] NCCL INFO Channel 23/0 : 0[9000] -> 1[36000] via P2P/IPC comm 0x556e1a5bb050 nRanks 16
vcjob-2107900011410145281-abc12335-65396-worker-0:126:231 [0] NCCL INFO Channel 24/0 : 0[9000] -> 1[36000] via P2P/IPC comm 0x556e1a5bb050 nRanks 16
vcjob-2107900011410145281-abc12335-65396-worker-0:126:231 [0] NCCL INFO Channel 25/0 : 0[9000] -> 1[36000] via P2P/IPC comm 0x556e1a5bb050 nRanks 16
vcjob-2107900011410145281-abc12335-65396-worker-0:126:231 [0] NCCL INFO Channel 26/0 : 0[9000] -> 1[36000] via P2P/IPC comm 0x556e1a5bb050 nRanks 16
vcjob-2107900011410145281-abc12335-65396-worker-0:126:231 [0] NCCL INFO Channel 27/0 : 0[9000] -> 1[36000] via P2P/IPC comm 0x556e1a5bb050 nRanks 16
vcjob-2107900011410145281-abc12335-65396-worker-0:126:231 [0] NCCL INFO Channel 28/0 : 0[9000] -> 1[36000] via P2P/IPC comm 0x556e1a5bb050 nRanks 16
vcjob-2107900011410145281-abc12335-65396-worker-0:126:231 [0] NCCL INFO Channel 29/0 : 0[9000] -> 1[36000] via P2P/IPC comm 0x556e1a5bb050 nRanks 16
vcjob-2107900011410145281-abc12335-65396-worker-0:126:231 [0] NCCL INFO Channel 30/0 : 0[9000] -> 1[36000] via P2P/IPC comm 0x556e1a5bb050 nRanks 16
vcjob-2107900011410145281-abc12335-65396-worker-0:126:231 [0] NCCL INFO Channel 31/0 : 0[9000] -> 1[36000] via P2P/IPC comm 0x556e1a5bb050 nRanks 16
vcjob-2107900011410145281-abc12335-65396-worker-0:127:235 [1] NCCL INFO Channel 00/0 : 1[36000] -> 2[55000] via P2P/IPC comm 0x5648594dd090 nRanks 16
vcjob-2107900011410145281-abc12335-65396-worker-0:132:233 [6] NCCL INFO Channel 00/0 : 6[d5000] -> 7[f5000] via P2P/IPC comm 0x563763758060 nRanks 16
vcjob-2107900011410145281-abc12335-65396-worker-0:127:235 [1] NCCL INFO Channel 01/0 : 1[36000] -> 2[55000] via P2P/IPC comm 0x5648594dd090 nRanks 16
vcjob-2107900011410145281-abc12335-65396-worker-0:132:233 [6] NCCL INFO Channel 01/0 : 6[d5000] -> 7[f5000] via P2P/IPC comm 0x563763758060 nRanks 16
vcjob-2107900011410145281-abc12335-65396-worker-0:127:235 [1] NCCL INFO Channel 02/0 : 1[36000] -> 2[55000] via P2P/IPC comm 0x5648594dd090 nRanks 16
vcjob-2107900011410145281-abc12335-65396-worker-0:128:237 [2] NCCL INFO Channel 00/0 : 2[55000] -> 3[77000] via P2P/IPC comm 0x5622be0a0150 nRanks 16
vcjob-2107900011410145281-abc12335-65396-worker-0:127:235 [1] NCCL INFO Channel 03/0 : 1[36000] -> 2[55000] via P2P/IPC comm 0x5648594dd090 nRanks 16
vcjob-2107900011410145281-abc12335-65396-worker-0:128:237 [2] NCCL INFO Channel 01/0 : 2[55000] -> 3[77000] via P2P/IPC comm 0x5622be0a0150 nRanks 16
vcjob-2107900011410145281-abc12335-65396-worker-0:132:233 [6] NCCL INFO Channel 02/0 : 6[d5000] -> 7[f5000] via P2P/IPC comm 0x563763758060 nRanks 16
vcjob-2107900011410145281-abc12335-65396-worker-0:127:235 [1] NCCL INFO Channel 04/0 : 1[36000] -> 2[55000] via P2P/IPC comm 0x5648594dd090 nRanks 16
vcjob-2107900011410145281-abc12335-65396-worker-0:128:237 [2] NCCL INFO Channel 02/0 : 2[55000] -> 3[77000] via P2P/IPC comm 0x5622be0a0150 nRanks 16
vcjob-2107900011410145281-abc12335-65396-worker-0:132:233 [6] NCCL INFO Channel 03/0 : 6[d5000] -> 7[f5000] via P2P/IPC comm 0x563763758060 nRanks 16
vcjob-2107900011410145281-abc12335-65396-worker-0:127:235 [1] NCCL INFO Channel 05/0 : 1[36000] -> 2[55000] via P2P/IPC comm 0x5648594dd090 nRanks 16
vcjob-2107900011410145281-abc12335-65396-worker-0:128:237 [2] NCCL INFO Channel 03/0 : 2[55000] -> 3[77000] via P2P/IPC comm 0x5622be0a0150 nRanks 16
vcjob-2107900011410145281-abc12335-65396-worker-0:132:233 [6] NCCL INFO Channel 04/0 : 6[d5000] -> 7[f5000] via P2P/IPC comm 0x563763758060 nRanks 16
vcjob-2107900011410145281-abc12335-65396-worker-0:127:235 [1] NCCL INFO Channel 06/0 : 1[36000] -> 2[55000] via P2P/IPC comm 0x5648594dd090 nRanks 16
vcjob-2107900011410145281-abc12335-65396-worker-0:128:237 [2] NCCL INFO Channel 04/0 : 2[55000] -> 3[77000] via P2P/IPC comm 0x5622be0a0150 nRanks 16
vcjob-2107900011410145281-abc12335-65396-worker-0:132:233 [6] NCCL INFO Channel 05/0 : 6[d5000] -> 7[f5000] via P2P/IPC comm 0x563763758060 nRanks 16
vcjob-2107900011410145281-abc12335-65396-worker-0:127:235 [1] NCCL INFO Channel 07/0 : 1[36000] -> 2[55000] via P2P/IPC comm 0x5648594dd090 nRanks 16
vcjob-2107900011410145281-abc12335-65396-worker-0:128:237 [2] NCCL INFO Channel 05/0 : 2[55000] -> 3[77000] via P2P/IPC comm 0x5622be0a0150 nRanks 16
vcjob-2107900011410145281-abc12335-65396-worker-0:127:235 [1] NCCL INFO Channel 08/0 : 1[36000] -> 2[55000] via P2P/IPC comm 0x5648594dd090 nRanks 16
vcjob-2107900011410145281-abc12335-65396-worker-0:128:237 [2] NCCL INFO Channel 06/0 : 2[55000] -> 3[77000] via P2P/IPC comm 0x5622be0a0150 nRanks 16
vcjob-2107900011410145281-abc12335-65396-worker-0:132:233 [6] NCCL INFO Channel 06/0 : 6[d5000] -> 7[f5000] via P2P/IPC comm 0x563763758060 nRanks 16
vcjob-2107900011410145281-abc12335-65396-worker-0:127:235 [1] NCCL INFO Channel 09/0 : 1[36000] -> 2[55000] via P2P/IPC comm 0x5648594dd090 nRanks 16
vcjob-2107900011410145281-abc12335-65396-worker-0:128:237 [2] NCCL INFO Channel 07/0 : 2[55000] -> 3[77000] via P2P/IPC comm 0x5622be0a0150 nRanks 16
vcjob-2107900011410145281-abc12335-65396-worker-0:132:233 [6] NCCL INFO Channel 07/0 : 6[d5000] -> 7[f5000] via P2P/IPC comm 0x563763758060 nRanks 16
vcjob-2107900011410145281-abc12335-65396-worker-0:127:235 [1] NCCL INFO Channel 10/0 : 1[36000] -> 2[55000] via P2P/IPC comm 0x5648594dd090 nRanks 16
vcjob-2107900011410145281-abc12335-65396-worker-0:128:237 [2] NCCL INFO Channel 08/0 : 2[55000] -> 3[77000] via P2P/IPC comm 0x5622be0a0150 nRanks 16
vcjob-2107900011410145281-abc12335-65396-worker-0:132:233 [6] NCCL INFO Channel 08/0 : 6[d5000] -> 7[f5000] via P2P/IPC comm 0x563763758060 nRanks 16
vcjob-2107900011410145281-abc12335-65396-worker-0:127:235 [1] NCCL INFO Channel 11/0 : 1[36000] -> 2[55000] via P2P/IPC comm 0x5648594dd090 nRanks 16
vcjob-2107900011410145281-abc12335-65396-worker-0:128:237 [2] NCCL INFO Channel 09/0 : 2[55000] -> 3[77000] via P2P/IPC comm 0x5622be0a0150 nRanks 16
vcjob-2107900011410145281-abc12335-65396-worker-0:132:233 [6] NCCL INFO Channel 09/0 : 6[d5000] -> 7[f5000] via P2P/IPC comm 0x563763758060 nRanks 16
vcjob-2107900011410145281-abc12335-65396-worker-0:127:235 [1] NCCL INFO Channel 12/0 : 1[36000] -> 2[55000] via P2P/IPC comm 0x5648594dd090 nRanks 16
vcjob-2107900011410145281-abc12335-65396-worker-0:128:237 [2] NCCL INFO Channel 10/0 : 2[55000] -> 3[77000] via P2P/IPC comm 0x5622be0a0150 nRanks 16
vcjob-2107900011410145281-abc12335-65396-worker-0:127:235 [1] NCCL INFO Channel 13/0 : 1[36000] -> 2[55000] via P2P/IPC comm 0x5648594dd090 nRanks 16
vcjob-2107900011410145281-abc12335-65396-worker-0:128:237 [2] NCCL INFO Channel 11/0 : 2[55000] -> 3[77000] via P2P/IPC comm 0x5622be0a0150 nRanks 16
vcjob-2107900011410145281-abc12335-65396-worker-0:132:233 [6] NCCL INFO Channel 10/0 : 6[d5000] -> 7[f5000] via P2P/IPC comm 0x563763758060 nRanks 16
vcjob-2107900011410145281-abc12335-65396-worker-0:127:235 [1] NCCL INFO Channel 14/0 : 1[36000] -> 2[55000] via P2P/IPC comm 0x5648594dd090 nRanks 16
vcjob-2107900011410145281-abc12335-65396-worker-0:128:237 [2] NCCL INFO Channel 12/0 : 2[55000] -> 3[77000] via P2P/IPC comm 0x5622be0a0150 nRanks 16
vcjob-2107900011410145281-abc12335-65396-worker-0:132:233 [6] NCCL INFO Channel 11/0 : 6[d5000] -> 7[f5000] via P2P/IPC comm 0x563763758060 nRanks 16
vcjob-2107900011410145281-abc12335-65396-worker-0:127:235 [1] NCCL INFO Channel 15/0 : 1[36000] -> 2[55000] via P2P/IPC comm 0x5648594dd090 nRanks 16
vcjob-2107900011410145281-abc12335-65396-worker-0:128:237 [2] NCCL INFO Channel 13/0 : 2[55000] -> 3[77000] via P2P/IPC comm 0x5622be0a0150 nRanks 16
vcjob-2107900011410145281-abc12335-65396-worker-0:132:233 [6] NCCL INFO Channel 12/0 : 6[d5000] -> 7[f5000] via P2P/IPC comm 0x563763758060 nRanks 16
vcjob-2107900011410145281-abc12335-65396-worker-0:127:235 [1] NCCL INFO Channel 16/0 : 1[36000] -> 2[55000] via P2P/IPC comm 0x5648594dd090 nRanks 16
vcjob-2107900011410145281-abc12335-65396-worker-0:128:237 [2] NCCL INFO Channel 14/0 : 2[55000] -> 3[77000] via P2P/IPC comm 0x5622be0a0150 nRanks 16
vcjob-2107900011410145281-abc12335-65396-worker-0:132:233 [6] NCCL INFO Channel 13/0 : 6[d5000] -> 7[f5000] via P2P/IPC comm 0x563763758060 nRanks 16
vcjob-2107900011410145281-abc12335-65396-worker-0:127:235 [1] NCCL INFO Channel 17/0 : 1[36000] -> 2[55000] via P2P/IPC comm 0x5648594dd090 nRanks 16
vcjob-2107900011410145281-abc12335-65396-worker-0:132:233 [6] NCCL INFO Channel 14/0 : 6[d5000] -> 7[f5000] via P2P/IPC comm 0x563763758060 nRanks 16
vcjob-2107900011410145281-abc12335-65396-worker-0:127:235 [1] NCCL INFO Channel 18/0 : 1[36000] -> 2[55000] via P2P/IPC comm 0x5648594dd090 nRanks 16
vcjob-2107900011410145281-abc12335-65396-worker-0:127:235 [1] NCCL INFO Channel 19/0 : 1[36000] -> 2[55000] via P2P/IPC comm 0x5648594dd090 nRanks 16
vcjob-2107900011410145281-abc12335-65396-worker-0:132:233 [6] NCCL INFO Channel 15/0 : 6[d5000] -> 7[f5000] via P2P/IPC comm 0x563763758060 nRanks 16
vcjob-2107900011410145281-abc12335-65396-worker-0:127:235 [1] NCCL INFO Channel 20/0 : 1[36000] -> 2[55000] via P2P/IPC comm 0x5648594dd090 nRanks 16
vcjob-2107900011410145281-abc12335-65396-worker-0:132:233 [6] NCCL INFO Channel 16/0 : 6[d5000] -> 7[f5000] via P2P/IPC comm 0x563763758060 nRanks 16
vcjob-2107900011410145281-abc12335-65396-worker-0:127:235 [1] NCCL INFO Channel 21/0 : 1[36000] -> 2[55000] via P2P/IPC comm 0x5648594dd090 nRanks 16
vcjob-2107900011410145281-abc12335-65396-worker-0:132:233 [6] NCCL INFO Channel 17/0 : 6[d5000] -> 7[f5000] via P2P/IPC comm 0x563763758060 nRanks 16
vcjob-2107900011410145281-abc12335-65396-worker-0:127:235 [1] NCCL INFO Channel 22/0 : 1[36000] -> 2[55000] via P2P/IPC comm 0x5648594dd090 nRanks 16
vcjob-2107900011410145281-abc12335-65396-worker-0:127:235 [1] NCCL INFO Channel 23/0 : 1[36000] -> 2[55000] via P2P/IPC comm 0x5648594dd090 nRanks 16
vcjob-2107900011410145281-abc12335-65396-worker-0:127:235 [1] NCCL INFO Channel 24/0 : 1[36000] -> 2[55000] via P2P/IPC comm 0x5648594dd090 nRanks 16
vcjob-2107900011410145281-abc12335-65396-worker-0:128:237 [2] NCCL INFO Channel 15/0 : 2[55000] -> 3[77000] via P2P/IPC comm 0x5622be0a0150 nRanks 16
vcjob-2107900011410145281-abc12335-65396-worker-0:132:233 [6] NCCL INFO Channel 18/0 : 6[d5000] -> 7[f5000] via P2P/IPC comm 0x563763758060 nRanks 16
vcjob-2107900011410145281-abc12335-65396-worker-0:127:235 [1] NCCL INFO Channel 25/0 : 1[36000] -> 2[55000] via P2P/IPC comm 0x5648594dd090 nRanks 16
vcjob-2107900011410145281-abc12335-65396-worker-0:128:237 [2] NCCL INFO Channel 16/0 : 2[55000] -> 3[77000] via P2P/IPC comm 0x5622be0a0150 nRanks 16
vcjob-2107900011410145281-abc12335-65396-worker-0:132:233 [6] NCCL INFO Channel 19/0 : 6[d5000] -> 7[f5000] via P2P/IPC comm 0x563763758060 nRanks 16
vcjob-2107900011410145281-abc12335-65396-worker-0:127:235 [1] NCCL INFO Channel 26/0 : 1[36000] -> 2[55000] via P2P/IPC comm 0x5648594dd090 nRanks 16
vcjob-2107900011410145281-abc12335-65396-worker-0:128:237 [2] NCCL INFO Channel 17/0 : 2[55000] -> 3[77000] via P2P/IPC comm 0x5622be0a0150 nRanks 16
vcjob-2107900011410145281-abc12335-65396-worker-0:127:235 [1] NCCL INFO Channel 27/0 : 1[36000] -> 2[55000] via P2P/IPC comm 0x5648594dd090 nRanks 16
vcjob-2107900011410145281-abc12335-65396-worker-0:132:233 [6] NCCL INFO Channel 20/0 : 6[d5000] -> 7[f5000] via P2P/IPC comm 0x563763758060 nRanks 16
vcjob-2107900011410145281-abc12335-65396-worker-0:128:237 [2] NCCL INFO Channel 18/0 : 2[55000] -> 3[77000] via P2P/IPC comm 0x5622be0a0150 nRanks 16
vcjob-2107900011410145281-abc12335-65396-worker-0:128:237 [2] NCCL INFO Channel 19/0 : 2[55000] -> 3[77000] via P2P/IPC comm 0x5622be0a0150 nRanks 16
vcjob-2107900011410145281-abc12335-65396-worker-0:132:233 [6] NCCL INFO Channel 21/0 : 6[d5000] -> 7[f5000] via P2P/IPC comm 0x563763758060 nRanks 16
vcjob-2107900011410145281-abc12335-65396-worker-0:127:235 [1] NCCL INFO Channel 28/0 : 1[36000] -> 2[55000] via P2P/IPC comm 0x5648594dd090 nRanks 16
vcjob-2107900011410145281-abc12335-65396-worker-0:128:237 [2] NCCL INFO Channel 20/0 : 2[55000] -> 3[77000] via P2P/IPC comm 0x5622be0a0150 nRanks 16
vcjob-2107900011410145281-abc12335-65396-worker-0:132:233 [6] NCCL INFO Channel 22/0 : 6[d5000] -> 7[f5000] via P2P/IPC comm 0x563763758060 nRanks 16
vcjob-2107900011410145281-abc12335-65396-worker-0:127:235 [1] NCCL INFO Channel 29/0 : 1[36000] -> 2[55000] via P2P/IPC comm 0x5648594dd090 nRanks 16
vcjob-2107900011410145281-abc12335-65396-worker-0:128:237 [2] NCCL INFO Channel 21/0 : 2[55000] -> 3[77000] via P2P/IPC comm 0x5622be0a0150 nRanks 16
vcjob-2107900011410145281-abc12335-65396-worker-0:132:233 [6] NCCL INFO Channel 23/0 : 6[d5000] -> 7[f5000] via P2P/IPC comm 0x563763758060 nRanks 16
vcjob-2107900011410145281-abc12335-65396-worker-0:127:235 [1] NCCL INFO Channel 30/0 : 1[36000] -> 2[55000] via P2P/IPC comm 0x5648594dd090 nRanks 16
vcjob-2107900011410145281-abc12335-65396-worker-0:128:237 [2] NCCL INFO Channel 22/0 : 2[55000] -> 3[77000] via P2P/IPC comm 0x5622be0a0150 nRanks 16
vcjob-2107900011410145281-abc12335-65396-worker-0:127:235 [1] NCCL INFO Channel 31/0 : 1[36000] -> 2[55000] via P2P/IPC comm 0x5648594dd090 nRanks 16
vcjob-2107900011410145281-abc12335-65396-worker-0:132:233 [6] NCCL INFO Channel 24/0 : 6[d5000] -> 7[f5000] via P2P/IPC comm 0x563763758060 nRanks 16
vcjob-2107900011410145281-abc12335-65396-worker-0:128:237 [2] NCCL INFO Channel 23/0 : 2[55000] -> 3[77000] via P2P/IPC comm 0x5622be0a0150 nRanks 16
vcjob-2107900011410145281-abc12335-65396-worker-0:132:233 [6] NCCL INFO Channel 25/0 : 6[d5000] -> 7[f5000] via P2P/IPC comm 0x563763758060 nRanks 16
vcjob-2107900011410145281-abc12335-65396-worker-0:128:237 [2] NCCL INFO Channel 24/0 : 2[55000] -> 3[77000] via P2P/IPC comm 0x5622be0a0150 nRanks 16
vcjob-2107900011410145281-abc12335-65396-worker-0:126:231 [0] NCCL INFO Channel 00/0 : 8[9000] -> 0[9000] [receive] via NET/Socket/0 comm 0x556e1a5bb050 nRanks 16
vcjob-2107900011410145281-abc12335-65396-worker-0:126:231 [0] NCCL INFO Channel 01/0 : 8[9000] -> 0[9000] [receive] via NET/Socket/0 comm 0x556e1a5bb050 nRanks 16
vcjob-2107900011410145281-abc12335-65396-worker-0:126:231 [0] NCCL INFO Channel 02/0 : 8[9000] -> 0[9000] [receive] via NET/Socket/0 comm 0x556e1a5bb050 nRanks 16
vcjob-2107900011410145281-abc12335-65396-worker-0:126:231 [0] NCCL INFO Channel 03/0 : 8[9000] -> 0[9000] [receive] via NET/Socket/0 comm 0x556e1a5bb050 nRanks 16
vcjob-2107900011410145281-abc12335-65396-worker-0:126:231 [0] NCCL INFO Channel 04/0 : 8[9000] -> 0[9000] [receive] via NET/Socket/0 comm 0x556e1a5bb050 nRanks 16
vcjob-2107900011410145281-abc12335-65396-worker-0:128:237 [2] NCCL INFO Channel 25/0 : 2[55000] -> 3[77000] via P2P/IPC comm 0x5622be0a0150 nRanks 16
vcjob-2107900011410145281-abc12335-65396-worker-0:126:231 [0] NCCL INFO Channel 05/0 : 8[9000] -> 0[9000] [receive] via NET/Socket/0 comm 0x556e1a5bb050 nRanks 16
vcjob-2107900011410145281-abc12335-65396-worker-0:132:233 [6] NCCL INFO Channel 26/0 : 6[d5000] -> 7[f5000] via P2P/IPC comm 0x563763758060 nRanks 16
vcjob-2107900011410145281-abc12335-65396-worker-0:128:237 [2] NCCL INFO Channel 26/0 : 2[55000] -> 3[77000] via P2P/IPC comm 0x5622be0a0150 nRanks 16
vcjob-2107900011410145281-abc12335-65396-worker-0:132:233 [6] NCCL INFO Channel 27/0 : 6[d5000] -> 7[f5000] via P2P/IPC comm 0x563763758060 nRanks 16
vcjob-2107900011410145281-abc12335-65396-worker-0:128:237 [2] NCCL INFO Channel 27/0 : 2[55000] -> 3[77000] via P2P/IPC comm 0x5622be0a0150 nRanks 16
vcjob-2107900011410145281-abc12335-65396-worker-0:132:233 [6] NCCL INFO Channel 28/0 : 6[d5000] -> 7[f5000] via P2P/IPC comm 0x563763758060 nRanks 16
vcjob-2107900011410145281-abc12335-65396-worker-0:128:237 [2] NCCL INFO Channel 28/0 : 2[55000] -> 3[77000] via P2P/IPC comm 0x5622be0a0150 nRanks 16
vcjob-2107900011410145281-abc12335-65396-worker-0:132:233 [6] NCCL INFO Channel 29/0 : 6[d5000] -> 7[f5000] via P2P/IPC comm 0x563763758060 nRanks 16
vcjob-2107900011410145281-abc12335-65396-worker-0:128:237 [2] NCCL INFO Channel 29/0 : 2[55000] -> 3[77000] via P2P/IPC comm 0x5622be0a0150 nRanks 16
vcjob-2107900011410145281-abc12335-65396-worker-0:132:233 [6] NCCL INFO Channel 30/0 : 6[d5000] -> 7[f5000] via P2P/IPC comm 0x563763758060 nRanks 16
vcjob-2107900011410145281-abc12335-65396-worker-0:128:237 [2] NCCL INFO Channel 30/0 : 2[55000] -> 3[77000] via P2P/IPC comm 0x5622be0a0150 nRanks 16
vcjob-2107900011410145281-abc12335-65396-worker-0:128:237 [2] NCCL INFO Channel 31/0 : 2[55000] -> 3[77000] via P2P/IPC comm 0x5622be0a0150 nRanks 16
vcjob-2107900011410145281-abc12335-65396-worker-0:132:233 [6] NCCL INFO Channel 31/0 : 6[d5000] -> 7[f5000] via P2P/IPC comm 0x563763758060 nRanks 16
vcjob-2107900011410145281-abc12335-65396-worker-0:127:235 [1] NCCL INFO Channel 00/0 : 1[36000] -> 0[9000] via P2P/IPC comm 0x5648594dd090 nRanks 16
vcjob-2107900011410145281-abc12335-65396-worker-0:127:235 [1] NCCL INFO Channel 01/0 : 1[36000] -> 0[9000] via P2P/IPC comm 0x5648594dd090 nRanks 16
vcjob-2107900011410145281-abc12335-65396-worker-0:127:235 [1] NCCL INFO Channel 02/0 : 1[36000] -> 0[9000] via P2P/IPC comm 0x5648594dd090 nRanks 16
vcjob-2107900011410145281-abc12335-65396-worker-0:127:235 [1] NCCL INFO Channel 03/0 : 1[36000] -> 0[9000] via P2P/IPC comm 0x5648594dd090 nRanks 16
vcjob-2107900011410145281-abc12335-65396-worker-0:127:235 [1] NCCL INFO Channel 04/0 : 1[36000] -> 0[9000] via P2P/IPC comm 0x5648594dd090 nRanks 16
vcjob-2107900011410145281-abc12335-65396-worker-0:127:235 [1] NCCL INFO Channel 05/0 : 1[36000] -> 0[9000] via P2P/IPC comm 0x5648594dd090 nRanks 16
vcjob-2107900011410145281-abc12335-65396-worker-0:127:235 [1] NCCL INFO Channel 06/0 : 1[36000] -> 0[9000] via P2P/IPC comm 0x5648594dd090 nRanks 16
vcjob-2107900011410145281-abc12335-65396-worker-0:127:235 [1] NCCL INFO Channel 07/0 : 1[36000] -> 0[9000] via P2P/IPC comm 0x5648594dd090 nRanks 16
vcjob-2107900011410145281-abc12335-65396-worker-0:127:235 [1] NCCL INFO Channel 08/0 : 1[36000] -> 0[9000] via P2P/IPC comm 0x5648594dd090 nRanks 16
vcjob-2107900011410145281-abc12335-65396-worker-0:127:235 [1] NCCL INFO Channel 09/0 : 1[36000] -> 0[9000] via P2P/IPC comm 0x5648594dd090 nRanks 16
vcjob-2107900011410145281-abc12335-65396-worker-0:127:235 [1] NCCL INFO Channel 10/0 : 1[36000] -> 0[9000] via P2P/IPC comm 0x5648594dd090 nRanks 16
vcjob-2107900011410145281-abc12335-65396-worker-0:127:235 [1] NCCL INFO Channel 11/0 : 1[36000] -> 0[9000] via P2P/IPC comm 0x5648594dd090 nRanks 16
vcjob-2107900011410145281-abc12335-65396-worker-0:127:235 [1] NCCL INFO Channel 12/0 : 1[36000] -> 0[9000] via P2P/IPC comm 0x5648594dd090 nRanks 16
vcjob-2107900011410145281-abc12335-65396-worker-0:127:235 [1] NCCL INFO Channel 13/0 : 1[36000] -> 0[9000] via P2P/IPC comm 0x5648594dd090 nRanks 16
vcjob-2107900011410145281-abc12335-65396-worker-0:127:235 [1] NCCL INFO Channel 14/0 : 1[36000] -> 0[9000] via P2P/IPC comm 0x5648594dd090 nRanks 16
vcjob-2107900011410145281-abc12335-65396-worker-0:127:235 [1] NCCL INFO Channel 15/0 : 1[36000] -> 0[9000] via P2P/IPC comm 0x5648594dd090 nRanks 16
vcjob-2107900011410145281-abc12335-65396-worker-0:132:233 [6] NCCL INFO Connected all trees
vcjob-2107900011410145281-abc12335-65396-worker-0:132:233 [6] NCCL INFO threadThresholds 8/8/64 | 128/8/64 | 256 | 256
vcjob-2107900011410145281-abc12335-65396-worker-0:127:235 [1] NCCL INFO Channel 16/0 : 1[36000] -> 0[9000] via P2P/IPC comm 0x5648594dd090 nRanks 16
vcjob-2107900011410145281-abc12335-65396-worker-0:132:233 [6] NCCL INFO 32 coll channels, 32 collnet channels, 0 nvls channels, 32 p2p channels, 2 p2p channels per peer
vcjob-2107900011410145281-abc12335-65396-worker-0:131:236 [5] NCCL INFO Connected all trees
vcjob-2107900011410145281-abc12335-65396-worker-0:131:236 [5] NCCL INFO threadThresholds 8/8/64 | 128/8/64 | 256 | 256
vcjob-2107900011410145281-abc12335-65396-worker-0:131:236 [5] NCCL INFO 32 coll channels, 32 collnet channels, 0 nvls channels, 32 p2p channels, 2 p2p channels per peer
vcjob-2107900011410145281-abc12335-65396-worker-0:126:231 [0] NCCL INFO Channel 06/0 : 8[9000] -> 0[9000] [receive] via NET/Socket/0 comm 0x556e1a5bb050 nRanks 16
vcjob-2107900011410145281-abc12335-65396-worker-0:127:235 [1] NCCL INFO Channel 17/0 : 1[36000] -> 0[9000] via P2P/IPC comm 0x5648594dd090 nRanks 16
vcjob-2107900011410145281-abc12335-65396-worker-0:133:232 [7] NCCL INFO Connected all trees
vcjob-2107900011410145281-abc12335-65396-worker-0:126:231 [0] NCCL INFO Channel 07/0 : 8[9000] -> 0[9000] [receive] via NET/Socket/0 comm 0x556e1a5bb050 nRanks 16
vcjob-2107900011410145281-abc12335-65396-worker-0:133:232 [7] NCCL INFO threadThresholds 8/8/64 | 128/8/64 | 256 | 256
vcjob-2107900011410145281-abc12335-65396-worker-0:133:232 [7] NCCL INFO 32 coll channels, 32 collnet channels, 0 nvls channels, 32 p2p channels, 2 p2p channels per peer
vcjob-2107900011410145281-abc12335-65396-worker-0:126:231 [0] NCCL INFO Channel 08/0 : 8[9000] -> 0[9000] [receive] via NET/Socket/0 comm 0x556e1a5bb050 nRanks 16
vcjob-2107900011410145281-abc12335-65396-worker-0:126:231 [0] NCCL INFO Channel 09/0 : 8[9000] -> 0[9000] [receive] via NET/Socket/0 comm 0x556e1a5bb050 nRanks 16
vcjob-2107900011410145281-abc12335-65396-worker-0:126:231 [0] NCCL INFO Channel 10/0 : 8[9000] -> 0[9000] [receive] via NET/Socket/0 comm 0x556e1a5bb050 nRanks 16
vcjob-2107900011410145281-abc12335-65396-worker-0:126:231 [0] NCCL INFO Channel 11/0 : 8[9000] -> 0[9000] [receive] via NET/Socket/0 comm 0x556e1a5bb050 nRanks 16
vcjob-2107900011410145281-abc12335-65396-worker-0:126:231 [0] NCCL INFO Channel 12/0 : 8[9000] -> 0[9000] [receive] via NET/Socket/0 comm 0x556e1a5bb050 nRanks 16
vcjob-2107900011410145281-abc12335-65396-worker-0:126:231 [0] NCCL INFO Channel 13/0 : 8[9000] -> 0[9000] [receive] via NET/Socket/0 comm 0x556e1a5bb050 nRanks 16
vcjob-2107900011410145281-abc12335-65396-worker-0:127:235 [1] NCCL INFO Channel 18/0 : 1[36000] -> 0[9000] via P2P/IPC comm 0x5648594dd090 nRanks 16
vcjob-2107900011410145281-abc12335-65396-worker-0:126:231 [0] NCCL INFO Channel 14/0 : 8[9000] -> 0[9000] [receive] via NET/Socket/0 comm 0x556e1a5bb050 nRanks 16
vcjob-2107900011410145281-abc12335-65396-worker-0:126:231 [0] NCCL INFO Channel 15/0 : 8[9000] -> 0[9000] [receive] via NET/Socket/0 comm 0x556e1a5bb050 nRanks 16
vcjob-2107900011410145281-abc12335-65396-worker-0:126:231 [0] NCCL INFO Channel 16/0 : 8[9000] -> 0[9000] [receive] via NET/Socket/0 comm 0x556e1a5bb050 nRanks 16
vcjob-2107900011410145281-abc12335-65396-worker-0:126:231 [0] NCCL INFO Channel 17/0 : 8[9000] -> 0[9000] [receive] via NET/Socket/0 comm 0x556e1a5bb050 nRanks 16
vcjob-2107900011410145281-abc12335-65396-worker-0:126:231 [0] NCCL INFO Channel 18/0 : 8[9000] -> 0[9000] [receive] via NET/Socket/0 comm 0x556e1a5bb050 nRanks 16
vcjob-2107900011410145281-abc12335-65396-worker-0:126:231 [0] NCCL INFO Channel 19/0 : 8[9000] -> 0[9000] [receive] via NET/Socket/0 comm 0x556e1a5bb050 nRanks 16
vcjob-2107900011410145281-abc12335-65396-worker-0:127:235 [1] NCCL INFO Channel 19/0 : 1[36000] -> 0[9000] via P2P/IPC comm 0x5648594dd090 nRanks 16
vcjob-2107900011410145281-abc12335-65396-worker-0:130:234 [4] NCCL INFO Connected all trees
vcjob-2107900011410145281-abc12335-65396-worker-0:126:231 [0] NCCL INFO Channel 20/0 : 8[9000] -> 0[9000] [receive] via NET/Socket/0 comm 0x556e1a5bb050 nRanks 16
vcjob-2107900011410145281-abc12335-65396-worker-0:130:234 [4] NCCL INFO threadThresholds 8/8/64 | 128/8/64 | 256 | 256
vcjob-2107900011410145281-abc12335-65396-worker-0:130:234 [4] NCCL INFO 32 coll channels, 32 collnet channels, 0 nvls channels, 32 p2p channels, 2 p2p channels per peer
vcjob-2107900011410145281-abc12335-65396-worker-0:126:231 [0] NCCL INFO Channel 21/0 : 8[9000] -> 0[9000] [receive] via NET/Socket/0 comm 0x556e1a5bb050 nRanks 16
vcjob-2107900011410145281-abc12335-65396-worker-0:129:238 [3] NCCL INFO Connected all trees
vcjob-2107900011410145281-abc12335-65396-worker-0:129:238 [3] NCCL INFO threadThresholds 8/8/64 | 128/8/64 | 256 | 256
vcjob-2107900011410145281-abc12335-65396-worker-0:129:238 [3] NCCL INFO 32 coll channels, 32 collnet channels, 0 nvls channels, 32 p2p channels, 2 p2p channels per peer
vcjob-2107900011410145281-abc12335-65396-worker-0:126:231 [0] NCCL INFO Channel 22/0 : 8[9000] -> 0[9000] [receive] via NET/Socket/0 comm 0x556e1a5bb050 nRanks 16
vcjob-2107900011410145281-abc12335-65396-worker-0:126:231 [0] NCCL INFO Channel 23/0 : 8[9000] -> 0[9000] [receive] via NET/Socket/0 comm 0x556e1a5bb050 nRanks 16
vcjob-2107900011410145281-abc12335-65396-worker-0:126:231 [0] NCCL INFO Channel 24/0 : 8[9000] -> 0[9000] [receive] via NET/Socket/0 comm 0x556e1a5bb050 nRanks 16
vcjob-2107900011410145281-abc12335-65396-worker-0:126:231 [0] NCCL INFO Channel 25/0 : 8[9000] -> 0[9000] [receive] via NET/Socket/0 comm 0x556e1a5bb050 nRanks 16
vcjob-2107900011410145281-abc12335-65396-worker-0:127:235 [1] NCCL INFO Channel 20/0 : 1[36000] -> 0[9000] via P2P/IPC comm 0x5648594dd090 nRanks 16
vcjob-2107900011410145281-abc12335-65396-worker-0:126:231 [0] NCCL INFO Channel 26/0 : 8[9000] -> 0[9000] [receive] via NET/Socket/0 comm 0x556e1a5bb050 nRanks 16
vcjob-2107900011410145281-abc12335-65396-worker-0:126:231 [0] NCCL INFO Channel 27/0 : 8[9000] -> 0[9000] [receive] via NET/Socket/0 comm 0x556e1a5bb050 nRanks 16
vcjob-2107900011410145281-abc12335-65396-worker-0:126:231 [0] NCCL INFO Channel 28/0 : 8[9000] -> 0[9000] [receive] via NET/Socket/0 comm 0x556e1a5bb050 nRanks 16
vcjob-2107900011410145281-abc12335-65396-worker-0:126:231 [0] NCCL INFO Channel 29/0 : 8[9000] -> 0[9000] [receive] via NET/Socket/0 comm 0x556e1a5bb050 nRanks 16
vcjob-2107900011410145281-abc12335-65396-worker-0:126:231 [0] NCCL INFO Channel 30/0 : 8[9000] -> 0[9000] [receive] via NET/Socket/0 comm 0x556e1a5bb050 nRanks 16
vcjob-2107900011410145281-abc12335-65396-worker-0:126:231 [0] NCCL INFO Channel 31/0 : 8[9000] -> 0[9000] [receive] via NET/Socket/0 comm 0x556e1a5bb050 nRanks 16
vcjob-2107900011410145281-abc12335-65396-worker-0:126:231 [0] NCCL INFO Channel 00/0 : 0[9000] -> 8[9000] [send] via NET/Socket/0 comm 0x556e1a5bb050 nRanks 16
vcjob-2107900011410145281-abc12335-65396-worker-0:127:235 [1] NCCL INFO Channel 21/0 : 1[36000] -> 0[9000] via P2P/IPC comm 0x5648594dd090 nRanks 16
vcjob-2107900011410145281-abc12335-65396-worker-0:126:231 [0] NCCL INFO Channel 01/0 : 0[9000] -> 8[9000] [send] via NET/Socket/0 comm 0x556e1a5bb050 nRanks 16
vcjob-2107900011410145281-abc12335-65396-worker-0:126:231 [0] NCCL INFO Channel 02/0 : 0[9000] -> 8[9000] [send] via NET/Socket/0 comm 0x556e1a5bb050 nRanks 16
vcjob-2107900011410145281-abc12335-65396-worker-0:126:231 [0] NCCL INFO Channel 03/0 : 0[9000] -> 8[9000] [send] via NET/Socket/0 comm 0x556e1a5bb050 nRanks 16
vcjob-2107900011410145281-abc12335-65396-worker-0:126:231 [0] NCCL INFO Channel 04/0 : 0[9000] -> 8[9000] [send] via NET/Socket/0 comm 0x556e1a5bb050 nRanks 16
vcjob-2107900011410145281-abc12335-65396-worker-0:126:231 [0] NCCL INFO Channel 05/0 : 0[9000] -> 8[9000] [send] via NET/Socket/0 comm 0x556e1a5bb050 nRanks 16
vcjob-2107900011410145281-abc12335-65396-worker-0:126:231 [0] NCCL INFO Channel 06/0 : 0[9000] -> 8[9000] [send] via NET/Socket/0 comm 0x556e1a5bb050 nRanks 16
vcjob-2107900011410145281-abc12335-65396-worker-0:126:231 [0] NCCL INFO Channel 07/0 : 0[9000] -> 8[9000] [send] via NET/Socket/0 comm 0x556e1a5bb050 nRanks 16
vcjob-2107900011410145281-abc12335-65396-worker-0:126:231 [0] NCCL INFO Channel 08/0 : 0[9000] -> 8[9000] [send] via NET/Socket/0 comm 0x556e1a5bb050 nRanks 16
vcjob-2107900011410145281-abc12335-65396-worker-0:127:235 [1] NCCL INFO Channel 22/0 : 1[36000] -> 0[9000] via P2P/IPC comm 0x5648594dd090 nRanks 16
vcjob-2107900011410145281-abc12335-65396-worker-0:126:231 [0] NCCL INFO Channel 09/0 : 0[9000] -> 8[9000] [send] via NET/Socket/0 comm 0x556e1a5bb050 nRanks 16
vcjob-2107900011410145281-abc12335-65396-worker-0:126:231 [0] NCCL INFO Channel 10/0 : 0[9000] -> 8[9000] [send] via NET/Socket/0 comm 0x556e1a5bb050 nRanks 16
vcjob-2107900011410145281-abc12335-65396-worker-0:126:231 [0] NCCL INFO Channel 11/0 : 0[9000] -> 8[9000] [send] via NET/Socket/0 comm 0x556e1a5bb050 nRanks 16
vcjob-2107900011410145281-abc12335-65396-worker-0:126:231 [0] NCCL INFO Channel 12/0 : 0[9000] -> 8[9000] [send] via NET/Socket/0 comm 0x556e1a5bb050 nRanks 16
vcjob-2107900011410145281-abc12335-65396-worker-0:126:231 [0] NCCL INFO Channel 13/0 : 0[9000] -> 8[9000] [send] via NET/Socket/0 comm 0x556e1a5bb050 nRanks 16
vcjob-2107900011410145281-abc12335-65396-worker-0:126:231 [0] NCCL INFO Channel 14/0 : 0[9000] -> 8[9000] [send] via NET/Socket/0 comm 0x556e1a5bb050 nRanks 16
vcjob-2107900011410145281-abc12335-65396-worker-0:126:231 [0] NCCL INFO Channel 15/0 : 0[9000] -> 8[9000] [send] via NET/Socket/0 comm 0x556e1a5bb050 nRanks 16
vcjob-2107900011410145281-abc12335-65396-worker-0:126:231 [0] NCCL INFO Channel 16/0 : 0[9000] -> 8[9000] [send] via NET/Socket/0 comm 0x556e1a5bb050 nRanks 16
vcjob-2107900011410145281-abc12335-65396-worker-0:127:235 [1] NCCL INFO Channel 23/0 : 1[36000] -> 0[9000] via P2P/IPC comm 0x5648594dd090 nRanks 16
vcjob-2107900011410145281-abc12335-65396-worker-0:126:231 [0] NCCL INFO Channel 17/0 : 0[9000] -> 8[9000] [send] via NET/Socket/0 comm 0x556e1a5bb050 nRanks 16
vcjob-2107900011410145281-abc12335-65396-worker-0:126:231 [0] NCCL INFO Channel 18/0 : 0[9000] -> 8[9000] [send] via NET/Socket/0 comm 0x556e1a5bb050 nRanks 16
vcjob-2107900011410145281-abc12335-65396-worker-0:126:231 [0] NCCL INFO Channel 19/0 : 0[9000] -> 8[9000] [send] via NET/Socket/0 comm 0x556e1a5bb050 nRanks 16
vcjob-2107900011410145281-abc12335-65396-worker-0:126:231 [0] NCCL INFO Channel 20/0 : 0[9000] -> 8[9000] [send] via NET/Socket/0 comm 0x556e1a5bb050 nRanks 16
vcjob-2107900011410145281-abc12335-65396-worker-0:126:231 [0] NCCL INFO Channel 21/0 : 0[9000] -> 8[9000] [send] via NET/Socket/0 comm 0x556e1a5bb050 nRanks 16
vcjob-2107900011410145281-abc12335-65396-worker-0:126:231 [0] NCCL INFO Channel 22/0 : 0[9000] -> 8[9000] [send] via NET/Socket/0 comm 0x556e1a5bb050 nRanks 16
vcjob-2107900011410145281-abc12335-65396-worker-0:126:231 [0] NCCL INFO Channel 23/0 : 0[9000] -> 8[9000] [send] via NET/Socket/0 comm 0x556e1a5bb050 nRanks 16
vcjob-2107900011410145281-abc12335-65396-worker-0:126:231 [0] NCCL INFO Channel 24/0 : 0[9000] -> 8[9000] [send] via NET/Socket/0 comm 0x556e1a5bb050 nRanks 16
vcjob-2107900011410145281-abc12335-65396-worker-0:127:235 [1] NCCL INFO Channel 24/0 : 1[36000] -> 0[9000] via P2P/IPC comm 0x5648594dd090 nRanks 16
vcjob-2107900011410145281-abc12335-65396-worker-0:126:231 [0] NCCL INFO Channel 25/0 : 0[9000] -> 8[9000] [send] via NET/Socket/0 comm 0x556e1a5bb050 nRanks 16
vcjob-2107900011410145281-abc12335-65396-worker-0:126:231 [0] NCCL INFO Channel 26/0 : 0[9000] -> 8[9000] [send] via NET/Socket/0 comm 0x556e1a5bb050 nRanks 16
vcjob-2107900011410145281-abc12335-65396-worker-0:126:231 [0] NCCL INFO Channel 27/0 : 0[9000] -> 8[9000] [send] via NET/Socket/0 comm 0x556e1a5bb050 nRanks 16
vcjob-2107900011410145281-abc12335-65396-worker-0:126:231 [0] NCCL INFO Channel 28/0 : 0[9000] -> 8[9000] [send] via NET/Socket/0 comm 0x556e1a5bb050 nRanks 16
vcjob-2107900011410145281-abc12335-65396-worker-0:126:231 [0] NCCL INFO Channel 29/0 : 0[9000] -> 8[9000] [send] via NET/Socket/0 comm 0x556e1a5bb050 nRanks 16
vcjob-2107900011410145281-abc12335-65396-worker-0:126:231 [0] NCCL INFO Channel 30/0 : 0[9000] -> 8[9000] [send] via NET/Socket/0 comm 0x556e1a5bb050 nRanks 16
vcjob-2107900011410145281-abc12335-65396-worker-0:126:231 [0] NCCL INFO Channel 31/0 : 0[9000] -> 8[9000] [send] via NET/Socket/0 comm 0x556e1a5bb050 nRanks 16
vcjob-2107900011410145281-abc12335-65396-worker-0:127:235 [1] NCCL INFO Channel 25/0 : 1[36000] -> 0[9000] via P2P/IPC comm 0x5648594dd090 nRanks 16
vcjob-2107900011410145281-abc12335-65396-worker-0:127:235 [1] NCCL INFO Channel 26/0 : 1[36000] -> 0[9000] via P2P/IPC comm 0x5648594dd090 nRanks 16
vcjob-2107900011410145281-abc12335-65396-worker-0:127:235 [1] NCCL INFO Channel 27/0 : 1[36000] -> 0[9000] via P2P/IPC comm 0x5648594dd090 nRanks 16
vcjob-2107900011410145281-abc12335-65396-worker-0:127:235 [1] NCCL INFO Channel 28/0 : 1[36000] -> 0[9000] via P2P/IPC comm 0x5648594dd090 nRanks 16
vcjob-2107900011410145281-abc12335-65396-worker-0:127:235 [1] NCCL INFO Channel 29/0 : 1[36000] -> 0[9000] via P2P/IPC comm 0x5648594dd090 nRanks 16
vcjob-2107900011410145281-abc12335-65396-worker-0:127:235 [1] NCCL INFO Channel 30/0 : 1[36000] -> 0[9000] via P2P/IPC comm 0x5648594dd090 nRanks 16
vcjob-2107900011410145281-abc12335-65396-worker-0:127:235 [1] NCCL INFO Channel 31/0 : 1[36000] -> 0[9000] via P2P/IPC comm 0x5648594dd090 nRanks 16
vcjob-2107900011410145281-abc12335-65396-worker-0:128:237 [2] NCCL INFO Connected all trees
vcjob-2107900011410145281-abc12335-65396-worker-0:128:237 [2] NCCL INFO threadThresholds 8/8/64 | 128/8/64 | 256 | 256
vcjob-2107900011410145281-abc12335-65396-worker-0:128:237 [2] NCCL INFO 32 coll channels, 32 collnet channels, 0 nvls channels, 32 p2p channels, 2 p2p channels per peer
vcjob-2107900011410145281-abc12335-65396-worker-0:126:231 [0] NCCL INFO Connected all trees
vcjob-2107900011410145281-abc12335-65396-worker-0:127:235 [1] NCCL INFO Connected all trees
vcjob-2107900011410145281-abc12335-65396-worker-0:127:235 [1] NCCL INFO threadThresholds 8/8/64 | 128/8/64 | 256 | 256
vcjob-2107900011410145281-abc12335-65396-worker-0:127:235 [1] NCCL INFO 32 coll channels, 32 collnet channels, 0 nvls channels, 32 p2p channels, 2 p2p channels per peer
vcjob-2107900011410145281-abc12335-65396-worker-0:126:231 [0] NCCL INFO threadThresholds 8/8/64 | 128/8/64 | 256 | 256
vcjob-2107900011410145281-abc12335-65396-worker-0:126:231 [0] NCCL INFO 32 coll channels, 32 collnet channels, 0 nvls channels, 32 p2p channels, 2 p2p channels per peer
vcjob-2107900011410145281-abc12335-65396-worker-0:126:231 [0] NCCL INFO CC Off, Multi-GPU CC Off, workFifoBytes 4194304
vcjob-2107900011410145281-abc12335-65396-worker-0:131:236 [5] NCCL INFO TUNER/Plugin: Could not find: librccl-tuner.so librccl-net.so. Using internal tuner plugin.
vcjob-2107900011410145281-abc12335-65396-worker-0:131:236 [5] NCCL INFO ncclCommInitRank comm 0x562a61e4bfe0 rank 5 nranks 16 cudaDev 5 nvmlDev 5 busId b5000 commId 0x939a6ded96e72132 localSize 480 used 282378608 bytes on core 117 - Init COMPLETE
vcjob-2107900011410145281-abc12335-65396-worker-0:131:236 [5] NCCL INFO Init timings: rank 5 nranks 16 total 1.94 (kernels 0.10, bootstrap 0.45, allgathers 0.06, topo 0.93, graphs 0.00, connections 0.25, rest 0.15)
vcjob-2107900011410145281-abc12335-65396-worker-0:126:231 [0] NCCL INFO TUNER/Plugin: Could not find: librccl-tuner.so librccl-net.so. Using internal tuner plugin.
vcjob-2107900011410145281-abc12335-65396-worker-0:127:235 [1] NCCL INFO TUNER/Plugin: Could not find: librccl-tuner.so librccl-net.so. Using internal tuner plugin.
vcjob-2107900011410145281-abc12335-65396-worker-0:126:231 [0] NCCL INFO ncclCommInitRank comm 0x556e1a5bb050 rank 0 nranks 16 cudaDev 0 nvmlDev 0 busId 9000 commId 0x939a6ded96e72132 localSize 480 used 225624432 bytes on core 8 - Init COMPLETE
vcjob-2107900011410145281-abc12335-65396-worker-0:127:235 [1] NCCL INFO ncclCommInitRank comm 0x5648594dd090 rank 1 nranks 16 cudaDev 1 nvmlDev 1 busId 36000 commId 0x939a6ded96e72132 localSize 480 used 282378608 bytes on core 57 - Init COMPLETE
vcjob-2107900011410145281-abc12335-65396-worker-0:126:231 [0] NCCL INFO Init timings: rank 0 nranks 16 total 1.94 (kernels 0.10, bootstrap 0.45, allgathers 0.00, topo 0.99, graphs 0.00, connections 0.39, rest 0.00)
vcjob-2107900011410145281-abc12335-65396-worker-0:127:235 [1] NCCL INFO Init timings: rank 1 nranks 16 total 1.94 (kernels 0.11, bootstrap 0.44, allgathers 0.05, topo 0.94, graphs 0.00, connections 0.39, rest 0.00)
vcjob-2107900011410145281-abc12335-65396-worker-0:133:232 [7] NCCL INFO TUNER/Plugin: Could not find: librccl-tuner.so librccl-net.so. Using internal tuner plugin.
vcjob-2107900011410145281-abc12335-65396-worker-0:133:232 [7] NCCL INFO ncclCommInitRank comm 0x55ae53089090 rank 7 nranks 16 cudaDev 7 nvmlDev 7 busId f5000 commId 0x939a6ded96e72132 localSize 480 used 215269744 bytes on core 89 - Init COMPLETE
vcjob-2107900011410145281-abc12335-65396-worker-0:130:234 [4] NCCL INFO TUNER/Plugin: Could not find: librccl-tuner.so librccl-net.so. Using internal tuner plugin.
vcjob-2107900011410145281-abc12335-65396-worker-0:132:233 [6] NCCL INFO TUNER/Plugin: Could not find: librccl-tuner.so librccl-net.so. Using internal tuner plugin.
vcjob-2107900011410145281-abc12335-65396-worker-0:133:232 [7] NCCL INFO Init timings: rank 7 nranks 16 total 1.94 (kernels 0.11, bootstrap 0.44, allgathers 0.05, topo 0.94, graphs 0.00, connections 0.25, rest 0.15)
vcjob-2107900011410145281-abc12335-65396-worker-0:132:233 [6] NCCL INFO ncclCommInitRank comm 0x563763758060 rank 6 nranks 16 cudaDev 6 nvmlDev 6 busId d5000 commId 0x939a6ded96e72132 localSize 480 used 282378608 bytes on core 96 - Init COMPLETE
vcjob-2107900011410145281-abc12335-65396-worker-0:129:238 [3] NCCL INFO TUNER/Plugin: Could not find: librccl-tuner.so librccl-net.so. Using internal tuner plugin.
vcjob-2107900011410145281-abc12335-65396-worker-0:130:234 [4] NCCL INFO ncclCommInitRank comm 0x559486aaf020 rank 4 nranks 16 cudaDev 4 nvmlDev 4 busId 85000 commId 0x939a6ded96e72132 localSize 480 used 282378608 bytes on core 72 - Init COMPLETE
vcjob-2107900011410145281-abc12335-65396-worker-0:129:238 [3] NCCL INFO ncclCommInitRank comm 0x55c630372090 rank 3 nranks 16 cudaDev 3 nvmlDev 3 busId 77000 commId 0x939a6ded96e72132 localSize 480 used 282378608 bytes on core 16 - Init COMPLETE
vcjob-2107900011410145281-abc12335-65396-worker-0:132:233 [6] NCCL INFO Init timings: rank 6 nranks 16 total 1.94 (kernels 0.11, bootstrap 0.44, allgathers 0.05, topo 0.95, graphs 0.00, connections 0.25, rest 0.15)
vcjob-2107900011410145281-abc12335-65396-worker-0:128:237 [2] NCCL INFO TUNER/Plugin: Could not find: librccl-tuner.so librccl-net.so. Using internal tuner plugin.
vcjob-2107900011410145281-abc12335-65396-worker-0:130:234 [4] NCCL INFO Init timings: rank 4 nranks 16 total 1.94 (kernels 0.11, bootstrap 0.44, allgathers 0.05, topo 0.94, graphs 0.00, connections 0.25, rest 0.15)
vcjob-2107900011410145281-abc12335-65396-worker-0:129:238 [3] NCCL INFO Init timings: rank 3 nranks 16 total 1.94 (kernels 0.11, bootstrap 0.44, allgathers 0.06, topo 0.93, graphs 0.00, connections 0.25, rest 0.14)
vcjob-2107900011410145281-abc12335-65396-worker-0:128:237 [2] NCCL INFO ncclCommInitRank comm 0x5622be0a0150 rank 2 nranks 16 cudaDev 2 nvmlDev 2 busId 55000 commId 0x939a6ded96e72132 localSize 480 used 282378608 bytes on core 32 - Init COMPLETE
vcjob-2107900011410145281-abc12335-65396-worker-0:128:237 [2] NCCL INFO Init timings: rank 2 nranks 16 total 1.94 (kernels 0.11, bootstrap 0.44, allgathers 0.11, topo 0.89, graphs 0.00, connections 0.32, rest 0.08)
I1008 02:25:25.942829   126 ProcessGroupNCCL.cpp:2890] [PG ID 0 PG GUID 0(default_pg) Rank 0] NCCL_DEBUG: INFO
I1008 02:25:25.942829   131 ProcessGroupNCCL.cpp:2890] [PG ID 0 PG GUID 0(default_pg) Rank 5] NCCL_DEBUG: INFO
I1008 02:25:25.942886   132 ProcessGroupNCCL.cpp:2890] [PG ID 0 PG GUID 0(default_pg) Rank 6] NCCL_DEBUG: INFO
I1008 02:25:25.942878   133 ProcessGroupNCCL.cpp:2890] [PG ID 0 PG GUID 0(default_pg) Rank 7] NCCL_DEBUG: INFO
I1008 02:25:25.942900   128 ProcessGroupNCCL.cpp:2890] [PG ID 0 PG GUID 0(default_pg) Rank 2] NCCL_DEBUG: INFO
I1008 02:25:25.942931   127 ProcessGroupNCCL.cpp:2890] [PG ID 0 PG GUID 0(default_pg) Rank 1] NCCL_DEBUG: INFO
I1008 02:25:25.942947   130 ProcessGroupNCCL.cpp:2890] [PG ID 0 PG GUID 0(default_pg) Rank 4] NCCL_DEBUG: INFO
I1008 02:25:25.943431   129 ProcessGroupNCCL.cpp:2890] [PG ID 0 PG GUID 0(default_pg) Rank 3] NCCL_DEBUG: INFO
/usr/local/lib/python3.11/site-packages/torch/distributed/distributed_c10d.py:4631: UserWarning: No device id is provided via `init_process_group` or `barrier `. Using the current device set by the user. 
  warnings.warn(  # warn only once
/usr/local/lib/python3.11/site-packages/torch/distributed/distributed_c10d.py:4631: UserWarning: No device id is provided via `init_process_group` or `barrier `. Using the current device set by the user. 
  warnings.warn(  # warn only once
/usr/local/lib/python3.11/site-packages/torch/distributed/distributed_c10d.py:4631: UserWarning: No device id is provided via `init_process_group` or `barrier `. Using the current device set by the user. 
  warnings.warn(  # warn only once
/usr/local/lib/python3.11/site-packages/torch/distributed/distributed_c10d.py:4631: UserWarning: No device id is provided via `init_process_group` or `barrier `. Using the current device set by the user. 
  warnings.warn(  # warn only once
/usr/local/lib/python3.11/site-packages/torch/distributed/distributed_c10d.py:4631: UserWarning: No device id is provided via `init_process_group` or `barrier `. Using the current device set by the user. 
  warnings.warn(  # warn only once
/usr/local/lib/python3.11/site-packages/torch/distributed/distributed_c10d.py:4631: UserWarning: No device id is provided via `init_process_group` or `barrier `. Using the current device set by the user. 
  warnings.warn(  # warn only once
GEMM 8192x4096x8192 fp16: 2.01 ms (rank 0)
/usr/local/lib/python3.11/site-packages/torch/distributed/distributed_c10d.py:4631: UserWarning: No device id is provided via `init_process_group` or `barrier `. Using the current device set by the user. 
  warnings.warn(  # warn only once
/usr/local/lib/python3.11/site-packages/torch/distributed/distributed_c10d.py:4631: UserWarning: No device id is provided via `init_process_group` or `barrier `. Using the current device set by the user. 
  warnings.warn(  # warn only once

vcjob-2107900011410145281-abc12335-65396-worker-0:126:126 [0] /data/jenkins_workspace/workspace/rccl_release/build/hipify/src/init.cc:170 NCCL WARN NUMA auto balancing enabled which can lead to variability in the RCCL performance! Disable by "sudo sysctl kernel.numa_balancing=0"
vcjob-2107900011410145281-abc12335-65396-worker-0:126:126 [0] NCCL INFO Kernel version: 5.15.0-25-generic

vcjob-2107900011410145281-abc12335-65396-worker-0:126:126 [0] /data/jenkins_workspace/workspace/rccl_release/build/hipify/src/init.cc:191 NCCL WARN Missing "iommu=pt" from kernel command line which can lead to system instablity or hang!
I1008 02:25:30.385540   126 ProcessGroupNCCL.cpp:2857] [PG ID 0 PG GUID 0(default_pg) Rank 0] ProcessGroupNCCL broadcast unique ID through store took 0.06647 ms
I1008 02:25:30.385591   126 NCCLUtils.cpp:75] Rank 0: creating NCCL communicator with mode: blocking

vcjob-2107900011410145281-abc12335-65396-worker-0:126:126 [0] /data/jenkins_workspace/workspace/rccl_release/build/hipify/src/init.cc:170 NCCL WARN NUMA auto balancing enabled which can lead to variability in the RCCL performance! Disable by "sudo sysctl kernel.numa_balancing=0"
vcjob-2107900011410145281-abc12335-65396-worker-0:126:126 [0] NCCL INFO Kernel version: 5.15.0-25-generic

vcjob-2107900011410145281-abc12335-65396-worker-0:126:126 [0] /data/jenkins_workspace/workspace/rccl_release/build/hipify/src/init.cc:191 NCCL WARN Missing "iommu=pt" from kernel command line which can lead to system instablity or hang!
I1008 02:25:30.385653   127 ProcessGroupNCCL.cpp:2857] [PG ID 0 PG GUID 0(default_pg) Rank 1] ProcessGroupNCCL broadcast unique ID through store took 0.451525 ms
I1008 02:25:30.385704   127 NCCLUtils.cpp:75] Rank 1: creating NCCL communicator with mode: blocking

vcjob-2107900011410145281-abc12335-65396-worker-0:127:127 [1] /data/jenkins_workspace/workspace/rccl_release/build/hipify/src/init.cc:170 NCCL WARN NUMA auto balancing enabled which can lead to variability in the RCCL performance! Disable by "sudo sysctl kernel.numa_balancing=0"
vcjob-2107900011410145281-abc12335-65396-worker-0:127:127 [1] NCCL INFO Kernel version: 5.15.0-25-generic

vcjob-2107900011410145281-abc12335-65396-worker-0:127:127 [1] /data/jenkins_workspace/workspace/rccl_release/build/hipify/src/init.cc:191 NCCL WARN Missing "iommu=pt" from kernel command line which can lead to system instablity or hang!
vcjob-2107900011410145281-abc12335-65396-worker-0:126:126 [0] NCCL INFO Comm config Blocking set to 1
vcjob-2107900011410145281-abc12335-65396-worker-0:127:127 [1] NCCL INFO Comm config Blocking set to 1
vcjob-2107900011410145281-abc12335-65396-worker-0:126:6554 [0] NCCL INFO Using network Socket
vcjob-2107900011410145281-abc12335-65396-worker-0:126:6554 [0] NCCL INFO rocm_smi_lib: version 7.6.0.0
vcjob-2107900011410145281-abc12335-65396-worker-0:127:6555 [1] NCCL INFO Using network Socket
vcjob-2107900011410145281-abc12335-65396-worker-0:127:6555 [1] NCCL INFO rocm_smi_lib: version 7.6.0.0
vcjob-2107900011410145281-abc12335-65396-worker-0:127:6555 [1] NCCL INFO ncclCommInitRank comm 0x56487c3c71e0 rank 1 nranks 2 cudaDev 1 nvmlDev 1 busId 36000 commId 0xd1bc6575153c8c2c - Init START
vcjob-2107900011410145281-abc12335-65396-worker-0:126:6554 [0] NCCL INFO ncclCommInitRank comm 0x556e3d510c60 rank 0 nranks 2 cudaDev 0 nvmlDev 0 busId 9000 commId 0xd1bc6575153c8c2c - Init START
vcjob-2107900011410145281-abc12335-65396-worker-0:127:6555 [1] NCCL INFO rank:1 get match hsa dev domain:0x0 bdf:0x3600 rank busId:0x221184
vcjob-2107900011410145281-abc12335-65396-worker-0:126:6554 [0] NCCL INFO rank:0 get match hsa dev domain:0x0 bdf:0x900 rank busId:0x36864
vcjob-2107900011410145281-abc12335-65396-worker-0:127:6555 [1] NCCL INFO XDP Switch is off with xdp_size : 0
vcjob-2107900011410145281-abc12335-65396-worker-0:126:6554 [0] NCCL INFO XDP Switch is off with xdp_size : 0

vcjob-2107900011410145281-abc12335-65396-worker-0:127:6555 [1] /data/jenkins_workspace/workspace/rccl_release/build/hipify/src/graph/xml.cc:1211 NCCL WARN No IB NIC found, the generation of the basic topology has been terminated.

vcjob-2107900011410145281-abc12335-65396-worker-0:126:6554 [0] /data/jenkins_workspace/workspace/rccl_release/build/hipify/src/graph/xml.cc:1211 NCCL WARN No IB NIC found, the generation of the basic topology has been terminated.
vcjob-2107900011410145281-abc12335-65396-worker-0:126:6554 [0] NCCL INFO rocm_smi_lib: version 7.6.0.0
vcjob-2107900011410145281-abc12335-65396-worker-0:127:6555 [1] NCCL INFO rocm_smi_lib: version 7.6.0.0
vcjob-2107900011410145281-abc12335-65396-worker-0:127:6555 [1] NCCL INFO Setting affinity for GPU 1 to ffff0000,00000000
vcjob-2107900011410145281-abc12335-65396-worker-0:127:6555 [1] NCCL INFO Rank:1 Get link topo from rocmDev:0 linkNum:8 link:0 linkState:1 remote type:1 bdf:0x9b00 topoType:2
vcjob-2107900011410145281-abc12335-65396-worker-0:127:6555 [1] NCCL INFO Transport init rank 1 useXdp 0 linkTopoType 2
vcjob-2107900011410145281-abc12335-65396-worker-0:126:6554 [0] NCCL INFO Setting affinity for GPU 0 to ffff
vcjob-2107900011410145281-abc12335-65396-worker-0:126:6554 [0] NCCL INFO Rank:0 Get link topo from rocmDev:0 linkNum:8 link:0 linkState:1 remote type:1 bdf:0x9b00 topoType:2
vcjob-2107900011410145281-abc12335-65396-worker-0:126:6554 [0] NCCL INFO Transport init rank 0 useXdp 0 linkTopoType 2
vcjob-2107900011410145281-abc12335-65396-worker-0:126:6554 [0] NCCL INFO comm 0x556e3d510c60 rank 0 nRanks 2 nNodes 1 localRanks 2 localRank 0 MNNVL 0
vcjob-2107900011410145281-abc12335-65396-worker-0:127:6555 [1] NCCL INFO comm 0x56487c3c71e0 rank 1 nRanks 2 nNodes 1 localRanks 2 localRank 1 MNNVL 0
vcjob-2107900011410145281-abc12335-65396-worker-0:126:6554 [0] NCCL INFO Channel 00/32 :    0   1
vcjob-2107900011410145281-abc12335-65396-worker-0:126:6554 [0] NCCL INFO Channel 01/32 :    0   1
vcjob-2107900011410145281-abc12335-65396-worker-0:126:6554 [0] NCCL INFO Channel 02/32 :    0   1
vcjob-2107900011410145281-abc12335-65396-worker-0:126:6554 [0] NCCL INFO Channel 03/32 :    0   1
vcjob-2107900011410145281-abc12335-65396-worker-0:126:6554 [0] NCCL INFO Channel 04/32 :    0   1
vcjob-2107900011410145281-abc12335-65396-worker-0:126:6554 [0] NCCL INFO Channel 05/32 :    0   1
vcjob-2107900011410145281-abc12335-65396-worker-0:126:6554 [0] NCCL INFO Channel 06/32 :    0   1
vcjob-2107900011410145281-abc12335-65396-worker-0:127:6555 [1] NCCL INFO Trees [0] -1/-1/-1->1->0 [1] -1/-1/-1->1->0 [2] -1/-1/-1->1->0 [3] 0/-1/-1->1->-1 [4] -1/-1/-1->1->0 [5] -1/-1/-1->1->0 [6] -1/-1/-1->1->0 [7] 0/-1/-1->1->-1 [8] -1/-1/-1->1->0 [9] -1/-1/-1->1->0 [10] -1/-1/-1->1->0 [11] 0/-1/-1->1->-1 [12] -1/-1/-1->1->0 [13] -1/-1/-1->1->0 [14] -1/-1/-1->1->0 [15] 0/-1/-1->1->-1 [16] -1/-1/-1->1->0 [17] -1/-1/-1->1->0 [18] -1/-1/-1->1->0 [19] 0/-1/-1->1->-1 [20] -1/-1/-1->1->0 [21] -1/-1/-1->1->0 [22] -1/-1/-1->1->0 [23] 0/-1/-1->1->-1 [24] -1/-1/-1->1->0 [25] -1/-1/-1->1->0 [26] -1/-1/-1->1->0 [27] 0/-1/-1->1->-1 [28] -1/-1/-1->1->0 [29] -1/-1/-1->1->0 [30] -1/-1/-1->1->0 [31] 0/-1/-1->1->-1 comm 0x56487c3c71e0 nRanks 02 busId 36000
vcjob-2107900011410145281-abc12335-65396-worker-0:126:6554 [0] NCCL INFO Channel 07/32 :    0   1
vcjob-2107900011410145281-abc12335-65396-worker-0:127:6555 [1] NCCL INFO P2P Chunksize set to 262144
vcjob-2107900011410145281-abc12335-65396-worker-0:126:6554 [0] NCCL INFO Channel 08/32 :    0   1
vcjob-2107900011410145281-abc12335-65396-worker-0:126:6554 [0] NCCL INFO Channel 09/32 :    0   1
vcjob-2107900011410145281-abc12335-65396-worker-0:127:6555 [1] NCCL INFO comm->autoPerPeerOn: 1, comm->p2pnChannels: 32, comm->p2pnChannelsPerPeer: 16
vcjob-2107900011410145281-abc12335-65396-worker-0:126:6554 [0] NCCL INFO Channel 10/32 :    0   1
vcjob-2107900011410145281-abc12335-65396-worker-0:126:6554 [0] NCCL INFO Channel 11/32 :    0   1
vcjob-2107900011410145281-abc12335-65396-worker-0:126:6554 [0] NCCL INFO Channel 12/32 :    0   1
vcjob-2107900011410145281-abc12335-65396-worker-0:126:6554 [0] NCCL INFO Channel 13/32 :    0   1
vcjob-2107900011410145281-abc12335-65396-worker-0:126:6554 [0] NCCL INFO Channel 14/32 :    0   1
vcjob-2107900011410145281-abc12335-65396-worker-0:126:6554 [0] NCCL INFO Channel 15/32 :    0   1
vcjob-2107900011410145281-abc12335-65396-worker-0:126:6554 [0] NCCL INFO Channel 16/32 :    0   1
vcjob-2107900011410145281-abc12335-65396-worker-0:126:6554 [0] NCCL INFO Channel 17/32 :    0   1
vcjob-2107900011410145281-abc12335-65396-worker-0:126:6554 [0] NCCL INFO Channel 18/32 :    0   1
vcjob-2107900011410145281-abc12335-65396-worker-0:126:6554 [0] NCCL INFO Channel 19/32 :    0   1
vcjob-2107900011410145281-abc12335-65396-worker-0:126:6554 [0] NCCL INFO Channel 20/32 :    0   1
vcjob-2107900011410145281-abc12335-65396-worker-0:126:6554 [0] NCCL INFO Channel 21/32 :    0   1
vcjob-2107900011410145281-abc12335-65396-worker-0:126:6554 [0] NCCL INFO Channel 22/32 :    0   1
vcjob-2107900011410145281-abc12335-65396-worker-0:126:6554 [0] NCCL INFO Channel 23/32 :    0   1
vcjob-2107900011410145281-abc12335-65396-worker-0:126:6554 [0] NCCL INFO Channel 24/32 :    0   1
vcjob-2107900011410145281-abc12335-65396-worker-0:126:6554 [0] NCCL INFO Channel 25/32 :    0   1
vcjob-2107900011410145281-abc12335-65396-worker-0:126:6554 [0] NCCL INFO Channel 26/32 :    0   1
vcjob-2107900011410145281-abc12335-65396-worker-0:126:6554 [0] NCCL INFO Channel 27/32 :    0   1
vcjob-2107900011410145281-abc12335-65396-worker-0:126:6554 [0] NCCL INFO Channel 28/32 :    0   1
vcjob-2107900011410145281-abc12335-65396-worker-0:126:6554 [0] NCCL INFO Channel 29/32 :    0   1
vcjob-2107900011410145281-abc12335-65396-worker-0:126:6554 [0] NCCL INFO Channel 30/32 :    0   1
vcjob-2107900011410145281-abc12335-65396-worker-0:126:6554 [0] NCCL INFO Channel 31/32 :    0   1
vcjob-2107900011410145281-abc12335-65396-worker-0:126:6554 [0] NCCL INFO Trees [0] 1/-1/-1->0->-1 [1] 1/-1/-1->0->-1 [2] 1/-1/-1->0->-1 [3] -1/-1/-1->0->1 [4] 1/-1/-1->0->-1 [5] 1/-1/-1->0->-1 [6] 1/-1/-1->0->-1 [7] -1/-1/-1->0->1 [8] 1/-1/-1->0->-1 [9] 1/-1/-1->0->-1 [10] 1/-1/-1->0->-1 [11] -1/-1/-1->0->1 [12] 1/-1/-1->0->-1 [13] 1/-1/-1->0->-1 [14] 1/-1/-1->0->-1 [15] -1/-1/-1->0->1 [16] 1/-1/-1->0->-1 [17] 1/-1/-1->0->-1 [18] 1/-1/-1->0->-1 [19] -1/-1/-1->0->1 [20] 1/-1/-1->0->-1 [21] 1/-1/-1->0->-1 [22] 1/-1/-1->0->-1 [23] -1/-1/-1->0->1 [24] 1/-1/-1->0->-1 [25] 1/-1/-1->0->-1 [26] 1/-1/-1->0->-1 [27] -1/-1/-1->0->1 [28] 1/-1/-1->0->-1 [29] 1/-1/-1->0->-1 [30] 1/-1/-1->0->-1 [31] -1/-1/-1->0->1 comm 0x556e3d510c60 nRanks 02 busId 9000
vcjob-2107900011410145281-abc12335-65396-worker-0:126:6554 [0] NCCL INFO P2P Chunksize set to 262144
vcjob-2107900011410145281-abc12335-65396-worker-0:126:6554 [0] NCCL INFO comm->autoPerPeerOn: 1, comm->p2pnChannels: 32, comm->p2pnChannelsPerPeer: 16
vcjob-2107900011410145281-abc12335-65396-worker-0:126:6554 [0] NCCL INFO Channel 00/0 : 0[9000] -> 1[36000] via P2P/IPC comm 0x556e3d510c60 nRanks 02
vcjob-2107900011410145281-abc12335-65396-worker-0:126:6554 [0] NCCL INFO Channel 01/0 : 0[9000] -> 1[36000] via P2P/IPC comm 0x556e3d510c60 nRanks 02
vcjob-2107900011410145281-abc12335-65396-worker-0:126:6554 [0] NCCL INFO Channel 02/0 : 0[9000] -> 1[36000] via P2P/IPC comm 0x556e3d510c60 nRanks 02
vcjob-2107900011410145281-abc12335-65396-worker-0:126:6554 [0] NCCL INFO Channel 03/0 : 0[9000] -> 1[36000] via P2P/IPC comm 0x556e3d510c60 nRanks 02
vcjob-2107900011410145281-abc12335-65396-worker-0:126:6554 [0] NCCL INFO Channel 04/0 : 0[9000] -> 1[36000] via P2P/IPC comm 0x556e3d510c60 nRanks 02
vcjob-2107900011410145281-abc12335-65396-worker-0:126:6554 [0] NCCL INFO Channel 05/0 : 0[9000] -> 1[36000] via P2P/IPC comm 0x556e3d510c60 nRanks 02
vcjob-2107900011410145281-abc12335-65396-worker-0:127:6555 [1] NCCL INFO Channel 00/0 : 1[36000] -> 0[9000] via P2P/IPC comm 0x56487c3c71e0 nRanks 02
vcjob-2107900011410145281-abc12335-65396-worker-0:126:6554 [0] NCCL INFO Channel 06/0 : 0[9000] -> 1[36000] via P2P/IPC comm 0x556e3d510c60 nRanks 02
vcjob-2107900011410145281-abc12335-65396-worker-0:127:6555 [1] NCCL INFO Channel 01/0 : 1[36000] -> 0[9000] via P2P/IPC comm 0x56487c3c71e0 nRanks 02
vcjob-2107900011410145281-abc12335-65396-worker-0:126:6554 [0] NCCL INFO Channel 07/0 : 0[9000] -> 1[36000] via P2P/IPC comm 0x556e3d510c60 nRanks 02
vcjob-2107900011410145281-abc12335-65396-worker-0:127:6555 [1] NCCL INFO Channel 02/0 : 1[36000] -> 0[9000] via P2P/IPC comm 0x56487c3c71e0 nRanks 02
vcjob-2107900011410145281-abc12335-65396-worker-0:126:6554 [0] NCCL INFO Channel 08/0 : 0[9000] -> 1[36000] via P2P/IPC comm 0x556e3d510c60 nRanks 02
vcjob-2107900011410145281-abc12335-65396-worker-0:127:6555 [1] NCCL INFO Channel 03/0 : 1[36000] -> 0[9000] via P2P/IPC comm 0x56487c3c71e0 nRanks 02
vcjob-2107900011410145281-abc12335-65396-worker-0:126:6554 [0] NCCL INFO Channel 09/0 : 0[9000] -> 1[36000] via P2P/IPC comm 0x556e3d510c60 nRanks 02
vcjob-2107900011410145281-abc12335-65396-worker-0:126:6554 [0] NCCL INFO Channel 10/0 : 0[9000] -> 1[36000] via P2P/IPC comm 0x556e3d510c60 nRanks 02
vcjob-2107900011410145281-abc12335-65396-worker-0:126:6554 [0] NCCL INFO Channel 11/0 : 0[9000] -> 1[36000] via P2P/IPC comm 0x556e3d510c60 nRanks 02
vcjob-2107900011410145281-abc12335-65396-worker-0:126:6554 [0] NCCL INFO Channel 12/0 : 0[9000] -> 1[36000] via P2P/IPC comm 0x556e3d510c60 nRanks 02
vcjob-2107900011410145281-abc12335-65396-worker-0:126:6554 [0] NCCL INFO Channel 13/0 : 0[9000] -> 1[36000] via P2P/IPC comm 0x556e3d510c60 nRanks 02
vcjob-2107900011410145281-abc12335-65396-worker-0:126:6554 [0] NCCL INFO Channel 14/0 : 0[9000] -> 1[36000] via P2P/IPC comm 0x556e3d510c60 nRanks 02
vcjob-2107900011410145281-abc12335-65396-worker-0:126:6554 [0] NCCL INFO Channel 15/0 : 0[9000] -> 1[36000] via P2P/IPC comm 0x556e3d510c60 nRanks 02
vcjob-2107900011410145281-abc12335-65396-worker-0:126:6554 [0] NCCL INFO Channel 16/0 : 0[9000] -> 1[36000] via P2P/IPC comm 0x556e3d510c60 nRanks 02
vcjob-2107900011410145281-abc12335-65396-worker-0:126:6554 [0] NCCL INFO Channel 17/0 : 0[9000] -> 1[36000] via P2P/IPC comm 0x556e3d510c60 nRanks 02
vcjob-2107900011410145281-abc12335-65396-worker-0:126:6554 [0] NCCL INFO Channel 18/0 : 0[9000] -> 1[36000] via P2P/IPC comm 0x556e3d510c60 nRanks 02
vcjob-2107900011410145281-abc12335-65396-worker-0:127:6555 [1] NCCL INFO Channel 04/0 : 1[36000] -> 0[9000] via P2P/IPC comm 0x56487c3c71e0 nRanks 02
vcjob-2107900011410145281-abc12335-65396-worker-0:126:6554 [0] NCCL INFO Channel 19/0 : 0[9000] -> 1[36000] via P2P/IPC comm 0x556e3d510c60 nRanks 02
vcjob-2107900011410145281-abc12335-65396-worker-0:127:6555 [1] NCCL INFO Channel 05/0 : 1[36000] -> 0[9000] via P2P/IPC comm 0x56487c3c71e0 nRanks 02
vcjob-2107900011410145281-abc12335-65396-worker-0:126:6554 [0] NCCL INFO Channel 20/0 : 0[9000] -> 1[36000] via P2P/IPC comm 0x556e3d510c60 nRanks 02
vcjob-2107900011410145281-abc12335-65396-worker-0:127:6555 [1] NCCL INFO Channel 06/0 : 1[36000] -> 0[9000] via P2P/IPC comm 0x56487c3c71e0 nRanks 02
vcjob-2107900011410145281-abc12335-65396-worker-0:126:6554 [0] NCCL INFO Channel 21/0 : 0[9000] -> 1[36000] via P2P/IPC comm 0x556e3d510c60 nRanks 02
vcjob-2107900011410145281-abc12335-65396-worker-0:127:6555 [1] NCCL INFO Channel 07/0 : 1[36000] -> 0[9000] via P2P/IPC comm 0x56487c3c71e0 nRanks 02
vcjob-2107900011410145281-abc12335-65396-worker-0:126:6554 [0] NCCL INFO Channel 22/0 : 0[9000] -> 1[36000] via P2P/IPC comm 0x556e3d510c60 nRanks 02
vcjob-2107900011410145281-abc12335-65396-worker-0:127:6555 [1] NCCL INFO Channel 08/0 : 1[36000] -> 0[9000] via P2P/IPC comm 0x56487c3c71e0 nRanks 02
vcjob-2107900011410145281-abc12335-65396-worker-0:126:6554 [0] NCCL INFO Channel 23/0 : 0[9000] -> 1[36000] via P2P/IPC comm 0x556e3d510c60 nRanks 02
vcjob-2107900011410145281-abc12335-65396-worker-0:127:6555 [1] NCCL INFO Channel 09/0 : 1[36000] -> 0[9000] via P2P/IPC comm 0x56487c3c71e0 nRanks 02
vcjob-2107900011410145281-abc12335-65396-worker-0:126:6554 [0] NCCL INFO Channel 24/0 : 0[9000] -> 1[36000] via P2P/IPC comm 0x556e3d510c60 nRanks 02
vcjob-2107900011410145281-abc12335-65396-worker-0:127:6555 [1] NCCL INFO Channel 10/0 : 1[36000] -> 0[9000] via P2P/IPC comm 0x56487c3c71e0 nRanks 02
vcjob-2107900011410145281-abc12335-65396-worker-0:126:6554 [0] NCCL INFO Channel 25/0 : 0[9000] -> 1[36000] via P2P/IPC comm 0x556e3d510c60 nRanks 02
vcjob-2107900011410145281-abc12335-65396-worker-0:127:6555 [1] NCCL INFO Channel 11/0 : 1[36000] -> 0[9000] via P2P/IPC comm 0x56487c3c71e0 nRanks 02
vcjob-2107900011410145281-abc12335-65396-worker-0:126:6554 [0] NCCL INFO Channel 26/0 : 0[9000] -> 1[36000] via P2P/IPC comm 0x556e3d510c60 nRanks 02
vcjob-2107900011410145281-abc12335-65396-worker-0:127:6555 [1] NCCL INFO Channel 12/0 : 1[36000] -> 0[9000] via P2P/IPC comm 0x56487c3c71e0 nRanks 02
vcjob-2107900011410145281-abc12335-65396-worker-0:126:6554 [0] NCCL INFO Channel 27/0 : 0[9000] -> 1[36000] via P2P/IPC comm 0x556e3d510c60 nRanks 02
vcjob-2107900011410145281-abc12335-65396-worker-0:127:6555 [1] NCCL INFO Channel 13/0 : 1[36000] -> 0[9000] via P2P/IPC comm 0x56487c3c71e0 nRanks 02
vcjob-2107900011410145281-abc12335-65396-worker-0:127:6555 [1] NCCL INFO Channel 14/0 : 1[36000] -> 0[9000] via P2P/IPC comm 0x56487c3c71e0 nRanks 02
vcjob-2107900011410145281-abc12335-65396-worker-0:126:6554 [0] NCCL INFO Channel 28/0 : 0[9000] -> 1[36000] via P2P/IPC comm 0x556e3d510c60 nRanks 02
vcjob-2107900011410145281-abc12335-65396-worker-0:127:6555 [1] NCCL INFO Channel 15/0 : 1[36000] -> 0[9000] via P2P/IPC comm 0x56487c3c71e0 nRanks 02
vcjob-2107900011410145281-abc12335-65396-worker-0:126:6554 [0] NCCL INFO Channel 29/0 : 0[9000] -> 1[36000] via P2P/IPC comm 0x556e3d510c60 nRanks 02
vcjob-2107900011410145281-abc12335-65396-worker-0:127:6555 [1] NCCL INFO Channel 16/0 : 1[36000] -> 0[9000] via P2P/IPC comm 0x56487c3c71e0 nRanks 02
vcjob-2107900011410145281-abc12335-65396-worker-0:127:6555 [1] NCCL INFO Channel 17/0 : 1[36000] -> 0[9000] via P2P/IPC comm 0x56487c3c71e0 nRanks 02
vcjob-2107900011410145281-abc12335-65396-worker-0:126:6554 [0] NCCL INFO Channel 30/0 : 0[9000] -> 1[36000] via P2P/IPC comm 0x556e3d510c60 nRanks 02
vcjob-2107900011410145281-abc12335-65396-worker-0:127:6555 [1] NCCL INFO Channel 18/0 : 1[36000] -> 0[9000] via P2P/IPC comm 0x56487c3c71e0 nRanks 02
vcjob-2107900011410145281-abc12335-65396-worker-0:126:6554 [0] NCCL INFO Channel 31/0 : 0[9000] -> 1[36000] via P2P/IPC comm 0x556e3d510c60 nRanks 02
vcjob-2107900011410145281-abc12335-65396-worker-0:127:6555 [1] NCCL INFO Channel 19/0 : 1[36000] -> 0[9000] via P2P/IPC comm 0x56487c3c71e0 nRanks 02
vcjob-2107900011410145281-abc12335-65396-worker-0:127:6555 [1] NCCL INFO Channel 20/0 : 1[36000] -> 0[9000] via P2P/IPC comm 0x56487c3c71e0 nRanks 02
vcjob-2107900011410145281-abc12335-65396-worker-0:127:6555 [1] NCCL INFO Channel 21/0 : 1[36000] -> 0[9000] via P2P/IPC comm 0x56487c3c71e0 nRanks 02
vcjob-2107900011410145281-abc12335-65396-worker-0:127:6555 [1] NCCL INFO Channel 22/0 : 1[36000] -> 0[9000] via P2P/IPC comm 0x56487c3c71e0 nRanks 02
vcjob-2107900011410145281-abc12335-65396-worker-0:127:6555 [1] NCCL INFO Channel 23/0 : 1[36000] -> 0[9000] via P2P/IPC comm 0x56487c3c71e0 nRanks 02
vcjob-2107900011410145281-abc12335-65396-worker-0:127:6555 [1] NCCL INFO Channel 24/0 : 1[36000] -> 0[9000] via P2P/IPC comm 0x56487c3c71e0 nRanks 02
vcjob-2107900011410145281-abc12335-65396-worker-0:127:6555 [1] NCCL INFO Channel 25/0 : 1[36000] -> 0[9000] via P2P/IPC comm 0x56487c3c71e0 nRanks 02
vcjob-2107900011410145281-abc12335-65396-worker-0:127:6555 [1] NCCL INFO Channel 26/0 : 1[36000] -> 0[9000] via P2P/IPC comm 0x56487c3c71e0 nRanks 02
vcjob-2107900011410145281-abc12335-65396-worker-0:127:6555 [1] NCCL INFO Channel 27/0 : 1[36000] -> 0[9000] via P2P/IPC comm 0x56487c3c71e0 nRanks 02
vcjob-2107900011410145281-abc12335-65396-worker-0:127:6555 [1] NCCL INFO Channel 28/0 : 1[36000] -> 0[9000] via P2P/IPC comm 0x56487c3c71e0 nRanks 02
vcjob-2107900011410145281-abc12335-65396-worker-0:127:6555 [1] NCCL INFO Channel 29/0 : 1[36000] -> 0[9000] via P2P/IPC comm 0x56487c3c71e0 nRanks 02
vcjob-2107900011410145281-abc12335-65396-worker-0:127:6555 [1] NCCL INFO Channel 30/0 : 1[36000] -> 0[9000] via P2P/IPC comm 0x56487c3c71e0 nRanks 02
vcjob-2107900011410145281-abc12335-65396-worker-0:127:6555 [1] NCCL INFO Channel 31/0 : 1[36000] -> 0[9000] via P2P/IPC comm 0x56487c3c71e0 nRanks 02
vcjob-2107900011410145281-abc12335-65396-worker-0:126:6554 [0] NCCL INFO Connected all rings
vcjob-2107900011410145281-abc12335-65396-worker-0:127:6555 [1] NCCL INFO Connected all rings
vcjob-2107900011410145281-abc12335-65396-worker-0:126:6554 [0] NCCL INFO Connected all trees
vcjob-2107900011410145281-abc12335-65396-worker-0:127:6555 [1] NCCL INFO Connected all trees
vcjob-2107900011410145281-abc12335-65396-worker-0:127:6555 [1] NCCL INFO threadThresholds 8/8/64 | 16/8/64 | 256 | 256
vcjob-2107900011410145281-abc12335-65396-worker-0:127:6555 [1] NCCL INFO 32 coll channels, 32 collnet channels, 0 nvls channels, 32 p2p channels, 16 p2p channels per peer
vcjob-2107900011410145281-abc12335-65396-worker-0:126:6554 [0] NCCL INFO threadThresholds 8/8/64 | 16/8/64 | 256 | 256
vcjob-2107900011410145281-abc12335-65396-worker-0:126:6554 [0] NCCL INFO 32 coll channels, 32 collnet channels, 0 nvls channels, 32 p2p channels, 16 p2p channels per peer
vcjob-2107900011410145281-abc12335-65396-worker-0:126:6554 [0] NCCL INFO CC Off, Multi-GPU CC Off, workFifoBytes 4194304
vcjob-2107900011410145281-abc12335-65396-worker-0:126:6554 [0] NCCL INFO ncclCommInitRank comm 0x556e3d510c60 rank 0 nranks 2 cudaDev 0 nvmlDev 0 busId 9000 commId 0xd1bc6575153c8c2c localSize 480 used 383681504 bytes on core 8 - Init COMPLETE
vcjob-2107900011410145281-abc12335-65396-worker-0:127:6555 [1] NCCL INFO ncclCommInitRank comm 0x56487c3c71e0 rank 1 nranks 2 cudaDev 1 nvmlDev 1 busId 36000 commId 0xd1bc6575153c8c2c localSize 480 used 440435680 bytes on core 48 - Init COMPLETE
vcjob-2107900011410145281-abc12335-65396-worker-0:126:6554 [0] NCCL INFO Init timings: rank 0 nranks 2 total 0.39 (kernels 0.00, bootstrap 0.07, allgathers 0.00, topo 0.23, graphs 0.00, connections 0.09, rest 0.00)
vcjob-2107900011410145281-abc12335-65396-worker-0:127:6555 [1] NCCL INFO Init timings: rank 1 nranks 2 total 0.39 (kernels 0.00, bootstrap 0.07, allgathers 0.01, topo 0.22, graphs 0.00, connections 0.09, rest 0.00)
I1008 02:25:30.777293   126 ProcessGroupNCCL.cpp:2890] [PG ID 0 PG GUID 0(default_pg) Rank 0] NCCL_DEBUG: INFO
I1008 02:25:30.777298   127 ProcessGroupNCCL.cpp:2890] [PG ID 0 PG GUID 0(default_pg) Rank 1] NCCL_DEBUG: INFO
vcjob-2107900011410145281-abc12335-65396-worker-0:127:6561 [1] NCCL INFO Channel 01/1 : 1[36000] -> 0[9000] via P2P/IPC comm 0x56487c3c71e0 nRanks 02
vcjob-2107900011410145281-abc12335-65396-worker-0:127:6561 [1] NCCL INFO Channel 03/1 : 1[36000] -> 0[9000] via P2P/IPC comm 0x56487c3c71e0 nRanks 02
vcjob-2107900011410145281-abc12335-65396-worker-0:127:6561 [1] NCCL INFO Channel 05/1 : 1[36000] -> 0[9000] via P2P/IPC comm 0x56487c3c71e0 nRanks 02
vcjob-2107900011410145281-abc12335-65396-worker-0:127:6561 [1] NCCL INFO Channel 07/1 : 1[36000] -> 0[9000] via P2P/IPC comm 0x56487c3c71e0 nRanks 02
vcjob-2107900011410145281-abc12335-65396-worker-0:127:6561 [1] NCCL INFO Channel 09/1 : 1[36000] -> 0[9000] via P2P/IPC comm 0x56487c3c71e0 nRanks 02
vcjob-2107900011410145281-abc12335-65396-worker-0:127:6561 [1] NCCL INFO Channel 11/1 : 1[36000] -> 0[9000] via P2P/IPC comm 0x56487c3c71e0 nRanks 02
vcjob-2107900011410145281-abc12335-65396-worker-0:127:6561 [1] NCCL INFO Channel 13/1 : 1[36000] -> 0[9000] via P2P/IPC comm 0x56487c3c71e0 nRanks 02
vcjob-2107900011410145281-abc12335-65396-worker-0:127:6561 [1] NCCL INFO Channel 15/1 : 1[36000] -> 0[9000] via P2P/IPC comm 0x56487c3c71e0 nRanks 02
vcjob-2107900011410145281-abc12335-65396-worker-0:127:6561 [1] NCCL INFO Channel 17/1 : 1[36000] -> 0[9000] via P2P/IPC comm 0x56487c3c71e0 nRanks 02
vcjob-2107900011410145281-abc12335-65396-worker-0:127:6561 [1] NCCL INFO Channel 19/1 : 1[36000] -> 0[9000] via P2P/IPC comm 0x56487c3c71e0 nRanks 02
vcjob-2107900011410145281-abc12335-65396-worker-0:127:6561 [1] NCCL INFO Channel 21/1 : 1[36000] -> 0[9000] via P2P/IPC comm 0x56487c3c71e0 nRanks 02
vcjob-2107900011410145281-abc12335-65396-worker-0:127:6561 [1] NCCL INFO Channel 23/1 : 1[36000] -> 0[9000] via P2P/IPC comm 0x56487c3c71e0 nRanks 02
vcjob-2107900011410145281-abc12335-65396-worker-0:127:6561 [1] NCCL INFO Channel 25/1 : 1[36000] -> 0[9000] via P2P/IPC comm 0x56487c3c71e0 nRanks 02
vcjob-2107900011410145281-abc12335-65396-worker-0:127:6561 [1] NCCL INFO Channel 27/1 : 1[36000] -> 0[9000] via P2P/IPC comm 0x56487c3c71e0 nRanks 02
vcjob-2107900011410145281-abc12335-65396-worker-0:127:6561 [1] NCCL INFO Channel 29/1 : 1[36000] -> 0[9000] via P2P/IPC comm 0x56487c3c71e0 nRanks 02
vcjob-2107900011410145281-abc12335-65396-worker-0:127:6561 [1] NCCL INFO Channel 31/1 : 1[36000] -> 0[9000] via P2P/IPC comm 0x56487c3c71e0 nRanks 02

vcjob-2107900011410145281-abc12335-65396-worker-0:126:126 [0] /data/jenkins_workspace/workspace/rccl_release/build/hipify/src/init.cc:170 NCCL WARN NUMA auto balancing enabled which can lead to variability in the RCCL performance! Disable by "sudo sysctl kernel.numa_balancing=0"
vcjob-2107900011410145281-abc12335-65396-worker-0:126:126 [0] NCCL INFO Kernel version: 5.15.0-25-generic

vcjob-2107900011410145281-abc12335-65396-worker-0:126:126 [0] /data/jenkins_workspace/workspace/rccl_release/build/hipify/src/init.cc:191 NCCL WARN Missing "iommu=pt" from kernel command line which can lead to system instablity or hang!
I1008 02:25:30.816190   126 ProcessGroupNCCL.cpp:2857] [PG ID 0 PG GUID 0(default_pg) Rank 0] ProcessGroupNCCL broadcast unique ID through store took 0.072571 ms
I1008 02:25:30.816218   126 NCCLUtils.cpp:75] Rank 0: creating NCCL communicator with mode: blocking

vcjob-2107900011410145281-abc12335-65396-worker-0:126:126 [0] /data/jenkins_workspace/workspace/rccl_release/build/hipify/src/init.cc:170 NCCL WARN NUMA auto balancing enabled which can lead to variability in the RCCL performance! Disable by "sudo sysctl kernel.numa_balancing=0"
vcjob-2107900011410145281-abc12335-65396-worker-0:126:126 [0] NCCL INFO Kernel version: 5.15.0-25-generic

vcjob-2107900011410145281-abc12335-65396-worker-0:126:126 [0] /data/jenkins_workspace/workspace/rccl_release/build/hipify/src/init.cc:191 NCCL WARN Missing "iommu=pt" from kernel command line which can lead to system instablity or hang!
I1008 02:25:30.816394   128 ProcessGroupNCCL.cpp:2857] [PG ID 0 PG GUID 0(default_pg) Rank 2] ProcessGroupNCCL broadcast unique ID through store took 431.192 ms
I1008 02:25:30.816474   128 NCCLUtils.cpp:75] Rank 1: creating NCCL communicator with mode: blocking

vcjob-2107900011410145281-abc12335-65396-worker-0:128:128 [2] /data/jenkins_workspace/workspace/rccl_release/build/hipify/src/init.cc:170 NCCL WARN NUMA auto balancing enabled which can lead to variability in the RCCL performance! Disable by "sudo sysctl kernel.numa_balancing=0"
vcjob-2107900011410145281-abc12335-65396-worker-0:128:128 [2] NCCL INFO Kernel version: 5.15.0-25-generic
vcjob-2107900011410145281-abc12335-65396-worker-0:126:126 [0] NCCL INFO Comm config Blocking set to 1

vcjob-2107900011410145281-abc12335-65396-worker-0:128:128 [2] /data/jenkins_workspace/workspace/rccl_release/build/hipify/src/init.cc:191 NCCL WARN Missing "iommu=pt" from kernel command line which can lead to system instablity or hang!
vcjob-2107900011410145281-abc12335-65396-worker-0:126:6563 [0] NCCL INFO Using network Socket
vcjob-2107900011410145281-abc12335-65396-worker-0:126:6563 [0] NCCL INFO rocm_smi_lib: version 7.6.0.0
vcjob-2107900011410145281-abc12335-65396-worker-0:128:128 [2] NCCL INFO Comm config Blocking set to 1
vcjob-2107900011410145281-abc12335-65396-worker-0:128:6564 [2] NCCL INFO Using network Socket
vcjob-2107900011410145281-abc12335-65396-worker-0:128:6564 [2] NCCL INFO rocm_smi_lib: version 7.6.0.0
vcjob-2107900011410145281-abc12335-65396-worker-0:126:6563 [0] NCCL INFO ncclCommInitRank comm 0x556e3d5cc440 rank 0 nranks 2 cudaDev 0 nvmlDev 0 busId 9000 commId 0xcc9ffada0abb03b9 - Init START
vcjob-2107900011410145281-abc12335-65396-worker-0:128:6564 [2] NCCL INFO ncclCommInitRank comm 0x5622e0f82b70 rank 1 nranks 2 cudaDev 2 nvmlDev 2 busId 55000 commId 0xcc9ffada0abb03b9 - Init START
vcjob-2107900011410145281-abc12335-65396-worker-0:126:6563 [0] NCCL INFO rank:0 get match hsa dev domain:0x0 bdf:0x900 rank busId:0x36864
vcjob-2107900011410145281-abc12335-65396-worker-0:128:6564 [2] NCCL INFO rank:1 get match hsa dev domain:0x0 bdf:0x5500 rank busId:0x348160
vcjob-2107900011410145281-abc12335-65396-worker-0:126:6563 [0] NCCL INFO XDP Switch is off with xdp_size : 0
vcjob-2107900011410145281-abc12335-65396-worker-0:128:6564 [2] NCCL INFO XDP Switch is off with xdp_size : 0

vcjob-2107900011410145281-abc12335-65396-worker-0:128:6564 [2] /data/jenkins_workspace/workspace/rccl_release/build/hipify/src/graph/xml.cc:1211 NCCL WARN No IB NIC found, the generation of the basic topology has been terminated.

vcjob-2107900011410145281-abc12335-65396-worker-0:126:6563 [0] /data/jenkins_workspace/workspace/rccl_release/build/hipify/src/graph/xml.cc:1211 NCCL WARN No IB NIC found, the generation of the basic topology has been terminated.
vcjob-2107900011410145281-abc12335-65396-worker-0:128:6564 [2] NCCL INFO rocm_smi_lib: version 7.6.0.0
vcjob-2107900011410145281-abc12335-65396-worker-0:126:6563 [0] NCCL INFO rocm_smi_lib: version 7.6.0.0
vcjob-2107900011410145281-abc12335-65396-worker-0:128:6564 [2] NCCL INFO Setting affinity for GPU 2 to ffff,00000000
vcjob-2107900011410145281-abc12335-65396-worker-0:128:6564 [2] NCCL INFO Rank:1 Get link topo from rocmDev:0 linkNum:8 link:0 linkState:1 remote type:1 bdf:0x9b00 topoType:2
vcjob-2107900011410145281-abc12335-65396-worker-0:128:6564 [2] NCCL INFO Transport init rank 1 useXdp 0 linkTopoType 2
vcjob-2107900011410145281-abc12335-65396-worker-0:126:6563 [0] NCCL INFO Setting affinity for GPU 0 to ffff
vcjob-2107900011410145281-abc12335-65396-worker-0:126:6563 [0] NCCL INFO Rank:0 Get link topo from rocmDev:0 linkNum:8 link:0 linkState:1 remote type:1 bdf:0x9b00 topoType:2
vcjob-2107900011410145281-abc12335-65396-worker-0:126:6563 [0] NCCL INFO Transport init rank 0 useXdp 0 linkTopoType 2
vcjob-2107900011410145281-abc12335-65396-worker-0:128:6564 [2] NCCL INFO comm 0x5622e0f82b70 rank 1 nRanks 2 nNodes 1 localRanks 2 localRank 1 MNNVL 0
vcjob-2107900011410145281-abc12335-65396-worker-0:126:6563 [0] NCCL INFO comm 0x556e3d5cc440 rank 0 nRanks 2 nNodes 1 localRanks 2 localRank 0 MNNVL 0
vcjob-2107900011410145281-abc12335-65396-worker-0:126:6563 [0] NCCL INFO Channel 00/32 :    0   1
vcjob-2107900011410145281-abc12335-65396-worker-0:126:6563 [0] NCCL INFO Channel 01/32 :    0   1
vcjob-2107900011410145281-abc12335-65396-worker-0:126:6563 [0] NCCL INFO Channel 02/32 :    0   1
vcjob-2107900011410145281-abc12335-65396-worker-0:126:6563 [0] NCCL INFO Channel 03/32 :    0   1
vcjob-2107900011410145281-abc12335-65396-worker-0:126:6563 [0] NCCL INFO Channel 04/32 :    0   1
vcjob-2107900011410145281-abc12335-65396-worker-0:126:6563 [0] NCCL INFO Channel 05/32 :    0   1
vcjob-2107900011410145281-abc12335-65396-worker-0:126:6563 [0] NCCL INFO Channel 06/32 :    0   1
vcjob-2107900011410145281-abc12335-65396-worker-0:126:6563 [0] NCCL INFO Channel 07/32 :    0   1
vcjob-2107900011410145281-abc12335-65396-worker-0:126:6563 [0] NCCL INFO Channel 08/32 :    0   1
vcjob-2107900011410145281-abc12335-65396-worker-0:126:6563 [0] NCCL INFO Channel 09/32 :    0   1
vcjob-2107900011410145281-abc12335-65396-worker-0:126:6563 [0] NCCL INFO Channel 10/32 :    0   1
vcjob-2107900011410145281-abc12335-65396-worker-0:128:6564 [2] NCCL INFO Trees [0] -1/-1/-1->1->0 [1] -1/-1/-1->1->0 [2] -1/-1/-1->1->0 [3] 0/-1/-1->1->-1 [4] -1/-1/-1->1->0 [5] -1/-1/-1->1->0 [6] -1/-1/-1->1->0 [7] 0/-1/-1->1->-1 [8] -1/-1/-1->1->0 [9] -1/-1/-1->1->0 [10] -1/-1/-1->1->0 [11] 0/-1/-1->1->-1 [12] -1/-1/-1->1->0 [13] -1/-1/-1->1->0 [14] -1/-1/-1->1->0 [15] 0/-1/-1->1->-1 [16] -1/-1/-1->1->0 [17] -1/-1/-1->1->0 [18] -1/-1/-1->1->0 [19] 0/-1/-1->1->-1 [20] -1/-1/-1->1->0 [21] -1/-1/-1->1->0 [22] -1/-1/-1->1->0 [23] 0/-1/-1->1->-1 [24] -1/-1/-1->1->0 [25] -1/-1/-1->1->0 [26] -1/-1/-1->1->0 [27] 0/-1/-1->1->-1 [28] -1/-1/-1->1->0 [29] -1/-1/-1->1->0 [30] -1/-1/-1->1->0 [31] 0/-1/-1->1->-1 comm 0x5622e0f82b70 nRanks 02 busId 55000
vcjob-2107900011410145281-abc12335-65396-worker-0:126:6563 [0] NCCL INFO Channel 11/32 :    0   1
vcjob-2107900011410145281-abc12335-65396-worker-0:126:6563 [0] NCCL INFO Channel 12/32 :    0   1
vcjob-2107900011410145281-abc12335-65396-worker-0:128:6564 [2] NCCL INFO P2P Chunksize set to 262144
vcjob-2107900011410145281-abc12335-65396-worker-0:126:6563 [0] NCCL INFO Channel 13/32 :    0   1
vcjob-2107900011410145281-abc12335-65396-worker-0:128:6564 [2] NCCL INFO comm->autoPerPeerOn: 1, comm->p2pnChannels: 32, comm->p2pnChannelsPerPeer: 16
vcjob-2107900011410145281-abc12335-65396-worker-0:126:6563 [0] NCCL INFO Channel 14/32 :    0   1
vcjob-2107900011410145281-abc12335-65396-worker-0:126:6563 [0] NCCL INFO Channel 15/32 :    0   1
vcjob-2107900011410145281-abc12335-65396-worker-0:126:6563 [0] NCCL INFO Channel 16/32 :    0   1
vcjob-2107900011410145281-abc12335-65396-worker-0:126:6563 [0] NCCL INFO Channel 17/32 :    0   1
vcjob-2107900011410145281-abc12335-65396-worker-0:126:6563 [0] NCCL INFO Channel 18/32 :    0   1
vcjob-2107900011410145281-abc12335-65396-worker-0:126:6563 [0] NCCL INFO Channel 19/32 :    0   1
vcjob-2107900011410145281-abc12335-65396-worker-0:126:6563 [0] NCCL INFO Channel 20/32 :    0   1
vcjob-2107900011410145281-abc12335-65396-worker-0:126:6563 [0] NCCL INFO Channel 21/32 :    0   1
vcjob-2107900011410145281-abc12335-65396-worker-0:126:6563 [0] NCCL INFO Channel 22/32 :    0   1
vcjob-2107900011410145281-abc12335-65396-worker-0:126:6563 [0] NCCL INFO Channel 23/32 :    0   1
vcjob-2107900011410145281-abc12335-65396-worker-0:126:6563 [0] NCCL INFO Channel 24/32 :    0   1
vcjob-2107900011410145281-abc12335-65396-worker-0:126:6563 [0] NCCL INFO Channel 25/32 :    0   1
vcjob-2107900011410145281-abc12335-65396-worker-0:126:6563 [0] NCCL INFO Channel 26/32 :    0   1
vcjob-2107900011410145281-abc12335-65396-worker-0:126:6563 [0] NCCL INFO Channel 27/32 :    0   1
vcjob-2107900011410145281-abc12335-65396-worker-0:126:6563 [0] NCCL INFO Channel 28/32 :    0   1
vcjob-2107900011410145281-abc12335-65396-worker-0:126:6563 [0] NCCL INFO Channel 29/32 :    0   1
vcjob-2107900011410145281-abc12335-65396-worker-0:126:6563 [0] NCCL INFO Channel 30/32 :    0   1
vcjob-2107900011410145281-abc12335-65396-worker-0:126:6563 [0] NCCL INFO Channel 31/32 :    0   1
vcjob-2107900011410145281-abc12335-65396-worker-0:126:6563 [0] NCCL INFO Trees [0] 1/-1/-1->0->-1 [1] 1/-1/-1->0->-1 [2] 1/-1/-1->0->-1 [3] -1/-1/-1->0->1 [4] 1/-1/-1->0->-1 [5] 1/-1/-1->0->-1 [6] 1/-1/-1->0->-1 [7] -1/-1/-1->0->1 [8] 1/-1/-1->0->-1 [9] 1/-1/-1->0->-1 [10] 1/-1/-1->0->-1 [11] -1/-1/-1->0->1 [12] 1/-1/-1->0->-1 [13] 1/-1/-1->0->-1 [14] 1/-1/-1->0->-1 [15] -1/-1/-1->0->1 [16] 1/-1/-1->0->-1 [17] 1/-1/-1->0->-1 [18] 1/-1/-1->0->-1 [19] -1/-1/-1->0->1 [20] 1/-1/-1->0->-1 [21] 1/-1/-1->0->-1 [22] 1/-1/-1->0->-1 [23] -1/-1/-1->0->1 [24] 1/-1/-1->0->-1 [25] 1/-1/-1->0->-1 [26] 1/-1/-1->0->-1 [27] -1/-1/-1->0->1 [28] 1/-1/-1->0->-1 [29] 1/-1/-1->0->-1 [30] 1/-1/-1->0->-1 [31] -1/-1/-1->0->1 comm 0x556e3d5cc440 nRanks 02 busId 9000
vcjob-2107900011410145281-abc12335-65396-worker-0:126:6563 [0] NCCL INFO P2P Chunksize set to 262144
vcjob-2107900011410145281-abc12335-65396-worker-0:126:6563 [0] NCCL INFO comm->autoPerPeerOn: 1, comm->p2pnChannels: 32, comm->p2pnChannelsPerPeer: 16
vcjob-2107900011410145281-abc12335-65396-worker-0:126:6563 [0] NCCL INFO Channel 00/0 : 0[9000] -> 1[55000] via P2P/IPC comm 0x556e3d5cc440 nRanks 02
vcjob-2107900011410145281-abc12335-65396-worker-0:126:6563 [0] NCCL INFO Channel 01/0 : 0[9000] -> 1[55000] via P2P/IPC comm 0x556e3d5cc440 nRanks 02
vcjob-2107900011410145281-abc12335-65396-worker-0:126:6563 [0] NCCL INFO Channel 02/0 : 0[9000] -> 1[55000] via P2P/IPC comm 0x556e3d5cc440 nRanks 02
vcjob-2107900011410145281-abc12335-65396-worker-0:126:6563 [0] NCCL INFO Channel 03/0 : 0[9000] -> 1[55000] via P2P/IPC comm 0x556e3d5cc440 nRanks 02
vcjob-2107900011410145281-abc12335-65396-worker-0:126:6563 [0] NCCL INFO Channel 04/0 : 0[9000] -> 1[55000] via P2P/IPC comm 0x556e3d5cc440 nRanks 02
vcjob-2107900011410145281-abc12335-65396-worker-0:126:6563 [0] NCCL INFO Channel 05/0 : 0[9000] -> 1[55000] via P2P/IPC comm 0x556e3d5cc440 nRanks 02
vcjob-2107900011410145281-abc12335-65396-worker-0:126:6563 [0] NCCL INFO Channel 06/0 : 0[9000] -> 1[55000] via P2P/IPC comm 0x556e3d5cc440 nRanks 02
vcjob-2107900011410145281-abc12335-65396-worker-0:126:6563 [0] NCCL INFO Channel 07/0 : 0[9000] -> 1[55000] via P2P/IPC comm 0x556e3d5cc440 nRanks 02
vcjob-2107900011410145281-abc12335-65396-worker-0:126:6563 [0] NCCL INFO Channel 08/0 : 0[9000] -> 1[55000] via P2P/IPC comm 0x556e3d5cc440 nRanks 02
vcjob-2107900011410145281-abc12335-65396-worker-0:126:6563 [0] NCCL INFO Channel 09/0 : 0[9000] -> 1[55000] via P2P/IPC comm 0x556e3d5cc440 nRanks 02
vcjob-2107900011410145281-abc12335-65396-worker-0:126:6563 [0] NCCL INFO Channel 10/0 : 0[9000] -> 1[55000] via P2P/IPC comm 0x556e3d5cc440 nRanks 02
vcjob-2107900011410145281-abc12335-65396-worker-0:126:6563 [0] NCCL INFO Channel 11/0 : 0[9000] -> 1[55000] via P2P/IPC comm 0x556e3d5cc440 nRanks 02
vcjob-2107900011410145281-abc12335-65396-worker-0:126:6563 [0] NCCL INFO Channel 12/0 : 0[9000] -> 1[55000] via P2P/IPC comm 0x556e3d5cc440 nRanks 02
vcjob-2107900011410145281-abc12335-65396-worker-0:126:6563 [0] NCCL INFO Channel 13/0 : 0[9000] -> 1[55000] via P2P/IPC comm 0x556e3d5cc440 nRanks 02
vcjob-2107900011410145281-abc12335-65396-worker-0:128:6564 [2] NCCL INFO Channel 00/0 : 1[55000] -> 0[9000] via P2P/IPC comm 0x5622e0f82b70 nRanks 02
vcjob-2107900011410145281-abc12335-65396-worker-0:126:6563 [0] NCCL INFO Channel 14/0 : 0[9000] -> 1[55000] via P2P/IPC comm 0x556e3d5cc440 nRanks 02
vcjob-2107900011410145281-abc12335-65396-worker-0:126:6563 [0] NCCL INFO Channel 15/0 : 0[9000] -> 1[55000] via P2P/IPC comm 0x556e3d5cc440 nRanks 02
vcjob-2107900011410145281-abc12335-65396-worker-0:128:6564 [2] NCCL INFO Channel 01/0 : 1[55000] -> 0[9000] via P2P/IPC comm 0x5622e0f82b70 nRanks 02
vcjob-2107900011410145281-abc12335-65396-worker-0:126:6563 [0] NCCL INFO Channel 16/0 : 0[9000] -> 1[55000] via P2P/IPC comm 0x556e3d5cc440 nRanks 02
vcjob-2107900011410145281-abc12335-65396-worker-0:128:6564 [2] NCCL INFO Channel 02/0 : 1[55000] -> 0[9000] via P2P/IPC comm 0x5622e0f82b70 nRanks 02
vcjob-2107900011410145281-abc12335-65396-worker-0:126:6563 [0] NCCL INFO Channel 17/0 : 0[9000] -> 1[55000] via P2P/IPC comm 0x556e3d5cc440 nRanks 02
vcjob-2107900011410145281-abc12335-65396-worker-0:128:6564 [2] NCCL INFO Channel 03/0 : 1[55000] -> 0[9000] via P2P/IPC comm 0x5622e0f82b70 nRanks 02
vcjob-2107900011410145281-abc12335-65396-worker-0:126:6563 [0] NCCL INFO Channel 18/0 : 0[9000] -> 1[55000] via P2P/IPC comm 0x556e3d5cc440 nRanks 02
vcjob-2107900011410145281-abc12335-65396-worker-0:128:6564 [2] NCCL INFO Channel 04/0 : 1[55000] -> 0[9000] via P2P/IPC comm 0x5622e0f82b70 nRanks 02
vcjob-2107900011410145281-abc12335-65396-worker-0:126:6563 [0] NCCL INFO Channel 19/0 : 0[9000] -> 1[55000] via P2P/IPC comm 0x556e3d5cc440 nRanks 02
vcjob-2107900011410145281-abc12335-65396-worker-0:128:6564 [2] NCCL INFO Channel 05/0 : 1[55000] -> 0[9000] via P2P/IPC comm 0x5622e0f82b70 nRanks 02
vcjob-2107900011410145281-abc12335-65396-worker-0:126:6563 [0] NCCL INFO Channel 20/0 : 0[9000] -> 1[55000] via P2P/IPC comm 0x556e3d5cc440 nRanks 02
vcjob-2107900011410145281-abc12335-65396-worker-0:128:6564 [2] NCCL INFO Channel 06/0 : 1[55000] -> 0[9000] via P2P/IPC comm 0x5622e0f82b70 nRanks 02
vcjob-2107900011410145281-abc12335-65396-worker-0:126:6563 [0] NCCL INFO Channel 21/0 : 0[9000] -> 1[55000] via P2P/IPC comm 0x556e3d5cc440 nRanks 02
vcjob-2107900011410145281-abc12335-65396-worker-0:128:6564 [2] NCCL INFO Channel 07/0 : 1[55000] -> 0[9000] via P2P/IPC comm 0x5622e0f82b70 nRanks 02
vcjob-2107900011410145281-abc12335-65396-worker-0:126:6563 [0] NCCL INFO Channel 22/0 : 0[9000] -> 1[55000] via P2P/IPC comm 0x556e3d5cc440 nRanks 02
vcjob-2107900011410145281-abc12335-65396-worker-0:128:6564 [2] NCCL INFO Channel 08/0 : 1[55000] -> 0[9000] via P2P/IPC comm 0x5622e0f82b70 nRanks 02
vcjob-2107900011410145281-abc12335-65396-worker-0:126:6563 [0] NCCL INFO Channel 23/0 : 0[9000] -> 1[55000] via P2P/IPC comm 0x556e3d5cc440 nRanks 02
vcjob-2107900011410145281-abc12335-65396-worker-0:128:6564 [2] NCCL INFO Channel 09/0 : 1[55000] -> 0[9000] via P2P/IPC comm 0x5622e0f82b70 nRanks 02
vcjob-2107900011410145281-abc12335-65396-worker-0:126:6563 [0] NCCL INFO Channel 24/0 : 0[9000] -> 1[55000] via P2P/IPC comm 0x556e3d5cc440 nRanks 02
vcjob-2107900011410145281-abc12335-65396-worker-0:128:6564 [2] NCCL INFO Channel 10/0 : 1[55000] -> 0[9000] via P2P/IPC comm 0x5622e0f82b70 nRanks 02
vcjob-2107900011410145281-abc12335-65396-worker-0:126:6563 [0] NCCL INFO Channel 25/0 : 0[9000] -> 1[55000] via P2P/IPC comm 0x556e3d5cc440 nRanks 02
vcjob-2107900011410145281-abc12335-65396-worker-0:128:6564 [2] NCCL INFO Channel 11/0 : 1[55000] -> 0[9000] via P2P/IPC comm 0x5622e0f82b70 nRanks 02
vcjob-2107900011410145281-abc12335-65396-worker-0:126:6563 [0] NCCL INFO Channel 26/0 : 0[9000] -> 1[55000] via P2P/IPC comm 0x556e3d5cc440 nRanks 02
vcjob-2107900011410145281-abc12335-65396-worker-0:128:6564 [2] NCCL INFO Channel 12/0 : 1[55000] -> 0[9000] via P2P/IPC comm 0x5622e0f82b70 nRanks 02
vcjob-2107900011410145281-abc12335-65396-worker-0:126:6563 [0] NCCL INFO Channel 27/0 : 0[9000] -> 1[55000] via P2P/IPC comm 0x556e3d5cc440 nRanks 02
vcjob-2107900011410145281-abc12335-65396-worker-0:126:6563 [0] NCCL INFO Channel 28/0 : 0[9000] -> 1[55000] via P2P/IPC comm 0x556e3d5cc440 nRanks 02
vcjob-2107900011410145281-abc12335-65396-worker-0:128:6564 [2] NCCL INFO Channel 13/0 : 1[55000] -> 0[9000] via P2P/IPC comm 0x5622e0f82b70 nRanks 02
vcjob-2107900011410145281-abc12335-65396-worker-0:126:6563 [0] NCCL INFO Channel 29/0 : 0[9000] -> 1[55000] via P2P/IPC comm 0x556e3d5cc440 nRanks 02
vcjob-2107900011410145281-abc12335-65396-worker-0:128:6564 [2] NCCL INFO Channel 14/0 : 1[55000] -> 0[9000] via P2P/IPC comm 0x5622e0f82b70 nRanks 02
vcjob-2107900011410145281-abc12335-65396-worker-0:126:6563 [0] NCCL INFO Channel 30/0 : 0[9000] -> 1[55000] via P2P/IPC comm 0x556e3d5cc440 nRanks 02
vcjob-2107900011410145281-abc12335-65396-worker-0:128:6564 [2] NCCL INFO Channel 15/0 : 1[55000] -> 0[9000] via P2P/IPC comm 0x5622e0f82b70 nRanks 02
vcjob-2107900011410145281-abc12335-65396-worker-0:126:6563 [0] NCCL INFO Channel 31/0 : 0[9000] -> 1[55000] via P2P/IPC comm 0x556e3d5cc440 nRanks 02
vcjob-2107900011410145281-abc12335-65396-worker-0:128:6564 [2] NCCL INFO Channel 16/0 : 1[55000] -> 0[9000] via P2P/IPC comm 0x5622e0f82b70 nRanks 02
vcjob-2107900011410145281-abc12335-65396-worker-0:128:6564 [2] NCCL INFO Channel 17/0 : 1[55000] -> 0[9000] via P2P/IPC comm 0x5622e0f82b70 nRanks 02
vcjob-2107900011410145281-abc12335-65396-worker-0:128:6564 [2] NCCL INFO Channel 18/0 : 1[55000] -> 0[9000] via P2P/IPC comm 0x5622e0f82b70 nRanks 02
vcjob-2107900011410145281-abc12335-65396-worker-0:128:6564 [2] NCCL INFO Channel 19/0 : 1[55000] -> 0[9000] via P2P/IPC comm 0x5622e0f82b70 nRanks 02
vcjob-2107900011410145281-abc12335-65396-worker-0:128:6564 [2] NCCL INFO Channel 20/0 : 1[55000] -> 0[9000] via P2P/IPC comm 0x5622e0f82b70 nRanks 02
vcjob-2107900011410145281-abc12335-65396-worker-0:128:6564 [2] NCCL INFO Channel 21/0 : 1[55000] -> 0[9000] via P2P/IPC comm 0x5622e0f82b70 nRanks 02
vcjob-2107900011410145281-abc12335-65396-worker-0:128:6564 [2] NCCL INFO Channel 22/0 : 1[55000] -> 0[9000] via P2P/IPC comm 0x5622e0f82b70 nRanks 02
vcjob-2107900011410145281-abc12335-65396-worker-0:128:6564 [2] NCCL INFO Channel 23/0 : 1[55000] -> 0[9000] via P2P/IPC comm 0x5622e0f82b70 nRanks 02
vcjob-2107900011410145281-abc12335-65396-worker-0:128:6564 [2] NCCL INFO Channel 24/0 : 1[55000] -> 0[9000] via P2P/IPC comm 0x5622e0f82b70 nRanks 02
vcjob-2107900011410145281-abc12335-65396-worker-0:128:6564 [2] NCCL INFO Channel 25/0 : 1[55000] -> 0[9000] via P2P/IPC comm 0x5622e0f82b70 nRanks 02
vcjob-2107900011410145281-abc12335-65396-worker-0:128:6564 [2] NCCL INFO Channel 26/0 : 1[55000] -> 0[9000] via P2P/IPC comm 0x5622e0f82b70 nRanks 02
vcjob-2107900011410145281-abc12335-65396-worker-0:128:6564 [2] NCCL INFO Channel 27/0 : 1[55000] -> 0[9000] via P2P/IPC comm 0x5622e0f82b70 nRanks 02
vcjob-2107900011410145281-abc12335-65396-worker-0:128:6564 [2] NCCL INFO Channel 28/0 : 1[55000] -> 0[9000] via P2P/IPC comm 0x5622e0f82b70 nRanks 02
vcjob-2107900011410145281-abc12335-65396-worker-0:128:6564 [2] NCCL INFO Channel 29/0 : 1[55000] -> 0[9000] via P2P/IPC comm 0x5622e0f82b70 nRanks 02
vcjob-2107900011410145281-abc12335-65396-worker-0:128:6564 [2] NCCL INFO Channel 30/0 : 1[55000] -> 0[9000] via P2P/IPC comm 0x5622e0f82b70 nRanks 02
vcjob-2107900011410145281-abc12335-65396-worker-0:128:6564 [2] NCCL INFO Channel 31/0 : 1[55000] -> 0[9000] via P2P/IPC comm 0x5622e0f82b70 nRanks 02
vcjob-2107900011410145281-abc12335-65396-worker-0:126:6563 [0] NCCL INFO Connected all rings
vcjob-2107900011410145281-abc12335-65396-worker-0:128:6564 [2] NCCL INFO Connected all rings
vcjob-2107900011410145281-abc12335-65396-worker-0:126:6563 [0] NCCL INFO Connected all trees
vcjob-2107900011410145281-abc12335-65396-worker-0:128:6564 [2] NCCL INFO Connected all trees
vcjob-2107900011410145281-abc12335-65396-worker-0:128:6564 [2] NCCL INFO threadThresholds 8/8/64 | 16/8/64 | 256 | 256
vcjob-2107900011410145281-abc12335-65396-worker-0:128:6564 [2] NCCL INFO 32 coll channels, 32 collnet channels, 0 nvls channels, 32 p2p channels, 16 p2p channels per peer
vcjob-2107900011410145281-abc12335-65396-worker-0:126:6563 [0] NCCL INFO threadThresholds 8/8/64 | 16/8/64 | 256 | 256
vcjob-2107900011410145281-abc12335-65396-worker-0:126:6563 [0] NCCL INFO 32 coll channels, 32 collnet channels, 0 nvls channels, 32 p2p channels, 16 p2p channels per peer
vcjob-2107900011410145281-abc12335-65396-worker-0:126:6563 [0] NCCL INFO CC Off, Multi-GPU CC Off, workFifoBytes 4194304
vcjob-2107900011410145281-abc12335-65396-worker-0:126:6563 [0] NCCL INFO ncclCommInitRank comm 0x556e3d5cc440 rank 0 nranks 2 cudaDev 0 nvmlDev 0 busId 9000 commId 0xcc9ffada0abb03b9 localSize 480 used 586892880 bytes on core 0 - Init COMPLETE
vcjob-2107900011410145281-abc12335-65396-worker-0:126:6563 [0] NCCL INFO Init timings: rank 0 nranks 2 total 0.33 (kernels 0.00, bootstrap 0.03, allgathers 0.01, topo 0.20, graphs 0.00, connections 0.09, rest 0.00)
vcjob-2107900011410145281-abc12335-65396-worker-0:128:6564 [2] NCCL INFO ncclCommInitRank comm 0x5622e0f82b70 rank 1 nranks 2 cudaDev 2 nvmlDev 2 busId 55000 commId 0xcc9ffada0abb03b9 localSize 480 used 440435680 bytes on core 40 - Init COMPLETE
vcjob-2107900011410145281-abc12335-65396-worker-0:128:6564 [2] NCCL INFO Init timings: rank 1 nranks 2 total 0.33 (kernels 0.00, bootstrap 0.03, allgathers 0.01, topo 0.20, graphs 0.00, connections 0.09, rest 0.00)
I1008 02:25:31.148989   126 ProcessGroupNCCL.cpp:2890] [PG ID 0 PG GUID 0(default_pg) Rank 0] NCCL_DEBUG: INFO
I1008 02:25:31.149026   128 ProcessGroupNCCL.cpp:2890] [PG ID 0 PG GUID 0(default_pg) Rank 2] NCCL_DEBUG: INFO
vcjob-2107900011410145281-abc12335-65396-worker-0:128:6570 [2] NCCL INFO Channel 01/1 : 1[55000] -> 0[9000] via P2P/IPC comm 0x5622e0f82b70 nRanks 02
vcjob-2107900011410145281-abc12335-65396-worker-0:128:6570 [2] NCCL INFO Channel 03/1 : 1[55000] -> 0[9000] via P2P/IPC comm 0x5622e0f82b70 nRanks 02
vcjob-2107900011410145281-abc12335-65396-worker-0:128:6570 [2] NCCL INFO Channel 05/1 : 1[55000] -> 0[9000] via P2P/IPC comm 0x5622e0f82b70 nRanks 02
vcjob-2107900011410145281-abc12335-65396-worker-0:128:6570 [2] NCCL INFO Channel 07/1 : 1[55000] -> 0[9000] via P2P/IPC comm 0x5622e0f82b70 nRanks 02
vcjob-2107900011410145281-abc12335-65396-worker-0:128:6570 [2] NCCL INFO Channel 09/1 : 1[55000] -> 0[9000] via P2P/IPC comm 0x5622e0f82b70 nRanks 02
vcjob-2107900011410145281-abc12335-65396-worker-0:128:6570 [2] NCCL INFO Channel 11/1 : 1[55000] -> 0[9000] via P2P/IPC comm 0x5622e0f82b70 nRanks 02
vcjob-2107900011410145281-abc12335-65396-worker-0:128:6570 [2] NCCL INFO Channel 13/1 : 1[55000] -> 0[9000] via P2P/IPC comm 0x5622e0f82b70 nRanks 02
vcjob-2107900011410145281-abc12335-65396-worker-0:128:6570 [2] NCCL INFO Channel 15/1 : 1[55000] -> 0[9000] via P2P/IPC comm 0x5622e0f82b70 nRanks 02
vcjob-2107900011410145281-abc12335-65396-worker-0:128:6570 [2] NCCL INFO Channel 17/1 : 1[55000] -> 0[9000] via P2P/IPC comm 0x5622e0f82b70 nRanks 02
vcjob-2107900011410145281-abc12335-65396-worker-0:128:6570 [2] NCCL INFO Channel 19/1 : 1[55000] -> 0[9000] via P2P/IPC comm 0x5622e0f82b70 nRanks 02
vcjob-2107900011410145281-abc12335-65396-worker-0:128:6570 [2] NCCL INFO Channel 21/1 : 1[55000] -> 0[9000] via P2P/IPC comm 0x5622e0f82b70 nRanks 02
vcjob-2107900011410145281-abc12335-65396-worker-0:128:6570 [2] NCCL INFO Channel 23/1 : 1[55000] -> 0[9000] via P2P/IPC comm 0x5622e0f82b70 nRanks 02
vcjob-2107900011410145281-abc12335-65396-worker-0:128:6570 [2] NCCL INFO Channel 25/1 : 1[55000] -> 0[9000] via P2P/IPC comm 0x5622e0f82b70 nRanks 02
vcjob-2107900011410145281-abc12335-65396-worker-0:128:6570 [2] NCCL INFO Channel 27/1 : 1[55000] -> 0[9000] via P2P/IPC comm 0x5622e0f82b70 nRanks 02
vcjob-2107900011410145281-abc12335-65396-worker-0:128:6570 [2] NCCL INFO Channel 29/1 : 1[55000] -> 0[9000] via P2P/IPC comm 0x5622e0f82b70 nRanks 02
vcjob-2107900011410145281-abc12335-65396-worker-0:128:6570 [2] NCCL INFO Channel 31/1 : 1[55000] -> 0[9000] via P2P/IPC comm 0x5622e0f82b70 nRanks 02

vcjob-2107900011410145281-abc12335-65396-worker-0:126:126 [0] /data/jenkins_workspace/workspace/rccl_release/build/hipify/src/init.cc:170 NCCL WARN NUMA auto balancing enabled which can lead to variability in the RCCL performance! Disable by "sudo sysctl kernel.numa_balancing=0"
vcjob-2107900011410145281-abc12335-65396-worker-0:126:126 [0] NCCL INFO Kernel version: 5.15.0-25-generic

vcjob-2107900011410145281-abc12335-65396-worker-0:126:126 [0] /data/jenkins_workspace/workspace/rccl_release/build/hipify/src/init.cc:191 NCCL WARN Missing "iommu=pt" from kernel command line which can lead to system instablity or hang!
I1008 02:25:31.188127   126 ProcessGroupNCCL.cpp:2857] [PG ID 0 PG GUID 0(default_pg) Rank 0] ProcessGroupNCCL broadcast unique ID through store took 0.074431 ms
I1008 02:25:31.188156   126 NCCLUtils.cpp:75] Rank 0: creating NCCL communicator with mode: blocking

vcjob-2107900011410145281-abc12335-65396-worker-0:126:126 [0] /data/jenkins_workspace/workspace/rccl_release/build/hipify/src/init.cc:170 NCCL WARN NUMA auto balancing enabled which can lead to variability in the RCCL performance! Disable by "sudo sysctl kernel.numa_balancing=0"
vcjob-2107900011410145281-abc12335-65396-worker-0:126:126 [0] NCCL INFO Kernel version: 5.15.0-25-generic

vcjob-2107900011410145281-abc12335-65396-worker-0:126:126 [0] /data/jenkins_workspace/workspace/rccl_release/build/hipify/src/init.cc:191 NCCL WARN Missing "iommu=pt" from kernel command line which can lead to system instablity or hang!
I1008 02:25:31.188246   129 ProcessGroupNCCL.cpp:2857] [PG ID 0 PG GUID 0(default_pg) Rank 3] ProcessGroupNCCL broadcast unique ID through store took 803.198 ms
I1008 02:25:31.188321   129 NCCLUtils.cpp:75] Rank 1: creating NCCL communicator with mode: blocking

vcjob-2107900011410145281-abc12335-65396-worker-0:129:129 [3] /data/jenkins_workspace/workspace/rccl_release/build/hipify/src/init.cc:170 NCCL WARN NUMA auto balancing enabled which can lead to variability in the RCCL performance! Disable by "sudo sysctl kernel.numa_balancing=0"
vcjob-2107900011410145281-abc12335-65396-worker-0:129:129 [3] NCCL INFO Kernel version: 5.15.0-25-generic

vcjob-2107900011410145281-abc12335-65396-worker-0:129:129 [3] /data/jenkins_workspace/workspace/rccl_release/build/hipify/src/init.cc:191 NCCL WARN Missing "iommu=pt" from kernel command line which can lead to system instablity or hang!
vcjob-2107900011410145281-abc12335-65396-worker-0:129:129 [3] NCCL INFO Comm config Blocking set to 1
vcjob-2107900011410145281-abc12335-65396-worker-0:129:6572 [3] NCCL INFO Using network Socket
vcjob-2107900011410145281-abc12335-65396-worker-0:129:6572 [3] NCCL INFO rocm_smi_lib: version 7.6.0.0
vcjob-2107900011410145281-abc12335-65396-worker-0:126:126 [0] NCCL INFO Comm config Blocking set to 1
vcjob-2107900011410145281-abc12335-65396-worker-0:126:6573 [0] NCCL INFO Using network Socket
vcjob-2107900011410145281-abc12335-65396-worker-0:126:6573 [0] NCCL INFO rocm_smi_lib: version 7.6.0.0
vcjob-2107900011410145281-abc12335-65396-worker-0:129:6572 [3] NCCL INFO ncclCommInitRank comm 0x55c6532549c0 rank 1 nranks 2 cudaDev 3 nvmlDev 3 busId 77000 commId 0x7ed069200dd0c149 - Init START
vcjob-2107900011410145281-abc12335-65396-worker-0:126:6573 [0] NCCL INFO ncclCommInitRank comm 0x556e3d687c20 rank 0 nranks 2 cudaDev 0 nvmlDev 0 busId 9000 commId 0x7ed069200dd0c149 - Init START
vcjob-2107900011410145281-abc12335-65396-worker-0:129:6572 [3] NCCL INFO rank:1 get match hsa dev domain:0x0 bdf:0x7700 rank busId:0x487424
vcjob-2107900011410145281-abc12335-65396-worker-0:126:6573 [0] NCCL INFO rank:0 get match hsa dev domain:0x0 bdf:0x900 rank busId:0x36864
vcjob-2107900011410145281-abc12335-65396-worker-0:129:6572 [3] NCCL INFO XDP Switch is off with xdp_size : 0
vcjob-2107900011410145281-abc12335-65396-worker-0:126:6573 [0] NCCL INFO XDP Switch is off with xdp_size : 0

vcjob-2107900011410145281-abc12335-65396-worker-0:126:6573 [0] /data/jenkins_workspace/workspace/rccl_release/build/hipify/src/graph/xml.cc:1211 NCCL WARN No IB NIC found, the generation of the basic topology has been terminated.

vcjob-2107900011410145281-abc12335-65396-worker-0:129:6572 [3] /data/jenkins_workspace/workspace/rccl_release/build/hipify/src/graph/xml.cc:1211 NCCL WARN No IB NIC found, the generation of the basic topology has been terminated.
vcjob-2107900011410145281-abc12335-65396-worker-0:129:6572 [3] NCCL INFO rocm_smi_lib: version 7.6.0.0
vcjob-2107900011410145281-abc12335-65396-worker-0:126:6573 [0] NCCL INFO rocm_smi_lib: version 7.6.0.0
vcjob-2107900011410145281-abc12335-65396-worker-0:126:6573 [0] NCCL INFO Setting affinity for GPU 0 to ffff
vcjob-2107900011410145281-abc12335-65396-worker-0:126:6573 [0] NCCL INFO Rank:0 Get link topo from rocmDev:0 linkNum:8 link:0 linkState:1 remote type:1 bdf:0x9b00 topoType:2
vcjob-2107900011410145281-abc12335-65396-worker-0:126:6573 [0] NCCL INFO Transport init rank 0 useXdp 0 linkTopoType 2
vcjob-2107900011410145281-abc12335-65396-worker-0:129:6572 [3] NCCL INFO Setting affinity for GPU 3 to ffff0000
vcjob-2107900011410145281-abc12335-65396-worker-0:129:6572 [3] NCCL INFO Rank:1 Get link topo from rocmDev:0 linkNum:8 link:0 linkState:1 remote type:1 bdf:0x9b00 topoType:2
vcjob-2107900011410145281-abc12335-65396-worker-0:129:6572 [3] NCCL INFO Transport init rank 1 useXdp 0 linkTopoType 2
vcjob-2107900011410145281-abc12335-65396-worker-0:129:6572 [3] NCCL INFO comm 0x55c6532549c0 rank 1 nRanks 2 nNodes 1 localRanks 2 localRank 1 MNNVL 0
vcjob-2107900011410145281-abc12335-65396-worker-0:126:6573 [0] NCCL INFO comm 0x556e3d687c20 rank 0 nRanks 2 nNodes 1 localRanks 2 localRank 0 MNNVL 0
vcjob-2107900011410145281-abc12335-65396-worker-0:126:6573 [0] NCCL INFO Channel 00/32 :    0   1
vcjob-2107900011410145281-abc12335-65396-worker-0:126:6573 [0] NCCL INFO Channel 01/32 :    0   1
vcjob-2107900011410145281-abc12335-65396-worker-0:126:6573 [0] NCCL INFO Channel 02/32 :    0   1
vcjob-2107900011410145281-abc12335-65396-worker-0:126:6573 [0] NCCL INFO Channel 03/32 :    0   1
vcjob-2107900011410145281-abc12335-65396-worker-0:126:6573 [0] NCCL INFO Channel 04/32 :    0   1
vcjob-2107900011410145281-abc12335-65396-worker-0:126:6573 [0] NCCL INFO Channel 05/32 :    0   1
vcjob-2107900011410145281-abc12335-65396-worker-0:126:6573 [0] NCCL INFO Channel 06/32 :    0   1
vcjob-2107900011410145281-abc12335-65396-worker-0:126:6573 [0] NCCL INFO Channel 07/32 :    0   1
vcjob-2107900011410145281-abc12335-65396-worker-0:126:6573 [0] NCCL INFO Channel 08/32 :    0   1
vcjob-2107900011410145281-abc12335-65396-worker-0:126:6573 [0] NCCL INFO Channel 09/32 :    0   1
vcjob-2107900011410145281-abc12335-65396-worker-0:126:6573 [0] NCCL INFO Channel 10/32 :    0   1
vcjob-2107900011410145281-abc12335-65396-worker-0:129:6572 [3] NCCL INFO Trees [0] -1/-1/-1->1->0 [1] -1/-1/-1->1->0 [2] -1/-1/-1->1->0 [3] 0/-1/-1->1->-1 [4] -1/-1/-1->1->0 [5] -1/-1/-1->1->0 [6] -1/-1/-1->1->0 [7] 0/-1/-1->1->-1 [8] -1/-1/-1->1->0 [9] -1/-1/-1->1->0 [10] -1/-1/-1->1->0 [11] 0/-1/-1->1->-1 [12] -1/-1/-1->1->0 [13] -1/-1/-1->1->0 [14] -1/-1/-1->1->0 [15] 0/-1/-1->1->-1 [16] -1/-1/-1->1->0 [17] -1/-1/-1->1->0 [18] -1/-1/-1->1->0 [19] 0/-1/-1->1->-1 [20] -1/-1/-1->1->0 [21] -1/-1/-1->1->0 [22] -1/-1/-1->1->0 [23] 0/-1/-1->1->-1 [24] -1/-1/-1->1->0 [25] -1/-1/-1->1->0 [26] -1/-1/-1->1->0 [27] 0/-1/-1->1->-1 [28] -1/-1/-1->1->0 [29] -1/-1/-1->1->0 [30] -1/-1/-1->1->0 [31] 0/-1/-1->1->-1 comm 0x55c6532549c0 nRanks 02 busId 77000
vcjob-2107900011410145281-abc12335-65396-worker-0:126:6573 [0] NCCL INFO Channel 11/32 :    0   1
vcjob-2107900011410145281-abc12335-65396-worker-0:126:6573 [0] NCCL INFO Channel 12/32 :    0   1
vcjob-2107900011410145281-abc12335-65396-worker-0:129:6572 [3] NCCL INFO P2P Chunksize set to 262144
vcjob-2107900011410145281-abc12335-65396-worker-0:126:6573 [0] NCCL INFO Channel 13/32 :    0   1
vcjob-2107900011410145281-abc12335-65396-worker-0:129:6572 [3] NCCL INFO comm->autoPerPeerOn: 1, comm->p2pnChannels: 32, comm->p2pnChannelsPerPeer: 16
vcjob-2107900011410145281-abc12335-65396-worker-0:126:6573 [0] NCCL INFO Channel 14/32 :    0   1
vcjob-2107900011410145281-abc12335-65396-worker-0:126:6573 [0] NCCL INFO Channel 15/32 :    0   1
vcjob-2107900011410145281-abc12335-65396-worker-0:126:6573 [0] NCCL INFO Channel 16/32 :    0   1
vcjob-2107900011410145281-abc12335-65396-worker-0:126:6573 [0] NCCL INFO Channel 17/32 :    0   1
vcjob-2107900011410145281-abc12335-65396-worker-0:126:6573 [0] NCCL INFO Channel 18/32 :    0   1
vcjob-2107900011410145281-abc12335-65396-worker-0:126:6573 [0] NCCL INFO Channel 19/32 :    0   1
vcjob-2107900011410145281-abc12335-65396-worker-0:126:6573 [0] NCCL INFO Channel 20/32 :    0   1
vcjob-2107900011410145281-abc12335-65396-worker-0:126:6573 [0] NCCL INFO Channel 21/32 :    0   1
vcjob-2107900011410145281-abc12335-65396-worker-0:126:6573 [0] NCCL INFO Channel 22/32 :    0   1
vcjob-2107900011410145281-abc12335-65396-worker-0:126:6573 [0] NCCL INFO Channel 23/32 :    0   1
vcjob-2107900011410145281-abc12335-65396-worker-0:126:6573 [0] NCCL INFO Channel 24/32 :    0   1
vcjob-2107900011410145281-abc12335-65396-worker-0:126:6573 [0] NCCL INFO Channel 25/32 :    0   1
vcjob-2107900011410145281-abc12335-65396-worker-0:126:6573 [0] NCCL INFO Channel 26/32 :    0   1
vcjob-2107900011410145281-abc12335-65396-worker-0:126:6573 [0] NCCL INFO Channel 27/32 :    0   1
vcjob-2107900011410145281-abc12335-65396-worker-0:126:6573 [0] NCCL INFO Channel 28/32 :    0   1
vcjob-2107900011410145281-abc12335-65396-worker-0:126:6573 [0] NCCL INFO Channel 29/32 :    0   1
vcjob-2107900011410145281-abc12335-65396-worker-0:126:6573 [0] NCCL INFO Channel 30/32 :    0   1
vcjob-2107900011410145281-abc12335-65396-worker-0:126:6573 [0] NCCL INFO Channel 31/32 :    0   1
vcjob-2107900011410145281-abc12335-65396-worker-0:126:6573 [0] NCCL INFO Trees [0] 1/-1/-1->0->-1 [1] 1/-1/-1->0->-1 [2] 1/-1/-1->0->-1 [3] -1/-1/-1->0->1 [4] 1/-1/-1->0->-1 [5] 1/-1/-1->0->-1 [6] 1/-1/-1->0->-1 [7] -1/-1/-1->0->1 [8] 1/-1/-1->0->-1 [9] 1/-1/-1->0->-1 [10] 1/-1/-1->0->-1 [11] -1/-1/-1->0->1 [12] 1/-1/-1->0->-1 [13] 1/-1/-1->0->-1 [14] 1/-1/-1->0->-1 [15] -1/-1/-1->0->1 [16] 1/-1/-1->0->-1 [17] 1/-1/-1->0->-1 [18] 1/-1/-1->0->-1 [19] -1/-1/-1->0->1 [20] 1/-1/-1->0->-1 [21] 1/-1/-1->0->-1 [22] 1/-1/-1->0->-1 [23] -1/-1/-1->0->1 [24] 1/-1/-1->0->-1 [25] 1/-1/-1->0->-1 [26] 1/-1/-1->0->-1 [27] -1/-1/-1->0->1 [28] 1/-1/-1->0->-1 [29] 1/-1/-1->0->-1 [30] 1/-1/-1->0->-1 [31] -1/-1/-1->0->1 comm 0x556e3d687c20 nRanks 02 busId 9000
vcjob-2107900011410145281-abc12335-65396-worker-0:126:6573 [0] NCCL INFO P2P Chunksize set to 262144
vcjob-2107900011410145281-abc12335-65396-worker-0:126:6573 [0] NCCL INFO comm->autoPerPeerOn: 1, comm->p2pnChannels: 32, comm->p2pnChannelsPerPeer: 16
vcjob-2107900011410145281-abc12335-65396-worker-0:126:6573 [0] NCCL INFO Channel 00/0 : 0[9000] -> 1[77000] via P2P/IPC comm 0x556e3d687c20 nRanks 02
vcjob-2107900011410145281-abc12335-65396-worker-0:126:6573 [0] NCCL INFO Channel 01/0 : 0[9000] -> 1[77000] via P2P/IPC comm 0x556e3d687c20 nRanks 02
vcjob-2107900011410145281-abc12335-65396-worker-0:126:6573 [0] NCCL INFO Channel 02/0 : 0[9000] -> 1[77000] via P2P/IPC comm 0x556e3d687c20 nRanks 02
vcjob-2107900011410145281-abc12335-65396-worker-0:126:6573 [0] NCCL INFO Channel 03/0 : 0[9000] -> 1[77000] via P2P/IPC comm 0x556e3d687c20 nRanks 02
vcjob-2107900011410145281-abc12335-65396-worker-0:126:6573 [0] NCCL INFO Channel 04/0 : 0[9000] -> 1[77000] via P2P/IPC comm 0x556e3d687c20 nRanks 02
vcjob-2107900011410145281-abc12335-65396-worker-0:126:6573 [0] NCCL INFO Channel 05/0 : 0[9000] -> 1[77000] via P2P/IPC comm 0x556e3d687c20 nRanks 02
vcjob-2107900011410145281-abc12335-65396-worker-0:126:6573 [0] NCCL INFO Channel 06/0 : 0[9000] -> 1[77000] via P2P/IPC comm 0x556e3d687c20 nRanks 02
vcjob-2107900011410145281-abc12335-65396-worker-0:126:6573 [0] NCCL INFO Channel 07/0 : 0[9000] -> 1[77000] via P2P/IPC comm 0x556e3d687c20 nRanks 02
vcjob-2107900011410145281-abc12335-65396-worker-0:126:6573 [0] NCCL INFO Channel 08/0 : 0[9000] -> 1[77000] via P2P/IPC comm 0x556e3d687c20 nRanks 02
vcjob-2107900011410145281-abc12335-65396-worker-0:126:6573 [0] NCCL INFO Channel 09/0 : 0[9000] -> 1[77000] via P2P/IPC comm 0x556e3d687c20 nRanks 02
vcjob-2107900011410145281-abc12335-65396-worker-0:126:6573 [0] NCCL INFO Channel 10/0 : 0[9000] -> 1[77000] via P2P/IPC comm 0x556e3d687c20 nRanks 02
vcjob-2107900011410145281-abc12335-65396-worker-0:126:6573 [0] NCCL INFO Channel 11/0 : 0[9000] -> 1[77000] via P2P/IPC comm 0x556e3d687c20 nRanks 02
vcjob-2107900011410145281-abc12335-65396-worker-0:126:6573 [0] NCCL INFO Channel 12/0 : 0[9000] -> 1[77000] via P2P/IPC comm 0x556e3d687c20 nRanks 02
vcjob-2107900011410145281-abc12335-65396-worker-0:126:6573 [0] NCCL INFO Channel 13/0 : 0[9000] -> 1[77000] via P2P/IPC comm 0x556e3d687c20 nRanks 02
vcjob-2107900011410145281-abc12335-65396-worker-0:126:6573 [0] NCCL INFO Channel 14/0 : 0[9000] -> 1[77000] via P2P/IPC comm 0x556e3d687c20 nRanks 02
vcjob-2107900011410145281-abc12335-65396-worker-0:126:6573 [0] NCCL INFO Channel 15/0 : 0[9000] -> 1[77000] via P2P/IPC comm 0x556e3d687c20 nRanks 02
vcjob-2107900011410145281-abc12335-65396-worker-0:126:6573 [0] NCCL INFO Channel 16/0 : 0[9000] -> 1[77000] via P2P/IPC comm 0x556e3d687c20 nRanks 02
vcjob-2107900011410145281-abc12335-65396-worker-0:126:6573 [0] NCCL INFO Channel 17/0 : 0[9000] -> 1[77000] via P2P/IPC comm 0x556e3d687c20 nRanks 02
vcjob-2107900011410145281-abc12335-65396-worker-0:126:6573 [0] NCCL INFO Channel 18/0 : 0[9000] -> 1[77000] via P2P/IPC comm 0x556e3d687c20 nRanks 02
vcjob-2107900011410145281-abc12335-65396-worker-0:126:6573 [0] NCCL INFO Channel 19/0 : 0[9000] -> 1[77000] via P2P/IPC comm 0x556e3d687c20 nRanks 02
vcjob-2107900011410145281-abc12335-65396-worker-0:126:6573 [0] NCCL INFO Channel 20/0 : 0[9000] -> 1[77000] via P2P/IPC comm 0x556e3d687c20 nRanks 02
vcjob-2107900011410145281-abc12335-65396-worker-0:126:6573 [0] NCCL INFO Channel 21/0 : 0[9000] -> 1[77000] via P2P/IPC comm 0x556e3d687c20 nRanks 02
vcjob-2107900011410145281-abc12335-65396-worker-0:126:6573 [0] NCCL INFO Channel 22/0 : 0[9000] -> 1[77000] via P2P/IPC comm 0x556e3d687c20 nRanks 02
vcjob-2107900011410145281-abc12335-65396-worker-0:126:6573 [0] NCCL INFO Channel 23/0 : 0[9000] -> 1[77000] via P2P/IPC comm 0x556e3d687c20 nRanks 02
vcjob-2107900011410145281-abc12335-65396-worker-0:126:6573 [0] NCCL INFO Channel 24/0 : 0[9000] -> 1[77000] via P2P/IPC comm 0x556e3d687c20 nRanks 02
vcjob-2107900011410145281-abc12335-65396-worker-0:126:6573 [0] NCCL INFO Channel 25/0 : 0[9000] -> 1[77000] via P2P/IPC comm 0x556e3d687c20 nRanks 02
vcjob-2107900011410145281-abc12335-65396-worker-0:126:6573 [0] NCCL INFO Channel 26/0 : 0[9000] -> 1[77000] via P2P/IPC comm 0x556e3d687c20 nRanks 02
vcjob-2107900011410145281-abc12335-65396-worker-0:126:6573 [0] NCCL INFO Channel 27/0 : 0[9000] -> 1[77000] via P2P/IPC comm 0x556e3d687c20 nRanks 02
vcjob-2107900011410145281-abc12335-65396-worker-0:126:6573 [0] NCCL INFO Channel 28/0 : 0[9000] -> 1[77000] via P2P/IPC comm 0x556e3d687c20 nRanks 02
vcjob-2107900011410145281-abc12335-65396-worker-0:126:6573 [0] NCCL INFO Channel 29/0 : 0[9000] -> 1[77000] via P2P/IPC comm 0x556e3d687c20 nRanks 02
vcjob-2107900011410145281-abc12335-65396-worker-0:126:6573 [0] NCCL INFO Channel 30/0 : 0[9000] -> 1[77000] via P2P/IPC comm 0x556e3d687c20 nRanks 02
vcjob-2107900011410145281-abc12335-65396-worker-0:126:6573 [0] NCCL INFO Channel 31/0 : 0[9000] -> 1[77000] via P2P/IPC comm 0x556e3d687c20 nRanks 02
vcjob-2107900011410145281-abc12335-65396-worker-0:129:6572 [3] NCCL INFO Channel 00/0 : 1[77000] -> 0[9000] via P2P/IPC comm 0x55c6532549c0 nRanks 02
vcjob-2107900011410145281-abc12335-65396-worker-0:129:6572 [3] NCCL INFO Channel 01/0 : 1[77000] -> 0[9000] via P2P/IPC comm 0x55c6532549c0 nRanks 02
vcjob-2107900011410145281-abc12335-65396-worker-0:129:6572 [3] NCCL INFO Channel 02/0 : 1[77000] -> 0[9000] via P2P/IPC comm 0x55c6532549c0 nRanks 02
vcjob-2107900011410145281-abc12335-65396-worker-0:129:6572 [3] NCCL INFO Channel 03/0 : 1[77000] -> 0[9000] via P2P/IPC comm 0x55c6532549c0 nRanks 02
vcjob-2107900011410145281-abc12335-65396-worker-0:129:6572 [3] NCCL INFO Channel 04/0 : 1[77000] -> 0[9000] via P2P/IPC comm 0x55c6532549c0 nRanks 02
vcjob-2107900011410145281-abc12335-65396-worker-0:129:6572 [3] NCCL INFO Channel 05/0 : 1[77000] -> 0[9000] via P2P/IPC comm 0x55c6532549c0 nRanks 02
vcjob-2107900011410145281-abc12335-65396-worker-0:129:6572 [3] NCCL INFO Channel 06/0 : 1[77000] -> 0[9000] via P2P/IPC comm 0x55c6532549c0 nRanks 02
vcjob-2107900011410145281-abc12335-65396-worker-0:129:6572 [3] NCCL INFO Channel 07/0 : 1[77000] -> 0[9000] via P2P/IPC comm 0x55c6532549c0 nRanks 02
vcjob-2107900011410145281-abc12335-65396-worker-0:129:6572 [3] NCCL INFO Channel 08/0 : 1[77000] -> 0[9000] via P2P/IPC comm 0x55c6532549c0 nRanks 02
vcjob-2107900011410145281-abc12335-65396-worker-0:129:6572 [3] NCCL INFO Channel 09/0 : 1[77000] -> 0[9000] via P2P/IPC comm 0x55c6532549c0 nRanks 02
vcjob-2107900011410145281-abc12335-65396-worker-0:129:6572 [3] NCCL INFO Channel 10/0 : 1[77000] -> 0[9000] via P2P/IPC comm 0x55c6532549c0 nRanks 02
vcjob-2107900011410145281-abc12335-65396-worker-0:129:6572 [3] NCCL INFO Channel 11/0 : 1[77000] -> 0[9000] via P2P/IPC comm 0x55c6532549c0 nRanks 02
vcjob-2107900011410145281-abc12335-65396-worker-0:129:6572 [3] NCCL INFO Channel 12/0 : 1[77000] -> 0[9000] via P2P/IPC comm 0x55c6532549c0 nRanks 02
vcjob-2107900011410145281-abc12335-65396-worker-0:129:6572 [3] NCCL INFO Channel 13/0 : 1[77000] -> 0[9000] via P2P/IPC comm 0x55c6532549c0 nRanks 02
vcjob-2107900011410145281-abc12335-65396-worker-0:129:6572 [3] NCCL INFO Channel 14/0 : 1[77000] -> 0[9000] via P2P/IPC comm 0x55c6532549c0 nRanks 02
vcjob-2107900011410145281-abc12335-65396-worker-0:129:6572 [3] NCCL INFO Channel 15/0 : 1[77000] -> 0[9000] via P2P/IPC comm 0x55c6532549c0 nRanks 02
vcjob-2107900011410145281-abc12335-65396-worker-0:129:6572 [3] NCCL INFO Channel 16/0 : 1[77000] -> 0[9000] via P2P/IPC comm 0x55c6532549c0 nRanks 02
vcjob-2107900011410145281-abc12335-65396-worker-0:129:6572 [3] NCCL INFO Channel 17/0 : 1[77000] -> 0[9000] via P2P/IPC comm 0x55c6532549c0 nRanks 02
vcjob-2107900011410145281-abc12335-65396-worker-0:129:6572 [3] NCCL INFO Channel 18/0 : 1[77000] -> 0[9000] via P2P/IPC comm 0x55c6532549c0 nRanks 02
vcjob-2107900011410145281-abc12335-65396-worker-0:129:6572 [3] NCCL INFO Channel 19/0 : 1[77000] -> 0[9000] via P2P/IPC comm 0x55c6532549c0 nRanks 02
vcjob-2107900011410145281-abc12335-65396-worker-0:129:6572 [3] NCCL INFO Channel 20/0 : 1[77000] -> 0[9000] via P2P/IPC comm 0x55c6532549c0 nRanks 02
vcjob-2107900011410145281-abc12335-65396-worker-0:129:6572 [3] NCCL INFO Channel 21/0 : 1[77000] -> 0[9000] via P2P/IPC comm 0x55c6532549c0 nRanks 02
vcjob-2107900011410145281-abc12335-65396-worker-0:129:6572 [3] NCCL INFO Channel 22/0 : 1[77000] -> 0[9000] via P2P/IPC comm 0x55c6532549c0 nRanks 02
vcjob-2107900011410145281-abc12335-65396-worker-0:129:6572 [3] NCCL INFO Channel 23/0 : 1[77000] -> 0[9000] via P2P/IPC comm 0x55c6532549c0 nRanks 02
vcjob-2107900011410145281-abc12335-65396-worker-0:129:6572 [3] NCCL INFO Channel 24/0 : 1[77000] -> 0[9000] via P2P/IPC comm 0x55c6532549c0 nRanks 02
vcjob-2107900011410145281-abc12335-65396-worker-0:129:6572 [3] NCCL INFO Channel 25/0 : 1[77000] -> 0[9000] via P2P/IPC comm 0x55c6532549c0 nRanks 02
vcjob-2107900011410145281-abc12335-65396-worker-0:129:6572 [3] NCCL INFO Channel 26/0 : 1[77000] -> 0[9000] via P2P/IPC comm 0x55c6532549c0 nRanks 02
vcjob-2107900011410145281-abc12335-65396-worker-0:129:6572 [3] NCCL INFO Channel 27/0 : 1[77000] -> 0[9000] via P2P/IPC comm 0x55c6532549c0 nRanks 02
vcjob-2107900011410145281-abc12335-65396-worker-0:129:6572 [3] NCCL INFO Channel 28/0 : 1[77000] -> 0[9000] via P2P/IPC comm 0x55c6532549c0 nRanks 02
vcjob-2107900011410145281-abc12335-65396-worker-0:129:6572 [3] NCCL INFO Channel 29/0 : 1[77000] -> 0[9000] via P2P/IPC comm 0x55c6532549c0 nRanks 02
vcjob-2107900011410145281-abc12335-65396-worker-0:129:6572 [3] NCCL INFO Channel 30/0 : 1[77000] -> 0[9000] via P2P/IPC comm 0x55c6532549c0 nRanks 02
vcjob-2107900011410145281-abc12335-65396-worker-0:129:6572 [3] NCCL INFO Channel 31/0 : 1[77000] -> 0[9000] via P2P/IPC comm 0x55c6532549c0 nRanks 02
vcjob-2107900011410145281-abc12335-65396-worker-0:129:6572 [3] NCCL INFO Connected all rings
vcjob-2107900011410145281-abc12335-65396-worker-0:126:6573 [0] NCCL INFO Connected all rings
vcjob-2107900011410145281-abc12335-65396-worker-0:129:6572 [3] NCCL INFO Connected all trees
vcjob-2107900011410145281-abc12335-65396-worker-0:129:6572 [3] NCCL INFO threadThresholds 8/8/64 | 16/8/64 | 256 | 256
vcjob-2107900011410145281-abc12335-65396-worker-0:126:6573 [0] NCCL INFO Connected all trees
vcjob-2107900011410145281-abc12335-65396-worker-0:129:6572 [3] NCCL INFO 32 coll channels, 32 collnet channels, 0 nvls channels, 32 p2p channels, 16 p2p channels per peer
vcjob-2107900011410145281-abc12335-65396-worker-0:126:6573 [0] NCCL INFO threadThresholds 8/8/64 | 16/8/64 | 256 | 256
vcjob-2107900011410145281-abc12335-65396-worker-0:126:6573 [0] NCCL INFO 32 coll channels, 32 collnet channels, 0 nvls channels, 32 p2p channels, 16 p2p channels per peer
vcjob-2107900011410145281-abc12335-65396-worker-0:126:6573 [0] NCCL INFO CC Off, Multi-GPU CC Off, workFifoBytes 4194304
vcjob-2107900011410145281-abc12335-65396-worker-0:126:6573 [0] NCCL INFO ncclCommInitRank comm 0x556e3d687c20 rank 0 nranks 2 cudaDev 0 nvmlDev 0 busId 9000 commId 0x7ed069200dd0c149 localSize 480 used 790104256 bytes on core 2 - Init COMPLETE
vcjob-2107900011410145281-abc12335-65396-worker-0:126:6573 [0] NCCL INFO Init timings: rank 0 nranks 2 total 0.32 (kernels 0.00, bootstrap 0.03, allgathers 0.01, topo 0.19, graphs 0.00, connections 0.10, rest 0.00)
vcjob-2107900011410145281-abc12335-65396-worker-0:129:6572 [3] NCCL INFO ncclCommInitRank comm 0x55c6532549c0 rank 1 nranks 2 cudaDev 3 nvmlDev 3 busId 77000 commId 0x7ed069200dd0c149 localSize 480 used 440435680 bytes on core 16 - Init COMPLETE
vcjob-2107900011410145281-abc12335-65396-worker-0:129:6572 [3] NCCL INFO Init timings: rank 1 nranks 2 total 0.33 (kernels 0.00, bootstrap 0.03, allgathers 0.00, topo 0.19, graphs 0.00, connections 0.10, rest 0.00)
I1008 02:25:31.515630   126 ProcessGroupNCCL.cpp:2890] [PG ID 0 PG GUID 0(default_pg) Rank 0] NCCL_DEBUG: INFO
I1008 02:25:31.515699   129 ProcessGroupNCCL.cpp:2890] [PG ID 0 PG GUID 0(default_pg) Rank 3] NCCL_DEBUG: INFO
vcjob-2107900011410145281-abc12335-65396-worker-0:129:6579 [3] NCCL INFO Channel 01/1 : 1[77000] -> 0[9000] via P2P/IPC comm 0x55c6532549c0 nRanks 02
vcjob-2107900011410145281-abc12335-65396-worker-0:129:6579 [3] NCCL INFO Channel 03/1 : 1[77000] -> 0[9000] via P2P/IPC comm 0x55c6532549c0 nRanks 02
vcjob-2107900011410145281-abc12335-65396-worker-0:129:6579 [3] NCCL INFO Channel 05/1 : 1[77000] -> 0[9000] via P2P/IPC comm 0x55c6532549c0 nRanks 02
vcjob-2107900011410145281-abc12335-65396-worker-0:129:6579 [3] NCCL INFO Channel 07/1 : 1[77000] -> 0[9000] via P2P/IPC comm 0x55c6532549c0 nRanks 02
vcjob-2107900011410145281-abc12335-65396-worker-0:129:6579 [3] NCCL INFO Channel 09/1 : 1[77000] -> 0[9000] via P2P/IPC comm 0x55c6532549c0 nRanks 02
vcjob-2107900011410145281-abc12335-65396-worker-0:129:6579 [3] NCCL INFO Channel 11/1 : 1[77000] -> 0[9000] via P2P/IPC comm 0x55c6532549c0 nRanks 02
vcjob-2107900011410145281-abc12335-65396-worker-0:129:6579 [3] NCCL INFO Channel 13/1 : 1[77000] -> 0[9000] via P2P/IPC comm 0x55c6532549c0 nRanks 02
vcjob-2107900011410145281-abc12335-65396-worker-0:129:6579 [3] NCCL INFO Channel 15/1 : 1[77000] -> 0[9000] via P2P/IPC comm 0x55c6532549c0 nRanks 02
vcjob-2107900011410145281-abc12335-65396-worker-0:129:6579 [3] NCCL INFO Channel 17/1 : 1[77000] -> 0[9000] via P2P/IPC comm 0x55c6532549c0 nRanks 02
vcjob-2107900011410145281-abc12335-65396-worker-0:129:6579 [3] NCCL INFO Channel 19/1 : 1[77000] -> 0[9000] via P2P/IPC comm 0x55c6532549c0 nRanks 02
vcjob-2107900011410145281-abc12335-65396-worker-0:129:6579 [3] NCCL INFO Channel 21/1 : 1[77000] -> 0[9000] via P2P/IPC comm 0x55c6532549c0 nRanks 02
vcjob-2107900011410145281-abc12335-65396-worker-0:129:6579 [3] NCCL INFO Channel 23/1 : 1[77000] -> 0[9000] via P2P/IPC comm 0x55c6532549c0 nRanks 02
vcjob-2107900011410145281-abc12335-65396-worker-0:129:6579 [3] NCCL INFO Channel 25/1 : 1[77000] -> 0[9000] via P2P/IPC comm 0x55c6532549c0 nRanks 02
vcjob-2107900011410145281-abc12335-65396-worker-0:129:6579 [3] NCCL INFO Channel 27/1 : 1[77000] -> 0[9000] via P2P/IPC comm 0x55c6532549c0 nRanks 02
vcjob-2107900011410145281-abc12335-65396-worker-0:129:6579 [3] NCCL INFO Channel 29/1 : 1[77000] -> 0[9000] via P2P/IPC comm 0x55c6532549c0 nRanks 02
vcjob-2107900011410145281-abc12335-65396-worker-0:129:6579 [3] NCCL INFO Channel 31/1 : 1[77000] -> 0[9000] via P2P/IPC comm 0x55c6532549c0 nRanks 02

vcjob-2107900011410145281-abc12335-65396-worker-0:126:126 [0] /data/jenkins_workspace/workspace/rccl_release/build/hipify/src/init.cc:170 NCCL WARN NUMA auto balancing enabled which can lead to variability in the RCCL performance! Disable by "sudo sysctl kernel.numa_balancing=0"
vcjob-2107900011410145281-abc12335-65396-worker-0:126:126 [0] NCCL INFO Kernel version: 5.15.0-25-generic

vcjob-2107900011410145281-abc12335-65396-worker-0:126:126 [0] /data/jenkins_workspace/workspace/rccl_release/build/hipify/src/init.cc:191 NCCL WARN Missing "iommu=pt" from kernel command line which can lead to system instablity or hang!
I1008 02:25:31.564075   126 ProcessGroupNCCL.cpp:2857] [PG ID 0 PG GUID 0(default_pg) Rank 0] ProcessGroupNCCL broadcast unique ID through store took 0.06655 ms
I1008 02:25:31.564098   126 NCCLUtils.cpp:75] Rank 0: creating NCCL communicator with mode: blocking

vcjob-2107900011410145281-abc12335-65396-worker-0:126:126 [0] /data/jenkins_workspace/workspace/rccl_release/build/hipify/src/init.cc:170 NCCL WARN NUMA auto balancing enabled which can lead to variability in the RCCL performance! Disable by "sudo sysctl kernel.numa_balancing=0"
vcjob-2107900011410145281-abc12335-65396-worker-0:126:126 [0] NCCL INFO Kernel version: 5.15.0-25-generic

vcjob-2107900011410145281-abc12335-65396-worker-0:126:126 [0] /data/jenkins_workspace/workspace/rccl_release/build/hipify/src/init.cc:191 NCCL WARN Missing "iommu=pt" from kernel command line which can lead to system instablity or hang!
I1008 02:25:31.564296   130 ProcessGroupNCCL.cpp:2857] [PG ID 0 PG GUID 0(default_pg) Rank 4] ProcessGroupNCCL broadcast unique ID through store took 1179.12 ms
I1008 02:25:31.564388   130 NCCLUtils.cpp:75] Rank 1: creating NCCL communicator with mode: blocking

vcjob-2107900011410145281-abc12335-65396-worker-0:130:130 [4] /data/jenkins_workspace/workspace/rccl_release/build/hipify/src/init.cc:170 NCCL WARN NUMA auto balancing enabled which can lead to variability in the RCCL performance! Disable by "sudo sysctl kernel.numa_balancing=0"
vcjob-2107900011410145281-abc12335-65396-worker-0:130:130 [4] NCCL INFO Kernel version: 5.15.0-25-generic

vcjob-2107900011410145281-abc12335-65396-worker-0:130:130 [4] /data/jenkins_workspace/workspace/rccl_release/build/hipify/src/init.cc:191 NCCL WARN Missing "iommu=pt" from kernel command line which can lead to system instablity or hang!
vcjob-2107900011410145281-abc12335-65396-worker-0:130:130 [4] NCCL INFO Comm config Blocking set to 1
vcjob-2107900011410145281-abc12335-65396-worker-0:130:6581 [4] NCCL INFO Using network Socket
vcjob-2107900011410145281-abc12335-65396-worker-0:130:6581 [4] NCCL INFO rocm_smi_lib: version 7.6.0.0
vcjob-2107900011410145281-abc12335-65396-worker-0:126:126 [0] NCCL INFO Comm config Blocking set to 1
vcjob-2107900011410145281-abc12335-65396-worker-0:126:6582 [0] NCCL INFO Using network Socket
vcjob-2107900011410145281-abc12335-65396-worker-0:126:6582 [0] NCCL INFO rocm_smi_lib: version 7.6.0.0
vcjob-2107900011410145281-abc12335-65396-worker-0:130:6581 [4] NCCL INFO ncclCommInitRank comm 0x5594a9994470 rank 1 nranks 2 cudaDev 4 nvmlDev 4 busId 85000 commId 0xde207deeed4fc0e3 - Init START
vcjob-2107900011410145281-abc12335-65396-worker-0:126:6582 [0] NCCL INFO ncclCommInitRank comm 0x556e3d743400 rank 0 nranks 2 cudaDev 0 nvmlDev 0 busId 9000 commId 0xde207deeed4fc0e3 - Init START
vcjob-2107900011410145281-abc12335-65396-worker-0:126:6582 [0] NCCL INFO rank:0 get match hsa dev domain:0x0 bdf:0x900 rank busId:0x36864
vcjob-2107900011410145281-abc12335-65396-worker-0:130:6581 [4] NCCL INFO rank:1 get match hsa dev domain:0x0 bdf:0x8500 rank busId:0x544768
vcjob-2107900011410145281-abc12335-65396-worker-0:130:6581 [4] NCCL INFO XDP Switch is off with xdp_size : 0
vcjob-2107900011410145281-abc12335-65396-worker-0:126:6582 [0] NCCL INFO XDP Switch is off with xdp_size : 0

vcjob-2107900011410145281-abc12335-65396-worker-0:130:6581 [4] /data/jenkins_workspace/workspace/rccl_release/build/hipify/src/graph/xml.cc:1211 NCCL WARN No IB NIC found, the generation of the basic topology has been terminated.

vcjob-2107900011410145281-abc12335-65396-worker-0:126:6582 [0] /data/jenkins_workspace/workspace/rccl_release/build/hipify/src/graph/xml.cc:1211 NCCL WARN No IB NIC found, the generation of the basic topology has been terminated.
vcjob-2107900011410145281-abc12335-65396-worker-0:126:6582 [0] NCCL INFO rocm_smi_lib: version 7.6.0.0
vcjob-2107900011410145281-abc12335-65396-worker-0:130:6581 [4] NCCL INFO rocm_smi_lib: version 7.6.0.0
vcjob-2107900011410145281-abc12335-65396-worker-0:126:6582 [0] NCCL INFO Setting affinity for GPU 0 to ffff
vcjob-2107900011410145281-abc12335-65396-worker-0:126:6582 [0] NCCL INFO Rank:0 Get link topo from rocmDev:0 linkNum:8 link:0 linkState:1 remote type:1 bdf:0x9b00 topoType:2
vcjob-2107900011410145281-abc12335-65396-worker-0:126:6582 [0] NCCL INFO Transport init rank 0 useXdp 0 linkTopoType 2
vcjob-2107900011410145281-abc12335-65396-worker-0:130:6581 [4] NCCL INFO Setting affinity for GPU 4 to ffff,00000000,00000000
vcjob-2107900011410145281-abc12335-65396-worker-0:130:6581 [4] NCCL INFO Rank:1 Get link topo from rocmDev:0 linkNum:8 link:0 linkState:1 remote type:1 bdf:0x9b00 topoType:2
vcjob-2107900011410145281-abc12335-65396-worker-0:130:6581 [4] NCCL INFO Transport init rank 1 useXdp 0 linkTopoType 2
vcjob-2107900011410145281-abc12335-65396-worker-0:130:6581 [4] NCCL INFO comm 0x5594a9994470 rank 1 nRanks 2 nNodes 1 localRanks 2 localRank 1 MNNVL 0
vcjob-2107900011410145281-abc12335-65396-worker-0:126:6582 [0] NCCL INFO comm 0x556e3d743400 rank 0 nRanks 2 nNodes 1 localRanks 2 localRank 0 MNNVL 0
vcjob-2107900011410145281-abc12335-65396-worker-0:126:6582 [0] NCCL INFO Channel 00/32 :    0   1
vcjob-2107900011410145281-abc12335-65396-worker-0:126:6582 [0] NCCL INFO Channel 01/32 :    0   1
vcjob-2107900011410145281-abc12335-65396-worker-0:126:6582 [0] NCCL INFO Channel 02/32 :    0   1
vcjob-2107900011410145281-abc12335-65396-worker-0:126:6582 [0] NCCL INFO Channel 03/32 :    0   1
vcjob-2107900011410145281-abc12335-65396-worker-0:126:6582 [0] NCCL INFO Channel 04/32 :    0   1
vcjob-2107900011410145281-abc12335-65396-worker-0:126:6582 [0] NCCL INFO Channel 05/32 :    0   1
vcjob-2107900011410145281-abc12335-65396-worker-0:126:6582 [0] NCCL INFO Channel 06/32 :    0   1
vcjob-2107900011410145281-abc12335-65396-worker-0:126:6582 [0] NCCL INFO Channel 07/32 :    0   1
vcjob-2107900011410145281-abc12335-65396-worker-0:126:6582 [0] NCCL INFO Channel 08/32 :    0   1
vcjob-2107900011410145281-abc12335-65396-worker-0:126:6582 [0] NCCL INFO Channel 09/32 :    0   1
vcjob-2107900011410145281-abc12335-65396-worker-0:126:6582 [0] NCCL INFO Channel 10/32 :    0   1
vcjob-2107900011410145281-abc12335-65396-worker-0:126:6582 [0] NCCL INFO Channel 11/32 :    0   1
vcjob-2107900011410145281-abc12335-65396-worker-0:130:6581 [4] NCCL INFO Trees [0] -1/-1/-1->1->0 [1] -1/-1/-1->1->0 [2] -1/-1/-1->1->0 [3] 0/-1/-1->1->-1 [4] -1/-1/-1->1->0 [5] -1/-1/-1->1->0 [6] -1/-1/-1->1->0 [7] 0/-1/-1->1->-1 [8] -1/-1/-1->1->0 [9] -1/-1/-1->1->0 [10] -1/-1/-1->1->0 [11] 0/-1/-1->1->-1 [12] -1/-1/-1->1->0 [13] -1/-1/-1->1->0 [14] -1/-1/-1->1->0 [15] 0/-1/-1->1->-1 [16] -1/-1/-1->1->0 [17] -1/-1/-1->1->0 [18] -1/-1/-1->1->0 [19] 0/-1/-1->1->-1 [20] -1/-1/-1->1->0 [21] -1/-1/-1->1->0 [22] -1/-1/-1->1->0 [23] 0/-1/-1->1->-1 [24] -1/-1/-1->1->0 [25] -1/-1/-1->1->0 [26] -1/-1/-1->1->0 [27] 0/-1/-1->1->-1 [28] -1/-1/-1->1->0 [29] -1/-1/-1->1->0 [30] -1/-1/-1->1->0 [31] 0/-1/-1->1->-1 comm 0x5594a9994470 nRanks 02 busId 85000
vcjob-2107900011410145281-abc12335-65396-worker-0:126:6582 [0] NCCL INFO Channel 12/32 :    0   1
vcjob-2107900011410145281-abc12335-65396-worker-0:130:6581 [4] NCCL INFO P2P Chunksize set to 262144
vcjob-2107900011410145281-abc12335-65396-worker-0:126:6582 [0] NCCL INFO Channel 13/32 :    0   1
vcjob-2107900011410145281-abc12335-65396-worker-0:130:6581 [4] NCCL INFO comm->autoPerPeerOn: 1, comm->p2pnChannels: 32, comm->p2pnChannelsPerPeer: 16
vcjob-2107900011410145281-abc12335-65396-worker-0:126:6582 [0] NCCL INFO Channel 14/32 :    0   1
vcjob-2107900011410145281-abc12335-65396-worker-0:126:6582 [0] NCCL INFO Channel 15/32 :    0   1
vcjob-2107900011410145281-abc12335-65396-worker-0:126:6582 [0] NCCL INFO Channel 16/32 :    0   1
vcjob-2107900011410145281-abc12335-65396-worker-0:126:6582 [0] NCCL INFO Channel 17/32 :    0   1
vcjob-2107900011410145281-abc12335-65396-worker-0:126:6582 [0] NCCL INFO Channel 18/32 :    0   1
vcjob-2107900011410145281-abc12335-65396-worker-0:126:6582 [0] NCCL INFO Channel 19/32 :    0   1
vcjob-2107900011410145281-abc12335-65396-worker-0:126:6582 [0] NCCL INFO Channel 20/32 :    0   1
vcjob-2107900011410145281-abc12335-65396-worker-0:126:6582 [0] NCCL INFO Channel 21/32 :    0   1
vcjob-2107900011410145281-abc12335-65396-worker-0:126:6582 [0] NCCL INFO Channel 22/32 :    0   1
vcjob-2107900011410145281-abc12335-65396-worker-0:126:6582 [0] NCCL INFO Channel 23/32 :    0   1
vcjob-2107900011410145281-abc12335-65396-worker-0:126:6582 [0] NCCL INFO Channel 24/32 :    0   1
vcjob-2107900011410145281-abc12335-65396-worker-0:126:6582 [0] NCCL INFO Channel 25/32 :    0   1
vcjob-2107900011410145281-abc12335-65396-worker-0:126:6582 [0] NCCL INFO Channel 26/32 :    0   1
vcjob-2107900011410145281-abc12335-65396-worker-0:126:6582 [0] NCCL INFO Channel 27/32 :    0   1
vcjob-2107900011410145281-abc12335-65396-worker-0:126:6582 [0] NCCL INFO Channel 28/32 :    0   1
vcjob-2107900011410145281-abc12335-65396-worker-0:126:6582 [0] NCCL INFO Channel 29/32 :    0   1
vcjob-2107900011410145281-abc12335-65396-worker-0:126:6582 [0] NCCL INFO Channel 30/32 :    0   1
vcjob-2107900011410145281-abc12335-65396-worker-0:126:6582 [0] NCCL INFO Channel 31/32 :    0   1
vcjob-2107900011410145281-abc12335-65396-worker-0:126:6582 [0] NCCL INFO Trees [0] 1/-1/-1->0->-1 [1] 1/-1/-1->0->-1 [2] 1/-1/-1->0->-1 [3] -1/-1/-1->0->1 [4] 1/-1/-1->0->-1 [5] 1/-1/-1->0->-1 [6] 1/-1/-1->0->-1 [7] -1/-1/-1->0->1 [8] 1/-1/-1->0->-1 [9] 1/-1/-1->0->-1 [10] 1/-1/-1->0->-1 [11] -1/-1/-1->0->1 [12] 1/-1/-1->0->-1 [13] 1/-1/-1->0->-1 [14] 1/-1/-1->0->-1 [15] -1/-1/-1->0->1 [16] 1/-1/-1->0->-1 [17] 1/-1/-1->0->-1 [18] 1/-1/-1->0->-1 [19] -1/-1/-1->0->1 [20] 1/-1/-1->0->-1 [21] 1/-1/-1->0->-1 [22] 1/-1/-1->0->-1 [23] -1/-1/-1->0->1 [24] 1/-1/-1->0->-1 [25] 1/-1/-1->0->-1 [26] 1/-1/-1->0->-1 [27] -1/-1/-1->0->1 [28] 1/-1/-1->0->-1 [29] 1/-1/-1->0->-1 [30] 1/-1/-1->0->-1 [31] -1/-1/-1->0->1 comm 0x556e3d743400 nRanks 02 busId 9000
vcjob-2107900011410145281-abc12335-65396-worker-0:126:6582 [0] NCCL INFO P2P Chunksize set to 262144
vcjob-2107900011410145281-abc12335-65396-worker-0:126:6582 [0] NCCL INFO comm->autoPerPeerOn: 1, comm->p2pnChannels: 32, comm->p2pnChannelsPerPeer: 16
vcjob-2107900011410145281-abc12335-65396-worker-0:126:6582 [0] NCCL INFO Channel 00/0 : 0[9000] -> 1[85000] via P2P/IPC comm 0x556e3d743400 nRanks 02
vcjob-2107900011410145281-abc12335-65396-worker-0:126:6582 [0] NCCL INFO Channel 01/0 : 0[9000] -> 1[85000] via P2P/IPC comm 0x556e3d743400 nRanks 02
vcjob-2107900011410145281-abc12335-65396-worker-0:126:6582 [0] NCCL INFO Channel 02/0 : 0[9000] -> 1[85000] via P2P/IPC comm 0x556e3d743400 nRanks 02
vcjob-2107900011410145281-abc12335-65396-worker-0:126:6582 [0] NCCL INFO Channel 03/0 : 0[9000] -> 1[85000] via P2P/IPC comm 0x556e3d743400 nRanks 02
vcjob-2107900011410145281-abc12335-65396-worker-0:126:6582 [0] NCCL INFO Channel 04/0 : 0[9000] -> 1[85000] via P2P/IPC comm 0x556e3d743400 nRanks 02
vcjob-2107900011410145281-abc12335-65396-worker-0:126:6582 [0] NCCL INFO Channel 05/0 : 0[9000] -> 1[85000] via P2P/IPC comm 0x556e3d743400 nRanks 02
vcjob-2107900011410145281-abc12335-65396-worker-0:126:6582 [0] NCCL INFO Channel 06/0 : 0[9000] -> 1[85000] via P2P/IPC comm 0x556e3d743400 nRanks 02
vcjob-2107900011410145281-abc12335-65396-worker-0:126:6582 [0] NCCL INFO Channel 07/0 : 0[9000] -> 1[85000] via P2P/IPC comm 0x556e3d743400 nRanks 02
vcjob-2107900011410145281-abc12335-65396-worker-0:126:6582 [0] NCCL INFO Channel 08/0 : 0[9000] -> 1[85000] via P2P/IPC comm 0x556e3d743400 nRanks 02
vcjob-2107900011410145281-abc12335-65396-worker-0:126:6582 [0] NCCL INFO Channel 09/0 : 0[9000] -> 1[85000] via P2P/IPC comm 0x556e3d743400 nRanks 02
vcjob-2107900011410145281-abc12335-65396-worker-0:126:6582 [0] NCCL INFO Channel 10/0 : 0[9000] -> 1[85000] via P2P/IPC comm 0x556e3d743400 nRanks 02
vcjob-2107900011410145281-abc12335-65396-worker-0:126:6582 [0] NCCL INFO Channel 11/0 : 0[9000] -> 1[85000] via P2P/IPC comm 0x556e3d743400 nRanks 02
vcjob-2107900011410145281-abc12335-65396-worker-0:126:6582 [0] NCCL INFO Channel 12/0 : 0[9000] -> 1[85000] via P2P/IPC comm 0x556e3d743400 nRanks 02
vcjob-2107900011410145281-abc12335-65396-worker-0:126:6582 [0] NCCL INFO Channel 13/0 : 0[9000] -> 1[85000] via P2P/IPC comm 0x556e3d743400 nRanks 02
vcjob-2107900011410145281-abc12335-65396-worker-0:126:6582 [0] NCCL INFO Channel 14/0 : 0[9000] -> 1[85000] via P2P/IPC comm 0x556e3d743400 nRanks 02
vcjob-2107900011410145281-abc12335-65396-worker-0:126:6582 [0] NCCL INFO Channel 15/0 : 0[9000] -> 1[85000] via P2P/IPC comm 0x556e3d743400 nRanks 02
vcjob-2107900011410145281-abc12335-65396-worker-0:126:6582 [0] NCCL INFO Channel 16/0 : 0[9000] -> 1[85000] via P2P/IPC comm 0x556e3d743400 nRanks 02
vcjob-2107900011410145281-abc12335-65396-worker-0:126:6582 [0] NCCL INFO Channel 17/0 : 0[9000] -> 1[85000] via P2P/IPC comm 0x556e3d743400 nRanks 02
vcjob-2107900011410145281-abc12335-65396-worker-0:126:6582 [0] NCCL INFO Channel 18/0 : 0[9000] -> 1[85000] via P2P/IPC comm 0x556e3d743400 nRanks 02
vcjob-2107900011410145281-abc12335-65396-worker-0:126:6582 [0] NCCL INFO Channel 19/0 : 0[9000] -> 1[85000] via P2P/IPC comm 0x556e3d743400 nRanks 02
vcjob-2107900011410145281-abc12335-65396-worker-0:126:6582 [0] NCCL INFO Channel 20/0 : 0[9000] -> 1[85000] via P2P/IPC comm 0x556e3d743400 nRanks 02
vcjob-2107900011410145281-abc12335-65396-worker-0:126:6582 [0] NCCL INFO Channel 21/0 : 0[9000] -> 1[85000] via P2P/IPC comm 0x556e3d743400 nRanks 02
vcjob-2107900011410145281-abc12335-65396-worker-0:126:6582 [0] NCCL INFO Channel 22/0 : 0[9000] -> 1[85000] via P2P/IPC comm 0x556e3d743400 nRanks 02
vcjob-2107900011410145281-abc12335-65396-worker-0:126:6582 [0] NCCL INFO Channel 23/0 : 0[9000] -> 1[85000] via P2P/IPC comm 0x556e3d743400 nRanks 02
vcjob-2107900011410145281-abc12335-65396-worker-0:126:6582 [0] NCCL INFO Channel 24/0 : 0[9000] -> 1[85000] via P2P/IPC comm 0x556e3d743400 nRanks 02
vcjob-2107900011410145281-abc12335-65396-worker-0:130:6581 [4] NCCL INFO Channel 00/0 : 1[85000] -> 0[9000] via P2P/IPC comm 0x5594a9994470 nRanks 02
vcjob-2107900011410145281-abc12335-65396-worker-0:126:6582 [0] NCCL INFO Channel 25/0 : 0[9000] -> 1[85000] via P2P/IPC comm 0x556e3d743400 nRanks 02
vcjob-2107900011410145281-abc12335-65396-worker-0:130:6581 [4] NCCL INFO Channel 01/0 : 1[85000] -> 0[9000] via P2P/IPC comm 0x5594a9994470 nRanks 02
vcjob-2107900011410145281-abc12335-65396-worker-0:126:6582 [0] NCCL INFO Channel 26/0 : 0[9000] -> 1[85000] via P2P/IPC comm 0x556e3d743400 nRanks 02
vcjob-2107900011410145281-abc12335-65396-worker-0:130:6581 [4] NCCL INFO Channel 02/0 : 1[85000] -> 0[9000] via P2P/IPC comm 0x5594a9994470 nRanks 02
vcjob-2107900011410145281-abc12335-65396-worker-0:130:6581 [4] NCCL INFO Channel 03/0 : 1[85000] -> 0[9000] via P2P/IPC comm 0x5594a9994470 nRanks 02
vcjob-2107900011410145281-abc12335-65396-worker-0:126:6582 [0] NCCL INFO Channel 27/0 : 0[9000] -> 1[85000] via P2P/IPC comm 0x556e3d743400 nRanks 02
vcjob-2107900011410145281-abc12335-65396-worker-0:130:6581 [4] NCCL INFO Channel 04/0 : 1[85000] -> 0[9000] via P2P/IPC comm 0x5594a9994470 nRanks 02
vcjob-2107900011410145281-abc12335-65396-worker-0:126:6582 [0] NCCL INFO Channel 28/0 : 0[9000] -> 1[85000] via P2P/IPC comm 0x556e3d743400 nRanks 02
vcjob-2107900011410145281-abc12335-65396-worker-0:130:6581 [4] NCCL INFO Channel 05/0 : 1[85000] -> 0[9000] via P2P/IPC comm 0x5594a9994470 nRanks 02
vcjob-2107900011410145281-abc12335-65396-worker-0:126:6582 [0] NCCL INFO Channel 29/0 : 0[9000] -> 1[85000] via P2P/IPC comm 0x556e3d743400 nRanks 02
vcjob-2107900011410145281-abc12335-65396-worker-0:130:6581 [4] NCCL INFO Channel 06/0 : 1[85000] -> 0[9000] via P2P/IPC comm 0x5594a9994470 nRanks 02
vcjob-2107900011410145281-abc12335-65396-worker-0:126:6582 [0] NCCL INFO Channel 30/0 : 0[9000] -> 1[85000] via P2P/IPC comm 0x556e3d743400 nRanks 02
vcjob-2107900011410145281-abc12335-65396-worker-0:130:6581 [4] NCCL INFO Channel 07/0 : 1[85000] -> 0[9000] via P2P/IPC comm 0x5594a9994470 nRanks 02
vcjob-2107900011410145281-abc12335-65396-worker-0:126:6582 [0] NCCL INFO Channel 31/0 : 0[9000] -> 1[85000] via P2P/IPC comm 0x556e3d743400 nRanks 02
vcjob-2107900011410145281-abc12335-65396-worker-0:130:6581 [4] NCCL INFO Channel 08/0 : 1[85000] -> 0[9000] via P2P/IPC comm 0x5594a9994470 nRanks 02
vcjob-2107900011410145281-abc12335-65396-worker-0:130:6581 [4] NCCL INFO Channel 09/0 : 1[85000] -> 0[9000] via P2P/IPC comm 0x5594a9994470 nRanks 02
vcjob-2107900011410145281-abc12335-65396-worker-0:130:6581 [4] NCCL INFO Channel 10/0 : 1[85000] -> 0[9000] via P2P/IPC comm 0x5594a9994470 nRanks 02
vcjob-2107900011410145281-abc12335-65396-worker-0:130:6581 [4] NCCL INFO Channel 11/0 : 1[85000] -> 0[9000] via P2P/IPC comm 0x5594a9994470 nRanks 02
vcjob-2107900011410145281-abc12335-65396-worker-0:130:6581 [4] NCCL INFO Channel 12/0 : 1[85000] -> 0[9000] via P2P/IPC comm 0x5594a9994470 nRanks 02
vcjob-2107900011410145281-abc12335-65396-worker-0:130:6581 [4] NCCL INFO Channel 13/0 : 1[85000] -> 0[9000] via P2P/IPC comm 0x5594a9994470 nRanks 02
vcjob-2107900011410145281-abc12335-65396-worker-0:130:6581 [4] NCCL INFO Channel 14/0 : 1[85000] -> 0[9000] via P2P/IPC comm 0x5594a9994470 nRanks 02
vcjob-2107900011410145281-abc12335-65396-worker-0:130:6581 [4] NCCL INFO Channel 15/0 : 1[85000] -> 0[9000] via P2P/IPC comm 0x5594a9994470 nRanks 02
vcjob-2107900011410145281-abc12335-65396-worker-0:130:6581 [4] NCCL INFO Channel 16/0 : 1[85000] -> 0[9000] via P2P/IPC comm 0x5594a9994470 nRanks 02
vcjob-2107900011410145281-abc12335-65396-worker-0:130:6581 [4] NCCL INFO Channel 17/0 : 1[85000] -> 0[9000] via P2P/IPC comm 0x5594a9994470 nRanks 02
vcjob-2107900011410145281-abc12335-65396-worker-0:130:6581 [4] NCCL INFO Channel 18/0 : 1[85000] -> 0[9000] via P2P/IPC comm 0x5594a9994470 nRanks 02
vcjob-2107900011410145281-abc12335-65396-worker-0:130:6581 [4] NCCL INFO Channel 19/0 : 1[85000] -> 0[9000] via P2P/IPC comm 0x5594a9994470 nRanks 02
vcjob-2107900011410145281-abc12335-65396-worker-0:130:6581 [4] NCCL INFO Channel 20/0 : 1[85000] -> 0[9000] via P2P/IPC comm 0x5594a9994470 nRanks 02
vcjob-2107900011410145281-abc12335-65396-worker-0:130:6581 [4] NCCL INFO Channel 21/0 : 1[85000] -> 0[9000] via P2P/IPC comm 0x5594a9994470 nRanks 02
vcjob-2107900011410145281-abc12335-65396-worker-0:130:6581 [4] NCCL INFO Channel 22/0 : 1[85000] -> 0[9000] via P2P/IPC comm 0x5594a9994470 nRanks 02
vcjob-2107900011410145281-abc12335-65396-worker-0:130:6581 [4] NCCL INFO Channel 23/0 : 1[85000] -> 0[9000] via P2P/IPC comm 0x5594a9994470 nRanks 02
vcjob-2107900011410145281-abc12335-65396-worker-0:130:6581 [4] NCCL INFO Channel 24/0 : 1[85000] -> 0[9000] via P2P/IPC comm 0x5594a9994470 nRanks 02
vcjob-2107900011410145281-abc12335-65396-worker-0:130:6581 [4] NCCL INFO Channel 25/0 : 1[85000] -> 0[9000] via P2P/IPC comm 0x5594a9994470 nRanks 02
vcjob-2107900011410145281-abc12335-65396-worker-0:130:6581 [4] NCCL INFO Channel 26/0 : 1[85000] -> 0[9000] via P2P/IPC comm 0x5594a9994470 nRanks 02
vcjob-2107900011410145281-abc12335-65396-worker-0:130:6581 [4] NCCL INFO Channel 27/0 : 1[85000] -> 0[9000] via P2P/IPC comm 0x5594a9994470 nRanks 02
vcjob-2107900011410145281-abc12335-65396-worker-0:130:6581 [4] NCCL INFO Channel 28/0 : 1[85000] -> 0[9000] via P2P/IPC comm 0x5594a9994470 nRanks 02
vcjob-2107900011410145281-abc12335-65396-worker-0:130:6581 [4] NCCL INFO Channel 29/0 : 1[85000] -> 0[9000] via P2P/IPC comm 0x5594a9994470 nRanks 02
vcjob-2107900011410145281-abc12335-65396-worker-0:130:6581 [4] NCCL INFO Channel 30/0 : 1[85000] -> 0[9000] via P2P/IPC comm 0x5594a9994470 nRanks 02
vcjob-2107900011410145281-abc12335-65396-worker-0:130:6581 [4] NCCL INFO Channel 31/0 : 1[85000] -> 0[9000] via P2P/IPC comm 0x5594a9994470 nRanks 02
vcjob-2107900011410145281-abc12335-65396-worker-0:130:6581 [4] NCCL INFO Connected all rings
vcjob-2107900011410145281-abc12335-65396-worker-0:126:6582 [0] NCCL INFO Connected all rings
vcjob-2107900011410145281-abc12335-65396-worker-0:130:6581 [4] NCCL INFO Connected all trees
vcjob-2107900011410145281-abc12335-65396-worker-0:130:6581 [4] NCCL INFO threadThresholds 8/8/64 | 16/8/64 | 256 | 256
vcjob-2107900011410145281-abc12335-65396-worker-0:130:6581 [4] NCCL INFO 32 coll channels, 32 collnet channels, 0 nvls channels, 32 p2p channels, 16 p2p channels per peer
vcjob-2107900011410145281-abc12335-65396-worker-0:126:6582 [0] NCCL INFO Connected all trees
vcjob-2107900011410145281-abc12335-65396-worker-0:126:6582 [0] NCCL INFO threadThresholds 8/8/64 | 16/8/64 | 256 | 256
vcjob-2107900011410145281-abc12335-65396-worker-0:126:6582 [0] NCCL INFO 32 coll channels, 32 collnet channels, 0 nvls channels, 32 p2p channels, 16 p2p channels per peer
vcjob-2107900011410145281-abc12335-65396-worker-0:126:6582 [0] NCCL INFO CC Off, Multi-GPU CC Off, workFifoBytes 4194304
vcjob-2107900011410145281-abc12335-65396-worker-0:126:6582 [0] NCCL INFO ncclCommInitRank comm 0x556e3d743400 rank 0 nranks 2 cudaDev 0 nvmlDev 0 busId 9000 commId 0xde207deeed4fc0e3 localSize 480 used 993315632 bytes on core 0 - Init COMPLETE
vcjob-2107900011410145281-abc12335-65396-worker-0:126:6582 [0] NCCL INFO Init timings: rank 0 nranks 2 total 0.34 (kernels 0.00, bootstrap 0.03, allgathers 0.01, topo 0.20, graphs 0.00, connections 0.09, rest 0.00)
vcjob-2107900011410145281-abc12335-65396-worker-0:130:6581 [4] NCCL INFO ncclCommInitRank comm 0x5594a9994470 rank 1 nranks 2 cudaDev 4 nvmlDev 4 busId 85000 commId 0xde207deeed4fc0e3 localSize 480 used 440435680 bytes on core 64 - Init COMPLETE
vcjob-2107900011410145281-abc12335-65396-worker-0:130:6581 [4] NCCL INFO Init timings: rank 1 nranks 2 total 0.34 (kernels 0.00, bootstrap 0.04, allgathers 0.00, topo 0.21, graphs 0.00, connections 0.09, rest 0.00)
I1008 02:25:31.906863   126 ProcessGroupNCCL.cpp:2890] [PG ID 0 PG GUID 0(default_pg) Rank 0] NCCL_DEBUG: INFO
I1008 02:25:31.906965   130 ProcessGroupNCCL.cpp:2890] [PG ID 0 PG GUID 0(default_pg) Rank 4] NCCL_DEBUG: INFO
vcjob-2107900011410145281-abc12335-65396-worker-0:130:6588 [4] NCCL INFO Channel 01/1 : 1[85000] -> 0[9000] via P2P/IPC comm 0x5594a9994470 nRanks 02
vcjob-2107900011410145281-abc12335-65396-worker-0:130:6588 [4] NCCL INFO Channel 03/1 : 1[85000] -> 0[9000] via P2P/IPC comm 0x5594a9994470 nRanks 02
vcjob-2107900011410145281-abc12335-65396-worker-0:130:6588 [4] NCCL INFO Channel 05/1 : 1[85000] -> 0[9000] via P2P/IPC comm 0x5594a9994470 nRanks 02
vcjob-2107900011410145281-abc12335-65396-worker-0:130:6588 [4] NCCL INFO Channel 07/1 : 1[85000] -> 0[9000] via P2P/IPC comm 0x5594a9994470 nRanks 02
vcjob-2107900011410145281-abc12335-65396-worker-0:130:6588 [4] NCCL INFO Channel 09/1 : 1[85000] -> 0[9000] via P2P/IPC comm 0x5594a9994470 nRanks 02
vcjob-2107900011410145281-abc12335-65396-worker-0:130:6588 [4] NCCL INFO Channel 11/1 : 1[85000] -> 0[9000] via P2P/IPC comm 0x5594a9994470 nRanks 02
vcjob-2107900011410145281-abc12335-65396-worker-0:130:6588 [4] NCCL INFO Channel 13/1 : 1[85000] -> 0[9000] via P2P/IPC comm 0x5594a9994470 nRanks 02
vcjob-2107900011410145281-abc12335-65396-worker-0:130:6588 [4] NCCL INFO Channel 15/1 : 1[85000] -> 0[9000] via P2P/IPC comm 0x5594a9994470 nRanks 02
vcjob-2107900011410145281-abc12335-65396-worker-0:130:6588 [4] NCCL INFO Channel 17/1 : 1[85000] -> 0[9000] via P2P/IPC comm 0x5594a9994470 nRanks 02
vcjob-2107900011410145281-abc12335-65396-worker-0:130:6588 [4] NCCL INFO Channel 19/1 : 1[85000] -> 0[9000] via P2P/IPC comm 0x5594a9994470 nRanks 02
vcjob-2107900011410145281-abc12335-65396-worker-0:130:6588 [4] NCCL INFO Channel 21/1 : 1[85000] -> 0[9000] via P2P/IPC comm 0x5594a9994470 nRanks 02
vcjob-2107900011410145281-abc12335-65396-worker-0:130:6588 [4] NCCL INFO Channel 23/1 : 1[85000] -> 0[9000] via P2P/IPC comm 0x5594a9994470 nRanks 02
vcjob-2107900011410145281-abc12335-65396-worker-0:130:6588 [4] NCCL INFO Channel 25/1 : 1[85000] -> 0[9000] via P2P/IPC comm 0x5594a9994470 nRanks 02
vcjob-2107900011410145281-abc12335-65396-worker-0:130:6588 [4] NCCL INFO Channel 27/1 : 1[85000] -> 0[9000] via P2P/IPC comm 0x5594a9994470 nRanks 02
vcjob-2107900011410145281-abc12335-65396-worker-0:130:6588 [4] NCCL INFO Channel 29/1 : 1[85000] -> 0[9000] via P2P/IPC comm 0x5594a9994470 nRanks 02
vcjob-2107900011410145281-abc12335-65396-worker-0:130:6588 [4] NCCL INFO Channel 31/1 : 1[85000] -> 0[9000] via P2P/IPC comm 0x5594a9994470 nRanks 02

vcjob-2107900011410145281-abc12335-65396-worker-0:126:126 [0] /data/jenkins_workspace/workspace/rccl_release/build/hipify/src/init.cc:170 NCCL WARN NUMA auto balancing enabled which can lead to variability in the RCCL performance! Disable by "sudo sysctl kernel.numa_balancing=0"
vcjob-2107900011410145281-abc12335-65396-worker-0:126:126 [0] NCCL INFO Kernel version: 5.15.0-25-generic

vcjob-2107900011410145281-abc12335-65396-worker-0:126:126 [0] /data/jenkins_workspace/workspace/rccl_release/build/hipify/src/init.cc:191 NCCL WARN Missing "iommu=pt" from kernel command line which can lead to system instablity or hang!
I1008 02:25:31.946985   126 ProcessGroupNCCL.cpp:2857] [PG ID 0 PG GUID 0(default_pg) Rank 0] ProcessGroupNCCL broadcast unique ID through store took 0.097101 ms
I1008 02:25:31.947013   126 NCCLUtils.cpp:75] Rank 0: creating NCCL communicator with mode: blocking

vcjob-2107900011410145281-abc12335-65396-worker-0:126:126 [0] /data/jenkins_workspace/workspace/rccl_release/build/hipify/src/init.cc:170 NCCL WARN NUMA auto balancing enabled which can lead to variability in the RCCL performance! Disable by "sudo sysctl kernel.numa_balancing=0"
vcjob-2107900011410145281-abc12335-65396-worker-0:126:126 [0] NCCL INFO Kernel version: 5.15.0-25-generic

vcjob-2107900011410145281-abc12335-65396-worker-0:126:126 [0] /data/jenkins_workspace/workspace/rccl_release/build/hipify/src/init.cc:191 NCCL WARN Missing "iommu=pt" from kernel command line which can lead to system instablity or hang!
I1008 02:25:31.947203   131 ProcessGroupNCCL.cpp:2857] [PG ID 0 PG GUID 0(default_pg) Rank 5] ProcessGroupNCCL broadcast unique ID through store took 1562.01 ms
I1008 02:25:31.947348   131 NCCLUtils.cpp:75] Rank 1: creating NCCL communicator with mode: blocking

vcjob-2107900011410145281-abc12335-65396-worker-0:131:131 [5] /data/jenkins_workspace/workspace/rccl_release/build/hipify/src/init.cc:170 NCCL WARN NUMA auto balancing enabled which can lead to variability in the RCCL performance! Disable by "sudo sysctl kernel.numa_balancing=0"
vcjob-2107900011410145281-abc12335-65396-worker-0:131:131 [5] NCCL INFO Kernel version: 5.15.0-25-generic

vcjob-2107900011410145281-abc12335-65396-worker-0:131:131 [5] /data/jenkins_workspace/workspace/rccl_release/build/hipify/src/init.cc:191 NCCL WARN Missing "iommu=pt" from kernel command line which can lead to system instablity or hang!
vcjob-2107900011410145281-abc12335-65396-worker-0:131:131 [5] NCCL INFO Comm config Blocking set to 1
vcjob-2107900011410145281-abc12335-65396-worker-0:131:6590 [5] NCCL INFO Using network Socket
vcjob-2107900011410145281-abc12335-65396-worker-0:131:6590 [5] NCCL INFO rocm_smi_lib: version 7.6.0.0
vcjob-2107900011410145281-abc12335-65396-worker-0:126:126 [0] NCCL INFO Comm config Blocking set to 1
vcjob-2107900011410145281-abc12335-65396-worker-0:126:6591 [0] NCCL INFO Using network Socket
vcjob-2107900011410145281-abc12335-65396-worker-0:126:6591 [0] NCCL INFO rocm_smi_lib: version 7.6.0.0
vcjob-2107900011410145281-abc12335-65396-worker-0:126:6591 [0] NCCL INFO ncclCommInitRank comm 0x556e3d7febe0 rank 0 nranks 2 cudaDev 0 nvmlDev 0 busId 9000 commId 0x83bdb349fefcde95 - Init START
vcjob-2107900011410145281-abc12335-65396-worker-0:131:6590 [5] NCCL INFO ncclCommInitRank comm 0x562a84d2eab0 rank 1 nranks 2 cudaDev 5 nvmlDev 5 busId b5000 commId 0x83bdb349fefcde95 - Init START
vcjob-2107900011410145281-abc12335-65396-worker-0:131:6590 [5] NCCL INFO rank:1 get match hsa dev domain:0x0 bdf:0xb500 rank busId:0x741376
vcjob-2107900011410145281-abc12335-65396-worker-0:126:6591 [0] NCCL INFO rank:0 get match hsa dev domain:0x0 bdf:0x900 rank busId:0x36864
vcjob-2107900011410145281-abc12335-65396-worker-0:131:6590 [5] NCCL INFO XDP Switch is off with xdp_size : 0
vcjob-2107900011410145281-abc12335-65396-worker-0:126:6591 [0] NCCL INFO XDP Switch is off with xdp_size : 0

vcjob-2107900011410145281-abc12335-65396-worker-0:131:6590 [5] /data/jenkins_workspace/workspace/rccl_release/build/hipify/src/graph/xml.cc:1211 NCCL WARN No IB NIC found, the generation of the basic topology has been terminated.

vcjob-2107900011410145281-abc12335-65396-worker-0:126:6591 [0] /data/jenkins_workspace/workspace/rccl_release/build/hipify/src/graph/xml.cc:1211 NCCL WARN No IB NIC found, the generation of the basic topology has been terminated.
vcjob-2107900011410145281-abc12335-65396-worker-0:131:6590 [5] NCCL INFO rocm_smi_lib: version 7.6.0.0
vcjob-2107900011410145281-abc12335-65396-worker-0:126:6591 [0] NCCL INFO rocm_smi_lib: version 7.6.0.0
vcjob-2107900011410145281-abc12335-65396-worker-0:131:6590 [5] NCCL INFO Setting affinity for GPU 5 to ffff0000,00000000,00000000,00000000
vcjob-2107900011410145281-abc12335-65396-worker-0:131:6590 [5] NCCL INFO Rank:1 Get link topo from rocmDev:0 linkNum:8 link:0 linkState:1 remote type:1 bdf:0x9b00 topoType:2
vcjob-2107900011410145281-abc12335-65396-worker-0:131:6590 [5] NCCL INFO Transport init rank 1 useXdp 0 linkTopoType 2
vcjob-2107900011410145281-abc12335-65396-worker-0:126:6591 [0] NCCL INFO Setting affinity for GPU 0 to ffff
vcjob-2107900011410145281-abc12335-65396-worker-0:126:6591 [0] NCCL INFO Rank:0 Get link topo from rocmDev:0 linkNum:8 link:0 linkState:1 remote type:1 bdf:0x9b00 topoType:2
vcjob-2107900011410145281-abc12335-65396-worker-0:126:6591 [0] NCCL INFO Transport init rank 0 useXdp 0 linkTopoType 2
vcjob-2107900011410145281-abc12335-65396-worker-0:126:6591 [0] NCCL INFO comm 0x556e3d7febe0 rank 0 nRanks 2 nNodes 1 localRanks 2 localRank 0 MNNVL 0
vcjob-2107900011410145281-abc12335-65396-worker-0:131:6590 [5] NCCL INFO comm 0x562a84d2eab0 rank 1 nRanks 2 nNodes 1 localRanks 2 localRank 1 MNNVL 0
vcjob-2107900011410145281-abc12335-65396-worker-0:126:6591 [0] NCCL INFO Channel 00/32 :    0   1
vcjob-2107900011410145281-abc12335-65396-worker-0:126:6591 [0] NCCL INFO Channel 01/32 :    0   1
vcjob-2107900011410145281-abc12335-65396-worker-0:126:6591 [0] NCCL INFO Channel 02/32 :    0   1
vcjob-2107900011410145281-abc12335-65396-worker-0:126:6591 [0] NCCL INFO Channel 03/32 :    0   1
vcjob-2107900011410145281-abc12335-65396-worker-0:126:6591 [0] NCCL INFO Channel 04/32 :    0   1
vcjob-2107900011410145281-abc12335-65396-worker-0:126:6591 [0] NCCL INFO Channel 05/32 :    0   1
vcjob-2107900011410145281-abc12335-65396-worker-0:126:6591 [0] NCCL INFO Channel 06/32 :    0   1
vcjob-2107900011410145281-abc12335-65396-worker-0:126:6591 [0] NCCL INFO Channel 07/32 :    0   1
vcjob-2107900011410145281-abc12335-65396-worker-0:126:6591 [0] NCCL INFO Channel 08/32 :    0   1
vcjob-2107900011410145281-abc12335-65396-worker-0:126:6591 [0] NCCL INFO Channel 09/32 :    0   1
vcjob-2107900011410145281-abc12335-65396-worker-0:131:6590 [5] NCCL INFO Trees [0] -1/-1/-1->1->0 [1] -1/-1/-1->1->0 [2] -1/-1/-1->1->0 [3] 0/-1/-1->1->-1 [4] -1/-1/-1->1->0 [5] -1/-1/-1->1->0 [6] -1/-1/-1->1->0 [7] 0/-1/-1->1->-1 [8] -1/-1/-1->1->0 [9] -1/-1/-1->1->0 [10] -1/-1/-1->1->0 [11] 0/-1/-1->1->-1 [12] -1/-1/-1->1->0 [13] -1/-1/-1->1->0 [14] -1/-1/-1->1->0 [15] 0/-1/-1->1->-1 [16] -1/-1/-1->1->0 [17] -1/-1/-1->1->0 [18] -1/-1/-1->1->0 [19] 0/-1/-1->1->-1 [20] -1/-1/-1->1->0 [21] -1/-1/-1->1->0 [22] -1/-1/-1->1->0 [23] 0/-1/-1->1->-1 [24] -1/-1/-1->1->0 [25] -1/-1/-1->1->0 [26] -1/-1/-1->1->0 [27] 0/-1/-1->1->-1 [28] -1/-1/-1->1->0 [29] -1/-1/-1->1->0 [30] -1/-1/-1->1->0 [31] 0/-1/-1->1->-1 comm 0x562a84d2eab0 nRanks 02 busId b5000
vcjob-2107900011410145281-abc12335-65396-worker-0:126:6591 [0] NCCL INFO Channel 10/32 :    0   1
vcjob-2107900011410145281-abc12335-65396-worker-0:131:6590 [5] NCCL INFO P2P Chunksize set to 262144
vcjob-2107900011410145281-abc12335-65396-worker-0:126:6591 [0] NCCL INFO Channel 11/32 :    0   1
vcjob-2107900011410145281-abc12335-65396-worker-0:131:6590 [5] NCCL INFO comm->autoPerPeerOn: 1, comm->p2pnChannels: 32, comm->p2pnChannelsPerPeer: 16
vcjob-2107900011410145281-abc12335-65396-worker-0:126:6591 [0] NCCL INFO Channel 12/32 :    0   1
vcjob-2107900011410145281-abc12335-65396-worker-0:126:6591 [0] NCCL INFO Channel 13/32 :    0   1
vcjob-2107900011410145281-abc12335-65396-worker-0:126:6591 [0] NCCL INFO Channel 14/32 :    0   1
vcjob-2107900011410145281-abc12335-65396-worker-0:126:6591 [0] NCCL INFO Channel 15/32 :    0   1
vcjob-2107900011410145281-abc12335-65396-worker-0:126:6591 [0] NCCL INFO Channel 16/32 :    0   1
vcjob-2107900011410145281-abc12335-65396-worker-0:126:6591 [0] NCCL INFO Channel 17/32 :    0   1
vcjob-2107900011410145281-abc12335-65396-worker-0:126:6591 [0] NCCL INFO Channel 18/32 :    0   1
vcjob-2107900011410145281-abc12335-65396-worker-0:126:6591 [0] NCCL INFO Channel 19/32 :    0   1
vcjob-2107900011410145281-abc12335-65396-worker-0:126:6591 [0] NCCL INFO Channel 20/32 :    0   1
vcjob-2107900011410145281-abc12335-65396-worker-0:126:6591 [0] NCCL INFO Channel 21/32 :    0   1
vcjob-2107900011410145281-abc12335-65396-worker-0:126:6591 [0] NCCL INFO Channel 22/32 :    0   1
vcjob-2107900011410145281-abc12335-65396-worker-0:126:6591 [0] NCCL INFO Channel 23/32 :    0   1
vcjob-2107900011410145281-abc12335-65396-worker-0:126:6591 [0] NCCL INFO Channel 24/32 :    0   1
vcjob-2107900011410145281-abc12335-65396-worker-0:126:6591 [0] NCCL INFO Channel 25/32 :    0   1
vcjob-2107900011410145281-abc12335-65396-worker-0:126:6591 [0] NCCL INFO Channel 26/32 :    0   1
vcjob-2107900011410145281-abc12335-65396-worker-0:126:6591 [0] NCCL INFO Channel 27/32 :    0   1
vcjob-2107900011410145281-abc12335-65396-worker-0:126:6591 [0] NCCL INFO Channel 28/32 :    0   1
vcjob-2107900011410145281-abc12335-65396-worker-0:126:6591 [0] NCCL INFO Channel 29/32 :    0   1
vcjob-2107900011410145281-abc12335-65396-worker-0:126:6591 [0] NCCL INFO Channel 30/32 :    0   1
vcjob-2107900011410145281-abc12335-65396-worker-0:126:6591 [0] NCCL INFO Channel 31/32 :    0   1
vcjob-2107900011410145281-abc12335-65396-worker-0:126:6591 [0] NCCL INFO Trees [0] 1/-1/-1->0->-1 [1] 1/-1/-1->0->-1 [2] 1/-1/-1->0->-1 [3] -1/-1/-1->0->1 [4] 1/-1/-1->0->-1 [5] 1/-1/-1->0->-1 [6] 1/-1/-1->0->-1 [7] -1/-1/-1->0->1 [8] 1/-1/-1->0->-1 [9] 1/-1/-1->0->-1 [10] 1/-1/-1->0->-1 [11] -1/-1/-1->0->1 [12] 1/-1/-1->0->-1 [13] 1/-1/-1->0->-1 [14] 1/-1/-1->0->-1 [15] -1/-1/-1->0->1 [16] 1/-1/-1->0->-1 [17] 1/-1/-1->0->-1 [18] 1/-1/-1->0->-1 [19] -1/-1/-1->0->1 [20] 1/-1/-1->0->-1 [21] 1/-1/-1->0->-1 [22] 1/-1/-1->0->-1 [23] -1/-1/-1->0->1 [24] 1/-1/-1->0->-1 [25] 1/-1/-1->0->-1 [26] 1/-1/-1->0->-1 [27] -1/-1/-1->0->1 [28] 1/-1/-1->0->-1 [29] 1/-1/-1->0->-1 [30] 1/-1/-1->0->-1 [31] -1/-1/-1->0->1 comm 0x556e3d7febe0 nRanks 02 busId 9000
vcjob-2107900011410145281-abc12335-65396-worker-0:126:6591 [0] NCCL INFO P2P Chunksize set to 262144
vcjob-2107900011410145281-abc12335-65396-worker-0:126:6591 [0] NCCL INFO comm->autoPerPeerOn: 1, comm->p2pnChannels: 32, comm->p2pnChannelsPerPeer: 16
vcjob-2107900011410145281-abc12335-65396-worker-0:131:6590 [5] NCCL INFO Channel 00/0 : 1[b5000] -> 0[9000] via P2P/IPC comm 0x562a84d2eab0 nRanks 02
vcjob-2107900011410145281-abc12335-65396-worker-0:131:6590 [5] NCCL INFO Channel 01/0 : 1[b5000] -> 0[9000] via P2P/IPC comm 0x562a84d2eab0 nRanks 02
vcjob-2107900011410145281-abc12335-65396-worker-0:131:6590 [5] NCCL INFO Channel 02/0 : 1[b5000] -> 0[9000] via P2P/IPC comm 0x562a84d2eab0 nRanks 02
vcjob-2107900011410145281-abc12335-65396-worker-0:131:6590 [5] NCCL INFO Channel 03/0 : 1[b5000] -> 0[9000] via P2P/IPC comm 0x562a84d2eab0 nRanks 02
vcjob-2107900011410145281-abc12335-65396-worker-0:131:6590 [5] NCCL INFO Channel 04/0 : 1[b5000] -> 0[9000] via P2P/IPC comm 0x562a84d2eab0 nRanks 02
vcjob-2107900011410145281-abc12335-65396-worker-0:126:6591 [0] NCCL INFO Channel 00/0 : 0[9000] -> 1[b5000] via P2P/IPC comm 0x556e3d7febe0 nRanks 02
vcjob-2107900011410145281-abc12335-65396-worker-0:131:6590 [5] NCCL INFO Channel 05/0 : 1[b5000] -> 0[9000] via P2P/IPC comm 0x562a84d2eab0 nRanks 02
vcjob-2107900011410145281-abc12335-65396-worker-0:126:6591 [0] NCCL INFO Channel 01/0 : 0[9000] -> 1[b5000] via P2P/IPC comm 0x556e3d7febe0 nRanks 02
vcjob-2107900011410145281-abc12335-65396-worker-0:131:6590 [5] NCCL INFO Channel 06/0 : 1[b5000] -> 0[9000] via P2P/IPC comm 0x562a84d2eab0 nRanks 02
vcjob-2107900011410145281-abc12335-65396-worker-0:126:6591 [0] NCCL INFO Channel 02/0 : 0[9000] -> 1[b5000] via P2P/IPC comm 0x556e3d7febe0 nRanks 02
vcjob-2107900011410145281-abc12335-65396-worker-0:126:6591 [0] NCCL INFO Channel 03/0 : 0[9000] -> 1[b5000] via P2P/IPC comm 0x556e3d7febe0 nRanks 02
vcjob-2107900011410145281-abc12335-65396-worker-0:131:6590 [5] NCCL INFO Channel 07/0 : 1[b5000] -> 0[9000] via P2P/IPC comm 0x562a84d2eab0 nRanks 02
vcjob-2107900011410145281-abc12335-65396-worker-0:126:6591 [0] NCCL INFO Channel 04/0 : 0[9000] -> 1[b5000] via P2P/IPC comm 0x556e3d7febe0 nRanks 02
vcjob-2107900011410145281-abc12335-65396-worker-0:131:6590 [5] NCCL INFO Channel 08/0 : 1[b5000] -> 0[9000] via P2P/IPC comm 0x562a84d2eab0 nRanks 02
vcjob-2107900011410145281-abc12335-65396-worker-0:126:6591 [0] NCCL INFO Channel 05/0 : 0[9000] -> 1[b5000] via P2P/IPC comm 0x556e3d7febe0 nRanks 02
vcjob-2107900011410145281-abc12335-65396-worker-0:131:6590 [5] NCCL INFO Channel 09/0 : 1[b5000] -> 0[9000] via P2P/IPC comm 0x562a84d2eab0 nRanks 02
vcjob-2107900011410145281-abc12335-65396-worker-0:126:6591 [0] NCCL INFO Channel 06/0 : 0[9000] -> 1[b5000] via P2P/IPC comm 0x556e3d7febe0 nRanks 02
vcjob-2107900011410145281-abc12335-65396-worker-0:131:6590 [5] NCCL INFO Channel 10/0 : 1[b5000] -> 0[9000] via P2P/IPC comm 0x562a84d2eab0 nRanks 02
vcjob-2107900011410145281-abc12335-65396-worker-0:126:6591 [0] NCCL INFO Channel 07/0 : 0[9000] -> 1[b5000] via P2P/IPC comm 0x556e3d7febe0 nRanks 02
vcjob-2107900011410145281-abc12335-65396-worker-0:126:6591 [0] NCCL INFO Channel 08/0 : 0[9000] -> 1[b5000] via P2P/IPC comm 0x556e3d7febe0 nRanks 02
vcjob-2107900011410145281-abc12335-65396-worker-0:131:6590 [5] NCCL INFO Channel 11/0 : 1[b5000] -> 0[9000] via P2P/IPC comm 0x562a84d2eab0 nRanks 02
vcjob-2107900011410145281-abc12335-65396-worker-0:126:6591 [0] NCCL INFO Channel 09/0 : 0[9000] -> 1[b5000] via P2P/IPC comm 0x556e3d7febe0 nRanks 02
vcjob-2107900011410145281-abc12335-65396-worker-0:131:6590 [5] NCCL INFO Channel 12/0 : 1[b5000] -> 0[9000] via P2P/IPC comm 0x562a84d2eab0 nRanks 02
vcjob-2107900011410145281-abc12335-65396-worker-0:126:6591 [0] NCCL INFO Channel 10/0 : 0[9000] -> 1[b5000] via P2P/IPC comm 0x556e3d7febe0 nRanks 02
vcjob-2107900011410145281-abc12335-65396-worker-0:126:6591 [0] NCCL INFO Channel 11/0 : 0[9000] -> 1[b5000] via P2P/IPC comm 0x556e3d7febe0 nRanks 02
vcjob-2107900011410145281-abc12335-65396-worker-0:131:6590 [5] NCCL INFO Channel 13/0 : 1[b5000] -> 0[9000] via P2P/IPC comm 0x562a84d2eab0 nRanks 02
vcjob-2107900011410145281-abc12335-65396-worker-0:126:6591 [0] NCCL INFO Channel 12/0 : 0[9000] -> 1[b5000] via P2P/IPC comm 0x556e3d7febe0 nRanks 02
vcjob-2107900011410145281-abc12335-65396-worker-0:131:6590 [5] NCCL INFO Channel 14/0 : 1[b5000] -> 0[9000] via P2P/IPC comm 0x562a84d2eab0 nRanks 02
vcjob-2107900011410145281-abc12335-65396-worker-0:126:6591 [0] NCCL INFO Channel 13/0 : 0[9000] -> 1[b5000] via P2P/IPC comm 0x556e3d7febe0 nRanks 02
vcjob-2107900011410145281-abc12335-65396-worker-0:131:6590 [5] NCCL INFO Channel 15/0 : 1[b5000] -> 0[9000] via P2P/IPC comm 0x562a84d2eab0 nRanks 02
vcjob-2107900011410145281-abc12335-65396-worker-0:126:6591 [0] NCCL INFO Channel 14/0 : 0[9000] -> 1[b5000] via P2P/IPC comm 0x556e3d7febe0 nRanks 02
vcjob-2107900011410145281-abc12335-65396-worker-0:131:6590 [5] NCCL INFO Channel 16/0 : 1[b5000] -> 0[9000] via P2P/IPC comm 0x562a84d2eab0 nRanks 02
vcjob-2107900011410145281-abc12335-65396-worker-0:126:6591 [0] NCCL INFO Channel 15/0 : 0[9000] -> 1[b5000] via P2P/IPC comm 0x556e3d7febe0 nRanks 02
vcjob-2107900011410145281-abc12335-65396-worker-0:126:6591 [0] NCCL INFO Channel 16/0 : 0[9000] -> 1[b5000] via P2P/IPC comm 0x556e3d7febe0 nRanks 02
vcjob-2107900011410145281-abc12335-65396-worker-0:131:6590 [5] NCCL INFO Channel 17/0 : 1[b5000] -> 0[9000] via P2P/IPC comm 0x562a84d2eab0 nRanks 02
vcjob-2107900011410145281-abc12335-65396-worker-0:126:6591 [0] NCCL INFO Channel 17/0 : 0[9000] -> 1[b5000] via P2P/IPC comm 0x556e3d7febe0 nRanks 02
vcjob-2107900011410145281-abc12335-65396-worker-0:131:6590 [5] NCCL INFO Channel 18/0 : 1[b5000] -> 0[9000] via P2P/IPC comm 0x562a84d2eab0 nRanks 02
vcjob-2107900011410145281-abc12335-65396-worker-0:126:6591 [0] NCCL INFO Channel 18/0 : 0[9000] -> 1[b5000] via P2P/IPC comm 0x556e3d7febe0 nRanks 02
vcjob-2107900011410145281-abc12335-65396-worker-0:131:6590 [5] NCCL INFO Channel 19/0 : 1[b5000] -> 0[9000] via P2P/IPC comm 0x562a84d2eab0 nRanks 02
vcjob-2107900011410145281-abc12335-65396-worker-0:126:6591 [0] NCCL INFO Channel 19/0 : 0[9000] -> 1[b5000] via P2P/IPC comm 0x556e3d7febe0 nRanks 02
vcjob-2107900011410145281-abc12335-65396-worker-0:131:6590 [5] NCCL INFO Channel 20/0 : 1[b5000] -> 0[9000] via P2P/IPC comm 0x562a84d2eab0 nRanks 02
vcjob-2107900011410145281-abc12335-65396-worker-0:126:6591 [0] NCCL INFO Channel 20/0 : 0[9000] -> 1[b5000] via P2P/IPC comm 0x556e3d7febe0 nRanks 02
vcjob-2107900011410145281-abc12335-65396-worker-0:131:6590 [5] NCCL INFO Channel 21/0 : 1[b5000] -> 0[9000] via P2P/IPC comm 0x562a84d2eab0 nRanks 02
vcjob-2107900011410145281-abc12335-65396-worker-0:126:6591 [0] NCCL INFO Channel 21/0 : 0[9000] -> 1[b5000] via P2P/IPC comm 0x556e3d7febe0 nRanks 02
vcjob-2107900011410145281-abc12335-65396-worker-0:131:6590 [5] NCCL INFO Channel 22/0 : 1[b5000] -> 0[9000] via P2P/IPC comm 0x562a84d2eab0 nRanks 02
vcjob-2107900011410145281-abc12335-65396-worker-0:126:6591 [0] NCCL INFO Channel 22/0 : 0[9000] -> 1[b5000] via P2P/IPC comm 0x556e3d7febe0 nRanks 02
vcjob-2107900011410145281-abc12335-65396-worker-0:131:6590 [5] NCCL INFO Channel 23/0 : 1[b5000] -> 0[9000] via P2P/IPC comm 0x562a84d2eab0 nRanks 02
vcjob-2107900011410145281-abc12335-65396-worker-0:126:6591 [0] NCCL INFO Channel 23/0 : 0[9000] -> 1[b5000] via P2P/IPC comm 0x556e3d7febe0 nRanks 02
vcjob-2107900011410145281-abc12335-65396-worker-0:126:6591 [0] NCCL INFO Channel 24/0 : 0[9000] -> 1[b5000] via P2P/IPC comm 0x556e3d7febe0 nRanks 02
vcjob-2107900011410145281-abc12335-65396-worker-0:131:6590 [5] NCCL INFO Channel 24/0 : 1[b5000] -> 0[9000] via P2P/IPC comm 0x562a84d2eab0 nRanks 02
vcjob-2107900011410145281-abc12335-65396-worker-0:126:6591 [0] NCCL INFO Channel 25/0 : 0[9000] -> 1[b5000] via P2P/IPC comm 0x556e3d7febe0 nRanks 02
vcjob-2107900011410145281-abc12335-65396-worker-0:131:6590 [5] NCCL INFO Channel 25/0 : 1[b5000] -> 0[9000] via P2P/IPC comm 0x562a84d2eab0 nRanks 02
vcjob-2107900011410145281-abc12335-65396-worker-0:126:6591 [0] NCCL INFO Channel 26/0 : 0[9000] -> 1[b5000] via P2P/IPC comm 0x556e3d7febe0 nRanks 02
vcjob-2107900011410145281-abc12335-65396-worker-0:131:6590 [5] NCCL INFO Channel 26/0 : 1[b5000] -> 0[9000] via P2P/IPC comm 0x562a84d2eab0 nRanks 02
vcjob-2107900011410145281-abc12335-65396-worker-0:126:6591 [0] NCCL INFO Channel 27/0 : 0[9000] -> 1[b5000] via P2P/IPC comm 0x556e3d7febe0 nRanks 02
vcjob-2107900011410145281-abc12335-65396-worker-0:131:6590 [5] NCCL INFO Channel 27/0 : 1[b5000] -> 0[9000] via P2P/IPC comm 0x562a84d2eab0 nRanks 02
vcjob-2107900011410145281-abc12335-65396-worker-0:126:6591 [0] NCCL INFO Channel 28/0 : 0[9000] -> 1[b5000] via P2P/IPC comm 0x556e3d7febe0 nRanks 02
vcjob-2107900011410145281-abc12335-65396-worker-0:131:6590 [5] NCCL INFO Channel 28/0 : 1[b5000] -> 0[9000] via P2P/IPC comm 0x562a84d2eab0 nRanks 02
vcjob-2107900011410145281-abc12335-65396-worker-0:126:6591 [0] NCCL INFO Channel 29/0 : 0[9000] -> 1[b5000] via P2P/IPC comm 0x556e3d7febe0 nRanks 02
vcjob-2107900011410145281-abc12335-65396-worker-0:131:6590 [5] NCCL INFO Channel 29/0 : 1[b5000] -> 0[9000] via P2P/IPC comm 0x562a84d2eab0 nRanks 02
vcjob-2107900011410145281-abc12335-65396-worker-0:126:6591 [0] NCCL INFO Channel 30/0 : 0[9000] -> 1[b5000] via P2P/IPC comm 0x556e3d7febe0 nRanks 02
vcjob-2107900011410145281-abc12335-65396-worker-0:131:6590 [5] NCCL INFO Channel 30/0 : 1[b5000] -> 0[9000] via P2P/IPC comm 0x562a84d2eab0 nRanks 02
vcjob-2107900011410145281-abc12335-65396-worker-0:126:6591 [0] NCCL INFO Channel 31/0 : 0[9000] -> 1[b5000] via P2P/IPC comm 0x556e3d7febe0 nRanks 02
vcjob-2107900011410145281-abc12335-65396-worker-0:131:6590 [5] NCCL INFO Channel 31/0 : 1[b5000] -> 0[9000] via P2P/IPC comm 0x562a84d2eab0 nRanks 02
vcjob-2107900011410145281-abc12335-65396-worker-0:126:6591 [0] NCCL INFO Connected all rings
vcjob-2107900011410145281-abc12335-65396-worker-0:131:6590 [5] NCCL INFO Connected all rings
vcjob-2107900011410145281-abc12335-65396-worker-0:126:6591 [0] NCCL INFO Connected all trees
vcjob-2107900011410145281-abc12335-65396-worker-0:131:6590 [5] NCCL INFO Connected all trees
vcjob-2107900011410145281-abc12335-65396-worker-0:131:6590 [5] NCCL INFO threadThresholds 8/8/64 | 16/8/64 | 256 | 256
vcjob-2107900011410145281-abc12335-65396-worker-0:131:6590 [5] NCCL INFO 32 coll channels, 32 collnet channels, 0 nvls channels, 32 p2p channels, 16 p2p channels per peer
vcjob-2107900011410145281-abc12335-65396-worker-0:126:6591 [0] NCCL INFO threadThresholds 8/8/64 | 16/8/64 | 256 | 256
vcjob-2107900011410145281-abc12335-65396-worker-0:126:6591 [0] NCCL INFO 32 coll channels, 32 collnet channels, 0 nvls channels, 32 p2p channels, 16 p2p channels per peer
vcjob-2107900011410145281-abc12335-65396-worker-0:126:6591 [0] NCCL INFO CC Off, Multi-GPU CC Off, workFifoBytes 4194304
vcjob-2107900011410145281-abc12335-65396-worker-0:126:6591 [0] NCCL INFO ncclCommInitRank comm 0x556e3d7febe0 rank 0 nranks 2 cudaDev 0 nvmlDev 0 busId 9000 commId 0x83bdb349fefcde95 localSize 480 used 1196527008 bytes on core 0 - Init COMPLETE
vcjob-2107900011410145281-abc12335-65396-worker-0:126:6591 [0] NCCL INFO Init timings: rank 0 nranks 2 total 0.31 (kernels 0.00, bootstrap 0.02, allgathers 0.00, topo 0.20, graphs 0.00, connections 0.09, rest 0.00)
vcjob-2107900011410145281-abc12335-65396-worker-0:131:6590 [5] NCCL INFO ncclCommInitRank comm 0x562a84d2eab0 rank 1 nranks 2 cudaDev 5 nvmlDev 5 busId b5000 commId 0x83bdb349fefcde95 localSize 480 used 440435680 bytes on core 120 - Init COMPLETE
vcjob-2107900011410145281-abc12335-65396-worker-0:131:6590 [5] NCCL INFO Init timings: rank 1 nranks 2 total 0.31 (kernels 0.00, bootstrap 0.02, allgathers 0.00, topo 0.20, graphs 0.00, connections 0.09, rest 0.00)
I1008 02:25:32.262902   126 ProcessGroupNCCL.cpp:2890] [PG ID 0 PG GUID 0(default_pg) Rank 0] NCCL_DEBUG: INFO
I1008 02:25:32.262966   131 ProcessGroupNCCL.cpp:2890] [PG ID 0 PG GUID 0(default_pg) Rank 5] NCCL_DEBUG: INFO
vcjob-2107900011410145281-abc12335-65396-worker-0:131:6597 [5] NCCL INFO Channel 01/1 : 1[b5000] -> 0[9000] via P2P/IPC comm 0x562a84d2eab0 nRanks 02
vcjob-2107900011410145281-abc12335-65396-worker-0:131:6597 [5] NCCL INFO Channel 03/1 : 1[b5000] -> 0[9000] via P2P/IPC comm 0x562a84d2eab0 nRanks 02
vcjob-2107900011410145281-abc12335-65396-worker-0:131:6597 [5] NCCL INFO Channel 05/1 : 1[b5000] -> 0[9000] via P2P/IPC comm 0x562a84d2eab0 nRanks 02
vcjob-2107900011410145281-abc12335-65396-worker-0:131:6597 [5] NCCL INFO Channel 07/1 : 1[b5000] -> 0[9000] via P2P/IPC comm 0x562a84d2eab0 nRanks 02
vcjob-2107900011410145281-abc12335-65396-worker-0:131:6597 [5] NCCL INFO Channel 09/1 : 1[b5000] -> 0[9000] via P2P/IPC comm 0x562a84d2eab0 nRanks 02
vcjob-2107900011410145281-abc12335-65396-worker-0:131:6597 [5] NCCL INFO Channel 11/1 : 1[b5000] -> 0[9000] via P2P/IPC comm 0x562a84d2eab0 nRanks 02
vcjob-2107900011410145281-abc12335-65396-worker-0:131:6597 [5] NCCL INFO Channel 13/1 : 1[b5000] -> 0[9000] via P2P/IPC comm 0x562a84d2eab0 nRanks 02
vcjob-2107900011410145281-abc12335-65396-worker-0:131:6597 [5] NCCL INFO Channel 15/1 : 1[b5000] -> 0[9000] via P2P/IPC comm 0x562a84d2eab0 nRanks 02
vcjob-2107900011410145281-abc12335-65396-worker-0:131:6597 [5] NCCL INFO Channel 17/1 : 1[b5000] -> 0[9000] via P2P/IPC comm 0x562a84d2eab0 nRanks 02
vcjob-2107900011410145281-abc12335-65396-worker-0:131:6597 [5] NCCL INFO Channel 19/1 : 1[b5000] -> 0[9000] via P2P/IPC comm 0x562a84d2eab0 nRanks 02
vcjob-2107900011410145281-abc12335-65396-worker-0:131:6597 [5] NCCL INFO Channel 21/1 : 1[b5000] -> 0[9000] via P2P/IPC comm 0x562a84d2eab0 nRanks 02
vcjob-2107900011410145281-abc12335-65396-worker-0:131:6597 [5] NCCL INFO Channel 23/1 : 1[b5000] -> 0[9000] via P2P/IPC comm 0x562a84d2eab0 nRanks 02
vcjob-2107900011410145281-abc12335-65396-worker-0:131:6597 [5] NCCL INFO Channel 25/1 : 1[b5000] -> 0[9000] via P2P/IPC comm 0x562a84d2eab0 nRanks 02
vcjob-2107900011410145281-abc12335-65396-worker-0:131:6597 [5] NCCL INFO Channel 27/1 : 1[b5000] -> 0[9000] via P2P/IPC comm 0x562a84d2eab0 nRanks 02
vcjob-2107900011410145281-abc12335-65396-worker-0:131:6597 [5] NCCL INFO Channel 29/1 : 1[b5000] -> 0[9000] via P2P/IPC comm 0x562a84d2eab0 nRanks 02
vcjob-2107900011410145281-abc12335-65396-worker-0:131:6597 [5] NCCL INFO Channel 31/1 : 1[b5000] -> 0[9000] via P2P/IPC comm 0x562a84d2eab0 nRanks 02

vcjob-2107900011410145281-abc12335-65396-worker-0:126:126 [0] /data/jenkins_workspace/workspace/rccl_release/build/hipify/src/init.cc:170 NCCL WARN NUMA auto balancing enabled which can lead to variability in the RCCL performance! Disable by "sudo sysctl kernel.numa_balancing=0"
vcjob-2107900011410145281-abc12335-65396-worker-0:126:126 [0] NCCL INFO Kernel version: 5.15.0-25-generic

vcjob-2107900011410145281-abc12335-65396-worker-0:126:126 [0] /data/jenkins_workspace/workspace/rccl_release/build/hipify/src/init.cc:191 NCCL WARN Missing "iommu=pt" from kernel command line which can lead to system instablity or hang!
I1008 02:25:32.301911   126 ProcessGroupNCCL.cpp:2857] [PG ID 0 PG GUID 0(default_pg) Rank 0] ProcessGroupNCCL broadcast unique ID through store took 0.064831 ms
I1008 02:25:32.301935   126 NCCLUtils.cpp:75] Rank 0: creating NCCL communicator with mode: blocking

vcjob-2107900011410145281-abc12335-65396-worker-0:126:126 [0] /data/jenkins_workspace/workspace/rccl_release/build/hipify/src/init.cc:170 NCCL WARN NUMA auto balancing enabled which can lead to variability in the RCCL performance! Disable by "sudo sysctl kernel.numa_balancing=0"
vcjob-2107900011410145281-abc12335-65396-worker-0:126:126 [0] NCCL INFO Kernel version: 5.15.0-25-generic

vcjob-2107900011410145281-abc12335-65396-worker-0:126:126 [0] /data/jenkins_workspace/workspace/rccl_release/build/hipify/src/init.cc:191 NCCL WARN Missing "iommu=pt" from kernel command line which can lead to system instablity or hang!
I1008 02:25:32.302127   132 ProcessGroupNCCL.cpp:2857] [PG ID 0 PG GUID 0(default_pg) Rank 6] ProcessGroupNCCL broadcast unique ID through store took 1916.97 ms
I1008 02:25:32.302209   132 NCCLUtils.cpp:75] Rank 1: creating NCCL communicator with mode: blocking

vcjob-2107900011410145281-abc12335-65396-worker-0:132:132 [6] /data/jenkins_workspace/workspace/rccl_release/build/hipify/src/init.cc:170 NCCL WARN NUMA auto balancing enabled which can lead to variability in the RCCL performance! Disable by "sudo sysctl kernel.numa_balancing=0"
vcjob-2107900011410145281-abc12335-65396-worker-0:132:132 [6] NCCL INFO Kernel version: 5.15.0-25-generic

vcjob-2107900011410145281-abc12335-65396-worker-0:132:132 [6] /data/jenkins_workspace/workspace/rccl_release/build/hipify/src/init.cc:191 NCCL WARN Missing "iommu=pt" from kernel command line which can lead to system instablity or hang!
vcjob-2107900011410145281-abc12335-65396-worker-0:132:132 [6] NCCL INFO Comm config Blocking set to 1
vcjob-2107900011410145281-abc12335-65396-worker-0:132:6599 [6] NCCL INFO Using network Socket
vcjob-2107900011410145281-abc12335-65396-worker-0:132:6599 [6] NCCL INFO rocm_smi_lib: version 7.6.0.0
vcjob-2107900011410145281-abc12335-65396-worker-0:126:126 [0] NCCL INFO Comm config Blocking set to 1
vcjob-2107900011410145281-abc12335-65396-worker-0:126:6600 [0] NCCL INFO Using network Socket
vcjob-2107900011410145281-abc12335-65396-worker-0:126:6600 [0] NCCL INFO rocm_smi_lib: version 7.6.0.0
vcjob-2107900011410145281-abc12335-65396-worker-0:126:6600 [0] NCCL INFO ncclCommInitRank comm 0x556e3d948ca0 rank 0 nranks 2 cudaDev 0 nvmlDev 0 busId 9000 commId 0x7ecac4d03ae21138 - Init START
vcjob-2107900011410145281-abc12335-65396-worker-0:132:6599 [6] NCCL INFO ncclCommInitRank comm 0x56378663aae0 rank 1 nranks 2 cudaDev 6 nvmlDev 6 busId d5000 commId 0x7ecac4d03ae21138 - Init START
vcjob-2107900011410145281-abc12335-65396-worker-0:126:6600 [0] NCCL INFO rank:0 get match hsa dev domain:0x0 bdf:0x900 rank busId:0x36864
vcjob-2107900011410145281-abc12335-65396-worker-0:132:6599 [6] NCCL INFO rank:1 get match hsa dev domain:0x0 bdf:0xd500 rank busId:0x872448
vcjob-2107900011410145281-abc12335-65396-worker-0:126:6600 [0] NCCL INFO XDP Switch is off with xdp_size : 0
vcjob-2107900011410145281-abc12335-65396-worker-0:132:6599 [6] NCCL INFO XDP Switch is off with xdp_size : 0

vcjob-2107900011410145281-abc12335-65396-worker-0:132:6599 [6] /data/jenkins_workspace/workspace/rccl_release/build/hipify/src/graph/xml.cc:1211 NCCL WARN No IB NIC found, the generation of the basic topology has been terminated.

vcjob-2107900011410145281-abc12335-65396-worker-0:126:6600 [0] /data/jenkins_workspace/workspace/rccl_release/build/hipify/src/graph/xml.cc:1211 NCCL WARN No IB NIC found, the generation of the basic topology has been terminated.
vcjob-2107900011410145281-abc12335-65396-worker-0:126:6600 [0] NCCL INFO rocm_smi_lib: version 7.6.0.0
vcjob-2107900011410145281-abc12335-65396-worker-0:132:6599 [6] NCCL INFO rocm_smi_lib: version 7.6.0.0
vcjob-2107900011410145281-abc12335-65396-worker-0:126:6600 [0] NCCL INFO Setting affinity for GPU 0 to ffff
vcjob-2107900011410145281-abc12335-65396-worker-0:126:6600 [0] NCCL INFO Rank:0 Get link topo from rocmDev:0 linkNum:8 link:0 linkState:1 remote type:1 bdf:0x9b00 topoType:2
vcjob-2107900011410145281-abc12335-65396-worker-0:126:6600 [0] NCCL INFO Transport init rank 0 useXdp 0 linkTopoType 2
vcjob-2107900011410145281-abc12335-65396-worker-0:132:6599 [6] NCCL INFO Setting affinity for GPU 6 to ffff,00000000,00000000,00000000
vcjob-2107900011410145281-abc12335-65396-worker-0:132:6599 [6] NCCL INFO Rank:1 Get link topo from rocmDev:0 linkNum:8 link:0 linkState:1 remote type:1 bdf:0x9b00 topoType:2
vcjob-2107900011410145281-abc12335-65396-worker-0:132:6599 [6] NCCL INFO Transport init rank 1 useXdp 0 linkTopoType 2
vcjob-2107900011410145281-abc12335-65396-worker-0:132:6599 [6] NCCL INFO comm 0x56378663aae0 rank 1 nRanks 2 nNodes 1 localRanks 2 localRank 1 MNNVL 0
vcjob-2107900011410145281-abc12335-65396-worker-0:126:6600 [0] NCCL INFO comm 0x556e3d948ca0 rank 0 nRanks 2 nNodes 1 localRanks 2 localRank 0 MNNVL 0
vcjob-2107900011410145281-abc12335-65396-worker-0:126:6600 [0] NCCL INFO Channel 00/32 :    0   1
vcjob-2107900011410145281-abc12335-65396-worker-0:126:6600 [0] NCCL INFO Channel 01/32 :    0   1
vcjob-2107900011410145281-abc12335-65396-worker-0:126:6600 [0] NCCL INFO Channel 02/32 :    0   1
vcjob-2107900011410145281-abc12335-65396-worker-0:126:6600 [0] NCCL INFO Channel 03/32 :    0   1
vcjob-2107900011410145281-abc12335-65396-worker-0:126:6600 [0] NCCL INFO Channel 04/32 :    0   1
vcjob-2107900011410145281-abc12335-65396-worker-0:132:6599 [6] NCCL INFO Trees [0] -1/-1/-1->1->0 [1] -1/-1/-1->1->0 [2] -1/-1/-1->1->0 [3] 0/-1/-1->1->-1 [4] -1/-1/-1->1->0 [5] -1/-1/-1->1->0 [6] -1/-1/-1->1->0 [7] 0/-1/-1->1->-1 [8] -1/-1/-1->1->0 [9] -1/-1/-1->1->0 [10] -1/-1/-1->1->0 [11] 0/-1/-1->1->-1 [12] -1/-1/-1->1->0 [13] -1/-1/-1->1->0 [14] -1/-1/-1->1->0 [15] 0/-1/-1->1->-1 [16] -1/-1/-1->1->0 [17] -1/-1/-1->1->0 [18] -1/-1/-1->1->0 [19] 0/-1/-1->1->-1 [20] -1/-1/-1->1->0 [21] -1/-1/-1->1->0 [22] -1/-1/-1->1->0 [23] 0/-1/-1->1->-1 [24] -1/-1/-1->1->0 [25] -1/-1/-1->1->0 [26] -1/-1/-1->1->0 [27] 0/-1/-1->1->-1 [28] -1/-1/-1->1->0 [29] -1/-1/-1->1->0 [30] -1/-1/-1->1->0 [31] 0/-1/-1->1->-1 comm 0x56378663aae0 nRanks 02 busId d5000
vcjob-2107900011410145281-abc12335-65396-worker-0:126:6600 [0] NCCL INFO Channel 05/32 :    0   1
vcjob-2107900011410145281-abc12335-65396-worker-0:126:6600 [0] NCCL INFO Channel 06/32 :    0   1
vcjob-2107900011410145281-abc12335-65396-worker-0:132:6599 [6] NCCL INFO P2P Chunksize set to 262144
vcjob-2107900011410145281-abc12335-65396-worker-0:126:6600 [0] NCCL INFO Channel 07/32 :    0   1
vcjob-2107900011410145281-abc12335-65396-worker-0:132:6599 [6] NCCL INFO comm->autoPerPeerOn: 1, comm->p2pnChannels: 32, comm->p2pnChannelsPerPeer: 16
vcjob-2107900011410145281-abc12335-65396-worker-0:126:6600 [0] NCCL INFO Channel 08/32 :    0   1
vcjob-2107900011410145281-abc12335-65396-worker-0:126:6600 [0] NCCL INFO Channel 09/32 :    0   1
vcjob-2107900011410145281-abc12335-65396-worker-0:126:6600 [0] NCCL INFO Channel 10/32 :    0   1
vcjob-2107900011410145281-abc12335-65396-worker-0:126:6600 [0] NCCL INFO Channel 11/32 :    0   1
vcjob-2107900011410145281-abc12335-65396-worker-0:126:6600 [0] NCCL INFO Channel 12/32 :    0   1
vcjob-2107900011410145281-abc12335-65396-worker-0:126:6600 [0] NCCL INFO Channel 13/32 :    0   1
vcjob-2107900011410145281-abc12335-65396-worker-0:126:6600 [0] NCCL INFO Channel 14/32 :    0   1
vcjob-2107900011410145281-abc12335-65396-worker-0:126:6600 [0] NCCL INFO Channel 15/32 :    0   1
vcjob-2107900011410145281-abc12335-65396-worker-0:126:6600 [0] NCCL INFO Channel 16/32 :    0   1
vcjob-2107900011410145281-abc12335-65396-worker-0:126:6600 [0] NCCL INFO Channel 17/32 :    0   1
vcjob-2107900011410145281-abc12335-65396-worker-0:126:6600 [0] NCCL INFO Channel 18/32 :    0   1
vcjob-2107900011410145281-abc12335-65396-worker-0:126:6600 [0] NCCL INFO Channel 19/32 :    0   1
vcjob-2107900011410145281-abc12335-65396-worker-0:126:6600 [0] NCCL INFO Channel 20/32 :    0   1
vcjob-2107900011410145281-abc12335-65396-worker-0:126:6600 [0] NCCL INFO Channel 21/32 :    0   1
vcjob-2107900011410145281-abc12335-65396-worker-0:126:6600 [0] NCCL INFO Channel 22/32 :    0   1
vcjob-2107900011410145281-abc12335-65396-worker-0:126:6600 [0] NCCL INFO Channel 23/32 :    0   1
vcjob-2107900011410145281-abc12335-65396-worker-0:126:6600 [0] NCCL INFO Channel 24/32 :    0   1
vcjob-2107900011410145281-abc12335-65396-worker-0:126:6600 [0] NCCL INFO Channel 25/32 :    0   1
vcjob-2107900011410145281-abc12335-65396-worker-0:126:6600 [0] NCCL INFO Channel 26/32 :    0   1
vcjob-2107900011410145281-abc12335-65396-worker-0:126:6600 [0] NCCL INFO Channel 27/32 :    0   1
vcjob-2107900011410145281-abc12335-65396-worker-0:126:6600 [0] NCCL INFO Channel 28/32 :    0   1
vcjob-2107900011410145281-abc12335-65396-worker-0:126:6600 [0] NCCL INFO Channel 29/32 :    0   1
vcjob-2107900011410145281-abc12335-65396-worker-0:126:6600 [0] NCCL INFO Channel 30/32 :    0   1
vcjob-2107900011410145281-abc12335-65396-worker-0:126:6600 [0] NCCL INFO Channel 31/32 :    0   1
vcjob-2107900011410145281-abc12335-65396-worker-0:126:6600 [0] NCCL INFO Trees [0] 1/-1/-1->0->-1 [1] 1/-1/-1->0->-1 [2] 1/-1/-1->0->-1 [3] -1/-1/-1->0->1 [4] 1/-1/-1->0->-1 [5] 1/-1/-1->0->-1 [6] 1/-1/-1->0->-1 [7] -1/-1/-1->0->1 [8] 1/-1/-1->0->-1 [9] 1/-1/-1->0->-1 [10] 1/-1/-1->0->-1 [11] -1/-1/-1->0->1 [12] 1/-1/-1->0->-1 [13] 1/-1/-1->0->-1 [14] 1/-1/-1->0->-1 [15] -1/-1/-1->0->1 [16] 1/-1/-1->0->-1 [17] 1/-1/-1->0->-1 [18] 1/-1/-1->0->-1 [19] -1/-1/-1->0->1 [20] 1/-1/-1->0->-1 [21] 1/-1/-1->0->-1 [22] 1/-1/-1->0->-1 [23] -1/-1/-1->0->1 [24] 1/-1/-1->0->-1 [25] 1/-1/-1->0->-1 [26] 1/-1/-1->0->-1 [27] -1/-1/-1->0->1 [28] 1/-1/-1->0->-1 [29] 1/-1/-1->0->-1 [30] 1/-1/-1->0->-1 [31] -1/-1/-1->0->1 comm 0x556e3d948ca0 nRanks 02 busId 9000
vcjob-2107900011410145281-abc12335-65396-worker-0:126:6600 [0] NCCL INFO P2P Chunksize set to 262144
vcjob-2107900011410145281-abc12335-65396-worker-0:126:6600 [0] NCCL INFO comm->autoPerPeerOn: 1, comm->p2pnChannels: 32, comm->p2pnChannelsPerPeer: 16
vcjob-2107900011410145281-abc12335-65396-worker-0:126:6600 [0] NCCL INFO Channel 00/0 : 0[9000] -> 1[d5000] via P2P/IPC comm 0x556e3d948ca0 nRanks 02
vcjob-2107900011410145281-abc12335-65396-worker-0:126:6600 [0] NCCL INFO Channel 01/0 : 0[9000] -> 1[d5000] via P2P/IPC comm 0x556e3d948ca0 nRanks 02
vcjob-2107900011410145281-abc12335-65396-worker-0:126:6600 [0] NCCL INFO Channel 02/0 : 0[9000] -> 1[d5000] via P2P/IPC comm 0x556e3d948ca0 nRanks 02
vcjob-2107900011410145281-abc12335-65396-worker-0:126:6600 [0] NCCL INFO Channel 03/0 : 0[9000] -> 1[d5000] via P2P/IPC comm 0x556e3d948ca0 nRanks 02
vcjob-2107900011410145281-abc12335-65396-worker-0:126:6600 [0] NCCL INFO Channel 04/0 : 0[9000] -> 1[d5000] via P2P/IPC comm 0x556e3d948ca0 nRanks 02
vcjob-2107900011410145281-abc12335-65396-worker-0:126:6600 [0] NCCL INFO Channel 05/0 : 0[9000] -> 1[d5000] via P2P/IPC comm 0x556e3d948ca0 nRanks 02
vcjob-2107900011410145281-abc12335-65396-worker-0:126:6600 [0] NCCL INFO Channel 06/0 : 0[9000] -> 1[d5000] via P2P/IPC comm 0x556e3d948ca0 nRanks 02
vcjob-2107900011410145281-abc12335-65396-worker-0:126:6600 [0] NCCL INFO Channel 07/0 : 0[9000] -> 1[d5000] via P2P/IPC comm 0x556e3d948ca0 nRanks 02
vcjob-2107900011410145281-abc12335-65396-worker-0:126:6600 [0] NCCL INFO Channel 08/0 : 0[9000] -> 1[d5000] via P2P/IPC comm 0x556e3d948ca0 nRanks 02
vcjob-2107900011410145281-abc12335-65396-worker-0:126:6600 [0] NCCL INFO Channel 09/0 : 0[9000] -> 1[d5000] via P2P/IPC comm 0x556e3d948ca0 nRanks 02
vcjob-2107900011410145281-abc12335-65396-worker-0:126:6600 [0] NCCL INFO Channel 10/0 : 0[9000] -> 1[d5000] via P2P/IPC comm 0x556e3d948ca0 nRanks 02
vcjob-2107900011410145281-abc12335-65396-worker-0:126:6600 [0] NCCL INFO Channel 11/0 : 0[9000] -> 1[d5000] via P2P/IPC comm 0x556e3d948ca0 nRanks 02
vcjob-2107900011410145281-abc12335-65396-worker-0:126:6600 [0] NCCL INFO Channel 12/0 : 0[9000] -> 1[d5000] via P2P/IPC comm 0x556e3d948ca0 nRanks 02
vcjob-2107900011410145281-abc12335-65396-worker-0:126:6600 [0] NCCL INFO Channel 13/0 : 0[9000] -> 1[d5000] via P2P/IPC comm 0x556e3d948ca0 nRanks 02
vcjob-2107900011410145281-abc12335-65396-worker-0:126:6600 [0] NCCL INFO Channel 14/0 : 0[9000] -> 1[d5000] via P2P/IPC comm 0x556e3d948ca0 nRanks 02
vcjob-2107900011410145281-abc12335-65396-worker-0:126:6600 [0] NCCL INFO Channel 15/0 : 0[9000] -> 1[d5000] via P2P/IPC comm 0x556e3d948ca0 nRanks 02
vcjob-2107900011410145281-abc12335-65396-worker-0:132:6599 [6] NCCL INFO Channel 00/0 : 1[d5000] -> 0[9000] via P2P/IPC comm 0x56378663aae0 nRanks 02
vcjob-2107900011410145281-abc12335-65396-worker-0:126:6600 [0] NCCL INFO Channel 16/0 : 0[9000] -> 1[d5000] via P2P/IPC comm 0x556e3d948ca0 nRanks 02
vcjob-2107900011410145281-abc12335-65396-worker-0:132:6599 [6] NCCL INFO Channel 01/0 : 1[d5000] -> 0[9000] via P2P/IPC comm 0x56378663aae0 nRanks 02
vcjob-2107900011410145281-abc12335-65396-worker-0:126:6600 [0] NCCL INFO Channel 17/0 : 0[9000] -> 1[d5000] via P2P/IPC comm 0x556e3d948ca0 nRanks 02
vcjob-2107900011410145281-abc12335-65396-worker-0:132:6599 [6] NCCL INFO Channel 02/0 : 1[d5000] -> 0[9000] via P2P/IPC comm 0x56378663aae0 nRanks 02
vcjob-2107900011410145281-abc12335-65396-worker-0:126:6600 [0] NCCL INFO Channel 18/0 : 0[9000] -> 1[d5000] via P2P/IPC comm 0x556e3d948ca0 nRanks 02
vcjob-2107900011410145281-abc12335-65396-worker-0:132:6599 [6] NCCL INFO Channel 03/0 : 1[d5000] -> 0[9000] via P2P/IPC comm 0x56378663aae0 nRanks 02
vcjob-2107900011410145281-abc12335-65396-worker-0:126:6600 [0] NCCL INFO Channel 19/0 : 0[9000] -> 1[d5000] via P2P/IPC comm 0x556e3d948ca0 nRanks 02
vcjob-2107900011410145281-abc12335-65396-worker-0:132:6599 [6] NCCL INFO Channel 04/0 : 1[d5000] -> 0[9000] via P2P/IPC comm 0x56378663aae0 nRanks 02
vcjob-2107900011410145281-abc12335-65396-worker-0:126:6600 [0] NCCL INFO Channel 20/0 : 0[9000] -> 1[d5000] via P2P/IPC comm 0x556e3d948ca0 nRanks 02
vcjob-2107900011410145281-abc12335-65396-worker-0:132:6599 [6] NCCL INFO Channel 05/0 : 1[d5000] -> 0[9000] via P2P/IPC comm 0x56378663aae0 nRanks 02
vcjob-2107900011410145281-abc12335-65396-worker-0:126:6600 [0] NCCL INFO Channel 21/0 : 0[9000] -> 1[d5000] via P2P/IPC comm 0x556e3d948ca0 nRanks 02
vcjob-2107900011410145281-abc12335-65396-worker-0:126:6600 [0] NCCL INFO Channel 22/0 : 0[9000] -> 1[d5000] via P2P/IPC comm 0x556e3d948ca0 nRanks 02
vcjob-2107900011410145281-abc12335-65396-worker-0:132:6599 [6] NCCL INFO Channel 06/0 : 1[d5000] -> 0[9000] via P2P/IPC comm 0x56378663aae0 nRanks 02
vcjob-2107900011410145281-abc12335-65396-worker-0:126:6600 [0] NCCL INFO Channel 23/0 : 0[9000] -> 1[d5000] via P2P/IPC comm 0x556e3d948ca0 nRanks 02
vcjob-2107900011410145281-abc12335-65396-worker-0:132:6599 [6] NCCL INFO Channel 07/0 : 1[d5000] -> 0[9000] via P2P/IPC comm 0x56378663aae0 nRanks 02
vcjob-2107900011410145281-abc12335-65396-worker-0:126:6600 [0] NCCL INFO Channel 24/0 : 0[9000] -> 1[d5000] via P2P/IPC comm 0x556e3d948ca0 nRanks 02
vcjob-2107900011410145281-abc12335-65396-worker-0:132:6599 [6] NCCL INFO Channel 08/0 : 1[d5000] -> 0[9000] via P2P/IPC comm 0x56378663aae0 nRanks 02
vcjob-2107900011410145281-abc12335-65396-worker-0:126:6600 [0] NCCL INFO Channel 25/0 : 0[9000] -> 1[d5000] via P2P/IPC comm 0x556e3d948ca0 nRanks 02
vcjob-2107900011410145281-abc12335-65396-worker-0:132:6599 [6] NCCL INFO Channel 09/0 : 1[d5000] -> 0[9000] via P2P/IPC comm 0x56378663aae0 nRanks 02
vcjob-2107900011410145281-abc12335-65396-worker-0:126:6600 [0] NCCL INFO Channel 26/0 : 0[9000] -> 1[d5000] via P2P/IPC comm 0x556e3d948ca0 nRanks 02
vcjob-2107900011410145281-abc12335-65396-worker-0:132:6599 [6] NCCL INFO Channel 10/0 : 1[d5000] -> 0[9000] via P2P/IPC comm 0x56378663aae0 nRanks 02
vcjob-2107900011410145281-abc12335-65396-worker-0:126:6600 [0] NCCL INFO Channel 27/0 : 0[9000] -> 1[d5000] via P2P/IPC comm 0x556e3d948ca0 nRanks 02
vcjob-2107900011410145281-abc12335-65396-worker-0:132:6599 [6] NCCL INFO Channel 11/0 : 1[d5000] -> 0[9000] via P2P/IPC comm 0x56378663aae0 nRanks 02
vcjob-2107900011410145281-abc12335-65396-worker-0:126:6600 [0] NCCL INFO Channel 28/0 : 0[9000] -> 1[d5000] via P2P/IPC comm 0x556e3d948ca0 nRanks 02
vcjob-2107900011410145281-abc12335-65396-worker-0:132:6599 [6] NCCL INFO Channel 12/0 : 1[d5000] -> 0[9000] via P2P/IPC comm 0x56378663aae0 nRanks 02
vcjob-2107900011410145281-abc12335-65396-worker-0:126:6600 [0] NCCL INFO Channel 29/0 : 0[9000] -> 1[d5000] via P2P/IPC comm 0x556e3d948ca0 nRanks 02
vcjob-2107900011410145281-abc12335-65396-worker-0:132:6599 [6] NCCL INFO Channel 13/0 : 1[d5000] -> 0[9000] via P2P/IPC comm 0x56378663aae0 nRanks 02
vcjob-2107900011410145281-abc12335-65396-worker-0:126:6600 [0] NCCL INFO Channel 30/0 : 0[9000] -> 1[d5000] via P2P/IPC comm 0x556e3d948ca0 nRanks 02
vcjob-2107900011410145281-abc12335-65396-worker-0:132:6599 [6] NCCL INFO Channel 14/0 : 1[d5000] -> 0[9000] via P2P/IPC comm 0x56378663aae0 nRanks 02
vcjob-2107900011410145281-abc12335-65396-worker-0:126:6600 [0] NCCL INFO Channel 31/0 : 0[9000] -> 1[d5000] via P2P/IPC comm 0x556e3d948ca0 nRanks 02
vcjob-2107900011410145281-abc12335-65396-worker-0:132:6599 [6] NCCL INFO Channel 15/0 : 1[d5000] -> 0[9000] via P2P/IPC comm 0x56378663aae0 nRanks 02
vcjob-2107900011410145281-abc12335-65396-worker-0:132:6599 [6] NCCL INFO Channel 16/0 : 1[d5000] -> 0[9000] via P2P/IPC comm 0x56378663aae0 nRanks 02
vcjob-2107900011410145281-abc12335-65396-worker-0:132:6599 [6] NCCL INFO Channel 17/0 : 1[d5000] -> 0[9000] via P2P/IPC comm 0x56378663aae0 nRanks 02
vcjob-2107900011410145281-abc12335-65396-worker-0:132:6599 [6] NCCL INFO Channel 18/0 : 1[d5000] -> 0[9000] via P2P/IPC comm 0x56378663aae0 nRanks 02
vcjob-2107900011410145281-abc12335-65396-worker-0:132:6599 [6] NCCL INFO Channel 19/0 : 1[d5000] -> 0[9000] via P2P/IPC comm 0x56378663aae0 nRanks 02
vcjob-2107900011410145281-abc12335-65396-worker-0:132:6599 [6] NCCL INFO Channel 20/0 : 1[d5000] -> 0[9000] via P2P/IPC comm 0x56378663aae0 nRanks 02
vcjob-2107900011410145281-abc12335-65396-worker-0:132:6599 [6] NCCL INFO Channel 21/0 : 1[d5000] -> 0[9000] via P2P/IPC comm 0x56378663aae0 nRanks 02
vcjob-2107900011410145281-abc12335-65396-worker-0:132:6599 [6] NCCL INFO Channel 22/0 : 1[d5000] -> 0[9000] via P2P/IPC comm 0x56378663aae0 nRanks 02
vcjob-2107900011410145281-abc12335-65396-worker-0:132:6599 [6] NCCL INFO Channel 23/0 : 1[d5000] -> 0[9000] via P2P/IPC comm 0x56378663aae0 nRanks 02
vcjob-2107900011410145281-abc12335-65396-worker-0:132:6599 [6] NCCL INFO Channel 24/0 : 1[d5000] -> 0[9000] via P2P/IPC comm 0x56378663aae0 nRanks 02
vcjob-2107900011410145281-abc12335-65396-worker-0:132:6599 [6] NCCL INFO Channel 25/0 : 1[d5000] -> 0[9000] via P2P/IPC comm 0x56378663aae0 nRanks 02
vcjob-2107900011410145281-abc12335-65396-worker-0:132:6599 [6] NCCL INFO Channel 26/0 : 1[d5000] -> 0[9000] via P2P/IPC comm 0x56378663aae0 nRanks 02
vcjob-2107900011410145281-abc12335-65396-worker-0:132:6599 [6] NCCL INFO Channel 27/0 : 1[d5000] -> 0[9000] via P2P/IPC comm 0x56378663aae0 nRanks 02
vcjob-2107900011410145281-abc12335-65396-worker-0:132:6599 [6] NCCL INFO Channel 28/0 : 1[d5000] -> 0[9000] via P2P/IPC comm 0x56378663aae0 nRanks 02
vcjob-2107900011410145281-abc12335-65396-worker-0:132:6599 [6] NCCL INFO Channel 29/0 : 1[d5000] -> 0[9000] via P2P/IPC comm 0x56378663aae0 nRanks 02
vcjob-2107900011410145281-abc12335-65396-worker-0:132:6599 [6] NCCL INFO Channel 30/0 : 1[d5000] -> 0[9000] via P2P/IPC comm 0x56378663aae0 nRanks 02
vcjob-2107900011410145281-abc12335-65396-worker-0:132:6599 [6] NCCL INFO Channel 31/0 : 1[d5000] -> 0[9000] via P2P/IPC comm 0x56378663aae0 nRanks 02
vcjob-2107900011410145281-abc12335-65396-worker-0:126:6600 [0] NCCL INFO Connected all rings
vcjob-2107900011410145281-abc12335-65396-worker-0:132:6599 [6] NCCL INFO Connected all rings
vcjob-2107900011410145281-abc12335-65396-worker-0:126:6600 [0] NCCL INFO Connected all trees
vcjob-2107900011410145281-abc12335-65396-worker-0:132:6599 [6] NCCL INFO Connected all trees
vcjob-2107900011410145281-abc12335-65396-worker-0:132:6599 [6] NCCL INFO threadThresholds 8/8/64 | 16/8/64 | 256 | 256
vcjob-2107900011410145281-abc12335-65396-worker-0:132:6599 [6] NCCL INFO 32 coll channels, 32 collnet channels, 0 nvls channels, 32 p2p channels, 16 p2p channels per peer
vcjob-2107900011410145281-abc12335-65396-worker-0:126:6600 [0] NCCL INFO threadThresholds 8/8/64 | 16/8/64 | 256 | 256
vcjob-2107900011410145281-abc12335-65396-worker-0:126:6600 [0] NCCL INFO 32 coll channels, 32 collnet channels, 0 nvls channels, 32 p2p channels, 16 p2p channels per peer
vcjob-2107900011410145281-abc12335-65396-worker-0:126:6600 [0] NCCL INFO CC Off, Multi-GPU CC Off, workFifoBytes 4194304
vcjob-2107900011410145281-abc12335-65396-worker-0:126:6600 [0] NCCL INFO ncclCommInitRank comm 0x556e3d948ca0 rank 0 nranks 2 cudaDev 0 nvmlDev 0 busId 9000 commId 0x7ecac4d03ae21138 localSize 480 used 1399738384 bytes on core 1 - Init COMPLETE
vcjob-2107900011410145281-abc12335-65396-worker-0:126:6600 [0] NCCL INFO Init timings: rank 0 nranks 2 total 0.31 (kernels 0.00, bootstrap 0.02, allgathers 0.02, topo 0.18, graphs 0.00, connections 0.09, rest 0.00)
vcjob-2107900011410145281-abc12335-65396-worker-0:132:6599 [6] NCCL INFO ncclCommInitRank comm 0x56378663aae0 rank 1 nranks 2 cudaDev 6 nvmlDev 6 busId d5000 commId 0x7ecac4d03ae21138 localSize 480 used 440435680 bytes on core 104 - Init COMPLETE
vcjob-2107900011410145281-abc12335-65396-worker-0:132:6599 [6] NCCL INFO Init timings: rank 1 nranks 2 total 0.31 (kernels 0.00, bootstrap 0.02, allgathers 0.00, topo 0.20, graphs 0.00, connections 0.09, rest 0.00)
I1008 02:25:32.608827   126 ProcessGroupNCCL.cpp:2890] [PG ID 0 PG GUID 0(default_pg) Rank 0] NCCL_DEBUG: INFO
I1008 02:25:32.608940   132 ProcessGroupNCCL.cpp:2890] [PG ID 0 PG GUID 0(default_pg) Rank 6] NCCL_DEBUG: INFO
vcjob-2107900011410145281-abc12335-65396-worker-0:132:6606 [6] NCCL INFO Channel 01/1 : 1[d5000] -> 0[9000] via P2P/IPC comm 0x56378663aae0 nRanks 02
vcjob-2107900011410145281-abc12335-65396-worker-0:132:6606 [6] NCCL INFO Channel 03/1 : 1[d5000] -> 0[9000] via P2P/IPC comm 0x56378663aae0 nRanks 02
vcjob-2107900011410145281-abc12335-65396-worker-0:132:6606 [6] NCCL INFO Channel 05/1 : 1[d5000] -> 0[9000] via P2P/IPC comm 0x56378663aae0 nRanks 02
vcjob-2107900011410145281-abc12335-65396-worker-0:132:6606 [6] NCCL INFO Channel 07/1 : 1[d5000] -> 0[9000] via P2P/IPC comm 0x56378663aae0 nRanks 02
vcjob-2107900011410145281-abc12335-65396-worker-0:132:6606 [6] NCCL INFO Channel 09/1 : 1[d5000] -> 0[9000] via P2P/IPC comm 0x56378663aae0 nRanks 02
vcjob-2107900011410145281-abc12335-65396-worker-0:132:6606 [6] NCCL INFO Channel 11/1 : 1[d5000] -> 0[9000] via P2P/IPC comm 0x56378663aae0 nRanks 02
vcjob-2107900011410145281-abc12335-65396-worker-0:132:6606 [6] NCCL INFO Channel 13/1 : 1[d5000] -> 0[9000] via P2P/IPC comm 0x56378663aae0 nRanks 02
vcjob-2107900011410145281-abc12335-65396-worker-0:132:6606 [6] NCCL INFO Channel 15/1 : 1[d5000] -> 0[9000] via P2P/IPC comm 0x56378663aae0 nRanks 02
vcjob-2107900011410145281-abc12335-65396-worker-0:132:6606 [6] NCCL INFO Channel 17/1 : 1[d5000] -> 0[9000] via P2P/IPC comm 0x56378663aae0 nRanks 02
vcjob-2107900011410145281-abc12335-65396-worker-0:132:6606 [6] NCCL INFO Channel 19/1 : 1[d5000] -> 0[9000] via P2P/IPC comm 0x56378663aae0 nRanks 02
vcjob-2107900011410145281-abc12335-65396-worker-0:132:6606 [6] NCCL INFO Channel 21/1 : 1[d5000] -> 0[9000] via P2P/IPC comm 0x56378663aae0 nRanks 02
vcjob-2107900011410145281-abc12335-65396-worker-0:132:6606 [6] NCCL INFO Channel 23/1 : 1[d5000] -> 0[9000] via P2P/IPC comm 0x56378663aae0 nRanks 02
vcjob-2107900011410145281-abc12335-65396-worker-0:132:6606 [6] NCCL INFO Channel 25/1 : 1[d5000] -> 0[9000] via P2P/IPC comm 0x56378663aae0 nRanks 02
vcjob-2107900011410145281-abc12335-65396-worker-0:132:6606 [6] NCCL INFO Channel 27/1 : 1[d5000] -> 0[9000] via P2P/IPC comm 0x56378663aae0 nRanks 02
vcjob-2107900011410145281-abc12335-65396-worker-0:132:6606 [6] NCCL INFO Channel 29/1 : 1[d5000] -> 0[9000] via P2P/IPC comm 0x56378663aae0 nRanks 02
vcjob-2107900011410145281-abc12335-65396-worker-0:132:6606 [6] NCCL INFO Channel 31/1 : 1[d5000] -> 0[9000] via P2P/IPC comm 0x56378663aae0 nRanks 02

vcjob-2107900011410145281-abc12335-65396-worker-0:126:126 [0] /data/jenkins_workspace/workspace/rccl_release/build/hipify/src/init.cc:170 NCCL WARN NUMA auto balancing enabled which can lead to variability in the RCCL performance! Disable by "sudo sysctl kernel.numa_balancing=0"
vcjob-2107900011410145281-abc12335-65396-worker-0:126:126 [0] NCCL INFO Kernel version: 5.15.0-25-generic

vcjob-2107900011410145281-abc12335-65396-worker-0:126:126 [0] /data/jenkins_workspace/workspace/rccl_release/build/hipify/src/init.cc:191 NCCL WARN Missing "iommu=pt" from kernel command line which can lead to system instablity or hang!
I1008 02:25:32.645079   126 ProcessGroupNCCL.cpp:2857] [PG ID 0 PG GUID 0(default_pg) Rank 0] ProcessGroupNCCL broadcast unique ID through store took 0.099041 ms
I1008 02:25:32.645110   126 NCCLUtils.cpp:75] Rank 0: creating NCCL communicator with mode: blocking

vcjob-2107900011410145281-abc12335-65396-worker-0:126:126 [0] /data/jenkins_workspace/workspace/rccl_release/build/hipify/src/init.cc:170 NCCL WARN NUMA auto balancing enabled which can lead to variability in the RCCL performance! Disable by "sudo sysctl kernel.numa_balancing=0"
vcjob-2107900011410145281-abc12335-65396-worker-0:126:126 [0] NCCL INFO Kernel version: 5.15.0-25-generic

vcjob-2107900011410145281-abc12335-65396-worker-0:126:126 [0] /data/jenkins_workspace/workspace/rccl_release/build/hipify/src/init.cc:191 NCCL WARN Missing "iommu=pt" from kernel command line which can lead to system instablity or hang!
I1008 02:25:32.645226   133 ProcessGroupNCCL.cpp:2857] [PG ID 0 PG GUID 0(default_pg) Rank 7] ProcessGroupNCCL broadcast unique ID through store took 2260.02 ms
I1008 02:25:32.645288   133 NCCLUtils.cpp:75] Rank 1: creating NCCL communicator with mode: blocking

vcjob-2107900011410145281-abc12335-65396-worker-0:133:133 [7] /data/jenkins_workspace/workspace/rccl_release/build/hipify/src/init.cc:170 NCCL WARN NUMA auto balancing enabled which can lead to variability in the RCCL performance! Disable by "sudo sysctl kernel.numa_balancing=0"
vcjob-2107900011410145281-abc12335-65396-worker-0:133:133 [7] NCCL INFO Kernel version: 5.15.0-25-generic

vcjob-2107900011410145281-abc12335-65396-worker-0:133:133 [7] /data/jenkins_workspace/workspace/rccl_release/build/hipify/src/init.cc:191 NCCL WARN Missing "iommu=pt" from kernel command line which can lead to system instablity or hang!
vcjob-2107900011410145281-abc12335-65396-worker-0:126:126 [0] NCCL INFO Comm config Blocking set to 1
vcjob-2107900011410145281-abc12335-65396-worker-0:126:6608 [0] NCCL INFO Using network Socket
vcjob-2107900011410145281-abc12335-65396-worker-0:133:133 [7] NCCL INFO Comm config Blocking set to 1
vcjob-2107900011410145281-abc12335-65396-worker-0:126:6608 [0] NCCL INFO rocm_smi_lib: version 7.6.0.0
vcjob-2107900011410145281-abc12335-65396-worker-0:133:6609 [7] NCCL INFO Using network Socket
vcjob-2107900011410145281-abc12335-65396-worker-0:133:6609 [7] NCCL INFO rocm_smi_lib: version 7.6.0.0
vcjob-2107900011410145281-abc12335-65396-worker-0:133:6609 [7] NCCL INFO ncclCommInitRank comm 0x55ae75f73450 rank 1 nranks 2 cudaDev 7 nvmlDev 7 busId f5000 commId 0xb051c03bd3d4c25 - Init START
vcjob-2107900011410145281-abc12335-65396-worker-0:126:6608 [0] NCCL INFO ncclCommInitRank comm 0x556e3da04480 rank 0 nranks 2 cudaDev 0 nvmlDev 0 busId 9000 commId 0xb051c03bd3d4c25 - Init START
vcjob-2107900011410145281-abc12335-65396-worker-0:126:6608 [0] NCCL INFO rank:0 get match hsa dev domain:0x0 bdf:0x900 rank busId:0x36864
vcjob-2107900011410145281-abc12335-65396-worker-0:133:6609 [7] NCCL INFO rank:1 get match hsa dev domain:0x0 bdf:0xf500 rank busId:0x1003520
vcjob-2107900011410145281-abc12335-65396-worker-0:133:6609 [7] NCCL INFO XDP Switch is off with xdp_size : 0
vcjob-2107900011410145281-abc12335-65396-worker-0:126:6608 [0] NCCL INFO XDP Switch is off with xdp_size : 0

vcjob-2107900011410145281-abc12335-65396-worker-0:133:6609 [7] /data/jenkins_workspace/workspace/rccl_release/build/hipify/src/graph/xml.cc:1211 NCCL WARN No IB NIC found, the generation of the basic topology has been terminated.

vcjob-2107900011410145281-abc12335-65396-worker-0:126:6608 [0] /data/jenkins_workspace/workspace/rccl_release/build/hipify/src/graph/xml.cc:1211 NCCL WARN No IB NIC found, the generation of the basic topology has been terminated.
vcjob-2107900011410145281-abc12335-65396-worker-0:133:6609 [7] NCCL INFO rocm_smi_lib: version 7.6.0.0
vcjob-2107900011410145281-abc12335-65396-worker-0:126:6608 [0] NCCL INFO rocm_smi_lib: version 7.6.0.0
vcjob-2107900011410145281-abc12335-65396-worker-0:133:6609 [7] NCCL INFO Setting affinity for GPU 7 to ffff0000,00000000,00000000
vcjob-2107900011410145281-abc12335-65396-worker-0:133:6609 [7] NCCL INFO Rank:1 Get link topo from rocmDev:0 linkNum:8 link:0 linkState:1 remote type:1 bdf:0x9b00 topoType:2
vcjob-2107900011410145281-abc12335-65396-worker-0:133:6609 [7] NCCL INFO Transport init rank 1 useXdp 0 linkTopoType 2
vcjob-2107900011410145281-abc12335-65396-worker-0:126:6608 [0] NCCL INFO Setting affinity for GPU 0 to ffff
vcjob-2107900011410145281-abc12335-65396-worker-0:126:6608 [0] NCCL INFO Rank:0 Get link topo from rocmDev:0 linkNum:8 link:0 linkState:1 remote type:1 bdf:0x9b00 topoType:2
vcjob-2107900011410145281-abc12335-65396-worker-0:126:6608 [0] NCCL INFO Transport init rank 0 useXdp 0 linkTopoType 2
vcjob-2107900011410145281-abc12335-65396-worker-0:126:6608 [0] NCCL INFO comm 0x556e3da04480 rank 0 nRanks 2 nNodes 1 localRanks 2 localRank 0 MNNVL 0
vcjob-2107900011410145281-abc12335-65396-worker-0:133:6609 [7] NCCL INFO comm 0x55ae75f73450 rank 1 nRanks 2 nNodes 1 localRanks 2 localRank 1 MNNVL 0
vcjob-2107900011410145281-abc12335-65396-worker-0:133:6609 [7] NCCL INFO Trees [0] -1/-1/-1->1->0 [1] -1/-1/-1->1->0 [2] -1/-1/-1->1->0 [3] 0/-1/-1->1->-1 [4] -1/-1/-1->1->0 [5] -1/-1/-1->1->0 [6] -1/-1/-1->1->0 [7] 0/-1/-1->1->-1 [8] -1/-1/-1->1->0 [9] -1/-1/-1->1->0 [10] -1/-1/-1->1->0 [11] 0/-1/-1->1->-1 [12] -1/-1/-1->1->0 [13] -1/-1/-1->1->0 [14] -1/-1/-1->1->0 [15] 0/-1/-1->1->-1 [16] -1/-1/-1->1->0 [17] -1/-1/-1->1->0 [18] -1/-1/-1->1->0 [19] 0/-1/-1->1->-1 [20] -1/-1/-1->1->0 [21] -1/-1/-1->1->0 [22] -1/-1/-1->1->0 [23] 0/-1/-1->1->-1 [24] -1/-1/-1->1->0 [25] -1/-1/-1->1->0 [26] -1/-1/-1->1->0 [27] 0/-1/-1->1->-1 [28] -1/-1/-1->1->0 [29] -1/-1/-1->1->0 [30] -1/-1/-1->1->0 [31] 0/-1/-1->1->-1 comm 0x55ae75f73450 nRanks 02 busId f5000
vcjob-2107900011410145281-abc12335-65396-worker-0:133:6609 [7] NCCL INFO P2P Chunksize set to 262144
vcjob-2107900011410145281-abc12335-65396-worker-0:133:6609 [7] NCCL INFO comm->autoPerPeerOn: 1, comm->p2pnChannels: 32, comm->p2pnChannelsPerPeer: 16
vcjob-2107900011410145281-abc12335-65396-worker-0:126:6608 [0] NCCL INFO Channel 00/32 :    0   1
vcjob-2107900011410145281-abc12335-65396-worker-0:126:6608 [0] NCCL INFO Channel 01/32 :    0   1
vcjob-2107900011410145281-abc12335-65396-worker-0:126:6608 [0] NCCL INFO Channel 02/32 :    0   1
vcjob-2107900011410145281-abc12335-65396-worker-0:126:6608 [0] NCCL INFO Channel 03/32 :    0   1
vcjob-2107900011410145281-abc12335-65396-worker-0:126:6608 [0] NCCL INFO Channel 04/32 :    0   1
vcjob-2107900011410145281-abc12335-65396-worker-0:126:6608 [0] NCCL INFO Channel 05/32 :    0   1
vcjob-2107900011410145281-abc12335-65396-worker-0:126:6608 [0] NCCL INFO Channel 06/32 :    0   1
vcjob-2107900011410145281-abc12335-65396-worker-0:126:6608 [0] NCCL INFO Channel 07/32 :    0   1
vcjob-2107900011410145281-abc12335-65396-worker-0:126:6608 [0] NCCL INFO Channel 08/32 :    0   1
vcjob-2107900011410145281-abc12335-65396-worker-0:126:6608 [0] NCCL INFO Channel 09/32 :    0   1
vcjob-2107900011410145281-abc12335-65396-worker-0:126:6608 [0] NCCL INFO Channel 10/32 :    0   1
vcjob-2107900011410145281-abc12335-65396-worker-0:126:6608 [0] NCCL INFO Channel 11/32 :    0   1
vcjob-2107900011410145281-abc12335-65396-worker-0:126:6608 [0] NCCL INFO Channel 12/32 :    0   1
vcjob-2107900011410145281-abc12335-65396-worker-0:126:6608 [0] NCCL INFO Channel 13/32 :    0   1
vcjob-2107900011410145281-abc12335-65396-worker-0:126:6608 [0] NCCL INFO Channel 14/32 :    0   1
vcjob-2107900011410145281-abc12335-65396-worker-0:126:6608 [0] NCCL INFO Channel 15/32 :    0   1
vcjob-2107900011410145281-abc12335-65396-worker-0:126:6608 [0] NCCL INFO Channel 16/32 :    0   1
vcjob-2107900011410145281-abc12335-65396-worker-0:126:6608 [0] NCCL INFO Channel 17/32 :    0   1
vcjob-2107900011410145281-abc12335-65396-worker-0:126:6608 [0] NCCL INFO Channel 18/32 :    0   1
vcjob-2107900011410145281-abc12335-65396-worker-0:126:6608 [0] NCCL INFO Channel 19/32 :    0   1
vcjob-2107900011410145281-abc12335-65396-worker-0:126:6608 [0] NCCL INFO Channel 20/32 :    0   1
vcjob-2107900011410145281-abc12335-65396-worker-0:126:6608 [0] NCCL INFO Channel 21/32 :    0   1
vcjob-2107900011410145281-abc12335-65396-worker-0:126:6608 [0] NCCL INFO Channel 22/32 :    0   1
vcjob-2107900011410145281-abc12335-65396-worker-0:126:6608 [0] NCCL INFO Channel 23/32 :    0   1
vcjob-2107900011410145281-abc12335-65396-worker-0:126:6608 [0] NCCL INFO Channel 24/32 :    0   1
vcjob-2107900011410145281-abc12335-65396-worker-0:126:6608 [0] NCCL INFO Channel 25/32 :    0   1
vcjob-2107900011410145281-abc12335-65396-worker-0:126:6608 [0] NCCL INFO Channel 26/32 :    0   1
vcjob-2107900011410145281-abc12335-65396-worker-0:126:6608 [0] NCCL INFO Channel 27/32 :    0   1
vcjob-2107900011410145281-abc12335-65396-worker-0:126:6608 [0] NCCL INFO Channel 28/32 :    0   1
vcjob-2107900011410145281-abc12335-65396-worker-0:126:6608 [0] NCCL INFO Channel 29/32 :    0   1
vcjob-2107900011410145281-abc12335-65396-worker-0:126:6608 [0] NCCL INFO Channel 30/32 :    0   1
vcjob-2107900011410145281-abc12335-65396-worker-0:126:6608 [0] NCCL INFO Channel 31/32 :    0   1
vcjob-2107900011410145281-abc12335-65396-worker-0:126:6608 [0] NCCL INFO Trees [0] 1/-1/-1->0->-1 [1] 1/-1/-1->0->-1 [2] 1/-1/-1->0->-1 [3] -1/-1/-1->0->1 [4] 1/-1/-1->0->-1 [5] 1/-1/-1->0->-1 [6] 1/-1/-1->0->-1 [7] -1/-1/-1->0->1 [8] 1/-1/-1->0->-1 [9] 1/-1/-1->0->-1 [10] 1/-1/-1->0->-1 [11] -1/-1/-1->0->1 [12] 1/-1/-1->0->-1 [13] 1/-1/-1->0->-1 [14] 1/-1/-1->0->-1 [15] -1/-1/-1->0->1 [16] 1/-1/-1->0->-1 [17] 1/-1/-1->0->-1 [18] 1/-1/-1->0->-1 [19] -1/-1/-1->0->1 [20] 1/-1/-1->0->-1 [21] 1/-1/-1->0->-1 [22] 1/-1/-1->0->-1 [23] -1/-1/-1->0->1 [24] 1/-1/-1->0->-1 [25] 1/-1/-1->0->-1 [26] 1/-1/-1->0->-1 [27] -1/-1/-1->0->1 [28] 1/-1/-1->0->-1 [29] 1/-1/-1->0->-1 [30] 1/-1/-1->0->-1 [31] -1/-1/-1->0->1 comm 0x556e3da04480 nRanks 02 busId 9000
vcjob-2107900011410145281-abc12335-65396-worker-0:126:6608 [0] NCCL INFO P2P Chunksize set to 262144
vcjob-2107900011410145281-abc12335-65396-worker-0:126:6608 [0] NCCL INFO comm->autoPerPeerOn: 1, comm->p2pnChannels: 32, comm->p2pnChannelsPerPeer: 16
vcjob-2107900011410145281-abc12335-65396-worker-0:126:6608 [0] NCCL INFO Channel 00/0 : 0[9000] -> 1[f5000] via P2P/IPC comm 0x556e3da04480 nRanks 02
vcjob-2107900011410145281-abc12335-65396-worker-0:126:6608 [0] NCCL INFO Channel 01/0 : 0[9000] -> 1[f5000] via P2P/IPC comm 0x556e3da04480 nRanks 02
vcjob-2107900011410145281-abc12335-65396-worker-0:126:6608 [0] NCCL INFO Channel 02/0 : 0[9000] -> 1[f5000] via P2P/IPC comm 0x556e3da04480 nRanks 02
vcjob-2107900011410145281-abc12335-65396-worker-0:126:6608 [0] NCCL INFO Channel 03/0 : 0[9000] -> 1[f5000] via P2P/IPC comm 0x556e3da04480 nRanks 02
vcjob-2107900011410145281-abc12335-65396-worker-0:126:6608 [0] NCCL INFO Channel 04/0 : 0[9000] -> 1[f5000] via P2P/IPC comm 0x556e3da04480 nRanks 02
vcjob-2107900011410145281-abc12335-65396-worker-0:126:6608 [0] NCCL INFO Channel 05/0 : 0[9000] -> 1[f5000] via P2P/IPC comm 0x556e3da04480 nRanks 02
vcjob-2107900011410145281-abc12335-65396-worker-0:126:6608 [0] NCCL INFO Channel 06/0 : 0[9000] -> 1[f5000] via P2P/IPC comm 0x556e3da04480 nRanks 02
vcjob-2107900011410145281-abc12335-65396-worker-0:133:6609 [7] NCCL INFO Channel 00/0 : 1[f5000] -> 0[9000] via P2P/IPC comm 0x55ae75f73450 nRanks 02
vcjob-2107900011410145281-abc12335-65396-worker-0:126:6608 [0] NCCL INFO Channel 07/0 : 0[9000] -> 1[f5000] via P2P/IPC comm 0x556e3da04480 nRanks 02
vcjob-2107900011410145281-abc12335-65396-worker-0:133:6609 [7] NCCL INFO Channel 01/0 : 1[f5000] -> 0[9000] via P2P/IPC comm 0x55ae75f73450 nRanks 02
vcjob-2107900011410145281-abc12335-65396-worker-0:126:6608 [0] NCCL INFO Channel 08/0 : 0[9000] -> 1[f5000] via P2P/IPC comm 0x556e3da04480 nRanks 02
vcjob-2107900011410145281-abc12335-65396-worker-0:133:6609 [7] NCCL INFO Channel 02/0 : 1[f5000] -> 0[9000] via P2P/IPC comm 0x55ae75f73450 nRanks 02
vcjob-2107900011410145281-abc12335-65396-worker-0:126:6608 [0] NCCL INFO Channel 09/0 : 0[9000] -> 1[f5000] via P2P/IPC comm 0x556e3da04480 nRanks 02
vcjob-2107900011410145281-abc12335-65396-worker-0:133:6609 [7] NCCL INFO Channel 03/0 : 1[f5000] -> 0[9000] via P2P/IPC comm 0x55ae75f73450 nRanks 02
vcjob-2107900011410145281-abc12335-65396-worker-0:126:6608 [0] NCCL INFO Channel 10/0 : 0[9000] -> 1[f5000] via P2P/IPC comm 0x556e3da04480 nRanks 02
vcjob-2107900011410145281-abc12335-65396-worker-0:133:6609 [7] NCCL INFO Channel 04/0 : 1[f5000] -> 0[9000] via P2P/IPC comm 0x55ae75f73450 nRanks 02
vcjob-2107900011410145281-abc12335-65396-worker-0:126:6608 [0] NCCL INFO Channel 11/0 : 0[9000] -> 1[f5000] via P2P/IPC comm 0x556e3da04480 nRanks 02
vcjob-2107900011410145281-abc12335-65396-worker-0:133:6609 [7] NCCL INFO Channel 05/0 : 1[f5000] -> 0[9000] via P2P/IPC comm 0x55ae75f73450 nRanks 02
vcjob-2107900011410145281-abc12335-65396-worker-0:126:6608 [0] NCCL INFO Channel 12/0 : 0[9000] -> 1[f5000] via P2P/IPC comm 0x556e3da04480 nRanks 02
vcjob-2107900011410145281-abc12335-65396-worker-0:133:6609 [7] NCCL INFO Channel 06/0 : 1[f5000] -> 0[9000] via P2P/IPC comm 0x55ae75f73450 nRanks 02
vcjob-2107900011410145281-abc12335-65396-worker-0:126:6608 [0] NCCL INFO Channel 13/0 : 0[9000] -> 1[f5000] via P2P/IPC comm 0x556e3da04480 nRanks 02
vcjob-2107900011410145281-abc12335-65396-worker-0:133:6609 [7] NCCL INFO Channel 07/0 : 1[f5000] -> 0[9000] via P2P/IPC comm 0x55ae75f73450 nRanks 02
vcjob-2107900011410145281-abc12335-65396-worker-0:126:6608 [0] NCCL INFO Channel 14/0 : 0[9000] -> 1[f5000] via P2P/IPC comm 0x556e3da04480 nRanks 02
vcjob-2107900011410145281-abc12335-65396-worker-0:133:6609 [7] NCCL INFO Channel 08/0 : 1[f5000] -> 0[9000] via P2P/IPC comm 0x55ae75f73450 nRanks 02
vcjob-2107900011410145281-abc12335-65396-worker-0:126:6608 [0] NCCL INFO Channel 15/0 : 0[9000] -> 1[f5000] via P2P/IPC comm 0x556e3da04480 nRanks 02
vcjob-2107900011410145281-abc12335-65396-worker-0:133:6609 [7] NCCL INFO Channel 09/0 : 1[f5000] -> 0[9000] via P2P/IPC comm 0x55ae75f73450 nRanks 02
vcjob-2107900011410145281-abc12335-65396-worker-0:126:6608 [0] NCCL INFO Channel 16/0 : 0[9000] -> 1[f5000] via P2P/IPC comm 0x556e3da04480 nRanks 02
vcjob-2107900011410145281-abc12335-65396-worker-0:133:6609 [7] NCCL INFO Channel 10/0 : 1[f5000] -> 0[9000] via P2P/IPC comm 0x55ae75f73450 nRanks 02
vcjob-2107900011410145281-abc12335-65396-worker-0:126:6608 [0] NCCL INFO Channel 17/0 : 0[9000] -> 1[f5000] via P2P/IPC comm 0x556e3da04480 nRanks 02
vcjob-2107900011410145281-abc12335-65396-worker-0:133:6609 [7] NCCL INFO Channel 11/0 : 1[f5000] -> 0[9000] via P2P/IPC comm 0x55ae75f73450 nRanks 02
vcjob-2107900011410145281-abc12335-65396-worker-0:126:6608 [0] NCCL INFO Channel 18/0 : 0[9000] -> 1[f5000] via P2P/IPC comm 0x556e3da04480 nRanks 02
vcjob-2107900011410145281-abc12335-65396-worker-0:133:6609 [7] NCCL INFO Channel 12/0 : 1[f5000] -> 0[9000] via P2P/IPC comm 0x55ae75f73450 nRanks 02
vcjob-2107900011410145281-abc12335-65396-worker-0:126:6608 [0] NCCL INFO Channel 19/0 : 0[9000] -> 1[f5000] via P2P/IPC comm 0x556e3da04480 nRanks 02
vcjob-2107900011410145281-abc12335-65396-worker-0:133:6609 [7] NCCL INFO Channel 13/0 : 1[f5000] -> 0[9000] via P2P/IPC comm 0x55ae75f73450 nRanks 02
vcjob-2107900011410145281-abc12335-65396-worker-0:126:6608 [0] NCCL INFO Channel 20/0 : 0[9000] -> 1[f5000] via P2P/IPC comm 0x556e3da04480 nRanks 02
vcjob-2107900011410145281-abc12335-65396-worker-0:133:6609 [7] NCCL INFO Channel 14/0 : 1[f5000] -> 0[9000] via P2P/IPC comm 0x55ae75f73450 nRanks 02
vcjob-2107900011410145281-abc12335-65396-worker-0:133:6609 [7] NCCL INFO Channel 15/0 : 1[f5000] -> 0[9000] via P2P/IPC comm 0x55ae75f73450 nRanks 02
vcjob-2107900011410145281-abc12335-65396-worker-0:126:6608 [0] NCCL INFO Channel 21/0 : 0[9000] -> 1[f5000] via P2P/IPC comm 0x556e3da04480 nRanks 02
vcjob-2107900011410145281-abc12335-65396-worker-0:133:6609 [7] NCCL INFO Channel 16/0 : 1[f5000] -> 0[9000] via P2P/IPC comm 0x55ae75f73450 nRanks 02
vcjob-2107900011410145281-abc12335-65396-worker-0:126:6608 [0] NCCL INFO Channel 22/0 : 0[9000] -> 1[f5000] via P2P/IPC comm 0x556e3da04480 nRanks 02
vcjob-2107900011410145281-abc12335-65396-worker-0:133:6609 [7] NCCL INFO Channel 17/0 : 1[f5000] -> 0[9000] via P2P/IPC comm 0x55ae75f73450 nRanks 02
vcjob-2107900011410145281-abc12335-65396-worker-0:126:6608 [0] NCCL INFO Channel 23/0 : 0[9000] -> 1[f5000] via P2P/IPC comm 0x556e3da04480 nRanks 02
vcjob-2107900011410145281-abc12335-65396-worker-0:133:6609 [7] NCCL INFO Channel 18/0 : 1[f5000] -> 0[9000] via P2P/IPC comm 0x55ae75f73450 nRanks 02
vcjob-2107900011410145281-abc12335-65396-worker-0:126:6608 [0] NCCL INFO Channel 24/0 : 0[9000] -> 1[f5000] via P2P/IPC comm 0x556e3da04480 nRanks 02
vcjob-2107900011410145281-abc12335-65396-worker-0:133:6609 [7] NCCL INFO Channel 19/0 : 1[f5000] -> 0[9000] via P2P/IPC comm 0x55ae75f73450 nRanks 02
vcjob-2107900011410145281-abc12335-65396-worker-0:126:6608 [0] NCCL INFO Channel 25/0 : 0[9000] -> 1[f5000] via P2P/IPC comm 0x556e3da04480 nRanks 02
vcjob-2107900011410145281-abc12335-65396-worker-0:133:6609 [7] NCCL INFO Channel 20/0 : 1[f5000] -> 0[9000] via P2P/IPC comm 0x55ae75f73450 nRanks 02
vcjob-2107900011410145281-abc12335-65396-worker-0:126:6608 [0] NCCL INFO Channel 26/0 : 0[9000] -> 1[f5000] via P2P/IPC comm 0x556e3da04480 nRanks 02
vcjob-2107900011410145281-abc12335-65396-worker-0:133:6609 [7] NCCL INFO Channel 21/0 : 1[f5000] -> 0[9000] via P2P/IPC comm 0x55ae75f73450 nRanks 02
vcjob-2107900011410145281-abc12335-65396-worker-0:126:6608 [0] NCCL INFO Channel 27/0 : 0[9000] -> 1[f5000] via P2P/IPC comm 0x556e3da04480 nRanks 02
vcjob-2107900011410145281-abc12335-65396-worker-0:133:6609 [7] NCCL INFO Channel 22/0 : 1[f5000] -> 0[9000] via P2P/IPC comm 0x55ae75f73450 nRanks 02
vcjob-2107900011410145281-abc12335-65396-worker-0:126:6608 [0] NCCL INFO Channel 28/0 : 0[9000] -> 1[f5000] via P2P/IPC comm 0x556e3da04480 nRanks 02
vcjob-2107900011410145281-abc12335-65396-worker-0:133:6609 [7] NCCL INFO Channel 23/0 : 1[f5000] -> 0[9000] via P2P/IPC comm 0x55ae75f73450 nRanks 02
vcjob-2107900011410145281-abc12335-65396-worker-0:126:6608 [0] NCCL INFO Channel 29/0 : 0[9000] -> 1[f5000] via P2P/IPC comm 0x556e3da04480 nRanks 02
vcjob-2107900011410145281-abc12335-65396-worker-0:133:6609 [7] NCCL INFO Channel 24/0 : 1[f5000] -> 0[9000] via P2P/IPC comm 0x55ae75f73450 nRanks 02
vcjob-2107900011410145281-abc12335-65396-worker-0:126:6608 [0] NCCL INFO Channel 30/0 : 0[9000] -> 1[f5000] via P2P/IPC comm 0x556e3da04480 nRanks 02
vcjob-2107900011410145281-abc12335-65396-worker-0:133:6609 [7] NCCL INFO Channel 25/0 : 1[f5000] -> 0[9000] via P2P/IPC comm 0x55ae75f73450 nRanks 02
vcjob-2107900011410145281-abc12335-65396-worker-0:126:6608 [0] NCCL INFO Channel 31/0 : 0[9000] -> 1[f5000] via P2P/IPC comm 0x556e3da04480 nRanks 02
vcjob-2107900011410145281-abc12335-65396-worker-0:133:6609 [7] NCCL INFO Channel 26/0 : 1[f5000] -> 0[9000] via P2P/IPC comm 0x55ae75f73450 nRanks 02
vcjob-2107900011410145281-abc12335-65396-worker-0:133:6609 [7] NCCL INFO Channel 27/0 : 1[f5000] -> 0[9000] via P2P/IPC comm 0x55ae75f73450 nRanks 02
vcjob-2107900011410145281-abc12335-65396-worker-0:133:6609 [7] NCCL INFO Channel 28/0 : 1[f5000] -> 0[9000] via P2P/IPC comm 0x55ae75f73450 nRanks 02
vcjob-2107900011410145281-abc12335-65396-worker-0:133:6609 [7] NCCL INFO Channel 29/0 : 1[f5000] -> 0[9000] via P2P/IPC comm 0x55ae75f73450 nRanks 02
vcjob-2107900011410145281-abc12335-65396-worker-0:133:6609 [7] NCCL INFO Channel 30/0 : 1[f5000] -> 0[9000] via P2P/IPC comm 0x55ae75f73450 nRanks 02
vcjob-2107900011410145281-abc12335-65396-worker-0:133:6609 [7] NCCL INFO Channel 31/0 : 1[f5000] -> 0[9000] via P2P/IPC comm 0x55ae75f73450 nRanks 02
vcjob-2107900011410145281-abc12335-65396-worker-0:126:6608 [0] NCCL INFO Connected all rings
vcjob-2107900011410145281-abc12335-65396-worker-0:133:6609 [7] NCCL INFO Connected all rings
vcjob-2107900011410145281-abc12335-65396-worker-0:126:6608 [0] NCCL INFO Connected all trees
vcjob-2107900011410145281-abc12335-65396-worker-0:133:6609 [7] NCCL INFO Connected all trees
vcjob-2107900011410145281-abc12335-65396-worker-0:133:6609 [7] NCCL INFO threadThresholds 8/8/64 | 16/8/64 | 256 | 256
vcjob-2107900011410145281-abc12335-65396-worker-0:126:6608 [0] NCCL INFO threadThresholds 8/8/64 | 16/8/64 | 256 | 256
vcjob-2107900011410145281-abc12335-65396-worker-0:126:6608 [0] NCCL INFO 32 coll channels, 32 collnet channels, 0 nvls channels, 32 p2p channels, 16 p2p channels per peer
vcjob-2107900011410145281-abc12335-65396-worker-0:133:6609 [7] NCCL INFO 32 coll channels, 32 collnet channels, 0 nvls channels, 32 p2p channels, 16 p2p channels per peer
vcjob-2107900011410145281-abc12335-65396-worker-0:126:6608 [0] NCCL INFO CC Off, Multi-GPU CC Off, workFifoBytes 4194304
vcjob-2107900011410145281-abc12335-65396-worker-0:126:6608 [0] NCCL INFO ncclCommInitRank comm 0x556e3da04480 rank 0 nranks 2 cudaDev 0 nvmlDev 0 busId 9000 commId 0xb051c03bd3d4c25 localSize 480 used 1602949760 bytes on core 0 - Init COMPLETE
vcjob-2107900011410145281-abc12335-65396-worker-0:126:6608 [0] NCCL INFO Init timings: rank 0 nranks 2 total 0.31 (kernels 0.00, bootstrap 0.03, allgathers 0.01, topo 0.19, graphs 0.00, connections 0.08, rest 0.00)
vcjob-2107900011410145281-abc12335-65396-worker-0:133:6609 [7] NCCL INFO ncclCommInitRank comm 0x55ae75f73450 rank 1 nranks 2 cudaDev 7 nvmlDev 7 busId f5000 commId 0xb051c03bd3d4c25 localSize 480 used 373326816 bytes on core 80 - Init COMPLETE
vcjob-2107900011410145281-abc12335-65396-worker-0:133:6609 [7] NCCL INFO Init timings: rank 1 nranks 2 total 0.31 (kernels 0.00, bootstrap 0.03, allgathers 0.01, topo 0.19, graphs 0.00, connections 0.09, rest 0.00)
I1008 02:25:32.958312   126 ProcessGroupNCCL.cpp:2890] [PG ID 0 PG GUID 0(default_pg) Rank 0] NCCL_DEBUG: INFO
I1008 02:25:32.958405   133 ProcessGroupNCCL.cpp:2890] [PG ID 0 PG GUID 0(default_pg) Rank 7] NCCL_DEBUG: INFO
vcjob-2107900011410145281-abc12335-65396-worker-0:133:6615 [7] NCCL INFO Channel 01/1 : 1[f5000] -> 0[9000] via P2P/IPC comm 0x55ae75f73450 nRanks 02
vcjob-2107900011410145281-abc12335-65396-worker-0:133:6615 [7] NCCL INFO Channel 03/1 : 1[f5000] -> 0[9000] via P2P/IPC comm 0x55ae75f73450 nRanks 02
vcjob-2107900011410145281-abc12335-65396-worker-0:133:6615 [7] NCCL INFO Channel 05/1 : 1[f5000] -> 0[9000] via P2P/IPC comm 0x55ae75f73450 nRanks 02
vcjob-2107900011410145281-abc12335-65396-worker-0:133:6615 [7] NCCL INFO Channel 07/1 : 1[f5000] -> 0[9000] via P2P/IPC comm 0x55ae75f73450 nRanks 02
vcjob-2107900011410145281-abc12335-65396-worker-0:133:6615 [7] NCCL INFO Channel 09/1 : 1[f5000] -> 0[9000] via P2P/IPC comm 0x55ae75f73450 nRanks 02
vcjob-2107900011410145281-abc12335-65396-worker-0:133:6615 [7] NCCL INFO Channel 11/1 : 1[f5000] -> 0[9000] via P2P/IPC comm 0x55ae75f73450 nRanks 02
vcjob-2107900011410145281-abc12335-65396-worker-0:133:6615 [7] NCCL INFO Channel 13/1 : 1[f5000] -> 0[9000] via P2P/IPC comm 0x55ae75f73450 nRanks 02
vcjob-2107900011410145281-abc12335-65396-worker-0:133:6615 [7] NCCL INFO Channel 15/1 : 1[f5000] -> 0[9000] via P2P/IPC comm 0x55ae75f73450 nRanks 02
vcjob-2107900011410145281-abc12335-65396-worker-0:133:6615 [7] NCCL INFO Channel 17/1 : 1[f5000] -> 0[9000] via P2P/IPC comm 0x55ae75f73450 nRanks 02
vcjob-2107900011410145281-abc12335-65396-worker-0:133:6615 [7] NCCL INFO Channel 19/1 : 1[f5000] -> 0[9000] via P2P/IPC comm 0x55ae75f73450 nRanks 02
vcjob-2107900011410145281-abc12335-65396-worker-0:133:6615 [7] NCCL INFO Channel 21/1 : 1[f5000] -> 0[9000] via P2P/IPC comm 0x55ae75f73450 nRanks 02
vcjob-2107900011410145281-abc12335-65396-worker-0:133:6615 [7] NCCL INFO Channel 23/1 : 1[f5000] -> 0[9000] via P2P/IPC comm 0x55ae75f73450 nRanks 02
vcjob-2107900011410145281-abc12335-65396-worker-0:133:6615 [7] NCCL INFO Channel 25/1 : 1[f5000] -> 0[9000] via P2P/IPC comm 0x55ae75f73450 nRanks 02
vcjob-2107900011410145281-abc12335-65396-worker-0:133:6615 [7] NCCL INFO Channel 27/1 : 1[f5000] -> 0[9000] via P2P/IPC comm 0x55ae75f73450 nRanks 02
vcjob-2107900011410145281-abc12335-65396-worker-0:133:6615 [7] NCCL INFO Channel 29/1 : 1[f5000] -> 0[9000] via P2P/IPC comm 0x55ae75f73450 nRanks 02
vcjob-2107900011410145281-abc12335-65396-worker-0:133:6615 [7] NCCL INFO Channel 31/1 : 1[f5000] -> 0[9000] via P2P/IPC comm 0x55ae75f73450 nRanks 02

vcjob-2107900011410145281-abc12335-65396-worker-0:126:126 [0] /data/jenkins_workspace/workspace/rccl_release/build/hipify/src/init.cc:170 NCCL WARN NUMA auto balancing enabled which can lead to variability in the RCCL performance! Disable by "sudo sysctl kernel.numa_balancing=0"
vcjob-2107900011410145281-abc12335-65396-worker-0:126:126 [0] NCCL INFO Kernel version: 5.15.0-25-generic

vcjob-2107900011410145281-abc12335-65396-worker-0:126:126 [0] /data/jenkins_workspace/workspace/rccl_release/build/hipify/src/init.cc:191 NCCL WARN Missing "iommu=pt" from kernel command line which can lead to system instablity or hang!
I1008 02:25:32.999030   126 ProcessGroupNCCL.cpp:2857] [PG ID 0 PG GUID 0(default_pg) Rank 0] ProcessGroupNCCL broadcast unique ID through store took 0.098291 ms
I1008 02:25:32.999063   126 NCCLUtils.cpp:75] Rank 0: creating NCCL communicator with mode: blocking

vcjob-2107900011410145281-abc12335-65396-worker-0:126:126 [0] /data/jenkins_workspace/workspace/rccl_release/build/hipify/src/init.cc:170 NCCL WARN NUMA auto balancing enabled which can lead to variability in the RCCL performance! Disable by "sudo sysctl kernel.numa_balancing=0"
vcjob-2107900011410145281-abc12335-65396-worker-0:126:126 [0] NCCL INFO Kernel version: 5.15.0-25-generic

vcjob-2107900011410145281-abc12335-65396-worker-0:126:126 [0] /data/jenkins_workspace/workspace/rccl_release/build/hipify/src/init.cc:191 NCCL WARN Missing "iommu=pt" from kernel command line which can lead to system instablity or hang!
vcjob-2107900011410145281-abc12335-65396-worker-0:126:126 [0] NCCL INFO Comm config Blocking set to 1
vcjob-2107900011410145281-abc12335-65396-worker-0:126:6617 [0] NCCL INFO Using network Socket
vcjob-2107900011410145281-abc12335-65396-worker-0:126:6617 [0] NCCL INFO rocm_smi_lib: version 7.6.0.0
vcjob-2107900011410145281-abc12335-65396-worker-0:126:6617 [0] NCCL INFO ncclCommInitRank comm 0x556e3dabfc60 rank 0 nranks 2 cudaDev 0 nvmlDev 0 busId 9000 commId 0x527b8a62313ae5b7 - Init START
vcjob-2107900011410145281-abc12335-65396-worker-0:126:6617 [0] NCCL INFO rank:0 get match hsa dev domain:0x0 bdf:0x900 rank busId:0x36864
vcjob-2107900011410145281-abc12335-65396-worker-0:126:6617 [0] NCCL INFO XDP Switch is off with xdp_size : 0

vcjob-2107900011410145281-abc12335-65396-worker-0:126:6617 [0] /data/jenkins_workspace/workspace/rccl_release/build/hipify/src/graph/xml.cc:1211 NCCL WARN No IB NIC found, the generation of the basic topology has been terminated.
vcjob-2107900011410145281-abc12335-65396-worker-0:126:6617 [0] NCCL INFO rocm_smi_lib: version 7.6.0.0
vcjob-2107900011410145281-abc12335-65396-worker-0:126:6617 [0] NCCL INFO Setting affinity for GPU 0 to ffff
vcjob-2107900011410145281-abc12335-65396-worker-0:126:6617 [0] NCCL INFO Rank:0 Get link topo from rocmDev:0 linkNum:8 link:0 linkState:1 remote type:1 bdf:0x9b00 topoType:2
vcjob-2107900011410145281-abc12335-65396-worker-0:126:6617 [0] NCCL INFO Transport init rank 0 useXdp 0 linkTopoType 2
vcjob-2107900011410145281-abc12335-65396-worker-0:126:6617 [0] NCCL INFO comm 0x556e3dabfc60 rank 0 nRanks 2 nNodes 2 localRanks 1 localRank 0 MNNVL 0
vcjob-2107900011410145281-abc12335-65396-worker-0:126:6617 [0] NCCL INFO Channel 00/32 :    0   1
vcjob-2107900011410145281-abc12335-65396-worker-0:126:6617 [0] NCCL INFO Channel 01/32 :    0   1
vcjob-2107900011410145281-abc12335-65396-worker-0:126:6617 [0] NCCL INFO Channel 02/32 :    0   1
vcjob-2107900011410145281-abc12335-65396-worker-0:126:6617 [0] NCCL INFO Channel 03/32 :    0   1
vcjob-2107900011410145281-abc12335-65396-worker-0:126:6617 [0] NCCL INFO Channel 04/32 :    0   1
vcjob-2107900011410145281-abc12335-65396-worker-0:126:6617 [0] NCCL INFO Channel 05/32 :    0   1
vcjob-2107900011410145281-abc12335-65396-worker-0:126:6617 [0] NCCL INFO Channel 06/32 :    0   1
vcjob-2107900011410145281-abc12335-65396-worker-0:126:6617 [0] NCCL INFO Channel 07/32 :    0   1
vcjob-2107900011410145281-abc12335-65396-worker-0:126:6617 [0] NCCL INFO Channel 08/32 :    0   1
vcjob-2107900011410145281-abc12335-65396-worker-0:126:6617 [0] NCCL INFO Channel 09/32 :    0   1
vcjob-2107900011410145281-abc12335-65396-worker-0:126:6617 [0] NCCL INFO Channel 10/32 :    0   1
vcjob-2107900011410145281-abc12335-65396-worker-0:126:6617 [0] NCCL INFO Channel 11/32 :    0   1
vcjob-2107900011410145281-abc12335-65396-worker-0:126:6617 [0] NCCL INFO Channel 12/32 :    0   1
vcjob-2107900011410145281-abc12335-65396-worker-0:126:6617 [0] NCCL INFO Channel 13/32 :    0   1
vcjob-2107900011410145281-abc12335-65396-worker-0:126:6617 [0] NCCL INFO Channel 14/32 :    0   1
vcjob-2107900011410145281-abc12335-65396-worker-0:126:6617 [0] NCCL INFO Channel 15/32 :    0   1
vcjob-2107900011410145281-abc12335-65396-worker-0:126:6617 [0] NCCL INFO Channel 16/32 :    0   1
vcjob-2107900011410145281-abc12335-65396-worker-0:126:6617 [0] NCCL INFO Channel 17/32 :    0   1
vcjob-2107900011410145281-abc12335-65396-worker-0:126:6617 [0] NCCL INFO Channel 18/32 :    0   1
vcjob-2107900011410145281-abc12335-65396-worker-0:126:6617 [0] NCCL INFO Channel 19/32 :    0   1
vcjob-2107900011410145281-abc12335-65396-worker-0:126:6617 [0] NCCL INFO Channel 20/32 :    0   1
vcjob-2107900011410145281-abc12335-65396-worker-0:126:6617 [0] NCCL INFO Channel 21/32 :    0   1
vcjob-2107900011410145281-abc12335-65396-worker-0:126:6617 [0] NCCL INFO Channel 22/32 :    0   1
vcjob-2107900011410145281-abc12335-65396-worker-0:126:6617 [0] NCCL INFO Channel 23/32 :    0   1
vcjob-2107900011410145281-abc12335-65396-worker-0:126:6617 [0] NCCL INFO Channel 24/32 :    0   1
vcjob-2107900011410145281-abc12335-65396-worker-0:126:6617 [0] NCCL INFO Channel 25/32 :    0   1
vcjob-2107900011410145281-abc12335-65396-worker-0:126:6617 [0] NCCL INFO Channel 26/32 :    0   1
vcjob-2107900011410145281-abc12335-65396-worker-0:126:6617 [0] NCCL INFO Channel 27/32 :    0   1
vcjob-2107900011410145281-abc12335-65396-worker-0:126:6617 [0] NCCL INFO Channel 28/32 :    0   1
vcjob-2107900011410145281-abc12335-65396-worker-0:126:6617 [0] NCCL INFO Channel 29/32 :    0   1
vcjob-2107900011410145281-abc12335-65396-worker-0:126:6617 [0] NCCL INFO Channel 30/32 :    0   1
vcjob-2107900011410145281-abc12335-65396-worker-0:126:6617 [0] NCCL INFO Channel 31/32 :    0   1
vcjob-2107900011410145281-abc12335-65396-worker-0:126:6617 [0] NCCL INFO Trees [0] 1/-1/-1->0->-1 [1] -1/-1/-1->0->1 [2] 1/-1/-1->0->-1 [3] -1/-1/-1->0->1 [4] 1/-1/-1->0->-1 [5] -1/-1/-1->0->1 [6] 1/-1/-1->0->-1 [7] -1/-1/-1->0->1 [8] 1/-1/-1->0->-1 [9] -1/-1/-1->0->1 [10] 1/-1/-1->0->-1 [11] -1/-1/-1->0->1 [12] 1/-1/-1->0->-1 [13] -1/-1/-1->0->1 [14] 1/-1/-1->0->-1 [15] -1/-1/-1->0->1 [16] 1/-1/-1->0->-1 [17] -1/-1/-1->0->1 [18] 1/-1/-1->0->-1 [19] -1/-1/-1->0->1 [20] 1/-1/-1->0->-1 [21] -1/-1/-1->0->1 [22] 1/-1/-1->0->-1 [23] -1/-1/-1->0->1 [24] 1/-1/-1->0->-1 [25] -1/-1/-1->0->1 [26] 1/-1/-1->0->-1 [27] -1/-1/-1->0->1 [28] 1/-1/-1->0->-1 [29] -1/-1/-1->0->1 [30] 1/-1/-1->0->-1 [31] -1/-1/-1->0->1 comm 0x556e3dabfc60 nRanks 02 busId 9000
vcjob-2107900011410145281-abc12335-65396-worker-0:126:6617 [0] NCCL INFO P2P Chunksize set to 131072
vcjob-2107900011410145281-abc12335-65396-worker-0:126:6617 [0] NCCL INFO comm->autoPerPeerOn: 1, comm->p2pnChannels: 32, comm->p2pnChannelsPerPeer: 32
vcjob-2107900011410145281-abc12335-65396-worker-0:126:6617 [0] NCCL INFO Channel 00/0 : 1[9000] -> 0[9000] [receive] via NET/Socket/0 comm 0x556e3dabfc60 nRanks 02
vcjob-2107900011410145281-abc12335-65396-worker-0:126:6617 [0] NCCL INFO Channel 01/0 : 1[9000] -> 0[9000] [receive] via NET/Socket/0 comm 0x556e3dabfc60 nRanks 02
vcjob-2107900011410145281-abc12335-65396-worker-0:126:6617 [0] NCCL INFO Channel 02/0 : 1[9000] -> 0[9000] [receive] via NET/Socket/0 comm 0x556e3dabfc60 nRanks 02
vcjob-2107900011410145281-abc12335-65396-worker-0:126:6617 [0] NCCL INFO Channel 03/0 : 1[9000] -> 0[9000] [receive] via NET/Socket/0 comm 0x556e3dabfc60 nRanks 02
vcjob-2107900011410145281-abc12335-65396-worker-0:126:6617 [0] NCCL INFO Channel 04/0 : 1[9000] -> 0[9000] [receive] via NET/Socket/0 comm 0x556e3dabfc60 nRanks 02
vcjob-2107900011410145281-abc12335-65396-worker-0:126:6617 [0] NCCL INFO Channel 05/0 : 1[9000] -> 0[9000] [receive] via NET/Socket/0 comm 0x556e3dabfc60 nRanks 02
vcjob-2107900011410145281-abc12335-65396-worker-0:126:6617 [0] NCCL INFO Channel 06/0 : 1[9000] -> 0[9000] [receive] via NET/Socket/0 comm 0x556e3dabfc60 nRanks 02
vcjob-2107900011410145281-abc12335-65396-worker-0:126:6617 [0] NCCL INFO Channel 07/0 : 1[9000] -> 0[9000] [receive] via NET/Socket/0 comm 0x556e3dabfc60 nRanks 02
vcjob-2107900011410145281-abc12335-65396-worker-0:126:6617 [0] NCCL INFO Channel 08/0 : 1[9000] -> 0[9000] [receive] via NET/Socket/0 comm 0x556e3dabfc60 nRanks 02
vcjob-2107900011410145281-abc12335-65396-worker-0:126:6617 [0] NCCL INFO Channel 09/0 : 1[9000] -> 0[9000] [receive] via NET/Socket/0 comm 0x556e3dabfc60 nRanks 02
vcjob-2107900011410145281-abc12335-65396-worker-0:126:6617 [0] NCCL INFO Channel 10/0 : 1[9000] -> 0[9000] [receive] via NET/Socket/0 comm 0x556e3dabfc60 nRanks 02
vcjob-2107900011410145281-abc12335-65396-worker-0:126:6617 [0] NCCL INFO Channel 11/0 : 1[9000] -> 0[9000] [receive] via NET/Socket/0 comm 0x556e3dabfc60 nRanks 02
vcjob-2107900011410145281-abc12335-65396-worker-0:126:6617 [0] NCCL INFO Channel 12/0 : 1[9000] -> 0[9000] [receive] via NET/Socket/0 comm 0x556e3dabfc60 nRanks 02
vcjob-2107900011410145281-abc12335-65396-worker-0:126:6617 [0] NCCL INFO Channel 13/0 : 1[9000] -> 0[9000] [receive] via NET/Socket/0 comm 0x556e3dabfc60 nRanks 02
vcjob-2107900011410145281-abc12335-65396-worker-0:126:6617 [0] NCCL INFO Channel 14/0 : 1[9000] -> 0[9000] [receive] via NET/Socket/0 comm 0x556e3dabfc60 nRanks 02
vcjob-2107900011410145281-abc12335-65396-worker-0:126:6617 [0] NCCL INFO Channel 15/0 : 1[9000] -> 0[9000] [receive] via NET/Socket/0 comm 0x556e3dabfc60 nRanks 02
vcjob-2107900011410145281-abc12335-65396-worker-0:126:6617 [0] NCCL INFO Channel 16/0 : 1[9000] -> 0[9000] [receive] via NET/Socket/0 comm 0x556e3dabfc60 nRanks 02
vcjob-2107900011410145281-abc12335-65396-worker-0:126:6617 [0] NCCL INFO Channel 17/0 : 1[9000] -> 0[9000] [receive] via NET/Socket/0 comm 0x556e3dabfc60 nRanks 02
vcjob-2107900011410145281-abc12335-65396-worker-0:126:6617 [0] NCCL INFO Channel 18/0 : 1[9000] -> 0[9000] [receive] via NET/Socket/0 comm 0x556e3dabfc60 nRanks 02
vcjob-2107900011410145281-abc12335-65396-worker-0:126:6617 [0] NCCL INFO Channel 19/0 : 1[9000] -> 0[9000] [receive] via NET/Socket/0 comm 0x556e3dabfc60 nRanks 02
vcjob-2107900011410145281-abc12335-65396-worker-0:126:6617 [0] NCCL INFO Channel 20/0 : 1[9000] -> 0[9000] [receive] via NET/Socket/0 comm 0x556e3dabfc60 nRanks 02
vcjob-2107900011410145281-abc12335-65396-worker-0:126:6617 [0] NCCL INFO Channel 21/0 : 1[9000] -> 0[9000] [receive] via NET/Socket/0 comm 0x556e3dabfc60 nRanks 02
vcjob-2107900011410145281-abc12335-65396-worker-0:126:6617 [0] NCCL INFO Channel 22/0 : 1[9000] -> 0[9000] [receive] via NET/Socket/0 comm 0x556e3dabfc60 nRanks 02
vcjob-2107900011410145281-abc12335-65396-worker-0:126:6617 [0] NCCL INFO Channel 23/0 : 1[9000] -> 0[9000] [receive] via NET/Socket/0 comm 0x556e3dabfc60 nRanks 02
vcjob-2107900011410145281-abc12335-65396-worker-0:126:6617 [0] NCCL INFO Channel 24/0 : 1[9000] -> 0[9000] [receive] via NET/Socket/0 comm 0x556e3dabfc60 nRanks 02
vcjob-2107900011410145281-abc12335-65396-worker-0:126:6617 [0] NCCL INFO Channel 25/0 : 1[9000] -> 0[9000] [receive] via NET/Socket/0 comm 0x556e3dabfc60 nRanks 02
vcjob-2107900011410145281-abc12335-65396-worker-0:126:6617 [0] NCCL INFO Channel 26/0 : 1[9000] -> 0[9000] [receive] via NET/Socket/0 comm 0x556e3dabfc60 nRanks 02
vcjob-2107900011410145281-abc12335-65396-worker-0:126:6617 [0] NCCL INFO Channel 27/0 : 1[9000] -> 0[9000] [receive] via NET/Socket/0 comm 0x556e3dabfc60 nRanks 02
vcjob-2107900011410145281-abc12335-65396-worker-0:126:6617 [0] NCCL INFO Channel 28/0 : 1[9000] -> 0[9000] [receive] via NET/Socket/0 comm 0x556e3dabfc60 nRanks 02
vcjob-2107900011410145281-abc12335-65396-worker-0:126:6617 [0] NCCL INFO Channel 29/0 : 1[9000] -> 0[9000] [receive] via NET/Socket/0 comm 0x556e3dabfc60 nRanks 02
vcjob-2107900011410145281-abc12335-65396-worker-0:126:6617 [0] NCCL INFO Channel 30/0 : 1[9000] -> 0[9000] [receive] via NET/Socket/0 comm 0x556e3dabfc60 nRanks 02
vcjob-2107900011410145281-abc12335-65396-worker-0:126:6617 [0] NCCL INFO Channel 31/0 : 1[9000] -> 0[9000] [receive] via NET/Socket/0 comm 0x556e3dabfc60 nRanks 02
vcjob-2107900011410145281-abc12335-65396-worker-0:126:6617 [0] NCCL INFO Channel 00/0 : 0[9000] -> 1[9000] [send] via NET/Socket/0 comm 0x556e3dabfc60 nRanks 02
vcjob-2107900011410145281-abc12335-65396-worker-0:126:6617 [0] NCCL INFO Channel 01/0 : 0[9000] -> 1[9000] [send] via NET/Socket/0 comm 0x556e3dabfc60 nRanks 02
vcjob-2107900011410145281-abc12335-65396-worker-0:126:6617 [0] NCCL INFO Channel 02/0 : 0[9000] -> 1[9000] [send] via NET/Socket/0 comm 0x556e3dabfc60 nRanks 02
vcjob-2107900011410145281-abc12335-65396-worker-0:126:6617 [0] NCCL INFO Channel 03/0 : 0[9000] -> 1[9000] [send] via NET/Socket/0 comm 0x556e3dabfc60 nRanks 02
vcjob-2107900011410145281-abc12335-65396-worker-0:126:6617 [0] NCCL INFO Channel 04/0 : 0[9000] -> 1[9000] [send] via NET/Socket/0 comm 0x556e3dabfc60 nRanks 02
vcjob-2107900011410145281-abc12335-65396-worker-0:126:6617 [0] NCCL INFO Channel 05/0 : 0[9000] -> 1[9000] [send] via NET/Socket/0 comm 0x556e3dabfc60 nRanks 02
vcjob-2107900011410145281-abc12335-65396-worker-0:126:6617 [0] NCCL INFO Channel 06/0 : 0[9000] -> 1[9000] [send] via NET/Socket/0 comm 0x556e3dabfc60 nRanks 02
vcjob-2107900011410145281-abc12335-65396-worker-0:126:6617 [0] NCCL INFO Channel 07/0 : 0[9000] -> 1[9000] [send] via NET/Socket/0 comm 0x556e3dabfc60 nRanks 02
vcjob-2107900011410145281-abc12335-65396-worker-0:126:6617 [0] NCCL INFO Channel 08/0 : 0[9000] -> 1[9000] [send] via NET/Socket/0 comm 0x556e3dabfc60 nRanks 02
vcjob-2107900011410145281-abc12335-65396-worker-0:126:6617 [0] NCCL INFO Channel 09/0 : 0[9000] -> 1[9000] [send] via NET/Socket/0 comm 0x556e3dabfc60 nRanks 02
vcjob-2107900011410145281-abc12335-65396-worker-0:126:6617 [0] NCCL INFO Channel 10/0 : 0[9000] -> 1[9000] [send] via NET/Socket/0 comm 0x556e3dabfc60 nRanks 02
vcjob-2107900011410145281-abc12335-65396-worker-0:126:6617 [0] NCCL INFO Channel 11/0 : 0[9000] -> 1[9000] [send] via NET/Socket/0 comm 0x556e3dabfc60 nRanks 02
vcjob-2107900011410145281-abc12335-65396-worker-0:126:6617 [0] NCCL INFO Channel 12/0 : 0[9000] -> 1[9000] [send] via NET/Socket/0 comm 0x556e3dabfc60 nRanks 02
vcjob-2107900011410145281-abc12335-65396-worker-0:126:6617 [0] NCCL INFO Channel 13/0 : 0[9000] -> 1[9000] [send] via NET/Socket/0 comm 0x556e3dabfc60 nRanks 02
vcjob-2107900011410145281-abc12335-65396-worker-0:126:6617 [0] NCCL INFO Channel 14/0 : 0[9000] -> 1[9000] [send] via NET/Socket/0 comm 0x556e3dabfc60 nRanks 02
vcjob-2107900011410145281-abc12335-65396-worker-0:126:6617 [0] NCCL INFO Channel 15/0 : 0[9000] -> 1[9000] [send] via NET/Socket/0 comm 0x556e3dabfc60 nRanks 02
vcjob-2107900011410145281-abc12335-65396-worker-0:126:6617 [0] NCCL INFO Channel 16/0 : 0[9000] -> 1[9000] [send] via NET/Socket/0 comm 0x556e3dabfc60 nRanks 02
vcjob-2107900011410145281-abc12335-65396-worker-0:126:6617 [0] NCCL INFO Channel 17/0 : 0[9000] -> 1[9000] [send] via NET/Socket/0 comm 0x556e3dabfc60 nRanks 02
vcjob-2107900011410145281-abc12335-65396-worker-0:126:6617 [0] NCCL INFO Channel 18/0 : 0[9000] -> 1[9000] [send] via NET/Socket/0 comm 0x556e3dabfc60 nRanks 02
vcjob-2107900011410145281-abc12335-65396-worker-0:126:6617 [0] NCCL INFO Channel 19/0 : 0[9000] -> 1[9000] [send] via NET/Socket/0 comm 0x556e3dabfc60 nRanks 02
vcjob-2107900011410145281-abc12335-65396-worker-0:126:6617 [0] NCCL INFO Channel 20/0 : 0[9000] -> 1[9000] [send] via NET/Socket/0 comm 0x556e3dabfc60 nRanks 02
vcjob-2107900011410145281-abc12335-65396-worker-0:126:6617 [0] NCCL INFO Channel 21/0 : 0[9000] -> 1[9000] [send] via NET/Socket/0 comm 0x556e3dabfc60 nRanks 02
vcjob-2107900011410145281-abc12335-65396-worker-0:126:6617 [0] NCCL INFO Channel 22/0 : 0[9000] -> 1[9000] [send] via NET/Socket/0 comm 0x556e3dabfc60 nRanks 02
vcjob-2107900011410145281-abc12335-65396-worker-0:126:6617 [0] NCCL INFO Channel 23/0 : 0[9000] -> 1[9000] [send] via NET/Socket/0 comm 0x556e3dabfc60 nRanks 02
vcjob-2107900011410145281-abc12335-65396-worker-0:126:6617 [0] NCCL INFO Channel 24/0 : 0[9000] -> 1[9000] [send] via NET/Socket/0 comm 0x556e3dabfc60 nRanks 02
vcjob-2107900011410145281-abc12335-65396-worker-0:126:6617 [0] NCCL INFO Channel 25/0 : 0[9000] -> 1[9000] [send] via NET/Socket/0 comm 0x556e3dabfc60 nRanks 02
vcjob-2107900011410145281-abc12335-65396-worker-0:126:6617 [0] NCCL INFO Channel 26/0 : 0[9000] -> 1[9000] [send] via NET/Socket/0 comm 0x556e3dabfc60 nRanks 02
vcjob-2107900011410145281-abc12335-65396-worker-0:126:6617 [0] NCCL INFO Channel 27/0 : 0[9000] -> 1[9000] [send] via NET/Socket/0 comm 0x556e3dabfc60 nRanks 02
vcjob-2107900011410145281-abc12335-65396-worker-0:126:6617 [0] NCCL INFO Channel 28/0 : 0[9000] -> 1[9000] [send] via NET/Socket/0 comm 0x556e3dabfc60 nRanks 02
vcjob-2107900011410145281-abc12335-65396-worker-0:126:6617 [0] NCCL INFO Channel 29/0 : 0[9000] -> 1[9000] [send] via NET/Socket/0 comm 0x556e3dabfc60 nRanks 02
vcjob-2107900011410145281-abc12335-65396-worker-0:126:6617 [0] NCCL INFO Channel 30/0 : 0[9000] -> 1[9000] [send] via NET/Socket/0 comm 0x556e3dabfc60 nRanks 02
vcjob-2107900011410145281-abc12335-65396-worker-0:126:6617 [0] NCCL INFO Channel 31/0 : 0[9000] -> 1[9000] [send] via NET/Socket/0 comm 0x556e3dabfc60 nRanks 02
vcjob-2107900011410145281-abc12335-65396-worker-0:126:6617 [0] NCCL INFO Connected all rings
vcjob-2107900011410145281-abc12335-65396-worker-0:126:6617 [0] NCCL INFO Connected all trees
vcjob-2107900011410145281-abc12335-65396-worker-0:126:6617 [0] NCCL INFO threadThresholds 8/8/64 | 16/8/64 | 256 | 256
vcjob-2107900011410145281-abc12335-65396-worker-0:126:6617 [0] NCCL INFO 32 coll channels, 32 collnet channels, 0 nvls channels, 32 p2p channels, 32 p2p channels per peer
vcjob-2107900011410145281-abc12335-65396-worker-0:126:6617 [0] NCCL INFO CC Off, Multi-GPU CC Off, workFifoBytes 4194304
vcjob-2107900011410145281-abc12335-65396-worker-0:126:6617 [0] NCCL INFO ncclCommInitRank comm 0x556e3dabfc60 rank 0 nranks 2 cudaDev 0 nvmlDev 0 busId 9000 commId 0x527b8a62313ae5b7 localSize 480 used 1682297840 bytes on core 1 - Init COMPLETE
vcjob-2107900011410145281-abc12335-65396-worker-0:126:6617 [0] NCCL INFO Init timings: rank 0 nranks 2 total 0.27 (kernels 0.00, bootstrap 0.04, allgathers 0.00, topo 0.10, graphs 0.00, connections 0.14, rest 0.00)
I1008 02:25:33.271488   126 ProcessGroupNCCL.cpp:2890] [PG ID 0 PG GUID 0(default_pg) Rank 0] NCCL_DEBUG: INFO
vcjob-2107900011410145281-abc12335-65396-worker-0:126:6621 [0] NCCL INFO Channel 01/1 : 1[9000] -> 0[9000] [receive] via NET/Socket/0/Shared comm 0x556e3dabfc60 nRanks 02
vcjob-2107900011410145281-abc12335-65396-worker-0:126:6621 [0] NCCL INFO Channel 03/1 : 1[9000] -> 0[9000] [receive] via NET/Socket/0/Shared comm 0x556e3dabfc60 nRanks 02
vcjob-2107900011410145281-abc12335-65396-worker-0:126:6621 [0] NCCL INFO Channel 05/1 : 1[9000] -> 0[9000] [receive] via NET/Socket/0/Shared comm 0x556e3dabfc60 nRanks 02
vcjob-2107900011410145281-abc12335-65396-worker-0:126:6621 [0] NCCL INFO Channel 07/1 : 1[9000] -> 0[9000] [receive] via NET/Socket/0/Shared comm 0x556e3dabfc60 nRanks 02
vcjob-2107900011410145281-abc12335-65396-worker-0:126:6621 [0] NCCL INFO Channel 09/1 : 1[9000] -> 0[9000] [receive] via NET/Socket/0/Shared comm 0x556e3dabfc60 nRanks 02
vcjob-2107900011410145281-abc12335-65396-worker-0:126:6621 [0] NCCL INFO Channel 11/1 : 1[9000] -> 0[9000] [receive] via NET/Socket/0/Shared comm 0x556e3dabfc60 nRanks 02
vcjob-2107900011410145281-abc12335-65396-worker-0:126:6621 [0] NCCL INFO Channel 13/1 : 1[9000] -> 0[9000] [receive] via NET/Socket/0/Shared comm 0x556e3dabfc60 nRanks 02
vcjob-2107900011410145281-abc12335-65396-worker-0:126:6621 [0] NCCL INFO Channel 15/1 : 1[9000] -> 0[9000] [receive] via NET/Socket/0/Shared comm 0x556e3dabfc60 nRanks 02
vcjob-2107900011410145281-abc12335-65396-worker-0:126:6621 [0] NCCL INFO Channel 17/1 : 1[9000] -> 0[9000] [receive] via NET/Socket/0/Shared comm 0x556e3dabfc60 nRanks 02
vcjob-2107900011410145281-abc12335-65396-worker-0:126:6621 [0] NCCL INFO Channel 19/1 : 1[9000] -> 0[9000] [receive] via NET/Socket/0/Shared comm 0x556e3dabfc60 nRanks 02
vcjob-2107900011410145281-abc12335-65396-worker-0:126:6621 [0] NCCL INFO Channel 21/1 : 1[9000] -> 0[9000] [receive] via NET/Socket/0/Shared comm 0x556e3dabfc60 nRanks 02
vcjob-2107900011410145281-abc12335-65396-worker-0:126:6621 [0] NCCL INFO Channel 23/1 : 1[9000] -> 0[9000] [receive] via NET/Socket/0/Shared comm 0x556e3dabfc60 nRanks 02
vcjob-2107900011410145281-abc12335-65396-worker-0:126:6621 [0] NCCL INFO Channel 25/1 : 1[9000] -> 0[9000] [receive] via NET/Socket/0/Shared comm 0x556e3dabfc60 nRanks 02
vcjob-2107900011410145281-abc12335-65396-worker-0:126:6621 [0] NCCL INFO Channel 27/1 : 1[9000] -> 0[9000] [receive] via NET/Socket/0/Shared comm 0x556e3dabfc60 nRanks 02
vcjob-2107900011410145281-abc12335-65396-worker-0:126:6621 [0] NCCL INFO Channel 29/1 : 1[9000] -> 0[9000] [receive] via NET/Socket/0/Shared comm 0x556e3dabfc60 nRanks 02
vcjob-2107900011410145281-abc12335-65396-worker-0:126:6621 [0] NCCL INFO Channel 31/1 : 1[9000] -> 0[9000] [receive] via NET/Socket/0/Shared comm 0x556e3dabfc60 nRanks 02

vcjob-2107900011410145281-abc12335-65396-worker-0:126:126 [0] /data/jenkins_workspace/workspace/rccl_release/build/hipify/src/init.cc:170 NCCL WARN NUMA auto balancing enabled which can lead to variability in the RCCL performance! Disable by "sudo sysctl kernel.numa_balancing=0"
vcjob-2107900011410145281-abc12335-65396-worker-0:126:126 [0] NCCL INFO Kernel version: 5.15.0-25-generic

vcjob-2107900011410145281-abc12335-65396-worker-0:126:126 [0] /data/jenkins_workspace/workspace/rccl_release/build/hipify/src/init.cc:191 NCCL WARN Missing "iommu=pt" from kernel command line which can lead to system instablity or hang!
I1008 02:25:33.315611   126 ProcessGroupNCCL.cpp:2857] [PG ID 0 PG GUID 0(default_pg) Rank 0] ProcessGroupNCCL broadcast unique ID through store took 0.03342 ms
I1008 02:25:33.315627   126 NCCLUtils.cpp:75] Rank 0: creating NCCL communicator with mode: blocking

vcjob-2107900011410145281-abc12335-65396-worker-0:126:126 [0] /data/jenkins_workspace/workspace/rccl_release/build/hipify/src/init.cc:170 NCCL WARN NUMA auto balancing enabled which can lead to variability in the RCCL performance! Disable by "sudo sysctl kernel.numa_balancing=0"
vcjob-2107900011410145281-abc12335-65396-worker-0:126:126 [0] NCCL INFO Kernel version: 5.15.0-25-generic

vcjob-2107900011410145281-abc12335-65396-worker-0:126:126 [0] /data/jenkins_workspace/workspace/rccl_release/build/hipify/src/init.cc:191 NCCL WARN Missing "iommu=pt" from kernel command line which can lead to system instablity or hang!
vcjob-2107900011410145281-abc12335-65396-worker-0:126:126 [0] NCCL INFO Comm config Blocking set to 1
vcjob-2107900011410145281-abc12335-65396-worker-0:126:6623 [0] NCCL INFO Using network Socket
vcjob-2107900011410145281-abc12335-65396-worker-0:126:6623 [0] NCCL INFO rocm_smi_lib: version 7.6.0.0
vcjob-2107900011410145281-abc12335-65396-worker-0:126:6623 [0] NCCL INFO ncclCommInitRank comm 0x556e3db7b440 rank 0 nranks 2 cudaDev 0 nvmlDev 0 busId 9000 commId 0x96b72a1baedb0de4 - Init START
vcjob-2107900011410145281-abc12335-65396-worker-0:126:6623 [0] NCCL INFO rank:0 get match hsa dev domain:0x0 bdf:0x900 rank busId:0x36864
vcjob-2107900011410145281-abc12335-65396-worker-0:126:6623 [0] NCCL INFO XDP Switch is off with xdp_size : 0

vcjob-2107900011410145281-abc12335-65396-worker-0:126:6623 [0] /data/jenkins_workspace/workspace/rccl_release/build/hipify/src/graph/xml.cc:1211 NCCL WARN No IB NIC found, the generation of the basic topology has been terminated.
vcjob-2107900011410145281-abc12335-65396-worker-0:126:6623 [0] NCCL INFO rocm_smi_lib: version 7.6.0.0
vcjob-2107900011410145281-abc12335-65396-worker-0:126:6623 [0] NCCL INFO Setting affinity for GPU 0 to ffff
vcjob-2107900011410145281-abc12335-65396-worker-0:126:6623 [0] NCCL INFO Rank:0 Get link topo from rocmDev:0 linkNum:8 link:0 linkState:1 remote type:1 bdf:0x9b00 topoType:2
vcjob-2107900011410145281-abc12335-65396-worker-0:126:6623 [0] NCCL INFO Transport init rank 0 useXdp 0 linkTopoType 2
vcjob-2107900011410145281-abc12335-65396-worker-0:126:6623 [0] NCCL INFO comm 0x556e3db7b440 rank 0 nRanks 2 nNodes 2 localRanks 1 localRank 0 MNNVL 0
vcjob-2107900011410145281-abc12335-65396-worker-0:126:6623 [0] NCCL INFO Channel 00/32 :    0   1
vcjob-2107900011410145281-abc12335-65396-worker-0:126:6623 [0] NCCL INFO Channel 01/32 :    0   1
vcjob-2107900011410145281-abc12335-65396-worker-0:126:6623 [0] NCCL INFO Channel 02/32 :    0   1
vcjob-2107900011410145281-abc12335-65396-worker-0:126:6623 [0] NCCL INFO Channel 03/32 :    0   1
vcjob-2107900011410145281-abc12335-65396-worker-0:126:6623 [0] NCCL INFO Channel 04/32 :    0   1
vcjob-2107900011410145281-abc12335-65396-worker-0:126:6623 [0] NCCL INFO Channel 05/32 :    0   1
vcjob-2107900011410145281-abc12335-65396-worker-0:126:6623 [0] NCCL INFO Channel 06/32 :    0   1
vcjob-2107900011410145281-abc12335-65396-worker-0:126:6623 [0] NCCL INFO Channel 07/32 :    0   1
vcjob-2107900011410145281-abc12335-65396-worker-0:126:6623 [0] NCCL INFO Channel 08/32 :    0   1
vcjob-2107900011410145281-abc12335-65396-worker-0:126:6623 [0] NCCL INFO Channel 09/32 :    0   1
vcjob-2107900011410145281-abc12335-65396-worker-0:126:6623 [0] NCCL INFO Channel 10/32 :    0   1
vcjob-2107900011410145281-abc12335-65396-worker-0:126:6623 [0] NCCL INFO Channel 11/32 :    0   1
vcjob-2107900011410145281-abc12335-65396-worker-0:126:6623 [0] NCCL INFO Channel 12/32 :    0   1
vcjob-2107900011410145281-abc12335-65396-worker-0:126:6623 [0] NCCL INFO Channel 13/32 :    0   1
vcjob-2107900011410145281-abc12335-65396-worker-0:126:6623 [0] NCCL INFO Channel 14/32 :    0   1
vcjob-2107900011410145281-abc12335-65396-worker-0:126:6623 [0] NCCL INFO Channel 15/32 :    0   1
vcjob-2107900011410145281-abc12335-65396-worker-0:126:6623 [0] NCCL INFO Channel 16/32 :    0   1
vcjob-2107900011410145281-abc12335-65396-worker-0:126:6623 [0] NCCL INFO Channel 17/32 :    0   1
vcjob-2107900011410145281-abc12335-65396-worker-0:126:6623 [0] NCCL INFO Channel 18/32 :    0   1
vcjob-2107900011410145281-abc12335-65396-worker-0:126:6623 [0] NCCL INFO Channel 19/32 :    0   1
vcjob-2107900011410145281-abc12335-65396-worker-0:126:6623 [0] NCCL INFO Channel 20/32 :    0   1
vcjob-2107900011410145281-abc12335-65396-worker-0:126:6623 [0] NCCL INFO Channel 21/32 :    0   1
vcjob-2107900011410145281-abc12335-65396-worker-0:126:6623 [0] NCCL INFO Channel 22/32 :    0   1
vcjob-2107900011410145281-abc12335-65396-worker-0:126:6623 [0] NCCL INFO Channel 23/32 :    0   1
vcjob-2107900011410145281-abc12335-65396-worker-0:126:6623 [0] NCCL INFO Channel 24/32 :    0   1
vcjob-2107900011410145281-abc12335-65396-worker-0:126:6623 [0] NCCL INFO Channel 25/32 :    0   1
vcjob-2107900011410145281-abc12335-65396-worker-0:126:6623 [0] NCCL INFO Channel 26/32 :    0   1
vcjob-2107900011410145281-abc12335-65396-worker-0:126:6623 [0] NCCL INFO Channel 27/32 :    0   1
vcjob-2107900011410145281-abc12335-65396-worker-0:126:6623 [0] NCCL INFO Channel 28/32 :    0   1
vcjob-2107900011410145281-abc12335-65396-worker-0:126:6623 [0] NCCL INFO Channel 29/32 :    0   1
vcjob-2107900011410145281-abc12335-65396-worker-0:126:6623 [0] NCCL INFO Channel 30/32 :    0   1
vcjob-2107900011410145281-abc12335-65396-worker-0:126:6623 [0] NCCL INFO Channel 31/32 :    0   1
vcjob-2107900011410145281-abc12335-65396-worker-0:126:6623 [0] NCCL INFO Trees [0] 1/-1/-1->0->-1 [1] -1/-1/-1->0->1 [2] 1/-1/-1->0->-1 [3] -1/-1/-1->0->1 [4] 1/-1/-1->0->-1 [5] -1/-1/-1->0->1 [6] 1/-1/-1->0->-1 [7] -1/-1/-1->0->1 [8] 1/-1/-1->0->-1 [9] -1/-1/-1->0->1 [10] 1/-1/-1->0->-1 [11] -1/-1/-1->0->1 [12] 1/-1/-1->0->-1 [13] -1/-1/-1->0->1 [14] 1/-1/-1->0->-1 [15] -1/-1/-1->0->1 [16] 1/-1/-1->0->-1 [17] -1/-1/-1->0->1 [18] 1/-1/-1->0->-1 [19] -1/-1/-1->0->1 [20] 1/-1/-1->0->-1 [21] -1/-1/-1->0->1 [22] 1/-1/-1->0->-1 [23] -1/-1/-1->0->1 [24] 1/-1/-1->0->-1 [25] -1/-1/-1->0->1 [26] 1/-1/-1->0->-1 [27] -1/-1/-1->0->1 [28] 1/-1/-1->0->-1 [29] -1/-1/-1->0->1 [30] 1/-1/-1->0->-1 [31] -1/-1/-1->0->1 comm 0x556e3db7b440 nRanks 02 busId 9000
vcjob-2107900011410145281-abc12335-65396-worker-0:126:6623 [0] NCCL INFO P2P Chunksize set to 131072
vcjob-2107900011410145281-abc12335-65396-worker-0:126:6623 [0] NCCL INFO comm->autoPerPeerOn: 1, comm->p2pnChannels: 32, comm->p2pnChannelsPerPeer: 32
vcjob-2107900011410145281-abc12335-65396-worker-0:126:6623 [0] NCCL INFO Channel 00/0 : 1[36000] -> 0[9000] [receive] via NET/Socket/0 comm 0x556e3db7b440 nRanks 02
vcjob-2107900011410145281-abc12335-65396-worker-0:126:6623 [0] NCCL INFO Channel 01/0 : 1[36000] -> 0[9000] [receive] via NET/Socket/0 comm 0x556e3db7b440 nRanks 02
vcjob-2107900011410145281-abc12335-65396-worker-0:126:6623 [0] NCCL INFO Channel 02/0 : 1[36000] -> 0[9000] [receive] via NET/Socket/0 comm 0x556e3db7b440 nRanks 02
vcjob-2107900011410145281-abc12335-65396-worker-0:126:6623 [0] NCCL INFO Channel 03/0 : 1[36000] -> 0[9000] [receive] via NET/Socket/0 comm 0x556e3db7b440 nRanks 02
vcjob-2107900011410145281-abc12335-65396-worker-0:126:6623 [0] NCCL INFO Channel 04/0 : 1[36000] -> 0[9000] [receive] via NET/Socket/0 comm 0x556e3db7b440 nRanks 02
vcjob-2107900011410145281-abc12335-65396-worker-0:126:6623 [0] NCCL INFO Channel 05/0 : 1[36000] -> 0[9000] [receive] via NET/Socket/0 comm 0x556e3db7b440 nRanks 02
vcjob-2107900011410145281-abc12335-65396-worker-0:126:6623 [0] NCCL INFO Channel 06/0 : 1[36000] -> 0[9000] [receive] via NET/Socket/0 comm 0x556e3db7b440 nRanks 02
vcjob-2107900011410145281-abc12335-65396-worker-0:126:6623 [0] NCCL INFO Channel 07/0 : 1[36000] -> 0[9000] [receive] via NET/Socket/0 comm 0x556e3db7b440 nRanks 02
vcjob-2107900011410145281-abc12335-65396-worker-0:126:6623 [0] NCCL INFO Channel 08/0 : 1[36000] -> 0[9000] [receive] via NET/Socket/0 comm 0x556e3db7b440 nRanks 02
vcjob-2107900011410145281-abc12335-65396-worker-0:126:6623 [0] NCCL INFO Channel 09/0 : 1[36000] -> 0[9000] [receive] via NET/Socket/0 comm 0x556e3db7b440 nRanks 02
vcjob-2107900011410145281-abc12335-65396-worker-0:126:6623 [0] NCCL INFO Channel 10/0 : 1[36000] -> 0[9000] [receive] via NET/Socket/0 comm 0x556e3db7b440 nRanks 02
vcjob-2107900011410145281-abc12335-65396-worker-0:126:6623 [0] NCCL INFO Channel 11/0 : 1[36000] -> 0[9000] [receive] via NET/Socket/0 comm 0x556e3db7b440 nRanks 02
vcjob-2107900011410145281-abc12335-65396-worker-0:126:6623 [0] NCCL INFO Channel 12/0 : 1[36000] -> 0[9000] [receive] via NET/Socket/0 comm 0x556e3db7b440 nRanks 02
vcjob-2107900011410145281-abc12335-65396-worker-0:126:6623 [0] NCCL INFO Channel 13/0 : 1[36000] -> 0[9000] [receive] via NET/Socket/0 comm 0x556e3db7b440 nRanks 02
vcjob-2107900011410145281-abc12335-65396-worker-0:126:6623 [0] NCCL INFO Channel 14/0 : 1[36000] -> 0[9000] [receive] via NET/Socket/0 comm 0x556e3db7b440 nRanks 02
vcjob-2107900011410145281-abc12335-65396-worker-0:126:6623 [0] NCCL INFO Channel 15/0 : 1[36000] -> 0[9000] [receive] via NET/Socket/0 comm 0x556e3db7b440 nRanks 02
vcjob-2107900011410145281-abc12335-65396-worker-0:126:6623 [0] NCCL INFO Channel 16/0 : 1[36000] -> 0[9000] [receive] via NET/Socket/0 comm 0x556e3db7b440 nRanks 02
vcjob-2107900011410145281-abc12335-65396-worker-0:126:6623 [0] NCCL INFO Channel 17/0 : 1[36000] -> 0[9000] [receive] via NET/Socket/0 comm 0x556e3db7b440 nRanks 02
vcjob-2107900011410145281-abc12335-65396-worker-0:126:6623 [0] NCCL INFO Channel 18/0 : 1[36000] -> 0[9000] [receive] via NET/Socket/0 comm 0x556e3db7b440 nRanks 02
vcjob-2107900011410145281-abc12335-65396-worker-0:126:6623 [0] NCCL INFO Channel 19/0 : 1[36000] -> 0[9000] [receive] via NET/Socket/0 comm 0x556e3db7b440 nRanks 02
vcjob-2107900011410145281-abc12335-65396-worker-0:126:6623 [0] NCCL INFO Channel 20/0 : 1[36000] -> 0[9000] [receive] via NET/Socket/0 comm 0x556e3db7b440 nRanks 02
vcjob-2107900011410145281-abc12335-65396-worker-0:126:6623 [0] NCCL INFO Channel 21/0 : 1[36000] -> 0[9000] [receive] via NET/Socket/0 comm 0x556e3db7b440 nRanks 02
vcjob-2107900011410145281-abc12335-65396-worker-0:126:6623 [0] NCCL INFO Channel 22/0 : 1[36000] -> 0[9000] [receive] via NET/Socket/0 comm 0x556e3db7b440 nRanks 02
vcjob-2107900011410145281-abc12335-65396-worker-0:126:6623 [0] NCCL INFO Channel 23/0 : 1[36000] -> 0[9000] [receive] via NET/Socket/0 comm 0x556e3db7b440 nRanks 02
vcjob-2107900011410145281-abc12335-65396-worker-0:126:6623 [0] NCCL INFO Channel 24/0 : 1[36000] -> 0[9000] [receive] via NET/Socket/0 comm 0x556e3db7b440 nRanks 02
vcjob-2107900011410145281-abc12335-65396-worker-0:126:6623 [0] NCCL INFO Channel 25/0 : 1[36000] -> 0[9000] [receive] via NET/Socket/0 comm 0x556e3db7b440 nRanks 02
vcjob-2107900011410145281-abc12335-65396-worker-0:126:6623 [0] NCCL INFO Channel 26/0 : 1[36000] -> 0[9000] [receive] via NET/Socket/0 comm 0x556e3db7b440 nRanks 02
vcjob-2107900011410145281-abc12335-65396-worker-0:126:6623 [0] NCCL INFO Channel 27/0 : 1[36000] -> 0[9000] [receive] via NET/Socket/0 comm 0x556e3db7b440 nRanks 02
vcjob-2107900011410145281-abc12335-65396-worker-0:126:6623 [0] NCCL INFO Channel 28/0 : 1[36000] -> 0[9000] [receive] via NET/Socket/0 comm 0x556e3db7b440 nRanks 02
vcjob-2107900011410145281-abc12335-65396-worker-0:126:6623 [0] NCCL INFO Channel 29/0 : 1[36000] -> 0[9000] [receive] via NET/Socket/0 comm 0x556e3db7b440 nRanks 02
vcjob-2107900011410145281-abc12335-65396-worker-0:126:6623 [0] NCCL INFO Channel 30/0 : 1[36000] -> 0[9000] [receive] via NET/Socket/0 comm 0x556e3db7b440 nRanks 02
vcjob-2107900011410145281-abc12335-65396-worker-0:126:6623 [0] NCCL INFO Channel 31/0 : 1[36000] -> 0[9000] [receive] via NET/Socket/0 comm 0x556e3db7b440 nRanks 02
vcjob-2107900011410145281-abc12335-65396-worker-0:126:6623 [0] NCCL INFO Channel 00/0 : 0[9000] -> 1[36000] [send] via NET/Socket/0 comm 0x556e3db7b440 nRanks 02
vcjob-2107900011410145281-abc12335-65396-worker-0:126:6623 [0] NCCL INFO Channel 01/0 : 0[9000] -> 1[36000] [send] via NET/Socket/0 comm 0x556e3db7b440 nRanks 02
vcjob-2107900011410145281-abc12335-65396-worker-0:126:6623 [0] NCCL INFO Channel 02/0 : 0[9000] -> 1[36000] [send] via NET/Socket/0 comm 0x556e3db7b440 nRanks 02
vcjob-2107900011410145281-abc12335-65396-worker-0:126:6623 [0] NCCL INFO Channel 03/0 : 0[9000] -> 1[36000] [send] via NET/Socket/0 comm 0x556e3db7b440 nRanks 02
vcjob-2107900011410145281-abc12335-65396-worker-0:126:6623 [0] NCCL INFO Channel 04/0 : 0[9000] -> 1[36000] [send] via NET/Socket/0 comm 0x556e3db7b440 nRanks 02
vcjob-2107900011410145281-abc12335-65396-worker-0:126:6623 [0] NCCL INFO Channel 05/0 : 0[9000] -> 1[36000] [send] via NET/Socket/0 comm 0x556e3db7b440 nRanks 02
vcjob-2107900011410145281-abc12335-65396-worker-0:126:6623 [0] NCCL INFO Channel 06/0 : 0[9000] -> 1[36000] [send] via NET/Socket/0 comm 0x556e3db7b440 nRanks 02
vcjob-2107900011410145281-abc12335-65396-worker-0:126:6623 [0] NCCL INFO Channel 07/0 : 0[9000] -> 1[36000] [send] via NET/Socket/0 comm 0x556e3db7b440 nRanks 02
vcjob-2107900011410145281-abc12335-65396-worker-0:126:6623 [0] NCCL INFO Channel 08/0 : 0[9000] -> 1[36000] [send] via NET/Socket/0 comm 0x556e3db7b440 nRanks 02
vcjob-2107900011410145281-abc12335-65396-worker-0:126:6623 [0] NCCL INFO Channel 09/0 : 0[9000] -> 1[36000] [send] via NET/Socket/0 comm 0x556e3db7b440 nRanks 02
vcjob-2107900011410145281-abc12335-65396-worker-0:126:6623 [0] NCCL INFO Channel 10/0 : 0[9000] -> 1[36000] [send] via NET/Socket/0 comm 0x556e3db7b440 nRanks 02
vcjob-2107900011410145281-abc12335-65396-worker-0:126:6623 [0] NCCL INFO Channel 11/0 : 0[9000] -> 1[36000] [send] via NET/Socket/0 comm 0x556e3db7b440 nRanks 02
vcjob-2107900011410145281-abc12335-65396-worker-0:126:6623 [0] NCCL INFO Channel 12/0 : 0[9000] -> 1[36000] [send] via NET/Socket/0 comm 0x556e3db7b440 nRanks 02
vcjob-2107900011410145281-abc12335-65396-worker-0:126:6623 [0] NCCL INFO Channel 13/0 : 0[9000] -> 1[36000] [send] via NET/Socket/0 comm 0x556e3db7b440 nRanks 02
vcjob-2107900011410145281-abc12335-65396-worker-0:126:6623 [0] NCCL INFO Channel 14/0 : 0[9000] -> 1[36000] [send] via NET/Socket/0 comm 0x556e3db7b440 nRanks 02
vcjob-2107900011410145281-abc12335-65396-worker-0:126:6623 [0] NCCL INFO Channel 15/0 : 0[9000] -> 1[36000] [send] via NET/Socket/0 comm 0x556e3db7b440 nRanks 02
vcjob-2107900011410145281-abc12335-65396-worker-0:126:6623 [0] NCCL INFO Channel 16/0 : 0[9000] -> 1[36000] [send] via NET/Socket/0 comm 0x556e3db7b440 nRanks 02
vcjob-2107900011410145281-abc12335-65396-worker-0:126:6623 [0] NCCL INFO Channel 17/0 : 0[9000] -> 1[36000] [send] via NET/Socket/0 comm 0x556e3db7b440 nRanks 02
vcjob-2107900011410145281-abc12335-65396-worker-0:126:6623 [0] NCCL INFO Channel 18/0 : 0[9000] -> 1[36000] [send] via NET/Socket/0 comm 0x556e3db7b440 nRanks 02
vcjob-2107900011410145281-abc12335-65396-worker-0:126:6623 [0] NCCL INFO Channel 19/0 : 0[9000] -> 1[36000] [send] via NET/Socket/0 comm 0x556e3db7b440 nRanks 02
vcjob-2107900011410145281-abc12335-65396-worker-0:126:6623 [0] NCCL INFO Channel 20/0 : 0[9000] -> 1[36000] [send] via NET/Socket/0 comm 0x556e3db7b440 nRanks 02
vcjob-2107900011410145281-abc12335-65396-worker-0:126:6623 [0] NCCL INFO Channel 21/0 : 0[9000] -> 1[36000] [send] via NET/Socket/0 comm 0x556e3db7b440 nRanks 02
vcjob-2107900011410145281-abc12335-65396-worker-0:126:6623 [0] NCCL INFO Channel 22/0 : 0[9000] -> 1[36000] [send] via NET/Socket/0 comm 0x556e3db7b440 nRanks 02
vcjob-2107900011410145281-abc12335-65396-worker-0:126:6623 [0] NCCL INFO Channel 23/0 : 0[9000] -> 1[36000] [send] via NET/Socket/0 comm 0x556e3db7b440 nRanks 02
vcjob-2107900011410145281-abc12335-65396-worker-0:126:6623 [0] NCCL INFO Channel 24/0 : 0[9000] -> 1[36000] [send] via NET/Socket/0 comm 0x556e3db7b440 nRanks 02
vcjob-2107900011410145281-abc12335-65396-worker-0:126:6623 [0] NCCL INFO Channel 25/0 : 0[9000] -> 1[36000] [send] via NET/Socket/0 comm 0x556e3db7b440 nRanks 02
vcjob-2107900011410145281-abc12335-65396-worker-0:126:6623 [0] NCCL INFO Channel 26/0 : 0[9000] -> 1[36000] [send] via NET/Socket/0 comm 0x556e3db7b440 nRanks 02
vcjob-2107900011410145281-abc12335-65396-worker-0:126:6623 [0] NCCL INFO Channel 27/0 : 0[9000] -> 1[36000] [send] via NET/Socket/0 comm 0x556e3db7b440 nRanks 02
vcjob-2107900011410145281-abc12335-65396-worker-0:126:6623 [0] NCCL INFO Channel 28/0 : 0[9000] -> 1[36000] [send] via NET/Socket/0 comm 0x556e3db7b440 nRanks 02
vcjob-2107900011410145281-abc12335-65396-worker-0:126:6623 [0] NCCL INFO Channel 29/0 : 0[9000] -> 1[36000] [send] via NET/Socket/0 comm 0x556e3db7b440 nRanks 02
vcjob-2107900011410145281-abc12335-65396-worker-0:126:6623 [0] NCCL INFO Channel 30/0 : 0[9000] -> 1[36000] [send] via NET/Socket/0 comm 0x556e3db7b440 nRanks 02
vcjob-2107900011410145281-abc12335-65396-worker-0:126:6623 [0] NCCL INFO Channel 31/0 : 0[9000] -> 1[36000] [send] via NET/Socket/0 comm 0x556e3db7b440 nRanks 02
vcjob-2107900011410145281-abc12335-65396-worker-0:126:6623 [0] NCCL INFO Connected all rings
vcjob-2107900011410145281-abc12335-65396-worker-0:126:6623 [0] NCCL INFO Connected all trees
vcjob-2107900011410145281-abc12335-65396-worker-0:126:6623 [0] NCCL INFO threadThresholds 8/8/64 | 16/8/64 | 256 | 256
vcjob-2107900011410145281-abc12335-65396-worker-0:126:6623 [0] NCCL INFO 32 coll channels, 32 collnet channels, 0 nvls channels, 32 p2p channels, 32 p2p channels per peer
vcjob-2107900011410145281-abc12335-65396-worker-0:126:6623 [0] NCCL INFO CC Off, Multi-GPU CC Off, workFifoBytes 4194304
vcjob-2107900011410145281-abc12335-65396-worker-0:126:6623 [0] NCCL INFO ncclCommInitRank comm 0x556e3db7b440 rank 0 nranks 2 cudaDev 0 nvmlDev 0 busId 9000 commId 0x96b72a1baedb0de4 localSize 480 used 1716491616 bytes on core 4 - Init COMPLETE
vcjob-2107900011410145281-abc12335-65396-worker-0:126:6623 [0] NCCL INFO Init timings: rank 0 nranks 2 total 0.27 (kernels 0.00, bootstrap 0.00, allgathers 0.01, topo 0.09, graphs 0.00, connections 0.17, rest 0.00)
I1008 02:25:33.630187   126 ProcessGroupNCCL.cpp:2890] [PG ID 0 PG GUID 0(default_pg) Rank 0] NCCL_DEBUG: INFO
vcjob-2107900011410145281-abc12335-65396-worker-0:126:6627 [0] NCCL INFO Channel 01/1 : 1[36000] -> 0[9000] [receive] via NET/Socket/0/Shared comm 0x556e3db7b440 nRanks 02
vcjob-2107900011410145281-abc12335-65396-worker-0:126:6627 [0] NCCL INFO Channel 03/1 : 1[36000] -> 0[9000] [receive] via NET/Socket/0/Shared comm 0x556e3db7b440 nRanks 02
vcjob-2107900011410145281-abc12335-65396-worker-0:126:6627 [0] NCCL INFO Channel 05/1 : 1[36000] -> 0[9000] [receive] via NET/Socket/0/Shared comm 0x556e3db7b440 nRanks 02
vcjob-2107900011410145281-abc12335-65396-worker-0:126:6627 [0] NCCL INFO Channel 07/1 : 1[36000] -> 0[9000] [receive] via NET/Socket/0/Shared comm 0x556e3db7b440 nRanks 02
vcjob-2107900011410145281-abc12335-65396-worker-0:126:6627 [0] NCCL INFO Channel 09/1 : 1[36000] -> 0[9000] [receive] via NET/Socket/0/Shared comm 0x556e3db7b440 nRanks 02
vcjob-2107900011410145281-abc12335-65396-worker-0:126:6627 [0] NCCL INFO Channel 11/1 : 1[36000] -> 0[9000] [receive] via NET/Socket/0/Shared comm 0x556e3db7b440 nRanks 02
vcjob-2107900011410145281-abc12335-65396-worker-0:126:6627 [0] NCCL INFO Channel 13/1 : 1[36000] -> 0[9000] [receive] via NET/Socket/0/Shared comm 0x556e3db7b440 nRanks 02
vcjob-2107900011410145281-abc12335-65396-worker-0:126:6627 [0] NCCL INFO Channel 15/1 : 1[36000] -> 0[9000] [receive] via NET/Socket/0/Shared comm 0x556e3db7b440 nRanks 02
vcjob-2107900011410145281-abc12335-65396-worker-0:126:6627 [0] NCCL INFO Channel 17/1 : 1[36000] -> 0[9000] [receive] via NET/Socket/0/Shared comm 0x556e3db7b440 nRanks 02
vcjob-2107900011410145281-abc12335-65396-worker-0:126:6627 [0] NCCL INFO Channel 19/1 : 1[36000] -> 0[9000] [receive] via NET/Socket/0/Shared comm 0x556e3db7b440 nRanks 02
vcjob-2107900011410145281-abc12335-65396-worker-0:126:6627 [0] NCCL INFO Channel 21/1 : 1[36000] -> 0[9000] [receive] via NET/Socket/0/Shared comm 0x556e3db7b440 nRanks 02
vcjob-2107900011410145281-abc12335-65396-worker-0:126:6627 [0] NCCL INFO Channel 23/1 : 1[36000] -> 0[9000] [receive] via NET/Socket/0/Shared comm 0x556e3db7b440 nRanks 02
vcjob-2107900011410145281-abc12335-65396-worker-0:126:6627 [0] NCCL INFO Channel 25/1 : 1[36000] -> 0[9000] [receive] via NET/Socket/0/Shared comm 0x556e3db7b440 nRanks 02
vcjob-2107900011410145281-abc12335-65396-worker-0:126:6627 [0] NCCL INFO Channel 27/1 : 1[36000] -> 0[9000] [receive] via NET/Socket/0/Shared comm 0x556e3db7b440 nRanks 02
vcjob-2107900011410145281-abc12335-65396-worker-0:126:6627 [0] NCCL INFO Channel 29/1 : 1[36000] -> 0[9000] [receive] via NET/Socket/0/Shared comm 0x556e3db7b440 nRanks 02
vcjob-2107900011410145281-abc12335-65396-worker-0:126:6627 [0] NCCL INFO Channel 31/1 : 1[36000] -> 0[9000] [receive] via NET/Socket/0/Shared comm 0x556e3db7b440 nRanks 02

vcjob-2107900011410145281-abc12335-65396-worker-0:126:126 [0] /data/jenkins_workspace/workspace/rccl_release/build/hipify/src/init.cc:170 NCCL WARN NUMA auto balancing enabled which can lead to variability in the RCCL performance! Disable by "sudo sysctl kernel.numa_balancing=0"
vcjob-2107900011410145281-abc12335-65396-worker-0:126:126 [0] NCCL INFO Kernel version: 5.15.0-25-generic

vcjob-2107900011410145281-abc12335-65396-worker-0:126:126 [0] /data/jenkins_workspace/workspace/rccl_release/build/hipify/src/init.cc:191 NCCL WARN Missing "iommu=pt" from kernel command line which can lead to system instablity or hang!
I1008 02:25:33.660801   126 ProcessGroupNCCL.cpp:2857] [PG ID 0 PG GUID 0(default_pg) Rank 0] ProcessGroupNCCL broadcast unique ID through store took 0.056921 ms
I1008 02:25:33.660823   126 NCCLUtils.cpp:75] Rank 0: creating NCCL communicator with mode: blocking

vcjob-2107900011410145281-abc12335-65396-worker-0:126:126 [0] /data/jenkins_workspace/workspace/rccl_release/build/hipify/src/init.cc:170 NCCL WARN NUMA auto balancing enabled which can lead to variability in the RCCL performance! Disable by "sudo sysctl kernel.numa_balancing=0"
vcjob-2107900011410145281-abc12335-65396-worker-0:126:126 [0] NCCL INFO Kernel version: 5.15.0-25-generic

vcjob-2107900011410145281-abc12335-65396-worker-0:126:126 [0] /data/jenkins_workspace/workspace/rccl_release/build/hipify/src/init.cc:191 NCCL WARN Missing "iommu=pt" from kernel command line which can lead to system instablity or hang!
vcjob-2107900011410145281-abc12335-65396-worker-0:126:126 [0] NCCL INFO Comm config Blocking set to 1
vcjob-2107900011410145281-abc12335-65396-worker-0:126:6629 [0] NCCL INFO Using network Socket
vcjob-2107900011410145281-abc12335-65396-worker-0:126:6629 [0] NCCL INFO rocm_smi_lib: version 7.6.0.0
vcjob-2107900011410145281-abc12335-65396-worker-0:126:6629 [0] NCCL INFO ncclCommInitRank comm 0x556e3dc36c20 rank 0 nranks 2 cudaDev 0 nvmlDev 0 busId 9000 commId 0xe0467478ab3d387d - Init START
vcjob-2107900011410145281-abc12335-65396-worker-0:126:6629 [0] NCCL INFO rank:0 get match hsa dev domain:0x0 bdf:0x900 rank busId:0x36864
vcjob-2107900011410145281-abc12335-65396-worker-0:126:6629 [0] NCCL INFO XDP Switch is off with xdp_size : 0

vcjob-2107900011410145281-abc12335-65396-worker-0:126:6629 [0] /data/jenkins_workspace/workspace/rccl_release/build/hipify/src/graph/xml.cc:1211 NCCL WARN No IB NIC found, the generation of the basic topology has been terminated.
vcjob-2107900011410145281-abc12335-65396-worker-0:126:6629 [0] NCCL INFO rocm_smi_lib: version 7.6.0.0
vcjob-2107900011410145281-abc12335-65396-worker-0:126:6629 [0] NCCL INFO Setting affinity for GPU 0 to ffff
vcjob-2107900011410145281-abc12335-65396-worker-0:126:6629 [0] NCCL INFO Rank:0 Get link topo from rocmDev:0 linkNum:8 link:0 linkState:1 remote type:1 bdf:0x9b00 topoType:2
vcjob-2107900011410145281-abc12335-65396-worker-0:126:6629 [0] NCCL INFO Transport init rank 0 useXdp 0 linkTopoType 2
vcjob-2107900011410145281-abc12335-65396-worker-0:126:6629 [0] NCCL INFO comm 0x556e3dc36c20 rank 0 nRanks 2 nNodes 2 localRanks 1 localRank 0 MNNVL 0
vcjob-2107900011410145281-abc12335-65396-worker-0:126:6629 [0] NCCL INFO Channel 00/32 :    0   1
vcjob-2107900011410145281-abc12335-65396-worker-0:126:6629 [0] NCCL INFO Channel 01/32 :    0   1
vcjob-2107900011410145281-abc12335-65396-worker-0:126:6629 [0] NCCL INFO Channel 02/32 :    0   1
vcjob-2107900011410145281-abc12335-65396-worker-0:126:6629 [0] NCCL INFO Channel 03/32 :    0   1
vcjob-2107900011410145281-abc12335-65396-worker-0:126:6629 [0] NCCL INFO Channel 04/32 :    0   1
vcjob-2107900011410145281-abc12335-65396-worker-0:126:6629 [0] NCCL INFO Channel 05/32 :    0   1
vcjob-2107900011410145281-abc12335-65396-worker-0:126:6629 [0] NCCL INFO Channel 06/32 :    0   1
vcjob-2107900011410145281-abc12335-65396-worker-0:126:6629 [0] NCCL INFO Channel 07/32 :    0   1
vcjob-2107900011410145281-abc12335-65396-worker-0:126:6629 [0] NCCL INFO Channel 08/32 :    0   1
vcjob-2107900011410145281-abc12335-65396-worker-0:126:6629 [0] NCCL INFO Channel 09/32 :    0   1
vcjob-2107900011410145281-abc12335-65396-worker-0:126:6629 [0] NCCL INFO Channel 10/32 :    0   1
vcjob-2107900011410145281-abc12335-65396-worker-0:126:6629 [0] NCCL INFO Channel 11/32 :    0   1
vcjob-2107900011410145281-abc12335-65396-worker-0:126:6629 [0] NCCL INFO Channel 12/32 :    0   1
vcjob-2107900011410145281-abc12335-65396-worker-0:126:6629 [0] NCCL INFO Channel 13/32 :    0   1
vcjob-2107900011410145281-abc12335-65396-worker-0:126:6629 [0] NCCL INFO Channel 14/32 :    0   1
vcjob-2107900011410145281-abc12335-65396-worker-0:126:6629 [0] NCCL INFO Channel 15/32 :    0   1
vcjob-2107900011410145281-abc12335-65396-worker-0:126:6629 [0] NCCL INFO Channel 16/32 :    0   1
vcjob-2107900011410145281-abc12335-65396-worker-0:126:6629 [0] NCCL INFO Channel 17/32 :    0   1
vcjob-2107900011410145281-abc12335-65396-worker-0:126:6629 [0] NCCL INFO Channel 18/32 :    0   1
vcjob-2107900011410145281-abc12335-65396-worker-0:126:6629 [0] NCCL INFO Channel 19/32 :    0   1
vcjob-2107900011410145281-abc12335-65396-worker-0:126:6629 [0] NCCL INFO Channel 20/32 :    0   1
vcjob-2107900011410145281-abc12335-65396-worker-0:126:6629 [0] NCCL INFO Channel 21/32 :    0   1
vcjob-2107900011410145281-abc12335-65396-worker-0:126:6629 [0] NCCL INFO Channel 22/32 :    0   1
vcjob-2107900011410145281-abc12335-65396-worker-0:126:6629 [0] NCCL INFO Channel 23/32 :    0   1
vcjob-2107900011410145281-abc12335-65396-worker-0:126:6629 [0] NCCL INFO Channel 24/32 :    0   1
vcjob-2107900011410145281-abc12335-65396-worker-0:126:6629 [0] NCCL INFO Channel 25/32 :    0   1
vcjob-2107900011410145281-abc12335-65396-worker-0:126:6629 [0] NCCL INFO Channel 26/32 :    0   1
vcjob-2107900011410145281-abc12335-65396-worker-0:126:6629 [0] NCCL INFO Channel 27/32 :    0   1
vcjob-2107900011410145281-abc12335-65396-worker-0:126:6629 [0] NCCL INFO Channel 28/32 :    0   1
vcjob-2107900011410145281-abc12335-65396-worker-0:126:6629 [0] NCCL INFO Channel 29/32 :    0   1
vcjob-2107900011410145281-abc12335-65396-worker-0:126:6629 [0] NCCL INFO Channel 30/32 :    0   1
vcjob-2107900011410145281-abc12335-65396-worker-0:126:6629 [0] NCCL INFO Channel 31/32 :    0   1
vcjob-2107900011410145281-abc12335-65396-worker-0:126:6629 [0] NCCL INFO Trees [0] 1/-1/-1->0->-1 [1] -1/-1/-1->0->1 [2] 1/-1/-1->0->-1 [3] -1/-1/-1->0->1 [4] 1/-1/-1->0->-1 [5] -1/-1/-1->0->1 [6] 1/-1/-1->0->-1 [7] -1/-1/-1->0->1 [8] 1/-1/-1->0->-1 [9] -1/-1/-1->0->1 [10] 1/-1/-1->0->-1 [11] -1/-1/-1->0->1 [12] 1/-1/-1->0->-1 [13] -1/-1/-1->0->1 [14] 1/-1/-1->0->-1 [15] -1/-1/-1->0->1 [16] 1/-1/-1->0->-1 [17] -1/-1/-1->0->1 [18] 1/-1/-1->0->-1 [19] -1/-1/-1->0->1 [20] 1/-1/-1->0->-1 [21] -1/-1/-1->0->1 [22] 1/-1/-1->0->-1 [23] -1/-1/-1->0->1 [24] 1/-1/-1->0->-1 [25] -1/-1/-1->0->1 [26] 1/-1/-1->0->-1 [27] -1/-1/-1->0->1 [28] 1/-1/-1->0->-1 [29] -1/-1/-1->0->1 [30] 1/-1/-1->0->-1 [31] -1/-1/-1->0->1 comm 0x556e3dc36c20 nRanks 02 busId 9000
vcjob-2107900011410145281-abc12335-65396-worker-0:126:6629 [0] NCCL INFO P2P Chunksize set to 131072
vcjob-2107900011410145281-abc12335-65396-worker-0:126:6629 [0] NCCL INFO comm->autoPerPeerOn: 1, comm->p2pnChannels: 32, comm->p2pnChannelsPerPeer: 32
vcjob-2107900011410145281-abc12335-65396-worker-0:126:6629 [0] NCCL INFO Channel 00/0 : 1[55000] -> 0[9000] [receive] via NET/Socket/0 comm 0x556e3dc36c20 nRanks 02
vcjob-2107900011410145281-abc12335-65396-worker-0:126:6629 [0] NCCL INFO Channel 01/0 : 1[55000] -> 0[9000] [receive] via NET/Socket/0 comm 0x556e3dc36c20 nRanks 02
vcjob-2107900011410145281-abc12335-65396-worker-0:126:6629 [0] NCCL INFO Channel 02/0 : 1[55000] -> 0[9000] [receive] via NET/Socket/0 comm 0x556e3dc36c20 nRanks 02
vcjob-2107900011410145281-abc12335-65396-worker-0:126:6629 [0] NCCL INFO Channel 03/0 : 1[55000] -> 0[9000] [receive] via NET/Socket/0 comm 0x556e3dc36c20 nRanks 02
vcjob-2107900011410145281-abc12335-65396-worker-0:126:6629 [0] NCCL INFO Channel 04/0 : 1[55000] -> 0[9000] [receive] via NET/Socket/0 comm 0x556e3dc36c20 nRanks 02
vcjob-2107900011410145281-abc12335-65396-worker-0:126:6629 [0] NCCL INFO Channel 05/0 : 1[55000] -> 0[9000] [receive] via NET/Socket/0 comm 0x556e3dc36c20 nRanks 02
vcjob-2107900011410145281-abc12335-65396-worker-0:126:6629 [0] NCCL INFO Channel 06/0 : 1[55000] -> 0[9000] [receive] via NET/Socket/0 comm 0x556e3dc36c20 nRanks 02
vcjob-2107900011410145281-abc12335-65396-worker-0:126:6629 [0] NCCL INFO Channel 07/0 : 1[55000] -> 0[9000] [receive] via NET/Socket/0 comm 0x556e3dc36c20 nRanks 02
vcjob-2107900011410145281-abc12335-65396-worker-0:126:6629 [0] NCCL INFO Channel 08/0 : 1[55000] -> 0[9000] [receive] via NET/Socket/0 comm 0x556e3dc36c20 nRanks 02
vcjob-2107900011410145281-abc12335-65396-worker-0:126:6629 [0] NCCL INFO Channel 09/0 : 1[55000] -> 0[9000] [receive] via NET/Socket/0 comm 0x556e3dc36c20 nRanks 02
vcjob-2107900011410145281-abc12335-65396-worker-0:126:6629 [0] NCCL INFO Channel 10/0 : 1[55000] -> 0[9000] [receive] via NET/Socket/0 comm 0x556e3dc36c20 nRanks 02
vcjob-2107900011410145281-abc12335-65396-worker-0:126:6629 [0] NCCL INFO Channel 11/0 : 1[55000] -> 0[9000] [receive] via NET/Socket/0 comm 0x556e3dc36c20 nRanks 02
vcjob-2107900011410145281-abc12335-65396-worker-0:126:6629 [0] NCCL INFO Channel 12/0 : 1[55000] -> 0[9000] [receive] via NET/Socket/0 comm 0x556e3dc36c20 nRanks 02
vcjob-2107900011410145281-abc12335-65396-worker-0:126:6629 [0] NCCL INFO Channel 13/0 : 1[55000] -> 0[9000] [receive] via NET/Socket/0 comm 0x556e3dc36c20 nRanks 02
vcjob-2107900011410145281-abc12335-65396-worker-0:126:6629 [0] NCCL INFO Channel 14/0 : 1[55000] -> 0[9000] [receive] via NET/Socket/0 comm 0x556e3dc36c20 nRanks 02
vcjob-2107900011410145281-abc12335-65396-worker-0:126:6629 [0] NCCL INFO Channel 15/0 : 1[55000] -> 0[9000] [receive] via NET/Socket/0 comm 0x556e3dc36c20 nRanks 02
vcjob-2107900011410145281-abc12335-65396-worker-0:126:6629 [0] NCCL INFO Channel 16/0 : 1[55000] -> 0[9000] [receive] via NET/Socket/0 comm 0x556e3dc36c20 nRanks 02
vcjob-2107900011410145281-abc12335-65396-worker-0:126:6629 [0] NCCL INFO Channel 17/0 : 1[55000] -> 0[9000] [receive] via NET/Socket/0 comm 0x556e3dc36c20 nRanks 02
vcjob-2107900011410145281-abc12335-65396-worker-0:126:6629 [0] NCCL INFO Channel 18/0 : 1[55000] -> 0[9000] [receive] via NET/Socket/0 comm 0x556e3dc36c20 nRanks 02
vcjob-2107900011410145281-abc12335-65396-worker-0:126:6629 [0] NCCL INFO Channel 19/0 : 1[55000] -> 0[9000] [receive] via NET/Socket/0 comm 0x556e3dc36c20 nRanks 02
vcjob-2107900011410145281-abc12335-65396-worker-0:126:6629 [0] NCCL INFO Channel 20/0 : 1[55000] -> 0[9000] [receive] via NET/Socket/0 comm 0x556e3dc36c20 nRanks 02
vcjob-2107900011410145281-abc12335-65396-worker-0:126:6629 [0] NCCL INFO Channel 21/0 : 1[55000] -> 0[9000] [receive] via NET/Socket/0 comm 0x556e3dc36c20 nRanks 02
vcjob-2107900011410145281-abc12335-65396-worker-0:126:6629 [0] NCCL INFO Channel 22/0 : 1[55000] -> 0[9000] [receive] via NET/Socket/0 comm 0x556e3dc36c20 nRanks 02
vcjob-2107900011410145281-abc12335-65396-worker-0:126:6629 [0] NCCL INFO Channel 23/0 : 1[55000] -> 0[9000] [receive] via NET/Socket/0 comm 0x556e3dc36c20 nRanks 02
vcjob-2107900011410145281-abc12335-65396-worker-0:126:6629 [0] NCCL INFO Channel 24/0 : 1[55000] -> 0[9000] [receive] via NET/Socket/0 comm 0x556e3dc36c20 nRanks 02
vcjob-2107900011410145281-abc12335-65396-worker-0:126:6629 [0] NCCL INFO Channel 25/0 : 1[55000] -> 0[9000] [receive] via NET/Socket/0 comm 0x556e3dc36c20 nRanks 02
vcjob-2107900011410145281-abc12335-65396-worker-0:126:6629 [0] NCCL INFO Channel 26/0 : 1[55000] -> 0[9000] [receive] via NET/Socket/0 comm 0x556e3dc36c20 nRanks 02
vcjob-2107900011410145281-abc12335-65396-worker-0:126:6629 [0] NCCL INFO Channel 27/0 : 1[55000] -> 0[9000] [receive] via NET/Socket/0 comm 0x556e3dc36c20 nRanks 02
vcjob-2107900011410145281-abc12335-65396-worker-0:126:6629 [0] NCCL INFO Channel 28/0 : 1[55000] -> 0[9000] [receive] via NET/Socket/0 comm 0x556e3dc36c20 nRanks 02
vcjob-2107900011410145281-abc12335-65396-worker-0:126:6629 [0] NCCL INFO Channel 29/0 : 1[55000] -> 0[9000] [receive] via NET/Socket/0 comm 0x556e3dc36c20 nRanks 02
vcjob-2107900011410145281-abc12335-65396-worker-0:126:6629 [0] NCCL INFO Channel 30/0 : 1[55000] -> 0[9000] [receive] via NET/Socket/0 comm 0x556e3dc36c20 nRanks 02
vcjob-2107900011410145281-abc12335-65396-worker-0:126:6629 [0] NCCL INFO Channel 31/0 : 1[55000] -> 0[9000] [receive] via NET/Socket/0 comm 0x556e3dc36c20 nRanks 02
vcjob-2107900011410145281-abc12335-65396-worker-0:126:6629 [0] NCCL INFO Channel 00/0 : 0[9000] -> 1[55000] [send] via NET/Socket/0 comm 0x556e3dc36c20 nRanks 02
vcjob-2107900011410145281-abc12335-65396-worker-0:126:6629 [0] NCCL INFO Channel 01/0 : 0[9000] -> 1[55000] [send] via NET/Socket/0 comm 0x556e3dc36c20 nRanks 02
vcjob-2107900011410145281-abc12335-65396-worker-0:126:6629 [0] NCCL INFO Channel 02/0 : 0[9000] -> 1[55000] [send] via NET/Socket/0 comm 0x556e3dc36c20 nRanks 02
vcjob-2107900011410145281-abc12335-65396-worker-0:126:6629 [0] NCCL INFO Channel 03/0 : 0[9000] -> 1[55000] [send] via NET/Socket/0 comm 0x556e3dc36c20 nRanks 02
vcjob-2107900011410145281-abc12335-65396-worker-0:126:6629 [0] NCCL INFO Channel 04/0 : 0[9000] -> 1[55000] [send] via NET/Socket/0 comm 0x556e3dc36c20 nRanks 02
vcjob-2107900011410145281-abc12335-65396-worker-0:126:6629 [0] NCCL INFO Channel 05/0 : 0[9000] -> 1[55000] [send] via NET/Socket/0 comm 0x556e3dc36c20 nRanks 02
vcjob-2107900011410145281-abc12335-65396-worker-0:126:6629 [0] NCCL INFO Channel 06/0 : 0[9000] -> 1[55000] [send] via NET/Socket/0 comm 0x556e3dc36c20 nRanks 02
vcjob-2107900011410145281-abc12335-65396-worker-0:126:6629 [0] NCCL INFO Channel 07/0 : 0[9000] -> 1[55000] [send] via NET/Socket/0 comm 0x556e3dc36c20 nRanks 02
vcjob-2107900011410145281-abc12335-65396-worker-0:126:6629 [0] NCCL INFO Channel 08/0 : 0[9000] -> 1[55000] [send] via NET/Socket/0 comm 0x556e3dc36c20 nRanks 02
vcjob-2107900011410145281-abc12335-65396-worker-0:126:6629 [0] NCCL INFO Channel 09/0 : 0[9000] -> 1[55000] [send] via NET/Socket/0 comm 0x556e3dc36c20 nRanks 02
vcjob-2107900011410145281-abc12335-65396-worker-0:126:6629 [0] NCCL INFO Channel 10/0 : 0[9000] -> 1[55000] [send] via NET/Socket/0 comm 0x556e3dc36c20 nRanks 02
vcjob-2107900011410145281-abc12335-65396-worker-0:126:6629 [0] NCCL INFO Channel 11/0 : 0[9000] -> 1[55000] [send] via NET/Socket/0 comm 0x556e3dc36c20 nRanks 02
vcjob-2107900011410145281-abc12335-65396-worker-0:126:6629 [0] NCCL INFO Channel 12/0 : 0[9000] -> 1[55000] [send] via NET/Socket/0 comm 0x556e3dc36c20 nRanks 02
vcjob-2107900011410145281-abc12335-65396-worker-0:126:6629 [0] NCCL INFO Channel 13/0 : 0[9000] -> 1[55000] [send] via NET/Socket/0 comm 0x556e3dc36c20 nRanks 02
vcjob-2107900011410145281-abc12335-65396-worker-0:126:6629 [0] NCCL INFO Channel 14/0 : 0[9000] -> 1[55000] [send] via NET/Socket/0 comm 0x556e3dc36c20 nRanks 02
vcjob-2107900011410145281-abc12335-65396-worker-0:126:6629 [0] NCCL INFO Channel 15/0 : 0[9000] -> 1[55000] [send] via NET/Socket/0 comm 0x556e3dc36c20 nRanks 02
vcjob-2107900011410145281-abc12335-65396-worker-0:126:6629 [0] NCCL INFO Channel 16/0 : 0[9000] -> 1[55000] [send] via NET/Socket/0 comm 0x556e3dc36c20 nRanks 02
vcjob-2107900011410145281-abc12335-65396-worker-0:126:6629 [0] NCCL INFO Channel 17/0 : 0[9000] -> 1[55000] [send] via NET/Socket/0 comm 0x556e3dc36c20 nRanks 02
vcjob-2107900011410145281-abc12335-65396-worker-0:126:6629 [0] NCCL INFO Channel 18/0 : 0[9000] -> 1[55000] [send] via NET/Socket/0 comm 0x556e3dc36c20 nRanks 02
vcjob-2107900011410145281-abc12335-65396-worker-0:126:6629 [0] NCCL INFO Channel 19/0 : 0[9000] -> 1[55000] [send] via NET/Socket/0 comm 0x556e3dc36c20 nRanks 02
vcjob-2107900011410145281-abc12335-65396-worker-0:126:6629 [0] NCCL INFO Channel 20/0 : 0[9000] -> 1[55000] [send] via NET/Socket/0 comm 0x556e3dc36c20 nRanks 02
vcjob-2107900011410145281-abc12335-65396-worker-0:126:6629 [0] NCCL INFO Channel 21/0 : 0[9000] -> 1[55000] [send] via NET/Socket/0 comm 0x556e3dc36c20 nRanks 02
vcjob-2107900011410145281-abc12335-65396-worker-0:126:6629 [0] NCCL INFO Channel 22/0 : 0[9000] -> 1[55000] [send] via NET/Socket/0 comm 0x556e3dc36c20 nRanks 02
vcjob-2107900011410145281-abc12335-65396-worker-0:126:6629 [0] NCCL INFO Channel 23/0 : 0[9000] -> 1[55000] [send] via NET/Socket/0 comm 0x556e3dc36c20 nRanks 02
vcjob-2107900011410145281-abc12335-65396-worker-0:126:6629 [0] NCCL INFO Channel 24/0 : 0[9000] -> 1[55000] [send] via NET/Socket/0 comm 0x556e3dc36c20 nRanks 02
vcjob-2107900011410145281-abc12335-65396-worker-0:126:6629 [0] NCCL INFO Channel 25/0 : 0[9000] -> 1[55000] [send] via NET/Socket/0 comm 0x556e3dc36c20 nRanks 02
vcjob-2107900011410145281-abc12335-65396-worker-0:126:6629 [0] NCCL INFO Channel 26/0 : 0[9000] -> 1[55000] [send] via NET/Socket/0 comm 0x556e3dc36c20 nRanks 02
vcjob-2107900011410145281-abc12335-65396-worker-0:126:6629 [0] NCCL INFO Channel 27/0 : 0[9000] -> 1[55000] [send] via NET/Socket/0 comm 0x556e3dc36c20 nRanks 02
vcjob-2107900011410145281-abc12335-65396-worker-0:126:6629 [0] NCCL INFO Channel 28/0 : 0[9000] -> 1[55000] [send] via NET/Socket/0 comm 0x556e3dc36c20 nRanks 02
vcjob-2107900011410145281-abc12335-65396-worker-0:126:6629 [0] NCCL INFO Channel 29/0 : 0[9000] -> 1[55000] [send] via NET/Socket/0 comm 0x556e3dc36c20 nRanks 02
vcjob-2107900011410145281-abc12335-65396-worker-0:126:6629 [0] NCCL INFO Channel 30/0 : 0[9000] -> 1[55000] [send] via NET/Socket/0 comm 0x556e3dc36c20 nRanks 02
vcjob-2107900011410145281-abc12335-65396-worker-0:126:6629 [0] NCCL INFO Channel 31/0 : 0[9000] -> 1[55000] [send] via NET/Socket/0 comm 0x556e3dc36c20 nRanks 02
vcjob-2107900011410145281-abc12335-65396-worker-0:126:6629 [0] NCCL INFO Connected all rings
vcjob-2107900011410145281-abc12335-65396-worker-0:126:6629 [0] NCCL INFO Connected all trees
vcjob-2107900011410145281-abc12335-65396-worker-0:126:6629 [0] NCCL INFO threadThresholds 8/8/64 | 16/8/64 | 256 | 256
vcjob-2107900011410145281-abc12335-65396-worker-0:126:6629 [0] NCCL INFO 32 coll channels, 32 collnet channels, 0 nvls channels, 32 p2p channels, 32 p2p channels per peer
vcjob-2107900011410145281-abc12335-65396-worker-0:126:6629 [0] NCCL INFO CC Off, Multi-GPU CC Off, workFifoBytes 4194304
vcjob-2107900011410145281-abc12335-65396-worker-0:126:6629 [0] NCCL INFO ncclCommInitRank comm 0x556e3dc36c20 rank 0 nranks 2 cudaDev 0 nvmlDev 0 busId 9000 commId 0xe0467478ab3d387d localSize 480 used 1750685392 bytes on core 5 - Init COMPLETE
vcjob-2107900011410145281-abc12335-65396-worker-0:126:6629 [0] NCCL INFO Init timings: rank 0 nranks 2 total 0.28 (kernels 0.00, bootstrap 0.00, allgathers 0.02, topo 0.09, graphs 0.00, connections 0.16, rest 0.00)
I1008 02:25:33.982784   126 ProcessGroupNCCL.cpp:2890] [PG ID 0 PG GUID 0(default_pg) Rank 0] NCCL_DEBUG: INFO
vcjob-2107900011410145281-abc12335-65396-worker-0:126:6633 [0] NCCL INFO Channel 01/1 : 1[55000] -> 0[9000] [receive] via NET/Socket/0/Shared comm 0x556e3dc36c20 nRanks 02
vcjob-2107900011410145281-abc12335-65396-worker-0:126:6633 [0] NCCL INFO Channel 03/1 : 1[55000] -> 0[9000] [receive] via NET/Socket/0/Shared comm 0x556e3dc36c20 nRanks 02
vcjob-2107900011410145281-abc12335-65396-worker-0:126:6633 [0] NCCL INFO Channel 05/1 : 1[55000] -> 0[9000] [receive] via NET/Socket/0/Shared comm 0x556e3dc36c20 nRanks 02
vcjob-2107900011410145281-abc12335-65396-worker-0:126:6633 [0] NCCL INFO Channel 07/1 : 1[55000] -> 0[9000] [receive] via NET/Socket/0/Shared comm 0x556e3dc36c20 nRanks 02
vcjob-2107900011410145281-abc12335-65396-worker-0:126:6633 [0] NCCL INFO Channel 09/1 : 1[55000] -> 0[9000] [receive] via NET/Socket/0/Shared comm 0x556e3dc36c20 nRanks 02
vcjob-2107900011410145281-abc12335-65396-worker-0:126:6633 [0] NCCL INFO Channel 11/1 : 1[55000] -> 0[9000] [receive] via NET/Socket/0/Shared comm 0x556e3dc36c20 nRanks 02
vcjob-2107900011410145281-abc12335-65396-worker-0:126:6633 [0] NCCL INFO Channel 13/1 : 1[55000] -> 0[9000] [receive] via NET/Socket/0/Shared comm 0x556e3dc36c20 nRanks 02
vcjob-2107900011410145281-abc12335-65396-worker-0:126:6633 [0] NCCL INFO Channel 15/1 : 1[55000] -> 0[9000] [receive] via NET/Socket/0/Shared comm 0x556e3dc36c20 nRanks 02
vcjob-2107900011410145281-abc12335-65396-worker-0:126:6633 [0] NCCL INFO Channel 17/1 : 1[55000] -> 0[9000] [receive] via NET/Socket/0/Shared comm 0x556e3dc36c20 nRanks 02
vcjob-2107900011410145281-abc12335-65396-worker-0:126:6633 [0] NCCL INFO Channel 19/1 : 1[55000] -> 0[9000] [receive] via NET/Socket/0/Shared comm 0x556e3dc36c20 nRanks 02
vcjob-2107900011410145281-abc12335-65396-worker-0:126:6633 [0] NCCL INFO Channel 21/1 : 1[55000] -> 0[9000] [receive] via NET/Socket/0/Shared comm 0x556e3dc36c20 nRanks 02
vcjob-2107900011410145281-abc12335-65396-worker-0:126:6633 [0] NCCL INFO Channel 23/1 : 1[55000] -> 0[9000] [receive] via NET/Socket/0/Shared comm 0x556e3dc36c20 nRanks 02
vcjob-2107900011410145281-abc12335-65396-worker-0:126:6633 [0] NCCL INFO Channel 25/1 : 1[55000] -> 0[9000] [receive] via NET/Socket/0/Shared comm 0x556e3dc36c20 nRanks 02
vcjob-2107900011410145281-abc12335-65396-worker-0:126:6633 [0] NCCL INFO Channel 27/1 : 1[55000] -> 0[9000] [receive] via NET/Socket/0/Shared comm 0x556e3dc36c20 nRanks 02
vcjob-2107900011410145281-abc12335-65396-worker-0:126:6633 [0] NCCL INFO Channel 29/1 : 1[55000] -> 0[9000] [receive] via NET/Socket/0/Shared comm 0x556e3dc36c20 nRanks 02
vcjob-2107900011410145281-abc12335-65396-worker-0:126:6633 [0] NCCL INFO Channel 31/1 : 1[55000] -> 0[9000] [receive] via NET/Socket/0/Shared comm 0x556e3dc36c20 nRanks 02

vcjob-2107900011410145281-abc12335-65396-worker-0:126:126 [0] /data/jenkins_workspace/workspace/rccl_release/build/hipify/src/init.cc:170 NCCL WARN NUMA auto balancing enabled which can lead to variability in the RCCL performance! Disable by "sudo sysctl kernel.numa_balancing=0"
vcjob-2107900011410145281-abc12335-65396-worker-0:126:126 [0] NCCL INFO Kernel version: 5.15.0-25-generic

vcjob-2107900011410145281-abc12335-65396-worker-0:126:126 [0] /data/jenkins_workspace/workspace/rccl_release/build/hipify/src/init.cc:191 NCCL WARN Missing "iommu=pt" from kernel command line which can lead to system instablity or hang!
I1008 02:25:34.029055   126 ProcessGroupNCCL.cpp:2857] [PG ID 0 PG GUID 0(default_pg) Rank 0] ProcessGroupNCCL broadcast unique ID through store took 0.035101 ms
I1008 02:25:34.029072   126 NCCLUtils.cpp:75] Rank 0: creating NCCL communicator with mode: blocking

vcjob-2107900011410145281-abc12335-65396-worker-0:126:126 [0] /data/jenkins_workspace/workspace/rccl_release/build/hipify/src/init.cc:170 NCCL WARN NUMA auto balancing enabled which can lead to variability in the RCCL performance! Disable by "sudo sysctl kernel.numa_balancing=0"
vcjob-2107900011410145281-abc12335-65396-worker-0:126:126 [0] NCCL INFO Kernel version: 5.15.0-25-generic

vcjob-2107900011410145281-abc12335-65396-worker-0:126:126 [0] /data/jenkins_workspace/workspace/rccl_release/build/hipify/src/init.cc:191 NCCL WARN Missing "iommu=pt" from kernel command line which can lead to system instablity or hang!
vcjob-2107900011410145281-abc12335-65396-worker-0:126:126 [0] NCCL INFO Comm config Blocking set to 1
vcjob-2107900011410145281-abc12335-65396-worker-0:126:6635 [0] NCCL INFO Using network Socket
vcjob-2107900011410145281-abc12335-65396-worker-0:126:6635 [0] NCCL INFO rocm_smi_lib: version 7.6.0.0
vcjob-2107900011410145281-abc12335-65396-worker-0:126:6635 [0] NCCL INFO ncclCommInitRank comm 0x556e3dcf2400 rank 0 nranks 2 cudaDev 0 nvmlDev 0 busId 9000 commId 0xf9ae40cec52c56bf - Init START
vcjob-2107900011410145281-abc12335-65396-worker-0:126:6635 [0] NCCL INFO rank:0 get match hsa dev domain:0x0 bdf:0x900 rank busId:0x36864
vcjob-2107900011410145281-abc12335-65396-worker-0:126:6635 [0] NCCL INFO XDP Switch is off with xdp_size : 0

vcjob-2107900011410145281-abc12335-65396-worker-0:126:6635 [0] /data/jenkins_workspace/workspace/rccl_release/build/hipify/src/graph/xml.cc:1211 NCCL WARN No IB NIC found, the generation of the basic topology has been terminated.
vcjob-2107900011410145281-abc12335-65396-worker-0:126:6635 [0] NCCL INFO rocm_smi_lib: version 7.6.0.0
vcjob-2107900011410145281-abc12335-65396-worker-0:126:6635 [0] NCCL INFO Setting affinity for GPU 0 to ffff
vcjob-2107900011410145281-abc12335-65396-worker-0:126:6635 [0] NCCL INFO Rank:0 Get link topo from rocmDev:0 linkNum:8 link:0 linkState:1 remote type:1 bdf:0x9b00 topoType:2
vcjob-2107900011410145281-abc12335-65396-worker-0:126:6635 [0] NCCL INFO Transport init rank 0 useXdp 0 linkTopoType 2
vcjob-2107900011410145281-abc12335-65396-worker-0:126:6635 [0] NCCL INFO comm 0x556e3dcf2400 rank 0 nRanks 2 nNodes 2 localRanks 1 localRank 0 MNNVL 0
vcjob-2107900011410145281-abc12335-65396-worker-0:126:6635 [0] NCCL INFO Channel 00/32 :    0   1
vcjob-2107900011410145281-abc12335-65396-worker-0:126:6635 [0] NCCL INFO Channel 01/32 :    0   1
vcjob-2107900011410145281-abc12335-65396-worker-0:126:6635 [0] NCCL INFO Channel 02/32 :    0   1
vcjob-2107900011410145281-abc12335-65396-worker-0:126:6635 [0] NCCL INFO Channel 03/32 :    0   1
vcjob-2107900011410145281-abc12335-65396-worker-0:126:6635 [0] NCCL INFO Channel 04/32 :    0   1
vcjob-2107900011410145281-abc12335-65396-worker-0:126:6635 [0] NCCL INFO Channel 05/32 :    0   1
vcjob-2107900011410145281-abc12335-65396-worker-0:126:6635 [0] NCCL INFO Channel 06/32 :    0   1
vcjob-2107900011410145281-abc12335-65396-worker-0:126:6635 [0] NCCL INFO Channel 07/32 :    0   1
vcjob-2107900011410145281-abc12335-65396-worker-0:126:6635 [0] NCCL INFO Channel 08/32 :    0   1
vcjob-2107900011410145281-abc12335-65396-worker-0:126:6635 [0] NCCL INFO Channel 09/32 :    0   1
vcjob-2107900011410145281-abc12335-65396-worker-0:126:6635 [0] NCCL INFO Channel 10/32 :    0   1
vcjob-2107900011410145281-abc12335-65396-worker-0:126:6635 [0] NCCL INFO Channel 11/32 :    0   1
vcjob-2107900011410145281-abc12335-65396-worker-0:126:6635 [0] NCCL INFO Channel 12/32 :    0   1
vcjob-2107900011410145281-abc12335-65396-worker-0:126:6635 [0] NCCL INFO Channel 13/32 :    0   1
vcjob-2107900011410145281-abc12335-65396-worker-0:126:6635 [0] NCCL INFO Channel 14/32 :    0   1
vcjob-2107900011410145281-abc12335-65396-worker-0:126:6635 [0] NCCL INFO Channel 15/32 :    0   1
vcjob-2107900011410145281-abc12335-65396-worker-0:126:6635 [0] NCCL INFO Channel 16/32 :    0   1
vcjob-2107900011410145281-abc12335-65396-worker-0:126:6635 [0] NCCL INFO Channel 17/32 :    0   1
vcjob-2107900011410145281-abc12335-65396-worker-0:126:6635 [0] NCCL INFO Channel 18/32 :    0   1
vcjob-2107900011410145281-abc12335-65396-worker-0:126:6635 [0] NCCL INFO Channel 19/32 :    0   1
vcjob-2107900011410145281-abc12335-65396-worker-0:126:6635 [0] NCCL INFO Channel 20/32 :    0   1
vcjob-2107900011410145281-abc12335-65396-worker-0:126:6635 [0] NCCL INFO Channel 21/32 :    0   1
vcjob-2107900011410145281-abc12335-65396-worker-0:126:6635 [0] NCCL INFO Channel 22/32 :    0   1
vcjob-2107900011410145281-abc12335-65396-worker-0:126:6635 [0] NCCL INFO Channel 23/32 :    0   1
vcjob-2107900011410145281-abc12335-65396-worker-0:126:6635 [0] NCCL INFO Channel 24/32 :    0   1
vcjob-2107900011410145281-abc12335-65396-worker-0:126:6635 [0] NCCL INFO Channel 25/32 :    0   1
vcjob-2107900011410145281-abc12335-65396-worker-0:126:6635 [0] NCCL INFO Channel 26/32 :    0   1
vcjob-2107900011410145281-abc12335-65396-worker-0:126:6635 [0] NCCL INFO Channel 27/32 :    0   1
vcjob-2107900011410145281-abc12335-65396-worker-0:126:6635 [0] NCCL INFO Channel 28/32 :    0   1
vcjob-2107900011410145281-abc12335-65396-worker-0:126:6635 [0] NCCL INFO Channel 29/32 :    0   1
vcjob-2107900011410145281-abc12335-65396-worker-0:126:6635 [0] NCCL INFO Channel 30/32 :    0   1
vcjob-2107900011410145281-abc12335-65396-worker-0:126:6635 [0] NCCL INFO Channel 31/32 :    0   1
vcjob-2107900011410145281-abc12335-65396-worker-0:126:6635 [0] NCCL INFO Trees [0] 1/-1/-1->0->-1 [1] -1/-1/-1->0->1 [2] 1/-1/-1->0->-1 [3] -1/-1/-1->0->1 [4] 1/-1/-1->0->-1 [5] -1/-1/-1->0->1 [6] 1/-1/-1->0->-1 [7] -1/-1/-1->0->1 [8] 1/-1/-1->0->-1 [9] -1/-1/-1->0->1 [10] 1/-1/-1->0->-1 [11] -1/-1/-1->0->1 [12] 1/-1/-1->0->-1 [13] -1/-1/-1->0->1 [14] 1/-1/-1->0->-1 [15] -1/-1/-1->0->1 [16] 1/-1/-1->0->-1 [17] -1/-1/-1->0->1 [18] 1/-1/-1->0->-1 [19] -1/-1/-1->0->1 [20] 1/-1/-1->0->-1 [21] -1/-1/-1->0->1 [22] 1/-1/-1->0->-1 [23] -1/-1/-1->0->1 [24] 1/-1/-1->0->-1 [25] -1/-1/-1->0->1 [26] 1/-1/-1->0->-1 [27] -1/-1/-1->0->1 [28] 1/-1/-1->0->-1 [29] -1/-1/-1->0->1 [30] 1/-1/-1->0->-1 [31] -1/-1/-1->0->1 comm 0x556e3dcf2400 nRanks 02 busId 9000
vcjob-2107900011410145281-abc12335-65396-worker-0:126:6635 [0] NCCL INFO P2P Chunksize set to 131072
vcjob-2107900011410145281-abc12335-65396-worker-0:126:6635 [0] NCCL INFO comm->autoPerPeerOn: 1, comm->p2pnChannels: 32, comm->p2pnChannelsPerPeer: 32
vcjob-2107900011410145281-abc12335-65396-worker-0:126:6635 [0] NCCL INFO Channel 00/0 : 1[77000] -> 0[9000] [receive] via NET/Socket/0 comm 0x556e3dcf2400 nRanks 02
vcjob-2107900011410145281-abc12335-65396-worker-0:126:6635 [0] NCCL INFO Channel 01/0 : 1[77000] -> 0[9000] [receive] via NET/Socket/0 comm 0x556e3dcf2400 nRanks 02
vcjob-2107900011410145281-abc12335-65396-worker-0:126:6635 [0] NCCL INFO Channel 02/0 : 1[77000] -> 0[9000] [receive] via NET/Socket/0 comm 0x556e3dcf2400 nRanks 02
vcjob-2107900011410145281-abc12335-65396-worker-0:126:6635 [0] NCCL INFO Channel 03/0 : 1[77000] -> 0[9000] [receive] via NET/Socket/0 comm 0x556e3dcf2400 nRanks 02
vcjob-2107900011410145281-abc12335-65396-worker-0:126:6635 [0] NCCL INFO Channel 04/0 : 1[77000] -> 0[9000] [receive] via NET/Socket/0 comm 0x556e3dcf2400 nRanks 02
vcjob-2107900011410145281-abc12335-65396-worker-0:126:6635 [0] NCCL INFO Channel 05/0 : 1[77000] -> 0[9000] [receive] via NET/Socket/0 comm 0x556e3dcf2400 nRanks 02
vcjob-2107900011410145281-abc12335-65396-worker-0:126:6635 [0] NCCL INFO Channel 06/0 : 1[77000] -> 0[9000] [receive] via NET/Socket/0 comm 0x556e3dcf2400 nRanks 02
vcjob-2107900011410145281-abc12335-65396-worker-0:126:6635 [0] NCCL INFO Channel 07/0 : 1[77000] -> 0[9000] [receive] via NET/Socket/0 comm 0x556e3dcf2400 nRanks 02
vcjob-2107900011410145281-abc12335-65396-worker-0:126:6635 [0] NCCL INFO Channel 08/0 : 1[77000] -> 0[9000] [receive] via NET/Socket/0 comm 0x556e3dcf2400 nRanks 02
vcjob-2107900011410145281-abc12335-65396-worker-0:126:6635 [0] NCCL INFO Channel 09/0 : 1[77000] -> 0[9000] [receive] via NET/Socket/0 comm 0x556e3dcf2400 nRanks 02
vcjob-2107900011410145281-abc12335-65396-worker-0:126:6635 [0] NCCL INFO Channel 10/0 : 1[77000] -> 0[9000] [receive] via NET/Socket/0 comm 0x556e3dcf2400 nRanks 02
vcjob-2107900011410145281-abc12335-65396-worker-0:126:6635 [0] NCCL INFO Channel 11/0 : 1[77000] -> 0[9000] [receive] via NET/Socket/0 comm 0x556e3dcf2400 nRanks 02
vcjob-2107900011410145281-abc12335-65396-worker-0:126:6635 [0] NCCL INFO Channel 12/0 : 1[77000] -> 0[9000] [receive] via NET/Socket/0 comm 0x556e3dcf2400 nRanks 02
vcjob-2107900011410145281-abc12335-65396-worker-0:126:6635 [0] NCCL INFO Channel 13/0 : 1[77000] -> 0[9000] [receive] via NET/Socket/0 comm 0x556e3dcf2400 nRanks 02
vcjob-2107900011410145281-abc12335-65396-worker-0:126:6635 [0] NCCL INFO Channel 14/0 : 1[77000] -> 0[9000] [receive] via NET/Socket/0 comm 0x556e3dcf2400 nRanks 02
vcjob-2107900011410145281-abc12335-65396-worker-0:126:6635 [0] NCCL INFO Channel 15/0 : 1[77000] -> 0[9000] [receive] via NET/Socket/0 comm 0x556e3dcf2400 nRanks 02
vcjob-2107900011410145281-abc12335-65396-worker-0:126:6635 [0] NCCL INFO Channel 16/0 : 1[77000] -> 0[9000] [receive] via NET/Socket/0 comm 0x556e3dcf2400 nRanks 02
vcjob-2107900011410145281-abc12335-65396-worker-0:126:6635 [0] NCCL INFO Channel 17/0 : 1[77000] -> 0[9000] [receive] via NET/Socket/0 comm 0x556e3dcf2400 nRanks 02
vcjob-2107900011410145281-abc12335-65396-worker-0:126:6635 [0] NCCL INFO Channel 18/0 : 1[77000] -> 0[9000] [receive] via NET/Socket/0 comm 0x556e3dcf2400 nRanks 02
vcjob-2107900011410145281-abc12335-65396-worker-0:126:6635 [0] NCCL INFO Channel 19/0 : 1[77000] -> 0[9000] [receive] via NET/Socket/0 comm 0x556e3dcf2400 nRanks 02
vcjob-2107900011410145281-abc12335-65396-worker-0:126:6635 [0] NCCL INFO Channel 20/0 : 1[77000] -> 0[9000] [receive] via NET/Socket/0 comm 0x556e3dcf2400 nRanks 02
vcjob-2107900011410145281-abc12335-65396-worker-0:126:6635 [0] NCCL INFO Channel 21/0 : 1[77000] -> 0[9000] [receive] via NET/Socket/0 comm 0x556e3dcf2400 nRanks 02
vcjob-2107900011410145281-abc12335-65396-worker-0:126:6635 [0] NCCL INFO Channel 22/0 : 1[77000] -> 0[9000] [receive] via NET/Socket/0 comm 0x556e3dcf2400 nRanks 02
vcjob-2107900011410145281-abc12335-65396-worker-0:126:6635 [0] NCCL INFO Channel 23/0 : 1[77000] -> 0[9000] [receive] via NET/Socket/0 comm 0x556e3dcf2400 nRanks 02
vcjob-2107900011410145281-abc12335-65396-worker-0:126:6635 [0] NCCL INFO Channel 24/0 : 1[77000] -> 0[9000] [receive] via NET/Socket/0 comm 0x556e3dcf2400 nRanks 02
vcjob-2107900011410145281-abc12335-65396-worker-0:126:6635 [0] NCCL INFO Channel 25/0 : 1[77000] -> 0[9000] [receive] via NET/Socket/0 comm 0x556e3dcf2400 nRanks 02
vcjob-2107900011410145281-abc12335-65396-worker-0:126:6635 [0] NCCL INFO Channel 26/0 : 1[77000] -> 0[9000] [receive] via NET/Socket/0 comm 0x556e3dcf2400 nRanks 02
vcjob-2107900011410145281-abc12335-65396-worker-0:126:6635 [0] NCCL INFO Channel 27/0 : 1[77000] -> 0[9000] [receive] via NET/Socket/0 comm 0x556e3dcf2400 nRanks 02
vcjob-2107900011410145281-abc12335-65396-worker-0:126:6635 [0] NCCL INFO Channel 28/0 : 1[77000] -> 0[9000] [receive] via NET/Socket/0 comm 0x556e3dcf2400 nRanks 02
vcjob-2107900011410145281-abc12335-65396-worker-0:126:6635 [0] NCCL INFO Channel 29/0 : 1[77000] -> 0[9000] [receive] via NET/Socket/0 comm 0x556e3dcf2400 nRanks 02
vcjob-2107900011410145281-abc12335-65396-worker-0:126:6635 [0] NCCL INFO Channel 30/0 : 1[77000] -> 0[9000] [receive] via NET/Socket/0 comm 0x556e3dcf2400 nRanks 02
vcjob-2107900011410145281-abc12335-65396-worker-0:126:6635 [0] NCCL INFO Channel 31/0 : 1[77000] -> 0[9000] [receive] via NET/Socket/0 comm 0x556e3dcf2400 nRanks 02
vcjob-2107900011410145281-abc12335-65396-worker-0:126:6635 [0] NCCL INFO Channel 00/0 : 0[9000] -> 1[77000] [send] via NET/Socket/0 comm 0x556e3dcf2400 nRanks 02
vcjob-2107900011410145281-abc12335-65396-worker-0:126:6635 [0] NCCL INFO Channel 01/0 : 0[9000] -> 1[77000] [send] via NET/Socket/0 comm 0x556e3dcf2400 nRanks 02
vcjob-2107900011410145281-abc12335-65396-worker-0:126:6635 [0] NCCL INFO Channel 02/0 : 0[9000] -> 1[77000] [send] via NET/Socket/0 comm 0x556e3dcf2400 nRanks 02
vcjob-2107900011410145281-abc12335-65396-worker-0:126:6635 [0] NCCL INFO Channel 03/0 : 0[9000] -> 1[77000] [send] via NET/Socket/0 comm 0x556e3dcf2400 nRanks 02
vcjob-2107900011410145281-abc12335-65396-worker-0:126:6635 [0] NCCL INFO Channel 04/0 : 0[9000] -> 1[77000] [send] via NET/Socket/0 comm 0x556e3dcf2400 nRanks 02
vcjob-2107900011410145281-abc12335-65396-worker-0:126:6635 [0] NCCL INFO Channel 05/0 : 0[9000] -> 1[77000] [send] via NET/Socket/0 comm 0x556e3dcf2400 nRanks 02
vcjob-2107900011410145281-abc12335-65396-worker-0:126:6635 [0] NCCL INFO Channel 06/0 : 0[9000] -> 1[77000] [send] via NET/Socket/0 comm 0x556e3dcf2400 nRanks 02
vcjob-2107900011410145281-abc12335-65396-worker-0:126:6635 [0] NCCL INFO Channel 07/0 : 0[9000] -> 1[77000] [send] via NET/Socket/0 comm 0x556e3dcf2400 nRanks 02
vcjob-2107900011410145281-abc12335-65396-worker-0:126:6635 [0] NCCL INFO Channel 08/0 : 0[9000] -> 1[77000] [send] via NET/Socket/0 comm 0x556e3dcf2400 nRanks 02
vcjob-2107900011410145281-abc12335-65396-worker-0:126:6635 [0] NCCL INFO Channel 09/0 : 0[9000] -> 1[77000] [send] via NET/Socket/0 comm 0x556e3dcf2400 nRanks 02
vcjob-2107900011410145281-abc12335-65396-worker-0:126:6635 [0] NCCL INFO Channel 10/0 : 0[9000] -> 1[77000] [send] via NET/Socket/0 comm 0x556e3dcf2400 nRanks 02
vcjob-2107900011410145281-abc12335-65396-worker-0:126:6635 [0] NCCL INFO Channel 11/0 : 0[9000] -> 1[77000] [send] via NET/Socket/0 comm 0x556e3dcf2400 nRanks 02
vcjob-2107900011410145281-abc12335-65396-worker-0:126:6635 [0] NCCL INFO Channel 12/0 : 0[9000] -> 1[77000] [send] via NET/Socket/0 comm 0x556e3dcf2400 nRanks 02
vcjob-2107900011410145281-abc12335-65396-worker-0:126:6635 [0] NCCL INFO Channel 13/0 : 0[9000] -> 1[77000] [send] via NET/Socket/0 comm 0x556e3dcf2400 nRanks 02
vcjob-2107900011410145281-abc12335-65396-worker-0:126:6635 [0] NCCL INFO Channel 14/0 : 0[9000] -> 1[77000] [send] via NET/Socket/0 comm 0x556e3dcf2400 nRanks 02
vcjob-2107900011410145281-abc12335-65396-worker-0:126:6635 [0] NCCL INFO Channel 15/0 : 0[9000] -> 1[77000] [send] via NET/Socket/0 comm 0x556e3dcf2400 nRanks 02
vcjob-2107900011410145281-abc12335-65396-worker-0:126:6635 [0] NCCL INFO Channel 16/0 : 0[9000] -> 1[77000] [send] via NET/Socket/0 comm 0x556e3dcf2400 nRanks 02
vcjob-2107900011410145281-abc12335-65396-worker-0:126:6635 [0] NCCL INFO Channel 17/0 : 0[9000] -> 1[77000] [send] via NET/Socket/0 comm 0x556e3dcf2400 nRanks 02
vcjob-2107900011410145281-abc12335-65396-worker-0:126:6635 [0] NCCL INFO Channel 18/0 : 0[9000] -> 1[77000] [send] via NET/Socket/0 comm 0x556e3dcf2400 nRanks 02
vcjob-2107900011410145281-abc12335-65396-worker-0:126:6635 [0] NCCL INFO Channel 19/0 : 0[9000] -> 1[77000] [send] via NET/Socket/0 comm 0x556e3dcf2400 nRanks 02
vcjob-2107900011410145281-abc12335-65396-worker-0:126:6635 [0] NCCL INFO Channel 20/0 : 0[9000] -> 1[77000] [send] via NET/Socket/0 comm 0x556e3dcf2400 nRanks 02
vcjob-2107900011410145281-abc12335-65396-worker-0:126:6635 [0] NCCL INFO Channel 21/0 : 0[9000] -> 1[77000] [send] via NET/Socket/0 comm 0x556e3dcf2400 nRanks 02
vcjob-2107900011410145281-abc12335-65396-worker-0:126:6635 [0] NCCL INFO Channel 22/0 : 0[9000] -> 1[77000] [send] via NET/Socket/0 comm 0x556e3dcf2400 nRanks 02
vcjob-2107900011410145281-abc12335-65396-worker-0:126:6635 [0] NCCL INFO Channel 23/0 : 0[9000] -> 1[77000] [send] via NET/Socket/0 comm 0x556e3dcf2400 nRanks 02
vcjob-2107900011410145281-abc12335-65396-worker-0:126:6635 [0] NCCL INFO Channel 24/0 : 0[9000] -> 1[77000] [send] via NET/Socket/0 comm 0x556e3dcf2400 nRanks 02
vcjob-2107900011410145281-abc12335-65396-worker-0:126:6635 [0] NCCL INFO Channel 25/0 : 0[9000] -> 1[77000] [send] via NET/Socket/0 comm 0x556e3dcf2400 nRanks 02
vcjob-2107900011410145281-abc12335-65396-worker-0:126:6635 [0] NCCL INFO Channel 26/0 : 0[9000] -> 1[77000] [send] via NET/Socket/0 comm 0x556e3dcf2400 nRanks 02
vcjob-2107900011410145281-abc12335-65396-worker-0:126:6635 [0] NCCL INFO Channel 27/0 : 0[9000] -> 1[77000] [send] via NET/Socket/0 comm 0x556e3dcf2400 nRanks 02
vcjob-2107900011410145281-abc12335-65396-worker-0:126:6635 [0] NCCL INFO Channel 28/0 : 0[9000] -> 1[77000] [send] via NET/Socket/0 comm 0x556e3dcf2400 nRanks 02
vcjob-2107900011410145281-abc12335-65396-worker-0:126:6635 [0] NCCL INFO Channel 29/0 : 0[9000] -> 1[77000] [send] via NET/Socket/0 comm 0x556e3dcf2400 nRanks 02
vcjob-2107900011410145281-abc12335-65396-worker-0:126:6635 [0] NCCL INFO Channel 30/0 : 0[9000] -> 1[77000] [send] via NET/Socket/0 comm 0x556e3dcf2400 nRanks 02
vcjob-2107900011410145281-abc12335-65396-worker-0:126:6635 [0] NCCL INFO Channel 31/0 : 0[9000] -> 1[77000] [send] via NET/Socket/0 comm 0x556e3dcf2400 nRanks 02
vcjob-2107900011410145281-abc12335-65396-worker-0:126:6635 [0] NCCL INFO Connected all rings
vcjob-2107900011410145281-abc12335-65396-worker-0:126:6635 [0] NCCL INFO Connected all trees
vcjob-2107900011410145281-abc12335-65396-worker-0:126:6635 [0] NCCL INFO threadThresholds 8/8/64 | 16/8/64 | 256 | 256
vcjob-2107900011410145281-abc12335-65396-worker-0:126:6635 [0] NCCL INFO 32 coll channels, 32 collnet channels, 0 nvls channels, 32 p2p channels, 32 p2p channels per peer
vcjob-2107900011410145281-abc12335-65396-worker-0:126:6635 [0] NCCL INFO CC Off, Multi-GPU CC Off, workFifoBytes 4194304
vcjob-2107900011410145281-abc12335-65396-worker-0:126:6635 [0] NCCL INFO ncclCommInitRank comm 0x556e3dcf2400 rank 0 nranks 2 cudaDev 0 nvmlDev 0 busId 9000 commId 0xf9ae40cec52c56bf localSize 480 used 1784879168 bytes on core 15 - Init COMPLETE
vcjob-2107900011410145281-abc12335-65396-worker-0:126:6635 [0] NCCL INFO Init timings: rank 0 nranks 2 total 0.29 (kernels 0.00, bootstrap 0.00, allgathers 0.01, topo 0.09, graphs 0.00, connections 0.19, rest 0.00)
I1008 02:25:34.359321   126 ProcessGroupNCCL.cpp:2890] [PG ID 0 PG GUID 0(default_pg) Rank 0] NCCL_DEBUG: INFO
vcjob-2107900011410145281-abc12335-65396-worker-0:126:6639 [0] NCCL INFO Channel 01/1 : 1[77000] -> 0[9000] [receive] via NET/Socket/0/Shared comm 0x556e3dcf2400 nRanks 02
vcjob-2107900011410145281-abc12335-65396-worker-0:126:6639 [0] NCCL INFO Channel 03/1 : 1[77000] -> 0[9000] [receive] via NET/Socket/0/Shared comm 0x556e3dcf2400 nRanks 02
vcjob-2107900011410145281-abc12335-65396-worker-0:126:6639 [0] NCCL INFO Channel 05/1 : 1[77000] -> 0[9000] [receive] via NET/Socket/0/Shared comm 0x556e3dcf2400 nRanks 02
vcjob-2107900011410145281-abc12335-65396-worker-0:126:6639 [0] NCCL INFO Channel 07/1 : 1[77000] -> 0[9000] [receive] via NET/Socket/0/Shared comm 0x556e3dcf2400 nRanks 02
vcjob-2107900011410145281-abc12335-65396-worker-0:126:6639 [0] NCCL INFO Channel 09/1 : 1[77000] -> 0[9000] [receive] via NET/Socket/0/Shared comm 0x556e3dcf2400 nRanks 02
vcjob-2107900011410145281-abc12335-65396-worker-0:126:6639 [0] NCCL INFO Channel 11/1 : 1[77000] -> 0[9000] [receive] via NET/Socket/0/Shared comm 0x556e3dcf2400 nRanks 02
vcjob-2107900011410145281-abc12335-65396-worker-0:126:6639 [0] NCCL INFO Channel 13/1 : 1[77000] -> 0[9000] [receive] via NET/Socket/0/Shared comm 0x556e3dcf2400 nRanks 02
vcjob-2107900011410145281-abc12335-65396-worker-0:126:6639 [0] NCCL INFO Channel 15/1 : 1[77000] -> 0[9000] [receive] via NET/Socket/0/Shared comm 0x556e3dcf2400 nRanks 02
vcjob-2107900011410145281-abc12335-65396-worker-0:126:6639 [0] NCCL INFO Channel 17/1 : 1[77000] -> 0[9000] [receive] via NET/Socket/0/Shared comm 0x556e3dcf2400 nRanks 02
vcjob-2107900011410145281-abc12335-65396-worker-0:126:6639 [0] NCCL INFO Channel 19/1 : 1[77000] -> 0[9000] [receive] via NET/Socket/0/Shared comm 0x556e3dcf2400 nRanks 02
vcjob-2107900011410145281-abc12335-65396-worker-0:126:6639 [0] NCCL INFO Channel 21/1 : 1[77000] -> 0[9000] [receive] via NET/Socket/0/Shared comm 0x556e3dcf2400 nRanks 02
vcjob-2107900011410145281-abc12335-65396-worker-0:126:6639 [0] NCCL INFO Channel 23/1 : 1[77000] -> 0[9000] [receive] via NET/Socket/0/Shared comm 0x556e3dcf2400 nRanks 02
vcjob-2107900011410145281-abc12335-65396-worker-0:126:6639 [0] NCCL INFO Channel 25/1 : 1[77000] -> 0[9000] [receive] via NET/Socket/0/Shared comm 0x556e3dcf2400 nRanks 02
vcjob-2107900011410145281-abc12335-65396-worker-0:126:6639 [0] NCCL INFO Channel 27/1 : 1[77000] -> 0[9000] [receive] via NET/Socket/0/Shared comm 0x556e3dcf2400 nRanks 02
vcjob-2107900011410145281-abc12335-65396-worker-0:126:6639 [0] NCCL INFO Channel 29/1 : 1[77000] -> 0[9000] [receive] via NET/Socket/0/Shared comm 0x556e3dcf2400 nRanks 02
vcjob-2107900011410145281-abc12335-65396-worker-0:126:6639 [0] NCCL INFO Channel 31/1 : 1[77000] -> 0[9000] [receive] via NET/Socket/0/Shared comm 0x556e3dcf2400 nRanks 02

vcjob-2107900011410145281-abc12335-65396-worker-0:126:126 [0] /data/jenkins_workspace/workspace/rccl_release/build/hipify/src/init.cc:170 NCCL WARN NUMA auto balancing enabled which can lead to variability in the RCCL performance! Disable by "sudo sysctl kernel.numa_balancing=0"
vcjob-2107900011410145281-abc12335-65396-worker-0:126:126 [0] NCCL INFO Kernel version: 5.15.0-25-generic

vcjob-2107900011410145281-abc12335-65396-worker-0:126:126 [0] /data/jenkins_workspace/workspace/rccl_release/build/hipify/src/init.cc:191 NCCL WARN Missing "iommu=pt" from kernel command line which can lead to system instablity or hang!
I1008 02:25:34.413987   126 ProcessGroupNCCL.cpp:2857] [PG ID 0 PG GUID 0(default_pg) Rank 0] ProcessGroupNCCL broadcast unique ID through store took 0.03655 ms
I1008 02:25:34.414002   126 NCCLUtils.cpp:75] Rank 0: creating NCCL communicator with mode: blocking

vcjob-2107900011410145281-abc12335-65396-worker-0:126:126 [0] /data/jenkins_workspace/workspace/rccl_release/build/hipify/src/init.cc:170 NCCL WARN NUMA auto balancing enabled which can lead to variability in the RCCL performance! Disable by "sudo sysctl kernel.numa_balancing=0"
vcjob-2107900011410145281-abc12335-65396-worker-0:126:126 [0] NCCL INFO Kernel version: 5.15.0-25-generic

vcjob-2107900011410145281-abc12335-65396-worker-0:126:126 [0] /data/jenkins_workspace/workspace/rccl_release/build/hipify/src/init.cc:191 NCCL WARN Missing "iommu=pt" from kernel command line which can lead to system instablity or hang!
vcjob-2107900011410145281-abc12335-65396-worker-0:126:126 [0] NCCL INFO Comm config Blocking set to 1
vcjob-2107900011410145281-abc12335-65396-worker-0:126:6641 [0] NCCL INFO Using network Socket
vcjob-2107900011410145281-abc12335-65396-worker-0:126:6641 [0] NCCL INFO rocm_smi_lib: version 7.6.0.0
vcjob-2107900011410145281-abc12335-65396-worker-0:126:6641 [0] NCCL INFO ncclCommInitRank comm 0x556e3ddadbe0 rank 0 nranks 2 cudaDev 0 nvmlDev 0 busId 9000 commId 0x449352537ded9cb0 - Init START
vcjob-2107900011410145281-abc12335-65396-worker-0:126:6641 [0] NCCL INFO rank:0 get match hsa dev domain:0x0 bdf:0x900 rank busId:0x36864
vcjob-2107900011410145281-abc12335-65396-worker-0:126:6641 [0] NCCL INFO XDP Switch is off with xdp_size : 0

vcjob-2107900011410145281-abc12335-65396-worker-0:126:6641 [0] /data/jenkins_workspace/workspace/rccl_release/build/hipify/src/graph/xml.cc:1211 NCCL WARN No IB NIC found, the generation of the basic topology has been terminated.
vcjob-2107900011410145281-abc12335-65396-worker-0:126:6641 [0] NCCL INFO rocm_smi_lib: version 7.6.0.0
vcjob-2107900011410145281-abc12335-65396-worker-0:126:6641 [0] NCCL INFO Setting affinity for GPU 0 to ffff
vcjob-2107900011410145281-abc12335-65396-worker-0:126:6641 [0] NCCL INFO Rank:0 Get link topo from rocmDev:0 linkNum:8 link:0 linkState:1 remote type:1 bdf:0x9b00 topoType:2
vcjob-2107900011410145281-abc12335-65396-worker-0:126:6641 [0] NCCL INFO Transport init rank 0 useXdp 0 linkTopoType 2
vcjob-2107900011410145281-abc12335-65396-worker-0:126:6641 [0] NCCL INFO comm 0x556e3ddadbe0 rank 0 nRanks 2 nNodes 2 localRanks 1 localRank 0 MNNVL 0
vcjob-2107900011410145281-abc12335-65396-worker-0:126:6641 [0] NCCL INFO Channel 00/32 :    0   1
vcjob-2107900011410145281-abc12335-65396-worker-0:126:6641 [0] NCCL INFO Channel 01/32 :    0   1
vcjob-2107900011410145281-abc12335-65396-worker-0:126:6641 [0] NCCL INFO Channel 02/32 :    0   1
vcjob-2107900011410145281-abc12335-65396-worker-0:126:6641 [0] NCCL INFO Channel 03/32 :    0   1
vcjob-2107900011410145281-abc12335-65396-worker-0:126:6641 [0] NCCL INFO Channel 04/32 :    0   1
vcjob-2107900011410145281-abc12335-65396-worker-0:126:6641 [0] NCCL INFO Channel 05/32 :    0   1
vcjob-2107900011410145281-abc12335-65396-worker-0:126:6641 [0] NCCL INFO Channel 06/32 :    0   1
vcjob-2107900011410145281-abc12335-65396-worker-0:126:6641 [0] NCCL INFO Channel 07/32 :    0   1
vcjob-2107900011410145281-abc12335-65396-worker-0:126:6641 [0] NCCL INFO Channel 08/32 :    0   1
vcjob-2107900011410145281-abc12335-65396-worker-0:126:6641 [0] NCCL INFO Channel 09/32 :    0   1
vcjob-2107900011410145281-abc12335-65396-worker-0:126:6641 [0] NCCL INFO Channel 10/32 :    0   1
vcjob-2107900011410145281-abc12335-65396-worker-0:126:6641 [0] NCCL INFO Channel 11/32 :    0   1
vcjob-2107900011410145281-abc12335-65396-worker-0:126:6641 [0] NCCL INFO Channel 12/32 :    0   1
vcjob-2107900011410145281-abc12335-65396-worker-0:126:6641 [0] NCCL INFO Channel 13/32 :    0   1
vcjob-2107900011410145281-abc12335-65396-worker-0:126:6641 [0] NCCL INFO Channel 14/32 :    0   1
vcjob-2107900011410145281-abc12335-65396-worker-0:126:6641 [0] NCCL INFO Channel 15/32 :    0   1
vcjob-2107900011410145281-abc12335-65396-worker-0:126:6641 [0] NCCL INFO Channel 16/32 :    0   1
vcjob-2107900011410145281-abc12335-65396-worker-0:126:6641 [0] NCCL INFO Channel 17/32 :    0   1
vcjob-2107900011410145281-abc12335-65396-worker-0:126:6641 [0] NCCL INFO Channel 18/32 :    0   1
vcjob-2107900011410145281-abc12335-65396-worker-0:126:6641 [0] NCCL INFO Channel 19/32 :    0   1
vcjob-2107900011410145281-abc12335-65396-worker-0:126:6641 [0] NCCL INFO Channel 20/32 :    0   1
vcjob-2107900011410145281-abc12335-65396-worker-0:126:6641 [0] NCCL INFO Channel 21/32 :    0   1
vcjob-2107900011410145281-abc12335-65396-worker-0:126:6641 [0] NCCL INFO Channel 22/32 :    0   1
vcjob-2107900011410145281-abc12335-65396-worker-0:126:6641 [0] NCCL INFO Channel 23/32 :    0   1
vcjob-2107900011410145281-abc12335-65396-worker-0:126:6641 [0] NCCL INFO Channel 24/32 :    0   1
vcjob-2107900011410145281-abc12335-65396-worker-0:126:6641 [0] NCCL INFO Channel 25/32 :    0   1
vcjob-2107900011410145281-abc12335-65396-worker-0:126:6641 [0] NCCL INFO Channel 26/32 :    0   1
vcjob-2107900011410145281-abc12335-65396-worker-0:126:6641 [0] NCCL INFO Channel 27/32 :    0   1
vcjob-2107900011410145281-abc12335-65396-worker-0:126:6641 [0] NCCL INFO Channel 28/32 :    0   1
vcjob-2107900011410145281-abc12335-65396-worker-0:126:6641 [0] NCCL INFO Channel 29/32 :    0   1
vcjob-2107900011410145281-abc12335-65396-worker-0:126:6641 [0] NCCL INFO Channel 30/32 :    0   1
vcjob-2107900011410145281-abc12335-65396-worker-0:126:6641 [0] NCCL INFO Channel 31/32 :    0   1
vcjob-2107900011410145281-abc12335-65396-worker-0:126:6641 [0] NCCL INFO Trees [0] 1/-1/-1->0->-1 [1] -1/-1/-1->0->1 [2] 1/-1/-1->0->-1 [3] -1/-1/-1->0->1 [4] 1/-1/-1->0->-1 [5] -1/-1/-1->0->1 [6] 1/-1/-1->0->-1 [7] -1/-1/-1->0->1 [8] 1/-1/-1->0->-1 [9] -1/-1/-1->0->1 [10] 1/-1/-1->0->-1 [11] -1/-1/-1->0->1 [12] 1/-1/-1->0->-1 [13] -1/-1/-1->0->1 [14] 1/-1/-1->0->-1 [15] -1/-1/-1->0->1 [16] 1/-1/-1->0->-1 [17] -1/-1/-1->0->1 [18] 1/-1/-1->0->-1 [19] -1/-1/-1->0->1 [20] 1/-1/-1->0->-1 [21] -1/-1/-1->0->1 [22] 1/-1/-1->0->-1 [23] -1/-1/-1->0->1 [24] 1/-1/-1->0->-1 [25] -1/-1/-1->0->1 [26] 1/-1/-1->0->-1 [27] -1/-1/-1->0->1 [28] 1/-1/-1->0->-1 [29] -1/-1/-1->0->1 [30] 1/-1/-1->0->-1 [31] -1/-1/-1->0->1 comm 0x556e3ddadbe0 nRanks 02 busId 9000
vcjob-2107900011410145281-abc12335-65396-worker-0:126:6641 [0] NCCL INFO P2P Chunksize set to 131072
vcjob-2107900011410145281-abc12335-65396-worker-0:126:6641 [0] NCCL INFO comm->autoPerPeerOn: 1, comm->p2pnChannels: 32, comm->p2pnChannelsPerPeer: 32
vcjob-2107900011410145281-abc12335-65396-worker-0:126:6641 [0] NCCL INFO Channel 00/0 : 1[85000] -> 0[9000] [receive] via NET/Socket/0 comm 0x556e3ddadbe0 nRanks 02
vcjob-2107900011410145281-abc12335-65396-worker-0:126:6641 [0] NCCL INFO Channel 01/0 : 1[85000] -> 0[9000] [receive] via NET/Socket/0 comm 0x556e3ddadbe0 nRanks 02
vcjob-2107900011410145281-abc12335-65396-worker-0:126:6641 [0] NCCL INFO Channel 02/0 : 1[85000] -> 0[9000] [receive] via NET/Socket/0 comm 0x556e3ddadbe0 nRanks 02
vcjob-2107900011410145281-abc12335-65396-worker-0:126:6641 [0] NCCL INFO Channel 03/0 : 1[85000] -> 0[9000] [receive] via NET/Socket/0 comm 0x556e3ddadbe0 nRanks 02
vcjob-2107900011410145281-abc12335-65396-worker-0:126:6641 [0] NCCL INFO Channel 04/0 : 1[85000] -> 0[9000] [receive] via NET/Socket/0 comm 0x556e3ddadbe0 nRanks 02
vcjob-2107900011410145281-abc12335-65396-worker-0:126:6641 [0] NCCL INFO Channel 05/0 : 1[85000] -> 0[9000] [receive] via NET/Socket/0 comm 0x556e3ddadbe0 nRanks 02
vcjob-2107900011410145281-abc12335-65396-worker-0:126:6641 [0] NCCL INFO Channel 06/0 : 1[85000] -> 0[9000] [receive] via NET/Socket/0 comm 0x556e3ddadbe0 nRanks 02
vcjob-2107900011410145281-abc12335-65396-worker-0:126:6641 [0] NCCL INFO Channel 07/0 : 1[85000] -> 0[9000] [receive] via NET/Socket/0 comm 0x556e3ddadbe0 nRanks 02
vcjob-2107900011410145281-abc12335-65396-worker-0:126:6641 [0] NCCL INFO Channel 08/0 : 1[85000] -> 0[9000] [receive] via NET/Socket/0 comm 0x556e3ddadbe0 nRanks 02
vcjob-2107900011410145281-abc12335-65396-worker-0:126:6641 [0] NCCL INFO Channel 09/0 : 1[85000] -> 0[9000] [receive] via NET/Socket/0 comm 0x556e3ddadbe0 nRanks 02
vcjob-2107900011410145281-abc12335-65396-worker-0:126:6641 [0] NCCL INFO Channel 10/0 : 1[85000] -> 0[9000] [receive] via NET/Socket/0 comm 0x556e3ddadbe0 nRanks 02
vcjob-2107900011410145281-abc12335-65396-worker-0:126:6641 [0] NCCL INFO Channel 11/0 : 1[85000] -> 0[9000] [receive] via NET/Socket/0 comm 0x556e3ddadbe0 nRanks 02
vcjob-2107900011410145281-abc12335-65396-worker-0:126:6641 [0] NCCL INFO Channel 12/0 : 1[85000] -> 0[9000] [receive] via NET/Socket/0 comm 0x556e3ddadbe0 nRanks 02
vcjob-2107900011410145281-abc12335-65396-worker-0:126:6641 [0] NCCL INFO Channel 13/0 : 1[85000] -> 0[9000] [receive] via NET/Socket/0 comm 0x556e3ddadbe0 nRanks 02
vcjob-2107900011410145281-abc12335-65396-worker-0:126:6641 [0] NCCL INFO Channel 14/0 : 1[85000] -> 0[9000] [receive] via NET/Socket/0 comm 0x556e3ddadbe0 nRanks 02
vcjob-2107900011410145281-abc12335-65396-worker-0:126:6641 [0] NCCL INFO Channel 15/0 : 1[85000] -> 0[9000] [receive] via NET/Socket/0 comm 0x556e3ddadbe0 nRanks 02
vcjob-2107900011410145281-abc12335-65396-worker-0:126:6641 [0] NCCL INFO Channel 16/0 : 1[85000] -> 0[9000] [receive] via NET/Socket/0 comm 0x556e3ddadbe0 nRanks 02
vcjob-2107900011410145281-abc12335-65396-worker-0:126:6641 [0] NCCL INFO Channel 17/0 : 1[85000] -> 0[9000] [receive] via NET/Socket/0 comm 0x556e3ddadbe0 nRanks 02
vcjob-2107900011410145281-abc12335-65396-worker-0:126:6641 [0] NCCL INFO Channel 18/0 : 1[85000] -> 0[9000] [receive] via NET/Socket/0 comm 0x556e3ddadbe0 nRanks 02
vcjob-2107900011410145281-abc12335-65396-worker-0:126:6641 [0] NCCL INFO Channel 19/0 : 1[85000] -> 0[9000] [receive] via NET/Socket/0 comm 0x556e3ddadbe0 nRanks 02
vcjob-2107900011410145281-abc12335-65396-worker-0:126:6641 [0] NCCL INFO Channel 20/0 : 1[85000] -> 0[9000] [receive] via NET/Socket/0 comm 0x556e3ddadbe0 nRanks 02
vcjob-2107900011410145281-abc12335-65396-worker-0:126:6641 [0] NCCL INFO Channel 21/0 : 1[85000] -> 0[9000] [receive] via NET/Socket/0 comm 0x556e3ddadbe0 nRanks 02
vcjob-2107900011410145281-abc12335-65396-worker-0:126:6641 [0] NCCL INFO Channel 22/0 : 1[85000] -> 0[9000] [receive] via NET/Socket/0 comm 0x556e3ddadbe0 nRanks 02
vcjob-2107900011410145281-abc12335-65396-worker-0:126:6641 [0] NCCL INFO Channel 23/0 : 1[85000] -> 0[9000] [receive] via NET/Socket/0 comm 0x556e3ddadbe0 nRanks 02
vcjob-2107900011410145281-abc12335-65396-worker-0:126:6641 [0] NCCL INFO Channel 24/0 : 1[85000] -> 0[9000] [receive] via NET/Socket/0 comm 0x556e3ddadbe0 nRanks 02
vcjob-2107900011410145281-abc12335-65396-worker-0:126:6641 [0] NCCL INFO Channel 25/0 : 1[85000] -> 0[9000] [receive] via NET/Socket/0 comm 0x556e3ddadbe0 nRanks 02
vcjob-2107900011410145281-abc12335-65396-worker-0:126:6641 [0] NCCL INFO Channel 26/0 : 1[85000] -> 0[9000] [receive] via NET/Socket/0 comm 0x556e3ddadbe0 nRanks 02
vcjob-2107900011410145281-abc12335-65396-worker-0:126:6641 [0] NCCL INFO Channel 27/0 : 1[85000] -> 0[9000] [receive] via NET/Socket/0 comm 0x556e3ddadbe0 nRanks 02
vcjob-2107900011410145281-abc12335-65396-worker-0:126:6641 [0] NCCL INFO Channel 28/0 : 1[85000] -> 0[9000] [receive] via NET/Socket/0 comm 0x556e3ddadbe0 nRanks 02
vcjob-2107900011410145281-abc12335-65396-worker-0:126:6641 [0] NCCL INFO Channel 29/0 : 1[85000] -> 0[9000] [receive] via NET/Socket/0 comm 0x556e3ddadbe0 nRanks 02
vcjob-2107900011410145281-abc12335-65396-worker-0:126:6641 [0] NCCL INFO Channel 30/0 : 1[85000] -> 0[9000] [receive] via NET/Socket/0 comm 0x556e3ddadbe0 nRanks 02
vcjob-2107900011410145281-abc12335-65396-worker-0:126:6641 [0] NCCL INFO Channel 31/0 : 1[85000] -> 0[9000] [receive] via NET/Socket/0 comm 0x556e3ddadbe0 nRanks 02
vcjob-2107900011410145281-abc12335-65396-worker-0:126:6641 [0] NCCL INFO Channel 00/0 : 0[9000] -> 1[85000] [send] via NET/Socket/0 comm 0x556e3ddadbe0 nRanks 02
vcjob-2107900011410145281-abc12335-65396-worker-0:126:6641 [0] NCCL INFO Channel 01/0 : 0[9000] -> 1[85000] [send] via NET/Socket/0 comm 0x556e3ddadbe0 nRanks 02
vcjob-2107900011410145281-abc12335-65396-worker-0:126:6641 [0] NCCL INFO Channel 02/0 : 0[9000] -> 1[85000] [send] via NET/Socket/0 comm 0x556e3ddadbe0 nRanks 02
vcjob-2107900011410145281-abc12335-65396-worker-0:126:6641 [0] NCCL INFO Channel 03/0 : 0[9000] -> 1[85000] [send] via NET/Socket/0 comm 0x556e3ddadbe0 nRanks 02
vcjob-2107900011410145281-abc12335-65396-worker-0:126:6641 [0] NCCL INFO Channel 04/0 : 0[9000] -> 1[85000] [send] via NET/Socket/0 comm 0x556e3ddadbe0 nRanks 02
vcjob-2107900011410145281-abc12335-65396-worker-0:126:6641 [0] NCCL INFO Channel 05/0 : 0[9000] -> 1[85000] [send] via NET/Socket/0 comm 0x556e3ddadbe0 nRanks 02
vcjob-2107900011410145281-abc12335-65396-worker-0:126:6641 [0] NCCL INFO Channel 06/0 : 0[9000] -> 1[85000] [send] via NET/Socket/0 comm 0x556e3ddadbe0 nRanks 02
vcjob-2107900011410145281-abc12335-65396-worker-0:126:6641 [0] NCCL INFO Channel 07/0 : 0[9000] -> 1[85000] [send] via NET/Socket/0 comm 0x556e3ddadbe0 nRanks 02
vcjob-2107900011410145281-abc12335-65396-worker-0:126:6641 [0] NCCL INFO Channel 08/0 : 0[9000] -> 1[85000] [send] via NET/Socket/0 comm 0x556e3ddadbe0 nRanks 02
vcjob-2107900011410145281-abc12335-65396-worker-0:126:6641 [0] NCCL INFO Channel 09/0 : 0[9000] -> 1[85000] [send] via NET/Socket/0 comm 0x556e3ddadbe0 nRanks 02
vcjob-2107900011410145281-abc12335-65396-worker-0:126:6641 [0] NCCL INFO Channel 10/0 : 0[9000] -> 1[85000] [send] via NET/Socket/0 comm 0x556e3ddadbe0 nRanks 02
vcjob-2107900011410145281-abc12335-65396-worker-0:126:6641 [0] NCCL INFO Channel 11/0 : 0[9000] -> 1[85000] [send] via NET/Socket/0 comm 0x556e3ddadbe0 nRanks 02
vcjob-2107900011410145281-abc12335-65396-worker-0:126:6641 [0] NCCL INFO Channel 12/0 : 0[9000] -> 1[85000] [send] via NET/Socket/0 comm 0x556e3ddadbe0 nRanks 02
vcjob-2107900011410145281-abc12335-65396-worker-0:126:6641 [0] NCCL INFO Channel 13/0 : 0[9000] -> 1[85000] [send] via NET/Socket/0 comm 0x556e3ddadbe0 nRanks 02
vcjob-2107900011410145281-abc12335-65396-worker-0:126:6641 [0] NCCL INFO Channel 14/0 : 0[9000] -> 1[85000] [send] via NET/Socket/0 comm 0x556e3ddadbe0 nRanks 02
vcjob-2107900011410145281-abc12335-65396-worker-0:126:6641 [0] NCCL INFO Channel 15/0 : 0[9000] -> 1[85000] [send] via NET/Socket/0 comm 0x556e3ddadbe0 nRanks 02
vcjob-2107900011410145281-abc12335-65396-worker-0:126:6641 [0] NCCL INFO Channel 16/0 : 0[9000] -> 1[85000] [send] via NET/Socket/0 comm 0x556e3ddadbe0 nRanks 02
vcjob-2107900011410145281-abc12335-65396-worker-0:126:6641 [0] NCCL INFO Channel 17/0 : 0[9000] -> 1[85000] [send] via NET/Socket/0 comm 0x556e3ddadbe0 nRanks 02
vcjob-2107900011410145281-abc12335-65396-worker-0:126:6641 [0] NCCL INFO Channel 18/0 : 0[9000] -> 1[85000] [send] via NET/Socket/0 comm 0x556e3ddadbe0 nRanks 02
vcjob-2107900011410145281-abc12335-65396-worker-0:126:6641 [0] NCCL INFO Channel 19/0 : 0[9000] -> 1[85000] [send] via NET/Socket/0 comm 0x556e3ddadbe0 nRanks 02
vcjob-2107900011410145281-abc12335-65396-worker-0:126:6641 [0] NCCL INFO Channel 20/0 : 0[9000] -> 1[85000] [send] via NET/Socket/0 comm 0x556e3ddadbe0 nRanks 02
vcjob-2107900011410145281-abc12335-65396-worker-0:126:6641 [0] NCCL INFO Channel 21/0 : 0[9000] -> 1[85000] [send] via NET/Socket/0 comm 0x556e3ddadbe0 nRanks 02
vcjob-2107900011410145281-abc12335-65396-worker-0:126:6641 [0] NCCL INFO Channel 22/0 : 0[9000] -> 1[85000] [send] via NET/Socket/0 comm 0x556e3ddadbe0 nRanks 02
vcjob-2107900011410145281-abc12335-65396-worker-0:126:6641 [0] NCCL INFO Channel 23/0 : 0[9000] -> 1[85000] [send] via NET/Socket/0 comm 0x556e3ddadbe0 nRanks 02
vcjob-2107900011410145281-abc12335-65396-worker-0:126:6641 [0] NCCL INFO Channel 24/0 : 0[9000] -> 1[85000] [send] via NET/Socket/0 comm 0x556e3ddadbe0 nRanks 02
vcjob-2107900011410145281-abc12335-65396-worker-0:126:6641 [0] NCCL INFO Channel 25/0 : 0[9000] -> 1[85000] [send] via NET/Socket/0 comm 0x556e3ddadbe0 nRanks 02
vcjob-2107900011410145281-abc12335-65396-worker-0:126:6641 [0] NCCL INFO Channel 26/0 : 0[9000] -> 1[85000] [send] via NET/Socket/0 comm 0x556e3ddadbe0 nRanks 02
vcjob-2107900011410145281-abc12335-65396-worker-0:126:6641 [0] NCCL INFO Channel 27/0 : 0[9000] -> 1[85000] [send] via NET/Socket/0 comm 0x556e3ddadbe0 nRanks 02
vcjob-2107900011410145281-abc12335-65396-worker-0:126:6641 [0] NCCL INFO Channel 28/0 : 0[9000] -> 1[85000] [send] via NET/Socket/0 comm 0x556e3ddadbe0 nRanks 02
vcjob-2107900011410145281-abc12335-65396-worker-0:126:6641 [0] NCCL INFO Channel 29/0 : 0[9000] -> 1[85000] [send] via NET/Socket/0 comm 0x556e3ddadbe0 nRanks 02
vcjob-2107900011410145281-abc12335-65396-worker-0:126:6641 [0] NCCL INFO Channel 30/0 : 0[9000] -> 1[85000] [send] via NET/Socket/0 comm 0x556e3ddadbe0 nRanks 02
vcjob-2107900011410145281-abc12335-65396-worker-0:126:6641 [0] NCCL INFO Channel 31/0 : 0[9000] -> 1[85000] [send] via NET/Socket/0 comm 0x556e3ddadbe0 nRanks 02
vcjob-2107900011410145281-abc12335-65396-worker-0:126:6641 [0] NCCL INFO Connected all rings
vcjob-2107900011410145281-abc12335-65396-worker-0:126:6641 [0] NCCL INFO Connected all trees
vcjob-2107900011410145281-abc12335-65396-worker-0:126:6641 [0] NCCL INFO threadThresholds 8/8/64 | 16/8/64 | 256 | 256
vcjob-2107900011410145281-abc12335-65396-worker-0:126:6641 [0] NCCL INFO 32 coll channels, 32 collnet channels, 0 nvls channels, 32 p2p channels, 32 p2p channels per peer
vcjob-2107900011410145281-abc12335-65396-worker-0:126:6641 [0] NCCL INFO CC Off, Multi-GPU CC Off, workFifoBytes 4194304
vcjob-2107900011410145281-abc12335-65396-worker-0:126:6641 [0] NCCL INFO ncclCommInitRank comm 0x556e3ddadbe0 rank 0 nranks 2 cudaDev 0 nvmlDev 0 busId 9000 commId 0x449352537ded9cb0 localSize 480 used 1819072944 bytes on core 3 - Init COMPLETE
vcjob-2107900011410145281-abc12335-65396-worker-0:126:6641 [0] NCCL INFO Init timings: rank 0 nranks 2 total 0.27 (kernels 0.00, bootstrap 0.01, allgathers 0.00, topo 0.09, graphs 0.00, connections 0.16, rest 0.00)
I1008 02:25:34.738291   126 ProcessGroupNCCL.cpp:2890] [PG ID 0 PG GUID 0(default_pg) Rank 0] NCCL_DEBUG: INFO
vcjob-2107900011410145281-abc12335-65396-worker-0:126:6645 [0] NCCL INFO Channel 01/1 : 1[85000] -> 0[9000] [receive] via NET/Socket/0/Shared comm 0x556e3ddadbe0 nRanks 02
vcjob-2107900011410145281-abc12335-65396-worker-0:126:6645 [0] NCCL INFO Channel 03/1 : 1[85000] -> 0[9000] [receive] via NET/Socket/0/Shared comm 0x556e3ddadbe0 nRanks 02
vcjob-2107900011410145281-abc12335-65396-worker-0:126:6645 [0] NCCL INFO Channel 05/1 : 1[85000] -> 0[9000] [receive] via NET/Socket/0/Shared comm 0x556e3ddadbe0 nRanks 02
vcjob-2107900011410145281-abc12335-65396-worker-0:126:6645 [0] NCCL INFO Channel 07/1 : 1[85000] -> 0[9000] [receive] via NET/Socket/0/Shared comm 0x556e3ddadbe0 nRanks 02
vcjob-2107900011410145281-abc12335-65396-worker-0:126:6645 [0] NCCL INFO Channel 09/1 : 1[85000] -> 0[9000] [receive] via NET/Socket/0/Shared comm 0x556e3ddadbe0 nRanks 02
vcjob-2107900011410145281-abc12335-65396-worker-0:126:6645 [0] NCCL INFO Channel 11/1 : 1[85000] -> 0[9000] [receive] via NET/Socket/0/Shared comm 0x556e3ddadbe0 nRanks 02
vcjob-2107900011410145281-abc12335-65396-worker-0:126:6645 [0] NCCL INFO Channel 13/1 : 1[85000] -> 0[9000] [receive] via NET/Socket/0/Shared comm 0x556e3ddadbe0 nRanks 02
vcjob-2107900011410145281-abc12335-65396-worker-0:126:6645 [0] NCCL INFO Channel 15/1 : 1[85000] -> 0[9000] [receive] via NET/Socket/0/Shared comm 0x556e3ddadbe0 nRanks 02
vcjob-2107900011410145281-abc12335-65396-worker-0:126:6645 [0] NCCL INFO Channel 17/1 : 1[85000] -> 0[9000] [receive] via NET/Socket/0/Shared comm 0x556e3ddadbe0 nRanks 02
vcjob-2107900011410145281-abc12335-65396-worker-0:126:6645 [0] NCCL INFO Channel 19/1 : 1[85000] -> 0[9000] [receive] via NET/Socket/0/Shared comm 0x556e3ddadbe0 nRanks 02
vcjob-2107900011410145281-abc12335-65396-worker-0:126:6645 [0] NCCL INFO Channel 21/1 : 1[85000] -> 0[9000] [receive] via NET/Socket/0/Shared comm 0x556e3ddadbe0 nRanks 02
vcjob-2107900011410145281-abc12335-65396-worker-0:126:6645 [0] NCCL INFO Channel 23/1 : 1[85000] -> 0[9000] [receive] via NET/Socket/0/Shared comm 0x556e3ddadbe0 nRanks 02
vcjob-2107900011410145281-abc12335-65396-worker-0:126:6645 [0] NCCL INFO Channel 25/1 : 1[85000] -> 0[9000] [receive] via NET/Socket/0/Shared comm 0x556e3ddadbe0 nRanks 02
vcjob-2107900011410145281-abc12335-65396-worker-0:126:6645 [0] NCCL INFO Channel 27/1 : 1[85000] -> 0[9000] [receive] via NET/Socket/0/Shared comm 0x556e3ddadbe0 nRanks 02
vcjob-2107900011410145281-abc12335-65396-worker-0:126:6645 [0] NCCL INFO Channel 29/1 : 1[85000] -> 0[9000] [receive] via NET/Socket/0/Shared comm 0x556e3ddadbe0 nRanks 02
vcjob-2107900011410145281-abc12335-65396-worker-0:126:6645 [0] NCCL INFO Channel 31/1 : 1[85000] -> 0[9000] [receive] via NET/Socket/0/Shared comm 0x556e3ddadbe0 nRanks 02

vcjob-2107900011410145281-abc12335-65396-worker-0:126:126 [0] /data/jenkins_workspace/workspace/rccl_release/build/hipify/src/init.cc:170 NCCL WARN NUMA auto balancing enabled which can lead to variability in the RCCL performance! Disable by "sudo sysctl kernel.numa_balancing=0"
vcjob-2107900011410145281-abc12335-65396-worker-0:126:126 [0] NCCL INFO Kernel version: 5.15.0-25-generic

vcjob-2107900011410145281-abc12335-65396-worker-0:126:126 [0] /data/jenkins_workspace/workspace/rccl_release/build/hipify/src/init.cc:191 NCCL WARN Missing "iommu=pt" from kernel command line which can lead to system instablity or hang!
I1008 02:25:34.781343   126 ProcessGroupNCCL.cpp:2857] [PG ID 0 PG GUID 0(default_pg) Rank 0] ProcessGroupNCCL broadcast unique ID through store took 0.081201 ms
I1008 02:25:34.781369   126 NCCLUtils.cpp:75] Rank 0: creating NCCL communicator with mode: blocking

vcjob-2107900011410145281-abc12335-65396-worker-0:126:126 [0] /data/jenkins_workspace/workspace/rccl_release/build/hipify/src/init.cc:170 NCCL WARN NUMA auto balancing enabled which can lead to variability in the RCCL performance! Disable by "sudo sysctl kernel.numa_balancing=0"
vcjob-2107900011410145281-abc12335-65396-worker-0:126:126 [0] NCCL INFO Kernel version: 5.15.0-25-generic

vcjob-2107900011410145281-abc12335-65396-worker-0:126:126 [0] /data/jenkins_workspace/workspace/rccl_release/build/hipify/src/init.cc:191 NCCL WARN Missing "iommu=pt" from kernel command line which can lead to system instablity or hang!
vcjob-2107900011410145281-abc12335-65396-worker-0:126:126 [0] NCCL INFO Comm config Blocking set to 1
vcjob-2107900011410145281-abc12335-65396-worker-0:126:6647 [0] NCCL INFO Using network Socket
vcjob-2107900011410145281-abc12335-65396-worker-0:126:6647 [0] NCCL INFO rocm_smi_lib: version 7.6.0.0
vcjob-2107900011410145281-abc12335-65396-worker-0:126:6647 [0] NCCL INFO ncclCommInitRank comm 0x556e3de793d0 rank 0 nranks 2 cudaDev 0 nvmlDev 0 busId 9000 commId 0x7608a954b3d2ae3d - Init START
vcjob-2107900011410145281-abc12335-65396-worker-0:126:6647 [0] NCCL INFO rank:0 get match hsa dev domain:0x0 bdf:0x900 rank busId:0x36864
vcjob-2107900011410145281-abc12335-65396-worker-0:126:6647 [0] NCCL INFO XDP Switch is off with xdp_size : 0

vcjob-2107900011410145281-abc12335-65396-worker-0:126:6647 [0] /data/jenkins_workspace/workspace/rccl_release/build/hipify/src/graph/xml.cc:1211 NCCL WARN No IB NIC found, the generation of the basic topology has been terminated.
vcjob-2107900011410145281-abc12335-65396-worker-0:126:6647 [0] NCCL INFO rocm_smi_lib: version 7.6.0.0
vcjob-2107900011410145281-abc12335-65396-worker-0:126:6647 [0] NCCL INFO Setting affinity for GPU 0 to ffff
vcjob-2107900011410145281-abc12335-65396-worker-0:126:6647 [0] NCCL INFO Rank:0 Get link topo from rocmDev:0 linkNum:8 link:0 linkState:1 remote type:1 bdf:0x9b00 topoType:2
vcjob-2107900011410145281-abc12335-65396-worker-0:126:6647 [0] NCCL INFO Transport init rank 0 useXdp 0 linkTopoType 2
vcjob-2107900011410145281-abc12335-65396-worker-0:126:6647 [0] NCCL INFO comm 0x556e3de793d0 rank 0 nRanks 2 nNodes 2 localRanks 1 localRank 0 MNNVL 0
vcjob-2107900011410145281-abc12335-65396-worker-0:126:6647 [0] NCCL INFO Channel 00/32 :    0   1
vcjob-2107900011410145281-abc12335-65396-worker-0:126:6647 [0] NCCL INFO Channel 01/32 :    0   1
vcjob-2107900011410145281-abc12335-65396-worker-0:126:6647 [0] NCCL INFO Channel 02/32 :    0   1
vcjob-2107900011410145281-abc12335-65396-worker-0:126:6647 [0] NCCL INFO Channel 03/32 :    0   1
vcjob-2107900011410145281-abc12335-65396-worker-0:126:6647 [0] NCCL INFO Channel 04/32 :    0   1
vcjob-2107900011410145281-abc12335-65396-worker-0:126:6647 [0] NCCL INFO Channel 05/32 :    0   1
vcjob-2107900011410145281-abc12335-65396-worker-0:126:6647 [0] NCCL INFO Channel 06/32 :    0   1
vcjob-2107900011410145281-abc12335-65396-worker-0:126:6647 [0] NCCL INFO Channel 07/32 :    0   1
vcjob-2107900011410145281-abc12335-65396-worker-0:126:6647 [0] NCCL INFO Channel 08/32 :    0   1
vcjob-2107900011410145281-abc12335-65396-worker-0:126:6647 [0] NCCL INFO Channel 09/32 :    0   1
vcjob-2107900011410145281-abc12335-65396-worker-0:126:6647 [0] NCCL INFO Channel 10/32 :    0   1
vcjob-2107900011410145281-abc12335-65396-worker-0:126:6647 [0] NCCL INFO Channel 11/32 :    0   1
vcjob-2107900011410145281-abc12335-65396-worker-0:126:6647 [0] NCCL INFO Channel 12/32 :    0   1
vcjob-2107900011410145281-abc12335-65396-worker-0:126:6647 [0] NCCL INFO Channel 13/32 :    0   1
vcjob-2107900011410145281-abc12335-65396-worker-0:126:6647 [0] NCCL INFO Channel 14/32 :    0   1
vcjob-2107900011410145281-abc12335-65396-worker-0:126:6647 [0] NCCL INFO Channel 15/32 :    0   1
vcjob-2107900011410145281-abc12335-65396-worker-0:126:6647 [0] NCCL INFO Channel 16/32 :    0   1
vcjob-2107900011410145281-abc12335-65396-worker-0:126:6647 [0] NCCL INFO Channel 17/32 :    0   1
vcjob-2107900011410145281-abc12335-65396-worker-0:126:6647 [0] NCCL INFO Channel 18/32 :    0   1
vcjob-2107900011410145281-abc12335-65396-worker-0:126:6647 [0] NCCL INFO Channel 19/32 :    0   1
vcjob-2107900011410145281-abc12335-65396-worker-0:126:6647 [0] NCCL INFO Channel 20/32 :    0   1
vcjob-2107900011410145281-abc12335-65396-worker-0:126:6647 [0] NCCL INFO Channel 21/32 :    0   1
vcjob-2107900011410145281-abc12335-65396-worker-0:126:6647 [0] NCCL INFO Channel 22/32 :    0   1
vcjob-2107900011410145281-abc12335-65396-worker-0:126:6647 [0] NCCL INFO Channel 23/32 :    0   1
vcjob-2107900011410145281-abc12335-65396-worker-0:126:6647 [0] NCCL INFO Channel 24/32 :    0   1
vcjob-2107900011410145281-abc12335-65396-worker-0:126:6647 [0] NCCL INFO Channel 25/32 :    0   1
vcjob-2107900011410145281-abc12335-65396-worker-0:126:6647 [0] NCCL INFO Channel 26/32 :    0   1
vcjob-2107900011410145281-abc12335-65396-worker-0:126:6647 [0] NCCL INFO Channel 27/32 :    0   1
vcjob-2107900011410145281-abc12335-65396-worker-0:126:6647 [0] NCCL INFO Channel 28/32 :    0   1
vcjob-2107900011410145281-abc12335-65396-worker-0:126:6647 [0] NCCL INFO Channel 29/32 :    0   1
vcjob-2107900011410145281-abc12335-65396-worker-0:126:6647 [0] NCCL INFO Channel 30/32 :    0   1
vcjob-2107900011410145281-abc12335-65396-worker-0:126:6647 [0] NCCL INFO Channel 31/32 :    0   1
vcjob-2107900011410145281-abc12335-65396-worker-0:126:6647 [0] NCCL INFO Trees [0] 1/-1/-1->0->-1 [1] -1/-1/-1->0->1 [2] 1/-1/-1->0->-1 [3] -1/-1/-1->0->1 [4] 1/-1/-1->0->-1 [5] -1/-1/-1->0->1 [6] 1/-1/-1->0->-1 [7] -1/-1/-1->0->1 [8] 1/-1/-1->0->-1 [9] -1/-1/-1->0->1 [10] 1/-1/-1->0->-1 [11] -1/-1/-1->0->1 [12] 1/-1/-1->0->-1 [13] -1/-1/-1->0->1 [14] 1/-1/-1->0->-1 [15] -1/-1/-1->0->1 [16] 1/-1/-1->0->-1 [17] -1/-1/-1->0->1 [18] 1/-1/-1->0->-1 [19] -1/-1/-1->0->1 [20] 1/-1/-1->0->-1 [21] -1/-1/-1->0->1 [22] 1/-1/-1->0->-1 [23] -1/-1/-1->0->1 [24] 1/-1/-1->0->-1 [25] -1/-1/-1->0->1 [26] 1/-1/-1->0->-1 [27] -1/-1/-1->0->1 [28] 1/-1/-1->0->-1 [29] -1/-1/-1->0->1 [30] 1/-1/-1->0->-1 [31] -1/-1/-1->0->1 comm 0x556e3de793d0 nRanks 02 busId 9000
vcjob-2107900011410145281-abc12335-65396-worker-0:126:6647 [0] NCCL INFO P2P Chunksize set to 131072
vcjob-2107900011410145281-abc12335-65396-worker-0:126:6647 [0] NCCL INFO comm->autoPerPeerOn: 1, comm->p2pnChannels: 32, comm->p2pnChannelsPerPeer: 32
vcjob-2107900011410145281-abc12335-65396-worker-0:126:6647 [0] NCCL INFO Channel 00/0 : 1[b5000] -> 0[9000] [receive] via NET/Socket/0 comm 0x556e3de793d0 nRanks 02
vcjob-2107900011410145281-abc12335-65396-worker-0:126:6647 [0] NCCL INFO Channel 01/0 : 1[b5000] -> 0[9000] [receive] via NET/Socket/0 comm 0x556e3de793d0 nRanks 02
vcjob-2107900011410145281-abc12335-65396-worker-0:126:6647 [0] NCCL INFO Channel 02/0 : 1[b5000] -> 0[9000] [receive] via NET/Socket/0 comm 0x556e3de793d0 nRanks 02
vcjob-2107900011410145281-abc12335-65396-worker-0:126:6647 [0] NCCL INFO Channel 03/0 : 1[b5000] -> 0[9000] [receive] via NET/Socket/0 comm 0x556e3de793d0 nRanks 02
vcjob-2107900011410145281-abc12335-65396-worker-0:126:6647 [0] NCCL INFO Channel 04/0 : 1[b5000] -> 0[9000] [receive] via NET/Socket/0 comm 0x556e3de793d0 nRanks 02
vcjob-2107900011410145281-abc12335-65396-worker-0:126:6647 [0] NCCL INFO Channel 05/0 : 1[b5000] -> 0[9000] [receive] via NET/Socket/0 comm 0x556e3de793d0 nRanks 02
vcjob-2107900011410145281-abc12335-65396-worker-0:126:6647 [0] NCCL INFO Channel 06/0 : 1[b5000] -> 0[9000] [receive] via NET/Socket/0 comm 0x556e3de793d0 nRanks 02
vcjob-2107900011410145281-abc12335-65396-worker-0:126:6647 [0] NCCL INFO Channel 07/0 : 1[b5000] -> 0[9000] [receive] via NET/Socket/0 comm 0x556e3de793d0 nRanks 02
vcjob-2107900011410145281-abc12335-65396-worker-0:126:6647 [0] NCCL INFO Channel 08/0 : 1[b5000] -> 0[9000] [receive] via NET/Socket/0 comm 0x556e3de793d0 nRanks 02
vcjob-2107900011410145281-abc12335-65396-worker-0:126:6647 [0] NCCL INFO Channel 09/0 : 1[b5000] -> 0[9000] [receive] via NET/Socket/0 comm 0x556e3de793d0 nRanks 02
vcjob-2107900011410145281-abc12335-65396-worker-0:126:6647 [0] NCCL INFO Channel 10/0 : 1[b5000] -> 0[9000] [receive] via NET/Socket/0 comm 0x556e3de793d0 nRanks 02
vcjob-2107900011410145281-abc12335-65396-worker-0:126:6647 [0] NCCL INFO Channel 11/0 : 1[b5000] -> 0[9000] [receive] via NET/Socket/0 comm 0x556e3de793d0 nRanks 02
vcjob-2107900011410145281-abc12335-65396-worker-0:126:6647 [0] NCCL INFO Channel 12/0 : 1[b5000] -> 0[9000] [receive] via NET/Socket/0 comm 0x556e3de793d0 nRanks 02
vcjob-2107900011410145281-abc12335-65396-worker-0:126:6647 [0] NCCL INFO Channel 13/0 : 1[b5000] -> 0[9000] [receive] via NET/Socket/0 comm 0x556e3de793d0 nRanks 02
vcjob-2107900011410145281-abc12335-65396-worker-0:126:6647 [0] NCCL INFO Channel 14/0 : 1[b5000] -> 0[9000] [receive] via NET/Socket/0 comm 0x556e3de793d0 nRanks 02
vcjob-2107900011410145281-abc12335-65396-worker-0:126:6647 [0] NCCL INFO Channel 15/0 : 1[b5000] -> 0[9000] [receive] via NET/Socket/0 comm 0x556e3de793d0 nRanks 02
vcjob-2107900011410145281-abc12335-65396-worker-0:126:6647 [0] NCCL INFO Channel 16/0 : 1[b5000] -> 0[9000] [receive] via NET/Socket/0 comm 0x556e3de793d0 nRanks 02
vcjob-2107900011410145281-abc12335-65396-worker-0:126:6647 [0] NCCL INFO Channel 17/0 : 1[b5000] -> 0[9000] [receive] via NET/Socket/0 comm 0x556e3de793d0 nRanks 02
vcjob-2107900011410145281-abc12335-65396-worker-0:126:6647 [0] NCCL INFO Channel 18/0 : 1[b5000] -> 0[9000] [receive] via NET/Socket/0 comm 0x556e3de793d0 nRanks 02
vcjob-2107900011410145281-abc12335-65396-worker-0:126:6647 [0] NCCL INFO Channel 19/0 : 1[b5000] -> 0[9000] [receive] via NET/Socket/0 comm 0x556e3de793d0 nRanks 02
vcjob-2107900011410145281-abc12335-65396-worker-0:126:6647 [0] NCCL INFO Channel 20/0 : 1[b5000] -> 0[9000] [receive] via NET/Socket/0 comm 0x556e3de793d0 nRanks 02
vcjob-2107900011410145281-abc12335-65396-worker-0:126:6647 [0] NCCL INFO Channel 21/0 : 1[b5000] -> 0[9000] [receive] via NET/Socket/0 comm 0x556e3de793d0 nRanks 02
vcjob-2107900011410145281-abc12335-65396-worker-0:126:6647 [0] NCCL INFO Channel 22/0 : 1[b5000] -> 0[9000] [receive] via NET/Socket/0 comm 0x556e3de793d0 nRanks 02
vcjob-2107900011410145281-abc12335-65396-worker-0:126:6647 [0] NCCL INFO Channel 23/0 : 1[b5000] -> 0[9000] [receive] via NET/Socket/0 comm 0x556e3de793d0 nRanks 02
vcjob-2107900011410145281-abc12335-65396-worker-0:126:6647 [0] NCCL INFO Channel 24/0 : 1[b5000] -> 0[9000] [receive] via NET/Socket/0 comm 0x556e3de793d0 nRanks 02
vcjob-2107900011410145281-abc12335-65396-worker-0:126:6647 [0] NCCL INFO Channel 25/0 : 1[b5000] -> 0[9000] [receive] via NET/Socket/0 comm 0x556e3de793d0 nRanks 02
vcjob-2107900011410145281-abc12335-65396-worker-0:126:6647 [0] NCCL INFO Channel 26/0 : 1[b5000] -> 0[9000] [receive] via NET/Socket/0 comm 0x556e3de793d0 nRanks 02
vcjob-2107900011410145281-abc12335-65396-worker-0:126:6647 [0] NCCL INFO Channel 27/0 : 1[b5000] -> 0[9000] [receive] via NET/Socket/0 comm 0x556e3de793d0 nRanks 02
vcjob-2107900011410145281-abc12335-65396-worker-0:126:6647 [0] NCCL INFO Channel 28/0 : 1[b5000] -> 0[9000] [receive] via NET/Socket/0 comm 0x556e3de793d0 nRanks 02
vcjob-2107900011410145281-abc12335-65396-worker-0:126:6647 [0] NCCL INFO Channel 29/0 : 1[b5000] -> 0[9000] [receive] via NET/Socket/0 comm 0x556e3de793d0 nRanks 02
vcjob-2107900011410145281-abc12335-65396-worker-0:126:6647 [0] NCCL INFO Channel 30/0 : 1[b5000] -> 0[9000] [receive] via NET/Socket/0 comm 0x556e3de793d0 nRanks 02
vcjob-2107900011410145281-abc12335-65396-worker-0:126:6647 [0] NCCL INFO Channel 31/0 : 1[b5000] -> 0[9000] [receive] via NET/Socket/0 comm 0x556e3de793d0 nRanks 02
vcjob-2107900011410145281-abc12335-65396-worker-0:126:6647 [0] NCCL INFO Channel 00/0 : 0[9000] -> 1[b5000] [send] via NET/Socket/0 comm 0x556e3de793d0 nRanks 02
vcjob-2107900011410145281-abc12335-65396-worker-0:126:6647 [0] NCCL INFO Channel 01/0 : 0[9000] -> 1[b5000] [send] via NET/Socket/0 comm 0x556e3de793d0 nRanks 02
vcjob-2107900011410145281-abc12335-65396-worker-0:126:6647 [0] NCCL INFO Channel 02/0 : 0[9000] -> 1[b5000] [send] via NET/Socket/0 comm 0x556e3de793d0 nRanks 02
vcjob-2107900011410145281-abc12335-65396-worker-0:126:6647 [0] NCCL INFO Channel 03/0 : 0[9000] -> 1[b5000] [send] via NET/Socket/0 comm 0x556e3de793d0 nRanks 02
vcjob-2107900011410145281-abc12335-65396-worker-0:126:6647 [0] NCCL INFO Channel 04/0 : 0[9000] -> 1[b5000] [send] via NET/Socket/0 comm 0x556e3de793d0 nRanks 02
vcjob-2107900011410145281-abc12335-65396-worker-0:126:6647 [0] NCCL INFO Channel 05/0 : 0[9000] -> 1[b5000] [send] via NET/Socket/0 comm 0x556e3de793d0 nRanks 02
vcjob-2107900011410145281-abc12335-65396-worker-0:126:6647 [0] NCCL INFO Channel 06/0 : 0[9000] -> 1[b5000] [send] via NET/Socket/0 comm 0x556e3de793d0 nRanks 02
vcjob-2107900011410145281-abc12335-65396-worker-0:126:6647 [0] NCCL INFO Channel 07/0 : 0[9000] -> 1[b5000] [send] via NET/Socket/0 comm 0x556e3de793d0 nRanks 02
vcjob-2107900011410145281-abc12335-65396-worker-0:126:6647 [0] NCCL INFO Channel 08/0 : 0[9000] -> 1[b5000] [send] via NET/Socket/0 comm 0x556e3de793d0 nRanks 02
vcjob-2107900011410145281-abc12335-65396-worker-0:126:6647 [0] NCCL INFO Channel 09/0 : 0[9000] -> 1[b5000] [send] via NET/Socket/0 comm 0x556e3de793d0 nRanks 02
vcjob-2107900011410145281-abc12335-65396-worker-0:126:6647 [0] NCCL INFO Channel 10/0 : 0[9000] -> 1[b5000] [send] via NET/Socket/0 comm 0x556e3de793d0 nRanks 02
vcjob-2107900011410145281-abc12335-65396-worker-0:126:6647 [0] NCCL INFO Channel 11/0 : 0[9000] -> 1[b5000] [send] via NET/Socket/0 comm 0x556e3de793d0 nRanks 02
vcjob-2107900011410145281-abc12335-65396-worker-0:126:6647 [0] NCCL INFO Channel 12/0 : 0[9000] -> 1[b5000] [send] via NET/Socket/0 comm 0x556e3de793d0 nRanks 02
vcjob-2107900011410145281-abc12335-65396-worker-0:126:6647 [0] NCCL INFO Channel 13/0 : 0[9000] -> 1[b5000] [send] via NET/Socket/0 comm 0x556e3de793d0 nRanks 02
vcjob-2107900011410145281-abc12335-65396-worker-0:126:6647 [0] NCCL INFO Channel 14/0 : 0[9000] -> 1[b5000] [send] via NET/Socket/0 comm 0x556e3de793d0 nRanks 02
vcjob-2107900011410145281-abc12335-65396-worker-0:126:6647 [0] NCCL INFO Channel 15/0 : 0[9000] -> 1[b5000] [send] via NET/Socket/0 comm 0x556e3de793d0 nRanks 02
vcjob-2107900011410145281-abc12335-65396-worker-0:126:6647 [0] NCCL INFO Channel 16/0 : 0[9000] -> 1[b5000] [send] via NET/Socket/0 comm 0x556e3de793d0 nRanks 02
vcjob-2107900011410145281-abc12335-65396-worker-0:126:6647 [0] NCCL INFO Channel 17/0 : 0[9000] -> 1[b5000] [send] via NET/Socket/0 comm 0x556e3de793d0 nRanks 02
vcjob-2107900011410145281-abc12335-65396-worker-0:126:6647 [0] NCCL INFO Channel 18/0 : 0[9000] -> 1[b5000] [send] via NET/Socket/0 comm 0x556e3de793d0 nRanks 02
vcjob-2107900011410145281-abc12335-65396-worker-0:126:6647 [0] NCCL INFO Channel 19/0 : 0[9000] -> 1[b5000] [send] via NET/Socket/0 comm 0x556e3de793d0 nRanks 02
vcjob-2107900011410145281-abc12335-65396-worker-0:126:6647 [0] NCCL INFO Channel 20/0 : 0[9000] -> 1[b5000] [send] via NET/Socket/0 comm 0x556e3de793d0 nRanks 02
vcjob-2107900011410145281-abc12335-65396-worker-0:126:6647 [0] NCCL INFO Channel 21/0 : 0[9000] -> 1[b5000] [send] via NET/Socket/0 comm 0x556e3de793d0 nRanks 02
vcjob-2107900011410145281-abc12335-65396-worker-0:126:6647 [0] NCCL INFO Channel 22/0 : 0[9000] -> 1[b5000] [send] via NET/Socket/0 comm 0x556e3de793d0 nRanks 02
vcjob-2107900011410145281-abc12335-65396-worker-0:126:6647 [0] NCCL INFO Channel 23/0 : 0[9000] -> 1[b5000] [send] via NET/Socket/0 comm 0x556e3de793d0 nRanks 02
vcjob-2107900011410145281-abc12335-65396-worker-0:126:6647 [0] NCCL INFO Channel 24/0 : 0[9000] -> 1[b5000] [send] via NET/Socket/0 comm 0x556e3de793d0 nRanks 02
vcjob-2107900011410145281-abc12335-65396-worker-0:126:6647 [0] NCCL INFO Channel 25/0 : 0[9000] -> 1[b5000] [send] via NET/Socket/0 comm 0x556e3de793d0 nRanks 02
vcjob-2107900011410145281-abc12335-65396-worker-0:126:6647 [0] NCCL INFO Channel 26/0 : 0[9000] -> 1[b5000] [send] via NET/Socket/0 comm 0x556e3de793d0 nRanks 02
vcjob-2107900011410145281-abc12335-65396-worker-0:126:6647 [0] NCCL INFO Channel 27/0 : 0[9000] -> 1[b5000] [send] via NET/Socket/0 comm 0x556e3de793d0 nRanks 02
vcjob-2107900011410145281-abc12335-65396-worker-0:126:6647 [0] NCCL INFO Channel 28/0 : 0[9000] -> 1[b5000] [send] via NET/Socket/0 comm 0x556e3de793d0 nRanks 02
vcjob-2107900011410145281-abc12335-65396-worker-0:126:6647 [0] NCCL INFO Channel 29/0 : 0[9000] -> 1[b5000] [send] via NET/Socket/0 comm 0x556e3de793d0 nRanks 02
vcjob-2107900011410145281-abc12335-65396-worker-0:126:6647 [0] NCCL INFO Channel 30/0 : 0[9000] -> 1[b5000] [send] via NET/Socket/0 comm 0x556e3de793d0 nRanks 02
vcjob-2107900011410145281-abc12335-65396-worker-0:126:6647 [0] NCCL INFO Channel 31/0 : 0[9000] -> 1[b5000] [send] via NET/Socket/0 comm 0x556e3de793d0 nRanks 02
vcjob-2107900011410145281-abc12335-65396-worker-0:126:6647 [0] NCCL INFO Connected all rings
vcjob-2107900011410145281-abc12335-65396-worker-0:126:6647 [0] NCCL INFO Connected all trees
vcjob-2107900011410145281-abc12335-65396-worker-0:126:6647 [0] NCCL INFO threadThresholds 8/8/64 | 16/8/64 | 256 | 256
vcjob-2107900011410145281-abc12335-65396-worker-0:126:6647 [0] NCCL INFO 32 coll channels, 32 collnet channels, 0 nvls channels, 32 p2p channels, 32 p2p channels per peer
vcjob-2107900011410145281-abc12335-65396-worker-0:126:6647 [0] NCCL INFO CC Off, Multi-GPU CC Off, workFifoBytes 4194304
vcjob-2107900011410145281-abc12335-65396-worker-0:126:6647 [0] NCCL INFO ncclCommInitRank comm 0x556e3de793d0 rank 0 nranks 2 cudaDev 0 nvmlDev 0 busId 9000 commId 0x7608a954b3d2ae3d localSize 480 used 1853266720 bytes on core 15 - Init COMPLETE
vcjob-2107900011410145281-abc12335-65396-worker-0:126:6647 [0] NCCL INFO Init timings: rank 0 nranks 2 total 0.30 (kernels 0.00, bootstrap 0.00, allgathers 0.00, topo 0.09, graphs 0.00, connections 0.20, rest 0.00)
I1008 02:25:35.122342   126 ProcessGroupNCCL.cpp:2890] [PG ID 0 PG GUID 0(default_pg) Rank 0] NCCL_DEBUG: INFO
vcjob-2107900011410145281-abc12335-65396-worker-0:126:6651 [0] NCCL INFO Channel 01/1 : 1[b5000] -> 0[9000] [receive] via NET/Socket/0/Shared comm 0x556e3de793d0 nRanks 02
vcjob-2107900011410145281-abc12335-65396-worker-0:126:6651 [0] NCCL INFO Channel 03/1 : 1[b5000] -> 0[9000] [receive] via NET/Socket/0/Shared comm 0x556e3de793d0 nRanks 02
vcjob-2107900011410145281-abc12335-65396-worker-0:126:6651 [0] NCCL INFO Channel 05/1 : 1[b5000] -> 0[9000] [receive] via NET/Socket/0/Shared comm 0x556e3de793d0 nRanks 02
vcjob-2107900011410145281-abc12335-65396-worker-0:126:6651 [0] NCCL INFO Channel 07/1 : 1[b5000] -> 0[9000] [receive] via NET/Socket/0/Shared comm 0x556e3de793d0 nRanks 02
vcjob-2107900011410145281-abc12335-65396-worker-0:126:6651 [0] NCCL INFO Channel 09/1 : 1[b5000] -> 0[9000] [receive] via NET/Socket/0/Shared comm 0x556e3de793d0 nRanks 02
vcjob-2107900011410145281-abc12335-65396-worker-0:126:6651 [0] NCCL INFO Channel 11/1 : 1[b5000] -> 0[9000] [receive] via NET/Socket/0/Shared comm 0x556e3de793d0 nRanks 02
vcjob-2107900011410145281-abc12335-65396-worker-0:126:6651 [0] NCCL INFO Channel 13/1 : 1[b5000] -> 0[9000] [receive] via NET/Socket/0/Shared comm 0x556e3de793d0 nRanks 02
vcjob-2107900011410145281-abc12335-65396-worker-0:126:6651 [0] NCCL INFO Channel 15/1 : 1[b5000] -> 0[9000] [receive] via NET/Socket/0/Shared comm 0x556e3de793d0 nRanks 02
vcjob-2107900011410145281-abc12335-65396-worker-0:126:6651 [0] NCCL INFO Channel 17/1 : 1[b5000] -> 0[9000] [receive] via NET/Socket/0/Shared comm 0x556e3de793d0 nRanks 02
vcjob-2107900011410145281-abc12335-65396-worker-0:126:6651 [0] NCCL INFO Channel 19/1 : 1[b5000] -> 0[9000] [receive] via NET/Socket/0/Shared comm 0x556e3de793d0 nRanks 02
vcjob-2107900011410145281-abc12335-65396-worker-0:126:6651 [0] NCCL INFO Channel 21/1 : 1[b5000] -> 0[9000] [receive] via NET/Socket/0/Shared comm 0x556e3de793d0 nRanks 02
vcjob-2107900011410145281-abc12335-65396-worker-0:126:6651 [0] NCCL INFO Channel 23/1 : 1[b5000] -> 0[9000] [receive] via NET/Socket/0/Shared comm 0x556e3de793d0 nRanks 02
vcjob-2107900011410145281-abc12335-65396-worker-0:126:6651 [0] NCCL INFO Channel 25/1 : 1[b5000] -> 0[9000] [receive] via NET/Socket/0/Shared comm 0x556e3de793d0 nRanks 02
vcjob-2107900011410145281-abc12335-65396-worker-0:126:6651 [0] NCCL INFO Channel 27/1 : 1[b5000] -> 0[9000] [receive] via NET/Socket/0/Shared comm 0x556e3de793d0 nRanks 02
vcjob-2107900011410145281-abc12335-65396-worker-0:126:6651 [0] NCCL INFO Channel 29/1 : 1[b5000] -> 0[9000] [receive] via NET/Socket/0/Shared comm 0x556e3de793d0 nRanks 02
vcjob-2107900011410145281-abc12335-65396-worker-0:126:6651 [0] NCCL INFO Channel 31/1 : 1[b5000] -> 0[9000] [receive] via NET/Socket/0/Shared comm 0x556e3de793d0 nRanks 02

vcjob-2107900011410145281-abc12335-65396-worker-0:126:126 [0] /data/jenkins_workspace/workspace/rccl_release/build/hipify/src/init.cc:170 NCCL WARN NUMA auto balancing enabled which can lead to variability in the RCCL performance! Disable by "sudo sysctl kernel.numa_balancing=0"
vcjob-2107900011410145281-abc12335-65396-worker-0:126:126 [0] NCCL INFO Kernel version: 5.15.0-25-generic

vcjob-2107900011410145281-abc12335-65396-worker-0:126:126 [0] /data/jenkins_workspace/workspace/rccl_release/build/hipify/src/init.cc:191 NCCL WARN Missing "iommu=pt" from kernel command line which can lead to system instablity or hang!
I1008 02:25:35.168560   126 ProcessGroupNCCL.cpp:2857] [PG ID 0 PG GUID 0(default_pg) Rank 0] ProcessGroupNCCL broadcast unique ID through store took 0.05052 ms
I1008 02:25:35.168577   126 NCCLUtils.cpp:75] Rank 0: creating NCCL communicator with mode: blocking

vcjob-2107900011410145281-abc12335-65396-worker-0:126:126 [0] /data/jenkins_workspace/workspace/rccl_release/build/hipify/src/init.cc:170 NCCL WARN NUMA auto balancing enabled which can lead to variability in the RCCL performance! Disable by "sudo sysctl kernel.numa_balancing=0"
vcjob-2107900011410145281-abc12335-65396-worker-0:126:126 [0] NCCL INFO Kernel version: 5.15.0-25-generic

vcjob-2107900011410145281-abc12335-65396-worker-0:126:126 [0] /data/jenkins_workspace/workspace/rccl_release/build/hipify/src/init.cc:191 NCCL WARN Missing "iommu=pt" from kernel command line which can lead to system instablity or hang!
vcjob-2107900011410145281-abc12335-65396-worker-0:126:126 [0] NCCL INFO Comm config Blocking set to 1
vcjob-2107900011410145281-abc12335-65396-worker-0:126:6653 [0] NCCL INFO Using network Socket
vcjob-2107900011410145281-abc12335-65396-worker-0:126:6653 [0] NCCL INFO rocm_smi_lib: version 7.6.0.0
vcjob-2107900011410145281-abc12335-65396-worker-0:126:6653 [0] NCCL INFO ncclCommInitRank comm 0x556e3df47970 rank 0 nranks 2 cudaDev 0 nvmlDev 0 busId 9000 commId 0xb843a9d1933157f3 - Init START
vcjob-2107900011410145281-abc12335-65396-worker-0:126:6653 [0] NCCL INFO rank:0 get match hsa dev domain:0x0 bdf:0x900 rank busId:0x36864
vcjob-2107900011410145281-abc12335-65396-worker-0:126:6653 [0] NCCL INFO XDP Switch is off with xdp_size : 0

vcjob-2107900011410145281-abc12335-65396-worker-0:126:6653 [0] /data/jenkins_workspace/workspace/rccl_release/build/hipify/src/graph/xml.cc:1211 NCCL WARN No IB NIC found, the generation of the basic topology has been terminated.
vcjob-2107900011410145281-abc12335-65396-worker-0:126:6653 [0] NCCL INFO rocm_smi_lib: version 7.6.0.0
vcjob-2107900011410145281-abc12335-65396-worker-0:126:6653 [0] NCCL INFO Setting affinity for GPU 0 to ffff
vcjob-2107900011410145281-abc12335-65396-worker-0:126:6653 [0] NCCL INFO Rank:0 Get link topo from rocmDev:0 linkNum:8 link:0 linkState:1 remote type:1 bdf:0x9b00 topoType:2
vcjob-2107900011410145281-abc12335-65396-worker-0:126:6653 [0] NCCL INFO Transport init rank 0 useXdp 0 linkTopoType 2
vcjob-2107900011410145281-abc12335-65396-worker-0:126:6653 [0] NCCL INFO comm 0x556e3df47970 rank 0 nRanks 2 nNodes 2 localRanks 1 localRank 0 MNNVL 0
vcjob-2107900011410145281-abc12335-65396-worker-0:126:6653 [0] NCCL INFO Channel 00/32 :    0   1
vcjob-2107900011410145281-abc12335-65396-worker-0:126:6653 [0] NCCL INFO Channel 01/32 :    0   1
vcjob-2107900011410145281-abc12335-65396-worker-0:126:6653 [0] NCCL INFO Channel 02/32 :    0   1
vcjob-2107900011410145281-abc12335-65396-worker-0:126:6653 [0] NCCL INFO Channel 03/32 :    0   1
vcjob-2107900011410145281-abc12335-65396-worker-0:126:6653 [0] NCCL INFO Channel 04/32 :    0   1
vcjob-2107900011410145281-abc12335-65396-worker-0:126:6653 [0] NCCL INFO Channel 05/32 :    0   1
vcjob-2107900011410145281-abc12335-65396-worker-0:126:6653 [0] NCCL INFO Channel 06/32 :    0   1
vcjob-2107900011410145281-abc12335-65396-worker-0:126:6653 [0] NCCL INFO Channel 07/32 :    0   1
vcjob-2107900011410145281-abc12335-65396-worker-0:126:6653 [0] NCCL INFO Channel 08/32 :    0   1
vcjob-2107900011410145281-abc12335-65396-worker-0:126:6653 [0] NCCL INFO Channel 09/32 :    0   1
vcjob-2107900011410145281-abc12335-65396-worker-0:126:6653 [0] NCCL INFO Channel 10/32 :    0   1
vcjob-2107900011410145281-abc12335-65396-worker-0:126:6653 [0] NCCL INFO Channel 11/32 :    0   1
vcjob-2107900011410145281-abc12335-65396-worker-0:126:6653 [0] NCCL INFO Channel 12/32 :    0   1
vcjob-2107900011410145281-abc12335-65396-worker-0:126:6653 [0] NCCL INFO Channel 13/32 :    0   1
vcjob-2107900011410145281-abc12335-65396-worker-0:126:6653 [0] NCCL INFO Channel 14/32 :    0   1
vcjob-2107900011410145281-abc12335-65396-worker-0:126:6653 [0] NCCL INFO Channel 15/32 :    0   1
vcjob-2107900011410145281-abc12335-65396-worker-0:126:6653 [0] NCCL INFO Channel 16/32 :    0   1
vcjob-2107900011410145281-abc12335-65396-worker-0:126:6653 [0] NCCL INFO Channel 17/32 :    0   1
vcjob-2107900011410145281-abc12335-65396-worker-0:126:6653 [0] NCCL INFO Channel 18/32 :    0   1
vcjob-2107900011410145281-abc12335-65396-worker-0:126:6653 [0] NCCL INFO Channel 19/32 :    0   1
vcjob-2107900011410145281-abc12335-65396-worker-0:126:6653 [0] NCCL INFO Channel 20/32 :    0   1
vcjob-2107900011410145281-abc12335-65396-worker-0:126:6653 [0] NCCL INFO Channel 21/32 :    0   1
vcjob-2107900011410145281-abc12335-65396-worker-0:126:6653 [0] NCCL INFO Channel 22/32 :    0   1
vcjob-2107900011410145281-abc12335-65396-worker-0:126:6653 [0] NCCL INFO Channel 23/32 :    0   1
vcjob-2107900011410145281-abc12335-65396-worker-0:126:6653 [0] NCCL INFO Channel 24/32 :    0   1
vcjob-2107900011410145281-abc12335-65396-worker-0:126:6653 [0] NCCL INFO Channel 25/32 :    0   1
vcjob-2107900011410145281-abc12335-65396-worker-0:126:6653 [0] NCCL INFO Channel 26/32 :    0   1
vcjob-2107900011410145281-abc12335-65396-worker-0:126:6653 [0] NCCL INFO Channel 27/32 :    0   1
vcjob-2107900011410145281-abc12335-65396-worker-0:126:6653 [0] NCCL INFO Channel 28/32 :    0   1
vcjob-2107900011410145281-abc12335-65396-worker-0:126:6653 [0] NCCL INFO Channel 29/32 :    0   1
vcjob-2107900011410145281-abc12335-65396-worker-0:126:6653 [0] NCCL INFO Channel 30/32 :    0   1
vcjob-2107900011410145281-abc12335-65396-worker-0:126:6653 [0] NCCL INFO Channel 31/32 :    0   1
vcjob-2107900011410145281-abc12335-65396-worker-0:126:6653 [0] NCCL INFO Trees [0] 1/-1/-1->0->-1 [1] -1/-1/-1->0->1 [2] 1/-1/-1->0->-1 [3] -1/-1/-1->0->1 [4] 1/-1/-1->0->-1 [5] -1/-1/-1->0->1 [6] 1/-1/-1->0->-1 [7] -1/-1/-1->0->1 [8] 1/-1/-1->0->-1 [9] -1/-1/-1->0->1 [10] 1/-1/-1->0->-1 [11] -1/-1/-1->0->1 [12] 1/-1/-1->0->-1 [13] -1/-1/-1->0->1 [14] 1/-1/-1->0->-1 [15] -1/-1/-1->0->1 [16] 1/-1/-1->0->-1 [17] -1/-1/-1->0->1 [18] 1/-1/-1->0->-1 [19] -1/-1/-1->0->1 [20] 1/-1/-1->0->-1 [21] -1/-1/-1->0->1 [22] 1/-1/-1->0->-1 [23] -1/-1/-1->0->1 [24] 1/-1/-1->0->-1 [25] -1/-1/-1->0->1 [26] 1/-1/-1->0->-1 [27] -1/-1/-1->0->1 [28] 1/-1/-1->0->-1 [29] -1/-1/-1->0->1 [30] 1/-1/-1->0->-1 [31] -1/-1/-1->0->1 comm 0x556e3df47970 nRanks 02 busId 9000
vcjob-2107900011410145281-abc12335-65396-worker-0:126:6653 [0] NCCL INFO P2P Chunksize set to 131072
vcjob-2107900011410145281-abc12335-65396-worker-0:126:6653 [0] NCCL INFO comm->autoPerPeerOn: 1, comm->p2pnChannels: 32, comm->p2pnChannelsPerPeer: 32
vcjob-2107900011410145281-abc12335-65396-worker-0:126:6653 [0] NCCL INFO Channel 00/0 : 1[d5000] -> 0[9000] [receive] via NET/Socket/0 comm 0x556e3df47970 nRanks 02
vcjob-2107900011410145281-abc12335-65396-worker-0:126:6653 [0] NCCL INFO Channel 01/0 : 1[d5000] -> 0[9000] [receive] via NET/Socket/0 comm 0x556e3df47970 nRanks 02
vcjob-2107900011410145281-abc12335-65396-worker-0:126:6653 [0] NCCL INFO Channel 02/0 : 1[d5000] -> 0[9000] [receive] via NET/Socket/0 comm 0x556e3df47970 nRanks 02
vcjob-2107900011410145281-abc12335-65396-worker-0:126:6653 [0] NCCL INFO Channel 03/0 : 1[d5000] -> 0[9000] [receive] via NET/Socket/0 comm 0x556e3df47970 nRanks 02
vcjob-2107900011410145281-abc12335-65396-worker-0:126:6653 [0] NCCL INFO Channel 04/0 : 1[d5000] -> 0[9000] [receive] via NET/Socket/0 comm 0x556e3df47970 nRanks 02
vcjob-2107900011410145281-abc12335-65396-worker-0:126:6653 [0] NCCL INFO Channel 05/0 : 1[d5000] -> 0[9000] [receive] via NET/Socket/0 comm 0x556e3df47970 nRanks 02
vcjob-2107900011410145281-abc12335-65396-worker-0:126:6653 [0] NCCL INFO Channel 06/0 : 1[d5000] -> 0[9000] [receive] via NET/Socket/0 comm 0x556e3df47970 nRanks 02
vcjob-2107900011410145281-abc12335-65396-worker-0:126:6653 [0] NCCL INFO Channel 07/0 : 1[d5000] -> 0[9000] [receive] via NET/Socket/0 comm 0x556e3df47970 nRanks 02
vcjob-2107900011410145281-abc12335-65396-worker-0:126:6653 [0] NCCL INFO Channel 08/0 : 1[d5000] -> 0[9000] [receive] via NET/Socket/0 comm 0x556e3df47970 nRanks 02
vcjob-2107900011410145281-abc12335-65396-worker-0:126:6653 [0] NCCL INFO Channel 09/0 : 1[d5000] -> 0[9000] [receive] via NET/Socket/0 comm 0x556e3df47970 nRanks 02
vcjob-2107900011410145281-abc12335-65396-worker-0:126:6653 [0] NCCL INFO Channel 10/0 : 1[d5000] -> 0[9000] [receive] via NET/Socket/0 comm 0x556e3df47970 nRanks 02
vcjob-2107900011410145281-abc12335-65396-worker-0:126:6653 [0] NCCL INFO Channel 11/0 : 1[d5000] -> 0[9000] [receive] via NET/Socket/0 comm 0x556e3df47970 nRanks 02
vcjob-2107900011410145281-abc12335-65396-worker-0:126:6653 [0] NCCL INFO Channel 12/0 : 1[d5000] -> 0[9000] [receive] via NET/Socket/0 comm 0x556e3df47970 nRanks 02
vcjob-2107900011410145281-abc12335-65396-worker-0:126:6653 [0] NCCL INFO Channel 13/0 : 1[d5000] -> 0[9000] [receive] via NET/Socket/0 comm 0x556e3df47970 nRanks 02
vcjob-2107900011410145281-abc12335-65396-worker-0:126:6653 [0] NCCL INFO Channel 14/0 : 1[d5000] -> 0[9000] [receive] via NET/Socket/0 comm 0x556e3df47970 nRanks 02
vcjob-2107900011410145281-abc12335-65396-worker-0:126:6653 [0] NCCL INFO Channel 15/0 : 1[d5000] -> 0[9000] [receive] via NET/Socket/0 comm 0x556e3df47970 nRanks 02
vcjob-2107900011410145281-abc12335-65396-worker-0:126:6653 [0] NCCL INFO Channel 16/0 : 1[d5000] -> 0[9000] [receive] via NET/Socket/0 comm 0x556e3df47970 nRanks 02
vcjob-2107900011410145281-abc12335-65396-worker-0:126:6653 [0] NCCL INFO Channel 17/0 : 1[d5000] -> 0[9000] [receive] via NET/Socket/0 comm 0x556e3df47970 nRanks 02
vcjob-2107900011410145281-abc12335-65396-worker-0:126:6653 [0] NCCL INFO Channel 18/0 : 1[d5000] -> 0[9000] [receive] via NET/Socket/0 comm 0x556e3df47970 nRanks 02
vcjob-2107900011410145281-abc12335-65396-worker-0:126:6653 [0] NCCL INFO Channel 19/0 : 1[d5000] -> 0[9000] [receive] via NET/Socket/0 comm 0x556e3df47970 nRanks 02
vcjob-2107900011410145281-abc12335-65396-worker-0:126:6653 [0] NCCL INFO Channel 20/0 : 1[d5000] -> 0[9000] [receive] via NET/Socket/0 comm 0x556e3df47970 nRanks 02
vcjob-2107900011410145281-abc12335-65396-worker-0:126:6653 [0] NCCL INFO Channel 21/0 : 1[d5000] -> 0[9000] [receive] via NET/Socket/0 comm 0x556e3df47970 nRanks 02
vcjob-2107900011410145281-abc12335-65396-worker-0:126:6653 [0] NCCL INFO Channel 22/0 : 1[d5000] -> 0[9000] [receive] via NET/Socket/0 comm 0x556e3df47970 nRanks 02
vcjob-2107900011410145281-abc12335-65396-worker-0:126:6653 [0] NCCL INFO Channel 23/0 : 1[d5000] -> 0[9000] [receive] via NET/Socket/0 comm 0x556e3df47970 nRanks 02
vcjob-2107900011410145281-abc12335-65396-worker-0:126:6653 [0] NCCL INFO Channel 24/0 : 1[d5000] -> 0[9000] [receive] via NET/Socket/0 comm 0x556e3df47970 nRanks 02
vcjob-2107900011410145281-abc12335-65396-worker-0:126:6653 [0] NCCL INFO Channel 25/0 : 1[d5000] -> 0[9000] [receive] via NET/Socket/0 comm 0x556e3df47970 nRanks 02
vcjob-2107900011410145281-abc12335-65396-worker-0:126:6653 [0] NCCL INFO Channel 26/0 : 1[d5000] -> 0[9000] [receive] via NET/Socket/0 comm 0x556e3df47970 nRanks 02
vcjob-2107900011410145281-abc12335-65396-worker-0:126:6653 [0] NCCL INFO Channel 27/0 : 1[d5000] -> 0[9000] [receive] via NET/Socket/0 comm 0x556e3df47970 nRanks 02
vcjob-2107900011410145281-abc12335-65396-worker-0:126:6653 [0] NCCL INFO Channel 28/0 : 1[d5000] -> 0[9000] [receive] via NET/Socket/0 comm 0x556e3df47970 nRanks 02
vcjob-2107900011410145281-abc12335-65396-worker-0:126:6653 [0] NCCL INFO Channel 29/0 : 1[d5000] -> 0[9000] [receive] via NET/Socket/0 comm 0x556e3df47970 nRanks 02
vcjob-2107900011410145281-abc12335-65396-worker-0:126:6653 [0] NCCL INFO Channel 30/0 : 1[d5000] -> 0[9000] [receive] via NET/Socket/0 comm 0x556e3df47970 nRanks 02
vcjob-2107900011410145281-abc12335-65396-worker-0:126:6653 [0] NCCL INFO Channel 31/0 : 1[d5000] -> 0[9000] [receive] via NET/Socket/0 comm 0x556e3df47970 nRanks 02
vcjob-2107900011410145281-abc12335-65396-worker-0:126:6653 [0] NCCL INFO Channel 00/0 : 0[9000] -> 1[d5000] [send] via NET/Socket/0 comm 0x556e3df47970 nRanks 02
vcjob-2107900011410145281-abc12335-65396-worker-0:126:6653 [0] NCCL INFO Channel 01/0 : 0[9000] -> 1[d5000] [send] via NET/Socket/0 comm 0x556e3df47970 nRanks 02
vcjob-2107900011410145281-abc12335-65396-worker-0:126:6653 [0] NCCL INFO Channel 02/0 : 0[9000] -> 1[d5000] [send] via NET/Socket/0 comm 0x556e3df47970 nRanks 02
vcjob-2107900011410145281-abc12335-65396-worker-0:126:6653 [0] NCCL INFO Channel 03/0 : 0[9000] -> 1[d5000] [send] via NET/Socket/0 comm 0x556e3df47970 nRanks 02
vcjob-2107900011410145281-abc12335-65396-worker-0:126:6653 [0] NCCL INFO Channel 04/0 : 0[9000] -> 1[d5000] [send] via NET/Socket/0 comm 0x556e3df47970 nRanks 02
vcjob-2107900011410145281-abc12335-65396-worker-0:126:6653 [0] NCCL INFO Channel 05/0 : 0[9000] -> 1[d5000] [send] via NET/Socket/0 comm 0x556e3df47970 nRanks 02
vcjob-2107900011410145281-abc12335-65396-worker-0:126:6653 [0] NCCL INFO Channel 06/0 : 0[9000] -> 1[d5000] [send] via NET/Socket/0 comm 0x556e3df47970 nRanks 02
vcjob-2107900011410145281-abc12335-65396-worker-0:126:6653 [0] NCCL INFO Channel 07/0 : 0[9000] -> 1[d5000] [send] via NET/Socket/0 comm 0x556e3df47970 nRanks 02
vcjob-2107900011410145281-abc12335-65396-worker-0:126:6653 [0] NCCL INFO Channel 08/0 : 0[9000] -> 1[d5000] [send] via NET/Socket/0 comm 0x556e3df47970 nRanks 02
vcjob-2107900011410145281-abc12335-65396-worker-0:126:6653 [0] NCCL INFO Channel 09/0 : 0[9000] -> 1[d5000] [send] via NET/Socket/0 comm 0x556e3df47970 nRanks 02
vcjob-2107900011410145281-abc12335-65396-worker-0:126:6653 [0] NCCL INFO Channel 10/0 : 0[9000] -> 1[d5000] [send] via NET/Socket/0 comm 0x556e3df47970 nRanks 02
vcjob-2107900011410145281-abc12335-65396-worker-0:126:6653 [0] NCCL INFO Channel 11/0 : 0[9000] -> 1[d5000] [send] via NET/Socket/0 comm 0x556e3df47970 nRanks 02
vcjob-2107900011410145281-abc12335-65396-worker-0:126:6653 [0] NCCL INFO Channel 12/0 : 0[9000] -> 1[d5000] [send] via NET/Socket/0 comm 0x556e3df47970 nRanks 02
vcjob-2107900011410145281-abc12335-65396-worker-0:126:6653 [0] NCCL INFO Channel 13/0 : 0[9000] -> 1[d5000] [send] via NET/Socket/0 comm 0x556e3df47970 nRanks 02
vcjob-2107900011410145281-abc12335-65396-worker-0:126:6653 [0] NCCL INFO Channel 14/0 : 0[9000] -> 1[d5000] [send] via NET/Socket/0 comm 0x556e3df47970 nRanks 02
vcjob-2107900011410145281-abc12335-65396-worker-0:126:6653 [0] NCCL INFO Channel 15/0 : 0[9000] -> 1[d5000] [send] via NET/Socket/0 comm 0x556e3df47970 nRanks 02
vcjob-2107900011410145281-abc12335-65396-worker-0:126:6653 [0] NCCL INFO Channel 16/0 : 0[9000] -> 1[d5000] [send] via NET/Socket/0 comm 0x556e3df47970 nRanks 02
vcjob-2107900011410145281-abc12335-65396-worker-0:126:6653 [0] NCCL INFO Channel 17/0 : 0[9000] -> 1[d5000] [send] via NET/Socket/0 comm 0x556e3df47970 nRanks 02
vcjob-2107900011410145281-abc12335-65396-worker-0:126:6653 [0] NCCL INFO Channel 18/0 : 0[9000] -> 1[d5000] [send] via NET/Socket/0 comm 0x556e3df47970 nRanks 02
vcjob-2107900011410145281-abc12335-65396-worker-0:126:6653 [0] NCCL INFO Channel 19/0 : 0[9000] -> 1[d5000] [send] via NET/Socket/0 comm 0x556e3df47970 nRanks 02
vcjob-2107900011410145281-abc12335-65396-worker-0:126:6653 [0] NCCL INFO Channel 20/0 : 0[9000] -> 1[d5000] [send] via NET/Socket/0 comm 0x556e3df47970 nRanks 02
vcjob-2107900011410145281-abc12335-65396-worker-0:126:6653 [0] NCCL INFO Channel 21/0 : 0[9000] -> 1[d5000] [send] via NET/Socket/0 comm 0x556e3df47970 nRanks 02
vcjob-2107900011410145281-abc12335-65396-worker-0:126:6653 [0] NCCL INFO Channel 22/0 : 0[9000] -> 1[d5000] [send] via NET/Socket/0 comm 0x556e3df47970 nRanks 02
vcjob-2107900011410145281-abc12335-65396-worker-0:126:6653 [0] NCCL INFO Channel 23/0 : 0[9000] -> 1[d5000] [send] via NET/Socket/0 comm 0x556e3df47970 nRanks 02
vcjob-2107900011410145281-abc12335-65396-worker-0:126:6653 [0] NCCL INFO Channel 24/0 : 0[9000] -> 1[d5000] [send] via NET/Socket/0 comm 0x556e3df47970 nRanks 02
vcjob-2107900011410145281-abc12335-65396-worker-0:126:6653 [0] NCCL INFO Channel 25/0 : 0[9000] -> 1[d5000] [send] via NET/Socket/0 comm 0x556e3df47970 nRanks 02
vcjob-2107900011410145281-abc12335-65396-worker-0:126:6653 [0] NCCL INFO Channel 26/0 : 0[9000] -> 1[d5000] [send] via NET/Socket/0 comm 0x556e3df47970 nRanks 02
vcjob-2107900011410145281-abc12335-65396-worker-0:126:6653 [0] NCCL INFO Channel 27/0 : 0[9000] -> 1[d5000] [send] via NET/Socket/0 comm 0x556e3df47970 nRanks 02
vcjob-2107900011410145281-abc12335-65396-worker-0:126:6653 [0] NCCL INFO Channel 28/0 : 0[9000] -> 1[d5000] [send] via NET/Socket/0 comm 0x556e3df47970 nRanks 02
vcjob-2107900011410145281-abc12335-65396-worker-0:126:6653 [0] NCCL INFO Channel 29/0 : 0[9000] -> 1[d5000] [send] via NET/Socket/0 comm 0x556e3df47970 nRanks 02
vcjob-2107900011410145281-abc12335-65396-worker-0:126:6653 [0] NCCL INFO Channel 30/0 : 0[9000] -> 1[d5000] [send] via NET/Socket/0 comm 0x556e3df47970 nRanks 02
vcjob-2107900011410145281-abc12335-65396-worker-0:126:6653 [0] NCCL INFO Channel 31/0 : 0[9000] -> 1[d5000] [send] via NET/Socket/0 comm 0x556e3df47970 nRanks 02
vcjob-2107900011410145281-abc12335-65396-worker-0:126:6653 [0] NCCL INFO Connected all rings
vcjob-2107900011410145281-abc12335-65396-worker-0:126:6653 [0] NCCL INFO Connected all trees
vcjob-2107900011410145281-abc12335-65396-worker-0:126:6653 [0] NCCL INFO threadThresholds 8/8/64 | 16/8/64 | 256 | 256
vcjob-2107900011410145281-abc12335-65396-worker-0:126:6653 [0] NCCL INFO 32 coll channels, 32 collnet channels, 0 nvls channels, 32 p2p channels, 32 p2p channels per peer
vcjob-2107900011410145281-abc12335-65396-worker-0:126:6653 [0] NCCL INFO CC Off, Multi-GPU CC Off, workFifoBytes 4194304
vcjob-2107900011410145281-abc12335-65396-worker-0:126:6653 [0] NCCL INFO ncclCommInitRank comm 0x556e3df47970 rank 0 nranks 2 cudaDev 0 nvmlDev 0 busId 9000 commId 0xb843a9d1933157f3 localSize 480 used 1887460496 bytes on core 8 - Init COMPLETE
vcjob-2107900011410145281-abc12335-65396-worker-0:126:6653 [0] NCCL INFO Init timings: rank 0 nranks 2 total 0.25 (kernels 0.00, bootstrap 0.00, allgathers 0.01, topo 0.09, graphs 0.00, connections 0.14, rest 0.00)
I1008 02:25:35.459865   126 ProcessGroupNCCL.cpp:2890] [PG ID 0 PG GUID 0(default_pg) Rank 0] NCCL_DEBUG: INFO
vcjob-2107900011410145281-abc12335-65396-worker-0:126:6657 [0] NCCL INFO Channel 01/1 : 1[d5000] -> 0[9000] [receive] via NET/Socket/0/Shared comm 0x556e3df47970 nRanks 02
vcjob-2107900011410145281-abc12335-65396-worker-0:126:6657 [0] NCCL INFO Channel 03/1 : 1[d5000] -> 0[9000] [receive] via NET/Socket/0/Shared comm 0x556e3df47970 nRanks 02
vcjob-2107900011410145281-abc12335-65396-worker-0:126:6657 [0] NCCL INFO Channel 05/1 : 1[d5000] -> 0[9000] [receive] via NET/Socket/0/Shared comm 0x556e3df47970 nRanks 02
vcjob-2107900011410145281-abc12335-65396-worker-0:126:6657 [0] NCCL INFO Channel 07/1 : 1[d5000] -> 0[9000] [receive] via NET/Socket/0/Shared comm 0x556e3df47970 nRanks 02
vcjob-2107900011410145281-abc12335-65396-worker-0:126:6657 [0] NCCL INFO Channel 09/1 : 1[d5000] -> 0[9000] [receive] via NET/Socket/0/Shared comm 0x556e3df47970 nRanks 02
vcjob-2107900011410145281-abc12335-65396-worker-0:126:6657 [0] NCCL INFO Channel 11/1 : 1[d5000] -> 0[9000] [receive] via NET/Socket/0/Shared comm 0x556e3df47970 nRanks 02
vcjob-2107900011410145281-abc12335-65396-worker-0:126:6657 [0] NCCL INFO Channel 13/1 : 1[d5000] -> 0[9000] [receive] via NET/Socket/0/Shared comm 0x556e3df47970 nRanks 02
vcjob-2107900011410145281-abc12335-65396-worker-0:126:6657 [0] NCCL INFO Channel 15/1 : 1[d5000] -> 0[9000] [receive] via NET/Socket/0/Shared comm 0x556e3df47970 nRanks 02
vcjob-2107900011410145281-abc12335-65396-worker-0:126:6657 [0] NCCL INFO Channel 17/1 : 1[d5000] -> 0[9000] [receive] via NET/Socket/0/Shared comm 0x556e3df47970 nRanks 02
vcjob-2107900011410145281-abc12335-65396-worker-0:126:6657 [0] NCCL INFO Channel 19/1 : 1[d5000] -> 0[9000] [receive] via NET/Socket/0/Shared comm 0x556e3df47970 nRanks 02
vcjob-2107900011410145281-abc12335-65396-worker-0:126:6657 [0] NCCL INFO Channel 21/1 : 1[d5000] -> 0[9000] [receive] via NET/Socket/0/Shared comm 0x556e3df47970 nRanks 02
vcjob-2107900011410145281-abc12335-65396-worker-0:126:6657 [0] NCCL INFO Channel 23/1 : 1[d5000] -> 0[9000] [receive] via NET/Socket/0/Shared comm 0x556e3df47970 nRanks 02
vcjob-2107900011410145281-abc12335-65396-worker-0:126:6657 [0] NCCL INFO Channel 25/1 : 1[d5000] -> 0[9000] [receive] via NET/Socket/0/Shared comm 0x556e3df47970 nRanks 02
vcjob-2107900011410145281-abc12335-65396-worker-0:126:6657 [0] NCCL INFO Channel 27/1 : 1[d5000] -> 0[9000] [receive] via NET/Socket/0/Shared comm 0x556e3df47970 nRanks 02
vcjob-2107900011410145281-abc12335-65396-worker-0:126:6657 [0] NCCL INFO Channel 29/1 : 1[d5000] -> 0[9000] [receive] via NET/Socket/0/Shared comm 0x556e3df47970 nRanks 02
vcjob-2107900011410145281-abc12335-65396-worker-0:126:6657 [0] NCCL INFO Channel 31/1 : 1[d5000] -> 0[9000] [receive] via NET/Socket/0/Shared comm 0x556e3df47970 nRanks 02

vcjob-2107900011410145281-abc12335-65396-worker-0:126:126 [0] /data/jenkins_workspace/workspace/rccl_release/build/hipify/src/init.cc:170 NCCL WARN NUMA auto balancing enabled which can lead to variability in the RCCL performance! Disable by "sudo sysctl kernel.numa_balancing=0"
vcjob-2107900011410145281-abc12335-65396-worker-0:126:126 [0] NCCL INFO Kernel version: 5.15.0-25-generic

vcjob-2107900011410145281-abc12335-65396-worker-0:126:126 [0] /data/jenkins_workspace/workspace/rccl_release/build/hipify/src/init.cc:191 NCCL WARN Missing "iommu=pt" from kernel command line which can lead to system instablity or hang!
I1008 02:25:35.500660   126 ProcessGroupNCCL.cpp:2857] [PG ID 0 PG GUID 0(default_pg) Rank 0] ProcessGroupNCCL broadcast unique ID through store took 0.03583 ms
I1008 02:25:35.500679   126 NCCLUtils.cpp:75] Rank 0: creating NCCL communicator with mode: blocking

vcjob-2107900011410145281-abc12335-65396-worker-0:126:126 [0] /data/jenkins_workspace/workspace/rccl_release/build/hipify/src/init.cc:170 NCCL WARN NUMA auto balancing enabled which can lead to variability in the RCCL performance! Disable by "sudo sysctl kernel.numa_balancing=0"
vcjob-2107900011410145281-abc12335-65396-worker-0:126:126 [0] NCCL INFO Kernel version: 5.15.0-25-generic

vcjob-2107900011410145281-abc12335-65396-worker-0:126:126 [0] /data/jenkins_workspace/workspace/rccl_release/build/hipify/src/init.cc:191 NCCL WARN Missing "iommu=pt" from kernel command line which can lead to system instablity or hang!
vcjob-2107900011410145281-abc12335-65396-worker-0:126:126 [0] NCCL INFO Comm config Blocking set to 1
vcjob-2107900011410145281-abc12335-65396-worker-0:126:6659 [0] NCCL INFO Using network Socket
vcjob-2107900011410145281-abc12335-65396-worker-0:126:6659 [0] NCCL INFO rocm_smi_lib: version 7.6.0.0
vcjob-2107900011410145281-abc12335-65396-worker-0:126:6659 [0] NCCL INFO ncclCommInitRank comm 0x556e3e019940 rank 0 nranks 2 cudaDev 0 nvmlDev 0 busId 9000 commId 0x8f2b1212e62c2ad4 - Init START
vcjob-2107900011410145281-abc12335-65396-worker-0:126:6659 [0] NCCL INFO rank:0 get match hsa dev domain:0x0 bdf:0x900 rank busId:0x36864
vcjob-2107900011410145281-abc12335-65396-worker-0:126:6659 [0] NCCL INFO XDP Switch is off with xdp_size : 0

vcjob-2107900011410145281-abc12335-65396-worker-0:126:6659 [0] /data/jenkins_workspace/workspace/rccl_release/build/hipify/src/graph/xml.cc:1211 NCCL WARN No IB NIC found, the generation of the basic topology has been terminated.
vcjob-2107900011410145281-abc12335-65396-worker-0:126:6659 [0] NCCL INFO rocm_smi_lib: version 7.6.0.0
vcjob-2107900011410145281-abc12335-65396-worker-0:126:6659 [0] NCCL INFO Setting affinity for GPU 0 to ffff
vcjob-2107900011410145281-abc12335-65396-worker-0:126:6659 [0] NCCL INFO Rank:0 Get link topo from rocmDev:0 linkNum:8 link:0 linkState:1 remote type:1 bdf:0x9b00 topoType:2
vcjob-2107900011410145281-abc12335-65396-worker-0:126:6659 [0] NCCL INFO Transport init rank 0 useXdp 0 linkTopoType 2
vcjob-2107900011410145281-abc12335-65396-worker-0:126:6659 [0] NCCL INFO comm 0x556e3e019940 rank 0 nRanks 2 nNodes 2 localRanks 1 localRank 0 MNNVL 0
vcjob-2107900011410145281-abc12335-65396-worker-0:126:6659 [0] NCCL INFO Channel 00/32 :    0   1
vcjob-2107900011410145281-abc12335-65396-worker-0:126:6659 [0] NCCL INFO Channel 01/32 :    0   1
vcjob-2107900011410145281-abc12335-65396-worker-0:126:6659 [0] NCCL INFO Channel 02/32 :    0   1
vcjob-2107900011410145281-abc12335-65396-worker-0:126:6659 [0] NCCL INFO Channel 03/32 :    0   1
vcjob-2107900011410145281-abc12335-65396-worker-0:126:6659 [0] NCCL INFO Channel 04/32 :    0   1
vcjob-2107900011410145281-abc12335-65396-worker-0:126:6659 [0] NCCL INFO Channel 05/32 :    0   1
vcjob-2107900011410145281-abc12335-65396-worker-0:126:6659 [0] NCCL INFO Channel 06/32 :    0   1
vcjob-2107900011410145281-abc12335-65396-worker-0:126:6659 [0] NCCL INFO Channel 07/32 :    0   1
vcjob-2107900011410145281-abc12335-65396-worker-0:126:6659 [0] NCCL INFO Channel 08/32 :    0   1
vcjob-2107900011410145281-abc12335-65396-worker-0:126:6659 [0] NCCL INFO Channel 09/32 :    0   1
vcjob-2107900011410145281-abc12335-65396-worker-0:126:6659 [0] NCCL INFO Channel 10/32 :    0   1
vcjob-2107900011410145281-abc12335-65396-worker-0:126:6659 [0] NCCL INFO Channel 11/32 :    0   1
vcjob-2107900011410145281-abc12335-65396-worker-0:126:6659 [0] NCCL INFO Channel 12/32 :    0   1
vcjob-2107900011410145281-abc12335-65396-worker-0:126:6659 [0] NCCL INFO Channel 13/32 :    0   1
vcjob-2107900011410145281-abc12335-65396-worker-0:126:6659 [0] NCCL INFO Channel 14/32 :    0   1
vcjob-2107900011410145281-abc12335-65396-worker-0:126:6659 [0] NCCL INFO Channel 15/32 :    0   1
vcjob-2107900011410145281-abc12335-65396-worker-0:126:6659 [0] NCCL INFO Channel 16/32 :    0   1
vcjob-2107900011410145281-abc12335-65396-worker-0:126:6659 [0] NCCL INFO Channel 17/32 :    0   1
vcjob-2107900011410145281-abc12335-65396-worker-0:126:6659 [0] NCCL INFO Channel 18/32 :    0   1
vcjob-2107900011410145281-abc12335-65396-worker-0:126:6659 [0] NCCL INFO Channel 19/32 :    0   1
vcjob-2107900011410145281-abc12335-65396-worker-0:126:6659 [0] NCCL INFO Channel 20/32 :    0   1
vcjob-2107900011410145281-abc12335-65396-worker-0:126:6659 [0] NCCL INFO Channel 21/32 :    0   1
vcjob-2107900011410145281-abc12335-65396-worker-0:126:6659 [0] NCCL INFO Channel 22/32 :    0   1
vcjob-2107900011410145281-abc12335-65396-worker-0:126:6659 [0] NCCL INFO Channel 23/32 :    0   1
vcjob-2107900011410145281-abc12335-65396-worker-0:126:6659 [0] NCCL INFO Channel 24/32 :    0   1
vcjob-2107900011410145281-abc12335-65396-worker-0:126:6659 [0] NCCL INFO Channel 25/32 :    0   1
vcjob-2107900011410145281-abc12335-65396-worker-0:126:6659 [0] NCCL INFO Channel 26/32 :    0   1
vcjob-2107900011410145281-abc12335-65396-worker-0:126:6659 [0] NCCL INFO Channel 27/32 :    0   1
vcjob-2107900011410145281-abc12335-65396-worker-0:126:6659 [0] NCCL INFO Channel 28/32 :    0   1
vcjob-2107900011410145281-abc12335-65396-worker-0:126:6659 [0] NCCL INFO Channel 29/32 :    0   1
vcjob-2107900011410145281-abc12335-65396-worker-0:126:6659 [0] NCCL INFO Channel 30/32 :    0   1
vcjob-2107900011410145281-abc12335-65396-worker-0:126:6659 [0] NCCL INFO Channel 31/32 :    0   1
vcjob-2107900011410145281-abc12335-65396-worker-0:126:6659 [0] NCCL INFO Trees [0] 1/-1/-1->0->-1 [1] -1/-1/-1->0->1 [2] 1/-1/-1->0->-1 [3] -1/-1/-1->0->1 [4] 1/-1/-1->0->-1 [5] -1/-1/-1->0->1 [6] 1/-1/-1->0->-1 [7] -1/-1/-1->0->1 [8] 1/-1/-1->0->-1 [9] -1/-1/-1->0->1 [10] 1/-1/-1->0->-1 [11] -1/-1/-1->0->1 [12] 1/-1/-1->0->-1 [13] -1/-1/-1->0->1 [14] 1/-1/-1->0->-1 [15] -1/-1/-1->0->1 [16] 1/-1/-1->0->-1 [17] -1/-1/-1->0->1 [18] 1/-1/-1->0->-1 [19] -1/-1/-1->0->1 [20] 1/-1/-1->0->-1 [21] -1/-1/-1->0->1 [22] 1/-1/-1->0->-1 [23] -1/-1/-1->0->1 [24] 1/-1/-1->0->-1 [25] -1/-1/-1->0->1 [26] 1/-1/-1->0->-1 [27] -1/-1/-1->0->1 [28] 1/-1/-1->0->-1 [29] -1/-1/-1->0->1 [30] 1/-1/-1->0->-1 [31] -1/-1/-1->0->1 comm 0x556e3e019940 nRanks 02 busId 9000
vcjob-2107900011410145281-abc12335-65396-worker-0:126:6659 [0] NCCL INFO P2P Chunksize set to 131072
vcjob-2107900011410145281-abc12335-65396-worker-0:126:6659 [0] NCCL INFO comm->autoPerPeerOn: 1, comm->p2pnChannels: 32, comm->p2pnChannelsPerPeer: 32
vcjob-2107900011410145281-abc12335-65396-worker-0:126:6659 [0] NCCL INFO Channel 00/0 : 1[f5000] -> 0[9000] [receive] via NET/Socket/0 comm 0x556e3e019940 nRanks 02
vcjob-2107900011410145281-abc12335-65396-worker-0:126:6659 [0] NCCL INFO Channel 01/0 : 1[f5000] -> 0[9000] [receive] via NET/Socket/0 comm 0x556e3e019940 nRanks 02
vcjob-2107900011410145281-abc12335-65396-worker-0:126:6659 [0] NCCL INFO Channel 02/0 : 1[f5000] -> 0[9000] [receive] via NET/Socket/0 comm 0x556e3e019940 nRanks 02
vcjob-2107900011410145281-abc12335-65396-worker-0:126:6659 [0] NCCL INFO Channel 03/0 : 1[f5000] -> 0[9000] [receive] via NET/Socket/0 comm 0x556e3e019940 nRanks 02
vcjob-2107900011410145281-abc12335-65396-worker-0:126:6659 [0] NCCL INFO Channel 04/0 : 1[f5000] -> 0[9000] [receive] via NET/Socket/0 comm 0x556e3e019940 nRanks 02
vcjob-2107900011410145281-abc12335-65396-worker-0:126:6659 [0] NCCL INFO Channel 05/0 : 1[f5000] -> 0[9000] [receive] via NET/Socket/0 comm 0x556e3e019940 nRanks 02
vcjob-2107900011410145281-abc12335-65396-worker-0:126:6659 [0] NCCL INFO Channel 06/0 : 1[f5000] -> 0[9000] [receive] via NET/Socket/0 comm 0x556e3e019940 nRanks 02
vcjob-2107900011410145281-abc12335-65396-worker-0:126:6659 [0] NCCL INFO Channel 07/0 : 1[f5000] -> 0[9000] [receive] via NET/Socket/0 comm 0x556e3e019940 nRanks 02
vcjob-2107900011410145281-abc12335-65396-worker-0:126:6659 [0] NCCL INFO Channel 08/0 : 1[f5000] -> 0[9000] [receive] via NET/Socket/0 comm 0x556e3e019940 nRanks 02
vcjob-2107900011410145281-abc12335-65396-worker-0:126:6659 [0] NCCL INFO Channel 09/0 : 1[f5000] -> 0[9000] [receive] via NET/Socket/0 comm 0x556e3e019940 nRanks 02
vcjob-2107900011410145281-abc12335-65396-worker-0:126:6659 [0] NCCL INFO Channel 10/0 : 1[f5000] -> 0[9000] [receive] via NET/Socket/0 comm 0x556e3e019940 nRanks 02
vcjob-2107900011410145281-abc12335-65396-worker-0:126:6659 [0] NCCL INFO Channel 11/0 : 1[f5000] -> 0[9000] [receive] via NET/Socket/0 comm 0x556e3e019940 nRanks 02
vcjob-2107900011410145281-abc12335-65396-worker-0:126:6659 [0] NCCL INFO Channel 12/0 : 1[f5000] -> 0[9000] [receive] via NET/Socket/0 comm 0x556e3e019940 nRanks 02
vcjob-2107900011410145281-abc12335-65396-worker-0:126:6659 [0] NCCL INFO Channel 13/0 : 1[f5000] -> 0[9000] [receive] via NET/Socket/0 comm 0x556e3e019940 nRanks 02
vcjob-2107900011410145281-abc12335-65396-worker-0:126:6659 [0] NCCL INFO Channel 14/0 : 1[f5000] -> 0[9000] [receive] via NET/Socket/0 comm 0x556e3e019940 nRanks 02
vcjob-2107900011410145281-abc12335-65396-worker-0:126:6659 [0] NCCL INFO Channel 15/0 : 1[f5000] -> 0[9000] [receive] via NET/Socket/0 comm 0x556e3e019940 nRanks 02
vcjob-2107900011410145281-abc12335-65396-worker-0:126:6659 [0] NCCL INFO Channel 16/0 : 1[f5000] -> 0[9000] [receive] via NET/Socket/0 comm 0x556e3e019940 nRanks 02
vcjob-2107900011410145281-abc12335-65396-worker-0:126:6659 [0] NCCL INFO Channel 17/0 : 1[f5000] -> 0[9000] [receive] via NET/Socket/0 comm 0x556e3e019940 nRanks 02
vcjob-2107900011410145281-abc12335-65396-worker-0:126:6659 [0] NCCL INFO Channel 18/0 : 1[f5000] -> 0[9000] [receive] via NET/Socket/0 comm 0x556e3e019940 nRanks 02
vcjob-2107900011410145281-abc12335-65396-worker-0:126:6659 [0] NCCL INFO Channel 19/0 : 1[f5000] -> 0[9000] [receive] via NET/Socket/0 comm 0x556e3e019940 nRanks 02
vcjob-2107900011410145281-abc12335-65396-worker-0:126:6659 [0] NCCL INFO Channel 20/0 : 1[f5000] -> 0[9000] [receive] via NET/Socket/0 comm 0x556e3e019940 nRanks 02
vcjob-2107900011410145281-abc12335-65396-worker-0:126:6659 [0] NCCL INFO Channel 21/0 : 1[f5000] -> 0[9000] [receive] via NET/Socket/0 comm 0x556e3e019940 nRanks 02
vcjob-2107900011410145281-abc12335-65396-worker-0:126:6659 [0] NCCL INFO Channel 22/0 : 1[f5000] -> 0[9000] [receive] via NET/Socket/0 comm 0x556e3e019940 nRanks 02
vcjob-2107900011410145281-abc12335-65396-worker-0:126:6659 [0] NCCL INFO Channel 23/0 : 1[f5000] -> 0[9000] [receive] via NET/Socket/0 comm 0x556e3e019940 nRanks 02
vcjob-2107900011410145281-abc12335-65396-worker-0:126:6659 [0] NCCL INFO Channel 24/0 : 1[f5000] -> 0[9000] [receive] via NET/Socket/0 comm 0x556e3e019940 nRanks 02
vcjob-2107900011410145281-abc12335-65396-worker-0:126:6659 [0] NCCL INFO Channel 25/0 : 1[f5000] -> 0[9000] [receive] via NET/Socket/0 comm 0x556e3e019940 nRanks 02
vcjob-2107900011410145281-abc12335-65396-worker-0:126:6659 [0] NCCL INFO Channel 26/0 : 1[f5000] -> 0[9000] [receive] via NET/Socket/0 comm 0x556e3e019940 nRanks 02
vcjob-2107900011410145281-abc12335-65396-worker-0:126:6659 [0] NCCL INFO Channel 27/0 : 1[f5000] -> 0[9000] [receive] via NET/Socket/0 comm 0x556e3e019940 nRanks 02
vcjob-2107900011410145281-abc12335-65396-worker-0:126:6659 [0] NCCL INFO Channel 28/0 : 1[f5000] -> 0[9000] [receive] via NET/Socket/0 comm 0x556e3e019940 nRanks 02
vcjob-2107900011410145281-abc12335-65396-worker-0:126:6659 [0] NCCL INFO Channel 29/0 : 1[f5000] -> 0[9000] [receive] via NET/Socket/0 comm 0x556e3e019940 nRanks 02
vcjob-2107900011410145281-abc12335-65396-worker-0:126:6659 [0] NCCL INFO Channel 30/0 : 1[f5000] -> 0[9000] [receive] via NET/Socket/0 comm 0x556e3e019940 nRanks 02
vcjob-2107900011410145281-abc12335-65396-worker-0:126:6659 [0] NCCL INFO Channel 31/0 : 1[f5000] -> 0[9000] [receive] via NET/Socket/0 comm 0x556e3e019940 nRanks 02
vcjob-2107900011410145281-abc12335-65396-worker-0:126:6659 [0] NCCL INFO Channel 00/0 : 0[9000] -> 1[f5000] [send] via NET/Socket/0 comm 0x556e3e019940 nRanks 02
vcjob-2107900011410145281-abc12335-65396-worker-0:126:6659 [0] NCCL INFO Channel 01/0 : 0[9000] -> 1[f5000] [send] via NET/Socket/0 comm 0x556e3e019940 nRanks 02
vcjob-2107900011410145281-abc12335-65396-worker-0:126:6659 [0] NCCL INFO Channel 02/0 : 0[9000] -> 1[f5000] [send] via NET/Socket/0 comm 0x556e3e019940 nRanks 02
vcjob-2107900011410145281-abc12335-65396-worker-0:126:6659 [0] NCCL INFO Channel 03/0 : 0[9000] -> 1[f5000] [send] via NET/Socket/0 comm 0x556e3e019940 nRanks 02
vcjob-2107900011410145281-abc12335-65396-worker-0:126:6659 [0] NCCL INFO Channel 04/0 : 0[9000] -> 1[f5000] [send] via NET/Socket/0 comm 0x556e3e019940 nRanks 02
vcjob-2107900011410145281-abc12335-65396-worker-0:126:6659 [0] NCCL INFO Channel 05/0 : 0[9000] -> 1[f5000] [send] via NET/Socket/0 comm 0x556e3e019940 nRanks 02
vcjob-2107900011410145281-abc12335-65396-worker-0:126:6659 [0] NCCL INFO Channel 06/0 : 0[9000] -> 1[f5000] [send] via NET/Socket/0 comm 0x556e3e019940 nRanks 02
vcjob-2107900011410145281-abc12335-65396-worker-0:126:6659 [0] NCCL INFO Channel 07/0 : 0[9000] -> 1[f5000] [send] via NET/Socket/0 comm 0x556e3e019940 nRanks 02
vcjob-2107900011410145281-abc12335-65396-worker-0:126:6659 [0] NCCL INFO Channel 08/0 : 0[9000] -> 1[f5000] [send] via NET/Socket/0 comm 0x556e3e019940 nRanks 02
vcjob-2107900011410145281-abc12335-65396-worker-0:126:6659 [0] NCCL INFO Channel 09/0 : 0[9000] -> 1[f5000] [send] via NET/Socket/0 comm 0x556e3e019940 nRanks 02
vcjob-2107900011410145281-abc12335-65396-worker-0:126:6659 [0] NCCL INFO Channel 10/0 : 0[9000] -> 1[f5000] [send] via NET/Socket/0 comm 0x556e3e019940 nRanks 02
vcjob-2107900011410145281-abc12335-65396-worker-0:126:6659 [0] NCCL INFO Channel 11/0 : 0[9000] -> 1[f5000] [send] via NET/Socket/0 comm 0x556e3e019940 nRanks 02
vcjob-2107900011410145281-abc12335-65396-worker-0:126:6659 [0] NCCL INFO Channel 12/0 : 0[9000] -> 1[f5000] [send] via NET/Socket/0 comm 0x556e3e019940 nRanks 02
vcjob-2107900011410145281-abc12335-65396-worker-0:126:6659 [0] NCCL INFO Channel 13/0 : 0[9000] -> 1[f5000] [send] via NET/Socket/0 comm 0x556e3e019940 nRanks 02
vcjob-2107900011410145281-abc12335-65396-worker-0:126:6659 [0] NCCL INFO Channel 14/0 : 0[9000] -> 1[f5000] [send] via NET/Socket/0 comm 0x556e3e019940 nRanks 02
vcjob-2107900011410145281-abc12335-65396-worker-0:126:6659 [0] NCCL INFO Channel 15/0 : 0[9000] -> 1[f5000] [send] via NET/Socket/0 comm 0x556e3e019940 nRanks 02
vcjob-2107900011410145281-abc12335-65396-worker-0:126:6659 [0] NCCL INFO Channel 16/0 : 0[9000] -> 1[f5000] [send] via NET/Socket/0 comm 0x556e3e019940 nRanks 02
vcjob-2107900011410145281-abc12335-65396-worker-0:126:6659 [0] NCCL INFO Channel 17/0 : 0[9000] -> 1[f5000] [send] via NET/Socket/0 comm 0x556e3e019940 nRanks 02
vcjob-2107900011410145281-abc12335-65396-worker-0:126:6659 [0] NCCL INFO Channel 18/0 : 0[9000] -> 1[f5000] [send] via NET/Socket/0 comm 0x556e3e019940 nRanks 02
vcjob-2107900011410145281-abc12335-65396-worker-0:126:6659 [0] NCCL INFO Channel 19/0 : 0[9000] -> 1[f5000] [send] via NET/Socket/0 comm 0x556e3e019940 nRanks 02
vcjob-2107900011410145281-abc12335-65396-worker-0:126:6659 [0] NCCL INFO Channel 20/0 : 0[9000] -> 1[f5000] [send] via NET/Socket/0 comm 0x556e3e019940 nRanks 02
vcjob-2107900011410145281-abc12335-65396-worker-0:126:6659 [0] NCCL INFO Channel 21/0 : 0[9000] -> 1[f5000] [send] via NET/Socket/0 comm 0x556e3e019940 nRanks 02
vcjob-2107900011410145281-abc12335-65396-worker-0:126:6659 [0] NCCL INFO Channel 22/0 : 0[9000] -> 1[f5000] [send] via NET/Socket/0 comm 0x556e3e019940 nRanks 02
vcjob-2107900011410145281-abc12335-65396-worker-0:126:6659 [0] NCCL INFO Channel 23/0 : 0[9000] -> 1[f5000] [send] via NET/Socket/0 comm 0x556e3e019940 nRanks 02
vcjob-2107900011410145281-abc12335-65396-worker-0:126:6659 [0] NCCL INFO Channel 24/0 : 0[9000] -> 1[f5000] [send] via NET/Socket/0 comm 0x556e3e019940 nRanks 02
vcjob-2107900011410145281-abc12335-65396-worker-0:126:6659 [0] NCCL INFO Channel 25/0 : 0[9000] -> 1[f5000] [send] via NET/Socket/0 comm 0x556e3e019940 nRanks 02
vcjob-2107900011410145281-abc12335-65396-worker-0:126:6659 [0] NCCL INFO Channel 26/0 : 0[9000] -> 1[f5000] [send] via NET/Socket/0 comm 0x556e3e019940 nRanks 02
vcjob-2107900011410145281-abc12335-65396-worker-0:126:6659 [0] NCCL INFO Channel 27/0 : 0[9000] -> 1[f5000] [send] via NET/Socket/0 comm 0x556e3e019940 nRanks 02
vcjob-2107900011410145281-abc12335-65396-worker-0:126:6659 [0] NCCL INFO Channel 28/0 : 0[9000] -> 1[f5000] [send] via NET/Socket/0 comm 0x556e3e019940 nRanks 02
vcjob-2107900011410145281-abc12335-65396-worker-0:126:6659 [0] NCCL INFO Channel 29/0 : 0[9000] -> 1[f5000] [send] via NET/Socket/0 comm 0x556e3e019940 nRanks 02
vcjob-2107900011410145281-abc12335-65396-worker-0:126:6659 [0] NCCL INFO Channel 30/0 : 0[9000] -> 1[f5000] [send] via NET/Socket/0 comm 0x556e3e019940 nRanks 02
vcjob-2107900011410145281-abc12335-65396-worker-0:126:6659 [0] NCCL INFO Channel 31/0 : 0[9000] -> 1[f5000] [send] via NET/Socket/0 comm 0x556e3e019940 nRanks 02
vcjob-2107900011410145281-abc12335-65396-worker-0:126:6659 [0] NCCL INFO Connected all rings
vcjob-2107900011410145281-abc12335-65396-worker-0:126:6659 [0] NCCL INFO Connected all trees
vcjob-2107900011410145281-abc12335-65396-worker-0:126:6659 [0] NCCL INFO threadThresholds 8/8/64 | 16/8/64 | 256 | 256
vcjob-2107900011410145281-abc12335-65396-worker-0:126:6659 [0] NCCL INFO 32 coll channels, 32 collnet channels, 0 nvls channels, 32 p2p channels, 32 p2p channels per peer
vcjob-2107900011410145281-abc12335-65396-worker-0:126:6659 [0] NCCL INFO CC Off, Multi-GPU CC Off, workFifoBytes 4194304
vcjob-2107900011410145281-abc12335-65396-worker-0:126:6659 [0] NCCL INFO ncclCommInitRank comm 0x556e3e019940 rank 0 nranks 2 cudaDev 0 nvmlDev 0 busId 9000 commId 0x8f2b1212e62c2ad4 localSize 480 used 1921654272 bytes on core 8 - Init COMPLETE
vcjob-2107900011410145281-abc12335-65396-worker-0:126:6659 [0] NCCL INFO Init timings: rank 0 nranks 2 total 0.24 (kernels 0.00, bootstrap 0.00, allgathers 0.00, topo 0.09, graphs 0.00, connections 0.14, rest 0.00)
I1008 02:25:35.785462   126 ProcessGroupNCCL.cpp:2890] [PG ID 0 PG GUID 0(default_pg) Rank 0] NCCL_DEBUG: INFO
vcjob-2107900011410145281-abc12335-65396-worker-0:126:6663 [0] NCCL INFO Channel 01/1 : 1[f5000] -> 0[9000] [receive] via NET/Socket/0/Shared comm 0x556e3e019940 nRanks 02
vcjob-2107900011410145281-abc12335-65396-worker-0:126:6663 [0] NCCL INFO Channel 03/1 : 1[f5000] -> 0[9000] [receive] via NET/Socket/0/Shared comm 0x556e3e019940 nRanks 02
vcjob-2107900011410145281-abc12335-65396-worker-0:126:6663 [0] NCCL INFO Channel 05/1 : 1[f5000] -> 0[9000] [receive] via NET/Socket/0/Shared comm 0x556e3e019940 nRanks 02
vcjob-2107900011410145281-abc12335-65396-worker-0:126:6663 [0] NCCL INFO Channel 07/1 : 1[f5000] -> 0[9000] [receive] via NET/Socket/0/Shared comm 0x556e3e019940 nRanks 02
vcjob-2107900011410145281-abc12335-65396-worker-0:126:6663 [0] NCCL INFO Channel 09/1 : 1[f5000] -> 0[9000] [receive] via NET/Socket/0/Shared comm 0x556e3e019940 nRanks 02
vcjob-2107900011410145281-abc12335-65396-worker-0:126:6663 [0] NCCL INFO Channel 11/1 : 1[f5000] -> 0[9000] [receive] via NET/Socket/0/Shared comm 0x556e3e019940 nRanks 02
vcjob-2107900011410145281-abc12335-65396-worker-0:126:6663 [0] NCCL INFO Channel 13/1 : 1[f5000] -> 0[9000] [receive] via NET/Socket/0/Shared comm 0x556e3e019940 nRanks 02
vcjob-2107900011410145281-abc12335-65396-worker-0:126:6663 [0] NCCL INFO Channel 15/1 : 1[f5000] -> 0[9000] [receive] via NET/Socket/0/Shared comm 0x556e3e019940 nRanks 02
vcjob-2107900011410145281-abc12335-65396-worker-0:126:6663 [0] NCCL INFO Channel 17/1 : 1[f5000] -> 0[9000] [receive] via NET/Socket/0/Shared comm 0x556e3e019940 nRanks 02
vcjob-2107900011410145281-abc12335-65396-worker-0:126:6663 [0] NCCL INFO Channel 19/1 : 1[f5000] -> 0[9000] [receive] via NET/Socket/0/Shared comm 0x556e3e019940 nRanks 02
vcjob-2107900011410145281-abc12335-65396-worker-0:126:6663 [0] NCCL INFO Channel 21/1 : 1[f5000] -> 0[9000] [receive] via NET/Socket/0/Shared comm 0x556e3e019940 nRanks 02
vcjob-2107900011410145281-abc12335-65396-worker-0:126:6663 [0] NCCL INFO Channel 23/1 : 1[f5000] -> 0[9000] [receive] via NET/Socket/0/Shared comm 0x556e3e019940 nRanks 02
vcjob-2107900011410145281-abc12335-65396-worker-0:126:6663 [0] NCCL INFO Channel 25/1 : 1[f5000] -> 0[9000] [receive] via NET/Socket/0/Shared comm 0x556e3e019940 nRanks 02
vcjob-2107900011410145281-abc12335-65396-worker-0:126:6663 [0] NCCL INFO Channel 27/1 : 1[f5000] -> 0[9000] [receive] via NET/Socket/0/Shared comm 0x556e3e019940 nRanks 02
vcjob-2107900011410145281-abc12335-65396-worker-0:126:6663 [0] NCCL INFO Channel 29/1 : 1[f5000] -> 0[9000] [receive] via NET/Socket/0/Shared comm 0x556e3e019940 nRanks 02
vcjob-2107900011410145281-abc12335-65396-worker-0:126:6663 [0] NCCL INFO Channel 31/1 : 1[f5000] -> 0[9000] [receive] via NET/Socket/0/Shared comm 0x556e3e019940 nRanks 02
Preflight: is_completed polling WORKS -> poll mode (v1 behaviour) (15/15 completions in 5.0s)
  round 1/100 done, last-round arrivals min/med/max = 3.64/258.60/262.30 ms
  round 10/100 done, last-round arrivals min/med/max = 1.89/230.09/231.72 ms
  round 20/100 done, last-round arrivals min/med/max = 1.88/243.36/245.97 ms
  round 30/100 done, last-round arrivals min/med/max = 1.83/225.01/230.70 ms
  round 40/100 done, last-round arrivals min/med/max = 1.78/221.86/225.60 ms
  round 50/100 done, last-round arrivals min/med/max = 1.93/229.47/234.53 ms
  round 60/100 done, last-round arrivals min/med/max = 1.76/228.78/230.09 ms
  round 70/100 done, last-round arrivals min/med/max = 1.94/227.44/232.83 ms
  round 80/100 done, last-round arrivals min/med/max = 1.98/227.30/229.27 ms
  round 90/100 done, last-round arrivals min/med/max = 1.89/233.95/235.57 ms
  round 100/100 done, last-round arrivals min/med/max = 1.74/224.05/230.05 ms

===========================================================================
ARRIVAL TIME MEASUREMENT RESULTS
===========================================================================
 Rank  Node        Label Median(ms)  Std(ms)  Min(ms)  Max(ms) AvgPos
----------------------------------------------------------------------------------
    1     0    SAME-NODE      1.837    0.215    1.729    3.644    1.0
    2     0    SAME-NODE      1.840    0.218    1.732    3.678    2.0
    3     0    SAME-NODE      1.842    0.218    1.734    3.681    3.0
    4     0    SAME-NODE      1.844    0.218    1.737    3.683    4.0
    5     0    SAME-NODE      1.846    0.219    1.739    3.697    5.0
    6     0    SAME-NODE      1.848    0.220    1.741    3.702    6.0
    7     0    SAME-NODE      1.850    0.220    1.742    3.712    7.0
    8     1   CROSS-NODE    235.720   10.480  212.738  267.398   10.8
    9     1   CROSS-NODE    235.066   10.321  211.106  260.362   10.7
   10     1   CROSS-NODE    234.654   10.399  213.394  262.697   10.5
   11     1   CROSS-NODE    235.291   10.432  213.727  262.224   10.6
   12     1   CROSS-NODE    236.413   10.104  214.045  262.303   12.1
   13     1   CROSS-NODE    236.190   10.003  213.399  262.227   11.8
   14     1   CROSS-NODE    236.348   10.256  213.567  261.907   12.6
   15     1   CROSS-NODE    236.644    9.926  214.048  261.258   13.0
----------------------------------------------------------------------------------
Same-node median:  1.844 ms
Cross-node median: 235.955 ms
Spread:            234.111 ms
Heterogeneity ratio: 128.0×
GEMM time:         2.01 ms
Spread vs GEMM:    11671.9%

→ ✓ Scheduling is VALUABLE (spread > 20% of GEMM time)

Results saved to /root/private_data/second_hygon/phase4-arrival-heterogeneity/phase4_arrival_full_20261008_022510.json
I1008 02:26:02.834617   126 ProcessGroupNCCL.cpp:1445] [PG ID 0 PG GUID 0(default_pg) Rank 0] Starting to destroy process group, flushing operations.
I1008 02:26:02.834623   133 ProcessGroupNCCL.cpp:1445] [PG ID 0 PG GUID 0(default_pg) Rank 7] Starting to destroy process group, flushing operations.
I1008 02:26:02.834630   127 ProcessGroupNCCL.cpp:1445] [PG ID 0 PG GUID 0(default_pg) Rank 1] Starting to destroy process group, flushing operations.
I1008 02:26:02.834666   129 ProcessGroupNCCL.cpp:1445] [PG ID 0 PG GUID 0(default_pg) Rank 3] Starting to destroy process group, flushing operations.
I1008 02:26:02.834672   132 ProcessGroupNCCL.cpp:1445] [PG ID 0 PG GUID 0(default_pg) Rank 6] Starting to destroy process group, flushing operations.
I1008 02:26:02.834664   131 ProcessGroupNCCL.cpp:1445] [PG ID 0 PG GUID 0(default_pg) Rank 5] Starting to destroy process group, flushing operations.
I1008 02:26:02.834687   130 ProcessGroupNCCL.cpp:1445] [PG ID 0 PG GUID 0(default_pg) Rank 4] Starting to destroy process group, flushing operations.
I1008 02:26:02.834692   128 ProcessGroupNCCL.cpp:1445] [PG ID 0 PG GUID 0(default_pg) Rank 2] Starting to destroy process group, flushing operations.
I1008 02:26:02.839382   133 ProcessGroupNCCL.cpp:1472] [PG ID 0 PG GUID 0(default_pg) Rank 7] Operations flushed, joining watchdog thread.
I1008 02:26:02.839497   130 ProcessGroupNCCL.cpp:1472] [PG ID 0 PG GUID 0(default_pg) Rank 4] Operations flushed, joining watchdog thread.
I1008 02:26:02.839506   133 ProcessGroupNCCL.cpp:1486] [PG ID 0 PG GUID 0(default_pg) Rank 7] Watchdog joined, destroying NCCL communicators.
I1008 02:26:02.839517   127 ProcessGroupNCCL.cpp:1472] [PG ID 0 PG GUID 0(default_pg) Rank 1] Operations flushed, joining watchdog thread.
I1008 02:26:02.839571   129 ProcessGroupNCCL.cpp:1472] [PG ID 0 PG GUID 0(default_pg) Rank 3] Operations flushed, joining watchdog thread.
I1008 02:26:02.839627   127 ProcessGroupNCCL.cpp:1486] [PG ID 0 PG GUID 0(default_pg) Rank 1] Watchdog joined, destroying NCCL communicators.
I1008 02:26:02.839627   132 ProcessGroupNCCL.cpp:1472] [PG ID 0 PG GUID 0(default_pg) Rank 6] Operations flushed, joining watchdog thread.
I1008 02:26:02.839641   128 ProcessGroupNCCL.cpp:1472] [PG ID 0 PG GUID 0(default_pg) Rank 2] Operations flushed, joining watchdog thread.
I1008 02:26:02.839646   130 ProcessGroupNCCL.cpp:1486] [PG ID 0 PG GUID 0(default_pg) Rank 4] Watchdog joined, destroying NCCL communicators.
I1008 02:26:02.839687   131 ProcessGroupNCCL.cpp:1472] [PG ID 0 PG GUID 0(default_pg) Rank 5] Operations flushed, joining watchdog thread.
I1008 02:26:02.839705   129 ProcessGroupNCCL.cpp:1486] [PG ID 0 PG GUID 0(default_pg) Rank 3] Watchdog joined, destroying NCCL communicators.
I1008 02:26:02.839807   128 ProcessGroupNCCL.cpp:1486] [PG ID 0 PG GUID 0(default_pg) Rank 2] Watchdog joined, destroying NCCL communicators.
I1008 02:26:02.839807   132 ProcessGroupNCCL.cpp:1486] [PG ID 0 PG GUID 0(default_pg) Rank 6] Watchdog joined, destroying NCCL communicators.
I1008 02:26:02.839851   131 ProcessGroupNCCL.cpp:1486] [PG ID 0 PG GUID 0(default_pg) Rank 5] Watchdog joined, destroying NCCL communicators.
vcjob-2107900011410145281-abc12335-65396-worker-0:129:129 [3] NCCL INFO comm 0x55c6532549c0 rank 1 nranks 2 cudaDev 3 busId 77000 - Destroy COMPLETE
vcjob-2107900011410145281-abc12335-65396-worker-0:131:131 [5] NCCL INFO comm 0x562a84d2eab0 rank 1 nranks 2 cudaDev 5 busId b5000 - Destroy COMPLETE
vcjob-2107900011410145281-abc12335-65396-worker-0:130:130 [4] NCCL INFO comm 0x5594a9994470 rank 1 nranks 2 cudaDev 4 busId 85000 - Destroy COMPLETE
vcjob-2107900011410145281-abc12335-65396-worker-0:132:132 [6] NCCL INFO comm 0x56378663aae0 rank 1 nranks 2 cudaDev 6 busId d5000 - Destroy COMPLETE
vcjob-2107900011410145281-abc12335-65396-worker-0:133:133 [7] NCCL INFO comm 0x55ae75f73450 rank 1 nranks 2 cudaDev 7 busId f5000 - Destroy COMPLETE
vcjob-2107900011410145281-abc12335-65396-worker-0:128:128 [2] NCCL INFO comm 0x5622e0f82b70 rank 1 nranks 2 cudaDev 2 busId 55000 - Destroy COMPLETE
vcjob-2107900011410145281-abc12335-65396-worker-0:133:133 [7] NCCL INFO comm 0x55ae53089090 rank 7 nranks 16 cudaDev 7 busId f5000 - Destroy COMPLETE
I1008 02:26:02.860913   133 ProcessGroupNCCL.cpp:1494] [PG ID 0 PG GUID 0(default_pg) Rank 7] Destroy complete.
I1008 02:26:02.861027   133 ProcessGroupNCCL.cpp:1499] [PG ID 0 PG GUID 0(default_pg) Rank 7] ProcessGroupNCCL destructor entered.
I1008 02:26:02.861052   133 ProcessGroupNCCL.cpp:1549] [PG ID 0 PG GUID 0(default_pg) Rank 7] ProcessGroupNCCL heart beat monitor thread joined.
vcjob-2107900011410145281-abc12335-65396-worker-0:132:132 [6] NCCL INFO comm 0x563763758060 rank 6 nranks 16 cudaDev 6 busId d5000 - Destroy COMPLETE
I1008 02:26:02.862442   132 ProcessGroupNCCL.cpp:1494] [PG ID 0 PG GUID 0(default_pg) Rank 6] Destroy complete.
vcjob-2107900011410145281-abc12335-65396-worker-0:131:131 [5] NCCL INFO comm 0x562a61e4bfe0 rank 5 nranks 16 cudaDev 5 busId b5000 - Destroy COMPLETE
I1008 02:26:02.862483   131 ProcessGroupNCCL.cpp:1494] [PG ID 0 PG GUID 0(default_pg) Rank 5] Destroy complete.
I1008 02:26:02.862663   132 ProcessGroupNCCL.cpp:1499] [PG ID 0 PG GUID 0(default_pg) Rank 6] ProcessGroupNCCL destructor entered.
vcjob-2107900011410145281-abc12335-65396-worker-0:127:127 [1] NCCL INFO comm 0x56487c3c71e0 rank 1 nranks 2 cudaDev 1 busId 36000 - Destroy COMPLETE
I1008 02:26:02.862684   131 ProcessGroupNCCL.cpp:1499] [PG ID 0 PG GUID 0(default_pg) Rank 5] ProcessGroupNCCL destructor entered.
I1008 02:26:02.862694   132 ProcessGroupNCCL.cpp:1549] [PG ID 0 PG GUID 0(default_pg) Rank 6] ProcessGroupNCCL heart beat monitor thread joined.
I1008 02:26:02.862718   131 ProcessGroupNCCL.cpp:1549] [PG ID 0 PG GUID 0(default_pg) Rank 5] ProcessGroupNCCL heart beat monitor thread joined.
vcjob-2107900011410145281-abc12335-65396-worker-0:129:129 [3] NCCL INFO comm 0x55c630372090 rank 3 nranks 16 cudaDev 3 busId 77000 - Destroy COMPLETE
I1008 02:26:02.863135   129 ProcessGroupNCCL.cpp:1494] [PG ID 0 PG GUID 0(default_pg) Rank 3] Destroy complete.
I1008 02:26:02.863337   129 ProcessGroupNCCL.cpp:1499] [PG ID 0 PG GUID 0(default_pg) Rank 3] ProcessGroupNCCL destructor entered.
I1008 02:26:02.863368   129 ProcessGroupNCCL.cpp:1549] [PG ID 0 PG GUID 0(default_pg) Rank 3] ProcessGroupNCCL heart beat monitor thread joined.
vcjob-2107900011410145281-abc12335-65396-worker-0:128:128 [2] NCCL INFO comm 0x5622be0a0150 rank 2 nranks 16 cudaDev 2 busId 55000 - Destroy COMPLETE
I1008 02:26:02.865911   128 ProcessGroupNCCL.cpp:1494] [PG ID 0 PG GUID 0(default_pg) Rank 2] Destroy complete.
I1008 02:26:02.866112   128 ProcessGroupNCCL.cpp:1499] [PG ID 0 PG GUID 0(default_pg) Rank 2] ProcessGroupNCCL destructor entered.
I1008 02:26:02.866149   128 ProcessGroupNCCL.cpp:1549] [PG ID 0 PG GUID 0(default_pg) Rank 2] ProcessGroupNCCL heart beat monitor thread joined.
vcjob-2107900011410145281-abc12335-65396-worker-0:130:130 [4] NCCL INFO comm 0x559486aaf020 rank 4 nranks 16 cudaDev 4 busId 85000 - Destroy COMPLETE
I1008 02:26:02.866240   130 ProcessGroupNCCL.cpp:1494] [PG ID 0 PG GUID 0(default_pg) Rank 4] Destroy complete.
I1008 02:26:02.866535   130 ProcessGroupNCCL.cpp:1499] [PG ID 0 PG GUID 0(default_pg) Rank 4] ProcessGroupNCCL destructor entered.
I1008 02:26:02.866582   130 ProcessGroupNCCL.cpp:1549] [PG ID 0 PG GUID 0(default_pg) Rank 4] ProcessGroupNCCL heart beat monitor thread joined.
vcjob-2107900011410145281-abc12335-65396-worker-0:127:127 [1] NCCL INFO comm 0x5648594dd090 rank 1 nranks 16 cudaDev 1 busId 36000 - Destroy COMPLETE
I1008 02:26:02.868868   127 ProcessGroupNCCL.cpp:1494] [PG ID 0 PG GUID 0(default_pg) Rank 1] Destroy complete.
I1008 02:26:02.869007   127 ProcessGroupNCCL.cpp:1499] [PG ID 0 PG GUID 0(default_pg) Rank 1] ProcessGroupNCCL destructor entered.
I1008 02:26:02.869037   127 ProcessGroupNCCL.cpp:1549] [PG ID 0 PG GUID 0(default_pg) Rank 1] ProcessGroupNCCL heart beat monitor thread joined.
I1008 02:26:02.877719   126 ProcessGroupNCCL.cpp:1472] [PG ID 0 PG GUID 0(default_pg) Rank 0] Operations flushed, joining watchdog thread.
I1008 02:26:02.878050   126 ProcessGroupNCCL.cpp:1486] [PG ID 0 PG GUID 0(default_pg) Rank 0] Watchdog joined, destroying NCCL communicators.
vcjob-2107900011410145281-abc12335-65396-worker-0:126:126 [0] NCCL INFO comm 0x556e3df47970 rank 0 nranks 2 cudaDev 0 busId 9000 - Destroy COMPLETE
vcjob-2107900011410145281-abc12335-65396-worker-0:126:126 [0] NCCL INFO comm 0x556e3e019940 rank 0 nranks 2 cudaDev 0 busId 9000 - Destroy COMPLETE
vcjob-2107900011410145281-abc12335-65396-worker-0:126:126 [0] NCCL INFO comm 0x556e3d510c60 rank 0 nranks 2 cudaDev 0 busId 9000 - Destroy COMPLETE
vcjob-2107900011410145281-abc12335-65396-worker-0:126:126 [0] NCCL INFO comm 0x556e3d5cc440 rank 0 nranks 2 cudaDev 0 busId 9000 - Destroy COMPLETE
vcjob-2107900011410145281-abc12335-65396-worker-0:126:126 [0] NCCL INFO comm 0x556e3d687c20 rank 0 nranks 2 cudaDev 0 busId 9000 - Destroy COMPLETE
vcjob-2107900011410145281-abc12335-65396-worker-0:126:126 [0] NCCL INFO comm 0x556e3d743400 rank 0 nranks 2 cudaDev 0 busId 9000 - Destroy COMPLETE
vcjob-2107900011410145281-abc12335-65396-worker-0:126:126 [0] NCCL INFO comm 0x556e3d7febe0 rank 0 nranks 2 cudaDev 0 busId 9000 - Destroy COMPLETE
vcjob-2107900011410145281-abc12335-65396-worker-0:126:126 [0] NCCL INFO comm 0x556e1a5bb050 rank 0 nranks 16 cudaDev 0 busId 9000 - Destroy COMPLETE
vcjob-2107900011410145281-abc12335-65396-worker-0:126:126 [0] NCCL INFO comm 0x556e3d948ca0 rank 0 nranks 2 cudaDev 0 busId 9000 - Destroy COMPLETE
vcjob-2107900011410145281-abc12335-65396-worker-0:126:126 [0] NCCL INFO comm 0x556e3da04480 rank 0 nranks 2 cudaDev 0 busId 9000 - Destroy COMPLETE
vcjob-2107900011410145281-abc12335-65396-worker-0:126:126 [0] NCCL INFO comm 0x556e3dc36c20 rank 0 nranks 2 cudaDev 0 busId 9000 - Destroy COMPLETE
vcjob-2107900011410145281-abc12335-65396-worker-0:126:126 [0] NCCL INFO comm 0x556e3dabfc60 rank 0 nranks 2 cudaDev 0 busId 9000 - Destroy COMPLETE
vcjob-2107900011410145281-abc12335-65396-worker-0:126:126 [0] NCCL INFO comm 0x556e3db7b440 rank 0 nranks 2 cudaDev 0 busId 9000 - Destroy COMPLETE
vcjob-2107900011410145281-abc12335-65396-worker-0:126:126 [0] NCCL INFO comm 0x556e3dcf2400 rank 0 nranks 2 cudaDev 0 busId 9000 - Destroy COMPLETE
vcjob-2107900011410145281-abc12335-65396-worker-0:126:126 [0] NCCL INFO comm 0x556e3de793d0 rank 0 nranks 2 cudaDev 0 busId 9000 - Destroy COMPLETE
vcjob-2107900011410145281-abc12335-65396-worker-0:126:126 [0] NCCL INFO comm 0x556e3ddadbe0 rank 0 nranks 2 cudaDev 0 busId 9000 - Destroy COMPLETE
I1008 02:26:03.116727   126 ProcessGroupNCCL.cpp:1494] [PG ID 0 PG GUID 0(default_pg) Rank 0] Destroy complete.
I1008 02:26:03.116943   126 ProcessGroupNCCL.cpp:1499] [PG ID 0 PG GUID 0(default_pg) Rank 0] ProcessGroupNCCL destructor entered.
I1008 02:26:03.116974   126 ProcessGroupNCCL.cpp:1549] [PG ID 0 PG GUID 0(default_pg) Rank 0] ProcessGroupNCCL heart beat monitor thread joined.
