source_log_path,case_id,phase,collective,ranks,size_label,size_bytes,datatype,repeat,requested_algo,requested_proto,requested_channels,mapping,time_us,algbw_gbps,busbw_gbps,wrong_count,status,correctness
/data/coding/comm-study-migration-rtx4090-20260826/results/rtx4090_sm89_4gpu/20260826T222600Z_debug/logs/transport_allgather_1M_default.log,transport_allgather_1M_default,transport,AllGather,4,1M,1048576,float,1,DEFAULT,DEFAULT,DEFAULT,"0,1,2,3",93.85,11.17,8.38,0,0,PASS
/data/coding/comm-study-migration-rtx4090-20260826/results/rtx4090_sm89_4gpu/20260826T222600Z_debug/logs/preflight_allgather_4K_default.log,preflight_allgather_4K_default,preflight,AllGather,4,4K,4096,float,1,DEFAULT,DEFAULT,DEFAULT,"0,1,2,3",11.68,0.35,0.26,0,0,PASS
/data/coding/comm-study-migration-rtx4090-20260826/results/rtx4090_sm89_4gpu/20260826T222600Z_debug/logs/preflight_allgather_1M_default.log,preflight_allgather_1M_default,preflight,AllGather,4,1M,1048576,float,1,DEFAULT,DEFAULT,DEFAULT,"0,1,2,3",94.56,11.09,8.32,0,0,PASS
/data/coding/comm-study-migration-rtx4090-20260826/results/rtx4090_sm89_4gpu/20260826T222600Z_debug/logs/preflight_allgather_64M_default.log,preflight_allgather_64M_default,preflight,AllGather,4,64M,67108864,float,1,DEFAULT,DEFAULT,DEFAULT,"0,1,2,3",3007.55,22.31,16.74,0,0,PASS
/data/coding/comm-study-migration-rtx4090-20260826/results/rtx4090_sm89_4gpu/20260826T222600Z_debug/logs/preflight_allreduce_4K_default.log,preflight_allreduce_4K_default,preflight,AllReduce,4,4K,4096,float,1,DEFAULT,DEFAULT,DEFAULT,"0,1,2,3",17.53,0.23,0.35,0,0,PASS
/data/coding/comm-study-migration-rtx4090-20260826/results/rtx4090_sm89_4gpu/20260826T222600Z_debug/logs/preflight_allreduce_1M_default.log,preflight_allreduce_1M_default,preflight,AllReduce,4,1M,1048576,float,1,DEFAULT,DEFAULT,DEFAULT,"0,1,2,3",168.52,6.22,9.33,0,0,PASS
/data/coding/comm-study-migration-rtx4090-20260826/results/rtx4090_sm89_4gpu/20260826T222600Z_debug/logs/preflight_allreduce_64M_default.log,preflight_allreduce_64M_default,preflight,AllReduce,4,64M,67108864,float,1,DEFAULT,DEFAULT,DEFAULT,"0,1,2,3",5786.53,11.60,17.40,0,0,PASS
/data/coding/comm-study-migration-rtx4090-20260826/results/rtx4090_sm89_4gpu/20260826T222600Z_debug/logs/preflight_reducescatter_4K_default.log,preflight_reducescatter_4K_default,preflight,ReduceScatter,4,4K,4096,float,1,DEFAULT,DEFAULT,DEFAULT,"0,1,2,3",18.51,0.22,0.17,0,0,PASS
/data/coding/comm-study-migration-rtx4090-20260826/results/rtx4090_sm89_4gpu/20260826T222600Z_debug/logs/preflight_reducescatter_1M_default.log,preflight_reducescatter_1M_default,preflight,ReduceScatter,4,1M,1048576,float,1,DEFAULT,DEFAULT,DEFAULT,"0,1,2,3",90.45,11.59,8.69,0,0,PASS
/data/coding/comm-study-migration-rtx4090-20260826/results/rtx4090_sm89_4gpu/20260826T222600Z_debug/logs/preflight_reducescatter_64M_default.log,preflight_reducescatter_64M_default,preflight,ReduceScatter,4,64M,67108864,float,1,DEFAULT,DEFAULT,DEFAULT,"0,1,2,3",3176.84,21.12,15.84,0,0,PASS
/data/coding/comm-study-migration-rtx4090-20260826/results/rtx4090_sm89_4gpu/20260826T222600Z_debug/logs/rep_r1_allgather_4K_default_chdefault.log,rep_r1_allgather_4K_default_chdefault,representative,AllGather,4,4K,4096,float,1,DEFAULT,DEFAULT,DEFAULT,"0,1,2,3",11.66,0.35,0.26,0,0,PASS
/data/coding/comm-study-migration-rtx4090-20260826/results/rtx4090_sm89_4gpu/20260826T222600Z_debug/logs/rep_r1_allgather_4K_ring_simple_chdefault.log,rep_r1_allgather_4K_ring_simple_chdefault,representative,AllGather,4,4K,4096,float,1,Ring,Simple,DEFAULT,"0,1,2,3",26.88,0.15,0.11,0,0,PASS
/data/coding/comm-study-migration-rtx4090-20260826/results/rtx4090_sm89_4gpu/20260826T222600Z_debug/logs/rep_r1_allgather_4K_ring_ll_chdefault.log,rep_r1_allgather_4K_ring_ll_chdefault,representative,AllGather,4,4K,4096,float,1,Ring,LL,DEFAULT,"0,1,2,3",13.58,0.30,0.23,0,0,PASS
/data/coding/comm-study-migration-rtx4090-20260826/results/rtx4090_sm89_4gpu/20260826T222600Z_debug/logs/rep_r1_allgather_64K_default_chdefault.log,rep_r1_allgather_64K_default_chdefault,representative,AllGather,4,64K,65536,float,1,DEFAULT,DEFAULT,DEFAULT,"0,1,2,3",19.31,3.39,2.55,0,0,PASS
/data/coding/comm-study-migration-rtx4090-20260826/results/rtx4090_sm89_4gpu/20260826T222600Z_debug/logs/rep_r1_allgather_64K_ring_simple_chdefault.log,rep_r1_allgather_64K_ring_simple_chdefault,representative,AllGather,4,64K,65536,float,1,Ring,Simple,DEFAULT,"0,1,2,3",41.27,1.59,1.19,0,0,PASS
/data/coding/comm-study-migration-rtx4090-20260826/results/rtx4090_sm89_4gpu/20260826T222600Z_debug/logs/rep_r1_allgather_64K_ring_ll_chdefault.log,rep_r1_allgather_64K_ring_ll_chdefault,representative,AllGather,4,64K,65536,float,1,Ring,LL,DEFAULT,"0,1,2,3",19.97,3.28,2.46,0,0,PASS
/data/coding/comm-study-migration-rtx4090-20260826/results/rtx4090_sm89_4gpu/20260826T222600Z_debug/logs/rep_r1_allgather_1M_default_chdefault.log,rep_r1_allgather_1M_default_chdefault,representative,AllGather,4,1M,1048576,float,1,DEFAULT,DEFAULT,DEFAULT,"0,1,2,3",94.30,11.12,8.34,0,0,PASS
/data/coding/comm-study-migration-rtx4090-20260826/results/rtx4090_sm89_4gpu/20260826T222600Z_debug/logs/rep_r1_allgather_1M_ring_simple_chdefault.log,rep_r1_allgather_1M_ring_simple_chdefault,representative,AllGather,4,1M,1048576,float,1,Ring,Simple,DEFAULT,"0,1,2,3",95.01,11.04,8.28,0,0,PASS
/data/coding/comm-study-migration-rtx4090-20260826/results/rtx4090_sm89_4gpu/20260826T222600Z_debug/logs/rep_r1_allgather_1M_ring_ll_chdefault.log,rep_r1_allgather_1M_ring_ll_chdefault,representative,AllGather,4,1M,1048576,float,1,Ring,LL,DEFAULT,"0,1,2,3",287.12,3.65,2.74,0,0,PASS
/data/coding/comm-study-migration-rtx4090-20260826/results/rtx4090_sm89_4gpu/20260826T222600Z_debug/logs/rep_r1_allgather_8M_default_chdefault.log,rep_r1_allgather_8M_default_chdefault,representative,AllGather,4,8M,8388608,float,1,DEFAULT,DEFAULT,DEFAULT,"0,1,2,3",478.38,17.54,13.15,0,0,PASS
/data/coding/comm-study-migration-rtx4090-20260826/results/rtx4090_sm89_4gpu/20260826T222600Z_debug/logs/rep_r1_allgather_8M_ring_simple_chdefault.log,rep_r1_allgather_8M_ring_simple_chdefault,representative,AllGather,4,8M,8388608,float,1,Ring,Simple,DEFAULT,"0,1,2,3",502.64,16.69,12.52,0,0,PASS
/data/coding/comm-study-migration-rtx4090-20260826/results/rtx4090_sm89_4gpu/20260826T222600Z_debug/logs/rep_r1_allgather_8M_ring_ll_chdefault.log,rep_r1_allgather_8M_ring_ll_chdefault,representative,AllGather,4,8M,8388608,float,1,Ring,LL,DEFAULT,"0,1,2,3",1414.17,5.93,4.45,0,0,PASS
/data/coding/comm-study-migration-rtx4090-20260826/results/rtx4090_sm89_4gpu/20260826T222600Z_debug/logs/rep_r1_allgather_64M_default_chdefault.log,rep_r1_allgather_64M_default_chdefault,representative,AllGather,4,64M,67108864,float,1,DEFAULT,DEFAULT,DEFAULT,"0,1,2,3",3006.77,22.32,16.74,0,0,PASS
/data/coding/comm-study-migration-rtx4090-20260826/results/rtx4090_sm89_4gpu/20260826T222600Z_debug/logs/rep_r1_allgather_64M_ring_simple_chdefault.log,rep_r1_allgather_64M_ring_simple_chdefault,representative,AllGather,4,64M,67108864,float,1,Ring,Simple,DEFAULT,"0,1,2,3",3010.26,22.29,16.72,0,0,PASS
/data/coding/comm-study-migration-rtx4090-20260826/results/rtx4090_sm89_4gpu/20260826T222600Z_debug/logs/rep_r1_allgather_64M_ring_ll_chdefault.log,rep_r1_allgather_64M_ring_ll_chdefault,representative,AllGather,4,64M,67108864,float,1,Ring,LL,DEFAULT,"0,1,2,3",9908.78,6.77,5.08,0,0,PASS
/data/coding/comm-study-migration-rtx4090-20260826/results/rtx4090_sm89_4gpu/20260826T222600Z_debug/logs/rep_r1_allgather_256M_default_chdefault.log,rep_r1_allgather_256M_default_chdefault,representative,AllGather,4,256M,268435456,float,1,DEFAULT,DEFAULT,DEFAULT,"0,1,2,3",11935.2,22.49,16.87,0,0,PASS
/data/coding/comm-study-migration-rtx4090-20260826/results/rtx4090_sm89_4gpu/20260826T222600Z_debug/logs/rep_r1_allgather_256M_ring_simple_chdefault.log,rep_r1_allgather_256M_ring_simple_chdefault,representative,AllGather,4,256M,268435456,float,1,Ring,Simple,DEFAULT,"0,1,2,3",11921.4,22.52,16.89,0,0,PASS
/data/coding/comm-study-migration-rtx4090-20260826/results/rtx4090_sm89_4gpu/20260826T222600Z_debug/logs/rep_r1_allgather_256M_ring_ll_chdefault.log,rep_r1_allgather_256M_ring_ll_chdefault,representative,AllGather,4,256M,268435456,float,1,Ring,LL,DEFAULT,"0,1,2,3",38418.4,6.99,5.24,0,0,PASS
/data/coding/comm-study-migration-rtx4090-20260826/results/rtx4090_sm89_4gpu/20260826T222600Z_debug/logs/rep_r1_allreduce_4K_default_chdefault.log,rep_r1_allreduce_4K_default_chdefault,representative,AllReduce,4,4K,4096,float,1,DEFAULT,DEFAULT,DEFAULT,"0,1,2,3",13.00,0.32,0.47,0,0,PASS
/data/coding/comm-study-migration-rtx4090-20260826/results/rtx4090_sm89_4gpu/20260826T222600Z_debug/logs/rep_r1_allreduce_4K_ring_simple_chdefault.log,rep_r1_allreduce_4K_ring_simple_chdefault,representative,AllReduce,4,4K,4096,float,1,Ring,Simple,DEFAULT,"0,1,2,3",41.27,0.10,0.15,0,0,PASS
/data/coding/comm-study-migration-rtx4090-20260826/results/rtx4090_sm89_4gpu/20260826T222600Z_debug/logs/rep_r1_allreduce_4K_ring_ll_chdefault.log,rep_r1_allreduce_4K_ring_ll_chdefault,representative,AllReduce,4,4K,4096,float,1,Ring,LL,DEFAULT,"0,1,2,3",16.57,0.25,0.37,0,0,PASS
/data/coding/comm-study-migration-rtx4090-20260826/results/rtx4090_sm89_4gpu/20260826T222600Z_debug/logs/rep_r1_allreduce_4K_tree_simple_chdefault.log,rep_r1_allreduce_4K_tree_simple_chdefault,representative,AllReduce,4,4K,4096,float,1,Tree,Simple,DEFAULT,"0,1,2,3",44.74,0.09,0.14,0,0,PASS
/data/coding/comm-study-migration-rtx4090-20260826/results/rtx4090_sm89_4gpu/20260826T222600Z_debug/logs/rep_r1_allreduce_4K_tree_ll_chdefault.log,rep_r1_allreduce_4K_tree_ll_chdefault,representative,AllReduce,4,4K,4096,float,1,Tree,LL,DEFAULT,"0,1,2,3",21.51,0.19,0.29,0,0,PASS
/data/coding/comm-study-migration-rtx4090-20260826/results/rtx4090_sm89_4gpu/20260826T222600Z_debug/logs/rep_r1_allreduce_64K_default_chdefault.log,rep_r1_allreduce_64K_default_chdefault,representative,AllReduce,4,64K,65536,float,1,DEFAULT,DEFAULT,DEFAULT,"0,1,2,3",31.34,2.09,3.14,0,0,PASS
/data/coding/comm-study-migration-rtx4090-20260826/results/rtx4090_sm89_4gpu/20260826T222600Z_debug/logs/rep_r1_allreduce_64K_ring_simple_chdefault.log,rep_r1_allreduce_64K_ring_simple_chdefault,representative,AllReduce,4,64K,65536,float,1,Ring,Simple,DEFAULT,"0,1,2,3",61.86,1.06,1.59,0,0,PASS
/data/coding/comm-study-migration-rtx4090-20260826/results/rtx4090_sm89_4gpu/20260826T222600Z_debug/logs/rep_r1_allreduce_64K_ring_ll_chdefault.log,rep_r1_allreduce_64K_ring_ll_chdefault,representative,AllReduce,4,64K,65536,float,1,Ring,LL,DEFAULT,"0,1,2,3",31.60,2.07,3.11,0,0,PASS
/data/coding/comm-study-migration-rtx4090-20260826/results/rtx4090_sm89_4gpu/20260826T222600Z_debug/logs/rep_r1_allreduce_64K_tree_simple_chdefault.log,rep_r1_allreduce_64K_tree_simple_chdefault,representative,AllReduce,4,64K,65536,float,1,Tree,Simple,DEFAULT,"0,1,2,3",69.26,0.95,1.42,0,0,PASS
/data/coding/comm-study-migration-rtx4090-20260826/results/rtx4090_sm89_4gpu/20260826T222600Z_debug/logs/rep_r1_allreduce_64K_tree_ll_chdefault.log,rep_r1_allreduce_64K_tree_ll_chdefault,representative,AllReduce,4,64K,65536,float,1,Tree,LL,DEFAULT,"0,1,2,3",56.08,1.17,1.75,0,0,PASS
/data/coding/comm-study-migration-rtx4090-20260826/results/rtx4090_sm89_4gpu/20260826T222600Z_debug/logs/rep_r1_allreduce_1M_default_chdefault.log,rep_r1_allreduce_1M_default_chdefault,representative,AllReduce,4,1M,1048576,float,1,DEFAULT,DEFAULT,DEFAULT,"0,1,2,3",168.22,6.23,9.35,0,0,PASS
/data/coding/comm-study-migration-rtx4090-20260826/results/rtx4090_sm89_4gpu/20260826T222600Z_debug/logs/rep_r1_allreduce_1M_ring_simple_chdefault.log,rep_r1_allreduce_1M_ring_simple_chdefault,representative,AllReduce,4,1M,1048576,float,1,Ring,Simple,DEFAULT,"0,1,2,3",167.18,6.27,9.41,0,0,PASS
/data/coding/comm-study-migration-rtx4090-20260826/results/rtx4090_sm89_4gpu/20260826T222600Z_debug/logs/rep_r1_allreduce_1M_ring_ll_chdefault.log,rep_r1_allreduce_1M_ring_ll_chdefault,representative,AllReduce,4,1M,1048576,float,1,Ring,LL,DEFAULT,"0,1,2,3",391.22,2.68,4.02,0,0,PASS
/data/coding/comm-study-migration-rtx4090-20260826/results/rtx4090_sm89_4gpu/20260826T222600Z_debug/logs/rep_r1_allreduce_1M_tree_simple_chdefault.log,rep_r1_allreduce_1M_tree_simple_chdefault,representative,AllReduce,4,1M,1048576,float,1,Tree,Simple,DEFAULT,"0,1,2,3",430.47,2.44,3.65,0,0,PASS
/data/coding/comm-study-migration-rtx4090-20260826/results/rtx4090_sm89_4gpu/20260826T222600Z_debug/logs/rep_r1_allreduce_1M_tree_ll_chdefault.log,rep_r1_allreduce_1M_tree_ll_chdefault,representative,AllReduce,4,1M,1048576,float,1,Tree,LL,DEFAULT,"0,1,2,3",2853.32,0.37,0.55,0,0,PASS
/data/coding/comm-study-migration-rtx4090-20260826/results/rtx4090_sm89_4gpu/20260826T222600Z_debug/logs/rep_r1_allreduce_8M_default_chdefault.log,rep_r1_allreduce_8M_default_chdefault,representative,AllReduce,4,8M,8388608,float,1,DEFAULT,DEFAULT,DEFAULT,"0,1,2,3",881.80,9.51,14.27,0,0,PASS
/data/coding/comm-study-migration-rtx4090-20260826/results/rtx4090_sm89_4gpu/20260826T222600Z_debug/logs/rep_r1_allreduce_8M_ring_simple_chdefault.log,rep_r1_allreduce_8M_ring_simple_chdefault,representative,AllReduce,4,8M,8388608,float,1,Ring,Simple,DEFAULT,"0,1,2,3",868.58,9.66,14.49,0,0,PASS
/data/coding/comm-study-migration-rtx4090-20260826/results/rtx4090_sm89_4gpu/20260826T222600Z_debug/logs/rep_r1_allreduce_8M_ring_ll_chdefault.log,rep_r1_allreduce_8M_ring_ll_chdefault,representative,AllReduce,4,8M,8388608,float,1,Ring,LL,DEFAULT,"0,1,2,3",2823.43,2.97,4.46,0,0,PASS
/data/coding/comm-study-migration-rtx4090-20260826/results/rtx4090_sm89_4gpu/20260826T222600Z_debug/logs/rep_r1_allreduce_8M_tree_simple_chdefault.log,rep_r1_allreduce_8M_tree_simple_chdefault,representative,AllReduce,4,8M,8388608,float,1,Tree,Simple,DEFAULT,"0,1,2,3",989.03,8.48,12.72,0,0,PASS
/data/coding/comm-study-migration-rtx4090-20260826/results/rtx4090_sm89_4gpu/20260826T222600Z_debug/logs/rep_r1_allreduce_8M_tree_ll_chdefault.log,rep_r1_allreduce_8M_tree_ll_chdefault,representative,AllReduce,4,8M,8388608,float,1,Tree,LL,DEFAULT,"0,1,2,3",20859.9,0.40,0.60,0,0,PASS
/data/coding/comm-study-migration-rtx4090-20260826/results/rtx4090_sm89_4gpu/20260826T222600Z_debug/logs/rep_r1_allreduce_64M_default_chdefault.log,rep_r1_allreduce_64M_default_chdefault,representative,AllReduce,4,64M,67108864,float,1,DEFAULT,DEFAULT,DEFAULT,"0,1,2,3",5725.06,11.72,17.58,0,0,PASS
/data/coding/comm-study-migration-rtx4090-20260826/results/rtx4090_sm89_4gpu/20260826T222600Z_debug/logs/rep_r1_allreduce_64M_ring_simple_chdefault.log,rep_r1_allreduce_64M_ring_simple_chdefault,representative,AllReduce,4,64M,67108864,float,1,Ring,Simple,DEFAULT,"0,1,2,3",5772.96,11.62,17.44,0,0,PASS
/data/coding/comm-study-migration-rtx4090-20260826/results/rtx4090_sm89_4gpu/20260826T222600Z_debug/logs/rep_r1_allreduce_64M_ring_ll_chdefault.log,rep_r1_allreduce_64M_ring_ll_chdefault,representative,AllReduce,4,64M,67108864,float,1,Ring,LL,DEFAULT,"0,1,2,3",15467.0,4.34,6.51,0,0,PASS
/data/coding/comm-study-migration-rtx4090-20260826/results/rtx4090_sm89_4gpu/20260826T222600Z_debug/logs/rep_r1_allreduce_64M_tree_simple_chdefault.log,rep_r1_allreduce_64M_tree_simple_chdefault,representative,AllReduce,4,64M,67108864,float,1,Tree,Simple,DEFAULT,"0,1,2,3",6506.62,10.31,15.47,0,0,PASS
/data/coding/comm-study-migration-rtx4090-20260826/results/rtx4090_sm89_4gpu/20260826T222600Z_debug/logs/rep_r1_allreduce_64M_tree_ll_chdefault.log,rep_r1_allreduce_64M_tree_ll_chdefault,representative,AllReduce,4,64M,67108864,float,1,Tree,LL,DEFAULT,"0,1,2,3",27119.7,2.47,3.71,0,0,PASS
/data/coding/comm-study-migration-rtx4090-20260826/results/rtx4090_sm89_4gpu/20260826T222600Z_debug/logs/rep_r1_allreduce_256M_default_chdefault.log,rep_r1_allreduce_256M_default_chdefault,representative,AllReduce,4,256M,268435456,float,1,DEFAULT,DEFAULT,DEFAULT,"0,1,2,3",22848.4,11.75,17.62,0,0,PASS
/data/coding/comm-study-migration-rtx4090-20260826/results/rtx4090_sm89_4gpu/20260826T222600Z_debug/logs/rep_r1_allreduce_256M_ring_simple_chdefault.log,rep_r1_allreduce_256M_ring_simple_chdefault,representative,AllReduce,4,256M,268435456,float,1,Ring,Simple,DEFAULT,"0,1,2,3",22709.9,11.82,17.73,0,0,PASS
/data/coding/comm-study-migration-rtx4090-20260826/results/rtx4090_sm89_4gpu/20260826T222600Z_debug/logs/rep_r1_allreduce_256M_ring_ll_chdefault.log,rep_r1_allreduce_256M_ring_ll_chdefault,representative,AllReduce,4,256M,268435456,float,1,Ring,LL,DEFAULT,"0,1,2,3",61946.9,4.33,6.50,0,0,PASS
/data/coding/comm-study-migration-rtx4090-20260826/results/rtx4090_sm89_4gpu/20260826T222600Z_debug/logs/rep_r1_allreduce_256M_tree_simple_chdefault.log,rep_r1_allreduce_256M_tree_simple_chdefault,representative,AllReduce,4,256M,268435456,float,1,Tree,Simple,DEFAULT,"0,1,2,3",25399.2,10.57,15.85,0,0,PASS
/data/coding/comm-study-migration-rtx4090-20260826/results/rtx4090_sm89_4gpu/20260826T222600Z_debug/logs/rep_r1_allreduce_256M_tree_ll_chdefault.log,rep_r1_allreduce_256M_tree_ll_chdefault,representative,AllReduce,4,256M,268435456,float,1,Tree,LL,DEFAULT,"0,1,2,3",105165,2.55,3.83,0,0,PASS
/data/coding/comm-study-migration-rtx4090-20260826/results/rtx4090_sm89_4gpu/20260826T222600Z_debug/logs/rep_r1_reducescatter_4K_default_chdefault.log,rep_r1_reducescatter_4K_default_chdefault,representative,ReduceScatter,4,4K,4096,float,1,DEFAULT,DEFAULT,DEFAULT,"0,1,2,3",9.23,0.44,0.33,0,0,PASS
/data/coding/comm-study-migration-rtx4090-20260826/results/rtx4090_sm89_4gpu/20260826T222600Z_debug/logs/rep_r1_reducescatter_4K_ring_simple_chdefault.log,rep_r1_reducescatter_4K_ring_simple_chdefault,representative,ReduceScatter,4,4K,4096,float,1,Ring,Simple,DEFAULT,"0,1,2,3",21.55,0.19,0.14,0,0,PASS
/data/coding/comm-study-migration-rtx4090-20260826/results/rtx4090_sm89_4gpu/20260826T222600Z_debug/logs/rep_r1_reducescatter_4K_ring_ll_chdefault.log,rep_r1_reducescatter_4K_ring_ll_chdefault,representative,ReduceScatter,4,4K,4096,float,1,Ring,LL,DEFAULT,"0,1,2,3",9.05,0.45,0.34,0,0,PASS
/data/coding/comm-study-migration-rtx4090-20260826/results/rtx4090_sm89_4gpu/20260826T222600Z_debug/logs/rep_r1_reducescatter_64K_default_chdefault.log,rep_r1_reducescatter_64K_default_chdefault,representative,ReduceScatter,4,64K,65536,float,1,DEFAULT,DEFAULT,DEFAULT,"0,1,2,3",20.21,3.24,2.43,0,0,PASS
/data/coding/comm-study-migration-rtx4090-20260826/results/rtx4090_sm89_4gpu/20260826T222600Z_debug/logs/rep_r1_reducescatter_64K_ring_simple_chdefault.log,rep_r1_reducescatter_64K_ring_simple_chdefault,representative,ReduceScatter,4,64K,65536,float,1,Ring,Simple,DEFAULT,"0,1,2,3",38.02,1.72,1.29,0,0,PASS
/data/coding/comm-study-migration-rtx4090-20260826/results/rtx4090_sm89_4gpu/20260826T222600Z_debug/logs/rep_r1_reducescatter_64K_ring_ll_chdefault.log,rep_r1_reducescatter_64K_ring_ll_chdefault,representative,ReduceScatter,4,64K,65536,float,1,Ring,LL,DEFAULT,"0,1,2,3",19.20,3.41,2.56,0,0,PASS
/data/coding/comm-study-migration-rtx4090-20260826/results/rtx4090_sm89_4gpu/20260826T222600Z_debug/logs/rep_r1_reducescatter_1M_default_chdefault.log,rep_r1_reducescatter_1M_default_chdefault,representative,ReduceScatter,4,1M,1048576,float,1,DEFAULT,DEFAULT,DEFAULT,"0,1,2,3",90.07,11.64,8.73,0,0,PASS
/data/coding/comm-study-migration-rtx4090-20260826/results/rtx4090_sm89_4gpu/20260826T222600Z_debug/logs/rep_r1_reducescatter_1M_ring_simple_chdefault.log,rep_r1_reducescatter_1M_ring_simple_chdefault,representative,ReduceScatter,4,1M,1048576,float,1,Ring,Simple,DEFAULT,"0,1,2,3",90.95,11.53,8.65,0,0,PASS
/data/coding/comm-study-migration-rtx4090-20260826/results/rtx4090_sm89_4gpu/20260826T222600Z_debug/logs/rep_r1_reducescatter_1M_ring_ll_chdefault.log,rep_r1_reducescatter_1M_ring_ll_chdefault,representative,ReduceScatter,4,1M,1048576,float,1,Ring,LL,DEFAULT,"0,1,2,3",225.99,4.64,3.48,0,0,PASS
/data/coding/comm-study-migration-rtx4090-20260826/results/rtx4090_sm89_4gpu/20260826T222600Z_debug/logs/rep_r1_reducescatter_8M_default_chdefault.log,rep_r1_reducescatter_8M_default_chdefault,representative,ReduceScatter,4,8M,8388608,float,1,DEFAULT,DEFAULT,DEFAULT,"0,1,2,3",527.57,15.90,11.93,0,0,PASS
/data/coding/comm-study-migration-rtx4090-20260826/results/rtx4090_sm89_4gpu/20260826T222600Z_debug/logs/rep_r1_reducescatter_8M_ring_simple_chdefault.log,rep_r1_reducescatter_8M_ring_simple_chdefault,representative,ReduceScatter,4,8M,8388608,float,1,Ring,Simple,DEFAULT,"0,1,2,3",524.08,16.01,12.00,0,0,PASS
/data/coding/comm-study-migration-rtx4090-20260826/results/rtx4090_sm89_4gpu/20260826T222600Z_debug/logs/rep_r1_reducescatter_8M_ring_ll_chdefault.log,rep_r1_reducescatter_8M_ring_ll_chdefault,representative,ReduceScatter,4,8M,8388608,float,1,Ring,LL,DEFAULT,"0,1,2,3",1548.03,5.42,4.06,0,0,PASS
/data/coding/comm-study-migration-rtx4090-20260826/results/rtx4090_sm89_4gpu/20260826T222600Z_debug/logs/rep_r1_reducescatter_64M_default_chdefault.log,rep_r1_reducescatter_64M_default_chdefault,representative,ReduceScatter,4,64M,67108864,float,1,DEFAULT,DEFAULT,DEFAULT,"0,1,2,3",3171.73,21.16,15.87,0,0,PASS
/data/coding/comm-study-migration-rtx4090-20260826/results/rtx4090_sm89_4gpu/20260826T222600Z_debug/logs/rep_r1_reducescatter_64M_ring_simple_chdefault.log,rep_r1_reducescatter_64M_ring_simple_chdefault,representative,ReduceScatter,4,64M,67108864,float,1,Ring,Simple,DEFAULT,"0,1,2,3",3181.30,21.09,15.82,0,0,PASS
/data/coding/comm-study-migration-rtx4090-20260826/results/rtx4090_sm89_4gpu/20260826T222600Z_debug/logs/rep_r1_reducescatter_64M_ring_ll_chdefault.log,rep_r1_reducescatter_64M_ring_ll_chdefault,representative,ReduceScatter,4,64M,67108864,float,1,Ring,LL,DEFAULT,"0,1,2,3",9753.77,6.88,5.16,0,0,PASS
/data/coding/comm-study-migration-rtx4090-20260826/results/rtx4090_sm89_4gpu/20260826T222600Z_debug/logs/rep_r1_reducescatter_256M_default_chdefault.log,rep_r1_reducescatter_256M_default_chdefault,representative,ReduceScatter,4,256M,268435456,float,1,DEFAULT,DEFAULT,DEFAULT,"0,1,2,3",12698.0,21.14,15.86,0,0,PASS
/data/coding/comm-study-migration-rtx4090-20260826/results/rtx4090_sm89_4gpu/20260826T222600Z_debug/logs/rep_r1_reducescatter_256M_ring_simple_chdefault.log,rep_r1_reducescatter_256M_ring_simple_chdefault,representative,ReduceScatter,4,256M,268435456,float,1,Ring,Simple,DEFAULT,"0,1,2,3",12630.7,21.25,15.94,0,0,PASS
/data/coding/comm-study-migration-rtx4090-20260826/results/rtx4090_sm89_4gpu/20260826T222600Z_debug/logs/rep_r1_reducescatter_256M_ring_ll_chdefault.log,rep_r1_reducescatter_256M_ring_ll_chdefault,representative,ReduceScatter,4,256M,268435456,float,1,Ring,LL,DEFAULT,"0,1,2,3",38636.5,6.95,5.21,0,0,PASS
/data/coding/comm-study-migration-rtx4090-20260826/results/rtx4090_sm89_4gpu/20260826T222600Z_debug/logs/rep_r2_allgather_4K_default_chdefault.log,rep_r2_allgather_4K_default_chdefault,representative,AllGather,4,4K,4096,float,2,DEFAULT,DEFAULT,DEFAULT,"0,1,2,3",12.08,0.34,0.25,0,0,PASS
/data/coding/comm-study-migration-rtx4090-20260826/results/rtx4090_sm89_4gpu/20260826T222600Z_debug/logs/rep_r2_allgather_4K_ring_simple_chdefault.log,rep_r2_allgather_4K_ring_simple_chdefault,representative,AllGather,4,4K,4096,float,2,Ring,Simple,DEFAULT,"0,1,2,3",26.75,0.15,0.11,0,0,PASS
/data/coding/comm-study-migration-rtx4090-20260826/results/rtx4090_sm89_4gpu/20260826T222600Z_debug/logs/rep_r2_allgather_4K_ring_ll_chdefault.log,rep_r2_allgather_4K_ring_ll_chdefault,representative,AllGather,4,4K,4096,float,2,Ring,LL,DEFAULT,"0,1,2,3",11.73,0.35,0.26,0,0,PASS
/data/coding/comm-study-migration-rtx4090-20260826/results/rtx4090_sm89_4gpu/20260826T222600Z_debug/logs/rep_r2_allgather_64K_default_chdefault.log,rep_r2_allgather_64K_default_chdefault,representative,AllGather,4,64K,65536,float,2,DEFAULT,DEFAULT,DEFAULT,"0,1,2,3",21.16,3.10,2.32,0,0,PASS
/data/coding/comm-study-migration-rtx4090-20260826/results/rtx4090_sm89_4gpu/20260826T222600Z_debug/logs/rep_r2_allgather_64K_ring_simple_chdefault.log,rep_r2_allgather_64K_ring_simple_chdefault,representative,AllGather,4,64K,65536,float,2,Ring,Simple,DEFAULT,"0,1,2,3",38.91,1.68,1.26,0,0,PASS
/data/coding/comm-study-migration-rtx4090-20260826/results/rtx4090_sm89_4gpu/20260826T222600Z_debug/logs/rep_r2_allgather_64K_ring_ll_chdefault.log,rep_r2_allgather_64K_ring_ll_chdefault,representative,AllGather,4,64K,65536,float,2,Ring,LL,DEFAULT,"0,1,2,3",19.53,3.36,2.52,0,0,PASS
/data/coding/comm-study-migration-rtx4090-20260826/results/rtx4090_sm89_4gpu/20260826T222600Z_debug/logs/rep_r2_allgather_1M_default_chdefault.log,rep_r2_allgather_1M_default_chdefault,representative,AllGather,4,1M,1048576,float,2,DEFAULT,DEFAULT,DEFAULT,"0,1,2,3",93.26,11.24,8.43,0,0,PASS
/data/coding/comm-study-migration-rtx4090-20260826/results/rtx4090_sm89_4gpu/20260826T222600Z_debug/logs/rep_r2_allgather_1M_ring_simple_chdefault.log,rep_r2_allgather_1M_ring_simple_chdefault,representative,AllGather,4,1M,1048576,float,2,Ring,Simple,DEFAULT,"0,1,2,3",94.24,11.13,8.35,0,0,PASS
/data/coding/comm-study-migration-rtx4090-20260826/results/rtx4090_sm89_4gpu/20260826T222600Z_debug/logs/rep_r2_allgather_1M_ring_ll_chdefault.log,rep_r2_allgather_1M_ring_ll_chdefault,representative,AllGather,4,1M,1048576,float,2,Ring,LL,DEFAULT,"0,1,2,3",184.63,5.68,4.26,0,0,PASS
/data/coding/comm-study-migration-rtx4090-20260826/results/rtx4090_sm89_4gpu/20260826T222600Z_debug/logs/rep_r2_allgather_8M_default_chdefault.log,rep_r2_allgather_8M_default_chdefault,representative,AllGather,4,8M,8388608,float,2,DEFAULT,DEFAULT,DEFAULT,"0,1,2,3",497.72,16.85,12.64,0,0,PASS
/data/coding/comm-study-migration-rtx4090-20260826/results/rtx4090_sm89_4gpu/20260826T222600Z_debug/logs/rep_r2_allgather_8M_ring_simple_chdefault.log,rep_r2_allgather_8M_ring_simple_chdefault,representative,AllGather,4,8M,8388608,float,2,Ring,Simple,DEFAULT,"0,1,2,3",475.85,17.63,13.22,0,0,PASS
/data/coding/comm-study-migration-rtx4090-20260826/results/rtx4090_sm89_4gpu/20260826T222600Z_debug/logs/rep_r2_allgather_8M_ring_ll_chdefault.log,rep_r2_allgather_8M_ring_ll_chdefault,representative,AllGather,4,8M,8388608,float,2,Ring,LL,DEFAULT,"0,1,2,3",1218.14,6.89,5.16,0,0,PASS
/data/coding/comm-study-migration-rtx4090-20260826/results/rtx4090_sm89_4gpu/20260826T222600Z_debug/logs/rep_r2_allgather_64M_default_chdefault.log,rep_r2_allgather_64M_default_chdefault,representative,AllGather,4,64M,67108864,float,2,DEFAULT,DEFAULT,DEFAULT,"0,1,2,3",3005.83,22.33,16.74,0,0,PASS
/data/coding/comm-study-migration-rtx4090-20260826/results/rtx4090_sm89_4gpu/20260826T222600Z_debug/logs/rep_r2_allgather_64M_ring_simple_chdefault.log,rep_r2_allgather_64M_ring_simple_chdefault,representative,AllGather,4,64M,67108864,float,2,Ring,Simple,DEFAULT,"0,1,2,3",3019.62,22.22,16.67,0,0,PASS
/data/coding/comm-study-migration-rtx4090-20260826/results/rtx4090_sm89_4gpu/20260826T222600Z_debug/logs/rep_r2_allgather_64M_ring_ll_chdefault.log,rep_r2_allgather_64M_ring_ll_chdefault,representative,AllGather,4,64M,67108864,float,2,Ring,LL,DEFAULT,"0,1,2,3",9823.87,6.83,5.12,0,0,PASS
/data/coding/comm-study-migration-rtx4090-20260826/results/rtx4090_sm89_4gpu/20260826T222600Z_debug/logs/rep_r2_allgather_256M_default_chdefault.log,rep_r2_allgather_256M_default_chdefault,representative,AllGather,4,256M,268435456,float,2,DEFAULT,DEFAULT,DEFAULT,"0,1,2,3",12010.7,22.35,16.76,0,0,PASS
/data/coding/comm-study-migration-rtx4090-20260826/results/rtx4090_sm89_4gpu/20260826T222600Z_debug/logs/rep_r2_allgather_256M_ring_simple_chdefault.log,rep_r2_allgather_256M_ring_simple_chdefault,representative,AllGather,4,256M,268435456,float,2,Ring,Simple,DEFAULT,"0,1,2,3",11909.5,22.54,16.90,0,0,PASS
/data/coding/comm-study-migration-rtx4090-20260826/results/rtx4090_sm89_4gpu/20260826T222600Z_debug/logs/rep_r2_allgather_256M_ring_ll_chdefault.log,rep_r2_allgather_256M_ring_ll_chdefault,representative,AllGather,4,256M,268435456,float,2,Ring,LL,DEFAULT,"0,1,2,3",37836.6,7.09,5.32,0,0,PASS
/data/coding/comm-study-migration-rtx4090-20260826/results/rtx4090_sm89_4gpu/20260826T222600Z_debug/logs/rep_r2_allreduce_4K_default_chdefault.log,rep_r2_allreduce_4K_default_chdefault,representative,AllReduce,4,4K,4096,float,2,DEFAULT,DEFAULT,DEFAULT,"0,1,2,3",13.05,0.31,0.47,0,0,PASS
/data/coding/comm-study-migration-rtx4090-20260826/results/rtx4090_sm89_4gpu/20260826T222600Z_debug/logs/rep_r2_allreduce_4K_ring_simple_chdefault.log,rep_r2_allreduce_4K_ring_simple_chdefault,representative,AllReduce,4,4K,4096,float,2,Ring,Simple,DEFAULT,"0,1,2,3",41.54,0.10,0.15,0,0,PASS
/data/coding/comm-study-migration-rtx4090-20260826/results/rtx4090_sm89_4gpu/20260826T222600Z_debug/logs/rep_r2_allreduce_4K_ring_ll_chdefault.log,rep_r2_allreduce_4K_ring_ll_chdefault,representative,AllReduce,4,4K,4096,float,2,Ring,LL,DEFAULT,"0,1,2,3",17.69,0.23,0.35,0,0,PASS
/data/coding/comm-study-migration-rtx4090-20260826/results/rtx4090_sm89_4gpu/20260826T222600Z_debug/logs/rep_r2_allreduce_4K_tree_simple_chdefault.log,rep_r2_allreduce_4K_tree_simple_chdefault,representative,AllReduce,4,4K,4096,float,2,Tree,Simple,DEFAULT,"0,1,2,3",44.71,0.09,0.14,0,0,PASS
/data/coding/comm-study-migration-rtx4090-20260826/results/rtx4090_sm89_4gpu/20260826T222600Z_debug/logs/rep_r2_allreduce_4K_tree_ll_chdefault.log,rep_r2_allreduce_4K_tree_ll_chdefault,representative,AllReduce,4,4K,4096,float,2,Tree,LL,DEFAULT,"0,1,2,3",20.79,0.20,0.30,0,0,PASS
/data/coding/comm-study-migration-rtx4090-20260826/results/rtx4090_sm89_4gpu/20260826T222600Z_debug/logs/rep_r2_allreduce_64K_default_chdefault.log,rep_r2_allreduce_64K_default_chdefault,representative,AllReduce,4,64K,65536,float,2,DEFAULT,DEFAULT,DEFAULT,"0,1,2,3",31.90,2.05,3.08,0,0,PASS
/data/coding/comm-study-migration-rtx4090-20260826/results/rtx4090_sm89_4gpu/20260826T222600Z_debug/logs/rep_r2_allreduce_64K_ring_simple_chdefault.log,rep_r2_allreduce_64K_ring_simple_chdefault,representative,AllReduce,4,64K,65536,float,2,Ring,Simple,DEFAULT,"0,1,2,3",62.31,1.05,1.58,0,0,PASS
/data/coding/comm-study-migration-rtx4090-20260826/results/rtx4090_sm89_4gpu/20260826T222600Z_debug/logs/rep_r2_allreduce_64K_ring_ll_chdefault.log,rep_r2_allreduce_64K_ring_ll_chdefault,representative,AllReduce,4,64K,65536,float,2,Ring,LL,DEFAULT,"0,1,2,3",32.07,2.04,3.06,0,0,PASS
/data/coding/comm-study-migration-rtx4090-20260826/results/rtx4090_sm89_4gpu/20260826T222600Z_debug/logs/rep_r2_allreduce_64K_tree_simple_chdefault.log,rep_r2_allreduce_64K_tree_simple_chdefault,representative,AllReduce,4,64K,65536,float,2,Tree,Simple,DEFAULT,"0,1,2,3",69.00,0.95,1.42,0,0,PASS
/data/coding/comm-study-migration-rtx4090-20260826/results/rtx4090_sm89_4gpu/20260826T222600Z_debug/logs/rep_r2_allreduce_64K_tree_ll_chdefault.log,rep_r2_allreduce_64K_tree_ll_chdefault,representative,AllReduce,4,64K,65536,float,2,Tree,LL,DEFAULT,"0,1,2,3",77.87,0.84,1.26,0,0,PASS
/data/coding/comm-study-migration-rtx4090-20260826/results/rtx4090_sm89_4gpu/20260826T222600Z_debug/logs/rep_r2_allreduce_1M_default_chdefault.log,rep_r2_allreduce_1M_default_chdefault,representative,AllReduce,4,1M,1048576,float,2,DEFAULT,DEFAULT,DEFAULT,"0,1,2,3",167.30,6.27,9.40,0,0,PASS
/data/coding/comm-study-migration-rtx4090-20260826/results/rtx4090_sm89_4gpu/20260826T222600Z_debug/logs/rep_r2_allreduce_1M_ring_simple_chdefault.log,rep_r2_allreduce_1M_ring_simple_chdefault,representative,AllReduce,4,1M,1048576,float,2,Ring,Simple,DEFAULT,"0,1,2,3",195.39,5.37,8.05,0,0,PASS
/data/coding/comm-study-migration-rtx4090-20260826/results/rtx4090_sm89_4gpu/20260826T222600Z_debug/logs/rep_r2_allreduce_1M_ring_ll_chdefault.log,rep_r2_allreduce_1M_ring_ll_chdefault,representative,AllReduce,4,1M,1048576,float,2,Ring,LL,DEFAULT,"0,1,2,3",364.42,2.88,4.32,0,0,PASS
/data/coding/comm-study-migration-rtx4090-20260826/results/rtx4090_sm89_4gpu/20260826T222600Z_debug/logs/rep_r2_allreduce_1M_tree_simple_chdefault.log,rep_r2_allreduce_1M_tree_simple_chdefault,representative,AllReduce,4,1M,1048576,float,2,Tree,Simple,DEFAULT,"0,1,2,3",407.23,2.57,3.86,0,0,PASS
/data/coding/comm-study-migration-rtx4090-20260826/results/rtx4090_sm89_4gpu/20260826T222600Z_debug/logs/rep_r2_allreduce_1M_tree_ll_chdefault.log,rep_r2_allreduce_1M_tree_ll_chdefault,representative,AllReduce,4,1M,1048576,float,2,Tree,LL,DEFAULT,"0,1,2,3",2648.90,0.40,0.59,0,0,PASS
/data/coding/comm-study-migration-rtx4090-20260826/results/rtx4090_sm89_4gpu/20260826T222600Z_debug/logs/rep_r2_allreduce_8M_default_chdefault.log,rep_r2_allreduce_8M_default_chdefault,representative,AllReduce,4,8M,8388608,float,2,DEFAULT,DEFAULT,DEFAULT,"0,1,2,3",850.20,9.87,14.80,0,0,PASS
/data/coding/comm-study-migration-rtx4090-20260826/results/rtx4090_sm89_4gpu/20260826T222600Z_debug/logs/rep_r2_allreduce_8M_ring_simple_chdefault.log,rep_r2_allreduce_8M_ring_simple_chdefault,representative,AllReduce,4,8M,8388608,float,2,Ring,Simple,DEFAULT,"0,1,2,3",804.06,10.43,15.65,0,0,PASS
/data/coding/comm-study-migration-rtx4090-20260826/results/rtx4090_sm89_4gpu/20260826T222600Z_debug/logs/rep_r2_allreduce_8M_ring_ll_chdefault.log,rep_r2_allreduce_8M_ring_ll_chdefault,representative,AllReduce,4,8M,8388608,float,2,Ring,LL,DEFAULT,"0,1,2,3",2668.66,3.14,4.72,0,0,PASS
/data/coding/comm-study-migration-rtx4090-20260826/results/rtx4090_sm89_4gpu/20260826T222600Z_debug/logs/rep_r2_allreduce_8M_tree_simple_chdefault.log,rep_r2_allreduce_8M_tree_simple_chdefault,representative,AllReduce,4,8M,8388608,float,2,Tree,Simple,DEFAULT,"0,1,2,3",996.50,8.42,12.63,0,0,PASS
/data/coding/comm-study-migration-rtx4090-20260826/results/rtx4090_sm89_4gpu/20260826T222600Z_debug/logs/rep_r2_allreduce_8M_tree_ll_chdefault.log,rep_r2_allreduce_8M_tree_ll_chdefault,representative,AllReduce,4,8M,8388608,float,2,Tree,LL,DEFAULT,"0,1,2,3",23727.4,0.35,0.53,0,0,PASS
/data/coding/comm-study-migration-rtx4090-20260826/results/rtx4090_sm89_4gpu/20260826T222600Z_debug/logs/rep_r2_allreduce_64M_default_chdefault.log,rep_r2_allreduce_64M_default_chdefault,representative,AllReduce,4,64M,67108864,float,2,DEFAULT,DEFAULT,DEFAULT,"0,1,2,3",5717.11,11.74,17.61,0,0,PASS
/data/coding/comm-study-migration-rtx4090-20260826/results/rtx4090_sm89_4gpu/20260826T222600Z_debug/logs/rep_r2_allreduce_64M_ring_simple_chdefault.log,rep_r2_allreduce_64M_ring_simple_chdefault,representative,AllReduce,4,64M,67108864,float,2,Ring,Simple,DEFAULT,"0,1,2,3",5778.49,11.61,17.42,0,0,PASS
/data/coding/comm-study-migration-rtx4090-20260826/results/rtx4090_sm89_4gpu/20260826T222600Z_debug/logs/rep_r2_allreduce_64M_ring_ll_chdefault.log,rep_r2_allreduce_64M_ring_ll_chdefault,representative,AllReduce,4,64M,67108864,float,2,Ring,LL,DEFAULT,"0,1,2,3",15245.6,4.40,6.60,0,0,PASS
/data/coding/comm-study-migration-rtx4090-20260826/results/rtx4090_sm89_4gpu/20260826T222600Z_debug/logs/rep_r2_allreduce_64M_tree_simple_chdefault.log,rep_r2_allreduce_64M_tree_simple_chdefault,representative,AllReduce,4,64M,67108864,float,2,Tree,Simple,DEFAULT,"0,1,2,3",6600.14,10.17,15.25,0,0,PASS
/data/coding/comm-study-migration-rtx4090-20260826/results/rtx4090_sm89_4gpu/20260826T222600Z_debug/logs/rep_r2_allreduce_64M_tree_ll_chdefault.log,rep_r2_allreduce_64M_tree_ll_chdefault,representative,AllReduce,4,64M,67108864,float,2,Tree,LL,DEFAULT,"0,1,2,3",26438.9,2.54,3.81,0,0,PASS
/data/coding/comm-study-migration-rtx4090-20260826/results/rtx4090_sm89_4gpu/20260826T222600Z_debug/logs/rep_r2_allreduce_256M_default_chdefault.log,rep_r2_allreduce_256M_default_chdefault,representative,AllReduce,4,256M,268435456,float,2,DEFAULT,DEFAULT,DEFAULT,"0,1,2,3",22908.6,11.72,17.58,0,0,PASS
/data/coding/comm-study-migration-rtx4090-20260826/results/rtx4090_sm89_4gpu/20260826T222600Z_debug/logs/rep_r2_allreduce_256M_ring_simple_chdefault.log,rep_r2_allreduce_256M_ring_simple_chdefault,representative,AllReduce,4,256M,268435456,float,2,Ring,Simple,DEFAULT,"0,1,2,3",23011.2,11.67,17.50,0,0,PASS
/data/coding/comm-study-migration-rtx4090-20260826/results/rtx4090_sm89_4gpu/20260826T222600Z_debug/logs/rep_r2_allreduce_256M_ring_ll_chdefault.log,rep_r2_allreduce_256M_ring_ll_chdefault,representative,AllReduce,4,256M,268435456,float,2,Ring,LL,DEFAULT,"0,1,2,3",63530.3,4.23,6.34,0,0,PASS
/data/coding/comm-study-migration-rtx4090-20260826/results/rtx4090_sm89_4gpu/20260826T222600Z_debug/logs/rep_r2_allreduce_256M_tree_simple_chdefault.log,rep_r2_allreduce_256M_tree_simple_chdefault,representative,AllReduce,4,256M,268435456,float,2,Tree,Simple,DEFAULT,"0,1,2,3",25463.7,10.54,15.81,0,0,PASS
/data/coding/comm-study-migration-rtx4090-20260826/results/rtx4090_sm89_4gpu/20260826T222600Z_debug/logs/rep_r2_allreduce_256M_tree_ll_chdefault.log,rep_r2_allreduce_256M_tree_ll_chdefault,representative,AllReduce,4,256M,268435456,float,2,Tree,LL,DEFAULT,"0,1,2,3",103951,2.58,3.87,0,0,PASS
/data/coding/comm-study-migration-rtx4090-20260826/results/rtx4090_sm89_4gpu/20260826T222600Z_debug/logs/rep_r2_reducescatter_4K_default_chdefault.log,rep_r2_reducescatter_4K_default_chdefault,representative,ReduceScatter,4,4K,4096,float,2,DEFAULT,DEFAULT,DEFAULT,"0,1,2,3",8.59,0.48,0.36,0,0,PASS
/data/coding/comm-study-migration-rtx4090-20260826/results/rtx4090_sm89_4gpu/20260826T222600Z_debug/logs/rep_r2_reducescatter_4K_ring_simple_chdefault.log,rep_r2_reducescatter_4K_ring_simple_chdefault,representative,ReduceScatter,4,4K,4096,float,2,Ring,Simple,DEFAULT,"0,1,2,3",21.27,0.19,0.14,0,0,PASS
/data/coding/comm-study-migration-rtx4090-20260826/results/rtx4090_sm89_4gpu/20260826T222600Z_debug/logs/rep_r2_reducescatter_4K_ring_ll_chdefault.log,rep_r2_reducescatter_4K_ring_ll_chdefault,representative,ReduceScatter,4,4K,4096,float,2,Ring,LL,DEFAULT,"0,1,2,3",9.01,0.45,0.34,0,0,PASS
/data/coding/comm-study-migration-rtx4090-20260826/results/rtx4090_sm89_4gpu/20260826T222600Z_debug/logs/rep_r2_reducescatter_64K_default_chdefault.log,rep_r2_reducescatter_64K_default_chdefault,representative,ReduceScatter,4,64K,65536,float,2,DEFAULT,DEFAULT,DEFAULT,"0,1,2,3",19.11,3.43,2.57,0,0,PASS
/data/coding/comm-study-migration-rtx4090-20260826/results/rtx4090_sm89_4gpu/20260826T222600Z_debug/logs/rep_r2_reducescatter_64K_ring_simple_chdefault.log,rep_r2_reducescatter_64K_ring_simple_chdefault,representative,ReduceScatter,4,64K,65536,float,2,Ring,Simple,DEFAULT,"0,1,2,3",37.35,1.75,1.32,0,0,PASS
/data/coding/comm-study-migration-rtx4090-20260826/results/rtx4090_sm89_4gpu/20260826T222600Z_debug/logs/rep_r2_reducescatter_64K_ring_ll_chdefault.log,rep_r2_reducescatter_64K_ring_ll_chdefault,representative,ReduceScatter,4,64K,65536,float,2,Ring,LL,DEFAULT,"0,1,2,3",19.14,3.42,2.57,0,0,PASS
/data/coding/comm-study-migration-rtx4090-20260826/results/rtx4090_sm89_4gpu/20260826T222600Z_debug/logs/rep_r2_reducescatter_1M_default_chdefault.log,rep_r2_reducescatter_1M_default_chdefault,representative,ReduceScatter,4,1M,1048576,float,2,DEFAULT,DEFAULT,DEFAULT,"0,1,2,3",90.54,11.58,8.69,0,0,PASS
/data/coding/comm-study-migration-rtx4090-20260826/results/rtx4090_sm89_4gpu/20260826T222600Z_debug/logs/rep_r2_reducescatter_1M_ring_simple_chdefault.log,rep_r2_reducescatter_1M_ring_simple_chdefault,representative,ReduceScatter,4,1M,1048576,float,2,Ring,Simple,DEFAULT,"0,1,2,3",90.51,11.58,8.69,0,0,PASS
/data/coding/comm-study-migration-rtx4090-20260826/results/rtx4090_sm89_4gpu/20260826T222600Z_debug/logs/rep_r2_reducescatter_1M_ring_ll_chdefault.log,rep_r2_reducescatter_1M_ring_ll_chdefault,representative,ReduceScatter,4,1M,1048576,float,2,Ring,LL,DEFAULT,"0,1,2,3",314.87,3.33,2.50,0,0,PASS
/data/coding/comm-study-migration-rtx4090-20260826/results/rtx4090_sm89_4gpu/20260826T222600Z_debug/logs/rep_r2_reducescatter_8M_default_chdefault.log,rep_r2_reducescatter_8M_default_chdefault,representative,ReduceScatter,4,8M,8388608,float,2,DEFAULT,DEFAULT,DEFAULT,"0,1,2,3",578.45,14.50,10.88,0,0,PASS
/data/coding/comm-study-migration-rtx4090-20260826/results/rtx4090_sm89_4gpu/20260826T222600Z_debug/logs/rep_r2_reducescatter_8M_ring_simple_chdefault.log,rep_r2_reducescatter_8M_ring_simple_chdefault,representative,ReduceScatter,4,8M,8388608,float,2,Ring,Simple,DEFAULT,"0,1,2,3",520.60,16.11,12.09,0,0,PASS
/data/coding/comm-study-migration-rtx4090-20260826/results/rtx4090_sm89_4gpu/20260826T222600Z_debug/logs/rep_r2_reducescatter_8M_ring_ll_chdefault.log,rep_r2_reducescatter_8M_ring_ll_chdefault,representative,ReduceScatter,4,8M,8388608,float,2,Ring,LL,DEFAULT,"0,1,2,3",1619.18,5.18,3.89,0,0,PASS
/data/coding/comm-study-migration-rtx4090-20260826/results/rtx4090_sm89_4gpu/20260826T222600Z_debug/logs/rep_r2_reducescatter_64M_default_chdefault.log,rep_r2_reducescatter_64M_default_chdefault,representative,ReduceScatter,4,64M,67108864,float,2,DEFAULT,DEFAULT,DEFAULT,"0,1,2,3",3177.96,21.12,15.84,0,0,PASS
/data/coding/comm-study-migration-rtx4090-20260826/results/rtx4090_sm89_4gpu/20260826T222600Z_debug/logs/rep_r2_reducescatter_64M_ring_simple_chdefault.log,rep_r2_reducescatter_64M_ring_simple_chdefault,representative,ReduceScatter,4,64M,67108864,float,2,Ring,Simple,DEFAULT,"0,1,2,3",3176.40,21.13,15.85,0,0,PASS
/data/coding/comm-study-migration-rtx4090-20260826/results/rtx4090_sm89_4gpu/20260826T222600Z_debug/logs/rep_r2_reducescatter_64M_ring_ll_chdefault.log,rep_r2_reducescatter_64M_ring_ll_chdefault,representative,ReduceScatter,4,64M,67108864,float,2,Ring,LL,DEFAULT,"0,1,2,3",10095.8,6.65,4.99,0,0,PASS
/data/coding/comm-study-migration-rtx4090-20260826/results/rtx4090_sm89_4gpu/20260826T222600Z_debug/logs/rep_r2_reducescatter_256M_default_chdefault.log,rep_r2_reducescatter_256M_default_chdefault,representative,ReduceScatter,4,256M,268435456,float,2,DEFAULT,DEFAULT,DEFAULT,"0,1,2,3",12624.8,21.26,15.95,0,0,PASS
/data/coding/comm-study-migration-rtx4090-20260826/results/rtx4090_sm89_4gpu/20260826T222600Z_debug/logs/rep_r2_reducescatter_256M_ring_simple_chdefault.log,rep_r2_reducescatter_256M_ring_simple_chdefault,representative,ReduceScatter,4,256M,268435456,float,2,Ring,Simple,DEFAULT,"0,1,2,3",12670.4,21.19,15.89,0,0,PASS
/data/coding/comm-study-migration-rtx4090-20260826/results/rtx4090_sm89_4gpu/20260826T222600Z_debug/logs/rep_r2_reducescatter_256M_ring_ll_chdefault.log,rep_r2_reducescatter_256M_ring_ll_chdefault,representative,ReduceScatter,4,256M,268435456,float,2,Ring,LL,DEFAULT,"0,1,2,3",33156.1,8.10,6.07,0,0,PASS
/data/coding/comm-study-migration-rtx4090-20260826/results/rtx4090_sm89_4gpu/20260826T222600Z_debug/logs/rep_r3_allgather_4K_default_chdefault.log,rep_r3_allgather_4K_default_chdefault,representative,AllGather,4,4K,4096,float,3,DEFAULT,DEFAULT,DEFAULT,"0,1,2,3",9.17,0.45,0.33,0,0,PASS
/data/coding/comm-study-migration-rtx4090-20260826/results/rtx4090_sm89_4gpu/20260826T222600Z_debug/logs/rep_r3_allgather_4K_ring_simple_chdefault.log,rep_r3_allgather_4K_ring_simple_chdefault,representative,AllGather,4,4K,4096,float,3,Ring,Simple,DEFAULT,"0,1,2,3",23.79,0.17,0.13,0,0,PASS
/data/coding/comm-study-migration-rtx4090-20260826/results/rtx4090_sm89_4gpu/20260826T222600Z_debug/logs/rep_r3_allgather_4K_ring_ll_chdefault.log,rep_r3_allgather_4K_ring_ll_chdefault,representative,AllGather,4,4K,4096,float,3,Ring,LL,DEFAULT,"0,1,2,3",11.11,0.37,0.28,0,0,PASS
/data/coding/comm-study-migration-rtx4090-20260826/results/rtx4090_sm89_4gpu/20260826T222600Z_debug/logs/rep_r3_allgather_64K_default_chdefault.log,rep_r3_allgather_64K_default_chdefault,representative,AllGather,4,64K,65536,float,3,DEFAULT,DEFAULT,DEFAULT,"0,1,2,3",20.05,3.27,2.45,0,0,PASS
/data/coding/comm-study-migration-rtx4090-20260826/results/rtx4090_sm89_4gpu/20260826T222600Z_debug/logs/rep_r3_allgather_64K_ring_simple_chdefault.log,rep_r3_allgather_64K_ring_simple_chdefault,representative,AllGather,4,64K,65536,float,3,Ring,Simple,DEFAULT,"0,1,2,3",38.69,1.69,1.27,0,0,PASS
/data/coding/comm-study-migration-rtx4090-20260826/results/rtx4090_sm89_4gpu/20260826T222600Z_debug/logs/rep_r3_allgather_64K_ring_ll_chdefault.log,rep_r3_allgather_64K_ring_ll_chdefault,representative,AllGather,4,64K,65536,float,3,Ring,LL,DEFAULT,"0,1,2,3",19.19,3.42,2.56,0,0,PASS
/data/coding/comm-study-migration-rtx4090-20260826/results/rtx4090_sm89_4gpu/20260826T222600Z_debug/logs/rep_r3_allgather_1M_default_chdefault.log,rep_r3_allgather_1M_default_chdefault,representative,AllGather,4,1M,1048576,float,3,DEFAULT,DEFAULT,DEFAULT,"0,1,2,3",94.79,11.06,8.30,0,0,PASS
/data/coding/comm-study-migration-rtx4090-20260826/results/rtx4090_sm89_4gpu/20260826T222600Z_debug/logs/rep_r3_allgather_1M_ring_simple_chdefault.log,rep_r3_allgather_1M_ring_simple_chdefault,representative,AllGather,4,1M,1048576,float,3,Ring,Simple,DEFAULT,"0,1,2,3",94.95,11.04,8.28,0,0,PASS
/data/coding/comm-study-migration-rtx4090-20260826/results/rtx4090_sm89_4gpu/20260826T222600Z_debug/logs/rep_r3_allgather_1M_ring_ll_chdefault.log,rep_r3_allgather_1M_ring_ll_chdefault,representative,AllGather,4,1M,1048576,float,3,Ring,LL,DEFAULT,"0,1,2,3",235.07,4.46,3.35,0,0,PASS
/data/coding/comm-study-migration-rtx4090-20260826/results/rtx4090_sm89_4gpu/20260826T222600Z_debug/logs/rep_r3_allgather_8M_default_chdefault.log,rep_r3_allgather_8M_default_chdefault,representative,AllGather,4,8M,8388608,float,3,DEFAULT,DEFAULT,DEFAULT,"0,1,2,3",449.72,18.65,13.99,0,0,PASS
/data/coding/comm-study-migration-rtx4090-20260826/results/rtx4090_sm89_4gpu/20260826T222600Z_debug/logs/rep_r3_allgather_8M_ring_simple_chdefault.log,rep_r3_allgather_8M_ring_simple_chdefault,representative,AllGather,4,8M,8388608,float,3,Ring,Simple,DEFAULT,"0,1,2,3",494.73,16.96,12.72,0,0,PASS
/data/coding/comm-study-migration-rtx4090-20260826/results/rtx4090_sm89_4gpu/20260826T222600Z_debug/logs/rep_r3_allgather_8M_ring_ll_chdefault.log,rep_r3_allgather_8M_ring_ll_chdefault,representative,AllGather,4,8M,8388608,float,3,Ring,LL,DEFAULT,"0,1,2,3",1380.75,6.08,4.56,0,0,PASS
/data/coding/comm-study-migration-rtx4090-20260826/results/rtx4090_sm89_4gpu/20260826T222600Z_debug/logs/rep_r3_allgather_64M_default_chdefault.log,rep_r3_allgather_64M_default_chdefault,representative,AllGather,4,64M,67108864,float,3,DEFAULT,DEFAULT,DEFAULT,"0,1,2,3",3004.41,22.34,16.75,0,0,PASS
/data/coding/comm-study-migration-rtx4090-20260826/results/rtx4090_sm89_4gpu/20260826T222600Z_debug/logs/rep_r3_allgather_64M_ring_simple_chdefault.log,rep_r3_allgather_64M_ring_simple_chdefault,representative,AllGather,4,64M,67108864,float,3,Ring,Simple,DEFAULT,"0,1,2,3",3007.95,22.31,16.73,0,0,PASS
/data/coding/comm-study-migration-rtx4090-20260826/results/rtx4090_sm89_4gpu/20260826T222600Z_debug/logs/rep_r3_allgather_64M_ring_ll_chdefault.log,rep_r3_allgather_64M_ring_ll_chdefault,representative,AllGather,4,64M,67108864,float,3,Ring,LL,DEFAULT,"0,1,2,3",9762.66,6.87,5.16,0,0,PASS
/data/coding/comm-study-migration-rtx4090-20260826/results/rtx4090_sm89_4gpu/20260826T222600Z_debug/logs/rep_r3_allgather_256M_default_chdefault.log,rep_r3_allgather_256M_default_chdefault,representative,AllGather,4,256M,268435456,float,3,DEFAULT,DEFAULT,DEFAULT,"0,1,2,3",11987.2,22.39,16.80,0,0,PASS
/data/coding/comm-study-migration-rtx4090-20260826/results/rtx4090_sm89_4gpu/20260826T222600Z_debug/logs/rep_r3_allgather_256M_ring_simple_chdefault.log,rep_r3_allgather_256M_ring_simple_chdefault,representative,AllGather,4,256M,268435456,float,3,Ring,Simple,DEFAULT,"0,1,2,3",12008.3,22.35,16.77,0,0,PASS
/data/coding/comm-study-migration-rtx4090-20260826/results/rtx4090_sm89_4gpu/20260826T222600Z_debug/logs/rep_r3_allgather_256M_ring_ll_chdefault.log,rep_r3_allgather_256M_ring_ll_chdefault,representative,AllGather,4,256M,268435456,float,3,Ring,LL,DEFAULT,"0,1,2,3",39321.5,6.83,5.12,0,0,PASS
/data/coding/comm-study-migration-rtx4090-20260826/results/rtx4090_sm89_4gpu/20260826T222600Z_debug/logs/rep_r3_allreduce_4K_default_chdefault.log,rep_r3_allreduce_4K_default_chdefault,representative,AllReduce,4,4K,4096,float,3,DEFAULT,DEFAULT,DEFAULT,"0,1,2,3",13.22,0.31,0.46,0,0,PASS
/data/coding/comm-study-migration-rtx4090-20260826/results/rtx4090_sm89_4gpu/20260826T222600Z_debug/logs/rep_r3_allreduce_4K_ring_simple_chdefault.log,rep_r3_allreduce_4K_ring_simple_chdefault,representative,AllReduce,4,4K,4096,float,3,Ring,Simple,DEFAULT,"0,1,2,3",40.69,0.10,0.15,0,0,PASS
/data/coding/comm-study-migration-rtx4090-20260826/results/rtx4090_sm89_4gpu/20260826T222600Z_debug/logs/rep_r3_allreduce_4K_ring_ll_chdefault.log,rep_r3_allreduce_4K_ring_ll_chdefault,representative,AllReduce,4,4K,4096,float,3,Ring,LL,DEFAULT,"0,1,2,3",17.24,0.24,0.36,0,0,PASS
/data/coding/comm-study-migration-rtx4090-20260826/results/rtx4090_sm89_4gpu/20260826T222600Z_debug/logs/rep_r3_allreduce_4K_tree_simple_chdefault.log,rep_r3_allreduce_4K_tree_simple_chdefault,representative,AllReduce,4,4K,4096,float,3,Tree,Simple,DEFAULT,"0,1,2,3",44.24,0.09,0.14,0,0,PASS
/data/coding/comm-study-migration-rtx4090-20260826/results/rtx4090_sm89_4gpu/20260826T222600Z_debug/logs/rep_r3_allreduce_4K_tree_ll_chdefault.log,rep_r3_allreduce_4K_tree_ll_chdefault,representative,AllReduce,4,4K,4096,float,3,Tree,LL,DEFAULT,"0,1,2,3",21.28,0.19,0.29,0,0,PASS
/data/coding/comm-study-migration-rtx4090-20260826/results/rtx4090_sm89_4gpu/20260826T222600Z_debug/logs/rep_r3_allreduce_64K_default_chdefault.log,rep_r3_allreduce_64K_default_chdefault,representative,AllReduce,4,64K,65536,float,3,DEFAULT,DEFAULT,DEFAULT,"0,1,2,3",31.16,2.10,3.15,0,0,PASS
/data/coding/comm-study-migration-rtx4090-20260826/results/rtx4090_sm89_4gpu/20260826T222600Z_debug/logs/rep_r3_allreduce_64K_ring_simple_chdefault.log,rep_r3_allreduce_64K_ring_simple_chdefault,representative,AllReduce,4,64K,65536,float,3,Ring,Simple,DEFAULT,"0,1,2,3",62.52,1.05,1.57,0,0,PASS
/data/coding/comm-study-migration-rtx4090-20260826/results/rtx4090_sm89_4gpu/20260826T222600Z_debug/logs/rep_r3_allreduce_64K_ring_ll_chdefault.log,rep_r3_allreduce_64K_ring_ll_chdefault,representative,AllReduce,4,64K,65536,float,3,Ring,LL,DEFAULT,"0,1,2,3",32.63,2.01,3.01,0,0,PASS
/data/coding/comm-study-migration-rtx4090-20260826/results/rtx4090_sm89_4gpu/20260826T222600Z_debug/logs/rep_r3_allreduce_64K_tree_simple_chdefault.log,rep_r3_allreduce_64K_tree_simple_chdefault,representative,AllReduce,4,64K,65536,float,3,Tree,Simple,DEFAULT,"0,1,2,3",69.81,0.94,1.41,0,0,PASS
/data/coding/comm-study-migration-rtx4090-20260826/results/rtx4090_sm89_4gpu/20260826T222600Z_debug/logs/rep_r3_allreduce_64K_tree_ll_chdefault.log,rep_r3_allreduce_64K_tree_ll_chdefault,representative,AllReduce,4,64K,65536,float,3,Tree,LL,DEFAULT,"0,1,2,3",57.37,1.14,1.71,0,0,PASS
/data/coding/comm-study-migration-rtx4090-20260826/results/rtx4090_sm89_4gpu/20260826T222600Z_debug/logs/rep_r3_allreduce_1M_default_chdefault.log,rep_r3_allreduce_1M_default_chdefault,representative,AllReduce,4,1M,1048576,float,3,DEFAULT,DEFAULT,DEFAULT,"0,1,2,3",169.12,6.20,9.30,0,0,PASS
/data/coding/comm-study-migration-rtx4090-20260826/results/rtx4090_sm89_4gpu/20260826T222600Z_debug/logs/rep_r3_allreduce_1M_ring_simple_chdefault.log,rep_r3_allreduce_1M_ring_simple_chdefault,representative,AllReduce,4,1M,1048576,float,3,Ring,Simple,DEFAULT,"0,1,2,3",181.55,5.78,8.66,0,0,PASS
/data/coding/comm-study-migration-rtx4090-20260826/results/rtx4090_sm89_4gpu/20260826T222600Z_debug/logs/rep_r3_allreduce_1M_ring_ll_chdefault.log,rep_r3_allreduce_1M_ring_ll_chdefault,representative,AllReduce,4,1M,1048576,float,3,Ring,LL,DEFAULT,"0,1,2,3",411.35,2.55,3.82,0,0,PASS
/data/coding/comm-study-migration-rtx4090-20260826/results/rtx4090_sm89_4gpu/20260826T222600Z_debug/logs/rep_r3_allreduce_1M_tree_simple_chdefault.log,rep_r3_allreduce_1M_tree_simple_chdefault,representative,AllReduce,4,1M,1048576,float,3,Tree,Simple,DEFAULT,"0,1,2,3",435.29,2.41,3.61,0,0,PASS
/data/coding/comm-study-migration-rtx4090-20260826/results/rtx4090_sm89_4gpu/20260826T222600Z_debug/logs/rep_r3_allreduce_1M_tree_ll_chdefault.log,rep_r3_allreduce_1M_tree_ll_chdefault,representative,AllReduce,4,1M,1048576,float,3,Tree,LL,DEFAULT,"0,1,2,3",2576.59,0.41,0.61,0,0,PASS
/data/coding/comm-study-migration-rtx4090-20260826/results/rtx4090_sm89_4gpu/20260826T222600Z_debug/logs/rep_r3_allreduce_8M_default_chdefault.log,rep_r3_allreduce_8M_default_chdefault,representative,AllReduce,4,8M,8388608,float,3,DEFAULT,DEFAULT,DEFAULT,"0,1,2,3",854.16,9.82,14.73,0,0,PASS
/data/coding/comm-study-migration-rtx4090-20260826/results/rtx4090_sm89_4gpu/20260826T222600Z_debug/logs/rep_r3_allreduce_8M_ring_simple_chdefault.log,rep_r3_allreduce_8M_ring_simple_chdefault,representative,AllReduce,4,8M,8388608,float,3,Ring,Simple,DEFAULT,"0,1,2,3",861.39,9.74,14.61,0,0,PASS
/data/coding/comm-study-migration-rtx4090-20260826/results/rtx4090_sm89_4gpu/20260826T222600Z_debug/logs/rep_r3_allreduce_8M_ring_ll_chdefault.log,rep_r3_allreduce_8M_ring_ll_chdefault,representative,AllReduce,4,8M,8388608,float,3,Ring,LL,DEFAULT,"0,1,2,3",2846.91,2.95,4.42,0,0,PASS
/data/coding/comm-study-migration-rtx4090-20260826/results/rtx4090_sm89_4gpu/20260826T222600Z_debug/logs/rep_r3_allreduce_8M_tree_simple_chdefault.log,rep_r3_allreduce_8M_tree_simple_chdefault,representative,AllReduce,4,8M,8388608,float,3,Tree,Simple,DEFAULT,"0,1,2,3",988.36,8.49,12.73,0,0,PASS
/data/coding/comm-study-migration-rtx4090-20260826/results/rtx4090_sm89_4gpu/20260826T222600Z_debug/logs/rep_r3_allreduce_8M_tree_ll_chdefault.log,rep_r3_allreduce_8M_tree_ll_chdefault,representative,AllReduce,4,8M,8388608,float,3,Tree,LL,DEFAULT,"0,1,2,3",32436.6,0.26,0.39,0,0,PASS
/data/coding/comm-study-migration-rtx4090-20260826/results/rtx4090_sm89_4gpu/20260826T222600Z_debug/logs/rep_r3_allreduce_64M_default_chdefault.log,rep_r3_allreduce_64M_default_chdefault,representative,AllReduce,4,64M,67108864,float,3,DEFAULT,DEFAULT,DEFAULT,"0,1,2,3",5752.97,11.67,17.50,0,0,PASS
/data/coding/comm-study-migration-rtx4090-20260826/results/rtx4090_sm89_4gpu/20260826T222600Z_debug/logs/rep_r3_allreduce_64M_ring_simple_chdefault.log,rep_r3_allreduce_64M_ring_simple_chdefault,representative,AllReduce,4,64M,67108864,float,3,Ring,Simple,DEFAULT,"0,1,2,3",5782.19,11.61,17.41,0,0,PASS
/data/coding/comm-study-migration-rtx4090-20260826/results/rtx4090_sm89_4gpu/20260826T222600Z_debug/logs/rep_r3_allreduce_64M_ring_ll_chdefault.log,rep_r3_allreduce_64M_ring_ll_chdefault,representative,AllReduce,4,64M,67108864,float,3,Ring,LL,DEFAULT,"0,1,2,3",15481.8,4.33,6.50,0,0,PASS
/data/coding/comm-study-migration-rtx4090-20260826/results/rtx4090_sm89_4gpu/20260826T222600Z_debug/logs/rep_r3_allreduce_64M_tree_simple_chdefault.log,rep_r3_allreduce_64M_tree_simple_chdefault,representative,AllReduce,4,64M,67108864,float,3,Tree,Simple,DEFAULT,"0,1,2,3",6500.49,10.32,15.49,0,0,PASS
/data/coding/comm-study-migration-rtx4090-20260826/results/rtx4090_sm89_4gpu/20260826T222600Z_debug/logs/rep_r3_allreduce_64M_tree_ll_chdefault.log,rep_r3_allreduce_64M_tree_ll_chdefault,representative,AllReduce,4,64M,67108864,float,3,Tree,LL,DEFAULT,"0,1,2,3",26331.9,2.55,3.82,0,0,PASS
/data/coding/comm-study-migration-rtx4090-20260826/results/rtx4090_sm89_4gpu/20260826T222600Z_debug/logs/rep_r3_allreduce_256M_default_chdefault.log,rep_r3_allreduce_256M_default_chdefault,representative,AllReduce,4,256M,268435456,float,3,DEFAULT,DEFAULT,DEFAULT,"0,1,2,3",22746.6,11.80,17.70,0,0,PASS
/data/coding/comm-study-migration-rtx4090-20260826/results/rtx4090_sm89_4gpu/20260826T222600Z_debug/logs/rep_r3_allreduce_256M_ring_simple_chdefault.log,rep_r3_allreduce_256M_ring_simple_chdefault,representative,AllReduce,4,256M,268435456,float,3,Ring,Simple,DEFAULT,"0,1,2,3",22791.7,11.78,17.67,0,0,PASS
/data/coding/comm-study-migration-rtx4090-20260826/results/rtx4090_sm89_4gpu/20260826T222600Z_debug/logs/rep_r3_allreduce_256M_ring_ll_chdefault.log,rep_r3_allreduce_256M_ring_ll_chdefault,representative,AllReduce,4,256M,268435456,float,3,Ring,LL,DEFAULT,"0,1,2,3",62471.1,4.30,6.45,0,0,PASS
/data/coding/comm-study-migration-rtx4090-20260826/results/rtx4090_sm89_4gpu/20260826T222600Z_debug/logs/rep_r3_allreduce_256M_tree_simple_chdefault.log,rep_r3_allreduce_256M_tree_simple_chdefault,representative,AllReduce,4,256M,268435456,float,3,Tree,Simple,DEFAULT,"0,1,2,3",25616.0,10.48,15.72,0,0,PASS
/data/coding/comm-study-migration-rtx4090-20260826/results/rtx4090_sm89_4gpu/20260826T222600Z_debug/logs/rep_r3_allreduce_256M_tree_ll_chdefault.log,rep_r3_allreduce_256M_tree_ll_chdefault,representative,AllReduce,4,256M,268435456,float,3,Tree,LL,DEFAULT,"0,1,2,3",104206,2.58,3.86,0,0,PASS
/data/coding/comm-study-migration-rtx4090-20260826/results/rtx4090_sm89_4gpu/20260826T222600Z_debug/logs/rep_r3_reducescatter_4K_default_chdefault.log,rep_r3_reducescatter_4K_default_chdefault,representative,ReduceScatter,4,4K,4096,float,3,DEFAULT,DEFAULT,DEFAULT,"0,1,2,3",10.31,0.40,0.30,0,0,PASS
/data/coding/comm-study-migration-rtx4090-20260826/results/rtx4090_sm89_4gpu/20260826T222600Z_debug/logs/rep_r3_reducescatter_4K_ring_simple_chdefault.log,rep_r3_reducescatter_4K_ring_simple_chdefault,representative,ReduceScatter,4,4K,4096,float,3,Ring,Simple,DEFAULT,"0,1,2,3",21.33,0.19,0.14,0,0,PASS
/data/coding/comm-study-migration-rtx4090-20260826/results/rtx4090_sm89_4gpu/20260826T222600Z_debug/logs/rep_r3_reducescatter_4K_ring_ll_chdefault.log,rep_r3_reducescatter_4K_ring_ll_chdefault,representative,ReduceScatter,4,4K,4096,float,3,Ring,LL,DEFAULT,"0,1,2,3",8.98,0.46,0.34,0,0,PASS
/data/coding/comm-study-migration-rtx4090-20260826/results/rtx4090_sm89_4gpu/20260826T222600Z_debug/logs/rep_r3_reducescatter_64K_default_chdefault.log,rep_r3_reducescatter_64K_default_chdefault,representative,ReduceScatter,4,64K,65536,float,3,DEFAULT,DEFAULT,DEFAULT,"0,1,2,3",22.78,2.88,2.16,0,0,PASS
/data/coding/comm-study-migration-rtx4090-20260826/results/rtx4090_sm89_4gpu/20260826T222600Z_debug/logs/rep_r3_reducescatter_64K_ring_simple_chdefault.log,rep_r3_reducescatter_64K_ring_simple_chdefault,representative,ReduceScatter,4,64K,65536,float,3,Ring,Simple,DEFAULT,"0,1,2,3",38.50,1.70,1.28,0,0,PASS
/data/coding/comm-study-migration-rtx4090-20260826/results/rtx4090_sm89_4gpu/20260826T222600Z_debug/logs/rep_r3_reducescatter_64K_ring_ll_chdefault.log,rep_r3_reducescatter_64K_ring_ll_chdefault,representative,ReduceScatter,4,64K,65536,float,3,Ring,LL,DEFAULT,"0,1,2,3",25.69,2.55,1.91,0,0,PASS
/data/coding/comm-study-migration-rtx4090-20260826/results/rtx4090_sm89_4gpu/20260826T222600Z_debug/logs/rep_r3_reducescatter_1M_default_chdefault.log,rep_r3_reducescatter_1M_default_chdefault,representative,ReduceScatter,4,1M,1048576,float,3,DEFAULT,DEFAULT,DEFAULT,"0,1,2,3",91.58,11.45,8.59,0,0,PASS
/data/coding/comm-study-migration-rtx4090-20260826/results/rtx4090_sm89_4gpu/20260826T222600Z_debug/logs/rep_r3_reducescatter_1M_ring_simple_chdefault.log,rep_r3_reducescatter_1M_ring_simple_chdefault,representative,ReduceScatter,4,1M,1048576,float,3,Ring,Simple,DEFAULT,"0,1,2,3",91.66,11.44,8.58,0,0,PASS
/data/coding/comm-study-migration-rtx4090-20260826/results/rtx4090_sm89_4gpu/20260826T222600Z_debug/logs/rep_r3_reducescatter_1M_ring_ll_chdefault.log,rep_r3_reducescatter_1M_ring_ll_chdefault,representative,ReduceScatter,4,1M,1048576,float,3,Ring,LL,DEFAULT,"0,1,2,3",185.82,5.64,4.23,0,0,PASS
/data/coding/comm-study-migration-rtx4090-20260826/results/rtx4090_sm89_4gpu/20260826T222600Z_debug/logs/rep_r3_reducescatter_8M_default_chdefault.log,rep_r3_reducescatter_8M_default_chdefault,representative,ReduceScatter,4,8M,8388608,float,3,DEFAULT,DEFAULT,DEFAULT,"0,1,2,3",503.72,16.65,12.49,0,0,PASS
/data/coding/comm-study-migration-rtx4090-20260826/results/rtx4090_sm89_4gpu/20260826T222600Z_debug/logs/rep_r3_reducescatter_8M_ring_simple_chdefault.log,rep_r3_reducescatter_8M_ring_simple_chdefault,representative,ReduceScatter,4,8M,8388608,float,3,Ring,Simple,DEFAULT,"0,1,2,3",508.31,16.50,12.38,0,0,PASS
/data/coding/comm-study-migration-rtx4090-20260826/results/rtx4090_sm89_4gpu/20260826T222600Z_debug/logs/rep_r3_reducescatter_8M_ring_ll_chdefault.log,rep_r3_reducescatter_8M_ring_ll_chdefault,representative,ReduceScatter,4,8M,8388608,float,3,Ring,LL,DEFAULT,"0,1,2,3",1345.61,6.23,4.68,0,0,PASS
/data/coding/comm-study-migration-rtx4090-20260826/results/rtx4090_sm89_4gpu/20260826T222600Z_debug/logs/rep_r3_reducescatter_64M_default_chdefault.log,rep_r3_reducescatter_64M_default_chdefault,representative,ReduceScatter,4,64M,67108864,float,3,DEFAULT,DEFAULT,DEFAULT,"0,1,2,3",3164.32,21.21,15.91,0,0,PASS
/data/coding/comm-study-migration-rtx4090-20260826/results/rtx4090_sm89_4gpu/20260826T222600Z_debug/logs/rep_r3_reducescatter_64M_ring_simple_chdefault.log,rep_r3_reducescatter_64M_ring_simple_chdefault,representative,ReduceScatter,4,64M,67108864,float,3,Ring,Simple,DEFAULT,"0,1,2,3",3193.87,21.01,15.76,0,0,PASS
/data/coding/comm-study-migration-rtx4090-20260826/results/rtx4090_sm89_4gpu/20260826T222600Z_debug/logs/rep_r3_reducescatter_64M_ring_ll_chdefault.log,rep_r3_reducescatter_64M_ring_ll_chdefault,representative,ReduceScatter,4,64M,67108864,float,3,Ring,LL,DEFAULT,"0,1,2,3",9974.75,6.73,5.05,0,0,PASS
/data/coding/comm-study-migration-rtx4090-20260826/results/rtx4090_sm89_4gpu/20260826T222600Z_debug/logs/rep_r3_reducescatter_256M_default_chdefault.log,rep_r3_reducescatter_256M_default_chdefault,representative,ReduceScatter,4,256M,268435456,float,3,DEFAULT,DEFAULT,DEFAULT,"0,1,2,3",12644.4,21.23,15.92,0,0,PASS
/data/coding/comm-study-migration-rtx4090-20260826/results/rtx4090_sm89_4gpu/20260826T222600Z_debug/logs/rep_r3_reducescatter_256M_ring_simple_chdefault.log,rep_r3_reducescatter_256M_ring_simple_chdefault,representative,ReduceScatter,4,256M,268435456,float,3,Ring,Simple,DEFAULT,"0,1,2,3",12719.7,21.10,15.83,0,0,PASS
/data/coding/comm-study-migration-rtx4090-20260826/results/rtx4090_sm89_4gpu/20260826T222600Z_debug/logs/rep_r3_reducescatter_256M_ring_ll_chdefault.log,rep_r3_reducescatter_256M_ring_ll_chdefault,representative,ReduceScatter,4,256M,268435456,float,3,Ring,LL,DEFAULT,"0,1,2,3",37394.2,7.18,5.38,0,0,PASS
/data/coding/comm-study-migration-rtx4090-20260826/results/rtx4090_sm89_4gpu/20260826T222600Z_debug/logs/channels_r1_allgather_1M_ring_simple_ch1.log,channels_r1_allgather_1M_ring_simple_ch1,channels,AllGather,4,1M,1048576,float,1,Ring,Simple,1,"0,1,2,3",87.26,12.02,9.01,0,0,PASS
/data/coding/comm-study-migration-rtx4090-20260826/results/rtx4090_sm89_4gpu/20260826T222600Z_debug/logs/channels_r1_allgather_1M_ring_simple_ch2.log,channels_r1_allgather_1M_ring_simple_ch2,channels,AllGather,4,1M,1048576,float,1,Ring,Simple,2,"0,1,2,3",77.18,13.59,10.19,0,0,PASS
/data/coding/comm-study-migration-rtx4090-20260826/results/rtx4090_sm89_4gpu/20260826T222600Z_debug/logs/channels_r1_allgather_1M_ring_simple_ch4.log,channels_r1_allgather_1M_ring_simple_ch4,channels,AllGather,4,1M,1048576,float,1,Ring,Simple,4,"0,1,2,3",74.11,14.15,10.61,0,0,PASS
/data/coding/comm-study-migration-rtx4090-20260826/results/rtx4090_sm89_4gpu/20260826T222600Z_debug/logs/channels_r1_allgather_1M_ring_simple_ch8.log,channels_r1_allgather_1M_ring_simple_ch8,channels,AllGather,4,1M,1048576,float,1,Ring,Simple,8,"0,1,2,3",99.71,10.52,7.89,0,0,PASS
/data/coding/comm-study-migration-rtx4090-20260826/results/rtx4090_sm89_4gpu/20260826T222600Z_debug/logs/channels_r1_allgather_1M_ring_ll_ch1.log,channels_r1_allgather_1M_ring_ll_ch1,channels,AllGather,4,1M,1048576,float,1,Ring,LL,1,"0,1,2,3",299.98,3.50,2.62,0,0,PASS
/data/coding/comm-study-migration-rtx4090-20260826/results/rtx4090_sm89_4gpu/20260826T222600Z_debug/logs/channels_r1_allgather_1M_ring_ll_ch2.log,channels_r1_allgather_1M_ring_ll_ch2,channels,AllGather,4,1M,1048576,float,1,Ring,LL,2,"0,1,2,3",168.30,6.23,4.67,0,0,PASS
/data/coding/comm-study-migration-rtx4090-20260826/results/rtx4090_sm89_4gpu/20260826T222600Z_debug/logs/channels_r1_allgather_1M_ring_ll_ch4.log,channels_r1_allgather_1M_ring_ll_ch4,channels,AllGather,4,1M,1048576,float,1,Ring,LL,4,"0,1,2,3",127.12,8.25,6.19,0,0,PASS
/data/coding/comm-study-migration-rtx4090-20260826/results/rtx4090_sm89_4gpu/20260826T222600Z_debug/logs/channels_r1_allgather_1M_ring_ll_ch8.log,channels_r1_allgather_1M_ring_ll_ch8,channels,AllGather,4,1M,1048576,float,1,Ring,LL,8,"0,1,2,3",1048.01,1.00,0.75,0,0,PASS
/data/coding/comm-study-migration-rtx4090-20260826/results/rtx4090_sm89_4gpu/20260826T222600Z_debug/logs/channels_r1_allgather_8M_ring_simple_ch1.log,channels_r1_allgather_8M_ring_simple_ch1,channels,AllGather,4,8M,8388608,float,1,Ring,Simple,1,"0,1,2,3",577.18,14.53,10.90,0,0,PASS
/data/coding/comm-study-migration-rtx4090-20260826/results/rtx4090_sm89_4gpu/20260826T222600Z_debug/logs/channels_r1_allgather_8M_ring_simple_ch2.log,channels_r1_allgather_8M_ring_simple_ch2,channels,AllGather,4,8M,8388608,float,1,Ring,Simple,2,"0,1,2,3",486.52,17.24,12.93,0,0,PASS
/data/coding/comm-study-migration-rtx4090-20260826/results/rtx4090_sm89_4gpu/20260826T222600Z_debug/logs/channels_r1_allgather_8M_ring_simple_ch4.log,channels_r1_allgather_8M_ring_simple_ch4,channels,AllGather,4,8M,8388608,float,1,Ring,Simple,4,"0,1,2,3",488.15,17.18,12.89,0,0,PASS
/data/coding/comm-study-migration-rtx4090-20260826/results/rtx4090_sm89_4gpu/20260826T222600Z_debug/logs/channels_r1_allgather_8M_ring_simple_ch8.log,channels_r1_allgather_8M_ring_simple_ch8,channels,AllGather,4,8M,8388608,float,1,Ring,Simple,8,"0,1,2,3",512.38,16.37,12.28,0,0,PASS
/data/coding/comm-study-migration-rtx4090-20260826/results/rtx4090_sm89_4gpu/20260826T222600Z_debug/logs/channels_r1_allgather_8M_ring_ll_ch1.log,channels_r1_allgather_8M_ring_ll_ch1,channels,AllGather,4,8M,8388608,float,1,Ring,LL,1,"0,1,2,3",2441.48,3.44,2.58,0,0,PASS
/data/coding/comm-study-migration-rtx4090-20260826/results/rtx4090_sm89_4gpu/20260826T222600Z_debug/logs/channels_r1_allgather_8M_ring_ll_ch2.log,channels_r1_allgather_8M_ring_ll_ch2,channels,AllGather,4,8M,8388608,float,1,Ring,LL,2,"0,1,2,3",1553.81,5.40,4.05,0,0,PASS
/data/coding/comm-study-migration-rtx4090-20260826/results/rtx4090_sm89_4gpu/20260826T222600Z_debug/logs/channels_r1_allgather_8M_ring_ll_ch4.log,channels_r1_allgather_8M_ring_ll_ch4,channels,AllGather,4,8M,8388608,float,1,Ring,LL,4,"0,1,2,3",810.69,10.35,7.76,0,0,PASS
/data/coding/comm-study-migration-rtx4090-20260826/results/rtx4090_sm89_4gpu/20260826T222600Z_debug/logs/channels_r1_allgather_8M_ring_ll_ch8.log,channels_r1_allgather_8M_ring_ll_ch8,channels,AllGather,4,8M,8388608,float,1,Ring,LL,8,"0,1,2,3",1172.06,7.16,5.37,0,0,PASS
/data/coding/comm-study-migration-rtx4090-20260826/results/rtx4090_sm89_4gpu/20260826T222600Z_debug/logs/channels_r1_allgather_64M_ring_simple_ch1.log,channels_r1_allgather_64M_ring_simple_ch1,channels,AllGather,4,64M,67108864,float,1,Ring,Simple,1,"0,1,2,3",3648.68,18.39,13.79,0,0,PASS
/data/coding/comm-study-migration-rtx4090-20260826/results/rtx4090_sm89_4gpu/20260826T222600Z_debug/logs/channels_r1_allgather_64M_ring_simple_ch2.log,channels_r1_allgather_64M_ring_simple_ch2,channels,AllGather,4,64M,67108864,float,1,Ring,Simple,2,"0,1,2,3",3016.48,22.25,16.69,0,0,PASS
/data/coding/comm-study-migration-rtx4090-20260826/results/rtx4090_sm89_4gpu/20260826T222600Z_debug/logs/channels_r1_allgather_64M_ring_simple_ch4.log,channels_r1_allgather_64M_ring_simple_ch4,channels,AllGather,4,64M,67108864,float,1,Ring,Simple,4,"0,1,2,3",2880.76,23.30,17.47,0,0,PASS
/data/coding/comm-study-migration-rtx4090-20260826/results/rtx4090_sm89_4gpu/20260826T222600Z_debug/logs/channels_r1_allgather_64M_ring_simple_ch8.log,channels_r1_allgather_64M_ring_simple_ch8,channels,AllGather,4,64M,67108864,float,1,Ring,Simple,8,"0,1,2,3",2874.21,23.35,17.51,0,0,PASS
/data/coding/comm-study-migration-rtx4090-20260826/results/rtx4090_sm89_4gpu/20260826T222600Z_debug/logs/channels_r1_allgather_64M_ring_ll_ch1.log,channels_r1_allgather_64M_ring_ll_ch1,channels,AllGather,4,64M,67108864,float,1,Ring,LL,1,"0,1,2,3",19411.0,3.46,2.59,0,0,PASS
/data/coding/comm-study-migration-rtx4090-20260826/results/rtx4090_sm89_4gpu/20260826T222600Z_debug/logs/channels_r1_allgather_64M_ring_ll_ch2.log,channels_r1_allgather_64M_ring_ll_ch2,channels,AllGather,4,64M,67108864,float,1,Ring,LL,2,"0,1,2,3",7519.95,8.92,6.69,0,0,PASS
/data/coding/comm-study-migration-rtx4090-20260826/results/rtx4090_sm89_4gpu/20260826T222600Z_debug/logs/channels_r1_allgather_64M_ring_ll_ch4.log,channels_r1_allgather_64M_ring_ll_ch4,channels,AllGather,4,64M,67108864,float,1,Ring,LL,4,"0,1,2,3",6789.47,9.88,7.41,0,0,PASS
/data/coding/comm-study-migration-rtx4090-20260826/results/rtx4090_sm89_4gpu/20260826T222600Z_debug/logs/channels_r1_allgather_64M_ring_ll_ch8.log,channels_r1_allgather_64M_ring_ll_ch8,channels,AllGather,4,64M,67108864,float,1,Ring,LL,8,"0,1,2,3",51840.2,1.29,0.97,0,0,PASS
/data/coding/comm-study-migration-rtx4090-20260826/results/rtx4090_sm89_4gpu/20260826T222600Z_debug/logs/channels_r1_allreduce_1M_ring_simple_ch1.log,channels_r1_allreduce_1M_ring_simple_ch1,channels,AllReduce,4,1M,1048576,float,1,Ring,Simple,1,"0,1,2,3",150.80,6.95,10.43,0,0,PASS
/data/coding/comm-study-migration-rtx4090-20260826/results/rtx4090_sm89_4gpu/20260826T222600Z_debug/logs/channels_r1_allreduce_1M_ring_simple_ch2.log,channels_r1_allreduce_1M_ring_simple_ch2,channels,AllReduce,4,1M,1048576,float,1,Ring,Simple,2,"0,1,2,3",132.79,7.90,11.84,0,0,PASS
/data/coding/comm-study-migration-rtx4090-20260826/results/rtx4090_sm89_4gpu/20260826T222600Z_debug/logs/channels_r1_allreduce_1M_ring_simple_ch4.log,channels_r1_allreduce_1M_ring_simple_ch4,channels,AllReduce,4,1M,1048576,float,1,Ring,Simple,4,"0,1,2,3",123.19,8.51,12.77,0,0,PASS
/data/coding/comm-study-migration-rtx4090-20260826/results/rtx4090_sm89_4gpu/20260826T222600Z_debug/logs/channels_r1_allreduce_1M_ring_simple_ch8.log,channels_r1_allreduce_1M_ring_simple_ch8,channels,AllReduce,4,1M,1048576,float,1,Ring,Simple,8,"0,1,2,3",147.07,7.13,10.69,0,0,PASS
/data/coding/comm-study-migration-rtx4090-20260826/results/rtx4090_sm89_4gpu/20260826T222600Z_debug/logs/channels_r1_allreduce_1M_ring_ll_ch1.log,channels_r1_allreduce_1M_ring_ll_ch1,channels,AllReduce,4,1M,1048576,float,1,Ring,LL,1,"0,1,2,3",462.60,2.27,3.40,0,0,PASS
/data/coding/comm-study-migration-rtx4090-20260826/results/rtx4090_sm89_4gpu/20260826T222600Z_debug/logs/channels_r1_allreduce_1M_ring_ll_ch2.log,channels_r1_allreduce_1M_ring_ll_ch2,channels,AllReduce,4,1M,1048576,float,1,Ring,LL,2,"0,1,2,3",685.06,1.53,2.30,0,0,PASS
/data/coding/comm-study-migration-rtx4090-20260826/results/rtx4090_sm89_4gpu/20260826T222600Z_debug/logs/channels_r1_allreduce_1M_ring_ll_ch4.log,channels_r1_allreduce_1M_ring_ll_ch4,channels,AllReduce,4,1M,1048576,float,1,Ring,LL,4,"0,1,2,3",544.98,1.92,2.89,0,0,PASS
/data/coding/comm-study-migration-rtx4090-20260826/results/rtx4090_sm89_4gpu/20260826T222600Z_debug/logs/channels_r1_allreduce_1M_ring_ll_ch8.log,channels_r1_allreduce_1M_ring_ll_ch8,channels,AllReduce,4,1M,1048576,float,1,Ring,LL,8,"0,1,2,3",163.34,6.42,9.63,0,0,PASS
/data/coding/comm-study-migration-rtx4090-20260826/results/rtx4090_sm89_4gpu/20260826T222600Z_debug/logs/channels_r1_allreduce_1M_tree_simple_ch1.log,channels_r1_allreduce_1M_tree_simple_ch1,channels,AllReduce,4,1M,1048576,float,1,Tree,Simple,1,"0,1,2,3",358.33,2.93,4.39,0,0,PASS
/data/coding/comm-study-migration-rtx4090-20260826/results/rtx4090_sm89_4gpu/20260826T222600Z_debug/logs/channels_r1_allreduce_1M_tree_simple_ch2.log,channels_r1_allreduce_1M_tree_simple_ch2,channels,AllReduce,4,1M,1048576,float,1,Tree,Simple,2,"0,1,2,3",432.86,2.42,3.63,0,0,PASS
/data/coding/comm-study-migration-rtx4090-20260826/results/rtx4090_sm89_4gpu/20260826T222600Z_debug/logs/channels_r1_allreduce_1M_tree_simple_ch4.log,channels_r1_allreduce_1M_tree_simple_ch4,channels,AllReduce,4,1M,1048576,float,1,Tree,Simple,4,"0,1,2,3",456.08,2.30,3.45,0,0,PASS
/data/coding/comm-study-migration-rtx4090-20260826/results/rtx4090_sm89_4gpu/20260826T222600Z_debug/logs/channels_r1_allreduce_1M_tree_simple_ch8.log,channels_r1_allreduce_1M_tree_simple_ch8,channels,AllReduce,4,1M,1048576,float,1,Tree,Simple,8,"0,1,2,3",468.86,2.24,3.35,0,0,PASS
/data/coding/comm-study-migration-rtx4090-20260826/results/rtx4090_sm89_4gpu/20260826T222600Z_debug/logs/channels_r1_allreduce_1M_tree_ll_ch1.log,channels_r1_allreduce_1M_tree_ll_ch1,channels,AllReduce,4,1M,1048576,float,1,Tree,LL,1,"0,1,2,3",2337.59,0.45,0.67,0,0,PASS
/data/coding/comm-study-migration-rtx4090-20260826/results/rtx4090_sm89_4gpu/20260826T222600Z_debug/logs/channels_r1_allreduce_1M_tree_ll_ch2.log,channels_r1_allreduce_1M_tree_ll_ch2,channels,AllReduce,4,1M,1048576,float,1,Tree,LL,2,"0,1,2,3",2879.17,0.36,0.55,0,0,PASS
/data/coding/comm-study-migration-rtx4090-20260826/results/rtx4090_sm89_4gpu/20260826T222600Z_debug/logs/channels_r1_allreduce_1M_tree_ll_ch4.log,channels_r1_allreduce_1M_tree_ll_ch4,channels,AllReduce,4,1M,1048576,float,1,Tree,LL,4,"0,1,2,3",1491.73,0.70,1.05,0,0,PASS
/data/coding/comm-study-migration-rtx4090-20260826/results/rtx4090_sm89_4gpu/20260826T222600Z_debug/logs/channels_r1_allreduce_1M_tree_ll_ch8.log,channels_r1_allreduce_1M_tree_ll_ch8,channels,AllReduce,4,1M,1048576,float,1,Tree,LL,8,"0,1,2,3",2111.81,0.50,0.74,0,0,PASS
/data/coding/comm-study-migration-rtx4090-20260826/results/rtx4090_sm89_4gpu/20260826T222600Z_debug/logs/channels_r1_allreduce_8M_ring_simple_ch1.log,channels_r1_allreduce_8M_ring_simple_ch1,channels,AllReduce,4,8M,8388608,float,1,Ring,Simple,1,"0,1,2,3",1080.73,7.76,11.64,0,0,PASS
/data/coding/comm-study-migration-rtx4090-20260826/results/rtx4090_sm89_4gpu/20260826T222600Z_debug/logs/channels_r1_allreduce_8M_ring_simple_ch2.log,channels_r1_allreduce_8M_ring_simple_ch2,channels,AllReduce,4,8M,8388608,float,1,Ring,Simple,2,"0,1,2,3",821.61,10.21,15.32,0,0,PASS
/data/coding/comm-study-migration-rtx4090-20260826/results/rtx4090_sm89_4gpu/20260826T222600Z_debug/logs/channels_r1_allreduce_8M_ring_simple_ch4.log,channels_r1_allreduce_8M_ring_simple_ch4,channels,AllReduce,4,8M,8388608,float,1,Ring,Simple,4,"0,1,2,3",754.75,11.11,16.67,0,0,PASS
/data/coding/comm-study-migration-rtx4090-20260826/results/rtx4090_sm89_4gpu/20260826T222600Z_debug/logs/channels_r1_allreduce_8M_ring_simple_ch8.log,channels_r1_allreduce_8M_ring_simple_ch8,channels,AllReduce,4,8M,8388608,float,1,Ring,Simple,8,"0,1,2,3",910.90,9.21,13.81,0,0,PASS
/data/coding/comm-study-migration-rtx4090-20260826/results/rtx4090_sm89_4gpu/20260826T222600Z_debug/logs/channels_r1_allreduce_8M_ring_ll_ch1.log,channels_r1_allreduce_8M_ring_ll_ch1,channels,AllReduce,4,8M,8388608,float,1,Ring,LL,1,"0,1,2,3",4810.14,1.74,2.62,0,0,PASS
/data/coding/comm-study-migration-rtx4090-20260826/results/rtx4090_sm89_4gpu/20260826T222600Z_debug/logs/channels_r1_allreduce_8M_ring_ll_ch2.log,channels_r1_allreduce_8M_ring_ll_ch2,channels,AllReduce,4,8M,8388608,float,1,Ring,LL,2,"0,1,2,3",2596.66,3.23,4.85,0,0,PASS
/data/coding/comm-study-migration-rtx4090-20260826/results/rtx4090_sm89_4gpu/20260826T222600Z_debug/logs/channels_r1_allreduce_8M_ring_ll_ch4.log,channels_r1_allreduce_8M_ring_ll_ch4,channels,AllReduce,4,8M,8388608,float,1,Ring,LL,4,"0,1,2,3",1543.86,5.43,8.15,0,0,PASS
/data/coding/comm-study-migration-rtx4090-20260826/results/rtx4090_sm89_4gpu/20260826T222600Z_debug/logs/channels_r1_allreduce_8M_ring_ll_ch8.log,channels_r1_allreduce_8M_ring_ll_ch8,channels,AllReduce,4,8M,8388608,float,1,Ring,LL,8,"0,1,2,3",1518.38,5.52,8.29,0,0,PASS
/data/coding/comm-study-migration-rtx4090-20260826/results/rtx4090_sm89_4gpu/20260826T222600Z_debug/logs/channels_r1_allreduce_8M_tree_simple_ch1.log,channels_r1_allreduce_8M_tree_simple_ch1,channels,AllReduce,4,8M,8388608,float,1,Tree,Simple,1,"0,1,2,3",1326.45,6.32,9.49,0,0,PASS
/data/coding/comm-study-migration-rtx4090-20260826/results/rtx4090_sm89_4gpu/20260826T222600Z_debug/logs/channels_r1_allreduce_8M_tree_simple_ch2.log,channels_r1_allreduce_8M_tree_simple_ch2,channels,AllReduce,4,8M,8388608,float,1,Tree,Simple,2,"0,1,2,3",986.15,8.51,12.76,0,0,PASS
/data/coding/comm-study-migration-rtx4090-20260826/results/rtx4090_sm89_4gpu/20260826T222600Z_debug/logs/channels_r1_allreduce_8M_tree_simple_ch4.log,channels_r1_allreduce_8M_tree_simple_ch4,channels,AllReduce,4,8M,8388608,float,1,Tree,Simple,4,"0,1,2,3",1117.67,7.51,11.26,0,0,PASS
/data/coding/comm-study-migration-rtx4090-20260826/results/rtx4090_sm89_4gpu/20260826T222600Z_debug/logs/channels_r1_allreduce_8M_tree_simple_ch8.log,channels_r1_allreduce_8M_tree_simple_ch8,channels,AllReduce,4,8M,8388608,float,1,Tree,Simple,8,"0,1,2,3",1564.10,5.36,8.04,0,0,PASS
/data/coding/comm-study-migration-rtx4090-20260826/results/rtx4090_sm89_4gpu/20260826T222600Z_debug/logs/channels_r1_allreduce_8M_tree_ll_ch1.log,channels_r1_allreduce_8M_tree_ll_ch1,channels,AllReduce,4,8M,8388608,float,1,Tree,LL,1,"0,1,2,3",10078.5,0.83,1.25,0,0,PASS
/data/coding/comm-study-migration-rtx4090-20260826/results/rtx4090_sm89_4gpu/20260826T222600Z_debug/logs/channels_r1_allreduce_8M_tree_ll_ch2.log,channels_r1_allreduce_8M_tree_ll_ch2,channels,AllReduce,4,8M,8388608,float,1,Tree,LL,2,"0,1,2,3",28432.8,0.30,0.44,0,0,PASS
/data/coding/comm-study-migration-rtx4090-20260826/results/rtx4090_sm89_4gpu/20260826T222600Z_debug/logs/channels_r1_allreduce_8M_tree_ll_ch4.log,channels_r1_allreduce_8M_tree_ll_ch4,channels,AllReduce,4,8M,8388608,float,1,Tree,LL,4,"0,1,2,3",15539.0,0.54,0.81,0,0,PASS
/data/coding/comm-study-migration-rtx4090-20260826/results/rtx4090_sm89_4gpu/20260826T222600Z_debug/logs/channels_r1_allreduce_8M_tree_ll_ch8.log,channels_r1_allreduce_8M_tree_ll_ch8,channels,AllReduce,4,8M,8388608,float,1,Tree,LL,8,"0,1,2,3",56503.6,0.15,0.22,0,0,PASS
/data/coding/comm-study-migration-rtx4090-20260826/results/rtx4090_sm89_4gpu/20260826T222600Z_debug/logs/channels_r1_allreduce_64M_ring_simple_ch1.log,channels_r1_allreduce_64M_ring_simple_ch1,channels,AllReduce,4,64M,67108864,float,1,Ring,Simple,1,"0,1,2,3",6806.07,9.86,14.79,0,0,PASS
/data/coding/comm-study-migration-rtx4090-20260826/results/rtx4090_sm89_4gpu/20260826T222600Z_debug/logs/channels_r1_allreduce_64M_ring_simple_ch2.log,channels_r1_allreduce_64M_ring_simple_ch2,channels,AllReduce,4,64M,67108864,float,1,Ring,Simple,2,"0,1,2,3",5724.04,11.72,17.59,0,0,PASS
/data/coding/comm-study-migration-rtx4090-20260826/results/rtx4090_sm89_4gpu/20260826T222600Z_debug/logs/channels_r1_allreduce_64M_ring_simple_ch4.log,channels_r1_allreduce_64M_ring_simple_ch4,channels,AllReduce,4,64M,67108864,float,1,Ring,Simple,4,"0,1,2,3",5264.99,12.75,19.12,0,0,PASS
/data/coding/comm-study-migration-rtx4090-20260826/results/rtx4090_sm89_4gpu/20260826T222600Z_debug/logs/channels_r1_allreduce_64M_ring_simple_ch8.log,channels_r1_allreduce_64M_ring_simple_ch8,channels,AllReduce,4,64M,67108864,float,1,Ring,Simple,8,"0,1,2,3",5207.35,12.89,19.33,0,0,PASS
/data/coding/comm-study-migration-rtx4090-20260826/results/rtx4090_sm89_4gpu/20260826T222600Z_debug/logs/channels_r1_allreduce_64M_ring_ll_ch1.log,channels_r1_allreduce_64M_ring_ll_ch1,channels,AllReduce,4,64M,67108864,float,1,Ring,LL,1,"0,1,2,3",36696.5,1.83,2.74,0,0,PASS
/data/coding/comm-study-migration-rtx4090-20260826/results/rtx4090_sm89_4gpu/20260826T222600Z_debug/logs/channels_r1_allreduce_64M_ring_ll_ch2.log,channels_r1_allreduce_64M_ring_ll_ch2,channels,AllReduce,4,64M,67108864,float,1,Ring,LL,2,"0,1,2,3",15462.9,4.34,6.51,0,0,PASS
/data/coding/comm-study-migration-rtx4090-20260826/results/rtx4090_sm89_4gpu/20260826T222600Z_debug/logs/channels_r1_allreduce_64M_ring_ll_ch4.log,channels_r1_allreduce_64M_ring_ll_ch4,channels,AllReduce,4,64M,67108864,float,1,Ring,LL,4,"0,1,2,3",12906.3,5.20,7.80,0,0,PASS
/data/coding/comm-study-migration-rtx4090-20260826/results/rtx4090_sm89_4gpu/20260826T222600Z_debug/logs/channels_r1_allreduce_64M_ring_ll_ch8.log,channels_r1_allreduce_64M_ring_ll_ch8,channels,AllReduce,4,64M,67108864,float,1,Ring,LL,8,"0,1,2,3",30045.8,2.23,3.35,0,0,PASS
/data/coding/comm-study-migration-rtx4090-20260826/results/rtx4090_sm89_4gpu/20260826T222600Z_debug/logs/channels_r1_allreduce_64M_tree_simple_ch1.log,channels_r1_allreduce_64M_tree_simple_ch1,channels,AllReduce,4,64M,67108864,float,1,Tree,Simple,1,"0,1,2,3",8204.28,8.18,12.27,0,0,PASS
/data/coding/comm-study-migration-rtx4090-20260826/results/rtx4090_sm89_4gpu/20260826T222600Z_debug/logs/channels_r1_allreduce_64M_tree_simple_ch2.log,channels_r1_allreduce_64M_tree_simple_ch2,channels,AllReduce,4,64M,67108864,float,1,Tree,Simple,2,"0,1,2,3",6499.72,10.32,15.49,0,0,PASS
/data/coding/comm-study-migration-rtx4090-20260826/results/rtx4090_sm89_4gpu/20260826T222600Z_debug/logs/channels_r1_allreduce_64M_tree_simple_ch4.log,channels_r1_allreduce_64M_tree_simple_ch4,channels,AllReduce,4,64M,67108864,float,1,Tree,Simple,4,"0,1,2,3",6382.46,10.51,15.77,0,0,PASS
/data/coding/comm-study-migration-rtx4090-20260826/results/rtx4090_sm89_4gpu/20260826T222600Z_debug/logs/channels_r1_allreduce_64M_tree_simple_ch8.log,channels_r1_allreduce_64M_tree_simple_ch8,channels,AllReduce,4,64M,67108864,float,1,Tree,Simple,8,"0,1,2,3",6741.71,9.95,14.93,0,0,PASS
/data/coding/comm-study-migration-rtx4090-20260826/results/rtx4090_sm89_4gpu/20260826T222600Z_debug/logs/channels_r1_allreduce_64M_tree_ll_ch1.log,channels_r1_allreduce_64M_tree_ll_ch1,channels,AllReduce,4,64M,67108864,float,1,Tree,LL,1,"0,1,2,3",52195.9,1.29,1.93,0,0,PASS
/data/coding/comm-study-migration-rtx4090-20260826/results/rtx4090_sm89_4gpu/20260826T222600Z_debug/logs/channels_r1_allreduce_64M_tree_ll_ch2.log,channels_r1_allreduce_64M_tree_ll_ch2,channels,AllReduce,4,64M,67108864,float,1,Tree,LL,2,"0,1,2,3",25705.7,2.61,3.92,0,0,PASS
/data/coding/comm-study-migration-rtx4090-20260826/results/rtx4090_sm89_4gpu/20260826T222600Z_debug/logs/channels_r1_allreduce_64M_tree_ll_ch4.log,channels_r1_allreduce_64M_tree_ll_ch4,channels,AllReduce,4,64M,67108864,float,1,Tree,LL,4,"0,1,2,3",283865,0.24,0.35,0,0,PASS
/data/coding/comm-study-migration-rtx4090-20260826/results/rtx4090_sm89_4gpu/20260826T222600Z_debug/logs/channels_r1_allreduce_64M_tree_ll_ch8.log,channels_r1_allreduce_64M_tree_ll_ch8,channels,AllReduce,4,64M,67108864,float,1,Tree,LL,8,"0,1,2,3",164614,0.41,0.61,0,0,PASS
/data/coding/comm-study-migration-rtx4090-20260826/results/rtx4090_sm89_4gpu/20260826T222600Z_debug/logs/channels_r1_reducescatter_1M_ring_simple_ch1.log,channels_r1_reducescatter_1M_ring_simple_ch1,channels,ReduceScatter,4,1M,1048576,float,1,Ring,Simple,1,"0,1,2,3",81.70,12.83,9.63,0,0,PASS
/data/coding/comm-study-migration-rtx4090-20260826/results/rtx4090_sm89_4gpu/20260826T222600Z_debug/logs/channels_r1_reducescatter_1M_ring_simple_ch2.log,channels_r1_reducescatter_1M_ring_simple_ch2,channels,ReduceScatter,4,1M,1048576,float,1,Ring,Simple,2,"0,1,2,3",72.50,14.46,10.85,0,0,PASS
/data/coding/comm-study-migration-rtx4090-20260826/results/rtx4090_sm89_4gpu/20260826T222600Z_debug/logs/channels_r1_reducescatter_1M_ring_simple_ch4.log,channels_r1_reducescatter_1M_ring_simple_ch4,channels,ReduceScatter,4,1M,1048576,float,1,Ring,Simple,4,"0,1,2,3",76.54,13.70,10.27,0,0,PASS
/data/coding/comm-study-migration-rtx4090-20260826/results/rtx4090_sm89_4gpu/20260826T222600Z_debug/logs/channels_r1_reducescatter_1M_ring_simple_ch8.log,channels_r1_reducescatter_1M_ring_simple_ch8,channels,ReduceScatter,4,1M,1048576,float,1,Ring,Simple,8,"0,1,2,3",81.88,12.81,9.60,0,0,PASS
/data/coding/comm-study-migration-rtx4090-20260826/results/rtx4090_sm89_4gpu/20260826T222600Z_debug/logs/channels_r1_reducescatter_1M_ring_ll_ch1.log,channels_r1_reducescatter_1M_ring_ll_ch1,channels,ReduceScatter,4,1M,1048576,float,1,Ring,LL,1,"0,1,2,3",207.64,5.05,3.79,0,0,PASS
/data/coding/comm-study-migration-rtx4090-20260826/results/rtx4090_sm89_4gpu/20260826T222600Z_debug/logs/channels_r1_reducescatter_1M_ring_ll_ch2.log,channels_r1_reducescatter_1M_ring_ll_ch2,channels,ReduceScatter,4,1M,1048576,float,1,Ring,LL,2,"0,1,2,3",169.85,6.17,4.63,0,0,PASS
/data/coding/comm-study-migration-rtx4090-20260826/results/rtx4090_sm89_4gpu/20260826T222600Z_debug/logs/channels_r1_reducescatter_1M_ring_ll_ch4.log,channels_r1_reducescatter_1M_ring_ll_ch4,channels,ReduceScatter,4,1M,1048576,float,1,Ring,LL,4,"0,1,2,3",363.71,2.88,2.16,0,0,PASS
/data/coding/comm-study-migration-rtx4090-20260826/results/rtx4090_sm89_4gpu/20260826T222600Z_debug/logs/channels_r1_reducescatter_1M_ring_ll_ch8.log,channels_r1_reducescatter_1M_ring_ll_ch8,channels,ReduceScatter,4,1M,1048576,float,1,Ring,LL,8,"0,1,2,3",482.71,2.17,1.63,0,0,PASS
/data/coding/comm-study-migration-rtx4090-20260826/results/rtx4090_sm89_4gpu/20260826T222600Z_debug/logs/channels_r1_reducescatter_8M_ring_simple_ch1.log,channels_r1_reducescatter_8M_ring_simple_ch1,channels,ReduceScatter,4,8M,8388608,float,1,Ring,Simple,1,"0,1,2,3",567.26,14.79,11.09,0,0,PASS
/data/coding/comm-study-migration-rtx4090-20260826/results/rtx4090_sm89_4gpu/20260826T222600Z_debug/logs/channels_r1_reducescatter_8M_ring_simple_ch2.log,channels_r1_reducescatter_8M_ring_simple_ch2,channels,ReduceScatter,4,8M,8388608,float,1,Ring,Simple,2,"0,1,2,3",498.49,16.83,12.62,0,0,PASS
/data/coding/comm-study-migration-rtx4090-20260826/results/rtx4090_sm89_4gpu/20260826T222600Z_debug/logs/channels_r1_reducescatter_8M_ring_simple_ch4.log,channels_r1_reducescatter_8M_ring_simple_ch4,channels,ReduceScatter,4,8M,8388608,float,1,Ring,Simple,4,"0,1,2,3",558.89,15.01,11.26,0,0,PASS
/data/coding/comm-study-migration-rtx4090-20260826/results/rtx4090_sm89_4gpu/20260826T222600Z_debug/logs/channels_r1_reducescatter_8M_ring_simple_ch8.log,channels_r1_reducescatter_8M_ring_simple_ch8,channels,ReduceScatter,4,8M,8388608,float,1,Ring,Simple,8,"0,1,2,3",551.46,15.21,11.41,0,0,PASS
/data/coding/comm-study-migration-rtx4090-20260826/results/rtx4090_sm89_4gpu/20260826T222600Z_debug/logs/channels_r1_reducescatter_8M_ring_ll_ch1.log,channels_r1_reducescatter_8M_ring_ll_ch1,channels,ReduceScatter,4,8M,8388608,float,1,Ring,LL,1,"0,1,2,3",2377.97,3.53,2.65,0,0,PASS
/data/coding/comm-study-migration-rtx4090-20260826/results/rtx4090_sm89_4gpu/20260826T222600Z_debug/logs/channels_r1_reducescatter_8M_ring_ll_ch2.log,channels_r1_reducescatter_8M_ring_ll_ch2,channels,ReduceScatter,4,8M,8388608,float,1,Ring,LL,2,"0,1,2,3",1576.11,5.32,3.99,0,0,PASS
/data/coding/comm-study-migration-rtx4090-20260826/results/rtx4090_sm89_4gpu/20260826T222600Z_debug/logs/channels_r1_reducescatter_8M_ring_ll_ch4.log,channels_r1_reducescatter_8M_ring_ll_ch4,channels,ReduceScatter,4,8M,8388608,float,1,Ring,LL,4,"0,1,2,3",780.10,10.75,8.06,0,0,PASS
/data/coding/comm-study-migration-rtx4090-20260826/results/rtx4090_sm89_4gpu/20260826T222600Z_debug/logs/channels_r1_reducescatter_8M_ring_ll_ch8.log,channels_r1_reducescatter_8M_ring_ll_ch8,channels,ReduceScatter,4,8M,8388608,float,1,Ring,LL,8,"0,1,2,3",1125.12,7.46,5.59,0,0,PASS
/data/coding/comm-study-migration-rtx4090-20260826/results/rtx4090_sm89_4gpu/20260826T222600Z_debug/logs/channels_r1_reducescatter_64M_ring_simple_ch1.log,channels_r1_reducescatter_64M_ring_simple_ch1,channels,ReduceScatter,4,64M,67108864,float,1,Ring,Simple,1,"0,1,2,3",3547.25,18.92,14.19,0,0,PASS
/data/coding/comm-study-migration-rtx4090-20260826/results/rtx4090_sm89_4gpu/20260826T222600Z_debug/logs/channels_r1_reducescatter_64M_ring_simple_ch2.log,channels_r1_reducescatter_64M_ring_simple_ch2,channels,ReduceScatter,4,64M,67108864,float,1,Ring,Simple,2,"0,1,2,3",3175.83,21.13,15.85,0,0,PASS
/data/coding/comm-study-migration-rtx4090-20260826/results/rtx4090_sm89_4gpu/20260826T222600Z_debug/logs/channels_r1_reducescatter_64M_ring_simple_ch4.log,channels_r1_reducescatter_64M_ring_simple_ch4,channels,ReduceScatter,4,64M,67108864,float,1,Ring,Simple,4,"0,1,2,3",2912.45,23.04,17.28,0,0,PASS
/data/coding/comm-study-migration-rtx4090-20260826/results/rtx4090_sm89_4gpu/20260826T222600Z_debug/logs/channels_r1_reducescatter_64M_ring_simple_ch8.log,channels_r1_reducescatter_64M_ring_simple_ch8,channels,ReduceScatter,4,64M,67108864,float,1,Ring,Simple,8,"0,1,2,3",2863.97,23.43,17.57,0,0,PASS
/data/coding/comm-study-migration-rtx4090-20260826/results/rtx4090_sm89_4gpu/20260826T222600Z_debug/logs/channels_r1_reducescatter_64M_ring_ll_ch1.log,channels_r1_reducescatter_64M_ring_ll_ch1,channels,ReduceScatter,4,64M,67108864,float,1,Ring,LL,1,"0,1,2,3",19329.3,3.47,2.60,0,0,PASS
/data/coding/comm-study-migration-rtx4090-20260826/results/rtx4090_sm89_4gpu/20260826T222600Z_debug/logs/channels_r1_reducescatter_64M_ring_ll_ch2.log,channels_r1_reducescatter_64M_ring_ll_ch2,channels,ReduceScatter,4,64M,67108864,float,1,Ring,LL,2,"0,1,2,3",7643.31,8.78,6.59,0,0,PASS
/data/coding/comm-study-migration-rtx4090-20260826/results/rtx4090_sm89_4gpu/20260826T222600Z_debug/logs/channels_r1_reducescatter_64M_ring_ll_ch4.log,channels_r1_reducescatter_64M_ring_ll_ch4,channels,ReduceScatter,4,64M,67108864,float,1,Ring,LL,4,"0,1,2,3",6085.46,11.03,8.27,0,0,PASS
/data/coding/comm-study-migration-rtx4090-20260826/results/rtx4090_sm89_4gpu/20260826T222600Z_debug/logs/channels_r1_reducescatter_64M_ring_ll_ch8.log,channels_r1_reducescatter_64M_ring_ll_ch8,channels,ReduceScatter,4,64M,67108864,float,1,Ring,LL,8,"0,1,2,3",33173.1,2.02,1.52,0,0,PASS
/data/coding/comm-study-migration-rtx4090-20260826/results/rtx4090_sm89_4gpu/20260826T222600Z_debug/logs/channels_r2_allgather_1M_ring_simple_ch1.log,channels_r2_allgather_1M_ring_simple_ch1,channels,AllGather,4,1M,1048576,float,2,Ring,Simple,1,"0,1,2,3",105.39,9.95,7.46,0,0,PASS
/data/coding/comm-study-migration-rtx4090-20260826/results/rtx4090_sm89_4gpu/20260826T222600Z_debug/logs/channels_r2_allgather_1M_ring_simple_ch2.log,channels_r2_allgather_1M_ring_simple_ch2,channels,AllGather,4,1M,1048576,float,2,Ring,Simple,2,"0,1,2,3",94.19,11.13,8.35,0,0,PASS
/data/coding/comm-study-migration-rtx4090-20260826/results/rtx4090_sm89_4gpu/20260826T222600Z_debug/logs/channels_r2_allgather_1M_ring_simple_ch4.log,channels_r2_allgather_1M_ring_simple_ch4,channels,AllGather,4,1M,1048576,float,2,Ring,Simple,4,"0,1,2,3",95.01,11.04,8.28,0,0,PASS
/data/coding/comm-study-migration-rtx4090-20260826/results/rtx4090_sm89_4gpu/20260826T222600Z_debug/logs/channels_r2_allgather_1M_ring_simple_ch8.log,channels_r2_allgather_1M_ring_simple_ch8,channels,AllGather,4,1M,1048576,float,2,Ring,Simple,8,"0,1,2,3",102.05,10.28,7.71,0,0,PASS
/data/coding/comm-study-migration-rtx4090-20260826/results/rtx4090_sm89_4gpu/20260826T222600Z_debug/logs/channels_r2_allgather_1M_ring_ll_ch1.log,channels_r2_allgather_1M_ring_ll_ch1,channels,AllGather,4,1M,1048576,float,2,Ring,LL,1,"0,1,2,3",299.72,3.50,2.62,0,0,PASS
/data/coding/comm-study-migration-rtx4090-20260826/results/rtx4090_sm89_4gpu/20260826T222600Z_debug/logs/channels_r2_allgather_1M_ring_ll_ch2.log,channels_r2_allgather_1M_ring_ll_ch2,channels,AllGather,4,1M,1048576,float,2,Ring,LL,2,"0,1,2,3",188.85,5.55,4.16,0,0,PASS
/data/coding/comm-study-migration-rtx4090-20260826/results/rtx4090_sm89_4gpu/20260826T222600Z_debug/logs/channels_r2_allgather_1M_ring_ll_ch4.log,channels_r2_allgather_1M_ring_ll_ch4,channels,AllGather,4,1M,1048576,float,2,Ring,LL,4,"0,1,2,3",258.60,4.05,3.04,0,0,PASS
/data/coding/comm-study-migration-rtx4090-20260826/results/rtx4090_sm89_4gpu/20260826T222600Z_debug/logs/channels_r2_allgather_1M_ring_ll_ch8.log,channels_r2_allgather_1M_ring_ll_ch8,channels,AllGather,4,1M,1048576,float,2,Ring,LL,8,"0,1,2,3",468.54,2.24,1.68,0,0,PASS
/data/coding/comm-study-migration-rtx4090-20260826/results/rtx4090_sm89_4gpu/20260826T222600Z_debug/logs/channels_r2_allgather_8M_ring_simple_ch1.log,channels_r2_allgather_8M_ring_simple_ch1,channels,AllGather,4,8M,8388608,float,2,Ring,Simple,1,"0,1,2,3",582.16,14.41,10.81,0,0,PASS
/data/coding/comm-study-migration-rtx4090-20260826/results/rtx4090_sm89_4gpu/20260826T222600Z_debug/logs/channels_r2_allgather_8M_ring_simple_ch2.log,channels_r2_allgather_8M_ring_simple_ch2,channels,AllGather,4,8M,8388608,float,2,Ring,Simple,2,"0,1,2,3",490.99,17.09,12.81,0,0,PASS
/data/coding/comm-study-migration-rtx4090-20260826/results/rtx4090_sm89_4gpu/20260826T222600Z_debug/logs/channels_r2_allgather_8M_ring_simple_ch4.log,channels_r2_allgather_8M_ring_simple_ch4,channels,AllGather,4,8M,8388608,float,2,Ring,Simple,4,"0,1,2,3",502.76,16.69,12.51,0,0,PASS
/data/coding/comm-study-migration-rtx4090-20260826/results/rtx4090_sm89_4gpu/20260826T222600Z_debug/logs/channels_r2_allgather_8M_ring_simple_ch8.log,channels_r2_allgather_8M_ring_simple_ch8,channels,AllGather,4,8M,8388608,float,2,Ring,Simple,8,"0,1,2,3",504.77,16.62,12.46,0,0,PASS
/data/coding/comm-study-migration-rtx4090-20260826/results/rtx4090_sm89_4gpu/20260826T222600Z_debug/logs/channels_r2_allgather_8M_ring_ll_ch1.log,channels_r2_allgather_8M_ring_ll_ch1,channels,AllGather,4,8M,8388608,float,2,Ring,LL,1,"0,1,2,3",2372.38,3.54,2.65,0,0,PASS
/data/coding/comm-study-migration-rtx4090-20260826/results/rtx4090_sm89_4gpu/20260826T222600Z_debug/logs/channels_r2_allgather_8M_ring_ll_ch2.log,channels_r2_allgather_8M_ring_ll_ch2,channels,AllGather,4,8M,8388608,float,2,Ring,LL,2,"0,1,2,3",1332.78,6.29,4.72,0,0,PASS
/data/coding/comm-study-migration-rtx4090-20260826/results/rtx4090_sm89_4gpu/20260826T222600Z_debug/logs/channels_r2_allgather_8M_ring_ll_ch4.log,channels_r2_allgather_8M_ring_ll_ch4,channels,AllGather,4,8M,8388608,float,2,Ring,LL,4,"0,1,2,3",838.46,10.00,7.50,0,0,PASS
/data/coding/comm-study-migration-rtx4090-20260826/results/rtx4090_sm89_4gpu/20260826T222600Z_debug/logs/channels_r2_allgather_8M_ring_ll_ch8.log,channels_r2_allgather_8M_ring_ll_ch8,channels,AllGather,4,8M,8388608,float,2,Ring,LL,8,"0,1,2,3",1060.95,7.91,5.93,0,0,PASS
/data/coding/comm-study-migration-rtx4090-20260826/results/rtx4090_sm89_4gpu/20260826T222600Z_debug/logs/channels_r2_allgather_64M_ring_simple_ch1.log,channels_r2_allgather_64M_ring_simple_ch1,channels,AllGather,4,64M,67108864,float,2,Ring,Simple,1,"0,1,2,3",3641.78,18.43,13.82,0,0,PASS
/data/coding/comm-study-migration-rtx4090-20260826/results/rtx4090_sm89_4gpu/20260826T222600Z_debug/logs/channels_r2_allgather_64M_ring_simple_ch2.log,channels_r2_allgather_64M_ring_simple_ch2,channels,AllGather,4,64M,67108864,float,2,Ring,Simple,2,"0,1,2,3",3003.31,22.34,16.76,0,0,PASS
/data/coding/comm-study-migration-rtx4090-20260826/results/rtx4090_sm89_4gpu/20260826T222600Z_debug/logs/channels_r2_allgather_64M_ring_simple_ch4.log,channels_r2_allgather_64M_ring_simple_ch4,channels,AllGather,4,64M,67108864,float,2,Ring,Simple,4,"0,1,2,3",2869.20,23.39,17.54,0,0,PASS
/data/coding/comm-study-migration-rtx4090-20260826/results/rtx4090_sm89_4gpu/20260826T222600Z_debug/logs/channels_r2_allgather_64M_ring_simple_ch8.log,channels_r2_allgather_64M_ring_simple_ch8,channels,AllGather,4,64M,67108864,float,2,Ring,Simple,8,"0,1,2,3",2872.90,23.36,17.52,0,0,PASS
/data/coding/comm-study-migration-rtx4090-20260826/results/rtx4090_sm89_4gpu/20260826T222600Z_debug/logs/channels_r2_allgather_64M_ring_ll_ch1.log,channels_r2_allgather_64M_ring_ll_ch1,channels,AllGather,4,64M,67108864,float,2,Ring,LL,1,"0,1,2,3",19546.9,3.43,2.57,0,0,PASS
/data/coding/comm-study-migration-rtx4090-20260826/results/rtx4090_sm89_4gpu/20260826T222600Z_debug/logs/channels_r2_allgather_64M_ring_ll_ch2.log,channels_r2_allgather_64M_ring_ll_ch2,channels,AllGather,4,64M,67108864,float,2,Ring,LL,2,"0,1,2,3",7598.71,8.83,6.62,0,0,PASS
/data/coding/comm-study-migration-rtx4090-20260826/results/rtx4090_sm89_4gpu/20260826T222600Z_debug/logs/channels_r2_allgather_64M_ring_ll_ch4.log,channels_r2_allgather_64M_ring_ll_ch4,channels,AllGather,4,64M,67108864,float,2,Ring,LL,4,"0,1,2,3",6428.79,10.44,7.83,0,0,PASS
/data/coding/comm-study-migration-rtx4090-20260826/results/rtx4090_sm89_4gpu/20260826T222600Z_debug/logs/channels_r2_allgather_64M_ring_ll_ch8.log,channels_r2_allgather_64M_ring_ll_ch8,channels,AllGather,4,64M,67108864,float,2,Ring,LL,8,"0,1,2,3",28783.3,2.33,1.75,0,0,PASS
/data/coding/comm-study-migration-rtx4090-20260826/results/rtx4090_sm89_4gpu/20260826T222600Z_debug/logs/channels_r2_allreduce_1M_ring_simple_ch1.log,channels_r2_allreduce_1M_ring_simple_ch1,channels,AllReduce,4,1M,1048576,float,2,Ring,Simple,1,"0,1,2,3",191.21,5.48,8.23,0,0,PASS
/data/coding/comm-study-migration-rtx4090-20260826/results/rtx4090_sm89_4gpu/20260826T222600Z_debug/logs/channels_r2_allreduce_1M_ring_simple_ch2.log,channels_r2_allreduce_1M_ring_simple_ch2,channels,AllReduce,4,1M,1048576,float,2,Ring,Simple,2,"0,1,2,3",219.48,4.78,7.17,0,0,PASS
/data/coding/comm-study-migration-rtx4090-20260826/results/rtx4090_sm89_4gpu/20260826T222600Z_debug/logs/channels_r2_allreduce_1M_ring_simple_ch4.log,channels_r2_allreduce_1M_ring_simple_ch4,channels,AllReduce,4,1M,1048576,float,2,Ring,Simple,4,"0,1,2,3",164.84,6.36,9.54,0,0,PASS
/data/coding/comm-study-migration-rtx4090-20260826/results/rtx4090_sm89_4gpu/20260826T222600Z_debug/logs/channels_r2_allreduce_1M_ring_simple_ch8.log,channels_r2_allreduce_1M_ring_simple_ch8,channels,AllReduce,4,1M,1048576,float,2,Ring,Simple,8,"0,1,2,3",180.79,5.80,8.70,0,0,PASS
/data/coding/comm-study-migration-rtx4090-20260826/results/rtx4090_sm89_4gpu/20260826T222600Z_debug/logs/channels_r2_allreduce_1M_ring_ll_ch1.log,channels_r2_allreduce_1M_ring_ll_ch1,channels,AllReduce,4,1M,1048576,float,2,Ring,LL,1,"0,1,2,3",603.07,1.74,2.61,0,0,PASS
/data/coding/comm-study-migration-rtx4090-20260826/results/rtx4090_sm89_4gpu/20260826T222600Z_debug/logs/channels_r2_allreduce_1M_ring_ll_ch2.log,channels_r2_allreduce_1M_ring_ll_ch2,channels,AllReduce,4,1M,1048576,float,2,Ring,LL,2,"0,1,2,3",374.28,2.80,4.20,0,0,PASS
/data/coding/comm-study-migration-rtx4090-20260826/results/rtx4090_sm89_4gpu/20260826T222600Z_debug/logs/channels_r2_allreduce_1M_ring_ll_ch4.log,channels_r2_allreduce_1M_ring_ll_ch4,channels,AllReduce,4,1M,1048576,float,2,Ring,LL,4,"0,1,2,3",307.03,3.42,5.12,0,0,PASS
/data/coding/comm-study-migration-rtx4090-20260826/results/rtx4090_sm89_4gpu/20260826T222600Z_debug/logs/channels_r2_allreduce_1M_ring_ll_ch8.log,channels_r2_allreduce_1M_ring_ll_ch8,channels,AllReduce,4,1M,1048576,float,2,Ring,LL,8,"0,1,2,3",163.61,6.41,9.61,0,0,PASS
/data/coding/comm-study-migration-rtx4090-20260826/results/rtx4090_sm89_4gpu/20260826T222600Z_debug/logs/channels_r2_allreduce_1M_tree_simple_ch1.log,channels_r2_allreduce_1M_tree_simple_ch1,channels,AllReduce,4,1M,1048576,float,2,Tree,Simple,1,"0,1,2,3",367.85,2.85,4.28,0,0,PASS
/data/coding/comm-study-migration-rtx4090-20260826/results/rtx4090_sm89_4gpu/20260826T222600Z_debug/logs/channels_r2_allreduce_1M_tree_simple_ch2.log,channels_r2_allreduce_1M_tree_simple_ch2,channels,AllReduce,4,1M,1048576,float,2,Tree,Simple,2,"0,1,2,3",430.55,2.44,3.65,0,0,PASS
/data/coding/comm-study-migration-rtx4090-20260826/results/rtx4090_sm89_4gpu/20260826T222600Z_debug/logs/channels_r2_allreduce_1M_tree_simple_ch4.log,channels_r2_allreduce_1M_tree_simple_ch4,channels,AllReduce,4,1M,1048576,float,2,Tree,Simple,4,"0,1,2,3",559.29,1.87,2.81,0,0,PASS
/data/coding/comm-study-migration-rtx4090-20260826/results/rtx4090_sm89_4gpu/20260826T222600Z_debug/logs/channels_r2_allreduce_1M_tree_simple_ch8.log,channels_r2_allreduce_1M_tree_simple_ch8,channels,AllReduce,4,1M,1048576,float,2,Tree,Simple,8,"0,1,2,3",467.00,2.25,3.37,0,0,PASS
/data/coding/comm-study-migration-rtx4090-20260826/results/rtx4090_sm89_4gpu/20260826T222600Z_debug/logs/channels_r2_allreduce_1M_tree_ll_ch1.log,channels_r2_allreduce_1M_tree_ll_ch1,channels,AllReduce,4,1M,1048576,float,2,Tree,LL,1,"0,1,2,3",2185.92,0.48,0.72,0,0,PASS
/data/coding/comm-study-migration-rtx4090-20260826/results/rtx4090_sm89_4gpu/20260826T222600Z_debug/logs/channels_r2_allreduce_1M_tree_ll_ch2.log,channels_r2_allreduce_1M_tree_ll_ch2,channels,AllReduce,4,1M,1048576,float,2,Tree,LL,2,"0,1,2,3",3448.79,0.30,0.46,0,0,PASS
/data/coding/comm-study-migration-rtx4090-20260826/results/rtx4090_sm89_4gpu/20260826T222600Z_debug/logs/channels_r2_allreduce_1M_tree_ll_ch4.log,channels_r2_allreduce_1M_tree_ll_ch4,channels,AllReduce,4,1M,1048576,float,2,Tree,LL,4,"0,1,2,3",2277.60,0.46,0.69,0,0,PASS
/data/coding/comm-study-migration-rtx4090-20260826/results/rtx4090_sm89_4gpu/20260826T222600Z_debug/logs/channels_r2_allreduce_1M_tree_ll_ch8.log,channels_r2_allreduce_1M_tree_ll_ch8,channels,AllReduce,4,1M,1048576,float,2,Tree,LL,8,"0,1,2,3",1176.60,0.89,1.34,0,0,PASS
/data/coding/comm-study-migration-rtx4090-20260826/results/rtx4090_sm89_4gpu/20260826T222600Z_debug/logs/channels_r2_allreduce_8M_ring_simple_ch1.log,channels_r2_allreduce_8M_ring_simple_ch1,channels,AllReduce,4,8M,8388608,float,2,Ring,Simple,1,"0,1,2,3",1073.71,7.81,11.72,0,0,PASS
/data/coding/comm-study-migration-rtx4090-20260826/results/rtx4090_sm89_4gpu/20260826T222600Z_debug/logs/channels_r2_allreduce_8M_ring_simple_ch2.log,channels_r2_allreduce_8M_ring_simple_ch2,channels,AllReduce,4,8M,8388608,float,2,Ring,Simple,2,"0,1,2,3",884.80,9.48,14.22,0,0,PASS
/data/coding/comm-study-migration-rtx4090-20260826/results/rtx4090_sm89_4gpu/20260826T222600Z_debug/logs/channels_r2_allreduce_8M_ring_simple_ch4.log,channels_r2_allreduce_8M_ring_simple_ch4,channels,AllReduce,4,8M,8388608,float,2,Ring,Simple,4,"0,1,2,3",804.25,10.43,15.65,0,0,PASS
/data/coding/comm-study-migration-rtx4090-20260826/results/rtx4090_sm89_4gpu/20260826T222600Z_debug/logs/channels_r2_allreduce_8M_ring_simple_ch8.log,channels_r2_allreduce_8M_ring_simple_ch8,channels,AllReduce,4,8M,8388608,float,2,Ring,Simple,8,"0,1,2,3",851.19,9.86,14.78,0,0,PASS
/data/coding/comm-study-migration-rtx4090-20260826/results/rtx4090_sm89_4gpu/20260826T222600Z_debug/logs/channels_r2_allreduce_8M_ring_ll_ch1.log,channels_r2_allreduce_8M_ring_ll_ch1,channels,AllReduce,4,8M,8388608,float,2,Ring,LL,1,"0,1,2,3",4727.26,1.77,2.66,0,0,PASS
/data/coding/comm-study-migration-rtx4090-20260826/results/rtx4090_sm89_4gpu/20260826T222600Z_debug/logs/channels_r2_allreduce_8M_ring_ll_ch2.log,channels_r2_allreduce_8M_ring_ll_ch2,channels,AllReduce,4,8M,8388608,float,2,Ring,LL,2,"0,1,2,3",2647.73,3.17,4.75,0,0,PASS
/data/coding/comm-study-migration-rtx4090-20260826/results/rtx4090_sm89_4gpu/20260826T222600Z_debug/logs/channels_r2_allreduce_8M_ring_ll_ch4.log,channels_r2_allreduce_8M_ring_ll_ch4,channels,AllReduce,4,8M,8388608,float,2,Ring,LL,4,"0,1,2,3",1291.49,6.50,9.74,0,0,PASS
/data/coding/comm-study-migration-rtx4090-20260826/results/rtx4090_sm89_4gpu/20260826T222600Z_debug/logs/channels_r2_allreduce_8M_ring_ll_ch8.log,channels_r2_allreduce_8M_ring_ll_ch8,channels,AllReduce,4,8M,8388608,float,2,Ring,LL,8,"0,1,2,3",1395.28,6.01,9.02,0,0,PASS
/data/coding/comm-study-migration-rtx4090-20260826/results/rtx4090_sm89_4gpu/20260826T222600Z_debug/logs/channels_r2_allreduce_8M_tree_simple_ch1.log,channels_r2_allreduce_8M_tree_simple_ch1,channels,AllReduce,4,8M,8388608,float,2,Tree,Simple,1,"0,1,2,3",1377.71,6.09,9.13,0,0,PASS
/data/coding/comm-study-migration-rtx4090-20260826/results/rtx4090_sm89_4gpu/20260826T222600Z_debug/logs/channels_r2_allreduce_8M_tree_simple_ch2.log,channels_r2_allreduce_8M_tree_simple_ch2,channels,AllReduce,4,8M,8388608,float,2,Tree,Simple,2,"0,1,2,3",985.44,8.51,12.77,0,0,PASS
/data/coding/comm-study-migration-rtx4090-20260826/results/rtx4090_sm89_4gpu/20260826T222600Z_debug/logs/channels_r2_allreduce_8M_tree_simple_ch4.log,channels_r2_allreduce_8M_tree_simple_ch4,channels,AllReduce,4,8M,8388608,float,2,Tree,Simple,4,"0,1,2,3",1140.78,7.35,11.03,0,0,PASS
/data/coding/comm-study-migration-rtx4090-20260826/results/rtx4090_sm89_4gpu/20260826T222600Z_debug/logs/channels_r2_allreduce_8M_tree_simple_ch8.log,channels_r2_allreduce_8M_tree_simple_ch8,channels,AllReduce,4,8M,8388608,float,2,Tree,Simple,8,"0,1,2,3",1754.90,4.78,7.17,0,0,PASS
/data/coding/comm-study-migration-rtx4090-20260826/results/rtx4090_sm89_4gpu/20260826T222600Z_debug/logs/channels_r2_allreduce_8M_tree_ll_ch1.log,channels_r2_allreduce_8M_tree_ll_ch1,channels,AllReduce,4,8M,8388608,float,2,Tree,LL,1,"0,1,2,3",9477.76,0.89,1.33,0,0,PASS
/data/coding/comm-study-migration-rtx4090-20260826/results/rtx4090_sm89_4gpu/20260826T222600Z_debug/logs/channels_r2_allreduce_8M_tree_ll_ch2.log,channels_r2_allreduce_8M_tree_ll_ch2,channels,AllReduce,4,8M,8388608,float,2,Tree,LL,2,"0,1,2,3",23145.4,0.36,0.54,0,0,PASS
/data/coding/comm-study-migration-rtx4090-20260826/results/rtx4090_sm89_4gpu/20260826T222600Z_debug/logs/channels_r2_allreduce_8M_tree_ll_ch4.log,channels_r2_allreduce_8M_tree_ll_ch4,channels,AllReduce,4,8M,8388608,float,2,Tree,LL,4,"0,1,2,3",22346.9,0.38,0.56,0,0,PASS
/data/coding/comm-study-migration-rtx4090-20260826/results/rtx4090_sm89_4gpu/20260826T222600Z_debug/logs/channels_r2_allreduce_8M_tree_ll_ch8.log,channels_r2_allreduce_8M_tree_ll_ch8,channels,AllReduce,4,8M,8388608,float,2,Tree,LL,8,"0,1,2,3",38883.9,0.22,0.32,0,0,PASS
/data/coding/comm-study-migration-rtx4090-20260826/results/rtx4090_sm89_4gpu/20260826T222600Z_debug/logs/channels_r2_allreduce_64M_ring_simple_ch1.log,channels_r2_allreduce_64M_ring_simple_ch1,channels,AllReduce,4,64M,67108864,float,2,Ring,Simple,1,"0,1,2,3",6795.28,9.88,14.81,0,0,PASS
/data/coding/comm-study-migration-rtx4090-20260826/results/rtx4090_sm89_4gpu/20260826T222600Z_debug/logs/channels_r2_allreduce_64M_ring_simple_ch2.log,channels_r2_allreduce_64M_ring_simple_ch2,channels,AllReduce,4,64M,67108864,float,2,Ring,Simple,2,"0,1,2,3",5804.48,11.56,17.34,0,0,PASS
/data/coding/comm-study-migration-rtx4090-20260826/results/rtx4090_sm89_4gpu/20260826T222600Z_debug/logs/channels_r2_allreduce_64M_ring_simple_ch4.log,channels_r2_allreduce_64M_ring_simple_ch4,channels,AllReduce,4,64M,67108864,float,2,Ring,Simple,4,"0,1,2,3",5231.23,12.83,19.24,0,0,PASS
/data/coding/comm-study-migration-rtx4090-20260826/results/rtx4090_sm89_4gpu/20260826T222600Z_debug/logs/channels_r2_allreduce_64M_ring_simple_ch8.log,channels_r2_allreduce_64M_ring_simple_ch8,channels,AllReduce,4,64M,67108864,float,2,Ring,Simple,8,"0,1,2,3",5166.21,12.99,19.48,0,0,PASS
/data/coding/comm-study-migration-rtx4090-20260826/results/rtx4090_sm89_4gpu/20260826T222600Z_debug/logs/channels_r2_allreduce_64M_ring_ll_ch1.log,channels_r2_allreduce_64M_ring_ll_ch1,channels,AllReduce,4,64M,67108864,float,2,Ring,LL,1,"0,1,2,3",32929.7,2.04,3.06,0,0,PASS
/data/coding/comm-study-migration-rtx4090-20260826/results/rtx4090_sm89_4gpu/20260826T222600Z_debug/logs/channels_r2_allreduce_64M_ring_ll_ch2.log,channels_r2_allreduce_64M_ring_ll_ch2,channels,AllReduce,4,64M,67108864,float,2,Ring,LL,2,"0,1,2,3",15324.5,4.38,6.57,0,0,PASS
/data/coding/comm-study-migration-rtx4090-20260826/results/rtx4090_sm89_4gpu/20260826T222600Z_debug/logs/channels_r2_allreduce_64M_ring_ll_ch4.log,channels_r2_allreduce_64M_ring_ll_ch4,channels,AllReduce,4,64M,67108864,float,2,Ring,LL,4,"0,1,2,3",11889.0,5.64,8.47,0,0,PASS
/data/coding/comm-study-migration-rtx4090-20260826/results/rtx4090_sm89_4gpu/20260826T222600Z_debug/logs/channels_r2_allreduce_64M_ring_ll_ch8.log,channels_r2_allreduce_64M_ring_ll_ch8,channels,AllReduce,4,64M,67108864,float,2,Ring,LL,8,"0,1,2,3",37984.4,1.77,2.65,0,0,PASS
/data/coding/comm-study-migration-rtx4090-20260826/results/rtx4090_sm89_4gpu/20260826T222600Z_debug/logs/channels_r2_allreduce_64M_tree_simple_ch1.log,channels_r2_allreduce_64M_tree_simple_ch1,channels,AllReduce,4,64M,67108864,float,2,Tree,Simple,1,"0,1,2,3",8123.19,8.26,12.39,0,0,PASS
/data/coding/comm-study-migration-rtx4090-20260826/results/rtx4090_sm89_4gpu/20260826T222600Z_debug/logs/channels_r2_allreduce_64M_tree_simple_ch2.log,channels_r2_allreduce_64M_tree_simple_ch2,channels,AllReduce,4,64M,67108864,float,2,Tree,Simple,2,"0,1,2,3",6477.76,10.36,15.54,0,0,PASS
/data/coding/comm-study-migration-rtx4090-20260826/results/rtx4090_sm89_4gpu/20260826T222600Z_debug/logs/channels_r2_allreduce_64M_tree_simple_ch4.log,channels_r2_allreduce_64M_tree_simple_ch4,channels,AllReduce,4,64M,67108864,float,2,Tree,Simple,4,"0,1,2,3",6379.93,10.52,15.78,0,0,PASS
/data/coding/comm-study-migration-rtx4090-20260826/results/rtx4090_sm89_4gpu/20260826T222600Z_debug/logs/channels_r2_allreduce_64M_tree_simple_ch8.log,channels_r2_allreduce_64M_tree_simple_ch8,channels,AllReduce,4,64M,67108864,float,2,Tree,Simple,8,"0,1,2,3",6719.99,9.99,14.98,0,0,PASS
/data/coding/comm-study-migration-rtx4090-20260826/results/rtx4090_sm89_4gpu/20260826T222600Z_debug/logs/channels_r2_allreduce_64M_tree_ll_ch1.log,channels_r2_allreduce_64M_tree_ll_ch1,channels,AllReduce,4,64M,67108864,float,2,Tree,LL,1,"0,1,2,3",53862.0,1.25,1.87,0,0,PASS
/data/coding/comm-study-migration-rtx4090-20260826/results/rtx4090_sm89_4gpu/20260826T222600Z_debug/logs/channels_r2_allreduce_64M_tree_ll_ch2.log,channels_r2_allreduce_64M_tree_ll_ch2,channels,AllReduce,4,64M,67108864,float,2,Tree,LL,2,"0,1,2,3",26494.6,2.53,3.80,0,0,PASS
/data/coding/comm-study-migration-rtx4090-20260826/results/rtx4090_sm89_4gpu/20260826T222600Z_debug/logs/channels_r2_allreduce_64M_tree_ll_ch4.log,channels_r2_allreduce_64M_tree_ll_ch4,channels,AllReduce,4,64M,67108864,float,2,Tree,LL,4,"0,1,2,3",221035,0.30,0.46,0,0,PASS
/data/coding/comm-study-migration-rtx4090-20260826/results/rtx4090_sm89_4gpu/20260826T222600Z_debug/logs/channels_r2_allreduce_64M_tree_ll_ch8.log,channels_r2_allreduce_64M_tree_ll_ch8,channels,AllReduce,4,64M,67108864,float,2,Tree,LL,8,"0,1,2,3",128806,0.52,0.78,0,0,PASS
/data/coding/comm-study-migration-rtx4090-20260826/results/rtx4090_sm89_4gpu/20260826T222600Z_debug/logs/channels_r2_reducescatter_1M_ring_simple_ch1.log,channels_r2_reducescatter_1M_ring_simple_ch1,channels,ReduceScatter,4,1M,1048576,float,2,Ring,Simple,1,"0,1,2,3",81.67,12.84,9.63,0,0,PASS
/data/coding/comm-study-migration-rtx4090-20260826/results/rtx4090_sm89_4gpu/20260826T222600Z_debug/logs/channels_r2_reducescatter_1M_ring_simple_ch2.log,channels_r2_reducescatter_1M_ring_simple_ch2,channels,ReduceScatter,4,1M,1048576,float,2,Ring,Simple,2,"0,1,2,3",73.46,14.27,10.71,0,0,PASS
/data/coding/comm-study-migration-rtx4090-20260826/results/rtx4090_sm89_4gpu/20260826T222600Z_debug/logs/channels_r2_reducescatter_1M_ring_simple_ch4.log,channels_r2_reducescatter_1M_ring_simple_ch4,channels,ReduceScatter,4,1M,1048576,float,2,Ring,Simple,4,"0,1,2,3",68.36,15.34,11.50,0,0,PASS
/data/coding/comm-study-migration-rtx4090-20260826/results/rtx4090_sm89_4gpu/20260826T222600Z_debug/logs/channels_r2_reducescatter_1M_ring_simple_ch8.log,channels_r2_reducescatter_1M_ring_simple_ch8,channels,ReduceScatter,4,1M,1048576,float,2,Ring,Simple,8,"0,1,2,3",81.55,12.86,9.64,0,0,PASS
/data/coding/comm-study-migration-rtx4090-20260826/results/rtx4090_sm89_4gpu/20260826T222600Z_debug/logs/channels_r2_reducescatter_1M_ring_ll_ch1.log,channels_r2_reducescatter_1M_ring_ll_ch1,channels,ReduceScatter,4,1M,1048576,float,2,Ring,LL,1,"0,1,2,3",299.27,3.50,2.63,0,0,PASS
/data/coding/comm-study-migration-rtx4090-20260826/results/rtx4090_sm89_4gpu/20260826T222600Z_debug/logs/channels_r2_reducescatter_1M_ring_ll_ch2.log,channels_r2_reducescatter_1M_ring_ll_ch2,channels,ReduceScatter,4,1M,1048576,float,2,Ring,LL,2,"0,1,2,3",201.01,5.22,3.91,0,0,PASS
/data/coding/comm-study-migration-rtx4090-20260826/results/rtx4090_sm89_4gpu/20260826T222600Z_debug/logs/channels_r2_reducescatter_1M_ring_ll_ch4.log,channels_r2_reducescatter_1M_ring_ll_ch4,channels,ReduceScatter,4,1M,1048576,float,2,Ring,LL,4,"0,1,2,3",364.24,2.88,2.16,0,0,PASS
/data/coding/comm-study-migration-rtx4090-20260826/results/rtx4090_sm89_4gpu/20260826T222600Z_debug/logs/channels_r2_reducescatter_1M_ring_ll_ch8.log,channels_r2_reducescatter_1M_ring_ll_ch8,channels,ReduceScatter,4,1M,1048576,float,2,Ring,LL,8,"0,1,2,3",220.00,4.77,3.57,0,0,PASS
/data/coding/comm-study-migration-rtx4090-20260826/results/rtx4090_sm89_4gpu/20260826T222600Z_debug/logs/channels_r2_reducescatter_8M_ring_simple_ch1.log,channels_r2_reducescatter_8M_ring_simple_ch1,channels,ReduceScatter,4,8M,8388608,float,2,Ring,Simple,1,"0,1,2,3",645.75,12.99,9.74,0,0,PASS
/data/coding/comm-study-migration-rtx4090-20260826/results/rtx4090_sm89_4gpu/20260826T222600Z_debug/logs/channels_r2_reducescatter_8M_ring_simple_ch2.log,channels_r2_reducescatter_8M_ring_simple_ch2,channels,ReduceScatter,4,8M,8388608,float,2,Ring,Simple,2,"0,1,2,3",499.09,16.81,12.61,0,0,PASS
/data/coding/comm-study-migration-rtx4090-20260826/results/rtx4090_sm89_4gpu/20260826T222600Z_debug/logs/channels_r2_reducescatter_8M_ring_simple_ch4.log,channels_r2_reducescatter_8M_ring_simple_ch4,channels,ReduceScatter,4,8M,8388608,float,2,Ring,Simple,4,"0,1,2,3",486.81,17.23,12.92,0,0,PASS
/data/coding/comm-study-migration-rtx4090-20260826/results/rtx4090_sm89_4gpu/20260826T222600Z_debug/logs/channels_r2_reducescatter_8M_ring_simple_ch8.log,channels_r2_reducescatter_8M_ring_simple_ch8,channels,ReduceScatter,4,8M,8388608,float,2,Ring,Simple,8,"0,1,2,3",428.88,19.56,14.67,0,0,PASS
/data/coding/comm-study-migration-rtx4090-20260826/results/rtx4090_sm89_4gpu/20260826T222600Z_debug/logs/channels_r2_reducescatter_8M_ring_ll_ch1.log,channels_r2_reducescatter_8M_ring_ll_ch1,channels,ReduceScatter,4,8M,8388608,float,2,Ring,LL,1,"0,1,2,3",2297.76,3.65,2.74,0,0,PASS
/data/coding/comm-study-migration-rtx4090-20260826/results/rtx4090_sm89_4gpu/20260826T222600Z_debug/logs/channels_r2_reducescatter_8M_ring_ll_ch2.log,channels_r2_reducescatter_8M_ring_ll_ch2,channels,ReduceScatter,4,8M,8388608,float,2,Ring,LL,2,"0,1,2,3",1267.00,6.62,4.97,0,0,PASS
/data/coding/comm-study-migration-rtx4090-20260826/results/rtx4090_sm89_4gpu/20260826T222600Z_debug/logs/channels_r2_reducescatter_8M_ring_ll_ch4.log,channels_r2_reducescatter_8M_ring_ll_ch4,channels,ReduceScatter,4,8M,8388608,float,2,Ring,LL,4,"0,1,2,3",790.21,10.62,7.96,0,0,PASS
/data/coding/comm-study-migration-rtx4090-20260826/results/rtx4090_sm89_4gpu/20260826T222600Z_debug/logs/channels_r2_reducescatter_8M_ring_ll_ch8.log,channels_r2_reducescatter_8M_ring_ll_ch8,channels,ReduceScatter,4,8M,8388608,float,2,Ring,LL,8,"0,1,2,3",684.42,12.26,9.19,0,0,PASS
/data/coding/comm-study-migration-rtx4090-20260826/results/rtx4090_sm89_4gpu/20260826T222600Z_debug/logs/channels_r2_reducescatter_64M_ring_simple_ch1.log,channels_r2_reducescatter_64M_ring_simple_ch1,channels,ReduceScatter,4,64M,67108864,float,2,Ring,Simple,1,"0,1,2,3",3534.40,18.99,14.24,0,0,PASS
/data/coding/comm-study-migration-rtx4090-20260826/results/rtx4090_sm89_4gpu/20260826T222600Z_debug/logs/channels_r2_reducescatter_64M_ring_simple_ch2.log,channels_r2_reducescatter_64M_ring_simple_ch2,channels,ReduceScatter,4,64M,67108864,float,2,Ring,Simple,2,"0,1,2,3",3166.25,21.20,15.90,0,0,PASS
/data/coding/comm-study-migration-rtx4090-20260826/results/rtx4090_sm89_4gpu/20260826T222600Z_debug/logs/channels_r2_reducescatter_64M_ring_simple_ch4.log,channels_r2_reducescatter_64M_ring_simple_ch4,channels,ReduceScatter,4,64M,67108864,float,2,Ring,Simple,4,"0,1,2,3",2923.13,22.96,17.22,0,0,PASS
/data/coding/comm-study-migration-rtx4090-20260826/results/rtx4090_sm89_4gpu/20260826T222600Z_debug/logs/channels_r2_reducescatter_64M_ring_simple_ch8.log,channels_r2_reducescatter_64M_ring_simple_ch8,channels,ReduceScatter,4,64M,67108864,float,2,Ring,Simple,8,"0,1,2,3",2862.93,23.44,17.58,0,0,PASS
/data/coding/comm-study-migration-rtx4090-20260826/results/rtx4090_sm89_4gpu/20260826T222600Z_debug/logs/channels_r2_reducescatter_64M_ring_ll_ch1.log,channels_r2_reducescatter_64M_ring_ll_ch1,channels,ReduceScatter,4,64M,67108864,float,2,Ring,LL,1,"0,1,2,3",16379.5,4.10,3.07,0,0,PASS
/data/coding/comm-study-migration-rtx4090-20260826/results/rtx4090_sm89_4gpu/20260826T222600Z_debug/logs/channels_r2_reducescatter_64M_ring_ll_ch2.log,channels_r2_reducescatter_64M_ring_ll_ch2,channels,ReduceScatter,4,64M,67108864,float,2,Ring,LL,2,"0,1,2,3",7470.39,8.98,6.74,0,0,PASS
/data/coding/comm-study-migration-rtx4090-20260826/results/rtx4090_sm89_4gpu/20260826T222600Z_debug/logs/channels_r2_reducescatter_64M_ring_ll_ch4.log,channels_r2_reducescatter_64M_ring_ll_ch4,channels,ReduceScatter,4,64M,67108864,float,2,Ring,LL,4,"0,1,2,3",6415.76,10.46,7.85,0,0,PASS
/data/coding/comm-study-migration-rtx4090-20260826/results/rtx4090_sm89_4gpu/20260826T222600Z_debug/logs/channels_r2_reducescatter_64M_ring_ll_ch8.log,channels_r2_reducescatter_64M_ring_ll_ch8,channels,ReduceScatter,4,64M,67108864,float,2,Ring,LL,8,"0,1,2,3",34241.7,1.96,1.47,0,0,PASS
/data/coding/comm-study-migration-rtx4090-20260826/results/rtx4090_sm89_4gpu/20260826T222600Z_debug/logs/channels_r3_allgather_1M_ring_simple_ch1.log,channels_r3_allgather_1M_ring_simple_ch1,channels,AllGather,4,1M,1048576,float,3,Ring,Simple,1,"0,1,2,3",105.97,9.89,7.42,0,0,PASS
/data/coding/comm-study-migration-rtx4090-20260826/results/rtx4090_sm89_4gpu/20260826T222600Z_debug/logs/channels_r3_allgather_1M_ring_simple_ch2.log,channels_r3_allgather_1M_ring_simple_ch2,channels,AllGather,4,1M,1048576,float,3,Ring,Simple,2,"0,1,2,3",94.05,11.15,8.36,0,0,PASS
/data/coding/comm-study-migration-rtx4090-20260826/results/rtx4090_sm89_4gpu/20260826T222600Z_debug/logs/channels_r3_allgather_1M_ring_simple_ch4.log,channels_r3_allgather_1M_ring_simple_ch4,channels,AllGather,4,1M,1048576,float,3,Ring,Simple,4,"0,1,2,3",95.11,11.03,8.27,0,0,PASS
/data/coding/comm-study-migration-rtx4090-20260826/results/rtx4090_sm89_4gpu/20260826T222600Z_debug/logs/channels_r3_allgather_1M_ring_simple_ch8.log,channels_r3_allgather_1M_ring_simple_ch8,channels,AllGather,4,1M,1048576,float,3,Ring,Simple,8,"0,1,2,3",105.89,9.90,7.43,0,0,PASS
/data/coding/comm-study-migration-rtx4090-20260826/results/rtx4090_sm89_4gpu/20260826T222600Z_debug/logs/channels_r3_allgather_1M_ring_ll_ch1.log,channels_r3_allgather_1M_ring_ll_ch1,channels,AllGather,4,1M,1048576,float,3,Ring,LL,1,"0,1,2,3",298.47,3.51,2.63,0,0,PASS
/data/coding/comm-study-migration-rtx4090-20260826/results/rtx4090_sm89_4gpu/20260826T222600Z_debug/logs/channels_r3_allgather_1M_ring_ll_ch2.log,channels_r3_allgather_1M_ring_ll_ch2,channels,AllGather,4,1M,1048576,float,3,Ring,LL,2,"0,1,2,3",187.38,5.60,4.20,0,0,PASS
/data/coding/comm-study-migration-rtx4090-20260826/results/rtx4090_sm89_4gpu/20260826T222600Z_debug/logs/channels_r3_allgather_1M_ring_ll_ch4.log,channels_r3_allgather_1M_ring_ll_ch4,channels,AllGather,4,1M,1048576,float,3,Ring,LL,4,"0,1,2,3",178.48,5.88,4.41,0,0,PASS
/data/coding/comm-study-migration-rtx4090-20260826/results/rtx4090_sm89_4gpu/20260826T222600Z_debug/logs/channels_r3_allgather_1M_ring_ll_ch8.log,channels_r3_allgather_1M_ring_ll_ch8,channels,AllGather,4,1M,1048576,float,3,Ring,LL,8,"0,1,2,3",696.46,1.51,1.13,0,0,PASS
/data/coding/comm-study-migration-rtx4090-20260826/results/rtx4090_sm89_4gpu/20260826T222600Z_debug/logs/channels_r3_allgather_8M_ring_simple_ch1.log,channels_r3_allgather_8M_ring_simple_ch1,channels,AllGather,4,8M,8388608,float,3,Ring,Simple,1,"0,1,2,3",580.09,14.46,10.85,0,0,PASS
/data/coding/comm-study-migration-rtx4090-20260826/results/rtx4090_sm89_4gpu/20260826T222600Z_debug/logs/channels_r3_allgather_8M_ring_simple_ch2.log,channels_r3_allgather_8M_ring_simple_ch2,channels,AllGather,4,8M,8388608,float,3,Ring,Simple,2,"0,1,2,3",504.27,16.64,12.48,0,0,PASS
/data/coding/comm-study-migration-rtx4090-20260826/results/rtx4090_sm89_4gpu/20260826T222600Z_debug/logs/channels_r3_allgather_8M_ring_simple_ch4.log,channels_r3_allgather_8M_ring_simple_ch4,channels,AllGather,4,8M,8388608,float,3,Ring,Simple,4,"0,1,2,3",487.07,17.22,12.92,0,0,PASS
/data/coding/comm-study-migration-rtx4090-20260826/results/rtx4090_sm89_4gpu/20260826T222600Z_debug/logs/channels_r3_allgather_8M_ring_simple_ch8.log,channels_r3_allgather_8M_ring_simple_ch8,channels,AllGather,4,8M,8388608,float,3,Ring,Simple,8,"0,1,2,3",506.54,16.56,12.42,0,0,PASS
/data/coding/comm-study-migration-rtx4090-20260826/results/rtx4090_sm89_4gpu/20260826T222600Z_debug/logs/channels_r3_allgather_8M_ring_ll_ch1.log,channels_r3_allgather_8M_ring_ll_ch1,channels,AllGather,4,8M,8388608,float,3,Ring,LL,1,"0,1,2,3",2380.70,3.52,2.64,0,0,PASS
/data/coding/comm-study-migration-rtx4090-20260826/results/rtx4090_sm89_4gpu/20260826T222600Z_debug/logs/channels_r3_allgather_8M_ring_ll_ch2.log,channels_r3_allgather_8M_ring_ll_ch2,channels,AllGather,4,8M,8388608,float,3,Ring,LL,2,"0,1,2,3",1344.06,6.24,4.68,0,0,PASS
/data/coding/comm-study-migration-rtx4090-20260826/results/rtx4090_sm89_4gpu/20260826T222600Z_debug/logs/channels_r3_allgather_8M_ring_ll_ch4.log,channels_r3_allgather_8M_ring_ll_ch4,channels,AllGather,4,8M,8388608,float,3,Ring,LL,4,"0,1,2,3",842.07,9.96,7.47,0,0,PASS
/data/coding/comm-study-migration-rtx4090-20260826/results/rtx4090_sm89_4gpu/20260826T222600Z_debug/logs/channels_r3_allgather_8M_ring_ll_ch8.log,channels_r3_allgather_8M_ring_ll_ch8,channels,AllGather,4,8M,8388608,float,3,Ring,LL,8,"0,1,2,3",1021.56,8.21,6.16,0,0,PASS
/data/coding/comm-study-migration-rtx4090-20260826/results/rtx4090_sm89_4gpu/20260826T222600Z_debug/logs/channels_r3_allgather_64M_ring_simple_ch1.log,channels_r3_allgather_64M_ring_simple_ch1,channels,AllGather,4,64M,67108864,float,3,Ring,Simple,1,"0,1,2,3",3568.68,18.80,14.10,0,0,PASS
/data/coding/comm-study-migration-rtx4090-20260826/results/rtx4090_sm89_4gpu/20260826T222600Z_debug/logs/channels_r3_allgather_64M_ring_simple_ch2.log,channels_r3_allgather_64M_ring_simple_ch2,channels,AllGather,4,64M,67108864,float,3,Ring,Simple,2,"0,1,2,3",2993.32,22.42,16.81,0,0,PASS
/data/coding/comm-study-migration-rtx4090-20260826/results/rtx4090_sm89_4gpu/20260826T222600Z_debug/logs/channels_r3_allgather_64M_ring_simple_ch4.log,channels_r3_allgather_64M_ring_simple_ch4,channels,AllGather,4,64M,67108864,float,3,Ring,Simple,4,"0,1,2,3",2872.13,23.37,17.52,0,0,PASS
/data/coding/comm-study-migration-rtx4090-20260826/results/rtx4090_sm89_4gpu/20260826T222600Z_debug/logs/channels_r3_allgather_64M_ring_simple_ch8.log,channels_r3_allgather_64M_ring_simple_ch8,channels,AllGather,4,64M,67108864,float,3,Ring,Simple,8,"0,1,2,3",2881.35,23.29,17.47,0,0,PASS
/data/coding/comm-study-migration-rtx4090-20260826/results/rtx4090_sm89_4gpu/20260826T222600Z_debug/logs/channels_r3_allgather_64M_ring_ll_ch1.log,channels_r3_allgather_64M_ring_ll_ch1,channels,AllGather,4,64M,67108864,float,3,Ring,LL,1,"0,1,2,3",19513.4,3.44,2.58,0,0,PASS
/data/coding/comm-study-migration-rtx4090-20260826/results/rtx4090_sm89_4gpu/20260826T222600Z_debug/logs/channels_r3_allgather_64M_ring_ll_ch2.log,channels_r3_allgather_64M_ring_ll_ch2,channels,AllGather,4,64M,67108864,float,3,Ring,LL,2,"0,1,2,3",9853.43,6.81,5.11,0,0,PASS
/data/coding/comm-study-migration-rtx4090-20260826/results/rtx4090_sm89_4gpu/20260826T222600Z_debug/logs/channels_r3_allgather_64M_ring_ll_ch4.log,channels_r3_allgather_64M_ring_ll_ch4,channels,AllGather,4,64M,67108864,float,3,Ring,LL,4,"0,1,2,3",6440.69,10.42,7.81,0,0,PASS
/data/coding/comm-study-migration-rtx4090-20260826/results/rtx4090_sm89_4gpu/20260826T222600Z_debug/logs/channels_r3_allgather_64M_ring_ll_ch8.log,channels_r3_allgather_64M_ring_ll_ch8,channels,AllGather,4,64M,67108864,float,3,Ring,LL,8,"0,1,2,3",32842.6,2.04,1.53,0,0,PASS
/data/coding/comm-study-migration-rtx4090-20260826/results/rtx4090_sm89_4gpu/20260826T222600Z_debug/logs/channels_r3_allreduce_1M_ring_simple_ch1.log,channels_r3_allreduce_1M_ring_simple_ch1,channels,AllReduce,4,1M,1048576,float,3,Ring,Simple,1,"0,1,2,3",189.77,5.53,8.29,0,0,PASS
/data/coding/comm-study-migration-rtx4090-20260826/results/rtx4090_sm89_4gpu/20260826T222600Z_debug/logs/channels_r3_allreduce_1M_ring_simple_ch2.log,channels_r3_allreduce_1M_ring_simple_ch2,channels,AllReduce,4,1M,1048576,float,3,Ring,Simple,2,"0,1,2,3",166.97,6.28,9.42,0,0,PASS
/data/coding/comm-study-migration-rtx4090-20260826/results/rtx4090_sm89_4gpu/20260826T222600Z_debug/logs/channels_r3_allreduce_1M_ring_simple_ch4.log,channels_r3_allreduce_1M_ring_simple_ch4,channels,AllReduce,4,1M,1048576,float,3,Ring,Simple,4,"0,1,2,3",167.19,6.27,9.41,0,0,PASS
/data/coding/comm-study-migration-rtx4090-20260826/results/rtx4090_sm89_4gpu/20260826T222600Z_debug/logs/channels_r3_allreduce_1M_ring_simple_ch8.log,channels_r3_allreduce_1M_ring_simple_ch8,channels,AllReduce,4,1M,1048576,float,3,Ring,Simple,8,"0,1,2,3",405.06,2.59,3.88,0,0,PASS
/data/coding/comm-study-migration-rtx4090-20260826/results/rtx4090_sm89_4gpu/20260826T222600Z_debug/logs/channels_r3_allreduce_1M_ring_ll_ch1.log,channels_r3_allreduce_1M_ring_ll_ch1,channels,AllReduce,4,1M,1048576,float,3,Ring,LL,1,"0,1,2,3",608.76,1.72,2.58,0,0,PASS
/data/coding/comm-study-migration-rtx4090-20260826/results/rtx4090_sm89_4gpu/20260826T222600Z_debug/logs/channels_r3_allreduce_1M_ring_ll_ch2.log,channels_r3_allreduce_1M_ring_ll_ch2,channels,AllReduce,4,1M,1048576,float,3,Ring,LL,2,"0,1,2,3",589.86,1.78,2.67,0,0,PASS
/data/coding/comm-study-migration-rtx4090-20260826/results/rtx4090_sm89_4gpu/20260826T222600Z_debug/logs/channels_r3_allreduce_1M_ring_ll_ch4.log,channels_r3_allreduce_1M_ring_ll_ch4,channels,AllReduce,4,1M,1048576,float,3,Ring,LL,4,"0,1,2,3",513.94,2.04,3.06,0,0,PASS
/data/coding/comm-study-migration-rtx4090-20260826/results/rtx4090_sm89_4gpu/20260826T222600Z_debug/logs/channels_r3_allreduce_1M_ring_ll_ch8.log,channels_r3_allreduce_1M_ring_ll_ch8,channels,AllReduce,4,1M,1048576,float,3,Ring,LL,8,"0,1,2,3",163.35,6.42,9.63,0,0,PASS
/data/coding/comm-study-migration-rtx4090-20260826/results/rtx4090_sm89_4gpu/20260826T222600Z_debug/logs/channels_r3_allreduce_1M_tree_simple_ch1.log,channels_r3_allreduce_1M_tree_simple_ch1,channels,AllReduce,4,1M,1048576,float,3,Tree,Simple,1,"0,1,2,3",334.78,3.13,4.70,0,0,PASS
/data/coding/comm-study-migration-rtx4090-20260826/results/rtx4090_sm89_4gpu/20260826T222600Z_debug/logs/channels_r3_allreduce_1M_tree_simple_ch2.log,channels_r3_allreduce_1M_tree_simple_ch2,channels,AllReduce,4,1M,1048576,float,3,Tree,Simple,2,"0,1,2,3",431.35,2.43,3.65,0,0,PASS
/data/coding/comm-study-migration-rtx4090-20260826/results/rtx4090_sm89_4gpu/20260826T222600Z_debug/logs/channels_r3_allreduce_1M_tree_simple_ch4.log,channels_r3_allreduce_1M_tree_simple_ch4,channels,AllReduce,4,1M,1048576,float,3,Tree,Simple,4,"0,1,2,3",643.83,1.63,2.44,0,0,PASS
/data/coding/comm-study-migration-rtx4090-20260826/results/rtx4090_sm89_4gpu/20260826T222600Z_debug/logs/channels_r3_allreduce_1M_tree_simple_ch8.log,channels_r3_allreduce_1M_tree_simple_ch8,channels,AllReduce,4,1M,1048576,float,3,Tree,Simple,8,"0,1,2,3",467.32,2.24,3.37,0,0,PASS
/data/coding/comm-study-migration-rtx4090-20260826/results/rtx4090_sm89_4gpu/20260826T222600Z_debug/logs/channels_r3_allreduce_1M_tree_ll_ch1.log,channels_r3_allreduce_1M_tree_ll_ch1,channels,AllReduce,4,1M,1048576,float,3,Tree,LL,1,"0,1,2,3",1449.77,0.72,1.08,0,0,PASS
/data/coding/comm-study-migration-rtx4090-20260826/results/rtx4090_sm89_4gpu/20260826T222600Z_debug/logs/channels_r3_allreduce_1M_tree_ll_ch2.log,channels_r3_allreduce_1M_tree_ll_ch2,channels,AllReduce,4,1M,1048576,float,3,Tree,LL,2,"0,1,2,3",2787.83,0.38,0.56,0,0,PASS
/data/coding/comm-study-migration-rtx4090-20260826/results/rtx4090_sm89_4gpu/20260826T222600Z_debug/logs/channels_r3_allreduce_1M_tree_ll_ch4.log,channels_r3_allreduce_1M_tree_ll_ch4,channels,AllReduce,4,1M,1048576,float,3,Tree,LL,4,"0,1,2,3",3162.07,0.33,0.50,0,0,PASS
/data/coding/comm-study-migration-rtx4090-20260826/results/rtx4090_sm89_4gpu/20260826T222600Z_debug/logs/channels_r3_allreduce_1M_tree_ll_ch8.log,channels_r3_allreduce_1M_tree_ll_ch8,channels,AllReduce,4,1M,1048576,float,3,Tree,LL,8,"0,1,2,3",2024.92,0.52,0.78,0,0,PASS
/data/coding/comm-study-migration-rtx4090-20260826/results/rtx4090_sm89_4gpu/20260826T222600Z_debug/logs/channels_r3_allreduce_8M_ring_simple_ch1.log,channels_r3_allreduce_8M_ring_simple_ch1,channels,AllReduce,4,8M,8388608,float,3,Ring,Simple,1,"0,1,2,3",1073.26,7.82,11.72,0,0,PASS
/data/coding/comm-study-migration-rtx4090-20260826/results/rtx4090_sm89_4gpu/20260826T222600Z_debug/logs/channels_r3_allreduce_8M_ring_simple_ch2.log,channels_r3_allreduce_8M_ring_simple_ch2,channels,AllReduce,4,8M,8388608,float,3,Ring,Simple,2,"0,1,2,3",750.31,11.18,16.77,0,0,PASS
/data/coding/comm-study-migration-rtx4090-20260826/results/rtx4090_sm89_4gpu/20260826T222600Z_debug/logs/channels_r3_allreduce_8M_ring_simple_ch4.log,channels_r3_allreduce_8M_ring_simple_ch4,channels,AllReduce,4,8M,8388608,float,3,Ring,Simple,4,"0,1,2,3",803.22,10.44,15.67,0,0,PASS
/data/coding/comm-study-migration-rtx4090-20260826/results/rtx4090_sm89_4gpu/20260826T222600Z_debug/logs/channels_r3_allreduce_8M_ring_simple_ch8.log,channels_r3_allreduce_8M_ring_simple_ch8,channels,AllReduce,4,8M,8388608,float,3,Ring,Simple,8,"0,1,2,3",839.69,9.99,14.99,0,0,PASS
/data/coding/comm-study-migration-rtx4090-20260826/results/rtx4090_sm89_4gpu/20260826T222600Z_debug/logs/channels_r3_allreduce_8M_ring_ll_ch1.log,channels_r3_allreduce_8M_ring_ll_ch1,channels,AllReduce,4,8M,8388608,float,3,Ring,LL,1,"0,1,2,3",4743.63,1.77,2.65,0,0,PASS
/data/coding/comm-study-migration-rtx4090-20260826/results/rtx4090_sm89_4gpu/20260826T222600Z_debug/logs/channels_r3_allreduce_8M_ring_ll_ch2.log,channels_r3_allreduce_8M_ring_ll_ch2,channels,AllReduce,4,8M,8388608,float,3,Ring,LL,2,"0,1,2,3",2698.04,3.11,4.66,0,0,PASS
/data/coding/comm-study-migration-rtx4090-20260826/results/rtx4090_sm89_4gpu/20260826T222600Z_debug/logs/channels_r3_allreduce_8M_ring_ll_ch4.log,channels_r3_allreduce_8M_ring_ll_ch4,channels,AllReduce,4,8M,8388608,float,3,Ring,LL,4,"0,1,2,3",1362.56,6.16,9.23,0,0,PASS
/data/coding/comm-study-migration-rtx4090-20260826/results/rtx4090_sm89_4gpu/20260826T222600Z_debug/logs/channels_r3_allreduce_8M_ring_ll_ch8.log,channels_r3_allreduce_8M_ring_ll_ch8,channels,AllReduce,4,8M,8388608,float,3,Ring,LL,8,"0,1,2,3",3654.67,2.30,3.44,0,0,PASS
/data/coding/comm-study-migration-rtx4090-20260826/results/rtx4090_sm89_4gpu/20260826T222600Z_debug/logs/channels_r3_allreduce_8M_tree_simple_ch1.log,channels_r3_allreduce_8M_tree_simple_ch1,channels,AllReduce,4,8M,8388608,float,3,Tree,Simple,1,"0,1,2,3",1273.09,6.59,9.88,0,0,PASS
/data/coding/comm-study-migration-rtx4090-20260826/results/rtx4090_sm89_4gpu/20260826T222600Z_debug/logs/channels_r3_allreduce_8M_tree_simple_ch2.log,channels_r3_allreduce_8M_tree_simple_ch2,channels,AllReduce,4,8M,8388608,float,3,Tree,Simple,2,"0,1,2,3",983.40,8.53,12.80,0,0,PASS
/data/coding/comm-study-migration-rtx4090-20260826/results/rtx4090_sm89_4gpu/20260826T222600Z_debug/logs/channels_r3_allreduce_8M_tree_simple_ch4.log,channels_r3_allreduce_8M_tree_simple_ch4,channels,AllReduce,4,8M,8388608,float,3,Tree,Simple,4,"0,1,2,3",1205.03,6.96,10.44,0,0,PASS
/data/coding/comm-study-migration-rtx4090-20260826/results/rtx4090_sm89_4gpu/20260826T222600Z_debug/logs/channels_r3_allreduce_8M_tree_simple_ch8.log,channels_r3_allreduce_8M_tree_simple_ch8,channels,AllReduce,4,8M,8388608,float,3,Tree,Simple,8,"0,1,2,3",1907.19,4.40,6.60,0,0,PASS
/data/coding/comm-study-migration-rtx4090-20260826/results/rtx4090_sm89_4gpu/20260826T222600Z_debug/logs/channels_r3_allreduce_8M_tree_ll_ch1.log,channels_r3_allreduce_8M_tree_ll_ch1,channels,AllReduce,4,8M,8388608,float,3,Tree,LL,1,"0,1,2,3",10082.9,0.83,1.25,0,0,PASS
/data/coding/comm-study-migration-rtx4090-20260826/results/rtx4090_sm89_4gpu/20260826T222600Z_debug/logs/channels_r3_allreduce_8M_tree_ll_ch2.log,channels_r3_allreduce_8M_tree_ll_ch2,channels,AllReduce,4,8M,8388608,float,3,Tree,LL,2,"0,1,2,3",20780.3,0.40,0.61,0,0,PASS
/data/coding/comm-study-migration-rtx4090-20260826/results/rtx4090_sm89_4gpu/20260826T222600Z_debug/logs/channels_r3_allreduce_8M_tree_ll_ch4.log,channels_r3_allreduce_8M_tree_ll_ch4,channels,AllReduce,4,8M,8388608,float,3,Tree,LL,4,"0,1,2,3",9606.19,0.87,1.31,0,0,PASS
/data/coding/comm-study-migration-rtx4090-20260826/results/rtx4090_sm89_4gpu/20260826T222600Z_debug/logs/channels_r3_allreduce_8M_tree_ll_ch8.log,channels_r3_allreduce_8M_tree_ll_ch8,channels,AllReduce,4,8M,8388608,float,3,Tree,LL,8,"0,1,2,3",28029.3,0.30,0.45,0,0,PASS
/data/coding/comm-study-migration-rtx4090-20260826/results/rtx4090_sm89_4gpu/20260826T222600Z_debug/logs/channels_r3_allreduce_64M_ring_simple_ch1.log,channels_r3_allreduce_64M_ring_simple_ch1,channels,AllReduce,4,64M,67108864,float,3,Ring,Simple,1,"0,1,2,3",6778.84,9.90,14.85,0,0,PASS
/data/coding/comm-study-migration-rtx4090-20260826/results/rtx4090_sm89_4gpu/20260826T222600Z_debug/logs/channels_r3_allreduce_64M_ring_simple_ch2.log,channels_r3_allreduce_64M_ring_simple_ch2,channels,AllReduce,4,64M,67108864,float,3,Ring,Simple,2,"0,1,2,3",5773.00,11.62,17.44,0,0,PASS
/data/coding/comm-study-migration-rtx4090-20260826/results/rtx4090_sm89_4gpu/20260826T222600Z_debug/logs/channels_r3_allreduce_64M_ring_simple_ch4.log,channels_r3_allreduce_64M_ring_simple_ch4,channels,AllReduce,4,64M,67108864,float,3,Ring,Simple,4,"0,1,2,3",5239.26,12.81,19.21,0,0,PASS
/data/coding/comm-study-migration-rtx4090-20260826/results/rtx4090_sm89_4gpu/20260826T222600Z_debug/logs/channels_r3_allreduce_64M_ring_simple_ch8.log,channels_r3_allreduce_64M_ring_simple_ch8,channels,AllReduce,4,64M,67108864,float,3,Ring,Simple,8,"0,1,2,3",5180.68,12.95,19.43,0,0,PASS
/data/coding/comm-study-migration-rtx4090-20260826/results/rtx4090_sm89_4gpu/20260826T222600Z_debug/logs/channels_r3_allreduce_64M_ring_ll_ch1.log,channels_r3_allreduce_64M_ring_ll_ch1,channels,AllReduce,4,64M,67108864,float,3,Ring,LL,1,"0,1,2,3",35354.6,1.90,2.85,0,0,PASS
/data/coding/comm-study-migration-rtx4090-20260826/results/rtx4090_sm89_4gpu/20260826T222600Z_debug/logs/channels_r3_allreduce_64M_ring_ll_ch2.log,channels_r3_allreduce_64M_ring_ll_ch2,channels,AllReduce,4,64M,67108864,float,3,Ring,LL,2,"0,1,2,3",15265.3,4.40,6.59,0,0,PASS
/data/coding/comm-study-migration-rtx4090-20260826/results/rtx4090_sm89_4gpu/20260826T222600Z_debug/logs/channels_r3_allreduce_64M_ring_ll_ch4.log,channels_r3_allreduce_64M_ring_ll_ch4,channels,AllReduce,4,64M,67108864,float,3,Ring,LL,4,"0,1,2,3",12191.6,5.50,8.26,0,0,PASS
/data/coding/comm-study-migration-rtx4090-20260826/results/rtx4090_sm89_4gpu/20260826T222600Z_debug/logs/channels_r3_allreduce_64M_ring_ll_ch8.log,channels_r3_allreduce_64M_ring_ll_ch8,channels,AllReduce,4,64M,67108864,float,3,Ring,LL,8,"0,1,2,3",34978.6,1.92,2.88,0,0,PASS
/data/coding/comm-study-migration-rtx4090-20260826/results/rtx4090_sm89_4gpu/20260826T222600Z_debug/logs/channels_r3_allreduce_64M_tree_simple_ch1.log,channels_r3_allreduce_64M_tree_simple_ch1,channels,AllReduce,4,64M,67108864,float,3,Tree,Simple,1,"0,1,2,3",8053.42,8.33,12.50,0,0,PASS
/data/coding/comm-study-migration-rtx4090-20260826/results/rtx4090_sm89_4gpu/20260826T222600Z_debug/logs/channels_r3_allreduce_64M_tree_simple_ch2.log,channels_r3_allreduce_64M_tree_simple_ch2,channels,AllReduce,4,64M,67108864,float,3,Tree,Simple,2,"0,1,2,3",6475.01,10.36,15.55,0,0,PASS
/data/coding/comm-study-migration-rtx4090-20260826/results/rtx4090_sm89_4gpu/20260826T222600Z_debug/logs/channels_r3_allreduce_64M_tree_simple_ch4.log,channels_r3_allreduce_64M_tree_simple_ch4,channels,AllReduce,4,64M,67108864,float,3,Tree,Simple,4,"0,1,2,3",6387.02,10.51,15.76,0,0,PASS
/data/coding/comm-study-migration-rtx4090-20260826/results/rtx4090_sm89_4gpu/20260826T222600Z_debug/logs/channels_r3_allreduce_64M_tree_simple_ch8.log,channels_r3_allreduce_64M_tree_simple_ch8,channels,AllReduce,4,64M,67108864,float,3,Tree,Simple,8,"0,1,2,3",6743.28,9.95,14.93,0,0,PASS
/data/coding/comm-study-migration-rtx4090-20260826/results/rtx4090_sm89_4gpu/20260826T222600Z_debug/logs/channels_r3_allreduce_64M_tree_ll_ch1.log,channels_r3_allreduce_64M_tree_ll_ch1,channels,AllReduce,4,64M,67108864,float,3,Tree,LL,1,"0,1,2,3",49493.6,1.36,2.03,0,0,PASS
/data/coding/comm-study-migration-rtx4090-20260826/results/rtx4090_sm89_4gpu/20260826T222600Z_debug/logs/channels_r3_allreduce_64M_tree_ll_ch2.log,channels_r3_allreduce_64M_tree_ll_ch2,channels,AllReduce,4,64M,67108864,float,3,Tree,LL,2,"0,1,2,3",25656.1,2.62,3.92,0,0,PASS
/data/coding/comm-study-migration-rtx4090-20260826/results/rtx4090_sm89_4gpu/20260826T222600Z_debug/logs/channels_r3_allreduce_64M_tree_ll_ch4.log,channels_r3_allreduce_64M_tree_ll_ch4,channels,AllReduce,4,64M,67108864,float,3,Tree,LL,4,"0,1,2,3",243634,0.28,0.41,0,0,PASS
/data/coding/comm-study-migration-rtx4090-20260826/results/rtx4090_sm89_4gpu/20260826T222600Z_debug/logs/channels_r3_allreduce_64M_tree_ll_ch8.log,channels_r3_allreduce_64M_tree_ll_ch8,channels,AllReduce,4,64M,67108864,float,3,Tree,LL,8,"0,1,2,3",134897,0.50,0.75,0,0,PASS
/data/coding/comm-study-migration-rtx4090-20260826/results/rtx4090_sm89_4gpu/20260826T222600Z_debug/logs/channels_r3_reducescatter_1M_ring_simple_ch1.log,channels_r3_reducescatter_1M_ring_simple_ch1,channels,ReduceScatter,4,1M,1048576,float,3,Ring,Simple,1,"0,1,2,3",82.05,12.78,9.58,0,0,PASS
/data/coding/comm-study-migration-rtx4090-20260826/results/rtx4090_sm89_4gpu/20260826T222600Z_debug/logs/channels_r3_reducescatter_1M_ring_simple_ch2.log,channels_r3_reducescatter_1M_ring_simple_ch2,channels,ReduceScatter,4,1M,1048576,float,3,Ring,Simple,2,"0,1,2,3",72.93,14.38,10.78,0,0,PASS
/data/coding/comm-study-migration-rtx4090-20260826/results/rtx4090_sm89_4gpu/20260826T222600Z_debug/logs/channels_r3_reducescatter_1M_ring_simple_ch4.log,channels_r3_reducescatter_1M_ring_simple_ch4,channels,ReduceScatter,4,1M,1048576,float,3,Ring,Simple,4,"0,1,2,3",68.86,15.23,11.42,0,0,PASS
/data/coding/comm-study-migration-rtx4090-20260826/results/rtx4090_sm89_4gpu/20260826T222600Z_debug/logs/channels_r3_reducescatter_1M_ring_simple_ch8.log,channels_r3_reducescatter_1M_ring_simple_ch8,channels,ReduceScatter,4,1M,1048576,float,3,Ring,Simple,8,"0,1,2,3",81.65,12.84,9.63,0,0,PASS
/data/coding/comm-study-migration-rtx4090-20260826/results/rtx4090_sm89_4gpu/20260826T222600Z_debug/logs/channels_r3_reducescatter_1M_ring_ll_ch1.log,channels_r3_reducescatter_1M_ring_ll_ch1,channels,ReduceScatter,4,1M,1048576,float,3,Ring,LL,1,"0,1,2,3",205.80,5.10,3.82,0,0,PASS
/data/coding/comm-study-migration-rtx4090-20260826/results/rtx4090_sm89_4gpu/20260826T222600Z_debug/logs/channels_r3_reducescatter_1M_ring_ll_ch2.log,channels_r3_reducescatter_1M_ring_ll_ch2,channels,ReduceScatter,4,1M,1048576,float,3,Ring,LL,2,"0,1,2,3",222.01,4.72,3.54,0,0,PASS
/data/coding/comm-study-migration-rtx4090-20260826/results/rtx4090_sm89_4gpu/20260826T222600Z_debug/logs/channels_r3_reducescatter_1M_ring_ll_ch4.log,channels_r3_reducescatter_1M_ring_ll_ch4,channels,ReduceScatter,4,1M,1048576,float,3,Ring,LL,4,"0,1,2,3",221.72,4.73,3.55,0,0,PASS
/data/coding/comm-study-migration-rtx4090-20260826/results/rtx4090_sm89_4gpu/20260826T222600Z_debug/logs/channels_r3_reducescatter_1M_ring_ll_ch8.log,channels_r3_reducescatter_1M_ring_ll_ch8,channels,ReduceScatter,4,1M,1048576,float,3,Ring,LL,8,"0,1,2,3",807.47,1.30,0.97,0,0,PASS
/data/coding/comm-study-migration-rtx4090-20260826/results/rtx4090_sm89_4gpu/20260826T222600Z_debug/logs/channels_r3_reducescatter_8M_ring_simple_ch1.log,channels_r3_reducescatter_8M_ring_simple_ch1,channels,ReduceScatter,4,8M,8388608,float,3,Ring,Simple,1,"0,1,2,3",566.02,14.82,11.12,0,0,PASS
/data/coding/comm-study-migration-rtx4090-20260826/results/rtx4090_sm89_4gpu/20260826T222600Z_debug/logs/channels_r3_reducescatter_8M_ring_simple_ch2.log,channels_r3_reducescatter_8M_ring_simple_ch2,channels,ReduceScatter,4,8M,8388608,float,3,Ring,Simple,2,"0,1,2,3",506.66,16.56,12.42,0,0,PASS
/data/coding/comm-study-migration-rtx4090-20260826/results/rtx4090_sm89_4gpu/20260826T222600Z_debug/logs/channels_r3_reducescatter_8M_ring_simple_ch4.log,channels_r3_reducescatter_8M_ring_simple_ch4,channels,ReduceScatter,4,8M,8388608,float,3,Ring,Simple,4,"0,1,2,3",481.04,17.44,13.08,0,0,PASS
/data/coding/comm-study-migration-rtx4090-20260826/results/rtx4090_sm89_4gpu/20260826T222600Z_debug/logs/channels_r3_reducescatter_8M_ring_simple_ch8.log,channels_r3_reducescatter_8M_ring_simple_ch8,channels,ReduceScatter,4,8M,8388608,float,3,Ring,Simple,8,"0,1,2,3",504.05,16.64,12.48,0,0,PASS
/data/coding/comm-study-migration-rtx4090-20260826/results/rtx4090_sm89_4gpu/20260826T222600Z_debug/logs/channels_r3_reducescatter_8M_ring_ll_ch1.log,channels_r3_reducescatter_8M_ring_ll_ch1,channels,ReduceScatter,4,8M,8388608,float,3,Ring,LL,1,"0,1,2,3",2361.32,3.55,2.66,0,0,PASS
/data/coding/comm-study-migration-rtx4090-20260826/results/rtx4090_sm89_4gpu/20260826T222600Z_debug/logs/channels_r3_reducescatter_8M_ring_ll_ch2.log,channels_r3_reducescatter_8M_ring_ll_ch2,channels,ReduceScatter,4,8M,8388608,float,3,Ring,LL,2,"0,1,2,3",1415.40,5.93,4.44,0,0,PASS
/data/coding/comm-study-migration-rtx4090-20260826/results/rtx4090_sm89_4gpu/20260826T222600Z_debug/logs/channels_r3_reducescatter_8M_ring_ll_ch4.log,channels_r3_reducescatter_8M_ring_ll_ch4,channels,ReduceScatter,4,8M,8388608,float,3,Ring,LL,4,"0,1,2,3",828.89,10.12,7.59,0,0,PASS
/data/coding/comm-study-migration-rtx4090-20260826/results/rtx4090_sm89_4gpu/20260826T222600Z_debug/logs/channels_r3_reducescatter_8M_ring_ll_ch8.log,channels_r3_reducescatter_8M_ring_ll_ch8,channels,ReduceScatter,4,8M,8388608,float,3,Ring,LL,8,"0,1,2,3",677.01,12.39,9.29,0,0,PASS
/data/coding/comm-study-migration-rtx4090-20260826/results/rtx4090_sm89_4gpu/20260826T222600Z_debug/logs/channels_r3_reducescatter_64M_ring_simple_ch1.log,channels_r3_reducescatter_64M_ring_simple_ch1,channels,ReduceScatter,4,64M,67108864,float,3,Ring,Simple,1,"0,1,2,3",3535.72,18.98,14.24,0,0,PASS
/data/coding/comm-study-migration-rtx4090-20260826/results/rtx4090_sm89_4gpu/20260826T222600Z_debug/logs/channels_r3_reducescatter_64M_ring_simple_ch2.log,channels_r3_reducescatter_64M_ring_simple_ch2,channels,ReduceScatter,4,64M,67108864,float,3,Ring,Simple,2,"0,1,2,3",3167.64,21.19,15.89,0,0,PASS
/data/coding/comm-study-migration-rtx4090-20260826/results/rtx4090_sm89_4gpu/20260826T222600Z_debug/logs/channels_r3_reducescatter_64M_ring_simple_ch4.log,channels_r3_reducescatter_64M_ring_simple_ch4,channels,ReduceScatter,4,64M,67108864,float,3,Ring,Simple,4,"0,1,2,3",2915.59,23.02,17.26,0,0,PASS
/data/coding/comm-study-migration-rtx4090-20260826/results/rtx4090_sm89_4gpu/20260826T222600Z_debug/logs/channels_r3_reducescatter_64M_ring_simple_ch8.log,channels_r3_reducescatter_64M_ring_simple_ch8,channels,ReduceScatter,4,64M,67108864,float,3,Ring,Simple,8,"0,1,2,3",2860.19,23.46,17.60,0,0,PASS
/data/coding/comm-study-migration-rtx4090-20260826/results/rtx4090_sm89_4gpu/20260826T222600Z_debug/logs/channels_r3_reducescatter_64M_ring_ll_ch1.log,channels_r3_reducescatter_64M_ring_ll_ch1,channels,ReduceScatter,4,64M,67108864,float,3,Ring,LL,1,"0,1,2,3",19284.6,3.48,2.61,0,0,PASS
/data/coding/comm-study-migration-rtx4090-20260826/results/rtx4090_sm89_4gpu/20260826T222600Z_debug/logs/channels_r3_reducescatter_64M_ring_ll_ch2.log,channels_r3_reducescatter_64M_ring_ll_ch2,channels,ReduceScatter,4,64M,67108864,float,3,Ring,LL,2,"0,1,2,3",9760.56,6.88,5.16,0,0,PASS
/data/coding/comm-study-migration-rtx4090-20260826/results/rtx4090_sm89_4gpu/20260826T222600Z_debug/logs/channels_r3_reducescatter_64M_ring_ll_ch4.log,channels_r3_reducescatter_64M_ring_ll_ch4,channels,ReduceScatter,4,64M,67108864,float,3,Ring,LL,4,"0,1,2,3",6355.81,10.56,7.92,0,0,PASS
/data/coding/comm-study-migration-rtx4090-20260826/results/rtx4090_sm89_4gpu/20260826T222600Z_debug/logs/channels_r3_reducescatter_64M_ring_ll_ch8.log,channels_r3_reducescatter_64M_ring_ll_ch8,channels,ReduceScatter,4,64M,67108864,float,3,Ring,LL,8,"0,1,2,3",47753.6,1.41,1.05,0,0,PASS
/data/coding/comm-study-migration-rtx4090-20260826/results/rtx4090_sm89_4gpu/20260826T222600Z_debug/logs/map_r1_allgather_1M_0123_default.log,map_r1_allgather_1M_0123_default,mapping,AllGather,4,1M,1048576,float,1,DEFAULT,DEFAULT,DEFAULT,"0,1,2,3",94.35,11.11,8.34,0,0,PASS
/data/coding/comm-study-migration-rtx4090-20260826/results/rtx4090_sm89_4gpu/20260826T222600Z_debug/logs/map_r1_allgather_1M_0213_default.log,map_r1_allgather_1M_0213_default,mapping,AllGather,4,1M,1048576,float,1,DEFAULT,DEFAULT,DEFAULT,"0,2,1,3",93.80,11.18,8.38,0,0,PASS
/data/coding/comm-study-migration-rtx4090-20260826/results/rtx4090_sm89_4gpu/20260826T222600Z_debug/logs/map_r1_allgather_1M_0321_default.log,map_r1_allgather_1M_0321_default,mapping,AllGather,4,1M,1048576,float,1,DEFAULT,DEFAULT,DEFAULT,"0,3,2,1",93.73,11.19,8.39,0,0,PASS
/data/coding/comm-study-migration-rtx4090-20260826/results/rtx4090_sm89_4gpu/20260826T222600Z_debug/logs/map_r1_allgather_64M_0123_default.log,map_r1_allgather_64M_0123_default,mapping,AllGather,4,64M,67108864,float,1,DEFAULT,DEFAULT,DEFAULT,"0,1,2,3",3003.57,22.34,16.76,0,0,PASS
/data/coding/comm-study-migration-rtx4090-20260826/results/rtx4090_sm89_4gpu/20260826T222600Z_debug/logs/map_r1_allgather_64M_0213_default.log,map_r1_allgather_64M_0213_default,mapping,AllGather,4,64M,67108864,float,1,DEFAULT,DEFAULT,DEFAULT,"0,2,1,3",3015.27,22.26,16.69,0,0,PASS
/data/coding/comm-study-migration-rtx4090-20260826/results/rtx4090_sm89_4gpu/20260826T222600Z_debug/logs/map_r1_allgather_64M_0321_default.log,map_r1_allgather_64M_0321_default,mapping,AllGather,4,64M,67108864,float,1,DEFAULT,DEFAULT,DEFAULT,"0,3,2,1",3003.70,22.34,16.76,0,0,PASS
/data/coding/comm-study-migration-rtx4090-20260826/results/rtx4090_sm89_4gpu/20260826T222600Z_debug/logs/map_r1_allreduce_1M_0123_default.log,map_r1_allreduce_1M_0123_default,mapping,AllReduce,4,1M,1048576,float,1,DEFAULT,DEFAULT,DEFAULT,"0,1,2,3",169.60,6.18,9.27,0,0,PASS
/data/coding/comm-study-migration-rtx4090-20260826/results/rtx4090_sm89_4gpu/20260826T222600Z_debug/logs/map_r1_allreduce_1M_0213_default.log,map_r1_allreduce_1M_0213_default,mapping,AllReduce,4,1M,1048576,float,1,DEFAULT,DEFAULT,DEFAULT,"0,2,1,3",166.98,6.28,9.42,0,0,PASS
/data/coding/comm-study-migration-rtx4090-20260826/results/rtx4090_sm89_4gpu/20260826T222600Z_debug/logs/map_r1_allreduce_1M_0321_default.log,map_r1_allreduce_1M_0321_default,mapping,AllReduce,4,1M,1048576,float,1,DEFAULT,DEFAULT,DEFAULT,"0,3,2,1",166.69,6.29,9.44,0,0,PASS
/data/coding/comm-study-migration-rtx4090-20260826/results/rtx4090_sm89_4gpu/20260826T222600Z_debug/logs/map_r1_allreduce_64M_0123_default.log,map_r1_allreduce_64M_0123_default,mapping,AllReduce,4,64M,67108864,float,1,DEFAULT,DEFAULT,DEFAULT,"0,1,2,3",5730.97,11.71,17.56,0,0,PASS
/data/coding/comm-study-migration-rtx4090-20260826/results/rtx4090_sm89_4gpu/20260826T222600Z_debug/logs/map_r1_allreduce_64M_0213_default.log,map_r1_allreduce_64M_0213_default,mapping,AllReduce,4,64M,67108864,float,1,DEFAULT,DEFAULT,DEFAULT,"0,2,1,3",5743.32,11.68,17.53,0,0,PASS
/data/coding/comm-study-migration-rtx4090-20260826/results/rtx4090_sm89_4gpu/20260826T222600Z_debug/logs/map_r1_allreduce_64M_0321_default.log,map_r1_allreduce_64M_0321_default,mapping,AllReduce,4,64M,67108864,float,1,DEFAULT,DEFAULT,DEFAULT,"0,3,2,1",5766.82,11.64,17.46,0,0,PASS
/data/coding/comm-study-migration-rtx4090-20260826/results/rtx4090_sm89_4gpu/20260826T222600Z_debug/logs/map_r2_allgather_1M_0123_default.log,map_r2_allgather_1M_0123_default,mapping,AllGather,4,1M,1048576,float,2,DEFAULT,DEFAULT,DEFAULT,"0,1,2,3",77.53,13.52,10.14,0,0,PASS
/data/coding/comm-study-migration-rtx4090-20260826/results/rtx4090_sm89_4gpu/20260826T222600Z_debug/logs/map_r2_allgather_1M_0213_default.log,map_r2_allgather_1M_0213_default,mapping,AllGather,4,1M,1048576,float,2,DEFAULT,DEFAULT,DEFAULT,"0,2,1,3",77.46,13.54,10.15,0,0,PASS
/data/coding/comm-study-migration-rtx4090-20260826/results/rtx4090_sm89_4gpu/20260826T222600Z_debug/logs/map_r2_allgather_1M_0321_default.log,map_r2_allgather_1M_0321_default,mapping,AllGather,4,1M,1048576,float,2,DEFAULT,DEFAULT,DEFAULT,"0,3,2,1",95.34,11.00,8.25,0,0,PASS
/data/coding/comm-study-migration-rtx4090-20260826/results/rtx4090_sm89_4gpu/20260826T222600Z_debug/logs/map_r2_allgather_64M_0123_default.log,map_r2_allgather_64M_0123_default,mapping,AllGather,4,64M,67108864,float,2,DEFAULT,DEFAULT,DEFAULT,"0,1,2,3",3000.51,22.37,16.77,0,0,PASS
/data/coding/comm-study-migration-rtx4090-20260826/results/rtx4090_sm89_4gpu/20260826T222600Z_debug/logs/map_r2_allgather_64M_0213_default.log,map_r2_allgather_64M_0213_default,mapping,AllGather,4,64M,67108864,float,2,DEFAULT,DEFAULT,DEFAULT,"0,2,1,3",3007.34,22.31,16.74,0,0,PASS
/data/coding/comm-study-migration-rtx4090-20260826/results/rtx4090_sm89_4gpu/20260826T222600Z_debug/logs/map_r2_allgather_64M_0321_default.log,map_r2_allgather_64M_0321_default,mapping,AllGather,4,64M,67108864,float,2,DEFAULT,DEFAULT,DEFAULT,"0,3,2,1",3022.48,22.20,16.65,0,0,PASS
/data/coding/comm-study-migration-rtx4090-20260826/results/rtx4090_sm89_4gpu/20260826T222600Z_debug/logs/map_r2_allreduce_1M_0123_default.log,map_r2_allreduce_1M_0123_default,mapping,AllReduce,4,1M,1048576,float,2,DEFAULT,DEFAULT,DEFAULT,"0,1,2,3",167.51,6.26,9.39,0,0,PASS
/data/coding/comm-study-migration-rtx4090-20260826/results/rtx4090_sm89_4gpu/20260826T222600Z_debug/logs/map_r2_allreduce_1M_0213_default.log,map_r2_allreduce_1M_0213_default,mapping,AllReduce,4,1M,1048576,float,2,DEFAULT,DEFAULT,DEFAULT,"0,2,1,3",168.55,6.22,9.33,0,0,PASS
/data/coding/comm-study-migration-rtx4090-20260826/results/rtx4090_sm89_4gpu/20260826T222600Z_debug/logs/map_r2_allreduce_1M_0321_default.log,map_r2_allreduce_1M_0321_default,mapping,AllReduce,4,1M,1048576,float,2,DEFAULT,DEFAULT,DEFAULT,"0,3,2,1",167.61,6.26,9.38,0,0,PASS
/data/coding/comm-study-migration-rtx4090-20260826/results/rtx4090_sm89_4gpu/20260826T222600Z_debug/logs/map_r2_allreduce_64M_0123_default.log,map_r2_allreduce_64M_0123_default,mapping,AllReduce,4,64M,67108864,float,2,DEFAULT,DEFAULT,DEFAULT,"0,1,2,3",5735.71,11.70,17.55,0,0,PASS
/data/coding/comm-study-migration-rtx4090-20260826/results/rtx4090_sm89_4gpu/20260826T222600Z_debug/logs/map_r2_allreduce_64M_0213_default.log,map_r2_allreduce_64M_0213_default,mapping,AllReduce,4,64M,67108864,float,2,DEFAULT,DEFAULT,DEFAULT,"0,2,1,3",5734.75,11.70,17.55,0,0,PASS
/data/coding/comm-study-migration-rtx4090-20260826/results/rtx4090_sm89_4gpu/20260826T222600Z_debug/logs/map_r2_allreduce_64M_0321_default.log,map_r2_allreduce_64M_0321_default,mapping,AllReduce,4,64M,67108864,float,2,DEFAULT,DEFAULT,DEFAULT,"0,3,2,1",5757.82,11.66,17.48,0,0,PASS
/data/coding/comm-study-migration-rtx4090-20260826/results/rtx4090_sm89_4gpu/20260826T222600Z_debug/logs/map_r3_allgather_1M_0123_default.log,map_r3_allgather_1M_0123_default,mapping,AllGather,4,1M,1048576,float,3,DEFAULT,DEFAULT,DEFAULT,"0,1,2,3",95.29,11.00,8.25,0,0,PASS
/data/coding/comm-study-migration-rtx4090-20260826/results/rtx4090_sm89_4gpu/20260826T222600Z_debug/logs/map_r3_allgather_1M_0213_default.log,map_r3_allgather_1M_0213_default,mapping,AllGather,4,1M,1048576,float,3,DEFAULT,DEFAULT,DEFAULT,"0,2,1,3",94.45,11.10,8.33,0,0,PASS
/data/coding/comm-study-migration-rtx4090-20260826/results/rtx4090_sm89_4gpu/20260826T222600Z_debug/logs/map_r3_allgather_1M_0321_default.log,map_r3_allgather_1M_0321_default,mapping,AllGather,4,1M,1048576,float,3,DEFAULT,DEFAULT,DEFAULT,"0,3,2,1",94.42,11.11,8.33,0,0,PASS
/data/coding/comm-study-migration-rtx4090-20260826/results/rtx4090_sm89_4gpu/20260826T222600Z_debug/logs/map_r3_allgather_64M_0123_default.log,map_r3_allgather_64M_0123_default,mapping,AllGather,4,64M,67108864,float,3,DEFAULT,DEFAULT,DEFAULT,"0,1,2,3",2993.53,22.42,16.81,0,0,PASS
/data/coding/comm-study-migration-rtx4090-20260826/results/rtx4090_sm89_4gpu/20260826T222600Z_debug/logs/map_r3_allgather_64M_0213_default.log,map_r3_allgather_64M_0213_default,mapping,AllGather,4,64M,67108864,float,3,DEFAULT,DEFAULT,DEFAULT,"0,2,1,3",3013.57,22.27,16.70,0,0,PASS
/data/coding/comm-study-migration-rtx4090-20260826/results/rtx4090_sm89_4gpu/20260826T222600Z_debug/logs/map_r3_allgather_64M_0321_default.log,map_r3_allgather_64M_0321_default,mapping,AllGather,4,64M,67108864,float,3,DEFAULT,DEFAULT,DEFAULT,"0,3,2,1",3010.86,22.29,16.72,0,0,PASS
/data/coding/comm-study-migration-rtx4090-20260826/results/rtx4090_sm89_4gpu/20260826T222600Z_debug/logs/map_r3_allreduce_1M_0123_default.log,map_r3_allreduce_1M_0123_default,mapping,AllReduce,4,1M,1048576,float,3,DEFAULT,DEFAULT,DEFAULT,"0,1,2,3",167.94,6.24,9.37,0,0,PASS
/data/coding/comm-study-migration-rtx4090-20260826/results/rtx4090_sm89_4gpu/20260826T222600Z_debug/logs/map_r3_allreduce_1M_0213_default.log,map_r3_allreduce_1M_0213_default,mapping,AllReduce,4,1M,1048576,float,3,DEFAULT,DEFAULT,DEFAULT,"0,2,1,3",167.06,6.28,9.41,0,0,PASS
/data/coding/comm-study-migration-rtx4090-20260826/results/rtx4090_sm89_4gpu/20260826T222600Z_debug/logs/map_r3_allreduce_1M_0321_default.log,map_r3_allreduce_1M_0321_default,mapping,AllReduce,4,1M,1048576,float,3,DEFAULT,DEFAULT,DEFAULT,"0,3,2,1",170.39,6.15,9.23,0,0,PASS
/data/coding/comm-study-migration-rtx4090-20260826/results/rtx4090_sm89_4gpu/20260826T222600Z_debug/logs/map_r3_allreduce_64M_0123_default.log,map_r3_allreduce_64M_0123_default,mapping,AllReduce,4,64M,67108864,float,3,DEFAULT,DEFAULT,DEFAULT,"0,1,2,3",5713.76,11.75,17.62,0,0,PASS
/data/coding/comm-study-migration-rtx4090-20260826/results/rtx4090_sm89_4gpu/20260826T222600Z_debug/logs/map_r3_allreduce_64M_0213_default.log,map_r3_allreduce_64M_0213_default,mapping,AllReduce,4,64M,67108864,float,3,DEFAULT,DEFAULT,DEFAULT,"0,2,1,3",5745.94,11.68,17.52,0,0,PASS
/data/coding/comm-study-migration-rtx4090-20260826/results/rtx4090_sm89_4gpu/20260826T222600Z_debug/logs/map_r3_allreduce_64M_0321_default.log,map_r3_allreduce_64M_0321_default,mapping,AllReduce,4,64M,67108864,float,3,DEFAULT,DEFAULT,DEFAULT,"0,3,2,1",5774.72,11.62,17.43,0,0,PASS
/data/coding/comm-study-migration-rtx4090-20260826/results/rtx4090_sm89_4gpu/20260826T222600Z_debug/logs/allgather_1G_default.log,allgather_1G_default,one_gib,AllGather,4,1G,1073741824,float,1,DEFAULT,DEFAULT,DEFAULT,"0,1,2,3",47945.2,22.40,16.80,0,0,PASS
/data/coding/comm-study-migration-rtx4090-20260826/results/rtx4090_sm89_4gpu/20260826T222600Z_debug/logs/allreduce_1G_default.log,allreduce_1G_default,one_gib,AllReduce,4,1G,1073741824,float,1,DEFAULT,DEFAULT,DEFAULT,"0,1,2,3",90478.6,11.87,17.80,0,0,PASS
/data/coding/comm-study-migration-rtx4090-20260826/results/rtx4090_sm89_4gpu/20260826T222600Z_debug/logs/reducescatter_1G_default.log,reducescatter_1G_default,one_gib,ReduceScatter,4,1G,1073741824,float,1,DEFAULT,DEFAULT,DEFAULT,"0,1,2,3",50558.6,21.24,15.93,0,0,PASS
/data/coding/comm-study-migration-rtx4090-20260826/results/rtx4090_sm89_4gpu/20260826T222600Z_debug/logs/ll128_allgather_1M_ring_ll128.log,ll128_allgather_1M_ring_ll128,ll128,AllGather,4,1M,1048576,float,1,Ring,LL128,DEFAULT,"0,1,2,3",95.86,10.94,8.20,0,0,PASS
/data/coding/comm-study-migration-rtx4090-20260826/results/rtx4090_sm89_4gpu/20260826T222600Z_debug/logs/ll128_allgather_8M_ring_ll128.log,ll128_allgather_8M_ring_ll128,ll128,AllGather,4,8M,8388608,float,1,Ring,LL128,DEFAULT,"0,1,2,3",651.74,12.87,9.65,0,0,PASS
/data/coding/comm-study-migration-rtx4090-20260826/results/rtx4090_sm89_4gpu/20260826T222600Z_debug/logs/ll128_allgather_64M_ring_ll128.log,ll128_allgather_64M_ring_ll128,ll128,AllGather,4,64M,67108864,float,1,Ring,LL128,DEFAULT,"0,1,2,3",5119.28,13.11,9.83,0,0,PASS
/data/coding/comm-study-migration-rtx4090-20260826/results/rtx4090_sm89_4gpu/20260826T222600Z_debug/logs/ll128_allreduce_1M_ring_ll128.log,ll128_allreduce_1M_ring_ll128,ll128,AllReduce,4,1M,1048576,float,1,Ring,LL128,DEFAULT,"0,1,2,3",291.45,3.60,5.40,0,0,PASS
/data/coding/comm-study-migration-rtx4090-20260826/results/rtx4090_sm89_4gpu/20260826T222600Z_debug/logs/ll128_allreduce_1M_tree_ll128.log,ll128_allreduce_1M_tree_ll128,ll128,AllReduce,4,1M,1048576,float,1,Tree,LL128,DEFAULT,"0,1,2,3",529.87,1.98,2.97,0,0,PASS
/data/coding/comm-study-migration-rtx4090-20260826/results/rtx4090_sm89_4gpu/20260826T222600Z_debug/logs/ll128_allreduce_8M_ring_ll128.log,ll128_allreduce_8M_ring_ll128,ll128,AllReduce,4,8M,8388608,float,1,Ring,LL128,DEFAULT,"0,1,2,3",1225.28,6.85,10.27,0,0,PASS
/data/coding/comm-study-migration-rtx4090-20260826/results/rtx4090_sm89_4gpu/20260826T222600Z_debug/logs/ll128_allreduce_8M_tree_ll128.log,ll128_allreduce_8M_tree_ll128,ll128,AllReduce,4,8M,8388608,float,1,Tree,LL128,DEFAULT,"0,1,2,3",1787.02,4.69,7.04,0,0,PASS
/data/coding/comm-study-migration-rtx4090-20260826/results/rtx4090_sm89_4gpu/20260826T222600Z_debug/logs/ll128_allreduce_64M_ring_ll128.log,ll128_allreduce_64M_ring_ll128,ll128,AllReduce,4,64M,67108864,float,1,Ring,LL128,DEFAULT,"0,1,2,3",10041.0,6.68,10.03,0,0,PASS
/data/coding/comm-study-migration-rtx4090-20260826/results/rtx4090_sm89_4gpu/20260826T222600Z_debug/logs/ll128_allreduce_64M_tree_ll128.log,ll128_allreduce_64M_tree_ll128,ll128,AllReduce,4,64M,67108864,float,1,Tree,LL128,DEFAULT,"0,1,2,3",13773.2,4.87,7.31,0,0,PASS
/data/coding/comm-study-migration-rtx4090-20260826/results/rtx4090_sm89_4gpu/20260826T222600Z_debug/logs/ll128_reducescatter_1M_ring_ll128.log,ll128_reducescatter_1M_ring_ll128,ll128,ReduceScatter,4,1M,1048576,float,1,Ring,LL128,DEFAULT,"0,1,2,3",98.24,10.67,8.01,0,0,PASS
/data/coding/comm-study-migration-rtx4090-20260826/results/rtx4090_sm89_4gpu/20260826T222600Z_debug/logs/ll128_reducescatter_8M_ring_ll128.log,ll128_reducescatter_8M_ring_ll128,ll128,ReduceScatter,4,8M,8388608,float,1,Ring,LL128,DEFAULT,"0,1,2,3",654.98,12.81,9.61,0,0,PASS
/data/coding/comm-study-migration-rtx4090-20260826/results/rtx4090_sm89_4gpu/20260826T222600Z_debug/logs/ll128_reducescatter_64M_ring_ll128.log,ll128_reducescatter_64M_ring_ll128,ll128,ReduceScatter,4,64M,67108864,float,1,Ring,LL128,DEFAULT,"0,1,2,3",5200.64,12.90,9.68,0,0,PASS
