case_id,collective,size_bytes,original_row_count,status_set,mean_time_us,mean_algbw_gbps,mean_busbw_gbps,min_busbw_gbps,max_busbw_gbps,busbw_span_gbps,busbw_relative_span_percent,action
allgather,AllGather,1073741824,1,0,62892.402780,17.072679,12.804509,12.804509,12.804509,0.000000,0.000000,SINGLE_VALID_RECORD
allreduce,AllReduce,1073741824,1,0,122513.341240,8.764285,13.146427,13.146427,13.146427,0.000000,0.000000,SINGLE_VALID_RECORD
channels_r1_allgather_1M_ring_ll_ch1,AllGather,1048576,2,0,1580.428220,0.663610,0.497707,0.490640,0.504775,0.014135,2.840021,AVERAGED_REPEATED_RECORDS
channels_r1_allgather_1M_ring_ll_ch2,AllGather,1048576,2,0,792.069350,1.323843,0.992883,0.992677,0.993089,0.000412,0.041495,AVERAGED_REPEATED_RECORDS
channels_r1_allgather_1M_ring_ll_ch4,AllGather,1048576,2,0,407.632300,2.572424,1.929318,1.919515,1.939120,0.019605,1.016162,AVERAGED_REPEATED_RECORDS
channels_r1_allgather_1M_ring_ll_ch8,AllGather,1048576,2,0,213.026100,4.922289,3.691717,3.691334,3.692100,0.000766,0.020749,AVERAGED_REPEATED_RECORDS
channels_r1_allgather_1M_ring_simple_ch1,AllGather,1048576,2,0,221.857620,4.726778,3.545084,3.511224,3.578943,0.067719,1.910223,AVERAGED_REPEATED_RECORDS
channels_r1_allgather_1M_ring_simple_ch2,AllGather,1048576,2,0,149.418750,7.019625,5.264718,5.177554,5.351882,0.174328,3.311250,AVERAGED_REPEATED_RECORDS
channels_r1_allgather_1M_ring_simple_ch4,AllGather,1048576,2,0,123.088520,8.519231,6.389423,6.348259,6.430587,0.082328,1.288504,AVERAGED_REPEATED_RECORDS
channels_r1_allgather_1M_ring_simple_ch8,AllGather,1048576,2,0,120.341810,8.713321,6.534991,6.529120,6.540862,0.011742,0.179679,AVERAGED_REPEATED_RECORDS
channels_r1_allgather_1M_tree_ll_ch1,AllGather,1048576,2,0,1557.058080,0.673434,0.505076,0.505045,0.505106,0.000061,0.012077,AVERAGED_REPEATED_RECORDS
channels_r1_allgather_1M_tree_ll_ch2,AllGather,1048576,2,0,791.761250,1.324361,0.993270,0.992161,0.994379,0.002218,0.223303,AVERAGED_REPEATED_RECORDS
channels_r1_allgather_1M_tree_ll_ch4,AllGather,1048576,2,0,405.676590,2.584758,1.938569,1.938538,1.938599,0.000061,0.003147,AVERAGED_REPEATED_RECORDS
channels_r1_allgather_1M_tree_ll_ch8,AllGather,1048576,2,0,234.841240,4.494502,3.370876,3.097969,3.643783,0.545814,16.192052,RERUN_REQUIRED_HIGH_VARIATION
channels_r1_allgather_1M_tree_simple_ch1,AllGather,1048576,2,0,219.599420,4.774961,3.581220,3.575516,3.586925,0.011409,0.318579,AVERAGED_REPEATED_RECORDS
channels_r1_allgather_1M_tree_simple_ch2,AllGather,1048576,2,0,146.763540,7.144664,5.358498,5.356169,5.360827,0.004658,0.086927,AVERAGED_REPEATED_RECORDS
channels_r1_allgather_1M_tree_simple_ch4,AllGather,1048576,2,0,122.497320,8.559995,6.419996,6.415688,6.424304,0.008616,0.134206,AVERAGED_REPEATED_RECORDS
channels_r1_allgather_1M_tree_simple_ch8,AllGather,1048576,2,0,120.597900,8.694819,6.521115,6.515069,6.527160,0.012091,0.185413,AVERAGED_REPEATED_RECORDS
channels_r1_allgather_64M_ring_ll_ch1,AllGather,67108864,2,0,99995.832960,0.671117,0.503337,0.503026,0.503649,0.000623,0.123774,AVERAGED_REPEATED_RECORDS
channels_r1_allgather_64M_ring_ll_ch2,AllGather,67108864,2,0,49916.476010,1.344423,1.008317,1.008154,1.008480,0.000326,0.032331,AVERAGED_REPEATED_RECORDS
channels_r1_allgather_64M_ring_ll_ch4,AllGather,67108864,2,0,24921.381670,2.692833,2.019625,2.015646,2.023604,0.007958,0.394034,AVERAGED_REPEATED_RECORDS
channels_r1_allgather_64M_ring_ll_ch8,AllGather,67108864,2,0,12454.603870,5.388285,4.041214,4.036420,4.046008,0.009588,0.237255,AVERAGED_REPEATED_RECORDS
channels_r1_allgather_64M_ring_simple_ch1,AllGather,67108864,2,0,10153.259880,6.609635,4.957226,4.943976,4.970477,0.026501,0.534593,AVERAGED_REPEATED_RECORDS
channels_r1_allgather_64M_ring_simple_ch2,AllGather,67108864,2,0,5103.874270,13.148615,9.861461,9.857461,9.865461,0.008000,0.081124,AVERAGED_REPEATED_RECORDS
channels_r1_allgather_64M_ring_simple_ch4,AllGather,67108864,2,0,4135.663340,16.227308,12.170482,12.107063,12.233900,0.126837,1.042169,AVERAGED_REPEATED_RECORDS
channels_r1_allgather_64M_ring_simple_ch8,AllGather,67108864,2,0,3990.410810,16.822504,12.616878,12.399991,12.833764,0.433773,3.438038,AVERAGED_REPEATED_RECORDS
channels_r1_allgather_64M_tree_ll_ch1,AllGather,67108864,2,0,99915.995690,0.671653,0.503740,0.503374,0.504106,0.000732,0.145313,AVERAGED_REPEATED_RECORDS
channels_r1_allgather_64M_tree_ll_ch2,AllGather,67108864,2,0,50007.221590,1.341983,1.006487,1.006306,1.006669,0.000363,0.036066,AVERAGED_REPEATED_RECORDS
channels_r1_allgather_64M_tree_ll_ch4,AllGather,67108864,2,0,24948.830180,2.689862,2.017396,2.015899,2.018893,0.002994,0.148409,AVERAGED_REPEATED_RECORDS
channels_r1_allgather_64M_tree_ll_ch8,AllGather,67108864,2,0,12459.005140,5.386397,4.039798,4.031487,4.048108,0.016621,0.411432,AVERAGED_REPEATED_RECORDS
channels_r1_allgather_64M_tree_simple_ch1,AllGather,67108864,2,0,10163.745790,6.602769,4.952077,4.950672,4.953482,0.002810,0.056744,AVERAGED_REPEATED_RECORDS
channels_r1_allgather_64M_tree_simple_ch2,AllGather,67108864,2,0,5105.278170,13.145052,9.858789,9.838532,9.879046,0.040514,0.410943,AVERAGED_REPEATED_RECORDS
channels_r1_allgather_64M_tree_simple_ch4,AllGather,67108864,2,0,4128.666740,16.254742,12.191057,12.132462,12.249652,0.117190,0.961278,AVERAGED_REPEATED_RECORDS
channels_r1_allgather_64M_tree_simple_ch8,AllGather,67108864,2,0,3948.475470,16.996344,12.747258,12.703722,12.790794,0.087072,0.683065,AVERAGED_REPEATED_RECORDS
channels_r1_allgather_8M_ring_ll_ch1,AllGather,8388608,2,0,12524.874790,0.669768,0.502327,0.500147,0.504506,0.004359,0.867762,AVERAGED_REPEATED_RECORDS
channels_r1_allgather_8M_ring_ll_ch2,AllGather,8388608,2,0,6258.824300,1.340286,1.005214,1.004770,1.005658,0.000888,0.088339,AVERAGED_REPEATED_RECORDS
channels_r1_allgather_8M_ring_ll_ch4,AllGather,8388608,2,0,3111.894870,2.695659,2.021745,2.021370,2.022119,0.000749,0.037047,AVERAGED_REPEATED_RECORDS
channels_r1_allgather_8M_ring_ll_ch8,AllGather,8388608,2,0,1564.398680,5.362194,4.021645,4.020544,4.022746,0.002202,0.054754,AVERAGED_REPEATED_RECORDS
channels_r1_allgather_8M_ring_simple_ch1,AllGather,8388608,2,0,1409.085350,5.972854,4.479641,4.222864,4.736417,0.513553,11.464157,RERUN_REQUIRED_HIGH_VARIATION
channels_r1_allgather_8M_ring_simple_ch2,AllGather,8388608,2,0,660.735580,12.695863,9.521897,9.519438,9.524357,0.004919,0.051660,AVERAGED_REPEATED_RECORDS
channels_r1_allgather_8M_ring_simple_ch4,AllGather,8388608,2,0,559.093230,15.003952,11.252964,11.252382,11.253546,0.001164,0.010344,AVERAGED_REPEATED_RECORDS
channels_r1_allgather_8M_ring_simple_ch8,AllGather,8388608,2,0,562.577610,14.937330,11.202997,10.732852,11.673143,0.940291,8.393209,AVERAGED_REPEATED_RECORDS
channels_r1_allgather_8M_tree_ll_ch1,AllGather,8388608,2,0,12548.468670,0.668497,0.501372,0.501325,0.501420,0.000095,0.018948,AVERAGED_REPEATED_RECORDS
channels_r1_allgather_8M_tree_ll_ch2,AllGather,8388608,2,0,6240.254950,1.344291,1.008218,1.004495,1.011942,0.007447,0.738630,AVERAGED_REPEATED_RECORDS
channels_r1_allgather_8M_tree_ll_ch4,AllGather,8388608,2,0,3109.722760,2.697542,2.023157,2.022332,2.023982,0.001650,0.081556,AVERAGED_REPEATED_RECORDS
channels_r1_allgather_8M_tree_ll_ch8,AllGather,8388608,2,0,1564.239700,5.362739,4.022054,4.021301,4.022807,0.001506,0.037444,AVERAGED_REPEATED_RECORDS
channels_r1_allgather_8M_tree_simple_ch1,AllGather,8388608,2,0,1328.353880,6.320916,4.740686,4.596152,4.885221,0.289069,6.097619,AVERAGED_REPEATED_RECORDS
channels_r1_allgather_8M_tree_simple_ch2,AllGather,8388608,2,0,663.287030,12.647396,9.485547,9.434162,9.536933,0.102771,1.083448,AVERAGED_REPEATED_RECORDS
channels_r1_allgather_8M_tree_simple_ch4,AllGather,8388608,2,0,563.555540,14.886006,11.164505,11.079766,11.249244,0.169478,1.518007,AVERAGED_REPEATED_RECORDS
channels_r1_allgather_8M_tree_simple_ch8,AllGather,8388608,2,0,538.225420,15.585679,11.689259,11.686238,11.692280,0.006042,0.051688,AVERAGED_REPEATED_RECORDS
channels_r1_allreduce_1M_ring_ll_ch1,AllReduce,1048576,2,0,1813.690430,0.578170,0.867254,0.861623,0.872885,0.011262,1.298581,AVERAGED_REPEATED_RECORDS
channels_r1_allreduce_1M_ring_ll_ch2,AllReduce,1048576,2,0,905.036260,1.158602,1.737901,1.737400,1.738403,0.001003,0.057713,AVERAGED_REPEATED_RECORDS
channels_r1_allreduce_1M_ring_ll_ch4,AllReduce,1048576,2,0,463.682350,2.261410,3.392115,3.391905,3.392325,0.000420,0.012382,AVERAGED_REPEATED_RECORDS
channels_r1_allreduce_1M_ring_ll_ch8,AllReduce,1048576,2,0,306.596690,3.420056,5.130084,5.123348,5.136820,0.013472,0.262608,AVERAGED_REPEATED_RECORDS
channels_r1_allreduce_1M_ring_simple_ch1,AllReduce,1048576,2,0,376.137420,2.787749,4.181623,4.178665,4.184581,0.005916,0.141476,AVERAGED_REPEATED_RECORDS
channels_r1_allreduce_1M_ring_simple_ch2,AllReduce,1048576,2,0,276.275870,3.831938,5.747908,5.186593,6.309222,1.122629,19.531090,RERUN_REQUIRED_HIGH_VARIATION
channels_r1_allreduce_1M_ring_simple_ch4,AllReduce,1048576,2,0,198.031700,5.294991,7.942486,7.940052,7.944921,0.004869,0.061303,AVERAGED_REPEATED_RECORDS
channels_r1_allreduce_1M_ring_simple_ch8,AllReduce,1048576,2,0,203.061200,5.163842,7.745764,7.745466,7.746061,0.000595,0.007682,AVERAGED_REPEATED_RECORDS
channels_r1_allreduce_1M_tree_ll_ch1,AllReduce,1048576,2,0,1949.050560,0.537994,0.806990,0.806715,0.807265,0.000550,0.068155,AVERAGED_REPEATED_RECORDS
channels_r1_allreduce_1M_tree_ll_ch2,AllReduce,1048576,2,0,1341.631280,0.781883,1.172824,1.149293,1.196355,0.047062,4.012708,AVERAGED_REPEATED_RECORDS
channels_r1_allreduce_1M_tree_ll_ch4,AllReduce,1048576,2,0,1179.384630,0.889091,1.333636,1.330940,1.336333,0.005393,0.404383,AVERAGED_REPEATED_RECORDS
channels_r1_allreduce_1M_tree_ll_ch8,AllReduce,1048576,2,0,1458.048290,0.719251,1.078876,1.067051,1.090701,0.023650,2.192096,AVERAGED_REPEATED_RECORDS
channels_r1_allreduce_1M_tree_simple_ch1,AllReduce,1048576,2,0,621.378780,1.687499,2.531249,2.530672,2.531825,0.001153,0.045551,AVERAGED_REPEATED_RECORDS
channels_r1_allreduce_1M_tree_simple_ch2,AllReduce,1048576,2,0,402.154480,2.614432,3.921648,3.718202,4.125095,0.406893,10.375560,RERUN_REQUIRED_HIGH_VARIATION
channels_r1_allreduce_1M_tree_simple_ch4,AllReduce,1048576,2,0,330.246020,3.175213,4.762820,4.739308,4.786332,0.047024,0.987314,AVERAGED_REPEATED_RECORDS
channels_r1_allreduce_1M_tree_simple_ch8,AllReduce,1048576,2,0,313.215600,3.347963,5.021945,4.984524,5.059365,0.074841,1.490279,AVERAGED_REPEATED_RECORDS
channels_r1_allreduce_64M_ring_ll_ch1,AllReduce,67108864,1,0,115735.901760,0.579845,0.869767,0.869767,0.869767,0.000000,0.000000,SINGLE_VALID_RECORD
channels_r1_allreduce_64M_ring_ll_ch2,AllReduce,67108864,1,0,57895.131020,1.159145,1.738718,1.738718,1.738718,0.000000,0.000000,SINGLE_VALID_RECORD
channels_r1_allreduce_64M_ring_ll_ch4,AllReduce,67108864,1,0,28929.028780,2.319776,3.479664,3.479664,3.479664,0.000000,0.000000,SINGLE_VALID_RECORD
channels_r1_allreduce_64M_ring_ll_ch8,AllReduce,67108864,1,0,17574.465160,3.818544,5.727816,5.727816,5.727816,0.000000,0.000000,SINGLE_VALID_RECORD
channels_r1_allreduce_64M_ring_simple_ch1,AllReduce,67108864,1,0,18562.022100,3.615385,5.423078,5.423078,5.423078,0.000000,0.000000,SINGLE_VALID_RECORD
channels_r1_allreduce_64M_ring_simple_ch2,AllReduce,67108864,1,0,9515.254160,7.052766,10.579149,10.579149,10.579149,0.000000,0.000000,SINGLE_VALID_RECORD
channels_r1_allreduce_64M_ring_simple_ch4,AllReduce,67108864,1,0,7832.892280,8.567571,12.851357,12.851357,12.851357,0.000000,0.000000,SINGLE_VALID_RECORD
channels_r1_allreduce_64M_ring_simple_ch8,AllReduce,67108864,1,0,7639.724760,8.784199,13.176299,13.176299,13.176299,0.000000,0.000000,SINGLE_VALID_RECORD
channels_r1_allreduce_64M_tree_ll_ch1,AllReduce,67108864,1,0,121927.167880,0.550401,0.825602,0.825602,0.825602,0.000000,0.000000,SINGLE_VALID_RECORD
channels_r1_allreduce_64M_tree_ll_ch2,AllReduce,67108864,1,0,81525.902760,0.823160,1.234740,1.234740,1.234740,0.000000,0.000000,SINGLE_VALID_RECORD
channels_r1_allreduce_64M_tree_ll_ch4,AllReduce,67108864,1,0,70930.789840,0.946118,1.419176,1.419176,1.419176,0.000000,0.000000,SINGLE_VALID_RECORD
channels_r1_allreduce_64M_tree_ll_ch8,AllReduce,67108864,1,0,89285.011940,0.751625,1.127438,1.127438,1.127438,0.000000,0.000000,SINGLE_VALID_RECORD
channels_r1_allreduce_64M_tree_simple_ch1,AllReduce,67108864,1,0,23675.163380,2.834568,4.251852,4.251852,4.251852,0.000000,0.000000,SINGLE_VALID_RECORD
channels_r1_allreduce_64M_tree_simple_ch2,AllReduce,67108864,1,0,12122.123960,5.536065,8.304097,8.304097,8.304097,0.000000,0.000000,SINGLE_VALID_RECORD
channels_r1_allreduce_64M_tree_simple_ch4,AllReduce,67108864,1,0,10505.120620,6.388205,9.582307,9.582307,9.582307,0.000000,0.000000,SINGLE_VALID_RECORD
channels_r1_allreduce_64M_tree_simple_ch8,AllReduce,67108864,1,0,10623.477120,6.317034,9.475551,9.475551,9.475551,0.000000,0.000000,SINGLE_VALID_RECORD
channels_r1_allreduce_8M_ring_ll_ch1,AllReduce,8388608,2,0,14456.326880,0.580275,0.870413,0.868480,0.872346,0.003866,0.444157,AVERAGED_REPEATED_RECORDS
channels_r1_allreduce_8M_ring_ll_ch2,AllReduce,8388608,2,0,7275.728740,1.152970,1.729456,1.723754,1.735157,0.011403,0.659340,AVERAGED_REPEATED_RECORDS
channels_r1_allreduce_8M_ring_ll_ch4,AllReduce,8388608,1,0,3653.079880,2.296311,3.444467,3.444467,3.444467,0.000000,0.000000,SINGLE_VALID_RECORD
channels_r1_allreduce_8M_ring_ll_ch8,AllReduce,8388608,1,0,2278.522180,3.681600,5.522400,5.522400,5.522400,0.000000,0.000000,SINGLE_VALID_RECORD
channels_r1_allreduce_8M_ring_simple_ch1,AllReduce,8388608,2,0,2331.021720,3.598684,5.398026,5.394823,5.401229,0.006406,0.118673,AVERAGED_REPEATED_RECORDS
channels_r1_allreduce_8M_ring_simple_ch2,AllReduce,8388608,2,0,1219.874080,6.876618,10.314927,10.312547,10.317308,0.004761,0.046156,AVERAGED_REPEATED_RECORDS
channels_r1_allreduce_8M_ring_simple_ch4,AllReduce,8388608,2,0,1032.857580,8.121747,12.182620,12.181960,12.183281,0.001321,0.010843,AVERAGED_REPEATED_RECORDS
channels_r1_allreduce_8M_ring_simple_ch8,AllReduce,8388608,2,0,1022.924860,8.200611,12.300916,12.296848,12.304985,0.008137,0.066150,AVERAGED_REPEATED_RECORDS
channels_r1_allreduce_8M_tree_ll_ch1,AllReduce,8388608,1,0,15326.811800,0.547316,0.820974,0.820974,0.820974,0.000000,0.000000,SINGLE_VALID_RECORD
channels_r1_allreduce_8M_tree_ll_ch2,AllReduce,8388608,1,0,10225.391340,0.820370,1.230556,1.230556,1.230556,0.000000,0.000000,SINGLE_VALID_RECORD
channels_r1_allreduce_8M_tree_ll_ch4,AllReduce,8388608,1,0,8910.174500,0.941464,1.412196,1.412196,1.412196,0.000000,0.000000,SINGLE_VALID_RECORD
channels_r1_allreduce_8M_tree_ll_ch8,AllReduce,8388608,1,0,11271.330740,0.744243,1.116364,1.116364,1.116364,0.000000,0.000000,SINGLE_VALID_RECORD
channels_r1_allreduce_8M_tree_simple_ch1,AllReduce,8388608,1,0,3240.546100,2.588640,3.882960,3.882960,3.882960,0.000000,0.000000,SINGLE_VALID_RECORD
channels_r1_allreduce_8M_tree_simple_ch2,AllReduce,8388608,1,0,1842.318360,4.553289,6.829934,6.829934,6.829934,0.000000,0.000000,SINGLE_VALID_RECORD
channels_r1_allreduce_8M_tree_simple_ch4,AllReduce,8388608,1,0,1520.807840,5.515890,8.273834,8.273834,8.273834,0.000000,0.000000,SINGLE_VALID_RECORD
channels_r1_allreduce_8M_tree_simple_ch8,AllReduce,8388608,1,0,1536.049060,5.461159,8.191738,8.191738,8.191738,0.000000,0.000000,SINGLE_VALID_RECORD
channels_r1_reducescatter_1M_ring_ll_ch1,ReduceScatter,1048576,1,0,1030.523780,1.017518,0.763138,0.763138,0.763138,0.000000,0.000000,SINGLE_VALID_RECORD
channels_r1_reducescatter_1M_ring_ll_ch2,ReduceScatter,1048576,1,0,506.109880,2.071835,1.553876,1.553876,1.553876,0.000000,0.000000,SINGLE_VALID_RECORD
channels_r1_reducescatter_1M_ring_ll_ch4,ReduceScatter,1048576,1,0,263.126060,3.985071,2.988803,2.988803,2.988803,0.000000,0.000000,SINGLE_VALID_RECORD
channels_r1_reducescatter_1M_ring_ll_ch8,ReduceScatter,1048576,1,0,175.451760,5.976435,4.482326,4.482326,4.482326,0.000000,0.000000,SINGLE_VALID_RECORD
channels_r1_reducescatter_1M_ring_simple_ch1,ReduceScatter,1048576,1,0,217.599000,4.818846,3.614134,3.614134,3.614134,0.000000,0.000000,SINGLE_VALID_RECORD
channels_r1_reducescatter_1M_ring_simple_ch2,ReduceScatter,1048576,1,0,155.771140,6.731517,5.048637,5.048637,5.048637,0.000000,0.000000,SINGLE_VALID_RECORD
channels_r1_reducescatter_1M_ring_simple_ch4,ReduceScatter,1048576,1,0,130.177120,8.054995,6.041246,6.041246,6.041246,0.000000,0.000000,SINGLE_VALID_RECORD
channels_r1_reducescatter_1M_ring_simple_ch8,ReduceScatter,1048576,1,0,126.080520,8.316717,6.237538,6.237538,6.237538,0.000000,0.000000,SINGLE_VALID_RECORD
channels_r1_reducescatter_1M_tree_ll_ch1,ReduceScatter,1048576,1,0,983.374520,1.066304,0.799728,0.799728,0.799728,0.000000,0.000000,SINGLE_VALID_RECORD
channels_r1_reducescatter_1M_tree_ll_ch2,ReduceScatter,1048576,1,0,504.298880,2.079275,1.559456,1.559456,1.559456,0.000000,0.000000,SINGLE_VALID_RECORD
channels_r1_reducescatter_1M_tree_ll_ch4,ReduceScatter,1048576,1,0,263.618040,3.977634,2.983225,2.983225,2.983225,0.000000,0.000000,SINGLE_VALID_RECORD
channels_r1_reducescatter_1M_tree_ll_ch8,ReduceScatter,1048576,1,0,174.799760,5.998727,4.499045,4.499045,4.499045,0.000000,0.000000,SINGLE_VALID_RECORD
channels_r1_reducescatter_1M_tree_simple_ch1,ReduceScatter,1048576,1,0,217.023400,4.831626,3.623720,3.623720,3.623720,0.000000,0.000000,SINGLE_VALID_RECORD
channels_r1_reducescatter_1M_tree_simple_ch2,ReduceScatter,1048576,1,0,155.571340,6.740162,5.055121,5.055121,5.055121,0.000000,0.000000,SINGLE_VALID_RECORD
channels_r1_reducescatter_1M_tree_simple_ch4,ReduceScatter,1048576,1,0,129.505320,8.096779,6.072585,6.072585,6.072585,0.000000,0.000000,SINGLE_VALID_RECORD
channels_r1_reducescatter_1M_tree_simple_ch8,ReduceScatter,1048576,1,0,130.958120,8.006957,6.005218,6.005218,6.005218,0.000000,0.000000,SINGLE_VALID_RECORD
channels_r1_reducescatter_64M_ring_ll_ch1,ReduceScatter,67108864,1,0,63896.573680,1.050273,0.787705,0.787705,0.787705,0.000000,0.000000,SINGLE_VALID_RECORD
channels_r1_reducescatter_64M_ring_ll_ch2,ReduceScatter,67108864,1,0,31987.698140,2.097959,1.573469,1.573469,1.573469,0.000000,0.000000,SINGLE_VALID_RECORD
channels_r1_reducescatter_64M_ring_ll_ch4,ReduceScatter,67108864,1,0,15974.919640,4.200889,3.150667,3.150667,3.150667,0.000000,0.000000,SINGLE_VALID_RECORD
channels_r1_reducescatter_64M_ring_ll_ch8,ReduceScatter,67108864,1,0,8974.858160,7.477429,5.608072,5.608072,5.608072,0.000000,0.000000,SINGLE_VALID_RECORD
channels_r1_reducescatter_64M_ring_simple_ch1,ReduceScatter,67108864,1,0,9830.165180,6.826830,5.120122,5.120122,5.120122,0.000000,0.000000,SINGLE_VALID_RECORD
channels_r1_reducescatter_64M_ring_simple_ch2,ReduceScatter,67108864,1,0,5250.636200,12.781092,9.585819,9.585819,9.585819,0.000000,0.000000,SINGLE_VALID_RECORD
channels_r1_reducescatter_64M_ring_simple_ch4,ReduceScatter,67108864,1,0,4333.740740,15.485205,11.613904,11.613904,11.613904,0.000000,0.000000,SINGLE_VALID_RECORD
channels_r1_reducescatter_64M_ring_simple_ch8,ReduceScatter,67108864,1,0,4063.973560,16.513115,12.384836,12.384836,12.384836,0.000000,0.000000,SINGLE_VALID_RECORD
channels_r1_reducescatter_64M_tree_ll_ch1,ReduceScatter,67108864,1,0,63664.935720,1.054095,0.790571,0.790571,0.790571,0.000000,0.000000,SINGLE_VALID_RECORD
channels_r1_reducescatter_64M_tree_ll_ch2,ReduceScatter,67108864,1,0,32001.981520,2.097022,1.572767,1.572767,1.572767,0.000000,0.000000,SINGLE_VALID_RECORD
channels_r1_reducescatter_64M_tree_ll_ch4,ReduceScatter,67108864,1,0,15879.821560,4.226046,3.169535,3.169535,3.169535,0.000000,0.000000,SINGLE_VALID_RECORD
channels_r1_reducescatter_64M_tree_ll_ch8,ReduceScatter,67108864,1,0,8976.617160,7.475964,5.606973,5.606973,5.606973,0.000000,0.000000,SINGLE_VALID_RECORD
channels_r1_reducescatter_64M_tree_simple_ch1,ReduceScatter,67108864,1,0,9878.545640,6.793395,5.095046,5.095046,5.095046,0.000000,0.000000,SINGLE_VALID_RECORD
channels_r1_reducescatter_64M_tree_simple_ch2,ReduceScatter,67108864,1,0,5255.948600,12.768174,9.576130,9.576130,9.576130,0.000000,0.000000,SINGLE_VALID_RECORD
channels_r1_reducescatter_64M_tree_simple_ch4,ReduceScatter,67108864,1,0,4286.528080,15.655762,11.741822,11.741822,11.741822,0.000000,0.000000,SINGLE_VALID_RECORD
channels_r1_reducescatter_64M_tree_simple_ch8,ReduceScatter,67108864,1,0,4028.890040,16.656911,12.492683,12.492683,12.492683,0.000000,0.000000,SINGLE_VALID_RECORD
channels_r1_reducescatter_8M_ring_ll_ch1,ReduceScatter,8388608,1,0,7890.388340,1.063143,0.797357,0.797357,0.797357,0.000000,0.000000,SINGLE_VALID_RECORD
channels_r1_reducescatter_8M_ring_ll_ch2,ReduceScatter,8388608,1,0,4004.961020,2.094554,1.570916,1.570916,1.570916,0.000000,0.000000,SINGLE_VALID_RECORD
channels_r1_reducescatter_8M_ring_ll_ch4,ReduceScatter,8388608,1,0,1984.534500,4.226990,3.170243,3.170243,3.170243,0.000000,0.000000,SINGLE_VALID_RECORD
channels_r1_reducescatter_8M_ring_ll_ch8,ReduceScatter,8388608,1,0,1205.903740,6.956283,5.217212,5.217212,5.217212,0.000000,0.000000,SINGLE_VALID_RECORD
channels_r1_reducescatter_8M_ring_simple_ch1,ReduceScatter,8388608,1,0,1243.966200,6.743437,5.057578,5.057578,5.057578,0.000000,0.000000,SINGLE_VALID_RECORD
channels_r1_reducescatter_8M_ring_simple_ch2,ReduceScatter,8388608,1,0,682.675460,12.287842,9.215881,9.215881,9.215881,0.000000,0.000000,SINGLE_VALID_RECORD
channels_r1_reducescatter_8M_ring_simple_ch4,ReduceScatter,8388608,1,0,581.857140,14.416955,10.812716,10.812716,10.812716,0.000000,0.000000,SINGLE_VALID_RECORD
channels_r1_reducescatter_8M_ring_simple_ch8,ReduceScatter,8388608,1,0,552.713320,15.177141,11.382856,11.382856,11.382856,0.000000,0.000000,SINGLE_VALID_RECORD
channels_r1_reducescatter_8M_tree_ll_ch1,ReduceScatter,8388608,1,0,7947.220380,1.055540,0.791655,0.791655,0.791655,0.000000,0.000000,SINGLE_VALID_RECORD
channels_r1_reducescatter_8M_tree_ll_ch2,ReduceScatter,8388608,1,0,4005.443220,2.094302,1.570727,1.570727,1.570727,0.000000,0.000000,SINGLE_VALID_RECORD
channels_r1_reducescatter_8M_tree_ll_ch4,ReduceScatter,8388608,1,0,2025.402320,4.141700,3.106275,3.106275,3.106275,0.000000,0.000000,SINGLE_VALID_RECORD
channels_r1_reducescatter_8M_tree_ll_ch8,ReduceScatter,8388608,1,0,1206.810960,6.951054,5.213290,5.213290,5.213290,0.000000,0.000000,SINGLE_VALID_RECORD
channels_r1_reducescatter_8M_tree_simple_ch1,ReduceScatter,8388608,1,0,1246.322180,6.730690,5.048017,5.048017,5.048017,0.000000,0.000000,SINGLE_VALID_RECORD
channels_r1_reducescatter_8M_tree_simple_ch2,ReduceScatter,8388608,1,0,681.940660,12.301082,9.225812,9.225812,9.225812,0.000000,0.000000,SINGLE_VALID_RECORD
channels_r1_reducescatter_8M_tree_simple_ch4,ReduceScatter,8388608,1,0,582.306560,14.405828,10.804371,10.804371,10.804371,0.000000,0.000000,SINGLE_VALID_RECORD
channels_r1_reducescatter_8M_tree_simple_ch8,ReduceScatter,8388608,1,0,552.800140,15.174757,11.381068,11.381068,11.381068,0.000000,0.000000,SINGLE_VALID_RECORD
channels_r2_allgather_1M_ring_ll_ch1,AllGather,1048576,2,0,1578.409000,0.664438,0.498328,0.491825,0.504831,0.013006,2.609928,AVERAGED_REPEATED_RECORDS
channels_r2_allgather_1M_ring_ll_ch2,AllGather,1048576,2,0,792.325750,1.323415,0.992561,0.992454,0.992669,0.000215,0.021661,AVERAGED_REPEATED_RECORDS
channels_r2_allgather_1M_ring_ll_ch4,AllGather,1048576,2,0,405.623890,2.585094,1.938820,1.938804,1.938837,0.000033,0.001702,AVERAGED_REPEATED_RECORDS
channels_r2_allgather_1M_ring_ll_ch8,AllGather,1048576,2,0,213.030410,4.922189,3.691642,3.690991,3.692293,0.001302,0.035269,AVERAGED_REPEATED_RECORDS
channels_r2_allgather_1M_ring_simple_ch1,AllGather,1048576,2,0,220.254400,4.760756,3.570566,3.566520,3.574613,0.008093,0.226659,AVERAGED_REPEATED_RECORDS
channels_r2_allgather_1M_ring_simple_ch2,AllGather,1048576,2,0,146.920140,7.137047,5.352785,5.352421,5.353150,0.000729,0.013619,AVERAGED_REPEATED_RECORDS
channels_r2_allgather_1M_ring_simple_ch4,AllGather,1048576,2,0,122.215220,8.579785,6.434838,6.421786,6.447891,0.026105,0.405682,AVERAGED_REPEATED_RECORDS
channels_r2_allgather_1M_ring_simple_ch8,AllGather,1048576,2,0,120.666420,8.689895,6.517422,6.507251,6.527592,0.020341,0.312102,AVERAGED_REPEATED_RECORDS
channels_r2_allgather_1M_tree_ll_ch1,AllGather,1048576,2,0,1578.630610,0.664373,0.498279,0.491014,0.505545,0.014531,2.916235,AVERAGED_REPEATED_RECORDS
channels_r2_allgather_1M_tree_ll_ch2,AllGather,1048576,2,0,791.591460,1.324643,0.993482,0.993140,0.993824,0.000684,0.068849,AVERAGED_REPEATED_RECORDS
channels_r2_allgather_1M_tree_ll_ch4,AllGather,1048576,2,0,405.560390,2.585500,1.939125,1.938587,1.939662,0.001075,0.055437,AVERAGED_REPEATED_RECORDS
channels_r2_allgather_1M_tree_ll_ch8,AllGather,1048576,2,0,213.007800,4.922712,3.692034,3.691212,3.692856,0.001644,0.044528,AVERAGED_REPEATED_RECORDS
channels_r2_allgather_1M_tree_simple_ch1,AllGather,1048576,2,0,221.402710,4.736337,3.552252,3.524988,3.579517,0.054529,1.535054,AVERAGED_REPEATED_RECORDS
channels_r2_allgather_1M_tree_simple_ch2,AllGather,1048576,2,0,146.997840,7.133285,5.349964,5.343526,5.356402,0.012876,0.240675,AVERAGED_REPEATED_RECORDS
channels_r2_allgather_1M_tree_simple_ch4,AllGather,1048576,2,0,122.448520,8.563406,6.422555,6.418380,6.426730,0.008350,0.130011,AVERAGED_REPEATED_RECORDS
channels_r2_allgather_1M_tree_simple_ch8,AllGather,1048576,2,0,120.225020,8.721779,6.541334,6.540284,6.542384,0.002100,0.032104,AVERAGED_REPEATED_RECORDS
channels_r2_allgather_64M_ring_ll_ch1,AllGather,67108864,2,0,99868.582850,0.671971,0.503978,0.503943,0.504014,0.000071,0.014088,AVERAGED_REPEATED_RECORDS
channels_r2_allgather_64M_ring_ll_ch2,AllGather,67108864,2,0,49964.649250,1.343128,1.007346,1.006705,1.007986,0.001281,0.127166,AVERAGED_REPEATED_RECORDS
channels_r2_allgather_64M_ring_ll_ch4,AllGather,67108864,2,0,24946.766190,2.690087,2.017565,2.015098,2.020032,0.004934,0.244552,AVERAGED_REPEATED_RECORDS
channels_r2_allgather_64M_ring_ll_ch8,AllGather,67108864,2,0,12507.990530,5.365310,4.023982,4.014457,4.033507,0.019050,0.473412,AVERAGED_REPEATED_RECORDS
channels_r2_allgather_64M_ring_simple_ch1,AllGather,67108864,2,0,10148.053280,6.612984,4.959738,4.955489,4.963986,0.008497,0.171320,AVERAGED_REPEATED_RECORDS
channels_r2_allgather_64M_ring_simple_ch2,AllGather,67108864,2,0,5102.404760,13.152401,9.864301,9.860651,9.867951,0.007300,0.074004,AVERAGED_REPEATED_RECORDS
channels_r2_allgather_64M_ring_simple_ch4,AllGather,67108864,2,0,4126.794140,16.262277,12.196708,12.126741,12.266676,0.139935,1.147318,AVERAGED_REPEATED_RECORDS
channels_r2_allgather_64M_ring_simple_ch8,AllGather,67108864,2,0,3945.646160,17.008798,12.756598,12.689903,12.823294,0.133391,1.045663,AVERAGED_REPEATED_RECORDS
channels_r2_allgather_64M_tree_ll_ch1,AllGather,67108864,2,0,99936.121360,0.671517,0.503638,0.503328,0.503948,0.000620,0.123104,AVERAGED_REPEATED_RECORDS
channels_r2_allgather_64M_tree_ll_ch2,AllGather,67108864,2,0,49986.823780,1.342531,1.006898,1.006530,1.007267,0.000737,0.073195,AVERAGED_REPEATED_RECORDS
channels_r2_allgather_64M_tree_ll_ch4,AllGather,67108864,2,0,24953.981940,2.689306,2.016979,2.015564,2.018395,0.002831,0.140358,AVERAGED_REPEATED_RECORDS
channels_r2_allgather_64M_tree_ll_ch8,AllGather,67108864,2,0,12457.449230,5.387077,4.040307,4.030854,4.049761,0.018907,0.467959,AVERAGED_REPEATED_RECORDS
channels_r2_allgather_64M_tree_simple_ch1,AllGather,67108864,2,0,10129.853150,6.625024,4.968768,4.944082,4.993454,0.049372,0.993647,AVERAGED_REPEATED_RECORDS
channels_r2_allgather_64M_tree_simple_ch2,AllGather,67108864,2,0,5085.825850,13.195524,9.896643,9.853530,9.939756,0.086226,0.871265,AVERAGED_REPEATED_RECORDS
channels_r2_allgather_64M_tree_simple_ch4,AllGather,67108864,2,0,4128.333730,16.256253,12.192190,12.119652,12.264728,0.145076,1.189909,AVERAGED_REPEATED_RECORDS
channels_r2_allgather_64M_tree_simple_ch8,AllGather,67108864,2,0,3942.971860,17.020391,12.765294,12.694582,12.836005,0.141423,1.107871,AVERAGED_REPEATED_RECORDS
channels_r2_allgather_8M_ring_ll_ch1,AllGather,8388608,2,0,12454.004730,0.673576,0.505182,0.503309,0.507056,0.003747,0.741712,AVERAGED_REPEATED_RECORDS
channels_r2_allgather_8M_ring_ll_ch2,AllGather,8388608,2,0,6235.669200,1.345276,1.008957,1.005763,1.012150,0.006387,0.633030,AVERAGED_REPEATED_RECORDS
channels_r2_allgather_8M_ring_ll_ch4,AllGather,8388608,2,0,3135.669390,2.675356,2.006517,1.992279,2.020754,0.028475,1.419126,AVERAGED_REPEATED_RECORDS
channels_r2_allgather_8M_ring_ll_ch8,AllGather,8388608,2,0,1564.194380,5.362894,4.022170,4.021775,4.022565,0.000790,0.019641,AVERAGED_REPEATED_RECORDS
channels_r2_allgather_8M_ring_simple_ch1,AllGather,8388608,2,0,1305.827650,6.425828,4.819370,4.737600,4.901141,0.163541,3.393410,AVERAGED_REPEATED_RECORDS
channels_r2_allgather_8M_ring_simple_ch2,AllGather,8388608,2,0,683.149240,12.292053,9.219041,8.922317,9.515764,0.593447,6.437188,AVERAGED_REPEATED_RECORDS
channels_r2_allgather_8M_ring_simple_ch4,AllGather,8388608,2,0,559.851420,14.983632,11.237724,11.237153,11.238296,0.001143,0.010171,AVERAGED_REPEATED_RECORDS
channels_r2_allgather_8M_ring_simple_ch8,AllGather,8388608,2,0,538.685760,15.572361,11.679271,11.674743,11.683799,0.009056,0.077539,AVERAGED_REPEATED_RECORDS
channels_r2_allgather_8M_tree_ll_ch1,AllGather,8388608,2,0,12414.230930,0.675725,0.506794,0.506754,0.506834,0.000080,0.015786,AVERAGED_REPEATED_RECORDS
channels_r2_allgather_8M_tree_ll_ch2,AllGather,8388608,2,0,6208.965020,1.351047,1.013286,1.013068,1.013504,0.000436,0.043028,AVERAGED_REPEATED_RECORDS
channels_r2_allgather_8M_tree_ll_ch4,AllGather,8388608,2,0,3132.001290,2.678486,2.008865,1.994763,2.022966,0.028203,1.403927,AVERAGED_REPEATED_RECORDS
channels_r2_allgather_8M_tree_ll_ch8,AllGather,8388608,2,0,1564.162400,5.363003,4.022253,4.021863,4.022642,0.000779,0.019367,AVERAGED_REPEATED_RECORDS
channels_r2_allgather_8M_tree_simple_ch1,AllGather,8388608,2,0,1285.701620,6.524537,4.893403,4.892350,4.894457,0.002107,0.043058,AVERAGED_REPEATED_RECORDS
channels_r2_allgather_8M_tree_simple_ch2,AllGather,8388608,2,0,659.429340,12.721018,9.540763,9.534124,9.547402,0.013278,0.139171,AVERAGED_REPEATED_RECORDS
channels_r2_allgather_8M_tree_simple_ch4,AllGather,8388608,2,0,559.056240,15.004945,11.253709,11.252044,11.255374,0.003330,0.029590,AVERAGED_REPEATED_RECORDS
channels_r2_allgather_8M_tree_simple_ch8,AllGather,8388608,2,0,538.714220,15.571537,11.678653,11.678568,11.678737,0.000169,0.001447,AVERAGED_REPEATED_RECORDS
channels_r2_allreduce_1M_ring_ll_ch1,AllReduce,1048576,2,0,1783.938700,0.587787,0.881681,0.881006,0.882356,0.001350,0.153117,AVERAGED_REPEATED_RECORDS
channels_r2_allreduce_1M_ring_ll_ch2,AllReduce,1048576,2,0,904.915970,1.158755,1.738132,1.737719,1.738546,0.000827,0.047580,AVERAGED_REPEATED_RECORDS
channels_r2_allreduce_1M_ring_ll_ch4,AllReduce,1048576,2,0,464.138840,2.259188,3.388782,3.385752,3.391812,0.006060,0.178825,AVERAGED_REPEATED_RECORDS
channels_r2_allreduce_1M_ring_ll_ch8,AllReduce,1048576,2,0,329.367100,3.198719,4.798079,4.468304,5.127854,0.659550,13.746126,RERUN_REQUIRED_HIGH_VARIATION
channels_r2_allreduce_1M_ring_simple_ch1,AllReduce,1048576,2,0,375.246000,2.794371,4.191557,4.188328,4.194785,0.006457,0.154048,AVERAGED_REPEATED_RECORDS
channels_r2_allreduce_1M_ring_simple_ch2,AllReduce,1048576,2,0,248.690440,4.216391,6.324585,6.323558,6.325613,0.002055,0.032492,AVERAGED_REPEATED_RECORDS
channels_r2_allreduce_1M_ring_simple_ch4,AllReduce,1048576,2,0,197.609290,5.306311,7.959466,7.955016,7.963917,0.008901,0.111829,AVERAGED_REPEATED_RECORDS
channels_r2_allreduce_1M_ring_simple_ch8,AllReduce,1048576,2,0,228.094610,4.654246,6.981369,6.207853,7.754884,1.547031,22.159423,RERUN_REQUIRED_HIGH_VARIATION
channels_r2_allreduce_1M_tree_ll_ch1,AllReduce,1048576,2,0,1945.899060,0.538864,0.808296,0.808056,0.808537,0.000481,0.059508,AVERAGED_REPEATED_RECORDS
channels_r2_allreduce_1M_tree_ll_ch2,AllReduce,1048576,2,0,1315.885050,0.796868,1.195302,1.191479,1.199125,0.007646,0.639671,AVERAGED_REPEATED_RECORDS
channels_r2_allreduce_1M_tree_ll_ch4,AllReduce,1048576,2,0,1176.202420,0.891493,1.337240,1.336184,1.338296,0.002112,0.157937,AVERAGED_REPEATED_RECORDS
channels_r2_allreduce_1M_tree_ll_ch8,AllReduce,1048576,2,0,1431.250160,0.732630,1.098944,1.098270,1.099619,0.001349,0.122754,AVERAGED_REPEATED_RECORDS
channels_r2_allreduce_1M_tree_simple_ch1,AllReduce,1048576,2,0,621.376990,1.687504,2.531256,2.530107,2.532405,0.002298,0.090785,AVERAGED_REPEATED_RECORDS
channels_r2_allreduce_1M_tree_simple_ch2,AllReduce,1048576,2,0,380.751060,2.753973,4.130961,4.124669,4.137252,0.012583,0.304602,AVERAGED_REPEATED_RECORDS
channels_r2_allreduce_1M_tree_simple_ch4,AllReduce,1048576,2,0,328.927010,3.187868,4.781803,4.780420,4.783186,0.002766,0.057844,AVERAGED_REPEATED_RECORDS
channels_r2_allreduce_1M_tree_simple_ch8,AllReduce,1048576,2,0,310.669300,3.375230,5.062844,5.052750,5.072938,0.020188,0.398748,AVERAGED_REPEATED_RECORDS
channels_r2_allreduce_64M_ring_ll_ch1,AllReduce,67108864,1,0,115560.564400,0.580725,0.871087,0.871087,0.871087,0.000000,0.000000,SINGLE_VALID_RECORD
channels_r2_allreduce_64M_ring_ll_ch2,AllReduce,67108864,1,0,57967.727480,1.157694,1.736540,1.736540,1.736540,0.000000,0.000000,SINGLE_VALID_RECORD
channels_r2_allreduce_64M_ring_ll_ch4,AllReduce,67108864,1,0,28911.343160,2.321195,3.481792,3.481792,3.481792,0.000000,0.000000,SINGLE_VALID_RECORD
channels_r2_allreduce_64M_ring_ll_ch8,AllReduce,67108864,1,0,17579.210760,3.817513,5.726269,5.726269,5.726269,0.000000,0.000000,SINGLE_VALID_RECORD
channels_r2_allreduce_64M_ring_simple_ch1,AllReduce,67108864,1,0,18642.456640,3.599787,5.399680,5.399680,5.399680,0.000000,0.000000,SINGLE_VALID_RECORD
channels_r2_allreduce_64M_ring_simple_ch2,AllReduce,67108864,1,0,9557.254600,7.021772,10.532658,10.532658,10.532658,0.000000,0.000000,SINGLE_VALID_RECORD
channels_r2_allreduce_64M_ring_simple_ch4,AllReduce,67108864,1,0,7903.454200,8.491080,12.736620,12.736620,12.736620,0.000000,0.000000,SINGLE_VALID_RECORD
channels_r2_allreduce_64M_ring_simple_ch8,AllReduce,67108864,1,0,7687.930820,8.729119,13.093679,13.093679,13.093679,0.000000,0.000000,SINGLE_VALID_RECORD
channels_r2_allreduce_64M_tree_ll_ch1,AllReduce,67108864,1,0,121861.337820,0.550699,0.826048,0.826048,0.826048,0.000000,0.000000,SINGLE_VALID_RECORD
channels_r2_allreduce_64M_tree_ll_ch2,AllReduce,67108864,1,0,81479.973120,0.823624,1.235436,1.235436,1.235436,0.000000,0.000000,SINGLE_VALID_RECORD
channels_r2_allreduce_64M_tree_ll_ch4,AllReduce,67108864,1,0,70941.694840,0.945972,1.418958,1.418958,1.418958,0.000000,0.000000,SINGLE_VALID_RECORD
channels_r2_allreduce_64M_tree_ll_ch8,AllReduce,67108864,1,0,89191.948260,0.752409,1.128614,1.128614,1.128614,0.000000,0.000000,SINGLE_VALID_RECORD
channels_r2_allreduce_64M_tree_simple_ch1,AllReduce,67108864,1,0,23644.388740,2.838258,4.257386,4.257386,4.257386,0.000000,0.000000,SINGLE_VALID_RECORD
channels_r2_allreduce_64M_tree_simple_ch2,AllReduce,67108864,1,0,12103.844760,5.544425,8.316638,8.316638,8.316638,0.000000,0.000000,SINGLE_VALID_RECORD
channels_r2_allreduce_64M_tree_simple_ch4,AllReduce,67108864,1,0,10473.795000,6.407311,9.610967,9.610967,9.610967,0.000000,0.000000,SINGLE_VALID_RECORD
channels_r2_allreduce_64M_tree_simple_ch8,AllReduce,67108864,1,0,10714.774020,6.263209,9.394813,9.394813,9.394813,0.000000,0.000000,SINGLE_VALID_RECORD
channels_r2_allreduce_8M_ring_ll_ch1,AllReduce,8388608,2,0,14467.038600,0.579843,0.869765,0.868792,0.870739,0.001947,0.223853,AVERAGED_REPEATED_RECORDS
channels_r2_allreduce_8M_ring_ll_ch2,AllReduce,8388608,2,0;UNKNOWN,7250.733010,1.156979,1.735469,1.724447,1.746490,0.022043,1.270147,CHECK_UNKNOWN_STATUS_IN_SOURCE_LOG
channels_r2_allreduce_8M_ring_ll_ch4,AllReduce,8388608,1,0,3650.853480,2.297711,3.446567,3.446567,3.446567,0.000000,0.000000,SINGLE_VALID_RECORD
channels_r2_allreduce_8M_ring_ll_ch8,AllReduce,8388608,1,0,2242.825340,3.740197,5.610295,5.610295,5.610295,0.000000,0.000000,SINGLE_VALID_RECORD
channels_r2_allreduce_8M_ring_simple_ch1,AllReduce,8388608,2,0,2331.027020,3.598677,5.398017,5.393106,5.402927,0.009821,0.181937,AVERAGED_REPEATED_RECORDS
channels_r2_allreduce_8M_ring_simple_ch2,AllReduce,8388608,2,0,1220.443560,6.873410,10.310115,10.307133,10.313097,0.005964,0.057846,AVERAGED_REPEATED_RECORDS
channels_r2_allreduce_8M_ring_simple_ch4,AllReduce,8388608,2,0,1033.180090,8.119211,12.178818,12.177544,12.180092,0.002548,0.020922,AVERAGED_REPEATED_RECORDS
channels_r2_allreduce_8M_ring_simple_ch8,AllReduce,8388608,2,0,1022.851380,8.201199,12.301799,12.300601,12.302997,0.002396,0.019477,AVERAGED_REPEATED_RECORDS
channels_r2_allreduce_8M_tree_ll_ch1,AllReduce,8388608,1,0,15275.018160,0.549172,0.823758,0.823758,0.823758,0.000000,0.000000,SINGLE_VALID_RECORD
channels_r2_allreduce_8M_tree_ll_ch2,AllReduce,8388608,1,0,10268.967000,0.816889,1.225334,1.225334,1.225334,0.000000,0.000000,SINGLE_VALID_RECORD
channels_r2_allreduce_8M_tree_ll_ch4,AllReduce,8388608,1,0,9025.387200,0.929446,1.394169,1.394169,1.394169,0.000000,0.000000,SINGLE_VALID_RECORD
channels_r2_allreduce_8M_tree_ll_ch8,AllReduce,8388608,1,0,11335.489820,0.740030,1.110046,1.110046,1.110046,0.000000,0.000000,SINGLE_VALID_RECORD
channels_r2_allreduce_8M_tree_simple_ch1,AllReduce,8388608,1,0,3231.112280,2.596198,3.894297,3.894297,3.894297,0.000000,0.000000,SINGLE_VALID_RECORD
channels_r2_allreduce_8M_tree_simple_ch2,AllReduce,8388608,1,0,1844.003960,4.549127,6.823690,6.823690,6.823690,0.000000,0.000000,SINGLE_VALID_RECORD
channels_r2_allreduce_8M_tree_simple_ch4,AllReduce,8388608,1,0,1528.482260,5.488195,8.232292,8.232292,8.232292,0.000000,0.000000,SINGLE_VALID_RECORD
channels_r2_allreduce_8M_tree_simple_ch8,AllReduce,8388608,1,0,1532.948880,5.472203,8.208305,8.208305,8.208305,0.000000,0.000000,SINGLE_VALID_RECORD
channels_r2_reducescatter_1M_ring_ll_ch1,ReduceScatter,1048576,1,0,988.259940,1.061033,0.795774,0.795774,0.795774,0.000000,0.000000,SINGLE_VALID_RECORD
channels_r2_reducescatter_1M_ring_ll_ch2,ReduceScatter,1048576,1,0,506.092880,2.071904,1.553928,1.553928,1.553928,0.000000,0.000000,SINGLE_VALID_RECORD
channels_r2_reducescatter_1M_ring_ll_ch4,ReduceScatter,1048576,1,0,263.004440,3.986914,2.990185,2.990185,2.990185,0.000000,0.000000,SINGLE_VALID_RECORD
channels_r2_reducescatter_1M_ring_ll_ch8,ReduceScatter,1048576,1,0,175.143180,5.986964,4.490223,4.490223,4.490223,0.000000,0.000000,SINGLE_VALID_RECORD
channels_r2_reducescatter_1M_ring_simple_ch1,ReduceScatter,1048576,1,0,217.349200,4.824384,3.618288,3.618288,3.618288,0.000000,0.000000,SINGLE_VALID_RECORD
channels_r2_reducescatter_1M_ring_simple_ch2,ReduceScatter,1048576,1,0,155.226960,6.755115,5.066336,5.066336,5.066336,0.000000,0.000000,SINGLE_VALID_RECORD
channels_r2_reducescatter_1M_ring_simple_ch4,ReduceScatter,1048576,1,0,129.952720,8.068904,6.051678,6.051678,6.051678,0.000000,0.000000,SINGLE_VALID_RECORD
channels_r2_reducescatter_1M_ring_simple_ch8,ReduceScatter,1048576,1,0,125.674720,8.343571,6.257679,6.257679,6.257679,0.000000,0.000000,SINGLE_VALID_RECORD
channels_r2_reducescatter_1M_tree_ll_ch1,ReduceScatter,1048576,1,0,984.566940,1.065012,0.798759,0.798759,0.798759,0.000000,0.000000,SINGLE_VALID_RECORD
channels_r2_reducescatter_1M_tree_ll_ch2,ReduceScatter,1048576,1,0,505.293480,2.075182,1.556387,1.556387,1.556387,0.000000,0.000000,SINGLE_VALID_RECORD
channels_r2_reducescatter_1M_tree_ll_ch4,ReduceScatter,1048576,1,0,263.833660,3.974383,2.980787,2.980787,2.980787,0.000000,0.000000,SINGLE_VALID_RECORD
channels_r2_reducescatter_1M_tree_ll_ch8,ReduceScatter,1048576,1,0,175.313580,5.981145,4.485859,4.485859,4.485859,0.000000,0.000000,SINGLE_VALID_RECORD
channels_r2_reducescatter_1M_tree_simple_ch1,ReduceScatter,1048576,1,0,217.315220,4.825138,3.618854,3.618854,3.618854,0.000000,0.000000,SINGLE_VALID_RECORD
channels_r2_reducescatter_1M_tree_simple_ch2,ReduceScatter,1048576,1,0,156.347540,6.706700,5.030025,5.030025,5.030025,0.000000,0.000000,SINGLE_VALID_RECORD
channels_r2_reducescatter_1M_tree_simple_ch4,ReduceScatter,1048576,1,0,129.070720,8.124042,6.093032,6.093032,6.093032,0.000000,0.000000,SINGLE_VALID_RECORD
channels_r2_reducescatter_1M_tree_simple_ch8,ReduceScatter,1048576,1,0,125.823720,8.333691,6.250268,6.250268,6.250268,0.000000,0.000000,SINGLE_VALID_RECORD
channels_r2_reducescatter_64M_ring_ll_ch1,ReduceScatter,67108864,1,0,63892.999700,1.050332,0.787749,0.787749,0.787749,0.000000,0.000000,SINGLE_VALID_RECORD
channels_r2_reducescatter_64M_ring_ll_ch2,ReduceScatter,67108864,1,0,31925.140040,2.102070,1.576552,1.576552,1.576552,0.000000,0.000000,SINGLE_VALID_RECORD
channels_r2_reducescatter_64M_ring_ll_ch4,ReduceScatter,67108864,1,0,15842.608320,4.235973,3.176980,3.176980,3.176980,0.000000,0.000000,SINGLE_VALID_RECORD
channels_r2_reducescatter_64M_ring_ll_ch8,ReduceScatter,67108864,1,0,9066.181060,7.402109,5.551582,5.551582,5.551582,0.000000,0.000000,SINGLE_VALID_RECORD
channels_r2_reducescatter_64M_ring_simple_ch1,ReduceScatter,67108864,1,0,9836.531780,6.822411,5.116808,5.116808,5.116808,0.000000,0.000000,SINGLE_VALID_RECORD
channels_r2_reducescatter_64M_ring_simple_ch2,ReduceScatter,67108864,1,0,5208.431580,12.884659,9.663494,9.663494,9.663494,0.000000,0.000000,SINGLE_VALID_RECORD
channels_r2_reducescatter_64M_ring_simple_ch4,ReduceScatter,67108864,1,0,4332.722720,15.488843,11.616633,11.616633,11.616633,0.000000,0.000000,SINGLE_VALID_RECORD
channels_r2_reducescatter_64M_ring_simple_ch8,ReduceScatter,67108864,1,0,4062.853720,16.517667,12.388250,12.388250,12.388250,0.000000,0.000000,SINGLE_VALID_RECORD
channels_r2_reducescatter_64M_tree_ll_ch1,ReduceScatter,67108864,1,0,63744.589000,1.052777,0.789583,0.789583,0.789583,0.000000,0.000000,SINGLE_VALID_RECORD
channels_r2_reducescatter_64M_tree_ll_ch2,ReduceScatter,67108864,1,0,31939.068860,2.101153,1.575865,1.575865,1.575865,0.000000,0.000000,SINGLE_VALID_RECORD
channels_r2_reducescatter_64M_tree_ll_ch4,ReduceScatter,67108864,1,0,15924.962800,4.214067,3.160550,3.160550,3.160550,0.000000,0.000000,SINGLE_VALID_RECORD
channels_r2_reducescatter_64M_tree_ll_ch8,ReduceScatter,67108864,1,0,9062.414440,7.405186,5.553889,5.553889,5.553889,0.000000,0.000000,SINGLE_VALID_RECORD
channels_r2_reducescatter_64M_tree_simple_ch1,ReduceScatter,67108864,1,0,9884.400840,6.789371,5.092028,5.092028,5.092028,0.000000,0.000000,SINGLE_VALID_RECORD
channels_r2_reducescatter_64M_tree_simple_ch2,ReduceScatter,67108864,1,0,5245.134000,12.794499,9.595875,9.595875,9.595875,0.000000,0.000000,SINGLE_VALID_RECORD
channels_r2_reducescatter_64M_tree_simple_ch4,ReduceScatter,67108864,1,0,4286.757300,15.654925,11.741194,11.741194,11.741194,0.000000,0.000000,SINGLE_VALID_RECORD
channels_r2_reducescatter_64M_tree_simple_ch8,ReduceScatter,67108864,1,0,4070.430280,16.486921,12.365191,12.365191,12.365191,0.000000,0.000000,SINGLE_VALID_RECORD
channels_r2_reducescatter_8M_ring_ll_ch1,ReduceScatter,8388608,1,0,7938.671380,1.056677,0.792507,0.792507,0.792507,0.000000,0.000000,SINGLE_VALID_RECORD
channels_r2_reducescatter_8M_ring_ll_ch2,ReduceScatter,8388608,1,0,3954.443780,2.121312,1.590984,1.590984,1.590984,0.000000,0.000000,SINGLE_VALID_RECORD
channels_r2_reducescatter_8M_ring_ll_ch4,ReduceScatter,8388608,1,0,1983.523280,4.229145,3.171859,3.171859,3.171859,0.000000,0.000000,SINGLE_VALID_RECORD
channels_r2_reducescatter_8M_ring_ll_ch8,ReduceScatter,8388608,1,0,1203.211760,6.971847,5.228885,5.228885,5.228885,0.000000,0.000000,SINGLE_VALID_RECORD
channels_r2_reducescatter_8M_ring_simple_ch1,ReduceScatter,8388608,1,0,1245.828980,6.733354,5.050016,5.050016,5.050016,0.000000,0.000000,SINGLE_VALID_RECORD
channels_r2_reducescatter_8M_ring_simple_ch2,ReduceScatter,8388608,1,0,728.200480,11.519641,8.639731,8.639731,8.639731,0.000000,0.000000,SINGLE_VALID_RECORD
channels_r2_reducescatter_8M_ring_simple_ch4,ReduceScatter,8388608,1,0,581.635740,14.422442,10.816832,10.816832,10.816832,0.000000,0.000000,SINGLE_VALID_RECORD
channels_r2_reducescatter_8M_ring_simple_ch8,ReduceScatter,8388608,1,0,552.250320,15.189865,11.392399,11.392399,11.392399,0.000000,0.000000,SINGLE_VALID_RECORD
channels_r2_reducescatter_8M_tree_ll_ch1,ReduceScatter,8388608,1,0,7879.517720,1.064609,0.798457,0.798457,0.798457,0.000000,0.000000,SINGLE_VALID_RECORD
channels_r2_reducescatter_8M_tree_ll_ch2,ReduceScatter,8388608,1,0,3958.456160,2.119162,1.589371,1.589371,1.589371,0.000000,0.000000,SINGLE_VALID_RECORD
channels_r2_reducescatter_8M_tree_ll_ch4,ReduceScatter,8388608,1,0,2026.381520,4.139698,3.104774,3.104774,3.104774,0.000000,0.000000,SINGLE_VALID_RECORD
channels_r2_reducescatter_8M_tree_ll_ch8,ReduceScatter,8388608,1,0,1205.813140,6.956806,5.217604,5.217604,5.217604,0.000000,0.000000,SINGLE_VALID_RECORD
channels_r2_reducescatter_8M_tree_simple_ch1,ReduceScatter,8388608,1,0,1246.752580,6.728366,5.046275,5.046275,5.046275,0.000000,0.000000,SINGLE_VALID_RECORD
channels_r2_reducescatter_8M_tree_simple_ch2,ReduceScatter,8388608,1,0,683.168240,12.278978,9.209234,9.209234,9.209234,0.000000,0.000000,SINGLE_VALID_RECORD
channels_r2_reducescatter_8M_tree_simple_ch4,ReduceScatter,8388608,1,0,624.461800,13.433341,10.075005,10.075005,10.075005,0.000000,0.000000,SINGLE_VALID_RECORD
channels_r2_reducescatter_8M_tree_simple_ch8,ReduceScatter,8388608,1,0,552.000340,15.196744,11.397558,11.397558,11.397558,0.000000,0.000000,SINGLE_VALID_RECORD
channels_r3_allgather_1M_ring_ll_ch1,AllGather,1048576,2,0,1603.003630,0.654133,0.490600,0.489812,0.491388,0.001576,0.321239,AVERAGED_REPEATED_RECORDS
channels_r3_allgather_1M_ring_ll_ch2,AllGather,1048576,2,0,792.444260,1.323217,0.992413,0.992258,0.992568,0.000310,0.031237,AVERAGED_REPEATED_RECORDS
channels_r3_allgather_1M_ring_ll_ch4,AllGather,1048576,2,0,405.567380,2.585456,1.939092,1.937732,1.940452,0.002720,0.140272,AVERAGED_REPEATED_RECORDS
channels_r3_allgather_1M_ring_ll_ch8,AllGather,1048576,2,0,212.804100,4.927425,3.695569,3.693747,3.697390,0.003643,0.098578,AVERAGED_REPEATED_RECORDS
channels_r3_allgather_1M_ring_simple_ch1,AllGather,1048576,2,0,221.539210,4.733608,3.550206,3.514883,3.585529,0.070646,1.989913,AVERAGED_REPEATED_RECORDS
channels_r3_allgather_1M_ring_simple_ch2,AllGather,1048576,2,0,147.317640,7.117792,5.338344,5.335593,5.341094,0.005501,0.103047,AVERAGED_REPEATED_RECORDS
channels_r3_allgather_1M_ring_simple_ch4,AllGather,1048576,2,0,122.169820,8.582961,6.437221,6.426646,6.447796,0.021150,0.328558,AVERAGED_REPEATED_RECORDS
channels_r3_allgather_1M_ring_simple_ch8,AllGather,1048576,2,0,120.461220,8.704678,6.528508,6.526833,6.530183,0.003350,0.051313,AVERAGED_REPEATED_RECORDS
channels_r3_allgather_1M_tree_ll_ch1,AllGather,1048576,2,0,1558.027990,0.673015,0.504762,0.504313,0.505210,0.000897,0.177708,AVERAGED_REPEATED_RECORDS
channels_r3_allgather_1M_tree_ll_ch2,AllGather,1048576,2,0,791.596360,1.324636,0.993477,0.992498,0.994456,0.001958,0.197086,AVERAGED_REPEATED_RECORDS
channels_r3_allgather_1M_tree_ll_ch4,AllGather,1048576,2,0,405.506390,2.585844,1.939383,1.938657,1.940109,0.001452,0.074869,AVERAGED_REPEATED_RECORDS
channels_r3_allgather_1M_tree_ll_ch8,AllGather,1048576,2,0,212.934400,4.924412,3.693309,3.689972,3.696647,0.006675,0.180732,AVERAGED_REPEATED_RECORDS
channels_r3_allgather_1M_tree_simple_ch1,AllGather,1048576,2,0,219.400610,4.779319,3.584489,3.573732,3.595246,0.021514,0.600197,AVERAGED_REPEATED_RECORDS
channels_r3_allgather_1M_tree_simple_ch2,AllGather,1048576,2,0,146.690440,7.148242,5.361181,5.352596,5.369766,0.017170,0.320265,AVERAGED_REPEATED_RECORDS
channels_r3_allgather_1M_tree_simple_ch4,AllGather,1048576,2,0,122.126110,8.586042,6.439532,6.427162,6.451901,0.024739,0.384174,AVERAGED_REPEATED_RECORDS
channels_r3_allgather_1M_tree_simple_ch8,AllGather,1048576,2,0,120.098210,8.730988,6.548241,6.546557,6.549925,0.003368,0.051434,AVERAGED_REPEATED_RECORDS
channels_r3_allgather_64M_ring_ll_ch1,AllGather,67108864,2,0,99790.403070,0.672498,0.504374,0.504196,0.504551,0.000355,0.070384,AVERAGED_REPEATED_RECORDS
channels_r3_allgather_64M_ring_ll_ch2,AllGather,67108864,2,0,49979.100770,1.342739,1.007054,1.006801,1.007307,0.000506,0.050246,AVERAGED_REPEATED_RECORDS
channels_r3_allgather_64M_ring_ll_ch4,AllGather,67108864,2,0,24936.615970,2.691181,2.018386,2.016093,2.020679,0.004586,0.227211,AVERAGED_REPEATED_RECORDS
channels_r3_allgather_64M_ring_ll_ch8,AllGather,67108864,2,0,12450.580870,5.390027,4.042520,4.037613,4.047427,0.009814,0.242769,AVERAGED_REPEATED_RECORDS
channels_r3_allgather_64M_ring_simple_ch1,AllGather,67108864,2,0,10166.158590,6.601223,4.950918,4.942025,4.959810,0.017785,0.359226,AVERAGED_REPEATED_RECORDS
channels_r3_allgather_64M_ring_simple_ch2,AllGather,67108864,2,0,5085.254450,13.196923,9.897693,9.862533,9.932852,0.070319,0.710459,AVERAGED_REPEATED_RECORDS
channels_r3_allgather_64M_ring_simple_ch4,AllGather,67108864,2,0,4128.042640,16.257170,12.192877,12.136686,12.249069,0.112383,0.921710,AVERAGED_REPEATED_RECORDS
channels_r3_allgather_64M_ring_simple_ch8,AllGather,67108864,2,0,3943.762760,17.017080,12.762811,12.685479,12.840142,0.154663,1.211826,AVERAGED_REPEATED_RECORDS
channels_r3_allgather_64M_tree_ll_ch1,AllGather,67108864,2,0,99828.436410,0.672242,0.504182,0.504154,0.504209,0.000055,0.010909,AVERAGED_REPEATED_RECORDS
channels_r3_allgather_64M_tree_ll_ch2,AllGather,67108864,2,0,50034.995010,1.341239,1.005930,1.005216,1.006643,0.001427,0.141859,AVERAGED_REPEATED_RECORDS
channels_r3_allgather_64M_tree_ll_ch4,AllGather,67108864,2,0,24952.588920,2.689456,2.017092,2.016137,2.018046,0.001909,0.094641,AVERAGED_REPEATED_RECORDS
channels_r3_allgather_64M_tree_ll_ch8,AllGather,67108864,2,0,12452.952090,5.389009,4.041756,4.034655,4.048858,0.014203,0.351407,AVERAGED_REPEATED_RECORDS
channels_r3_allgather_64M_tree_simple_ch1,AllGather,67108864,2,0,10136.398270,6.620761,4.965571,4.939816,4.991326,0.051510,1.037343,AVERAGED_REPEATED_RECORDS
channels_r3_allgather_64M_tree_simple_ch2,AllGather,67108864,2,0,5082.139450,13.205067,9.903800,9.863235,9.944365,0.081130,0.819181,AVERAGED_REPEATED_RECORDS
channels_r3_allgather_64M_tree_simple_ch4,AllGather,67108864,2,0,4126.886530,16.261927,12.196445,12.125571,12.267320,0.141749,1.162216,AVERAGED_REPEATED_RECORDS
channels_r3_allgather_64M_tree_simple_ch8,AllGather,67108864,2,0,3947.734760,16.999816,12.749862,12.682052,12.817671,0.135619,1.063690,AVERAGED_REPEATED_RECORDS
channels_r3_allgather_8M_ring_ll_ch1,AllGather,8388608,2,0,12495.330050,0.671345,0.503508,0.502138,0.504878,0.002740,0.544182,AVERAGED_REPEATED_RECORDS
channels_r3_allgather_8M_ring_ll_ch2,AllGather,8388608,2,0,6263.676230,1.339247,1.004436,1.003743,1.005128,0.001385,0.137888,AVERAGED_REPEATED_RECORDS
channels_r3_allgather_8M_ring_ll_ch4,AllGather,8388608,2,0,3132.689100,2.677930,2.008447,1.992725,2.024170,0.031445,1.565637,AVERAGED_REPEATED_RECORDS
channels_r3_allgather_8M_ring_ll_ch8,AllGather,8388608,2,0,1564.021100,5.363488,4.022616,4.021458,4.023774,0.002316,0.057574,AVERAGED_REPEATED_RECORDS
channels_r3_allgather_8M_ring_simple_ch1,AllGather,8388608,2,0,1307.871980,6.415919,4.811939,4.727363,4.896515,0.169152,3.515257,AVERAGED_REPEATED_RECORDS
channels_r3_allgather_8M_ring_simple_ch2,AllGather,8388608,2,0,660.474590,12.700903,9.525678,9.512516,9.538839,0.026323,0.276337,AVERAGED_REPEATED_RECORDS
channels_r3_allgather_8M_ring_simple_ch4,AllGather,8388608,2,0,559.668490,14.988536,11.241402,11.234788,11.248015,0.013227,0.117663,AVERAGED_REPEATED_RECORDS
channels_r3_allgather_8M_ring_simple_ch8,AllGather,8388608,2,0,561.683330,14.960718,11.220538,10.753193,11.687884,0.934691,8.330180,AVERAGED_REPEATED_RECORDS
channels_r3_allgather_8M_tree_ll_ch1,AllGather,8388608,2,0,12545.101760,0.668678,0.501508,0.500797,0.502219,0.001422,0.283545,AVERAGED_REPEATED_RECORDS
channels_r3_allgather_8M_tree_ll_ch2,AllGather,8388608,2,0,6238.906940,1.344578,1.008433,1.005158,1.011709,0.006551,0.649621,AVERAGED_REPEATED_RECORDS
channels_r3_allgather_8M_tree_ll_ch4,AllGather,8388608,2,0,3132.287390,2.678250,2.008688,1.994088,2.023288,0.029200,1.453685,AVERAGED_REPEATED_RECORDS
channels_r3_allgather_8M_tree_ll_ch8,AllGather,8388608,2,0,1564.982390,5.360194,4.020145,4.019837,4.020453,0.000616,0.015323,AVERAGED_REPEATED_RECORDS
channels_r3_allgather_8M_tree_simple_ch1,AllGather,8388608,2,0,1308.652760,6.412057,4.809043,4.725255,4.892830,0.167575,3.484581,AVERAGED_REPEATED_RECORDS
channels_r3_allgather_8M_tree_simple_ch2,AllGather,8388608,2,0,659.686530,12.716076,9.537057,9.523998,9.550115,0.026117,0.273848,AVERAGED_REPEATED_RECORDS
channels_r3_allgather_8M_tree_simple_ch4,AllGather,8388608,2,0,581.922050,14.434530,10.825897,10.431240,11.220554,0.789314,7.290980,AVERAGED_REPEATED_RECORDS
channels_r3_allgather_8M_tree_simple_ch8,AllGather,8388608,2,0,538.571320,15.575668,11.681751,11.680163,11.683339,0.003176,0.027188,AVERAGED_REPEATED_RECORDS
channels_r3_allreduce_1M_ring_ll_ch1,AllReduce,1048576,2,0,1786.753100,0.586865,0.880297,0.878144,0.882450,0.004306,0.489153,AVERAGED_REPEATED_RECORDS
channels_r3_allreduce_1M_ring_ll_ch2,AllReduce,1048576,2,0,904.708660,1.159021,1.738531,1.738263,1.738799,0.000536,0.030831,AVERAGED_REPEATED_RECORDS
channels_r3_allreduce_1M_ring_ll_ch4,AllReduce,1048576,2,0,464.262840,2.258583,3.387874,3.386611,3.389138,0.002527,0.074590,AVERAGED_REPEATED_RECORDS
channels_r3_allreduce_1M_ring_ll_ch8,AllReduce,1048576,2,0,306.447700,3.421713,5.132569,5.132020,5.133119,0.001099,0.021412,AVERAGED_REPEATED_RECORDS
channels_r3_allreduce_1M_ring_simple_ch1,AllReduce,1048576,2,0,375.987090,2.788868,4.183302,4.177073,4.189531,0.012458,0.297803,AVERAGED_REPEATED_RECORDS
channels_r3_allreduce_1M_ring_simple_ch2,AllReduce,1048576,2,0,249.187640,4.207978,6.311967,6.308857,6.315078,0.006221,0.098559,AVERAGED_REPEATED_RECORDS
channels_r3_allreduce_1M_ring_simple_ch4,AllReduce,1048576,2,0,198.002890,5.295827,7.943741,7.915573,7.971910,0.056337,0.709200,AVERAGED_REPEATED_RECORDS
channels_r3_allreduce_1M_ring_simple_ch8,AllReduce,1048576,2,0,203.039590,5.164392,7.746589,7.743103,7.750076,0.006973,0.090014,AVERAGED_REPEATED_RECORDS
channels_r3_allreduce_1M_tree_ll_ch1,AllReduce,1048576,2,0,1969.630790,0.532452,0.798678,0.788851,0.808506,0.019655,2.460940,AVERAGED_REPEATED_RECORDS
channels_r3_allreduce_1M_tree_ll_ch2,AllReduce,1048576,2,0,1318.359850,0.795367,1.193050,1.190796,1.195304,0.004508,0.377855,AVERAGED_REPEATED_RECORDS
channels_r3_allreduce_1M_tree_ll_ch4,AllReduce,1048576,2,0,1203.512950,0.871630,1.307445,1.280609,1.334281,0.053672,4.105106,AVERAGED_REPEATED_RECORDS
channels_r3_allreduce_1M_tree_ll_ch8,AllReduce,1048576,2,0,1435.453270,0.730488,1.095733,1.093077,1.098389,0.005312,0.484790,AVERAGED_REPEATED_RECORDS
channels_r3_allreduce_1M_tree_simple_ch1,AllReduce,1048576,2,0,620.615490,1.689574,2.534362,2.533389,2.535335,0.001946,0.076785,AVERAGED_REPEATED_RECORDS
channels_r3_allreduce_1M_tree_simple_ch2,AllReduce,1048576,2,0,381.738480,2.746845,4.120268,4.117676,4.122859,0.005183,0.125793,AVERAGED_REPEATED_RECORDS
channels_r3_allreduce_1M_tree_simple_ch4,AllReduce,1048576,2,0,328.002510,3.196868,4.795303,4.784955,4.805651,0.020696,0.431589,AVERAGED_REPEATED_RECORDS
channels_r3_allreduce_1M_tree_simple_ch8,AllReduce,1048576,2,0,309.579600,3.387118,5.080677,5.067825,5.093529,0.025704,0.505917,AVERAGED_REPEATED_RECORDS
channels_r3_allreduce_64M_ring_ll_ch1,AllReduce,67108864,1,0,115847.094680,0.579288,0.868932,0.868932,0.868932,0.000000,0.000000,SINGLE_VALID_RECORD
channels_r3_allreduce_64M_ring_ll_ch2,AllReduce,67108864,1,0,57852.157560,1.160006,1.740009,1.740009,1.740009,0.000000,0.000000,SINGLE_VALID_RECORD
channels_r3_allreduce_64M_ring_ll_ch4,AllReduce,67108864,1,0,28845.097500,2.326526,3.489789,3.489789,3.489789,0.000000,0.000000,SINGLE_VALID_RECORD
channels_r3_allreduce_64M_ring_ll_ch8,AllReduce,67108864,1,0,17566.157160,3.820350,5.730525,5.730525,5.730525,0.000000,0.000000,SINGLE_VALID_RECORD
channels_r3_allreduce_64M_ring_simple_ch1,AllReduce,67108864,1,0,18651.041340,3.598130,5.397194,5.397194,5.397194,0.000000,0.000000,SINGLE_VALID_RECORD
channels_r3_allreduce_64M_ring_simple_ch2,AllReduce,67108864,1,0,9599.897340,6.990581,10.485872,10.485872,10.485872,0.000000,0.000000,SINGLE_VALID_RECORD
channels_r3_allreduce_64M_ring_simple_ch4,AllReduce,67108864,1,0,7895.892000,8.499213,12.748819,12.748819,12.748819,0.000000,0.000000,SINGLE_VALID_RECORD
channels_r3_allreduce_64M_ring_simple_ch8,AllReduce,67108864,1,0,7750.539520,8.658605,12.987908,12.987908,12.987908,0.000000,0.000000,SINGLE_VALID_RECORD
channels_r3_allreduce_64M_tree_ll_ch1,AllReduce,67108864,1,0,122183.248120,0.549248,0.823872,0.823872,0.823872,0.000000,0.000000,SINGLE_VALID_RECORD
channels_r3_allreduce_64M_tree_ll_ch2,AllReduce,67108864,1,0,81539.444980,0.823023,1.234535,1.234535,1.234535,0.000000,0.000000,SINGLE_VALID_RECORD
channels_r3_allreduce_64M_tree_ll_ch4,AllReduce,67108864,1,0,70838.285220,0.947353,1.421030,1.421030,1.421030,0.000000,0.000000,SINGLE_VALID_RECORD
channels_r3_allreduce_64M_tree_ll_ch8,AllReduce,67108864,1,0,89188.959660,0.752435,1.128652,1.128652,1.128652,0.000000,0.000000,SINGLE_VALID_RECORD
channels_r3_allreduce_64M_tree_simple_ch1,AllReduce,67108864,1,0,23607.532300,2.842689,4.264033,4.264033,4.264033,0.000000,0.000000,SINGLE_VALID_RECORD
channels_r3_allreduce_64M_tree_simple_ch2,AllReduce,67108864,1,0,12124.676960,5.534899,8.302349,8.302349,8.302349,0.000000,0.000000,SINGLE_VALID_RECORD
channels_r3_allreduce_64M_tree_simple_ch4,AllReduce,67108864,1,0,10554.677260,6.358211,9.537316,9.537316,9.537316,0.000000,0.000000,SINGLE_VALID_RECORD
channels_r3_allreduce_64M_tree_simple_ch8,AllReduce,67108864,1,0,10667.278560,6.291095,9.436643,9.436643,9.436643,0.000000,0.000000,SINGLE_VALID_RECORD
channels_r3_allreduce_8M_ring_ll_ch1,AllReduce,8388608,2,0,14490.131120,0.578919,0.868378,0.868196,0.868560,0.000364,0.041917,AVERAGED_REPEATED_RECORDS
channels_r3_allreduce_8M_ring_ll_ch2,AllReduce,8388608,1,0,7246.488320,1.157610,1.736415,1.736415,1.736415,0.000000,0.000000,SINGLE_VALID_RECORD
channels_r3_allreduce_8M_ring_ll_ch4,AllReduce,8388608,1,0,3651.245480,2.297465,3.446197,3.446197,3.446197,0.000000,0.000000,SINGLE_VALID_RECORD
channels_r3_allreduce_8M_ring_ll_ch8,AllReduce,8388608,1,0,2239.307540,3.746072,5.619108,5.619108,5.619108,0.000000,0.000000,SINGLE_VALID_RECORD
channels_r3_allreduce_8M_ring_simple_ch1,AllReduce,8388608,2,0,2330.397730,3.599648,5.399473,5.395235,5.403712,0.008477,0.156997,AVERAGED_REPEATED_RECORDS
channels_r3_allreduce_8M_ring_simple_ch2,AllReduce,8388608,2,0,1220.439260,6.873437,10.310156,10.302272,10.318041,0.015769,0.152946,AVERAGED_REPEATED_RECORDS
channels_r3_allreduce_8M_ring_simple_ch4,AllReduce,8388608,2,0,1034.563980,8.108370,12.162554,12.144322,12.180786,0.036464,0.299805,AVERAGED_REPEATED_RECORDS
channels_r3_allreduce_8M_ring_simple_ch8,AllReduce,8388608,2,0,1023.164070,8.198694,12.298041,12.293333,12.302749,0.009416,0.076565,AVERAGED_REPEATED_RECORDS
channels_r3_allreduce_8M_tree_ll_ch1,AllReduce,8388608,1,0,15355.330460,0.546299,0.819449,0.819449,0.819449,0.000000,0.000000,SINGLE_VALID_RECORD
channels_r3_allreduce_8M_tree_ll_ch2,AllReduce,8388608,1,0,10266.795000,0.817062,1.225593,1.225593,1.225593,0.000000,0.000000,SINGLE_VALID_RECORD
channels_r3_allreduce_8M_tree_ll_ch4,AllReduce,8388608,1,0,8960.611960,0.936165,1.404247,1.404247,1.404247,0.000000,0.000000,SINGLE_VALID_RECORD
channels_r3_allreduce_8M_tree_ll_ch8,AllReduce,8388608,1,0,11308.401380,0.741803,1.112705,1.112705,1.112705,0.000000,0.000000,SINGLE_VALID_RECORD
channels_r3_allreduce_8M_tree_simple_ch1,AllReduce,8388608,1,0,3199.324260,2.621994,3.932991,3.932991,3.932991,0.000000,0.000000,SINGLE_VALID_RECORD
channels_r3_allreduce_8M_tree_simple_ch2,AllReduce,8388608,1,0,1844.776160,4.547223,6.820834,6.820834,6.820834,0.000000,0.000000,SINGLE_VALID_RECORD
channels_r3_allreduce_8M_tree_simple_ch4,AllReduce,8388608,1,0,1521.840860,5.512145,8.268218,8.268218,8.268218,0.000000,0.000000,SINGLE_VALID_RECORD
channels_r3_allreduce_8M_tree_simple_ch8,AllReduce,8388608,1,0,1533.809860,5.469132,8.203697,8.203697,8.203697,0.000000,0.000000,SINGLE_VALID_RECORD
channels_r3_reducescatter_1M_ring_ll_ch1,ReduceScatter,1048576,1,0,1030.177000,1.017860,0.763395,0.763395,0.763395,0.000000,0.000000,SINGLE_VALID_RECORD
channels_r3_reducescatter_1M_ring_ll_ch2,ReduceScatter,1048576,1,0,505.314480,2.075096,1.556322,1.556322,1.556322,0.000000,0.000000,SINGLE_VALID_RECORD
channels_r3_reducescatter_1M_ring_ll_ch4,ReduceScatter,1048576,1,0,263.569460,3.978367,2.983775,2.983775,2.983775,0.000000,0.000000,SINGLE_VALID_RECORD
channels_r3_reducescatter_1M_ring_ll_ch8,ReduceScatter,1048576,1,0,175.111360,5.988052,4.491039,4.491039,4.491039,0.000000,0.000000,SINGLE_VALID_RECORD
channels_r3_reducescatter_1M_ring_simple_ch1,ReduceScatter,1048576,1,0,217.344000,4.824499,3.618375,3.618375,3.618375,0.000000,0.000000,SINGLE_VALID_RECORD
channels_r3_reducescatter_1M_ring_simple_ch2,ReduceScatter,1048576,1,0,155.608140,6.738568,5.053926,5.053926,5.053926,0.000000,0.000000,SINGLE_VALID_RECORD
channels_r3_reducescatter_1M_ring_simple_ch4,ReduceScatter,1048576,1,0,130.213940,8.052717,6.039538,6.039538,6.039538,0.000000,0.000000,SINGLE_VALID_RECORD
channels_r3_reducescatter_1M_ring_simple_ch8,ReduceScatter,1048576,1,0,126.242320,8.306058,6.229543,6.229543,6.229543,0.000000,0.000000,SINGLE_VALID_RECORD
channels_r3_reducescatter_1M_tree_ll_ch1,ReduceScatter,1048576,1,0,982.930740,1.066785,0.800089,0.800089,0.800089,0.000000,0.000000,SINGLE_VALID_RECORD
channels_r3_reducescatter_1M_tree_ll_ch2,ReduceScatter,1048576,1,0,504.792280,2.077243,1.557932,1.557932,1.557932,0.000000,0.000000,SINGLE_VALID_RECORD
channels_r3_reducescatter_1M_tree_ll_ch4,ReduceScatter,1048576,1,0,306.715700,3.418723,2.564042,2.564042,2.564042,0.000000,0.000000,SINGLE_VALID_RECORD
channels_r3_reducescatter_1M_tree_ll_ch8,ReduceScatter,1048576,1,0,175.056160,5.989941,4.492455,4.492455,4.492455,0.000000,0.000000,SINGLE_VALID_RECORD
channels_r3_reducescatter_1M_tree_simple_ch1,ReduceScatter,1048576,1,0,217.570200,4.819484,3.614613,3.614613,3.614613,0.000000,0.000000,SINGLE_VALID_RECORD
channels_r3_reducescatter_1M_tree_simple_ch2,ReduceScatter,1048576,1,0,155.670540,6.735867,5.051900,5.051900,5.051900,0.000000,0.000000,SINGLE_VALID_RECORD
channels_r3_reducescatter_1M_tree_simple_ch4,ReduceScatter,1048576,1,0,129.426120,8.101734,6.076301,6.076301,6.076301,0.000000,0.000000,SINGLE_VALID_RECORD
channels_r3_reducescatter_1M_tree_simple_ch8,ReduceScatter,1048576,1,0,125.790120,8.335917,6.251938,6.251938,6.251938,0.000000,0.000000,SINGLE_VALID_RECORD
channels_r3_reducescatter_64M_ring_ll_ch1,ReduceScatter,67108864,1,0,63836.450320,1.051262,0.788447,0.788447,0.788447,0.000000,0.000000,SINGLE_VALID_RECORD
channels_r3_reducescatter_64M_ring_ll_ch2,ReduceScatter,67108864,1,0,31945.758680,2.100713,1.575535,1.575535,1.575535,0.000000,0.000000,SINGLE_VALID_RECORD
channels_r3_reducescatter_64M_ring_ll_ch4,ReduceScatter,67108864,1,0,15959.395420,4.204975,3.153731,3.153731,3.153731,0.000000,0.000000,SINGLE_VALID_RECORD
channels_r3_reducescatter_64M_ring_ll_ch8,ReduceScatter,67108864,1,0,8980.395180,7.472819,5.604614,5.604614,5.604614,0.000000,0.000000,SINGLE_VALID_RECORD
channels_r3_reducescatter_64M_ring_simple_ch1,ReduceScatter,67108864,1,0,9880.632420,6.791960,5.093970,5.093970,5.093970,0.000000,0.000000,SINGLE_VALID_RECORD
channels_r3_reducescatter_64M_ring_simple_ch2,ReduceScatter,67108864,1,0,5200.206760,12.905038,9.678778,9.678778,9.678778,0.000000,0.000000,SINGLE_VALID_RECORD
channels_r3_reducescatter_64M_ring_simple_ch4,ReduceScatter,67108864,1,0,4351.245960,15.422908,11.567181,11.567181,11.567181,0.000000,0.000000,SINGLE_VALID_RECORD
channels_r3_reducescatter_64M_ring_simple_ch8,ReduceScatter,67108864,1,0,4023.054220,16.681074,12.510805,12.510805,12.510805,0.000000,0.000000,SINGLE_VALID_RECORD
channels_r3_reducescatter_64M_tree_ll_ch1,ReduceScatter,67108864,1,0,63688.593340,1.053703,0.790277,0.790277,0.790277,0.000000,0.000000,SINGLE_VALID_RECORD
channels_r3_reducescatter_64M_tree_ll_ch2,ReduceScatter,67108864,1,0,31932.716240,2.101571,1.576178,1.576178,1.576178,0.000000,0.000000,SINGLE_VALID_RECORD
channels_r3_reducescatter_64M_tree_ll_ch4,ReduceScatter,67108864,1,0,15964.337420,4.203674,3.152755,3.152755,3.152755,0.000000,0.000000,SINGLE_VALID_RECORD
channels_r3_reducescatter_64M_tree_ll_ch8,ReduceScatter,67108864,1,0,9058.480640,7.408402,5.556301,5.556301,5.556301,0.000000,0.000000,SINGLE_VALID_RECORD
channels_r3_reducescatter_64M_tree_simple_ch1,ReduceScatter,67108864,1,0,9811.002560,6.840164,5.130123,5.130123,5.130123,0.000000,0.000000,SINGLE_VALID_RECORD
channels_r3_reducescatter_64M_tree_simple_ch2,ReduceScatter,67108864,1,0,5250.520200,12.781374,9.586031,9.586031,9.586031,0.000000,0.000000,SINGLE_VALID_RECORD
channels_r3_reducescatter_64M_tree_simple_ch4,ReduceScatter,67108864,1,0,4284.754480,15.662243,11.746682,11.746682,11.746682,0.000000,0.000000,SINGLE_VALID_RECORD
channels_r3_reducescatter_64M_tree_simple_ch8,ReduceScatter,67108864,1,0,4062.429480,16.519392,12.389544,12.389544,12.389544,0.000000,0.000000,SINGLE_VALID_RECORD
channels_r3_reducescatter_8M_ring_ll_ch1,ReduceScatter,8388608,1,0,7968.404000,1.052734,0.789550,0.789550,0.789550,0.000000,0.000000,SINGLE_VALID_RECORD
channels_r3_reducescatter_8M_ring_ll_ch2,ReduceScatter,8388608,1,0,3953.349980,2.121899,1.591424,1.591424,1.591424,0.000000,0.000000,SINGLE_VALID_RECORD
channels_r3_reducescatter_8M_ring_ll_ch4,ReduceScatter,8388608,1,0,1984.731300,4.226571,3.169928,3.169928,3.169928,0.000000,0.000000,SINGLE_VALID_RECORD
channels_r3_reducescatter_8M_ring_ll_ch8,ReduceScatter,8388608,1,0,1203.879740,6.967978,5.225984,5.225984,5.225984,0.000000,0.000000,SINGLE_VALID_RECORD
channels_r3_reducescatter_8M_ring_simple_ch1,ReduceScatter,8388608,1,0,1246.452400,6.729987,5.047490,5.047490,5.047490,0.000000,0.000000,SINGLE_VALID_RECORD
channels_r3_reducescatter_8M_ring_simple_ch2,ReduceScatter,8388608,1,0,682.600240,12.289196,9.216897,9.216897,9.216897,0.000000,0.000000,SINGLE_VALID_RECORD
channels_r3_reducescatter_8M_ring_simple_ch4,ReduceScatter,8388608,1,0,582.164160,14.409351,10.807014,10.807014,10.807014,0.000000,0.000000,SINGLE_VALID_RECORD
channels_r3_reducescatter_8M_ring_simple_ch8,ReduceScatter,8388608,1,0,552.047140,15.195456,11.396592,11.396592,11.396592,0.000000,0.000000,SINGLE_VALID_RECORD
channels_r3_reducescatter_8M_tree_ll_ch1,ReduceScatter,8388608,1,0,7935.300360,1.057125,0.792844,0.792844,0.792844,0.000000,0.000000,SINGLE_VALID_RECORD
channels_r3_reducescatter_8M_tree_ll_ch2,ReduceScatter,8388608,1,0,4006.266420,2.093872,1.570404,1.570404,1.570404,0.000000,0.000000,SINGLE_VALID_RECORD
channels_r3_reducescatter_8M_tree_ll_ch4,ReduceScatter,8388608,1,0,1986.665100,4.222457,3.166843,3.166843,3.166843,0.000000,0.000000,SINGLE_VALID_RECORD
channels_r3_reducescatter_8M_tree_ll_ch8,ReduceScatter,8388608,1,0,1203.295760,6.971360,5.228520,5.228520,5.228520,0.000000,0.000000,SINGLE_VALID_RECORD
channels_r3_reducescatter_8M_tree_simple_ch1,ReduceScatter,8388608,1,0,1245.751780,6.733772,5.050329,5.050329,5.050329,0.000000,0.000000,SINGLE_VALID_RECORD
channels_r3_reducescatter_8M_tree_simple_ch2,ReduceScatter,8388608,1,0,683.261640,12.277300,9.207975,9.207975,9.207975,0.000000,0.000000,SINGLE_VALID_RECORD
channels_r3_reducescatter_8M_tree_simple_ch4,ReduceScatter,8388608,1,0,626.452600,13.390651,10.042988,10.042988,10.042988,0.000000,0.000000,SINGLE_VALID_RECORD
channels_r3_reducescatter_8M_tree_simple_ch8,ReduceScatter,8388608,1,0,594.664580,14.106453,10.579840,10.579840,10.579840,0.000000,0.000000,SINGLE_VALID_RECORD
map_0123_r1_allgather_1M_default_chdefault,AllGather,1048576,1,0,122.899520,8.531978,6.398983,6.398983,6.398983,0.000000,0.000000,SINGLE_VALID_RECORD
map_0123_r1_allgather_64M_default_chdefault,AllGather,67108864,1,0,4112.824520,16.316977,12.237733,12.237733,12.237733,0.000000,0.000000,SINGLE_VALID_RECORD
map_0123_r1_allreduce_1M_default_chdefault,AllReduce,1048576,1,0,198.315400,5.287416,7.931124,7.931124,7.931124,0.000000,0.000000,SINGLE_VALID_RECORD
map_0123_r1_allreduce_64M_default_chdefault,AllReduce,67108864,1,0,7801.282840,8.602286,12.903429,12.903429,12.903429,0.000000,0.000000,SINGLE_VALID_RECORD
map_0123_r2_allgather_1M_default_chdefault,AllGather,1048576,1,0,123.032320,8.522769,6.392076,6.392076,6.392076,0.000000,0.000000,SINGLE_VALID_RECORD
map_0123_r2_allgather_64M_default_chdefault,AllGather,67108864,1,0,4105.337120,16.346736,12.260052,12.260052,12.260052,0.000000,0.000000,SINGLE_VALID_RECORD
map_0123_r2_allreduce_1M_default_chdefault,AllReduce,1048576,1,0,198.410600,5.284879,7.927318,7.927318,7.927318,0.000000,0.000000,SINGLE_VALID_RECORD
map_0123_r2_allreduce_64M_default_chdefault,AllReduce,67108864,1,0,7897.732520,8.497232,12.745848,12.745848,12.745848,0.000000,0.000000,SINGLE_VALID_RECORD
map_0123_r3_allgather_1M_default_chdefault,AllGather,1048576,1,0,123.285920,8.505237,6.378928,6.378928,6.378928,0.000000,0.000000,SINGLE_VALID_RECORD
map_0123_r3_allgather_64M_default_chdefault,AllGather,67108864,1,0,4105.174320,16.347385,12.260539,12.260539,12.260539,0.000000,0.000000,SINGLE_VALID_RECORD
map_0123_r3_allreduce_1M_default_chdefault,AllReduce,1048576,1,0,197.292580,5.314827,7.972241,7.972241,7.972241,0.000000,0.000000,SINGLE_VALID_RECORD
map_0123_r3_allreduce_64M_default_chdefault,AllReduce,67108864,1,0,7910.279540,8.483754,12.725631,12.725631,12.725631,0.000000,0.000000,SINGLE_VALID_RECORD
map_0213_r1_allgather_1M_default_chdefault,AllGather,1048576,1,0,121.856500,8.605007,6.453755,6.453755,6.453755,0.000000,0.000000,SINGLE_VALID_RECORD
map_0213_r1_allgather_64M_default_chdefault,AllGather,67108864,1,0,4193.420000,16.003373,12.002530,12.002530,12.002530,0.000000,0.000000,SINGLE_VALID_RECORD
map_0213_r1_allreduce_1M_default_chdefault,AllReduce,1048576,1,0,197.474600,5.309928,7.964893,7.964893,7.964893,0.000000,0.000000,SINGLE_VALID_RECORD
map_0213_r1_allreduce_64M_default_chdefault,AllReduce,67108864,1,0,7803.940640,8.599356,12.899034,12.899034,12.899034,0.000000,0.000000,SINGLE_VALID_RECORD
map_0213_r2_allgather_1M_default_chdefault,AllGather,1048576,1,0,122.872520,8.533853,6.400390,6.400390,6.400390,0.000000,0.000000,SINGLE_VALID_RECORD
map_0213_r2_allgather_64M_default_chdefault,AllGather,67108864,1,0,4151.277960,16.165832,12.124374,12.124374,12.124374,0.000000,0.000000,SINGLE_VALID_RECORD
map_0213_r2_allreduce_1M_default_chdefault,AllReduce,1048576,1,0,199.637200,5.252408,7.878612,7.878612,7.878612,0.000000,0.000000,SINGLE_VALID_RECORD
map_0213_r2_allreduce_64M_default_chdefault,AllReduce,67108864,1,0,7890.364720,8.505166,12.757749,12.757749,12.757749,0.000000,0.000000,SINGLE_VALID_RECORD
map_0213_r3_allgather_1M_default_chdefault,AllGather,1048576,1,0,122.536320,8.557267,6.417950,6.417950,6.417950,0.000000,0.000000,SINGLE_VALID_RECORD
map_0213_r3_allgather_64M_default_chdefault,AllGather,67108864,1,0,4104.890520,16.348515,12.261386,12.261386,12.261386,0.000000,0.000000,SINGLE_VALID_RECORD
map_0213_r3_allreduce_1M_default_chdefault,AllReduce,1048576,1,0,198.762400,5.275525,7.913287,7.913287,7.913287,0.000000,0.000000,SINGLE_VALID_RECORD
map_0213_r3_allreduce_64M_default_chdefault,AllReduce,67108864,1,0,7886.002120,8.509871,12.764807,12.764807,12.764807,0.000000,0.000000,SINGLE_VALID_RECORD
map_0321_r1_allgather_1M_default_chdefault,AllGather,1048576,1,0,122.230900,8.578649,6.433987,6.433987,6.433987,0.000000,0.000000,SINGLE_VALID_RECORD
map_0321_r1_allgather_64M_default_chdefault,AllGather,67108864,1,0,4146.685360,16.183737,12.137803,12.137803,12.137803,0.000000,0.000000,SINGLE_VALID_RECORD
map_0321_r1_allreduce_1M_default_chdefault,AllReduce,1048576,1,0,197.754580,5.302411,7.953616,7.953616,7.953616,0.000000,0.000000,SINGLE_VALID_RECORD
map_0321_r1_allreduce_64M_default_chdefault,AllReduce,67108864,1,0,7892.323340,8.503056,12.754583,12.754583,12.754583,0.000000,0.000000,SINGLE_VALID_RECORD
map_0321_r2_allgather_1M_default_chdefault,AllGather,1048576,1,0,121.831100,8.606801,6.455101,6.455101,6.455101,0.000000,0.000000,SINGLE_VALID_RECORD
map_0321_r2_allgather_64M_default_chdefault,AllGather,67108864,1,0,4176.336580,16.068835,12.051626,12.051626,12.051626,0.000000,0.000000,SINGLE_VALID_RECORD
map_0321_r2_allreduce_1M_default_chdefault,AllReduce,1048576,1,0,197.751980,5.302480,7.953721,7.953721,7.953721,0.000000,0.000000,SINGLE_VALID_RECORD
map_0321_r2_allreduce_64M_default_chdefault,AllReduce,67108864,1,0,7803.367640,8.599987,12.899981,12.899981,12.899981,0.000000,0.000000,SINGLE_VALID_RECORD
map_0321_r3_allgather_1M_default_chdefault,AllGather,1048576,1,0,122.142900,8.584830,6.438622,6.438622,6.438622,0.000000,0.000000,SINGLE_VALID_RECORD
map_0321_r3_allgather_64M_default_chdefault,AllGather,67108864,1,0,4152.573160,16.160790,12.120593,12.120593,12.120593,0.000000,0.000000,SINGLE_VALID_RECORD
map_0321_r3_allreduce_1M_default_chdefault,AllReduce,1048576,1,0,197.492980,5.309434,7.964151,7.964151,7.964151,0.000000,0.000000,SINGLE_VALID_RECORD
map_0321_r3_allreduce_64M_default_chdefault,AllReduce,67108864,1,0,7896.346140,8.498724,12.748086,12.748086,12.748086,0.000000,0.000000,SINGLE_VALID_RECORD
preflight_r1_allgather_1M_default_chdefault,AllGather,1048576,1,0,122.192320,8.581358,6.436018,6.436018,6.436018,0.000000,0.000000,SINGLE_VALID_RECORD
preflight_r1_allgather_4K_default_chdefault,AllGather,4096,1,0,43.173040,0.094874,0.071156,0.071156,0.071156,0.000000,0.000000,SINGLE_VALID_RECORD
preflight_r1_allgather_64M_default_chdefault,AllGather,67108864,1,0,4106.654920,16.341491,12.256118,12.256118,12.256118,0.000000,0.000000,SINGLE_VALID_RECORD
preflight_r1_allreduce_1M_default_chdefault,AllReduce,1048576,1,0,197.645200,5.305345,7.958018,7.958018,7.958018,0.000000,0.000000,SINGLE_VALID_RECORD
preflight_r1_allreduce_4K_default_chdefault,AllReduce,4096,1,0,49.633840,0.082524,0.123787,0.123787,0.123787,0.000000,0.000000,SINGLE_VALID_RECORD
preflight_r1_allreduce_64M_default_chdefault,AllReduce,67108864,1,0,7803.203840,8.600168,12.900252,12.900252,12.900252,0.000000,0.000000,SINGLE_VALID_RECORD
preflight_r1_reducescatter_1M_default_chdefault,ReduceScatter,1048576,1,0,130.153940,8.056429,6.042322,6.042322,6.042322,0.000000,0.000000,SINGLE_VALID_RECORD
preflight_r1_reducescatter_4K_default_chdefault,ReduceScatter,4096,1,0,41.298240,0.099181,0.074386,0.074386,0.074386,0.000000,0.000000,SINGLE_VALID_RECORD
preflight_r1_reducescatter_64M_default_chdefault,ReduceScatter,67108864,1,0,4292.156700,15.635232,11.726424,11.726424,11.726424,0.000000,0.000000,SINGLE_VALID_RECORD
reducescatter,ReduceScatter,1073741824,1,0,65891.262640,16.295663,12.221747,12.221747,12.221747,0.000000,0.000000,SINGLE_VALID_RECORD
rep_r1_allgather_1M_default_chdefault,AllGather,1048576,1,0,121.855320,8.605090,6.453818,6.453818,6.453818,0.000000,0.000000,SINGLE_VALID_RECORD
rep_r1_allgather_1M_ring_ll_chdefault,AllGather,1048576,1,0,405.656800,2.584885,1.938663,1.938663,1.938663,0.000000,0.000000,SINGLE_VALID_RECORD
rep_r1_allgather_1M_ring_simple_chdefault,AllGather,1048576,1,0,123.253900,8.507447,6.380585,6.380585,6.380585,0.000000,0.000000,SINGLE_VALID_RECORD
rep_r1_allgather_1M_tree_ll_chdefault,AllGather,1048576,1,0,405.389200,2.586591,1.939943,1.939943,1.939943,0.000000,0.000000,SINGLE_VALID_RECORD
rep_r1_allgather_1M_tree_simple_chdefault,AllGather,1048576,1,0,122.829720,8.536826,6.402620,6.402620,6.402620,0.000000,0.000000,SINGLE_VALID_RECORD
rep_r1_allgather_256M_default_chdefault,AllGather,268435456,1,0,16038.149100,16.737309,12.552982,12.552982,12.552982,0.000000,0.000000,SINGLE_VALID_RECORD
rep_r1_allgather_256M_ring_ll_chdefault,AllGather,268435456,1,0,99683.528060,2.692877,2.019658,2.019658,2.019658,0.000000,0.000000,SINGLE_VALID_RECORD
rep_r1_allgather_256M_ring_simple_chdefault,AllGather,268435456,1,0,16022.898080,16.753240,12.564930,12.564930,12.564930,0.000000,0.000000,SINGLE_VALID_RECORD
rep_r1_allgather_256M_tree_ll_chdefault,AllGather,268435456,1,0,99727.439100,2.691691,2.018768,2.018768,2.018768,0.000000,0.000000,SINGLE_VALID_RECORD
rep_r1_allgather_256M_tree_simple_chdefault,AllGather,268435456,1,0,16026.774480,16.749188,12.561891,12.561891,12.561891,0.000000,0.000000,SINGLE_VALID_RECORD
rep_r1_allgather_4K_default_chdefault,AllGather,4096,1,0,43.397140,0.094384,0.070788,0.070788,0.070788,0.000000,0.000000,SINGLE_VALID_RECORD
rep_r1_allgather_4K_ring_ll_chdefault,AllGather,4096,1,0,43.526200,0.094104,0.070578,0.070578,0.070578,0.000000,0.000000,SINGLE_VALID_RECORD
rep_r1_allgather_4K_ring_simple_chdefault,AllGather,4096,1,0,71.468780,0.057312,0.042984,0.042984,0.042984,0.000000,0.000000,SINGLE_VALID_RECORD
rep_r1_allgather_4K_tree_ll_chdefault,AllGather,4096,1,0,43.263060,0.094677,0.071007,0.071007,0.071007,0.000000,0.000000,SINGLE_VALID_RECORD
rep_r1_allgather_4K_tree_simple_chdefault,AllGather,4096,1,0,72.311000,0.056644,0.042483,0.042483,0.042483,0.000000,0.000000,SINGLE_VALID_RECORD
rep_r1_allgather_64K_default_chdefault,AllGather,65536,1,0,54.400440,1.204696,0.903522,0.903522,0.903522,0.000000,0.000000,SINGLE_VALID_RECORD
rep_r1_allgather_64K_ring_ll_chdefault,AllGather,65536,1,0,54.520640,1.202040,0.901530,0.901530,0.901530,0.000000,0.000000,SINGLE_VALID_RECORD
rep_r1_allgather_64K_ring_simple_chdefault,AllGather,65536,1,0,67.542020,0.970300,0.727725,0.727725,0.727725,0.000000,0.000000,SINGLE_VALID_RECORD
rep_r1_allgather_64K_tree_ll_chdefault,AllGather,65536,1,0,54.432240,1.203992,0.902994,0.902994,0.902994,0.000000,0.000000,SINGLE_VALID_RECORD
rep_r1_allgather_64K_tree_simple_chdefault,AllGather,65536,1,0,67.733660,0.967554,0.725666,0.725666,0.725666,0.000000,0.000000,SINGLE_VALID_RECORD
rep_r1_allgather_64M_default_chdefault,AllGather,67108864,1,0,4106.899120,16.340519,12.255389,12.255389,12.255389,0.000000,0.000000,SINGLE_VALID_RECORD
rep_r1_allgather_64M_ring_ll_chdefault,AllGather,67108864,1,0,24953.836200,2.689321,2.016990,2.016990,2.016990,0.000000,0.000000,SINGLE_VALID_RECORD
rep_r1_allgather_64M_ring_simple_chdefault,AllGather,67108864,1,0,4150.822960,16.167605,12.125703,12.125703,12.125703,0.000000,0.000000,SINGLE_VALID_RECORD
rep_r1_allgather_64M_tree_ll_chdefault,AllGather,67108864,1,0,24924.808180,2.692453,2.019339,2.019339,2.019339,0.000000,0.000000,SINGLE_VALID_RECORD
rep_r1_allgather_64M_tree_simple_chdefault,AllGather,67108864,1,0,4107.269720,16.339045,12.254284,12.254284,12.254284,0.000000,0.000000,SINGLE_VALID_RECORD
rep_r1_allgather_8M_default_chdefault,AllGather,8388608,1,0,558.901940,15.009087,11.256815,11.256815,11.256815,0.000000,0.000000,SINGLE_VALID_RECORD
rep_r1_allgather_8M_ring_ll_chdefault,AllGather,8388608,1,0,3108.953160,2.698210,2.023657,2.023657,2.023657,0.000000,0.000000,SINGLE_VALID_RECORD
rep_r1_allgather_8M_ring_simple_chdefault,AllGather,8388608,1,0,559.059340,15.004862,11.253646,11.253646,11.253646,0.000000,0.000000,SINGLE_VALID_RECORD
rep_r1_allgather_8M_tree_ll_chdefault,AllGather,8388608,1,0,3112.464360,2.695166,2.021374,2.021374,2.021374,0.000000,0.000000,SINGLE_VALID_RECORD
rep_r1_allgather_8M_tree_simple_chdefault,AllGather,8388608,1,0,559.712140,14.987361,11.240521,11.240521,11.240521,0.000000,0.000000,SINGLE_VALID_RECORD
rep_r1_allreduce_1M_default_chdefault,AllReduce,1048576,1,0,197.882600,5.298980,7.948470,7.948470,7.948470,0.000000,0.000000,SINGLE_VALID_RECORD
rep_r1_allreduce_1M_ring_ll_chdefault,AllReduce,1048576,1,0,464.133840,2.259210,3.388816,3.388816,3.388816,0.000000,0.000000,SINGLE_VALID_RECORD
rep_r1_allreduce_1M_ring_simple_chdefault,AllReduce,1048576,1,0,197.702180,5.303816,7.955724,7.955724,7.955724,0.000000,0.000000,SINGLE_VALID_RECORD
rep_r1_allreduce_1M_tree_ll_chdefault,AllReduce,1048576,1,0,1176.298920,0.891420,1.337130,1.337130,1.337130,0.000000,0.000000,SINGLE_VALID_RECORD
rep_r1_allreduce_1M_tree_simple_chdefault,AllReduce,1048576,1,0,332.481100,3.153791,4.730687,4.730687,4.730687,0.000000,0.000000,SINGLE_VALID_RECORD
rep_r1_allreduce_256M_default_chdefault,AllReduce,268435456,1,0,30856.996420,8.699338,13.049008,13.049008,13.049008,0.000000,0.000000,SINGLE_VALID_RECORD
rep_r1_allreduce_256M_ring_ll_chdefault,AllReduce,268435456,1,0,115431.364280,2.325498,3.488248,3.488248,3.488248,0.000000,0.000000,SINGLE_VALID_RECORD
rep_r1_allreduce_256M_ring_simple_chdefault,AllReduce,268435456,1,0,30918.706880,8.681976,13.022963,13.022963,13.022963,0.000000,0.000000,SINGLE_VALID_RECORD
rep_r1_allreduce_256M_tree_ll_chdefault,AllReduce,268435456,1,0,282919.748400,0.948804,1.423206,1.423206,1.423206,0.000000,0.000000,SINGLE_VALID_RECORD
rep_r1_allreduce_256M_tree_simple_chdefault,AllReduce,268435456,1,0,40759.702460,6.585805,9.878708,9.878708,9.878708,0.000000,0.000000,SINGLE_VALID_RECORD
rep_r1_allreduce_4K_default_chdefault,AllReduce,4096,1,0,50.254160,0.081506,0.122259,0.122259,0.122259,0.000000,0.000000,SINGLE_VALID_RECORD
rep_r1_allreduce_4K_ring_ll_chdefault,AllReduce,4096,1,0,49.845040,0.082175,0.123262,0.123262,0.123262,0.000000,0.000000,SINGLE_VALID_RECORD
rep_r1_allreduce_4K_ring_simple_chdefault,AllReduce,4096,1,0,94.392660,0.043393,0.065090,0.065090,0.065090,0.000000,0.000000,SINGLE_VALID_RECORD
rep_r1_allreduce_4K_tree_ll_chdefault,AllReduce,4096,1,0,47.490040,0.086250,0.129374,0.129374,0.129374,0.000000,0.000000,SINGLE_VALID_RECORD
rep_r1_allreduce_4K_tree_simple_chdefault,AllReduce,4096,1,0,95.770680,0.042769,0.064153,0.064153,0.064153,0.000000,0.000000,SINGLE_VALID_RECORD
rep_r1_allreduce_64K_default_chdefault,AllReduce,65536,1,0,111.718320,0.586618,0.879927,0.879927,0.879927,0.000000,0.000000,SINGLE_VALID_RECORD
rep_r1_allreduce_64K_ring_ll_chdefault,AllReduce,65536,1,0,64.923860,1.009429,1.514143,1.514143,1.514143,0.000000,0.000000,SINGLE_VALID_RECORD
rep_r1_allreduce_64K_ring_simple_chdefault,AllReduce,65536,1,0,101.386900,0.646395,0.969593,0.969593,0.969593,0.000000,0.000000,SINGLE_VALID_RECORD
rep_r1_allreduce_64K_tree_ll_chdefault,AllReduce,65536,1,0,112.160700,0.584304,0.876457,0.876457,0.876457,0.000000,0.000000,SINGLE_VALID_RECORD
rep_r1_allreduce_64K_tree_simple_chdefault,AllReduce,65536,1,0,112.438120,0.582863,0.874294,0.874294,0.874294,0.000000,0.000000,SINGLE_VALID_RECORD
rep_r1_allreduce_64M_default_chdefault,AllReduce,67108864,1,0,7849.792280,8.549126,12.823689,12.823689,12.823689,0.000000,0.000000,SINGLE_VALID_RECORD
rep_r1_allreduce_64M_ring_ll_chdefault,AllReduce,67108864,1,0,28956.556020,2.317571,3.476356,3.476356,3.476356,0.000000,0.000000,SINGLE_VALID_RECORD
rep_r1_allreduce_64M_ring_simple_chdefault,AllReduce,67108864,1,0,7850.203280,8.548678,12.823018,12.823018,12.823018,0.000000,0.000000,SINGLE_VALID_RECORD
rep_r1_allreduce_64M_tree_ll_chdefault,AllReduce,67108864,1,0,70935.761660,0.946051,1.419077,1.419077,1.419077,0.000000,0.000000,SINGLE_VALID_RECORD
rep_r1_allreduce_64M_tree_simple_chdefault,AllReduce,67108864,1,0,10488.520220,6.398316,9.597474,9.597474,9.597474,0.000000,0.000000,SINGLE_VALID_RECORD
rep_r1_allreduce_8M_default_chdefault,AllReduce,8388608,1,0,1033.546780,8.116331,12.174497,12.174497,12.174497,0.000000,0.000000,SINGLE_VALID_RECORD
rep_r1_allreduce_8M_ring_ll_chdefault,AllReduce,8388608,1,0,3608.899640,2.324423,3.486634,3.486634,3.486634,0.000000,0.000000,SINGLE_VALID_RECORD
rep_r1_allreduce_8M_ring_simple_chdefault,AllReduce,8388608,1,0,1034.066180,8.112254,12.168382,12.168382,12.168382,0.000000,0.000000,SINGLE_VALID_RECORD
rep_r1_allreduce_8M_tree_ll_chdefault,AllReduce,8388608,1,0,8967.476940,0.935448,1.403172,1.403172,1.403172,0.000000,0.000000,SINGLE_VALID_RECORD
rep_r1_allreduce_8M_tree_simple_chdefault,AllReduce,8388608,1,0,1568.636300,5.347707,8.021561,8.021561,8.021561,0.000000,0.000000,SINGLE_VALID_RECORD
rep_r1_reducescatter_1M_default_chdefault,ReduceScatter,1048576,1,0,130.276520,8.048849,6.036637,6.036637,6.036637,0.000000,0.000000,SINGLE_VALID_RECORD
rep_r1_reducescatter_1M_ring_ll_chdefault,ReduceScatter,1048576,1,0,262.970240,3.987432,2.990574,2.990574,2.990574,0.000000,0.000000,SINGLE_VALID_RECORD
rep_r1_reducescatter_1M_ring_simple_chdefault,ReduceScatter,1048576,1,0,130.718120,8.021658,6.016243,6.016243,6.016243,0.000000,0.000000,SINGLE_VALID_RECORD
rep_r1_reducescatter_1M_tree_ll_chdefault,ReduceScatter,1048576,1,0,267.527260,3.919511,2.939633,2.939633,2.939633,0.000000,0.000000,SINGLE_VALID_RECORD
rep_r1_reducescatter_1M_tree_simple_chdefault,ReduceScatter,1048576,1,0,130.377720,8.042601,6.031951,6.031951,6.031951,0.000000,0.000000,SINGLE_VALID_RECORD
rep_r1_reducescatter_256M_default_chdefault,ReduceScatter,268435456,1,0,16904.138860,15.879866,11.909899,11.909899,11.909899,0.000000,0.000000,SINGLE_VALID_RECORD
rep_r1_reducescatter_256M_ring_ll_chdefault,ReduceScatter,268435456,1,0,63692.876340,4.214529,3.160897,3.160897,3.160897,0.000000,0.000000,SINGLE_VALID_RECORD
rep_r1_reducescatter_256M_ring_simple_chdefault,ReduceScatter,268435456,1,0,16852.671080,15.928363,11.946272,11.946272,11.946272,0.000000,0.000000,SINGLE_VALID_RECORD
rep_r1_reducescatter_256M_tree_ll_chdefault,ReduceScatter,268435456,1,0,63610.487660,4.219987,3.164991,3.164991,3.164991,0.000000,0.000000,SINGLE_VALID_RECORD
rep_r1_reducescatter_256M_tree_simple_chdefault,ReduceScatter,268435456,1,0,16764.241980,16.012383,12.009287,12.009287,12.009287,0.000000,0.000000,SINGLE_VALID_RECORD
rep_r1_reducescatter_4K_default_chdefault,ReduceScatter,4096,1,0,41.610240,0.098437,0.073828,0.073828,0.073828,0.000000,0.000000,SINGLE_VALID_RECORD
rep_r1_reducescatter_4K_ring_ll_chdefault,ReduceScatter,4096,1,0,41.153040,0.099531,0.074648,0.074648,0.074648,0.000000,0.000000,SINGLE_VALID_RECORD
rep_r1_reducescatter_4K_ring_simple_chdefault,ReduceScatter,4096,1,0,74.345480,0.055094,0.041321,0.041321,0.041321,0.000000,0.000000,SINGLE_VALID_RECORD
rep_r1_reducescatter_4K_tree_ll_chdefault,ReduceScatter,4096,1,0,41.126440,0.099595,0.074696,0.074696,0.074696,0.000000,0.000000,SINGLE_VALID_RECORD
rep_r1_reducescatter_4K_tree_simple_chdefault,ReduceScatter,4096,1,0,73.859680,0.055457,0.041592,0.041592,0.041592,0.000000,0.000000,SINGLE_VALID_RECORD
rep_r1_reducescatter_64K_default_chdefault,ReduceScatter,65536,1,0,45.944660,1.426412,1.069809,1.069809,1.069809,0.000000,0.000000,SINGLE_VALID_RECORD
rep_r1_reducescatter_64K_ring_ll_chdefault,ReduceScatter,65536,1,0,45.676240,1.434794,1.076096,1.076096,1.076096,0.000000,0.000000,SINGLE_VALID_RECORD
rep_r1_reducescatter_64K_ring_simple_chdefault,ReduceScatter,65536,1,0,70.392460,0.931009,0.698257,0.698257,0.698257,0.000000,0.000000,SINGLE_VALID_RECORD
rep_r1_reducescatter_64K_tree_ll_chdefault,ReduceScatter,65536,1,0,45.762040,1.432104,1.074078,1.074078,1.074078,0.000000,0.000000,SINGLE_VALID_RECORD
rep_r1_reducescatter_64K_tree_simple_chdefault,ReduceScatter,65536,1,0,70.527080,0.929232,0.696924,0.696924,0.696924,0.000000,0.000000,SINGLE_VALID_RECORD
rep_r1_reducescatter_64M_default_chdefault,ReduceScatter,67108864,1,0,4288.888700,15.647145,11.735359,11.735359,11.735359,0.000000,0.000000,SINGLE_VALID_RECORD
rep_r1_reducescatter_64M_ring_ll_chdefault,ReduceScatter,67108864,1,0,15898.400600,4.221108,3.165831,3.165831,3.165831,0.000000,0.000000,SINGLE_VALID_RECORD
rep_r1_reducescatter_64M_ring_simple_chdefault,ReduceScatter,67108864,1,0,4335.681140,15.478275,11.608706,11.608706,11.608706,0.000000,0.000000,SINGLE_VALID_RECORD
rep_r1_reducescatter_64M_tree_ll_chdefault,ReduceScatter,67108864,1,0,15984.827680,4.198285,3.148714,3.148714,3.148714,0.000000,0.000000,SINGLE_VALID_RECORD
rep_r1_reducescatter_64M_tree_simple_chdefault,ReduceScatter,67108864,1,0,4335.543060,15.478768,11.609076,11.609076,11.609076,0.000000,0.000000,SINGLE_VALID_RECORD
rep_r1_reducescatter_8M_default_chdefault,ReduceScatter,8388608,1,0,581.342560,14.429716,10.822287,10.822287,10.822287,0.000000,0.000000,SINGLE_VALID_RECORD
rep_r1_reducescatter_8M_ring_ll_chdefault,ReduceScatter,8388608,1,0,1985.099700,4.225787,3.169340,3.169340,3.169340,0.000000,0.000000,SINGLE_VALID_RECORD
rep_r1_reducescatter_8M_ring_simple_chdefault,ReduceScatter,8388608,1,0,581.704760,14.420731,10.815548,10.815548,10.815548,0.000000,0.000000,SINGLE_VALID_RECORD
rep_r1_reducescatter_8M_tree_ll_chdefault,ReduceScatter,8388608,1,0,1984.576500,4.226901,3.170176,3.170176,3.170176,0.000000,0.000000,SINGLE_VALID_RECORD
rep_r1_reducescatter_8M_tree_simple_chdefault,ReduceScatter,8388608,1,0,581.629960,14.422586,10.816939,10.816939,10.816939,0.000000,0.000000,SINGLE_VALID_RECORD
rep_r2_allgather_1M_default_chdefault,AllGather,1048576,1,0,122.612120,8.551977,6.413983,6.413983,6.413983,0.000000,0.000000,SINGLE_VALID_RECORD
rep_r2_allgather_1M_ring_ll_chdefault,AllGather,1048576,1,0,405.362200,2.586763,1.940072,1.940072,1.940072,0.000000,0.000000,SINGLE_VALID_RECORD
rep_r2_allgather_1M_ring_simple_chdefault,AllGather,1048576,1,0,122.539520,8.557043,6.417783,6.417783,6.417783,0.000000,0.000000,SINGLE_VALID_RECORD
rep_r2_allgather_1M_tree_ll_chdefault,AllGather,1048576,1,0,453.896440,2.310166,1.732624,1.732624,1.732624,0.000000,0.000000,SINGLE_VALID_RECORD
rep_r2_allgather_1M_tree_simple_chdefault,AllGather,1048576,1,0,122.855920,8.535006,6.401254,6.401254,6.401254,0.000000,0.000000,SINGLE_VALID_RECORD
rep_r2_allgather_256M_default_chdefault,AllGather,268435456,1,0,16143.364200,16.628223,12.471167,12.471167,12.471167,0.000000,0.000000,SINGLE_VALID_RECORD
rep_r2_allgather_256M_ring_ll_chdefault,AllGather,268435456,1,0,99732.434700,2.691556,2.018667,2.018667,2.018667,0.000000,0.000000,SINGLE_VALID_RECORD
rep_r2_allgather_256M_ring_simple_chdefault,AllGather,268435456,1,0,16067.739120,16.706486,12.529864,12.529864,12.529864,0.000000,0.000000,SINGLE_VALID_RECORD
rep_r2_allgather_256M_tree_ll_chdefault,AllGather,268435456,1,0,99832.825160,2.688850,2.016637,2.016637,2.016637,0.000000,0.000000,SINGLE_VALID_RECORD
rep_r2_allgather_256M_tree_simple_chdefault,AllGather,268435456,1,0,16093.232360,16.680021,12.510016,12.510016,12.510016,0.000000,0.000000,SINGLE_VALID_RECORD
rep_r2_allgather_4K_default_chdefault,AllGather,4096,1,0,43.729500,0.093667,0.070250,0.070250,0.070250,0.000000,0.000000,SINGLE_VALID_RECORD
rep_r2_allgather_4K_ring_ll_chdefault,AllGather,4096,1,0,91.690100,0.044672,0.033504,0.033504,0.033504,0.000000,0.000000,SINGLE_VALID_RECORD
rep_r2_allgather_4K_ring_simple_chdefault,AllGather,4096,1,0,72.290800,0.056660,0.042495,0.042495,0.042495,0.000000,0.000000,SINGLE_VALID_RECORD
rep_r2_allgather_4K_tree_ll_chdefault,AllGather,4096,1,0,43.765320,0.093590,0.070193,0.070193,0.070193,0.000000,0.000000,SINGLE_VALID_RECORD
rep_r2_allgather_4K_tree_simple_chdefault,AllGather,4096,1,0,72.104500,0.056806,0.042605,0.042605,0.042605,0.000000,0.000000,SINGLE_VALID_RECORD
rep_r2_allgather_64K_default_chdefault,AllGather,65536,1,0,54.583740,1.200651,0.900488,0.900488,0.900488,0.000000,0.000000,SINGLE_VALID_RECORD
rep_r2_allgather_64K_ring_ll_chdefault,AllGather,65536,1,0,54.629440,1.199646,0.899735,0.899735,0.899735,0.000000,0.000000,SINGLE_VALID_RECORD
rep_r2_allgather_64K_ring_simple_chdefault,AllGather,65536,1,0,67.652020,0.968722,0.726541,0.726541,0.726541,0.000000,0.000000,SINGLE_VALID_RECORD
rep_r2_allgather_64K_tree_ll_chdefault,AllGather,65536,1,0,54.507460,1.202331,0.901748,0.901748,0.901748,0.000000,0.000000,SINGLE_VALID_RECORD
rep_r2_allgather_64K_tree_simple_chdefault,AllGather,65536,1,0,67.701060,0.968020,0.726015,0.726015,0.726015,0.000000,0.000000,SINGLE_VALID_RECORD
rep_r2_allgather_64M_default_chdefault,AllGather,67108864,1,0,4117.939740,16.296709,12.222531,12.222531,12.222531,0.000000,0.000000,SINGLE_VALID_RECORD
rep_r2_allgather_64M_ring_ll_chdefault,AllGather,67108864,1,0,24972.839620,2.687274,2.015456,2.015456,2.015456,0.000000,0.000000,SINGLE_VALID_RECORD
rep_r2_allgather_64M_ring_simple_chdefault,AllGather,67108864,1,0,4105.140520,16.347519,12.260639,12.260639,12.260639,0.000000,0.000000,SINGLE_VALID_RECORD
rep_r2_allgather_64M_tree_ll_chdefault,AllGather,67108864,1,0,24917.330560,2.693261,2.019945,2.019945,2.019945,0.000000,0.000000,SINGLE_VALID_RECORD
rep_r2_allgather_64M_tree_simple_chdefault,AllGather,67108864,1,0,4104.561520,16.349825,12.262369,12.262369,12.262369,0.000000,0.000000,SINGLE_VALID_RECORD
rep_r2_allgather_8M_default_chdefault,AllGather,8388608,1,0,558.819940,15.011290,11.258467,11.258467,11.258467,0.000000,0.000000,SINGLE_VALID_RECORD
rep_r2_allgather_8M_ring_ll_chdefault,AllGather,8388608,1,0,3112.279360,2.695326,2.021495,2.021495,2.021495,0.000000,0.000000,SINGLE_VALID_RECORD
rep_r2_allgather_8M_ring_simple_chdefault,AllGather,8388608,1,0,559.800940,14.984984,11.238738,11.238738,11.238738,0.000000,0.000000,SINGLE_VALID_RECORD
rep_r2_allgather_8M_tree_ll_chdefault,AllGather,8388608,1,0,3111.915160,2.695642,2.021731,2.021731,2.021731,0.000000,0.000000,SINGLE_VALID_RECORD
rep_r2_allgather_8M_tree_simple_chdefault,AllGather,8388608,1,0,559.305740,14.998251,11.248688,11.248688,11.248688,0.000000,0.000000,SINGLE_VALID_RECORD
rep_r2_allreduce_1M_default_chdefault,AllReduce,1048576,1,0,197.400800,5.311914,7.967870,7.967870,7.967870,0.000000,0.000000,SINGLE_VALID_RECORD
rep_r2_allreduce_1M_ring_ll_chdefault,AllReduce,1048576,1,0,463.619640,2.261716,3.392574,3.392574,3.392574,0.000000,0.000000,SINGLE_VALID_RECORD
rep_r2_allreduce_1M_ring_simple_chdefault,AllReduce,1048576,1,0,197.905800,5.298359,7.947539,7.947539,7.947539,0.000000,0.000000,SINGLE_VALID_RECORD
rep_r2_allreduce_1M_tree_ll_chdefault,AllReduce,1048576,1,0,1229.417560,0.852905,1.279357,1.279357,1.279357,0.000000,0.000000,SINGLE_VALID_RECORD
rep_r2_allreduce_1M_tree_simple_chdefault,AllReduce,1048576,1,0,366.133360,2.863918,4.295877,4.295877,4.295877,0.000000,0.000000,SINGLE_VALID_RECORD
rep_r2_allreduce_256M_default_chdefault,AllReduce,268435456,1,0,30906.335860,8.685451,13.028176,13.028176,13.028176,0.000000,0.000000,SINGLE_VALID_RECORD
rep_r2_allreduce_256M_ring_ll_chdefault,AllReduce,268435456,1,0,115734.677360,2.319404,3.479106,3.479106,3.479106,0.000000,0.000000,SINGLE_VALID_RECORD
rep_r2_allreduce_256M_ring_simple_chdefault,AllReduce,268435456,1,0,30910.555080,8.684265,13.026398,13.026398,13.026398,0.000000,0.000000,SINGLE_VALID_RECORD
rep_r2_allreduce_256M_tree_ll_chdefault,AllReduce,268435456,1,0,282934.393420,0.948755,1.423133,1.423133,1.423133,0.000000,0.000000,SINGLE_VALID_RECORD
rep_r2_allreduce_256M_tree_simple_chdefault,AllReduce,268435456,1,0,40664.499980,6.601224,9.901835,9.901835,9.901835,0.000000,0.000000,SINGLE_VALID_RECORD
rep_r2_allreduce_4K_default_chdefault,AllReduce,4096,1,0,50.193140,0.081605,0.122407,0.122407,0.122407,0.000000,0.000000,SINGLE_VALID_RECORD
rep_r2_allreduce_4K_ring_ll_chdefault,AllReduce,4096,1,0,49.719640,0.082382,0.123573,0.123573,0.123573,0.000000,0.000000,SINGLE_VALID_RECORD
rep_r2_allreduce_4K_ring_simple_chdefault,AllReduce,4096,1,0,94.220180,0.043473,0.065209,0.065209,0.065209,0.000000,0.000000,SINGLE_VALID_RECORD
rep_r2_allreduce_4K_tree_ll_chdefault,AllReduce,4096,1,0,47.672060,0.085920,0.128881,0.128881,0.128881,0.000000,0.000000,SINGLE_VALID_RECORD
rep_r2_allreduce_4K_tree_simple_chdefault,AllReduce,4096,1,0,95.813100,0.042750,0.064125,0.064125,0.064125,0.000000,0.000000,SINGLE_VALID_RECORD
rep_r2_allreduce_64K_default_chdefault,AllReduce,65536,1,0,65.024660,1.007864,1.511796,1.511796,1.511796,0.000000,0.000000,SINGLE_VALID_RECORD
rep_r2_allreduce_64K_ring_ll_chdefault,AllReduce,65536,1,0,65.008860,1.008109,1.512163,1.512163,1.512163,0.000000,0.000000,SINGLE_VALID_RECORD
rep_r2_allreduce_64K_ring_simple_chdefault,AllReduce,65536,1,0,101.208300,0.647536,0.971304,0.971304,0.971304,0.000000,0.000000,SINGLE_VALID_RECORD
rep_r2_allreduce_64K_tree_ll_chdefault,AllReduce,65536,1,0,113.021920,0.579852,0.869778,0.869778,0.869778,0.000000,0.000000,SINGLE_VALID_RECORD
rep_r2_allreduce_64K_tree_simple_chdefault,AllReduce,65536,1,0,107.967500,0.606997,0.910496,0.910496,0.910496,0.000000,0.000000,SINGLE_VALID_RECORD
rep_r2_allreduce_64M_default_chdefault,AllReduce,67108864,1,0,7882.574120,8.513572,12.770358,12.770358,12.770358,0.000000,0.000000,SINGLE_VALID_RECORD
rep_r2_allreduce_64M_ring_ll_chdefault,AllReduce,67108864,1,0,28878.343940,2.323847,3.485771,3.485771,3.485771,0.000000,0.000000,SINGLE_VALID_RECORD
rep_r2_allreduce_64M_ring_simple_chdefault,AllReduce,67108864,1,0,7839.902680,8.559910,12.839866,12.839866,12.839866,0.000000,0.000000,SINGLE_VALID_RECORD
rep_r2_allreduce_64M_tree_ll_chdefault,AllReduce,67108864,1,0,70900.592220,0.946521,1.419781,1.419781,1.419781,0.000000,0.000000,SINGLE_VALID_RECORD
rep_r2_allreduce_64M_tree_simple_chdefault,AllReduce,67108864,1,0,10557.629860,6.356433,9.534649,9.534649,9.534649,0.000000,0.000000,SINGLE_VALID_RECORD
rep_r2_allreduce_8M_default_chdefault,AllReduce,8388608,1,0,1078.242840,7.779888,11.669831,11.669831,11.669831,0.000000,0.000000,SINGLE_VALID_RECORD
rep_r2_allreduce_8M_ring_ll_chdefault,AllReduce,8388608,1,0,3652.471480,2.296694,3.445040,3.445040,3.445040,0.000000,0.000000,SINGLE_VALID_RECORD
rep_r2_allreduce_8M_ring_simple_chdefault,AllReduce,8388608,1,0,1032.981980,8.120769,12.181153,12.181153,12.181153,0.000000,0.000000,SINGLE_VALID_RECORD
rep_r2_allreduce_8M_tree_ll_chdefault,AllReduce,8388608,1,0,8979.627960,0.934182,1.401273,1.401273,1.401273,0.000000,0.000000,SINGLE_VALID_RECORD
rep_r2_allreduce_8M_tree_simple_chdefault,AllReduce,8388608,1,0,1572.678100,5.333964,8.000946,8.000946,8.000946,0.000000,0.000000,SINGLE_VALID_RECORD
rep_r2_reducescatter_1M_default_chdefault,ReduceScatter,1048576,1,0,129.907540,8.071710,6.053783,6.053783,6.053783,0.000000,0.000000,SINGLE_VALID_RECORD
rep_r2_reducescatter_1M_ring_ll_chdefault,ReduceScatter,1048576,1,0,262.790060,3.990166,2.992625,2.992625,2.992625,0.000000,0.000000,SINGLE_VALID_RECORD
rep_r2_reducescatter_1M_ring_simple_chdefault,ReduceScatter,1048576,1,0,131.161920,7.994515,5.995887,5.995887,5.995887,0.000000,0.000000,SINGLE_VALID_RECORD
rep_r2_reducescatter_1M_tree_ll_chdefault,ReduceScatter,1048576,1,0,262.957240,3.987629,2.990722,2.990722,2.990722,0.000000,0.000000,SINGLE_VALID_RECORD
rep_r2_reducescatter_1M_tree_simple_chdefault,ReduceScatter,1048576,1,0,130.107720,8.059291,6.044468,6.044468,6.044468,0.000000,0.000000,SINGLE_VALID_RECORD
rep_r2_reducescatter_256M_default_chdefault,ReduceScatter,268435456,1,0,16774.001180,16.003066,12.002300,12.002300,12.002300,0.000000,0.000000,SINGLE_VALID_RECORD
rep_r2_reducescatter_256M_ring_ll_chdefault,ReduceScatter,268435456,1,0,63786.400440,4.208349,3.156262,3.156262,3.156262,0.000000,0.000000,SINGLE_VALID_RECORD
rep_r2_reducescatter_256M_ring_simple_chdefault,ReduceScatter,268435456,1,0,16828.217040,15.951509,11.963632,11.963632,11.963632,0.000000,0.000000,SINGLE_VALID_RECORD
rep_r2_reducescatter_256M_tree_ll_chdefault,ReduceScatter,268435456,1,0,63747.403980,4.210924,3.158193,3.158193,3.158193,0.000000,0.000000,SINGLE_VALID_RECORD
rep_r2_reducescatter_256M_tree_simple_chdefault,ReduceScatter,268435456,1,0,16880.547500,15.902059,11.926544,11.926544,11.926544,0.000000,0.000000,SINGLE_VALID_RECORD
rep_r2_reducescatter_4K_default_chdefault,ReduceScatter,4096,1,0,41.328840,0.099108,0.074331,0.074331,0.074331,0.000000,0.000000,SINGLE_VALID_RECORD
rep_r2_reducescatter_4K_ring_ll_chdefault,ReduceScatter,4096,1,0,40.797040,0.100399,0.075300,0.075300,0.075300,0.000000,0.000000,SINGLE_VALID_RECORD
rep_r2_reducescatter_4K_ring_simple_chdefault,ReduceScatter,4096,1,0,74.081080,0.055291,0.041468,0.041468,0.041468,0.000000,0.000000,SINGLE_VALID_RECORD
rep_r2_reducescatter_4K_tree_ll_chdefault,ReduceScatter,4096,1,0,41.454640,0.098807,0.074105,0.074105,0.074105,0.000000,0.000000,SINGLE_VALID_RECORD
rep_r2_reducescatter_4K_tree_simple_chdefault,ReduceScatter,4096,1,0,74.632880,0.054882,0.041161,0.041161,0.041161,0.000000,0.000000,SINGLE_VALID_RECORD
rep_r2_reducescatter_64K_default_chdefault,ReduceScatter,65536,1,0,46.404260,1.412284,1.059213,1.059213,1.059213,0.000000,0.000000,SINGLE_VALID_RECORD
rep_r2_reducescatter_64K_ring_ll_chdefault,ReduceScatter,65536,1,0,45.931840,1.426810,1.070107,1.070107,1.070107,0.000000,0.000000,SINGLE_VALID_RECORD
rep_r2_reducescatter_64K_ring_simple_chdefault,ReduceScatter,65536,1,0,70.706680,0.926871,0.695154,0.695154,0.695154,0.000000,0.000000,SINGLE_VALID_RECORD
rep_r2_reducescatter_64K_tree_ll_chdefault,ReduceScatter,65536,1,0,45.872240,1.428664,1.071498,1.071498,1.071498,0.000000,0.000000,SINGLE_VALID_RECORD
rep_r2_reducescatter_64K_tree_simple_chdefault,ReduceScatter,65536,1,0,70.312280,0.932070,0.699053,0.699053,0.699053,0.000000,0.000000,SINGLE_VALID_RECORD
rep_r2_reducescatter_64M_default_chdefault,ReduceScatter,67108864,1,0,4285.456500,15.659677,11.744758,11.744758,11.744758,0.000000,0.000000,SINGLE_VALID_RECORD
rep_r2_reducescatter_64M_ring_ll_chdefault,ReduceScatter,67108864,1,0,15952.790420,4.206716,3.155037,3.155037,3.155037,0.000000,0.000000,SINGLE_VALID_RECORD
rep_r2_reducescatter_64M_ring_simple_chdefault,ReduceScatter,67108864,1,0,4330.340860,15.497363,11.623022,11.623022,11.623022,0.000000,0.000000,SINGLE_VALID_RECORD
rep_r2_reducescatter_64M_tree_ll_chdefault,ReduceScatter,67108864,1,0,15905.123760,4.219324,3.164493,3.164493,3.164493,0.000000,0.000000,SINGLE_VALID_RECORD
rep_r2_reducescatter_64M_tree_simple_chdefault,ReduceScatter,67108864,1,0,4287.211460,15.653267,11.739950,11.739950,11.739950,0.000000,0.000000,SINGLE_VALID_RECORD
rep_r2_reducescatter_8M_default_chdefault,ReduceScatter,8388608,1,0,581.834960,14.417504,10.813128,10.813128,10.813128,0.000000,0.000000,SINGLE_VALID_RECORD
rep_r2_reducescatter_8M_ring_ll_chdefault,ReduceScatter,8388608,1,0,1984.751900,4.226527,3.169895,3.169895,3.169895,0.000000,0.000000,SINGLE_VALID_RECORD
rep_r2_reducescatter_8M_ring_simple_chdefault,ReduceScatter,8388608,1,0,582.508140,14.400843,10.800632,10.800632,10.800632,0.000000,0.000000,SINGLE_VALID_RECORD
rep_r2_reducescatter_8M_tree_ll_chdefault,ReduceScatter,8388608,1,0,1984.637480,4.226771,3.170078,3.170078,3.170078,0.000000,0.000000,SINGLE_VALID_RECORD
rep_r2_reducescatter_8M_tree_simple_chdefault,ReduceScatter,8388608,1,0,585.031160,14.338737,10.754053,10.754053,10.754053,0.000000,0.000000,SINGLE_VALID_RECORD
rep_r3_allgather_1M_default_chdefault,AllGather,1048576,1,0,121.846120,8.605740,6.454305,6.454305,6.454305,0.000000,0.000000,SINGLE_VALID_RECORD
rep_r3_allgather_1M_ring_ll_chdefault,AllGather,1048576,1,0,447.054820,2.345520,1.759140,1.759140,1.759140,0.000000,0.000000,SINGLE_VALID_RECORD
rep_r3_allgather_1M_ring_simple_chdefault,AllGather,1048576,1,0,121.888120,8.602774,6.452081,6.452081,6.452081,0.000000,0.000000,SINGLE_VALID_RECORD
rep_r3_allgather_1M_tree_ll_chdefault,AllGather,1048576,1,0,409.582800,2.560108,1.920081,1.920081,1.920081,0.000000,0.000000,SINGLE_VALID_RECORD
rep_r3_allgather_1M_tree_simple_chdefault,AllGather,1048576,1,0,121.730920,8.613884,6.460413,6.460413,6.460413,0.000000,0.000000,SINGLE_VALID_RECORD
rep_r3_allgather_256M_default_chdefault,AllGather,268435456,1,0,15992.768460,16.784802,12.588602,12.588602,12.588602,0.000000,0.000000,SINGLE_VALID_RECORD
rep_r3_allgather_256M_ring_ll_chdefault,AllGather,268435456,1,0,99613.736200,2.694763,2.021073,2.021073,2.021073,0.000000,0.000000,SINGLE_VALID_RECORD
rep_r3_allgather_256M_ring_simple_chdefault,AllGather,268435456,1,0,16051.868520,16.723004,12.542253,12.542253,12.542253,0.000000,0.000000,SINGLE_VALID_RECORD
rep_r3_allgather_256M_tree_ll_chdefault,AllGather,268435456,1,0,99705.905020,2.692272,2.019204,2.019204,2.019204,0.000000,0.000000,SINGLE_VALID_RECORD
rep_r3_allgather_256M_tree_simple_chdefault,AllGather,268435456,1,0,16054.342120,16.720427,12.540320,12.540320,12.540320,0.000000,0.000000,SINGLE_VALID_RECORD
rep_r3_allgather_4K_default_chdefault,AllGather,4096,1,0,43.097780,0.095040,0.071280,0.071280,0.071280,0.000000,0.000000,SINGLE_VALID_RECORD
rep_r3_allgather_4K_ring_ll_chdefault,AllGather,4096,1,0,44.117300,0.092843,0.069633,0.069633,0.069633,0.000000,0.000000,SINGLE_VALID_RECORD
rep_r3_allgather_4K_ring_simple_chdefault,AllGather,4096,1,0,71.926820,0.056947,0.042710,0.042710,0.042710,0.000000,0.000000,SINGLE_VALID_RECORD
rep_r3_allgather_4K_tree_ll_chdefault,AllGather,4096,1,0,43.453160,0.094262,0.070697,0.070697,0.070697,0.000000,0.000000,SINGLE_VALID_RECORD
rep_r3_allgather_4K_tree_simple_chdefault,AllGather,4096,1,0,72.348420,0.056615,0.042461,0.042461,0.042461,0.000000,0.000000,SINGLE_VALID_RECORD
rep_r3_allgather_64K_default_chdefault,AllGather,65536,1,0,54.483080,1.202869,0.902152,0.902152,0.902152,0.000000,0.000000,SINGLE_VALID_RECORD
rep_r3_allgather_64K_ring_ll_chdefault,AllGather,65536,1,0,54.841060,1.195017,0.896263,0.896263,0.896263,0.000000,0.000000,SINGLE_VALID_RECORD
rep_r3_allgather_64K_ring_simple_chdefault,AllGather,65536,1,0,67.653280,0.968704,0.726528,0.726528,0.726528,0.000000,0.000000,SINGLE_VALID_RECORD
rep_r3_allgather_64K_tree_ll_chdefault,AllGather,65536,1,0,54.442240,1.203771,0.902828,0.902828,0.902828,0.000000,0.000000,SINGLE_VALID_RECORD
rep_r3_allgather_64K_tree_simple_chdefault,AllGather,65536,1,0,67.378060,0.972661,0.729496,0.729496,0.729496,0.000000,0.000000,SINGLE_VALID_RECORD
rep_r3_allgather_64M_default_chdefault,AllGather,67108864,1,0,4111.367520,16.322760,12.242070,12.242070,12.242070,0.000000,0.000000,SINGLE_VALID_RECORD
rep_r3_allgather_64M_ring_ll_chdefault,AllGather,67108864,1,0,24958.496200,2.688818,2.016614,2.016614,2.016614,0.000000,0.000000,SINGLE_VALID_RECORD
rep_r3_allgather_64M_ring_simple_chdefault,AllGather,67108864,1,0,4146.682340,16.183748,12.137811,12.137811,12.137811,0.000000,0.000000,SINGLE_VALID_RECORD
rep_r3_allgather_64M_tree_ll_chdefault,AllGather,67108864,1,0,24890.762340,2.696135,2.022102,2.022102,2.022102,0.000000,0.000000,SINGLE_VALID_RECORD
rep_r3_allgather_64M_tree_simple_chdefault,AllGather,67108864,1,0,4107.928320,16.336425,12.252319,12.252319,12.252319,0.000000,0.000000,SINGLE_VALID_RECORD
rep_r3_allgather_8M_default_chdefault,AllGather,8388608,1,0,558.798120,15.011876,11.258907,11.258907,11.258907,0.000000,0.000000,SINGLE_VALID_RECORD
rep_r3_allgather_8M_ring_ll_chdefault,AllGather,8388608,1,0,3110.162960,2.697160,2.022870,2.022870,2.022870,0.000000,0.000000,SINGLE_VALID_RECORD
rep_r3_allgather_8M_ring_simple_chdefault,AllGather,8388608,1,0,559.254140,14.999635,11.249726,11.249726,11.249726,0.000000,0.000000,SINGLE_VALID_RECORD
rep_r3_allgather_8M_tree_ll_chdefault,AllGather,8388608,1,0,3108.687580,2.698440,2.023830,2.023830,2.023830,0.000000,0.000000,SINGLE_VALID_RECORD
rep_r3_allgather_8M_tree_simple_chdefault,AllGather,8388608,1,0,559.422940,14.995109,11.246332,11.246332,11.246332,0.000000,0.000000,SINGLE_VALID_RECORD
rep_r3_allreduce_1M_default_chdefault,AllReduce,1048576,1,0,198.844580,5.273345,7.910017,7.910017,7.910017,0.000000,0.000000,SINGLE_VALID_RECORD
rep_r3_allreduce_1M_ring_ll_chdefault,AllReduce,1048576,1,0,463.523660,2.262184,3.393277,3.393277,3.393277,0.000000,0.000000,SINGLE_VALID_RECORD
rep_r3_allreduce_1M_ring_simple_chdefault,AllReduce,1048576,1,0,197.991800,5.296058,7.944087,7.944087,7.944087,0.000000,0.000000,SINGLE_VALID_RECORD
rep_r3_allreduce_1M_tree_ll_chdefault,AllReduce,1048576,1,0,1184.596520,0.885176,1.327763,1.327763,1.327763,0.000000,0.000000,SINGLE_VALID_RECORD
rep_r3_allreduce_1M_tree_simple_chdefault,AllReduce,1048576,1,0,327.250700,3.204198,4.806297,4.806297,4.806297,0.000000,0.000000,SINGLE_VALID_RECORD
rep_r3_allreduce_256M_default_chdefault,AllReduce,268435456,1,0,30955.642120,8.671616,13.007425,13.007425,13.007425,0.000000,0.000000,SINGLE_VALID_RECORD
rep_r3_allreduce_256M_ring_ll_chdefault,AllReduce,268435456,1,0,115671.164940,2.320677,3.481016,3.481016,3.481016,0.000000,0.000000,SINGLE_VALID_RECORD
rep_r3_allreduce_256M_ring_simple_chdefault,AllReduce,268435456,1,0,30859.644020,8.698592,13.047888,13.047888,13.047888,0.000000,0.000000,SINGLE_VALID_RECORD
rep_r3_allreduce_256M_tree_ll_chdefault,AllReduce,268435456,1,0,283050.707940,0.948365,1.422548,1.422548,1.422548,0.000000,0.000000,SINGLE_VALID_RECORD
rep_r3_allreduce_256M_tree_simple_chdefault,AllReduce,268435456,1,0,40692.138820,6.596740,9.895110,9.895110,9.895110,0.000000,0.000000,SINGLE_VALID_RECORD
rep_r3_allreduce_4K_default_chdefault,AllReduce,4096,1,0,50.157720,0.081662,0.122494,0.122494,0.122494,0.000000,0.000000,SINGLE_VALID_RECORD
rep_r3_allreduce_4K_ring_ll_chdefault,AllReduce,4096,1,0,49.898840,0.082086,0.123129,0.123129,0.123129,0.000000,0.000000,SINGLE_VALID_RECORD
rep_r3_allreduce_4K_ring_simple_chdefault,AllReduce,4096,1,0,94.768720,0.043221,0.064832,0.064832,0.064832,0.000000,0.000000,SINGLE_VALID_RECORD
rep_r3_allreduce_4K_tree_ll_chdefault,AllReduce,4096,1,0,47.411840,0.086392,0.129588,0.129588,0.129588,0.000000,0.000000,SINGLE_VALID_RECORD
rep_r3_allreduce_4K_tree_simple_chdefault,AllReduce,4096,1,0,95.445100,0.042915,0.064372,0.064372,0.064372,0.000000,0.000000,SINGLE_VALID_RECORD
rep_r3_allreduce_64K_default_chdefault,AllReduce,65536,1,0,64.925460,1.009404,1.514106,1.514106,1.514106,0.000000,0.000000,SINGLE_VALID_RECORD
rep_r3_allreduce_64K_ring_ll_chdefault,AllReduce,65536,1,0,64.961060,1.008851,1.513276,1.513276,1.513276,0.000000,0.000000,SINGLE_VALID_RECORD
rep_r3_allreduce_64K_ring_simple_chdefault,AllReduce,65536,1,0,101.109500,0.648169,0.972253,0.972253,0.972253,0.000000,0.000000,SINGLE_VALID_RECORD
rep_r3_allreduce_64K_tree_ll_chdefault,AllReduce,65536,1,0,112.449520,0.582804,0.874206,0.874206,0.874206,0.000000,0.000000,SINGLE_VALID_RECORD
rep_r3_allreduce_64K_tree_simple_chdefault,AllReduce,65536,1,0,107.418320,0.610101,0.915151,0.915151,0.915151,0.000000,0.000000,SINGLE_VALID_RECORD
rep_r3_allreduce_64M_default_chdefault,AllReduce,67108864,1,0,7801.460240,8.602090,12.903135,12.903135,12.903135,0.000000,0.000000,SINGLE_VALID_RECORD
rep_r3_allreduce_64M_ring_ll_chdefault,AllReduce,67108864,1,0,28962.465620,2.317098,3.475647,3.475647,3.475647,0.000000,0.000000,SINGLE_VALID_RECORD
rep_r3_allreduce_64M_ring_simple_chdefault,AllReduce,67108864,1,0,7794.065220,8.610252,12.915378,12.915378,12.915378,0.000000,0.000000,SINGLE_VALID_RECORD
rep_r3_allreduce_64M_tree_ll_chdefault,AllReduce,67108864,1,0,70824.986740,0.947531,1.421296,1.421296,1.421296,0.000000,0.000000,SINGLE_VALID_RECORD
rep_r3_allreduce_64M_tree_simple_chdefault,AllReduce,67108864,1,0,10423.160340,6.438437,9.657656,9.657656,9.657656,0.000000,0.000000,SINGLE_VALID_RECORD
rep_r3_allreduce_8M_default_chdefault,AllReduce,8388608,1,0,1033.917980,8.113417,12.170126,12.170126,12.170126,0.000000,0.000000,SINGLE_VALID_RECORD
rep_r3_allreduce_8M_ring_ll_chdefault,AllReduce,8388608,1,0,3657.187080,2.293732,3.440598,3.440598,3.440598,0.000000,0.000000,SINGLE_VALID_RECORD
rep_r3_allreduce_8M_ring_simple_chdefault,AllReduce,8388608,1,0,1032.647780,8.123397,12.185096,12.185096,12.185096,0.000000,0.000000,SINGLE_VALID_RECORD
rep_r3_allreduce_8M_tree_ll_chdefault,AllReduce,8388608,1,0,8887.542080,0.943861,1.415792,1.415792,1.415792,0.000000,0.000000,SINGLE_VALID_RECORD
rep_r3_allreduce_8M_tree_simple_chdefault,AllReduce,8388608,1,0,1523.769060,5.505170,8.257755,8.257755,8.257755,0.000000,0.000000,SINGLE_VALID_RECORD
rep_r3_reducescatter_1M_default_chdefault,ReduceScatter,1048576,1,0,130.951920,8.007336,6.005502,6.005502,6.005502,0.000000,0.000000,SINGLE_VALID_RECORD
rep_r3_reducescatter_1M_ring_ll_chdefault,ReduceScatter,1048576,1,0,263.153660,3.984653,2.988490,2.988490,2.988490,0.000000,0.000000,SINGLE_VALID_RECORD
rep_r3_reducescatter_1M_ring_simple_chdefault,ReduceScatter,1048576,1,0,130.841720,8.014080,6.010560,6.010560,6.010560,0.000000,0.000000,SINGLE_VALID_RECORD
rep_r3_reducescatter_1M_tree_ll_chdefault,ReduceScatter,1048576,1,0,263.133040,3.984965,2.988724,2.988724,2.988724,0.000000,0.000000,SINGLE_VALID_RECORD
rep_r3_reducescatter_1M_tree_simple_chdefault,ReduceScatter,1048576,1,0,129.811520,8.077681,6.058260,6.058260,6.058260,0.000000,0.000000,SINGLE_VALID_RECORD
rep_r3_reducescatter_256M_default_chdefault,ReduceScatter,268435456,1,0,16779.651220,15.997678,11.998258,11.998258,11.998258,0.000000,0.000000,SINGLE_VALID_RECORD
rep_r3_reducescatter_256M_ring_ll_chdefault,ReduceScatter,268435456,1,0,63739.551780,4.211442,3.158582,3.158582,3.158582,0.000000,0.000000,SINGLE_VALID_RECORD
rep_r3_reducescatter_256M_ring_simple_chdefault,ReduceScatter,268435456,1,0,16748.552960,16.027382,12.020536,12.020536,12.020536,0.000000,0.000000,SINGLE_VALID_RECORD
rep_r3_reducescatter_256M_tree_ll_chdefault,ReduceScatter,268435456,1,0,63732.900180,4.211882,3.158912,3.158912,3.158912,0.000000,0.000000,SINGLE_VALID_RECORD
rep_r3_reducescatter_256M_tree_simple_chdefault,ReduceScatter,268435456,1,0,16802.914220,15.975530,11.981647,11.981647,11.981647,0.000000,0.000000,SINGLE_VALID_RECORD
rep_r3_reducescatter_4K_default_chdefault,ReduceScatter,4096,1,0,41.646240,0.098352,0.073764,0.073764,0.073764,0.000000,0.000000,SINGLE_VALID_RECORD
rep_r3_reducescatter_4K_ring_ll_chdefault,ReduceScatter,4096,1,0,40.671240,0.100710,0.075532,0.075532,0.075532,0.000000,0.000000,SINGLE_VALID_RECORD
rep_r3_reducescatter_4K_ring_simple_chdefault,ReduceScatter,4096,1,0,74.638680,0.054878,0.041158,0.041158,0.041158,0.000000,0.000000,SINGLE_VALID_RECORD
rep_r3_reducescatter_4K_tree_ll_chdefault,ReduceScatter,4096,1,0,41.685840,0.098259,0.073694,0.073694,0.073694,0.000000,0.000000,SINGLE_VALID_RECORD
rep_r3_reducescatter_4K_tree_simple_chdefault,ReduceScatter,4096,1,0,74.281460,0.055142,0.041356,0.041356,0.041356,0.000000,0.000000,SINGLE_VALID_RECORD
rep_r3_reducescatter_64K_default_chdefault,ReduceScatter,65536,1,0,46.111640,1.421246,1.065935,1.065935,1.065935,0.000000,0.000000,SINGLE_VALID_RECORD
rep_r3_reducescatter_64K_ring_ll_chdefault,ReduceScatter,65536,1,0,45.790440,1.431216,1.073412,1.073412,1.073412,0.000000,0.000000,SINGLE_VALID_RECORD
rep_r3_reducescatter_64K_ring_simple_chdefault,ReduceScatter,65536,1,0,70.443480,0.930335,0.697751,0.697751,0.697751,0.000000,0.000000,SINGLE_VALID_RECORD
rep_r3_reducescatter_64K_tree_ll_chdefault,ReduceScatter,65536,1,0,45.781040,1.431510,1.073632,1.073632,1.073632,0.000000,0.000000,SINGLE_VALID_RECORD
rep_r3_reducescatter_64K_tree_simple_chdefault,ReduceScatter,65536,1,0,70.379060,0.931186,0.698390,0.698390,0.698390,0.000000,0.000000,SINGLE_VALID_RECORD
rep_r3_reducescatter_64M_default_chdefault,ReduceScatter,67108864,1,0,4341.211340,15.458557,11.593918,11.593918,11.593918,0.000000,0.000000,SINGLE_VALID_RECORD
rep_r3_reducescatter_64M_ring_ll_chdefault,ReduceScatter,67108864,1,0,15980.819280,4.199338,3.149504,3.149504,3.149504,0.000000,0.000000,SINGLE_VALID_RECORD
rep_r3_reducescatter_64M_ring_simple_chdefault,ReduceScatter,67108864,1,0,4336.733460,15.474519,11.605889,11.605889,11.605889,0.000000,0.000000,SINGLE_VALID_RECORD
rep_r3_reducescatter_64M_tree_ll_chdefault,ReduceScatter,67108864,1,0,15924.383180,4.214221,3.160665,3.160665,3.160665,0.000000,0.000000,SINGLE_VALID_RECORD
rep_r3_reducescatter_64M_tree_simple_chdefault,ReduceScatter,67108864,1,0,4291.099620,15.639083,11.729312,11.729312,11.729312,0.000000,0.000000,SINGLE_VALID_RECORD
rep_r3_reducescatter_8M_default_chdefault,ReduceScatter,8388608,1,0,581.532360,14.425006,10.818755,10.818755,10.818755,0.000000,0.000000,SINGLE_VALID_RECORD
rep_r3_reducescatter_8M_ring_ll_chdefault,ReduceScatter,8388608,1,0,1985.952480,4.223972,3.167979,3.167979,3.167979,0.000000,0.000000,SINGLE_VALID_RECORD
rep_r3_reducescatter_8M_ring_simple_chdefault,ReduceScatter,8388608,1,0,583.228160,14.383064,10.787298,10.787298,10.787298,0.000000,0.000000,SINGLE_VALID_RECORD
rep_r3_reducescatter_8M_tree_ll_chdefault,ReduceScatter,8388608,1,0,1981.584280,4.233283,3.174963,3.174963,3.174963,0.000000,0.000000,SINGLE_VALID_RECORD
rep_r3_reducescatter_8M_tree_simple_chdefault,ReduceScatter,8388608,1,0,581.993760,14.413570,10.810178,10.810178,10.810178,0.000000,0.000000,SINGLE_VALID_RECORD
